index,easting,northing,ros_time_s,latitude,longitude,altitude_m,utm_easting,utm_northing,utm_zone,fix_status,covariance,covarian_1,target_spe,n,distance,feature_x,feature_y,nearest_x,nearest_y
0,332262.3837,4128603.339,1788586205,37.28892806,127.1077088,94.9,332262.3837,4128603.339,52N,거짓,0.7569,0.7569,참,참,0,332262.3837,4128603.339,332262.3837,4128603.339
1,332261.4603,4128603.721,1788586205,37.28893133,127.1076983,94.8,332261.4603,4128603.721,52N,거짓,0.731,0.731,참,참,0,332261.4603,4128603.721,332261.4603,4128603.721
2,332260.5244,4128604.072,1788586206,37.28893433,127.1076876,94.8,332260.5244,4128604.072,52N,거짓,0.7569,0.7569,참,참,0,332260.5244,4128604.072,332260.5244,4128604.072
3,332259.592,4128604.431,1788586207,37.28893739,127.107677,94.8,332259.592,4128604.431,52N,거짓,0.731,0.731,참,참,0,332259.592,4128604.431,332259.592,4128604.431
4,332258.6612,4128604.796,1788586208,37.28894051,127.1076665,94.8,332258.6612,4128604.796,52N,거짓,0.731,0.731,참,참,0,332258.6612,4128604.796,332258.6612,4128604.796
5,332257.7196,4128605.132,1788586209,37.28894337,127.1076558,94.8,332257.7196,4128605.132,52N,거짓,0.731,0.731,참,참,0,332257.7196,4128605.132,332257.7196,4128605.132
6,332256.7938,4128605.51,1788586210,37.28894661,127.1076452,94.7,332256.7938,4128605.51,52N,거짓,0.7832,0.7832,참,참,0,332256.7938,4128605.51,332256.7938,4128605.51
7,332255.8638,4128605.877,1788586210,37.28894975,127.1076347,94.8,332255.8638,4128605.877,52N,거짓,0.7832,0.7832,참,참,0,332255.8638,4128605.877,332255.8638,4128605.877
8,332254.9417,4128606.262,1788586211,37.28895305,127.1076242,94.8,332254.9417,4128606.262,52N,거짓,0.731,0.731,참,참,0,332254.9417,4128606.262,332254.9417,4128606.262
9,332253.9947,4128606.581,1788586212,37.28895576,127.1076134,94.8,332253.9947,4128606.581,52N,거짓,0.731,0.731,참,참,0,332253.9947,4128606.581,332253.9947,4128606.581
10,332253.0718,4128606.966,1788586213,37.28895905,127.1076029,94.8,332253.0718,4128606.966,52N,거짓,0.731,0.731,참,참,0,332253.0718,4128606.966,332253.0718,4128606.966
11,332252.1333,4128607.307,1788586214,37.28896196,127.1075923,94.8,332252.1333,4128607.307,52N,거짓,0.7832,0.7832,참,참,0,332252.1333,4128607.307,332252.1333,4128607.307
12,332251.1763,4128607.595,1788586215,37.28896438,127.1075814,94.8,332251.1763,4128607.595,52N,거짓,0.7832,0.7832,참,참,0,332251.1763,4128607.595,332251.1763,4128607.595
13,332250.2084,4128607.846,1788586215,37.28896647,127.1075705,94.8,332250.2084,4128607.846,52N,거짓,0.731,0.731,참,참,0,332250.2084,4128607.846,332250.2084,4128607.846
14,332249.2404,4128608.093,1788586216,37.28896852,127.1075595,94.8,332249.2404,4128608.093,52N,거짓,0.7832,0.7832,참,참,0,332249.2404,4128608.093,332249.2404,4128608.093
15,332248.293,4128608.413,1788586217,37.28897123,127.1075487,94.8,332248.293,4128608.413,52N,거짓,0.731,0.731,참,참,0,332248.293,4128608.413,332248.293,4128608.413
16,332247.3558,4128608.761,1788586218,37.28897419,127.1075381,94.8,332247.3558,4128608.761,52N,거짓,0.731,0.731,참,참,0,332247.3558,4128608.761,332247.3558,4128608.761
17,332246.4256,4128609.127,1788586219,37.28897733,127.1075275,94.7,332246.4256,4128609.127,52N,거짓,0.731,0.731,참,참,0,332246.4256,4128609.127,332246.4256,4128609.127
18,332245.5116,4128609.531,1788586219,37.2889808,127.1075171,94.7,332245.5116,4128609.531,52N,거짓,0.731,0.731,참,참,0,332245.5116,4128609.531,332245.5116,4128609.531
19,332244.601,4128609.944,1788586220,37.28898436,127.1075068,94.8,332244.601,4128609.944,52N,거짓,0.731,0.731,참,참,0,332244.601,4128609.944,332244.601,4128609.944
20,332243.6836,4128610.341,1788586221,37.28898777,127.1074963,94.8,332243.6836,4128610.341,52N,거짓,0.731,0.731,참,참,0,332243.6836,4128610.341,332243.6836,4128610.341
21,332242.752,4128610.702,1788586222,37.28899086,127.1074857,94.8,332242.752,4128610.702,52N,거짓,0.731,0.731,참,참,0,332242.752,4128610.702,332242.752,4128610.702
22,332241.8006,4128611.009,1788586223,37.28899345,127.1074749,94.8,332241.8006,4128611.009,52N,거짓,0.7569,0.7569,참,참,0,332241.8006,4128611.009,332241.8006,4128611.009
23,332240.8584,4128611.343,1788586223,37.28899629,127.1074642,94.8,332240.8584,4128611.343,52N,거짓,0.731,0.731,참,참,0,332240.8584,4128611.343,332240.8584,4128611.343
24,332239.9138,4128611.671,1788586224,37.28899907,127.1074535,94.7,332239.9138,4128611.671,52N,거짓,0.7569,0.7569,참,참,0,332239.9138,4128611.671,332239.9138,4128611.671
25,332238.9691,4128611.998,1788586225,37.28900185,127.1074428,94.7,332238.9691,4128611.998,52N,거짓,0.731,0.731,참,참,0,332238.9691,4128611.998,332238.9691,4128611.998
26,332238.0307,4128612.343,1788586226,37.28900479,127.1074321,94.7,332238.0307,4128612.343,52N,거짓,0.6561,0.6561,참,참,0,332238.0307,4128612.343,332238.0307,4128612.343
27,332237.0892,4128612.678,1788586226,37.28900763,127.1074214,94.7,332237.0892,4128612.678,52N,거짓,0.6561,0.6561,참,참,0,332237.0892,4128612.678,332237.0892,4128612.678
28,332236.1585,4128613.043,1788586227,37.28901075,127.1074109,94.7,332236.1585,4128613.043,52N,거짓,0.6561,0.6561,참,참,0,332236.1585,4128613.043,332236.1585,4128613.043
29,332235.2199,4128613.387,1788586228,37.28901368,127.1074002,94.7,332235.2199,4128613.387,52N,거짓,0.6806,0.6806,참,참,0,332235.2199,4128613.387,332235.2199,4128613.387
30,332234.2699,4128613.697,1788586229,37.28901631,127.1073894,94.7,332234.2699,4128613.697,52N,거짓,0.6561,0.6561,참,참,0,332234.2699,4128613.697,332234.2699,4128613.697
31,332233.3325,4128614.046,1788586229,37.28901928,127.1073788,94.7,332233.3325,4128614.046,52N,거짓,0.7569,0.7569,참,참,0,332233.3325,4128614.046,332233.3325,4128614.046
32,332232.3858,4128614.367,1788586230,37.289022,127.107368,94.8,332232.3858,4128614.367,52N,거짓,0.6561,0.6561,참,참,0,332232.3858,4128614.367,332232.3858,4128614.367
33,332231.4395,4128614.689,1788586231,37.28902473,127.1073573,94.9,332231.4395,4128614.689,52N,거짓,0.6561,0.6561,참,참,0,332231.4395,4128614.689,332231.4395,4128614.689
34,332230.5014,4128615.035,1788586232,37.28902768,127.1073466,95,332230.5014,4128615.035,52N,거짓,0.6561,0.6561,참,참,0,332230.5014,4128615.035,332230.5014,4128615.035
35,332229.5714,4128615.402,1788586232,37.28903082,127.1073361,95.1,332229.5714,4128615.402,52N,거짓,0.731,0.731,참,참,0,332229.5714,4128615.402,332229.5714,4128615.402
36,332228.638,4128615.759,1788586233,37.28903387,127.1073254,95.2,332228.638,4128615.759,52N,거짓,0.731,0.731,참,참,0,332228.638,4128615.759,332228.638,4128615.759
37,332227.696,4128616.094,1788586234,37.28903671,127.1073148,95.4,332227.696,4128616.094,52N,거짓,0.7056,0.7056,참,참,0,332227.696,4128616.094,332227.696,4128616.094
38,332226.7584,4128616.441,1788586235,37.28903967,127.1073041,95.5,332226.7584,4128616.441,52N,거짓,0.7056,0.7056,참,참,0,332226.7584,4128616.441,332226.7584,4128616.441
39,332225.8128,4128616.766,1788586235,37.28904243,127.1072934,95.6,332225.8128,4128616.766,52N,거짓,0.6561,0.6561,참,참,0,332225.8128,4128616.766,332225.8128,4128616.766
40,332224.8711,4128617.102,1788586236,37.28904528,127.1072827,95.7,332224.8711,4128617.102,52N,거짓,0.6806,0.6806,참,참,0,332224.8711,4128617.102,332224.8711,4128617.102
41,332223.9315,4128617.443,1788586237,37.28904819,127.107272,95.9,332223.9315,4128617.443,52N,거짓,0.731,0.731,참,참,0,332223.9315,4128617.443,332223.9315,4128617.443
42,332222.9915,4128617.783,1788586238,37.28905109,127.1072613,96,332222.9915,4128617.783,52N,거짓,0.731,0.731,참,참,0,332222.9915,4128617.783,332222.9915,4128617.783
43,332222.0496,4128618.119,1788586239,37.28905394,127.1072506,96.1,332222.0496,4128618.119,52N,거짓,0.7569,0.7569,참,참,0,332222.0496,4128618.119,332222.0496,4128618.119
44,332221.0996,4128618.43,1788586239,37.28905657,127.1072398,96.2,332221.0996,4128618.43,52N,거짓,0.731,0.731,참,참,0,332221.0996,4128618.43,332221.0996,4128618.43
45,332220.1404,4128618.71,1788586240,37.28905892,127.107229,96.3,332220.1404,4128618.71,52N,거짓,0.731,0.731,참,참,0,332220.1404,4128618.71,332220.1404,4128618.71
46,332219.1848,4128618.998,1788586241,37.28906134,127.1072181,96.3,332219.1848,4128618.998,52N,거짓,0.6561,0.6561,참,참,0,332219.1848,4128618.998,332219.1848,4128618.998
47,332218.2415,4128619.329,1788586242,37.28906416,127.1072074,96.3,332218.2415,4128619.329,52N,거짓,0.731,0.731,참,참,0,332218.2415,4128619.329,332218.2415,4128619.329
48,332217.2973,4128619.658,1788586243,37.28906695,127.1071967,96.2,332217.2973,4128619.658,52N,거짓,0.731,0.731,참,참,0,332217.2973,4128619.658,332217.2973,4128619.658
49,332216.3556,4128619.994,1788586243,37.2890698,127.107186,96.1,332216.3556,4128619.994,52N,거짓,0.7832,0.7832,참,참,0,332216.3556,4128619.994,332216.3556,4128619.994
50,332215.4185,4128620.341,1788586244,37.28907277,127.1071754,96,332215.4185,4128620.341,52N,거짓,0.731,0.731,참,참,0,332215.4185,4128620.341,332215.4185,4128620.341
51,332214.4767,4128620.676,1788586245,37.28907561,127.1071647,95.9,332214.4767,4128620.676,52N,거짓,0.6561,0.6561,참,참,0,332214.4767,4128620.676,332214.4767,4128620.676
52,332213.5387,4128621.02,1788586246,37.28907854,127.107154,95.8,332213.5387,4128621.02,52N,거짓,0.6561,0.6561,참,참,0,332213.5387,4128621.02,332213.5387,4128621.02
53,332212.5913,4128621.34,1788586246,37.28908125,127.1071433,95.7,332212.5913,4128621.34,52N,거짓,0.6561,0.6561,참,참,0,332212.5913,4128621.34,332212.5913,4128621.34
54,332211.6507,4128621.678,1788586247,37.28908413,127.1071326,95.6,332211.6507,4128621.678,52N,거짓,0.7056,0.7056,참,참,0,332211.6507,4128621.678,332211.6507,4128621.678
55,332210.7183,4128622.038,1788586248,37.2890872,127.107122,95.5,332210.7183,4128622.038,52N,거짓,0.7056,0.7056,참,참,0,332210.7183,4128622.038,332210.7183,4128622.038
56,332209.784,4128622.393,1788586249,37.28909023,127.1071114,95.5,332209.784,4128622.393,52N,거짓,0.7056,0.7056,참,참,0,332209.784,4128622.393,332209.784,4128622.393
57,332208.8504,4128622.751,1788586249,37.28909329,127.1071008,95.4,332208.8504,4128622.751,52N,거짓,0.6561,0.6561,참,참,0,332208.8504,4128622.751,332208.8504,4128622.751
58,332207.9117,4128623.095,1788586250,37.28909622,127.1070901,95.3,332207.9117,4128623.095,52N,거짓,0.6561,0.6561,참,참,0,332207.9117,4128623.095,332207.9117,4128623.095
59,332206.9646,4128623.412,1788586251,37.28909891,127.1070793,95.2,332206.9646,4128623.412,52N,거짓,0.6561,0.6561,참,참,0,332206.9646,4128623.412,332206.9646,4128623.412
60,332206.0299,4128623.766,1788586252,37.28910192,127.1070687,95.1,332206.0299,4128623.766,52N,거짓,0.6561,0.6561,참,참,0,332206.0299,4128623.766,332206.0299,4128623.766
61,332205.1049,4128624.145,1788586252,37.28910517,127.1070582,94.9,332205.1049,4128624.145,52N,거짓,0.6561,0.6561,참,참,0,332205.1049,4128624.145,332205.1049,4128624.145
62,332204.1633,4128624.481,1788586253,37.28910803,127.1070475,94.8,332204.1633,4128624.481,52N,거짓,0.6561,0.6561,참,참,0,332204.1633,4128624.481,332204.1633,4128624.481
63,332203.2165,4128624.802,1788586254,37.28911075,127.1070368,94.8,332203.2165,4128624.802,52N,거짓,0.6561,0.6561,참,참,0,332203.2165,4128624.802,332203.2165,4128624.802
64,332202.2639,4128625.106,1788586254,37.28911331,127.107026,94.7,332202.2639,4128625.106,52N,거짓,0.6561,0.6561,참,참,0,332202.2639,4128625.106,332202.2639,4128625.106
65,332201.2937,4128625.346,1788586255,37.2891153,127.107015,94.6,332201.2937,4128625.346,52N,거짓,0.6561,0.6561,참,참,0,332201.2937,4128625.346,332201.2937,4128625.346
66,332200.3099,4128625.525,1788586256,37.28911674,127.1070038,94.6,332200.3099,4128625.525,52N,거짓,0.6561,0.6561,참,참,0,332200.3099,4128625.525,332200.3099,4128625.525
67,332199.3148,4128625.611,1788586257,37.28911733,127.1069926,94.5,332199.3148,4128625.611,52N,거짓,0.731,0.731,참,참,0,332199.3148,4128625.611,332199.3148,4128625.611
68,332198.3159,4128625.587,1788586257,37.28911694,127.1069813,94.5,332198.3159,4128625.587,52N,거짓,0.6561,0.6561,참,참,0,332198.3159,4128625.587,332198.3159,4128625.587
69,332197.3327,4128625.41,1788586258,37.28911516,127.1069703,94.5,332197.3327,4128625.41,52N,거짓,0.632,0.632,참,참,0,332197.3327,4128625.41,332197.3327,4128625.41
70,332196.378,4128625.115,1788586259,37.28911233,127.1069596,94.6,332196.378,4128625.115,52N,거짓,0.632,0.632,참,참,0,332196.378,4128625.115,332196.378,4128625.115
71,332195.4842,4128624.668,1788586259,37.28910815,127.1069496,94.6,332195.4842,4128624.668,52N,거짓,0.632,0.632,참,참,0,332195.4842,4128624.668,332195.4842,4128624.668
72,332194.6643,4128624.099,1788586260,37.28910287,127.1069405,94.6,332194.6643,4128624.099,52N,거짓,0.632,0.632,참,참,0,332194.6643,4128624.099,332194.6643,4128624.099
73,332193.9398,4128623.411,1788586261,37.28909654,127.1069325,94.6,332193.9398,4128623.411,52N,거짓,0.632,0.632,참,참,0,332193.9398,4128623.411,332193.9398,4128623.411
74,332193.2996,4128622.643,1788586262,37.28908951,127.1069254,94.6,332193.2996,4128622.643,52N,거짓,0.632,0.632,참,참,0,332193.2996,4128622.643,332193.2996,4128622.643
75,332192.7381,4128621.816,1788586262,37.28908196,127.1069193,94.6,332192.7381,4128621.816,52N,거짓,0.632,0.632,참,참,0,332192.7381,4128621.816,332192.7381,4128621.816
76,332192.2269,4128620.957,1788586263,37.28907413,127.1069137,94.6,332192.2269,4128620.957,52N,거짓,0.632,0.632,참,참,0,332192.2269,4128620.957,332192.2269,4128620.957
77,332191.7665,4128620.07,1788586264,37.28906605,127.1069087,94.6,332191.7665,4128620.07,52N,거짓,0.632,0.632,참,참,0,332191.7665,4128620.07,332191.7665,4128620.07
78,332191.319,4128619.176,1788586264,37.28905792,127.1069039,94.6,332191.319,4128619.176,52N,거짓,0.632,0.632,참,참,0,332191.319,4128619.176,332191.319,4128619.176
79,332190.8637,4128618.286,1788586265,37.28904981,127.1068989,94.6,332190.8637,4128618.286,52N,거짓,0.632,0.632,참,참,0,332190.8637,4128618.286,332190.8637,4128618.286
80,332190.4336,4128617.383,1788586266,37.28904161,127.1068943,94.6,332190.4336,4128617.383,52N,거짓,0.632,0.632,참,참,0,332190.4336,4128617.383,332190.4336,4128617.383
81,332190.0317,4128616.468,1788586266,37.28903329,127.10689,94.6,332190.0317,4128616.468,52N,거짓,0.632,0.632,참,참,0,332190.0317,4128616.468,332190.0317,4128616.468
82,332189.6586,4128615.542,1788586267,37.28902488,127.106886,94.6,332189.6586,4128615.542,52N,거짓,0.632,0.632,참,참,0,332189.6586,4128615.542,332189.6586,4128615.542
83,332189.3383,4128614.594,1788586268,37.28901629,127.1068826,94.6,332189.3383,4128614.594,52N,거짓,0.632,0.632,참,참,0,332189.3383,4128614.594,332189.3383,4128614.594
84,332189.0536,4128613.636,1788586269,37.2890076,127.1068796,94.6,332189.0536,4128613.636,52N,거짓,0.632,0.632,참,참,0,332189.0536,4128613.636,332189.0536,4128613.636
85,332188.7668,4128612.678,1788586269,37.28899892,127.1068766,94.6,332188.7668,4128612.678,52N,거짓,0.632,0.632,참,참,0,332188.7668,4128612.678,332188.7668,4128612.678
86,332188.4821,4128611.72,1788586270,37.28899024,127.1068736,94.6,332188.4821,4128611.72,52N,거짓,0.632,0.632,참,참,0,332188.4821,4128611.72,332188.4821,4128611.72
87,332188.2631,4128610.745,1788586271,37.28898142,127.1068713,94.6,332188.2631,4128610.745,52N,거짓,0.632,0.632,참,참,0,332188.2631,4128610.745,332188.2631,4128610.745
88,332188.1992,4128609.749,1788586271,37.28897242,127.1068708,94.6,332188.1992,4128609.749,52N,거짓,0.632,0.632,참,참,0,332188.1992,4128609.749,332188.1992,4128609.749
89,332188.2222,4128608.75,1788586272,37.28896344,127.1068713,94.6,332188.2222,4128608.75,52N,거짓,0.632,0.632,참,참,0,332188.2222,4128608.75,332188.2222,4128608.75
90,332188.4649,4128607.782,1788586273,37.28895475,127.1068743,94.7,332188.4649,4128607.782,52N,거짓,0.632,0.632,참,참,0,332188.4649,4128607.782,332188.4649,4128607.782
91,332188.8413,4128606.857,1788586274,37.28894649,127.1068787,94.7,332188.8413,4128606.857,52N,거짓,0.632,0.632,참,참,0,332188.8413,4128606.857,332188.8413,4128606.857
92,332189.3471,4128605.996,1788586274,37.28893882,127.1068846,94.6,332189.3471,4128605.996,52N,거짓,0.6561,0.6561,참,참,0,332189.3471,4128605.996,332189.3471,4128605.996
93,332189.9776,4128605.22,1788586275,37.28893195,127.1068919,94.6,332189.9776,4128605.22,52N,거짓,0.6561,0.6561,참,참,0,332189.9776,4128605.22,332189.9776,4128605.22
94,332190.6911,4128604.524,1788586276,37.28892581,127.1069001,94.6,332190.6911,4128604.524,52N,거짓,0.632,0.632,참,참,0,332190.6911,4128604.524,332190.6911,4128604.524
95,332191.4946,4128603.93,1788586276,37.2889206,127.1069093,94.6,332191.4946,4128603.93,52N,거짓,0.632,0.632,참,참,0,332191.4946,4128603.93,332191.4946,4128603.93
96,332192.3629,4128603.435,1788586277,37.28891629,127.1069192,94.6,332192.3629,4128603.435,52N,거짓,0.632,0.632,참,참,0,332192.3629,4128603.435,332192.3629,4128603.435
97,332193.2527,4128602.98,1788586278,37.28891236,127.1069293,94.6,332193.2527,4128602.98,52N,거짓,0.632,0.632,참,참,0,332193.2527,4128602.98,332193.2527,4128602.98
98,332194.1397,4128602.519,1788586278,37.28890837,127.1069394,94.7,332194.1397,4128602.519,52N,거짓,0.7056,0.7056,참,참,0,332194.1397,4128602.519,332194.1397,4128602.519
99,332195.0425,4128602.09,1788586279,37.28890466,127.1069497,94.6,332195.0425,4128602.09,52N,거짓,0.632,0.632,참,참,0,332195.0425,4128602.09,332195.0425,4128602.09
100,332195.9496,4128601.67,1788586280,37.28890104,127.10696,94.6,332195.9496,4128601.67,52N,거짓,0.7056,0.7056,참,참,0,332195.9496,4128601.67,332195.9496,4128601.67
101,332196.8755,4128601.293,1788586281,37.28889781,127.1069706,94.6,332196.8755,4128601.293,52N,거짓,0.7056,0.7056,참,참,0,332196.8755,4128601.293,332196.8755,4128601.293
102,332197.8382,4128601.027,1788586281,37.28889559,127.1069815,94.6,332197.8382,4128601.027,52N,거짓,0.632,0.632,참,참,0,332197.8382,4128601.027,332197.8382,4128601.027
103,332198.8315,4128600.952,1788586282,37.28889509,127.1069927,94.7,332198.8315,4128600.952,52N,거짓,0.632,0.632,참,참,0,332198.8315,4128600.952,332198.8315,4128600.952
104,332199.826,4128601.034,1788586283,37.28889601,127.1070039,94.7,332199.826,4128601.034,52N,거짓,0.632,0.632,참,참,0,332199.826,4128601.034,332199.826,4128601.034
105,332200.777,4128601.333,1788586283,37.28889888,127.1070146,94.7,332200.777,4128601.333,52N,거짓,0.632,0.632,참,참,0,332200.777,4128601.333,332200.777,4128601.333
106,332201.6071,4128601.88,1788586284,37.28890395,127.1070238,94.7,332201.6071,4128601.88,52N,거짓,0.632,0.632,참,참,0,332201.6071,4128601.88,332201.6071,4128601.88
107,332202.339,4128602.561,1788586285,37.28891022,127.1070319,94.7,332202.339,4128602.561,52N,거짓,0.6561,0.6561,참,참,0,332202.339,4128602.561,332202.339,4128602.561
108,332202.9867,4128603.321,1788586285,37.28891719,127.107039,94.7,332202.9867,4128603.321,52N,거짓,0.632,0.632,참,참,0,332202.9867,4128603.321,332202.9867,4128603.321
109,332203.5605,4128604.139,1788586286,37.28892466,127.1070453,94.7,332203.5605,4128604.139,52N,거짓,0.632,0.632,참,참,0,332203.5605,4128604.139,332203.5605,4128604.139
110,332204.1237,4128604.965,1788586284,37.2889322,127.1070515,94.7,332204.1237,4128604.965,52N,거짓,0.632,0.632,참,참,0,332204.1237,4128604.965,332204.1237,4128604.965
111,332204.6689,4128605.803,1788586285,37.28893985,127.1070574,94.7,332204.6689,4128605.803,52N,거짓,0.632,0.632,참,참,0,332204.6689,4128605.803,332204.6689,4128605.803
112,332205.1946,4128606.654,1788586286,37.28894761,127.1070632,94.7,332205.1946,4128606.654,52N,거짓,0.632,0.632,참,참,0,332205.1946,4128606.654,332205.1946,4128606.654
113,332205.8035,4128607.446,1788586287,37.28895485,127.1070699,94.7,332205.8035,4128607.446,52N,거짓,0.632,0.632,참,참,0,332205.8035,4128607.446,332205.8035,4128607.446
114,332206.4355,4128608.219,1788586287,37.28896194,127.1070768,94.7,332206.4355,4128608.219,52N,거짓,0.632,0.632,참,참,0,332206.4355,4128608.219,332206.4355,4128608.219
115,332207.157,4128608.912,1788586288,37.2889683,127.1070848,94.7,332207.157,4128608.912,52N,거짓,0.632,0.632,참,참,0,332207.157,4128608.912,332207.157,4128608.912
116,332207.9212,4128609.554,1788586289,37.28897423,127.1070933,94.7,332207.9212,4128609.554,52N,거짓,0.6561,0.6561,참,참,0,332207.9212,4128609.554,332207.9212,4128609.554
117,332208.7273,4128610.14,1788586289,37.28897965,127.1071022,94.7,332208.7273,4128610.14,52N,거짓,0.632,0.632,참,참,0,332208.7273,4128610.14,332208.7273,4128610.14
118,332209.6605,4128610.493,1788586290,37.288983,127.1071127,94.7,332209.6605,4128610.493,52N,거짓,0.632,0.632,참,참,0,332209.6605,4128610.493,332209.6605,4128610.493
119,332210.6548,4128610.578,1788586291,37.28898395,127.1071238,94.7,332210.6548,4128610.578,52N,거짓,0.632,0.632,참,참,0,332210.6548,4128610.578,332210.6548,4128610.578
120,332211.6409,4128610.427,1788586292,37.28898276,127.107135,94.7,332211.6409,4128610.427,52N,거짓,0.632,0.632,참,참,0,332211.6409,4128610.427,332211.6409,4128610.427
121,332212.6098,4128610.184,1788586293,37.28898075,127.107146,94.7,332212.6098,4128610.184,52N,거짓,0.632,0.632,참,참,0,332212.6098,4128610.184,332212.6098,4128610.184
122,332213.5483,4128609.839,1788586293,37.28897781,127.1071566,94.7,332213.5483,4128609.839,52N,거짓,0.632,0.632,참,참,0,332213.5483,4128609.839,332213.5483,4128609.839
123,332214.4763,4128609.467,1788586294,37.28897463,127.1071672,94.6,332214.4763,4128609.467,52N,거짓,0.632,0.632,참,참,0,332214.4763,4128609.467,332214.4763,4128609.467
124,332215.4071,4128609.105,1788586295,37.28897153,127.1071778,94.6,332215.4071,4128609.105,52N,거짓,0.632,0.632,참,참,0,332215.4071,4128609.105,332215.4071,4128609.105
125,332216.3215,4128608.701,1788586295,37.28896806,127.1071882,94.6,332216.3215,4128608.701,52N,거짓,0.632,0.632,참,참,0,332216.3215,4128608.701,332216.3215,4128608.701
126,332217.2414,4128608.31,1788586296,37.28896471,127.1071986,94.6,332217.2414,4128608.31,52N,거짓,0.632,0.632,참,참,0,332217.2414,4128608.31,332217.2414,4128608.31
127,332218.1795,4128607.965,1788586297,37.28896176,127.1072093,94.7,332218.1795,4128607.965,52N,거짓,0.632,0.632,참,참,0,332218.1795,4128607.965,332218.1795,4128607.965
128,332219.1237,4128607.635,1788586298,37.28895896,127.10722,94.7,332219.1237,4128607.635,52N,거짓,0.632,0.632,참,참,0,332219.1237,4128607.635,332219.1237,4128607.635
129,332220.0474,4128607.253,1788586298,37.28895569,127.1072305,94.7,332220.0474,4128607.253,52N,거짓,0.632,0.632,참,참,0,332220.0474,4128607.253,332220.0474,4128607.253
130,332220.9338,4128606.792,1788586299,37.2889517,127.1072406,94.7,332220.9338,4128606.792,52N,거짓,0.632,0.632,참,참,0,332220.9338,4128606.792,332220.9338,4128606.792
131,332221.7447,4128606.208,1788586300,37.28894658,127.1072499,94.7,332221.7447,4128606.208,52N,거짓,0.632,0.632,참,참,0,332221.7447,4128606.208,332221.7447,4128606.208
132,332222.4605,4128605.512,1788586300,37.28894044,127.1072581,94.7,332222.4605,4128605.512,52N,거짓,0.6806,0.6806,참,참,0,332222.4605,4128605.512,332222.4605,4128605.512
133,332223.0222,4128604.686,1788586301,37.2889331,127.1072646,94.7,332223.0222,4128604.686,52N,거짓,0.7569,0.7569,참,참,0,332223.0222,4128604.686,332223.0222,4128604.686
134,332223.4623,4128603.791,1788586302,37.28892511,127.1072698,94.7,332223.4623,4128603.791,52N,거짓,0.632,0.632,참,참,0,332223.4623,4128603.791,332223.4623,4128603.791
135,332223.8371,4128602.864,1788586303,37.28891683,127.1072742,94.7,332223.8371,4128602.864,52N,거짓,0.632,0.632,참,참,0,332223.8371,4128602.864,332223.8371,4128602.864
136,332224.0204,4128601.882,1788586303,37.28890802,127.1072765,94.7,332224.0204,4128601.882,52N,거짓,0.632,0.632,참,참,0,332224.0204,4128601.882,332224.0204,4128601.882
137,332223.9977,4128600.885,1788586304,37.28889903,127.1072765,94.7,332223.9977,4128600.885,52N,거짓,0.632,0.632,참,참,0,332223.9977,4128600.885,332223.9977,4128600.885
138,332223.8447,4128599.899,1788586305,37.28889012,127.107275,94.7,332223.8447,4128599.899,52N,거짓,0.632,0.632,참,참,0,332223.8447,4128599.899,332223.8447,4128599.899
139,332223.529,4128598.951,1788586306,37.28888152,127.1072716,94.7,332223.529,4128598.951,52N,거짓,0.632,0.632,참,참,0,332223.529,4128598.951,332223.529,4128598.951
140,332223.1772,4128598.015,1788586306,37.28887302,127.1072679,94.7,332223.1772,4128598.015,52N,거짓,0.632,0.632,참,참,0,332223.1772,4128598.015,332223.1772,4128598.015
141,332222.8125,4128597.084,1788586307,37.28886457,127.107264,94.7,332222.8125,4128597.084,52N,거짓,0.632,0.632,참,참,0,332222.8125,4128597.084,332222.8125,4128597.084
142,332222.3836,4128596.181,1788586308,37.28885636,127.1072593,94.7,332222.3836,4128596.181,52N,거짓,0.632,0.632,참,참,0,332222.3836,4128596.181,332222.3836,4128596.181
143,332221.9584,4128595.276,1788586308,37.28884813,127.1072548,94.7,332221.9584,4128595.276,52N,거짓,0.632,0.632,참,참,0,332221.9584,4128595.276,332221.9584,4128595.276
144,332221.5734,4128594.353,1788586309,37.28883975,127.1072506,94.7,332221.5734,4128594.353,52N,거짓,0.632,0.632,참,참,0,332221.5734,4128594.353,332221.5734,4128594.353
145,332221.2297,4128593.415,1788586310,37.28883123,127.107247,94.7,332221.2297,4128593.415,52N,거짓,0.632,0.632,참,참,0,332221.2297,4128593.415,332221.2297,4128593.415
146,332220.8651,4128592.485,1788586311,37.28882279,127.1072431,94.6,332220.8651,4128592.485,52N,거짓,0.632,0.632,참,참,0,332220.8651,4128592.485,332220.8651,4128592.485
147,332220.4612,4128591.571,1788586311,37.28881448,127.1072387,94.6,332220.4612,4128591.571,52N,거짓,0.632,0.632,참,참,0,332220.4612,4128591.571,332220.4612,4128591.571
148,332220.0577,4128590.656,1788586312,37.28880617,127.1072344,94.6,332220.0577,4128590.656,52N,거짓,0.6806,0.6806,참,참,0,332220.0577,4128590.656,332220.0577,4128590.656
149,332219.6719,4128589.734,1788586313,37.28879779,127.1072302,94.6,332219.6719,4128589.734,52N,거짓,0.632,0.632,참,참,0,332219.6719,4128589.734,332219.6719,4128589.734
150,332219.2913,4128588.809,1788586313,37.28878939,127.1072261,94.6,332219.2913,4128588.809,52N,거짓,0.632,0.632,참,참,0,332219.2913,4128588.809,332219.2913,4128588.809
151,332218.9149,4128587.883,1788586314,37.28878097,127.1072221,94.6,332218.9149,4128587.883,52N,거짓,0.632,0.632,참,참,0,332218.9149,4128587.883,332218.9149,4128587.883
152,332218.5288,4128586.96,1788586314,37.28877259,127.107218,94.6,332218.5288,4128586.96,52N,거짓,0.632,0.632,참,참,0,332218.5288,4128586.96,332218.5288,4128586.96
153,332218.1365,4128586.041,1788586315,37.28876424,127.1072137,94.7,332218.1365,4128586.041,52N,거짓,0.632,0.632,참,참,0,332218.1365,4128586.041,332218.1365,4128586.041
154,332217.7626,4128585.113,1788586316,37.28875582,127.1072097,94.7,332217.7626,4128585.113,52N,거짓,0.632,0.632,참,참,0,332217.7626,4128585.113,332217.7626,4128585.113
155,332217.3795,4128584.19,1788586316,37.28874743,127.1072056,94.7,332217.3795,4128584.19,52N,거짓,0.632,0.632,참,참,0,332217.3795,4128584.19,332217.3795,4128584.19
156,332216.9711,4128583.277,1788586317,37.28873913,127.1072012,94.7,332216.9711,4128583.277,52N,거짓,0.632,0.632,참,참,0,332216.9711,4128583.277,332216.9711,4128583.277
157,332216.5555,4128582.368,1788586318,37.28873086,127.1071968,94.7,332216.5555,4128582.368,52N,거짓,0.632,0.632,참,참,0,332216.5555,4128582.368,332216.5555,4128582.368
158,332216.1107,4128581.472,1788586318,37.28872271,127.1071919,94.7,332216.1107,4128581.472,52N,거짓,0.632,0.632,참,참,0,332216.1107,4128581.472,332216.1107,4128581.472
159,332215.6726,4128580.574,1788586319,37.28871454,127.1071872,94.7,332215.6726,4128580.574,52N,거짓,0.632,0.632,참,참,0,332215.6726,4128580.574,332215.6726,4128580.574
160,332215.2816,4128579.654,1788586319,37.28870618,127.107183,94.7,332215.2816,4128579.654,52N,거짓,0.632,0.632,참,참,0,332215.2816,4128579.654,332215.2816,4128579.654
161,332214.9129,4128578.725,1788586320,37.28869775,127.1071791,94.7,332214.9129,4128578.725,52N,거짓,0.632,0.632,참,참,0,332214.9129,4128578.725,332214.9129,4128578.725
162,332214.5313,4128577.801,1788586321,37.28868935,127.107175,94.7,332214.5313,4128577.801,52N,거짓,0.632,0.632,참,참,0,332214.5313,4128577.801,332214.5313,4128577.801
163,332214.1575,4128576.873,1788586321,37.28868093,127.107171,94.7,332214.1575,4128576.873,52N,거짓,0.632,0.632,참,참,0,332214.1575,4128576.873,332214.1575,4128576.873
164,332213.7726,4128575.95,1788586322,37.28867255,127.1071668,94.7,332213.7726,4128575.95,52N,거짓,0.6806,0.6806,참,참,0,332213.7726,4128575.95,332213.7726,4128575.95
165,332213.3764,4128575.033,1788586323,37.28866421,127.1071626,94.7,332213.3764,4128575.033,52N,거짓,0.632,0.632,참,참,0,332213.3764,4128575.033,332213.3764,4128575.033
166,332212.9773,4128574.116,1788586323,37.28865588,127.1071583,94.6,332212.9773,4128574.116,52N,거짓,0.6806,0.6806,참,참,0,332212.9773,4128574.116,332212.9773,4128574.116
167,332212.5694,4128573.203,1788586324,37.28864758,127.1071539,94.6,332212.5694,4128573.203,52N,거짓,0.6806,0.6806,참,참,0,332212.5694,4128573.203,332212.5694,4128573.203
168,332212.157,4128572.293,1788586325,37.28863931,127.1071494,94.6,332212.157,4128572.293,52N,거짓,0.632,0.632,참,참,0,332212.157,4128572.293,332212.157,4128572.293
169,332211.7609,4128571.375,1788586325,37.28863096,127.1071452,94.7,332211.7609,4128571.375,52N,거짓,0.632,0.632,참,참,0,332211.7609,4128571.375,332211.7609,4128571.375
170,332211.3525,4128570.463,1788586326,37.28862268,127.1071408,94.7,332211.3525,4128570.463,52N,거짓,0.632,0.632,참,참,0,332211.3525,4128570.463,332211.3525,4128570.463
171,332210.9666,4128569.541,1788586327,37.2886143,127.1071366,94.7,332210.9666,4128569.541,52N,거짓,0.632,0.632,참,참,0,332210.9666,4128569.541,332210.9666,4128569.541
172,332210.5725,4128568.622,1788586327,37.28860595,127.1071324,94.7,332210.5725,4128568.622,52N,거짓,0.632,0.632,참,참,0,332210.5725,4128568.622,332210.5725,4128568.622
173,332210.2021,4128567.694,1788586328,37.28859752,127.1071284,94.7,332210.2021,4128567.694,52N,거짓,0.632,0.632,참,참,0,332210.2021,4128567.694,332210.2021,4128567.694
174,332209.8071,4128566.775,1788586329,37.28858917,127.1071242,94.7,332209.8071,4128566.775,52N,거짓,0.632,0.632,참,참,0,332209.8071,4128566.775,332209.8071,4128566.775
175,332209.381,4128565.87,1788586330,37.28858094,127.1071196,94.7,332209.381,4128565.87,52N,거짓,0.6806,0.6806,참,참,0,332209.381,4128565.87,332209.381,4128565.87
176,332208.9962,4128564.948,1788586330,37.28857256,127.1071154,94.7,332208.9962,4128564.948,52N,거짓,0.6806,0.6806,참,참,0,332208.9962,4128564.948,332208.9962,4128564.948
177,332208.602,4128564.029,1788586331,37.28856421,127.1071112,94.7,332208.602,4128564.029,52N,거짓,0.6806,0.6806,참,참,0,332208.602,4128564.029,332208.602,4128564.029
178,332208.1865,4128563.12,1788586332,37.28855595,127.1071067,94.7,332208.1865,4128563.12,52N,거짓,0.632,0.632,참,참,0,332208.1865,4128563.12,332208.1865,4128563.12
179,332207.7916,4128562.201,1788586332,37.2885476,127.1071025,94.7,332207.7916,4128562.201,52N,거짓,0.6806,0.6806,참,참,0,332207.7916,4128562.201,332207.7916,4128562.201
180,332207.343,4128561.308,1788586333,37.28853947,127.1070976,94.7,332207.343,4128561.308,52N,거짓,0.6806,0.6806,참,참,0,332207.343,4128561.308,332207.343,4128561.308
181,332206.7994,4128560.469,1788586334,37.28853182,127.1070917,94.7,332206.7994,4128560.469,52N,거짓,0.6806,0.6806,참,참,0,332206.7994,4128560.469,332206.7994,4128560.469
182,332206.1458,4128559.715,1788586335,37.28852491,127.1070845,94.7,332206.1458,4128559.715,52N,거짓,0.6806,0.6806,참,참,0,332206.1458,4128559.715,332206.1458,4128559.715
183,332205.4328,4128559.015,1788586335,37.28851847,127.1070766,94.7,332205.4328,4128559.015,52N,거짓,0.6806,0.6806,참,참,0,332205.4328,4128559.015,332205.4328,4128559.015
184,332204.6045,4128558.46,1788586336,37.28851332,127.1070674,94.7,332204.6045,4128558.46,52N,거짓,0.6806,0.6806,참,참,0,332204.6045,4128558.46,332204.6045,4128558.46
185,332203.6692,4128558.114,1788586337,37.28851003,127.1070569,94.7,332203.6692,4128558.114,52N,거짓,0.6806,0.6806,참,참,0,332203.6692,4128558.114,332203.6692,4128558.114
186,332202.6819,4128557.963,1788586338,37.2885085,127.1070458,94.7,332202.6819,4128557.963,52N,거짓,0.6806,0.6806,참,참,0,332202.6819,4128557.963,332202.6819,4128557.963
187,332201.6869,4128558.05,1788586338,37.2885091,127.1070346,94.7,332201.6869,4128558.05,52N,거짓,0.7056,0.7056,참,참,0,332201.6869,4128558.05,332201.6869,4128558.05
188,332200.7231,4128558.308,1788586339,37.28851125,127.1070237,94.7,332200.7231,4128558.308,52N,거짓,0.6806,0.6806,참,참,0,332200.7231,4128558.308,332200.7231,4128558.308
189,332199.806,4128558.7,1788586340,37.28851462,127.1070132,94.7,332199.806,4128558.7,52N,거짓,0.7056,0.7056,참,참,0,332199.806,4128558.7,332199.806,4128558.7
190,332199.0153,4128559.307,1788586341,37.28851995,127.1070042,94.7,332199.0153,4128559.307,52N,거짓,0.6806,0.6806,참,참,0,332199.0153,4128559.307,332199.0153,4128559.307
191,332198.2938,4128559.999,1788586342,37.28852605,127.1069959,94.7,332198.2938,4128559.999,52N,거짓,0.7056,0.7056,참,참,0,332198.2938,4128559.999,332198.2938,4128559.999
192,332197.7269,4128560.819,1788586342,37.28853333,127.1069893,94.6,332197.7269,4128560.819,52N,거짓,0.7569,0.7569,참,참,0,332197.7269,4128560.819,332197.7269,4128560.819
193,332197.2948,4128561.719,1788586343,37.28854136,127.1069842,94.7,332197.2948,4128561.719,52N,거짓,0.632,0.632,참,참,0,332197.2948,4128561.719,332197.2948,4128561.719
194,332196.9935,4128562.67,1788586344,37.28854988,127.1069806,94.7,332196.9935,4128562.67,52N,거짓,0.632,0.632,참,참,0,332196.9935,4128562.67,332196.9935,4128562.67
195,332196.9433,4128563.667,1788586345,37.28855885,127.1069798,94.6,332196.9433,4128563.667,52N,거짓,0.632,0.632,참,참,0,332196.9433,4128563.667,332196.9433,4128563.667
196,332197.0387,4128564.662,1788586346,37.28856783,127.1069807,94.6,332197.0387,4128564.662,52N,거짓,0.6561,0.6561,참,참,0,332197.0387,4128564.662,332197.0387,4128564.662
197,332197.1744,4128565.652,1788586347,37.28857678,127.106982,94.6,332197.1744,4128565.652,52N,거짓,0.632,0.632,참,참,0,332197.1744,4128565.652,332197.1744,4128565.652
198,332197.3329,4128566.639,1788586347,37.2885857,127.1069836,94.6,332197.3329,4128566.639,52N,거짓,0.632,0.632,참,참,0,332197.3329,4128566.639,332197.3329,4128566.639
199,332197.4875,4128567.627,1788586348,37.28859462,127.1069851,94.6,332197.4875,4128567.627,52N,거짓,0.632,0.632,참,참,0,332197.4875,4128567.627,332197.4875,4128567.627
200,332197.6099,4128568.619,1788586349,37.28860358,127.1069862,94.7,332197.6099,4128568.619,52N,거짓,0.632,0.632,참,참,0,332197.6099,4128568.619,332197.6099,4128568.619
201,332197.6389,4128569.618,1788586350,37.28861258,127.1069863,94.7,332197.6389,4128569.618,52N,거짓,0.632,0.632,참,참,0,332197.6389,4128569.618,332197.6389,4128569.618
202,332197.5646,4128570.614,1788586350,37.28862154,127.1069853,94.6,332197.5646,4128570.614,52N,거짓,0.6561,0.6561,참,참,0,332197.5646,4128570.614,332197.5646,4128570.614
203,332197.3951,4128571.599,1788586351,37.28863039,127.1069831,94.7,332197.3951,4128571.599,52N,거짓,0.632,0.632,참,참,0,332197.3951,4128571.599,332197.3951,4128571.599
204,332197.1824,4128572.575,1788586352,37.28863915,127.1069805,94.7,332197.1824,4128572.575,52N,거짓,0.632,0.632,참,참,0,332197.1824,4128572.575,332197.1824,4128572.575
205,332196.8418,4128573.514,1788586353,37.28864754,127.1069765,94.7,332196.8418,4128573.514,52N,거짓,0.632,0.632,참,참,0,332196.8418,4128573.514,332196.8418,4128573.514
206,332196.4018,4128574.41,1788586353,37.28865554,127.1069713,94.7,332196.4018,4128574.41,52N,거짓,0.632,0.632,참,참,0,332196.4018,4128574.41,332196.4018,4128574.41
207,332195.7799,4128575.192,1788586354,37.28866247,127.1069641,94.7,332195.7799,4128575.192,52N,거짓,0.632,0.632,참,참,0,332195.7799,4128575.192,332195.7799,4128575.192
208,332195.1052,4128575.929,1788586355,37.28866898,127.1069563,94.7,332195.1052,4128575.929,52N,거짓,0.632,0.632,참,참,0,332195.1052,4128575.929,332195.1052,4128575.929
209,332194.3809,4128576.616,1788586356,37.28867505,127.106948,94.7,332194.3809,4128576.616,52N,거짓,0.6806,0.6806,참,참,0,332194.3809,4128576.616,332194.3809,4128576.616
210,332193.5323,4128577.143,1788586356,37.28867964,127.1069383,94.7,332193.5323,4128577.143,52N,거짓,0.6806,0.6806,참,참,0,332193.5323,4128577.143,332193.5323,4128577.143
211,332192.6322,4128577.577,1788586357,37.28868339,127.1069281,94.7,332192.6322,4128577.577,52N,거짓,0.6806,0.6806,참,참,0,332192.6322,4128577.577,332192.6322,4128577.577
212,332191.689,4128577.907,1788586358,37.28868619,127.1069174,94.7,332191.689,4128577.907,52N,거짓,0.632,0.632,참,참,0,332191.689,4128577.907,332191.689,4128577.907
213,332190.705,4128578.081,1788586358,37.28868758,127.1069062,94.7,332190.705,4128578.081,52N,거짓,0.6561,0.6561,참,참,0,332190.705,4128578.081,332190.705,4128578.081
214,332189.7134,4128578.202,1788586359,37.28868849,127.106895,94.7,332189.7134,4128578.202,52N,거짓,0.632,0.632,참,참,0,332189.7134,4128578.202,332189.7134,4128578.202
215,332188.7146,4128578.226,1788586360,37.28868853,127.1068838,94.7,332188.7146,4128578.226,52N,거짓,0.632,0.632,참,참,0,332188.7146,4128578.226,332188.7146,4128578.226
216,332187.7176,4128578.154,1788586361,37.2886877,127.1068725,94.7,332187.7176,4128578.154,52N,거짓,0.632,0.632,참,참,0,332187.7176,4128578.154,332187.7176,4128578.154
217,332186.7207,4128578.079,1788586361,37.28868685,127.1068613,94.7,332186.7207,4128578.079,52N,거짓,0.632,0.632,참,참,0,332186.7207,4128578.079,332186.7207,4128578.079
218,332185.7213,4128578.062,1788586362,37.28868651,127.10685,94.7,332185.7213,4128578.062,52N,거짓,0.6806,0.6806,참,참,0,332185.7213,4128578.062,332185.7213,4128578.062
219,332184.7226,4128578.082,1788586363,37.28868651,127.1068388,94.7,332184.7226,4128578.082,52N,거짓,0.6806,0.6806,참,참,0,332184.7226,4128578.082,332184.7226,4128578.082
220,332183.7268,4128578.169,1788586364,37.28868711,127.1068275,94.7,332183.7268,4128578.169,52N,거짓,0.6561,0.6561,참,참,0,332183.7268,4128578.169,332183.7268,4128578.169
221,332182.7471,4128578.368,1788586364,37.28868873,127.1068164,94.7,332182.7471,4128578.368,52N,거짓,0.6561,0.6561,참,참,0,332182.7471,4128578.368,332182.7471,4128578.368
222,332181.7878,4128578.649,1788586365,37.28869109,127.1068056,94.7,332181.7878,4128578.649,52N,거짓,0.632,0.632,참,참,0,332181.7878,4128578.649,332181.7878,4128578.649
223,332180.8513,4128578.992,1788586366,37.28869401,127.1067949,94.7,332180.8513,4128578.992,52N,거짓,0.632,0.632,참,참,0,332180.8513,4128578.992,332180.8513,4128578.992
224,332179.9765,4128579.473,1788586367,37.28869819,127.106785,94.7,332179.9765,4128579.473,52N,거짓,0.731,0.731,참,참,0,332179.9765,4128579.473,332179.9765,4128579.473
225,332179.21,4128580.115,1788586368,37.28870383,127.1067762,94.7,332179.21,4128580.115,52N,거짓,0.6806,0.6806,참,참,0,332179.21,4128580.115,332179.21,4128580.115
226,332178.5295,4128580.847,1788586368,37.2887103,127.1067683,94.7,332178.5295,4128580.847,52N,거짓,0.6806,0.6806,참,참,0,332178.5295,4128580.847,332178.5295,4128580.847
227,332177.9133,4128581.633,1788586369,37.28871728,127.1067612,94.6,332177.9133,4128581.633,52N,거짓,0.6084,0.6084,참,참,0,332177.9133,4128581.633,332177.9133,4128581.633
228,332177.4245,4128582.505,1788586370,37.28872504,127.1067555,94.6,332177.4245,4128582.505,52N,거짓,0.6084,0.6084,참,참,0,332177.4245,4128582.505,332177.4245,4128582.505
229,332177.0581,4128583.434,1788586371,37.28873334,127.1067512,94.6,332177.0581,4128583.434,52N,거짓,0.6084,0.6084,참,참,0,332177.0581,4128583.434,332177.0581,4128583.434
230,332176.7857,4128584.395,1788586371,37.28874195,127.1067479,94.6,332176.7857,4128584.395,52N,거짓,0.6084,0.6084,참,참,0,332176.7857,4128584.395,332176.7857,4128584.395
231,332176.6532,4128585.385,1788586372,37.28875085,127.1067461,94.6,332176.6532,4128585.385,52N,거짓,0.6561,0.6561,참,참,0,332176.6532,4128585.385,332176.6532,4128585.385
232,332176.662,4128586.384,1788586373,37.28875985,127.106746,94.6,332176.662,4128586.384,52N,거짓,0.6561,0.6561,참,참,0,332176.662,4128586.384,332176.662,4128586.384
233,332176.8201,4128587.368,1788586374,37.28876874,127.1067476,94.6,332176.8201,4128587.368,52N,거짓,0.6561,0.6561,참,참,0,332176.8201,4128587.368,332176.8201,4128587.368
234,332177.1113,4128588.324,1788586375,37.28877741,127.1067506,94.6,332177.1113,4128588.324,52N,거짓,0.6084,0.6084,참,참,0,332177.1113,4128588.324,332177.1113,4128588.324
235,332177.5141,4128589.239,1788586375,37.28878572,127.106755,94.6,332177.5141,4128589.239,52N,거짓,0.6561,0.6561,참,참,0,332177.5141,4128589.239,332177.5141,4128589.239
236,332178.0403,4128590.087,1788586376,37.28879346,127.1067607,94.6,332178.0403,4128590.087,52N,거짓,0.6084,0.6084,참,참,0,332178.0403,4128590.087,332178.0403,4128590.087
237,332178.712,4128590.824,1788586377,37.28880022,127.1067681,94.6,332178.712,4128590.824,52N,거짓,0.6084,0.6084,참,참,0,332178.712,4128590.824,332178.712,4128590.824
238,332179.5486,4128591.365,1788586377,37.28880524,127.1067774,94.6,332179.5486,4128591.365,52N,거짓,0.6084,0.6084,참,참,0,332179.5486,4128591.365,332179.5486,4128591.365
239,332180.467,4128591.755,1788586378,37.28880893,127.1067877,94.7,332180.467,4128591.755,52N,거짓,0.6084,0.6084,참,참,0,332180.467,4128591.755,332180.467,4128591.755
240,332181.4343,4128592.004,1788586379,37.28881134,127.1067986,94.7,332181.4343,4128592.004,52N,거짓,0.6084,0.6084,참,참,0,332181.4343,4128592.004,332181.4343,4128592.004
241,332182.4314,4128592.053,1788586380,37.28881196,127.1068098,94.6,332182.4314,4128592.053,52N,거짓,0.7569,0.7569,참,참,0,332182.4314,4128592.053,332182.4314,4128592.053
242,332183.4246,4128591.955,1788586381,37.28881126,127.106821,94.7,332183.4246,4128591.955,52N,거짓,0.6084,0.6084,참,참,0,332183.4246,4128591.955,332183.4246,4128591.955
243,332184.4084,4128591.777,1788586381,37.28880984,127.1068321,94.6,332184.4084,4128591.777,52N,거짓,0.6084,0.6084,참,참,0,332184.4084,4128591.777,332184.4084,4128591.777
244,332185.3851,4128591.565,1788586382,37.2888081,127.1068432,94.6,332185.3851,4128591.565,52N,거짓,0.6561,0.6561,참,참,0,332185.3851,4128591.565,332185.3851,4128591.565
245,332186.3504,4128591.305,1788586383,37.28880593,127.1068542,94.7,332186.3504,4128591.305,52N,거짓,0.6084,0.6084,참,참,0,332186.3504,4128591.305,332186.3504,4128591.305
246,332187.3283,4128591.097,1788586384,37.28880423,127.1068652,94.7,332187.3283,4128591.097,52N,거짓,0.6084,0.6084,참,참,0,332187.3283,4128591.097,332187.3283,4128591.097
247,332188.3091,4128590.909,1788586384,37.28880271,127.1068763,94.7,332188.3091,4128590.909,52N,거짓,0.632,0.632,참,참,0,332188.3091,4128590.909,332188.3091,4128590.909
248,332189.2824,4128590.681,1788586385,37.28880084,127.1068874,94.7,332189.2824,4128590.681,52N,거짓,0.6084,0.6084,참,참,0,332189.2824,4128590.681,332189.2824,4128590.681
249,332190.2504,4128590.432,1788586386,37.28879877,127.1068983,94.7,332190.2504,4128590.432,52N,거짓,0.6084,0.6084,참,참,0,332190.2504,4128590.432,332190.2504,4128590.432
250,332191.2188,4128590.186,1788586387,37.28879673,127.1069093,94.7,332191.2188,4128590.186,52N,거짓,0.6084,0.6084,참,참,0,332191.2188,4128590.186,332191.2188,4128590.186
251,332192.1767,4128589.9,1788586388,37.28879433,127.1069202,94.7,332192.1767,4128589.9,52N,거짓,0.6084,0.6084,참,참,0,332192.1767,4128589.9,332192.1767,4128589.9
252,332193.1046,4128589.53,1788586388,37.28879116,127.1069307,94.7,332193.1046,4128589.53,52N,거짓,0.6084,0.6084,참,참,0,332193.1046,4128589.53,332193.1046,4128589.53
253,332194.036,4128589.168,1788586389,37.28878807,127.1069413,94.7,332194.036,4128589.168,52N,거짓,0.6084,0.6084,참,참,0,332194.036,4128589.168,332194.036,4128589.168
254,332194.9723,4128588.819,1788586390,37.28878509,127.1069519,94.7,332194.9723,4128588.819,52N,거짓,0.6084,0.6084,참,참,0,332194.9723,4128588.819,332194.9723,4128588.819
255,332195.8948,4128588.434,1788586390,37.28878178,127.1069624,94.7,332195.8948,4128588.434,52N,거짓,0.6084,0.6084,참,참,0,332195.8948,4128588.434,332195.8948,4128588.434
256,332196.8137,4128588.04,1788586391,37.28877841,127.1069729,94.7,332196.8137,4128588.04,52N,거짓,0.6084,0.6084,참,참,0,332196.8137,4128588.04,332196.8137,4128588.04
257,332197.7499,4128587.69,1788586392,37.28877542,127.1069835,94.7,332197.7499,4128587.69,52N,거짓,0.6084,0.6084,참,참,0,332197.7499,4128587.69,332197.7499,4128587.69
258,332198.6746,4128587.312,1788586393,37.28877218,127.106994,94.7,332198.6746,4128587.312,52N,거짓,0.6084,0.6084,참,참,0,332198.6746,4128587.312,332198.6746,4128587.312
259,332199.608,4128586.955,1788586393,37.28876914,127.1070046,94.7,332199.608,4128586.955,52N,거짓,0.6084,0.6084,참,참,0,332199.608,4128586.955,332199.608,4128586.955
260,332200.5397,4128586.593,1788586394,37.28876604,127.1070152,94.7,332200.5397,4128586.593,52N,거짓,0.6084,0.6084,참,참,0,332200.5397,4128586.593,332200.5397,4128586.593
261,332201.4505,4128586.181,1788586395,37.28876249,127.1070256,94.6,332201.4505,4128586.181,52N,거짓,0.6084,0.6084,참,참,0,332201.4505,4128586.181,332201.4505,4128586.181
262,332202.3584,4128585.762,1788586396,37.28875889,127.1070359,94.6,332202.3584,4128585.762,52N,거짓,0.6084,0.6084,참,참,0,332202.3584,4128585.762,332202.3584,4128585.762
263,332203.2702,4128585.352,1788586397,37.28875535,127.1070463,94.6,332203.2702,4128585.352,52N,거짓,0.6561,0.6561,참,참,0,332203.2702,4128585.352,332203.2702,4128585.352
264,332204.202,4128584.989,1788586397,37.28875225,127.1070569,94.6,332204.202,4128584.989,52N,거짓,0.6084,0.6084,참,참,0,332204.202,4128584.989,332204.202,4128584.989
265,332205.1129,4128584.577,1788586398,37.2887487,127.1070672,94.6,332205.1129,4128584.577,52N,거짓,0.6084,0.6084,참,참,0,332205.1129,4128584.577,332205.1129,4128584.577
266,332206.0186,4128584.153,1788586399,37.28874505,127.1070775,94.6,332206.0186,4128584.153,52N,거짓,0.6561,0.6561,참,참,0,332206.0186,4128584.153,332206.0186,4128584.153
267,332206.9352,4128583.754,1788586400,37.28874162,127.107088,94.6,332206.9352,4128583.754,52N,거짓,0.6084,0.6084,참,참,0,332206.9352,4128583.754,332206.9352,4128583.754
268,332207.8234,4128583.295,1788586400,37.28873764,127.1070981,94.6,332207.8234,4128583.295,52N,거짓,0.6084,0.6084,참,참,0,332207.8234,4128583.295,332207.8234,4128583.295
269,332208.719,4128582.85,1788586401,37.2887338,127.1071083,94.6,332208.719,4128582.85,52N,거짓,0.6084,0.6084,참,참,0,332208.719,4128582.85,332208.719,4128582.85
270,332209.6283,4128582.435,1788586402,37.28873022,127.1071186,94.6,332209.6283,4128582.435,52N,거짓,0.6084,0.6084,참,참,0,332209.6283,4128582.435,332209.6283,4128582.435
271,332210.5343,4128582.012,1788586403,37.28872658,127.1071289,94.6,332210.5343,4128582.012,52N,거짓,0.6084,0.6084,참,참,0,332210.5343,4128582.012,332210.5343,4128582.012
272,332211.4494,4128581.609,1788586403,37.28872311,127.1071393,94.6,332211.4494,4128581.609,52N,거짓,0.6561,0.6561,참,참,0,332211.4494,4128581.609,332211.4494,4128581.609
273,332212.3596,4128581.196,1788586404,37.28871955,127.1071497,94.6,332212.3596,4128581.196,52N,거짓,0.6561,0.6561,참,참,0,332212.3596,4128581.196,332212.3596,4128581.196
274,332213.2572,4128580.756,1788586405,37.28871575,127.1071599,94.6,332213.2572,4128580.756,52N,거짓,0.6084,0.6084,참,참,0,332213.2572,4128580.756,332213.2572,4128580.756
275,332214.169,4128580.347,1788586406,37.28871222,127.1071703,94.6,332214.169,4128580.347,52N,거짓,0.6561,0.6561,참,참,0,332214.169,4128580.347,332214.169,4128580.347
276,332215.073,4128579.919,1788586406,37.28870854,127.1071806,94.6,332215.073,4128579.919,52N,거짓,0.6561,0.6561,참,참,0,332215.073,4128579.919,332215.073,4128579.919
277,332215.9956,4128579.537,1788586407,37.28870526,127.1071911,94.6,332215.9956,4128579.537,52N,거짓,0.6806,0.6806,참,참,0,332215.9956,4128579.537,332215.9956,4128579.537
278,332216.919,4128579.154,1788586408,37.28870198,127.1072016,94.6,332216.919,4128579.154,52N,거짓,0.6806,0.6806,참,참,0,332216.919,4128579.154,332216.919,4128579.154
279,332217.8468,4128578.781,1788586409,37.28869879,127.1072121,94.7,332217.8468,4128578.781,52N,거짓,0.6806,0.6806,참,참,0,332217.8468,4128578.781,332217.8468,4128578.781
280,332218.7811,4128578.426,1788586410,37.28869575,127.1072227,94.7,332218.7811,4128578.426,52N,거짓,0.6806,0.6806,참,참,0,332218.7811,4128578.426,332218.7811,4128578.426
281,332219.6988,4128578.03,1788586410,37.28869235,127.1072332,94.7,332219.6988,4128578.03,52N,거짓,0.6806,0.6806,참,참,0,332219.6988,4128578.03,332219.6988,4128578.03
282,332220.6123,4128577.623,1788586411,37.28868885,127.1072436,94.7,332220.6123,4128577.623,52N,거짓,0.6806,0.6806,참,참,0,332220.6123,4128577.623,332220.6123,4128577.623
283,332221.4937,4128577.152,1788586412,37.28868477,127.1072536,94.7,332221.4937,4128577.152,52N,거짓,0.6806,0.6806,참,참,0,332221.4937,4128577.152,332221.4937,4128577.152
284,332222.3245,4128576.597,1788586413,37.28867991,127.1072631,94.6,332222.3245,4128576.597,52N,거짓,0.7056,0.7056,참,참,0,332222.3245,4128576.597,332222.3245,4128576.597
285,332223.0792,4128575.942,1788586414,37.28867415,127.1072718,94.6,332223.0792,4128575.942,52N,거짓,0.6806,0.6806,참,참,0,332223.0792,4128575.942,332223.0792,4128575.942
286,332223.7074,4128575.169,1788586415,37.2886673,127.107279,94.7,332223.7074,4128575.169,52N,거짓,0.6806,0.6806,참,참,0,332223.7074,4128575.169,332223.7074,4128575.169
287,332224.2207,4128574.312,1788586415,37.28865967,127.107285,94.7,332224.2207,4128574.312,52N,거짓,0.6806,0.6806,참,참,0,332224.2207,4128574.312,332224.2207,4128574.312
288,332224.6541,4128573.411,1788586416,37.28865163,127.1072901,94.7,332224.6541,4128573.411,52N,거짓,0.7569,0.7569,참,참,0,332224.6541,4128573.411,332224.6541,4128573.411
289,332224.9116,4128572.446,1788586417,37.28864299,127.1072932,94.7,332224.9116,4128572.446,52N,거짓,0.6806,0.6806,참,참,0,332224.9116,4128572.446,332224.9116,4128572.446
290,332224.8697,4128571.451,1788586418,37.28863401,127.107293,94.6,332224.8697,4128571.451,52N,거짓,0.6806,0.6806,참,참,0,332224.8697,4128571.451,332224.8697,4128571.451
291,332224.6704,4128570.471,1788586418,37.28862515,127.1072909,94.6,332224.6704,4128570.471,52N,거짓,0.6806,0.6806,참,참,0,332224.6704,4128570.471,332224.6704,4128570.471
292,332224.4054,4128569.507,1788586419,37.28861642,127.1072882,94.6,332224.4054,4128569.507,52N,거짓,0.6806,0.6806,참,참,0,332224.4054,4128569.507,332224.4054,4128569.507
293,332224.0515,4128568.573,1788586420,37.28860794,127.1072844,94.7,332224.0515,4128568.573,52N,거짓,0.6806,0.6806,참,참,0,332224.0515,4128568.573,332224.0515,4128568.573
294,332223.7066,4128567.636,1788586421,37.28859943,127.1072807,94.6,332223.7066,4128567.636,52N,거짓,0.6806,0.6806,참,참,0,332223.7066,4128567.636,332223.7066,4128567.636
295,332223.3051,4128566.72,1788586422,37.28859111,127.1072764,94.7,332223.3051,4128566.72,52N,거짓,0.7569,0.7569,참,참,0,332223.3051,4128566.72,332223.3051,4128566.72
296,332222.8697,4128565.82,1788586423,37.28858292,127.1072717,94.7,332222.8697,4128565.82,52N,거짓,0.7056,0.7056,참,참,0,332222.8697,4128565.82,332222.8697,4128565.82
297,332222.4475,4128564.914,1788586423,37.28857468,127.1072671,94.7,332222.4475,4128564.914,52N,거짓,0.7056,0.7056,참,참,0,332222.4475,4128564.914,332222.4475,4128564.914
298,332222.0887,4128563.981,1788586424,37.28856621,127.1072633,94.7,332222.0887,4128563.981,52N,거짓,0.7832,0.7832,참,참,0,332222.0887,4128563.981,332222.0887,4128563.981
299,332221.6627,4128563.077,1788586425,37.28855799,127.1072587,94.7,332221.6627,4128563.077,52N,거짓,0.7832,0.7832,참,참,0,332221.6627,4128563.077,332221.6627,4128563.077
300,332220.9505,4128560.995,1788586426,37.2885391,127.1072511,94.7,332220.9505,4128560.995,52N,거짓,0.7056,0.7056,참,참,0,332220.9505,4128560.995,332220.9505,4128560.995
301,332221.3399,4128561.951,,37.28854779,127.1072553,,332221.3399,4128561.951,52N,,,,,,0,332221.3399,4128561.951,332221.3399,4128561.951
302,332220.5553,4128560.076,1788586426,37.28853076,127.1072469,94.7,332220.5553,4128560.076,52N,거짓,0.7056,0.7056,참,참,0,332220.5553,4128560.076,332220.5553,4128560.076
303,332220.1637,4128559.157,1788586427,37.28852241,127.1072427,94.7,332220.1637,4128559.157,52N,거짓,0.7056,0.7056,참,참,0,332220.1637,4128559.157,332220.1637,4128559.157
304,332219.8129,4128558.221,1788586428,37.28851391,127.1072389,94.7,332219.8129,4128558.221,52N,거짓,0.7832,0.7832,참,참,0,332219.8129,4128558.221,332219.8129,4128558.221
305,332219.44,4128557.293,1788586429,37.28850549,127.1072349,94.7,332219.44,4128557.293,52N,거짓,0.7832,0.7832,참,참,0,332219.44,4128557.293,332219.44,4128557.293
306,332219.1084,4128556.35,1788586434,37.28849693,127.1072314,94.7,332219.1084,4128556.35,52N,거짓,0.7056,0.7056,참,참,0,332219.1084,4128556.35,332219.1084,4128556.35
307,332218.6425,4128555.479,1788586431,37.288489,127.1072264,94.7,332218.6425,4128555.479,52N,거짓,0.7056,0.7056,참,참,0,332218.6425,4128555.479,332218.6425,4128555.479
308,332218.0529,4128555.344,1788586433,37.28848768,127.1072197,94.7,332218.0529,4128555.344,52N,거짓,0.81,0.81,참,참,0,332218.0529,4128555.344,332218.0529,4128555.344
309,332218.7623,4128556.043,1788586434,37.2884941,127.1072276,94.7,332218.7623,4128556.043,52N,거짓,0.7056,0.7056,참,참,0,332218.7623,4128556.043,332218.7623,4128556.043
310,332219.6283,4128556.539,1788586435,37.28849872,127.1072372,94.7,332219.6283,4128556.539,52N,거짓,0.7056,0.7056,참,참,0,332219.6283,4128556.539,332219.6283,4128556.539
311,332220.3829,4128557.19,1788586436,37.28850472,127.1072456,94.7,332220.3829,4128557.19,52N,거짓,0.7056,0.7056,참,참,0,332220.3829,4128557.19,332220.3829,4128557.19
312,332221.201,4128557.76,1788586437,37.28851001,127.1072547,94.7,332221.201,4128557.76,52N,거짓,0.7056,0.7056,참,참,0,332221.201,4128557.76,332221.201,4128557.76
313,332222.1396,4128558.089,1788586438,37.28851315,127.1072652,94.7,332222.1396,4128558.089,52N,거짓,0.7056,0.7056,참,참,0,332222.1396,4128558.089,332222.1396,4128558.089
314,332223.1347,4128558.178,1788586438,37.28851413,127.1072764,94.7,332223.1347,4128558.178,52N,거짓,0.7056,0.7056,참,참,0,332223.1347,4128558.178,332223.1347,4128558.178
315,332224.1207,4128558.033,1788586439,37.288513,127.1072875,94.7,332224.1207,4128558.033,52N,거짓,0.7569,0.7569,참,참,0,332224.1207,4128558.033,332224.1207,4128558.033
316,332225.0554,4128557.685,1788586440,37.28851003,127.1072982,94.7,332225.0554,4128557.685,52N,거짓,0.7569,0.7569,참,참,0,332225.0554,4128557.685,332225.0554,4128557.685
317,332225.9764,4128557.296,1788586441,37.28850669,127.1073086,94.7,332225.9764,4128557.296,52N,거짓,0.7569,0.7569,참,참,0,332225.9764,4128557.296,332225.9764,4128557.296
318,332226.9102,4128556.941,1788586442,37.28850366,127.1073192,94.7,332226.9102,4128556.941,52N,거짓,0.7569,0.7569,참,참,0,332226.9102,4128556.941,332226.9102,4128556.941
319,332227.8487,4128556.597,1788586443,37.28850073,127.1073299,94.7,332227.8487,4128556.597,52N,거짓,0.7569,0.7569,참,참,0,332227.8487,4128556.597,332227.8487,4128556.597
320,332228.795,4128556.274,1788586445,37.28849799,127.1073406,94.7,332228.795,4128556.274,52N,거짓,0.7569,0.7569,참,참,0,332228.795,4128556.274,332228.795,4128556.274
321,332229.5609,4128556.1,1788586447,37.28849656,127.1073493,94.7,332229.5609,4128556.1,52N,거짓,0.81,0.81,참,참,0,332229.5609,4128556.1,332229.5609,4128556.1
322,332228.6736,4128556.561,1788586444,37.28850056,127.1073392,94.7,332228.6736,4128556.561,52N,거짓,0.7569,0.7569,참,참,0,332228.6736,4128556.561,332228.6736,4128556.561
323,332227.7862,4128557.022,1788586448,37.28850454,127.1073291,94.8,332227.7862,4128557.022,52N,거짓,0.7569,0.7569,참,참,0,332227.7862,4128557.022,332227.7862,4128557.022
324,332226.905,4128557.494,1788586449,37.28850864,127.1073191,94.8,332226.905,4128557.494,52N,거짓,0.7569,0.7569,참,참,0,332226.905,4128557.494,332226.905,4128557.494
325,332226.0368,4128557.989,1788586450,37.28851294,127.1073092,94.8,332226.0368,4128557.989,52N,거짓,0.7569,0.7569,참,참,0,332226.0368,4128557.989,332226.0368,4128557.989
326,332225.1313,4128558.411,1788586451,37.28851659,127.1072989,94.8,332225.1313,4128558.411,52N,거짓,0.7569,0.7569,참,참,0,332225.1313,4128558.411,332225.1313,4128558.411
327,332224.3103,4128558.982,1788586452,37.28852158,127.1072895,94.7,332224.3103,4128558.982,52N,거짓,0.7569,0.7569,참,참,0,332224.3103,4128558.982,332224.3103,4128558.982
328,332223.6444,4128559.717,1788586452,37.28852808,127.1072818,94.7,332223.6444,4128559.717,52N,거짓,0.7569,0.7569,참,참,0,332223.6444,4128559.717,332223.6444,4128559.717
329,332223.314,4128560.652,1788586453,37.28853645,127.1072779,94.7,332223.314,4128560.652,52N,거짓,0.7569,0.7569,참,참,0,332223.314,4128560.652,332223.314,4128560.652
330,332223.3281,4128561.643,1788586454,37.28854537,127.1072778,94.7,332223.3281,4128561.643,52N,거짓,0.7569,0.7569,참,참,0,332223.3281,4128561.643,332223.3281,4128561.643
331,332223.6403,4128562.779,,37.28855567,127.1072811,,332223.6403,4128562.779,52N,,,,,,0,332223.6403,4128562.779,332223.6403,4128562.779
332,332223.8847,4128563.769,1788586455,37.28856463,127.1072836,94.7,332223.8847,4128563.769,52N,거짓,0.81,0.81,참,참,0,332223.8847,4128563.769,332223.8847,4128563.769
333,332224.1199,4128564.741,1788586456,37.28857342,127.107286,94.7,332224.1199,4128564.741,52N,거짓,0.893,0.893,참,참,0,332224.1199,4128564.741,332224.1199,4128564.741
334,332224.4382,4128565.686,1788586457,37.288582,127.1072894,94.7,332224.4382,4128565.686,52N,거짓,0.7569,0.7569,참,참,0,332224.4382,4128565.686,332224.4382,4128565.686
335,332224.7784,4128566.626,1788586458,37.28859053,127.107293,94.7,332224.7784,4128566.626,52N,거짓,0.7569,0.7569,참,참,0,332224.7784,4128566.626,332224.7784,4128566.626
336,332225.0501,4128567.587,1788586459,37.28859923,127.1072959,94.7,332225.0501,4128567.587,52N,거짓,0.731,0.731,참,참,0,332225.0501,4128567.587,332225.0501,4128567.587
337,332225.3992,4128568.522,1788586459,37.28860772,127.1072996,94.6,332225.3992,4128568.522,52N,거짓,0.7832,0.7832,참,참,0,332225.3992,4128568.522,332225.3992,4128568.522
338,332225.8569,4128569.41,1788586460,37.2886158,127.1073046,94.7,332225.8569,4128569.41,52N,거짓,0.731,0.731,참,참,0,332225.8569,4128569.41,332225.8569,4128569.41
339,332226.3803,4128570.261,1788586461,37.28862357,127.1073103,94.7,332226.3803,4128570.261,52N,거짓,0.731,0.731,참,참,0,332226.3803,4128570.261,332226.3803,4128570.261
340,332227.0353,4128571.015,1788586462,37.28863048,127.1073175,94.6,332227.0353,4128571.015,52N,거짓,0.6806,0.6806,참,참,0,332227.0353,4128571.015,332227.0353,4128571.015
341,332227.7765,4128571.683,1788586463,37.28863662,127.1073257,94.7,332227.7765,4128571.683,52N,거짓,0.7569,0.7569,참,참,0,332227.7765,4128571.683,332227.7765,4128571.683
342,332228.6247,4128572.203,1788586464,37.28864147,127.1073351,94.6,332228.6247,4128572.203,52N,거짓,0.7056,0.7056,참,참,0,332228.6247,4128572.203,332228.6247,4128572.203
343,332229.5803,4128572.491,1788586464,37.28864424,127.1073458,94.7,332229.5803,4128572.491,52N,거짓,0.6561,0.6561,참,참,0,332229.5803,4128572.491,332229.5803,4128572.491
344,332230.5607,4128572.686,1788586465,37.28864617,127.1073569,94.7,332230.5607,4128572.686,52N,거짓,0.6806,0.6806,참,참,0,332230.5607,4128572.686,332230.5607,4128572.686
345,332231.5517,4128572.798,1788586466,37.28864736,127.107368,94.7,332231.5517,4128572.798,52N,거짓,0.6806,0.6806,참,참,0,332231.5517,4128572.798,332231.5517,4128572.798
346,332232.5495,4128572.777,1788586467,37.28864734,127.1073793,94.7,332232.5495,4128572.777,52N,거짓,0.6806,0.6806,참,참,0,332232.5495,4128572.777,332232.5495,4128572.777
347,332233.5016,4128572.477,1788586468,37.28864482,127.1073901,94.7,332233.5016,4128572.477,52N,거짓,0.6561,0.6561,참,참,0,332233.5016,4128572.477,332233.5016,4128572.477
348,332234.4378,4128572.127,1788586468,37.28864183,127.1074007,94.7,332234.4378,4128572.127,52N,거짓,0.6561,0.6561,참,참,0,332234.4378,4128572.127,332234.4378,4128572.127
349,332235.3761,4128571.783,1788586469,37.2886389,127.1074114,94.7,332235.3761,4128571.783,52N,거짓,0.6561,0.6561,참,참,0,332235.3761,4128571.783,332235.3761,4128571.783
350,332236.3116,4128571.431,1788586470,37.2886359,127.107422,94.7,332236.3116,4128571.431,52N,거짓,0.6561,0.6561,참,참,0,332236.3116,4128571.431,332236.3116,4128571.431
351,332237.2039,4128570.986,1788586471,37.28863205,127.1074321,94.7,332237.2039,4128570.986,52N,거짓,0.6806,0.6806,참,참,0,332237.2039,4128570.986,332237.2039,4128570.986
352,332237.9746,4128570.357,1788586471,37.28862652,127.107441,94.7,332237.9746,4128570.357,52N,거짓,0.6806,0.6806,참,참,0,332237.9746,4128570.357,332237.9746,4128570.357
353,332238.6236,4128569.597,1788586472,37.28861979,127.1074485,94.7,332238.6236,4128569.597,52N,거짓,0.7569,0.7569,참,참,0,332238.6236,4128569.597,332238.6236,4128569.597
354,332239.0952,4128568.718,1788586473,37.28861195,127.107454,94.7,332239.0952,4128568.718,52N,거짓,0.6806,0.6806,참,참,0,332239.0952,4128568.718,332239.0952,4128568.718
355,332239.3218,4128567.748,1788586474,37.28860326,127.1074568,94.7,332239.3218,4128567.748,52N,거짓,0.6806,0.6806,참,참,0,332239.3218,4128567.748,332239.3218,4128567.748
356,332239.4568,4128566.758,1788586475,37.28859437,127.1074585,94.7,332239.4568,4128566.758,52N,거짓,0.6806,0.6806,참,참,0,332239.4568,4128566.758,332239.4568,4128566.758
357,332239.4501,4128565.758,1788586475,37.28858536,127.1074586,94.7,332239.4501,4128565.758,52N,거짓,0.6806,0.6806,참,참,0,332239.4501,4128565.758,332239.4501,4128565.758
358,332239.3195,4128564.768,1788586476,37.28857641,127.1074574,94.7,332239.3195,4128564.768,52N,거짓,0.6806,0.6806,참,참,0,332239.3195,4128564.768,332239.3195,4128564.768
359,332239.082,4128563.797,1788586477,37.28856762,127.1074549,94.7,332239.082,4128563.797,52N,거짓,0.6561,0.6561,참,참,0,332239.082,4128563.797,332239.082,4128563.797
360,332238.7793,4128562.844,1788586478,37.28855899,127.1074517,94.7,332238.7793,4128562.844,52N,거짓,0.6561,0.6561,참,참,0,332238.7793,4128562.844,332238.7793,4128562.844
361,332238.3953,4128561.922,1788586479,37.28855061,127.1074476,94.7,332238.3953,4128561.922,52N,거짓,0.6561,0.6561,참,참,0,332238.3953,4128561.922,332238.3953,4128561.922
362,332238.0533,4128560.984,1788586479,37.28854209,127.107444,94.7,332238.0533,4128560.984,52N,거짓,0.7056,0.7056,참,참,0,332238.0533,4128560.984,332238.0533,4128560.984
363,332237.7074,4128560.046,1788586480,37.28853358,127.1074403,94.7,332237.7074,4128560.046,52N,거짓,0.7832,0.7832,참,참,0,332237.7074,4128560.046,332237.7074,4128560.046
364,332237.3228,4128559.123,1788586481,37.2885252,127.1074362,94.7,332237.3228,4128559.123,52N,거짓,0.7569,0.7569,참,참,0,332237.3228,4128559.123,332237.3228,4128559.123
365,332236.931,4128558.203,1788586482,37.28851684,127.107432,94.7,332236.931,4128558.203,52N,거짓,0.7569,0.7569,참,참,0,332236.931,4128558.203,332236.931,4128558.203
366,332236.5032,4128557.3,1788586482,37.28850862,127.1074273,94.7,332236.5032,4128557.3,52N,거짓,0.7569,0.7569,참,참,0,332236.5032,4128557.3,332236.5032,4128557.3
367,332236.0757,4128556.396,1788586483,37.2885004,127.1074227,94.7,332236.0757,4128556.396,52N,거짓,0.7569,0.7569,참,참,0,332236.0757,4128556.396,332236.0757,4128556.396
368,332235.642,4128555.495,1788586484,37.28849221,127.107418,94.7,332235.642,4128555.495,52N,거짓,0.7569,0.7569,참,참,0,332235.642,4128555.495,332235.642,4128555.495
369,332235.2196,4128554.59,1788586485,37.28848398,127.1074135,94.7,332235.2196,4128554.59,52N,거짓,0.8372,0.8372,참,참,0,332235.2196,4128554.59,332235.2196,4128554.59
370,332234.8071,4128553.681,1788586485,37.28847571,127.107409,94.7,332234.8071,4128553.681,52N,거짓,0.81,0.81,참,참,0,332234.8071,4128553.681,332234.8071,4128553.681
371,332234.4259,4128552.756,1788586486,37.28846732,127.1074049,94.7,332234.4259,4128552.756,52N,거짓,0.81,0.81,참,참,0,332234.4259,4128552.756,332234.4259,4128552.756
372,332234.0236,4128551.841,1788586487,37.288459,127.1074006,94.7,332234.0236,4128551.841,52N,거짓,0.81,0.81,참,참,0,332234.0236,4128551.841,332234.0236,4128551.841
373,332233.5987,4128550.937,1788586488,37.28845077,127.107396,94.7,332233.5987,4128550.937,52N,거짓,0.81,0.81,참,참,0,332233.5987,4128550.937,332233.5987,4128550.937
374,332233.1956,4128550.022,1788586489,37.28844246,127.1073917,94.7,332233.1956,4128550.022,52N,거짓,0.81,0.81,참,참,0,332233.1956,4128550.022,332233.1956,4128550.022
375,332232.8003,4128549.104,1788586489,37.28843412,127.1073874,94.7,332232.8003,4128549.104,52N,거짓,0.8649,0.8649,참,참,0,332232.8003,4128549.104,332232.8003,4128549.104
376,332232.397,4128548.19,1788586490,37.28842581,127.1073831,94.7,332232.397,4128548.19,52N,거짓,0.81,0.81,참,참,0,332232.397,4128548.19,332232.397,4128548.19
377,332231.9098,4128547.316,1788586491,37.28841785,127.1073778,94.7,332231.9098,4128547.316,52N,거짓,0.731,0.731,참,참,0,332231.9098,4128547.316,332231.9098,4128547.316
378,332231.3772,4128546.471,1788586492,37.28841014,127.107372,94.7,332231.3772,4128546.471,52N,거짓,0.731,0.731,참,참,0,332231.3772,4128546.471,332231.3772,4128546.471
379,332230.8275,4128545.636,1788586493,37.28840252,127.107366,94.7,332230.8275,4128545.636,52N,거짓,0.731,0.731,참,참,0,332230.8275,4128545.636,332230.8275,4128545.636
380,332230.1642,4128544.888,1788586493,37.28839566,127.1073587,94.7,332230.1642,4128544.888,52N,거짓,0.7569,0.7569,참,참,0,332230.1642,4128544.888,332230.1642,4128544.888
381,332229.4098,4128544.234,1788586494,37.28838963,127.1073503,94.7,332229.4098,4128544.234,52N,거짓,0.632,0.632,참,참,0,332229.4098,4128544.234,332229.4098,4128544.234
382,332228.6295,4128543.609,1788586495,37.28838386,127.1073416,94.7,332228.6295,4128543.609,52N,거짓,0.6561,0.6561,참,참,0,332228.6295,4128543.609,332228.6295,4128543.609
383,332227.7713,4128543.11,1788586496,37.28837921,127.1073321,94.7,332227.7713,4128543.11,52N,거짓,0.632,0.632,참,참,0,332227.7713,4128543.11,332227.7713,4128543.11
384,332226.806,4128542.852,1788586497,37.28837671,127.1073213,94.6,332226.806,4128542.852,52N,거짓,0.6084,0.6084,참,참,0,332226.806,4128542.852,332226.806,4128542.852
385,332225.8147,4128542.745,1788586498,37.28837557,127.1073101,94.6,332225.8147,4128542.745,52N,거짓,0.6084,0.6084,참,참,0,332225.8147,4128542.745,332225.8147,4128542.745
386,332224.8219,4128542.796,1788586498,37.28837585,127.1072989,94.6,332224.8219,4128542.796,52N,거짓,0.6561,0.6561,참,참,0,332224.8219,4128542.796,332224.8219,4128542.796
387,332223.8397,4128542.982,1788586499,37.28837735,127.1072878,94.6,332223.8397,4128542.982,52N,거짓,0.7056,0.7056,참,참,0,332223.8397,4128542.982,332223.8397,4128542.982
388,332222.8692,4128543.222,1788586500,37.28837933,127.1072768,94.7,332222.8692,4128543.222,52N,거짓,0.81,0.81,참,참,0,332222.8692,4128543.222,332222.8692,4128543.222
389,332221.913,4128543.51,1788586501,37.28838176,127.1072659,94.7,332221.913,4128543.51,52N,거짓,0.7056,0.7056,참,참,0,332221.913,4128543.51,332221.913,4128543.51
390,332220.9888,4128543.891,1788586502,37.28838503,127.1072554,94.7,332220.9888,4128543.891,52N,거짓,0.7569,0.7569,참,참,0,332220.9888,4128543.891,332220.9888,4128543.891
391,332220.0523,4128544.239,1788586503,37.28838799,127.1072448,94.7,332220.0523,4128544.239,52N,거짓,0.731,0.731,참,참,0,332220.0523,4128544.239,332220.0523,4128544.239
392,332219.1259,4128544.613,1788586503,37.28839119,127.1072343,94.7,332219.1259,4128544.613,52N,거짓,0.731,0.731,참,참,0,332219.1259,4128544.613,332219.1259,4128544.613
393,332218.2127,4128545.019,1788586504,37.28839469,127.1072239,94.7,332218.2127,4128545.019,52N,거짓,0.7569,0.7569,참,참,0,332218.2127,4128545.019,332218.2127,4128545.019
394,332217.3155,4128545.459,1788586505,37.28839849,127.1072137,94.7,332217.3155,4128545.459,52N,거짓,0.7569,0.7569,참,참,0,332217.3155,4128545.459,332217.3155,4128545.459
395,332216.413,4128545.888,1788586506,37.28840219,127.1072034,94.7,332216.413,4128545.888,52N,거짓,0.81,0.81,참,참,0,332216.413,4128545.888,332216.413,4128545.888
396,332215.5017,4128546.299,1788586507,37.28840573,127.107193,94.7,332215.5017,4128546.299,52N,거짓,0.8372,0.8372,참,참,0,332215.5017,4128546.299,332215.5017,4128546.299
397,332214.5658,4128546.65,1788586508,37.28840872,127.1071824,94.7,332214.5658,4128546.65,52N,거짓,0.7832,0.7832,참,참,0,332214.5658,4128546.65,332214.5658,4128546.65
398,332213.6376,4128547.02,1788586509,37.28841189,127.1071718,94.7,332213.6376,4128547.02,52N,거짓,0.81,0.81,참,참,0,332213.6376,4128547.02,332213.6376,4128547.02
399,332212.7042,4128547.378,1788586510,37.28841494,127.1071612,94.7,332212.7042,4128547.378,52N,거짓,0.7569,0.7569,참,참,0,332212.7042,4128547.378,332212.7042,4128547.378
400,332211.7932,4128547.787,1788586511,37.28841847,127.1071509,94.7,332211.7932,4128547.787,52N,거짓,0.731,0.731,참,참,0,332211.7932,4128547.787,332211.7932,4128547.787
401,332210.8961,4128548.228,1788586511,37.28842228,127.1071406,94.7,332210.8961,4128548.228,52N,거짓,0.7056,0.7056,참,참,0,332210.8961,4128548.228,332210.8961,4128548.228
402,332210.0491,4128548.758,1788586512,37.2884269,127.107131,94.6,332210.0491,4128548.758,52N,거짓,0.7569,0.7569,참,참,0,332210.0491,4128548.758,332210.0491,4128548.758
403,332209.3274,4128549.449,1788586513,37.28843299,127.1071227,94.6,332209.3274,4128549.449,52N,거짓,0.731,0.731,참,참,0,332209.3274,4128549.449,332209.3274,4128549.449
404,332208.8542,4128550.328,1788586514,37.28844082,127.1071171,94.6,332208.8542,4128550.328,52N,거짓,0.7832,0.7832,참,참,0,332208.8542,4128550.328,332208.8542,4128550.328
405,332208.5554,4128551.28,1788586515,37.28844935,127.1071136,94.6,332208.5554,4128551.28,52N,거짓,0.6806,0.6806,참,참,0,332208.5554,4128551.28,332208.5554,4128551.28
406,332208.4508,4128552.271,1788586516,37.28845826,127.1071122,94.6,332208.4508,4128552.271,52N,거짓,0.7832,0.7832,참,참,0,332208.4508,4128552.271,332208.4508,4128552.271
407,332208.4689,4128553.27,1788586517,37.28846727,127.1071121,94.6,332208.4689,4128553.27,52N,거짓,0.7056,0.7056,참,참,0,332208.4689,4128553.27,332208.4689,4128553.27
408,332208.5736,4128554.265,1788586518,37.28847624,127.1071131,94.6,332208.5736,4128554.265,52N,거짓,0.6561,0.6561,참,참,0,332208.5736,4128554.265,332208.5736,4128554.265
409,332208.7611,4128555.246,1788586519,37.28848511,127.107115,94.6,332208.7611,4128555.246,52N,거짓,0.7056,0.7056,참,참,0,332208.7611,4128555.246,332208.7611,4128555.246
410,332209.0233,4128556.21,1788586520,37.28849384,127.1071177,94.6,332209.0233,4128556.21,52N,거짓,0.7056,0.7056,참,참,0,332209.0233,4128556.21,332209.0233,4128556.21
411,332209.3272,4128557.162,1788586521,37.28850248,127.1071209,94.7,332209.3272,4128557.162,52N,거짓,0.7056,0.7056,참,참,0,332209.3272,4128557.162,332209.3272,4128557.162
412,332209.7394,4128558.072,1788586521,37.28851075,127.1071254,94.6,332209.7394,4128558.072,52N,거짓,0.7056,0.7056,참,참,0,332209.7394,4128558.072,332209.7394,4128558.072
413,332210.1744,4128558.972,1788586522,37.28851894,127.1071301,94.6,332210.1744,4128558.972,52N,거짓,0.6561,0.6561,참,참,0,332210.1744,4128558.972,332210.1744,4128558.972
414,332210.5778,4128559.887,1788586523,37.28852725,127.1071344,94.7,332210.5778,4128559.887,52N,거짓,0.6561,0.6561,참,참,0,332210.5778,4128559.887,332210.5778,4128559.887
415,332210.9798,4128560.802,1788586524,37.28853557,127.1071387,94.7,332210.9798,4128560.802,52N,거짓,0.6561,0.6561,참,참,0,332210.9798,4128560.802,332210.9798,4128560.802
416,332211.372,4128561.722,1788586525,37.28854393,127.107143,94.7,332211.372,4128561.722,52N,거짓,0.6561,0.6561,참,참,0,332211.372,4128561.722,332211.372,4128561.722
417,332211.7678,4128562.639,1788586525,37.28855227,127.1071472,94.7,332211.7678,4128562.639,52N,거짓,0.6561,0.6561,참,참,0,332211.7678,4128562.639,332211.7678,4128562.639
418,332212.153,4128563.562,1788586526,37.28856065,127.1071514,94.7,332212.153,4128563.562,52N,거짓,0.6561,0.6561,참,참,0,332212.153,4128563.562,332212.153,4128563.562
419,332212.5318,4128564.487,1788586527,37.28856905,127.1071554,94.7,332212.5318,4128564.487,52N,거짓,0.6561,0.6561,참,참,0,332212.5318,4128564.487,332212.5318,4128564.487
420,332212.9417,4128565.398,1788586528,37.28857733,127.1071598,94.7,332212.9417,4128565.398,52N,거짓,0.6561,0.6561,참,참,0,332212.9417,4128565.398,332212.9417,4128565.398
421,332213.3197,4128566.322,1788586529,37.28858572,127.1071639,94.7,332213.3197,4128566.322,52N,거짓,0.6561,0.6561,참,참,0,332213.3197,4128566.322,332213.3197,4128566.322
422,332213.7307,4128567.234,1788586529,37.28859401,127.1071683,94.7,332213.7307,4128567.234,52N,거짓,0.6561,0.6561,참,참,0,332213.7307,4128567.234,332213.7307,4128567.234
423,332214.1971,4128568.117,1788586530,37.28860206,127.1071734,94.7,332214.1971,4128568.117,52N,거짓,0.6561,0.6561,참,참,0,332214.1971,4128568.117,332214.1971,4128568.117
424,332214.5919,4128569.036,1788586531,37.2886104,127.1071776,94.7,332214.5919,4128569.036,52N,거짓,0.6561,0.6561,참,참,0,332214.5919,4128569.036,332214.5919,4128569.036
425,332215.011,4128569.944,1788586532,37.28861866,127.1071821,94.7,332215.011,4128569.944,52N,거짓,0.6561,0.6561,참,참,0,332215.011,4128569.944,332215.011,4128569.944
426,332215.4767,4128570.829,1788586533,37.28862671,127.1071872,94.7,332215.4767,4128570.829,52N,거짓,0.6084,0.6084,참,참,0,332215.4767,4128570.829,332215.4767,4128570.829
427,332215.9117,4128571.729,1788586533,37.2886349,127.1071919,94.6,332215.9117,4128571.729,52N,거짓,0.6084,0.6084,참,참,0,332215.9117,4128571.729,332215.9117,4128571.729
428,332216.3315,4128572.636,1788586534,37.28864315,127.1071964,94.6,332216.3315,4128572.636,52N,거짓,0.6561,0.6561,참,참,0,332216.3315,4128572.636,332216.3315,4128572.636
429,332216.7179,4128573.557,1788586535,37.28865152,127.1072006,94.6,332216.7179,4128573.557,52N,거짓,0.6084,0.6084,참,참,0,332216.7179,4128573.557,332216.7179,4128573.557
430,332217.0738,4128574.491,1788586536,37.28865999,127.1072044,94.6,332217.0738,4128574.491,52N,거짓,0.632,0.632,참,참,0,332217.0738,4128574.491,332217.0738,4128574.491
431,332217.3743,4128575.444,1788586537,37.28866864,127.1072075,94.6,332217.3743,4128575.444,52N,거짓,0.6084,0.6084,참,참,0,332217.3743,4128575.444,332217.3743,4128575.444
432,332217.5431,4128576.429,1788586537,37.28867754,127.1072092,94.7,332217.5431,4128576.429,52N,거짓,0.632,0.632,참,참,0,332217.5431,4128576.429,332217.5431,4128576.429
433,332217.7167,4128577.413,1788586538,37.28868644,127.107211,94.7,332217.7167,4128577.413,52N,거짓,0.6084,0.6084,참,참,0,332217.7167,4128577.413,332217.7167,4128577.413
434,332217.954,4128578.383,1788586539,37.28869522,127.1072134,94.7,332217.954,4128578.383,52N,거짓,0.632,0.632,참,참,0,332217.954,4128578.383,332217.954,4128578.383
435,332218.0697,4128579.374,1788586540,37.28870417,127.1072145,94.7,332218.0697,4128579.374,52N,거짓,0.632,0.632,참,참,0,332218.0697,4128579.374,332218.0697,4128579.374
436,332218.0253,4128580.372,1788586540,37.28871315,127.1072138,94.7,332218.0253,4128580.372,52N,거짓,0.632,0.632,참,참,0,332218.0253,4128580.372,332218.0253,4128580.372
437,332217.8617,4128581.357,1788586541,37.288722,127.1072117,94.7,332217.8617,4128581.357,52N,거짓,0.7056,0.7056,참,참,0,332217.8617,4128581.357,332217.8617,4128581.357
438,332217.4341,4128582.252,1788586542,37.28872998,127.1072067,94.7,332217.4341,4128582.252,52N,거짓,0.632,0.632,참,참,0,332217.4341,4128582.252,332217.4341,4128582.252
439,332216.7613,4128582.989,1788586543,37.2887365,127.1071989,94.7,332216.7613,4128582.989,52N,거짓,0.632,0.632,참,참,0,332216.7613,4128582.989,332216.7613,4128582.989
440,332216.0014,4128583.638,1788586543,37.28874221,127.1071902,94.7,332216.0014,4128583.638,52N,거짓,0.7056,0.7056,참,참,0,332216.0014,4128583.638,332216.0014,4128583.638
441,332215.1587,4128584.176,1788586544,37.2887469,127.1071806,94.7,332215.1587,4128584.176,52N,거짓,0.6561,0.6561,참,참,0,332215.1587,4128584.176,332215.1587,4128584.176
442,332214.289,4128584.668,1788586545,37.28875118,127.1071707,94.6,332214.289,4128584.668,52N,거짓,0.6561,0.6561,참,참,0,332214.289,4128584.668,332214.289,4128584.668
443,332213.4002,4128585.126,1788586546,37.28875515,127.1071605,94.6,332213.4002,4128585.126,52N,거짓,0.6084,0.6084,참,참,0,332213.4002,4128585.126,332213.4002,4128585.126
444,332212.4929,4128585.546,1788586546,37.28875876,127.1071502,94.6,332212.4929,4128585.546,52N,거짓,0.6561,0.6561,참,참,0,332212.4929,4128585.546,332212.4929,4128585.546
445,332211.5946,4128585.985,1788586547,37.28876256,127.10714,94.6,332211.5946,4128585.985,52N,거짓,0.6084,0.6084,참,참,0,332211.5946,4128585.985,332211.5946,4128585.985
446,332210.6936,4128586.418,1788586548,37.2887663,127.1071297,94.5,332210.6936,4128586.418,52N,거짓,0.6084,0.6084,참,참,0,332210.6936,4128586.418,332210.6936,4128586.418
447,332209.7746,4128586.809,1788586548,37.28876965,127.1071193,94.6,332209.7746,4128586.809,52N,거짓,0.6084,0.6084,참,참,0,332209.7746,4128586.809,332209.7746,4128586.809
448,332208.8717,4128587.238,1788586549,37.28877335,127.107109,94.5,332208.8717,4128587.238,52N,거짓,0.6084,0.6084,참,참,0,332208.8717,4128587.238,332208.8717,4128587.238
449,332207.9728,4128587.676,1788586550,37.28877713,127.1070988,94.6,332207.9728,4128587.676,52N,거짓,0.6084,0.6084,참,참,0,332207.9728,4128587.676,332207.9728,4128587.676
450,332207.0533,4128588.068,1788586551,37.2887805,127.1070883,94.5,332207.0533,4128588.068,52N,거짓,0.6084,0.6084,참,참,0,332207.0533,4128588.068,332207.0533,4128588.068
451,332206.1318,4128588.456,1788586552,37.28878383,127.1070778,94.6,332206.1318,4128588.456,52N,거짓,0.6084,0.6084,참,참,0,332206.1318,4128588.456,332206.1318,4128588.456
452,332205.2192,4128588.864,1788586552,37.28878735,127.1070675,94.6,332205.2192,4128588.864,52N,거짓,0.6561,0.6561,참,참,0,332205.2192,4128588.864,332205.2192,4128588.864
453,332204.3019,4128589.262,1788586553,37.28879077,127.107057,94.6,332204.3019,4128589.262,52N,거짓,0.7056,0.7056,참,참,0,332204.3019,4128589.262,332204.3019,4128589.262
454,332203.3841,4128589.658,1788586554,37.28879417,127.1070466,94.6,332203.3841,4128589.658,52N,거짓,0.6084,0.6084,참,참,0,332203.3841,4128589.658,332203.3841,4128589.658
455,332202.4758,4128590.075,1788586555,37.28879776,127.1070363,94.6,332202.4758,4128590.075,52N,거짓,0.6084,0.6084,참,참,0,332202.4758,4128590.075,332202.4758,4128590.075
456,332201.5485,4128590.448,1788586555,37.28880095,127.1070257,94.6,332201.5485,4128590.448,52N,거짓,0.6084,0.6084,참,참,0,332201.5485,4128590.448,332201.5485,4128590.448
457,332200.6163,4128590.81,1788586556,37.28880404,127.1070151,94.6,332200.6163,4128590.81,52N,거짓,0.6561,0.6561,참,참,0,332200.6163,4128590.81,332200.6163,4128590.81
458,332199.7086,4128591.226,1788586557,37.28880763,127.1070048,94.6,332199.7086,4128591.226,52N,거짓,0.6561,0.6561,참,참,0,332199.7086,4128591.226,332199.7086,4128591.226
459,332198.7879,4128591.616,1788586557,37.28881097,127.1069943,94.6,332198.7879,4128591.616,52N,거짓,0.6561,0.6561,참,참,0,332198.7879,4128591.616,332198.7879,4128591.616
460,332197.8658,4128592.001,1788586558,37.28881428,127.1069838,94.6,332197.8658,4128592.001,52N,거짓,0.6561,0.6561,참,참,0,332197.8658,4128592.001,332197.8658,4128592.001
461,332196.9558,4128592.414,1788586559,37.28881784,127.1069735,94.6,332196.9558,4128592.414,52N,거짓,0.6561,0.6561,참,참,0,332196.9558,4128592.414,332196.9558,4128592.414
462,332196.0258,4128592.781,1788586560,37.28882097,127.1069629,94.6,332196.0258,4128592.781,52N,거짓,0.6561,0.6561,참,참,0,332196.0258,4128592.781,332196.0258,4128592.781
463,332195.0925,4128593.139,1788586560,37.28882403,127.1069523,94.6,332195.0925,4128593.139,52N,거짓,0.6561,0.6561,참,참,0,332195.0925,4128593.139,332195.0925,4128593.139
464,332194.1696,4128593.522,1788586561,37.28882731,127.1069418,94.6,332194.1696,4128593.522,52N,거짓,0.6084,0.6084,참,참,0,332194.1696,4128593.522,332194.1696,4128593.522
465,332193.2535,4128593.922,1788586562,37.28883076,127.1069314,94.6,332193.2535,4128593.922,52N,거짓,0.6084,0.6084,참,참,0,332193.2535,4128593.922,332193.2535,4128593.922
466,332192.3325,4128594.312,1788586563,37.2888341,127.1069209,94.6,332192.3325,4128594.312,52N,거짓,0.6084,0.6084,참,참,0,332192.3325,4128594.312,332192.3325,4128594.312
467,332191.4132,4128594.705,1788586563,37.28883748,127.1069105,94.6,332191.4132,4128594.705,52N,거짓,0.6084,0.6084,참,참,0,332191.4132,4128594.705,332191.4132,4128594.705
468,332190.4931,4128595.096,1788586564,37.28884083,127.1069,94.6,332190.4931,4128595.096,52N,거짓,0.6084,0.6084,참,참,0,332190.4931,4128595.096,332190.4931,4128595.096
469,332189.568,4128595.474,1788586565,37.28884407,127.1068895,94.6,332189.568,4128595.474,52N,거짓,0.6084,0.6084,참,참,0,332189.568,4128595.474,332189.568,4128595.474
470,332188.6513,4128595.872,1788586565,37.28884749,127.1068791,94.6,332188.6513,4128595.872,52N,거짓,0.6084,0.6084,참,참,0,332188.6513,4128595.872,332188.6513,4128595.872
471,332187.7243,4128596.246,1788586566,37.2888507,127.1068685,94.5,332187.7243,4128596.246,52N,거짓,0.6561,0.6561,참,참,0,332187.7243,4128596.246,332187.7243,4128596.246
472,332186.7948,4128596.615,1788586567,37.28885385,127.106858,94.5,332186.7948,4128596.615,52N,거짓,0.6561,0.6561,참,참,0,332186.7948,4128596.615,332186.7948,4128596.615
473,332185.8821,4128597.023,1788586568,37.28885736,127.1068476,94.5,332185.8821,4128597.023,52N,거짓,0.6561,0.6561,참,참,0,332185.8821,4128597.023,332185.8821,4128597.023
474,332184.9632,4128597.415,1788586568,37.28886073,127.1068371,94.5,332184.9632,4128597.415,52N,거짓,0.6561,0.6561,참,참,0,332184.9632,4128597.415,332184.9632,4128597.415
475,332184.0566,4128597.836,1788586569,37.28886436,127.1068268,94.5,332184.0566,4128597.836,52N,거짓,0.6084,0.6084,참,참,0,332184.0566,4128597.836,332184.0566,4128597.836
476,332183.1402,4128598.235,1788586570,37.28886778,127.1068164,94.5,332183.1402,4128598.235,52N,거짓,0.6084,0.6084,참,참,0,332183.1402,4128598.235,332183.1402,4128598.235
477,332182.2106,4128598.602,1788586570,37.28887093,127.1068058,94.5,332182.2106,4128598.602,52N,거짓,0.6084,0.6084,참,참,0,332182.2106,4128598.602,332182.2106,4128598.602
478,332181.265,4128598.924,1788586571,37.28887366,127.1067951,94.5,332181.265,4128598.924,52N,거짓,0.6084,0.6084,참,참,0,332181.265,4128598.924,332181.265,4128598.924
479,332180.3167,4128599.241,1788586572,37.28887633,127.1067843,94.5,332180.3167,4128599.241,52N,거짓,0.6084,0.6084,참,참,0,332180.3167,4128599.241,332180.3167,4128599.241
480,332179.3481,4128599.487,1788586573,37.28887838,127.1067733,94.6,332179.3481,4128599.487,52N,거짓,0.6084,0.6084,참,참,0,332179.3481,4128599.487,332179.3481,4128599.487
481,332178.3803,4128599.738,1788586573,37.28888046,127.1067624,94.6,332178.3803,4128599.738,52N,거짓,0.8372,0.8372,참,참,0,332178.3803,4128599.738,332178.3803,4128599.738
482,332177.3863,4128599.804,1788586574,37.28888088,127.1067512,94.6,332177.3863,4128599.804,52N,거짓,0.6084,0.6084,참,참,0,332177.3863,4128599.804,332177.3863,4128599.804
483,332176.4094,4128599.602,1788586575,37.28887888,127.1067402,94.6,332176.4094,4128599.602,52N,거짓,0.7056,0.7056,참,참,0,332176.4094,4128599.602,332176.4094,4128599.602
484,332175.4582,4128599.301,1788586575,37.288876,127.1067295,94.6,332175.4582,4128599.301,52N,거짓,0.6561,0.6561,참,참,0,332175.4582,4128599.301,332175.4582,4128599.301
485,332174.5434,4128598.898,1788586576,37.2888722,127.1067193,94.6,332174.5434,4128598.898,52N,거짓,0.731,0.731,참,참,0,332174.5434,4128598.898,332174.5434,4128598.898
486,332173.6612,4128598.427,1788586577,37.28886781,127.1067095,94.6,332173.6612,4128598.427,52N,거짓,0.7056,0.7056,참,참,0,332173.6612,4128598.427,332173.6612,4128598.427
487,332172.8702,4128597.818,1788586578,37.28886218,127.1067007,94.6,332172.8702,4128597.818,52N,거짓,0.6561,0.6561,참,참,0,332172.8702,4128597.818,332172.8702,4128597.818
488,332172.1232,4128597.154,1788586578,37.28885606,127.1066924,94.6,332172.1232,4128597.154,52N,거짓,0.731,0.731,참,참,0,332172.1232,4128597.154,332172.1232,4128597.154
489,332171.4395,4128596.424,1788586579,37.28884936,127.1066849,94.6,332171.4395,4128596.424,52N,거짓,0.731,0.731,참,참,0,332171.4395,4128596.424,332171.4395,4128596.424
490,332170.8434,4128595.623,1788586580,37.28884203,127.1066783,94.6,332170.8434,4128595.623,52N,거짓,0.6561,0.6561,참,참,0,332170.8434,4128595.623,332170.8434,4128595.623
491,332170.2517,4128594.817,1788586581,37.28883467,127.1066718,94.6,332170.2517,4128594.817,52N,거짓,0.731,0.731,참,참,0,332170.2517,4128594.817,332170.2517,4128594.817
492,332169.6969,4128593.986,1788586581,37.28882708,127.1066658,94.6,332169.6969,4128593.986,52N,거짓,0.6084,0.6084,참,참,0,332169.6969,4128593.986,332169.6969,4128593.986
493,332169.2098,4128593.113,1788586582,37.28881913,127.1066605,94.6,332169.2098,4128593.113,52N,거짓,0.6561,0.6561,참,참,0,332169.2098,4128593.113,332169.2098,4128593.113
494,332168.7409,4128592.23,1788586583,37.28881109,127.1066554,94.6,332168.7409,4128592.23,52N,거짓,0.6561,0.6561,참,참,0,332168.7409,4128592.23,332168.7409,4128592.23
495,332168.3182,4128591.324,1788586584,37.28880285,127.1066508,94.6,332168.3182,4128591.324,52N,거짓,0.6561,0.6561,참,참,0,332168.3182,4128591.324,332168.3182,4128591.324
496,332167.8878,4128590.422,1788586584,37.28879464,127.1066462,94.5,332167.8878,4128590.422,52N,거짓,0.6561,0.6561,참,참,0,332167.8878,4128590.422,332167.8878,4128590.422
497,332167.4622,4128589.518,1788586585,37.28878642,127.1066416,94.5,332167.4622,4128589.518,52N,거짓,0.6561,0.6561,참,참,0,332167.4622,4128589.518,332167.4622,4128589.518
498,332167.0542,4128588.605,1788586586,37.28877813,127.1066372,94.5,332167.0542,4128588.605,52N,거짓,0.6561,0.6561,참,참,0,332167.0542,4128588.605,332167.0542,4128588.605
499,332166.6035,4128587.713,1788586587,37.28877001,127.1066323,94.6,332166.6035,4128587.713,52N,거짓,0.7056,0.7056,참,참,0,332166.6035,4128587.713,332166.6035,4128587.713
500,332166.1529,4128586.82,1788586587,37.28876189,127.1066274,94.5,332166.1529,4128586.82,52N,거짓,0.7056,0.7056,참,참,0,332166.1529,4128586.82,332166.1529,4128586.82
501,332165.7031,4128585.929,1788586588,37.28875378,127.1066226,94.6,332165.7031,4128585.929,52N,거짓,0.6561,0.6561,참,참,0,332165.7031,4128585.929,332165.7031,4128585.929
502,332165.3145,4128585.008,1788586589,37.28874541,127.1066184,94.6,332165.3145,4128585.008,52N,거짓,0.6561,0.6561,참,참,0,332165.3145,4128585.008,332165.3145,4128585.008
503,332164.8997,4128584.098,1788586590,37.28873714,127.1066139,94.6,332164.8997,4128584.098,52N,거짓,0.731,0.731,참,참,0,332164.8997,4128584.098,332164.8997,4128584.098
504,332164.4663,4128583.197,1788586590,37.28872894,127.1066092,94.6,332164.4663,4128583.197,52N,거짓,0.6806,0.6806,참,참,0,332164.4663,4128583.197,332164.4663,4128583.197
505,332164.052,4128582.287,1788586591,37.28872066,127.1066048,94.6,332164.052,4128582.287,52N,거짓,0.7056,0.7056,참,참,0,332164.052,4128582.287,332164.052,4128582.287
506,332163.6169,4128581.387,1788586592,37.28871247,127.1066001,94.7,332163.6169,4128581.387,52N,거짓,0.6561,0.6561,참,참,0,332163.6169,4128581.387,332163.6169,4128581.387
507,332163.1759,4128580.489,1788586593,37.28870431,127.1065953,94.7,332163.1759,4128580.489,52N,거짓,0.6561,0.6561,참,참,0,332163.1759,4128580.489,332163.1759,4128580.489
508,332162.7954,4128579.565,1788586593,37.28869591,127.1065912,94.7,332162.7954,4128579.565,52N,거짓,0.7056,0.7056,참,참,0,332162.7954,4128579.565,332162.7954,4128579.565
509,332162.425,4128578.636,1788586594,37.28868748,127.1065872,94.7,332162.425,4128578.636,52N,거짓,0.7569,0.7569,참,참,0,332162.425,4128578.636,332162.425,4128578.636
510,332162.0692,4128577.702,1788586595,37.288679,127.1065834,94.6,332162.0692,4128577.702,52N,거짓,0.7569,0.7569,참,참,0,332162.0692,4128577.702,332162.0692,4128577.702
511,332161.7027,4128576.771,1788586596,37.28867055,127.1065795,94.6,332161.7027,4128576.771,52N,거짓,0.6806,0.6806,참,참,0,332161.7027,4128576.771,332161.7027,4128576.771
512,332161.3355,4128575.842,1788586596,37.28866211,127.1065756,94.6,332161.3355,4128575.842,52N,거짓,0.6806,0.6806,참,참,0,332161.3355,4128575.842,332161.3355,4128575.842
513,332160.9547,4128574.917,1788586597,37.28865371,127.1065715,94.6,332160.9547,4128574.917,52N,거짓,0.7569,0.7569,참,참,0,332160.9547,4128574.917,332160.9547,4128574.917
514,332160.6474,4128573.966,1788586598,37.28864509,127.1065683,94.6,332160.6474,4128573.966,52N,거짓,0.7569,0.7569,참,참,0,332160.6474,4128573.966,332160.6474,4128573.966
515,332160.4157,4128572.994,1788586598,37.28863628,127.1065659,94.6,332160.4157,4128572.994,52N,거짓,0.731,0.731,참,참,0,332160.4157,4128572.994,332160.4157,4128572.994
516,332160.2763,4128572.005,1788586599,37.28862735,127.1065645,94.6,332160.2763,4128572.005,52N,거짓,0.632,0.632,참,참,0,332160.2763,4128572.005,332160.2763,4128572.005
517,332160.2833,4128571.005,1788586600,37.28861835,127.1065648,94.6,332160.2833,4128571.005,52N,거짓,0.731,0.731,참,참,0,332160.2833,4128571.005,332160.2833,4128571.005
518,332160.4735,4128570.026,1788586601,37.28860956,127.1065672,94.6,332160.4735,4128570.026,52N,거짓,0.7569,0.7569,참,참,0,332160.4735,4128570.026,332160.4735,4128570.026
519,332160.7267,4128569.06,1788586601,37.2886009,127.1065703,94.6,332160.7267,4128569.06,52N,거짓,0.7056,0.7056,참,참,0,332160.7267,4128569.06,332160.7267,4128569.06
520,332161.0696,4128568.121,1788586602,37.28859251,127.1065743,94.6,332161.0696,4128568.121,52N,거짓,0.6561,0.6561,참,참,0,332161.0696,4128568.121,332161.0696,4128568.121
521,332161.5496,4128567.246,1788586603,37.28858471,127.1065799,94.6,332161.5496,4128567.246,52N,거짓,0.7056,0.7056,참,참,0,332161.5496,4128567.246,332161.5496,4128567.246
522,332162.1309,4128566.433,1788586604,37.28857749,127.1065867,94.5,332162.1309,4128566.433,52N,거짓,0.731,0.731,참,참,0,332162.1309,4128566.433,332162.1309,4128566.433
523,332162.7923,4128565.684,1788586604,37.28857086,127.1065943,94.5,332162.7923,4128565.684,52N,거짓,0.731,0.731,참,참,0,332162.7923,4128565.684,332162.7923,4128565.684
524,332163.566,4128565.055,1788586605,37.28856533,127.1066032,94.5,332163.566,4128565.055,52N,거짓,0.731,0.731,참,참,0,332163.566,4128565.055,332163.566,4128565.055
525,332164.3739,4128564.466,1788586606,37.28856017,127.1066124,94.5,332164.3739,4128564.466,52N,거짓,0.731,0.731,참,참,0,332164.3739,4128564.466,332164.3739,4128564.466
526,332165.2082,4128563.915,1788586607,37.28855536,127.1066219,94.4,332165.2082,4128563.915,52N,거짓,0.7056,0.7056,참,참,0,332165.2082,4128563.915,332165.2082,4128563.915
527,332166.0962,4128563.458,1788586607,37.2885514,127.1066321,94.5,332166.0962,4128563.458,52N,거짓,0.731,0.731,참,참,0,332166.0962,4128563.458,332166.0962,4128563.458
528,332167.0171,4128563.069,1788586608,37.28854807,127.1066425,94.5,332167.0171,4128563.069,52N,거짓,0.731,0.731,참,참,0,332167.0171,4128563.069,332167.0171,4128563.069
529,332167.9308,4128562.664,1788586609,37.28854458,127.1066529,94.5,332167.9308,4128562.664,52N,거짓,0.7056,0.7056,참,참,0,332167.9308,4128562.664,332167.9308,4128562.664
530,332168.8534,4128562.279,1788586610,37.28854127,127.1066634,94.5,332168.8534,4128562.279,52N,거짓,0.7056,0.7056,참,참,0,332168.8534,4128562.279,332168.8534,4128562.279
531,332169.7812,4128561.908,1788586610,37.28853811,127.106674,94.5,332169.7812,4128561.908,52N,거짓,0.731,0.731,참,참,0,332169.7812,4128561.908,332169.7812,4128561.908
532,332170.717,4128561.557,1788586611,37.28853511,127.1066846,94.6,332170.717,4128561.557,52N,거짓,0.731,0.731,참,참,0,332170.717,4128561.557,332170.717,4128561.557
533,332171.624,4128561.136,1788586612,37.28853148,127.1066949,94.6,332171.624,4128561.136,52N,거짓,0.731,0.731,참,참,0,332171.624,4128561.136,332171.624,4128561.136
534,332172.5342,4128560.722,1788586613,37.28852791,127.1067053,94.6,332172.5342,4128560.722,52N,거짓,0.731,0.731,참,참,0,332172.5342,4128560.722,332172.5342,4128560.722
535,332173.4535,4128560.329,1788586613,37.28852454,127.1067157,94.5,332173.4535,4128560.329,52N,거짓,0.7056,0.7056,참,참,0,332173.4535,4128560.329,332173.4535,4128560.329
536,332174.3606,4128559.91,1788586614,37.28852093,127.106726,94.5,332174.3606,4128559.91,52N,거짓,0.731,0.731,참,참,0,332174.3606,4128559.91,332174.3606,4128559.91
537,332175.2802,4128559.518,1788586615,37.28851757,127.1067365,94.5,332175.2802,4128559.518,52N,거짓,0.731,0.731,참,참,0,332175.2802,4128559.518,332175.2802,4128559.518
538,332176.195,4128559.115,1788586616,37.2885141,127.1067469,94.6,332176.195,4128559.115,52N,거짓,0.731,0.731,참,참,0,332176.195,4128559.115,332176.195,4128559.115
539,332177.0975,4128558.686,1788586616,37.28851039,127.1067572,94.6,332177.0975,4128558.686,52N,거짓,0.731,0.731,참,참,0,332177.0975,4128558.686,332177.0975,4128558.686
540,332178.0121,4128558.284,1788586617,37.28850694,127.1067676,94.6,332178.0121,4128558.284,52N,거짓,0.7832,0.7832,참,참,0,332178.0121,4128558.284,332178.0121,4128558.284
541,332178.9426,4128557.921,1788586618,37.28850383,127.1067782,94.6,332178.9426,4128557.921,52N,거짓,0.7056,0.7056,참,참,0,332178.9426,4128557.921,332178.9426,4128557.921
542,332179.8875,4128557.595,1788586619,37.28850107,127.1067889,94.6,332179.8875,4128557.595,52N,거짓,0.7056,0.7056,참,참,0,332179.8875,4128557.595,332179.8875,4128557.595
543,332180.8088,4128557.207,1788586620,37.28849774,127.1067994,94.6,332180.8088,4128557.207,52N,거짓,0.7056,0.7056,참,참,0,332180.8088,4128557.207,332180.8088,4128557.207
544,332181.7178,4128556.791,1788586620,37.28849415,127.1068097,94.6,332181.7178,4128556.791,52N,거짓,0.7832,0.7832,참,참,0,332181.7178,4128556.791,332181.7178,4128556.791
545,332182.6412,4128556.408,1788586621,37.28849087,127.1068202,94.6,332182.6412,4128556.408,52N,거짓,0.7056,0.7056,참,참,0,332182.6412,4128556.408,332182.6412,4128556.408
546,332183.5586,4128556.011,1788586622,37.28848746,127.1068306,94.6,332183.5586,4128556.011,52N,거짓,0.7056,0.7056,참,참,0,332183.5586,4128556.011,332183.5586,4128556.011
547,332184.483,4128555.629,1788586623,37.28848419,127.1068412,94.7,332184.483,4128555.629,52N,거짓,0.7056,0.7056,참,참,0,332184.483,4128555.629,332184.483,4128555.629
548,332185.4054,4128555.243,1788586624,37.28848088,127.1068516,94.6,332185.4054,4128555.243,52N,거짓,0.7056,0.7056,참,참,0,332185.4054,4128555.243,332185.4054,4128555.243
549,332186.3279,4128554.857,1788586624,37.28847757,127.1068621,94.6,332186.3279,4128554.857,52N,거짓,0.7056,0.7056,참,참,0,332186.3279,4128554.857,332186.3279,4128554.857
550,332187.2633,4128554.504,1788586625,37.28847456,127.1068728,94.6,332187.2633,4128554.504,52N,거짓,0.6561,0.6561,참,참,0,332187.2633,4128554.504,332187.2633,4128554.504
551,332188.1943,4128554.14,1788586626,37.28847144,127.1068833,94.6,332188.1943,4128554.14,52N,거짓,0.7056,0.7056,참,참,0,332188.1943,4128554.14,332188.1943,4128554.14
552,332189.0958,4128553.708,1788586627,37.28846772,127.1068936,94.7,332189.0958,4128553.708,52N,거짓,0.7056,0.7056,참,참,0,332189.0958,4128553.708,332189.0958,4128553.708
553,332190.0085,4128553.301,1788586628,37.28846421,127.106904,94.6,332190.0085,4128553.301,52N,거짓,0.7056,0.7056,참,참,0,332190.0085,4128553.301,332190.0085,4128553.301
554,332190.9104,4128552.869,1788586629,37.28846048,127.1069142,94.6,332190.9104,4128552.869,52N,거짓,0.731,0.731,참,참,0,332190.9104,4128552.869,332190.9104,4128552.869
555,332191.8295,4128552.475,1788586629,37.2884571,127.1069247,94.6,332191.8295,4128552.475,52N,거짓,0.7056,0.7056,참,참,0,332191.8295,4128552.475,332191.8295,4128552.475
556,332192.7347,4128552.05,1788586630,37.28845343,127.106935,94.6,332192.7347,4128552.05,52N,거짓,0.7056,0.7056,참,참,0,332192.7347,4128552.05,332192.7347,4128552.05
557,332193.6581,4128551.667,1788586631,37.28845015,127.1069455,94.6,332193.6581,4128551.667,52N,거짓,0.731,0.731,참,참,0,332193.6581,4128551.667,332193.6581,4128551.667
558,332194.5871,4128551.297,1788586632,37.28844698,127.1069561,94.6,332194.5871,4128551.297,52N,거짓,0.731,0.731,참,참,0,332194.5871,4128551.297,332194.5871,4128551.297
559,332195.5092,4128550.911,1788586633,37.28844367,127.1069665,94.6,332195.5092,4128550.911,52N,거짓,0.731,0.731,참,참,0,332195.5092,4128550.911,332195.5092,4128550.911
560,332196.4068,4128550.472,1788586633,37.28843988,127.1069768,94.6,332196.4068,4128550.472,52N,거짓,0.731,0.731,참,참,0,332196.4068,4128550.472,332196.4068,4128550.472
561,332197.3133,4128550.051,1788586634,37.28843625,127.1069871,94.6,332197.3133,4128550.051,52N,거짓,0.7832,0.7832,참,참,0,332197.3133,4128550.051,332197.3133,4128550.051
562,332198.2159,4128549.621,1788586635,37.28843254,127.1069974,94.6,332198.2159,4128549.621,52N,거짓,0.7056,0.7056,참,참,0,332198.2159,4128549.621,332198.2159,4128549.621
563,332199.1209,4128549.196,1788586636,37.28842887,127.1070077,94.6,332199.1209,4128549.196,52N,거짓,0.731,0.731,참,참,0,332199.1209,4128549.196,332199.1209,4128549.196
564,332200.0534,4128548.838,1788586637,37.28842582,127.1070182,94.6,332200.0534,4128548.838,52N,거짓,0.7056,0.7056,참,참,0,332200.0534,4128548.838,332200.0534,4128548.838
565,332201.0005,4128548.519,1788586637,37.28842311,127.107029,94.6,332201.0005,4128548.519,52N,거짓,0.7056,0.7056,참,참,0,332201.0005,4128548.519,332201.0005,4128548.519
566,332201.9316,4128548.155,1788586638,37.28842,127.1070396,94.7,332201.9316,4128548.155,52N,거짓,0.731,0.731,참,참,0,332201.9316,4128548.155,332201.9316,4128548.155
567,332202.85,4128547.76,1788586639,37.28841661,127.10705,94.7,332202.85,4128547.76,52N,거짓,0.7832,0.7832,참,참,0,332202.85,4128547.76,332202.85,4128547.76
568,332203.7597,4128547.346,1788586640,37.28841304,127.1070604,94.6,332203.7597,4128547.346,52N,거짓,0.7056,0.7056,참,참,0,332203.7597,4128547.346,332203.7597,4128547.346
569,332204.6897,4128546.979,1788586640,37.28840991,127.1070709,94.6,332204.6897,4128546.979,52N,거짓,0.7569,0.7569,참,참,0,332204.6897,4128546.979,332204.6897,4128546.979
570,332205.6201,4128546.613,1788586641,37.28840678,127.1070815,94.6,332205.6201,4128546.613,52N,거짓,0.7569,0.7569,참,참,0,332205.6201,4128546.613,332205.6201,4128546.613
571,332206.5415,4128546.225,1788586642,37.28840345,127.107092,94.6,332206.5415,4128546.225,52N,거짓,0.731,0.731,참,참,0,332206.5415,4128546.225,332206.5415,4128546.225
572,332207.4497,4128545.807,1788586643,37.28839984,127.1071023,94.6,332207.4497,4128545.807,52N,거짓,0.731,0.731,참,참,0,332207.4497,4128545.807,332207.4497,4128545.807
573,332208.3666,4128545.41,1788586643,37.28839643,127.1071128,94.6,332208.3666,4128545.41,52N,거짓,0.6806,0.6806,참,참,0,332208.3666,4128545.41,332208.3666,4128545.41
574,332209.284,4128545.015,1788586644,37.28839304,127.1071232,94.6,332209.284,4128545.015,52N,거짓,0.7056,0.7056,참,참,0,332209.284,4128545.015,332209.284,4128545.015
575,332210.1925,4128544.599,1788586645,37.28838945,127.1071335,94.6,332210.1925,4128544.599,52N,거짓,0.731,0.731,참,참,0,332210.1925,4128544.599,332210.1925,4128544.599
576,332211.1111,4128544.206,1788586646,37.28838608,127.107144,94.6,332211.1111,4128544.206,52N,거짓,0.7569,0.7569,참,참,0,332211.1111,4128544.206,332211.1111,4128544.206
577,332212.0321,4128543.817,1788586646,37.28838274,127.1071544,94.6,332212.0321,4128543.817,52N,거짓,0.7569,0.7569,참,참,0,332212.0321,4128543.817,332212.0321,4128543.817
578,332212.9448,4128543.408,1788586647,37.28837922,127.1071648,94.6,332212.9448,4128543.408,52N,거짓,0.7056,0.7056,참,참,0,332212.9448,4128543.408,332212.9448,4128543.408
579,332213.859,4128543.005,1788586648,37.28837576,127.1071752,94.6,332213.859,4128543.005,52N,거짓,0.7056,0.7056,참,참,0,332213.859,4128543.005,332213.859,4128543.005
580,332214.7805,4128542.617,1788586649,37.28837243,127.1071857,94.6,332214.7805,4128542.617,52N,거짓,0.731,0.731,참,참,0,332214.7805,4128542.617,332214.7805,4128542.617
581,332215.6998,4128542.226,1788586649,37.28836907,127.1071962,94.6,332215.6998,4128542.226,52N,거짓,0.731,0.731,참,참,0,332215.6998,4128542.226,332215.6998,4128542.226
582,332216.5933,4128541.778,1788586650,37.2883652,127.1072063,94.6,332216.5933,4128541.778,52N,거짓,0.7569,0.7569,참,참,0,332216.5933,4128541.778,332216.5933,4128541.778
583,332217.4896,4128541.336,1788586651,37.28836137,127.1072165,94.6,332217.4896,4128541.336,52N,거짓,0.7056,0.7056,참,참,0,332217.4896,4128541.336,332217.4896,4128541.336
584,332218.4103,4128540.952,1788586652,37.28835808,127.107227,94.5,332218.4103,4128540.952,52N,거짓,0.731,0.731,참,참,0,332218.4103,4128540.952,332218.4103,4128540.952
585,332219.3327,4128540.567,1788586652,37.28835478,127.1072375,94.5,332219.3327,4128540.567,52N,거짓,0.7569,0.7569,참,참,0,332219.3327,4128540.567,332219.3327,4128540.567
586,332220.2425,4128540.152,1788586653,37.28835121,127.1072479,94.5,332220.2425,4128540.152,52N,거짓,0.731,0.731,참,참,0,332220.2425,4128540.152,332220.2425,4128540.152
587,332221.1596,4128539.756,1788586654,37.2883478,127.1072583,94.6,332221.1596,4128539.756,52N,거짓,0.731,0.731,참,참,0,332221.1596,4128539.756,332221.1596,4128539.756
588,332222.077,4128539.359,1788586654,37.28834439,127.1072687,94.6,332222.077,4128539.359,52N,거짓,0.731,0.731,참,참,0,332222.077,4128539.359,332222.077,4128539.359
589,332222.998,4128538.97,1788586655,37.28834105,127.1072792,94.6,332222.998,4128538.97,52N,거짓,0.731,0.731,참,참,0,332222.998,4128538.97,332222.998,4128538.97
590,332223.9183,4128538.582,1788586656,37.28833773,127.1072897,94.6,332223.9183,4128538.582,52N,거짓,0.7056,0.7056,참,참,0,332223.9183,4128538.582,332223.9183,4128538.582
591,332224.8639,4128538.261,1788586657,37.288335,127.1073004,94.6,332224.8639,4128538.261,52N,거짓,0.731,0.731,참,참,0,332224.8639,4128538.261,332224.8639,4128538.261
592,332225.8408,4128538.052,1788586657,37.2883333,127.1073115,94.6,332225.8408,4128538.052,52N,거짓,0.731,0.731,참,참,0,332225.8408,4128538.052,332225.8408,4128538.052
593,332226.8341,4128537.94,1788586658,37.28833246,127.1073227,94.5,332226.8341,4128537.94,52N,거짓,0.7569,0.7569,참,참,0,332226.8341,4128537.94,332226.8341,4128537.94
594,332227.8331,4128537.927,1788586659,37.28833253,127.1073339,94.6,332227.8331,4128537.927,52N,거짓,0.7056,0.7056,참,참,0,332227.8331,4128537.927,332227.8331,4128537.927
595,332228.825,4128538.035,1788586660,37.28833368,127.1073451,94.6,332228.825,4128538.035,52N,거짓,0.731,0.731,참,참,0,332228.825,4128538.035,332228.825,4128538.035
596,332229.7837,4128538.312,1788586660,37.28833635,127.1073559,94.5,332229.7837,4128538.312,52N,거짓,0.7056,0.7056,참,참,0,332229.7837,4128538.312,332229.7837,4128538.312
597,332230.6743,4128538.76,1788586661,37.28834055,127.1073658,94.5,332230.6743,4128538.76,52N,거짓,0.7832,0.7832,참,참,0,332230.6743,4128538.76,332230.6743,4128538.76
598,332231.4743,4128539.359,1788586662,37.28834609,127.1073747,94.5,332231.4743,4128539.359,52N,거짓,0.7569,0.7569,참,참,0,332231.4743,4128539.359,332231.4743,4128539.359
599,332232.1804,4128540.066,1788586663,37.28835259,127.1073825,94.5,332232.1804,4128540.066,52N,거짓,0.7569,0.7569,참,참,0,332232.1804,4128540.066,332232.1804,4128540.066
600,332232.8101,4128540.841,1788586663,37.28835968,127.1073894,94.6,332232.8101,4128540.841,52N,거짓,0.8649,0.8649,참,참,0,332232.8101,4128540.841,332232.8101,4128540.841
601,332233.3766,4128541.664,1788586664,37.2883672,127.1073956,94.6,332233.3766,4128541.664,52N,거짓,0.8372,0.8372,참,참,0,332233.3766,4128541.664,332233.3766,4128541.664
602,332233.8391,4128542.551,1788586665,37.28837527,127.1074006,94.6,332233.8391,4128542.551,52N,거짓,0.81,0.81,참,참,0,332233.8391,4128542.551,332233.8391,4128542.551
603,332234.2879,4128543.443,1788586666,37.28838339,127.1074055,94.6,332234.2879,4128543.443,52N,거짓,0.7832,0.7832,참,참,0,332234.2879,4128543.443,332234.2879,4128543.443
604,332234.7526,4128544.328,1788586666,37.28839144,127.1074105,94.6,332234.7526,4128544.328,52N,거짓,0.8372,0.8372,참,참,0,332234.7526,4128544.328,332234.7526,4128544.328
605,332235.187,4128545.229,1788586667,37.28839964,127.1074152,94.6,332235.187,4128545.229,52N,거짓,0.81,0.81,참,참,0,332235.187,4128545.229,332235.187,4128545.229
606,332235.64,4128546.119,1788586668,37.28840774,127.1074201,94.7,332235.64,4128546.119,52N,거짓,0.8372,0.8372,참,참,0,332235.64,4128546.119,332235.64,4128546.119
607,332236.0218,4128547.043,1788586669,37.28841613,127.1074242,94.6,332236.0218,4128547.043,52N,거짓,0.7569,0.7569,참,참,0,332236.0218,4128547.043,332236.0218,4128547.043
608,332236.4088,4128547.965,1788586669,37.2884245,127.1074284,94.6,332236.4088,4128547.965,52N,거짓,0.7832,0.7832,참,참,0,332236.4088,4128547.965,332236.4088,4128547.965
609,332236.7613,4128548.898,1788586670,37.28843298,127.1074321,94.6,332236.7613,4128548.898,52N,거짓,0.7832,0.7832,참,참,0,332236.7613,4128548.898,332236.7613,4128548.898
610,332237.1267,4128549.829,1788586671,37.28844143,127.107436,94.6,332237.1267,4128549.829,52N,거짓,0.7832,0.7832,참,참,0,332237.1267,4128549.829,332237.1267,4128549.829
611,332237.49,4128550.76,1788586672,37.28844989,127.1074399,94.7,332237.49,4128550.76,52N,거짓,0.81,0.81,참,참,0,332237.49,4128550.76,332237.49,4128550.76
612,332237.8583,4128551.689,1788586672,37.28845832,127.1074439,94.7,332237.8583,4128551.689,52N,거짓,0.7832,0.7832,참,참,0,332237.8583,4128551.689,332237.8583,4128551.689
613,332238.2287,4128552.618,1788586673,37.28846675,127.1074478,94.7,332238.2287,4128552.618,52N,거짓,0.81,0.81,참,참,0,332238.2287,4128552.618,332238.2287,4128552.618
614,332238.6181,4128553.539,1788586674,37.28847512,127.107452,94.7,332238.6181,4128553.539,52N,거짓,0.81,0.81,참,참,0,332238.6181,4128553.539,332238.6181,4128553.539
615,332239.0569,4128554.436,1788586675,37.28848329,127.1074568,94.8,332239.0569,4128554.436,52N,거짓,0.7832,0.7832,참,참,0,332239.0569,4128554.436,332239.0569,4128554.436
616,332239.4776,4128555.343,1788586676,37.28849153,127.1074613,94.7,332239.4776,4128555.343,52N,거짓,0.731,0.731,참,참,0,332239.4776,4128555.343,332239.4776,4128555.343
617,332239.8713,4128556.262,1788586676,37.28849988,127.1074655,94.7,332239.8713,4128556.262,52N,거짓,0.731,0.731,참,참,0,332239.8713,4128556.262,332239.8713,4128556.262
618,332240.2592,4128557.183,1788586677,37.28850825,127.1074697,94.6,332240.2592,4128557.183,52N,거짓,0.731,0.731,참,참,0,332240.2592,4128557.183,332240.2592,4128557.183
619,332240.6668,4128558.096,1788586678,37.28851655,127.1074741,94.7,332240.6668,4128558.096,52N,거짓,0.81,0.81,참,참,0,332240.6668,4128558.096,332240.6668,4128558.096
620,332241.0514,4128559.018,1788586679,37.28852493,127.1074782,94.7,332241.0514,4128559.018,52N,거짓,0.7832,0.7832,참,참,0,332241.0514,4128559.018,332241.0514,4128559.018
621,332241.4084,4128559.952,1788586679,37.2885334,127.107482,94.7,332241.4084,4128559.952,52N,거짓,0.7832,0.7832,참,참,0,332241.4084,4128559.952,332241.4084,4128559.952
622,332241.815,4128560.865,1788586680,37.2885417,127.1074864,94.7,332241.815,4128560.865,52N,거짓,0.81,0.81,참,참,0,332241.815,4128560.865,332241.815,4128560.865
623,332242.2555,4128561.762,1788586681,37.28854986,127.1074912,94.7,332242.2555,4128561.762,52N,거짓,0.7569,0.7569,참,참,0,332242.2555,4128561.762,332242.2555,4128561.762
624,332242.6819,4128562.667,1788586682,37.28855809,127.1074958,94.7,332242.6819,4128562.667,52N,거짓,0.731,0.731,참,참,0,332242.6819,4128562.667,332242.6819,4128562.667
625,332243.0599,4128563.593,1788586682,37.2885665,127.1074998,94.7,332243.0599,4128563.593,52N,거짓,0.731,0.731,참,참,0,332243.0599,4128563.593,332243.0599,4128563.593
626,332243.4432,4128564.516,1788586683,37.28857488,127.107504,94.7,332243.4432,4128564.516,52N,거짓,0.731,0.731,참,참,0,332243.4432,4128564.516,332243.4432,4128564.516
627,332243.8807,4128565.415,1788586684,37.28858306,127.1075087,94.7,332243.8807,4128565.415,52N,거짓,0.731,0.731,참,참,0,332243.8807,4128565.415,332243.8807,4128565.415
628,332244.2384,4128566.348,1788586685,37.28859154,127.1075125,94.7,332244.2384,4128566.348,52N,거짓,0.7832,0.7832,참,참,0,332244.2384,4128566.348,332244.2384,4128566.348
629,332244.5624,4128567.294,1788586685,37.28860011,127.1075159,94.6,332244.5624,4128567.294,52N,거짓,0.731,0.731,참,참,0,332244.5624,4128567.294,332244.5624,4128567.294
630,332244.8825,4128568.241,1788586686,37.2886087,127.1075193,94.6,332244.8825,4128568.241,52N,거짓,0.81,0.81,참,참,0,332244.8825,4128568.241,332244.8825,4128568.241
631,332245.1409,4128569.207,1788586687,37.28861745,127.107522,94.6,332245.1409,4128569.207,52N,거짓,0.731,0.731,참,참,0,332245.1409,4128569.207,332245.1409,4128569.207
632,332245.3987,4128570.172,1788586688,37.2886262,127.1075247,94.6,332245.3987,4128570.172,52N,거짓,0.731,0.731,참,참,0,332245.3987,4128570.172,332245.3987,4128570.172
633,332245.6755,4128571.133,1788586688,37.2886349,127.1075276,94.7,332245.6755,4128571.133,52N,거짓,0.7056,0.7056,참,참,0,332245.6755,4128571.133,332245.6755,4128571.133
634,332245.6713,4128572.128,1788586689,37.28864387,127.1075274,94.7,332245.6713,4128572.128,52N,거짓,0.7056,0.7056,참,참,0,332245.6713,4128572.128,332245.6713,4128572.128
635,332245.2936,4128573.048,1788586690,37.28865209,127.1075229,94.7,332245.2936,4128573.048,52N,거짓,0.731,0.731,참,참,0,332245.2936,4128573.048,332245.2936,4128573.048
636,332244.7598,4128573.892,1788586690,37.2886596,127.1075167,94.7,332244.7598,4128573.892,52N,거짓,0.7056,0.7056,참,참,0,332244.7598,4128573.892,332244.7598,4128573.892
637,332244.0839,4128574.628,1788586691,37.2886661,127.1075089,94.6,332244.0839,4128574.628,52N,거짓,0.7569,0.7569,참,참,0,332244.0839,4128574.628,332244.0839,4128574.628
638,332243.3054,4128575.253,1788586692,37.28867159,127.1075,94.6,332243.3054,4128575.253,52N,거짓,0.6806,0.6806,참,참,0,332243.3054,4128575.253,332243.3054,4128575.253
639,332242.4467,4128575.763,1788586693,37.28867604,127.1074902,94.6,332242.4467,4128575.763,52N,거짓,0.6806,0.6806,참,참,0,332242.4467,4128575.763,332242.4467,4128575.763
640,332241.5435,4128576.193,1788586693,37.28867974,127.1074799,94.6,332241.5435,4128576.193,52N,거짓,0.8372,0.8372,참,참,0,332241.5435,4128576.193,332241.5435,4128576.193
641,332240.6317,4128576.603,1788586694,37.28868327,127.1074695,94.7,332240.6317,4128576.603,52N,거짓,0.7569,0.7569,참,참,0,332240.6317,4128576.603,332240.6317,4128576.603
642,332239.7411,4128577.056,1788586695,37.28868719,127.1074594,94.6,332239.7411,4128577.056,52N,거짓,0.7569,0.7569,참,참,0,332239.7411,4128577.056,332239.7411,4128577.056
643,332238.828,4128577.464,1788586695,37.2886907,127.107449,94.6,332238.828,4128577.464,52N,거짓,0.7056,0.7056,참,참,0,332238.828,4128577.464,332238.828,4128577.464
644,332237.9024,4128577.839,1788586696,37.28869392,127.1074385,94.6,332237.9024,4128577.839,52N,거짓,0.6806,0.6806,참,참,0,332237.9024,4128577.839,332237.9024,4128577.839
645,332236.9482,4128578.138,1788586697,37.28869643,127.1074276,94.6,332236.9482,4128578.138,52N,거짓,0.6806,0.6806,참,참,0,332236.9482,4128578.138,332236.9482,4128578.138
646,332235.9643,4128578.306,1788586698,37.28869777,127.1074165,94.6,332235.9643,4128578.306,52N,거짓,0.632,0.632,참,참,0,332235.9643,4128578.306,332235.9643,4128578.306
647,332234.965,4128578.306,1788586698,37.28869759,127.1074052,94.6,332234.965,4128578.306,52N,거짓,0.6806,0.6806,참,참,0,332234.965,4128578.306,332234.965,4128578.306
648,332233.9654,4128578.29,1788586699,37.28869726,127.107394,94.6,332233.9654,4128578.29,52N,거짓,0.6084,0.6084,참,참,0,332233.9654,4128578.29,332233.9654,4128578.29
649,332232.9679,4128578.334,1788586700,37.28869749,127.1073827,94.7,332232.9679,4128578.334,52N,거짓,0.6084,0.6084,참,참,0,332232.9679,4128578.334,332232.9679,4128578.334
650,332231.9811,4128578.493,1788586700,37.28869874,127.1073716,94.7,332231.9811,4128578.493,52N,거짓,0.6561,0.6561,참,참,0,332231.9811,4128578.493,332231.9811,4128578.493
651,332231.0059,4128578.713,1788586701,37.28870055,127.1073605,94.7,332231.0059,4128578.713,52N,거짓,0.6084,0.6084,참,참,0,332231.0059,4128578.713,332231.0059,4128578.713
652,332230.0354,4128578.952,1788586702,37.28870253,127.1073495,94.7,332230.0354,4128578.952,52N,거짓,0.6084,0.6084,참,참,0,332230.0354,4128578.952,332230.0354,4128578.952
653,332229.0825,4128579.254,1788586703,37.28870507,127.1073387,94.7,332229.0825,4128579.254,52N,거짓,0.6084,0.6084,참,참,0,332229.0825,4128579.254,332229.0825,4128579.254
654,332228.1174,4128579.514,1788586703,37.28870724,127.1073278,94.7,332228.1174,4128579.514,52N,거짓,0.6084,0.6084,참,참,0,332228.1174,4128579.514,332228.1174,4128579.514
655,332227.1719,4128579.838,1788586704,37.28870999,127.107317,94.7,332227.1719,4128579.838,52N,거짓,0.6084,0.6084,참,참,0,332227.1719,4128579.838,332227.1719,4128579.838
656,332226.2594,4128580.247,1788586705,37.28871351,127.1073066,94.6,332226.2594,4128580.247,52N,거짓,0.6084,0.6084,참,참,0,332226.2594,4128580.247,332226.2594,4128580.247
657,332225.389,4128580.739,1788586706,37.28871778,127.1072967,94.7,332225.389,4128580.739,52N,거짓,0.6084,0.6084,참,참,0,332225.389,4128580.739,332225.389,4128580.739
658,332224.5661,4128581.301,1788586706,37.2887227,127.1072873,94.6,332224.5661,4128581.301,52N,거짓,0.6084,0.6084,참,참,0,332224.5661,4128581.301,332224.5661,4128581.301
659,332223.8632,4128582.008,1788586707,37.28872894,127.1072792,94.6,332223.8632,4128582.008,52N,거짓,0.6084,0.6084,참,참,0,332223.8632,4128582.008,332223.8632,4128582.008
660,332223.3269,4128582.85,1788586708,37.28873643,127.107273,94.6,332223.3269,4128582.85,52N,거짓,0.6084,0.6084,참,참,0,332223.3269,4128582.85,332223.3269,4128582.85
661,332222.92,4128583.762,1788586709,37.28874457,127.1072682,94.6,332222.92,4128583.762,52N,거짓,0.632,0.632,참,참,0,332222.92,4128583.762,332222.92,4128583.762
662,332222.7008,4128584.734,1788586710,37.28875329,127.1072655,94.6,332222.7008,4128584.734,52N,거짓,0.6561,0.6561,참,참,0,332222.7008,4128584.734,332222.7008,4128584.734
663,332222.723,4128585.733,1788586710,37.2887623,127.1072655,94.6,332222.723,4128585.733,52N,거짓,0.6561,0.6561,참,참,0,332222.723,4128585.733,332222.723,4128585.733
664,332222.8617,4128586.723,1788586711,37.28877124,127.1072669,94.6,332222.8617,4128586.723,52N,거짓,0.6084,0.6084,참,참,0,332222.8617,4128586.723,332222.8617,4128586.723
665,332223.0333,4128587.708,1788586712,37.28878014,127.1072686,94.6,332223.0333,4128587.708,52N,거짓,0.6084,0.6084,참,참,0,332223.0333,4128587.708,332223.0333,4128587.708
666,332223.2943,4128588.673,1788586713,37.28878888,127.1072713,94.6,332223.2943,4128588.673,52N,거짓,0.6561,0.6561,참,참,0,332223.2943,4128588.673,332223.2943,4128588.673
667,332223.6655,4128589.601,1788586713,37.28879731,127.1072753,94.6,332223.6655,4128589.601,52N,거짓,0.6561,0.6561,참,참,0,332223.6655,4128589.601,332223.6655,4128589.601
668,332224.1084,4128590.496,1788586714,37.28880545,127.1072801,94.6,332224.1084,4128590.496,52N,거짓,0.6084,0.6084,참,참,0,332224.1084,4128590.496,332224.1084,4128590.496
669,332224.6562,4128591.33,1788586715,37.28881307,127.1072861,94.6,332224.6562,4128591.33,52N,거짓,0.632,0.632,참,참,0,332224.6562,4128591.33,332224.6562,4128591.33
670,332225.3438,4128592.055,1788586716,37.28881973,127.1072937,94.6,332225.3438,4128592.055,52N,거짓,0.6084,0.6084,참,참,0,332225.3438,4128592.055,332225.3438,4128592.055
671,332226.1179,4128592.685,1788586717,37.28882554,127.1073022,94.6,332226.1179,4128592.685,52N,거짓,0.6561,0.6561,참,참,0,332226.1179,4128592.685,332226.1179,4128592.685
672,332227.0299,4128593.079,1788586718,37.28882925,127.1073124,94.6,332227.0299,4128593.079,52N,거짓,0.632,0.632,참,참,0,332227.0299,4128593.079,332227.0299,4128593.079
673,332228.0184,4128593.228,1788586718,37.28883077,127.1073236,94.7,332228.0184,4128593.228,52N,거짓,0.632,0.632,참,참,0,332228.0184,4128593.228,332228.0184,4128593.228
674,332229.0169,4128593.195,1788586719,37.28883065,127.1073348,94.7,332229.0169,4128593.195,52N,거짓,0.632,0.632,참,참,0,332229.0169,4128593.195,332229.0169,4128593.195
675,332229.9874,4128592.973,1788586720,37.28882883,127.1073458,94.7,332229.9874,4128592.973,52N,거짓,0.6084,0.6084,참,참,0,332229.9874,4128592.973,332229.9874,4128592.973
676,332230.8987,4128592.562,1788586721,37.2888253,127.1073562,94.7,332230.8987,4128592.562,52N,거짓,0.6561,0.6561,참,참,0,332230.8987,4128592.562,332230.8987,4128592.562
677,332231.8166,4128592.17,1788586722,37.28882193,127.1073666,94.6,332231.8166,4128592.17,52N,거짓,0.7056,0.7056,참,참,0,332231.8166,4128592.17,332231.8166,4128592.17
678,332232.7723,4128591.877,1788586723,37.28881945,127.1073775,94.6,332232.7723,4128591.877,52N,거짓,0.731,0.731,참,참,0,332232.7723,4128591.877,332232.7723,4128591.877
679,332233.7136,4128591.54,1788586724,37.28881659,127.1073881,94.7,332233.7136,4128591.54,52N,거짓,0.6561,0.6561,참,참,0,332233.7136,4128591.54,332233.7136,4128591.54
680,332234.6564,4128591.209,1788586725,37.28881378,127.1073989,94.7,332234.6564,4128591.209,52N,거짓,0.6084,0.6084,참,참,0,332234.6564,4128591.209,332234.6564,4128591.209
681,332235.6006,4128590.88,1788586725,37.28881099,127.1074096,94.7,332235.6006,4128590.88,52N,거짓,0.6084,0.6084,참,참,0,332235.6006,4128590.88,332235.6006,4128590.88
682,332236.5235,4128590.496,1788586726,37.28880769,127.1074201,94.8,332236.5235,4128590.496,52N,거짓,0.6561,0.6561,참,참,0,332236.5235,4128590.496,332236.5235,4128590.496
683,332237.6837,4128590.82,1788586727,37.28881082,127.1074331,94.8,332237.6837,4128590.82,52N,거짓,0.6084,0.6084,참,참,0,332237.6837,4128590.82,332237.6837,4128590.82
684,332238.7491,4128591.606,1788586728,37.2888181,127.1074449,94.8,332238.7491,4128591.606,52N,거짓,0.6084,0.6084,참,참,0,332238.7491,4128591.606,332238.7491,4128591.606
685,332239.8189,4128592.301,1788586729,37.28882455,127.1074568,94.7,332239.8189,4128592.301,52N,거짓,0.6561,0.6561,참,참,0,332239.8189,4128592.301,332239.8189,4128592.301
686,332241.0867,4128592.435,1788586729,37.28882598,127.1074711,94.7,332241.0867,4128592.435,52N,거짓,0.6561,0.6561,참,참,0,332241.0867,4128592.435,332241.0867,4128592.435
687,332242.0742,4128592.292,1788586730,37.28882487,127.1074822,94.7,332242.0742,4128592.292,52N,거짓,0.6561,0.6561,참,참,0,332242.0742,4128592.292,332242.0742,4128592.292
688,332243.073,4128591.976,1788586731,37.28882221,127.1074936,94.7,332243.073,4128591.976,52N,거짓,0.6561,0.6561,참,참,0,332243.073,4128591.976,332243.073,4128591.976
689,332244.0563,4128591.623,1788586732,37.28881921,127.1075047,94.7,332244.0563,4128591.623,52N,거짓,0.6561,0.6561,참,참,0,332244.0563,4128591.623,332244.0563,4128591.623
690,332245.0248,4128591.271,1788586732,37.28881621,127.1075157,94.7,332245.0248,4128591.271,52N,거짓,0.6561,0.6561,참,참,0,332245.0248,4128591.271,332245.0248,4128591.271
691,332245.9944,4128590.974,1788586733,37.28881371,127.1075267,94.7,332245.9944,4128590.974,52N,거짓,0.6561,0.6561,참,참,0,332245.9944,4128590.974,332245.9944,4128590.974
692,332246.9651,4128590.733,1788586734,37.28881171,127.1075377,94.7,332246.9651,4128590.733,52N,거짓,0.6561,0.6561,참,참,0,332246.9651,4128590.733,332246.9651,4128590.733
693,332247.9199,4128590.436,1788586735,37.28880921,127.1075486,94.7,332247.9199,4128590.436,52N,거짓,0.7056,0.7056,참,참,0,332247.9199,4128590.436,332247.9199,4128590.436
694,332248.874,4128590.102,1788586735,37.28880637,127.1075594,94.7,332248.874,4128590.102,52N,거짓,0.731,0.731,참,참,0,332248.874,4128590.102,332248.874,4128590.102
695,332249.8425,4128589.75,1788586736,37.28880337,127.1075704,94.7,332249.8425,4128589.75,52N,거짓,0.7056,0.7056,참,참,0,332249.8425,4128589.75,332249.8425,4128589.75
696,332250.5185,4128589.552,1788586737,37.28880171,127.1075781,94.7,332250.5185,4128589.552,52N,거짓,0.7056,0.7056,참,참,0,332250.5185,4128589.552,332250.5185,4128589.552
697,332251.531,4128589.18,1788586737,37.28879854,127.1075896,94.7,332251.531,4128589.18,52N,거짓,0.7056,0.7056,참,참,0,332251.531,4128589.18,332251.531,4128589.18
698,332252.5135,4128588.79,1788586738,37.28879521,127.1076007,94.7,332252.5135,4128588.79,52N,거짓,0.7056,0.7056,참,참,0,332252.5135,4128588.79,332252.5135,4128588.79
699,332253.4824,4128588.456,1788586739,37.28879237,127.1076117,94.7,332253.4824,4128588.456,52N,거짓,0.731,0.731,참,참,0,332253.4824,4128588.456,332253.4824,4128588.456
700,332254.4217,4128588.123,1788586740,37.28878954,127.1076224,94.7,332254.4217,4128588.123,52N,거짓,0.731,0.731,참,참,0,332254.4217,4128588.123,332254.4217,4128588.123
701,332255.4064,4128587.844,1788586740,37.28878721,127.1076336,94.7,332255.4064,4128587.844,52N,거짓,0.731,0.731,참,참,0,332255.4064,4128587.844,332255.4064,4128587.844
