507961.23 3881123.77 30.0
507961.23 3881123.77 30.0
507961.25 3881123.85 30.0
507961.25 3881123.85 30.0
507961.25 3881123.85 30.0
507961.27 3881123.91 30.0
507961.27 3881123.91 30.0
507961.30 3881123.98 30.0
507961.30 3881123.98 30.0
507961.35 3881124.05 30.0
507961.35 3881124.05 30.0
507961.49 3881124.09 30.0
507961.51 3881124.18 30.0
507961.51 3881124.18 30.0
507961.65 3881124.23 30.0
507961.65 3881124.23 30.0
507961.62 3881124.33 30.0
507961.62 3881124.33 30.0
507961.62 3881124.33 30.0
507961.69 3881124.42 30.0
507961.69 3881124.42 30.0
507961.80 3881124.68 30.0
507961.80 3881124.68 30.0
507962.00 3881124.92 30.0
507962.00 3881124.92 30.0
507962.14 3881125.04 30.0
507962.25 3881125.17 30.0
507962.25 3881125.17 30.0
507962.25 3881125.17 30.0
507962.38 3881125.26 30.0
507962.38 3881125.26 30.0
507962.49 3881125.33 30.0
507962.61 3881125.44 30.0
507962.61 3881125.44 30.0
507962.61 3881125.44 30.0
507962.73 3881125.55 30.0
507962.73 3881125.55 30.0
507962.83 3881125.65 30.0
507962.93 3881125.71 30.0
507962.93 3881125.71 30.0
507962.93 3881125.71 30.0
507963.03 3881125.77 30.0
507963.03 3881125.77 30.0
507963.06 3881125.87 30.0
507963.16 3881126.02 30.0
507963.16 3881126.02 30.0
507963.16 3881126.02 30.0
507963.25 3881126.14 30.0
507963.39 3881126.28 30.0
507963.39 3881126.28 30.0
507963.39 3881126.28 30.0
507963.53 3881126.51 30.0
507963.53 3881126.51 30.0
507963.70 3881126.72 30.0
507963.70 3881126.72 30.0
507963.87 3881126.95 30.0
507963.87 3881126.95 30.0
507963.97 3881127.22 30.0
507963.97 3881127.22 30.0
507964.09 3881127.42 30.0
507964.25 3881127.61 30.0
507964.09 3881127.42 30.0
507964.40 3881127.76 30.0
507964.25 3881127.61 30.0
507964.40 3881127.76 30.0
507964.55 3881127.92 30.0
507964.55 3881127.92 30.0
507964.70 3881128.10 30.0
507964.70 3881128.10 30.0
507964.83 3881128.27 30.0
507964.83 3881128.27 30.0
507964.93 3881128.43 30.0
507964.93 3881128.43 30.0
507965.01 3881128.48 30.0
507965.01 3881128.48 30.0
507965.07 3881128.57 30.0
507965.15 3881128.66 30.0
507965.15 3881128.66 30.0
507965.15 3881128.66 30.0
507965.21 3881128.77 30.0
507965.21 3881128.77 30.0
507965.29 3881128.87 30.0
507965.29 3881128.87 30.0
507965.36 3881128.94 30.0
507965.36 3881128.94 30.0
507965.44 3881129.03 30.0
507965.44 3881129.03 30.0
507965.53 3881129.13 30.0
507965.53 3881129.13 30.0
507965.61 3881129.23 30.0
507965.61 3881129.23 30.0
507965.70 3881129.33 30.0
507965.70 3881129.33 30.0
507965.80 3881129.43 30.0
507965.80 3881129.43 30.0
507965.91 3881129.56 30.0
507965.91 3881129.56 30.0
507966.02 3881129.69 30.0
507966.02 3881129.69 30.0
507966.12 3881129.82 30.0
507966.23 3881130.00 30.0
507966.23 3881130.00 30.0
507966.23 3881130.00 30.0
507966.34 3881130.22 30.0
507966.34 3881130.22 30.0
507966.46 3881130.45 30.0
507966.46 3881130.45 30.0
507966.59 3881130.67 30.0
507966.71 3881130.87 30.0
507966.71 3881130.87 30.0
507966.71 3881130.87 30.0
507966.80 3881130.97 30.0
507966.80 3881130.97 30.0
507966.89 3881131.06 30.0
507966.97 3881131.17 30.0
507966.97 3881131.17 30.0
507967.06 3881131.27 30.0
507967.06 3881131.27 30.0
507967.06 3881131.27 30.0
507967.15 3881131.41 30.0
507967.24 3881131.57 30.0
507967.15 3881131.41 30.0
507967.33 3881131.66 30.0
507967.24 3881131.57 30.0
507967.33 3881131.66 30.0
507967.41 3881131.76 30.0
507967.41 3881131.76 30.0
507967.51 3881131.85 30.0
507967.51 3881131.85 30.0
507967.61 3881131.95 30.0
507967.70 3881132.07 30.0
507967.61 3881131.95 30.0
507967.80 3881132.21 30.0
507967.80 3881132.21 30.0
507967.90 3881132.30 30.0
507967.80 3881132.21 30.0
507968.00 3881132.50 30.0
507967.90 3881132.30 30.0
507968.12 3881132.61 30.0
507968.00 3881132.50 30.0
507968.25 3881132.67 30.0
507968.25 3881132.67 30.0
507968.25 3881132.67 30.0
507968.40 3881132.69 30.0
507968.40 3881132.69 30.0
507968.53 3881132.69 30.0
507968.64 3881132.72 30.0
507968.64 3881132.72 30.0
507968.64 3881132.72 30.0
507968.76 3881132.75 30.0
507968.76 3881132.75 30.0
507968.86 3881132.79 30.0
507968.86 3881132.79 30.0
507968.97 3881132.84 30.0
507969.07 3881132.87 30.0
507968.97 3881132.84 30.0
507969.17 3881132.90 30.0
507969.17 3881132.90 30.0
507969.17 3881132.90 30.0
507969.26 3881132.92 30.0
507969.26 3881132.92 30.0
507969.34 3881132.97 30.0
507969.34 3881132.97 30.0
507969.44 3881133.00 30.0
507969.44 3881133.00 30.0
507969.54 3881133.05 30.0
507969.65 3881133.12 30.0
507969.54 3881133.05 30.0
507969.78 3881133.27 30.0
507969.78 3881133.27 30.0
507969.92 3881133.45 30.0
507969.92 3881133.45 30.0
507970.05 3881133.58 30.0
507970.05 3881133.58 30.0
507970.19 3881133.70 30.0
507970.19 3881133.70 30.0
507970.36 3881133.87 30.0
507970.36 3881133.87 30.0
507970.36 3881133.87 30.0
507970.51 3881134.01 30.0
507970.51 3881134.01 30.0
507970.67 3881134.16 30.0
507970.67 3881134.16 30.0
507970.83 3881134.29 30.0
507970.83 3881134.29 30.0
507971.06 3881134.42 30.0
507971.06 3881134.42 30.0
507971.22 3881134.58 30.0
507971.36 3881134.81 30.0
507971.22 3881134.58 30.0
507971.48 3881135.03 30.0
507971.36 3881134.81 30.0
507971.48 3881135.03 30.0
507971.62 3881135.21 30.0
507971.79 3881135.38 30.0
507971.79 3881135.38 30.0
507971.79 3881135.38 30.0
507971.97 3881135.52 30.0
507972.17 3881135.65 30.0
507972.17 3881135.65 30.0
507972.17 3881135.65 30.0
507972.35 3881135.77 30.0
507972.54 3881135.84 30.0
507972.35 3881135.77 30.0
507972.73 3881135.97 30.0
507972.54 3881135.84 30.0
507972.94 3881136.17 30.0
507972.94 3881136.17 30.0
507972.94 3881136.17 30.0
507973.15 3881136.37 30.0
507973.15 3881136.37 30.0
507973.35 3881136.50 30.0
507973.51 3881136.62 30.0
507973.51 3881136.62 30.0
507973.51 3881136.62 30.0
507973.65 3881136.73 30.0
507973.65 3881136.73 30.0
507973.79 3881136.87 30.0
507973.79 3881136.87 30.0
507973.93 3881137.02 30.0
507974.08 3881137.20 30.0
507974.08 3881137.20 30.0
507974.08 3881137.20 30.0
507974.25 3881137.41 30.0
507974.41 3881137.66 30.0
507974.25 3881137.41 30.0
507974.58 3881137.90 30.0
507974.58 3881137.90 30.0
507974.79 3881138.10 30.0
507974.79 3881138.10 30.0
507974.79 3881138.10 30.0
507974.96 3881138.17 30.0
507975.10 3881138.24 30.0
507975.10 3881138.24 30.0
507975.10 3881138.24 30.0
507975.24 3881138.31 30.0
507975.41 3881138.39 30.0
507975.41 3881138.39 30.0
507975.41 3881138.39 30.0
507975.59 3881138.46 30.0
507975.59 3881138.46 30.0
507975.73 3881138.54 30.0
507975.73 3881138.54 30.0
507975.88 3881138.63 30.0
507975.88 3881138.63 30.0
507976.02 3881138.74 30.0
507976.02 3881138.74 30.0
507976.18 3881138.84 30.0
507976.18 3881138.84 30.0
507976.35 3881138.99 30.0
507976.35 3881138.99 30.0
507976.51 3881139.12 30.0
507976.51 3881139.12 30.0
507976.65 3881139.17 30.0
507976.65 3881139.17 30.0
507976.80 3881139.25 30.0
507976.80 3881139.25 30.0
507976.93 3881139.33 30.0
507976.93 3881139.33 30.0
507977.08 3881139.41 30.0
507977.22 3881139.50 30.0
507977.08 3881139.41 30.0
507977.36 3881139.59 30.0
507977.36 3881139.59 30.0
507977.51 3881139.67 30.0
507977.51 3881139.67 30.0
507977.64 3881139.80 30.0
507977.64 3881139.80 30.0
507977.80 3881139.92 30.0
507977.80 3881139.92 30.0
507977.80 3881139.92 30.0
507977.94 3881140.03 30.0
507977.94 3881140.03 30.0
507978.10 3881140.16 30.0
507978.10 3881140.16 30.0
507978.25 3881140.26 30.0
507978.25 3881140.26 30.0
507978.42 3881140.40 30.0
507978.42 3881140.40 30.0
507978.57 3881140.52 30.0
507978.74 3881140.65 30.0
507978.74 3881140.65 30.0
507978.91 3881140.82 30.0
507978.91 3881140.82 30.0
507979.07 3881140.98 30.0
507978.91 3881140.82 30.0
507979.25 3881141.18 30.0
507979.25 3881141.18 30.0
507979.43 3881141.36 30.0
507979.43 3881141.36 30.0
507979.43 3881141.36 30.0
507979.60 3881141.54 30.0
507979.60 3881141.54 30.0
507979.78 3881141.73 30.0
507979.78 3881141.73 30.0
507979.96 3881141.88 30.0
507979.96 3881141.88 30.0
507980.13 3881142.05 30.0
507980.13 3881142.05 30.0
507980.30 3881142.23 30.0
507980.30 3881142.23 30.0
507980.50 3881142.43 30.0
507980.50 3881142.43 30.0
507980.68 3881142.60 30.0
507980.86 3881142.78 30.0
507980.86 3881142.78 30.0
507980.86 3881142.78 30.0
507981.04 3881142.95 30.0
507981.04 3881142.95 30.0
507981.22 3881143.12 30.0
507981.22 3881143.12 30.0
507981.41 3881143.28 30.0
507981.41 3881143.28 30.0
507981.60 3881143.46 30.0
507981.60 3881143.46 30.0
507981.78 3881143.65 30.0
507981.97 3881143.83 30.0
507981.78 3881143.65 30.0
507982.16 3881144.00 30.0
507982.16 3881144.00 30.0
507982.16 3881144.00 30.0
507982.34 3881144.17 30.0
507982.34 3881144.17 30.0
507982.54 3881144.33 30.0
507982.73 3881144.49 30.0
507982.73 3881144.49 30.0
507982.73 3881144.49 30.0
507982.92 3881144.66 30.0
507982.92 3881144.66 30.0
507983.10 3881144.80 30.0
507983.10 3881144.80 30.0
507983.27 3881144.94 30.0
507983.45 3881145.06 30.0
507983.45 3881145.06 30.0
507983.45 3881145.06 30.0
507983.61 3881145.18 30.0
507983.76 3881145.28 30.0
507983.76 3881145.28 30.0
507983.76 3881145.28 30.0
507983.92 3881145.38 30.0
507983.92 3881145.38 30.0
507984.06 3881145.46 30.0
507984.06 3881145.46 30.0
507984.21 3881145.54 30.0
507984.21 3881145.54 30.0
507984.36 3881145.60 30.0
507984.36 3881145.60 30.0
507984.51 3881145.66 30.0
507984.51 3881145.66 30.0
507984.67 3881145.72 30.0
507984.84 3881145.80 30.0
507984.84 3881145.80 30.0
507984.84 3881145.80 30.0
507985.01 3881145.88 30.0
507985.01 3881145.88 30.0
507985.16 3881145.96 30.0
507985.16 3881145.96 30.0
507985.32 3881146.04 30.0
507985.50 3881146.10 30.0
507985.50 3881146.10 30.0
507985.50 3881146.10 30.0
507985.68 3881146.20 30.0
507985.86 3881146.29 30.0
507985.68 3881146.20 30.0
507986.05 3881146.40 30.0
507986.05 3881146.40 30.0
507986.24 3881146.50 30.0
507986.24 3881146.50 30.0
507986.42 3881146.60 30.0
507986.42 3881146.60 30.0
507986.61 3881146.70 30.0
507986.61 3881146.70 30.0
507986.79 3881146.81 30.0
507986.61 3881146.70 30.0
507986.97 3881146.91 30.0
507986.97 3881146.91 30.0
507986.97 3881146.91 30.0
507987.16 3881147.01 30.0
507987.34 3881147.10 30.0
507987.34 3881147.10 30.0
507987.34 3881147.10 30.0
507987.52 3881147.21 30.0
507987.52 3881147.21 30.0
507987.70 3881147.31 30.0
507988.52 3881147.60 30.0
507987.70 3881147.31 30.0
507988.52 3881147.60 30.0
507989.22 3881148.01 30.0
507989.89 3881148.50 30.0
507989.89 3881148.50 30.0
507990.49 3881148.95 30.0
507990.49 3881148.95 30.0
507991.06 3881149.39 30.0
507991.06 3881149.39 30.0
507991.06 3881149.39 30.0
507991.58 3881149.82 30.0
507991.58 3881149.82 30.0
507992.09 3881150.26 30.0
507992.54 3881150.70 30.0
507992.54 3881150.70 30.0
507992.88 3881151.07 30.0
507992.88 3881151.07 30.0
507993.04 3881151.23 30.0
507993.04 3881151.23 30.0
507993.04 3881151.23 30.0
507993.08 3881151.43 30.0
507993.32 3881151.62 30.0
507993.32 3881151.62 30.0
507993.68 3881151.55 30.0
507993.68 3881151.55 30.0
507993.85 3881151.68 30.0
507993.85 3881151.68 30.0
507993.85 3881151.68 30.0
507994.04 3881151.83 30.0
507994.35 3881152.04 30.0
507994.35 3881152.04 30.0
507994.35 3881152.04 30.0
507994.56 3881152.26 30.0
507994.56 3881152.26 30.0
507994.70 3881152.59 30.0
507994.70 3881152.59 30.0
507994.82 3881152.86 30.0
507994.99 3881153.13 30.0
507994.99 3881153.13 30.0
507995.13 3881153.41 30.0
507995.13 3881153.41 30.0
507995.13 3881153.41 30.0
507995.28 3881153.67 30.0
507995.28 3881153.67 30.0
507995.44 3881153.97 30.0
507995.44 3881153.97 30.0
507995.63 3881154.27 30.0
507995.82 3881154.46 30.0
507995.82 3881154.46 30.0
507995.99 3881154.59 30.0
507995.99 3881154.59 30.0
507996.18 3881154.72 30.0
507995.99 3881154.59 30.0
507996.40 3881154.89 30.0
507996.18 3881154.72 30.0
507996.40 3881154.89 30.0
507996.66 3881155.07 30.0
507997.10 3881155.42 30.0
507997.10 3881155.42 30.0
507997.37 3881155.67 30.0
507997.37 3881155.67 30.0
507997.37 3881155.67 30.0
507997.66 3881155.96 30.0
507997.92 3881156.25 30.0
507997.92 3881156.25 30.0
507998.21 3881156.53 30.0
507998.21 3881156.53 30.0
507998.21 3881156.53 30.0
507998.53 3881156.84 30.0
507998.53 3881156.84 30.0
507998.84 3881157.14 30.0
507998.84 3881157.14 30.0
507999.17 3881157.36 30.0
507999.17 3881157.36 30.0
507999.53 3881157.56 30.0
507999.80 3881157.75 30.0
507999.80 3881157.75 30.0
508000.02 3881157.93 30.0
508000.02 3881157.93 30.0
507998.71 3881154.59 30.0
508000.02 3881157.93 30.0
507998.71 3881154.59 30.0
507998.49 3881154.13 30.0
507998.55 3881154.00 30.0
507998.55 3881154.00 30.0
507998.55 3881154.00 30.0
507998.66 3881153.95 30.0
507998.66 3881153.95 30.0
507998.79 3881153.97 30.0
507998.94 3881153.98 30.0
507998.94 3881153.98 30.0
507998.94 3881153.98 30.0
507999.10 3881154.00 30.0
507999.10 3881154.00 30.0
507999.26 3881154.03 30.0
507999.42 3881154.08 30.0
507999.42 3881154.08 30.0
507999.42 3881154.08 30.0
507999.59 3881154.13 30.0
507999.73 3881154.23 30.0
507999.59 3881154.13 30.0
507999.90 3881154.33 30.0
507999.90 3881154.33 30.0
508000.04 3881154.42 30.0
507999.90 3881154.33 30.0
508000.19 3881154.50 30.0
508000.19 3881154.50 30.0
508000.19 3881154.50 30.0
508000.33 3881154.59 30.0
508000.33 3881154.59 30.0
508000.49 3881154.67 30.0
508000.64 3881154.75 30.0
508000.64 3881154.75 30.0
508000.80 3881154.83 30.0
508000.64 3881154.75 30.0
508000.80 3881154.83 30.0
508000.96 3881154.93 30.0
508000.96 3881154.93 30.0
508001.13 3881155.02 30.0
508001.30 3881155.12 30.0
508001.30 3881155.12 30.0
508001.30 3881155.12 30.0
508001.45 3881155.21 30.0
508001.45 3881155.21 30.0
508001.86 3881156.20 30.0
508001.86 3881156.20 30.0
508002.36 3881156.98 30.0
508002.36 3881156.98 30.0
508002.94 3881157.65 30.0
508003.54 3881158.22 30.0
508003.54 3881158.22 30.0
508003.54 3881158.22 30.0
508004.12 3881158.71 30.0
508004.12 3881158.71 30.0
508004.70 3881159.13 30.0
508004.70 3881159.13 30.0
508005.22 3881159.49 30.0
508005.22 3881159.49 30.0
508005.64 3881159.80 30.0
508006.02 3881160.10 30.0
508005.64 3881159.80 30.0
508006.02 3881160.10 30.0
508006.35 3881160.37 30.0
508006.65 3881160.57 30.0
508006.35 3881160.37 30.0
508006.96 3881160.77 30.0
508006.96 3881160.77 30.0
508006.96 3881160.77 30.0
508007.22 3881160.90 30.0
508007.51 3881161.03 30.0
508007.51 3881161.03 30.0
508007.79 3881161.11 30.0
508007.79 3881161.11 30.0
508008.08 3881161.23 30.0
508007.79 3881161.11 30.0
508008.32 3881161.30 30.0
508008.32 3881161.30 30.0
508008.57 3881161.39 30.0
508008.57 3881161.39 30.0
508008.82 3881161.47 30.0
508008.57 3881161.39 30.0
508009.06 3881161.54 30.0
508009.06 3881161.54 30.0
508009.31 3881161.60 30.0
508009.31 3881161.60 30.0
508009.31 3881161.60 30.0
508009.54 3881161.68 30.0
508009.54 3881161.68 30.0
508009.78 3881161.77 30.0
508009.78 3881161.77 30.0
508009.99 3881161.88 30.0
508010.18 3881162.02 30.0
508010.18 3881162.02 30.0
508010.18 3881162.02 30.0
508010.36 3881162.13 30.0
508010.36 3881162.13 30.0
508010.55 3881162.24 30.0
508010.55 3881162.24 30.0
508010.76 3881162.39 30.0
508010.76 3881162.39 30.0
508010.97 3881162.54 30.0
508010.97 3881162.54 30.0
508011.23 3881162.70 30.0
508011.51 3881162.91 30.0
508011.23 3881162.70 30.0
508011.79 3881163.11 30.0
508011.79 3881163.11 30.0
508012.06 3881163.29 30.0
508011.79 3881163.11 30.0
508012.06 3881163.29 30.0
508012.32 3881163.46 30.0
508012.58 3881163.61 30.0
508012.58 3881163.61 30.0
508012.58 3881163.61 30.0
508012.82 3881163.76 30.0
508013.06 3881163.90 30.0
508012.82 3881163.76 30.0
508013.30 3881164.05 30.0
508013.30 3881164.05 30.0
508013.52 3881164.18 30.0
508013.52 3881164.18 30.0
508013.52 3881164.18 30.0
508013.74 3881164.31 30.0
508013.74 3881164.31 30.0
508013.97 3881164.44 30.0
508014.19 3881164.56 30.0
508014.19 3881164.56 30.0
508014.39 3881164.67 30.0
508014.39 3881164.67 30.0
508014.60 3881164.79 30.0
508014.39 3881164.67 30.0
508014.60 3881164.79 30.0
508014.80 3881164.90 30.0
508015.00 3881165.01 30.0
508015.00 3881165.01 30.0
508015.00 3881165.01 30.0
508015.20 3881165.12 30.0
508015.20 3881165.12 30.0
508015.41 3881165.24 30.0
508015.41 3881165.24 30.0
508015.61 3881165.34 30.0
508015.61 3881165.34 30.0
508015.82 3881165.45 30.0
508016.02 3881165.56 30.0
508016.02 3881165.56 30.0
508016.21 3881165.66 30.0
508016.02 3881165.56 30.0
508016.21 3881165.66 30.0
508016.41 3881165.77 30.0
508016.41 3881165.77 30.0
508016.60 3881165.86 30.0
508016.60 3881165.86 30.0
508016.79 3881165.97 30.0
508016.97 3881166.06 30.0
508016.79 3881165.97 30.0
508016.97 3881166.06 30.0
508017.16 3881166.16 30.0
508017.16 3881166.16 30.0
508017.35 3881166.25 30.0
508017.35 3881166.25 30.0
508017.54 3881166.35 30.0
508017.54 3881166.35 30.0
508017.74 3881166.44 30.0
508017.94 3881166.54 30.0
508017.94 3881166.54 30.0
508018.13 3881166.62 30.0
508018.13 3881166.62 30.0
508018.13 3881166.62 30.0
508018.31 3881166.71 30.0
508018.31 3881166.71 30.0
508018.50 3881166.80 30.0
508018.50 3881166.80 30.0
508018.68 3881166.90 30.0
508018.87 3881166.99 30.0
508018.68 3881166.90 30.0
508019.06 3881167.08 30.0
508019.06 3881167.08 30.0
508019.06 3881167.08 30.0
508019.25 3881167.17 30.0
508019.45 3881167.27 30.0
508019.25 3881167.17 30.0
508019.45 3881167.27 30.0
508019.64 3881167.36 30.0
508019.64 3881167.36 30.0
508019.83 3881167.46 30.0
508019.83 3881167.46 30.0
508020.02 3881167.55 30.0
508020.21 3881167.64 30.0
508020.02 3881167.55 30.0
508020.21 3881167.64 30.0
508020.41 3881167.72 30.0
508020.60 3881167.81 30.0
508020.60 3881167.81 30.0
508020.80 3881167.90 30.0
508020.80 3881167.90 30.0
508020.80 3881167.90 30.0
508020.98 3881167.99 30.0
508021.17 3881168.07 30.0
508021.17 3881168.07 30.0
508021.17 3881168.07 30.0
508021.36 3881168.16 30.0
508021.36 3881168.16 30.0
508021.55 3881168.24 30.0
508021.75 3881168.31 30.0
508021.75 3881168.31 30.0
508021.94 3881168.40 30.0
508021.94 3881168.40 30.0
508022.13 3881168.49 30.0
508022.13 3881168.49 30.0
508022.32 3881168.58 30.0
508022.32 3881168.58 30.0
508022.51 3881168.67 30.0
508022.32 3881168.58 30.0
508022.51 3881168.67 30.0
508022.70 3881168.76 30.0
508022.70 3881168.76 30.0
508022.89 3881168.85 30.0
508023.09 3881168.94 30.0
508023.09 3881168.94 30.0
508023.29 3881169.02 30.0
508023.09 3881168.94 30.0
508023.29 3881169.02 30.0
508023.48 3881169.11 30.0
508023.48 3881169.11 30.0
508023.68 3881169.20 30.0
508023.87 3881169.29 30.0
508023.87 3881169.29 30.0
508023.87 3881169.29 30.0
508024.06 3881169.38 30.0
508024.26 3881169.47 30.0
508024.26 3881169.47 30.0
508024.26 3881169.47 30.0
508024.45 3881169.56 30.0
508024.64 3881169.64 30.0
508024.64 3881169.64 30.0
508024.83 3881169.72 30.0
508024.83 3881169.72 30.0
508025.03 3881169.81 30.0
508025.03 3881169.81 30.0
508025.22 3881169.90 30.0
508025.22 3881169.90 30.0
508025.22 3881169.90 30.0
508025.41 3881169.99 30.0
508025.60 3881170.08 30.0
508025.60 3881170.08 30.0
508025.79 3881170.17 30.0
508025.79 3881170.17 30.0
508025.79 3881170.17 30.0
508025.98 3881170.25 30.0
508025.98 3881170.25 30.0
508026.17 3881170.34 30.0
508026.17 3881170.34 30.0
508026.37 3881170.42 30.0
508026.56 3881170.50 30.0
508026.37 3881170.42 30.0
508026.56 3881170.50 30.0
508026.75 3881170.59 30.0
508026.94 3881170.67 30.0
508026.94 3881170.67 30.0
508027.13 3881170.76 30.0
508027.13 3881170.76 30.0
508027.32 3881170.85 30.0
508027.32 3881170.85 30.0
508027.51 3881170.94 30.0
508027.51 3881170.94 30.0
508027.71 3881171.02 30.0
508027.51 3881170.94 30.0
508027.91 3881171.10 30.0
508027.91 3881171.10 30.0
508028.10 3881171.18 30.0
508028.10 3881171.18 30.0
508028.10 3881171.18 30.0
508028.29 3881171.27 30.0
508028.29 3881171.27 30.0
508028.48 3881171.35 30.0
508028.48 3881171.35 30.0
508028.66 3881171.42 30.0
508028.85 3881171.50 30.0
508028.85 3881171.50 30.0
508029.04 3881171.59 30.0
508029.04 3881171.59 30.0
508029.23 3881171.67 30.0
508029.23 3881171.67 30.0
508029.41 3881171.76 30.0
508029.41 3881171.76 30.0
508029.60 3881171.84 30.0
508029.60 3881171.84 30.0
508029.78 3881171.91 30.0
508029.78 3881171.91 30.0
508029.78 3881171.91 30.0
508029.97 3881172.00 30.0
508030.16 3881172.08 30.0
508030.16 3881172.08 30.0
508030.16 3881172.08 30.0
508030.34 3881172.16 30.0
508030.34 3881172.16 30.0
508030.52 3881172.25 30.0
508030.70 3881172.34 30.0
508030.52 3881172.25 30.0
508030.90 3881172.41 30.0
508030.90 3881172.41 30.0
508030.90 3881172.41 30.0
508031.07 3881172.49 30.0
508031.07 3881172.49 30.0
508031.24 3881172.57 30.0
508031.24 3881172.57 30.0
508031.41 3881172.64 30.0
508031.41 3881172.64 30.0
508031.57 3881172.70 30.0
508031.57 3881172.70 30.0
508031.71 3881172.77 30.0
508031.83 3881172.82 30.0
508031.83 3881172.82 30.0
508031.83 3881172.82 30.0
508031.94 3881172.87 30.0
508031.94 3881172.87 30.0
508032.05 3881172.92 30.0
508032.14 3881172.97 30.0
508032.14 3881172.97 30.0
508032.24 3881173.00 30.0
508032.24 3881173.00 30.0
508032.24 3881173.00 30.0
508032.34 3881173.06 30.0
508032.34 3881173.06 30.0
508032.45 3881173.12 30.0
508032.45 3881173.12 30.0
508032.56 3881173.19 30.0
508032.56 3881173.19 30.0
508032.67 3881173.26 30.0
508032.67 3881173.26 30.0
508032.76 3881173.34 30.0
508032.76 3881173.34 30.0
508032.88 3881173.41 30.0
508032.88 3881173.41 30.0
508033.01 3881173.49 30.0
508033.01 3881173.49 30.0
508033.16 3881173.56 30.0
508033.31 3881173.64 30.0
508033.16 3881173.56 30.0
508033.31 3881173.64 30.0
508033.46 3881173.70 30.0
508033.60 3881173.77 30.0
508033.60 3881173.77 30.0
508033.75 3881173.84 30.0
508033.60 3881173.77 30.0
508033.89 3881173.90 30.0
508033.75 3881173.84 30.0
508034.05 3881173.97 30.0
508034.05 3881173.97 30.0
508034.05 3881173.97 30.0
508034.19 3881174.04 30.0
508034.19 3881174.04 30.0
508034.35 3881174.11 30.0
508034.35 3881174.11 30.0
508034.50 3881174.18 30.0
508034.50 3881174.18 30.0
508034.65 3881174.25 30.0
508034.65 3881174.25 30.0
508034.80 3881174.31 30.0
508034.80 3881174.31 30.0
508034.95 3881174.38 30.0
508034.95 3881174.38 30.0
508035.10 3881174.45 30.0
508035.10 3881174.45 30.0
508035.24 3881174.51 30.0
508035.24 3881174.51 30.0
508035.38 3881174.58 30.0
508035.38 3881174.58 30.0
508035.51 3881174.64 30.0
508035.64 3881174.70 30.0
508035.51 3881174.64 30.0
508035.64 3881174.70 30.0
508035.77 3881174.76 30.0
508035.77 3881174.76 30.0
508035.91 3881174.82 30.0
508036.04 3881174.88 30.0
508036.04 3881174.88 30.0
508036.16 3881174.94 30.0
508036.16 3881174.94 30.0
508036.16 3881174.94 30.0
508036.30 3881174.99 30.0
508036.30 3881174.99 30.0
508036.43 3881175.05 30.0
508036.55 3881175.11 30.0
508036.43 3881175.05 30.0
508036.68 3881175.17 30.0
508036.55 3881175.11 30.0
508036.68 3881175.17 30.0
508036.82 3881175.22 30.0
508036.82 3881175.22 30.0
508036.96 3881175.28 30.0
508036.96 3881175.28 30.0
508037.08 3881175.32 30.0
508037.08 3881175.32 30.0
508037.21 3881175.38 30.0
508037.21 3881175.38 30.0
508037.35 3881175.44 30.0
508037.35 3881175.44 30.0
508037.48 3881175.49 30.0
508037.48 3881175.49 30.0
508037.61 3881175.55 30.0
508037.61 3881175.55 30.0
508037.74 3881175.60 30.0
508037.74 3881175.60 30.0
508037.87 3881175.65 30.0
508037.87 3881175.65 30.0
508037.99 3881175.69 30.0
508037.99 3881175.69 30.0
508038.13 3881175.75 30.0
508038.13 3881175.75 30.0
508038.26 3881175.79 30.0
508038.26 3881175.79 30.0
508038.39 3881175.85 30.0
508038.39 3881175.85 30.0
508038.50 3881175.90 30.0
508038.50 3881175.90 30.0
508038.62 3881175.96 30.0
508038.62 3881175.96 30.0
508038.74 3881176.01 30.0
508038.85 3881176.07 30.0
508038.85 3881176.07 30.0
508038.96 3881176.12 30.0
508038.96 3881176.12 30.0
508039.05 3881176.18 30.0
508039.05 3881176.18 30.0
508039.15 3881176.22 30.0
508039.15 3881176.22 30.0
508039.24 3881176.27 30.0
508039.24 3881176.27 30.0
508039.24 3881176.27 30.0
508039.33 3881176.32 30.0
508039.33 3881176.32 30.0
508039.43 3881176.36 30.0
508039.43 3881176.36 30.0
508039.53 3881176.39 30.0
508039.53 3881176.39 30.0
508039.60 3881176.44 30.0
508039.60 3881176.44 30.0
508039.67 3881176.48 30.0
508039.67 3881176.48 30.0
508039.74 3881176.52 30.0
508039.74 3881176.52 30.0
508039.81 3881176.57 30.0
508039.86 3881176.62 30.0
508039.81 3881176.57 30.0
508039.86 3881176.62 30.0
508039.94 3881176.67 30.0
508039.94 3881176.67 30.0
508040.04 3881176.70 30.0
508040.04 3881176.70 30.0
508040.14 3881176.72 30.0
508040.23 3881176.76 30.0
508040.14 3881176.72 30.0
508040.23 3881176.76 30.0
508040.33 3881176.79 30.0
508040.43 3881176.84 30.0
508040.33 3881176.79 30.0
508040.55 3881176.89 30.0
508040.55 3881176.89 30.0
508040.55 3881176.89 30.0
508040.66 3881176.95 30.0
508040.66 3881176.95 30.0
508040.78 3881176.99 30.0
508040.89 3881177.04 30.0
508040.89 3881177.04 30.0
508040.89 3881177.04 30.0
508041.01 3881177.08 30.0
508041.12 3881177.12 30.0
508041.12 3881177.12 30.0
508041.24 3881177.17 30.0
508041.12 3881177.12 30.0
508041.34 3881177.22 30.0
508041.34 3881177.22 30.0
508041.34 3881177.22 30.0
508041.44 3881177.28 30.0
508041.44 3881177.28 30.0
508041.54 3881177.34 30.0
508041.64 3881177.39 30.0
508041.54 3881177.34 30.0
508041.64 3881177.39 30.0
508041.73 3881177.45 30.0
508041.81 3881177.49 30.0
508041.73 3881177.45 30.0
508041.88 3881177.56 30.0
508041.88 3881177.56 30.0
508041.88 3881177.56 30.0
508041.96 3881177.62 30.0
508042.00 3881177.70 30.0
508042.00 3881177.70 30.0
508042.08 3881177.77 30.0
508042.00 3881177.70 30.0
508042.08 3881177.77 30.0
508042.15 3881177.82 30.0
508042.15 3881177.82 30.0
508042.16 3881177.89 30.0
508042.16 3881177.89 30.0
508042.18 3881177.95 30.0
508042.21 3881178.00 30.0
508042.21 3881178.00 30.0
508042.24 3881178.06 30.0
508042.21 3881178.00 30.0
508042.24 3881178.06 30.0
508042.27 3881178.09 30.0
508042.26 3881178.11 30.0
508042.26 3881178.11 30.0
508042.31 3881178.16 30.0
508042.31 3881178.16 30.0
508042.35 3881178.21 30.0
508042.35 3881178.21 30.0
508042.36 3881178.27 30.0
508042.36 3881178.27 30.0
508042.38 3881178.29 30.0
508042.36 3881178.27 30.0
508042.40 3881178.31 30.0
508042.40 3881178.31 30.0
508042.43 3881178.32 30.0
508042.40 3881178.31 30.0
508042.46 3881178.32 30.0
508042.43 3881178.32 30.0
508042.49 3881178.30 30.0
508042.49 3881178.30 30.0
508042.49 3881178.30 30.0
508042.55 3881178.25 30.0
508042.55 3881178.25 30.0
508042.57 3881178.27 30.0
508042.59 3881178.27 30.0
508042.57 3881178.27 30.0
508042.59 3881178.27 30.0
508042.58 3881178.28 30.0
508042.58 3881178.25 30.0
508042.58 3881178.28 30.0
508042.59 3881178.19 30.0
508042.58 3881178.25 30.0
508042.58 3881178.15 30.0
508042.58 3881178.15 30.0
508042.58 3881178.15 30.0
508042.56 3881178.14 30.0
508042.56 3881178.14 30.0
508042.57 3881178.10 30.0
508042.58 3881178.07 30.0
508042.58 3881178.07 30.0
508040.67 3881176.89 30.0
508040.67 3881176.89 30.0
508039.43 3881175.77 30.0
508040.67 3881176.89 30.0
508039.03 3881175.50 30.0
508039.03 3881175.50 30.0
508039.03 3881175.50 30.0
508038.81 3881175.36 30.0
508038.81 3881175.36 30.0
508038.55 3881175.29 30.0
508038.43 3881175.28 30.0
508038.43 3881175.28 30.0
508038.31 3881175.31 30.0
508038.31 3881175.31 30.0
508038.31 3881175.31 30.0
508038.17 3881175.41 30.0
508038.17 3881175.41 30.0
508037.96 3881175.59 30.0
508037.96 3881175.59 30.0
508037.60 3881175.79 30.0
508037.60 3881175.79 30.0
508037.34 3881175.75 30.0
508037.12 3881175.80 30.0
508037.12 3881175.80 30.0
508036.97 3881175.91 30.0
508036.97 3881175.91 30.0
508036.97 3881175.91 30.0
508036.96 3881175.91 30.0
508036.96 3881175.91 30.0
508036.93 3881175.90 30.0
508036.93 3881175.90 30.0
508036.96 3881175.90 30.0
508036.96 3881175.90 30.0
508036.96 3881175.89 30.0
508036.96 3881175.89 30.0
508036.77 3881175.86 30.0
508036.77 3881175.86 30.0
508036.63 3881175.70 30.0
508036.63 3881175.70 30.0
508036.46 3881175.49 30.0
508036.46 3881175.49 30.0
508036.32 3881175.29 30.0
508036.15 3881175.09 30.0
508036.15 3881175.09 30.0
508036.15 3881175.09 30.0
508036.08 3881175.00 30.0
508036.08 3881175.00 30.0
508036.01 3881174.98 30.0
508035.95 3881174.94 30.0
508035.95 3881174.94 30.0
508035.95 3881174.94 30.0
508036.00 3881174.96 30.0
508036.00 3881174.96 30.0
508036.00 3881174.99 30.0
508036.03 3881175.01 30.0
508036.00 3881174.99 30.0
508036.03 3881175.01 30.0
508036.02 3881174.96 30.0
508036.02 3881174.96 30.0
508036.03 3881174.88 30.0
508036.08 3881174.76 30.0
508036.03 3881174.88 30.0
508036.08 3881174.64 30.0
508036.08 3881174.76 30.0
508037.83 3881175.04 30.0
508037.83 3881175.04 30.0
508037.83 3881175.04 30.0
508038.61 3881175.80 30.0
508038.89 3881175.97 30.0
508038.61 3881175.80 30.0
508038.89 3881175.97 30.0
508039.07 3881176.08 30.0
508039.07 3881176.08 30.0
508039.16 3881176.12 30.0
508039.16 3881176.12 30.0
508039.29 3881176.19 30.0
508039.29 3881176.19 30.0
508039.43 3881176.26 30.0
508039.55 3881176.32 30.0
508039.55 3881176.32 30.0
508039.64 3881176.37 30.0
508039.55 3881176.32 30.0
508039.64 3881176.37 30.0
508039.82 3881176.35 30.0
508039.82 3881176.35 30.0
508039.96 3881176.34 30.0
508039.96 3881176.34 30.0
508040.10 3881176.35 30.0
508040.10 3881176.35 30.0
508040.23 3881176.36 30.0
508040.35 3881176.37 30.0
508040.35 3881176.37 30.0
508040.35 3881176.37 30.0
508040.46 3881176.40 30.0
508040.46 3881176.40 30.0
508040.55 3881176.43 30.0
508040.55 3881176.43 30.0
508040.63 3881176.46 30.0
508040.63 3881176.46 30.0
508040.71 3881176.45 30.0
508040.71 3881176.45 30.0
508040.80 3881176.45 30.0
508040.80 3881176.45 30.0
508040.88 3881176.47 30.0
508040.88 3881176.47 30.0
508040.98 3881176.50 30.0
508040.98 3881176.50 30.0
508041.07 3881176.54 30.0
508041.07 3881176.54 30.0
508041.16 3881176.57 30.0
508041.25 3881176.60 30.0
508041.16 3881176.57 30.0
508041.25 3881176.60 30.0
508041.34 3881176.64 30.0
508041.34 3881176.64 30.0
508041.43 3881176.67 30.0
508041.43 3881176.67 30.0
508041.51 3881176.70 30.0
508041.60 3881176.74 30.0
508041.51 3881176.70 30.0
508041.70 3881176.77 30.0
508041.70 3881176.77 30.0
508041.70 3881176.77 30.0
508041.79 3881176.80 30.0
508041.88 3881176.84 30.0
508041.88 3881176.84 30.0
508041.88 3881176.84 30.0
508041.97 3881176.87 30.0
508041.97 3881176.87 30.0
508042.05 3881176.91 30.0
508042.05 3881176.91 30.0
508042.14 3881176.95 30.0
508042.14 3881176.95 30.0
508042.21 3881176.98 30.0
508042.29 3881177.03 30.0
508042.29 3881177.03 30.0
508042.36 3881177.06 30.0
508042.36 3881177.06 30.0
508042.36 3881177.06 30.0
508042.44 3881177.09 30.0
508042.44 3881177.09 30.0
508042.52 3881177.13 30.0
508042.52 3881177.13 30.0
508042.59 3881177.16 30.0
508042.66 3881177.18 30.0
508042.66 3881177.18 30.0
508042.70 3881177.18 30.0
508042.70 3881177.18 30.0
508042.74 3881177.19 30.0
508042.74 3881177.19 30.0
508042.74 3881177.19 30.0
508042.79 3881177.21 30.0
508042.84 3881177.24 30.0
508042.84 3881177.24 30.0
508042.84 3881177.24 30.0
508042.90 3881177.26 30.0
508042.96 3881177.28 30.0
508042.96 3881177.28 30.0
508042.96 3881177.28 30.0
508043.03 3881177.30 30.0
508042.12 3881176.94 30.0
508043.03 3881177.30 30.0
508042.12 3881176.94 30.0
508041.47 3881176.69 30.0
508040.88 3881176.46 30.0
508041.47 3881176.69 30.0
508040.39 3881176.20 30.0
508040.39 3881176.20 30.0
508040.00 3881176.00 30.0
508040.39 3881176.20 30.0
508039.68 3881175.80 30.0
508039.68 3881175.80 30.0
508039.68 3881175.80 30.0
508039.44 3881175.66 30.0
508039.31 3881175.54 30.0
508039.31 3881175.54 30.0
508039.31 3881175.54 30.0
508039.23 3881175.45 30.0
508039.23 3881175.45 30.0
508039.13 3881175.39 30.0
508039.06 3881175.37 30.0
508039.13 3881175.39 30.0
508039.06 3881175.37 30.0
508039.01 3881175.34 30.0
508039.01 3881175.34 30.0
508038.92 3881175.30 30.0
508038.92 3881175.30 30.0
508038.89 3881175.26 30.0
508038.86 3881175.23 30.0
508038.86 3881175.23 30.0
508038.86 3881175.23 30.0
508038.82 3881175.18 30.0
508038.82 3881175.18 30.0
508038.80 3881175.16 30.0
508038.80 3881175.16 30.0
508038.78 3881175.15 30.0
508038.78 3881175.15 30.0
508038.77 3881175.15 30.0
508038.77 3881175.15 30.0
508038.75 3881175.14 30.0
508038.76 3881175.16 30.0
508038.76 3881175.16 30.0
508038.76 3881175.16 30.0
508038.78 3881175.17 30.0
508038.78 3881175.17 30.0
508038.81 3881175.18 30.0
508038.85 3881175.20 30.0
508038.85 3881175.20 30.0
508038.89 3881175.20 30.0
508038.89 3881175.20 30.0
508038.89 3881175.20 30.0
508038.92 3881175.20 30.0
508038.92 3881175.20 30.0
508038.95 3881175.20 30.0
508038.95 3881175.20 30.0
508038.99 3881175.22 30.0
508039.03 3881175.22 30.0
508039.03 3881175.22 30.0
508039.07 3881175.24 30.0
508039.07 3881175.24 30.0
508039.12 3881175.24 30.0
508039.12 3881175.24 30.0
508039.17 3881175.25 30.0
508039.17 3881175.25 30.0
508039.17 3881175.25 30.0
508039.23 3881175.25 30.0
508039.29 3881175.25 30.0
508039.29 3881175.25 30.0
508039.29 3881175.25 30.0
508039.36 3881175.25 30.0
508039.36 3881175.25 30.0
508039.42 3881175.25 30.0
508039.42 3881175.25 30.0
508039.48 3881175.26 30.0
508039.48 3881175.26 30.0
508039.54 3881175.27 30.0
508039.59 3881175.28 30.0
508039.59 3881175.28 30.0
508039.59 3881175.28 30.0
508039.65 3881175.32 30.0
508039.65 3881175.32 30.0
508039.72 3881175.33 30.0
508039.72 3881175.33 30.0
508039.78 3881175.35 30.0
508039.85 3881175.37 30.0
508039.85 3881175.37 30.0
508039.85 3881175.37 30.0
508039.91 3881175.38 30.0
508039.91 3881175.38 30.0
508039.98 3881175.42 30.0
508040.06 3881175.44 30.0
508040.06 3881175.44 30.0
508040.12 3881175.45 30.0
508040.06 3881175.44 30.0
508040.18 3881175.47 30.0
508040.18 3881175.47 30.0
508040.18 3881175.47 30.0
508040.26 3881175.48 30.0
508040.26 3881175.48 30.0
508040.32 3881175.52 30.0
508040.32 3881175.52 30.0
508040.38 3881175.53 30.0
508040.46 3881175.55 30.0
508040.46 3881175.55 30.0
508040.52 3881175.57 30.0
508040.52 3881175.57 30.0
508040.52 3881175.57 30.0
508040.59 3881175.58 30.0
508040.59 3881175.58 30.0
508040.68 3881175.61 30.0
508040.75 3881175.62 30.0
508040.75 3881175.62 30.0
508040.82 3881175.64 30.0
508040.82 3881175.64 30.0
508040.82 3881175.64 30.0
508040.88 3881175.66 30.0
508040.94 3881175.68 30.0
508040.94 3881175.68 30.0
508040.94 3881175.68 30.0
508041.00 3881175.71 30.0
508041.00 3881175.71 30.0
508041.06 3881175.72 30.0
508041.06 3881175.72 30.0
508041.12 3881175.73 30.0
508041.18 3881175.75 30.0
508041.12 3881175.73 30.0
508041.18 3881175.75 30.0
508041.24 3881175.77 30.0
508041.32 3881175.78 30.0
508041.32 3881175.78 30.0
508041.32 3881175.78 30.0
508041.40 3881175.81 30.0
508041.48 3881175.83 30.0
508041.48 3881175.83 30.0
508041.55 3881175.85 30.0
508041.55 3881175.85 30.0
508041.55 3881175.85 30.0
508041.61 3881175.87 30.0
508041.69 3881175.89 30.0
508041.61 3881175.87 30.0
508041.76 3881175.93 30.0
508041.76 3881175.93 30.0
508041.83 3881175.96 30.0
508041.83 3881175.96 30.0
508041.90 3881175.98 30.0
508041.83 3881175.96 30.0
508041.90 3881175.98 30.0
508041.97 3881176.01 30.0
508042.04 3881176.03 30.0
508041.97 3881176.01 30.0
508042.12 3881176.05 30.0
508042.04 3881176.03 30.0
508042.12 3881176.05 30.0
508042.21 3881176.07 30.0
508042.28 3881176.08 30.0
508042.28 3881176.08 30.0
508042.34 3881176.12 30.0
508042.28 3881176.08 30.0
508042.34 3881176.12 30.0
508042.42 3881176.14 30.0
508042.42 3881176.14 30.0
508042.49 3881176.17 30.0
508042.49 3881176.17 30.0
508042.55 3881176.19 30.0
508042.55 3881176.19 30.0
508042.63 3881176.22 30.0
508042.63 3881176.22 30.0
508042.70 3881176.25 30.0
508042.78 3881176.27 30.0
508042.78 3881176.27 30.0
508042.86 3881176.31 30.0
508042.86 3881176.31 30.0
508042.86 3881176.31 30.0
508042.94 3881176.32 30.0
508043.02 3881176.33 30.0
508043.02 3881176.33 30.0
508043.02 3881176.33 30.0
508043.08 3881176.35 30.0
508043.15 3881176.37 30.0
508043.15 3881176.37 30.0
508043.15 3881176.37 30.0
508043.23 3881176.41 30.0
508043.31 3881176.44 30.0
508043.31 3881176.44 30.0
508043.31 3881176.44 30.0
508043.38 3881176.47 30.0
508043.45 3881176.49 30.0
508043.45 3881176.49 30.0
508043.45 3881176.49 30.0
508043.53 3881176.53 30.0
508043.61 3881176.56 30.0
508043.61 3881176.56 30.0
508043.69 3881176.58 30.0
508043.69 3881176.58 30.0
508043.69 3881176.58 30.0
508043.76 3881176.61 30.0
508043.84 3881176.63 30.0
508043.84 3881176.63 30.0
508043.84 3881176.63 30.0
508043.91 3881176.65 30.0
508043.91 3881176.65 30.0
508043.98 3881176.68 30.0
508043.98 3881176.68 30.0
508044.05 3881176.72 30.0
508044.05 3881176.72 30.0
508044.11 3881176.73 30.0
508044.18 3881176.76 30.0
508044.18 3881176.76 30.0
508044.25 3881176.78 30.0
508044.25 3881176.78 30.0
508044.33 3881176.81 30.0
508044.33 3881176.81 30.0
508044.40 3881176.83 30.0
508044.40 3881176.83 30.0
508044.40 3881176.83 30.0
508044.47 3881176.85 30.0
508044.54 3881176.88 30.0
508044.54 3881176.88 30.0
508044.60 3881176.92 30.0
508044.54 3881176.88 30.0
508044.67 3881176.96 30.0
508044.67 3881176.96 30.0
508044.67 3881176.96 30.0
508044.74 3881176.99 30.0
508044.81 3881177.03 30.0
508044.81 3881177.03 30.0
508044.88 3881177.05 30.0
508044.88 3881177.05 30.0
508044.88 3881177.05 30.0
508044.95 3881177.07 30.0
508044.95 3881177.07 30.0
508045.02 3881177.11 30.0
508045.11 3881177.14 30.0
508045.02 3881177.11 30.0
508045.11 3881177.14 30.0
508045.20 3881177.16 30.0
508045.27 3881177.19 30.0
508045.27 3881177.19 30.0
508045.27 3881177.19 30.0
508045.34 3881177.23 30.0
508045.34 3881177.23 30.0
508045.43 3881177.27 30.0
508045.43 3881177.27 30.0
508045.51 3881177.32 30.0
508045.58 3881177.35 30.0
508045.51 3881177.32 30.0
508045.58 3881177.35 30.0
508045.64 3881177.37 30.0
508045.64 3881177.37 30.0
508045.72 3881177.41 30.0
508045.80 3881177.43 30.0
508045.72 3881177.41 30.0
508045.80 3881177.43 30.0
508045.88 3881177.46 30.0
508045.88 3881177.46 30.0
508045.97 3881177.48 30.0
508046.05 3881177.51 30.0
508045.97 3881177.48 30.0
508046.13 3881177.54 30.0
508046.05 3881177.51 30.0
508046.13 3881177.54 30.0
508046.21 3881177.57 30.0
508046.29 3881177.61 30.0
508046.29 3881177.61 30.0
508046.37 3881177.64 30.0
508046.37 3881177.64 30.0
508046.37 3881177.64 30.0
508046.44 3881177.67 30.0
508046.44 3881177.67 30.0
508046.52 3881177.68 30.0
508046.52 3881177.68 30.0
508046.60 3881177.71 30.0
508046.68 3881177.74 30.0
508046.68 3881177.74 30.0
508046.68 3881177.74 30.0
508046.77 3881177.75 30.0
508046.77 3881177.75 30.0
508046.85 3881177.76 30.0
508046.93 3881177.77 30.0
508046.85 3881177.76 30.0
508046.99 3881177.81 30.0
508046.93 3881177.77 30.0
508047.07 3881177.83 30.0
508047.07 3881177.83 30.0
508047.07 3881177.83 30.0
508047.15 3881177.88 30.0
508047.21 3881177.92 30.0
508047.21 3881177.92 30.0
508047.21 3881177.92 30.0
508047.27 3881177.94 30.0
508047.34 3881177.97 30.0
508047.34 3881177.97 30.0
508047.34 3881177.97 30.0
508047.42 3881178.00 30.0
508047.42 3881178.00 30.0
508047.49 3881178.02 30.0
508047.57 3881178.02 30.0
508047.49 3881178.02 30.0
508047.57 3881178.02 30.0
508047.64 3881178.03 30.0
508047.64 3881178.03 30.0
508047.70 3881178.06 30.0
508047.70 3881178.06 30.0
508047.76 3881178.10 30.0
508047.82 3881178.13 30.0
508047.82 3881178.13 30.0
508047.88 3881178.18 30.0
508047.88 3881178.18 30.0
508047.93 3881178.23 30.0
508047.93 3881178.23 30.0
508047.93 3881178.23 30.0
508047.99 3881178.26 30.0
508047.99 3881178.26 30.0
508048.05 3881178.28 30.0
508048.05 3881178.28 30.0
508048.11 3881178.31 30.0
508048.11 3881178.31 30.0
508048.18 3881178.33 30.0
508048.26 3881178.34 30.0
508048.26 3881178.34 30.0
508048.26 3881178.34 30.0
508048.33 3881178.34 30.0
508048.33 3881178.34 30.0
508048.39 3881178.34 30.0
508048.39 3881178.34 30.0
508048.46 3881178.36 30.0
508048.46 3881178.36 30.0
508048.53 3881178.38 30.0
508048.60 3881178.43 30.0
508048.60 3881178.43 30.0
508048.60 3881178.43 30.0
508048.69 3881178.46 30.0
508048.69 3881178.46 30.0
508048.75 3881178.47 30.0
508048.81 3881178.48 30.0
508048.81 3881178.48 30.0
508048.81 3881178.48 30.0
508048.88 3881178.51 30.0
508048.88 3881178.51 30.0
508048.94 3881178.52 30.0
508049.01 3881178.53 30.0
508048.94 3881178.52 30.0
508049.01 3881178.53 30.0
508049.08 3881178.53 30.0
508049.08 3881178.53 30.0
508049.14 3881178.54 30.0
508049.14 3881178.54 30.0
508049.21 3881178.54 30.0
508049.21 3881178.54 30.0
508049.29 3881178.57 30.0
508049.36 3881178.61 30.0
508049.36 3881178.61 30.0
508049.36 3881178.61 30.0
508049.44 3881178.66 30.0
508049.52 3881178.71 30.0
508049.52 3881178.71 30.0
508049.58 3881178.75 30.0
508049.58 3881178.75 30.0
508049.65 3881178.78 30.0
508049.58 3881178.75 30.0
508049.72 3881178.82 30.0
508049.72 3881178.82 30.0
508049.72 3881178.82 30.0
508049.80 3881178.84 30.0
508049.80 3881178.84 30.0
508049.88 3881178.86 30.0
508049.88 3881178.86 30.0
508049.95 3881178.87 30.0
508049.95 3881178.87 30.0
508050.04 3881178.90 30.0
508050.13 3881178.91 30.0
508050.04 3881178.90 30.0
508050.22 3881178.94 30.0
508050.13 3881178.91 30.0
508050.22 3881178.94 30.0
508050.32 3881178.98 30.0
508050.32 3881178.98 30.0
508050.41 3881179.02 30.0
508050.50 3881179.03 30.0
508050.50 3881179.03 30.0
508050.59 3881179.07 30.0
508050.59 3881179.07 30.0
508050.68 3881179.10 30.0
508050.68 3881179.10 30.0
508050.68 3881179.10 30.0
508050.76 3881179.14 30.0
508050.83 3881179.18 30.0
508050.83 3881179.18 30.0
508050.91 3881179.21 30.0
508050.83 3881179.18 30.0
508050.91 3881179.21 30.0
508050.97 3881179.26 30.0
508051.06 3881179.32 30.0
508051.06 3881179.32 30.0
508051.13 3881179.36 30.0
508051.06 3881179.32 30.0
508051.13 3881179.36 30.0
508051.20 3881179.38 30.0
508051.27 3881179.44 30.0
508051.27 3881179.44 30.0
508051.27 3881179.44 30.0
508051.37 3881179.47 30.0
508051.37 3881179.47 30.0
508051.47 3881179.50 30.0
508051.47 3881179.50 30.0
508051.54 3881179.54 30.0
508051.62 3881179.57 30.0
508051.62 3881179.57 30.0
508051.62 3881179.57 30.0
508051.70 3881179.63 30.0
508051.70 3881179.63 30.0
508051.79 3881179.68 30.0
508051.79 3881179.68 30.0
508051.87 3881179.73 30.0
508051.87 3881179.73 30.0
508051.94 3881179.76 30.0
508052.01 3881179.80 30.0
508052.01 3881179.80 30.0
508052.01 3881179.80 30.0
508052.09 3881179.84 30.0
508052.17 3881179.86 30.0
508052.17 3881179.86 30.0
508052.26 3881179.88 30.0
508052.26 3881179.88 30.0
508052.33 3881179.92 30.0
508052.33 3881179.92 30.0
508052.40 3881179.96 30.0
508052.33 3881179.92 30.0
508052.49 3881180.00 30.0
508052.49 3881180.00 30.0
508052.56 3881180.04 30.0
508052.56 3881180.04 30.0
508052.62 3881180.07 30.0
508052.62 3881180.07 30.0
508052.70 3881180.11 30.0
508052.70 3881180.11 30.0
508052.70 3881180.11 30.0
508052.77 3881180.14 30.0
508052.77 3881180.14 30.0
508052.85 3881180.17 30.0
508052.85 3881180.17 30.0
508052.94 3881180.20 30.0
508052.94 3881180.20 30.0
508053.02 3881180.21 30.0
508053.02 3881180.21 30.0
508053.11 3881180.24 30.0
508053.11 3881180.24 30.0
508053.18 3881180.27 30.0
508053.18 3881180.27 30.0
508053.27 3881180.32 30.0
508053.36 3881180.37 30.0
508053.27 3881180.32 30.0
508053.43 3881180.43 30.0
508053.36 3881180.37 30.0
508053.43 3881180.43 30.0
508053.51 3881180.46 30.0
508053.60 3881180.51 30.0
508053.51 3881180.46 30.0
508053.60 3881180.51 30.0
508053.69 3881180.55 30.0
508053.69 3881180.55 30.0
508053.78 3881180.58 30.0
508053.78 3881180.58 30.0
508053.94 3881180.68 30.0
508053.94 3881180.68 30.0
508054.01 3881180.72 30.0
508054.01 3881180.72 30.0
508054.09 3881180.77 30.0
508054.09 3881180.77 30.0
508054.15 3881180.82 30.0
508054.15 3881180.82 30.0
508054.23 3881180.85 30.0
508054.29 3881180.90 30.0
508054.29 3881180.90 30.0
508054.37 3881180.92 30.0
508054.29 3881180.90 30.0
508054.37 3881180.92 30.0
508054.46 3881180.95 30.0
508054.56 3881180.97 30.0
508054.56 3881180.97 30.0
508054.65 3881181.01 30.0
508054.56 3881180.97 30.0
508054.73 3881181.04 30.0
508054.65 3881181.01 30.0
508054.73 3881181.04 30.0
508054.82 3881181.08 30.0
508054.89 3881181.13 30.0
508054.89 3881181.13 30.0
508054.89 3881181.13 30.0
508054.97 3881181.17 30.0
508054.97 3881181.17 30.0
508055.05 3881181.20 30.0
508055.05 3881181.20 30.0
508055.12 3881181.23 30.0
508055.12 3881181.23 30.0
508055.29 3881180.99 30.0
508055.41 3881180.97 30.0
508055.29 3881180.99 30.0
508055.51 3881181.01 30.0
508055.41 3881180.97 30.0
508055.51 3881181.01 30.0
508055.59 3881181.04 30.0
508055.64 3881181.04 30.0
508055.64 3881181.04 30.0
508055.64 3881181.04 30.0
508055.73 3881181.04 30.0
508055.83 3881181.07 30.0
508055.83 3881181.07 30.0
508055.93 3881181.11 30.0
508055.93 3881181.11 30.0
508055.93 3881181.11 30.0
508056.01 3881181.14 30.0
508056.01 3881181.14 30.0
508056.09 3881181.19 30.0
508056.09 3881181.19 30.0
508056.17 3881181.22 30.0
508056.17 3881181.22 30.0
508056.25 3881181.25 30.0
508056.32 3881181.30 30.0
508056.25 3881181.25 30.0
508056.40 3881181.33 30.0
508056.40 3881181.33 30.0
508056.47 3881181.36 30.0
508056.47 3881181.36 30.0
508056.53 3881181.40 30.0
508056.53 3881181.40 30.0
508055.71 3881182.47 30.0
508055.71 3881182.47 30.0
508055.71 3881182.47 30.0
508055.78 3881182.49 30.0
508055.78 3881182.49 30.0
508055.87 3881182.53 30.0
508055.95 3881182.55 30.0
508055.95 3881182.55 30.0
508055.95 3881182.55 30.0
508056.06 3881182.56 30.0
508056.06 3881182.56 30.0
508056.16 3881182.58 30.0
508056.26 3881182.62 30.0
508056.26 3881182.62 30.0
508056.26 3881182.62 30.0
508056.35 3881182.65 30.0
508056.35 3881182.65 30.0
508056.45 3881182.69 30.0
508056.54 3881182.74 30.0
508056.54 3881182.74 30.0
508056.54 3881182.74 30.0
508056.62 3881182.77 30.0
508056.62 3881182.77 30.0
508056.71 3881182.82 30.0
508056.71 3881182.82 30.0
508056.80 3881182.84 30.0
508056.89 3881182.86 30.0
508056.80 3881182.84 30.0
508056.89 3881182.86 30.0
508056.98 3881182.87 30.0
508056.98 3881182.87 30.0
508057.06 3881182.88 30.0
508057.06 3881182.88 30.0
508057.14 3881182.89 30.0
508057.23 3881182.91 30.0
508057.14 3881182.89 30.0
508057.33 3881182.94 30.0
508057.33 3881182.94 30.0
508057.33 3881182.94 30.0
508057.43 3881182.98 30.0
508057.43 3881182.98 30.0
508057.52 3881183.03 30.0
508057.62 3881183.06 30.0
508057.62 3881183.06 30.0
508057.71 3881183.08 30.0
508057.71 3881183.08 30.0
508057.80 3881183.11 30.0
508057.80 3881183.11 30.0
508057.80 3881183.11 30.0
508057.90 3881183.13 30.0
508057.99 3881183.17 30.0
508057.99 3881183.17 30.0
508058.07 3881183.22 30.0
508058.07 3881183.22 30.0
508058.07 3881183.22 30.0
508058.16 3881183.27 30.0
508058.16 3881183.27 30.0
508058.25 3881183.34 30.0
508058.35 3881183.39 30.0
508058.35 3881183.39 30.0
508058.44 3881183.44 30.0
508058.44 3881183.44 30.0
508058.44 3881183.44 30.0
508058.52 3881183.48 30.0
508058.61 3881183.52 30.0
508058.52 3881183.48 30.0
508058.70 3881183.55 30.0
508058.70 3881183.55 30.0
508058.70 3881183.55 30.0
508058.79 3881183.58 30.0
508058.79 3881183.58 30.0
508058.87 3881183.62 30.0
508058.96 3881183.65 30.0
508058.87 3881183.62 30.0
508059.03 3881183.69 30.0
508059.03 3881183.69 30.0
508059.11 3881183.74 30.0
508059.03 3881183.69 30.0
508059.11 3881183.74 30.0
508059.19 3881183.78 30.0
508059.27 3881183.83 30.0
508059.27 3881183.83 30.0
508059.34 3881183.85 30.0
508059.27 3881183.83 30.0
508059.42 3881183.88 30.0
508059.42 3881183.88 30.0
508059.50 3881183.92 30.0
508059.50 3881183.92 30.0
508059.50 3881183.92 30.0
508059.59 3881183.94 30.0
508059.59 3881183.94 30.0
508059.67 3881183.97 30.0
508059.67 3881183.97 30.0
508059.75 3881183.99 30.0
508059.75 3881183.99 30.0
508059.82 3881184.03 30.0
508059.90 3881184.06 30.0
508059.90 3881184.06 30.0
508059.90 3881184.06 30.0
508059.97 3881184.09 30.0
508060.04 3881184.12 30.0
508060.04 3881184.12 30.0
508060.04 3881184.12 30.0
508060.10 3881184.14 30.0
508060.10 3881184.14 30.0
508060.18 3881184.16 30.0
508060.25 3881184.19 30.0
508060.18 3881184.16 30.0
508060.32 3881184.22 30.0
508060.32 3881184.22 30.0
508060.32 3881184.22 30.0
508060.40 3881184.24 30.0
508060.40 3881184.24 30.0
508060.70 3881184.01 30.0
508060.90 3881183.90 30.0
508060.90 3881183.90 30.0
508061.03 3881183.85 30.0
508060.90 3881183.90 30.0
508061.03 3881183.85 30.0
508061.12 3881183.83 30.0
508061.23 3881183.83 30.0
508061.12 3881183.83 30.0
508061.23 3881183.83 30.0
508061.30 3881183.83 30.0
508061.30 3881183.83 30.0
508061.37 3881183.85 30.0
508061.37 3881183.85 30.0
508061.45 3881183.87 30.0
508061.54 3881183.90 30.0
508061.54 3881183.90 30.0
508061.54 3881183.90 30.0
508061.62 3881183.93 30.0
508061.62 3881183.93 30.0
508061.69 3881183.95 30.0
508061.69 3881183.95 30.0
508061.76 3881183.96 30.0
508061.76 3881183.96 30.0
508061.83 3881183.99 30.0
508061.83 3881183.99 30.0
508061.88 3881184.01 30.0
508061.95 3881184.03 30.0
508061.95 3881184.03 30.0
508061.95 3881184.03 30.0
508062.02 3881184.06 30.0
508062.02 3881184.06 30.0
508062.08 3881184.09 30.0
508062.15 3881184.11 30.0
508062.15 3881184.11 30.0
508062.23 3881184.13 30.0
508062.23 3881184.13 30.0
508062.30 3881184.15 30.0
508062.30 3881184.15 30.0
508062.30 3881184.15 30.0
508062.37 3881184.16 30.0
508062.45 3881184.19 30.0
508062.45 3881184.19 30.0
508062.45 3881184.19 30.0
508062.53 3881184.20 30.0
508062.53 3881184.20 30.0
508062.60 3881184.22 30.0
508062.60 3881184.22 30.0
508062.67 3881184.25 30.0
508062.67 3881184.25 30.0
508062.74 3881184.27 30.0
508062.74 3881184.27 30.0
508062.81 3881184.30 30.0
508062.81 3881184.30 30.0
508062.88 3881184.32 30.0
508062.88 3881184.32 30.0
508062.96 3881184.34 30.0
508063.05 3881184.37 30.0
508063.05 3881184.37 30.0
508063.05 3881184.37 30.0
508063.13 3881184.40 30.0
508063.21 3881184.42 30.0
508063.21 3881184.42 30.0
508063.30 3881184.45 30.0
508063.21 3881184.42 30.0
508063.30 3881184.45 30.0
508063.37 3881184.49 30.0
508063.37 3881184.49 30.0
508063.44 3881184.52 30.0
508063.44 3881184.52 30.0
508063.51 3881184.54 30.0
508063.59 3881184.57 30.0
508063.59 3881184.57 30.0
508063.66 3881184.60 30.0
508063.66 3881184.60 30.0
508063.74 3881184.63 30.0
508063.74 3881184.63 30.0
508063.74 3881184.63 30.0
508063.82 3881184.66 30.0
508063.90 3881184.69 30.0
508063.82 3881184.66 30.0
508063.96 3881184.71 30.0
508063.96 3881184.71 30.0
508064.03 3881184.73 30.0
508064.03 3881184.73 30.0
508064.11 3881184.76 30.0
508064.11 3881184.76 30.0
508064.19 3881184.80 30.0
508064.19 3881184.80 30.0
508064.25 3881184.82 30.0
508064.19 3881184.80 30.0
508064.25 3881184.82 30.0
508064.33 3881184.85 30.0
508064.39 3881184.89 30.0
508064.33 3881184.85 30.0
508064.39 3881184.89 30.0
508064.46 3881184.91 30.0
508064.46 3881184.91 30.0
508064.54 3881184.94 30.0
508064.54 3881184.94 30.0
508064.62 3881184.97 30.0
508064.62 3881184.97 30.0
508064.68 3881185.01 30.0
508064.74 3881185.05 30.0
508064.68 3881185.01 30.0
508064.74 3881185.05 30.0
508064.81 3881185.09 30.0
508064.88 3881185.13 30.0
508064.81 3881185.09 30.0
508064.88 3881185.13 30.0
508064.95 3881185.16 30.0
508064.95 3881185.16 30.0
508065.02 3881185.20 30.0
508065.02 3881185.20 30.0
508065.07 3881185.23 30.0
508065.15 3881185.27 30.0
508065.07 3881185.23 30.0
508065.22 3881185.31 30.0
508065.22 3881185.31 30.0
508065.22 3881185.31 30.0
508065.30 3881185.33 30.0
508065.37 3881185.37 30.0
508065.37 3881185.37 30.0
508065.46 3881185.41 30.0
508065.46 3881185.41 30.0
508065.46 3881185.41 30.0
508065.54 3881185.45 30.0
508065.54 3881185.45 30.0
508065.60 3881185.51 30.0
508065.67 3881185.55 30.0
508065.67 3881185.55 30.0
508065.67 3881185.55 30.0
508065.74 3881185.60 30.0
508065.74 3881185.60 30.0
508065.81 3881185.63 30.0
508065.89 3881185.67 30.0
508065.89 3881185.67 30.0
508065.89 3881185.67 30.0
508065.98 3881185.71 30.0
508066.06 3881185.74 30.0
508066.06 3881185.74 30.0
508066.06 3881185.74 30.0
508066.15 3881185.79 30.0
508066.22 3881185.83 30.0
508066.22 3881185.83 30.0
508066.30 3881185.89 30.0
508066.30 3881185.89 30.0
508066.30 3881185.89 30.0
508066.38 3881185.92 30.0
508066.38 3881185.92 30.0
508066.46 3881185.96 30.0
508066.46 3881185.96 30.0
508066.53 3881186.01 30.0
508066.61 3881186.05 30.0
508066.61 3881186.05 30.0
508066.71 3881186.07 30.0
508066.71 3881186.07 30.0
508066.80 3881186.10 30.0
508066.71 3881186.07 30.0
508066.80 3881186.10 30.0
508066.88 3881186.12 30.0
508066.88 3881186.12 30.0
508066.96 3881186.15 30.0
508067.04 3881186.19 30.0
508066.96 3881186.15 30.0
508067.04 3881186.19 30.0
508067.11 3881186.23 30.0
508067.11 3881186.23 30.0
508067.20 3881186.27 30.0
508067.20 3881186.27 30.0
508067.26 3881186.30 30.0
508067.26 3881186.30 30.0
508067.33 3881186.34 30.0
508067.41 3881186.37 30.0
508067.41 3881186.37 30.0
508067.41 3881186.37 30.0
508067.49 3881186.41 30.0
508067.49 3881186.41 30.0
508067.56 3881186.44 30.0
508067.63 3881186.49 30.0
508067.63 3881186.49 30.0
508067.63 3881186.49 30.0
508067.70 3881186.53 30.0
508067.77 3881186.57 30.0
508067.77 3881186.57 30.0
508067.77 3881186.57 30.0
508067.83 3881186.62 30.0
508067.83 3881186.62 30.0
508067.90 3881186.65 30.0
508067.97 3881186.69 30.0
508067.97 3881186.69 30.0
508067.97 3881186.69 30.0
508068.04 3881186.71 30.0
508068.12 3881186.74 30.0
508068.12 3881186.74 30.0
508068.20 3881186.77 30.0
508068.20 3881186.77 30.0
508068.27 3881186.81 30.0
508068.27 3881186.81 30.0
508068.27 3881186.81 30.0
508068.34 3881186.85 30.0
508068.34 3881186.85 30.0
508068.41 3881186.90 30.0
508068.41 3881186.90 30.0
508068.47 3881186.94 30.0
508068.47 3881186.94 30.0
508068.52 3881186.99 30.0
508068.56 3881187.02 30.0
508068.56 3881187.02 30.0
508068.56 3881187.02 30.0
508068.60 3881187.06 30.0
508068.60 3881187.06 30.0
508068.65 3881187.09 30.0
508068.65 3881187.09 30.0
508068.68 3881187.12 30.0
508068.68 3881187.12 30.0
508068.73 3881187.13 30.0
508068.73 3881187.13 30.0
508068.76 3881187.15 30.0
508068.76 3881187.15 30.0
508068.81 3881187.17 30.0
508068.81 3881187.17 30.0
508068.85 3881187.20 30.0
508068.87 3881187.22 30.0
508068.85 3881187.20 30.0
508068.87 3881187.22 30.0
508068.90 3881187.24 30.0
508068.92 3881187.26 30.0
508068.90 3881187.24 30.0
508068.95 3881187.29 30.0
508068.95 3881187.29 30.0
508068.97 3881187.31 30.0
508068.97 3881187.31 30.0
508068.99 3881187.33 30.0
508068.99 3881187.33 30.0
508068.99 3881187.33 30.0
508069.01 3881187.34 30.0
508069.01 3881187.34 30.0
508069.03 3881187.36 30.0
508069.05 3881187.39 30.0
508069.05 3881187.39 30.0
508069.05 3881187.39 30.0
508069.07 3881187.40 30.0
508069.09 3881187.41 30.0
508069.09 3881187.41 30.0
508069.09 3881187.41 30.0
508069.12 3881187.42 30.0
508069.14 3881187.43 30.0
508069.14 3881187.43 30.0
508069.16 3881187.44 30.0
508069.16 3881187.44 30.0
508069.16 3881187.44 30.0
508069.18 3881187.45 30.0
508069.21 3881187.46 30.0
508069.21 3881187.46 30.0
508069.23 3881187.47 30.0
508069.23 3881187.47 30.0
508069.26 3881187.50 30.0
508069.26 3881187.50 30.0
508069.26 3881187.50 30.0
508069.27 3881187.51 30.0
508069.29 3881187.53 30.0
508069.29 3881187.53 30.0
508069.29 3881187.53 30.0
508069.31 3881187.54 30.0
508069.31 3881187.54 30.0
508069.32 3881187.55 30.0
508069.32 3881187.57 30.0
508069.32 3881187.57 30.0
508069.32 3881187.57 30.0
508069.32 3881187.57 30.0
508069.32 3881187.57 30.0
508069.34 3881187.57 30.0
508069.35 3881187.56 30.0
508069.35 3881187.56 30.0
508069.35 3881187.56 30.0
508069.37 3881187.56 30.0
508069.39 3881187.55 30.0
508069.39 3881187.55 30.0
508069.41 3881187.55 30.0
508069.41 3881187.55 30.0
508069.42 3881187.54 30.0
508069.41 3881187.55 30.0
508069.43 3881187.53 30.0
508069.43 3881187.53 30.0
508069.43 3881187.54 30.0
508069.43 3881187.54 30.0
508069.44 3881187.54 30.0
508069.44 3881187.54 30.0
508069.44 3881187.54 30.0
508069.44 3881187.54 30.0
508069.45 3881187.55 30.0
508069.44 3881187.54 30.0
508069.46 3881187.57 30.0
508069.46 3881187.57 30.0
508069.46 3881187.57 30.0
508069.47 3881187.60 30.0
508069.47 3881187.60 30.0
508069.47 3881187.60 30.0
508069.47 3881187.60 30.0
508069.48 3881187.62 30.0
508069.49 3881187.62 30.0
508069.49 3881187.62 30.0
508069.49 3881187.62 30.0
508069.51 3881187.62 30.0
508069.51 3881187.62 30.0
508069.53 3881187.64 30.0
508069.53 3881187.64 30.0
508069.54 3881187.65 30.0
508069.54 3881187.65 30.0
508069.55 3881187.65 30.0
508069.55 3881187.65 30.0
508069.56 3881187.66 30.0
508069.57 3881187.67 30.0
508069.57 3881187.67 30.0
508069.57 3881187.67 30.0
508069.57 3881187.67 30.0
508069.57 3881187.67 30.0
508069.59 3881187.70 30.0
508069.59 3881187.70 30.0
508069.61 3881187.71 30.0
508069.61 3881187.71 30.0
508069.63 3881187.73 30.0
508069.66 3881187.75 30.0
508069.63 3881187.73 30.0
508069.67 3881187.76 30.0
508069.67 3881187.76 30.0
508069.67 3881187.76 30.0
508069.72 3881187.79 30.0
508069.77 3881187.81 30.0
508069.77 3881187.81 30.0
508069.77 3881187.81 30.0
508069.81 3881187.82 30.0
508069.85 3881187.85 30.0
508069.85 3881187.85 30.0
508069.85 3881187.85 30.0
508069.88 3881187.86 30.0
508069.92 3881187.90 30.0
508069.92 3881187.90 30.0
508069.97 3881187.94 30.0
508069.97 3881187.94 30.0
508070.02 3881187.99 30.0
508070.02 3881187.99 30.0
508070.07 3881188.01 30.0
508070.07 3881188.01 30.0
508070.07 3881188.01 30.0
508070.11 3881188.03 30.0
508070.11 3881188.03 30.0
508070.17 3881188.06 30.0
508070.17 3881188.06 30.0
508070.22 3881188.10 30.0
508070.28 3881188.12 30.0
508070.28 3881188.12 30.0
508070.28 3881188.12 30.0
508070.32 3881188.15 30.0
508070.32 3881188.15 30.0
508070.36 3881188.17 30.0
508070.36 3881188.17 30.0
508070.40 3881188.21 30.0
508070.44 3881188.24 30.0
508070.44 3881188.24 30.0
508070.44 3881188.24 30.0
508070.49 3881188.28 30.0
508070.54 3881188.32 30.0
508070.49 3881188.28 30.0
508070.54 3881188.32 30.0
508070.58 3881188.34 30.0
508070.58 3881188.34 30.0
508070.64 3881188.37 30.0
508070.69 3881188.41 30.0
508070.64 3881188.37 30.0
508070.69 3881188.41 30.0
508070.76 3881188.44 30.0
508070.81 3881188.46 30.0
508070.81 3881188.46 30.0
508070.81 3881188.46 30.0
508070.89 3881188.50 30.0
508070.93 3881188.52 30.0
508070.93 3881188.52 30.0
508070.99 3881188.55 30.0
508070.93 3881188.52 30.0
508070.99 3881188.55 30.0
508071.03 3881188.58 30.0
508071.10 3881188.62 30.0
508071.03 3881188.58 30.0
508071.15 3881188.65 30.0
508071.15 3881188.65 30.0
508071.15 3881188.65 30.0
508071.21 3881188.68 30.0
508071.27 3881188.72 30.0
508071.27 3881188.72 30.0
508071.27 3881188.72 30.0
508071.33 3881188.75 30.0
508071.33 3881188.75 30.0
508071.39 3881188.77 30.0
508071.44 3881188.82 30.0
508071.44 3881188.82 30.0
508071.44 3881188.82 30.0
508071.50 3881188.85 30.0
508071.50 3881188.85 30.0
508071.55 3881188.91 30.0
508071.55 3881188.91 30.0
508071.59 3881188.95 30.0
508071.62 3881188.97 30.0
508071.62 3881188.97 30.0
508071.68 3881189.00 30.0
508071.68 3881189.00 30.0
508071.68 3881189.00 30.0
508071.74 3881189.05 30.0
508071.74 3881189.05 30.0
508071.82 3881189.06 30.0
508071.87 3881189.10 30.0
508071.87 3881189.10 30.0
508071.93 3881189.14 30.0
508071.93 3881189.14 30.0
508071.99 3881189.17 30.0
508071.93 3881189.14 30.0
508072.05 3881189.21 30.0
508071.99 3881189.17 30.0
508072.11 3881189.24 30.0
508072.05 3881189.21 30.0
508072.16 3881189.25 30.0
508072.16 3881189.25 30.0
508072.16 3881189.25 30.0
508072.24 3881189.28 30.0
508072.24 3881189.28 30.0
508072.30 3881189.30 30.0
508072.38 3881189.34 30.0
508072.38 3881189.34 30.0
508072.38 3881189.34 30.0
508072.44 3881189.36 30.0
508072.44 3881189.36 30.0
508072.51 3881189.40 30.0
508072.51 3881189.40 30.0
508072.58 3881189.44 30.0
508072.58 3881189.44 30.0
508072.65 3881189.47 30.0
508072.65 3881189.47 30.0
508072.72 3881189.50 30.0
508072.72 3881189.50 30.0
508072.77 3881189.52 30.0
508072.77 3881189.52 30.0
508072.84 3881189.55 30.0
508072.84 3881189.55 30.0
508072.92 3881189.57 30.0
508072.97 3881189.61 30.0
508072.92 3881189.57 30.0
508073.02 3881189.63 30.0
508072.97 3881189.61 30.0
508073.02 3881189.63 30.0
508073.07 3881189.65 30.0
508073.07 3881189.65 30.0
508073.14 3881189.67 30.0
508073.14 3881189.67 30.0
508073.20 3881189.70 30.0
508073.20 3881189.70 30.0
508073.26 3881189.73 30.0
508073.26 3881189.73 30.0
508073.32 3881189.75 30.0
508073.32 3881189.75 30.0
508073.38 3881189.76 30.0
508073.44 3881189.78 30.0
508073.44 3881189.78 30.0
508073.44 3881189.78 30.0
508073.51 3881189.80 30.0
508073.59 3881189.81 30.0
508073.59 3881189.81 30.0
508073.66 3881189.82 30.0
508073.66 3881189.82 30.0
508073.71 3881189.84 30.0
508073.71 3881189.84 30.0
508073.78 3881189.88 30.0
508073.78 3881189.88 30.0
508073.78 3881189.88 30.0
508073.86 3881189.92 30.0
508073.96 3881189.96 30.0
508073.96 3881189.96 30.0
508073.96 3881189.96 30.0
508074.03 3881189.98 30.0
508074.03 3881189.98 30.0
508074.09 3881190.00 30.0
508074.09 3881190.00 30.0
508074.19 3881190.03 30.0
508074.19 3881190.03 30.0
508074.27 3881190.06 30.0
508074.27 3881190.06 30.0
508074.36 3881190.11 30.0
508074.46 3881190.15 30.0
508074.46 3881190.15 30.0
508074.54 3881190.17 30.0
508074.54 3881190.17 30.0
508074.64 3881190.22 30.0
508074.54 3881190.17 30.0
508074.64 3881190.22 30.0
508074.77 3881190.24 30.0
508075.43 3881190.21 30.0
508075.43 3881190.21 30.0
508075.53 3881190.22 30.0
508075.53 3881190.22 30.0
508075.53 3881190.22 30.0
508075.74 3881190.29 30.0
508075.80 3881190.35 30.0
508075.80 3881190.35 30.0
508075.91 3881190.31 30.0
508075.80 3881190.35 30.0
508075.91 3881190.31 30.0
508076.09 3881190.39 30.0
508076.34 3881190.49 30.0
508076.09 3881190.39 30.0
508076.34 3881190.49 30.0
508076.42 3881190.47 30.0
508076.43 3881190.41 30.0
508076.43 3881190.41 30.0
508076.42 3881190.38 30.0
508076.43 3881190.41 30.0
508076.42 3881190.38 30.0
508076.48 3881190.42 30.0
508076.55 3881190.50 30.0
508076.55 3881190.50 30.0
508076.55 3881190.50 30.0
508076.60 3881190.60 30.0
508076.60 3881190.60 30.0
508076.71 3881190.66 30.0
508076.71 3881190.66 30.0
508076.80 3881190.72 30.0
508076.92 3881190.76 30.0
508076.92 3881190.76 30.0
508076.92 3881190.76 30.0
508077.06 3881190.87 30.0
508077.06 3881190.87 30.0
508077.16 3881190.93 30.0
508077.23 3881190.97 30.0
508077.23 3881190.97 30.0
508077.23 3881190.97 30.0
508077.28 3881191.01 30.0
508077.28 3881191.01 30.0
508077.35 3881191.04 30.0
508077.42 3881191.07 30.0
508077.42 3881191.07 30.0
508077.42 3881191.07 30.0
508077.50 3881191.11 30.0
508077.50 3881191.11 30.0
508077.59 3881191.14 30.0
508077.59 3881191.14 30.0
508077.67 3881191.19 30.0
508077.74 3881191.21 30.0
508077.67 3881191.19 30.0
508077.74 3881191.21 30.0
508077.82 3881191.25 30.0
508077.82 3881191.25 30.0
508077.90 3881191.29 30.0
508077.90 3881191.29 30.0
508077.97 3881191.32 30.0
508078.04 3881191.35 30.0
508078.04 3881191.35 30.0
508078.11 3881191.39 30.0
508078.11 3881191.39 30.0
508078.20 3881191.42 30.0
508078.20 3881191.42 30.0
508078.27 3881191.45 30.0
508078.27 3881191.45 30.0
508078.35 3881191.49 30.0
508078.27 3881191.45 30.0
508078.43 3881191.52 30.0
508078.43 3881191.52 30.0
508078.51 3881191.55 30.0
508078.43 3881191.52 30.0
508078.51 3881191.55 30.0
508078.59 3881191.59 30.0
508078.59 3881191.59 30.0
508078.67 3881191.62 30.0
508078.74 3881191.65 30.0
508078.67 3881191.62 30.0
508078.74 3881191.65 30.0
508078.82 3881191.69 30.0
508078.82 3881191.69 30.0
508078.90 3881191.72 30.0
508078.98 3881191.75 30.0
508078.98 3881191.75 30.0
508078.98 3881191.75 30.0
508079.05 3881191.79 30.0
508079.13 3881191.83 30.0
508079.13 3881191.83 30.0
508079.13 3881191.83 30.0
508079.22 3881191.86 30.0
508079.22 3881191.86 30.0
508079.30 3881191.91 30.0
508079.30 3881191.91 30.0
508079.38 3881191.95 30.0
508079.38 3881191.95 30.0
508079.45 3881192.01 30.0
508079.45 3881192.01 30.0
508079.54 3881192.04 30.0
508079.54 3881192.04 30.0
508079.62 3881192.09 30.0
508079.70 3881192.13 30.0
508079.62 3881192.09 30.0
508079.70 3881192.13 30.0
508079.78 3881192.16 30.0
508079.86 3881192.21 30.0
508079.78 3881192.16 30.0
508079.86 3881192.21 30.0
508079.94 3881192.25 30.0
508079.94 3881192.25 30.0
508080.02 3881192.29 30.0
508080.02 3881192.29 30.0
508080.09 3881192.32 30.0
508080.16 3881192.36 30.0
508080.09 3881192.32 30.0
508080.16 3881192.36 30.0
508080.43 3881192.62 30.0
508080.43 3881192.62 30.0
508080.50 3881192.64 30.0
508080.50 3881192.64 30.0
508080.58 3881192.66 30.0
508080.66 3881192.70 30.0
508080.66 3881192.70 30.0
508080.74 3881192.74 30.0
508080.74 3881192.74 30.0
508080.74 3881192.74 30.0
508080.82 3881192.79 30.0
508080.82 3881192.79 30.0
508080.89 3881192.83 30.0
508080.89 3881192.83 30.0
508080.98 3881192.87 30.0
508080.98 3881192.87 30.0
508081.06 3881192.93 30.0
508081.06 3881192.93 30.0
508081.15 3881192.99 30.0
508081.24 3881193.03 30.0
508081.24 3881193.03 30.0
508081.34 3881193.07 30.0
508081.34 3881193.07 30.0
508081.34 3881193.07 30.0
508081.44 3881193.12 30.0
508081.44 3881193.12 30.0
508081.53 3881193.16 30.0
508081.53 3881193.16 30.0
508081.62 3881193.21 30.0
508081.62 3881193.21 30.0
508081.70 3881193.25 30.0
508081.70 3881193.25 30.0
508081.78 3881193.27 30.0
508081.78 3881193.27 30.0
508081.85 3881193.30 30.0
508081.85 3881193.30 30.0
508081.92 3881193.32 30.0
508082.03 3881193.35 30.0
508082.03 3881193.35 30.0
508082.03 3881193.35 30.0
508082.15 3881193.36 30.0
508082.15 3881193.36 30.0
508082.27 3881193.40 30.0
508082.27 3881193.40 30.0
508082.38 3881193.44 30.0
508082.38 3881193.44 30.0
508082.74 3881193.30 30.0
508082.74 3881193.30 30.0
508082.93 3881193.25 30.0
508082.93 3881193.25 30.0
508083.00 3881193.23 30.0
508083.00 3881193.23 30.0
508083.08 3881193.23 30.0
508083.14 3881193.26 30.0
508083.14 3881193.26 30.0
508083.21 3881193.29 30.0
508083.14 3881193.26 30.0
508083.21 3881193.29 30.0
508083.32 3881193.31 30.0
508083.32 3881193.31 30.0
508083.44 3881193.34 30.0
508083.44 3881193.34 30.0
508083.47 3881193.39 30.0
508083.54 3881193.43 30.0
508083.47 3881193.39 30.0
508083.59 3881193.48 30.0
508083.59 3881193.48 30.0
508083.59 3881193.48 30.0
508083.66 3881193.51 30.0
508083.75 3881193.55 30.0
508083.75 3881193.55 30.0
508083.82 3881193.60 30.0
508083.75 3881193.55 30.0
508083.86 3881193.66 30.0
508083.86 3881193.66 30.0
508083.86 3881193.66 30.0
508083.90 3881193.74 30.0
508083.96 3881194.41 30.0
508083.90 3881193.74 30.0
508083.96 3881194.41 30.0
508083.97 3881194.42 30.0
508083.97 3881194.42 30.0
508084.05 3881194.45 30.0
508084.05 3881194.45 30.0
508084.12 3881194.51 30.0
508084.20 3881194.55 30.0
508084.12 3881194.51 30.0
508084.28 3881194.60 30.0
508084.28 3881194.60 30.0
508084.36 3881194.64 30.0
508084.36 3881194.64 30.0
508084.36 3881194.64 30.0
508084.44 3881194.69 30.0
508084.52 3881194.73 30.0
508084.52 3881194.73 30.0
508084.52 3881194.73 30.0
508084.59 3881194.77 30.0
508084.59 3881194.77 30.0
508084.67 3881194.81 30.0
508084.75 3881194.85 30.0
508084.67 3881194.81 30.0
508084.75 3881194.85 30.0
508084.83 3881194.88 30.0
508084.83 3881194.88 30.0
508084.91 3881194.93 30.0
508084.91 3881194.93 30.0
508084.99 3881194.97 30.0
508084.99 3881194.97 30.0
508085.07 3881195.02 30.0
508085.07 3881195.02 30.0
508085.14 3881195.06 30.0
508085.14 3881195.06 30.0
508085.21 3881195.11 30.0
508085.21 3881195.11 30.0
508085.29 3881195.14 30.0
508085.38 3881195.17 30.0
508085.29 3881195.14 30.0
508085.38 3881195.17 30.0
508085.46 3881195.20 30.0
508085.46 3881195.20 30.0
508085.54 3881195.23 30.0
508085.61 3881195.26 30.0
508085.61 3881195.26 30.0
508085.61 3881195.26 30.0
508085.70 3881195.30 30.0
508085.79 3881195.33 30.0
508085.70 3881195.30 30.0
508085.79 3881195.33 30.0
508085.87 3881195.35 30.0
508085.95 3881195.39 30.0
508085.87 3881195.35 30.0
508085.95 3881195.39 30.0
508086.02 3881195.41 30.0
508086.02 3881195.41 30.0
508086.11 3881195.44 30.0
508086.19 3881195.47 30.0
508086.11 3881195.44 30.0
508086.19 3881195.47 30.0
508086.27 3881195.50 30.0
508086.27 3881195.50 30.0
508086.35 3881195.53 30.0
508086.35 3881195.53 30.0
508086.43 3881195.56 30.0
508086.43 3881195.56 30.0
508086.52 3881195.61 30.0
508086.52 3881195.61 30.0
508086.59 3881195.64 30.0
508086.59 3881195.64 30.0
508086.67 3881195.69 30.0
508086.74 3881195.72 30.0
508086.74 3881195.72 30.0
508086.74 3881195.72 30.0
508086.83 3881195.75 30.0
508086.83 3881195.75 30.0
508086.91 3881195.79 30.0
508086.99 3881195.82 30.0
508086.91 3881195.79 30.0
508087.07 3881195.86 30.0
508087.07 3881195.86 30.0
508087.07 3881195.86 30.0
508087.16 3881195.91 30.0
508087.16 3881195.91 30.0
508087.25 3881195.96 30.0
508087.25 3881195.96 30.0
508087.34 3881196.01 30.0
508087.34 3881196.01 30.0
508087.43 3881196.05 30.0
508087.43 3881196.05 30.0
508087.53 3881196.10 30.0
508087.53 3881196.10 30.0
508087.63 3881196.13 30.0
508087.63 3881196.13 30.0
508087.72 3881196.17 30.0
508087.72 3881196.17 30.0
508087.82 3881196.21 30.0
508087.82 3881196.21 30.0
508087.92 3881196.24 30.0
508087.92 3881196.24 30.0
508088.01 3881196.29 30.0
508088.01 3881196.29 30.0
508088.11 3881196.33 30.0
508088.19 3881196.37 30.0
508088.11 3881196.33 30.0
508088.29 3881196.41 30.0
508088.19 3881196.37 30.0
508088.29 3881196.41 30.0
508088.38 3881196.45 30.0
508088.38 3881196.45 30.0
508088.48 3881196.49 30.0
508088.48 3881196.49 30.0
508088.60 3881196.53 30.0
508088.70 3881196.62 30.0
508088.70 3881196.62 30.0
508088.70 3881196.62 30.0
508088.80 3881196.66 30.0
508088.80 3881196.66 30.0
508088.87 3881196.71 30.0
508088.93 3881196.74 30.0
508088.93 3881196.74 30.0
508088.93 3881196.74 30.0
508089.00 3881196.80 30.0
508089.00 3881196.80 30.0
508089.09 3881196.87 30.0
508089.09 3881196.87 30.0
508089.18 3881196.93 30.0
508089.18 3881196.93 30.0
508089.28 3881196.97 30.0
508089.28 3881196.97 30.0
508089.38 3881197.04 30.0
508089.38 3881197.04 30.0
508089.48 3881197.10 30.0
508089.48 3881197.10 30.0
508089.55 3881197.15 30.0
508089.64 3881197.20 30.0
508089.55 3881197.15 30.0
508089.64 3881197.20 30.0
508089.75 3881197.25 30.0
508089.75 3881197.25 30.0
508089.86 3881197.31 30.0
508089.86 3881197.31 30.0
508089.94 3881197.35 30.0
508089.94 3881197.35 30.0
508090.03 3881197.41 30.0
508090.12 3881197.46 30.0
508090.12 3881197.46 30.0
508090.12 3881197.46 30.0
508090.23 3881197.52 30.0
508090.23 3881197.52 30.0
508090.34 3881197.56 30.0
508090.34 3881197.56 30.0
508090.53 3881197.67 30.0
508090.63 3881197.73 30.0
508090.63 3881197.73 30.0
508090.72 3881197.78 30.0
508090.72 3881197.78 30.0
508090.72 3881197.78 30.0
508090.82 3881197.84 30.0
508090.82 3881197.84 30.0
508090.92 3881197.88 30.0
508091.03 3881197.94 30.0
508090.92 3881197.88 30.0
508091.03 3881197.94 30.0
508091.13 3881197.98 30.0
508091.24 3881198.02 30.0
508091.24 3881198.02 30.0
508091.24 3881198.02 30.0
508091.34 3881198.05 30.0
508091.44 3881198.10 30.0
508091.44 3881198.10 30.0
508091.44 3881198.10 30.0
508091.53 3881198.13 30.0
508091.62 3881198.17 30.0
508091.62 3881198.17 30.0
508091.71 3881198.22 30.0
508091.71 3881198.22 30.0
508091.80 3881198.25 30.0
508091.80 3881198.25 30.0
508091.89 3881198.30 30.0
508091.89 3881198.30 30.0
508091.98 3881198.34 30.0
508091.98 3881198.34 30.0
508091.98 3881198.34 30.0
508092.08 3881198.38 30.0
508092.18 3881198.42 30.0
508092.18 3881198.42 30.0
508092.26 3881198.46 30.0
508092.26 3881198.46 30.0
508092.26 3881198.46 30.0
508092.34 3881198.51 30.0
508092.43 3881198.54 30.0
508092.43 3881198.54 30.0
508092.51 3881198.58 30.0
508092.51 3881198.58 30.0
508092.51 3881198.58 30.0
508092.60 3881198.62 30.0
508092.69 3881198.65 30.0
508092.69 3881198.65 30.0
508092.80 3881198.68 30.0
508092.80 3881198.68 30.0
508092.91 3881198.73 30.0
508092.91 3881198.73 30.0
508092.91 3881198.73 30.0
508093.01 3881198.76 30.0
508093.01 3881198.76 30.0
508093.10 3881198.81 30.0
508093.10 3881198.81 30.0
508093.20 3881198.85 30.0
508093.29 3881198.88 30.0
508093.29 3881198.88 30.0
508093.38 3881198.92 30.0
508093.38 3881198.92 30.0
508093.38 3881198.92 30.0
508093.47 3881198.96 30.0
508093.47 3881198.96 30.0
508093.56 3881199.00 30.0
508093.65 3881199.04 30.0
508093.65 3881199.04 30.0
508093.65 3881199.04 30.0
508093.75 3881199.08 30.0
508093.75 3881199.08 30.0
508093.84 3881199.13 30.0
508093.94 3881199.17 30.0
508093.94 3881199.17 30.0
508094.03 3881199.22 30.0
508094.03 3881199.22 30.0
508094.13 3881199.26 30.0
508094.13 3881199.26 30.0
508094.13 3881199.26 30.0
508094.23 3881199.31 30.0
508094.33 3881199.35 30.0
508094.33 3881199.35 30.0
508094.33 3881199.35 30.0
508094.44 3881199.38 30.0
508094.54 3881199.43 30.0
508094.54 3881199.43 30.0
508094.64 3881199.47 30.0
508094.54 3881199.43 30.0
508094.74 3881199.51 30.0
508094.74 3881199.51 30.0
508094.84 3881199.55 30.0
508094.84 3881199.55 30.0
508094.95 3881199.60 30.0
508094.95 3881199.60 30.0
508095.05 3881199.64 30.0
508095.05 3881199.64 30.0
508095.05 3881199.64 30.0
508095.16 3881199.67 30.0
508095.16 3881199.67 30.0
508095.26 3881199.72 30.0
508095.26 3881199.72 30.0
508095.36 3881199.76 30.0
508095.47 3881199.80 30.0
508095.47 3881199.80 30.0
508095.57 3881199.84 30.0
508095.57 3881199.84 30.0
508095.57 3881199.84 30.0
508095.67 3881199.87 30.0
508095.67 3881199.87 30.0
508095.76 3881199.92 30.0
508095.86 3881199.96 30.0
508095.86 3881199.96 30.0
508095.96 3881200.01 30.0
508095.86 3881199.96 30.0
508096.05 3881200.04 30.0
508096.05 3881200.04 30.0
508096.05 3881200.04 30.0
508096.14 3881200.07 30.0
508096.14 3881200.07 30.0
508096.23 3881200.12 30.0
508096.33 3881200.15 30.0
508096.33 3881200.15 30.0
508096.33 3881200.15 30.0
508096.43 3881200.19 30.0
508096.43 3881200.19 30.0
508096.52 3881200.22 30.0
508096.52 3881200.22 30.0
508096.60 3881200.26 30.0
508096.60 3881200.26 30.0
508096.70 3881200.31 30.0
508096.80 3881200.36 30.0
508096.70 3881200.31 30.0
508096.89 3881200.41 30.0
508096.89 3881200.41 30.0
508096.89 3881200.41 30.0
508096.98 3881200.44 30.0
508096.98 3881200.44 30.0
508097.08 3881200.49 30.0
508097.08 3881200.49 30.0
508097.17 3881200.53 30.0
508097.17 3881200.53 30.0
508097.27 3881200.56 30.0
508097.27 3881200.56 30.0
508097.36 3881200.60 30.0
508097.46 3881200.64 30.0
508097.46 3881200.64 30.0
508097.54 3881200.67 30.0
508097.46 3881200.64 30.0
508097.54 3881200.67 30.0
508097.64 3881200.72 30.0
508097.64 3881200.72 30.0
508097.73 3881200.75 30.0
508097.73 3881200.75 30.0
508097.83 3881200.80 30.0
508097.93 3881200.83 30.0
508097.93 3881200.83 30.0
508098.02 3881200.86 30.0
508097.93 3881200.83 30.0
508098.12 3881200.91 30.0
508098.12 3881200.91 30.0
508098.22 3881200.94 30.0
508098.22 3881200.94 30.0
508098.22 3881200.94 30.0
508098.32 3881200.99 30.0
508098.41 3881201.03 30.0
508098.32 3881200.99 30.0
508098.41 3881201.03 30.0
508098.50 3881201.07 30.0
508098.50 3881201.07 30.0
508098.59 3881201.12 30.0
508098.68 3881201.16 30.0
508098.59 3881201.12 30.0
508098.68 3881201.16 30.0
508098.77 3881201.21 30.0
508098.86 3881201.25 30.0
508098.86 3881201.25 30.0
508098.86 3881201.25 30.0
508098.96 3881201.30 30.0
508099.06 3881201.33 30.0
508099.06 3881201.33 30.0
508099.06 3881201.33 30.0
508099.17 3881201.37 30.0
508099.27 3881201.41 30.0
508099.17 3881201.37 30.0
508099.37 3881201.45 30.0
508099.27 3881201.41 30.0
508099.37 3881201.45 30.0
508099.46 3881201.51 30.0
508099.56 3881201.55 30.0
508099.56 3881201.55 30.0
508099.56 3881201.55 30.0
508099.66 3881201.59 30.0
508099.66 3881201.59 30.0
508099.76 3881201.63 30.0
508099.76 3881201.63 30.0
508099.85 3881201.66 30.0
508099.95 3881201.72 30.0
508099.95 3881201.72 30.0
508099.95 3881201.72 30.0
508100.05 3881201.76 30.0
508100.05 3881201.76 30.0
508100.16 3881201.81 30.0
508100.16 3881201.81 30.0
508100.25 3881201.85 30.0
508100.25 3881201.85 30.0
508100.35 3881201.90 30.0
508100.35 3881201.90 30.0
508100.46 3881201.94 30.0
508100.55 3881201.97 30.0
508100.55 3881201.97 30.0
508100.55 3881201.97 30.0
508100.65 3881202.02 30.0
508100.75 3881202.06 30.0
508100.65 3881202.02 30.0
508100.75 3881202.06 30.0
508100.86 3881202.11 30.0
508100.86 3881202.11 30.0
508100.97 3881202.14 30.0
508100.97 3881202.14 30.0
508101.07 3881202.19 30.0
508101.16 3881202.24 30.0
508101.07 3881202.19 30.0
508101.26 3881202.29 30.0
508101.16 3881202.24 30.0
508101.36 3881202.33 30.0
508101.26 3881202.29 30.0
508101.36 3881202.33 30.0
508101.45 3881202.37 30.0
508101.45 3881202.37 30.0
508101.56 3881202.42 30.0
508101.56 3881202.42 30.0
508101.66 3881202.46 30.0
508101.66 3881202.46 30.0
508101.76 3881202.50 30.0
508101.76 3881202.50 30.0
508101.86 3881202.53 30.0
508101.95 3881202.57 30.0
508101.86 3881202.53 30.0
508101.95 3881202.57 30.0
508102.06 3881202.62 30.0
508102.06 3881202.62 30.0
508102.16 3881202.67 30.0
508102.27 3881202.72 30.0
508102.27 3881202.72 30.0
508102.27 3881202.72 30.0
508102.36 3881202.76 30.0
508102.46 3881202.81 30.0
508102.46 3881202.81 30.0
508102.56 3881202.85 30.0
508102.56 3881202.85 30.0
508102.56 3881202.85 30.0
508102.66 3881202.90 30.0
508102.66 3881202.90 30.0
508102.76 3881202.95 30.0
508102.76 3881202.95 30.0
508102.86 3881203.00 30.0
508102.86 3881203.00 30.0
508102.95 3881203.04 30.0
508102.95 3881203.04 30.0
508103.05 3881203.10 30.0
508103.05 3881203.10 30.0
508103.14 3881203.14 30.0
508103.14 3881203.14 30.0
508103.23 3881203.19 30.0
508103.33 3881203.23 30.0
508103.33 3881203.23 30.0
508103.43 3881203.27 30.0
508103.43 3881203.27 30.0
508103.43 3881203.27 30.0
508103.53 3881203.32 30.0
508103.53 3881203.32 30.0
508103.63 3881203.36 30.0
508103.63 3881203.36 30.0
508103.73 3881203.41 30.0
508103.81 3881203.45 30.0
508103.81 3881203.45 30.0
508103.81 3881203.45 30.0
508103.91 3881203.51 30.0
508103.91 3881203.51 30.0
508104.00 3881203.55 30.0
508104.00 3881203.55 30.0
508104.10 3881203.60 30.0
508104.10 3881203.60 30.0
508104.19 3881203.65 30.0
508104.19 3881203.65 30.0
508104.29 3881203.70 30.0
508104.39 3881203.74 30.0
508104.39 3881203.74 30.0
508104.49 3881203.79 30.0
508104.49 3881203.79 30.0
508104.58 3881203.83 30.0
508104.58 3881203.83 30.0
508104.58 3881203.83 30.0
508104.67 3881203.89 30.0
508104.67 3881203.89 30.0
508104.76 3881203.93 30.0
508104.76 3881203.93 30.0
508104.85 3881203.99 30.0
508104.85 3881203.99 30.0
508104.94 3881204.03 30.0
508104.94 3881204.03 30.0
508105.03 3881204.06 30.0
508105.13 3881204.11 30.0
508105.03 3881204.06 30.0
508105.13 3881204.11 30.0
508105.23 3881204.15 30.0
508105.23 3881204.15 30.0
508105.33 3881204.21 30.0
508105.33 3881204.21 30.0
508105.42 3881204.25 30.0
508105.50 3881204.31 30.0
508105.50 3881204.31 30.0
508105.50 3881204.31 30.0
508105.59 3881204.35 30.0
508105.59 3881204.35 30.0
508105.68 3881204.41 30.0
508105.68 3881204.41 30.0
508105.78 3881204.45 30.0
508105.78 3881204.45 30.0
508105.87 3881204.50 30.0
508105.97 3881204.54 30.0
508105.97 3881204.54 30.0
508106.07 3881204.60 30.0
508106.07 3881204.60 30.0
508106.17 3881204.64 30.0
508106.17 3881204.64 30.0
508106.26 3881204.69 30.0
508106.26 3881204.69 30.0
508106.26 3881204.69 30.0
508106.36 3881204.74 30.0
508106.46 3881204.79 30.0
508106.46 3881204.79 30.0
508106.55 3881204.84 30.0
508106.46 3881204.79 30.0
508106.65 3881204.89 30.0
508106.65 3881204.89 30.0
508106.65 3881204.89 30.0
508106.74 3881204.92 30.0
508106.85 3881204.96 30.0
508106.85 3881204.96 30.0
508106.96 3881205.01 30.0
508106.85 3881204.96 30.0
508107.06 3881205.05 30.0
508107.06 3881205.05 30.0
508107.15 3881205.10 30.0
508107.15 3881205.10 30.0
508107.15 3881205.10 30.0
508107.25 3881205.15 30.0
508107.35 3881205.21 30.0
508107.35 3881205.21 30.0
508107.44 3881205.25 30.0
508107.44 3881205.25 30.0
508107.44 3881205.25 30.0
508107.54 3881205.30 30.0
508107.54 3881205.30 30.0
508107.64 3881205.34 30.0
508107.64 3881205.34 30.0
508107.75 3881205.39 30.0
508107.85 3881205.43 30.0
508107.75 3881205.39 30.0
508107.95 3881205.47 30.0
508107.95 3881205.47 30.0
508107.95 3881205.47 30.0
508108.05 3881205.52 30.0
508108.05 3881205.52 30.0
508108.15 3881205.56 30.0
508108.15 3881205.56 30.0
508108.26 3881205.61 30.0
508108.35 3881205.65 30.0
508108.35 3881205.65 30.0
508108.45 3881205.69 30.0
508108.45 3881205.69 30.0
508108.54 3881205.74 30.0
508108.54 3881205.74 30.0
508108.64 3881205.79 30.0
508108.64 3881205.79 30.0
508108.75 3881205.83 30.0
508108.75 3881205.83 30.0
508108.84 3881205.87 30.0
508108.75 3881205.83 30.0
508108.84 3881205.87 30.0
508108.93 3881205.93 30.0
508108.93 3881205.93 30.0
508109.00 3881205.99 30.0
508109.00 3881205.99 30.0
508109.09 3881206.04 30.0
508109.09 3881206.04 30.0
508109.18 3881206.10 30.0
508109.27 3881206.13 30.0
508109.18 3881206.10 30.0
508109.36 3881206.17 30.0
508109.27 3881206.13 30.0
508109.46 3881206.22 30.0
508109.36 3881206.17 30.0
508109.56 3881206.26 30.0
508109.46 3881206.22 30.0
508109.65 3881206.31 30.0
508109.65 3881206.31 30.0
508109.75 3881206.35 30.0
508109.65 3881206.31 30.0
508109.86 3881206.37 30.0
508109.86 3881206.37 30.0
508109.86 3881206.37 30.0
508109.98 3881206.42 30.0
508110.08 3881206.45 30.0
508110.08 3881206.45 30.0
508110.08 3881206.45 30.0
508110.18 3881206.50 30.0
508110.18 3881206.50 30.0
508110.29 3881206.53 30.0
508110.40 3881206.59 30.0
508110.40 3881206.59 30.0
508110.49 3881206.65 30.0
508110.40 3881206.59 30.0
508110.57 3881206.70 30.0
508110.57 3881206.70 30.0
508110.57 3881206.70 30.0
508110.68 3881206.75 30.0
508110.68 3881206.75 30.0
508110.78 3881206.80 30.0
508110.78 3881206.80 30.0
508110.89 3881206.84 30.0
508110.98 3881206.87 30.0
508110.89 3881206.84 30.0
508110.98 3881206.87 30.0
508111.08 3881206.91 30.0
508111.08 3881206.91 30.0
508111.18 3881206.96 30.0
508111.18 3881206.96 30.0
508111.29 3881206.99 30.0
508111.29 3881206.99 30.0
508111.41 3881207.02 30.0
508111.51 3881207.05 30.0
508111.41 3881207.02 30.0
508111.51 3881207.05 30.0
508111.61 3881207.09 30.0
508111.71 3881207.13 30.0
508111.71 3881207.13 30.0
508111.87 3881207.02 30.0
508111.71 3881207.13 30.0
508111.87 3881207.02 30.0
508112.03 3881206.89 30.0
508112.19 3881206.79 30.0
508112.19 3881206.79 30.0
508112.18 3881206.75 30.0
508112.18 3881206.75 30.0
508112.29 3881206.78 30.0
508112.29 3881206.78 30.0
508112.29 3881206.78 30.0
508112.36 3881206.81 30.0
508112.44 3881206.83 30.0
508112.44 3881206.83 30.0
508112.44 3881206.83 30.0
508112.52 3881206.89 30.0
508112.52 3881206.89 30.0
508112.63 3881206.98 30.0
508112.72 3881207.01 30.0
508112.72 3881207.01 30.0
508112.72 3881207.01 30.0
508112.92 3881207.08 30.0
508113.01 3881207.11 30.0
508112.92 3881207.08 30.0
508113.01 3881207.11 30.0
508113.12 3881207.18 30.0
508113.12 3881207.18 30.0
508113.22 3881207.23 30.0
508113.22 3881207.23 30.0
508113.31 3881207.25 30.0
508113.31 3881207.25 30.0
508113.54 3881207.28 30.0
508113.54 3881207.28 30.0
508113.67 3881207.34 30.0
508113.67 3881207.34 30.0
508113.79 3881207.38 30.0
508113.90 3881207.41 30.0
508113.79 3881207.38 30.0
508113.90 3881207.41 30.0
508114.01 3881207.44 30.0
508114.12 3881207.49 30.0
508114.12 3881207.49 30.0
508114.23 3881207.53 30.0
508114.23 3881207.53 30.0
508114.23 3881207.53 30.0
508114.34 3881207.58 30.0
508114.43 3881207.61 30.0
508114.43 3881207.61 30.0
508114.52 3881207.65 30.0
508114.52 3881207.65 30.0
508114.52 3881207.65 30.0
508114.62 3881207.70 30.0
508114.62 3881207.70 30.0
508114.72 3881207.74 30.0
508114.72 3881207.74 30.0
508114.82 3881207.78 30.0
508114.82 3881207.78 30.0
508114.93 3881207.83 30.0
508115.03 3881207.88 30.0
508114.93 3881207.83 30.0
508115.03 3881207.88 30.0
508115.13 3881207.92 30.0
508115.13 3881207.92 30.0
508115.23 3881207.96 30.0
508115.23 3881207.96 30.0
508115.33 3881208.01 30.0
508115.33 3881208.01 30.0
508115.44 3881208.06 30.0
508115.44 3881208.06 30.0
508115.54 3881208.11 30.0
508115.64 3881208.15 30.0
508115.54 3881208.11 30.0
508115.64 3881208.15 30.0
508115.74 3881208.20 30.0
508115.74 3881208.20 30.0
508115.85 3881208.25 30.0
508115.95 3881208.29 30.0
508115.85 3881208.25 30.0
508116.06 3881208.33 30.0
508116.06 3881208.33 30.0
508116.06 3881208.33 30.0
508116.16 3881208.38 30.0
508116.27 3881208.42 30.0
508116.27 3881208.42 30.0
508116.27 3881208.42 30.0
508116.37 3881208.46 30.0
508116.37 3881208.46 30.0
508116.47 3881208.51 30.0
508116.57 3881208.54 30.0
508116.57 3881208.54 30.0
508116.57 3881208.54 30.0
508116.67 3881208.59 30.0
508116.78 3881208.63 30.0
508116.78 3881208.63 30.0
508116.88 3881208.68 30.0
508116.88 3881208.68 30.0
508116.98 3881208.72 30.0
508116.98 3881208.72 30.0
508116.98 3881208.72 30.0
508117.08 3881208.76 30.0
508117.19 3881208.81 30.0
508117.19 3881208.81 30.0
508117.29 3881208.85 30.0
508117.29 3881208.85 30.0
508117.39 3881208.89 30.0
508117.29 3881208.85 30.0
508117.39 3881208.89 30.0
508117.49 3881208.93 30.0
508117.49 3881208.93 30.0
508117.60 3881208.98 30.0
508117.60 3881208.98 30.0
508117.71 3881209.02 30.0
508117.71 3881209.02 30.0
508117.81 3881209.05 30.0
508117.91 3881209.10 30.0
508117.91 3881209.10 30.0
508118.01 3881209.14 30.0
508118.01 3881209.14 30.0
508118.01 3881209.14 30.0
508118.12 3881209.19 30.0
508118.22 3881209.23 30.0
508118.22 3881209.23 30.0
508118.32 3881209.28 30.0
508118.32 3881209.28 30.0
508118.32 3881209.28 30.0
508118.42 3881209.31 30.0
508118.42 3881209.31 30.0
508118.53 3881209.35 30.0
508118.63 3881209.39 30.0
508118.63 3881209.39 30.0
508118.63 3881209.39 30.0
508118.73 3881209.43 30.0
508118.83 3881209.47 30.0
508118.73 3881209.43 30.0
508118.83 3881209.47 30.0
508118.94 3881209.51 30.0
508119.04 3881209.55 30.0
508119.04 3881209.55 30.0
508119.14 3881209.59 30.0
508119.14 3881209.59 30.0
508119.33 3881209.67 30.0
508119.33 3881209.67 30.0
508119.48 3881209.72 30.0
508119.33 3881209.67 30.0
508119.63 3881209.78 30.0
508119.63 3881209.78 30.0
508119.63 3881209.78 30.0
508119.74 3881209.83 30.0
508119.74 3881209.83 30.0
508119.85 3881209.87 30.0
508119.96 3881209.90 30.0
508119.96 3881209.90 30.0
508119.96 3881209.90 30.0
508120.07 3881209.93 30.0
508120.07 3881209.93 30.0
508120.16 3881209.95 30.0
508120.66 3881209.70 30.0
508120.66 3881209.70 30.0
508120.97 3881209.76 30.0
508120.97 3881209.76 30.0
508121.04 3881209.79 30.0
508121.04 3881209.79 30.0
508121.17 3881209.86 30.0
508121.17 3881209.86 30.0
508121.18 3881209.89 30.0
508121.18 3881209.89 30.0
508121.25 3881209.92 30.0
508121.25 3881209.92 30.0
508121.35 3881209.97 30.0
508121.35 3881209.97 30.0
508121.42 3881210.01 30.0
508121.35 3881209.97 30.0
508121.48 3881210.04 30.0
508121.48 3881210.04 30.0
508121.48 3881210.04 30.0
508121.56 3881210.08 30.0
508121.56 3881210.08 30.0
508121.65 3881210.10 30.0
508121.65 3881210.10 30.0
508121.69 3881210.13 30.0
508121.69 3881210.13 30.0
508121.75 3881210.17 30.0
508121.75 3881210.17 30.0
508121.79 3881210.20 30.0
508121.91 3881210.24 30.0
508121.91 3881210.24 30.0
508122.05 3881210.30 30.0
508121.91 3881210.24 30.0
508122.22 3881210.38 30.0
508122.05 3881210.30 30.0
508122.38 3881210.46 30.0
508122.22 3881210.38 30.0
508122.38 3881210.46 30.0
508122.49 3881210.50 30.0
508122.49 3881210.50 30.0
508122.60 3881210.53 30.0
508122.71 3881210.58 30.0
508122.71 3881210.58 30.0
508122.82 3881210.62 30.0
508122.82 3881210.62 30.0
508122.82 3881210.62 30.0
508122.92 3881210.66 30.0
508123.02 3881210.70 30.0
508122.92 3881210.66 30.0
508123.12 3881210.74 30.0
508123.12 3881210.74 30.0
508123.23 3881210.78 30.0
508123.12 3881210.74 30.0
508123.23 3881210.78 30.0
508123.33 3881210.82 30.0
508123.43 3881210.87 30.0
508123.43 3881210.87 30.0
508123.54 3881210.91 30.0
508123.54 3881210.91 30.0
508123.54 3881210.91 30.0
508123.64 3881210.96 30.0
508123.64 3881210.96 30.0
508123.75 3881210.99 30.0
508123.85 3881211.03 30.0
508123.75 3881210.99 30.0
508123.85 3881211.03 30.0
508123.95 3881211.08 30.0
508123.95 3881211.08 30.0
508124.05 3881211.12 30.0
508124.05 3881211.12 30.0
508124.15 3881211.16 30.0
508124.24 3881211.20 30.0
508124.24 3881211.20 30.0
508124.34 3881211.24 30.0
508124.34 3881211.24 30.0
508124.44 3881211.29 30.0
508124.44 3881211.29 30.0
508124.54 3881211.33 30.0
508124.54 3881211.33 30.0
508124.64 3881211.38 30.0
508124.64 3881211.38 30.0
508124.74 3881211.42 30.0
508124.74 3881211.42 30.0
508124.84 3881211.47 30.0
508124.84 3881211.47 30.0
508124.84 3881211.47 30.0
508124.94 3881211.51 30.0
508125.04 3881211.56 30.0
508124.94 3881211.51 30.0
508125.04 3881211.56 30.0
508125.15 3881211.60 30.0
508125.25 3881211.66 30.0
508125.25 3881211.66 30.0
508125.36 3881211.70 30.0
508125.36 3881211.70 30.0
508125.46 3881211.74 30.0
508125.46 3881211.74 30.0
508125.57 3881211.79 30.0
508125.57 3881211.79 30.0
508125.67 3881211.83 30.0
508125.67 3881211.83 30.0
508125.78 3881211.89 30.0
508125.78 3881211.89 30.0
508125.78 3881211.89 30.0
508125.88 3881211.93 30.0
508125.88 3881211.93 30.0
508125.99 3881211.98 30.0
508126.09 3881212.02 30.0
508126.09 3881212.02 30.0
508126.09 3881212.02 30.0
508126.20 3881212.08 30.0
508126.20 3881212.08 30.0
508126.30 3881212.12 30.0
508126.30 3881212.12 30.0
508126.41 3881212.17 30.0
508126.52 3881212.21 30.0
508126.41 3881212.17 30.0
508126.52 3881212.21 30.0
508126.62 3881212.27 30.0
508126.62 3881212.27 30.0
508126.73 3881212.31 30.0
508126.73 3881212.31 30.0
508126.83 3881212.37 30.0
508126.94 3881212.41 30.0
508126.94 3881212.41 30.0
508126.94 3881212.41 30.0
508127.05 3881212.46 30.0
508127.05 3881212.46 30.0
508127.16 3881212.50 30.0
508127.16 3881212.50 30.0
508127.28 3881212.54 30.0
508127.39 3881212.60 30.0
508127.28 3881212.54 30.0
508127.39 3881212.60 30.0
508127.49 3881212.64 30.0
508127.49 3881212.64 30.0
508127.60 3881212.69 30.0
508127.60 3881212.69 30.0
508127.71 3881212.73 30.0
508127.71 3881212.73 30.0
508127.82 3881212.78 30.0
508127.82 3881212.78 30.0
508127.93 3881212.82 30.0
508127.96 3881212.83 30.0
508127.96 3881212.83 30.0
508127.96 3881212.83 30.0
508128.01 3881212.84 30.0
508128.01 3881212.84 30.0
508128.10 3881212.89 30.0
508128.10 3881212.89 30.0
508128.16 3881212.89 30.0
508128.16 3881212.89 30.0
508128.24 3881212.86 30.0
508128.24 3881212.86 30.0
508128.29 3881212.82 30.0
508128.37 3881212.80 30.0
508128.37 3881212.80 30.0
508128.37 3881212.80 30.0
508128.44 3881212.79 30.0
508128.44 3881212.79 30.0
508128.51 3881212.79 30.0
508128.51 3881212.79 30.0
508128.58 3881212.76 30.0
508128.66 3881212.75 30.0
508128.66 3881212.75 30.0
508128.75 3881212.78 30.0
508128.75 3881212.78 30.0
508128.84 3881212.80 30.0
508128.75 3881212.78 30.0
508128.84 3881212.80 30.0
508128.95 3881212.85 30.0
508129.06 3881212.90 30.0
508129.06 3881212.90 30.0
508129.18 3881212.95 30.0
508129.18 3881212.95 30.0
508129.27 3881213.01 30.0
508129.27 3881213.01 30.0
508129.40 3881213.09 30.0
508129.40 3881213.09 30.0
508129.52 3881213.17 30.0
508129.52 3881213.17 30.0
508129.66 3881213.25 30.0
508129.66 3881213.25 30.0
508129.80 3881213.36 30.0
508129.80 3881213.36 30.0
508129.80 3881213.36 30.0
508129.92 3881213.42 30.0
508130.05 3881213.51 30.0
508130.05 3881213.51 30.0
508130.05 3881213.51 30.0
508130.17 3881213.58 30.0
508130.17 3881213.58 30.0
508130.29 3881213.65 30.0
508130.29 3881213.65 30.0
508130.40 3881213.70 30.0
508130.53 3881213.75 30.0
508130.53 3881213.75 30.0
508130.65 3881213.80 30.0
508130.65 3881213.80 30.0
508130.65 3881213.80 30.0
508130.79 3881213.83 30.0
508130.79 3881213.83 30.0
508130.93 3881213.87 30.0
508130.93 3881213.87 30.0
508131.05 3881213.92 30.0
508131.05 3881213.92 30.0
508131.15 3881213.97 30.0
508131.26 3881214.01 30.0
508131.15 3881213.97 30.0
508131.37 3881214.07 30.0
508131.37 3881214.07 30.0
508131.48 3881214.12 30.0
508131.48 3881214.12 30.0
508131.48 3881214.12 30.0
508131.60 3881214.18 30.0
508131.72 3881214.23 30.0
508131.72 3881214.23 30.0
508131.72 3881214.23 30.0
508131.83 3881214.29 30.0
508131.83 3881214.29 30.0
508131.94 3881214.35 30.0
508131.94 3881214.35 30.0
508132.06 3881214.40 30.0
508132.06 3881214.40 30.0
508132.17 3881214.46 30.0
508132.17 3881214.46 30.0
508132.28 3881214.51 30.0
508132.28 3881214.51 30.0
508132.39 3881214.57 30.0
508132.50 3881214.62 30.0
508132.50 3881214.62 30.0
508132.50 3881214.62 30.0
508132.62 3881214.68 30.0
508132.62 3881214.68 30.0
508132.73 3881214.75 30.0
508132.85 3881214.80 30.0
508132.85 3881214.80 30.0
508132.97 3881214.86 30.0
508132.97 3881214.86 30.0
508132.97 3881214.86 30.0
508133.09 3881214.92 30.0
508133.09 3881214.92 30.0
508133.20 3881214.98 30.0
508133.20 3881214.98 30.0
508133.31 3881215.05 30.0
508133.31 3881215.05 30.0
508133.41 3881215.10 30.0
508133.52 3881215.16 30.0
508133.52 3881215.16 30.0
508133.52 3881215.16 30.0
508133.63 3881215.21 30.0
508133.73 3881215.27 30.0
508133.73 3881215.27 30.0
508133.84 3881215.32 30.0
508133.84 3881215.32 30.0
508133.84 3881215.32 30.0
508133.97 3881215.38 30.0
508133.97 3881215.38 30.0
508134.09 3881215.45 30.0
508134.09 3881215.45 30.0
508134.20 3881215.49 30.0
508134.31 3881215.55 30.0
508134.31 3881215.55 30.0
508134.43 3881215.61 30.0
508134.43 3881215.61 30.0
508134.54 3881215.67 30.0
508134.54 3881215.67 30.0
508134.64 3881215.71 30.0
508134.54 3881215.67 30.0
508134.75 3881215.76 30.0
508134.75 3881215.76 30.0
508134.86 3881215.81 30.0
508134.86 3881215.81 30.0
508134.86 3881215.81 30.0
508134.99 3881215.87 30.0
508135.10 3881215.92 30.0
508135.10 3881215.92 30.0
508135.21 3881215.97 30.0
508135.21 3881215.97 30.0
508135.33 3881216.02 30.0
508135.33 3881216.02 30.0
508135.33 3881216.02 30.0
508135.45 3881216.09 30.0
508135.45 3881216.09 30.0
508135.55 3881216.13 30.0
508135.65 3881216.18 30.0
508135.65 3881216.18 30.0
508135.65 3881216.18 30.0
508135.76 3881216.23 30.0
508135.76 3881216.23 30.0
508135.88 3881216.28 30.0
508135.88 3881216.28 30.0
508135.98 3881216.32 30.0
508136.08 3881216.37 30.0
508136.08 3881216.37 30.0
508136.19 3881216.40 30.0
508136.08 3881216.37 30.0
508136.29 3881216.46 30.0
508136.19 3881216.40 30.0
508136.40 3881216.51 30.0
508136.40 3881216.51 30.0
508136.40 3881216.51 30.0
508136.51 3881216.57 30.0
508136.61 3881216.61 30.0
508136.61 3881216.61 30.0
508136.61 3881216.61 30.0
508136.75 3881216.68 30.0
508136.75 3881216.68 30.0
508136.87 3881216.76 30.0
508136.87 3881216.76 30.0
508136.99 3881216.83 30.0
508136.99 3881216.83 30.0
508137.10 3881216.89 30.0
508137.21 3881216.93 30.0
508137.10 3881216.89 30.0
508137.32 3881216.99 30.0
508137.32 3881216.99 30.0
508137.32 3881216.99 30.0
508137.42 3881217.03 30.0
508137.42 3881217.03 30.0
508137.52 3881217.09 30.0
508137.52 3881217.09 30.0
508137.63 3881217.14 30.0
508137.63 3881217.14 30.0
508137.74 3881217.20 30.0
508137.84 3881217.24 30.0
508137.84 3881217.24 30.0
508137.84 3881217.24 30.0
508137.94 3881217.29 30.0
508137.94 3881217.29 30.0
508138.05 3881217.34 30.0
508138.16 3881217.40 30.0
508138.16 3881217.40 30.0
508138.29 3881217.48 30.0
508138.29 3881217.48 30.0
508138.29 3881217.48 30.0
508138.41 3881217.57 30.0
508138.53 3881217.63 30.0
508138.53 3881217.63 30.0
508138.65 3881217.72 30.0
508138.65 3881217.72 30.0
508138.65 3881217.72 30.0
508138.78 3881217.81 30.0
508138.78 3881217.81 30.0
508138.89 3881217.89 30.0
508139.00 3881217.94 30.0
508139.00 3881217.94 30.0
508139.00 3881217.94 30.0
508139.12 3881217.99 30.0
508139.25 3881218.04 30.0
508139.12 3881217.99 30.0
508139.25 3881218.04 30.0
508139.37 3881218.10 30.0
508139.47 3881218.14 30.0
508139.47 3881218.14 30.0
508139.47 3881218.14 30.0
508139.71 3881218.24 30.0
508139.82 3881218.30 30.0
508139.71 3881218.24 30.0
508139.82 3881218.30 30.0
508139.93 3881218.34 30.0
508139.93 3881218.34 30.0
508140.05 3881218.39 30.0
508140.17 3881218.44 30.0
508140.05 3881218.39 30.0
508140.17 3881218.44 30.0
508140.29 3881218.51 30.0
508140.29 3881218.51 30.0
508140.41 3881218.58 30.0
508140.53 3881218.66 30.0
508140.53 3881218.66 30.0
508140.66 3881218.73 30.0
508140.66 3881218.73 30.0
508140.66 3881218.73 30.0
508140.79 3881218.81 30.0
508140.91 3881218.90 30.0
508140.91 3881218.90 30.0
508141.01 3881218.96 30.0
508141.01 3881218.96 30.0
508141.01 3881218.96 30.0
508141.11 3881219.00 30.0
508141.22 3881219.04 30.0
508141.22 3881219.04 30.0
508141.33 3881219.10 30.0
508141.22 3881219.04 30.0
508141.44 3881219.17 30.0
508141.44 3881219.17 30.0
508141.55 3881219.22 30.0
508141.55 3881219.22 30.0
508141.55 3881219.22 30.0
508141.67 3881219.28 30.0
508141.67 3881219.28 30.0
508141.79 3881219.32 30.0
508141.89 3881219.36 30.0
508141.79 3881219.32 30.0
508141.89 3881219.36 30.0
508142.00 3881219.40 30.0
508142.11 3881219.46 30.0
508142.00 3881219.40 30.0
508142.23 3881219.52 30.0
508142.23 3881219.52 30.0
508142.23 3881219.52 30.0
508142.34 3881219.59 30.0
508142.45 3881219.66 30.0
508142.34 3881219.59 30.0
508142.56 3881219.72 30.0
508142.56 3881219.72 30.0
508142.67 3881219.80 30.0
508142.56 3881219.72 30.0
508142.67 3881219.80 30.0
508142.78 3881219.87 30.0
508142.78 3881219.87 30.0
508142.89 3881219.92 30.0
508142.89 3881219.92 30.0
508143.00 3881219.99 30.0
508143.00 3881219.99 30.0
508143.12 3881220.06 30.0
508143.24 3881220.11 30.0
508143.24 3881220.11 30.0
508143.24 3881220.11 30.0
508143.35 3881220.17 30.0
508143.35 3881220.17 30.0
508143.45 3881220.22 30.0
508143.45 3881220.22 30.0
508143.56 3881220.29 30.0
508143.56 3881220.29 30.0
508143.67 3881220.36 30.0
508143.77 3881220.40 30.0
508143.77 3881220.40 30.0
508143.77 3881220.40 30.0
508143.88 3881220.44 30.0
508143.98 3881220.50 30.0
508143.88 3881220.44 30.0
508144.09 3881220.56 30.0
508143.98 3881220.50 30.0
508144.09 3881220.56 30.0
508144.21 3881220.61 30.0
508144.21 3881220.61 30.0
508144.31 3881220.66 30.0
508144.31 3881220.66 30.0
508144.43 3881220.72 30.0
508144.43 3881220.72 30.0
508144.54 3881220.78 30.0
508144.65 3881220.83 30.0
508144.54 3881220.78 30.0
508144.65 3881220.83 30.0
508144.77 3881220.88 30.0
508144.77 3881220.88 30.0
508144.89 3881220.92 30.0
508145.02 3881220.98 30.0
508144.89 3881220.92 30.0
508145.02 3881220.98 30.0
508145.13 3881221.02 30.0
508145.24 3881221.08 30.0
508145.13 3881221.02 30.0
508145.36 3881221.13 30.0
508145.36 3881221.13 30.0
508145.36 3881221.13 30.0
508145.48 3881221.19 30.0
508145.61 3881221.24 30.0
508145.48 3881221.19 30.0
508145.72 3881221.30 30.0
508145.72 3881221.30 30.0
508145.72 3881221.30 30.0
508145.83 3881221.34 30.0
508145.94 3881221.40 30.0
508145.94 3881221.40 30.0
508145.94 3881221.40 30.0
508146.06 3881221.46 30.0
508146.17 3881221.51 30.0
508146.17 3881221.51 30.0
508146.17 3881221.51 30.0
508146.29 3881221.57 30.0
508146.29 3881221.57 30.0
508146.53 3881221.68 30.0
508146.64 3881221.72 30.0
508146.64 3881221.72 30.0
508146.75 3881221.77 30.0
508146.75 3881221.77 30.0
508146.87 3881221.82 30.0
508146.87 3881221.82 30.0
508146.87 3881221.82 30.0
508146.97 3881221.88 30.0
508146.97 3881221.88 30.0
508147.08 3881221.93 30.0
508147.08 3881221.93 30.0
508147.18 3881221.98 30.0
508147.18 3881221.98 30.0
508147.29 3881222.03 30.0
508147.29 3881222.03 30.0
508147.40 3881222.09 30.0
508147.40 3881222.09 30.0
508147.52 3881222.14 30.0
508147.52 3881222.14 30.0
508147.62 3881222.19 30.0
508147.74 3881222.24 30.0
508147.74 3881222.24 30.0
508147.85 3881222.30 30.0
508147.85 3881222.30 30.0
508147.97 3881222.36 30.0
508147.97 3881222.36 30.0
508148.08 3881222.41 30.0
508148.08 3881222.41 30.0
508148.08 3881222.41 30.0
508148.20 3881222.47 30.0
508148.31 3881222.53 30.0
508148.20 3881222.47 30.0
508148.41 3881222.59 30.0
508148.41 3881222.59 30.0
508148.51 3881222.64 30.0
508148.41 3881222.59 30.0
508148.51 3881222.64 30.0
508148.61 3881222.69 30.0
508148.73 3881222.74 30.0
508148.73 3881222.74 30.0
508148.73 3881222.74 30.0
508148.85 3881222.79 30.0
508148.98 3881222.86 30.0
508148.98 3881222.86 30.0
508148.98 3881222.86 30.0
508149.09 3881222.91 30.0
508149.09 3881222.91 30.0
508149.20 3881222.97 30.0
508149.20 3881222.97 30.0
508149.32 3881223.02 30.0
508149.44 3881223.08 30.0
508149.44 3881223.08 30.0
508149.44 3881223.08 30.0
508149.54 3881223.12 30.0
508149.66 3881223.18 30.0
508149.66 3881223.18 30.0
508149.78 3881223.23 30.0
508149.66 3881223.18 30.0
508149.78 3881223.23 30.0
508149.91 3881223.30 30.0
508150.02 3881223.36 30.0
508149.91 3881223.30 30.0
508150.13 3881223.41 30.0
508150.13 3881223.41 30.0
508150.13 3881223.41 30.0
508150.25 3881223.47 30.0
508150.37 3881223.52 30.0
508150.25 3881223.47 30.0
508150.37 3881223.52 30.0
508150.48 3881223.59 30.0
508150.59 3881223.63 30.0
508150.59 3881223.63 30.0
508150.72 3881223.69 30.0
508150.72 3881223.69 30.0
508150.72 3881223.69 30.0
508150.85 3881223.74 30.0
508150.98 3881223.81 30.0
508150.98 3881223.81 30.0
508150.98 3881223.81 30.0
508151.08 3881223.87 30.0
508151.08 3881223.87 30.0
508151.19 3881223.92 30.0
508151.19 3881223.92 30.0
508151.31 3881223.98 30.0
508151.31 3881223.98 30.0
508151.43 3881224.03 30.0
508151.43 3881224.03 30.0
508151.53 3881224.09 30.0
508151.53 3881224.09 30.0
508151.65 3881224.13 30.0
508151.65 3881224.13 30.0
508151.79 3881224.19 30.0
508151.79 3881224.19 30.0
508151.90 3881224.23 30.0
508151.90 3881224.23 30.0
508152.01 3881224.29 30.0
508152.01 3881224.29 30.0
508152.14 3881224.34 30.0
508152.14 3881224.34 30.0
508152.27 3881224.40 30.0
508152.39 3881224.47 30.0
508152.27 3881224.40 30.0
508152.39 3881224.47 30.0
508152.62 3881224.57 30.0
508152.62 3881224.57 30.0
508152.74 3881224.61 30.0
508152.86 3881224.67 30.0
508152.86 3881224.67 30.0
508152.99 3881224.72 30.0
508152.86 3881224.67 30.0
508153.10 3881224.78 30.0
508153.10 3881224.78 30.0
508153.10 3881224.78 30.0
508153.22 3881224.83 30.0
508153.22 3881224.83 30.0
508153.34 3881224.89 30.0
508153.34 3881224.89 30.0
508153.46 3881224.94 30.0
508153.57 3881225.00 30.0
508153.57 3881225.00 30.0
508153.68 3881225.03 30.0
508153.68 3881225.03 30.0
508153.81 3881225.09 30.0
508153.81 3881225.09 30.0
508153.81 3881225.09 30.0
508153.95 3881225.13 30.0
508153.95 3881225.13 30.0
508154.05 3881225.19 30.0
508154.16 3881225.24 30.0
508154.16 3881225.24 30.0
508154.16 3881225.24 30.0
508154.30 3881225.30 30.0
508154.43 3881225.36 30.0
508154.43 3881225.36 30.0
508154.54 3881225.40 30.0
508154.54 3881225.40 30.0
508154.67 3881225.46 30.0
508154.54 3881225.40 30.0
508154.67 3881225.46 30.0
508154.79 3881225.50 30.0
508154.79 3881225.50 30.0
508154.93 3881225.57 30.0
508154.93 3881225.57 30.0
508155.06 3881225.62 30.0
508155.17 3881225.69 30.0
508155.06 3881225.62 30.0
508155.29 3881225.74 30.0
508155.29 3881225.74 30.0
508155.42 3881225.81 30.0
508155.42 3881225.81 30.0
508155.54 3881225.86 30.0
508155.54 3881225.86 30.0
508155.54 3881225.86 30.0
508155.65 3881225.90 30.0
508155.79 3881225.96 30.0
508155.65 3881225.90 30.0
508155.91 3881226.00 30.0
508155.91 3881226.00 30.0
508155.91 3881226.00 30.0
508156.03 3881226.04 30.0
508156.03 3881226.04 30.0
508156.13 3881226.10 30.0
508156.25 3881226.13 30.0
508156.13 3881226.10 30.0
508156.25 3881226.13 30.0
508156.39 3881226.19 30.0
508156.39 3881226.19 30.0
508156.52 3881226.23 30.0
508156.62 3881226.29 30.0
508156.62 3881226.29 30.0
508156.74 3881226.33 30.0
508156.74 3881226.33 30.0
508156.86 3881226.38 30.0
508156.86 3881226.38 30.0
508157.00 3881226.43 30.0
508157.00 3881226.43 30.0
508157.12 3881226.48 30.0
508157.12 3881226.48 30.0
508157.12 3881226.48 30.0
508157.24 3881226.53 30.0
508157.24 3881226.53 30.0
508157.37 3881226.59 30.0
508157.37 3881226.59 30.0
508157.48 3881226.64 30.0
508157.48 3881226.64 30.0
508157.60 3881226.69 30.0
508157.60 3881226.69 30.0
508157.72 3881226.74 30.0
508157.72 3881226.74 30.0
508157.84 3881226.79 30.0
508157.84 3881226.79 30.0
508157.97 3881226.84 30.0
508157.97 3881226.84 30.0
508158.10 3881226.89 30.0
508158.10 3881226.89 30.0
508158.21 3881226.94 30.0
508158.21 3881226.94 30.0
508158.34 3881226.99 30.0
508158.34 3881226.99 30.0
508158.46 3881227.04 30.0
508158.58 3881227.10 30.0
508158.58 3881227.10 30.0
508158.58 3881227.10 30.0
508158.69 3881227.14 30.0
508158.69 3881227.14 30.0
508158.81 3881227.19 30.0
508158.81 3881227.19 30.0
508158.95 3881227.22 30.0
508158.95 3881227.22 30.0
508159.08 3881227.28 30.0
508159.08 3881227.28 30.0
508159.19 3881227.32 30.0
508159.19 3881227.32 30.0
508159.30 3881227.38 30.0
508159.44 3881227.42 30.0
508159.44 3881227.42 30.0
508159.44 3881227.42 30.0
508159.56 3881227.49 30.0
508159.56 3881227.49 30.0
508159.67 3881227.54 30.0
508159.67 3881227.54 30.0
508159.79 3881227.59 30.0
508159.79 3881227.59 30.0
508159.92 3881227.63 30.0
508160.04 3881227.69 30.0
508160.04 3881227.69 30.0
508160.04 3881227.69 30.0
508160.16 3881227.74 30.0
508160.16 3881227.74 30.0
508160.26 3881227.82 30.0
508160.26 3881227.82 30.0
508160.36 3881227.88 30.0
508160.36 3881227.88 30.0
508160.47 3881227.94 30.0
508160.59 3881227.99 30.0
508160.59 3881227.99 30.0
508160.59 3881227.99 30.0
508160.69 3881228.02 30.0
508160.69 3881228.02 30.0
508160.81 3881228.09 30.0
508160.93 3881228.13 30.0
508160.93 3881228.13 30.0
508160.93 3881228.13 30.0
508161.05 3881228.18 30.0
508161.05 3881228.18 30.0
508161.15 3881228.22 30.0
508161.26 3881228.28 30.0
508161.26 3881228.28 30.0
508161.26 3881228.28 30.0
508161.38 3881228.33 30.0
508161.50 3881228.39 30.0
508161.50 3881228.39 30.0
508161.50 3881228.39 30.0
508161.63 3881228.44 30.0
508161.63 3881228.44 30.0
508161.72 3881228.50 30.0
508161.72 3881228.50 30.0
508161.85 3881228.54 30.0
508161.85 3881228.54 30.0
508161.98 3881228.61 30.0
508161.98 3881228.61 30.0
508162.10 3881228.67 30.0
508162.10 3881228.67 30.0
508162.19 3881228.76 30.0
508162.30 3881228.80 30.0
508162.19 3881228.76 30.0
508162.30 3881228.80 30.0
508162.43 3881228.87 30.0
508162.56 3881228.93 30.0
508162.56 3881228.93 30.0
508162.56 3881228.93 30.0
508162.67 3881229.00 30.0
508162.80 3881229.06 30.0
508162.80 3881229.06 30.0
508162.93 3881229.13 30.0
508162.93 3881229.13 30.0
508162.93 3881229.13 30.0
508163.08 3881229.21 30.0
508163.08 3881229.21 30.0
508163.19 3881229.28 30.0
508163.19 3881229.28 30.0
508163.30 3881229.36 30.0
508163.44 3881229.42 30.0
508163.44 3881229.42 30.0
508163.44 3881229.42 30.0
508163.57 3881229.49 30.0
508163.57 3881229.49 30.0
508163.67 3881229.54 30.0
508163.67 3881229.54 30.0
508163.80 3881229.59 30.0
508163.80 3881229.59 30.0
508163.93 3881229.64 30.0
508163.93 3881229.64 30.0
508164.06 3881229.70 30.0
508164.06 3881229.70 30.0
508164.18 3881229.77 30.0
508164.18 3881229.77 30.0
508164.29 3881229.83 30.0
508164.29 3881229.83 30.0
508164.42 3881229.90 30.0
508164.54 3881229.97 30.0
508164.42 3881229.90 30.0
508164.54 3881229.97 30.0
508164.66 3881230.00 30.0
508164.78 3881230.07 30.0
508164.78 3881230.07 30.0
508164.78 3881230.07 30.0
508164.92 3881230.12 30.0
508164.92 3881230.12 30.0
508165.05 3881230.18 30.0
508165.19 3881230.24 30.0
508165.19 3881230.24 30.0
508165.19 3881230.24 30.0
508165.29 3881230.33 30.0
508165.29 3881230.33 30.0
508165.42 3881230.40 30.0
508165.42 3881230.40 30.0
508165.57 3881230.48 30.0
508165.57 3881230.48 30.0
508165.68 3881230.56 30.0
508165.68 3881230.56 30.0
508166.09 3881230.54 30.0
508166.41 3881230.53 30.0
508166.41 3881230.53 30.0
508166.41 3881230.53 30.0
508166.65 3881230.57 30.0
508166.65 3881230.57 30.0
508166.93 3881230.59 30.0
508166.93 3881230.59 30.0
508167.12 3881230.62 30.0
508167.12 3881230.62 30.0
508167.34 3881230.61 30.0
508167.47 3881230.71 30.0
508167.47 3881230.71 30.0
508167.61 3881230.81 30.0
508167.61 3881230.81 30.0
508167.61 3881230.81 30.0
508167.70 3881230.82 30.0
508167.70 3881230.82 30.0
508167.82 3881230.88 30.0
508167.82 3881230.88 30.0
508167.93 3881230.93 30.0
508167.93 3881230.93 30.0
508168.05 3881231.00 30.0
508168.17 3881231.07 30.0
508168.17 3881231.07 30.0
508168.17 3881231.07 30.0
508168.27 3881231.12 30.0
508168.27 3881231.12 30.0
508168.39 3881231.19 30.0
508168.39 3881231.19 30.0
508168.52 3881231.26 30.0
508168.64 3881231.31 30.0
508168.52 3881231.26 30.0
508168.64 3881231.31 30.0
508168.64 3881231.82 30.0
508168.64 3881231.82 30.0
508168.75 3881231.88 30.0
508168.75 3881231.88 30.0
508168.87 3881231.93 30.0
508168.87 3881231.93 30.0
508169.00 3881232.00 30.0
508169.00 3881232.00 30.0
508169.11 3881232.07 30.0
508169.11 3881232.07 30.0
508169.23 3881232.16 30.0
508169.35 3881232.24 30.0
508169.23 3881232.16 30.0
508169.35 3881232.24 30.0
508169.47 3881232.32 30.0
508169.47 3881232.32 30.0
508169.58 3881232.40 30.0
508169.58 3881232.40 30.0
508169.70 3881232.48 30.0
508169.83 3881232.54 30.0
508169.70 3881232.48 30.0
508169.83 3881232.54 30.0
508169.95 3881232.61 30.0
508169.95 3881232.61 30.0
508170.06 3881232.69 30.0
508170.06 3881232.69 30.0
508170.17 3881232.77 30.0
508170.29 3881232.83 30.0
508170.29 3881232.83 30.0
508170.29 3881232.83 30.0
508170.39 3881232.92 30.0
508170.50 3881233.00 30.0
508170.50 3881233.00 30.0
508170.60 3881233.08 30.0
508170.50 3881233.00 30.0
508170.71 3881233.14 30.0
508170.60 3881233.08 30.0
508170.71 3881233.14 30.0
508170.83 3881233.21 30.0
508170.83 3881233.21 30.0
508170.93 3881233.28 30.0
508171.05 3881233.34 30.0
508171.05 3881233.34 30.0
508171.16 3881233.41 30.0
508171.16 3881233.41 30.0
508171.16 3881233.41 30.0
508171.24 3881233.49 30.0
508171.24 3881233.49 30.0
508171.33 3881233.55 30.0
508171.42 3881233.63 30.0
508171.33 3881233.55 30.0
508171.42 3881233.63 30.0
508171.52 3881233.70 30.0
508171.52 3881233.70 30.0
508171.62 3881233.77 30.0
508171.62 3881233.77 30.0
508171.72 3881233.82 30.0
508171.81 3881233.89 30.0
508171.81 3881233.89 30.0
508171.92 3881233.95 30.0
508171.92 3881233.95 30.0
508172.02 3881234.02 30.0
508172.02 3881234.02 30.0
508172.02 3881234.02 30.0
508172.13 3881234.10 30.0
508172.13 3881234.10 30.0
508172.22 3881234.18 30.0
508172.22 3881234.18 30.0
508172.33 3881234.24 30.0
508172.44 3881234.31 30.0
508172.44 3881234.31 30.0
508172.44 3881234.31 30.0
508172.55 3881234.38 30.0
508172.55 3881234.38 30.0
508172.67 3881234.44 30.0
508172.67 3881234.44 30.0
508172.78 3881234.51 30.0
508172.78 3881234.51 30.0
508172.90 3881234.58 30.0
508173.02 3881234.64 30.0
508172.90 3881234.58 30.0
508173.13 3881234.71 30.0
508173.13 3881234.71 30.0
508173.13 3881234.71 30.0
508173.25 3881234.78 30.0
508173.25 3881234.78 30.0
508173.36 3881234.83 30.0
508173.48 3881234.89 30.0
508173.48 3881234.89 30.0
508173.58 3881234.94 30.0
508173.58 3881234.94 30.0
508173.58 3881234.94 30.0
508173.69 3881235.00 30.0
508173.81 3881235.05 30.0
508173.81 3881235.05 30.0
508173.81 3881235.05 30.0
508173.92 3881235.12 30.0
508173.92 3881235.12 30.0
508174.03 3881235.19 30.0
508174.03 3881235.19 30.0
508174.14 3881235.24 30.0
508174.14 3881235.24 30.0
508174.26 3881235.30 30.0
508174.37 3881235.35 30.0
508174.37 3881235.35 30.0
508174.37 3881235.35 30.0
508174.49 3881235.41 30.0
508174.49 3881235.41 30.0
508174.60 3881235.48 30.0
508174.60 3881235.48 30.0
508174.76 3881235.54 30.0
508174.76 3881235.54 30.0
508174.94 3881235.61 30.0
508175.08 3881235.69 30.0
508174.94 3881235.61 30.0
508175.22 3881235.77 30.0
508175.22 3881235.77 30.0
508175.22 3881235.77 30.0
508175.37 3881235.84 30.0
508175.52 3881235.95 30.0
508175.37 3881235.84 30.0
508175.64 3881236.03 30.0
508175.64 3881236.03 30.0
508175.64 3881236.03 30.0
508175.77 3881236.08 30.0
508175.88 3881235.93 30.0
508175.88 3881235.93 30.0
508175.88 3881235.93 30.0
508176.02 3881235.88 30.0
508176.02 3881235.88 30.0
508176.15 3881235.92 30.0
508176.15 3881235.92 30.0
508176.26 3881235.90 30.0
508176.26 3881235.90 30.0
508176.39 3881235.87 30.0
508176.39 3881235.87 30.0
508176.50 3881235.88 30.0
508176.60 3881235.91 30.0
508176.50 3881235.88 30.0
508176.60 3881235.91 30.0
508176.72 3881235.97 30.0
508176.72 3881235.97 30.0
508176.83 3881236.02 30.0
508176.95 3881236.07 30.0
508176.95 3881236.07 30.0
508176.95 3881236.07 30.0
508177.07 3881236.10 30.0
508177.07 3881236.10 30.0
508177.18 3881236.15 30.0
508177.30 3881236.20 30.0
508177.30 3881236.20 30.0
508177.30 3881236.20 30.0
508177.41 3881236.26 30.0
508177.52 3881236.30 30.0
508177.52 3881236.30 30.0
508177.52 3881236.30 30.0
508177.63 3881236.34 30.0
508177.69 3881236.50 30.0
508177.69 3881236.50 30.0
508177.69 3881236.50 30.0
508177.80 3881236.58 30.0
508177.91 3881236.64 30.0
508177.91 3881236.64 30.0
508178.02 3881236.71 30.0
508178.02 3881236.71 30.0
508178.13 3881236.77 30.0
508178.13 3881236.77 30.0
508178.13 3881236.77 30.0
508178.25 3881236.83 30.0
508178.25 3881236.83 30.0
508178.36 3881236.89 30.0
508178.36 3881236.89 30.0
508178.47 3881236.95 30.0
508178.47 3881236.95 30.0
508178.58 3881237.01 30.0
508178.58 3881237.01 30.0
508178.69 3881237.08 30.0
508178.69 3881237.08 30.0
508178.80 3881237.13 30.0
508178.80 3881237.13 30.0
508178.91 3881237.20 30.0
508178.91 3881237.20 30.0
508179.02 3881237.27 30.0
508179.02 3881237.27 30.0
508179.13 3881237.32 30.0
508179.13 3881237.32 30.0
508179.23 3881237.39 30.0
508179.23 3881237.39 30.0
508179.35 3881237.45 30.0
508179.46 3881237.51 30.0
508179.35 3881237.45 30.0
508179.46 3881237.51 30.0
508179.56 3881237.58 30.0
508179.67 3881237.64 30.0
508179.67 3881237.64 30.0
508179.67 3881237.64 30.0
508179.78 3881237.70 30.0
508179.78 3881237.70 30.0
508179.89 3881237.77 30.0
508179.89 3881237.77 30.0
508180.00 3881237.82 30.0
508180.00 3881237.82 30.0
508180.11 3881237.89 30.0
508180.22 3881237.94 30.0
508180.22 3881237.94 30.0
508180.33 3881238.00 30.0
508180.33 3881238.00 30.0
508180.44 3881238.07 30.0
508180.44 3881238.07 30.0
508180.56 3881238.12 30.0
508180.56 3881238.12 30.0
508180.56 3881238.12 30.0
508180.67 3881238.19 30.0
508180.67 3881238.19 30.0
508180.78 3881238.24 30.0
508180.78 3881238.24 30.0
508180.89 3881238.30 30.0
508181.01 3881238.37 30.0
508181.01 3881238.37 30.0
508181.01 3881238.37 30.0
508181.13 3881238.42 30.0
508181.24 3881238.49 30.0
508181.13 3881238.42 30.0
508181.36 3881238.54 30.0
508181.24 3881238.49 30.0
508181.47 3881238.60 30.0
508181.47 3881238.60 30.0
508181.59 3881238.67 30.0
508181.59 3881238.67 30.0
508181.70 3881238.72 30.0
508181.59 3881238.67 30.0
508181.81 3881238.79 30.0
508181.81 3881238.79 30.0
508181.81 3881238.79 30.0
508181.92 3881238.84 30.0
508181.92 3881238.84 30.0
508182.04 3881238.90 30.0
508182.04 3881238.90 30.0
508182.16 3881238.95 30.0
508182.27 3881239.01 30.0
508182.27 3881239.01 30.0
508182.38 3881239.07 30.0
508182.27 3881239.01 30.0
508182.38 3881239.07 30.0
508182.49 3881239.12 30.0
508182.49 3881239.12 30.0
508182.61 3881239.18 30.0
508182.72 3881239.23 30.0
508182.72 3881239.23 30.0
508182.72 3881239.23 30.0
508182.83 3881239.30 30.0
508182.83 3881239.30 30.0
508182.94 3881239.34 30.0
508182.94 3881239.34 30.0
508183.06 3881239.40 30.0
508183.06 3881239.40 30.0
508183.17 3881239.45 30.0
508183.28 3881239.50 30.0
508183.28 3881239.50 30.0
508183.28 3881239.50 30.0
508183.40 3881239.55 30.0
508183.52 3881239.61 30.0
508183.52 3881239.61 30.0
508183.52 3881239.61 30.0
508183.64 3881239.67 30.0
508183.77 3881239.77 30.0
508183.77 3881239.77 30.0
508183.77 3881239.77 30.0
508183.92 3881239.85 30.0
508183.92 3881239.85 30.0
508184.05 3881239.95 30.0
508184.05 3881239.95 30.0
508184.18 3881240.02 30.0
508184.18 3881240.02 30.0
508184.34 3881240.09 30.0
508184.34 3881240.09 30.0
508184.47 3881240.13 30.0
508184.47 3881240.13 30.0
508184.62 3881240.19 30.0
508184.62 3881240.19 30.0
508184.78 3881240.28 30.0
508184.78 3881240.28 30.0
508184.92 3881240.36 30.0
508185.08 3881240.46 30.0
508184.92 3881240.36 30.0
508185.09 3881240.18 30.0
508185.09 3881240.18 30.0
508185.16 3881240.08 30.0
508185.16 3881240.08 30.0
508185.16 3881240.08 30.0
508185.26 3881240.05 30.0
508185.26 3881240.05 30.0
508185.37 3881240.05 30.0
508185.37 3881240.05 30.0
508185.49 3881240.07 30.0
508185.61 3881240.10 30.0
508185.61 3881240.10 30.0
508185.61 3881240.10 30.0
508185.77 3881240.10 30.0
508185.90 3881240.12 30.0
508185.90 3881240.12 30.0
508185.90 3881240.12 30.0
508186.02 3881240.14 30.0
508186.02 3881240.14 30.0
508186.15 3881240.17 30.0
508186.15 3881240.17 30.0
508186.38 3881240.19 30.0
508186.51 3881240.23 30.0
508186.51 3881240.23 30.0
508186.51 3881240.23 30.0
508186.63 3881240.29 30.0
508186.75 3881240.33 30.0
508186.63 3881240.29 30.0
508186.87 3881240.39 30.0
508186.87 3881240.39 30.0
508186.87 3881240.39 30.0
508187.00 3881240.43 30.0
508187.00 3881240.43 30.0
508187.08 3881240.47 30.0
508187.17 3881240.51 30.0
508187.17 3881240.51 30.0
508187.17 3881240.51 30.0
508187.28 3881240.57 30.0
508187.41 3881240.62 30.0
508187.41 3881240.62 30.0
508187.55 3881240.68 30.0
508187.55 3881240.68 30.0
508187.55 3881240.68 30.0
508187.68 3881240.74 30.0
508187.80 3881240.80 30.0
508187.80 3881240.80 30.0
508187.92 3881240.84 30.0
508187.92 3881240.84 30.0
508187.92 3881240.84 30.0
508188.04 3881240.89 30.0
508188.04 3881240.89 30.0
508188.15 3881240.92 30.0
508188.15 3881240.92 30.0
508188.27 3881240.96 30.0
508188.38 3881241.00 30.0
508188.38 3881241.00 30.0
508188.49 3881241.04 30.0
508188.49 3881241.04 30.0
508188.49 3881241.04 30.0
508188.60 3881241.09 30.0
508188.72 3881241.13 30.0
508188.60 3881241.09 30.0
508188.84 3881241.18 30.0
508188.84 3881241.18 30.0
508188.96 3881241.22 30.0
508188.96 3881241.22 30.0
508189.09 3881241.28 30.0
508189.09 3881241.28 30.0
508189.09 3881241.28 30.0
508189.21 3881241.32 30.0
508189.21 3881241.32 30.0
508189.32 3881241.37 30.0
508189.32 3881241.37 30.0
508189.45 3881241.42 30.0
508189.45 3881241.42 30.0
508189.57 3881241.48 30.0
508189.70 3881241.53 30.0
508189.70 3881241.53 30.0
508189.70 3881241.53 30.0
508189.82 3881241.59 30.0
508189.82 3881241.59 30.0
508189.93 3881241.64 30.0
508189.93 3881241.64 30.0
508190.05 3881241.70 30.0
508190.16 3881241.77 30.0
508190.16 3881241.77 30.0
508190.28 3881241.83 30.0
508190.28 3881241.83 30.0
508190.28 3881241.83 30.0
508190.39 3881241.90 30.0
508190.39 3881241.90 30.0
508190.51 3881241.97 30.0
508190.51 3881241.97 30.0
508190.62 3881242.04 30.0
508190.74 3881242.11 30.0
508190.74 3881242.11 30.0
508190.74 3881242.11 30.0
508190.85 3881242.18 30.0
508190.85 3881242.18 30.0
508190.97 3881242.24 30.0
508190.97 3881242.24 30.0
508191.09 3881242.32 30.0
508191.09 3881242.32 30.0
508191.21 3881242.40 30.0
508191.21 3881242.40 30.0
508191.33 3881242.47 30.0
508191.33 3881242.47 30.0
508191.44 3881242.54 30.0
508191.56 3881242.62 30.0
508191.56 3881242.62 30.0
508191.67 3881242.69 30.0
508191.67 3881242.69 30.0
508191.79 3881242.77 30.0
508191.79 3881242.77 30.0
508191.92 3881242.86 30.0
508191.79 3881242.77 30.0
508191.92 3881242.86 30.0
508192.05 3881242.93 30.0
508192.05 3881242.93 30.0
508192.16 3881243.01 30.0
508192.16 3881243.01 30.0
508192.29 3881243.10 30.0
508192.29 3881243.10 30.0
508192.40 3881243.18 30.0
508192.52 3881243.27 30.0
508192.52 3881243.27 30.0
508192.52 3881243.27 30.0
508192.64 3881243.33 30.0
508192.64 3881243.33 30.0
508192.76 3881243.42 30.0
508192.89 3881243.51 30.0
508192.89 3881243.51 30.0
508193.01 3881243.59 30.0
508193.01 3881243.59 30.0
508193.13 3881243.68 30.0
508193.01 3881243.59 30.0
508193.13 3881243.68 30.0
508193.25 3881243.77 30.0
508193.38 3881243.84 30.0
508193.38 3881243.84 30.0
508193.50 3881243.93 30.0
508193.50 3881243.93 30.0
508193.50 3881243.93 30.0
508193.62 3881244.01 30.0
508193.62 3881244.01 30.0
508193.74 3881244.09 30.0
508193.86 3881244.17 30.0
508193.86 3881244.17 30.0
508193.86 3881244.17 30.0
508193.99 3881244.25 30.0
508194.10 3881244.33 30.0
508194.10 3881244.33 30.0
508194.10 3881244.33 30.0
508194.22 3881244.42 30.0
508194.34 3881244.50 30.0
508194.34 3881244.50 30.0
508194.34 3881244.50 30.0
508194.45 3881244.59 30.0
508194.45 3881244.59 30.0
508194.57 3881244.67 30.0
508194.91 3881244.81 30.0
508194.91 3881244.81 30.0
508194.91 3881244.81 30.0
508195.19 3881244.93 30.0
508195.41 3881245.08 30.0
508195.41 3881245.08 30.0
508195.60 3881245.17 30.0
508195.60 3881245.17 30.0
508195.77 3881245.30 30.0
508195.60 3881245.17 30.0
508195.77 3881245.30 30.0
508195.95 3881245.43 30.0
508196.10 3881245.53 30.0
508196.10 3881245.53 30.0
508196.26 3881245.64 30.0
508196.26 3881245.64 30.0
508196.40 3881245.76 30.0
508196.40 3881245.76 30.0
508196.40 3881245.76 30.0
508196.52 3881245.86 30.0
508196.62 3881245.99 30.0
508196.52 3881245.86 30.0
508196.62 3881245.99 30.0
508196.75 3881246.08 30.0
508196.75 3881246.08 30.0
508196.88 3881246.19 30.0
508196.88 3881246.19 30.0
508197.00 3881246.30 30.0
508197.00 3881246.30 30.0
508197.13 3881246.42 30.0
508197.13 3881246.42 30.0
508197.26 3881246.52 30.0
508197.26 3881246.52 30.0
508197.38 3881246.62 30.0
508197.38 3881246.62 30.0
508197.50 3881246.72 30.0
508197.61 3881246.85 30.0
508197.50 3881246.72 30.0
508197.61 3881246.85 30.0
508197.72 3881246.94 30.0
508197.72 3881246.94 30.0
508197.82 3881247.02 30.0
508197.82 3881247.02 30.0
508197.89 3881247.07 30.0
508197.96 3881247.14 30.0
508197.96 3881247.14 30.0
508197.96 3881247.14 30.0
508198.07 3881247.24 30.0
508198.07 3881247.24 30.0
508198.17 3881247.33 30.0
508198.28 3881247.41 30.0
508198.28 3881247.41 30.0
508198.28 3881247.41 30.0
508198.37 3881247.50 30.0
508198.37 3881247.50 30.0
508198.47 3881247.59 30.0
508198.57 3881247.69 30.0
508198.57 3881247.69 30.0
508198.57 3881247.69 30.0
508198.67 3881247.79 30.0
508198.67 3881247.79 30.0
508198.74 3881247.90 30.0
508198.74 3881247.90 30.0
508198.82 3881248.00 30.0
508198.82 3881248.00 30.0
508198.92 3881248.12 30.0
508198.92 3881248.12 30.0
508199.01 3881248.23 30.0
508199.11 3881248.36 30.0
508199.01 3881248.23 30.0
508199.11 3881248.36 30.0
508199.18 3881248.46 30.0
508199.18 3881248.46 30.0
508199.27 3881248.58 30.0
508199.27 3881248.58 30.0
508199.33 3881248.68 30.0
508199.33 3881248.68 30.0
508199.38 3881248.78 30.0
508199.38 3881248.78 30.0
508199.45 3881248.87 30.0
508199.45 3881248.87 30.0
508199.55 3881248.96 30.0
508199.65 3881249.07 30.0
508199.65 3881249.07 30.0
508199.76 3881249.21 30.0
508199.76 3881249.21 30.0
508199.86 3881249.34 30.0
508199.86 3881249.34 30.0
508199.97 3881249.45 30.0
508199.97 3881249.45 30.0
508200.07 3881249.56 30.0
508200.07 3881249.56 30.0
508200.07 3881249.56 30.0
508200.17 3881249.68 30.0
508200.26 3881249.78 30.0
508200.17 3881249.68 30.0
508200.32 3881249.88 30.0
508200.26 3881249.78 30.0
508200.39 3881249.97 30.0
508200.39 3881249.97 30.0
508200.39 3881249.97 30.0
508200.48 3881250.08 30.0
508200.48 3881250.08 30.0
508200.58 3881250.19 30.0
508200.58 3881250.19 30.0
508200.67 3881250.28 30.0
508200.67 3881250.28 30.0
508200.74 3881250.37 30.0
508200.74 3881250.37 30.0
508200.80 3881250.48 30.0
508200.88 3881250.59 30.0
508200.80 3881250.48 30.0
508200.88 3881250.59 30.0
508200.94 3881250.68 30.0
508201.01 3881250.78 30.0
508201.01 3881250.78 30.0
508201.01 3881250.78 30.0
508201.09 3881250.89 30.0
508201.09 3881250.89 30.0
508201.19 3881251.01 30.0
508201.19 3881251.01 30.0
508201.26 3881251.14 30.0
508201.26 3881251.14 30.0
508201.33 3881251.25 30.0
508201.33 3881251.25 30.0
508201.41 3881251.36 30.0
508201.41 3881251.36 30.0
508201.48 3881251.47 30.0
508201.56 3881251.58 30.0
508201.48 3881251.47 30.0
508201.63 3881251.70 30.0
508201.63 3881251.70 30.0
508201.70 3881251.81 30.0
508201.70 3881251.81 30.0
508201.70 3881251.81 30.0
508201.77 3881251.92 30.0
508201.83 3881252.04 30.0
508201.77 3881251.92 30.0
508201.90 3881252.15 30.0
508201.90 3881252.15 30.0
508201.90 3881252.15 30.0
508201.95 3881252.25 30.0
508202.00 3881252.36 30.0
508201.95 3881252.25 30.0
508202.06 3881252.47 30.0
508202.00 3881252.36 30.0
508202.11 3881252.58 30.0
508202.06 3881252.47 30.0
508202.17 3881252.71 30.0
508202.17 3881252.71 30.0
508202.17 3881252.71 30.0
508202.22 3881252.81 30.0
508202.28 3881252.92 30.0
508202.28 3881252.92 30.0
508202.28 3881252.92 30.0
508202.35 3881253.03 30.0
508202.35 3881253.03 30.0
508202.41 3881253.15 30.0
508202.46 3881253.26 30.0
508202.41 3881253.15 30.0
508202.46 3881253.26 30.0
508202.51 3881253.37 30.0
508202.58 3881253.48 30.0
508202.58 3881253.48 30.0
508202.58 3881253.48 30.0
508202.65 3881253.59 30.0
508202.71 3881253.70 30.0
508202.71 3881253.70 30.0
508202.71 3881253.70 30.0
508202.77 3881253.82 30.0
508202.77 3881253.82 30.0
508202.82 3881253.94 30.0
508202.90 3881254.08 30.0
508202.82 3881253.94 30.0
508202.95 3881254.20 30.0
508202.95 3881254.20 30.0
508202.95 3881254.20 30.0
508203.00 3881254.31 30.0
508203.02 3881254.44 30.0
508203.02 3881254.44 30.0
508203.05 3881254.57 30.0
508203.05 3881254.57 30.0
508203.05 3881254.57 30.0
508203.10 3881254.70 30.0
508203.11 3881254.82 30.0
508203.11 3881254.82 30.0
508203.11 3881254.82 30.0
508203.14 3881254.96 30.0
508203.14 3881254.96 30.0
508203.18 3881255.09 30.0
508203.19 3881255.21 30.0
508203.19 3881255.21 30.0
508203.21 3881255.33 30.0
508203.21 3881255.33 30.0
508203.27 3881255.47 30.0
508203.27 3881255.47 30.0
508203.30 3881255.60 30.0
508203.30 3881255.60 30.0
508203.33 3881255.73 30.0
508203.33 3881255.73 30.0
508203.33 3881255.73 30.0
508203.35 3881255.85 30.0
508203.39 3881255.97 30.0
508203.39 3881255.97 30.0
508203.39 3881255.97 30.0
508203.42 3881256.10 30.0
508203.42 3881256.10 30.0
508203.45 3881256.24 30.0
508203.45 3881256.24 30.0
508203.48 3881256.36 30.0
508203.51 3881256.48 30.0
508203.48 3881256.36 30.0
508203.51 3881256.48 30.0
508203.54 3881256.61 30.0
508203.58 3881256.72 30.0
508203.58 3881256.72 30.0
508203.60 3881256.84 30.0
508203.58 3881256.72 30.0
508203.60 3881256.84 30.0
508203.62 3881256.95 30.0
508203.66 3881257.07 30.0
508203.66 3881257.07 30.0
508203.66 3881257.07 30.0
508203.70 3881257.18 30.0
508203.70 3881257.18 30.0
508203.72 3881257.29 30.0
508203.72 3881257.29 30.0
508203.78 3881257.43 30.0
508203.78 3881257.43 30.0
508203.82 3881257.55 30.0
508203.82 3881257.55 30.0
508203.86 3881257.65 30.0
508203.86 3881257.65 30.0
508203.91 3881257.76 30.0
508203.94 3881257.87 30.0
508203.91 3881257.76 30.0
508204.00 3881257.99 30.0
508204.00 3881257.99 30.0
508204.00 3881257.99 30.0
508204.05 3881258.11 30.0
508204.05 3881258.11 30.0
508204.10 3881258.23 30.0
508204.10 3881258.23 30.0
508204.13 3881258.35 30.0
508204.13 3881258.35 30.0
508204.18 3881258.47 30.0
508204.18 3881258.47 30.0
508204.24 3881258.60 30.0
508204.24 3881258.60 30.0
508204.30 3881258.72 30.0
508204.30 3881258.72 30.0
508204.35 3881258.85 30.0
508204.35 3881258.85 30.0
508204.41 3881258.98 30.0
508204.41 3881258.98 30.0
508204.47 3881259.12 30.0
508204.47 3881259.12 30.0
508204.52 3881259.26 30.0
508204.57 3881259.39 30.0
508204.57 3881259.39 30.0
508204.62 3881259.53 30.0
508204.62 3881259.53 30.0
508204.67 3881259.69 30.0
508204.67 3881259.69 30.0
508204.67 3881259.69 30.0
508204.73 3881259.81 30.0
508204.73 3881259.81 30.0
508204.77 3881259.95 30.0
508204.77 3881259.95 30.0
508204.82 3881260.08 30.0
508204.82 3881260.08 30.0
508204.87 3881260.23 30.0
508204.87 3881260.23 30.0
508204.92 3881260.38 30.0
508204.92 3881260.38 30.0
508204.96 3881260.51 30.0
508204.96 3881260.51 30.0
508204.98 3881260.66 30.0
508205.01 3881260.81 30.0
508205.01 3881260.81 30.0
508205.01 3881260.81 30.0
508205.03 3881260.94 30.0
508205.03 3881260.94 30.0
508205.05 3881261.09 30.0
508205.05 3881261.09 30.0
508205.05 3881261.23 30.0
508205.05 3881261.23 30.0
508205.08 3881261.38 30.0
508205.08 3881261.38 30.0
508205.11 3881261.52 30.0
508205.12 3881261.66 30.0
508205.12 3881261.66 30.0
508205.12 3881261.66 30.0
508205.14 3881261.82 30.0
508205.14 3881261.82 30.0
508205.18 3881261.96 30.0
508205.20 3881262.10 30.0
508205.18 3881261.96 30.0
508205.20 3881262.10 30.0
508205.23 3881262.25 30.0
508205.26 3881262.39 30.0
508205.26 3881262.39 30.0
508205.29 3881262.54 30.0
508205.29 3881262.54 30.0
508205.31 3881262.67 30.0
508205.31 3881262.67 30.0
508205.33 3881262.82 30.0
508205.33 3881262.82 30.0
508205.33 3881262.82 30.0
508205.35 3881262.96 30.0
508205.38 3881263.10 30.0
508205.38 3881263.10 30.0
508205.40 3881263.22 30.0
508205.40 3881263.22 30.0
508205.43 3881263.35 30.0
508205.43 3881263.35 30.0
508205.47 3881263.47 30.0
508205.47 3881263.47 30.0
508205.50 3881263.59 30.0
508205.50 3881263.59 30.0
508204.97 3881264.43 30.0
508205.50 3881263.59 30.0
508204.54 3881264.95 30.0
508204.54 3881264.95 30.0
508204.20 3881265.29 30.0
508204.54 3881264.95 30.0
508204.20 3881265.29 30.0
508203.92 3881265.61 30.0
508203.92 3881265.61 30.0
508203.75 3881265.86 30.0
508203.75 3881265.86 30.0
508203.60 3881266.12 30.0
508203.60 3881266.12 30.0
508203.44 3881266.33 30.0
508203.44 3881266.33 30.0
508203.28 3881266.54 30.0
508203.13 3881266.72 30.0
508203.13 3881266.72 30.0
508203.13 3881266.72 30.0
508203.02 3881266.91 30.0
508203.02 3881266.91 30.0
508202.92 3881267.10 30.0
508202.92 3881267.10 30.0
508202.79 3881267.26 30.0
508202.63 3881267.34 30.0
508202.79 3881267.26 30.0
508202.50 3881267.46 30.0
508202.50 3881267.46 30.0
508202.40 3881267.62 30.0
508202.40 3881267.62 30.0
508202.32 3881267.76 30.0
508202.32 3881267.76 30.0
508202.32 3881267.76 30.0
508202.80 3881267.89 30.0
508202.80 3881267.89 30.0
508203.01 3881268.04 30.0
508203.01 3881268.04 30.0
508203.05 3881268.14 30.0
508203.05 3881268.14 30.0
508202.96 3881268.18 30.0
508202.88 3881268.24 30.0
508202.88 3881268.24 30.0
508202.88 3881268.24 30.0
508202.87 3881268.34 30.0
508202.86 3881268.45 30.0
508202.86 3881268.45 30.0
508202.81 3881268.53 30.0
508202.86 3881268.45 30.0
508202.81 3881268.53 30.0
508202.80 3881268.63 30.0
508202.80 3881268.63 30.0
508202.80 3881268.73 30.0
508202.80 3881268.73 30.0
508202.76 3881268.83 30.0
508202.76 3881268.83 30.0
508202.70 3881268.91 30.0
508202.70 3881268.91 30.0
508202.69 3881269.01 30.0
508202.69 3881269.01 30.0
508202.68 3881269.11 30.0
508202.68 3881269.11 30.0
508202.69 3881269.24 30.0
508202.69 3881269.24 30.0
508202.70 3881269.35 30.0
508202.70 3881269.35 30.0
508202.71 3881269.46 30.0
508202.71 3881269.46 30.0
508202.69 3881269.57 30.0
508202.69 3881269.57 30.0
508202.66 3881269.67 30.0
508202.66 3881269.67 30.0
508202.64 3881269.78 30.0
508202.61 3881269.88 30.0
508202.61 3881269.88 30.0
508202.61 3881269.88 30.0
508202.60 3881269.99 30.0
508202.60 3881269.99 30.0
508202.57 3881270.09 30.0
508202.54 3881270.19 30.0
508202.54 3881270.19 30.0
508202.54 3881270.19 30.0
508202.56 3881270.21 30.0
508202.56 3881270.21 30.0
508202.55 3881270.26 30.0
508202.57 3881270.32 30.0
508202.55 3881270.26 30.0
508202.57 3881270.32 30.0
508202.54 3881270.38 30.0
508202.54 3881270.38 30.0
508202.52 3881270.43 30.0
508202.52 3881270.43 30.0
508202.49 3881270.49 30.0
508202.49 3881270.49 30.0
508202.47 3881270.56 30.0
508202.47 3881270.56 30.0
508202.46 3881270.62 30.0
508202.44 3881270.69 30.0
508202.46 3881270.62 30.0
508202.44 3881270.69 30.0
508202.92 3881270.94 30.0
508202.92 3881270.94 30.0
508203.15 3881271.09 30.0
508203.15 3881271.09 30.0
508203.30 3881271.21 30.0
508203.40 3881271.32 30.0
508203.40 3881271.32 30.0
508203.40 3881271.32 30.0
508203.48 3881271.40 30.0
508203.48 3881271.40 30.0
508203.55 3881271.48 30.0
508203.55 3881271.48 30.0
508203.60 3881271.54 30.0
508203.60 3881271.54 30.0
508203.66 3881271.61 30.0
508203.66 3881271.61 30.0
508203.70 3881271.68 30.0
508203.74 3881271.73 30.0
508203.74 3881271.73 30.0
508203.74 3881271.73 30.0
508203.76 3881271.78 30.0
508203.80 3881271.87 30.0
508203.76 3881271.78 30.0
508203.80 3881271.87 30.0
508203.83 3881271.95 30.0
508203.83 3881271.95 30.0
508203.86 3881272.04 30.0
508203.86 3881272.04 30.0
508203.89 3881272.13 30.0
508203.89 3881272.13 30.0
508203.91 3881272.22 30.0
508203.91 3881272.22 30.0
508203.93 3881272.30 30.0
508203.93 3881272.30 30.0
508203.96 3881272.38 30.0
508203.98 3881272.45 30.0
508203.98 3881272.45 30.0
508203.98 3881272.45 30.0
508204.01 3881272.53 30.0
508204.01 3881272.53 30.0
508204.03 3881272.62 30.0
508204.05 3881272.70 30.0
508204.05 3881272.70 30.0
508204.06 3881272.79 30.0
508204.06 3881272.79 30.0
508204.08 3881272.88 30.0
508204.08 3881272.88 30.0
508204.11 3881272.95 30.0
508204.11 3881272.95 30.0
508204.11 3881272.95 30.0
508204.12 3881273.03 30.0
508204.14 3881273.10 30.0
508204.14 3881273.10 30.0
508204.16 3881273.17 30.0
508204.14 3881273.10 30.0
508204.16 3881273.17 30.0
508204.18 3881273.24 30.0
508204.20 3881273.31 30.0
508204.20 3881273.31 30.0
508204.20 3881273.31 30.0
508204.23 3881273.37 30.0
508203.85 3881273.57 30.0
508203.85 3881273.57 30.0
508203.85 3881273.57 30.0
508203.63 3881273.68 30.0
508203.49 3881273.75 30.0
508203.49 3881273.75 30.0
508203.39 3881273.78 30.0
508203.39 3881273.78 30.0
508203.39 3881273.78 30.0
508203.33 3881273.81 30.0
508203.33 3881273.81 30.0
508203.29 3881273.81 30.0
508203.29 3881273.81 30.0
508203.20 3881273.81 30.0
508203.06 3881273.81 30.0
508203.06 3881273.81 30.0
508202.94 3881273.73 30.0
508202.94 3881273.73 30.0
508202.94 3881273.73 30.0
508202.88 3881273.68 30.0
508202.82 3881273.66 30.0
508202.82 3881273.66 30.0
508202.82 3881273.66 30.0
508202.75 3881273.61 30.0
508202.69 3881273.56 30.0
508202.69 3881273.56 30.0
508202.69 3881273.56 30.0
508202.63 3881273.53 30.0
508202.63 3881273.53 30.0
508202.60 3881273.54 30.0
508202.60 3881273.54 30.0
508202.52 3881273.54 30.0
508202.52 3881273.54 30.0
508202.45 3881273.54 30.0
508202.45 3881273.54 30.0
508202.38 3881273.52 30.0
508202.34 3881273.52 30.0
508202.34 3881273.52 30.0
508202.34 3881273.52 30.0
508202.20 3881273.56 30.0
508202.20 3881273.56 30.0
508202.18 3881273.59 30.0
508202.13 3881273.64 30.0
508202.13 3881273.64 30.0
508202.09 3881273.68 30.0
508202.09 3881273.68 30.0
508202.09 3881273.68 30.0
508202.06 3881273.72 30.0
508202.00 3881273.74 30.0
508202.00 3881273.74 30.0
508202.00 3881273.74 30.0
508202.00 3881273.78 30.0
508201.99 3881273.82 30.0
508201.99 3881273.82 30.0
508201.98 3881273.85 30.0
508201.98 3881273.85 30.0
508201.97 3881273.88 30.0
508201.97 3881273.88 30.0
508201.97 3881273.88 30.0
508201.95 3881273.92 30.0
508201.88 3881273.95 30.0
508201.88 3881273.95 30.0
508201.84 3881273.98 30.0
508201.84 3881273.98 30.0
508201.81 3881274.00 30.0
508201.81 3881274.00 30.0
508201.81 3881274.05 30.0
508201.81 3881274.00 30.0
508201.82 3881274.10 30.0
508201.82 3881274.10 30.0
508201.84 3881274.16 30.0
508201.84 3881274.16 30.0
508201.84 3881274.16 30.0
508201.87 3881274.22 30.0
508201.89 3881274.27 30.0
508201.89 3881274.27 30.0
508201.90 3881274.30 30.0
508201.89 3881274.27 30.0
508201.90 3881274.30 30.0
508201.90 3881274.35 30.0
508201.90 3881274.35 30.0
508201.91 3881274.38 30.0
508201.91 3881274.38 30.0
508201.92 3881274.41 30.0
508201.92 3881274.41 30.0
508201.94 3881274.46 30.0
508201.94 3881274.46 30.0
508201.97 3881274.51 30.0
508201.98 3881274.55 30.0
508201.98 3881274.55 30.0
508201.99 3881274.59 30.0
508201.99 3881274.59 30.0
508202.00 3881274.63 30.0
508202.00 3881274.63 30.0
508202.00 3881274.66 30.0
508202.00 3881274.66 30.0
508202.01 3881274.69 30.0
508202.01 3881274.69 30.0
508202.01 3881274.69 30.0
508202.03 3881274.74 30.0
508202.03 3881274.74 30.0
508202.06 3881274.79 30.0
508202.09 3881274.84 30.0
508202.09 3881274.84 30.0
508202.09 3881274.84 30.0
508202.13 3881274.89 30.0
508202.13 3881274.89 30.0
508202.17 3881274.94 30.0
508202.17 3881274.94 30.0
508202.20 3881274.99 30.0
508202.20 3881274.99 30.0
508202.24 3881275.04 30.0
508202.28 3881275.08 30.0
508202.24 3881275.04 30.0
508202.31 3881275.12 30.0
508202.31 3881275.12 30.0
508202.31 3881275.12 30.0
508202.35 3881275.17 30.0
508202.35 3881275.17 30.0
508202.39 3881275.22 30.0
508202.42 3881275.27 30.0
508202.39 3881275.22 30.0
508202.46 3881275.31 30.0
508202.46 3881275.31 30.0
508202.46 3881275.31 30.0
508202.49 3881275.36 30.0
508202.49 3881275.36 30.0
508202.54 3881275.40 30.0
508202.54 3881275.40 30.0
508202.58 3881275.45 30.0
508202.58 3881275.45 30.0
508202.62 3881275.49 30.0
508202.62 3881275.49 30.0
508202.67 3881275.54 30.0
508202.71 3881275.58 30.0
508202.67 3881275.54 30.0
508202.71 3881275.58 30.0
508202.75 3881275.62 30.0
508202.75 3881275.62 30.0
508202.79 3881275.68 30.0
508202.81 3881275.72 30.0
508202.81 3881275.72 30.0
508202.81 3881275.72 30.0
508202.85 3881275.78 30.0
508202.89 3881275.82 30.0
508202.89 3881275.82 30.0
508202.91 3881275.87 30.0
508202.91 3881275.87 30.0
508202.91 3881275.87 30.0
508202.94 3881275.91 30.0
508202.94 3881275.91 30.0
508202.98 3881275.96 30.0
508202.98 3881275.96 30.0
508203.01 3881276.00 30.0
508203.01 3881276.00 30.0
508203.05 3881276.05 30.0
508203.07 3881276.09 30.0
508203.07 3881276.09 30.0
508203.07 3881276.09 30.0
508203.10 3881276.15 30.0
508203.10 3881276.15 30.0
508203.12 3881276.20 30.0
508203.14 3881276.25 30.0
508203.14 3881276.25 30.0
508203.14 3881276.25 30.0
508203.17 3881276.30 30.0
508203.17 3881276.30 30.0
508203.19 3881276.36 30.0
508203.21 3881276.41 30.0
508203.21 3881276.41 30.0
508203.21 3881276.41 30.0
508203.23 3881276.46 30.0
508203.25 3881276.51 30.0
508203.25 3881276.51 30.0
508203.28 3881276.56 30.0
508203.28 3881276.56 30.0
508203.28 3881276.56 30.0
508203.30 3881276.61 30.0
508203.30 3881276.61 30.0
508203.31 3881276.66 30.0
508203.31 3881276.66 30.0
508203.33 3881276.71 30.0
508203.33 3881276.71 30.0
508203.36 3881276.77 30.0
508203.38 3881276.82 30.0
508203.36 3881276.77 30.0
508203.40 3881276.87 30.0
508203.40 3881276.87 30.0
508203.41 3881276.92 30.0
508203.41 3881276.92 30.0
508203.41 3881276.92 30.0
508203.44 3881276.98 30.0
508203.44 3881276.98 30.0
508203.46 3881277.02 30.0
508203.48 3881277.08 30.0
508203.48 3881277.08 30.0
508203.50 3881277.13 30.0
508203.50 3881277.13 30.0
508203.50 3881277.13 30.0
508203.52 3881277.19 30.0
508203.52 3881277.19 30.0
508203.54 3881277.23 30.0
508203.54 3881277.23 30.0
508203.56 3881277.28 30.0
508203.56 3881277.28 30.0
508203.58 3881277.33 30.0
508203.59 3881277.37 30.0
508203.58 3881277.33 30.0
508203.59 3881277.37 30.0
508203.60 3881277.40 30.0
508203.60 3881277.40 30.0
508203.60 3881277.47 30.0
508203.60 3881277.47 30.0
508203.61 3881277.50 30.0
508203.61 3881277.50 30.0
508203.64 3881277.52 30.0
508203.64 3881277.52 30.0
508203.66 3881277.55 30.0
508203.66 3881277.55 30.0
508203.67 3881277.58 30.0
508203.67 3881277.58 30.0
508203.67 3881277.60 30.0
508203.67 3881277.60 30.0
508203.69 3881277.61 30.0
508203.70 3881277.63 30.0
508203.70 3881277.63 30.0
508203.71 3881277.65 30.0
508203.71 3881277.65 30.0
508203.73 3881277.67 30.0
508203.73 3881277.67 30.0
508203.74 3881277.69 30.0
508203.74 3881277.69 30.0
508203.74 3881277.69 30.0
508203.75 3881277.70 30.0
508203.76 3881277.72 30.0
508203.75 3881277.70 30.0
508203.76 3881277.72 30.0
508203.77 3881277.73 30.0
508203.78 3881277.74 30.0
508203.77 3881277.73 30.0
508203.78 3881277.74 30.0
508203.79 3881277.77 30.0
508203.79 3881277.77 30.0
508203.82 3881277.79 30.0
508203.85 3881277.82 30.0
508203.85 3881277.82 30.0
508203.85 3881277.82 30.0
508203.88 3881277.84 30.0
508203.88 3881277.84 30.0
508203.91 3881277.87 30.0
508203.91 3881277.87 30.0
508203.93 3881277.90 30.0
508203.97 3881277.92 30.0
508203.93 3881277.90 30.0
508203.97 3881277.92 30.0
508204.01 3881277.95 30.0
508204.01 3881277.95 30.0
508204.04 3881277.99 30.0
508204.04 3881277.99 30.0
508204.08 3881278.01 30.0
508204.08 3881278.01 30.0
508204.11 3881278.04 30.0
508204.11 3881278.04 30.0
508204.11 3881278.04 30.0
508204.12 3881278.05 30.0
508204.11 3881278.04 30.0
508204.12 3881278.05 30.0
508204.13 3881278.08 30.0
508204.13 3881278.08 30.0
508204.16 3881278.09 30.0
508204.18 3881278.11 30.0
508204.18 3881278.11 30.0
508204.20 3881278.13 30.0
508204.18 3881278.11 30.0
508204.20 3881278.13 30.0
508204.18 3881278.13 30.0
508204.12 3881278.10 30.0
508204.18 3881278.13 30.0
508204.13 3881278.13 30.0
508204.13 3881278.13 30.0
508204.13 3881278.13 30.0
508204.16 3881278.15 30.0
508204.16 3881278.15 30.0
508204.21 3881278.19 30.0
508204.21 3881278.19 30.0
508204.21 3881278.21 30.0
508204.21 3881278.21 30.0
508204.22 3881278.23 30.0
508204.22 3881278.23 30.0
508204.24 3881278.25 30.0
508204.25 3881278.27 30.0
508204.25 3881278.27 30.0
508204.24 3881278.29 30.0
508204.24 3881278.29 30.0
508204.24 3881278.29 30.0
508204.25 3881278.31 30.0
508204.25 3881278.31 30.0
508204.26 3881278.33 30.0
508204.26 3881278.33 30.0
508204.29 3881278.36 30.0
508204.29 3881278.36 30.0
508204.32 3881278.40 30.0
508204.32 3881278.40 30.0
508204.35 3881278.43 30.0
508204.38 3881278.46 30.0
508204.38 3881278.46 30.0
508204.38 3881278.46 30.0
508204.42 3881278.50 30.0
508204.44 3881278.53 30.0
508204.44 3881278.53 30.0
508204.44 3881278.53 30.0
508204.48 3881278.56 30.0
508204.48 3881278.56 30.0
508204.51 3881278.61 30.0
508204.52 3881278.65 30.0
508204.52 3881278.65 30.0
508204.55 3881278.70 30.0
508204.52 3881278.65 30.0
508204.55 3881278.70 30.0
508204.57 3881278.74 30.0
508204.59 3881278.78 30.0
508204.57 3881278.74 30.0
508204.62 3881278.82 30.0
508204.62 3881278.82 30.0
508204.62 3881278.83 30.0
508204.62 3881278.83 30.0
508204.58 3881278.82 30.0
508204.58 3881278.82 30.0
508204.59 3881278.85 30.0
508204.59 3881278.85 30.0
508204.60 3881278.89 30.0
508204.59 3881278.85 30.0
508204.62 3881278.93 30.0
508204.62 3881278.93 30.0
508204.62 3881278.93 30.0
508204.64 3881278.96 30.0
508204.64 3881278.96 30.0
508204.67 3881279.01 30.0
508204.67 3881279.01 30.0
508204.70 3881279.05 30.0
508204.70 3881279.05 30.0
508204.72 3881279.09 30.0
508204.73 3881279.12 30.0
508204.73 3881279.12 30.0
508204.73 3881279.12 30.0
508204.74 3881279.15 30.0
508204.74 3881279.15 30.0
508204.76 3881279.20 30.0
508204.76 3881279.20 30.0
508204.79 3881279.22 30.0
508204.81 3881279.25 30.0
508204.79 3881279.22 30.0
508204.81 3881279.25 30.0
508204.83 3881279.27 30.0
508204.86 3881279.31 30.0
508204.86 3881279.31 30.0
508204.88 3881279.34 30.0
508204.86 3881279.31 30.0
508204.88 3881279.34 30.0
508204.90 3881279.37 30.0
508204.90 3881279.37 30.0
508204.92 3881279.40 30.0
508204.93 3881279.43 30.0
508204.93 3881279.43 30.0
508204.95 3881279.45 30.0
508204.95 3881279.45 30.0
508204.95 3881279.45 30.0
508204.96 3881279.49 30.0
508204.98 3881279.51 30.0
508204.98 3881279.51 30.0
508204.98 3881279.51 30.0
508205.00 3881279.54 30.0
508205.02 3881279.56 30.0
508205.02 3881279.56 30.0
508205.03 3881279.60 30.0
508205.03 3881279.60 30.0
508205.05 3881279.62 30.0
508205.03 3881279.60 30.0
508205.05 3881279.62 30.0
508205.07 3881279.64 30.0
508205.10 3881279.67 30.0
508205.10 3881279.67 30.0
508205.11 3881279.70 30.0
508205.11 3881279.70 30.0
508205.11 3881279.70 30.0
508205.13 3881279.72 30.0
508205.13 3881279.72 30.0
508205.14 3881279.75 30.0
508205.14 3881279.75 30.0
508205.15 3881279.77 30.0
508205.15 3881279.77 30.0
508205.17 3881279.80 30.0
508205.17 3881279.80 30.0
508205.19 3881279.82 30.0
508205.19 3881279.82 30.0
508205.21 3881279.84 30.0
508205.21 3881279.84 30.0
508205.23 3881279.87 30.0
508205.23 3881279.87 30.0
508205.24 3881279.90 30.0
508205.24 3881279.90 30.0
508205.26 3881279.92 30.0
508205.26 3881279.92 30.0
508205.27 3881279.95 30.0
508205.27 3881279.95 30.0
508205.28 3881279.98 30.0
508205.28 3881279.98 30.0
508205.30 3881280.01 30.0
508205.30 3881280.01 30.0
508205.27 3881280.01 30.0
508205.27 3881280.01 30.0
508205.26 3881280.00 30.0
508205.27 3881280.02 30.0
508205.27 3881280.02 30.0
508205.28 3881280.03 30.0
508205.27 3881280.02 30.0
508205.23 3881280.02 30.0
508205.28 3881280.03 30.0
508205.23 3881280.04 30.0
508205.23 3881280.04 30.0
508205.23 3881280.04 30.0
508205.21 3881280.05 30.0
508205.21 3881280.05 30.0
508205.19 3881279.97 30.0
508205.19 3881279.97 30.0
508204.92 3881279.75 30.0
508204.60 3881279.52 30.0
508204.60 3881279.52 30.0
508204.31 3881279.39 30.0
508204.31 3881279.39 30.0
508204.31 3881279.39 30.0
508203.74 3881279.19 30.0
508203.16 3881278.94 30.0
508203.16 3881278.94 30.0
508203.16 3881278.94 30.0
508202.60 3881278.71 30.0
508202.07 3881278.48 30.0
508202.07 3881278.48 30.0
508202.07 3881278.48 30.0
508201.56 3881278.31 30.0
508201.10 3881278.14 30.0
508201.56 3881278.31 30.0
508200.67 3881278.04 30.0
508200.67 3881278.04 30.0
508200.26 3881277.97 30.0
508200.26 3881277.97 30.0
508199.88 3881277.91 30.0
508199.88 3881277.91 30.0
508199.88 3881277.91 30.0
508199.53 3881277.84 30.0
508199.21 3881277.79 30.0
508199.21 3881277.79 30.0
508198.91 3881277.73 30.0
508198.91 3881277.73 30.0
508198.91 3881277.73 30.0
508198.61 3881277.65 30.0
508198.61 3881277.65 30.0
508198.35 3881277.58 30.0
508198.35 3881277.58 30.0
508198.19 3881277.56 30.0
508198.19 3881277.56 30.0
508198.00 3881277.55 30.0
508198.00 3881277.55 30.0
508197.80 3881277.51 30.0
508197.62 3881277.49 30.0
508197.62 3881277.49 30.0
508197.62 3881277.49 30.0
508197.44 3881277.46 30.0
508197.25 3881277.44 30.0
508197.25 3881277.44 30.0
508197.25 3881277.44 30.0
508197.07 3881277.42 30.0
508196.91 3881277.40 30.0
508197.07 3881277.42 30.0
508196.91 3881277.40 30.0
508196.77 3881277.38 30.0
508196.77 3881277.38 30.0
508196.62 3881277.36 30.0
508196.48 3881277.35 30.0
508196.48 3881277.35 30.0
508196.48 3881277.35 30.0
508196.35 3881277.36 30.0
508196.35 3881277.36 30.0
508196.23 3881277.36 30.0
508196.10 3881277.35 30.0
508196.23 3881277.36 30.0
508196.10 3881277.35 30.0
508195.99 3881277.34 30.0
508195.99 3881277.34 30.0
508195.87 3881277.33 30.0
508195.87 3881277.33 30.0
508195.76 3881277.31 30.0
508195.76 3881277.31 30.0
508195.65 3881277.30 30.0
508195.65 3881277.30 30.0
508195.54 3881277.28 30.0
508195.45 3881277.27 30.0
508195.45 3881277.27 30.0
508195.35 3881277.26 30.0
508195.35 3881277.26 30.0
508195.24 3881277.26 30.0
508195.24 3881277.26 30.0
508195.15 3881277.25 30.0
508195.15 3881277.25 30.0
508195.15 3881277.25 30.0
508195.05 3881277.25 30.0
508195.05 3881277.25 30.0
508194.96 3881277.25 30.0
508194.86 3881277.26 30.0
508194.96 3881277.25 30.0
508194.86 3881277.26 30.0
508194.77 3881277.27 30.0
508194.70 3881277.29 30.0
508194.70 3881277.29 30.0
508194.70 3881277.29 30.0
508194.63 3881277.31 30.0
508194.54 3881277.36 30.0
508194.54 3881277.36 30.0
508194.54 3881277.36 30.0
508194.49 3881277.37 30.0
508194.49 3881277.37 30.0
508194.42 3881277.40 30.0
508194.35 3881277.46 30.0
508194.35 3881277.46 30.0
508194.35 3881277.46 30.0
508194.27 3881277.51 30.0
508194.19 3881277.57 30.0
508194.27 3881277.51 30.0
508194.19 3881277.57 30.0
508194.10 3881277.63 30.0
508194.03 3881277.70 30.0
508194.03 3881277.70 30.0
508193.95 3881277.76 30.0
508193.95 3881277.76 30.0
508193.86 3881277.80 30.0
508193.95 3881277.76 30.0
508193.86 3881277.80 30.0
508193.77 3881277.86 30.0
508193.77 3881277.86 30.0
508193.69 3881277.90 30.0
508193.58 3881277.97 30.0
508193.58 3881277.97 30.0
508193.58 3881277.97 30.0
508193.49 3881278.03 30.0
508193.49 3881278.03 30.0
508193.39 3881278.10 30.0
508193.29 3881278.18 30.0
508193.29 3881278.18 30.0
508193.20 3881278.26 30.0
508193.20 3881278.26 30.0
508193.20 3881278.26 30.0
508193.09 3881278.33 30.0
508192.99 3881278.41 30.0
508192.99 3881278.41 30.0
508192.99 3881278.41 30.0
508192.87 3881278.48 30.0
508192.87 3881278.48 30.0
508192.75 3881278.54 30.0
508192.75 3881278.54 30.0
508192.62 3881278.62 30.0
508192.48 3881278.70 30.0
508192.62 3881278.62 30.0
508192.48 3881278.70 30.0
508192.35 3881278.79 30.0
508192.23 3881278.85 30.0
508192.35 3881278.79 30.0
508192.23 3881278.85 30.0
508192.09 3881278.93 30.0
508192.09 3881278.93 30.0
508191.82 3881279.09 30.0
508191.69 3881279.16 30.0
508191.82 3881279.09 30.0
508191.53 3881279.25 30.0
508191.53 3881279.25 30.0
508191.53 3881279.25 30.0
508191.38 3881279.33 30.0
508191.23 3881279.42 30.0
508191.23 3881279.42 30.0
508191.23 3881279.42 30.0
508191.07 3881279.51 30.0
508190.92 3881279.59 30.0
508190.92 3881279.59 30.0
508190.77 3881279.67 30.0
508190.92 3881279.59 30.0
508190.61 3881279.76 30.0
508190.77 3881279.67 30.0
508190.61 3881279.76 30.0
508190.46 3881279.85 30.0
508190.29 3881279.94 30.0
508190.29 3881279.94 30.0
508190.29 3881279.94 30.0
508190.14 3881280.03 30.0
508190.14 3881280.03 30.0
508189.98 3881280.13 30.0
508189.98 3881280.13 30.0
508189.81 3881280.20 30.0
508189.81 3881280.20 30.0
508189.64 3881280.29 30.0
508189.64 3881280.29 30.0
508189.49 3881280.39 30.0
508189.49 3881280.39 30.0
508189.32 3881280.48 30.0
508189.32 3881280.48 30.0
508189.16 3881280.58 30.0
508189.01 3881280.67 30.0
508189.01 3881280.67 30.0
508189.01 3881280.67 30.0
508188.84 3881280.77 30.0
508188.84 3881280.77 30.0
508188.69 3881280.87 30.0
508188.52 3881280.96 30.0
508188.69 3881280.87 30.0
508188.36 3881281.06 30.0
508188.52 3881280.96 30.0
508188.36 3881281.06 30.0
508188.19 3881281.16 30.0
508188.19 3881281.16 30.0
508188.03 3881281.24 30.0
508187.87 3881281.34 30.0
508188.03 3881281.24 30.0
508187.69 3881281.44 30.0
508187.69 3881281.44 30.0
508187.69 3881281.44 30.0
508187.53 3881281.54 30.0
508187.36 3881281.63 30.0
508187.36 3881281.63 30.0
508187.20 3881281.73 30.0
508187.20 3881281.73 30.0
508187.03 3881281.83 30.0
508187.03 3881281.83 30.0
508187.03 3881281.83 30.0
508186.85 3881281.92 30.0
508186.85 3881281.92 30.0
508186.68 3881282.02 30.0
508186.51 3881282.12 30.0
508186.51 3881282.12 30.0
508186.34 3881282.22 30.0
508186.34 3881282.22 30.0
508186.34 3881282.22 30.0
508186.17 3881282.32 30.0
508186.17 3881282.32 30.0
508185.99 3881282.42 30.0
508185.81 3881282.51 30.0
508185.81 3881282.51 30.0
508185.62 3881282.60 30.0
508185.62 3881282.60 30.0
508185.44 3881282.70 30.0
508185.62 3881282.60 30.0
508185.44 3881282.70 30.0
508185.25 3881282.78 30.0
508185.25 3881282.78 30.0
508185.07 3881282.87 30.0
508185.07 3881282.87 30.0
508184.88 3881282.97 30.0
508184.88 3881282.97 30.0
508184.70 3881283.07 30.0
508184.53 3881283.16 30.0
508184.70 3881283.07 30.0
508184.34 3881283.26 30.0
508184.53 3881283.16 30.0
508184.34 3881283.26 30.0
508184.17 3881283.35 30.0
508184.17 3881283.35 30.0
508183.98 3881283.44 30.0
508183.81 3881283.54 30.0
508183.81 3881283.54 30.0
508183.81 3881283.54 30.0
508183.62 3881283.61 30.0
508183.62 3881283.61 30.0
508183.42 3881283.69 30.0
508183.42 3881283.69 30.0
508183.23 3881283.78 30.0
508183.05 3881283.86 30.0
508183.05 3881283.86 30.0
508182.88 3881283.95 30.0
508182.88 3881283.95 30.0
508182.68 3881284.01 30.0
508182.68 3881284.01 30.0
508182.48 3881284.09 30.0
508182.48 3881284.09 30.0
508182.29 3881284.16 30.0
508182.29 3881284.16 30.0
508182.29 3881284.16 30.0
508182.10 3881284.23 30.0
508181.91 3881284.30 30.0
508182.10 3881284.23 30.0
508181.72 3881284.38 30.0
508181.72 3881284.38 30.0
508181.52 3881284.44 30.0
508181.52 3881284.44 30.0
508181.52 3881284.44 30.0
508181.33 3881284.52 30.0
508181.33 3881284.52 30.0
508181.13 3881284.59 30.0
508180.93 3881284.67 30.0
508180.93 3881284.67 30.0
508180.93 3881284.67 30.0
508180.75 3881284.73 30.0
508180.55 3881284.80 30.0
508180.55 3881284.80 30.0
508180.36 3881284.88 30.0
508180.36 3881284.88 30.0
508180.17 3881284.94 30.0
508180.17 3881284.94 30.0
508180.17 3881284.94 30.0
508179.99 3881285.01 30.0
508179.80 3881285.07 30.0
508179.99 3881285.01 30.0
508179.60 3881285.13 30.0
508179.60 3881285.13 30.0
508179.60 3881285.13 30.0
508179.41 3881285.20 30.0
508179.41 3881285.20 30.0
508179.22 3881285.25 30.0
508179.02 3881285.31 30.0
508179.02 3881285.31 30.0
508179.02 3881285.31 30.0
508178.82 3881285.36 30.0
508178.63 3881285.42 30.0
508178.63 3881285.42 30.0
508178.63 3881285.42 30.0
508178.43 3881285.47 30.0
508178.43 3881285.47 30.0
508178.23 3881285.53 30.0
508178.03 3881285.58 30.0
508178.03 3881285.58 30.0
508177.84 3881285.64 30.0
508177.84 3881285.64 30.0
508177.84 3881285.64 30.0
508177.66 3881285.69 30.0
508177.47 3881285.75 30.0
508177.66 3881285.69 30.0
508177.28 3881285.79 30.0
508177.47 3881285.75 30.0
508177.28 3881285.79 30.0
508177.09 3881285.85 30.0
508177.09 3881285.85 30.0
508176.89 3881285.89 30.0
508176.89 3881285.89 30.0
508176.69 3881285.95 30.0
508176.69 3881285.95 30.0
508176.50 3881285.99 30.0
508176.50 3881285.99 30.0
508176.31 3881286.04 30.0
508176.31 3881286.04 30.0
508176.12 3881286.08 30.0
508175.94 3881286.14 30.0
508175.94 3881286.14 30.0
508175.94 3881286.14 30.0
508175.74 3881286.18 30.0
508175.74 3881286.18 30.0
508175.54 3881286.22 30.0
508175.54 3881286.22 30.0
508175.34 3881286.27 30.0
508175.34 3881286.27 30.0
508175.15 3881286.30 30.0
508175.15 3881286.30 30.0
508174.96 3881286.35 30.0
508174.96 3881286.35 30.0
508174.76 3881286.39 30.0
508174.57 3881286.44 30.0
508174.57 3881286.44 30.0
508174.57 3881286.44 30.0
508174.39 3881286.49 30.0
508174.39 3881286.49 30.0
508174.19 3881286.53 30.0
508174.19 3881286.53 30.0
508174.00 3881286.59 30.0
508174.00 3881286.59 30.0
508173.82 3881286.63 30.0
508173.82 3881286.63 30.0
508173.63 3881286.68 30.0
508173.63 3881286.68 30.0
508173.44 3881286.73 30.0
508173.44 3881286.73 30.0
508173.25 3881286.78 30.0
508173.06 3881286.83 30.0
508173.06 3881286.83 30.0
508172.87 3881286.89 30.0
508172.87 3881286.89 30.0
508172.70 3881286.93 30.0
508172.70 3881286.93 30.0
508172.53 3881287.00 30.0
508172.53 3881287.00 30.0
508172.35 3881287.05 30.0
508172.53 3881287.00 30.0
508172.35 3881287.05 30.0
508172.18 3881287.12 30.0
508172.18 3881287.12 30.0
508172.00 3881287.17 30.0
508171.82 3881287.23 30.0
508171.82 3881287.23 30.0
508171.64 3881287.28 30.0
508171.64 3881287.28 30.0
508171.47 3881287.34 30.0
508171.47 3881287.34 30.0
508171.29 3881287.41 30.0
508171.47 3881287.34 30.0
508171.10 3881287.46 30.0
508171.10 3881287.46 30.0
508170.92 3881287.51 30.0
508170.92 3881287.51 30.0
508170.92 3881287.51 30.0
508170.74 3881287.57 30.0
508170.74 3881287.57 30.0
508170.56 3881287.63 30.0
508170.36 3881287.68 30.0
508170.36 3881287.68 30.0
508170.18 3881287.74 30.0
508170.18 3881287.74 30.0
508170.00 3881287.79 30.0
508170.00 3881287.79 30.0
508170.00 3881287.79 30.0
508169.81 3881287.85 30.0
508169.63 3881287.90 30.0
508169.63 3881287.90 30.0
508169.63 3881287.90 30.0
508169.45 3881287.96 30.0
508169.27 3881288.01 30.0
508169.27 3881288.01 30.0
508169.27 3881288.01 30.0
508169.09 3881288.06 30.0
508169.09 3881288.06 30.0
508168.90 3881288.10 30.0
508168.90 3881288.10 30.0
508168.71 3881288.14 30.0
508168.52 3881288.18 30.0
508168.71 3881288.14 30.0
508168.34 3881288.22 30.0
508168.34 3881288.22 30.0
508168.15 3881288.27 30.0
508168.15 3881288.27 30.0
508168.15 3881288.27 30.0
508167.96 3881288.31 30.0
508167.77 3881288.37 30.0
508167.77 3881288.37 30.0
508167.77 3881288.37 30.0
508167.57 3881288.41 30.0
508167.38 3881288.47 30.0
508167.38 3881288.47 30.0
508167.19 3881288.51 30.0
508167.19 3881288.51 30.0
508167.00 3881288.56 30.0
508167.00 3881288.56 30.0
508167.00 3881288.56 30.0
508166.80 3881288.61 30.0
508166.80 3881288.61 30.0
508166.61 3881288.64 30.0
508166.40 3881288.69 30.0
508166.40 3881288.69 30.0
508166.20 3881288.73 30.0
508166.20 3881288.73 30.0
508166.20 3881288.73 30.0
508166.00 3881288.78 30.0
508165.80 3881288.82 30.0
508165.80 3881288.82 30.0
508165.80 3881288.82 30.0
508165.60 3881288.87 30.0
508165.39 3881288.91 30.0
508165.39 3881288.91 30.0
508165.19 3881288.94 30.0
508165.19 3881288.94 30.0
508165.19 3881288.94 30.0
508164.98 3881288.99 30.0
508164.98 3881288.99 30.0
508164.78 3881289.03 30.0
508164.58 3881289.08 30.0
508164.78 3881289.03 30.0
508164.37 3881289.11 30.0
508164.37 3881289.11 30.0
508164.17 3881289.15 30.0
508164.17 3881289.15 30.0
508164.17 3881289.15 30.0
508163.97 3881289.20 30.0
508163.77 3881289.23 30.0
508163.77 3881289.23 30.0
508163.77 3881289.23 30.0
508163.55 3881289.27 30.0
508163.35 3881289.31 30.0
508163.55 3881289.27 30.0
508163.15 3881289.35 30.0
508163.35 3881289.31 30.0
508162.95 3881289.38 30.0
508163.15 3881289.35 30.0
508162.75 3881289.43 30.0
508162.75 3881289.43 30.0
508162.54 3881289.47 30.0
508162.54 3881289.47 30.0
508162.54 3881289.47 30.0
508162.34 3881289.51 30.0
508162.14 3881289.55 30.0
508162.14 3881289.55 30.0
508161.93 3881289.59 30.0
508162.14 3881289.55 30.0
508161.93 3881289.59 30.0
508161.73 3881289.63 30.0
508161.53 3881289.66 30.0
508161.53 3881289.66 30.0
508161.33 3881289.70 30.0
508161.53 3881289.66 30.0
508161.12 3881289.74 30.0
508161.33 3881289.70 30.0
508161.12 3881289.74 30.0
508160.92 3881289.77 30.0
508160.72 3881289.80 30.0
508160.72 3881289.80 30.0
508160.72 3881289.80 30.0
508160.52 3881289.85 30.0
508160.31 3881289.88 30.0
508160.31 3881289.88 30.0
508160.31 3881289.88 30.0
508160.10 3881289.91 30.0
508159.90 3881289.96 30.0
508159.90 3881289.96 30.0
508159.90 3881289.96 30.0
508159.69 3881289.99 30.0
508159.69 3881289.99 30.0
508159.48 3881290.04 30.0
508159.48 3881290.04 30.0
508159.27 3881290.09 30.0
508159.27 3881290.09 30.0
508159.06 3881290.12 30.0
508159.06 3881290.12 30.0
508158.84 3881290.17 30.0
508158.63 3881290.21 30.0
508158.84 3881290.17 30.0
508158.63 3881290.21 30.0
508158.42 3881290.26 30.0
508158.22 3881290.29 30.0
508158.42 3881290.26 30.0
508158.22 3881290.29 30.0
508158.01 3881290.33 30.0
508157.81 3881290.38 30.0
508157.81 3881290.38 30.0
508157.60 3881290.42 30.0
508157.81 3881290.38 30.0
508157.60 3881290.42 30.0
508157.39 3881290.47 30.0
508157.19 3881290.51 30.0
508157.39 3881290.47 30.0
508157.19 3881290.51 30.0
508156.99 3881290.57 30.0
508156.79 3881290.60 30.0
508156.99 3881290.57 30.0
508156.79 3881290.60 30.0
508156.59 3881290.64 30.0
508156.59 3881290.64 30.0
508156.38 3881290.70 30.0
508156.38 3881290.70 30.0
508156.18 3881290.74 30.0
508155.98 3881290.79 30.0
508156.18 3881290.74 30.0
508155.98 3881290.79 30.0
508155.77 3881290.83 30.0
508155.57 3881290.87 30.0
508155.77 3881290.83 30.0
508155.57 3881290.87 30.0
508155.37 3881290.92 30.0
508155.37 3881290.92 30.0
508155.17 3881290.97 30.0
508155.17 3881290.97 30.0
508155.00 3881291.02 30.0
508155.00 3881291.02 30.0
508154.82 3881291.07 30.0
508154.82 3881291.07 30.0
508154.63 3881291.13 30.0
508154.44 3881291.17 30.0
508154.63 3881291.13 30.0
508154.44 3881291.17 30.0
508154.28 3881291.22 30.0
508154.28 3881291.22 30.0
508154.09 3881291.27 30.0
508154.09 3881291.27 30.0
508153.91 3881291.33 30.0
508153.91 3881291.33 30.0
508153.74 3881291.38 30.0
508153.74 3881291.38 30.0
508153.57 3881291.44 30.0
508153.57 3881291.44 30.0
508153.39 3881291.48 30.0
508153.22 3881291.53 30.0
508153.22 3881291.53 30.0
508153.05 3881291.57 30.0
508153.05 3881291.57 30.0
508152.88 3881291.63 30.0
508152.88 3881291.63 30.0
508152.71 3881291.67 30.0
508152.71 3881291.67 30.0
508152.54 3881291.71 30.0
508152.54 3881291.71 30.0
508152.54 3881291.71 30.0
508152.36 3881291.76 30.0
508152.21 3881291.80 30.0
508152.21 3881291.80 30.0
508152.21 3881291.80 30.0
508152.04 3881291.86 30.0
508151.87 3881291.90 30.0
508151.87 3881291.90 30.0
508151.87 3881291.90 30.0
508151.72 3881291.95 30.0
508151.55 3881291.99 30.0
508151.72 3881291.95 30.0
508151.40 3881292.02 30.0
508151.55 3881291.99 30.0
508151.23 3881292.07 30.0
508151.40 3881292.02 30.0
508151.23 3881292.07 30.0
508151.08 3881292.11 30.0
508151.08 3881292.11 30.0
508150.91 3881292.16 30.0
508150.91 3881292.16 30.0
508150.74 3881292.20 30.0
508150.74 3881292.20 30.0
508150.59 3881292.23 30.0
508150.59 3881292.23 30.0
508150.43 3881292.27 30.0
508150.27 3881292.31 30.0
508150.27 3881292.31 30.0
508150.27 3881292.31 30.0
508150.11 3881292.36 30.0
508149.96 3881292.40 30.0
508149.96 3881292.40 30.0
508149.96 3881292.40 30.0
508149.79 3881292.44 30.0
508149.79 3881292.44 30.0
508149.64 3881292.48 30.0
508149.48 3881292.51 30.0
508149.48 3881292.51 30.0
508149.48 3881292.51 30.0
508149.34 3881292.55 30.0
508149.34 3881292.55 30.0
508149.18 3881292.60 30.0
508149.03 3881292.63 30.0
508149.03 3881292.63 30.0
508148.87 3881292.67 30.0
508148.87 3881292.67 30.0
508148.73 3881292.71 30.0
508148.73 3881292.71 30.0
508148.73 3881292.71 30.0
508148.58 3881292.74 30.0
508148.43 3881292.76 30.0
508148.43 3881292.76 30.0
508148.43 3881292.76 30.0
508148.28 3881292.81 30.0
508148.28 3881292.81 30.0
508148.13 3881292.83 30.0
508148.13 3881292.83 30.0
508148.00 3881292.85 30.0
508148.00 3881292.85 30.0
508147.85 3881292.89 30.0
508147.85 3881292.89 30.0
508147.70 3881292.92 30.0
508147.56 3881292.94 30.0
508147.56 3881292.94 30.0
508147.56 3881292.94 30.0
508147.41 3881292.97 30.0
508147.28 3881293.01 30.0
508147.28 3881293.01 30.0
508147.28 3881293.01 30.0
508147.15 3881293.04 30.0
508147.01 3881293.07 30.0
508147.01 3881293.07 30.0
508146.87 3881293.10 30.0
508146.87 3881293.10 30.0
508146.87 3881293.10 30.0
508146.73 3881293.14 30.0
508146.73 3881293.14 30.0
508146.59 3881293.17 30.0
508146.59 3881293.17 30.0
508146.45 3881293.20 30.0
508146.45 3881293.20 30.0
508146.30 3881293.24 30.0
508146.30 3881293.24 30.0
508146.14 3881293.28 30.0
508146.14 3881293.28 30.0
508146.00 3881293.32 30.0
508146.00 3881293.32 30.0
508145.88 3881293.34 30.0
508145.77 3881293.34 30.0
508145.77 3881293.34 30.0
508145.66 3881293.34 30.0
508145.66 3881293.34 30.0
508145.66 3881293.34 30.0
508145.54 3881293.35 30.0
508145.42 3881293.36 30.0
508145.54 3881293.35 30.0
508145.32 3881293.35 30.0
508145.32 3881293.35 30.0
508145.18 3881293.36 30.0
508145.18 3881293.36 30.0
508145.04 3881293.38 30.0
508145.04 3881293.38 30.0
508145.04 3881293.38 30.0
508144.91 3881293.40 30.0
508144.91 3881293.40 30.0
508144.80 3881293.42 30.0
508144.80 3881293.42 30.0
508144.70 3881293.44 30.0
508144.57 3881293.48 30.0
508144.57 3881293.48 30.0
508144.45 3881293.52 30.0
508144.45 3881293.52 30.0
508144.45 3881293.52 30.0
508144.34 3881293.52 30.0
508144.24 3881293.53 30.0
508144.24 3881293.53 30.0
508144.14 3881293.54 30.0
508144.14 3881293.54 30.0
508144.14 3881293.54 30.0
508144.05 3881293.55 30.0
508143.94 3881293.57 30.0
508143.94 3881293.57 30.0
508143.94 3881293.57 30.0
508144.04 3881293.51 30.0
508144.04 3881293.51 30.0
508143.99 3881293.50 30.0
508143.99 3881293.50 30.0
508143.96 3881293.48 30.0
508143.92 3881293.47 30.0
508143.92 3881293.47 30.0
508143.92 3881293.47 30.0
508143.87 3881293.48 30.0
508143.81 3881293.49 30.0
508143.81 3881293.49 30.0
508143.81 3881293.49 30.0
508143.76 3881293.50 30.0
508143.77 3881293.49 30.0
508143.76 3881293.50 30.0
508143.71 3881293.53 30.0
508143.71 3881293.53 30.0
508143.71 3881293.53 30.0
508143.64 3881293.58 30.0
508143.64 3881293.58 30.0
508143.58 3881293.58 30.0
508143.58 3881293.58 30.0
508143.54 3881293.58 30.0
508143.54 3881293.58 30.0
508143.52 3881293.57 30.0
508143.52 3881293.57 30.0
508143.49 3881293.55 30.0
508143.49 3881293.55 30.0
508143.46 3881293.55 30.0
508143.46 3881293.55 30.0
508143.40 3881293.56 30.0
508143.34 3881293.57 30.0
508143.40 3881293.56 30.0
508143.27 3881293.59 30.0
508143.27 3881293.59 30.0
508143.21 3881293.62 30.0
508143.21 3881293.62 30.0
508143.14 3881293.65 30.0
508143.14 3881293.65 30.0
508143.07 3881293.67 30.0
508143.14 3881293.65 30.0
508143.07 3881293.67 30.0
508142.99 3881293.68 30.0
508142.99 3881293.68 30.0
508142.92 3881293.70 30.0
508142.83 3881293.72 30.0
508142.83 3881293.72 30.0
508142.83 3881293.72 30.0
508142.75 3881293.74 30.0
508142.75 3881293.74 30.0
508142.67 3881293.76 30.0
508142.67 3881293.76 30.0
508142.58 3881293.78 30.0
508142.58 3881293.78 30.0
508142.49 3881293.80 30.0
508142.49 3881293.80 30.0
508142.42 3881293.80 30.0
508142.34 3881293.81 30.0
508142.34 3881293.81 30.0
508142.27 3881293.80 30.0
508142.27 3881293.80 30.0
508142.27 3881293.80 30.0
508142.21 3881293.78 30.0
508141.58 3881293.76 30.0
508141.58 3881293.76 30.0
508141.48 3881293.78 30.0
508141.48 3881293.78 30.0
508141.48 3881293.78 30.0
508141.39 3881293.78 30.0
508141.39 3881293.78 30.0
508141.28 3881293.80 30.0
508141.17 3881293.81 30.0
508141.17 3881293.81 30.0
508141.06 3881293.83 30.0
508141.06 3881293.83 30.0
508141.06 3881293.83 30.0
508140.94 3881293.87 30.0
508140.94 3881293.87 30.0
508140.83 3881293.90 30.0
508140.36 3881294.12 30.0
508140.36 3881294.12 30.0
508140.15 3881294.22 30.0
508140.15 3881294.22 30.0
508140.15 3881294.22 30.0
508139.98 3881294.29 30.0
508139.83 3881294.35 30.0
508139.98 3881294.29 30.0
508139.83 3881294.35 30.0
508139.69 3881294.40 30.0
508139.69 3881294.40 30.0
508139.56 3881294.44 30.0
508139.42 3881294.49 30.0
508139.42 3881294.49 30.0
508139.30 3881294.53 30.0
508139.42 3881294.49 30.0
508139.30 3881294.53 30.0
508139.16 3881294.58 30.0
508139.04 3881294.63 30.0
508139.16 3881294.58 30.0
508138.91 3881294.69 30.0
508138.91 3881294.69 30.0
508138.79 3881294.73 30.0
508138.91 3881294.69 30.0
508138.68 3881294.81 30.0
508138.68 3881294.81 30.0
508138.56 3881294.87 30.0
508138.68 3881294.81 30.0
508138.56 3881294.87 30.0
508138.45 3881294.94 30.0
508138.45 3881294.94 30.0
508138.33 3881295.00 30.0
508138.18 3881295.08 30.0
508138.33 3881295.00 30.0
508138.18 3881295.08 30.0
508138.04 3881295.15 30.0
508138.04 3881295.15 30.0
508137.91 3881295.22 30.0
508137.91 3881295.22 30.0
508137.79 3881295.27 30.0
508137.79 3881295.27 30.0
508137.66 3881295.32 30.0
508137.55 3881295.38 30.0
508137.55 3881295.38 30.0
508137.42 3881295.44 30.0
508137.42 3881295.44 30.0
508137.42 3881295.44 30.0
508137.30 3881295.49 30.0
508137.30 3881295.49 30.0
508137.18 3881295.55 30.0
508137.07 3881295.60 30.0
508137.18 3881295.55 30.0
508137.07 3881295.60 30.0
508136.95 3881295.66 30.0
508136.83 3881295.72 30.0
508136.95 3881295.66 30.0
508136.83 3881295.72 30.0
508136.72 3881295.78 30.0
508136.72 3881295.78 30.0
508136.60 3881295.84 30.0
508136.60 3881295.84 30.0
508136.49 3881295.90 30.0
508136.38 3881295.96 30.0
508136.49 3881295.90 30.0
508136.28 3881296.05 30.0
508136.28 3881296.05 30.0
508136.28 3881296.05 30.0
508136.30 3881296.10 30.0
508136.31 3881296.16 30.0
508136.30 3881296.10 30.0
508136.31 3881296.16 30.0
508136.32 3881296.22 30.0
508136.35 3881296.27 30.0
508136.35 3881296.27 30.0
508136.35 3881296.27 30.0
508136.41 3881296.28 30.0
508136.41 3881296.28 30.0
508136.46 3881296.32 30.0
508136.48 3881296.37 30.0
508136.46 3881296.32 30.0
508136.48 3881296.37 30.0
508136.51 3881296.39 30.0
508136.51 3881296.44 30.0
508136.51 3881296.39 30.0
508136.51 3881296.48 30.0
508136.51 3881296.48 30.0
508136.51 3881296.48 30.0
508136.52 3881296.50 30.0
508136.51 3881296.55 30.0
508136.51 3881296.55 30.0
508136.51 3881296.55 30.0
508136.48 3881296.60 30.0
508136.48 3881296.60 30.0
508136.45 3881296.66 30.0
508136.45 3881296.66 30.0
508136.46 3881296.70 30.0
508136.46 3881296.70 30.0
508136.42 3881296.76 30.0
508136.42 3881296.82 30.0
508136.42 3881296.76 30.0
508136.42 3881296.82 30.0
508136.40 3881296.88 30.0
508136.40 3881296.88 30.0
508136.38 3881296.96 30.0
508136.35 3881297.02 30.0
508136.38 3881296.96 30.0
508136.35 3881297.02 30.0
508136.31 3881297.09 30.0
508136.31 3881297.09 30.0
508136.32 3881297.13 30.0
508136.32 3881297.13 30.0
508136.31 3881297.20 30.0
508136.31 3881297.20 30.0
508136.31 3881297.26 30.0
508136.31 3881297.26 30.0
508136.30 3881297.31 30.0
508136.30 3881297.31 30.0
508136.29 3881297.37 30.0
508136.29 3881297.37 30.0
508136.28 3881297.42 30.0
508136.28 3881297.42 30.0
508136.24 3881297.50 30.0
508136.19 3881297.57 30.0
508136.24 3881297.50 30.0
508136.19 3881297.57 30.0
508136.15 3881297.64 30.0
508136.15 3881297.64 30.0
508136.10 3881297.71 30.0
508136.10 3881297.71 30.0
508136.06 3881297.78 30.0
508136.06 3881297.78 30.0
508136.03 3881297.83 30.0
508136.03 3881297.83 30.0
508135.99 3881297.90 30.0
508135.95 3881297.98 30.0
508135.95 3881297.98 30.0
508135.91 3881298.04 30.0
508135.91 3881298.04 30.0
508135.87 3881298.11 30.0
508135.87 3881298.11 30.0
508135.87 3881298.11 30.0
508135.83 3881298.17 30.0
508135.80 3881298.22 30.0
508135.80 3881298.22 30.0
508135.80 3881298.22 30.0
508135.77 3881298.26 30.0
508135.74 3881298.32 30.0
508135.77 3881298.26 30.0
508135.69 3881298.38 30.0
508135.69 3881298.38 30.0
508135.64 3881298.43 30.0
508135.64 3881298.43 30.0
508135.64 3881298.43 30.0
508135.60 3881298.49 30.0
508135.60 3881298.49 30.0
508135.57 3881298.51 30.0
508135.54 3881298.53 30.0
508135.57 3881298.51 30.0
508135.54 3881298.53 30.0
508135.48 3881298.59 30.0
508135.42 3881298.65 30.0
508135.42 3881298.65 30.0
508135.42 3881298.65 30.0
508135.35 3881298.72 30.0
508135.35 3881298.72 30.0
508135.33 3881298.76 30.0
508135.33 3881298.76 30.0
508135.30 3881298.80 30.0
508135.25 3881298.86 30.0
508135.30 3881298.80 30.0
508135.18 3881298.93 30.0
508135.25 3881298.86 30.0
508135.11 3881299.01 30.0
508135.11 3881299.01 30.0
508135.04 3881299.07 30.0
508135.04 3881299.07 30.0
508134.96 3881299.15 30.0
508135.04 3881299.07 30.0
508134.96 3881299.15 30.0
508134.86 3881299.23 30.0
508134.77 3881299.30 30.0
508134.86 3881299.23 30.0
508134.77 3881299.30 30.0
508134.68 3881299.36 30.0
508134.68 3881299.36 30.0
508134.60 3881299.43 30.0
508134.52 3881299.48 30.0
508134.52 3881299.48 30.0
508134.52 3881299.48 30.0
508134.42 3881299.56 30.0
508134.33 3881299.63 30.0
508134.42 3881299.56 30.0
508134.24 3881299.69 30.0
508134.24 3881299.69 30.0
508134.24 3881299.69 30.0
508134.15 3881299.76 30.0
508134.05 3881299.83 30.0
508134.05 3881299.83 30.0
508134.05 3881299.83 30.0
508133.96 3881299.89 30.0
508133.96 3881299.89 30.0
508133.87 3881299.96 30.0
508133.78 3881300.04 30.0
508133.78 3881300.04 30.0
508133.78 3881300.04 30.0
508133.68 3881300.13 30.0
508133.68 3881300.13 30.0
508133.59 3881300.23 30.0
508133.52 3881300.33 30.0
508133.52 3881300.33 30.0
508133.43 3881300.40 30.0
508133.43 3881300.40 30.0
508133.43 3881300.40 30.0
508133.33 3881300.48 30.0
508133.33 3881300.48 30.0
508133.24 3881300.57 30.0
508133.16 3881300.65 30.0
508133.16 3881300.65 30.0
508133.16 3881300.65 30.0
508133.07 3881300.71 30.0
508132.96 3881300.88 30.0
508132.96 3881300.88 30.0
508132.96 3881300.88 30.0
508132.78 3881301.13 30.0
508132.62 3881301.25 30.0
508132.62 3881301.25 30.0
508132.46 3881301.48 30.0
508132.46 3881301.48 30.0
508132.30 3881301.76 30.0
508132.30 3881301.76 30.0
508132.30 3881301.76 30.0
508132.32 3881302.21 30.0
508132.32 3881302.21 30.0
508132.34 3881302.65 30.0
508132.34 3881302.65 30.0
508132.33 3881303.05 30.0
508132.38 3881303.47 30.0
508132.33 3881303.05 30.0
508132.38 3881303.47 30.0
508132.38 3881303.87 30.0
508132.38 3881303.87 30.0
508132.40 3881304.24 30.0
508132.40 3881304.24 30.0
508132.40 3881304.54 30.0
508132.36 3881304.83 30.0
508132.36 3881304.83 30.0
508132.35 3881305.16 30.0
508132.35 3881305.16 30.0
508132.33 3881305.50 30.0
508132.33 3881305.50 30.0
508132.28 3881305.80 30.0
508132.28 3881305.80 30.0
508132.28 3881305.80 30.0
508132.24 3881306.10 30.0
508132.22 3881306.42 30.0
508132.22 3881306.42 30.0
508132.22 3881306.42 30.0
508132.17 3881306.73 30.0
508132.10 3881307.00 30.0
508132.10 3881307.00 30.0
508132.10 3881307.00 30.0
508132.10 3881307.32 30.0
508132.10 3881307.32 30.0
508132.09 3881307.63 30.0
508132.10 3881307.99 30.0
508132.10 3881307.99 30.0
508132.08 3881308.29 30.0
508132.08 3881308.29 30.0
508132.06 3881308.55 30.0
508132.06 3881308.55 30.0
508132.03 3881308.81 30.0
508132.03 3881308.81 30.0
508131.98 3881309.07 30.0
508131.98 3881309.07 30.0
508131.94 3881309.32 30.0
508131.94 3881309.32 30.0
508131.87 3881309.55 30.0
508131.87 3881309.55 30.0
508131.82 3881309.79 30.0
508131.87 3881309.55 30.0
508131.82 3881309.79 30.0
508131.74 3881310.02 30.0
508131.74 3881310.02 30.0
508131.67 3881310.20 30.0
508131.67 3881310.20 30.0
508131.58 3881310.40 30.0
508131.48 3881310.59 30.0
508131.48 3881310.59 30.0
508131.38 3881310.78 30.0
508131.38 3881310.78 30.0
508131.29 3881310.98 30.0
508131.38 3881310.78 30.0
508131.29 3881310.98 30.0
508131.19 3881311.16 30.0
508131.19 3881311.16 30.0
508131.08 3881311.32 30.0
508131.08 3881311.32 30.0
508130.97 3881311.50 30.0
508130.97 3881311.50 30.0
508130.85 3881311.68 30.0
508130.72 3881311.83 30.0
508130.85 3881311.68 30.0
508130.61 3881311.98 30.0
508130.72 3881311.83 30.0
508130.51 3881312.14 30.0
508130.61 3881311.98 30.0
508130.40 3881312.30 30.0
508130.51 3881312.14 30.0
508130.40 3881312.30 30.0
508130.30 3881312.47 30.0
508130.30 3881312.47 30.0
508130.20 3881312.64 30.0
508130.10 3881312.80 30.0
508130.10 3881312.80 30.0
508130.10 3881312.80 30.0
508130.02 3881312.98 30.0
508130.02 3881312.98 30.0
508129.94 3881313.15 30.0
508129.94 3881313.15 30.0
508129.85 3881313.32 30.0
508129.85 3881313.32 30.0
508129.77 3881313.50 30.0
508129.68 3881313.66 30.0
508129.68 3881313.66 30.0
508129.59 3881313.84 30.0
508129.59 3881313.84 30.0
508129.59 3881313.84 30.0
508129.52 3881314.03 30.0
508129.45 3881314.24 30.0
508129.45 3881314.24 30.0
508129.39 3881314.44 30.0
508129.39 3881314.44 30.0
508129.39 3881314.44 30.0
508129.31 3881314.64 30.0
508129.31 3881314.64 30.0
508129.22 3881314.83 30.0
508129.22 3881314.83 30.0
508129.14 3881315.04 30.0
508129.14 3881315.04 30.0
508129.05 3881315.24 30.0
508129.05 3881315.24 30.0
508128.97 3881315.45 30.0
508128.97 3881315.45 30.0
508128.88 3881315.64 30.0
508128.78 3881315.81 30.0
508128.78 3881315.81 30.0
508128.78 3881315.81 30.0
508128.67 3881315.99 30.0
508128.67 3881315.99 30.0
508128.57 3881316.18 30.0
508128.57 3881316.18 30.0
508128.47 3881316.36 30.0
508128.36 3881316.52 30.0
508128.36 3881316.52 30.0
508128.36 3881316.52 30.0
508128.25 3881316.70 30.0
508128.25 3881316.70 30.0
508128.15 3881316.89 30.0
508128.15 3881316.89 30.0
508128.03 3881317.08 30.0
508128.03 3881317.08 30.0
508127.92 3881317.27 30.0
508127.92 3881317.27 30.0
508127.80 3881317.45 30.0
508127.80 3881317.45 30.0
508127.68 3881317.64 30.0
508127.68 3881317.64 30.0
508127.56 3881317.84 30.0
508127.43 3881318.03 30.0
508127.56 3881317.84 30.0
508127.31 3881318.22 30.0
508127.43 3881318.03 30.0
508127.18 3881318.41 30.0
508127.31 3881318.22 30.0
508127.18 3881318.41 30.0
508127.04 3881318.57 30.0
508126.91 3881318.75 30.0
508126.91 3881318.75 30.0
508126.91 3881318.75 30.0
508126.78 3881318.93 30.0
508126.78 3881318.93 30.0
508126.65 3881319.12 30.0
508126.65 3881319.12 30.0
508126.51 3881319.31 30.0
508126.51 3881319.31 30.0
508126.37 3881319.49 30.0
508126.25 3881319.68 30.0
508126.25 3881319.68 30.0
508126.11 3881319.88 30.0
508126.25 3881319.68 30.0
508125.97 3881320.08 30.0
508125.97 3881320.08 30.0
508125.84 3881320.28 30.0
508125.84 3881320.28 30.0
508125.84 3881320.28 30.0
508125.71 3881320.47 30.0
508125.57 3881320.67 30.0
508125.57 3881320.67 30.0
508125.57 3881320.67 30.0
508125.45 3881320.87 30.0
508125.32 3881321.08 30.0
508125.32 3881321.08 30.0
508125.32 3881321.08 30.0
508125.20 3881321.29 30.0
508125.20 3881321.29 30.0
508125.06 3881321.50 30.0
508125.06 3881321.50 30.0
508124.93 3881321.71 30.0
508124.79 3881321.92 30.0
508124.79 3881321.92 30.0
508124.79 3881321.92 30.0
508124.67 3881322.15 30.0
508124.53 3881322.38 30.0
508124.53 3881322.38 30.0
508124.53 3881322.38 30.0
508124.39 3881322.60 30.0
508124.24 3881322.81 30.0
508124.24 3881322.81 30.0
508124.24 3881322.81 30.0
508124.09 3881323.02 30.0
508124.09 3881323.02 30.0
508123.94 3881323.25 30.0
508123.94 3881323.25 30.0
508123.78 3881323.47 30.0
508123.78 3881323.47 30.0
508123.64 3881323.71 30.0
508123.64 3881323.71 30.0
508123.50 3881323.95 30.0
508123.36 3881324.18 30.0
508123.36 3881324.18 30.0
508123.36 3881324.18 30.0
508123.23 3881324.44 30.0
508123.11 3881324.68 30.0
508123.11 3881324.68 30.0
508123.11 3881324.68 30.0
508122.97 3881324.94 30.0
508122.83 3881325.18 30.0
508122.97 3881324.94 30.0
508122.69 3881325.43 30.0
508122.69 3881325.43 30.0
508122.69 3881325.43 30.0
508122.55 3881325.69 30.0
508122.55 3881325.69 30.0
508122.39 3881325.94 30.0
508122.39 3881325.94 30.0
508122.15 3881326.52 30.0
508122.15 3881326.52 30.0
508122.08 3881326.85 30.0
508122.08 3881326.85 30.0
508122.01 3881327.16 30.0
508122.01 3881327.16 30.0
508121.95 3881327.49 30.0
508121.95 3881327.49 30.0
508121.88 3881327.81 30.0
508121.88 3881327.81 30.0
508121.84 3881328.14 30.0
508121.77 3881328.47 30.0
508121.77 3881328.47 30.0
508121.70 3881328.79 30.0
508121.70 3881328.79 30.0
508121.60 3881329.09 30.0
508121.60 3881329.09 30.0
508121.60 3881329.09 30.0
508121.50 3881329.38 30.0
508121.50 3881329.38 30.0
508121.39 3881329.67 30.0
508121.31 3881329.99 30.0
508121.31 3881329.99 30.0
508121.25 3881330.30 30.0
508121.25 3881330.30 30.0
508121.25 3881330.30 30.0
508121.20 3881330.63 30.0
508121.16 3881330.96 30.0
508121.20 3881330.63 30.0
508121.16 3881330.96 30.0
508121.09 3881331.27 30.0
508121.03 3881331.59 30.0
508121.03 3881331.59 30.0
508121.03 3881331.59 30.0
508120.97 3881331.90 30.0
508120.92 3881332.23 30.0
508120.97 3881331.90 30.0
508120.92 3881332.23 30.0
508120.86 3881332.54 30.0
508120.86 3881332.54 30.0
508120.80 3881332.87 30.0
508120.80 3881332.87 30.0
508120.76 3881333.20 30.0
508120.74 3881333.53 30.0
508120.74 3881333.53 30.0
508120.74 3881333.53 30.0
508120.69 3881333.84 30.0
508120.69 3881333.84 30.0
508120.64 3881334.16 30.0
508120.64 3881334.16 30.0
508120.58 3881334.48 30.0
508120.58 3881334.48 30.0
508120.53 3881334.80 30.0
508120.53 3881334.80 30.0
508120.51 3881335.12 30.0
508120.48 3881335.44 30.0
508120.48 3881335.44 30.0
508120.43 3881335.75 30.0
508120.48 3881335.44 30.0
508120.43 3881335.75 30.0
508120.40 3881336.06 30.0
508120.40 3881336.06 30.0
508120.35 3881336.37 30.0
508120.35 3881336.37 30.0
508120.29 3881336.70 30.0
508120.29 3881336.70 30.0
508120.25 3881337.02 30.0
508120.25 3881337.02 30.0
508120.19 3881337.34 30.0
508120.19 3881337.34 30.0
508120.13 3881337.65 30.0
508120.13 3881337.65 30.0
508120.05 3881337.94 30.0
508120.05 3881337.94 30.0
508119.96 3881338.23 30.0
508119.96 3881338.23 30.0
508119.88 3881338.52 30.0
508119.81 3881338.79 30.0
508119.88 3881338.52 30.0
508119.74 3881339.07 30.0
508119.74 3881339.07 30.0
508119.66 3881339.35 30.0
508119.66 3881339.35 30.0
508119.66 3881339.35 30.0
508119.56 3881339.63 30.0
508119.56 3881339.63 30.0
508119.46 3881339.91 30.0
508119.36 3881340.18 30.0
508119.36 3881340.18 30.0
508119.36 3881340.18 30.0
508119.29 3881340.46 30.0
508119.20 3881340.71 30.0
508119.20 3881340.71 30.0
508119.11 3881340.97 30.0
508119.11 3881340.97 30.0
508119.11 3881340.97 30.0
508119.02 3881341.22 30.0
508118.94 3881341.49 30.0
508119.02 3881341.22 30.0
508118.87 3881341.77 30.0
508118.87 3881341.77 30.0
508118.87 3881341.77 30.0
508118.80 3881342.05 30.0
508118.72 3881342.34 30.0
508118.72 3881342.34 30.0
508118.72 3881342.34 30.0
508118.65 3881342.62 30.0
508118.56 3881342.87 30.0
508118.65 3881342.62 30.0
508118.56 3881342.87 30.0
508118.48 3881343.11 30.0
508118.48 3881343.11 30.0
508118.41 3881343.35 30.0
508118.41 3881343.35 30.0
508118.43 3881343.73 30.0
508118.43 3881343.73 30.0
508118.78 3881344.46 30.0
508118.78 3881344.46 30.0
508118.78 3881344.93 30.0
508118.78 3881344.93 30.0
508118.77 3881345.48 30.0
508118.68 3881346.06 30.0
508118.68 3881346.06 30.0
508118.92 3881346.61 30.0
508118.92 3881346.61 30.0
508119.05 3881347.12 30.0
508119.05 3881347.12 30.0
508119.05 3881347.12 30.0
508118.99 3881347.60 30.0
508118.91 3881347.70 30.0
508118.91 3881347.70 30.0
508118.91 3881347.70 30.0
508118.82 3881347.93 30.0
508118.82 3881347.93 30.0
508118.74 3881348.14 30.0
508118.74 3881348.14 30.0
508118.64 3881348.38 30.0
508118.64 3881348.38 30.0
508118.54 3881348.60 30.0
508118.54 3881348.60 30.0
508118.43 3881348.80 30.0
508118.43 3881348.80 30.0
508118.32 3881349.00 30.0
508118.20 3881349.18 30.0
508118.20 3881349.18 30.0
508118.08 3881349.43 30.0
508118.08 3881349.43 30.0
508118.08 3881349.43 30.0
508117.95 3881349.68 30.0
508117.95 3881349.68 30.0
508117.84 3881349.92 30.0
508117.84 3881349.92 30.0
508117.74 3881350.15 30.0
508117.62 3881350.36 30.0
508117.62 3881350.36 30.0
508117.62 3881350.36 30.0
508117.51 3881350.57 30.0
508117.40 3881350.79 30.0
508117.40 3881350.79 30.0
508117.40 3881350.79 30.0
508117.31 3881351.02 30.0
508117.30 3881351.29 30.0
508117.31 3881351.02 30.0
508117.26 3881351.55 30.0
508117.30 3881351.29 30.0
508117.20 3881351.78 30.0
508117.20 3881351.78 30.0
508117.11 3881352.00 30.0
508117.11 3881352.00 30.0
508117.02 3881352.23 30.0
508117.02 3881352.23 30.0
508117.02 3881352.23 30.0
508116.92 3881352.45 30.0
508116.92 3881352.45 30.0
508116.82 3881352.70 30.0
508116.72 3881352.94 30.0
508116.82 3881352.70 30.0
508116.63 3881353.19 30.0
508116.72 3881352.94 30.0
508116.63 3881353.19 30.0
508116.52 3881353.42 30.0
508116.52 3881353.42 30.0
508116.42 3881353.64 30.0
508116.42 3881353.64 30.0
508116.32 3881353.87 30.0
508116.32 3881353.87 30.0
508116.22 3881354.10 30.0
508116.22 3881354.10 30.0
508116.12 3881354.32 30.0
508116.12 3881354.32 30.0
508116.03 3881354.54 30.0
508116.03 3881354.54 30.0
508115.92 3881354.76 30.0
508115.82 3881354.99 30.0
508115.92 3881354.76 30.0
508115.82 3881354.99 30.0
508115.72 3881355.22 30.0
508115.72 3881355.22 30.0
508115.61 3881355.45 30.0
508115.52 3881355.67 30.0
508115.61 3881355.45 30.0
508115.42 3881355.90 30.0
508115.42 3881355.90 30.0
508115.33 3881356.12 30.0
508115.33 3881356.12 30.0
508115.33 3881356.12 30.0
508115.23 3881356.35 30.0
508115.23 3881356.35 30.0
508115.14 3881356.57 30.0
508115.05 3881356.79 30.0
508115.05 3881356.79 30.0
508114.95 3881357.01 30.0
508114.95 3881357.01 30.0
508114.95 3881357.01 30.0
508114.86 3881357.24 30.0
508114.86 3881357.24 30.0
508114.76 3881357.47 30.0
508114.76 3881357.47 30.0
508114.66 3881357.69 30.0
508114.56 3881357.91 30.0
508114.56 3881357.91 30.0
508114.47 3881358.13 30.0
508114.56 3881357.91 30.0
508114.47 3881358.13 30.0
508114.37 3881358.35 30.0
508114.29 3881358.57 30.0
508114.37 3881358.35 30.0
508114.29 3881358.57 30.0
508114.20 3881358.81 30.0
508114.20 3881358.81 30.0
508114.10 3881359.03 30.0
508114.01 3881359.25 30.0
508114.10 3881359.03 30.0
508114.01 3881359.25 30.0
508113.92 3881359.46 30.0
508113.83 3881359.68 30.0
508113.83 3881359.68 30.0
508113.83 3881359.68 30.0
508113.73 3881359.89 30.0
508113.73 3881359.89 30.0
508113.64 3881360.11 30.0
508113.64 3881360.11 30.0
508113.56 3881360.33 30.0
508113.56 3881360.33 30.0
508113.46 3881360.55 30.0
508113.46 3881360.55 30.0
508113.37 3881360.76 30.0
508113.37 3881360.76 30.0
508113.29 3881360.97 30.0
508113.20 3881361.18 30.0
508113.29 3881360.97 30.0
508113.20 3881361.18 30.0
508113.12 3881361.39 30.0
508113.12 3881361.39 30.0
508113.02 3881361.60 30.0
508113.02 3881361.60 30.0
508112.93 3881361.82 30.0
508112.93 3881361.82 30.0
508112.83 3881362.03 30.0
508112.94 3881362.72 30.0
508112.94 3881362.72 30.0
508113.05 3881363.23 30.0
508113.05 3881363.23 30.0
508113.05 3881363.23 30.0
508113.19 3881363.66 30.0
508113.19 3881363.66 30.0
508113.31 3881364.10 30.0
508113.45 3881364.53 30.0
508113.45 3881364.53 30.0
508113.45 3881364.53 30.0
508113.58 3881364.89 30.0
508113.58 3881364.89 30.0
508113.72 3881365.21 30.0
508113.72 3881365.21 30.0
508113.74 3881365.52 30.0
508113.78 3881365.79 30.0
508113.78 3881365.79 30.0
508113.81 3881366.06 30.0
508113.78 3881365.79 30.0
508113.81 3881366.06 30.0
508113.84 3881366.31 30.0
508113.84 3881366.31 30.0
508113.83 3881366.57 30.0
508113.83 3881366.57 30.0
508113.83 3881366.80 30.0
508113.83 3881367.05 30.0
508113.83 3881366.80 30.0
508113.84 3881367.27 30.0
508113.83 3881367.05 30.0
508113.81 3881367.50 30.0
508113.81 3881367.50 30.0
508113.80 3881367.72 30.0
508113.80 3881367.72 30.0
508113.79 3881367.96 30.0
508113.80 3881367.72 30.0
508113.76 3881368.18 30.0
508113.79 3881367.96 30.0
508113.74 3881368.40 30.0
508113.74 3881368.40 30.0
508113.74 3881368.40 30.0
508113.72 3881368.61 30.0
508113.69 3881368.83 30.0
508113.69 3881368.83 30.0
508113.69 3881368.83 30.0
508113.66 3881369.05 30.0
508113.66 3881369.05 30.0
508113.62 3881369.29 30.0
508113.62 3881369.29 30.0
508113.57 3881369.51 30.0
508113.54 3881369.73 30.0
508113.57 3881369.51 30.0
508113.54 3881369.73 30.0
508113.52 3881369.93 30.0
508113.47 3881370.16 30.0
508113.47 3881370.16 30.0
508113.41 3881370.42 30.0
508113.41 3881370.42 30.0
508113.41 3881370.42 30.0
508113.36 3881370.66 30.0
508113.33 3881370.91 30.0
508113.36 3881370.66 30.0
508113.33 3881370.91 30.0
508113.28 3881371.16 30.0
508113.24 3881371.43 30.0
508113.24 3881371.43 30.0
508113.24 3881371.43 30.0
508113.18 3881371.63 30.0
508113.18 3881371.63 30.0
508113.13 3881371.84 30.0
508113.13 3881371.84 30.0
508113.08 3881372.04 30.0
508113.08 3881372.04 30.0
508113.04 3881372.22 30.0
508113.01 3881372.41 30.0
508113.01 3881372.41 30.0
508113.01 3881372.41 30.0
508112.95 3881372.61 30.0
508112.89 3881372.82 30.0
508112.89 3881372.82 30.0
508112.89 3881372.82 30.0
508112.83 3881373.04 30.0
508112.79 3881373.21 30.0
508112.79 3881373.21 30.0
508112.79 3881373.21 30.0
508112.74 3881373.41 30.0
508112.71 3881373.61 30.0
508112.71 3881373.61 30.0
508112.71 3881373.61 30.0
508112.67 3881373.80 30.0
508112.62 3881374.00 30.0
508112.62 3881374.00 30.0
508112.62 3881374.00 30.0
508112.57 3881374.20 30.0
508112.57 3881374.20 30.0
508112.51 3881374.40 30.0
508112.43 3881374.60 30.0
508112.43 3881374.60 30.0
508112.43 3881374.60 30.0
508112.37 3881374.80 30.0
508112.32 3881375.01 30.0
508112.32 3881375.01 30.0
508112.29 3881375.23 30.0
508112.29 3881375.23 30.0
508112.24 3881375.45 30.0
508112.24 3881375.45 30.0
508112.19 3881375.66 30.0
508112.19 3881375.66 30.0
508112.19 3881375.66 30.0
508112.15 3881375.89 30.0
508112.15 3881375.89 30.0
508112.10 3881376.11 30.0
508112.10 3881376.11 30.0
508112.05 3881376.33 30.0
508112.00 3881376.54 30.0
508112.00 3881376.54 30.0
508112.00 3881376.54 30.0
508111.95 3881376.77 30.0
508111.95 3881376.77 30.0
508111.88 3881377.00 30.0
508111.80 3881377.21 30.0
508111.80 3881377.21 30.0
508111.72 3881377.42 30.0
508111.72 3881377.42 30.0
508111.72 3881377.42 30.0
508111.63 3881377.62 30.0
508111.53 3881377.81 30.0
508111.63 3881377.62 30.0
508111.53 3881377.81 30.0
508111.44 3881378.02 30.0
508111.36 3881378.22 30.0
508111.44 3881378.02 30.0
508111.36 3881378.22 30.0
508111.28 3881378.42 30.0
508111.21 3881378.62 30.0
508111.21 3881378.62 30.0
508111.12 3881378.82 30.0
508111.12 3881378.82 30.0
508111.05 3881379.02 30.0
508111.05 3881379.02 30.0
508110.95 3881379.22 30.0
508110.95 3881379.22 30.0
508110.95 3881379.22 30.0
508110.87 3881379.44 30.0
508110.87 3881379.44 30.0
508110.76 3881379.69 30.0
508110.76 3881379.69 30.0
508110.65 3881379.93 30.0
508110.56 3881380.15 30.0
508110.65 3881379.93 30.0
508110.56 3881380.15 30.0
508110.47 3881380.37 30.0
508110.47 3881380.37 30.0
508110.37 3881380.58 30.0
508110.37 3881380.58 30.0
508110.29 3881380.79 30.0
508110.20 3881381.01 30.0
508110.20 3881381.01 30.0
508110.20 3881381.01 30.0
508110.11 3881381.22 30.0
508110.03 3881381.42 30.0
508110.03 3881381.42 30.0
508110.03 3881381.42 30.0
508109.93 3881381.63 30.0
508109.93 3881381.63 30.0
508109.81 3881381.84 30.0
508109.81 3881381.84 30.0
508109.71 3881382.05 30.0
508109.71 3881382.05 30.0
508109.60 3881382.26 30.0
508109.60 3881382.26 30.0
508109.49 3881382.47 30.0
508109.49 3881382.47 30.0
508109.38 3881382.67 30.0
508109.38 3881382.67 30.0
508109.27 3881382.88 30.0
508109.27 3881382.88 30.0
508109.16 3881383.09 30.0
508109.16 3881383.09 30.0
508109.06 3881383.29 30.0
508109.06 3881383.29 30.0
508108.96 3881383.49 30.0
508108.96 3881383.49 30.0
508108.86 3881383.70 30.0
508108.75 3881383.90 30.0
508108.75 3881383.90 30.0
508108.65 3881384.10 30.0
508108.65 3881384.10 30.0
508108.65 3881384.10 30.0
508108.55 3881384.30 30.0
508108.55 3881384.30 30.0
508108.46 3881384.51 30.0
508108.46 3881384.51 30.0
508108.36 3881384.71 30.0
508108.36 3881384.71 30.0
508108.28 3881384.90 30.0
508108.28 3881384.90 30.0
508108.19 3881385.10 30.0
508108.19 3881385.10 30.0
508108.06 3881385.29 30.0
508107.97 3881385.51 30.0
508107.97 3881385.51 30.0
508107.97 3881385.51 30.0
508107.88 3881385.69 30.0
508107.88 3881385.69 30.0
508107.78 3881385.89 30.0
508107.69 3881386.08 30.0
508107.78 3881385.89 30.0
508107.69 3881386.08 30.0
508107.60 3881386.28 30.0
508107.52 3881386.49 30.0
508107.52 3881386.49 30.0
508107.42 3881386.70 30.0
508107.42 3881386.70 30.0
508107.42 3881386.70 30.0
508107.34 3881386.90 30.0
508107.34 3881386.90 30.0
508107.25 3881387.10 30.0
508107.25 3881387.10 30.0
508107.17 3881387.31 30.0
508107.17 3881387.31 30.0
508107.08 3881387.51 30.0
508106.99 3881387.72 30.0
508107.08 3881387.51 30.0
508106.99 3881387.72 30.0
508106.90 3881387.92 30.0
508106.82 3881388.12 30.0
508106.82 3881388.12 30.0
508106.82 3881388.12 30.0
508106.73 3881388.33 30.0
508106.73 3881388.33 30.0
508106.65 3881388.53 30.0
508106.56 3881388.74 30.0
508106.65 3881388.53 30.0
508106.56 3881388.74 30.0
508106.47 3881388.94 30.0
508106.47 3881388.94 30.0
508106.38 3881389.14 30.0
508106.30 3881389.34 30.0
508106.30 3881389.34 30.0
508106.30 3881389.34 30.0
508106.21 3881389.55 30.0
508106.12 3881389.75 30.0
508106.12 3881389.75 30.0
508106.03 3881389.95 30.0
508106.12 3881389.75 30.0
508106.03 3881389.95 30.0
508105.93 3881390.16 30.0
508105.93 3881390.16 30.0
508105.84 3881390.36 30.0
508105.84 3881390.36 30.0
508105.75 3881390.56 30.0
508105.67 3881390.78 30.0
508105.75 3881390.56 30.0
508105.67 3881390.78 30.0
508105.58 3881390.98 30.0
508105.58 3881390.98 30.0
508105.50 3881391.15 30.0
508105.50 3881391.15 30.0
508105.41 3881391.31 30.0
508105.41 3881391.31 30.0
508105.32 3881391.49 30.0
508105.32 3881391.49 30.0
508105.24 3881391.68 30.0
508105.15 3881391.85 30.0
508105.15 3881391.85 30.0
508105.15 3881391.85 30.0
508105.06 3881392.01 30.0
508105.06 3881392.01 30.0
508104.97 3881392.20 30.0
508104.86 3881392.39 30.0
508104.97 3881392.20 30.0
508104.86 3881392.39 30.0
508104.77 3881392.58 30.0
508104.77 3881392.58 30.0
508104.67 3881392.78 30.0
508104.67 3881392.78 30.0
508104.57 3881392.98 30.0
508104.57 3881392.98 30.0
508104.49 3881393.18 30.0
508104.49 3881393.18 30.0
508104.41 3881393.36 30.0
508104.32 3881393.56 30.0
508104.32 3881393.56 30.0
508104.32 3881393.56 30.0
508104.23 3881393.74 30.0
508104.13 3881393.94 30.0
508104.23 3881393.74 30.0
508104.13 3881393.94 30.0
508104.02 3881394.13 30.0
508104.02 3881394.13 30.0
508103.92 3881394.33 30.0
508103.92 3881394.33 30.0
508103.83 3881394.52 30.0
508103.83 3881394.52 30.0
508103.73 3881394.71 30.0
508103.65 3881394.88 30.0
508103.65 3881394.88 30.0
508103.65 3881394.88 30.0
508103.55 3881395.08 30.0
508103.55 3881395.08 30.0
508103.44 3881395.27 30.0
508103.44 3881395.27 30.0
508103.34 3881395.46 30.0
508103.34 3881395.46 30.0
508103.24 3881395.66 30.0
508103.24 3881395.66 30.0
508103.13 3881395.85 30.0
508103.13 3881395.85 30.0
508103.01 3881396.03 30.0
508103.01 3881396.03 30.0
508102.92 3881396.20 30.0
508102.92 3881396.20 30.0
508102.81 3881396.37 30.0
508102.70 3881396.54 30.0
508102.70 3881396.54 30.0
508102.58 3881396.69 30.0
508102.58 3881396.69 30.0
508102.48 3881396.89 30.0
508102.48 3881396.89 30.0
508102.37 3881397.07 30.0
508102.37 3881397.07 30.0
508102.25 3881397.27 30.0
508102.25 3881397.27 30.0
508102.14 3881397.47 30.0
508102.14 3881397.47 30.0
508102.14 3881397.47 30.0
508102.04 3881397.64 30.0
508102.04 3881397.64 30.0
508101.93 3881397.83 30.0
508101.81 3881398.03 30.0
508101.93 3881397.83 30.0
508101.81 3881398.03 30.0
508101.68 3881398.23 30.0
508101.68 3881398.23 30.0
508101.59 3881398.44 30.0
508101.49 3881398.65 30.0
508101.49 3881398.65 30.0
508101.49 3881398.65 30.0
508101.40 3881398.85 30.0
508101.40 3881398.85 30.0
508101.29 3881399.05 30.0
508101.29 3881399.05 30.0
508101.18 3881399.25 30.0
508101.07 3881399.45 30.0
508101.18 3881399.25 30.0
508100.95 3881399.65 30.0
508101.07 3881399.45 30.0
508100.95 3881399.65 30.0
508100.83 3881399.85 30.0
508100.71 3881400.05 30.0
508100.71 3881400.05 30.0
508100.62 3881400.26 30.0
508100.71 3881400.05 30.0
508100.62 3881400.26 30.0
508100.46 3881400.46 30.0
508100.46 3881400.46 30.0
508100.26 3881400.67 30.0
508100.06 3881400.89 30.0
508100.06 3881400.89 30.0
508100.06 3881400.89 30.0
508099.84 3881401.08 30.0
508099.84 3881401.08 30.0
508099.64 3881401.28 30.0
508099.48 3881401.47 30.0
508099.48 3881401.47 30.0
508099.48 3881401.47 30.0
508099.31 3881401.64 30.0
508099.14 3881401.80 30.0
508099.31 3881401.64 30.0
508098.97 3881401.97 30.0
508099.14 3881401.80 30.0
508098.97 3881401.97 30.0
508098.80 3881402.12 30.0
508098.65 3881402.29 30.0
508098.65 3881402.29 30.0
508098.51 3881402.46 30.0
508098.51 3881402.46 30.0
508098.37 3881402.63 30.0
508098.37 3881402.63 30.0
508098.37 3881402.63 30.0
508098.25 3881402.81 30.0
508098.25 3881402.81 30.0
508098.10 3881402.99 30.0
508098.10 3881402.99 30.0
508097.97 3881403.16 30.0
508097.97 3881403.16 30.0
508097.83 3881403.34 30.0
508097.83 3881403.34 30.0
508097.69 3881403.52 30.0
508097.55 3881403.71 30.0
508097.55 3881403.71 30.0
508097.43 3881403.88 30.0
508097.55 3881403.71 30.0
508097.31 3881404.06 30.0
508097.31 3881404.06 30.0
508097.18 3881404.24 30.0
508097.18 3881404.24 30.0
508097.18 3881404.24 30.0
508097.05 3881404.41 30.0
508097.05 3881404.41 30.0
508096.92 3881404.58 30.0
508096.81 3881404.76 30.0
508096.81 3881404.76 30.0
508096.81 3881404.76 30.0
508096.68 3881404.94 30.0
508096.68 3881404.94 30.0
508096.55 3881405.10 30.0
508096.43 3881405.27 30.0
508096.55 3881405.10 30.0
508096.31 3881405.45 30.0
508096.31 3881405.45 30.0
508096.19 3881405.62 30.0
508096.31 3881405.45 30.0
508096.07 3881405.80 30.0
508096.19 3881405.62 30.0
508096.07 3881405.80 30.0
508095.96 3881405.97 30.0
508095.96 3881405.97 30.0
508095.86 3881406.13 30.0
508095.86 3881406.13 30.0
508095.76 3881406.30 30.0
508095.76 3881406.30 30.0
508095.65 3881406.47 30.0
508095.65 3881406.47 30.0
508095.55 3881406.63 30.0
508095.44 3881406.80 30.0
508095.55 3881406.63 30.0
508095.34 3881406.96 30.0
508095.34 3881406.96 30.0
508095.34 3881406.96 30.0
508095.23 3881407.13 30.0
508095.23 3881407.13 30.0
508095.13 3881407.30 30.0
508095.13 3881407.30 30.0
508095.03 3881407.46 30.0
508095.03 3881407.46 30.0
508094.93 3881407.64 30.0
508094.83 3881407.80 30.0
508094.83 3881407.80 30.0
508094.83 3881407.80 30.0
508094.74 3881407.96 30.0
508094.74 3881407.96 30.0
508094.64 3881408.13 30.0
508094.64 3881408.13 30.0
508094.54 3881408.29 30.0
508094.54 3881408.29 30.0
508094.44 3881408.46 30.0
508094.44 3881408.46 30.0
508094.35 3881408.63 30.0
508094.35 3881408.63 30.0
508094.25 3881408.79 30.0
508094.15 3881408.96 30.0
508094.15 3881408.96 30.0
508094.15 3881408.96 30.0
508093.95 3881409.29 30.0
508093.95 3881409.29 30.0
508093.85 3881409.46 30.0
508093.85 3881409.46 30.0
508093.75 3881409.62 30.0
508093.64 3881409.79 30.0
508093.75 3881409.62 30.0
508093.54 3881409.96 30.0
508093.54 3881409.96 30.0
508093.43 3881410.12 30.0
508093.43 3881410.12 30.0
508093.43 3881410.12 30.0
508093.33 3881410.29 30.0
508093.23 3881410.46 30.0
508093.23 3881410.46 30.0
508093.23 3881410.46 30.0
508093.11 3881410.62 30.0
508093.00 3881410.80 30.0
508093.00 3881410.80 30.0
508093.00 3881410.80 30.0
508092.90 3881410.97 30.0
508092.79 3881411.14 30.0
508092.79 3881411.14 30.0
508092.68 3881411.31 30.0
508092.68 3881411.31 30.0
508092.57 3881411.48 30.0
508092.57 3881411.48 30.0
508092.57 3881411.48 30.0
508092.47 3881411.64 30.0
508092.36 3881411.82 30.0
508092.36 3881411.82 30.0
508092.26 3881411.98 30.0
508092.36 3881411.82 30.0
508092.15 3881412.16 30.0
508092.15 3881412.16 30.0
508092.15 3881412.16 30.0
508092.04 3881412.33 30.0
508091.93 3881412.51 30.0
508091.93 3881412.51 30.0
508091.93 3881412.51 30.0
508091.83 3881412.67 30.0
508091.72 3881412.85 30.0
508091.83 3881412.67 30.0
508091.61 3881413.02 30.0
508091.72 3881412.85 30.0
508091.61 3881413.02 30.0
508091.52 3881413.19 30.0
508091.42 3881413.38 30.0
508091.42 3881413.38 30.0
508091.33 3881413.56 30.0
508091.33 3881413.56 30.0
508091.23 3881413.74 30.0
508091.23 3881413.74 30.0
508091.13 3881413.91 30.0
508091.13 3881413.91 30.0
508091.13 3881413.91 30.0
508091.03 3881414.09 30.0
508090.93 3881414.27 30.0
508090.93 3881414.27 30.0
508090.82 3881414.43 30.0
508090.82 3881414.43 30.0
508090.82 3881414.43 30.0
508090.72 3881414.61 30.0
508090.72 3881414.61 30.0
508090.62 3881414.79 30.0
508090.62 3881414.79 30.0
508090.52 3881414.97 30.0
508090.52 3881414.97 30.0
508090.41 3881415.14 30.0
508090.41 3881415.14 30.0
508090.32 3881415.31 30.0
508090.32 3881415.31 30.0
508090.21 3881415.48 30.0
508090.11 3881415.65 30.0
508090.21 3881415.48 30.0
508090.01 3881415.82 30.0
508090.11 3881415.65 30.0
508089.91 3881416.00 30.0
508090.01 3881415.82 30.0
508089.80 3881416.16 30.0
508089.80 3881416.16 30.0
508089.70 3881416.34 30.0
508089.70 3881416.34 30.0
508089.70 3881416.34 30.0
508089.59 3881416.51 30.0
508089.50 3881416.66 30.0
508089.50 3881416.66 30.0
508089.39 3881416.83 30.0
508089.39 3881416.83 30.0
508089.28 3881417.01 30.0
508089.39 3881416.83 30.0
508089.28 3881417.01 30.0
508089.17 3881417.17 30.0
508089.17 3881417.17 30.0
508089.06 3881417.35 30.0
508089.06 3881417.35 30.0
508088.96 3881417.53 30.0
508088.85 3881417.70 30.0
508088.85 3881417.70 30.0
508088.74 3881417.88 30.0
508088.74 3881417.88 30.0
508088.63 3881418.05 30.0
508088.63 3881418.05 30.0
508088.53 3881418.24 30.0
508088.53 3881418.24 30.0
508088.43 3881418.40 30.0
508088.53 3881418.24 30.0
508088.34 3881418.58 30.0
508088.34 3881418.58 30.0
508088.24 3881418.76 30.0
508088.24 3881418.76 30.0
508088.24 3881418.76 30.0
508088.14 3881418.92 30.0
508088.04 3881419.10 30.0
508088.04 3881419.10 30.0
508088.04 3881419.10 30.0
508087.94 3881419.28 30.0
508087.94 3881419.28 30.0
508087.85 3881419.46 30.0
508087.75 3881419.63 30.0
508087.85 3881419.46 30.0
508087.65 3881419.81 30.0
508087.75 3881419.63 30.0
508087.65 3881419.81 30.0
508087.56 3881419.99 30.0
508087.46 3881420.16 30.0
508087.56 3881419.99 30.0
508087.36 3881420.35 30.0
508087.36 3881420.35 30.0
508087.26 3881420.53 30.0
508087.26 3881420.53 30.0
508087.26 3881420.53 30.0
508087.16 3881420.71 30.0
508087.06 3881420.90 30.0
508087.06 3881420.90 30.0
508087.06 3881420.90 30.0
508086.97 3881421.08 30.0
508086.88 3881421.26 30.0
508086.88 3881421.26 30.0
508086.77 3881421.45 30.0
508086.88 3881421.26 30.0
508086.68 3881421.64 30.0
508086.68 3881421.64 30.0
508086.68 3881421.64 30.0
508086.58 3881421.82 30.0
508086.58 3881421.82 30.0
508086.38 3881422.18 30.0
508086.38 3881422.18 30.0
508086.29 3881422.36 30.0
508086.29 3881422.36 30.0
508086.19 3881422.55 30.0
508086.19 3881422.55 30.0
508086.09 3881422.73 30.0
508086.09 3881422.73 30.0
508085.99 3881422.91 30.0
508085.89 3881423.10 30.0
508085.89 3881423.10 30.0
508085.79 3881423.28 30.0
508085.79 3881423.28 30.0
508085.79 3881423.28 30.0
508085.69 3881423.46 30.0
508085.59 3881423.65 30.0
508085.59 3881423.65 30.0
508085.59 3881423.65 30.0
508085.49 3881423.82 30.0
508085.49 3881423.82 30.0
508085.39 3881424.00 30.0
508085.39 3881424.00 30.0
508085.29 3881424.19 30.0
508085.19 3881424.37 30.0
508085.29 3881424.19 30.0
508085.09 3881424.55 30.0
508085.09 3881424.55 30.0
508084.99 3881424.74 30.0
508084.99 3881424.74 30.0
508084.99 3881424.74 30.0
508084.90 3881424.92 30.0
508084.90 3881424.92 30.0
508084.80 3881425.11 30.0
508084.71 3881425.30 30.0
508084.71 3881425.30 30.0
508084.61 3881425.49 30.0
508084.61 3881425.49 30.0
508084.51 3881425.67 30.0
508084.51 3881425.67 30.0
508084.41 3881425.85 30.0
508084.41 3881425.85 30.0
508084.41 3881425.85 30.0
508084.31 3881426.04 30.0
508084.31 3881426.04 30.0
508084.20 3881426.23 30.0
508084.10 3881426.41 30.0
508084.10 3881426.41 30.0
508084.10 3881426.41 30.0
508083.89 3881426.77 30.0
508083.78 3881426.95 30.0
508083.89 3881426.77 30.0
508083.68 3881427.13 30.0
508083.68 3881427.13 30.0
508083.68 3881427.13 30.0
508083.57 3881427.30 30.0
508083.57 3881427.30 30.0
508083.47 3881427.49 30.0
508083.47 3881427.49 30.0
508083.36 3881427.68 30.0
508083.36 3881427.68 30.0
508083.26 3881427.86 30.0
508083.26 3881427.86 30.0
508083.15 3881428.05 30.0
508083.15 3881428.05 30.0
508083.04 3881428.22 30.0
508083.04 3881428.22 30.0
508082.92 3881428.41 30.0
508082.92 3881428.41 30.0
508082.81 3881428.59 30.0
508082.81 3881428.59 30.0
508082.70 3881428.78 30.0
508082.70 3881428.78 30.0
508082.58 3881428.95 30.0
508082.58 3881428.95 30.0
508082.46 3881429.13 30.0
508082.46 3881429.13 30.0
508082.34 3881429.32 30.0
508082.22 3881429.50 30.0
508082.34 3881429.32 30.0
508082.10 3881429.68 30.0
508082.22 3881429.50 30.0
508081.98 3881429.86 30.0
508081.98 3881429.86 30.0
508081.86 3881430.04 30.0
508081.86 3881430.04 30.0
508081.86 3881430.04 30.0
508081.73 3881430.22 30.0
508081.61 3881430.41 30.0
508081.61 3881430.41 30.0
508081.61 3881430.41 30.0
508081.49 3881430.60 30.0
508081.37 3881430.77 30.0
508081.37 3881430.77 30.0
508081.26 3881430.96 30.0
508081.26 3881430.96 30.0
508081.13 3881431.14 30.0
508081.26 3881430.96 30.0
508081.13 3881431.14 30.0
508081.01 3881431.33 30.0
508081.01 3881431.33 30.0
508080.89 3881431.51 30.0
508080.77 3881431.69 30.0
508080.89 3881431.51 30.0
508080.77 3881431.69 30.0
508080.64 3881431.88 30.0
508080.64 3881431.88 30.0
508080.52 3881432.06 30.0
508080.52 3881432.06 30.0
508080.39 3881432.25 30.0
508080.27 3881432.42 30.0
508080.27 3881432.42 30.0
508080.27 3881432.42 30.0
508080.13 3881432.60 30.0
508080.13 3881432.60 30.0
508080.01 3881432.79 30.0
508080.01 3881432.79 30.0
508079.89 3881432.97 30.0
508079.89 3881432.97 30.0
508079.77 3881433.14 30.0
508079.77 3881433.14 30.0
508079.65 3881433.32 30.0
508079.52 3881433.51 30.0
508079.52 3881433.51 30.0
508079.40 3881433.69 30.0
508079.40 3881433.69 30.0
508079.40 3881433.69 30.0
508079.27 3881433.86 30.0
508079.27 3881433.86 30.0
508079.02 3881434.21 30.0
508078.89 3881434.39 30.0
508079.02 3881434.21 30.0
508078.89 3881434.39 30.0
508078.76 3881434.55 30.0
508078.76 3881434.55 30.0
508078.64 3881434.73 30.0
508078.64 3881434.73 30.0
508078.52 3881434.90 30.0
508078.52 3881434.90 30.0
508078.39 3881435.06 30.0
508078.39 3881435.06 30.0
508078.27 3881435.23 30.0
508078.15 3881435.41 30.0
508078.27 3881435.23 30.0
508078.03 3881435.57 30.0
508078.15 3881435.41 30.0
508078.03 3881435.57 30.0
508077.91 3881435.75 30.0
508077.91 3881435.75 30.0
508077.79 3881435.91 30.0
508077.79 3881435.91 30.0
508077.67 3881436.08 30.0
508077.67 3881436.08 30.0
508077.54 3881436.25 30.0
508077.54 3881436.25 30.0
508077.41 3881436.41 30.0
508077.41 3881436.41 30.0
508077.29 3881436.57 30.0
508077.16 3881436.75 30.0
508077.29 3881436.57 30.0
508077.02 3881436.91 30.0
508077.02 3881436.91 30.0
508077.02 3881436.91 30.0
508076.90 3881437.08 30.0
508076.90 3881437.08 30.0
508076.77 3881437.24 30.0
508076.66 3881437.43 30.0
508076.66 3881437.43 30.0
508076.66 3881437.43 30.0
508076.55 3881437.63 30.0
508076.43 3881437.81 30.0
508076.55 3881437.63 30.0
508076.30 3881437.98 30.0
508076.30 3881437.98 30.0
508076.19 3881438.15 30.0
508076.19 3881438.15 30.0
508076.06 3881438.32 30.0
508076.06 3881438.32 30.0
508075.94 3881438.49 30.0
508076.06 3881438.32 30.0
508075.82 3881438.66 30.0
508075.82 3881438.66 30.0
508075.71 3881438.84 30.0
508075.71 3881438.84 30.0
508075.59 3881439.01 30.0
508075.59 3881439.01 30.0
508075.47 3881439.17 30.0
508075.59 3881439.01 30.0
508075.33 3881439.33 30.0
508075.33 3881439.33 30.0
508075.33 3881439.33 30.0
508075.20 3881439.49 30.0
508075.06 3881439.64 30.0
508075.06 3881439.64 30.0
508075.06 3881439.64 30.0
508074.91 3881439.76 30.0
508074.91 3881439.76 30.0
508074.77 3881439.90 30.0
508074.65 3881440.06 30.0
508074.65 3881440.06 30.0
508074.65 3881440.06 30.0
508074.50 3881440.20 30.0
508074.34 3881440.34 30.0
508074.34 3881440.34 30.0
508074.34 3881440.34 30.0
508074.18 3881440.46 30.0
508074.03 3881440.59 30.0
508074.03 3881440.59 30.0
508074.03 3881440.59 30.0
508073.88 3881440.72 30.0
508073.88 3881440.72 30.0
508073.71 3881440.85 30.0
508073.71 3881440.85 30.0
508073.53 3881440.97 30.0
508073.37 3881441.10 30.0
508073.53 3881440.97 30.0
508073.37 3881441.10 30.0
508073.21 3881441.22 30.0
508073.21 3881441.22 30.0
508073.04 3881441.34 30.0
508072.87 3881441.47 30.0
508072.87 3881441.47 30.0
508072.87 3881441.47 30.0
508072.69 3881441.59 30.0
508072.55 3881441.72 30.0
508072.69 3881441.59 30.0
508072.37 3881441.82 30.0
508072.55 3881441.72 30.0
508072.11 3881441.87 30.0
508072.37 3881441.82 30.0
508072.11 3881441.87 30.0
508071.86 3881441.92 30.0
508071.60 3881441.98 30.0
508071.86 3881441.92 30.0
508071.60 3881441.98 30.0
508071.34 3881442.01 30.0
508071.05 3881442.03 30.0
508071.05 3881442.03 30.0
508071.05 3881442.03 30.0
508070.80 3881442.07 30.0
508070.80 3881442.07 30.0
508070.53 3881442.12 30.0
508070.27 3881442.14 30.0
508070.53 3881442.12 30.0
508070.27 3881442.14 30.0
508070.04 3881442.21 30.0
508069.82 3881442.27 30.0
508069.82 3881442.27 30.0
508069.82 3881442.27 30.0
508069.59 3881442.31 30.0
508069.36 3881442.35 30.0
508069.59 3881442.31 30.0
508069.13 3881442.38 30.0
508069.13 3881442.38 30.0
508068.87 3881442.41 30.0
508068.87 3881442.41 30.0
508068.87 3881442.41 30.0
508068.60 3881442.42 30.0
508068.31 3881442.41 30.0
508068.60 3881442.42 30.0
508068.03 3881442.38 30.0
508068.31 3881442.41 30.0
508067.73 3881442.37 30.0
508067.73 3881442.37 30.0
508067.73 3881442.37 30.0
508067.44 3881442.36 30.0
508067.44 3881442.36 30.0
508067.16 3881442.34 30.0
508066.87 3881442.32 30.0
508066.87 3881442.32 30.0
508066.87 3881442.32 30.0
508066.58 3881442.28 30.0
508066.29 3881442.24 30.0
508066.29 3881442.24 30.0
508066.00 3881442.20 30.0
508066.29 3881442.24 30.0
508066.00 3881442.20 30.0
508065.73 3881442.17 30.0
508065.73 3881442.17 30.0
508065.48 3881442.15 30.0
508065.23 3881442.11 30.0
508065.23 3881442.11 30.0
508064.99 3881442.10 30.0
508064.99 3881442.10 30.0
508064.99 3881442.10 30.0
508064.76 3881442.08 30.0
508064.53 3881442.07 30.0
508064.76 3881442.08 30.0
508064.31 3881442.05 30.0
508064.31 3881442.05 30.0
508064.08 3881442.02 30.0
508064.31 3881442.05 30.0
508063.86 3881442.00 30.0
508063.86 3881442.00 30.0
508063.62 3881441.96 30.0
508063.86 3881442.00 30.0
508063.40 3881441.91 30.0
508063.40 3881441.91 30.0
508063.16 3881441.86 30.0
508063.16 3881441.86 30.0
508062.91 3881441.79 30.0
508062.91 3881441.79 30.0
508062.91 3881441.79 30.0
508062.68 3881441.75 30.0
508062.68 3881441.75 30.0
508062.43 3881441.69 30.0
508062.16 3881441.62 30.0
508062.16 3881441.62 30.0
508062.16 3881441.62 30.0
508061.91 3881441.59 30.0
508061.91 3881441.59 30.0
508061.67 3881441.53 30.0
508061.67 3881441.53 30.0
508061.43 3881441.48 30.0
508061.43 3881441.48 30.0
508061.19 3881441.43 30.0
508061.19 3881441.43 30.0
508060.96 3881441.40 30.0
508060.72 3881441.33 30.0
508060.72 3881441.33 30.0
508060.72 3881441.33 30.0
508060.44 3881441.22 30.0
508060.44 3881441.22 30.0
508060.18 3881441.13 30.0
508059.93 3881441.03 30.0
508060.18 3881441.13 30.0
508059.93 3881441.03 30.0
508059.67 3881440.92 30.0
508059.67 3881440.92 30.0
508059.42 3881440.84 30.0
508059.42 3881440.84 30.0
508059.17 3881440.77 30.0
508058.91 3881440.68 30.0
508058.91 3881440.68 30.0
508058.65 3881440.57 30.0
508058.65 3881440.57 30.0
508058.65 3881440.57 30.0
508058.38 3881440.48 30.0
508058.14 3881440.38 30.0
508058.14 3881440.38 30.0
508058.14 3881440.38 30.0
508057.88 3881440.27 30.0
508057.63 3881440.18 30.0
508057.63 3881440.18 30.0
508057.63 3881440.18 30.0
508057.38 3881440.10 30.0
508057.38 3881440.10 30.0
508057.13 3881440.03 30.0
508057.13 3881440.03 30.0
508056.89 3881439.93 30.0
508056.89 3881439.93 30.0
508056.63 3881439.84 30.0
508056.63 3881439.84 30.0
508056.39 3881439.73 30.0
508056.39 3881439.73 30.0
508056.14 3881439.63 30.0
508056.14 3881439.63 30.0
508055.90 3881439.53 30.0
508055.67 3881439.43 30.0
508055.67 3881439.43 30.0
508055.67 3881439.43 30.0
508055.43 3881439.33 30.0
508055.43 3881439.33 30.0
508055.18 3881439.24 30.0
508055.18 3881439.24 30.0
508054.96 3881439.17 30.0
508054.96 3881439.17 30.0
508054.73 3881439.07 30.0
508054.51 3881438.97 30.0
508054.51 3881438.97 30.0
508054.28 3881438.87 30.0
508054.51 3881438.97 30.0
508054.28 3881438.87 30.0
508054.05 3881438.74 30.0
508054.05 3881438.74 30.0
508053.81 3881438.60 30.0
508053.81 3881438.60 30.0
508053.56 3881438.46 30.0
508053.34 3881438.34 30.0
508053.56 3881438.46 30.0
508053.10 3881438.22 30.0
508053.10 3881438.22 30.0
508053.10 3881438.22 30.0
508052.87 3881438.13 30.0
508052.67 3881438.07 30.0
508052.67 3881438.07 30.0
508052.67 3881438.07 30.0
508052.47 3881437.97 30.0
508052.47 3881437.97 30.0
508052.26 3881437.90 30.0
508052.26 3881437.90 30.0
508052.05 3881437.80 30.0
508052.05 3881437.80 30.0
508051.85 3881437.71 30.0
508051.63 3881437.62 30.0
508051.63 3881437.62 30.0
508051.63 3881437.62 30.0
508051.43 3881437.53 30.0
508051.43 3881437.53 30.0
508051.22 3881437.45 30.0
508051.22 3881437.45 30.0
508051.02 3881437.38 30.0
508051.02 3881437.38 30.0
508050.82 3881437.28 30.0
508050.82 3881437.28 30.0
508050.60 3881437.18 30.0
508050.39 3881437.08 30.0
508050.60 3881437.18 30.0
508050.39 3881437.08 30.0
508050.16 3881436.98 30.0
508050.16 3881436.98 30.0
508049.93 3881436.88 30.0
508049.72 3881436.75 30.0
508049.93 3881436.88 30.0
508049.72 3881436.75 30.0
508049.49 3881436.65 30.0
508049.49 3881436.65 30.0
508049.28 3881436.52 30.0
508049.07 3881436.42 30.0
508049.07 3881436.42 30.0
508049.07 3881436.42 30.0
508048.85 3881436.31 30.0
508048.85 3881436.31 30.0
508048.63 3881436.16 30.0
508048.63 3881436.16 30.0
508048.40 3881436.01 30.0
508048.40 3881436.01 30.0
508048.18 3881435.88 30.0
508047.95 3881435.74 30.0
508047.95 3881435.74 30.0
508047.73 3881435.62 30.0
508047.73 3881435.62 30.0
508047.51 3881435.50 30.0
508047.51 3881435.50 30.0
508047.51 3881435.50 30.0
508047.28 3881435.40 30.0
508047.28 3881435.40 30.0
508047.03 3881435.29 30.0
508046.78 3881435.18 30.0
508046.78 3881435.18 30.0
508046.54 3881435.08 30.0
508046.54 3881435.08 30.0
508046.54 3881435.08 30.0
508046.33 3881434.97 30.0
508046.33 3881434.97 30.0
508046.09 3881434.86 30.0
508046.09 3881434.86 30.0
508045.85 3881434.73 30.0
508045.85 3881434.73 30.0
508045.63 3881434.61 30.0
508045.63 3881434.61 30.0
508045.41 3881434.49 30.0
508045.41 3881434.49 30.0
508045.20 3881434.37 30.0
508045.20 3881434.37 30.0
508044.99 3881434.22 30.0
508044.99 3881434.22 30.0
508044.79 3881434.11 30.0
508044.57 3881433.97 30.0
508044.57 3881433.97 30.0
508044.36 3881433.84 30.0
508044.36 3881433.84 30.0
508044.36 3881433.84 30.0
508044.15 3881433.73 30.0
508043.95 3881433.58 30.0
508044.15 3881433.73 30.0
508043.74 3881433.44 30.0
508043.95 3881433.58 30.0
508043.74 3881433.44 30.0
508043.53 3881433.31 30.0
508043.31 3881433.17 30.0
508043.53 3881433.31 30.0
508043.31 3881433.17 30.0
508043.11 3881433.05 30.0
508043.11 3881433.05 30.0
508042.90 3881432.93 30.0
508042.90 3881432.93 30.0
508042.70 3881432.81 30.0
508042.70 3881432.81 30.0
508042.49 3881432.70 30.0
508042.49 3881432.70 30.0
508042.28 3881432.56 30.0
508042.28 3881432.56 30.0
508042.08 3881432.45 30.0
508042.08 3881432.45 30.0
508041.87 3881432.33 30.0
508041.87 3881432.33 30.0
508041.67 3881432.26 30.0
508041.67 3881432.26 30.0
508041.47 3881432.17 30.0
508041.47 3881432.17 30.0
508041.28 3881432.08 30.0
508041.28 3881432.08 30.0
508041.05 3881431.96 30.0
508041.05 3881431.96 30.0
508040.83 3881431.86 30.0
508040.83 3881431.86 30.0
508040.62 3881431.76 30.0
508040.41 3881431.69 30.0
508040.41 3881431.69 30.0
508040.41 3881431.69 30.0
508040.23 3881431.63 30.0
508040.23 3881431.63 30.0
508040.02 3881431.55 30.0
508040.02 3881431.55 30.0
508039.81 3881431.49 30.0
508039.81 3881431.49 30.0
508039.60 3881431.43 30.0
508039.41 3881431.36 30.0
508039.60 3881431.43 30.0
508039.21 3881431.30 30.0
508039.41 3881431.36 30.0
508039.02 3881431.23 30.0
508039.21 3881431.30 30.0
508039.02 3881431.23 30.0
508038.81 3881431.19 30.0
508038.61 3881431.14 30.0
508038.61 3881431.14 30.0
508038.61 3881431.14 30.0
508038.41 3881431.09 30.0
508038.21 3881431.00 30.0
508038.21 3881431.00 30.0
508038.03 3881430.93 30.0
508038.03 3881430.93 30.0
508037.85 3881430.87 30.0
508037.85 3881430.87 30.0
508037.67 3881430.78 30.0
508037.85 3881430.87 30.0
508037.67 3881430.78 30.0
508037.49 3881430.70 30.0
508037.49 3881430.70 30.0
508037.31 3881430.62 30.0
508037.31 3881430.62 30.0
508037.13 3881430.56 30.0
508037.13 3881430.56 30.0
508036.96 3881430.47 30.0
508036.96 3881430.47 30.0
508036.79 3881430.40 30.0
508036.79 3881430.40 30.0
508036.63 3881430.30 30.0
508036.44 3881430.21 30.0
508036.63 3881430.30 30.0
508036.64 3881429.35 30.0
508036.64 3881429.35 30.0
508036.57 3881428.63 30.0
508036.57 3881428.63 30.0
508036.57 3881428.63 30.0
508036.59 3881428.04 30.0
508036.55 3881427.65 30.0
508036.59 3881428.04 30.0
508036.55 3881427.65 30.0
508036.44 3881427.33 30.0
508036.37 3881426.97 30.0
508036.37 3881426.97 30.0
508036.37 3881426.97 30.0
508036.28 3881426.53 30.0
508036.18 3881426.14 30.0
508036.18 3881426.14 30.0
508036.18 3881426.14 30.0
508036.08 3881425.80 30.0
508036.08 3881425.80 30.0
508035.98 3881425.43 30.0
508035.89 3881425.07 30.0
508035.98 3881425.43 30.0
508035.89 3881425.07 30.0
508035.81 3881424.74 30.0
508035.81 3881424.74 30.0
508035.50 3881424.19 30.0
508035.50 3881424.19 30.0
508035.35 3881423.92 30.0
508035.20 3881423.68 30.0
508035.20 3881423.68 30.0
508035.20 3881423.68 30.0
508035.06 3881423.45 30.0
508035.06 3881423.45 30.0
508034.91 3881423.22 30.0
508034.91 3881423.22 30.0
508034.79 3881422.99 30.0
508034.79 3881422.99 30.0
508034.65 3881422.68 30.0
508034.49 3881422.35 30.0
508034.65 3881422.68 30.0
508034.49 3881422.35 30.0
508034.26 3881422.03 30.0
508034.26 3881422.03 30.0
508034.13 3881421.85 30.0
508034.13 3881421.85 30.0
508033.64 3881423.02 30.0
508033.64 3881423.02 30.0
508033.35 3881423.45 30.0
508033.35 3881423.45 30.0
508033.12 3881423.67 30.0
508033.12 3881423.67 30.0
508032.90 3881423.80 30.0
508032.70 3881423.88 30.0
508032.70 3881423.88 30.0
508032.50 3881423.93 30.0
508032.50 3881423.93 30.0
508032.50 3881423.93 30.0
508032.30 3881423.96 30.0
508032.11 3881423.98 30.0
508032.11 3881423.98 30.0
508032.11 3881423.98 30.0
508031.92 3881424.00 30.0
508031.92 3881424.00 30.0
508031.74 3881424.00 30.0
508031.55 3881423.97 30.0
508031.55 3881423.97 30.0
508031.55 3881423.97 30.0
508031.37 3881423.96 30.0
508031.37 3881423.96 30.0
508031.17 3881423.95 30.0
508031.17 3881423.95 30.0
508030.99 3881423.92 30.0
508030.99 3881423.92 30.0
508030.81 3881423.89 30.0
508030.62 3881423.84 30.0
508030.81 3881423.89 30.0
508030.62 3881423.84 30.0
508030.45 3881423.82 30.0
508030.26 3881423.77 30.0
508030.26 3881423.77 30.0
508030.26 3881423.77 30.0
508030.08 3881423.73 30.0
508029.90 3881423.71 30.0
508030.08 3881423.73 30.0
508029.90 3881423.71 30.0
508029.72 3881423.64 30.0
508029.72 3881423.64 30.0
508029.53 3881423.61 30.0
508029.53 3881423.61 30.0
508029.36 3881423.55 30.0
508029.36 3881423.55 30.0
508029.18 3881423.52 30.0
508029.18 3881423.52 30.0
508029.00 3881423.47 30.0
508029.00 3881423.47 30.0
508028.81 3881423.43 30.0
508028.81 3881423.43 30.0
508028.64 3881423.38 30.0
508028.64 3881423.38 30.0
508028.46 3881423.33 30.0
508028.28 3881423.28 30.0
508028.46 3881423.33 30.0
508028.10 3881423.24 30.0
508028.10 3881423.24 30.0
508028.10 3881423.24 30.0
508027.92 3881423.18 30.0
508027.92 3881423.18 30.0
508027.74 3881423.14 30.0
508027.56 3881423.09 30.0
508027.56 3881423.09 30.0
508027.38 3881423.05 30.0
508027.38 3881423.05 30.0
508027.38 3881423.05 30.0
508027.21 3881422.99 30.0
508027.21 3881422.99 30.0
508027.03 3881422.95 30.0
508026.85 3881422.89 30.0
508026.85 3881422.89 30.0
508026.67 3881422.84 30.0
508026.67 3881422.84 30.0
508026.50 3881422.79 30.0
508026.67 3881422.84 30.0
508026.50 3881422.79 30.0
508026.32 3881422.74 30.0
508026.32 3881422.74 30.0
508026.14 3881422.69 30.0
508026.14 3881422.69 30.0
508025.96 3881422.64 30.0
508025.79 3881422.58 30.0
508025.79 3881422.58 30.0
508025.61 3881422.53 30.0
508025.61 3881422.53 30.0
508025.61 3881422.53 30.0
508025.43 3881422.47 30.0
508025.26 3881422.41 30.0
508025.26 3881422.41 30.0
508025.08 3881422.36 30.0
508025.26 3881422.41 30.0
508024.90 3881422.29 30.0
508024.90 3881422.29 30.0
508024.73 3881422.24 30.0
508024.73 3881422.24 30.0
508024.56 3881422.34 30.0
508024.73 3881422.24 30.0
508024.56 3881422.34 30.0
508024.38 3881422.39 30.0
508024.38 3881422.39 30.0
508024.21 3881422.43 30.0
508024.21 3881422.43 30.0
508024.05 3881422.47 30.0
508023.87 3881422.50 30.0
508023.87 3881422.50 30.0
508023.70 3881422.54 30.0
508023.70 3881422.54 30.0
508023.70 3881422.54 30.0
508023.53 3881422.57 30.0
508023.53 3881422.57 30.0
508023.35 3881422.59 30.0
508023.35 3881422.59 30.0
508023.18 3881422.60 30.0
508023.01 3881422.63 30.0
508023.01 3881422.63 30.0
508023.01 3881422.63 30.0
508022.83 3881422.65 30.0
508022.83 3881422.65 30.0
508022.66 3881422.66 30.0
508022.66 3881422.66 30.0
508022.50 3881422.66 30.0
508022.50 3881422.66 30.0
508022.32 3881422.67 30.0
508022.32 3881422.67 30.0
508022.15 3881422.67 30.0
508022.15 3881422.67 30.0
508021.98 3881422.68 30.0
508021.80 3881422.68 30.0
508021.98 3881422.68 30.0
508021.80 3881422.68 30.0
508021.63 3881422.68 30.0
508021.63 3881422.68 30.0
508021.45 3881422.68 30.0
508021.45 3881422.68 30.0
508021.27 3881422.67 30.0
508021.10 3881422.67 30.0
508021.10 3881422.67 30.0
508021.10 3881422.67 30.0
508020.93 3881422.66 30.0
508020.93 3881422.66 30.0
508020.75 3881422.65 30.0
508020.75 3881422.65 30.0
508020.57 3881422.63 30.0
508020.57 3881422.63 30.0
508020.40 3881422.62 30.0
508020.40 3881422.62 30.0
508020.23 3881422.61 30.0
508020.23 3881422.61 30.0
508020.05 3881422.59 30.0
508020.05 3881422.59 30.0
508019.87 3881422.57 30.0
508019.70 3881422.54 30.0
508019.70 3881422.54 30.0
508019.70 3881422.54 30.0
508019.52 3881422.52 30.0
508019.52 3881422.52 30.0
508019.34 3881422.50 30.0
508019.34 3881422.50 30.0
508019.17 3881422.47 30.0
508018.96 3881422.52 30.0
508018.96 3881422.52 30.0
508018.96 3881422.52 30.0
508018.77 3881422.55 30.0
508018.57 3881422.59 30.0
508018.57 3881422.59 30.0
508018.57 3881422.59 30.0
508018.38 3881422.61 30.0
508018.19 3881422.62 30.0
508018.19 3881422.62 30.0
508018.00 3881422.62 30.0
508018.00 3881422.62 30.0
508018.00 3881422.62 30.0
508017.82 3881422.62 30.0
508017.82 3881422.62 30.0
508017.63 3881422.62 30.0
508017.63 3881422.62 30.0
508017.45 3881422.62 30.0
508017.25 3881422.61 30.0
508017.25 3881422.61 30.0
508017.07 3881422.60 30.0
508017.07 3881422.60 30.0
508016.88 3881422.59 30.0
508016.88 3881422.59 30.0
508016.88 3881422.59 30.0
508016.70 3881422.58 30.0
508016.52 3881422.55 30.0
508016.70 3881422.58 30.0
508016.32 3881422.54 30.0
508016.32 3881422.54 30.0
508016.14 3881422.53 30.0
508016.14 3881422.53 30.0
508016.14 3881422.53 30.0
508015.95 3881422.51 30.0
508015.95 3881422.51 30.0
508015.77 3881422.49 30.0
508015.59 3881422.46 30.0
508015.59 3881422.46 30.0
508015.59 3881422.46 30.0
508015.39 3881422.44 30.0
508015.21 3881422.42 30.0
508015.39 3881422.44 30.0
508015.03 3881422.39 30.0
508015.03 3881422.39 30.0
508014.85 3881422.36 30.0
508015.03 3881422.39 30.0
508014.85 3881422.36 30.0
508014.67 3881422.33 30.0
508014.67 3881422.33 30.0
508014.48 3881422.30 30.0
508014.48 3881422.30 30.0
508014.30 3881422.26 30.0
508014.30 3881422.26 30.0
508014.12 3881422.23 30.0
508013.94 3881422.20 30.0
508013.94 3881422.20 30.0
508013.94 3881422.20 30.0
508013.75 3881422.15 30.0
508013.75 3881422.15 30.0
508013.57 3881422.12 30.0
508013.57 3881422.12 30.0
508013.39 3881422.07 30.0
508013.39 3881422.07 30.0
508013.21 3881422.04 30.0
508013.21 3881422.04 30.0
508013.02 3881422.01 30.0
508012.84 3881421.96 30.0
508013.02 3881422.01 30.0
508012.66 3881421.93 30.0
508012.66 3881421.93 30.0
508012.49 3881421.88 30.0
508012.49 3881421.88 30.0
508012.31 3881421.85 30.0
508012.31 3881421.85 30.0
508012.13 3881421.81 30.0
508012.13 3881421.81 30.0
508011.96 3881421.76 30.0
508011.96 3881421.76 30.0
508011.96 3881421.40 30.0
508011.96 3881421.40 30.0
508011.96 3881421.40 30.0
508011.95 3881421.03 30.0
508011.95 3881421.03 30.0
508011.90 3881420.70 30.0
508011.90 3881420.70 30.0
508011.86 3881420.35 30.0
508011.86 3881420.35 30.0
508011.80 3881419.99 30.0
508011.72 3881419.65 30.0
508011.72 3881419.65 30.0
508011.60 3881419.31 30.0
508011.60 3881419.31 30.0
508011.49 3881418.99 30.0
508011.49 3881418.99 30.0
508011.49 3881418.99 30.0
508011.40 3881418.68 30.0
508011.30 3881418.39 30.0
508011.30 3881418.39 30.0
508011.23 3881418.08 30.0
508011.23 3881418.08 30.0
508011.23 3881418.08 30.0
508011.13 3881417.74 30.0
508011.01 3881417.44 30.0
508011.01 3881417.44 30.0
508010.89 3881417.17 30.0
508010.89 3881417.17 30.0
508010.77 3881416.90 30.0
508010.77 3881416.90 30.0
508010.65 3881416.64 30.0
508010.65 3881416.64 30.0
508010.52 3881416.35 30.0
508010.52 3881416.35 30.0
508010.52 3881416.35 30.0
508010.40 3881416.07 30.0
508010.40 3881416.07 30.0
508010.25 3881415.82 30.0
508010.25 3881415.82 30.0
508010.10 3881415.55 30.0
508010.10 3881415.55 30.0
508009.97 3881415.29 30.0
508009.97 3881415.29 30.0
508009.83 3881415.06 30.0
508009.69 3881414.82 30.0
508009.69 3881414.82 30.0
508009.69 3881414.82 30.0
508009.52 3881414.57 30.0
508009.36 3881414.36 30.0
508009.52 3881414.57 30.0
508009.20 3881414.14 30.0
508009.20 3881414.14 30.0
508009.03 3881413.91 30.0
508009.03 3881413.91 30.0
508009.03 3881413.91 30.0
508008.87 3881413.69 30.0
508008.70 3881413.45 30.0
508008.70 3881413.45 30.0
508008.70 3881413.45 30.0
508008.54 3881413.27 30.0
508008.54 3881413.27 30.0
508008.36 3881413.09 30.0
508008.20 3881412.91 30.0
508008.20 3881412.91 30.0
508008.04 3881412.73 30.0
508008.04 3881412.73 30.0
508007.85 3881412.53 30.0
508007.85 3881412.53 30.0
508007.69 3881412.39 30.0
508007.69 3881412.39 30.0
508007.69 3881412.39 30.0
508007.52 3881412.24 30.0
508007.52 3881412.24 30.0
508007.35 3881412.08 30.0
508007.35 3881412.08 30.0
508007.18 3881411.89 30.0
508007.00 3881411.70 30.0
508007.00 3881411.70 30.0
508007.00 3881411.70 30.0
508006.83 3881411.51 30.0
508006.83 3881411.51 30.0
508006.65 3881411.33 30.0
508006.49 3881411.18 30.0
508006.65 3881411.33 30.0
508006.49 3881411.18 30.0
508006.33 3881411.02 30.0
508006.33 3881411.02 30.0
508006.19 3881410.84 30.0
508006.19 3881410.84 30.0
508006.04 3881410.68 30.0
508005.90 3881410.47 30.0
508005.90 3881410.47 30.0
508005.90 3881410.47 30.0
508005.74 3881410.29 30.0
508005.74 3881410.29 30.0
508005.61 3881410.09 30.0
508005.61 3881410.09 30.0
508005.44 3881409.91 30.0
508005.44 3881409.91 30.0
508005.30 3881409.75 30.0
508005.30 3881409.75 30.0
508005.14 3881409.59 30.0
508005.14 3881409.59 30.0
508004.99 3881409.43 30.0
508004.82 3881409.27 30.0
508004.82 3881409.27 30.0
508004.67 3881409.11 30.0
508004.67 3881409.11 30.0
508004.67 3881409.11 30.0
508004.51 3881408.95 30.0
508004.35 3881408.80 30.0
508004.51 3881408.95 30.0
508004.35 3881408.80 30.0
508004.19 3881408.65 30.0
508004.19 3881408.65 30.0
508004.04 3881408.49 30.0
508003.87 3881408.30 30.0
508003.87 3881408.30 30.0
508003.87 3881408.30 30.0
508003.70 3881408.07 30.0
508003.70 3881408.07 30.0
508003.53 3881407.81 30.0
508003.53 3881407.81 30.0
508003.35 3881407.57 30.0
508003.35 3881407.57 30.0
508003.16 3881407.33 30.0
508003.16 3881407.33 30.0
508002.98 3881407.06 30.0
508002.98 3881407.06 30.0
508002.80 3881406.82 30.0
508002.80 3881406.82 30.0
508002.63 3881406.57 30.0
508002.63 3881406.57 30.0
508002.46 3881406.37 30.0
508002.46 3881406.37 30.0
508002.30 3881406.17 30.0
508002.15 3881405.96 30.0
508002.15 3881405.96 30.0
508002.15 3881405.96 30.0
508002.01 3881405.77 30.0
508001.83 3881405.58 30.0
508002.01 3881405.77 30.0
508001.83 3881405.58 30.0
508001.66 3881405.41 30.0
508001.49 3881405.24 30.0
508001.49 3881405.24 30.0
508001.49 3881405.24 30.0
508001.32 3881405.07 30.0
508001.17 3881404.94 30.0
508001.17 3881404.94 30.0
508001.17 3881404.94 30.0
508001.01 3881404.78 30.0
508001.01 3881404.78 30.0
508000.84 3881404.65 30.0
508000.84 3881404.65 30.0
508000.68 3881404.51 30.0
508000.50 3881404.37 30.0
508000.68 3881404.51 30.0
508000.50 3881404.37 30.0
508000.34 3881404.25 30.0
508000.34 3881404.25 30.0
508000.17 3881404.12 30.0
507999.99 3881403.95 30.0
507999.99 3881403.95 30.0
507999.83 3881403.83 30.0
507999.83 3881403.83 30.0
507999.83 3881403.83 30.0
507999.68 3881403.70 30.0
507999.68 3881403.70 30.0
507999.51 3881403.56 30.0
507999.36 3881403.44 30.0
507999.36 3881403.44 30.0
507999.19 3881403.32 30.0
507999.36 3881403.44 30.0
507999.04 3881403.19 30.0
507999.04 3881403.19 30.0
507999.04 3881403.19 30.0
507998.87 3881403.04 30.0
507998.87 3881403.04 30.0
507998.72 3881402.91 30.0
507998.56 3881402.80 30.0
507998.56 3881402.80 30.0
507998.56 3881402.80 30.0
507998.40 3881402.68 30.0
507998.23 3881402.53 30.0
507998.40 3881402.68 30.0
507998.05 3881402.41 30.0
507998.05 3881402.41 30.0
507998.05 3881402.41 30.0
507997.88 3881402.29 30.0
507997.72 3881402.16 30.0
507997.88 3881402.29 30.0
507997.55 3881402.03 30.0
507997.55 3881402.03 30.0
507997.38 3881401.89 30.0
507997.38 3881401.89 30.0
507997.38 3881401.89 30.0
507997.20 3881401.75 30.0
507997.02 3881401.60 30.0
507997.02 3881401.60 30.0
507996.85 3881401.47 30.0
507997.02 3881401.60 30.0
507996.69 3881401.32 30.0
507996.69 3881401.32 30.0
507996.51 3881401.20 30.0
507996.51 3881401.20 30.0
507996.51 3881401.20 30.0
507996.33 3881401.07 30.0
507996.33 3881401.07 30.0
507996.18 3881400.94 30.0
507996.01 3881400.83 30.0
507996.01 3881400.83 30.0
507996.01 3881400.83 30.0
507995.86 3881400.71 30.0
507995.70 3881400.58 30.0
507995.70 3881400.58 30.0
507995.55 3881400.45 30.0
507995.55 3881400.45 30.0
507995.39 3881400.33 30.0
507995.39 3881400.33 30.0
507995.23 3881400.19 30.0
507995.39 3881400.33 30.0
507995.07 3881400.06 30.0
507995.07 3881400.06 30.0
507995.07 3881400.06 30.0
507994.90 3881399.90 30.0
507994.74 3881399.78 30.0
507994.74 3881399.78 30.0
507994.74 3881399.78 30.0
507994.57 3881399.67 30.0
507994.41 3881399.53 30.0
507994.57 3881399.67 30.0
507994.25 3881399.42 30.0
507994.41 3881399.53 30.0
507994.10 3881399.30 30.0
507994.10 3881399.30 30.0
507993.94 3881399.18 30.0
507993.94 3881399.18 30.0
507993.77 3881399.04 30.0
507993.77 3881399.04 30.0
507993.60 3881398.93 30.0
507993.60 3881398.93 30.0
507993.60 3881398.93 30.0
507993.42 3881398.82 30.0
507993.25 3881398.72 30.0
507993.25 3881398.72 30.0
507993.09 3881398.61 30.0
507993.09 3881398.61 30.0
507992.92 3881398.51 30.0
507992.92 3881398.51 30.0
507992.92 3881398.51 30.0
507992.77 3881398.41 30.0
507992.77 3881398.41 30.0
507992.61 3881398.31 30.0
507992.45 3881398.20 30.0
507992.45 3881398.20 30.0
507992.29 3881398.10 30.0
507992.29 3881398.10 30.0
507992.29 3881398.10 30.0
507992.10 3881398.00 30.0
507991.93 3881397.89 30.0
507991.93 3881397.89 30.0
507991.93 3881397.89 30.0
507991.76 3881397.79 30.0
507991.59 3881397.70 30.0
507991.59 3881397.70 30.0
507991.59 3881397.70 30.0
507991.42 3881397.60 30.0
507991.27 3881397.49 30.0
507991.27 3881397.49 30.0
507991.27 3881397.49 30.0
507991.10 3881397.38 30.0
507991.10 3881397.38 30.0
507990.95 3881397.26 30.0
507990.95 3881397.26 30.0
507990.78 3881397.15 30.0
507990.78 3881397.15 30.0
507990.62 3881397.03 30.0
507990.45 3881396.92 30.0
507990.62 3881397.03 30.0
507990.45 3881396.92 30.0
507990.28 3881396.79 30.0
507990.12 3881396.67 30.0
507990.12 3881396.67 30.0
507989.95 3881396.52 30.0
507989.95 3881396.52 30.0
507989.95 3881396.52 30.0
507989.78 3881396.41 30.0
507989.78 3881396.41 30.0
507989.61 3881396.31 30.0
507989.61 3881396.31 30.0
507989.44 3881396.21 30.0
507989.28 3881396.11 30.0
507989.28 3881396.11 30.0
507989.28 3881396.11 30.0
507989.12 3881396.00 30.0
507988.95 3881395.91 30.0
507988.95 3881395.91 30.0
507988.80 3881395.81 30.0
507988.95 3881395.91 30.0
507988.80 3881395.81 30.0
507988.63 3881395.70 30.0
507988.63 3881395.70 30.0
507988.47 3881395.60 30.0
507988.47 3881395.60 30.0
507988.29 3881395.49 30.0
507988.29 3881395.49 30.0
507988.12 3881395.40 30.0
507988.12 3881395.40 30.0
507987.97 3881395.29 30.0
507987.97 3881395.29 30.0
507987.80 3881395.19 30.0
507987.80 3881395.19 30.0
507987.63 3881395.10 30.0
507987.48 3881395.01 30.0
507987.48 3881395.01 30.0
507987.30 3881394.92 30.0
507987.48 3881395.01 30.0
507987.30 3881394.92 30.0
507987.14 3881394.84 30.0
507987.14 3881394.84 30.0
507986.98 3881394.74 30.0
507986.98 3881394.74 30.0
507986.82 3881394.64 30.0
507986.82 3881394.64 30.0
507986.65 3881394.55 30.0
507986.65 3881394.55 30.0
507986.48 3881394.45 30.0
507986.48 3881394.45 30.0
507986.32 3881394.36 30.0
507986.32 3881394.36 30.0
507986.16 3881394.27 30.0
507986.16 3881394.27 30.0
507986.00 3881394.17 30.0
507985.84 3881394.07 30.0
507985.84 3881394.07 30.0
507985.84 3881394.07 30.0
507985.67 3881393.98 30.0
507985.67 3881393.98 30.0
507985.51 3881393.88 30.0
507985.51 3881393.88 30.0
507985.34 3881393.78 30.0
507985.34 3881393.78 30.0
507985.17 3881393.69 30.0
507985.01 3881393.59 30.0
507985.17 3881393.69 30.0
507985.01 3881393.59 30.0
507984.84 3881393.49 30.0
507984.68 3881393.40 30.0
507984.68 3881393.40 30.0
507984.68 3881393.40 30.0
507984.51 3881393.30 30.0
507984.51 3881393.30 30.0
507984.34 3881393.19 30.0
507984.17 3881393.09 30.0
507984.17 3881393.09 30.0
507984.17 3881393.09 30.0
507984.01 3881392.98 30.0
507984.01 3881392.98 30.0
507983.84 3881392.88 30.0
507983.67 3881392.78 30.0
507983.67 3881392.78 30.0
507983.50 3881392.67 30.0
507983.50 3881392.67 30.0
507983.34 3881392.58 30.0
507983.50 3881392.67 30.0
507983.34 3881392.58 30.0
507983.17 3881392.47 30.0
507983.01 3881392.38 30.0
507983.17 3881392.47 30.0
507982.84 3881392.28 30.0
507983.01 3881392.38 30.0
507982.67 3881392.18 30.0
507982.84 3881392.28 30.0
507982.51 3881392.08 30.0
507982.51 3881392.08 30.0
507982.35 3881391.98 30.0
507982.35 3881391.98 30.0
507982.17 3881391.88 30.0
507982.17 3881391.88 30.0
507982.17 3881391.88 30.0
507982.01 3881391.78 30.0
507981.84 3881391.69 30.0
507981.84 3881391.69 30.0
507981.66 3881391.59 30.0
507981.66 3881391.59 30.0
507981.50 3881391.49 30.0
507981.66 3881391.59 30.0
507981.50 3881391.49 30.0
507981.33 3881391.40 30.0
507981.33 3881391.40 30.0
507981.16 3881391.29 30.0
507980.99 3881391.20 30.0
507981.16 3881391.29 30.0
507980.99 3881391.20 30.0
507980.81 3881391.10 30.0
507980.65 3881391.00 30.0
507980.65 3881391.00 30.0
507980.65 3881391.00 30.0
507980.48 3881390.90 30.0
507980.30 3881390.79 30.0
507980.48 3881390.90 30.0
507980.14 3881390.68 30.0
507980.14 3881390.68 30.0
507979.96 3881390.59 30.0
507979.96 3881390.59 30.0
507979.96 3881390.59 30.0
507979.80 3881390.48 30.0
507979.63 3881390.37 30.0
507979.63 3881390.37 30.0
507979.48 3881390.27 30.0
507979.48 3881390.27 30.0
507979.48 3881390.27 30.0
507979.30 3881390.16 30.0
507979.13 3881390.06 30.0
507979.13 3881390.06 30.0
507978.97 3881389.96 30.0
507978.97 3881389.96 30.0
507978.80 3881389.86 30.0
507978.80 3881389.86 30.0
507978.64 3881389.76 30.0
507978.64 3881389.76 30.0
507978.46 3881389.66 30.0
507978.64 3881389.76 30.0
507978.30 3881389.55 30.0
507978.46 3881389.66 30.0
507978.30 3881389.55 30.0
507978.15 3881389.46 30.0
507977.98 3881389.36 30.0
507977.98 3881389.36 30.0
507977.82 3881389.26 30.0
507977.82 3881389.26 30.0
507977.65 3881389.16 30.0
507977.65 3881389.16 30.0
507977.50 3881389.06 30.0
507977.50 3881389.06 30.0
507977.50 3881389.06 30.0
507977.33 3881388.94 30.0
507977.16 3881388.84 30.0
507977.16 3881388.84 30.0
507977.01 3881388.73 30.0
507977.01 3881388.73 30.0
507977.01 3881388.73 30.0
507976.84 3881388.64 30.0
507976.68 3881388.53 30.0
507976.68 3881388.53 30.0
507976.52 3881388.43 30.0
507976.52 3881388.43 30.0
507976.52 3881388.43 30.0
507976.36 3881388.33 30.0
507976.20 3881388.21 30.0
507976.20 3881388.21 30.0
507976.20 3881388.21 30.0
507976.03 3881388.12 30.0
507976.03 3881388.12 30.0
507975.88 3881388.01 30.0
507975.88 3881388.01 30.0
507975.71 3881387.92 30.0
507975.71 3881387.92 30.0
507975.56 3881387.82 30.0
507975.56 3881387.82 30.0
507975.40 3881387.73 30.0
507975.24 3881387.63 30.0
507975.40 3881387.73 30.0
507975.24 3881387.63 30.0
507975.08 3881387.53 30.0
507974.92 3881387.43 30.0
507974.92 3881387.43 30.0
507974.76 3881387.33 30.0
507974.76 3881387.33 30.0
507974.76 3881387.33 30.0
507974.59 3881387.23 30.0
507974.44 3881387.12 30.0
507974.44 3881387.12 30.0
507974.44 3881387.12 30.0
507974.27 3881387.00 30.0
507974.11 3881386.90 30.0
507974.27 3881387.00 30.0
507974.11 3881386.90 30.0
507973.94 3881386.81 30.0
507973.94 3881386.81 30.0
507973.76 3881386.71 30.0
507973.60 3881386.45 30.0
507973.76 3881386.71 30.0
507973.40 3881386.09 30.0
507973.40 3881386.09 30.0
507973.40 3881386.09 30.0
507973.22 3881385.70 30.0
507973.22 3881385.70 30.0
507973.04 3881385.32 30.0
507973.04 3881385.32 30.0
507972.85 3881384.98 30.0
507972.70 3881384.53 30.0
507972.70 3881384.53 30.0
507972.52 3881384.18 30.0
507972.70 3881384.53 30.0
507972.52 3881384.18 30.0
507972.38 3881383.83 30.0
507972.38 3881383.83 30.0
507972.22 3881383.52 30.0
507972.06 3881383.20 30.0
507972.06 3881383.20 30.0
507971.91 3881382.91 30.0
507971.91 3881382.91 30.0
507971.91 3881382.91 30.0
507971.74 3881382.62 30.0
507971.61 3881382.34 30.0
507971.61 3881382.34 30.0
507971.61 3881382.34 30.0
507971.45 3881382.07 30.0
507971.45 3881382.07 30.0
507971.29 3881381.80 30.0
507971.29 3881381.80 30.0
507971.14 3881381.53 30.0
507971.14 3881381.53 30.0
507971.00 3881381.27 30.0
507971.00 3881381.27 30.0
507970.85 3881381.00 30.0
507970.70 3881380.76 30.0
507970.70 3881380.76 30.0
507970.55 3881380.52 30.0
507970.55 3881380.52 30.0
507970.39 3881380.28 30.0
507970.39 3881380.28 30.0
507970.39 3881380.28 30.0
507970.25 3881380.09 30.0
507970.25 3881380.09 30.0
507970.09 3881379.94 30.0
507970.09 3881379.94 30.0
507969.91 3881379.82 30.0
507969.91 3881379.82 30.0
507969.74 3881379.71 30.0
507969.57 3881379.59 30.0
507969.57 3881379.59 30.0
507969.38 3881379.46 30.0
507969.57 3881379.59 30.0
507969.38 3881379.46 30.0
507969.21 3881379.35 30.0
507969.21 3881379.35 30.0
507969.03 3881379.24 30.0
507969.03 3881379.24 30.0
507968.85 3881379.13 30.0
507968.85 3881379.13 30.0
507968.67 3881379.02 30.0
507968.67 3881379.02 30.0
507968.50 3881378.92 30.0
507968.50 3881378.92 30.0
507968.34 3881378.79 30.0
507968.34 3881378.79 30.0
507968.16 3881378.71 30.0
507968.16 3881378.71 30.0
507968.00 3881378.59 30.0
507968.00 3881378.59 30.0
507967.83 3881378.49 30.0
507967.83 3881378.49 30.0
507967.64 3881378.38 30.0
507967.64 3881378.38 30.0
507967.48 3881378.28 30.0
507967.48 3881378.28 30.0
507967.32 3881378.18 30.0
507967.32 3881378.18 30.0
507967.15 3881378.08 30.0
507966.98 3881377.97 30.0
507966.98 3881377.97 30.0
507966.98 3881377.97 30.0
507966.80 3881377.87 30.0
507966.64 3881377.76 30.0
507966.64 3881377.76 30.0
507966.64 3881377.76 30.0
507966.48 3881377.65 30.0
507966.48 3881377.65 30.0
507966.31 3881377.56 30.0
507966.31 3881377.56 30.0
507966.15 3881377.46 30.0
507966.15 3881377.46 30.0
507965.99 3881377.35 30.0
507965.99 3881377.35 30.0
507965.83 3881377.23 30.0
507965.83 3881377.23 30.0
507965.67 3881377.12 30.0
507965.67 3881377.12 30.0
507965.51 3881377.01 30.0
507965.36 3881376.91 30.0
507965.36 3881376.91 30.0
507965.36 3881376.91 30.0
507965.19 3881376.82 30.0
507965.19 3881376.82 30.0
507965.04 3881376.71 30.0
507964.87 3881376.60 30.0
507965.04 3881376.71 30.0
507964.72 3881376.48 30.0
507964.72 3881376.48 30.0
507964.55 3881376.40 30.0
507964.55 3881376.40 30.0
507964.40 3881376.30 30.0
507964.55 3881376.40 30.0
507964.40 3881376.30 30.0
507964.24 3881376.20 30.0
507964.07 3881376.10 30.0
507964.07 3881376.10 30.0
507964.07 3881376.10 30.0
507963.92 3881376.00 30.0
507963.92 3881376.00 30.0
507963.74 3881375.91 30.0
507963.59 3881375.81 30.0
507963.74 3881375.91 30.0
507963.59 3881375.81 30.0
507963.43 3881375.71 30.0
507963.27 3881375.61 30.0
507963.27 3881375.61 30.0
507963.27 3881375.61 30.0
507963.11 3881375.50 30.0
507962.95 3881375.40 30.0
507962.95 3881375.40 30.0
507962.80 3881375.30 30.0
507962.80 3881375.30 30.0
507962.63 3881375.20 30.0
507962.63 3881375.20 30.0
507962.63 3881375.20 30.0
507962.48 3881375.09 30.0
507962.48 3881375.09 30.0
507962.16 3881374.89 30.0
507962.16 3881374.89 30.0
507962.00 3881374.79 30.0
507962.00 3881374.79 30.0
507961.85 3881374.69 30.0
507961.85 3881374.69 30.0
507961.68 3881374.57 30.0
507961.54 3881374.46 30.0
507961.54 3881374.46 30.0
507961.38 3881374.36 30.0
507961.38 3881374.36 30.0
507961.38 3881374.36 30.0
507961.22 3881374.26 30.0
507961.06 3881374.15 30.0
507961.06 3881374.15 30.0
507960.91 3881374.04 30.0
507960.91 3881374.04 30.0
507960.91 3881374.04 30.0
507960.75 3881373.94 30.0
507960.75 3881373.94 30.0
507960.60 3881373.84 30.0
507960.60 3881373.84 30.0
507960.44 3881373.74 30.0
507960.44 3881373.74 30.0
507960.29 3881373.64 30.0
507960.13 3881373.55 30.0
507960.13 3881373.55 30.0
507960.13 3881373.55 30.0
507959.97 3881373.44 30.0
507959.82 3881373.35 30.0
507959.82 3881373.35 30.0
507959.82 3881373.35 30.0
507959.66 3881373.25 30.0
507959.66 3881373.25 30.0
507959.62 3881372.81 30.0
507959.62 3881372.81 30.0
507959.51 3881372.55 30.0
507959.43 3881372.30 30.0
507959.43 3881372.30 30.0
507959.43 3881372.30 30.0
507959.33 3881372.06 30.0
507959.33 3881372.06 30.0
507959.25 3881371.86 30.0
507959.25 3881371.86 30.0
507959.14 3881371.66 30.0
507959.02 3881371.48 30.0
507959.14 3881371.66 30.0
507959.02 3881371.48 30.0
507958.92 3881371.28 30.0
507958.92 3881371.28 30.0
507958.77 3881371.13 30.0
507958.77 3881371.13 30.0
507958.68 3881370.96 30.0
507958.68 3881370.96 30.0
507958.58 3881370.76 30.0
507958.58 3881370.76 30.0
507958.47 3881370.58 30.0
507958.37 3881370.41 30.0
507958.47 3881370.58 30.0
507958.26 3881370.22 30.0
507958.26 3881370.22 30.0
507958.26 3881370.22 30.0
507958.15 3881370.01 30.0
507958.15 3881370.01 30.0
507958.03 3881369.78 30.0
507958.03 3881369.78 30.0
507957.94 3881369.49 30.0
507957.94 3881369.49 30.0
507957.99 3881368.72 30.0
507957.99 3881368.72 30.0
507957.98 3881368.16 30.0
507957.98 3881368.16 30.0
507957.88 3881367.81 30.0
507957.88 3881367.81 30.0
507957.72 3881367.42 30.0
507957.72 3881367.42 30.0
507957.57 3881367.15 30.0
507957.42 3881366.93 30.0
507957.57 3881367.15 30.0
507957.42 3881366.93 30.0
507957.28 3881366.73 30.0
507957.28 3881366.73 30.0
507957.13 3881366.54 30.0
507957.13 3881366.54 30.0
507956.90 3881366.31 30.0
507956.68 3881366.10 30.0
507956.68 3881366.10 30.0
507956.68 3881366.10 30.0
507956.48 3881365.92 30.0
507956.30 3881365.79 30.0
507956.30 3881365.79 30.0
507956.13 3881365.65 30.0
507956.13 3881365.65 30.0
507955.95 3881365.53 30.0
507955.95 3881365.53 30.0
507955.77 3881365.41 30.0
507955.77 3881365.41 30.0
507955.53 3881365.30 30.0
507955.53 3881365.30 30.0
507955.53 3881365.30 30.0
507955.28 3881365.19 30.0
507955.05 3881365.08 30.0
507955.05 3881365.08 30.0
507954.83 3881364.98 30.0
507955.05 3881365.08 30.0
507954.83 3881364.98 30.0
507954.62 3881364.86 30.0
507954.62 3881364.86 30.0
507954.43 3881364.77 30.0
507954.43 3881364.77 30.0
507954.23 3881364.67 30.0
507954.23 3881364.67 30.0
507954.03 3881364.57 30.0
507954.03 3881364.57 30.0
507953.79 3881364.45 30.0
507953.57 3881364.33 30.0
507953.57 3881364.33 30.0
507953.35 3881364.22 30.0
507953.35 3881364.22 30.0
507953.35 3881364.22 30.0
507953.13 3881364.11 30.0
507953.13 3881364.11 30.0
507952.92 3881364.00 30.0
507952.92 3881364.00 30.0
507952.72 3881363.89 30.0
507952.72 3881363.89 30.0
507952.51 3881363.77 30.0
507952.31 3881363.65 30.0
507952.31 3881363.65 30.0
507952.07 3881363.54 30.0
507952.07 3881363.54 30.0
507951.83 3881363.43 30.0
507951.83 3881363.43 30.0
507951.83 3881363.43 30.0
507951.61 3881363.31 30.0
507951.39 3881363.20 30.0
507951.39 3881363.20 30.0
507951.17 3881363.10 30.0
507951.17 3881363.10 30.0
507951.17 3881363.10 30.0
507950.95 3881363.00 30.0
507950.95 3881363.00 30.0
507950.74 3881362.90 30.0
507950.54 3881362.80 30.0
507950.54 3881362.80 30.0
507950.32 3881362.70 30.0
507950.32 3881362.70 30.0
507950.07 3881362.62 30.0
507950.07 3881362.62 30.0
507949.82 3881362.54 30.0
507949.82 3881362.54 30.0
507949.82 3881362.54 30.0
507949.59 3881362.45 30.0
507949.36 3881362.38 30.0
507949.36 3881362.38 30.0
507949.13 3881362.29 30.0
507949.13 3881362.29 30.0
507948.90 3881362.21 30.0
507948.90 3881362.21 30.0
507948.90 3881362.21 30.0
507948.71 3881362.11 30.0
507948.51 3881362.02 30.0
507948.71 3881362.11 30.0
507948.51 3881362.02 30.0
507948.28 3881361.90 30.0
507948.04 3881361.78 30.0
507948.04 3881361.78 30.0
507948.04 3881361.78 30.0
507947.81 3881361.67 30.0
507947.59 3881361.54 30.0
507947.81 3881361.67 30.0
507947.38 3881361.44 30.0
507947.38 3881361.44 30.0
507947.38 3881361.44 30.0
507947.17 3881361.34 30.0
507947.17 3881361.34 30.0
507947.14 3881361.38 30.0
507947.09 3881361.39 30.0
507947.09 3881361.39 30.0
507947.04 3881361.39 30.0
507947.04 3881361.39 30.0
507947.04 3881361.39 30.0
507946.95 3881361.39 30.0
507946.87 3881361.38 30.0
507946.87 3881361.38 30.0
507946.77 3881361.34 30.0
507946.77 3881361.34 30.0
507946.66 3881361.31 30.0
507946.77 3881361.34 30.0
507946.54 3881361.26 30.0
507946.66 3881361.31 30.0
507946.54 3881361.26 30.0
507946.41 3881361.21 30.0
507946.41 3881361.21 30.0
507946.26 3881361.16 30.0
507946.26 3881361.16 30.0
507946.12 3881361.11 30.0
507946.00 3881361.06 30.0
507946.00 3881361.06 30.0
507945.84 3881361.00 30.0
507946.00 3881361.06 30.0
507945.68 3881360.94 30.0
507945.84 3881361.00 30.0
507945.50 3881360.86 30.0
507945.50 3881360.86 30.0
507945.50 3881360.86 30.0
507945.32 3881360.80 30.0
507945.32 3881360.80 30.0
507945.17 3881360.72 30.0
507945.17 3881360.72 30.0
507945.02 3881360.66 30.0
507945.02 3881360.66 30.0
507944.88 3881360.59 30.0
507944.73 3881360.50 30.0
507944.73 3881360.50 30.0
507944.73 3881360.50 30.0
507944.55 3881360.43 30.0
507944.39 3881360.31 30.0
507944.39 3881360.31 30.0
507944.39 3881360.31 30.0
507944.23 3881360.22 30.0
507944.06 3881360.15 30.0
507944.06 3881360.15 30.0
507943.87 3881360.08 30.0
507943.87 3881360.08 30.0
507943.71 3881360.00 30.0
507943.71 3881360.00 30.0
507943.55 3881359.90 30.0
507943.55 3881359.90 30.0
507943.37 3881359.80 30.0
507943.37 3881359.80 30.0
507943.20 3881359.72 30.0
507943.37 3881359.80 30.0
507943.20 3881359.72 30.0
507943.04 3881359.63 30.0
507943.04 3881359.63 30.0
507942.87 3881359.53 30.0
507942.87 3881359.53 30.0
507942.70 3881359.43 30.0
507942.70 3881359.43 30.0
507942.55 3881359.32 30.0
507942.35 3881359.21 30.0
507942.35 3881359.21 30.0
507942.35 3881359.21 30.0
507942.19 3881359.12 30.0
507942.01 3881359.02 30.0
507942.19 3881359.12 30.0
507942.01 3881359.02 30.0
507941.84 3881358.93 30.0
507941.84 3881358.93 30.0
507941.68 3881358.84 30.0
507941.49 3881358.75 30.0
507941.49 3881358.75 30.0
507941.33 3881358.67 30.0
507941.49 3881358.75 30.0
507941.33 3881358.67 30.0
507941.16 3881358.57 30.0
507940.99 3881358.47 30.0
507940.99 3881358.47 30.0
507940.99 3881358.47 30.0
507940.83 3881358.38 30.0
507940.66 3881358.28 30.0
507940.83 3881358.38 30.0
507940.66 3881358.28 30.0
507940.49 3881358.19 30.0
507940.49 3881358.19 30.0
507940.33 3881358.10 30.0
507940.33 3881358.10 30.0
507940.16 3881358.00 30.0
507940.16 3881358.00 30.0
507940.00 3881357.92 30.0
507940.00 3881357.92 30.0
507939.84 3881357.82 30.0
507939.66 3881357.73 30.0
507939.84 3881357.82 30.0
507939.66 3881357.73 30.0
507939.49 3881357.63 30.0
507939.49 3881357.63 30.0
507939.32 3881357.53 30.0
507939.32 3881357.53 30.0
507939.15 3881357.44 30.0
507938.97 3881357.34 30.0
507939.15 3881357.44 30.0
507938.97 3881357.34 30.0
507938.80 3881357.25 30.0
507938.62 3881357.15 30.0
507938.80 3881357.25 30.0
507938.46 3881357.08 30.0
507938.62 3881357.15 30.0
507938.46 3881357.08 30.0
507938.30 3881357.00 30.0
507938.30 3881357.00 30.0
507938.12 3881356.90 30.0
507938.12 3881356.90 30.0
507937.96 3881356.81 30.0
507937.96 3881356.81 30.0
507937.79 3881356.72 30.0
507937.79 3881356.72 30.0
507937.60 3881356.64 30.0
507937.43 3881356.57 30.0
507937.43 3881356.57 30.0
507937.43 3881356.57 30.0
507937.25 3881356.49 30.0
507937.25 3881356.49 30.0
507937.08 3881356.40 30.0
507937.08 3881356.40 30.0
507936.91 3881356.30 30.0
507936.74 3881356.21 30.0
507936.74 3881356.21 30.0
507936.74 3881356.21 30.0
507936.57 3881356.10 30.0
507936.57 3881356.10 30.0
507936.41 3881355.99 30.0
507936.41 3881355.99 30.0
507936.25 3881355.89 30.0
507936.25 3881355.89 30.0
507936.08 3881355.79 30.0
507935.91 3881355.69 30.0
507936.08 3881355.79 30.0
507935.74 3881355.60 30.0
507935.74 3881355.60 30.0
507935.57 3881355.50 30.0
507935.57 3881355.50 30.0
507935.42 3881355.40 30.0
507935.42 3881355.40 30.0
507935.42 3881355.40 30.0
507935.24 3881355.31 30.0
507935.24 3881355.31 30.0
507935.07 3881355.22 30.0
507934.90 3881355.12 30.0
507934.90 3881355.12 30.0
507934.90 3881355.12 30.0
507934.72 3881355.02 30.0
507934.72 3881355.02 30.0
507934.55 3881354.93 30.0
507934.37 3881354.84 30.0
507934.37 3881354.84 30.0
507934.20 3881354.74 30.0
507934.20 3881354.74 30.0
507934.20 3881354.74 30.0
507934.03 3881354.66 30.0
507933.86 3881354.57 30.0
507933.86 3881354.57 30.0
507933.86 3881354.57 30.0
507933.69 3881354.47 30.0
507933.51 3881354.38 30.0
507933.51 3881354.38 30.0
507933.34 3881354.29 30.0
507933.34 3881354.29 30.0
507933.17 3881354.19 30.0
507933.17 3881354.19 30.0
507932.98 3881354.09 30.0
507932.98 3881354.09 30.0
507932.81 3881354.00 30.0
507932.98 3881354.09 30.0
507932.64 3881353.90 30.0
507932.64 3881353.90 30.0
507932.46 3881353.79 30.0
507932.46 3881353.79 30.0
507932.30 3881353.69 30.0
507932.46 3881353.79 30.0
507932.30 3881353.69 30.0
507932.15 3881353.59 30.0
507932.15 3881353.59 30.0
507931.97 3881353.50 30.0
507931.97 3881353.50 30.0
507931.81 3881353.41 30.0
507931.81 3881353.41 30.0
507931.64 3881353.31 30.0
507931.64 3881353.31 30.0
507931.47 3881353.22 30.0
507931.29 3881353.13 30.0
507931.29 3881353.13 30.0
507931.29 3881353.13 30.0
507931.12 3881353.03 30.0
507930.94 3881352.94 30.0
507930.94 3881352.94 30.0
507930.94 3881352.94 30.0
507930.79 3881352.85 30.0
507930.79 3881352.85 30.0
507930.61 3881352.76 30.0
507930.45 3881352.66 30.0
507930.45 3881352.66 30.0
507930.28 3881352.56 30.0
507930.45 3881352.66 30.0
507930.28 3881352.56 30.0
507930.10 3881352.47 30.0
507929.92 3881352.37 30.0
507930.10 3881352.47 30.0
507929.92 3881352.37 30.0
507929.75 3881352.28 30.0
507929.75 3881352.28 30.0
507929.57 3881352.19 30.0
507929.57 3881352.19 30.0
507929.39 3881352.09 30.0
507929.39 3881352.09 30.0
507929.22 3881352.00 30.0
507929.22 3881352.00 30.0
507929.05 3881351.90 30.0
507928.86 3881351.81 30.0
507929.05 3881351.90 30.0
507928.68 3881351.71 30.0
507928.86 3881351.81 30.0
507928.50 3881351.60 30.0
507928.68 3881351.71 30.0
507928.50 3881351.60 30.0
507928.31 3881351.51 30.0
507928.31 3881351.51 30.0
507928.13 3881351.41 30.0
507927.94 3881351.31 30.0
507927.94 3881351.31 30.0
507927.94 3881351.31 30.0
507927.75 3881351.21 30.0
507927.58 3881351.11 30.0
507927.58 3881351.11 30.0
507927.40 3881351.01 30.0
507927.58 3881351.11 30.0
507927.22 3881350.90 30.0
507927.40 3881351.01 30.0
507927.22 3881350.90 30.0
507927.04 3881350.80 30.0
507927.04 3881350.80 30.0
507926.87 3881350.69 30.0
507926.87 3881350.69 30.0
507926.69 3881350.58 30.0
507926.69 3881350.58 30.0
507926.52 3881350.47 30.0
507926.35 3881350.37 30.0
507926.35 3881350.37 30.0
507926.18 3881350.26 30.0
507926.18 3881350.26 30.0
507926.18 3881350.26 30.0
507925.99 3881350.15 30.0
507925.99 3881350.15 30.0
507925.82 3881350.05 30.0
507925.82 3881350.05 30.0
507925.65 3881349.95 30.0
507925.65 3881349.95 30.0
507925.48 3881349.82 30.0
507925.48 3881349.82 30.0
507925.29 3881349.71 30.0
507925.29 3881349.71 30.0
507925.12 3881349.60 30.0
507924.95 3881349.49 30.0
507925.12 3881349.60 30.0
507924.76 3881349.38 30.0
507924.76 3881349.38 30.0
507924.59 3881349.27 30.0
507924.76 3881349.38 30.0
507924.59 3881349.27 30.0
507924.42 3881349.16 30.0
507924.42 3881349.16 30.0
507924.25 3881349.05 30.0
507924.25 3881349.05 30.0
507924.07 3881348.94 30.0
507923.90 3881348.82 30.0
507923.90 3881348.82 30.0
507923.55 3881348.61 30.0
507923.55 3881348.61 30.0
507923.38 3881348.49 30.0
507923.38 3881348.49 30.0
507923.38 3881348.49 30.0
507923.21 3881348.39 30.0
507923.21 3881348.39 30.0
507923.02 3881348.28 30.0
507922.85 3881348.17 30.0
507922.85 3881348.17 30.0
507922.67 3881348.06 30.0
507922.67 3881348.06 30.0
507922.49 3881347.96 30.0
507922.49 3881347.96 30.0
507922.49 3881347.96 30.0
507922.31 3881347.85 30.0
507922.14 3881347.76 30.0
507922.14 3881347.76 30.0
507921.96 3881347.67 30.0
507921.96 3881347.67 30.0
507921.78 3881347.58 30.0
507921.78 3881347.58 30.0
507921.61 3881347.48 30.0
507921.61 3881347.48 30.0
507921.61 3881347.48 30.0
507921.42 3881347.38 30.0
507921.42 3881347.38 30.0
507921.25 3881347.28 30.0
507921.07 3881347.19 30.0
507921.07 3881347.19 30.0
507920.89 3881347.09 30.0
507920.89 3881347.09 30.0
507920.71 3881347.00 30.0
507920.71 3881347.00 30.0
507920.54 3881346.91 30.0
507920.54 3881346.91 30.0
507920.54 3881346.91 30.0
507920.36 3881346.81 30.0
507920.17 3881346.73 30.0
507920.17 3881346.73 30.0
507920.00 3881346.63 30.0
507920.17 3881346.73 30.0
507919.82 3881346.54 30.0
507920.00 3881346.63 30.0
507919.82 3881346.54 30.0
507919.64 3881346.44 30.0
507919.64 3881346.44 30.0
507919.47 3881346.33 30.0
507919.30 3881346.23 30.0
507919.30 3881346.23 30.0
507919.30 3881346.23 30.0
507919.11 3881346.11 30.0
507918.95 3881346.01 30.0
507919.11 3881346.11 30.0
507918.95 3881346.01 30.0
507918.60 3881345.67 30.0
507918.60 3881345.67 30.0
507918.31 3881345.43 30.0
507918.31 3881345.43 30.0
507918.06 3881345.20 30.0
507917.84 3881345.02 30.0
507918.06 3881345.20 30.0
507917.62 3881344.86 30.0
507917.62 3881344.86 30.0
507917.43 3881344.68 30.0
507917.62 3881344.86 30.0
507917.25 3881344.55 30.0
507917.25 3881344.55 30.0
507917.08 3881344.40 30.0
507917.08 3881344.40 30.0
507916.93 3881344.26 30.0
507916.93 3881344.26 30.0
507916.76 3881344.05 30.0
507916.93 3881344.26 30.0
507916.62 3881343.85 30.0
507916.62 3881343.85 30.0
507916.46 3881343.67 30.0
507916.62 3881343.85 30.0
507916.46 3881343.67 30.0
507916.31 3881343.44 30.0
507916.31 3881343.44 30.0
507916.15 3881343.23 30.0
507916.01 3881342.97 30.0
507916.15 3881343.23 30.0
507915.84 3881342.80 30.0
507915.84 3881342.80 30.0
507915.84 3881342.80 30.0
507915.68 3881342.57 30.0
507915.51 3881342.10 30.0
507915.51 3881342.10 30.0
507915.51 3881342.10 30.0
507915.34 3881341.70 30.0
507915.15 3881341.36 30.0
507915.15 3881341.36 30.0
507915.15 3881341.36 30.0
507914.96 3881341.08 30.0
507914.96 3881341.08 30.0
507914.80 3881340.83 30.0
507914.80 3881340.83 30.0
507914.63 3881340.61 30.0
507914.63 3881340.61 30.0
507914.45 3881340.41 30.0
507914.27 3881340.22 30.0
507914.27 3881340.22 30.0
507914.03 3881339.94 30.0
507914.03 3881339.94 30.0
507914.03 3881339.94 30.0
507913.81 3881339.72 30.0
507913.58 3881339.49 30.0
507913.81 3881339.72 30.0
507913.58 3881339.49 30.0
507913.34 3881339.29 30.0
507913.12 3881339.09 30.0
507913.12 3881339.09 30.0
507912.90 3881338.92 30.0
507912.90 3881338.92 30.0
507912.68 3881338.75 30.0
507912.68 3881338.75 30.0
507912.68 3881338.75 30.0
507912.47 3881338.59 30.0
507912.24 3881338.37 30.0
507912.24 3881338.37 30.0
507912.03 3881338.17 30.0
507912.03 3881338.17 30.0
507911.79 3881338.00 30.0
507911.79 3881338.00 30.0
507911.79 3881338.00 30.0
507911.56 3881337.83 30.0
507911.34 3881337.69 30.0
507911.34 3881337.69 30.0
507911.34 3881337.69 30.0
507911.13 3881337.52 30.0
507910.93 3881337.36 30.0
507911.13 3881337.52 30.0
507910.73 3881337.20 30.0
507910.73 3881337.20 30.0
507910.53 3881337.16 30.0
507910.53 3881337.16 30.0
507910.33 3881337.09 30.0
507910.33 3881337.09 30.0
507910.33 3881337.09 30.0
507910.12 3881337.04 30.0
507910.12 3881337.04 30.0
507909.92 3881336.98 30.0
507909.92 3881336.98 30.0
507909.73 3881336.91 30.0
507909.73 3881336.91 30.0
507909.55 3881336.82 30.0
507909.55 3881336.82 30.0
507909.37 3881336.72 30.0
507909.37 3881336.72 30.0
507909.18 3881336.64 30.0
507908.99 3881336.62 30.0
507908.99 3881336.62 30.0
507908.79 3881336.60 30.0
507908.79 3881336.60 30.0
507908.60 3881336.56 30.0
507908.60 3881336.56 30.0
507908.60 3881336.56 30.0
507908.41 3881336.50 30.0
507908.41 3881336.50 30.0
507908.22 3881336.43 30.0
507908.03 3881336.37 30.0
507908.03 3881336.37 30.0
507907.86 3881336.30 30.0
507907.86 3881336.30 30.0
507907.67 3881336.23 30.0
507907.86 3881336.30 30.0
507907.48 3881336.18 30.0
507907.48 3881336.18 30.0
507907.48 3881336.18 30.0
507907.28 3881336.12 30.0
507907.28 3881336.12 30.0
507907.10 3881336.07 30.0
507906.92 3881336.00 30.0
507906.92 3881336.00 30.0
507906.92 3881336.00 30.0
507906.74 3881335.93 30.0
507906.74 3881335.93 30.0
507906.56 3881335.87 30.0
507906.39 3881335.80 30.0
507906.56 3881335.87 30.0
507906.39 3881335.80 30.0
507906.21 3881335.73 30.0
507906.21 3881335.73 30.0
507906.04 3881335.69 30.0
507906.04 3881335.69 30.0
507905.87 3881335.65 30.0
507905.87 3881335.65 30.0
507905.70 3881335.60 30.0
507905.51 3881335.55 30.0
507905.70 3881335.60 30.0
507905.51 3881335.55 30.0
507905.34 3881335.49 30.0
507905.16 3881335.43 30.0
507905.16 3881335.43 30.0
507904.97 3881335.37 30.0
507904.97 3881335.37 30.0
507904.97 3881335.37 30.0
507904.81 3881335.30 30.0
507904.64 3881335.23 30.0
507904.64 3881335.23 30.0
507904.46 3881335.23 30.0
507904.46 3881335.23 30.0
507904.33 3881335.20 30.0
507904.33 3881335.20 30.0
507904.25 3881335.16 30.0
507904.25 3881335.16 30.0
507904.14 3881335.09 30.0
507904.14 3881335.09 30.0
507904.04 3881335.02 30.0
507904.04 3881335.02 30.0
507903.89 3881334.94 30.0
507903.89 3881334.94 30.0
507903.75 3881334.87 30.0
507903.75 3881334.87 30.0
507903.63 3881334.78 30.0
507903.63 3881334.78 30.0
507903.63 3881334.78 30.0
507903.50 3881334.70 30.0
507903.35 3881334.62 30.0
507903.35 3881334.62 30.0
507903.21 3881334.55 30.0
507903.35 3881334.62 30.0
507903.21 3881334.55 30.0
507903.06 3881334.46 30.0
507903.06 3881334.46 30.0
507902.91 3881334.37 30.0
507902.91 3881334.37 30.0
507902.77 3881334.28 30.0
507902.77 3881334.28 30.0
507902.62 3881334.18 30.0
507902.49 3881334.09 30.0
507902.62 3881334.18 30.0
507902.34 3881333.99 30.0
507902.34 3881333.99 30.0
507902.19 3881333.91 30.0
507902.34 3881333.99 30.0
507902.02 3881333.83 30.0
507902.02 3881333.83 30.0
507902.02 3881333.83 30.0
507901.86 3881333.76 30.0
507901.86 3881333.76 30.0
507901.69 3881333.69 30.0
507901.51 3881333.62 30.0
507901.51 3881333.62 30.0
507901.35 3881333.55 30.0
507901.35 3881333.55 30.0
507901.35 3881333.55 30.0
507901.17 3881333.47 30.0
507900.97 3881333.39 30.0
507901.17 3881333.47 30.0
507900.97 3881333.39 30.0
507900.78 3881333.32 30.0
507900.78 3881333.32 30.0
507900.61 3881333.26 30.0
507900.61 3881333.26 30.0
507900.43 3881333.19 30.0
507900.23 3881333.12 30.0
507900.43 3881333.19 30.0
507900.04 3881333.03 30.0
507900.23 3881333.12 30.0
507900.04 3881333.03 30.0
507899.87 3881332.96 30.0
507899.72 3881332.89 30.0
507899.72 3881332.89 30.0
507899.72 3881332.89 30.0
507899.53 3881332.85 30.0
507899.53 3881332.85 30.0
507899.30 3881332.79 30.0
507899.30 3881332.79 30.0
507899.09 3881332.73 30.0
507899.09 3881332.73 30.0
507898.86 3881332.66 30.0
507898.86 3881332.66 30.0
507898.66 3881332.59 30.0
507898.66 3881332.59 30.0
507898.48 3881332.52 30.0
507898.29 3881332.44 30.0
507898.48 3881332.52 30.0
507898.29 3881332.44 30.0
507898.11 3881332.36 30.0
507897.94 3881332.26 30.0
507897.94 3881332.26 30.0
507897.94 3881332.26 30.0
507897.75 3881332.18 30.0
507897.56 3881332.11 30.0
507897.56 3881332.11 30.0
507897.56 3881332.11 30.0
507897.33 3881332.04 30.0
507897.33 3881332.04 30.0
507897.13 3881331.98 30.0
507897.13 3881331.98 30.0
507896.94 3881331.89 30.0
507896.75 3881331.81 30.0
507896.94 3881331.89 30.0
507896.75 3881331.81 30.0
507896.54 3881331.73 30.0
507896.34 3881331.64 30.0
507896.54 3881331.73 30.0
507896.13 3881331.57 30.0
507896.13 3881331.57 30.0
507896.13 3881331.57 30.0
507895.94 3881331.48 30.0
507895.75 3881331.40 30.0
507895.75 3881331.40 30.0
507895.56 3881331.32 30.0
507895.56 3881331.32 30.0
507895.38 3881331.23 30.0
507895.38 3881331.23 30.0
507895.19 3881331.16 30.0
507895.19 3881331.16 30.0
507894.98 3881331.08 30.0
507894.98 3881331.08 30.0
507894.98 3881331.08 30.0
507894.79 3881330.99 30.0
507894.79 3881330.99 30.0
507894.59 3881330.91 30.0
507894.59 3881330.91 30.0
507894.39 3881330.82 30.0
507894.39 3881330.82 30.0
507894.19 3881330.76 30.0
507894.19 3881330.76 30.0
507894.00 3881330.67 30.0
507894.00 3881330.67 30.0
507893.81 3881330.59 30.0
507893.61 3881330.51 30.0
507893.61 3881330.51 30.0
507893.61 3881330.51 30.0
507893.39 3881330.43 30.0
507893.20 3881330.36 30.0
507893.20 3881330.36 30.0
507893.00 3881330.28 30.0
507893.00 3881330.28 30.0
507893.00 3881330.28 30.0
507892.78 3881330.21 30.0
507892.78 3881330.21 30.0
507892.58 3881330.13 30.0
507892.58 3881330.13 30.0
507892.37 3881330.07 30.0
507892.16 3881330.00 30.0
507892.16 3881330.00 30.0
507891.95 3881329.92 30.0
507892.16 3881330.00 30.0
507891.75 3881329.84 30.0
507891.75 3881329.84 30.0
507891.75 3881329.84 30.0
507891.56 3881329.77 30.0
507891.56 3881329.77 30.0
507891.37 3881329.69 30.0
507891.37 3881329.69 30.0
507891.18 3881329.61 30.0
507891.18 3881329.61 30.0
507890.99 3881329.54 30.0
507890.99 3881329.54 30.0
507890.80 3881329.48 30.0
507890.80 3881329.48 30.0
507890.62 3881329.40 30.0
507890.62 3881329.40 30.0
507890.44 3881329.33 30.0
507890.44 3881329.33 30.0
507890.25 3881329.26 30.0
507890.25 3881329.26 30.0
507890.07 3881329.18 30.0
507890.07 3881329.18 30.0
507889.88 3881329.10 30.0
507889.88 3881329.10 30.0
507889.70 3881329.02 30.0
507889.70 3881329.02 30.0
507889.52 3881328.94 30.0
507889.52 3881328.94 30.0
507889.34 3881328.87 30.0
507889.15 3881328.80 30.0
507889.15 3881328.80 30.0
507889.15 3881328.80 30.0
507889.00 3881328.72 30.0
507888.85 3881328.64 30.0
507888.85 3881328.64 30.0
507888.85 3881328.64 30.0
507888.47 3881328.54 30.0
507888.26 3881328.50 30.0
507888.26 3881328.50 30.0
507888.09 3881328.43 30.0
507888.09 3881328.43 30.0
507888.09 3881328.43 30.0
507887.90 3881328.37 30.0
507887.90 3881328.37 30.0
507887.68 3881328.29 30.0
507887.68 3881328.29 30.0
507887.47 3881328.22 30.0
507887.24 3881328.18 30.0
507887.24 3881328.18 30.0
507887.24 3881328.18 30.0
507887.11 3881328.11 30.0
507887.11 3881328.11 30.0
507886.94 3881328.02 30.0
507886.71 3881327.94 30.0
507886.71 3881327.94 30.0
507886.71 3881327.94 30.0
507886.49 3881327.88 30.0
507886.29 3881327.81 30.0
507886.49 3881327.88 30.0
507886.11 3881327.73 30.0
507886.11 3881327.73 30.0
507886.16 3881327.48 30.0
507886.16 3881327.48 30.0
507886.16 3881327.48 30.0
507886.16 3881327.31 30.0
507886.16 3881327.14 30.0
507886.16 3881327.14 30.0
507886.08 3881327.02 30.0
507886.08 3881327.02 30.0
507886.00 3881326.92 30.0
507886.00 3881326.92 30.0
507885.93 3881326.81 30.0
507885.93 3881326.81 30.0
507885.93 3881326.81 30.0
507885.84 3881326.71 30.0
507885.74 3881326.62 30.0
507885.74 3881326.62 30.0
507885.74 3881326.62 30.0
507885.72 3881326.55 30.0
507885.71 3881326.43 30.0
507885.72 3881326.55 30.0
507885.61 3881326.32 30.0
507885.61 3881326.32 30.0
507885.50 3881326.22 30.0
507885.61 3881326.32 30.0
507885.37 3881326.11 30.0
507885.50 3881326.22 30.0
507885.25 3881326.00 30.0
507885.37 3881326.11 30.0
507885.13 3881325.92 30.0
507885.13 3881325.92 30.0
507884.96 3881325.85 30.0
507884.96 3881325.85 30.0
507884.92 3881325.52 30.0
507884.92 3881325.52 30.0
507884.85 3881325.25 30.0
507884.85 3881325.25 30.0
507884.85 3881325.25 30.0
507884.75 3881325.03 30.0
507884.75 3881325.03 30.0
507884.49 3881324.95 30.0
507884.49 3881324.95 30.0
507884.30 3881324.85 30.0
507884.09 3881324.67 30.0
507884.30 3881324.85 30.0
507884.09 3881324.67 30.0
507883.85 3881324.54 30.0
507883.66 3881324.38 30.0
507883.66 3881324.38 30.0
507883.66 3881324.38 30.0
507883.43 3881324.24 30.0
507883.24 3881324.09 30.0
507883.24 3881324.09 30.0
507883.08 3881323.93 30.0
507883.08 3881323.93 30.0
507882.84 3881323.83 30.0
507882.84 3881323.83 30.0
507882.84 3881323.83 30.0
507882.61 3881323.73 30.0
507882.61 3881323.73 30.0
507882.40 3881323.61 30.0
507882.21 3881323.50 30.0
507882.21 3881323.50 30.0
507882.04 3881323.40 30.0
507882.04 3881323.40 30.0
507881.83 3881323.33 30.0
507882.04 3881323.40 30.0
507881.65 3881323.21 30.0
507881.65 3881323.21 30.0
507881.65 3881323.21 30.0
507881.46 3881323.11 30.0
507881.46 3881323.11 30.0
507881.28 3881323.03 30.0
507881.28 3881323.03 30.0
507881.10 3881322.93 30.0
507880.93 3881322.84 30.0
507881.10 3881322.93 30.0
507880.74 3881322.77 30.0
507880.74 3881322.77 30.0
507880.74 3881322.77 30.0
507880.54 3881322.69 30.0
507880.36 3881322.68 30.0
507880.36 3881322.68 30.0
507880.18 3881322.67 30.0
507880.18 3881322.67 30.0
507880.01 3881322.66 30.0
507880.01 3881322.66 30.0
507880.01 3881322.66 30.0
507879.84 3881322.63 30.0
507879.69 3881322.60 30.0
507879.69 3881322.60 30.0
507879.69 3881322.60 30.0
507879.48 3881322.61 30.0
507879.48 3881322.61 30.0
507879.25 3881322.62 30.0
507879.25 3881322.62 30.0
507878.79 3881322.65 30.0
507878.79 3881322.65 30.0
507878.57 3881322.66 30.0
507878.57 3881322.66 30.0
507878.35 3881322.65 30.0
507878.13 3881322.65 30.0
507878.13 3881322.65 30.0
507877.92 3881322.63 30.0
507877.92 3881322.63 30.0
507877.92 3881322.63 30.0
507877.73 3881322.62 30.0
507877.73 3881322.62 30.0
507877.53 3881322.61 30.0
507877.53 3881322.61 30.0
507877.09 3881322.73 30.0
507876.77 3881322.94 30.0
507877.09 3881322.73 30.0
507876.56 3881323.02 30.0
507876.77 3881322.94 30.0
507876.27 3881323.12 30.0
507876.27 3881323.12 30.0
507876.27 3881323.12 30.0
507875.92 3881323.22 30.0
507875.92 3881323.22 30.0
507875.68 3881323.29 30.0
507875.68 3881323.29 30.0
507875.46 3881323.38 30.0
507875.46 3881323.38 30.0
507875.25 3881323.45 30.0
507875.25 3881323.45 30.0
507875.02 3881323.49 30.0
507874.80 3881323.51 30.0
507874.80 3881323.51 30.0
507874.59 3881323.50 30.0
507874.80 3881323.51 30.0
507874.59 3881323.50 30.0
507874.40 3881323.51 30.0
507874.40 3881323.51 30.0
507874.20 3881323.54 30.0
507874.20 3881323.54 30.0
507873.98 3881323.56 30.0
507873.98 3881323.56 30.0
507873.76 3881323.61 30.0
507873.51 3881323.63 30.0
507873.51 3881323.63 30.0
507873.51 3881323.63 30.0
507873.18 3881323.60 30.0
507873.18 3881323.60 30.0
507872.83 3881323.58 30.0
507872.83 3881323.58 30.0
507872.59 3881323.55 30.0
507872.59 3881323.55 30.0
507872.38 3881323.55 30.0
507872.13 3881323.54 30.0
507872.13 3881323.54 30.0
507871.81 3881323.52 30.0
507872.13 3881323.54 30.0
507871.54 3881323.46 30.0
507871.54 3881323.46 30.0
507871.54 3881323.46 30.0
507871.25 3881323.44 30.0
507871.25 3881323.44 30.0
507870.98 3881323.41 30.0
507870.69 3881323.37 30.0
507870.69 3881323.37 30.0
507870.44 3881323.33 30.0
507870.44 3881323.33 30.0
507870.18 3881323.27 30.0
507870.18 3881323.27 30.0
507869.93 3881323.25 30.0
507869.93 3881323.25 30.0
507869.93 3881323.25 30.0
507869.68 3881323.22 30.0
507869.39 3881323.15 30.0
507869.39 3881323.15 30.0
507869.10 3881323.07 30.0
507869.10 3881323.07 30.0
507868.55 3881323.18 30.0
507869.10 3881323.07 30.0
507868.19 3881323.18 30.0
507868.19 3881323.18 30.0
507867.86 3881323.15 30.0
507867.86 3881323.15 30.0
507867.55 3881323.12 30.0
507867.55 3881323.12 30.0
507867.55 3881323.12 30.0
507867.32 3881323.06 30.0
507867.07 3881322.98 30.0
507867.07 3881322.98 30.0
507866.80 3881322.92 30.0
507866.80 3881322.92 30.0
507866.80 3881322.92 30.0
507866.53 3881322.88 30.0
507866.29 3881322.84 30.0
507866.29 3881322.84 30.0
507866.04 3881322.80 30.0
507866.04 3881322.80 30.0
507865.81 3881322.75 30.0
507865.81 3881322.75 30.0
507865.56 3881322.70 30.0
507865.81 3881322.75 30.0
507865.56 3881322.70 30.0
507865.31 3881322.69 30.0
507865.09 3881322.63 30.0
507865.09 3881322.63 30.0
507865.09 3881322.63 30.0
507864.89 3881322.57 30.0
507864.89 3881322.57 30.0
507864.69 3881322.49 30.0
507864.22 3881322.45 30.0
507864.22 3881322.45 30.0
507864.22 3881322.45 30.0
507863.83 3881322.40 30.0
507863.42 3881322.39 30.0
507863.83 3881322.40 30.0
507863.06 3881322.38 30.0
507863.06 3881322.38 30.0
507863.06 3881322.38 30.0
507862.71 3881322.37 30.0
507862.71 3881322.37 30.0
507862.36 3881322.36 30.0
507862.36 3881322.36 30.0
507862.06 3881322.32 30.0
507862.06 3881322.32 30.0
507861.85 3881322.26 30.0
507861.85 3881322.26 30.0
507861.65 3881322.17 30.0
507861.45 3881322.12 30.0
507861.65 3881322.17 30.0
507861.23 3881322.08 30.0
507861.45 3881322.12 30.0
507861.23 3881322.08 30.0
507861.04 3881322.03 30.0
507860.85 3881322.00 30.0
507861.04 3881322.03 30.0
507860.85 3881322.00 30.0
507860.66 3881321.94 30.0
507860.66 3881321.94 30.0
507860.48 3881321.88 30.0
507860.28 3881321.82 30.0
507860.48 3881321.88 30.0
507860.28 3881321.82 30.0
507860.08 3881321.77 30.0
507860.08 3881321.77 30.0
507859.39 3881322.32 30.0
507859.02 3881322.49 30.0
507859.39 3881322.32 30.0
507858.64 3881322.65 30.0
507858.64 3881322.65 30.0
507858.40 3881322.67 30.0
507858.64 3881322.65 30.0
507858.40 3881322.67 30.0
507858.18 3881322.67 30.0
507858.18 3881322.67 30.0
507857.94 3881322.70 30.0
507857.94 3881322.70 30.0
507857.71 3881322.70 30.0
507857.51 3881322.67 30.0
507857.51 3881322.67 30.0
507857.51 3881322.67 30.0
507856.96 3881323.04 30.0
507856.96 3881323.04 30.0
507856.50 3881323.30 30.0
507856.13 3881323.46 30.0
507856.13 3881323.46 30.0
507855.81 3881323.55 30.0
507855.81 3881323.55 30.0
507855.81 3881323.55 30.0
507855.51 3881323.60 30.0
507855.51 3881323.60 30.0
507855.23 3881323.64 30.0
507855.02 3881323.59 30.0
507855.02 3881323.59 30.0
507855.02 3881323.59 30.0
507854.82 3881323.51 30.0
507854.61 3881323.46 30.0
507854.61 3881323.46 30.0
507854.61 3881323.46 30.0
507854.40 3881323.39 30.0
507854.40 3881323.39 30.0
507854.17 3881323.34 30.0
507854.17 3881323.34 30.0
507853.95 3881323.28 30.0
507853.95 3881323.28 30.0
507853.72 3881323.23 30.0
507853.72 3881323.23 30.0
507853.51 3881323.18 30.0
507853.29 3881323.13 30.0
507853.29 3881323.13 30.0
507853.08 3881323.08 30.0
507853.08 3881323.08 30.0
507853.08 3881323.08 30.0
507852.85 3881323.08 30.0
507852.62 3881323.03 30.0
507852.62 3881323.03 30.0
507852.39 3881323.00 30.0
507852.62 3881323.03 30.0
507852.39 3881323.00 30.0
507852.18 3881322.92 30.0
507852.18 3881322.92 30.0
507851.97 3881322.86 30.0
507851.97 3881322.86 30.0
507851.77 3881322.78 30.0
507851.77 3881322.78 30.0
507851.57 3881322.70 30.0
507851.37 3881322.61 30.0
507851.37 3881322.61 30.0
507851.37 3881322.61 30.0
507851.13 3881322.56 30.0
507850.91 3881322.49 30.0
507850.91 3881322.49 30.0
507850.91 3881322.49 30.0
507850.70 3881322.41 30.0
507850.70 3881322.41 30.0
507850.49 3881322.32 30.0
507850.29 3881322.23 30.0
507850.29 3881322.23 30.0
507850.29 3881322.23 30.0
507850.08 3881322.15 30.0
507850.08 3881322.15 30.0
507849.87 3881322.06 30.0
507849.67 3881321.98 30.0
507849.67 3881321.98 30.0
507849.67 3881321.98 30.0
507849.41 3881321.91 30.0
507849.41 3881321.91 30.0
507849.19 3881321.81 30.0
507848.97 3881321.72 30.0
507848.97 3881321.72 30.0
507848.76 3881321.61 30.0
507848.97 3881321.72 30.0
507848.76 3881321.61 30.0
507848.56 3881321.51 30.0
507848.35 3881321.41 30.0
507848.35 3881321.41 30.0
507848.35 3881321.41 30.0
507848.15 3881321.30 30.0
507847.95 3881321.20 30.0
507847.95 3881321.20 30.0
507847.71 3881321.13 30.0
507847.95 3881321.20 30.0
507847.46 3881321.07 30.0
507847.46 3881321.07 30.0
507847.22 3881321.00 30.0
507847.22 3881321.00 30.0
507846.99 3881320.92 30.0
507846.99 3881320.92 30.0
507846.76 3881320.83 30.0
507846.76 3881320.83 30.0
507846.76 3881320.83 30.0
507846.54 3881320.74 30.0
507846.54 3881320.74 30.0
507846.33 3881320.63 30.0
507846.13 3881320.53 30.0
507846.33 3881320.63 30.0
507845.87 3881320.43 30.0
507845.87 3881320.43 30.0
507845.61 3881320.34 30.0
507845.87 3881320.43 30.0
507845.61 3881320.34 30.0
507845.36 3881320.24 30.0
507845.36 3881320.24 30.0
507845.12 3881320.16 30.0
507845.12 3881320.16 30.0
507844.87 3881320.04 30.0
507844.65 3881319.94 30.0
507844.65 3881319.94 30.0
507844.43 3881319.84 30.0
507844.65 3881319.94 30.0
507844.21 3881319.74 30.0
507844.43 3881319.84 30.0
507844.21 3881319.74 30.0
507843.95 3881319.69 30.0
507843.70 3881319.62 30.0
507843.70 3881319.62 30.0
507843.47 3881319.57 30.0
507843.47 3881319.57 30.0
507843.47 3881319.57 30.0
507843.22 3881319.49 30.0
507843.22 3881319.49 30.0
507842.98 3881319.42 30.0
507842.98 3881319.42 30.0
507842.76 3881319.36 30.0
507842.76 3881319.36 30.0
507842.52 3881319.28 30.0
507842.52 3881319.28 30.0
507842.29 3881319.20 30.0
507842.04 3881319.14 30.0
507842.04 3881319.14 30.0
507842.04 3881319.14 30.0
507841.78 3881319.08 30.0
507841.54 3881319.00 30.0
507841.54 3881319.00 30.0
507841.30 3881318.92 30.0
507841.30 3881318.92 30.0
507841.06 3881318.84 30.0
507841.06 3881318.84 30.0
507841.06 3881318.84 30.0
507840.82 3881318.77 30.0
507840.60 3881318.69 30.0
507840.60 3881318.69 30.0
507840.37 3881318.60 30.0
507840.60 3881318.69 30.0
507840.37 3881318.60 30.0
507840.14 3881318.52 30.0
507839.92 3881318.43 30.0
507840.14 3881318.52 30.0
507839.92 3881318.43 30.0
507839.69 3881318.34 30.0
507839.69 3881318.34 30.0
507839.48 3881318.27 30.0
507839.48 3881318.27 30.0
507839.26 3881318.19 30.0
507839.26 3881318.19 30.0
507839.04 3881318.10 30.0
507839.04 3881318.10 30.0
507838.82 3881318.02 30.0
507838.59 3881317.94 30.0
507838.82 3881318.02 30.0
507838.36 3881317.88 30.0
507838.36 3881317.88 30.0
507838.36 3881317.88 30.0
507838.14 3881317.80 30.0
507837.91 3881317.72 30.0
507837.91 3881317.72 30.0
507837.91 3881317.72 30.0
507837.69 3881317.64 30.0
507837.48 3881317.57 30.0
507837.69 3881317.64 30.0
507837.48 3881317.57 30.0
507837.27 3881317.49 30.0
507837.27 3881317.49 30.0
507837.06 3881317.41 30.0
507837.06 3881317.41 30.0
507837.13 3881317.17 30.0
507837.13 3881317.17 30.0
507837.17 3881316.92 30.0
507837.15 3881316.80 30.0
507837.17 3881316.92 30.0
507837.13 3881316.69 30.0
507837.13 3881316.69 30.0
507837.06 3881316.61 30.0
507837.13 3881316.69 30.0
507837.06 3881316.61 30.0
507836.96 3881316.50 30.0
507836.96 3881316.50 30.0
507836.86 3881316.40 30.0
507836.86 3881316.40 30.0
507836.75 3881316.31 30.0
507836.75 3881316.31 30.0
507836.65 3881316.24 30.0
507836.65 3881316.24 30.0
507836.52 3881316.17 30.0
507836.52 3881316.17 30.0
507836.38 3881316.09 30.0
507836.26 3881316.01 30.0
507836.26 3881316.01 30.0
507836.26 3881316.01 30.0
507836.17 3881315.96 30.0
507836.17 3881315.96 30.0
507836.07 3881315.92 30.0
507836.07 3881315.92 30.0
507836.03 3881315.87 30.0
507836.03 3881315.87 30.0
507836.01 3881315.77 30.0
507835.93 3881315.66 30.0
507835.93 3881315.66 30.0
507835.79 3881315.58 30.0
507835.93 3881315.66 30.0
507835.69 3881315.48 30.0
507835.69 3881315.48 30.0
507835.58 3881315.38 30.0
507835.69 3881315.48 30.0
507835.42 3881315.29 30.0
507835.58 3881315.38 30.0
507835.42 3881315.29 30.0
507835.28 3881315.22 30.0
507835.28 3881315.22 30.0
507835.12 3881315.16 30.0
507835.12 3881315.16 30.0
507834.98 3881315.08 30.0
507834.98 3881315.08 30.0
507834.83 3881314.99 30.0
507834.70 3881314.93 30.0
507834.83 3881314.99 30.0
507834.70 3881314.93 30.0
507834.54 3881314.87 30.0
507834.54 3881314.87 30.0
507834.38 3881314.76 30.0
507834.38 3881314.76 30.0
507834.22 3881314.65 30.0
507834.22 3881314.65 30.0
507834.04 3881314.56 30.0
507834.04 3881314.56 30.0
507833.85 3881314.47 30.0
507833.65 3881314.41 30.0
507833.65 3881314.41 30.0
507833.47 3881314.32 30.0
507833.65 3881314.41 30.0
507833.47 3881314.32 30.0
507833.30 3881314.19 30.0
507833.13 3881314.07 30.0
507833.30 3881314.19 30.0
507833.13 3881314.07 30.0
507832.96 3881313.95 30.0
507832.96 3881313.95 30.0
507832.76 3881313.89 30.0
507832.76 3881313.89 30.0
507832.55 3881313.85 30.0
507832.55 3881313.85 30.0
507832.34 3881313.78 30.0
507832.34 3881313.78 30.0
507832.11 3881313.75 30.0
507832.11 3881313.75 30.0
507831.87 3881313.72 30.0
507831.87 3881313.72 30.0
507831.64 3881313.72 30.0
507831.64 3881313.72 30.0
507831.41 3881313.73 30.0
507831.17 3881313.76 30.0
507831.17 3881313.76 30.0
507831.17 3881313.76 30.0
507830.95 3881313.77 30.0
507830.95 3881313.77 30.0
507830.71 3881313.77 30.0
507830.48 3881313.78 30.0
507830.71 3881313.77 30.0
507830.48 3881313.78 30.0
507830.25 3881313.78 30.0
507830.03 3881313.78 30.0
507830.25 3881313.78 30.0
507829.82 3881313.79 30.0
507829.82 3881313.79 30.0
507829.59 3881313.81 30.0
507829.59 3881313.81 30.0
507829.38 3881313.81 30.0
507829.38 3881313.81 30.0
507829.38 3881313.81 30.0
507829.17 3881313.83 30.0
507828.94 3881313.84 30.0
507828.94 3881313.84 30.0
507828.94 3881313.84 30.0
507828.70 3881313.86 30.0
507828.70 3881313.86 30.0
507828.47 3881313.89 30.0
507828.18 3881313.92 30.0
507828.18 3881313.92 30.0
507827.87 3881313.99 30.0
507827.87 3881313.99 30.0
507827.87 3881313.99 30.0
507827.56 3881314.05 30.0
507827.56 3881314.05 30.0
507827.31 3881314.10 30.0
507827.31 3881314.10 30.0
507827.08 3881314.12 30.0
507827.08 3881314.12 30.0
507826.84 3881314.14 30.0
507826.84 3881314.14 30.0
507826.62 3881314.15 30.0
507826.14 3881314.15 30.0
507826.62 3881314.15 30.0
507826.14 3881314.15 30.0
507825.89 3881314.19 30.0
507825.89 3881314.19 30.0
507825.58 3881314.24 30.0
507825.13 3881314.14 30.0
507825.58 3881314.24 30.0
507825.13 3881314.14 30.0
507824.62 3881314.14 30.0
507824.62 3881314.14 30.0
507824.03 3881314.16 30.0
507823.66 3881314.24 30.0
507823.66 3881314.24 30.0
507823.28 3881314.35 30.0
507823.28 3881314.35 30.0
507822.89 3881314.47 30.0
507823.28 3881314.35 30.0
507822.89 3881314.47 30.0
507822.53 3881314.58 30.0
507822.21 3881314.67 30.0
507822.21 3881314.67 30.0
507822.21 3881314.67 30.0
507821.92 3881314.75 30.0
507821.92 3881314.75 30.0
507821.65 3881314.81 30.0
507821.65 3881314.81 30.0
507821.35 3881314.89 30.0
507821.35 3881314.89 30.0
507821.04 3881315.00 30.0
507820.72 3881315.11 30.0
507820.72 3881315.11 30.0
507820.72 3881315.11 30.0
507820.40 3881315.21 30.0
507820.40 3881315.21 30.0
507820.09 3881315.31 30.0
507820.09 3881315.31 30.0
507819.80 3881315.40 30.0
507819.80 3881315.40 30.0
507819.51 3881315.46 30.0
507819.21 3881315.56 30.0
507819.21 3881315.56 30.0
507818.92 3881315.63 30.0
507818.92 3881315.63 30.0
507818.92 3881315.63 30.0
507818.46 3881315.97 30.0
507818.46 3881315.97 30.0
507818.09 3881316.26 30.0
507818.09 3881316.26 30.0
507817.75 3881316.51 30.0
507817.17 3881316.65 30.0
507817.75 3881316.51 30.0
507816.84 3881316.82 30.0
507816.84 3881316.82 30.0
507816.84 3881316.82 30.0
507816.53 3881317.03 30.0
507816.19 3881317.20 30.0
507816.19 3881317.20 30.0
507815.86 3881317.38 30.0
507815.86 3881317.38 30.0
507815.86 3881317.38 30.0
507815.53 3881317.56 30.0
507815.40 3881317.91 30.0
507815.40 3881317.91 30.0
507815.40 3881317.91 30.0
507815.39 3881318.28 30.0
507814.91 3881318.22 30.0
507814.91 3881318.22 30.0
507814.48 3881318.39 30.0
507814.91 3881318.22 30.0
507814.52 3881318.75 30.0
507814.48 3881318.39 30.0
507814.29 3881318.84 30.0
507814.29 3881318.84 30.0
507814.29 3881318.84 30.0
507814.12 3881318.99 30.0
507813.86 3881319.10 30.0
507813.86 3881319.10 30.0
507813.86 3881319.10 30.0
507813.39 3881319.19 30.0
507813.19 3881319.33 30.0
507813.19 3881319.33 30.0
507813.19 3881319.33 30.0
507813.05 3881319.65 30.0
507813.04 3881320.09 30.0
507813.04 3881320.09 30.0
507812.89 3881320.31 30.0
507812.89 3881320.31 30.0
507812.73 3881320.42 30.0
507812.89 3881320.31 30.0
507812.70 3881320.66 30.0
507812.73 3881320.42 30.0
507812.52 3881320.82 30.0
507812.52 3881320.82 30.0
507812.52 3881320.82 30.0
507812.28 3881320.88 30.0
507812.04 3881320.96 30.0
507812.28 3881320.88 30.0
507811.81 3881321.05 30.0
507812.04 3881320.96 30.0
507811.61 3881321.15 30.0
507811.61 3881321.15 30.0
507811.61 3881321.15 30.0
507811.41 3881321.30 30.0
507811.24 3881321.47 30.0
507811.24 3881321.47 30.0
507811.07 3881321.65 30.0
507811.07 3881321.65 30.0
507811.07 3881321.65 30.0
507810.87 3881321.73 30.0
507810.72 3881321.89 30.0
507810.72 3881321.89 30.0
507810.72 3881321.89 30.0
507810.56 3881322.06 30.0
507810.56 3881322.06 30.0
507810.43 3881322.22 30.0
507810.43 3881322.22 30.0
507810.20 3881322.32 30.0
507810.20 3881322.32 30.0
507810.01 3881322.43 30.0
507809.91 3881322.62 30.0
507810.01 3881322.43 30.0
507809.91 3881322.62 30.0
507809.76 3881322.75 30.0
507809.76 3881322.75 30.0
507809.64 3881322.91 30.0
507809.64 3881322.91 30.0
507809.55 3881323.09 30.0
507809.41 3881323.21 30.0
507809.55 3881323.09 30.0
507809.41 3881323.21 30.0
507809.29 3881323.34 30.0
507809.29 3881323.34 30.0
507809.18 3881323.51 30.0
507809.14 3881323.68 30.0
507809.14 3881323.68 30.0
507808.94 3881323.74 30.0
507808.94 3881323.74 30.0
507808.75 3881323.81 30.0
507808.75 3881323.81 30.0
507808.54 3881323.86 30.0
507808.54 3881323.86 30.0
507808.36 3881323.99 30.0
507808.36 3881323.99 30.0
507807.96 3881324.04 30.0
507807.96 3881324.04 30.0
507807.96 3881324.04 30.0
507807.83 3881324.12 30.0
507807.83 3881324.12 30.0
507807.69 3881324.23 30.0
507807.69 3881324.23 30.0
507807.58 3881324.26 30.0
507807.47 3881324.30 30.0
507807.47 3881324.30 30.0
507807.47 3881324.30 30.0
507807.32 3881324.38 30.0
507806.91 3881324.40 30.0
507807.32 3881324.38 30.0
507806.91 3881324.40 30.0
507806.75 3881324.50 30.0
507806.75 3881324.50 30.0
507806.60 3881324.60 30.0
507806.60 3881324.60 30.0
507806.44 3881324.68 30.0
507806.44 3881324.68 30.0
507806.30 3881324.71 30.0
507806.18 3881324.74 30.0
507806.18 3881324.74 30.0
507806.04 3881324.81 30.0
507806.04 3881324.81 30.0
507806.04 3881324.81 30.0
507805.88 3881324.89 30.0
507805.83 3881325.05 30.0
507805.83 3881325.05 30.0
507805.83 3881325.05 30.0
507805.72 3881325.12 30.0
507805.75 3881325.31 30.0
507805.75 3881325.31 30.0
507805.69 3881325.43 30.0
507805.69 3881325.43 30.0
507805.64 3881325.51 30.0
507805.69 3881325.43 30.0
507805.64 3881325.51 30.0
507805.52 3881325.62 30.0
507805.52 3881325.62 30.0
507805.46 3881325.81 30.0
507805.46 3881325.81 30.0
507805.41 3881325.99 30.0
507805.28 3881326.02 30.0
507805.28 3881326.02 30.0
507805.28 3881326.02 30.0
507805.18 3881326.11 30.0
507805.21 3881326.28 30.0
507805.21 3881326.28 30.0
507805.21 3881326.28 30.0
507804.86 3881326.35 30.0
507804.86 3881326.35 30.0
507804.85 3881326.58 30.0
507805.02 3881327.09 30.0
507805.02 3881327.09 30.0
507805.13 3881327.54 30.0
507805.02 3881327.09 30.0
507805.13 3881327.54 30.0
507805.40 3881328.23 30.0
507805.76 3881329.03 30.0
507805.40 3881328.23 30.0
507805.76 3881329.03 30.0
507805.67 3881329.35 30.0
507805.63 3881329.74 30.0
507805.63 3881329.74 30.0
507805.68 3881330.21 30.0
507805.68 3881330.21 30.0
507805.69 3881330.61 30.0
507805.69 3881330.61 30.0
507805.86 3881331.12 30.0
507805.69 3881330.61 30.0
507805.86 3881331.12 30.0
507806.02 3881331.60 30.0
507806.02 3881331.60 30.0
507806.18 3881332.13 30.0
507806.18 3881332.13 30.0
507806.40 3881332.76 30.0
507806.40 3881332.76 30.0
507806.53 3881333.37 30.0
507806.70 3881334.38 30.0
507806.53 3881333.37 30.0
507806.70 3881334.38 30.0
507806.66 3881335.13 30.0
507806.60 3881335.44 30.0
507806.66 3881335.13 30.0
507806.60 3881335.44 30.0
507806.55 3881335.65 30.0
507806.55 3881335.65 30.0
507806.52 3881336.00 30.0
507806.52 3881336.00 30.0
507806.29 3881336.60 30.0
507806.29 3881336.60 30.0
507806.22 3881336.87 30.0
507806.22 3881336.87 30.0
507806.21 3881337.32 30.0
507806.21 3881337.32 30.0
507806.11 3881337.81 30.0
507806.11 3881337.81 30.0
507805.93 3881338.38 30.0
507805.92 3881339.10 30.0
507805.92 3881339.10 30.0
507805.92 3881339.10 30.0
507805.78 3881339.67 30.0
507805.93 3881340.32 30.0
507805.93 3881340.32 30.0
507805.93 3881340.32 30.0
507806.10 3881340.87 30.0
507806.10 3881340.87 30.0
507806.23 3881341.27 30.0
507806.23 3881341.27 30.0
507806.19 3881341.48 30.0
507806.23 3881341.75 30.0
507806.19 3881341.48 30.0
507806.25 3881341.95 30.0
507806.25 3881341.95 30.0
507806.25 3881341.95 30.0
507806.16 3881342.08 30.0
507806.26 3881342.37 30.0
507806.26 3881342.37 30.0
507806.36 3881342.52 30.0
507806.36 3881342.52 30.0
507806.68 3881342.80 30.0
507806.68 3881342.80 30.0
507806.95 3881343.12 30.0
507806.95 3881343.12 30.0
507807.29 3881343.49 30.0
507807.29 3881343.49 30.0
507807.71 3881343.86 30.0
507807.71 3881343.86 30.0
507807.76 3881343.94 30.0
507807.71 3881343.86 30.0
507808.21 3881344.02 30.0
507807.76 3881343.94 30.0
507808.65 3881344.11 30.0
507808.21 3881344.02 30.0
507808.65 3881344.11 30.0
507809.23 3881344.33 30.0
507809.34 3881344.29 30.0
507809.23 3881344.33 30.0
507809.34 3881344.29 30.0
507809.66 3881344.28 30.0
507809.66 3881344.28 30.0
507810.00 3881344.33 30.0
507810.00 3881344.33 30.0
507810.43 3881344.55 30.0
507810.43 3881344.55 30.0
507810.91 3881345.01 30.0
507810.91 3881345.01 30.0
507811.44 3881345.56 30.0
507811.75 3881345.96 30.0
507811.75 3881345.96 30.0
507812.13 3881346.33 30.0
507812.13 3881346.33 30.0
507812.13 3881346.33 30.0
507812.59 3881346.80 30.0
507812.59 3881346.80 30.0
507812.95 3881347.10 30.0
507812.95 3881347.10 30.0
507813.35 3881347.49 30.0
507813.80 3881348.07 30.0
507813.80 3881348.07 30.0
507814.45 3881348.90 30.0
507814.45 3881348.90 30.0
507814.45 3881348.90 30.0
507815.56 3881350.26 30.0
507816.12 3881350.94 30.0
507816.12 3881350.94 30.0
507816.22 3881351.27 30.0
507816.22 3881351.27 30.0
507816.48 3881351.75 30.0
507816.48 3881351.75 30.0
507816.77 3881352.26 30.0
507816.77 3881352.26 30.0
507816.77 3881352.26 30.0
507817.11 3881352.89 30.0
507817.11 3881352.89 30.0
507817.49 3881353.62 30.0
507817.49 3881353.62 30.0
507817.88 3881354.43 30.0
507817.88 3881354.43 30.0
507818.29 3881355.03 30.0
507818.68 3881355.66 30.0
507818.68 3881355.66 30.0
507818.68 3881355.66 30.0
507819.10 3881356.34 30.0
507819.48 3881357.02 30.0
507819.48 3881357.02 30.0
507819.83 3881357.62 30.0
507819.83 3881357.62 30.0
507819.83 3881357.62 30.0
507820.16 3881358.21 30.0
507820.16 3881358.21 30.0
507820.47 3881358.82 30.0
507820.75 3881359.41 30.0
507820.75 3881359.41 30.0
507820.75 3881359.41 30.0
507820.97 3881359.85 30.0
507820.97 3881359.85 30.0
507821.24 3881360.36 30.0
507821.24 3881360.36 30.0
507821.42 3881360.68 30.0
507821.42 3881360.68 30.0
507821.56 3881360.97 30.0
507821.57 3881361.19 30.0
507821.57 3881361.19 30.0
507821.75 3881361.30 30.0
507821.75 3881361.30 30.0
507821.75 3881361.30 30.0
507821.82 3881361.31 30.0
507821.82 3881361.31 30.0
507821.89 3881361.35 30.0
507822.00 3881361.43 30.0
507822.00 3881361.43 30.0
507822.00 3881361.43 30.0
507822.05 3881361.59 30.0
507822.05 3881361.59 30.0
507822.15 3881361.72 30.0
507822.15 3881361.72 30.0
507822.23 3881361.82 30.0
507822.23 3881361.82 30.0
507822.23 3881361.98 30.0
507822.23 3881361.98 30.0
507822.23 3881362.19 30.0
507822.23 3881362.19 30.0
507822.19 3881362.30 30.0
507822.19 3881362.30 30.0
507822.11 3881362.40 30.0
507821.98 3881362.44 30.0
507821.98 3881362.44 30.0
507821.98 3881362.44 30.0
507821.83 3881362.47 30.0
507821.83 3881362.47 30.0
507821.74 3881362.52 30.0
507821.71 3881362.65 30.0
507821.71 3881362.65 30.0
507821.71 3881362.65 30.0
507821.59 3881362.70 30.0
507821.46 3881362.73 30.0
507821.46 3881362.73 30.0
507821.46 3881362.73 30.0
507821.38 3881362.80 30.0
507821.38 3881362.80 30.0
507821.29 3881362.89 30.0
507821.29 3881362.89 30.0
507821.19 3881362.94 30.0
507821.19 3881362.94 30.0
507821.09 3881363.01 30.0
507821.09 3881363.01 30.0
507820.98 3881363.04 30.0
507820.84 3881363.07 30.0
507820.98 3881363.04 30.0
507820.84 3881363.07 30.0
507820.71 3881363.10 30.0
507820.59 3881363.13 30.0
507820.59 3881363.13 30.0
507820.48 3881363.17 30.0
507820.48 3881363.17 30.0
507820.36 3881363.22 30.0
507820.48 3881363.17 30.0
507820.36 3881363.22 30.0
507820.21 3881363.22 30.0
507820.21 3881363.22 30.0
507820.07 3881363.25 30.0
507820.07 3881363.25 30.0
507819.97 3881363.30 30.0
507819.97 3881363.30 30.0
507819.86 3881363.33 30.0
507819.80 3881363.37 30.0
507819.80 3881363.37 30.0
507819.66 3881363.38 30.0
507819.66 3881363.38 30.0
507819.55 3881363.42 30.0
507819.55 3881363.42 30.0
507819.44 3881363.46 30.0
507819.55 3881363.42 30.0
507819.33 3881363.49 30.0
507819.33 3881363.49 30.0
507819.22 3881363.54 30.0
507819.22 3881363.54 30.0
507819.22 3881363.54 30.0
507819.09 3881363.55 30.0
507818.95 3881363.56 30.0
507818.95 3881363.56 30.0
507818.95 3881363.56 30.0
507818.81 3881363.57 30.0
507818.81 3881363.57 30.0
507818.68 3881363.58 30.0
507818.58 3881363.64 30.0
507818.68 3881363.58 30.0
507818.58 3881363.64 30.0
507818.47 3881363.69 30.0
507818.37 3881363.72 30.0
507818.37 3881363.72 30.0
507818.27 3881363.75 30.0
507818.37 3881363.72 30.0
507818.27 3881363.75 30.0
507818.16 3881363.77 30.0
507818.06 3881363.80 30.0
507818.06 3881363.80 30.0
507817.98 3881363.88 30.0
507817.98 3881363.88 30.0
507817.92 3881363.95 30.0
507817.98 3881363.88 30.0
507817.98 3881364.09 30.0
507817.92 3881363.95 30.0
507870.80 3881409.06 30.0
507870.80 3881409.06 30.0
507870.80 3881409.06 30.0
507870.80 3881409.08 30.0
507870.81 3881409.08 30.0
507870.81 3881409.08 30.0
507870.86 3881409.06 30.0
507870.81 3881409.08 30.0
507870.91 3881409.05 30.0
507870.91 3881409.05 30.0
507870.95 3881409.04 30.0
507870.95 3881409.04 30.0
507870.95 3881409.04 30.0
507871.00 3881409.03 30.0
507871.00 3881409.03 30.0
507871.04 3881409.01 30.0
507871.04 3881409.01 30.0
507871.09 3881408.99 30.0
507871.12 3881408.96 30.0
507871.09 3881408.99 30.0
507871.16 3881408.93 30.0
507871.16 3881408.93 30.0
507871.19 3881408.91 30.0
507871.19 3881408.91 30.0
507871.19 3881408.91 30.0
507871.21 3881408.89 30.0
507871.22 3881408.86 30.0
507871.21 3881408.89 30.0
507871.24 3881408.84 30.0
507871.24 3881408.84 30.0
507871.26 3881408.83 30.0
507871.26 3881408.83 30.0
507871.26 3881408.83 30.0
507871.30 3881408.80 30.0
507871.32 3881408.77 30.0
507871.32 3881408.77 30.0
507871.32 3881408.77 30.0
507871.36 3881408.74 30.0
507871.36 3881408.74 30.0
507871.38 3881408.72 30.0
507871.40 3881408.69 30.0
507871.40 3881408.69 30.0
507871.40 3881408.69 30.0
507871.42 3881408.65 30.0
507871.42 3881408.65 30.0
507871.43 3881408.61 30.0
507871.43 3881408.57 30.0
507871.43 3881408.57 30.0
507871.43 3881408.57 30.0
507871.44 3881408.55 30.0
507871.44 3881408.55 30.0
507871.45 3881408.53 30.0
507871.45 3881408.53 30.0
507871.48 3881408.51 30.0
507871.48 3881408.51 30.0
507871.50 3881408.48 30.0
507871.50 3881408.48 30.0
507871.54 3881408.45 30.0
507871.54 3881408.45 30.0
507871.56 3881408.42 30.0
507871.58 3881408.40 30.0
507871.58 3881408.40 30.0
507871.58 3881408.40 30.0
507871.61 3881408.36 30.0
507871.61 3881408.36 30.0
507871.64 3881408.32 30.0
507871.64 3881408.32 30.0
507871.65 3881408.28 30.0
507871.65 3881408.28 30.0
507871.66 3881408.22 30.0
507871.68 3881408.18 30.0
507871.66 3881408.22 30.0
507871.70 3881408.12 30.0
507871.68 3881408.18 30.0
507871.72 3881408.08 30.0
507871.70 3881408.12 30.0
507871.74 3881408.02 30.0
507871.74 3881408.02 30.0
507871.77 3881407.98 30.0
507871.77 3881407.98 30.0
507871.79 3881407.94 30.0
507871.77 3881407.98 30.0
507871.79 3881407.94 30.0
507871.81 3881407.91 30.0
507871.81 3881407.91 30.0
507871.82 3881407.87 30.0
507871.82 3881407.87 30.0
507871.84 3881407.82 30.0
507871.85 3881407.78 30.0
507871.85 3881407.78 30.0
507871.85 3881407.78 30.0
507871.88 3881407.72 30.0
507871.88 3881407.72 30.0
507871.88 3881407.68 30.0
507871.88 3881407.68 30.0
507871.90 3881407.63 30.0
507871.92 3881407.59 30.0
507871.92 3881407.59 30.0
507871.92 3881407.59 30.0
507871.95 3881407.54 30.0
507871.95 3881407.54 30.0
507871.97 3881407.50 30.0
507872.01 3881407.46 30.0
507871.97 3881407.50 30.0
507872.01 3881407.46 30.0
507872.05 3881407.41 30.0
507872.05 3881407.41 30.0
507872.11 3881407.38 30.0
507872.11 3881407.38 30.0
507872.15 3881407.32 30.0
507872.15 3881407.32 30.0
507872.18 3881407.29 30.0
507872.22 3881407.23 30.0
507872.22 3881407.23 30.0
507872.22 3881407.23 30.0
507872.25 3881407.18 30.0
507872.25 3881407.18 30.0
507872.27 3881407.12 30.0
507872.30 3881407.06 30.0
507872.30 3881407.06 30.0
507872.30 3881407.06 30.0
507872.33 3881407.00 30.0
507872.33 3881407.00 30.0
507872.37 3881406.93 30.0
507872.37 3881406.93 30.0
507872.40 3881406.87 30.0
507872.40 3881406.87 30.0
507872.45 3881406.80 30.0
507872.47 3881406.73 30.0
507872.45 3881406.80 30.0
507872.47 3881406.73 30.0
507872.48 3881406.66 30.0
507872.48 3881406.66 30.0
507872.50 3881406.59 30.0
507872.50 3881406.59 30.0
507872.53 3881406.51 30.0
507872.53 3881406.51 30.0
507872.56 3881406.46 30.0
507872.58 3881406.40 30.0
507872.58 3881406.40 30.0
507872.58 3881406.40 30.0
507872.62 3881406.35 30.0
507872.66 3881406.28 30.0
507872.66 3881406.28 30.0
507872.66 3881406.28 30.0
507872.70 3881406.20 30.0
507872.70 3881406.20 30.0
507872.74 3881406.13 30.0
507872.74 3881406.13 30.0
507872.76 3881406.07 30.0
507872.79 3881405.98 30.0
507872.76 3881406.07 30.0
507872.80 3881405.90 30.0
507872.80 3881405.90 30.0
507872.80 3881405.90 30.0
507872.80 3881405.85 30.0
507872.80 3881405.85 30.0
507872.80 3881405.78 30.0
507872.80 3881405.78 30.0
507872.80 3881405.74 30.0
507872.80 3881405.74 30.0
507872.82 3881405.68 30.0
507872.83 3881405.63 30.0
507872.82 3881405.68 30.0
507872.84 3881405.56 30.0
507872.83 3881405.63 30.0
507872.84 3881405.56 30.0
507873.42 3881404.94 30.0
507873.84 3881404.74 30.0
507873.84 3881404.74 30.0
507873.84 3881404.74 30.0
507874.00 3881404.54 30.0
507874.05 3881404.43 30.0
507874.00 3881404.54 30.0
507874.05 3881404.43 30.0
507874.07 3881404.30 30.0
507874.07 3881404.30 30.0
507874.14 3881404.21 30.0
507874.14 3881404.21 30.0
507874.16 3881404.11 30.0
507874.16 3881404.11 30.0
507874.17 3881404.02 30.0
507874.15 3881403.92 30.0
507874.15 3881403.92 30.0
507874.16 3881403.82 30.0
507874.16 3881403.82 30.0
507874.16 3881403.82 30.0
507874.14 3881403.72 30.0
507874.14 3881403.72 30.0
507874.13 3881403.60 30.0
507874.13 3881403.60 30.0
507874.13 3881403.48 30.0
507874.13 3881403.48 30.0
507874.11 3881403.40 30.0
507874.11 3881403.40 30.0
507874.11 3881403.32 30.0
507874.11 3881403.24 30.0
507874.11 3881403.24 30.0
507874.11 3881403.24 30.0
507874.12 3881403.20 30.0
507874.12 3881403.20 30.0
507874.04 3881403.10 30.0
507873.98 3881403.03 30.0
507873.98 3881403.03 30.0
507873.95 3881402.97 30.0
507873.98 3881403.03 30.0
507873.95 3881402.97 30.0
507873.95 3881402.91 30.0
507873.95 3881402.91 30.0
507873.94 3881402.85 30.0
507873.94 3881402.85 30.0
507873.94 3881402.81 30.0
507873.94 3881402.81 30.0
507873.94 3881402.76 30.0
507873.94 3881402.76 30.0
507873.93 3881402.71 30.0
507873.93 3881402.71 30.0
507873.92 3881403.03 30.0
507873.91 3881403.00 30.0
507873.91 3881403.00 30.0
507873.91 3881403.00 30.0
507873.90 3881402.97 30.0
507873.90 3881402.97 30.0
507873.88 3881402.93 30.0
507873.85 3881402.89 30.0
507873.88 3881402.93 30.0
507873.85 3881402.89 30.0
507873.83 3881402.85 30.0
507873.83 3881402.85 30.0
507873.81 3881402.83 30.0
507873.81 3881402.81 30.0
507873.81 3881402.81 30.0
507873.81 3881402.81 30.0
507873.83 3881402.78 30.0
507873.83 3881402.78 30.0
507873.84 3881402.75 30.0
507873.84 3881402.75 30.0
507873.86 3881402.72 30.0
507873.86 3881402.72 30.0
507873.87 3881402.69 30.0
507873.87 3881402.69 30.0
507873.89 3881402.66 30.0
507873.89 3881402.66 30.0
507873.92 3881402.63 30.0
507873.92 3881402.63 30.0
507873.93 3881402.62 30.0
507873.94 3881402.60 30.0
507873.94 3881402.60 30.0
507873.94 3881402.60 30.0
507873.95 3881402.60 30.0
507873.95 3881402.60 30.0
507873.95 3881402.60 30.0
507873.95 3881402.59 30.0
507873.95 3881402.59 30.0
507873.95 3881402.59 30.0
507873.95 3881402.59 30.0
507873.95 3881402.59 30.0
507873.95 3881402.59 30.0
507873.95 3881402.59 30.0
507873.94 3881402.59 30.0
507873.94 3881402.59 30.0
507873.94 3881402.60 30.0
507873.94 3881402.60 30.0
507873.94 3881402.60 30.0
507873.94 3881402.60 30.0
507873.93 3881402.61 30.0
507873.93 3881402.61 30.0
507873.93 3881402.61 30.0
507873.93 3881402.61 30.0
507873.93 3881402.61 30.0
507873.93 3881402.61 30.0
507873.93 3881402.61 30.0
507873.93 3881402.61 30.0
507873.92 3881402.61 30.0
507873.92 3881402.61 30.0
507873.92 3881402.61 30.0
507873.92 3881402.61 30.0
507873.92 3881402.61 30.0
507873.92 3881402.61 30.0
507873.92 3881402.61 30.0
507873.92 3881402.61 30.0
507873.92 3881402.61 30.0
507873.92 3881402.61 30.0
507873.92 3881402.62 30.0
507873.92 3881402.62 30.0
507873.92 3881402.62 30.0
507873.92 3881402.62 30.0
507873.92 3881402.62 30.0
507873.92 3881402.62 30.0
507873.93 3881402.62 30.0
507873.93 3881402.62 30.0
507873.93 3881402.62 30.0
507873.93 3881402.62 30.0
507873.93 3881402.62 30.0
507873.93 3881402.62 30.0
507873.93 3881402.62 30.0
507873.93 3881402.62 30.0
507873.94 3881402.63 30.0
507873.94 3881402.63 30.0
507873.94 3881402.63 30.0
507873.94 3881402.63 30.0
507873.94 3881402.63 30.0
507873.94 3881402.63 30.0
507873.94 3881402.62 30.0
507873.94 3881402.62 30.0
507873.94 3881402.61 30.0
507873.94 3881402.61 30.0
507873.93 3881402.60 30.0
507873.98 3881402.60 30.0
507873.98 3881402.60 30.0
507874.04 3881402.60 30.0
507874.04 3881402.60 30.0
507874.04 3881402.60 30.0
507874.13 3881402.60 30.0
507874.15 3881402.61 30.0
507874.15 3881402.61 30.0
507874.13 3881402.63 30.0
507874.13 3881402.63 30.0
507874.07 3881402.68 30.0
507874.07 3881402.68 30.0
507874.07 3881402.68 30.0
507874.04 3881402.72 30.0
507874.04 3881402.72 30.0
507874.03 3881402.70 30.0
507874.01 3881402.69 30.0
507874.01 3881402.69 30.0
507873.97 3881402.69 30.0
507873.97 3881402.69 30.0
507873.96 3881402.67 30.0
507873.96 3881402.67 30.0
507873.96 3881402.67 30.0
507873.93 3881402.66 30.0
507873.93 3881402.66 30.0
507873.91 3881402.67 30.0
507873.91 3881402.67 30.0
507873.90 3881402.68 30.0
507873.90 3881402.68 30.0
507873.89 3881402.70 30.0
507873.89 3881402.70 30.0
507873.90 3881402.70 30.0
507873.90 3881402.70 30.0
507874.03 3881402.76 30.0
507874.03 3881402.76 30.0
507874.03 3881402.77 30.0
507874.00 3881402.74 30.0
507874.00 3881402.74 30.0
507874.00 3881402.74 30.0
507874.08 3881402.52 30.0
507874.19 3881402.33 30.0
507874.08 3881402.52 30.0
507874.22 3881402.30 30.0
507874.22 3881402.30 30.0
507874.26 3881402.27 30.0
507874.22 3881402.30 30.0
507874.26 3881402.27 30.0
507874.28 3881402.26 30.0
507874.28 3881402.26 30.0
507874.51 3881402.05 30.0
507874.49 3881401.98 30.0
507874.49 3881401.98 30.0
507874.49 3881401.98 30.0
507874.47 3881401.88 30.0
507874.47 3881401.88 30.0
507874.47 3881401.80 30.0
507874.47 3881401.80 30.0
507874.49 3881401.75 30.0
507874.49 3881401.75 30.0
507874.49 3881401.70 30.0
507874.50 3881401.66 30.0
507874.49 3881401.70 30.0
507874.49 3881401.60 30.0
507874.49 3881401.60 30.0
507874.49 3881401.60 30.0
507874.55 3881401.14 30.0
507874.55 3881401.14 30.0
507874.50 3881400.88 30.0
507874.48 3881400.74 30.0
507874.48 3881400.74 30.0
507874.48 3881400.74 30.0
507874.44 3881400.60 30.0
507874.40 3881400.49 30.0
507874.40 3881400.49 30.0
507874.38 3881400.39 30.0
507874.38 3881400.39 30.0
507874.30 3881400.36 30.0
507874.30 3881400.36 30.0
507874.30 3881400.37 30.0
507874.30 3881400.37 30.0
507874.30 3881400.37 30.0
507874.20 3881400.46 30.0
507874.07 3881400.54 30.0
507874.07 3881400.54 30.0
507873.95 3881400.59 30.0
507873.95 3881400.59 30.0
507873.88 3881400.54 30.0
507873.88 3881400.54 30.0
507873.83 3881400.55 30.0
507873.83 3881400.55 30.0
507873.83 3881400.55 30.0
507873.84 3881400.48 30.0
507873.84 3881400.48 30.0
507873.78 3881400.49 30.0
507873.78 3881400.49 30.0
507873.73 3881400.51 30.0
507873.72 3881400.43 30.0
507873.72 3881400.43 30.0
507873.72 3881400.43 30.0
507873.70 3881400.41 30.0
507873.74 3881400.39 30.0
507873.74 3881400.39 30.0
507873.75 3881400.39 30.0
507873.75 3881400.39 30.0
507873.75 3881400.39 30.0
507873.75 3881400.39 30.0
507873.75 3881400.39 30.0
507873.75 3881400.32 30.0
507873.75 3881400.32 30.0
507873.70 3881400.32 30.0
507873.70 3881400.32 30.0
507873.68 3881400.28 30.0
507873.68 3881400.22 30.0
507873.68 3881400.22 30.0
507873.68 3881400.22 30.0
507873.68 3881400.18 30.0
507873.68 3881400.18 30.0
507873.67 3881400.13 30.0
507873.66 3881400.06 30.0
507873.66 3881400.06 30.0
507873.66 3881400.06 30.0
507873.65 3881400.02 30.0
507873.65 3881400.02 30.0
507873.64 3881399.98 30.0
507873.64 3881399.98 30.0
507873.63 3881399.96 30.0
507873.60 3881399.94 30.0
507873.63 3881399.96 30.0
507873.58 3881399.93 30.0
507873.58 3881399.93 30.0
507873.55 3881399.92 30.0
507873.55 3881399.92 30.0
507873.55 3881399.92 30.0
507873.54 3881399.88 30.0
507873.54 3881399.88 30.0
507873.52 3881399.87 30.0
507873.52 3881399.83 30.0
507873.52 3881399.83 30.0
507873.52 3881399.83 30.0
507873.53 3881399.76 30.0
507873.53 3881399.76 30.0
507873.55 3881399.69 30.0
507873.55 3881399.63 30.0
507873.55 3881399.69 30.0
507873.55 3881399.63 30.0
507873.54 3881399.56 30.0
507873.54 3881399.56 30.0
507873.51 3881399.51 30.0
507873.51 3881399.51 30.0
507873.51 3881399.46 30.0
507873.51 3881399.39 30.0
507873.51 3881399.39 30.0
507873.51 3881399.39 30.0
507873.52 3881399.34 30.0
507873.52 3881399.34 30.0
507873.52 3881399.28 30.0
507873.52 3881399.28 30.0
507873.52 3881399.22 30.0
507873.52 3881399.16 30.0
507873.52 3881399.16 30.0
507873.52 3881399.16 30.0
507873.49 3881398.86 30.0
507873.49 3881398.86 30.0
507873.55 3881398.64 30.0
507873.55 3881398.64 30.0
507873.49 3881398.54 30.0
507873.49 3881398.54 30.0
507873.50 3881398.43 30.0
507873.56 3881398.32 30.0
507873.56 3881398.32 30.0
507873.56 3881398.32 30.0
507873.58 3881398.25 30.0
507873.58 3881398.25 30.0
507873.59 3881398.15 30.0
507873.59 3881398.15 30.0
507873.62 3881397.91 30.0
507873.81 3881397.65 30.0
507873.81 3881397.65 30.0
507873.81 3881397.65 30.0
507873.84 3881397.60 30.0
507873.84 3881397.60 30.0
507873.88 3881397.47 30.0
507873.88 3881397.47 30.0
507873.91 3881397.43 30.0
507873.91 3881397.43 30.0
507874.02 3881397.37 30.0
507874.02 3881397.37 30.0
507874.11 3881397.30 30.0
507874.18 3881397.20 30.0
507874.18 3881397.20 30.0
507874.18 3881397.20 30.0
507874.19 3881397.15 30.0
507874.19 3881397.15 30.0
507874.23 3881397.07 30.0
507874.28 3881397.01 30.0
507874.28 3881397.01 30.0
507874.28 3881397.01 30.0
507874.36 3881396.91 30.0
507874.36 3881396.91 30.0
507874.51 3881396.81 30.0
507874.51 3881396.81 30.0
507874.58 3881396.77 30.0
507874.62 3881396.68 30.0
507874.62 3881396.68 30.0
507874.62 3881396.68 30.0
507874.62 3881396.61 30.0
507874.62 3881396.61 30.0
507874.60 3881396.56 30.0
507874.60 3881396.56 30.0
507874.60 3881396.51 30.0
507874.58 3881396.48 30.0
507874.58 3881396.48 30.0
507874.58 3881396.48 30.0
507874.57 3881396.43 30.0
507874.57 3881396.43 30.0
507874.54 3881396.37 30.0
507874.56 3881396.28 30.0
507874.56 3881396.28 30.0
507874.56 3881396.28 30.0
507874.63 3881396.23 30.0
507874.63 3881396.23 30.0
507874.70 3881396.17 30.0
507874.73 3881396.11 30.0
507874.73 3881396.11 30.0
507874.73 3881396.11 30.0
507874.75 3881396.06 30.0
507874.75 3881396.06 30.0
507874.77 3881395.98 30.0
507874.79 3881395.91 30.0
507874.77 3881395.98 30.0
507874.79 3881395.91 30.0
507874.84 3881395.85 30.0
507874.84 3881395.85 30.0
507874.88 3881395.76 30.0
507874.88 3881395.76 30.0
507874.91 3881395.69 30.0
507874.92 3881395.61 30.0
507874.92 3881395.61 30.0
507874.92 3881395.61 30.0
507874.95 3881395.56 30.0
507874.95 3881395.56 30.0
507874.98 3881395.49 30.0
507874.98 3881395.49 30.0
507875.02 3881395.43 30.0
507875.02 3881395.43 30.0
507875.15 3881395.29 30.0
507875.15 3881395.29 30.0
507875.18 3881395.23 30.0
507875.21 3881395.18 30.0
507875.21 3881395.18 30.0
507875.22 3881395.14 30.0
507875.22 3881395.14 30.0
507875.24 3881395.09 30.0
507875.24 3881395.09 30.0
507875.28 3881395.02 30.0
507875.28 3881395.02 30.0
507875.28 3881395.02 30.0
507875.32 3881394.95 30.0
507875.34 3881394.89 30.0
507875.34 3881394.89 30.0
507875.36 3881394.84 30.0
507875.36 3881394.84 30.0
507875.38 3881394.79 30.0
507875.38 3881394.79 30.0
507875.38 3881394.79 30.0
507875.40 3881394.74 30.0
507875.43 3881394.68 30.0
507875.43 3881394.68 30.0
507875.48 3881394.62 30.0
507875.48 3881394.62 30.0
507875.60 3881394.51 30.0
507875.60 3881394.51 30.0
507875.60 3881394.51 30.0
507875.65 3881394.43 30.0
507875.65 3881394.43 30.0
507875.70 3881394.37 30.0
507875.75 3881394.32 30.0
507875.70 3881394.37 30.0
507875.83 3881394.23 30.0
507875.83 3881394.23 30.0
507875.83 3881394.23 30.0
507875.87 3881394.16 30.0
507875.87 3881394.16 30.0
507875.99 3881394.05 30.0
507875.99 3881394.05 30.0
507876.07 3881393.98 30.0
507876.07 3881393.98 30.0
507876.16 3881393.92 30.0
507876.16 3881393.92 30.0
507876.30 3881393.82 30.0
507876.37 3881393.75 30.0
507876.30 3881393.82 30.0
507876.37 3881393.75 30.0
507876.48 3881393.66 30.0
507876.59 3881393.57 30.0
507876.59 3881393.57 30.0
507876.59 3881393.57 30.0
507876.68 3881393.51 30.0
507876.73 3881393.46 30.0
507876.73 3881393.46 30.0
507876.73 3881393.46 30.0
507876.77 3881393.43 30.0
507876.77 3881393.43 30.0
507876.82 3881393.40 30.0
507876.82 3881393.40 30.0
507876.89 3881393.35 30.0
507876.89 3881393.35 30.0
507876.95 3881393.30 30.0
507877.04 3881393.24 30.0
507877.04 3881393.24 30.0
507877.04 3881393.24 30.0
507877.08 3881393.21 30.0
507877.08 3881393.21 30.0
507877.15 3881393.17 30.0
507877.22 3881393.12 30.0
507877.22 3881393.12 30.0
507877.22 3881393.12 30.0
507877.29 3881393.07 30.0
507877.36 3881393.02 30.0
507877.36 3881393.02 30.0
507877.36 3881393.02 30.0
507877.43 3881392.99 30.0
507877.47 3881392.97 30.0
507877.47 3881392.97 30.0
507877.47 3881392.97 30.0
507877.54 3881392.94 30.0
507877.54 3881392.94 30.0
507877.62 3881392.89 30.0
507877.62 3881392.89 30.0
507877.67 3881392.86 30.0
507877.67 3881392.86 30.0
507877.75 3881392.82 30.0
507877.75 3881392.82 30.0
507877.82 3881392.79 30.0
507877.88 3881392.74 30.0
507877.88 3881392.74 30.0
507877.99 3881392.61 30.0
507877.99 3881392.61 30.0
507877.99 3881392.61 30.0
507878.17 3881392.63 30.0
507878.31 3881392.63 30.0
507878.31 3881392.63 30.0
507878.31 3881392.63 30.0
507878.56 3881392.49 30.0
507878.56 3881392.49 30.0
507878.73 3881392.51 30.0
507878.73 3881392.51 30.0
507878.89 3881392.49 30.0
507879.10 3881392.32 30.0
507878.89 3881392.49 30.0
507879.24 3881392.19 30.0
507879.24 3881392.19 30.0
507879.91 3881391.64 30.0
507879.91 3881391.64 30.0
507880.11 3881391.55 30.0
507880.11 3881391.55 30.0
507880.37 3881391.29 30.0
507880.37 3881391.29 30.0
507880.37 3881391.29 30.0
507880.62 3881391.08 30.0
507880.77 3881391.01 30.0
507880.77 3881391.01 30.0
507880.88 3881390.96 30.0
507880.88 3881390.96 30.0
507880.96 3881390.97 30.0
507880.88 3881390.96 30.0
507881.04 3881390.98 30.0
507881.04 3881390.98 30.0
507881.05 3881391.06 30.0
507881.05 3881391.06 30.0
507881.05 3881391.06 30.0
507881.06 3881391.16 30.0
507881.06 3881391.16 30.0
507881.18 3881391.17 30.0
507881.18 3881391.17 30.0
507881.21 3881391.22 30.0
507881.24 3881391.25 30.0
507881.24 3881391.25 30.0
507881.24 3881391.25 30.0
507881.30 3881391.31 30.0
507881.60 3881391.24 30.0
507881.60 3881391.24 30.0
507881.60 3881391.24 30.0
507881.67 3881391.26 30.0
507881.67 3881391.26 30.0
507881.67 3881391.33 30.0
507881.67 3881391.33 30.0
507881.71 3881391.36 30.0
507881.77 3881391.42 30.0
507881.77 3881391.42 30.0
507881.77 3881391.42 30.0
507881.85 3881391.46 30.0
507881.89 3881391.53 30.0
507881.89 3881391.53 30.0
507881.89 3881391.53 30.0
507881.92 3881391.57 30.0
507881.95 3881391.62 30.0
507881.95 3881391.62 30.0
507881.95 3881391.62 30.0
507881.96 3881391.68 30.0
507882.01 3881391.75 30.0
507882.01 3881391.75 30.0
507882.01 3881391.82 30.0
507882.01 3881391.82 30.0
507882.01 3881391.82 30.0
507882.03 3881391.86 30.0
507882.03 3881391.86 30.0
507881.99 3881391.94 30.0
507881.99 3881391.94 30.0
507881.98 3881392.00 30.0
507881.98 3881392.00 30.0
507881.98 3881392.07 30.0
507882.00 3881392.14 30.0
507881.98 3881392.07 30.0
507882.00 3881392.14 30.0
507882.02 3881392.19 30.0
507882.02 3881392.19 30.0
507882.01 3881392.25 30.0
507882.02 3881392.30 30.0
507882.01 3881392.25 30.0
507882.02 3881392.30 30.0
507881.98 3881392.35 30.0
507881.98 3881392.35 30.0
507882.00 3881392.40 30.0
507882.03 3881392.44 30.0
507882.03 3881392.44 30.0
507882.03 3881392.44 30.0
507882.08 3881392.49 30.0
507882.08 3881392.49 30.0
507882.09 3881392.55 30.0
507882.09 3881392.55 30.0
507882.12 3881392.59 30.0
507882.12 3881392.59 30.0
507882.17 3881392.66 30.0
507882.23 3881392.69 30.0
507882.17 3881392.66 30.0
507882.23 3881392.69 30.0
507882.29 3881392.75 30.0
507882.29 3881392.75 30.0
507882.32 3881392.80 30.0
507882.32 3881392.80 30.0
507882.36 3881392.85 30.0
507882.37 3881392.87 30.0
507882.37 3881392.87 30.0
507882.37 3881392.87 30.0
507882.39 3881392.93 30.0
507882.39 3881392.93 30.0
507882.42 3881392.96 30.0
507882.42 3881392.96 30.0
507882.44 3881392.98 30.0
507882.48 3881393.03 30.0
507882.48 3881393.03 30.0
507882.48 3881393.03 30.0
507882.51 3881393.08 30.0
507882.51 3881393.08 30.0
507882.52 3881393.14 30.0
507882.53 3881393.18 30.0
507882.53 3881393.18 30.0
507882.56 3881393.26 30.0
507882.56 3881393.26 30.0
507882.59 3881393.34 30.0
507882.59 3881393.34 30.0
507882.59 3881393.34 30.0
507882.62 3881393.42 30.0
507882.62 3881393.42 30.0
507882.66 3881393.50 30.0
507882.66 3881393.50 30.0
507882.68 3881393.57 30.0
507882.68 3881393.57 30.0
507882.70 3881393.64 30.0
507882.70 3881393.64 30.0
507882.74 3881393.68 30.0
507882.74 3881393.68 30.0
507882.79 3881393.72 30.0
507882.79 3881393.72 30.0
507882.83 3881393.76 30.0
507882.83 3881393.76 30.0
507883.17 3881394.35 30.0
507883.17 3881394.35 30.0
507883.49 3881394.73 30.0
507883.75 3881394.97 30.0
507883.75 3881394.97 30.0
507883.75 3881394.97 30.0
507884.07 3881395.37 30.0
507884.07 3881395.37 30.0
507884.20 3881395.69 30.0
507884.41 3881395.86 30.0
507884.20 3881395.69 30.0
507884.41 3881395.86 30.0
507884.56 3881396.03 30.0
507884.56 3881396.03 30.0
507884.63 3881396.25 30.0
507884.63 3881396.25 30.0
507884.68 3881396.43 30.0
507884.68 3881396.43 30.0
507884.73 3881396.57 30.0
507884.73 3881396.57 30.0
507884.79 3881396.70 30.0
507884.79 3881396.70 30.0
507884.84 3881396.78 30.0
507884.84 3881396.78 30.0
507884.86 3881396.86 30.0
507884.86 3881396.99 30.0
507884.86 3881396.86 30.0
507884.86 3881396.99 30.0
507884.89 3881397.05 30.0
507884.89 3881397.05 30.0
507884.91 3881397.12 30.0
507884.94 3881397.19 30.0
507884.94 3881397.19 30.0
507884.96 3881397.24 30.0
507884.96 3881397.24 30.0
507884.98 3881397.31 30.0
507884.98 3881397.31 30.0
507885.03 3881397.44 30.0
507884.98 3881397.31 30.0
507885.07 3881397.59 30.0
507885.07 3881397.59 30.0
507885.11 3881397.71 30.0
507885.07 3881397.59 30.0
507885.13 3881397.81 30.0
507885.11 3881397.71 30.0
507885.13 3881397.87 30.0
507885.13 3881397.87 30.0
507885.13 3881397.87 30.0
507885.16 3881397.97 30.0
507885.16 3881397.97 30.0
507885.17 3881398.04 30.0
507885.17 3881398.04 30.0
507885.18 3881398.11 30.0
507885.20 3881398.18 30.0
507885.18 3881398.11 30.0
507885.20 3881398.18 30.0
507885.23 3881398.28 30.0
507885.23 3881398.28 30.0
507885.24 3881398.35 30.0
507885.25 3881398.42 30.0
507885.25 3881398.42 30.0
507885.27 3881398.55 30.0
507885.25 3881398.42 30.0
507885.31 3881398.68 30.0
507885.31 3881398.68 30.0
507885.31 3881398.68 30.0
507885.35 3881398.78 30.0
507885.35 3881398.78 30.0
507885.40 3881398.89 30.0
507885.43 3881398.96 30.0
507885.43 3881398.96 30.0
507885.43 3881398.96 30.0
507885.46 3881399.03 30.0
507885.46 3881399.03 30.0
507885.52 3881399.17 30.0
507885.56 3881399.33 30.0
507885.52 3881399.17 30.0
507885.56 3881399.33 30.0
507885.57 3881399.45 30.0
507885.58 3881399.50 30.0
507885.58 3881399.50 30.0
507885.59 3881399.53 30.0
507885.59 3881399.53 30.0
507885.61 3881399.55 30.0
507885.61 3881399.55 30.0
507885.61 3881399.55 30.0
507885.63 3881399.58 30.0
507885.63 3881399.58 30.0
507885.65 3881399.60 30.0
507885.66 3881399.63 30.0
507885.65 3881399.60 30.0
507885.66 3881399.63 30.0
507885.66 3881399.65 30.0
507885.66 3881399.65 30.0
507885.70 3881399.69 30.0
507885.70 3881399.69 30.0
507885.72 3881399.73 30.0
507885.72 3881399.73 30.0
507885.74 3881399.75 30.0
507885.74 3881399.75 30.0
507885.76 3881399.79 30.0
507885.77 3881399.85 30.0
507885.76 3881399.79 30.0
507885.77 3881399.85 30.0
507885.77 3881399.96 30.0
507885.77 3881399.96 30.0
507885.78 3881400.06 30.0
507885.78 3881400.06 30.0
507885.80 3881400.17 30.0
507885.79 3881400.30 30.0
507885.79 3881400.30 30.0
507885.79 3881400.30 30.0
507885.82 3881400.45 30.0
507885.82 3881400.45 30.0
507885.84 3881400.66 30.0
507885.85 3881400.74 30.0
507885.85 3881400.74 30.0
507885.83 3881400.80 30.0
507885.83 3881400.80 30.0
507885.83 3881400.80 30.0
507885.84 3881400.86 30.0
507885.84 3881400.86 30.0
507885.83 3881400.94 30.0
507885.83 3881400.94 30.0
507885.81 3881400.99 30.0
507885.81 3881401.06 30.0
507885.81 3881401.06 30.0
507885.81 3881401.10 30.0
507885.81 3881401.10 30.0
507885.82 3881401.17 30.0
507885.81 3881401.10 30.0
507885.82 3881401.21 30.0
507885.82 3881401.21 30.0
507885.83 3881401.27 30.0
507885.82 3881401.21 30.0
507885.83 3881401.27 30.0
507885.85 3881401.37 30.0
507885.86 3881401.49 30.0
507885.86 3881401.49 30.0
507885.87 3881401.58 30.0
507885.87 3881401.58 30.0
507885.87 3881401.58 30.0
507885.86 3881401.70 30.0
507885.85 3881401.77 30.0
507885.86 3881401.70 30.0
507885.85 3881401.90 30.0
507885.85 3881401.90 30.0
507885.85 3881401.90 30.0
507885.84 3881402.01 30.0
507885.84 3881402.01 30.0
507885.83 3881402.09 30.0
507885.82 3881402.16 30.0
507885.82 3881402.16 30.0
507885.82 3881402.16 30.0
507885.80 3881402.26 30.0
507885.80 3881402.26 30.0
507885.78 3881402.41 30.0
507885.78 3881402.41 30.0
507885.78 3881402.51 30.0
507885.77 3881402.59 30.0
507885.77 3881402.59 30.0
507885.76 3881402.68 30.0
507885.77 3881402.59 30.0
507885.75 3881402.72 30.0
507885.76 3881402.68 30.0
507885.74 3881402.79 30.0
507885.74 3881402.79 30.0
507885.73 3881402.85 30.0
507885.73 3881402.85 30.0
507885.71 3881402.91 30.0
507885.73 3881402.85 30.0
507885.69 3881402.96 30.0
507885.71 3881402.91 30.0
507885.65 3881403.04 30.0
507885.65 3881403.04 30.0
507885.65 3881403.04 30.0
507885.62 3881403.09 30.0
507885.62 3881403.09 30.0
507885.61 3881403.15 30.0
507885.59 3881403.22 30.0
507885.59 3881403.22 30.0
507885.56 3881403.28 30.0
507885.59 3881403.22 30.0
507885.56 3881403.28 30.0
507885.53 3881403.35 30.0
507885.50 3881403.46 30.0
507885.50 3881403.46 30.0
507885.50 3881403.46 30.0
507885.46 3881403.59 30.0
507885.46 3881403.59 30.0
507885.42 3881403.73 30.0
507885.42 3881403.73 30.0
507885.38 3881403.87 30.0
507885.35 3881404.00 30.0
507885.35 3881404.00 30.0
507885.32 3881404.11 30.0
507885.32 3881404.11 30.0
507885.31 3881404.18 30.0
507885.31 3881404.18 30.0
507885.31 3881404.26 30.0
507885.31 3881404.26 30.0
507885.31 3881404.26 30.0
507885.31 3881404.33 30.0
507885.30 3881404.38 30.0
507885.30 3881404.38 30.0
507885.30 3881404.38 30.0
507885.28 3881404.42 30.0
507885.26 3881404.45 30.0
507885.26 3881404.45 30.0
507885.24 3881404.47 30.0
507885.26 3881404.45 30.0
507885.24 3881404.47 30.0
507885.22 3881404.48 30.0
507885.22 3881404.48 30.0
507885.20 3881404.51 30.0
507885.20 3881404.51 30.0
507885.18 3881404.54 30.0
507885.18 3881404.54 30.0
507885.16 3881404.56 30.0
507885.16 3881404.56 30.0
507885.14 3881404.59 30.0
507885.12 3881404.62 30.0
507885.12 3881404.62 30.0
507885.10 3881404.64 30.0
507885.10 3881404.64 30.0
507885.08 3881404.66 30.0
507885.08 3881404.66 30.0
507885.06 3881404.67 30.0
507885.06 3881404.67 30.0
507885.04 3881404.67 30.0
507885.04 3881404.67 30.0
507885.02 3881404.67 30.0
507885.02 3881404.67 30.0
507885.01 3881404.68 30.0
507885.01 3881404.68 30.0
507885.01 3881404.68 30.0
507885.02 3881404.69 30.0
507885.01 3881404.71 30.0
507885.01 3881404.71 30.0
507885.01 3881404.71 30.0
507885.00 3881404.69 30.0
507885.00 3881404.69 30.0
507884.99 3881404.71 30.0
507884.99 3881404.71 30.0
507884.97 3881404.69 30.0
507884.96 3881404.69 30.0
507884.96 3881404.69 30.0
507884.96 3881404.69 30.0
507884.96 3881404.67 30.0
507884.96 3881404.67 30.0
507884.96 3881404.67 30.0
507884.96 3881404.67 30.0
507884.96 3881404.65 30.0
507884.96 3881404.65 30.0
507884.96 3881404.63 30.0
507884.96 3881404.63 30.0
507884.97 3881404.62 30.0
507884.97 3881404.62 30.0
507884.98 3881404.61 30.0
507884.98 3881404.61 30.0
507884.97 3881404.59 30.0
507884.97 3881404.59 30.0
507884.97 3881404.56 30.0
507884.97 3881404.56 30.0
507884.98 3881404.53 30.0
507884.98 3881404.53 30.0
507884.98 3881404.49 30.0
507884.98 3881404.49 30.0
507884.97 3881404.45 30.0
507884.97 3881404.45 30.0
507884.98 3881404.42 30.0
507884.99 3881404.37 30.0
507884.99 3881404.37 30.0
507884.99 3881404.37 30.0
507884.99 3881404.35 30.0
507885.00 3881404.32 30.0
507885.00 3881404.32 30.0
507885.00 3881404.32 30.0
507885.00 3881404.30 30.0
507885.00 3881404.30 30.0
507885.01 3881404.27 30.0
507885.01 3881404.27 30.0
507885.03 3881404.24 30.0
507885.04 3881404.22 30.0
507885.04 3881404.22 30.0
507885.04 3881404.21 30.0
507885.04 3881404.21 30.0
507885.04 3881404.21 30.0
507885.04 3881404.21 30.0
507885.04 3881404.21 30.0
507885.02 3881404.22 30.0
507885.02 3881404.21 30.0
507885.02 3881404.22 30.0
507885.01 3881404.18 30.0
507885.01 3881404.18 30.0
507885.01 3881404.17 30.0
507885.01 3881404.17 30.0
507885.01 3881404.16 30.0
507885.01 3881404.16 30.0
507885.01 3881404.14 30.0
507885.01 3881404.14 30.0
507885.02 3881404.14 30.0
507885.02 3881404.14 30.0
507885.02 3881404.14 30.0
507885.02 3881404.12 30.0
507885.02 3881404.12 30.0
507885.02 3881404.10 30.0
507885.03 3881404.08 30.0
507885.02 3881404.10 30.0
507885.03 3881404.08 30.0
507885.05 3881404.06 30.0
507885.07 3881404.05 30.0
507885.07 3881404.05 30.0
507885.08 3881404.04 30.0
507885.08 3881404.04 30.0
507885.10 3881404.03 30.0
507885.10 3881404.03 30.0
507885.10 3881404.01 30.0
507885.10 3881404.01 30.0
507885.09 3881403.98 30.0
507885.10 3881404.01 30.0
507885.05 3881403.94 30.0
507885.09 3881403.98 30.0
507885.05 3881403.94 30.0
507884.99 3881403.91 30.0
507884.93 3881403.87 30.0
507884.93 3881403.87 30.0
507884.89 3881403.83 30.0
507884.93 3881403.87 30.0
507884.89 3881403.83 30.0
507884.84 3881403.80 30.0
507884.79 3881403.76 30.0
507884.79 3881403.76 30.0
507884.75 3881403.73 30.0
507884.79 3881403.76 30.0
507884.74 3881403.70 30.0
507884.74 3881403.70 30.0
507884.74 3881403.70 30.0
507884.74 3881403.70 30.0
507884.74 3881403.70 30.0
507884.74 3881403.68 30.0
507884.74 3881403.68 30.0
507884.75 3881403.67 30.0
507884.76 3881403.66 30.0
507884.75 3881403.67 30.0
507884.76 3881403.66 30.0
507884.76 3881403.66 30.0
507884.77 3881403.66 30.0
507884.76 3881403.66 30.0
507884.77 3881403.66 30.0
507884.79 3881403.64 30.0
507884.79 3881403.64 30.0
507884.78 3881403.62 30.0
507884.78 3881403.62 30.0
507884.78 3881403.61 30.0
507884.78 3881403.61 30.0
507884.96 3881403.31 30.0
507884.68 3881402.93 30.0
507884.68 3881402.93 30.0
507884.68 3881402.93 30.0
507884.29 3881402.61 30.0
507884.01 3881402.30 30.0
507884.01 3881402.30 30.0
507884.01 3881402.30 30.0
507883.82 3881402.05 30.0
507883.82 3881402.05 30.0
507883.66 3881401.87 30.0
507883.66 3881401.87 30.0
507883.47 3881401.72 30.0
507883.36 3881401.61 30.0
507883.36 3881401.61 30.0
507883.36 3881401.61 30.0
507883.22 3881401.51 30.0
507883.22 3881401.51 30.0
507883.10 3881401.42 30.0
507883.10 3881401.42 30.0
507882.99 3881401.37 30.0
507882.96 3881401.31 30.0
507882.99 3881401.37 30.0
507882.96 3881401.31 30.0
507882.93 3881401.27 30.0
507882.93 3881401.27 30.0
507882.89 3881401.24 30.0
507882.86 3881401.21 30.0
507882.86 3881401.21 30.0
507882.86 3881401.21 30.0
507882.84 3881401.19 30.0
507882.76 3881401.18 30.0
507882.76 3881401.18 30.0
507882.73 3881401.30 30.0
507882.73 3881401.30 30.0
507882.71 3881401.38 30.0
507882.73 3881401.30 30.0
507882.71 3881401.38 30.0
507882.67 3881401.43 30.0
507882.67 3881401.43 30.0
507882.64 3881401.47 30.0
507882.64 3881401.47 30.0
507882.59 3881401.50 30.0
507882.59 3881401.50 30.0
507882.55 3881401.53 30.0
507882.55 3881401.53 30.0
507882.54 3881401.55 30.0
507882.51 3881401.58 30.0
507882.51 3881401.58 30.0
507882.51 3881401.58 30.0
507882.52 3881401.65 30.0
507882.52 3881401.65 30.0
507882.51 3881401.72 30.0
507882.49 3881401.76 30.0
507882.49 3881401.76 30.0
507882.47 3881401.81 30.0
507882.47 3881401.81 30.0
507882.47 3881401.81 30.0
507882.45 3881401.84 30.0
507882.42 3881401.91 30.0
507882.45 3881401.84 30.0
507882.42 3881401.91 30.0
507882.40 3881401.93 30.0
507882.40 3881401.93 30.0
507882.35 3881401.97 30.0
507882.35 3881401.97 30.0
507882.33 3881402.00 30.0
507882.33 3881402.00 30.0
507882.32 3881402.03 30.0
507882.30 3881402.05 30.0
507882.32 3881402.03 30.0
507882.30 3881402.05 30.0
507882.28 3881402.06 30.0
507882.26 3881402.09 30.0
507882.26 3881402.09 30.0
507882.26 3881402.09 30.0
507882.24 3881402.11 30.0
507882.24 3881402.11 30.0
507882.23 3881402.12 30.0
507882.21 3881402.14 30.0
507882.21 3881402.14 30.0
507882.18 3881402.15 30.0
507882.18 3881402.15 30.0
507882.18 3881402.15 30.0
507882.15 3881402.16 30.0
507882.14 3881402.17 30.0
507882.14 3881402.17 30.0
507882.14 3881402.17 30.0
507882.13 3881402.19 30.0
507882.13 3881402.19 30.0
507882.12 3881402.19 30.0
507882.12 3881402.19 30.0
507882.12 3881402.20 30.0
507882.12 3881402.20 30.0
507882.10 3881402.20 30.0
507882.10 3881402.20 30.0
507882.08 3881402.19 30.0
507882.06 3881402.19 30.0
507882.08 3881402.19 30.0
507882.05 3881402.19 30.0
507882.06 3881402.19 30.0
507882.03 3881402.17 30.0
507882.03 3881402.17 30.0
507882.02 3881402.17 30.0
507882.03 3881402.17 30.0
507882.02 3881402.17 30.0
507882.02 3881402.17 30.0
507882.02 3881402.17 30.0
507882.01 3881402.17 30.0
507882.00 3881402.17 30.0
507882.01 3881402.17 30.0
507881.99 3881402.16 30.0
507881.99 3881402.16 30.0
507881.99 3881402.16 30.0
507881.98 3881402.15 30.0
507881.98 3881402.15 30.0
507881.96 3881402.13 30.0
507881.96 3881402.11 30.0
507881.96 3881402.11 30.0
507881.96 3881402.11 30.0
507881.95 3881402.10 30.0
507881.92 3881401.66 30.0
507881.95 3881402.10 30.0
507881.93 3881401.36 30.0
507881.93 3881401.36 30.0
507881.94 3881401.17 30.0
507881.94 3881401.17 30.0
507881.94 3881401.17 30.0
507881.94 3881401.02 30.0
507881.95 3881400.91 30.0
507881.95 3881400.91 30.0
507881.95 3881400.81 30.0
507881.95 3881400.81 30.0
507881.94 3881400.73 30.0
507881.94 3881400.73 30.0
507881.93 3881400.67 30.0
507881.94 3881400.73 30.0
507881.93 3881400.67 30.0
507881.92 3881400.60 30.0
507881.91 3881400.56 30.0
507881.91 3881400.56 30.0
507881.90 3881400.51 30.0
507881.90 3881400.51 30.0
507881.89 3881400.48 30.0
507881.90 3881400.51 30.0
507881.89 3881400.48 30.0
507881.88 3881400.44 30.0
507881.88 3881400.44 30.0
507881.87 3881400.42 30.0
507881.87 3881400.42 30.0
507881.87 3881400.40 30.0
507881.87 3881400.40 30.0
507881.87 3881400.38 30.0
507881.87 3881400.38 30.0
507881.87 3881400.36 30.0
507881.87 3881400.36 30.0
507881.87 3881400.34 30.0
507881.87 3881400.32 30.0
507881.87 3881400.34 30.0
507881.87 3881400.31 30.0
507881.87 3881400.31 30.0
507881.87 3881400.30 30.0
507881.87 3881400.30 30.0
507881.87 3881400.28 30.0
507881.87 3881400.28 30.0
507881.88 3881400.27 30.0
507881.88 3881400.27 30.0
507881.88 3881400.27 30.0
507881.88 3881400.27 30.0
507881.88 3881400.27 30.0
507881.88 3881400.26 30.0
507881.88 3881400.24 30.0
507881.88 3881400.24 30.0
507881.89 3881400.23 30.0
507881.89 3881400.23 30.0
507881.89 3881400.23 30.0
507881.89 3881400.23 30.0
507881.89 3881400.23 30.0
507881.90 3881400.22 30.0
507881.90 3881400.22 30.0
507881.90 3881400.22 30.0
507881.90 3881400.22 30.0
507881.91 3881400.22 30.0
507881.91 3881400.21 30.0
507881.91 3881400.21 30.0
507881.92 3881400.21 30.0
507881.92 3881400.21 30.0
507881.92 3881400.21 30.0
507881.92 3881400.21 30.0
507881.93 3881400.20 30.0
507881.93 3881400.20 30.0
507881.93 3881400.20 30.0
507881.93 3881400.20 30.0
507881.93 3881400.20 30.0
507881.93 3881400.20 30.0
507881.94 3881400.19 30.0
507881.94 3881400.19 30.0
507881.94 3881400.19 30.0
507881.93 3881400.18 30.0
507881.93 3881400.17 30.0
507881.93 3881400.18 30.0
507881.93 3881400.17 30.0
507881.93 3881400.17 30.0
507881.92 3881400.16 30.0
507881.93 3881400.17 30.0
507881.92 3881400.16 30.0
507881.92 3881400.14 30.0
507881.93 3881400.14 30.0
507881.92 3881400.14 30.0
507881.93 3881400.14 30.0
507881.93 3881400.14 30.0
507881.94 3881400.14 30.0
507881.94 3881400.14 30.0
507881.94 3881400.14 30.0
507881.94 3881400.14 30.0
507881.94 3881400.14 30.0
507881.94 3881400.14 30.0
507881.94 3881400.13 30.0
507881.94 3881400.13 30.0
507881.94 3881400.13 30.0
507881.94 3881400.13 30.0
507881.94 3881400.13 30.0
507881.94 3881400.13 30.0
507881.94 3881400.13 30.0
507881.94 3881400.13 30.0
507881.94 3881400.13 30.0
507881.94 3881400.13 30.0
507881.94 3881400.13 30.0
507881.93 3881400.13 30.0
507881.93 3881400.13 30.0
507881.93 3881400.13 30.0
507881.93 3881400.12 30.0
507881.93 3881400.13 30.0
507881.93 3881400.12 30.0
507881.93 3881400.12 30.0
507881.93 3881400.12 30.0
507881.93 3881400.12 30.0
507881.93 3881400.12 30.0
507881.93 3881400.12 30.0
507881.93 3881400.12 30.0
507881.93 3881400.12 30.0
507881.93 3881400.12 30.0
507881.94 3881400.12 30.0
507881.94 3881400.12 30.0
507881.94 3881400.12 30.0
507881.94 3881400.11 30.0
507881.94 3881400.11 30.0
507881.94 3881400.11 30.0
507881.94 3881400.11 30.0
507881.94 3881400.11 30.0
507881.94 3881400.11 30.0
507881.94 3881400.11 30.0
507881.94 3881400.11 30.0
507881.94 3881400.11 30.0
507881.94 3881400.11 30.0
507881.94 3881400.11 30.0
507881.95 3881400.11 30.0
507881.95 3881400.11 30.0
507881.95 3881400.11 30.0
507881.95 3881400.11 30.0
507881.95 3881400.11 30.0
507881.95 3881400.11 30.0
507881.95 3881400.10 30.0
507881.95 3881400.10 30.0
507881.95 3881400.10 30.0
507881.95 3881400.10 30.0
507881.95 3881400.09 30.0
507881.95 3881400.09 30.0
507881.95 3881400.09 30.0
507881.95 3881400.09 30.0
507881.95 3881400.09 30.0
507881.95 3881400.09 30.0
507881.96 3881400.09 30.0
507881.96 3881400.09 30.0
507881.96 3881400.08 30.0
507881.96 3881400.08 30.0
507881.96 3881400.08 30.0
507881.95 3881400.08 30.0
507881.96 3881400.08 30.0
507881.95 3881400.08 30.0
507881.95 3881400.08 30.0
507881.95 3881400.08 30.0
507881.95 3881400.08 30.0
507881.95 3881400.08 30.0
507881.95 3881400.07 30.0
507881.95 3881400.07 30.0
507881.95 3881400.07 30.0
507881.95 3881400.07 30.0
507881.94 3881400.07 30.0
507881.94 3881400.07 30.0
507881.94 3881400.07 30.0
507881.94 3881400.07 30.0
507881.94 3881400.06 30.0
507881.94 3881400.06 30.0
507881.94 3881400.06 30.0
507881.94 3881400.06 30.0
507881.94 3881400.06 30.0
507881.94 3881400.06 30.0
507881.94 3881400.06 30.0
507881.94 3881400.06 30.0
507881.94 3881400.06 30.0
507881.94 3881400.06 30.0
507881.94 3881400.06 30.0
507881.94 3881400.06 30.0
507881.93 3881400.06 30.0
507881.93 3881400.06 30.0
507881.93 3881400.06 30.0
507881.93 3881400.06 30.0
507881.93 3881400.06 30.0
507881.93 3881400.06 30.0
507881.93 3881400.06 30.0
507881.93 3881400.06 30.0
507881.93 3881400.06 30.0
507881.93 3881400.06 30.0
507881.92 3881400.06 30.0
507881.92 3881400.06 30.0
507881.92 3881400.06 30.0
507881.92 3881400.06 30.0
507881.92 3881400.06 30.0
507881.92 3881400.06 30.0
507881.92 3881400.06 30.0
507881.92 3881400.06 30.0
507881.91 3881400.06 30.0
507881.91 3881400.06 30.0
507881.91 3881400.06 30.0
507881.91 3881400.06 30.0
507881.91 3881400.06 30.0
507881.91 3881400.06 30.0
507881.91 3881400.06 30.0
507881.91 3881400.06 30.0
507881.91 3881400.06 30.0
507881.91 3881400.06 30.0
507881.91 3881400.06 30.0
507881.91 3881400.06 30.0
507881.91 3881400.06 30.0
507881.91 3881400.06 30.0
507881.90 3881400.06 30.0
507881.90 3881400.06 30.0
507881.90 3881400.06 30.0
507881.90 3881400.06 30.0
507881.90 3881400.06 30.0
507881.90 3881400.06 30.0
507881.90 3881400.06 30.0
507881.90 3881400.06 30.0
507881.90 3881400.06 30.0
507881.90 3881400.06 30.0
507881.89 3881400.06 30.0
507881.89 3881400.06 30.0
507881.89 3881400.06 30.0
507881.89 3881400.06 30.0
507881.89 3881400.06 30.0
507881.89 3881400.06 30.0
507881.89 3881400.06 30.0
507881.89 3881400.06 30.0
507881.89 3881400.06 30.0
507881.89 3881400.06 30.0
507881.89 3881400.06 30.0
507881.89 3881400.06 30.0
507881.88 3881400.06 30.0
507881.88 3881400.06 30.0
507881.88 3881400.06 30.0
507881.88 3881400.06 30.0
507881.88 3881400.06 30.0
507881.88 3881400.06 30.0
507881.88 3881400.06 30.0
507881.88 3881400.06 30.0
507881.88 3881400.06 30.0
507881.88 3881400.06 30.0
507881.88 3881400.06 30.0
507881.88 3881400.06 30.0
507881.88 3881400.07 30.0
507881.88 3881400.07 30.0
507881.88 3881400.07 30.0
507881.88 3881400.07 30.0
507881.88 3881400.07 30.0
507881.88 3881400.07 30.0
507881.88 3881400.07 30.0
507881.88 3881400.07 30.0
507881.87 3881400.07 30.0
507881.87 3881400.07 30.0
507881.87 3881400.07 30.0
507881.87 3881400.07 30.0
507881.87 3881400.07 30.0
507881.87 3881400.07 30.0
507881.87 3881400.07 30.0
507881.87 3881400.07 30.0
507881.87 3881400.07 30.0
507881.87 3881400.07 30.0
507881.87 3881400.07 30.0
507881.86 3881400.07 30.0
507881.86 3881400.07 30.0
507881.86 3881400.07 30.0
507881.86 3881400.07 30.0
507881.86 3881400.07 30.0
507881.86 3881400.07 30.0
507881.86 3881400.07 30.0
507881.85 3881400.07 30.0
507881.85 3881400.07 30.0
507881.85 3881400.07 30.0
507881.85 3881400.07 30.0
507881.85 3881400.07 30.0
507881.85 3881400.07 30.0
507881.85 3881400.07 30.0
507881.85 3881400.07 30.0
507881.84 3881400.07 30.0
507881.84 3881400.07 30.0
507881.84 3881400.07 30.0
507881.84 3881400.07 30.0
507881.84 3881400.07 30.0
507881.84 3881400.07 30.0
507881.84 3881400.07 30.0
507881.84 3881400.07 30.0
507881.84 3881400.07 30.0
507881.84 3881400.07 30.0
507881.84 3881400.07 30.0
507881.84 3881400.07 30.0
507881.84 3881400.07 30.0
507881.84 3881400.07 30.0
507881.83 3881400.07 30.0
507881.83 3881400.07 30.0
507881.83 3881400.07 30.0
507881.83 3881400.07 30.0
507881.83 3881400.07 30.0
507881.83 3881400.07 30.0
507881.83 3881400.07 30.0
507881.83 3881400.07 30.0
507881.83 3881400.07 30.0
507881.83 3881400.07 30.0
507881.83 3881400.08 30.0
507881.83 3881400.08 30.0
507881.83 3881400.08 30.0
507881.83 3881400.08 30.0
507881.83 3881400.08 30.0
507881.82 3881400.08 30.0
507881.82 3881400.08 30.0
507881.82 3881400.08 30.0
507881.82 3881400.08 30.0
507881.82 3881400.08 30.0
507881.82 3881400.08 30.0
507881.82 3881400.08 30.0
507881.82 3881400.08 30.0
507881.82 3881400.08 30.0
507881.82 3881400.09 30.0
507881.82 3881400.09 30.0
507881.82 3881400.09 30.0
507881.82 3881400.09 30.0
507881.81 3881400.09 30.0
507881.81 3881400.09 30.0
507881.81 3881400.09 30.0
507881.81 3881400.09 30.0
507881.81 3881400.09 30.0
507881.80 3881400.09 30.0
507881.80 3881400.09 30.0
507881.80 3881400.09 30.0
507881.80 3881400.09 30.0
507881.80 3881400.09 30.0
507881.80 3881400.09 30.0
507881.80 3881400.09 30.0
507881.80 3881400.09 30.0
507881.79 3881400.10 30.0
507881.79 3881400.10 30.0
507881.63 3881400.23 30.0
507881.63 3881400.23 30.0
507881.44 3881400.39 30.0
507881.44 3881400.39 30.0
507881.33 3881400.49 30.0
507881.33 3881400.49 30.0
507881.33 3881400.49 30.0
507881.24 3881400.54 30.0
507881.18 3881400.58 30.0
507881.18 3881400.58 30.0
507881.14 3881400.61 30.0
507881.14 3881400.61 30.0
507881.12 3881400.64 30.0
507881.12 3881400.64 30.0
507881.11 3881400.65 30.0
507881.11 3881400.65 30.0
507881.11 3881400.65 30.0
507881.10 3881400.68 30.0
507881.10 3881400.70 30.0
507881.10 3881400.70 30.0
507881.10 3881400.70 30.0
507881.08 3881400.71 30.0
507881.06 3881400.72 30.0
507881.06 3881400.72 30.0
507881.06 3881400.72 30.0
507881.03 3881400.72 30.0
507881.03 3881400.72 30.0
507881.03 3881400.74 30.0
507881.03 3881400.74 30.0
507881.00 3881400.74 30.0
507881.00 3881400.74 30.0
507880.99 3881400.73 30.0
507880.99 3881400.73 30.0
507880.96 3881400.70 30.0
507880.93 3881400.67 30.0
507880.96 3881400.70 30.0
507880.91 3881400.64 30.0
507880.91 3881400.64 30.0
507880.90 3881400.63 30.0
507880.90 3881400.63 30.0
507880.90 3881400.63 30.0
507880.89 3881400.62 30.0
507880.88 3881400.62 30.0
507880.88 3881400.62 30.0
507880.87 3881400.62 30.0
507880.87 3881400.62 30.0
507880.87 3881400.62 30.0
507880.86 3881400.62 30.0
507880.85 3881400.62 30.0
507880.85 3881400.62 30.0
507880.84 3881400.61 30.0
507880.84 3881400.61 30.0
507880.83 3881400.61 30.0
507880.84 3881400.61 30.0
507880.84 3881400.61 30.0
507880.84 3881400.61 30.0
507880.84 3881400.61 30.0
507880.84 3881400.61 30.0
507880.84 3881400.61 30.0
507880.84 3881400.61 30.0
507880.84 3881400.61 30.0
507880.86 3881400.62 30.0
507880.88 3881400.63 30.0
507880.88 3881400.63 30.0
507880.89 3881400.64 30.0
507880.89 3881400.64 30.0
507880.89 3881400.64 30.0
507880.94 3881400.69 30.0
507880.98 3881400.71 30.0
507880.98 3881400.71 30.0
507881.00 3881400.73 30.0
507881.00 3881400.73 30.0
507881.00 3881400.73 30.0
507881.02 3881400.74 30.0
507881.03 3881400.75 30.0
507881.03 3881400.75 30.0
507881.05 3881400.77 30.0
507881.05 3881400.77 30.0
507881.06 3881400.78 30.0
507881.05 3881400.77 30.0
507881.06 3881400.78 30.0
507881.08 3881400.79 30.0
507881.10 3881400.80 30.0
507881.10 3881400.80 30.0
507881.10 3881400.81 30.0
507881.10 3881400.81 30.0
507881.11 3881400.82 30.0
507881.11 3881400.82 30.0
507881.13 3881400.83 30.0
507881.13 3881400.83 30.0
507881.14 3881400.83 30.0
507881.14 3881400.83 30.0
507881.14 3881400.83 30.0
507881.15 3881400.84 30.0
507881.16 3881400.84 30.0
507881.15 3881400.84 30.0
507881.16 3881400.84 30.0
507881.16 3881400.85 30.0
507881.18 3881400.86 30.0
507881.18 3881400.86 30.0
507881.18 3881400.86 30.0
507881.19 3881400.86 30.0
507881.20 3881400.88 30.0
507881.20 3881400.88 30.0
507881.20 3881400.88 30.0
507881.21 3881400.89 30.0
507881.21 3881400.89 30.0
507881.21 3881400.89 30.0
507881.22 3881400.90 30.0
507881.22 3881400.90 30.0
507881.22 3881400.91 30.0
507881.22 3881400.91 30.0
507881.23 3881400.91 30.0
507881.23 3881400.91 30.0
507881.24 3881400.92 30.0
507881.23 3881400.91 30.0
507881.24 3881400.92 30.0
507881.24 3881400.92 30.0
507881.25 3881400.92 30.0
507881.25 3881400.92 30.0
507881.25 3881400.92 30.0
507881.25 3881400.92 30.0
507881.26 3881400.93 30.0
507881.26 3881400.93 30.0
507881.26 3881400.93 30.0
507881.26 3881400.93 30.0
507881.26 3881400.94 30.0
507881.26 3881400.94 30.0
507881.27 3881400.94 30.0
507881.27 3881400.94 30.0
507881.26 3881400.93 30.0
507881.26 3881400.93 30.0
507881.25 3881400.93 30.0
507881.25 3881400.93 30.0
507881.24 3881400.92 30.0
507881.24 3881400.92 30.0
507881.23 3881400.91 30.0
507881.23 3881400.91 30.0
507881.23 3881400.91 30.0
507881.23 3881400.91 30.0
507881.00 3881400.83 30.0
507881.00 3881400.83 30.0
507880.95 3881400.72 30.0
507881.00 3881400.83 30.0
507880.95 3881400.72 30.0
507880.90 3881400.64 30.0
507880.90 3881400.64 30.0
507880.88 3881400.57 30.0
507880.85 3881400.51 30.0
507880.85 3881400.51 30.0
507880.80 3881400.49 30.0
507880.80 3881400.49 30.0
507880.80 3881400.49 30.0
507880.73 3881400.45 30.0
507880.70 3881400.41 30.0
507880.73 3881400.45 30.0
507880.70 3881400.37 30.0
507880.70 3881400.37 30.0
507880.71 3881400.33 30.0
507880.70 3881400.37 30.0
507880.71 3881400.33 30.0
507880.72 3881400.30 30.0
507880.72 3881400.27 30.0
507880.72 3881400.27 30.0
507880.72 3881400.24 30.0
507880.72 3881400.24 30.0
507880.72 3881400.23 30.0
507880.72 3881400.24 30.0
507880.72 3881400.23 30.0
507880.72 3881400.22 30.0
507880.70 3881400.21 30.0
507880.72 3881400.22 30.0
507880.70 3881400.20 30.0
507880.70 3881400.20 30.0
507880.70 3881400.20 30.0
507880.69 3881400.20 30.0
507880.68 3881400.19 30.0
507880.68 3881400.19 30.0
507880.67 3881400.18 30.0
507880.68 3881400.19 30.0
507880.68 3881400.17 30.0
507880.68 3881400.17 30.0
507880.68 3881400.15 30.0
507880.68 3881400.15 30.0
507880.68 3881400.15 30.0
507880.67 3881400.14 30.0
507880.67 3881400.14 30.0
507880.66 3881400.13 30.0
507880.65 3881400.13 30.0
507880.65 3881400.13 30.0
507880.65 3881400.13 30.0
507880.64 3881400.12 30.0
507880.64 3881400.12 30.0
507880.64 3881400.12 30.0
507880.64 3881400.12 30.0
507880.63 3881400.12 30.0
507880.61 3881400.12 30.0
507880.63 3881400.12 30.0
507880.61 3881400.12 30.0
507880.60 3881400.12 30.0
507880.60 3881400.12 30.0
507880.60 3881400.12 30.0
507880.59 3881400.12 30.0
507880.60 3881400.12 30.0
507880.58 3881400.11 30.0
507880.58 3881400.11 30.0
507880.58 3881400.11 30.0
507880.57 3881400.11 30.0
507880.57 3881400.10 30.0
507880.57 3881400.10 30.0
507880.57 3881400.10 30.0
507880.57 3881400.10 30.0
507880.57 3881400.10 30.0
507880.56 3881400.09 30.0
507880.56 3881400.09 30.0
507880.56 3881400.09 30.0
507880.56 3881400.09 30.0
507880.57 3881400.09 30.0
507880.57 3881400.09 30.0
507880.57 3881400.09 30.0
507880.57 3881400.08 30.0
507880.57 3881400.09 30.0
507880.57 3881400.08 30.0
507880.57 3881400.08 30.0
507880.57 3881400.08 30.0
507880.57 3881400.08 30.0
507880.57 3881400.08 30.0
507880.57 3881400.07 30.0
507880.56 3881400.07 30.0
507880.57 3881400.07 30.0
507880.56 3881400.07 30.0
507880.56 3881400.07 30.0
507880.56 3881400.07 30.0
507880.56 3881400.05 30.0
507880.55 3881400.05 30.0
507880.55 3881400.05 30.0
507880.55 3881400.05 30.0
507880.55 3881400.05 30.0
507880.54 3881400.05 30.0
507880.55 3881400.05 30.0
507880.54 3881400.04 30.0
507880.54 3881400.04 30.0
507880.54 3881400.04 30.0
507880.54 3881400.04 30.0
507880.54 3881400.04 30.0
507880.54 3881400.03 30.0
507880.54 3881400.03 30.0
507880.54 3881400.03 30.0
507880.54 3881400.03 30.0
507880.54 3881400.03 30.0
507880.54 3881400.03 30.0
507880.54 3881400.03 30.0
507880.55 3881400.02 30.0
507880.55 3881400.02 30.0
507880.55 3881400.02 30.0
507880.55 3881400.02 30.0
507880.56 3881400.02 30.0
507880.56 3881400.02 30.0
507880.57 3881400.02 30.0
507880.57 3881400.02 30.0
507880.57 3881400.02 30.0
507880.57 3881400.02 30.0
507880.57 3881400.02 30.0
507880.57 3881400.03 30.0
507880.57 3881400.03 30.0
507880.58 3881400.03 30.0
507880.58 3881400.03 30.0
507880.59 3881400.03 30.0
507880.59 3881400.03 30.0
507880.59 3881400.03 30.0
507880.59 3881400.03 30.0
507880.59 3881400.03 30.0
507880.59 3881400.03 30.0
507880.59 3881400.03 30.0
507880.59 3881400.03 30.0
507880.62 3881400.04 30.0
507880.62 3881400.04 30.0
507880.65 3881400.05 30.0
507880.65 3881400.05 30.0
507880.68 3881400.08 30.0
507880.68 3881400.08 30.0
507880.70 3881400.09 30.0
507880.71 3881400.09 30.0
507880.71 3881400.09 30.0
507880.71 3881400.09 30.0
507880.73 3881400.10 30.0
507880.73 3881400.10 30.0
507880.75 3881400.11 30.0
507880.75 3881400.11 30.0
507880.75 3881400.11 30.0
507880.75 3881400.11 30.0
507880.74 3881400.11 30.0
507880.74 3881400.11 30.0
507880.74 3881400.11 30.0
507880.74 3881400.11 30.0
507880.74 3881400.10 30.0
507880.73 3881400.10 30.0
507880.73 3881400.10 30.0
507880.73 3881400.10 30.0
507880.73 3881400.10 30.0
507880.73 3881400.10 30.0
507880.73 3881400.10 30.0
507880.73 3881400.10 30.0
507880.73 3881400.10 30.0
507880.73 3881400.10 30.0
507880.73 3881400.10 30.0
507880.73 3881400.09 30.0
507880.73 3881400.09 30.0
507880.72 3881400.09 30.0
507880.72 3881400.09 30.0
507880.72 3881400.09 30.0
507880.72 3881400.09 30.0
507880.70 3881400.08 30.0
507880.70 3881400.08 30.0
507880.70 3881400.08 30.0
507880.70 3881400.07 30.0
507880.70 3881400.07 30.0
507880.70 3881400.07 30.0
507880.70 3881400.07 30.0
507880.70 3881400.07 30.0
507880.70 3881400.07 30.0
507880.70 3881400.07 30.0
507880.70 3881400.07 30.0
507880.70 3881400.07 30.0
507880.70 3881400.07 30.0
507880.70 3881400.07 30.0
507880.70 3881400.07 30.0
507880.70 3881400.05 30.0
507880.70 3881400.05 30.0
507880.71 3881400.05 30.0
507880.71 3881400.05 30.0
507880.72 3881400.06 30.0
507880.72 3881400.06 30.0
507880.72 3881400.06 30.0
507880.72 3881400.06 30.0
507880.72 3881400.06 30.0
507880.72 3881400.06 30.0
507880.73 3881400.06 30.0
507880.73 3881400.06 30.0
507880.73 3881400.06 30.0
507880.73 3881400.06 30.0
507880.74 3881400.06 30.0
507880.74 3881400.06 30.0
507880.74 3881400.04 30.0
507880.74 3881400.04 30.0
507880.73 3881400.04 30.0
507880.72 3881400.04 30.0
507880.72 3881400.04 30.0
507880.72 3881400.04 30.0
507880.72 3881400.03 30.0
507880.72 3881400.03 30.0
507880.71 3881400.03 30.0
507880.70 3881400.02 30.0
507880.70 3881400.02 30.0
507880.70 3881400.02 30.0
507880.70 3881400.02 30.0
507880.70 3881400.02 30.0
507880.70 3881400.01 30.0
507880.70 3881400.01 30.0
507880.69 3881400.01 30.0
507880.69 3881400.01 30.0
507880.69 3881400.01 30.0
507880.68 3881400.00 30.0
507880.69 3881400.01 30.0
507880.68 3881400.00 30.0
507880.68 3881400.00 30.0
507880.68 3881400.00 30.0
507880.67 3881400.00 30.0
507880.67 3881400.00 30.0
507880.66 3881400.00 30.0
507880.66 3881400.00 30.0
507880.66 3881400.00 30.0
507880.66 3881400.00 30.0
507880.66 3881399.99 30.0
507880.65 3881399.99 30.0
507880.65 3881399.99 30.0
507880.65 3881399.99 30.0
507880.65 3881399.99 30.0
507880.64 3881399.99 30.0
507880.64 3881399.99 30.0
507880.64 3881399.99 30.0
507880.63 3881399.99 30.0
507880.63 3881399.98 30.0
507880.63 3881399.98 30.0
507880.61 3881399.98 30.0
507880.61 3881399.98 30.0
507880.61 3881399.98 30.0
507880.60 3881399.97 30.0
507880.59 3881399.97 30.0
507880.59 3881399.97 30.0
507880.59 3881399.97 30.0
507880.58 3881399.96 30.0
507880.58 3881399.96 30.0
507880.57 3881399.96 30.0
507880.57 3881399.96 30.0
507880.55 3881399.94 30.0
507880.55 3881399.94 30.0
507880.54 3881399.94 30.0
507880.52 3881399.94 30.0
507880.52 3881399.94 30.0
507880.51 3881399.93 30.0
507880.51 3881399.93 30.0
507880.51 3881399.93 30.0
507880.50 3881399.93 30.0
507880.50 3881399.93 30.0
507880.49 3881399.93 30.0
507880.49 3881399.93 30.0
507880.48 3881399.92 30.0
507880.48 3881399.92 30.0
507880.46 3881399.92 30.0
507880.46 3881399.92 30.0
507880.44 3881399.91 30.0
507880.42 3881399.91 30.0
507880.42 3881399.91 30.0
507880.40 3881399.91 30.0
507880.40 3881399.91 30.0
507880.40 3881399.91 30.0
507880.39 3881399.90 30.0
507880.39 3881399.90 30.0
507880.37 3881399.89 30.0
507880.37 3881399.89 30.0
507880.36 3881399.89 30.0
507880.36 3881399.89 30.0
507880.34 3881399.88 30.0
507880.34 3881399.88 30.0
507880.32 3881399.87 30.0
507880.31 3881399.87 30.0
507880.32 3881399.87 30.0
507880.31 3881399.87 30.0
507880.29 3881399.86 30.0
507880.29 3881399.86 30.0
507880.28 3881399.85 30.0
507880.27 3881399.84 30.0
507880.28 3881399.85 30.0
507880.25 3881399.84 30.0
507880.25 3881399.84 30.0
507880.25 3881399.84 30.0
507880.24 3881399.84 30.0
507880.22 3881399.83 30.0
507880.22 3881399.83 30.0
507880.22 3881399.83 30.0
507880.21 3881399.83 30.0
507880.21 3881399.83 30.0
507880.20 3881399.83 30.0
507880.20 3881399.83 30.0
507880.19 3881399.82 30.0
507880.18 3881399.82 30.0
507880.18 3881399.82 30.0
507880.18 3881399.82 30.0
507880.17 3881399.81 30.0
507880.16 3881399.81 30.0
507880.17 3881399.81 30.0
507880.16 3881399.81 30.0
507880.14 3881399.81 30.0
507880.14 3881399.81 30.0
507880.13 3881399.80 30.0
507880.13 3881399.80 30.0
507880.12 3881399.80 30.0
507880.11 3881399.80 30.0
507880.11 3881399.80 30.0
507880.10 3881399.80 30.0
507880.10 3881399.80 30.0
507880.09 3881399.80 30.0
507880.09 3881399.80 30.0
507880.09 3881399.80 30.0
507880.07 3881399.79 30.0
507880.07 3881399.79 30.0
507880.06 3881399.79 30.0
507880.05 3881399.79 30.0
507880.06 3881399.79 30.0
507880.05 3881399.79 30.0
507880.05 3881399.79 30.0
507880.04 3881399.79 30.0
507880.04 3881399.79 30.0
507880.04 3881399.79 30.0
507880.03 3881399.80 30.0
507880.02 3881399.80 30.0
507880.03 3881399.80 30.0
507880.02 3881399.80 30.0
507880.02 3881399.80 30.0
507880.02 3881399.80 30.0
507880.01 3881399.80 30.0
507880.01 3881399.80 30.0
507880.01 3881399.80 30.0
507880.01 3881399.80 30.0
507880.00 3881399.80 30.0
507879.99 3881399.80 30.0
507880.00 3881399.80 30.0
507879.99 3881399.80 30.0
507879.99 3881399.80 30.0
507879.99 3881399.80 30.0
507879.98 3881399.80 30.0
507879.98 3881399.80 30.0
507879.98 3881399.80 30.0
507879.98 3881399.80 30.0
507879.98 3881399.80 30.0
507879.96 3881399.81 30.0
507879.96 3881399.81 30.0
507879.96 3881399.81 30.0
507879.96 3881399.81 30.0
507879.95 3881399.81 30.0
507879.95 3881399.81 30.0
507879.95 3881399.81 30.0
507879.94 3881399.81 30.0
507879.94 3881399.81 30.0
507879.93 3881399.81 30.0
507879.92 3881399.81 30.0
507879.92 3881399.81 30.0
507879.91 3881399.80 30.0
507879.91 3881399.80 30.0
507879.90 3881399.80 30.0
507879.91 3881399.80 30.0
507879.90 3881399.80 30.0
507879.89 3881399.80 30.0
507879.89 3881399.80 30.0
507879.88 3881399.80 30.0
507879.88 3881399.80 30.0
507879.88 3881399.80 30.0
507879.87 3881399.80 30.0
507879.87 3881399.80 30.0
507879.87 3881399.80 30.0
507879.87 3881399.80 30.0
507879.87 3881399.80 30.0
507879.86 3881399.80 30.0
507879.86 3881399.80 30.0
507879.85 3881399.80 30.0
507879.84 3881399.80 30.0
507879.85 3881399.80 30.0
507879.84 3881399.80 30.0
507879.83 3881399.80 30.0
507879.83 3881399.80 30.0
507879.82 3881399.80 30.0
507879.82 3881399.80 30.0
507879.81 3881399.80 30.0
507879.81 3881399.80 30.0
507879.80 3881399.80 30.0
507879.80 3881399.80 30.0
507879.80 3881399.80 30.0
507879.79 3881399.80 30.0
507879.79 3881399.80 30.0
507879.79 3881399.80 30.0
507879.78 3881399.80 30.0
507879.78 3881399.80 30.0
507879.78 3881399.80 30.0
507879.78 3881399.80 30.0
507879.77 3881399.80 30.0
507879.77 3881399.80 30.0
507879.77 3881399.80 30.0
507879.77 3881399.80 30.0
507879.77 3881399.80 30.0
507879.77 3881399.80 30.0
507879.77 3881399.80 30.0
507879.77 3881399.80 30.0
507879.76 3881399.80 30.0
507879.76 3881399.80 30.0
507879.76 3881399.80 30.0
507879.76 3881399.80 30.0
507879.75 3881399.80 30.0
507879.75 3881399.80 30.0
507879.75 3881399.80 30.0
507879.75 3881399.80 30.0
507879.74 3881399.80 30.0
507879.74 3881399.80 30.0
507879.74 3881399.80 30.0
507879.74 3881399.80 30.0
507879.74 3881399.81 30.0
507879.74 3881399.81 30.0
507879.73 3881399.81 30.0
507879.73 3881399.81 30.0
507879.73 3881399.81 30.0
507879.73 3881399.81 30.0
507879.73 3881399.81 30.0
507879.73 3881399.81 30.0
507879.73 3881399.81 30.0
507879.73 3881399.81 30.0
507879.72 3881399.81 30.0
507879.72 3881399.80 30.0
507879.72 3881399.80 30.0
507879.72 3881399.80 30.0
507879.71 3881399.80 30.0
507879.70 3881399.80 30.0
507879.70 3881399.80 30.0
507879.70 3881399.80 30.0
507879.70 3881399.80 30.0
507879.69 3881399.80 30.0
507879.69 3881399.80 30.0
507879.69 3881399.80 30.0
507879.68 3881399.79 30.0
507879.68 3881399.79 30.0
507879.68 3881399.79 30.0
507879.68 3881399.79 30.0
507879.67 3881399.79 30.0
507879.67 3881399.79 30.0
507879.67 3881399.79 30.0
507879.67 3881399.79 30.0
507879.67 3881399.79 30.0
507879.67 3881399.79 30.0
507879.66 3881399.79 30.0
507879.66 3881399.79 30.0
507879.66 3881399.79 30.0
507879.65 3881399.78 30.0
507879.65 3881399.78 30.0
507879.65 3881399.78 30.0
507879.65 3881399.78 30.0
507879.65 3881399.78 30.0
507879.65 3881399.78 30.0
507879.65 3881399.78 30.0
507879.64 3881399.78 30.0
507879.64 3881399.78 30.0
507879.64 3881399.78 30.0
507879.64 3881399.78 30.0
507879.63 3881399.78 30.0
507879.63 3881399.78 30.0
507879.63 3881399.78 30.0
507879.63 3881399.78 30.0
507879.63 3881399.78 30.0
507879.63 3881399.78 30.0
507879.63 3881399.78 30.0
507879.62 3881399.78 30.0
507879.62 3881399.78 30.0
507879.62 3881399.77 30.0
507879.62 3881399.78 30.0
507879.62 3881399.77 30.0
507879.62 3881399.77 30.0
507879.62 3881399.77 30.0
507879.61 3881399.77 30.0
507879.61 3881399.77 30.0
507879.61 3881399.77 30.0
507879.61 3881399.77 30.0
507879.61 3881399.77 30.0
507879.61 3881399.77 30.0
507879.61 3881399.77 30.0
507879.60 3881399.77 30.0
507879.60 3881399.77 30.0
507879.60 3881399.77 30.0
507879.60 3881399.77 30.0
507879.60 3881399.77 30.0
507879.60 3881399.77 30.0
507879.60 3881399.77 30.0
507879.60 3881399.77 30.0
507879.59 3881399.77 30.0
507879.60 3881399.77 30.0
507879.59 3881399.77 30.0
507879.59 3881399.77 30.0
507879.59 3881399.77 30.0
507879.59 3881399.77 30.0
507879.59 3881399.77 30.0
507879.59 3881399.77 30.0
507879.59 3881399.77 30.0
507879.59 3881399.75 30.0
507879.59 3881399.75 30.0
507879.59 3881399.75 30.0
507879.58 3881399.75 30.0
507879.59 3881399.75 30.0
507879.58 3881399.75 30.0
507879.60 3881399.59 30.0
507879.48 3881399.59 30.0
507879.48 3881399.59 30.0
507879.40 3881399.57 30.0
507879.40 3881399.57 30.0
507879.34 3881399.54 30.0
507879.34 3881399.54 30.0
507879.28 3881399.54 30.0
507879.28 3881399.54 30.0
507879.26 3881399.54 30.0
507879.26 3881399.54 30.0
507879.26 3881399.59 30.0
507879.26 3881399.59 30.0
507879.27 3881399.63 30.0
507879.27 3881399.63 30.0
507879.27 3881399.63 30.0
507879.28 3881399.67 30.0
507879.28 3881399.67 30.0
507879.29 3881399.70 30.0
507879.30 3881399.72 30.0
507879.30 3881399.72 30.0
507879.30 3881399.74 30.0
507879.30 3881399.72 30.0
507879.30 3881399.74 30.0
507879.30 3881399.75 30.0
507879.30 3881399.75 30.0
507879.30 3881399.78 30.0
507879.30 3881399.78 30.0
507879.31 3881399.80 30.0
507879.27 3881399.79 30.0
507879.27 3881399.79 30.0
507879.27 3881399.79 30.0
507879.20 3881399.74 30.0
507879.20 3881399.74 30.0
507879.06 3881399.61 30.0
507879.06 3881399.61 30.0
507878.97 3881399.51 30.0
507878.91 3881399.44 30.0
507878.91 3881399.44 30.0
507878.91 3881399.44 30.0
507878.86 3881399.38 30.0
507878.84 3881399.33 30.0
507878.86 3881399.38 30.0
507878.80 3881399.30 30.0
507878.80 3881399.30 30.0
507878.77 3881399.28 30.0
507878.80 3881399.30 30.0
507878.77 3881399.28 30.0
507878.75 3881399.27 30.0
507878.75 3881399.27 30.0
507878.59 3881399.11 30.0
507878.59 3881399.11 30.0
507878.48 3881398.98 30.0
507878.39 3881398.88 30.0
507878.48 3881398.98 30.0
507878.39 3881398.88 30.0
507878.31 3881398.79 30.0
507878.31 3881398.79 30.0
507878.23 3881398.70 30.0
507878.16 3881398.63 30.0
507878.16 3881398.63 30.0
507878.16 3881398.63 30.0
507878.10 3881398.57 30.0
507878.04 3881398.50 30.0
507878.10 3881398.57 30.0
507878.04 3881398.50 30.0
507877.97 3881398.43 30.0
507877.91 3881398.36 30.0
507877.91 3881398.36 30.0
507877.91 3881398.36 30.0
507877.84 3881398.29 30.0
507877.80 3881398.23 30.0
507877.80 3881398.23 30.0
507877.74 3881398.18 30.0
507877.74 3881398.18 30.0
507877.74 3881398.18 30.0
507877.70 3881398.13 30.0
507877.70 3881398.13 30.0
507877.66 3881398.10 30.0
507877.62 3881398.06 30.0
507877.62 3881398.06 30.0
507877.62 3881398.05 30.0
507877.62 3881398.06 30.0
507877.62 3881398.05 30.0
507877.62 3881398.05 30.0
507877.62 3881398.05 30.0
507877.61 3881398.03 30.0
507877.61 3881398.03 30.0
507877.61 3881398.03 30.0
507877.61 3881398.03 30.0
507877.61 3881398.03 30.0
507877.61 3881398.03 30.0
507877.60 3881398.02 30.0
507877.60 3881398.01 30.0
507877.60 3881398.01 30.0
507877.59 3881398.01 30.0
507877.59 3881398.01 30.0
507877.65 3881398.11 30.0
507877.65 3881398.11 30.0
507877.72 3881398.19 30.0
507877.72 3881398.19 30.0
507877.76 3881398.28 30.0
507877.76 3881398.28 30.0
507877.81 3881398.34 30.0
507877.81 3881398.34 30.0
507877.85 3881398.41 30.0
507877.85 3881398.41 30.0
507877.89 3881398.47 30.0
507877.89 3881398.47 30.0
507877.93 3881398.53 30.0
507877.93 3881398.53 30.0
507877.93 3881398.53 30.0
507877.96 3881398.58 30.0
507877.96 3881398.58 30.0
507878.06 3881398.68 30.0
507878.06 3881398.68 30.0
507878.16 3881398.77 30.0
507878.25 3881398.84 30.0
507878.16 3881398.77 30.0
507878.32 3881398.92 30.0
507878.25 3881398.84 30.0
507878.32 3881398.92 30.0
507878.38 3881398.99 30.0
507878.38 3881398.99 30.0
507878.44 3881399.05 30.0
507878.50 3881399.11 30.0
507878.50 3881399.11 30.0
507878.55 3881399.18 30.0
507878.50 3881399.11 30.0
507878.55 3881399.18 30.0
507878.67 3881399.29 30.0
507878.67 3881399.29 30.0
507878.79 3881399.41 30.0
507878.79 3881399.41 30.0
507878.90 3881399.51 30.0
507879.00 3881399.61 30.0
507878.90 3881399.51 30.0
507879.00 3881399.61 30.0
507879.10 3881399.71 30.0
507879.10 3881399.71 30.0
507879.18 3881399.80 30.0
507879.18 3881399.80 30.0
507879.27 3881399.89 30.0
507879.27 3881399.89 30.0
507879.36 3881399.97 30.0
507879.36 3881399.97 30.0
507879.48 3881400.10 30.0
507879.48 3881400.10 30.0
507879.59 3881400.22 30.0
507879.59 3881400.22 30.0
507879.71 3881400.33 30.0
507879.71 3881400.33 30.0
507879.81 3881400.44 30.0
507879.92 3881400.54 30.0
507879.92 3881400.54 30.0
507879.92 3881400.54 30.0
507880.01 3881400.63 30.0
507880.01 3881400.63 30.0
507880.10 3881400.72 30.0
507880.10 3881400.72 30.0
507880.19 3881400.81 30.0
507880.31 3881400.91 30.0
507880.31 3881400.91 30.0
507880.42 3881401.00 30.0
507880.31 3881400.91 30.0
507880.42 3881401.00 30.0
507880.53 3881401.09 30.0
507880.53 3881401.09 30.0
507880.64 3881401.17 30.0
507880.73 3881401.25 30.0
507880.73 3881401.25 30.0
507880.73 3881401.25 30.0
507880.83 3881401.33 30.0
507880.92 3881401.40 30.0
507880.92 3881401.40 30.0
507880.92 3881401.40 30.0
507881.00 3881401.47 30.0
507881.00 3881401.47 30.0
507881.10 3881401.52 30.0
507881.10 3881401.52 30.0
507881.20 3881401.56 30.0
507881.29 3881401.60 30.0
507881.20 3881401.56 30.0
507881.29 3881401.60 30.0
507881.38 3881401.64 30.0
507881.38 3881401.64 30.0
507881.46 3881401.69 30.0
507881.46 3881401.69 30.0
507881.54 3881401.72 30.0
507881.61 3881401.75 30.0
507881.61 3881401.75 30.0
507881.61 3881401.75 30.0
507881.69 3881401.79 30.0
507881.74 3881401.77 30.0
507881.69 3881401.79 30.0
507881.74 3881401.77 30.0
507881.79 3881401.76 30.0
507881.79 3881401.76 30.0
507881.84 3881401.75 30.0
507881.84 3881401.75 30.0
507881.89 3881401.74 30.0
507881.89 3881401.74 30.0
507881.92 3881401.73 30.0
507881.92 3881401.73 30.0
507881.97 3881401.72 30.0
507881.97 3881401.72 30.0
507882.01 3881401.72 30.0
507882.01 3881401.72 30.0
507882.05 3881401.71 30.0
507882.05 3881401.71 30.0
507882.08 3881401.69 30.0
507882.08 3881401.69 30.0
507882.11 3881401.65 30.0
507882.11 3881401.65 30.0
507882.13 3881401.63 30.0
507882.13 3881401.63 30.0
507882.16 3881401.61 30.0
507882.16 3881401.61 30.0
507882.19 3881401.60 30.0
507882.22 3881401.58 30.0
507882.22 3881401.58 30.0
507882.22 3881401.58 30.0
507882.23 3881401.55 30.0
507882.23 3881401.55 30.0
507882.26 3881401.53 30.0
507882.26 3881401.53 30.0
507882.30 3881401.52 30.0
507882.30 3881401.52 30.0
507882.34 3881401.51 30.0
507882.37 3881401.50 30.0
507882.37 3881401.50 30.0
507882.37 3881401.50 30.0
507882.41 3881401.48 30.0
507882.41 3881401.48 30.0
507882.44 3881401.46 30.0
507882.44 3881401.46 30.0
507882.47 3881401.45 30.0
507882.47 3881401.45 30.0
507882.50 3881401.44 30.0
507882.50 3881401.44 30.0
507882.54 3881401.43 30.0
507882.58 3881401.42 30.0
507882.58 3881401.42 30.0
507882.62 3881401.41 30.0
507882.58 3881401.42 30.0
507882.62 3881401.41 30.0
507882.66 3881401.40 30.0
507882.66 3881401.40 30.0
507882.70 3881401.39 30.0
507882.74 3881401.39 30.0
507882.74 3881401.39 30.0
507882.74 3881401.39 30.0
507882.77 3881401.38 30.0
507882.77 3881401.38 30.0
507882.81 3881401.37 30.0
507882.81 3881401.37 30.0
507882.85 3881401.35 30.0
507882.85 3881401.35 30.0
507882.90 3881401.37 30.0
507882.90 3881401.37 30.0
507882.96 3881401.39 30.0
507882.96 3881401.39 30.0
507883.01 3881401.40 30.0
507883.06 3881401.41 30.0
507883.01 3881401.40 30.0
507883.06 3881401.41 30.0
507883.10 3881401.42 30.0
507883.10 3881401.42 30.0
507883.15 3881401.43 30.0
507883.15 3881401.43 30.0
507883.19 3881401.44 30.0
507883.19 3881401.44 30.0
507883.24 3881401.45 30.0
507883.27 3881401.49 30.0
507883.27 3881401.49 30.0
507883.27 3881401.49 30.0
507883.32 3881401.51 30.0
507883.32 3881401.51 30.0
507883.36 3881401.53 30.0
507883.39 3881401.55 30.0
507883.36 3881401.53 30.0
507883.42 3881401.57 30.0
507883.42 3881401.57 30.0
507883.42 3881401.57 30.0
507883.46 3881401.59 30.0
507883.46 3881401.59 30.0
507883.49 3881401.61 30.0
507883.52 3881401.63 30.0
507883.52 3881401.63 30.0
507883.52 3881401.63 30.0
507883.55 3881401.64 30.0
507883.55 3881401.64 30.0
507883.57 3881401.67 30.0
507883.57 3881401.67 30.0
507883.58 3881401.68 30.0
507883.61 3881401.69 30.0
507883.58 3881401.68 30.0
507883.61 3881401.69 30.0
507883.63 3881401.71 30.0
507883.63 3881401.71 30.0
507883.65 3881401.72 30.0
507883.65 3881401.72 30.0
507883.67 3881401.73 30.0
507883.67 3881401.73 30.0
507883.68 3881401.74 30.0
507883.70 3881401.75 30.0
507883.70 3881401.75 30.0
507883.70 3881401.75 30.0
507883.71 3881401.77 30.0
507883.73 3881401.78 30.0
507883.73 3881401.78 30.0
507883.74 3881401.79 30.0
507883.74 3881401.79 30.0
507883.74 3881401.79 30.0
507883.76 3881401.79 30.0
507883.77 3881401.80 30.0
507883.76 3881401.79 30.0
507883.78 3881401.81 30.0
507883.77 3881401.80 30.0
507883.78 3881401.81 30.0
507883.79 3881401.82 30.0
507883.79 3881401.82 30.0
507883.80 3881401.82 30.0
507883.80 3881401.82 30.0
507883.82 3881401.82 30.0
507883.82 3881401.82 30.0
507883.83 3881401.82 30.0
507883.83 3881401.82 30.0
507883.84 3881401.83 30.0
507883.84 3881401.83 30.0
507883.86 3881401.83 30.0
507883.86 3881401.83 30.0
507883.87 3881401.83 30.0
507883.87 3881401.83 30.0
507883.88 3881401.83 30.0
507883.88 3881401.84 30.0
507883.88 3881401.83 30.0
507883.91 3881401.83 30.0
507883.88 3881401.84 30.0
507883.92 3881401.83 30.0
507883.91 3881401.83 30.0
507883.92 3881401.83 30.0
507883.94 3881401.83 30.0
507883.94 3881401.83 30.0
507883.96 3881401.83 30.0
507883.98 3881401.83 30.0
507883.96 3881401.83 30.0
507883.98 3881401.83 30.0
507883.99 3881401.83 30.0
507883.99 3881401.83 30.0
507884.00 3881401.83 30.0
507884.00 3881401.83 30.0
507884.02 3881401.83 30.0
507884.04 3881401.84 30.0
507884.04 3881401.84 30.0
507884.06 3881401.84 30.0
507884.06 3881401.84 30.0
507884.09 3881401.85 30.0
507884.06 3881401.84 30.0
507884.10 3881401.87 30.0
507884.10 3881401.87 30.0
507884.11 3881401.87 30.0
507884.10 3881401.87 30.0
507884.13 3881401.88 30.0
507884.13 3881401.88 30.0
507884.15 3881401.88 30.0
507884.15 3881401.88 30.0
507884.15 3881401.88 30.0
507884.16 3881401.89 30.0
507884.16 3881401.89 30.0
507884.17 3881401.88 30.0
507884.17 3881401.88 30.0
507884.17 3881401.88 30.0
507884.18 3881401.87 30.0
507884.18 3881401.87 30.0
507884.18 3881401.87 30.0
507884.18 3881401.87 30.0
507884.18 3881401.87 30.0
507884.19 3881401.85 30.0
507884.19 3881401.85 30.0
507884.19 3881401.85 30.0
507884.19 3881401.84 30.0
507884.19 3881401.85 30.0
507884.20 3881401.84 30.0
507884.20 3881401.84 30.0
507884.20 3881401.84 30.0
507879.60 3881401.62 30.0
507879.60 3881401.62 30.0
507879.60 3881401.62 30.0
507879.60 3881401.62 30.0
507879.60 3881401.62 30.0
507879.60 3881401.62 30.0
507879.60 3881401.63 30.0
507879.61 3881401.63 30.0
507879.60 3881401.63 30.0
507879.61 3881401.63 30.0
507879.61 3881401.63 30.0
507879.61 3881401.63 30.0
507879.61 3881401.63 30.0
507879.61 3881401.63 30.0
507879.61 3881401.63 30.0
507879.61 3881401.62 30.0
507879.61 3881401.62 30.0
507879.61 3881401.62 30.0
507879.61 3881401.62 30.0
507879.61 3881401.62 30.0
507879.61 3881401.61 30.0
507879.61 3881401.60 30.0
507879.61 3881401.61 30.0
507879.61 3881401.60 30.0
507879.60 3881401.60 30.0
507879.60 3881401.60 30.0
507879.60 3881401.60 30.0
507879.60 3881401.58 30.0
507879.60 3881401.58 30.0
507879.59 3881401.58 30.0
507879.59 3881401.58 30.0
507879.58 3881401.57 30.0
507879.58 3881401.57 30.0
507879.58 3881401.57 30.0
507879.58 3881401.57 30.0
507879.58 3881401.57 30.0
507879.57 3881401.57 30.0
507879.57 3881401.56 30.0
507879.57 3881401.57 30.0
507879.57 3881401.56 30.0
507879.56 3881401.56 30.0
507879.56 3881401.56 30.0
507879.56 3881401.56 30.0
507879.56 3881401.56 30.0
507879.55 3881401.56 30.0
507879.55 3881401.56 30.0
507879.55 3881401.56 30.0
507879.55 3881401.56 30.0
507879.55 3881401.56 30.0
507879.54 3881401.55 30.0
507879.54 3881401.55 30.0
507879.54 3881401.55 30.0
507879.54 3881401.55 30.0
507879.54 3881401.55 30.0
507879.53 3881401.55 30.0
507879.53 3881401.55 30.0
507879.53 3881401.54 30.0
507879.53 3881401.54 30.0
507879.52 3881401.54 30.0
507879.52 3881401.54 30.0
507879.52 3881401.54 30.0
507879.52 3881401.54 30.0
507879.52 3881401.54 30.0
507879.51 3881401.54 30.0
507879.51 3881401.54 30.0
507879.51 3881401.54 30.0
507879.50 3881401.53 30.0
507879.49 3881401.53 30.0
507879.49 3881401.53 30.0
507879.49 3881401.53 30.0
507879.49 3881401.54 30.0
507879.48 3881401.54 30.0
507879.48 3881401.54 30.0
507879.48 3881401.54 30.0
507879.48 3881401.54 30.0
507879.48 3881401.54 30.0
507879.48 3881401.54 30.0
507879.48 3881401.54 30.0
507879.48 3881401.55 30.0
507879.48 3881401.55 30.0
507879.48 3881401.55 30.0
507879.48 3881401.55 30.0
507879.48 3881401.55 30.0
507879.48 3881401.55 30.0
507879.48 3881401.55 30.0
507879.48 3881401.55 30.0
507879.48 3881401.55 30.0
507879.48 3881401.55 30.0
507879.48 3881401.55 30.0
507879.48 3881401.55 30.0
507879.48 3881401.55 30.0
507879.48 3881401.55 30.0
507879.48 3881401.54 30.0
507879.48 3881401.54 30.0
507879.48 3881401.54 30.0
507879.48 3881401.54 30.0
507879.48 3881401.54 30.0
507879.48 3881401.54 30.0
507879.48 3881401.54 30.0
507879.48 3881401.54 30.0
507879.49 3881401.54 30.0
507879.49 3881401.54 30.0
507879.49 3881401.54 30.0
507879.49 3881401.54 30.0
507879.49 3881401.54 30.0
507879.49 3881401.54 30.0
507879.49 3881401.54 30.0
507879.49 3881401.54 30.0
507879.49 3881401.54 30.0
507879.50 3881401.53 30.0
507879.50 3881401.53 30.0
507879.50 3881401.53 30.0
507879.50 3881401.53 30.0
507879.50 3881401.53 30.0
507879.50 3881401.53 30.0
507879.51 3881401.53 30.0
507879.51 3881401.53 30.0
507879.51 3881401.53 30.0
507879.51 3881401.53 30.0
507879.51 3881401.53 30.0
507879.51 3881401.53 30.0
507879.51 3881401.53 30.0
507879.51 3881401.53 30.0
507879.51 3881401.53 30.0
507879.51 3881401.53 30.0
507879.51 3881401.53 30.0
507879.51 3881401.52 30.0
507879.51 3881401.52 30.0
507879.51 3881401.52 30.0
507879.51 3881401.52 30.0
507879.51 3881401.52 30.0
507879.51 3881401.52 30.0
507879.51 3881401.53 30.0
507879.51 3881401.53 30.0
507879.50 3881401.53 30.0
507879.50 3881401.53 30.0
507879.50 3881401.53 30.0
507879.50 3881401.53 30.0
507879.50 3881401.53 30.0
507879.50 3881401.53 30.0
507879.50 3881401.53 30.0
507879.50 3881401.53 30.0
507879.50 3881401.53 30.0
507879.50 3881401.53 30.0
507879.50 3881401.53 30.0
507879.50 3881401.53 30.0
507879.50 3881401.53 30.0
507879.50 3881401.53 30.0
507879.50 3881401.53 30.0
507879.50 3881401.53 30.0
507879.50 3881401.53 30.0
507879.50 3881401.53 30.0
507879.50 3881401.53 30.0
507879.50 3881401.53 30.0
507879.50 3881401.53 30.0
507879.50 3881401.53 30.0
507879.50 3881401.53 30.0
507879.50 3881401.53 30.0
507879.50 3881401.53 30.0
507879.50 3881401.53 30.0
507879.50 3881401.53 30.0
507879.51 3881401.53 30.0
507879.51 3881401.53 30.0
507879.51 3881401.53 30.0
507879.51 3881401.53 30.0
507879.51 3881401.52 30.0
507879.51 3881401.52 30.0
507879.51 3881401.52 30.0
507879.51 3881401.52 30.0
507879.51 3881401.52 30.0
507879.51 3881401.52 30.0
507879.51 3881401.52 30.0
507879.51 3881401.52 30.0
507879.51 3881401.52 30.0
507879.51 3881401.52 30.0
507879.51 3881401.52 30.0
507879.51 3881401.52 30.0
507879.51 3881401.52 30.0
507879.52 3881401.52 30.0
507879.52 3881401.52 30.0
507879.52 3881401.52 30.0
507879.52 3881401.52 30.0
507879.52 3881401.52 30.0
507879.52 3881401.52 30.0
507879.52 3881401.52 30.0
507879.52 3881401.52 30.0
507879.52 3881401.52 30.0
507879.52 3881401.52 30.0
507879.52 3881401.52 30.0
507879.52 3881401.52 30.0
507879.52 3881401.52 30.0
507879.53 3881401.51 30.0
507879.52 3881401.52 30.0
507879.53 3881401.51 30.0
507879.53 3881401.51 30.0
507879.53 3881401.51 30.0
507879.53 3881401.51 30.0
507879.53 3881401.51 30.0
507879.53 3881401.51 30.0
507879.53 3881401.51 30.0
507879.53 3881401.51 30.0
507879.53 3881401.51 30.0
507879.53 3881401.51 30.0
507879.53 3881401.51 30.0
507879.53 3881401.51 30.0
507879.53 3881401.51 30.0
507879.53 3881401.51 30.0
507879.53 3881401.51 30.0
507879.53 3881401.51 30.0
507879.52 3881401.51 30.0
507879.52 3881401.51 30.0
507879.52 3881401.51 30.0
507879.52 3881401.51 30.0
507879.52 3881401.51 30.0
507879.53 3881401.51 30.0
507879.53 3881401.51 30.0
507879.53 3881401.51 30.0
507879.53 3881401.51 30.0
507879.53 3881401.51 30.0
507879.53 3881401.51 30.0
507879.53 3881401.51 30.0
507879.53 3881401.51 30.0
507879.53 3881401.51 30.0
507879.54 3881401.51 30.0
507879.53 3881401.51 30.0
507879.54 3881401.51 30.0
507879.54 3881401.51 30.0
507879.54 3881401.51 30.0
507879.54 3881401.51 30.0
507879.54 3881401.51 30.0
507879.54 3881401.51 30.0
507879.54 3881401.51 30.0
507879.54 3881401.51 30.0
507879.54 3881401.51 30.0
507879.54 3881401.51 30.0
507879.54 3881401.51 30.0
507879.54 3881401.51 30.0
507879.54 3881401.51 30.0
507879.55 3881401.51 30.0
507879.55 3881401.51 30.0
507879.55 3881401.51 30.0
507879.55 3881401.50 30.0
507879.55 3881401.51 30.0
507879.55 3881401.50 30.0
507879.55 3881401.50 30.0
507879.55 3881401.48 30.0
507879.55 3881401.50 30.0
507879.55 3881401.48 30.0
507879.55 3881401.48 30.0
507879.55 3881401.48 30.0
507879.55 3881401.48 30.0
507879.55 3881401.48 30.0
507879.55 3881401.48 30.0
507879.56 3881401.48 30.0
507879.55 3881401.48 30.0
507879.57 3881401.48 30.0
507879.57 3881401.48 30.0
507879.57 3881401.48 30.0
507879.57 3881401.48 30.0
507879.57 3881401.48 30.0
507879.58 3881401.48 30.0
507879.58 3881401.48 30.0
507879.58 3881401.48 30.0
507879.58 3881401.48 30.0
507879.58 3881401.48 30.0
507879.58 3881401.48 30.0
507879.58 3881401.50 30.0
507879.58 3881401.50 30.0
507879.59 3881401.50 30.0
507879.59 3881401.50 30.0
507879.59 3881401.48 30.0
507879.59 3881401.48 30.0
507879.59 3881401.48 30.0
507879.59 3881401.48 30.0
507879.60 3881401.48 30.0
507879.60 3881401.48 30.0
507879.60 3881401.48 30.0
507879.60 3881401.48 30.0
507879.60 3881401.48 30.0
507879.60 3881401.48 30.0
507879.60 3881401.48 30.0
507879.60 3881401.48 30.0
507879.60 3881401.48 30.0
507879.60 3881401.48 30.0
507879.61 3881401.48 30.0
507879.61 3881401.48 30.0
507879.61 3881401.48 30.0
507879.62 3881401.48 30.0
507879.62 3881401.48 30.0
507879.62 3881401.48 30.0
507879.62 3881401.48 30.0
507879.62 3881401.48 30.0
507879.62 3881401.48 30.0
507879.62 3881401.48 30.0
507879.62 3881401.48 30.0
507879.62 3881401.48 30.0
507879.62 3881401.48 30.0
507879.62 3881401.48 30.0
507879.62 3881401.48 30.0
507879.62 3881401.48 30.0
507879.62 3881401.48 30.0
507879.62 3881401.48 30.0
507879.62 3881401.48 30.0
507879.62 3881401.48 30.0
507879.62 3881401.48 30.0
507879.62 3881401.48 30.0
507879.62 3881401.48 30.0
507879.62 3881401.48 30.0
507879.62 3881401.48 30.0
507879.62 3881401.48 30.0
507879.62 3881401.47 30.0
507879.62 3881401.47 30.0
507879.62 3881401.47 30.0
507879.62 3881401.47 30.0
507879.62 3881401.47 30.0
507879.62 3881401.47 30.0
507879.63 3881401.47 30.0
507879.63 3881401.47 30.0
507879.63 3881401.47 30.0
507879.63 3881401.47 30.0
507879.63 3881401.47 30.0
507879.63 3881401.47 30.0
507879.63 3881401.47 30.0
507879.63 3881401.47 30.0
507879.64 3881401.47 30.0
507879.64 3881401.47 30.0
507879.64 3881401.47 30.0
507879.64 3881401.47 30.0
507879.64 3881401.47 30.0
507879.64 3881401.47 30.0
507879.64 3881401.47 30.0
507879.64 3881401.47 30.0
507879.64 3881401.48 30.0
507879.64 3881401.47 30.0
507879.64 3881401.47 30.0
507879.64 3881401.47 30.0
507879.64 3881401.47 30.0
507879.64 3881401.47 30.0
507879.64 3881401.47 30.0
507879.65 3881401.47 30.0
507879.64 3881401.47 30.0
507879.65 3881401.47 30.0
507879.64 3881401.47 30.0
507879.65 3881401.46 30.0
507879.65 3881401.46 30.0
507879.65 3881401.46 30.0
507879.65 3881401.46 30.0
507879.65 3881401.46 30.0
507879.65 3881401.46 30.0
507879.65 3881401.46 30.0
507879.65 3881401.46 30.0
507879.65 3881401.46 30.0
507879.65 3881401.46 30.0
507879.65 3881401.47 30.0
507879.65 3881401.46 30.0
507879.65 3881401.47 30.0
507879.65 3881401.47 30.0
507879.65 3881401.47 30.0
507879.65 3881401.47 30.0
507879.65 3881401.47 30.0
507879.65 3881401.47 30.0
507879.65 3881401.47 30.0
507879.65 3881401.47 30.0
507879.65 3881401.47 30.0
507879.65 3881401.47 30.0
507879.65 3881401.47 30.0
507879.65 3881401.47 30.0
507879.65 3881401.47 30.0
507879.65 3881401.47 30.0
507879.65 3881401.47 30.0
507879.65 3881401.47 30.0
507879.65 3881401.47 30.0
507879.65 3881401.47 30.0
507879.65 3881401.47 30.0
507879.65 3881401.47 30.0
507879.65 3881401.47 30.0
507879.65 3881401.48 30.0
507879.65 3881401.48 30.0
507879.65 3881401.48 30.0
507879.65 3881401.48 30.0
507879.65 3881401.48 30.0
507879.65 3881401.48 30.0
507879.65 3881401.48 30.0
507879.65 3881401.48 30.0
507879.65 3881401.48 30.0
507879.65 3881401.48 30.0
507879.66 3881401.48 30.0
507879.66 3881401.48 30.0
507879.66 3881401.48 30.0
507879.66 3881401.48 30.0
507879.67 3881401.48 30.0
507879.67 3881401.48 30.0
507879.67 3881401.48 30.0
507879.67 3881401.48 30.0
507879.67 3881401.48 30.0
507879.67 3881401.48 30.0
507879.67 3881401.48 30.0
507879.67 3881401.48 30.0
507879.68 3881401.48 30.0
507879.68 3881401.48 30.0
507879.68 3881401.48 30.0
507879.68 3881401.48 30.0
507879.68 3881401.48 30.0
507879.68 3881401.48 30.0
507879.68 3881401.48 30.0
507879.68 3881401.48 30.0
507879.68 3881401.48 30.0
507879.68 3881401.48 30.0
507879.68 3881401.48 30.0
507879.68 3881401.48 30.0
507879.68 3881401.48 30.0
507879.68 3881401.48 30.0
507879.68 3881401.48 30.0
507879.68 3881401.48 30.0
507879.69 3881401.48 30.0
507879.69 3881401.48 30.0
507879.69 3881401.48 30.0
507879.69 3881401.48 30.0
507879.69 3881401.48 30.0
507879.69 3881401.48 30.0
507879.68 3881401.48 30.0
507879.69 3881401.48 30.0
507879.69 3881401.48 30.0
507879.69 3881401.48 30.0
507879.69 3881401.48 30.0
507879.69 3881401.48 30.0
507879.69 3881401.48 30.0
507879.69 3881401.48 30.0
507879.69 3881401.48 30.0
507879.69 3881401.47 30.0
507879.69 3881401.48 30.0
507879.69 3881401.47 30.0
507879.69 3881401.47 30.0
507879.70 3881401.47 30.0
507879.70 3881401.47 30.0
507879.70 3881401.47 30.0
507879.70 3881401.47 30.0
507879.69 3881401.47 30.0
507879.70 3881401.47 30.0
507879.69 3881401.47 30.0
507879.70 3881401.47 30.0
507879.70 3881401.47 30.0
507879.70 3881401.47 30.0
507879.70 3881401.47 30.0
507879.70 3881401.47 30.0
507879.70 3881401.47 30.0
507879.70 3881401.47 30.0
507879.70 3881401.47 30.0
507879.69 3881401.47 30.0
507879.69 3881401.47 30.0
507879.70 3881401.47 30.0
507879.70 3881401.47 30.0
507879.70 3881401.47 30.0
507879.69 3881401.47 30.0
507879.69 3881401.47 30.0
507879.69 3881401.47 30.0
507879.69 3881401.47 30.0
507879.69 3881401.47 30.0
507879.69 3881401.47 30.0
507879.69 3881401.47 30.0
507879.69 3881401.47 30.0
507879.69 3881401.47 30.0
507879.69 3881401.47 30.0
507879.69 3881401.47 30.0
507879.69 3881401.46 30.0
507879.69 3881401.46 30.0
507879.69 3881401.46 30.0
507879.69 3881401.46 30.0
507879.69 3881401.46 30.0
507879.69 3881401.46 30.0
507879.69 3881401.46 30.0
507879.69 3881401.46 30.0
507879.69 3881401.46 30.0
507879.69 3881401.46 30.0
507879.69 3881401.46 30.0
507879.69 3881401.46 30.0
507879.69 3881401.46 30.0
507879.69 3881401.46 30.0
507879.69 3881401.46 30.0
507879.69 3881401.46 30.0
507879.69 3881401.46 30.0
507879.69 3881401.46 30.0
507879.69 3881401.46 30.0
507879.69 3881401.46 30.0
507879.68 3881401.46 30.0
507879.68 3881401.46 30.0
507879.68 3881401.46 30.0
507879.68 3881401.46 30.0
507879.68 3881401.46 30.0
507879.68 3881401.45 30.0
507879.68 3881401.45 30.0
507879.68 3881401.45 30.0
507879.69 3881401.45 30.0
507879.69 3881401.45 30.0
507879.69 3881401.45 30.0
507879.69 3881401.45 30.0
507879.69 3881401.45 30.0
507879.69 3881401.45 30.0
507879.69 3881401.45 30.0
507879.69 3881401.45 30.0
507879.69 3881401.46 30.0
507879.69 3881401.46 30.0
507879.69 3881401.46 30.0
507879.69 3881401.46 30.0
507879.69 3881401.46 30.0
507879.69 3881401.46 30.0
507879.69 3881401.46 30.0
507879.69 3881401.46 30.0
507879.69 3881401.46 30.0
507879.69 3881401.46 30.0
507879.69 3881401.46 30.0
507879.69 3881401.45 30.0
507879.69 3881401.46 30.0
507879.69 3881401.45 30.0
507879.69 3881401.45 30.0
507879.69 3881401.45 30.0
507879.69 3881401.45 30.0
507879.69 3881401.45 30.0
507879.69 3881401.46 30.0
507879.69 3881401.46 30.0
507879.69 3881401.45 30.0
507879.69 3881401.45 30.0
507879.69 3881401.45 30.0
507879.69 3881401.45 30.0
507879.69 3881401.45 30.0
507879.70 3881401.45 30.0
507879.70 3881401.45 30.0
507879.69 3881401.46 30.0
507879.70 3881401.45 30.0
507879.69 3881401.46 30.0
507879.69 3881401.46 30.0
507879.69 3881401.46 30.0
507879.69 3881401.46 30.0
507879.69 3881401.46 30.0
507879.69 3881401.46 30.0
507879.69 3881401.46 30.0
507879.69 3881401.46 30.0
507879.69 3881401.46 30.0
507879.69 3881401.46 30.0
507879.69 3881401.46 30.0
507879.69 3881401.46 30.0
507879.69 3881401.46 30.0
507879.69 3881401.46 30.0
507879.69 3881401.46 30.0
507879.69 3881401.46 30.0
507879.69 3881401.46 30.0
507879.69 3881401.46 30.0
507879.69 3881401.46 30.0
507879.69 3881401.46 30.0
507879.69 3881401.46 30.0
507879.69 3881401.46 30.0
507879.69 3881401.46 30.0
507879.69 3881401.46 30.0
507879.69 3881401.46 30.0
507879.69 3881401.46 30.0
507879.69 3881401.46 30.0
507879.69 3881401.46 30.0
507879.69 3881401.46 30.0
507879.69 3881401.46 30.0
507879.70 3881401.46 30.0
507879.70 3881401.46 30.0
507879.70 3881401.46 30.0
507879.70 3881401.46 30.0
507879.70 3881401.46 30.0
507879.70 3881401.46 30.0
507879.70 3881401.46 30.0
507879.70 3881401.46 30.0
507879.70 3881401.46 30.0
507879.70 3881401.46 30.0
507879.70 3881401.46 30.0
507879.70 3881401.46 30.0
507879.70 3881401.46 30.0
507879.70 3881401.46 30.0
507879.70 3881401.46 30.0
507879.70 3881401.46 30.0
507879.70 3881401.46 30.0
507879.70 3881401.46 30.0
507879.70 3881401.46 30.0
507879.70 3881401.46 30.0
507879.70 3881401.46 30.0
507879.70 3881401.46 30.0
507879.70 3881401.46 30.0
507879.70 3881401.45 30.0
507879.70 3881401.45 30.0
507879.71 3881401.45 30.0
507879.71 3881401.45 30.0
507879.71 3881401.45 30.0
507879.70 3881401.45 30.0
507879.71 3881401.45 30.0
507879.70 3881401.45 30.0
507879.71 3881401.45 30.0
507879.71 3881401.45 30.0
507879.71 3881401.45 30.0
507879.71 3881401.45 30.0
507879.71 3881401.45 30.0
507879.71 3881401.45 30.0
507879.71 3881401.45 30.0
507879.71 3881401.45 30.0
507879.71 3881401.45 30.0
507879.71 3881401.45 30.0
507879.71 3881401.45 30.0
507879.71 3881401.45 30.0
507879.71 3881401.45 30.0
507879.71 3881401.45 30.0
507879.71 3881401.45 30.0
507879.71 3881401.45 30.0
507879.71 3881401.45 30.0
507879.71 3881401.45 30.0
507879.71 3881401.44 30.0
507879.71 3881401.44 30.0
507879.71 3881401.44 30.0
507879.71 3881401.44 30.0
507879.71 3881401.44 30.0
507879.71 3881401.44 30.0
507879.71 3881401.44 30.0
507879.71 3881401.44 30.0
507879.71 3881401.44 30.0
507879.71 3881401.44 30.0
507879.71 3881401.44 30.0
507879.71 3881401.44 30.0
507879.71 3881401.44 30.0
507879.71 3881401.44 30.0
507879.71 3881401.44 30.0
507879.71 3881401.44 30.0
507879.71 3881401.44 30.0
507879.71 3881401.44 30.0
507879.71 3881401.44 30.0
507879.71 3881401.44 30.0
507879.71 3881401.44 30.0
507879.71 3881401.44 30.0
507879.71 3881401.44 30.0
507879.71 3881401.44 30.0
507879.71 3881401.44 30.0
507879.71 3881401.44 30.0
507879.71 3881401.44 30.0
507879.71 3881401.44 30.0
507879.71 3881401.44 30.0
507879.71 3881401.43 30.0
507879.71 3881401.43 30.0
507879.71 3881401.44 30.0
507879.71 3881401.44 30.0
507879.71 3881401.44 30.0
507879.71 3881401.44 30.0
507879.71 3881401.44 30.0
507879.71 3881401.44 30.0
507879.71 3881401.44 30.0
507879.71 3881401.44 30.0
507879.70 3881401.44 30.0
507879.70 3881401.44 30.0
507879.70 3881401.44 30.0
507879.70 3881401.44 30.0
507879.70 3881401.44 30.0
507879.70 3881401.44 30.0
507879.71 3881401.44 30.0
507879.71 3881401.44 30.0
507879.71 3881401.44 30.0
507879.71 3881401.44 30.0
507879.71 3881401.44 30.0
507879.71 3881401.44 30.0
507879.71 3881401.44 30.0
507879.71 3881401.44 30.0
507879.71 3881401.44 30.0
507879.71 3881401.44 30.0
507879.71 3881401.44 30.0
507879.71 3881401.44 30.0
507879.71 3881401.44 30.0
507879.71 3881401.44 30.0
507879.71 3881401.44 30.0
507879.71 3881401.44 30.0
507879.71 3881401.44 30.0
507879.71 3881401.44 30.0
507879.71 3881401.44 30.0
507879.71 3881401.44 30.0
507879.71 3881401.44 30.0
507879.71 3881401.44 30.0
507879.71 3881401.44 30.0
507879.71 3881401.43 30.0
507879.71 3881401.43 30.0
507879.71 3881401.43 30.0
507879.71 3881401.43 30.0
507879.71 3881401.43 30.0
507879.71 3881401.43 30.0
507879.71 3881401.43 30.0
507879.71 3881401.43 30.0
507879.71 3881401.43 30.0
507879.71 3881401.43 30.0
507879.71 3881401.43 30.0
507879.71 3881401.43 30.0
507879.71 3881401.43 30.0
507879.71 3881401.43 30.0
507879.71 3881401.43 30.0
507879.71 3881401.43 30.0
507879.71 3881401.43 30.0
507879.71 3881401.43 30.0
507879.71 3881401.43 30.0
507879.71 3881401.43 30.0
507879.71 3881401.43 30.0
507879.71 3881401.43 30.0
507879.71 3881401.43 30.0
507879.71 3881401.43 30.0
507879.71 3881401.43 30.0
507879.71 3881401.43 30.0
507879.71 3881401.43 30.0
507879.71 3881401.43 30.0
507879.71 3881401.43 30.0
507879.71 3881401.43 30.0
507879.71 3881401.43 30.0
507879.71 3881401.43 30.0
507879.71 3881401.43 30.0
507879.71 3881401.42 30.0
507879.71 3881401.42 30.0
507879.71 3881401.42 30.0
507879.71 3881401.42 30.0
507879.71 3881401.42 30.0
507879.71 3881401.42 30.0
507879.71 3881401.42 30.0
507879.71 3881401.42 30.0
507879.71 3881401.42 30.0
507879.71 3881401.42 30.0
507879.71 3881401.43 30.0
507879.71 3881401.43 30.0
507879.71 3881401.43 30.0
507879.71 3881401.43 30.0
507879.71 3881401.43 30.0
507879.71 3881401.43 30.0
507879.71 3881401.43 30.0
507879.71 3881401.43 30.0
507879.71 3881401.43 30.0
507879.71 3881401.43 30.0
507879.71 3881401.43 30.0
507879.71 3881401.43 30.0
507879.71 3881401.43 30.0
507879.71 3881401.43 30.0
507879.71 3881401.43 30.0
507879.71 3881401.43 30.0
507880.09 3881401.41 30.0
507879.71 3881401.43 30.0
507880.09 3881401.42 30.0
507880.09 3881401.42 30.0
507880.09 3881401.42 30.0
507880.09 3881401.42 30.0
507880.08 3881401.42 30.0
507880.08 3881401.42 30.0
507880.08 3881401.41 30.0
507880.08 3881401.41 30.0
507880.08 3881401.41 30.0
507880.08 3881401.41 30.0
507880.08 3881401.41 30.0
507880.08 3881401.41 30.0
507880.08 3881401.41 30.0
507880.08 3881401.41 30.0
507880.07 3881401.41 30.0
507880.07 3881401.41 30.0
507880.07 3881401.42 30.0
507880.07 3881401.42 30.0
507880.07 3881401.42 30.0
507880.07 3881401.42 30.0
507880.07 3881401.41 30.0
507880.07 3881401.41 30.0
507880.07 3881401.41 30.0
507880.07 3881401.41 30.0
507880.07 3881401.41 30.0
507880.07 3881401.41 30.0
507880.07 3881401.41 30.0
507880.07 3881401.41 30.0
507880.08 3881401.42 30.0
507880.08 3881401.42 30.0
507880.08 3881401.42 30.0
507880.08 3881401.42 30.0
507880.08 3881401.42 30.0
507880.08 3881401.42 30.0
507880.07 3881401.41 30.0
507880.07 3881401.41 30.0
507880.07 3881401.41 30.0
507880.07 3881401.41 30.0
507880.07 3881401.41 30.0
507880.07 3881401.41 30.0
507880.07 3881401.41 30.0
507880.07 3881401.41 30.0
507880.08 3881401.42 30.0
507880.07 3881401.41 30.0
507880.08 3881401.42 30.0
507880.08 3881401.42 30.0
507880.08 3881401.42 30.0
507880.08 3881401.42 30.0
507880.08 3881401.42 30.0
507880.08 3881401.42 30.0
507880.08 3881401.42 30.0
507880.08 3881401.42 30.0
507880.08 3881401.42 30.0
507880.09 3881401.42 30.0
507880.09 3881401.42 30.0
507880.09 3881401.42 30.0
507880.10 3881401.42 30.0
507880.10 3881401.42 30.0
507880.10 3881401.42 30.0
507880.10 3881401.42 30.0
507880.10 3881401.42 30.0
507880.10 3881401.42 30.0
507880.10 3881401.42 30.0
507880.10 3881401.42 30.0
507880.10 3881401.42 30.0
507880.10 3881401.43 30.0
507880.10 3881401.43 30.0
507880.10 3881401.42 30.0
507880.10 3881401.42 30.0
507880.10 3881401.42 30.0
507880.10 3881401.42 30.0
507880.10 3881401.42 30.0
507880.10 3881401.43 30.0
507880.10 3881401.42 30.0
507880.10 3881401.43 30.0
507880.09 3881401.43 30.0
507880.09 3881401.43 30.0
507880.09 3881401.42 30.0
507880.09 3881401.42 30.0
507880.09 3881401.42 30.0
507880.09 3881401.42 30.0
507880.09 3881401.43 30.0
507880.09 3881401.43 30.0
507880.09 3881401.42 30.0
507880.09 3881401.42 30.0
507880.09 3881401.42 30.0
507880.09 3881401.42 30.0
507880.09 3881401.42 30.0
507880.09 3881401.42 30.0
507880.09 3881401.42 30.0
507880.09 3881401.42 30.0
507880.09 3881401.42 30.0
507880.09 3881401.42 30.0
507880.09 3881401.42 30.0
507880.09 3881401.42 30.0
507880.09 3881401.42 30.0
507880.09 3881401.42 30.0
507880.09 3881401.42 30.0
507880.08 3881401.42 30.0
507880.08 3881401.42 30.0
507880.08 3881401.42 30.0
507880.08 3881401.42 30.0
507880.08 3881401.42 30.0
507880.08 3881401.42 30.0
507880.08 3881401.42 30.0
507880.08 3881401.42 30.0
507880.08 3881401.42 30.0
507880.08 3881401.42 30.0
507880.08 3881401.42 30.0
507880.08 3881401.42 30.0
507880.08 3881401.42 30.0
507880.08 3881401.42 30.0
507880.08 3881401.42 30.0
507880.08 3881401.42 30.0
507880.07 3881401.42 30.0
507880.07 3881401.42 30.0
507880.07 3881401.42 30.0
507880.07 3881401.42 30.0
507880.07 3881401.42 30.0
507880.07 3881401.42 30.0
507880.07 3881401.42 30.0
507880.07 3881401.42 30.0
507880.07 3881401.42 30.0
507880.07 3881401.42 30.0
507880.08 3881401.42 30.0
507880.08 3881401.42 30.0
507880.08 3881401.42 30.0
507880.08 3881401.42 30.0
507880.08 3881401.42 30.0
507880.08 3881401.42 30.0
507880.08 3881401.42 30.0
507880.08 3881401.42 30.0
507880.08 3881401.42 30.0
507880.08 3881401.42 30.0
507880.08 3881401.42 30.0
507880.07 3881401.42 30.0
507880.07 3881401.42 30.0
507880.07 3881401.42 30.0
507880.07 3881401.42 30.0
507880.07 3881401.42 30.0
507880.07 3881401.42 30.0
507880.07 3881401.42 30.0
507880.07 3881401.42 30.0
507880.07 3881401.42 30.0
507880.07 3881401.42 30.0
507880.07 3881401.42 30.0
507880.07 3881401.42 30.0
507880.08 3881401.42 30.0
507880.08 3881401.42 30.0
507880.08 3881401.42 30.0
507880.08 3881401.42 30.0
507880.08 3881401.42 30.0
507880.08 3881401.42 30.0
507880.08 3881401.42 30.0
507880.08 3881401.42 30.0
507880.08 3881401.42 30.0
507880.08 3881401.42 30.0
507880.07 3881401.42 30.0
507880.07 3881401.42 30.0
507880.07 3881401.42 30.0
507880.07 3881401.42 30.0
507880.07 3881401.42 30.0
507880.07 3881401.42 30.0
507880.07 3881401.42 30.0
507880.07 3881401.42 30.0
507880.07 3881401.42 30.0
507880.07 3881401.42 30.0
507880.07 3881401.42 30.0
507880.07 3881401.42 30.0
507880.07 3881401.42 30.0
507880.07 3881401.42 30.0
507880.07 3881401.42 30.0
507880.07 3881401.42 30.0
507880.07 3881401.42 30.0
507880.07 3881401.42 30.0
507880.07 3881401.42 30.0
507880.07 3881401.42 30.0
507880.06 3881401.42 30.0
507880.06 3881401.42 30.0
507880.06 3881401.41 30.0
507880.06 3881401.41 30.0
507880.06 3881401.41 30.0
507880.06 3881401.41 30.0
507880.06 3881401.41 30.0
507880.06 3881401.41 30.0
507880.06 3881401.41 30.0
507880.06 3881401.41 30.0
507880.06 3881401.41 30.0
507880.06 3881401.41 30.0
507880.07 3881401.41 30.0
507880.07 3881401.41 30.0
507880.07 3881401.41 30.0
507880.07 3881401.41 30.0
507880.07 3881401.41 30.0
507880.07 3881401.41 30.0
507880.07 3881401.41 30.0
507880.07 3881401.41 30.0
507880.07 3881401.41 30.0
507880.07 3881401.41 30.0
507880.07 3881401.41 30.0
507880.07 3881401.41 30.0
507880.07 3881401.41 30.0
507880.07 3881401.41 30.0
507880.07 3881401.41 30.0
507880.07 3881401.41 30.0
507880.07 3881401.41 30.0
507880.07 3881401.41 30.0
507880.07 3881401.41 30.0
507880.07 3881401.41 30.0
507880.07 3881401.41 30.0
507880.07 3881401.41 30.0
507880.07 3881401.41 30.0
507880.07 3881401.41 30.0
507880.07 3881401.41 30.0
507880.07 3881401.41 30.0
507880.07 3881401.41 30.0
507880.07 3881401.41 30.0
507880.07 3881401.41 30.0
507880.07 3881401.41 30.0
507880.07 3881401.41 30.0
507880.07 3881401.40 30.0
507880.07 3881401.40 30.0
507880.07 3881401.41 30.0
507880.07 3881401.41 30.0
507880.07 3881401.41 30.0
507880.07 3881401.41 30.0
507880.07 3881401.41 30.0
507880.07 3881401.41 30.0
507880.07 3881401.41 30.0
507880.07 3881401.41 30.0
507880.07 3881401.41 30.0
507880.07 3881401.41 30.0
507880.07 3881401.41 30.0
507880.07 3881401.41 30.0
507880.07 3881401.41 30.0
507880.07 3881401.41 30.0
507880.07 3881401.40 30.0
507880.07 3881401.41 30.0
507880.07 3881401.40 30.0
507880.07 3881401.40 30.0
507880.07 3881401.40 30.0
507880.07 3881401.40 30.0
507880.07 3881401.41 30.0
507880.07 3881401.41 30.0
507880.07 3881401.41 30.0
507880.07 3881401.41 30.0
507880.07 3881401.41 30.0
507880.07 3881401.41 30.0
507880.07 3881401.41 30.0
507880.07 3881401.41 30.0
507880.07 3881401.41 30.0
507880.07 3881401.41 30.0
507880.07 3881401.41 30.0
507880.07 3881401.41 30.0
507880.07 3881401.41 30.0
507880.07 3881401.41 30.0
507880.07 3881401.41 30.0
507880.07 3881401.41 30.0
507880.07 3881401.41 30.0
507880.07 3881401.42 30.0
507880.07 3881401.41 30.0
507880.07 3881401.42 30.0
507880.06 3881401.41 30.0
507880.06 3881401.41 30.0
507880.06 3881401.41 30.0
507880.07 3881401.41 30.0
507880.07 3881401.41 30.0
507880.06 3881401.41 30.0
507880.06 3881401.41 30.0
507880.06 3881401.41 30.0
507880.07 3881401.41 30.0
507880.06 3881401.41 30.0
507880.07 3881401.41 30.0
507880.07 3881401.41 30.0
507880.07 3881401.41 30.0
507880.07 3881401.41 30.0
507880.07 3881401.41 30.0
507880.07 3881401.41 30.0
507880.07 3881401.41 30.0
507880.07 3881401.41 30.0
507880.07 3881401.41 30.0
507880.07 3881401.41 30.0
507880.07 3881401.41 30.0
507880.07 3881401.41 30.0
507880.07 3881401.41 30.0
507880.07 3881401.41 30.0
507880.07 3881401.41 30.0
507880.07 3881401.41 30.0
507880.07 3881401.41 30.0
507880.07 3881401.41 30.0
507880.07 3881401.41 30.0
507880.07 3881401.41 30.0
507880.07 3881401.41 30.0
507880.07 3881401.41 30.0
507880.07 3881401.41 30.0
507880.07 3881401.41 30.0
507880.07 3881401.41 30.0
507880.07 3881401.41 30.0
507880.07 3881401.41 30.0
507880.07 3881401.41 30.0
507880.07 3881401.41 30.0
507880.07 3881401.41 30.0
507880.06 3881401.41 30.0
507880.06 3881401.41 30.0
507880.06 3881401.41 30.0
507880.06 3881401.41 30.0
507880.06 3881401.42 30.0
507880.06 3881401.42 30.0
507880.06 3881401.42 30.0
507880.06 3881401.41 30.0
507880.06 3881401.41 30.0
507880.06 3881401.41 30.0
507880.06 3881401.41 30.0
507880.06 3881401.41 30.0
507880.06 3881401.41 30.0
507880.06 3881401.41 30.0
507880.06 3881401.41 30.0
507880.06 3881401.41 30.0
507880.06 3881401.41 30.0
507880.06 3881401.41 30.0
507880.06 3881401.41 30.0
507880.06 3881401.41 30.0
507880.07 3881401.41 30.0
507880.06 3881401.41 30.0
507880.07 3881401.41 30.0
507880.07 3881401.41 30.0
507880.07 3881401.41 30.0
507880.07 3881401.41 30.0
507880.07 3881401.41 30.0
507880.07 3881401.42 30.0
507880.07 3881401.41 30.0
507880.07 3881401.41 30.0
507880.07 3881401.42 30.0
507880.07 3881401.42 30.0
507880.07 3881401.42 30.0
507880.07 3881401.42 30.0
507880.07 3881401.42 30.0
507880.07 3881401.42 30.0
507880.07 3881401.42 30.0
507880.07 3881401.42 30.0
507880.07 3881401.42 30.0
507880.07 3881401.42 30.0
507880.07 3881401.42 30.0
507880.07 3881401.42 30.0
507880.07 3881401.42 30.0
507880.07 3881401.42 30.0
507880.07 3881401.42 30.0
507880.07 3881401.42 30.0
507880.07 3881401.42 30.0
507880.07 3881401.42 30.0
507880.07 3881401.42 30.0
507880.07 3881401.42 30.0
507880.07 3881401.42 30.0
507880.07 3881401.42 30.0
507880.07 3881401.42 30.0
507880.07 3881401.42 30.0
507880.07 3881401.42 30.0
507880.07 3881401.42 30.0
507880.07 3881401.42 30.0
507880.07 3881401.42 30.0
507880.07 3881401.42 30.0
507880.08 3881401.42 30.0
507880.08 3881401.42 30.0
507880.08 3881401.42 30.0
507880.08 3881401.42 30.0
507880.09 3881401.42 30.0
507880.09 3881401.42 30.0
507880.09 3881401.42 30.0
507880.09 3881401.42 30.0
507880.09 3881401.42 30.0
507880.09 3881401.42 30.0
507880.09 3881401.42 30.0
507880.09 3881401.42 30.0
507880.09 3881401.42 30.0
507880.09 3881401.42 30.0
507880.09 3881401.42 30.0
507880.09 3881401.42 30.0
507880.09 3881401.42 30.0
507880.09 3881401.42 30.0
507880.09 3881401.42 30.0
507880.09 3881401.42 30.0
507880.09 3881401.42 30.0
507880.09 3881401.42 30.0
507880.09 3881401.43 30.0
507880.09 3881401.43 30.0
507880.09 3881401.43 30.0
507880.09 3881401.43 30.0
507880.09 3881401.43 30.0
507880.09 3881401.43 30.0
507880.09 3881401.43 30.0
507880.09 3881401.43 30.0
507880.09 3881401.43 30.0
507880.09 3881401.43 30.0
507880.09 3881401.43 30.0
507880.09 3881401.43 30.0
507880.09 3881401.43 30.0
507880.09 3881401.43 30.0
507880.09 3881401.43 30.0
507880.09 3881401.43 30.0
507880.09 3881401.43 30.0
507880.09 3881401.43 30.0
507880.09 3881401.43 30.0
507880.09 3881401.43 30.0
507880.09 3881401.43 30.0
507880.09 3881401.43 30.0
507880.09 3881401.43 30.0
507880.09 3881401.43 30.0
507880.09 3881401.43 30.0
507880.09 3881401.43 30.0
507880.09 3881401.43 30.0
507880.09 3881401.43 30.0
507880.09 3881401.43 30.0
507880.09 3881401.43 30.0
507880.09 3881401.43 30.0
507880.09 3881401.43 30.0
507880.09 3881401.43 30.0
507880.08 3881401.43 30.0
507880.08 3881401.43 30.0
507880.08 3881401.43 30.0
507880.08 3881401.43 30.0
507880.08 3881401.43 30.0
507880.08 3881401.43 30.0
507880.07 3881401.43 30.0
507880.08 3881401.43 30.0
507880.07 3881401.43 30.0
507880.07 3881401.43 30.0
507880.07 3881401.43 30.0
507880.07 3881401.43 30.0
507880.07 3881401.43 30.0
507880.07 3881401.43 30.0
507880.07 3881401.43 30.0
507880.07 3881401.43 30.0
507880.07 3881401.43 30.0
507880.07 3881401.43 30.0
507880.07 3881401.43 30.0
507880.07 3881401.43 30.0
507880.07 3881401.43 30.0
507880.07 3881401.43 30.0
507880.07 3881401.42 30.0
507880.07 3881401.42 30.0
507880.07 3881401.42 30.0
507880.08 3881401.42 30.0
507880.08 3881401.42 30.0
507880.08 3881401.42 30.0
507880.08 3881401.42 30.0
507880.08 3881401.42 30.0
507880.08 3881401.42 30.0
507880.08 3881401.42 30.0
507880.08 3881401.43 30.0
507880.08 3881401.43 30.0
507880.08 3881401.42 30.0
507880.08 3881401.42 30.0
507880.08 3881401.42 30.0
507880.08 3881401.42 30.0
507880.08 3881401.43 30.0
507880.08 3881401.43 30.0
507880.08 3881401.43 30.0
507880.08 3881401.43 30.0
507880.08 3881401.43 30.0
507880.08 3881401.43 30.0
507880.08 3881401.43 30.0
507880.08 3881401.43 30.0
507880.08 3881401.43 30.0
507880.08 3881401.43 30.0
507880.08 3881401.43 30.0
507880.08 3881401.43 30.0
507880.08 3881401.43 30.0
507880.08 3881401.43 30.0
507880.08 3881401.43 30.0
507880.07 3881401.43 30.0
507880.07 3881401.43 30.0
507880.07 3881401.43 30.0
507880.07 3881401.43 30.0
507880.07 3881401.43 30.0
507880.07 3881401.43 30.0
507880.07 3881401.43 30.0
507880.07 3881401.43 30.0
507880.07 3881401.43 30.0
507880.07 3881401.43 30.0
507880.07 3881401.43 30.0
507880.07 3881401.43 30.0
507880.07 3881401.43 30.0
507880.07 3881401.43 30.0
507880.07 3881401.43 30.0
507880.08 3881401.43 30.0
507880.08 3881401.43 30.0
507880.08 3881401.43 30.0
507880.08 3881401.43 30.0
507880.08 3881401.43 30.0
507880.08 3881401.43 30.0
507880.08 3881401.43 30.0
507880.08 3881401.43 30.0
507880.08 3881401.43 30.0
507880.08 3881401.43 30.0
507880.08 3881401.43 30.0
507880.08 3881401.43 30.0
507880.08 3881401.43 30.0
507880.08 3881401.43 30.0
507880.09 3881401.43 30.0
507880.09 3881401.43 30.0
507880.09 3881401.43 30.0
507880.09 3881401.43 30.0
507880.09 3881401.43 30.0
507880.09 3881401.43 30.0
507880.09 3881401.43 30.0
507880.09 3881401.43 30.0
507880.09 3881401.43 30.0
507880.09 3881401.42 30.0
507880.09 3881401.42 30.0
507880.09 3881401.42 30.0
507880.09 3881401.42 30.0
507880.09 3881401.42 30.0
507880.09 3881401.42 30.0
507880.09 3881401.42 30.0
507880.09 3881401.42 30.0
507880.09 3881401.42 30.0
507880.09 3881401.42 30.0
507880.09 3881401.42 30.0
507880.09 3881401.42 30.0
507880.09 3881401.43 30.0
507880.09 3881401.43 30.0
507880.09 3881401.42 30.0
507880.09 3881401.42 30.0
507880.09 3881401.42 30.0
507880.09 3881401.42 30.0
507880.09 3881401.42 30.0
507880.09 3881401.42 30.0
507880.09 3881401.42 30.0
507880.09 3881401.42 30.0
507880.09 3881401.42 30.0
507880.09 3881401.42 30.0
507880.09 3881401.42 30.0
507880.09 3881401.42 30.0
507880.09 3881401.42 30.0
507880.09 3881401.42 30.0
507880.09 3881401.42 30.0
507880.09 3881401.42 30.0
507880.09 3881401.42 30.0
507880.09 3881401.42 30.0
507880.09 3881401.42 30.0
507880.09 3881401.42 30.0
507880.08 3881401.43 30.0
507880.08 3881401.43 30.0
507880.08 3881401.43 30.0
507880.07 3881401.43 30.0
507880.08 3881401.43 30.0
507880.07 3881401.42 30.0
507880.07 3881401.42 30.0
507880.07 3881401.42 30.0
507880.07 3881401.42 30.0
507880.07 3881401.42 30.0
507880.07 3881401.42 30.0
507880.07 3881401.42 30.0
507880.07 3881401.41 30.0
507880.07 3881401.41 30.0
507880.07 3881401.41 30.0
507880.07 3881401.41 30.0
507880.07 3881401.41 30.0
507880.07 3881401.41 30.0
507880.07 3881401.41 30.0
507880.07 3881401.41 30.0
507880.07 3881401.41 30.0
507880.07 3881401.41 30.0
507880.07 3881401.41 30.0
507880.07 3881401.41 30.0
507880.08 3881401.41 30.0
507880.08 3881401.41 30.0
507880.08 3881401.41 30.0
507880.08 3881401.41 30.0
507880.08 3881401.41 30.0
507880.08 3881401.41 30.0
507880.08 3881401.41 30.0
507880.08 3881401.42 30.0
507880.08 3881401.41 30.0
507880.08 3881401.42 30.0
507880.08 3881401.42 30.0
507880.08 3881401.42 30.0
507880.08 3881401.42 30.0
507880.08 3881401.42 30.0
507880.08 3881401.42 30.0
507880.08 3881401.42 30.0
507880.08 3881401.42 30.0
507880.08 3881401.42 30.0
507880.08 3881401.42 30.0
507880.08 3881401.42 30.0
507880.08 3881401.42 30.0
507880.08 3881401.42 30.0
507880.08 3881401.42 30.0
507880.08 3881401.42 30.0
507880.08 3881401.43 30.0
507880.08 3881401.43 30.0
507880.08 3881401.43 30.0
507880.08 3881401.43 30.0
507880.08 3881401.43 30.0
507880.08 3881401.43 30.0
507880.08 3881401.43 30.0
507880.08 3881401.43 30.0
507880.08 3881401.43 30.0
507880.08 3881401.43 30.0
507880.08 3881401.43 30.0
507880.08 3881401.43 30.0
507880.08 3881401.43 30.0
507880.08 3881401.43 30.0
507880.09 3881401.43 30.0
507880.09 3881401.43 30.0
507880.09 3881401.43 30.0
507880.09 3881401.43 30.0
507880.09 3881401.43 30.0
507880.09 3881401.43 30.0
507880.09 3881401.43 30.0
507880.09 3881401.43 30.0
507880.09 3881401.43 30.0
507880.09 3881401.43 30.0
507880.09 3881401.43 30.0
507880.09 3881401.43 30.0
507880.09 3881401.42 30.0
507880.09 3881401.42 30.0
507880.09 3881401.42 30.0
507880.09 3881401.42 30.0
507880.09 3881401.42 30.0
507880.09 3881401.43 30.0
507880.09 3881401.42 30.0
507880.09 3881401.43 30.0
507880.09 3881401.42 30.0
507880.09 3881401.42 30.0
507880.09 3881401.42 30.0
507880.09 3881401.42 30.0
507880.09 3881401.43 30.0
507880.09 3881401.43 30.0
507880.09 3881401.43 30.0
507880.09 3881401.43 30.0
507880.09 3881401.43 30.0
507880.09 3881401.43 30.0
507880.09 3881401.43 30.0
507880.09 3881401.43 30.0
507880.09 3881401.43 30.0
507880.09 3881401.43 30.0
507880.09 3881401.43 30.0
507880.09 3881401.43 30.0
507880.09 3881401.43 30.0
507880.08 3881401.43 30.0
507880.08 3881401.43 30.0
507880.08 3881401.43 30.0
507880.08 3881401.43 30.0
507880.08 3881401.43 30.0
507880.08 3881401.43 30.0
507880.08 3881401.43 30.0
507880.07 3881401.43 30.0
507880.07 3881401.43 30.0
507880.07 3881401.43 30.0
507880.07 3881401.43 30.0
507880.07 3881401.43 30.0
507880.07 3881401.43 30.0
507880.07 3881401.43 30.0
507880.07 3881401.43 30.0
507880.07 3881401.43 30.0
507880.07 3881401.43 30.0
507880.07 3881401.44 30.0
507880.07 3881401.43 30.0
507880.07 3881401.43 30.0
507880.07 3881401.43 30.0
507880.07 3881401.43 30.0
507880.07 3881401.43 30.0
507880.07 3881401.43 30.0
507880.07 3881401.42 30.0
507880.07 3881401.43 30.0
507880.07 3881401.42 30.0
507880.07 3881401.42 30.0
507880.07 3881401.42 30.0
507880.08 3881401.42 30.0
507880.08 3881401.42 30.0
507880.08 3881401.42 30.0
507880.08 3881401.42 30.0
507880.09 3881401.43 30.0
507880.10 3881401.43 30.0
507880.10 3881401.43 30.0
507880.10 3881401.43 30.0
507880.10 3881401.43 30.0
507880.10 3881401.43 30.0
507880.11 3881401.43 30.0
507880.11 3881401.43 30.0
507880.11 3881401.43 30.0
507880.11 3881401.43 30.0
507880.11 3881401.43 30.0
507880.11 3881401.43 30.0
507880.11 3881401.42 30.0
507880.11 3881401.42 30.0
507880.11 3881401.43 30.0
507880.10 3881401.43 30.0
507880.10 3881401.43 30.0
507880.10 3881401.43 30.0
507880.10 3881401.43 30.0
507880.10 3881401.43 30.0
507880.10 3881401.43 30.0
507880.10 3881401.42 30.0
507880.10 3881401.42 30.0
507880.10 3881401.42 30.0
507880.10 3881401.42 30.0
507880.10 3881401.42 30.0
507880.10 3881401.42 30.0
507880.10 3881401.42 30.0
507880.10 3881401.42 30.0
507880.10 3881401.42 30.0
507880.10 3881401.42 30.0
507880.10 3881401.42 30.0
507880.09 3881401.42 30.0
507880.09 3881401.42 30.0
507880.09 3881401.42 30.0
507880.10 3881401.43 30.0
507880.10 3881401.43 30.0
507880.10 3881401.43 30.0
507880.10 3881401.43 30.0
507880.10 3881401.43 30.0
507880.10 3881401.43 30.0
507880.10 3881401.43 30.0
507880.10 3881401.42 30.0
507880.10 3881401.42 30.0
507880.10 3881401.42 30.0
507880.10 3881401.42 30.0
507880.10 3881401.42 30.0
507880.10 3881401.42 30.0
507880.09 3881401.42 30.0
507880.09 3881401.42 30.0
507880.09 3881401.42 30.0
507880.09 3881401.42 30.0
507880.08 3881401.42 30.0
507880.08 3881401.42 30.0
507880.07 3881401.42 30.0
507880.07 3881401.42 30.0
507880.07 3881401.42 30.0
507880.07 3881401.42 30.0
507880.07 3881401.42 30.0
507880.07 3881401.42 30.0
507880.07 3881401.42 30.0
507880.07 3881401.42 30.0
507880.07 3881401.42 30.0
507880.07 3881401.42 30.0
507880.07 3881401.42 30.0
507880.07 3881401.42 30.0
507880.07 3881401.42 30.0
507880.07 3881401.42 30.0
507880.07 3881401.42 30.0
507880.07 3881401.42 30.0
507880.07 3881401.42 30.0
507880.07 3881401.42 30.0
507880.07 3881401.42 30.0
507880.07 3881401.42 30.0
507880.07 3881401.42 30.0
507880.07 3881401.42 30.0
507880.07 3881401.42 30.0
507880.07 3881401.42 30.0
507880.07 3881401.42 30.0
507880.07 3881401.42 30.0
507880.07 3881401.42 30.0
507880.07 3881401.43 30.0
507880.07 3881401.42 30.0
507880.07 3881401.43 30.0
507880.07 3881401.43 30.0
507880.07 3881401.43 30.0
507880.07 3881401.43 30.0
507880.07 3881401.43 30.0
507880.07 3881401.43 30.0
507880.07 3881401.43 30.0
507880.07 3881401.43 30.0
507880.07 3881401.43 30.0
507880.07 3881401.43 30.0
507880.07 3881401.43 30.0
507880.08 3881401.43 30.0
507880.08 3881401.43 30.0
507880.07 3881401.43 30.0
507880.07 3881401.43 30.0
507880.07 3881401.43 30.0
507880.07 3881401.43 30.0
507880.07 3881401.43 30.0
507880.07 3881401.43 30.0
507880.07 3881401.43 30.0
507880.07 3881401.43 30.0
507880.07 3881401.43 30.0
507880.07 3881401.43 30.0
507880.07 3881401.43 30.0
507880.07 3881401.44 30.0
507880.07 3881401.43 30.0
507880.07 3881401.44 30.0
507880.08 3881401.43 30.0
507880.08 3881401.43 30.0
507880.08 3881401.43 30.0
507880.08 3881401.43 30.0
507880.08 3881401.43 30.0
507880.08 3881401.43 30.0
507880.08 3881401.43 30.0
507880.08 3881401.43 30.0
507880.08 3881401.43 30.0
507880.09 3881401.43 30.0
507880.09 3881401.43 30.0
507880.09 3881401.43 30.0
507880.09 3881401.43 30.0
507880.08 3881401.43 30.0
507880.08 3881401.43 30.0
507880.08 3881401.43 30.0
507880.08 3881401.43 30.0
507880.08 3881401.43 30.0
507880.08 3881401.43 30.0
507880.08 3881401.43 30.0
507880.08 3881401.43 30.0
507880.08 3881401.43 30.0
507880.08 3881401.43 30.0
507880.08 3881401.42 30.0
507880.08 3881401.42 30.0
507880.08 3881401.42 30.0
507880.08 3881401.42 30.0
507880.08 3881401.43 30.0
507880.08 3881401.43 30.0
507880.08 3881401.43 30.0
507880.08 3881401.42 30.0
507880.08 3881401.42 30.0
507880.08 3881401.42 30.0
507880.08 3881401.42 30.0
507880.08 3881401.42 30.0
507880.08 3881401.42 30.0
507880.08 3881401.42 30.0
507880.08 3881401.42 30.0
507880.08 3881401.42 30.0
507880.08 3881401.42 30.0
507880.08 3881401.42 30.0
507880.07 3881401.42 30.0
507880.07 3881401.42 30.0
507880.07 3881401.42 30.0
507880.08 3881401.42 30.0
507880.08 3881401.42 30.0
507880.08 3881401.42 30.0
507880.08 3881401.42 30.0
507880.08 3881401.42 30.0
507880.08 3881401.42 30.0
507880.08 3881401.42 30.0
507880.08 3881401.42 30.0
507880.08 3881401.42 30.0
507880.08 3881401.42 30.0
507880.08 3881401.42 30.0
507880.08 3881401.42 30.0
507880.08 3881401.42 30.0
507880.08 3881401.42 30.0
507880.08 3881401.42 30.0
507880.08 3881401.42 30.0
507880.08 3881401.42 30.0
507880.08 3881401.42 30.0
507880.08 3881401.42 30.0
507880.08 3881401.42 30.0
507880.08 3881401.42 30.0
507880.08 3881401.42 30.0
507880.08 3881401.42 30.0
507880.08 3881401.43 30.0
507880.08 3881401.43 30.0
507880.08 3881401.43 30.0
507880.08 3881401.43 30.0
507880.08 3881401.43 30.0
507880.08 3881401.43 30.0
507880.09 3881401.43 30.0
507880.08 3881401.43 30.0
507880.09 3881401.43 30.0
507880.09 3881401.43 30.0
507880.09 3881401.42 30.0
507880.09 3881401.42 30.0
507880.09 3881401.42 30.0
507880.09 3881401.42 30.0
507880.09 3881401.42 30.0
507880.09 3881401.42 30.0
507880.09 3881401.42 30.0
507880.09 3881401.42 30.0
507880.09 3881401.42 30.0
507880.10 3881401.42 30.0
507880.10 3881401.42 30.0
507880.10 3881401.42 30.0
507880.10 3881401.42 30.0
507880.10 3881401.42 30.0
507880.09 3881401.42 30.0
507880.10 3881401.42 30.0
507880.09 3881401.42 30.0
507880.09 3881401.42 30.0
507880.09 3881401.42 30.0
507880.09 3881401.42 30.0
507880.09 3881401.42 30.0
507880.09 3881401.42 30.0
507880.09 3881401.42 30.0
507880.09 3881401.42 30.0
507880.09 3881401.42 30.0
507880.09 3881401.42 30.0
507880.09 3881401.42 30.0
507880.09 3881401.42 30.0
507880.08 3881401.42 30.0
507880.08 3881401.42 30.0
507880.08 3881401.42 30.0
507880.08 3881401.42 30.0
507880.08 3881401.42 30.0
507880.08 3881401.42 30.0
507880.08 3881401.42 30.0
507880.08 3881401.42 30.0
507880.08 3881401.42 30.0
507880.08 3881401.42 30.0
507880.08 3881401.42 30.0
507880.08 3881401.42 30.0
507880.08 3881401.42 30.0
507880.08 3881401.42 30.0
507880.08 3881401.42 30.0
507880.08 3881401.42 30.0
507880.08 3881401.42 30.0
507880.08 3881401.42 30.0
507880.08 3881401.42 30.0
507880.08 3881401.42 30.0
507880.08 3881401.42 30.0
507880.08 3881401.42 30.0
507880.08 3881401.42 30.0
507880.08 3881401.42 30.0
507880.08 3881401.42 30.0
507880.08 3881401.42 30.0
507880.08 3881401.42 30.0
507880.08 3881401.42 30.0
507880.08 3881401.42 30.0
507880.08 3881401.42 30.0
507880.08 3881401.42 30.0
507880.08 3881401.42 30.0
507880.08 3881401.42 30.0
507880.08 3881401.42 30.0
507880.08 3881401.42 30.0
507880.08 3881401.42 30.0
507880.08 3881401.42 30.0
507880.09 3881401.42 30.0
507880.09 3881401.42 30.0
507880.09 3881401.42 30.0
507880.09 3881401.42 30.0
507880.09 3881401.42 30.0
507880.09 3881401.42 30.0
507880.09 3881401.42 30.0
507880.09 3881401.42 30.0
507880.09 3881401.42 30.0
507880.09 3881401.42 30.0
507880.09 3881401.42 30.0
507880.09 3881401.42 30.0
507880.09 3881401.42 30.0
507880.09 3881401.42 30.0
507880.09 3881401.42 30.0
507880.09 3881401.42 30.0
507880.08 3881401.42 30.0
507880.08 3881401.42 30.0
507880.09 3881401.42 30.0
507880.09 3881401.42 30.0
507880.09 3881401.42 30.0
507880.09 3881401.42 30.0
507880.09 3881401.42 30.0
507880.08 3881401.42 30.0
507880.08 3881401.42 30.0
507880.08 3881401.42 30.0
507880.08 3881401.42 30.0
507880.08 3881401.42 30.0
507880.08 3881401.42 30.0
507880.08 3881401.42 30.0
507880.08 3881401.42 30.0
507880.08 3881401.42 30.0
507880.08 3881401.42 30.0
507880.08 3881401.42 30.0
507880.08 3881401.42 30.0
507880.08 3881401.42 30.0
507880.08 3881401.42 30.0
507880.08 3881401.42 30.0
507880.08 3881401.42 30.0
507880.08 3881401.42 30.0
507880.08 3881401.42 30.0
507880.08 3881401.42 30.0
507880.08 3881401.42 30.0
507880.08 3881401.42 30.0
507880.09 3881401.42 30.0
507880.08 3881401.42 30.0
507880.08 3881401.42 30.0
507880.09 3881401.42 30.0
507880.08 3881401.42 30.0
507880.09 3881401.42 30.0
507880.09 3881401.42 30.0
507880.09 3881401.42 30.0
507880.09 3881401.42 30.0
507880.09 3881401.42 30.0
507880.09 3881401.42 30.0
507880.09 3881401.42 30.0
507880.09 3881401.43 30.0
507880.09 3881401.43 30.0
507880.09 3881401.43 30.0
507880.09 3881401.43 30.0
507880.09 3881401.43 30.0
507880.09 3881401.43 30.0
507880.09 3881401.43 30.0
507880.09 3881401.43 30.0
507880.09 3881401.42 30.0
507880.09 3881401.42 30.0
507880.09 3881401.42 30.0
507880.09 3881401.42 30.0
507880.09 3881401.42 30.0
507880.09 3881401.42 30.0
507880.09 3881401.42 30.0
507880.09 3881401.42 30.0
507880.09 3881401.42 30.0
507880.09 3881401.42 30.0
507880.09 3881401.43 30.0
507880.09 3881401.43 30.0
507880.09 3881401.43 30.0
507880.08 3881401.43 30.0
507880.08 3881401.43 30.0
507880.08 3881401.43 30.0
507880.08 3881401.42 30.0
507880.08 3881401.42 30.0
507880.08 3881401.42 30.0
507880.08 3881401.42 30.0
507880.08 3881401.42 30.0
507880.08 3881401.42 30.0
507880.08 3881401.42 30.0
507880.08 3881401.42 30.0
507880.08 3881401.42 30.0
507880.09 3881401.42 30.0
507880.08 3881401.42 30.0
507880.09 3881401.42 30.0
507880.09 3881401.42 30.0
507880.09 3881401.42 30.0
507880.09 3881401.42 30.0
507880.09 3881401.42 30.0
507880.09 3881401.42 30.0
507880.09 3881401.42 30.0
507880.09 3881401.42 30.0
507880.09 3881401.42 30.0
507880.09 3881401.42 30.0
507880.09 3881401.42 30.0
507880.09 3881401.42 30.0
507880.09 3881401.42 30.0
507880.09 3881401.42 30.0
507880.09 3881401.42 30.0
507880.09 3881401.42 30.0
507880.09 3881401.42 30.0
507880.09 3881401.42 30.0
507880.08 3881401.41 30.0
507880.08 3881401.41 30.0
507880.08 3881401.42 30.0
507880.08 3881401.41 30.0
507880.08 3881401.42 30.0
507880.08 3881401.42 30.0
507880.08 3881401.42 30.0
507880.08 3881401.42 30.0
507880.08 3881401.42 30.0
507880.08 3881401.42 30.0
507880.08 3881401.42 30.0
507880.08 3881401.42 30.0
507880.08 3881401.42 30.0
507880.08 3881401.42 30.0
507880.08 3881401.42 30.0
507880.08 3881401.42 30.0
507880.08 3881401.42 30.0
507880.09 3881401.42 30.0
507880.09 3881401.42 30.0
507880.09 3881401.42 30.0
507880.09 3881401.42 30.0
507880.09 3881401.42 30.0
507880.09 3881401.42 30.0
507880.09 3881401.42 30.0
507880.09 3881401.42 30.0
507880.08 3881401.42 30.0
507880.08 3881401.42 30.0
507880.09 3881401.41 30.0
507880.08 3881401.41 30.0
507880.08 3881401.41 30.0
507880.09 3881401.41 30.0
507880.09 3881401.41 30.0
507880.09 3881401.41 30.0
507880.09 3881401.41 30.0
507880.09 3881401.41 30.0
507880.09 3881401.41 30.0
507880.09 3881401.42 30.0
507880.09 3881401.42 30.0
507880.09 3881401.42 30.0
507880.09 3881401.41 30.0
507880.09 3881401.41 30.0
507880.09 3881401.41 30.0
507880.09 3881401.41 30.0
507880.09 3881401.42 30.0
507880.09 3881401.41 30.0
507880.09 3881401.41 30.0
507880.09 3881401.41 30.0
507880.09 3881401.42 30.0
507880.08 3881401.42 30.0
507880.08 3881401.42 30.0
507880.08 3881401.42 30.0
507880.08 3881401.42 30.0
507880.08 3881401.42 30.0
507880.08 3881401.42 30.0
507880.08 3881401.42 30.0
507880.08 3881401.42 30.0
507880.08 3881401.42 30.0
507880.08 3881401.42 30.0
507880.08 3881401.42 30.0
507880.08 3881401.42 30.0
507880.08 3881401.42 30.0
507880.09 3881401.42 30.0
507880.08 3881401.41 30.0
507880.09 3881401.42 30.0
507880.09 3881401.42 30.0
507880.09 3881401.42 30.0
507880.09 3881401.41 30.0
507880.09 3881401.42 30.0
507880.09 3881401.41 30.0
507880.09 3881401.41 30.0
507880.09 3881401.41 30.0
507880.09 3881401.41 30.0
507880.10 3881401.42 30.0
507880.10 3881401.42 30.0
507880.10 3881401.42 30.0
507880.10 3881401.42 30.0
507880.10 3881401.42 30.0
507880.10 3881401.42 30.0
507880.09 3881401.42 30.0
507880.10 3881401.42 30.0
507880.09 3881401.42 30.0
507880.09 3881401.42 30.0
507880.09 3881401.42 30.0
507880.09 3881401.42 30.0
507880.09 3881401.42 30.0
507880.09 3881401.42 30.0
507880.10 3881401.42 30.0
507880.09 3881401.42 30.0
507880.10 3881401.42 30.0
507880.10 3881401.42 30.0
507880.10 3881401.42 30.0
507880.10 3881401.42 30.0
507880.10 3881401.42 30.0
507880.10 3881401.42 30.0
507880.10 3881401.42 30.0
507880.10 3881401.42 30.0
507880.10 3881401.42 30.0
507880.10 3881401.42 30.0
507880.10 3881401.42 30.0
507880.10 3881401.42 30.0
507880.10 3881401.42 30.0
507880.09 3881401.42 30.0
507880.09 3881401.42 30.0
507880.09 3881401.42 30.0
507880.09 3881401.42 30.0
507880.09 3881401.42 30.0
507880.09 3881401.42 30.0
507880.09 3881401.42 30.0
507880.09 3881401.42 30.0
507880.08 3881401.42 30.0
507880.08 3881401.42 30.0
507880.08 3881401.41 30.0
507880.08 3881401.41 30.0
507880.08 3881401.42 30.0
507880.08 3881401.42 30.0
507880.08 3881401.42 30.0
507880.07 3881401.42 30.0
507880.07 3881401.42 30.0
507880.07 3881401.41 30.0
507880.07 3881401.42 30.0
507880.07 3881401.41 30.0
507880.07 3881401.41 30.0
507880.07 3881401.41 30.0
507880.07 3881401.41 30.0
507880.07 3881401.41 30.0
507880.07 3881401.41 30.0
507880.08 3881401.41 30.0
507880.08 3881401.41 30.0
507880.08 3881401.42 30.0
507880.08 3881401.42 30.0
507880.09 3881401.42 30.0
507880.09 3881401.42 30.0
507880.09 3881401.42 30.0
507880.09 3881401.42 30.0
507880.09 3881401.42 30.0
507880.09 3881401.42 30.0
507880.09 3881401.42 30.0
507880.09 3881401.42 30.0
507880.09 3881401.42 30.0
507880.09 3881401.42 30.0
507880.09 3881401.42 30.0
507880.09 3881401.42 30.0
507880.09 3881401.42 30.0
507880.09 3881401.42 30.0
507880.09 3881401.42 30.0
507880.09 3881401.42 30.0
507880.09 3881401.42 30.0
507880.09 3881401.42 30.0
507880.09 3881401.43 30.0
507880.09 3881401.42 30.0
507880.09 3881401.43 30.0
507880.09 3881401.42 30.0
507880.09 3881401.42 30.0
507880.09 3881401.42 30.0
507880.09 3881401.42 30.0
507880.09 3881401.42 30.0
507880.09 3881401.42 30.0
507880.09 3881401.42 30.0
507880.10 3881401.43 30.0
507880.09 3881401.42 30.0
507880.10 3881401.43 30.0
507880.11 3881401.43 30.0
507880.11 3881401.44 30.0
507880.11 3881401.43 30.0
507880.11 3881401.44 30.0
507880.11 3881401.44 30.0
507880.11 3881401.44 30.0
507880.11 3881401.44 30.0
507880.11 3881401.44 30.0
507880.11 3881401.44 30.0
507880.11 3881401.44 30.0
507880.11 3881401.44 30.0
507880.11 3881401.44 30.0
507880.11 3881401.44 30.0
507880.11 3881401.44 30.0
507880.11 3881401.44 30.0
507880.11 3881401.44 30.0
507880.11 3881401.44 30.0
507880.10 3881401.44 30.0
507880.10 3881401.44 30.0
507880.10 3881401.44 30.0
507880.10 3881401.44 30.0
507880.10 3881401.44 30.0
507880.10 3881401.44 30.0
507880.10 3881401.44 30.0
507880.10 3881401.44 30.0
507880.10 3881401.44 30.0
507880.10 3881401.44 30.0
507880.10 3881401.43 30.0
507880.10 3881401.43 30.0
507880.10 3881401.43 30.0
507880.10 3881401.43 30.0
507880.10 3881401.43 30.0
507880.10 3881401.43 30.0
507880.10 3881401.43 30.0
507880.10 3881401.43 30.0
507880.10 3881401.43 30.0
507880.10 3881401.43 30.0
507880.10 3881401.43 30.0
507880.10 3881401.43 30.0
507880.10 3881401.43 30.0
507880.10 3881401.43 30.0
507880.10 3881401.43 30.0
507880.10 3881401.43 30.0
507880.10 3881401.43 30.0
507880.10 3881401.43 30.0
507880.10 3881401.43 30.0
507880.10 3881401.43 30.0
507880.10 3881401.43 30.0
507880.10 3881401.43 30.0
507880.10 3881401.43 30.0
507880.10 3881401.43 30.0
507880.10 3881401.43 30.0
507880.10 3881401.43 30.0
507880.10 3881401.43 30.0
507880.10 3881401.43 30.0
507880.10 3881401.43 30.0
507880.10 3881401.43 30.0
507880.10 3881401.43 30.0
507880.10 3881401.43 30.0
507880.10 3881401.43 30.0
507880.10 3881401.43 30.0
507880.10 3881401.43 30.0
507880.10 3881401.43 30.0
507880.10 3881401.43 30.0
507880.10 3881401.43 30.0
507880.10 3881401.43 30.0
507880.10 3881401.43 30.0
507880.10 3881401.43 30.0
507880.10 3881401.43 30.0
507880.10 3881401.43 30.0
507880.10 3881401.43 30.0
507880.10 3881401.43 30.0
507880.10 3881401.43 30.0
507880.10 3881401.43 30.0
507880.10 3881401.43 30.0
507880.10 3881401.43 30.0
507880.10 3881401.43 30.0
507880.11 3881401.43 30.0
507880.11 3881401.43 30.0
507880.10 3881401.43 30.0
507880.10 3881401.43 30.0
507880.10 3881401.43 30.0
507880.10 3881401.43 30.0
507880.10 3881401.43 30.0
507880.10 3881401.43 30.0
507880.10 3881401.43 30.0
507880.09 3881401.43 30.0
507880.09 3881401.43 30.0
507880.10 3881401.42 30.0
507880.10 3881401.42 30.0
507880.09 3881401.42 30.0
507880.09 3881401.42 30.0
507880.10 3881401.43 30.0
507880.10 3881401.43 30.0
507880.09 3881401.42 30.0
507880.09 3881401.42 30.0
507880.09 3881401.43 30.0
507880.09 3881401.43 30.0
507880.09 3881401.43 30.0
507880.09 3881401.43 30.0
507880.09 3881401.43 30.0
507880.09 3881401.43 30.0
507880.09 3881401.43 30.0
507880.09 3881401.43 30.0
507880.10 3881401.42 30.0
507880.10 3881401.42 30.0
507880.09 3881401.42 30.0
507880.09 3881401.42 30.0
507880.09 3881401.42 30.0
507880.09 3881401.42 30.0
507880.09 3881401.42 30.0
507880.09 3881401.42 30.0
507880.09 3881401.42 30.0
507880.09 3881401.42 30.0
507880.09 3881401.42 30.0
507880.09 3881401.42 30.0
507880.09 3881401.42 30.0
507880.09 3881401.42 30.0
507880.09 3881401.42 30.0
507880.10 3881401.42 30.0
507880.10 3881401.42 30.0
507880.10 3881401.42 30.0
507880.10 3881401.42 30.0
507880.10 3881401.42 30.0
507880.10 3881401.42 30.0
507880.10 3881401.43 30.0
507880.10 3881401.43 30.0
507880.10 3881401.43 30.0
507880.09 3881401.43 30.0
507880.09 3881401.43 30.0
507880.09 3881401.43 30.0
507880.09 3881401.43 30.0
507880.09 3881401.44 30.0
507880.09 3881401.44 30.0
507880.09 3881401.43 30.0
507880.09 3881401.43 30.0
507880.09 3881401.43 30.0
507880.10 3881401.43 30.0
507880.10 3881401.43 30.0
507880.11 3881401.43 30.0
507880.11 3881401.43 30.0
507880.12 3881401.42 30.0
507880.11 3881401.43 30.0
507880.12 3881401.42 30.0
507880.12 3881401.43 30.0
507880.12 3881401.43 30.0
507880.12 3881401.43 30.0
507880.12 3881401.43 30.0
507880.12 3881401.43 30.0
507880.12 3881401.43 30.0
507880.12 3881401.43 30.0
507880.12 3881401.43 30.0
507880.12 3881401.43 30.0
507880.12 3881401.43 30.0
507880.12 3881401.43 30.0
507880.12 3881401.43 30.0
507880.12 3881401.43 30.0
507880.12 3881401.43 30.0
507880.12 3881401.43 30.0
507880.12 3881401.43 30.0
507880.12 3881401.43 30.0
507880.12 3881401.43 30.0
507880.12 3881401.43 30.0
507880.12 3881401.43 30.0
507880.12 3881401.43 30.0
507880.12 3881401.43 30.0
507880.12 3881401.43 30.0
507880.12 3881401.43 30.0
507880.12 3881401.43 30.0
507880.12 3881401.43 30.0
507880.12 3881401.43 30.0
507880.12 3881401.43 30.0
507880.12 3881401.43 30.0
507880.12 3881401.43 30.0
507880.12 3881401.43 30.0
507880.12 3881401.43 30.0
507880.12 3881401.43 30.0
507880.12 3881401.43 30.0
507880.12 3881401.43 30.0
507880.12 3881401.43 30.0
507880.12 3881401.43 30.0
507880.12 3881401.43 30.0
507880.12 3881401.43 30.0
507880.12 3881401.43 30.0
507880.12 3881401.44 30.0
507880.12 3881401.44 30.0
507880.12 3881401.43 30.0
507880.12 3881401.43 30.0
507880.12 3881401.43 30.0
507880.12 3881401.43 30.0
507880.12 3881401.43 30.0
507880.12 3881401.43 30.0
507880.12 3881401.43 30.0
507880.12 3881401.43 30.0
507880.12 3881401.43 30.0
507880.12 3881401.43 30.0
507880.12 3881401.43 30.0
507880.11 3881401.43 30.0
507880.12 3881401.43 30.0
507880.11 3881401.43 30.0
507880.11 3881401.43 30.0
507880.11 3881401.43 30.0
507880.11 3881401.43 30.0
507880.11 3881401.43 30.0
507880.11 3881401.43 30.0
507880.11 3881401.43 30.0
507880.11 3881401.43 30.0
507880.11 3881401.43 30.0
507880.11 3881401.43 30.0
507880.11 3881401.44 30.0
507880.11 3881401.43 30.0
507880.11 3881401.44 30.0
507880.11 3881401.44 30.0
507880.11 3881401.44 30.0
507880.11 3881401.44 30.0
507880.11 3881401.44 30.0
507880.11 3881401.44 30.0
507880.11 3881401.44 30.0
507880.11 3881401.43 30.0
507880.11 3881401.43 30.0
507880.11 3881401.43 30.0
507880.11 3881401.43 30.0
507880.11 3881401.43 30.0
507880.11 3881401.43 30.0
507880.11 3881401.43 30.0
507880.11 3881401.43 30.0
507880.11 3881401.43 30.0
507880.11 3881401.43 30.0
507880.11 3881401.43 30.0
507880.11 3881401.43 30.0
507880.11 3881401.43 30.0
507880.11 3881401.43 30.0
507880.11 3881401.43 30.0
507880.11 3881401.43 30.0
507880.11 3881401.43 30.0
507880.11 3881401.43 30.0
507880.11 3881401.43 30.0
507880.11 3881401.43 30.0
507880.11 3881401.43 30.0
507880.11 3881401.43 30.0
507880.11 3881401.43 30.0
507880.11 3881401.43 30.0
507880.11 3881401.43 30.0
507880.11 3881401.43 30.0
507880.11 3881401.43 30.0
507880.11 3881401.43 30.0
507880.11 3881401.43 30.0
507880.11 3881401.43 30.0
507880.11 3881401.43 30.0
507880.11 3881401.43 30.0
507880.12 3881401.43 30.0
507880.12 3881401.43 30.0
507880.12 3881401.43 30.0
507880.11 3881401.43 30.0
507880.11 3881401.43 30.0
507880.11 3881401.43 30.0
507880.11 3881401.43 30.0
507880.11 3881401.43 30.0
507880.11 3881401.43 30.0
507880.11 3881401.43 30.0
507880.11 3881401.43 30.0
507880.11 3881401.43 30.0
507880.11 3881401.43 30.0
507880.11 3881401.43 30.0
507880.11 3881401.43 30.0
507880.11 3881401.43 30.0
507880.11 3881401.43 30.0
507880.11 3881401.43 30.0
507880.12 3881401.43 30.0
166021.4431793313 0.0 30.0
507913.3216461308 3881455.598715583 30.0
507913.3216461308 3881455.598715583 30.0
507913.3216461308 3881455.598715583 30.0
507913.3216461308 3881455.598715583 30.0
507913.3216461308 3881455.598715583 30.0
507913.3216461308 3881455.598715583 30.0
507913.3216461308 3881455.598715583 30.0
507913.3216461308 3881455.598715583 30.0
507913.3216461308 3881455.598715583 30.0
507913.3216461308 3881455.598715583 30.0
507913.3216461308 3881455.598715583 30.0
507913.3216461308 3881455.598715583 30.0
507913.3216461308 3881455.598715583 30.0
507913.3216461308 3881455.598715583 30.0
507913.3216364763 3881455.609805344 30.0
507913.3216364763 3881455.609805344 30.0
507913.3216364763 3881455.609805344 30.0
507913.3216364763 3881455.609805344 30.0
507913.3216364763 3881455.609805344 30.0
507913.3216364763 3881455.609805344 30.0
507913.3216364763 3881455.609805344 30.0
507913.3216364763 3881455.609805344 30.0
507913.3216364763 3881455.609805344 30.0
507913.3216364763 3881455.609805344 30.0
507913.3216364763 3881455.609805344 30.0
507913.3216364763 3881455.609805344 30.0
507913.3216364763 3881455.609805344 30.0
507913.3216364763 3881455.609805344 30.0
507913.3216364763 3881455.609805344 30.0
507913.3216364763 3881455.609805344 30.0
507913.31251973595 3881455.6097974074 30.0
507913.31251973595 3881455.6097974074 30.0
507913.31251973595 3881455.6097974074 30.0
507913.31251973595 3881455.6097974074 30.0
507913.31251973595 3881455.6097974074 30.0
507913.31251973595 3881455.6097974074 30.0
507913.31251973595 3881455.6097974074 30.0
507913.31251973595 3881455.6097974074 30.0
507913.31251973595 3881455.6097974074 30.0
507913.31252939044 3881455.598707646 30.0
507913.31252939044 3881455.598707646 30.0
507913.31252939044 3881455.598707646 30.0
507913.31252939044 3881455.598707646 30.0
507913.31252939044 3881455.598707646 30.0
507913.3216461308 3881455.598715583 30.0
507913.3216461308 3881455.598715583 30.0
507913.3216461308 3881455.598715583 30.0
507913.3216461308 3881455.598715583 30.0
507913.3216461308 3881455.598715583 30.0
507913.3216461308 3881455.598715583 30.0
507913.3216461308 3881455.598715583 30.0
507913.3216461308 3881455.598715583 30.0
507913.3216461308 3881455.598715583 30.0
507913.3216461308 3881455.598715583 30.0
507913.3216461308 3881455.598715583 30.0
507913.3216461308 3881455.598715583 30.0
507913.3216461308 3881455.598715583 30.0
507913.3216461308 3881455.598715583 30.0
507913.3216461308 3881455.598715583 30.0
507913.3216461308 3881455.598715583 30.0
507913.3216461308 3881455.598715583 30.0
507913.3216461308 3881455.598715583 30.0
507913.3216461308 3881455.598715583 30.0
507913.3216461308 3881455.598715583 30.0
507913.3216461308 3881455.598715583 30.0
507913.3216461308 3881455.598715583 30.0
507913.3216461308 3881455.598715583 30.0
507913.3216461308 3881455.598715583 30.0
507913.3216461308 3881455.598715583 30.0
507913.31251973595 3881455.6097974074 30.0
507913.31251973595 3881455.6097974074 30.0
507913.3216461308 3881455.598715583 30.0
507913.3216461308 3881455.598715583 30.0
507913.3216461308 3881455.598715583 30.0
507913.3216461308 3881455.598715583 30.0
507913.3216461308 3881455.598715583 30.0
507913.3216461308 3881455.598715583 30.0
507913.3216461308 3881455.598715583 30.0
507913.3216461308 3881455.598715583 30.0
507913.3216461308 3881455.598715583 30.0
507913.3216364763 3881455.609805344 30.0
507913.3216364763 3881455.609805344 30.0
507913.3216461308 3881455.598715583 30.0
507913.3216461308 3881455.598715583 30.0
507913.3216461308 3881455.598715583 30.0
507913.3216461308 3881455.598715583 30.0
507913.3216461308 3881455.598715583 30.0
507913.3216461308 3881455.598715583 30.0
507913.3216461308 3881455.598715583 30.0
507913.3216461308 3881455.598715583 30.0
507913.3216461308 3881455.598715583 30.0
507913.3216461308 3881455.598715583 30.0
507913.3216461308 3881455.598715583 30.0
507913.3216461308 3881455.598715583 30.0
507913.3216461308 3881455.598715583 30.0
507913.3216461308 3881455.598715583 30.0
507913.3216557853 3881455.5876258197 30.0
507913.3216557853 3881455.5876258197 30.0
507913.3216557853 3881455.5876258197 30.0
507913.3216557853 3881455.5876258197 30.0
507913.3307821826 3881455.5765439933 30.0
507913.3307821826 3881455.5765439933 30.0
507913.34902532486 3881455.565470103 30.0
507913.34902532486 3881455.565470103 30.0
507913.37639486225 3881455.543314389 30.0
507913.37639486225 3881455.543314389 30.0
507913.4037643997 3881455.5211586733 30.0
507913.4037643997 3881455.5211586733 30.0
507913.4858537059 3881455.476871054 30.0
507913.65912975377 3881455.41048328 30.0
507913.65912975377 3881455.41048328 30.0
507913.8871255723 3881455.321963608 30.0
507913.8871255723 3881455.321963608 30.0
507914.01482756383 3881455.244446392 30.0
507914.01482756383 3881455.244446392 30.0
507914.13342246995 3881455.1558314757 30.0
507914.13342246995 3881455.1558314757 30.0
507914.2611341239 3881455.0672244993 30.0
507914.2611341239 3881455.0672244993 30.0
507914.2611341239 3881455.0672244993 30.0
507914.5074406889 3881454.890002614 30.0
507914.5074406889 3881454.890002614 30.0
507914.6351523479 3881454.8013956435 30.0
507914.6351523479 3881454.8013956435 30.0
507914.88145893207 3881454.624173769 30.0
507914.88145893207 3881454.624173769 30.0
507915.0000635136 3881454.524469102 30.0
507915.0000635136 3881454.524469102 30.0
507915.13685329957 3881454.480229128 30.0
507915.13685329957 3881454.480229128 30.0
507915.24633148033 3881454.3916062885 30.0
507915.24633148033 3881454.3916062885 30.0
507915.35580966785 3881454.3029834502 30.0
507915.35580966785 3881454.3029834502 30.0
507915.4652878529 3881454.214360613 30.0
507915.4652878529 3881454.214360613 30.0
507915.5565518685 3881454.1035423735 30.0
507915.638699142 3881453.992716195 30.0
507915.5565518685 3881454.1035423735 30.0
507915.638699142 3881453.992716195 30.0
507915.72997281933 3881453.870808193 30.0
507915.72997281933 3881453.870808193 30.0
507915.8212464968 3881453.7489001933 30.0
507915.87609183317 3881453.582601384 30.0
507915.8212464968 3881453.7489001933 30.0
507915.87609183317 3881453.582601384 30.0
507915.95825843065 3881453.4495956823 30.0
507915.95825843065 3881453.4495956823 30.0
507916.0404153681 3881453.3276797454 30.0
507916.1225723124 3881453.2057638094 30.0
507916.1225723124 3881453.2057638094 30.0
507916.1225723124 3881453.2057638094 30.0
507916.21384600416 3881453.0838558134 30.0
507916.21384600416 3881453.0838558134 30.0
507916.29600295296 3881452.9619398783 30.0
507916.29600295296 3881452.9619398783 30.0
507916.3872766495 3881452.8400318837 30.0
507916.46942394215 3881452.7292057113 30.0
507916.46942394215 3881452.7292057113 30.0
507916.55157123914 3881452.618379542 30.0
507916.55157123914 3881452.618379542 30.0
507916.55157123914 3881452.618379542 30.0
507916.63371853816 3881452.5075533725 30.0
507916.63371853816 3881452.5075533725 30.0
507916.70674909325 3881452.396719265 30.0
507916.7888963961 3881452.285893098 30.0
507916.7888963961 3881452.285893098 30.0
507916.86191729375 3881452.1861487534 30.0
507916.86191729375 3881452.1861487534 30.0
507916.86191729375 3881452.1861487534 30.0
507916.9349381953 3881452.0864044097 30.0
507916.9349381953 3881452.0864044097 30.0
507917.00795909844 3881451.986660066 30.0
507917.00795909844 3881451.986660066 30.0
507917.08098000084 3881451.886915724 30.0
507917.08098000084 3881451.886915724 30.0
507917.1540009072 3881451.7871713825 30.0
507917.1540009072 3881451.7871713825 30.0
507917.2452553084 3881451.687442923 30.0
507917.2452553084 3881451.687442923 30.0
507917.32739296486 3881451.587706523 30.0
507917.32739296486 3881451.587706523 30.0
507917.4095306231 3881451.4879701245 30.0
507917.4095306231 3881451.4879701245 30.0
507917.4916586236 3881451.39932349 30.0
507917.56466987636 3881451.310668913 30.0
507917.4916586236 3881451.39932349 30.0
507917.56466987636 3881451.310668913 30.0
507917.6467978776 3881451.2220222806 30.0
507917.6467978776 3881451.2220222806 30.0
507917.71980913565 3881451.1333677066 30.0
507917.71980913565 3881451.1333677066 30.0
507917.78371330776 3881451.0336154285 30.0
507917.78371330776 3881451.0336154285 30.0
507917.8476078212 3881450.944952914 30.0
507917.8476078212 3881450.944952914 30.0
507917.9023855862 3881450.8562824577 30.0
507917.9571730123 3881450.75652224 30.0
507917.9023855862 3881450.8562824577 30.0
507917.9571730123 3881450.75652224 30.0
507918.0028340341 3881450.667843844 30.0
507918.0028340341 3881450.667843844 30.0
507918.039387967 3881450.568067743 30.0
507918.039387967 3881450.568067743 30.0
507918.0759322427 3881450.479381407 30.0
507918.0759322427 3881450.479381407 30.0
507918.11247651675 3881450.3906950685 30.0
507918.11247651675 3881450.3906950685 30.0
507918.1581375396 3881450.302016673 30.0
507918.1581375396 3881450.302016673 30.0
507918.2037792447 3881450.235517804 30.0
507918.24031386053 3881450.15792123 30.0
507918.2037792447 3881450.235517804 30.0
507918.24031386053 3881450.15792123 30.0
507918.27683881874 3881450.0914144195 30.0
507918.27683881874 3881450.0914144195 30.0
507918.32249018404 3881450.013825787 30.0
507918.3590151434 3881449.9473189763 30.0
507918.3590151434 3881449.9473189763 30.0
507918.3955400987 3881449.8808121677 30.0
507918.3590151434 3881449.9473189763 30.0
507918.3955400987 3881449.8808121677 30.0
507918.4320650592 3881449.814305357 30.0
507918.47770676645 3881449.7478064885 30.0
507918.4320650592 3881449.814305357 30.0
507918.47770676645 3881449.7478064885 30.0
507918.50510531856 3881449.6923815 30.0
507918.50510531856 3881449.6923815 30.0
507918.54162061744 3881449.636964454 30.0
507918.578135919 3881449.5815474084 30.0
507918.54162061744 3881449.636964454 30.0
507918.6055344676 3881449.5261224196 30.0
507918.6055344676 3881449.5261224196 30.0
507918.6420401091 3881449.4817951354 30.0
507918.6420401091 3881449.4817951354 30.0
507918.669438663 3881449.426370147 30.0
507918.669438663 3881449.426370147 30.0
507918.669438663 3881449.426370147 30.0
507918.73335251625 3881449.315528114 30.0
507918.76985815685 3881449.2712008306 30.0
507918.76985815685 3881449.2712008306 30.0
507918.8063734613 3881449.2157837856 30.0
507918.8063734613 3881449.2157837856 30.0
507918.8063734613 3881449.2157837856 30.0
507918.8520151743 3881449.149284919 30.0
507918.90677363717 3881449.0827939967 30.0
507918.90677363717 3881449.0827939967 30.0
507918.9706681753 3881448.99413149 30.0
507918.9706681753 3881448.99413149 30.0
507918.9706681753 3881448.99413149 30.0
507919.03456271463 3881448.9054689836 30.0
507919.03456271463 3881448.9054689836 30.0
507919.09846691444 3881448.8057167158 30.0
507919.09846691444 3881448.8057167158 30.0
507919.1714975292 3881448.6948826285 30.0
507919.25366421894 3881448.5618769573 30.0
507919.25366421894 3881448.5618769573 30.0
507919.3449379969 3881448.4399689925 30.0
507919.3449379969 3881448.4399689925 30.0
507919.44533819146 3881448.3069792097 30.0
507919.44533819146 3881448.3069792097 30.0
507919.536631301 3881448.1628917223 30.0
507919.536631301 3881448.1628917223 30.0
507919.6279147511 3881448.0298939967 30.0
507919.6279147511 3881448.0298939967 30.0
507919.6279147511 3881448.0298939967 30.0
507919.719198204 3881447.896896274 30.0
507919.80137457134 3881447.752800845 30.0
507919.719198204 3881447.896896274 30.0
507919.80137457134 3881447.752800845 30.0
507919.8926580295 3881447.619803125 30.0
507919.9657079863 3881447.486789517 30.0
507919.9657079863 3881447.486789517 30.0
507920.0387482849 3881447.3648656723 30.0
507920.0387482849 3881447.3648656723 30.0
507920.0387482849 3881447.3648656723 30.0
507920.11177892267 3881447.254031592 30.0
507920.1848095599 3881447.1431975127 30.0
507920.1848095599 3881447.1431975127 30.0
507920.1848095599 3881447.1431975127 30.0
507920.2578402012 3881447.032363434 30.0
507920.2578402012 3881447.032363434 30.0
507920.3308708443 3881446.9215293545 30.0
507920.3308708443 3881446.9215293545 30.0
507920.4039014869 3881446.810695277 30.0
507920.4039014869 3881446.810695277 30.0
507920.4769224703 3881446.710950962 30.0
507920.4769224703 3881446.710950962 30.0
507920.5408267013 3881446.6111987047 30.0
507920.5956045209 3881446.5225282656 30.0
507920.5408267013 3881446.6111987047 30.0
507920.6594990911 3881446.4338657716 30.0
507920.6594990911 3881446.4338657716 30.0
507920.6594990911 3881446.4338657716 30.0
507920.71427691285 3881446.3451953335 30.0
507920.7599476448 3881446.245427189 30.0
507920.7599476448 3881446.245427189 30.0
507920.8056087142 3881446.156748807 30.0
507920.8056087142 3881446.156748807 30.0
507920.8512601254 3881446.0791601883 30.0
507920.8056087142 3881446.156748807 30.0
507920.8969211965 3881445.990481808 30.0
507920.8969211965 3881445.990481808 30.0
507920.8969211965 3881445.990481808 30.0
507920.933465516 3881445.901795482 30.0
507920.97000017244 3881445.8241989207 30.0
507920.97000017244 3881445.8241989207 30.0
507920.97000017244 3881445.8241989207 30.0
507921.00654449564 3881445.735512595 30.0
507921.0430791534 3881445.6579160322 30.0
507921.0430791534 3881445.6579160322 30.0
507921.0796138141 3881445.5803194703 30.0
507921.0796138141 3881445.5803194703 30.0
507921.1252652258 3881445.5027308534 30.0
507921.1252652258 3881445.5027308534 30.0
507921.1617902238 3881445.4362240545 30.0
507921.1617902238 3881445.4362240545 30.0
507921.1983248817 3881445.3586274935 30.0
507921.1983248817 3881445.3586274935 30.0
507921.2439666338 3881445.29212864 30.0
507921.2439666338 3881445.29212864 30.0
507921.2439666338 3881445.29212864 30.0
507921.27136521385 3881445.2367036594 30.0
507921.3078902139 3881445.1701968606 30.0
507921.3078902139 3881445.1701968606 30.0
507921.3078902139 3881445.1701968606 30.0
507921.3444152122 3881445.103690064 30.0
507921.38093054906 3881445.0482730283 30.0
507921.38093054906 3881445.0482730283 30.0
507921.41745554603 3881444.9817662314 30.0
507921.41745554603 3881444.9817662314 30.0
507921.41745554603 3881444.9817662314 30.0
507921.4539708838 3881444.9263491966 30.0
507921.4539708838 3881444.9263491966 30.0
507921.48136946623 3881444.870924217 30.0
507921.48136946623 3881444.870924217 30.0
507921.5178848048 3881444.8155071824 30.0
507921.5178848048 3881444.8155071824 30.0
507921.5544001415 3881444.760090148 30.0
507921.5817890605 3881444.7157549327 30.0
507921.5544001415 3881444.760090148 30.0
507921.618304398 3881444.6603378984 30.0
507921.618304398 3881444.6603378984 30.0
507921.618304398 3881444.6603378984 30.0
507921.6456933199 3881444.6160026835 30.0
507921.6456933199 3881444.6160026835 30.0
507921.67308223975 3881444.571667466 30.0
507921.67308223975 3881444.571667466 30.0
507921.7004614952 3881444.538422014 30.0
507921.7004614952 3881444.538422014 30.0
507921.72785041784 3881444.4940867973 30.0
507921.7552296714 3881444.4608413456 30.0
507921.72785041784 3881444.4940867973 30.0
507921.7826185946 3881444.41650613 30.0
507921.7552296714 3881444.4608413456 30.0
507921.819124272 3881444.3721788595 30.0
507921.819124272 3881444.3721788595 30.0
507921.819124272 3881444.3721788595 30.0
507921.8556396123 3881444.316761826 30.0
507921.8556396123 3881444.316761826 30.0
507921.90127170953 3881444.2613527398 30.0
507921.90127170953 3881444.2613527398 30.0
507921.9560398891 3881444.183772071 30.0
507922.01992482384 3881444.1061993497 30.0
507921.9560398891 3881444.183772071 30.0
507922.01992482384 3881444.1061993497 30.0
507922.102062601 3881444.006462994 30.0
507922.102062601 3881444.006462994 30.0
507922.17512228666 3881443.8623596425 30.0
507922.17512228666 3881443.8623596425 30.0
507922.2664058162 3881443.7293619458 30.0
507922.35769901617 3881443.585274487 30.0
507922.2664058162 3881443.7293619458 30.0
507922.44899221906 3881443.441187029 30.0
507922.44899221906 3881443.441187029 30.0
507922.54939251416 3881443.308197282 30.0
507922.44899221906 3881443.441187029 30.0
507922.54939251416 3881443.308197282 30.0
507922.6406857205 3881443.164109825 30.0
507922.73197893443 3881443.02002237 30.0
507922.73197893443 3881443.02002237 30.0
507922.73197893443 3881443.02002237 30.0
507922.83238890435 3881442.875942861 30.0
507922.83238890435 3881442.875942861 30.0
507922.92367245565 3881442.742945172 30.0
507923.0149656736 3881442.59885772 30.0
507923.0149656736 3881442.59885772 30.0
507923.0149656736 3881442.59885772 30.0
507923.0971228081 3881442.4769418477 30.0
507923.0971228081 3881442.4769418477 30.0
507923.18840636726 3881442.3439441603 30.0
507923.18840636726 3881442.3439441603 30.0
507923.2705635064 3881442.22202829 30.0
507923.2705635064 3881442.22202829 30.0
507923.34360389144 3881442.100104473 30.0
507923.34360389144 3881442.100104473 30.0
507923.42575136566 3881441.9892783677 30.0
507923.49879175465 3881441.867354551 30.0
507923.49879175465 3881441.867354551 30.0
507923.49879175465 3881441.867354551 30.0
507923.56269605504 3881441.767602316 30.0
507923.56269605504 3881441.767602316 30.0
507923.62660035456 3881441.6678500795 30.0
507923.68139756576 3881441.557000135 30.0
507923.62660035456 3881441.6678500795 30.0
507923.73618511576 3881441.457239952 30.0
507923.68139756576 3881441.557000135 30.0
507923.73618511576 3881441.457239952 30.0
507923.8000894193 3881441.3574877176 30.0
507923.85486729984 3881441.2688173004 30.0
507923.8000894193 3881441.3574877176 30.0
507923.85486729984 3881441.2688173004 30.0
507923.90965485113 3881441.169057119 30.0
507923.9644327339 3881441.0803867015 30.0
507923.9644327339 3881441.0803867015 30.0
507923.9644327339 3881441.0803867015 30.0
507924.01009386266 3881440.9917083364 30.0
507924.01009386266 3881440.9917083364 30.0
507924.05575498997 3881440.9030299718 30.0
507924.05575498997 3881440.9030299718 30.0
507924.1105232081 3881440.825449317 30.0
507924.1105232081 3881440.825449317 30.0
507924.1561746719 3881440.7478607157 30.0
507924.2018261341 3881440.670272115 30.0
507924.2018261341 3881440.670272115 30.0
507924.24747759715 3881440.592683514 30.0
507924.2018261341 3881440.670272115 30.0
507924.24747759715 3881440.592683514 30.0
507924.3022458211 3881440.5151028614 30.0
507924.3022458211 3881440.5151028614 30.0
507924.357014046 3881440.4375222083 30.0
507924.4117919375 3881440.348851794 30.0
507924.357014046 3881440.4375222083 30.0
507924.4117919375 3881440.348851794 30.0
507924.4756962562 3881440.2490995633 30.0
507924.5578340951 3881440.1493632304 30.0
507924.5578340951 3881440.1493632304 30.0
507924.63999127236 3881440.027447374 30.0
507924.63999127236 3881440.027447374 30.0
507924.7312748786 3881439.8944497015 30.0
507924.7312748786 3881439.8944497015 30.0
507924.7312748786 3881439.8944497015 30.0
507924.83169458545 3881439.7392804543 30.0
507924.83169458545 3881439.7392804543 30.0
507924.9138420968 3881439.628454362 30.0
507925.07813713484 3881439.4068021793 30.0
507925.07813713484 3881439.4068021793 30.0
507925.16029432573 3881439.2848863257 30.0
507925.16029432573 3881439.2848863257 30.0
507925.16029432573 3881439.2848863257 30.0
507925.24245151883 3881439.1629704735 30.0
507925.24245151883 3881439.1629704735 30.0
507925.324599045 3881439.052144386 30.0
507925.324599045 3881439.052144386 30.0
507925.424989759 3881438.9302444328 30.0
507925.51626371837 3881438.808336532 30.0
507925.51626371837 3881438.808336532 30.0
507925.51626371837 3881438.808336532 30.0
507925.60754734965 3881438.67533887 30.0
507925.60754734965 3881438.67533887 30.0
507925.780978521 3881438.4315151237 30.0
507925.780978521 3881438.4315151237 30.0
507925.87225248787 3881438.309607226 30.0
507925.87225248787 3881438.309607226 30.0
507925.9635264618 3881438.1876993296 30.0
507926.05480043584 3881438.065791435 30.0
507926.05480043584 3881438.065791435 30.0
507926.05480043584 3881438.065791435 30.0
507926.14607441233 3881437.9438835406 30.0
507926.14607441233 3881437.9438835406 30.0
507926.2373580592 3881437.810885885 30.0
507926.2373580592 3881437.810885885 30.0
507926.4935460614 3881436.75758102 30.0
507926.5758193425 3881436.502588026 30.0
507926.4935460614 3881436.75758102 30.0
507926.6580346016 3881436.314133611 30.0
507926.5758193425 3881436.502588026 30.0
507926.6580346016 3881436.314133611 30.0
507926.7493472847 3881436.1478666724 30.0
507926.8315432111 3881435.9815917844 30.0
507926.7493472847 3881436.1478666724 30.0
507926.8315432111 3881435.9815917844 30.0
507926.91372946947 3881435.826406658 30.0
507926.98678929673 3881435.6823033476 30.0
507926.98678929673 3881435.6823033476 30.0
507926.98678929673 3881435.6823033476 30.0
507927.0598394552 3881435.5492897993 30.0
507927.14200637635 3881435.4162842017 30.0
507927.14200637635 3881435.4162842017 30.0
507927.14200637635 3881435.4162842017 30.0
507927.20593010465 3881435.2943524662 30.0
507927.20593010465 3881435.2943524662 30.0
507927.27896092646 3881435.183518445 30.0
507927.27896092646 3881435.183518445 30.0
507927.3428749844 3881435.0726764733 30.0
507927.3428749844 3881435.0726764733 30.0
507927.4067793745 3881434.9729242665 30.0
507927.4067793745 3881434.9729242665 30.0
507927.47068376606 3881434.8731720573 30.0
507927.47068376606 3881434.8731720573 30.0
507927.53458815673 3881434.7734198514 30.0
507927.53458815673 3881434.7734198514 30.0
507927.59849255113 3881434.6736676428 30.0
507927.6532801807 3881434.573907487 30.0
507927.6532801807 3881434.573907487 30.0
507927.6532801807 3881434.573907487 30.0
507927.69894137565 3881434.485229141 30.0
507927.69894137565 3881434.485229141 30.0
507927.7537193378 3881434.3965587458 30.0
507927.7993805346 3881434.3078804016 30.0
507927.7993805346 3881434.3078804016 30.0
507927.7993805346 3881434.3078804016 30.0
507927.84503206477 3881434.2302918187 30.0
507927.8815764967 3881434.1416055225 30.0
507927.84503206477 3881434.2302918187 30.0
507927.8815764967 3881434.1416055225 30.0
507927.92722802376 3881434.0640169415 30.0
507927.9637627895 3881433.986420407 30.0
507927.9637627895 3881433.986420407 30.0
507927.9637627895 3881433.986420407 30.0
507928.00028788124 3881433.919913637 30.0
507928.0368226482 3881433.8423171034 30.0
507928.0368226482 3881433.8423171034 30.0
507928.0642309787 3881433.775802382 30.0
507928.0642309787 3881433.775802382 30.0
507928.0642309787 3881433.775802382 30.0
507928.1007463972 3881433.7203853754 30.0
507928.12815472856 3881433.6538706543 30.0
507928.12815472856 3881433.6538706543 30.0
507928.12815472856 3881433.6538706543 30.0
507928.16467015026 3881433.5984536475 30.0
507928.19206880755 3881433.54302869 30.0
507928.16467015026 3881433.5984536475 30.0
507928.22858423006 3881433.487611682 30.0
507928.22858423006 3881433.487611682 30.0
507928.22858423006 3881433.487611682 30.0
507928.2742164203 3881433.432202629 30.0
507928.31073184375 3881433.3767856215 30.0
507928.31073184375 3881433.3767856215 30.0
507928.34724727 3881433.3213686156 30.0
507928.34724727 3881433.3213686156 30.0
507928.3928891323 3881433.2548697996 30.0
507928.3928891323 3881433.2548697996 30.0
507928.3928891323 3881433.2548697996 30.0
507928.43854066817 3881433.17728122 30.0
507928.43854066817 3881433.17728122 30.0
507928.4841825342 3881433.1107824035 30.0
507928.5298340716 3881433.0331938257 30.0
507928.4841825342 3881433.1107824035 30.0
507928.58460237517 3881432.955613198 30.0
507928.5298340716 3881433.0331938257 30.0
507928.6302635919 3881432.866934858 30.0
507928.58460237517 3881432.955613198 30.0
507928.6302635919 3881432.866934858 30.0
507928.6850415705 3881432.7782644695 30.0
507928.6850415705 3881432.7782644695 30.0
507928.73980987695 3881432.7006838443 30.0
507928.73980987695 3881432.7006838443 30.0
507928.7945878576 3881432.612013457 30.0
507928.849365844 3881432.5233430685 30.0
507928.849365844 3881432.5233430685 30.0
507928.9041438268 3881432.4346726825 30.0
507928.849365844 3881432.5233430685 30.0
507928.9041438268 3881432.4346726825 30.0
507928.95892181067 3881432.346002295 30.0
507929.0136997979 3881432.2573319096 30.0
507929.0136997979 3881432.2573319096 30.0
507929.0136997979 3881432.2573319096 30.0
507929.0593610177 3881432.1686535696 30.0
507929.0593610177 3881432.1686535696 30.0
507929.114139007 3881432.0799831846 30.0
507929.16891699506 3881431.991312799 30.0
507929.16891699506 3881431.991312799 30.0
507929.16891699506 3881431.991312799 30.0
507929.2236949865 3881431.9026424135 30.0
507929.28759941953 3881431.8028902193 30.0
507929.28759941953 3881431.8028902193 30.0
507929.28759941953 3881431.8028902193 30.0
507929.3515038516 3881431.703138025 30.0
507929.4154082851 3881431.603385832 30.0
507929.4154082851 3881431.603385832 30.0
507929.4884294892 3881431.5036415914 30.0
507929.4884294892 3881431.5036415914 30.0
507929.5523339279 3881431.403889398 30.0
507929.5523339279 3881431.403889398 30.0
507929.61624804 3881431.2930474435 30.0
507929.61624804 3881431.2930474435 30.0
507929.68016215827 3881431.182205489 30.0
507929.68016215827 3881431.182205489 30.0
507929.68016215827 3881431.182205489 30.0
507929.75318336405 3881431.0824612495 30.0
507929.8170974855 3881430.971619297 30.0
507929.8170974855 3881430.971619297 30.0
507929.8170974855 3881430.971619297 30.0
507929.89012837136 3881430.860785298 30.0
507929.96315926133 3881430.749951299 30.0
507929.96315926133 3881430.749951299 30.0
507929.96315926133 3881430.749951299 30.0
507930.0270637082 3881430.6501991097 30.0
507930.0270637082 3881430.6501991097 30.0
507930.10010427644 3881430.5282753482 30.0
507930.18225193967 3881430.417449305 30.0
507930.10010427644 3881430.5282753482 30.0
507930.26440928 3881430.2955335 30.0
507930.26440928 3881430.2955335 30.0
507930.26440928 3881430.2955335 30.0
507930.34655694495 3881430.1847074586 30.0
507930.34655694495 3881430.1847074586 30.0
507930.42871428956 3881430.0627916544 30.0
507930.42871428956 3881430.0627916544 30.0
507930.51087163633 3881429.9408758515 30.0
507930.59302898304 3881429.8189600487 30.0
507930.59302898304 3881429.8189600487 30.0
507930.59302898304 3881429.8189600487 30.0
507930.6843127785 3881429.6859624386 30.0
507930.76647013216 3881429.5640466386 30.0
507930.76647013216 3881429.5640466386 30.0
507930.76647013216 3881429.5640466386 30.0
507930.8486371615 3881429.431041076 30.0
507930.93991128873 3881429.309133231 30.0
507930.93991128873 3881429.309133231 30.0
507930.93991128873 3881429.309133231 30.0
507931.02207832516 3881429.176127669 30.0
507931.02207832516 3881429.176127669 30.0
507931.1133621334 3881429.043130064 30.0
507931.1133621334 3881429.043130064 30.0
507931.1955291748 3881428.9101245054 30.0
507931.1955291748 3881428.9101245054 30.0
507931.2868033119 3881428.7882166626 30.0
507931.2868033119 3881428.7882166626 30.0
507931.3689606794 3881428.666300868 30.0
507931.46023482125 3881428.544393028 30.0
507931.46023482125 3881428.544393028 30.0
507931.55150896555 3881428.422485191 30.0
507931.55150896555 3881428.422485191 30.0
507931.6336566654 3881428.3116591605 30.0
507931.6336566654 3881428.3116591605 30.0
507931.72493081435 3881428.1897513224 30.0
507931.72493081435 3881428.1897513224 30.0
507931.79797142505 3881428.067827577 30.0
507931.79797142505 3881428.067827577 30.0
507931.86189526494 3881427.9458958753 30.0
507931.86189526494 3881427.9458958753 30.0
507931.86189526494 3881427.9458958753 30.0
507931.925828786 3881427.812874411 30.0
507931.9806455358 3881427.679844993 30.0
507931.925828786 3881427.812874411 30.0
507932.0354622872 3881427.5468155756 30.0
507932.0354622872 3881427.5468155756 30.0
507932.09939581354 3881427.413794113 30.0
507932.0354622872 3881427.5468155756 30.0
507932.09939581354 3881427.413794113 30.0
507932.16331966437 3881427.2918624147 30.0
507932.2181364231 3881427.158832998 30.0
507932.2181364231 3881427.158832998 30.0
507932.29117704637 3881427.0369092547 30.0
507932.29117704637 3881427.0369092547 30.0
507932.35511058004 3881426.903887794 30.0
507932.29117704637 3881427.0369092547 30.0
507932.35511058004 3881426.903887794 30.0
507932.42815120716 3881426.7819640534 30.0
507932.49208474456 3881426.648942594 30.0
507932.42815120716 3881426.7819640534 30.0
507932.49208474456 3881426.648942594 30.0
507932.5560086037 3881426.527010898 30.0
507932.5560086037 3881426.527010898 30.0
507932.6290589168 3881426.393997396 30.0
507932.6290589168 3881426.393997396 30.0
507932.6929827795 3881426.272065701 30.0
507932.6929827795 3881426.272065701 30.0
507932.75691632676 3881426.139044243 30.0
507932.75691632676 3881426.139044243 30.0
507932.8299666459 3881426.0060307425 30.0
507932.8299666459 3881426.0060307425 30.0
507932.9030072866 3881425.8841070067 30.0
507932.9030072866 3881425.8841070067 30.0
507932.97605760995 3881425.7510935063 30.0
507933.0491079354 3881425.618080007 30.0
507932.97605760995 3881425.7510935063 30.0
507933.1312750313 3881425.485074466 30.0
507933.1312750313 3881425.485074466 30.0
507933.1312750313 3881425.485074466 30.0
507933.2043253612 3881425.3520609695 30.0
507933.2043253612 3881425.3520609695 30.0
507933.2773756932 3881425.219047472 30.0
507933.2773756932 3881425.219047472 30.0
507933.3595428007 3881425.0860419334 30.0
507933.3595428007 3881425.0860419334 30.0
507933.44170023163 3881424.9641261566 30.0
507933.52386734146 3881424.831120619 30.0
507933.52386734146 3881424.831120619 30.0
507933.6151512321 3881424.6981230397 30.0
507933.6151512321 3881424.6981230397 30.0
507933.6151512321 3881424.6981230397 30.0
507933.6881918938 3881424.5761993085 30.0
507933.6881918938 3881424.5761993085 30.0
507933.77035901305 3881424.443193774 30.0
507933.77035901305 3881424.443193774 30.0
507933.8433996812 3881424.3212700444 30.0
507933.8433996812 3881424.3212700444 30.0
507933.9346738974 3881424.1993622314 30.0
507933.9346738974 3881424.1993622314 30.0
507934.02594811836 3881424.0774544165 30.0
507934.1172223418 3881423.9555466054 30.0
507934.1172223418 3881423.9555466054 30.0
507934.1172223418 3881423.9555466054 30.0
507934.1993797931 3881423.833630835 30.0
507934.1993797931 3881423.833630835 30.0
507934.28153724654 3881423.7117150673 30.0
507934.28153724654 3881423.7117150673 30.0
507934.3545876051 3881423.57870158 30.0
507934.3545876051 3881423.57870158 30.0
507934.436745063 3881423.456785814 30.0
507934.5097954282 3881423.323772327 30.0
507934.436745063 3881423.456785814 30.0
507934.5097954282 3881423.323772327 30.0
507934.59196257073 3881423.190766799 30.0
507934.6741200329 3881423.068851034 30.0
507934.59196257073 3881423.190766799 30.0
507934.6741200329 3881423.068851034 30.0
507934.75628718024 3881422.935845508 30.0
507934.83844464924 3881422.813929745 30.0
507934.83844464924 3881422.813929745 30.0
507934.83844464924 3881422.813929745 30.0
507934.9206021182 3881422.692013983 30.0
507934.99364281574 3881422.570090263 30.0
507934.99364281574 3881422.570090263 30.0
507934.99364281574 3881422.570090263 30.0
507935.13061711926 3881422.315145103 30.0
507935.13061711926 3881422.315145103 30.0
507935.1945604086 3881422.1710339026 30.0
507935.2676011117 3881422.049110184 30.0
507935.1945604086 3881422.1710339026 30.0
507935.3406515003 3881421.916096704 30.0
507935.3406515003 3881421.916096704 30.0
507935.3406515003 3881421.916096704 30.0
507935.3954683377 3881421.783067308 30.0
507935.45028517675 3881421.6500379113 30.0
507935.45028517675 3881421.6500379113 30.0
507935.45028517675 3881421.6500379113 30.0
507935.50510201504 3881421.517008514 30.0
507935.5599285365 3881421.3728893567 30.0
507935.5599285365 3881421.3728893567 30.0
507935.6238718415 3881421.228778159 30.0
507935.6238718415 3881421.228778159 30.0
507935.6238718415 3881421.228778159 30.0
507935.6878054622 3881421.095756723 30.0
507935.6878054622 3881421.095756723 30.0
507935.74263198907 3881420.951637564 30.0
507935.74263198907 3881420.951637564 30.0
507935.8065656158 3881420.8186161313 30.0
507935.8613921462 3881420.674496973 30.0
507935.8065656158 3881420.8186161313 30.0
507935.8613921462 3881420.674496973 30.0
507935.9162089964 3881420.5414675805 30.0
507935.9162089964 3881420.5414675805 30.0
507935.97102585045 3881420.408438188 30.0
507936.02584270615 3881420.275408795 30.0
507936.02584270615 3881420.275408795 30.0
507936.08064987895 3881420.1534691644 30.0
507936.08064987895 3881420.1534691644 30.0
507936.08064987895 3881420.1534691644 30.0
507936.14458351384 3881420.020447732 30.0
507936.14458351384 3881420.020447732 30.0
507936.1993906944 3881419.8985081026 30.0
507936.25420755416 3881419.765478711 30.0
507936.25420755416 3881419.765478711 30.0
507936.25420755416 3881419.765478711 30.0
507936.31814119435 3881419.63245728 30.0
507936.3820748387 3881419.4994358504 30.0
507936.3820748387 3881419.4994358504 30.0
507936.4368820209 3881419.377496222 30.0
507936.4368820209 3881419.377496222 30.0
507936.4368820209 3881419.377496222 30.0
507936.509932448 3881419.244482753 30.0
507936.509932448 3881419.244482753 30.0
507936.57386609557 3881419.1114613228 30.0
507936.57386609557 3881419.1114613228 30.0
507936.64690684626 3881418.9895376167 30.0
507936.64690684626 3881418.9895376167 30.0
507936.7108404976 3881418.856516189 30.0
507936.7108404976 3881418.856516189 30.0
507936.78388124984 3881418.734592484 30.0
507936.847814905 3881418.6015710575 30.0
507936.78388124984 3881418.734592484 30.0
507936.847814905 3881418.6015710575 30.0
507936.9208653443 3881418.468557591 30.0
507936.9847893223 3881418.3466259255 30.0
507936.9847893223 3881418.3466259255 30.0
507937.05783976335 3881418.2136124615 30.0
507937.05783976335 3881418.2136124615 30.0
507937.05783976335 3881418.2136124615 30.0
507937.1308902088 3881418.080598997 30.0
507937.1308902088 3881418.080598997 30.0
507937.2039309729 3881417.9586752956 30.0
507937.2039309729 3881417.9586752956 30.0
507937.27697173663 3881417.8367515947 30.0
507937.27697173663 3881417.8367515947 30.0
507937.35002218833 3881417.7037381316 30.0
507937.35002218833 3881417.7037381316 30.0
507937.4230629584 3881417.5818144325 30.0
507937.4230629584 3881417.5818144325 30.0
507937.4961134119 3881417.448800971 30.0
507937.569154186 3881417.3268772718 30.0
507937.569154186 3881417.3268772718 30.0
507937.569154186 3881417.3268772718 30.0
507937.64219496195 3881417.2049535746 30.0
507937.71524542174 3881417.0719401147 30.0
507937.71524542174 3881417.0719401147 30.0
507937.71524542174 3881417.0719401147 30.0
507937.77917910443 3881416.9389186944 30.0
507937.77917910443 3881416.9389186944 30.0
507937.83398632077 3881416.816979076 30.0
507937.83398632077 3881416.816979076 30.0
507937.89792000933 3881416.6839576554 30.0
507937.9618440106 3881416.5620259983 30.0
507937.9618440106 3881416.5620259983 30.0
507938.0257680137 3881416.4400943434 30.0
507938.0257680137 3881416.4400943434 30.0
507938.0257680137 3881416.4400943434 30.0
507938.08969202073 3881416.3181626876 30.0
507938.08969202073 3881416.3181626876 30.0
507938.1536160272 3881416.1962310327 30.0
507938.1536160272 3881416.1962310327 30.0
507938.2175400377 3881416.0742993783 30.0
507938.28146404756 3881415.9523677244 30.0
507938.28146404756 3881415.9523677244 30.0
507938.28146404756 3881415.9523677244 30.0
507938.34537837654 3881415.841525833 30.0
507938.34537837654 3881415.841525833 30.0
507938.4093023898 3881415.7195941783 30.0
507938.47322640935 3881415.5976625266 30.0
507938.47322640935 3881415.5976625266 30.0
507938.537150426 3881415.4757308736 30.0
507938.537150426 3881415.4757308736 30.0
507938.537150426 3881415.4757308736 30.0
507938.6010744467 3881415.3537992225 30.0
507938.66499846673 3881415.2318675704 30.0
507938.6010744467 3881415.3537992225 30.0
507938.66499846673 3881415.2318675704 30.0
507938.7198250759 3881415.087748433 30.0
507938.7198250759 3881415.087748433 30.0
507938.77464200597 3881414.9547190582 30.0
507938.77464200597 3881414.9547190582 30.0
507938.82945893303 3881414.821689683 30.0
507938.82945893303 3881414.821689683 30.0
507938.8842661761 3881414.699750069 30.0
507938.8842661761 3881414.699750069 30.0
507938.9390831063 3881414.566720696 30.0
507938.9390831063 3881414.566720696 30.0
507938.99390004267 3881414.4336913223 30.0
507939.0578337602 3881414.300669911 30.0
507939.0578337602 3881414.300669911 30.0
507939.12176748196 3881414.1676485 30.0
507939.12176748196 3881414.1676485 30.0
507939.1948276736 3881414.023545291 30.0
507939.1948276736 3881414.023545291 30.0
507939.25876139925 3881413.8905238807 30.0
507939.25876139925 3881413.8905238807 30.0
507939.3318215953 3881413.7464206726 30.0
507939.3318215953 3881413.7464206726 30.0
507939.404881796 3881413.6023174645 30.0
507939.404881796 3881413.6023174645 30.0
507939.46882521163 3881413.458206294 30.0
507939.46882521163 3881413.458206294 30.0
507939.5509925155 3881413.325200813 30.0
507939.5509925155 3881413.325200813 30.0
507939.62405272305 3881413.181097607 30.0
507939.62405272305 3881413.181097607 30.0
507939.6971032463 3881413.048084164 30.0
507939.6971032463 3881413.048084164 30.0
507939.6971032463 3881413.048084164 30.0
507939.7792802439 3881412.903988923 30.0
507939.7792802439 3881412.903988923 30.0
507939.8614572418 3881412.759893682 30.0
507939.9345174588 3881412.615790479 30.0
507939.9345174588 3881412.615790479 30.0
507940.007577678 3881412.4716872764 30.0
507940.007577678 3881412.4716872764 30.0
507940.08063789725 3881412.3275840743 30.0
507940.08063789725 3881412.3275840743 30.0
507940.14458133484 3881412.183472908 30.0
507940.14458133484 3881412.183472908 30.0
507940.14458133484 3881412.183472908 30.0
507940.2176415609 3881412.039369707 30.0
507940.29070178693 3881411.8952665073 30.0
507940.2176415609 3881412.039369707 30.0
507940.36377170496 3881411.7400735444 30.0
507940.36377170496 3881411.7400735444 30.0
507940.36377170496 3881411.7400735444 30.0
507940.436831938 3881411.5959703457 30.0
507940.5098921711 3881411.4518671473 30.0
507940.5098921711 3881411.4518671473 30.0
507940.5098921711 3881411.4518671473 30.0
507940.58295240876 3881411.307763949 30.0
507940.58295240876 3881411.307763949 30.0
507940.6468958591 3881411.1636527875 30.0
507940.6468958591 3881411.1636527875 30.0
507940.7199464135 3881411.0306393523 30.0
507940.79300665786 3881410.8865361563 30.0
507940.7199464135 3881411.0306393523 30.0
507940.8660669022 3881410.742432961 30.0
507940.79300665786 3881410.8865361563 30.0
507940.9391271512 3881410.598329766 30.0
507940.9391271512 3881410.598329766 30.0
507940.9391271512 3881410.598329766 30.0
507941.0030706145 3881410.4542186074 30.0
507941.0761308656 3881410.310115413 30.0
507941.0761308656 3881410.310115413 30.0
507941.1491911214 3881410.1660122206 30.0
507941.1491911214 3881410.1660122206 30.0
507941.1491911214 3881410.1660122206 30.0
507941.2222513795 3881410.0219090264 30.0
507941.2222513795 3881410.0219090264 30.0
507941.3044284262 3881409.8778138002 30.0
507941.3044284262 3881409.8778138002 30.0
507941.37748868903 3881409.733710609 30.0
507941.4596657431 3881409.589615382 30.0
507941.4596657431 3881409.589615382 30.0
507941.55095958884 3881409.445528123 30.0
507941.55095958884 3881409.445528123 30.0
507941.6331366482 3881409.301432899 30.0
507941.55095958884 3881409.445528123 30.0
507941.71531370794 3881409.1573376767 30.0
507941.71531370794 3881409.1573376767 30.0
507941.71531370794 3881409.1573376767 30.0
507941.78836429626 3881409.0243242504 30.0
507941.78836429626 3881409.0243242504 30.0
507941.861424569 3881408.8802210637 30.0
507941.861424569 3881408.8802210637 30.0
507941.9436016384 3881408.736125842 30.0
507941.9436016384 3881408.736125842 30.0
507942.0166619205 3881408.592022655 30.0
507942.0166619205 3881408.592022655 30.0
507942.098838995 3881408.4479274354 30.0
507942.1718992796 3881408.30382425 30.0
507942.1718992796 3881408.30382425 30.0
507942.2540763591 3881408.1597290332 30.0
507942.2540763591 3881408.1597290332 30.0
507942.2540763591 3881408.1597290332 30.0
507942.32714634045 3881408.0045360886 30.0
507942.32714634045 3881408.0045360886 30.0
507942.4002066322 3881407.8604329047 30.0
507942.4002066322 3881407.8604329047 30.0
507942.47327661846 3881407.705239959 30.0
507942.47327661846 3881407.705239959 30.0
507942.53722981625 3881407.55003905 30.0
507942.61029011494 3881407.40593587 30.0
507942.61029011494 3881407.40593587 30.0
507942.61029011494 3881407.40593587 30.0
507942.6833504183 3881407.26183269 30.0
507942.7564107239 3881407.117729509 30.0
507942.7564107239 3881407.117729509 30.0
507942.82948071987 3881406.962536567 30.0
507942.82948071987 3881406.962536567 30.0
507942.82948071987 3881406.962536567 30.0
507942.9025410302 3881406.81843339 30.0
507942.9025410302 3881406.81843339 30.0
507942.97560134286 3881406.6743302112 30.0
507943.04866165546 3881406.530227035 30.0
507943.04866165546 3881406.530227035 30.0
507943.04866165546 3881406.530227035 30.0
507943.1217316635 3881406.3750340953 30.0
507943.17656808934 3881406.2198252236 30.0
507943.17656808934 3881406.2198252236 30.0
507943.17656808934 3881406.2198252236 30.0
507943.24962841114 3881406.0757220476 30.0
507943.3044745296 3881405.9094234146 30.0
507943.3044745296 3881405.9094234146 30.0
507943.35931095906 3881405.754214544 30.0
507943.35931095906 3881405.754214544 30.0
507943.4232641856 3881405.59901364 30.0
507943.35931095906 3881405.754214544 30.0
507943.46897413715 3881405.4548865673 30.0
507943.4232641856 3881405.59901364 30.0
507943.5238105721 3881405.2996776975 30.0
507943.5238105721 3881405.2996776975 30.0
507943.5238105721 3881405.2996776975 30.0
507943.5877541134 3881405.1555665573 30.0
507943.6425905522 3881405.0003576875 30.0
507943.6425905522 3881405.0003576875 30.0
507943.6425905522 3881405.0003576875 30.0
507943.68830051017 3881404.856230615 30.0
507943.68830051017 3881404.856230615 30.0
507943.75224405486 3881404.7121194773 30.0
507943.75224405486 3881404.7121194773 30.0
507943.80708050146 3881404.5569106084 30.0
507943.8710240501 3881404.412799472 30.0
507943.8710240501 3881404.412799472 30.0
507943.8710240501 3881404.412799472 30.0
507943.9258508065 3881404.2686803667 30.0
507943.9258508065 3881404.2686803667 30.0
507943.9897943637 3881404.1245692307 30.0
507943.9897943637 3881404.1245692307 30.0
507944.0446114319 3881403.9915398895 30.0
507944.11767178524 3881403.8474367196 30.0
507944.0446114319 3881403.9915398895 30.0
507944.1816153437 3881403.703325586 30.0
507944.1816153437 3881403.703325586 30.0
507944.1816153437 3881403.703325586 30.0
507944.27289959934 3881403.5703281155 30.0
507944.27289959934 3881403.5703281155 30.0
507944.3368431646 3881403.4262169823 30.0
507944.40990352473 3881403.282113816 30.0
507944.3368431646 3881403.4262169823 30.0
507944.47383740183 3881403.1490924456 30.0
507944.47383740183 3881403.1490924456 30.0
507944.53778097086 3881403.0049813124 30.0
507944.53778097086 3881403.0049813124 30.0
507944.53778097086 3881403.0049813124 30.0
507944.6108316474 3881402.871967911 30.0
507944.6108316474 3881402.871967911 30.0
507944.6656487322 3881402.7389385733 30.0
507944.7295826168 3881402.605917204 30.0
507944.7295826168 3881402.605917204 30.0
507944.802633297 3881402.472903804 30.0
507944.802633297 3881402.472903804 30.0
507944.802633297 3881402.472903804 30.0
507944.8756839817 3881402.339890405 30.0
507944.8756839817 3881402.339890405 30.0
507944.93049138295 3881402.2179508316 30.0
507944.93049138295 3881402.2179508316 30.0
507944.9944252751 3881402.084929464 30.0
507944.9944252751 3881402.084929464 30.0
507945.0492423702 3881401.9519001283 30.0
507945.0492423702 3881401.9519001283 30.0
507945.11318595905 3881401.8077890007 30.0
507945.16801275074 3881401.663669903 30.0
507945.11318595905 3881401.8077890007 30.0
507945.16801275074 3881401.663669903 30.0
507945.22284923977 3881401.508461044 30.0
507945.27767603495 3881401.364341949 30.0
507945.22284923977 3881401.508461044 30.0
507945.27767603495 3881401.364341949 30.0
507945.33251252765 3881401.2091330914 30.0
507945.3964658173 3881401.0539322025 30.0
507945.3964658173 3881401.0539322025 30.0
507945.3964658173 3881401.0539322025 30.0
507945.4513023139 3881400.8987233457 30.0
507945.4513023139 3881400.8987233457 30.0
507945.51524591644 3881400.7546122205 30.0
507945.51524591644 3881400.7546122205 30.0
507945.5791992124 3881400.599411334 30.0
507945.5791992124 3881400.599411334 30.0
507945.6431428191 3881400.455300209 30.0
507945.6431428191 3881400.455300209 30.0
507945.6979793211 3881400.300091354 30.0
507945.7619326234 3881400.1448904686 30.0
507945.6979793211 3881400.300091354 30.0
507945.7619326234 3881400.1448904686 30.0
507945.82588593016 3881399.989689584 30.0
507945.8989463414 3881399.8455864307 30.0
507945.8989463414 3881399.8455864307 30.0
507945.8989463414 3881399.8455864307 30.0
507945.9720164514 3881399.690393515 30.0
507945.9720164514 3881399.690393515 30.0
507946.04508656624 3881399.5352006014 30.0
507946.04508656624 3881399.5352006014 30.0
507946.1272734781 3881399.380015658 30.0
507946.1272734781 3881399.380015658 30.0
507946.20946039504 3881399.2248307136 30.0
507946.20946039504 3881399.2248307136 30.0
507946.29164731246 3881399.0696457727 30.0
507946.37382454035 3881398.925550594 30.0
507946.29164731246 3881399.0696457727 30.0
507946.37382454035 3881398.925550594 30.0
507946.4560114656 3881398.770365652 30.0
507946.53819839365 3881398.615180712 30.0
507946.4560114656 3881398.770365652 30.0
507946.53819839365 3881398.615180712 30.0
507946.61126852443 3881398.4599878015 30.0
507946.69345545786 3881398.304802864 30.0
507946.61126852443 3881398.4599878015 30.0
507946.69345545786 3881398.304802864 30.0
507946.775632699 3881398.1607076894 30.0
507946.85780993814 3881398.0166125144 30.0
507946.775632699 3881398.1607076894 30.0
507946.93999687984 3881397.8614275777 30.0
507946.85780993814 3881398.0166125144 30.0
507947.02217412886 3881397.717332405 30.0
507946.93999687984 3881397.8614275777 30.0
507947.02217412886 3881397.717332405 30.0
507947.0952345795 3881397.5732292626 30.0
507947.1683047281 3881397.4180363566 30.0
507947.1683047281 3881397.4180363566 30.0
507947.2504819825 3881397.2739411853 30.0
507947.1683047281 3881397.4180363566 30.0
507947.3326495459 3881397.140935778 30.0
507947.3326495459 3881397.140935778 30.0
507947.4148268077 3881396.9968406083 30.0
507947.4148268077 3881396.9968406083 30.0
507947.497004072 3881396.852745439 30.0
507947.4148268077 3881396.9968406083 30.0
507947.57918133895 3881396.7086502714 30.0
507947.497004072 3881396.852745439 30.0
507947.6613586062 3881396.5645551053 30.0
507947.57918133895 3881396.7086502714 30.0
507947.6613586062 3881396.5645551053 30.0
507947.75265268044 3881396.4204679104 30.0
507947.75265268044 3881396.4204679104 30.0
507947.8439467576 3881396.276380715 30.0
507947.8439467576 3881396.276380715 30.0
507947.9261240352 3881396.13228555 30.0
507948.017418118 3881395.9881983576 30.0
507947.9261240352 3881396.13228555 30.0
507948.09959540097 3881395.8441031943 30.0
507948.09959540097 3881395.8441031943 30.0
507948.1726558837 3881395.70000006 30.0
507948.09959540097 3881395.8441031943 30.0
507948.1726558837 3881395.70000006 30.0
507948.2548331671 3881395.5559048993 30.0
507948.2548331671 3881395.5559048993 30.0
507948.33701045776 3881395.4118097387 30.0
507948.33701045776 3881395.4118097387 30.0
507948.41918775096 3881395.2677145777 30.0
507948.41918775096 3881395.2677145777 30.0
507948.50136504683 3881395.123619419 30.0
507948.50136504683 3881395.123619419 30.0
507948.59266884613 3881394.968442469 30.0
507948.59266884613 3881394.968442469 30.0
507948.6930700551 3881394.8354530185 30.0
507948.6930700551 3881394.8354530185 30.0
507948.78436416533 3881394.6913658334 30.0
507948.78436416533 3881394.6913658334 30.0
507948.8847653824 3881394.5583763844 30.0
507948.8847653824 3881394.5583763844 30.0
507948.9760497983 3881394.425378964 30.0
507949.07645101886 3881394.292389517 30.0
507948.9760497983 3881394.425378964 30.0
507949.07645101886 3881394.292389517 30.0
507949.16773544025 3881394.159392098 30.0
507949.2590198643 3881394.0263946806 30.0
507949.16773544025 3881394.159392098 30.0
507949.2590198643 3881394.0263946806 30.0
507949.3503042887 3881393.893397264 30.0
507949.3503042887 3881393.893397264 30.0
507949.44157902204 3881393.7714896104 30.0
507949.5237466467 3881393.6384842233 30.0
507949.5237466467 3881393.6384842233 30.0
507949.5237466467 3881393.6384842233 30.0
507949.6150213849 3881393.516576571 30.0
507949.6971793158 3881393.394660947 30.0
507949.6971793158 3881393.394660947 30.0
507949.6971793158 3881393.394660947 30.0
507949.77934694994 3881393.261655562 30.0
507949.8706119918 3881393.150837674 30.0
507949.8706119918 3881393.150837674 30.0
507949.8706119918 3881393.150837674 30.0
507949.9527602327 3881393.040011815 30.0
507950.03490847565 3881392.9291859553 30.0
507949.9527602327 3881393.040011815 30.0
507950.1261735263 3881392.818368071 30.0
507950.03490847565 3881392.9291859553 30.0
507950.1261735263 3881392.818368071 30.0
507950.2083217733 3881392.7075422145 30.0
507950.2083217733 3881392.7075422145 30.0
507950.2904700223 3881392.5967163565 30.0
507950.2904700223 3881392.5967163565 30.0
507950.38173507707 3881392.485898475 30.0
507950.38173507707 3881392.485898475 30.0
507950.4638833302 3881392.3750726203 30.0
507950.4638833302 3881392.3750726203 30.0
507950.5460315853 3881392.2642467655 30.0
507950.6099559271 3881392.142315202 30.0
507950.6099559271 3881392.142315202 30.0
507950.6099559271 3881392.142315202 30.0
507950.68298737955 3881392.0314813745 30.0
507950.68298737955 3881392.0314813745 30.0
507950.74691172485 3881391.909549812 30.0
507950.74691172485 3881391.909549812 30.0
507950.81994318083 3881391.7987159863 30.0
507950.81994318083 3881391.7987159863 30.0
507950.8929843388 3881391.676792399 30.0
507950.9660157961 3881391.5659585744 30.0
507950.8929843388 3881391.676792399 30.0
507951.0390569579 3881391.4440349885 30.0
507951.0390569579 3881391.4440349885 30.0
507951.1212149288 3881391.322119376 30.0
507951.1212149288 3881391.322119376 30.0
507951.21249940986 3881391.1891219793 30.0
507951.21249940986 3881391.1891219793 30.0
507951.29466708604 3881391.056116609 30.0
507951.29466708604 3881391.056116609 30.0
507951.3768347646 3881390.9231112376 30.0
507951.29466708604 3881391.056116609 30.0
507951.4772457597 3881390.7790320558 30.0
507951.4772457597 3881390.7790320558 30.0
507951.4772457597 3881390.7790320558 30.0
507951.56853995234 3881390.6349449 30.0
507951.6598244468 3881390.501947508 30.0
507951.6598244468 3881390.501947508 30.0
507951.7602354556 3881390.357868328 30.0
507951.7602354556 3881390.357868328 30.0
507951.7602354556 3881390.357868328 30.0
507951.85152965464 3881390.2137811747 30.0
507951.85152965464 3881390.2137811747 30.0
507951.93370705034 3881390.0696860473 30.0
507951.93370705034 3881390.0696860473 30.0
507952.0249915558 3881389.9366886583 30.0
507952.0249915558 3881389.9366886583 30.0
507952.12541227596 3881389.7815197227 30.0
507952.12541227596 3881389.7815197227 30.0
507952.21671618824 3881389.626342811 30.0
507952.21671618824 3881389.626342811 30.0
507952.308020106 3881389.4711659006 30.0
507952.308020106 3881389.4711659006 30.0
507952.3993240269 3881389.3159889914 30.0
507952.47241373616 3881389.138616608 30.0
507952.3993240269 3881389.3159889914 30.0
507952.47241373616 3881389.138616608 30.0
507952.55460085353 3881388.9834317234 30.0
507952.55460085353 3881388.9834317234 30.0
507952.6459047835 3881388.8282548166 30.0
507952.6459047835 3881388.8282548166 30.0
507952.7280919043 3881388.673069935 30.0
507952.8102790303 3881388.517885054 30.0
507952.8102790303 3881388.517885054 30.0
507952.892466159 3881388.3627001727 30.0
507952.892466159 3881388.3627001727 30.0
507952.892466159 3881388.3627001727 30.0
507952.97465328826 3881388.2075152937 30.0
507952.97465328826 3881388.2075152937 30.0
507953.0568404226 3881388.0523304143 30.0
507953.0568404226 3881388.0523304143 30.0
507953.1390178569 3881387.9082352985 30.0
507953.1390178569 3881387.9082352985 30.0
507953.22119529377 3881387.764140182 30.0
507953.3124895419 3881387.6200530445 30.0
507953.3124895419 3881387.6200530445 30.0
507953.3124895419 3881387.6200530445 30.0
507953.3946669841 3881387.4759579306 30.0
507953.4677276177 3881387.331854842 30.0
507953.4677276177 3881387.331854842 30.0
507953.4677276177 3881387.331854842 30.0
507953.5225546308 3881387.187735799 30.0
507953.5225546308 3881387.187735799 30.0
507953.58649845485 3881387.0436247326 30.0
507953.58649845485 3881387.0436247326 30.0
507953.65044228325 3881386.8995136656 30.0
507953.7143958149 3881386.744312839 30.0
507953.7143958149 3881386.744312839 30.0
507953.7143958149 3881386.744312839 30.0
507953.77833964746 3881386.6002017744 30.0
507953.77833964746 3881386.6002017744 30.0
507953.84228347964 3881386.45609071 30.0
507953.9062273162 3881386.3119796477 30.0
507953.9062273162 3881386.3119796477 30.0
507953.9062273162 3881386.3119796477 30.0
507953.9792879649 3881386.167876562 30.0
507954.04322210397 3881386.034855261 30.0
507954.04322210397 3881386.034855261 30.0
507954.04322210397 3881386.034855261 30.0
507954.1162827547 3881385.8907521768 30.0
507954.18021689774 3881385.757730877 30.0
507954.18021689774 3881385.757730877 30.0
507954.18021689774 3881385.757730877 30.0
507954.2532678533 3881385.6247175555 30.0
507954.3172019956 3881385.491696256 30.0
507954.2532678533 3881385.6247175555 30.0
507954.3172019956 3881385.491696256 30.0
507954.39025295526 3881385.3586829356 30.0
507954.46330391476 3881385.225669616 30.0
507954.46330391476 3881385.225669616 30.0
507954.46330391476 3881385.225669616 30.0
507954.53636458324 3881385.0815665354 30.0
507954.53636458324 3881385.0815665354 30.0
507954.6094155494 3881384.9485532176 30.0
507954.6094155494 3881384.9485532176 30.0
507954.69158333144 3881384.8155478775 30.0
507954.69158333144 3881384.8155478775 30.0
507954.77375111595 3881384.6825425383 30.0
507954.77375111595 3881384.6825425383 30.0
507954.84681179136 3881384.53843946 30.0
507954.84681179136 3881384.53843946 30.0
507954.9289795783 3881384.4054341223 30.0
507954.9289795783 3881384.4054341223 30.0
507955.01115707506 3881384.261339024 30.0
507955.0933345744 3881384.117243926 30.0
507955.0933345744 3881384.117243926 30.0
507955.16639526177 3881383.973140851 30.0
507955.0933345744 3881384.117243926 30.0
507955.16639526177 3881383.973140851 30.0
507955.23033913434 3881383.829029797 30.0
507955.29429271445 3881383.673828981 30.0
507955.29429271445 3881383.673828981 30.0
507955.34912948625 3881383.5186201883 30.0
507955.29429271445 3881383.673828981 30.0
507955.3948591457 3881383.352313655 30.0
507955.3948591457 3881383.352313655 30.0
507955.42235517595 3881383.185991162 30.0
507955.42235517595 3881383.185991162 30.0
507955.44985120726 3881383.019668671 30.0
507955.42235517595 3881383.185991162 30.0
507955.44985120726 3881383.019668671 30.0
507955.4682304238 3881382.8533382006 30.0
507955.4775025331 3881382.6759099895 30.0
507955.4682304238 3881382.8533382006 30.0
507955.4775025331 3881382.6759099895 30.0
507955.48677464045 3881382.4984817766 30.0
507955.48677464045 3881382.4984817766 30.0
507955.4778131156 3881382.321037608 30.0
507955.4778131156 3881382.321037608 30.0
507955.468851588 3881382.143593439 30.0
507955.45989006246 3881381.96614927 30.0
507955.468851588 3881382.143593439 30.0
507955.45989006246 3881381.96614927 30.0
507955.43270461087 3881381.777599381 30.0
507955.40550944785 3881381.600139255 30.0
507955.40550944785 3881381.600139255 30.0
507955.40550944785 3881381.600139255 30.0
507955.3692071722 3881381.411581387 30.0
507955.3237686689 3881381.245195064 30.0
507955.3237686689 3881381.245195064 30.0
507955.27833986946 3881381.06771898 30.0
507955.27833986946 3881381.06771898 30.0
507955.2237942482 3881380.8902349183 30.0
507955.27833986946 3881381.06771898 30.0
507955.2237942482 3881380.8902349183 30.0
507955.16012210154 3881380.723832641 30.0
507955.16012210154 3881380.723832641 30.0
507955.0964499549 3881380.5574303614 30.0
507955.0964499549 3881380.5574303614 30.0
507955.02366098535 3881380.391020104 30.0
507955.02366098535 3881380.391020104 30.0
507954.9417454897 3881380.2356916326 30.0
507954.9417454897 3881380.2356916326 30.0
507954.85983969626 3881380.0692733987 30.0
507954.85983969626 3881380.0692733987 30.0
507954.7688073786 3881379.9139369503 30.0
507954.7688073786 3881379.9139369503 30.0
507954.6686582366 3881379.7585925236 30.0
507954.6686582366 3881379.7585925236 30.0
507954.5776162056 3881379.6143458392 30.0
507954.46834053344 3881379.470083199 30.0
507954.5776162056 3881379.6143458392 30.0
507954.3590648578 3881379.325820559 30.0
507954.46834053344 3881379.470083199 30.0
507954.2406626551 3881379.1926397053 30.0
507954.3590648578 3881379.325820559 30.0
507954.12225074257 3881379.070548616 30.0
507954.12225074257 3881379.070548616 30.0
507954.12225074257 3881379.070548616 30.0
507953.9947317157 3881378.937359789 30.0
507953.85808615695 3881378.8152527474 30.0
507953.85808615695 3881378.8152527474 30.0
507953.72144059686 3881378.693145708 30.0
507953.72144059686 3881378.693145708 30.0
507953.5756782131 3881378.571030693 30.0
507953.5756782131 3881378.571030693 30.0
507953.5756782131 3881378.571030693 30.0
507953.42990612215 3881378.460005443 30.0
507953.42990612215 3881378.460005443 30.0
507953.2750172051 3881378.348972217 30.0
507953.2750172051 3881378.348972217 30.0
507953.11100176116 3881378.2490207814 30.0
507953.11100176116 3881378.2490207814 30.0
507952.9561031363 3881378.1490773233 30.0
507952.81033102877 3881378.038052084 30.0
507952.9561031363 3881378.1490773233 30.0
507952.81033102877 3881378.038052084 30.0
507952.66455891996 3881377.927026846 30.0
507952.66455891996 3881377.927026846 30.0
507952.5187868076 3881377.8160016104 30.0
507952.5187868076 3881377.8160016104 30.0
507952.3821315126 3881377.704984353 30.0
507952.25459303526 3881377.5939750737 30.0
507952.25459303526 3881377.5939750737 30.0
507952.1179474353 3881377.471868058 30.0
507952.1179474353 3881377.471868058 30.0
507951.98130182934 3881377.349761046 30.0
507952.1179474353 3881377.471868058 30.0
507951.98130182934 3881377.349761046 30.0
507951.83552969934 3881377.238735821 30.0
507951.6806407444 3881377.127702623 30.0
507951.6806407444 3881377.127702623 30.0
507951.5166252609 3881377.0277512157 30.0
507951.5166252609 3881377.0277512157 30.0
507951.5166252609 3881377.0277512157 30.0
507951.3617362961 3881376.9167180243 30.0
507951.3617362961 3881376.9167180243 30.0
507951.2159641516 3881376.80569281 30.0
507951.2159641516 3881376.80569281 30.0
507951.0701823033 3881376.7057573595 30.0
507951.0701823033 3881376.7057573595 30.0
507950.9061668055 3881376.6058059637 30.0
507950.9061668055 3881376.6058059637 30.0
507950.75126812846 3881376.5058625448 30.0
507950.596369448 3881376.405919128 30.0
507950.596369448 3881376.405919128 30.0
507950.44147076184 3881376.3059757133 30.0
507950.44147076184 3881376.3059757133 30.0
507950.44147076184 3881376.3059757133 30.0
507950.28657207463 3881376.2060323018 30.0
507950.28657207463 3881376.2060323018 30.0
507950.1316830808 3881376.0949991303 30.0
507950.1316830808 3881376.0949991303 30.0
507949.98590120923 3881375.9950636984 30.0
507949.98590120923 3881375.9950636984 30.0
507949.83100250934 3881375.895120294 30.0
507949.83100250934 3881375.895120294 30.0
507949.67610380845 3881375.7951768925 30.0
507949.67610380845 3881375.7951768925 30.0
507949.52120510174 3881375.695233494 30.0
507949.375423217 3881375.595298073 30.0
507949.375423217 3881375.595298073 30.0
507949.375423217 3881375.595298073 30.0
507949.2205245037 3881375.4953546794 30.0
507949.0747426124 3881375.395419261 30.0
507949.2205245037 3881375.4953546794 30.0
507949.0747426124 3881375.395419261 30.0
507948.91983419703 3881375.3065656344 30.0
507948.91983419703 3881375.3065656344 30.0
507948.76493547607 3881375.206622249 30.0
507948.6191535729 3881375.1066868394 30.0
507948.76493547607 3881375.206622249 30.0
507948.6191535729 3881375.1066868394 30.0
507948.4733716688 3881375.0067514307 30.0
507948.4733716688 3881375.0067514307 30.0
507948.31846323854 3881374.9178978144 30.0
507948.31846323854 3881374.9178978144 30.0
507948.17268132814 3881374.8179624104 30.0
507948.17268132814 3881374.8179624104 30.0
507948.01778259064 3881374.7180190394 30.0
507948.01778259064 3881374.7180190394 30.0
507947.87200067146 3881374.6180836405 30.0
507947.87200067146 3881374.6180836405 30.0
507947.72621875134 3881374.5181482444 30.0
507947.580436828 3881374.41821285 30.0
507947.580436828 3881374.41821285 30.0
507947.4437717235 3881374.3182854303 30.0
507947.4437717235 3881374.3182854303 30.0
507947.2979897938 3881374.2183500407 30.0
507947.2979897938 3881374.2183500407 30.0
507947.15221755655 3881374.107324892 30.0
507947.15221755655 3881374.107324892 30.0
507946.99731879344 3881374.007381537 30.0
507946.99731879344 3881374.007381537 30.0
507946.8424103341 3881373.918527946 30.0
507946.8424103341 3881373.918527946 30.0
507946.8424103341 3881373.918527946 30.0
507946.6783850446 3881373.8296663896 30.0
507946.6783850446 3881373.8296663896 30.0
507946.51435975195 3881373.740804834 30.0
507946.51435975195 3881373.740804834 30.0
507946.34121763345 3881373.651935311 30.0
507946.16806581494 3881373.5741555546 30.0
507946.34121763345 3881373.651935311 30.0
507946.16806581494 3881373.5741555546 30.0
507945.9857874766 3881373.507457593 30.0
507945.9857874766 3881373.507457593 30.0
507945.8035091333 3881373.440759636 30.0
507945.8035091333 3881373.440759636 30.0
507945.6212307896 3881373.374061682 30.0
507945.6212307896 3881373.374061682 30.0
507945.4389524386 3881373.307363732 30.0
507945.4389524386 3881373.307363732 30.0
507945.2566837828 3881373.2295760233 30.0
507945.2566837828 3881373.2295760233 30.0
507945.0744151215 3881373.151788319 30.0
507945.0744151215 3881373.151788319 30.0
507944.9012632827 3881373.0740085854 30.0
507944.7281114432 3881372.996228856 30.0
507944.7281114432 3881372.996228856 30.0
507944.7281114432 3881372.996228856 30.0
507944.55495959846 3881372.91844913 30.0
507944.55495959846 3881372.91844913 30.0
507944.3909342687 3881372.8295876137 30.0
507944.2268992484 3881372.7518158625 30.0
507944.2268992484 3881372.7518158625 30.0
507944.2268992484 3881372.7518158625 30.0
507944.05375708645 3881372.6629463844 30.0
507943.88972205564 3881372.585174638 30.0
507943.88972205564 3881372.585174638 30.0
507943.725687022 3881372.507402896 30.0
507943.725687022 3881372.507402896 30.0
507943.5525351617 3881372.4296231885 30.0
507943.5525351617 3881372.4296231885 30.0
507943.5525351617 3881372.4296231885 30.0
507943.37937360525 3881372.3629332455 30.0
507943.2062217393 3881372.285153547 30.0
507943.2062217393 3881372.285153547 30.0
507943.03306986805 3881372.2073738487 30.0
507943.03306986805 3881372.2073738487 30.0
507943.03306986805 3881372.2073738487 30.0
507942.85991799383 3881372.1295941565 30.0
507942.85991799383 3881372.1295941565 30.0
507942.68677580904 3881372.0407247045 30.0
507942.68677580904 3881372.0407247045 30.0
507942.53186727414 3881371.951871187 30.0
507942.3678419072 3881371.8630097085 30.0
507942.3678419072 3881371.8630097085 30.0
507942.2038262265 3881371.7630584682 30.0
507942.2038262265 3881371.7630584682 30.0
507942.05804419843 3881371.663123165 30.0
507942.05804419843 3881371.663123165 30.0
507941.9213886833 3881371.552106065 30.0
507941.9213886833 3881371.552106065 30.0
507941.9213886833 3881371.552106065 30.0
507941.78474285384 3881371.429999207 30.0
507941.78474285384 3881371.429999207 30.0
507941.63897050224 3881371.318974148 30.0
507941.5023149769 3881371.2079570554 30.0
507941.5023149769 3881371.2079570554 30.0
507941.3656691366 3881371.0858502025 30.0
507941.3656691366 3881371.0858502025 30.0
507941.3656691366 3881371.0858502025 30.0
507941.2290136043 3881370.9748331164 30.0
507941.2290136043 3881370.9748331164 30.0
507941.0923677545 3881370.852726269 30.0
507940.94659538526 3881370.7417012197 30.0
507940.94659538526 3881370.7417012197 30.0
507940.94659538526 3881370.7417012197 30.0
507940.81906636077 3881370.6196023407 30.0
507940.81906636077 3881370.6196023407 30.0
507940.68243018776 3881370.4864057368 30.0
507940.55490115384 3881370.3643068625 30.0
507940.55490115384 3881370.3643068625 30.0
507940.4273721188 3881370.242207988 30.0
507940.4273721188 3881370.242207988 30.0
507940.29071655776 3881370.131190914 30.0
507940.29071655776 3881370.131190914 30.0
507940.15406099806 3881370.0201738435 30.0
507940.15406099806 3881370.0201738435 30.0
507940.017405435 3881369.9091567732 30.0
507940.017405435 3881369.9091567732 30.0
507940.017405435 3881369.9091567732 30.0
507939.8807498686 3881369.798139705 30.0
507939.8807498686 3881369.798139705 30.0
507939.73496778344 3881369.6982044396 30.0
507939.73496778344 3881369.6982044396 30.0
507939.59830252413 3881369.5982771376 30.0
507939.59830252413 3881369.5982771376 30.0
507939.4616372595 3881369.4983498384 30.0
507939.4616372595 3881369.4983498384 30.0
507939.3249719942 3881369.39842254 30.0
507939.18830672355 3881369.298495246 30.0
507939.18830672355 3881369.298495246 30.0
507939.18830672355 3881369.298495246 30.0
507939.05164145224 3881369.1985679516 30.0
507938.90584966296 3881369.1097224606 30.0
507938.90584966296 3881369.1097224606 30.0
507938.90584966296 3881369.1097224606 30.0
507938.7691747004 3881369.0208849325 30.0
507938.6233829032 3881368.9320394443 30.0
507938.6233829032 3881368.9320394443 30.0
507938.4867079353 3881368.8432019227 30.0
507938.4867079353 3881368.8432019227 30.0
507938.34090645 3881368.765446201 30.0
507938.34090645 3881368.765446201 30.0
507938.19510496 3881368.6876904825 30.0
507938.19510496 3881368.6876904825 30.0
507938.0401963242 3881368.5988370427 30.0
507938.0401963242 3881368.5988370427 30.0
507937.8943948289 3881368.5210813284 30.0
507937.8943948289 3881368.5210813284 30.0
507937.7394668193 3881368.4544074177 30.0
507937.7394668193 3881368.4544074177 30.0
507937.5754219748 3881368.3877255484 30.0
507937.5754219748 3881368.3877255484 30.0
507937.4204842793 3881368.3321414036 30.0
507937.4204842793 3881368.3321414036 30.0
507937.2472935497 3881368.298720865 30.0
507937.2472935497 3881368.298720865 30.0
507937.0741125021 3881368.2542105666 30.0
507937.2472935497 3881368.298720865 30.0
507937.0741125021 3881368.2542105666 30.0
507936.90093145514 3881368.209700272 30.0
507936.90093145514 3881368.209700272 30.0
507936.73687691736 3881368.15410818 30.0
507936.73687691736 3881368.15410818 30.0
507936.5728320602 3881368.087426328 30.0
507936.40878720063 3881368.02074448 30.0
507936.40878720063 3881368.02074448 30.0
507936.40878720063 3881368.02074448 30.0
507936.2447423433 3881367.9540626346 30.0
507936.08069747896 3881367.887380793 30.0
507936.2447423433 3881367.9540626346 30.0
507936.08069747896 3881367.887380793 30.0
507935.91666229395 3881367.8096091906 30.0
507935.91666229395 3881367.8096091906 30.0
507935.761753621 3881367.72075579 30.0
507935.59772811166 3881367.631894433 30.0
507935.59772811166 3881367.631894433 30.0
507935.44281943253 3881367.5430410393 30.0
507935.59772811166 3881367.631894433 30.0
507935.2879107504 3881367.4541876456 30.0
507935.44281943253 3881367.5430410393 30.0
507935.2879107504 3881367.4541876456 30.0
507935.1330117438 3881367.3542444943 30.0
507935.1330117438 3881367.3542444943 30.0
507934.9872198867 3881367.265399067 30.0
507934.9872198867 3881367.265399067 30.0
507934.83231119305 3881367.176545682 30.0
507934.6865386908 3881367.065520735 30.0
507934.6865386908 3881367.065520735 30.0
507934.5316396709 3881366.965577592 30.0
507934.5316396709 3881366.965577592 30.0
507934.3858574817 3881366.865642413 30.0
507934.3858574817 3881366.865642413 30.0
507934.3858574817 3881366.865642413 30.0
507934.2309584574 3881366.7656992762 30.0
507934.2309584574 3881366.7656992762 30.0
507934.08517625934 3881366.6657641013 30.0
507933.93027722836 3881366.56582097 30.0
507933.93027722836 3881366.56582097 30.0
507933.7753685125 3881366.476967605 30.0
507933.7753685125 3881366.476967605 30.0
507933.6204694772 3881366.377024479 30.0
507933.6204694772 3881366.377024479 30.0
507933.4746872639 3881366.277089313 30.0
507933.4746872639 3881366.277089313 30.0
507933.4746872639 3881366.277089313 30.0
507933.3197785433 3881366.1882359544 30.0
507933.3197785433 3881366.1882359544 30.0
507933.18310347776 3881366.099398512 30.0
507933.18310347776 3881366.099398512 30.0
507933.0373212598 3881365.9994633524 30.0
507932.8915293606 3881365.910617958 30.0
507932.8915293606 3881365.910617958 30.0
507932.7548639692 3881365.8106907597 30.0
507932.8915293606 3881365.910617958 30.0
507932.7548639692 3881365.8106907597 30.0
507932.6090720619 3881365.7218453703 30.0
507932.6090720619 3881365.7218453703 30.0
507932.472396987 3881365.633007938 30.0
507932.3357219095 3881365.544170507 30.0
507932.472396987 3881365.633007938 30.0
507932.3357219095 3881365.544170507 30.0
507932.1990565065 3881365.444243318 30.0
507932.1990565065 3881365.444243318 30.0
507932.0623814234 3881365.3554058927 30.0
507932.0623814234 3881365.3554058927 30.0
507931.92571601464 3881365.255478707 30.0
507931.7981577572 3881365.16664924 30.0
507931.7981577572 3881365.16664924 30.0
507931.7981577572 3881365.16664924 30.0
507931.66148266604 3881365.0778118214 30.0
507931.66148266604 3881365.0778118214 30.0
507931.5248075699 3881364.988974404 30.0
507931.5248075699 3881364.988974404 30.0
507931.39724930946 3881364.900144943 30.0
507931.39724930946 3881364.900144943 30.0
507931.2605838842 3881364.8002177677 30.0
507931.1239087823 3881364.7113803555 30.0
507931.2605838842 3881364.8002177677 30.0
507931.1239087823 3881364.7113803555 30.0
507930.99636018515 3881364.611461139 30.0
507930.99636018515 3881364.611461139 30.0
507930.85968507786 3881364.522623732 30.0
507930.85968507786 3881364.522623732 30.0
507930.72300029243 3881364.444876088 30.0
507930.72300029243 3881364.444876088 30.0
507930.58632517996 3881364.3560386836 30.0
507930.58632517996 3881364.3560386836 30.0
507930.4405138803 3881364.289372852 30.0
507930.4405138803 3881364.289372852 30.0
507930.29471225105 3881364.2116172607 30.0
507930.29471225105 3881364.2116172607 30.0
507930.1488912722 3881364.1560411947 30.0
507930.1488912722 3881364.1560411947 30.0
507930.00307996606 3881364.0893753697 30.0
507930.00307996606 3881364.0893753697 30.0
507929.85727832996 3881364.011619785 30.0
507929.85727832996 3881364.011619785 30.0
507929.7114670194 3881363.944953965 30.0
507929.7114670194 3881363.944953965 30.0
507929.5747822155 3881363.8672063383 30.0
507929.5747822155 3881363.8672063383 30.0
507929.4380877354 3881363.8005484757 30.0
507929.4380877354 3881363.8005484757 30.0
507929.2922860898 3881363.7227928997 30.0
507929.146484444 3881363.6450373293 30.0
507929.2922860898 3881363.7227928997 30.0
507929.146484444 3881363.6450373293 30.0
507929.0006731224 3881363.578371519 30.0
507928.8639883023 3881363.500623904 30.0
507928.8639883023 3881363.500623904 30.0
507928.8639883023 3881363.500623904 30.0
507928.70906981645 3881363.4228603854 30.0
507928.70906981645 3881363.4228603854 30.0
507928.5632584881 3881363.356194583 30.0
507928.5632584881 3881363.356194583 30.0
507928.4083399926 3881363.27843107 30.0
507928.4083399926 3881363.27843107 30.0
507928.2534214944 3881363.2006675606 30.0
507928.0985126681 3881363.1118142908 30.0
507928.0985126681 3881363.1118142908 30.0
507927.9435941645 3881363.0340507873 30.0
507928.0985126681 3881363.1118142908 30.0
507927.77956849674 3881362.9451895715 30.0
507927.9435941645 3881363.0340507873 30.0
507927.77956849674 3881362.9451895715 30.0
507927.62465965917 3881362.85633631 30.0
507927.62465965917 3881362.85633631 30.0
507927.46974114946 3881362.7785728136 30.0
507927.3057058012 3881362.700801369 30.0
507927.46974114946 3881362.7785728136 30.0
507927.3057058012 3881362.700801369 30.0
507927.15079695487 3881362.611948116 30.0
507927.15079695487 3881362.611948116 30.0
507926.98676159856 3881362.5341766775 30.0
507926.8227262418 3881362.456405241 30.0
507926.8227262418 3881362.456405241 30.0
507926.66781738657 3881362.3675519964 30.0
507926.8227262418 3881362.456405241 30.0
507926.503782024 3881362.2897805674 30.0
507926.503782024 3881362.2897805674 30.0
507926.3397563288 3881362.200919377 30.0
507926.3397563288 3881362.200919377 30.0
507926.3397563288 3881362.200919377 30.0
507926.1666041217 3881362.123140004 30.0
507926.0025784178 3881362.0342788207 30.0
507926.0025784178 3881362.0342788207 30.0
507925.83854304365 3881361.956507404 30.0
507926.0025784178 3881362.0342788207 30.0
507925.83854304365 3881361.956507404 30.0
507925.6745173336 3881361.867646227 30.0
507925.6745173336 3881361.867646227 30.0
507925.51049162267 3881361.7787850513 30.0
507925.51049162267 3881361.7787850513 30.0
507925.33734907163 3881361.6899159322 30.0
507925.1733233519 3881361.6010547657 30.0
507925.33734907163 3881361.6899159322 30.0
507925.1733233519 3881361.6010547657 30.0
507925.00018079183 3881361.512185652 30.0
507924.83616473386 3881361.412234729 30.0
507924.83616473386 3881361.412234729 30.0
507924.83616473386 3881361.412234729 30.0
507924.66302216926 3881361.323365623 30.0
507924.66302216926 3881361.323365623 30.0
507924.4990061042 3881361.223414705 30.0
507924.3349803702 3881361.1345535526 30.0
507924.3349803702 3881361.1345535526 30.0
507924.1709642981 3881361.0346026425 30.0
507924.1709642981 3881361.0346026425 30.0
507924.0069482247 3881360.934651735 30.0
507924.0069482247 3881360.934651735 30.0
507923.8429418124 3881360.823611068 30.0
507923.8429418124 3881360.823611068 30.0
507923.8429418124 3881360.823611068 30.0
507923.6789257316 3881360.723660166 30.0
507923.6789257316 3881360.723660166 30.0
507923.5057928093 3881360.623701319 30.0
507923.3417863853 3881360.5126606626 30.0
507923.5057928093 3881360.623701319 30.0
507923.3417863853 3881360.5126606626 30.0
507923.1777702911 3881360.41270977 30.0
507923.1777702911 3881360.41270977 30.0
507923.004637355 3881360.3127509337 30.0
507922.8315044174 3881360.2127921004 30.0
507922.8315044174 3881360.2127921004 30.0
507922.65837147366 3881360.1128332703 30.0
507922.65837147366 3881360.1128332703 30.0
507922.65837147366 3881360.1128332703 30.0
507922.4852385262 3881360.0128744435 30.0
507922.31210557715 3881359.912915622 30.0
507922.31210557715 3881359.912915622 30.0
507922.12985578325 3881359.8129488565 30.0
507922.12985578325 3881359.8129488565 30.0
507921.95671316184 3881359.724079802 30.0
507921.95671316184 3881359.724079802 30.0
507921.95671316184 3881359.724079802 30.0
507921.77446336026 3881359.624113043 30.0
507921.59220389265 3881359.535236051 30.0
507921.77446336026 3881359.624113043 30.0
507921.4190612584 3881359.4463670063 30.0
507921.4190612584 3881359.4463670063 30.0
507921.23681144766 3881359.346400259 30.0
507921.23681144766 3881359.346400259 30.0
507921.06367847 3881359.2464414597 30.0
507921.23681144766 3881359.346400259 30.0
507920.89054548845 3881359.1464826637 30.0
507921.06367847 3881359.2464414597 30.0
507920.7174125055 3881359.0465238723 30.0
507920.7174125055 3881359.0465238723 30.0
507920.5442891794 3881358.9354753206 30.0
507920.5442891794 3881358.9354753206 30.0
507920.5442891794 3881358.9354753206 30.0
507920.37116584904 3881358.8244267735 30.0
507920.1980328542 3881358.72446799 30.0
507920.37116584904 3881358.8244267735 30.0
507920.034036018 3881358.602337632 30.0
507920.034036018 3881358.602337632 30.0
507920.034036018 3881358.602337632 30.0
507919.87002951524 3881358.4912970387 30.0
507919.7060230108 3881358.380256446 30.0
507919.7060230108 3881358.380256446 30.0
507919.5328996619 3881358.269207916 30.0
507919.5328996619 3881358.269207916 30.0
507919.5328996619 3881358.269207916 30.0
507919.3597763066 3881358.158159388 30.0
507919.3597763066 3881358.158159388 30.0
507919.1957601262 3881358.0582085666 30.0
507919.1957601262 3881358.0582085666 30.0
507919.0135006021 3881357.969331627 30.0
507919.0135006021 3881357.969331627 30.0
507918.8403675738 3881357.869372871 30.0
507918.8403675738 3881357.869372871 30.0
507918.65810804244 3881357.7804959356 30.0
507918.65810804244 3881357.7804959356 30.0
507918.47584850295 3881357.6916190065 30.0
507918.47584850295 3881357.6916190065 30.0
507918.2935889645 3881357.60274208 30.0
507918.12044626125 3881357.513873099 30.0
507918.2935889645 3881357.60274208 30.0
507917.9381770559 3881357.4360859403 30.0
507917.9381770559 3881357.4360859403 30.0
507917.9381770559 3881357.4360859403 30.0
507917.765034346 3881357.3472169675 30.0
507917.5918819734 3881357.269437757 30.0
507917.5918819734 3881357.269437757 30.0
507917.4278561007 3881357.1805767296 30.0
507917.4278561007 3881357.1805767296 30.0
507917.25472304 3881357.0806180043 30.0
507917.25472304 3881357.0806180043 30.0
507917.0906971606 3881356.9917569826 30.0
507917.0906971606 3881356.9917569826 30.0
507917.0906971606 3881356.9917569826 30.0
507916.9266905929 3881356.880716442 30.0
507916.7717912046 3881356.7807736043 30.0
507916.7717912046 3881356.7807736043 30.0
507916.7717912046 3881356.7807736043 30.0
507916.6077749756 3881356.6808228334 30.0
507916.44375873834 3881356.580872061 30.0
507916.44375873834 3881356.580872061 30.0
507916.44375873834 3881356.580872061 30.0
507916.28885933966 3881356.480929235 30.0
507916.1248430953 3881356.3809784683 30.0
507916.28885933966 3881356.480929235 30.0
507916.1248430953 3881356.3809784683 30.0
507915.960826852 3881356.2810277073 30.0
507915.79680094327 3881356.19216671 30.0
507915.79680094327 3881356.19216671 30.0
507915.79680094327 3881356.19216671 30.0
507915.6327750313 3881356.103305715 30.0
507915.4596322736 3881356.0144367847 30.0
507915.6327750313 3881356.103305715 30.0
507915.2864895148 3881355.925567859 30.0
507915.2864895148 3881355.925567859 30.0
507915.1224539367 3881355.8477966343 30.0
507915.1224539367 3881355.8477966343 30.0
507914.9493111714 3881355.758927713 30.0
507914.9493111714 3881355.758927713 30.0
507914.9493111714 3881355.758927713 30.0
507914.78528524574 3881355.6700667352 30.0
507914.62125931453 3881355.5812057583 30.0
507914.62125931453 3881355.5812057583 30.0
507914.448116537 3881355.4923368474 30.0
507914.448116537 3881355.4923368474 30.0
507914.2840905993 3881355.4034758788 30.0
507914.448116537 3881355.4923368474 30.0
507914.2840905993 3881355.4034758788 30.0
507914.1200646607 3881355.3146149116 30.0
507913.95604837383 3881355.214664185 30.0
507913.95604837383 3881355.214664185 30.0
507913.95604837383 3881355.214664185 30.0
507913.8011489245 3881355.1147214 30.0
507913.6280061301 3881355.0258525047 30.0
507913.6280061301 3881355.0258525047 30.0
507913.6280061301 3881355.0258525047 30.0
507913.4639801783 3881354.936991549 30.0
507913.4639801783 3881354.936991549 30.0
507913.2999542233 3881354.8481305977 30.0
507913.1359282628 3881354.759269649 30.0
507913.1359282628 3881354.759269649 30.0
507912.96278545744 3881354.670400767 30.0
507912.96278545744 3881354.670400767 30.0
507912.96278545744 3881354.670400767 30.0
507912.79874983686 3881354.5926295854 30.0
507912.6347238668 3881354.503768645 30.0
507912.6347238668 3881354.503768645 30.0
507912.6347238668 3881354.503768645 30.0
507912.4615810494 3881354.4148997716 30.0
507912.29755507753 3881354.3260388393 30.0
507912.29755507753 3881354.3260388393 30.0
507912.29755507753 3881354.3260388393 30.0
507912.12442190613 3881354.22608021 30.0
507912.12442190613 3881354.22608021 30.0
507911.96039592294 3881354.1372192823 30.0
507911.96039592294 3881354.1372192823 30.0
507911.7872530943 3881354.048350423 30.0
507911.7872530943 3881354.048350423 30.0
507911.6232367567 3881353.9483997393 30.0
507911.4501035707 3881353.8484411263 30.0
507911.4501035707 3881353.8484411263 30.0
507911.28607757646 3881353.75958021 30.0
507911.28607757646 3881353.75958021 30.0
507911.1129443855 3881353.6596216005 30.0
507911.1129443855 3881353.6596216005 30.0
507910.9489280335 3881353.5596709307 30.0
507910.9489280335 3881353.5596709307 30.0
507910.7849116779 3881353.459720263 30.0
507910.7849116779 3881353.459720263 30.0
507910.61177847575 3881353.359761665 30.0
507910.61177847575 3881353.359761665 30.0
507910.44776211283 3881353.2598110014 30.0
507910.44776211283 3881353.2598110014 30.0
507910.27463855135 3881353.1487626485 30.0
507910.27463855135 3881353.1487626485 30.0
507910.1106221856 3881353.0488119926 30.0
507910.1106221856 3881353.0488119926 30.0
507910.1106221856 3881353.0488119926 30.0
507909.94660581154 3881352.9488613415 30.0
507909.94660581154 3881352.9488613415 30.0
507909.78257978405 3881352.860000452 30.0
507909.6185537533 3881352.7711395677 30.0
507909.6185537533 3881352.7711395677 30.0
507909.6185537533 3881352.7711395677 30.0
507909.45453737123 3881352.671188924 30.0
507909.29051133624 3881352.582328045 30.0
507909.29051133624 3881352.582328045 30.0
507909.29051133624 3881352.582328045 30.0
507909.1264756467 3881352.5045569283 30.0
507908.96243995434 3881352.426785817 30.0
507909.1264756467 3881352.5045569283 30.0
507908.79840426147 3881352.3490147083 30.0
507908.79840426147 3881352.3490147083 30.0
507908.79840426147 3881352.3490147083 30.0
507908.6343685658 3881352.2712436025 30.0
507908.46121601865 3881352.193464567 30.0
507908.46121601865 3881352.193464567 30.0
507908.46121601865 3881352.193464567 30.0
507908.29718996305 3881352.104603706 30.0
507908.14228075085 3881352.01575078 30.0
507908.29718996305 3881352.104603706 30.0
507908.14228075085 3881352.01575078 30.0
507907.9964883846 3881351.9269057866 30.0
507907.9964883846 3881351.9269057866 30.0
507907.84158881626 3881351.8269631043 30.0
507907.84158881626 3881351.8269631043 30.0
507907.69580608903 3881351.727028354 30.0
507907.69580608903 3881351.727028354 30.0
507907.5500233609 3881351.6270936057 30.0
507907.5500233609 3881351.6270936057 30.0
507907.4042406296 3881351.5271588624 30.0
507907.258448246 3881351.438313882 30.0
507907.258448246 3881351.438313882 30.0
507907.1126558619 3881351.349468903 30.0
507907.1126558619 3881351.349468903 30.0
507906.95774662524 3881351.2606159956 30.0
507907.1126558619 3881351.349468903 30.0
507906.95774662524 3881351.2606159956 30.0
507906.802827744 3881351.1828528536 30.0
507906.802827744 3881351.1828528536 30.0
507906.65702570294 3881351.105097644 30.0
507906.5112236618 3881351.0273424364 30.0
507906.5112236618 3881351.0273424364 30.0
507906.36543126375 3881350.9384974698 30.0
507906.36543126375 3881350.9384974698 30.0
507906.36543126375 3881350.9384974698 30.0
507906.2196292151 3881350.8607422668 30.0
507906.2196292151 3881350.8607422668 30.0
507906.0738271662 3881350.782987067 30.0
507905.9371419604 3881350.705239797 30.0
507906.0738271662 3881350.782987067 30.0
507905.9371419604 3881350.705239797 30.0
507905.80046639964 3881350.616402769 30.0
507905.6637811914 3881350.5386555046 30.0
507905.80046639964 3881350.616402769 30.0
507905.6637811914 3881350.5386555046 30.0
507905.5362128289 3881350.460916171 30.0
507905.5362128289 3881350.460916171 30.0
507905.40865410876 3881350.3720870777 30.0
507905.40865410876 3881350.3720870777 30.0
507905.2719688935 3881350.294339819 30.0
507905.2719688935 3881350.294339819 30.0
507905.1444101661 3881350.2055107295 30.0
507905.00773459004 3881350.1166737135 30.0
507905.00773459004 3881350.1166737135 30.0
507904.87104936515 3881350.038926461 30.0
507905.00773459004 3881350.1166737135 30.0
507904.87104936515 3881350.038926461 30.0
507904.74349063495 3881349.950097376 30.0
507904.6068054053 3881349.872350128 30.0
507904.6068054053 3881349.872350128 30.0
507904.6068054053 3881349.872350128 30.0
507904.4701298167 3881349.783513119 30.0
507904.4701298167 3881349.783513119 30.0
507904.3425614334 3881349.705773803 30.0
507904.3425614334 3881349.705773803 30.0
507904.205876199 3881349.6280265595 30.0
507904.205876199 3881349.6280265595 30.0
507904.06919096224 3881349.5502793184 30.0
507903.9416225723 3881349.472540008 30.0
507903.9416225723 3881349.472540008 30.0
507903.80493733095 3881349.3947927724 30.0
507903.80493733095 3881349.3947927724 30.0
507903.6773689342 3881349.3170534642 30.0
507903.6773689342 3881349.3170534642 30.0
507903.5406836883 3881349.2393062315 30.0
507903.5406836883 3881349.2393062315 30.0
507903.5406836883 3881349.2393062315 30.0
507903.403988798 3881349.1726487614 30.0
507903.403988798 3881349.1726487614 30.0
507903.27642039704 3881349.0949094603 30.0
507903.1488519939 3881349.017170159 30.0
507903.1488519939 3881349.017170159 30.0
507903.1488519939 3881349.017170159 30.0
507903.0212835863 3881348.9394308617 30.0
507903.0212835863 3881348.9394308617 30.0
507902.9028223871 3881348.8727892525 30.0
507902.9028223871 3881348.8727892525 30.0
507902.78436118853 3881348.8061476448 30.0
507902.66589998355 3881348.739506039 30.0
507902.78436118853 3881348.8061476448 30.0
507902.66589998355 3881348.739506039 30.0
507902.55655562907 3881348.6728723603 30.0
507902.447211273 3881348.606238683 30.0
507902.55655562907 3881348.6728723603 30.0
507902.33786691533 3881348.5396050075 30.0
507902.447211273 3881348.606238683 30.0
507902.2376394062 3881348.472979259 30.0
507902.2376394062 3881348.472979259 30.0
507902.13741189556 3881348.4063535105 30.0
507902.13741189556 3881348.4063535105 30.0
507902.0371843858 3881348.3397277636 30.0
507902.0371843858 3881348.3397277636 30.0
507902.0371843858 3881348.3397277636 30.0
507901.93695686996 3881348.273102018 30.0
507901.8367197148 3881348.2175660348 30.0
507901.8367197148 3881348.2175660348 30.0
507901.727375348 3881348.1509323656 30.0
507901.727375348 3881348.1509323656 30.0
507901.727375348 3881348.1509323656 30.0
507901.6362550407 3881348.0954043106 30.0
507901.6362550407 3881348.0954043106 30.0
507901.5360178841 3881348.0398683306 30.0
507901.5360178841 3881348.0398683306 30.0
507901.43578072387 3881347.9843323505 30.0
507901.43578072387 3881347.9843323505 30.0
507901.3355531997 3881347.9177066116 30.0
507901.3355531997 3881347.9177066116 30.0
507901.2353160393 3881347.862170635 30.0
507901.13507887535 3881347.806634661 30.0
507901.13507887535 3881347.806634661 30.0
507901.02572485694 3881347.751090761 30.0
507901.02572485694 3881347.751090761 30.0
507901.02572485694 3881347.751090761 30.0
507900.9163708419 3881347.695546864 30.0
507900.8070168209 3881347.640002968 30.0
507900.8070168209 3881347.640002968 30.0
507900.68855559087 3881347.5733613875 30.0
507900.68855559087 3881347.5733613875 30.0
507900.57008471823 3881347.517809571 30.0
507900.68855559087 3881347.5733613875 30.0
507900.4425066291 3881347.45116007 30.0
507900.4425066291 3881347.45116007 30.0
507900.32405503 3881347.373428733 30.0
507900.32405503 3881347.373428733 30.0
507900.1873600881 3881347.306771314 30.0
507900.1873600881 3881347.306771314 30.0
507900.0597916335 3881347.229032057 30.0
507900.0597916335 3881347.229032057 30.0
507900.0597916335 3881347.229032057 30.0
507899.9322231745 3881347.151292802 30.0
507899.80464507785 3881347.084643311 30.0
507899.9322231745 3881347.151292802 30.0
507899.80464507785 3881347.084643311 30.0
507899.67709589197 3881346.9847245365 30.0
507899.67709589197 3881346.9847245365 30.0
507899.54953706585 3881346.8958955267 30.0
507899.54953706585 3881346.8958955267 30.0
507899.41286138317 3881346.807058595 30.0
507899.285302552 3881346.718229588 30.0
507899.285302552 3881346.718229588 30.0
507899.13951001444 3881346.629384737 30.0
507899.285302552 3881346.718229588 30.0
507899.00283432606 3881346.540547813 30.0
507899.00283432606 3881346.540547813 30.0
507898.8479249284 3881346.4516950455 30.0
507898.8479249284 3881346.4516950455 30.0
507898.7021227459 3881346.373939964 30.0
507898.7021227459 3881346.373939964 30.0
507898.54721334483 3881346.285087203 30.0
507898.54721334483 3881346.285087203 30.0
507898.39229430247 3881346.207324204 30.0
507898.39229430247 3881346.207324204 30.0
507898.39229430247 3881346.207324204 30.0
507898.23738489544 3881346.1184714464 30.0
507898.23738489544 3881346.1184714464 30.0
507898.08247548545 3881346.0296186917 30.0
507898.08247548545 3881346.0296186917 30.0
507897.9184395821 3881345.951847781 30.0
507897.9184395821 3881345.951847781 30.0
507897.7635301662 3881345.8629950318 30.0
507897.7635301662 3881345.8629950318 30.0
507897.599513527 3881345.763044604 30.0
507897.599513527 3881345.763044604 30.0
507897.4354776171 3881345.685273701 30.0
507897.4354776171 3881345.685273701 30.0
507897.26233448356 3881345.5964051196 30.0
507897.08919134666 3881345.5075365417 30.0
507897.08919134666 3881345.5075365417 30.0
507897.08919134666 3881345.5075365417 30.0
507896.91604820866 3881345.418667966 30.0
507896.7337785778 3881345.3408812354 30.0
507896.7337785778 3881345.3408812354 30.0
507896.7337785778 3881345.3408812354 30.0
507896.5515089462 3881345.2630945095 30.0
507896.5515089462 3881345.2630945095 30.0
507896.36923930916 3881345.185307785 30.0
507896.36923930916 3881345.185307785 30.0
507896.18696966895 3881345.107521067 30.0
507896.18696966895 3881345.107521067 30.0
507895.9955831721 3881345.029726431 30.0
507895.9955831721 3881345.029726431 30.0
507895.8133135279 3881344.9519397183 30.0
507895.6219270223 3881344.874145091 30.0
507895.8133135279 3881344.9519397183 30.0
507895.43055015034 3881344.785260708 30.0
507895.43055015034 3881344.785260708 30.0
507895.23917327466 3881344.6963763274 30.0
507895.43055015034 3881344.785260708 30.0
507895.23917327466 3881344.6963763274 30.0
507895.0569132469 3881344.60749987 30.0
507894.8655267299 3881344.5297052595 30.0
507894.8655267299 3881344.5297052595 30.0
507894.8655267299 3881344.5297052595 30.0
507894.674149841 3881344.4408208905 30.0
507894.48276331724 3881344.363026288 30.0
507894.48276331724 3881344.363026288 30.0
507894.28225030727 3881344.296313532 30.0
507894.48276331724 3881344.363026288 30.0
507894.28225030727 3881344.296313532 30.0
507894.0908637748 3881344.2185189375 30.0
507894.0908637748 3881344.2185189375 30.0
507893.8903507588 3881344.1518061906 30.0
507893.8903507588 3881344.1518061906 30.0
507893.68982810737 3881344.0961832097 30.0
507893.68982810737 3881344.0961832097 30.0
507893.49843193794 3881344.029478388 30.0
507893.49843193794 3881344.029478388 30.0
507893.2978996517 3881343.984945177 30.0
507893.2978996517 3881343.984945177 30.0
507893.0973769953 3881343.929322208 30.0
507892.8968447026 3881343.8847890063 30.0
507893.0973769953 3881343.929322208 30.0
507892.6871955555 3881343.8402478937 30.0
507892.8968447026 3881343.8847890063 30.0
507892.6871955555 3881343.8402478937 30.0
507892.4866632634 3881343.7957146983 30.0
507892.2770141123 3881343.751173595 30.0
507892.2770141123 3881343.751173595 30.0
507892.2770141123 3881343.751173595 30.0
507892.076481814 3881343.7066404107 30.0
507892.076481814 3881343.7066404107 30.0
507891.8850663686 3881343.6621151455 30.0
507891.6845436942 3881343.6064922097 30.0
507891.8850663686 3881343.6621151455 30.0
507891.6845436942 3881343.6064922097 30.0
507891.48402101966 3881343.5508692767 30.0
507891.48402101966 3881343.5508692767 30.0
507891.29260556586 3881343.5063440246 30.0
507891.1012093689 3881343.439639255 30.0
507891.29260556586 3881343.5063440246 30.0
507891.1012093689 3881343.439639255 30.0
507890.90980354004 3881343.38402425 30.0
507890.7184073354 3881343.317319487 30.0
507890.7184073354 3881343.317319487 30.0
507890.7184073354 3881343.317319487 30.0
507890.53611835925 3881343.2617124026 30.0
507890.53611835925 3881343.2617124026 30.0
507890.3447221493 3881343.195007648 30.0
507890.1533259366 3881343.128302898 30.0
507890.1533259366 3881343.128302898 30.0
507889.9619297234 3881343.0615981515 30.0
507889.9619297234 3881343.0615981515 30.0
507889.9619297234 3881343.0615981515 30.0
507889.77965036064 3881342.9949013214 30.0
507889.77965036064 3881342.9949013214 30.0
507889.58826376474 3881342.9171068235 30.0
507889.58826376474 3881342.9171068235 30.0
507889.39686754066 3881342.8504020884 30.0
507889.39686754066 3881342.8504020884 30.0
507889.2054809384 3881342.772607597 30.0
507889.0140847085 3881342.7059028703 30.0
507889.0140847085 3881342.7059028703 30.0
507888.8226884781 3881342.6391981477 30.0
507888.8226884781 3881342.6391981477 30.0
507888.6312826185 3881342.58358319 30.0
507888.6312826185 3881342.58358319 30.0
507888.4398863804 3881342.5168784764 30.0
507888.4398863804 3881342.5168784764 30.0
507888.24848051596 3881342.4612635267 30.0
507888.24848051596 3881342.4612635267 30.0
507888.0570746515 3881342.4056485826 30.0
507888.0570746515 3881342.4056485826 30.0
507888.0570746515 3881342.4056485826 30.0
507887.86565915926 3881342.361123402 30.0
507887.86565915926 3881342.361123402 30.0
507887.6742532881 3881342.3055084646 30.0
507887.6742532881 3881342.3055084646 30.0
507887.47372093785 3881342.2609753823 30.0
507887.27318858105 3881342.2164423047 30.0
507887.27318858105 3881342.2164423047 30.0
507887.27318858105 3881342.2164423047 30.0
507887.0817730834 3881342.1719171414 30.0
507887.0817730834 3881342.1719171414 30.0
507886.8812311032 3881342.138473833 30.0
507886.8812311032 3881342.138473833 30.0
507886.68981559965 3881342.0939486776 30.0
507886.68981559965 3881342.0939486776 30.0
507886.4892832377 3881342.0494156163 30.0
507886.4892832377 3881342.0494156163 30.0
507886.2978773539 3881341.993800708 30.0
507886.2978773539 3881341.993800708 30.0
507886.0973449855 3881341.9492676565 30.0
507886.0973449855 3881341.9492676565 30.0
507885.9059294765 3881341.904742518 30.0
507885.70540672704 3881341.8491197135 30.0
507885.70540672704 3881341.8491197135 30.0
507885.70540672704 3881341.8491197135 30.0
507885.5140008319 3881341.793504822 30.0
507885.5140008319 3881341.793504822 30.0
507885.31346845767 3881341.7489717877 30.0
507885.12205294066 3881341.7044466645 30.0
507885.12205294066 3881341.7044466645 30.0
507884.91240370326 3881341.659905731 30.0
507885.12205294066 3881341.7044466645 30.0
507884.7118713231 3881341.615372711 30.0
507884.91240370326 3881341.659905731 30.0
507884.5113389434 3881341.5708396924 30.0
507884.5113389434 3881341.5708396924 30.0
507884.5113389434 3881341.5708396924 30.0
507884.3199137976 3881341.537404348 30.0
507884.11938141193 3881341.4928713404 30.0
507884.11938141193 3881341.4928713404 30.0
507883.9188490243 3881341.448338336 30.0
507883.9188490243 3881341.448338336 30.0
507883.7274238761 3881341.414903005 30.0
507883.7274238761 3881341.414903005 30.0
507883.5268914825 3881341.37037001 30.0
507883.5268914825 3881341.37037001 30.0
507883.5268914825 3881341.37037001 30.0
507883.3354759489 3881341.325844925 30.0
507883.1349531711 3881341.270222177 30.0
507883.1349531711 3881341.270222177 30.0
507883.1349531711 3881341.270222177 30.0
507882.9435376311 3881341.2256971006 30.0
507882.74300523184 3881341.1811641227 30.0
507882.74300523184 3881341.1811641227 30.0
507882.5515896904 3881341.136639056 30.0
507882.5515896904 3881341.136639056 30.0
507882.5515896904 3881341.136639056 30.0
507882.3510476686 3881341.1031958475 30.0
507882.15963212366 3881341.058670788 30.0
507882.15963212366 3881341.058670788 30.0
507881.9682069609 3881341.025235493 30.0
507881.9682069609 3881341.025235493 30.0
507881.7767817921 3881340.991800203 30.0
507881.7767817921 3881340.991800203 30.0
507881.5853470112 3881340.969454678 30.0
507881.5853470112 3881340.969454678 30.0
507881.3939218399 3881340.936019395 30.0
507881.3939218399 3881340.936019395 30.0
507881.3939218399 3881340.936019395 30.0
507881.20249667176 3881340.9025841174 30.0
507881.00194502756 3881340.8802307006 30.0
507881.00194502756 3881340.8802307006 30.0
507881.00194502756 3881340.8802307006 30.0
507880.81050062564 3881340.868974952 30.0
507880.81050062564 3881340.868974952 30.0
507880.6099489797 3881340.846621543 30.0
507880.6099489797 3881340.846621543 30.0
507880.40939733514 3881340.824268138 30.0
507880.40939733514 3881340.824268138 30.0
507880.19973844325 3881340.7908170754 30.0
507880.19973844325 3881340.7908170754 30.0
507879.9991867941 3881340.7684636796 30.0
507879.9991867941 3881340.7684636796 30.0
507879.78952789947 3881340.7350126244 30.0
507879.5889762481 3881340.71265924 30.0
507879.5889762481 3881340.71265924 30.0
507879.5889762481 3881340.71265924 30.0
507879.3793173507 3881340.6792081934 30.0
507879.3793173507 3881340.6792081934 30.0
507879.1696584517 3881340.6457571527 30.0
507878.9600091657 3881340.6012163567 30.0
507879.1696584517 3881340.6457571527 30.0
507878.9600091657 3881340.6012163567 30.0
507878.7503502634 3881340.567765325 30.0
507878.54070096894 3881340.5232245387 30.0
507878.7503502634 3881340.567765325 30.0
507878.3310516748 3881340.4786837557 30.0
507878.3310516748 3881340.4786837557 30.0
507878.130519239 3881340.4341508793 30.0
507878.130519239 3881340.4341508793 30.0
507877.9208603299 3881340.4006998683 30.0
507877.9208603299 3881340.4006998683 30.0
507877.7203278881 3881340.3561670007 30.0
507877.7203278881 3881340.3561670007 30.0
507877.7203278881 3881340.3561670007 30.0
507877.5197858339 3881340.3227239 30.0
507877.31012691994 3881340.2892729007 30.0
507877.5197858339 3881340.3227239 30.0
507877.11869211117 3881340.26692747 30.0
507877.31012691994 3881340.2892729007 30.0
507876.90902358707 3881340.244566243 30.0
507876.90902358707 3881340.244566243 30.0
507876.7084719157 3881340.22221292 30.0
507876.7084719157 3881340.22221292 30.0
507876.7084719157 3881340.22221292 30.0
507876.5079106364 3881340.210949363 30.0
507876.5079106364 3881340.210949363 30.0
507876.30734935903 3881340.1996858115 30.0
507876.1067880788 3881340.1884222627 30.0
507876.1067880788 3881340.1884222627 30.0
507875.9062267981 3881340.1771587185 30.0
507875.9062267981 3881340.1771587185 30.0
507875.7056655169 3881340.1658951803 30.0
507875.7056655169 3881340.1658951803 30.0
507875.5051138432 3881340.1435418823 30.0
507875.7056655169 3881340.1658951803 30.0
507875.3045621709 3881340.1211885936 30.0
507875.3045621709 3881340.1211885936 30.0
507875.09489363444 3881340.098827407 30.0
507875.09489363444 3881340.098827407 30.0
507874.8943419578 3881340.0764741236 30.0
507874.8943419578 3881340.0764741236 30.0
507874.70291674807 3881340.043038983 30.0
507874.70291674807 3881340.043038983 30.0
507874.50237467606 3881340.0095959473 30.0
507874.50237467606 3881340.0095959473 30.0
507874.50237467606 3881340.0095959473 30.0
507874.301822996 3881339.987242679 30.0
507874.301822996 3881339.987242679 30.0
507874.1012809213 3881339.953799653 30.0
507873.90073884744 3881339.920356632 30.0
507873.90073884744 3881339.920356632 30.0
507873.70931362617 3881339.8869215106 30.0
507873.70931362617 3881339.8869215106 30.0
507873.50877154944 3881339.8534784983 30.0
507873.50877154944 3881339.8534784983 30.0
507873.50877154944 3881339.8534784983 30.0
507873.30821986357 3881339.83112525 30.0
507873.1076777841 3881339.7976822457 30.0
507873.1076777841 3881339.7976822457 30.0
507873.1076777841 3881339.7976822457 30.0
507872.9071164889 3881339.786418768 30.0
507872.7065648002 3881339.764065534 30.0
507872.7065648002 3881339.764065534 30.0
507872.5060131127 3881339.741712304 30.0
507872.5060131127 3881339.741712304 30.0
507872.30545181787 3881339.7304488397 30.0
507872.30545181787 3881339.7304488397 30.0
507872.10490973026 3881339.6970058577 30.0
507872.30545181787 3881339.7304488397 30.0
507872.10490973026 3881339.6970058577 30.0
507871.90435803763 3881339.6746526426 30.0
507871.90435803763 3881339.6746526426 30.0
507871.70380634395 3881339.6522994293 30.0
507871.70380634395 3881339.6522994293 30.0
507871.5032546517 3881339.629946222 30.0
507871.5032546517 3881339.629946222 30.0
507871.30270295375 3881339.6075930186 30.0
507871.1021512595 3881339.58523982 30.0
507871.1021512595 3881339.58523982 30.0
507871.1021512595 3881339.58523982 30.0
507870.9015995619 3881339.5628866265 30.0
507870.7010574632 3881339.5294436747 30.0
507870.7010574632 3881339.5294436747 30.0
507870.7010574632 3881339.5294436747 30.0
507870.50962262484 3881339.5070983833 30.0
507870.50962262484 3881339.5070983833 30.0
507870.30908052577 3881339.473655441 30.0
507870.30908052577 3881339.473655441 30.0
507870.1085384276 3881339.440212503 30.0
507869.9079963233 3881339.406769568 30.0
507870.1085384276 3881339.440212503 30.0
507869.9079963233 3881339.406769568 30.0
507869.7165710814 3881339.3733345335 30.0
507869.7165710814 3881339.3733345335 30.0
507869.51603857725 3881339.328801848 30.0
507869.31549647066 3881339.2953589275 30.0
507869.31549647066 3881339.2953589275 30.0
507869.31549647066 3881339.2953589275 30.0
507869.1240808221 3881339.2508341423 30.0
507868.932684374 3881339.1841298398 30.0
507869.1240808221 3881339.2508341423 30.0
507868.932684374 3881339.1841298398 30.0
507868.74127831875 3881339.1285153013 30.0
507868.5498818652 3881339.0618110066 30.0
507868.5498818652 3881339.0618110066 30.0
507868.3676022662 3881338.9951146073 30.0
507868.5498818652 3881339.0618110066 30.0
507868.1762058072 3881338.9284103205 30.0
507868.1762058072 3881338.9284103205 30.0
507868.1762058072 3881338.9284103205 30.0
507867.98480934306 3881338.861706037 30.0
507867.7934224747 3881338.783911997 30.0
507867.98480934306 3881338.861706037 30.0
507867.7934224747 3881338.783911997 30.0
507867.60202600475 3881338.717207723 30.0
507867.410629532 3881338.650503452 30.0
507867.410629532 3881338.650503452 30.0
507867.410629532 3881338.650503452 30.0
507867.22834991873 3881338.5838070754 30.0
507867.03695343813 3881338.5171028133 30.0
507867.03695343813 3881338.5171028133 30.0
507867.03695343813 3881338.5171028133 30.0
507866.85467381944 3881338.4504064433 30.0
507866.85467381944 3881338.4504064433 30.0
507866.672403793 3881338.3726203186 30.0
507866.672403793 3881338.3726203186 30.0
507866.4810073085 3881338.3059160667 30.0
507866.30785413634 3881338.2281378377 30.0
507866.30785413634 3881338.2281378377 30.0
507866.30785413634 3881338.2281378377 30.0
507866.1164672404 3881338.150343835 30.0
507866.1164672404 3881338.150343835 30.0
507865.93419720395 3881338.072557723 30.0
507865.93419720395 3881338.072557723 30.0
507865.7519271621 3881337.994771614 30.0
507865.5787739778 3881337.9169933996 30.0
507865.7519271621 3881337.994771614 30.0
507865.5787739778 3881337.9169933996 30.0
507865.3965135278 3881337.8281175387 30.0
507865.3965135278 3881337.8281175387 30.0
507865.2142530719 3881337.7392416797 30.0
507865.2142530719 3881337.7392416797 30.0
507865.03199261246 3881337.6503658253 30.0
507865.03199261246 3881337.6503658253 30.0
507864.84974174446 3881337.5504002147 30.0
507864.84974174446 3881337.5504002147 30.0
507864.67660773586 3881337.450442495 30.0
507864.50347372115 3881337.3504847786 30.0
507864.67660773586 3881337.450442495 30.0
507864.50347372115 3881337.3504847786 30.0
507864.32122284366 3881337.250519177 30.0
507864.32122284366 3881337.250519177 30.0
507864.14809841535 3881337.139471706 30.0
507864.14809841535 3881337.139471706 30.0
507863.97495479503 3881337.05060376 30.0
507863.97495479503 3881337.05060376 30.0
507863.80182076734 3881336.9506460563 30.0
507863.6286867335 3881336.850688357 30.0
507863.80182076734 3881336.9506460563 30.0
507863.6286867335 3881336.850688357 30.0
507863.45556228916 3881336.739640899 30.0
507863.45556228916 3881336.739640899 30.0
507863.28242824983 3881336.6396832056 30.0
507863.11841106875 3881336.5397334024 30.0
507863.28242824983 3881336.6396832056 30.0
507862.94528661226 3881336.4286859543 30.0
507862.94528661226 3881336.4286859543 30.0
507862.94528661226 3881336.4286859543 30.0
507862.7812790161 3881336.317646396 30.0
507862.6081449591 3881336.2176887146 30.0
507862.6081449591 3881336.2176887146 30.0
507862.4350204902 3881336.1066412763 30.0
507862.4350204902 3881336.1066412763 30.0
507862.4350204902 3881336.1066412763 30.0
507862.2527695651 3881336.006675719 30.0
507862.2527695651 3881336.006675719 30.0
507862.0796354963 3881335.906718047 30.0
507862.0796354963 3881335.906718047 30.0
507861.8973845633 3881335.806752496 30.0
507861.7151336216 3881335.706786947 30.0
507861.7151336216 3881335.706786947 30.0
507861.7151336216 3881335.706786947 30.0
507861.54200913216 3881335.5957395267 30.0
507861.54200913216 3881335.5957395267 30.0
507861.35975818697 3881335.4957739855 30.0
507861.17751682596 3881335.384718687 30.0
507861.17751682596 3881335.384718687 30.0
507860.99526587257 3881335.284753153 30.0
507860.99526587257 3881335.284753153 30.0
507860.99526587257 3881335.284753153 30.0
507860.8130149129 3881335.1847876227 30.0
507860.6398904048 3881335.073740219 30.0
507860.6398904048 3881335.073740219 30.0
507860.6398904048 3881335.073740219 30.0
507860.4576490266 3881334.9626849354 30.0
507860.2753980545 3881334.8627194157 30.0
507860.2753980545 3881334.8627194157 30.0
507860.0931662568 3881334.740574377 30.0
507860.2753980545 3881334.8627194157 30.0
507860.0931662568 3881334.740574377 30.0
507859.91092486755 3881334.6295191045 30.0
507859.7286738828 3881334.529553597 30.0
507859.7286738828 3881334.529553597 30.0
507859.55554934905 3881334.4185062144 30.0
507859.55554934905 3881334.4185062144 30.0
507859.37330794445 3881334.3074509525 30.0
507859.37330794445 3881334.3074509525 30.0
507859.2001834021 3881334.1964035765 30.0
507859.2001834021 3881334.1964035765 30.0
507859.0361757177 3881334.085364085 30.0
507859.0361757177 3881334.085364085 30.0
507859.0361757177 3881334.085364085 30.0
507858.8630607524 3881333.963226956 30.0
507858.6990530597 3881333.8521874705 30.0
507858.6990530597 3881333.8521874705 30.0
507858.5350549549 3881333.7300582277 30.0
507858.6990530597 3881333.8521874705 30.0
507858.5350549549 3881333.7300582277 30.0
507858.37105684105 3881333.6079289885 30.0
507858.37105684105 3881333.6079289885 30.0
507858.21617558785 3881333.4858076335 30.0
507858.21617558785 3881333.4858076335 30.0
507858.0430606001 3881333.3636705196 30.0
507858.0430606001 3881333.3636705196 30.0
507857.87905288656 3881333.252631049 30.0
507857.87905288656 3881333.252631049 30.0
507857.71505475993 3881333.1305018226 30.0
507857.54193017265 3881333.0194544788 30.0
507857.54193017265 3881333.0194544788 30.0
507857.54193017265 3881333.0194544788 30.0
507857.3779320326 3881332.897325257 30.0
507857.3779320326 3881332.897325257 30.0
507857.2048074391 3881332.7862779186 30.0
507857.2048074391 3881332.7862779186 30.0
507857.04080929037 3881332.6641487028 30.0
507857.04080929037 3881332.6641487028 30.0
507856.8676942712 3881332.5420116116 30.0
507856.8676942712 3881332.5420116116 30.0
507856.70368653315 3881332.4309721636 30.0
507856.70368653315 3881332.4309721636 30.0
507856.530571505 3881332.3088350766 30.0
507856.530571505 3881332.3088350766 30.0
507856.36657333863 3881332.186705874 30.0
507856.19345830363 3881332.064568795 30.0
507856.19345830363 3881332.064568795 30.0
507856.19345830363 3881332.064568795 30.0
507856.0294505441 3881331.9535293602 30.0
507855.85633549787 3881331.8313922873 30.0
507855.85633549787 3881331.8313922873 30.0
507855.85633549787 3881331.8313922873 30.0
507855.68321086315 3881331.720344979 30.0
507855.68321086315 3881331.720344979 30.0
507855.5009693596 3881331.6092897947 30.0
507855.3278447163 3881331.4982424937 30.0
507855.3278447163 3881331.4982424937 30.0
507855.145603204 3881331.387187316 30.0
507855.145603204 3881331.387187316 30.0
507854.97247855214 3881331.2761400216 30.0
507854.97247855214 3881331.2761400216 30.0
507854.97247855214 3881331.2761400216 30.0
507854.7902466137 3881331.153995091 30.0
507854.61713153555 3881331.031858042 30.0
507854.61713153555 3881331.031858042 30.0
507854.61713153555 3881331.031858042 30.0
507854.4348900052 3881330.920802881 30.0
507854.2617653358 3881330.8097556005 30.0
507854.2617653358 3881330.8097556005 30.0
507854.0795333739 3881330.687610683 30.0
507854.0795333739 3881330.687610683 30.0
507854.0795333739 3881330.687610683 30.0
507853.89729183004 3881330.576555531 30.0
507853.89729183004 3881330.576555531 30.0
507853.7241767289 3881330.4544185 30.0
507853.5419351761 3881330.343363354 30.0
507853.5419351761 3881330.343363354 30.0
507853.3688200658 3881330.221226331 30.0
507853.3688200658 3881330.221226331 30.0
507853.3688200658 3881330.221226331 30.0
507853.1865976654 3881330.0879916716 30.0
507853.0043656769 3881329.965846777 30.0
507853.1865976654 3881330.0879916716 30.0
507852.82213368575 3881329.8437018874 30.0
507852.82213368575 3881329.8437018874 30.0
507852.6398921051 3881329.73264676 30.0
507852.6398921051 3881329.73264676 30.0
507852.4576601044 3881329.610501877 30.0
507852.4576601044 3881329.610501877 30.0
507852.4576601044 3881329.610501877 30.0
507852.2663016478 3881329.499438883 30.0
507852.2663016478 3881329.499438883 30.0
507852.08406963747 3881329.377294008 30.0
507852.08406963747 3881329.377294008 30.0
507851.8927111691 3881329.266231022 30.0
507851.7013622796 3881329.144078278 30.0
507851.8927111691 3881329.266231022 30.0
507851.7013622796 3881329.144078278 30.0
507851.51913025224 3881329.0219334145 30.0
507851.3277813503 3881328.899780679 30.0
507851.3277813503 3881328.899780679 30.0
507851.1364228673 3881328.788717709 30.0
507851.1364228673 3881328.788717709 30.0
507850.95419082517 3881328.6665728567 30.0
507850.95419082517 3881328.6665728567 30.0
507850.95419082517 3881328.6665728567 30.0
507850.7628419082 3881328.544420133 30.0
507850.5714834085 3881328.433357175 30.0
507850.7628419082 3881328.544420133 30.0
507850.5714834085 3881328.433357175 30.0
507850.3801344838 3881328.311204461 30.0
507850.3801344838 3881328.311204461 30.0
507850.19791199674 3881328.177969862 30.0
507850.0065630616 3881328.055817155 30.0
507850.19791199674 3881328.177969862 30.0
507850.0065630616 3881328.055817155 30.0
507849.80608767184 3881327.94474634 30.0
507849.80608767184 3881327.94474634 30.0
507849.62385559495 3881327.8226015144 30.0
507849.62385559495 3881327.8226015144 30.0
507849.42338019767 3881327.711530707 30.0
507849.23203124 3881327.5893780165 30.0
507849.23203124 3881327.5893780165 30.0
507849.04067270155 3881327.478315091 30.0
507849.04067270155 3881327.478315091 30.0
507849.04067270155 3881327.478315091 30.0
507848.84933330934 3881327.3450726485 30.0
507848.6488578921 3881327.2340018586 30.0
507848.6488578921 3881327.2340018586 30.0
507848.45750891167 3881327.1118491837 30.0
507848.45750891167 3881327.1118491837 30.0
507848.45750891167 3881327.1118491837 30.0
507848.27527680236 3881326.9897043854 30.0
507848.27527680236 3881326.9897043854 30.0
507848.0839278141 3881326.86755172 30.0
507848.0839278141 3881326.86755172 30.0
507847.88345237466 3881326.756480947 30.0
507847.88345237466 3881326.756480947 30.0
507847.6920938046 3881326.64541805 30.0
507847.49160877935 3881326.545437048 30.0
507847.49160877935 3881326.545437048 30.0
507847.49160877935 3881326.545437048 30.0
507847.2911333279 3881326.4343662886 30.0
507847.2911333279 3881326.4343662886 30.0
507847.09064829594 3881326.334385295 30.0
507847.09064829594 3881326.334385295 30.0
507846.8992801319 3881326.234412175 30.0
507846.8992801319 3881326.234412175 30.0
507846.6988046641 3881326.12334143 30.0
507846.6988046641 3881326.12334143 30.0
507846.50743649364 3881326.0233683176 30.0
507846.50743649364 3881326.0233683176 30.0
507846.31606831437 3881325.9233952113 30.0
507846.13382658036 3881325.812340217 30.0
507846.31606831437 3881325.9233952113 30.0
507845.9424583972 3881325.712367117 30.0
507845.9424583972 3881325.712367117 30.0
507845.9424583972 3881325.712367117 30.0
507845.7510997768 3881325.6013042615 30.0
507845.7510997768 3881325.6013042615 30.0
507845.5597411564 3881325.4902414093 30.0
507845.3774994022 3881325.379186429 30.0
507845.3774994022 3881325.379186429 30.0
507845.3774994022 3881325.379186429 30.0
507845.19525764586 3881325.268131455 30.0
507845.19525764586 3881325.268131455 30.0
507845.0038894363 3881325.1681583747 30.0
507844.82164767117 3881325.057103407 30.0
507844.82164767117 3881325.057103407 30.0
507844.639396329 3881324.9571382026 30.0
507844.639396329 3881324.9571382026 30.0
507844.4480281114 3881324.857165135 30.0
507844.4480281114 3881324.857165135 30.0
507844.2566598873 3881324.757192072 30.0
507844.2566598873 3881324.757192072 30.0
507844.07441810257 3881324.64613712 30.0
507844.2566598873 3881324.757192072 30.0
507843.88304030284 3881324.557253824 30.0
507844.07441810257 3881324.64613712 30.0
507843.88304030284 3881324.557253824 30.0
507843.6916624948 3881324.468370533 30.0
507843.6916624948 3881324.468370533 30.0
507843.4911678135 3881324.3794793813 30.0
507843.4911678135 3881324.3794793813 30.0
507843.2997804315 3881324.301685858 30.0
507843.2997804315 3881324.301685858 30.0
507843.09927617194 3881324.223884475 30.0
507843.09927617194 3881324.223884475 30.0
507842.8987623408 3881324.1571728564 30.0
507842.70738451934 3881324.0682895863 30.0
507842.70738451934 3881324.0682895863 30.0
507842.50687067956 3881324.001577977 30.0
507842.50687067956 3881324.001577977 30.0
507842.3154832836 3881323.923784476 30.0
507842.50687067956 3881324.001577977 30.0
507842.3154832836 3881323.923784476 30.0
507842.1149694401 3881323.8570728744 30.0
507842.1149694401 3881323.8570728744 30.0
507841.914455596 3881323.7903612778 30.0
507841.914455596 3881323.7903612778 30.0
507841.7139513111 3881323.712559925 30.0
507841.7139513111 3881323.712559925 30.0
507841.5134374585 3881323.645848338 30.0
507841.3129140391 3881323.590226515 30.0
507841.3129140391 3881323.590226515 30.0
507841.1032928719 3881323.5124173104 30.0
507841.3129140391 3881323.590226515 30.0
507840.8936621331 3881323.4456978734 30.0
507840.8936621331 3881323.4456978734 30.0
507840.684021828 3881323.390068199 30.0
507840.8936621331 3881323.4456978734 30.0
507840.684021828 3881323.390068199 30.0
507840.46525507997 3881323.3455204293 30.0
507840.46525507997 3881323.3455204293 30.0
507840.2556052051 3881323.3009805274 30.0
507840.2556052051 3881323.3009805274 30.0
507840.0368480175 3881323.245343007 30.0
507839.8180716984 3881323.2118850127 30.0
507840.0368480175 3881323.245343007 30.0
507839.8180716984 3881323.2118850127 30.0
507839.5992953778 3881323.1784270233 30.0
507839.5992953778 3881323.1784270233 30.0
507839.37139261625 3881323.1560509373 30.0
507839.1434898536 3881323.1336748577 30.0
507839.37139261625 3881323.1560509373 30.0
507839.1434898536 3881323.1336748577 30.0
507838.91558708984 3881323.1112987837 30.0
507838.68766520126 3881323.111102237 30.0
507838.68766520126 3881323.111102237 30.0
507838.459743308 3881323.110905696 30.0
507838.459743308 3881323.110905696 30.0
507838.2227045417 3881323.1107012997 30.0
507838.2227045417 3881323.1107012997 30.0
507838.2227045417 3881323.1107012997 30.0
507837.9947635264 3881323.132684292 30.0
507837.9947635264 3881323.132684292 30.0
507837.7577056346 3881323.1546594296 30.0
507837.5297454983 3881323.198821954 30.0
507837.5297454983 3881323.198821954 30.0
507837.3017853643 3881323.242984487 30.0
507837.5297454983 3881323.198821954 30.0
507837.3017853643 3881323.242984487 30.0
507837.07382523484 3881323.2871470237 30.0
507837.07382523484 3881323.2871470237 30.0
507836.8458555422 3881323.342399327 30.0
507836.61789541517 3881323.3865618743 30.0
507836.61789541517 3881323.3865618743 30.0
507836.61789541517 3881323.3865618743 30.0
507836.3899257301 3881323.4418141907 30.0
507835.9431032434 3881323.552326696 30.0
507835.9431032434 3881323.552326696 30.0
507835.9431032434 3881323.552326696 30.0
507835.5053116102 3881323.76265493 30.0
507835.5053116102 3881323.76265493 30.0
507835.29549921973 3881323.9066410754 30.0
507834.87591269234 3881324.1502543376 30.0
507834.87591269234 3881324.1502543376 30.0
507834.67520763696 3881324.3053381173 30.0
507834.67520763696 3881324.3053381173 30.0
507834.2738357773 3881324.571146645 30.0
507834.67520763696 3881324.3053381173 30.0
507834.0822476153 3881324.7262382945 30.0
507834.0822476153 3881324.7262382945 30.0
507834.0822476153 3881324.7262382945 30.0
507833.8815425862 3881324.881322091 30.0
507833.8815425862 3881324.881322091 30.0
507833.6899639967 3881325.0253239875 30.0
507833.4983758543 3881325.1804156494 30.0
507833.4983758543 3881325.1804156494 30.0
507833.3158950374 3881325.3466049316 30.0
507833.3158950374 3881325.3466049316 30.0
507833.3158950374 3881325.3466049316 30.0
507833.1425310979 3881325.5128020765 30.0
507833.1425310979 3881325.5128020765 30.0
507832.9691671671 3881325.6789992214 30.0
507832.79580324027 3881325.845196371 30.0
507832.79580324027 3881325.845196371 30.0
507832.79580324027 3881325.845196371 30.0
507832.6224297642 3881326.0224832846 30.0
507832.6224297642 3881326.0224832846 30.0
507832.45817316946 3881326.1997780576 30.0
507832.3030143406 3881326.39926021 30.0
507832.3030143406 3881326.39926021 30.0
507832.3030143406 3881326.39926021 30.0
507832.1478650758 3881326.587652605 30.0
507832.0018326869 3881326.776052856 30.0
507832.0018326869 3881326.776052856 30.0
507831.8557907517 3881326.9755428713 30.0
507831.8557907517 3881326.9755428713 30.0
507831.8557907517 3881326.9755428713 30.0
507831.7097583774 3881327.163943128 30.0
507831.7097583774 3881327.163943128 30.0
507831.56371645245 3881327.3634331482 30.0
507831.56371645245 3881327.3634331482 30.0
507831.4085576653 3881327.5629153163 30.0
507831.4085576653 3881327.5629153163 30.0
507831.25340843655 3881327.751307728 30.0
507831.0982592166 3881327.939700139 30.0
507831.0982592166 3881327.939700139 30.0
507830.9522268711 3881328.128100409 30.0
507830.9522268711 3881328.128100409 30.0
507830.7970681104 3881328.327582587 30.0
507830.7970681104 3881328.327582587 30.0
507830.7970681104 3881328.327582587 30.0
507830.6510357797 3881328.515982862 30.0
507830.49588658294 3881328.7043752843 30.0
507830.49588658294 3881328.7043752843 30.0
507830.49588658294 3881328.7043752843 30.0
507830.3498542645 3881328.892775564 30.0
507830.3498542645 3881328.892775564 30.0
507830.19471463305 3881329.0700782314 30.0
507830.19471463305 3881329.0700782314 30.0
507830.0395750123 3881329.2473809016 30.0
507830.0395750123 3881329.2473809016 30.0
507829.88442584063 3881329.4357733345 30.0
507829.88442584063 3881329.4357733345 30.0
507829.72928622755 3881329.6130760103 30.0
507829.72928622755 3881329.6130760103 30.0
507829.5832634915 3881329.7903865413 30.0
507829.5832634915 3881329.7903865413 30.0
507829.42812389263 3881329.9676892217 30.0
507829.2820916143 3881330.156089519 30.0
507829.2820916143 3881330.156089519 30.0
507829.2820916143 3881330.156089519 30.0
507829.1542930807 3881330.3445055215 30.0
507829.1542930807 3881330.3445055215 30.0
507829.02648499876 3881330.544011289 30.0
507829.02648499876 3881330.544011289 30.0
507828.9077937949 3881330.743524907 30.0
507828.7982099081 3881330.954136141 30.0
507828.9077937949 3881330.743524907 30.0
507828.7982099081 3881330.954136141 30.0
507828.6977428984 3881331.164755231 30.0
507828.5881590216 3881331.375366466 30.0
507828.5881590216 3881331.375366466 30.0
507828.5881590216 3881331.375366466 30.0
507828.47857515444 3881331.5859777047 30.0
507828.47857515444 3881331.5859777047 30.0
507828.3780986063 3881331.8076865566 30.0
507828.3780986063 3881331.8076865566 30.0
507828.2685147469 3881332.0182977975 30.0
507828.14980447374 3881332.2399909496 30.0
507828.14980447374 3881332.2399909496 30.0
507828.04022062715 3881332.450602194 30.0
507828.04022062715 3881332.450602194 30.0
507827.921529465 3881332.650115827 30.0
507827.921529465 3881332.650115827 30.0
507827.921529465 3881332.650115827 30.0
507827.8119456286 3881332.860727074 30.0
507827.7023617927 3881333.071338321 30.0
507827.7023617927 3881333.071338321 30.0
507827.7023617927 3881333.071338321 30.0
507827.60189483163 3881333.281957421 30.0
507827.60189483163 3881333.281957421 30.0
507827.5014278706 3881333.4925765228 30.0
507827.5014278706 3881333.4925765228 30.0
507827.41918509913 3881333.7143010856 30.0
507827.33695187856 3881333.9249358918 30.0
507827.41918509913 3881333.7143010856 30.0
507827.33695187856 3881333.9249358918 30.0
507827.2547186618 3881334.1355706956 30.0
507827.16337813594 3881334.3351078904 30.0
507827.16337813594 3881334.3351078904 30.0
507827.16337813594 3881334.3351078904 30.0
507827.0720376118 3881334.5346450857 30.0
507827.0720376118 3881334.5346450857 30.0
507826.9806875429 3881334.7452720427 30.0
507826.9806875429 3881334.7452720427 30.0
507826.8893565732 3881334.93371948 30.0
507826.8893565732 3881334.93371948 30.0
507826.6975586921 3881335.3327860287 30.0
507826.59710132517 3881335.5323153795 30.0
507826.59710132517 3881335.5323153795 30.0
507826.59710132517 3881335.5323153795 30.0
507826.49664396496 3881335.731844731 30.0
507826.3870697419 3881335.9313662346 30.0
507826.3870697419 3881335.9313662346 30.0
507826.2866028428 3881336.14198535 30.0
507826.2866028428 3881336.14198535 30.0
507826.1770286293 3881336.341506856 30.0
507826.2866028428 3881336.14198535 30.0
507826.0674448776 3881336.5521181254 30.0
507826.0674448776 3881336.5521181254 30.0
507826.0674448776 3881336.5521181254 30.0
507825.9578611263 3881336.7627293947 30.0
507825.8391509734 3881336.984422578 30.0
507825.8391509734 3881336.984422578 30.0
507825.8391509734 3881336.984422578 30.0
507825.7204503736 3881337.195026003 30.0
507825.7204503736 3881337.195026003 30.0
507825.5926329182 3881337.4056215785 30.0
507825.5926329182 3881337.4056215785 30.0
507825.4648154687 3881337.616217158 30.0
507825.34611488343 3881337.8268205873 30.0
507825.34611488343 3881337.8268205873 30.0
507825.2183069922 3881338.026326409 30.0
507825.2183069922 3881338.026326409 30.0
507825.2183069922 3881338.026326409 30.0
507825.10872328293 3881338.23693769 30.0
507825.10872328293 3881338.23693769 30.0
507824.87132215285 3881338.6581445597 30.0
507824.7708648626 3881338.857673931 30.0
507824.87132215285 3881338.6581445597 30.0
507824.67039803305 3881339.0682930653 30.0
507824.7708648626 3881338.857673931 30.0
507824.67039803305 3881339.0682930653 30.0
507824.5517070309 3881339.2678067447 30.0
507824.5517070309 3881339.2678067447 30.0
507824.4512402109 3881339.478425881 30.0
507824.4512402109 3881339.478425881 30.0
507824.34166607773 3881339.677947411 30.0
507824.34166607773 3881339.677947411 30.0
507824.232091954 3881339.877468942 30.0
507824.232091954 3881339.877468942 30.0
507824.01294371625 3881340.2765120077 30.0
507824.01294371625 3881340.2765120077 30.0
507823.7846786376 3881340.6755472315 30.0
507823.565520894 3881341.085680069 30.0
507823.565520894 3881341.085680069 30.0
507823.4468299447 3881341.285193762 30.0
507823.4468299447 3881341.285193762 30.0
507823.33725585754 3881341.484715304 30.0
507823.33725585754 3881341.484715304 30.0
507823.23679863196 3881341.684244693 30.0
507823.23679863196 3881341.684244693 30.0
507823.23679863196 3881341.684244693 30.0
507823.12724364246 3881341.8615867156 30.0
507823.12724364246 3881341.8615867156 30.0
507823.02679596964 3881342.0500263465 30.0
507822.9354651572 3881342.238473825 30.0
507822.9354651572 3881342.238473825 30.0
507822.9354651572 3881342.238473825 30.0
507822.8441248071 3881342.438011065 30.0
507822.8441248071 3881342.438011065 30.0
507822.7436676029 3881342.6375404606 30.0
507822.7436676029 3881342.6375404606 30.0
507822.65232725866 3881342.837077703 30.0
507822.65232725866 3881342.837077703 30.0
507822.5518796064 3881343.025517339 30.0
507822.45142241503 3881343.225046737 30.0
507822.45142241503 3881343.225046737 30.0
507822.45142241503 3881343.225046737 30.0
507822.35096522805 3881343.4245761363 30.0
507822.35096522805 3881343.4245761363 30.0
507822.24140073365 3881343.613007931 30.0
507822.1409435555 3881343.812537334 30.0
507822.1409435555 3881343.812537334 30.0
507822.0313695274 3881344.012058892 30.0
507822.1409435555 3881343.812537334 30.0
507822.0313695274 3881344.012058892 30.0
507821.9309123583 3881344.211588296 30.0
507821.9309123583 3881344.211588296 30.0
507821.8213478843 3881344.4000200965 30.0
507821.8213478843 3881344.4000200965 30.0
507821.7117643255 3881344.6106314193 30.0
507821.7117643255 3881344.6106314193 30.0
507821.59308300493 3881344.799055378 30.0
507821.47439214715 3881344.9985690988 30.0
507821.47439214715 3881344.9985690988 30.0
507821.47439214715 3881344.9985690988 30.0
507821.36481814785 3881345.198090665 30.0
507821.2461272979 3881345.3976043877 30.0
507821.2461272979 3881345.3976043877 30.0
507821.1274364579 3881345.5971181137 30.0
507821.1274364579 3881345.5971181137 30.0
507821.1274364579 3881345.5971181137 30.0
507821.00874562067 3881345.7966318405 30.0
507821.00874562067 3881345.7966318405 30.0
507820.8900643278 3881345.9850558075 30.0
507820.8900643278 3881345.9850558075 30.0
507820.76225664857 3881346.1845616945 30.0
507820.76225664857 3881346.1845616945 30.0
507820.6435658294 3881346.3840754256 30.0
507820.6435658294 3881346.3840754256 30.0
507820.5248750107 3881346.5835891594 30.0
507820.3970768887 3881346.7720052893 30.0
507820.3970768887 3881346.7720052893 30.0
507820.3970768887 3881346.7720052893 30.0
507820.2783860805 3881346.9715190264 30.0
507820.2783860805 3881346.9715190264 30.0
507820.15058796905 3881347.159935161 30.0
507820.03189717594 3881347.3594489014 30.0
507820.15058796905 3881347.159935161 30.0
507820.03189717594 3881347.3594489014 30.0
507819.9132063857 3881347.558962642 30.0
507819.9132063857 3881347.558962642 30.0
507819.7945251384 3881347.7473866236 30.0
507819.67583435844 3881347.9469003687 30.0
507819.67583435844 3881347.9469003687 30.0
507819.67583435844 3881347.9469003687 30.0
507819.5480267357 3881348.1464062724 30.0
507819.5480267357 3881348.1464062724 30.0
507819.429335964 3881348.3459200207 30.0
507819.429335964 3881348.3459200207 30.0
507819.3015283499 3881348.545425928 30.0
507819.3015283499 3881348.545425928 30.0
507819.1737207414 3881348.744931837 30.0
507819.1737207414 3881348.744931837 30.0
507819.0459131362 3881348.9444377483 30.0
507819.0459131362 3881348.9444377483 30.0
507818.9089982286 3881349.1328460574 30.0
507818.9089982286 3881349.1328460574 30.0
507818.77207378787 3881349.332344131 30.0
507818.77207378787 3881349.332344131 30.0
507818.6351493531 3881349.5318422066 30.0
507818.6351493531 3881349.5318422066 30.0
507818.5073417731 3881349.7313481253 30.0
507818.37040781183 3881349.9419359663 30.0
507818.5073417731 3881349.7313481253 30.0
507818.37040781183 3881349.9419359663 30.0
507818.24260024104 3881350.1414418877 30.0
507818.24260024104 3881350.1414418877 30.0
507818.12389045017 3881350.3631351767 30.0
507818.12389045017 3881350.3631351767 30.0
507818.0143070486 3881350.5737465457 30.0
507818.0143070486 3881350.5737465457 30.0
507817.90471411886 3881350.7954476783 30.0
507817.90471411886 3881350.7954476783 30.0
507817.80423803965 3881351.017156652 30.0
507817.70376196527 3881351.2388656284 30.0
507817.70376196527 3881351.2388656284 30.0
507817.70376196527 3881351.2388656284 30.0
507817.62151958974 3881351.460590286 30.0
507817.62151958974 3881351.460590286 30.0
507817.5392676832 3881351.6934047053 30.0
507817.5392676832 3881351.6934047053 30.0
507817.45702531585 3881351.915129366 30.0
507817.45702531585 3881351.915129366 30.0
507817.3747829524 3881352.136854027 30.0
507817.3747829524 3881352.136854027 30.0
507817.2743164401 3881352.3474732456 30.0
507817.2743164401 3881352.3474732456 30.0
507817.18295723683 3881352.5691900677 30.0
507817.18295723683 3881352.5691900677 30.0
507817.08249073144 3881352.7798092896 30.0
507817.0002579216 3881352.9904441927 30.0
507817.0002579216 3881352.9904441927 30.0
507816.90889873373 3881353.2121610176 30.0
507817.0002579216 3881352.9904441927 30.0
507816.8357827791 3881353.422803762 30.0
507816.90889873373 3881353.2121610176 30.0
507816.753549983 3881353.6334386673 30.0
507816.753549983 3881353.6334386673 30.0
507816.753549983 3881353.6334386673 30.0
507816.6713076522 3881353.8551633344 30.0
507816.6713076522 3881353.8551633344 30.0
507816.5981917059 3881354.065806082 30.0
507816.5981917059 3881354.065806082 30.0
507816.5250757629 3881354.276448829 30.0
507816.44283344573 3881354.4981734976 30.0
507816.44283344573 3881354.4981734976 30.0
507816.44283344573 3881354.4981734976 30.0
507816.3788343535 3881354.7088240865 30.0
507816.3057184208 3881354.9194668345 30.0
507816.3057184208 3881354.9194668345 30.0
507816.3057184208 3881354.9194668345 30.0
507816.232592958 3881355.1411993457 30.0
507816.1594770321 3881355.3518420975 30.0
507816.1594770321 3881355.3518420975 30.0
507816.10458525975 3881355.5735902875 30.0
507816.10458525975 3881355.5735902875 30.0
507816.05881033494 3881355.795346317 30.0
507816.05881033494 3881355.795346317 30.0
507816.0039185677 3881356.0170945083 30.0
507816.0039185677 3881356.0170945083 30.0
507815.9672700251 3881356.2277686177 30.0
507815.9672700251 3881356.2277686177 30.0
507815.9397383263 3881356.4384505646 30.0
507815.9397383263 3881356.4384505646 30.0
507815.9397383263 3881356.4384505646 30.0
507815.9213139351 3881356.6602301137 30.0
507815.89378223626 3881356.870912062 30.0
507815.89378223626 3881356.870912062 30.0
507815.89378223626 3881356.870912062 30.0
507815.85713369964 3881357.0815861705 30.0
507815.8295924706 3881357.30335788 30.0
507815.85713369964 3881357.0815861705 30.0
507815.80206077814 3881357.514039829 30.0
507815.8295924706 3881357.30335788 30.0
507815.80206077814 3881357.514039829 30.0
507815.7745195494 3881357.735811539 30.0
507815.73787101667 3881357.9464856484 30.0
507815.73787101667 3881357.9464856484 30.0
507815.7012129552 3881358.16824952 30.0
507815.7012129552 3881358.16824952 30.0
507815.6645644258 3881358.378923631 30.0
507815.6645644258 3881358.378923631 30.0
507815.6645644258 3881358.378923631 30.0
507815.6279063655 3881358.6006875024 30.0
507815.6279063655 3881358.6006875024 30.0
507815.6003746792 3881358.8113694517 30.0
507815.56372615707 3881359.022043563 30.0
507815.6003746792 3881358.8113694517 30.0
507815.5453017801 3881359.243823112 30.0
507815.5453017801 3881359.243823112 30.0
507815.5453017801 3881359.243823112 30.0
507815.53599424293 3881359.465610502 30.0
507815.5266962411 3881359.676308129 30.0
507815.5266962411 3881359.676308129 30.0
507815.5266962411 3881359.676308129 30.0
507815.5265055433 3881359.898103357 30.0
507815.5810254102 3881360.1088558533 30.0
507815.5810254102 3881360.1088558533 30.0
507815.5810254102 3881360.1088558533 30.0
507815.6081947626 3881360.319584836 30.0
507815.6081947626 3881360.319584836 30.0
507815.6353545764 3881360.5414035786 30.0
507815.6625239239 3881360.752132561 30.0
507815.6625239239 3881360.752132561 30.0
507815.6625239239 3881360.752132561 30.0
507815.6988101099 3881360.9628693825 30.0
507815.7350962896 3881361.173606204 30.0
507815.7350962896 3881361.173606204 30.0
507815.75314879813 3881361.384327348 30.0
507815.75314879813 3881361.384327348 30.0
507815.75314879813 3881361.384327348 30.0
507815.78031814034 3881361.59505633 30.0
507815.78031814034 3881361.59505633 30.0
507815.8074874812 3881361.805785314 30.0
507815.8074874812 3881361.805785314 30.0
507815.8346472879 3881362.027604059 30.0
507815.8346472879 3881362.027604059 30.0
507815.8618166263 3881362.2383330413 30.0
507815.8618166263 3881362.2383330413 30.0
507815.87986912736 3881362.449054186 30.0
507815.87986912736 3881362.449054186 30.0
507815.9161553014 3881362.659791009 30.0
507815.9433246336 3881362.8705199924 30.0
507815.9161553014 3881362.659791009 30.0
507815.9796108044 3881363.081256815 30.0
507815.9796108044 3881363.081256815 30.0
507815.9796108044 3881363.081256815 30.0
507816.0158969736 3881363.291993639 30.0
507816.0158969736 3881363.291993639 30.0
507816.0795527146 3881363.480574457 30.0
507816.0795527146 3881363.480574457 30.0
507816.14320845524 3881363.6691552754 30.0
507816.1977378207 3881363.8688180167 30.0
507816.1977378207 3881363.8688180167 30.0
507816.2613840203 3881364.0684885983 30.0
507816.1977378207 3881363.8688180167 30.0
507816.2613840203 3881364.0684885983 30.0
507816.3250302149 3881364.268159178 30.0
507816.3250302149 3881364.268159178 30.0
507816.38867640664 3881364.4678297606 30.0
507816.38867640664 3881364.4678297606 30.0
507816.44320576644 3881364.667492503 30.0
507816.49772558315 3881364.878245008 30.0
507816.49772558315 3881364.878245008 30.0
507816.49772558315 3881364.878245008 30.0
507816.56137176673 3881365.0779155917 30.0
507816.56137176673 3881365.0779155917 30.0
507816.61590111675 3881365.2775783353 30.0
507816.67044000066 3881365.466151319 30.0
507816.67044000066 3881365.466151319 30.0
507816.67044000066 3881365.466151319 30.0
507816.7158525108 3881365.665806223 30.0
507816.7158525108 3881365.665806223 30.0
507816.7612650191 3881365.8654611288 30.0
507816.7612650191 3881365.8654611288 30.0
507816.806687064 3881366.054026272 30.0
507816.806687064 3881366.054026272 30.0
507816.8429827361 3881366.253673339 30.0
507816.8429827361 3881366.253673339 30.0
507816.8884047774 3881366.442238484 30.0
507816.92470998276 3881366.6307957885 30.0
507816.92470998276 3881366.6307957885 30.0
507816.97013201815 3881366.819360934 30.0
507816.97013201815 3881366.819360934 30.0
507817.0155445172 3881367.019015841 30.0
507817.0155445172 3881367.019015841 30.0
507817.06096654874 3881367.2075809874 30.0
507817.06096654874 3881367.2075809874 30.0
507817.1154958725 3881367.4072437347 30.0
507817.1154958725 3881367.4072437347 30.0
507817.1154958725 3881367.4072437347 30.0
507817.17003473314 3881367.5958167207 30.0
507817.17003473314 3881367.5958167207 30.0
507817.2245640545 3881367.7954794704 30.0
507817.2245640545 3881367.7954794704 30.0
507817.28821020154 3881367.995150059 30.0
507817.28821020154 3881367.995150059 30.0
507817.3518658852 3881368.1837308877 30.0
507817.41551202664 3881368.3834014777 30.0
507817.3518658852 3881368.1837308877 30.0
507817.4700508751 3881368.5719744666 30.0
507817.41551202664 3881368.3834014777 30.0
507817.52458018396 3881368.7716372176 30.0
507817.52458018396 3881368.7716372176 30.0
507817.5791190255 3881368.960210206 30.0
507817.5791190255 3881368.960210206 30.0
507817.6245410355 3881369.148775356 30.0
507817.6245410355 3881369.148775356 30.0
507817.679079875 3881369.3373483457 30.0
507817.679079875 3881369.3373483457 30.0
507817.724501881 3881369.525913496 30.0
507817.679079875 3881369.3373483457 30.0
507817.7790407138 3881369.7144864867 30.0
507817.7790407138 3881369.7144864867 30.0
507817.7790407138 3881369.7144864867 30.0
507817.84268683975 3881369.9141570805 30.0
507817.84268683975 3881369.9141570805 30.0
507817.906342496 3881370.102737913 30.0
507817.906342496 3881370.102737913 30.0
507817.97911498003 3881370.291326588 30.0
507817.97911498003 3881370.291326588 30.0
507818.05188746104 3881370.479915263 30.0
507818.1337767668 3881370.668511779 30.0
507818.05188746104 3881370.479915263 30.0
507818.1337767668 3881370.668511779 30.0
507818.22478289425 3881370.857116138 30.0
507818.22478289425 3881370.857116138 30.0
507818.30667219294 3881371.045712656 30.0
507818.30667219294 3881371.045712656 30.0
507818.40680468094 3881371.2232350977 30.0
507818.40680468094 3881371.2232350977 30.0
507818.49782033806 3881371.400749698 30.0
507818.6070791816 3881371.5671902206 30.0
507818.49782033806 3881371.400749698 30.0
507818.6070791816 3881371.5671902206 30.0
507818.7163284869 3881371.744720506 30.0
507818.82557778334 3881371.9222507942 30.0
507818.82557778334 3881371.9222507942 30.0
507818.9439534432 3881372.088699163 30.0
507818.9439534432 3881372.088699163 30.0
507818.9439534432 3881372.088699163 30.0
507819.0623195618 3881372.2662372957 30.0
507819.1715783845 3881372.432677826 30.0
507819.1715783845 3881372.432677826 30.0
507819.1715783845 3881372.432677826 30.0
507819.2808276684 3881372.610208118 30.0
507819.2808276684 3881372.610208118 30.0
507819.390086483 3881372.7766486513 30.0
507819.490218933 3881372.9541711053 30.0
507819.490218933 3881372.9541711053 30.0
507819.490218933 3881372.9541711053 30.0
507819.5903513768 3881373.131693559 30.0
507819.5903513768 3881373.131693559 30.0
507819.69048381434 3881373.3092160146 30.0
507819.7906162526 3881373.4867384704 30.0
507819.69048381434 3881373.3092160146 30.0
507819.7906162526 3881373.4867384704 30.0
507819.88163185987 3881373.664253086 30.0
507819.88163185987 3881373.664253086 30.0
507819.972637921 3881373.852857464 30.0
507820.07277988584 3881374.0192901627 30.0
507819.972637921 3881373.852857464 30.0
507820.1637954823 3881374.1968047805 30.0
507820.07277988584 3881374.0192901627 30.0
507820.1637954823 3881374.1968047805 30.0
507820.27304472314 3881374.3743350846 30.0
507820.38230350066 3881374.540775631 30.0
507820.27304472314 3881374.3743350846 30.0
507820.38230350066 3881374.540775631 30.0
507820.4915527331 3881374.71830594 30.0
507820.4915527331 3881374.71830594 30.0
507820.60081150243 3881374.884746486 30.0
507820.71006072644 3881375.062276797 30.0
507820.60081150243 3881374.884746486 30.0
507820.71006072644 3881375.062276797 30.0
507820.8193194876 3881375.2287173485 30.0
507820.92857824476 3881375.3951578997 30.0
507820.8193194876 3881375.2287173485 30.0
507821.02871063346 3881375.5726803704 30.0
507821.02871063346 3881375.5726803704 30.0
507821.13796938496 3881375.7391209267 30.0
507821.13796938496 3881375.7391209267 30.0
507821.2381017634 3881375.9166433997 30.0
507821.13796938496 3881375.7391209267 30.0
507821.329117318 3881376.0941580296 30.0
507821.329117318 3881376.0941580296 30.0
507821.4292496888 3881376.2716805045 30.0
507821.4292496888 3881376.2716805045 30.0
507821.529382058 3881376.4492029804 30.0
507821.529382058 3881376.4492029804 30.0
507821.6295144256 3881376.62672546 30.0
507821.6295144256 3881376.62672546 30.0
507821.7296372421 3881376.815337701 30.0
507821.7296372421 3881376.815337701 30.0
507821.7296372421 3881376.815337701 30.0
507821.8297695994 3881376.99286018 30.0
507821.8297695994 3881376.99286018 30.0
507821.9299019551 3881377.1703826617 30.0
507821.9299019551 3881377.1703826617 30.0
507822.0300343023 3881377.347905144 30.0
507822.1392834687 3881377.5254354724 30.0
507822.1392834687 3881377.5254354724 30.0
507822.23029899184 3881377.702950113 30.0
507822.1392834687 3881377.5254354724 30.0
507822.23029899184 3881377.702950113 30.0
507822.3304313272 3881377.8804725977 30.0
507822.3304313272 3881377.8804725977 30.0
507822.4214468407 3881378.05798724 30.0
507822.4214468407 3881378.05798724 30.0
507822.5215791708 3881378.235509727 30.0
507822.5215791708 3881378.235509727 30.0
507822.61259467463 3881378.4130243724 30.0
507822.61259467463 3881378.4130243724 30.0
507822.70361972094 3881378.5794492555 30.0
507822.70361972094 3881378.5794492555 30.0
507822.803752042 3881378.756971746 30.0
507822.803752042 3881378.756971746 30.0
507822.89477707905 3881378.923396631 30.0
507822.89477707905 3881378.923396631 30.0
507822.98579257104 3881379.1009112787 30.0
507823.0768080594 3881379.2784259263 30.0
507823.0768080594 3881379.2784259263 30.0
507823.0768080594 3881379.2784259263 30.0
507823.16782354424 3881379.4559405763 30.0
507823.2679749307 3881379.61128355 30.0
507823.2679749307 3881379.61128355 30.0
507823.2679749307 3881379.61128355 30.0
507823.36812631844 3881379.7666265243 30.0
507823.36812631844 3881379.7666265243 30.0
507823.4682681557 3881379.9330592626 30.0
507823.5593027135 3881380.0883943927 30.0
507823.5593027135 3881380.0883943927 30.0
507823.5593027135 3881380.0883943927 30.0
507823.6594445437 3881380.254827132 30.0
507823.6594445437 3881380.254827132 30.0
507823.75047909736 3881380.410162265 30.0
507823.75047909736 3881380.410162265 30.0
507823.841504105 3881380.576587159 30.0
507823.841504105 3881380.576587159 30.0
507823.93253865 3881380.731922292 30.0
507824.03268046625 3881380.8983550365 30.0
507824.03268046625 3881380.8983550365 30.0
507824.1145981897 3881381.053682326 30.0
507824.1145981897 3881381.053682326 30.0
507824.1145981897 3881381.053682326 30.0
507824.2056327275 3881381.2090174635 30.0
507824.2966577142 3881381.3754423615 30.0
507824.2966577142 3881381.3754423615 30.0
507824.39680906245 3881381.530785349 30.0
507824.39680906245 3881381.530785349 30.0
507824.39680906245 3881381.530785349 30.0
507824.478726774 3881381.686112641 30.0
507824.57886856736 3881381.852545391 30.0
507824.57886856736 3881381.852545391 30.0
507824.57886856736 3881381.852545391 30.0
507824.66078627284 3881382.0078726853 30.0
507824.66078627284 3881382.0078726853 30.0
507824.75181124546 3881382.174297589 30.0
507824.75181124546 3881382.174297589 30.0
507824.83372894506 3881382.329624885 30.0
507824.83372894506 3881382.329624885 30.0
507824.9338707295 3881382.49605764 30.0
507824.9338707295 3881382.49605764 30.0
507825.02490523644 3881382.651392785 30.0
507825.1250565582 3881382.8067357796 30.0
507825.02490523644 3881382.651392785 30.0
507825.2252078765 3881382.9620787767 30.0
507825.2252078765 3881382.9620787767 30.0
507825.3253496444 3881383.128511534 30.0
507825.2252078765 3881382.9620787767 30.0
507825.4163841406 3881383.2838466843 30.0
507825.4163841406 3881383.2838466843 30.0
507825.51653544867 3881383.4391896836 30.0
507825.51653544867 3881383.4391896836 30.0
507825.6258035657 3881383.5945405327 30.0
507825.6258035657 3881383.5945405327 30.0
507825.6258035657 3881383.5945405327 30.0
507825.7350812311 3881383.738801621 30.0
507825.7350812311 3881383.738801621 30.0
507825.8443493431 3881383.8941524727 30.0
507825.95361745136 3881384.049503326 30.0
507825.95361745136 3881384.049503326 30.0
507826.0628760081 3881384.2159439423 30.0
507826.0628760081 3881384.2159439423 30.0
507826.1721441088 3881384.371294798 30.0
507826.1721441088 3881384.371294798 30.0
507826.1721441088 3881384.371294798 30.0
507826.2814026576 3881384.5377354166 30.0
507826.39067075064 3881384.693086276 30.0
507826.2814026576 3881384.5377354166 30.0
507826.39067075064 3881384.693086276 30.0
507826.4999292916 3881384.859526897 30.0
507826.60918782855 3881385.0259675207 30.0
507826.60918782855 3881385.0259675207 30.0
507826.60918782855 3881385.0259675207 30.0
507826.7184463615 3881385.1924081454 30.0
507826.7184463615 3881385.1924081454 30.0
507826.8277048904 3881385.3588487706 30.0
507826.8277048904 3881385.3588487706 30.0
507826.9278466002 3881385.525281548 30.0
507827.03710512357 3881385.6917221765 30.0
507826.9278466002 3881385.525281548 30.0
507827.14636363834 3881385.8581628064 30.0
507827.14636363834 3881385.8581628064 30.0
507827.14636363834 3881385.8581628064 30.0
507827.2465053414 3881386.0245955875 30.0
507827.3557542989 3881386.202125983 30.0
507827.3557542989 3881386.202125983 30.0
507827.3557542989 3881386.202125983 30.0
507827.455895992 3881386.368558764 30.0
507827.55603768374 3881386.5349915484 30.0
507827.55603768374 3881386.5349915484 30.0
507827.6652961788 3881386.7014321843 30.0
507827.6652961788 3881386.7014321843 30.0
507827.7654283131 3881386.878954734 30.0
507827.7654283131 3881386.878954734 30.0
507827.7654283131 3881386.878954734 30.0
507827.8655699912 3881387.0453875214 30.0
507827.8655699912 3881387.0453875214 30.0
507827.9657116633 3881387.211820311 30.0
507827.9657116633 3881387.211820311 30.0
507828.0658437838 3881387.389342862 30.0
507828.15686864225 3881387.5557678025 30.0
507828.15686864225 3881387.5557678025 30.0
507828.2570007529 3881387.7332903566 30.0
507828.15686864225 3881387.5557678025 30.0
507828.2570007529 3881387.7332903566 30.0
507828.3571424125 3881387.8997231503 30.0
507828.3571424125 3881387.8997231503 30.0
507828.4572840662 3881388.066155945 30.0
507828.4572840662 3881388.066155945 30.0
507828.5574257208 3881388.2325887424 30.0
507828.675800987 3881388.399037242 30.0
507828.5574257208 3881388.2325887424 30.0
507828.78504989255 3881388.5765676536 30.0
507828.78504989255 3881388.5765676536 30.0
507828.9034251525 3881388.7430161573 30.0
507828.9034251525 3881388.7430161573 30.0
507828.9034251525 3881388.7430161573 30.0
507829.01268359856 3881388.9094568114 30.0
507829.1219420406 3881389.0758974655 30.0
507829.1219420406 3881389.0758974655 30.0
507829.2312004787 3881389.242338122 30.0
507829.2312004787 3881389.242338122 30.0
507829.2312004787 3881389.242338122 30.0
507829.3404493609 3881389.41986854 30.0
507829.44059098203 3881389.5863013454 30.0
507829.44059098203 3881389.5863013454 30.0
507829.44059098203 3881389.5863013454 30.0
507829.5498494105 3881389.752742006 30.0
507829.64998146956 3881389.9302645754 30.0
507829.64998146956 3881389.9302645754 30.0
507829.64998146956 3881389.9302645754 30.0
507829.7501230794 3881390.0966973854 30.0
507829.7501230794 3881390.0966973854 30.0
507829.85026468325 3881390.2631301954 30.0
507829.85026468325 3881390.2631301954 30.0
507829.95039673545 3881390.4406527714 30.0
507829.95039673545 3881390.4406527714 30.0
507830.0505383342 3881390.6070855833 30.0
507830.0505383342 3881390.6070855833 30.0
507830.1415631193 3881390.7735105436 30.0
507830.24169515783 3881390.951033122 30.0
507830.1415631193 3881390.7735105436 30.0
507830.24169515783 3881390.951033122 30.0
507830.34182719485 3881391.1285557 30.0
507830.34182719485 3881391.1285557 30.0
507830.44195922324 3881391.3060782794 30.0
507830.53297444317 3881391.4835930057 30.0
507830.44195922324 3881391.3060782794 30.0
507830.63310646627 3881391.6611155868 30.0
507830.53297444317 3881391.4835930057 30.0
507830.63310646627 3881391.6611155868 30.0
507830.7241216766 3881391.8386303163 30.0
507830.7241216766 3881391.8386303163 30.0
507830.81513688795 3881392.016145045 30.0
507830.81513688795 3881392.016145045 30.0
507830.9061520935 3881392.1936597764 30.0
507830.9971672954 3881392.371174508 30.0
507830.9971672954 3881392.371174508 30.0
507830.9971672954 3881392.371174508 30.0
507831.0881824915 3881392.548689241 30.0
507831.1791881322 3881392.737293738 30.0
507831.1791881322 3881392.737293738 30.0
507831.26108651794 3881392.914800618 30.0
507831.1791881322 3881392.737293738 30.0
507831.35209215136 3881393.1034051147 30.0
507831.35209215136 3881393.1034051147 30.0
507831.4431073354 3881393.280919851 30.0
507831.4431073354 3881393.280919851 30.0
507831.4431073354 3881393.280919851 30.0
507831.53412251367 3881393.4584345873 30.0
507831.53412251367 3881393.4584345873 30.0
507831.63424494065 3881393.6470469437 30.0
507831.73437692056 3881393.824569539 30.0
507831.73437692056 3881393.824569539 30.0
507831.73437692056 3881393.824569539 30.0
507831.83449933707 3881394.0131818955 30.0
507831.93462175166 3881394.2017942537 30.0
507831.93462175166 3881394.2017942537 30.0
507832.0256369133 3881394.3793089967 30.0
507832.0256369133 3881394.3793089967 30.0
507832.0256369133 3881394.3793089967 30.0
507832.11664251384 3881394.567913502 30.0
507832.2167649188 3881394.7565258644 30.0
507832.2167649188 3881394.7565258644 30.0
507832.2167649188 3881394.7565258644 30.0
507832.3077705139 3881394.945130372 30.0
507832.3077705139 3881394.945130372 30.0
507832.40789290605 3881395.1337427353 30.0
507832.40789290605 3881395.1337427353 30.0
507832.50801529636 3881395.3223551004 30.0
507832.50801529636 3881395.3223551004 30.0
507832.6172544877 3881395.5109753236 30.0
507832.6172544877 3881395.5109753236 30.0
507832.7173768672 3881395.6995876925 30.0
507832.81749924715 3881395.8882000605 30.0
507832.81749924715 3881395.8882000605 30.0
507832.91762161825 3881396.0768124308 30.0
507832.91762161825 3881396.0768124308 30.0
507832.91762161825 3881396.0768124308 30.0
507833.0177439876 3881396.265424802 30.0
507833.0177439876 3881396.265424802 30.0
507833.11785679625 3881396.465126937 30.0
507833.11785679625 3881396.465126937 30.0
507833.2179791571 3881396.6537393103 30.0
507833.2179791571 3881396.6537393103 30.0
507833.3181015138 3881396.8423516843 30.0
507833.41823342314 3881397.0198742985 30.0
507833.3181015138 3881396.8423516843 30.0
507833.41823342314 3881397.0198742985 30.0
507833.52747257275 3881397.2084945324 30.0
507833.52747257275 3881397.2084945324 30.0
507833.6275853598 3881397.408196672 30.0
507833.6275853598 3881397.408196672 30.0
507833.71860045375 3881397.585711432 30.0
507833.81872278976 3881397.774323814 30.0
507833.81872278976 3881397.774323814 30.0
507833.9188451239 3881397.962936194 30.0
507833.9188451239 3881397.962936194 30.0
507833.9188451239 3881397.962936194 30.0
507834.0189674492 3881398.151548579 30.0
507834.0189674492 3881398.151548579 30.0
507834.1190897727 3881398.340160962 30.0
507834.2192120943 3881398.5287733474 30.0
507834.2192120943 3881398.5287733474 30.0
507834.2192120943 3881398.5287733474 30.0
507834.41033991874 3881398.905990264 30.0
507834.41033991874 3881398.905990264 30.0
507834.51046222576 3881399.094602652 30.0
507834.6014677272 3881399.2832071846 30.0
507834.6014677272 3881399.2832071846 30.0
507834.6014677272 3881399.2832071846 30.0
507834.69247322954 3881399.471811717 30.0
507834.69247322954 3881399.471811717 30.0
507834.7834882843 3881399.649326488 30.0
507834.86537697836 3881399.8379231654 30.0
507834.86537697836 3881399.8379231654 30.0
507834.86537697836 3881399.8379231654 30.0
507834.95639202604 3881400.015437939 30.0
507834.95639202604 3881400.015437939 30.0
507835.0474070678 3881400.1929527144 30.0
507835.0474070678 3881400.1929527144 30.0
507835.1293148693 3881400.3593698693 30.0
507835.22032990656 3881400.536884646 30.0
507835.22032990656 3881400.536884646 30.0
507835.3204712971 3881400.70331752 30.0
507835.22032990656 3881400.536884646 30.0
507835.42061268154 3881400.869750395 30.0
507835.42061268154 3881400.869750395 30.0
507835.520754067 3881401.036183271 30.0
507835.520754067 3881401.036183271 30.0
507835.520754067 3881401.036183271 30.0
507835.6117786493 3881401.202608289 30.0
507835.6117786493 3881401.202608289 30.0
507835.702803226 3881401.3690333096 30.0
507835.702803226 3881401.3690333096 30.0
507835.79382780165 3881401.535458329 30.0
507835.79382780165 3881401.535458329 30.0
507835.8848428141 3881401.7129731136 30.0
507835.8848428141 3881401.7129731136 30.0
507835.97586738295 3881401.8793981355 30.0
507835.97586738295 3881401.8793981355 30.0
507836.0668919462 3881402.0458231596 30.0
507836.1579165083 3881402.212248182 30.0
507836.1579165083 3881402.212248182 30.0
507836.1579165083 3881402.212248182 30.0
507836.2580578631 3881402.378681068 30.0
507836.34908242075 3881402.545106094 30.0
507836.34908242075 3881402.545106094 30.0
507836.44010697043 3881402.7115311213 30.0
507836.44010697043 3881402.7115311213 30.0
507836.53114107973 3881402.8668663884 30.0
507836.53114107973 3881402.8668663884 30.0
507836.53114107973 3881402.8668663884 30.0
507836.631301542 3881403.011119754 30.0
507836.631301542 3881403.011119754 30.0
507836.8133601816 3881403.3328800523 30.0
507836.8133601816 3881403.3328800523 30.0
507836.89525836124 3881403.5103869857 30.0
507836.89525836124 3881403.5103869857 30.0
507836.98628289346 3881403.6768120187 30.0
507836.98628289346 3881403.6768120187 30.0
507837.0864242146 3881403.8432449135 30.0
507837.17745830375 3881403.9985801857 30.0
507837.17745830375 3881403.9985801857 30.0
507837.17745830375 3881403.9985801857 30.0
507837.35948822147 3881404.353609783 30.0
507837.35948822147 3881404.353609783 30.0
507837.4687367602 3881404.5311403037 30.0
507837.4687367602 3881404.5311403037 30.0
507837.57798529934 3881404.7086708266 30.0
507837.6872242675 3881404.8972911136 30.0
507837.57798529934 3881404.7086708266 30.0
507837.8055991534 3881405.0637397384 30.0
507837.6872242675 3881404.8972911136 30.0
507837.8055991534 3881405.0637397384 30.0
507837.9239644703 3881405.241278126 30.0
507837.9239644703 3881405.241278126 30.0
507838.0514370129 3881405.4299141387 30.0
507838.0514370129 3881405.4299141387 30.0
507838.1698023202 3881405.6074525304 30.0
507838.1698023202 3881405.6074525304 30.0
507838.3063820822 3881405.8071861705 30.0
507838.3063820822 3881405.8071861705 30.0
507838.43386417197 3881405.9847324267 30.0
507838.43386417197 3881405.9847324267 30.0
507838.5522199014 3881406.1733605857 30.0
507838.67057562823 3881406.361988746 30.0
507838.67057562823 3881406.361988746 30.0
507838.67057562823 3881406.361988746 30.0
507838.79805770307 3881406.5395350065 30.0
507838.79805770307 3881406.5395350065 30.0
507838.90730618965 3881406.7170655476 30.0
507838.90730618965 3881406.7170655476 30.0
507839.0256618997 3881406.9056937126 30.0
507839.1349103751 3881407.0832242537 30.0
507839.1349103751 3881407.0832242537 30.0
507839.1349103751 3881407.0832242537 30.0
507839.23502293194 3881407.2829264607 30.0
507839.23502293194 3881407.2829264607 30.0
507839.335135482 3881407.482628666 30.0
507839.335135482 3881407.482628666 30.0
507839.43524802534 3881407.6823308743 30.0
507839.43524802534 3881407.6823308743 30.0
507839.55360371416 3881407.8709590454 30.0
507839.55360371416 3881407.8709590454 30.0
507839.6628234765 3881408.0817588815 30.0
507839.6628234765 3881408.0817588815 30.0
507839.79027681606 3881408.2925744443 30.0
507839.79027681606 3881408.2925744443 30.0
507839.89949656546 3881408.5033742823 30.0
507840.0269403264 3881408.7252796115 30.0
507839.89949656546 3881408.5033742823 30.0
507840.0269403264 3881408.7252796115 30.0
507840.145267294 3881408.9471770776 30.0
507840.145267294 3881408.9471770776 30.0
507840.27270147746 3881409.180172173 30.0
507840.27270147746 3881409.180172173 30.0
507840.39102842845 3881409.4020696427 30.0
507840.39102842845 3881409.4020696427 30.0
507840.518472167 3881409.6239749775 30.0
507840.6367991086 3881409.8458724525 30.0
507840.6367991086 3881409.8458724525 30.0
507840.6367991086 3881409.8458724525 30.0
507840.7551356102 3881410.056680165 30.0
507840.7551356102 3881410.056680165 30.0
507840.8643457523 3881410.2785697784 30.0
507840.8643457523 3881410.2785697784 30.0
507840.9735654551 3881410.48936963 30.0
507841.0827851529 3881410.700169483 30.0
507840.9735654551 3881410.48936963 30.0
507841.1920144119 3881410.8998795766 30.0
507841.1920144119 3881410.8998795766 30.0
507841.2921268789 3881411.099581805 30.0
507841.2921268789 3881411.099581805 30.0
507841.2921268789 3881411.099581805 30.0
507841.40135612624 3881411.2992919004 30.0
507841.49235179974 3881411.498986268 30.0
507841.40135612624 3881411.2992919004 30.0
507841.5924738204 3881411.687598738 30.0
507841.49235179974 3881411.498986268 30.0
507841.5924738204 3881411.687598738 30.0
507841.6834790504 3881411.876203345 30.0
507841.6834790504 3881411.876203345 30.0
507841.77449384145 3881412.05371819 30.0
507841.8655086312 3881412.2312330375 30.0
507841.8655086312 3881412.2312330375 30.0
507841.8655086312 3881412.2312330375 30.0
507841.965659338 3881412.386576226 30.0
507842.0566836904 3881412.5530013125 30.0
507841.965659338 3881412.386576226 30.0
507842.0566836904 3881412.5530013125 30.0
507842.1659511736 3881412.708352368 30.0
507842.1659511736 3881412.708352368 30.0
507842.2660923022 3881412.8747853213 30.0
507842.2660923022 3881412.8747853213 30.0
507842.366242995 3881413.0301285144 30.0
507842.4663936843 3881413.185471709 30.0
507842.4663936843 3881413.185471709 30.0
507842.4663936843 3881413.185471709 30.0
507842.5574275853 3881413.340807037 30.0
507842.5574275853 3881413.340807037 30.0
507842.65758783376 3881413.48506047 30.0
507842.65758783376 3881413.48506047 30.0
507842.75775765197 3881413.6182241435 30.0
507842.75775765197 3881413.6182241435 30.0
507842.84880111204 3881413.762469713 30.0
507842.93985413533 3881413.8956255214 30.0
507842.84880111204 3881413.762469713 30.0
507843.0309071583 3881414.0287813316 30.0
507843.0309071583 3881414.0287813316 30.0
507843.12196017854 3881414.161937142 30.0
507843.12196017854 3881414.161937142 30.0
507843.12196017854 3881414.161937142 30.0
507843.20389641216 3881414.295085087 30.0
507843.20389641216 3881414.295085087 30.0
507843.2949398583 3881414.439330663 30.0
507843.2949398583 3881414.439330663 30.0
507843.3951000829 3881414.583584106 30.0
507843.3951000829 3881414.583584106 30.0
507843.5043675234 3881414.738935178 30.0
507843.5043675234 3881414.738935178 30.0
507843.60451817204 3881414.894278384 30.0
507843.722892819 3881415.060727088 30.0
507843.60451817204 3881414.894278384 30.0
507843.722892819 3881415.060727088 30.0
507843.84126745694 3881415.227175795 30.0
507843.977875661 3881415.3936402365 30.0
507843.977875661 3881415.3936402365 30.0
507843.977875661 3881415.3936402365 30.0
507844.1144838577 3881415.56010468 30.0
507844.2510824816 3881415.7376588895 30.0
507844.1144838577 3881415.56010468 30.0
507844.38767152757 3881415.926302861 30.0
507844.38767152757 3881415.926302861 30.0
507844.52426056785 3881416.114946836 30.0
507844.52426056785 3881416.114946836 30.0
507844.66084003187 3881416.314680576 30.0
507844.52426056785 3881416.114946836 30.0
507844.78830270807 3881416.5144064496 30.0
507844.78830270807 3881416.5144064496 30.0
507844.9157749496 3881416.7030425635 30.0
507844.78830270807 3881416.5144064496 30.0
507844.9157749496 3881416.7030425635 30.0
507845.03413040674 3881416.8916708087 30.0
507845.1524762854 3881417.091388819 30.0
507845.03413040674 3881416.8916708087 30.0
507845.2617149492 3881417.2800092013 30.0
507845.2617149492 3881417.2800092013 30.0
507845.2617149492 3881417.2800092013 30.0
507845.3618368254 3881417.4686217145 30.0
507845.4710754826 3881417.6572420998 30.0
507845.4710754826 3881417.6572420998 30.0
507845.57120692194 3881417.834764853 30.0
507845.4710754826 3881417.6572420998 30.0
507845.67133835965 3881418.0122876083 30.0
507845.67133835965 3881418.0122876083 30.0
507845.67133835965 3881418.0122876083 30.0
507845.7714697958 3881418.189810365 30.0
507845.7714697958 3881418.189810365 30.0
507845.8716107955 3881418.3562433594 30.0
507845.98086857586 3881418.522684226 30.0
507845.8716107955 3881418.3562433594 30.0
507846.0901263476 3881418.6891250913 30.0
507846.0901263476 3881418.6891250913 30.0
507846.0901263476 3881418.6891250913 30.0
507846.1902673383 3881418.8555580913 30.0
507846.30866102903 3881418.999827306 30.0
507846.1902673383 3881418.8555580913 30.0
507846.408811585 3881419.155170544 30.0
507846.408811585 3881419.155170544 30.0
507846.5180884917 3881419.2994318916 30.0
507846.5180884917 3881419.2994318916 30.0
507846.61823903845 3881419.4547751336 30.0
507846.61823903845 3881419.4547751336 30.0
507846.61823903845 3881419.4547751336 30.0
507846.7275159382 3881419.599036484 30.0
507846.8185592728 3881419.7432820946 30.0
507846.8185592728 3881419.7432820946 30.0
507847.0097435692 3881420.0539607154 30.0
507847.0097435692 3881420.0539607154 30.0
507847.0097435692 3881420.0539607154 30.0
507847.100786897 3881420.1982063293 30.0
507847.100786897 3881420.1982063293 30.0
507847.2009374262 3881420.3535495778 30.0
507847.2009374262 3881420.3535495778 30.0
507847.2919711741 3881420.508884956 30.0
507847.382995345 3881420.675310098 30.0
507847.382995345 3881420.675310098 30.0
507847.382995345 3881420.675310098 30.0
507847.4831458617 3881420.8306533485 30.0
507847.58328680316 3881420.9970863643 30.0
507847.4831458617 3881420.8306533485 30.0
507847.6834181689 3881421.174609143 30.0
507847.6834181689 3881421.174609143 30.0
507847.6834181689 3881421.174609143 30.0
507847.7835591006 3881421.3410421596 30.0
507847.89281680767 3881421.507483048 30.0
507847.89281680767 3881421.507483048 30.0
507847.89281680767 3881421.507483048 30.0
507848.0111817126 3881421.6850215737 30.0
507848.0111817126 3881421.6850215737 30.0
507848.12954661524 3881421.862560098 30.0
507848.2570378622 3881422.029016737 30.0
507848.2570378622 3881422.029016737 30.0
507848.2570378622 3881422.029016737 30.0
507848.38450995414 3881422.2176529006 30.0
507848.38450995414 3881422.2176529006 30.0
507848.51197246544 3881422.4173788275 30.0
507848.51197246544 3881422.4173788275 30.0
507848.6485517468 3881422.617112629 30.0
507848.776014249 3881422.816838561 30.0
507848.776014249 3881422.816838561 30.0
507848.776014249 3881422.816838561 30.0
507848.9125839427 3881423.027662129 30.0
507849.04915363004 3881423.2384856986 30.0
507848.9125839427 3881423.027662129 30.0
507849.04915363004 3881423.2384856986 30.0
507849.17660653626 3881423.449301399 30.0
507849.2949522405 3881423.649019466 30.0
507849.17660653626 3881423.449301399 30.0
507849.2949522405 3881423.649019466 30.0
507849.4132883584 3881423.8598272954 30.0
507849.5316340498 3881424.059545366 30.0
507849.5316340498 3881424.059545366 30.0
507849.5316340498 3881424.059545366 30.0
507849.64997016155 3881424.2703531994 30.0
507849.7591990662 3881424.470063399 30.0
507849.7591990662 3881424.470063399 30.0
507849.9685400923 3881424.8694759323 30.0
507849.9685400923 3881424.8694759323 30.0
507849.9685400923 3881424.8694759323 30.0
507850.06866178906 3881425.0580884996 30.0
507850.16877390665 3881425.2577908323 30.0
507850.16877390665 3881425.2577908323 30.0
507850.16877390665 3881425.2577908323 30.0
507850.2689051701 3881425.435313639 30.0
507850.2689051701 3881425.435313639 30.0
507850.378143627 3881425.623934085 30.0
507850.378143627 3881425.623934085 30.0
507850.49650842964 3881425.8014726434 30.0
507850.49650842964 3881425.8014726434 30.0
507850.60575645766 3881425.9790033284 30.0
507850.60575645766 3881425.9790033284 30.0
507850.7150236328 3881426.1343544913 30.0
507850.7150236328 3881426.1343544913 30.0
507850.8242812307 3881426.3007954173 30.0
507850.93353881995 3881426.4672363447 30.0
507850.93353881995 3881426.4672363447 30.0
507850.93353881995 3881426.4672363447 30.0
507851.1338204504 3881426.800102456 30.0
507851.1338204504 3881426.800102456 30.0
507851.23398041393 3881426.9443559865 30.0
507851.4160476363 3881427.2550268294 30.0
507851.23398041393 3881426.9443559865 30.0
507851.5070908195 3881427.39927249 30.0
507851.5070908195 3881427.39927249 30.0
507851.5070908195 3881427.39927249 30.0
507851.5890268105 3881427.5324205123 30.0
507851.5890268105 3881427.5324205123 30.0
507851.6709532198 3881427.6766582993 30.0
507851.6709532198 3881427.6766582993 30.0
507851.76199639705 3881427.8209039634 30.0
507851.76199639705 3881427.8209039634 30.0
507851.8439228011 3881427.9651417523 30.0
507851.8439228011 3881427.9651417523 30.0
507851.91674201185 3881428.098281903 30.0
507851.91674201185 3881428.098281903 30.0
507852.08060438704 3881428.3756677215 30.0
507852.08060438704 3881428.3756677215 30.0
507852.1534331685 3881428.4977181125 30.0
507852.1534331685 3881428.4977181125 30.0
507852.2353787176 3881428.6197763802 30.0
507852.2353787176 3881428.6197763802 30.0
507852.30820749735 3881428.741826772 30.0
507852.3810362728 3881428.863877165 30.0
507852.3810362728 3881428.863877165 30.0
507852.46299139806 3881428.9748456725 30.0
507852.46299139806 3881428.9748456725 30.0
507852.46299139806 3881428.9748456725 30.0
507852.5358201719 3881429.0968960673 30.0
507852.61775613244 3881429.2300441 30.0
507852.5358201719 3881429.0968960673 30.0
507852.69969209057 3881429.3631921345 30.0
507852.69969209057 3881429.3631921345 30.0
507852.7816280463 3881429.496340169 30.0
507852.69969209057 3881429.3631921345 30.0
507852.87266160693 3881429.6516756057 30.0
507852.87266160693 3881429.6516756057 30.0
507852.9728215113 3881429.795929157 30.0
507852.9728215113 3881429.795929157 30.0
507853.0729622531 3881429.9623622354 30.0
507853.0729622531 3881429.9623622354 30.0
507853.17310299346 3881430.128795315 30.0
507853.17310299346 3881430.128795315 30.0
507853.28236049355 3881430.295236272 30.0
507853.28236049355 3881430.295236272 30.0
507853.3915988316 3881430.483856754 30.0
507853.3915988316 3881430.483856754 30.0
507853.3915988316 3881430.483856754 30.0
507853.5099635095 3881430.661395353 30.0
507853.5099635095 3881430.661395353 30.0
507853.6374162077 3881430.8722111187 30.0
507853.6374162077 3881430.8722111187 30.0
507853.7739760854 3881431.0941245244 30.0
507853.7739760854 3881431.0941245244 30.0
507853.91054553835 3881431.304948171 30.0
507854.0562221742 3881431.5268694595 30.0
507854.0562221742 3881431.5268694595 30.0
507854.201889216 3881431.759880512 30.0
507854.201889216 3881431.759880512 30.0
507854.34756583517 3881431.981801806 30.0
507854.34756583517 3881431.981801806 30.0
507854.6297831159 3881432.447816047 30.0
507854.6297831159 3881432.447816047 30.0
507854.784557313 3881432.6919247503 30.0
507854.784557313 3881432.6919247503 30.0
507854.784557313 3881432.6919247503 30.0
507854.9302243174 3881432.924935815 30.0
507854.9302243174 3881432.924935815 30.0
507855.05765778414 3881433.157931126 30.0
507855.05765778414 3881433.157931126 30.0
507855.1942080091 3881433.390934318 30.0
507855.1942080091 3881433.390934318 30.0
507855.3125342815 3881433.6128319916 30.0
507855.3125342815 3881433.6128319916 30.0
507855.4308605481 3881433.8347296673 30.0
507855.54007962864 3881434.045529702 30.0
507855.54007962864 3881434.045529702 30.0
507855.54007962864 3881434.045529702 30.0
507855.64928912005 3881434.267419502 30.0
507855.7493914265 3881434.4782116604 30.0
507855.7493914265 3881434.4782116604 30.0
507855.7493914265 3881434.4782116604 30.0
507855.8495033126 3881434.6779140583 30.0
507855.8495033126 3881434.6779140583 30.0
507855.94961519435 3881434.8776164576 30.0
507855.94961519435 3881434.8776164576 30.0
507856.0497366562 3881435.066229095 30.0
507856.0497366562 3881435.066229095 30.0
507856.1498485292 3881435.265931497 30.0
507856.1498485292 3881435.265931497 30.0
507856.2499699826 3881435.454544136 30.0
507856.2499699826 3881435.454544136 30.0
507856.3409842519 3881435.632059134 30.0
507856.3409842519 3881435.632059134 30.0
507856.44113445474 3881435.7874024883 30.0
507856.44113445474 3881435.7874024883 30.0
507856.53215830436 3881435.9538277267 30.0
507856.53215830436 3881435.9538277267 30.0
507856.6231917336 3881436.109163203 30.0
507856.6231917336 3881436.109163203 30.0
507856.7051084001 3881436.2644908004 30.0
507856.7051084001 3881436.2644908004 30.0
507856.79614182556 3881436.4198262775 30.0
507856.79614182556 3881436.4198262775 30.0
507856.88717524795 3881436.5751617574 30.0
507856.88717524795 3881436.5751617574 30.0
507856.9599751418 3881436.730481476 30.0
507856.9599751418 3881436.730481476 30.0
507857.0419013827 3881436.8747193143 30.0
507857.11472044553 3881437.0078595094 30.0
507857.11472044553 3881437.0078595094 30.0
507857.11472044553 3881437.0078595094 30.0
507857.19665626745 3881437.1410075864 30.0
507857.19665626745 3881437.1410075864 30.0
507857.2694753259 3881437.274147783 30.0
507857.3331776191 3881437.4072800986 30.0
507857.3331776191 3881437.4072800986 30.0
507857.3331776191 3881437.4072800986 30.0
507857.40600625967 3881437.529330534 30.0
507857.4697181353 3881437.651373089 30.0
507857.4697181353 3881437.651373089 30.0
507857.4697181353 3881437.651373089 30.0
507857.5425467721 3881437.773423525 30.0
507857.6062682307 3881437.884376319 30.0
507857.5425467721 3881437.773423525 30.0
507857.6699801035 3881438.006418875 30.0
507857.6699801035 3881438.006418875 30.0
507857.6699801035 3881438.006418875 30.0
507857.72460397205 3881438.095184264 30.0
507857.72460397205 3881438.095184264 30.0
507857.7792182551 3881438.195039413 30.0
507857.84294929693 3881438.2949024453 30.0
507857.84294929693 3881438.2949024453 30.0
507857.9157779212 3881438.4169528857 30.0
507857.9157779212 3881438.4169528857 30.0
507857.98861613276 3881438.5279135625 30.0
507857.9157779212 3881438.4169528857 30.0
507858.0614351685 3881438.661053766 30.0
507858.0614351685 3881438.661053766 30.0
507858.14337096154 3881438.7942018514 30.0
507858.14337096154 3881438.7942018514 30.0
507858.22528757766 3881438.9495294625 30.0
507858.22528757766 3881438.9495294625 30.0
507858.22528757766 3881438.9495294625 30.0
507858.325437707 3881439.104872838 30.0
507858.325437707 3881439.104872838 30.0
507858.4346950067 3881439.27131386 30.0
507858.5439427148 3881439.448844644 30.0
507858.4346950067 3881439.27131386 30.0
507858.5439427148 3881439.448844644 30.0
507858.67141434806 3881439.6374809584 30.0
507858.79888597835 3881439.826117274 30.0
507858.79888597835 3881439.826117274 30.0
507858.93544559495 3881440.048030761 30.0
507858.93544559495 3881440.048030761 30.0
507859.08114113944 3881440.2477726075 30.0
507859.08114113944 3881440.2477726075 30.0
507859.08114113944 3881440.2477726075 30.0
507859.3178700201 3881440.6028499603 30.0
507859.5546084665 3881440.9468375584 30.0
507859.5546084665 3881440.9468375584 30.0
507859.5546084665 3881440.9468375584 30.0
507859.67296330293 3881441.135466004 30.0
507859.67296330293 3881441.135466004 30.0
507859.7913181298 3881441.32409445 30.0
507859.7913181298 3881441.32409445 30.0
507859.9096825457 3881441.501633135 30.0
507859.9096825457 3881441.501633135 30.0
507860.0280373652 3881441.690261585 30.0
507860.0280373652 3881441.690261585 30.0
507860.27387333766 3881442.056436611 30.0
507860.27387333766 3881442.056436611 30.0
507860.40135448595 3881442.233983186 30.0
507860.5288356315 3881442.411529763 30.0
507860.40135448595 3881442.233983186 30.0
507860.5288356315 3881442.411529763 30.0
507860.66542393755 3881442.6001739902 30.0
507860.66542393755 3881442.6001739902 30.0
507860.7928954825 3881442.788810334 30.0
507860.7928954825 3881442.788810334 30.0
507860.92037661496 3881442.9663569178 30.0
507861.28423160187 3881443.9093021327 30.0
507861.28423160187 3881443.9093021327 30.0
507861.28423160187 3881443.9093021327 30.0
507861.4206951847 3881444.2421132876 30.0
507861.5389923892 3881444.497280335 30.0
507861.5389923892 3881444.497280335 30.0
507861.5389923892 3881444.497280335 30.0
507861.66642552114 3881444.7302757427 30.0
507861.66642552114 3881444.7302757427 30.0
507861.7847514895 3881444.9521735054 30.0
507861.7847514895 3881444.9521735054 30.0
507861.89395110495 3881445.1851531467 30.0
507861.89395110495 3881445.1851531467 30.0
507862.00316989847 3881445.395953262 30.0
507862.00316989847 3881445.395953262 30.0
507862.112388687 3881445.6067533824 30.0
507862.112388687 3881445.6067533824 30.0
507862.21249071794 3881445.8175456175 30.0
507862.21249071794 3881445.8175456175 30.0
507862.30348558427 3881446.017240204 30.0
507862.30348558427 3881446.017240204 30.0
507862.3944900389 3881446.205845029 30.0
507862.3944900389 3881446.205845029 30.0
507862.4854944875 3881446.3944498543 30.0
507862.4854944875 3881446.3944498543 30.0
507862.58562528115 3881446.5719728055 30.0
507862.58562528115 3881446.5719728055 30.0
507862.67663931707 3881446.7494878713 30.0
507862.67663931707 3881446.7494878713 30.0
507862.76765334944 3881446.9270029385 30.0
507862.76765334944 3881446.9270029385 30.0
507862.858657783 3881447.1156077683 30.0
507862.858657783 3881447.1156077683 30.0
507862.94968140114 3881447.2820330737 30.0
507863.03158826515 3881447.4484504927 30.0
507863.03158826515 3881447.4484504927 30.0
507863.03158826515 3881447.4484504927 30.0
507863.12261187675 3881447.6148758004 30.0
507863.12261187675 3881447.6148758004 30.0
507863.204528328 3881447.770203459 30.0
507863.204528328 3881447.770203459 30.0
507863.29555193085 3881447.936628768 30.0
507863.3774587826 3881448.1030461914 30.0
507863.3774587826 3881448.1030461914 30.0
507863.3774587826 3881448.1030461914 30.0
507863.459375225 3881448.258373853 30.0
507863.54129166226 3881448.4137015156 30.0
507863.54129166226 3881448.4137015156 30.0
507863.6141009432 3881448.557931528 30.0
507863.6141009432 3881448.557931528 30.0
507863.6960269714 3881448.702169428 30.0
507863.6141009432 3881448.557931528 30.0
507863.6960269714 3881448.702169428 30.0
507863.85986942577 3881449.0017349944 30.0
507863.9326882865 3881449.1348752477 30.0
507863.9326882865 3881449.1348752477 30.0
507864.00549755775 3881449.2791052638 30.0
507863.9326882865 3881449.1348752477 30.0
507864.0783164188 3881449.412245518 30.0
507864.0783164188 3881449.412245518 30.0
507864.0783164188 3881449.412245518 30.0
507864.23306128377 3881449.6896236786 30.0
507864.23306128377 3881449.6896236786 30.0
507864.3058801381 3881449.8227639333 30.0
507864.3058801381 3881449.8227639333 30.0
507864.37871817994 3881449.9337246637 30.0
507864.37871817994 3881449.9337246637 30.0
507864.45153702796 3881450.0668649203 30.0
507864.52436547104 3881450.188915416 30.0
507864.52436547104 3881450.188915416 30.0
507864.52436547104 3881450.188915416 30.0
507864.5971939122 3881450.310965911 30.0
507864.67002234905 3881450.433016409 30.0
507864.67002234905 3881450.433016409 30.0
507864.74284119107 3881450.566156667 30.0
507864.74284119107 3881450.566156667 30.0
507864.81566003326 3881450.6992969275 30.0
507864.81566003326 3881450.6992969275 30.0
507864.81566003326 3881450.6992969275 30.0
507864.88846927095 3881450.843526951 30.0
507864.9704048537 3881450.976675101 30.0
507864.88846927095 3881450.843526951 30.0
507864.9704048537 3881450.976675101 30.0
507865.0523212428 3881451.132002776 30.0
507865.0523212428 3881451.132002776 30.0
507865.2252803553 3881451.431576258 30.0
507865.2252803553 3881451.431576258 30.0
507865.3345373799 3881451.5980173647 30.0
507865.3345373799 3881451.5980173647 30.0
507865.434668058 3881451.775540348 30.0
507865.434668058 3881451.775540348 30.0
507865.5347987322 3881451.9530633325 30.0
507865.63492940244 3881452.1305863173 30.0
507865.5347987322 3881451.9530633325 30.0
507865.7350504724 3881452.319199068 30.0
507865.7350504724 3881452.319199068 30.0
507865.84428828146 3881452.507819708 30.0
507865.84428828146 3881452.507819708 30.0
507865.84428828146 3881452.507819708 30.0
507865.9535260907 3881452.6964403484 30.0
507865.9535260907 3881452.6964403484 30.0
507866.18112803303 3881453.0625997633 30.0
507866.40872995695 3881453.428759182 30.0
507866.40872995695 3881453.428759182 30.0
507866.40872995695 3881453.428759182 30.0
507866.627195923 3881453.817090243 30.0
507866.627195923 3881453.817090243 30.0
507866.7364241002 3881454.0168006574 30.0
507866.8456426748 3881454.227600836 30.0
507866.8456426748 3881454.227600836 30.0
507866.8456426748 3881454.227600836 30.0
507866.9548708422 3881454.427311253 30.0
507866.9548708422 3881454.427311253 30.0
507867.0641086029 3881454.615931909 30.0
507867.0641086029 3881454.615931909 30.0
507867.17333676084 3881454.8156423275 30.0
507867.17333676084 3881454.8156423275 30.0
507867.2825649139 3881455.0153527493 30.0
507867.501040403 3881455.392594069 30.0
507867.501040403 3881455.392594069 30.0
507867.501040403 3881455.392594069 30.0
507867.7286230197 3881455.7809330495 30.0
507867.8469774879 3881455.9695616057 30.0
507867.7286230197 3881455.7809330495 30.0
507867.8469774879 3881455.9695616057 30.0
507867.9562152138 3881456.1581822727 30.0
507867.9562152138 3881456.1581822727 30.0
507868.07456007536 3881456.3579005953 30.0
507868.2930258995 3881456.7462316984 30.0
507868.2930258995 3881456.7462316984 30.0
507868.2930258995 3881456.7462316984 30.0
507868.5114821051 3881457.14565257 30.0
507868.72995749174 3881457.5228939205 30.0
507868.72995749174 3881457.5228939205 30.0
507868.93930651713 3881457.9112171493 30.0
507868.72995749174 3881457.5228939205 30.0
507869.16688900907 3881458.299556166 30.0
507869.16688900907 3881458.299556166 30.0
507869.16688900907 3881458.299556166 30.0
507869.39447147923 3881458.6878951886 30.0
507869.39447147923 3881458.6878951886 30.0
507869.6220635311 3881459.0651444565 30.0
507869.84964596253 3881459.453483492 30.0
507869.84964596253 3881459.453483492 30.0
507870.07723797625 3881459.8307327703 30.0
507870.07723797625 3881459.8307327703 30.0
507870.07723797625 3881459.8307327703 30.0
507870.29570363095 3881460.219063925 30.0
507870.5050525294 3881460.6073871884 30.0
507870.5050525294 3881460.6073871884 30.0
507870.73263488663 3881460.995726247 30.0
507870.5050525294 3881460.6073871884 30.0
507870.73263488663 3881460.995726247 30.0
507870.9602172221 3881461.3840653114 30.0
507871.0694452104 3881461.583775779 30.0
507871.0694452104 3881461.583775779 30.0
507871.1786828016 3881461.7723964876 30.0
507871.1786828016 3881461.7723964876 30.0
507871.1786828016 3881461.7723964876 30.0
507871.2879107804 3881461.9721069597 30.0
507871.2879107804 3881461.9721069597 30.0
507871.3971483624 3881462.1607276686 30.0
507871.50637633173 3881462.3604381434 30.0
507871.50637633173 3881462.3604381434 30.0
507871.50637633173 3881462.3604381434 30.0
507871.7248418643 3881462.7487693327 30.0
507871.7248418643 3881462.7487693327 30.0
507871.94331698224 3881463.126010765 30.0
507872.17090881907 3881463.5032600984 30.0
507871.94331698224 3881463.126010765 30.0
507872.17090881907 3881463.5032600984 30.0
507872.38937429566 3881463.8915913054 30.0
507872.4894950952 3881464.080204132 30.0
507872.38937429566 3881463.8915913054 30.0
507872.69884381053 3881464.4685274507 30.0
507872.69884381053 3881464.4685274507 30.0
507872.8080813285 3881464.657148179 30.0
507872.69884381053 3881464.4685274507 30.0
507872.91731884656 3881464.8457689085 30.0
507872.8080813285 3881464.657148179 30.0
507872.91731884656 3881464.8457689085 30.0
507873.0265563554 3881465.034389638 30.0
507873.0265563554 3881465.034389638 30.0
507873.1357938644 3881465.2230103696 30.0
507873.1357938644 3881465.2230103696 30.0
507873.2541480969 3881465.4116390003 30.0
507873.2541480969 3881465.4116390003 30.0
507873.49085655424 3881465.788896264 30.0
507873.6183371127 3881465.966443032 30.0
507873.49085655424 3881465.788896264 30.0
507873.6183371127 3881465.966443032 30.0
507873.7366913255 3881466.155071669 30.0
507873.8641622699 3881466.343708204 30.0
507873.7366913255 3881466.155071669 30.0
507873.982516475 3881466.5323368437 30.0
507873.982516475 3881466.5323368437 30.0
507874.10087067756 3881466.720965485 30.0
507873.982516475 3881466.5323368437 30.0
507874.10087067756 3881466.720965485 30.0
507874.2283319973 3881466.9206917887 30.0
507874.2283319973 3881466.9206917887 30.0
507874.3557933114 3881467.1204180946 30.0
507874.3557933114 3881467.1204180946 30.0
507874.4832354056 3881467.3423239277 30.0
507874.4832354056 3881467.3423239277 30.0
507874.60157037014 3881467.5531321024 30.0
507874.60157037014 3881467.5531321024 30.0
507874.7381387901 3881467.763956075 30.0
507874.7381387901 3881467.763956075 30.0
507874.86557125824 3881467.996951677 30.0
507874.86557125824 3881467.996951677 30.0
507874.99301332765 3881468.2188575193 30.0
507874.99301332765 3881468.2188575193 30.0
507875.12044578517 3881468.4518531235 30.0
507875.12044578517 3881468.4518531235 30.0
507875.2478878419 3881468.6737589696 30.0
507875.2478878419 3881468.6737589696 30.0
507875.3753298924 3881468.8956648163 30.0
507875.3753298924 3881468.8956648163 30.0
507875.49365520995 3881469.117562767 30.0
507875.49365520995 3881469.117562767 30.0
507875.62109724816 3881469.3394686165 30.0
507875.62109724816 3881469.3394686165 30.0
507875.73031542933 3881469.5502689076 30.0
507875.73031542933 3881469.5502689076 30.0
507875.8486503384 3881469.761077099 30.0
507875.9669756307 3881469.982975056 30.0
507875.9669756307 3881469.982975056 30.0
507876.0761841893 3881470.2048651143 30.0
507876.0761841893 3881470.2048651143 30.0
507876.0761841893 3881470.2048651143 30.0
507876.185411961 3881470.404575648 30.0
507876.185411961 3881470.404575648 30.0
507876.3037468437 3881470.615383844 30.0
507876.4129649982 3881470.826184144 30.0
507876.4129649982 3881470.826184144 30.0
507876.4129649982 3881470.826184144 30.0
507876.5313094822 3881471.0259025823 30.0
507876.5313094822 3881471.0259025823 30.0
507876.64965396095 3881471.22562102 30.0
507876.75889131764 3881471.4142417987 30.0
507876.64965396095 3881471.22562102 30.0
507876.75889131764 3881471.4142417987 30.0
507876.8681190597 3881471.61395234 30.0
507876.9773564072 3881471.80257312 30.0
507876.8681190597 3881471.61395234 30.0
507877.0774866343 3881471.9800962373 30.0
507877.0774866343 3881471.9800962373 30.0
507877.0774866343 3881471.9800962373 30.0
507877.1776072447 3881472.1687091193 30.0
507877.1776072447 3881472.1687091193 30.0
507877.27772785554 3881472.3573220028 30.0
507877.27772785554 3881472.3573220028 30.0
507877.37785807066 3881472.5348451235 30.0
507877.37785807066 3881472.5348451235 30.0
507877.46887155634 3881472.7123603453 30.0
507877.46887155634 3881472.7123603453 30.0
507877.55988503614 3881472.8898755675 30.0
507877.6417914006 3881473.056293126 30.0
507877.55988503614 3881472.8898755675 30.0
507877.6417914006 3881473.056293126 30.0
507877.73280487594 3881473.233808352 30.0
507877.82381834765 3881473.411323576 30.0
507877.82381834765 3881473.411323576 30.0
507877.82381834765 3881473.411323576 30.0
507877.91484142485 3881473.5777490376 30.0
507877.91484142485 3881473.5777490376 30.0
507877.9967477766 3881473.744166601 30.0
507878.07866373693 3881473.8994944002 30.0
507878.07866373693 3881473.8994944002 30.0
507878.07866373693 3881473.8994944002 30.0
507878.16968680685 3881474.0659198654 30.0
507878.16968680685 3881474.0659198654 30.0
507878.25161237305 3881474.2101579034 30.0
507878.3335379367 3881474.3543959428 30.0
507878.3335379367 3881474.3543959428 30.0
507878.4154634977 3881474.498633982 30.0
507878.4154634977 3881474.498633982 30.0
507878.4154634977 3881474.498633982 30.0
507878.5065153894 3881474.6317901616 30.0
507878.5065153894 3881474.6317901616 30.0
507878.58844094514 3881474.7760282033 30.0
507878.67949283385 3881474.909184384 30.0
507878.67949283385 3881474.909184384 30.0
507878.67949283385 3881474.909184384 30.0
507878.7614279968 3881475.0423326637 30.0
507878.7614279968 3881475.0423326637 30.0
507878.85247988027 3881475.1754888454 30.0
507878.85247988027 3881475.1754888454 30.0
507878.9344150382 3881475.3086371277 30.0
507879.0254861397 3881475.419613784 30.0
507878.9344150382 3881475.3086371277 30.0
507879.0254861397 3881475.419613784 30.0
507879.10744051856 3881475.530582541 30.0
507879.10744051856 3881475.530582541 30.0
507879.18939489545 3881475.6415512976 30.0
507879.18939489545 3881475.6415512976 30.0
507879.26222293254 3881475.7636019154 30.0
507879.26222293254 3881475.7636019154 30.0
507879.3259342477 3881475.885644631 30.0
507879.3259342477 3881475.885644631 30.0
507879.39877189416 3881475.9966054875 30.0
507879.4624928191 3881476.107558441 30.0
507879.4624928191 3881476.107558441 30.0
507879.5262233536 3881476.2074216316 30.0
507879.5262233536 3881476.2074216316 30.0
507879.5899538912 3881476.307284823 30.0
507879.5899538912 3881476.307284823 30.0
507879.6536748093 3881476.418237778 30.0
507879.5899538912 3881476.307284823 30.0
507879.6536748093 3881476.418237778 30.0
507879.72651244985 3881476.5291986368 30.0
507879.72651244985 3881476.5291986368 30.0
507879.7993404749 3881476.6512492592 30.0
507879.7993404749 3881476.6512492592 30.0
507879.8812756033 3881476.7843975495 30.0
507879.8812756033 3881476.7843975495 30.0
507879.96320111543 3881476.928635604 30.0
507880.0633600718 3881477.072889467 30.0
507880.0633600718 3881477.072889467 30.0
507880.0633600718 3881477.072889467 30.0
507880.16349018033 3881477.2504126197 30.0
507880.16349018033 3881477.2504126197 30.0
507880.28184411215 3881477.4390413444 30.0
507880.28184411215 3881477.4390413444 30.0
507880.4092955307 3881477.6498575024 30.0
507880.4092955307 3881477.6498575024 30.0
507880.5367661725 3881477.8384941337 30.0
507880.6642271943 3881478.038220532 30.0
507880.6642271943 3881478.038220532 30.0
507880.6642271943 3881478.038220532 30.0
507880.8008049327 3881478.2379548354 30.0
507880.93737304775 3881478.4487789045 30.0
507880.8008049327 3881478.2379548354 30.0
507880.93737304775 3881478.4487789045 30.0
507881.07394115644 3881478.6596029764 30.0
507881.07394115644 3881478.6596029764 30.0
507881.2014021572 3881478.859329383 30.0
507881.2014021572 3881478.859329383 30.0
507881.32886315003 3881479.0590557894 30.0
507881.4563241372 3881479.258782199 30.0
507881.4563241372 3881479.258782199 30.0
507881.4563241372 3881479.258782199 30.0
507881.5655516814 3881479.458492799 30.0
507881.6747888367 3881479.647113639 30.0
507881.6747888367 3881479.647113639 30.0
507881.6747888367 3881479.647113639 30.0
507881.77489965304 3881479.8468163367 30.0
507881.87502007885 3881480.035429274 30.0
507881.87502007885 3881480.035429274 30.0
507881.97514050285 3881480.2240422117 30.0
507881.97514050285 3881480.2240422117 30.0
507882.0661442072 3881480.412647245 30.0
507882.0661442072 3881480.412647245 30.0
507882.138914468 3881480.6012364672 30.0
507882.138914468 3881480.6012364672 30.0
507882.22081106214 3881480.7787438342 30.0
507882.22081106214 3881480.7787438342 30.0
507882.22081106214 3881480.7787438342 30.0
507882.30270765076 3881480.9562512 30.0
507882.37548752374 3881481.13375066 30.0
507882.37548752374 3881481.13375066 30.0
507882.37548752374 3881481.13375066 30.0
507882.45738410606 3881481.3112580283 30.0
507882.45738410606 3881481.3112580283 30.0
507882.5301735856 3881481.477667728 30.0
507882.6029630647 3881481.644077428 30.0
507882.6029630647 3881481.644077428 30.0
507882.67576215835 3881481.7993973657 30.0
507882.67576215835 3881481.7993973657 30.0
507882.7485612472 3881481.9547173046 30.0
507882.7485612472 3881481.9547173046 30.0
507882.7485612472 3881481.9547173046 30.0
507882.8213699533 3881482.0989474785 30.0
507882.89417865704 3881482.243177654 30.0
507882.89417865704 3881482.243177654 30.0
507882.9578706403 3881482.387399924 30.0
507882.9578706403 3881482.387399924 30.0
507882.9578706403 3881482.387399924 30.0
507883.03067934193 3881482.531630101 30.0
507883.1034880342 3881482.6758602783 30.0
507883.1034880342 3881482.6758602783 30.0
507883.1034880342 3881482.6758602783 30.0
507883.17630634893 3881482.809000692 30.0
507883.17630634893 3881482.809000692 30.0
507883.24913427717 3881482.931051344 30.0
507883.312835868 3881483.0641838536 30.0
507883.312835868 3881483.0641838536 30.0
507883.312835868 3881483.0641838536 30.0
507883.3856734104 3881483.1751447427 30.0
507883.3856734104 3881483.1751447427 30.0
507883.44937499746 3881483.308277251 30.0
507883.44937499746 3881483.308277251 30.0
507883.52221253625 3881483.4192381436 30.0
507883.5768166416 3881483.5301832203 30.0
507883.52221253625 3881483.4192381436 30.0
507883.5768166416 3881483.5301832203 30.0
507883.63143036404 3881483.630038533 30.0
507883.6769273755 3881483.72988594 30.0
507883.6769273755 3881483.72988594 30.0
507883.6769273755 3881483.72988594 30.0
507883.72244361823 3881483.8075538203 30.0
507883.74062895443 3881483.8630184527 30.0
507883.74062895443 3881483.8630184527 30.0
507883.74062895443 3881483.8630184527 30.0
507883.7588239089 3881483.9073933214 30.0
507883.7769996261 3881483.9739477155 30.0
507883.7588239089 3881483.9073933214 30.0
507883.7769996261 3881483.9739477155 30.0
507883.7951849616 3881484.0294123497 30.0
507883.80426320137 3881484.0737793096 30.0
507883.7951849616 3881484.0294123497 30.0
507883.80426320137 3881484.0737793096 30.0
507883.81334144337 3881484.1181462705 30.0
507883.81334144337 3881484.1181462705 30.0
507883.8224389202 3881484.140333706 30.0
507883.8224389202 3881484.140333706 30.0
507883.82241006434 3881484.173602996 30.0
507883.82241006434 3881484.173602996 30.0
507883.80417663406 3881484.1735871807 30.0
507883.80417663406 3881484.1735871807 30.0
507883.80417663406 3881484.1735871807 30.0
507883.80417663406 3881484.1735871807 30.0
507883.80417663406 3881484.1735871807 30.0
507883.80417663406 3881484.1735871807 30.0
507883.80417663406 3881484.1735871807 30.0
507883.80417663406 3881484.1735871807 30.0
507883.8041670155 3881484.184676944 30.0
507883.80417663406 3881484.1735871807 30.0
507883.8041670155 3881484.184676944 30.0
507883.80417663406 3881484.1735871807 30.0
507883.80417663406 3881484.1735871807 30.0
507883.80418625264 3881484.162497417 30.0
507883.80417663406 3881484.1735871807 30.0
507883.80418625264 3881484.162497417 30.0
507883.804224727 3881484.118138363 30.0
507883.804224727 3881484.118138363 30.0
507883.8042439642 3881484.095958838 30.0
507883.8042439642 3881484.095958838 30.0
507883.80426320137 3881484.0737793096 30.0
507883.80426320137 3881484.0737793096 30.0
507883.7951657244 3881484.051591875 30.0
507883.7951849616 3881484.0294123497 30.0
507883.7951657244 3881484.051591875 30.0
507883.79520419874 3881484.007232821 30.0
507883.79520419874 3881484.007232821 30.0
507883.78609710315 3881483.996135151 30.0
507883.78609710315 3881483.996135151 30.0
507883.78611634026 3881483.973955623 30.0
507883.78611634026 3881483.973955623 30.0
507883.78614519595 3881483.9406863335 30.0
507883.78614519595 3881483.9406863335 30.0
507883.7861644331 3881483.918506806 30.0
507883.7861644331 3881483.918506806 30.0
507883.7861644331 3881483.918506806 30.0
507883.7861836702 3881483.8963272804 30.0
507883.7861836702 3881483.8963272804 30.0
507883.7862029074 3881483.8741477523 30.0
507883.7862029074 3881483.8741477523 30.0
507883.7862125259 3881483.863057989 30.0
507883.7862125259 3881483.863057989 30.0
507883.7862317631 3881483.8408784606 30.0
507883.7862317631 3881483.8408784606 30.0
507883.7771246673 3881483.829780791 30.0
507883.7771246673 3881483.829780791 30.0
507883.77713428583 3881483.818691028 30.0
507883.77713428583 3881483.818691028 30.0
507883.7771439044 3881483.807601264 30.0
507883.7862798559 3881483.7854296444 30.0
507883.7771439044 3881483.807601264 30.0
507883.7862798559 3881483.7854296444 30.0
507883.78628947446 3881483.7743398813 30.0
507883.78628947446 3881483.7743398813 30.0
507883.78628947446 3881483.7743398813 30.0
507883.78628947446 3881483.7743398813 30.0
507883.78629909304 3881483.7632501167 30.0
507883.78629909304 3881483.7632501167 30.0
507883.78630871157 3881483.7521603545 30.0
507883.78630871157 3881483.7521603545 30.0
507883.78630871157 3881483.7521603545 30.0
507883.78630871157 3881483.7521603545 30.0
507883.78631833015 3881483.7410705914 30.0
507883.78631833015 3881483.7410705914 30.0
507883.78631833015 3881483.7410705914 30.0
507883.78631833015 3881483.7410705914 30.0
507883.78632794874 3881483.7299808264 30.0
507883.78632794874 3881483.7299808264 30.0
507883.78632794874 3881483.7299808264 30.0
507883.78632794874 3881483.7299808264 30.0
507883.78632794874 3881483.7299808264 30.0
507883.78632794874 3881483.7299808264 30.0
507883.79545428173 3881483.71889897 30.0
507883.79545428173 3881483.71889897 30.0
507883.79545428173 3881483.71889897 30.0
507883.79545428173 3881483.71889897 30.0
507883.79545428173 3881483.71889897 30.0
507883.79545428173 3881483.71889897 30.0
507883.7954639003 3881483.707809207 30.0
507883.7954639003 3881483.707809207 30.0
507883.7954639003 3881483.707809207 30.0
507883.7954735189 3881483.6967194425 30.0
507883.7954735189 3881483.6967194425 30.0
507883.7954735189 3881483.6967194425 30.0
507883.7954735189 3881483.6967194425 30.0
507883.7954735189 3881483.6967194425 30.0
507883.80459023337 3881483.6967273504 30.0
507883.80459023337 3881483.6967273504 30.0
507883.80459023337 3881483.6967273504 30.0
507883.80459023337 3881483.6967273504 30.0
507883.80459023337 3881483.6967273504 30.0
507883.80459023337 3881483.6967273504 30.0
507883.80459023337 3881483.6967273504 30.0
507883.80459023337 3881483.6967273504 30.0
507883.80459023337 3881483.6967273504 30.0
507883.80459985195 3881483.6856375877 30.0
507883.80459985195 3881483.6856375877 30.0
507883.81371656875 3881483.6856454955 30.0
507883.81371656875 3881483.6856454955 30.0
507883.81371656875 3881483.6856454955 30.0
507883.81371656875 3881483.6856454955 30.0
507883.81371656875 3881483.6856454955 30.0
507883.81371656875 3881483.6856454955 30.0
507883.81371656875 3881483.6856454955 30.0
507883.81371656875 3881483.6856454955 30.0
507883.81371656875 3881483.6856454955 30.0
507883.81372618733 3881483.6745557315 30.0
507883.81372618733 3881483.6745557315 30.0
507883.82284290186 3881483.6745636384 30.0
507883.82284290186 3881483.6745636384 30.0
507883.82284290186 3881483.6745636384 30.0
507883.82284290186 3881483.6745636384 30.0
507883.82284290186 3881483.6745636384 30.0
507883.813735806 3881483.663465968 30.0
507883.813735806 3881483.663465968 30.0
507883.813735806 3881483.663465968 30.0
507883.82285252045 3881483.6634738757 30.0
507883.82285252045 3881483.6634738757 30.0
507883.82285252045 3881483.6634738757 30.0
507883.82285252045 3881483.6634738757 30.0
507883.82285252045 3881483.6634738757 30.0
507883.82285252045 3881483.6634738757 30.0
507883.813735806 3881483.663465968 30.0
507883.813735806 3881483.663465968 30.0
507883.81374542456 3881483.6523762043 30.0
507883.81374542456 3881483.6523762043 30.0
507883.81374542456 3881483.6523762043 30.0
507883.81374542456 3881483.6523762043 30.0
507883.81374542456 3881483.6523762043 30.0
507883.81374542456 3881483.6523762043 30.0
507883.81374542456 3881483.6523762043 30.0
507883.81374542456 3881483.6523762043 30.0
507883.81374542456 3881483.6523762043 30.0
507883.81374542456 3881483.6523762043 30.0
507883.81374542456 3881483.6523762043 30.0
507883.81374542456 3881483.6523762043 30.0
507883.81374542456 3881483.6523762043 30.0
507883.81374542456 3881483.6523762043 30.0
507883.8228621391 3881483.6523841117 30.0
507883.8228621391 3881483.6523841117 30.0
507883.8228621391 3881483.6523841117 30.0
507883.8228621391 3881483.6523841117 30.0
507883.8228717577 3881483.6412943476 30.0
507883.8228717577 3881483.6412943476 30.0
507883.8228717577 3881483.6412943476 30.0
507883.8228717577 3881483.6412943476 30.0
507883.8228717577 3881483.6412943476 30.0
507883.8228717577 3881483.6412943476 30.0
507883.8228717577 3881483.6412943476 30.0
507883.8228717577 3881483.6412943476 30.0
507883.8228717577 3881483.6412943476 30.0
507883.8228717577 3881483.6412943476 30.0
507883.82288137625 3881483.630204584 30.0
507883.82288137625 3881483.630204584 30.0
507883.82288137625 3881483.630204584 30.0
507883.82288137625 3881483.630204584 30.0
507883.82288137625 3881483.630204584 30.0
507883.8137646617 3881483.6301966766 30.0
507883.8137646617 3881483.6301966766 30.0
507883.8137646617 3881483.6301966766 30.0
507883.8137646617 3881483.6301966766 30.0
507883.8137646617 3881483.6301966766 30.0
507883.81377428037 3881483.619106915 30.0
507883.81377428037 3881483.619106915 30.0
507883.81377428037 3881483.619106915 30.0
507883.81377428037 3881483.619106915 30.0
507883.81377428037 3881483.619106915 30.0
507883.81377428037 3881483.619106915 30.0
507883.81377428037 3881483.619106915 30.0
507883.81377428037 3881483.619106915 30.0
507883.81378389895 3881483.6080171512 30.0
507883.81378389895 3881483.6080171512 30.0
507883.81378389895 3881483.6080171512 30.0
507883.8229006135 3881483.608025058 30.0
507883.8229006135 3881483.608025058 30.0
507883.8229006135 3881483.608025058 30.0
507883.8229006135 3881483.608025058 30.0
507883.8229006135 3881483.608025058 30.0
507883.8229006135 3881483.608025058 30.0
507883.8229006135 3881483.608025058 30.0
507883.83202694665 3881483.596943202 30.0
507883.83202694665 3881483.596943202 30.0
507883.83202694665 3881483.596943202 30.0
507883.83202694665 3881483.596943202 30.0
507883.83202694665 3881483.596943202 30.0
507883.83202694665 3881483.596943202 30.0
507883.83202694665 3881483.596943202 30.0
507883.83202694665 3881483.596943202 30.0
507883.83202694665 3881483.596943202 30.0
507883.83202694665 3881483.596943202 30.0
507883.83202694665 3881483.596943202 30.0
507883.83202694665 3881483.596943202 30.0
507883.83202694665 3881483.596943202 30.0
507883.83202694665 3881483.596943202 30.0
507883.8320365653 3881483.585853438 30.0
507883.8320365653 3881483.585853438 30.0
507883.8320365653 3881483.585853438 30.0
507883.8320365653 3881483.585853438 30.0
507883.84115327755 3881483.585861345 30.0
507883.84115327755 3881483.585861345 30.0
507883.84115327755 3881483.585861345 30.0
507883.84115327755 3881483.585861345 30.0
507883.84115327755 3881483.585861345 30.0
507883.84115327755 3881483.585861345 30.0
507883.84115327755 3881483.585861345 30.0
507883.84115327755 3881483.585861345 30.0
507883.84115327755 3881483.585861345 30.0
507883.84115327755 3881483.585861345 30.0
507883.84115327755 3881483.585861345 30.0
507883.84115327755 3881483.585861345 30.0
507883.84115327755 3881483.585861345 30.0
507883.84115327755 3881483.585861345 30.0
507883.84115327755 3881483.585861345 30.0
507883.84115327755 3881483.585861345 30.0
507883.84115327755 3881483.585861345 30.0
507883.84115327755 3881483.585861345 30.0
507883.84115327755 3881483.585861345 30.0
507883.84115327755 3881483.585861345 30.0
507883.84115327755 3881483.585861345 30.0
507883.8320365653 3881483.585853438 30.0
507883.8320365653 3881483.585853438 30.0
507883.8320365653 3881483.585853438 30.0
507883.8320365653 3881483.585853438 30.0
507883.8320365653 3881483.585853438 30.0
507883.8320365653 3881483.585853438 30.0
507883.8320365653 3881483.585853438 30.0
507883.8320365653 3881483.585853438 30.0
507883.8320365653 3881483.585853438 30.0
507883.83204618393 3881483.5747636743 30.0
507883.83204618393 3881483.5747636743 30.0
507883.83204618393 3881483.5747636743 30.0
507883.8411628962 3881483.5747715817 30.0
507883.8411628962 3881483.5747715817 30.0
507883.8411628962 3881483.5747715817 30.0
507883.8411628962 3881483.5747715817 30.0
507883.8411628962 3881483.5747715817 30.0
507883.8411628962 3881483.5747715817 30.0
507883.84117251483 3881483.5636818185 30.0
507883.84117251483 3881483.5636818185 30.0
507883.84117251483 3881483.5636818185 30.0
507883.84117251483 3881483.5636818185 30.0
507883.84117251483 3881483.5636818185 30.0
507883.84117251483 3881483.5636818185 30.0
507883.84117251483 3881483.5636818185 30.0
507883.84117251483 3881483.5636818185 30.0
507883.85028923175 3881483.5636897255 30.0
507883.85028923175 3881483.5636897255 30.0
507883.8502988504 3881483.5525999623 30.0
507883.8502988504 3881483.5525999623 30.0
507883.8502988504 3881483.5525999623 30.0
507883.8502988504 3881483.5525999623 30.0
507883.8502988504 3881483.5525999623 30.0
507883.8502988504 3881483.5525999623 30.0
507883.85030846903 3881483.541510199 30.0
507883.85030846903 3881483.541510199 30.0
507883.85030846903 3881483.541510199 30.0
507883.85030846903 3881483.541510199 30.0
507883.85030846903 3881483.541510199 30.0
507883.8503180877 3881483.530420436 30.0
507883.8503180877 3881483.530420436 30.0
507883.8594348023 3881483.530428344 30.0
507883.8594348023 3881483.530428344 30.0
507883.8594348023 3881483.530428344 30.0
507883.85944442096 3881483.5193385785 30.0
507883.8594348023 3881483.530428344 30.0
507883.85944442096 3881483.5193385785 30.0
507883.85944442096 3881483.5193385785 30.0
507883.85944442096 3881483.5193385785 30.0
507883.85944442096 3881483.5193385785 30.0
507883.8503277063 3881483.519330671 30.0
507883.8503277063 3881483.519330671 30.0
507883.85944442096 3881483.5193385785 30.0
507883.8503277063 3881483.519330671 30.0
507883.85944442096 3881483.5193385785 30.0
507883.85944442096 3881483.5193385785 30.0
507883.85944442096 3881483.5193385785 30.0
507883.85944442096 3881483.5193385785 30.0
507883.85944442096 3881483.5193385785 30.0
507883.85944442096 3881483.5193385785 30.0
507883.85944442096 3881483.5193385785 30.0
507883.85944442096 3881483.5193385785 30.0
507883.8594540396 3881483.508248816 30.0
507883.8594540396 3881483.508248816 30.0
507883.8594540396 3881483.508248816 30.0
507883.8594540396 3881483.508248816 30.0
507883.8594540396 3881483.508248816 30.0
507883.8594540396 3881483.508248816 30.0
507883.8594540396 3881483.508248816 30.0
507883.8594540396 3881483.508248816 30.0
507883.8594540396 3881483.508248816 30.0
507883.8594540396 3881483.508248816 30.0
507883.8594540396 3881483.508248816 30.0
507883.8594540396 3881483.508248816 30.0
507883.8594540396 3881483.508248816 30.0
507883.8594540396 3881483.508248816 30.0
507883.8594540396 3881483.508248816 30.0
507883.8594540396 3881483.508248816 30.0
507883.8594540396 3881483.508248816 30.0
507883.8594540396 3881483.508248816 30.0
507883.8594540396 3881483.508248816 30.0
507883.8594540396 3881483.508248816 30.0
507883.8594540396 3881483.508248816 30.0
507883.8594540396 3881483.508248816 30.0
507883.8594540396 3881483.508248816 30.0
507883.8594540396 3881483.508248816 30.0
507883.8594540396 3881483.508248816 30.0
507883.8594540396 3881483.508248816 30.0
507883.8594540396 3881483.508248816 30.0
507883.8594540396 3881483.508248816 30.0
507883.8594540396 3881483.508248816 30.0
507883.8594540396 3881483.508248816 30.0
507883.8594540396 3881483.508248816 30.0
507883.8594540396 3881483.508248816 30.0
507883.8594540396 3881483.508248816 30.0
507883.8594540396 3881483.508248816 30.0
507883.8594540396 3881483.508248816 30.0
507883.8594540396 3881483.508248816 30.0
507883.8594540396 3881483.508248816 30.0
507883.8594540396 3881483.508248816 30.0
507883.8594540396 3881483.508248816 30.0
507883.8594540396 3881483.508248816 30.0
507883.8594540396 3881483.508248816 30.0
507883.8594540396 3881483.508248816 30.0
507883.8594540396 3881483.508248816 30.0
507883.8594540396 3881483.508248816 30.0
507883.8594540396 3881483.508248816 30.0
507883.8594540396 3881483.508248816 30.0
507883.8594540396 3881483.508248816 30.0
507883.8594540396 3881483.508248816 30.0
507883.8594540396 3881483.508248816 30.0
507883.8594540396 3881483.508248816 30.0
507883.8594540396 3881483.508248816 30.0
507883.8594540396 3881483.508248816 30.0
507883.8594540396 3881483.508248816 30.0
507883.8594540396 3881483.508248816 30.0
507883.8594540396 3881483.508248816 30.0
507883.8594540396 3881483.508248816 30.0
507883.8594540396 3881483.508248816 30.0
507883.8594540396 3881483.508248816 30.0
507883.8594540396 3881483.508248816 30.0
507883.8594540396 3881483.508248816 30.0
507883.8594636583 3881483.497159052 30.0
507883.8594636583 3881483.497159052 30.0
507883.86858037295 3881483.4971669596 30.0
507883.86858037295 3881483.4971669596 30.0
507883.86858037295 3881483.4971669596 30.0
507883.86858037295 3881483.4971669596 30.0
507883.86858037295 3881483.4971669596 30.0
507883.86858037295 3881483.4971669596 30.0
507883.86858037295 3881483.4971669596 30.0
507883.86858037295 3881483.4971669596 30.0
507883.86858037295 3881483.4971669596 30.0
507883.86858037295 3881483.4971669596 30.0
507883.86858037295 3881483.4971669596 30.0
507883.8685899916 3881483.4860771964 30.0
507883.8685899916 3881483.4860771964 30.0
507883.8685899916 3881483.4860771964 30.0
507883.8685899916 3881483.4860771964 30.0
507883.8685899916 3881483.4860771964 30.0
507883.8685899916 3881483.4860771964 30.0
507883.8685899916 3881483.4860771964 30.0
507883.8685899916 3881483.4860771964 30.0
507883.85947327694 3881483.4860692895 30.0
507883.85947327694 3881483.4860692895 30.0
507883.85947327694 3881483.4860692895 30.0
507883.85947327694 3881483.4860692895 30.0
507883.8685899916 3881483.4860771964 30.0
507883.8685899916 3881483.4860771964 30.0
507883.8685899916 3881483.4860771964 30.0
507883.8685899916 3881483.4860771964 30.0
507883.8685996103 3881483.474987433 30.0
507883.8685996103 3881483.474987433 30.0
507883.8685996103 3881483.474987433 30.0
507883.8685996103 3881483.474987433 30.0
507883.8685996103 3881483.474987433 30.0
507883.8685996103 3881483.474987433 30.0
507883.8685996103 3881483.474987433 30.0
507883.8686092289 3881483.463897669 30.0
507883.8686092289 3881483.463897669 30.0
507883.8686092289 3881483.463897669 30.0
507883.8686092289 3881483.463897669 30.0
507883.8686092289 3881483.463897669 30.0
507883.8686092289 3881483.463897669 30.0
507883.8686188476 3881483.4528079056 30.0
507883.8686188476 3881483.4528079056 30.0
507883.8686188476 3881483.4528079056 30.0
507883.8686188476 3881483.4528079056 30.0
507883.8686188476 3881483.4528079056 30.0
507883.8686188476 3881483.4528079056 30.0
507883.8686188476 3881483.4528079056 30.0
507883.8686188476 3881483.4528079056 30.0
507883.86862846627 3881483.441718142 30.0
507883.8686188476 3881483.4528079056 30.0
507883.86862846627 3881483.441718142 30.0
507883.86862846627 3881483.441718142 30.0
507883.86862846627 3881483.441718142 30.0
507883.86862846627 3881483.441718142 30.0
507883.86862846627 3881483.441718142 30.0
507883.86862846627 3881483.441718142 30.0
507883.86862846627 3881483.441718142 30.0
507883.86862846627 3881483.441718142 30.0
507883.86862846627 3881483.441718142 30.0
507883.86862846627 3881483.441718142 30.0
507883.86862846627 3881483.441718142 30.0
507883.86862846627 3881483.441718142 30.0
507883.86862846627 3881483.441718142 30.0
507883.877745181 3881483.4417260494 30.0
507883.877745181 3881483.4417260494 30.0
507883.877745181 3881483.4417260494 30.0
507883.877745181 3881483.4417260494 30.0
507883.8777547997 3881483.430636286 30.0
507883.8777547997 3881483.430636286 30.0
507883.8777547997 3881483.430636286 30.0
507883.8777547997 3881483.430636286 30.0
507883.8777547997 3881483.430636286 30.0
507883.8777547997 3881483.430636286 30.0
507883.8777547997 3881483.430636286 30.0
507883.8777547997 3881483.430636286 30.0
507883.8777547997 3881483.430636286 30.0
507883.8777547997 3881483.430636286 30.0
507883.86863808497 3881483.430628378 30.0
507883.86863808497 3881483.430628378 30.0
507883.86863808497 3881483.430628378 30.0
507883.86863808497 3881483.430628378 30.0
507883.86863808497 3881483.430628378 30.0
507883.86863808497 3881483.430628378 30.0
507883.86863808497 3881483.430628378 30.0
507883.86863808497 3881483.430628378 30.0
507883.86863808497 3881483.430628378 30.0
507883.86863808497 3881483.430628378 30.0
507883.86863808497 3881483.430628378 30.0
507883.86863808497 3881483.430628378 30.0
507883.8686477036 3881483.4195386167 30.0
507883.8686477036 3881483.4195386167 30.0
507883.8686477036 3881483.4195386167 30.0
507883.8686477036 3881483.4195386167 30.0
507883.8686477036 3881483.4195386167 30.0
507883.8686477036 3881483.4195386167 30.0
507883.8686477036 3881483.4195386167 30.0
507883.8686477036 3881483.4195386167 30.0
507883.8686477036 3881483.4195386167 30.0
507883.8686477036 3881483.4195386167 30.0
507883.8686477036 3881483.4195386167 30.0
507883.8777644184 3881483.4195465236 30.0
507883.8686477036 3881483.4195386167 30.0
507883.8777644184 3881483.4195465236 30.0
507883.8777644184 3881483.4195465236 30.0
507883.8777644184 3881483.4195465236 30.0
507883.8777644184 3881483.4195465236 30.0
507883.8777644184 3881483.4195465236 30.0
507883.8777644184 3881483.4195465236 30.0
507883.8777644184 3881483.4195465236 30.0
507883.8777644184 3881483.4195465236 30.0
507883.8777644184 3881483.4195465236 30.0
507883.8777644184 3881483.4195465236 30.0
507883.8777644184 3881483.4195465236 30.0
507883.8777644184 3881483.4195465236 30.0
507883.8777644184 3881483.4195465236 30.0
507883.8777644184 3881483.4195465236 30.0
507883.8777644184 3881483.4195465236 30.0
507883.877774037 3881483.408456759 30.0
507883.877774037 3881483.408456759 30.0
507883.877774037 3881483.408456759 30.0
507883.877774037 3881483.408456759 30.0
507883.877774037 3881483.408456759 30.0
507883.877774037 3881483.408456759 30.0
507883.8868907518 3881483.4084646665 30.0
507883.8868907518 3881483.4084646665 30.0
507883.8868907518 3881483.4084646665 30.0
507883.8868907518 3881483.4084646665 30.0
507883.8868907518 3881483.4084646665 30.0
507883.8868907518 3881483.4084646665 30.0
507883.8868907518 3881483.4084646665 30.0
507883.8868907518 3881483.4084646665 30.0
507883.8868907518 3881483.4084646665 30.0
507883.8868907518 3881483.4084646665 30.0
507883.8868907518 3881483.4084646665 30.0
507883.8868907518 3881483.4084646665 30.0
507883.8868907518 3881483.4084646665 30.0
507883.8868907518 3881483.4084646665 30.0
507883.8869003705 3881483.397374903 30.0
507883.8869003705 3881483.397374903 30.0
507883.8869003705 3881483.397374903 30.0
507883.8869003705 3881483.397374903 30.0
507883.8869003705 3881483.397374903 30.0
507883.8869003705 3881483.397374903 30.0
507883.8869003705 3881483.397374903 30.0
507883.8869003705 3881483.397374903 30.0
507883.8869003705 3881483.397374903 30.0
507883.8869003705 3881483.397374903 30.0
507883.8869003705 3881483.397374903 30.0
507883.8869003705 3881483.397374903 30.0
507883.8869003705 3881483.397374903 30.0
507883.8869003705 3881483.397374903 30.0
507883.8869003705 3881483.397374903 30.0
507883.8869003705 3881483.397374903 30.0
507883.8869003705 3881483.397374903 30.0
507883.8869003705 3881483.397374903 30.0
507883.8869099892 3881483.3862851397 30.0
507883.8869099892 3881483.3862851397 30.0
507883.89602670626 3881483.386293047 30.0
507883.8869099892 3881483.3862851397 30.0
507883.8869099892 3881483.3862851397 30.0
507883.8869099892 3881483.3862851397 30.0
507883.89602670626 3881483.386293047 30.0
507883.89602670626 3881483.386293047 30.0
507883.89602670626 3881483.386293047 30.0
507883.89602670626 3881483.386293047 30.0
507883.89602670626 3881483.386293047 30.0
507883.89602670626 3881483.386293047 30.0
507883.89602670626 3881483.386293047 30.0
507883.89602670626 3881483.386293047 30.0
507883.89603632496 3881483.3752032835 30.0
507883.89603632496 3881483.3752032835 30.0
507883.89603632496 3881483.3752032835 30.0
507883.89603632496 3881483.3752032835 30.0
507883.89603632496 3881483.3752032835 30.0
507883.89603632496 3881483.3752032835 30.0
507883.89604594366 3881483.364113519 30.0
507883.89604594366 3881483.364113519 30.0
507883.89604594366 3881483.364113519 30.0
507883.89604594366 3881483.364113519 30.0
507883.89604594366 3881483.364113519 30.0
507883.89604594366 3881483.364113519 30.0
507883.89604594366 3881483.364113519 30.0
507883.89604594366 3881483.364113519 30.0
507883.89604594366 3881483.364113519 30.0
507883.89604594366 3881483.364113519 30.0
507883.89605556236 3881483.3530237577 30.0
507883.89605556236 3881483.3530237577 30.0
507883.89605556236 3881483.3530237577 30.0
507883.89605556236 3881483.3530237577 30.0
507883.89605556236 3881483.3530237577 30.0
507883.89605556236 3881483.3530237577 30.0
507883.89605556236 3881483.3530237577 30.0
507883.89605556236 3881483.3530237577 30.0
507883.89605556236 3881483.3530237577 30.0
507883.89605556236 3881483.3530237577 30.0
507883.89605556236 3881483.3530237577 30.0
507883.89605556236 3881483.3530237577 30.0
507883.89606518106 3881483.3419339927 30.0
507883.89606518106 3881483.3419339927 30.0
507883.89606518106 3881483.3419339927 30.0
507883.89606518106 3881483.3419339927 30.0
507883.89606518106 3881483.3419339927 30.0
507883.8869484639 3881483.3419260853 30.0
507883.89606518106 3881483.3419339927 30.0
507883.8869580826 3881483.3308363226 30.0
507883.8869580826 3881483.3308363226 30.0
507883.8869580826 3881483.3308363226 30.0
507883.8869580826 3881483.3308363226 30.0
507883.8869580826 3881483.3308363226 30.0
507883.8869580826 3881483.3308363226 30.0
507883.8869580826 3881483.3308363226 30.0
507883.8869580826 3881483.3308363226 30.0
507883.8869580826 3881483.3308363226 30.0
507883.8869580826 3881483.3308363226 30.0
507883.8869580826 3881483.3308363226 30.0
507883.89607479976 3881483.3308442305 30.0
507883.89608441846 3881483.3197544655 30.0
507883.89608441846 3881483.3197544655 30.0
507883.89608441846 3881483.3197544655 30.0
507883.89608441846 3881483.3197544655 30.0
507883.89608441846 3881483.3197544655 30.0
507883.89608441846 3881483.3197544655 30.0
507883.89608441846 3881483.3197544655 30.0
507883.89608441846 3881483.3197544655 30.0
507883.89608441846 3881483.3197544655 30.0
507883.89608441846 3881483.3197544655 30.0
507883.89608441846 3881483.3197544655 30.0
507883.89608441846 3881483.3197544655 30.0
507883.89608441846 3881483.3197544655 30.0
507883.89608441846 3881483.3197544655 30.0
507883.89608441846 3881483.3197544655 30.0
507883.89608441846 3881483.3197544655 30.0
507883.89608441846 3881483.3197544655 30.0
507883.89609403716 3881483.308664702 30.0
507883.89609403716 3881483.308664702 30.0
507883.89609403716 3881483.308664702 30.0
507883.89609403716 3881483.308664702 30.0
507883.89609403716 3881483.308664702 30.0
507883.89609403716 3881483.308664702 30.0
507883.89609403716 3881483.308664702 30.0
507883.89609403716 3881483.308664702 30.0
507883.89609403716 3881483.308664702 30.0
507883.89609403716 3881483.308664702 30.0
507883.89609403716 3881483.308664702 30.0
507883.89609403716 3881483.308664702 30.0
507883.90521075204 3881483.3086726093 30.0
