508050.56412735046 3881302.403153002 40.0
166021.4431793313 0.0 40.0
508050.5550006301 3881302.4142346894 40.0
508050.5550006301 3881302.4142346894 40.0
508050.5550006301 3881302.4142346894 40.0
508050.5550104515 3881302.4031449277 40.0
508050.5550006301 3881302.4142346894 40.0
508050.5550006301 3881302.4142346894 40.0
508050.5550006301 3881302.4142346894 40.0
508050.5550006301 3881302.4142346894 40.0
508050.5550006301 3881302.4142346894 40.0
508050.5550006301 3881302.4142346894 40.0
508050.5550006301 3881302.4142346894 40.0
508050.5550006301 3881302.4142346894 40.0
508050.5550006301 3881302.4142346894 40.0
508050.5550006301 3881302.4142346894 40.0
508050.564117529 3881302.4142427635 40.0
508050.5550006301 3881302.4142346894 40.0
508050.564117529 3881302.4142427635 40.0
508050.564117529 3881302.4142427635 40.0
508050.564117529 3881302.4142427635 40.0
508050.564117529 3881302.4142427635 40.0
508050.564117529 3881302.4142427635 40.0
508050.5550006301 3881302.4142346894 40.0
508050.5550006301 3881302.4142346894 40.0
508050.5550006301 3881302.4142346894 40.0
508050.5550006301 3881302.4142346894 40.0
508050.564117529 3881302.4142427635 40.0
508050.564117529 3881302.4142427635 40.0
508050.564117529 3881302.4142427635 40.0
508050.564117529 3881302.4142427635 40.0
508050.564117529 3881302.4142427635 40.0
508050.564117529 3881302.4142427635 40.0
508050.5550006301 3881302.4142346894 40.0
508050.5550006301 3881302.4142346894 40.0
508050.5550006301 3881302.4142346894 40.0
508050.5550006301 3881302.4142346894 40.0
508050.5550006301 3881302.4142346894 40.0
508050.5550006301 3881302.4142346894 40.0
508050.5550006301 3881302.4142346894 40.0
508050.5550006301 3881302.4142346894 40.0
508050.564117529 3881302.4142427635 40.0
508050.564117529 3881302.4142427635 40.0
508050.57322460413 3881302.4253405975 40.0
508050.57322460413 3881302.4253405975 40.0
508050.58234150073 3881302.425348672 40.0
508050.58234150073 3881302.425348672 40.0
508050.60968237126 3881302.436462655 40.0
508050.6370134156 3881302.4586664005 40.0
508050.60968237126 3881302.436462655 40.0
508050.682588079 3881302.4697965323 40.0
508050.682588079 3881302.4697965323 40.0
508050.682588079 3881302.4697965323 40.0
508050.7281529184 3881302.4920164244 40.0
508050.7281529184 3881302.4920164244 40.0
508050.78282483463 3881302.525334154 40.0
508050.78282483463 3881302.525334154 40.0
508050.84661364456 3881302.558659957 40.0
508050.84661364456 3881302.558659957 40.0
508050.9195193528 3881302.5919938358 40.0
508051.01064903126 3881302.6364336233 40.0
508051.01064903126 3881302.6364336233 40.0
508051.01064903126 3881302.6364336233 40.0
508051.1017787088 3881302.680873414 40.0
508051.1017787088 3881302.680873414 40.0
508051.19291820773 3881302.7142234435 40.0
508051.19291820773 3881302.7142234435 40.0
508051.28404788126 3881302.7586632357 40.0
508051.28404788126 3881302.7586632357 40.0
508051.3751775563 3881302.803103027 40.0
508051.3751775563 3881302.803103027 40.0
508051.4571903343 3881302.8475347464 40.0
508051.5483200075 3881302.8919745414 40.0
508051.5483200075 3881302.8919745414 40.0
508051.5483200075 3881302.8919745414 40.0
508051.63033278385 3881302.9364062594 40.0
508051.63033278385 3881302.9364062594 40.0
508051.7123553822 3881302.9697482213 40.0
508051.7123553822 3881302.9697482213 40.0
508051.79437797767 3881303.0030901814 40.0
508051.79437797767 3881303.0030901814 40.0
508051.8764005748 3881303.036432143 40.0
508051.8764005748 3881303.036432143 40.0
508051.95841334824 3881303.0808638656 40.0
508052.0404359418 3881303.1142058284 40.0
508052.0404359418 3881303.1142058284 40.0
508052.13156561187 3881303.1586456276 40.0
508052.0404359418 3881303.1142058284 40.0
508052.13156561187 3881303.1586456276 40.0
508052.3229418382 3881303.2475333083 40.0
508052.3229418382 3881303.2475333083 40.0
508052.4414123689 3881303.3030871 40.0
508052.4414123689 3881303.3030871 40.0
508052.5598828936 3881303.3586408934 40.0
508052.5598828936 3881303.3586408934 40.0
508052.6874604907 3881303.4252925245 40.0
508052.8150479101 3881303.4808543986 40.0
508052.8150479101 3881303.4808543986 40.0
508052.8150479101 3881303.4808543986 40.0
508052.9608592992 3881303.547522187 40.0
508052.9608592992 3881303.547522187 40.0
508053.1066706815 3881303.614189978 40.0
508053.2615989546 3881303.6808658494 40.0
508053.1066706815 3881303.614189978 40.0
508053.2615989546 3881303.6808658494 40.0
508053.4165272302 3881303.7475417214 40.0
508053.4165272302 3881303.7475417214 40.0
508053.57146532857 3881303.803127837 40.0
508053.7264034227 3881303.8587139556 40.0
508053.7264034227 3881303.8587139556 40.0
508053.88135134283 3881303.903210314 40.0
508053.88135134283 3881303.903210314 40.0
508053.88135134283 3881303.903210314 40.0
508054.0362894334 3881303.9587964374 40.0
508054.0362894334 3881303.9587964374 40.0
508054.1912471762 3881303.9922030424 40.0
508054.1912471762 3881303.9922030424 40.0
508054.3370880205 3881304.0256015705 40.0
508054.3370880205 3881304.0256015705 40.0
508054.4920457611 3881304.0590081797 40.0
508054.6561302172 3881304.08133311 40.0
508054.4920457611 3881304.0590081797 40.0
508054.6561302172 3881304.08133311 40.0
508054.8202048505 3881304.114747803 40.0
508055.0116399964 3881304.137096976 40.0
508054.8202048505 3881304.114747803 40.0
508055.0116399964 3881304.137096976 40.0
508055.2030751367 3881304.15944615 40.0
508055.2030751367 3881304.15944615 40.0
508055.4127538954 3881304.1707217284 40.0
508055.4127538954 3881304.1707217284 40.0
508055.6315495484 3881304.182005389 40.0
508055.86858881847 3881304.182215454 40.0
508055.6315495484 3881304.182005389 40.0
508055.86858881847 3881304.182215454 40.0
508056.10562809085 3881304.182425525 40.0
508056.10562809085 3881304.182425525 40.0
508056.3609109767 3881304.1715620016 40.0
508056.3609109767 3881304.1715620016 40.0
508056.6070868019 3881304.1496006446 40.0
508056.6070868019 3881304.1496006446 40.0
508057.0903412151 3881304.0834903475 40.0
508057.0903412151 3881304.0834903475 40.0
508057.5645377227 3881303.95083343 40.0
508057.5645377227 3881303.95083343 40.0
508057.8290358174 3881303.8290804224 40.0
508057.8290358174 3881303.8290804224 40.0
508058.27593081514 3881303.6409504954 40.0
508058.27593081514 3881303.6409504954 40.0
508058.4857275555 3881303.519149015 40.0
508058.4857275555 3881303.519149015 40.0
508058.68640740594 3881303.397339457 40.0
508058.68640740594 3881303.397339457 40.0
508058.87797036604 3881303.275521821 40.0
508059.0695333289 3881303.153704189 40.0
508059.0695333289 3881303.153704189 40.0
508059.0695333289 3881303.153704189 40.0
508059.2610864695 3881303.042976322 40.0
508059.45262977784 3881302.9433382186 40.0
508059.45262977784 3881302.9433382186 40.0
508059.45262977784 3881302.9433382186 40.0
508059.65328998887 3881302.843708205 40.0
508059.8448234753 3881302.7551598703 40.0
508059.8448234753 3881302.7551598703 40.0
508060.03635696543 3881302.6666115415 40.0
508060.03635696543 3881302.6666115415 40.0
508060.21877356054 3881302.5780551326 40.0
508060.21877356054 3881302.5780551326 40.0
508060.4011901616 3881302.489498727 40.0
508060.4011901616 3881302.489498727 40.0
508060.4011901616 3881302.489498727 40.0
508060.5744898695 3881302.4009342403 40.0
508060.5744898695 3881302.4009342403 40.0
508060.7477994124 3881302.3012799956 40.0
508060.7477994124 3881302.3012799956 40.0
508060.92111879546 3881302.1905359956 40.0
508060.92111879546 3881302.1905359956 40.0
508061.1035550774 3881302.079800083 40.0
508061.1035550774 3881302.079800083 40.0
508061.27688430354 3881301.9579663277 40.0
508061.27688430354 3881301.9579663277 40.0
508061.45933043153 3881301.8361406615 40.0
508061.64177656214 3881301.714314999 40.0
508061.45933043153 3881301.8361406615 40.0
508061.82422270224 3881301.59248934 40.0
508061.64177656214 3881301.714314999 40.0
508061.82422270224 3881301.59248934 40.0
508062.0157955756 3881301.4595820094 40.0
508062.0157955756 3881301.4595820094 40.0
508062.19824172114 3881301.337756357 40.0
508062.38979493827 3881301.2270285566 40.0
508062.19824172114 3881301.337756357 40.0
508062.5722410935 3881301.1052029124 40.0
508062.5722410935 3881301.1052029124 40.0
508062.5722410935 3881301.1052029124 40.0
508062.76380415406 3881300.9833853585 40.0
508062.76380415406 3881300.9833853585 40.0
508062.9462601558 3881300.8504699613 40.0
508062.9462601558 3881300.8504699613 40.0
508063.1287161652 3881300.7175545674 40.0
508063.1287161652 3881300.7175545674 40.0
508063.3202890784 3881300.5846472643 40.0
508063.3202890784 3881300.5846472643 40.0
508063.5118718344 3881300.440650206 40.0
508063.5118718344 3881300.440650206 40.0
508063.69434753293 3881300.285555302 40.0
508063.69434753293 3881300.285555302 40.0
508063.89505703776 3881300.1304765767 40.0
508063.89505703776 3881300.1304765767 40.0
508064.0866594883 3881299.9643000085 40.0
508064.2964957444 3881299.7981396206 40.0
508064.2964957444 3881299.7981396206 40.0
508064.4972347856 3881299.609791627 40.0
508064.4972347856 3881299.609791627 40.0
508064.6979738328 3881299.4214436393 40.0
508064.6979738328 3881299.4214436393 40.0
508064.6979738328 3881299.4214436393 40.0
508064.8987227318 3881299.222005894 40.0
508064.8987227318 3881299.222005894 40.0
508065.0994716374 3881299.0225681537 40.0
508065.2911036492 3881298.823122329 40.0
508065.0994716374 3881299.0225681537 40.0
508065.2911036492 3881298.823122329 40.0
508065.4736187713 3881298.62366842 40.0
508065.4736187713 3881298.62366842 40.0
508065.66525080206 3881298.424222602 40.0
508065.8386391972 3881298.2358503705 40.0
508065.66525080206 3881298.424222602 40.0
508066.0120177592 3881298.058567904 40.0
508066.0120177592 3881298.058567904 40.0
508066.1762695887 3881297.892367109 40.0
508066.1762695887 3881297.892367109 40.0
508066.33139468223 3881297.737247991 40.0
508066.1762695887 3881297.892367109 40.0
508066.33139468223 3881297.737247991 40.0
508066.4865197787 3881297.582128874 40.0
508066.4865197787 3881297.582128874 40.0
508066.5960406927 3881297.4491488296 40.0
508066.5960406927 3881297.4491488296 40.0
508066.71468835045 3881297.305087116 40.0
508066.71468835045 3881297.305087116 40.0
508066.8333261684 3881297.172115164 40.0
508066.8333261684 3881297.172115164 40.0
508066.9337301904 3881297.0391270346 40.0
508066.9337301904 3881297.0391270346 40.0
508067.0250074694 3881296.917220574 40.0
508067.0250074694 3881296.917220574 40.0
508067.1162749069 3881296.806403877 40.0
508067.1162749069 3881296.806403877 40.0
508067.1893085419 3881296.695570997 40.0
508067.1893085419 3881296.695570997 40.0
508067.27144924167 3881296.5958359702 40.0
508067.3353462962 3881296.507174521 40.0
508067.3353462962 3881296.507174521 40.0
508067.3353462962 3881296.507174521 40.0
508067.40836025233 3881296.418521165 40.0
508067.4722573118 3881296.329859719 40.0
508067.4722573118 3881296.329859719 40.0
508067.4722573118 3881296.329859719 40.0
508067.5361543679 3881296.241198272 40.0
508067.5361543679 3881296.241198272 40.0
508067.59092468244 3881296.1636184957 40.0
508067.59092468244 3881296.1636184957 40.0
508067.6548217408 3881296.07495705 40.0
508067.7096018974 3881295.9862875133 40.0
508067.7096018974 3881295.9862875133 40.0
508067.7096018974 3881295.9862875133 40.0
508067.78261586366 3881295.89763416 40.0
508067.8465227683 3881295.7978829555 40.0
508067.8465227683 3881295.7978829555 40.0
508067.8465227683 3881295.7978829555 40.0
508067.91953673743 3881295.709229603 40.0
508067.91953673743 3881295.709229603 40.0
508067.98344364954 3881295.6094783996 40.0
508067.98344364954 3881295.6094783996 40.0
508068.0564674619 3881295.5097352876 40.0
508068.0564674619 3881295.5097352876 40.0
508068.1295011211 3881295.398902417 40.0
508068.1295011211 3881295.398902417 40.0
508068.20253478206 3881295.288069546 40.0
508068.20253478206 3881295.288069546 40.0
508068.284685344 3881295.177244768 40.0
508068.284685344 3881295.177244768 40.0
508068.3668457557 3881295.055330231 40.0
508068.44901601295 3881294.9223259324 40.0
508068.44901601295 3881294.9223259324 40.0
508068.44901601295 3881294.9223259324 40.0
508068.5311764292 3881294.8004113953 40.0
508068.6224734389 3881294.6563254297 40.0
508068.5311764292 3881294.8004113953 40.0
508068.6224734389 3881294.6563254297 40.0
508068.7046437034 3881294.523321135 40.0
508068.7959308727 3881294.3903249316 40.0
508068.7959308727 3881294.3903249316 40.0
508068.7959308727 3881294.3903249316 40.0
508068.87811098585 3881294.2462308793 40.0
508068.96940800664 3881294.102144917 40.0
508068.87811098585 3881294.2462308793 40.0
508069.0607050303 3881293.958058958 40.0
508069.0607050303 3881293.958058958 40.0
508069.0607050303 3881293.958058958 40.0
508069.1520119009 3881293.802883237 40.0
508069.1520119009 3881293.802883237 40.0
508069.2342018692 3881293.6476994255 40.0
508069.3255185879 3881293.4814339476 40.0
508069.3255185879 3881293.4814339476 40.0
508069.3255185879 3881293.4814339476 40.0
508069.41682546784 3881293.326258229 40.0
508069.5081421954 3881293.159992754 40.0
508069.41682546784 3881293.326258229 40.0
508069.5081421954 3881293.159992754 40.0
508069.5903420202 3881292.993719184 40.0
508069.5903420202 3881292.993719184 40.0
508069.6816587519 3881292.8274537106 40.0
508069.7729853365 3881292.6500984756 40.0
508069.7729853365 3881292.6500984756 40.0
508069.86432176724 3881292.4616534817 40.0
508069.7729853365 3881292.6500984756 40.0
508069.86432176724 3881292.4616534817 40.0
508069.9647751085 3881292.2732165814 40.0
508069.9647751085 3881292.2732165814 40.0
508070.0652284517 3881292.084779685 40.0
508070.15656489413 3881291.896334692 40.0
508070.15656489413 3881291.896334692 40.0
508070.15656489413 3881291.896334692 40.0
508070.2570280954 3881291.6968080373 40.0
508070.2570280954 3881291.6968080373 40.0
508070.35749129654 3881291.497281381 40.0
508070.35749129654 3881291.497281381 40.0
508070.4670615664 3881291.308852582 40.0
508070.4670615664 3881291.308852582 40.0
508070.5675149329 3881291.1204156894 40.0
508070.6679584576 3881290.9430685597 40.0
508070.6679584576 3881290.9430685597 40.0
508070.6679584576 3881290.9430685597 40.0
508070.7684019862 3881290.7657214287 40.0
508070.7684019862 3881290.7657214287 40.0
508070.95102569665 3881290.444280266 40.0
508070.95102569665 3881290.444280266 40.0
508071.03319603315 3881290.311275992 40.0
508071.03319603315 3881290.311275992 40.0
508071.1153762185 3881290.1671819584 40.0
508071.1975367133 3881290.045267447 40.0
508071.1153762185 3881290.1671819584 40.0
508071.1975367133 3881290.045267447 40.0
508071.2705803012 3881289.9233448408 40.0
508071.3344971327 3881289.8125039004 40.0
508071.3344971327 3881289.8125039004 40.0
508071.3344971327 3881289.8125039004 40.0
508071.39841396804 3881289.7016629614 40.0
508071.46232095576 3881289.601911782 40.0
508071.46232095576 3881289.601911782 40.0
508071.5171208822 3881289.491062749 40.0
508071.46232095576 3881289.601911782 40.0
508071.5719011206 3881289.402393236 40.0
508071.5719011206 3881289.402393236 40.0
508071.6266912025 3881289.3026339645 40.0
508071.6266912025 3881289.3026339645 40.0
508071.6723545286 3881289.2139563565 40.0
508071.6723545286 3881289.2139563565 40.0
508071.6723545286 3881289.2139563565 40.0
508071.7271544623 3881289.1031073253 40.0
508071.7271544623 3881289.1031073253 40.0
508071.7819445477 3881289.003348053 40.0
508071.7819445477 3881289.003348053 40.0
508071.8367346367 3881288.9035887825 40.0
508071.8367346367 3881288.9035887825 40.0
508071.8915247245 3881288.80382951 40.0
508071.9463246633 3881288.69298048 40.0
508071.9463246633 3881288.69298048 40.0
508072.0102513615 3881288.5710497843 40.0
508072.0102513615 3881288.5710497843 40.0
508072.0741780591 3881288.449119089 40.0
508072.0741780591 3881288.449119089 40.0
508072.1381146085 3881288.3160986346 40.0
508072.1381146085 3881288.3160986346 40.0
508072.1381146085 3881288.3160986346 40.0
508072.20205115736 3881288.18307818 40.0
508072.20205115736 3881288.18307818 40.0
508072.2751144694 3881288.038976062 40.0
508072.3481777814 3881287.894873943 40.0
508072.3481777814 3881287.894873943 40.0
508072.4303678574 3881287.7396901622 40.0
508072.4303678574 3881287.7396901622 40.0
508072.4303678574 3881287.7396901622 40.0
508072.52167484775 3881287.584514477 40.0
508072.6129818389 3881287.429338794 40.0
508072.6129818389 3881287.429338794 40.0
508072.6129818389 3881287.429338794 40.0
508072.70428883773 3881287.2741631106 40.0
508072.70428883773 3881287.2741631106 40.0
508072.8047225979 3881287.1079057637 40.0
508072.8047225979 3881287.1079057637 40.0
508072.89603944955 3881286.9416403244 40.0
508072.89603944955 3881286.9416403244 40.0
508072.9873563022 3881286.7753748824 40.0
508072.9873563022 3881286.7753748824 40.0
508073.07866331167 3881286.620199204 40.0
508073.07866331167 3881286.620199204 40.0
508073.1608632606 3881286.4539256687 40.0
508073.1608632606 3881286.4539256687 40.0
508073.2430435144 3881286.309831656 40.0
508073.2430435144 3881286.309831656 40.0
508073.31610685785 3881286.165729546 40.0
508073.31610685785 3881286.165729546 40.0
508073.3982871144 3881286.0216355342 40.0
508073.48044767714 3881285.8997210427 40.0
508073.48044767714 3881285.8997210427 40.0
508073.5534913288 3881285.777798455 40.0
508073.5534913288 3881285.777798455 40.0
508073.62652513286 3881285.66696563 40.0
508073.62652513286 3881285.66696563 40.0
508073.62652513286 3881285.66696563 40.0
508073.69043217326 3881285.567214467 40.0
508073.69043217326 3881285.567214467 40.0
508073.74522230146 3881285.467455208 40.0
508073.74522230146 3881285.467455208 40.0
508073.8000025834 3881285.3787857103 40.0
508073.85477301665 3881285.301205972 40.0
508073.85477301665 3881285.301205972 40.0
508073.9004363844 3881285.212528377 40.0
508073.9004363844 3881285.212528377 40.0
508073.9004363844 3881285.212528377 40.0
508073.9369631394 3881285.1460222057 40.0
508073.9826166611 3881285.0684343707 40.0
508073.9826166611 3881285.0684343707 40.0
508073.9826166611 3881285.0684343707 40.0
508074.01914341724 3881285.0019281986 40.0
508074.06478709035 3881284.9354301244 40.0
508074.06478709035 3881284.9354301244 40.0
508074.06478709035 3881284.9354301244 40.0
508074.1013138476 3881284.8689239537 40.0
508074.14696737216 3881284.791336119 40.0
508074.14696737216 3881284.791336119 40.0
508074.14696737216 3881284.791336119 40.0
508074.19262089516 3881284.713748286 40.0
508074.19262089516 3881284.713748286 40.0
508074.22916735243 3881284.6250625947 40.0
508074.2839574968 3881284.525303338 40.0
508074.2839574968 3881284.525303338 40.0
508074.2839574968 3881284.525303338 40.0
508074.3387476377 3881284.4255440827 40.0
508074.4026645451 3881284.3147031656 40.0
508074.3387476377 3881284.4255440827 40.0
508074.4026645451 3881284.3147031656 40.0
508074.4665913069 3881284.192772487 40.0
508074.4665913069 3881284.192772487 40.0
508074.53052791866 3881284.0597520494 40.0
508074.53052791866 3881284.0597520494 40.0
508074.60358144983 3881283.926739711 40.0
508074.60358144983 3881283.926739711 40.0
508074.68575189845 3881283.793735471 40.0
508074.7679420512 3881283.638551712 40.0
508074.7679420512 3881283.638551712 40.0
508074.7679420512 3881283.638551712 40.0
508074.85012235586 3881283.494457714 40.0
508074.85012235586 3881283.494457714 40.0
508074.93231251417 3881283.3392739547 40.0
508074.93231251417 3881283.3392739547 40.0
508075.01449282176 3881283.195179959 40.0
508075.01449282176 3881283.195179959 40.0
508075.09667313425 3881283.051085962 40.0
508075.09667313425 3881283.051085962 40.0
508075.16973653313 3881282.906983867 40.0
508075.16973653313 3881282.906983867 40.0
508075.2519069992 3881282.773979634 40.0
508075.32495069964 3881282.6520570605 40.0
508075.2519069992 3881282.773979634 40.0
508075.32495069964 3881282.6520570605 40.0
508075.3888774831 3881282.530126389 40.0
508075.3888774831 3881282.530126389 40.0
508075.4527845648 3881282.430375241 40.0
508075.4527845648 3881282.430375241 40.0
508075.5075747334 3881282.3306159927 40.0
508075.5075747334 3881282.3306159927 40.0
508075.5532381322 3881282.2419384057 40.0
508075.5532381322 3881282.2419384057 40.0
508075.58977476537 3881282.1643424807 40.0
508075.6354283138 3881282.0867546536 40.0
508075.6354283138 3881282.0867546536 40.0
508075.6719550939 3881282.0202484895 40.0
508075.6354283138 3881282.0867546536 40.0
508075.7084917266 3881281.9426525636 40.0
508075.6719550939 3881282.0202484895 40.0
508075.7541354274 3881281.876154498 40.0
508075.7541354274 3881281.876154498 40.0
508075.7906720614 3881281.7985585746 40.0
508075.7541354274 3881281.876154498 40.0
508075.7906720614 3881281.7985585746 40.0
508075.8363256157 3881281.720970749 40.0
508075.8363256157 3881281.720970749 40.0
508075.8455114963 3881281.643350527 40.0
508075.8455114963 3881281.643350527 40.0
508075.88204813434 3881281.5657546027 40.0
508075.9277213929 3881281.4659872563 40.0
508075.88204813434 3881281.5657546027 40.0
508075.98251157487 3881281.3662280114 40.0
508075.9277213929 3881281.4659872563 40.0
508076.03730175336 3881281.2664687666 40.0
508076.03730175336 3881281.2664687666 40.0
508076.11034547404 3881281.1445462015 40.0
508076.03730175336 3881281.2664687666 40.0
508076.1742624283 3881281.0337052965 40.0
508076.11034547404 3881281.1445462015 40.0
508076.1742624283 3881281.0337052965 40.0
508076.23818923446 3881280.9117746316 40.0
508076.3021061919 3881280.800933729 40.0
508076.3021061919 3881280.800933729 40.0
508076.3021061919 3881280.800933729 40.0
508076.3660231486 3881280.6900928253 40.0
508076.42081334 3881280.590333581 40.0
508076.42081334 3881280.590333581 40.0
508076.42081334 3881280.590333581 40.0
508076.48472044664 3881280.490582441 40.0
508076.5303838641 3881280.4019048586 40.0
508076.5303838641 3881280.4019048586 40.0
508076.5303838641 3881280.4019048586 40.0
508076.58516420133 3881280.313235377 40.0
508076.630827623 3881280.2245577965 40.0
508076.58516420133 3881280.313235377 40.0
508076.630827623 3881280.2245577965 40.0
508076.67650089646 3881280.124790455 40.0
508076.67650089646 3881280.124790455 40.0
508076.7312910924 3881280.0250312146 40.0
508076.7312910924 3881280.0250312146 40.0
508076.78608128947 3881279.9252719735 40.0
508076.78608128947 3881279.9252719735 40.0
508076.8591151798 3881279.8144391743 40.0
508076.8591151798 3881279.8144391743 40.0
508076.9230420037 3881279.692508515 40.0
508076.9230420037 3881279.692508515 40.0
508077.0052125243 3881279.5595042957 40.0
508077.0782759814 3881279.4154022187 40.0
508077.0782759814 3881279.4154022187 40.0
508077.16958313197 3881279.260226583 40.0
508077.0782759814 3881279.4154022187 40.0
508077.16958313197 3881279.260226583 40.0
508077.251773368 3881279.1050428464 40.0
508077.251773368 3881279.1050428464 40.0
508077.3430805269 3881278.949867212 40.0
508077.3430805269 3881278.949867212 40.0
508077.42527076864 3881278.794683476 40.0
508077.5074610109 3881278.639499743 40.0
508077.42527076864 3881278.794683476 40.0
508077.5896414039 3881278.49540577 40.0
508077.5896414039 3881278.49540577 40.0
508077.5896414039 3881278.49540577 40.0
508077.6626950243 3881278.362393456 40.0
508077.73573879234 3881278.240470905 40.0
508077.73573879234 3881278.240470905 40.0
508077.73573879234 3881278.240470905 40.0
508077.7996557844 3881278.129630013 40.0
508077.86357278033 3881278.018789119 40.0
508077.86357278033 3881278.018789119 40.0
508077.86357278033 3881278.018789119 40.0
508077.91836299957 3881277.9190298864 40.0
508077.91836299957 3881277.9190298864 40.0
508077.97314336523 3881277.830360413 40.0
508078.0188068129 3881277.741682839 40.0
508078.0188068129 3881277.741682839 40.0
508078.0188068129 3881277.741682839 40.0
508078.06447025907 3881277.653005266 40.0
508078.1192506277 3881277.564335794 40.0
508078.1192506277 3881277.564335794 40.0
508078.1649140781 3881277.4756582207 40.0
508078.1649140781 3881277.4756582207 40.0
508078.1649140781 3881277.4756582207 40.0
508078.2105775294 3881277.3869806477 40.0
508078.2562409816 3881277.2983030756 40.0
508078.2562409816 3881277.2983030756 40.0
508078.2562409816 3881277.2983030756 40.0
508078.3110213542 3881277.209633605 40.0
508078.3110213542 3881277.209633605 40.0
508078.35668480594 3881277.1209560325 40.0
508078.35668480594 3881277.1209560325 40.0
508078.41146518063 3881277.0322865625 40.0
508078.41146518063 3881277.0322865625 40.0
508078.4571286365 3881276.943608991 40.0
508078.4571286365 3881276.943608991 40.0
508078.50278223556 3881276.8660211796 40.0
508078.50278223556 3881276.8660211796 40.0
508078.5575527577 3881276.7884414718 40.0
508078.6032162162 3881276.699763901 40.0
508078.5575527577 3881276.7884414718 40.0
508078.6579867425 3881276.6221841914 40.0
508078.6032162162 3881276.699763901 40.0
508078.6579867425 3881276.6221841914 40.0
508078.7036403472 3881276.544596383 40.0
508078.7036403472 3881276.544596383 40.0
508078.75841087295 3881276.4670166746 40.0
508078.80407433276 3881276.3783391058 40.0
508078.80407433276 3881276.3783391058 40.0
508078.80407433276 3881276.3783391058 40.0
508078.8588547163 3881276.289669639 40.0
508078.8588547163 3881276.289669639 40.0
508078.9136351055 3881276.201000171 40.0
508078.9136351055 3881276.201000171 40.0
508078.9684253472 3881276.101240945 40.0
508078.9684253472 3881276.101240945 40.0
508079.02321559004 3881276.001481718 40.0
508079.02321559004 3881276.001481718 40.0
508079.0780058341 3881275.901722493 40.0
508079.0780058341 3881275.901722493 40.0
508079.1419130073 3881275.8019713694 40.0
508079.1419130073 3881275.8019713694 40.0
508079.19670325384 3881275.702212145 40.0
508079.2423568654 3881275.6246243375 40.0
508079.19670325384 3881275.702212145 40.0
508079.2423568654 3881275.6246243375 40.0
508079.2971274013 3881275.5470446334 40.0
508079.2971274013 3881275.5470446334 40.0
508079.3336542367 3881275.480538484 40.0
508079.3336542367 3881275.480538484 40.0
508079.3701810703 3881275.4140323345 40.0
508079.40669805015 3881275.358615945 40.0
508079.3701810703 3881275.4140323345 40.0
508079.40669805015 3881275.358615945 40.0
508079.4340882501 3881275.3142812126 40.0
508079.4341178198 3881275.2810119335 40.0
508079.4341178198 3881275.2810119335 40.0
508079.4432643111 3881275.2477507545 40.0
508079.4432643111 3881275.2477507545 40.0
508079.4432643111 3881275.2477507545 40.0
508079.4797911488 3881275.181244605 40.0
508079.5071813473 3881275.136909875 40.0
508079.5071813473 3881275.136909875 40.0
508079.53456168936 3881275.1036649053 40.0
508079.53456168936 3881275.1036649053 40.0
508079.5619518884 3881275.0593301724 40.0
508079.5619518884 3881275.0593301724 40.0
508079.5619518884 3881275.0593301724 40.0
508079.5802153091 3881275.026077099 40.0
508079.60760550626 3881274.981742367 40.0
508079.60760550626 3881274.981742367 40.0
508079.62586892734 3881274.948489292 40.0
508079.60760550626 3881274.981742367 40.0
508079.62586892734 3881274.948489292 40.0
508079.6532492727 3881274.9152443213 40.0
508079.67151268944 3881274.8819912476 40.0
508079.67151268944 3881274.8819912476 40.0
508079.67151268944 3881274.8819912476 40.0
508079.6897761086 3881274.848738174 40.0
508079.7080296733 3881274.82657486 40.0
508079.7080296733 3881274.82657486 40.0
508079.7080296733 3881274.82657486 40.0
508079.7262930927 3881274.793321786 40.0
508079.7262930927 3881274.793321786 40.0
508079.74456636916 3881274.748978952 40.0
508079.74456636916 3881274.748978952 40.0
508079.7810734947 3881274.704652325 40.0
508079.7810734947 3881274.704652325 40.0
508079.81759047764 3881274.6492359373 40.0
508079.86324410205 3881274.5716481316 40.0
508079.86324410205 3881274.5716481316 40.0
508079.90889772493 3881274.4940603296 40.0
508079.90889772493 3881274.4940603296 40.0
508079.90889772493 3881274.4940603296 40.0
508079.96367813286 3881274.405390869 40.0
508079.96367813286 3881274.405390869 40.0
508080.02758532163 3881274.3056397517 40.0
508080.09149251645 3881274.205888638 40.0
508080.09149251645 3881274.205888638 40.0
508080.1553997081 3881274.1061375216 40.0
508080.1553997081 3881274.1061375216 40.0
508080.2101899759 3881274.0063783033 40.0
508080.1553997081 3881274.1061375216 40.0
508080.2101899759 3881274.0063783033 40.0
508080.2740971725 3881273.906627188 40.0
508080.3288874429 3881273.8068679697 40.0
508080.3288874429 3881273.8068679697 40.0
508080.39279463986 3881273.707116856 40.0
508080.39279463986 3881273.707116856 40.0
508080.45670184284 3881273.6073657433 40.0
508080.45670184284 3881273.6073657433 40.0
508080.52060904267 3881273.50761463 40.0
508080.52060904267 3881273.50761463 40.0
508080.58451624616 3881273.4078635178 40.0
508080.58451624616 3881273.4078635178 40.0
508080.6484333068 3881273.297022646 40.0
508080.6484333068 3881273.297022646 40.0
508080.72146729723 3881273.1861898797 40.0
508080.72146729723 3881273.1861898797 40.0
508080.8036280738 3881273.0642754566 40.0
508080.8036280738 3881273.0642754566 40.0
508080.8036280738 3881273.0642754566 40.0
508080.88579871086 3881272.931271274 40.0
508080.88579871086 3881272.931271274 40.0
508080.9679792088 3881272.7871773336 40.0
508080.9679792088 3881272.7871773336 40.0
508081.0592766335 3881272.6430914975 40.0
508081.0592766335 3881272.6430914975 40.0
508081.1597008487 3881272.487924007 40.0
508081.1597008487 3881272.487924007 40.0
508081.2510081405 3881272.332748413 40.0
508081.2510081405 3881272.332748413 40.0
508081.3514323601 3881272.1775809247 40.0
508081.3514323601 3881272.1775809247 40.0
508081.4518664468 3881272.011323677 40.0
508081.4518664468 3881272.011323677 40.0
508081.5431836075 3881271.845058326 40.0
508081.5431836075 3881271.845058326 40.0
508081.65273462416 3881271.6788091864 40.0
508081.65273462416 3881271.6788091864 40.0
508081.75316872186 3881271.5125519442 40.0
508081.75316872186 3881271.5125519442 40.0
508081.8444760336 3881271.3573763557 40.0
508081.8444760336 3881271.3573763557 40.0
508081.93578334607 3881271.2022007685 40.0
508082.027090664 3881271.047025183 40.0
508082.027090664 3881271.047025183 40.0
508082.027090664 3881271.047025183 40.0
508082.1275149133 3881270.891857703 40.0
508082.1275149133 3881270.891857703 40.0
508082.2188123777 3881270.7477718797 40.0
508082.31923663354 3881270.5926044034 40.0
508082.31923663354 3881270.5926044034 40.0
508082.31923663354 3881270.5926044034 40.0
508082.4105341039 3881270.4485185808 40.0
508082.4105341039 3881270.4485185808 40.0
508082.50184143754 3881270.293342999 40.0
508082.50184143754 3881270.293342999 40.0
508082.5840219848 3881270.149249074 40.0
508082.675329322 3881269.9940734943 40.0
508082.5840219848 3881270.149249074 40.0
508082.76663666463 3881269.8388979165 40.0
508082.76663666463 3881269.8388979165 40.0
508082.76663666463 3881269.8388979165 40.0
508082.8579440104 3881269.6837223386 40.0
508082.94925135927 3881269.528546762 40.0
508082.94925135927 3881269.528546762 40.0
508082.94925135927 3881269.528546762 40.0
508083.04056856985 3881269.362281427 40.0
508083.04056856985 3881269.362281427 40.0
508083.1410027161 3881269.196024199 40.0
508083.1410027161 3881269.196024199 40.0
508083.23231993587 3881269.0297588645 40.0
508083.23231993587 3881269.0297588645 40.0
508083.3327639506 3881268.852411879 40.0
508083.4331882463 3881268.697244415 40.0
508083.4331882463 3881268.697244415 40.0
508083.54274920153 3881268.519905539 40.0
508083.54274920153 3881268.519905539 40.0
508083.54274920153 3881268.519905539 40.0
508083.6431833639 3881268.353648317 40.0
508083.6431833639 3881268.353648317 40.0
508083.73450060125 3881268.187382988 40.0
508083.73450060125 3881268.187382988 40.0
508083.83492491115 3881268.0322155287 40.0
508083.83492491115 3881268.0322155287 40.0
508083.9262421529 3881267.8659502016 40.0
508083.9262421529 3881267.8659502016 40.0
508084.02665660984 3881267.721872504 40.0
508084.11796399823 3881267.5666969405 40.0
508084.11796399823 3881267.5666969405 40.0
508084.2001445957 3881267.4226030293 40.0
508084.11796399823 3881267.5666969405 40.0
508084.2001445957 3881267.4226030293 40.0
508084.2823153286 3881267.28959888 40.0
508084.2823153286 3881267.28959888 40.0
508084.364476206 3881267.16768449 40.0
508084.364476206 3881267.16768449 40.0
508084.4375201535 3881267.0457619927 40.0
508084.4375201535 3881267.0457619927 40.0
508084.51054437744 3881266.9460190167 40.0
508084.51054437744 3881266.9460190167 40.0
508084.5744615311 3881266.835178173 40.0
508084.5744615311 3881266.835178173 40.0
508084.6383589653 3881266.7465168512 40.0
508084.6383589653 3881266.7465168512 40.0
508084.6931493265 3881266.64675766 40.0
508084.75704675843 3881266.5580963367 40.0
508084.75704675843 3881266.5580963367 40.0
508084.75704675843 3881266.5580963367 40.0
508084.81182726123 3881266.469426907 40.0
508084.81182726123 3881266.469426907 40.0
508084.86660776514 3881266.3807574776 40.0
508084.86660776514 3881266.3807574776 40.0
508084.91228119814 3881266.2809901806 40.0
508084.91228119814 3881266.2809901806 40.0
508084.96707156516 3881266.1812309898 40.0
508084.96707156516 3881266.1812309898 40.0
508085.08576924057 3881265.9817207223 40.0
508085.1496962716 3881265.859790123 40.0
508085.1496962716 3881265.859790123 40.0
508085.1496962716 3881265.859790123 40.0
508085.2227303764 3881265.7489573914 40.0
508085.2227303764 3881265.7489573914 40.0
508085.2866475472 3881265.6381165525 40.0
508085.2866475472 3881265.6381165525 40.0
508085.35056472186 3881265.527275717 40.0
508085.35056472186 3881265.527275717 40.0
508085.405364962 3881265.416426769 40.0
508085.405364962 3881265.416426769 40.0
508085.4692821397 3881265.305585931 40.0
508085.5332091806 3881265.1836553356 40.0
508085.5332091806 3881265.1836553356 40.0
508085.6062531596 3881265.0617328477 40.0
508085.6062531596 3881265.0617328477 40.0
508085.6062531596 3881265.0617328477 40.0
508085.6701802063 3881264.939802252 40.0
508085.6701802063 3881264.939802252 40.0
508085.74323405337 3881264.8067900063 40.0
508085.74323405337 3881264.8067900063 40.0
508085.8254048347 3881264.6737858704 40.0
508085.8254048347 3881264.6737858704 40.0
508085.91670241987 3881264.5297000855 40.0
508085.91670241987 3881264.5297000855 40.0
508086.0080098725 3881264.374524541 40.0
508086.0080098725 3881264.374524541 40.0
508086.1084441279 3881264.208267347 40.0
508086.1084441279 3881264.208267347 40.0
508086.217995322 3881264.042018263 40.0
508086.217995322 3881264.042018263 40.0
508086.3275662501 3881263.853589663 40.0
508086.3275662501 3881263.853589663 40.0
508086.4371371827 3881263.665161061 40.0
508086.5466982546 3881263.4878222216 40.0
508086.5466982546 3881263.4878222216 40.0
508086.5466982546 3881263.4878222216 40.0
508086.65626919613 3881263.299393625 40.0
508086.65626919613 3881263.299393625 40.0
508086.7567232061 3881263.110956918 40.0
508086.7567232061 3881263.110956918 40.0
508086.8662842909 3881262.933618083 40.0
508086.8662842909 3881262.933618083 40.0
508086.9667284435 3881262.756271138 40.0
508086.9667284435 3881262.756271138 40.0
508087.0671726001 3881262.5789241954 40.0
508087.0671726001 3881262.5789241954 40.0
508087.1676167582 3881262.401577254 40.0
508087.2589341218 3881262.2353119617 40.0
508087.2589341218 3881262.2353119617 40.0
508087.2589341218 3881262.2353119617 40.0
508087.35025148647 3881262.069046671 40.0
508087.4415787184 3881261.8916916214 40.0
508087.4415787184 3881261.8916916214 40.0
508087.4415787184 3881261.8916916214 40.0
508087.54201302736 3881261.725434443 40.0
508087.6333402688 3881261.5480793957 40.0
508087.54201302736 3881261.725434443 40.0
508087.6333402688 3881261.5480793957 40.0
508087.7337745827 3881261.3818222205 40.0
508087.7337745827 3881261.3818222205 40.0
508087.8342286384 3881261.193385525 40.0
508087.93468269595 3881261.0049488335 40.0
508087.8342286384 3881261.193385525 40.0
508087.93468269595 3881261.0049488335 40.0
508088.04426356073 3881260.805430492 40.0
508088.04426356073 3881260.805430492 40.0
508088.1447373635 3881260.594814282 40.0
508088.1447373635 3881260.594814282 40.0
508088.25432810513 3881260.384206184 40.0
508088.25432810513 3881260.384206184 40.0
508088.3639188564 3881260.173598086 40.0
508088.3639188564 3881260.173598086 40.0
508088.4735194757 3881259.9519002326 40.0
508088.4735194757 3881259.9519002326 40.0
508088.5922370444 3881259.7302104905 40.0
508088.7018278091 3881259.5196023984 40.0
508088.5922370444 3881259.7302104905 40.0
508088.80230163893 3881259.3089861954 40.0
508088.7018278091 3881259.5196023984 40.0
508088.80230163893 3881259.3089861954 40.0
508088.91188254306 3881259.109467867 40.0
508088.91188254306 3881259.109467867 40.0
508089.0123465164 3881258.909941426 40.0
508089.0123465164 3881258.909941426 40.0
508089.103683683 3881258.721496633 40.0
508089.1858940443 3881258.544133489 40.0
508089.103683683 3881258.721496633 40.0
508089.27722134726 3881258.3667784575 40.0
508089.27722134726 3881258.3667784575 40.0
508089.27722134726 3881258.3667784575 40.0
508089.3594218465 3881258.2005050746 40.0
508089.4416124777 3881258.0453214534 40.0
508089.4416124777 3881258.0453214534 40.0
508089.4416124777 3881258.0453214534 40.0
508089.51468617265 3881257.8901297185 40.0
508089.51468617265 3881257.8901297185 40.0
508089.5786330598 3881257.74601963 40.0
508089.5786330598 3881257.74601963 40.0
508089.6425799466 3881257.6019095443 40.0
508089.6425799466 3881257.6019095443 40.0
508089.7065268378 3881257.457799458 40.0
508089.7065268378 3881257.457799458 40.0
508089.7704638618 3881257.3247791324 40.0
508089.7704638618 3881257.3247791324 40.0
508089.8343910162 3881257.202848567 40.0
508089.8343910162 3881257.202848567 40.0
508089.89831817464 3881257.0809180024 40.0
508089.89831817464 3881257.0809180024 40.0
508089.9622453324 3881256.9589874386 40.0
508089.9622453324 3881256.9589874386 40.0
508090.01704568247 3881256.84813852 40.0
508090.01704568247 3881256.84813852 40.0
508090.08096297405 3881256.737297717 40.0
508090.08096297405 3881256.737297717 40.0
508090.13575345726 3881256.637538561 40.0
508090.19054394175 3881256.5377794043 40.0
508090.13575345726 3881256.637538561 40.0
508090.19054394175 3881256.5377794043 40.0
508090.2453245554 3881256.4491100074 40.0
508090.2453245554 3881256.4491100074 40.0
508090.29098822956 3881256.360432498 40.0
508090.29098822956 3881256.360432498 40.0
508090.34577871504 3881256.260673342 40.0
508090.34577871504 3881256.260673342 40.0
508090.4371060658 3881256.083318324 40.0
508090.4371060658 3881256.083318324 40.0
508090.4736429282 3881256.005722461 40.0
508090.51930660446 3881255.917044952 40.0
508090.4736429282 3881256.005722461 40.0
508090.5558533406 3881255.8283593296 40.0
508090.5558533406 3881255.8283593296 40.0
508090.5558533406 3881255.8283593296 40.0
508090.6015170186 3881255.739681821 40.0
508090.64718069974 3881255.6510043126 40.0
508090.64718069974 3881255.6510043126 40.0
508090.6928443795 3881255.562326805 40.0
508090.6928443795 3881255.562326805 40.0
508090.6928443795 3881255.562326805 40.0
508090.7385080625 3881255.4736492983 40.0
508090.784171744 3881255.384971791 40.0
508090.784171744 3881255.384971791 40.0
508090.784171744 3881255.384971791 40.0
508090.82070861215 3881255.307375928 40.0
508090.82070861215 3881255.307375928 40.0
508090.85725535365 3881255.218690308 40.0
508090.85725535365 3881255.218690308 40.0
508090.893792223 3881255.1410944457 40.0
508090.893792223 3881255.1410944457 40.0
508090.9303192225 3881255.074588346 40.0
508090.9303192225 3881255.074588346 40.0
508090.9942562811 3881254.941568029 40.0
508090.9942562811 3881254.941568029 40.0
508091.0216663401 3881254.8750538137 40.0
508091.0216663401 3881254.8750538137 40.0
508091.0490763949 3881254.8085395987 40.0
508091.0856132699 3881254.730943737 40.0
508091.0856132699 3881254.730943737 40.0
508091.0856132699 3881254.730943737 40.0
508091.1312670877 3881254.6533559915 40.0
508091.1312670877 3881254.6533559915 40.0
508091.17693077953 3881254.5646784864 40.0
508091.17693077953 3881254.5646784864 40.0
508091.22261421167 3881254.4538214616 40.0
508091.22261421167 3881254.4538214616 40.0
508091.3413319165 3881254.2321317573 40.0
508091.3413319165 3881254.2321317573 40.0
508091.41439580324 3881254.088029799 40.0
508091.41439580324 3881254.088029799 40.0
508091.4874498188 3881253.9550176 40.0
508091.4874498188 3881253.9550176 40.0
508091.5605137101 3881253.8109156443 40.0
508091.5605137101 3881253.8109156443 40.0
508091.63358747505 3881253.6557239285 40.0
508091.63358747505 3881253.6557239285 40.0
508091.69753442303 3881253.5116138556 40.0
508091.69753442303 3881253.5116138556 40.0
508091.77058844967 3881253.3786016605 40.0
508091.77058844967 3881253.3786016605 40.0
508091.83452553244 3881253.2455813503 40.0
508091.83452553244 3881253.2455813503 40.0
508091.89845274534 3881253.1236507995 40.0
508091.89845274534 3881253.1236507995 40.0
508092.0171803535 3881252.8908713455 40.0
508092.0171803535 3881252.8908713455 40.0
508092.0628440604 3881252.802193845 40.0
508092.1085176425 3881252.702426584 40.0
508092.1085176425 3881252.702426584 40.0
508092.1085176425 3881252.702426584 40.0
508092.1632983002 3881252.6137572 40.0
508092.1632983002 3881252.6137572 40.0
508092.2089620122 3881252.5250797006 40.0
508092.2089620122 3881252.5250797006 40.0
508092.2454890318 3881252.4585736045 40.0
508092.2454890318 3881252.4585736045 40.0
508092.2911428709 3881252.380985866 40.0
508092.2911428709 3881252.380985866 40.0
508092.32767976384 3881252.3033900093 40.0
508092.32767976384 3881252.3033900093 40.0
508092.3733336044 3881252.225802271 40.0
508092.3733336044 3881252.225802271 40.0
508092.4189775781 3881252.1593042924 40.0
508092.4189775781 3881252.1593042924 40.0
508092.4646314202 3881252.081716552 40.0
508092.4646314202 3881252.081716552 40.0
508092.51028526307 3881252.0041288156 40.0
508092.55593910906 3881251.926541077 40.0
508092.51028526307 3881252.0041288156 40.0
508092.55593910906 3881251.926541077 40.0
508092.6107197734 3881251.8378716945 40.0
508092.6107197734 3881251.8378716945 40.0
508092.6655103115 3881251.738112555 40.0
508092.6655103115 3881251.738112555 40.0
508092.72941780067 3881251.63836153 40.0
508092.72941780067 3881251.63836153 40.0
508092.8024422366 3881251.5386186223 40.0
508092.8024422366 3881251.5386186223 40.0
508092.8754765494 3881251.4277859563 40.0
508092.8754765494 3881251.4277859563 40.0
508092.94851086393 3881251.3169532907 40.0
508092.94851086393 3881251.3169532907 40.0
508093.02154517797 3881251.206120625 40.0
508093.02154517797 3881251.206120625 40.0
508093.1037063174 3881251.084206317 40.0
508093.1949942805 3881250.9512103675 40.0
508093.1949942805 3881250.9512103675 40.0
508093.2862822463 3881250.8182144184 40.0
508093.2862822463 3881250.8182144184 40.0
508093.2862822463 3881250.8182144184 40.0
508093.3775702148 3881250.6852184683 40.0
508093.45973136136 3881250.5633041644 40.0
508093.3775702148 3881250.6852184683 40.0
508093.55101933493 3881250.430308218 40.0
508093.45973136136 3881250.5633041644 40.0
508093.55101933493 3881250.430308218 40.0
508093.6422974397 3881250.308402033 40.0
508093.6422974397 3881250.308402033 40.0
508093.73357554455 3881250.186495848 40.0
508093.73357554455 3881250.186495848 40.0
508093.82485364954 3881250.064589665 40.0
508093.82485364954 3881250.064589665 40.0
508094.0074197457 3881249.8096875395 40.0
508094.0074197457 3881249.8096875395 40.0
508094.0986879861 3881249.6988711194 40.0
508094.0986879861 3881249.6988711194 40.0
508094.19908305054 3881249.576973056 40.0
508094.19908305054 3881249.576973056 40.0
508094.2903611702 3881249.4550668774 40.0
508094.2903611702 3881249.4550668774 40.0
508094.3816392923 3881249.3331607 40.0
508094.47291741916 3881249.2112545217 40.0
508094.3816392923 3881249.3331607 40.0
508094.47291741916 3881249.2112545217 40.0
508094.573312494 3881249.089356464 40.0
508094.6645906235 3881248.9674502886 40.0
508094.573312494 3881249.089356464 40.0
508094.76499558106 3881248.834462473 40.0
508094.76499558106 3881248.834462473 40.0
508094.8654005416 3881248.7014746596 40.0
508094.8654005416 3881248.7014746596 40.0
508095.0479568188 3881248.457662315 40.0
508095.0479568188 3881248.457662315 40.0
508095.0479568188 3881248.457662315 40.0
508095.1483420339 3881248.346854023 40.0
508095.2304933519 3881248.2360294946 40.0
508095.2304933519 3881248.2360294946 40.0
508095.31264467177 3881248.1252049683 40.0
508095.31264467177 3881248.1252049683 40.0
508095.31264467177 3881248.1252049683 40.0
508095.3947861178 3881248.0254702 40.0
508095.3947861178 3881248.0254702 40.0
508095.4587035366 3881247.9146294356 40.0
508095.4587035366 3881247.9146294356 40.0
508095.62298643735 3881247.7151599056 40.0
508095.62298643735 3881247.7151599056 40.0
508095.6960208151 3881247.6043272614 40.0
508095.7781721441 3881247.4935027384 40.0
508095.6960208151 3881247.6043272614 40.0
508095.7781721441 3881247.4935027384 40.0
508095.8694305527 3881247.393776096 40.0
508095.8694305527 3881247.393776096 40.0
508095.96981579193 3881247.282967813 40.0
508095.96981579193 3881247.282967813 40.0
508096.0702109104 3881247.1610697713 40.0
508096.0702109104 3881247.1610697713 40.0
508096.1706060292 3881247.039171732 40.0
508096.1706060292 3881247.039171732 40.0
508096.2619039547 3881246.8950860524 40.0
508096.2619039547 3881246.8950860524 40.0
508096.3532018855 3881246.751000376 40.0
508096.4627238425 3881246.6180206984 40.0
508096.3532018855 3881246.751000376 40.0
508096.57226556214 3881246.462861506 40.0
508096.57226556214 3881246.462861506 40.0
508096.57226556214 3881246.462861506 40.0
508096.68180728314 3881246.3077023104 40.0
508096.68180728314 3881246.3077023104 40.0
508096.78224193014 3881246.141445238 40.0
508096.78224193014 3881246.141445238 40.0
508096.91914439853 3881245.9752206495 40.0
508096.91914439853 3881245.9752206495 40.0
508097.0286960093 3881245.8089717 40.0
508097.0286960093 3881245.8089717 40.0
508097.138237746 3881245.653812513 40.0
508097.138237746 3881245.653812513 40.0
508097.23867241084 3881245.4875554456 40.0
508097.23867241084 3881245.4875554456 40.0
508097.33909720107 3881245.3323881384 40.0
508097.33909720107 3881245.3323881384 40.0
508097.45775590284 3881245.1772370767 40.0
508097.56728777353 3881245.0331676537 40.0
508097.56728777353 3881245.0331676537 40.0
508097.6768196523 3881244.889098232 40.0
508097.56728777353 3881245.0331676537 40.0
508097.6768196523 3881244.889098232 40.0
508097.77722469886 3881244.756110451 40.0
508097.77722469886 3881244.756110451 40.0
508097.8776198671 3881244.63421243 40.0
508097.9871418765 3881244.5012327726 40.0
508097.8776198671 3881244.63421243 40.0
508097.9871418765 3881244.5012327726 40.0
508098.17881527415 3881244.2574286144 40.0
508098.17881527415 3881244.2574286144 40.0
508098.25184971077 3881244.146595992 40.0
508098.25184971077 3881244.146595992 40.0
508098.3340011044 3881244.0357714933 40.0
508098.41615249997 3881243.924946993 40.0
508098.3340011044 3881244.0357714933 40.0
508098.41615249997 3881243.924946993 40.0
508098.47095302894 3881243.814098128 40.0
508098.47095302894 3881243.814098128 40.0
508098.6170416756 3881243.5702533694 40.0
508098.6170416756 3881243.5702533694 40.0
508098.7540232565 3881243.3153107315 40.0
508098.7540232565 3881243.3153107315 40.0
508098.8179605095 3881243.182290471 40.0
508098.8179605095 3881243.182290471 40.0
508098.89102460316 3881243.038188575 40.0
508098.89102460316 3881243.038188575 40.0
508098.96407881647 3881242.9051764384 40.0
508099.0553768276 3881242.7610907895 40.0
508098.96407881647 3881242.9051764384 40.0
508099.0553768276 3881242.7610907895 40.0
508099.137557885 3881242.616997018 40.0
508099.137557885 3881242.616997018 40.0
508099.2106219882 3881242.472895124 40.0
508099.29281293135 3881242.317711594 40.0
508099.2106219882 3881242.472895124 40.0
508099.29281293135 3881242.317711594 40.0
508099.3749939965 3881242.173617824 40.0
508099.3749939965 3881242.173617824 40.0
508099.44804822386 3881242.0406056927 40.0
508099.44804822386 3881242.0406056927 40.0
508099.530219413 3881241.907601684 40.0
508099.530219413 3881241.907601684 40.0
508099.603273647 3881241.774589553 40.0
508099.603273647 3881241.774589553 40.0
508099.67632788315 3881241.641577424 40.0
508099.67632788315 3881241.641577424 40.0
508099.74025528017 3881241.5196469305 40.0
508099.74025528017 3881241.5196469305 40.0
508099.79505583964 3881241.408798074 40.0
508099.79505583964 3881241.408798074 40.0
508099.8589733608 3881241.2979573407 40.0
508099.8589733608 3881241.2979573407 40.0
508099.92288099974 3881241.1982063693 40.0
508099.92288099974 3881241.1982063693 40.0
508099.97768156574 3881241.087357514 40.0
508100.03247225145 3881240.9875984183 40.0
508099.97768156574 3881241.087357514 40.0
508100.03247225145 3881240.9875984183 40.0
508100.0963798945 3881240.8878474473 40.0
508100.15119034384 3881240.7659088336 40.0
508100.0963798945 3881240.8878474473 40.0
508100.15119034384 3881240.7659088336 40.0
508100.21510787384 3881240.655068103 40.0
508100.21510787384 3881240.655068103 40.0
508100.2881720098 3881240.510966218 40.0
508100.2881720098 3881240.510966218 40.0
508100.3612163818 3881240.3890438536 40.0
508100.3612163818 3881240.3890438536 40.0
508100.4433974812 3881240.2449500957 40.0
508100.4433974812 3881240.2449500957 40.0
508100.52557858324 3881240.1008563363 40.0
508100.52557858324 3881240.1008563363 40.0
508100.5986427286 3881239.9567544544 40.0
508100.6899605599 3881239.7904893025 40.0
508100.5986427286 3881239.9567544544 40.0
508100.6899605599 3881239.7904893025 40.0
508100.77214166994 3881239.646395547 40.0
508100.77214166994 3881239.646395547 40.0
508100.863449625 3881239.4912201557 40.0
508100.863449625 3881239.4912201557 40.0
508100.95474769804 3881239.347134525 40.0
508100.95474769804 3881239.347134525 40.0
508101.046065542 3881239.1808693777 40.0
508101.046065542 3881239.1808693777 40.0
508101.12825654604 3881239.0256858645 40.0
508101.12825654604 3881239.0256858645 40.0
508101.21956451336 3881238.8705104766 40.0
508101.3017555232 3881238.715326966 40.0
508101.21956451336 3881238.8705104766 40.0
508101.3017555232 3881238.715326966 40.0
508101.38395641674 3881238.549053697 40.0
508101.46613754897 3881238.4049599464 40.0
508101.46613754897 3881238.4049599464 40.0
508101.46613754897 3881238.4049599464 40.0
508101.55745541165 3881238.2386948047 40.0
508101.63052946946 3881238.0835031704 40.0
508101.55745541165 3881238.2386948047 40.0
508101.63052946946 3881238.0835031704 40.0
508101.70361341565 3881237.917221777 40.0
508101.70361341565 3881237.917221777 40.0
508101.7766973645 3881237.7509403876 40.0
508101.8589081615 3881237.5735773616 40.0
508101.8589081615 3881237.5735773616 40.0
508101.8589081615 3881237.5735773616 40.0
508101.94112884335 3881237.3851245777 40.0
508101.94112884335 3881237.3851245777 40.0
508102.03245660895 3881237.2077696803 40.0
508102.03245660895 3881237.2077696803 40.0
508102.1146575294 3881237.041496417 40.0
508102.1146575294 3881237.041496417 40.0
508102.19686833944 3881236.8641333957 40.0
508102.19686833944 3881236.8641333957 40.0
508102.28819611523 3881236.6867785 40.0
508102.28819611523 3881236.6867785 40.0
508102.3703970474 3881236.52050524 40.0
508102.3703970474 3881236.52050524 40.0
508102.4617050609 3881236.3653298663 40.0
508102.4617050609 3881236.3653298663 40.0
508102.5439059991 3881236.1990566077 40.0
508102.5439059991 3881236.1990566077 40.0
508102.6260970556 3881236.0438731075 40.0
508102.6260970556 3881236.0438731075 40.0
508102.6991612666 3881235.8997712443 40.0
508102.6991612666 3881235.8997712443 40.0
508102.7722155904 3881235.76675914 40.0
508102.7722155904 3881235.76675914 40.0
508102.85439676966 3881235.6226654034 40.0
508102.85439676966 3881235.6226654034 40.0
508102.93656806636 3881235.4896614263 40.0
508102.93656806636 3881235.4896614263 40.0
508103.0187393655 3881235.356657451 40.0
508103.0187393655 3881235.356657451 40.0
508103.0735597725 3881235.2236290965 40.0
508103.0735597725 3881235.2236290965 40.0
508103.13747737923 3881235.112788388 40.0
508103.13747737923 3881235.112788388 40.0
508103.2014048683 3881234.99085792 40.0
508103.2014048683 3881234.99085792 40.0
508103.2744394403 3881234.8800253393 40.0
508103.3292301971 3881234.7802662654 40.0
508103.3292301971 3881234.7802662654 40.0
508103.3292301971 3881234.7802662654 40.0
508103.39313792204 3881234.680515317 40.0
508103.39313792204 3881234.680515317 40.0
508103.4570456461 3881234.580764371 40.0
508103.4570456461 3881234.580764371 40.0
508103.57574413804 3881234.381254352 40.0
508103.57574413804 3881234.381254352 40.0
508103.62140805024 3881234.29257691 40.0
508103.62140805024 3881234.29257691 40.0
508103.68529600743 3881234.215005484 40.0
508103.68529600743 3881234.215005484 40.0
508103.7309401493 3881234.1485075643 40.0
508103.7309401493 3881234.1485075643 40.0
508103.77658429416 3881234.0820096433 40.0
508103.77658429416 3881234.0820096433 40.0
508103.8131114721 3881234.0155035956 40.0
508103.8131114721 3881234.0155035956 40.0
508103.84963865293 3881233.9489975483 40.0
508103.84963865293 3881233.9489975483 40.0
508103.87704886886 3881233.882483373 40.0
508103.87704886886 3881233.882483373 40.0
508103.9044491942 3881233.827058959 40.0
508103.9044491942 3881233.827058959 40.0
508103.9409664901 3881233.7716426705 40.0
508103.9409664901 3881233.7716426705 40.0
508103.9774837841 3881233.716226383 40.0
508103.9774837841 3881233.716226383 40.0
508104.0140010809 3881233.660810097 40.0
508104.0140010809 3881233.660810097 40.0
508104.0596452279 3881233.5943121775 40.0
508104.0596452279 3881233.5943121775 40.0
508104.0961724122 3881233.527806131 40.0
508104.14182644716 3881233.450218452 40.0
508104.0961724122 3881233.527806131 40.0
508104.14182644716 3881233.450218452 40.0
508104.18747059617 3881233.383720535 40.0
508104.18747059617 3881233.383720535 40.0
508104.23313452164 3881233.295043097 40.0
508104.28790552495 3881233.2174635474 40.0
508104.23313452164 3881233.295043097 40.0
508104.28790552495 3881233.2174635474 40.0
508104.3244425969 3881233.1398677416 40.0
508104.3244425969 3881233.1398677416 40.0
508104.370096638 3881233.0622800644 40.0
508104.40663371125 3881232.9846842615 40.0
508104.370096638 3881233.0622800644 40.0
508104.40663371125 3881232.9846842615 40.0
508104.4431707875 3881232.9070884557 40.0
508104.48881494143 3881232.8405905394 40.0
508104.48881494143 3881232.8405905394 40.0
508104.48881494143 3881232.8405905394 40.0
508104.5253520189 3881232.762994735 40.0
508104.5618890924 3881232.6853989307 40.0
508104.5253520189 3881232.762994735 40.0
508104.5618890924 3881232.6853989307 40.0
508104.59841628396 3881232.618892886 40.0
508104.6349434738 3881232.552386842 40.0
508104.59841628396 3881232.618892886 40.0
508104.6349434738 3881232.552386842 40.0
508104.6714706664 3881232.485880798 40.0
508104.6714706664 3881232.485880798 40.0
508104.7079978573 3881232.419374754 40.0
508104.74452505104 3881232.3528687106 40.0
508104.74452505104 3881232.3528687106 40.0
508104.74452505104 3881232.3528687106 40.0
508104.78106212796 3881232.275272908 40.0
508104.78106212796 3881232.275272908 40.0
508104.8175992102 3881232.1976771043 40.0
508104.8175992102 3881232.1976771043 40.0
508104.8723801126 3881232.1090077995 40.0
508104.8723801126 3881232.1090077995 40.0
508104.9180440487 3881232.020330365 40.0
508104.9180440487 3881232.020330365 40.0
508104.9819518104 3881231.9205794283 40.0
508104.9819518104 3881231.9205794283 40.0
508105.0276256386 3881231.820812237 40.0
508105.08241643297 3881231.7210531724 40.0
508105.08241643297 3881231.7210531724 40.0
508105.08241643297 3881231.7210531724 40.0
508105.1463241986 3881231.6213022377 40.0
508105.20111499546 3881231.521543175 40.0
508105.20111499546 3881231.521543175 40.0
508105.20111499546 3881231.521543175 40.0
508105.2559057959 3881231.4217841118 40.0
508105.2559057959 3881231.4217841118 40.0
508105.3106867072 3881231.33311481 40.0
508105.3563605419 3881231.23334762 40.0
508105.3563605419 3881231.23334762 40.0
508105.3563605419 3881231.23334762 40.0
508105.4111414576 3881231.1446783165 40.0
508105.4111414576 3881231.1446783165 40.0
508105.4750492285 3881231.044927385 40.0
508105.4750492285 3881231.044927385 40.0
508105.5207131759 3881230.9562499556 40.0
508105.5207131759 3881230.9562499556 40.0
508105.5846209517 3881230.856499023 40.0
508105.5846209517 3881230.856499023 40.0
508105.63940186956 3881230.7678297223 40.0
508105.63940186956 3881230.7678297223 40.0
508105.69420256774 3881230.6569809034 40.0
508105.69420256774 3881230.6569809034 40.0
508105.75811034755 3881230.5572299743 40.0
508105.75811034755 3881230.5572299743 40.0
508105.8311449839 3881230.4463974144 40.0
508105.8311449839 3881230.4463974144 40.0
508105.8950626553 3881230.335556725 40.0
508105.8950626553 3881230.335556725 40.0
508105.9680972974 3881230.2247241666 40.0
508106.0411418279 3881230.1028018477 40.0
508106.0411418279 3881230.1028018477 40.0
508106.0411418279 3881230.1028018477 40.0
508106.1050792822 3881229.9697816423 40.0
508106.1781238165 3881229.847859327 40.0
508106.1781238165 3881229.847859327 40.0
508106.1781238165 3881229.847859327 40.0
508106.24206127465 3881229.714839122 40.0
508106.24206127465 3881229.714839122 40.0
508106.3151354805 3881229.5596475275 40.0
508106.3151354805 3881229.5596475275 40.0
508106.39731677173 3881229.415553825 40.0
508106.39731677173 3881229.415553825 40.0
508106.4886150356 3881229.271468252 40.0
508106.4886150356 3881229.271468252 40.0
508106.5707963322 3881229.127374551 40.0
508106.66210448905 3881228.9721992197 40.0
508106.66210448905 3881228.9721992197 40.0
508106.66210448905 3881228.9721992197 40.0
508106.7534027616 3881228.828113649 40.0
508106.7534027616 3881228.828113649 40.0
508106.8355939562 3881228.672930191 40.0
508106.8355939562 3881228.672930191 40.0
508106.9817226319 3881228.3847265337 40.0
508106.9817226319 3881228.3847265337 40.0
508107.0547770807 3881228.2517144647 40.0
508107.1278315341 3881228.118702397 40.0
508107.0547770807 3881228.2517144647 40.0
508107.1278315341 3881228.118702397 40.0
508107.1826421543 3881227.9967638273 40.0
508107.23745278054 3881227.874825257 40.0
508107.1826421543 3881227.9967638273 40.0
508107.23745278054 3881227.874825257 40.0
508107.29225351324 3881227.7639764487 40.0
508107.3379273852 3881227.6642092676 40.0
508107.3379273852 3881227.6642092676 40.0
508107.3927182322 3881227.5644502183 40.0
508107.3927182322 3881227.5644502183 40.0
508107.3927182322 3881227.5644502183 40.0
508107.4383822156 3881227.4757727985 40.0
508107.4383822156 3881227.4757727985 40.0
508107.4840363093 3881227.398185136 40.0
508107.4840363093 3881227.398185136 40.0
508107.5205635434 3881227.331679105 40.0
508107.5205635434 3881227.331679105 40.0
508107.5479738037 3881227.26516494 40.0
508107.5479738037 3881227.26516494 40.0
508107.5753741736 3881227.209740538 40.0
508107.5753741736 3881227.209740538 40.0
508107.60277454613 3881227.1543161334 40.0
508107.60277454613 3881227.1543161334 40.0
508107.63017491676 3881227.098891731 40.0
508107.63017491676 3881227.098891731 40.0
508107.675848798 3881226.999124551 40.0
508107.675848798 3881226.999124551 40.0
508107.7032491672 3881226.943700149 40.0
508107.7032491672 3881226.943700149 40.0
508107.73063965037 3881226.899365505 40.0
508107.75804991345 3881226.832851343 40.0
508107.73063965037 3881226.899365505 40.0
508107.75804991345 3881226.832851343 40.0
508107.79458704055 3881226.755255551 40.0
508107.79458704055 3881226.755255551 40.0
508107.8311340616 3881226.6665700017 40.0
508107.88591502653 3881226.577900716 40.0
508107.8311340616 3881226.6665700017 40.0
508107.9407157773 3881226.46705191 40.0
508107.9407157773 3881226.46705191 40.0
508107.9407157773 3881226.46705191 40.0
508107.98639955634 3881226.3561949735 40.0
508107.98639955634 3881226.3561949735 40.0
508108.0960208423 3881226.112317845 40.0
508108.196465814 3881225.9349711444 40.0
508108.196465814 3881225.9349711444 40.0
508108.196465814 3881225.9349711444 40.0
508108.2786669486 3881225.7686979403 40.0
508108.36998506216 3881225.602432867 40.0
508108.2786669486 3881225.7686979403 40.0
508108.44306923135 3881225.4361515325 40.0
508108.36998506216 3881225.602432867 40.0
508108.44306923135 3881225.4361515325 40.0
508108.5252703772 3881225.2698783297 40.0
508108.5252703772 3881225.2698783297 40.0
508108.6074616341 3881225.1146948873 40.0
508108.6074616341 3881225.1146948873 40.0
508108.68966278585 3881224.9484216874 40.0
508108.68966278585 3881224.9484216874 40.0
508108.7718540484 3881224.793238245 40.0
508108.7718540484 3881224.793238245 40.0
508108.8631721808 3881224.6269731796 40.0
508108.8631721808 3881224.6269731796 40.0
508108.9453733393 3881224.46069998 40.0
508108.9453733393 3881224.46069998 40.0
508109.02756460826 3881224.305516542 40.0
508109.02756460826 3881224.305516542 40.0
508109.10975588235 3881224.1503331056 40.0
508109.10975588235 3881224.1503331056 40.0
508109.191957052 3881223.9840599094 40.0
508109.191957052 3881223.9840599094 40.0
508109.34724242456 3881223.6515053865 40.0
508109.34724242456 3881223.6515053865 40.0
508109.429443603 3881223.485232192 40.0
508109.5025278061 3881223.3189508654 40.0
508109.5025278061 3881223.3189508654 40.0
508109.5025278061 3881223.3189508654 40.0
508109.57562190737 3881223.141579781 40.0
508109.57562190737 3881223.141579781 40.0
508109.6487061182 3881222.975298456 40.0
508109.6487061182 3881222.975298456 40.0
508109.7308974149 3881222.820115024 40.0
508109.7308974149 3881222.820115024 40.0
508109.88617293106 3881222.498650269 40.0
508109.88617293106 3881222.498650269 40.0
508109.9592571527 3881222.332368948 40.0
508110.0414484604 3881222.1771855196 40.0
508110.0414484604 3881222.1771855196 40.0
508110.11453268287 3881222.0109041976 40.0
508110.11453268287 3881222.0109041976 40.0
508110.11453268287 3881222.0109041976 40.0
508110.1876367004 3881221.822443359 40.0
508110.2607308293 3881221.6450722795 40.0
508110.1876367004 3881221.822443359 40.0
508110.2607308293 3881221.6450722795 40.0
508110.3429518284 3881221.456619575 40.0
508110.4160459586 3881221.279248498 40.0
508110.4160459586 3881221.279248498 40.0
508110.49825707223 3881221.101885555 40.0
508110.4160459586 3881221.279248498 40.0
508110.49825707223 3881221.101885555 40.0
508110.5713512106 3881220.9245144785 40.0
508110.5713512106 3881220.9245144785 40.0
508110.6444453495 3881220.7471434018 40.0
508110.6444453495 3881220.7471434018 40.0
508110.6993055383 3881220.569756058 40.0
508110.6993055383 3881220.569756058 40.0
508110.772379891 3881220.414564501 40.0
508110.8272202949 3881220.259356678 40.0
508110.8272202949 3881220.259356678 40.0
508110.8272202949 3881220.259356678 40.0
508110.90029465454 3881220.104165122 40.0
508110.90029465454 3881220.104165122 40.0
508110.95512516535 3881219.9600470583 40.0
508110.95512516535 3881219.9600470583 40.0
508111.01906276017 3881219.8270268887 40.0
508111.01906276017 3881219.8270268887 40.0
508111.07388337725 3881219.6939985836 40.0
508111.07388337725 3881219.6939985836 40.0
508111.1195771233 3881219.5720519046 40.0
508111.17438785057 3881219.45011336 40.0
508111.17438785057 3881219.45011336 40.0
508111.17438785057 3881219.45011336 40.0
508111.1107075194 3881219.2947997856 40.0
508111.1107075194 3881219.2947997856 40.0
508111.11994323996 3881219.161730808 40.0
508111.11994323996 3881219.161730808 40.0
508111.14739313134 3881219.0508576185 40.0
508111.14739313134 3881219.0508576185 40.0
508111.1748430257 3881218.9399844296 40.0
508111.1748430257 3881218.9399844296 40.0
508111.2114000037 3881218.840209136 40.0
508111.2114000037 3881218.840209136 40.0
508111.2479569826 3881218.74043384 40.0
508111.2479569826 3881218.74043384 40.0
508111.2845040693 3881218.651748305 40.0
508111.3210511544 3881218.5630627708 40.0
508111.3210511544 3881218.5630627708 40.0
508111.3210511544 3881218.5630627708 40.0
508111.3575883472 3881218.4854669957 40.0
508111.3575883472 3881218.4854669957 40.0
508111.3850085551 3881218.4078630847 40.0
508111.3850085551 3881218.4078630847 40.0
508111.42153585365 3881218.3413570696 40.0
508111.42153585365 3881218.3413570696 40.0
508111.458053255 3881218.2859408134 40.0
508111.458053255 3881218.2859408134 40.0
508111.4854635735 3881218.219426662 40.0
508111.51287388767 3881218.1529125124 40.0
508111.51287388767 3881218.1529125124 40.0
508111.51287388767 3881218.1529125124 40.0
508111.5494011882 3881218.0864064964 40.0
508111.5494011882 3881218.0864064964 40.0
508111.5768115079 3881218.0198923466 40.0
508111.60423171904 3881217.9422884365 40.0
508111.5768115079 3881218.0198923466 40.0
508111.60423171904 3881217.9422884365 40.0
508111.6316519353 3881217.8646845273 40.0
508111.6316519353 3881217.8646845273 40.0
508111.6681990269 3881217.775998994 40.0
508111.70473622583 3881217.6984032197 40.0
508111.6681990269 3881217.775998994 40.0
508111.7504003006 3881217.609725822 40.0
508111.7504003006 3881217.609725822 40.0
508111.7504003006 3881217.609725822 40.0
508111.7778304126 3881217.521032154 40.0
508111.7778304126 3881217.521032154 40.0
508111.85093450046 3881217.332571329 40.0
508111.85093450046 3881217.332571329 40.0
508111.8875013883 3881217.2217062777 40.0
508111.8875013883 3881217.2217062777 40.0
508111.97886913375 3881216.999992447 40.0
508111.97886913375 3881216.999992447 40.0
508112.0245629031 3881216.8780457745 40.0
508112.0245629031 3881216.8780457745 40.0
508112.07025667594 3881216.7560990984 40.0
508112.12505753426 3881216.6452503204 40.0
508112.07025667594 3881216.7560990984 40.0
508112.12505753426 3881216.6452503204 40.0
508112.2164549803 3881216.3902672143 40.0
508112.2164549803 3881216.3902672143 40.0
508112.27127563773 3881216.257238918 40.0
508112.27127563773 3881216.257238918 40.0
508112.31698921 3881216.113112727 40.0
508112.31698921 3881216.113112727 40.0
508112.3718098683 3881215.980084431 40.0
508112.4175135446 3881215.8470480004 40.0
508112.4175135446 3881215.8470480004 40.0
508112.4175135446 3881215.8470480004 40.0
508112.4723441026 3881215.7029299466 40.0
508112.4723441026 3881215.7029299466 40.0
508112.5271647679 3881215.569901652 40.0
508112.5271647679 3881215.569901652 40.0
508112.57287834765 3881215.425775461 40.0
508112.6277089106 3881215.2816574075 40.0
508112.6277089106 3881215.2816574075 40.0
508112.6277089106 3881215.2816574075 40.0
508112.6825295807 3881215.148629114 40.0
508112.6825295807 3881215.148629114 40.0
508112.72822336876 3881215.026682444 40.0
508112.77390726097 3881214.915825533 40.0
508112.77390726097 3881214.915825533 40.0
508112.8561580663 3881214.6941035762 40.0
508112.8561580663 3881214.6941035762 40.0
508112.8561580663 3881214.6941035762 40.0
508112.89271508204 3881214.594328287 40.0
508112.89271508204 3881214.594328287 40.0
508112.9658489082 3881214.372598196 40.0
508112.9658489082 3881214.372598196 40.0
508113.0115427039 3881214.2506515277 40.0
508113.0115427039 3881214.2506515277 40.0
508113.0572365008 3881214.1287048575 40.0
508113.0572365008 3881214.1287048575 40.0
508113.1029303013 3881214.00675819 40.0
508113.1029303013 3881214.00675819 40.0
508113.1577509836 3881213.873729899 40.0
508113.1577509836 3881213.873729899 40.0
508113.2034645795 3881213.729603713 40.0
508113.2034645795 3881213.729603713 40.0
508113.24006119336 3881213.5854693903 40.0
508113.2948818802 3881213.4524411005 40.0
508113.2948818802 3881213.4524411005 40.0
508113.2948818802 3881213.4524411005 40.0
508113.340585585 3881213.319404674 40.0
508113.340585585 3881213.319404674 40.0
508113.3862892887 3881213.186368249 40.0
508113.3862892887 3881213.186368249 40.0
508113.4319929938 3881213.053331822 40.0
508113.47770660045 3881212.9092056374 40.0
508113.4319929938 3881213.053331822 40.0
508113.56003662496 3881212.5987656126 40.0
508113.56003662496 3881212.5987656126 40.0
508113.56003662496 3881212.5987656126 40.0
508113.58753605577 3881212.4324436355 40.0
508113.5967916153 3881212.277195143 40.0
508113.58753605577 3881212.4324436355 40.0
508113.59694008593 3881212.110848754 40.0
508113.5967916153 3881212.277195143 40.0
508113.59694008593 3881212.110848754 40.0
508113.5970786585 3881211.955592125 40.0
508113.5970786585 3881211.955592125 40.0
508113.54266377527 3881211.633940283 40.0
508113.54266377527 3881211.633940283 40.0
508113.4789933272 3881211.4675369347 40.0
508113.406205891 3881211.30112545 40.0
508113.406205891 3881211.30112545 40.0
508113.406205891 3881211.30112545 40.0
508113.35165242397 3881211.1347302403 40.0
508113.2879621758 3881210.990506409 40.0
508113.2879621758 3881210.990506409 40.0
508113.2879621758 3881210.990506409 40.0
508113.22428182093 3881210.835192822 40.0
508113.16058167117 3881210.7020587535 40.0
508113.16058167117 3881210.7020587535 40.0
508113.16058167117 3881210.7020587535 40.0
508113.07864753954 3881210.5689084115 40.0
508113.07864753954 3881210.5689084115 40.0
508113.0149374885 3881210.446864104 40.0
508113.0149374885 3881210.446864104 40.0
508112.86925370665 3881210.2360284925 40.0
508112.7963870729 3881210.158335085 40.0
508112.7963870729 3881210.158335085 40.0
508112.7963870729 3881210.158335085 40.0
508112.72352043557 3881210.08064168 40.0
508112.72352043557 3881210.08064168 40.0
508112.65977078635 3881210.002956412 40.0
508112.65977078635 3881210.002956412 40.0
508112.59601124155 3881209.936360902 40.0
508112.55048567255 3881209.869781666 40.0
508112.55048567255 3881209.869781666 40.0
508112.55048567255 3881209.869781666 40.0
508112.5049502085 3881209.8142921883 40.0
508112.5049502085 3881209.8142921883 40.0
508112.4594147439 3881209.758802711 40.0
508112.4594147439 3881209.758802711 40.0
508112.41387927637 3881209.703313235 40.0
508112.41387927637 3881209.703313235 40.0
508112.3774608004 3881209.647831894 40.0
508112.3774608004 3881209.647831894 40.0
508112.32281824085 3881209.5812445236 40.0
508112.32281824085 3881209.5812445236 40.0
508112.2681756758 3881209.514657153 40.0
508112.2681756758 3881209.514657153 40.0
508112.2044260211 3881209.436971887 40.0
508112.12245227915 3881209.348180591 40.0
508112.12245227915 3881209.348180591 40.0
508112.0404884317 3881209.248299536 40.0
508112.12245227915 3881209.348180591 40.0
508112.0404884317 3881209.248299536 40.0
508111.8583366489 3881209.0374314003 40.0
508111.8583366489 3881209.0374314003 40.0
508111.73990483163 3881208.937517806 40.0
508111.73990483163 3881208.937517806 40.0
508111.6305999026 3881208.8265225906 40.0
508111.52128507075 3881208.7266171346 40.0
508111.6305999026 3881208.8265225906 40.0
508111.52128507075 3881208.7266171346 40.0
508111.402843355 3881208.6377933044 40.0
508111.402843355 3881208.6377933044 40.0
508111.2935186255 3881208.5489776107 40.0
508111.18418399873 3881208.4712516787 40.0
508111.18418399873 3881208.4712516787 40.0
508111.18418399873 3881208.4712516787 40.0
508111.09308334976 3881208.393542015 40.0
508111.09308334976 3881208.393542015 40.0
508110.99285581795 3881208.326913979 40.0
508110.99285581795 3881208.326913979 40.0
508110.91085236985 3881208.2713919706 40.0
508110.91085236985 3881208.2713919706 40.0
508110.8197319296 3881208.2158618313 40.0
508110.8197319296 3881208.2158618313 40.0
508110.7377185849 3881208.171429583 40.0
508110.7377185849 3881208.171429583 40.0
508110.6557052394 3881208.126997337 40.0
508110.6557052394 3881208.126997337 40.0
508110.5828187811 3881208.0714834677 40.0
508110.5828187811 3881208.0714834677 40.0
508110.49167855066 3881208.038132848 40.0
508110.49167855066 3881208.038132848 40.0
508110.32766174816 3881207.938178603 40.0
508110.32766174816 3881207.938178603 40.0
508110.22741441557 3881207.893730093 40.0
508110.22741441557 3881207.893730093 40.0
508110.12716707966 3881207.8492815834 40.0
508110.02691974747 3881207.804833076 40.0
508110.12716707966 3881207.8492815834 40.0
508110.02691974747 3881207.804833076 40.0
508109.9175554203 3881207.7603764357 40.0
508109.7990839938 3881207.7048219047 40.0
508109.7990839938 3881207.7048219047 40.0
508109.7990839938 3881207.7048219047 40.0
508109.6806026727 3881207.660357133 40.0
508109.6806026727 3881207.660357133 40.0
508109.55301424937 3881207.6047944715 40.0
508109.55301424937 3881207.6047944715 40.0
508109.41629894206 3881207.560313439 40.0
508109.41629894206 3881207.560313439 40.0
508109.27958363335 3881207.5158324065 40.0
508109.27958363335 3881207.5158324065 40.0
508109.1337513315 3881207.4713432435 40.0
508109.1337513315 3881207.4713432435 40.0
508108.97881192627 3881207.4157561935 40.0
508108.823862627 3881207.371258901 40.0
508108.823862627 3881207.371258901 40.0
508108.823862627 3881207.371258901 40.0
508108.6689232205 3881207.315671856 40.0
508108.6689232205 3881207.315671856 40.0
508108.5139838098 3881207.2600848116 40.0
508108.5139838098 3881207.2600848116 40.0
508108.19498799514 3881207.148902601 40.0
508108.040048581 3881207.0933155655 40.0
508108.040048581 3881207.0933155655 40.0
508108.040048581 3881207.0933155655 40.0
508107.88511905377 3881207.0266387733 40.0
508107.7301895243 3881206.959961983 40.0
508107.88511905377 3881207.0266387733 40.0
508107.7301895243 3881206.959961983 40.0
508107.5843769873 3881206.893293328 40.0
508107.5843769873 3881206.893293328 40.0
508107.44767155027 3881206.8377225637 40.0
508107.44767155027 3881206.8377225637 40.0
508107.30185900925 3881206.7710539126 40.0
508107.30185900925 3881206.7710539126 40.0
508107.15603657364 3881206.7154750233 40.0
508107.15603657364 3881206.7154750233 40.0
508107.0193410213 3881206.6488145078 40.0
508107.0193410213 3881206.6488145078 40.0
508106.8917525699 3881206.593251883 40.0
508106.8917525699 3881206.593251883 40.0
508106.7641740043 3881206.5265995013 40.0
508106.7641740043 3881206.5265995013 40.0
508106.6365855497 3881206.4710368817 40.0
508106.4998801005 3881206.4154661335 40.0
508106.4998801005 3881206.4154661335 40.0
508106.4998801005 3881206.4154661335 40.0
508106.37229164265 3881206.3599035153 40.0
508106.37229164265 3881206.3599035153 40.0
508106.2446932919 3881206.31543066 40.0
508106.2446932919 3881206.31543066 40.0
508105.95306817576 3881206.182093399 40.0
508105.95306817576 3881206.182093399 40.0
508105.79813861777 3881206.1154166423 40.0
508105.79813861777 3881206.1154166423 40.0
508105.6249750708 3881206.048723629 40.0
508105.6249750708 3881206.048723629 40.0
508105.46093840286 3881205.97094899 40.0
508105.2786677474 3881205.893158097 40.0
508105.46093840286 3881205.97094899 40.0
508105.2786677474 3881205.893158097 40.0
508105.0963871989 3881205.826456965 40.0
508105.0963871989 3881205.826456965 40.0
508104.91411653743 3881205.7486660797 40.0
508104.73183598334 3881205.6819649534 40.0
508104.73183598334 3881205.6819649534 40.0
508104.73183598334 3881205.6819649534 40.0
508104.5495653159 3881205.604174076 40.0
508104.5495653159 3881205.604174076 40.0
508104.3764017501 3881205.5374810877 40.0
508104.20323818177 3881205.470788102 40.0
508104.3764017501 3881205.5374810877 40.0
508104.0391916072 3881205.4041032474 40.0
508104.0391916072 3881205.4041032474 40.0
508104.0391916072 3881205.4041032474 40.0
508103.8751549141 3881205.326328637 40.0
508103.7019814521 3881205.2707254197 40.0
508103.8751549141 3881205.326328637 40.0
508103.7019814521 3881205.2707254197 40.0
508103.5470518645 3881205.204048702 40.0
508103.5470518645 3881205.204048702 40.0
508103.2098416971 3881205.070670893 40.0
508103.2098416971 3881205.070670893 40.0
508103.04579510575 3881205.0039860574 40.0
508103.04579510575 3881205.0039860574 40.0
508102.87264140486 3881204.926203339 40.0
508102.6994876986 3881204.8484206228 40.0
508102.87264140486 3881204.926203339 40.0
508102.6994876986 3881204.8484206228 40.0
508102.51721699483 3881204.7706297836 40.0
508102.51721699483 3881204.7706297836 40.0
508102.32582929556 3881204.6928308224 40.0
508102.32582929556 3881204.6928308224 40.0
508102.1435684672 3881204.6039502327 40.0
508101.95218076126 3881204.5261512804 40.0
508102.1435684672 3881204.6039502327 40.0
508101.95218076126 3881204.5261512804 40.0
508101.76079305203 3881204.4483523327 40.0
508101.76079305203 3881204.4483523327 40.0
508101.56941521826 3881204.3594636275 40.0
508101.56941521826 3881204.3594636275 40.0
508101.38714449736 3881204.2816728125 40.0
508101.38714449736 3881204.2816728125 40.0
508101.19575677585 3881204.203873875 40.0
508101.19575677585 3881204.203873875 40.0
508101.01349592896 3881204.114993308 40.0
508100.8312153137 3881204.048292262 40.0
508101.01349592896 3881204.114993308 40.0
508100.8312153137 3881204.048292262 40.0
508100.65806157567 3881203.9705095873 40.0
508100.65806157567 3881203.9705095873 40.0
508100.3117442043 3881203.826034002 40.0
508100.147697574 3881203.7593492176 40.0
508100.147697574 3881203.7593492176 40.0
508099.9836509366 3881203.692664437 40.0
508100.147697574 3881203.7593492176 40.0
508099.9836509366 3881203.692664437 40.0
508099.8196141781 3881203.614889901 40.0
508099.6646845339 3881203.54821325 40.0
508099.6646845339 3881203.54821325 40.0
508099.6646845339 3881203.54821325 40.0
508099.5097548851 3881203.4815366 40.0
508099.3639422323 3881203.4148680773 40.0
508099.3639422323 3881203.4148680773 40.0
508099.3639422323 3881203.4148680773 40.0
508099.2090125813 3881203.3481914327 40.0
508099.2090125813 3881203.3481914327 40.0
508099.06319004396 3881203.2926126732 40.0
508098.9082603864 3881203.2259360347 40.0
508098.9082603864 3881203.2259360347 40.0
508098.9082603864 3881203.2259360347 40.0
508098.7624477251 3881203.159267522 40.0
508098.7624477251 3881203.159267522 40.0
508098.6075180631 3881203.092590888 40.0
508098.6075180631 3881203.092590888 40.0
508098.4525982807 3881203.014824497 40.0
508098.2976686139 3881202.948147869 40.0
508098.2976686139 3881202.948147869 40.0
508098.2976686139 3881202.948147869 40.0
508098.1336219484 3881202.881463121 40.0
508098.1336219484 3881202.881463121 40.0
508097.8146554902 3881202.737011999 40.0
508097.8146554902 3881202.737011999 40.0
508097.6506088174 3881202.67032726 40.0
508097.6506088174 3881202.67032726 40.0
508097.4865621445 3881202.603642524 40.0
508097.4865621445 3881202.603642524 40.0
508097.3134083481 3881202.5258599124 40.0
508097.3134083481 3881202.5258599124 40.0
508097.14025455114 3881202.4480773015 40.0
508097.14025455114 3881202.4480773015 40.0
508096.9579837519 3881202.370286575 40.0
508096.7757129495 3881202.292495854 40.0
508096.7757129495 3881202.292495854 40.0
508096.7757129495 3881202.292495854 40.0
508096.59344214405 3881202.2147051347 40.0
508096.59344214405 3881202.2147051347 40.0
508096.4020543405 3881202.1369062993 40.0
508096.2106665291 3881202.0591074675 40.0
508096.4020543405 3881202.1369062993 40.0
508096.2106665291 3881202.0591074675 40.0
508096.01927871903 3881201.9813086395 40.0
508096.01927871903 3881201.9813086395 40.0
508095.82790078205 3881201.8924200577 40.0
508095.82790078205 3881201.8924200577 40.0
508095.6365129606 3881201.814621238 40.0
508095.6365129606 3881201.814621238 40.0
508095.44512514054 3881201.736822423 40.0
508095.44512514054 3881201.736822423 40.0
508095.2537373125 3881201.6590236113 40.0
508095.2537373125 3881201.6590236113 40.0
508094.87096165604 3881201.5034260005 40.0
508094.87096165604 3881201.5034260005 40.0
508094.6795738182 3881201.425627202 40.0
508094.6795738182 3881201.425627202 40.0
508094.4881859818 3881201.3478284073 40.0
508094.4881859818 3881201.3478284073 40.0
508094.2967981421 3881201.2700296156 40.0
508094.2967981421 3881201.2700296156 40.0
508094.1054102945 3881201.192230828 40.0
508094.1054102945 3881201.192230828 40.0
508093.9140224483 3881201.1144320457 40.0
508093.9140224483 3881201.1144320457 40.0
508093.72262472037 3881201.0477230255 40.0
508093.72262472037 3881201.0477230255 40.0
508093.5312368679 3881200.969924251 40.0
508093.5312368679 3881200.969924251 40.0
508093.34896601056 3881200.892133596 40.0
508093.34896601056 3881200.892133596 40.0
508093.15756827383 3881200.825424588 40.0
508092.98441440676 3881200.74764206 40.0
508092.98441440676 3881200.74764206 40.0
508092.98441440676 3881200.74764206 40.0
508092.8021336677 3881200.6809411747 40.0
508092.6198627961 3881200.603150537 40.0
508092.6198627961 3881200.603150537 40.0
508092.4466990503 3881200.536457776 40.0
508092.4466990503 3881200.536457776 40.0
508092.4466990503 3881200.536457776 40.0
508092.2735352997 3881200.469765019 40.0
508092.2735352997 3881200.469765019 40.0
508091.93633466377 3881200.3252978707 40.0
508091.93633466377 3881200.3252978707 40.0
508091.78140490595 3881200.2586213537 40.0
508091.62647514354 3881200.1919448404 40.0
508091.62647514354 3881200.1919448404 40.0
508091.4715453812 3881200.1252683285 40.0
508091.4715453812 3881200.1252683285 40.0
508091.4715453812 3881200.1252683285 40.0
508091.3075084857 3881200.047493945 40.0
508091.3075084857 3881200.047493945 40.0
508091.14346171916 3881199.980809326 40.0
508091.14346171916 3881199.980809326 40.0
508090.9794248183 3881199.9030349483 40.0
508090.8062807876 3881199.8141627004 40.0
508090.9794248183 3881199.9030349483 40.0
508090.8062807876 3881199.8141627004 40.0
508090.62400988163 3881199.736372102 40.0
508090.4417389725 3881199.6585815074 40.0
508090.4417389725 3881199.6585815074 40.0
508090.4417389725 3881199.6585815074 40.0
508090.25946806255 3881199.580790915 40.0
508090.25946806255 3881199.580790915 40.0
508090.0772070165 3881199.491910567 40.0
508089.88581909786 3881199.414111869 40.0
508089.88581909786 3881199.414111869 40.0
508089.88581909786 3881199.414111869 40.0
508089.6853240471 3881199.3252153047 40.0
508089.6853240471 3881199.3252153047 40.0
508089.4939459879 3881199.2363268556 40.0
508089.2934607977 3881199.1363405385 40.0
508089.2934607977 3881199.1363405385 40.0
508089.2934607977 3881199.1363405385 40.0
508089.10207286256 3881199.0585418586 40.0
508089.10207286256 3881199.0585418586 40.0
508088.9106947967 3881198.969653421 40.0
508088.7375408581 3881198.8918709727 40.0
508088.7375408581 3881198.8918709727 40.0
508088.7375408581 3881198.8918709727 40.0
508088.56438691885 3881198.814088528 40.0
508088.40946697793 3881198.7363223094 40.0
508088.56438691885 3881198.814088528 40.0
508088.40946697793 3881198.7363223094 40.0
508088.25454703206 3881198.6585560944 40.0
508088.25454703206 3881198.6585560944 40.0
508088.10873421974 3881198.5918877516 40.0
508088.10873421974 3881198.5918877516 40.0
508087.9629115362 3881198.5363091715 40.0
508087.9629115362 3881198.5363091715 40.0
508087.8262157207 3881198.469648945 40.0
508087.8262157207 3881198.469648945 40.0
508087.69862703775 3881198.414086592 40.0
508087.5710383509 3881198.3585242406 40.0
508087.5710383509 3881198.3585242406 40.0
508087.5710383509 3881198.3585242406 40.0
508087.4525666683 3881198.302970002 40.0
508087.4525666683 3881198.302970002 40.0
508087.34320211696 3881198.2585136336 40.0
508087.34320211696 3881198.2585136336 40.0
508087.23384743044 3881198.2029675078 40.0
508087.23384743044 3881198.2029675078 40.0
508087.1335998758 3881198.158519254 40.0
508087.1335998758 3881198.158519254 40.0
508086.933114636 3881198.05853299 40.0
508086.84198408196 3881198.014092849 40.0
508086.84198408196 3881198.014092849 40.0
508086.84198408196 3881198.014092849 40.0
508086.7417463909 3881197.95855484 40.0
508086.7417463909 3881197.95855484 40.0
508086.6414988334 3881197.914106592 40.0
508086.5321441408 3881197.858560475 40.0
508086.6414988334 3881197.914106592 40.0
508086.5321441408 3881197.858560475 40.0
508086.42278944224 3881197.80301436 40.0
508086.2952007414 3881197.7474520267 40.0
508086.2952007414 3881197.7474520267 40.0
508086.1676219035 3881197.680799935 40.0
508086.1676219035 3881197.680799935 40.0
508086.1676219035 3881197.680799935 40.0
508086.0400430615 3881197.6141478457 40.0
508086.0400430615 3881197.6141478457 40.0
508085.8942302162 3881197.5474795396 40.0
508085.8942302162 3881197.5474795396 40.0
508085.74841736886 3881197.480811235 40.0
508085.74841736886 3881197.480811235 40.0
508085.602604517 3881197.4141429327 40.0
508085.602604517 3881197.4141429327 40.0
508085.44767466333 3881197.3474665256 40.0
508085.44767466333 3881197.3474665256 40.0
508085.119600669 3881197.191917981 40.0
508085.119600669 3881197.191917981 40.0
508084.755068517 3881197.0252472577 40.0
508084.755068517 3881197.0252472577 40.0
508084.5637002239 3881196.925269154 40.0
508084.5637002239 3881196.925269154 40.0
508084.37232206896 3881196.836380813 40.0
508084.37232206896 3881196.836380813 40.0
508084.1718269053 3881196.74748437 40.0
508083.97133174003 3881196.6585879307 40.0
508083.97133174003 3881196.6585879307 40.0
508083.76171956345 3881196.5696833874 40.0
508083.76171956345 3881196.5696833874 40.0
508083.5703413932 3881196.480795065 40.0
508083.76171956345 3881196.5696833874 40.0
508083.5703413932 3881196.480795065 40.0
508083.3789632169 3881196.3919067457 40.0
508083.196692179 3881196.3141162954 40.0
508083.3789632169 3881196.3919067457 40.0
508083.0144211403 3881196.23632585 40.0
508083.0144211403 3881196.23632585 40.0
508083.0144211403 3881196.23632585 40.0
508082.8503841026 3881196.158551621 40.0
508082.8503841026 3881196.158551621 40.0
508082.68633720186 3881196.0918671526 40.0
508082.53140730434 3881196.025190795 40.0
508082.53140730434 3881196.025190795 40.0
508082.38559440797 3881195.9585225442 40.0
508082.38559440797 3881195.9585225442 40.0
508082.2397815072 3881195.891854297 40.0
508082.2397815072 3881195.891854297 40.0
508082.2397815072 3881195.891854297 40.0
508082.1030856101 3881195.825194158 40.0
508082.1030856101 3881195.825194158 40.0
508081.9754968552 3881195.7696318845 40.0
508081.8478982395 3881195.7251593736 40.0
508081.8478982395 3881195.7251593736 40.0
508081.8478982395 3881195.7251593736 40.0
508081.72942648304 3881195.669605209 40.0
508081.72942648304 3881195.669605209 40.0
508081.6109448708 3881195.6251408053 40.0
508081.6109448708 3881195.6251408053 40.0
508081.50158025656 3881195.580684508 40.0
508081.50158025656 3881195.580684508 40.0
508081.3922156459 3881195.5362282116 40.0
508081.3922156459 3881195.5362282116 40.0
508081.29196803336 3881195.491780022 40.0
508081.29196803336 3881195.491780022 40.0
508081.2008374261 3881195.4473399385 40.0
508081.2008374261 3881195.4473399385 40.0
508081.0914728124 3881195.402883647 40.0
508081.0914728124 3881195.402883647 40.0
508080.9912251993 3881195.358435461 40.0
508080.9912251993 3881195.358435461 40.0
508080.8727435771 3881195.313971068 40.0
508080.75427180936 3881195.2584169162 40.0
508080.8727435771 3881195.313971068 40.0
508080.6266830383 3881195.202854662 40.0
508080.6266830383 3881195.202854662 40.0
508080.6266830383 3881195.202854662 40.0
508080.48086025723 3881195.147276202 40.0
508080.48086025723 3881195.147276202 40.0
508080.32592046785 3881195.0916896397 40.0
508079.9978265932 3881194.9583208 40.0
508080.32592046785 3881195.0916896397 40.0
508079.8155554977 3881194.880530418 40.0
508079.8155554977 3881194.880530418 40.0
508079.8155554977 3881194.880530418 40.0
508079.62416739465 3881194.8027319373 40.0
508079.62416739465 3881194.8027319373 40.0
508079.4236622859 3881194.7249253574 40.0
508079.22316702525 3881194.6360290227 40.0
508079.22316702525 3881194.6360290227 40.0
508079.02266190713 3881194.5582224517 40.0
508079.02266190713 3881194.5582224517 40.0
508079.02266190713 3881194.5582224517 40.0
508078.81305949413 3881194.4582282654 40.0
508078.5943302139 3881194.3693157407 40.0
508078.5943302139 3881194.3693157407 40.0
508078.5943302139 3881194.3693157407 40.0
508078.37561078445 3881194.2693134616 40.0
508078.37561078445 3881194.2693134616 40.0
508078.15688149544 3881194.180400948 40.0
508078.15688149544 3881194.180400948 40.0
508077.9472790619 3881194.0804067804 40.0
508077.9472790619 3881194.0804067804 40.0
508077.73766676954 3881193.9915023777 40.0
508077.73766676954 3881193.9915023777 40.0
508077.53717147623 3881193.902606082 40.0
508077.3366860374 3881193.802620029 40.0
508077.3366860374 3881193.802620029 40.0
508077.3366860374 3881193.802620029 40.0
508077.1544148985 3881193.724829701 40.0
508077.1544148985 3881193.724829701 40.0
508076.7989994632 3881193.558167398 40.0
508076.7989994632 3881193.558167398 40.0
508076.6349623289 3881193.480393281 40.0
508076.4709251871 3881193.402619168 40.0
508076.4709251871 3881193.402619168 40.0
508076.4709251871 3881193.402619168 40.0
508076.3251122044 3881193.3359510154 40.0
508076.1793090696 3881193.258193106 40.0
508076.1793090696 3881193.258193106 40.0
508076.0426130886 3881193.1915330584 40.0
508076.0426130886 3881193.1915330584 40.0
508076.0426130886 3881193.1915330584 40.0
508075.91503411194 3881193.124881112 40.0
508075.91503411194 3881193.124881112 40.0
508075.787455131 3881193.0582291665 40.0
508075.787455131 3881193.0582291665 40.0
508075.66898330755 3881193.002675084 40.0
508075.55051148037 3881192.9471209995 40.0
508075.55051148037 3881192.9471209995 40.0
508075.55051148037 3881192.9471209995 40.0
508075.4502736646 3881192.8915831163 40.0
508075.4502736646 3881192.8915831163 40.0
508075.35003584536 3881192.8360452335 40.0
508075.25890518486 3881192.79160521 40.0
508075.25890518486 3881192.79160521 40.0
508075.25890518486 3881192.79160521 40.0
508075.1677745212 3881192.7471651873 40.0
508075.1677745212 3881192.7471651873 40.0
508075.07664385665 3881192.702725165 40.0
508075.07664385665 3881192.702725165 40.0
508074.9763961845 3881192.658277045 40.0
508074.9763961845 3881192.658277045 40.0
508074.8761485113 3881192.613828927 40.0
508074.766793681 3881192.558282953 40.0
508074.766793681 3881192.558282953 40.0
508074.766793681 3881192.558282953 40.0
508074.63920483564 3881192.502720784 40.0
508074.63920483564 3881192.502720784 40.0
508074.5025088321 3881192.436060759 40.0
508074.3567056673 3881192.35830288 40.0
508074.3567056673 3881192.35830288 40.0
508074.3567056673 3881192.35830288 40.0
508074.1926684882 3881192.2805288057 40.0
508074.1926684882 3881192.2805288057 40.0
508074.0103972919 3881192.202738542 40.0
508074.0103972919 3881192.202738542 40.0
508073.8281359374 3881192.113858522 40.0
508073.8281359374 3881192.113858522 40.0
508073.6276405693 3881192.024962313 40.0
508073.4271550439 3881191.924976346 40.0
508073.6276405693 3881192.024962313 40.0
508073.4271550439 3881191.924976346 40.0
508073.2175525042 3881191.8249822906 40.0
508073.0079499646 3881191.724988238 40.0
508073.2175525042 3881191.8249822906 40.0
508072.8074644258 3881191.625002288 40.0
508072.8074644258 3881191.625002288 40.0
508072.6069690346 3881191.5361060984 40.0
508072.8074644258 3881191.625002288 40.0
508072.42471750313 3881191.436136348 40.0
508072.42471750313 3881191.436136348 40.0
508072.42471750313 3881191.436136348 40.0
508072.2424561224 3881191.347256362 40.0
508072.06931174395 3881191.258384472 40.0
508072.2424561224 3881191.347256362 40.0
508071.89616736205 3881191.169512586 40.0
508071.89616736205 3881191.169512586 40.0
508071.7412471511 3881191.091746654 40.0
508071.7412471511 3881191.091746654 40.0
508071.7412471511 3881191.091746654 40.0
508071.5863269329 3881191.0139807244 40.0
508071.4405138762 3881190.947312652 40.0
508071.4405138762 3881190.947312652 40.0
508071.29471066146 3881190.8695548205 40.0
508071.29471066146 3881190.8695548205 40.0
508071.29471066146 3881190.8695548205 40.0
508071.1580146089 3881190.802894847 40.0
508071.1580146089 3881190.802894847 40.0
508071.0304355607 3881190.7362429686 40.0
508071.0304355607 3881190.7362429686 40.0
508070.89373950416 3881190.6695829993 40.0
508070.89373950416 3881190.6695829993 40.0
508070.74792643695 3881190.6029149373 40.0
508070.74792643695 3881190.6029149373 40.0
508070.6021133652 3881190.5362468767 40.0
508070.6021133652 3881190.5362468767 40.0
508070.44719313015 3881190.4584809667 40.0
508070.44719313015 3881190.4584809667 40.0
508070.2831558811 3881190.3807069645 40.0
508070.1100114674 3881190.2918351134 40.0
508070.1100114674 3881190.2918351134 40.0
508070.1100114674 3881190.2918351134 40.0
508069.91863302974 3881190.2029470797 40.0
508069.5267591362 3881190.0251629297 40.0
508069.91863302974 3881190.2029470797 40.0
508069.3171565123 3881189.925168963 40.0
508069.3171565123 3881189.925168963 40.0
508069.3171565123 3881189.925168963 40.0
508069.1075440378 3881189.8362647602 40.0
508069.1075440378 3881189.8362647602 40.0
508068.8979315615 3881189.747360562 40.0
508068.6974360932 3881189.6584644606 40.0
508068.8979315615 3881189.747360562 40.0
508068.50605762843 3881189.569576456 40.0
508068.50605762843 3881189.569576456 40.0
508068.50605762843 3881189.569576456 40.0
508068.32379616983 3881189.480696547 40.0
508068.32379616983 3881189.480696547 40.0
508068.1506418774 3881189.4029144924 40.0
508067.9774875797 3881189.325132441 40.0
508068.1506418774 3881189.4029144924 40.0
508067.9774875797 3881189.325132441 40.0
508067.8134502915 3881189.247358484 40.0
508067.8134502915 3881189.247358484 40.0
508067.6585201664 3881189.1806823798 40.0
508067.6585201664 3881189.1806823798 40.0
508067.51270705165 3881189.11401437 40.0
508067.51270705165 3881189.11401437 40.0
508067.3760011012 3881189.058444212 40.0
508067.23017814104 3881189.0028659655 40.0
508067.23017814104 3881189.0028659655 40.0
508067.23017814104 3881189.0028659655 40.0
508067.09347218944 3881188.947295811 40.0
508067.09347218944 3881188.947295811 40.0
508066.96588324674 3881188.89173375 40.0
508066.96588324674 3881188.89173375 40.0
508066.8382943001 3881188.836171691 40.0
508066.8382943001 3881188.836171691 40.0
508066.70158834365 3881188.780601542 40.0
508066.70158834365 3881188.780601542 40.0
508066.56488238554 3881188.725031396 40.0
508066.56488238554 3881188.725031396 40.0
508066.40995224245 3881188.658355313 40.0
508066.40995224245 3881188.658355313 40.0
508066.245905091 3881188.591671144 40.0
508066.245905091 3881188.591671144 40.0
508066.0636239085 3881188.5249707988 40.0
508066.0636239085 3881188.5249707988 40.0
508065.87224539655 3881188.4360828497 40.0
508065.87224539655 3881188.4360828497 40.0
508065.67174986517 3881188.347186816 40.0
508065.45302031003 3881188.258274608 40.0
508065.45302031003 3881188.258274608 40.0
508065.45302031003 3881188.258274608 40.0
508065.2251835784 3881188.1582645588 40.0
508064.99734684406 3881188.058254513 40.0
508064.99734684406 3881188.058254513 40.0
508064.99734684406 3881188.058254513 40.0
508064.760393091 3881187.958236389 40.0
508064.5143223189 3881187.8582101786 40.0
508064.5143223189 3881187.8582101786 40.0
508064.5143223189 3881187.8582101786 40.0
508064.27736855304 3881187.7581920656 40.0
508064.27736855304 3881187.7581920656 40.0
508064.0495219608 3881187.6692718035 40.0
508063.612052945 3881187.5025372305 40.0
508063.612052945 3881187.5025372305 40.0
508063.612052945 3881187.5025372305 40.0
508063.40243052243 3881187.4247229197 40.0
508063.40243052243 3881187.4247229197 40.0
508063.20192511287 3881187.3469166984 40.0
508063.20192511287 3881187.3469166984 40.0
508063.01054654596 3881187.2580288094 40.0
508063.01054654596 3881187.2580288094 40.0
508062.81914830324 3881187.191320443 40.0
508062.6368769081 3881187.113530408 40.0
508062.6368769081 3881187.113530408 40.0
508062.6368769081 3881187.113530408 40.0
508062.4637126842 3881187.0468382197 40.0
508062.4637126842 3881187.0468382197 40.0
508062.29966547026 3881186.9801541218 40.0
508062.135608421 3881186.924559785 40.0
508062.135608421 3881186.924559785 40.0
508062.135608421 3881186.924559785 40.0
508061.98067821725 3881186.8578837793 40.0
508061.98067821725 3881186.8578837793 40.0
508061.8257381741 3881186.802297534 40.0
508061.8257381741 3881186.802297534 40.0
508061.67991514393 3881186.7467193766 40.0
508061.54319929023 3881186.702239064 40.0
508061.54319929023 3881186.702239064 40.0
508061.54319929023 3881186.702239064 40.0
508061.4156102822 3881186.6466770815 40.0
508061.2880114362 3881186.6022048593 40.0
508061.2880114362 3881186.6022048593 40.0
508061.2880114362 3881186.6022048593 40.0
508061.06016478356 3881186.513284673 40.0
508061.06016478356 3881186.513284673 40.0
508060.95991697494 3881186.468836709 40.0
508060.95991697494 3881186.468836709 40.0
508060.8596593317 3881186.4354785043 40.0
508060.8596593317 3881186.4354785043 40.0
508060.7594115235 3881186.3910305416 40.0
508060.7594115235 3881186.3910305416 40.0
508060.6682708917 3881186.357680423 40.0
508060.5771204259 3881186.3354200656 40.0
508060.6682708917 3881186.357680423 40.0
508060.5771204259 3881186.3354200656 40.0
508060.48598962603 3881186.2909801896 40.0
508060.48598962603 3881186.2909801896 40.0
508060.40396600525 3881186.2576381583 40.0
508060.40396600525 3881186.2576381583 40.0
508060.3037083577 3881186.22427996 40.0
508060.3037083577 3881186.22427996 40.0
508060.20345070935 3881186.1909217634 40.0
508060.20345070935 3881186.1909217634 40.0
508060.09408588207 3881186.1464657253 40.0
508060.09408588207 3881186.1464657253 40.0
508059.9664870226 3881186.1019935203 40.0
508059.9664870226 3881186.1019935203 40.0
508059.82066396764 3881186.0464153932 40.0
508059.82066396764 3881186.0464153932 40.0
508059.66572389985 3881185.990829185 40.0
508059.4834426218 3881185.924128972 40.0
508059.66572389985 3881185.990829185 40.0
508059.4834426218 3881185.924128972 40.0
508059.082421828 3881185.779606466 40.0
508059.082421828 3881185.779606466 40.0
508058.83634110825 3881185.690670171 40.0
508058.83634110825 3881185.690670171 40.0
508058.59026037913 3881185.6017338834 40.0
508058.59026037913 3881185.6017338834 40.0
508058.3441698146 3881185.5238873595 40.0
508058.0889720669 3881185.434943003 40.0
508058.0889720669 3881185.434943003 40.0
508058.0889720669 3881185.434943003 40.0
508057.82464746793 3881185.35708033 40.0
508057.82464746793 3881185.35708033 40.0
508057.57855689025 3881185.2792338277 40.0
508057.57855689025 3881185.2792338277 40.0
508057.3415833249 3881185.201395413 40.0
508057.1046097532 3881185.123557004 40.0
508057.1046097532 3881185.123557004 40.0
508057.1046097532 3881185.123557004 40.0
508056.8858702083 3881185.0457347617 40.0
508056.67624767416 3881184.9679206056 40.0
508056.8858702083 3881185.0457347617 40.0
508056.67624767416 3881184.9679206056 40.0
508056.4666153082 3881184.9011962125 40.0
508056.26609995594 3881184.8344799043 40.0
508056.26609995594 3881184.8344799043 40.0
508056.26609995594 3881184.8344799043 40.0
508056.0747016107 3881184.76777168 40.0
508056.0747016107 3881184.76777168 40.0
508055.88329343975 3881184.7121532178 40.0
508055.88329343975 3881184.7121532178 40.0
508055.52782813285 3881184.6009405428 40.0
508055.52782813285 3881184.6009405428 40.0
508055.37288801203 3881184.5453544087 40.0
508055.2179380649 3881184.500858035 40.0
508055.37288801203 3881184.5453544087 40.0
508055.06299794046 3881184.445271905 40.0
508055.06299794046 3881184.445271905 40.0
508055.06299794046 3881184.445271905 40.0
508054.91716500506 3881184.4007836157 40.0
508054.91716500506 3881184.4007836157 40.0
508054.78044908325 3881184.356303406 40.0
508054.64373316005 3881184.3118231986 40.0
508054.64373316005 3881184.3118231986 40.0
508054.5161244248 3881184.2784408303 40.0
508054.64373316005 3881184.3118231986 40.0
508054.5161244248 3881184.2784408303 40.0
508054.39764252707 3881184.233976783 40.0
508054.39764252707 3881184.233976783 40.0
508054.27915080497 3881184.200602494 40.0
508054.27915080497 3881184.200602494 40.0
508054.1697662717 3881184.178326045 40.0
508054.0603915633 3881184.144959839 40.0
508054.0603915633 3881184.144959839 40.0
508053.9692508845 3881184.111609788 40.0
508053.9692508845 3881184.111609788 40.0
508053.9692508845 3881184.111609788 40.0
508053.87810037995 3881184.0893494966 40.0
508053.87810037995 3881184.0893494966 40.0
508053.79607671755 3881184.0560075254 40.0
508053.79607671755 3881184.0560075254 40.0
508053.6229025462 3881184.0004052655 40.0
508053.5408690551 3881183.978153055 40.0
508053.5408690551 3881183.978153055 40.0
508053.5408690551 3881183.978153055 40.0
508053.44972837274 3881183.944803009 40.0
508053.44972837274 3881183.944803009 40.0
508053.3494706766 3881183.911444888 40.0
508053.23097894416 3881183.878070614 40.0
508053.3494706766 3881183.911444888 40.0
508053.0851459908 3881183.833582354 40.0
508053.0851459908 3881183.833582354 40.0
508053.0851459908 3881183.833582354 40.0
508052.9301960181 3881183.789086019 40.0
508052.9301960181 3881183.789086019 40.0
508052.5747404627 3881183.666783702 40.0
508052.5747404627 3881183.666783702 40.0
508052.36512768327 3881183.577879887 40.0
508052.36512768327 3881183.577879887 40.0
508052.14638806094 3881183.500057758 40.0
508052.14638806094 3881183.500057758 40.0
508051.9458922918 3881183.411162028 40.0
508051.9458922918 3881183.411162028 40.0
508051.73626967793 3881183.3333479855 40.0
508051.73626967793 3881183.3333479855 40.0
508051.53577389644 3881183.2444522656 40.0
508051.53577389644 3881183.2444522656 40.0
508051.33526829374 3881183.166646306 40.0
508051.33526829374 3881183.166646306 40.0
508050.97074478184 3881182.988887184 40.0
508050.8067072344 3881182.911113535 40.0
508050.8067072344 3881182.911113535 40.0
508050.65177687723 3881182.844437722 40.0
508050.8067072344 3881182.911113535 40.0
508050.49684652244 3881182.7777619115 40.0
508050.49684652244 3881182.7777619115 40.0
508050.49684652244 3881182.7777619115 40.0
508050.35102335655 3881182.722183937 40.0
508050.2143172056 3881182.6666140384 40.0
508050.35102335655 3881182.722183937 40.0
508050.2143172056 3881182.6666140384 40.0
508050.0776110553 3881182.611044141 40.0
508049.95002192014 3881182.55548232 40.0
508050.0776110553 3881182.611044141 40.0
508049.95002192014 3881182.55548232 40.0
508049.8224229633 3881182.511010258 40.0
508049.8224229633 3881182.511010258 40.0
508049.7130580389 3881182.466554345 40.0
508049.7130580389 3881182.466554345 40.0
508049.6036931135 3881182.4220984336 40.0
508049.6036931135 3881182.4220984336 40.0
508049.503445204 3881182.3776505953 40.0
508049.41230449086 3881182.344300591 40.0
508049.503445204 3881182.3776505953 40.0
508049.41230449086 3881182.344300591 40.0
508049.33028079645 3881182.3109586597 40.0
508049.2482570991 3881182.2776167286 40.0
508049.33028079645 3881182.3109586597 40.0
508049.2482570991 3881182.2776167286 40.0
508049.07509268547 3881182.2109247977 40.0
508049.07509268547 3881182.2109247977 40.0
508048.98396178824 3881182.166485038 40.0
508048.98396178824 3881182.166485038 40.0
508048.90193808835 3881182.1331431107 40.0
508048.90193808835 3881182.1331431107 40.0
508048.8016803556 3881182.0997850387 40.0
508048.8016803556 3881182.0997850387 40.0
508048.6923154191 3881182.0553291384 40.0
508048.58295048604 3881182.010873239 40.0
508048.6923154191 3881182.0553291384 40.0
508048.46446853 3881181.966409269 40.0
508048.46446853 3881181.966409269 40.0
508048.46446853 3881181.966409269 40.0
508048.3368793759 3881181.910847471 40.0
508048.3368793759 3881181.910847471 40.0
508048.20929022034 3881181.8552856725 40.0
508048.07258404564 3881181.799715807 40.0
508048.07258404564 3881181.799715807 40.0
508048.07258404564 3881181.799715807 40.0
508047.9358680514 3881181.7552357004 40.0
508047.9358680514 3881181.7552357004 40.0
508047.79916187125 3881181.6996658365 40.0
508047.6624556917 3881181.6440959764 40.0
508047.6624556917 3881181.6440959764 40.0
508047.5257495105 3881181.588526119 40.0
508047.5257495105 3881181.588526119 40.0
508047.5257495105 3881181.588526119 40.0
508047.3981505283 3881181.544054093 40.0
508047.3981505283 3881181.544054093 40.0
508047.1338551759 3881181.4329224546 40.0
508047.1338551759 3881181.4329224546 40.0
508046.997139167 3881181.3884423636 40.0
508046.997139167 3881181.3884423636 40.0
508046.8604329779 3881181.332872513 40.0
508046.8604329779 3881181.332872513 40.0
508046.7237169708 3881181.288392426 40.0
508046.7237169708 3881181.288392426 40.0
508046.58700096235 3881181.2439123406 40.0
508046.58700096235 3881181.2439123406 40.0
508046.4502947686 3881181.188342498 40.0
508046.4502947686 3881181.188342498 40.0
508046.29535453446 3881181.132756518 40.0
508046.29535453446 3881181.132756518 40.0
508046.14042411634 3881181.066080783 40.0
508045.98548387823 3881181.0104948087 40.0
508046.14042411634 3881181.066080783 40.0
508045.98548387823 3881181.0104948087 40.0
508045.82143643504 3881180.9438110087 40.0
508045.82143643504 3881180.9438110087 40.0
508045.64827197563 3881180.8771191435 40.0
508045.64827197563 3881180.8771191435 40.0
508045.47510750906 3881180.8104272806 40.0
508045.31105024397 3881180.754833248 40.0
508045.31105024397 3881180.754833248 40.0
508045.31105024397 3881180.754833248 40.0
508045.14700279356 3881180.68814946 40.0
508045.14700279356 3881180.68814946 40.0
508045.0011991925 3881180.6103920545 40.0
508045.0011991925 3881180.6103920545 40.0
508044.7186893693 3881180.4770648344 40.0
508044.5911197991 3881180.399323572 40.0
508044.7186893693 3881180.4770648344 40.0
508044.5911197991 3881180.399323572 40.0
508044.47265743447 3881180.332680136 40.0
508044.47265743447 3881180.332680136 40.0
508044.36331208254 3881180.2660447713 40.0
508044.36331208254 3881180.2660447713 40.0
508044.2539667336 3881180.199409406 40.0
508044.2539667336 3881180.199409406 40.0
508044.15372858447 3881180.1438718685 40.0
508044.15372858447 3881180.1438718685 40.0
508044.0534806256 3881180.099424091 40.0
508043.95323266345 3881180.0549763152 40.0
508043.95323266345 3881180.0549763152 40.0
508043.95323266345 3881180.0549763152 40.0
508043.852984698 3881180.0105285407 40.0
508043.75274654897 3881179.954991007 40.0
508043.75274654897 3881179.954991007 40.0
508043.75274654897 3881179.954991007 40.0
508043.6525083964 3881179.8994534765 40.0
508043.6525083964 3881179.8994534765 40.0
508043.5431434083 3881179.8549976377 40.0
508043.4337882361 3881179.799452042 40.0
508043.4337882361 3881179.799452042 40.0
508043.30619902106 3881179.7438903134 40.0
508043.30619902106 3881179.7438903134 40.0
508043.1695025968 3881179.6772307623 40.0
508043.1695025968 3881179.6772307623 40.0
508042.8596514724 3881179.532789641 40.0
508043.1695025968 3881179.6772307623 40.0
508042.8596514724 3881179.532789641 40.0
508042.6864967713 3881179.455008074 40.0
508042.6864967713 3881179.455008074 40.0
508042.5133518808 3881179.366136751 40.0
508042.5133518808 3881179.366136751 40.0
508042.3401971736 3881179.2883551894 40.0
508042.1670424634 3881179.2105736313 40.0
508042.1670424634 3881179.2105736313 40.0
508042.1670424634 3881179.2105736313 40.0
508042.0030047728 3881179.1328001427 40.0
508041.8389572667 3881179.066116415 40.0
508041.8389572667 3881179.066116415 40.0
508041.8389572667 3881179.066116415 40.0
508041.68402678083 3881178.999440756 40.0
508041.68402678083 3881178.999440756 40.0
508041.54733033356 3881178.9327812283 40.0
508041.4106240721 3881178.877211462 40.0
508041.4106240721 3881178.877211462 40.0
508041.2921518523 3881178.821657828 40.0
508041.2921518523 3881178.821657828 40.0
508041.2921518523 3881178.821657828 40.0
508041.173679631 3881178.7661041943 40.0
508041.173679631 3881178.7661041943 40.0
508041.0551975966 3881178.721640321 40.0
508040.94584239565 3881178.6660947558 40.0
508040.94584239565 3881178.6660947558 40.0
508040.94584239565 3881178.6660947558 40.0
508040.8273603611 3881178.621630885 40.0
508040.8273603611 3881178.621630885 40.0
508040.59042571526 3881178.4994338728 40.0
508040.59042571526 3881178.4994338728 40.0
508040.4537292501 3881178.432774364 40.0
508040.4537292501 3881178.432774364 40.0
508040.30791576434 3881178.3661067914 40.0
508040.30791576434 3881178.3661067914 40.0
508040.1529950637 3881178.2883413993 40.0
508039.9798305077 3881178.221649642 40.0
508039.9798305077 3881178.221649642 40.0
508039.9798305077 3881178.221649642 40.0
508039.7975685438 3881178.132770307 40.0
508039.7975685438 3881178.132770307 40.0
508039.61529676866 3881178.0549807353 40.0
508039.61529676866 3881178.0549807353 40.0
508039.42390797136 3881177.9771831045 40.0
508039.42390797136 3881177.9771831045 40.0
508039.23252897337 3881177.888295718 40.0
508039.05025719083 3881177.8105061576 40.0
508039.05025719083 3881177.8105061576 40.0
508039.05025719083 3881177.8105061576 40.0
508038.87709261774 3881177.7438144204 40.0
508038.87709261774 3881177.7438144204 40.0
508038.71305487497 3881177.6660409914 40.0
508038.71305487497 3881177.6660409914 40.0
508038.54900731833 3881177.599357324 40.0
508038.54900731833 3881177.599357324 40.0
508038.403193803 3881177.532689783 40.0
508038.403193803 3881177.532689783 40.0
508038.2573704818 3881177.4771120013 40.0
508038.2573704818 3881177.4771120013 40.0
508037.98396768136 3881177.3548828126 40.0
508037.98396768136 3881177.3548828126 40.0
508037.85637839884 3881177.299321161 40.0
508037.85637839884 3881177.299321161 40.0
508037.7196622873 3881177.254841208 40.0
508037.7196622873 3881177.254841208 40.0
508037.5920730017 3881177.1992795616 40.0
508037.45537649747 3881177.1326200957 40.0
508037.45537649747 3881177.1326200957 40.0
508037.3095531618 3881177.0770423315 40.0
508037.3095531618 3881177.0770423315 40.0
508037.3095531618 3881177.0770423315 40.0
508037.1546128043 3881177.0214565075 40.0
508037.1546128043 3881177.0214565075 40.0
508036.9905652247 3881176.9547728687 40.0
508036.9905652247 3881176.9547728687 40.0
508036.81740062026 3881176.888081172 40.0
508036.6260117745 3881176.810283599 40.0
508036.6260117745 3881176.810283599 40.0
508036.6260117745 3881176.810283599 40.0
508036.42551570444 3881176.7213882115 40.0
508036.42551570444 3881176.7213882115 40.0
508036.2158928042 3881176.6435745284 40.0
508036.2158928042 3881176.6435745284 40.0
508036.00627970364 3881176.5546710934 40.0
508036.00627970364 3881176.5546710934 40.0
508035.7875495738 3881176.4657595996 40.0
508035.7875495738 3881176.4657595996 40.0
508035.568819442 3881176.376848114 40.0
508035.1586906329 3881176.2212288505 40.0
508035.568819442 3881176.376848114 40.0
508034.9490677103 3881176.143415198 40.0
508034.9490677103 3881176.143415198 40.0
508034.9490677103 3881176.143415198 40.0
508034.7576788307 3881176.0656176643 40.0
508034.57540697354 3881175.987828195 40.0
508034.7576788307 3881176.0656176643 40.0
508034.57540697354 3881175.987828195 40.0
508034.3931155083 3881175.9322182434 40.0
508034.3931155083 3881175.9322182434 40.0
508034.21995086776 3881175.8655265965 40.0
508034.21995086776 3881175.8655265965 40.0
508034.05590324587 3881175.7988430103 40.0
508033.8918458209 3881175.743249186 40.0
508033.8918458209 3881175.743249186 40.0
508033.8918458209 3881175.743249186 40.0
508033.7368956171 3881175.698753178 40.0
508033.7368956171 3881175.698753178 40.0
508033.5910722381 3881175.643175474 40.0
508033.4543658811 3881175.587605828 40.0
508033.5910722381 3881175.643175474 40.0
508033.4543658811 3881175.587605828 40.0
508033.3267667462 3881175.5431339988 40.0
508033.3267667462 3881175.5431339988 40.0
508033.1991676101 3881175.4986621705 40.0
508033.1991676101 3881175.4986621705 40.0
508033.0897927208 3881175.4652962177 40.0
508033.0897927208 3881175.4652962177 40.0
508032.98042763025 3881175.420840506 40.0
508032.98042763025 3881175.420840506 40.0
508032.8801697632 3881175.387482612 40.0
508032.78902891936 3881175.3541327743 40.0
508032.78902891936 3881175.3541327743 40.0
508032.6978880772 3881175.3207829376 40.0
508032.6978880772 3881175.3207829376 40.0
508032.6978880772 3881175.3207829376 40.0
508032.61585445696 3881175.2985309153 40.0
508032.5429476594 3881175.2651971923 40.0
508032.5429476594 3881175.2651971923 40.0
508032.4700310624 3881175.242953229 40.0
508032.4700310624 3881175.242953229 40.0
508032.4700310624 3881175.242953229 40.0
508032.4062314915 3881175.2207173207 40.0
508032.4062314915 3881175.2207173207 40.0
508032.3606561674 3881175.2095872844 40.0
508032.31509064423 3881175.187367488 40.0
508032.31509064423 3881175.187367488 40.0
508032.31509064423 3881175.187367488 40.0
508032.26039829804 3881175.1762293954 40.0
508032.22393999767 3881175.165107414 40.0
508032.22393999767 3881175.165107414 40.0
508032.1965987215 3881175.153993489 40.0
508032.22393999767 3881175.165107414 40.0
508032.1965987215 3881175.153993489 40.0
508032.178374474 3881175.142887619 40.0
508032.1601404233 3881175.142871508 40.0
508032.1601404233 3881175.142871508 40.0
508032.16015022184 3881175.13178175 40.0
508032.16015022184 3881175.13178175 40.0
508032.1601404233 3881175.142871508 40.0
508032.1601404233 3881175.142871508 40.0
508032.178374474 3881175.142887619 40.0
508032.178374474 3881175.142887619 40.0
508032.178374474 3881175.142887619 40.0
508032.1874914982 3881175.1428956753 40.0
508032.1874914982 3881175.1428956753 40.0
508032.20571574563 3881175.1540015447 40.0
508032.20571574563 3881175.1540015447 40.0
508032.21483277215 3881175.1540096006 40.0
508032.22393999767 3881175.165107414 40.0
508032.22393999767 3881175.165107414 40.0
508032.22393999767 3881175.165107414 40.0
508032.23305702186 3881175.16511547 40.0
508032.23305702186 3881175.16511547 40.0
508032.22393999767 3881175.165107414 40.0
508032.22393999767 3881175.165107414 40.0
508032.20571574563 3881175.1540015447 40.0
508032.20571574563 3881175.1540015447 40.0
508032.1692574498 3881175.1428795634 40.0
508032.1692574498 3881175.1428795634 40.0
508032.13279914926 3881175.1317575835 40.0
508032.0689995744 3881175.1095216786 40.0
508032.13279914926 3881175.1317575835 40.0
508032.0689995744 3881175.1095216786 40.0
508031.9869757491 3881175.076179904 40.0
508031.9869757491 3881175.076179904 40.0
508031.8867178769 3881175.0428220197 40.0
508031.8867178769 3881175.0428220197 40.0
508031.61329532217 3881174.9427725393 40.0
508031.61329532217 3881174.9427725393 40.0
508031.2487221091 3881174.8204630036 40.0
508031.2487221091 3881174.8204630036 40.0
508031.03909912327 3881174.74264944 40.0
508030.83857356233 3881174.6870234525 40.0
508030.83857356233 3881174.6870234525 40.0
508030.83857356233 3881174.6870234525 40.0
508030.6289505676 3881174.6092099 40.0
508030.6289505676 3881174.6092099 40.0
508030.42842500354 3881174.5535839214 40.0
508030.2278994324 3881174.4979579486 40.0
508030.42842500354 3881174.5535839214 40.0
508030.2278994324 3881174.4979579486 40.0
508030.0273836571 3881174.4312422196 40.0
508030.0273836571 3881174.4312422196 40.0
508029.84509213304 3881174.37563236 40.0
508029.681044457 3881174.3089488545 40.0
508029.681044457 3881174.3089488545 40.0
508029.681044457 3881174.3089488545 40.0
508029.5169869786 3881174.253355108 40.0
508029.37118313875 3881174.175597952 40.0
508029.37118313875 3881174.175597952 40.0
508029.234486529 3881174.1089386125 40.0
508029.234486529 3881174.1089386125 40.0
508029.234486529 3881174.1089386125 40.0
508029.1069167374 3881174.031197567 40.0
508028.9884541743 3881173.964554335 40.0
508028.9884541743 3881173.964554335 40.0
508028.9884541743 3881173.964554335 40.0
508028.8791184295 3881173.886829397 40.0
508028.66952478257 3881173.7757466133 40.0
508028.8791184295 3881173.886829397 40.0
508028.56928647 3881173.720209249 40.0
508028.66952478257 3881173.7757466133 40.0
508028.46903836215 3881173.6757616447 40.0
508028.46903836215 3881173.6757616447 40.0
508028.35968302155 3881173.6202162304 40.0
508028.35968302155 3881173.6202162304 40.0
508028.35968302155 3881173.6202162304 40.0
508028.25031788583 3881173.5757605773 40.0
508028.25031788583 3881173.5757605773 40.0
508028.1318455169 3881173.5202071136 40.0
508028.00425612065 3881173.4646456013 40.0
508028.1318455169 3881173.5202071136 40.0
508027.8675496969 3881173.4090760397 40.0
508027.8675496969 3881173.4090760397 40.0
508027.7126190103 3881173.342400619 40.0
508027.8675496969 3881173.4090760397 40.0
508027.7126190103 3881173.342400619 40.0
508027.53946406225 3881173.2646193407 40.0
508027.53946406225 3881173.2646193407 40.0
508027.3571920851 3881173.1868300154 40.0
508027.3571920851 3881173.1868300154 40.0
508027.16581287346 3881173.0979428855 40.0
508026.9561996031 3881173.0090396567 40.0
508026.9561996031 3881173.0090396567 40.0
508026.9561996031 3881173.0090396567 40.0
508026.7465863286 3881172.920136435 40.0
508026.7465863286 3881172.920136435 40.0
508026.53697305004 3881172.8312332174 40.0
508026.53697305004 3881172.8312332174 40.0
508026.1268732985 3881172.642345088 40.0
508025.92636724334 3881172.564539692 40.0
508026.1268732985 3881172.642345088 40.0
508025.7349880046 3881172.4756525913 40.0
508025.7349880046 3881172.4756525913 40.0
508025.7349880046 3881172.4756525913 40.0
508025.5527159963 3881172.3978633024 40.0
508025.3704439872 3881172.3200740167 40.0
508025.3704439872 3881172.3200740167 40.0
508025.20640602685 3881172.2423008312 40.0
508025.20640602685 3881172.2423008312 40.0
508025.20640602685 3881172.2423008312 40.0
508025.0332510365 3881172.164519602 40.0
508025.0332510365 3881172.164519602 40.0
508024.8600862559 3881172.097828133 40.0
508024.69604828715 3881172.020054959 40.0
508024.69604828715 3881172.020054959 40.0
508024.5320005287 3881171.953371545 40.0
508024.5320005287 3881171.953371545 40.0
508024.5320005287 3881171.953371545 40.0
508024.36796255456 3881171.8755983743 40.0
508024.20392458 3881171.7978252075 40.0
508024.20392458 3881171.7978252075 40.0
508024.0398768116 3881171.731141803 40.0
508024.0398768116 3881171.731141803 40.0
508023.86672180163 3881171.653360595 40.0
508023.86672180163 3881171.653360595 40.0
508023.7026740305 3881171.5866771955 40.0
508023.7026740305 3881171.5866771955 40.0
508023.35635421076 3881171.442204553 40.0
508023.35635421076 3881171.442204553 40.0
508023.18318940414 3881171.3755131173 40.0
508023.18318940414 3881171.3755131173 40.0
508023.18318940414 3881171.3755131173 40.0
508023.0009173497 3881171.29772388 40.0
508023.0009173497 3881171.29772388 40.0
508022.8186452945 3881171.219934647 40.0
508022.8186452945 3881171.219934647 40.0
508022.6272562103 3881171.1421373696 40.0
508022.6272562103 3881171.1421373696 40.0
508022.4358769072 3881171.0532503393 40.0
508022.4358769072 3881171.0532503393 40.0
508022.2444878139 3881170.97545307 40.0
508022.2444878139 3881170.97545307 40.0
508022.04399147513 3881170.8865580023 40.0
508022.04399147513 3881170.8865580023 40.0
508021.8434853488 3881170.808752697 40.0
508021.8434853488 3881170.808752697 40.0
508021.65209624526 3881170.7309554415 40.0
508021.65209624526 3881170.7309554415 40.0
508021.4515998954 3881170.6420603856 40.0
508021.4515998954 3881170.6420603856 40.0
508021.26021078735 3881170.5642631385 40.0
508021.0688216714 3881170.486465895 40.0
508021.0688216714 3881170.486465895 40.0
508021.0688216714 3881170.486465895 40.0
508020.8865495858 3881170.4086767 40.0
508020.8865495858 3881170.4086767 40.0
508020.70427749475 3881170.330887509 40.0
508020.70427749475 3881170.330887509 40.0
508020.36706482474 3881170.1975127845 40.0
508020.36706482474 3881170.1975127845 40.0
508020.2030072155 3881170.1419192073 40.0
508020.2030072155 3881170.1419192073 40.0
508020.03895939037 3881170.0752358753 40.0
508019.87491156283 3881170.008552545 40.0
508019.87491156283 3881170.008552545 40.0
508019.7108539472 3881169.952958977 40.0
508019.7108539472 3881169.952958977 40.0
508019.54680611275 3881169.8862756523 40.0
508019.54680611275 3881169.8862756523 40.0
508019.3736412464 3881169.8195842886 40.0
508019.54680611275 3881169.8862756523 40.0
508019.3736412464 3881169.8195842886 40.0
508019.2004763798 3881169.752892929 40.0
508019.2004763798 3881169.752892929 40.0
508018.99997020426 3881169.675087687 40.0
508018.79946402065 3881169.5972824497 40.0
508018.79946402065 3881169.5972824497 40.0
508018.79946402065 3881169.5972824497 40.0
508018.57161652844 3881169.5083633317 40.0
508018.57161652844 3881169.5083633317 40.0
508018.34375925246 3881169.430533978 40.0
508018.10679471935 3881169.34160683 40.0
508018.10679471935 3881169.34160683 40.0
508017.86071315384 3881169.252671648 40.0
508018.10679471935 3881169.34160683 40.0
508017.86071315384 3881169.252671648 40.0
508017.6237486114 3881169.163744513 40.0
508017.6237486114 3881169.163744513 40.0
508017.386784069 3881169.0748173846 40.0
508017.14981951733 3881168.9858902614 40.0
508017.14981951733 3881168.9858902614 40.0
508017.14981951733 3881168.9858902614 40.0
508016.9310890242 3881168.896979226 40.0
508016.9310890242 3881168.896979226 40.0
508016.72146577993 3881168.8191659944 40.0
508016.72146577993 3881168.8191659944 40.0
508016.51184252976 3881168.741352766 40.0
508016.51184252976 3881168.741352766 40.0
508016.32045333507 3881168.663555623 40.0
508016.32045333507 3881168.663555623 40.0
508016.13819095143 3881168.574676766 40.0
508016.13819095143 3881168.574676766 40.0
508015.95590900443 3881168.5079774274 40.0
508015.95590900443 3881168.5079774274 40.0
508015.78275386646 3881168.430196375 40.0
508015.78275386646 3881168.430196375 40.0
508015.6187059759 3881168.3635131214 40.0
508015.46377511625 3881168.2968379105 40.0
508015.6187059759 3881168.3635131214 40.0
508015.3179612831 3881168.230170741 40.0
508015.3179612831 3881168.230170741 40.0
508015.3179612831 3881168.230170741 40.0
508015.17214745015 3881168.163503574 40.0
508015.17214745015 3881168.163503574 40.0
508014.8987440629 3881168.0412750826 40.0
508014.8987440629 3881168.0412750826 40.0
508014.7802617609 3881167.9968115524 40.0
508014.7802617609 3881167.9968115524 40.0
508014.5433069352 3881167.89679474 40.0
508014.5433069352 3881167.89679474 40.0
508014.43394166336 3881167.852339252 40.0
508014.43394166336 3881167.852339252 40.0
508014.3245763905 3881167.8078837665 40.0
508014.3245763905 3881167.8078837665 40.0
508014.2061038616 3881167.7523304867 40.0
508014.2061038616 3881167.7523304867 40.0
508014.09673858416 3881167.7078750017 40.0
508014.09673858416 3881167.7078750017 40.0
508013.9691392446 3881167.663403447 40.0
508013.9691392446 3881167.663403447 40.0
508013.84154968226 3881167.6078421334 40.0
508013.84154968226 3881167.6078421334 40.0
508013.70484308194 3881167.5522727864 40.0
508013.55902922637 3881167.485605646 40.0
508013.55902922637 3881167.485605646 40.0
508013.55902922637 3881167.485605646 40.0
508013.3949813025 3881167.418922432 40.0
508013.3949813025 3881167.418922432 40.0
508013.2309333785 3881167.3522392237 40.0
508013.2309333785 3881167.3522392237 40.0
508013.05776842014 3881167.285547981 40.0
508013.05776842014 3881167.285547981 40.0
508012.8846034569 3881167.2188567407 40.0
508012.8846034569 3881167.2188567407 40.0
508012.7023312337 3881167.1410677107 40.0
508012.7023312337 3881167.1410677107 40.0
508012.5291662651 3881167.0743764774 40.0
508012.5291662651 3881167.0743764774 40.0
508012.2010606132 3881166.9520998523 40.0
508012.055236963 3881166.896522493 40.0
508012.055236963 3881166.896522493 40.0
508012.055236963 3881166.896522493 40.0
508011.90941330866 3881166.8409451367 40.0
508011.7727066874 3881166.785375817 40.0
508011.7727066874 3881166.785375817 40.0
508011.7727066874 3881166.785375817 40.0
508011.6451170971 3881166.7298145364 40.0
508011.6451170971 3881166.7298145364 40.0
508011.51752750523 3881166.674253256 40.0
508011.51752750523 3881166.674253256 40.0
508011.3899379095 3881166.6186919766 40.0
508011.3899379095 3881166.6186919766 40.0
508011.2623483145 3881166.563130701 40.0
508011.2623483145 3881166.563130701 40.0
508011.12565145805 3881166.496471633 40.0
508010.97982779396 3881166.4408942913 40.0
508010.97982779396 3881166.4408942913 40.0
508010.97982779396 3881166.4408942913 40.0
508010.8340041281 3881166.3853169526 40.0
508010.8340041281 3881166.3853169526 40.0
508010.6699561645 3881166.31863379 40.0
508010.6699561645 3881166.31863379 40.0
508010.4967911677 3881166.251942596 40.0
508010.31450913294 3881166.185243371 40.0
508010.31450913294 3881166.185243371 40.0
508010.31450913294 3881166.185243371 40.0
508010.1413539027 3881166.107462426 40.0
508009.77679958846 3881165.962974238 40.0
508009.77679958846 3881165.962974238 40.0
508009.77679958846 3881165.962974238 40.0
508009.6036345784 3881165.8962830612 40.0
508009.6036345784 3881165.8962830612 40.0
508009.43046956346 3881165.8295918885 40.0
508009.43046956346 3881165.8295918885 40.0
508009.2664118136 3881165.773998508 40.0
508009.2664118136 3881165.773998508 40.0
508009.11148086115 3881165.7073234064 40.0
508008.95654013846 3881165.6517380653 40.0
508008.95654013846 3881165.6517380653 40.0
508008.80159941164 3881165.5961527275 40.0
508008.80159941164 3881165.5961527275 40.0
508008.80159941164 3881165.5961527275 40.0
508008.64665868285 3881165.540567391 40.0
508008.64665868285 3881165.540567391 40.0
508008.4917179546 3881165.484982057 40.0
508008.4917179546 3881165.484982057 40.0
508008.336777222 3881165.429396727 40.0
508008.336777222 3881165.429396727 40.0
508008.18183648994 3881165.373811399 40.0
508008.18183648994 3881165.373811399 40.0
508008.0086616879 3881165.3182100113 40.0
508008.0086616879 3881165.3182100113 40.0
508007.83549665037 3881165.2515188684 40.0
508007.83549665037 3881165.2515188684 40.0
508007.6623413789 3881165.1737379706 40.0
508007.6623413789 3881165.1737379706 40.0
508007.4709422676 3881165.107030772 40.0
508007.4709422676 3881165.107030772 40.0
508007.09729037725 3881164.9403551435 40.0
508007.09729037725 3881164.9403551435 40.0
508006.8967839902 3881164.86255017 40.0
508006.8967839902 3881164.86255017 40.0
508006.7053946343 3881164.784753231 40.0
508006.7053946343 3881164.784753231 40.0
508006.50489800767 3881164.695858505 40.0
508006.50489800767 3881164.695858505 40.0
508006.3135184143 3881164.606971815 40.0
508006.3135184143 3881164.606971815 40.0
508006.1130120109 3881164.5291668596 40.0
508006.1130120109 3881164.5291668596 40.0
508005.9033885738 3881164.451353877 40.0
508005.9033885738 3881164.451353877 40.0
508005.69377489714 3881164.3624511412 40.0
508005.69377489714 3881164.3624511412 40.0
508005.46592714626 3881164.273532354 40.0
508005.46592714626 3881164.273532354 40.0
508005.22896235576 3881164.1846055426 40.0
508005.22896235576 3881164.1846055426 40.0
508004.98288052314 3881164.0956707103 40.0
508004.98288052314 3881164.0956707103 40.0
508004.736798688 3881164.0067358837 40.0
508004.49983388354 3881163.917809093 40.0
508004.736798688 3881164.0067358837 40.0
508004.49983388354 3881163.917809093 40.0
508004.26286907436 3881163.828882307 40.0
508004.26286907436 3881163.828882307 40.0
508004.02590426063 3881163.7399555272 40.0
508003.58843299863 3881163.5732238544 40.0
508004.02590426063 3881163.7399555272 40.0
508003.58843299863 3881163.5732238544 40.0
508003.37880951574 3881163.495410931 40.0
508003.37880951574 3881163.495410931 40.0
508003.1783030651 3881163.417606039 40.0
508003.1783030651 3881163.417606039 40.0
508002.97779661114 3881163.33980115 40.0
508002.97779661114 3881163.33980115 40.0
508002.7864071898 3881163.2620042935 40.0
508002.7864071898 3881163.2620042935 40.0
508002.5859007314 3881163.1841994138 40.0
508002.3945113011 3881163.106402566 40.0
508002.5859007314 3881163.1841994138 40.0
508002.3945113011 3881163.106402566 40.0
508002.2031218722 3881163.02860572 40.0
508002.00261540135 3881162.9508008547 40.0
508002.00261540135 3881162.9508008547 40.0
508001.80210892705 3881162.872995993 40.0
508001.80210892705 3881162.872995993 40.0
508001.6016024493 3881162.7951911357 40.0
508001.80210892705 3881162.872995993 40.0
508001.6016024493 3881162.7951911357 40.0
508001.39197893156 3881162.717378259 40.0
508001.39197893156 3881162.717378259 40.0
508001.18235541024 3881162.639565386 40.0
508001.18235541024 3881162.639565386 40.0
508000.9727318877 3881162.561752518 40.0
508000.7540010826 3881162.4728418733 40.0
508000.7540010826 3881162.4728418733 40.0
508000.30741266056 3881162.3061023317 40.0
508000.30741266056 3881162.3061023317 40.0
508000.0795648058 3881162.217183681 40.0
508000.0795648058 3881162.217183681 40.0
507999.8517169465 3881162.128265033 40.0
507999.8517169465 3881162.128265033 40.0
507999.8517169465 3881162.128265033 40.0
507999.62386908283 3881162.0393463927 40.0
507999.405138252 3881161.9504357805 40.0
507999.405138252 3881161.9504357805 40.0
507999.405138252 3881161.9504357805 40.0
507999.18639765866 3881161.8726149313 40.0
507998.98589113663 3881161.7948101317 40.0
507998.98589113663 3881161.7948101317 40.0
507998.78538461117 3881161.7170053376 40.0
507998.78538461117 3881161.7170053376 40.0
507998.78538461117 3881161.7170053376 40.0
507998.5939853624 3881161.6502983267 40.0
507998.5939853624 3881161.6502983267 40.0
507998.42082994594 3881161.5725176046 40.0
507998.42082994594 3881161.5725176046 40.0
507998.2476647671 3881161.505826645 40.0
507998.2476647671 3881161.505826645 40.0
507998.08361662354 3881161.4391437103 40.0
507997.91956847993 3881161.372460778 40.0
507997.91956847993 3881161.372460778 40.0
507997.91956847993 3881161.372460778 40.0
507997.77374465106 3881161.31688365 40.0
507997.77374465106 3881161.31688365 40.0
507997.62792082276 3881161.261306523 40.0
507997.62792082276 3881161.261306523 40.0
507997.354497481 3881161.161258077 40.0
507997.2360150064 3881161.116794778 40.0
507997.354497481 3881161.161258077 40.0
507997.2360150064 3881161.116794778 40.0
507997.11753252824 3881161.0723314784 40.0
507997.11753252824 3881161.0723314784 40.0
507997.0081670919 3881161.027876201 40.0
507997.0081670919 3881161.027876201 40.0
507996.8988016498 3881160.9834209266 40.0
507996.8988016498 3881160.9834209266 40.0
507996.79854349425 3881160.95006343 40.0
507996.79854349425 3881160.95006343 40.0
507996.7074121294 3881160.9056241964 40.0
507996.7074121294 3881160.9056241964 40.0
507996.60715397 3881160.8722667038 40.0
507996.60715397 3881160.8722667038 40.0
507996.516012846 3881160.8389172307 40.0
507996.4248717261 3881160.8055677596 40.0
507996.516012846 3881160.8389172307 40.0
507996.32461356453 3881160.7722102674 40.0
507996.32461356453 3881160.7722102674 40.0
507996.32461356453 3881160.7722102674 40.0
507996.2243651593 3881160.727763021 40.0
507996.2243651593 3881160.727763021 40.0
507996.12410699384 3881160.694405533 40.0
507996.12410699384 3881160.694405533 40.0
507996.0147415458 3881160.649950268 40.0
507996.0147415458 3881160.649950268 40.0
507995.9053663424 3881160.6165847625 40.0
507995.9053663424 3881160.6165847625 40.0
507995.6866256872 3881160.538763999 40.0
507995.6866256872 3881160.538763999 40.0
507995.5590261574 3881160.4942927007 40.0
507995.44055341906 3881160.4387396667 40.0
507995.5590261574 3881160.4942927007 40.0
507995.44055341906 3881160.4387396667 40.0
507995.30383684783 3881160.3942603543 40.0
507995.17623731424 3881160.3497890616 40.0
507995.17623731424 3881160.3497890616 40.0
507995.0395304936 3881160.294219997 40.0
507995.0395304936 3881160.294219997 40.0
507995.0395304936 3881160.294219997 40.0
507994.902813916 3881160.249740691 40.0
507994.902813916 3881160.249740691 40.0
507994.7661070899 3881160.194171629 40.0
507994.62939051166 3881160.1496923254 40.0
507994.62939051166 3881160.1496923254 40.0
507994.62939051166 3881160.1496923254 40.0
507994.4835666455 3881160.09411525 40.0
507994.4835666455 3881160.09411525 40.0
507994.3377525276 3881160.027448419 40.0
507994.1919286577 3881159.9718713467 40.0
507994.1919286577 3881159.9718713467 40.0
507994.03698774666 3881159.9162862618 40.0
507994.03698774666 3881159.9162862618 40.0
507994.03698774666 3881159.9162862618 40.0
507993.882066335 3881159.8385216612 40.0
507993.882066335 3881159.8385216612 40.0
507993.71801813185 3881159.7718388047 40.0
507993.35345355736 3881159.638441036 40.0
507993.35345355736 3881159.638441036 40.0
507993.35345355736 3881159.638441036 40.0
507993.1620639761 3881159.5606443817 40.0
507993.1620639761 3881159.5606443817 40.0
507992.9615671025 3881159.4717499563 40.0
507992.9615671025 3881159.4717499563 40.0
507992.75194343465 3881159.3939372804 40.0
507992.75194343465 3881159.3939372804 40.0
507992.54231976316 3881159.316124608 40.0
507992.54231976316 3881159.316124608 40.0
507992.3418131305 3881159.2383199553 40.0
507992.3418131305 3881159.2383199553 40.0
507992.14129674004 3881159.171605066 40.0
507992.14129674004 3881159.171605066 40.0
507991.94990714104 3881159.0938084368 40.0
507991.94990714104 3881159.0938084368 40.0
507991.7584980356 3881159.0381913297 40.0
507991.7584980356 3881159.0381913297 40.0
507991.58533276216 3881158.971500498 40.0
507991.58533276216 3881158.971500498 40.0
507991.4121674839 3881158.904809669 40.0
507991.25722653774 3881158.84922463 40.0
507991.4121674839 3881158.904809669 40.0
507991.25722653774 3881158.84922463 40.0
507991.1022953358 3881158.7825498357 40.0
507991.1022953358 3881158.7825498357 40.0
507990.9655982151 3881158.7158910725 40.0
507990.9655982151 3881158.7158910725 40.0
507990.8288913443 3881158.660322069 40.0
507990.8288913443 3881158.660322069 40.0
507990.57371167926 3881158.549200097 40.0
507990.46435592603 3881158.4936551414 40.0
507990.57371167926 3881158.549200097 40.0
507990.46435592603 3881158.4936551414 40.0
507990.35499042395 3881158.4491999447 40.0
507990.35499042395 3881158.4491999447 40.0
507990.2365078776 3881158.4047367373 40.0
507990.2365078776 3881158.4047367373 40.0
507990.11803508195 3881158.3491837718 40.0
507990.11803508195 3881158.3491837718 40.0
507989.99043549446 3881158.304712554 40.0
507989.99043549446 3881158.304712554 40.0
507989.8628456503 3881158.2491515777 40.0
507989.72613876575 3881158.193582591 40.0
507989.72613876575 3881158.193582591 40.0
507989.72613876575 3881158.193582591 40.0
507989.5894318796 3881158.1380136074 40.0
507989.4436079482 3881158.0824366137 40.0
507989.4436079482 3881158.0824366137 40.0
507989.4436079482 3881158.0824366137 40.0
507989.2977937636 3881158.0157698626 40.0
507989.2977937636 3881158.0157698626 40.0
507989.15196983074 3881157.9601928727 40.0
507989.15196983074 3881157.9601928727 40.0
507988.9970385983 3881157.8935181135 40.0
507988.8420976202 3881157.8379331185 40.0
507988.9970385983 3881157.8935181135 40.0
507988.8420976202 3881157.8379331185 40.0
507988.6962834249 3881157.7712663766 40.0
507988.6962834249 3881157.7712663766 40.0
507988.4137623292 3881157.6490306705 40.0
507988.4137623292 3881157.6490306705 40.0
507988.28617246856 3881157.593469718 40.0
507988.28617246856 3881157.593469718 40.0
507988.15858260635 3881157.5379087674 40.0
507988.0401000374 3881157.4934455873 40.0
507988.15858260635 3881157.5379087674 40.0
507988.0401000374 3881157.4934455873 40.0
507987.9398613003 3881157.437908673 40.0
507987.8396128151 3881157.393461517 40.0
507987.9398613003 3881157.437908673 40.0
507987.74848136865 3881157.3490223764 40.0
507987.74848136865 3881157.3490223764 40.0
507987.6573499236 3881157.304583233 40.0
507987.6573499236 3881157.304583233 40.0
507987.57533552207 3881157.2601521024 40.0
507987.57533552207 3881157.2601521024 40.0
507987.57533552207 3881157.2601521024 40.0
507987.49331137567 3881157.2268107324 40.0
507987.41128722636 3881157.1934693605 40.0
507987.49331137567 3881157.2268107324 40.0
507987.41128722636 3881157.1934693605 40.0
507987.3292630764 3881157.1601279923 40.0
507987.3292630764 3881157.1601279923 40.0
507987.25635596813 3881157.1267946325 40.0
507987.1834488616 3881157.0934612756 40.0
507987.1834488616 3881157.0934612756 40.0
507987.11053200864 3881157.0712176766 40.0
507987.1834488616 3881157.0934612756 40.0
507987.11053200864 3881157.0712176766 40.0
507986.982942132 3881157.0156567413 40.0
507986.9191423202 3881156.993421153 40.0
507986.982942132 3881157.0156567413 40.0
507986.8644692938 3881156.9601038196 40.0
507986.9191423202 3881156.993421153 40.0
507986.8644692938 3881156.9601038196 40.0
507986.8006792269 3881156.9267784744 40.0
507986.73687941406 3881156.904542887 40.0
507986.73687941406 3881156.904542887 40.0
507986.73687941406 3881156.904542887 40.0
507986.67308934627 3881156.8712175437 40.0
507986.67308934627 3881156.8712175437 40.0
507986.6001822332 3881156.8378841905 40.0
507986.6001822332 3881156.8378841905 40.0
507986.51815807715 3881156.804542829 40.0
507986.51815807715 3881156.804542829 40.0
507986.42702662066 3881156.760103698 40.0
507986.42702662066 3881156.760103698 40.0
507986.326778123 3881156.715656562 40.0
507986.2082955344 3881156.6711934055 40.0
507986.2082955344 3881156.6711934055 40.0
507986.2082955344 3881156.6711934055 40.0
507986.08982268936 3881156.6156404926 40.0
507986.08982268936 3881156.6156404926 40.0
507985.9531157573 3881156.5600715633 40.0
507985.9531157573 3881156.5600715633 40.0
507985.8255356061 3881156.493420887 40.0
507985.8255356061 3881156.493420887 40.0
507985.6797116278 3881156.437843953 40.0
507985.6797116278 3881156.437843953 40.0
507985.54300469055 3881156.3822750296 40.0
507985.54300469055 3881156.3822750296 40.0
507985.4062977517 3881156.3267061086 40.0
507985.4062977517 3881156.3267061086 40.0
507985.26959081116 3881156.27113719 40.0
507985.26959081116 3881156.27113719 40.0
507985.14200091205 3881156.215576282 40.0
507985.0144012704 3881156.1711051334 40.0
507985.0144012704 3881156.1711051334 40.0
507985.0144012704 3881156.1711051334 40.0
507984.89591866836 3881156.126641994 40.0
507984.89591866836 3881156.126641994 40.0
507984.7865531131 3881156.0821868656 40.0
507984.7865531131 3881156.0821868656 40.0
507984.67718755204 3881156.037731738 40.0
507984.5769390379 3881155.9932846176 40.0
507984.5769390379 3881155.9932846176 40.0
507984.5769390379 3881155.9932846176 40.0
507984.4858075638 3881155.9488455076 40.0
507984.3946760888 3881155.9044064 40.0
507984.4858075638 3881155.9488455076 40.0
507984.30353487283 3881155.87105705 40.0
507984.30353487283 3881155.87105705 40.0
507984.2124033939 3881155.8266179417 40.0
507984.2124033939 3881155.8266179417 40.0
507984.2124033939 3881155.8266179417 40.0
507984.1212719187 3881155.7821788364 40.0
507984.1212719187 3881155.7821788364 40.0
507984.0210233967 3881155.737731724 40.0
507984.0210233967 3881155.737731724 40.0
507983.9298821777 3881155.7043823767 40.0
507983.9298821777 3881155.7043823767 40.0
507983.82963365625 3881155.6599352667 40.0
507983.82963365625 3881155.6599352667 40.0
507983.7202778249 3881155.6043903935 40.0
507983.7202778249 3881155.6043903935 40.0
507983.6109122576 3881155.559935278 40.0
507983.50154668454 3881155.515480165 40.0
507983.50154668454 3881155.515480165 40.0
507983.50154668454 3881155.515480165 40.0
507983.4012981589 3881155.4710330586 40.0
507983.4012981589 3881155.4710330586 40.0
507983.2919325838 3881155.4265779466 40.0
507983.2919325838 3881155.4265779466 40.0
507983.1825670122 3881155.382122838 40.0
507983.1825670122 3881155.382122838 40.0
507983.073201435 3881155.33766773 40.0
507983.073201435 3881155.33766773 40.0
507982.9638455998 3881155.2821228635 40.0
507982.9638455998 3881155.2821228635 40.0
507982.8362459321 3881155.2376517453 40.0
507982.8362459321 3881155.2376517453 40.0
507982.7086560037 3881155.1820908724 40.0
507982.7086560037 3881155.1820908724 40.0
507982.5719490295 3881155.126521994 40.0
507982.426134745 3881155.059855353 40.0
507982.426134745 3881155.059855353 40.0
507982.426134745 3881155.059855353 40.0
507982.27120341634 3881154.993180711 40.0
507982.27120341634 3881154.993180711 40.0
507982.10714530124 3881154.9375878223 40.0
507982.10714530124 3881154.9375878223 40.0
507981.94309692143 3881154.8709051795 40.0
507981.94309692143 3881154.8709051795 40.0
507981.6241074669 3881154.7486376665 40.0
507981.6241074669 3881154.7486376665 40.0
507981.46917612705 3881154.6819630372 40.0
507981.46917612705 3881154.6819630372 40.0
507981.31423504616 3881154.6263781684 40.0
507981.16841101047 3881154.5708013074 40.0
507981.31423504616 3881154.6263781684 40.0
507981.16841101047 3881154.5708013074 40.0
507981.0225772345 3881154.526314207 40.0
507981.0225772345 3881154.526314207 40.0
507980.8949872851 3881154.470753357 40.0
507980.8949872851 3881154.470753357 40.0
507980.75827055343 3881154.426274264 40.0
507980.63067086297 3881154.381803178 40.0
507980.63067086297 3881154.381803178 40.0
507980.5030711737 3881154.337332092 40.0
507980.5030711737 3881154.337332092 40.0
507980.5030711737 3881154.337332092 40.0
507980.3754714831 3881154.29286101 40.0
507980.3754714831 3881154.29286101 40.0
507980.2387547462 3881154.2483819253 40.0
507980.2387547462 3881154.2483819253 40.0
507980.10204774304 3881154.1928130826 40.0
507980.10204774304 3881154.1928130826 40.0
507979.9653407358 3881154.137244245 40.0
507979.81039964117 3881154.081659402 40.0
507979.81039964117 3881154.081659402 40.0
507979.81039964117 3881154.081659402 40.0
507979.6554682744 3881154.0149848047 40.0
507979.6554682744 3881154.0149848047 40.0
507979.5096442188 3881153.9594079694 40.0
507979.5096442188 3881153.9594079694 40.0
507979.35471284774 3881153.892733376 40.0
507979.35471284774 3881153.892733376 40.0
507979.190664429 3881153.8260507826 40.0
507979.190664429 3881153.8260507826 40.0
507979.02660627646 3881153.770457952 40.0
507979.02660627646 3881153.770457952 40.0
507978.8625578554 3881153.7037753654 40.0
507978.8625578554 3881153.7037753654 40.0
507978.6893923839 3881153.6370847803 40.0
507978.6893923839 3881153.6370847803 40.0
507978.516236643 3881153.5593044376 40.0
507978.516236643 3881153.5593044376 40.0
507978.34306143573 3881153.503703618 40.0
507978.34306143573 3881153.503703618 40.0
507978.17901300255 3881153.437021043 40.0
507978.01495483454 3881153.3814282287 40.0
507978.01495483454 3881153.3814282287 40.0
507977.8508966668 3881153.3258354194 40.0
507978.01495483454 3881153.3814282287 40.0
507977.8508966668 3881153.3258354194 40.0
507977.7050725869 3881153.270258613 40.0
507977.7050725869 3881153.270258613 40.0
507977.55924850743 3881153.2146818102 40.0
507977.41341469454 3881153.170194768 40.0
507977.41341469454 3881153.170194768 40.0
507977.26759060944 3881153.114617967 40.0
507977.26759060944 3881153.114617967 40.0
507977.14000061736 3881153.0590571724 40.0
507977.14000061736 3881153.0590571724 40.0
507976.8665768048 3881152.9590093447 40.0
507976.8665768048 3881152.9590093447 40.0
507976.8665768048 3881152.9590093447 40.0
507976.73898680805 3881152.903448554 40.0
507976.6114065382 3881152.836798009 40.0
507976.6114065382 3881152.836798009 40.0
507976.4746897611 3881152.7923189783 40.0
507976.4746897611 3881152.7923189783 40.0
507976.4746897611 3881152.7923189783 40.0
507976.3379924435 3881152.725660437 40.0
507976.1921683471 3881152.670083656 40.0
507976.1921683471 3881152.670083656 40.0
507976.1921683471 3881152.670083656 40.0
507976.0372466599 3881152.5923193605 40.0
507975.88231524255 3881152.5256448267 40.0
507975.88231524255 3881152.5256448267 40.0
507975.88231524255 3881152.5256448267 40.0
507975.7091594589 3881152.447864541 40.0
507975.5360036699 3881152.370084257 40.0
507975.5360036699 3881152.370084257 40.0
507975.35372109944 3881152.303385736 40.0
507975.35372109944 3881152.303385736 40.0
507975.17144825996 3881152.2255974608 40.0
507975.17144825996 3881152.2255974608 40.0
507975.17144825996 3881152.2255974608 40.0
507974.9891754151 3881152.147809189 40.0
507974.9891754151 3881152.147809189 40.0
507974.81601961656 3881152.0700289197 40.0
507974.81601961656 3881152.0700289197 40.0
507974.6337370372 3881152.003330414 40.0
507974.6337370372 3881152.003330414 40.0
507974.46969828027 3881151.925558148 40.0
507974.46969828027 3881151.925558148 40.0
507974.2965327429 3881151.8588676453 40.0
507974.1324842505 3881151.7921851445 40.0
507974.2965327429 3881151.8588676453 40.0
507974.1324842505 3881151.7921851445 40.0
507973.9775528056 3881151.725510643 40.0
507973.9775528056 3881151.725510643 40.0
507973.8226116288 3881151.6699259044 40.0
507973.6676801819 3881151.6032514074 40.0
507973.8226116288 3881151.6699259044 40.0
507973.52186577354 3881151.5365849114 40.0
507973.52186577354 3881151.5365849114 40.0
507973.3760513676 3881151.469918417 40.0
507973.3760513676 3881151.469918417 40.0
507973.22112964065 3881151.3921541697 40.0
507973.22112964065 3881151.3921541697 40.0
507973.0753152279 3881151.325487681 40.0
507973.22112964065 3881151.3921541697 40.0
507972.911266717 3881151.258805202 40.0
507972.911266717 3881151.258805202 40.0
507972.74722793204 3881151.1810329678 40.0
507972.74722793204 3881151.1810329678 40.0
507972.74722793204 3881151.1810329678 40.0
507972.5831891419 3881151.1032607364 40.0
507972.5831891419 3881151.1032607364 40.0
507972.40091625473 3881151.025472517 40.0
507972.40091625473 3881151.025472517 40.0
507972.2277604105 3881150.947692296 40.0
507972.2277604105 3881150.947692296 40.0
507972.0546142908 3881150.8588223206 40.0
507971.8723413919 3881150.781034113 40.0
507972.0546142908 3881150.8588223206 40.0
507971.8723413919 3881150.781034113 40.0
507971.6900587629 3881150.7143356656 40.0
507971.6900587629 3881150.7143356656 40.0
507971.4986688117 3881150.6365394695 40.0
507971.4986688117 3881150.6365394695 40.0
507971.3163959059 3881150.558751272 40.0
507971.3163959059 3881150.558751272 40.0
507971.1341327188 3881150.469873321 40.0
507971.1341327188 3881150.469873321 40.0
507970.95185980195 3881150.39208513 40.0
507970.95185980195 3881150.39208513 40.0
507970.7604698377 3881150.3142889496 40.0
507970.7604698377 3881150.3142889496 40.0
507970.5781969192 3881150.2365007666 40.0
507970.5781969192 3881150.2365007666 40.0
507970.386797223 3881150.1697943527 40.0
507970.386797223 3881150.1697943527 40.0
507970.1954072469 3881150.0919981836 40.0
507970.1954072469 3881150.0919981836 40.0
507970.0040172698 3881150.01420202 40.0
507970.0040172698 3881150.01420202 40.0
507969.8217443366 3881149.9364138516 40.0
507969.6485787274 3881149.8697234383 40.0
507969.6485787274 3881149.8697234383 40.0
507969.6485787274 3881149.8697234383 40.0
507969.4845301675 3881149.8030410213 40.0
507969.32048160286 3881149.7363586077 40.0
507969.32048160286 3881149.7363586077 40.0
507969.32048160286 3881149.7363586077 40.0
507969.1655598095 3881149.6585944304 40.0
507969.1655598095 3881149.6585944304 40.0
507969.01973561785 3881149.603017765 40.0
507969.01973561785 3881149.603017765 40.0
507968.8830381979 3881149.536359335 40.0
507968.8830381979 3881149.536359335 40.0
507968.75545782567 3881149.4697089 40.0
507968.75545782567 3881149.4697089 40.0
507968.6187506785 3881149.414140232 40.0
507968.6187506785 3881149.414140232 40.0
507968.50026791095 3881149.3696773085 40.0
507968.38178514456 3881149.3252143855 40.0
507968.50026791095 3881149.3696773085 40.0
507968.38178514456 3881149.3252143855 40.0
507968.27241942246 3881149.280759456 40.0
507968.17217075394 3881149.236312519 40.0
507968.17217075394 3881149.236312519 40.0
507968.0719123595 3881149.202955341 40.0
507968.0719123595 3881149.202955341 40.0
507968.0719123595 3881149.202955341 40.0
507967.9807710168 3881149.1696061553 40.0
507967.88963939354 3881149.1251672115 40.0
507967.9807710168 3881149.1696061553 40.0
507967.81673215213 3881149.09183401 40.0
507967.81673215213 3881149.09183401 40.0
507967.81673215213 3881149.09183401 40.0
507967.74381518795 3881149.0695905667 40.0
507967.6709079432 3881149.0362573657 40.0
507967.6709079432 3881149.0362573657 40.0
507967.6071080309 3881149.014021915 40.0
507967.6071080309 3881149.014021915 40.0
507967.5615519385 3881148.980712686 40.0
507967.5615519385 3881148.980712686 40.0
507967.5615519385 3881148.980712686 40.0
507967.5068690758 3881148.9584852266 40.0
507967.5068690758 3881148.9584852266 40.0
507967.4521862082 3881148.936257767 40.0
507967.40662039537 3881148.914038297 40.0
507967.40662039537 3881148.914038297 40.0
507967.40662039537 3881148.914038297 40.0
507967.36105458235 3881148.891818829 40.0
507967.3063717163 3881148.8695913698 40.0
507967.3063717163 3881148.8695913698 40.0
507967.3063717163 3881148.8695913698 40.0
507967.2607961835 3881148.8584616594 40.0
507967.2607961835 3881148.8584616594 40.0
507967.2061133193 3881148.8362342026 40.0
507967.15143045026 3881148.8140067444 40.0
507967.2061133193 3881148.8362342026 40.0
507967.08763053507 3881148.7917712955 40.0
507967.08763053507 3881148.7917712955 40.0
507967.02383061725 3881148.76953585 40.0
507967.08763053507 3881148.7917712955 40.0
507966.9600307015 3881148.7473004013 40.0
507966.9600307015 3881148.7473004013 40.0
507966.88711373246 3881148.7250569654 40.0
507966.88711373246 3881148.7250569654 40.0
507966.81419676536 3881148.7028135303 40.0
507966.81419676536 3881148.7028135303 40.0
507966.73217246373 3881148.669472346 40.0
507966.73217246373 3881148.669472346 40.0
507966.73217246373 3881148.669472346 40.0
507966.6501481614 3881148.636131163 40.0
507966.6501481614 3881148.636131163 40.0
507966.5590068102 3881148.6027819924 40.0
507966.5590068102 3881148.6027819924 40.0
507966.3858411518 3881148.5360916415 40.0
507966.3858411518 3881148.5360916415 40.0
507966.29470951436 3881148.4916527146 40.0
507966.29470951436 3881148.4916527146 40.0
507966.2035681581 3881148.458303547 40.0
507966.2035681581 3881148.458303547 40.0
507966.1033194681 3881148.413856633 40.0
507966.1033194681 3881148.413856633 40.0
507966.0121878281 3881148.3694177093 40.0
507966.0121878281 3881148.3694177093 40.0
507965.9028123699 3881148.336052566 40.0
507965.9028123699 3881148.336052566 40.0
507965.80256367486 3881148.2916056546 40.0
507965.80256367486 3881148.2916056546 40.0
507965.684080879 3881148.2471427675 40.0
507965.684080879 3881148.2471427675 40.0
507965.57472485036 3881148.191598112 40.0
507965.57472485036 3881148.191598112 40.0
507965.46536882035 3881148.136053459 40.0
507965.46536882035 3881148.136053459 40.0
507965.3468957378 3881148.0805008183 40.0
507965.2284226538 3881148.024948177 40.0
507965.3468957378 3881148.0805008183 40.0
507965.2284226538 3881148.024948177 40.0
507965.1008422314 3881147.9582977938 40.0
507965.1008422314 3881147.9582977938 40.0
507964.9641350416 3881147.902729182 40.0
507964.9641350416 3881147.902729182 40.0
507964.8183205149 3881147.836062826 40.0
507964.8183205149 3881147.836062826 40.0
507964.6816133215 3881147.780494217 40.0
507964.6816133215 3881147.780494217 40.0
507964.5357987885 3881147.7138278643 40.0
507964.5357987885 3881147.7138278643 40.0
507964.39909159153 3881147.658259261 40.0
507964.2532673412 3881147.602682673 40.0
507964.2532673412 3881147.602682673 40.0
507964.2532673412 3881147.602682673 40.0
507964.1165698563 3881147.5360243153 40.0
507963.97074559995 3881147.4804477296 40.0
507964.1165698563 3881147.5360243153 40.0
507963.97074559995 3881147.4804477296 40.0
507963.834038396 3881147.424879134 40.0
507963.834038396 3881147.424879134 40.0
507963.6882044235 3881147.3803923116 40.0
507963.6882044235 3881147.3803923116 40.0
507963.5514972164 3881147.324823721 40.0
507963.40566324093 3881147.2803369043 40.0
507963.40566324093 3881147.2803369043 40.0
507963.26895602595 3881147.224768317 40.0
507963.26895602595 3881147.224768317 40.0
507963.1231317618 3881147.169191746 40.0
507963.1231317618 3881147.169191746 40.0
507962.986424548 3881147.1136231627 40.0
507962.986424548 3881147.1136231627 40.0
507962.986424548 3881147.1136231627 40.0
507962.8497173326 3881147.0580545818 40.0
507962.7038930609 3881147.002478019 40.0
507962.7038930609 3881147.002478019 40.0
507962.7038930609 3881147.002478019 40.0
507962.5580687897 3881146.9469014565 40.0
507962.5580687897 3881146.9469014565 40.0
507962.4122445168 3881146.8913248973 40.0
507962.4122445168 3881146.8913248973 40.0
507962.2573129005 3881146.824650597 40.0
507962.2573129005 3881146.824650597 40.0
507962.1114886238 3881146.7690740423 40.0
507962.1114886238 3881146.7690740423 40.0
507961.9565472903 3881146.713489504 40.0
507961.9565472903 3881146.713489504 40.0
507961.79248890706 3881146.657896984 40.0
507961.6284305171 3881146.6023044684 40.0
507961.6284305171 3881146.6023044684 40.0
507961.4734988902 3881146.5356301814 40.0
507961.4734988902 3881146.5356301814 40.0
507961.4734988902 3881146.5356301814 40.0
507961.31856726325 3881146.4689558963 40.0
507961.31856726325 3881146.4689558963 40.0
507961.1545185789 3881146.4022736303 40.0
507960.9995772334 3881146.3466891088 40.0
507960.9995772334 3881146.3466891088 40.0
507960.9995772334 3881146.3466891088 40.0
507960.83552854916 3881146.2800068483 40.0
507960.68058719963 3881146.2244223314 40.0
507960.83552854916 3881146.2800068483 40.0
507960.68058719963 3881146.2244223314 40.0
507960.52565556165 3881146.157748061 40.0
507960.361597155 3881146.1021555676 40.0
507960.361597155 3881146.1021555676 40.0
507960.361597155 3881146.1021555676 40.0
507960.2157922743 3881146.024399527 40.0
507960.2157922743 3881146.024399527 40.0
507960.0608606295 3881145.957725264 40.0
507960.0608606295 3881145.957725264 40.0
507959.9059289801 3881145.891051004 40.0
507959.9059289801 3881145.891051004 40.0
507959.75099733076 3881145.824376746 40.0
507959.75099733076 3881145.824376746 40.0
507959.60517302045 3881145.7688002316 40.0
507959.60517302045 3881145.7688002316 40.0
507959.4502316594 3881145.7132157376 40.0
507959.4502316594 3881145.7132157376 40.0
507959.2953000014 3881145.646541488 40.0
507959.14948539715 3881145.5798752224 40.0
507959.2953000014 3881145.646541488 40.0
507959.14948539715 3881145.5798752224 40.0
507958.9945537347 3881145.513200978 40.0
507958.8487391261 3881145.4465347175 40.0
507958.8487391261 3881145.4465347175 40.0
507958.69380746153 3881145.3798604785 40.0
507958.69380746153 3881145.3798604785 40.0
507958.69380746153 3881145.3798604785 40.0
507958.53886608366 3881145.3242759993 40.0
507958.53886608366 3881145.3242759993 40.0
507958.3839247039 3881145.268691523 40.0
507958.3839247039 3881145.268691523 40.0
507958.23811008694 3881145.202025274 40.0
507958.23811008694 3881145.202025274 40.0
507958.0922954679 3881145.135359024 40.0
507957.9373637901 3881145.068684797 40.0
507957.9373637901 3881145.068684797 40.0
507957.9373637901 3881145.068684797 40.0
507957.7733247635 3881144.990912834 40.0
507957.7733247635 3881144.990912834 40.0
507957.44523699925 3881144.8464586763 40.0
507957.44523699925 3881144.8464586763 40.0
507957.27207120287 3881144.779768499 40.0
507957.0989054062 3881144.7130783265 40.0
507957.0989054062 3881144.7130783265 40.0
507956.9166322567 3881144.6352904183 40.0
507957.0989054062 3881144.7130783265 40.0
507956.9166322567 3881144.6352904183 40.0
507956.73434940004 3881144.568592274 40.0
507956.73434940004 3881144.568592274 40.0
507956.5520762422 3881144.490804372 40.0
507956.36979337997 3881144.424106232 40.0
507956.36979337997 3881144.424106232 40.0
507956.1875202185 3881144.3463183404 40.0
507956.1875202185 3881144.3463183404 40.0
507956.1875202185 3881144.3463183404 40.0
507956.00524705625 3881144.2685304508 40.0
507956.00524705625 3881144.2685304508 40.0
507955.8229835939 3881144.1796528073 40.0
507955.8229835939 3881144.1796528073 40.0
507955.63159336767 3881144.101856947 40.0
507955.63159336767 3881144.101856947 40.0
507955.44932989834 3881144.0129793105 40.0
507955.2670567231 3881143.935191436 40.0
507955.2670567231 3881143.935191436 40.0
507955.0756567826 3881143.8684853446 40.0
507955.0756567826 3881143.8684853446 40.0
507955.0756567826 3881143.8684853446 40.0
507954.6928957113 3881143.690714143 40.0
507954.6928957113 3881143.690714143 40.0
507954.5015151666 3881143.6018285486 40.0
507954.5015151666 3881143.6018285486 40.0
507954.301017567 3881143.512934979 40.0
507954.10051996115 3881143.4240414165 40.0
507954.301017567 3881143.512934979 40.0
507954.10051996115 3881143.4240414165 40.0
507953.9000223514 3881143.335147857 40.0
507953.9000223514 3881143.335147857 40.0
507953.7177588499 3881143.2462702547 40.0
507953.7177588499 3881143.2462702547 40.0
507953.52637828863 3881143.1573846815 40.0
507953.3532318384 3881143.0685150647 40.0
507953.3532318384 3881143.0685150647 40.0
507953.3532318384 3881143.0685150647 40.0
507953.1892121409 3881142.96856367 40.0
507953.1892121409 3881142.96856367 40.0
507953.0251730383 3881142.890791792 40.0
507953.0251730383 3881142.890791792 40.0
507952.87026068877 3881142.801938136 40.0
507952.87026068877 3881142.801938136 40.0
507952.72446539515 3881142.7130924584 40.0
507952.5786506936 3881142.6464262996 40.0
507952.5786506936 3881142.6464262996 40.0
507952.45107980684 3881142.568686335 40.0
507952.45107980684 3881142.568686335 40.0
507952.45107980684 3881142.568686335 40.0
507952.32349921914 3881142.502036131 40.0
507952.32349921914 3881142.502036131 40.0
507952.2050356841 3881142.435393904 40.0
507952.2050356841 3881142.435393904 40.0
507952.09568920196 3881142.368759655 40.0
507952.09568920196 3881142.368759655 40.0
507951.9772256659 3881142.3021174306 40.0
507951.9772256659 3881142.3021174306 40.0
507951.8587524229 3881142.2465649666 40.0
507951.8587524229 3881142.2465649666 40.0
507951.7493962379 3881142.191020477 40.0
507951.63092299446 3881142.1354680173 40.0
507951.63092299446 3881142.1354680173 40.0
507951.5124497495 3881142.079915556 40.0
507951.5124497495 3881142.079915556 40.0
507951.5124497495 3881142.079915556 40.0
507951.403103258 3881142.0132813146 40.0
507951.403103258 3881142.0132813146 40.0
507951.2846300124 3881141.957728858 40.0
507951.2846300124 3881141.957728858 40.0
507951.1661567631 3881141.902176402 40.0
507951.1661567631 3881141.902176402 40.0
507951.0568005697 3881141.8466319223 40.0
507951.0568005697 3881141.8466319223 40.0
507950.93832731753 3881141.79107947 40.0
507950.93832731753 3881141.79107947 40.0
507950.8198443623 3881141.746616778 40.0
507950.8198443623 3881141.746616778 40.0
507950.7104881673 3881141.6910723015 40.0
507950.7104881673 3881141.6910723015 40.0
507950.60113196634 3881141.635527827 40.0
507950.60113196634 3881141.635527827 40.0
507950.4826587086 3881141.5799753806 40.0
507950.4826587086 3881141.5799753806 40.0
507950.37330250954 3881141.5244309097 40.0
507950.37330250954 3881141.5244309097 40.0
507950.26393660594 3881141.4799761972 40.0
507950.15458040434 3881141.4244317277 40.0
507950.26393660594 3881141.4799761972 40.0
507950.15458040434 3881141.4244317277 40.0
507950.0360974405 3881141.3799690465 40.0
507950.0360974405 3881141.3799690465 40.0
507949.9176144779 3881141.335506365 40.0
507949.7900338498 3881141.2688561976 40.0
507949.9176144779 3881141.335506365 40.0
507949.7900338498 3881141.2688561976 40.0
507949.6624435266 3881141.213295789 40.0
507949.5257458367 3881141.146637651 40.0
507949.5257458367 3881141.146637651 40.0
507949.38905784464 3881141.068889758 40.0
507949.38905784464 3881141.068889758 40.0
507949.38905784464 3881141.068889758 40.0
507949.24324309465 3881141.002223653 40.0
507949.24324309465 3881141.002223653 40.0
507949.09742834256 3881140.93555755 40.0
507949.09742834256 3881140.93555755 40.0
507948.9516232829 3881140.8578016907 40.0
507948.80579882953 3881140.802225351 40.0
507948.80579882953 3881140.802225351 40.0
507948.6691108262 3881140.7244774685 40.0
507948.6691108262 3881140.7244774685 40.0
507948.5324034276 3881140.6689091036 40.0
507948.6691108262 3881140.7244774685 40.0
507948.5324034276 3881140.6689091036 40.0
507948.4048130837 3881140.6133487127 40.0
507948.2863494954 3881140.546706537 40.0
507948.2863494954 3881140.546706537 40.0
507948.1678859054 3881140.4800643623 40.0
507948.1678859054 3881140.4800643623 40.0
507948.1678859054 3881140.4800643623 40.0
507948.04941261787 3881140.4245119477 40.0
507947.9309490245 3881140.357869777 40.0
507947.9309490245 3881140.357869777 40.0
507947.9309490245 3881140.357869777 40.0
507947.8124757316 3881140.3023173655 40.0
507947.8124757316 3881140.3023173655 40.0
507947.67577801686 3881140.235659256 40.0
507947.67577801686 3881140.235659256 40.0
507947.53907060483 3881140.180090907 40.0
507947.53907060483 3881140.180090907 40.0
507947.3932558271 3881140.1134248315 40.0
507947.3932558271 3881140.1134248315 40.0
507947.2474507397 3881140.0356689994 40.0
507947.2474507397 3881140.0356689994 40.0
507947.0925188982 3881139.96899496 40.0
507947.0925188982 3881139.96899496 40.0
507946.9375870521 3881139.9023209205 40.0
507946.9375870521 3881139.9023209205 40.0
507946.7735478409 3881139.824549157 40.0
507946.6186256864 3881139.746785367 40.0
507946.6186256864 3881139.746785367 40.0
507946.4545767734 3881139.6801033677 40.0
507946.6186256864 3881139.746785367 40.0
507946.4545767734 3881139.6801033677 40.0
507946.29053755174 3881139.602331611 40.0
507946.29053755174 3881139.602331611 40.0
507946.12648863374 3881139.535649617 40.0
507946.12648863374 3881139.535649617 40.0
507945.96244941134 3881139.4578778706 40.0
507945.78928342846 3881139.3911879123 40.0
507945.78928342846 3881139.3911879123 40.0
507945.61612713593 3881139.3134082016 40.0
507945.61612713593 3881139.3134082016 40.0
507945.61612713593 3881139.3134082016 40.0
507945.44297084276 3881139.235628493 40.0
507945.44297084276 3881139.235628493 40.0
507945.26070717664 3881139.1467510625 40.0
507945.26070717664 3881139.1467510625 40.0
507945.0693167545 3881139.0689554247 40.0
507945.0693167545 3881139.0689554247 40.0
507944.8779360234 3881138.980070034 40.0
507944.6683114714 3881138.9022584693 40.0
507944.6683114714 3881138.9022584693 40.0
507944.6683114714 3881138.9022584693 40.0
507944.4678136701 3881138.8133651195 40.0
507944.4678136701 3881138.8133651195 40.0
507944.26732555847 3881138.713382016 40.0
507944.26732555847 3881138.713382016 40.0
507944.07595449843 3881138.6134068836 40.0
507943.88457374804 3881138.524521513 40.0
507943.88457374804 3881138.524521513 40.0
507943.88457374804 3881138.524521513 40.0
507943.71142711333 3881138.4356520805 40.0
507943.71142711333 3881138.4356520805 40.0
507943.5382707872 3881138.357872408 40.0
507943.37423151685 3881138.280100707 40.0
507943.5382707872 3881138.357872408 40.0
507943.21018255607 3881138.2134187664 40.0
507943.37423151685 3881138.280100707 40.0
507943.21018255607 3881138.2134187664 40.0
507943.05525065167 3881138.1467447933 40.0
507943.05525065167 3881138.1467447933 40.0
507942.90943580854 3881138.08007879 40.0
507942.763620961 3881138.0134127894 40.0
507942.90943580854 3881138.08007879 40.0
507942.763620961 3881138.0134127894 40.0
507942.4719912641 3881137.8800807935 40.0
507942.34441053536 3881137.8134307307 40.0
507942.34441053536 3881137.8134307307 40.0
507942.2168104273 3881137.768960185 40.0
507942.34441053536 3881137.8134307307 40.0
507942.2168104273 3881137.768960185 40.0
507942.0892200066 3881137.713399883 40.0
507942.0892200066 3881137.713399883 40.0
507941.97074664367 3881137.6578475484 40.0
507941.8522635956 3881137.613384973 40.0
507941.97074664367 3881137.6578475484 40.0
507941.8522635956 3881137.613384973 40.0
507941.7428976035 3881137.568930363 40.0
507941.7428976035 3881137.568930363 40.0
507941.6152974891 3881137.5244598254 40.0
507941.6152974891 3881137.5244598254 40.0
507941.5059218115 3881137.4910949785 40.0
507941.5059218115 3881137.4910949785 40.0
507941.39655581623 3881137.4466403727 40.0
507941.39655581623 3881137.4466403727 40.0
507941.2963068841 3881137.402193732 40.0
507941.2963068841 3881137.402193732 40.0
507941.19605795096 3881137.3577470947 40.0
507941.19605795096 3881137.3577470947 40.0
507941.1049163915 3881137.3243981786 40.0
507941.0137845186 3881137.279959507 40.0
507941.0137845186 3881137.279959507 40.0
507941.0137845186 3881137.279959507 40.0
507940.92264295765 3881137.2466105944 40.0
507940.92264295765 3881137.2466105944 40.0
507940.83150139835 3881137.213261681 40.0
507940.83150139835 3881137.213261681 40.0
507940.7403598361 3881137.1799127697 40.0
507940.7403598361 3881137.1799127697 40.0
507940.6492182732 3881137.1465638587 40.0
507940.6492182732 3881137.1465638587 40.0
507940.5580863986 3881137.1021251907 40.0
507940.45782777196 3881137.068768318 40.0
507940.45782777196 3881137.068768318 40.0
507940.45782777196 3881137.068768318 40.0
507940.3484617665 3881137.0243137265 40.0
507940.2299690137 3881136.9909409294 40.0
507940.2299690137 3881136.9909409294 40.0
507940.2299690137 3881136.9909409294 40.0
507940.10236888385 3881136.946470414 40.0
507940.10236888385 3881136.946470414 40.0
507939.9656613763 3881136.8909021793 40.0
507939.828944179 3881136.8464237037 40.0
507939.828944179 3881136.8464237037 40.0
507939.6740122313 3881136.7797497897 40.0
507939.6740122313 3881136.7797497897 40.0
507939.5190609058 3881136.7352553937 40.0
507939.5190609058 3881136.7352553937 40.0
507939.5190609058 3881136.7352553937 40.0
507939.3550118867 3881136.6685735225 40.0
507939.3550118867 3881136.6685735225 40.0
507939.18184580246 3881136.601883692 40.0
507939.18184580246 3881136.601883692 40.0
507939.01778709824 3881136.546291584 40.0
507939.01778709824 3881136.546291584 40.0
507938.86284545023 3881136.4907074426 40.0
507938.86284545023 3881136.4907074426 40.0
507938.56207921373 3881136.3795471275 40.0
507938.56207921373 3881136.3795471275 40.0
507938.43448874896 3881136.3239868763 40.0
507938.306888601 3881136.2795163854 40.0
507938.43448874896 3881136.3239868763 40.0
507938.306888601 3881136.2795163854 40.0
507938.1884055172 3881136.235053857 40.0
507938.07903949067 3881136.190599293 40.0
507938.1884055172 3881136.235053857 40.0
507938.07903949067 3881136.190599293 40.0
507937.9787808473 3881136.1572424467 40.0
507937.87852219853 3881136.1238856036 40.0
507937.87852219853 3881136.1238856036 40.0
507937.87852219853 3881136.1238856036 40.0
507937.7873806146 3881136.0905367224 40.0
507937.7873806146 3881136.0905367224 40.0
507937.6962487155 3881136.0460980837 40.0
507937.605097447 3881136.0238389606 40.0
507937.6962487155 3881136.0460980837 40.0
507937.605097447 3881136.0238389606 40.0
507937.51395586104 3881135.9904900817 40.0
507937.51395586104 3881135.9904900817 40.0
507937.40458983294 3881135.9460355258 40.0
507937.40458983294 3881135.9460355258 40.0
507937.2952141164 3881135.912670727 40.0
507937.1584968937 3881135.8681922927 40.0
507937.1584968937 3881135.8681922927 40.0
507937.0126722886 3881135.812616142 40.0
507937.0126722886 3881135.812616142 40.0
507936.6936621957 3881135.7125297263 40.0
507937.0126722886 3881135.812616142 40.0
507936.51137901255 3881135.6458319863 40.0
507936.51137901255 3881135.6458319863 40.0
507936.51137901255 3881135.6458319863 40.0
507936.3290958244 3881135.5791342505 40.0
507936.3290958244 3881135.5791342505 40.0
507936.1468029546 3881135.5235262765 40.0
507936.1468029546 3881135.5235262765 40.0
507935.96451008023 3881135.4679183066 40.0
507935.96451008023 3881135.4679183066 40.0
507935.7822268845 3881135.401220582 40.0
507935.7822268845 3881135.401220582 40.0
507935.6090510694 3881135.3456205777 40.0
507935.6090510694 3881135.3456205777 40.0
507935.4449826381 3881135.301118294 40.0
507935.4449826381 3881135.301118294 40.0
507935.29004094715 3881135.245534211 40.0
507935.29004094715 3881135.245534211 40.0
507935.13508957886 3881135.2010398908 40.0
507935.13508957886 3881135.2010398908 40.0
507934.9892552662 3881135.156553529 40.0
507934.8434112794 3881135.1231569303 40.0
507934.9892552662 3881135.156553529 40.0
507934.6975672892 3881135.0897603324 40.0
507934.6975672892 3881135.0897603324 40.0
507934.6975672892 3881135.0897603324 40.0
507934.542596552 3881135.067445537 40.0
507934.542596552 3881135.067445537 40.0
507934.3967332014 3881135.0562284607 40.0
507934.3967332014 3881135.0562284607 40.0
507934.2235089765 3881135.0560772717 40.0
507933.86794346484 3881135.055766946 40.0
507933.86794346484 3881135.055766946 40.0
507933.86794346484 3881135.055766946 40.0
507933.6673486907 3881135.0777714113 40.0
507933.6673486907 3881135.0777714113 40.0
507933.457646529 3881135.088678169 40.0
507933.24792501464 3881135.1217644457 40.0
507933.24792501464 3881135.1217644457 40.0
507933.24792501464 3881135.1217644457 40.0
507933.0199693736 3881135.1548348144 40.0
507932.8102478624 3881135.1879211036 40.0
507932.8102478624 3881135.1879211036 40.0
507932.5913996117 3881135.232089197 40.0
507932.5913996117 3881135.232089197 40.0
507932.3725416864 3881135.2873470546 40.0
507932.5913996117 3881135.232089197 40.0
507932.3725416864 3881135.2873470546 40.0
507932.1445570234 3881135.3536867187 40.0
507932.1445570234 3881135.3536867187 40.0
507931.9439235554 3881135.420050255 40.0
507931.7341730288 3881135.48640584 40.0
507931.7341730288 3881135.48640584 40.0
507931.5517640161 3881135.5638750517 40.0
507931.5517640161 3881135.5638750517 40.0
507931.3784817526 3881135.630262463 40.0
507931.3784817526 3881135.630262463 40.0
507931.3784817526 3881135.630262463 40.0
507931.2051898117 3881135.7077396372 40.0
507931.2051898117 3881135.7077396372 40.0
507931.05013200076 3881135.7852327204 40.0
507931.05013200076 3881135.7852327204 40.0
507930.8950645175 3881135.8738155663 40.0
507930.8950645175 3881135.8738155663 40.0
507930.739997042 3881135.962398413 40.0
507930.5849392394 3881136.0398915056 40.0
507930.739997042 3881135.962398413 40.0
507930.5849392394 3881136.0398915056 40.0
507930.429862093 3881136.1395641165 40.0
507930.2656678847 3881136.2392287767 40.0
507930.2656678847 3881136.2392287767 40.0
507930.1014543321 3881136.3610729543 40.0
507930.1014543321 3881136.3610729543 40.0
507929.9190066607 3881136.4829012305 40.0
507930.1014543321 3881136.3610729543 40.0
507929.73653964483 3881136.6269090236 40.0
507929.73653964483 3881136.6269090236 40.0
507929.73653964483 3881136.6269090236 40.0
507929.5449459013 3881136.7819986274 40.0
507929.5449459013 3881136.7819986274 40.0
507929.35334248666 3881136.9481779938 40.0
507929.35334248666 3881136.9481779938 40.0
507929.1526123487 3881137.12543917 40.0
507929.1526123487 3881137.12543917 40.0
507928.9518725437 3881137.3137901067 40.0
507928.9518725437 3881137.3137901067 40.0
507928.76024981117 3881137.502149001 40.0
507928.76024981117 3881137.502149001 40.0
507928.5686174098 3881137.7015976566 40.0
507928.5686174098 3881137.7015976566 40.0
507928.37698502146 3881137.9010463166 40.0
507928.37698502146 3881137.9010463166 40.0
507928.1853526369 3881138.1004949794 40.0
507928.1853526369 3881138.1004949794 40.0
507927.99370092264 3881138.322123164 40.0
507927.99370092264 3881138.322123164 40.0
507927.80205888883 3881138.532661594 40.0
507927.80205888883 3881138.532661594 40.0
507927.6104168593 3881138.7432000274 40.0
507927.6104168593 3881138.7432000274 40.0
507927.42790157424 3881138.942656658 40.0
507927.42790157424 3881138.942656658 40.0
507927.07198808575 3881139.341577881 40.0
507927.07198808575 3881139.341577881 40.0
507926.89859955193 3881139.5299527156 40.0
507926.89859955193 3881139.5299527156 40.0
507926.7252110253 3881139.7183275507 40.0
507926.7252110253 3881139.7183275507 40.0
507926.5609395652 3881139.906710342 40.0
507926.5609395652 3881139.906710342 40.0
507926.26886490826 3881140.283507727 40.0
507926.26886490826 3881140.283507727 40.0
507926.1501787617 3881140.4719302715 40.0
507926.04057100497 3881140.7047197986 40.0
507926.1501787617 3881140.4719302715 40.0
507926.04057100497 3881140.7047197986 40.0
507925.9127678102 3881140.8931343956 40.0
507925.9127678102 3881140.8931343956 40.0
507925.78497429186 3881141.070459238 40.0
507925.67540522816 3881141.258889736 40.0
507925.78497429186 3881141.070459238 40.0
507925.67540522816 3881141.258889736 40.0
507925.574962893 3881141.436238427 40.0
507925.574962893 3881141.436238427 40.0
507925.48364728765 3881141.6025053104 40.0
507925.48364728765 3881141.6025053104 40.0
507925.40144874307 3881141.768780142 40.0
507925.40144874307 3881141.768780142 40.0
507925.3283672589 3881141.935062924 40.0
507925.2552954453 3881142.0902559487 40.0
507925.3283672589 3881141.935062924 40.0
507925.2552954453 3881142.0902559487 40.0
507925.1822333046 3881142.234359215 40.0
507925.1822333046 3881142.234359215 40.0
507925.1091711639 3881142.378462483 40.0
507925.0361090254 3881142.5225657504 40.0
507925.1091711639 3881142.378462483 40.0
507924.9721736159 3881142.655587209 40.0
507925.0361090254 3881142.5225657504 40.0
507924.9721736159 3881142.655587209 40.0
507924.8991308171 3881142.777510963 40.0
507924.8991308171 3881142.777510963 40.0
507924.8352050789 3881142.899442664 40.0
507924.8352050789 3881142.899442664 40.0
507924.7712793401 3881143.0213743667 40.0
507924.7712793401 3881143.0213743667 40.0
507924.71648032876 3881143.132224259 40.0
507924.6616813165 3881143.243074152 40.0
507924.6616813165 3881143.243074152 40.0
507924.6616813165 3881143.243074152 40.0
507924.61599936377 3881143.353931992 40.0
507924.61599936377 3881143.353931992 40.0
507924.56121968845 3881143.442602371 40.0
507924.56121968845 3881143.442602371 40.0
507924.5064303471 3881143.542362508 40.0
507924.4607677319 3881143.631040832 40.0
507924.5064303471 3881143.542362508 40.0
507924.4607677319 3881143.631040832 40.0
507924.4151051176 3881143.7197191585 40.0
507924.3694425019 3881143.8083974854 40.0
507924.4151051176 3881143.7197191585 40.0
507924.3694425019 3881143.8083974854 40.0
507924.3328969447 3881143.897083759 40.0
507924.2872343307 3881143.9857620853 40.0
507924.2872343307 3881143.9857620853 40.0
507924.2872343307 3881143.9857620853 40.0
507924.2415717199 3881144.074440413 40.0
507924.2415717199 3881144.074440413 40.0
507924.19590910996 3881144.163118739 40.0
507924.19590910996 3881144.163118739 40.0
507924.1411197769 3881144.2628788776 40.0
507924.1411197769 3881144.2628788776 40.0
507924.0954571689 3881144.351557206 40.0
507924.0954571689 3881144.351557206 40.0
507924.04067750694 3881144.4402275863 40.0
507924.04067750694 3881144.4402275863 40.0
507923.98587851075 3881144.5510774846 40.0
507923.94930395856 3881144.6730330344 40.0
507923.94930395856 3881144.6730330344 40.0
507923.94930395856 3881144.6730330344 40.0
507923.89449530083 3881144.7949726894 40.0
507923.89449530083 3881144.7949726894 40.0
507923.8305695902 3881144.916904398 40.0
507923.8305695902 3881144.916904398 40.0
507923.7575074923 3881145.061007677 40.0
507923.66619195644 3881145.2272745785 40.0
507923.66619195644 3881145.2272745785 40.0
507923.5748764239 3881145.3935414804 40.0
507923.66619195644 3881145.2272745785 40.0
507923.5748764239 3881145.3935414804 40.0
507923.4744051798 3881145.6041594706 40.0
507923.383070323 3881145.792605891 40.0
507923.383070323 3881145.792605891 40.0
507923.383070323 3881145.792605891 40.0
507923.29173546756 3881145.9810523135 40.0
507923.29173546756 3881145.9810523135 40.0
507923.2004006183 3881146.169498737 40.0
507923.1181924911 3881146.346863348 40.0
507923.2004006183 3881146.169498737 40.0
507923.1181924911 3881146.346863348 40.0
507923.03599403717 3881146.5131382025 40.0
507922.95379558153 3881146.679413058 40.0
507922.95379558153 3881146.679413058 40.0
507922.88072384644 3881146.8346061027 40.0
507922.95379558153 3881146.679413058 40.0
507922.8167691684 3881146.9898070926 40.0
507922.8167691684 3881146.9898070926 40.0
507922.8167691684 3881146.9898070926 40.0
507922.75282415294 3881147.1339183254 40.0
507922.75282415294 3881147.1339183254 40.0
507922.68887914415 3881147.2780295587 40.0
507922.6340608517 3881147.4110589805 40.0
507922.68887914415 3881147.2780295587 40.0
507922.6340608517 3881147.4110589805 40.0
507922.57925222797 3881147.532998644 40.0
507922.52444360335 3881147.6549383095 40.0
507922.57925222797 3881147.532998644 40.0
507922.52444360335 3881147.6549383095 40.0
507922.4787713634 3881147.7547064023 40.0
507922.4330991244 3881147.854474498 40.0
507922.4787713634 3881147.7547064023 40.0
507922.4330991244 3881147.854474498 40.0
507922.3874365487 3881147.943152834 40.0
507922.3874365487 3881147.943152834 40.0
507922.35089102737 3881148.031839117 40.0
507922.35089102737 3881148.031839117 40.0
507922.3143551689 3881148.1094356417 40.0
507922.3143551689 3881148.1094356417 40.0
507922.2778193134 3881148.187032166 40.0
507922.2778193134 3881148.187032166 40.0
507922.24129312055 3881148.2535389327 40.0
507922.24129312055 3881148.2535389327 40.0
507922.20476693293 3881148.3200457008 40.0
507922.16825040546 3881148.3754627095 40.0
507922.20476693293 3881148.3200457008 40.0
507922.16825040546 3881148.3754627095 40.0
507922.1408509316 3881148.430887664 40.0
507922.1043247407 3881148.497394431 40.0
507922.1043247407 3881148.497394431 40.0
507922.1043247407 3881148.497394431 40.0
507922.06779855274 3881148.563901199 40.0
507922.06779855274 3881148.563901199 40.0
507922.02214564825 3881148.6414897805 40.0
507921.97648308275 3881148.7301681195 40.0
507922.02214564825 3881148.6414897805 40.0
507921.97648308275 3881148.7301681195 40.0
507921.9308205182 3881148.8188464567 40.0
507921.8760312379 3881148.918606611 40.0
507921.8760312379 3881148.918606611 40.0
507921.8760312379 3881148.918606611 40.0
507921.81211524707 3881149.0294485767 40.0
507921.7481799279 3881149.1624700595 40.0
507921.7481799279 3881149.1624700595 40.0
507921.7481799279 3881149.1624700595 40.0
507921.6751178969 3881149.306573355 40.0
507921.60205587064 3881149.450676651 40.0
507921.60205587064 3881149.450676651 40.0
507921.60205587064 3881149.450676651 40.0
507921.5198574676 3881149.616951521 40.0
507921.5198574676 3881149.616951521 40.0
507921.4376590676 3881149.78322639 40.0
507921.4376590676 3881149.78322639 40.0
507921.3554510073 3881149.9605910196 40.0
507921.3554510073 3881149.9605910196 40.0
507921.2732429502 3881150.137955649 40.0
507921.1819275128 3881150.3042225763 40.0
507921.1819275128 3881150.3042225763 40.0
507921.09970979916 3881150.492676967 40.0
507921.09970979916 3881150.492676967 40.0
507921.09970979916 3881150.492676967 40.0
507921.0083943662 3881150.658943895 40.0
507920.92619598494 3881150.8252187707 40.0
507921.0083943662 3881150.658943895 40.0
507920.83489022113 3881150.9803959434 40.0
507920.83489022113 3881150.9803959434 40.0
507920.83489022113 3881150.9803959434 40.0
507920.76181856124 3881151.1355890054 40.0
507920.6796395138 3881151.2796843667 40.0
507920.76181856124 3881151.1355890054 40.0
507920.5974701313 3881151.41268997 40.0
507920.6796395138 3881151.2796843667 40.0
507920.5974701313 3881151.41268997 40.0
507920.5335348465 3881151.5457114615 40.0
507920.5335348465 3881151.5457114615 40.0
507920.46049218066 3881151.667635252 40.0
507920.3874398523 3881151.8006488006 40.0
507920.46049218066 3881151.667635252 40.0
507920.3874398523 3881151.8006488006 40.0
507920.3235238998 3881151.9114907784 40.0
507920.3235238998 3881151.9114907784 40.0
507920.2595886202 3881152.0445122723 40.0
507920.2595886202 3881152.0445122723 40.0
507920.1865362978 3881152.177525822 40.0
507920.10436693527 3881152.310531431 40.0
507920.10436693527 3881152.310531431 40.0
507920.10436693527 3881152.310531431 40.0
507920.0313146149 3881152.4435449825 40.0
507919.94914525474 3881152.576550592 40.0
507919.94914525474 3881152.576550592 40.0
507919.94914525474 3881152.576550592 40.0
507919.8669565716 3881152.731735718 40.0
507919.8669565716 3881152.731735718 40.0
507919.7847678912 3881152.886920847 40.0
507919.7847678912 3881152.886920847 40.0
507919.7025792137 3881153.0421059737 40.0
507919.7025792137 3881153.0421059737 40.0
507919.6112734929 3881153.1972831604 40.0
507919.5290848212 3881153.3524682904 40.0
507919.6112734929 3881153.1972831604 40.0
507919.5290848212 3881153.3524682904 40.0
507919.4468864935 3881153.518743179 40.0
507919.4468864935 3881153.518743179 40.0
507919.3555807819 3881153.6739203683 40.0
507919.3555807819 3881153.6739203683 40.0
507919.2824995056 3881153.8402032005 40.0
507919.2824995056 3881153.8402032005 40.0
507919.1181028664 3881154.1727529825 40.0
507919.1181028664 3881154.1727529825 40.0
507919.0358948908 3881154.350117633 40.0
507919.0358948908 3881154.350117633 40.0
507918.9536869184 3881154.5274822842 40.0
507918.9536869184 3881154.5274822842 40.0
507918.8623522444 3881154.715928754 40.0
507918.8623522444 3881154.715928754 40.0
507918.78014427866 3881154.893293406 40.0
507918.6796925701 3881155.0817319346 40.0
507918.78014427866 3881154.893293406 40.0
507918.6796925701 3881155.0817319346 40.0
507918.58836756734 3881155.2590886485 40.0
507918.58836756734 3881155.2590886485 40.0
507918.4970329082 3881155.44753512 40.0
507918.4057079149 3881155.624891835 40.0
507918.4057079149 3881155.624891835 40.0
507918.4057079149 3881155.624891835 40.0
507918.3143732632 3881155.81333831 40.0
507918.3143732632 3881155.81333831 40.0
507918.2139215698 3881156.001776843 40.0
507918.2139215698 3881156.001776843 40.0
507918.1225965853 3881156.1791335614 40.0
507918.1225965853 3881156.1791335614 40.0
507918.02214490453 3881156.3675720966 40.0
507918.02214490453 3881156.3675720966 40.0
507917.9217028847 3881156.544920877 40.0
507917.9217028847 3881156.544920877 40.0
507917.82126086886 3881156.722269656 40.0
507917.82126086886 3881156.722269656 40.0
507917.72993589914 3881156.899626379 40.0
507917.6295035497 3881157.0658854027 40.0
507917.72993589914 3881156.899626379 40.0
507917.6295035497 3881157.0658854027 40.0
507917.5290712063 3881157.2321444284 40.0
507917.42863886186 3881157.398403455 40.0
507917.42863886186 3881157.398403455 40.0
507917.42863886186 3881157.398403455 40.0
507917.3282065234 3881157.564662483 40.0
507917.22777419095 3881157.730921512 40.0
507917.3282065234 3881157.564662483 40.0
507917.22777419095 3881157.730921512 40.0
507917.1273515157 3881157.8860907834 40.0
507917.02691918815 3881158.052349815 40.0
507917.02691918815 3881158.052349815 40.0
507917.02691918815 3881158.052349815 40.0
507916.9264965245 3881158.2075190893 40.0
507916.9264965245 3881158.2075190893 40.0
507916.82605454634 3881158.3848678805 40.0
507916.82605454634 3881158.3848678805 40.0
507916.7347392681 3881158.551134856 40.0
507916.6342972997 3881158.7284836494 40.0
507916.6342972997 3881158.7284836494 40.0
507916.6342972997 3881158.7284836494 40.0
507916.533855333 3881158.905832445 40.0
507916.43341337243 3881159.0831812406 40.0
507916.43341337243 3881159.0831812406 40.0
507916.332961754 3881159.271619794 40.0
507916.43341337243 3881159.0831812406 40.0
507916.332961754 3881159.271619794 40.0
507916.23251014197 3881159.4600583524 40.0
507916.23251014197 3881159.4600583524 40.0
507916.1229318376 3881159.6595787294 40.0
507916.1229318376 3881159.6595787294 40.0
507916.0133535381 3881159.8590991073 40.0
507916.0133535381 3881159.8590991073 40.0
507915.9129019415 3881160.047537668 40.0
507915.9129019415 3881160.047537668 40.0
507915.80331399234 3881160.258147807 40.0
507915.80331399234 3881160.258147807 40.0
507915.6937357093 3881160.45766819 40.0
507915.6937357093 3881160.45766819 40.0
507915.58415742643 3881160.657188572 40.0
507915.58415742643 3881160.657188572 40.0
507915.483696189 3881160.8567168955 40.0
507915.483696189 3881160.8567168955 40.0
507915.37411791785 3881161.0562372818 40.0
507915.37411791785 3881161.0562372818 40.0
507915.26453965146 3881161.2557576695 40.0
507915.26453965146 3881161.2557576695 40.0
507915.1640784299 3881161.455285996 40.0
507915.0545001707 3881161.6548063867 40.0
507915.0545001707 3881161.6548063867 40.0
507915.0545001707 3881161.6548063867 40.0
507914.9540389581 3881161.8543347158 40.0
507914.85356808995 3881162.0649528047 40.0
507914.9540389581 3881161.8543347158 40.0
507914.85356808995 3881162.0649528047 40.0
507914.64352864807 3881162.464001532 40.0
507914.64352864807 3881162.464001532 40.0
507914.54306744883 3881162.6635298664 40.0
507914.4426062586 3881162.8630582015 40.0
507914.4426062586 3881162.8630582015 40.0
507914.4426062586 3881162.8630582015 40.0
507914.3512717614 3881163.051504718 40.0
507914.3512717614 3881163.051504718 40.0
507914.25082023203 3881163.239943297 40.0
507914.25082023203 3881163.239943297 40.0
507914.15949539945 3881163.417300057 40.0
507914.15949539945 3881163.417300057 40.0
507914.06818022026 3881163.5835670587 40.0
507913.9859820844 3881163.749841998 40.0
507913.9859820844 3881163.749841998 40.0
507913.9037936036 3881163.9050271804 40.0
507913.9037936036 3881163.9050271804 40.0
507913.83072216064 3881164.060220301 40.0
507913.83072216064 3881164.060220301 40.0
507913.83072216064 3881164.060220301 40.0
507913.7576603743 3881164.204323664 40.0
507913.7576603743 3881164.204323664 40.0
507913.6846082465 3881164.337337269 40.0
507913.6115561186 3881164.4703508746 40.0
507913.6846082465 3881164.337337269 40.0
507913.5476306835 3881164.59228266 40.0
507913.5476306835 3881164.59228266 40.0
507913.5476306835 3881164.59228266 40.0
507913.4745882134 3881164.7142065093 40.0
507913.4745882134 3881164.7142065093 40.0
507913.4106627795 3881164.836138295 40.0
507913.4106627795 3881164.836138295 40.0
507913.3467470033 3881164.946980322 40.0
507913.3467470033 3881164.946980322 40.0
507913.22804213833 3881165.1575825573 40.0
507913.1823700878 3881165.257350701 40.0
507913.22804213833 3881165.1575825573 40.0
507913.1367076892 3881165.3460290856 40.0
507913.1367076892 3881165.3460290856 40.0
507913.08192826016 3881165.4346995354 40.0
507913.1367076892 3881165.3460290856 40.0
507913.08192826016 3881165.4346995354 40.0
507913.036275519 3881165.512288163 40.0
507912.9815057451 3881165.5898688543 40.0
507912.9815057451 3881165.5898688543 40.0
507912.94497003674 3881165.6674654176 40.0
507912.9815057451 3881165.5898688543 40.0
507912.8993172979 3881165.745054046 40.0
507912.8993172979 3881165.745054046 40.0
507912.85367421055 3881165.811552916 40.0
507912.85367421055 3881165.811552916 40.0
507912.8171385065 3881165.88914948 40.0
507912.8171385065 3881165.88914948 40.0
507912.7714954205 3881165.9556483515 40.0
507912.7714954205 3881165.9556483515 40.0
507912.72584268457 3881166.033236981 40.0
507912.72584268457 3881166.033236981 40.0
507912.689316633 3881166.0997437863 40.0
507912.689316633 3881166.0997437863 40.0
507912.689316633 3881166.0997437863 40.0
507912.63454686553 3881166.1773244813 40.0
507912.63454686553 3881166.1773244813 40.0
507912.58888447925 3881166.2660028697 40.0
507912.47932563926 3881166.4433437753 40.0
507912.47932563926 3881166.4433437753 40.0
507912.47932563926 3881166.4433437753 40.0
507912.4245269182 3881166.5541937454 40.0
507912.35149413126 3881166.665027845 40.0
507912.4245269182 3881166.5541937454 40.0
507912.35149413126 3881166.665027845 40.0
507912.2784613484 3881166.775861945 40.0
507912.2784613484 3881166.775861945 40.0
507912.21452629275 3881166.908883498 40.0
507912.21452629275 3881166.908883498 40.0
507912.14148385904 3881167.0308073573 40.0
507912.14148385904 3881167.0308073573 40.0
507912.05930509354 3881167.1749027995 40.0
507912.05930509354 3881167.1749027995 40.0
507911.98624336015 3881167.3190061767 40.0
507911.98624336015 3881167.3190061767 40.0
507911.9040645974 3881167.46310162 40.0
507911.9040645974 3881167.46310162 40.0
507911.8218761855 3881167.618286821 40.0
507911.8218761855 3881167.618286821 40.0
507911.73968777637 3881167.773472024 40.0
507911.73968777637 3881167.773472024 40.0
507911.6483726896 3881167.939739052 40.0
507911.55706725526 3881168.094916322 40.0
507911.6483726896 3881167.939739052 40.0
507911.55706725526 3881168.094916322 40.0
507911.46574252145 3881168.2722731098 40.0
507911.37441779114 3881168.4496298986 40.0
507911.37441779114 3881168.4496298986 40.0
507911.1826513109 3881168.8043355444 40.0
507911.1826513109 3881168.8043355444 40.0
507911.08219025965 3881169.003863918 40.0
507911.08219025965 3881169.003863918 40.0
507910.98172921507 3881169.203392294 40.0
507910.98172921507 3881169.203392294 40.0
507910.98172921507 3881169.203392294 40.0
507910.8812585219 3881169.4140104293 40.0
507910.77167080395 3881169.6246206323 40.0
507910.77167080395 3881169.6246206323 40.0
507910.6620927414 3881169.8241410763 40.0
507910.6620927414 3881169.8241410763 40.0
507910.5525050334 3881170.0347512816 40.0
507910.5525050334 3881170.0347512816 40.0
507910.5525050334 3881170.0347512816 40.0
507910.4520343594 3881170.2453694204 40.0
507910.4520343594 3881170.2453694204 40.0
507910.35156368767 3881170.4559875615 40.0
507910.35156368767 3881170.4559875615 40.0
507910.2511026751 3881170.655515946 40.0
507910.2511026751 3881170.655515946 40.0
507910.1506416646 3881170.8550443305 40.0
507910.1506416646 3881170.8550443305 40.0
507910.0501903081 3881171.043482958 40.0
507909.9497389557 3881171.2319215867 40.0
507909.9497389557 3881171.2319215867 40.0
507909.9497389557 3881171.2319215867 40.0
507909.86754096166 3881171.398196566 40.0
507909.86754096166 3881171.398196566 40.0
507909.78533332364 3881171.5755613046 40.0
507909.6209373508 3881171.9081112663 40.0
507909.6209373508 3881171.9081112663 40.0
507909.5569927209 3881172.0522225983 40.0
507909.5569927209 3881172.0522225983 40.0
507909.49304809544 3881172.196333928 40.0
507909.49304809544 3881172.196333928 40.0
507909.4291131185 3881172.3293555016 40.0
507909.4291131185 3881172.3293555016 40.0
507909.36516849697 3881172.4734668327 40.0
507909.36516849697 3881172.4734668327 40.0
507909.36516849697 3881172.4734668327 40.0
507909.2921164973 3881172.6064804746 40.0
507909.2921164973 3881172.6064804746 40.0
507909.22818152845 3881172.739502049 40.0
507909.22818152845 3881172.739502049 40.0
507909.1642369083 3881172.8836133815 40.0
507909.0911752711 3881173.0277167843 40.0
507909.0911752711 3881173.0277167843 40.0
507909.02723065513 3881173.1718281195 40.0
507909.02723065513 3881173.1718281195 40.0
507908.9541497235 3881173.3381110393 40.0
507908.9541497235 3881173.3381110393 40.0
507908.9541497235 3881173.3381110393 40.0
507908.88106879225 3881173.504393959 40.0
507908.88106879225 3881173.504393959 40.0
507908.7988611901 3881173.6817587065 40.0
507908.7988611901 3881173.6817587065 40.0
507908.71665359347 3881173.8591234554 40.0
507908.6253096769 3881174.0586597896 40.0
507908.6253096769 3881174.0586597896 40.0
507908.6253096769 3881174.0586597896 40.0
507908.5430827892 3881174.258204057 40.0
507908.4517485281 3881174.4466506345 40.0
507908.5430827892 3881174.258204057 40.0
507908.4517485281 3881174.4466506345 40.0
507908.3695216477 3881174.6461949022 40.0
507908.3695216477 3881174.6461949022 40.0
507908.2872851234 3881174.8568289313 40.0
507908.2050582526 3881175.0563732004 40.0
507908.2050582526 3881175.0563732004 40.0
507908.2050582526 3881175.0563732004 40.0
507908.11369506473 3881175.2780890577 40.0
507908.01322450483 3881175.4887072253 40.0
507908.11369506473 3881175.2780890577 40.0
507908.01322450483 3881175.4887072253 40.0
507907.9218613259 3881175.710423083 40.0
507907.8305078007 3881175.921049185 40.0
507907.8305078007 3881175.921049185 40.0
507907.8305078007 3881175.921049185 40.0
507907.73004690115 3881176.120577598 40.0
507907.73004690115 3881176.120577598 40.0
507907.6387030265 3881176.320113943 40.0
507907.5382421379 3881176.519642358 40.0
507907.6387030265 3881176.320113943 40.0
507907.4378005442 3881176.696991258 40.0
507907.4378005442 3881176.696991258 40.0
507907.4378005442 3881176.696991258 40.0
507907.3373589544 3881176.8743401584 40.0
507907.24603439064 3881177.0516969906 40.0
507907.3373589544 3881176.8743401584 40.0
507907.24603439064 3881177.0516969906 40.0
507907.14561210066 3881177.2068663766 40.0
507907.14561210066 3881177.2068663766 40.0
507907.0634238576 3881177.362051623 40.0
507907.0634238576 3881177.362051623 40.0
507906.97211859573 3881177.517228942 40.0
507906.88993035845 3881177.6724141915 40.0
507906.88993035845 3881177.6724141915 40.0
507906.88993035845 3881177.6724141915 40.0
507906.8077517719 3881177.816509682 40.0
507906.8077517719 3881177.816509682 40.0
507906.7346998547 3881177.949523345 40.0
507906.6616286463 3881178.104716526 40.0
507906.6616286463 3881178.104716526 40.0
507906.6616286463 3881178.104716526 40.0
507906.5976744636 3881178.259917637 40.0
507906.5976744636 3881178.259917637 40.0
507906.51547659404 3881178.4261926464 40.0
507906.51547659404 3881178.4261926464 40.0
507906.4332690823 3881178.603557417 40.0
507906.4332690823 3881178.603557417 40.0
507906.3419445534 3881178.7809142587 40.0
507906.3419445534 3881178.7809142587 40.0
507906.25973704824 3881178.958279031 40.0
507906.25973704824 3881178.958279031 40.0
507906.16839323647 3881179.1578153903 40.0
507906.09528346825 3881179.357367612 40.0
507906.09528346825 3881179.357367612 40.0
507906.0039300217 3881179.5679937303 40.0
507906.0039300217 3881179.5679937303 40.0
507906.0039300217 3881179.5679937303 40.0
507905.9125862217 3881179.7675300944 40.0
507905.9125862217 3881179.7675300944 40.0
507905.8121157621 3881179.978148288 40.0
507905.8121157621 3881179.978148288 40.0
507905.72076232603 3881180.188774412 40.0
507905.6385355594 3881180.3883187063 40.0
507905.6385355594 3881180.3883187063 40.0
507905.54719177564 3881180.587855073 40.0
507905.54719177564 3881180.587855073 40.0
507905.4649650141 3881180.78739937 40.0
507905.4649650141 3881180.78739937 40.0
507905.4649650141 3881180.78739937 40.0
507905.3827382562 3881180.986943667 40.0
507905.3827382562 3881180.986943667 40.0
507905.3005211457 3881181.175398206 40.0
507905.3005211457 3881181.175398206 40.0
507905.2000700055 3881181.3638368906 40.0
507905.1087455282 3881181.5411937456 40.0
507905.2000700055 3881181.3638368906 40.0
507905.02652842837 3881181.729648286 40.0
507905.02652842837 3881181.729648286 40.0
507905.02652842837 3881181.729648286 40.0
507904.94432097534 3881181.9070130717 40.0
507904.94432097534 3881181.9070130717 40.0
507904.86212316883 3881182.0732880984 40.0
507904.86212316883 3881182.0732880984 40.0
507904.7799350085 3881182.228473367 40.0
507904.7799350085 3881182.228473367 40.0
507904.70685422455 3881182.3947563223 40.0
507904.70685422455 3881182.3947563223 40.0
507904.63378308865 3881182.549949521 40.0
507904.63378308865 3881182.549949521 40.0
507904.5607119529 3881182.7051427187 40.0
507904.49676748103 3881182.8492540866 40.0
507904.5607119529 3881182.7051427187 40.0
507904.49676748103 3881182.8492540866 40.0
507904.36888818373 3881183.1263870657 40.0
507904.36888818373 3881183.1263870657 40.0
507904.3049630008 3881183.2483189194 40.0
507904.2501741204 3881183.3480791817 40.0
507904.2501741204 3881183.3480791817 40.0
507904.2501741204 3881183.3480791817 40.0
507904.2044926167 3881183.4589371313 40.0
507904.14970374096 3881183.5586973955 40.0
507904.14970374096 3881183.5586973955 40.0
507904.14970374096 3881183.5586973955 40.0
507904.0949148641 3881183.6584576587 40.0
507904.0949148641 3881183.6584576587 40.0
507904.04925264616 3881183.7471360923 40.0
507903.9944734161 3881183.8358065994 40.0
507903.9944734161 3881183.8358065994 40.0
507903.9397134715 3881183.902297589 40.0
507903.9397134715 3881183.902297589 40.0
507903.9397134715 3881183.902297589 40.0
507903.9031779135 3881183.9798941906 40.0
507903.85753498547 3881184.046393107 40.0
507903.85753498547 3881184.046393107 40.0
507903.85753498547 3881184.046393107 40.0
507903.82099942875 3881184.12398971 40.0
507903.79360017384 3881184.179414722 40.0
507903.79360017384 3881184.179414722 40.0
507903.79360017384 3881184.179414722 40.0
507903.7570742624 3881184.245921566 40.0
507903.7570742624 3881184.245921566 40.0
507903.72966536635 3881184.312436337 40.0
507903.72966536635 3881184.312436337 40.0
507903.6931298117 3881184.3900329405 40.0
507903.6931298117 3881184.3900329405 40.0
507903.6657209166 3881184.456547712 40.0
507903.6657209166 3881184.456547712 40.0
507903.6383120218 3881184.523062483 40.0
507903.6383120218 3881184.523062483 40.0
507903.6017764688 3881184.600659086 40.0
507903.6017764688 3881184.600659086 40.0
507903.5652409188 3881184.67825569 40.0
507903.5652409188 3881184.67825569 40.0
507903.5378223837 3881184.7558602197 40.0
507903.5378223837 3881184.7558602197 40.0
507903.5012771932 3881184.8445465825 40.0
507903.5012771932 3881184.8445465825 40.0
507903.46473200107 3881184.9332329463 40.0
507903.46473200107 3881184.9332329463 40.0
507903.4190794395 3881185.0108216233 40.0
507903.4190794395 3881185.0108216233 40.0
507903.39165126276 3881185.099515912 40.0
507903.39165126276 3881185.099515912 40.0
507903.34598906117 3881185.1881943494 40.0
507903.34598906117 3881185.1881943494 40.0
507903.3003268581 3881185.2768727858 40.0
507903.3003268581 3881185.2768727858 40.0
507903.263781672 3881185.365559149 40.0
507903.263781672 3881185.365559149 40.0
507903.21810982935 3881185.4653273458 40.0
507903.21810982935 3881185.4653273458 40.0
507903.17244763125 3881185.554005782 40.0
507903.12677579286 3881185.6537739797 40.0
507903.17244763125 3881185.554005782 40.0
507903.07197730104 3881185.764624009 40.0
507903.12677579286 3881185.6537739797 40.0
507903.02629582136 3881185.875481964 40.0
507903.07197730104 3881185.764624009 40.0
507903.02629582136 3881185.875481964 40.0
507902.97148769104 3881185.997421752 40.0
507902.97148769104 3881185.997421752 40.0
507902.916669919 3881186.1304513 40.0
507902.85272549477 3881186.2745626806 40.0
507902.85272549477 3881186.2745626806 40.0
507902.77967370074 3881186.4075763775 40.0
507902.77967370074 3881186.4075763775 40.0
507902.77967370074 3881186.4075763775 40.0
507902.70660263207 3881186.56276959 40.0
507902.70660263207 3881186.56276959 40.0
507902.64265821193 3881186.706880973 40.0
507902.64265821193 3881186.706880973 40.0
507902.56957750284 3881186.873163947 40.0
507902.56957750284 3881186.873163947 40.0
507902.4873894295 3881187.0283492366 40.0
507902.4051820736 3881187.2057140465 40.0
507902.4051820736 3881187.2057140465 40.0
507902.4051820736 3881187.2057140465 40.0
507902.3138673494 3881187.3719811714 40.0
507902.3138673494 3881187.3719811714 40.0
507902.2225526286 3881187.5382482973 40.0
507902.2225526286 3881187.5382482973 40.0
507902.12212089746 3881187.7045075 40.0
507902.12212089746 3881187.7045075 40.0
507902.03080618574 3881187.8707746277 40.0
507901.9303744641 3881188.037033832 40.0
507901.9303744641 3881188.037033832 40.0
507901.82081609557 3881188.2143748724 40.0
507901.82081609557 3881188.2143748724 40.0
507901.720374742 3881188.391723837 40.0
507901.720374742 3881188.391723837 40.0
507901.720374742 3881188.391723837 40.0
507901.6199333924 3881188.5690728035 40.0
507901.6199333924 3881188.5690728035 40.0
507901.5286090593 3881188.7464296957 40.0
507901.5286090593 3881188.7464296957 40.0
507901.42817735404 3881188.9126889063 40.0
507901.32773601584 3881189.0900378763 40.0
507901.32773601584 3881189.0900378763 40.0
507901.32773601584 3881189.0900378763 40.0
507901.2364116937 3881189.2673947704 40.0
507901.1359703631 3881189.4447437436 40.0
507901.1359703631 3881189.4447437436 40.0
507901.0446556845 3881189.611010881 40.0
507901.0446556845 3881189.611010881 40.0
507900.96245801856 3881189.777285946 40.0
507900.96245801856 3881189.777285946 40.0
507900.88026035565 3881189.9435610087 40.0
507900.88026035565 3881189.9435610087 40.0
507900.7980819724 3881190.0876565576 40.0
507900.7980819724 3881190.0876565576 40.0
507900.7159132324 3881190.220662346 40.0
507900.7159132324 3881190.220662346 40.0
507900.7159132324 3881190.220662346 40.0
507900.6428615012 3881190.3536760616 40.0
507900.6428615012 3881190.3536760616 40.0
507900.5698290506 3881190.464510259 40.0
507900.5698290506 3881190.464510259 40.0
507900.5059039676 3881190.586442139 40.0
507900.5059039676 3881190.586442139 40.0
507900.44198852894 3881190.6972842617 40.0
507900.44198852894 3881190.6972842617 40.0
507900.3780827273 3881190.7970366273 40.0
507900.3232939376 3881190.896796914 40.0
507900.3780827273 3881190.7970366273 40.0
507900.3232939376 3881190.896796914 40.0
507900.2685051491 3881190.9965572027 40.0
507900.2685051491 3881190.9965572027 40.0
507900.2228430051 3881191.085235655 40.0
507900.2228430051 3881191.085235655 40.0
507900.17719050194 3881191.162824351 40.0
507900.17719050194 3881191.162824351 40.0
507900.140655005 3881191.2404209673 40.0
507900.10411951103 3881191.3180175866 40.0
507900.10411951103 3881191.3180175866 40.0
507900.0675936529 3881191.384524445 40.0
507900.0675936529 3881191.384524445 40.0
507900.04019444494 3881191.4399494696 40.0
507900.04019444494 3881191.4399494696 40.0
507900.04019444494 3881191.4399494696 40.0
507900.0127952327 3881191.495374493 40.0
507900.0127952327 3881191.495374493 40.0
507899.98540566047 3881191.5397097603 40.0
507899.98540566047 3881191.5397097603 40.0
507899.98536711093 3881191.5840687943 40.0
507899.98536711093 3881191.5840687943 40.0
507899.9853285614 3881191.6284278287 40.0
507899.9853285614 3881191.6284278287 40.0
507899.9579389897 3881191.6727630957 40.0
507899.9396664233 3881191.7171062836 40.0
507899.9396664233 3881191.7171062836 40.0
507899.9213938594 3881191.761449472 40.0
507899.9213938594 3881191.761449472 40.0
507899.9213938594 3881191.761449472 40.0
507899.8940042884 3881191.805784739 40.0
507899.8940042884 3881191.805784739 40.0
507899.8666147177 3881191.8501200043 40.0
507899.8666147177 3881191.8501200043 40.0
507899.83922514727 3881191.8944552694 40.0
507899.8118259376 3881191.9498802954 40.0
507899.8118259376 3881191.9498802954 40.0
507899.8118259376 3881191.9498802954 40.0
507899.7844267306 3881192.0053053205 40.0
507899.7844267306 3881192.0053053205 40.0
507899.7479105169 3881192.060722422 40.0
507899.7479105169 3881192.060722422 40.0
507899.7205113083 3881192.1161474474 40.0
507899.7205113083 3881192.1161474474 40.0
507899.69310246763 3881192.1826622314 40.0
507899.6565862529 3881192.2380793337 40.0
507899.6565862529 3881192.2380793337 40.0
507899.6565862529 3881192.2380793337 40.0
507899.6291870454 3881192.2935043587 40.0
507899.6291870454 3881192.2935043587 40.0
507899.5926708338 3881192.348921464 40.0
507899.5926708338 3881192.348921464 40.0
507899.56526199245 3881192.4154362464 40.0
507899.56526199245 3881192.4154362464 40.0
507899.53786278836 3881192.470861274 40.0
507899.53786278836 3881192.470861274 40.0
507899.51045394776 3881192.537376058 40.0
507899.51045394776 3881192.537376058 40.0
507899.4739377379 3881192.5927931615 40.0
507899.4739377379 3881192.5927931615 40.0
507899.4374118894 3881192.6593000228 40.0
507899.4008860438 3881192.725806886 40.0
507899.4008860438 3881192.725806886 40.0
507899.4008860438 3881192.725806886 40.0
507899.3643505598 3881192.803403506 40.0
507899.3643505598 3881192.803403506 40.0
507899.31869807246 3881192.880992206 40.0
507899.31869807246 3881192.880992206 40.0
507899.2821625898 3881192.9585888283 40.0
507899.2273834615 3881193.047259364 40.0
507899.2273834615 3881193.047259364 40.0
507899.2273834615 3881193.047259364 40.0
507899.18171170383 3881193.147027581 40.0
507899.18171170383 3881193.147027581 40.0
507899.12693257537 3881193.2356981165 40.0
507899.12693257537 3881193.2356981165 40.0
507899.0721438117 3881193.335458412 40.0
507899.0721438117 3881193.335458412 40.0
507899.0264816933 3881193.4241368724 40.0
507898.97170256806 3881193.5128074097 40.0
507898.97170256806 3881193.5128074097 40.0
507898.92603081546 3881193.612575629 40.0
507898.92603081546 3881193.612575629 40.0
507898.88036869996 3881193.701254087 40.0
507898.88036869996 3881193.701254087 40.0
507898.88036869996 3881193.701254087 40.0
507898.8255895777 3881193.789924627 40.0
507898.8255895777 3881193.789924627 40.0
507898.7799274641 3881193.878603088 40.0
507898.7799274641 3881193.878603088 40.0
507898.7342653513 3881193.967281549 40.0
507898.7342653513 3881193.967281549 40.0
507898.67948623217 3881194.055952088 40.0
507898.67948623217 3881194.055952088 40.0
507898.63382411894 3881194.1446305495 40.0
507898.63382411894 3881194.1446305495 40.0
507898.5790353684 3881194.244390847 40.0
507898.5790353684 3881194.244390847 40.0
507898.5333636215 3881194.3441590685 40.0
507898.5333636215 3881194.3441590685 40.0
507898.4785652378 3881194.4550091266 40.0
507898.4785652378 3881194.4550091266 40.0
507898.414659484 3881194.5547615048 40.0
507898.414659484 3881194.5547615048 40.0
507898.35985146754 3881194.676701322 40.0
507898.35985146754 3881194.676701322 40.0
507898.29593608365 3881194.7875434607 40.0
507898.29593608365 3881194.7875434607 40.0
507898.2228940596 3881194.909467436 40.0
507898.1589690415 3881195.031399335 40.0
507898.1589690415 3881195.031399335 40.0
507898.1589690415 3881195.031399335 40.0
507898.0859270212 3881195.1533233114 40.0
507898.0859270212 3881195.1533233114 40.0
507898.0219923717 3881195.2863449673 40.0
507898.0219923717 3881195.2863449673 40.0
507897.9489503576 3881195.408268946 40.0
507897.9489503576 3881195.408268946 40.0
507897.8850157118 3881195.541290605 40.0
507897.8210810703 3881195.6743122637 40.0
507897.8210810703 3881195.6743122637 40.0
507897.8210810703 3881195.6743122637 40.0
507897.748029425 3881195.807326001 40.0
507897.61103351164 3881196.08445116 40.0
507897.61103351164 3881196.08445116 40.0
507897.61103351164 3881196.08445116 40.0
507897.5379722383 3881196.2285546595 40.0
507897.46491096966 3881196.3726581587 40.0
507897.5379722383 3881196.2285546595 40.0
507897.39184970094 3881196.5167616582 40.0
507897.39184970094 3881196.5167616582 40.0
507897.39184970094 3881196.5167616582 40.0
507897.3096714322 3881196.6608572397 40.0
507897.3096714322 3881196.6608572397 40.0
507897.23661017057 3881196.8049607403 40.0
507897.23661017057 3881196.8049607403 40.0
507897.15442227287 3881196.960146081 40.0
507897.15442227287 3881196.960146081 40.0
507897.0813610138 3881197.104249585 40.0
507897.0813610138 3881197.104249585 40.0
507896.9991634877 3881197.2705246857 40.0
507896.9991634877 3881197.2705246857 40.0
507896.9169755983 3881197.4257100276 40.0
507896.9169755983 3881197.4257100276 40.0
507896.83477807813 3881197.591985131 40.0
507896.743463562 3881197.7582523134 40.0
507896.743463562 3881197.7582523134 40.0
507896.743463562 3881197.7582523134 40.0
507896.65214904683 3881197.924519499 40.0
507896.65214904683 3881197.924519499 40.0
507896.56083453505 3881198.090786685 40.0
507896.56083453505 3881198.090786685 40.0
507896.46951039345 3881198.26814363 40.0
507896.46951039345 3881198.26814363 40.0
507896.37818625773 3881198.4455005764 40.0
507896.37818625773 3881198.4455005764 40.0
507896.27775475575 3881198.6117598466 40.0
507896.1864209898 3881198.800206552 40.0
507896.1864209898 3881198.800206552 40.0
507896.1864209898 3881198.800206552 40.0
507896.0859798649 3881198.9775555814 40.0
507896.0859798649 3881198.9775555814 40.0
507895.99465574144 3881199.154912533 40.0
507895.99465574144 3881199.154912533 40.0
507895.89421462186 3881199.3322615647 40.0
507895.89421462186 3881199.3322615647 40.0
507895.7937638762 3881199.5207003565 40.0
507895.7937638762 3881199.5207003565 40.0
507895.6933227622 3881199.6980493916 40.0
507895.6933227622 3881199.6980493916 40.0
507895.5928720224 3881199.886488186 40.0
507895.492430921 3881200.063837223 40.0
507895.5928720224 3881199.886488186 40.0
507895.492430921 3881200.063837223 40.0
507895.40110682 3881200.241194178 40.0
507895.40110682 3881200.241194178 40.0
507895.3006657216 3881200.418543218 40.0
507895.3006657216 3881200.418543218 40.0
507895.2093512618 3881200.5848104167 40.0
507895.1271634327 3881200.7399957776 40.0
507895.1271634327 3881200.7399957776 40.0
507895.1271634327 3881200.7399957776 40.0
507895.0540926069 3881200.8951890566 40.0
507895.0540926069 3881200.8951890566 40.0
507894.98103141255 3881201.039292576 40.0
507894.98103141255 3881201.039292576 40.0
507894.9170872184 3881201.183404016 40.0
507894.9170872184 3881201.183404016 40.0
507894.8531622885 3881201.305335938 40.0
507894.8531622885 3881201.305335938 40.0
507894.7892373627 3881201.427267859 40.0
507894.7892373627 3881201.427267859 40.0
507894.7162147007 3881201.527012347 40.0
507894.66141640657 3881201.6378624286 40.0
507894.66141640657 3881201.6378624286 40.0
507894.6066277423 3881201.7376227523 40.0
507894.6066277423 3881201.7376227523 40.0
507894.56095607637 3881201.8373909956 40.0
507894.6066277423 3881201.7376227523 40.0
507894.56095607637 3881201.8373909956 40.0
507894.51530367526 3881201.914979718 40.0
507894.51530367526 3881201.914979718 40.0
507894.4696416442 3881202.0036582015 40.0
507894.4696416442 3881202.0036582015 40.0
507894.43311587 3881202.070165083 40.0
507894.3965804703 3881202.1477617268 40.0
507894.43311587 3881202.070165083 40.0
507894.3965804703 3881202.1477617268 40.0
507894.3600546972 3881202.2142686103 40.0
507894.33263629314 3881202.2918731696 40.0
507894.3600546972 3881202.2142686103 40.0
507894.33263629314 3881202.2918731696 40.0
507894.28698389395 3881202.3694618954 40.0
507894.28698389395 3881202.3694618954 40.0
507894.24132186745 3881202.45814038 40.0
507894.24132186745 3881202.45814038 40.0
507894.19565020915 3881202.5579086235 40.0
507894.0860632751 3881202.7685190355 40.0
507894.0860632751 3881202.7685190355 40.0
507894.0860632751 3881202.7685190355 40.0
507894.0221383698 3881202.8904509638 40.0
507894.0221383698 3881202.8904509638 40.0
507893.9582038361 3881203.0234726504 40.0
507893.89426930196 3881203.1564943385 40.0
507893.89426930196 3881203.1564943385 40.0
507893.89426930196 3881203.1564943385 40.0
507893.83033476974 3881203.289516027 40.0
507893.83033476974 3881203.289516027 40.0
507893.75727361394 3881203.433619558 40.0
507893.6842124604 3881203.577723088 40.0
507893.6842124604 3881203.577723088 40.0
507893.6842124604 3881203.577723088 40.0
507893.61115131155 3881203.7218266213 40.0
507893.54719752824 3881203.8770278296 40.0
507893.54719752824 3881203.8770278296 40.0
507893.54719752824 3881203.8770278296 40.0
507893.47413638164 3881204.021131362 40.0
507893.47413638164 3881204.021131362 40.0
507893.4102018639 3881204.154153053 40.0
507893.4102018639 3881204.154153053 40.0
507893.346267348 3881204.287174745 40.0
507893.346267348 3881204.287174745 40.0
507893.2914594555 3881204.409114595 40.0
507893.2914594555 3881204.409114595 40.0
507893.2366515668 3881204.531054445 40.0
507893.2366515668 3881204.531054445 40.0
507893.18185330636 3881204.641904536 40.0
507893.0904907824 3881204.863620552 40.0
507893.0904907824 3881204.863620552 40.0
507893.0904907824 3881204.863620552 40.0
507893.0448287777 3881204.9522990435 40.0
507892.9991667762 3881205.0409775344 40.0
507892.9991667762 3881205.0409775344 40.0
507892.9991667762 3881205.0409775344 40.0
507892.962631396 3881205.118574182 40.0
507892.962631396 3881205.118574182 40.0
507892.9169693962 3881205.2072526743 40.0
507892.87129776843 3881205.3070209245 40.0
507892.87129776843 3881205.3070209245 40.0
507892.8347527617 3881205.395707331 40.0
507892.8347527617 3881205.395707331 40.0
507892.8347527617 3881205.395707331 40.0
507892.79819812695 3881205.4954834976 40.0
507892.79819812695 3881205.4954834976 40.0
507892.7616434954 3881205.5952596655 40.0
507892.7616434954 3881205.5952596655 40.0
507892.7159814999 3881205.6839381587 40.0
507892.7159814999 3881205.6839381587 40.0
507892.6885631179 3881205.7615427226 40.0
507892.6885631179 3881205.7615427226 40.0
507892.6520277479 3881205.839139373 40.0
507892.6520277479 3881205.839139373 40.0
507892.5972102432 3881205.9721689853 40.0
507892.5972102432 3881205.9721689853 40.0
507892.56980149617 3881206.038683792 40.0
507892.56980149617 3881206.038683792 40.0
507892.50585737283 3881206.1827952485 40.0
507892.4693220037 3881206.2603918994 40.0
507892.50585737283 3881206.1827952485 40.0
507892.4693220037 3881206.2603918994 40.0
507892.42365038616 3881206.360160152 40.0
507892.42365038616 3881206.360160152 40.0
507892.387086134 3881206.4710260797 40.0
507892.387086134 3881206.4710260797 40.0
507892.35052188265 3881206.5818920066 40.0
507892.35052188265 3881206.5818920066 40.0
507892.3139383738 3881206.714937453 40.0
507892.3139383738 3881206.714937453 40.0
507892.2773452403 3881206.859072657 40.0
507892.2407521056 3881207.0032078614 40.0
507892.2773452403 3881206.859072657 40.0
507892.20415897435 3881207.147343067 40.0
507892.20415897435 3881207.147343067 40.0
507892.1766732081 3881207.3025759473 40.0
507892.1766732081 3881207.3025759473 40.0
507892.1125846846 3881207.61303379 40.0
507892.1766732081 3881207.3025759473 40.0
507892.1125846846 3881207.61303379 40.0
507892.0850892935 3881207.779356429 40.0
507892.0850892935 3881207.779356429 40.0
507892.0575939034 3881207.945679068 40.0
507892.0575939034 3881207.945679068 40.0
507892.03009851195 3881208.112001708 40.0
507892.03009851195 3881208.112001708 40.0
507891.99333209003 3881208.455752574 40.0
507891.99333209003 3881208.455752574 40.0
507891.9931876747 3881208.622098959 40.0
507891.9931876747 3881208.622098959 40.0
507891.9930336317 3881208.7995351013 40.0
507891.9930336317 3881208.7995351013 40.0
507892.00200620637 3881208.965889401 40.0
507892.00200620637 3881208.965889401 40.0
507892.01095952524 3881209.1544232178 40.0
507892.01095952524 3881209.1544232178 40.0
507892.02903946117 3881209.3318751915 40.0
507892.02903946117 3881209.3318751915 40.0
507892.0653630031 3881209.498253235 40.0
507892.0653630031 3881209.498253235 40.0
507892.101686546 3881209.664631281 40.0
507892.101686546 3881209.664631281 40.0
507892.1562536915 3881209.8199353977 40.0
507892.2017134763 3881209.9641418387 40.0
507892.1562536915 3881209.8199353977 40.0
507892.2017134763 3881209.9641418387 40.0
507892.24717325735 3881210.108348282 40.0
507892.24717325735 3881210.108348282 40.0
507892.30175002804 3881210.252562641 40.0
507892.36545341136 3881210.385695156 40.0
507892.36545341136 3881210.385695156 40.0
507892.36545341136 3881210.385695156 40.0
507892.42915679753 3881210.5188276717 40.0
507892.42915679753 3881210.5188276717 40.0
507892.50198679144 3881210.640878344 40.0
507892.50198679144 3881210.640878344 40.0
507892.65674451384 3881210.907167125 40.0
507892.65674451384 3881210.907167125 40.0
507892.74780848215 3881211.0292336317 40.0
507892.74780848215 3881211.0292336317 40.0
507892.838872448 3881211.1513001383 40.0
507892.838872448 3881211.1513001383 40.0
507892.94817038684 3881211.2733824775 40.0
507892.94817038684 3881211.2733824775 40.0
507893.04836096417 3881211.384367144 40.0
507893.1576781533 3881211.4842699682 40.0
507893.04836096417 3881211.384367144 40.0
507893.257868728 3881211.5952546378 40.0
507893.257868728 3881211.5952546378 40.0
507893.257868728 3881211.5952546378 40.0
507893.35806892737 3881211.6951495493 40.0
507893.46738610935 3881211.795052375 40.0
507893.35806892737 3881211.6951495493 40.0
507893.5767032936 3881211.894955206 40.0
507893.5767032936 3881211.894955206 40.0
507893.69514708983 3881211.983776195 40.0
507893.69514708983 3881211.983776195 40.0
507893.69514708983 3881211.983776195 40.0
507893.8135908838 3881212.072597184 40.0
507893.94115166226 3881212.161426093 40.0
507893.94115166226 3881212.161426093 40.0
507894.0687124383 3881212.2502550045 40.0
507894.0687124383 3881212.2502550045 40.0
507894.0687124383 3881212.2502550045 40.0
507894.2053901984 3881212.339091834 40.0
507894.2053901984 3881212.339091834 40.0
507894.48786269943 3881212.516773416 40.0
507894.65189141297 3881212.6056340057 40.0
507894.65189141297 3881212.6056340057 40.0
507894.65189141297 3881212.6056340057 40.0
507894.8068031346 3881212.69448668 40.0
507894.9617148556 3881212.783339356 40.0
507894.9617148556 3881212.783339356 40.0
507895.1166073082 3881212.894371554 40.0
507895.1166073082 3881212.894371554 40.0
507895.1166073082 3881212.894371554 40.0
507895.28062637703 3881212.9943219135 40.0
507895.28062637703 3881212.9943219135 40.0
507895.45375279395 3881213.1053699525 40.0
507895.62688884104 3881213.205328237 40.0
507895.62688884104 3881213.205328237 40.0
507895.62688884104 3881213.205328237 40.0
507895.790917531 3881213.294188847 40.0
507895.96406320104 3881213.3830573796 40.0
507895.96406320104 3881213.3830573796 40.0
507896.1280918822 3881213.4719179934 40.0
507896.1280918822 3881213.4719179934 40.0
507896.2921301955 3881213.549688854 40.0
507896.2921301955 3881213.549688854 40.0
507896.2921301955 3881213.549688854 40.0
507896.4470515205 3881213.627451797 40.0
507896.4470515205 3881213.627451797 40.0
507896.58374850336 3881213.6941091446 40.0
507896.58374850336 3881213.6941091446 40.0
507896.72043585073 3881213.771856254 40.0
507896.72043585073 3881213.771856254 40.0
507896.96647885314 3881213.905147199 40.0
507896.96647885314 3881213.905147199 40.0
507897.07583450456 3881213.960691034 40.0
507897.07583450456 3881213.960691034 40.0
507897.176073172 3881214.016226951 40.0
507897.176073172 3881214.016226951 40.0
507897.2763022041 3881214.082852628 40.0
507897.2763022041 3881214.082852628 40.0
507897.37654086895 3881214.138388547 40.0
507897.46766254783 3881214.193916549 40.0
507897.46766254783 3881214.193916549 40.0
507897.46766254783 3881214.193916549 40.0
507897.567901208 3881214.2494524694 40.0
507897.66813987156 3881214.304988392 40.0
507897.66813987156 3881214.304988392 40.0
507897.66813987156 3881214.304988392 40.0
507897.75925191224 3881214.371606154 40.0
507897.85949056863 3881214.427142077 40.0
507897.85949056863 3881214.427142077 40.0
507897.85949056863 3881214.427142077 40.0
507897.9597292262 3881214.482678003 40.0
507898.0690848669 3881214.5382218515 40.0
507898.0690848669 3881214.5382218515 40.0
507898.19666484214 3881214.6048713014 40.0
507898.0690848669 3881214.5382218515 40.0
507898.19666484214 3881214.6048713014 40.0
507898.3242351778 3881214.682610514 40.0
507898.3242351778 3881214.682610514 40.0
507898.47914682823 3881214.771463251 40.0
507898.47914682823 3881214.771463251 40.0
507898.8071848185 3881214.971364096 40.0
507898.8071848185 3881214.971364096 40.0
507899.1898765171 3881215.2267612796 40.0
507899.3994515049 3881215.360020602 40.0
507899.3994515049 3881215.360020602 40.0
507899.3994515049 3881215.360020602 40.0
507899.59989987075 3881215.5043617664 40.0
507899.59989987075 3881215.5043617664 40.0
507899.7821238961 3881215.6375973294 40.0
507899.7821238961 3881215.6375973294 40.0
507899.97345526423 3881215.7819305803 40.0
507899.97345526423 3881215.7819305803 40.0
507900.14657193545 3881215.904068468 40.0
507900.31968860206 3881216.026206361 40.0
507900.31968860206 3881216.026206361 40.0
507900.31968860206 3881216.026206361 40.0
507900.47458093404 3881216.137238651 40.0
507900.47458093404 3881216.137238651 40.0
507900.6294732646 3881216.2482709424 40.0
507900.78436558676 3881216.3593032374 40.0
507900.78436558676 3881216.3593032374 40.0
507900.78436558676 3881216.3593032374 40.0
507900.92103358096 3881216.459229927 40.0
507901.0577112133 3881216.548066861 40.0
507901.0577112133 3881216.548066861 40.0
507901.0577112133 3881216.548066861 40.0
507901.19438884297 3881216.6369037963 40.0
507901.19438884297 3881216.6369037963 40.0
507901.44951976225 3881216.803472065 40.0
507901.44951976225 3881216.803472065 40.0
507901.56798269885 3881216.8701136396 40.0
507901.68644563144 3881216.9367552153 40.0
507901.68644563144 3881216.9367552153 40.0
507901.80491820193 3881216.9923070325 40.0
507901.80491820193 3881216.9923070325 40.0
507901.80491820193 3881216.9923070325 40.0
507901.91426414927 3881217.0589406854 40.0
507901.91426414927 3881217.0589406854 40.0
507902.0236197349 3881217.1144845816 40.0
507902.0236197349 3881217.1144845816 40.0
507902.1329753192 3881217.170028479 40.0
507902.1329753192 3881217.170028479 40.0
507902.2423309045 3881217.225572377 40.0
507902.3425695022 3881217.2811083514 40.0
507902.2423309045 3881217.225572377 40.0
507902.3425695022 3881217.2811083514 40.0
507902.44281774136 3881217.3255545683 40.0
507902.5430563367 3881217.3810905456 40.0
507902.44281774136 3881217.3255545683 40.0
507902.5430563367 3881217.3810905456 40.0
507902.6341875946 3881217.4255288383 40.0
507902.6341875946 3881217.4255288383 40.0
507902.72530920844 3881217.4810568914 40.0
507902.72530920844 3881217.4810568914 40.0
507902.81644046213 3881217.5254951855 40.0
507902.81644046213 3881217.5254951855 40.0
507902.8984643745 3881217.558835797 40.0
507902.8984643745 3881217.558835797 40.0
507903.0625121928 3881217.62551702 40.0
507903.12631178205 3881217.647752022 40.0
507903.0625121928 3881217.62551702 40.0
507903.1992283523 3881217.66999495 40.0
507903.12631178205 3881217.647752022 40.0
507903.1992283523 3881217.66999495 40.0
507903.2539109596 3881217.6922220252 40.0
507903.3085935643 3881217.714449101 40.0
507903.2539109596 3881217.6922220252 40.0
507903.3085935643 3881217.714449101 40.0
507903.3450518478 3881217.7255705665 40.0
507903.3450518478 3881217.7255705665 40.0
507903.381500492 3881217.747781791 40.0
507903.381500492 3881217.747781791 40.0
507903.41795877524 3881217.758903255 40.0
507903.44530007726 3881217.7700167946 40.0
507903.44530007726 3881217.7700167946 40.0
507903.44530007726 3881217.7700167946 40.0
507903.463534042 3881217.7700326475 40.0
507903.463534042 3881217.7700326475 40.0
507903.4817583627 3881217.7811382595 40.0
507903.4817583627 3881217.7811382595 40.0
507903.5091093063 3881217.781162039 40.0
507903.5182262875 3881217.781169966 40.0
507903.5182262875 3881217.781169966 40.0
507903.5182262875 3881217.781169966 40.0
507903.52734326874 3881217.7811778923 40.0
507903.52734326874 3881217.7811778923 40.0
507903.5911428557 3881217.803412896 40.0
507903.5911428557 3881217.803412896 40.0
507903.6367181197 3881217.81454229 40.0
507903.69140072505 3881217.836769368 40.0
507903.69140072505 3881217.836769368 40.0
507903.69140072505 3881217.836769368 40.0
507903.7643172901 3881217.8590123006 40.0
507903.7643172901 3881217.8590123006 40.0
507903.83721457276 3881217.903434752 40.0
507903.83721457276 3881217.903434752 40.0
507904.0012430956 3881217.99229551 40.0
507904.0012430956 3881217.99229551 40.0
507904.156183562 3881218.047879068 40.0
507904.32024100976 3881218.103470555 40.0
507904.32024100976 3881218.103470555 40.0
507904.32024100976 3881218.103470555 40.0
507904.48430809844 3881218.1479722867 40.0
507904.6665995016 3881218.2035796335 40.0
507904.6665995016 3881218.2035796335 40.0
507904.83065694344 3881218.25917113 40.0
507904.83065694344 3881218.25917113 40.0
507904.83065694344 3881218.25917113 40.0
507905.00384100754 3881218.303680799 40.0
507905.14967412566 3881218.348166686 40.0
507905.14967412566 3881218.348166686 40.0
507905.14967412566 3881218.348166686 40.0
507905.28639990574 3881218.381554887 40.0
507905.28639990574 3881218.381554887 40.0
507905.5416078576 3881218.4594051987 40.0
507905.5416078576 3881218.4594051987 40.0
507905.6509826954 3881218.492769621 40.0
507905.6509826954 3881218.492769621 40.0
507905.75124054967 3881218.526126114 40.0
507905.75124054967 3881218.526126114 40.0
507905.83326444 3881218.559466751 40.0
507905.83326444 3881218.559466751 40.0
507905.9244149572 3881218.5817255587 40.0
507906.0064484935 3881218.603976438 40.0
507905.9244149572 3881218.5817255587 40.0
507906.0793650491 3881218.62621939 40.0
507906.0793650491 3881218.62621939 40.0
507906.0793650491 3881218.62621939 40.0
507906.1431742666 3881218.637364653 40.0
507906.1431742666 3881218.637364653 40.0
507906.20697383897 3881218.6595996763 40.0
507906.20697383897 3881218.6595996763 40.0
507906.2525491001 3881218.670729082 40.0
507906.2525491001 3881218.670729082 40.0
507906.29812435654 3881218.6818584874 40.0
507906.29812435654 3881218.6818584874 40.0
507906.3345633421 3881218.7151594823 40.0
507906.3345633421 3881218.7151594823 40.0
507906.3527876574 3881218.726265101 40.0
507906.3527876574 3881218.726265101 40.0
507906.3710023274 3881218.7484604777 40.0
507906.3710023274 3881218.7484604777 40.0
507906.3892266449 3881218.7595660957 40.0
507906.4074509601 3881218.770671715 40.0
507906.3892266449 3881218.7595660957 40.0
507906.4074509601 3881218.770671715 40.0
507906.4074413148 3881218.7817614726 40.0
507906.4074413148 3881218.7817614726 40.0
507906.4074413148 3881218.7817614726 40.0
507906.4074413148 3881218.7817614726 40.0
507906.4074413148 3881218.7817614726 40.0
507906.4074413148 3881218.7817614726 40.0
507906.3983146892 3881218.7928433027 40.0
507906.3983146892 3881218.7928433027 40.0
507906.4074220241 3881218.803940991 40.0
507906.42564633687 3881218.81504661 40.0
507906.42564633687 3881218.81504661 40.0
507906.42564633687 3881218.81504661 40.0
507906.44387065416 3881218.826152228 40.0
507906.44387065416 3881218.826152228 40.0
507906.4712023062 3881218.848355535 40.0
507906.51675827056 3881218.8816644596 40.0
507906.4712023062 3881218.848355535 40.0
507906.51675827056 3881218.8816644596 40.0
507906.5805385492 3881218.926079005 40.0
507906.5805385492 3881218.926079005 40.0
507906.6534165184 3881218.9926809957 40.0
507906.6534165184 3881218.9926809957 40.0
507906.72629448416 3881219.05928299 40.0
507906.8538453928 3881219.1592018395 40.0
507906.8538453928 3881219.1592018395 40.0
507906.8538453928 3881219.1592018395 40.0
507907.08162520354 3881219.325746479 40.0
507907.19096143794 3881219.403469954 40.0
507907.19096143794 3881219.403469954 40.0
507907.19096143794 3881219.403469954 40.0
507907.32762931613 3881219.503396742 40.0
507907.58276004746 3881219.6699651834 40.0
507907.58276004746 3881219.6699651834 40.0
507907.73765222885 3881219.780997598 40.0
507907.73765222885 3881219.780997598 40.0
507907.73765222885 3881219.780997598 40.0
507907.9107687198 3881219.9031356364 40.0
507908.0929925377 3881220.0363713675 40.0
507908.0929925377 3881220.0363713675 40.0
507908.0929925377 3881220.0363713675 40.0
507908.2661090167 3881220.1585094114 40.0
507908.2661090167 3881220.1585094114 40.0
507908.4301085124 3881220.280639528 40.0
507908.4301085124 3881220.280639528 40.0
507908.8305609117 3881221.079451184 40.0
507908.8305609117 3881221.079451184 40.0
507909.7874479834 3881221.5349642127 40.0
507909.7874479834 3881221.5349642127 40.0
507910.00612035097 3881221.6904112324 40.0
507910.00612035097 3881221.6904112324 40.0
507910.4070261063 3881221.968004277 40.0
507910.5983764713 3881222.090158234 40.0
507910.5983764713 3881222.090158234 40.0
507910.5983764713 3881222.090158234 40.0
507910.78060985665 3881222.212304261 40.0
507910.78060985665 3881222.212304261 40.0
507910.953735909 3881222.323352597 40.0
507910.953735909 3881222.323352597 40.0
507911.0539164961 3881222.4454272245 40.0
507911.0539164961 3881222.4454272245 40.0
507911.1997109137 3881222.5342722447 40.0
507911.1997109137 3881222.5342722447 40.0
507911.3363787008 3881222.6341990936 40.0
507911.3363787008 3881222.6341990936 40.0
507911.6279578723 3881222.822978907 40.0
507911.6279578723 3881222.822978907 40.0
507911.7555279803 3881222.900718308 40.0
507911.7555279803 3881222.900718308 40.0
507912.01066818513 3881223.056197117 40.0
507912.01066818513 3881223.056197117 40.0
507912.10178003315 3881223.122815023 40.0
507912.10178003315 3881223.122815023 40.0
507912.183784554 3881223.178335237 40.0
507912.183784554 3881223.178335237 40.0
507912.2840230278 3881223.233871321 40.0
507912.2840230278 3881223.233871321 40.0
507912.4753733432 3881223.3560253177 40.0
507912.63027505734 3881223.4559680573 40.0
507912.63027505734 3881223.4559680573 40.0
507912.6849382986 3881223.500374709 40.0
507912.63027505734 3881223.4559680573 40.0
507912.7304749108 3881223.555863184 40.0
507912.6849382986 3881223.500374709 40.0
507912.7304749108 3881223.555863184 40.0
507912.73042664566 3881223.611311979 40.0
507912.73042664566 3881223.611311979 40.0
507912.7759729125 3881223.6557106953 40.0
507912.7759729125 3881223.6557106953 40.0
507912.8397531294 3881223.7001252845 40.0
507912.9035333434 3881223.7445398723 40.0
507912.9035333434 3881223.7445398723 40.0
507912.9035333434 3881223.7445398723 40.0
507912.9673135568 3881223.788954461 40.0
507912.9673135568 3881223.788954461 40.0
507913.03108411847 3881223.8444588105 40.0
507913.11307897605 3881223.9110687906 40.0
507913.11307897605 3881223.9110687906 40.0
507913.11307897605 3881223.9110687906 40.0
507913.1950641788 3881223.9887685315 40.0
507913.1950641788 3881223.9887685315 40.0
507913.30439064885 3881224.0775818434 40.0
507913.30439064885 3881224.0775818434 40.0
507913.4228437501 3881224.15531333 40.0
507913.4228437501 3881224.15531333 40.0
507913.6050577456 3881224.299638934 40.0
507913.6050577456 3881224.299638934 40.0
507913.79638871225 3881224.4439724763 40.0
507913.89660785324 3881224.521688098 40.0
507913.79638871225 3881224.4439724763 40.0
507913.89660785324 3881224.521688098 40.0
507914.005943967 3881224.599411657 40.0
507914.005943967 3881224.599411657 40.0
507914.20639189513 3881224.743753146 40.0
507914.3157280035 3881224.821476709 40.0
507914.3157280035 3881224.821476709 40.0
507914.3157280035 3881224.821476709 40.0
507914.41594713595 3881224.8991923355 40.0
507914.41594713595 3881224.8991923355 40.0
507914.5252832407 3881224.976915902 40.0
507914.63461934356 3881225.0546394684 40.0
507914.5252832407 3881224.976915902 40.0
507914.63461934356 3881225.0546394684 40.0
507914.7348384707 3881225.1323550995 40.0
507914.7348384707 3881225.1323550995 40.0
507914.9445578411 3881225.0992683936 40.0
507914.9445578411 3881225.0992683936 40.0
507915.09952708764 3881225.121582861 40.0
507915.09952708764 3881225.121582861 40.0
507915.2362430735 3881225.166060972 40.0
507915.2362430735 3881225.166060972 40.0
507915.363832428 3881225.2216209066 40.0
507915.4731878359 3881225.277164965 40.0
507915.363832428 3881225.2216209066 40.0
507915.70099630323 3881225.4104405437 40.0
507915.70099630323 3881225.4104405437 40.0
507915.70099630323 3881225.4104405437 40.0
507915.81945902115 3881225.477082304 40.0
507915.81945902115 3881225.477082304 40.0
507915.93792173965 3881225.5437240656 40.0
507915.93792173965 3881225.5437240656 40.0
507916.0563844518 3881225.61036583 40.0
507916.0563844518 3881225.61036583 40.0
507916.17483750725 3881225.6880973554 40.0
507916.17483750725 3881225.6880973554 40.0
507916.2933002204 3881225.7547391225 40.0
507916.2933002204 3881225.7547391225 40.0
507916.42087024514 3881225.8324785894 40.0
507916.42087024514 3881225.8324785894 40.0
507916.53932329227 3881225.91021012 40.0
507916.6668933127 3881225.9879495907 40.0
507916.6668933127 3881225.9879495907 40.0
507916.7853463604 3881226.0656811236 40.0
507916.7853463604 3881226.0656811236 40.0
507916.90380906186 3881226.1323228995 40.0
507916.90380906186 3881226.1323228995 40.0
507916.90380906186 3881226.1323228995 40.0
507917.0313790784 3881226.210062375 40.0
507917.1589490904 3881226.287801852 40.0
507917.0313790784 3881226.210062375 40.0
507917.27740212536 3881226.3655333915 40.0
507917.27740212536 3881226.3655333915 40.0
507917.3958648216 3881226.432175173 40.0
507917.3958648216 3881226.432175173 40.0
507917.3958648216 3881226.432175173 40.0
507917.62367322954 3881226.5654508006 40.0
507917.62367322954 3881226.5654508006 40.0
507917.75124323386 3881226.643190287 40.0
507917.75124323386 3881226.643190287 40.0
507917.9426610201 3881226.687716084 40.0
507917.9426610201 3881226.687716084 40.0
507918.0793866281 3881226.7211044785 40.0
507918.21609291574 3881226.7766723945 40.0
507918.21609291574 3881226.7766723945 40.0
507918.3528088615 3881226.821150553 40.0
507918.21609291574 3881226.7766723945 40.0
507918.3528088615 3881226.821150553 40.0
507918.4803981762 3881226.876710531 40.0
507918.4803981762 3881226.876710531 40.0
507918.617104459 3881226.932278452 40.0
507918.75380107976 3881226.998936135 40.0
507918.75380107976 3881226.998936135 40.0
507918.75380107976 3881226.998936135 40.0
507918.8904976985 3881227.0655938205 40.0
507918.8904976985 3881227.0655938205 40.0
507919.0180676826 3881227.143333324 40.0
507919.0180676826 3881227.143333324 40.0
507919.145637667 3881227.2210728303 40.0
507919.145637667 3881227.2210728303 40.0
507919.2914415902 3881227.298828222 40.0
507919.4372261907 3881227.398763136 40.0
507919.4372261907 3881227.398763136 40.0
507919.4372261907 3881227.398763136 40.0
507919.58301078575 3881227.498698052 40.0
507919.58301078575 3881227.498698052 40.0
507919.87459929206 3881227.676388373 40.0
507919.87459929206 3881227.676388373 40.0
507920.0386081606 3881227.78742894 40.0
507920.0386081606 3881227.78742894 40.0
507920.1843927405 3881227.8873638664 40.0
507920.1843927405 3881227.8873638664 40.0
507920.37574285205 3881228.00951803 40.0
507920.5579856479 3881228.120574496 40.0
507920.37574285205 3881228.00951803 40.0
507920.74022844393 3881228.231630964 40.0
507920.5579856479 3881228.120574496 40.0
507920.74022844393 3881228.231630964 40.0
507920.92247123085 3881228.3426874364 40.0
507920.92247123085 3881228.3426874364 40.0
507921.1138406495 3881228.442662098 40.0
507921.1138406495 3881228.442662098 40.0
507921.3052004004 3881228.5537265213 40.0
507921.3052004004 3881228.5537265213 40.0
507921.4874528401 3881228.6536932453 40.0
507921.6696956094 3881228.764749734 40.0
507921.6696956094 3881228.764749734 40.0
507921.6696956094 3881228.764749734 40.0
507921.8519480409 3881228.864716465 40.0
507921.8519480409 3881228.864716465 40.0
507922.02508349594 3881228.964675257 40.0
507922.02508349594 3881228.964675257 40.0
507922.19821894955 3881229.064634048 40.0
507922.19821894955 3881229.064634048 40.0
507922.36224709434 3881229.153495142 40.0
507922.36224709434 3881229.153495142 40.0
507922.51714859885 3881229.2534380513 40.0
507922.51714859885 3881229.2534380513 40.0
507922.67205976753 3881229.342291203 40.0
507922.67205976753 3881229.342291203 40.0
507922.8178539589 3881229.431136411 40.0
507922.95454084815 3881229.5088839172 40.0
507922.8178539589 3881229.431136411 40.0
507922.95454084815 3881229.5088839172 40.0
507923.07301312534 3881229.5644360133 40.0
507923.1914757352 3881229.6310778717 40.0
507923.1914757352 3881229.6310778717 40.0
507923.30083104 3881229.686622025 40.0
507923.30083104 3881229.686622025 40.0
507923.30083104 3881229.686622025 40.0
507923.40105004446 3881229.764337751 40.0
507923.5012883749 3881229.81987396 40.0
507923.40105004446 3881229.764337751 40.0
507923.5012883749 3881229.81987396 40.0
507923.59240973735 3881229.8754022243 40.0
507923.59240973735 3881229.8754022243 40.0
507923.67441412964 3881229.930922542 40.0
507923.7564185209 3881229.9864428607 40.0
507923.7564185209 3881229.9864428607 40.0
507923.81106233544 3881230.053029098 40.0
507923.7564185209 3881229.9864428607 40.0
507923.81106233544 3881230.053029098 40.0
507923.89306672476 3881230.108549417 40.0
507923.89306672476 3881230.108549417 40.0
507923.98418808193 3881230.1640776847 40.0
507923.98418808193 3881230.1640776847 40.0
507924.07530943566 3881230.2196059534 40.0
507924.07530943566 3881230.2196059534 40.0
507924.17554775934 3881230.27514217 40.0
507924.17554775934 3881230.27514217 40.0
507924.2849030504 3881230.330686336 40.0
507924.2849030504 3881230.330686336 40.0
507924.3942486729 3881230.397320262 40.0
507924.3942486729 3881230.397320262 40.0
507924.5036039635 3881230.452864429 40.0
507924.5036039635 3881230.452864429 40.0
507924.6311738522 3881230.5306040137 40.0
507924.6311738522 3881230.5306040137 40.0
507924.75876307423 3881230.5861640787 40.0
507924.89544992725 3881230.6639116146 40.0
507924.89544992725 3881230.6639116146 40.0
507924.89544992725 3881230.6639116146 40.0
507925.02302947774 3881230.730561445 40.0
507925.02302947774 3881230.730561445 40.0
507925.15059936047 3881230.8083010353 40.0
507925.2781692387 3881230.886040628 40.0
507925.2781692387 3881230.886040628 40.0
507925.2781692387 3881230.886040628 40.0
507925.41485608276 3881230.963788171 40.0
507925.55155259324 3881231.0304459566 40.0
507925.55155259324 3881231.0304459566 40.0
507925.68822976394 3881231.119283262 40.0
507925.68822976394 3881231.119283262 40.0
507925.8340142307 3881231.219218279 40.0
507925.68822976394 3881231.119283262 40.0
507925.97981803503 3881231.2969737793 40.0
507925.8340142307 3881231.219218279 40.0
507925.97981803503 3881231.2969737793 40.0
507926.13472913275 3881231.3858269905 40.0
507926.44457066106 3881231.5413539037 40.0
507926.44457066106 3881231.5413539037 40.0
507926.6177156871 3881231.630223022 40.0
507926.6177156871 3881231.630223022 40.0
507926.7999873473 3881231.7080103364 40.0
507926.7999873473 3881231.7080103364 40.0
507926.7999873473 3881231.7080103364 40.0
507926.9822106521 3881231.8412464485 40.0
507926.9822106521 3881231.8412464485 40.0
507927.1553459942 3881231.9412053376 40.0
507927.1553459942 3881231.9412053376 40.0
507927.3193643656 3881232.0411562794 40.0
507927.3193643656 3881232.0411562794 40.0
507927.50162634277 3881232.130033366 40.0
507927.674771345 3881232.218902506 40.0
507927.674771345 3881232.218902506 40.0
507927.674771345 3881232.218902506 40.0
507927.85702364135 3881232.31886936 40.0
507927.85702364135 3881232.31886936 40.0
507928.03016863647 3881232.4077385045 40.0
507928.03016863647 3881232.4077385045 40.0
507928.212440269 3881232.4855258456 40.0
507928.212440269 3881232.4855258456 40.0
507928.4038191904 3881232.574410901 40.0
507928.4038191904 3881232.574410901 40.0
507928.5860908164 3881232.65219825 40.0
507928.5860908164 3881232.65219825 40.0
507928.7592261255 3881232.7521571694 40.0
507928.7592261255 3881232.7521571694 40.0
507928.93237110594 3881232.841026333 40.0
507928.93237110594 3881232.841026333 40.0
507929.09639911697 3881232.9298875467 40.0
507929.09639911697 3881232.9298875467 40.0
507929.2695440884 3881233.018756717 40.0
507929.44267938536 3881233.11871565 40.0
507929.2695440884 3881233.018756717 40.0
507929.44267938536 3881233.11871565 40.0
507929.6067073864 3881233.207576874 40.0
507929.6067073864 3881233.207576874 40.0
507929.7798426737 3881233.3075358127 40.0
507929.7798426737 3881233.3075358127 40.0
507929.9529876336 3881233.3964049947 40.0
507930.1078986568 3881233.4852582747 40.0
507930.1078986568 3881233.4852582747 40.0
507930.1078986568 3881233.4852582747 40.0
507930.28103393567 3881233.5852172235 40.0
507930.28103393567 3881233.5852172235 40.0
507930.44507159246 3881233.6629887028 40.0
507930.6090995739 3881233.751849945 40.0
507930.6090995739 3881233.751849945 40.0
507930.6090995739 3881233.751849945 40.0
507930.7640105847 3881233.840703235 40.0
507930.9280385598 3881233.9295644825 40.0
507930.7640105847 3881233.840703235 40.0
507931.0829495667 3881234.01841778 40.0
507930.9280385598 3881233.9295644825 40.0
507931.0829495667 3881234.01841778 40.0
507931.2469775309 3881234.1072790334 40.0
507931.4110054965 3881234.1961402884 40.0
507931.4110054965 3881234.1961402884 40.0
507931.4110054965 3881234.1961402884 40.0
507931.5659164942 3881234.2849935945 40.0
507931.5659164942 3881234.2849935945 40.0
507931.72082748654 3881234.373846902 40.0
507931.72082748654 3881234.373846902 40.0
507931.88485544274 3881234.4627081654 40.0
507931.88485544274 3881234.4627081654 40.0
507932.04888339335 3881234.551569435 40.0
507932.04888339335 3881234.551569435 40.0
507932.2037846996 3881234.6515125097 40.0
507932.2037846996 3881234.6515125097 40.0
507932.3495690406 3881234.7514476324 40.0
507932.3495690406 3881234.7514476324 40.0
507932.5135873066 3881234.851398667 40.0
507932.5135873066 3881234.851398667 40.0
507932.6776055667 3881234.951349706 40.0
507932.6776055667 3881234.951349706 40.0
507932.8325068616 3881235.0512927924 40.0
507932.8325068616 3881235.0512927924 40.0
507932.98740815074 3881235.1512358813 40.0
507932.98740815074 3881235.1512358813 40.0
507933.15142640023 3881235.251186927 40.0
507933.15142640023 3881235.251186927 40.0
507933.31543497025 3881235.3622277374 40.0
507933.48857017816 3881235.4621867477 40.0
507933.31543497025 3881235.3622277374 40.0
507933.48857017816 3881235.4621867477 40.0
507933.6708029862 3881235.5843332363 40.0
507933.6708029862 3881235.5843332363 40.0
507933.8439188283 3881235.7064717733 40.0
507933.8439188283 3881235.7064717733 40.0
507934.02616130566 3881235.817528509 40.0
507934.02616130566 3881235.817528509 40.0
507934.1992771386 3881235.939667052 40.0
507934.1992771386 3881235.939667052 40.0
507934.5546451104 3881236.161772586 40.0
507934.5546451104 3881236.161772586 40.0
507934.74600453733 3881236.272837295 40.0
507934.74600453733 3881236.272837295 40.0
507934.92824699235 3881236.3838940486 40.0
507934.92824699235 3881236.3838940486 40.0
507935.1104894453 3881236.4949508086 40.0
507935.30184885376 3881236.6060155304 40.0
507935.30184885376 3881236.6060155304 40.0
507935.30184885376 3881236.6060155304 40.0
507935.4749840162 3881236.7059745784 40.0
507935.4749840162 3881236.7059745784 40.0
507935.65722645604 3881236.817031348 40.0
507935.8212349649 3881236.928072203 40.0
507935.65722645604 3881236.817031348 40.0
507935.8212349649 3881236.928072203 40.0
507935.99436043407 3881237.039121021 40.0
507935.99436043407 3881237.039121021 40.0
507936.1674858967 3881237.150169842 40.0
507936.1674858967 3881237.150169842 40.0
507936.34061135736 3881237.261218665 40.0
507936.5137464936 3881237.361177734 40.0
507936.34061135736 3881237.261218665 40.0
507936.5137464936 3881237.361177734 40.0
507936.6868719461 3881237.472226566 40.0
507936.6868719461 3881237.472226566 40.0
507936.8599973943 3881237.5832754 40.0
507937.03312283603 3881237.6943242364 40.0
507937.03312283603 3881237.6943242364 40.0
507937.03312283603 3881237.6943242364 40.0
507937.215365237 3881237.8053810378 40.0
507937.215365237 3881237.8053810378 40.0
507937.3976076312 3881237.9164378433 40.0
507937.58895730315 3881238.0385923716 40.0
507937.58895730315 3881238.0385923716 40.0
507937.58895730315 3881238.0385923716 40.0
507937.7803069653 3881238.160746905 40.0
507937.7803069653 3881238.160746905 40.0
507937.98990022996 3881238.271827605 40.0
507938.1903765312 3881238.382900348 40.0
507938.1903765312 3881238.382900348 40.0
507938.1903765312 3881238.382900348 40.0
507938.39084313856 3881238.5050628562 40.0
507938.39084313856 3881238.5050628562 40.0
507938.5913194275 3881238.6161356075 40.0
507938.5913194275 3881238.6161356075 40.0
507938.7826787489 3881238.727200402 40.0
507938.7826787489 3881238.727200402 40.0
507938.9740380703 3881238.8382652006 40.0
507938.9740380703 3881238.8382652006 40.0
507939.16540706775 3881238.938240244 40.0
507939.16540706775 3881238.938240244 40.0
507939.5207941728 3881239.138166455 40.0
507939.5207941728 3881239.138166455 40.0
507939.6848316529 3881239.2159381025 40.0
507939.6848316529 3881239.2159381025 40.0
507939.8397521682 3881239.293701789 40.0
507939.99466299685 3881239.38255524 40.0
507939.8397521682 3881239.293701789 40.0
507940.14046654716 3881239.4603109667 40.0
507940.14046654716 3881239.4603109667 40.0
507940.14046654716 3881239.4603109667 40.0
507940.27715313557 3881239.5380587354 40.0
507940.27715313557 3881239.5380587354 40.0
507940.4138494108 3881239.6047167447 40.0
507940.4138494108 3881239.6047167447 40.0
507940.54142872465 3881239.6713667945 40.0
507940.54142872465 3881239.6713667945 40.0
507940.65990076 3881239.726919121 40.0
507940.65990076 3881239.726919121 40.0
507940.7692655242 3881239.7713737274 40.0
507940.7692655242 3881239.7713737274 40.0
507940.8786302874 3881239.8158283336 40.0
507940.8786302874 3881239.8158283336 40.0
507940.98799504957 3881239.860282941 40.0
507940.98799504957 3881239.860282941 40.0
507941.08824285155 3881239.904729587 40.0
507941.08824285155 3881239.904729587 40.0
507941.17937369354 3881239.949168268 40.0
507941.17937369354 3881239.949168268 40.0
507941.2704948467 3881240.004696709 40.0
507941.3707523337 3881240.0380535987 40.0
507941.3707523337 3881240.0380535987 40.0
507941.461883173 3881240.082492283 40.0
507941.461883173 3881240.082492283 40.0
507941.55301401136 3881240.1269309684 40.0
507941.55301401136 3881240.1269309684 40.0
507941.64413515816 3881240.1824594135 40.0
507941.64413515816 3881240.1824594135 40.0
507941.7352659946 3881240.226898101 40.0
507941.7352659946 3881240.226898101 40.0
507941.83550410037 3881240.2824345133 40.0
507941.83550410037 3881240.2824345133 40.0
507941.9448591635 3881240.337978892 40.0
507941.83550410037 3881240.2824345133 40.0
507941.9448591635 3881240.337978892 40.0
507942.06333118386 3881240.393531238 40.0
507942.1817935138 3881240.4601733456 40.0
507942.1817935138 3881240.4601733456 40.0
507942.1817935138 3881240.4601733456 40.0
507942.31848006975 3881240.5379211437 40.0
507942.31848006975 3881240.5379211437 40.0
507942.45516662335 3881240.615668943 40.0
507942.6009701352 3881240.693424713 40.0
507942.6009701352 3881240.693424713 40.0
507942.6009701352 3881240.693424713 40.0
507942.74677364225 3881240.7711804835 40.0
507942.74677364225 3881240.7711804835 40.0
507942.9016844174 3881240.8600339834 40.0
507943.04747822916 3881240.9488795185 40.0
507942.9016844174 3881240.8600339834 40.0
507943.04747822916 3881240.9488795185 40.0
507943.1932817283 3881241.0266352957 40.0
507943.3390755369 3881241.1154808365 40.0
507943.3390755369 3881241.1154808365 40.0
507943.48486934026 3881241.20432638 40.0
507943.48486934026 3881241.20432638 40.0
507943.48486934026 3881241.20432638 40.0
507943.6215558739 3881241.2820741967 40.0
507943.75824240746 3881241.3598220176 40.0
507943.75824240746 3881241.3598220176 40.0
507943.8858119789 3881241.4375618743 40.0
507943.8858119789 3881241.4375618743 40.0
507943.8858119789 3881241.4375618743 40.0
507944.0133815481 3881241.515301732 40.0
507944.0133815481 3881241.515301732 40.0
507944.1409511152 3881241.5930415904 40.0
507944.1409511152 3881241.5930415904 40.0
507944.2594134166 3881241.6596837244 40.0
507944.2594134166 3881241.6596837244 40.0
507944.3869829795 3881241.7374235867 40.0
507944.3869829795 3881241.7374235867 40.0
507944.4963186236 3881241.815147516 40.0
507944.4963186236 3881241.815147516 40.0
507944.6147809195 3881241.8817896554 40.0
507944.6147809195 3881241.8817896554 40.0
507944.72412625205 3881241.948423826 40.0
507944.8425788523 3881242.0261557274 40.0
507944.8425788523 3881242.0261557274 40.0
507944.8425788523 3881242.0261557274 40.0
507944.9701484051 3881242.103895598 40.0
507944.9701484051 3881242.103895598 40.0
507945.09772764833 3881242.1705457107 40.0
507945.09772764833 3881242.1705457107 40.0
507945.2252875065 3881242.2593753454 40.0
507945.3619643165 3881242.3482129504 40.0
507945.2252875065 3881242.2593753454 40.0
507945.3619643165 3881242.3482129504 40.0
507945.51688473235 3881242.425976734 40.0
507945.6809220974 3881242.50374849 40.0
507945.6809220974 3881242.50374849 40.0
507945.6809220974 3881242.50374849 40.0
507945.8358328144 3881242.592602039 40.0
507945.8358328144 3881242.592602039 40.0
507946.008977441 3881242.68147153 40.0
507946.008977441 3881242.68147153 40.0
507946.18212206423 3881242.7703410233 40.0
507946.18212206423 3881242.7703410233 40.0
507946.3643739437 3881242.8703082516 40.0
507946.3643739437 3881242.8703082516 40.0
507946.54662581923 3881242.9702754794 40.0
507946.7471116072 3881243.070258654 40.0
507946.7471116072 3881243.070258654 40.0
507946.95671434427 3881243.1702498007 40.0
507946.95671434427 3881243.1702498007 40.0
507947.15719042363 3881243.281322744 40.0
507947.15719042363 3881243.281322744 40.0
507947.15719042363 3881243.281322744 40.0
507947.366783456 3881243.3924036613 40.0
507947.57637648325 3881243.5034845844 40.0
507947.57637648325 3881243.5034845844 40.0
507947.57637648325 3881243.5034845844 40.0
507947.7950767649 3881243.6256632423 40.0
507948.01378673676 3881243.736752144 40.0
507948.01378673676 3881243.736752144 40.0
507948.01378673676 3881243.736752144 40.0
507948.2416039621 3881243.858938785 40.0
507948.46941148455 3881243.9922151896 40.0
507948.46941148455 3881243.9922151896 40.0
507948.46941148455 3881243.9922151896 40.0
507948.6972286973 3881244.11440184 40.0
507948.6972286973 3881244.11440184 40.0
507948.934162861 3881244.236596471 40.0
507948.934162861 3881244.236596471 40.0
507949.17108731857 3881244.3698808653 40.0
507949.4080214669 3881244.4920755057 40.0
507949.17108731857 3881244.3698808653 40.0
507949.6358289565 3881244.6253519417 40.0
507949.6358289565 3881244.6253519417 40.0
507949.6358289565 3881244.6253519417 40.0
507949.8636364394 3881244.758628381 40.0
507950.0823366601 3881244.8808070947 40.0
507950.0823366601 3881244.8808070947 40.0
507950.29191992106 3881245.0029778383 40.0
507950.0823366601 3881244.8808070947 40.0
507950.5015031787 3881245.1251485897 40.0
507950.5015031787 3881245.1251485897 40.0
507950.5015031787 3881245.1251485897 40.0
507950.7019791717 3881245.23622161 40.0
507950.8842309546 3881245.3361889278 40.0
507950.7019791717 3881245.23622161 40.0
507950.8842309546 3881245.3361889278 40.0
507951.0664730335 3881245.447246008 40.0
507951.0664730335 3881245.447246008 40.0
507951.2304909012 3881245.547197383 40.0
507951.2304909012 3881245.547197383 40.0
507951.3945087607 3881245.647148763 40.0
507951.54941936844 3881245.73600241 40.0
507951.54941936844 3881245.73600241 40.0
507951.6952227183 3881245.8137583258 40.0
507951.54941936844 3881245.73600241 40.0
507951.6952227183 3881245.8137583258 40.0
507951.8227824587 3881245.902588053 40.0
507951.9594688529 3881245.980335998 40.0
507951.8227824587 3881245.902588053 40.0
507952.08703828946 3881246.0580759686 40.0
507952.08703828946 3881246.0580759686 40.0
507952.2055004723 3881246.124718207 40.0
507952.2055004723 3881246.124718207 40.0
507952.46064903896 3881246.2691083997 40.0
507952.46064903896 3881246.2691083997 40.0
507952.46064903896 3881246.2691083997 40.0
507952.5426531074 3881246.3246289785 40.0
507952.5426531074 3881246.3246289785 40.0
507952.63378382684 3881246.369067776 40.0
507952.63378382684 3881246.369067776 40.0
507952.7157878933 3881246.424588357 40.0
507952.7157878933 3881246.424588357 40.0
507952.7978016584 3881246.4690191816 40.0
507952.7978016584 3881246.4690191816 40.0
507952.8706984726 3881246.513442028 40.0
507952.9344783336 3881246.557856899 40.0
507952.8706984726 3881246.513442028 40.0
507953.0073751441 3881246.602279749 40.0
507953.0073751441 3881246.602279749 40.0
507953.07116470614 3881246.6356048603 40.0
507953.0073751441 3881246.602279749 40.0
507953.07116470614 3881246.6356048603 40.0
507953.1258373154 3881246.6689219987 40.0
507953.1258373154 3881246.6689219987 40.0
507953.1896268742 3881246.702247111 40.0
507953.1896268742 3881246.702247111 40.0
507953.24429948267 3881246.7355642505 40.0
507953.24429948267 3881246.7355642505 40.0
507953.2898551362 3881246.7688734103 40.0
507953.2898551362 3881246.7688734103 40.0
507953.3354107916 3881246.8021825734 40.0
507953.3354107916 3881246.8021825734 40.0
507953.39008339663 3881246.8354997104 40.0
507953.39008339663 3881246.8354997104 40.0
507953.53587701026 3881246.9243454165 40.0
507953.53587701026 3881246.9243454165 40.0
507953.6178907692 3881246.9687762465 40.0
507953.7181287305 3881247.0243127914 40.0
507953.7181287305 3881247.0243127914 40.0
507953.7181287305 3881247.0243127914 40.0
507953.8274739346 3881247.090947073 40.0
507953.9550530431 3881247.157597312 40.0
507953.9550530431 3881247.157597312 40.0
507953.9550530431 3881247.157597312 40.0
507954.08262244845 3881247.235337311 40.0
507954.08262244845 3881247.235337311 40.0
507954.219308801 3881247.313085289 40.0
507954.35599515116 3881247.390833271 40.0
507954.219308801 3881247.313085289 40.0
507954.492671795 3881247.4796710135 40.0
507954.492671795 3881247.4796710135 40.0
507954.62935814034 3881247.557418998 40.0
507954.62935814034 3881247.557418998 40.0
507954.62935814034 3881247.557418998 40.0
507954.77516143705 3881247.635174963 40.0
507954.77516143705 3881247.635174963 40.0
507954.9027308264 3881247.712914975 40.0
507954.9027308264 3881247.712914975 40.0
507955.0394171671 3881247.7906629657 40.0
507955.0394171671 3881247.7906629657 40.0
507955.1669962569 3881247.8573132204 40.0
507955.1669962569 3881247.8573132204 40.0
507955.2854486887 3881247.93504526 40.0
507955.2854486887 3881247.93504526 40.0
507955.5132657113 3881248.0572320824 40.0
507955.5132657113 3881248.0572320824 40.0
507955.6043866959 3881248.1127606686 40.0
507955.6043866959 3881248.1127606686 40.0
507955.70462462783 3881248.1682972354 40.0
507955.70462462783 3881248.1682972354 40.0
507955.7957456101 3881248.223825824 40.0
507955.7957456101 3881248.223825824 40.0
507955.88686659123 3881248.2793544135 40.0
507955.98711423017 3881248.3238012237 40.0
507955.88686659123 3881248.2793544135 40.0
507955.98711423017 3881248.3238012237 40.0
507956.07823520683 3881248.379329815 40.0
507956.07823520683 3881248.379329815 40.0
507956.1784634291 3881248.4459561463 40.0
507956.40628042695 3881248.568142993 40.0
507956.1784634291 3881248.4459561463 40.0
507956.40628042695 3881248.568142993 40.0
507956.5338497893 3881248.6458830265 40.0
507956.5338497893 3881248.6458830265 40.0
507956.6614288562 3881248.712533303 40.0
507956.6614288562 3881248.712533303 40.0
507956.79811516684 3881248.7902813205 40.0
507956.79811516684 3881248.7902813205 40.0
507956.9348014728 3881248.86802934 40.0
507956.9348014728 3881248.86802934 40.0
507957.07148777647 3881248.9457773627 40.0
507957.07148777647 3881248.9457773627 40.0
507957.3448506716 3881249.1123631718 40.0
507957.3448506716 3881249.1123631718 40.0
507957.49976115994 3881249.201216922 40.0
507957.6546813555 3881249.2789809136 40.0
507957.6546813555 3881249.2789809136 40.0
507957.80047488835 3881249.3678266886 40.0
507957.80047488835 3881249.3678266886 40.0
507957.9553950785 3881249.445590686 40.0
507957.9553950785 3881249.445590686 40.0
507958.1103055553 3881249.5344444457 40.0
507958.1103055553 3881249.5344444457 40.0
507958.1103055553 3881249.5344444457 40.0
507958.26522574 3881249.612208449 40.0
507958.26522574 3881249.612208449 40.0
507958.4110192592 3881249.7010542327 40.0
507958.4110192592 3881249.7010542327 40.0
507958.5659297295 3881249.7899079993 40.0
507958.5659297295 3881249.7899079993 40.0
507958.7208401944 3881249.8787617707 40.0
507958.7208401944 3881249.8787617707 40.0
507958.8848676076 3881249.9676235258 40.0
507959.0488950176 3881250.056485283 40.0
507959.0488950176 3881250.056485283 40.0
507959.222039371 3881250.145355028 40.0
507959.222039371 3881250.145355028 40.0
507959.3951740132 3881250.2453145343 40.0
507959.222039371 3881250.145355028 40.0
507959.5865328363 3881250.3563797693 40.0
507959.3951740132 3881250.2453145343 40.0
507959.5865328363 3881250.3563797693 40.0
507959.9601335247 3881250.5785022695 40.0
507960.1697165196 3881250.700673244 40.0
507960.1697165196 3881250.700673244 40.0
507960.3792995134 3881250.8228442217 40.0
507960.3792995134 3881250.8228442217 40.0
507960.3792995134 3881250.8228442217 40.0
507960.59798973583 3881250.956112949 40.0
507960.8075630039 3881251.0893736985 40.0
507960.59798973583 3881250.956112949 40.0
507960.8075630039 3881251.0893736985 40.0
507961.02625321364 3881251.2226424348 40.0
507961.02625321364 3881251.2226424348 40.0
507961.24495312927 3881251.3448214196 40.0
507961.4636433265 3881251.4780901675 40.0
507961.4636433265 3881251.4780901675 40.0
507961.4636433265 3881251.4780901675 40.0
507961.6823432301 3881251.6002691616 40.0
507961.6823432301 3881251.6002691616 40.0
507961.89192618063 3881251.722440175 40.0
507961.89192618063 3881251.722440175 40.0
507962.0923921783 3881251.844603209 40.0
507962.0923921783 3881251.844603209 40.0
507962.29286788194 3881251.9556764867 40.0
507962.29286788194 3881251.9556764867 40.0
507962.4751096891 3881252.0667337985 40.0
507962.4751096891 3881252.0667337985 40.0
507962.6573612082 3881252.166701353 40.0
507962.6573612082 3881252.166701353 40.0
507962.8304957696 3881252.266660927 40.0
507962.8304957696 3881252.266660927 40.0
507963.1585407119 3881252.4554743487 40.0
507963.2952171938 3881252.544312224 40.0
507963.2952171938 3881252.544312224 40.0
507963.2952171938 3881252.544312224 40.0
507963.4227864415 3881252.6220523557 40.0
507963.4227864415 3881252.6220523557 40.0
507963.5412387408 3881252.6997845024 40.0
507963.5412387408 3881252.6997845024 40.0
507963.6688079866 3881252.7775246375 40.0
507963.6688079866 3881252.7775246375 40.0
507963.7781530487 3881252.8441590397 40.0
507963.7781530487 3881252.8441590397 40.0
507963.87838116544 3881252.9107854567 40.0
507963.87838116544 3881252.9107854567 40.0
507963.98772622674 3881252.977419862 40.0
507963.98772622674 3881252.977419862 40.0
507964.0879543405 3881253.0440462814 40.0
507964.0879543405 3881253.0440462814 40.0
507964.1790752228 3881253.0995749547 40.0
507964.1790752228 3881253.0995749547 40.0
507964.26107915817 3881253.155095642 40.0
507964.26107915817 3881253.155095642 40.0
507964.3430830902 3881253.210616329 40.0
507964.3430830902 3881253.210616329 40.0
507964.4250870236 3881253.2661370174 40.0
507964.4250870236 3881253.2661370174 40.0
507964.5071006722 3881253.310567946 40.0
507964.5071006722 3881253.310567946 40.0
507964.579987658 3881253.3660806464 40.0
507964.579987658 3881253.3660806464 40.0
507964.7440052323 3881253.4660322685 40.0
507964.7440052323 3881253.4660322685 40.0
507964.8169019321 3881253.5104552126 40.0
507964.8169019321 3881253.5104552126 40.0
507964.8897986312 3881253.5548781576 40.0
507964.8897986312 3881253.5548781576 40.0
507964.9535783819 3881253.599293113 40.0
507964.9535783819 3881253.599293113 40.0
507965.035592025 3881253.643724047 40.0
507965.035592025 3881253.643724047 40.0
507965.1175959502 3881253.6992447423 40.0
507965.20871681964 3881253.754773426 40.0
507965.20871681964 3881253.754773426 40.0
507965.20871681964 3881253.754773426 40.0
507965.29983768566 3881253.810302111 40.0
507965.29983768566 3881253.810302111 40.0
507965.3818416078 3881253.8658228065 40.0
507965.482079419 3881253.921359482 40.0
507965.482079419 3881253.921359482 40.0
507965.482079419 3881253.921359482 40.0
507965.57319056644 3881253.9879779294 40.0
507965.57319056644 3881253.9879779294 40.0
507965.67342837516 3881254.0435146047 40.0
507965.77366618265 3881254.0990512855 40.0
507965.77366618265 3881254.0990512855 40.0
507965.8647773262 3881254.1656697346 40.0
507965.8647773262 3881254.1656697346 40.0
507965.8647773262 3881254.1656697346 40.0
507965.9741320759 3881254.2212144043 40.0
507965.9741320759 3881254.2212144043 40.0
507966.1745979615 3881254.3433775287 40.0
507966.2748357626 3881254.398914212 40.0
507966.2748357626 3881254.398914212 40.0
507966.2748357626 3881254.398914212 40.0
507966.3750735649 3881254.454450897 40.0
507966.3750735649 3881254.454450897 40.0
507966.4661944191 3881254.5099795926 40.0
507966.5573152699 3881254.565508292 40.0
507966.5573152699 3881254.565508292 40.0
507966.5573152699 3881254.565508292 40.0
507966.63931917754 3881254.6210289984 40.0
507966.72133280314 3881254.665459947 40.0
507966.72133280314 3881254.665459947 40.0
507966.79422948137 3881254.709882908 40.0
507966.72133280314 3881254.665459947 40.0
507966.86712616123 3881254.7543058675 40.0
507966.86712616123 3881254.7543058675 40.0
507966.86712616123 3881254.7543058675 40.0
507966.94002284034 3881254.798728829 40.0
507967.0038025723 3881254.8431438003 40.0
507966.94002284034 3881254.798728829 40.0
507967.0767089695 3881254.8764770017 40.0
507967.0038025723 3881254.8431438003 40.0
507967.0767089695 3881254.8764770017 40.0
507967.1496056443 3881254.9208999644 40.0
507967.1496056443 3881254.9208999644 40.0
507967.2316095451 3881254.976420679 40.0
507967.2316095451 3881254.976420679 40.0
507967.32273038884 3881255.0319493827 40.0
507967.51407929696 3881255.1541045466 40.0
507967.32273038884 3881255.0319493827 40.0
507967.51407929696 3881255.1541045466 40.0
507967.6416484744 3881255.231844738 40.0
507967.6416484744 3881255.231844738 40.0
507967.7692176474 3881255.309584931 40.0
507967.7692176474 3881255.309584931 40.0
507967.8967770977 3881255.3984148847 40.0
507967.8967770977 3881255.3984148847 40.0
507968.03346320963 3881255.4761630734 40.0
507968.03346320963 3881255.4761630734 40.0
507968.1701395985 3881255.565001023 40.0
507968.1701395985 3881255.565001023 40.0
507968.30681598466 3881255.6538389763 40.0
507968.43438514834 3881255.7315791775 40.0
507968.43438514834 3881255.7315791775 40.0
507968.5710712507 3881255.8093273733 40.0
507968.5710712507 3881255.8093273733 40.0
507968.5710712507 3881255.8093273733 40.0
507968.698650129 3881255.87597782 40.0
507968.698650129 3881255.87597782 40.0
507968.8262192839 3881255.953718026 40.0
507968.953788439 3881256.031458237 40.0
507968.8262192839 3881255.953718026 40.0
507968.953788439 3881256.031458237 40.0
507969.0813673114 3881256.0981086893 40.0
507969.0813673114 3881256.0981086893 40.0
507969.2089364599 3881256.175848903 40.0
507969.2089364599 3881256.175848903 40.0
507969.3456322712 3881256.242507351 40.0
507969.3456322712 3881256.242507351 40.0
507969.6098875024 3881256.39799578 40.0
507969.7465735847 3881256.475743992 40.0
507969.6098875024 3881256.39799578 40.0
507969.90149355185 3881256.5535081956 40.0
507969.90149355185 3881256.5535081956 40.0
507970.05641351175 3881256.6312724003 40.0
507969.90149355185 3881256.5535081956 40.0
507970.2113237504 3881256.720126367 40.0
507970.2113237504 3881256.720126367 40.0
507970.2113237504 3881256.720126367 40.0
507970.3662437071 3881256.7978905784 40.0
507970.53027088195 3881256.8867525454 40.0
507970.53027088195 3881256.8867525454 40.0
507970.69429805357 3881256.975614515 40.0
507970.69429805357 3881256.975614515 40.0
507970.69429805357 3881256.975614515 40.0
507970.87655910355 3881257.064492476 40.0
507971.0496934862 3881257.1644522063 40.0
507971.0496934862 3881257.1644522063 40.0
507971.0496934862 3881257.1644522063 40.0
507971.2228375895 3881257.2533221794 40.0
507971.2228375895 3881257.2533221794 40.0
507971.405088904 3881257.3532899106 40.0
507971.605564375 3881257.464363396 40.0
507971.605564375 3881257.464363396 40.0
507971.605564375 3881257.464363396 40.0
507971.7969326249 3881257.564339131 40.0
507971.7969326249 3881257.564339131 40.0
507972.0065250277 3881257.675420619 40.0
507972.3983687207 3881257.886469865 40.0
507972.0065250277 3881257.675420619 40.0
507972.6170683236 3881258.0086491234 40.0
507972.6170683236 3881258.0086491234 40.0
507972.6170683236 3881258.0086491234 40.0
507972.8266607062 3881258.11973063 40.0
507972.8266607062 3881258.11973063 40.0
507973.04537002445 3881258.2308201394 40.0
507973.04537002445 3881258.2308201394 40.0
507973.25495266746 3881258.3529914184 40.0
507973.45542809385 3881258.464064944 40.0
507973.45542809385 3881258.464064944 40.0
507973.6650204557 3881258.575146471 40.0
507973.6650204557 3881258.575146471 40.0
507973.6650204557 3881258.575146471 40.0
507973.87462254026 3881258.675138244 40.0
507973.87462254026 3881258.675138244 40.0
507974.08421488985 3881258.7862197813 40.0
507974.08421488985 3881258.7862197813 40.0
507974.2938169672 3881258.8862115634 40.0
507974.5034093092 3881258.9972931095 40.0
507974.2938169672 3881258.8862115634 40.0
507974.5034093092 3881258.9972931095 40.0
507974.7130113748 3881259.097284903 40.0
507974.7130113748 3881259.097284903 40.0
507974.9226037068 3881259.2083664592 40.0
507974.9226037068 3881259.2083664592 40.0
507975.13220576063 3881259.308358259 40.0
507975.34179808263 3881259.4194398266 40.0
507975.13220576063 3881259.308358259 40.0
507975.34179808263 3881259.4194398266 40.0
507975.7518852343 3881259.6194154546 40.0
507975.7518852343 3881259.6194154546 40.0
507975.95237033034 3881259.7193992757 40.0
507976.1619723634 3881259.8193911016 40.0
507976.1619723634 3881259.8193911016 40.0
507976.1619723634 3881259.8193911016 40.0
507976.3624671836 3881259.9082851727 40.0
507976.56295226887 3881260.008269008 40.0
507976.56295226887 3881260.008269008 40.0
507976.56295226887 3881260.008269008 40.0
507976.7634276184 3881260.1193426056 40.0
507976.7634276184 3881260.1193426056 40.0
507976.9547957535 3881260.219318449 40.0
507977.1461638891 3881260.3192942976 40.0
507977.1461638891 3881260.3192942976 40.0
507977.32840534527 3881260.4303519083 40.0
507977.32840534527 3881260.4303519083 40.0
507977.32840534527 3881260.4303519083 40.0
507977.51065653143 3881260.5303197633 40.0
507977.51065653143 3881260.5303197633 40.0
507977.6837810406 3881260.6413693815 40.0
507977.6837810406 3881260.6413693815 40.0
507977.85691528046 3881260.7413292406 40.0
507977.85691528046 3881260.7413292406 40.0
507978.03915671946 3881260.852386866 40.0
507978.22139815637 3881260.9634444956 40.0
507978.22139815637 3881260.9634444956 40.0
507978.22139815637 3881260.9634444956 40.0
507978.4036395865 3881261.0745021272 40.0
507978.4036395865 3881261.0745021272 40.0
507978.7954635175 3881261.3077311707 40.0
507978.7954635175 3881261.3077311707 40.0
507978.99592907715 3881261.4298945786 40.0
507979.1963848996 3881261.563147752 40.0
507979.1963848996 3881261.563147752 40.0
507979.1963848996 3881261.563147752 40.0
507979.4059673833 3881261.685319173 40.0
507979.4059673833 3881261.685319173 40.0
507979.6064231917 3881261.818572355 40.0
507979.6064231917 3881261.818572355 40.0
507979.8068887293 3881261.9407357816 40.0
507979.8068887293 3881261.9407357816 40.0
507980.0164809314 3881262.051817456 40.0
507980.0164809314 3881262.051817456 40.0
507980.19871258695 3881262.173964885 40.0
507980.19871258695 3881262.173964885 40.0
507980.39008064114 3881262.2739408007 40.0
507980.5632050843 3881262.384990473 40.0
507980.5632050843 3881262.384990473 40.0
507980.5632050843 3881262.384990473 40.0
507980.7363392593 3881262.484950389 40.0
507980.7363392593 3881262.484950389 40.0
507980.90947342827 3881262.584910308 40.0
507981.0826075957 3881262.684870231 40.0
507981.0826075957 3881262.684870231 40.0
507981.0826075957 3881262.684870231 40.0
507981.2557514961 3881262.773740397 40.0
507981.2557514961 3881262.773740397 40.0
507981.4197687177 3881262.8736923207 40.0
507981.4197687177 3881262.8736923207 40.0
507981.75693956314 3881263.0514246635 40.0
507981.89362544176 3881263.1291730613 40.0
507981.89362544176 3881263.1291730613 40.0
507982.0394282562 3881263.2069294667 40.0
507982.0394282562 3881263.2069294667 40.0
507982.0394282562 3881263.2069294667 40.0
507982.1761141301 3881263.284677869 40.0
507982.1761141301 3881263.284677869 40.0
507982.3128097397 3881263.3513365136 40.0
507982.3128097397 3881263.3513365136 40.0
507982.4403786736 3881263.4290769114 40.0
507982.4403786736 3881263.4290769114 40.0
507982.57706454303 3881263.5068253195 40.0
507982.57706454303 3881263.5068253195 40.0
507982.7137601464 3881263.573483971 40.0
507982.7137601464 3881263.573483971 40.0
507982.8413290737 3881263.651224377 40.0
507982.9871318717 3881263.728980798 40.0
507982.8413290737 3881263.651224377 40.0
507983.1238177297 3881263.806729214 40.0
507983.1238177297 3881263.806729214 40.0
507983.27873745555 3881263.8844936453 40.0
507983.27873745555 3881263.8844936453 40.0
507983.4336474417 3881263.9733478394 40.0
507983.4336474417 3881263.9733478394 40.0
507983.59766462 3881264.073299803 40.0
507983.59766462 3881264.073299803 40.0
507983.59766462 3881264.073299803 40.0
507983.77080846485 3881264.162170017 40.0
507983.77080846485 3881264.162170017 40.0
507983.9439425709 3881264.262129994 40.0
507983.9439425709 3881264.262129994 40.0
507984.12619360775 3881264.3620979832 40.0
507984.3084446406 3881264.462065974 40.0
507984.12619360775 3881264.3620979832 40.0
507984.3084446406 3881264.462065974 40.0
507984.4906956671 3881264.56203397 40.0
507984.6638297576 3881264.6619939604 40.0
507984.6638297576 3881264.6619939604 40.0
507984.8460807786 3881264.7619619644 40.0
507984.8460807786 3881264.7619619644 40.0
507984.8460807786 3881264.7619619644 40.0
507985.0192246004 3881264.850832201 40.0
507985.0192246004 3881264.850832201 40.0
507985.1832417456 3881264.950784193 40.0
507985.33815169265 3881265.039638421 40.0
507985.33815169265 3881265.039638421 40.0
507985.33815169265 3881265.039638421 40.0
507985.49306163896 3881265.12849265 40.0
507985.49306163896 3881265.12849265 40.0
507985.6388546462 3881265.2173388726 40.0
507985.7846573952 3881265.29509534 40.0
507985.6388546462 3881265.2173388726 40.0
507985.7846573952 3881265.29509534 40.0
507985.92135294824 3881265.361754038 40.0
507985.92135294824 3881265.361754038 40.0
507986.0489218231 3881265.43949449 40.0
507986.0489218231 3881265.43949449 40.0
507986.1856271148 3881265.495063431 40.0
507986.1856271148 3881265.495063431 40.0
507986.32231291896 3881265.5728118964 40.0
507986.4590182093 3881265.628380842 40.0
507986.32231291896 3881265.5728118964 40.0
507986.5957137524 3881265.6950395512 40.0
507986.4590182093 3881265.628380842 40.0
507986.7415164856 3881265.7727960334 40.0
507986.7415164856 3881265.7727960334 40.0
507986.88732895756 3881265.8394627566 40.0
507986.88732895756 3881265.8394627566 40.0
507986.88732895756 3881265.8394627566 40.0
507987.02401475055 3881265.9172112322 40.0
507987.16982721817 3881265.983877959 40.0
507987.02401475055 3881265.9172112322 40.0
507987.32474687474 3881266.06164246 40.0
507987.32474687474 3881266.06164246 40.0
507987.32474687474 3881266.06164246 40.0
507987.4705495935 3881266.1393989525 40.0
507987.4705495935 3881266.1393989525 40.0
507987.6254692449 3881266.217163459 40.0
507987.7712719586 3881266.2949199565 40.0
507987.7712719586 3881266.2949199565 40.0
507987.92619160475 3881266.372684468 40.0
507987.92619160475 3881266.372684468 40.0
507988.0719845683 3881266.4615307306 40.0
507987.92619160475 3881266.372684468 40.0
507988.0719845683 3881266.4615307306 40.0
507988.2907032455 3881266.5615308485 40.0
507988.45473006717 3881266.65039314 40.0
507988.45473006717 3881266.65039314 40.0
507988.45473006717 3881266.65039314 40.0
507988.62788356596 3881266.7281736885 40.0
507988.62788356596 3881266.7281736885 40.0
507988.79190063773 3881266.8281257455 40.0
507988.96504438174 3881266.9169960595 40.0
507988.96504438174 3881266.9169960595 40.0
507988.96504438174 3881266.9169960595 40.0
507989.11995425844 3881267.005850351 40.0
507989.11995425844 3881267.005850351 40.0
507989.2839810663 3881267.094712657 40.0
507989.2839810663 3881267.094712657 40.0
507989.4389006836 3881267.1724771946 40.0
507989.4389006836 3881267.1724771946 40.0
507989.5938203006 3881267.2502417346 40.0
507989.5938203006 3881267.2502417346 40.0
507989.7396327281 3881267.3169085053 40.0
507989.7396327281 3881267.3169085053 40.0
507989.87631847453 3881267.3946570233 40.0
507989.87631847453 3881267.3946570233 40.0
507990.0130139684 3881267.4613157827 40.0
507990.0130139684 3881267.4613157827 40.0
507990.14970945794 3881267.527974546 40.0
507990.14970945794 3881267.527974546 40.0
507990.2772880141 3881267.5946252975 40.0
507990.2772880141 3881267.5946252975 40.0
507990.4048568228 3881267.6723658084 40.0
507990.4048568228 3881267.6723658084 40.0
507990.5415523063 3881267.7390245777 40.0
507990.5415523063 3881267.7390245777 40.0
507990.66913085664 3881267.8056753343 40.0
507990.8058165878 3881267.8834238667 40.0
507990.8058165878 3881267.8834238667 40.0
507990.8058165878 3881267.8834238667 40.0
507990.9516289963 3881267.9500906556 40.0
507991.0974316538 3881268.0278472058 40.0
507991.0974316538 3881268.0278472058 40.0
507991.24323431123 3881268.10560376 40.0
507991.24323431123 3881268.10560376 40.0
507991.3981538946 3881268.183368331 40.0
507991.3981538946 3881268.183368331 40.0
507991.3981538946 3881268.183368331 40.0
507991.54395654687 3881268.2611248894 40.0
507991.54395654687 3881268.2611248894 40.0
507991.7079930557 3881268.338897481 40.0
507991.7079930557 3881268.338897481 40.0
507991.8720198143 3881268.4277598336 40.0
507992.04515374795 3881268.5277199666 40.0
507992.04515374795 3881268.5277199666 40.0
507992.04515374795 3881268.5277199666 40.0
507992.2274143606 3881268.6165983584 40.0
507992.2274143606 3881268.6165983584 40.0
507992.3823241789 3881268.7054527053 40.0
507992.3823241789 3881268.7054527053 40.0
507992.53724374 3881268.783217296 40.0
507992.53724374 3881268.783217296 40.0
507992.7012704825 3881268.8720796662 40.0
507992.7012704825 3881268.8720796662 40.0
507992.86530697276 3881268.949852277 40.0
507992.86530697276 3881268.949852277 40.0
507993.0110998468 3881269.0386986188 40.0
507993.0110998468 3881269.0386986188 40.0
507993.1751363314 3881269.1164712375 40.0
507993.1751363314 3881269.1164712375 40.0
507993.3391630617 3881269.2053336175 40.0
507993.3391630617 3881269.2053336175 40.0
507993.50318978645 3881269.2941960017 40.0
507993.50318978645 3881269.2941960017 40.0
507993.6580995784 3881269.38305037 40.0
507993.82213605125 3881269.4608230004 40.0
507993.82213605125 3881269.4608230004 40.0
507993.82213605125 3881269.4608230004 40.0
507993.986162769 3881269.5496853925 40.0
507993.986162769 3881269.5496853925 40.0
507994.1410725519 3881269.6385397715 40.0
507994.1410725519 3881269.6385397715 40.0
507994.29598233406 3881269.7273941506 40.0
507994.29598233406 3881269.7273941506 40.0
507994.4508921086 3881269.8162485342 40.0
507994.4508921086 3881269.8162485342 40.0
507994.6149188138 3881269.9051109385 40.0
507994.7789455158 3881269.9939733446 40.0
507994.7789455158 3881269.9939733446 40.0
507994.9338552834 3881270.0828277366 40.0
507994.7789455158 3881269.9939733446 40.0
507995.08877480397 3881270.1605923707 40.0
507995.08877480397 3881270.1605923707 40.0
507995.24368456565 3881270.2494467665 40.0
507995.24368456565 3881270.2494467665 40.0
507995.24368456565 3881270.2494467665 40.0
507995.39859432436 3881270.3383011655 40.0
507995.5352994878 3881270.3938702503 40.0
507995.39859432436 3881270.3383011655 40.0
507995.5352994878 3881270.3938702503 40.0
507995.66287796444 3881270.460521077 40.0
507995.66287796444 3881270.460521077 40.0
507995.8086902961 3881270.5271879435 40.0
507995.8086902961 3881270.5271879435 40.0
507995.9453856995 3881270.5938467938 40.0
507995.9453856995 3881270.5938467938 40.0
507996.0912077818 3881270.649423906 40.0
507996.3919493612 3881270.7827656763 40.0
507996.3919493612 3881270.7827656763 40.0
507996.3919493612 3881270.7827656763 40.0
507996.5377811932 3881270.827253035 40.0
507996.5377811932 3881270.827253035 40.0
507996.68358375697 3881270.905009676 40.0
507996.68358375697 3881270.905009676 40.0
507996.8293960764 3881270.97167656 40.0
507996.8293960764 3881270.97167656 40.0
507996.96609146334 3881271.038335426 40.0
507996.96609146334 3881271.038335426 40.0
507997.1119037762 3881271.1050023134 40.0
507997.25771608925 3881271.1716692047 40.0
507997.25771608925 3881271.1716692047 40.0
507997.25771608925 3881271.1716692047 40.0
507997.3944017136 3881271.2494178363 40.0
507997.3944017136 3881271.2494178363 40.0
507997.54021401994 3881271.316084732 40.0
507997.68602632417 3881271.3827516283 40.0
507997.68602632417 3881271.3827516283 40.0
507997.68602632417 3881271.3827516283 40.0
507997.79538067535 3881271.438296684 40.0
507997.79538067535 3881271.438296684 40.0
507997.91384219326 3881271.5049395203 40.0
507997.91384219326 3881271.5049395203 40.0
507998.0323134644 3881271.5604926 40.0
507998.0323134644 3881271.5604926 40.0
507998.15078473865 3881271.6160456804 40.0
507998.15078473865 3881271.6160456804 40.0
507998.2965970336 3881271.6827125875 40.0
507998.2965970336 3881271.6827125875 40.0
507998.4424190865 3881271.7382897357 40.0
507998.5791242081 3881271.793858867 40.0
507998.4424190865 3881271.7382897357 40.0
507998.72493649705 3881271.8605257813 40.0
507998.72493649705 3881271.8605257813 40.0
507998.72493649705 3881271.8605257813 40.0
507998.8798657133 3881271.9272007197 40.0
507999.03478516644 3881272.004965421 40.0
507998.8798657133 3881271.9272007197 40.0
507999.03478516644 3881272.004965421 40.0
507999.1897241366 3881272.060550605 40.0
507999.3355364168 3881272.12721753 40.0
507999.3355364168 3881272.12721753 40.0
507999.490465624 3881272.1938924785 40.0
507999.490465624 3881272.1938924785 40.0
507999.490465624 3881272.1938924785 40.0
507999.6271609732 3881272.260551384 40.0
507999.6271609732 3881272.260551384 40.0
507999.772973247 3881272.3272183156 40.0
507999.772973247 3881272.3272183156 40.0
507999.918785521 3881272.393885249 40.0
507999.918785521 3881272.393885249 40.0
508000.06458803086 3881272.4716419447 40.0
508000.06458803086 3881272.4716419447 40.0
508000.19216644514 3881272.5382928345 40.0
508000.19216644514 3881272.5382928345 40.0
508000.328861784 3881272.604951753 40.0
508000.4564401945 3881272.6716026473 40.0
508000.4564401945 3881272.6716026473 40.0
508000.5931257714 3881272.7493513273 40.0
508000.4564401945 3881272.6716026473 40.0
508000.5931257714 3881272.7493513273 40.0
508000.85738974804 3881272.893750909 40.0
508000.9758512246 3881272.9603937855 40.0
508000.9758512246 3881272.9603937855 40.0
508001.1034296277 3881273.02704469 40.0
508001.1034296277 3881273.02704469 40.0
508001.1034296277 3881273.02704469 40.0
508001.21277417254 3881273.093679546 40.0
508001.3312356439 3881273.1603224287 40.0
508001.3312356439 3881273.1603224287 40.0
508001.3312356439 3881273.1603224287 40.0
508001.44969711587 3881273.2269653124 40.0
508001.44969711587 3881273.2269653124 40.0
508001.56815858145 3881273.2936081975 40.0
508001.56815858145 3881273.2936081975 40.0
508001.68662004994 3881273.360251085 40.0
508001.68662004994 3881273.360251085 40.0
508001.78685742273 3881273.415788162 40.0
508001.8962019625 3881273.4824230266 40.0
508001.8962019625 3881273.4824230266 40.0
508002.0146634238 3881273.549065918 40.0
508002.0146634238 3881273.549065918 40.0
508002.0146634238 3881273.549065918 40.0
508002.1331151188 3881273.626798571 40.0
508002.1331151188 3881273.626798571 40.0
508002.24245965347 3881273.6934334394 40.0
508002.24245965347 3881273.6934334394 40.0
508002.36093087203 3881273.7489865758 40.0
508002.4793825638 3881273.8267192324 40.0
508002.4793825638 3881273.8267192324 40.0
508002.59784401633 3881273.8933621314 40.0
508002.4793825638 3881273.8267192324 40.0
508002.7254223922 3881273.9600130576 40.0
508002.59784401633 3881273.8933621314 40.0
508002.7254223922 3881273.9600130576 40.0
508002.85299100535 3881274.037753746 40.0
508002.980559614 3881274.1154944357 40.0
508002.980559614 3881274.1154944357 40.0
508002.980559614 3881274.1154944357 40.0
508003.1172549088 3881274.182153395 40.0
508003.263047599 3881274.2709999033 40.0
508003.1172549088 3881274.182153395 40.0
508003.263047599 3881274.2709999033 40.0
508003.4088500525 3881274.3487566523 40.0
508003.4088500525 3881274.3487566523 40.0
508003.5546427372 3881274.4376031645 40.0
508003.5546427372 3881274.4376031645 40.0
508003.7186692703 3881274.526465734 40.0
508003.8644619491 3881274.615312251 40.0
508003.8644619491 3881274.615312251 40.0
508003.8644619491 3881274.615312251 40.0
508004.0193715517 3881274.7041667975 40.0
508004.0193715517 3881274.7041667975 40.0
508004.17428114894 3881274.793021348 40.0
508004.17428114894 3881274.793021348 40.0
508004.3383076673 3881274.881883927 40.0
508004.3383076673 3881274.881883927 40.0
508004.51144134364 3881274.981844299 40.0
508004.51144134364 3881274.981844299 40.0
508004.6845847815 3881275.0707149147 40.0
508004.84861128987 3881275.159577504 40.0
508004.84861128987 3881275.159577504 40.0
508004.84861128987 3881275.159577504 40.0
508005.0217449553 3881275.259537883 40.0
508005.0217449553 3881275.259537883 40.0
508005.185771457 3881275.3484004806 40.0
508005.185771457 3881275.3484004806 40.0
508005.34979795775 3881275.4372630804 40.0
508005.34979795775 3881275.4372630804 40.0
508005.5229413765 3881275.5261337087 40.0
508005.5229413765 3881275.5261337087 40.0
508005.6960945608 3881275.6039145826 40.0
508005.6960945608 3881275.6039145826 40.0
508005.8601308188 3881275.681687432 40.0
508005.8601308188 3881275.681687432 40.0
508006.02415730467 3881275.7705500415 40.0
508006.02415730467 3881275.7705500415 40.0
508006.1881935545 3881275.848322896 40.0
508006.1881935545 3881275.848322896 40.0
508006.35222003656 3881275.937185512 40.0
508006.50713935995 3881276.0149503415 40.0
508006.50713935995 3881276.0149503415 40.0
508006.50713935995 3881276.0149503415 40.0
508006.6711756013 3881276.0927232043 40.0
508006.8352020719 3881276.1815858297 40.0
508006.6711756013 3881276.0927232043 40.0
508006.990121387 3881276.259350668 40.0
508006.990121387 3881276.259350668 40.0
508006.990121387 3881276.259350668 40.0
508007.15414785146 3881276.348213299 40.0
508007.31817431503 3881276.437075934 40.0
508007.31817431503 3881276.437075934 40.0
508007.31817431503 3881276.437075934 40.0
508007.4730838529 3881276.52593054 40.0
508007.4730838529 3881276.52593054 40.0
508007.6371103078 3881276.6147931796 40.0
508007.8102536842 3881276.703663855 40.0
508007.8102536842 3881276.703663855 40.0
508007.8102536842 3881276.703663855 40.0
508007.9833872854 3881276.803624292 40.0
508008.1656378072 3881276.903592765 40.0
508008.1656378072 3881276.903592765 40.0
508008.1656378072 3881276.903592765 40.0
508008.35699547717 3881277.0146590336 40.0
508008.35699547717 3881277.0146590336 40.0
508008.5483531402 3881277.125725307 40.0
508008.74882772256 3881277.236799616 40.0
508008.74882772256 3881277.236799616 40.0
508008.9584192217 3881277.347881961 40.0
508008.74882772256 3881277.236799616 40.0
508009.16800094716 3881277.470054073 40.0
508008.9584192217 3881277.347881961 40.0
508009.16800094716 3881277.470054073 40.0
508009.3958165052 3881277.592242254 40.0
508009.3958165052 3881277.592242254 40.0
508009.61451513815 3881277.7144224076 40.0
508009.8423306864 3881277.8366106 40.0
508009.8423306864 3881277.8366106 40.0
508009.8423306864 3881277.8366106 40.0
508010.0701364566 3881277.9698885586 40.0
508010.0701364566 3881277.9698885586 40.0
508010.28883507143 3881278.0920687285 40.0
508010.28883507143 3881278.0920687285 40.0
508010.50753368036 3881278.214248905 40.0
508010.50753368036 3881278.214248905 40.0
508010.72623228346 3881278.3364290856 40.0
508010.93582373316 3881278.4475114783 40.0
508010.72623228346 3881278.3364290856 40.0
508010.93582373316 3881278.4475114783 40.0
508011.14541517774 3881278.558593875 40.0
508011.14541517774 3881278.558593875 40.0
508011.3458896992 3881278.669668241 40.0
508011.3458896992 3881278.669668241 40.0
508011.5463642111 3881278.7807426117 40.0
508011.5463642111 3881278.7807426117 40.0
508011.7377218004 3881278.8918089527 40.0
508011.7377218004 3881278.8918089527 40.0
508011.92907938495 3881279.002875296 40.0
508011.92907938495 3881279.002875296 40.0
508012.12044673704 3881279.102851883 40.0
508012.3026873927 3881279.2139102006 40.0
508012.12044673704 3881279.102851883 40.0
508012.3026873927 3881279.2139102006 40.0
508012.4758306717 3881279.302780964 40.0
508012.65808109654 3881279.4027495286 40.0
508012.4758306717 3881279.302780964 40.0
508012.65808109654 3881279.4027495286 40.0
508012.8312145955 3881279.5027100574 40.0
508012.8312145955 3881279.5027100574 40.0
508013.0043578639 3881279.591580833 40.0
508013.17750113126 3881279.6804516106 40.0
508013.17750113126 3881279.6804516106 40.0
508013.17750113126 3881279.6804516106 40.0
508013.3506346169 3881279.78041215 40.0
508013.52376809873 3881279.880372694 40.0
508013.3506346169 3881279.78041215 40.0
508013.7060185005 3881279.9803412785 40.0
508013.52376809873 3881279.880372694 40.0
508013.87915197463 3881280.080301831 40.0
508013.87915197463 3881280.080301831 40.0
508013.87915197463 3881280.080301831 40.0
508014.0522854473 3881280.180262384 40.0
508014.0522854473 3881280.180262384 40.0
508014.2254286909 3881280.269133182 40.0
508014.2254286909 3881280.269133182 40.0
508014.39857193345 3881280.3580039823 40.0
508014.39857193345 3881280.3580039823 40.0
508014.5625982517 3881280.446866748 40.0
508014.5625982517 3881280.446866748 40.0
508014.73574148526 3881280.5357375545 40.0
508014.73574148526 3881280.5357375545 40.0
508014.89975802146 3881280.6356900884 40.0
508014.89975802146 3881280.6356900884 40.0
508015.06379411026 3881280.7134631025 40.0
508015.06379411026 3881280.7134631025 40.0
508015.22782041796 3881280.8023258797 40.0
508015.22782041796 3881280.8023258797 40.0
508015.382729802 3881280.891180622 40.0
508015.382729802 3881280.891180622 40.0
508015.53764896403 3881280.968945607 40.0
508015.53764896403 3881280.968945607 40.0
508015.6925583399 3881281.057800353 40.0
508015.6925583399 3881281.057800353 40.0
508015.8474677174 3881281.1466551037 40.0
508015.993269951 3881281.224412057 40.0
508015.993269951 3881281.224412057 40.0
508016.15729624045 3881281.3132748515 40.0
508016.15729624045 3881281.3132748515 40.0
508016.15729624045 3881281.3132748515 40.0
508016.3122056067 3881281.402129609 40.0
508016.4762318898 3881281.4909924106 40.0
508016.3122056067 3881281.402129609 40.0
508016.6402581674 3881281.5798552125 40.0
508016.6402581674 3881281.5798552125 40.0
508016.8225182788 3881281.6687340997 40.0
508016.6402581674 3881281.5798552125 40.0
508017.00476860383 3881281.768702753 40.0
508016.8225182788 3881281.6687340997 40.0
508017.00476860383 3881281.768702753 40.0
508017.2052429831 3881281.8797772485 40.0
508017.2052429831 3881281.8797772485 40.0
508017.40571735287 3881281.99085175 40.0
508017.40571735287 3881281.99085175 40.0
508017.6244157726 3881282.113032098 40.0
508017.6244157726 3881282.113032098 40.0
508017.843123968 3881282.2241226896 40.0
508017.843123968 3881282.2241226896 40.0
508018.0618223786 3881282.346303049 40.0
508018.0618223786 3881282.346303049 40.0
508018.2896474796 3881282.457401694 40.0
508018.5083458763 3881282.579582064 40.0
508018.2896474796 3881282.457401694 40.0
508018.5083458763 3881282.579582064 40.0
508018.736170966 3881282.690680721 40.0
508018.9457622177 3881282.801763298 40.0
508018.736170966 3881282.690680721 40.0
508018.9457622177 3881282.801763298 40.0
508019.1644703804 3881282.9128539236 40.0
508019.1644703804 3881282.9128539236 40.0
508019.3649447035 3881283.0239284676 40.0
508019.3649447035 3881283.0239284676 40.0
508019.5654288099 3881283.123913255 40.0
508019.5654288099 3881283.123913255 40.0
508019.9390462555 3881283.3238587156 40.0
508019.9390462555 3881283.3238587156 40.0
508020.1121893842 3881283.412729626 40.0
508020.27622537606 3881283.490502734 40.0
508020.27622537606 3881283.490502734 40.0
508020.27622537606 3881283.490502734 40.0
508020.4311444521 3881283.5682678022 40.0
508020.57694660773 3881283.64602483 40.0
508020.57694660773 3881283.64602483 40.0
508020.57694660773 3881283.64602483 40.0
508020.7227585482 3881283.7126920987 40.0
508020.7227585482 3881283.7126920987 40.0
508020.859453569 3881283.779351326 40.0
508020.859453569 3881283.779351326 40.0
508020.9870218873 3881283.85709227 40.0
508020.9870218873 3881283.85709227 40.0
508021.11459998664 3881283.9237434566 40.0
508021.11459998664 3881283.9237434566 40.0
508021.2421780887 3881283.990394644 40.0
508021.2421780887 3881283.990394644 40.0
508021.3697464008 3881284.068135595 40.0
508021.4973244967 3881284.134786786 40.0
508021.4973244967 3881284.134786786 40.0
508021.4973244967 3881284.134786786 40.0
508021.63400971936 3881284.2125357846 40.0
508021.63400971936 3881284.2125357846 40.0
508021.761578025 3881284.2902767393 40.0
508021.761578025 3881284.2902767393 40.0
508021.8982632455 3881284.3680257425 40.0
508021.8982632455 3881284.3680257425 40.0
508022.1898577192 3881284.5346296057 40.0
508022.1898577192 3881284.5346296057 40.0
508022.3447669741 3881284.623484469 40.0
508022.3447669741 3881284.623484469 40.0
508022.49967622134 3881284.712339332 40.0
508022.49967622134 3881284.712339332 40.0
508022.6545854702 3881284.801194198 40.0
508022.6545854702 3881284.801194198 40.0
508022.8186018426 3881284.901146875 40.0
508022.8186018426 3881284.901146875 40.0
508022.9917449132 3881284.9900178406 40.0
508022.9917449132 3881284.9900178406 40.0
508023.1648781878 3881285.0899785697 40.0
508023.1648781878 3881285.0899785697 40.0
508023.33801146323 3881285.1899393015 40.0
508023.33801146323 3881285.1899393015 40.0
508023.5202616509 3881285.289908084 40.0
508023.7025118299 3881285.389876869 40.0
508023.5202616509 3881285.289908084 40.0
508023.7025118299 3881285.389876869 40.0
508023.8847620072 3881285.489845659 40.0
508023.8847620072 3881285.489845659 40.0
508024.07612909167 3881285.589822501 40.0
508024.2674961742 3881285.6897993456 40.0
508024.2674961742 3881285.6897993456 40.0
508024.2674961742 3881285.6897993456 40.0
508024.458853463 3881285.8008659547 40.0
508024.65022053686 3881285.900842809 40.0
508024.65022053686 3881285.900842809 40.0
508024.8506947272 3881286.0119174747 40.0
508024.8506947272 3881286.0119174747 40.0
508024.8506947272 3881286.0119174747 40.0
508025.0511787076 3881286.1119023864 40.0
508025.24253597565 3881286.222969012 40.0
508025.24253597565 3881286.222969012 40.0
508025.24253597565 3881286.222969012 40.0
508025.443010154 3881286.33404369 40.0
508025.443010154 3881286.33404369 40.0
508025.63437720586 3881286.434020566 40.0
508025.63437720586 3881286.434020566 40.0
508025.8348513748 3881286.5450952533 40.0
508025.8348513748 3881286.5450952533 40.0
508026.0262282071 3881286.6339823757 40.0
508026.0262282071 3881286.6339823757 40.0
508026.208478334 3881286.7339512114 40.0
508026.3907382465 3881286.8228302924 40.0
508026.3907382465 3881286.8228302924 40.0
508026.5638812457 3881286.9117013263 40.0
508026.5638812457 3881286.9117013263 40.0
508026.72790732945 3881287.0005643116 40.0
508026.5638812457 3881286.9117013263 40.0
508026.72790732945 3881287.0005643116 40.0
508026.8828262906 3881287.078329491 40.0
508026.8828262906 3881287.078329491 40.0
508027.0377550372 3881287.1450049127 40.0
508027.17444016965 3881287.2227539946 40.0
508027.17444016965 3881287.2227539946 40.0
508027.31113509287 3881287.289413319 40.0
508027.31113509287 3881287.289413319 40.0
508027.43871309777 3881287.356064595 40.0
508027.43871309777 3881287.356064595 40.0
508027.6938691066 3881287.489367151 40.0
508027.6938691066 3881287.489367151 40.0
508027.6938691066 3881287.489367151 40.0
508027.79410616984 3881287.544904517 40.0
508027.79410616984 3881287.544904517 40.0
508027.90346993465 3881287.5893601757 40.0
508027.90346993465 3881287.5893601757 40.0
508028.00369719695 3881287.655987305 40.0
508028.11305116775 3881287.7115327264 40.0
508028.11305116775 3881287.7115327264 40.0
508028.23151225195 3881287.7781759617 40.0
508028.23151225195 3881287.7781759617 40.0
508028.34997333447 3881287.8448191974 40.0
508028.34997333447 3881287.8448191974 40.0
508028.34997333447 3881287.8448191974 40.0
508028.4684344152 3881287.9114624364 40.0
508028.59601240524 3881287.9781137276 40.0
508028.59601240524 3881287.9781137276 40.0
508028.59601240524 3881287.9781137276 40.0
508028.73270730436 3881288.044773073 40.0
508028.860275498 3881288.122514128 40.0
508028.860275498 3881288.122514128 40.0
508028.860275498 3881288.122514128 40.0
508028.996970393 3881288.1891734786 40.0
508029.13365549076 3881288.2669225903 40.0
508029.13365549076 3881288.2669225903 40.0
508029.26122367557 3881288.344663653 40.0
508029.26122367557 3881288.344663653 40.0
508029.26122367557 3881288.344663653 40.0
508029.3979185643 3881288.4113230077 40.0
508029.67129854456 3881288.555731486 40.0
508029.67129854456 3881288.555731486 40.0
508029.80798363104 3881288.633480608 40.0
508029.80798363104 3881288.633480608 40.0
508029.80798363104 3881288.633480608 40.0
508029.9537856255 3881288.711237787 40.0
508030.0904707073 3881288.7889869134 40.0
508030.0904707073 3881288.7889869134 40.0
508030.23627269914 3881288.866744097 40.0
508030.23627269914 3881288.866744097 40.0
508030.23627269914 3881288.866744097 40.0
508030.38207468623 3881288.9445012813 40.0
508030.38207468623 3881288.9445012813 40.0
508030.5369837838 3881289.0333562824 40.0
508030.70100978826 3881289.1222193413 40.0
508030.70100978826 3881289.1222193413 40.0
508030.8650357918 3881289.211082403 40.0
508030.8650357918 3881289.211082403 40.0
508031.0472956116 3881289.299961577 40.0
508031.0472956116 3881289.299961577 40.0
508031.0472956116 3881289.299961577 40.0
508031.2204287181 3881289.399922461 40.0
508031.4026787326 3881289.499891402 40.0
508031.4026787326 3881289.499891402 40.0
508031.4026787326 3881289.499891402 40.0
508031.5940456525 3881289.599868402 40.0
508031.7854125682 3881289.6998454067 40.0
508031.5940456525 3881289.599868402 40.0
508031.7854125682 3881289.6998454067 40.0
508031.9858963889 3881289.7998304702 40.0
508031.9858963889 3881289.7998304702 40.0
508032.3595132878 3881289.999776445 40.0
508032.5599872961 3881290.1108512813 40.0
508032.5599872961 3881290.1108512813 40.0
508032.75135418813 3881290.210828306 40.0
508032.5599872961 3881290.1108512813 40.0
508032.9427210806 3881290.3108053347 40.0
508032.9427210806 3881290.3108053347 40.0
508032.9427210806 3881290.3108053347 40.0
508033.1249808558 3881290.3996845516 40.0
508033.1249808558 3881290.3996845516 40.0
508033.31634773785 3881290.4996615895 40.0
508033.31634773785 3881290.4996615895 40.0
508033.49860750564 3881290.5885408116 40.0
508033.49860750564 3881290.5885408116 40.0
508033.68086727447 3881290.677420039 40.0
508033.68086727447 3881290.677420039 40.0
508033.85401012684 3881290.7662912114 40.0
508033.85401012684 3881290.7662912114 40.0
508034.0271627771 3881290.8440726274 40.0
508034.0271627771 3881290.8440726274 40.0
508034.2094225356 3881290.9329518653 40.0
508034.2094225356 3881290.9329518653 40.0
508034.37345826934 3881291.01072523 40.0
508034.37345826934 3881291.01072523 40.0
508034.54660111095 3881291.099596417 40.0
508034.71975375124 3881291.177377846 40.0
508034.71975375124 3881291.177377846 40.0
508034.71975375124 3881291.177377846 40.0
508034.8929063863 3881291.25515928 40.0
508034.8929063863 3881291.25515928 40.0
508035.24831875466 3881291.4218199733 40.0
508035.24831875466 3881291.4218199733 40.0
508035.42147138284 3881291.4996014168 40.0
508035.42147138284 3881291.4996014168 40.0
508035.59461420495 3881291.588472623 40.0
508035.59461420495 3881291.588472623 40.0
508035.7677668247 3881291.6662540725 40.0
508035.7677668247 3881291.6662540725 40.0
508035.9409194438 3881291.744035525 40.0
508035.9409194438 3881291.744035525 40.0
508036.1140622562 3881291.832906741 40.0
508036.1140622562 3881291.832906741 40.0
508036.28720506286 3881291.921777962 40.0
508036.28720506286 3881291.921777962 40.0
508036.4512407657 3881291.999551363 40.0
508036.61527646566 3881292.0773247695 40.0
508036.4512407657 3881291.999551363 40.0
508036.7793023583 3881292.1661879383 40.0
508036.61527646566 3881292.0773247695 40.0
508036.7793023583 3881292.1661879383 40.0
508036.95245495695 3881292.2439694097 40.0
508036.95245495695 3881292.2439694097 40.0
508037.10737373924 3881292.321734765 40.0
508037.10737373924 3881292.321734765 40.0
508037.27139962267 3881292.410597942 40.0
508037.27139962267 3881292.410597942 40.0
508037.42631839943 3881292.4883633014 40.0
508037.59035408 3881292.566136725 40.0
508037.59035408 3881292.566136725 40.0
508037.9001818165 3881292.732757219 40.0
508037.9001818165 3881292.732757219 40.0
508038.05510058475 3881292.810522588 40.0
508038.05510058475 3881292.810522588 40.0
508038.21000954165 3881292.899377721 40.0
508038.21000954165 3881292.899377721 40.0
508038.3649283044 3881292.9771430977 40.0
508038.3649283044 3881292.9771430977 40.0
508038.5198372555 3881293.065998236 40.0
508038.5198372555 3881293.065998236 40.0
508038.67474620586 3881293.154853377 40.0
508038.67474620586 3881293.154853377 40.0
508038.82965515315 3881293.243708521 40.0
508038.82965515315 3881293.243708521 40.0
508038.9845640928 3881293.332563669 40.0
508038.9845640928 3881293.332563669 40.0
508038.9845640928 3881293.332563669 40.0
508039.1394730341 3881293.421418817 40.0
508039.1394730341 3881293.421418817 40.0
508039.29437216243 3881293.5213637296 40.0
508039.29437216243 3881293.5213637296 40.0
508039.458388195 3881293.621316708 40.0
508039.458388195 3881293.621316708 40.0
508039.62241403206 3881293.710179928 40.0
508039.7955469605 3881293.8101409758 40.0
508039.7955469605 3881293.8101409758 40.0
508039.9686798875 3881293.9101020265 40.0
508039.9686798875 3881293.9101020265 40.0
508039.9686798875 3881293.9101020265 40.0
508040.1418226193 3881293.9989733207 40.0
508040.1418226193 3881293.9989733207 40.0
508040.4880884524 3881294.198895438 40.0
508040.6703382667 3881294.2988645663 40.0
508040.6703382667 3881294.2988645663 40.0
508040.6703382667 3881294.2988645663 40.0
508040.84347117477 3881294.3988256347 40.0
508041.02572098357 3881294.4987947703 40.0
508041.02572098357 3881294.4987947703 40.0
508041.02572098357 3881294.4987947703 40.0
508041.1988636916 3881294.587666085 40.0
508041.1988636916 3881294.587666085 40.0
508041.3811134927 3881294.687635226 40.0
508041.5633730979 3881294.7765146126 40.0
508041.5633730979 3881294.7765146126 40.0
508041.5633730979 3881294.7765146126 40.0
508041.73650598706 3881294.8764756983 40.0
508041.91875577415 3881294.9764448516 40.0
508041.73650598706 3881294.8764756983 40.0
508041.91875577415 3881294.9764448516 40.0
508042.0918886556 3881295.076405943 40.0
508042.0918886556 3881295.076405943 40.0
508042.27413843945 3881295.176375103 40.0
508042.27413843945 3881295.176375103 40.0
508042.44727130857 3881295.2763362024 40.0
508042.44727130857 3881295.2763362024 40.0
508042.6295210845 3881295.37630537 40.0
508042.6295210845 3881295.37630537 40.0
508042.8117708517 3881295.476274541 40.0
508042.99402061733 3881295.5762437154 40.0
508042.99402061733 3881295.5762437154 40.0
508042.99402061733 3881295.5762437154 40.0
508043.34940323094 3881295.776174011 40.0
508043.5316529823 3881295.8761431966 40.0
508043.5316529823 3881295.8761431966 40.0
508043.5316529823 3881295.8761431966 40.0
508043.70478582894 3881295.97610432 40.0
508043.88703557244 3881296.0760735134 40.0
508043.88703557244 3881296.0760735134 40.0
508043.88703557244 3881296.0760735134 40.0
508044.07840221934 3881296.176050778 40.0
508044.2606519547 3881296.2760199783 40.0
508044.2606519547 3881296.2760199783 40.0
508044.2606519547 3881296.2760199783 40.0
508044.452018591 3881296.3759972504 40.0
508044.452018591 3881296.3759972504 40.0
508044.6433852231 3881296.475974528 40.0
508044.6433852231 3881296.475974528 40.0
508044.83475184866 3881296.5759518086 40.0
508045.03522556234 3881296.6870269217 40.0
508045.03522556234 3881296.6870269217 40.0
508045.2357090814 3881296.7870122814 40.0
508045.2357090814 3881296.7870122814 40.0
508045.43619259837 3881296.8869976415 40.0
508045.43619259837 3881296.8869976415 40.0
508045.64578319754 3881296.998080838 40.0
508045.64578319754 3881296.998080838 40.0
508045.8462568897 3881297.1091559706 40.0
508045.8462568897 3881297.1091559706 40.0
508045.8462568897 3881297.1091559706 40.0
508046.05584747874 3881297.220239177 40.0
508046.05584747874 3881297.220239177 40.0
508046.4659117399 3881297.4423975344 40.0
508046.4659117399 3881297.4423975344 40.0
508046.6846192152 3881297.553488824 40.0
508046.6846192152 3881297.553488824 40.0
508046.8942097814 3881297.66457205 40.0
508047.11292706337 3881297.76457359 40.0
508046.8942097814 3881297.66457205 40.0
508047.11292706337 3881297.76457359 40.0
508047.32251762185 3881297.875656824 40.0
508047.32251762185 3881297.875656824 40.0
508047.5321081776 3881297.986740066 40.0
508047.5321081776 3881297.986740066 40.0
508047.74170854385 3881298.0867335503 40.0
508047.94218218414 3881298.19780873 40.0
508047.94218218414 3881298.19780873 40.0
508047.94218218414 3881298.19780873 40.0
508048.13354873966 3881298.297786079 40.0
508048.3249251096 3881298.3866736726 40.0
508048.3249251096 3881298.3866736726 40.0
508048.51629165694 3881298.4866510318 40.0
508048.51629165694 3881298.4866510318 40.0
508048.6985511188 3881298.5755305616 40.0
508048.6985511188 3881298.5755305616 40.0
508048.8625865957 3881298.6533041894 40.0
508048.8625865957 3881298.6533041894 40.0
508049.03572914825 3881298.7421756536 40.0
508049.03572914825 3881298.7421756536 40.0
508049.03572914825 3881298.7421756536 40.0
508049.1906477168 3881298.8199412143 40.0
508049.1906477168 3881298.8199412143 40.0
508049.50048484834 3881298.9754723446 40.0
508049.50048484834 3881298.9754723446 40.0
508049.6280625294 3881299.0421239324 40.0
508049.6280625294 3881299.0421239324 40.0
508049.755650029 3881299.097685762 40.0
508049.755650029 3881299.097685762 40.0
508049.8832277088 3881299.164337354 40.0
508049.8832277088 3881299.164337354 40.0
508049.99258140323 3881299.219883041 40.0
508049.99258140323 3881299.219883041 40.0
508050.11105199845 3881299.2754368023 40.0
508050.2204056948 3881299.330982491 40.0
508050.2204056948 3881299.330982491 40.0
508050.2204056948 3881299.330982491 40.0
508050.32065230905 3881299.3754303465 40.0
508050.41177219915 3881299.4309598887 40.0
508050.32065230905 3881299.3754303465 40.0
508050.41177219915 3881299.4309598887 40.0
508050.5029019118 3881299.475399673 40.0
508050.5029019118 3881299.475399673 40.0
508050.5849147241 3881299.5198313827 40.0
508050.66693735716 3881299.553173333 40.0
508050.5849147241 3881299.5198313827 40.0
508050.7398430902 3881299.5865072096 40.0
508050.7398430902 3881299.5865072096 40.0
508050.80363192095 3881299.619833013 40.0
508050.7398430902 3881299.5865072096 40.0
508050.80363192095 3881299.619833013 40.0
508050.8583038519 3881299.6531507415 40.0
508050.8583038519 3881299.6531507415 40.0
508050.98589133547 3881299.7087125885 40.0
508050.98589133547 3881299.7087125885 40.0
508051.022349113 3881299.719834647 40.0
508051.022349113 3881299.719834647 40.0
508051.04968999117 3881299.7309486326 40.0
508051.0770308646 3881299.7420626185 40.0
508051.0770308646 3881299.7420626185 40.0
508051.10437174264 3881299.753176602 40.0
508051.10437174264 3881299.753176602 40.0
508051.10437174264 3881299.753176602 40.0
508051.12259571906 3881299.7642825125 40.0
508051.12259571906 3881299.7642825125 40.0
508051.14082951756 3881299.7642986616 40.0
508051.14993659465 3881299.7753964975 40.0
508051.14082951756 3881299.7642986616 40.0
508051.14993659465 3881299.7753964975 40.0
508051.1590534939 3881299.7754045725 40.0
508051.1590534939 3881299.7754045725 40.0
508051.1590534939 3881299.7754045725 40.0
508051.1590534939 3881299.7754045725 40.0
508051.159063316 3881299.764314811 40.0
508051.159063316 3881299.764314811 40.0
508051.1499464168 3881299.7643067366 40.0
508051.1499464168 3881299.7643067366 40.0
508051.5407256196 3881301.173053562 40.0
508051.5498425175 3881301.173061637 40.0
508051.5407256196 3881301.173053562 40.0
508051.5498425175 3881301.173061637 40.0
508051.5498425175 3881301.173061637 40.0
508051.5316185444 3881301.161955727 40.0
508051.5316185444 3881301.161955727 40.0
508051.5316185444 3881301.161955727 40.0
508051.513394569 3881301.1508498155 40.0
508051.513394569 3881301.1508498155 40.0
508051.4951607756 3881301.150833665 40.0
508051.4769368001 3881301.139727754 40.0
508051.4951607756 3881301.150833665 40.0
508051.4769368001 3881301.139727754 40.0
508051.46781990223 3881301.139719679 40.0
508051.46781990223 3881301.139719679 40.0
508051.4587030044 3881301.139711604 40.0
508051.44959592907 3881301.1286137677 40.0
508051.44959592907 3881301.1286137677 40.0
508051.4404790312 3881301.1286056926 40.0
508051.4404790312 3881301.1286056926 40.0
508051.4404790312 3881301.1286056926 40.0
508051.43136213097 3881301.1285976176 40.0
508051.4222452354 3881301.1285895426 40.0
508051.4222452354 3881301.1285895426 40.0
508051.4222452354 3881301.1285895426 40.0
508051.4222452354 3881301.1285895426 40.0
508051.4222550579 3881301.1174997822 40.0
508051.4222550579 3881301.1174997822 40.0
508051.41312833753 3881301.1285814676 40.0
508051.41312833753 3881301.1285814676 40.0
508051.41312833753 3881301.1285814676 40.0
508051.41312833753 3881301.1285814676 40.0
508051.41312833753 3881301.1285814676 40.0
508051.41312833753 3881301.1285814676 40.0
