166021.4431793313 0.0 40.0
507998.28039941913 3881290.091714613 40.0
507998.28039941913 3881290.091714613 40.0
507998.28039941913 3881290.091714613 40.0
507998.2803896615 3881290.102804373 40.0
507998.2803896615 3881290.102804373 40.0
507998.2803896615 3881290.102804373 40.0
507998.2803896615 3881290.102804373 40.0
507998.2803896615 3881290.102804373 40.0
507998.27127275267 3881290.102796351 40.0
507998.27127275267 3881290.102796351 40.0
507998.27127275267 3881290.102796351 40.0
507998.271262995 3881290.1138861123 40.0
507998.271262995 3881290.1138861123 40.0
507998.271262995 3881290.1138861123 40.0
507998.271262995 3881290.1138861123 40.0
507998.271262995 3881290.1138861123 40.0
507998.271262995 3881290.1138861123 40.0
507998.271262995 3881290.1138861123 40.0
507998.27127275267 3881290.102796351 40.0
507998.27127275267 3881290.102796351 40.0
507998.27127275267 3881290.102796351 40.0
507998.27127275267 3881290.102796351 40.0
507998.27128251025 3881290.091706591 40.0
507998.27128251025 3881290.091706591 40.0
507998.27128251025 3881290.091706591 40.0
507998.27128251025 3881290.091706591 40.0
507998.28039941913 3881290.091714613 40.0
507998.28039941913 3881290.091714613 40.0
507998.28039941913 3881290.091714613 40.0
507998.28039941913 3881290.091714613 40.0
507998.28039941913 3881290.091714613 40.0
507998.28039941913 3881290.091714613 40.0
507998.28039941913 3881290.091714613 40.0
507998.28039941913 3881290.091714613 40.0
507998.2803896615 3881290.102804373 40.0
507998.2803896615 3881290.102804373 40.0
507998.2803896615 3881290.102804373 40.0
507998.2803896615 3881290.102804373 40.0
507998.2803896615 3881290.102804373 40.0
507998.2803896615 3881290.102804373 40.0
507998.28037990385 3881290.113894134 40.0
507998.28037990385 3881290.113894134 40.0
507998.28037990385 3881290.113894134 40.0
507998.28037990385 3881290.113894134 40.0
507998.28037990385 3881290.113894134 40.0
507998.28037990385 3881290.113894134 40.0
507998.28037990385 3881290.113894134 40.0
507998.28037990385 3881290.113894134 40.0
507998.28037990385 3881290.113894134 40.0
507998.28037990385 3881290.113894134 40.0
507998.28037990385 3881290.113894134 40.0
507998.28037990385 3881290.113894134 40.0
507998.28037990385 3881290.113894134 40.0
507998.28037990385 3881290.113894134 40.0
507998.28037990385 3881290.113894134 40.0
507998.28037990385 3881290.113894134 40.0
507998.28037990385 3881290.113894134 40.0
507998.28037990385 3881290.113894134 40.0
507998.28037990385 3881290.113894134 40.0
507998.28037990385 3881290.113894134 40.0
507998.28037990385 3881290.113894134 40.0
507998.28037990385 3881290.113894134 40.0
507998.28037990385 3881290.113894134 40.0
507998.28037990385 3881290.113894134 40.0
507998.28037990385 3881290.113894134 40.0
507998.28037990385 3881290.113894134 40.0
507998.28037990385 3881290.113894134 40.0
507998.28037990385 3881290.113894134 40.0
507998.28037990385 3881290.113894134 40.0
507998.28037990385 3881290.113894134 40.0
507998.28037990385 3881290.113894134 40.0
507998.271262995 3881290.1138861123 40.0
507998.28037990385 3881290.113894134 40.0
507998.271262995 3881290.1138861123 40.0
507998.28037990385 3881290.113894134 40.0
507998.28037990385 3881290.113894134 40.0
507998.28037990385 3881290.113894134 40.0
507998.28037990385 3881290.113894134 40.0
507998.26215584384 3881290.1027883296 40.0
507998.2439317837 3881290.0916825263 40.0
507998.2439317837 3881290.0916825263 40.0
507998.2439317837 3881290.0916825263 40.0
507998.2439415413 3881290.080592765 40.0
507998.2348246301 3881290.080584743 40.0
507998.2439415413 3881290.080592765 40.0
507998.2348246301 3881290.080584743 40.0
507998.2348246301 3881290.080584743 40.0
507998.2348246301 3881290.080584743 40.0
507998.2348246301 3881290.080584743 40.0
507998.2348246301 3881290.080584743 40.0
507998.2348246301 3881290.080584743 40.0
507998.23481487256 3881290.0916745043 40.0
507998.23481487256 3881290.0916745043 40.0
507998.2439317837 3881290.0916825263 40.0
507998.2439317837 3881290.0916825263 40.0
507998.2439317837 3881290.0916825263 40.0
507998.2439317837 3881290.0916825263 40.0
507998.2439317837 3881290.0916825263 40.0
507998.2439317837 3881290.0916825263 40.0
507998.2439317837 3881290.0916825263 40.0
507998.2439317837 3881290.0916825263 40.0
507998.2439317837 3881290.0916825263 40.0
507998.2439317837 3881290.0916825263 40.0
507998.2439317837 3881290.0916825263 40.0
507998.2439317837 3881290.0916825263 40.0
507998.2439317837 3881290.0916825263 40.0
507998.2439317837 3881290.0916825263 40.0
507998.2439317837 3881290.0916825263 40.0
507998.2439317837 3881290.0916825263 40.0
507998.2439317837 3881290.0916825263 40.0
507998.2439317837 3881290.0916825263 40.0
507998.2439317837 3881290.0916825263 40.0
507998.2439317837 3881290.0916825263 40.0
507998.2439317837 3881290.0916825263 40.0
507998.2439317837 3881290.0916825263 40.0
507998.2439317837 3881290.0916825263 40.0
507998.2439317837 3881290.0916825263 40.0
507998.2439317837 3881290.0916825263 40.0
507998.2439317837 3881290.0916825263 40.0
507998.2439317837 3881290.0916825263 40.0
507998.25304869254 3881290.091690548 40.0
507998.25304869254 3881290.091690548 40.0
507998.25304869254 3881290.091690548 40.0
507998.25304869254 3881290.091690548 40.0
507998.25304869254 3881290.091690548 40.0
507998.25304869254 3881290.091690548 40.0
507998.2439317837 3881290.0916825263 40.0
507998.2439317837 3881290.0916825263 40.0
507998.2439317837 3881290.0916825263 40.0
507998.2439317837 3881290.0916825263 40.0
507998.2439317837 3881290.0916825263 40.0
507998.2439317837 3881290.0916825263 40.0
507998.2439317837 3881290.0916825263 40.0
507998.24392202613 3881290.102772286 40.0
507998.24392202613 3881290.102772286 40.0
507998.24392202613 3881290.102772286 40.0
507998.24392202613 3881290.102772286 40.0
507998.24392202613 3881290.102772286 40.0
507998.24392202613 3881290.102772286 40.0
507998.24392202613 3881290.102772286 40.0
507998.24392202613 3881290.102772286 40.0
507998.24392202613 3881290.102772286 40.0
507998.24392202613 3881290.102772286 40.0
507998.24392202613 3881290.102772286 40.0
507998.25304869254 3881290.091690548 40.0
507998.25304869254 3881290.091690548 40.0
507998.25304869254 3881290.091690548 40.0
507998.25304869254 3881290.091690548 40.0
507998.25304869254 3881290.091690548 40.0
507998.25304869254 3881290.091690548 40.0
507998.25304869254 3881290.091690548 40.0
507998.25304869254 3881290.091690548 40.0
507998.25304869254 3881290.091690548 40.0
507998.25304869254 3881290.091690548 40.0
507998.25304869254 3881290.091690548 40.0
507998.25304869254 3881290.091690548 40.0
507998.25304869254 3881290.091690548 40.0
507998.25304869254 3881290.091690548 40.0
507998.25303893496 3881290.1027803076 40.0
507998.25303893496 3881290.1027803076 40.0
507998.25303893496 3881290.1027803076 40.0
507998.25303893496 3881290.1027803076 40.0
507998.25303893496 3881290.1027803076 40.0
507998.25303893496 3881290.1027803076 40.0
507998.25303893496 3881290.1027803076 40.0
507998.25303893496 3881290.1027803076 40.0
507998.25303893496 3881290.1027803076 40.0
507998.25303893496 3881290.1027803076 40.0
507998.25303893496 3881290.1027803076 40.0
507998.25303893496 3881290.1027803076 40.0
507998.25303893496 3881290.1027803076 40.0
507998.25303893496 3881290.1027803076 40.0
507998.25303893496 3881290.1027803076 40.0
507998.25303893496 3881290.1027803076 40.0
507998.25304869254 3881290.091690548 40.0
507998.25304869254 3881290.091690548 40.0
507998.25304869254 3881290.091690548 40.0
507998.25304869254 3881290.091690548 40.0
507998.25304869254 3881290.091690548 40.0
507998.2621656014 3881290.0916985697 40.0
507998.2621656014 3881290.0916985697 40.0
507998.2621656014 3881290.0916985697 40.0
507998.2621656014 3881290.0916985697 40.0
507998.2621656014 3881290.0916985697 40.0
507998.2621656014 3881290.0916985697 40.0
507998.2621656014 3881290.0916985697 40.0
507998.2621656014 3881290.0916985697 40.0
507998.2621656014 3881290.0916985697 40.0
507998.2621656014 3881290.0916985697 40.0
507998.2621656014 3881290.0916985697 40.0
507998.26215584384 3881290.1027883296 40.0
507998.26215584384 3881290.1027883296 40.0
507998.25303893496 3881290.1027803076 40.0
507998.25303893496 3881290.1027803076 40.0
507998.25303893496 3881290.1027803076 40.0
507998.26215584384 3881290.1027883296 40.0
507998.25303893496 3881290.1027803076 40.0
507998.26215584384 3881290.1027883296 40.0
507998.26215584384 3881290.1027883296 40.0
507998.26215584384 3881290.1027883296 40.0
507998.26215584384 3881290.1027883296 40.0
507998.26215584384 3881290.1027883296 40.0
507998.26215584384 3881290.1027883296 40.0
507998.26215584384 3881290.1027883296 40.0
507998.26215584384 3881290.1027883296 40.0
507998.26215584384 3881290.1027883296 40.0
507998.26215584384 3881290.1027883296 40.0
507998.26215584384 3881290.1027883296 40.0
507998.26215584384 3881290.1027883296 40.0
507998.26215584384 3881290.1027883296 40.0
507998.26215584384 3881290.1027883296 40.0
507998.26215584384 3881290.1027883296 40.0
507998.26215584384 3881290.1027883296 40.0
507998.26215584384 3881290.1027883296 40.0
507998.26215584384 3881290.1027883296 40.0
507998.26215584384 3881290.1027883296 40.0
507998.26215584384 3881290.1027883296 40.0
507998.25303893496 3881290.1027803076 40.0
507998.25303893496 3881290.1027803076 40.0
507998.25303893496 3881290.1027803076 40.0
507998.25303893496 3881290.1027803076 40.0
507998.25303893496 3881290.1027803076 40.0
507998.25303893496 3881290.1027803076 40.0
507998.25303893496 3881290.1027803076 40.0
507998.25303893496 3881290.1027803076 40.0
507998.25303893496 3881290.1027803076 40.0
507998.25303893496 3881290.1027803076 40.0
507998.25303893496 3881290.1027803076 40.0
507998.25303893496 3881290.1027803076 40.0
507998.25303893496 3881290.1027803076 40.0
507998.25303893496 3881290.1027803076 40.0
507998.25303893496 3881290.1027803076 40.0
507998.25303893496 3881290.1027803076 40.0
507998.25303893496 3881290.1027803076 40.0
507998.26215584384 3881290.1027883296 40.0
507998.26215584384 3881290.1027883296 40.0
507998.26215584384 3881290.1027883296 40.0
507998.26215584384 3881290.1027883296 40.0
507998.26215584384 3881290.1027883296 40.0
507998.26215584384 3881290.1027883296 40.0
507998.27127275267 3881290.102796351 40.0
507998.27127275267 3881290.102796351 40.0
507998.27127275267 3881290.102796351 40.0
507998.27128251025 3881290.091706591 40.0
507998.27128251025 3881290.091706591 40.0
507998.27128251025 3881290.091706591 40.0
507998.27128251025 3881290.091706591 40.0
507998.27128251025 3881290.091706591 40.0
507998.27128251025 3881290.091706591 40.0
507998.27128251025 3881290.091706591 40.0
507998.27128251025 3881290.091706591 40.0
507998.27128251025 3881290.091706591 40.0
507998.27128251025 3881290.091706591 40.0
507998.26215584384 3881290.1027883296 40.0
507998.26215584384 3881290.1027883296 40.0
507998.26215584384 3881290.1027883296 40.0
507998.26215584384 3881290.1027883296 40.0
507998.26215584384 3881290.1027883296 40.0
507998.26215584384 3881290.1027883296 40.0
507998.26215584384 3881290.1027883296 40.0
507998.26215584384 3881290.1027883296 40.0
507998.26215584384 3881290.1027883296 40.0
507998.26215584384 3881290.1027883296 40.0
507998.26215584384 3881290.1027883296 40.0
507998.26215584384 3881290.1027883296 40.0
507998.26215584384 3881290.1027883296 40.0
507998.26215584384 3881290.1027883296 40.0
507998.26215584384 3881290.1027883296 40.0
507998.26215584384 3881290.1027883296 40.0
507998.26215584384 3881290.1027883296 40.0
507998.27127275267 3881290.102796351 40.0
507998.27127275267 3881290.102796351 40.0
507998.27127275267 3881290.102796351 40.0
507998.27127275267 3881290.102796351 40.0
507998.27127275267 3881290.102796351 40.0
507998.27127275267 3881290.102796351 40.0
507998.2803896615 3881290.102804373 40.0
507998.2803896615 3881290.102804373 40.0
507998.2803896615 3881290.102804373 40.0
507998.2803896615 3881290.102804373 40.0
507998.2803896615 3881290.102804373 40.0
507998.2803896615 3881290.102804373 40.0
507998.2803896615 3881290.102804373 40.0
507998.2803896615 3881290.102804373 40.0
507998.2803896615 3881290.102804373 40.0
507998.2803896615 3881290.102804373 40.0
507998.2803896615 3881290.102804373 40.0
507998.27127275267 3881290.102796351 40.0
507998.27127275267 3881290.102796351 40.0
507998.27127275267 3881290.102796351 40.0
507998.27127275267 3881290.102796351 40.0
507998.27127275267 3881290.102796351 40.0
507998.271262995 3881290.1138861123 40.0
507998.271262995 3881290.1138861123 40.0
507998.271262995 3881290.1138861123 40.0
507998.271262995 3881290.1138861123 40.0
507998.271262995 3881290.1138861123 40.0
507998.271262995 3881290.1138861123 40.0
507998.28037990385 3881290.113894134 40.0
507998.28037990385 3881290.113894134 40.0
507998.28037014627 3881290.1249838932 40.0
507998.28037014627 3881290.1249838932 40.0
507998.30770135974 3881290.14718748 40.0
507998.30770135974 3881290.14718748 40.0
507998.3441494795 3881290.1693990882 40.0
507998.3714806927 3881290.191602675 40.0
507998.3714806927 3881290.191602675 40.0
507998.3714806927 3881290.191602675 40.0
507998.4079288098 3881290.2138142823 40.0
507998.4079288098 3881290.2138142823 40.0
507998.4534840823 3881290.2471236736 40.0
507998.48993220134 3881290.269335283 40.0
507998.48993220134 3881290.269335283 40.0
507998.5263803225 3881290.2915468905 40.0
507998.48993220134 3881290.269335283 40.0
507998.5263803225 3881290.2915468905 40.0
507998.56282844115 3881290.3137585004 40.0
507998.56282844115 3881290.3137585004 40.0
507998.599276562 3881290.3359701093 40.0
507998.599276562 3881290.3359701093 40.0
507998.6266077694 3881290.3581736963 40.0
507998.6266077694 3881290.3581736963 40.0
507998.6539487394 3881290.3692875225 40.0
507998.6539487394 3881290.3692875225 40.0
507998.6721727985 3881290.380393327 40.0
507998.6812799489 3881290.39149111 40.0
507998.6812799489 3881290.39149111 40.0
507998.6812799489 3881290.39149111 40.0
507998.6995040079 3881290.402596915 40.0
507998.6995040079 3881290.402596915 40.0
507998.7086111583 3881290.4136946965 40.0
507998.7086111583 3881290.4136946965 40.0
507998.7268254613 3881290.435890262 40.0
507998.7268254613 3881290.435890262 40.0
507998.7541664263 3881290.44700409 40.0
507998.7541664263 3881290.44700409 40.0
507998.7814976377 3881290.4692076785 40.0
507998.7814976377 3881290.4692076785 40.0
507998.80883860716 3881290.4803215046 40.0
507998.80883860716 3881290.4803215046 40.0
507998.8817445998 3881290.5136549645 40.0
507998.8817445998 3881290.5136549645 40.0
507998.9455336858 3881290.5469804024 40.0
507998.9455336858 3881290.5469804024 40.0
507999.0184299189 3881290.591403624 40.0
507999.0913359122 3881290.6247370853 40.0
507999.0184299189 3881290.591403624 40.0
507999.0913359122 3881290.6247370853 40.0
507999.17334905453 3881290.6691683307 40.0
507999.17334905453 3881290.6691683307 40.0
507999.25536219607 3881290.7135995766 40.0
507999.25536219607 3881290.7135995766 40.0
507999.3373753368 3881290.758030823 40.0
507999.3373753368 3881290.758030823 40.0
507999.41939823347 3881290.7913723094 40.0
507999.41939823347 3881290.7913723094 40.0
507999.5105282808 3881290.835811581 40.0
507999.5105282808 3881290.835811581 40.0
507999.6016583273 3881290.8802508535 40.0
507999.6016583273 3881290.8802508535 40.0
507999.71102218656 3881290.9247061713 40.0
507999.71102218656 3881290.9247061713 40.0
507999.90239918506 3881291.013592744 40.0
508000.0117532816 3881291.069137828 40.0
508000.0117532816 3881291.069137828 40.0
508000.0117532816 3881291.069137828 40.0
508000.12110738136 3881291.124682913 40.0
508000.12110738136 3881291.124682913 40.0
508000.2304517152 3881291.1913177595 40.0
508000.2304517152 3881291.1913177595 40.0
508000.33069866226 3881291.2357650623 40.0
508000.44005275576 3881291.29131015 40.0
508000.44005275576 3881291.29131015 40.0
508000.54029970075 3881291.335757456 40.0
508000.54029970075 3881291.335757456 40.0
508000.54029970075 3881291.335757456 40.0
508000.6405466471 3881291.380204763 40.0
508000.6405466471 3881291.380204763 40.0
508000.74990073463 3881291.4357498544 40.0
508000.74990073463 3881291.4357498544 40.0
508000.8592645863 3881291.4802051885 40.0
508000.8592645863 3881291.4802051885 40.0
508000.9777355787 3881291.535758308 40.0
508000.9777355787 3881291.535758308 40.0
508001.0962065721 3881291.5913114278 40.0
508001.22379447357 3881291.646872576 40.0
508001.0962065721 3881291.5913114278 40.0
508001.22379447357 3881291.646872576 40.0
508001.3604992784 3881291.7024417487 40.0
508001.3604992784 3881291.7024417487 40.0
508001.4880871744 3881291.758002901 40.0
508001.4880871744 3881291.758002901 40.0
508001.6247822143 3881291.824661839 40.0
508001.6247822143 3881291.824661839 40.0
508001.7614772522 3881291.8913207795 40.0
508001.7614772522 3881291.8913207795 40.0
508001.8981820501 3881291.946889962 40.0
508002.034886851 3881292.0024591456 40.0
508001.8981820501 3881291.946889962 40.0
508002.034886851 3881292.0024591456 40.0
508002.1715818832 3881292.0691180923 40.0
508002.3173938202 3881292.1357850656 40.0
508002.3173938202 3881292.1357850656 40.0
508002.4540888484 3881292.2024440165 40.0
508002.4540888484 3881292.2024440165 40.0
508002.6090176902 3881292.269119022 40.0
508002.6090176902 3881292.269119022 40.0
508002.7639465274 3881292.335794029 40.0
508002.7639465274 3881292.335794029 40.0
508002.91887536464 3881292.4024690404 40.0
508002.91887536464 3881292.4024690404 40.0
508002.91887536464 3881292.4024690404 40.0
508003.06469705433 3881292.4580462654 40.0
508003.2105089786 3881292.524713255 40.0
508003.2105089786 3881292.524713255 40.0
508003.35633066687 3881292.5802904847 40.0
508003.35633066687 3881292.5802904847 40.0
508003.4839185384 3881292.6358516654 40.0
508003.4839185384 3881292.6358516654 40.0
508003.4839185384 3881292.6358516654 40.0
508003.6115064084 3881292.6914128447 40.0
508003.6115064084 3881292.6914128447 40.0
508003.7299871326 3881292.7358762403 40.0
508003.7299871326 3881292.7358762403 40.0
508003.84846786025 3881292.780339637 40.0
508003.84846786025 3881292.780339637 40.0
508003.9487147699 3881292.82478698 40.0
508003.9487147699 3881292.82478698 40.0
508004.0489616832 3881292.8692343235 40.0
508004.14010145195 3881292.902583882 40.0
508004.14010145195 3881292.902583882 40.0
508004.23124122 3881292.935933439 40.0
508004.23124122 3881292.935933439 40.0
508004.3132640815 3881292.969274971 40.0
508004.3132640815 3881292.969274971 40.0
508004.3132640815 3881292.969274971 40.0
508004.39528694 3881293.0026165023 40.0
508004.47730003274 3881293.047047796 40.0
508004.47730003274 3881293.047047796 40.0
508004.55020598636 3881293.080381302 40.0
508004.55020598636 3881293.080381302 40.0
508004.6413457512 3881293.1137308646 40.0
508004.6413457512 3881293.1137308646 40.0
508004.6413457512 3881293.1137308646 40.0
508004.7233686095 3881293.1470723995 40.0
508004.7233686095 3881293.1470723995 40.0
508004.81450837303 3881293.180421964 40.0
508004.81450837303 3881293.180421964 40.0
508004.90564813354 3881293.213771528 40.0
508004.99678789574 3881293.247121094 40.0
508004.99678789574 3881293.247121094 40.0
508004.99678789574 3881293.247121094 40.0
508005.0970445652 3881293.2804786894 40.0
508005.0970445652 3881293.2804786894 40.0
508005.19730122935 3881293.3138362863 40.0
508005.297557895 3881293.3471938833 40.0
508005.19730122935 3881293.3138362863 40.0
508005.3978145623 3881293.3805514816 40.0
508005.3978145623 3881293.3805514816 40.0
508005.3978145623 3881293.3805514816 40.0
508005.49806145777 3881293.4249988436 40.0
508005.49806145777 3881293.4249988436 40.0
508005.59831812116 3881293.4583564433 40.0
508005.59831812116 3881293.4583564433 40.0
508005.6985747838 3881293.491714046 40.0
508005.6985747838 3881293.491714046 40.0
508005.79883144575 3881293.5250716484 40.0
508005.79883144575 3881293.5250716484 40.0
508005.88997120154 3881293.5584212244 40.0
508005.9811011896 3881293.60286056 40.0
508005.88997120154 3881293.5584212244 40.0
508005.9811011896 3881293.60286056 40.0
508006.07224094396 3881293.6362101366 40.0
508006.15426379006 3881293.6695516855 40.0
508006.15426379006 3881293.6695516855 40.0
508006.15426379006 3881293.6695516855 40.0
508006.2271697326 3881293.7028852045 40.0
508006.2271697326 3881293.7028852045 40.0
508006.30007567233 3881293.736218723 40.0
508006.3729816138 3881293.7695522434 40.0
508006.3729816138 3881293.7695522434 40.0
508006.4458875548 3881293.8028857643 40.0
508006.4458875548 3881293.8028857643 40.0
508006.51879349287 3881293.8362192865 40.0
508006.51879349287 3881293.8362192865 40.0
508006.60081633786 3881293.8695608373 40.0
508006.60081633786 3881293.8695608373 40.0
508006.69195608725 3881293.902910421 40.0
508006.69195608725 3881293.902910421 40.0
508006.783095836 3881293.9362600036 40.0
508006.783095836 3881293.9362600036 40.0
508006.88334272325 3881293.98070738 40.0
508006.88334272325 3881293.98070738 40.0
508006.88334272325 3881293.98070738 40.0
508006.99271627807 3881294.014073027 40.0
508006.99271627807 3881294.014073027 40.0
508007.1020800683 3881294.058528435 40.0
508007.1020800683 3881294.058528435 40.0
508007.22056075773 3881294.102991876 40.0
508007.22056075773 3881294.102991876 40.0
508007.34815835307 3881294.1474633487 40.0
508007.34815835307 3881294.1474633487 40.0
508007.47574617836 3881294.2030245834 40.0
508007.47574617836 3881294.2030245834 40.0
508007.6124509067 3881294.2585938526 40.0
508007.6124509067 3881294.2585938526 40.0
508007.7400485003 3881294.303065331 40.0
508007.7400485003 3881294.303065331 40.0
508007.87675322563 3881294.358634603 40.0
508007.87675322563 3881294.358634603 40.0
508008.0043410447 3881294.414195845 40.0
508008.1501626735 3881294.469773154 40.0
508008.1501626735 3881294.469773154 40.0
508008.27775048936 3881294.525334401 40.0
508008.27775048936 3881294.525334401 40.0
508008.27775048936 3881294.525334401 40.0
508008.41446498036 3881294.5698139207 40.0
508008.5511599274 3881294.6364729633 40.0
508008.5511599274 3881294.6364729633 40.0
508008.696981547 3881294.69205028 40.0
508008.696981547 3881294.69205028 40.0
508008.83368626056 3881294.7476195665 40.0
508008.83368626056 3881294.7476195665 40.0
508008.83368626056 3881294.7476195665 40.0
508008.979507879 3881294.803196888 40.0
508008.979507879 3881294.803196888 40.0
508009.1253294933 3881294.8587742103 40.0
508009.1253294933 3881294.8587742103 40.0
508009.2620342018 3881294.9143435042 40.0
508009.2620342018 3881294.9143435042 40.0
508009.40784604143 3881294.981010594 40.0
508009.40784604143 3881294.981010594 40.0
508009.5536578812 3881295.0476776846 40.0
508009.5536578812 3881295.0476776846 40.0
508009.70859639195 3881295.103263051 40.0
508009.86352513137 3881295.169938178 40.0
508009.86352513137 3881295.169938178 40.0
508009.86352513137 3881295.169938178 40.0
508010.0093369625 3881295.2366052773 40.0
508010.0093369625 3881295.2366052773 40.0
508010.1642656975 3881295.3032804113 40.0
508010.1642656975 3881295.3032804113 40.0
508010.3100677519 3881295.3810372767 40.0
508010.3100677519 3881295.3810372767 40.0
508010.4741133834 3881295.447720449 40.0
508010.61993497825 3881295.5032977965 40.0
508010.4741133834 3881295.447720449 40.0
508010.61993497825 3881295.5032977965 40.0
508010.7748637042 3881295.5699729407 40.0
508010.7748637042 3881295.5699729407 40.0
508010.9297826525 3881295.647737849 40.0
508010.9297826525 3881295.647737849 40.0
508011.06647756725 3881295.71439693 40.0
508011.06647756725 3881295.71439693 40.0
508011.2031822534 3881295.769966252 40.0
508011.2031822534 3881295.769966252 40.0
508011.3307602589 3881295.8366173017 40.0
508011.3307602589 3881295.8366173017 40.0
508011.4492311308 3881295.8921705587 40.0
508011.4492311308 3881295.8921705587 40.0
508011.55858510296 3881295.947715782 40.0
508011.55858510296 3881295.947715782 40.0
508011.6497150372 3881295.992155175 40.0
508011.6497150372 3881295.992155175 40.0
508011.74084497284 3881296.036594569 40.0
508011.74084497284 3881296.036594569 40.0
508011.80463397084 3881296.069920099 40.0
508011.80463397084 3881296.069920099 40.0
508011.86842297064 3881296.103245627 40.0
508011.86842297064 3881296.103245627 40.0
508011.9322119677 3881296.1365711573 40.0
508011.9322119677 3881296.1365711573 40.0
508011.9960009689 3881296.169896686 40.0
508011.9960009689 3881296.169896686 40.0
508012.10535492975 3881296.225441916 40.0
508012.1326958657 3881296.236555784 40.0
508012.1326958657 3881296.236555784 40.0
508012.1326958657 3881296.236555784 40.0
508012.1600270247 3881296.258759411 40.0
508012.1600270247 3881296.258759411 40.0
508012.1873679582 3881296.2698732805 40.0
508012.2329426969 3881296.281003219 40.0
508012.2329426969 3881296.281003219 40.0
508012.2329426969 3881296.281003219 40.0
508012.26027385786 3881296.303206846 40.0
508012.26027385786 3881296.303206846 40.0
508012.296731696 3881296.314328751 40.0
508012.296731696 3881296.314328751 40.0
508012.333179757 3881296.3365404145 40.0
508012.333179757 3881296.3365404145 40.0
508012.37875449524 3881296.347670355 40.0
508012.37875449524 3881296.347670355 40.0
508012.4152025559 3881296.3698820192 40.0
508012.4152025559 3881296.3698820192 40.0
508012.4607675189 3881296.3921017204 40.0
508012.51543961384 3881296.425419219 40.0
508012.51543961384 3881296.425419219 40.0
508012.51543961384 3881296.425419219 40.0
508012.5883455088 3881296.458752788 40.0
508012.652134503 3881296.492078323 40.0
508012.5883455088 3881296.458752788 40.0
508012.652134503 3881296.492078323 40.0
508012.72505017446 3881296.514322134 40.0
508012.72505017446 3881296.514322134 40.0
508012.87996909005 3881296.592087075 40.0
508012.87996909005 3881296.592087075 40.0
508012.9802159137 3881296.6365345186 40.0
508012.9802159137 3881296.6365345186 40.0
508013.0713556121 3881296.6698841657 40.0
508013.0713556121 3881296.6698841657 40.0
508013.16248553636 3881296.7143235737 40.0
508013.16248553636 3881296.7143235737 40.0
508013.2444985529 3881296.758754948 40.0
508013.2444985529 3881296.758754948 40.0
508013.33563824906 3881296.792104597 40.0
508013.33563824906 3881296.792104597 40.0
508013.4085441381 3881296.825438174 40.0
508013.4085441381 3881296.825438174 40.0
508013.4905669309 3881296.858779787 40.0
508013.55435591907 3881296.89210533 40.0
508013.4905669309 3881296.858779787 40.0
508013.55435591907 3881296.89210533 40.0
508013.63637870847 3881296.9254469457 40.0
508013.63637870847 3881296.9254469457 40.0
508013.7092845976 3881296.958780525 40.0
508013.7092845976 3881296.958780525 40.0
508013.79129761155 3881297.0032119015 40.0
508013.79129761155 3881297.0032119015 40.0
508013.8733204014 3881297.0365535193 40.0
508013.8733204014 3881297.0365535193 40.0
508013.96445031575 3881297.080992936 40.0
508013.96445031575 3881297.080992936 40.0
508014.05558022927 3881297.125432353 40.0
508014.05558022927 3881297.125432353 40.0
508014.2378400512 3881297.2143111923 40.0
508014.2378400512 3881297.2143111923 40.0
508014.3380868637 3881297.2587586497 40.0
508014.42921677354 3881297.303198073 40.0
508014.42921677354 3881297.303198073 40.0
508014.42921677354 3881297.303198073 40.0
508014.52945380664 3881297.3587352918 40.0
508014.52945380664 3881297.3587352918 40.0
508014.62058371457 3881297.4031747156 40.0
508014.7208305208 3881297.447622177 40.0
508014.7208305208 3881297.447622177 40.0
508014.8119604269 3881297.492061603 40.0
508014.8119604269 3881297.492061603 40.0
508014.8119604269 3881297.492061603 40.0
508014.9122072359 3881297.5365090678 40.0
508015.01244426117 3881297.5920462944 40.0
508015.01244426117 3881297.5920462944 40.0
508015.1126910657 3881297.636493761 40.0
508015.1126910657 3881297.636493761 40.0
508015.23115211516 3881297.7031368283 40.0
508015.23115211516 3881297.7031368283 40.0
508015.23115211516 3881297.7031368283 40.0
508015.3405060402 3881297.758682096 40.0
508015.3405060402 3881297.758682096 40.0
508015.4589670864 3881297.8253251663 40.0
508015.4589670864 3881297.8253251663 40.0
508015.57743791194 3881297.8808784755 40.0
508015.57743791194 3881297.8808784755 40.0
508015.70501585584 3881297.9475295884 40.0
508015.70501585584 3881297.9475295884 40.0
508015.8326035769 3881298.00309094 40.0
508015.8326035769 3881298.00309094 40.0
508015.96018151956 3881298.0697420565 40.0
508016.08776923735 3881298.1253034133 40.0
508016.08776923735 3881298.1253034133 40.0
508016.08776923735 3881298.1253034133 40.0
508016.2153471741 3881298.191954532 40.0
508016.2153471741 3881298.191954532 40.0
508016.3611589103 3881298.2586217327 40.0
508016.3611589103 3881298.2586217327 40.0
508016.49785374384 3881298.3252808955 40.0
508016.49785374384 3881298.3252808955 40.0
508016.6345485753 3881298.391940061 40.0
508016.7803700855 3881298.4475175077 40.0
508016.6345485753 3881298.391940061 40.0
508016.92618181586 3881298.514184717 40.0
508016.7803700855 3881298.4475175077 40.0
508016.92618181586 3881298.514184717 40.0
508017.0720033223 3881298.5697621685 40.0
508017.0720033223 3881298.5697621685 40.0
508017.2178150486 3881298.636429383 40.0
508017.2178150486 3881298.636429383 40.0
508017.3636267704 3881298.7030966002 40.0
508017.3636267704 3881298.7030966002 40.0
508017.50942870893 3881298.7808535798 40.0
508017.6643475474 3881298.858618603 40.0
508017.6643475474 3881298.858618603 40.0
508017.6643475474 3881298.858618603 40.0
508017.8101592624 3881298.9252858264 40.0
508017.95596119354 3881299.003042813 40.0
508017.95596119354 3881299.003042813 40.0
508018.11088002444 3881299.080807845 40.0
508017.95596119354 3881299.003042813 40.0
508018.2566917326 3881299.147475076 40.0
508018.2566917326 3881299.147475076 40.0
508018.41161055845 3881299.2252401127 40.0
508018.41161055845 3881299.2252401127 40.0
508018.56652937934 3881299.303005151 40.0
508018.56652937934 3881299.303005151 40.0
508018.7305650995 3881299.3807782354 40.0
508018.7305650995 3881299.3807782354 40.0
508018.8854839174 3881299.458543279 40.0
508018.8854839174 3881299.458543279 40.0
508019.04951962736 3881299.536316368 40.0
508019.04951962736 3881299.536316368 40.0
508019.21355533914 3881299.6140894606 40.0
508019.21355533914 3881299.6140894606 40.0
508019.3684741489 3881299.6918545123 40.0
508019.3684741489 3881299.6918545123 40.0
508019.3684741489 3881299.6918545123 40.0
508019.52338317013 3881299.780709329 40.0
508019.52338317013 3881299.780709329 40.0
508019.8332207737 3881299.9362394474 40.0
508019.8332207737 3881299.9362394474 40.0
508019.9790128896 3881300.0250862273 40.0
508019.9790128896 3881300.0250862273 40.0
508020.1248050004 3881300.11393301 40.0
508020.1248050004 3881300.11393301 40.0
508020.2705971083 3881300.202779795 40.0
508020.4163990003 3881300.28053682 40.0
508020.2705971083 3881300.202779795 40.0
508020.4163990003 3881300.28053682 40.0
508020.5713177862 3881300.3583018947 40.0
508020.5713177862 3881300.3583018947 40.0
508020.7171098881 3881300.447148686 40.0
508020.7171098881 3881300.447148686 40.0
508020.8720286662 3881300.5249137646 40.0
508020.8720286662 3881300.5249137646 40.0
508021.0269474463 3881300.6026788456 40.0
508021.1818662214 3881300.6804439286 40.0
508021.0269474463 3881300.6026788456 40.0
508021.3367849962 3881300.7582090152 40.0
508021.3367849962 3881300.7582090152 40.0
508021.5008108805 3881300.8470719093 40.0
508021.3367849962 3881300.7582090152 40.0
508021.65572964743 3881300.9248370007 40.0
508021.5008108805 3881300.8470719093 40.0
508021.65572964743 3881300.9248370007 40.0
508021.81976531196 3881301.0026101414 40.0
508021.81976531196 3881301.0026101414 40.0
508021.98379118484 3881301.091473044 40.0
508022.13870994345 3881301.169238143 40.0
508021.98379118484 3881301.091473044 40.0
508022.13870994345 3881301.169238143 40.0
508022.3027455995 3881301.247011292 40.0
508022.3027455995 3881301.247011292 40.0
508022.46677146555 3881301.3358742045 40.0
508022.46677146555 3881301.3358742045 40.0
508022.6216902159 3881301.4136393126 40.0
508022.6216902159 3881301.4136393126 40.0
508022.7857258611 3881301.4914124706 40.0
508022.93152770866 3881301.5691695362 40.0
508022.93152770866 3881301.5691695362 40.0
508023.0864464534 3881301.6469346536 40.0
508023.0864464534 3881301.6469346536 40.0
508023.0864464534 3881301.6469346536 40.0
508023.2322385079 3881301.7357814857 40.0
508023.2322385079 3881301.7357814857 40.0
508023.3689234506 3881301.8135305145 40.0
508023.3689234506 3881301.8135305145 40.0
508023.51472529036 3881301.8912875894 40.0
508023.51472529036 3881301.8912875894 40.0
508023.66052712535 3881301.9690446686 40.0
508023.79721206095 3881302.0467937035 40.0
508023.79721206095 3881302.0467937035 40.0
508023.94301389565 3881302.124550786 40.0
508023.94301389565 3881302.124550786 40.0
508024.0796988265 3881302.2022998245 40.0
508024.0796988265 3881302.2022998245 40.0
508024.0796988265 3881302.2022998245 40.0
508024.22550065164 3881302.2800569125 40.0
508024.22550065164 3881302.2800569125 40.0
508024.3621855777 3881302.357805955 40.0
508024.3621855777 3881302.357805955 40.0
508024.49887050147 3881302.4355550003 40.0
508024.49887050147 3881302.4355550003 40.0
508024.6446723216 3881302.5133120934 40.0
508024.7813474506 3881302.602150904 40.0
508024.7813474506 3881302.602150904 40.0
508024.7813474506 3881302.602150904 40.0
508024.9271492634 3881302.6799080037 40.0
508025.0729412857 3881302.768754866 40.0
508025.0729412857 3881302.768754866 40.0
508025.0729412857 3881302.768754866 40.0
508025.2187333027 3881302.85760173 40.0
508025.2187333027 3881302.85760173 40.0
508025.3645351077 3881302.9353588372 40.0
508025.5103271216 3881303.0242057056 40.0
508025.5103271216 3881303.0242057056 40.0
508025.5103271216 3881303.0242057056 40.0
508025.6561191303 3881303.113052578 40.0
508025.6561191303 3881303.113052578 40.0
508025.8110280319 3881303.201907501 40.0
508025.8110280319 3881303.201907501 40.0
508025.96593693283 3881303.2907624273 40.0
508025.96593693283 3881303.2907624273 40.0
508026.1299529347 3881303.390715167 40.0
508026.2939787224 3881303.479578148 40.0
508026.2939787224 3881303.479578148 40.0
508026.2939787224 3881303.479578148 40.0
508026.458004507 3881303.5684411325 40.0
508026.458004507 3881303.5684411325 40.0
508026.6311373937 3881303.668401931 40.0
508026.6311373937 3881303.668401931 40.0
508026.80428006675 3881303.757272972 40.0
508026.97741294606 3881303.8572337767 40.0
508026.80428006675 3881303.757272972 40.0
508027.1505458216 3881303.9571945844 40.0
508026.97741294606 3881303.8572337767 40.0
508027.1505458216 3881303.9571945844 40.0
508027.323678691 3881304.0571553973 40.0
508027.323678691 3881304.0571553973 40.0
508027.5059284537 3881304.1571242632 40.0
508027.5059284537 3881304.1571242632 40.0
508027.6881684188 3881304.268182893 40.0
508027.6881684188 3881304.268182893 40.0
508027.87040837953 3881304.379241529 40.0
508027.87040837953 3881304.379241529 40.0
508028.0435412353 3881304.479202353 40.0
508028.22578118515 3881304.5902609946 40.0
508028.0435412353 3881304.479202353 40.0
508028.22578118515 3881304.5902609946 40.0
508028.40802113287 3881304.7013196386 40.0
508028.40802113287 3881304.7013196386 40.0
508028.5811539743 3881304.8012804743 40.0
508028.5811539743 3881304.8012804743 40.0
508028.7634037083 3881304.901249367 40.0
508028.936536542 3881305.0012102104 40.0
508028.936536542 3881305.0012102104 40.0
508028.936536542 3881305.0012102104 40.0
508029.10966937424 3881305.101171055 40.0
508029.10966937424 3881305.101171055 40.0
508029.27368530893 3881305.2011238514 40.0
508029.27368530893 3881305.2011238514 40.0
508029.4377110357 3881305.2899868893 40.0
508029.4377110357 3881305.2899868893 40.0
508029.59261986107 3881305.378841879 40.0
508029.59261986107 3881305.378841879 40.0
508029.73841179453 3881305.467688816 40.0
508029.73841179453 3881305.467688816 40.0
508029.8842037228 3881305.5565357557 40.0
508029.8842037228 3881305.5565357557 40.0
508030.0208787573 3881305.645374644 40.0
508030.0208787573 3881305.645374644 40.0
508030.1484466901 3881305.723115721 40.0
508030.1484466901 3881305.723115721 40.0
508030.26691732096 3881305.778669224 40.0
508030.26691732096 3881305.778669224 40.0
508030.3762612604 3881305.8453044347 40.0
508030.5858420387 3881305.967477046 40.0
508030.3762612604 3881305.8453044347 40.0
508030.5858420387 3881305.967477046 40.0
508030.66784509196 3881306.022998338 40.0
508030.66784509196 3881306.022998338 40.0
508030.7498579415 3881306.0674298704 40.0
508030.8318707903 3881306.111861402 40.0
508030.8318707903 3881306.111861402 40.0
508030.8318707903 3881306.111861402 40.0
508030.90476674086 3881306.156284881 40.0
508030.90476674086 3881306.156284881 40.0
508030.9776626953 3881306.2007083604 40.0
508030.9776626953 3881306.2007083604 40.0
508031.041451554 3881306.2340340232 40.0
508031.1052306145 3881306.278449451 40.0
508031.1052306145 3881306.278449451 40.0
508031.1690194698 3881306.311775116 40.0
508031.1690194698 3881306.311775116 40.0
508031.2236914344 3881306.3450927273 40.0
508031.2236914344 3881306.3450927273 40.0
508031.2236914344 3881306.3450927273 40.0
508031.2874704909 3881306.3895081524 40.0
508031.2874704909 3881306.3895081524 40.0
508031.3512593448 3881306.4228338203 40.0
508031.3512593448 3881306.4228338203 40.0
508031.415058001 3881306.4450697266 40.0
508031.415058001 3881306.4450697266 40.0
508031.47883705585 3881306.489485153 40.0
508031.47883705585 3881306.489485153 40.0
508031.5608596932 3881306.5228269324 40.0
508031.5608596932 3881306.5228269324 40.0
508031.63375564385 3881306.5672504157 40.0
508031.63375564385 3881306.5672504157 40.0
508031.70665159146 3881306.6116739027 40.0
508031.70665159146 3881306.6116739027 40.0
508031.7977911192 3881306.645023736 40.0
508031.7977911192 3881306.645023736 40.0
508031.87980395765 3881306.6894552796 40.0
508031.87980395765 3881306.6894552796 40.0
508031.96181679296 3881306.7338868217 40.0
508032.05294652435 3881306.77832642 40.0
508032.05294652435 3881306.77832642 40.0
508032.05294652435 3881306.77832642 40.0
508032.1440762525 3881306.8227660214 40.0
508032.1440762525 3881306.8227660214 40.0
508032.2351961783 3881306.8782953825 40.0
508032.3263259046 3881306.922734984 40.0
508032.2351961783 3881306.8782953825 40.0
508032.4174556299 3881306.967174587 40.0
508032.3263259046 3881306.922734984 40.0
508032.5085853544 3881307.0116141913 40.0
508032.5085853544 3881307.0116141913 40.0
508032.5085853544 3881307.0116141913 40.0
508032.5997052761 3881307.067143556 40.0
508032.6908349987 3881307.1115831607 40.0
508032.5997052761 3881307.067143556 40.0
508032.6908349987 3881307.1115831607 40.0
508032.78194512083 3881307.178202289 40.0
508032.78194512083 3881307.178202289 40.0
508032.87306504155 3881307.233731657 40.0
508032.9641947588 3881307.2781712655 40.0
508032.87306504155 3881307.233731657 40.0
508033.14643459715 3881307.389230006 40.0
508033.14643459715 3881307.389230006 40.0
508033.14643459715 3881307.389230006 40.0
508033.2466812054 3881307.433677674 40.0
508033.2466812054 3881307.433677674 40.0
508033.3378011184 3881307.4892070456 40.0
508033.4289308331 3881307.533646658 40.0
508033.4289308331 3881307.533646658 40.0
508033.52005074633 3881307.589176034 40.0
508033.52005074633 3881307.589176034 40.0
508033.52005074633 3881307.589176034 40.0
508033.6202973482 3881307.6336237057 40.0
508033.6202973482 3881307.6336237057 40.0
508033.7114270624 3881307.67806332 40.0
508033.7114270624 3881307.67806332 40.0
508033.7934398799 3881307.72249488 40.0
508033.7934398799 3881307.72249488 40.0
508033.8845597913 3881307.7780242576 40.0
508033.9756895005 3881307.822463878 40.0
508033.9756895005 3881307.822463878 40.0
508033.9756895005 3881307.822463878 40.0
508034.06680940517 3881307.877993256 40.0
508034.16705600347 3881307.922440934 40.0
508034.06680940517 3881307.877993256 40.0
508034.16705600347 3881307.922440934 40.0
508034.2581759083 3881307.977970316 40.0
508034.2581759083 3881307.977970316 40.0
508034.3584127006 3881308.0335077583 40.0
508034.3584127006 3881308.0335077583 40.0
508034.4586396945 3881308.1001349613 40.0
508034.4586396945 3881308.1001349613 40.0
508034.6773372567 3881308.222315725 40.0
508034.6773372567 3881308.222315725 40.0
508034.8049149159 3881308.2889671056 40.0
508034.8049149159 3881308.2889671056 40.0
508034.92337568256 3881308.3556104307 40.0
508034.92337568256 3881308.3556104307 40.0
508035.0509435355 3881308.433351577 40.0
508035.0509435355 3881308.433351577 40.0
508035.18762827676 3881308.5111007825 40.0
508035.18762827676 3881308.5111007825 40.0
508035.3243228208 3881308.5777602307 40.0
508035.3243228208 3881308.5777602307 40.0
508035.4610075575 3881308.655509441 40.0
508035.5977020951 3881308.722168893 40.0
508035.4610075575 3881308.655509441 40.0
508035.5977020951 3881308.722168893 40.0
508035.72526993946 3881308.799910047 40.0
508035.72526993946 3881308.799910047 40.0
508035.8528475829 3881308.866561444 40.0
508035.9804252244 3881308.933212842 40.0
508035.8528475829 3881308.866561444 40.0
508035.9804252244 3881308.933212842 40.0
508036.0988859741 3881308.9998561814 40.0
508036.0988859741 3881308.9998561814 40.0
508036.217346722 3881309.0664995243 40.0
508036.217346722 3881309.0664995243 40.0
508036.3175834927 3881309.122036986 40.0
508036.3175834927 3881309.122036986 40.0
508036.42693715193 3881309.1775825107 40.0
508036.42693715193 3881309.1775825107 40.0
508036.5180570304 3881309.2331119147 40.0
508036.5180570304 3881309.2331119147 40.0
508036.6182937951 3881309.2886493807 40.0
508036.6182937951 3881309.2886493807 40.0
508036.7185305632 3881309.3441868476 40.0
508036.7185305632 3881309.3441868476 40.0
508036.8096504382 3881309.3997162553 40.0
508036.8096504382 3881309.3997162553 40.0
508036.90988719923 3881309.4552537254 40.0
508036.90988719923 3881309.4552537254 40.0
508037.01011415647 3881309.5218809554 40.0
508037.1103509173 3881309.577418428 40.0
508037.01011415647 3881309.5218809554 40.0
508037.2105876769 3881309.6329559 40.0
508037.2105876769 3881309.6329559 40.0
508037.3199315192 3881309.6995911947 40.0
508037.3199315192 3881309.6995911947 40.0
508037.3199315192 3881309.6995911947 40.0
508037.4292851654 3881309.755136731 40.0
508037.5386290047 3881309.821772029 40.0
508037.4292851654 3881309.755136731 40.0
508037.5386290047 3881309.821772029 40.0
508037.64798264805 3881309.877317566 40.0
508037.64798264805 3881309.877317566 40.0
508037.74821940105 3881309.932855047 40.0
508037.74821940105 3881309.932855047 40.0
508037.84845615283 3881309.988392526 40.0
508037.84845615283 3881309.988392526 40.0
508037.9486929034 3881310.0439300053 40.0
508037.9486929034 3881310.0439300053 40.0
508038.0489296527 3881310.0994674875 40.0
508038.0489296527 3881310.0994674875 40.0
508038.2494031478 3881310.2105424544 40.0
508038.34963008686 3881310.2771697 40.0
508038.2494031478 3881310.2105424544 40.0
508038.44986682886 3881310.3327071876 40.0
508038.44986682886 3881310.3327071876 40.0
508038.44986682886 3881310.3327071876 40.0
508038.55921065604 3881310.399342497 40.0
508038.55921065604 3881310.399342497 40.0
508038.67768117244 3881310.4548961106 40.0
508038.7870249965 3881310.521531423 40.0
508038.7870249965 3881310.521531423 40.0
508038.7870249965 3881310.521531423 40.0
508038.90548570495 3881310.5881748 40.0
508038.90548570495 3881310.5881748 40.0
508039.03305349493 3881310.665916003 40.0
508039.03305349493 3881310.665916003 40.0
508039.16063108563 3881310.732567445 40.0
508039.16063108563 3881310.732567445 40.0
508039.27909178863 3881310.7992108273 40.0
508039.27909178863 3881310.7992108273 40.0
508039.406669378 3881310.8658622727 40.0
508039.406669378 3881310.8658622727 40.0
508039.5342469678 3881310.932513722 40.0
508039.5342469678 3881310.932513722 40.0
508039.67093163315 3881311.010262995 40.0
508039.8076162962 3881311.0880122716 40.0
508039.8076162962 3881311.0880122716 40.0
508039.8076162962 3881311.0880122716 40.0
508039.93518406915 3881311.165753486 40.0
508039.93518406915 3881311.165753486 40.0
508040.20856319723 3881311.310162288 40.0
508040.20856319723 3881311.310162288 40.0
508040.3543647365 3881311.3879196364 40.0
508040.3543647365 3881311.3879196364 40.0
508040.5001564663 3881311.4767667484 40.0
508040.5001564663 3881311.4767667484 40.0
508040.6550748924 3881311.554532165 40.0
508040.8008764262 3881311.632289521 40.0
508040.6550748924 3881311.554532165 40.0
508040.8008764262 3881311.632289521 40.0
508040.9557948471 3881311.7100549433 40.0
508040.9557948471 3881311.7100549433 40.0
508041.1107034531 3881311.798910129 40.0
508041.1107034531 3881311.798910129 40.0
508041.2656218684 3881311.876675557 40.0
508041.4114135816 3881311.9655226828 40.0
508041.4114135816 3881311.9655226828 40.0
508041.5663319916 3881312.0432881145 40.0
508041.5663319916 3881312.0432881145 40.0
508041.5663319916 3881312.0432881145 40.0
508041.71213350975 3881312.1210454865 40.0
508041.71213350975 3881312.1210454865 40.0
508041.85792521463 3881312.2098926203 40.0
508041.85792521463 3881312.2098926203 40.0
508041.994619652 3881312.2765521677 40.0
508041.994619652 3881312.2765521677 40.0
508042.1221972008 3881312.343203653 40.0
508042.1221972008 3881312.343203653 40.0
508042.24976493866 3881312.4209448993 40.0
508042.24976493866 3881312.4209448993 40.0
508042.5049102149 3881312.5653376384 40.0
508042.6233708696 3881312.631981065 40.0
508042.6233708696 3881312.631981065 40.0
508042.6233708696 3881312.631981065 40.0
508042.7418315248 3881312.6986244926 40.0
508042.8694090622 3881312.7652759873 40.0
508042.7418315248 3881312.6986244926 40.0
508042.8694090622 3881312.7652759873 40.0
508043.00610348384 3881312.831935551 40.0
508043.1427880911 3881312.9096848764 40.0
508043.00610348384 3881312.831935551 40.0
508043.1427880911 3881312.9096848764 40.0
508043.28858958196 3881312.9874422746 40.0
508043.28858958196 3881312.9874422746 40.0
508043.42527418444 3881313.065191604 40.0
508043.42527418444 3881313.065191604 40.0
508043.571075675 3881313.1429490047 40.0
508043.7077602727 3881313.220698339 40.0
508043.7077602727 3881313.220698339 40.0
508043.8444448681 3881313.2984476774 40.0
508043.8444448681 3881313.2984476774 40.0
508043.8444448681 3881313.2984476774 40.0
508043.972022389 3881313.365099189 40.0
508044.09048302023 3881313.431742633 40.0
508043.972022389 3881313.365099189 40.0
508044.09048302023 3881313.431742633 40.0
508044.20895346807 3881313.487296319 40.0
508044.20895346807 3881313.487296319 40.0
508044.3091901436 3881313.5428338703 40.0
508044.3091901436 3881313.5428338703 40.0
508044.5096634841 3881313.6539089754 40.0
508044.5825593121 3881313.6983325644 40.0
508044.5825593121 3881313.6983325644 40.0
508044.5825593121 3881313.6983325644 40.0
508044.6645818389 3881313.7316744607 40.0
508044.6645818389 3881313.7316744607 40.0
508044.7465945507 3881313.776106121 40.0
508044.7465945507 3881313.776106121 40.0
508044.8195001864 3881313.8094399497 40.0
508044.8195001864 3881313.8094399497 40.0
508044.8924058286 3881313.84277378 40.0
508044.9653114678 3881313.876107611 40.0
508044.9653114678 3881313.876107611 40.0
508045.0290904045 3881313.920523136 40.0
508044.9653114678 3881313.876107611 40.0
508045.10199604265 3881313.9538569693 40.0
508045.10199604265 3881313.9538569693 40.0
508045.165784793 3881313.9871827317 40.0
508045.165784793 3881313.9871827317 40.0
508045.165784793 3881313.9871827317 40.0
508045.247807315 3881314.020524636 40.0
508045.247807315 3881314.020524636 40.0
508045.3207031365 3881314.06494823 40.0
508045.3207031365 3881314.06494823 40.0
508045.4027158421 3881314.109379894 40.0
508045.4027158421 3881314.109379894 40.0
508045.49384542945 3881314.153819629 40.0
508045.49384542945 3881314.153819629 40.0
508045.58497501817 3881314.198259364 40.0
508045.58497501817 3881314.198259364 40.0
508045.77635107527 3881314.2871469078 40.0
508045.77635107527 3881314.2871469078 40.0
508045.8857046171 3881314.3426925447 40.0
508045.8857046171 3881314.3426925447 40.0
508045.9950581529 3881314.3982381853 40.0
508045.9950581529 3881314.3982381853 40.0
508046.10441169207 3881314.4537838255 40.0
508046.2137652252 3881314.5093294675 40.0
508046.2137652252 3881314.5093294675 40.0
508046.32311876165 3881314.5648751114 40.0
508046.2137652252 3881314.5093294675 40.0
508046.32311876165 3881314.5648751114 40.0
508046.42335541017 3881314.6204126854 40.0
508046.5236018716 3881314.664860501 40.0
508046.5236018716 3881314.664860501 40.0
508046.5236018716 3881314.664860501 40.0
508046.62383852014 3881314.7203980773 40.0
508046.62383852014 3881314.7203980773 40.0
508046.7240751627 3881314.7759356573 40.0
508046.7240751627 3881314.7759356573 40.0
508046.8243118064 3881314.8314732346 40.0
508046.9336653353 3881314.887018886 40.0
508046.8243118064 3881314.8314732346 40.0
508046.9336653353 3881314.887018886 40.0
508047.0430188582 3881314.9425645373 40.0
508047.16147945105 3881315.009208022 40.0
508047.16147945105 3881315.009208022 40.0
508047.16147945105 3881315.009208022 40.0
508047.2890569237 3881315.0758595797 40.0
508047.2890569237 3881315.0758595797 40.0
508047.5442216812 3881315.1980729415 40.0
508047.6718089687 3881315.2536347425 40.0
508047.6718089687 3881315.2536347425 40.0
508047.6718089687 3881315.2536347425 40.0
508047.8085033179 3881315.3202943783 40.0
508047.9360807814 3881315.386945945 40.0
508047.9360807814 3881315.386945945 40.0
508047.9360807814 3881315.386945945 40.0
508048.0636582431 3881315.453597515 40.0
508048.0636582431 3881315.453597515 40.0
508048.1912357006 3881315.5202490846 40.0
508048.30969627755 3881315.586892585 40.0
508048.30969627755 3881315.586892585 40.0
508048.30969627755 3881315.586892585 40.0
508048.42816666927 3881315.642446326 40.0
508048.42816666927 3881315.642446326 40.0
508048.5375201763 3881315.697991996 40.0
508048.64687368204 3881315.753537668 40.0
508048.64687368204 3881315.753537668 40.0
508048.64687368204 3881315.753537668 40.0
508048.76534407184 3881315.809091415 40.0
508048.76534407184 3881315.809091415 40.0
508048.8838144556 3881315.8646451603 40.0
508048.8838144556 3881315.8646451603 40.0
508049.0022848402 3881315.9201989076 40.0
508049.0022848402 3881315.9201989076 40.0
508049.1298721087 3881315.9757607314 40.0
508049.1298721087 3881315.9757607314 40.0
508049.26657625625 3881316.0313306274 40.0
508049.26657625625 3881316.0313306274 40.0
508049.41240710503 3881316.0758188413 40.0
508049.41240710503 3881316.0758188413 40.0
508049.5673548376 3881316.120315128 40.0
508049.5673548376 3881316.120315128 40.0
508049.73140962864 3881316.175909251 40.0
508049.73140962864 3881316.175909251 40.0
508049.8954742407 3881316.220413618 40.0
508049.8954742407 3881316.220413618 40.0
508050.06866555475 3881316.2538363007 40.0
508050.06866555475 3881316.2538363007 40.0
508050.26007098827 3881316.309454655 40.0
508050.26007098827 3881316.309454655 40.0
508050.4423791819 3881316.3428854197 40.0
508050.4423791819 3881316.3428854197 40.0
508050.63380425447 3881316.376324259 40.0
508050.63380425447 3881316.376324259 40.0
508050.8161222695 3881316.39866527 40.0
508050.8161222695 3881316.39866527 40.0
508050.998440279 3881316.421006282 40.0
508050.998440279 3881316.421006282 40.0
508051.1807681122 3881316.432257539 40.0
508051.1807681122 3881316.432257539 40.0
508051.35397906014 3881316.443500724 40.0
508051.35397906014 3881316.443500724 40.0
508051.5363167151 3881316.4436622267 40.0
508051.5363167151 3881316.4436622267 40.0
508051.70953748527 3881316.4438156574 40.0
508051.87365119834 3881316.4328712546 40.0
508051.87365119834 3881316.4328712546 40.0
508051.87365119834 3881316.4328712546 40.0
508052.0377747351 3881316.4108370948 40.0
508052.0377747351 3881316.4108370948 40.0
508052.1927813877 3881316.3887948613 40.0
508052.1927813877 3881316.3887948613 40.0
508052.33867116086 3881316.366744556 40.0
508052.33867116086 3881316.366744556 40.0
508052.48457075626 3881316.3336044895 40.0
508052.48457075626 3881316.3336044895 40.0
508052.621343646 3881316.3115461105 40.0
508052.7581263606 3881316.278397974 40.0
508052.7581263606 3881316.278397974 40.0
508052.7581263606 3881316.278397974 40.0
508052.8766851374 3881316.234143925 40.0
508053.00436079584 3881316.1898979535 40.0
508053.00436079584 3881316.1898979535 40.0
508053.00436079584 3881316.1898979535 40.0
508053.1229195727 3881316.1456439085 40.0
508053.1229195727 3881316.1456439085 40.0
508053.2414783484 3881316.101389863 40.0
508053.2414783484 3881316.101389863 40.0
508053.3600469547 3881316.046046059 40.0
508053.3600469547 3881316.046046059 40.0
508053.4786057352 3881316.0017920183 40.0
508053.588057459 3881315.946440142 40.0
508053.4786057352 3881316.0017920183 40.0
508053.70662606717 3881315.8910963414 40.0
508053.70662606717 3881315.8910963414 40.0
508053.8160777937 3881315.8357444652 40.0
508053.8160777937 3881315.8357444652 40.0
508053.8160777937 3881315.8357444652 40.0
508053.92554917274 3881315.7582130707 40.0
508053.92554917274 3881315.7582130707 40.0
508054.0258938446 3881315.6917633596 40.0
508054.13534557546 3881315.6364114876 40.0
508054.13534557546 3881315.6364114876 40.0
508054.13534557546 3881315.6364114876 40.0
508054.23569025024 3881315.5699617798 40.0
508054.23569025024 3881315.5699617798 40.0
508054.33602510043 3881315.5146018323 40.0
508054.33602510043 3881315.5146018323 40.0
508054.436369778 3881315.448152126 40.0
508054.436369778 3881315.448152126 40.0
508054.51847086125 3881315.3927760245 40.0
508054.51847086125 3881315.3927760245 40.0
508054.60058177426 3881315.326310163 40.0
508054.6826926884 3881315.259844303 40.0
508054.60058177426 3881315.326310163 40.0
508054.7647937772 3881315.2044682056 40.0
508054.6826926884 3881315.259844303 40.0
508054.83778780984 3881315.137994268 40.0
508054.7647937772 3881315.2044682056 40.0
508054.83778780984 3881315.137994268 40.0
508054.91077201447 3881315.0826100907 40.0
508054.91077201447 3881315.0826100907 40.0
508054.9837562223 3881315.0272259163 40.0
508054.9837562223 3881315.0272259163 40.0
508055.04763337394 3881314.9607439023 40.0
508055.1297344653 3881314.9053678066 40.0
508055.04763337394 3881314.9607439023 40.0
508055.1297344653 3881314.9053678066 40.0
508055.19361161895 3881314.8388857925 40.0
508055.19361161895 3881314.8388857925 40.0
508055.2574887711 3881314.77240378 40.0
508055.2574887711 3881314.77240378 40.0
508055.33048281085 3881314.7059298465 40.0
508055.33048281085 3881314.7059298465 40.0
508055.3943697947 3881314.628358074 40.0
508055.3943697947 3881314.628358074 40.0
508055.46736383426 3881314.561884141 40.0
508055.46736383426 3881314.561884141 40.0
508055.5312409927 3881314.4954021308 40.0
508055.5312409927 3881314.4954021308 40.0
508055.604244862 3881314.4178384384 40.0
508055.604244862 3881314.4178384384 40.0
508055.6681220225 3881314.3513564277 40.0
508055.6681220225 3881314.3513564277 40.0
508055.722892127 3881314.2737765796 40.0
508055.78677911486 3881314.1962048085 40.0
508055.78677911486 3881314.1962048085 40.0
508055.85066610615 3881314.1186330384 40.0
508055.78677911486 3881314.1962048085 40.0
508055.85066610615 3881314.1186330384 40.0
508055.9054362113 3881314.0410531913 40.0
508055.9693232047 3881313.963481422 40.0
508055.9054362113 3881314.0410531913 40.0
508055.9693232047 3881313.963481422 40.0
508056.024083486 3881313.896991336 40.0
508056.024083486 3881313.896991336 40.0
508056.0879803073 3881313.808329805 40.0
508056.0879803073 3881313.808329805 40.0
508056.1427504186 3881313.7307499577 40.0
508056.1975205286 3881313.6531701125 40.0
508056.1975205286 3881313.6531701125 40.0
508056.1975205286 3881313.6531701125 40.0
508056.2522906395 3881313.5755902654 40.0
508056.2522906395 3881313.5755902654 40.0
508056.31617764145 3881313.4980185 40.0
508056.31617764145 3881313.4980185 40.0
508056.3618406973 3881313.409340812 40.0
508056.4166206397 3881313.3206712054 40.0
508056.4166206397 3881313.3206712054 40.0
508056.47139075445 3881313.2430913616 40.0
508056.4166206397 3881313.3206712054 40.0
508056.47139075445 3881313.2430913616 40.0
508056.5261707012 3881313.1544217546 40.0
508056.5261707012 3881313.1544217546 40.0
508056.5809408202 3881313.07684191 40.0
508056.5809408202 3881313.07684191 40.0
508056.64483765274 3881312.988180385 40.0
508056.64483765274 3881312.988180385 40.0
508056.7178513749 3881312.899526943 40.0
508056.78174820996 3881312.8108654176 40.0
508056.78174820996 3881312.8108654176 40.0
508056.854771764 3881312.711122215 40.0
508056.78174820996 3881312.8108654176 40.0
508056.93691220606 3881312.611387091 40.0
508056.93691220606 3881312.611387091 40.0
508056.93691220606 3881312.611387091 40.0
508057.0190526499 3881312.511651971 40.0
508057.0190526499 3881312.511651971 40.0
508057.10120292497 3881312.4008270884 40.0
508057.10120292497 3881312.4008270884 40.0
508057.1924799183 3881312.278920528 40.0
508057.1924799183 3881312.278920528 40.0
508057.2746301976 3881312.1680956474 40.0
508057.2746301976 3881312.1680956474 40.0
508057.37503391004 3881312.035107409 40.0
508057.37503391004 3881312.035107409 40.0
508057.4663109107 3881311.9132008506 40.0
508057.4663109107 3881311.9132008506 40.0
508057.6306114846 3881311.6915510963 40.0
508057.6306114846 3881311.6915510963 40.0
508057.7127617745 3881311.58072622 40.0
508057.78578534635 3881311.4809830235 40.0
508057.78578534635 3881311.4809830235 40.0
508057.78578534635 3881311.4809830235 40.0
508057.85880892206 3881311.381239828 40.0
508057.85880892206 3881311.381239828 40.0
508057.92271560937 3881311.2814885527 40.0
508057.92271560937 3881311.2814885527 40.0
508057.99572935764 3881311.1928351196 40.0
508057.99572935764 3881311.1928351196 40.0
508058.0596262195 3881311.104173604 40.0
508058.13264979894 3881311.0044304114 40.0
508058.13264979894 3881311.0044304114 40.0
508058.13264979894 3881311.0044304114 40.0
508058.19655649416 3881310.9046791364 40.0
508058.19655649416 3881310.9046791364 40.0
508058.2787067981 3881310.793854266 40.0
508058.2787067981 3881310.793854266 40.0
508058.3517402134 3881310.6830213144 40.0
508058.43389052124 3881310.5721964445 40.0
508058.3517402134 3881310.6830213144 40.0
508058.51604083105 3881310.4613715755 40.0
508058.51604083105 3881310.4613715755 40.0
508058.60732769175 3881310.3283752687 40.0
508058.60732769175 3881310.3283752687 40.0
508058.60732769175 3881310.3283752687 40.0
508058.698604726 3881310.2064687232 40.0
508058.698604726 3881310.2064687232 40.0
508058.78989159426 3881310.073472418 40.0
508058.78989159426 3881310.073472418 40.0
508058.87205174455 3881309.9515577927 40.0
508058.87205174455 3881309.9515577927 40.0
508058.9633287838 3881309.8296512486 40.0
508058.9633287838 3881309.8296512486 40.0
508059.0454889386 3881309.707736625 40.0
508059.0454889386 3881309.707736625 40.0
508059.12763926364 3881309.5969117624 40.0
508059.12763926364 3881309.5969117624 40.0
508059.20978959074 3881309.4860868985 40.0
508059.20978959074 3881309.4860868985 40.0
508059.2828230278 3881309.3752539544 40.0
508059.2828230278 3881309.3752539544 40.0
508059.34672974714 3881309.275502689 40.0
508059.34672974714 3881309.275502689 40.0
508059.41975335765 3881309.175759506 40.0
508059.41975335765 3881309.175759506 40.0
508059.48366007756 3881309.0760082407 40.0
508059.48366007756 3881309.0760082407 40.0
508059.55668369116 3881308.97626506 40.0
508059.6297171366 3881308.865432117 40.0
508059.6297171366 3881308.865432117 40.0
508059.6297171366 3881308.865432117 40.0
508059.6936238656 3881308.765680854 40.0
508059.7666573167 3881308.6548479134 40.0
508059.7666573167 3881308.6548479134 40.0
508059.7666573167 3881308.6548479134 40.0
508059.8488076554 3881308.5440230565 40.0
508059.8488076554 3881308.5440230565 40.0
508059.92184111016 3881308.4331901185 40.0
508059.92184111016 3881308.4331901185 40.0
508060.0861516397 3881308.200450647 40.0
508060.1683216574 3881308.067446272 40.0
508060.1683216574 3881308.067446272 40.0
508060.1683216574 3881308.067446272 40.0
508060.25959873525 3881307.945539743 40.0
508060.25959873525 3881307.945539743 40.0
508060.3417687578 3881307.8125353702 40.0
508060.4330655052 3881307.6684493194 40.0
508060.3417687578 3881307.8125353702 40.0
508060.4330655052 3881307.6684493194 40.0
508060.5334693157 3881307.5354611175 40.0
508060.5334693157 3881307.5354611175 40.0
508060.6247562375 3881307.4024648312 40.0
508060.716043162 3881307.269468545 40.0
508060.716043162 3881307.269468545 40.0
508060.8073300868 3881307.1364722606 40.0
508060.716043162 3881307.269468545 40.0
508060.8073300868 3881307.1364722606 40.0
508060.8895001247 3881307.0034678923 40.0
508060.8895001247 3881307.0034678923 40.0
508060.97165049653 3881306.8926430466 40.0
508061.04468397825 3881306.781810117 40.0
508061.04468397825 3881306.781810117 40.0
508061.10860056704 3881306.6709691016 40.0
508061.10860056704 3881306.6709691016 40.0
508061.10860056704 3881306.6709691016 40.0
508061.17249749094 3881306.5823076107 40.0
508061.17249749094 3881306.5823076107 40.0
508061.22727752355 3881306.4936380335 40.0
508061.22727752355 3881306.4936380335 40.0
508061.3368375873 3881306.316298881 40.0
508061.3368375873 3881306.316298881 40.0
508061.43725126295 3881306.172220927 40.0
508061.43725126295 3881306.172220927 40.0
508061.46464127814 3881306.1278861403 40.0
508061.46464127814 3881306.1278861403 40.0
508061.4829045706 3881306.0946330284 40.0
508061.5102945886 3881306.050298241 40.0
508061.5102945886 3881306.050298241 40.0
508061.5102945886 3881306.050298241 40.0
508061.5376846068 3881306.005963453 40.0
508061.5376846068 3881306.005963453 40.0
508061.56507462764 3881305.961628667 40.0
508061.60159137676 3881305.906212203 40.0
508061.60159137676 3881305.906212203 40.0
508061.6289813936 3881305.8618774163 40.0
508061.6289813936 3881305.8618774163 40.0
508061.66549814347 3881305.8064609547 40.0
508061.66549814347 3881305.8064609547 40.0
508061.66549814347 3881305.8064609547 40.0
508061.71114161983 3881305.7399628162 40.0
508061.7567850969 3881305.673464679 40.0
508061.7567850969 3881305.673464679 40.0
508061.7567850969 3881305.673464679 40.0
508061.81155530544 3881305.595884866 40.0
508061.81155530544 3881305.595884866 40.0
508061.8572086191 3881305.518296969 40.0
508061.8572086191 3881305.518296969 40.0
508061.9667588762 3881305.3520475854 40.0
508061.9667588762 3881305.3520475854 40.0
508062.03067548625 3881305.241206577 40.0
508062.03067548625 3881305.241206577 40.0
508062.10370899405 3881305.130373657 40.0
508062.10370899405 3881305.130373657 40.0
508062.16761577403 3881305.0306224125 40.0
508062.16761577403 3881305.0306224125 40.0
508062.2406394472 3881304.9308792525 40.0
508062.2406394472 3881304.9308792525 40.0
508062.3045560659 3881304.820038246 40.0
508062.3045560659 3881304.820038246 40.0
508062.3684628479 3881304.720287002 40.0
508062.3684628479 3881304.720287002 40.0
508062.43235979776 3881304.6316255187 40.0
508062.43235979776 3881304.6316255187 40.0
508062.4962665825 3881304.531874276 40.0
508062.4962665825 3881304.531874276 40.0
508062.5510466403 3881304.443204706 40.0
508062.5510466403 3881304.443204706 40.0
508062.61495343 3881304.343453465 40.0
508062.66974332405 3881304.2436941355 40.0
508062.66974332405 3881304.2436941355 40.0
508062.73365011415 3881304.1439428953 40.0
508062.73365011415 3881304.1439428953 40.0
508062.73365011415 3881304.1439428953 40.0
508062.78844001296 3881304.0441835662 40.0
508062.78844001296 3881304.0441835662 40.0
508062.85234680574 3881303.9444323266 40.0
508062.85234680574 3881303.9444323266 40.0
508062.98928713205 3881303.733848172 40.0
508063.0532136049 3881303.611917411 40.0
508063.0532136049 3881303.611917411 40.0
508063.1262471359 3881303.501084498 40.0
508063.0532136049 3881303.611917411 40.0
508063.1262471359 3881303.501084498 40.0
508063.1992905079 3881303.3791618245 40.0
508063.1992905079 3881303.3791618245 40.0
508063.27233388176 3881303.257239153 40.0
508063.27233388176 3881303.257239153 40.0
508063.33626035944 3881303.1353083947 40.0
508063.40930373716 3881303.013385723 40.0
508063.40930373716 3881303.013385723 40.0
508063.40930373716 3881303.013385723 40.0
508063.47323021834 3881302.891454965 40.0
508063.47323021834 3881302.891454965 40.0
508063.5462637626 3881302.780622056 40.0
508063.5462637626 3881302.780622056 40.0
508063.6101902496 3881302.658691299 40.0
508063.6101902496 3881302.658691299 40.0
508063.6741068985 3881302.547850303 40.0
508063.6741068985 3881302.547850303 40.0
508063.73802354897 3881302.437009308 40.0
508063.73802354897 3881302.437009308 40.0
508063.8110571001 3881302.3261764017 40.0
508063.8749737584 3881302.2153354078 40.0
508063.8110571001 3881302.3261764017 40.0
508063.93888057594 3881302.115584175 40.0
508063.93888057594 3881302.115584175 40.0
508063.93888057594 3881302.115584175 40.0
508064.0028070705 3881301.9936534204 40.0
508064.0028070705 3881301.9936534204 40.0
508064.06672373123 3881301.8828124274 40.0
508064.06672373123 3881301.8828124274 40.0
508064.13065022917 3881301.760881675 40.0
508064.13065022917 3881301.760881675 40.0
508064.20369362854 3881301.6389590097 40.0
508064.20369362854 3881301.6389590097 40.0
508064.2676201323 3881301.517028258 40.0
508064.2676201323 3881301.517028258 40.0
508064.34066353313 3881301.395105595 40.0
508064.34066353313 3881301.395105595 40.0
508064.4137167766 3881301.262093171 40.0
508064.4137167766 3881301.262093171 40.0
508064.48677002214 3881301.129080748 40.0
508064.48677002214 3881301.129080748 40.0
508064.5598232675 3881300.996068326 40.0
508064.5598232675 3881300.996068326 40.0
508064.6328765173 3881300.8630559044 40.0
508064.6328765173 3881300.8630559044 40.0
508064.7059297693 3881300.730043483 40.0
508064.7059297693 3881300.730043483 40.0
508064.7881097583 3881300.58594939 40.0
508064.7881097583 3881300.58594939 40.0
508064.8611728536 3881300.441847211 40.0
508064.8611728536 3881300.441847211 40.0
508064.943362689 3881300.2866633586 40.0
508064.943362689 3881300.2866633586 40.0
508065.02554268803 3881300.142569269 40.0
508065.02554268803 3881300.142569269 40.0
508065.0986156299 3881299.9873773293 40.0
508065.0986156299 3881299.9873773293 40.0
508065.262985478 3881299.6880993918 40.0
508065.345175327 3881299.532915543 40.0
508065.345175327 3881299.532915543 40.0
508065.345175327 3881299.532915543 40.0
508065.43648207607 3881299.377739785 40.0
508065.5186719308 3881299.2225559386 40.0
508065.43648207607 3881299.377739785 40.0
508065.5186719308 3881299.2225559386 40.0
508065.6008519486 3881299.078461854 40.0
508065.67392490874 3881298.92326992 40.0
508065.67392490874 3881298.92326992 40.0
508065.75610493164 3881298.7791758347 40.0
508065.75610493164 3881298.7791758347 40.0
508065.75610493164 3881298.7791758347 40.0
508065.8382947949 3881298.6239919937 40.0
508065.8382947949 3881298.6239919937 40.0
508065.91135792254 3881298.479889822 40.0
508065.91135792254 3881298.479889822 40.0
508065.99353795324 3881298.3357957387 40.0
508065.99353795324 3881298.3357957387 40.0
508066.07572782686 3881298.1806118977 40.0
508066.07572782686 3881298.1806118977 40.0
508066.14879096183 3881298.036509729 40.0
508066.14879096183 3881298.036509729 40.0
508066.24920480023 3881297.8924318287 40.0
508066.34050174284 3881297.7483458426 40.0
508066.34050174284 3881297.7483458426 40.0
508066.34050174284 3881297.7483458426 40.0
508066.4226916277 3881297.593162005 40.0
508066.4226916277 3881297.593162005 40.0
508066.5139984169 3881297.437986257 40.0
508066.5139984169 3881297.437986257 40.0
508066.5961883075 3881297.2828024207 40.0
508066.6783781986 3881297.127618585 40.0
508066.5961883075 3881297.2828024207 40.0
508066.76056809473 3881296.972434751 40.0
508066.76056809473 3881296.972434751 40.0
508066.76056809473 3881296.972434751 40.0
508066.8427481501 3881296.8283406766 40.0
508066.9158113081 3881296.6842385135 40.0
508066.9158113081 3881296.6842385135 40.0
508066.9158113081 3881296.6842385135 40.0
508066.9888744683 3881296.5401363513 40.0
508066.9888744683 3881296.5401363513 40.0
508067.07104469195 3881296.4071320402 40.0
508067.07104469195 3881296.4071320402 40.0
508067.1441078545 3881296.2630298785 40.0
508067.1441078545 3881296.2630298785 40.0
508067.20805411885 3881296.118919628 40.0
508067.2902341913 3881295.974825558 40.0
508067.2902341913 3881295.974825558 40.0
508067.2902341913 3881295.974825558 40.0
508067.3632875189 3881295.8418131596 40.0
508067.3632875189 3881295.8418131596 40.0
508067.44546759635 3881295.697719092 40.0
508067.44546759635 3881295.697719092 40.0
508067.5367645798 3881295.553633116 40.0
508067.5367645798 3881295.553633116 40.0
508067.6189446626 3881295.4095390504 40.0
508067.6189446626 3881295.4095390504 40.0
508067.701134588 3881295.2543552243 40.0
508067.701134588 3881295.2543552243 40.0
508067.87462151336 3881294.9550854275 40.0
508067.87462151336 3881294.9550854275 40.0
508067.9659381964 3881294.788819935 40.0
508067.9659381964 3881294.788819935 40.0
508068.05724504 3881294.6336442046 40.0
508068.05724504 3881294.6336442046 40.0
508068.1485617273 3881294.4673787123 40.0
508068.2398784202 3881294.3011132237 40.0
508068.1485617273 3881294.4673787123 40.0
508068.2398784202 3881294.3011132237 40.0
508068.3311951188 3881294.134847735 40.0
508068.3311951188 3881294.134847735 40.0
508068.4225216616 3881293.9574924875 40.0
508068.4225216616 3881293.9574924875 40.0
508068.5138383623 3881293.791227 40.0
508068.6051550687 3881293.624961515 40.0
508068.5138383623 3881293.791227 40.0
508068.6051550687 3881293.624961515 40.0
508068.6964717784 3881293.4586960296 40.0
508068.6964717784 3881293.4586960296 40.0
508068.7877983351 3881293.2813407853 40.0
508068.7877983351 3881293.2813407853 40.0
508068.8699981456 3881293.11506721 40.0
508068.8699981456 3881293.11506721 40.0
508068.9613050191 3881292.959891489 40.0
508068.9613050191 3881292.959891489 40.0
508069.05262174195 3881292.793626007 40.0
508069.05262174195 3881292.793626007 40.0
508069.13481171767 3881292.638442194 40.0
508069.30830858415 3881292.328082666 40.0
508069.30830858415 3881292.328082666 40.0
508069.3904887217 3881292.1839886163 40.0
508069.3904887217 3881292.1839886163 40.0
508069.4817956157 3881292.028812899 40.0
508069.4817956157 3881292.028812899 40.0
508069.5548588515 3881291.8847107594 40.0
508069.5548588515 3881291.8847107594 40.0
508069.6461657536 3881291.729535044 40.0
508069.6461657536 3881291.729535044 40.0
508069.6461657536 3881291.729535044 40.0
508069.72835574666 3881291.5743512376 40.0
508069.72835574666 3881291.5743512376 40.0
508069.81965280994 3881291.4302652855 40.0
508069.81965280994 3881291.4302652855 40.0
508069.9109597165 3881291.275089574 40.0
508069.9109597165 3881291.275089574 40.0
508070.01138353633 3881291.1199219567 40.0
508070.01138353633 3881291.1199219567 40.0
508070.1118172049 3881290.9536645804 40.0
508070.2122508772 3881290.787407206 40.0
508070.1118172049 3881290.9536645804 40.0
508070.2122508772 3881290.787407206 40.0
508070.3126845531 3881290.621149832 40.0
508070.41312807595 3881290.4438026985 40.0
508070.41312807595 3881290.4438026985 40.0
508070.5135617593 3881290.2775453264 40.0
508070.5135617593 3881290.2775453264 40.0
508070.5135617593 3881290.2775453264 40.0
508070.60488838557 3881290.1001901007 40.0
508070.60488838557 3881290.1001901007 40.0
508070.7053220762 3881289.9339327323 40.0
508070.7053220762 3881289.9339327323 40.0
508070.7966388589 3881289.7676672684 40.0
508070.88795564725 3881289.6014018054 40.0
508070.7966388589 3881289.7676672684 40.0
508070.88795564725 3881289.6014018054 40.0
508070.970145683 3881289.446218011 40.0
508070.970145683 3881289.446218011 40.0
508071.0614427849 3881289.3021320733 40.0
508071.13449622336 3881289.169119705 40.0
508071.13449622336 3881289.169119705 40.0
508071.13449622336 3881289.169119705 40.0
508071.2075595082 3881289.0250175768 40.0
508071.2075595082 3881289.0250175768 40.0
508071.2806031044 3881288.903094972 40.0
508071.34453963663 3881288.770074511 40.0
508071.34453963663 3881288.770074511 40.0
508071.34453963663 3881288.770074511 40.0
508071.4084564794 3881288.659233572 40.0
508071.4084564794 3881288.659233572 40.0
508071.46325641085 3881288.548384539 40.0
508071.46325641085 3881288.548384539 40.0
508071.51804649667 3881288.4486252647 40.0
508071.51804649667 3881288.4486252647 40.0
508071.57283658837 3881288.3488659933 40.0
508071.57283658837 3881288.3488659933 40.0
508071.6184900716 3881288.271278145 40.0
508071.6641435556 3881288.193690299 40.0
508071.6641435556 3881288.193690299 40.0
508071.6641435556 3881288.193690299 40.0
508071.7006801318 3881288.116094357 40.0
508071.7006801318 3881288.116094357 40.0
508071.73720685666 3881288.049588175 40.0
508071.73720685666 3881288.049588175 40.0
508071.7737335868 3881287.9830819946 40.0
508071.81027016236 3881287.9054860547 40.0
508071.7737335868 3881287.9830819946 40.0
508071.81027016236 3881287.9054860547 40.0
508071.83767013496 3881287.850061537 40.0
508071.83767013496 3881287.850061537 40.0
508071.8741968666 3881287.783555357 40.0
508071.8741968666 3881287.783555357 40.0
508071.9016066827 3881287.7170410813 40.0
508071.92900665646 3881287.6616165666 40.0
508071.92900665646 3881287.6616165666 40.0
508071.92900665646 3881287.6616165666 40.0
508071.96554323466 3881287.5840206253 40.0
508071.96554323466 3881287.5840206253 40.0
508071.9929530544 3881287.5175063494 40.0
508071.9929530544 3881287.5175063494 40.0
508072.0294797861 3881287.4510001685 40.0
508072.0294797861 3881287.4510001685 40.0
508072.06600652076 3881287.3844939894 40.0
508072.06600652076 3881287.3844939894 40.0
508072.11165016535 3881287.317995907 40.0
508072.11165016535 3881287.317995907 40.0
508072.1481867488 3881287.2403999674 40.0
508072.1938303947 3881287.1739018825 40.0
508072.1938303947 3881287.1739018825 40.0
508072.1938303947 3881287.1739018825 40.0
508072.23948389146 3881287.096314039 40.0
508072.23948389146 3881287.096314039 40.0
508072.28513738664 3881287.0187261957 40.0
508072.28513738664 3881287.0187261957 40.0
508072.37644438166 3881286.8635505103 40.0
508072.37644438166 3881286.8635505103 40.0
508072.42209787923 3881286.7859626687 40.0
508072.42209787923 3881286.7859626687 40.0
508072.4677513775 3881286.708374825 40.0
508072.4677513775 3881286.708374825 40.0
508072.5134048789 3881286.630786983 40.0
508072.5134048789 3881286.630786983 40.0
508072.55904853053 3881286.564288901 40.0
508072.613828792 3881286.475619396 40.0
508072.55904853053 3881286.564288901 40.0
508072.613828792 3881286.475619396 40.0
508072.6594822981 3881286.3980315547 40.0
508072.6594822981 3881286.3980315547 40.0
508072.7142625616 3881286.309362049 40.0
508072.7142625616 3881286.309362049 40.0
508072.75991606707 3881286.231774208 40.0
508072.75991606707 3881286.231774208 40.0
508072.814686484 3881286.1541944654 40.0
508072.814686484 3881286.1541944654 40.0
508072.8603498374 3881286.065516863 40.0
508072.8603498374 3881286.065516863 40.0
508072.89688643225 3881285.987920927 40.0
508072.89688643225 3881285.987920927 40.0
508072.9425202412 3881285.9325126065 40.0
508072.97903713986 3881285.877096191 40.0
508072.97903713986 3881285.877096191 40.0
508072.97903713986 3881285.877096191 40.0
508073.0155540366 3881285.821679777 40.0
508073.0155540366 3881285.821679777 40.0
508073.07947091805 3881285.7108388497 40.0
508073.07947091805 3881285.7108388497 40.0
508073.10686105606 3881285.666504098 40.0
508073.10686105606 3881285.666504098 40.0
508073.1342511897 3881285.622169347 40.0
508073.1342511897 3881285.622169347 40.0
508073.1616610262 3881285.5556550752 40.0
508073.1616610262 3881285.5556550752 40.0
508073.19818777667 3881285.4891488985 40.0
508073.19818777667 3881285.4891488985 40.0
508073.2438412881 3881285.4115610626 40.0
508073.2438412881 3881285.4115610626 40.0
508073.28950464935 3881285.3228834635 40.0
508073.28950464935 3881285.3228834635 40.0
508073.3442947769 3881285.223124201 40.0
508073.3442947769 3881285.223124201 40.0
508073.39909475256 3881285.1122751804 40.0
508073.463011646 3881285.0014342554 40.0
508073.463011646 3881285.0014342554 40.0
508073.463011646 3881285.0014342554 40.0
508073.52692853863 3881284.8905933313 40.0
508073.52692853863 3881284.8905933313 40.0
508073.59085528465 3881284.7686626473 40.0
508073.59085528465 3881284.7686626473 40.0
508073.66390879406 3881284.6356503014 40.0
508073.66390879406 3881284.6356503014 40.0
508073.73697215755 3881284.491548195 40.0
508073.73697215755 3881284.491548195 40.0
508073.8100158239 3881284.36962561 40.0
508073.8100158239 3881284.36962561 40.0
508073.87395242485 3881284.2366051683 40.0
508073.87395242485 3881284.2366051683 40.0
508073.94700594497 3881284.103592824 40.0
508073.94700594497 3881284.103592824 40.0
508074.02005946724 3881283.9705804815 40.0
508074.02005946724 3881283.9705804815 40.0
508074.0931129893 3881283.8375681387 40.0
508074.0931129893 3881283.8375681387 40.0
508074.16616651585 3881283.704555796 40.0
508074.16616651585 3881283.704555796 40.0
508074.23922989477 3881283.560453694 40.0
508074.3122834233 3881283.4274413534 40.0
508074.23922989477 3881283.560453694 40.0
508074.3944538721 3881283.2944371114 40.0
508074.3944538721 3881283.2944371114 40.0
508074.3944538721 3881283.2944371114 40.0
508074.4675074074 3881283.1614247714 40.0
508074.4675074074 3881283.1614247714 40.0
508074.5405707954 3881283.0173226716 40.0
508074.61362433276 3881282.8843103335 40.0
508074.61362433276 3881282.8843103335 40.0
508074.69580464164 3881282.7402163344 40.0
508074.69580464164 3881282.7402163344 40.0
508074.69580464164 3881282.7402163344 40.0
508074.7688680367 3881282.596114236 40.0
508074.8419314317 3881282.4520121403 40.0
508074.8419314317 3881282.4520121403 40.0
508074.9149948314 3881282.3079100437 40.0
508074.9149948314 3881282.3079100437 40.0
508074.9149948314 3881282.3079100437 40.0
508074.9880582333 3881282.163807948 40.0
508074.9880582333 3881282.163807948 40.0
508075.1341850418 3881281.875603758 40.0
508075.1341850418 3881281.875603758 40.0
508075.20724845066 3881281.731501664 40.0
508075.20724845066 3881281.731501664 40.0
508075.28030200803 3881281.598489331 40.0
508075.28030200803 3881281.598489331 40.0
508075.35336542147 3881281.4543872387 40.0
508075.4173119194 3881281.310277048 40.0
508075.4173119194 3881281.310277048 40.0
508075.4173119194 3881281.310277048 40.0
508075.4903753349 3881281.166174957 40.0
508075.4903753349 3881281.166174957 40.0
508075.5634387551 3881281.0220728666 40.0
508075.5634387551 3881281.0220728666 40.0
508075.63650217763 3881280.8779707756 40.0
508075.7004388297 3881280.744950347 40.0
508075.7004388297 3881280.744950347 40.0
508075.76438534044 3881280.6008401583 40.0
508075.76438534044 3881280.6008401583 40.0
508075.837438915 3881280.4678278305 40.0
508075.837438915 3881280.4678278305 40.0
508075.91049249395 3881280.3348155026 40.0
508075.91049249395 3881280.3348155026 40.0
508075.97442915384 3881280.2017950765 40.0
508075.97442915384 3881280.2017950765 40.0
508075.97442915384 3881280.2017950765 40.0
508076.0383658179 3881280.0687746494 40.0
508076.0383658179 3881280.0687746494 40.0
508076.11140954815 3881279.946852085 40.0
508076.175346216 3881279.813831659 40.0
508076.175346216 3881279.813831659 40.0
508076.175346216 3881279.813831659 40.0
508076.2392730307 3881279.691900995 40.0
508076.2392730307 3881279.691900995 40.0
508076.30320970225 3881279.5588805694 40.0
508076.30320970225 3881279.5588805694 40.0
508076.36713652045 3881279.436949907 40.0
508076.36713652045 3881279.436949907 40.0
508076.431073198 3881279.303929484 40.0
508076.431073198 3881279.303929484 40.0
508076.5041267903 3881279.1709171617 40.0
508076.5041267903 3881279.1709171617 40.0
508076.56806347164 3881279.0378967393 40.0
508076.6411170728 3881278.9048844175 40.0
508076.56806347164 3881279.0378967393 40.0
508076.7141706737 3881278.771872097 40.0
508076.7141706737 3881278.771872097 40.0
508076.7872341324 3881278.627770016 40.0
508076.7872341324 3881278.627770016 40.0
508076.86028774 3881278.494757697 40.0
508076.7872341324 3881278.627770016 40.0
508076.86028774 3881278.494757697 40.0
508076.9424681194 3881278.3506637183 40.0
508076.9424681194 3881278.3506637183 40.0
508077.024648506 3881278.2065697415 40.0
508077.024648506 3881278.2065697415 40.0
508077.09771197423 3881278.0624676635 40.0
508077.09771197423 3881278.0624676635 40.0
508077.17990221974 3881277.9072839255 40.0
508077.26209246804 3881277.7521001897 40.0
508077.17990221974 3881277.9072839255 40.0
508077.26209246804 3881277.7521001897 40.0
508077.3442728651 3881277.6080062147 40.0
508077.4355800406 3881277.4528305824 40.0
508077.3442728651 3881277.6080062147 40.0
508077.4355800406 3881277.4528305824 40.0
508077.5268872192 3881277.2976549496 40.0
508077.5268872192 3881277.2976549496 40.0
508077.6090774766 3881277.142471216 40.0
508077.70038466126 3881276.987295586 40.0
508077.6090774766 3881277.142471216 40.0
508077.70038466126 3881276.987295586 40.0
508077.7917017036 3881276.821030196 40.0
508077.7917017036 3881276.821030196 40.0
508077.8830187493 3881276.6547648082 40.0
508077.8830187493 3881276.6547648082 40.0
508077.9743259412 3881276.49958918 40.0
508077.9743259412 3881276.49958918 40.0
508078.06564299343 3881276.3333237926 40.0
508078.06564299343 3881276.3333237926 40.0
508078.147833271 3881276.1781400647 40.0
508078.2300235514 3881276.0229563382 40.0
508078.2300235514 3881276.0229563382 40.0
508078.31220397935 3881275.878862373 40.0
508078.31220397935 3881275.878862373 40.0
508078.31220397935 3881275.878862373 40.0
508078.39438440994 3881275.7347684074 40.0
508078.39438440994 3881275.7347684074 40.0
508078.46744791727 3881275.59066634 40.0
508078.46744791727 3881275.59066634 40.0
508078.54051142925 3881275.4465642734 40.0
508078.54051142925 3881275.4465642734 40.0
508078.6135650879 3881275.313551969 40.0
508078.6135650879 3881275.313551969 40.0
508078.6957455284 3881275.169458008 40.0
508078.6957455284 3881275.169458008 40.0
508078.7779259668 3881275.025364047 40.0
508078.8601064124 3881274.881270085 40.0
508078.8601064124 3881274.881270085 40.0
508078.9422967166 3881274.7260863646 40.0
508078.9422967166 3881274.7260863646 40.0
508078.9422967166 3881274.7260863646 40.0
508079.02448702365 3881274.570902644 40.0
508079.1157942582 3881274.41572703 40.0
508079.1157942582 3881274.41572703 40.0
508079.2071014958 3881274.260551415 40.0
508079.2071014958 3881274.260551415 40.0
508079.2071014958 3881274.260551415 40.0
508079.29840873426 3881274.105375801 40.0
508079.3806089094 3881273.939102326 40.0
508079.3806089094 3881273.939102326 40.0
508079.3806089094 3881273.939102326 40.0
508079.47191615636 3881273.783926713 40.0
508079.55410648085 3881273.6287429985 40.0
508079.55410648085 3881273.6287429985 40.0
508079.55410648085 3881273.6287429985 40.0
508079.64541373384 3881273.4735673885 40.0
508079.64541373384 3881273.4735673885 40.0
508079.72761392104 3881273.307293915 40.0
508079.72761392104 3881273.307293915 40.0
508079.8097943949 3881273.163199962 40.0
508079.8919847308 3881273.008016252 40.0
508079.8919847308 3881273.008016252 40.0
508079.8919847308 3881273.008016252 40.0
508079.98328213854 3881272.863930405 40.0
508080.1385261829 3881272.5757344025 40.0
508080.1385261829 3881272.5757344025 40.0
508080.1385261829 3881272.5757344025 40.0
508080.2115798856 3881272.442722112 40.0
508080.2115798856 3881272.442722112 40.0
508080.2846237352 3881272.320799581 40.0
508080.2846237352 3881272.320799581 40.0
508080.3576774444 3881272.18778729 40.0
508080.43072129565 3881272.0658647614 40.0
508080.43072129565 3881272.0658647614 40.0
508080.43072129565 3881272.0658647614 40.0
508080.50376515114 3881271.9439422316 40.0
508080.5768090086 3881271.822019703 40.0
508080.5768090086 3881271.822019703 40.0
508080.5768090086 3881271.822019703 40.0
508080.6498627237 3881271.689007416 40.0
508080.6498627237 3881271.689007416 40.0
508080.73202351277 3881271.5670929924 40.0
508080.8050772346 3881271.434080706 40.0
508080.73202351277 3881271.5670929924 40.0
508080.8050772346 3881271.434080706 40.0
508080.8872577446 3881271.2899867645 40.0
508080.8872577446 3881271.2899867645 40.0
508080.9785551853 3881271.145900928 40.0
508080.9785551853 3881271.145900928 40.0
508081.0698526266 3881271.0018150937 40.0
508081.0698526266 3881271.0018150937 40.0
508081.1520331448 3881270.8577211536 40.0
508081.1520331448 3881270.8577211536 40.0
508081.23421366554 3881270.713627215 40.0
508081.4076916436 3881270.4254474444 40.0
508081.4076916436 3881270.4254474444 40.0
508081.4076916436 3881270.4254474444 40.0
508081.4898721723 3881270.281353509 40.0
508081.4898721723 3881270.281353509 40.0
508081.56292591314 3881270.1483412297 40.0
508081.56292591314 3881270.1483412297 40.0
508081.6450965852 3881270.015337055 40.0
508081.7090334058 3881269.88231667 40.0
508081.7090334058 3881269.88231667 40.0
508081.7820772936 3881269.7603941513 40.0
508081.7820772936 3881269.7603941513 40.0
508081.7820772936 3881269.7603941513 40.0
508081.84599439666 3881269.6495532887 40.0
508081.9190382882 3881269.5276307706 40.0
508081.84599439666 3881269.6495532887 40.0
508081.97382860514 3881269.4278715625 40.0
508081.97382860514 3881269.4278715625 40.0
508081.97382860514 3881269.4278715625 40.0
508082.0377457106 3881269.3170307013 40.0
508082.0377457106 3881269.3170307013 40.0
508082.092526168 3881269.228361255 40.0
508082.092526168 3881269.228361255 40.0
508082.1473066311 3881269.139691808 40.0
508082.1473066311 3881269.139691808 40.0
508082.1929603006 3881269.062104017 40.0
508082.1929603006 3881269.062104017 40.0
508082.2386238309 3881268.9734264654 40.0
508082.2386238309 3881268.9734264654 40.0
508082.29340429464 3881268.8847570186 40.0
508082.29340429464 3881268.8847570186 40.0
508082.3390678268 3881268.796079468 40.0
508082.3390678268 3881268.796079468 40.0
508082.39384829026 3881268.707410023 40.0
508082.4395118266 3881268.618732473 40.0
508082.4395118266 3881268.618732473 40.0
508082.4395118266 3881268.618732473 40.0
508082.4943021524 3881268.5189732686 40.0
508082.4943021524 3881268.5189732686 40.0
508082.5490924817 3881268.4192140647 40.0
508082.5490924817 3881268.4192140647 40.0
508082.6038828099 3881268.3194548604 40.0
508082.6677900703 3881268.219703764 40.0
508082.6677900703 3881268.219703764 40.0
508082.6677900703 3881268.219703764 40.0
508082.7316973367 3881268.1199526666 40.0
508082.78649752936 3881268.009103704 40.0
508082.78649752936 3881268.009103704 40.0
508082.8504146569 3881267.898262847 40.0
508082.8504146569 3881267.898262847 40.0
508082.8504146569 3881267.898262847 40.0
508082.9143317837 3881267.787421992 40.0
508082.97825877526 3881267.6654913775 40.0
508082.9143317837 3881267.787421992 40.0
508082.97825877526 3881267.6654913775 40.0
508083.04217590526 3881267.554650523 40.0
508083.10609303677 3881267.443809669 40.0
508083.04217590526 3881267.554650523 40.0
508083.1608932427 3881267.3329607085 40.0
508083.10609303677 3881267.443809669 40.0
508083.1608932427 3881267.3329607085 40.0
508083.2156835841 3881267.2332015084 40.0
508083.2156835841 3881267.2332015084 40.0
508083.3161473408 3881267.033675003 40.0
508083.3618108922 3881266.944997457 40.0
508083.3618108922 3881266.944997457 40.0
508083.41659137903 3881266.8563280185 40.0
508083.41659137903 3881266.8563280185 40.0
508083.41659137903 3881266.8563280185 40.0
508083.4622549346 3881266.767650474 40.0
508083.5079184887 3881266.6789729293 40.0
508083.5079184887 3881266.6789729293 40.0
508083.5079184887 3881266.6789729293 40.0
508083.5535919053 3881266.5792056234 40.0
508083.5535919053 3881266.5792056234 40.0
508083.60837239627 3881266.4905361854 40.0
508083.60837239627 3881266.4905361854 40.0
508083.65403595316 3881266.401858642 40.0
508083.65403595316 3881266.401858642 40.0
508083.6997093727 3881266.3020913373 40.0
508083.7544898668 3881266.2134219003 40.0
508083.6997093727 3881266.3020913373 40.0
508083.80928022374 3881266.1136627044 40.0
508083.80928022374 3881266.1136627044 40.0
508083.80928022374 3881266.1136627044 40.0
508083.86407057964 3881266.013903509 40.0
508083.9188609367 3881265.914144313 40.0
508083.9188609367 3881265.914144313 40.0
508083.9188609367 3881265.914144313 40.0
508083.97366115934 3881265.8032953585 40.0
508083.97366115934 3881265.8032953585 40.0
508084.0284515212 3881265.703536163 40.0
508084.0284515212 3881265.703536163 40.0
508084.0923588155 3881265.603785078 40.0
508084.0923588155 3881265.603785078 40.0
508084.1471590398 3881265.492936122 40.0
508084.1471590398 3881265.492936122 40.0
508084.21106634155 3881265.3931850363 40.0
508084.21106634155 3881265.3931850363 40.0
508084.265876431 3881265.2712463224 40.0
508084.265876431 3881265.2712463224 40.0
508084.32979359344 3881265.1604054775 40.0
508084.32979359344 3881265.1604054775 40.0
508084.39371075976 3881265.049564634 40.0
508084.457637788 3881264.9276340287 40.0
508084.457637788 3881264.9276340287 40.0
508084.457637788 3881264.9276340287 40.0
508084.5124380231 3881264.8167850776 40.0
508084.5124380231 3881264.8167850776 40.0
508084.57635519176 3881264.7059442345 40.0
508084.57635519176 3881264.7059442345 40.0
508084.6402723666 3881264.595103391 40.0
508084.6402723666 3881264.595103391 40.0
508084.7041994013 3881264.4731727885 40.0
508084.7041994013 3881264.4731727885 40.0
508084.7681165747 3881264.3623319473 40.0
508084.83204361505 3881264.2404013453 40.0
508084.83204361505 3881264.2404013453 40.0
508084.83204361505 3881264.2404013453 40.0
508084.89596079156 3881264.1295605046 40.0
508084.89596079156 3881264.1295605046 40.0
508084.9598878353 3881264.007629904 40.0
508085.032931816 3881263.8857074124 40.0
508085.032931816 3881263.8857074124 40.0
508085.0968588609 3881263.7637768122 40.0
508085.032931816 3881263.8857074124 40.0
508085.1607859076 3881263.641846213 40.0
508085.1607859076 3881263.641846213 40.0
508085.23382989626 3881263.519923723 40.0
508085.23382989626 3881263.519923723 40.0
508085.23382989626 3881263.519923723 40.0
508085.29775694874 3881263.3979931255 40.0
508085.36168400064 3881263.276062528 40.0
508085.36168400064 3881263.276062528 40.0
508085.4347477203 3881263.131960519 40.0
508085.4347477203 3881263.131960519 40.0
508085.49867477594 3881263.010029923 40.0
508085.4347477203 3881263.131960519 40.0
508085.49867477594 3881263.010029923 40.0
508085.56261169957 3881262.877009566 40.0
508085.56261169957 3881262.877009566 40.0
508085.62653875863 3881262.755078971 40.0
508085.62653875863 3881262.755078971 40.0
508085.6995926225 3881262.6220667255 40.0
508085.7635196852 3881262.5001361314 40.0
508085.7635196852 3881262.5001361314 40.0
508085.7635196852 3881262.5001361314 40.0
508085.83656368876 3881262.3782136464 40.0
508085.83656368876 3881262.3782136464 40.0
508085.90049075504 3881262.256283053 40.0
508085.9735248978 3881262.1454503285 40.0
508085.9735248978 3881262.1454503285 40.0
508085.9735248978 3881262.1454503285 40.0
508086.0374519722 3881262.023519737 40.0
508086.0374519722 3881262.023519737 40.0
508086.11048611626 3881261.912687015 40.0
508086.11048611626 3881261.912687015 40.0
508086.17441319174 3881261.790756422 40.0
508086.17441319174 3881261.790756422 40.0
508086.24745720415 3881261.668833941 40.0
508086.24745720415 3881261.668833941 40.0
508086.31138428324 3881261.5469033513 40.0
508086.31138428324 3881261.5469033513 40.0
508086.38442829944 3881261.4249808714 40.0
508086.448355382 3881261.3030502805 40.0
508086.448355382 3881261.3030502805 40.0
508086.52139940433 3881261.181127802 40.0
508086.52139940433 3881261.181127802 40.0
508086.5944434263 3881261.059205324 40.0
508086.5944434263 3881261.059205324 40.0
508086.5944434263 3881261.059205324 40.0
508086.6674973179 3881260.9261930855 40.0
508086.6674973179 3881260.9261930855 40.0
508086.74054134614 3881260.8042706084 40.0
508086.74054134614 3881260.8042706084 40.0
508086.81359523954 3881260.6712583713 40.0
508086.81359523954 3881260.6712583713 40.0
508086.8866491374 3881260.5382461357 40.0
508086.8866491374 3881260.5382461357 40.0
508086.96882984194 3881260.394152251 40.0
508086.96882984194 3881260.394152251 40.0
508087.0418837443 3881260.2611400164 40.0
508087.0418837443 3881260.2611400164 40.0
508087.1240644515 3881260.117046133 40.0
508087.1240644515 3881260.117046133 40.0
508087.20623529755 3881259.9840420107 40.0
508087.20623529755 3881259.9840420107 40.0
508087.28841601213 3881259.8399481294 40.0
508087.37059672695 3881259.695854247 40.0
508087.37059672695 3881259.695854247 40.0
508087.37059672695 3881259.695854247 40.0
508087.452787313 3881259.5406706077 40.0
508087.452787313 3881259.5406706077 40.0
508087.5349680355 3881259.3965767287 40.0
508087.5349680355 3881259.3965767287 40.0
508087.6171487606 3881259.2524828482 40.0
508087.6171487606 3881259.2524828482 40.0
508087.6993294882 3881259.1083889725 40.0
508087.6993294882 3881259.1083889725 40.0
508087.7723932759 3881258.964286983 40.0
508087.7723932759 3881258.964286983 40.0
508087.85458387545 3881258.8091033455 40.0
508087.85458387545 3881258.8091033455 40.0
508087.93677447777 3881258.653919711 40.0
508087.93677447777 3881258.653919711 40.0
508088.01895521587 3881258.509825837 40.0
508088.01895521587 3881258.509825837 40.0
508088.1011458237 3881258.3546422017 40.0
508088.1011458237 3881258.3546422017 40.0
508088.192453373 3881258.1994666797 40.0
508088.192453373 3881258.1994666797 40.0
508088.27463411924 3881258.0553728077 40.0
508088.27463411924 3881258.0553728077 40.0
508088.35682473547 3881257.9001891767 40.0
508088.4390153522 3881257.745005544 40.0
508088.4390153522 3881257.745005544 40.0
508088.4390153522 3881257.745005544 40.0
508088.5211961065 3881257.600911674 40.0
508088.5211961065 3881257.600911674 40.0
508088.60337686335 3881257.456817805 40.0
508088.60337686335 3881257.456817805 40.0
508088.6764406809 3881257.312715824 40.0
508088.6764406809 3881257.312715824 40.0
508088.75861157494 3881257.179711716 40.0
508088.75861157494 3881257.179711716 40.0
508088.8316655245 3881257.0466994974 40.0
508088.8316655245 3881257.0466994974 40.0
508088.90470961516 3881256.924777037 40.0
508088.90470961516 3881256.924777037 40.0
508088.9777438373 3881256.8139443393 40.0
508088.9777438373 3881256.8139443393 40.0
508089.05077805655 3881256.70311164 40.0
508089.05077805655 3881256.70311164 40.0
508089.1146854736 3881256.60336059 40.0
508089.1785928875 3881256.5036095413 40.0
508089.1785928875 3881256.5036095413 40.0
508089.1785928875 3881256.5036095413 40.0
508089.24251017347 3881256.392768732 40.0
508089.24251017347 3881256.392768732 40.0
508089.3064175902 3881256.2930176817 40.0
508089.37032501056 3881256.1932666344 40.0
508089.3064175902 3881256.2930176817 40.0
508089.37032501056 3881256.1932666344 40.0
508089.4433493732 3881256.0935236993 40.0
508089.4433493732 3881256.0935236993 40.0
508089.50726666534 3881255.9826828917 40.0
508089.50726666534 3881255.9826828917 40.0
508089.58029103343 3881255.8829399575 40.0
508089.6533252698 3881255.772107264 40.0
508089.6533252698 3881255.772107264 40.0
508089.6533252698 3881255.772107264 40.0
508089.73547645385 3881255.6612826856 40.0
508089.8085106962 3881255.550449993 40.0
508089.73547645385 3881255.6612826856 40.0
508089.8085106962 3881255.550449993 40.0
508089.881544938 3881255.439617302 40.0
508089.9636961278 3881255.3287927257 40.0
508089.9636961278 3881255.3287927257 40.0
508089.9636961278 3881255.3287927257 40.0
508090.03674024506 3881255.2068702765 40.0
508090.03674024506 3881255.2068702765 40.0
508090.1189013084 3881255.0849559414 40.0
508090.1189013084 3881255.0849559414 40.0
508090.20108211326 3881254.940862087 40.0
508090.2741459739 3881254.796760118 40.0
508090.20108211326 3881254.940862087 40.0
508090.2741459739 3881254.796760118 40.0
508090.35631691397 3881254.663756024 40.0
508090.35631691397 3881254.663756024 40.0
508090.4384878564 3881254.530751932 40.0
508090.52066866896 3881254.3866580813 40.0
508090.52066866896 3881254.3866580813 40.0
508090.60284948646 3881254.24256423 40.0
508090.60284948646 3881254.24256423 40.0
508090.60284948646 3881254.24256423 40.0
508090.6941472516 3881254.0984784956 40.0
508090.6941472516 3881254.0984784956 40.0
508090.77632807445 3881253.954384645 40.0
508090.77632807445 3881253.954384645 40.0
508090.85850889987 3881253.8102907976 40.0
508090.85850889987 3881253.8102907976 40.0
508090.9498066734 3881253.6662050644 40.0
508090.9498066734 3881253.6662050644 40.0
508091.03198750416 3881253.5221112184 40.0
508091.1141683352 3881253.378017372 40.0
508091.03198750416 3881253.5221112184 40.0
508091.1141683352 3881253.378017372 40.0
508091.19634917116 3881253.233923525 40.0
508091.19634917116 3881253.233923525 40.0
508091.28764695587 3881253.0898377965 40.0
508091.28764695587 3881253.0898377965 40.0
508091.36982779717 3881252.9457439524 40.0
508091.36982779717 3881252.9457439524 40.0
508091.45199876756 3881252.8127398705 40.0
508091.45199876756 3881252.8127398705 40.0
508091.5341894852 3881252.6575562684 40.0
508091.5341894852 3881252.6575562684 40.0
508091.6072533876 3881252.5134543125 40.0
508091.6072533876 3881252.5134543125 40.0
508091.6985610551 3881252.3582788254 40.0
508091.6985610551 3881252.3582788254 40.0
508091.77163483406 3881252.2030871115 40.0
508091.853815691 3881252.058993273 40.0
508091.853815691 3881252.058993273 40.0
508091.853815691 3881252.058993273 40.0
508091.93600642 3881251.903809674 40.0
508091.93600642 3881251.903809674 40.0
508092.0090703348 3881251.7597077214 40.0
508092.0912511995 3881251.6156138843 40.0
508092.0090703348 3881251.7597077214 40.0
508092.0912511995 3881251.6156138843 40.0
508092.17345181084 3881251.449340529 40.0
508092.17345181084 3881251.449340529 40.0
508092.25563268096 3881251.305246693 40.0
508092.25563268096 3881251.305246693 40.0
508092.33781355363 3881251.1611528574 40.0
508092.33781355363 3881251.1611528574 40.0
508092.42912124953 3881251.0059773815 40.0
508092.42912124953 3881251.0059773815 40.0
508092.51130212535 3881250.8618835476 40.0
508092.5934928786 3881250.7066999567 40.0
508092.5934928786 3881250.7066999567 40.0
508092.5934928786 3881250.7066999567 40.0
508092.6847907107 3881250.5626142407 40.0
508092.6847907107 3881250.5626142407 40.0
508092.7669814673 3881250.4074306493 40.0
508092.7669814673 3881250.4074306493 40.0
508092.8582793075 3881250.2633449375 40.0
508092.8582793075 3881250.2633449375 40.0
508092.94958701887 3881250.108169465 40.0
508092.94958701887 3881250.108169465 40.0
508093.0317876595 3881249.9418961178 40.0
508093.0317876595 3881249.9418961178 40.0
508093.1230953794 3881249.7867206465 40.0
508093.1230953794 3881249.7867206465 40.0
508093.2052762772 3881249.6426268206 40.0
508093.2052762772 3881249.6426268206 40.0
508093.2874670533 3881249.4874432357 40.0
508093.2874670533 3881249.4874432357 40.0
508093.3787747821 3881249.3322677687 40.0
508093.3787747821 3881249.3322677687 40.0
508093.4609754352 3881249.1659944234 40.0
508093.4609754352 3881249.1659944234 40.0
508093.55229304393 3881248.9997291984 40.0
508093.55229304393 3881248.9997291984 40.0
508093.6344937055 3881248.833455856 40.0
508093.6344937055 3881248.833455856 40.0
508093.71669437014 3881248.667182515 40.0
508093.80800211447 3881248.512007051 40.0
508093.80800211447 3881248.512007051 40.0
508093.80800211447 3881248.512007051 40.0
508093.8993098596 3881248.356831589 40.0
508093.9815006591 3881248.20164801 40.0
508093.9815006591 3881248.20164801 40.0
508094.07279853825 3881248.0575623107 40.0
508094.07279853825 3881248.0575623107 40.0
508094.07279853825 3881248.0575623107 40.0
508094.15497946896 3881247.913468492 40.0
508094.15497946896 3881247.913468492 40.0
508094.2371604023 3881247.769374675 40.0
508094.2371604023 3881247.769374675 40.0
508094.31934133824 3881247.62528086 40.0
508094.31934133824 3881247.62528086 40.0
508094.39240532496 3881247.481178927 40.0
508094.39240532496 3881247.481178927 40.0
508094.474586266 3881247.337085111 40.0
508094.54765025515 3881247.1929831803 40.0
508094.54765025515 3881247.1929831803 40.0
508094.62982132385 3881247.0599791273 40.0
508094.62982132385 3881247.0599791273 40.0
508094.7028754472 3881246.926966956 40.0
508094.62982132385 3881247.0599791273 40.0
508094.7028754472 3881246.926966956 40.0
508094.775939441 3881246.7828650256 40.0
508094.775939441 3881246.7828650256 40.0
508094.8489935688 3881246.6498528556 40.0
508094.9220575717 3881246.5057509276 40.0
508094.9220575717 3881246.5057509276 40.0
508095.0042286521 3881246.3727468764 40.0
508095.0042286521 3881246.3727468764 40.0
508095.0042286521 3881246.3727468764 40.0
508095.07728278183 3881246.239734709 40.0
508095.15945386916 3881246.106730662 40.0
508095.15945386916 3881246.106730662 40.0
508095.15945386916 3881246.106730662 40.0
508095.2325178814 3881245.9626287357 40.0
508095.2325178814 3881245.9626287357 40.0
508095.3146889735 3881245.8296246887 40.0
508095.3146889735 3881245.8296246887 40.0
508095.3877431121 3881245.6966125225 40.0
508095.46991420886 3881245.5636084774 40.0
508095.46991420886 3881245.5636084774 40.0
508095.46991420886 3881245.5636084774 40.0
508095.54297823034 3881245.419506553 40.0
508095.54297823034 3881245.419506553 40.0
508095.61602250166 3881245.2975841505 40.0
508095.61602250166 3881245.2975841505 40.0
508095.68907664897 3881245.164571987 40.0
508095.68907664897 3881245.164571987 40.0
508095.75300397014 3881245.0426414665 40.0
508095.75300397014 3881245.0426414665 40.0
508095.8169411671 3881244.909621185 40.0
508095.8169411671 3881244.909621185 40.0
508095.88998544624 3881244.7876987844 40.0
508095.9630297273 3881244.665776383 40.0
508095.9630297273 3881244.665776383 40.0
508095.9630297273 3881244.665776383 40.0
508096.02694717655 3881244.5549356234 40.0
508096.02694717655 3881244.5549356234 40.0
508096.0908745088 3881244.433005105 40.0
508096.0908745088 3881244.433005105 40.0
508096.1456750063 3881244.3221562253 40.0
508096.1456750063 3881244.3221562253 40.0
508096.20960233716 3881244.2002257067 40.0
508096.273529672 3881244.0782951894 40.0
508096.273529672 3881244.0782951894 40.0
508096.273529672 3881244.0782951894 40.0
508096.3374570063 3881243.956364672 40.0
508096.3374570063 3881243.956364672 40.0
508096.40138434456 3881243.8344341554 40.0
508096.40138434456 3881243.8344341554 40.0
508096.46531168226 3881243.712503638 40.0
508096.46531168226 3881243.712503638 40.0
508096.53836585925 3881243.579491482 40.0
508096.53836585925 3881243.579491482 40.0
508096.6022833231 3881243.468650726 40.0
508096.6022833231 3881243.468650726 40.0
508096.6753276243 3881243.3467283314 40.0
508096.6753276243 3881243.3467283314 40.0
508096.73926484666 3881243.2137080575 40.0
508096.73926484666 3881243.2137080575 40.0
508096.82142610784 3881243.091793785 40.0
508096.82142610784 3881243.091793785 40.0
508096.89448029274 3881242.958781632 40.0
508096.89448029274 3881242.958781632 40.0
508096.97664155834 3881242.8368673604 40.0
508096.97664155834 3881242.8368673604 40.0
508097.0588127018 3881242.7038633293 40.0
508097.0588127018 3881242.7038633293 40.0
508097.13187676895 3881242.55976142 40.0
508097.2140479195 3881242.4267573906 40.0
508097.2140479195 3881242.4267573906 40.0
508097.2140479195 3881242.4267573906 40.0
508097.28711199365 3881242.2826554812 40.0
508097.28711199365 3881242.2826554812 40.0
508097.36929302727 3881242.1385616944 40.0
508097.36929302727 3881242.1385616944 40.0
508097.4423571039 3881241.994459787 40.0
508097.4423571039 3881241.994459787 40.0
508097.52454802115 3881241.8392762407 40.0
508097.59761210496 3881241.6951743336 40.0
508097.59761210496 3881241.6951743336 40.0
508097.59761210496 3881241.6951743336 40.0
508097.66156910977 3881241.539974547 40.0
508097.7255162402 3881241.39586452 40.0
508097.7255162402 3881241.39586452 40.0
508097.7255162402 3881241.39586452 40.0
508097.7894732493 3881241.240664735 40.0
508097.7894732493 3881241.240664735 40.0
508097.8625274632 3881241.10765259 40.0
508097.8625274632 3881241.10765259 40.0
508097.92646472086 3881240.974632325 40.0
508097.92646472086 3881240.974632325 40.0
508097.9904019804 3881240.8416120606 40.0
508097.9904019804 3881240.8416120606 40.0
508098.04522228095 3881240.708583673 40.0
508098.04522228095 3881240.708583673 40.0
508098.1091397856 3881240.5977429296 40.0
508098.16395021003 3881240.475804302 40.0
508098.16395021003 3881240.475804302 40.0
508098.16395021003 3881240.475804302 40.0
508098.20963379997 3881240.3649473153 40.0
508098.20963379997 3881240.3649473153 40.0
508098.2644343477 3881240.2540984494 40.0
508098.2644343477 3881240.2540984494 40.0
508098.31010805815 3881240.1543312217 40.0
508098.31010805815 3881240.1543312217 40.0
508098.35578177194 3881240.0545639955 40.0
508098.35578177194 3881240.0545639955 40.0
508098.3923187659 3881239.976968166 40.0
508098.3923187659 3881239.976968166 40.0
508098.4380023611 3881239.866111178 40.0
508098.4745591159 3881239.76633583 40.0
508098.4745591159 3881239.76633583 40.0
508098.4745591159 3881239.76633583 40.0
508098.50197915477 3881239.6887318795 40.0
508098.50197915477 3881239.6887318795 40.0
508098.5385260289 3881239.6000462896 40.0
508098.5385260289 3881239.6000462896 40.0
508098.5750827882 3881239.5002709413 40.0
508098.5750827882 3881239.5002709413 40.0
508098.60251270625 3881239.411577232 40.0
508098.60251270625 3881239.411577232 40.0
508098.629952507 3881239.3117937613 40.0
508098.66649938386 3881239.2231081724 40.0
508098.66649938386 3881239.2231081724 40.0
508098.66649938386 3881239.2231081724 40.0
508098.6939391859 3881239.1233247025 40.0
508098.73048606876 3881239.034639115 40.0
508098.73048606876 3881239.034639115 40.0
508098.73048606876 3881239.034639115 40.0
508098.7670428301 3881238.934863767 40.0
508098.80357983435 3881238.857267939 40.0
508098.7670428301 3881238.934863767 40.0
508098.8401267147 3881238.768582353 40.0
508098.8401267147 3881238.768582353 40.0
508098.8401267147 3881238.768582353 40.0
508098.87667360046 3881238.6798967645 40.0
508098.87667360046 3881238.6798967645 40.0
508098.9132106044 3881238.6023009364 40.0
508098.9132106044 3881238.6023009364 40.0
508098.94974761124 3881238.52470511 40.0
508098.94974761124 3881238.52470511 40.0
508098.9954114575 3881238.4360276465 40.0
508098.9954114575 3881238.4360276465 40.0
508099.0410753047 3881238.3473501825 40.0
508099.0410753047 3881238.3473501825 40.0
508099.08672927466 3881238.2697624783 40.0
508099.08672927466 3881238.2697624783 40.0
508099.1415100847 3881238.1810931377 40.0
508099.1415100847 3881238.1810931377 40.0
508099.2054177398 3881238.0813421607 40.0
508099.2054177398 3881238.0813421607 40.0
508099.2601985521 3881237.9926728215 40.0
508099.2601985521 3881237.9926728215 40.0
508099.32410620985 3881237.892921846 40.0
508099.32410620985 3881237.892921846 40.0
508099.388013869 3881237.7931708694 40.0
508099.388013869 3881237.7931708694 40.0
508099.46104837203 3881237.6823382573 40.0
508099.46104837203 3881237.6823382573 40.0
508099.5158489511 3881237.5714893993 40.0
508099.5158489511 3881237.5714893993 40.0
508099.57064953155 3881237.460640544 40.0
508099.57064953155 3881237.460640544 40.0
508099.6163529158 3881237.3276040433 40.0
508099.6163529158 3881237.3276040433 40.0
508099.6620562991 3881237.194567544 40.0
508099.6620562991 3881237.194567544 40.0
508099.69864272146 3881237.0615229215 40.0
508099.69864272146 3881237.0615229215 40.0
508099.73521926603 3881236.939568059 40.0
508099.73521926603 3881236.939568059 40.0
508099.771785928 3881236.828702956 40.0
508099.771785928 3881236.828702956 40.0
508099.80835259316 3881236.717837854 40.0
508099.80835259316 3881236.717837854 40.0
508099.8358022942 3881236.6069646277 40.0
508099.8358022942 3881236.6069646277 40.0
508099.8814661587 3881236.518287169 40.0
508099.9271201427 3881236.440699469 40.0
508099.9271201427 3881236.440699469 40.0
508099.9271201427 3881236.440699469 40.0
508099.9636571668 3881236.3631036463 40.0
508099.9636571668 3881236.3631036463 40.0
508100.00019418926 3881236.285507823 40.0
508100.0367312146 3881236.207912001 40.0
508100.0367312146 3881236.207912001 40.0
508100.06416115444 3881236.1192182945 40.0
508100.06416115444 3881236.1192182945 40.0
508100.100698181 3881236.0416224715 40.0
508100.100698181 3881236.0416224715 40.0
508100.1281281266 3881235.9529287657 40.0
508100.1281281266 3881235.9529287657 40.0
508100.1281281266 3881235.9529287657 40.0
508100.1646750338 3881235.864243185 40.0
508100.21034878935 3881235.7644759677 40.0
508100.21034878935 3881235.7644759677 40.0
508100.2560324254 3881235.653618991 40.0
508100.2560324254 3881235.653618991 40.0
508100.2560324254 3881235.653618991 40.0
508100.3108330263 3881235.542770139 40.0
508100.3108330263 3881235.542770139 40.0
508100.42953143665 3881235.343260078 40.0
508100.42953143665 3881235.343260078 40.0
508100.4752249596 3881235.221313343 40.0
508100.4752249596 3881235.221313343 40.0
508100.5300255658 3881235.110464492 40.0
508100.5300255658 3881235.110464492 40.0
508100.57571909355 3881234.9885177575 40.0
508100.57571909355 3881234.9885177575 40.0
508100.62141262024 3881234.866571022 40.0
508100.62141262024 3881234.866571022 40.0
508100.6670962658 3881234.7557140472 40.0
508100.6670962658 3881234.7557140472 40.0
508100.72189687716 3881234.6448651985 40.0
508100.72189687716 3881234.6448651985 40.0
508100.76758052735 3881234.534008225 40.0
508100.76758052735 3881234.534008225 40.0
508100.804137329 3881234.434232886 40.0
508100.804137329 3881234.434232886 40.0
508100.8406941337 3881234.3344575483 40.0
508100.87726081954 3881234.223592449 40.0
508100.87726081954 3881234.223592449 40.0
508100.9138176259 3881234.123817112 40.0
508100.9138176259 3881234.123817112 40.0
508100.9138176259 3881234.123817112 40.0
508100.9412574632 3881234.024033649 40.0
508100.9412574632 3881234.024033649 40.0
508100.9686973057 3881233.9242501855 40.0
508101.0052541143 3881233.8244748493 40.0
508100.9686973057 3881233.9242501855 40.0
508101.0052541143 3881233.8244748493 40.0
508101.04181092134 3881233.724699511 40.0
508101.04181092134 3881233.724699511 40.0
508101.0783677315 3881233.624924174 40.0
508101.0783677315 3881233.624924174 40.0
508101.11492453783 3881233.525148837 40.0
508101.11492453783 3881233.525148837 40.0
508101.1606081961 3881233.4142918633 40.0
508101.1606081961 3881233.4142918633 40.0
508101.1971748918 3881233.3034267686 40.0
508101.1971748918 3881233.3034267686 40.0
508101.2428684352 3881233.181480038 40.0
508101.28856198216 3881233.059533306 40.0
508101.2428684352 3881233.181480038 40.0
508101.3251286785 3881232.948668211 40.0
508101.3251286785 3881232.948668211 40.0
508101.3616953781 3881232.8378031156 40.0
508101.3616953781 3881232.8378031156 40.0
508101.3982620762 3881232.726938019 40.0
508101.3982620762 3881232.726938019 40.0
508101.43482877756 3881232.616072924 40.0
508101.3982620762 3881232.726938019 40.0
508101.43482877756 3881232.616072924 40.0
508101.47138559417 3881232.5162975886 40.0
508101.47138559417 3881232.5162975886 40.0
508101.49882544467 3881232.4165141275 40.0
508101.49882544467 3881232.4165141275 40.0
508101.5445091131 3881232.305657158 40.0
508101.58106593444 3881232.205881824 40.0
508101.58106593444 3881232.205881824 40.0
508101.58106593444 3881232.205881824 40.0
508101.6176227543 3881232.106106489 40.0
508101.6176227543 3881232.106106489 40.0
508101.6907265151 3881231.917645577 40.0
508101.72727345367 3881231.8289600033 40.0
508101.6907265151 3881231.917645577 40.0
508101.754713309 3881231.7291765437 40.0
508101.754713309 3881231.7291765437 40.0
508101.754713309 3881231.7291765437 40.0
508101.7821432836 3881231.640482843 40.0
508101.7821432836 3881231.640482843 40.0
508101.80958314013 3881231.540699382 40.0
508101.80958314013 3881231.540699382 40.0
508101.84613008134 3881231.452013808 40.0
508101.8826869094 3881231.352238476 40.0
508101.8826869094 3881231.352238476 40.0
508101.91923385207 3881231.2635529004 40.0
508101.91923385207 3881231.2635529004 40.0
508101.96491753374 3881231.1526959343 40.0
508101.96491753374 3881231.1526959343 40.0
508101.96491753374 3881231.1526959343 40.0
508102.001474362 3881231.0529206 40.0
508102.001474362 3881231.0529206 40.0
508102.0471481617 3881230.9531533937 40.0
508102.0471481617 3881230.9531533937 40.0
508102.0837049916 3881230.8533780593 40.0
508102.1293787909 3881230.7536108536 40.0
508102.0837049916 3881230.8533780593 40.0
508102.1293787909 3881230.7536108536 40.0
508102.1659455067 3881230.64274576 40.0
508102.1659455067 3881230.64274576 40.0
508102.21162919217 3881230.531888795 40.0
508102.21162919217 3881230.531888795 40.0
508102.2481860279 3881230.4321134617 40.0
508102.2481860279 3881230.4321134617 40.0
508102.2847428621 3881230.33233813 40.0
508102.2847428621 3881230.33233813 40.0
508102.3212898151 3881230.2436525584 40.0
508102.3212898151 3881230.2436525584 40.0
508102.3578466509 3881230.1438772264 40.0
508102.3852766338 3881230.055183528 40.0
508102.3852766338 3881230.055183528 40.0
508102.40357976576 3881229.977571463 40.0
508102.3852766338 3881230.055183528 40.0
508102.42188289337 3881229.899959398 40.0
508102.42188289337 3881229.899959398 40.0
508102.42188289337 3881229.899959398 40.0
508102.44931287994 3881229.811265701 40.0
508102.44931287994 3881229.811265701 40.0
508102.4676160106 3881229.7336536376 40.0
508102.4676160106 3881229.7336536376 40.0
508102.4859191439 3881229.656041572 40.0
508102.4859191439 3881229.656041572 40.0
508102.50421238824 3881229.589519267 40.0
508102.50421238824 3881229.589519267 40.0
508102.52251552214 3881229.511907203 40.0
508102.52251552214 3881229.511907203 40.0
508102.53171156876 3881229.4231972513 40.0
508102.53171156876 3881229.4231972513 40.0
508102.55001470086 3881229.3455851884 40.0
508102.5683178333 3881229.267973124 40.0
508102.5683178333 3881229.267973124 40.0
508102.5683178333 3881229.267973124 40.0
508102.58663085074 3881229.1792713 40.0
508102.58663085074 3881229.1792713 40.0
508102.6049339838 3881229.1016592365 40.0
508102.6232371195 3881229.024047172 40.0
508102.6232371195 3881229.024047172 40.0
508102.6232371195 3881229.024047172 40.0
508102.6415402509 3881228.946435108 40.0
508102.6415402509 3881228.946435108 40.0
508102.65984338726 3881228.868823045 40.0
508102.6781465216 3881228.791210981 40.0
508102.6781465216 3881228.791210981 40.0
508102.6781465216 3881228.791210981 40.0
508102.69642988895 3881228.7357784365 40.0
508102.69642988895 3881228.7357784365 40.0
508102.71472313674 3881228.6692561316 40.0
508102.7330163871 3881228.6027338277 40.0
508102.7330163871 3881228.6027338277 40.0
508102.7330163871 3881228.6027338277 40.0
508102.74219266925 3881228.536203397 40.0
508102.74219266925 3881228.536203397 40.0
508102.76048592007 3881228.4696810925 40.0
508102.76048592007 3881228.4696810925 40.0
508102.7787692839 3881228.414248548 40.0
508102.7879356817 3881228.3588078767 40.0
508102.7787692839 3881228.414248548 40.0
508102.7879356817 3881228.3588078767 40.0
508102.79711196217 3881228.292277446 40.0
508102.79711196217 3881228.292277446 40.0
508102.80627835786 3881228.2368367757 40.0
508102.8245617248 3881228.1814042307 40.0
508102.8245617248 3881228.1814042307 40.0
508102.8245617248 3881228.1814042307 40.0
508102.833738008 3881228.1148738014 40.0
508102.85207080026 3881228.003992458 40.0
508102.833738008 3881228.1148738014 40.0
508102.85207080026 3881228.003992458 40.0
508102.8612371943 3881227.9485517866 40.0
508102.87039370567 3881227.904200876 40.0
508102.87039370567 3881227.904200876 40.0
508102.87039370567 3881227.904200876 40.0
508102.8795601045 3881227.8487602053 40.0
508102.89785335766 3881227.7822379004 40.0
508102.89785335766 3881227.7822379004 40.0
508102.89785335766 3881227.7822379004 40.0
508102.9070296395 3881227.7157074716 40.0
508102.9253228955 3881227.649185167 40.0
508102.9253228955 3881227.649185167 40.0
508102.9253228955 3881227.649185167 40.0
508102.9436161471 3881227.5826628637 40.0
508102.9436161471 3881227.5826628637 40.0
508102.9710263754 3881227.516148686 40.0
508102.99843659945 3881227.449634509 40.0
508102.9710263754 3881227.516148686 40.0
508102.99843659945 3881227.449634509 40.0
508103.02584682853 3881227.383120332 40.0
508103.02584682853 3881227.383120332 40.0
508103.06237403007 3881227.3166142832 40.0
508103.06237403007 3881227.3166142832 40.0
508103.0897842577 3881227.250100106 40.0
508103.0897842577 3881227.250100106 40.0
508103.1172043711 3881227.1724961693 40.0
508103.1172043711 3881227.1724961693 40.0
508103.15373157174 3881227.1059901207 40.0
508103.15373157174 3881227.1059901207 40.0
508103.20856191777 3881226.9618720086 40.0
508103.20856191777 3881226.9618720086 40.0
508103.235982033 3881226.884268071 40.0
508103.26340214873 3881226.8066641362 40.0
508103.26340214873 3881226.8066641362 40.0
508103.26340214873 3881226.8066641362 40.0
508103.299949123 3881226.7179785683 40.0
508103.299949123 3881226.7179785683 40.0
508103.3273791276 3881226.629284873 40.0
508103.36393599113 3881226.5295095453 40.0
508103.36393599113 3881226.5295095453 40.0
508103.36393599113 3881226.5295095453 40.0
508103.4004928532 3881226.4297342193 40.0
508103.4004928532 3881226.4297342193 40.0
508103.437049716 3881226.3299588915 40.0
508103.437049716 3881226.3299588915 40.0
508103.47361646534 3881226.2190938056 40.0
508103.47361646534 3881226.2190938056 40.0
508103.5193001888 3881226.108236846 40.0
508103.5193001888 3881226.108236846 40.0
508103.5558570565 3881226.00846152 40.0
508103.5558570565 3881226.00846152 40.0
508103.5924139227 3881225.908686193 40.0
508103.5924139227 3881225.908686193 40.0
508103.6289510202 3881225.831090387 40.0
508103.6289510202 3881225.831090387 40.0
508103.6472343969 3881225.7756578433 40.0
508103.6655177739 3881225.720225301 40.0
508103.6655177739 3881225.720225301 40.0
508103.70207464474 3881225.620449976 40.0
508103.70207464474 3881225.620449976 40.0
508103.70207464474 3881225.620449976 40.0
508103.7020944168 3881225.5982704563 40.0
508103.7020944168 3881225.5982704563 40.0
508103.71123116254 3881225.5760990656 40.0
508103.71125093463 3881225.5539195463 40.0
508103.71125093463 3881225.5539195463 40.0
508103.71125093463 3881225.5539195463 40.0
508103.7112805927 3881225.5206502685 40.0
508103.72043711063 3881225.4762993576 40.0
508103.7112805927 3881225.5206502685 40.0
508103.72043711063 3881225.4762993576 40.0
508103.7295837426 3881225.443038207 40.0
508103.73874025844 3881225.398687296 40.0
508103.73874025844 3881225.398687296 40.0
508103.75702363905 3881225.3432547543 40.0
508103.75702363905 3881225.3432547543 40.0
508103.76618015737 3881225.298903844 40.0
508103.76618015737 3881225.298903844 40.0
508103.76618015737 3881225.298903844 40.0
508103.784463536 3881225.2434713007 40.0
508103.8027469172 3881225.188038759 40.0
508103.8027469172 3881225.188038759 40.0
508103.8210401801 3881225.1215164564 40.0
508103.8210401801 3881225.1215164564 40.0
508103.8393334479 3881225.0549941557 40.0
508103.8393334479 3881225.0549941557 40.0
508103.85763659986 3881224.9773820937 40.0
508103.85763659986 3881224.9773820937 40.0
508103.85763659986 3881224.9773820937 40.0
508103.9033401067 3881224.844345618 40.0
508103.9307602365 3881224.766741685 40.0
508103.9307602365 3881224.766741685 40.0
508103.94906338985 3881224.6891296245 40.0
508103.94906338985 3881224.6891296245 40.0
508103.97649340454 3881224.6004359317 40.0
508103.97649340454 3881224.6004359317 40.0
508104.00392341975 3881224.5117422384 40.0
508104.00392341975 3881224.5117422384 40.0
508104.0313534355 3881224.4230485465 40.0
508104.0313534355 3881224.4230485465 40.0
508104.0587834541 3881224.334354854 40.0
508104.0587834541 3881224.334354854 40.0
508104.0587834541 3881224.334354854 40.0
508104.0770866094 3881224.2567427927 40.0
508104.0770866094 3881224.2567427927 40.0
508104.10450674244 3881224.17913886 40.0
508104.10450674244 3881224.17913886 40.0
508104.1228098961 3881224.1015268 40.0
508104.1228098961 3881224.1015268 40.0
508104.15023003 3881224.0239228676 40.0
508104.15023003 3881224.0239228676 40.0
508104.1776402731 3881223.9574086936 40.0
508104.1776402731 3881223.9574086936 40.0
508104.19594343245 3881223.8797966335 40.0
508104.19594343245 3881223.8797966335 40.0
508104.22336356534 3881223.8021927015 40.0
508104.250773812 3881223.7356785294 40.0
508104.250773812 3881223.7356785294 40.0
508104.250773812 3881223.7356785294 40.0
508104.28738013085 3881223.5804544077 40.0
508104.28738013085 3881223.5804544077 40.0
508104.30568328954 3881223.5028423485 40.0
508104.30568328954 3881223.5028423485 40.0
508104.3239765641 3881223.436320047 40.0
508104.3239765641 3881223.436320047 40.0
508104.33314297156 3881223.380879379 40.0
508104.33314297156 3881223.380879379 40.0
508104.34231926827 3881223.31434895 40.0
508104.34231926827 3881223.31434895 40.0
508104.3514757915 3881223.26999804 40.0
508104.3514757915 3881223.26999804 40.0
508104.3515252255 3881223.214549244 40.0
508104.3515252255 3881223.214549244 40.0
508104.3515548859 3881223.181279965 40.0
508104.3515548859 3881223.181279965 40.0
508104.36070152477 3881223.1480188146 40.0
508104.36070152477 3881223.1480188146 40.0
508104.3516240935 3881223.103651649 40.0
508104.3516240935 3881223.103651649 40.0
508104.3516537539 3881223.070382371 40.0
508104.3516537539 3881223.070382371 40.0
508104.342566438 3881223.037104964 40.0
508104.342566438 3881223.037104964 40.0
508104.33344946173 3881223.0370968357 40.0
508104.33344946173 3881223.0370968357 40.0
508104.32435226126 3881223.01490919 40.0
508104.32435226126 3881223.01490919 40.0
508104.3243720348 3881222.992729671 40.0
508104.3243720348 3881222.992729671 40.0
508104.3153341525 3881222.9040034674 40.0
508104.30627649423 3881222.837456783 40.0
508104.3153341525 3881222.9040034674 40.0
508104.30627649423 3881222.837456783 40.0
508104.3063358147 3881222.770918226 40.0
508104.3063358147 3881222.770918226 40.0
508104.2973078187 3881222.671102264 40.0
508104.2973078187 3881222.671102264 40.0
508104.28827982256 3881222.571286302 40.0
508104.27926171286 3881222.46038058 40.0
508104.27926171286 3881222.46038058 40.0
508104.27926171286 3881222.46038058 40.0
508104.26112662366 3881222.3494667294 40.0
508104.23388444824 3881222.227454991 40.0
508104.23388444824 3881222.227454991 40.0
508104.20665215404 3881222.0943534956 40.0
508104.20665215404 3881222.0943534956 40.0
508104.20665215404 3881222.0943534956 40.0
508104.16126499913 3881221.872517668 40.0
508104.16126499913 3881221.872517668 40.0
508104.13404258934 3881221.7283264133 40.0
508104.13404258934 3881221.7283264133 40.0
508104.0886455443 3881221.5175803453 40.0
508104.0886455443 3881221.5175803453 40.0
508104.0341414032 3881221.295736392 40.0
508104.0341414032 3881221.295736392 40.0
508104.00688933284 3881221.1848144145 40.0
508104.00688933284 3881221.1848144145 40.0
508103.9796372618 3881221.0738924374 40.0
508103.9796372618 3881221.0738924374 40.0
508103.9432583254 3881220.9740520935 40.0
508103.9432583254 3881220.9740520935 40.0
508103.9159963643 3881220.8742198744 40.0
508103.9159963643 3881220.8742198744 40.0
508103.85236535256 3881220.6634575548 40.0
508103.85236535256 3881220.6634575548 40.0
508103.82510338956 3881220.5636253376 40.0
508103.82510338956 3881220.5636253376 40.0
508103.7887244494 3881220.4637849936 40.0
508103.7887244494 3881220.4637849936 40.0
508103.7614526014 3881220.3750425368 40.0
508103.7614526014 3881220.3750425368 40.0
508103.73418075277 3881220.286300079 40.0
508103.70690890367 3881220.197557621 40.0
508103.70690890367 3881220.197557621 40.0
508103.70690890367 3881220.197557621 40.0
508102.9045949507 3881220.219021968 40.0
508102.9045949507 3881220.219021968 40.0
508102.76790945564 3881220.1412717556 40.0
508102.76790945564 3881220.1412717556 40.0
508102.68590606435 3881220.085749821 40.0
508102.68590606435 3881220.085749821 40.0
508102.6130196513 3881220.0302360137 40.0
508102.6130196513 3881220.0302360137 40.0
508102.54924033454 3881219.9858200923 40.0
508102.40347739117 3881219.863702722 40.0
508102.54924033454 3881219.9858200923 40.0
508102.40347739117 3881219.863702722 40.0
508102.3305613217 3881219.841458194 40.0
508102.3305613217 3881219.841458194 40.0
508102.2485381566 3881219.8081157827 40.0
508102.2485381566 3881219.8081157827 40.0
508102.1665051068 3881219.785863131 40.0
508102.1665051068 3881219.785863131 40.0
508102.075355077 3881219.7636023555 40.0
508101.9842149306 3881219.7302518194 40.0
508101.9842149306 3881219.7302518194 40.0
508101.9842149306 3881219.7302518194 40.0
508101.89307478594 3881219.6969012865 40.0
508101.7928077749 3881219.6746323872 40.0
508101.7928077749 3881219.6746323872 40.0
508101.68343366723 3881219.641265604 40.0
508101.68343366723 3881219.641265604 40.0
508101.58318642195 3881219.596817188 40.0
508101.58318642195 3881219.596817188 40.0
508101.47381231026 3881219.5634504086 40.0
508101.47381231026 3881219.5634504086 40.0
508101.47381231026 3881219.5634504086 40.0
508101.35534098884 3881219.507895986 40.0
508101.35534098884 3881219.507895986 40.0
508101.24597676063 3881219.463439449 40.0
508101.14573939407 3881219.407901279 40.0
508101.14573939407 3881219.407901279 40.0
508101.04550202633 3881219.3523631105 40.0
508101.04550202633 3881219.3523631105 40.0
508100.8632414823 3881219.2634825436 40.0
508100.8632414823 3881219.2634825436 40.0
508100.8632414823 3881219.2634825436 40.0
508100.78123807145 3881219.207960626 40.0
508100.78123807145 3881219.207960626 40.0
508100.6992247796 3881219.163528469 40.0
508100.6263284649 3881219.119104438 40.0
508100.6263284649 3881219.119104438 40.0
508100.6263284649 3881219.119104438 40.0
508100.5534222673 3881219.0857701655 40.0
508100.5534222673 3881219.0857701655 40.0
508100.4805259536 3881219.0413461337 40.0
508100.4805259536 3881219.0413461337 40.0
508100.41673673515 3881219.008019989 40.0
508100.41673673515 3881219.008019989 40.0
508100.3438404178 3881218.963595959 40.0
508100.3438404178 3881218.963595959 40.0
508100.2618172398 3881218.930253565 40.0
508100.18892092106 3881218.8858295367 40.0
508100.18892092106 3881218.8858295367 40.0
508100.18892092106 3881218.8858295367 40.0
508100.10690762114 3881218.841397386 40.0
508100.00666036166 3881218.7969489875 40.0
508100.00666036166 3881218.7969489875 40.0
508099.9064130965 3881218.7525005904 40.0
508099.9064130965 3881218.7525005904 40.0
508099.9064130965 3881218.7525005904 40.0
508099.79705873335 3881218.696954312 40.0
508099.6785873882 3881218.6413999107 40.0
508099.79705873335 3881218.696954312 40.0
508099.6785873882 3881218.6413999107 40.0
508099.5601160415 3881218.5858455133 40.0
508099.5601160415 3881218.5858455133 40.0
508099.4325375934 3881218.5191932325 40.0
508099.31406624365 3881218.463638837 40.0
508099.31406624365 3881218.463638837 40.0
508099.31406624365 3881218.463638837 40.0
508099.195604773 3881218.396994682 40.0
508099.195604773 3881218.396994682 40.0
508099.0862504012 3881218.3414484127 40.0
508098.97688614787 3881218.296991904 40.0
508098.97688614787 3881218.296991904 40.0
508098.87664875464 3881218.2414537584 40.0
508098.87664875464 3881218.2414537584 40.0
508098.87664875464 3881218.2414537584 40.0
508098.77640148025 3881218.1970053744 40.0
508098.77640148025 3881218.1970053744 40.0
508098.6852711837 3881218.152565113 40.0
508098.6852711837 3881218.152565113 40.0
508098.5941408909 3881218.108124853 40.0
508098.5941408909 3881218.108124853 40.0
508098.5121176965 3881218.074782475 40.0
508098.5121176965 3881218.074782475 40.0
508098.43922136474 3881218.030358461 40.0
508098.3663151504 3881217.9970242064 40.0
508098.3663151504 3881217.9970242064 40.0
508098.2843018336 3881217.952592072 40.0
508098.3663151504 3881217.9970242064 40.0
508098.1931715345 3881217.908151815 40.0
508098.1931715345 3881217.908151815 40.0
508098.0929341346 3881217.8526136796 40.0
508098.1931715345 3881217.908151815 40.0
508098.0929341346 3881217.8526136796 40.0
508097.8650985027 3881217.7526028045 40.0
508097.8650985027 3881217.7526028045 40.0
508097.71929594356 3881217.674844549 40.0
508097.71929594356 3881217.674844549 40.0
508097.56437640253 3881217.59707817 40.0
508097.3912228929 3881217.5192955537 40.0
508097.3912228929 3881217.5192955537 40.0
508097.3912228929 3881217.5192955537 40.0
508097.2180792607 3881217.4304231815 40.0
508097.2180792607 3881217.4304231815 40.0
508097.044925745 3881217.352640572 40.0
508097.044925745 3881217.352640572 40.0
508096.87178210396 3881217.2637682064 40.0
508096.87178210396 3881217.2637682064 40.0
508096.707755444 3881217.174903964 40.0
508096.707755444 3881217.174903964 40.0
508096.53460191906 3881217.097121364 40.0
508096.53460191906 3881217.097121364 40.0
508096.3705752505 3881217.0082571274 40.0
508096.3705752505 3881217.0082571274 40.0
508096.2065387042 3881216.9304826553 40.0
508096.2065387042 3881216.9304826553 40.0
508096.04249227844 3881216.863797944 40.0
508095.89668968954 3881216.7860397147 40.0
508095.89668968954 3881216.7860397147 40.0
508095.74176024157 3881216.7193631283 40.0
508095.74176024157 3881216.7193631283 40.0
508095.74176024157 3881216.7193631283 40.0
508095.595947774 3881216.652694663 40.0
508095.595947774 3881216.652694663 40.0
508095.4592522847 3881216.5860343203 40.0
508095.4592522847 3881216.5860343203 40.0
508095.31342993723 3881216.5304556196 40.0
508095.31342993723 3881216.5304556196 40.0
508095.17673444404 3881216.4637952815 40.0
508095.17673444404 3881216.4637952815 40.0
508095.0309120928 3881216.4082165845 40.0
508094.88509961276 3881216.3415481313 40.0
508094.88509961276 3881216.3415481313 40.0
508094.73928713286 3881216.2748796805 40.0
508094.88509961276 3881216.3415481313 40.0
508094.73928713286 3881216.2748796805 40.0
508094.593464776 3881216.219300993 40.0
508094.593464776 3881216.219300993 40.0
508094.4385451812 3881216.141534669 40.0
508094.4385451812 3881216.141534669 40.0
508094.2836157139 3881216.0748581067 40.0
508094.1286862397 3881216.008181548 40.0
508094.1286862397 3881216.008181548 40.0
508094.1286862397 3881216.008181548 40.0
508093.9737567632 3881215.9415049916 40.0
508093.9737567632 3881215.9415049916 40.0
508093.8188174129 3881215.885918198 40.0
508093.8188174129 3881215.885918198 40.0
508093.6638879321 3881215.8192416476 40.0
508093.6638879321 3881215.8192416476 40.0
508093.49984146777 3881215.7525569825 40.0
508093.49984146777 3881215.7525569825 40.0
508093.3540190926 3881215.6969783125 40.0
508093.3540190926 3881215.6969783125 40.0
508093.1990896075 3881215.63030177 40.0
508093.1990896075 3881215.63030177 40.0
508093.0441502472 3881215.574714988 40.0
508093.0441502472 3881215.574714988 40.0
508092.8892207577 3881215.5080384514 40.0
508092.8892207577 3881215.5080384514 40.0
508092.74339837494 3881215.4524597907 40.0
508092.74339837494 3881215.4524597907 40.0
508092.5884590088 3881215.396873019 40.0
508092.5884590088 3881215.396873019 40.0
508092.4426366224 3881215.3412943645 40.0
508092.4426366224 3881215.3412943645 40.0
508092.29682410863 3881215.274625953 40.0
508092.15100172086 3881215.219047304 40.0
508092.15100172086 3881215.219047304 40.0
508092.00517932896 3881215.163468655 40.0
508092.00517932896 3881215.163468655 40.0
508092.00517932896 3881215.163468655 40.0
508091.86847392184 3881215.1078981278 40.0
508091.86847392184 3881215.1078981278 40.0
508091.7226515288 3881215.0523194824 40.0
508091.58594611596 3881214.996748957 40.0
508091.7226515288 3881215.0523194824 40.0
508091.44012371707 3881214.9411703194 40.0
508091.44012371707 3881214.9411703194 40.0
508091.29430131876 3881214.8855916834 40.0
508091.29430131876 3881214.8855916834 40.0
508091.29430131876 3881214.8855916834 40.0
508091.1576057738 3881214.8189314054 40.0
508091.0117833718 3881214.7633527736 40.0
508091.0117833718 3881214.7633527736 40.0
508091.0117833718 3881214.7633527736 40.0
508090.8750779503 3881214.707782259 40.0
508090.8750779503 3881214.707782259 40.0
508090.72926541494 3881214.6411138726 40.0
508090.72926541494 3881214.6411138726 40.0
508090.5743260227 3881214.585527135 40.0
508090.5743260227 3881214.585527135 40.0
508090.42850361107 3881214.5299485116 40.0
508090.42850361107 3881214.5299485116 40.0
508090.2735740847 3881214.46327202 40.0
508090.2735740847 3881214.46327202 40.0
508090.1095275712 3881214.3965874156 40.0
508090.1095275712 3881214.3965874156 40.0
508089.9454810529 3881214.3299028147 40.0
508089.9454810529 3881214.3299028147 40.0
508089.7814246632 3881214.274307976 40.0
508089.7814246632 3881214.274307976 40.0
508089.61737814266 3881214.207623381 40.0
508089.61737814266 3881214.207623381 40.0
508089.45333161973 3881214.140938789 40.0
508089.28928509203 3881214.074254201 40.0
508089.28928509203 3881214.074254201 40.0
508089.28928509203 3881214.074254201 40.0
508089.13435554964 3881214.007577727 40.0
508089.13435554964 3881214.007577727 40.0
508088.9702991492 3881213.9519829024 40.0
508088.8062526146 3881213.8852983215 40.0
508088.8062526146 3881213.8852983215 40.0
508088.6422060799 3881213.8186137457 40.0
508088.6422060799 3881213.8186137457 40.0
508088.48726666096 3881213.763027042 40.0
508088.6422060799 3881213.8186137457 40.0
508088.48726666096 3881213.763027042 40.0
508088.32322011946 3881213.6963424706 40.0
508088.32322011946 3881213.6963424706 40.0
508088.0042341504 3881213.574071206 40.0
508088.0042341504 3881213.574071206 40.0
508087.84930458775 3881213.5073947553 40.0
508087.69436515874 3881213.4518080666 40.0
508087.69436515874 3881213.4518080666 40.0
508087.69436515874 3881213.4518080666 40.0
508087.53943559405 3881213.385131621 40.0
508087.53943559405 3881213.385131621 40.0
508087.38450602477 3881213.318455177 40.0
508087.38450602477 3881213.318455177 40.0
508087.22957645555 3881213.2517787353 40.0
508087.22957645555 3881213.2517787353 40.0
508087.0655200299 3881213.196183947 40.0
508087.0655200299 3881213.196183947 40.0
508086.9106003218 3881213.1184177524 40.0
508086.7556608781 3881213.0628310787 40.0
508086.7556608781 3881213.0628310787 40.0
508086.7556608781 3881213.0628310787 40.0
508086.5916143136 3881212.9961465374 40.0
508086.5916143136 3881212.9961465374 40.0
508086.4275677444 3881212.9294620017 40.0
508086.2635211751 3881212.862777467 40.0
508086.2635211751 3881212.862777467 40.0
508086.2635211751 3881212.862777467 40.0
508086.0903576145 3881212.7960848263 40.0
508086.0903576145 3881212.7960848263 40.0
508085.91719405376 3881212.7293921877 40.0
508085.91719405376 3881212.7293921877 40.0
508085.74403048813 3881212.6626995546 40.0
508085.5708669223 3881212.5960069224 40.0
508085.5708669223 3881212.5960069224 40.0
508085.5708669223 3881212.5960069224 40.0
508085.3885962285 3881212.518216427 40.0
508085.3885962285 3881212.518216427 40.0
508085.18808169436 3881212.4514994756 40.0
508085.18808169436 3881212.4514994756 40.0
508084.99669400736 3881212.373700879 40.0
508084.7870723431 3881212.2958860686 40.0
508084.7870723431 3881212.2958860686 40.0
508084.7870723431 3881212.2958860686 40.0
508084.5683435508 3881212.206973397 40.0
508084.3496048918 3881212.12915049 40.0
508084.3496048918 3881212.12915049 40.0
508084.13998321636 3881212.0513356947 40.0
508084.13998321636 3881212.0513356947 40.0
508084.13998321636 3881212.0513356947 40.0
508083.9303615373 3881211.9735209052 40.0
508083.72073985473 3881211.895706121 40.0
508083.72073985473 3881211.895706121 40.0
508083.72073985473 3881211.895706121 40.0
508083.5202351584 3881211.8178994474 40.0
508083.5202351584 3881211.8178994474 40.0
508083.3197205929 3881211.751182539 40.0
508083.3197205929 3881211.751182539 40.0
508083.12832301675 3881211.68447374 40.0
508083.12832301675 3881211.68447374 40.0
508082.94604242314 3881211.6177730532 40.0
508082.94604242314 3881211.6177730532 40.0
508082.772878817 3881211.5510804756 40.0
508082.772878817 3881211.5510804756 40.0
508082.599715206 3881211.4843879 40.0
508082.599715206 3881211.4843879 40.0
508082.27161209483 3881211.3621087344 40.0
508082.27161209483 3881211.3621087344 40.0
508082.12578958337 3881211.306530245 40.0
508082.12578958337 3881211.306530245 40.0
508081.9890741964 3881211.262049624 40.0
508081.9890741964 3881211.262049624 40.0
508081.85235881037 3881211.2175690033 40.0
508081.85235881037 3881211.2175690033 40.0
508081.7247604112 3881211.173096493 40.0
508081.7247604112 3881211.173096493 40.0
508081.60627899895 3881211.1286320877 40.0
508081.4877975832 3881211.084167684 40.0
508081.60627899895 3881211.1286320877 40.0
508081.4877975832 3881211.084167684 40.0
508081.3784233005 3881211.0508011463 40.0
508081.3784233005 3881211.0508011463 40.0
508081.27817585936 3881211.0063529555 40.0
508081.1779185633 3881210.972994526 40.0
508081.1779185633 3881210.972994526 40.0
508081.0867782526 3881210.9396442007 40.0
508081.0867782526 3881210.9396442007 40.0
508081.0867782526 3881210.9396442007 40.0
508081.0047352131 3881210.9284815006 40.0
508080.9227118898 3881210.895139282 40.0
508081.0047352131 3881210.9284815006 40.0
508080.9227118898 3881210.895139282 40.0
508080.8497956985 3881210.8728949274 40.0
508080.8497956985 3881210.8728949274 40.0
508080.77687950456 3881210.850650575 40.0
508080.77687950456 3881210.850650575 40.0
508080.7039731682 3881210.817316462 40.0
508080.7039731682 3881210.817316462 40.0
508080.6310569758 3881210.79507211 40.0
508080.6310569758 3881210.79507211 40.0
508080.54902379215 3881210.772819654 40.0
508080.54902379215 3881210.772819654 40.0
508080.46699060814 3881210.7505672 40.0
508080.46699060814 3881210.7505672 40.0
508080.37585029495 3881210.717216882 40.0
508080.27558313037 3881210.69494822 40.0
508080.27558313037 3881210.69494822 40.0
508080.27558313037 3881210.69494822 40.0
508080.17532582494 3881210.6615898013 40.0
508080.0659515324 3881210.6282232795 40.0
508080.0659515324 3881210.6282232795 40.0
508080.0659515324 3881210.6282232795 40.0
508079.9474602457 3881210.594848655 40.0
508079.9474602457 3881210.594848655 40.0
508079.8198519717 3881210.5614659293 40.0
508079.8198519717 3881210.5614659293 40.0
508079.70137054217 3881210.5170015497 40.0
508079.70137054217 3881210.5170015497 40.0
508079.57376226387 3881210.483618828 40.0
508079.57376226387 3881210.483618828 40.0
508079.4552906909 3881210.428064691 40.0
508079.4552906909 3881210.428064691 40.0
508079.3367994017 3881210.394690074 40.0
508079.21831796534 3881210.350225701 40.0
508079.21831796534 3881210.350225701 40.0
508079.1089535215 3881210.305769432 40.0
508079.21831796534 3881210.350225701 40.0
508079.1089535215 3881210.305769432 40.0
508079.0086962052 3881210.2724110247 40.0
508079.0086962052 3881210.2724110247 40.0
508078.8993317595 3881210.227954759 40.0
508078.80819143297 3881210.1946044555 40.0
508078.80819143297 3881210.1946044555 40.0
508078.80819143297 3881210.1946044555 40.0
508078.70794397214 3881210.1501562945 40.0
508078.607686655 3881210.1167978924 40.0
508078.607686655 3881210.1167978924 40.0
508078.49832220306 3881210.0723416307 40.0
508078.607686655 3881210.1167978924 40.0
508078.49832220306 3881210.0723416307 40.0
508078.38894789503 3881210.0389751294 40.0
508078.38894789503 3881210.0389751294 40.0
508078.27046645177 3881209.9945107666 40.0
508078.27046645177 3881209.9945107666 40.0
508078.1337510263 3881209.9500302044 40.0
508078.1337510263 3881209.9500302044 40.0
508077.98792846705 3881209.894451782 40.0
508077.84210590593 3881209.8388733626 40.0
508077.84210590593 3881209.8388733626 40.0
508077.84210590593 3881209.8388733626 40.0
508077.68716635124 3881209.783286844 40.0
508077.5140125258 3881209.7055046083 40.0
508077.68716635124 3881209.783286844 40.0
508077.3408389875 3881209.6499018935 40.0
508077.3408389875 3881209.6499018935 40.0
508077.3408389875 3881209.6499018935 40.0
508077.1767922904 3881209.5832175245 40.0
508077.1767922904 3881209.5832175245 40.0
508077.0036286011 3881209.516525056 40.0
508077.0036286011 3881209.516525056 40.0
508076.8304649139 3881209.4498325926 40.0
508076.65730121953 3881209.3831401323 40.0
508076.65730121953 3881209.3831401323 40.0
508076.48412767216 3881209.3275374332 40.0
508076.48412767216 3881209.3275374332 40.0
508076.32007111044 3881209.2719428395 40.0
508076.32007111044 3881209.2719428395 40.0
508076.14690740895 3881209.205250388 40.0
508076.14690740895 3881209.205250388 40.0
508075.98286069516 3881209.13856604 40.0
508075.98286069516 3881209.13856604 40.0
508075.8279309738 3881209.071889795 40.0
508075.8279309738 3881209.071889795 40.0
508075.8279309738 3881209.071889795 40.0
508075.6638842552 3881209.005205452 40.0
508075.6638842552 3881209.005205452 40.0
508075.518071515 3881208.9385373113 40.0
508075.36314178456 3881208.8718610727 40.0
508075.518071515 3881208.9385373113 40.0
508075.2082120495 3881208.8051848374 40.0
508075.2082120495 3881208.8051848374 40.0
508075.0532823145 3881208.738508606 40.0
508075.0532823145 3881208.738508606 40.0
508074.9074695655 3881208.6718404745 40.0
508074.9074695655 3881208.6718404745 40.0
508074.9074695655 3881208.6718404745 40.0
508074.7525398261 3881208.605164246 40.0
508074.7525398261 3881208.605164246 40.0
508074.597610082 3881208.5384880216 40.0
508074.4426803403 3881208.4718118 40.0
508074.4426803403 3881208.4718118 40.0
508074.2786336008 3881208.405127483 40.0
508074.2786336008 3881208.405127483 40.0
508074.2786336008 3881208.405127483 40.0
508074.123694 3881208.349541025 40.0
508074.123694 3881208.349541025 40.0
508073.9596472583 3881208.2828567135 40.0
508073.9596472583 3881208.2828567135 40.0
508073.78647367127 3881208.2272540666 40.0
508073.78647367127 3881208.2272540666 40.0
508073.61330993375 3881208.1605616636 40.0
508073.61330993375 3881208.1605616636 40.0
508073.4310292001 3881208.093861167 40.0
508073.4310292001 3881208.093861167 40.0
508073.25786545745 3881208.0271687726 40.0
508073.25786545745 3881208.0271687726 40.0
508073.0755847162 3881207.960468283 40.0
508073.0755847162 3881207.960468283 40.0
508072.893303977 3881207.893767797 40.0
508072.893303977 3881207.893767797 40.0
508072.7201402242 3881207.8270754116 40.0
508072.7201402242 3881207.8270754116 40.0
508072.5378594774 3881207.7603749335 40.0
508072.5378594774 3881207.7603749335 40.0
508072.35557873023 3881207.6936744587 40.0
508072.35557873023 3881207.6936744587 40.0
508072.1824248173 3881207.6158923246 40.0
508072.1824248173 3881207.6158923246 40.0
508072.0092610564 3881207.5491999537 40.0
508072.0092610564 3881207.5491999537 40.0
508071.84521428245 3881207.4825156797 40.0
508071.84521428245 3881207.4825156797 40.0
508071.69028450036 3881207.415839505 40.0
508071.69028450036 3881207.415839505 40.0
508071.3712980862 3881207.2935688267 40.0
508071.3712980862 3881207.2935688267 40.0
508071.2254852895 3881207.226900755 40.0
508071.2254852895 3881207.226900755 40.0
508071.0705554962 3881207.16022459 40.0
508071.0705554962 3881207.16022459 40.0
508070.91562570527 3881207.093548428 40.0
508070.91562570527 3881207.093548428 40.0
508070.7515690694 3881207.0379539365 40.0
508070.5966491173 3881206.9601880186 40.0
508070.7515690694 3881207.0379539365 40.0
508070.43261216785 3881206.8824140127 40.0
508070.43261216785 3881206.8824140127 40.0
508070.2594582254 3881206.804631915 40.0
508070.2594582254 3881206.804631915 40.0
508070.0863042776 3881206.726849822 40.0
508070.2594582254 3881206.804631915 40.0
508070.0863042776 3881206.726849822 40.0
508069.8949064992 3881206.6601413027 40.0
508069.8949064992 3881206.6601413027 40.0
508069.712645395 3881206.571261363 40.0
508069.712645395 3881206.571261363 40.0
508069.53037444764 3881206.4934711857 40.0
508069.32986950903 3881206.4156648275 40.0
508069.53037444764 3881206.4934711857 40.0
508069.32986950903 3881206.4156648275 40.0
508069.1384914038 3881206.326776806 40.0
508069.1384914038 3881206.326776806 40.0
508068.9379864605 3881206.2489704564 40.0
508068.9379864605 3881206.2489704564 40.0
508068.54609355226 3881206.093365861 40.0
508068.3455885964 3881206.015559524 40.0
508068.3455885964 3881206.015559524 40.0
508068.3455885964 3881206.015559524 40.0
508068.1542104732 3881205.926671524 40.0
508068.1542104732 3881205.926671524 40.0
508067.97192965494 3881205.859971138 40.0
508067.97192965494 3881205.859971138 40.0
508067.7896586762 3881205.782180996 40.0
508067.7896586762 3881205.782180996 40.0
508067.62561184424 3881205.7154968 40.0
508067.62561184424 3881205.7154968 40.0
508067.4615551635 3881205.6599023645 40.0
508067.4615551635 3881205.6599023645 40.0
508067.30662531604 3881205.593226264 40.0
508067.30662531604 3881205.593226264 40.0
508067.15168562724 3881205.5376399257 40.0
508067.0149897654 3881205.4709800133 40.0
508067.0149897654 3881205.4709800133 40.0
508067.0149897654 3881205.4709800133 40.0
508066.8874010545 3881205.4154179497 40.0
508066.7689194927 3881205.3709537406 40.0
508066.7689194927 3881205.3709537406 40.0
508066.7689194927 3881205.3709537406 40.0
508066.6413209381 3881205.32648144 40.0
508066.6413209381 3881205.32648144 40.0
508066.52283937635 3881205.2820172324 40.0
508066.52283937635 3881205.2820172324 40.0
508066.41347480746 3881205.237561116 40.0
508066.41347480746 3881205.237561116 40.0
508066.2949932434 3881205.193096912 40.0
508066.18562867236 3881205.1486407984 40.0
508066.18562867236 3881205.1486407984 40.0
508066.18562867236 3881205.1486407984 40.0
508066.0671569461 3881205.093086838 40.0
508066.0671569461 3881205.093086838 40.0
508065.9577923704 3881205.048630727 40.0
508065.9577923704 3881205.048630727 40.0
508065.8484277983 3881205.0041746176 40.0
508065.7481703775 3881204.970816358 40.0
508065.7481703775 3881204.970816358 40.0
508065.7481703775 3881204.970816358 40.0
508065.6388058011 3881204.926360251 40.0
508065.6388058011 3881204.926360251 40.0
508065.5294412214 3881204.8819041457 40.0
508065.5294412214 3881204.8819041457 40.0
508065.42919363966 3881204.8374561295 40.0
508065.3198290601 3881204.7930000275 40.0
508065.3198290601 3881204.7930000275 40.0
508065.21957163274 3881204.759641774 40.0
508065.21957163274 3881204.759641774 40.0
508065.21957163274 3881204.759641774 40.0
508065.11931420927 3881204.7262835205 40.0
508065.01905678277 3881204.6929252697 40.0
508065.11931420927 3881204.7262835205 40.0
508064.91880919185 3881204.6484772596 40.0
508064.91880919185 3881204.6484772596 40.0
508064.81855176605 3881204.6151190097 40.0
508064.91880919185 3881204.6484772596 40.0
508064.7182943372 3881204.5817607623 40.0
508064.7182943372 3881204.5817607623 40.0
508064.4995553259 3881204.503938333 40.0
508064.4995553259 3881204.503938333 40.0
508064.37194691016 3881204.470555825 40.0
508064.37194691016 3881204.470555825 40.0
508064.37194691016 3881204.470555825 40.0
508064.25346532615 3881204.4260916477 40.0
508064.1167497488 3881204.3816112955 40.0
508064.25346532615 3881204.4260916477 40.0
508063.98914133 3881204.3482287927 40.0
508063.98914133 3881204.3482287927 40.0
508063.98914133 3881204.3482287927 40.0
508063.86154274753 3881204.303756532 40.0
508063.86154274753 3881204.303756532 40.0
508063.73394416383 3881204.2592842723 40.0
508063.6063455766 3881204.2148120166 40.0
508063.6063455766 3881204.2148120166 40.0
508063.6063455766 3881204.2148120166 40.0
508063.496980983 3881204.170355935 40.0
508063.496980983 3881204.170355935 40.0
508063.3876163837 3881204.125899855 40.0
508063.28736878326 3881204.0814518644 40.0
508063.28736878326 3881204.0814518644 40.0
508063.28736878326 3881204.0814518644 40.0
508063.18711134297 3881204.048093633 40.0
508063.18711134297 3881204.048093633 40.0
508063.09598073363 3881204.0036537307 40.0
508063.0139671211 3881203.959221915 40.0
508063.09598073363 3881204.0036537307 40.0
508063.0139671211 3881203.959221915 40.0
508062.92283651 3881203.9147820137 40.0
508062.83170589805 3881203.870342114 40.0
508062.83170589805 3881203.870342114 40.0
508062.7405752852 3881203.8259022147 40.0
508062.7405752852 3881203.8259022147 40.0
508062.7405752852 3881203.8259022147 40.0
508062.64032767597 3881203.7814542307 40.0
508062.64032767597 3881203.7814542307 40.0
508062.53096307017 3881203.7369981613 40.0
508062.4124913032 3881203.681444248 40.0
508062.53096307017 3881203.7369981613 40.0
508062.4124913032 3881203.681444248 40.0
508062.2848927014 3881203.63697201 40.0
508062.2848927014 3881203.63697201 40.0
508062.14818694023 3881203.5814019293 40.0
508062.14818694023 3881203.5814019293 40.0
508062.0023641816 3881203.5258237645 40.0
508062.0023641816 3881203.5258237645 40.0
508061.8383074295 3881203.470229432 40.0
508061.8383074295 3881203.470229432 40.0
508061.683367669 3881203.4146431866 40.0
508061.683367669 3881203.4146431866 40.0
508061.519310913 3881203.3590488583 40.0
508061.35526398686 3881203.2923647757 40.0
508061.35526398686 3881203.2923647757 40.0
508061.2003242204 3881203.2367785396 40.0
508061.2003242204 3881203.2367785396 40.0
508061.2003242204 3881203.2367785396 40.0
508061.04539428826 3881203.170102547 40.0
508060.899571514 3881203.1145244 40.0
508060.899571514 3881203.1145244 40.0
508060.899571514 3881203.1145244 40.0
508060.7628657365 3881203.0589543404 40.0
508060.7628657365 3881203.0589543404 40.0
508060.49857117294 3881202.9478223096 40.0
508060.38009938103 3881202.8922684235 40.0
508060.38009938103 3881202.8922684235 40.0
508060.38009938103 3881202.8922684235 40.0
508060.26160792646 3881202.858894058 40.0
508060.26160792646 3881202.858894058 40.0
508060.15224329795 3881202.814438015 40.0
508060.15224329795 3881202.814438015 40.0
508060.04286883574 3881202.781071736 40.0
508059.8241395737 3881202.692159661 40.0
508059.8241395737 3881202.692159661 40.0
508059.8241395737 3881202.692159661 40.0
508059.72388210316 3881202.658801468 40.0
508059.6236246365 3881202.6254432765 40.0
508059.6236246365 3881202.6254432765 40.0
508059.6236246365 3881202.6254432765 40.0
508059.5233671668 3881202.592085086 40.0
508059.5233671668 3881202.592085086 40.0
508059.4231195306 3881202.547637137 40.0
508059.4231195306 3881202.547637137 40.0
508059.32286205696 3881202.5142789483 40.0
508059.2226144166 3881202.469831002 40.0
508059.2226144166 3881202.469831002 40.0
508059.2226144166 3881202.469831002 40.0
508059.12235694606 3881202.436472815 40.0
508059.12235694606 3881202.436472815 40.0
508059.0220994701 3881202.40311463 40.0
508059.0220994701 3881202.40311463 40.0
508058.92185182706 3881202.358666687 40.0
508058.92185182706 3881202.358666687 40.0
508058.8307113511 3881202.3253165865 40.0
508058.8307113511 3881202.3253165865 40.0
508058.73045387527 3881202.291958404 40.0
508058.73045387527 3881202.291958404 40.0
508058.63019639626 3881202.258600224 40.0
508058.5481729131 3881202.225258207 40.0
508058.5481729131 3881202.225258207 40.0
508058.5481729131 3881202.225258207 40.0
508058.45703243447 3881202.1919081104 40.0
508058.3749991217 3881202.1696558543 40.0
508058.3749991217 3881202.1696558543 40.0
508058.2929658062 3881202.1474036006 40.0
508058.2929658062 3881202.1474036006 40.0
508058.2929658062 3881202.1474036006 40.0
508058.2200494875 3881202.1251594294 40.0
508058.2200494875 3881202.1251594294 40.0
508058.1471429988 3881202.0918254983 40.0
508058.1471429988 3881202.0918254983 40.0
508058.0742266816 3881202.0695813266 40.0
508058.010427359 3881202.0473452383 40.0
508058.010427359 3881202.0473452383 40.0
508058.010427359 3881202.0473452383 40.0
508057.9466280384 3881202.0251091504 40.0
508057.9466280384 3881202.0251091504 40.0
508057.88283854525 3881201.9917833046 40.0
508057.88283854525 3881201.9917833046 40.0
508057.80992222665 3881201.969539135 40.0
508057.7278987378 3881201.936197125 40.0
508057.80992222665 3881201.969539135 40.0
508057.7278987378 3881201.936197125 40.0
508057.64586541866 3881201.9139448777 40.0
508057.64586541866 3881201.9139448777 40.0
508057.5365007638 3881201.869488868 40.0
508057.42712628294 3881201.8361226204 40.0
508057.42712628294 3881201.8361226204 40.0
508057.42712628294 3881201.8361226204 40.0
508057.30864462856 3881201.7916585333 40.0
508057.1719289802 3881201.747178287 40.0
508057.30864462856 3881201.7916585333 40.0
508057.0443401571 3881201.691616362 40.0
508057.0443401571 3881201.691616362 40.0
508056.91674150364 3881201.6471441993 40.0
508056.91674150364 3881201.6471441993 40.0
508056.78002585116 3881201.602663958 40.0
508056.91674150364 3881201.6471441993 40.0
508056.78002585116 3881201.602663958 40.0
508056.65242719284 3881201.558191799 40.0
508056.65242719284 3881201.558191799 40.0
508056.53394553333 3881201.513727723 40.0
508056.53394553333 3881201.513727723 40.0
508056.4063468749 3881201.469255567 40.0
508056.4063468749 3881201.469255567 40.0
508056.29698221094 3881201.424799573 40.0
508056.29698221094 3881201.424799573 40.0
508056.19673454616 3881201.380351661 40.0
508056.19673454616 3881201.380351661 40.0
508056.09648687573 3881201.3359037475 40.0
508056.005346377 3881201.302553676 40.0
508056.09648687573 3881201.3359037475 40.0
508056.005346377 3881201.302553676 40.0
508055.9233228756 3881201.2692116834 40.0
508055.9233228756 3881201.2692116834 40.0
508055.841289546 3881201.2469594516 40.0
508055.841289546 3881201.2469594516 40.0
508055.7683830439 3881201.2136255405 40.0
508055.7683830439 3881201.2136255405 40.0
508055.7045837097 3881201.191389468 40.0
508055.7045837097 3881201.191389468 40.0
508055.64990137564 3881201.169161474 40.0
508055.5952190413 3881201.1469334825 40.0
508055.5952190413 3881201.1469334825 40.0
508055.5952190413 3881201.1469334825 40.0
508055.5496537026 3881201.124713569 40.0
508055.5496537026 3881201.124713569 40.0
508055.50408836594 3881201.102493657 40.0
508055.50408836594 3881201.102493657 40.0
508055.458513202 3881201.0913635017 40.0
508055.458513202 3881201.0913635017 40.0
508055.42205503385 3881201.0802414278 40.0
508055.3764896967 3881201.058021515 40.0
508055.3764896967 3881201.058021515 40.0
508055.3764896967 3881201.058021515 40.0
508055.3217975341 3881201.046883283 40.0
508055.3217975341 3881201.046883283 40.0
508055.2579981953 3881201.0246472135 40.0
508055.2579981953 3881201.0246472135 40.0
508055.1759550352 3881201.013484746 40.0
508055.1759550352 3881201.013484746 40.0
508055.0939118772 3881201.00232228 40.0
508055.0939118772 3881201.00232228 40.0
508054.9936543731 3881200.96896414 40.0
508054.9936543731 3881200.96896414 40.0
508054.8933870418 3881200.946695759 40.0
508054.8933870418 3881200.946695759 40.0
508054.70199885475 3881200.868897802 40.0
508054.70199885475 3881200.868897802 40.0
508054.4650256718 3881200.791059458 40.0
508054.4650256718 3881200.791059458 40.0
508054.30093934527 3881200.7687345403 40.0
508054.06395633327 3881200.7019859683 40.0
508054.06395633327 3881200.7019859683 40.0
508053.8998896545 3881200.6574815353 40.0
508053.8998896545 3881200.6574815353 40.0
508053.75406679884 3881200.601903505 40.0
508053.75406679884 3881200.601903505 40.0
508053.61735111295 3881200.5574233118 40.0
508053.61735111295 3881200.5574233118 40.0
508053.48974260455 3881200.524040955 40.0
508053.48974260455 3881200.524040955 40.0
508053.3712609139 3881200.47957692 40.0
508053.3712609139 3881200.47957692 40.0
508053.26188639883 3881200.446210722 40.0
508053.26188639883 3881200.446210722 40.0
508053.16162888194 3881200.4128526016 40.0
508053.16162888194 3881200.4128526016 40.0
508053.0613713643 3881200.3794944817 40.0
508053.0613713643 3881200.3794944817 40.0
508053.0613713643 3881200.3794944817 40.0
508052.9793478461 3881200.346152517 40.0
508052.89731450105 3881200.3239003103 40.0
508052.89731450105 3881200.3239003103 40.0
508052.74236480886 3881200.279403978 40.0
508052.74236480886 3881200.279403978 40.0
508052.74236480886 3881200.279403978 40.0
508052.6876824598 3881200.257176002 40.0
508052.6330001127 3881200.2349480293 40.0
508052.6330001127 3881200.2349480293 40.0
508052.6330001127 3881200.2349480293 40.0
508052.56919094047 3881200.223801737 40.0
508052.4962745948 3881200.201557611 40.0
508052.4962745948 3881200.201557611 40.0
508052.4962745948 3881200.201557611 40.0
508052.43246542214 3881200.19041132 40.0
508052.3504320744 3881200.1681591203 40.0
508052.43246542214 3881200.19041132 40.0
508052.2775157277 3881200.1459149956 40.0
508052.2775157277 3881200.1459149956 40.0
508052.18636537995 3881200.1236547194 40.0
508052.18636537995 3881200.1236547194 40.0
508052.0952248571 3881200.0903046876 40.0
508052.0952248571 3881200.0903046876 40.0
508051.99496732967 3881200.0569465794 40.0
508051.99496732967 3881200.0569465794 40.0
508051.8855928045 3881200.023580399 40.0
508051.8855928045 3881200.023580399 40.0
508051.7762182786 3881199.9902142175 40.0
508051.7762182786 3881199.9902142175 40.0
508051.64861957566 3881199.9457421293 40.0
508051.64861957566 3881199.9457421293 40.0
508051.5301378708 3881199.901278118 40.0
508051.5301378708 3881199.901278118 40.0
508051.39342216594 3881199.8567979573 40.0
508051.5301378708 3881199.901278118 40.0
508051.39342216594 3881199.8567979573 40.0
508051.2567162794 3881199.801228041 40.0
508051.12000057165 3881199.7567478856 40.0
508051.12000057165 3881199.7567478856 40.0
508050.98329468427 3881199.7011779724 40.0
508050.98329468427 3881199.7011779724 40.0
508050.8465887952 3881199.6456080615 40.0
508050.8465887952 3881199.6456080615 40.0
508050.70989272336 3881199.578948394 40.0
508050.70989272336 3881199.578948394 40.0
508050.58230383054 3881199.523386562 40.0
508050.58230383054 3881199.523386562 40.0
508050.46382211504 3881199.4789225636 40.0
508050.46382211504 3881199.4789225636 40.0
508050.46382211504 3881199.4789225636 40.0
508050.34534039604 3881199.4344585678 40.0
508050.23597568047 3881199.3900026474 40.0
508050.34534039604 3881199.4344585678 40.0
508050.23597568047 3881199.3900026474 40.0
508050.1266109592 3881199.345546727 40.0
508050.1266109592 3881199.345546727 40.0
508050.03547042096 3881199.312196715 40.0
508050.03547042096 3881199.312196715 40.0
508049.9352227001 3881199.2677488727 40.0
508049.9352227001 3881199.2677488727 40.0
508049.8349651581 3881199.2343907873 40.0
508049.8349651581 3881199.2343907873 40.0
508049.7438344378 3881199.1899510194 40.0
508049.7438344378 3881199.1899510194 40.0
508049.64358671184 3881199.1455031796 40.0
508049.64358671184 3881199.1455031796 40.0
508049.5342121695 3881199.112137025 40.0
508049.5342121695 3881199.112137025 40.0
508049.41574026097 3881199.056583282 40.0
508049.41574026097 3881199.056583282 40.0
508049.2790245331 3881199.0121031543 40.0
508049.2790245331 3881199.0121031543 40.0
508049.1332016229 3881198.956525197 40.0
508048.9782617083 3881198.9009391693 40.0
508048.9782617083 3881198.9009391693 40.0
508048.79598061164 3881198.8342391686 40.0
508048.9782617083 3881198.9009391693 40.0
508048.6137093287 3881198.7564494135 40.0
508048.79598061164 3881198.8342391686 40.0
508048.4223112236 3881198.6897413475 40.0
508048.4223112236 3881198.6897413475 40.0
508048.4223112236 3881198.6897413475 40.0
508048.2218059332 3881198.6119354567 40.0
508048.2218059332 3881198.6119354567 40.0
508048.02129082143 3881198.5452193287 40.0
508047.82989270985 3881198.4785112753 40.0
508048.02129082143 3881198.5452193287 40.0
508047.82989270985 3881198.4785112753 40.0
508047.6293874098 3881198.400705397 40.0
508047.6293874098 3881198.400705397 40.0
508047.44711610826 3881198.3229156644 40.0
508047.44711610826 3881198.3229156644 40.0
508047.2557179878 3881198.256207624 40.0
508047.2557179878 3881198.256207624 40.0
508047.0825636813 3881198.1784259686 40.0
508046.9093995552 3881198.1117340764 40.0
508047.0825636813 3881198.1784259686 40.0
508046.9093995552 3881198.1117340764 40.0
508046.74535243015 3881198.045050258 40.0
508046.74535243015 3881198.045050258 40.0
508046.5904223017 3881197.9783745124 40.0
508046.5904223017 3881197.9783745124 40.0
508046.45372617606 3881197.911714909 40.0
508046.45372617606 3881197.911714909 40.0
508046.31703004614 3881197.8450553087 40.0
508046.31703004614 3881197.8450553087 40.0
508046.19855810376 3881197.789501608 40.0
508046.08007634664 3881197.745037667 40.0
508046.08007634664 3881197.745037667 40.0
508046.08007634664 3881197.745037667 40.0
508045.979828587 3881197.700589867 40.0
508045.979828587 3881197.700589867 40.0
508045.8795808286 3881197.6561420686 40.0
508045.8795808286 3881197.6561420686 40.0
508045.7793232563 3881197.622784029 40.0
508045.7793232563 3881197.622784029 40.0
508045.6881924978 3881197.578344302 40.0
508045.6881924978 3881197.578344302 40.0
508045.58793491934 3881197.5449862652 40.0
508045.58793491934 3881197.5449862652 40.0
508045.49679434655 3881197.511636299 40.0
508045.49679434655 3881197.511636299 40.0
508045.4056537708 3881197.4782863334 40.0
508045.4056537708 3881197.4782863334 40.0
508045.3145131943 3881197.444936367 40.0
508045.2142654322 3881197.4004885764 40.0
508045.2142654322 3881197.4004885764 40.0
508045.2142654322 3881197.4004885764 40.0
508045.1231248543 3881197.367138614 40.0
508044.9226195044 3881197.289332794 40.0
508045.1231248543 3881197.367138614 40.0
508044.8314789266 3881197.255982835 40.0
508044.8314789266 3881197.255982835 40.0
508044.8314789266 3881197.255982835 40.0
508044.7494455339 3881197.233730703 40.0
508044.7494455339 3881197.233730703 40.0
508044.6674219547 3881197.2003888125 40.0
508044.6674219547 3881197.2003888125 40.0
508044.59450556553 3881197.17814475 40.0
508044.5215891737 3881197.1559006884 40.0
508044.59450556553 3881197.17814475 40.0
508044.5215891737 3881197.1559006884 40.0
508044.45778978604 3881197.1336646946 40.0
508044.45778978604 3881197.1336646946 40.0
508044.4031073979 3881197.1114367703 40.0
508044.34842500946 3881197.0892088446 40.0
508044.34842500946 3881197.0892088446 40.0
508044.34842500946 3881197.0892088446 40.0
508044.2937426231 3881197.066980921 40.0
508044.24816742534 3881197.055850823 40.0
508044.24816742534 3881197.055850823 40.0
508044.1934850339 3881197.0336229005 40.0
508044.1934850339 3881197.0336229005 40.0
508044.1934850339 3881197.0336229005 40.0
508044.13880264683 3881197.011394976 40.0
508044.13880264683 3881197.011394976 40.0
508044.0750032572 3881196.989158986 40.0
508044.0750032572 3881196.989158986 40.0
508044.0111940518 3881196.9780127537 40.0
508043.9291704676 3881196.944670871 40.0
508044.0111940518 3881196.9780127537 40.0
508043.9291704676 3881196.944670871 40.0
508043.82891287806 3881196.911312853 40.0
508043.82891287806 3881196.911312853 40.0
508043.71953828767 3881196.8779467707 40.0
508043.71953828767 3881196.8779467707 40.0
508043.5919395018 3881196.833474796 40.0
508043.5919395018 3881196.833474796 40.0
508043.4643407124 3881196.7890028222 40.0
508043.4643407124 3881196.7890028222 40.0
508043.26382552576 3881196.7222867995 40.0
508043.0633201504 3881196.644481021 40.0
508043.0633201504 3881196.644481021 40.0
508042.9539455494 3881196.611114947 40.0
508042.9539455494 3881196.611114947 40.0
508042.9539455494 3881196.611114947 40.0
508042.8536977666 3881196.5666671824 40.0
508042.8536977666 3881196.5666671824 40.0
508042.73521597264 3881196.5222032857 40.0
508042.73521597264 3881196.5222032857 40.0
508042.63495837635 3881196.4888452813 40.0
508042.4162189824 3881196.411023385 40.0
508042.4162189824 3881196.411023385 40.0
508042.4162189824 3881196.411023385 40.0
508042.31597119017 3881196.366575627 40.0
508042.31597119017 3881196.366575627 40.0
508042.2065965877 3881196.333209561 40.0
508042.2065965877 3881196.333209561 40.0
508042.10634879593 3881196.288761804 40.0
508042.00609119015 3881196.2554038065 40.0
508042.00609119015 3881196.2554038065 40.0
508042.00609119015 3881196.2554038065 40.0
508041.9058335883 3881196.222045812 40.0
508041.3407952003 3881195.9775710814 40.0
508041.3407952003 3881195.9775710814 40.0
508041.3407952003 3881195.9775710814 40.0
508041.20410881593 3881195.8998217992 40.0
508041.09474401106 3881195.8553659874 40.0
508041.09474401106 3881195.8553659874 40.0
508041.09474401106 3881195.8553659874 40.0
508040.99450601795 3881195.799828485 40.0
508040.99450601795 3881195.799828485 40.0
508040.8942582144 3881195.7553807413 40.0
508040.8122346101 3881195.722038885 40.0
508040.8122346101 3881195.722038885 40.0
508040.7211038084 3881195.677599208 40.0
508040.7211038084 3881195.677599208 40.0
508040.7211038084 3881195.677599208 40.0
508040.6481972041 3881195.6442654184 40.0
508040.6481972041 3881195.6442654184 40.0
508040.58439779637 3881195.6220294526 40.0
508040.58439779637 3881195.6220294526 40.0
508040.5388323934 3881195.5998096145 40.0
508040.5388323934 3881195.5998096145 40.0
508040.49327680137 3881195.566500019 40.0
508040.4294773904 3881195.5442640535 40.0
508040.4294773904 3881195.5442640535 40.0
508040.35657078633 3881195.5109302653 40.0
508040.35657078633 3881195.5109302653 40.0
508040.35657078633 3881195.5109302653 40.0
508040.2836543708 3881195.488686239 40.0
508040.2836543708 3881195.488686239 40.0
508040.2016307596 3881195.4553443883 40.0
508040.2016307596 3881195.4553443883 40.0
508040.1104901439 3881195.421994477 40.0
508040.1104901439 3881195.421994477 40.0
508040.0193495275 3881195.3886445654 40.0
508040.0193495275 3881195.3886445654 40.0
508039.91909190884 3881195.355286591 40.0
508039.91909190884 3881195.355286591 40.0
508039.81883428484 3881195.3219286175 40.0
508039.81883428484 3881195.3219286175 40.0
508039.71858647256 3881195.277480888 40.0
508039.71858647256 3881195.277480888 40.0
508039.61832884926 3881195.244122916 40.0
508039.61832884926 3881195.244122916 40.0
508039.52719803696 3881195.1996832513 40.0
508039.4269502173 3881195.1552355248 40.0
508039.4269502173 3881195.1552355248 40.0
508039.4269502173 3881195.1552355248 40.0
508039.33581940545 3881195.11079586 40.0
508039.33581940545 3881195.11079586 40.0
508039.2446885904 3881195.0663561975 40.0
508039.1535479673 3881195.0330062946 40.0
508039.1535479673 3881195.0330062946 40.0
508039.0806511592 3881194.9885827582 40.0
508039.0806511592 3881194.9885827582 40.0
508039.00774454576 3881194.955248982 40.0
508039.00774454576 3881194.955248982 40.0
508038.8710483193 3881194.888589494 40.0
508038.8710483193 3881194.888589494 40.0
508038.8710483193 3881194.888589494 40.0
508038.8254829085 3881194.866369664 40.0
508038.8254829085 3881194.866369664 40.0
508038.7890345042 3881194.844157897 40.0
508038.7890345042 3881194.844157897 40.0
508038.7616932976 3881194.833043953 40.0
508038.7616932976 3881194.833043953 40.0
508038.7252350841 3881194.821921945 40.0
508038.7252350841 3881194.821921945 40.0
508038.6979036862 3881194.7997182407 40.0
508038.6979036862 3881194.7997182407 40.0
508038.6796696749 3881194.7997021163 40.0
508038.66144547245 3881194.7885962334 40.0
508038.66144547245 3881194.7885962334 40.0
508038.65232846566 3881194.788588171 40.0
508038.65232846566 3881194.788588171 40.0
508038.63410426315 3881194.7774822884 40.0
508038.63410426315 3881194.7774822884 40.0
508038.63410426315 3881194.7774822884 40.0
508038.615880063 3881194.7663764055 40.0
508038.615880063 3881194.7663764055 40.0
508038.5976558581 3881194.7552705235 40.0
508038.5976558581 3881194.7552705235 40.0
508038.5703146509 3881194.7441565786 40.0
508038.52473943454 3881194.7330265082 40.0
508038.52473943454 3881194.7330265082 40.0
508038.4791838308 3881194.6997169214 40.0
508038.4791838308 3881194.6997169214 40.0
508038.4153844065 3881194.677480972 40.0
508038.4153844065 3881194.677480972 40.0
508038.34247778583 3881194.6441472014 40.0
508038.34247778583 3881194.6441472014 40.0
508038.34247778583 3881194.6441472014 40.0
508038.26046396827 3881194.5997156096 40.0
508038.16933314287 3881194.5552759585 40.0
508038.16933314287 3881194.5552759585 40.0
508038.07819251076 3881194.5219260654 40.0
508038.07819251076 3881194.5219260654 40.0
508038.07819251076 3881194.5219260654 40.0
508037.98706168367 3881194.477486416 40.0
508037.98706168367 3881194.477486416 40.0
508037.8959308557 3881194.433046766 40.0
508037.8139268397 3881194.3775254213 40.0
508037.8139268397 3881194.3775254213 40.0
508037.7410398275 3881194.3220121367 40.0
508037.7410398275 3881194.3220121367 40.0
508037.6772600096 3881194.277596674 40.0
508037.6772600096 3881194.277596674 40.0
508037.6225972007 3881194.2331892718 40.0
508037.6225972007 3881194.2331892718 40.0
508037.56793439126 3881194.1887818696 40.0
508037.56793439126 3881194.1887818696 40.0
508037.5223885864 3881194.144382531 40.0
508037.5223885864 3881194.144382531 40.0
508037.4859499789 3881194.11108101 40.0
508037.4859499789 3881194.11108101 40.0
508037.4495113734 3881194.07777949 40.0
508037.4495113734 3881194.07777949 40.0
508037.4221897706 3881194.0444860305 40.0
508037.4221897706 3881194.0444860305 40.0
508037.38575116236 3881194.011184511 40.0
508037.38575116236 3881194.011184511 40.0
508037.35842956376 3881193.9778910517 40.0
508037.35842956376 3881193.9778910517 40.0
508037.3311079603 3881193.944597594 40.0
508037.3311079603 3881193.944597594 40.0
508037.3311079603 3881193.944597594 40.0
508037.2946791585 3881193.900206314 40.0
508037.2946791585 3881193.900206314 40.0
508037.24001634313 3881193.855798915 40.0
508037.24001634313 3881193.855798915 40.0
508037.17624632886 3881193.800293697 40.0
508037.17624632886 3881193.800293697 40.0
508037.10336911055 3881193.733690659 40.0
508037.10336911055 3881193.733690659 40.0
508037.02138469013 3881193.655989802 40.0
508037.02138469013 3881193.655989802 40.0
508036.93027346046 3881193.589370646 40.0
508036.93027346046 3881193.589370646 40.0
508036.8300550257 3881193.5116536706 40.0
508036.7298463911 3881193.422846936 40.0
508036.7298463911 3881193.422846936 40.0
508036.62961815106 3881193.356219723 40.0
508036.62961815106 3881193.356219723 40.0
508036.5293997111 3881193.2785027516 40.0
508036.5293997111 3881193.2785027516 40.0
508036.429171468 3881193.2118755397 40.0
508036.429171468 3881193.2118755397 40.0
508036.429171468 3881193.2118755397 40.0
508036.33805042115 3881193.156346147 40.0
508036.33805042115 3881193.156346147 40.0
508036.2469293756 3881193.100816756 40.0
508036.1649351386 3881193.0342056663 40.0
508036.1649351386 3881193.0342056663 40.0
508036.1649351386 3881193.0342056663 40.0
508036.0920383022 3881192.9897821546 40.0
508036.0920383022 3881192.9897821546 40.0
508036.02827807586 3881192.923187185 40.0
508036.02827807586 3881192.923187185 40.0
508035.96449824434 3881192.878771734 40.0
508035.9098452219 3881192.8232745836 40.0
508035.9098452219 3881192.8232745836 40.0
508035.84606538445 3881192.778859133 40.0
508035.9098452219 3881192.8232745836 40.0
508035.84606538445 3881192.778859133 40.0
508035.79140255763 3881192.7344517424 40.0
508035.79140255763 3881192.7344517424 40.0
508035.7276129183 3881192.701126052 40.0
508035.7276129183 3881192.701126052 40.0
508035.67295009043 3881192.6567186625 40.0
508035.67295009043 3881192.6567186625 40.0
508035.618287262 3881192.612311272 40.0
508035.618287262 3881192.612311272 40.0
508035.5636244307 3881192.5679038833 40.0
508035.5636244307 3881192.5679038833 40.0
508035.5180688052 3881192.534594311 40.0
508035.5180688052 3881192.534594311 40.0
508035.4725229821 3881192.4901949815 40.0
508035.4725229821 3881192.4901949815 40.0
508035.426957551 3881192.467975171 40.0
508035.426957551 3881192.467975171 40.0
508035.3905189314 3881192.4346736586 40.0
508035.3905189314 3881192.4346736586 40.0
508035.3449633023 3881192.401364088 40.0
508035.3449633023 3881192.401364088 40.0
508035.30851487967 3881192.3791523343 40.0
508035.30851487967 3881192.3791523343 40.0
508035.26295925 3881192.345842765 40.0
508035.26295925 3881192.345842765 40.0
508035.2082866154 3881192.312525137 40.0
508035.2082866154 3881192.312525137 40.0
508035.153613978 3881192.279207508 40.0
508035.153613978 3881192.279207508 40.0
508035.0898341377 3881192.2347920635 40.0
508035.0898341377 3881192.2347920635 40.0
508035.01694708946 3881192.179278801 40.0
508035.01694708946 3881192.179278801 40.0
508034.9349430332 3881192.1237574825 40.0
508034.9349430332 3881192.1237574825 40.0
508034.8438121668 3881192.079317864 40.0
508034.8438121668 3881192.079317864 40.0
508034.75270090305 3881192.012698728 40.0
508034.75270090305 3881192.012698728 40.0
508034.6524628313 3881191.957161296 40.0
508034.6524628313 3881191.957161296 40.0
508034.5522345575 3881191.8905341043 40.0
508034.5522345575 3881191.8905341043 40.0
508034.4428892748 3881191.823898857 40.0
508034.34266099805 3881191.7572716684 40.0
508034.34266099805 3881191.7572716684 40.0
508034.34266099805 3881191.7572716684 40.0
508034.22420850577 3881191.6795386067 40.0
508034.1148632158 3881191.612903362 40.0
508034.22420850577 3881191.6795386067 40.0
508034.1148632158 3881191.612903362 40.0
508033.99640092114 3881191.5462600635 40.0
508033.99640092114 3881191.5462600635 40.0
508033.7594959208 3881191.3907939494 40.0
508033.7594959208 3881191.3907939494 40.0
508033.63191661035 3881191.3241425976 40.0
508033.63191661035 3881191.3241425976 40.0
508033.4952300879 3881191.246393432 40.0
508033.4952300879 3881191.246393432 40.0
508033.35854356544 3881191.1686442685 40.0
508033.2309838488 3881191.079813403 40.0
508033.2309838488 3881191.079813403 40.0
508033.0943071214 3881190.990974484 40.0
508033.0943071214 3881190.990974484 40.0
508032.97585460846 3881190.913241441 40.0
508032.97585460846 3881190.913241441 40.0
508032.97585460846 3881190.913241441 40.0
508032.8482850827 3881190.8355003395 40.0
508032.8482850827 3881190.8355003395 40.0
508032.729832568 3881190.7577672983 40.0
508032.729832568 3881190.7577672983 40.0
508032.620487256 3881190.691132072 40.0
508032.620487256 3881190.691132072 40.0
508032.51114194706 3881190.6244968465 40.0
508032.51114194706 3881190.6244968465 40.0
508032.4109038417 3881190.568959439 40.0
508032.4109038417 3881190.568959439 40.0
508032.3106559409 3881190.5245117904 40.0
508032.3106559409 3881190.5245117904 40.0
508032.219515247 3881190.491161957 40.0
508032.219515247 3881190.491161957 40.0
508032.1375111584 3881190.4356406634 40.0
508032.05548747187 3881190.402298888 40.0
508032.05548747187 3881190.402298888 40.0
508032.05548747187 3881190.402298888 40.0
508031.97347358306 3881190.3578673536 40.0
508031.97347358306 3881190.3578673536 40.0
508031.9005767048 3881190.313443876 40.0
508031.9005767048 3881190.313443876 40.0
508031.81856281444 3881190.269012344 40.0
508031.81856281444 3881190.269012344 40.0
508031.73654892563 3881190.224580812 40.0
508031.73654892563 3881190.224580812 40.0
508031.6454180246 3881190.180141226 40.0
508031.53605310206 3881190.135685532 40.0
508031.53605310206 3881190.135685532 40.0
508031.53605310206 3881190.135685532 40.0
508031.4266979808 3881190.080140079 40.0
508031.4266979808 3881190.080140079 40.0
508031.30821604666 3881190.035676332 40.0
508031.1897537086 3881189.9690330685 40.0
508031.1897537086 3881189.9690330685 40.0
508031.1897537086 3881189.9690330685 40.0
508031.05305735004 3881189.9023736985 40.0
508031.05305735004 3881189.9023736985 40.0
508030.90724398 3881189.8357062754 40.0
508030.90724398 3881189.8357062754 40.0
508030.7614404047 3881189.757949097 40.0
508030.6065100183 3881189.691273624 40.0
508030.6065100183 3881189.691273624 40.0
508030.6065100183 3881189.691273624 40.0
508030.45158942847 3881189.613508397 40.0
508030.45158942847 3881189.613508397 40.0
508030.29665903735 3881189.54683293 40.0
508030.0050322704 3881189.4134981115 40.0
508030.0050322704 3881189.4134981115 40.0
508030.0050322704 3881189.4134981115 40.0
508029.8683358948 3881189.3468387583 40.0
508029.73162972153 3881189.291269167 40.0
508029.73162972153 3881189.291269167 40.0
508029.73162972153 3881189.291269167 40.0
508029.5949235466 3881189.2356995777 40.0
508029.4764513879 3881189.180146095 40.0
508029.4764513879 3881189.180146095 40.0
508029.4764513879 3881189.180146095 40.0
508029.3579792301 3881189.124592615 40.0
508029.3579792301 3881189.124592615 40.0
508029.24862408347 3881189.0690471907 40.0
508029.1392591358 3881189.0245915237 40.0
508029.1392591358 3881189.0245915237 40.0
508029.1392591358 3881189.0245915237 40.0
508029.0299039843 3881188.9690461 40.0
508029.0299039843 3881188.9690461 40.0
508028.91142202634 3881188.924582384 40.0
508028.91142202634 3881188.924582384 40.0
508028.7929498618 3881188.8690289124 40.0
508028.7929498618 3881188.8690289124 40.0
508028.6653508933 3881188.824557146 40.0
508028.6653508933 3881188.824557146 40.0
508028.52864470024 3881188.768987573 40.0
508028.38282149954 3881188.7134099496 40.0
508028.38282149954 3881188.7134099496 40.0
508028.2278910803 3881188.6467345185 40.0
508028.2278910803 3881188.6467345185 40.0
508028.2278910803 3881188.6467345185 40.0
508027.89978641766 3881188.524457321 40.0
508027.89978641766 3881188.524457321 40.0
508027.7175049569 3881188.457757744 40.0
508027.5352234957 3881188.391058172 40.0
508027.5352234957 3881188.391058172 40.0
508027.3529420272 3881188.3243586035 40.0
508027.3529420272 3881188.3243586035 40.0
508027.1797677815 3881188.2687568464 40.0
508027.3529420272 3881188.3243586035 40.0
508027.01572033245 3881188.2020733855 40.0
508027.01572033245 3881188.2020733855 40.0
508026.86078010005 3881188.146487736 40.0
508026.86078010005 3881188.146487736 40.0
508026.70584966004 3881188.079812332 40.0
508026.70584966004 3881188.079812332 40.0
508026.5691336567 3881188.0353325456 40.0
508026.5691336567 3881188.0353325456 40.0
508026.5691336567 3881188.0353325456 40.0
508026.43242744135 3881187.9797630035 40.0
508026.43242744135 3881187.9797630035 40.0
508026.30482844653 3881187.935291273 40.0
508026.1863464619 3881187.890827593 40.0
508026.1863464619 3881187.890827593 40.0
508026.1863464619 3881187.890827593 40.0
508026.07697169634 3881187.857461723 40.0
508026.07697169634 3881187.857461723 40.0
508025.97671394143 3881187.8241039026 40.0
508025.97671394143 3881187.8241039026 40.0
508025.87645618815 3881187.7907460844 40.0
508025.87645618815 3881187.7907460844 40.0
508025.6941746955 3881187.7240465498 40.0
508025.6941746955 3881187.7240465498 40.0
508025.62125818426 3881187.7018026393 40.0
508025.5574488914 3881187.6906565377 40.0
508025.62125818426 3881187.7018026393 40.0
508025.49364939117 3881187.668420678 40.0
508025.49364939117 3881187.668420678 40.0
508025.49364939117 3881187.668420678 40.0
508025.42984988826 3881187.646184818 40.0
508025.42984988826 3881187.646184818 40.0
508025.3660503874 3881187.623948959 40.0
508025.30225088156 3881187.6017131014 40.0
508025.30225088156 3881187.6017131014 40.0
508025.2384513801 3881187.5794772427 40.0
508025.2384513801 3881187.5794772427 40.0
508025.2384513801 3881187.5794772427 40.0
508025.1746518783 3881187.5572413867 40.0
508025.1746518783 3881187.5572413867 40.0
508025.10173536214 3881187.53499748 40.0
508025.0288286355 3881187.501663816 40.0
508025.0288286355 3881187.501663816 40.0
508025.0288286355 3881187.501663816 40.0
508024.9468048965 3881187.468322105 40.0
508024.9468048965 3881187.468322105 40.0
508024.8556543554 3881187.446062105 40.0
508024.7462893715 3881187.4016064918 40.0
508024.7462893715 3881187.4016064918 40.0
508024.7462893715 3881187.4016064918 40.0
508024.6369145925 3881187.368240639 40.0
508024.6369145925 3881187.368240639 40.0
508024.5184228054 3881187.33486674 40.0
508024.5184228054 3881187.33486674 40.0
508024.38171656703 3881187.2792972294 40.0
508024.38171656703 3881187.2792972294 40.0
508024.2450005404 3881187.234817479 40.0
508024.2450005404 3881187.234817479 40.0
508024.0900504882 3881187.190321637 40.0
508023.93511022074 3881187.1347360355 40.0
508023.93511022074 3881187.1347360355 40.0
508023.93511022074 3881187.1347360355 40.0
508023.761935927 3881187.079134347 40.0
508023.761935927 3881187.079134347 40.0
508023.5796446212 3881187.0235246113 40.0
508023.5796446212 3881187.0235246113 40.0
508023.40647032316 3881186.967922928 40.0
508023.22417901293 3881186.912313201 40.0
508023.40647032316 3881186.967922928 40.0
508023.04188769823 3881186.8567034774 40.0
508023.22417901293 3881186.912313201 40.0
508023.04188769823 3881186.8567034774 40.0
508022.868713396 3881186.8011018024 40.0
508022.868713396 3881186.8011018024 40.0
508022.6864220769 3881186.7454920867 40.0
508022.6864220769 3881186.7454920867 40.0
508022.51324776816 3881186.6898904205 40.0
508022.51324776816 3881186.6898904205 40.0
508022.3309662313 3881186.6231909515 40.0
508022.3309662313 3881186.6231909515 40.0
508022.1486749053 3881186.5675812466 40.0
508021.9663835794 3881186.5119715463 40.0
508021.9663835794 3881186.5119715463 40.0
508021.5926839035 3881186.400744107 40.0
508021.5926839035 3881186.400744107 40.0
508021.39216833055 3881186.3340285677 40.0
508021.5926839035 3881186.400744107 40.0
508021.39216833055 3881186.3340285677 40.0
508021.19165274996 3881186.267313033 40.0
508021.19165274996 3881186.267313033 40.0
508021.0002541842 3881186.2006055475 40.0
508021.0002541842 3881186.2006055475 40.0
508020.8088556156 3881186.133898066 40.0
508020.8088556156 3881186.133898066 40.0
508020.61746682413 3881186.0561008286 40.0
508020.42607803404 3881185.9783035973 40.0
508020.61746682413 3881186.0561008286 40.0
508020.2437964676 3881185.911604172 40.0
508020.42607803404 3881185.9783035973 40.0
508020.05240766896 3881185.8338069473 40.0
508020.05240766896 3881185.8338069473 40.0
508019.87012609927 3881185.767107529 40.0
508019.87012609927 3881185.767107529 40.0
508019.87012609927 3881185.767107529 40.0
508019.6787372944 3881185.6893103113 40.0
508019.6787372944 3881185.6893103113 40.0
508019.4873387031 3881185.6226028576 40.0
508019.2868230976 3881185.5558873652 40.0
508019.2868230976 3881185.5558873652 40.0
508019.2868230976 3881185.5558873652 40.0
508019.08630748454 3881185.489171878 40.0
508018.88580165326 3881185.4113666355 40.0
508019.08630748454 3881185.489171878 40.0
508018.88580165326 3881185.4113666355 40.0
508018.6852958209 3881185.3335613976 40.0
508018.6852958209 3881185.3335613976 40.0
508018.47568275064 3881185.244658364 40.0
508018.47568275064 3881185.244658364 40.0
508018.2569428805 3881185.166837052 40.0
508018.2569428805 3881185.166837052 40.0
508018.03820300667 3881185.089015746 40.0
508018.03820300667 3881185.089015746 40.0
508017.81035589596 3881185.000096645 40.0
508017.58251856157 3881184.90008779 40.0
508017.81035589596 3881185.000096645 40.0
508017.3455642054 3881184.8000709014 40.0
508017.3455642054 3881184.8000709014 40.0
508017.3455642054 3881184.8000709014 40.0
508017.1086098463 3881184.7000540174 40.0
508016.8716554798 3881184.600037142 40.0
508016.8716554798 3881184.600037142 40.0
508016.8716554798 3881184.600037142 40.0
508016.6255840978 3881184.50001223 40.0
508016.37951270584 3881184.399987327 40.0
508016.37951270584 3881184.399987327 40.0
508016.37951270584 3881184.399987327 40.0
508016.1334510875 3881184.2888726713 40.0
508015.87825289293 3881184.1999295014 40.0
508015.87825289293 3881184.1999295014 40.0
508015.87825289293 3881184.1999295014 40.0
508015.64129850216 3881184.099912656 40.0
508015.64129850216 3881184.099912656 40.0
508015.40434410854 3881183.9998958176 40.0
508015.40434410854 3881183.9998958176 40.0
508015.1673701493 3881183.9220585027 40.0
508015.1673701493 3881183.9220585027 40.0
508014.93952298135 3881183.833139474 40.0
508014.93952298135 3881183.833139474 40.0
508014.7299000627 3881183.755326285 40.0
508014.5202869176 3881183.6664233413 40.0
508014.5202869176 3881183.6664233413 40.0
508014.31978100725 3881183.588618201 40.0
508014.31978100725 3881183.588618201 40.0
508014.12839210924 3881183.5108211017 40.0
508014.12839210924 3881183.5108211017 40.0
508014.12839210924 3881183.5108211017 40.0
508013.94611044746 3881183.444121802 40.0
508013.94611044746 3881183.444121802 40.0
508013.77294580126 3881183.377430544 40.0
508013.77294580126 3881183.377430544 40.0
508013.6088883901 3881183.3218370858 40.0
508013.44484075514 3881183.2551538697 40.0
508013.44484075514 3881183.2551538697 40.0
508013.44484075514 3881183.2551538697 40.0
508013.28079311544 3881183.1884706574 40.0
508013.1349697349 3881183.1328932783 40.0
508013.28079311544 3881183.1884706574 40.0
508012.9891463456 3881183.077315904 40.0
508013.1349697349 3881183.1328932783 40.0
508012.8524399754 3881183.0217465656 40.0
508012.8524399754 3881183.0217465656 40.0
508012.8524399754 3881183.0217465656 40.0
508012.7248506199 3881182.966185268 40.0
508012.59725148807 3881182.921713731 40.0
508012.59725148807 3881182.921713731 40.0
508012.59725148807 3881182.921713731 40.0
508012.48789616243 3881182.8661685055 40.0
508012.48789616243 3881182.8661685055 40.0
508012.36941404454 3881182.8217050065 40.0
508012.36941404454 3881182.8217050065 40.0
508012.260048942 3881182.777249544 40.0
508012.260048942 3881182.777249544 40.0
508012.141576596 3881182.7216962897 40.0
508012.141576596 3881182.7216962897 40.0
508012.0322114888 3881182.6772408304 40.0
508011.91372936853 3881182.632777337 40.0
508011.91372936853 3881182.632777337 40.0
508011.91372936853 3881182.632777337 40.0
508011.7952570186 3881182.5772240865 40.0
508011.7952570186 3881182.5772240865 40.0
508011.6676578768 3881182.532752561 40.0
508011.6676578768 3881182.532752561 40.0
508011.53095148806 3881182.4771832433 40.0
508011.3851378564 3881182.4105161363 40.0
508011.3851378564 3881182.4105161363 40.0
508011.2393242203 3881182.343849029 40.0
508011.2393242203 3881182.343849029 40.0
508011.2393242203 3881182.343849029 40.0
508011.0752765504 3881182.277165858 40.0
508011.0752765504 3881182.277165858 40.0
508010.9112386507 3881182.199392929 40.0
508010.9112386507 3881182.199392929 40.0
508010.7380739563 3881182.1327017285 40.0
508010.7380739563 3881182.1327017285 40.0
508010.56490926165 3881182.06601053 40.0
508010.56490926165 3881182.06601053 40.0
508010.4008713515 3881181.9882376124 40.0
508010.4008713515 3881181.9882376124 40.0
508010.22770664934 3881181.921546423 40.0
508009.91785508115 3881181.7771064243 40.0
508009.91785508115 3881181.7771064243 40.0
508009.77203165524 3881181.721529101 40.0
508009.77203165524 3881181.721529101 40.0
508009.77203165524 3881181.721529101 40.0
508009.6262179963 3881181.6548620216 40.0
508009.6262179963 3881181.6548620216 40.0
508009.4895115843 3881181.5992927337 40.0
508009.4895115843 3881181.5992927337 40.0
508009.3619221883 3881181.5437314822 40.0
508009.23433279083 3881181.4881702336 40.0
508009.23433279083 3881181.4881702336 40.0
508009.0976166035 3881181.443690712 40.0
508009.0976166035 3881181.443690712 40.0
508008.96091018274 3881181.388121434 40.0
508008.96091018274 3881181.388121434 40.0
508008.8242037627 3881181.3325521573 40.0
508008.96091018274 3881181.388121434 40.0
508008.8242037627 3881181.3325521573 40.0
508008.6783900906 3881181.265885092 40.0
508008.6783900906 3881181.265885092 40.0
508008.5234496308 3881181.2102997573 40.0
508008.5234496308 3881181.2102997573 40.0
508008.3685189387 3881181.143624665 40.0
508008.1953444363 3881181.088023272 40.0
508008.1953444363 3881181.088023272 40.0
508008.1953444363 3881181.088023272 40.0
508008.02216993173 3881181.0324218827 40.0
508008.02216993173 3881181.0324218827 40.0
508007.858122217 3881180.9657387673 40.0
508007.858122217 3881180.9657387673 40.0
508007.520899984 3881180.843454278 40.0
508007.520899984 3881180.843454278 40.0
508007.34772547067 3881180.787852899 40.0
508007.34772547067 3881180.787852899 40.0
508007.1745509576 3881180.7322515263 40.0
508007.1745509576 3881180.7322515263 40.0
508007.0105032266 3881180.665568427 40.0
508007.0105032266 3881180.665568427 40.0
508006.8373287068 3881180.60996706 40.0
508006.66416395473 3881180.543275937 40.0
508006.66416395473 3881180.543275937 40.0
508006.49099919776 3881180.4765848177 40.0
508006.49099919776 3881180.4765848177 40.0
508006.32695145946 3881180.409901731 40.0
508006.32695145946 3881180.409901731 40.0
508006.1446696786 3881180.3432025886 40.0
508006.1446696786 3881180.3432025886 40.0
508005.96238789504 3881180.2765034507 40.0
508006.1446696786 3881180.3432025886 40.0
508005.96238789504 3881180.2765034507 40.0
508005.78011587757 3881180.1987145576 40.0
508005.5796000502 3881180.1319993683 40.0
508005.78011587757 3881180.1987145576 40.0
508005.38820123905 3881180.0652922117 40.0
508005.38820123905 3881180.0652922117 40.0
508005.18769517157 3881179.9874872724 40.0
508005.18769517157 3881179.9874872724 40.0
508005.18769517157 3881179.9874872724 40.0
508004.9780623182 3881179.920764068 40.0
508004.9780623182 3881179.920764068 40.0
508004.777556244 3881179.8429591386 40.0
508004.777556244 3881179.8429591386 40.0
508004.5679233796 3881179.776235943 40.0
508004.36741730105 3881179.6984310234 40.0
508004.36741730105 3881179.6984310234 40.0
508004.36741730105 3881179.6984310234 40.0
508004.16690145235 3881179.6317158653 40.0
508003.9755123869 3881179.553918981 40.0
508003.9755123869 3881179.553918981 40.0
508003.9755123869 3881179.553918981 40.0
508003.7932305717 3881179.4872198855 40.0
508003.6109585153 3881179.409431035 40.0
508003.7932305717 3881179.4872198855 40.0
508003.6109585153 3881179.409431035 40.0
508003.4286766969 3881179.342731947 40.0
508003.4286766969 3881179.342731947 40.0
508003.2555118935 3881179.2760408903 40.0
508003.2555118935 3881179.2760408903 40.0
508003.0823373267 3881179.2204395942 40.0
508003.0823373267 3881179.2204395942 40.0
508002.9182895386 3881179.15375657 40.0
508002.9182895386 3881179.15375657 40.0
508002.74512472784 3881179.0870655235 40.0
508002.58106717694 3881179.031472262 40.0
508002.58106717694 3881179.031472262 40.0
508002.4079023614 3881178.964781221 40.0
508002.58106717694 3881179.031472262 40.0
508002.4079023614 3881178.964781221 40.0
508002.23472778127 3881178.909179941 40.0
508002.23472778127 3881178.909179941 40.0
508002.06156296324 3881178.842488906 40.0
508002.06156296324 3881178.842488906 40.0
508001.8792811198 3881178.7757898485 40.0
508001.8792811198 3881178.7757898485 40.0
508001.69700903515 3881178.6980010383 40.0
508001.4964931449 3881178.63128594 40.0
508001.4964931449 3881178.63128594 40.0
508001.4964931449 3881178.63128594 40.0
508001.2959772517 3881178.5645708456 40.0
508001.0863540955 3881178.486757972 40.0
508001.0863540955 3881178.486757972 40.0
508000.8676041544 3881178.420026839 40.0
508000.8676041544 3881178.420026839 40.0
508000.6397469493 3881178.342197928 40.0
508000.6397469493 3881178.342197928 40.0
508000.6397469493 3881178.342197928 40.0
508000.4210165212 3881178.253287288 40.0
508000.1931593082 3881178.175458389 40.0
508000.1931593082 3881178.175458389 40.0
508000.1931593082 3881178.175458389 40.0
507999.97441911243 3881178.097637518 40.0
507999.755678913 3881178.019816653 40.0
507999.755678913 3881178.019816653 40.0
507999.755678913 3881178.019816653 40.0
507999.5460654899 3881177.9309140574 40.0
507999.5460654899 3881177.9309140574 40.0
507999.33644230413 3881177.8531012246 40.0
507999.14506291616 3881177.7642146843 40.0
507999.14506291616 3881177.7642146843 40.0
507999.14506291616 3881177.7642146843 40.0
507998.9628103064 3881177.66424641 40.0
507998.9628103064 3881177.66424641 40.0
507998.7896649542 3881177.57537592 40.0
507998.7896649542 3881177.57537592 40.0
507998.6165098432 3881177.497595194 40.0
507998.6165098432 3881177.497595194 40.0
507998.46158877073 3881177.4198305123 40.0
507998.46158877073 3881177.4198305123 40.0
507998.2975506759 3881177.342057812 40.0
507998.2975506759 3881177.342057812 40.0
507998.142619841 3881177.275382896 40.0
507998.142619841 3881177.275382896 40.0
507997.9968060281 3881177.2087160037 40.0
507997.9968060281 3881177.2087160037 40.0
507997.8600994785 3881177.1531468937 40.0
507997.8600994785 3881177.1531468937 40.0
507997.7234026815 3881177.0864880257 40.0
507997.7234026815 3881177.0864880257 40.0
507997.58670588484 3881177.019829161 40.0
507997.4499993299 3881176.9642600566 40.0
507997.4499993299 3881176.9642600566 40.0
507997.4499993299 3881176.9642600566 40.0
507997.3224097934 3881176.9086989746 40.0
507997.3224097934 3881176.9086989746 40.0
507997.19481050165 3881176.864227652 40.0
507997.19481050165 3881176.864227652 40.0
507997.07633798925 3881176.808674595 40.0
507997.07633798925 3881176.808674595 40.0
507996.9578557151 3881176.7642112975 40.0
507996.9578557151 3881176.7642112975 40.0
507996.83938319766 3881176.7086582426 40.0
507996.7209009234 3881176.664194947 40.0
507996.7209009234 3881176.664194947 40.0
507996.7209009234 3881176.664194947 40.0
507996.61153567064 3881176.619739675 40.0
507996.4930631492 3881176.5641866233 40.0
507996.4930631492 3881176.5641866233 40.0
507996.4930631492 3881176.5641866233 40.0
507996.3836978941 3881176.519731355 40.0
507996.3836978941 3881176.519731355 40.0
507996.26521561516 3881176.4752680655 40.0
507996.26521561516 3881176.4752680655 40.0
507996.15585035563 3881176.430812796 40.0
507996.15585035563 3881176.430812796 40.0
507996.0464850996 3881176.3863575305 40.0
507996.0464850996 3881176.3863575305 40.0
507995.928002815 3881176.3418942457 40.0
507995.80040350853 3881176.297422944 40.0
507995.80040350853 3881176.297422944 40.0
507995.80040350853 3881176.297422944 40.0
507995.67281395494 3881176.241861887 40.0
507995.53609762277 3881176.197382569 40.0
507995.53609762277 3881176.197382569 40.0
507995.39027401985 3881176.1418054765 40.0
507995.39027401985 3881176.1418054765 40.0
507995.2444504152 3881176.086228387 40.0
507995.2444504152 3881176.086228387 40.0
507995.0895097832 3881176.03064328 40.0
507995.2444504152 3881176.086228387 40.0
507994.93457890244 3881175.9639684195 40.0
507994.93457890244 3881175.9639684195 40.0
507994.93457890244 3881175.9639684195 40.0
507994.77052124543 3881175.9083753 40.0
507994.6155903603 3881175.841700446 40.0
507994.6155903603 3881175.841700446 40.0
507994.6155903603 3881175.841700446 40.0
507994.4606497226 3881175.7861153483 40.0
507994.30571883544 3881175.719440498 40.0
507994.30571883544 3881175.719440498 40.0
507994.30571883544 3881175.719440498 40.0
507994.1690122387 3881175.6638714424 40.0
507994.1690122387 3881175.6638714424 40.0
507994.03230564256 3881175.60830239 40.0
507993.90471606853 3881175.552741357 40.0
507993.90471606853 3881175.552741357 40.0
507993.77711674117 3881175.5082700835 40.0
507993.77711674117 3881175.5082700835 40.0
507993.6677612095 3881175.4527250873 40.0
507993.6677612095 3881175.4527250873 40.0
507993.6677612095 3881175.4527250873 40.0
507993.55839592963 3881175.4082698505 40.0
507993.55839592963 3881175.4082698505 40.0
507993.4399233715 3881175.3527168403 40.0
507993.4399233715 3881175.3527168403 40.0
507993.3305580893 3881175.308261607 40.0
507993.2120757774 3881175.263798357 40.0
507993.2120757774 3881175.263798357 40.0
507993.0935934667 3881175.2193351104 40.0
507993.2120757774 3881175.263798357 40.0
507992.9660038814 3881175.1637740894 40.0
507992.9660038814 3881175.1637740894 40.0
507992.9660038814 3881175.1637740894 40.0
507992.8292972705 3881175.1082050544 40.0
507992.6925906579 3881175.0526360227 40.0
507992.6925906579 3881175.0526360227 40.0
507992.53764999507 3881174.997050961 40.0
507992.53764999507 3881174.997050961 40.0
507992.53764999507 3881174.997050961 40.0
507992.3918263524 3881174.9414739166 40.0
507992.3918263524 3881174.9414739166 40.0
507992.0819547648 3881174.819214047 40.0
507992.0819547648 3881174.819214047 40.0
507991.92701409425 3881174.763628995 40.0
507991.92701409425 3881174.763628995 40.0
507991.762956395 3881174.70803593 40.0
507991.762956395 3881174.70803593 40.0
507991.6171424921 3881174.6413691402 40.0
507991.4713188404 3881174.5857921103 40.0
507991.4713188404 3881174.5857921103 40.0
507991.3346122117 3881174.5302231 40.0
507991.3346122117 3881174.5302231 40.0
507991.3346122117 3881174.5302231 40.0
507991.2070128575 3881174.485751862 40.0
507991.0794232505 3881174.4301908673 40.0
507991.0794232505 3881174.4301908673 40.0
507991.0794232505 3881174.4301908673 40.0
507990.9609409162 3881174.385727648 40.0
507990.9609409162 3881174.385727648 40.0
507990.85157561034 3881174.3412724445 40.0
507990.85157561034 3881174.3412724445 40.0
507990.7422102987 3881174.2968172426 40.0
507990.7422102987 3881174.2968172426 40.0
507990.64195226785 3881174.2634598133 40.0
507990.64195226785 3881174.2634598133 40.0
507990.54170398164 3881174.2190126283 40.0
507990.4323386671 3881174.1745574283 40.0
507990.54170398164 3881174.2190126283 40.0
507990.4323386671 3881174.1745574283 40.0
507990.3229733561 3881174.1301022316 40.0
507990.2044910166 3881174.0856390228 40.0
507990.2044910166 3881174.0856390228 40.0
507990.2044910166 3881174.0856390228 40.0
507990.08601842076 3881174.0300860554 40.0
507990.08601842076 3881174.0300860554 40.0
507989.9584288006 3881173.974525077 40.0
507989.82172215346 3881173.918956089 40.0
507989.9584288006 3881173.974525077 40.0
507989.82172215346 3881173.918956089 40.0
507989.6850252514 3881173.8522973424 40.0
507989.6850252514 3881173.8522973424 40.0
507989.54832834506 3881173.7856385987 40.0
507989.54832834506 3881173.7856385987 40.0
507989.41163143906 3881173.7189798574 40.0
507989.2840418104 3881173.663418889 40.0
507989.2840418104 3881173.663418889 40.0
507989.15646192624 3881173.5967681627 40.0
507989.15646192624 3881173.5967681627 40.0
507989.03797957173 3881173.552304968 40.0
507989.15646192624 3881173.5967681627 40.0
507989.03797957173 3881173.552304968 40.0
507988.91950696654 3881173.4967520176 40.0
507988.91950696654 3881173.4967520176 40.0
507988.8101513834 3881173.44120708 40.0
507988.8101513834 3881173.44120708 40.0
507988.70990307926 3881173.396759915 40.0
507988.60054749134 3881173.3412149795 40.0
507988.60054749134 3881173.3412149795 40.0
507988.60054749134 3881173.3412149795 40.0
507988.5002991874 3881173.296767816 40.0
507988.5002991874 3881173.296767816 40.0
507988.4000606253 3881173.2412308957 40.0
507988.4000606253 3881173.2412308957 40.0
507988.1539886219 3881173.141206758 40.0
507988.017281949 3881173.0856377953 40.0
507988.017281949 3881173.0856377953 40.0
507988.017281949 3881173.0856377953 40.0
507987.87145825045 3881173.030060825 40.0
507987.7256442922 3881172.963394097 40.0
507987.7256442922 3881172.963394097 40.0
507987.7256442922 3881172.963394097 40.0
507987.5707133101 3881172.8967193617 40.0
507987.5707133101 3881172.8967193617 40.0
507987.42489934515 3881172.830052639 40.0
507987.42489934515 3881172.830052639 40.0
507987.26996835857 3881172.7633779095 40.0
507987.124144648 3881172.707800949 40.0
507987.124144648 3881172.707800949 40.0
507987.124144648 3881172.707800949 40.0
507986.97833068145 3881172.641134234 40.0
507986.8416239938 3881172.5855652904 40.0
507986.8416239938 3881172.5855652904 40.0
507986.8416239938 3881172.5855652904 40.0
507986.7049173069 3881172.529996348 40.0
507986.7049173069 3881172.529996348 40.0
507986.57732764503 3881172.4744354184 40.0
507986.44973798166 3881172.4188744887 40.0
507986.57732764503 3881172.4744354184 40.0
507986.31303128984 3881172.363305553 40.0
507986.31303128984 3881172.363305553 40.0
507986.31303128984 3881172.363305553 40.0
507986.18544162094 3881172.307744627 40.0
507986.18544162094 3881172.307744627 40.0
507986.0396178988 3881172.252167687 40.0
507986.0396178988 3881172.252167687 40.0
507985.90291119966 3881172.1965987557 40.0
507985.757087474 3881172.1410218175 40.0
507985.757087474 3881172.1410218175 40.0
507985.757087474 3881172.1410218175 40.0
507985.59303943167 3881172.074339106 40.0
507985.43809867726 3881172.0187541675 40.0
507985.43809867726 3881172.0187541675 40.0
507985.43809867726 3881172.0187541675 40.0
507985.2740506304 3881171.9520714614 40.0
507985.1100025811 3881171.88538876 40.0
507985.1100025811 3881171.88538876 40.0
507985.1100025811 3881171.88538876 40.0
507984.9550715592 3881171.8187140683 40.0
507984.80014053266 3881171.75203938 40.0
507984.80014053266 3881171.75203938 40.0
507984.80014053266 3881171.75203938 40.0
507984.65432653384 3881171.6853727023 40.0
507984.65432653384 3881171.6853727023 40.0
507984.5085125328 3881171.6187060275 40.0
507984.5085125328 3881171.6187060275 40.0
507984.3718155551 3881171.5520473616 40.0
507984.24422586535 3881171.496486464 40.0
507984.24422586535 3881171.496486464 40.0
507984.24422586535 3881171.496486464 40.0
507984.12575320416 3881171.440933576 40.0
507984.0072805369 3881171.3853806886 40.0
507984.0072805369 3881171.3853806886 40.0
507984.0072805369 3881171.3853806886 40.0
507983.8979151611 3881171.340925568 40.0
507983.8979151611 3881171.340925568 40.0
507983.7885497796 3881171.29647045 40.0
507983.7885497796 3881171.29647045 40.0
507983.67007711076 3881171.2409175676 40.0
507983.67007711076 3881171.2409175676 40.0
507983.5607117292 3881171.1964624524 40.0
507983.44222931855 3881171.151999331 40.0
507983.5607117292 3881171.1964624524 40.0
507983.44222931855 3881171.151999331 40.0
507983.3237469044 3881171.1075362116 40.0
507983.3237469044 3881171.1075362116 40.0
507983.196157202 3881171.051975329 40.0
507983.05945046985 3881170.9964064416 40.0
507983.05945046985 3881170.9964064416 40.0
507983.05945046985 3881170.9964064416 40.0
507982.93186076434 3881170.940845562 40.0
507982.93186076434 3881170.940845562 40.0
507982.79515402886 3881170.8852766794 40.0
507982.79515402886 3881170.8852766794 40.0
507982.6584570299 3881170.81861804 40.0
507982.51263326243 3881170.7630411545 40.0
507982.51263326243 3881170.7630411545 40.0
507982.51263326243 3881170.7630411545 40.0
507982.3759265194 3881170.707472278 40.0
507982.3759265194 3881170.707472278 40.0
507982.23921977705 3881170.6519034025 40.0
507982.1025130307 3881170.5963345305 40.0
507982.1025130307 3881170.5963345305 40.0
507982.1025130307 3881170.5963345305 40.0
507981.96579654765 3881170.551855418 40.0
507981.96579654765 3881170.551855418 40.0
507981.83820682927 3881170.4962945534 40.0
507981.83820682927 3881170.4962945534 40.0
507981.7197244011 3881170.4518314553 40.0
507981.7197244011 3881170.4518314553 40.0
507981.5921346797 3881170.3962705955 40.0
507981.5921346797 3881170.3962705955 40.0
507981.473652249 3881170.3518075007 40.0
507981.473652249 3881170.3518075007 40.0
507981.3551698149 3881170.307344406 40.0
507981.2366873842 3881170.2628813135 40.0
507981.3551698149 3881170.307344406 40.0
507981.2366873842 3881170.2628813135 40.0
507981.10908792104 3881170.2184102195 40.0
507981.10908792104 3881170.2184102195 40.0
507980.99061521946 3881170.1628573723 40.0
507980.99061521946 3881170.1628573723 40.0
507980.8721327828 3881170.1183942836 40.0
507980.8721327828 3881170.1183942836 40.0
507980.75366007857 3881170.06284144 40.0
507980.6260703482 3881170.0072805937 40.0
507980.6260703482 3881170.0072805937 40.0
507980.6260703482 3881170.0072805937 40.0
507980.49847087846 3881169.9628095073 40.0
507980.49847087846 3881169.9628095073 40.0
507980.37088114285 3881169.9072486646 40.0
507980.37088114285 3881169.9072486646 40.0
507980.24329140567 3881169.851687822 40.0
507980.09746760334 3881169.796110978 40.0
507980.09746760334 3881169.796110978 40.0
507979.9607705683 3881169.729452378 40.0
507979.9607705683 3881169.729452378 40.0
507979.9607705683 3881169.729452378 40.0
507979.81494676694 3881169.6738755372 40.0
507979.81494676694 3881169.6738755372 40.0
507979.67823999346 3881169.6183067 40.0
507979.67823999346 3881169.6183067 40.0
507979.52329915663 3881169.562721861 40.0
507979.52329915663 3881169.562721861 40.0
507979.37747534993 3881169.507145026 40.0
507979.37747534993 3881169.507145026 40.0
507979.2225442433 3881169.4404704333 40.0
507979.2225442433 3881169.4404704333 40.0
507979.0676131391 3881169.3737958428 40.0
507979.0676131391 3881169.3737958428 40.0
507978.903564998 3881169.3071132526 40.0
507978.903564998 3881169.3071132526 40.0
507978.7395265879 3881169.229340907 40.0
507978.7395265879 3881169.229340907 40.0
507978.5754881773 3881169.1515685664 40.0
507978.3932157012 3881169.073780224 40.0
507978.3932157012 3881169.073780224 40.0
507978.3932157012 3881169.073780224 40.0
507978.2200602523 3881168.995999887 40.0
507978.2200602523 3881168.995999887 40.0
507978.03778777237 3881168.9182115514 40.0
507978.03778777237 3881168.9182115514 40.0
507977.855515287 3881168.84042322 40.0
507977.855515287 3881168.84042322 40.0
507977.67324280087 3881168.762634892 40.0
507977.67324280087 3881168.762634892 40.0
507977.48185327643 3881168.684838567 40.0
507977.48185327643 3881168.684838567 40.0
507977.299580784 3881168.6070502475 40.0
507977.299580784 3881168.6070502475 40.0
507977.1264155854 3881168.540359689 40.0
507977.1264155854 3881168.540359689 40.0
507976.8074460066 3881168.395912824 40.0
507976.8074460066 3881168.395912824 40.0
507976.6616221647 3881168.340336033 40.0
507976.6616221647 3881168.340336033 40.0
507976.51580804936 3881168.2736694873 40.0
507976.51580804936 3881168.2736694873 40.0
507976.3882182658 3881168.2181086987 40.0
507976.3882182658 3881168.2181086987 40.0
507976.2697455141 3881168.162555914 40.0
507976.16038005723 3881168.118100888 40.0
507976.16038005723 3881168.118100888 40.0
507976.16038005723 3881168.118100888 40.0
507976.06013163517 3881168.0736538623 40.0
507975.9598832097 3881168.0292068366 40.0
507975.9598832097 3881168.0292068366 40.0
507975.9598832097 3881168.0292068366 40.0
507975.8687420848 3881167.9958575713 40.0
507975.8687420848 3881167.9958575713 40.0
507975.7867277202 3881167.9514265456 40.0
507975.70470362745 3881167.9180852817 40.0
507975.7867277202 3881167.9514265456 40.0
507975.6226795318 3881167.884744016 40.0
507975.70470362745 3881167.9180852817 40.0
507975.6226795318 3881167.884744016 40.0
507975.540665165 3881167.840312994 40.0
507975.540665165 3881167.840312994 40.0
507975.44953376596 3881167.795873973 40.0
507975.44953376596 3881167.795873973 40.0
507975.35839263676 3881167.7625247124 40.0
507975.25814420683 3881167.718077697 40.0
507975.35839263676 3881167.7625247124 40.0
507975.25814420683 3881167.718077697 40.0
507975.14878846874 3881167.662532923 40.0
507975.14878846874 3881167.662532923 40.0
507975.03030597104 3881167.618069912 40.0
507975.03030597104 3881167.618069912 40.0
507974.9027161669 3881167.5625091465 40.0
507974.7751166351 3881167.518038141 40.0
507974.9027161669 3881167.5625091465 40.0
507974.7751166351 3881167.518038141 40.0
507974.647536561 3881167.4513876205 40.0
507974.647536561 3881167.4513876205 40.0
507974.51994675456 3881167.3958268594 40.0
507974.51994675456 3881167.3958268594 40.0
507974.3923569442 3881167.3402661006 40.0
507974.3923569442 3881167.3402661006 40.0
507974.2738841666 3881167.284713341 40.0
507974.2738841666 3881167.284713341 40.0
507974.1462943555 3881167.2291525863 40.0
507974.03692887945 3881167.1846975847 40.0
507974.1462943555 3881167.2291525863 40.0
507974.03692887945 3881167.1846975847 40.0
507973.9275634023 3881167.140242585 40.0
507973.9275634023 3881167.140242585 40.0
507973.8273149562 3881167.0957955853 40.0
507973.8273149562 3881167.0957955853 40.0
507973.7270665068 3881167.0513485856 40.0
507973.63593509333 3881167.0069095823 40.0
507973.63593509333 3881167.0069095823 40.0
507973.5356866444 3881166.962462586 40.0
507973.63593509333 3881167.0069095823 40.0
507973.5356866444 3881166.962462586 40.0
507973.3351897435 3881166.873568592 40.0
507973.22582425916 3881166.829113602 40.0
507973.22582425916 3881166.829113602 40.0
507973.0982247088 3881166.7846426186 40.0
507973.22582425916 3881166.829113602 40.0
507973.0982247088 3881166.7846426186 40.0
507972.97974218975 3881166.7401796347 40.0
507972.84302560444 3881166.6957006613 40.0
507972.84302560444 3881166.6957006613 40.0
507972.84302560444 3881166.6957006613 40.0
507972.71543577407 3881166.640139926 40.0
507972.57872891176 3881166.5845711958 40.0
507972.57872891176 3881166.5845711958 40.0
507972.57872891176 3881166.5845711958 40.0
507972.44201232214 3881166.5400922275 40.0
507972.44201232214 3881166.5400922275 40.0
507972.3053054567 3881166.484523503 40.0
507972.1777156224 3881166.4289627755 40.0
507972.1777156224 3881166.4289627755 40.0
507972.1777156224 3881166.4289627755 40.0
507972.05012578424 3881166.37340205 40.0
507972.05012578424 3881166.37340205 40.0
507971.9225262218 3881166.328931085 40.0
507971.9225262218 3881166.328931085 40.0
507971.8040436911 3881166.284468116 40.0
507971.6946781922 3881166.240013144 40.0
507971.6946781922 3881166.240013144 40.0
507971.6946781922 3881166.240013144 40.0
507971.5853126923 3881166.1955581713 40.0
507971.38480603107 3881166.1177539807 40.0
507971.5853126923 3881166.1955581713 40.0
507971.30278190575 3881166.084412756 40.0
507971.38480603107 3881166.1177539807 40.0
507971.30278190575 3881166.084412756 40.0
507971.2207480533 3881166.0621612896 40.0
507971.1387239245 3881166.028820065 40.0
507971.2207480533 3881166.0621612896 40.0
507971.1387239245 3881166.028820065 40.0
507971.0658071044 3881166.0065765935 40.0
507970.99289028626 3881165.9843331226 40.0
507971.0658071044 3881166.0065765935 40.0
507970.99289028626 3881165.9843331226 40.0
507970.91997346544 3881165.962089655 40.0
507970.847066368 3881165.928756427 40.0
507970.91997346544 3881165.962089655 40.0
507970.847066368 3881165.928756427 40.0
507970.7559252033 3881165.895407212 40.0
507970.7559252033 3881165.895407212 40.0
507970.664784038 3881165.8620579983 40.0
507970.664784038 3881165.8620579983 40.0
507970.5645258408 3881165.8287007916 40.0
507970.5645258408 3881165.8287007916 40.0
507970.4551603281 3881165.7842458338 40.0
507970.4551603281 3881165.7842458338 40.0
507970.3366680624 3881165.750872642 40.0
507970.3366680624 3881165.750872642 40.0
507970.2090782058 3881165.6953119435 40.0
507970.2090782058 3881165.6953119435 40.0
507970.08148834534 3881165.6397512453 40.0
507970.08148834534 3881165.6397512453 40.0
507969.8354062132 3881165.5508173644 40.0
507969.8354062132 3881165.5508173644 40.0
507969.71692366217 3881165.506354423 40.0
507969.71692366217 3881165.506354423 40.0
507969.5984313878 3881165.47298124 40.0
507969.5984313878 3881165.47298124 40.0
507969.4890658661 3881165.428526295 40.0
507969.379700348 3881165.384071349 40.0
507969.379700348 3881165.384071349 40.0
507969.2703251024 3881165.3507061647 40.0
507969.2703251024 3881165.3507061647 40.0
507969.1700766162 3881165.3062592167 40.0
507969.1700766162 3881165.3062592167 40.0
507969.06982812675 3881165.2618122683 40.0
507969.06982812675 3881165.2618122683 40.0
507968.96046260226 3881165.217357328 40.0
507968.96046260226 3881165.217357328 40.0
507968.8510970767 3881165.17290239 40.0
507968.8510970767 3881165.17290239 40.0
507968.7234974819 3881165.1284314706 40.0
507968.7234974819 3881165.1284314706 40.0
507968.7234974819 3881165.1284314706 40.0
507968.59590760677 3881165.072870792 40.0
507968.59590760677 3881165.072870792 40.0
507968.4409666251 3881165.017286143 40.0
507968.4409666251 3881165.017286143 40.0
507968.2769183302 3881164.950603745 40.0
507968.2769183302 3881164.950603745 40.0
507968.10375299613 3881164.8839133605 40.0
507968.10375299613 3881164.8839133605 40.0
507967.77566611173 3881164.739458822 40.0
507967.77566611173 3881164.739458822 40.0
507967.41111107834 3881164.594972333 40.0
507967.210604344 3881164.517168235 40.0
507967.210604344 3881164.517168235 40.0
507967.210604344 3881164.517168235 40.0
507967.01008788956 3881164.4504538993 40.0
507967.01008788956 3881164.4504538993 40.0
507966.80958115327 3881164.37264981 40.0
507966.80958115327 3881164.37264981 40.0
507966.6090646927 3881164.3059354834 40.0
507966.4267822992 3881164.239237141 40.0
507966.6090646927 3881164.3059354834 40.0
507966.4267822992 3881164.239237141 40.0
507966.25360721996 3881164.183636548 40.0
507966.25360721996 3881164.183636548 40.0
507966.089558894 3881164.11695419 40.0
507965.92551056563 3881164.0502718366 40.0
507965.92551056563 3881164.0502718366 40.0
507965.77968658553 3881163.994695221 40.0
507965.77968658553 3881163.994695221 40.0
507965.66120399686 3881163.950232331 40.0
507965.66120399686 3881163.950232331 40.0
507965.66120399686 3881163.950232331 40.0
507965.54272140237 3881163.905769445 40.0
507965.41512177367 3881163.861298572 40.0
507965.41512177367 3881163.861298572 40.0
507965.1872833357 3881163.7612910364 40.0
507965.41512177367 3881163.861298572 40.0
507965.0961421287 3881163.727941878 40.0
507965.1872833357 3881163.7612910364 40.0
507965.0961421287 3881163.727941878 40.0
507965.0141276731 3881163.6835109517 40.0
507964.9321132191 3881163.6390800243 40.0
507965.0141276731 3881163.6835109517 40.0
507964.9321132191 3881163.6390800243 40.0
507964.8592060812 3881163.6057468466 40.0
507964.77719162335 3881163.5613159207 40.0
507964.77719162335 3881163.5613159207 40.0
507964.77719162335 3881163.5613159207 40.0
507964.69516744855 3881163.527974755 40.0
507964.69516744855 3881163.527974755 40.0
507964.60403595347 3881163.483535844 40.0
507964.60403595347 3881163.483535844 40.0
507964.52201177727 3881163.4501946797 40.0
507964.52201177727 3881163.4501946797 40.0
507964.43088028056 3881163.4057557704 40.0
507964.3306317494 3881163.361308874 40.0
507964.3306317494 3881163.361308874 40.0
507964.3306317494 3881163.361308874 40.0
507964.23038321495 3881163.316861979 40.0
507964.23038321495 3881163.316861979 40.0
507964.12101764354 3881163.2724070977 40.0
507964.12101764354 3881163.2724070977 40.0
507971.2600015996 3881152.488321213 40.0
507971.2600015996 3881152.488321213 40.0
507971.1597627028 3881152.432784485 40.0
507970.941031364 3881152.343874559 40.0
507971.1597627028 3881152.432784485 40.0
507970.8316754167 3881152.28832984 40.0
507970.8316754167 3881152.28832984 40.0
507970.8316754167 3881152.28832984 40.0
507970.71319269744 3881152.2438668874 40.0
507970.71319269744 3881152.2438668874 40.0
507970.6038173007 3881152.210501687 40.0
507970.6038173007 3881152.210501687 40.0
507970.50356867356 3881152.1660547247 40.0
507970.50356867356 3881152.1660547247 40.0
507970.40332004544 3881152.121607762 40.0
507970.40332004544 3881152.121607762 40.0
507970.2028227863 3881152.0327138416 40.0
507970.2028227863 3881152.0327138416 40.0
507970.09345710796 3881151.9882588885 40.0
507970.09345710796 3881151.9882588885 40.0
507969.9749743812 3881151.9437959455 40.0
507969.8473746059 3881151.8993250104 40.0
507969.8473746059 3881151.8993250104 40.0
507969.71979427163 3881151.832674562 40.0
507969.8473746059 3881151.8993250104 40.0
507969.71979427163 3881151.832674562 40.0
507969.5921944935 3881151.788203629 40.0
507969.5921944935 3881151.788203629 40.0
507969.45550683263 3881151.710455433 40.0
507969.3096826781 3881151.654878762 40.0
507969.3096826781 3881151.654878762 40.0
507969.027170852 3881151.5215539034 40.0
507969.027170852 3881151.5215539034 40.0
507968.8813564131 3881151.454887481 40.0
507968.8813564131 3881151.454887481 40.0
507968.8813564131 3881151.454887481 40.0
507968.7264249242 3881151.3882130696 40.0
507968.7264249242 3881151.3882130696 40.0
507968.5897178057 3881151.3326444034 40.0
507968.5897178057 3881151.3326444034 40.0
507968.45301068784 3881151.277075738 40.0
507968.45301068784 3881151.277075738 40.0
507968.316303566 3881151.2215070734 40.0
507968.316303566 3881151.2215070734 40.0
507968.197830541 3881151.165954396 40.0
507968.0793477966 3881151.121491478 40.0
507968.0793477966 3881151.121491478 40.0
507968.0793477966 3881151.121491478 40.0
507967.96998209466 3881151.0770365507 40.0
507967.8606163963 3881151.032581625 40.0
507967.8606163963 3881151.032581625 40.0
507967.8606163963 3881151.032581625 40.0
507967.7603677405 3881150.9881346915 40.0
507967.7603677405 3881150.9881346915 40.0
507967.65100204 3881150.9436797695 40.0
507967.55074366485 3881150.910322598 40.0
507967.65100204 3881150.9436797695 40.0
507967.4413779578 3881150.865867679 40.0
507967.4413779578 3881150.865867679 40.0
507967.3320122543 3881150.8214127594 40.0
507967.3320122543 3881150.8214127594 40.0
507967.07682236197 3881150.7213812075 40.0
507967.07682236197 3881150.7213812075 40.0
507966.9310078937 3881150.6547148167 40.0
507966.9310078937 3881150.6547148167 40.0
507966.7943104743 3881150.5880564176 40.0
507966.7943104743 3881150.5880564176 40.0
507966.7943104743 3881150.5880564176 40.0
507966.4935644807 3881150.4547156594 40.0
507966.4935644807 3881150.4547156594 40.0
507966.3295159107 3881150.3880332992 40.0
507966.3295159107 3881150.3880332992 40.0
507966.1654673337 3881150.321350942 40.0
507966.1654673337 3881150.321350942 40.0
507966.0105358033 3881150.254676577 40.0
507966.0105358033 3881150.254676577 40.0
507965.8555945553 3881150.1990919737 40.0
507965.8555945553 3881150.1990919737 40.0
507965.70978006977 3881150.1324256016 40.0
507965.70978006977 3881150.1324256016 40.0
507965.43635604414 3881150.0323781176 40.0
507965.3087562199 3881149.9879072467 40.0
507965.43635604414 3881150.0323781176 40.0
507965.3087562199 3881149.9879072467 40.0
507965.19028315827 3881149.932354607 40.0
507965.19028315827 3881149.932354607 40.0
507965.0718003832 3881149.887891728 40.0
507965.0718003832 3881149.887891728 40.0
507964.96242493525 3881149.8545265966 40.0
507964.96242493525 3881149.8545265966 40.0
507964.8530592075 3881149.8100717072 40.0
507964.8530592075 3881149.8100717072 40.0
507964.76192757546 3881149.7656327966 40.0
507964.66167889064 3881149.7211858984 40.0
507964.66167889064 3881149.7211858984 40.0
507964.66167889064 3881149.7211858984 40.0
507964.57053754304 3881149.6878367453 40.0
507964.4793864765 3881149.665577353 40.0
507964.57053754304 3881149.6878367453 40.0
507964.3882354095 3881149.6433179625 40.0
507964.3882354095 3881149.6433179625 40.0
507964.29709405784 3881149.609968813 40.0
507964.29709405784 3881149.609968813 40.0
507964.2150697552 3881149.576627653 40.0
507964.2150697552 3881149.576627653 40.0
507964.2150697552 3881149.576627653 40.0
507964.1330454543 3881149.5432864926 40.0
507964.1330454543 3881149.5432864926 40.0
507964.05102115043 3881149.5099453335 40.0
507964.05102115043 3881149.5099453335 40.0
507963.9781236134 3881149.4655224043 40.0
507963.9781236134 3881149.4655224043 40.0
507963.90521635814 3881149.4321892336 40.0
507963.85054320446 3881149.3988720383 40.0
507963.85054320446 3881149.3988720383 40.0
507963.7867432807 3881149.3766366127 40.0
507963.7867432807 3881149.3766366127 40.0
507963.7867432807 3881149.3766366127 40.0
507963.73206041125 3881149.354409175 40.0
507963.73206041125 3881149.354409175 40.0
507963.6864945915 3881149.3321897252 40.0
507963.6864945915 3881149.3321897252 40.0
507963.6409287692 3881149.309970275 40.0
507963.6409287692 3881149.309970275 40.0
507963.5953726638 3881149.276661068 40.0
507963.5498068433 3881149.2544416175 40.0
507963.5498068433 3881149.2544416175 40.0
507963.5498068433 3881149.2544416175 40.0
507963.51335807034 3881149.2322301557 40.0
507963.4586751993 3881149.21000272 40.0
507963.4586751993 3881149.21000272 40.0
507963.4586751993 3881149.21000272 40.0
507963.39488499024 3881149.17667754 40.0
507963.39488499024 3881149.17667754 40.0
507963.3219777329 3881149.1433443734 40.0
507963.3219777329 3881149.1433443734 40.0
507963.23995342245 3881149.1100032222 40.0
507963.23995342245 3881149.1100032222 40.0
507963.13971443725 3881149.054466582 40.0
507963.03034869104 3881149.0100117163 40.0
507963.03034869104 3881149.0100117163 40.0
507963.03034869104 3881149.0100117163 40.0
507962.9118756028 3881148.954459107 40.0
507962.8116366185 3881148.898922471 40.0
507962.9118756028 3881148.954459107 40.0
507962.8116366185 3881148.898922471 40.0
507962.69316352747 3881148.843369865 40.0
507962.69316352747 3881148.843369865 40.0
507962.53824166243 3881148.7656058013 40.0
507962.53824166243 3881148.7656058013 40.0
507962.40154418256 3881148.6989474692 40.0
507962.40154418256 3881148.6989474692 40.0
507962.14638331824 3881148.5656467825 40.0
507962.14638331824 3881148.5656467825 40.0
507962.00967611955 3881148.510078213 40.0
507962.00967611955 3881148.510078213 40.0
507961.88208596775 3881148.454517632 40.0
507961.88208596775 3881148.454517632 40.0
507961.7544958167 3881148.398957053 40.0
507961.7544958167 3881148.398957053 40.0
507961.6360130026 3881148.3544942187 40.0
507961.6360130026 3881148.3544942187 40.0
507961.5084228463 3881148.298933644 40.0
507961.3808229787 3881148.2544628265 40.0
507961.3808229787 3881148.2544628265 40.0
507961.3808229787 3881148.2544628265 40.0
507961.25323282176 3881148.1989022554 40.0
507961.25323282176 3881148.1989022554 40.0
507961.1165256122 3881148.1433337 40.0
507961.1165256122 3881148.1433337 40.0
507960.97980868927 3881148.098854907 40.0
507960.97980868927 3881148.098854907 40.0
507960.843111188 3881148.0321965986 40.0
507960.843111188 3881148.0321965986 40.0
507960.5788235173 3881147.909977728 40.0
507960.5788235173 3881147.909977728 40.0
507960.4329992455 3881147.8544012 40.0
507960.2780579227 3881147.7988166925 40.0
507960.2780579227 3881147.7988166925 40.0
507960.2780579227 3881147.7988166925 40.0
507959.98638995155 3881147.7098431624 40.0
507959.98638995155 3881147.7098431624 40.0
507959.84056567523 3881147.654266645 40.0
507959.703868159 3881147.587608353 40.0
507959.84056567523 3881147.654266645 40.0
507959.703868159 3881147.587608353 40.0
507959.5671512208 3881147.5431295806 40.0
507959.5671512208 3881147.5431295806 40.0
507959.43044398876 3881147.4875610517 40.0
507959.43044398876 3881147.4875610517 40.0
507959.18436126114 3881147.3986274633 40.0
507959.0476443176 3881147.3541486966 40.0
507959.18436126114 3881147.3986274633 40.0
507958.92004442477 3881147.3096779156 40.0
507958.92004442477 3881147.3096779156 40.0
507958.7833274786 3881147.265199155 40.0
507958.7833274786 3881147.265199155 40.0
507958.6557275809 3881147.220728377 40.0
507958.6557275809 3881147.220728377 40.0
507958.6557275809 3881147.220728377 40.0
507958.5190106321 3881147.17624962 40.0
507958.5190106321 3881147.17624962 40.0
507958.3914107342 3881147.131778847 40.0
507958.3914107342 3881147.131778847 40.0
507958.263810835 3881147.0873080743 40.0
507958.263810835 3881147.0873080743 40.0
507958.14532798453 3881147.042845286 40.0
507957.91747933935 3881146.953927693 40.0
507958.14532798453 3881147.042845286 40.0
507957.8172305902 3881146.9094808702 40.0
507957.8172305902 3881146.9094808702 40.0
507957.7078550823 3881146.876115826 40.0
507957.8172305902 3881146.9094808702 40.0
507957.7078550823 3881146.876115826 40.0
507957.59848928114 3881146.8316610237 40.0
507957.59848928114 3881146.8316610237 40.0
507957.4891234789 3881146.787206224 40.0
507957.38887473044 3881146.742759407 40.0
507957.38887473044 3881146.742759407 40.0
507957.27040157834 3881146.687206872 40.0
507957.27040157834 3881146.687206872 40.0
507957.1428113744 3881146.6316463575 40.0
507957.27040157834 3881146.687206872 40.0
507957.1428113744 3881146.6316463575 40.0
507957.015221169 3881146.576085845 40.0
507957.015221169 3881146.576085845 40.0
507956.8785139092 3881146.520517354 40.0
507956.8785139092 3881146.520517354 40.0
507956.7326993014 3881146.453851128 40.0
507956.7326993014 3881146.453851128 40.0
507956.5777676362 3881146.387176924 40.0
507956.5777676362 3881146.387176924 40.0
507956.4228456772 3881146.309412965 40.0
507956.24968960707 3881146.2316330504 40.0
507956.24968960707 3881146.2316330504 40.0
507956.24968960707 3881146.2316330504 40.0
507956.0583091334 3881146.142747422 40.0
507956.0583091334 3881146.142747422 40.0
507955.7211043257 3881145.9982853476 40.0
507955.5388214877 3881145.9315872244 40.0
507955.5388214877 3881145.9315872244 40.0
507955.3747727538 3881145.864905063 40.0
507955.3747727538 3881145.864905063 40.0
507955.3747727538 3881145.864905063 40.0
507955.21982165944 3881145.8204103974 40.0
507955.21982165944 3881145.8204103974 40.0
507955.064880268 3881145.764825978 40.0
507954.92816327995 3881145.7203472755 40.0
507954.92816327995 3881145.7203472755 40.0
507954.8096804 3881145.6758845295 40.0
507954.8096804 3881145.6758845295 40.0
507954.6911975167 3881145.631421786 40.0
507954.6911975167 3881145.631421786 40.0
507954.6911975167 3881145.631421786 40.0
507954.57270492596 3881145.598048803 40.0
507954.45420263306 3881145.575765576 40.0
507954.45420263306 3881145.575765576 40.0
507954.45420263306 3881145.575765576 40.0
507954.21722715575 3881145.497929858 40.0
507954.21722715575 3881145.497929858 40.0
507954.00758342963 3881145.4422975923 40.0
507954.00758342963 3881145.4422975923 40.0
507953.9255396458 3881145.431136041 40.0
507953.9255396458 3881145.431136041 40.0
507953.83438851073 3881145.408876755 40.0
507953.83438851073 3881145.408876755 40.0
507953.7979494039 3881145.375575574 40.0
507953.7979494039 3881145.375575574 40.0
507953.73413972935 3881145.3644299787 40.0
507953.73413972935 3881145.3644299787 40.0
507953.6794471062 3881145.3532923586 40.0
507953.62476418563 3881145.3310649837 40.0
507953.62476418563 3881145.3310649837 40.0
507953.56096421316 3881145.3088296293 40.0
507953.56096421316 3881145.3088296293 40.0
507953.5062715918 3881145.2976920125 40.0
507953.5062715918 3881145.2976920125 40.0
507953.5062715918 3881145.2976920125 40.0
507953.460696022 3881145.2865623706 40.0
507953.460696022 3881145.2865623706 40.0
507953.4060131005 3881145.264334997 40.0
507953.342213127 3881145.242099646 40.0
507953.342213127 3881145.242099646 40.0
507953.342213127 3881145.242099646 40.0
507953.2692863946 3881145.2309460766 40.0
507953.2692863946 3881145.2309460766 40.0
507953.19636936643 3881145.20870275 40.0
507953.19636936643 3881145.20870275 40.0
507953.1143449836 3881145.175361689 40.0
507953.0414279523 3881145.153118364 40.0
507953.0414279523 3881145.153118364 40.0
507952.977637679 3881145.1197932586 40.0
507953.0414279523 3881145.153118364 40.0
507952.977637679 3881145.1197932586 40.0
507952.85002802353 3881145.0864123204 40.0
507952.85002802353 3881145.0864123204 40.0
507952.8044621536 3881145.064192924 40.0
507952.7497695275 3881145.0530553116 40.0
507952.7497695275 3881145.0530553116 40.0
507952.6950769037 3881145.0419176994 40.0
507952.6950769037 3881145.0419176994 40.0
507952.6950769037 3881145.0419176994 40.0
507952.6403939812 3881145.0196903273 40.0
507952.6403939812 3881145.0196903273 40.0
507952.58570135466 3881145.0085527166 40.0
507952.58570135466 3881145.0085527166 40.0
507952.5401451873 3881144.9752435647 40.0
507952.5401451873 3881144.9752435647 40.0
507952.49455991574 3881144.9752036864 40.0
507952.49455991574 3881144.9752036864 40.0
507952.43988668895 3881144.941886559 40.0
507952.38519406406 3881144.9307489484 40.0
507952.43988668895 3881144.941886559 40.0
507952.38519406406 3881144.9307489484 40.0
507952.3213940857 3881144.9085136037 40.0
507952.3213940857 3881144.9085136037 40.0
507952.26671115914 3881144.886286236 40.0
507952.26671115914 3881144.886286236 40.0
507952.21202823234 3881144.8640588676 40.0
507952.21202823234 3881144.8640588676 40.0
507952.1573453076 3881144.841831501 40.0
507952.1573453076 3881144.841831501 40.0
507952.10266238253 3881144.8196041337 40.0
507952.10266238253 3881144.8196041337 40.0
507952.0570965071 3881144.7973847417 40.0
507952.0206379922 3881144.7862630836 40.0
507952.0206379922 3881144.7862630836 40.0
507952.0206379922 3881144.7862630836 40.0
507951.97506242036 3881144.7751334505 40.0
507951.97506242036 3881144.7751334505 40.0
507951.9386039006 3881144.764011793 40.0
507951.9112624353 3881144.752898108 40.0
507951.9112624353 3881144.752898108 40.0
507951.9112624353 3881144.752898108 40.0
507951.8748039177 3881144.7417764515 40.0
507951.8748039177 3881144.7417764515 40.0
507951.8474624546 3881144.7306627687 40.0
507951.8474624546 3881144.7306627687 40.0
507951.8110039368 3881144.7195411115 40.0
507951.78367217164 3881144.6973376716 40.0
507951.78367217164 3881144.6973376716 40.0
507951.74720395333 3881144.697305772 40.0
507951.78367217164 3881144.6973376716 40.0
507951.74720395333 3881144.697305772 40.0
507951.7198624899 3881144.6861920883 40.0
507951.7198624899 3881144.6861920883 40.0
507951.6834136721 3881144.663980673 40.0
507951.6378477972 3881144.641761284 40.0
507951.6378477972 3881144.641761284 40.0
507951.6378477972 3881144.641761284 40.0
507951.59227222414 3881144.630631653 40.0
507951.5466966487 3881144.619502021 40.0
507951.5466966487 3881144.619502021 40.0
507951.5466966487 3881144.619502021 40.0
507951.50113077555 3881144.597282633 40.0
507951.4737990092 3881144.5750791933 40.0
507951.4737990092 3881144.5750791933 40.0
507951.4464672451 3881144.552875753 40.0
507951.4464672451 3881144.552875753 40.0
507951.41914518084 3881144.519582557 40.0
507951.4464672451 3881144.552875753 40.0
507951.41914518084 3881144.519582557 40.0
507951.38268666173 3881144.5084609 40.0
507951.38268666173 3881144.5084609 40.0
507951.3462378401 3881144.4862494865 40.0
507951.3462378401 3881144.4862494865 40.0
507951.30978902057 3881144.4640380726 40.0
507951.30978902057 3881144.4640380726 40.0
507951.2733305011 3881144.452916418 40.0
507951.2368816813 3881144.430705005 40.0
507951.2733305011 3881144.452916418 40.0
507951.2368816813 3881144.430705005 40.0
507951.1821987469 3881144.408477643 40.0
507951.1275158169 3881144.3862502812 40.0
507951.1275158169 3881144.3862502812 40.0
507951.1275158169 3881144.3862502812 40.0
507951.0637061322 3881144.375104705 40.0
507951.0637061322 3881144.375104705 40.0
507950.99078908947 3881144.352861395 40.0
507950.99078908947 3881144.352861395 40.0
507950.9087549915 3881144.3306101137 40.0
507950.9087549915 3881144.3306101137 40.0
507950.83584764734 3881144.297277049 40.0
507950.83584764734 3881144.297277049 40.0
507950.76295000414 3881144.2528542248 40.0
507950.76295000414 3881144.2528542248 40.0
507950.6809256038 3881144.219513187 40.0
507950.6809256038 3881144.219513187 40.0
507950.4986814887 3881144.108456135 40.0
507950.4986814887 3881144.108456135 40.0
507950.40754972957 3881144.0640173675 40.0
507950.40754972957 3881144.0640173675 40.0
507950.32553502487 3881144.019586575 40.0
507950.32553502487 3881144.019586575 40.0
507950.2343935655 3881143.9862375674 40.0
507950.1523788615 3881143.9418067774 40.0
507950.2343935655 3881143.9862375674 40.0
507950.1523788615 3881143.9418067774 40.0
507950.06123740075 3881143.908457771 40.0
507950.06123740075 3881143.908457771 40.0
507949.97923239117 3881143.852937223 40.0
507949.8789835715 3881143.808490489 40.0
507949.8789835715 3881143.808490489 40.0
507949.7787444488 3881143.752953996 40.0
507949.8789835715 3881143.808490489 40.0
507949.651144458 3881143.7084833467 40.0
507949.651144458 3881143.7084833467 40.0
507949.651144458 3881143.7084833467 40.0
507949.53268092155 3881143.641841154 40.0
507949.53268092155 3881143.641841154 40.0
507949.40511002287 3881143.564101234 40.0
507949.28666587285 3881143.475279528 40.0
507949.28666587285 3881143.475279528 40.0
507949.28666587285 3881143.475279528 40.0
507949.15909496974 3881143.3975396114 40.0
507949.15909496974 3881143.3975396114 40.0
507949.03153376153 3881143.308709936 40.0
507949.03153376153 3881143.308709936 40.0
507948.8948457978 3881143.230962052 40.0
507948.8948457978 3881143.230962052 40.0
507948.7672748856 3881143.153222139 40.0
507948.7672748856 3881143.153222139 40.0
507948.6488113332 3881143.0865799584 40.0
507948.6488113332 3881143.0865799584 40.0
507948.5394648376 3881143.019945751 40.0
507948.4392450907 3881142.9422297576 40.0
507948.5394648376 3881143.019945751 40.0
507948.4392450907 3881142.9422297576 40.0
507948.32988889096 3881142.886685312 40.0
507948.2296594471 3881142.8200590787 40.0
507948.2296594471 3881142.8200590787 40.0
507948.12031294056 3881142.753424877 40.0
507948.12031294056 3881142.753424877 40.0
507948.12031294056 3881142.753424877 40.0
507948.00183968473 3881142.697872463 40.0
507947.87424936844 3881142.642312079 40.0
507947.87424936844 3881142.642312079 40.0
507947.87424936844 3881142.642312079 40.0
507947.7375613802 3881142.56456421 40.0
507947.6008733943 3881142.4868163443 40.0
507947.6008733943 3881142.4868163443 40.0
507947.6008733943 3881142.4868163443 40.0
507947.44594159717 3881142.420142297 40.0
507947.44594159717 3881142.420142297 40.0
507947.2910291877 3881142.331288736 40.0
507947.2910291877 3881142.331288736 40.0
507947.12699971575 3881142.2424272085 40.0
507947.12699971575 3881142.2424272085 40.0
507946.97207760555 3881142.1646634107 40.0
507946.97207760555 3881142.1646634107 40.0
507946.8080384332 3881142.0868916465 40.0
507946.8080384332 3881142.0868916465 40.0
507946.6622333749 3881142.0091358246 40.0
507946.6622333749 3881142.0091358246 40.0
507946.50731125445 3881141.9313720353 40.0
507946.50731125445 3881141.9313720353 40.0
507946.3706232485 3881141.8536241874 40.0
507946.3706232485 3881141.8536241874 40.0
507946.2430426041 3881141.7869740683 40.0
507946.2430426041 3881141.7869740683 40.0
507946.1154619578 3881141.7203239514 40.0
507946.1154619578 3881141.7203239514 40.0
507945.9969983673 3881141.6536818068 40.0
507945.9969983673 3881141.6536818068 40.0
507945.88764213957 3881141.5981373894 40.0
507945.88764213957 3881141.5981373894 40.0
507945.787383582 3881141.5647804574 40.0
507945.6962614674 3881141.5092519796 40.0
507945.6962614674 3881141.5092519796 40.0
507945.6962614674 3881141.5092519796 40.0
507945.6142370238 3881141.4759109877 40.0
507945.6142370238 3881141.4759109877 40.0
507945.5413393302 3881141.431488207 40.0
507945.5413393302 3881141.431488207 40.0
507945.4684416359 3881141.3870654264 40.0
507945.4684416359 3881141.3870654264 40.0
507945.3955342506 3881141.3537324057 40.0
507945.3955342506 3881141.3537324057 40.0
507945.322636555 3881141.3093096265 40.0
507945.2588462265 3881141.275984574 40.0
507945.2588462265 3881141.275984574 40.0
507945.2588462265 3881141.275984574 40.0
507945.18593883724 3881141.2426515548 40.0
507945.18593883724 3881141.2426515548 40.0
507945.1039143893 3881141.209310568 40.0
507945.02188994316 3881141.1759695816 40.0
507945.1039143893 3881141.209310568 40.0
507945.02188994316 3881141.1759695816 40.0
507944.930758128 3881141.1315308693 40.0
507944.83961662 3881141.0981819155 40.0
507944.930758128 3881141.1315308693 40.0
507944.83961662 3881141.0981819155 40.0
507944.730250689 3881141.05372727 40.0
507944.63000181055 3881141.009280594 40.0
507944.730250689 3881141.05372727 40.0
507944.63000181055 3881141.009280594 40.0
507944.5206358752 3881140.9648259515 40.0
507944.4203869971 3881140.920379277 40.0
507944.5206358752 3881140.9648259515 40.0
507944.4203869971 3881140.920379277 40.0
507944.3110210596 3881140.875924635 40.0
507944.3110210596 3881140.875924635 40.0
507944.2107721818 3881140.8314779643 40.0
507944.2107721818 3881140.8314779643 40.0
507944.11052329844 3881140.7870312924 40.0
507944.0193914749 3881140.74259259 40.0
507944.0193914749 3881140.74259259 40.0
507944.0193914749 3881140.74259259 40.0
507943.92824995966 3881140.709243647 40.0
507943.8462255047 3881140.6759026693 40.0
507943.92824995966 3881140.709243647 40.0
507943.8462255047 3881140.6759026693 40.0
507943.77331810776 3881140.6425696625 40.0
507943.77331810776 3881140.6425696625 40.0
507943.70041070797 3881140.6092366534 40.0
507943.70041070797 3881140.6092366534 40.0
507943.62750330765 3881140.5759036466 40.0
507943.55459590914 3881140.5425706394 40.0
507943.62750330765 3881140.5759036466 40.0
507943.55459590914 3881140.5425706394 40.0
507943.47257144895 3881140.509229667 40.0
507943.3814396195 3881140.464790972 40.0
507943.47257144895 3881140.509229667 40.0
507943.3814396195 3881140.464790972 40.0
507943.281181038 3881140.4314340665 40.0
507943.281181038 3881140.4314340665 40.0
507943.1809418403 3881140.3758976487 40.0
507943.0624588289 3881140.3314350564 40.0
507943.0624588289 3881140.3314350564 40.0
507943.0624588289 3881140.3314350564 40.0
507942.93486844935 3881140.2758747423 40.0
507942.93486844935 3881140.2758747423 40.0
507942.81641450856 3881140.1981428806 40.0
507942.81641450856 3881140.1981428806 40.0
507942.68883381266 3881140.1314928127 40.0
507942.68883381266 3881140.1314928127 40.0
507942.552136058 3881140.0648347805 40.0
507942.552136058 3881140.0648347805 40.0
507942.40632123966 3881139.998168784 40.0
507942.2604967328 3881139.94259255 40.0
507942.2604967328 3881139.94259255 40.0
507942.2604967328 3881139.94259255 40.0
507942.1146722241 3881139.887016317 40.0
507942.1146722241 3881139.887016317 40.0
507941.97796477075 3881139.831448051 40.0
507941.97796477075 3881139.831448051 40.0
507941.83212088206 3881139.7980513377 40.0
507941.83212088206 3881139.7980513377 40.0
507941.68628668034 3881139.7535648695 40.0
507941.5586865964 3881139.7090943335 40.0
507941.5586865964 3881139.7090943335 40.0
507941.4402035685 3881139.6646317625 40.0
507941.4402035685 3881139.6646317625 40.0
507941.4402035685 3881139.6646317625 40.0
507941.3308376037 3881139.6201771586 40.0
507941.3308376037 3881139.6201771586 40.0
507941.23058869294 3881139.5757305194 40.0
507941.13944715814 3881139.5423816047 40.0
507941.13944715814 3881139.5423816047 40.0
507941.13944715814 3881139.5423816047 40.0
507941.05742268014 3881139.5090406532 40.0
507941.05742268014 3881139.5090406532 40.0
507940.9845249509 3881139.464617908 40.0
507940.9116175315 3881139.431284924 40.0
507940.9116175315 3881139.431284924 40.0
507940.84782717377 3881139.397959901 40.0
507940.84782717377 3881139.397959901 40.0
507940.84782717377 3881139.397959901 40.0
507940.78402712394 3881139.37572464 40.0
507940.78402712394 3881139.37572464 40.0
507940.7202173915 3881139.364579136 40.0
507940.7202173915 3881139.364579136 40.0
507940.6655440902 3881139.3312620795 40.0
507940.61086110404 3881139.3090347815 40.0
507940.61086110404 3881139.3090347815 40.0
507940.61086110404 3881139.3090347815 40.0
507940.54706105764 3881139.2867995217 40.0
507940.54706105764 3881139.2867995217 40.0
507940.38301209215 3881139.220117631 40.0
507940.38301209215 3881139.220117631 40.0
507940.2827534883 3881139.18676076 40.0
507940.2827534883 3881139.18676076 40.0
507940.15514370333 3881139.153380001 40.0
507940.15514370333 3881139.153380001 40.0
507940.01842654333 3881139.1089015226 40.0
507940.01842654333 3881139.1089015226 40.0
507939.89084581396 3881139.0422514956 40.0
507939.89084581396 3881139.0422514956 40.0
507939.6629871004 3881138.96442412 40.0
507939.6629871004 3881138.96442412 40.0
507939.4077772041 3881138.8865728616 40.0
507939.4077772041 3881138.8865728616 40.0
507939.1616843639 3881138.8087295755 40.0
507939.1616843639 3881138.8087295755 40.0
507938.9156012019 3881138.719796536 40.0
507938.9156012019 3881138.719796536 40.0
507938.78800108994 3881138.6753260386 40.0
507938.78800108994 3881138.6753260386 40.0
507938.66040097445 3881138.6308555435 40.0
507938.66040097445 3881138.6308555435 40.0
507938.4780597592 3881138.6306963116 40.0
507938.4780597592 3881138.6306963116 40.0
507937.7672485638 3881138.2641133317 40.0
507937.5849363881 3881138.2306848443 40.0
507937.5849363881 3881138.2306848443 40.0
507937.5849363881 3881138.2306848443 40.0
507937.42998507724 3881138.186190484 40.0
507937.42998507724 3881138.186190484 40.0
507937.2841508283 3881138.141704087 40.0
507937.15654101776 3881138.1083233696 40.0
507937.15654101776 3881138.1083233696 40.0
507937.0380482675 3881138.0749506145 40.0
507937.0380482675 3881138.0749506145 40.0
507937.0380482675 3881138.0749506145 40.0
507936.9377896388 3881138.041593781 40.0
507936.9377896388 3881138.041593781 40.0
507936.8557457676 3881138.030432385 40.0
507936.8557457676 3881138.030432385 40.0
507936.7737115782 3881138.0081812306 40.0
507936.7737115782 3881138.0081812306 40.0
507936.69167738844 3881137.985930076 40.0
507936.6096431983 3881137.963678924 40.0
507936.69167738844 3881137.985930076 40.0
507936.6096431983 3881137.963678924 40.0
507936.5276090124 3881137.9414277724 40.0
507936.5276090124 3881137.9414277724 40.0
507936.44557482144 3881137.9191766195 40.0
507936.44557482144 3881137.9191766195 40.0
507936.345306505 3881137.896909551 40.0
507936.345306505 3881137.896909551 40.0
507936.2541649332 3881137.8635606854 40.0
507936.2541649332 3881137.8635606854 40.0
507936.14478924026 3881137.8301959 40.0
507936.14478924026 3881137.8301959 40.0
507936.0262964804 3881137.796823159 40.0
507936.0262964804 3881137.796823159 40.0
507935.9078037219 3881137.7634504186 40.0
507935.9078037219 3881137.7634504186 40.0
507935.7710768395 3881137.7300617625 40.0
507935.6343596368 3881137.6855833502 40.0
507935.7710768395 3881137.7300617625 40.0
507935.4885253711 3881137.641096982 40.0
507935.6343596368 3881137.6855833502 40.0
507935.4885253711 3881137.641096982 40.0
507935.3517984853 3881137.6077083317 40.0
507935.3517984853 3881137.6077083317 40.0
507935.2059545345 3881137.574311726 40.0
507935.2059545345 3881137.574311726 40.0
507935.060100905 3881137.55200488 40.0
507934.9233643342 3881137.529705994 40.0
507934.9233643342 3881137.529705994 40.0
507934.9233643342 3881137.529705994 40.0
507934.7957545065 3881137.4963253094 40.0
507934.7957545065 3881137.4963253094 40.0
507934.66812531877 3881137.4851241447 40.0
507934.66812531877 3881137.4851241447 40.0
507934.5496228696 3881137.4628411783 40.0
507934.4402278071 3881137.451655931 40.0
507934.4402278071 3881137.451655931 40.0
507934.4402278071 3881137.451655931 40.0
507934.3308327397 3881137.440470685 40.0
507934.3308327397 3881137.440470685 40.0
507934.2214376767 3881137.4292854383 40.0
507934.2214376767 3881137.4292854383 40.0
507934.1120232511 3881137.440279711 40.0
507934.1120232511 3881137.440279711 40.0
507933.9843843831 3881137.440168312 40.0
507933.9843843831 3881137.440168312 40.0
507933.86586257926 3881137.4400648717 40.0
507933.86586257926 3881137.4400648717 40.0
507933.73822371126 3881137.4399534767 40.0
507933.6014580986 3881137.450923884 40.0
507933.73822371126 3881137.4399534767 40.0
507933.46469249093 3881137.4618942933 40.0
507933.46469249093 3881137.4618942933 40.0
507933.46469249093 3881137.4618942933 40.0
507933.30969275994 3881137.472848793 40.0
507933.30969275994 3881137.472848793 40.0
507933.15469302936 3881137.4838032955 40.0
507933.15469302936 3881137.4838032955 40.0
507932.9905665576 3881137.505839601 40.0
507932.81731335 3881137.5389577113 40.0
507932.81731335 3881137.5389577113 40.0
507932.65317720297 3881137.572083782 40.0
507932.65317720297 3881137.572083782 40.0
507932.4890410595 3881137.605209855 40.0
507932.4890410595 3881137.605209855 40.0
507932.3248952383 3881137.6494256887 40.0
507932.3248952383 3881137.6494256887 40.0
507932.1698664825 3881137.69364948 40.0
507932.1698664825 3881137.69364948 40.0
507932.0239451112 3881137.748970988 40.0
507932.0239451112 3881137.748970988 40.0
507931.8871408054 3881137.8043004526 40.0
507931.8871408054 3881137.8043004526 40.0
507931.7594535627 3881137.859637874 40.0
507931.7594535627 3881137.859637874 40.0
507931.7594535627 3881137.859637874 40.0
507931.64086403133 3881137.9371627676 40.0
507931.64086403133 3881137.9371627676 40.0
507931.53141091455 3881137.992516101 40.0
507931.4310651848 3881138.0589671494 40.0
507931.4310651848 3881138.0589671494 40.0
507931.4310651848 3881138.0589671494 40.0
507931.3307291296 3881138.1143284393 40.0
507931.23951014143 3881138.169697686 40.0
507931.23951014143 3881138.169697686 40.0
507931.15740821534 3881138.2250748873 40.0
507931.15740821534 3881138.2250748873 40.0
507931.15740821534 3881138.2250748873 40.0
507931.06618922466 3881138.2804441364 40.0
507930.9749605624 3881138.346903142 40.0
507930.9749605624 3881138.346903142 40.0
507930.88374157634 3881138.402272393 40.0
507930.9749605624 3881138.346903142 40.0
507930.88374157634 3881138.402272393 40.0
507930.7833958582 3881138.468723447 40.0
507930.7833958582 3881138.468723447 40.0
507930.69217687455 3881138.5240926985 40.0
507930.69217687455 3881138.5240926985 40.0
507930.5918311591 3881138.5905437544 40.0
507930.5918311591 3881138.5905437544 40.0
507930.49148544046 3881138.6569948127 40.0
507930.49148544046 3881138.6569948127 40.0
507930.39113005134 3881138.734535631 40.0
507930.29078434047 3881138.8009866914 40.0
507930.29078434047 3881138.8009866914 40.0
507930.29078434047 3881138.8009866914 40.0
507930.1904192782 3881138.8896172675 40.0
507930.08093716 3881138.978239892 40.0
507930.1904192782 3881138.8896172675 40.0
507930.08093716 3881138.978239892 40.0
507929.98057210643 3881139.066870472 40.0
507929.88020705024 3881139.1555010527 40.0
507929.88020705024 3881139.1555010527 40.0
507929.88020705024 3881139.1555010527 40.0
507929.7798420006 3881139.244131635 40.0
507929.7798420006 3881139.244131635 40.0
507929.67946727714 3881139.343851974 40.0
507929.67946727714 3881139.343851974 40.0
507929.5791022269 3881139.432482559 40.0
507929.5791022269 3881139.432482559 40.0
507929.47871783684 3881139.5432926584 40.0
507929.47871783684 3881139.5432926584 40.0
507929.38746017957 3881139.6430209544 40.0
507929.38746017957 3881139.6430209544 40.0
507929.30531958386 3881139.742757204 40.0
507929.30531958386 3881139.742757204 40.0
507929.21405225765 3881139.853575259 40.0
507929.21405225765 3881139.853575259 40.0
507929.13190199295 3881139.9644012693 40.0
507929.0588784621 3881140.0641454733 40.0
507929.0588784621 3881140.0641454733 40.0
507928.9767282059 3881140.174971484 40.0
507928.9767282059 3881140.174971484 40.0
507928.9767282059 3881140.174971484 40.0
507928.894577947 3881140.285797494 40.0
507928.894577947 3881140.285797494 40.0
507928.8124276901 3881140.396623507 40.0
507928.8124276901 3881140.396623507 40.0
507928.7393944939 3881140.5074574715 40.0
507928.7393944939 3881140.5074574715 40.0
507928.6663516274 3881140.6293811942 40.0
507928.6663516274 3881140.6293811942 40.0
507928.59331843717 3881140.7402151576 40.0
507928.59331843717 3881140.7402151576 40.0
507928.5202755744 3881140.8621388827 40.0
507928.5202755744 3881140.8621388827 40.0
507928.4563497742 3881140.98407056 40.0
507928.3832972434 3881141.1170840436 40.0
507928.3832972434 3881141.1170840436 40.0
507928.3832972434 3881141.1170840436 40.0
507928.31025438645 3881141.239007768 40.0
507928.2372018621 3881141.3720212523 40.0
507928.2372018621 3881141.3720212523 40.0
507920.98870117456 3881152.33348147 40.0
507920.98870117456 3881152.33348147 40.0
507920.98870117456 3881152.33348147 40.0
507920.9065414621 3881152.4553973125 40.0
507920.9065414621 3881152.4553973125 40.0
507920.8334987939 3881152.577321101 40.0
507920.8334987939 3881152.577321101 40.0
507920.76046579715 3881152.6881551314 40.0
507920.68742313504 3881152.810078921 40.0
507920.68742313504 3881152.810078921 40.0
507920.68742313504 3881152.810078921 40.0
507920.6143804726 3881152.932002709 40.0
507920.6143804726 3881152.932002709 40.0
507920.5504548629 3881153.053934444 40.0
507920.47742186877 3881153.164768476 40.0
507920.5504548629 3881153.053934444 40.0
507920.47742186877 3881153.164768476 40.0
507920.3952525062 3881153.2977740816 40.0
507920.3952525062 3881153.2977740816 40.0
507920.32220019645 3881153.4307876322 40.0
507920.2491672058 3881153.5416216655 40.0
507920.2491672058 3881153.5416216655 40.0
507920.2491672058 3881153.5416216655 40.0
507920.1761245574 3881153.6635454586 40.0
507920.1761245574 3881153.6635454586 40.0
507920.11219895864 3881153.785477197 40.0
507920.03916597576 3881153.896311231 40.0
507920.03916597576 3881153.896311231 40.0
507920.03916597576 3881153.896311231 40.0
507919.97525004216 3881154.00715321 40.0
507919.97525004216 3881154.00715321 40.0
507919.90221706266 3881154.117987249 40.0
507919.90221706266 3881154.117987249 40.0
507919.83830113 3881154.2288292297 40.0
507919.83830113 3881154.2288292297 40.0
507919.7743948625 3881154.328581452 40.0
507919.7743948625 3881154.328581452 40.0
507919.71047893516 3881154.439423433 40.0
507919.6374459624 3881154.5502574733 40.0
507919.6374459624 3881154.5502574733 40.0
507919.5735396971 3881154.6500096982 40.0
507919.5735396971 3881154.6500096982 40.0
507919.5735396971 3881154.6500096982 40.0
507919.50962377444 3881154.7608516803 40.0
507919.50962377444 3881154.7608516803 40.0
507919.445717512 3881154.860603906 40.0
507919.3818015901 3881154.971445889 40.0
507919.3818015901 3881154.971445889 40.0
507919.3818015901 3881154.971445889 40.0
507919.30876862555 3881155.082279932 40.0
507919.30876862555 3881155.082279932 40.0
507919.23573566513 3881155.193113976 40.0
507919.1627027042 3881155.3039480187 40.0
507919.1627027042 3881155.3039480187 40.0
507919.1627027042 3881155.3039480187 40.0
507919.08054304065 3881155.425863878 40.0
507919.0075100835 3881155.536697923 40.0
507919.08054304065 3881155.425863878 40.0
507919.0075100835 3881155.536697923 40.0
507918.91623338294 3881155.658605843 40.0
507918.8249566825 3881155.7805137634 40.0
507918.8249566825 3881155.7805137634 40.0
507918.8249566825 3881155.7805137634 40.0
507918.7336799845 3881155.9024216835 40.0
507918.7336799845 3881155.9024216835 40.0
507918.65152033215 3881156.0243375488 40.0
507918.56024363893 3881156.1462454726 40.0
507918.56024363893 3881156.1462454726 40.0
507918.56024363893 3881156.1462454726 40.0
507918.47808399337 3881156.2681613364 40.0
507918.47808399337 3881156.2681613364 40.0
507918.39592434774 3881156.3900772035 40.0
507918.39592434774 3881156.3900772035 40.0
507918.3137647066 3881156.5119930706 40.0
507918.2316147249 3881156.6228191806 40.0
507918.3137647066 3881156.5119930706 40.0
507918.2316147249 3881156.6228191806 40.0
507918.16768917063 3881156.7447509314 40.0
507918.16768917063 3881156.7447509314 40.0
507918.0946658968 3881156.844495224 40.0
507918.0946658968 3881156.844495224 40.0
507918.0307693238 3881156.9331577015 40.0
507918.0307693238 3881156.9331577015 40.0
507917.9759897942 3881157.0218281215 40.0
507917.9759897942 3881157.0218281215 40.0
507917.9121028827 3881157.0994008416 40.0
507917.85733301664 3881157.176981503 40.0
507917.85733301664 3881157.176981503 40.0
507917.85733301664 3881157.176981503 40.0
507917.81167053443 3881157.2656598636 40.0
507917.76601770974 3881157.343248467 40.0
507917.76601770974 3881157.343248467 40.0
507917.76601770974 3881157.343248467 40.0
507917.71125750535 3881157.4097393714 40.0
507917.66560468456 3881157.4873279748 40.0
507917.71125750535 3881157.4097393714 40.0
507917.66560468456 3881157.4873279748 40.0
507917.6199518622 3881157.564916578 40.0
507917.5742893843 3881157.653594941 40.0
507917.6199518622 3881157.564916578 40.0
507917.51950986346 3881157.7422653623 40.0
507917.5742893843 3881157.653594941 40.0
507917.51950986346 3881157.7422653623 40.0
507917.4647206851 3881157.842025543 40.0
507917.4647206851 3881157.842025543 40.0
507917.4099315102 3881157.941785723 40.0
507917.3460252931 3881158.0415379643 40.0
507917.3460252931 3881158.0415379643 40.0
507917.3460252931 3881158.0415379643 40.0
507917.2821094214 3881158.152379963 40.0
507917.2821094214 3881158.152379963 40.0
507917.2090861662 3881158.2521242644 40.0
507917.2090861662 3881158.2521242644 40.0
507917.13603394036 3881158.3851378397 40.0
507917.0538646737 3881158.5181434765 40.0
507917.0538646737 3881158.5181434765 40.0
507917.0538646737 3881158.5181434765 40.0
507916.98082210793 3881158.640067297 40.0
507916.8986528458 3881158.773072936 40.0
507916.8986528458 3881158.773072936 40.0
507916.8986528458 3881158.773072936 40.0
507916.8164932439 3881158.8949888153 40.0
507916.7434506867 3881159.016912638 40.0
507916.7434506867 3881159.016912638 40.0
507916.67952516914 3881159.1388443983 40.0
507916.67952516914 3881159.1388443983 40.0
507916.6064826157 3881159.2607682208 40.0
507916.6064826157 3881159.2607682208 40.0
507916.5425764166 3881159.3605204676 40.0
507916.5425764166 3881159.3605204676 40.0
507916.47866056394 3881159.471362472 40.0
507916.47866056394 3881159.471362472 40.0
507916.4147543677 3881159.571114721 40.0
507916.4147543677 3881159.571114721 40.0
507916.35995555524 3881159.6819646647 40.0
507916.4147543677 3881159.571114721 40.0
507916.31429310015 3881159.7706430345 40.0
507916.31429310015 3881159.7706430345 40.0
507916.31429310015 3881159.7706430345 40.0
507916.26862098876 3881159.8704111604 40.0
507916.26862098876 3881159.8704111604 40.0
507916.2138414963 3881159.959081592 40.0
507916.2138414963 3881159.959081592 40.0
507916.16818869876 3881160.036670202 40.0
507916.16818869876 3881160.036670202 40.0
507916.1316626003 3881160.1031769942 40.0
507916.1316626003 3881160.1031769942 40.0
507916.07689276285 3881160.180757668 40.0
507916.07689276285 3881160.180757668 40.0
507916.0221132741 3881160.269428098 40.0
507916.0221132741 3881160.269428098 40.0
507915.9764508252 3881160.3581064693 40.0
507915.9125446431 3881160.457858721 40.0
507915.9125446431 3881160.457858721 40.0
507915.86686288065 3881160.568716607 40.0
507915.9125446431 3881160.457858721 40.0
507915.8120737374 3881160.668476798 40.0
507915.8120737374 3881160.668476798 40.0
507915.8120737374 3881160.668476798 40.0
507915.7572749411 3881160.7793267476 40.0
507915.7572749411 3881160.7793267476 40.0
507915.6933591079 3881160.890168758 40.0
507915.6933591079 3881160.890168758 40.0
507915.6203262357 3881161.00100283 40.0
507915.6203262357 3881161.00100283 40.0
507915.56553709775 3881161.100763022 40.0
507915.50162126677 3881161.211605035 40.0
507915.50162126677 3881161.211605035 40.0
507915.4377150958 3881161.311357289 40.0
507915.4377150958 3881161.311357289 40.0
507915.4377150958 3881161.311357289 40.0
507915.37379926787 3881161.422199302 40.0
507915.37379926787 3881161.422199302 40.0
507915.3098930998 3881161.5219515576 40.0
507915.3098930998 3881161.5219515576 40.0
507915.19115917734 3881161.7658230406 40.0
507915.19115917734 3881161.7658230406 40.0
507915.1181070091 3881161.8988366327 40.0
507915.1181070091 3881161.8988366327 40.0
507915.0541815335 3881162.0207684077 40.0
507914.981129367 3881162.153782001 40.0
507914.981129367 3881162.153782001 40.0
507914.981129367 3881162.153782001 40.0
507914.9080868605 3881162.275705839 40.0
507914.9080868605 3881162.275705839 40.0
507914.8350346982 3881162.408719435 40.0
507914.8350346982 3881162.408719435 40.0
507914.761982538 3881162.54173303 40.0
507914.6889400375 3881162.6636568685 40.0
507914.6889400375 3881162.6636568685 40.0
507914.6889400375 3881162.6636568685 40.0
507914.6158878815 3881162.7966704657 40.0
507914.5337186914 3881162.929676126 40.0
507914.5337186914 3881162.929676126 40.0
507914.45153984876 3881163.073771546 40.0
507914.5337186914 3881162.929676126 40.0
507914.45153984876 3881163.073771546 40.0
507914.36937066587 3881163.206777208 40.0
507914.36937066587 3881163.206777208 40.0
507914.29630886647 3881163.3508805656 40.0
507914.29630886647 3881163.3508805656 40.0
507914.214139686 3881163.4838862293 40.0
507914.214139686 3881163.4838862293 40.0
507914.1410875435 3881163.6168998294 40.0
507914.1410875435 3881163.6168998294 40.0
507914.0589183677 3881163.7499054945 40.0
507914.0589183677 3881163.7499054945 40.0
507913.9858469232 3881163.9050986134 40.0
507913.9858469232 3881163.9050986134 40.0
507913.91279478744 3881164.038112217 40.0
507913.91279478744 3881164.038112217 40.0
507913.83974265377 3881164.1711258204 40.0
507913.83974265377 3881164.1711258204 40.0
507913.7666905245 3881164.304139425 40.0
507913.70276508393 3881164.4260712084 40.0
507913.70276508393 3881164.4260712084 40.0
507913.62971295643 3881164.559084815 40.0
507913.62971295643 3881164.559084815 40.0
507913.5566704873 3881164.6810086626 40.0
507913.5566704873 3881164.6810086626 40.0
507913.5566704873 3881164.6810086626 40.0
507913.48361836397 3881164.814022269 40.0
507913.48361836397 3881164.814022269 40.0
507913.41056624276 3881164.9470358766 40.0
507913.41056624276 3881164.9470358766 40.0
507913.3466311601 3881165.080057422 40.0
507913.3466311601 3881165.080057422 40.0
507913.2735790408 3881165.21307103 40.0
507913.2735790408 3881165.21307103 40.0
507913.2005172771 3881165.357174397 40.0
507913.13658219576 3881165.490195942 40.0
507913.13658219576 3881165.490195942 40.0
507913.06352043414 3881165.6342993113 40.0
507913.06352043414 3881165.6342993113 40.0
507913.06352043414 3881165.6342993113 40.0
507912.9904683257 3881165.767312922 40.0
507912.91740656627 3881165.9114162927 40.0
507912.9904683257 3881165.767312922 40.0
507912.91740656627 3881165.9114162927 40.0
507912.8443448091 3881166.0555196623 40.0
507912.8443448091 3881166.0555196623 40.0
507912.76216602605 3881166.199615097 40.0
507912.76216602605 3881166.199615097 40.0
507912.68910427135 3881166.3437184687 40.0
507912.6160425214 3881166.4878218407 40.0
507912.68910427135 3881166.3437184687 40.0
507912.54298077826 3881166.6319252145 40.0
507912.54298077826 3881166.6319252145 40.0
507912.54298077826 3881166.6319252145 40.0
507912.4699286831 3881166.7649388295 40.0
507912.4699286831 3881166.7649388295 40.0
507912.38774990995 3881166.909034269 40.0
507912.38774990995 3881166.909034269 40.0
507912.31469782157 3881167.0420478852 40.0
507912.31469782157 3881167.0420478852 40.0
507912.24164573767 3881167.175061503 40.0
507912.24164573767 3881167.175061503 40.0
507912.1777203352 3881167.2969932966 40.0
507912.1777203352 3881167.2969932966 40.0
507912.10467790975 3881167.4189171568 40.0
507912.0407525109 3881167.540848952 40.0
507912.10467790975 3881167.4189171568 40.0
507912.0407525109 3881167.540848952 40.0
507911.9768271183 3881167.6627807496 40.0
507911.91289207333 3881167.7958023036 40.0
507911.91289207333 3881167.7958023036 40.0
507911.8398496531 3881167.9177261656 40.0
507911.91289207333 3881167.7958023036 40.0
507911.7759146119 3881168.0507477215 40.0
507911.7759146119 3881168.0507477215 40.0
507911.7759146119 3881168.0507477215 40.0
507911.70285288995 3881168.194851102 40.0
507911.70285288995 3881168.194851102 40.0
507911.6298008242 3881168.3278647233 40.0
507911.6298008242 3881168.3278647233 40.0
507911.55672945536 3881168.483057864 40.0
507911.55672945536 3881168.483057864 40.0
507911.4745410586 3881168.6382430685 40.0
507911.4745410586 3881168.6382430685 40.0
507911.41058672755 3881168.7934441436 40.0
507911.41058672755 3881168.7934441436 40.0
507911.3375057151 3881168.9597270433 40.0
507911.3375057151 3881168.9597270433 40.0
507911.26442470524 3881169.1260099434 40.0
507911.26442470524 3881169.1260099434 40.0
507911.1913437004 3881169.292292845 40.0
507911.1091360153 3881169.469657571 40.0
507911.1091360153 3881169.469657571 40.0
507911.026947635 3881169.6248427816 40.0
507911.026947635 3881169.6248427816 40.0
507910.95386663615 3881169.791125683 40.0
507911.026947635 3881169.6248427816 40.0
507910.95386663615 3881169.791125683 40.0
507910.8716782614 3881169.9463108946 40.0
507910.8716782614 3881169.9463108946 40.0
507910.79860692075 3881170.101504041 40.0
507910.7255355803 3881170.256697188 40.0
507910.79860692075 3881170.101504041 40.0
507910.7255355803 3881170.256697188 40.0
507910.64335686393 3881170.4007926425 40.0
507910.64335686393 3881170.4007926425 40.0
507910.570304829 3881170.5338062737 40.0
507910.570304829 3881170.5338062737 40.0
507910.50637947716 3881170.6557380804 40.0
507910.50637947716 3881170.6557380804 40.0
507910.44245412695 3881170.777669888 40.0
507910.44245412695 3881170.777669888 40.0
507910.3785384262 3881170.8885119376 40.0
507910.3785384262 3881170.8885119376 40.0
507910.3146323792 3881170.988264229 40.0
507910.3146323792 3881170.988264229 40.0
507910.2598337095 3881171.099114212 40.0
507910.19592766295 3881171.198866505 40.0
507910.19592766295 3881171.198866505 40.0
507910.19592766295 3881171.198866505 40.0
507910.13202161784 3881171.2986187986 40.0
507910.13202161784 3881171.2986187986 40.0
507910.06812522607 3881171.387281334 40.0
507910.06812522607 3881171.387281334 40.0
507909.99511180556 3881171.475935934 40.0
507909.99511180556 3881171.475935934 40.0
507909.93121541635 3881171.564598471 40.0
507909.93121541635 3881171.564598471 40.0
507909.86731902603 3881171.653261009 40.0
507909.86731902603 3881171.653261009 40.0
507909.8034226393 3881171.741923544 40.0
507909.8034226393 3881171.741923544 40.0
507909.73953590076 3881171.819496325 40.0
507909.73953590076 3881171.819496325 40.0
507909.68475654133 3881171.9081667946 40.0
507909.68475654133 3881171.9081667946 40.0
507909.6299868344 3881171.9857475082 40.0
507909.6299868344 3881171.9857475082 40.0
507909.57520747936 3881172.0744179785 40.0
507909.57520747936 3881172.0744179785 40.0
507909.52955480135 3881172.152006625 40.0
507909.52955480135 3881172.152006625 40.0
507909.49300949974 3881172.240692961 40.0
507909.49300949974 3881172.240692961 40.0
507909.4473471744 3881172.3293713666 40.0
507909.4016848476 3881172.418049771 40.0
507909.4016848476 3881172.418049771 40.0
507909.3469054951 3881172.506720243 40.0
507909.3469054951 3881172.506720243 40.0
507909.3012335238 3881172.6064884076 40.0
507909.3012335238 3881172.6064884076 40.0
507909.2464348762 3881172.717338397 40.0
507909.2464348762 3881172.717338397 40.0
507909.19163623214 3881172.8281883877 40.0
507909.19163623214 3881172.8281883877 40.0
507909.1277109125 3881172.9501202037 40.0
507909.1277109125 3881172.9501202037 40.0
507909.1277109125 3881172.9501202037 40.0
507909.0729026229 3881173.0720599545 40.0
507909.0729026229 3881173.0720599545 40.0
507909.00897730887 3881173.193991772 40.0
507908.9450423437 3881173.3270133496 40.0
507908.9450423437 3881173.3270133496 40.0
507908.89023405884 3881173.4489530995 40.0
507908.89023405884 3881173.4489530995 40.0
507908.83542577544 3881173.5708928504 40.0
507908.83542577544 3881173.5708928504 40.0
507908.77150046575 3881173.69282467 40.0
507908.77150046575 3881173.69282467 40.0
507908.77150046575 3881173.69282467 40.0
507908.71670183336 3881173.8036746634 40.0
507908.65277652926 3881173.925606483 40.0
507908.65277652926 3881173.925606483 40.0
507908.58886087 3881174.0364485453 40.0
507908.58886087 3881174.0364485453 40.0
507908.53405259416 3881174.1583882985 40.0
507908.53405259416 3881174.1583882985 40.0
507908.53405259416 3881174.1583882985 40.0
507908.4701369403 3881174.2692303625 40.0
507908.4701369403 3881174.2692303625 40.0
507908.4153286675 3881174.391170117 40.0
507908.3422863469 3881174.513094007 40.0
507908.3422863469 3881174.513094007 40.0
507908.3422863469 3881174.513094007 40.0
507908.28748772 3881174.6239440045 40.0
507908.28748772 3881174.6239440045 40.0
507908.2235624274 3881174.745875828 40.0
507908.2235624274 3881174.745875828 40.0
507908.1596371341 3881174.867807652 40.0
507908.1596371341 3881174.867807652 40.0
507908.0957021977 3881175.000829235 40.0
507908.0957021977 3881175.000829235 40.0
507908.0317769079 3881175.1227610596 40.0
507907.9678419751 3881175.2557826433 40.0
507907.9678419751 3881175.2557826433 40.0
507907.9039070419 3881175.388804227 40.0
507907.9039070419 3881175.388804227 40.0
507907.9039070419 3881175.388804227 40.0
507907.8399721128 3881175.521825813 40.0
507907.8399721128 3881175.521825813 40.0
507907.7760371833 3881175.654847398 40.0
507907.71210225567 3881175.7878689836 40.0
507907.71210225567 3881175.7878689836 40.0
507907.71210225567 3881175.7878689836 40.0
507907.64817697887 3881175.9098008107 40.0
507907.58423240826 3881176.0539121563 40.0
507907.58423240826 3881176.0539121563 40.0
507907.5202974885 3881176.1869337433 40.0
507907.5202974885 3881176.1869337433 40.0
507907.5202974885 3881176.1869337433 40.0
507907.4563625683 3881176.3199553317 40.0
507907.4563625683 3881176.3199553317 40.0
507907.3924276523 3881176.4529769192 40.0
507907.3924276523 3881176.4529769192 40.0
507907.32849273353 3881176.5859985077 40.0
507907.32849273353 3881176.5859985077 40.0
507907.26455782127 3881176.719020097 40.0
507907.26455782127 3881176.719020097 40.0
507907.20061326236 3881176.8631314463 40.0
507907.20061326236 3881176.8631314463 40.0
507907.1275613318 3881176.996145106 40.0
507907.1275613318 3881176.996145106 40.0
507907.0544997551 3881177.140248524 40.0
507906.9723308047 3881177.2732542558 40.0
507907.0544997551 3881177.140248524 40.0
507906.9723308047 3881177.2732542558 40.0
507906.89015221095 3881177.417349747 40.0
507906.8079736221 3881177.5614452376 40.0
507906.8079736221 3881177.5614452376 40.0
507906.7257950359 3881177.7055407297 40.0
507906.7257950359 3881177.7055407297 40.0
507906.6436068045 3881177.8607259807 40.0
507906.6436068045 3881177.8607259807 40.0
507906.6436068045 3881177.8607259807 40.0
507906.5614185759 3881178.0159112313 40.0
507906.47923035006 3881178.1710964846 40.0
507906.47923035006 3881178.1710964846 40.0
507906.47923035006 3881178.1710964846 40.0
507906.3970517722 3881178.3151919805 40.0
507906.3970517722 3881178.3151919805 40.0
507906.3239805725 3881178.470385163 40.0
507906.3239805725 3881178.470385163 40.0
507906.25090937765 3881178.625578347 40.0
507906.1687211626 3881178.7807636023 40.0
507906.1687211626 3881178.7807636023 40.0
507906.09565961536 3881178.9248670307 40.0
507906.09565961536 3881178.9248670307 40.0
507906.09565961536 3881178.9248670307 40.0
507906.0317150928 3881179.0689783874 40.0
507906.0317150928 3881179.0689783874 40.0
507905.96777056984 3881179.213089744 40.0
507905.96777056984 3881179.213089744 40.0
507905.9038356959 3881179.3461113432 40.0
507905.9038356959 3881179.3461113432 40.0
507905.84901784104 3881179.4791408717 40.0
507905.84901784104 3881179.4791408717 40.0
507905.80332665175 3881179.601088572 40.0
507905.74852809095 3881179.7119385833 40.0
507905.80332665175 3881179.601088572 40.0
507905.74852809095 3881179.7119385833 40.0
507905.7028465508 3881179.8227965236 40.0
507905.64805763453 3881179.9225567784 40.0
507905.64805763453 3881179.9225567784 40.0
507905.64805763453 3881179.9225567784 40.0
507905.60239538504 3881180.0112352036 40.0
507905.60239538504 3881180.0112352036 40.0
507905.5658501555 3881180.099921556 40.0
507905.5658501555 3881180.099921556 40.0
507905.5201975495 3881180.1775102234 40.0
507905.47454494657 3881180.25509889 40.0
507905.47454494657 3881180.25509889 40.0
507905.47454494657 3881180.25509889 40.0
507905.4380190049 3881180.321605727 40.0
507905.40150270995 3881180.3770228066 40.0
507905.40150270995 3881180.3770228066 40.0
507905.40150270995 3881180.3770228066 40.0
507905.3741034342 3881180.4324478135 40.0
507905.3741034342 3881180.4324478135 40.0
507905.34671380266 3881180.4767830633 40.0
507905.34671380266 3881180.4767830633 40.0
507905.3193241691 3881180.5211183117 40.0
507905.3193241691 3881180.5211183117 40.0
507905.29193453805 3881180.5654535596 40.0
507905.27365227963 3881180.6208864967 40.0
507905.29193453805 3881180.5654535596 40.0
507905.27365227963 3881180.6208864967 40.0
507905.24626265146 3881180.665221746 40.0
507905.24626265146 3881180.665221746 40.0
507905.22797074984 3881180.73174444 40.0
507905.22797074984 3881180.73174444 40.0
507905.1914544579 3881180.7871615198 40.0
507905.1914544579 3881180.7871615198 40.0
507905.16404554097 3881180.853676285 40.0
507905.16404554097 3881180.853676285 40.0
507905.12751960626 3881180.920183125 40.0
507905.12751960626 3881180.920183125 40.0
507905.1001010443 3881180.9977876493 40.0
507905.1001010443 3881180.9977876493 40.0
507905.0635654671 3881181.075384246 40.0
507905.0635654671 3881181.075384246 40.0
507905.02703953395 3881181.1418910865 40.0
507904.999630617 3881181.208405852 40.0
507905.02703953395 3881181.1418910865 40.0
507904.999630617 3881181.208405852 40.0
507904.96309504146 3881181.286002451 40.0
507904.96309504146 3881181.286002451 40.0
507904.9265691076 3881181.35250929 40.0
507904.9265691076 3881181.35250929 40.0
507904.890043179 3881181.4190161307 40.0
507904.890043179 3881181.4190161307 40.0
507904.85351724626 3881181.4855229687 40.0
507904.85351724626 3881181.4855229687 40.0
507904.8260986906 3881181.563127496 40.0
507904.8260986906 3881181.563127496 40.0
507904.78045574145 3881181.629626407 40.0
507904.78045574145 3881181.629626407 40.0
507904.73479350895 3881181.718304836 40.0
507904.68914091814 3881181.7958935075 40.0
507904.73479350895 3881181.718304836 40.0
507904.68914091814 3881181.7958935075 40.0
507904.6343616702 3881181.8845640086 40.0
507904.6343616702 3881181.8845640086 40.0
507904.57957277796 3881181.984324271 40.0
507904.5247838893 3881182.0840845318 40.0
507904.5247838893 3881182.0840845318 40.0
507904.4700046423 3881182.172755034 40.0
507904.5247838893 3881182.0840845318 40.0
507904.3969720773 3881182.2835892 40.0
507904.3969720773 3881182.2835892 40.0
507904.3969720773 3881182.2835892 40.0
507904.33306617575 3881182.3833415355 40.0
507904.33306617575 3881182.3833415355 40.0
507904.2600239715 3881182.505265461 40.0
507904.1961084305 3881182.616107556 40.0
507904.1961084305 3881182.616107556 40.0
507904.1961084305 3881182.616107556 40.0
507904.13220253115 3881182.715859892 40.0
507904.13220253115 3881182.715859892 40.0
507904.0682966355 3881182.815612229 40.0
507904.0682966355 3881182.815612229 40.0
507904.00439073896 3881182.9153645667 40.0
507904.00439073896 3881182.9153645667 40.0
507903.9404944883 3881183.0040271464 40.0
507903.88570561045 3881183.1037874115 40.0
507903.88570561045 3881183.1037874115 40.0
507903.8309263758 3881183.1924579185 40.0
507903.88570561045 3881183.1037874115 40.0
507903.7670301288 3881183.2811204987 40.0
507903.8309263758 3881183.1924579185 40.0
507903.71224125684 3881183.380880766 40.0
507903.71224125684 3881183.380880766 40.0
507903.71224125684 3881183.380880766 40.0
507903.64834501 3881183.4695433476 40.0
507903.59356577985 3881183.558213856 40.0
507903.59356577985 3881183.558213856 40.0
507903.5296598937 3881183.6579661965 40.0
507903.5296598937 3881183.6579661965 40.0
507903.46576365293 3881183.7466287795 40.0
507903.46576365293 3881183.7466287795 40.0
507903.46576365293 3881183.7466287795 40.0
507903.4018674133 3881183.8352913633 40.0
507903.4018674133 3881183.8352913633 40.0
507903.33797117264 3881183.923953947 40.0
507903.33797117264 3881183.923953947 40.0
507903.2740652942 3881184.02370629 40.0
507903.21016905614 3881184.1123688747 40.0
507903.21016905614 3881184.1123688747 40.0
507903.21016905614 3881184.1123688747 40.0
507903.1371461632 3881184.212113292 40.0
507903.1371461632 3881184.212113292 40.0
507903.07324028894 3881184.311865636 40.0
507903.07324028894 3881184.311865636 40.0
507903.0002270378 3881184.4005202954 40.0
507903.0002270378 3881184.4005202954 40.0
507902.9363211664 3881184.5002726424 40.0
507902.9363211664 3881184.5002726424 40.0
507902.8632886387 3881184.6111068204 40.0
507902.8632886387 3881184.6111068204 40.0
507902.7993827703 3881184.710859166 40.0
507902.7993827703 3881184.710859166 40.0
507902.72634060524 3881184.832783104 40.0
507902.6533080828 3881184.943617284 40.0
507902.6533080828 3881184.943617284 40.0
507902.6533080828 3881184.943617284 40.0
507902.58026592387 3881185.065541223 40.0
507902.58026592387 3881185.065541223 40.0
507902.5072237646 3881185.187465163 40.0
507902.5072237646 3881185.187465163 40.0
507902.43418160727 3881185.3093891037 40.0
507902.361129814 3881185.442402803 40.0
507902.361129814 3881185.442402803 40.0
507902.361129814 3881185.442402803 40.0
507902.278961007 3881185.5754085775 40.0
507902.278961007 3881185.5754085775 40.0
507902.1967922024 3881185.708414353 40.0
507902.1967922024 3881185.708414353 40.0
507902.11462340254 3881185.84142013 40.0
507902.11462340254 3881185.84142013 40.0
507902.04157161585 3881185.9744338323 40.0
507902.04157161585 3881185.9744338323 40.0
507901.95941246045 3881186.0963498517 40.0
507901.95941246045 3881186.0963498517 40.0
507901.8863703177 3881186.218273796 40.0
507901.8863703177 3881186.218273796 40.0
507901.80422080384 3881186.32910006 40.0
507901.80422080384 3881186.32910006 40.0
507901.7403053172 3881186.439942172 40.0
507901.7403053172 3881186.439942172 40.0
507901.667272822 3881186.5507763606 40.0
507901.667272822 3881186.5507763606 40.0
507901.60334769695 3881186.672708233 40.0
507901.60334769695 3881186.672708233 40.0
507901.539451496 3881186.7613708274 40.0
507901.539451496 3881186.7613708274 40.0
507901.48466266936 3881186.8611311093 40.0
507901.48466266936 3881186.8611311093 40.0
507901.4298834807 3881186.9498016317 40.0
507901.4298834807 3881186.9498016317 40.0
507901.3751042955 3881187.0384721532 40.0
507901.3751042955 3881187.0384721532 40.0
507901.32032510894 3881187.127142676 40.0
507901.27467257663 3881187.2047313657 40.0
507901.27467257663 3881187.2047313657 40.0
507901.27467257663 3881187.2047313657 40.0
507901.22902004514 3881187.2823200547 40.0
507901.22902004514 3881187.2823200547 40.0
507901.1742601391 3881187.34881106 40.0
507901.12860760686 3881187.4263997492 40.0
507901.1742601391 3881187.34881106 40.0
507901.12860760686 3881187.4263997492 40.0
507901.0829550777 3881187.503988439 40.0
507901.0829550777 3881187.503988439 40.0
507901.04640992207 3881187.592674812 40.0
507901.0007477558 3881187.681353261 40.0
507901.0007477558 3881187.681353261 40.0
507901.0007477558 3881187.681353261 40.0
507900.94595893595 3881187.781113544 40.0
507900.9002871331 3881187.880881753 40.0
507900.9002871331 3881187.880881753 40.0
507900.9002871331 3881187.880881753 40.0
507900.8454886818 3881187.9917317946 40.0
507900.8454886818 3881187.9917317946 40.0
507900.7815539441 3881188.1247534314 40.0
507900.7815539441 3881188.1247534314 40.0
507900.7176288443 3881188.2466853103 40.0
507900.7176288443 3881188.2466853103 40.0
507900.6445674591 3881188.390788782 40.0
507900.5715157166 3881188.5238024974 40.0
507900.5715157166 3881188.5238024974 40.0
507900.5715157166 3881188.5238024974 40.0
507900.49844469794 3881188.67899573 40.0
507900.49844469794 3881188.67899573 40.0
507900.4345003323 3881188.823107128 40.0
507900.4345003323 3881188.823107128 40.0
507900.35232194606 3881188.967202679 40.0
507900.28837758006 3881189.1113140783 40.0
507900.35232194606 3881188.967202679 40.0
507900.21532584855 3881189.244327796 40.0
507900.21532584855 3881189.244327796 40.0
507900.21532584855 3881189.244327796 40.0
507900.15139112656 3881189.3773494377 40.0
507900.07834903436 3881189.499273397 40.0
507900.07834903436 3881189.499273397 40.0
507900.07834903436 3881189.499273397 40.0
507900.0144239559 3881189.6212052815 40.0
507900.0144239559 3881189.6212052815 40.0
507899.95050851646 3881189.732047406 40.0
507899.8865930762 3881189.842889532 40.0
507899.8865930762 3881189.842889532 40.0
507899.8865930762 3881189.842889532 40.0
507899.8226776399 3881189.953731659 40.0
507899.8226776399 3881189.953731659 40.0
507899.7587622028 3881190.0645737858 40.0
507899.7587622028 3881190.0645737858 40.0
507899.6948467696 3881190.175415913 40.0
507899.6948467696 3881190.175415913 40.0
507899.64005797904 3881190.2751762043 40.0
507899.57614254876 3881190.3860183326 40.0
507899.57614254876 3881190.3860183326 40.0
507899.57614254876 3881190.3860183326 40.0
507899.5213441286 3881190.496868384 40.0
507899.5213441286 3881190.496868384 40.0
507899.4574190622 3881190.618800271 40.0
507899.4026110082 3881190.7407400818 40.0
507899.4026110082 3881190.7407400818 40.0
507899.4026110082 3881190.7407400818 40.0
507899.33868594514 3881190.862671971 40.0
507899.2838682554 3881190.995701542 40.0
507899.2838682554 3881190.995701542 40.0
507899.2838682554 3881190.995701542 40.0
507899.2199335616 3881191.1287231892 40.0
507899.1559892309 3881191.2728345958 40.0
507899.2199335616 3881191.1287231892 40.0
507899.0920449046 3881191.416946004 40.0
507899.0920449046 3881191.416946004 40.0
507899.0920449046 3881191.416946004 40.0
507899.02809094184 3881191.5721471715 40.0
507898.96414661733 3881191.71625858 40.0
507899.02809094184 3881191.5721471715 40.0
507898.9001926611 3881191.871459749 40.0
507898.9001926611 3881191.871459749 40.0
507898.8271313337 3881192.015563235 40.0
507898.8271313337 3881192.015563235 40.0
507898.8271313337 3881192.015563235 40.0
507898.7631677437 3881192.1818541638 40.0
507898.7631677437 3881192.1818541638 40.0
507898.69007751584 3881192.359226928 40.0
507898.69007751584 3881192.359226928 40.0
507898.6169872885 3881192.5365996948 40.0
507898.6169872885 3881192.5365996948 40.0
507898.55301407265 3881192.713980383 40.0
507898.4799238508 3881192.8913531485 40.0
507898.55301407265 3881192.713980383 40.0
507898.4799238508 3881192.8913531485 40.0
507898.4068336318 3881193.068725916 40.0
507898.4068336318 3881193.068725916 40.0
507898.32463604526 3881193.2350010043 40.0
507898.32463604526 3881193.2350010043 40.0
507898.25154583436 3881193.4123737738 40.0
507898.25154583436 3881193.4123737738 40.0
507898.1693386185 3881193.589738622 40.0
507898.0962580462 3881193.7560216337 40.0
507898.1693386185 3881193.589738622 40.0
507898.02316784166 3881193.933394403 40.0
507898.02316784166 3881193.933394403 40.0
507897.9409702722 3881194.0996694956 40.0
507897.9409702722 3881194.0996694956 40.0
507897.9409702722 3881194.0996694956 40.0
507897.86788970814 3881194.2659525094 40.0
507897.86788970814 3881194.2659525094 40.0
507897.78568250977 3881194.4433173602 40.0
507897.78568250977 3881194.4433173602 40.0
507897.7125923144 3881194.6206901353 40.0
507897.7125923144 3881194.6206901353 40.0
507897.6303947568 3881194.78696523 40.0
507897.54818756774 3881194.964330084 40.0
507897.54818756774 3881194.964330084 40.0
507897.54818756774 3881194.964330084 40.0
507897.4568537414 3881195.152776777 40.0
507897.3746465567 3881195.330141632 40.0
507897.3746465567 3881195.330141632 40.0
507897.28331273753 3881195.5185883273 40.0
507897.28331273753 3881195.5185883273 40.0
507897.20110556186 3881195.695953186 40.0
507897.28331273753 3881195.5185883273 40.0
507897.20110556186 3881195.695953186 40.0
507897.1188887531 3881195.8844078025 40.0
507897.02756457863 3881196.0617647413 40.0
507897.02756457863 3881196.0617647413 40.0
507896.9362404077 3881196.2391216825 40.0
507896.9362404077 3881196.2391216825 40.0
507896.9362404077 3881196.2391216825 40.0
507896.8449162403 3881196.416478622 40.0
507896.7536017099 3881196.582745806 40.0
507896.7536017099 3881196.582745806 40.0
507896.7536017099 3881196.582745806 40.0
507896.65316054726 3881196.7600948284 40.0
507896.65316054726 3881196.7600948284 40.0
507896.56184602383 3881196.9263620134 40.0
507896.56184602383 3881196.9263620134 40.0
507896.4614145041 3881197.0926212803 40.0
507896.4614145041 3881197.0926212803 40.0
507896.3700999875 3881197.2588884677 40.0
507896.3700999875 3881197.2588884677 40.0
507896.2787951071 3881197.414065897 40.0
507896.2787951071 3881197.414065897 40.0
507896.18748059473 3881197.5803330867 40.0
507896.18748059473 3881197.5803330867 40.0
507896.04154114105 3881197.657834692 40.0
507896.03226038575 3881197.8463526717 40.0
507896.03226038575 3881197.8463526717 40.0
507900.20008892857 3881196.2863166425 40.0
507900.20008892857 3881196.2863166425 40.0
507898.81523917103 3881195.209405821 40.0
507898.81523917103 3881195.209405821 40.0
507898.1682305732 3881194.8650608733 40.0
507898.1682305732 3881194.8650608733 40.0
507897.86753322015 3881194.6762735816 40.0
507897.86753322015 3881194.6762735816 40.0
507897.6670554651 3881194.5652017375 40.0
507897.86753322015 3881194.6762735816 40.0
507897.6670554651 3881194.5652017375 40.0
507898.07714724704 3881194.7651738347 40.0
507898.07714724704 3881194.7651738347 40.0
507898.07702199114 3881194.9093406973 40.0
507898.8337622561 3881194.876728903 40.0
507898.07702199114 3881194.9093406973 40.0
507898.8337622561 3881194.876728903 40.0
507898.14067722263 3881195.097922044 40.0
507898.14067722263 3881195.097922044 40.0
507898.0766751287 3881195.308572012 40.0
507898.0766751287 3881195.308572012 40.0
507898.0309263125 3881195.4970583054 40.0
507898.0309263125 3881195.4970583054 40.0
507897.93047547806 3881195.685497071 40.0
507897.93047547806 3881195.685497071 40.0
507897.8756000288 3881195.8850652045 40.0
507897.8756000288 3881195.8850652045 40.0
507897.7660322012 3881196.073496053 40.0
507897.7660322012 3881196.073496053 40.0
507897.6655813763 3881196.261934824 40.0
507897.61069630407 3881196.472592716 40.0
507897.61069630407 3881196.472592716 40.0
507897.61069630407 3881196.472592716 40.0
507897.5285276658 3881196.605598536 40.0
507897.4372420277 3881196.7385964366 40.0
507897.5285276658 3881196.605598536 40.0
507897.4372420277 3881196.7385964366 40.0
507897.36416149396 3881196.904879455 40.0
507897.36416149396 3881196.904879455 40.0
507897.27284695895 3881197.071146632 40.0
507897.27284695895 3881197.071146632 40.0
507897.1997664355 3881197.237429652 40.0
507897.1084422729 3881197.41478659 40.0
507897.1084422729 3881197.41478659 40.0
507897.1084422729 3881197.41478659 40.0
507897.0080107439 3881197.5810458516 40.0
507897.0080107439 3881197.5810458516 40.0
507896.92580358975 3881197.7584107104 40.0
507896.92580358975 3881197.7584107104 40.0
507896.8162647049 3881197.9135722956 40.0
507896.8162647049 3881197.9135722956 40.0
507896.7158620893 3881198.046562283 40.0
507896.7158620893 3881198.046562283 40.0
507896.6245572109 3881198.201739709 40.0
507896.6245572109 3881198.201739709 40.0
507896.53326196875 3881198.345827378 40.0
507896.53326196875 3881198.345827378 40.0
507896.4510740993 3881198.5010127253 40.0
507896.4510740993 3881198.5010127253 40.0
507896.3688862303 3881198.6561980736 40.0
507896.3688862303 3881198.6561980736 40.0
507896.28669836407 3881198.8113834225 40.0
507896.28669836407 3881198.8113834225 40.0
507896.26831023535 3881198.9888037248 40.0
507896.26831023535 3881198.9888037248 40.0
507896.23169774504 3881199.15511843 40.0
507896.1768608825 3881199.310327537 40.0
507896.1768608825 3881199.310327537 40.0
507896.1128973942 3881199.476618484 40.0
507896.1128973942 3881199.476618484 40.0
507896.1128973942 3881199.476618484 40.0
507896.03982653917 3881199.6318117552 40.0
507896.03982653917 3881199.6318117552 40.0
507895.98498005484 3881199.7981106234 40.0
507895.98498005484 3881199.7981106234 40.0
507895.89366557397 3881199.964377817 40.0
507895.89366557397 3881199.964377817 40.0
507895.8114680953 3881200.1306529287 40.0
507895.8114680953 3881200.1306529287 40.0
507895.72928025416 3881200.2858382836 40.0
507895.72928025416 3881200.2858382836 40.0
507895.65621904196 3881200.429941798 40.0
507895.65621904196 3881200.429941798 40.0
507895.57405047026 3881200.562947637 40.0
507895.57405047026 3881200.562947637 40.0
507895.5101062656 3881200.707059071 40.0
507895.5101062656 3881200.707059071 40.0
507895.4370450602 3881200.851162587 40.0
507895.3639934959 3881200.9841763456 40.0
507895.3639934959 3881200.9841763456 40.0
507895.3000492929 3881201.128287782 40.0
507895.3000492929 3881201.128287782 40.0
507895.3000492929 3881201.128287782 40.0
507895.2361147282 3881201.2613094593 40.0
507895.2361147282 3881201.2613094593 40.0
507895.181297163 3881201.3943390558 40.0
507895.181297163 3881201.3943390558 40.0
507895.15383058955 3881201.527392408 40.0
507895.15383058955 3881201.527392408 40.0
507895.1172470218 3881201.660437841 40.0
507895.1172470218 3881201.660437841 40.0
507895.07156572083 3881201.77129584 40.0
507895.02587478724 3881201.893243597 40.0
507895.02587478724 3881201.893243597 40.0
507895.02587478724 3881201.893243597 40.0
507894.9802031198 3881201.993011835 40.0
507894.9802031198 3881201.993011835 40.0
507894.91627819475 3881202.114943758 40.0
507894.91627819475 3881202.114943758 40.0
507894.85236290254 3881202.2257859204 40.0
507894.85236290254 3881202.2257859204 40.0
507894.78845724533 3881202.3255383256 40.0
507894.78845724533 3881202.3255383256 40.0
507894.76100031374 3881202.4475019197 40.0
507894.76100031374 3881202.4475019197 40.0
507894.7426796391 3881202.547293913 40.0
507894.7243589671 3881202.647085908 40.0
507894.7243589671 3881202.647085908 40.0
507894.7243589671 3881202.647085908 40.0
507894.7151649228 3881202.7357960604 40.0
507894.7151649228 3881202.7357960604 40.0
507894.69684425154 3881202.8355880543 40.0
507894.69684425154 3881202.8355880543 40.0
507894.67854284256 3881202.9132005316 40.0
507894.67854284256 3881202.9132005316 40.0
507894.66023180296 3881203.001902767 40.0
507894.66023180296 3881203.001902767 40.0
507894.64192076144 3881203.090605002 40.0
507894.64192076144 3881203.090605002 40.0
507894.65096071 3881203.17933099 40.0
507894.66910802556 3881203.279154656 40.0
507894.66910802556 3881203.279154656 40.0
507894.66910802556 3881203.279154656 40.0
507894.6872553384 3881203.378978322 40.0
507894.6872553384 3881203.378978322 40.0
507894.6963049173 3881203.456614551 40.0
507894.6963049173 3881203.456614551 40.0
507894.68711087405 3881203.545324704 40.0
507894.6596635784 3881203.6561985407 40.0
507894.68711087405 3881203.545324704 40.0
507894.6596635784 3881203.6561985407 40.0
507894.62309928815 3881203.767064458 40.0
507894.62309928815 3881203.767064458 40.0
507894.58653499646 3881203.8779303767 40.0
507894.58653499646 3881203.8779303767 40.0
507894.59552679054 3881204.022105159 40.0
507894.59552679054 3881204.022105159 40.0
507894.59541122033 3881204.1551822657 40.0
507894.59541122033 3881204.1551822657 40.0
507894.567944666 3881204.288235619 40.0
507894.567944666 3881204.288235619 40.0
507894.5495854762 3881204.4323866502 40.0
507894.5130019266 3881204.565432086 40.0
507894.5130019266 3881204.565432086 40.0
507894.5130019266 3881204.565432086 40.0
507894.485535377 3881204.6984854396 40.0
507894.485535377 3881204.6984854396 40.0
507894.45805919287 3881204.8426285526 40.0
507894.43059264024 3881204.9756819066 40.0
507894.45805919287 3881204.8426285526 40.0
507894.44870143186 3881205.1198646077 40.0
507894.44870143186 3881205.1198646077 40.0
507894.4576835961 3881205.27512915 40.0
507894.4576835961 3881205.27512915 40.0
507894.4576835961 3881205.27512915 40.0
507894.4757923844 3881205.4193118513 40.0
507894.4757923844 3881205.4193118513 40.0
507894.4756671852 3881205.5634787166 40.0
507894.4846686123 3881205.6965637403 40.0
507894.4846686123 3881205.6965637403 40.0
507894.4663094243 3881205.8407147713 40.0
507894.4663094243 3881205.8407147713 40.0
507894.4570768629 3881205.9737839606 40.0
507894.4570768629 3881205.9737839606 40.0
507894.4570768629 3881205.9737839606 40.0
507894.4478443018 3881206.1068531503 40.0
507894.4478443018 3881206.1068531503 40.0
507894.4386406329 3881206.206653062 40.0
507894.4386406329 3881206.206653062 40.0
507894.42031033855 3881206.317534817 40.0
507894.42031033855 3881206.317534817 40.0
507894.41111630085 3881206.40624497 40.0
507894.39278601186 3881206.5171267246 40.0
507894.41111630085 3881206.40624497 40.0
507894.38359197223 3881206.6058368785 40.0
507894.38359197223 3881206.6058368785 40.0
507894.3743883046 3881206.7056367924 40.0
507894.3743883046 3881206.7056367924 40.0
507894.3743883046 3881206.7056367924 40.0
507894.3560676449 3881206.8054287857 40.0
507894.3560676449 3881206.8054287857 40.0
507894.3377469833 3881206.9052207833 40.0
507894.3377469833 3881206.9052207833 40.0
507894.33763141674 3881207.03829789 40.0
507894.33763141674 3881207.03829789 40.0
507894.3375158502 3881207.1713749967 40.0
507894.3375158502 3881207.1713749967 40.0
507894.3282832943 3881207.3044441873 40.0
507894.3282832943 3881207.3044441873 40.0
507894.3190411058 3881207.448603135 40.0
507894.3190411058 3881207.448603135 40.0
507894.29156493244 3881207.592746249 40.0
507894.29156493244 3881207.592746249 40.0
507894.2549621406 3881207.7479712055 40.0
507894.2549621406 3881207.7479712055 40.0
507894.2092327262 3881207.9142780034 40.0
507894.2092327262 3881207.9142780034 40.0
507894.14525970357 3881208.091658725 40.0
507894.14525970357 3881208.091658725 40.0
507894.09952066495 3881208.2690552836 40.0
507894.09952066495 3881208.2690552836 40.0
507894.0446646352 3881208.4464439237 40.0
507894.0446646352 3881208.4464439237 40.0
507893.98067235696 3881208.6460041655 40.0
507893.9075823515 3881208.8233769727 40.0
507893.9075823515 3881208.8233769727 40.0
507893.9075823515 3881208.8233769727 40.0
507893.84359971114 3881209.011847457 40.0
507893.84359971114 3881209.011847457 40.0
507893.7796170735 3881209.200317941 40.0
507893.7796170735 3881209.200317941 40.0
507893.7156344361 3881209.388788426 40.0
507893.7156344361 3881209.388788426 40.0
507893.6607784229 3881209.5661770683 40.0
507893.6607784229 3881209.5661770683 40.0
507893.59680541785 3881209.7435577963 40.0
507893.53284204955 3881209.9098487655 40.0
507893.59680541785 3881209.7435577963 40.0
507893.53284204955 3881209.9098487655 40.0
507893.46887868125 3881210.0761397346 40.0
507893.46887868125 3881210.0761397346 40.0
507893.41403230635 3881210.2424386186 40.0
507893.41403230635 3881210.2424386186 40.0
507893.3409519563 3881210.4087216724 40.0
507893.3409519563 3881210.4087216724 40.0
507893.27699822426 3881210.563922884 40.0
507893.27699822426 3881210.563922884 40.0
507893.2039275061 3881210.71911618 40.0
507893.2039275061 3881210.71911618 40.0
507893.0669223256 3881211.0073311706 40.0
507893.0669223256 3881211.0073311706 40.0
507893.0121048481 3881211.140360783 40.0
507893.0121048481 3881211.140360783 40.0
507892.9664043623 3881211.27339831 40.0
507892.9115868902 3881211.406427923 40.0
507892.9115868902 3881211.406427923 40.0
507892.86589603586 3881211.5283756913 40.0
507892.86589603586 3881211.5283756913 40.0
507892.86589603586 3881211.5283756913 40.0
507892.8110785621 3881211.6614053044 40.0
507892.8110785621 3881211.6614053044 40.0
507892.75627072324 3881211.783345159 40.0
507892.75627072324 3881211.783345159 40.0
507892.71058950154 3881211.8942031697 40.0
507892.66490827856 3881212.0050611813 40.0
507892.66490827856 3881212.0050611813 40.0
507892.66490827856 3881212.0050611813 40.0
507892.6101100721 3881212.1159112775 40.0
507892.6101100721 3881212.1159112775 40.0
507892.57355546666 3881212.2156874463 40.0
507892.57355546666 3881212.2156874463 40.0
507892.5278838777 3881212.3154556984 40.0
507892.49132927624 3881212.415231868 40.0
507892.5278838777 3881212.3154556984 40.0
507892.49132927624 3881212.415231868 40.0
507892.4547746733 3881212.515008037 40.0
507892.4547746733 3881212.515008037 40.0
507892.40910308703 3881212.6147762924 40.0
507892.40910308703 3881212.6147762924 40.0
507892.3634314995 3881212.714544545 40.0
507892.3634314995 3881212.714544545 40.0
507892.336003518 3881212.80323887 40.0
507892.336003518 3881212.80323887 40.0
507892.29946817446 3881212.8808355234 40.0
507892.2720498199 3881212.9584400896 40.0
507892.2720498199 3881212.9584400896 40.0
507892.2446218354 3881213.0471344157 40.0
507892.2720498199 3881212.9584400896 40.0
507892.2446218354 3881213.0471344157 40.0
507892.1989502542 3881213.146902672 40.0
507892.1532882995 3881213.235581167 40.0
507892.1532882995 3881213.235581167 40.0
507892.1532882995 3881213.235581167 40.0
507892.1076167202 3881213.3353494224 40.0
507892.1076167202 3881213.3353494224 40.0
507892.06194513955 3881213.4351176787 40.0
507892.06194513955 3881213.4351176787 40.0
507892.0071565768 3881213.5348780192 40.0
507891.9432510299 3881213.634630446 40.0
507891.9432510299 3881213.634630446 40.0
507891.9432510299 3881213.634630446 40.0
507891.8793454821 3881213.734382872 40.0
507891.8793454821 3881213.734382872 40.0
507891.815420683 3881213.8563148174 40.0
507891.815420683 3881213.8563148174 40.0
507891.75149588333 3881213.9782467633 40.0
507891.75149588333 3881213.9782467633 40.0
507891.6784541028 3881214.100170795 40.0
507891.6784541028 3881214.100170795 40.0
507891.60540269467 3881214.2331845853 40.0
507891.60540269467 3881214.2331845853 40.0
507891.4684361257 3881214.477040566 40.0
507892.4600605872 3881206.4267303674 40.0
507892.4600605872 3881206.4267303674 40.0
507892.3961357293 3881206.5486623077 40.0
507892.3961357293 3881206.5486623077 40.0
507892.3322012427 3881206.681684007 40.0
507892.3322012427 3881206.681684007 40.0
507892.28649111424 3881206.8258112967 40.0
507892.28649111424 3881206.8258112967 40.0
507892.2407809895 3881206.969938586 40.0
507892.2407809895 3881206.969938586 40.0
507892.2407809895 3881206.969938586 40.0
507892.2041974861 3881207.1029840326 40.0
507892.2041974861 3881207.1029840326 40.0
507892.17673097557 3881207.2360373936 40.0
507892.17673097557 3881207.2360373936 40.0
507892.15838145505 3881207.3690986703 40.0
507892.15838145505 3881207.3690986703 40.0
507892.1400415653 3881207.4910701877 40.0
507892.1400415653 3881207.4910701877 40.0
507892.1308282976 3881207.6019598613 40.0
507892.130732019 3881207.7128574513 40.0
507892.130732019 3881207.7128574513 40.0
507892.13063574047 3881207.823755041 40.0
507892.13063574047 3881207.823755041 40.0
507892.1305490898 3881207.923562871 40.0
507892.13063574047 3881207.823755041 40.0
507892.13045281125 3881208.0344604603 40.0
507892.13045281125 3881208.0344604603 40.0
507892.13045281125 3881208.0344604603 40.0
507892.1393676147 3881208.267353313 40.0
507892.1393676147 3881208.267353313 40.0
507892.139271336 3881208.378250903 40.0
507892.139271336 3881208.378250903 40.0
507892.1482727921 3881208.511335926 40.0
507892.1482727921 3881208.511335926 40.0
507892.1572838758 3881208.6333311894 40.0
507892.17538306804 3881208.7886036444 40.0
507892.17538306804 3881208.7886036444 40.0
507892.19348225737 3881208.9438761 40.0
507892.19348225737 3881208.9438761 40.0
507892.21156219015 3881209.1213280736 40.0
507892.19348225737 3881208.9438761 40.0
507892.21156219015 3881209.1213280736 40.0
507892.2478761016 3881209.2987958775 40.0
507892.2478761016 3881209.2987958775 40.0
507892.2750633964 3881209.487345526 40.0
507892.30226031574 3881209.6648054156 40.0
507892.30226031574 3881209.6648054156 40.0
507892.30226031574 3881209.6648054156 40.0
507892.3568082015 3881209.842289051 40.0
507892.3568082015 3881209.842289051 40.0
507892.4022390985 3881210.019764772 40.0
507892.4022390985 3881210.019764772 40.0
507892.4659232255 3881210.1750768055 40.0
507892.4659232255 3881210.1750768055 40.0
507892.51136374695 3881210.341462768 40.0
507892.51136374695 3881210.341462768 40.0
507892.5750478698 3881210.4967748025 40.0
507892.5750478698 3881210.4967748025 40.0
507892.69330875395 3881210.7963011973 40.0
507892.69330875395 3881210.7963011973 40.0
507892.76612911583 3881210.9294416313 40.0
507892.76612911583 3881210.9294416313 40.0
507892.8298324899 3881211.062574151 40.0
507892.8298324899 3881211.062574151 40.0
507892.8935454886 3881211.1846169103 40.0
507892.8935454886 3881211.1846169103 40.0
507892.95725848794 3881211.3066596705 40.0
507892.95725848794 3881211.3066596705 40.0
507893.0300980997 3881211.417620589 40.0
507893.0300980997 3881211.417620589 40.0
507893.0847133685 3881211.517475916 40.0
507893.0847133685 3881211.517475916 40.0
507893.13932863146 3881211.6173312445 40.0
507893.13932863146 3881211.6173312445 40.0
507893.1939535223 3881211.706096813 40.0
507893.24857841217 3881211.794862382 40.0
507893.24857841217 3881211.794862382 40.0
507893.24857841217 3881211.794862382 40.0
507893.3032129348 3881211.8725381945 40.0
507893.3032129348 3881211.8725381945 40.0
507893.34873046493 3881211.9502060884 40.0
507893.34873046493 3881211.9502060884 40.0
507893.4033649812 3881212.0278819003 40.0
507893.4033649812 3881212.0278819003 40.0
507893.4579994965 3881212.1055577123 40.0
507893.4579994965 3881212.1055577123 40.0
507893.5126340132 3881212.183233524 40.0
507893.5126340132 3881212.183233524 40.0
507893.6492540038 3881212.3386089 40.0
507893.6492540038 3881212.3386089 40.0
507893.72212248825 3881212.416300546 40.0
507893.72212248825 3881212.416300546 40.0
507893.8041079603 3881212.4940001112 40.0
507893.8041079603 3881212.4940001112 40.0
507893.8860838009 3881212.582789434 40.0
507893.97717662394 3881212.6715866756 40.0
507893.97717662394 3881212.6715866756 40.0
507893.97717662394 3881212.6715866756 40.0
507894.06826944754 3881212.7603839193 40.0
507894.06826944754 3881212.7603839193 40.0
507894.16845999705 3881212.8713685973 40.0
507894.27776752546 3881212.982361194 40.0
507894.27776752546 3881212.982361194 40.0
507894.38707505586 3881213.0933537935 40.0
507894.38707505586 3881213.0933537935 40.0
507894.496382579 3881213.2043463923 40.0
507894.496382579 3881213.2043463923 40.0
507894.6148167206 3881213.304257153 40.0
507894.6148167206 3881213.304257153 40.0
507894.6148167206 3881213.304257153 40.0
507894.86989969993 3881213.526274032 40.0
507894.86989969993 3881213.526274032 40.0
507895.006577433 3881213.615110873 40.0
507895.006577433 3881213.615110873 40.0
507895.1341381805 3881213.7039397997 40.0
507895.1341381805 3881213.7039397997 40.0
507895.3710449545 3881213.859402301 40.0
507895.48950797395 3881213.926043795 40.0
507895.48950797395 3881213.926043795 40.0
507895.48950797395 3881213.926043795 40.0
507895.59885400196 3881213.992677373 40.0
507895.70820966526 3881214.0482211923 40.0
507895.59885400196 3881213.992677373 40.0
507895.70820966526 3881214.0482211923 40.0
507895.7993313529 3881214.103749175 40.0
507895.7993313529 3881214.103749175 40.0
507895.89046267414 3881214.1481874 40.0
507895.89046267414 3881214.1481874 40.0
507895.9724770097 3881214.192617708 40.0
507895.9724770097 3881214.192617708 40.0
507896.04537435976 3881214.237040095 40.0
507896.11827170674 3881214.2814624845 40.0
507896.11827170674 3881214.2814624845 40.0
507896.11827170674 3881214.2814624845 40.0
507896.17293508374 3881214.3258690364 40.0
507896.17293508374 3881214.3258690364 40.0
507896.2275984648 3881214.370275588 40.0
507896.28227147367 3881214.4035923793 40.0
507896.28227147367 3881214.4035923793 40.0
507896.28227147367 3881214.4035923793 40.0
507896.3369444821 3881214.4369091736 40.0
507896.3369444821 3881214.4369091736 40.0
507896.38250050566 3881214.4702180475 40.0
507896.38250050566 3881214.4702180475 40.0
507896.437173518 3881214.5035348414 40.0
507896.437173518 3881214.5035348414 40.0
507896.5556268833 3881214.5812661094 40.0
507896.5556268833 3881214.5812661094 40.0
507896.62852422736 3881214.6256885016 40.0
507896.62852422736 3881214.6256885016 40.0
507896.70143120416 3881214.659021137 40.0
507896.70143120416 3881214.659021137 40.0
507896.7834358953 3881214.7145412103 40.0
507896.8745575743 3881214.7700692043 40.0
507896.7834358953 3881214.7145412103 40.0
507896.8745575743 3881214.7700692043 40.0
507896.9747962317 3881214.825605118 40.0
507896.9747962317 3881214.825605118 40.0
507897.0932592268 3881214.892246634 40.0
507897.0932592268 3881214.892246634 40.0
507897.2208392019 3881214.9588960707 40.0
507897.3483999042 3881215.0477250293 40.0
507897.3483999042 3881215.0477250293 40.0
507897.3483999042 3881215.0477250293 40.0
507897.4942042109 3881215.12548007 40.0
507897.4942042109 3881215.12548007 40.0
507897.6308915289 3881215.203227193 40.0
507897.6308915289 3881215.203227193 40.0
507897.77669582836 3881215.2809822364 40.0
507897.77669582836 3881215.2809822364 40.0
507897.9042661604 3881215.358721444 40.0
507897.9042661604 3881215.358721444 40.0
507898.02272913937 3881215.4253629707 40.0
507898.02272913937 3881215.4253629707 40.0
507898.1320751332 3881215.491996579 40.0
507898.1320751332 3881215.491996579 40.0
507898.32343543676 3881215.6030605165 40.0
507898.32343543676 3881215.6030605165 40.0
507898.39634239726 3881215.6363931643 40.0
507898.39634239726 3881215.6363931643 40.0
507898.46011310496 3881215.6918974104 40.0
507898.46011310496 3881215.6918974104 40.0
507898.53302006656 3881215.725230061 40.0
507898.6059173895 3881215.7696524686 40.0
507898.6059173895 3881215.7696524686 40.0
507898.6059173895 3881215.7696524686 40.0
507898.678814714 3881215.81407488 40.0
507898.678814714 3881215.81407488 40.0
507898.760829021 3881215.858505212 40.0
507898.85196031025 3881215.902943466 40.0
507898.85196031025 3881215.902943466 40.0
507898.94307232386 3881215.96956124 40.0
507898.94307232386 3881215.96956124 40.0
507898.94307232386 3881215.96956124 40.0
507899.0433109578 3881216.0250971783 40.0
507899.0433109578 3881216.0250971783 40.0
507899.16178355855 3881216.080648961 40.0
507899.16178355855 3881216.080648961 40.0
507899.2711391728 3881216.136192825 40.0
507899.2711391728 3881216.136192825 40.0
507899.3804947856 3881216.1917366874 40.0
507899.4807334121 3881216.2472726307 40.0
507899.3804947856 3881216.1917366874 40.0
507899.58097204193 3881216.3028085735 40.0
507899.4807334121 3881216.2472726307 40.0
507899.58097204193 3881216.3028085735 40.0
507899.6721033227 3881216.347246838 40.0
507899.75411761773 3881216.3916771784 40.0
507899.75411761773 3881216.3916771784 40.0
507899.75411761773 3881216.3916771784 40.0
507899.82702456665 3881216.4250098383 40.0
507899.82702456665 3881216.4250098383 40.0
507899.8816975546 3881216.4583266526 40.0
507899.8816975546 3881216.4583266526 40.0
507899.94548752 3881216.491651393 40.0
507899.94548752 3881216.491651393 40.0
507900.0001605025 3881216.5249682073 40.0
507900.06395046937 3881216.558292946 40.0
507900.0001605025 3881216.5249682073 40.0
507900.06395046937 3881216.558292946 40.0
507900.12774043344 3881216.591617685 40.0
507900.2006377439 3881216.636040107 40.0
507900.2006377439 3881216.636040107 40.0
507900.2006377439 3881216.636040107 40.0
507900.2917690184 3881216.680478376 40.0
507900.2917690184 3881216.680478376 40.0
507900.3920076362 3881216.7360143303 40.0
507900.3920076362 3881216.7360143303 40.0
507900.5104802172 3881216.7915661302 40.0
507900.5104802172 3881216.7915661302 40.0
507900.6654014487 3881216.869329146 40.0
507900.6654014487 3881216.869329146 40.0
507900.8841126385 3881216.9804169084 40.0
507900.8841126385 3881216.9804169084 40.0
507901.12105778896 3881217.0915205255 40.0
507901.12105778896 3881217.0915205255 40.0
507901.66780680517 3881217.4025092474 40.0
507901.66780680517 3881217.4025092474 40.0
507901.8591766676 3881217.5024835025 40.0
507902.0414391797 3881217.5913600735 40.0
507902.0414391797 3881217.5913600735 40.0
507902.20546772797 3881217.6802208 40.0
507902.20546772797 3881217.6802208 40.0
507902.3695059134 3881217.75799177 40.0
507902.3695059134 3881217.75799177 40.0
507902.5153101314 3881217.8357468923 40.0
507902.5153101314 3881217.8357468923 40.0
507902.67023132805 3881217.913509942 40.0
507902.67023132805 3881217.913509942 40.0
507902.94364435633 3881218.0246453094 40.0
507902.94364435633 3881218.0246453094 40.0
507903.06210726144 3881218.091286903 40.0
507903.06210726144 3881218.091286903 40.0
507903.06210726144 3881218.091286903 40.0
507903.17146283004 3881218.146830814 40.0
507903.17146283004 3881218.146830814 40.0
507903.28081839264 3881218.2023747233 40.0
507903.3810666194 3881218.2468209504 40.0
507903.3810666194 3881218.2468209504 40.0
507903.4721882205 3881218.302349011 40.0
507903.4721882205 3881218.302349011 40.0
507903.5633194599 3881218.346787314 40.0
507903.5633194599 3881218.346787314 40.0
507903.5633194599 3881218.346787314 40.0
507903.7546892793 3881218.4467616077 40.0
507903.7546892793 3881218.4467616077 40.0
507903.84582051827 3881218.491199912 40.0
507903.9460590945 3881218.546735904 40.0
507903.9460590945 3881218.546735904 40.0
507904.0554146499 3881218.6022798237 40.0
507903.9460590945 3881218.546735904 40.0
507904.0554146499 3881218.6022798237 40.0
507904.16477020393 3881218.657823746 40.0
507904.16477020393 3881218.657823746 40.0
507904.2923500768 3881218.7244732836 40.0
507904.2923500768 3881218.7244732836 40.0
507904.41992994543 3881218.791122822 40.0
507904.56573412946 3881218.8688779757 40.0
507904.56573412946 3881218.8688779757 40.0
507904.56573412946 3881218.8688779757 40.0
507904.7297626301 3881218.9577387488 40.0
507904.8938007663 3881219.0355097647 40.0
507904.8938007663 3881219.0355097647 40.0
507904.8938007663 3881219.0355097647 40.0
507905.04872192454 3881219.113272855 40.0
507905.04872192454 3881219.113272855 40.0
507905.2036237901 3881219.213215467 40.0
507905.2036237901 3881219.213215467 40.0
507905.3676522783 3881219.3020762512 40.0
507905.3676522783 3881219.3020762512 40.0
507905.53167111904 3881219.4020267962 40.0
507905.53167111904 3881219.4020267962 40.0
507905.69569959835 3881219.490887585 40.0
507905.69569959835 3881219.490887585 40.0
507905.85971843207 3881219.590838138 40.0
507905.85971843207 3881219.590838138 40.0
507906.00550330133 3881219.6907728342 40.0
507906.16041479155 3881219.779625703 40.0
507906.16041479155 3881219.779625703 40.0
507906.16041479155 3881219.779625703 40.0
507906.3061996568 3881219.8795604035 40.0
507906.45200380724 3881219.9573155893 40.0
507906.45200380724 3881219.9573155893 40.0
507906.45200380724 3881219.9573155893 40.0
507906.5886909762 3881220.035062848 40.0
507906.716261164 3881220.112802178 40.0
507906.716261164 3881220.112802178 40.0
507906.716261164 3881220.112802178 40.0
507906.9440602429 3881220.2571672946 40.0
507907.0351914482 3881220.301605631 40.0
507907.0351914482 3881220.301605631 40.0
507907.1171960278 3881220.3571257996 40.0
507907.1171960278 3881220.3571257996 40.0
507907.1171960278 3881220.3571257996 40.0
507907.2083272312 3881220.4015641385 40.0
507907.30856576585 3881220.4571001683 40.0
507907.30856576585 3881220.4571001683 40.0
507907.30856576585 3881220.4571001683 40.0
507907.39969696733 3881220.501538509 40.0
507907.39969696733 3881220.501538509 40.0
507907.49993549974 3881220.5570745403 40.0
507907.49993549974 3881220.5570745403 40.0
507907.60018367536 3881220.601520815 40.0
507907.60018367536 3881220.601520815 40.0
507907.8280020244 3881220.7237064354 40.0
507907.8280020244 3881220.7237064354 40.0
507907.9555818392 3881220.7903560232 40.0
507907.9555818392 3881220.7903560232 40.0
507908.11050293903 3881220.868119167 40.0
507908.25631670584 3881220.934784622 40.0
507908.25631670584 3881220.934784622 40.0
507908.25631670584 3881220.934784622 40.0
507908.411237803 3881221.0125477705 40.0
507908.411237803 3881221.0125477705 40.0
507908.5570419173 3881221.090302989 40.0
507908.5570419173 3881221.090302989 40.0
507908.70284603146 3881221.168058212 40.0
507908.70284603146 3881221.168058212 40.0
507908.98533726996 3881221.32356073 40.0
507908.98533726996 3881221.32356073 40.0
507909.12202439684 3881221.401308027 40.0
507909.12202439684 3881221.401308027 40.0
507909.24959454616 3881221.479047392 40.0
507909.3680573625 3881221.5456890683 40.0
507909.3680573625 3881221.5456890683 40.0
507909.3680573625 3881221.5456890683 40.0
507909.48651053035 3881221.6234205067 40.0
507909.48651053035 3881221.6234205067 40.0
507909.58674903534 3881221.6789565603 40.0
507909.58674903534 3881221.6789565603 40.0
507909.68698754144 3881221.7344926163 40.0
507909.68698754144 3881221.7344926163 40.0
507909.87835722236 3881221.8344670385 40.0
507909.87835722236 3881221.8344670385 40.0
507909.9512447914 3881221.8899792996 40.0
507909.9512447914 3881221.8899792996 40.0
507910.0332589886 3881221.934409734 40.0
507910.124390162 3881221.9788481016 40.0
507910.124390162 3881221.9788481016 40.0
507910.124390162 3881221.9788481016 40.0
507910.20638505765 3881222.0454580565 40.0
507910.20638505765 3881222.0454580565 40.0
507910.2974969267 3881222.112075945 40.0
507910.2974969267 3881222.112075945 40.0
507910.4068524028 3881222.167619942 40.0
507910.5253151994 3881222.234261633 40.0
507910.5253151994 3881222.234261633 40.0
507910.5253151994 3881222.234261633 40.0
507910.66200230405 3881222.312008953 40.0
507910.7986894017 3881222.3897562753 40.0
507910.7986894017 3881222.3897562753 40.0
507910.95361044776 3881222.4675194663 40.0
507910.7986894017 3881222.3897562753 40.0
507910.95361044776 3881222.4675194663 40.0
507911.1085218448 3881222.5563724204 40.0
507911.1085218448 3881222.5563724204 40.0
507911.2634428877 3881222.6341356183 40.0
507911.2634428877 3881222.6341356183 40.0
507911.40923730255 3881222.722980643 40.0
507911.40923730255 3881222.722980643 40.0
507911.55504136387 3881222.800735911 40.0
507911.55504136387 3881222.800735911 40.0
507911.6917187948 3881222.889573005 40.0
507911.6917187948 3881222.889573005 40.0
507911.81928890134 3881222.9673124077 40.0
507911.9559566751 3881223.0672392654 40.0
507911.9559566751 3881223.0672392654 40.0
507912.1108777044 3881223.145002477 40.0
507912.1108777044 3881223.145002477 40.0
507912.1108777044 3881223.145002477 40.0
507912.26579872874 3881223.222765691 40.0
507912.4207197504 3881223.3005289086 40.0
507912.26579872874 3881223.222765691 40.0
507912.4207197504 3881223.3005289086 40.0
507912.58471913595 3881223.4226591005 40.0
507912.58471913595 3881223.4226591005 40.0
507912.74872816785 3881223.5336995358 40.0
507912.74872816785 3881223.5336995358 40.0
507912.92185417336 3881223.6447479115 40.0
507912.92185417336 3881223.6447479115 40.0
507913.085882504 3881223.7336088344 40.0
507913.085882504 3881223.7336088344 40.0
507913.2772328005 3881223.855762849 40.0
507913.2772328005 3881223.855762849 40.0
507913.45946611225 3881223.97790893 40.0
507913.45946611225 3881223.97790893 40.0
507913.8057180848 3881224.2000057106 40.0
507913.8057180848 3881224.2000057106 40.0
507913.9788440624 3881224.311054105 40.0
507913.9788440624 3881224.311054105 40.0
507914.14285306126 3881224.4220945663 40.0
507914.14285306126 3881224.4220945663 40.0
507914.2977450839 3881224.533127094 40.0
507914.2977450839 3881224.533127094 40.0
507914.452646758 3881224.6330698645 40.0
507914.452646758 3881224.6330698645 40.0
507914.59842179675 3881224.744094459 40.0
507914.7351088243 3881224.82184184 40.0
507914.7351088243 3881224.82184184 40.0
507914.8626595641 3881224.921760804 40.0
507914.8626595641 3881224.921760804 40.0
507914.99022961274 3881224.9995002523 40.0
507914.99022961274 3881224.9995002523 40.0
507915.10868268757 3881225.077231762 40.0
507915.10868268757 3881225.077231762 40.0
507915.2271454119 3881225.1438735155 40.0
507915.2271454119 3881225.1438735155 40.0
507915.2271454119 3881225.1438735155 40.0
507915.3455984828 3881225.22160503 40.0
507915.4640612058 3881225.2882467858 40.0
507915.4640612058 3881225.2882467858 40.0
507915.4640612058 3881225.2882467858 40.0
507915.5825239247 3881225.3548885435 40.0
507915.5825239247 3881225.3548885435 40.0
507915.7192205937 3881225.42154618 40.0
507915.8559269175 3881225.47711406 40.0
507915.7192205937 3881225.42154618 40.0
507915.8559269175 3881225.47711406 40.0
507916.00172123965 3881225.565959159 40.0
507916.1475252162 3881225.643714501 40.0
507916.1475252162 3881225.643714501 40.0
507916.1475252162 3881225.643714501 40.0
507916.30242684874 3881225.7436573016 40.0
507916.30242684874 3881225.7436573016 40.0
507916.6031227906 3881225.932445217 40.0
507916.6031227906 3881225.932445217 40.0
507916.9585109013 3881226.1323705395 40.0
507917.1498804076 3881226.2323451145 40.0
507916.9585109013 3881226.1323705395 40.0
507917.1498804076 3881226.2323451145 40.0
507917.32302562305 3881226.3212140566 40.0
507917.32302562305 3881226.3212140566 40.0
507917.49616117857 3881226.4211727604 40.0
507917.49616117857 3881226.4211727604 40.0
507917.66930638935 3881226.5100417077 40.0
507917.66930638935 3881226.5100417077 40.0
507917.8333153058 3881226.6210822365 40.0
507917.8333153058 3881226.6210822365 40.0
507917.99733387545 3881226.7210330083 40.0
507917.99733387545 3881226.7210330083 40.0
507918.1522354693 3881226.8209758424 40.0
507918.1522354693 3881226.8209758424 40.0
507918.3162540342 3881226.9209266203 40.0
507918.3162540342 3881226.9209266203 40.0
507918.47115562344 3881227.0208694604 40.0
507918.6351741788 3881227.1208202434 40.0
507918.6351741788 3881227.1208202434 40.0
507918.7991927306 3881227.22077103 40.0
507918.7991927306 3881227.22077103 40.0
507918.7991927306 3881227.22077103 40.0
507918.9631919599 3881227.342901339 40.0
507919.3003363597 3881227.5539006297 40.0
507919.3003363597 3881227.5539006297 40.0
507919.3003363597 3881227.5539006297 40.0
507919.5464172998 3881227.6428331514 40.0
507919.7104261729 3881227.7538737147 40.0
507919.7104261729 3881227.7538737147 40.0
507919.7104261729 3881227.7538737147 40.0
507919.89267864375 3881227.853840407 40.0
507919.89267864375 3881227.853840407 40.0
507920.0657948179 3881227.9759786776 40.0
507920.0657948179 3881227.9759786776 40.0
507920.2662715623 3881228.0870510247 40.0
507920.2662715623 3881228.0870510247 40.0
507920.45763133105 3881228.1981154303 40.0
507920.45763133105 3881228.1981154303 40.0
507920.6489910951 3881228.309179841 40.0
507920.6489910951 3881228.309179841 40.0
507920.84035085444 3881228.420244254 40.0
507920.84035085444 3881228.420244254 40.0
507921.0225936364 3881228.531300729 40.0
507921.0225936364 3881228.531300729 40.0
507921.1957194459 3881228.642349264 40.0
507921.1957194459 3881228.642349264 40.0
507921.3688549124 3881228.742308041 40.0
507921.5420000412 3881228.8311770633 40.0
507921.3688549124 3881228.742308041 40.0
507921.5420000412 3881228.8311770633 40.0
507921.7060185326 3881228.931127902 40.0
507921.7060185326 3881228.931127902 40.0
507921.87917331647 3881229.008907172 40.0
507922.03409415757 3881229.0866705533 40.0
507922.03409415757 3881229.0866705533 40.0
507922.03409415757 3881229.0866705533 40.0
507922.1890149983 3881229.1644339375 40.0
507922.32570189465 3881229.2421814343 40.0
507922.32570189465 3881229.2421814343 40.0
507922.4715057583 3881229.3199368785 40.0
507922.4715057583 3881229.3199368785 40.0
507922.4715057583 3881229.3199368785 40.0
507922.60820231494 3881229.3865946196 40.0
507922.7448795437 3881229.4754318814 40.0
507922.60820231494 3881229.3865946196 40.0
507922.7448795437 3881229.4754318814 40.0
507922.8906930655 3881229.5420975727 40.0
507922.8906930655 3881229.5420975727 40.0
507923.0182629808 3881229.619837133 40.0
507923.0182629808 3881229.619837133 40.0
507923.16407649824 3881229.6865028287 40.0
507923.16407649824 3881229.6865028287 40.0
507923.3098803499 3881229.764258286 40.0
507923.3098803499 3881229.764258286 40.0
507923.47389880277 3881229.864209159 40.0
507923.62880028295 3881229.9641520856 40.0
507923.62880028295 3881229.9641520856 40.0
507923.8019260334 3881230.0752006695 40.0
507923.8019260334 3881230.0752006695 40.0
507923.8019260334 3881230.0752006695 40.0
507923.96593481075 3881230.1862413096 40.0
507924.29396201606 3881230.39723284 40.0
507923.96593481075 3881230.1862413096 40.0
507924.29396201606 3881230.39723284 40.0
507924.6219602081 3881230.641493659 40.0
507924.6219602081 3881230.641493659 40.0
507924.79505693016 3881230.7858115383 40.0
507924.9863972485 3881230.919055561 40.0
507924.9863972485 3881230.919055561 40.0
507924.9863972485 3881230.919055561 40.0
507925.1686205934 3881231.052291637 40.0
507925.1686205934 3881231.052291637 40.0
507925.3599609053 3881231.185535666 40.0
507925.5422035767 3881231.2965922314 40.0
507925.5422035767 3881231.2965922314 40.0
507925.5422035767 3881231.2965922314 40.0
507925.73356321355 3881231.407656751 40.0
507925.9157962068 3881231.5298030833 40.0
507925.73356321355 3881231.407656751 40.0
507926.0980388669 3881231.6408596598 40.0
507925.9157962068 3881231.5298030833 40.0
507926.0980388669 3881231.6408596598 40.0
507926.2802815225 3881231.7519162414 40.0
507926.2802815225 3881231.7519162414 40.0
507926.2529402903 3881231.7408026336 40.0
507926.37140284857 3881231.8074445324 40.0
507926.2529402903 3881231.7408026336 40.0
507926.37140284857 3881231.8074445324 40.0
507926.4989823722 3881231.874094383 40.0
507926.4989823722 3881231.874094383 40.0
507926.61742558697 3881231.962915804 40.0
507926.61742558697 3881231.962915804 40.0
507926.74499543646 3881232.040655417 40.0
507926.74499543646 3881232.040655417 40.0
507926.86344831693 3881232.118387083 40.0
507926.86344831693 3881232.118387083 40.0
507926.9727842309 3881232.196110799 40.0
507926.9727842309 3881232.196110799 40.0
507927.0821394795 3881232.2516549984 40.0
507927.0821394795 3881232.2516549984 40.0
507927.21882628766 3881232.3294025683 40.0
507927.21882628766 3881232.3294025683 40.0
507927.3372888335 3881232.3960444806 40.0
507927.46486834186 3881232.4626943446 40.0
507927.46486834186 3881232.4626943446 40.0
507927.46486834186 3881232.4626943446 40.0
507927.5924381771 3881232.54043397 40.0
507927.5924381771 3881232.54043397 40.0
507927.7200080125 3881232.6181735964 40.0
507927.7200080125 3881232.6181735964 40.0
507927.8566948097 3881232.6959211775 40.0
507927.98426463833 3881232.7736608074 40.0
507927.98426463833 3881232.7736608074 40.0
507927.98426463833 3881232.7736608074 40.0
507928.13007806893 3881232.8403265835 40.0
507928.13007806893 3881232.8403265835 40.0
507928.3123303455 3881232.9402934466 40.0
507928.3123303455 3881232.9402934466 40.0
507928.4763486885 3881233.040244408 40.0
507928.6221330938 3881233.14017947 40.0
507928.6221330938 3881233.14017947 40.0
507928.6221330938 3881233.14017947 40.0
507928.7770247914 3881233.2512122463 40.0
507928.9319261557 3881233.3511552657 40.0
507928.9319261557 3881233.3511552657 40.0
507928.9319261557 3881233.3511552657 40.0
507929.07771055336 3881233.451090334 40.0
507929.07771055336 3881233.451090334 40.0
507929.23262158415 3881233.5399435987 40.0
507929.23262158415 3881233.5399435987 40.0
507929.3784059755 3881233.6398786735 40.0
507929.3784059755 3881233.6398786735 40.0
507929.5150830697 3881233.7287160372 40.0
507929.5150830697 3881233.7287160372 40.0
507929.65177950857 3881233.795373885 40.0
507929.65177950857 3881233.795373885 40.0
507929.7884759455 3881233.862031735 40.0
507929.7884759455 3881233.862031735 40.0
507929.90693845256 3881233.9286736804 40.0
507929.90693845256 3881233.9286736804 40.0
507930.0436252114 3881234.006421294 40.0
507930.0436252114 3881234.006421294 40.0
507930.171195003 3881234.084160955 40.0
507930.171195003 3881234.084160955 40.0
507930.3078817572 3881234.1619085735 40.0
507930.3078817572 3881234.1619085735 40.0
507930.4354612214 3881234.22855848 40.0
507930.5721479712 3881234.3063061005 40.0
507930.5721479712 3881234.3063061005 40.0
507930.5721479712 3881234.3063061005 40.0
507930.7088347187 3881234.3840537234 40.0
507930.7088347187 3881234.3840537234 40.0
507930.8455214638 3881234.4618013483 40.0
507930.8455214638 3881234.4618013483 40.0
507930.9821985313 3881234.550638735 40.0
507930.9821985313 3881234.550638735 40.0
507931.1279925627 3881234.639484079 40.0
507931.1279925627 3881234.639484079 40.0
507931.2646696248 3881234.7283214694 40.0
507931.2646696248 3881234.7283214694 40.0
507931.4104636483 3881234.817166816 40.0
507931.4104636483 3881234.817166816 40.0
507931.54715038097 3881234.8949144525 40.0
507931.54715038097 3881234.8949144525 40.0
507931.68382743973 3881234.9837518497 40.0
507931.68382743973 3881234.9837518497 40.0
507931.82051416754 3881235.061499491 40.0
507931.94808392914 3881235.139239176 40.0
507931.94808392914 3881235.139239176 40.0
507932.0847706524 3881235.216986821 40.0
507932.0847706524 3881235.216986821 40.0
507932.0847706524 3881235.216986821 40.0
507932.2123404096 3881235.294726511 40.0
507932.2123404096 3881235.294726511 40.0
507932.3490271282 3881235.3724741596 40.0
507932.47659688327 3881235.4502138537 40.0
507932.47659688327 3881235.4502138537 40.0
507932.47659688327 3881235.4502138537 40.0
507932.6132835973 3881235.5279615065 40.0
507932.6132835973 3881235.5279615065 40.0
507932.749970309 3881235.6057091597 40.0
507932.9048812673 3881235.694562487 40.0
507932.9048812673 3881235.694562487 40.0
507932.9048812673 3881235.694562487 40.0
507933.05980190274 3881235.7723260582 40.0
507933.05980190274 3881235.7723260582 40.0
507933.21471285744 3881235.8611793914 40.0
507933.21471285744 3881235.8611793914 40.0
507933.3696238045 3881235.950032728 40.0
507933.3696238045 3881235.950032728 40.0
507933.5336517162 3881236.038894022 40.0
507933.5336517162 3881236.038894022 40.0
507933.7067869088 3881236.138853036 40.0
507933.7067869088 3881236.138853036 40.0
507933.87992209534 3881236.2388120536 40.0
507933.87992209534 3881236.2388120536 40.0
507934.18974396755 3881236.4165187506 40.0
507934.3446549003 3881236.505372104 40.0
507934.3446549003 3881236.505372104 40.0
507934.3446549003 3881236.505372104 40.0
507934.5086827901 3881236.594233417 40.0
507934.66358403687 3881236.6941765333 40.0
507934.66358403687 3881236.6941765333 40.0
507934.82761192246 3881236.783037852 40.0
507934.66358403687 3881236.6941765333 40.0
507934.9916398002 3881236.8718991745 40.0
507934.9916398002 3881236.8718991745 40.0
507935.155657999 3881236.9718502574 40.0
507935.155657999 3881236.9718502574 40.0
507935.3105689128 3881237.0607036264 40.0
507935.3105689128 3881237.0607036264 40.0
507935.3105689128 3881237.0607036264 40.0
507935.47458710236 3881237.1606547153 40.0
507935.6386149693 3881237.2495160494 40.0
507935.6386149693 3881237.2495160494 40.0
507935.6386149693 3881237.2495160494 40.0
507935.79352587374 3881237.3383694272 40.0
507935.79352587374 3881237.3383694272 40.0
507935.9575537344 3881237.427230765 40.0
507935.9575537344 3881237.427230765 40.0
507936.26737552794 3881237.6049375343 40.0
507936.26737552794 3881237.6049375343 40.0
507936.50430034345 3881237.7382215965 40.0
507936.66833787225 3881237.815993189 40.0
507936.66833787225 3881237.815993189 40.0
507936.66833787225 3881237.815993189 40.0
507936.8323754005 3881237.893764785 40.0
507936.99641292373 3881237.9715363826 40.0
507936.99641292373 3881237.9715363826 40.0
507937.1422068417 3881238.0603818228 40.0
507936.99641292373 3881237.9715363826 40.0
507937.1422068417 3881238.0603818228 40.0
507937.2971273984 3881238.138145467 40.0
507937.2971273984 3881238.138145467 40.0
507937.45203827147 3881238.2269988735 40.0
507937.45203827147 3881238.2269988735 40.0
507937.61606609763 3881238.3158602407 40.0
507937.61606609763 3881238.3158602407 40.0
507937.7709769646 3881238.4047136526 40.0
507937.93498542137 3881238.5157545465 40.0
507937.7709769646 3881238.4047136526 40.0
507938.09899387415 3881238.626795444 40.0
507938.09899387415 3881238.626795444 40.0
507938.2721289674 3881238.726754545 40.0
507938.2721289674 3881238.726754545 40.0
507938.44526405225 3881238.826713651 40.0
507938.44526405225 3881238.826713651 40.0
507938.62752578495 3881238.915590961 40.0
507938.62752578495 3881238.915590961 40.0
507938.9829225878 3881239.104427392 40.0
507938.62752578495 3881238.915590961 40.0
507939.17429157946 3881239.2044024346 40.0
507938.9829225878 3881239.104427392 40.0
507939.17429157946 3881239.2044024346 40.0
507939.3656605716 3881239.3043774837 40.0
507939.3656605716 3881239.3043774837 40.0
507939.54792228114 3881239.3932548123 40.0
507939.73018398945 3881239.482132145 40.0
507939.73018398945 3881239.482132145 40.0
507939.9033287325 3881239.5710015185 40.0
507939.73018398945 3881239.482132145 40.0
507940.0764734744 3881239.659870895 40.0
507940.0764734744 3881239.659870895 40.0
507940.2405109404 3881239.7376425513 40.0
507940.2405109404 3881239.7376425513 40.0
507940.3863047961 3881239.826488046 40.0
507940.2405109404 3881239.7376425513 40.0
507940.3863047961 3881239.826488046 40.0
507940.5412252973 3881239.9042517454 40.0
507940.65058037057 3881239.959796108 40.0
507940.65058037057 3881239.959796108 40.0
507940.7690427165 3881240.026438196 40.0
507940.65058037057 3881239.959796108 40.0
507940.8875147481 3881240.081990526 40.0
507940.8875147481 3881240.081990526 40.0
507940.8875147481 3881240.081990526 40.0
507940.9968601318 3881240.1486246535 40.0
507940.9968601318 3881240.1486246535 40.0
507941.10621520167 3881240.204169021 40.0
507941.10621520167 3881240.204169021 40.0
507941.20645331143 3881240.259705428 40.0
507941.20645331143 3881240.259705428 40.0
507941.2975744613 3881240.31523387 40.0
507941.2975744613 3881240.31523387 40.0
507941.37958833954 3881240.3596645887 40.0
507941.37958833954 3881240.3596645887 40.0
507941.4342513388 3881240.4040714144 40.0
507941.4342513388 3881240.4040714144 40.0
507941.4980409844 3881240.4373964462 40.0
507941.4980409844 3881240.4373964462 40.0
507941.5618209458 3881240.481811237 40.0
507941.5618209458 3881240.481811237 40.0
507941.62561059033 3881240.5151362694 40.0
507941.62561059033 3881240.5151362694 40.0
507941.6985171951 3881240.548469267 40.0
507941.7622971525 3881240.592884061 40.0
507941.6985171951 3881240.548469267 40.0
507941.8169698371 3881240.626201129 40.0
507941.8169698371 3881240.626201129 40.0
507941.8169698371 3881240.626201129 40.0
507941.88075947965 3881240.6595261637 40.0
507941.88075947965 3881240.6595261637 40.0
507941.93543216813 3881240.6928432323 40.0
507941.93543216813 3881240.6928432323 40.0
507941.9992314986 3881240.715078508 40.0
507941.9992314986 3881240.715078508 40.0
507942.05390418164 3881240.7483955775 40.0
507942.12680109404 3881240.7928183386 40.0
507942.12680109404 3881240.7928183386 40.0
507942.12680109404 3881240.7928183386 40.0
507942.19970769476 3881240.8261513393 40.0
507942.19970769476 3881240.8261513393 40.0
507942.3637257408 3881240.9261025554 40.0
507942.473080793 3881240.981646941 40.0
507942.473080793 3881240.981646941 40.0
507942.59154311457 3881241.048289052 40.0
507942.59154311457 3881241.048289052 40.0
507942.7099957401 3881241.126020925 40.0
507942.7099957401 3881241.126020925 40.0
507942.7099957401 3881241.126020925 40.0
507942.8375750135 3881241.1926710075 40.0
507942.96514459513 3881241.270410849 40.0
507942.96514459513 3881241.270410849 40.0
507943.1018311345 3881241.34815866 40.0
507943.1018311345 3881241.34815866 40.0
507943.2385176692 3881241.4259064714 40.0
507943.2385176692 3881241.4259064714 40.0
507943.38432116143 3881241.503662254 40.0
507943.38432116143 3881241.503662254 40.0
507943.5210076914 3881241.581410072 40.0
507943.5210076914 3881241.581410072 40.0
507943.5210076914 3881241.581410072 40.0
507943.6576845282 3881241.67024765 40.0
507943.80348801054 3881241.748003438 40.0
507943.6576845282 3881241.67024765 40.0
507943.80348801054 3881241.748003438 40.0
507943.9401648421 3881241.836841021 40.0
507943.9401648421 3881241.836841021 40.0
507944.08595863037 3881241.9256865727 40.0
507944.08595863037 3881241.9256865727 40.0
507944.231762105 3881242.0034423685 40.0
507944.231762105 3881242.0034423685 40.0
507944.5142424004 3881242.170035756 40.0
507944.5142424004 3881242.170035756 40.0
507944.6600361754 3881242.258881319 40.0
507944.6600361754 3881242.258881319 40.0
507944.8149372143 3881242.3588246107 40.0
507944.8149372143 3881242.3588246107 40.0
507944.96984793985 3881242.4476781446 40.0
507944.96984793985 3881242.4476781446 40.0
507945.115641706 3881242.5365237137 40.0
507945.115641706 3881242.5365237137 40.0
507945.2705524279 3881242.625377254 40.0
507945.2705524279 3881242.625377254 40.0
507945.4163461882 3881242.714222827 40.0
507945.562139948 3881242.803068404 40.0
507945.562139948 3881242.803068404 40.0
507945.562139948 3881242.803068404 40.0
507945.7079337027 3881242.891913982 40.0
507945.84462019196 3881242.9696618337 40.0
507945.84462019196 3881242.9696618337 40.0
507945.98129698524 3881243.0584994475 40.0
507945.98129698524 3881243.0584994475 40.0
507945.98129698524 3881243.0584994475 40.0
507946.1088665138 3881243.1362393345 40.0
507946.1088665138 3881243.1362393345 40.0
507946.2455529983 3881243.2139871926 40.0
507946.2455529983 3881243.2139871926 40.0
507946.37312252243 3881243.2917270837 40.0
507946.37312252243 3881243.2917270837 40.0
507946.50069204444 3881243.369466975 40.0
507946.50069204444 3881243.369466975 40.0
507946.764938345 3881243.5360444956 40.0
507946.764938345 3881243.5360444956 40.0
507946.8925078602 3881243.6137843933 40.0
507946.8925078602 3881243.6137843933 40.0
507947.0200676783 3881243.702614054 40.0
507947.15674444905 3881243.7914516847 40.0
507947.15674444905 3881243.7914516847 40.0
507947.15674444905 3881243.7914516847 40.0
507947.29341152194 3881243.891379079 40.0
507947.29341152194 3881243.891379079 40.0
507947.4300882872 3881243.9802167136 40.0
507947.4300882872 3881243.9802167136 40.0
507947.5758820071 3881244.069062323 40.0
507947.5758820071 3881244.069062323 40.0
507947.721666026 3881244.168997694 40.0
507947.86745973764 3881244.257843307 40.0
507947.86745973764 3881244.257843307 40.0
507947.86745973764 3881244.257843307 40.0
507948.01325344876 3881244.346688923 40.0
507948.1590471547 3881244.4355345415 40.0
507948.1590471547 3881244.4355345415 40.0
507948.2957239057 3881244.5243721893 40.0
507948.2957239057 3881244.5243721893 40.0
507948.2957239057 3881244.5243721893 40.0
507948.4324103484 3881244.602120081 40.0
507948.55997983436 3881244.6798600033 40.0
507948.55997983436 3881244.6798600033 40.0
507948.6875493182 3881244.757599925 40.0
507948.6875493182 3881244.757599925 40.0
507948.79688489385 3881244.835323908 40.0
507948.6875493182 3881244.757599925 40.0
507948.79688489385 3881244.835323908 40.0
507948.90623016027 3881244.90195813 40.0
507948.90623016027 3881244.90195813 40.0
507949.0155754297 3881244.9685923536 40.0
507949.1066964848 3881245.0241208747 40.0
507949.1066964848 3881245.0241208747 40.0
507949.19782723405 3881245.0685596378 40.0
507949.1066964848 3881245.0241208747 40.0
507949.288948287 3881245.1240881607 40.0
507949.19782723405 3881245.0685596378 40.0
507949.288948287 3881245.1240881607 40.0
507949.3800693389 3881245.179616685 40.0
507949.3800693389 3881245.179616685 40.0
507949.47119038965 3881245.2351452094 40.0
507949.47119038965 3881245.2351452094 40.0
507949.562321135 3881245.2795839757 40.0
507949.562321135 3881245.2795839757 40.0
507949.6534421836 3881245.3351125023 40.0
507949.6534421836 3881245.3351125023 40.0
507949.74456323346 3881245.39064103 40.0
507949.74456323346 3881245.39064103 40.0
507949.8448012311 3881245.4461775315 40.0
507949.8448012311 3881245.4461775315 40.0
507949.95415618335 3881245.5017220075 40.0
507950.07260869036 3881245.579453977 40.0
507950.07260869036 3881245.579453977 40.0
507950.20018784975 3881245.6461041616 40.0
507950.20018784975 3881245.6461041616 40.0
507950.3368742593 3881245.723852083 40.0
507950.3368742593 3881245.723852083 40.0
507950.4826776197 3881245.801607977 40.0
507950.4826776197 3881245.801607977 40.0
507950.4826776197 3881245.801607977 40.0
507950.62847128056 3881245.8904536357 40.0
507950.62847128056 3881245.8904536357 40.0
507950.7742746358 3881245.968209537 40.0
507950.7742746358 3881245.968209537 40.0
507950.9382924973 3881246.0681609088 40.0
507950.9382924973 3881246.0681609088 40.0
507951.09321279754 3881246.1459247875 40.0
507951.09321279754 3881246.1459247875 40.0
507951.23900644697 3881246.2347704554 40.0
507951.23900644697 3881246.2347704554 40.0
507951.3756928411 3881246.3125183913 40.0
507951.3756928411 3881246.3125183913 40.0
507951.5123792306 3881246.390266329 40.0
507951.64906561776 3881246.4680142705 40.0
507951.64906561776 3881246.4680142705 40.0
507951.64906561776 3881246.4680142705 40.0
507951.78575200256 3881246.5457622116 40.0
507951.78575200256 3881246.5457622116 40.0
507951.9133311336 3881246.6124124206 40.0
507951.9133311336 3881246.6124124206 40.0
507952.050017514 3881246.6901603667 40.0
507952.050017514 3881246.6901603667 40.0
507952.17758694215 3881246.767900339 40.0
507952.3142733179 3881246.84564829 40.0
507952.17758694215 3881246.767900339 40.0
507952.3142733179 3881246.84564829 40.0
507952.45094999217 3881246.934486002 40.0
507952.45094999217 3881246.934486002 40.0
507952.5876363631 3881247.012233956 40.0
507952.5876363631 3881247.012233956 40.0
507952.86100909807 3881247.16772987 40.0
507952.97947126307 3881247.234372118 40.0
507952.97947126307 3881247.234372118 40.0
507953.0979334217 3881247.3010143684 40.0
507953.0979334217 3881247.3010143684 40.0
507953.2163955809 3881247.3676566198 40.0
507953.2163955809 3881247.3676566198 40.0
507953.3257407892 3881247.4342908957 40.0
507953.3257407892 3881247.4342908957 40.0
507953.42597874475 3881247.489827438 40.0
507953.42597874475 3881247.489827438 40.0
507953.53533364827 3881247.5453719567 40.0
507953.53533364827 3881247.5453719567 40.0
507953.53533364827 3881247.5453719567 40.0
507953.6355619007 3881247.611998261 40.0
507953.6355619007 3881247.611998261 40.0
507953.74491680146 3881247.667542783 40.0
507953.84514505096 3881247.734169088 40.0
507953.84514505096 3881247.734169088 40.0
507953.9636169002 3881247.7897215886 40.0
507953.84514505096 3881247.734169088 40.0
507954.09119599784 3881247.8563718284 40.0
507953.9636169002 3881247.7897215886 40.0
507954.09119599784 3881247.8563718284 40.0
507954.2187653922 3881247.9341118312 40.0
507954.2187653922 3881247.9341118312 40.0
507954.36457838793 3881248.0007780306 40.0
507954.36457838793 3881248.0007780306 40.0
507954.5194889266 3881248.089631728 40.0
507954.8384269409 3881248.267347112 40.0
507954.5194889266 3881248.089631728 40.0
507954.8384269409 3881248.267347112 40.0
507955.02979557053 3881248.3673224887 40.0
507955.02979557053 3881248.3673224887 40.0
507955.2211641913 3881248.4672978735 40.0
507955.4034158598 3881248.567265283 40.0
507955.4034158598 3881248.567265283 40.0
507955.4034158598 3881248.567265283 40.0
507955.5856772273 3881248.6561429356 40.0
507955.5856772273 3881248.6561429356 40.0
507955.75882164337 3881248.745012614 40.0
507955.75882164337 3881248.745012614 40.0
507955.93196605373 3881248.8338822946 40.0
507956.10511046305 3881248.922751978 40.0
507956.10511046305 3881248.922751978 40.0
507956.10511046305 3881248.922751978 40.0
507956.260020969 3881249.0116057065 40.0
507956.4240387154 3881249.1115571754 40.0
507956.4240387154 3881249.1115571754 40.0
507956.4240387154 3881249.1115571754 40.0
507956.569832263 3881249.2004029294 40.0
507956.71563551447 3881249.2781589255 40.0
507956.569832263 3881249.2004029294 40.0
507956.71563551447 3881249.2781589255 40.0
507956.85233152076 3881249.344817186 40.0
507956.85233152076 3881249.344817186 40.0
507956.9890178203 3881249.422565207 40.0
507956.9890178203 3881249.422565207 40.0
507957.11659687286 3881249.4892154885 40.0
507957.11659687286 3881249.4892154885 40.0
507957.371745265 3881249.63360582 40.0
507957.4902073625 3881249.700248128 40.0
507957.4902073625 3881249.700248128 40.0
507957.5904452678 3881249.7557847146 40.0
507957.5904452678 3881249.7557847146 40.0
507957.5904452678 3881249.7557847146 40.0
507957.7089073622 3881249.822427026 40.0
507957.82736945717 3881249.8890693365 40.0
507957.82736945717 3881249.8890693365 40.0
507957.82736945717 3881249.8890693365 40.0
507957.9549484971 3881249.9557196316 40.0
507957.9549484971 3881249.9557196316 40.0
507958.0734105839 3881250.0223619468 40.0
507958.1918629627 3881250.100094023 40.0
507958.1918629627 3881250.100094023 40.0
507958.1918629627 3881250.100094023 40.0
507958.3103250505 3881250.166736341 40.0
507958.4287871343 3881250.2333786613 40.0
507958.4287871343 3881250.2333786613 40.0
507958.53814197663 3881250.28892324 40.0
507958.53814197663 3881250.28892324 40.0
507958.53814197663 3881250.28892324 40.0
507958.64749681763 3881250.3444678225 40.0
507958.74773470877 3881250.4000044214 40.0
507958.74773470877 3881250.4000044214 40.0
507958.8388556501 3881250.455533043 40.0
507958.8388556501 3881250.455533043 40.0
507958.9299862975 3881250.499971902 40.0
507958.9299862975 3881250.499971902 40.0
507959.00287333986 3881250.5554845585 40.0
507959.00287333986 3881250.5554845585 40.0
507959.0757797983 3881250.5888176975 40.0
507959.0757797983 3881250.5888176975 40.0
507959.0757797983 3881250.5888176975 40.0
507959.13955960283 3881250.6332326126 40.0
507959.13955960283 3881250.6332326126 40.0
507959.20334911183 3881250.6665577684 40.0
507959.2580216744 3881250.6998749436 40.0
507959.2580216744 3881250.6998749436 40.0
507959.2580216744 3881250.6998749436 40.0
507959.3218014726 3881250.7442898597 40.0
507959.39469822065 3881250.78871276 40.0
507959.39469822065 3881250.78871276 40.0
507959.39469822065 3881250.78871276 40.0
507959.4675949657 3881250.833135661 40.0
507959.4675949657 3881250.833135661 40.0
507959.5587158983 3881250.8886642875 40.0
507959.5587158983 3881250.8886642875 40.0
507959.64983683213 3881250.944192914 40.0
507959.7591819457 3881251.010827269 40.0
507959.64983683213 3881250.944192914 40.0
507959.7591819457 3881251.010827269 40.0
507959.8867512451 3881251.088567351 40.0
507959.8867512451 3881251.088567351 40.0
507960.0143108339 3881251.1773971943 40.0
507960.0143108339 3881251.1773971943 40.0
507960.1601043133 3881251.266243006 40.0
507960.1601043133 3881251.266243006 40.0
507960.31501473975 3881251.3550968035 40.0
507960.4607984997 3881251.45503238 40.0
507960.31501473975 3881251.3550968035 40.0
507960.4607984997 3881251.45503238 40.0
507960.76150238776 3881251.632732005 40.0
507960.9255103255 3881251.743773316 40.0
507960.76150238776 3881251.632732005 40.0
507960.9255103255 3881251.743773316 40.0
507961.0986352065 3881251.8548226156 40.0
507961.0986352065 3881251.8548226156 40.0
507961.2626528485 3881251.954774173 40.0
507961.2626528485 3881251.954774173 40.0
507961.4175535354 3881252.0547177503 40.0
507961.5633372743 3881252.1546533443 40.0
507961.4175535354 3881252.0547177503 40.0
507961.5633372743 3881252.1546533443 40.0
507961.70912101236 3881252.2545889416 40.0
507961.85491445794 3881252.34343478 40.0
507961.70912101236 3881252.2545889416 40.0
507961.85491445794 3881252.34343478 40.0
507961.99159095646 3881252.432272636 40.0
507961.99159095646 3881252.432272636 40.0
507962.12826745 3881252.521110495 40.0
507962.12826745 3881252.521110495 40.0
507962.2649439432 3881252.6099483552 40.0
507962.2649439432 3881252.6099483552 40.0
507962.40162043134 3881252.698786218 40.0
507962.40162043134 3881252.698786218 40.0
507962.538287203 3881252.798713843 40.0
507962.6749636857 3881252.88755171 40.0
507962.6749636857 3881252.88755171 40.0
507962.6749636857 3881252.88755171 40.0
507962.8116401657 3881252.976389577 40.0
507962.8116401657 3881252.976389577 40.0
507963.06675922836 3881253.154049349 40.0
507963.06675922836 3881253.154049349 40.0
507963.1943187548 3881253.242879236 40.0
507963.1943187548 3881253.242879236 40.0
507963.31276133534 3881253.33170114 40.0
507963.31276133534 3881253.33170114 40.0
507963.431213624 3881253.409433286 40.0
507963.431213624 3881253.409433286 40.0
507963.5587731433 3881253.498263178 40.0
507963.5587731433 3881253.498263178 40.0
507963.6772254323 3881253.5759953274 40.0
507963.6772254323 3881253.5759953274 40.0
507963.7865607693 3881253.6537194895 40.0
507963.90501305205 3881253.731451641 40.0
507963.7865607693 3881253.6537194895 40.0
507964.023465335 3881253.809183795 40.0
507963.90501305205 3881253.731451641 40.0
507964.023465335 3881253.809183795 40.0
507964.1510248429 3881253.898013696 40.0
507964.1510248429 3881253.898013696 40.0
507964.2785843484 3881253.9868436 40.0
507964.2785843484 3881253.9868436 40.0
507964.41526079853 3881254.0756814927 40.0
507964.41526079853 3881254.0756814927 40.0
507964.570171131 3881254.1645353627 40.0
507964.570171131 3881254.1645353627 40.0
507964.72507174854 3881254.2644789955 40.0
507964.72507174854 3881254.2644789955 40.0
507964.88907959056 3881254.37552038 40.0
507964.88907959056 3881254.37552038 40.0
507965.0713213175 3881254.486577744 40.0
507965.2444460934 3881254.597627123 40.0
507965.2444460934 3881254.597627123 40.0
507965.2444460934 3881254.597627123 40.0
507965.4266878116 3881254.708684494 40.0
507965.6180464672 3881254.819749857 40.0
507965.6180464672 3881254.819749857 40.0
507965.6180464672 3881254.819749857 40.0
507965.80940512277 3881254.930815224 40.0
507965.80940512277 3881254.930815224 40.0
507965.9825298812 3881255.0418646177 40.0
507966.16478129977 3881255.1418322437 40.0
507966.16478129977 3881255.1418322437 40.0
507966.16478129977 3881255.1418322437 40.0
507966.32879882463 3881255.241783894 40.0
507966.5019332918 3881255.3417435377 40.0
507966.5019332918 3881255.3417435377 40.0
507966.6568435847 3881255.4305974436 40.0
507966.6568435847 3881255.4305974436 40.0
507966.6568435847 3881255.4305974436 40.0
507966.8026369334 3881255.5194433634 40.0
507966.8026369334 3881255.5194433634 40.0
507966.9484399962 3881255.597199524 40.0
507966.9484399962 3881255.597199524 40.0
507967.0851163938 3881255.6860374585 40.0
507967.0851163938 3881255.6860374585 40.0
507967.21269528475 3881255.752687883 40.0
507967.21269528475 3881255.752687883 40.0
507967.3311572329 3881255.81933032 40.0
507967.3311572329 3881255.81933032 40.0
507967.44050223165 3881255.8859647675 40.0
507967.44050223165 3881255.8859647675 40.0
507967.54074000806 3881255.941501465 40.0
507967.54074000806 3881255.941501465 40.0
507967.6409777856 3881255.997038164 40.0
507967.6409777856 3881255.997038164 40.0
507967.7321083345 3881256.041477114 40.0
507967.7321083345 3881256.041477114 40.0
507967.8232291645 3881256.0970058246 40.0
507967.8232291645 3881256.0970058246 40.0
507967.9143597139 3881256.1414447753 40.0
507967.9143597139 3881256.1414447753 40.0
507967.996363599 3881256.1969654965 40.0
507967.996363599 3881256.1969654965 40.0
507968.096611087 3881256.241412441 40.0
507968.096611087 3881256.241412441 40.0
507968.18773191277 3881256.2969411537 40.0
507968.18773191277 3881256.2969411537 40.0
507968.29708662507 3881256.352485851 40.0
507968.4155485552 3881256.4191283025 40.0
507968.29708662507 3881256.352485851 40.0
507968.5431274238 3881256.4857787467 40.0
507968.5431274238 3881256.4857787467 40.0
507968.5431274238 3881256.4857787467 40.0
507968.6798232376 3881256.552437185 40.0
507968.6798232376 3881256.552437185 40.0
507968.8256262678 3881256.6301933764 40.0
507968.8256262678 3881256.6301933764 40.0
507968.9805462379 3881256.7079575635 40.0
507968.9805462379 3881256.7079575635 40.0
507969.1354564856 3881256.796811513 40.0
507969.1354564856 3881256.796811513 40.0
507969.2994836725 3881256.8856734573 40.0
507969.2994836725 3881256.8856734573 40.0
507969.600196931 3881257.0522836163 40.0
507969.600196931 3881257.0522836163 40.0
507969.76422410406 3881257.1411455693 40.0
507969.9191343368 3881257.2299995315 40.0
507969.76422410406 3881257.1411455693 40.0
507970.06492762256 3881257.318845503 40.0
507970.06492762256 3881257.318845503 40.0
507970.06492762256 3881257.318845503 40.0
507970.210730631 3881257.396601719 40.0
507970.3474166955 3881257.4743499407 40.0
507970.3474166955 3881257.4743499407 40.0
507970.3474166955 3881257.4743499407 40.0
507970.47498581384 3881257.5520901717 40.0
507970.47498581384 3881257.5520901717 40.0
507970.6025549301 3881257.629830405 40.0
507970.73924098536 3881257.7075786344 40.0
507970.73924098536 3881257.7075786344 40.0
507970.8668100971 3881257.7853188706 40.0
507970.8668100971 3881257.7853188706 40.0
507970.8668100971 3881257.7853188706 40.0
507970.9852622656 3881257.8630511155 40.0
507970.9852622656 3881257.8630511155 40.0
507971.1037241564 3881257.9296936025 40.0
507971.1037241564 3881257.9296936025 40.0
507971.2312932619 3881258.007433844 40.0
507971.2312932619 3881258.007433844 40.0
507971.3497551513 3881258.0740763326 40.0
507971.3497551513 3881258.0740763326 40.0
507971.4682073096 3881258.151808583 40.0
507971.4682073096 3881258.151808583 40.0
507971.7051213521 3881258.296183329 40.0
507971.82358323195 3881258.362825824 40.0
507971.82358323195 3881258.362825824 40.0
507971.93291844416 3881258.4405500875 40.0
507971.93291844416 3881258.4405500875 40.0
507971.93291844416 3881258.4405500875 40.0
507972.04226338 3881258.507184589 40.0
507972.04226338 3881258.507184589 40.0
507972.1515985887 3881258.584908854 40.0
507972.2518265785 3881258.6515353643 40.0
507972.2518265785 3881258.6515353643 40.0
507972.2518265785 3881258.6515353643 40.0
507972.3611617859 3881258.729259631 40.0
507972.4704872608 3881258.818073659 40.0
507972.4704872608 3881258.818073659 40.0
507972.5889394044 3881258.895805925 40.0
507972.5889394044 3881258.895805925 40.0
507972.5889394044 3881258.895805925 40.0
507972.7073915437 3881258.97353819 40.0
507972.83495089674 3881259.0623682146 40.0
507972.83495089674 3881259.0623682146 40.0
507972.83495089674 3881259.0623682146 40.0
507972.962510245 3881259.151198241 40.0
507972.962510245 3881259.151198241 40.0
507973.10830347025 3881259.2400442627 40.0
507973.25408696564 3881259.3399800467 40.0
507973.10830347025 3881259.2400442627 40.0
507973.25408696564 3881259.3399800467 40.0
507973.4089873997 3881259.439923829 40.0
507973.4089873997 3881259.439923829 40.0
507973.5730047698 3881259.539875611 40.0
507973.5730047698 3881259.539875611 40.0
507973.72789546475 3881259.6509091584 40.0
507973.72789546475 3881259.6509091584 40.0
507973.88279588835 3881259.7508529485 40.0
507974.06503739796 3881259.8619104936 40.0
507973.88279588835 3881259.7508529485 40.0
507974.06503739796 3881259.8619104936 40.0
507974.2290450251 3881259.9729520483 40.0
507974.4021793132 3881260.072911842 40.0
507974.2290450251 3881259.9729520483 40.0
507974.4021793132 3881260.072911842 40.0
507974.5570797198 3881260.172855644 40.0
507974.5570797198 3881260.172855644 40.0
507974.7119801254 3881260.272799449 40.0
507974.8668902542 3881260.361653497 40.0
507974.7119801254 3881260.272799449 40.0
507975.0126834438 3881260.45049955 40.0
507975.0126834438 3881260.45049955 40.0
507975.0126834438 3881260.45049955 40.0
507975.1584863575 3881260.528255843 40.0
507975.1584863575 3881260.528255843 40.0
507975.29517233034 3881260.60600414 40.0
507975.41363415384 3881260.6726466827 40.0
507975.41363415384 3881260.6726466827 40.0
507975.41363415384 3881260.6726466827 40.0
507975.5320862482 3881260.7503789873 40.0
507975.6505480658 3881260.8170215324 40.0
507975.6505480658 3881260.8170215324 40.0
507975.6505480658 3881260.8170215324 40.0
507975.75990267826 3881260.872566321 40.0
507975.75990267826 3881260.872566321 40.0
507975.96037801617 3881260.983639903 40.0
507975.96037801617 3881260.983639903 40.0
507976.04239153897 3881261.0280709364 40.0
507976.1152978535 3881261.0614042124 40.0
507976.04239153897 3881261.0280709364 40.0
507976.1152978535 3881261.0614042124 40.0
507976.18819443695 3881261.1058272477 40.0
507976.18819443695 3881261.1058272477 40.0
507976.27020795754 3881261.150258284 40.0
507976.3431142679 3881261.1835915605 40.0
507976.27020795754 3881261.150258284 40.0
507976.3431142679 3881261.1835915605 40.0
507976.4160108493 3881261.228014597 40.0
507976.4160108493 3881261.228014597 40.0
507976.4889171609 3881261.2613478764 40.0
507976.4889171609 3881261.2613478764 40.0
507976.56181373855 3881261.3057709155 40.0
507976.6529344597 3881261.361299714 40.0
507976.6529344597 3881261.361299714 40.0
507976.6529344597 3881261.361299714 40.0
507976.7440649133 3881261.4057387547 40.0
507976.84430257446 3881261.461275556 40.0
507976.84430257446 3881261.461275556 40.0
507976.84430257446 3881261.461275556 40.0
507976.94454022974 3881261.516812359 40.0
507976.94454022974 3881261.516812359 40.0
507977.0538948259 3881261.572357162 40.0
507977.0538948259 3881261.572357162 40.0
507977.154132481 3881261.627893966 40.0
507977.154132481 3881261.627893966 40.0
507977.27260400954 3881261.6834467743 40.0
507977.27260400954 3881261.6834467743 40.0
507977.3728319301 3881261.7500733407 40.0
507977.3728319301 3881261.7500733407 40.0
507977.4821865162 3881261.80561815 40.0
507977.4821865162 3881261.80561815 40.0
507977.5915411056 3881261.8611629605 40.0
507977.700895689 3881261.9167077728 40.0
507977.700895689 3881261.9167077728 40.0
507977.700895689 3881261.9167077728 40.0
507977.79202613194 3881261.9611468227 40.0
507977.89226378064 3881262.016683635 40.0
507977.89226378064 3881262.016683635 40.0
507977.89226378064 3881262.016683635 40.0
507977.9833942193 3881262.061122689 40.0
507977.9833942193 3881262.061122689 40.0
507978.0745246594 3881262.105561742 40.0
507978.0745246594 3881262.105561742 40.0
507978.16565509856 3881262.1500007953 40.0
507978.16565509856 3881262.1500007953 40.0
507978.24766860006 3881262.1944318507 40.0
507978.24766860006 3881262.1944318507 40.0
507978.34790623875 3881262.2499686675 40.0
507978.44815361185 3881262.2944157273 40.0
507978.44815361185 3881262.2944157273 40.0
507978.5483912529 3881262.3499525473 40.0
507978.5483912529 3881262.3499525473 40.0
507978.5483912529 3881262.3499525473 40.0
507978.66685302986 3881262.4165951326 40.0
507978.66685302986 3881262.4165951326 40.0
507978.79443173937 3881262.483245721 40.0
507978.79443173937 3881262.483245721 40.0
507978.93111765414 3881262.5609940737 40.0
507978.93111765414 3881262.5609940737 40.0
507979.0860277028 3881262.6498481943 40.0
507979.0860277028 3881262.6498481943 40.0
507979.250054687 3881262.7387103196 40.0
507979.250054687 3881262.7387103196 40.0
507979.3776333901 3881262.8053609175 40.0
507979.3776333901 3881262.8053609175 40.0
507979.6236738544 3881262.9386541136 40.0
507979.7421356159 3881263.0052967127 40.0
507979.7421356159 3881263.0052967127 40.0
507979.8697045765 3881263.0830370774 40.0
507979.8697045765 3881263.0830370774 40.0
507979.8697045765 3881263.0830370774 40.0
507979.99728327245 3881263.1496876827 40.0
507980.12485222885 3881263.2274280493 40.0
507979.99728327245 3881263.1496876827 40.0
507980.12485222885 3881263.2274280493 40.0
507980.2524309186 3881263.294078659 40.0
507980.2524309186 3881263.294078659 40.0
507980.4984616211 3881263.43846164 40.0
507980.4984616211 3881263.43846164 40.0
507980.6260403052 3881263.505112254 40.0
507980.7536189874 3881263.571762872 40.0
507980.7536189874 3881263.571762872 40.0
507980.7536189874 3881263.571762872 40.0
507980.88119767 3881263.6384134903 40.0
507981.0087763485 3881263.70506411 40.0
507981.0087763485 3881263.70506411 40.0
507981.1272283533 3881263.7827964877 40.0
507981.1272283533 3881263.7827964877 40.0
507981.4099020341 3881263.727595833 40.0
507981.4099020341 3881263.727595833 40.0
507981.4099020341 3881263.727595833 40.0
507981.60133820714 3881263.7499434547 40.0
507981.60133820714 3881263.7499434547 40.0
507981.75628715905 3881263.79443858 40.0
507981.75628715905 3881263.79443858 40.0
507981.9112361118 3881263.838933709 40.0
507982.0479414527 3881263.89450259 40.0
507982.0479414527 3881263.89450259 40.0
507982.175529857 3881263.950063465 40.0
507982.0479414527 3881263.89450259 40.0
507982.175529857 3881263.950063465 40.0
507982.3122351946 3881264.0056323507 40.0
507982.3122351946 3881264.0056323507 40.0
507982.4307066631 3881264.061185224 40.0
507982.4307066631 3881264.061185224 40.0
507982.54917812545 3881264.1167381005 40.0
507982.54917812545 3881264.1167381005 40.0
507982.8952613233 3881264.527363451 40.0
507983.0228204967 3881264.6161936205 40.0
507983.0228204967 3881264.6161936205 40.0
507983.1412627357 3881264.705015783 40.0
507983.1412627357 3881264.705015783 40.0
507983.25972444844 3881264.771658429 40.0
507983.25972444844 3881264.771658429 40.0
507983.25972444844 3881264.771658429 40.0
507983.36905948597 3881264.849382829 40.0
507983.61509983666 3881264.982676134 40.0
507983.61509983666 3881264.982676134 40.0
507983.7244348686 3881265.060400538 40.0
507983.7244348686 3881265.060400538 40.0
507983.86111096264 3881265.1492387257 40.0
507983.86111096264 3881265.1492387257 40.0
507983.9886798557 3881265.2269791486 40.0
507983.9886798557 3881265.2269791486 40.0
507984.1253559446 3881265.3158173403 40.0
507984.1253559446 3881265.3158173403 40.0
507984.2529053569 3881265.415737286 40.0
507984.2529053569 3881265.415737286 40.0
507984.3895911787 3881265.4934857218 40.0
507984.3895911787 3881265.4934857218 40.0
507984.5262769981 3881265.57123416 40.0
507984.5262769981 3881265.57123416 40.0
507984.653836141 3881265.6600643503 40.0
507984.653836141 3881265.6600643503 40.0
507984.7905219557 3881265.7378127924 40.0
507984.7905219557 3881265.7378127924 40.0
507984.927207768 3881265.815561237 40.0
507984.927207768 3881265.815561237 40.0
507985.0547766473 3881265.893301674 40.0
507985.0547766473 3881265.893301674 40.0
507985.173228589 3881265.971034105 40.0
507985.173228589 3881265.971034105 40.0
507985.319050811 3881266.026611042 40.0
507985.319050811 3881266.026611042 40.0
507985.4557463564 3881266.0932697332 40.0
507985.4557463564 3881266.0932697332 40.0
507985.4557463564 3881266.0932697332 40.0
507985.58332496695 3881266.1599204196 40.0
507985.720030253 3881266.215489354 40.0
507985.58332496695 3881266.1599204196 40.0
507985.8476088599 3881266.282140044 40.0
507985.8476088599 3881266.282140044 40.0
507985.8476088599 3881266.282140044 40.0
507985.98431414017 3881266.3377089817 40.0
507985.98431414017 3881266.3377089817 40.0
507986.11189274344 3881266.404359675 40.0
507986.11189274344 3881266.404359675 40.0
507986.23948109 3881266.4599206094 40.0
507986.23948109 3881266.4599206094 40.0
507986.3761863652 3881266.515489554 40.0
507986.5037649631 3881266.5821402525 40.0
507986.3761863652 3881266.515489554 40.0
507986.5037649631 3881266.5821402525 40.0
507986.64046049153 3881266.648798961 40.0
507986.7862729525 3881266.7154656835 40.0
507986.64046049153 3881266.648798961 40.0
507986.93208540906 3881266.7821324077 40.0
507986.93208540906 3881266.7821324077 40.0
507986.93208540906 3881266.7821324077 40.0
507987.1052486622 3881266.8488231655 40.0
507987.26929498074 3881266.9155059163 40.0
507987.1052486622 3881266.8488231655 40.0
507987.26929498074 3881266.9155059163 40.0
507987.44244848227 3881266.9932864406 40.0
507987.44244848227 3881266.9932864406 40.0
507987.6064850489 3881267.071058958 40.0
507987.6064850489 3881267.071058958 40.0
507987.752297496 3881267.137725695 40.0
507987.752297496 3881267.137725695 40.0
507988.0530295683 3881267.282156948 40.0
507988.0530295683 3881267.282156948 40.0
507988.19883226126 3881267.3599134525 40.0
507988.3446349517 3881267.43766996 40.0
507988.3446349517 3881267.43766996 40.0
507988.49955457344 3881267.515434481 40.0
507988.49955457344 3881267.515434481 40.0
507988.64535725885 3881267.5931909936 40.0
507988.64535725885 3881267.5931909936 40.0
507988.64535725885 3881267.5931909936 40.0
507988.7911599441 3881267.670947506 40.0
507988.9369626245 3881267.748704023 40.0
507988.9369626245 3881267.748704023 40.0
507989.08276530245 3881267.8264605417 40.0
507989.08276530245 3881267.8264605417 40.0
507989.08276530245 3881267.8264605417 40.0
507989.2194510468 3881267.9042090503 40.0
507989.2194510468 3881267.9042090503 40.0
507989.3561465378 3881267.970867802 40.0
507989.4837153444 3881268.0486083017 40.0
507989.4837153444 3881268.0486083017 40.0
507989.6021769695 3881268.1152510303 40.0
507989.4837153444 3881268.0486083017 40.0
507989.7297555214 3881268.181901773 40.0
507989.6021769695 3881268.1152510303 40.0
507989.8573340714 3881268.2485525184 40.0
507989.8573340714 3881268.2485525184 40.0
507989.8573340714 3881268.2485525184 40.0
507989.98492236703 3881268.3041135045 40.0
507989.98492236703 3881268.3041135045 40.0
507990.12160809885 3881268.381862028 40.0
507990.12160809885 3881268.381862028 40.0
507990.2583035737 3881268.4485207913 40.0
507990.2583035737 3881268.4485207913 40.0
507990.40411597944 3881268.515187572 40.0
507990.40411597944 3881268.515187572 40.0
507990.5590258148 3881268.60404189 40.0
507990.5590258148 3881268.60404189 40.0
507990.7139453955 3881268.6818064475 40.0
507990.8597480433 3881268.7595629958 40.0
507990.7139453955 3881268.6818064475 40.0
507990.9964337608 3881268.8373115296 40.0
507990.9964337608 3881268.8373115296 40.0
507991.15136308264 3881268.9039863367 40.0
507991.15136308264 3881268.9039863367 40.0
507991.29716572317 3881268.9817428924 40.0
507991.15136308264 3881268.9039863367 40.0
507991.29716572317 3881268.9817428924 40.0
507991.4429683612 3881269.059499448 40.0
507991.4429683612 3881269.059499448 40.0
507991.5887710014 3881269.1372560086 40.0
507991.5887710014 3881269.1372560086 40.0
507991.7345736321 3881269.2150125694 40.0
507991.88949319464 3881269.2927771495 40.0
507991.88949319464 3881269.2927771495 40.0
507991.88949319464 3881269.2927771495 40.0
507992.0444225022 3881269.359451971 40.0
507992.0444225022 3881269.359451971 40.0
507992.19934205967 3881269.4372165543 40.0
507992.19934205967 3881269.4372165543 40.0
507992.34514468274 3881269.514973127 40.0
507992.34514468274 3881269.514973127 40.0
507992.49094730325 3881269.5927297007 40.0
507992.49094730325 3881269.5927297007 40.0
507992.63674992364 3881269.6704862774 40.0
507992.77344536077 3881269.737145079 40.0
507992.77344536077 3881269.737145079 40.0
507992.77344536077 3881269.737145079 40.0
507992.9101310449 3881269.8148936434 40.0
507992.9101310449 3881269.8148936434 40.0
507993.0377095511 3881269.8815444335 40.0
507993.0377095511 3881269.8815444335 40.0
507993.1652880531 3881269.9481952246 40.0
507993.1652880531 3881269.9481952246 40.0
507993.2837496243 3881270.0148380026 40.0
507993.2837496243 3881270.0148380026 40.0
507993.4022111937 3881270.0814807806 40.0
507993.4022111937 3881270.0814807806 40.0
507993.52068251313 3881270.1370338 40.0
507993.52068251313 3881270.1370338 40.0
507993.63002715044 3881270.2036685646 40.0
507993.63002715044 3881270.2036685646 40.0
507993.7302646094 3881270.2592055523 40.0
507993.83049231506 3881270.3258323027 40.0
507993.83049231506 3881270.3258323027 40.0
507993.93984670006 3881270.3813773114 40.0
507993.93984670006 3881270.3813773114 40.0
507994.05830825993 3881270.4480200987 40.0
507994.05830825993 3881270.4480200987 40.0
507994.17676981806 3881270.5146628874 40.0
507994.17676981806 3881270.5146628874 40.0
507994.17676981806 3881270.5146628874 40.0
507994.295221624 3881270.592395436 40.0
507994.42280010687 3881270.6590462467 40.0
507994.295221624 3881270.592395436 40.0
507994.42280010687 3881270.6590462467 40.0
507994.5594760101 3881270.7478845953 40.0
507994.5594760101 3881270.7478845953 40.0
507994.68703498243 3881270.8367149304 40.0
507994.8237011271 3881270.936643042 40.0
507994.68703498243 3881270.8367149304 40.0
507994.8237011271 3881270.936643042 40.0
507994.96037702216 3881271.025481398 40.0
507994.96037702216 3881271.025481398 40.0
507995.10617959616 3881271.103238014 40.0
507995.10617959616 3881271.103238014 40.0
507995.2337483144 3881271.1809785957 40.0
507995.2337483144 3881271.1809785957 40.0
507995.37043395586 3881271.2587271975 40.0
507995.37043395586 3881271.2587271975 40.0
507995.4980026673 3881271.3364677816 40.0
507995.4980026673 3881271.3364677816 40.0
507995.6255811309 3881271.403118608 40.0
507995.6255811309 3881271.403118608 40.0
507995.74403291295 3881271.4808511776 40.0
507995.74403291295 3881271.4808511776 40.0
507995.8624846907 3881271.558583749 40.0
507995.8624846907 3881271.558583749 40.0
507995.9900631485 3881271.625234579 40.0
507995.9900631485 3881271.625234579 40.0
507996.1085246771 3881271.691877394 40.0
507996.1085246771 3881271.691877394 40.0
507996.2360933762 3881271.7696179883 40.0
507996.2360933762 3881271.7696179883 40.0
507996.36367182835 3881271.8362688264 40.0
507996.36367182835 3881271.8362688264 40.0
507996.4821333538 3881271.902911644 40.0
507996.4821333538 3881271.902911644 40.0
507996.6097118023 3881271.9695624844 40.0
507996.6097118023 3881271.9695624844 40.0
507996.70992971235 3881272.047279026 40.0
507996.81015737413 3881272.1139058094 40.0
507996.70992971235 3881272.047279026 40.0
507996.91949221 3881272.191630374 40.0
507996.91949221 3881272.191630374 40.0
507996.91949221 3881272.191630374 40.0
507997.0288270394 3881272.2693549404 40.0
507997.0288270394 3881272.2693549404 40.0
507997.1381716277 3881272.335989747 40.0
507997.1381716277 3881272.335989747 40.0
507997.2566233824 3881272.4137223354 40.0
507997.38419206155 3881272.491462947 40.0
507997.38419206155 3881272.491462947 40.0
507997.52087766724 3881272.5692115817 40.0
507997.52087766724 3881272.5692115817 40.0
507997.52087766724 3881272.5692115817 40.0
507997.6575632683 3881272.646960217 40.0
507997.794258624 3881272.713619096 40.0
507997.794258624 3881272.713619096 40.0
507997.9400513896 3881272.8024655185 40.0
507997.9400513896 3881272.8024655185 40.0
507997.9400513896 3881272.8024655185 40.0
507998.08586366934 3881272.869132422 40.0
507998.08586366934 3881272.869132422 40.0
507998.2316661872 3881272.9468890885 40.0
507998.2316661872 3881272.9468890885 40.0
507998.3865856307 3881273.0246537784 40.0
507998.3865856307 3881273.0246537784 40.0
507998.54150506936 3881273.1024184716 40.0
507998.6873075795 3881273.180175146 40.0
507998.54150506936 3881273.1024184716 40.0
507998.8331100895 3881273.2579318224 40.0
507998.8331100895 3881273.2579318224 40.0
507998.8331100895 3881273.2579318224 40.0
507998.97892235307 3881273.3245987403 40.0
507999.1247346145 3881273.3912656624 40.0
507999.1247346145 3881273.3912656624 40.0
507999.1247346145 3881273.3912656624 40.0
507999.2705468762 3881273.4579325845 40.0
507999.4072422079 3881273.5245914874 40.0
507999.2705468762 3881273.4579325845 40.0
507999.53482061217 3881273.591242369 40.0
507999.53482061217 3881273.591242369 40.0
507999.53482061217 3881273.591242369 40.0
507999.67152569926 3881273.6468115156 40.0
507999.67152569926 3881273.6468115156 40.0
507999.7991040999 3881273.7134624003 40.0
507999.7991040999 3881273.7134624003 40.0
507999.91757533536 3881273.769015504 40.0
508000.0451537325 3881273.835666393 40.0
507999.91757533536 3881273.769015504 40.0
508000.0451537325 3881273.835666393 40.0
508000.1636152004 3881273.90230926 40.0
508000.2911935962 3881273.9689601525 40.0
508000.2911935962 3881273.9689601525 40.0
508000.41877198784 3881274.0356110465 40.0
508000.2911935962 3881273.9689601525 40.0
508000.41877198784 3881274.0356110465 40.0
508000.53723345266 3881274.1022539185 40.0
508000.66480208247 3881274.1799945766 40.0
508000.66480208247 3881274.1799945766 40.0
508000.7923804684 3881274.2466454757 40.0
508000.7923804684 3881274.2466454757 40.0
508000.9108419255 3881274.3132883534 40.0
508000.9108419255 3881274.3132883534 40.0
508001.0384105468 3881274.3910290166 40.0
508000.9108419255 3881274.3132883534 40.0
508001.0384105468 3881274.3910290166 40.0
508001.16598892934 3881274.45767992 40.0
508001.16598892934 3881274.45767992 40.0
508001.29355754645 3881274.535420587 40.0
508001.4120189984 3881274.6020634705 40.0
508001.4120189984 3881274.6020634705 40.0
508001.4120189984 3881274.6020634705 40.0
508001.53959737526 3881274.6687143813 40.0
508001.53959737526 3881274.6687143813 40.0
508001.65804906195 3881274.7464470267 40.0
508001.65804906195 3881274.7464470267 40.0
508001.78562743036 3881274.8130979408 40.0
508001.78562743036 3881274.8130979408 40.0
508001.90408887743 3881274.87974083 40.0
508001.90408887743 3881274.87974083 40.0
508001.9860923863 3881274.9352618605 40.0
508001.9860923863 3881274.9352618605 40.0
508002.0680958919 3881274.9907828905 40.0
508002.15922608506 3881275.035222188 40.0
508002.0680958919 3881274.9907828905 40.0
508002.24122959096 3881275.0907432185 40.0
508002.24122959096 3881275.0907432185 40.0
508002.3232428584 3881275.1351744905 40.0
508002.3232428584 3881275.1351744905 40.0
508002.3232428584 3881275.1351744905 40.0
508002.4963667892 3881275.246224583 40.0
508002.4963667892 3881275.246224583 40.0
508002.5692728908 3881275.2795580723 40.0
508002.63305230765 3881275.3239732943 40.0
508002.63305230765 3881275.3239732943 40.0
508002.63305230765 3881275.3239732943 40.0
508002.7150655711 3881275.3684045724 40.0
508002.79707883135 3881275.412835849 40.0
508002.7150655711 3881275.3684045724 40.0
508002.79707883135 3881275.412835849 40.0
508002.88819925353 3881275.468364912 40.0
508002.88819925353 3881275.468364912 40.0
508002.98843659804 3881275.5239020027 40.0
508002.98843659804 3881275.5239020027 40.0
508003.09779086476 3881275.5794471223 40.0
508003.09779086476 3881275.5794471223 40.0
508003.21625228995 3881275.6460900297 40.0
508003.34383063664 3881275.7127409657 40.0
508003.34383063664 3881275.7127409657 40.0
508003.48965259414 3881275.7683181954 40.0
508003.34383063664 3881275.7127409657 40.0
508003.48965259414 3881275.7683181954 40.0
508003.6354647834 3881275.83498519 40.0
508003.6354647834 3881275.83498519 40.0
508003.7903841294 3881275.912749973 40.0
508003.7903841294 3881275.912749973 40.0
508003.95442039805 3881275.990522786 40.0
508003.95442039805 3881275.990522786 40.0
508004.1275735845 3881276.06830363 40.0
508004.1275735845 3881276.06830363 40.0
508004.3007170054 3881276.157174237 40.0
508004.3007170054 3881276.157174237 40.0
508004.4738604229 3881276.246044847 40.0
508004.4738604229 3881276.246044847 40.0
508004.656110992 3881276.34601325 40.0
508004.656110992 3881276.34601325 40.0
508004.847478482 3881276.445989684 40.0
508004.847478482 3881276.445989684 40.0
508005.00239780726 3881276.5237544887 40.0
508005.00239780726 3881276.5237544887 40.0
508005.1573073662 3881276.612609055 40.0
508005.1573073662 3881276.612609055 40.0
508005.3213533744 3881276.679292133 40.0
508005.3213533744 3881276.679292133 40.0
508005.4762629276 3881276.7681467053 40.0
508005.6311822443 3881276.8459115205 40.0
508005.6311822443 3881276.8459115205 40.0
508005.76786771184 3881276.9236602793 40.0
508005.76786771184 3881276.9236602793 40.0
508005.76786771184 3881276.9236602793 40.0
508005.913679866 3881276.99032731 40.0
508006.04124840704 3881277.0680680424 40.0
508006.04124840704 3881277.0680680424 40.0
508006.1688169459 3881277.1458087787 40.0
508006.1688169459 3881277.1458087787 40.0
508006.29639525234 3881277.212459756 40.0
508006.29639525234 3881277.212459756 40.0
508006.4148566328 3881277.279102705 40.0
508006.4148566328 3881277.279102705 40.0
508006.4148566328 3881277.279102705 40.0
508006.5333180093 3881277.3457456557 40.0
508006.5333180093 3881277.3457456557 40.0
508006.6517793886 3881277.412388607 40.0
508006.6517793886 3881277.412388607 40.0
508006.7702407639 3881277.479031561 40.0
508006.7702407639 3881277.479031561 40.0
508006.88870213745 3881277.5456745164 40.0
508006.88870213745 3881277.5456745164 40.0
508006.9980563561 3881277.6012196834 40.0
508006.9980563561 3881277.6012196834 40.0
508007.1165177287 3881277.6678626416 40.0
508007.1165177287 3881277.6678626416 40.0
508007.23497909494 3881277.734505601 40.0
508007.23497909494 3881277.734505601 40.0
508007.3443235406 3881277.801140532 40.0
508007.3443235406 3881277.801140532 40.0
508007.4536777534 3881277.856685702 40.0
508007.5630319648 3881277.912230876 40.0
508007.5630319648 3881277.912230876 40.0
508007.5630319648 3881277.912230876 40.0
508007.663269254 3881277.967768018 40.0
508007.663269254 3881277.967768018 40.0
508007.75438962085 3881278.023297132 40.0
508007.84550998436 3881278.0788262454 40.0
508007.84550998436 3881278.0788262454 40.0
508007.84550998436 3881278.0788262454 40.0
508007.93664011837 3881278.1232656003 40.0
508007.93664011837 3881278.1232656003 40.0
508008.02777025383 3881278.1677049547 40.0
508008.02777025383 3881278.1677049547 40.0
508008.1188906165 3881278.2232340723 40.0
508008.1188906165 3881278.2232340723 40.0
508008.2191376662 3881278.2676814613 40.0
508008.2191376662 3881278.2676814613 40.0
508008.3102580267 3881278.3232105803 40.0
508008.3102580267 3881278.3232105803 40.0
508008.4196219996 3881278.367666002 40.0
508008.4196219996 3881278.367666002 40.0
508008.5198592762 3881278.423203156 40.0
508008.62922324456 3881278.467658581 40.0
508008.62922324456 3881278.467658581 40.0
508008.74769436195 3881278.5232118005 40.0
508008.62922324456 3881278.467658581 40.0
508008.74769436195 3881278.5232118005 40.0
508008.8479414076 3881278.5676591955 40.0
508008.8479414076 3881278.5676591955 40.0
508008.92995461146 3881278.612090528 40.0
508008.92995461146 3881278.612090528 40.0
508009.02108473255 3881278.656529894 40.0
508009.02108473255 3881278.656529894 40.0
508009.2124521284 3881278.756506421 40.0
508009.2124521284 3881278.756506421 40.0
508009.30359202 3881278.7898560297 40.0
508009.38560521964 3881278.8342873654 40.0
508009.38560521964 3881278.8342873654 40.0
508009.458511265 3881278.867620909 40.0
508009.458511265 3881278.867620909 40.0
508009.5314173167 3881278.9009544537 40.0
508009.5314173167 3881278.9009544537 40.0
508009.6043233656 3881278.9342879993 40.0
508009.5314173167 3881278.9009544537 40.0
508009.6043233656 3881278.9342879993 40.0
508009.6681124916 3881278.9676135113 40.0
508009.6681124916 3881278.9676135113 40.0
508009.741028311 3881278.989857298 40.0
508009.7957005162 3881279.0231747786 40.0
508009.7957005162 3881279.0231747786 40.0
508009.4767353363 3881278.8787267352 40.0
508009.4767353363 3881278.8787267352 40.0
508009.4767353363 3881278.8787267352 40.0
508009.4129462067 3881278.845401224 40.0
508009.3947221375 3881278.834295398 40.0
508009.3947221375 3881278.834295398 40.0
508009.3947221375 3881278.834295398 40.0
508009.3764882972 3881278.834279333 40.0
508009.3764882972 3881278.834279333 40.0
508009.3764882972 3881278.834279333 40.0
508009.3764882972 3881278.834279333 40.0
508009.367371377 3881278.8342712997 40.0
508009.367371377 3881278.8342712997 40.0
508009.367371377 3881278.8342712997 40.0
508009.35825445683 3881278.834263267 40.0
508009.35825445683 3881278.834263267 40.0
508009.3491473078 3881278.823165475 40.0
508009.3491473078 3881278.823165475 40.0
508009.3491473078 3881278.823165475 40.0
508009.3400303876 3881278.8231574423 40.0
508009.3400303876 3881278.8231574423 40.0
508009.3309134651 3881278.8231494096 40.0
508009.32179654494 3881278.8231413765 40.0
508009.32179654494 3881278.8231413765 40.0
508009.32179654494 3881278.8231413765 40.0
508009.3126893958 3881278.8120435816 40.0
508009.3126893958 3881278.8120435816 40.0
508009.30357247795 3881278.812035549 40.0
508009.29445555777 3881278.8120275163 40.0
508009.29445555777 3881278.8120275163 40.0
508009.29445555777 3881278.8120275163 40.0
508009.2853484063 3881278.800929724 40.0
508009.2671145659 3881278.8009136585 40.0
508009.2671145659 3881278.8009136585 40.0
508009.2580074167 3881278.789815866 40.0
508009.2580074167 3881278.789815866 40.0
508009.2580074167 3881278.789815866 40.0
508009.24889049644 3881278.7898078333 40.0
508009.24889049644 3881278.7898078333 40.0
508009.2397833449 3881278.77871004 40.0
508009.2397833449 3881278.77871004 40.0
508009.230666427 3881278.778702007 40.0
508009.230666427 3881278.778702007 40.0
508009.230666427 3881278.778702007 40.0
