507880.1764884552	3881462.257052709	80
507880.1764884552	3881462.257052709	80
507880.1856051911	3881462.257060612	80
507880.1856051911	3881462.257060612	80
507880.1856051911	3881462.257060612	80
507880.1856051911	3881462.257060612	80
507880.1856051911	3881462.257060612	80
507880.1856051911	3881462.257060612	80
507880.185595577	3881462.268150376	80
507880.185595577	3881462.268150376	80
507880.1855859629	3881462.2792401374	80
507880.1855859629	3881462.2792401374	80
507880.1946834683	3881462.301427569	80
507880.2037809783	3881462.323614998	80
507880.2037809783	3881462.323614998	80
507880.2311119577	3881462.345818235	80
507880.2311119577	3881462.345818235	80
507880.2584237109	3881462.390200998	80
507880.2311119577	3881462.345818235	80
507880.2948618115	3881462.423501903	80
507880.2948618115	3881462.423501903	80
507880.30396893306	3881462.434599571	80
507880.30396893306	3881462.434599571	80
507880.32218317606	3881462.456794904	80
507880.32218317606	3881462.456794904	80
507880.29490988265	3881462.368053088	80
507880.29490988265	3881462.368053088	80
507880.29490988265	3881462.368053088	80
507880.34954299766	3881462.445728853	80
507880.34954299766	3881462.445728853	80
507880.3586308905	3881462.479006045	80
507880.3586308905	3881462.479006045	80
507880.3859330283	3881462.5344785727	80
507880.4040799703	3881462.634302248	80
507880.3859330283	3881462.5344785727	80
507880.4040799703	3881462.634302248	80
507880.4404892262	3881462.700872444	80
507880.4404892262	3881462.700872444	80
507880.4768984839	3881462.7674426367	80
507880.4768984839	3881462.7674426367	80
507880.5133173532	3881462.822923069	80
507880.5133173532	3881462.822923069	80
507880.54972660745	3881462.889493263	80
507880.54972660745	3881462.889493263	80
507880.5952525988	3881462.9560713614	80
507880.5952525988	3881462.9560713614	80
507880.6316714643	3881463.011551793	80
507880.6316714643	3881463.011551793	80
507880.7500928787	3881463.122552179	80
507880.7500928787	3881463.122552179	80
507880.8684854431	3881463.266821853	80
507880.8684854431	3881463.266821853	80
507880.89577795815	3881463.333384146	80
507880.89577795815	3881463.333384146	80
507880.9412943274	3881463.4110520096	80
507880.9412943274	3881463.4110520096	80
507880.9959370503	3881463.477638016	80
507880.9959370503	3881463.477638016	80
507881.0141128268	3881463.544192403	80
507881.0141128268	3881463.544192403	80
507881.0505028465	3881463.632942126	80
507881.0505028465	3881463.632942126	80
507881.0869024784	3881463.710602087	80
507881.0869024784	3881463.710602087	80
507881.14153558086	3881463.788277856	80
507881.14153558086	3881463.788277856	80
507881.17793521134	3881463.865937816	80
507881.17793521134	3881463.865937816	80
507881.241685044	3881463.9436214906	80
507881.241685044	3881463.9436214906	80
507881.3054252625	3881464.032394929	80
507881.3054252625	3881464.032394929	80
507881.3691847085	3881464.0989888418	80
507881.3691847085	3881464.0989888418	80
507881.43278069247	3881464.354108728	80
507881.43278069247	3881464.354108728	80
507881.48741378577	3881464.431784499	80
507881.48741378577	3881464.431784499	80
507881.5238134107	3881464.50944446	80
507881.5238134107	3881464.50944446	80
507881.5784368888	3881464.5982099967	80
507881.5784368888	3881464.5982099967	80
507881.6330603635	3881464.6869755294	80
507881.6330603635	3881464.6869755294	80
507881.6512169057	3881464.775709448	80
507881.6512169057	3881464.775709448	80
507881.7514625095	3881464.820155456	80
507881.7514625095	3881464.820155456	80
507881.7787453996	3881464.8978075143	80
507881.7787453996	3881464.8978075143	80
507881.8060379008	3881464.964369809	80
507881.860680608	3881465.0309558194	80
507881.860680608	3881465.0309558194	80
507881.860680608	3881465.0309558194	80
507881.9153233097	3881465.097541832	80
507881.9153233097	3881465.097541832	80
507881.9699563944	3881465.175217606	80
507882.0337062135	3881465.252901286	80
507881.9699563944	3881465.175217606	80
507882.0337062135	3881465.252901286	80
507882.0792225656	3881465.330569156	80
507882.0792225656	3881465.330569156	80
507882.1247389147	3881465.408237026	80
507882.1247389147	3881465.408237026	80
507882.1702648796	3881465.474815132	80
507882.2066644945	3881465.552475098	80
507882.1702648796	3881465.474815132	80
507882.2066644945	3881465.552475098	80
507882.2794541081	3881465.71888479	80
507882.2794541081	3881465.71888479	80
507882.31585372105	3881465.796544756	80
507882.2884554404	3881465.851969854	80
507882.2884554404	3881465.851969854	80
507882.2884554404	3881465.851969854	80
507882.3339814018	3881465.918547962	80
507882.3339814018	3881465.918547962	80
507882.3886240994	3881465.985133976	80
507882.3886240994	3881465.985133976	80
507882.4432667916	3881466.051719991	80
507882.4432667916	3881466.051719991	80
507882.5070165981	3881466.129403675	80
507882.5707664058	3881466.207087359	80
507882.5070165981	3881466.129403675	80
507882.5707664058	3881466.207087359	80
507882.6618087055	3881466.351333341	80
507882.6618087055	3881466.351333341	80
507882.6982083127	3881466.428993308	80
507882.7345983043	3881466.5177430375	80
507882.6982083127	3881466.428993308	80
507882.7345983043	3881466.5177430375	80
507882.7709979079	3881466.595403005	80
507882.7709979079	3881466.595403005	80
507882.80739751545	3881466.6730629727	80
507882.80739751545	3881466.6730629727	80
507882.8529138516	3881466.7507308456	80
507882.8529138516	3881466.7507308456	80
507882.8984301869	3881466.82839872	80
507882.8984301869	3881466.82839872	80
507882.9439561413	3881466.894976831	80
507882.9439561413	3881466.894976831	80
507882.9894724751	3881466.972644706	80
507882.9894724751	3881466.972644706	80
507883.0532222728	3881467.0503283935	80
507883.0532222728	3881467.0503283935	80
507883.1624884005	3881467.205679957	80
507883.1624884005	3881467.205679957	80
507883.2535018295	3881467.383195234	80
507883.2535018295	3881467.383195234	80
507883.3445344861	3881467.5385309863	80
507883.3445344861	3881467.5385309863	80
507883.4264600272	3881467.6827690704	80
507883.4628692429	3881467.749339277	80
507883.4628692429	3881467.749339277	80
507883.4628692429	3881467.749339277	80
507883.56303786143	3881467.882503412	80
507883.56303786143	3881467.882503412	80
507883.6176709176	3881467.960179198	80
507883.6176709176	3881467.960179198	80
507883.6723328256	3881468.004585693	80
507883.6723328256	3881468.004585693	80
507883.74521857727	3881468.060097767	80
507883.74521857727	3881468.060097767	80
507883.8089683585	3881468.1377814594	80
507883.8089683585	3881468.1377814594	80
507883.881834871	3881468.215473061	80
507883.9364775388	3881468.282059083	80
507883.881834871	3881468.215473061	80
507883.9364775388	3881468.282059083	80
507883.9911202081	3881468.348645108	80
507883.9911202081	3881468.348645108	80
507884.0548796064	3881468.415239039	80
507884.0548796064	3881468.415239039	80
507884.1004151609	3881468.4707273934	80
507884.1004151609	3881468.4707273934	80
507884.1550674445	3881468.526223655	80
507884.1550674445	3881468.526223655	80
507884.22795318905	3881468.581735734	80
507884.22795318905	3881468.581735734	80
507884.2917318199	3881468.62615014	80
507884.2917318199	3881468.62615014	80
507884.34637448686	3881468.692736165	80
507884.34637448686	3881468.692736165	80
507884.4101434971	3881468.748240336	80
507884.4101434971	3881468.748240336	80
507884.47391250887	3881468.803744508	80
507884.47391250887	3881468.803744508	80
507884.5467982469	3881468.859256589	80
507884.5467982469	3881468.859256589	80
507884.6196936059	3881468.903678905	80
507884.6196936059	3881468.903678905	80
507884.7016960738	3881468.959198894	80
507884.8383508169	3881469.070215149	80
507884.8383508169	3881469.070215149	80
507884.8838671236	3881469.1478830334	80
507884.8838671236	3881469.1478830334	80
507884.8838671236	3881469.1478830334	80
507884.9476361274	3881469.203387209	80
507885.0022787861	3881469.26997324	80
507885.0022787861	3881469.26997324	80
507885.0022499261	3881469.303242529	80
507885.0022499261	3881469.303242529	80
507885.0933979773	3881469.3255011407	80
507885.0933979773	3881469.3255011407	80
507885.0933979773	3881469.3255011407	80
507885.2027698631	3881469.358865334	80
507885.24831502617	3881469.40326393	80
507885.24831502617	3881469.40326393	80
507885.321200757	3881469.458776016	80
507885.321200757	3881469.458776016	80
507885.321200757	3881469.458776016	80
507885.3940961074	3881469.50319834	80
507885.3940961074	3881469.50319834	80
507885.4760985629	3881469.558718336	80
507885.4760985629	3881469.558718336	80
507885.5398771831	3881469.603132753	80
507885.5398771831	3881469.603132753	80
507885.60364617966	3881469.658636932	80
507885.60364617966	3881469.658636932	80
507885.6582888308	3881469.7252229657	80
507885.6582888308	3881469.7252229657	80
507885.71295071824	3881469.769629474	80
507885.7767197126	3881469.825133654	80
507885.71295071824	3881469.769629474	80
507885.7767197126	3881469.825133654	80
507885.8313816012	3881469.869540163	80
507885.8313816012	3881469.869540163	80
507885.8951409753	3881469.9361341074	80
507885.958929212	3881469.969458764	80
507885.958929212	3881469.969458764	80
507885.958929212	3881469.969458764	80
507886.0227078247	3881470.0138731822	80
507886.0227078247	3881470.0138731822	80
507886.0864960581	3881470.047197839	80
507886.0864960581	3881470.047197839	80
507886.1502650505	3881470.1027020216	80
507886.1502650505	3881470.1027020216	80
507886.2231700133	3881470.136034589	80
507886.2231700133	3881470.136034589	80
507886.30517245794	3881470.191554593	80
507886.30517245794	3881470.191554593	80
507886.3870305785	3881470.413421048	80
507886.3870305785	3881470.413421048	80
507886.4963254743	3881470.535503362	80
507886.5509777332	3881470.590999637	80
507886.5509777332	3881470.590999637	80
507886.5509777332	3881470.590999637	80
507886.5965132615	3881470.646488005	80
507886.5965132615	3881470.646488005	80
507886.72403198446	3881470.7796759047	80
507886.72403198446	3881470.7796759047	80
507886.7969273174	3881470.82409824	80
507886.7969273174	3881470.82409824	80
507886.8606962977	3881470.879602429	80
507886.8606962977	3881470.879602429	80
507886.91533893	3881470.946188471	80
507887.0428672665	3881471.0682866126	80
507887.0428672665	3881471.0682866126	80
507887.0428672665	3881471.0682866126	80
507887.1339094463	3881471.212532641	80
507887.2067374149	3881471.3345833216	80
507887.2067374149	3881471.3345833216	80
507887.2795750044	3881471.44554424	80
507887.2795750044	3881471.44554424	80
507887.32509127824	3881471.5232121367	80
507887.32509127824	3881471.5232121367	80
507887.3797339009	3881471.589798181	80
507887.3797339009	3881471.589798181	80
507887.3797339009	3881471.589798181	80
507887.4252597985	3881471.656376316	80
507887.4525426172	3881471.734028392	80
507887.4525426172	3881471.734028392	80
507887.4889517871	3881471.800598616	80
507887.4889517871	3881471.800598616	80
507887.4889517871	3881471.800598616	80
507887.5435655376	3881471.90045395	80
507887.5435655376	3881471.90045395	80
507887.57996508304	3881471.978113937	80
507887.6437051808	3881472.066887421	80
507887.57996508304	3881471.978113937	80
507887.6437051808	3881472.066887421	80
507887.6801047224	3881472.1445474094	80
507887.6801047224	3881472.1445474094	80
507887.72562099167	3881472.222215309	80
507887.72562099167	3881472.222215309	80
507887.7802539837	3881472.299891119	80
507887.7802539837	3881472.299891119	80
507887.8166535233	3881472.377551106	80
507887.8166535233	3881472.377551106	80
507887.8621697903	3881472.455219007	80
507887.8621697903	3881472.455219007	80
507887.90768605407	3881472.5328869065	80
507887.90768605407	3881472.5328869065	80
507887.9440952175	3881472.5994571326	80
507887.9440952175	3881472.5994571326	80
507887.98048513074	3881472.688206885	80
507887.98048513074	3881472.688206885	80
507888.0260110161	3881472.7547850218	80
507888.0260110161	3881472.7547850218	80
507888.0806440048	3881472.832460833	80
507888.1170339157	3881472.921210586	80
507888.0806440048	3881472.832460833	80
507888.1170339157	3881472.921210586	80
507888.1716572764	3881473.0099761616	80
507888.1716572764	3881473.0099761616	80
507888.2354069897	3881473.087659888	80
507888.2354069897	3881473.087659888	80
507888.2626994188	3881473.1542222025	80
507888.2626994188	3881473.1542222025	80
507888.27172953007	3881473.2540379832	80
507888.27172953007	3881473.2540379832	80
507888.3263721354	3881473.3206240335	80
507888.3263721354	3881473.3206240335	80
507888.37186914496	3881473.420471464	80
507888.4265021243	3881473.498147278	80
507888.37186914496	3881473.420471464	80
507888.4265021243	3881473.498147278	80
507888.4811351028	3881473.575823093	80
507888.4811351028	3881473.575823093	80
507888.5448655584	3881473.6756863454	80
507888.5448655584	3881473.6756863454	80
507888.5721483637	3881473.753338427	80
507888.5721483637	3881473.753338427	80
507888.6085478883	3881473.830998417	80
507888.6085478883	3881473.830998417	80
507888.6540448922	3881473.930845848	80
507888.6540448922	3881473.930845848	80
507888.7086586193	3881474.03070119	80
507888.7086586193	3881474.03070119	80
507888.7359221706	3881474.130532797	80
507888.79054552026	3881474.2192983767	80
507888.7359221706	3881474.130532797	80
507888.79054552026	3881474.2192983767	80
507888.81781869486	3881474.3080402217	80
507888.81781869486	3881474.3080402217	80
507888.8542278421	3881474.3746104506	80
507888.8997344631	3881474.463368119	80
507888.8997344631	3881474.463368119	80
507888.8997344631	3881474.463368119	80
507888.94525071024	3881474.5410360233	80
507888.94525071024	3881474.5410360233	80
507888.98166948056	3881474.5965164914	80
507888.98166948056	3881474.5965164914	80
507889.0089619042	3881474.6630788087	80
507889.1912097535	3881474.7630449296	80
507889.0089619042	3881474.6630788087	80
507889.16372482944	3881474.9182778792	80
507889.1912097535	3881474.7630449296	80
507889.16372482944	3881474.9182778792	80
507889.3732747147	3881475.073716559	80
507889.2910220739	3881475.306530373	80
507889.2910220739	3881475.306530373	80
507889.3728704498	3881475.53948662	80
507889.3728704498	3881475.53948662	80
507889.4092410887	3881475.650415904	80
507889.4092410887	3881475.650415904	80
507889.4092410887	3881475.650415904	80
507889.44563097536	3881475.739165663	80
507889.4728752625	3881475.861176798	80
507889.4728752625	3881475.861176798	80
507889.5091496414	3881476.083003717	80
507889.5091496414	3881476.083003717	80
507889.5091496414	3881476.083003717	80
507889.52729645575	3881476.1828274135	80
507889.5636767135	3881476.282666937	80
507889.5636767135	3881476.282666937	80
507889.57270680496	3881476.382482719	80
507889.57270680496	3881476.382482719	80
507889.5908536203	3881476.482306416	80
507889.5908536203	3881476.482306416	80
507889.5908536203	3881476.482306416	80
507889.6181171569	3881476.582138026	80
507889.6181171569	3881476.582138026	80
507889.6271568731	3881476.6708640456	80
507889.6271568731	3881476.6708640456	80
507889.6726442235	3881476.781801244	80
507889.6726442235	3881476.781801244	80
507889.681683939	3881476.8705272656	80
507889.681683939	3881476.8705272656	80
507889.6998500014	3881476.948171436	80
507889.6998500014	3881476.948171436	80
507889.727113533	3881477.048003045	80
507889.727113533	3881477.048003045	80
507889.7543578147	3881477.1700141816	80
507889.7907284378	3881477.280943469	80
507889.7907284378	3881477.280943469	80
507889.7907284378	3881477.280943469	80
507889.8179823438	3881477.3918648423	80
507889.8452362492	3881477.502786216	80
507889.8452362492	3881477.502786216	80
507889.881626124	3881477.591535978	80
507889.881626124	3881477.591535978	80
507889.9088896517	3881477.691367588	80
507889.9088896517	3881477.691367588	80
507889.9543866196	3881477.791215025	80
507889.9543866196	3881477.791215025	80
507890.0180400202	3881477.979796397	80
507890.0180400202	3881477.979796397	80
507890.0817704256	3881478.079659663	80
507890.0817704256	3881478.079659663	80
507890.0817704256	3881478.079659663	80
507890.1181410457	3881478.190588951	80
507890.1545405415	3881478.268248949	80
507890.1545405415	3881478.268248949	80
507890.2181939322	3881478.456830322	80
507890.2181939322	3881478.456830322	80
507890.2454767088	3881478.534482407	80
507890.2454767088	3881478.534482407	80
507890.2909736687	3881478.634329848	80
507890.2909736687	3881478.634329848	80
507890.2909736687	3881478.634329848	80
507890.3364706299	3881478.7341772863	80
507890.3364706299	3881478.7341772863	80
507890.363743778	3881478.822919135	80
507890.363743778	3881478.822919135	80
507890.4001336402	3881478.911668898	80
507890.4001336402	3881478.911668898	80
507890.4456305989	3881479.011516338	80
507890.4456305989	3881479.011516338	80
507890.5093609924	3881479.111379609	80
507890.5093609924	3881479.111379609	80
507890.5184295776	3881479.1668363377	80
507890.5275174163	3881479.200113542	80
507890.5275174163	3881479.200113542	80
507890.5275174163	3881479.200113542	80
507890.6550359613	3881479.3333015	80
507890.6550359613	3881479.3333015	80
507890.66405641305	3881479.4442070494	80
507890.66405641305	3881479.4442070494	80
507890.6822320888	3881479.510761459	80
507890.6822320888	3881479.510761459	80
507890.7094763501	3881479.632772598	80
507890.7094763501	3881479.632772598	80
507890.7367302332	3881479.743693974	80
507890.7367302332	3881479.743693974	80
507890.7640033743	3881479.8324358254	80
507890.8095099491	3881479.9211935033	80
507890.8095099491	3881479.9211935033	80
507890.8641332435	3881480.009959097	80
507890.8641332435	3881480.009959097	80
507890.9278636277	3881480.109822369	80
507890.9278636277	3881480.109822369	80
507890.9278636277	3881480.109822369	80
507890.98247729015	3881480.2096777256	80
507891.018857518	3881480.309517256	80
507891.018857518	3881480.309517256	80
507891.05524737015	3881480.398267022	80
507891.05524737015	3881480.398267022	80
507891.05524737015	3881480.398267022	80
507891.064277441	3881480.498082805	80
507891.1280174448	3881480.586856316	80
507891.1280174448	3881480.586856316	80
507891.1280174448	3881480.586856316	80
507891.1461642344	3881480.6866800166	80
507891.1461642344	3881480.6866800166	80
507891.2098946084	3881480.786543291	80
507891.2098946084	3881480.786543291	80
507891.2371677418	3881480.8752851407	80
507891.2371677418	3881480.8752851407	80
507891.29178139626	3881480.9751405	80
507891.29178139626	3881480.9751405	80
507891.3281616152	3881481.074980032	80
507891.3281616152	3881481.074980032	80
507891.3827945255	3881481.1526558646	80
507891.3827945255	3881481.1526558646	80
507891.4373985488	3881481.263600989	80
507891.4373985488	3881481.263600989	80
507891.546741386	3881481.3302345495	80
507891.546741386	3881481.3302345495	80
507891.5922286918	3881481.4411717593	80
507891.5922286918	3881481.4411717593	80
507891.6468519671	3881481.5299373567	80
507891.6468519671	3881481.5299373567	80
507891.68324180815	3881481.618687125	80
507891.7105630755	3881481.651980161	80
507891.7105630755	3881481.651980161	80
507891.874519549	3881481.818469089	80
507891.874519549	3881481.818469089	80
507891.874519549	3881481.818469089	80
507891.8744040079	3881481.9515462494	80
507891.8744040079	3881481.9515462494	80
507891.9290176511	3881482.051401613	80
507891.9290176511	3881482.051401613	80
507892.0200307571	3881482.228916985	80
507892.0200307571	3881482.228916985	80
507892.10192714375	3881482.40642444	80
507892.10192714375	3881482.40642444	80
507892.2386201095	3881482.473081756	80
507892.2294167317	3881482.5728817102	80
507892.2386201095	3881482.473081756	80
507892.2749232807	3881482.661639398	80
507892.2749232807	3881482.661639398	80
507892.2749232807	3881482.661639398	80
507892.3204298288	3881482.750397085	80
507892.3204298288	3881482.750397085	80
507892.3750530891	3881482.8391626873	80
507892.420550004	3881482.939010138	80
507892.3750530891	3881482.8391626873	80
507892.420550004	3881482.939010138	80
507892.4751636353	3881483.038865505	80
507892.4751636353	3881483.038865505	80
507892.5206798065	3881483.11653343	80
507892.56619597686	3881483.1942013535	80
507892.5206798065	3881483.11653343	80
507892.56619597686	3881483.1942013535	80
507892.6208192344	3881483.282966958	80
507892.7482991733	3881483.4605140006	80
507892.7482991733	3881483.4605140006	80
507892.7482991733	3881483.4605140006	80
507892.8666720224	3881483.626963366	80
507892.81176951394	3881483.8598009	80
507892.81176951394	3881483.8598009	80
507892.8663927627	3881483.9485665066	80
507892.8663927627	3881483.9485665066	80
507892.8663927627	3881483.9485665066	80
507892.89364661096	3881484.0594878905	80
507892.89364661096	3881484.0594878905	80
507892.9209197133	3881484.148229749	80
507892.9209197133	3881484.148229749	80
507892.9664455072	3881484.214807912	80
507892.9664455072	3881484.214807912	80
507893.0575933894	3881484.2370666033	80
507893.0575933894	3881484.2370666033	80
507892.88433730346	3881484.281275245	80
507892.98456338	3881484.3479009066	80
507892.88433730346	3881484.281275245	80
507893.02097245626	3881484.414471154	80
507892.98456338	3881484.3479009066	80
507893.02097245626	3881484.414471154	80
507893.130305614	3881484.492194497	80
507893.130305614	3881484.492194497	80
507893.1940648318	3881484.558788494	80
507893.1940648318	3881484.558788494	80
507893.2486977028	3881484.636464339	80
507893.2486977028	3881484.636464339	80
507893.294194599	3881484.7363117943	80
507893.294194599	3881484.7363117943	80
507893.3488274703	3881484.8139876407	80
507893.3488274703	3881484.8139876407	80
507893.4034507081	3881484.902753251	80
507893.4034507081	3881484.902753251	80
507893.43070454686	3881485.013674636	80
507893.4762110696	3881485.1024323297	80
507893.43070454686	3881485.013674636	80
507893.4762110696	3881485.1024323297	80
507893.5308246739	3881485.202287702	80
507893.5672241146	3881485.279947716	80
507893.5308246739	3881485.202287702	80
507893.5672241146	3881485.279947716	80
507893.64007114473	3881485.379818924	80
507893.64007114473	3881485.379818924	80
507893.7038014583	3881485.479682216	80
507893.7584054294	3881485.590627356	80
507893.7584054294	3881485.590627356	80
507893.8221453711	3881485.679400885	80
507893.8221453711	3881485.679400885	80
507893.9496156218	3881485.868037707	80
507893.9496156218	3881485.868037707	80
507894.0407153296	3881485.945745228	80
507894.0407153296	3881485.945745228	80
507893.9585686074	3881486.0565716056	80
507893.9585686074	3881486.0565716056	80
507893.9585686074	3881486.0565716056	80
507894.0405034458	3881486.1897200258	80
507894.0405034458	3881486.1897200258	80
507894.0677765351	3881486.2784618856	80
507894.0677765351	3881486.2784618856	80
507894.1223901259	3881486.378317264	80
507894.1223901259	3881486.378317264	80
507894.1679062662	3881486.455985197	80
507894.1679062662	3881486.455985197	80
507894.22253911966	3881486.533661048	80
507894.33185297874	3881486.633563933	80
507894.33185297874	3881486.633563933	80
507894.33185297874	3881486.633563933	80
507894.359135693	3881486.711216033	80
507894.359135693	3881486.711216033	80
507894.4137396487	3881486.8221611744	80
507894.4137396487	3881486.8221611744	80
507894.4501294415	3881486.910910955	80
507894.5229764488	3881487.01078217	80
507894.5229764488	3881487.01078217	80
507894.559356608	3881487.110621715	80
507894.559356608	3881487.110621715	80
507894.559356608	3881487.110621715	80
507894.58662968944	3881487.199363577	80
507894.58662968944	3881487.199363577	80
507894.6321169263	3881487.310300803	80
507894.6321169263	3881487.310300803	80
507894.7140999006	3881487.388000412	80
507894.7140999006	3881487.388000412	80
507894.7869854293	3881487.443512576	80
507894.7869854293	3881487.443512576	80
507894.85981316445	3881487.565563322	80
507895.0329632445	3881487.643342118	80
507895.0329632445	3881487.643342118	80
507895.0967031593	3881487.7321156566	80
507895.0967031593	3881487.7321156566	80
507895.0967031593	3881487.7321156566	80
507895.1331122065	3881487.798685912	80
507895.2059399342	3881487.92073666	80
507895.2059399342	3881487.92073666	80
507895.3152056025	3881488.076088376	80
507895.3152056025	3881488.076088376	80
507895.3152056025	3881488.076088376	80
507895.378935881	3881488.1759516806	80
507895.4153063933	3881488.286880993	80
507895.4153063933	3881488.286880993	80
507895.4425601949	3881488.397802384	80
507895.4153063933	3881488.286880993	80
507895.4425601949	3881488.397802384	80
507895.4880763138	3881488.475470324	80
507895.4880763138	3881488.475470324	80
507895.5609232972	3881488.575341549	80
507895.5609232972	3881488.575341549	80
507895.6064394165	3881488.6530094896	80
507895.6064394165	3881488.6530094896	80
507895.7248217785	3881488.808369129	80
507895.78854241176	3881488.919322199	80
507895.78854241176	3881488.919322199	80
507895.78854241176	3881488.919322199	80
507895.81581547577	3881489.0080640665	80
507895.89778879366	3881489.0968534495	80
507895.89778879366	3881489.0968534495	80
507896.0434827375	3881489.2965959073	80
507896.0434827375	3881489.2965959073	80
507896.0434827375	3881489.2965959073	80
507896.06161981967	3881489.407509381	80
507896.06161981967	3881489.407509381	80
507896.2256049746	3881489.5407290994	80
507896.2984519413	3881489.640600329	80
507896.2256049746	3881489.5407290994	80
507896.2984519413	3881489.640600329	80
507896.33484170656	3881489.7293501166	80
507896.33484170656	3881489.7293501166	80
507896.4167957449	3881489.840319032	80
507896.4167957449	3881489.840319032	80
507896.4896523389	3881489.929100501	80
507896.4896523389	3881489.929100501	80
507896.51697356126	3881489.962393553	80
507896.51697356126	3881489.962393553	80
507896.5897338135	3881490.162072657	80
507896.5897338135	3881490.162072657	80
507896.6716878425	3881490.273041574	80
507896.6716878425	3881490.273041574	80
507896.7080776016	3881490.361791365	80
507896.7080776016	3881490.361791365	80
507896.6988356473	3881490.505950371	80
507896.6988356473	3881490.505950371	80
507896.7716247945	3881490.672360187	80
507896.7716247945	3881490.672360187	80
507896.7351097903	3881490.727777324	80
507896.7351097903	3881490.727777324	80
507896.807898935	3881490.894187141	80
507896.807898935	3881490.894187141	80
507896.90799966	3881491.1049797735	80
507896.90799966	3881491.1049797735	80
507896.9990222122	3881491.271405432	80
507897.0536261058	3881491.382350593	80
507896.9990222122	3881491.271405432	80
507897.0536261058	3881491.382350593	80
507897.0900158567	3881491.471100384	80
507897.14463901776	3881491.559866016	80
507897.0900158567	3881491.471100384	80
507897.14463901776	3881491.559866016	80
507897.19928145	3881491.626452123	80
507897.2083499817	3881491.681908862	80
507897.19928145	3881491.626452123	80
507897.2083499817	3881491.681908862	80
507897.3176637436	3881491.781811784	80
507897.3176637436	3881491.781811784	80
507897.3721134699	3881492.070193163	80
507897.3721134699	3881492.070193163	80
507897.4357088042	3881492.325313174	80
507897.4357088042	3881492.325313174	80
507897.4811959804	3881492.436250416	80
507897.4811959804	3881492.436250416	80
507897.52670242847	3881492.52500813	80
507897.52670242847	3881492.52500813	80
507897.57219923794	3881492.6248556073	80
507897.57219923794	3881492.6248556073	80
507897.59946263785	3881492.724687244	80
507897.6540665153	3881492.835632408	80
507897.59946263785	3881492.724687244	80
507897.6540665153	3881492.835632408	80
507897.6995536863	3881492.9465696495	80
507897.6995536863	3881492.9465696495	80
507897.75418646814	3881493.0242455225	80
507897.75418646814	3881493.0242455225	80
507897.80879034655	3881493.135190688	80
507897.80879034655	3881493.135190688	80
507897.9541854711	3881493.678715851	80
507897.9541854711	3881493.678715851	80
507898.0361683618	3881493.7564154887	80
507898.1636384114	3881493.945052375	80
507898.1636384114	3881493.945052375	80
507898.227368615	3881494.0449156994	80
507898.227368615	3881494.0449156994	80
507898.227368615	3881494.0449156994	80
507898.2728750454	3881494.133673417	80
507898.3274885448	3881494.233528821	80
507898.3274885448	3881494.233528821	80
507898.3274885448	3881494.233528821	80
507898.3912187469	3881494.333392149	80
507898.4367251742	3881494.4221498673	80
507898.4367251742	3881494.4221498673	80
507898.5004457348	3881494.533102958	80
507898.5004457348	3881494.533102958	80
507898.5459232526	3881494.655129968	80
507898.5459232526	3881494.655129968	80
507898.6005560192	3881494.732805847	80
507898.6005560192	3881494.732805847	80
507898.64605280577	3881494.832653333	80
507898.64605280577	3881494.832653333	80
507898.7189189746	3881494.910345054	80
507898.7189189746	3881494.910345054	80
507898.8646127653	3881495.110087558	80
507898.8646127653	3881495.110087558	80
507898.9283236788	3881495.2321304167	80
507898.9283236788	3881495.2321304167	80
507898.9920635067	3881495.320903983	80
507898.9920635067	3881495.320903983	80
507899.0010741984	3881495.4428993054	80
507899.0010741984	3881495.4428993054	80
507899.0010741984	3881495.4428993054	80
507899.0465709792	3881495.542746793	80
507899.0465709792	3881495.542746793	80
507899.1740602575	3881495.7092041657	80
507899.1740602575	3881495.7092041657	80
507899.28328721167	3881495.908914986	80
507899.28328721167	3881495.908914986	80
507899.3561437335	3881495.997696478	80
507899.3561437335	3881495.997696478	80
507899.4289906139	3881496.0975677352	80
507899.4926918751	3881496.230700361	80
507899.4289906139	3881496.0975677352	80
507899.4926918751	3881496.230700361	80
507899.529043029	3881496.3638092177	80
507899.529043029	3881496.3638092177	80
507899.5745590752	3881496.4414771777	80
507899.6018128013	3881496.552398585	80
507899.6018128013	3881496.552398585	80
507899.6564359072	3881496.641164234	80
507899.6564359072	3881496.641164234	80
507899.7019423129	3881496.7299219593	80
507899.7019423129	3881496.7299219593	80
507899.7019423129	3881496.7299219593	80
507899.7565365025	3881496.8519569	80
507899.81118851947	3881496.9074532585	80
507899.81118851947	3881496.9074532585	80
507899.8657923493	3881497.0183984353	80
507899.8657923493	3881497.0183984353	80
507899.8657923493	3881497.0183984353	80
507899.9112987488	3881497.107156164	80
507899.9112987488	3881497.107156164	80
507900.002379016	3881497.207043272	80
507900.002379016	3881497.207043272	80
507900.0478757747	3881497.3068907633	80
507900.0478757747	3881497.3068907633	80
507900.1207226369	3881497.406762026	80
507900.1207226369	3881497.406762026	80
507900.1571026927	3881497.5066015935	80
507900.1571026927	3881497.5066015935	80
507900.2117354283	3881497.584277482	80
507900.2117354283	3881497.584277482	80
507900.2845919229	3881497.6730589834	80
507900.2845919229	3881497.6730589834	80
507900.4121582598	3881497.750798264	80
507900.4121582598	3881497.750798264	80
507900.4577128449	3881497.7841071743	80
507900.4577128449	3881497.7841071743	80
507900.5214430009	3881497.883970516	80
507900.5214430009	3881497.883970516	80
507900.64892258	3881498.061517674	80
507900.64892258	3881498.061517674	80
507900.71266236657	3881498.1502912543	80
507900.71266236657	3881498.1502912543	80
507900.76727581257	3881498.250146673	80
507900.76727581257	3881498.250146673	80
507900.8492297197	3881498.36111563	80
507900.8492297197	3881498.36111563	80
507900.912959865	3881498.460978975	80
507900.912959865	3881498.460978975	80
507900.97670928575	3881498.538662793	80
507900.97670928575	3881498.538662793	80
507901.0130989695	3881498.6274126	80
507901.0130989695	3881498.6274126	80
507901.0586149893	3881498.70508057	80
507901.0586149893	3881498.70508057	80
507901.113238068	3881498.793846229	80
507901.113238068	3881498.793846229	80
507901.15871552913	3881498.915873253	80
507901.15871552913	3881498.915873253	80
507901.213328968	3881499.015728675	80
507901.213328968	3881499.015728675	80
507901.2679520433	3881499.104494333	80
507901.3134584208	3881499.193252069	80
507901.2679520433	3881499.104494333	80
507901.3134584208	3881499.193252069	80
507901.3589551551	3881499.293099565	80
507901.3589551551	3881499.293099565	80
507901.4681723801	3881499.503900178	80
507901.4681723801	3881499.503900178	80
507901.5410288494	3881499.5926816887	80
507901.5410288494	3881499.5926816887	80
507901.604749338	3881499.703634802	80
507901.604749338	3881499.703634802	80
507901.6411293659	3881499.803474376	80
507901.6411293659	3881499.803474376	80
507901.69576207735	3881499.8811502745	80
507901.7230254053	3881499.980981923	80
507901.7230254053	3881499.980981923	80
507901.7230254053	3881499.980981923	80
507901.7776291909	3881500.091927113	80
507901.7776291909	3881500.091927113	80
507901.8322522565	3881500.1806927742	80
507901.8322522565	3881500.1806927742	80
507901.8959920166	3881500.269466364	80
507901.8959920166	3881500.269466364	80
507901.95061508	3881500.358232027	80
507901.95061508	3881500.358232027	80
507902.0143451967	3881500.45809538	80
507902.0143451967	3881500.45809538	80
507902.0689682555	3881500.546861044	80
507902.0689682555	3881500.546861044	80
507902.1418150695	3881500.6467323215	80
507902.1418150695	3881500.6467323215	80
507902.2055451845	3881500.7465956775	80
507902.2055451845	3881500.7465956775	80
507902.3147720135	3881500.946306536	80
507902.3602783693	3881501.0350642754	80
507902.3602783693	3881501.0350642754	80
507902.3602783693	3881501.0350642754	80
507902.4057750851	3881501.1349117775	80
507902.4057750851	3881501.1349117775	80
507902.46949555	3881501.245864899	80
507902.5332352987	3881501.334638492	80
507902.5332352987	3881501.334638492	80
507902.5332352987	3881501.334638492	80
507902.569624956	3881501.423388307	80
507902.569624956	3881501.423388307	80
507902.6242383618	3881501.5232437374	80
507902.6242383618	3881501.5232437374	80
507902.6788517665	3881501.6230991706	80
507902.6788517665	3881501.6230991706	80
507902.7243484736	3881501.722946674	80
507902.7243484736	3881501.722946674	80
507902.7880785769	3881501.822810034	80
507902.7880785769	3881501.822810034	80
507902.8609253704	3881501.9226813177	80
507902.8609253704	3881501.9226813177	80
507902.9885398357	3881501.944971817	80
507902.9885398357	3881501.944971817	80
507903.0066864518	3881502.044795545	80
507903.0066864518	3881502.044795545	80
507903.0704165452	3881502.144658905	80
507903.0704165452	3881502.144658905	80
507903.11596145626	3881502.189057593	80
507903.11596145626	3881502.189057593	80
507903.1614774402	3881502.2667255737	80
507903.1614774402	3881502.2667255737	80
507903.2161101238	3881502.344401481	80
507903.2161101238	3881502.344401481	80
507903.2615971789	3881502.455338753	80
507903.2615971789	3881502.455338753	80
507903.32534655154	3881502.533022588	80
507903.32534655154	3881502.533022588	80
507903.3799503022	3881502.643967788	80
507903.3799503022	3881502.643967788	80
507903.4527970849	3881502.7438390777	80
507903.4527970849	3881502.7438390777	80
507903.5256535088	3881502.832620604	80
507903.5256535088	3881502.832620604	80
507903.63488992414	3881503.021241716	80
507903.63488992414	3881503.021241716	80
507903.67126992095	3881503.1210813	80
507903.67126992095	3881503.1210813	80
507903.7350000017	3881503.220944664	80
507903.7350000017	3881503.220944664	80
507903.7987397218	3881503.3097182666	80
507903.8260030186	3881503.409549922	80
507903.7987397218	3881503.3097182666	80
507903.8260030186	3881503.409549922	80
507903.88973309565	3881503.5094132894	80
507903.88973309565	3881503.5094132894	80
507903.9534728145	3881503.598186893	80
507903.9534728145	3881503.598186893	80
507903.99897914095	3881503.6869446407	80
507903.99897914095	3881503.6869446407	80
507904.05358287407	3881503.797889845	80
507904.05358287407	3881503.797889845	80
507904.0990795574	3881503.8977373578	80
507904.0990795574	3881503.8977373578	80
507904.17192632216	3881503.997608654	80
507904.3267558258	3881504.1751796487	80
507904.3267558258	3881504.1751796487	80
507904.3355735627	3881504.518970256	80
507904.3355735627	3881504.518970256	80
507904.3355735627	3881504.518970256	80
507904.4084396074	3881504.5966620254	80
507904.499529394	3881504.685459416	80
507904.499529394	3881504.685459416	80
507904.499529394	3881504.685459416	80
507904.5632690986	3881504.774233025	80
507904.5996394318	3881504.885162376	80
507904.5996394318	3881504.885162376	80
507904.5996394318	3881504.885162376	80
507904.63602905226	3881504.9739122	80
507904.6632730489	3881505.095923387	80
507904.6632730489	3881505.095923387	80
507904.7452557792	3881505.173623088	80
507904.6632730489	3881505.095923387	80
507904.79984985	3881505.295658061	80
507904.7452557792	3881505.173623088	80
507904.79984985	3881505.295658061	80
507904.9273003079	3881505.506474572	80
507904.9273003079	3881505.506474572	80
507905.0456437144	3881505.706193393	80
507905.1275974996	3881505.8171623913	80
507905.0456437144	3881505.706193393	80
507905.1366563261	3881505.883708903	80
507905.1275974996	3881505.8171623913	80
507905.1366563261	3881505.883708903	80
507905.20943554543	3881506.0612085545	80
507905.20943554543	3881506.0612085545	80
507905.2549514944	3881506.1388765457	80
507905.2549514944	3881506.1388765457	80
507905.3004577952	3881506.227634301	80
507905.3004577952	3881506.227634301	80
507905.35509043664	3881506.305310221	80
507905.4005967357	3881506.3940679776	80
507905.4005967357	3881506.3940679776	80
507905.4734434638	3881506.493939285	80
507905.4734434638	3881506.493939285	80
507905.4734434638	3881506.493939285	80
507905.54630948295	3881506.571631065	80
507905.54630948295	3881506.571631065	80
507905.5918061336	3881506.671478585	80
507905.6373220761	3881506.7491465774	80
507905.6373220761	3881506.7491465774	80
507905.69195470685	3881506.8268225016	80
507905.69195470685	3881506.8268225016	80
507905.69195470685	3881506.8268225016	80
507905.7374513546	3881506.9266700223	80
507905.782948006	3881507.026517545	80
507905.782948006	3881507.026517545	80
507905.8375613428	3881507.1263729953	80
507905.8375613428	3881507.1263729953	80
507905.8375613428	3881507.1263729953	80
507905.88306763297	3881507.215130754	80
507905.88306763297	3881507.215130754	80
507905.91946687945	3881507.292790821	80
507905.97410915024	3881507.35937698	80
507905.97410915024	3881507.35937698	80
507906.0287224829	3881507.459232432	80
507906.0287224829	3881507.459232432	80
507906.0287224829	3881507.459232432	80
507906.0833454625	3881507.547998122	80
507906.1470754856	3881507.647861505	80
507906.1470754856	3881507.647861505	80
507906.1470754856	3881507.647861505	80
507906.210815151	3881507.7366351234	80
507906.2472240363	3881507.8032054254	80
507906.2472240363	3881507.8032054254	80
507906.2472240363	3881507.8032054254	80
507906.30184701167	3881507.891971117	80
507906.30184701167	3881507.891971117	80
507906.3473532936	3881507.980728879	80
507906.3928499283	3881508.080576403	80
507906.3928499283	3881508.080576403	80
507906.4474729029	3881508.169342095	80
507906.3928499283	3881508.080576403	80
507906.50208622543	3881508.2691975487	80
507906.50208622543	3881508.2691975487	80
507906.5476021498	3881508.3468655474	80
507906.5476021498	3881508.3468655474	80
507906.6113418088	3881508.4356391705	80
507906.6113418088	3881508.4356391705	80
507906.6841885071	3881508.535510487	80
507906.6841885071	3881508.535510487	80
507906.7296851376	3881508.6353580137	80
507906.7296851376	3881508.6353580137	80
507906.7296851376	3881508.6353580137	80
507906.8116678182	3881508.713057736	80
507906.8116678182	3881508.713057736	80
507906.8753978252	3881508.812921124	80
507906.8753978252	3881508.812921124	80
507906.9300304329	3881508.890597055	80
507906.9300304329	3881508.890597055	80
507906.9937700819	3881508.9793706792	80
507906.9937700819	3881508.9793706792	80
507907.0393245866	3881509.012679624	80
507907.0393245866	3881509.012679624	80
507907.07570452185	3881509.1125192223	80
507907.11209410336	3881509.201269056	80
507907.11209410336	3881509.201269056	80
507907.11209410336	3881509.201269056	80
507907.1667170596	3881509.290034753	80
507907.1667170596	3881509.290034753	80
507907.2122329732	3881509.367702754	80
507907.2122329732	3881509.367702754	80
507907.2668462824	3881509.467558215	80
507907.2668462824	3881509.467558215	80
507907.3214885325	3881509.534144383	80
507907.3852281732	3881509.622918011	80
507907.3852281732	3881509.622918011	80
507907.4489581674	3881509.722781404	80
507907.4489581674	3881509.722781404	80
507907.5218241414	3881509.8004732	80
507907.5218241414	3881509.8004732	80
507907.57645674	3881509.878149134	80
507907.57645674	3881509.878149134	80
507907.6310796875	3881509.966914833	80
507907.6310796875	3881509.966914833	80
507907.6948193244	3881510.055688463	80
507907.6948193244	3881510.055688463	80
507907.74033522967	3881510.133356468	80
507907.74033522967	3881510.133356468	80
507907.74033522967	3881510.133356468	80
507907.7675984648	3881510.233188137	80
507907.8313380962	3881510.321961768	80
507907.7675984648	3881510.233188137	80
507907.8313380962	3881510.321961768	80
507907.8768443532	3881510.4107195386	80
507907.9314672946	3881510.499485237	80
507907.9314672946	3881510.499485237	80
507907.9860902373	3881510.5882509374	80
507907.9860902373	3881510.5882509374	80
507908.03158684087	3881510.688098473	80
507908.03158684087	3881510.688098473	80
507908.03158684087	3881510.688098473	80
507908.10444315616	3881510.7768800375	80
507908.10444315616	3881510.7768800375	80
507908.2045723442	3881510.95440351	80
507908.2318259209	3881511.065324945	80
507908.2318259209	3881511.065324945	80
507908.2408847171	3881511.131871461	80
507908.2408847171	3881511.131871461	80
507908.25904090295	3881511.2206054353	80
507908.25904090295	3881511.2206054353	80
507908.25904090295	3881511.2206054353	80
507908.3226743904	3881511.4313664734	80
507908.3226743904	3881511.4313664734	80
507908.3773166186	3881511.4979526494	80
507908.4410562352	3881511.586726286	80
507908.4410562352	3881511.586726286	80
507908.4410562352	3881511.586726286	80
507908.48655283335	3881511.686573822	80
507908.48655283335	3881511.686573822	80
507908.5503020964	3881511.764257696	80
507908.5503020964	3881511.764257696	80
507908.6140417093	3881511.853031331	80
507908.6140417093	3881511.853031331	80
507908.6777716743	3881511.952894733	80
507908.7323945986	3881512.041660438	80
507908.6777716743	3881511.952894733	80
507908.7323945986	3881512.041660438	80
507908.8508439777	3881512.119391909	80
507908.8508439777	3881512.119391909	80
507908.88721422886	3881512.2303212783	80
507908.88721422886	3881512.2303212783	80
507908.969206508	3881512.296931254	80
507908.969206508	3881512.296931254	80
507909.0238197779	3881512.396786724	80
507909.0238197779	3881512.396786724	80
507909.0693260128	3881512.485544501	80
507909.0693260128	3881512.485544501	80
507909.1148708428	3881512.52994322	80
507909.1148708428	3881512.52994322	80
507909.26065096696	3881512.629878021	80
507909.26065096696	3881512.629878021	80
507909.3426142902	3881512.729757293	80
507909.3881012182	3881512.8406946	80
507909.3881012182	3881512.8406946	80
507909.3881012182	3881512.8406946	80
507909.4427241325	3881512.929460307	80
507909.48822071066	3881513.029307849	80
507909.48822071066	3881513.029307849	80
507909.48822071066	3881513.029307849	80
507909.5519603056	3881513.118081493	80
507909.5519603056	3881513.118081493	80
507909.5883498468	3881513.2068313374	80
507909.6156033975	3881513.3177527785	80
507909.6156033975	3881513.3177527785	80
507909.6156033975	3881513.3177527785	80
507909.6428762525	3881513.4064946887	80
507909.6792657894	3881513.495244534	80
507909.6792657894	3881513.495244534	80
507909.6792657894	3881513.495244534	80
507909.724791313	3881513.561822785	80
507909.724791313	3881513.561822785	80
507909.7702975329	3881513.650580564	80
507909.7702975329	3881513.650580564	80
507909.8067063706	3881513.717150882	80
507909.8067063706	3881513.717150882	80
507909.88868897903	3881513.7948506298	80
507909.88868897903	3881513.7948506298	80
507909.9524285647	3881513.8836242775	80
507909.9524285647	3881513.8836242775	80
507910.0070225129	3881514.005659283	80
507910.0070225129	3881514.005659283	80
507910.1346078388	3881514.0612191744	80
507910.1346078388	3881514.0612191744	80
507910.1891921373	3881514.1943439455	80
507910.1891921373	3881514.1943439455	80
507910.2164939322	3881514.249816567	80
507910.2164939322	3881514.249816567	80
507910.2802335137	3881514.338590215	80
507910.2802335137	3881514.338590215	80
507910.37124593626	3881514.516105779	80
507910.37124593626	3881514.516105779	80
507910.43498551205	3881514.60487943	80
507910.43498551205	3881514.60487943	80
507910.4987347402	3881514.682563316	80
507910.5533576325	3881514.7713290337	80
507910.4987347402	3881514.682563316	80
507910.5533576325	3881514.7713290337	80
507910.6262235418	3881514.849020856	80
507910.7173131624	3881514.937818311	80
507910.6262235418	3881514.849020856	80
507910.7173131624	3881514.937818311	80
507910.771936051	3881515.026584028	80
507910.771936051	3881515.026584028	80
507910.8630063649	3881515.1375610144	80
507910.8630063649	3881515.1375610144	80
507910.9266301125	3881515.359411835	80
507910.9266301125	3881515.359411835	80
507911.0268750176	3881515.403858173	80
507911.0268750176	3881515.403858173	80
507911.0541381983	3881515.5036898535	80
507911.0541381983	3881515.5036898535	80
507911.0814110304	3881515.592431769	80
507911.0814110304	3881515.592431769	80
507911.1633839589	3881515.681221295	80
507911.1633839589	3881515.681221295	80
507911.2271331709	3881515.7589051872	80
507911.2271331709	3881515.7589051872	80
507911.2726297152	3881515.858752736	80
507911.2726297152	3881515.858752736	80
507911.32725259295	3881515.947518458	80
507911.32725259295	3881515.947518458	80
507911.3909921493	3881516.036292116	80
507911.3909921493	3881516.036292116	80
507911.4638387364	3881516.1361634727	80
507911.4638387364	3881516.1361634727	80
507911.5731713545	3881516.2138870433	80
507911.64602759073	3881516.3026686367	80
507911.5731713545	3881516.2138870433	80
507911.64602759073	3881516.3026686367	80
507911.7188645201	3881516.41362976	80
507911.7188645201	3881516.41362976	80
507911.7461276878	3881516.513461442	80
507911.7461276878	3881516.513461442	80
507911.80986723845	3881516.602235103	80
507911.80986723845	3881516.602235103	80
507911.88272346696	3881516.6910167	80
507911.88272346696	3881516.6910167	80
507911.9282103464	3881516.8019540175	80
507912.0010665744	3881516.890735615	80
507911.9282103464	3881516.8019540175	80
507912.0010665744	3881516.890735615	80
507912.0648157731	3881516.968419512	80
507912.0648157731	3881516.968419512	80
507912.110321953	3881517.057177304	80
507912.110321953	3881517.057177304	80
507912.1831878283	3881517.134869138	80
507912.2469273703	3881517.223642802	80
507912.2469273703	3881517.223642802	80
507912.2469273703	3881517.223642802	80
507912.3015405768	3881517.323498293	80
507912.3470467526	3881517.412256085	80
507912.3470467526	3881517.412256085	80
507912.39256258105	3881517.489924114	80
507912.39256258105	3881517.489924114	80
507912.4563021209	3881517.578697779	80
507912.4563021209	3881517.578697779	80
507912.5109249744	3881517.667463508	80
507912.5109249744	3881517.667463508	80
507912.5655574805	3881517.745139474	80
507912.5655574805	3881517.745139474	80
507912.5928109857	3881517.8560609226	80
507912.5928109857	3881517.8560609226	80
507912.5928109857	3881517.8560609226	80
507912.6565505163	3881517.94483459	80
507912.7020470316	3881518.044682147	80
507912.7020470316	3881518.044682147	80
507912.7020470316	3881518.044682147	80
507912.8295260891	3881518.222229482	80
507912.8295260891	3881518.222229482	80
507912.89326561947	3881518.3110031513	80
507912.89326561947	3881518.3110031513	80
507912.95701479824	3881518.388687056	80
507913.0207639782	3881518.46637096	80
507913.0207639782	3881518.46637096	80
507913.0845035004	3881518.55514463	80
507913.0845035004	3881518.55514463	80
507913.1482526758	3881518.632828536	80
507913.0845035004	3881518.55514463	80
507913.1482526758	3881518.632828536	80
507913.18462285056	3881518.743757924	80
507913.2848387432	3881518.821473577	80
507913.2848387432	3881518.821473577	80
507913.3121115435	3881518.9102155017	80
507913.3121115435	3881518.9102155017	80
507913.3121115435	3881518.9102155017	80
507913.38498705067	3881518.976817582	80
507913.38498705067	3881518.976817582	80
507913.4487362205	3881519.05450149	80
507913.4487362205	3881519.05450149	80
507913.51247573673	3881519.143275162	80
507913.51247573673	3881519.143275162	80
507913.5944582644	3881519.220974945	80
507913.5944582644	3881519.220974945	80
507913.6855381592	3881519.320862196	80
507913.6855381592	3881519.320862196	80
507913.7766663261	3881519.3653006256	80
507913.7766663261	3881519.3653006256	80
507913.8677365621	3881519.476277641	80
507913.8677365621	3881519.476277641	80
507913.9040777584	3881519.620476324	80
507913.9040777584	3881519.620476324	80
507913.99518661	3881519.687094284	80
507913.99518661	3881519.687094284	80
507914.0680524527	3881519.7647861354	80
507914.0680524527	3881519.7647861354	80
507914.1591806132	3881519.809224569	80
507914.1591806132	3881519.809224569	80
507914.2411631294	3881519.886924358	80
507914.2411631294	3881519.886924358	80
507914.32313598593	3881519.975713912	80
507914.32313598593	3881519.975713912	80
507914.4051281552	3881520.04232394	80
507914.4051281552	3881520.04232394	80
507914.48712032335	3881520.108933967	80
507914.48712032335	3881520.108933967	80
507914.56912214647	3881520.164454231	80
507914.6511239686	3881520.219974495	80
507914.56912214647	3881520.164454231	80
507914.6511239686	3881520.219974495	80
507914.72400911193	3881520.275486823	80
507914.72400911193	3881520.275486823	80
507914.8151276076	3881520.331015028	80
507914.9062364478	3881520.3976329975	80
507914.8151276076	3881520.331015028	80
507914.9062364478	3881520.3976329975	80
507914.97001456487	3881520.442047624	80
507914.97001456487	3881520.442047624	80
507915.0611330597	3881520.49757583	80
507915.0611330597	3881520.49757583	80
507915.14312521886	3881520.564185864	80
507915.14312521886	3881520.564185864	80
507915.225127034	3881520.619706134	80
507915.225127034	3881520.619706134	80
507915.2980121705	3881520.675218466	80
507915.2980121705	3881520.675218466	80
507915.3800236409	3881520.7196489736	80
507915.3800236409	3881520.7196489736	80
507915.4985018175	3881520.764111237	80
507915.4985018175	3881520.764111237	80
507915.6078633179	3881520.808565565	80
507915.6078633179	3881520.808565565	80
507915.790109949	3881520.908532229	80
507915.790109949	3881520.908532229	80
507915.87212141487	3881520.95296274	80
507915.87212141487	3881520.95296274	80
507915.963239899	3881521.008490957	80
507915.963239899	3881521.008490957	80
507916.0452320447	3881521.075100999	80
507916.0452320447	3881521.075100999	80
507916.1363408684	3881521.141718981	80
507916.1363408684	3881521.141718981	80
507916.2274593492	3881521.1972472	80
507916.2274593492	3881521.1972472	80
507916.30946115183	3881521.252767479	80
507916.4096866464	3881521.319393404	80
507916.4096866464	3881521.319393404	80
507916.4096866464	3881521.319393404	80
507916.5099314613	3881521.3638398014	80
507916.6101666142	3881521.419375965	80
507916.6101666142	3881521.419375965	80
507916.8106948678	3881521.4639097103	80
507916.8106948678	3881521.4639097103	80
507916.8106948678	3881521.4639097103	80
507916.90181334346	3881521.519437935	80
507916.9747177787	3881521.552770753	80
507916.90181334346	3881521.519437935	80
507916.9747177787	3881521.552770753	80
507917.0567195736	3881521.6082910392	80
507917.0567195736	3881521.6082910392	80
507917.1295950317	3881521.6748931496	80
507917.2298301751	3881521.73042932	80
507917.2298301751	3881521.73042932	80
507917.2298301751	3881521.73042932	80
507917.3300653196	3881521.7859654897	80
507917.4120574505	3881521.852575544	80
507917.4120574505	3881521.852575544	80
507917.4120574505	3881521.852575544	80
507917.4940592401	3881521.908095835	80
507917.4940592401	3881521.908095835	80
507917.658053154	3881522.0302261817	80
507917.7491812766	3881522.0746646537	80
507917.658053154	3881522.0302261817	80
507917.7491812766	3881522.0746646537	80
507917.8494164141	3881522.130200829	80
507917.8494164141	3881522.130200829	80
507917.949661213	3881522.174647242	80
507917.949661213	3881522.174647242	80
507918.0498963459	3881522.230183422	80
507918.0498963459	3881522.230183422	80
507918.1319077888	3881522.2746139546	80
507918.1319077888	3881522.2746139546	80
507918.2139095701	3881522.330134253	80
507918.2139095701	3881522.330134253	80
507918.2959113505	3881522.3856545486	80
507918.2959113505	3881522.3856545486	80
507918.3870298056	3881522.4411827913	80
507918.3870298056	3881522.4411827913	80
507918.47813859617	3881522.507800797	80
507918.47813859617	3881522.507800797	80
507918.56014037336	3881522.563321097	80
507918.56014037336	3881522.563321097	80
507918.6512781475	3881522.596669812	80
507918.6512781475	3881522.596669812	80
507918.7424062596	3881522.641108292	80
507918.7424062596	3881522.641108292	80
507918.833524707	3881522.6966365385	80
507918.833524707	3881522.6966365385	80
507918.9428958296	3881522.730001141	80
507918.9428958296	3881522.730001141	80
507919.0522669513	3881522.763365745	80
507919.0522669513	3881522.763365745	80
507919.143385398	3881522.818893993	80
507919.143385398	3881522.818893993	80
507919.23450384353	3881522.8744222415	80
507919.23450384353	3881522.8744222415	80
507919.3165056128	3881522.9299425487	80
507919.3165056128	3881522.9299425487	80
507919.3984977189	3881522.996552621	80
507919.4713828087	3881523.0520649855	80
507919.3984977189	3881522.996552621	80
507919.4713828087	3881523.0520649855	80
507919.55336525023	3881523.1297648246	80
507919.55336525023	3881523.1297648246	80
507919.6262503403	3881523.185277192	80
507919.70826176455	3881523.2297077393	80
507919.6262503403	3881523.185277192	80
507919.70826176455	3881523.2297077393	80
507919.7811468552	3881523.285220106	80
507919.7811468552	3881523.285220106	80
507919.8813819647	3881523.340756306	80
507919.8813819647	3881523.340756306	80
507919.9816170752	3881523.396292506	80
507919.9816170752	3881523.396292506	80
507920.0909785221	3881523.440746886	80
507920.0909785221	3881523.440746886	80
507920.1912136303	3881523.4962830897	80
507920.1912136303	3881523.4962830897	80
507920.3734504916	3881523.60733961	80
507920.3734504916	3881523.60733961	80
507920.4736855962	3881523.662875816	80
507920.4736855962	3881523.662875816	80
507920.5556776872	3881523.729485898	80
507920.5556776872	3881523.729485898	80
507920.655903128	3881523.79611187	80
507920.655903128	3881523.79611187	80
507920.8381399776	3881523.907168401	80
507920.8381399776	3881523.907168401	80
507920.9383847401	3881523.951614848	80
507920.9383847401	3881523.951614848	80
507921.0386198352	3881524.00715106	80
507921.1479909362	3881524.0405156896	80
507921.1479909362	3881524.0405156896	80
507921.3484514583	3881524.162677884	80
507921.3484514583	3881524.162677884	80
507921.43044353847	3881524.229287974	80
507921.43044353847	3881524.229287974	80
507921.53065930255	3881524.307003721	80
507921.53065930255	3881524.307003721	80
507921.53065930255	3881524.307003721	80
507921.61265138007	3881524.373613813	80
507921.61265138007	3881524.373613813	80
507921.70375046274	3881524.451321616	80
507921.70375046274	3881524.451321616	80
507921.79485921125	3881524.517939655	80
507921.8951039624	3881524.5623861128	80
507921.8951039624	3881524.5623861128	80
507921.8951039624	3881524.5623861128	80
507921.9953390448	3881524.6179223335	80
507921.9953390448	3881524.6179223335	80
507922.0955644652	3881524.684548322	80
507922.0955644652	3881524.684548322	80
507922.2049355496	3881524.717912965	80
507922.2049355496	3881524.717912965	80
507922.3234136456	3881524.762375319	80
507922.3234136456	3881524.762375319	80
507922.4145320522	3881524.8179036	80
507922.4145320522	3881524.8179036	80
507922.48742677725	3881524.8623262257	80
507922.48742677725	3881524.8623262257	80
507922.5785355136	3881524.928944274	80
507922.5785355136	3881524.928944274	80
507922.6696442509	3881524.9955623215	80
507922.7698696599	3881525.062188318	80
507922.7698696599	3881525.062188318	80
507922.7698696599	3881525.062188318	80
507922.8700950652	3881525.1288143136	80
507922.8700950652	3881525.1288143136	80
507922.9520967919	3881525.1843346544	80
507922.9520967919	3881525.1843346544	80
507923.0249818448	3881525.239847048	80
507923.0249818448	3881525.239847048	80
507923.1160905757	3881525.306465101	80
507923.1160905757	3881525.306465101	80
507923.216315978	3881525.373091101	80
507923.216315978	3881525.373091101	80
507923.32566771854	3881525.428635287	80
507923.32566771854	3881525.428635287	80
507923.4167861124	3881525.484163577	80
507923.4167861124	3881525.484163577	80
507923.50789483805	3881525.550781634	80
507923.50789483805	3881525.550781634	80
507923.5898965548	3881525.606301979	80
507923.5898965548	3881525.606301979	80
507923.6901316177	3881525.661838223	80
507923.6901316177	3881525.661838223	80
507923.78125000704	3881525.717366517	80
507923.78125000704	3881525.717366517	80
507923.899699077	3881525.7950981855	80
507923.899699077	3881525.7950981855	80
507923.999934136	3881525.850634428	80
507924.0819358493	3881525.90615478	80
507923.999934136	3881525.850634428	80
507924.0819358493	3881525.90615478	80
507924.18218057166	3881525.950601263	80
507924.18218057166	3881525.950601263	80
507924.2732989574	3881526.006129563	80
507924.2732989574	3881526.006129563	80
507924.382660352	3881526.050583995	80
507924.382660352	3881526.050583995	80
507924.49202174565	3881526.095038429	80
507924.49202174565	3881526.095038429	80
507924.6013734697	3881526.1505826297	80
507924.6013734697	3881526.1505826297	80
507924.68338484527	3881526.1950132223	80
507924.68338484527	3881526.1950132223	80
507924.7653962177	3881526.239443814	80
507924.7653962177	3881526.239443814	80
507924.8656409353	3881526.283890303	80
507924.8656409353	3881526.283890303	80
507924.965875983	3881526.339426561	80
507924.965875983	3881526.339426561	80
507925.0478873552	3881526.3838571543	80
507925.0478873552	3881526.3838571543	80
507925.1390057266	3881526.439385465	80
507925.1390057266	3881526.439385465	80
507925.23014343786	3881526.4727342455	80
507925.23014343786	3881526.4727342455	80
507925.32129082014	3881526.4949932634	80
507925.32129082014	3881526.4949932634	80
507925.4215451994	3881526.528349996	80
507925.4215451994	3881526.528349996	80
507925.5400329257	3881526.5617226274	80
507925.5400329257	3881526.5617226274	80
507925.64942331455	3881526.572907783	80
507925.64942331455	3881526.572907783	80
507925.7679110394	3881526.6062804176	80
507925.7679110394	3881526.6062804176	80
507925.8590584144	3881526.6285394407	80
507925.8590584144	3881526.6285394407	80
507925.9410891198	3881526.650790516	80
507925.9410891198	3881526.650790516	80
507926.0504698392	3881526.67306544	80
507926.0504698392	3881526.67306544	80
507926.1598408875	3881526.706430131	80
507926.1598408875	3881526.706430131	80
507926.2509785924	3881526.7397789215	80
507926.2509785924	3881526.7397789215	80
507926.37858298194	3881526.773159514	80
507926.37858298194	3881526.773159514	80
507926.48799271113	3881526.762165152	80
507926.48799271113	3881526.762165152	80
507926.59738309874	3881526.7733503184	80
507926.59738309874	3881526.7733503184	80
507926.6976568148	3881526.784527536	80
507926.6976568148	3881526.784527536	80
507926.79794987285	3881526.7735252273	80
507926.79794987285	3881526.7735252273	80
507926.95287526207	3881526.840198973	80
507926.95287526207	3881526.840198973	80
507927.071372648	3881526.862481861	80
507927.1534130199	3881526.8736431818	80
507927.071372648	3881526.862481861	80
507927.1534130199	3881526.8736431818	80
507927.2627937313	3881526.8959181192	80
507927.2627937313	3881526.8959181192	80
507927.36305777327	3881526.918185109	80
507927.36305777327	3881526.918185109	80
507927.4724288139	3881526.951549817	80
507927.4724288139	3881526.951549817	80
507927.59091652726	3881526.9849224743	80
507927.59091652726	3881526.9849224743	80
507927.6729472229	3881527.007173564	80
507927.6729472229	3881527.007173564	80
507927.7823376061	3881527.018358746	80
507927.7823376061	3881527.018358746	80
507927.882591973	3881527.051715505	80
507927.882591973	3881527.051715505	80
507927.9919920281	3881527.051810925	80
507927.9919920281	3881527.051810925	80
507928.11049908143	3881527.063004063	80
507928.11049908143	3881527.063004063	80
507928.3292604992	3881527.107553965	80
507928.3292604992	3881527.107553965	80
507928.4204078675	3881527.129813015	80
507928.4204078675	3881527.129813015	80
507928.5206815751	3881527.1409902526	80
507928.6300622823	3881527.163265208	80
507928.5206815751	3881527.1409902526	80
507928.6300622823	3881527.163265208	80
507928.7576860044	3881527.174466305	80
507928.7576860044	3881527.174466305	80
507928.8488333688	3881527.1967253583	80
507928.8488333688	3881527.1967253583	80
507928.9490974036	3881527.2189923674	80
507928.9490974036	3881527.2189923674	80
507928.9855544156	3881527.230113941	80
507929.07670177886	3881527.252372996	80
507928.9855544156	3881527.230113941	80
507929.07670177886	3881527.252372996	80
507929.35013418936	3881527.330239933	80
507929.35013418936	3881527.330239933	80
507929.49598157534	3881527.352546713	80
507929.49598157534	3881527.352546713	80
507929.7331504689	3881527.197496798	80
507929.7331504689	3881527.197496798	80
507929.9700968397	3881527.2975114672	80
507929.9700968397	3881527.2975114672	80
507930.07947754377	3881527.3197864415	80
507930.07947754377	3881527.3197864415	80
507930.1797415742	3881527.3420534646	80
507930.1797415742	3881527.3420534646	80
507930.2708599049	3881527.397581823	80
507930.2708599049	3881527.397581823	80
507930.3710949074	3881527.4531181385	80
507930.3710949074	3881527.4531181385	80
507930.4531255945	3881527.475369255	80
507930.4531255945	3881527.475369255	80
507930.55338962	3881527.497636279	80
507930.55338962	3881527.497636279	80
507930.6627606444	3881527.531001023	80
507930.7812483362	3881527.564373724	80
507930.6627606444	3881527.531001023	80
507930.7812483362	3881527.564373724	80
507930.8997166748	3881527.619925954	80
507930.9999807	3881527.642192983	80
507930.9999807	3881527.642192983	80
507930.9999807	3881527.642192983	80
507931.1913630488	3881527.7199883847	80
507931.3007243892	3881527.7644429007	80
507931.3007243892	3881527.7644429007	80
507931.3827066849	3881527.8421428455	80
507931.3007243892	3881527.7644429007	80
507931.3827066849	3881527.8421428455	80
507931.5649239735	3881527.975379119	80
507931.5649239735	3881527.975379119	80
507931.6560519664	3881528.01981773	80
507931.6560519664	3881528.01981773	80
507931.7654036237	3881528.075362017	80
507931.7654036237	3881528.075362017	80
507931.8747456023	3881528.14199607	80
507931.8747456023	3881528.14199607	80
507931.95671821455	3881528.230785784	80
507931.95671821455	3881528.230785784	80
507932.0661085779	3881528.241971016	80
507932.0661085779	3881528.241971016	80
507932.22109197045	3881528.242106266	80
507932.22109197045	3881528.242106266	80
507932.403318912	3881528.364252794	80
507932.403318912	3881528.364252794	80
507932.49441786495	3881528.441960704	80
507932.49441786495	3881528.441960704	80
507932.6492657552	3881528.59735266	80
507932.6492657552	3881528.59735266	80
507932.7403937413	3881528.641791282	80
507932.7403937413	3881528.641791282	80
507932.804123321	3881528.741654856	80
507932.9863308873	3881528.885980923	80
507932.9863308873	3881528.885980923	80
507932.9863308873	3881528.885980923	80
507933.05015725305	3881528.874946856	80
507933.05015725305	3881528.874946856	80
507933.16861588176	3881528.941588881	80
507933.16861588176	3881528.941588881	80
507933.2688411705	3881529.0082149934	80
507933.3508427989	3881529.063735427	80
507933.3508427989	3881529.063735427	80
507933.43281538616	3881529.152525156	80
507933.43281538616	3881529.152525156	80
507933.5056713052	3881529.241306927	80
507933.5056713052	3881529.241306927	80
507933.64229550667	3881529.385593223	80
507933.64229550667	3881529.385593223	80
507933.7698707931	3881529.452243212	80
507933.7698707931	3881529.452243212	80
507933.8427363862	3881529.529935221	80
507933.8427363862	3881529.529935221	80
507933.8973686411	3881529.6076113177	80
507933.8973686411	3881529.6076113177	80
507933.8973686411	3881529.6076113177	80
507933.9793412204	3881529.6964010494	80
507934.06131379807	3881529.785190785	80
507934.06131379807	3881529.785190785	80
507934.06131379807	3881529.785190785	80
507934.2161422759	3881529.962762297	80
507934.2889981808	3881530.0515440754	80
507934.2889981808	3881530.0515440754	80
507934.3345040804	3881530.14030198	80
507934.3345040804	3881530.14030198	80
507934.37999061577	3881530.251239412	80
507934.37999061577	3881530.251239412	80
507934.3981465101	3881530.339973444	80
507934.3981465101	3881530.339973444	80
507934.3981465101	3881530.339973444	80
507934.38897175726	3881530.4065040713	80
507934.38897175726	3881530.4065040713	80
507934.4526722672	3881530.5396369495	80
507934.4526722672	3881530.5396369495	80
507934.5072754666	3881530.650582342	80
507934.5072754666	3881530.650582342	80
507934.57103405945	3881530.717176636	80
507934.57103405945	3881530.717176636	80
507934.6256566179	3881530.805942501	80
507934.6256566179	3881530.805942501	80
507934.6893861617	3881530.905806089	80
507934.6893861617	3881530.905806089	80
507934.7348823698	3881531.005653759	80
507934.7348823698	3881531.005653759	80
507934.78946620575	3881531.138778682	80
507934.78946620575	3881531.138778682	80
507934.8532054264	3881531.2275525057	80
507934.9169543293	3881531.305236567	80
507934.9169543293	3881531.305236567	80
507934.944207516	3881531.4161580857	80
507934.944207516	3881531.4161580857	80
507934.98058705445	3881531.515997799	80
507934.98058705445	3881531.515997799	80
507934.98058705445	3881531.515997799	80
507935.03522896656	3881531.5825841376	80
507935.03522896656	3881531.5825841376	80
507935.08985151525	3881531.6713500046	80
507935.08985151525	3881531.6713500046	80
507935.13534771977	3881531.771197678	80
507935.13534771977	3881531.771197678	80
507935.199096614	3881531.8488817406	80
507935.199096614	3881531.8488817406	80
507935.253709478	3881531.9487373736	80
507935.253709478	3881531.9487373736	80
507935.31745837233	3881532.0264214366	80
507935.31745837233	3881532.0264214366	80
507935.3994309159	3881532.115211183	80
507935.3994309159	3881532.115211183	80
507935.4722964714	3881532.192903206	80
507935.4722964714	3881532.192903206	80
507935.5269190168	3881532.2816690775	80
507935.5269190168	3881532.2816690775	80
507935.5815512383	3881532.3593451823	80
507935.5815512383	3881532.3593451823	80
507935.6543974264	3881532.4592167367	80
507935.6543974264	3881532.4592167367	80
507935.71813663153	3881532.547990567	80
507935.7909731367	3881532.6589518874	80
507935.7909731367	3881532.6589518874	80
507935.7909731367	3881532.6589518874	80
507935.8638290022	3881532.7477336777	80
507936.0186767637	3881532.9031256926	80
507936.0186767637	3881532.9031256926	80
507936.0186767637	3881532.9031256926	80
507936.08241596	3881532.991899526	80
507936.1552815049	3881533.069591556	80
507936.1552815049	3881533.069591556	80
507936.2372637136	3881533.147291546	80
507936.2372637136	3881533.147291546	80
507936.32834322006	3881533.247179024	80
507936.32834322006	3881533.247179024	80
507936.3921114596	3881533.302683567	80
507936.3921114596	3881533.302683567	80
507936.4558603346	3881533.38036764	80
507936.4558603346	3881533.38036764	80
507936.4558603346	3881533.38036764	80
507936.5469592026	3881533.4580755904	80
507936.5469592026	3881533.4580755904	80
507936.6015914084	3881533.535751704	80
507936.6015914084	3881533.535751704	80
507936.7472546937	3881533.768764122	80
507936.7472546937	3881533.768764122	80
507936.79277023394	3881533.8464322737	80
507936.79277023394	3881533.8464322737	80
507936.9750841566	3881533.868771015	80
507936.9750841566	3881533.868771015	80
507937.0297357236	3881533.924267601	80
507937.0297357236	3881533.924267601	80
507937.1026303044	3881533.968690345	80
507937.1026303044	3881533.968690345	80
507937.193719477	3881534.057488069	80
507937.193719477	3881534.057488069	80
507937.2757016678	3881534.135188068	80
507937.2757016678	3881534.135188068	80
507937.3485865592	3881534.1907005785	80
507937.3485865592	3881534.1907005785	80
507937.4214520837	3881534.268392618	80
507937.4214520837	3881534.268392618	80
507937.494317607	3881534.3460846585	80
507937.494317607	3881534.3460846585	80
507937.5580567787	3881534.4348585024	80
507937.6309319839	3881534.501460781	80
507937.5580567787	3881534.4348585024	80
507937.6309319839	3881534.501460781	80
507937.71291416703	3881534.579160783	80
507937.71291416703	3881534.579160783	80
507937.7857893676	3881534.64576306	80
507937.7857893676	3881534.64576306	80
507937.8586645694	3881534.712365339	80
507937.8586645694	3881534.712365339	80
507937.968016106	3881534.767909701	80
507937.968016106	3881534.767909701	80
507938.0408913055	3881534.834511981	80
507938.0408913055	3881534.834511981	80
507938.15023315913	3881534.901146109	80
507938.15023315913	3881534.901146109	80
507938.28693468345	3881534.956714361	80
507938.28693468345	3881534.956714361	80
507938.4327431838	3881535.023380341	80
507938.4327431838	3881535.023380341	80
507938.5147350408	3881535.089990588	80
507938.5147350408	3881535.089990588	80
507938.5967268968	3881535.156600833	80
507938.5967268968	3881535.156600833	80
507938.6513784461	3881535.212097431	80
507938.6513784461	3881535.212097431	80
507938.71513697424	3881535.278691753	80
507938.71513697424	3881535.278691753	80
507938.78801216185	3881535.34529404	80
507938.78801216185	3881535.34529404	80
507938.87001369934	3881535.400814524	80
507938.87001369934	3881535.400814524	80
507938.9428985732	3881535.456327049	80
507938.9428985732	3881535.456327049	80
507939.0249001088	3881535.511847534	80
507939.0249001088	3881535.511847534	80
507939.09778497845	3881535.5673600594	80
507939.09778497845	3881535.5673600594	80
507939.198019837	3881535.622896472	80
507939.198019837	3881535.622896472	80
507939.2982643809	3881535.6673431215	80
507939.2982643809	3881535.6673431215	80
507939.3711298769	3881535.7450351785	80
507939.3711298769	3881535.7450351785	80
507939.4713550452	3881535.81166136	80
507939.4713550452	3881535.81166136	80
507939.5533371985	3881535.88936138	80
507939.5533371985	3881535.88936138	80
507939.6170957152	3881535.955955709	80
507939.6170957152	3881535.955955709	80
507939.6808348572	3881536.044729568	80
507939.6808348572	3881536.044729568	80
507939.7537390926	3881536.078062568	80
507939.7537390926	3881536.078062568	80
507939.8357309305	3881536.1446728273	80
507939.8357309305	3881536.1446728273	80
507939.9177324521	3881536.200193321	80
507939.99061731546	3881536.2557058544	80
507939.9177324521	3881536.200193321	80
507940.0726091477	3881536.322316114	80
507940.0726091477	3881536.322316114	80
507940.154620356	3881536.366746846	80
507940.154620356	3881536.366746846	80
507940.2457385377	3881536.422275306	80
507940.2457385377	3881536.422275306	80
507940.2457385377	3881536.422275306	80
507940.3368373428	3881536.499983299	80
507940.3368373428	3881536.499983299	80
507940.4097221965	3881536.555495833	80
507940.4097221965	3881536.555495833	80
507940.4826167397	3881536.599918605	80
507940.4826167397	3881536.599918605	80
507940.55549190607	3881536.6665209057	80
507940.55549190607	3881536.6665209057	80
507940.6192213435	3881536.766384535	80
507940.6192213435	3881536.766384535	80
507940.6920965075	3881536.832986837	80
507940.7740786435	3881536.910686868	80
507940.6920965075	3881536.832986837	80
507940.7740786435	3881536.910686868	80
507940.8469634913	3881536.966199407	80
507940.8469634913	3881536.966199407	80
507940.9198386521	3881537.032801711	80
507940.9198386521	3881537.032801711	80
507941.0018304728	3881537.0994119793	80
507941.0018304728	3881537.0994119793	80
507941.07471532	3881537.15492452	80
507941.07471532	3881537.15492452	80
507941.1658334858	3881537.210452991	80
507941.1658334858	3881537.210452991	80
507941.2569613417	3881537.254891699	80
507941.2569613417	3881537.254891699	80
507941.32071983407	3881537.32148604	80
507941.32071983407	3881537.32148604	80
507941.3936046776	3881537.376998584	80
507941.3936046776	3881537.376998584	80
507941.4573728572	3881537.4325031615	80
507941.4573728572	3881537.4325031615	80
507941.2381757541	3881537.886992342	80
507941.2381757541	3881537.886992342	80
507941.3110605935	3881537.942504884	80
507941.3110605935	3881537.942504884	80
507941.3930524032	3881538.009115156	80
507941.3930524032	3881538.009115156	80
507941.47506358987	3881538.053545901	80
507941.47506358987	3881538.053545901	80
507941.54794842657	3881538.109058445	80
507941.54794842657	3881538.109058445	80
507941.6117166001	3881538.164563025	80
507941.6117166001	3881538.164563025	80
507941.7028347548	3881538.220091501	80
507941.7028347548	3881538.220091501	80
507941.8030792578	3881538.264538178	80
507941.8030792578	3881538.264538178	80
507941.9033237597	3881538.308984858	80
507941.9033237597	3881538.308984858	80
507941.985305872	3881538.3866849	80
507942.0764530918	3881538.408944088	80
507942.0764530918	3881538.408944088	80
507942.16755186126	3881538.486652098	80
507942.0764530918	3881538.408944088	80
507942.16755186126	3881538.486652098	80
507942.2312521981	3881538.6197850327	80
507942.2312521981	3881538.6197850327	80
507942.3588563625	3881538.653165851	80
507942.4226342199	3881538.697580672	80
507942.4226342199	3881538.697580672	80
507942.4772663462	3881538.77525682	80
507942.4772663462	3881538.77525682	80
507942.50452911074	3881538.875088597	80
507942.50452911074	3881538.875088597	80
507942.50452911074	3881538.875088597	80
507942.623026302	3881538.897371689	80
507942.623026302	3881538.897371689	80
507942.7141638222	3881538.930720648	80
507942.7141638222	3881538.930720648	80
507942.905526454	3881539.030695825	80
507942.905526454	3881539.030695825	80
507942.9966445898	3881539.086224315	80
507942.9966445898	3881539.086224315	80
507943.0695197155	3881539.152826635	80
507943.0695197155	3881539.152826635	80
507943.14239484246	3881539.219428958	80
507943.197046342	3881539.27492558	80
507943.14239484246	3881539.219428958	80
507943.197046342	3881539.27492558	80
507943.2517075321	3881539.31933244	80
507943.2517075321	3881539.31933244	80
507943.2972326779	3881539.385910863	80
507943.2972326779	3881539.385910863	80
507943.37923415145	3881539.4414313897	80
507943.37923415145	3881539.4414313897	80
507943.45213834615	3881539.4747644207	80
507943.45213834615	3881539.4747644207	80
507943.525032851	3881539.5191872143	80
507943.525032851	3881539.5191872143	80
507943.6344230646	3881539.530372589	80
507943.6344230646	3881539.530372589	80
507943.70731756807	3881539.574795386	80
507943.70731756807	3881539.574795386	80
507943.7984356936	3881539.630323883	80
507943.7984356936	3881539.630323883	80
507943.8986801708	3881539.674770585	80
507943.8986801708	3881539.674770585	80
507943.9715552875	3881539.7413729127	80
507943.9715552875	3881539.7413729127	80
507944.053566446	3881539.78580368	80
507944.053566446	3881539.78580368	80
507944.1264609454	3881539.8302264814	80
507944.1264609454	3881539.8302264814	80
507944.2084721023	3881539.874657251	80
507944.2084721023	3881539.874657251	80
507944.281366598	3881539.919080052	80
507944.281366598	3881539.919080052	80
507944.3724944115	3881539.963518792	80
507944.3724944115	3881539.963518792	80
507944.45451525645	3881539.9968597977	80
507944.45451525645	3881539.9968597977	80
507944.51829309645	3881540.041274634	80
507944.51829309645	3881540.041274634	80
507944.6094209053	3881540.085713376	80
507944.7096653736	3881540.130160086	80
507944.7096653736	3881540.130160086	80
507944.7096653736	3881540.130160086	80
507944.8099098408	3881540.174606797	80
507944.8099098408	3881540.174606797	80
507944.9192709649	3881540.21906148	80
507944.9192709649	3881540.21906148	80
507945.0103890789	3881540.274589989	80
507945.0103890789	3881540.274589989	80
507945.09240992105	3881540.307931001	80
507945.09240992105	3881540.307931001	80
507945.1653141049	3881540.3412640463	80
507945.1653141049	3881540.3412640463	80
507945.2564419099	3881540.3857027935	80
507945.3475794055	3881540.419051778	80
507945.3475794055	3881540.419051778	80
507945.3475794055	3881540.419051778	80
507945.42960024514	3881540.452392794	80
507945.42960024514	3881540.452392794	80
507945.5025044242	3881540.485725841	80
507945.5025044242	3881540.485725841	80
507945.5936322261	3881540.530164592	80
507945.6938863812	3881540.563521549	80
507945.5936322261	3881540.530164592	80
507945.6938863812	3881540.563521549	80
507945.7850238735	3881540.5968705374	80
507945.7850238735	3881540.5968705374	80
507945.9035307289	3881540.608063907	80
507945.9035307289	3881540.608063907	80
507946.0129015372	3881540.641428837	80
507946.0129015372	3881540.641428837	80
507946.10403902986	3881540.6747778286	80
507946.10403902986	3881540.6747778286	80
507946.1951765218	3881540.7081268216	80
507946.1951765218	3881540.7081268216	80
507946.2863043158	3881540.75256558	80
507946.2863043158	3881540.75256558	80
507946.3774418063	3881540.785914574	80
507946.3774418063	3881540.785914574	80
507946.41383087664	3881540.87466457	80
507946.41383087664	3881540.87466457	80
507946.4958614035	3881540.896915832	80
507946.4958614035	3881540.896915832	80
507946.56878496817	3881540.908069359	80
507946.56878496817	3881540.908069359	80
507946.7146417901	3881540.9192866497	80
507946.7146417901	3881540.9192866497	80
507946.7692641685	3881541.008052589	80
507946.7692641685	3881541.008052589	80
507946.8877322344	3881541.063605029	80
507946.8877322344	3881541.063605029	80
507946.9606654931	3881541.0636687945	80
507946.9606654931	3881541.0636687945	80
507947.0518029781	3881541.097017796	80
507947.0518029781	3881541.097017796	80
507947.1429307663	3881541.1414565626	80
507947.1429307663	3881541.1414565626	80
507947.23407794593	3881541.1637158017	80
507947.23407794593	3881541.1637158017	80
507947.3160987696	3881541.1970568346	80
507947.3160987696	3881541.1970568346	80
507947.398119595	3881541.230397869	80
507947.398119595	3881541.230397869	80
507947.4892667732	3881541.252657109	80
507947.4892667732	3881541.252657109	80
507947.5621709384	3881541.285990173	80
507947.5621709384	3881541.285990173	80
507947.662425078	3881541.319347151	80
507947.662425078	3881541.319347151	80
507947.7535722522	3881541.341606395	80
507947.7535722522	3881541.341606395	80
507947.8264861126	3881541.363849697	80
507947.8264861126	3881541.363849697	80
507948.0452083065	3881541.452759134	80
507948.0452083065	3881541.452759134	80
507948.15462758095	3881541.4306752672	80
507948.15462758095	3881541.4306752672	80
507948.2183956909	3881541.4861798943	80
507948.3095331693	3881541.519528908	80
507948.3095331693	3881541.519528908	80
507948.3095331693	3881541.519528908	80
507948.3824373293	3881541.552861977	80
507948.3824373293	3881541.552861977	80
507948.49180811725	3881541.586226938	80
507948.49180811725	3881541.586226938	80
507948.5465080587	3881541.586274772	80
507948.5465080587	3881541.586274772	80
507948.65588854346	3881541.608549969	80
507948.7743856842	3881541.6308331415	80
507948.7743856842	3881541.6308331415	80
507948.7743856842	3881541.6308331415	80
507948.9657869835	3881541.686449389	80
507949.1936840016	3881541.7088282392	80
507949.1936840016	3881541.7088282392	80
507949.40335740463	3881541.720101384	80
507949.40335740463	3881541.720101384	80
507949.40335740463	3881541.720101384	80
507949.59479749214	3881541.731358588	80
507949.77713062434	3881541.7315180576	80
507949.77713062434	3881541.7315180576	80
507949.77713062434	3881541.7315180576	80
507949.9685610139	3881541.753865033	80
507950.0779608925	3881541.7539607184	80
507950.0779608925	3881541.7539607184	80
507950.0779608925	3881541.7539607184	80
507950.1782538122	3881541.7429586686	80
507950.287673093	3881541.7208748255	80
507950.287673093	3881541.7208748255	80
507950.287673093	3881541.7208748255	80
507950.3970826698	3881541.709880751	80
507950.5065019516	3881541.687796913	80
507950.5065019516	3881541.687796913	80
507950.6159309295	3881541.654623312	80
507950.6159309295	3881541.654623312	80
507950.7162141552	3881541.654711032	80
507950.7162141552	3881541.654711032	80
507950.8074098237	3881541.6215214822	80
507950.8074098237	3881541.6215214822	80
507951.0171220299	3881541.588435607	80
507951.0171220299	3881541.588435607	80
507951.0991622377	3881541.599597145	80
507951.0991622377	3881541.599597145	80
507951.1994551627	3881541.588595104	80
507951.1994551627	3881541.588595104	80
507951.3088744456	3881541.566511277	80
507951.3088744456	3881541.566511277	80
507951.39093405806	3881541.5554932873	80
507951.39093405806	3881541.5554932873	80
507951.4912366829	3881541.533401487	80
507951.4912366829	3881541.533401487	80
507951.6006559695	3881541.5113176615	80
507951.6006559695	3881541.5113176615	80
507951.6006559695	3881541.5113176615	80
507951.846931828	3881541.3673660634	80
507951.846931828	3881541.3673660634	80
507951.96547747153	3881541.334200452	80
507951.96547747153	3881541.334200452	80
507952.0749258679	3881541.27884734	80
507952.0749258679	3881541.27884734	80
507952.1569951838	3881541.2567395945	80
507952.1569951838	3881541.2567395945	80
507952.2573075184	3881541.223558036	80
507952.2573075184	3881541.223558036	80
507952.35761015135	3881541.2014662446	80
507952.35761015135	3881541.2014662446	80
507952.4579127848	3881541.1793744536	80
507952.5764487327	3881541.157298616	80
507952.4579127848	3881541.1793744536	80
507952.5764487327	3881541.157298616	80
507952.6676444107	3881541.124109088	80
507952.6676444107	3881541.124109088	80
507952.76794704807	3881541.1020173	80
507952.76794704807	3881541.1020173	80
507952.8773663407	3881541.079933489	80
507952.8773663407	3881541.079933489	80
507952.995911994	3881541.046767893	80
507953.2330130069	3881540.969346941	80
507952.995911994	3881541.046767893	80
507953.2330130069	3881540.969346941	80
507953.3333253487	3881540.936165396	80
507953.3333253487	3881540.936165396	80
507953.4427446447	3881540.914081593	80
507953.4427446447	3881540.914081593	80
507953.5430569855	3881540.8809000496	80
507953.5430569855	3881540.8809000496	80
507953.652485989	3881540.8477264848	80
507953.76191498863	3881540.814552921	80
507953.652485989	3881540.8477264848	80
507953.76191498863	3881540.814552921	80
507953.880460651	3881540.7813873375	80
507953.9716563399	3881540.748197821	80
507953.9716563399	3881540.748197821	80
507953.9716563399	3881540.748197821	80
507954.0719686868	3881540.7150162826	80
507954.0719686868	3881540.7150162826	80
507954.1813976919	3881540.681842724	80
507954.29994335526	3881540.648677145	80
507954.29994335526	3881540.648677145	80
507954.29994335526	3881540.648677145	80
507954.4185084317	3881540.59333204	80
507954.4185084317	3881540.59333204	80
507954.5279374372	3881540.560158484	80
507954.5279374372	3881540.560158484	80
507954.637356743	3881540.538074696	80
507954.637356743	3881540.538074696	80
507954.7467954553	3881540.49381138	80
507954.7467954553	3881540.49381138	80
507954.8470981024	3881540.471719615	80
507954.8470981024	3881540.471719615	80
507954.9565271133	3881540.438546066	80
507955.0750533736	3881540.427560026	80
507955.0750533736	3881540.427560026	80
507955.18448238354	3881540.394386481	80
507955.0750533736	3881540.427560026	80
507955.2848044448	3881540.350115192	80
507955.2848044448	3881540.350115192	80
507955.2848044448	3881540.350115192	80
507955.38511680096	3881540.316933668	80
507955.38511680096	3881540.316933668	80
507955.49455552193	3881540.2726703607	80
507955.49455552193	3881540.2726703607	80
507955.6130720763	3881540.272774093	80
507955.6130720763	3881540.272774093	80
507955.722530212	3881540.206331258	80
507955.722530212	3881540.206331258	80
507955.8411050072	3881540.139896407	80
507955.8411050072	3881540.139896407	80
507955.95051461447	3881540.1289024	80
507955.95051461447	3881540.1289024	80
507956.0690505823	3881540.106826608	80
507956.0690505823	3881540.106826608	80
507956.1693823604	3881540.051465564	80
507956.2696947208	3881540.0182840503	80
507956.2696947208	3881540.0182840503	80
507956.2696947208	3881540.0182840503	80
507956.3882306955	3881539.996208263	80
507956.3882306955	3881539.996208263	80
507956.4976694229	3881539.9519449687	80
507956.4976694229	3881539.9519449687	80
507956.59797208034	3881539.929853221	80
507956.59797208034	3881539.929853221	80
507956.698284446	3881539.896671714	80
507956.698284446	3881539.896671714	80
507956.853287054	3881539.874627855	80
507956.853287054	3881539.874627855	80
507957.0174160315	3881539.8415022152	80
507957.0174160315	3881539.8415022152	80
507957.0903590083	3881539.830476298	80
507957.2089046912	3881539.797310756	80
507957.2089046912	3881539.797310756	80
507957.2089046912	3881539.797310756	80
507957.3183240127	3881539.775227001	80
507957.3183240127	3881539.775227001	80
507957.43686969945	3881539.742061461	80
507957.43686969945	3881539.742061461	80
507957.53719177895	3881539.697790198	80
507957.6739319488	3881539.708999684	80
507957.6739319488	3881539.708999684	80
507957.7833609816	3881539.675826168	80
507957.7833609816	3881539.675826168	80
507957.8745566936	3881539.642636691	80
507957.8745566936	3881539.642636691	80
507957.98397601634	3881539.620552944	80
507957.98397601634	3881539.620552944	80
507958.102531417	3881539.5762976496	80
507958.102531417	3881539.5762976496	80
507958.102531417	3881539.5762976496	80
507958.22108682105	3881539.5320423553	80
507958.22108682105	3881539.5320423553	80
507958.339632512	3881539.49887683	80
507958.4490518399	3881539.476793088	80
507958.4490518399	3881539.476793088	80
507958.5493836349	3881539.42143207	80
507958.5493836349	3881539.42143207	80
507958.6497251436	3881539.354981289	80
507958.6497251436	3881539.354981289	80
507958.7500083925	3881539.3550690967	80
507958.7500083925	3881539.3550690967	80
507958.88680683065	3881539.299740016	80
507958.88680683065	3881539.299740016	80
507958.88680683065	3881539.299740016	80
507959.1147815677	3881539.233400998	80
507959.2059772913	3881539.200211533	80
507959.2059772913	3881539.200211533	80
507959.2059772913	3881539.200211533	80
507959.3336299406	3881539.178143767	80
507959.3336299406	3881539.178143767	80
507959.42483537656	3881539.1338645415	80
507959.5525074496	3881539.08961725	80
507959.5525074496	3881539.08961725	80
507959.6528101241	3881539.0675255386	80
507959.6528101241	3881539.0675255386	80
507959.7531225128	3881539.034344064	80
507959.7531225128	3881539.034344064	80
507959.853425186	3881539.0122523545	80
507959.853425186	3881539.0122523545	80
507959.971980606	3881538.9679970862	80
507959.971980606	3881538.9679970862	80
507960.0814096516	3881538.934823598	80
507960.0814096516	3881538.934823598	80
507960.19082899054	3881538.912739876	80
507960.19082899054	3881538.912739876	80
507960.3002580375	3881538.879566391	80
507960.3002580375	3881538.879566391	80
507960.4005704307	3881538.846384923	80
507960.4005704307	3881538.846384923	80
507960.5099994792	3881538.8132114415	80
507960.5099994792	3881538.8132114415	80
507960.6194770956	3881538.724589138	80
507960.6194770956	3881538.724589138	80
507960.7289158591	3881538.6803258937	80
507960.7289158591	3881538.6803258937	80
507960.8383546282	3881538.636062651	80
507960.8383546282	3881538.636062651	80
507960.9568906276	3881538.6139869234	80
507960.9568906276	3881538.6139869234	80
507961.057212739	3881538.569715698	80
507961.057212739	3881538.569715698	80
507961.1757487398	3881538.547639974	80
507961.1757487398	3881538.547639974	80
507961.29428474576	3881538.5255642496	80
507961.29428474576	3881538.5255642496	80
507961.4037235172	3881538.4813010143	80
507961.4037235172	3881538.4813010143	80
507961.4037235172	3881538.4813010143	80
507961.5313858932	3881538.4481435134	80
507961.5313858932	3881538.4481435134	80
507961.6499316151	3881538.414978032	80
507961.75025372754	3881538.370706815	80
507961.75025372754	3881538.370706815	80
507961.75025372754	3881538.370706815	80
507961.9326160722	3881538.337597233	80
507962.1879505498	3881538.2601924874	80
507962.1879505498	3881538.2601924874	80
507962.1879505498	3881538.2601924874	80
507962.306486562	3881538.238116777	80
507962.3976725927	3881538.21601711	80
507962.3976725927	3881538.21601711	80
507962.4615183587	3881538.18280372	80
507962.4615183587	3881538.18280372	80
507962.7076390349	3881538.216288646	80
507962.7076390349	3881538.216288646	80
507962.91739994247	3881538.127754223	80
507962.91739994247	3881538.127754223	80
507963.0359553867	3881538.0834989934	80
507963.0359553867	3881538.0834989934	80
507963.1362580808	3881538.0614073193	80
507963.1362580808	3881538.0614073193	80
507963.2548232427	3881538.006062329	80
507963.2548232427	3881538.006062329	80
507963.2548232427	3881538.006062329	80
507963.3642717436	3881537.950709352	80
507963.4828271946	3881537.906454129	80
507963.3642717436	3881537.950709352	80
507963.4828271946	3881537.906454129	80
507963.6013729284	3881537.87328867	80
507963.6013729284	3881537.87328867	80
507963.7381714163	3881537.8179596607	80
507963.8384352494	3881537.8402270535	80
507963.8384352494	3881537.8402270535	80
507963.8384352494	3881537.8402270535	80
507963.9661073623	3881537.795979823	80
507964.0755558746	3881537.740626854	80
507964.0755558746	3881537.740626854	80
507964.2031696889	3881537.762918215	80
507964.2031696889	3881537.762918215	80
507964.2031696889	3881537.762918215	80
507964.31260848383	3881537.718655014	80
507964.31260848383	3881537.718655014	80
507964.4038139565	3881537.67437584	80
507964.5132527558	3881537.63011264	80
507964.5132527558	3881537.63011264	80
507964.5132527558	3881537.63011264	80
507964.65005125286	3881537.5747836432	80
507964.65005125286	3881537.5747836432	80
507964.7594900499	3881537.530520449	80
507964.7594900499	3881537.530520449	80
507964.8506760937	3881537.508420805	80
507964.8506760937	3881537.508420805	80
507964.9783676518	3881537.4419940608	80
507964.9783676518	3881537.4419940608	80
507965.0695634149	3881537.408804656	80
507965.0695634149	3881537.408804656	80
507965.2063424849	3881537.375655195	80
507965.2063424849	3881537.375655195	80
507965.3248979502	3881537.331399997	80
507965.3248979502	3881537.331399997	80
507965.4343076007	3881537.320406103	80
507965.4343076007	3881537.320406103	80
507965.5528533517	3881537.287240671	80
507965.5528533517	3881537.287240671	80
507965.662282438	3881537.25406725	80
507965.7717115296	3881537.220893832	80
507965.7717115296	3881537.220893832	80
507965.7717115296	3881537.220893832	80
507965.8902767163	3881537.165548874	80
507965.8902767163	3881537.165548874	80
507966.01792941056	3881537.1434812015	80
507966.01792941056	3881537.1434812015	80
507966.1273585049	3881537.110307787	80
507966.1273585049	3881537.110307787	80
507966.23677787615	3881537.08822414	80
507966.23677787615	3881537.08822414	80
507966.3553139136	3881537.066148481	80
507966.3553139136	3881537.066148481	80
507966.3826736164	3881537.055082688	80
507966.3826736164	3881537.055082688	80
507966.5650457219	3881537.010883436	80
507966.5650457219	3881537.010883436	80
507966.783903914	3881536.944536621	80
507966.783903914	3881536.944536621	80
507966.8751482893	3881536.855898412	80
507966.9845773857	3881536.822725007	80
507966.9845773857	3881536.822725007	80
507966.9845773857	3881536.822725007	80
507967.0940162078	3881536.778461841	80
507967.0940162078	3881536.778461841	80
507967.2034550264	3881536.734198673	80
507967.2034550264	3881536.734198673	80
507967.3220105098	3881536.6899435	80
507967.4405465551	3881536.667867857	80
507967.3220105098	3881536.6899435	80
507967.4405465551	3881536.667867857	80
507967.6228603452	3881536.6902072127	80
507967.6228603452	3881536.6902072127	80
507967.7232116716	3881536.612666768	80
507967.7232116716	3881536.612666768	80
507967.9694101475	3881536.557433722	80
507967.9694101475	3881536.557433722	80
507968.10619896033	3881536.513194542	80
507968.197404466	3881536.468915403	80
507968.10619896033	3881536.513194542	80
507968.197404466	3881536.468915403	80
507968.28859052656	3881536.446815795	80
507968.4071362994	3881536.4136504014	80
507968.28859052656	3881536.446815795	80
507968.5256820708	3881536.380485007	80
507968.5256820708	3881536.380485007	80
507968.6807139349	3881536.325172056	80
507968.6807139349	3881536.325172056	80
507968.76273472654	3881536.3585132817	80
507968.76273472654	3881536.3585132817	80
507968.76273472654	3881536.3585132817	80
507968.8721249479	3881536.369698958	80
507968.8721249479	3881536.369698958	80
507968.9998262765	3881536.292182506	80
507969.1092164961	3881536.303368184	80
507969.1092164961	3881536.303368184	80
507969.218645612	3881536.270194808	80
507969.218645612	3881536.270194808	80
507969.218645612	3881536.270194808	80
507969.309831677	3881536.2480952097	80
507969.4283677307	3881536.226019592	80
507969.4283677307	3881536.226019592	80
507969.51956352	3881536.192830231	80
507969.51956352	3881536.192830231	80
507969.51956352	3881536.192830231	80
507969.62898291525	3881536.170746625	80
507969.7292953702	3881536.1375652594	80
507969.7292953702	3881536.1375652594	80
507969.7292953702	3881536.1375652594	80
507969.8478508738	3881536.093310119	80
507969.8478508738	3881536.093310119	80
507969.9663869309	3881536.071234509	80
507969.9663869309	3881536.071234509	80
507970.05758272606	3881536.038045153	80
507970.1670021221	3881536.015961553	80
507970.1670021221	3881536.015961553	80
507970.1670021221	3881536.015961553	80
507970.276431243	3881535.982788188	80
507970.276431243	3881535.982788188	80
507970.3949770246	3881535.949622818	80
507970.3949770246	3881535.949622818	80
507970.5226200248	3881535.938644974	80
507970.5226200248	3881535.938644974	80
507970.6229324856	3881535.905463618	80
507970.6229324856	3881535.905463618	80
507970.74145882216	3881535.8944777832	80
507970.74145882216	3881535.8944777832	80
507970.85089767154	3881535.8502146616	80
507970.85089767154	3881535.8502146616	80
507971.0150462237	3881535.794909744	80
507971.0150462237	3881535.794909744	80
507971.1518350628	3881535.7506706105	80
507971.1518350628	3881535.7506706105	80
507971.2430308656	3881535.717481267	80
507971.2430308656	3881535.717481267	80
507971.4436363469	3881535.6732981033	80
507971.4436363469	3881535.6732981033	80
507971.58946404565	3881535.7177850874	80
507971.58946404565	3881535.7177850874	80
507971.6806793023	3881535.66241622	80
507971.6806793023	3881535.66241622	80
507971.8995083858	3881535.629338821	80
507971.8995083858	3881535.629338821	80
507971.9998208552	3881535.5961574814	80
507971.9998208552	3881535.5961574814	80
507972.1092499878	3881535.562984138	80
507972.1092499878	3881535.562984138	80
507972.2095624586	3881535.529802802	80
507972.3280985288	3881535.5077272216	80
507972.3280985288	3881535.5077272216	80
507972.3280985288	3881535.5077272216	80
507972.4375471175	3881535.4523743545	80
507972.5925595696	3881535.419241	80
507972.4375471175	3881535.4523743545	80
507972.5925595696	3881535.419241	80
507972.8022719995	3881535.386155626	80
507972.8022719995	3881535.386155626	80
507972.9116914079	3881535.364072058	80
507972.9116914079	3881535.364072058	80
507973.01200388384	3881535.3308907296	80
507973.01200388384	3881535.3308907296	80
507973.13053995854	3881535.30881516	80
507973.13053995854	3881535.30881516	80
507973.2034829916	3881535.297789372	80
507973.367612112	3881535.264664028	80
507973.367612112	3881535.264664028	80
507973.367612112	3881535.264664028	80
507973.4587884716	3881535.253654235	80
507973.4587884716	3881535.253654235	80
507973.5591009485	3881535.220472913	80
507973.5591009485	3881535.220472913	80
507973.6776564851	3881535.176217822	80
507973.7962022897	3881535.143052497	80
507973.7962022897	3881535.143052497	80
507973.7962022897	3881535.143052497	80
507973.9056508941	3881535.087699649	80
507974.0059536457	3881535.0656080944	80
507974.0059536457	3881535.0656080944	80
507974.0059536457	3881535.0656080944	80
507974.1883160995	3881535.032498759	80
507974.3159688442	3881535.010431204	80
507974.3159688442	3881535.010431204	80
507974.3616689109	3881534.8773940215	80
507974.3616689109	3881534.8773940215	80
507974.3616689109	3881534.8773940215	80
507974.4984480509	3881534.844244704	80
507974.607857745	3881534.833250919	80
507974.607857745	3881534.833250919	80
507974.7264035599	3881534.800085606	80
507974.7264035599	3881534.800085606	80
507974.7081702331	3881534.8000696087	80
507974.7081702331	3881534.8000696087	80
507974.7081702331	3881534.8000696087	80
507974.7993076776	3881534.833418889	80
507974.8541146905	3881534.711479473	80
507974.8541146905	3881534.711479473	80
507974.9271063778	3881534.645004875	80
507974.9271063778	3881534.645004875	80
507974.9271063778	3881534.645004875	80
507975.0456424661	3881534.6229293295	80
507975.1368577549	3881534.5675604986	80
507975.1368577549	3881534.5675604986	80
507975.2371507849	3881534.556558722	80
507975.2371507849	3881534.556558722	80
507975.3283758059	3881534.490100127	80
507975.3283758059	3881534.490100127	80
507975.4560090999	3881534.490212117	80
507975.4560090999	3881534.490212117	80
507975.5563215972	3881534.4570308174	80
507975.5563215972	3881534.4570308174	80
507975.64751742914	3881534.423841517	80
507975.64751742914	3881534.423841517	80
507975.64751742914	3881534.423841517	80
507975.7478299232	3881534.39066022	80
507975.85724935547	3881534.3685766873	80
507975.85724935547	3881534.3685766873	80
507975.975814641	3881534.313231861	80
507975.975814641	3881534.313231861	80
507975.975814641	3881534.313231861	80
507976.06702993857	3881534.257863038	80
507976.1855757686	3881534.224697745	80
507976.1855757686	3881534.224697745	80
507976.4044340985	3881534.1583511606	80
507976.4044340985	3881534.1583511606	80
507976.4865327339	3881534.102974343	80
507976.4865327339	3881534.102974343	80
507976.5686411045	3881534.0365077583	80
507976.5686411045	3881534.0365077583	80
507976.71453692944	3881534.003366473	80
507976.71453692944	3881534.003366473	80
507976.8148689012	3881533.948005658	80
507976.8148689012	3881533.948005658	80
507976.8148689012	3881533.948005658	80
507977.0337175099	3881533.8927488537	80
507977.0337175099	3881533.8927488537	80
507977.13403974986	3881533.848477808	80
507977.13403974986	3881533.848477808	80
507977.2343717213	3881533.793116997	80
507977.3255870317	3881533.737748186	80
507977.3255870317	3881533.737748186	80
507977.4623759328	3881533.693509147	80
507977.4623759328	3881533.693509147	80
507977.690389885	3881533.5828115386	80
507977.690389885	3881533.5828115386	80
507977.7998287939	3881533.5385485	80
507977.7998287939	3881533.5385485	80
507977.891053844	3881533.472089931	80
507977.891053844	3881533.472089931	80
507978.0004732925	3881533.450006423	80
507978.0004732925	3881533.450006423	80
507978.1190386032	3881533.3946616254	80
507978.1190386032	3881533.3946616254	80
507978.2010983225	3881533.383643879	80
507978.2010983225	3881533.383643879	80
507978.29230390897	3881533.339364843	80
507978.29230390897	3881533.339364843	80
507978.29230390897	3881533.339364843	80
507978.3926358954	3881533.284004044	80
507978.3926358954	3881533.284004044	80
507978.4929776173	3881533.217553484	80
507978.4929776173	3881533.217553484	80
507978.6023873336	3881533.206559747	80
507978.6935929238	3881533.162280716	80
507978.6935929238	3881533.162280716	80
507978.8030318451	3881533.118017689	80
507978.8030318451	3881533.118017689	80
507978.91248050216	3881533.0626649	80
507978.91248050216	3881533.0626649	80
507978.91248050216	3881533.0626649	80
507978.9945499581	3881533.0405573966	80
507979.08573608415	3881533.018457897	80
507978.9945499581	3881533.0405573966	80
507979.1951652716	3881532.985284639	80
507979.1951652716	3881532.985284639	80
507979.1951652716	3881532.985284639	80
507979.29549726745	3881532.929923853	80
507979.29549726745	3881532.929923853	80
507979.3866833931	3881532.907824355	80
507979.3866833931	3881532.907824355	80
507979.49614179175	3881532.8413818073	80
507979.49614179175	3881532.8413818073	80
507979.6055904564	3881532.786029027	80
507979.6055904564	3881532.786029027	80
507979.705932195	3881532.719578479	80
507979.705932195	3881532.719578479	80
507979.8062739304	3881532.653127933	80
507979.8062739304	3881532.653127933	80
507979.88835313055	3881532.619930673	80
507979.88835313055	3881532.619930673	80
507979.997811534	3881532.553488132	80
507980.1528143271	3881532.53144467	80
507979.997811534	3881532.553488132	80
507980.1528143271	3881532.53144467	80
507980.1984560759	3881532.464946103	80
507980.1984560759	3881532.464946103	80
507980.29876860825	3881532.431764855	80
507980.29876860825	3881532.431764855	80
507980.40821728506	3881532.376412084	80
507980.40821728506	3881532.376412084	80
507980.49942289246	3881532.332133068	80
507980.49942289246	3881532.332133068	80
507980.5906284984	3881532.287854055	80
507980.7000966526	3881532.210321759	80
507980.5906284984	3881532.287854055	80
507980.7000966526	3881532.210321759	80
507980.8095161186	3881532.188238286	80
507980.8095161186	3881532.188238286	80
507981.0284134811	3881532.077532756	80
507981.11959961953	3881532.055433277	80
507981.11959961953	3881532.055433277	80
507981.2108149711	3881532.000064504	80
507981.2108149711	3881532.000064504	80
507981.2108149711	3881532.000064504	80
507981.3111372548	3881531.955793504	80
507981.4114595347	3881531.911522504	80
507981.4114595347	3881531.911522504	80
507981.511781818	3881531.867251504	80
507981.511781818	3881531.867251504	80
507981.6941930523	3881531.7786935	80
507981.6941930523	3881531.7786935	80
507981.79454455565	3881531.70115321	80
507981.79454455565	3881531.70115321	80
507981.8948668431	3881531.6568822153	80
507981.79454455565	3881531.70115321	80
507981.8948668431	3881531.6568822153	80
507981.9769655369	3881531.601505445	80
507981.9769655369	3881531.601505445	80
507982.0590934452	3881531.512859383	80
507982.0590934452	3881531.512859383	80
507982.1594352135	3881531.446408861	80
507982.1594352135	3881531.446408861	80
507982.2506408388	3881531.402129865	80
507982.3418854208	3881531.313491812	80
507982.3418854208	3881531.313491812	80
507982.3418854208	3881531.313491812	80
507982.4148674535	3881531.258107041	80
507982.4148674535	3881531.258107041	80
507982.57906485326	3881531.1473535113	80
507982.57906485326	3881531.1473535113	80
507982.6885232965	3881531.0809110026	80
507982.779748407	3881531.0144524816	80
507982.6885232965	3881531.0809110026	80
507982.779748407	3881531.0144524816	80
507982.88008044416	3881530.959091733	80
507982.88008044416	3881530.959091733	80
507982.9713055596	3881530.892633216	80
507982.9713055596	3881530.892633216	80
507983.0443070768	3881530.81506892	80
507983.0443070768	3881530.81506892	80
507983.1446391224	3881530.759708175	80
507983.1446391224	3881530.759708175	80
507983.2540878321	3881530.704355438	80
507983.2540878321	3881530.704355438	80
507983.34532269073	3881530.62680716	80
507983.7190184049	3881530.726943341	80
507983.7190184049	3881530.726943341	80
507983.7190184049	3881530.726943341	80
507983.801126859	3881530.660476824	80
507983.8923422386	3881530.605108079	80
507983.8923422386	3881530.605108079	80
507983.9926548075	3881530.5719268713	80
507983.9926548075	3881530.5719268713	80
507984.1021230068	3881530.494394616	80
507984.1021230068	3881530.494394616	80
507984.1021230068	3881530.494394616	80
507984.18425094825	3881530.4057485727	80
507984.284573264	3881530.361477605	80
507984.284573264	3881530.361477605	80
507984.284573264	3881530.361477605	80
507984.3757204619	3881530.383737216	80
507984.4851691837	3881530.328384493	80
507984.4851691837	3881530.328384493	80
507984.5672679052	3881530.2730077473	80
507984.5672679052	3881530.2730077473	80
507984.6128902141	3881530.2286887327	80
507984.6128902141	3881530.2286887327	80
507984.7314848352	3881530.140074727	80
507984.7314848352	3881530.140074727	80
507984.7314848352	3881530.140074727	80
507984.8135543341	3881530.117967277	80
507984.8135543341	3881530.117967277	80
507984.9138863936	3881530.062606551	80
507984.9138863936	3881530.062606551	80
507985.0141989721	3881530.029425356	80
507985.0141989721	3881530.029425356	80
507985.123628222	3881529.99625217	80
507985.123628222	3881529.99625217	80
507985.2239407997	3881529.963070977	80
507985.2239407997	3881529.963070977	80
507985.3151464549	3881529.918792009	80
507985.3151464549	3881529.918792009	80
507985.40634236817	3881529.885602809	80
507985.5066646933	3881529.841331854	80
507985.5066646933	3881529.841331854	80
507985.5887536804	3881529.7970448807	80
507985.5887536804	3881529.7970448807	80
507985.6982024212	3881529.741692173	80
507985.6982024212	3881529.741692173	80
507985.7985344902	3881529.686331457	80
507985.7985344902	3881529.686331457	80
507985.8988373352	3881529.6642400343	80
507985.8988373352	3881529.6642400343	80
507985.9900429967	3881529.619961077	80
507985.9900429967	3881529.619961077	80
507986.0994722504	3881529.586787903	80
507986.0994722504	3881529.586787903	80
507986.0994722504	3881529.586787903	80
507986.1906876572	3881529.53141918	80
507986.1906876572	3881529.53141918	80
507986.30011691735	3881529.498246009	80
507986.30011691735	3881529.498246009	80
507986.48241131793	3881529.542765271	80
507986.48241131793	3881529.542765271	80
507986.5736169834	3881529.498486319	80
507986.65571572527	3881529.443109591	80
507986.65571572527	3881529.443109591	80
507986.65571572527	3881529.443109591	80
507986.75603805913	3881529.3988386486	80
507986.75603805913	3881529.3988386486	80
507986.8745937363	3881529.3545837314	80
507986.8745937363	3881529.3545837314	80
507986.9931591569	3881529.2992390497	80
507986.9931591569	3881529.2992390497	80
507987.1026079101	3881529.243886359	80
507987.1026079101	3881529.243886359	80
507987.1938135793	3881529.199607412	80
507987.1938135793	3881529.199607412	80
507987.2941261781	3881529.166426241	80
507987.4035651872	3881529.122163319	80
507987.4035651872	3881529.122163319	80
507987.5220916353	3881529.1111777006	80
507987.5220916353	3881529.1111777006	80
507987.63153064623	3881529.066914781	80
507987.63153064623	3881529.066914781	80
507987.7409696629	3881529.022651863	80
507987.7409696629	3881529.022651863	80
507987.7409696629	3881529.022651863	80
507987.8321753397	3881528.9783729217	80
507987.8321753397	3881528.9783729217	80
507987.9324879386	3881528.945191759	80
507987.9324879386	3881528.945191759	80
507988.05105337343	3881528.88984709	80
507988.05105337343	3881528.88984709	80
507988.1513952123	3881528.823396636	80
507988.1513952123	3881528.823396636	80
507988.2608439805	3881528.76804396	80
507988.2608439805	3881528.76804396	80
507988.3793899224	3881528.734878825	80
507988.3793899224	3881528.734878825	80
507988.4614789357	3881528.690591879	80
507988.4614789357	3881528.690591879	80
507988.58003462816	3881528.646336981	80
507988.58003462816	3881528.646336981	80
507988.7259305839	3881528.61319589	80
507988.7259305839	3881528.61319589	80
507988.8079806127	3881528.613268004	80
507988.8079806127	3881528.613268004	80
507989.0268489176	3881528.535831959	80
507989.0268489176	3881528.535831959	80
507989.1362782002	3881528.502658821	80
507989.1362782002	3881528.502658821	80
507989.2366005566	3881528.458387909	80
507989.2366005566	3881528.458387909	80
507989.34604933584	3881528.403035245	80
507989.34604933584	3881528.403035245	80
507989.46462452936	3881528.336600832	80
507989.46462452936	3881528.336600832	80
507989.5923358948	3881528.247994904	80
507989.5923358948	3881528.247994904	80
507989.6653179964	3881528.192610192	80
507989.6653179964	3881528.192610192	80
507989.9206724956	3881528.093026694	80
507989.9206724956	3881528.093026694	80
507990.0301115328	3881528.048763804	80
507990.0301115328	3881528.048763804	80
507990.1486574928	3881528.015598692	80
507990.1486574928	3881528.015598692	80
507990.2580770325	3881527.9935153327	80
507990.2580770325	3881527.9935153327	80
507990.3583994046	3881527.949244431	80
507990.3583994046	3881527.949244431	80
507990.4678286969	3881527.91607131	80
507990.5772774879	3881527.860718661	80
507990.4678286969	3881527.91607131	80
507990.5772774879	3881527.860718661	80
507990.68672628026	3881527.805366015	80
507990.68672628026	3881527.805366015	80
507990.8052819952	3881527.7611111454	80
507990.8052819952	3881527.7611111454	80
507990.9238279618	3881527.727946045	80
507990.9238279618	3881527.727946045	80
507991.0241405882	3881527.694764915	80
507991.0241405882	3881527.694764915	80
507991.13356013625	3881527.6726815663	80
507991.242969935	3881527.661687983	80
507991.13356013625	3881527.6726815663	80
507991.242969935	3881527.661687983	80
507991.352389484	3881527.639604637	80
507991.352389484	3881527.639604637	80
507991.4800326247	3881527.628627085	80
507991.4800326247	3881527.628627085	80
507991.56211191294	3881527.595429932	80
507991.56211191294	3881527.595429932	80
507991.66241479287	3881527.5733385743	80
507991.66241479287	3881527.5733385743	80
507991.7718440944	3881527.540165469	80
507991.89943848393	3881527.5846367446	80
507991.7718440944	3881527.540165469	80
507991.89943848393	3881527.5846367446	80
507992.0180039607	3881527.5292921294	80
507992.0180039607	3881527.5292921294	80
507992.1456666056	3881527.496135059	80
507992.2550959075	3881527.46296196	80
507992.2550959075	3881527.46296196	80
507992.2550959075	3881527.46296196	80
507992.37363213446	3881527.4408866414	80
507992.37363213446	3881527.4408866414	80
507992.4921586084	3881527.4299010895	80
507992.4921586084	3881527.4299010895	80
507992.6015781632	3881527.407817759	80
507992.6015781632	3881527.407817759	80
507992.7109977186	3881527.385734427	80
507992.7109977186	3881527.385734427	80
507992.820436778	3881527.3414715705	80
507992.820436778	3881527.3414715705	80
507992.91162299056	3881527.319372209	80
507992.91162299056	3881527.319372209	80
507993.0210425501	3881527.2972888825	80
507993.0210425501	3881527.2972888825	80
507993.14869544975	3881527.275221592	80
507993.14869544975	3881527.275221592	80
507993.2490178417	3881527.2309507215	80
507993.2490178417	3881527.2309507215	80
507993.3767	3881527.175614141	80
507993.3767	3881527.175614141	80
507993.4861195578	3881527.15353082	80
507993.4861195578	3881527.15353082	80
507993.5955391208	3881527.131447501	80
507993.5955391208	3881527.131447501	80
507993.71408510586	3881527.098282435	80
507993.8143977495	3881527.0651013367	80
507993.8143977495	3881527.0651013367	80
507993.8143977495	3881527.0651013367	80
507993.93296324246	3881527.009756748	80
507993.93296324246	3881527.009756748	80
507994.0605966442	3881527.009868998	80
507994.0605966442	3881527.009868998	80
507994.1609190412	3881526.9655981385	80
507994.2703288522	3881526.954604589	80
507994.1609190412	3881526.9655981385	80
507994.2703288522	3881526.954604589	80
507994.3615345818	3881526.910325715	80
507994.4800903264	3881526.866070896	80
507994.3615345818	3881526.910325715	80
507994.598655826	3881526.8107263134	80
507994.598655826	3881526.8107263134	80
507994.69897823007	3881526.766455461	80
507994.69897823007	3881526.766455461	80
507994.80839779833	3881526.744372156	80
507994.80839779833	3881526.744372156	80
507994.8995937784	3881526.71118305	80
507994.8995937784	3881526.71118305	80
507995.00902310223	3881526.678009985	80
507995.00902310223	3881526.678009985	80
507995.127578853	3881526.6337551726	80
507995.127578853	3881526.6337551726	80
507995.25522201246	3881526.6227776753	80
507995.25522201246	3881526.6227776753	80
507995.3646708483	3881526.5674250848	80
507995.3646708483	3881526.5674250848	80
507995.47409042064	3881526.5453417874	80
507995.3646708483	3881526.5674250848	80
507995.47409042064	3881526.5453417874	80
507995.5744128319	3881526.5010709446	80
507995.5744128319	3881526.5010709446	80
507995.6747352465	3881526.456800101	80
507995.6747352465	3881526.456800101	80
507995.79328124574	3881526.423635063	80
507995.79328124574	3881526.423635063	80
507995.91183700366	3881526.379380263	80
507995.91183700366	3881526.379380263	80
507996.0395191927	3881526.32404372	80
507996.0395191927	3881526.32404372	80
507996.13070542336	3881526.3019443904	80
507996.13070542336	3881526.3019443904	80
507996.3586612506	3881526.2577858376	80
507996.3586612506	3881526.2577858376	80
507996.477177991	3881526.2578901015	80
507996.477177991	3881526.2578901015	80
507996.58661708015	3881526.2136272886	80
507996.58661708015	3881526.2136272886	80
507996.69604641845	3881526.180454242	80
507996.69604641845	3881526.180454242	80
507996.8054464832	3881526.1805504896	80
507996.8054464832	3881526.1805504896	80
507996.9239827381	3881526.15847523	80
507996.9239827381	3881526.15847523	80
507997.0334218329	3881526.114212424	80
507997.1610942731	3881526.0699656615	80
507997.0334218329	3881526.114212424	80
507997.1610942731	3881526.0699656615	80
507997.2796500424	3881526.0257108775	80
507997.2796500424	3881526.0257108775	80
507997.3890696259	3881526.003627605	80
507997.3890696259	3881526.003627605	80
507997.4984989674	3881525.970454567	80
507997.6170352244	3881525.9483793178	80
507997.6170352244	3881525.9483793178	80
507997.6170352244	3881525.9483793178	80
507997.7537950689	3881525.937409877	80
507997.7537950689	3881525.937409877	80
507997.863214657	3881525.915326608	80
507997.863214657	3881525.915326608	80
507997.9999842604	3881525.893267409	80
507997.9999842604	3881525.893267409	80
507998.182366501	3881525.837979026	80
507998.182366501	3881525.837979026	80
507998.3282820541	3881525.78265856	80
507998.3282820541	3881525.78265856	80
507998.4650614215	3881525.7495096014	80
507998.4650614215	3881525.7495096014	80
507998.5744810113	3881525.727426343	80
507998.5744810113	3881525.727426343	80
507998.6930172741	3881525.705351106	80
507998.6930172741	3881525.705351106	80
507998.802436865	3881525.683267848	80
507998.802436865	3881525.683267848	80
507998.9300995608	3881525.650110875	80
507998.9300995608	3881525.650110875	80
507999.0577524981	3881525.628043666	80
507999.0577524981	3881525.628043666	80
507999.1854054384	3881525.605976461	80
507999.313058377	3881525.583909256	80
507999.313058377	3881525.583909256	80
507999.313058377	3881525.583909256	80
507999.4224877283	3881525.550736242	80
507999.4224877283	3881525.550736242	80
507999.5410337578	3881525.517571253	80
507999.5410337578	3881525.517571253	80
507999.6504728731	3881525.473308477	80
507999.7690286624	3881525.429053727	80
507999.7690286624	3881525.429053727	80
507999.7690286624	3881525.429053727	80
507999.9057982777	3881525.406994555	80
507999.9057982777	3881525.406994555	80
508000.0516943295	3881525.373853645	80
508000.0516943295	3881525.373853645	80
508000.179327752	3881525.373965981	80
508000.179327752	3881525.373965981	80
508000.3069709355	3881525.362988554	80
508000.4254974463	3881525.3520031055	80
508000.4254974463	3881525.3520031055	80
508000.4254974463	3881525.3520031055	80
508000.5440141963	3881525.352107423	80
508000.68077405344	3881525.3411380257	80
508000.68077405344	3881525.3411380257	80
508000.68077405344	3881525.3411380257	80
508000.79928104446	3881525.352332112	80
508000.9178075561	3881525.341346668	80
508000.79928104446	3881525.352332112	80
508000.9178075561	3881525.341346668	80
508001.0454409791	3881525.341459016	80
508001.1821910774	3881525.341579392	80
508001.0454409791	3881525.341459016	80
508001.3098342625	3881525.33060198	80
508001.1821910774	3881525.341579392	80
508001.3098342625	3881525.33060198	80
508001.4283607727	3881525.319616544	80
508001.5468580008	3881525.341900402	80
508001.4283607727	3881525.319616544	80
508001.64712187776	3881525.3641682114	80
508001.5468580008	3881525.341900402	80
508001.64712187776	3881525.3641682114	80
508001.7747260126	3881525.397549864	80
508001.7747260126	3881525.397549864	80
508001.9023496744	3881525.408751988	80
508001.9023496744	3881525.408751988	80
508002.0390802434	3881525.431051904	80
508002.0390802434	3881525.431051904	80
508002.1575969924	3881525.4311562423	80
508002.1575969924	3881525.4311562423	80
508002.3673195255	3881525.386981788	80
508002.3673195255	3881525.386981788	80
508002.48582651385	3881525.398175895	80
508002.6225863727	3881525.387206528	80
508002.6225863727	3881525.387206528	80
508002.7411031199	3881525.3873108737	80
508002.6225863727	3881525.387206528	80
508002.7411031199	3881525.3873108737	80
508002.8596003439	3881525.409594748	80
508002.8596003439	3881525.409594748	80
508002.97810732905	3881525.420788861	80
508002.97810732905	3881525.420788861	80
508003.1148476596	3881525.4319990296	80
508003.1148476596	3881525.4319990296	80
508003.22422820696	3881525.454274884	80
508003.22422820696	3881525.454274884	80
508003.4430185941	3881525.4655573023	80
508003.4430185941	3881525.4655573023	80
508003.68008138624	3881525.4324967233	80
508003.9079591504	3881525.477056473	80
508003.68008138624	3881525.4324967233	80
508003.9079591504	3881525.477056473	80
508004.0629816541	3881525.43283389	80
508004.0629816541	3881525.43283389	80
508004.1906346072	3881525.4107667534	80
508004.30915135646	3881525.41087112	80
508004.1906346072	3881525.4107667534	80
508004.30915135646	3881525.41087112	80
508004.4276876376	3881525.38879596	80
508004.4276876376	3881525.38879596	80
508004.5644474989	3881525.377826622	80
508004.5644474989	3881525.377826622	80
508004.682964251	3881525.3779309927	80
508004.682964251	3881525.3779309927	80
508004.8014907672	3881525.3669456	80
508004.8014907672	3881525.3669456	80
508004.9200270477	3881525.344870446	80
508005.0385633335	3881525.322795293	80
508005.0385633335	3881525.322795293	80
508005.0385633335	3881525.322795293	80
508005.1479731778	3881525.311801877	80
508005.1479731778	3881525.311801877	80
508005.2756359021	3881525.278644991	80
508005.40328886034	3881525.256577873	80
508005.2756359021	3881525.278644991	80
508005.40328886034	3881525.256577873	80
508005.5400682618	3881525.223429021	80
508005.5400682618	3881525.223429021	80
508005.7041879136	3881525.201394024	80
508005.7041879136	3881525.201394024	80
508005.8500449196	3881525.212612264	80
508005.8500449196	3881525.212612264	80
508005.95037716185	3881525.15725177	80
508005.95037716185	3881525.15725177	80
508006.1783037621	3881525.1463627545	80
508006.1783037621	3881525.1463627545	80
508006.2877136123	3881525.1353693535	80
508006.4062596678	3881525.102204454	80
508006.4062596678	3881525.102204454	80
508006.51567928726	3881525.080121289	80
508006.4062596678	3881525.102204454	80
508006.51567928726	3881525.080121289	80
508006.6251086712	3881525.046948362	80
508006.6251086712	3881525.046948362	80
508006.7527811734	3881525.0027017337	80
508006.7527811734	3881525.0027017337	80
508006.88043414144	3881524.980634636	80
508006.88043414144	3881524.980634636	80
508006.9807566259	3881524.936363917	80
508006.9807566259	3881524.936363917	80
508007.09016647725	3881524.9253705246	80
508007.09016647725	3881524.9253705246	80
508007.2087125408	3881524.892205635	80
508007.3090057196	3881524.881204214	80
508007.2087125408	3881524.892205635	80
508007.3090057196	3881524.881204214	80
508007.4275322455	3881524.870218856	80
508007.52791335183	3881524.759409559	80
508007.52791335183	3881524.759409559	80
508007.52791335183	3881524.759409559	80
508007.6282260697	3881524.726228613	80
508007.6282260697	3881524.726228613	80
508007.7376652366	3881524.681965935	80
508007.8379584184	3881524.670964519	80
508007.8379584184	3881524.670964519	80
508007.956504488	3881524.637799641	80
508007.8379584184	3881524.670964519	80
508008.0750603288	3881524.593544999	80
508008.0750603288	3881524.593544999	80
508008.1936161708	3881524.549290358	80
508008.1936161708	3881524.549290358	80
508008.1936161708	3881524.549290358	80
508008.3030260283	3881524.5382969794	80
508008.42156233295	3881524.516221871	80
508008.42156233295	3881524.516221871	80
508008.42156233295	3881524.516221871	80
508008.5309819598	3881524.494138731	80
508008.5309819598	3881524.494138731	80
508008.6404015917	3881524.4720555926	80
508008.6404015917	3881524.4720555926	80
508008.75892812223	3881524.461070254	80
508008.75892812223	3881524.461070254	80
508008.8592310813	3881524.438979084	80
508008.8592310813	3881524.438979084	80
508008.9595340363	3881524.4168879166	80
508008.9595340363	3881524.4168879166	80
508009.07806057256	3881524.40590258	80
508009.07806057256	3881524.40590258	80
508009.187489974	3881524.372729684	80
508009.187489974	3881524.372729684	80
508009.3060458266	3881524.32847506	80
508009.3060458266	3881524.32847506	80
508009.4246114501	3881524.273130669	80
508009.4246114501	3881524.273130669	80
508009.5340408568	3881524.2399577782	80
508009.5340408568	3881524.2399577782	80
508009.6252271415	3881524.217858585	80
508009.6252271415	3881524.217858585	80
508009.7528801276	3881524.195791527	80
508009.7528801276	3881524.195791527	80
508009.8622997639	3881524.173708403	80
508009.9808165272	3881524.1738128434	80
508009.8622997639	3881524.173708403	80
508009.9808165272	3881524.1738128434	80
508010.1084792876	3881524.140656025	80
508010.1996655748	3881524.118556838	80
508010.1084792876	3881524.140656025	80
508010.1996655748	3881524.118556838	80
508010.3090949884	3881524.0853839554	80
508010.3090949884	3881524.0853839554	80
508010.4094077263	3881524.052203039	80
508010.4094077263	3881524.052203039	80
508010.5279635868	3881524.007948429	80
508010.5279635868	3881524.007948429	80
508010.6374125453	3881523.952596022	80
508010.6374125453	3881523.952596022	80
508010.74685173616	3881523.908333381	80
508010.74685173616	3881523.908333381	80
508010.8471547039	3881523.8862422346	80
508010.8471547039	3881523.8862422346	80
508010.9474576698	3881523.864151089	80
508010.9474576698	3881523.864151089	80
508011.047750867	3881523.853149709	80
508011.047750867	3881523.853149709	80
508011.14805383375	3881523.8310585655	80
508011.2574539294	3881523.831154987	80
508011.14805383375	3881523.8310585655	80
508011.2574539294	3881523.831154987	80
508011.36686380167	3881523.820161646	80
508011.4580403207	3881523.8091522334	80
508011.36686380167	3881523.820161646	80
508011.4580403207	3881523.8091522334	80
508011.5492168422	3881523.798142824	80
508011.5492168422	3881523.798142824	80
508011.63128646417	3881523.776035616	80
508011.63128646417	3881523.776035616	80
508011.7315992081	3881523.7428547153	80
508011.7315992081	3881523.7428547153	80
508011.8227952804	3881523.70966578	80
508011.8227952804	3881523.70966578	80
508011.92309825536	3881523.6875746446	80
508011.92309825536	3881523.6875746446	80
508012.0142747787	3881523.676565239	80
508012.0142747787	3881523.676565239	80
508012.09633462765	3881523.665547799	80
508012.09633462765	3881523.665547799	80
508012.1875209245	3881523.6434486313	80
508012.1875209245	3881523.6434486313	80
508012.27869744855	3881523.632439229	80
508012.27869744855	3881523.632439229	80
508012.36075729824	3881523.621421791	80
508012.36075729824	3881523.621421791	80
508012.4428171481	3881523.610404353	80
508012.5066534223	3881523.58828108	80
508012.5066534223	3881523.58828108	80
508012.5066534223	3881523.58828108	80
508012.57959659793	3881523.577255607	80
508012.57959659793	3881523.577255607	80
508012.7346485023	3881523.499763879	80
508012.81670835376	3881523.4887464456	80
508012.81670835376	3881523.4887464456	80
508012.81670835376	3881523.4887464456	80
508012.880544632	3881523.4666231754	80
508012.880544632	3881523.4666231754	80
508012.9443906845	3881523.43341014	80
508012.9443906845	3881523.43341014	80
508012.98999361135	3881523.411270794	80
508012.98999361135	3881523.411270794	80
508013.0447034393	3881523.400229253	80
508013.0447034393	3881523.400229253	80
508013.1085201658	3881523.400285512	80
508013.1358701904	3881523.400309623	80
508013.1358701904	3881523.400309623	80
508013.1358701904	3881523.400309623	80
508013.1723368899	3881523.400341772	80
508013.1723368899	3881523.400341772	80
508013.199677138	3881523.4114556457	80
508013.21791048767	3881523.41147172	80
508013.199677138	3881523.4114556457	80
508013.21791048767	3881523.41147172	80
508013.2361438397	3881523.4114877945	80
508013.2361438397	3881523.4114877945	80
508013.2452702912	3881523.4004060687	80
508013.2452702912	3881523.4004060687	80
508013.2543869661	3881523.400414106	80
508013.2543771895	3881523.4115038686	80
508013.2543771895	3881523.4115038686	80
508013.2543771895	3881523.4115038686	80
508013.2543771895	3881523.4115038686	80
508013.2543771895	3881523.4115038686	80
508013.2543771895	3881523.4115038686	80
508013.2543771895	3881523.4115038686	80
508013.2543674128	3881523.422593635	80
508013.2543674128	3881523.422593635	80
508013.2543674128	3881523.422593635	80
508013.2543674128	3881523.422593635	80
508013.2726105416	3881523.4115199433	80
508013.2726105416	3881523.4115199433	80
508013.2726105416	3881523.4115199433	80
508013.26348408766	3881523.422601672	80
508013.26348408766	3881523.422601672	80
508013.2726007649	3881523.422609709	80
508013.2726007649	3881523.422609709	80
508013.26348408766	3881523.422601672	80
508013.26348408766	3881523.422601672	80
508013.26348408766	3881523.422601672	80
508013.26348408766	3881523.422601672	80
508013.26348408766	3881523.422601672	80
508013.26348408766	3881523.422601672	80
508013.26348408766	3881523.422601672	80
508013.2726105416	3881523.4115199433	80
508013.2726105416	3881523.4115199433	80
508013.2726105416	3881523.4115199433	80
508013.2726105416	3881523.4115199433	80
508013.2726105416	3881523.4115199433	80
508013.2726105416	3881523.4115199433	80
508013.2726105416	3881523.4115199433	80
508013.2726105416	3881523.4115199433	80
508013.263503641	3881523.400422143	80
508013.263503641	3881523.400422143	80
508013.263503641	3881523.400422143	80
508013.263503641	3881523.400422143	80
508013.2726105416	3881523.4115199433	80
508013.2726105416	3881523.4115199433	80
508013.26349386433	3881523.411511906	80
508013.26349386433	3881523.411511906	80
508013.2726007649	3881523.422609709	80
508013.2726007649	3881523.422609709	80
508013.2726007649	3881523.422609709	80
508013.2817174374	3881523.4226177465	80
508013.2817174374	3881523.4226177465	80
508013.2817174374	3881523.4226177465	80
508013.2817174374	3881523.4226177465	80
508013.2817174374	3881523.4226177465	80
508013.2817174374	3881523.4226177465	80
