<?xml version="1.0" encoding="utf-8" ?>
<kml xmlns="http://www.opengis.net/kml/2.2">
<Document id="root_doc">
<Schema name="competition_route_right_center_1m" id="competition_route_right_center_1m">
	<SimpleField name="index" type="string"></SimpleField>
	<SimpleField name="distance_m" type="string"></SimpleField>
	<SimpleField name="latitude" type="float"></SimpleField>
	<SimpleField name="longitude" type="float"></SimpleField>
	<SimpleField name="utm_easting_m" type="string"></SimpleField>
	<SimpleField name="utm_northing_m" type="string"></SimpleField>
	<SimpleField name="utm_zone" type="string"></SimpleField>
	<SimpleField name="target_speed" type="string"></SimpleField>
</Schema>
<Folder><name>competition_route_right_center_1m</name>
  <Placemark>
	<ExtendedData><SchemaData schemaUrl="#competition_route_right_center_1m">
		<SimpleData name="index">0</SimpleData>
		<SimpleData name="distance_m">0.000</SimpleData>
		<SimpleData name="latitude">37.2889353212</SimpleData>
		<SimpleData name="longitude">127.1076739169</SimpleData>
		<SimpleData name="utm_easting_m">332259.3111</SimpleData>
		<SimpleData name="utm_northing_m">4128604.2065</SimpleData>
		<SimpleData name="utm_zone">52N</SimpleData>
		<SimpleData name="target_speed">0.300</SimpleData>
	</SchemaData></ExtendedData>
      <Point><coordinates>127.1076739169,37.2889353212</coordinates></Point>
  </Placemark>
  <Placemark>
	<ExtendedData><SchemaData schemaUrl="#competition_route_right_center_1m">
		<SimpleData name="index">1</SimpleData>
		<SimpleData name="distance_m">1.000</SimpleData>
		<SimpleData name="latitude">37.2889389859</SimpleData>
		<SimpleData name="longitude">127.1076636145</SimpleData>
		<SimpleData name="utm_easting_m">332258.4059</SimpleData>
		<SimpleData name="utm_northing_m">4128604.6314</SimpleData>
		<SimpleData name="utm_zone">52N</SimpleData>
		<SimpleData name="target_speed">0.300</SimpleData>
	</SchemaData></ExtendedData>
      <Point><coordinates>127.1076636145,37.2889389859</coordinates></Point>
  </Placemark>
  <Placemark>
	<ExtendedData><SchemaData schemaUrl="#competition_route_right_center_1m">
		<SimpleData name="index">2</SimpleData>
		<SimpleData name="distance_m">2.000</SimpleData>
		<SimpleData name="latitude">37.2889424453</SimpleData>
		<SimpleData name="longitude">127.1076532009</SimpleData>
		<SimpleData name="utm_easting_m">332257.4904</SimpleData>
		<SimpleData name="utm_northing_m">4128605.0337</SimpleData>
		<SimpleData name="utm_zone">52N</SimpleData>
		<SimpleData name="target_speed">0.300</SimpleData>
	</SchemaData></ExtendedData>
      <Point><coordinates>127.1076532009,37.2889424453</coordinates></Point>
  </Placemark>
  <Placemark>
	<ExtendedData><SchemaData schemaUrl="#competition_route_right_center_1m">
		<SimpleData name="index">3</SimpleData>
		<SimpleData name="distance_m">3.000</SimpleData>
		<SimpleData name="latitude">37.2889459266</SimpleData>
		<SimpleData name="longitude">127.1076427989</SimpleData>
		<SimpleData name="utm_easting_m">332256.5760</SimpleData>
		<SimpleData name="utm_northing_m">4128605.4384</SimpleData>
		<SimpleData name="utm_zone">52N</SimpleData>
		<SimpleData name="target_speed">0.300</SimpleData>
	</SchemaData></ExtendedData>
      <Point><coordinates>127.1076427989,37.2889459266</coordinates></Point>
  </Placemark>
  <Placemark>
	<ExtendedData><SchemaData schemaUrl="#competition_route_right_center_1m">
		<SimpleData name="index">4</SimpleData>
		<SimpleData name="distance_m">4.000</SimpleData>
		<SimpleData name="latitude">37.2889495866</SimpleData>
		<SimpleData name="longitude">127.1076324934</SimpleData>
		<SimpleData name="utm_easting_m">332255.6706</SimpleData>
		<SimpleData name="utm_northing_m">4128605.8628</SimpleData>
		<SimpleData name="utm_zone">52N</SimpleData>
		<SimpleData name="target_speed">0.300</SimpleData>
	</SchemaData></ExtendedData>
      <Point><coordinates>127.1076324934,37.2889495866</coordinates></Point>
  </Placemark>
  <Placemark>
	<ExtendedData><SchemaData schemaUrl="#competition_route_right_center_1m">
		<SimpleData name="index">5</SimpleData>
		<SimpleData name="distance_m">5.000</SimpleData>
		<SimpleData name="latitude">37.2889533363</SimpleData>
		<SimpleData name="longitude">127.1076222383</SimpleData>
		<SimpleData name="utm_easting_m">332254.7698</SimpleData>
		<SimpleData name="utm_northing_m">4128606.2970</SimpleData>
		<SimpleData name="utm_zone">52N</SimpleData>
		<SimpleData name="target_speed">0.300</SimpleData>
	</SchemaData></ExtendedData>
      <Point><coordinates>127.1076222383,37.2889533363</coordinates></Point>
  </Placemark>
  <Placemark>
	<ExtendedData><SchemaData schemaUrl="#competition_route_right_center_1m">
		<SimpleData name="index">6</SimpleData>
		<SimpleData name="distance_m">6.000</SimpleData>
		<SimpleData name="latitude">37.2889569788</SimpleData>
		<SimpleData name="longitude">127.1076119233</SimpleData>
		<SimpleData name="utm_easting_m">332253.8634</SimpleData>
		<SimpleData name="utm_northing_m">4128606.7195</SimpleData>
		<SimpleData name="utm_zone">52N</SimpleData>
		<SimpleData name="target_speed">0.300</SimpleData>
	</SchemaData></ExtendedData>
      <Point><coordinates>127.1076119233,37.2889569788</coordinates></Point>
  </Placemark>
  <Placemark>
	<ExtendedData><SchemaData schemaUrl="#competition_route_right_center_1m">
		<SimpleData name="index">7</SimpleData>
		<SimpleData name="distance_m">7.000</SimpleData>
		<SimpleData name="latitude">37.288960414</SimpleData>
		<SimpleData name="longitude">127.1076014974</SimpleData>
		<SimpleData name="utm_easting_m">332252.9468</SimpleData>
		<SimpleData name="utm_northing_m">4128607.1191</SimpleData>
		<SimpleData name="utm_zone">52N</SimpleData>
		<SimpleData name="target_speed">0.300</SimpleData>
	</SchemaData></ExtendedData>
      <Point><coordinates>127.1076014974,37.288960414</coordinates></Point>
  </Placemark>
  <Placemark>
	<ExtendedData><SchemaData schemaUrl="#competition_route_right_center_1m">
		<SimpleData name="index">8</SimpleData>
		<SimpleData name="distance_m">8.000</SimpleData>
		<SimpleData name="latitude">37.2889636764</SimpleData>
		<SimpleData name="longitude">127.1075909847</SimpleData>
		<SimpleData name="utm_easting_m">332252.0221</SimpleData>
		<SimpleData name="utm_northing_m">4128607.4998</SimpleData>
		<SimpleData name="utm_zone">52N</SimpleData>
		<SimpleData name="target_speed">0.300</SimpleData>
	</SchemaData></ExtendedData>
      <Point><coordinates>127.1075909847,37.2889636764</coordinates></Point>
  </Placemark>
  <Placemark>
	<ExtendedData><SchemaData schemaUrl="#competition_route_right_center_1m">
		<SimpleData name="index">9</SimpleData>
		<SimpleData name="distance_m">9.000</SimpleData>
		<SimpleData name="latitude">37.2889668509</SimpleData>
		<SimpleData name="longitude">127.1075804299</SimpleData>
		<SimpleData name="utm_easting_m">332251.0934</SimpleData>
		<SimpleData name="utm_northing_m">4128607.8707</SimpleData>
		<SimpleData name="utm_zone">52N</SimpleData>
		<SimpleData name="target_speed">0.300</SimpleData>
	</SchemaData></ExtendedData>
      <Point><coordinates>127.1075804299,37.2889668509</coordinates></Point>
  </Placemark>
  <Placemark>
	<ExtendedData><SchemaData schemaUrl="#competition_route_right_center_1m">
		<SimpleData name="index">10</SimpleData>
		<SimpleData name="distance_m">10.000</SimpleData>
		<SimpleData name="latitude">37.288970001</SimpleData>
		<SimpleData name="longitude">127.1075698636</SimpleData>
		<SimpleData name="utm_easting_m">332250.1637</SimpleData>
		<SimpleData name="utm_northing_m">4128608.2390</SimpleData>
		<SimpleData name="utm_zone">52N</SimpleData>
		<SimpleData name="target_speed">0.300</SimpleData>
	</SchemaData></ExtendedData>
      <Point><coordinates>127.1075698636,37.288970001</coordinates></Point>
  </Placemark>
  <Placemark>
	<ExtendedData><SchemaData schemaUrl="#competition_route_right_center_1m">
		<SimpleData name="index">11</SimpleData>
		<SimpleData name="distance_m">11.000</SimpleData>
		<SimpleData name="latitude">37.2889731955</SimpleData>
		<SimpleData name="longitude">127.1075593183</SimpleData>
		<SimpleData name="utm_easting_m">332249.2359</SimpleData>
		<SimpleData name="utm_northing_m">4128608.6122</SimpleData>
		<SimpleData name="utm_zone">52N</SimpleData>
		<SimpleData name="target_speed">0.300</SimpleData>
	</SchemaData></ExtendedData>
      <Point><coordinates>127.1075593183,37.2889731955</coordinates></Point>
  </Placemark>
  <Placemark>
	<ExtendedData><SchemaData schemaUrl="#competition_route_right_center_1m">
		<SimpleData name="index">12</SimpleData>
		<SimpleData name="distance_m">12.000</SimpleData>
		<SimpleData name="latitude">37.2889765334</SimpleData>
		<SimpleData name="longitude">127.1075488428</SimpleData>
		<SimpleData name="utm_easting_m">332248.3147</SimpleData>
		<SimpleData name="utm_northing_m">4128609.0011</SimpleData>
		<SimpleData name="utm_zone">52N</SimpleData>
		<SimpleData name="target_speed">0.300</SimpleData>
	</SchemaData></ExtendedData>
      <Point><coordinates>127.1075488428,37.2889765334</coordinates></Point>
  </Placemark>
  <Placemark>
	<ExtendedData><SchemaData schemaUrl="#competition_route_right_center_1m">
		<SimpleData name="index">13</SimpleData>
		<SimpleData name="distance_m">13.000</SimpleData>
		<SimpleData name="latitude">37.2889799386</SimpleData>
		<SimpleData name="longitude">127.1075384013</SimpleData>
		<SimpleData name="utm_easting_m">332247.3966</SimpleData>
		<SimpleData name="utm_northing_m">4128609.3975</SimpleData>
		<SimpleData name="utm_zone">52N</SimpleData>
		<SimpleData name="target_speed">0.300</SimpleData>
	</SchemaData></ExtendedData>
      <Point><coordinates>127.1075384013,37.2889799386</coordinates></Point>
  </Placemark>
  <Placemark>
	<ExtendedData><SchemaData schemaUrl="#competition_route_right_center_1m">
		<SimpleData name="index">14</SimpleData>
		<SimpleData name="distance_m">14.000</SimpleData>
		<SimpleData name="latitude">37.288983261</SimpleData>
		<SimpleData name="longitude">127.107527918</SimpleData>
		<SimpleData name="utm_easting_m">332246.4746</SimpleData>
		<SimpleData name="utm_northing_m">4128609.7847</SimpleData>
		<SimpleData name="utm_zone">52N</SimpleData>
		<SimpleData name="target_speed">0.300</SimpleData>
	</SchemaData></ExtendedData>
      <Point><coordinates>127.107527918,37.288983261</coordinates></Point>
  </Placemark>
  <Placemark>
	<ExtendedData><SchemaData schemaUrl="#competition_route_right_center_1m">
		<SimpleData name="index">15</SimpleData>
		<SimpleData name="distance_m">15.000</SimpleData>
		<SimpleData name="latitude">37.2889864827</SimpleData>
		<SimpleData name="longitude">127.1075173857</SimpleData>
		<SimpleData name="utm_easting_m">332245.5481</SimpleData>
		<SimpleData name="utm_northing_m">4128610.1609</SimpleData>
		<SimpleData name="utm_zone">52N</SimpleData>
		<SimpleData name="target_speed">0.300</SimpleData>
	</SchemaData></ExtendedData>
      <Point><coordinates>127.1075173857,37.2889864827</coordinates></Point>
  </Placemark>
  <Placemark>
	<ExtendedData><SchemaData schemaUrl="#competition_route_right_center_1m">
		<SimpleData name="index">16</SimpleData>
		<SimpleData name="distance_m">16.000</SimpleData>
		<SimpleData name="latitude">37.2889896936</SimpleData>
		<SimpleData name="longitude">127.1075068481</SimpleData>
		<SimpleData name="utm_easting_m">332244.6210</SimpleData>
		<SimpleData name="utm_northing_m">4128610.5358</SimpleData>
		<SimpleData name="utm_zone">52N</SimpleData>
		<SimpleData name="target_speed">0.300</SimpleData>
	</SchemaData></ExtendedData>
      <Point><coordinates>127.1075068481,37.2889896936</coordinates></Point>
  </Placemark>
  <Placemark>
	<ExtendedData><SchemaData schemaUrl="#competition_route_right_center_1m">
		<SimpleData name="index">17</SimpleData>
		<SimpleData name="distance_m">17.000</SimpleData>
		<SimpleData name="latitude">37.2889928999</SimpleData>
		<SimpleData name="longitude">127.1074963083</SimpleData>
		<SimpleData name="utm_easting_m">332243.6938</SimpleData>
		<SimpleData name="utm_northing_m">4128610.9103</SimpleData>
		<SimpleData name="utm_zone">52N</SimpleData>
		<SimpleData name="target_speed">0.300</SimpleData>
	</SchemaData></ExtendedData>
      <Point><coordinates>127.1074963083,37.2889928999</coordinates></Point>
  </Placemark>
  <Placemark>
	<ExtendedData><SchemaData schemaUrl="#competition_route_right_center_1m">
		<SimpleData name="index">18</SimpleData>
		<SimpleData name="distance_m">18.000</SimpleData>
		<SimpleData name="latitude">37.2889960271</SimpleData>
		<SimpleData name="longitude">127.1074857314</SimpleData>
		<SimpleData name="utm_easting_m">332242.7631</SimpleData>
		<SimpleData name="utm_northing_m">4128611.2760</SimpleData>
		<SimpleData name="utm_zone">52N</SimpleData>
		<SimpleData name="target_speed">0.300</SimpleData>
	</SchemaData></ExtendedData>
      <Point><coordinates>127.1074857314,37.2889960271</coordinates></Point>
  </Placemark>
  <Placemark>
	<ExtendedData><SchemaData schemaUrl="#competition_route_right_center_1m">
		<SimpleData name="index">19</SimpleData>
		<SimpleData name="distance_m">19.000</SimpleData>
		<SimpleData name="latitude">37.2889991122</SimpleData>
		<SimpleData name="longitude">127.1074751351</SimpleData>
		<SimpleData name="utm_easting_m">332241.8306</SimpleData>
		<SimpleData name="utm_northing_m">4128611.6371</SimpleData>
		<SimpleData name="utm_zone">52N</SimpleData>
		<SimpleData name="target_speed">0.300</SimpleData>
	</SchemaData></ExtendedData>
      <Point><coordinates>127.1074751351,37.2889991122</coordinates></Point>
  </Placemark>
  <Placemark>
	<ExtendedData><SchemaData schemaUrl="#competition_route_right_center_1m">
		<SimpleData name="index">20</SimpleData>
		<SimpleData name="distance_m">20.000</SimpleData>
		<SimpleData name="latitude">37.2890022425</SimpleData>
		<SimpleData name="longitude">127.1074645596</SimpleData>
		<SimpleData name="utm_easting_m">332240.9000</SimpleData>
		<SimpleData name="utm_northing_m">4128612.0032</SimpleData>
		<SimpleData name="utm_zone">52N</SimpleData>
		<SimpleData name="target_speed">0.300</SimpleData>
	</SchemaData></ExtendedData>
      <Point><coordinates>127.1074645596,37.2890022425</coordinates></Point>
  </Placemark>
  <Placemark>
	<ExtendedData><SchemaData schemaUrl="#competition_route_right_center_1m">
		<SimpleData name="index">21</SimpleData>
		<SimpleData name="distance_m">21.000</SimpleData>
		<SimpleData name="latitude">37.2890054147</SimpleData>
		<SimpleData name="longitude">127.1074540036</SimpleData>
		<SimpleData name="utm_easting_m">332239.9712</SimpleData>
		<SimpleData name="utm_northing_m">4128612.3739</SimpleData>
		<SimpleData name="utm_zone">52N</SimpleData>
		<SimpleData name="target_speed">0.300</SimpleData>
	</SchemaData></ExtendedData>
      <Point><coordinates>127.1074540036,37.2890054147</coordinates></Point>
  </Placemark>
  <Placemark>
	<ExtendedData><SchemaData schemaUrl="#competition_route_right_center_1m">
		<SimpleData name="index">22</SimpleData>
		<SimpleData name="distance_m">22.000</SimpleData>
		<SimpleData name="latitude">37.2890086104</SimpleData>
		<SimpleData name="longitude">127.1074434588</SimpleData>
		<SimpleData name="utm_easting_m">332239.0435</SimpleData>
		<SimpleData name="utm_northing_m">4128612.7472</SimpleData>
		<SimpleData name="utm_zone">52N</SimpleData>
		<SimpleData name="target_speed">0.300</SimpleData>
	</SchemaData></ExtendedData>
      <Point><coordinates>127.1074434588,37.2890086104</coordinates></Point>
  </Placemark>
  <Placemark>
	<ExtendedData><SchemaData schemaUrl="#competition_route_right_center_1m">
		<SimpleData name="index">23</SimpleData>
		<SimpleData name="distance_m">23.000</SimpleData>
		<SimpleData name="latitude">37.2890117795</SimpleData>
		<SimpleData name="longitude">127.1074329014</SimpleData>
		<SimpleData name="utm_easting_m">332238.1146</SimpleData>
		<SimpleData name="utm_northing_m">4128613.1176</SimpleData>
		<SimpleData name="utm_zone">52N</SimpleData>
		<SimpleData name="target_speed">0.300</SimpleData>
	</SchemaData></ExtendedData>
      <Point><coordinates>127.1074329014,37.2890117795</coordinates></Point>
  </Placemark>
  <Placemark>
	<ExtendedData><SchemaData schemaUrl="#competition_route_right_center_1m">
		<SimpleData name="index">24</SimpleData>
		<SimpleData name="distance_m">24.000</SimpleData>
		<SimpleData name="latitude">37.2890149126</SimpleData>
		<SimpleData name="longitude">127.1074223272</SimpleData>
		<SimpleData name="utm_easting_m">332237.1842</SimpleData>
		<SimpleData name="utm_northing_m">4128613.4840</SimpleData>
		<SimpleData name="utm_zone">52N</SimpleData>
		<SimpleData name="target_speed">0.300</SimpleData>
	</SchemaData></ExtendedData>
      <Point><coordinates>127.1074223272,37.2890149126</coordinates></Point>
  </Placemark>
  <Placemark>
	<ExtendedData><SchemaData schemaUrl="#competition_route_right_center_1m">
		<SimpleData name="index">25</SimpleData>
		<SimpleData name="distance_m">25.000</SimpleData>
		<SimpleData name="latitude">37.2890180434</SimpleData>
		<SimpleData name="longitude">127.1074117519</SimpleData>
		<SimpleData name="utm_easting_m">332236.2536</SimpleData>
		<SimpleData name="utm_northing_m">4128613.8501</SimpleData>
		<SimpleData name="utm_zone">52N</SimpleData>
		<SimpleData name="target_speed">0.300</SimpleData>
	</SchemaData></ExtendedData>
      <Point><coordinates>127.1074117519,37.2890180434</coordinates></Point>
  </Placemark>
  <Placemark>
	<ExtendedData><SchemaData schemaUrl="#competition_route_right_center_1m">
		<SimpleData name="index">26</SimpleData>
		<SimpleData name="distance_m">26.000</SimpleData>
		<SimpleData name="latitude">37.2890211702</SimpleData>
		<SimpleData name="longitude">127.1074011748</SimpleData>
		<SimpleData name="utm_easting_m">332235.3229</SimpleData>
		<SimpleData name="utm_northing_m">4128614.2158</SimpleData>
		<SimpleData name="utm_zone">52N</SimpleData>
		<SimpleData name="target_speed">0.300</SimpleData>
	</SchemaData></ExtendedData>
      <Point><coordinates>127.1074011748,37.2890211702</coordinates></Point>
  </Placemark>
  <Placemark>
	<ExtendedData><SchemaData schemaUrl="#competition_route_right_center_1m">
		<SimpleData name="index">27</SimpleData>
		<SimpleData name="distance_m">27.000</SimpleData>
		<SimpleData name="latitude">37.2890242456</SimpleData>
		<SimpleData name="longitude">127.1073905741</SimpleData>
		<SimpleData name="utm_easting_m">332234.3899</SimpleData>
		<SimpleData name="utm_northing_m">4128614.5759</SimpleData>
		<SimpleData name="utm_zone">52N</SimpleData>
		<SimpleData name="target_speed">0.300</SimpleData>
	</SchemaData></ExtendedData>
      <Point><coordinates>127.1073905741,37.2890242456</coordinates></Point>
  </Placemark>
  <Placemark>
	<ExtendedData><SchemaData schemaUrl="#competition_route_right_center_1m">
		<SimpleData name="index">28</SimpleData>
		<SimpleData name="distance_m">28.000</SimpleData>
		<SimpleData name="latitude">37.2890272674</SimpleData>
		<SimpleData name="longitude">127.1073799492</SimpleData>
		<SimpleData name="utm_easting_m">332233.4548</SimpleData>
		<SimpleData name="utm_northing_m">4128614.9300</SimpleData>
		<SimpleData name="utm_zone">52N</SimpleData>
		<SimpleData name="target_speed">0.300</SimpleData>
	</SchemaData></ExtendedData>
      <Point><coordinates>127.1073799492,37.2890272674</coordinates></Point>
  </Placemark>
  <Placemark>
	<ExtendedData><SchemaData schemaUrl="#competition_route_right_center_1m">
		<SimpleData name="index">29</SimpleData>
		<SimpleData name="distance_m">29.000</SimpleData>
		<SimpleData name="latitude">37.2890302681</SimpleData>
		<SimpleData name="longitude">127.107369315</SimpleData>
		<SimpleData name="utm_easting_m">332232.5187</SimpleData>
		<SimpleData name="utm_northing_m">4128615.2818</SimpleData>
		<SimpleData name="utm_zone">52N</SimpleData>
		<SimpleData name="target_speed">0.300</SimpleData>
	</SchemaData></ExtendedData>
      <Point><coordinates>127.107369315,37.2890302681</coordinates></Point>
  </Placemark>
  <Placemark>
	<ExtendedData><SchemaData schemaUrl="#competition_route_right_center_1m">
		<SimpleData name="index">30</SimpleData>
		<SimpleData name="distance_m">30.000</SimpleData>
		<SimpleData name="latitude">37.2890332331</SimpleData>
		<SimpleData name="longitude">127.1073586652</SimpleData>
		<SimpleData name="utm_easting_m">332231.5812</SimpleData>
		<SimpleData name="utm_northing_m">4128615.6297</SimpleData>
		<SimpleData name="utm_zone">52N</SimpleData>
		<SimpleData name="target_speed">0.300</SimpleData>
	</SchemaData></ExtendedData>
      <Point><coordinates>127.1073586652,37.2890332331</coordinates></Point>
  </Placemark>
  <Placemark>
	<ExtendedData><SchemaData schemaUrl="#competition_route_right_center_1m">
		<SimpleData name="index">31</SimpleData>
		<SimpleData name="distance_m">31.000</SimpleData>
		<SimpleData name="latitude">37.2890361784</SimpleData>
		<SimpleData name="longitude">127.1073480067</SimpleData>
		<SimpleData name="utm_easting_m">332230.6428</SimpleData>
		<SimpleData name="utm_northing_m">4128615.9754</SimpleData>
		<SimpleData name="utm_zone">52N</SimpleData>
		<SimpleData name="target_speed">0.300</SimpleData>
	</SchemaData></ExtendedData>
      <Point><coordinates>127.1073480067,37.2890361784</coordinates></Point>
  </Placemark>
  <Placemark>
	<ExtendedData><SchemaData schemaUrl="#competition_route_right_center_1m">
		<SimpleData name="index">32</SimpleData>
		<SimpleData name="distance_m">32.000</SimpleData>
		<SimpleData name="latitude">37.2890391949</SimpleData>
		<SimpleData name="longitude">127.1073373796</SimpleData>
		<SimpleData name="utm_easting_m">332229.7074</SimpleData>
		<SimpleData name="utm_northing_m">4128616.3290</SimpleData>
		<SimpleData name="utm_zone">52N</SimpleData>
		<SimpleData name="target_speed">0.300</SimpleData>
	</SchemaData></ExtendedData>
      <Point><coordinates>127.1073373796,37.2890391949</coordinates></Point>
  </Placemark>
  <Placemark>
	<ExtendedData><SchemaData schemaUrl="#competition_route_right_center_1m">
		<SimpleData name="index">33</SimpleData>
		<SimpleData name="distance_m">33.000</SimpleData>
		<SimpleData name="latitude">37.2890423141</SimpleData>
		<SimpleData name="longitude">127.107326799</SimpleData>
		<SimpleData name="utm_easting_m">332228.7764</SimpleData>
		<SimpleData name="utm_northing_m">4128616.6939</SimpleData>
		<SimpleData name="utm_zone">52N</SimpleData>
		<SimpleData name="target_speed">0.300</SimpleData>
	</SchemaData></ExtendedData>
      <Point><coordinates>127.107326799,37.2890423141</coordinates></Point>
  </Placemark>
  <Placemark>
	<ExtendedData><SchemaData schemaUrl="#competition_route_right_center_1m">
		<SimpleData name="index">34</SimpleData>
		<SimpleData name="distance_m">34.000</SimpleData>
		<SimpleData name="latitude">37.2890454112</SimpleData>
		<SimpleData name="longitude">127.1073162082</SimpleData>
		<SimpleData name="utm_easting_m">332227.8443</SimpleData>
		<SimpleData name="utm_northing_m">4128617.0563</SimpleData>
		<SimpleData name="utm_zone">52N</SimpleData>
		<SimpleData name="target_speed">0.300</SimpleData>
	</SchemaData></ExtendedData>
      <Point><coordinates>127.1073162082,37.2890454112</coordinates></Point>
  </Placemark>
  <Placemark>
	<ExtendedData><SchemaData schemaUrl="#competition_route_right_center_1m">
		<SimpleData name="index">35</SimpleData>
		<SimpleData name="distance_m">35.000</SimpleData>
		<SimpleData name="latitude">37.2890483814</SimpleData>
		<SimpleData name="longitude">127.1073055608</SimpleData>
		<SimpleData name="utm_easting_m">332226.9070</SimpleData>
		<SimpleData name="utm_northing_m">4128617.4048</SimpleData>
		<SimpleData name="utm_zone">52N</SimpleData>
		<SimpleData name="target_speed">0.300</SimpleData>
	</SchemaData></ExtendedData>
      <Point><coordinates>127.1073055608,37.2890483814</coordinates></Point>
  </Placemark>
  <Placemark>
	<ExtendedData><SchemaData schemaUrl="#competition_route_right_center_1m">
		<SimpleData name="index">36</SimpleData>
		<SimpleData name="distance_m">36.000</SimpleData>
		<SimpleData name="latitude">37.2890512218</SimpleData>
		<SimpleData name="longitude">127.1072948579</SimpleData>
		<SimpleData name="utm_easting_m">332225.9645</SimpleData>
		<SimpleData name="utm_northing_m">4128617.7389</SimpleData>
		<SimpleData name="utm_zone">52N</SimpleData>
		<SimpleData name="target_speed">0.300</SimpleData>
	</SchemaData></ExtendedData>
      <Point><coordinates>127.1072948579,37.2890512218</coordinates></Point>
  </Placemark>
  <Placemark>
	<ExtendedData><SchemaData schemaUrl="#competition_route_right_center_1m">
		<SimpleData name="index">37</SimpleData>
		<SimpleData name="distance_m">37.000</SimpleData>
		<SimpleData name="latitude">37.2890539419</SimpleData>
		<SimpleData name="longitude">127.1072841062</SimpleData>
		<SimpleData name="utm_easting_m">332225.0174</SimpleData>
		<SimpleData name="utm_northing_m">4128618.0598</SimpleData>
		<SimpleData name="utm_zone">52N</SimpleData>
		<SimpleData name="target_speed">0.300</SimpleData>
	</SchemaData></ExtendedData>
      <Point><coordinates>127.1072841062,37.2890539419</coordinates></Point>
  </Placemark>
  <Placemark>
	<ExtendedData><SchemaData schemaUrl="#competition_route_right_center_1m">
		<SimpleData name="index">38</SimpleData>
		<SimpleData name="distance_m">38.000</SimpleData>
		<SimpleData name="latitude">37.2890566578</SimpleData>
		<SimpleData name="longitude">127.1072733528</SimpleData>
		<SimpleData name="utm_easting_m">332224.0702</SimpleData>
		<SimpleData name="utm_northing_m">4128618.3802</SimpleData>
		<SimpleData name="utm_zone">52N</SimpleData>
		<SimpleData name="target_speed">0.300</SimpleData>
	</SchemaData></ExtendedData>
      <Point><coordinates>127.1072733528,37.2890566578</coordinates></Point>
  </Placemark>
  <Placemark>
	<ExtendedData><SchemaData schemaUrl="#competition_route_right_center_1m">
		<SimpleData name="index">39</SimpleData>
		<SimpleData name="distance_m">39.000</SimpleData>
		<SimpleData name="latitude">37.2890595708</SimpleData>
		<SimpleData name="longitude">127.107262681</SimpleData>
		<SimpleData name="utm_easting_m">332223.1306</SimpleData>
		<SimpleData name="utm_northing_m">4128618.7224</SimpleData>
		<SimpleData name="utm_zone">52N</SimpleData>
		<SimpleData name="target_speed">0.300</SimpleData>
	</SchemaData></ExtendedData>
      <Point><coordinates>127.107262681,37.2890595708</coordinates></Point>
  </Placemark>
  <Placemark>
	<ExtendedData><SchemaData schemaUrl="#competition_route_right_center_1m">
		<SimpleData name="index">40</SimpleData>
		<SimpleData name="distance_m">40.000</SimpleData>
		<SimpleData name="latitude">37.2890627252</SimpleData>
		<SimpleData name="longitude">127.1072521169</SimpleData>
		<SimpleData name="utm_easting_m">332222.2010</SimpleData>
		<SimpleData name="utm_northing_m">4128619.0911</SimpleData>
		<SimpleData name="utm_zone">52N</SimpleData>
		<SimpleData name="target_speed">0.300</SimpleData>
	</SchemaData></ExtendedData>
      <Point><coordinates>127.1072521169,37.2890627252</coordinates></Point>
  </Placemark>
  <Placemark>
	<ExtendedData><SchemaData schemaUrl="#competition_route_right_center_1m">
		<SimpleData name="index">41</SimpleData>
		<SimpleData name="distance_m">41.000</SimpleData>
		<SimpleData name="latitude">37.289065953</SimpleData>
		<SimpleData name="longitude">127.1072415874</SimpleData>
		<SimpleData name="utm_easting_m">332221.2748</SimpleData>
		<SimpleData name="utm_northing_m">4128619.4679</SimpleData>
		<SimpleData name="utm_zone">52N</SimpleData>
		<SimpleData name="target_speed">0.300</SimpleData>
	</SchemaData></ExtendedData>
      <Point><coordinates>127.1072415874,37.289065953</coordinates></Point>
  </Placemark>
  <Placemark>
	<ExtendedData><SchemaData schemaUrl="#competition_route_right_center_1m">
		<SimpleData name="index">42</SimpleData>
		<SimpleData name="distance_m">42.000</SimpleData>
		<SimpleData name="latitude">37.2890691708</SimpleData>
		<SimpleData name="longitude">127.1072310531</SimpleData>
		<SimpleData name="utm_easting_m">332220.3480</SimpleData>
		<SimpleData name="utm_northing_m">4128619.8437</SimpleData>
		<SimpleData name="utm_zone">52N</SimpleData>
		<SimpleData name="target_speed">0.300</SimpleData>
	</SchemaData></ExtendedData>
      <Point><coordinates>127.1072310531,37.2890691708</coordinates></Point>
  </Placemark>
  <Placemark>
	<ExtendedData><SchemaData schemaUrl="#competition_route_right_center_1m">
		<SimpleData name="index">43</SimpleData>
		<SimpleData name="distance_m">43.000</SimpleData>
		<SimpleData name="latitude">37.2890723869</SimpleData>
		<SimpleData name="longitude">127.107220518</SimpleData>
		<SimpleData name="utm_easting_m">332219.4212</SimpleData>
		<SimpleData name="utm_northing_m">4128620.2192</SimpleData>
		<SimpleData name="utm_zone">52N</SimpleData>
		<SimpleData name="target_speed">0.300</SimpleData>
	</SchemaData></ExtendedData>
      <Point><coordinates>127.107220518,37.2890723869</coordinates></Point>
  </Placemark>
  <Placemark>
	<ExtendedData><SchemaData schemaUrl="#competition_route_right_center_1m">
		<SimpleData name="index">44</SimpleData>
		<SimpleData name="distance_m">44.000</SimpleData>
		<SimpleData name="latitude">37.2890755866</SimpleData>
		<SimpleData name="longitude">127.1072099751</SimpleData>
		<SimpleData name="utm_easting_m">332218.4937</SimpleData>
		<SimpleData name="utm_northing_m">4128620.5930</SimpleData>
		<SimpleData name="utm_zone">52N</SimpleData>
		<SimpleData name="target_speed">0.300</SimpleData>
	</SchemaData></ExtendedData>
      <Point><coordinates>127.1072099751,37.2890755866</coordinates></Point>
  </Placemark>
  <Placemark>
	<ExtendedData><SchemaData schemaUrl="#competition_route_right_center_1m">
		<SimpleData name="index">45</SimpleData>
		<SimpleData name="distance_m">45.000</SimpleData>
		<SimpleData name="latitude">37.289078723</SimpleData>
		<SimpleData name="longitude">127.1071994024</SimpleData>
		<SimpleData name="utm_easting_m">332217.5634</SimpleData>
		<SimpleData name="utm_northing_m">4128620.9597</SimpleData>
		<SimpleData name="utm_zone">52N</SimpleData>
		<SimpleData name="target_speed">0.300</SimpleData>
	</SchemaData></ExtendedData>
      <Point><coordinates>127.1071994024,37.289078723</coordinates></Point>
  </Placemark>
  <Placemark>
	<ExtendedData><SchemaData schemaUrl="#competition_route_right_center_1m">
		<SimpleData name="index">46</SimpleData>
		<SimpleData name="distance_m">46.000</SimpleData>
		<SimpleData name="latitude">37.2890817848</SimpleData>
		<SimpleData name="longitude">127.1071887956</SimpleData>
		<SimpleData name="utm_easting_m">332216.6299</SimpleData>
		<SimpleData name="utm_northing_m">4128621.3183</SimpleData>
		<SimpleData name="utm_zone">52N</SimpleData>
		<SimpleData name="target_speed">0.300</SimpleData>
	</SchemaData></ExtendedData>
      <Point><coordinates>127.1071887956,37.2890817848</coordinates></Point>
  </Placemark>
  <Placemark>
	<ExtendedData><SchemaData schemaUrl="#competition_route_right_center_1m">
		<SimpleData name="index">47</SimpleData>
		<SimpleData name="distance_m">47.000</SimpleData>
		<SimpleData name="latitude">37.2890848904</SimpleData>
		<SimpleData name="longitude">127.1071782087</SimpleData>
		<SimpleData name="utm_easting_m">332215.6982</SimpleData>
		<SimpleData name="utm_northing_m">4128621.6816</SimpleData>
		<SimpleData name="utm_zone">52N</SimpleData>
		<SimpleData name="target_speed">0.300</SimpleData>
	</SchemaData></ExtendedData>
      <Point><coordinates>127.1071782087,37.2890848904</coordinates></Point>
  </Placemark>
  <Placemark>
	<ExtendedData><SchemaData schemaUrl="#competition_route_right_center_1m">
		<SimpleData name="index">48</SimpleData>
		<SimpleData name="distance_m">48.000</SimpleData>
		<SimpleData name="latitude">37.289088095</SimpleData>
		<SimpleData name="longitude">127.1071676682</SimpleData>
		<SimpleData name="utm_easting_m">332214.7709</SimpleData>
		<SimpleData name="utm_northing_m">4128622.0559</SimpleData>
		<SimpleData name="utm_zone">52N</SimpleData>
		<SimpleData name="target_speed">0.300</SimpleData>
	</SchemaData></ExtendedData>
      <Point><coordinates>127.1071676682,37.289088095</coordinates></Point>
  </Placemark>
  <Placemark>
	<ExtendedData><SchemaData schemaUrl="#competition_route_right_center_1m">
		<SimpleData name="index">49</SimpleData>
		<SimpleData name="distance_m">49.000</SimpleData>
		<SimpleData name="latitude">37.2890913203</SimpleData>
		<SimpleData name="longitude">127.1071571375</SimpleData>
		<SimpleData name="utm_easting_m">332213.8445</SimpleData>
		<SimpleData name="utm_northing_m">4128622.4325</SimpleData>
		<SimpleData name="utm_zone">52N</SimpleData>
		<SimpleData name="target_speed">0.300</SimpleData>
	</SchemaData></ExtendedData>
      <Point><coordinates>127.1071571375,37.2890913203</coordinates></Point>
  </Placemark>
  <Placemark>
	<ExtendedData><SchemaData schemaUrl="#competition_route_right_center_1m">
		<SimpleData name="index">50</SimpleData>
		<SimpleData name="distance_m">50.000</SimpleData>
		<SimpleData name="latitude">37.2890944559</SimpleData>
		<SimpleData name="longitude">127.1071465645</SimpleData>
		<SimpleData name="utm_easting_m">332212.9142</SimpleData>
		<SimpleData name="utm_northing_m">4128622.7992</SimpleData>
		<SimpleData name="utm_zone">52N</SimpleData>
		<SimpleData name="target_speed">0.300</SimpleData>
	</SchemaData></ExtendedData>
      <Point><coordinates>127.1071465645,37.2890944559</coordinates></Point>
  </Placemark>
  <Placemark>
	<ExtendedData><SchemaData schemaUrl="#competition_route_right_center_1m">
		<SimpleData name="index">51</SimpleData>
		<SimpleData name="distance_m">51.000</SimpleData>
		<SimpleData name="latitude">37.2890974964</SimpleData>
		<SimpleData name="longitude">127.107135948</SimpleData>
		<SimpleData name="utm_easting_m">332211.9798</SimpleData>
		<SimpleData name="utm_northing_m">4128623.1554</SimpleData>
		<SimpleData name="utm_zone">52N</SimpleData>
		<SimpleData name="target_speed">0.300</SimpleData>
	</SchemaData></ExtendedData>
      <Point><coordinates>127.107135948,37.2890974964</coordinates></Point>
  </Placemark>
  <Placemark>
	<ExtendedData><SchemaData schemaUrl="#competition_route_right_center_1m">
		<SimpleData name="index">52</SimpleData>
		<SimpleData name="distance_m">52.000</SimpleData>
		<SimpleData name="latitude">37.2891004703</SimpleData>
		<SimpleData name="longitude">127.1071253021</SimpleData>
		<SimpleData name="utm_easting_m">332211.0426</SimpleData>
		<SimpleData name="utm_northing_m">4128623.5042</SimpleData>
		<SimpleData name="utm_zone">52N</SimpleData>
		<SimpleData name="target_speed">0.300</SimpleData>
	</SchemaData></ExtendedData>
      <Point><coordinates>127.1071253021,37.2891004703</coordinates></Point>
  </Placemark>
  <Placemark>
	<ExtendedData><SchemaData schemaUrl="#competition_route_right_center_1m">
		<SimpleData name="index">53</SimpleData>
		<SimpleData name="distance_m">53.000</SimpleData>
		<SimpleData name="latitude">37.2891033732</SimpleData>
		<SimpleData name="longitude">127.1071146254</SimpleData>
		<SimpleData name="utm_easting_m">332210.1026</SimpleData>
		<SimpleData name="utm_northing_m">4128623.8453</SimpleData>
		<SimpleData name="utm_zone">52N</SimpleData>
		<SimpleData name="target_speed">0.300</SimpleData>
	</SchemaData></ExtendedData>
      <Point><coordinates>127.1071146254,37.2891033732</coordinates></Point>
  </Placemark>
  <Placemark>
	<ExtendedData><SchemaData schemaUrl="#competition_route_right_center_1m">
		<SimpleData name="index">54</SimpleData>
		<SimpleData name="distance_m">54.000</SimpleData>
		<SimpleData name="latitude">37.289106205</SimpleData>
		<SimpleData name="longitude">127.1071039189</SimpleData>
		<SimpleData name="utm_easting_m">332209.1597</SimpleData>
		<SimpleData name="utm_northing_m">4128624.1785</SimpleData>
		<SimpleData name="utm_zone">52N</SimpleData>
		<SimpleData name="target_speed">0.300</SimpleData>
	</SchemaData></ExtendedData>
      <Point><coordinates>127.1071039189,37.289106205</coordinates></Point>
  </Placemark>
  <Placemark>
	<ExtendedData><SchemaData schemaUrl="#competition_route_right_center_1m">
		<SimpleData name="index">55</SimpleData>
		<SimpleData name="distance_m">55.000</SimpleData>
		<SimpleData name="latitude">37.2891089723</SimpleData>
		<SimpleData name="longitude">127.107093186</SimpleData>
		<SimpleData name="utm_easting_m">332208.2144</SimpleData>
		<SimpleData name="utm_northing_m">4128624.5046</SimpleData>
		<SimpleData name="utm_zone">52N</SimpleData>
		<SimpleData name="target_speed">0.300</SimpleData>
	</SchemaData></ExtendedData>
      <Point><coordinates>127.107093186,37.2891089723</coordinates></Point>
  </Placemark>
  <Placemark>
	<ExtendedData><SchemaData schemaUrl="#competition_route_right_center_1m">
		<SimpleData name="index">56</SimpleData>
		<SimpleData name="distance_m">56.000</SimpleData>
		<SimpleData name="latitude">37.289111721</SimpleData>
		<SimpleData name="longitude">127.1070824456</SimpleData>
		<SimpleData name="utm_easting_m">332207.2683</SimpleData>
		<SimpleData name="utm_northing_m">4128624.8286</SimpleData>
		<SimpleData name="utm_zone">52N</SimpleData>
		<SimpleData name="target_speed">0.300</SimpleData>
	</SchemaData></ExtendedData>
      <Point><coordinates>127.1070824456,37.289111721</coordinates></Point>
  </Placemark>
  <Placemark>
	<ExtendedData><SchemaData schemaUrl="#competition_route_right_center_1m">
		<SimpleData name="index">57</SimpleData>
		<SimpleData name="distance_m">57.000</SimpleData>
		<SimpleData name="latitude">37.2891144244</SimpleData>
		<SimpleData name="longitude">127.1070716873</SimpleData>
		<SimpleData name="utm_easting_m">332206.3206</SimpleData>
		<SimpleData name="utm_northing_m">4128625.1477</SimpleData>
		<SimpleData name="utm_zone">52N</SimpleData>
		<SimpleData name="target_speed">0.300</SimpleData>
	</SchemaData></ExtendedData>
      <Point><coordinates>127.1070716873,37.2891144244</coordinates></Point>
  </Placemark>
  <Placemark>
	<ExtendedData><SchemaData schemaUrl="#competition_route_right_center_1m">
		<SimpleData name="index">58</SimpleData>
		<SimpleData name="distance_m">58.000</SimpleData>
		<SimpleData name="latitude">37.2891169884</SimpleData>
		<SimpleData name="longitude">127.1070608758</SimpleData>
		<SimpleData name="utm_easting_m">332205.3679</SimpleData>
		<SimpleData name="utm_northing_m">4128625.4513</SimpleData>
		<SimpleData name="utm_zone">52N</SimpleData>
		<SimpleData name="target_speed">0.300</SimpleData>
	</SchemaData></ExtendedData>
      <Point><coordinates>127.1070608758,37.2891169884</coordinates></Point>
  </Placemark>
  <Placemark>
	<ExtendedData><SchemaData schemaUrl="#competition_route_right_center_1m">
		<SimpleData name="index">59</SimpleData>
		<SimpleData name="distance_m">59.000</SimpleData>
		<SimpleData name="latitude">37.2891192933</SimpleData>
		<SimpleData name="longitude">127.1070499738</SimpleData>
		<SimpleData name="utm_easting_m">332204.4065</SimpleData>
		<SimpleData name="utm_northing_m">4128625.7264</SimpleData>
		<SimpleData name="utm_zone">52N</SimpleData>
		<SimpleData name="target_speed">0.300</SimpleData>
	</SchemaData></ExtendedData>
      <Point><coordinates>127.1070499738,37.2891192933</coordinates></Point>
  </Placemark>
  <Placemark>
	<ExtendedData><SchemaData schemaUrl="#competition_route_right_center_1m">
		<SimpleData name="index">60</SimpleData>
		<SimpleData name="distance_m">60.000</SimpleData>
		<SimpleData name="latitude">37.2891212458</SimpleData>
		<SimpleData name="longitude">127.1070389647</SimpleData>
		<SimpleData name="utm_easting_m">332203.4349</SimpleData>
		<SimpleData name="utm_northing_m">4128625.9626</SimpleData>
		<SimpleData name="utm_zone">52N</SimpleData>
		<SimpleData name="target_speed">0.300</SimpleData>
	</SchemaData></ExtendedData>
      <Point><coordinates>127.1070389647,37.2891212458</coordinates></Point>
  </Placemark>
  <Placemark>
	<ExtendedData><SchemaData schemaUrl="#competition_route_right_center_1m">
		<SimpleData name="index">61</SimpleData>
		<SimpleData name="distance_m">61.000</SimpleData>
		<SimpleData name="latitude">37.2891227759</SimpleData>
		<SimpleData name="longitude">127.107027852</SimpleData>
		<SimpleData name="utm_easting_m">332202.4531</SimpleData>
		<SimpleData name="utm_northing_m">4128626.1521</SimpleData>
		<SimpleData name="utm_zone">52N</SimpleData>
		<SimpleData name="target_speed">0.300</SimpleData>
	</SchemaData></ExtendedData>
      <Point><coordinates>127.107027852,37.2891227759</coordinates></Point>
  </Placemark>
  <Placemark>
	<ExtendedData><SchemaData schemaUrl="#competition_route_right_center_1m">
		<SimpleData name="index">62</SimpleData>
		<SimpleData name="distance_m">62.000</SimpleData>
		<SimpleData name="latitude">37.2891237296</SimpleData>
		<SimpleData name="longitude">127.1070166405</SimpleData>
		<SimpleData name="utm_easting_m">332201.4613</SimpleData>
		<SimpleData name="utm_northing_m">4128626.2778</SimpleData>
		<SimpleData name="utm_zone">52N</SimpleData>
		<SimpleData name="target_speed">0.300</SimpleData>
	</SchemaData></ExtendedData>
      <Point><coordinates>127.1070166405,37.2891237296</coordinates></Point>
  </Placemark>
  <Placemark>
	<ExtendedData><SchemaData schemaUrl="#competition_route_right_center_1m">
		<SimpleData name="index">63</SimpleData>
		<SimpleData name="distance_m">63.000</SimpleData>
		<SimpleData name="latitude">37.2891238748</SimpleData>
		<SimpleData name="longitude">127.1070053695</SimpleData>
		<SimpleData name="utm_easting_m">332200.4625</SimpleData>
		<SimpleData name="utm_northing_m">4128626.3139</SimpleData>
		<SimpleData name="utm_zone">52N</SimpleData>
		<SimpleData name="target_speed">0.300</SimpleData>
	</SchemaData></ExtendedData>
      <Point><coordinates>127.1070053695,37.2891238748</coordinates></Point>
  </Placemark>
  <Placemark>
	<ExtendedData><SchemaData schemaUrl="#competition_route_right_center_1m">
		<SimpleData name="index">64</SimpleData>
		<SimpleData name="distance_m">64.000</SimpleData>
		<SimpleData name="latitude">37.2891229619</SimpleData>
		<SimpleData name="longitude">127.1069941573</SimpleData>
		<SimpleData name="utm_easting_m">332199.4665</SimpleData>
		<SimpleData name="utm_northing_m">4128626.2326</SimpleData>
		<SimpleData name="utm_zone">52N</SimpleData>
		<SimpleData name="target_speed">0.300</SimpleData>
	</SchemaData></ExtendedData>
      <Point><coordinates>127.1069941573,37.2891229619</coordinates></Point>
  </Placemark>
  <Placemark>
	<ExtendedData><SchemaData schemaUrl="#competition_route_right_center_1m">
		<SimpleData name="index">65</SimpleData>
		<SimpleData name="distance_m">65.000</SimpleData>
		<SimpleData name="latitude">37.2891208726</SimpleData>
		<SimpleData name="longitude">127.1069831956</SimpleData>
		<SimpleData name="utm_easting_m">332198.4901</SimpleData>
		<SimpleData name="utm_northing_m">4128626.0202</SimpleData>
		<SimpleData name="utm_zone">52N</SimpleData>
		<SimpleData name="target_speed">0.300</SimpleData>
	</SchemaData></ExtendedData>
      <Point><coordinates>127.1069831956,37.2891208726</coordinates></Point>
  </Placemark>
  <Placemark>
	<ExtendedData><SchemaData schemaUrl="#competition_route_right_center_1m">
		<SimpleData name="index">66</SimpleData>
		<SimpleData name="distance_m">66.000</SimpleData>
		<SimpleData name="latitude">37.2891177052</SimpleData>
		<SimpleData name="longitude">127.1069726454</SimpleData>
		<SimpleData name="utm_easting_m">332197.5477</SimpleData>
		<SimpleData name="utm_northing_m">4128625.6875</SimpleData>
		<SimpleData name="utm_zone">52N</SimpleData>
		<SimpleData name="target_speed">0.300</SimpleData>
	</SchemaData></ExtendedData>
      <Point><coordinates>127.1069726454,37.2891177052</coordinates></Point>
  </Placemark>
  <Placemark>
	<ExtendedData><SchemaData schemaUrl="#competition_route_right_center_1m">
		<SimpleData name="index">67</SimpleData>
		<SimpleData name="distance_m">67.000</SimpleData>
		<SimpleData name="latitude">37.2891136122</SimpleData>
		<SimpleData name="longitude">127.1069626047</SimpleData>
		<SimpleData name="utm_easting_m">332196.6485</SimpleData>
		<SimpleData name="utm_northing_m">4128625.2512</SimpleData>
		<SimpleData name="utm_zone">52N</SimpleData>
		<SimpleData name="target_speed">0.300</SimpleData>
	</SchemaData></ExtendedData>
      <Point><coordinates>127.1069626047,37.2891136122</coordinates></Point>
  </Placemark>
  <Placemark>
	<ExtendedData><SchemaData schemaUrl="#competition_route_right_center_1m">
		<SimpleData name="index">68</SimpleData>
		<SimpleData name="distance_m">68.000</SimpleData>
		<SimpleData name="latitude">37.2891086848</SimpleData>
		<SimpleData name="longitude">127.1069531694</SimpleData>
		<SimpleData name="utm_easting_m">332195.8011</SimpleData>
		<SimpleData name="utm_northing_m">4128624.7212</SimpleData>
		<SimpleData name="utm_zone">52N</SimpleData>
		<SimpleData name="target_speed">0.300</SimpleData>
	</SchemaData></ExtendedData>
      <Point><coordinates>127.1069531694,37.2891086848</coordinates></Point>
  </Placemark>
  <Placemark>
	<ExtendedData><SchemaData schemaUrl="#competition_route_right_center_1m">
		<SimpleData name="index">69</SimpleData>
		<SimpleData name="distance_m">69.000</SimpleData>
		<SimpleData name="latitude">37.2891029487</SimpleData>
		<SimpleData name="longitude">127.1069444795</SimpleData>
		<SimpleData name="utm_easting_m">332195.0180</SimpleData>
		<SimpleData name="utm_northing_m">4128624.1002</SimpleData>
		<SimpleData name="utm_zone">52N</SimpleData>
		<SimpleData name="target_speed">0.300</SimpleData>
	</SchemaData></ExtendedData>
      <Point><coordinates>127.1069444795,37.2891029487</coordinates></Point>
  </Placemark>
  <Placemark>
	<ExtendedData><SchemaData schemaUrl="#competition_route_right_center_1m">
		<SimpleData name="index">70</SimpleData>
		<SimpleData name="distance_m">70.000</SimpleData>
		<SimpleData name="latitude">37.2890965074</SimpleData>
		<SimpleData name="longitude">127.1069365989</SimpleData>
		<SimpleData name="utm_easting_m">332194.3051</SimpleData>
		<SimpleData name="utm_northing_m">4128623.3995</SimpleData>
		<SimpleData name="utm_zone">52N</SimpleData>
		<SimpleData name="target_speed">0.300</SimpleData>
	</SchemaData></ExtendedData>
      <Point><coordinates>127.1069365989,37.2890965074</coordinates></Point>
  </Placemark>
  <Placemark>
	<ExtendedData><SchemaData schemaUrl="#competition_route_right_center_1m">
		<SimpleData name="index">71</SimpleData>
		<SimpleData name="distance_m">71.000</SimpleData>
		<SimpleData name="latitude">37.2890895727</SimpleData>
		<SimpleData name="longitude">127.1069294014</SimpleData>
		<SimpleData name="utm_easting_m">332193.6516</SimpleData>
		<SimpleData name="utm_northing_m">4128622.6428</SimpleData>
		<SimpleData name="utm_zone">52N</SimpleData>
		<SimpleData name="target_speed">0.300</SimpleData>
	</SchemaData></ExtendedData>
      <Point><coordinates>127.1069294014,37.2890895727</coordinates></Point>
  </Placemark>
  <Placemark>
	<ExtendedData><SchemaData schemaUrl="#competition_route_right_center_1m">
		<SimpleData name="index">72</SimpleData>
		<SimpleData name="distance_m">72.000</SimpleData>
		<SimpleData name="latitude">37.289082311</SimpleData>
		<SimpleData name="longitude">127.1069227262</SimpleData>
		<SimpleData name="utm_easting_m">332193.0437</SimpleData>
		<SimpleData name="utm_northing_m">4128621.8489</SimpleData>
		<SimpleData name="utm_zone">52N</SimpleData>
		<SimpleData name="target_speed">0.300</SimpleData>
	</SchemaData></ExtendedData>
      <Point><coordinates>127.1069227262,37.289082311</coordinates></Point>
  </Placemark>
  <Placemark>
	<ExtendedData><SchemaData schemaUrl="#competition_route_right_center_1m">
		<SimpleData name="index">73</SimpleData>
		<SimpleData name="distance_m">73.000</SimpleData>
		<SimpleData name="latitude">37.2890747959</SimpleData>
		<SimpleData name="longitude">127.1069165056</SimpleData>
		<SimpleData name="utm_easting_m">332192.4756</SimpleData>
		<SimpleData name="utm_northing_m">4128621.0261</SimpleData>
		<SimpleData name="utm_zone">52N</SimpleData>
		<SimpleData name="target_speed">0.300</SimpleData>
	</SchemaData></ExtendedData>
      <Point><coordinates>127.1069165056,37.2890747959</coordinates></Point>
  </Placemark>
  <Placemark>
	<ExtendedData><SchemaData schemaUrl="#competition_route_right_center_1m">
		<SimpleData name="index">74</SimpleData>
		<SimpleData name="distance_m">74.000</SimpleData>
		<SimpleData name="latitude">37.2890670416</SimpleData>
		<SimpleData name="longitude">127.1069107634</SimpleData>
		<SimpleData name="utm_easting_m">332191.9493</SimpleData>
		<SimpleData name="utm_northing_m">4128620.1760</SimpleData>
		<SimpleData name="utm_zone">52N</SimpleData>
		<SimpleData name="target_speed">0.300</SimpleData>
	</SchemaData></ExtendedData>
      <Point><coordinates>127.1069107634,37.2890670416</coordinates></Point>
  </Placemark>
  <Placemark>
	<ExtendedData><SchemaData schemaUrl="#competition_route_right_center_1m">
		<SimpleData name="index">75</SimpleData>
		<SimpleData name="distance_m">75.000</SimpleData>
		<SimpleData name="latitude">37.2890590769</SimpleData>
		<SimpleData name="longitude">127.1069054914</SimpleData>
		<SimpleData name="utm_easting_m">332191.4642</SimpleData>
		<SimpleData name="utm_northing_m">4128619.3016</SimpleData>
		<SimpleData name="utm_zone">52N</SimpleData>
		<SimpleData name="target_speed">0.300</SimpleData>
	</SchemaData></ExtendedData>
      <Point><coordinates>127.1069054914,37.2890590769</coordinates></Point>
  </Placemark>
  <Placemark>
	<ExtendedData><SchemaData schemaUrl="#competition_route_right_center_1m">
		<SimpleData name="index">76</SimpleData>
		<SimpleData name="distance_m">76.000</SimpleData>
		<SimpleData name="latitude">37.2890509459</SimpleData>
		<SimpleData name="longitude">127.1069006321</SimpleData>
		<SimpleData name="utm_easting_m">332191.0154</SimpleData>
		<SimpleData name="utm_northing_m">4128618.4081</SimpleData>
		<SimpleData name="utm_zone">52N</SimpleData>
		<SimpleData name="target_speed">0.300</SimpleData>
	</SchemaData></ExtendedData>
      <Point><coordinates>127.1069006321,37.2890509459</coordinates></Point>
  </Placemark>
  <Placemark>
	<ExtendedData><SchemaData schemaUrl="#competition_route_right_center_1m">
		<SimpleData name="index">77</SimpleData>
		<SimpleData name="distance_m">77.000</SimpleData>
		<SimpleData name="latitude">37.289042693</SimpleData>
		<SimpleData name="longitude">127.1068961056</SimpleData>
		<SimpleData name="utm_easting_m">332190.5957</SimpleData>
		<SimpleData name="utm_northing_m">4128617.5004</SimpleData>
		<SimpleData name="utm_zone">52N</SimpleData>
		<SimpleData name="target_speed">0.300</SimpleData>
	</SchemaData></ExtendedData>
      <Point><coordinates>127.1068961056,37.289042693</coordinates></Point>
  </Placemark>
  <Placemark>
	<ExtendedData><SchemaData schemaUrl="#competition_route_right_center_1m">
		<SimpleData name="index">78</SimpleData>
		<SimpleData name="distance_m">78.000</SimpleData>
		<SimpleData name="latitude">37.2890343409</SimpleData>
		<SimpleData name="longitude">127.1068918741</SimpleData>
		<SimpleData name="utm_easting_m">332190.2021</SimpleData>
		<SimpleData name="utm_northing_m">4128616.5812</SimpleData>
		<SimpleData name="utm_zone">52N</SimpleData>
		<SimpleData name="target_speed">0.300</SimpleData>
	</SchemaData></ExtendedData>
      <Point><coordinates>127.1068918741,37.2890343409</coordinates></Point>
  </Placemark>
  <Placemark>
	<ExtendedData><SchemaData schemaUrl="#competition_route_right_center_1m">
		<SimpleData name="index">79</SimpleData>
		<SimpleData name="distance_m">79.000</SimpleData>
		<SimpleData name="latitude">37.2890258712</SimpleData>
		<SimpleData name="longitude">127.106888027</SimpleData>
		<SimpleData name="utm_easting_m">332189.8422</SimpleData>
		<SimpleData name="utm_northing_m">4128615.6483</SimpleData>
		<SimpleData name="utm_zone">52N</SimpleData>
		<SimpleData name="target_speed">0.300</SimpleData>
	</SchemaData></ExtendedData>
      <Point><coordinates>127.106888027,37.2890258712</coordinates></Point>
  </Placemark>
  <Placemark>
	<ExtendedData><SchemaData schemaUrl="#competition_route_right_center_1m">
		<SimpleData name="index">80</SimpleData>
		<SimpleData name="distance_m">80.000</SimpleData>
		<SimpleData name="latitude">37.2890172769</SimpleData>
		<SimpleData name="longitude">127.1068846409</SimpleData>
		<SimpleData name="utm_easting_m">332189.5229</SimpleData>
		<SimpleData name="utm_northing_m">4128614.7007</SimpleData>
		<SimpleData name="utm_zone">52N</SimpleData>
		<SimpleData name="target_speed">0.300</SimpleData>
	</SchemaData></ExtendedData>
      <Point><coordinates>127.1068846409,37.2890172769</coordinates></Point>
  </Placemark>
  <Placemark>
	<ExtendedData><SchemaData schemaUrl="#competition_route_right_center_1m">
		<SimpleData name="index">81</SimpleData>
		<SimpleData name="distance_m">81.000</SimpleData>
		<SimpleData name="latitude">37.289008556</SimpleData>
		<SimpleData name="longitude">127.10688181</SimpleData>
		<SimpleData name="utm_easting_m">332189.2526</SimpleData>
		<SimpleData name="utm_northing_m">4128613.7381</SimpleData>
		<SimpleData name="utm_zone">52N</SimpleData>
		<SimpleData name="target_speed">0.300</SimpleData>
	</SchemaData></ExtendedData>
      <Point><coordinates>127.10688181,37.289008556</coordinates></Point>
  </Placemark>
  <Placemark>
	<ExtendedData><SchemaData schemaUrl="#competition_route_right_center_1m">
		<SimpleData name="index">82</SimpleData>
		<SimpleData name="distance_m">82.000</SimpleData>
		<SimpleData name="latitude">37.2889997003</SimpleData>
		<SimpleData name="longitude">127.1068797443</SimpleData>
		<SimpleData name="utm_easting_m">332189.0498</SimpleData>
		<SimpleData name="utm_northing_m">4128612.7592</SimpleData>
		<SimpleData name="utm_zone">52N</SimpleData>
		<SimpleData name="target_speed">0.300</SimpleData>
	</SchemaData></ExtendedData>
      <Point><coordinates>127.1068797443,37.2889997003</coordinates></Point>
  </Placemark>
  <Placemark>
	<ExtendedData><SchemaData schemaUrl="#competition_route_right_center_1m">
		<SimpleData name="index">83</SimpleData>
		<SimpleData name="distance_m">83.000</SimpleData>
		<SimpleData name="latitude">37.2889907307</SimpleData>
		<SimpleData name="longitude">127.1068787231</SimpleData>
		<SimpleData name="utm_easting_m">332188.9393</SimpleData>
		<SimpleData name="utm_northing_m">4128611.7658</SimpleData>
		<SimpleData name="utm_zone">52N</SimpleData>
		<SimpleData name="target_speed">0.300</SimpleData>
	</SchemaData></ExtendedData>
      <Point><coordinates>127.1068787231,37.2889907307</coordinates></Point>
  </Placemark>
  <Placemark>
	<ExtendedData><SchemaData schemaUrl="#competition_route_right_center_1m">
		<SimpleData name="index">84</SimpleData>
		<SimpleData name="distance_m">84.000</SimpleData>
		<SimpleData name="latitude">37.2889817259</SimpleData>
		<SimpleData name="longitude">127.1068789237</SimpleData>
		<SimpleData name="utm_easting_m">332188.9371</SimpleData>
		<SimpleData name="utm_northing_m">4128610.7663</SimpleData>
		<SimpleData name="utm_zone">52N</SimpleData>
		<SimpleData name="target_speed">0.300</SimpleData>
	</SchemaData></ExtendedData>
      <Point><coordinates>127.1068789237,37.2889817259</coordinates></Point>
  </Placemark>
  <Placemark>
	<ExtendedData><SchemaData schemaUrl="#competition_route_right_center_1m">
		<SimpleData name="index">85</SimpleData>
		<SimpleData name="distance_m">85.000</SimpleData>
		<SimpleData name="latitude">37.2889727867</SimpleData>
		<SimpleData name="longitude">127.1068803002</SimpleData>
		<SimpleData name="utm_easting_m">332189.0392</SimpleData>
		<SimpleData name="utm_northing_m">4128609.7720</SimpleData>
		<SimpleData name="utm_zone">52N</SimpleData>
		<SimpleData name="target_speed">0.300</SimpleData>
	</SchemaData></ExtendedData>
      <Point><coordinates>127.1068803002,37.2889727867</coordinates></Point>
  </Placemark>
  <Placemark>
	<ExtendedData><SchemaData schemaUrl="#competition_route_right_center_1m">
		<SimpleData name="index">86</SimpleData>
		<SimpleData name="distance_m">86.000</SimpleData>
		<SimpleData name="latitude">37.2889640142</SimpleData>
		<SimpleData name="longitude">127.1068828544</SimpleData>
		<SimpleData name="utm_easting_m">332189.2462</SimpleData>
		<SimpleData name="utm_northing_m">4128608.7941</SimpleData>
		<SimpleData name="utm_zone">52N</SimpleData>
		<SimpleData name="target_speed">0.300</SimpleData>
	</SchemaData></ExtendedData>
      <Point><coordinates>127.1068828544,37.2889640142</coordinates></Point>
  </Placemark>
  <Placemark>
	<ExtendedData><SchemaData schemaUrl="#competition_route_right_center_1m">
		<SimpleData name="index">87</SimpleData>
		<SimpleData name="distance_m">87.000</SimpleData>
		<SimpleData name="latitude">37.2889554975</SimpleData>
		<SimpleData name="longitude">127.1068865209</SimpleData>
		<SimpleData name="utm_easting_m">332189.5523</SimpleData>
		<SimpleData name="utm_northing_m">4128607.8426</SimpleData>
		<SimpleData name="utm_zone">52N</SimpleData>
		<SimpleData name="target_speed">0.300</SimpleData>
	</SchemaData></ExtendedData>
      <Point><coordinates>127.1068865209,37.2889554975</coordinates></Point>
  </Placemark>
  <Placemark>
	<ExtendedData><SchemaData schemaUrl="#competition_route_right_center_1m">
		<SimpleData name="index">88</SimpleData>
		<SimpleData name="distance_m">88.000</SimpleData>
		<SimpleData name="latitude">37.2889473338</SimpleData>
		<SimpleData name="longitude">127.106891284</SimpleData>
		<SimpleData name="utm_easting_m">332189.9564</SimpleData>
		<SimpleData name="utm_northing_m">4128606.9284</SimpleData>
		<SimpleData name="utm_zone">52N</SimpleData>
		<SimpleData name="target_speed">0.300</SimpleData>
	</SchemaData></ExtendedData>
      <Point><coordinates>127.106891284,37.2889473338</coordinates></Point>
  </Placemark>
  <Placemark>
	<ExtendedData><SchemaData schemaUrl="#competition_route_right_center_1m">
		<SimpleData name="index">89</SimpleData>
		<SimpleData name="distance_m">89.000</SimpleData>
		<SimpleData name="latitude">37.288939564</SimpleData>
		<SimpleData name="longitude">127.1068969876</SimpleData>
		<SimpleData name="utm_easting_m">332190.4448</SimpleData>
		<SimpleData name="utm_northing_m">4128606.0562</SimpleData>
		<SimpleData name="utm_zone">52N</SimpleData>
		<SimpleData name="target_speed">0.300</SimpleData>
	</SchemaData></ExtendedData>
      <Point><coordinates>127.1068969876,37.288939564</coordinates></Point>
  </Placemark>
  <Placemark>
	<ExtendedData><SchemaData schemaUrl="#competition_route_right_center_1m">
		<SimpleData name="index">90</SimpleData>
		<SimpleData name="distance_m">90.000</SimpleData>
		<SimpleData name="latitude">37.2889322171</SimpleData>
		<SimpleData name="longitude">127.1069035114</SimpleData>
		<SimpleData name="utm_easting_m">332191.0068</SimpleData>
		<SimpleData name="utm_northing_m">4128605.2294</SimpleData>
		<SimpleData name="utm_zone">52N</SimpleData>
		<SimpleData name="target_speed">0.300</SimpleData>
	</SchemaData></ExtendedData>
      <Point><coordinates>127.1069035114,37.2889322171</coordinates></Point>
  </Placemark>
  <Placemark>
	<ExtendedData><SchemaData schemaUrl="#competition_route_right_center_1m">
		<SimpleData name="index">91</SimpleData>
		<SimpleData name="distance_m">91.000</SimpleData>
		<SimpleData name="latitude">37.2889253195</SimpleData>
		<SimpleData name="longitude">127.1069107632</SimpleData>
		<SimpleData name="utm_easting_m">332191.6344</SimpleData>
		<SimpleData name="utm_northing_m">4128604.4512</SimpleData>
		<SimpleData name="utm_zone">52N</SimpleData>
		<SimpleData name="target_speed">0.300</SimpleData>
	</SchemaData></ExtendedData>
      <Point><coordinates>127.1069107632,37.2889253195</coordinates></Point>
  </Placemark>
  <Placemark>
	<ExtendedData><SchemaData schemaUrl="#competition_route_right_center_1m">
		<SimpleData name="index">92</SimpleData>
		<SimpleData name="distance_m">92.000</SimpleData>
		<SimpleData name="latitude">37.2889189155</SimpleData>
		<SimpleData name="longitude">127.1069186926</SimpleData>
		<SimpleData name="utm_easting_m">332192.3231</SimpleData>
		<SimpleData name="utm_northing_m">4128603.7266</SimpleData>
		<SimpleData name="utm_zone">52N</SimpleData>
		<SimpleData name="target_speed">0.300</SimpleData>
	</SchemaData></ExtendedData>
      <Point><coordinates>127.1069186926,37.2889189155</coordinates></Point>
  </Placemark>
  <Placemark>
	<ExtendedData><SchemaData schemaUrl="#competition_route_right_center_1m">
		<SimpleData name="index">93</SimpleData>
		<SimpleData name="distance_m">93.000</SimpleData>
		<SimpleData name="latitude">37.2889130452</SimpleData>
		<SimpleData name="longitude">127.1069272445</SimpleData>
		<SimpleData name="utm_easting_m">332193.0682</SimpleData>
		<SimpleData name="utm_northing_m">4128603.0600</SimpleData>
		<SimpleData name="utm_zone">52N</SimpleData>
		<SimpleData name="target_speed">0.300</SimpleData>
	</SchemaData></ExtendedData>
      <Point><coordinates>127.1069272445,37.2889130452</coordinates></Point>
  </Placemark>
  <Placemark>
	<ExtendedData><SchemaData schemaUrl="#competition_route_right_center_1m">
		<SimpleData name="index">94</SimpleData>
		<SimpleData name="distance_m">94.000</SimpleData>
		<SimpleData name="latitude">37.2889077137</SimpleData>
		<SimpleData name="longitude">127.1069363334</SimpleData>
		<SimpleData name="utm_easting_m">332193.8621</SimpleData>
		<SimpleData name="utm_northing_m">4128602.4524</SimpleData>
		<SimpleData name="utm_zone">52N</SimpleData>
		<SimpleData name="target_speed">0.300</SimpleData>
	</SchemaData></ExtendedData>
      <Point><coordinates>127.1069363334,37.2889077137</coordinates></Point>
  </Placemark>
  <Placemark>
	<ExtendedData><SchemaData schemaUrl="#competition_route_right_center_1m">
		<SimpleData name="index">95</SimpleData>
		<SimpleData name="distance_m">95.000</SimpleData>
		<SimpleData name="latitude">37.2889028439</SimpleData>
		<SimpleData name="longitude">127.1069458208</SimpleData>
		<SimpleData name="utm_easting_m">332194.6923</SimpleData>
		<SimpleData name="utm_northing_m">4128601.8952</SimpleData>
		<SimpleData name="utm_zone">52N</SimpleData>
		<SimpleData name="target_speed">0.300</SimpleData>
	</SchemaData></ExtendedData>
      <Point><coordinates>127.1069458208,37.2889028439</coordinates></Point>
  </Placemark>
  <Placemark>
	<ExtendedData><SchemaData schemaUrl="#competition_route_right_center_1m">
		<SimpleData name="index">96</SimpleData>
		<SimpleData name="distance_m">96.000</SimpleData>
		<SimpleData name="latitude">37.2888983356</SimpleData>
		<SimpleData name="longitude">127.1069555846</SimpleData>
		<SimpleData name="utm_easting_m">332195.5479</SimpleData>
		<SimpleData name="utm_northing_m">4128601.3776</SimpleData>
		<SimpleData name="utm_zone">52N</SimpleData>
		<SimpleData name="target_speed">0.300</SimpleData>
	</SchemaData></ExtendedData>
      <Point><coordinates>127.1069555846,37.2888983356</coordinates></Point>
  </Placemark>
  <Placemark>
	<ExtendedData><SchemaData schemaUrl="#competition_route_right_center_1m">
		<SimpleData name="index">97</SimpleData>
		<SimpleData name="distance_m">97.000</SimpleData>
		<SimpleData name="latitude">37.2888941568</SimpleData>
		<SimpleData name="longitude">127.1069655753</SimpleData>
		<SimpleData name="utm_easting_m">332196.4243</SimpleData>
		<SimpleData name="utm_northing_m">4128600.8962</SimpleData>
		<SimpleData name="utm_zone">52N</SimpleData>
		<SimpleData name="target_speed">0.300</SimpleData>
	</SchemaData></ExtendedData>
      <Point><coordinates>127.1069655753,37.2888941568</coordinates></Point>
  </Placemark>
  <Placemark>
	<ExtendedData><SchemaData schemaUrl="#competition_route_right_center_1m">
		<SimpleData name="index">98</SimpleData>
		<SimpleData name="distance_m">98.000</SimpleData>
		<SimpleData name="latitude">37.2888904145</SimpleData>
		<SimpleData name="longitude">127.1069758322</SimpleData>
		<SimpleData name="utm_easting_m">332197.3253</SimpleData>
		<SimpleData name="utm_northing_m">4128600.4628</SimpleData>
		<SimpleData name="utm_zone">52N</SimpleData>
		<SimpleData name="target_speed">0.300</SimpleData>
	</SchemaData></ExtendedData>
      <Point><coordinates>127.1069758322,37.2888904145</coordinates></Point>
  </Placemark>
  <Placemark>
	<ExtendedData><SchemaData schemaUrl="#competition_route_right_center_1m">
		<SimpleData name="index">99</SimpleData>
		<SimpleData name="distance_m">99.000</SimpleData>
		<SimpleData name="latitude">37.2888873372</SimpleData>
		<SimpleData name="longitude">127.1069864272</SimpleData>
		<SimpleData name="utm_easting_m">332198.2577</SimpleData>
		<SimpleData name="utm_northing_m">4128600.1026</SimpleData>
		<SimpleData name="utm_zone">52N</SimpleData>
		<SimpleData name="target_speed">0.300</SimpleData>
	</SchemaData></ExtendedData>
      <Point><coordinates>127.1069864272,37.2888873372</coordinates></Point>
  </Placemark>
  <Placemark>
	<ExtendedData><SchemaData schemaUrl="#competition_route_right_center_1m">
		<SimpleData name="index">100</SimpleData>
		<SimpleData name="distance_m">100.000</SimpleData>
		<SimpleData name="latitude">37.2888852189</SimpleData>
		<SimpleData name="longitude">127.1069973811</SimpleData>
		<SimpleData name="utm_easting_m">332199.2241</SimpleData>
		<SimpleData name="utm_northing_m">4128599.8481</SimpleData>
		<SimpleData name="utm_zone">52N</SimpleData>
		<SimpleData name="target_speed">0.300</SimpleData>
	</SchemaData></ExtendedData>
      <Point><coordinates>127.1069973811,37.2888852189</coordinates></Point>
  </Placemark>
  <Placemark>
	<ExtendedData><SchemaData schemaUrl="#competition_route_right_center_1m">
		<SimpleData name="index">101</SimpleData>
		<SimpleData name="distance_m">101.000</SimpleData>
		<SimpleData name="latitude">37.2888843748</SimpleData>
		<SimpleData name="longitude">127.1070085975</SimpleData>
		<SimpleData name="utm_easting_m">332200.2165</SimpleData>
		<SimpleData name="utm_northing_m">4128599.7345</SimpleData>
		<SimpleData name="utm_zone">52N</SimpleData>
		<SimpleData name="target_speed">0.300</SimpleData>
	</SchemaData></ExtendedData>
      <Point><coordinates>127.1070085975,37.2888843748</coordinates></Point>
  </Placemark>
  <Placemark>
	<ExtendedData><SchemaData schemaUrl="#competition_route_right_center_1m">
		<SimpleData name="index">102</SimpleData>
		<SimpleData name="distance_m">102.000</SimpleData>
		<SimpleData name="latitude">37.2888850317</SimpleData>
		<SimpleData name="longitude">127.1070198281</SimpleData>
		<SimpleData name="utm_easting_m">332201.2136</SimpleData>
		<SimpleData name="utm_northing_m">4128599.7875</SimpleData>
		<SimpleData name="utm_zone">52N</SimpleData>
		<SimpleData name="target_speed">0.300</SimpleData>
	</SchemaData></ExtendedData>
      <Point><coordinates>127.1070198281,37.2888850317</coordinates></Point>
  </Placemark>
  <Placemark>
	<ExtendedData><SchemaData schemaUrl="#competition_route_right_center_1m">
		<SimpleData name="index">103</SimpleData>
		<SimpleData name="distance_m">103.000</SimpleData>
		<SimpleData name="latitude">37.2888873246</SimpleData>
		<SimpleData name="longitude">127.107030715</SimpleData>
		<SimpleData name="utm_easting_m">332202.1838</SimpleData>
		<SimpleData name="utm_northing_m">4128600.0225</SimpleData>
		<SimpleData name="utm_zone">52N</SimpleData>
		<SimpleData name="target_speed">0.300</SimpleData>
	</SchemaData></ExtendedData>
      <Point><coordinates>127.107030715,37.2888873246</coordinates></Point>
  </Placemark>
  <Placemark>
	<ExtendedData><SchemaData schemaUrl="#competition_route_right_center_1m">
		<SimpleData name="index">104</SimpleData>
		<SimpleData name="distance_m">104.000</SimpleData>
		<SimpleData name="latitude">37.288891156</SimpleData>
		<SimpleData name="longitude">127.1070409052</SimpleData>
		<SimpleData name="utm_easting_m">332203.0957</SimpleData>
		<SimpleData name="utm_northing_m">4128600.4296</SimpleData>
		<SimpleData name="utm_zone">52N</SimpleData>
		<SimpleData name="target_speed">0.300</SimpleData>
	</SchemaData></ExtendedData>
      <Point><coordinates>127.1070409052,37.288891156</coordinates></Point>
  </Placemark>
  <Placemark>
	<ExtendedData><SchemaData schemaUrl="#competition_route_right_center_1m">
		<SimpleData name="index">105</SimpleData>
		<SimpleData name="distance_m">105.000</SimpleData>
		<SimpleData name="latitude">37.2888961834</SimpleData>
		<SimpleData name="longitude">127.1070502533</SimpleData>
		<SimpleData name="utm_easting_m">332203.9356</SimpleData>
		<SimpleData name="utm_northing_m">4128600.9708</SimpleData>
		<SimpleData name="utm_zone">52N</SimpleData>
		<SimpleData name="target_speed">0.300</SimpleData>
	</SchemaData></ExtendedData>
      <Point><coordinates>127.1070502533,37.2888961834</coordinates></Point>
  </Placemark>
  <Placemark>
	<ExtendedData><SchemaData schemaUrl="#competition_route_right_center_1m">
		<SimpleData name="index">106</SimpleData>
		<SimpleData name="distance_m">106.000</SimpleData>
		<SimpleData name="latitude">37.2889020734</SimpleData>
		<SimpleData name="longitude">127.1070587807</SimpleData>
		<SimpleData name="utm_easting_m">332204.7047</SimpleData>
		<SimpleData name="utm_northing_m">4128601.6092</SimpleData>
		<SimpleData name="utm_zone">52N</SimpleData>
		<SimpleData name="target_speed">0.300</SimpleData>
	</SchemaData></ExtendedData>
      <Point><coordinates>127.1070587807,37.2889020734</coordinates></Point>
  </Placemark>
  <Placemark>
	<ExtendedData><SchemaData schemaUrl="#competition_route_right_center_1m">
		<SimpleData name="index">107</SimpleData>
		<SimpleData name="distance_m">107.000</SimpleData>
		<SimpleData name="latitude">37.2889086219</SimpleData>
		<SimpleData name="longitude">127.1070665216</SimpleData>
		<SimpleData name="utm_easting_m">332205.4055</SimpleData>
		<SimpleData name="utm_northing_m">4128602.3220</SimpleData>
		<SimpleData name="utm_zone">52N</SimpleData>
		<SimpleData name="target_speed">0.300</SimpleData>
	</SchemaData></ExtendedData>
      <Point><coordinates>127.1070665216,37.2889086219</coordinates></Point>
  </Placemark>
  <Placemark>
	<ExtendedData><SchemaData schemaUrl="#competition_route_right_center_1m">
		<SimpleData name="index">108</SimpleData>
		<SimpleData name="distance_m">108.000</SimpleData>
		<SimpleData name="latitude">37.2889156729</SimpleData>
		<SimpleData name="longitude">127.1070735398</SimpleData>
		<SimpleData name="utm_easting_m">332206.0433</SimpleData>
		<SimpleData name="utm_northing_m">4128603.0919</SimpleData>
		<SimpleData name="utm_zone">52N</SimpleData>
		<SimpleData name="target_speed">0.300</SimpleData>
	</SchemaData></ExtendedData>
      <Point><coordinates>127.1070735398,37.2889156729</coordinates></Point>
  </Placemark>
  <Placemark>
	<ExtendedData><SchemaData schemaUrl="#competition_route_right_center_1m">
		<SimpleData name="index">109</SimpleData>
		<SimpleData name="distance_m">109.000</SimpleData>
		<SimpleData name="latitude">37.2889230407</SimpleData>
		<SimpleData name="longitude">127.1070800307</SimpleData>
		<SimpleData name="utm_easting_m">332206.6351</SimpleData>
		<SimpleData name="utm_northing_m">4128603.8979</SimpleData>
		<SimpleData name="utm_zone">52N</SimpleData>
		<SimpleData name="target_speed">0.300</SimpleData>
	</SchemaData></ExtendedData>
      <Point><coordinates>127.1070800307,37.2889230407</coordinates></Point>
  </Placemark>
  <Placemark>
	<ExtendedData><SchemaData schemaUrl="#competition_route_right_center_1m">
		<SimpleData name="index">110</SimpleData>
		<SimpleData name="distance_m">110.000</SimpleData>
		<SimpleData name="latitude">37.2889305885</SimpleData>
		<SimpleData name="longitude">127.1070861903</SimpleData>
		<SimpleData name="utm_easting_m">332207.1979</SimpleData>
		<SimpleData name="utm_northing_m">4128604.7244</SimpleData>
		<SimpleData name="utm_zone">52N</SimpleData>
		<SimpleData name="target_speed">0.300</SimpleData>
	</SchemaData></ExtendedData>
      <Point><coordinates>127.1070861903,37.2889305885</coordinates></Point>
  </Placemark>
  <Placemark>
	<ExtendedData><SchemaData schemaUrl="#competition_route_right_center_1m">
		<SimpleData name="index">111</SimpleData>
		<SimpleData name="distance_m">111.000</SimpleData>
		<SimpleData name="latitude">37.2889382382</SimpleData>
		<SimpleData name="longitude">127.1070921504</SimpleData>
		<SimpleData name="utm_easting_m">332207.7433</SimpleData>
		<SimpleData name="utm_northing_m">4128605.5626</SimpleData>
		<SimpleData name="utm_zone">52N</SimpleData>
		<SimpleData name="target_speed">0.300</SimpleData>
	</SchemaData></ExtendedData>
      <Point><coordinates>127.1070921504,37.2889382382</coordinates></Point>
  </Placemark>
  <Placemark>
	<ExtendedData><SchemaData schemaUrl="#competition_route_right_center_1m">
		<SimpleData name="index">112</SimpleData>
		<SimpleData name="distance_m">112.000</SimpleData>
		<SimpleData name="latitude">37.2889458732</SimpleData>
		<SimpleData name="longitude">127.1070981394</SimpleData>
		<SimpleData name="utm_easting_m">332208.2912</SimpleData>
		<SimpleData name="utm_northing_m">4128606.3991</SimpleData>
		<SimpleData name="utm_zone">52N</SimpleData>
		<SimpleData name="target_speed">0.300</SimpleData>
	</SchemaData></ExtendedData>
      <Point><coordinates>127.1070981394,37.2889458732</coordinates></Point>
  </Placemark>
  <Placemark>
	<ExtendedData><SchemaData schemaUrl="#competition_route_right_center_1m">
		<SimpleData name="index">113</SimpleData>
		<SimpleData name="distance_m">113.000</SimpleData>
		<SimpleData name="latitude">37.2889532034</SimpleData>
		<SimpleData name="longitude">127.1071046886</SimpleData>
		<SimpleData name="utm_easting_m">332208.8880</SimpleData>
		<SimpleData name="utm_northing_m">4128607.2008</SimpleData>
		<SimpleData name="utm_zone">52N</SimpleData>
		<SimpleData name="target_speed">0.300</SimpleData>
	</SchemaData></ExtendedData>
      <Point><coordinates>127.1071046886,37.2889532034</coordinates></Point>
  </Placemark>
  <Placemark>
	<ExtendedData><SchemaData schemaUrl="#competition_route_right_center_1m">
		<SimpleData name="index">114</SimpleData>
		<SimpleData name="distance_m">114.000</SimpleData>
		<SimpleData name="latitude">37.2889594731</SimpleData>
		<SimpleData name="longitude">127.1071127412</SimpleData>
		<SimpleData name="utm_easting_m">332209.6159</SimpleData>
		<SimpleData name="utm_northing_m">4128607.8822</SimpleData>
		<SimpleData name="utm_zone">52N</SimpleData>
		<SimpleData name="target_speed">0.300</SimpleData>
	</SchemaData></ExtendedData>
      <Point><coordinates>127.1071127412,37.2889594731</coordinates></Point>
  </Placemark>
  <Placemark>
	<ExtendedData><SchemaData schemaUrl="#competition_route_right_center_1m">
		<SimpleData name="index">115</SimpleData>
		<SimpleData name="distance_m">115.000</SimpleData>
		<SimpleData name="latitude">37.2889631284</SimpleData>
		<SimpleData name="longitude">127.1071229669</SimpleData>
		<SimpleData name="utm_easting_m">332210.5305</SimpleData>
		<SimpleData name="utm_northing_m">4128608.2696</SimpleData>
		<SimpleData name="utm_zone">52N</SimpleData>
		<SimpleData name="target_speed">0.300</SimpleData>
	</SchemaData></ExtendedData>
      <Point><coordinates>127.1071229669,37.2889631284</coordinates></Point>
  </Placemark>
  <Placemark>
	<ExtendedData><SchemaData schemaUrl="#competition_route_right_center_1m">
		<SimpleData name="index">116</SimpleData>
		<SimpleData name="distance_m">116.000</SimpleData>
		<SimpleData name="latitude">37.2889639109</SimpleData>
		<SimpleData name="longitude">127.1071341782</SimpleData>
		<SimpleData name="utm_easting_m">332211.5261</SimpleData>
		<SimpleData name="utm_northing_m">4128608.3365</SimpleData>
		<SimpleData name="utm_zone">52N</SimpleData>
		<SimpleData name="target_speed">0.300</SimpleData>
	</SchemaData></ExtendedData>
      <Point><coordinates>127.1071341782,37.2889639109</coordinates></Point>
  </Placemark>
  <Placemark>
	<ExtendedData><SchemaData schemaUrl="#competition_route_right_center_1m">
		<SimpleData name="index">117</SimpleData>
		<SimpleData name="distance_m">117.000</SimpleData>
		<SimpleData name="latitude">37.2889633442</SimpleData>
		<SimpleData name="longitude">127.10714543</SimpleData>
		<SimpleData name="utm_easting_m">332212.5224</SimpleData>
		<SimpleData name="utm_northing_m">4128608.2537</SimpleData>
		<SimpleData name="utm_zone">52N</SimpleData>
		<SimpleData name="target_speed">0.300</SimpleData>
	</SchemaData></ExtendedData>
      <Point><coordinates>127.10714543,37.2889633442</coordinates></Point>
  </Placemark>
  <Placemark>
	<ExtendedData><SchemaData schemaUrl="#competition_route_right_center_1m">
		<SimpleData name="index">118</SimpleData>
		<SimpleData name="distance_m">118.000</SimpleData>
		<SimpleData name="latitude">37.2889622187</SimpleData>
		<SimpleData name="longitude">127.1071566184</SimpleData>
		<SimpleData name="utm_easting_m">332213.5117</SimpleData>
		<SimpleData name="utm_northing_m">4128608.1089</SimpleData>
		<SimpleData name="utm_zone">52N</SimpleData>
		<SimpleData name="target_speed">0.300</SimpleData>
	</SchemaData></ExtendedData>
      <Point><coordinates>127.1071566184,37.2889622187</coordinates></Point>
  </Placemark>
  <Placemark>
	<ExtendedData><SchemaData schemaUrl="#competition_route_right_center_1m">
		<SimpleData name="index">119</SimpleData>
		<SimpleData name="distance_m">119.000</SimpleData>
		<SimpleData name="latitude">37.288960675</SimpleData>
		<SimpleData name="longitude">127.1071677285</SimpleData>
		<SimpleData name="utm_easting_m">332214.4932</SimpleData>
		<SimpleData name="utm_northing_m">4128607.9179</SimpleData>
		<SimpleData name="utm_zone">52N</SimpleData>
		<SimpleData name="target_speed">0.300</SimpleData>
	</SchemaData></ExtendedData>
      <Point><coordinates>127.1071677285,37.288960675</coordinates></Point>
  </Placemark>
  <Placemark>
	<ExtendedData><SchemaData schemaUrl="#competition_route_right_center_1m">
		<SimpleData name="index">120</SimpleData>
		<SimpleData name="distance_m">120.000</SimpleData>
		<SimpleData name="latitude">37.2889586953</SimpleData>
		<SimpleData name="longitude">127.1071787298</SimpleData>
		<SimpleData name="utm_easting_m">332215.4641</SimpleData>
		<SimpleData name="utm_northing_m">4128607.6787</SimpleData>
		<SimpleData name="utm_zone">52N</SimpleData>
		<SimpleData name="target_speed">0.300</SimpleData>
	</SchemaData></ExtendedData>
      <Point><coordinates>127.1071787298,37.2889586953</coordinates></Point>
  </Placemark>
  <Placemark>
	<ExtendedData><SchemaData schemaUrl="#competition_route_right_center_1m">
		<SimpleData name="index">121</SimpleData>
		<SimpleData name="distance_m">121.000</SimpleData>
		<SimpleData name="latitude">37.2889563304</SimpleData>
		<SimpleData name="longitude">127.1071896114</SimpleData>
		<SimpleData name="utm_easting_m">332216.4235</SimpleData>
		<SimpleData name="utm_northing_m">4128607.3970</SimpleData>
		<SimpleData name="utm_zone">52N</SimpleData>
		<SimpleData name="target_speed">0.300</SimpleData>
	</SchemaData></ExtendedData>
      <Point><coordinates>127.1071896114,37.2889563304</coordinates></Point>
  </Placemark>
  <Placemark>
	<ExtendedData><SchemaData schemaUrl="#competition_route_right_center_1m">
		<SimpleData name="index">122</SimpleData>
		<SimpleData name="distance_m">122.000</SimpleData>
		<SimpleData name="latitude">37.2889536357</SimpleData>
		<SimpleData name="longitude">127.1072003725</SimpleData>
		<SimpleData name="utm_easting_m">332217.3715</SimpleData>
		<SimpleData name="utm_northing_m">4128607.0789</SimpleData>
		<SimpleData name="utm_zone">52N</SimpleData>
		<SimpleData name="target_speed">0.300</SimpleData>
	</SchemaData></ExtendedData>
      <Point><coordinates>127.1072003725,37.2889536357</coordinates></Point>
  </Placemark>
  <Placemark>
	<ExtendedData><SchemaData schemaUrl="#competition_route_right_center_1m">
		<SimpleData name="index">123</SimpleData>
		<SimpleData name="distance_m">123.000</SimpleData>
		<SimpleData name="latitude">37.2889506966</SimpleData>
		<SimpleData name="longitude">127.1072110334</SimpleData>
		<SimpleData name="utm_easting_m">332218.3101</SimpleData>
		<SimpleData name="utm_northing_m">4128606.7339</SimpleData>
		<SimpleData name="utm_zone">52N</SimpleData>
		<SimpleData name="target_speed">0.300</SimpleData>
	</SchemaData></ExtendedData>
      <Point><coordinates>127.1072110334,37.2889506966</coordinates></Point>
  </Placemark>
  <Placemark>
	<ExtendedData><SchemaData schemaUrl="#competition_route_right_center_1m">
		<SimpleData name="index">124</SimpleData>
		<SimpleData name="distance_m">124.000</SimpleData>
		<SimpleData name="latitude">37.2889475568</SimpleData>
		<SimpleData name="longitude">127.1072216041</SimpleData>
		<SimpleData name="utm_easting_m">332219.2402</SimpleData>
		<SimpleData name="utm_northing_m">4128606.3668</SimpleData>
		<SimpleData name="utm_zone">52N</SimpleData>
		<SimpleData name="target_speed">0.300</SimpleData>
	</SchemaData></ExtendedData>
      <Point><coordinates>127.1072216041,37.2889475568</coordinates></Point>
  </Placemark>
  <Placemark>
	<ExtendedData><SchemaData schemaUrl="#competition_route_right_center_1m">
		<SimpleData name="index">125</SimpleData>
		<SimpleData name="distance_m">125.000</SimpleData>
		<SimpleData name="latitude">37.2889441165</SimpleData>
		<SimpleData name="longitude">127.1072320263</SimpleData>
		<SimpleData name="utm_easting_m">332220.1565</SimpleData>
		<SimpleData name="utm_northing_m">4128605.9666</SimpleData>
		<SimpleData name="utm_zone">52N</SimpleData>
		<SimpleData name="target_speed">0.300</SimpleData>
	</SchemaData></ExtendedData>
      <Point><coordinates>127.1072320263,37.2889441165</coordinates></Point>
  </Placemark>
  <Placemark>
	<ExtendedData><SchemaData schemaUrl="#competition_route_right_center_1m">
		<SimpleData name="index">126</SimpleData>
		<SimpleData name="distance_m">126.000</SimpleData>
		<SimpleData name="latitude">37.2889401081</SimpleData>
		<SimpleData name="longitude">127.1072421219</SimpleData>
		<SimpleData name="utm_easting_m">332221.0426</SimpleData>
		<SimpleData name="utm_northing_m">4128605.5039</SimpleData>
		<SimpleData name="utm_zone">52N</SimpleData>
		<SimpleData name="target_speed">0.300</SimpleData>
	</SchemaData></ExtendedData>
      <Point><coordinates>127.1072421219,37.2889401081</coordinates></Point>
  </Placemark>
  <Placemark>
	<ExtendedData><SchemaData schemaUrl="#competition_route_right_center_1m">
		<SimpleData name="index">127</SimpleData>
		<SimpleData name="distance_m">127.000</SimpleData>
		<SimpleData name="latitude">37.2889352145</SimpleData>
		<SimpleData name="longitude">127.1072515814</SimpleData>
		<SimpleData name="utm_easting_m">332221.8703</SimpleData>
		<SimpleData name="utm_northing_m">4128604.9441</SimpleData>
		<SimpleData name="utm_zone">52N</SimpleData>
		<SimpleData name="target_speed">0.300</SimpleData>
	</SchemaData></ExtendedData>
      <Point><coordinates>127.1072515814,37.2889352145</coordinates></Point>
  </Placemark>
  <Placemark>
	<ExtendedData><SchemaData schemaUrl="#competition_route_right_center_1m">
		<SimpleData name="index">128</SimpleData>
		<SimpleData name="distance_m">128.000</SimpleData>
		<SimpleData name="latitude">37.2889292833</SimpleData>
		<SimpleData name="longitude">127.1072600574</SimpleData>
		<SimpleData name="utm_easting_m">332222.6085</SimpleData>
		<SimpleData name="utm_northing_m">4128604.2710</SimpleData>
		<SimpleData name="utm_zone">52N</SimpleData>
		<SimpleData name="target_speed">0.300</SimpleData>
	</SchemaData></ExtendedData>
      <Point><coordinates>127.1072600574,37.2889292833</coordinates></Point>
  </Placemark>
  <Placemark>
	<ExtendedData><SchemaData schemaUrl="#competition_route_right_center_1m">
		<SimpleData name="index">129</SimpleData>
		<SimpleData name="distance_m">129.000</SimpleData>
		<SimpleData name="latitude">37.2889223452</SimpleData>
		<SimpleData name="longitude">127.1072672326</SimpleData>
		<SimpleData name="utm_easting_m">332223.2292</SimpleData>
		<SimpleData name="utm_northing_m">4128603.4884</SimpleData>
		<SimpleData name="utm_zone">52N</SimpleData>
		<SimpleData name="target_speed">0.300</SimpleData>
	</SchemaData></ExtendedData>
      <Point><coordinates>127.1072672326,37.2889223452</coordinates></Point>
  </Placemark>
  <Placemark>
	<ExtendedData><SchemaData schemaUrl="#competition_route_right_center_1m">
		<SimpleData name="index">130</SimpleData>
		<SimpleData name="distance_m">130.000</SimpleData>
		<SimpleData name="latitude">37.2889144462</SimpleData>
		<SimpleData name="longitude">127.1072726081</SimpleData>
		<SimpleData name="utm_easting_m">332223.6882</SimpleData>
		<SimpleData name="utm_northing_m">4128602.6025</SimpleData>
		<SimpleData name="utm_zone">52N</SimpleData>
		<SimpleData name="target_speed">0.300</SimpleData>
	</SchemaData></ExtendedData>
      <Point><coordinates>127.1072726081,37.2889144462</coordinates></Point>
  </Placemark>
  <Placemark>
	<ExtendedData><SchemaData schemaUrl="#competition_route_right_center_1m">
		<SimpleData name="index">131</SimpleData>
		<SimpleData name="distance_m">131.000</SimpleData>
		<SimpleData name="latitude">37.288905731</SimpleData>
		<SimpleData name="longitude">127.1072753395</SimpleData>
		<SimpleData name="utm_easting_m">332223.9110</SimpleData>
		<SimpleData name="utm_northing_m">4128601.6306</SimpleData>
		<SimpleData name="utm_zone">52N</SimpleData>
		<SimpleData name="target_speed">0.300</SimpleData>
	</SchemaData></ExtendedData>
      <Point><coordinates>127.1072753395,37.288905731</coordinates></Point>
  </Placemark>
  <Placemark>
	<ExtendedData><SchemaData schemaUrl="#competition_route_right_center_1m">
		<SimpleData name="index">132</SimpleData>
		<SimpleData name="distance_m">132.000</SimpleData>
		<SimpleData name="latitude">37.2888967348</SimpleData>
		<SimpleData name="longitude">127.1072755354</SimpleData>
		<SimpleData name="utm_easting_m">332223.9084</SimpleData>
		<SimpleData name="utm_northing_m">4128600.6321</SimpleData>
		<SimpleData name="utm_zone">52N</SimpleData>
		<SimpleData name="target_speed">0.300</SimpleData>
	</SchemaData></ExtendedData>
      <Point><coordinates>127.1072755354,37.2888967348</coordinates></Point>
  </Placemark>
  <Placemark>
	<ExtendedData><SchemaData schemaUrl="#competition_route_right_center_1m">
		<SimpleData name="index">133</SimpleData>
		<SimpleData name="distance_m">133.000</SimpleData>
		<SimpleData name="latitude">37.2888877955</SimpleData>
		<SimpleData name="longitude">127.1072741599</SimpleData>
		<SimpleData name="utm_easting_m">332223.7666</SimpleData>
		<SimpleData name="utm_northing_m">4128599.6427</SimpleData>
		<SimpleData name="utm_zone">52N</SimpleData>
		<SimpleData name="target_speed">0.300</SimpleData>
	</SchemaData></ExtendedData>
      <Point><coordinates>127.1072741599,37.2888877955</coordinates></Point>
  </Placemark>
  <Placemark>
	<ExtendedData><SchemaData schemaUrl="#competition_route_right_center_1m">
		<SimpleData name="index">134</SimpleData>
		<SimpleData name="distance_m">134.000</SimpleData>
		<SimpleData name="latitude">37.2888789638</SimpleData>
		<SimpleData name="longitude">127.1072719311</SimpleData>
		<SimpleData name="utm_easting_m">332223.5494</SimpleData>
		<SimpleData name="utm_northing_m">4128598.6667</SimpleData>
		<SimpleData name="utm_zone">52N</SimpleData>
		<SimpleData name="target_speed">0.300</SimpleData>
	</SchemaData></ExtendedData>
      <Point><coordinates>127.1072719311,37.2888789638</coordinates></Point>
  </Placemark>
  <Placemark>
	<ExtendedData><SchemaData schemaUrl="#competition_route_right_center_1m">
		<SimpleData name="index">135</SimpleData>
		<SimpleData name="distance_m">135.000</SimpleData>
		<SimpleData name="latitude">37.288870232</SimpleData>
		<SimpleData name="longitude">127.1072691499</SimpleData>
		<SimpleData name="utm_easting_m">332223.2834</SimpleData>
		<SimpleData name="utm_northing_m">4128597.7028</SimpleData>
		<SimpleData name="utm_zone">52N</SimpleData>
		<SimpleData name="target_speed">0.300</SimpleData>
	</SchemaData></ExtendedData>
      <Point><coordinates>127.1072691499,37.288870232</coordinates></Point>
  </Placemark>
  <Placemark>
	<ExtendedData><SchemaData schemaUrl="#competition_route_right_center_1m">
		<SimpleData name="index">136</SimpleData>
		<SimpleData name="distance_m">136.000</SimpleData>
		<SimpleData name="latitude">37.2888615862</SimpleData>
		<SimpleData name="longitude">127.107265974</SimpleData>
		<SimpleData name="utm_easting_m">332222.9827</SimpleData>
		<SimpleData name="utm_northing_m">4128596.7492</SimpleData>
		<SimpleData name="utm_zone">52N</SimpleData>
		<SimpleData name="target_speed">0.300</SimpleData>
	</SchemaData></ExtendedData>
      <Point><coordinates>127.107265974,37.2888615862</coordinates></Point>
  </Placemark>
  <Placemark>
	<ExtendedData><SchemaData schemaUrl="#competition_route_right_center_1m">
		<SimpleData name="index">137</SimpleData>
		<SimpleData name="distance_m">137.000</SimpleData>
		<SimpleData name="latitude">37.2888530086</SimpleData>
		<SimpleData name="longitude">127.1072625199</SimpleData>
		<SimpleData name="utm_easting_m">332222.6574</SimpleData>
		<SimpleData name="utm_northing_m">4128595.8036</SimpleData>
		<SimpleData name="utm_zone">52N</SimpleData>
		<SimpleData name="target_speed">0.300</SimpleData>
	</SchemaData></ExtendedData>
      <Point><coordinates>127.1072625199,37.2888530086</coordinates></Point>
  </Placemark>
  <Placemark>
	<ExtendedData><SchemaData schemaUrl="#competition_route_right_center_1m">
		<SimpleData name="index">138</SimpleData>
		<SimpleData name="distance_m">138.000</SimpleData>
		<SimpleData name="latitude">37.2888444864</SimpleData>
		<SimpleData name="longitude">127.1072588568</SimpleData>
		<SimpleData name="utm_easting_m">332222.3137</SimpleData>
		<SimpleData name="utm_northing_m">4128594.8645</SimpleData>
		<SimpleData name="utm_zone">52N</SimpleData>
		<SimpleData name="target_speed">0.300</SimpleData>
	</SchemaData></ExtendedData>
      <Point><coordinates>127.1072588568,37.2888444864</coordinates></Point>
  </Placemark>
  <Placemark>
	<ExtendedData><SchemaData schemaUrl="#competition_route_right_center_1m">
		<SimpleData name="index">139</SimpleData>
		<SimpleData name="distance_m">139.000</SimpleData>
		<SimpleData name="latitude">37.288836008</SimpleData>
		<SimpleData name="longitude">127.1072550378</SimpleData>
		<SimpleData name="utm_easting_m">332221.9563</SimpleData>
		<SimpleData name="utm_northing_m">4128593.9305</SimpleData>
		<SimpleData name="utm_zone">52N</SimpleData>
		<SimpleData name="target_speed">0.300</SimpleData>
	</SchemaData></ExtendedData>
      <Point><coordinates>127.1072550378,37.288836008</coordinates></Point>
  </Placemark>
  <Placemark>
	<ExtendedData><SchemaData schemaUrl="#competition_route_right_center_1m">
		<SimpleData name="index">140</SimpleData>
		<SimpleData name="distance_m">140.000</SimpleData>
		<SimpleData name="latitude">37.2888275735</SimpleData>
		<SimpleData name="longitude">127.1072510693</SimpleData>
		<SimpleData name="utm_easting_m">332221.5858</SimpleData>
		<SimpleData name="utm_northing_m">4128593.0017</SimpleData>
		<SimpleData name="utm_zone">52N</SimpleData>
		<SimpleData name="target_speed">0.300</SimpleData>
	</SchemaData></ExtendedData>
      <Point><coordinates>127.1072510693,37.2888275735</coordinates></Point>
  </Placemark>
  <Placemark>
	<ExtendedData><SchemaData schemaUrl="#competition_route_right_center_1m">
		<SimpleData name="index">141</SimpleData>
		<SimpleData name="distance_m">141.000</SimpleData>
		<SimpleData name="latitude">37.288819171</SimpleData>
		<SimpleData name="longitude">127.1072469957</SimpleData>
		<SimpleData name="utm_easting_m">332221.2060</SimpleData>
		<SimpleData name="utm_northing_m">4128592.0767</SimpleData>
		<SimpleData name="utm_zone">52N</SimpleData>
		<SimpleData name="target_speed">0.300</SimpleData>
	</SchemaData></ExtendedData>
      <Point><coordinates>127.1072469957,37.288819171</coordinates></Point>
  </Placemark>
  <Placemark>
	<ExtendedData><SchemaData schemaUrl="#competition_route_right_center_1m">
		<SimpleData name="index">142</SimpleData>
		<SimpleData name="distance_m">142.000</SimpleData>
		<SimpleData name="latitude">37.2888107583</SimpleData>
		<SimpleData name="longitude">127.1072429553</SimpleData>
		<SimpleData name="utm_easting_m">332220.8291</SimpleData>
		<SimpleData name="utm_northing_m">4128591.1504</SimpleData>
		<SimpleData name="utm_zone">52N</SimpleData>
		<SimpleData name="target_speed">0.300</SimpleData>
	</SchemaData></ExtendedData>
      <Point><coordinates>127.1072429553,37.2888107583</coordinates></Point>
  </Placemark>
  <Placemark>
	<ExtendedData><SchemaData schemaUrl="#competition_route_right_center_1m">
		<SimpleData name="index">143</SimpleData>
		<SimpleData name="distance_m">143.000</SimpleData>
		<SimpleData name="latitude">37.2888023097</SimpleData>
		<SimpleData name="longitude">127.1072390341</SimpleData>
		<SimpleData name="utm_easting_m">332220.4627</SimpleData>
		<SimpleData name="utm_northing_m">4128590.2200</SimpleData>
		<SimpleData name="utm_zone">52N</SimpleData>
		<SimpleData name="target_speed">0.300</SimpleData>
	</SchemaData></ExtendedData>
      <Point><coordinates>127.1072390341,37.2888023097</coordinates></Point>
  </Placemark>
  <Placemark>
	<ExtendedData><SchemaData schemaUrl="#competition_route_right_center_1m">
		<SimpleData name="index">144</SimpleData>
		<SimpleData name="distance_m">144.000</SimpleData>
		<SimpleData name="latitude">37.2887938426</SimpleData>
		<SimpleData name="longitude">127.1072351757</SimpleData>
		<SimpleData name="utm_easting_m">332220.1019</SimpleData>
		<SimpleData name="utm_northing_m">4128589.2873</SimpleData>
		<SimpleData name="utm_zone">52N</SimpleData>
		<SimpleData name="target_speed">0.300</SimpleData>
	</SchemaData></ExtendedData>
      <Point><coordinates>127.1072351757,37.2887938426</coordinates></Point>
  </Placemark>
  <Placemark>
	<ExtendedData><SchemaData schemaUrl="#competition_route_right_center_1m">
		<SimpleData name="index">145</SimpleData>
		<SimpleData name="distance_m">145.000</SimpleData>
		<SimpleData name="latitude">37.2887853866</SimpleData>
		<SimpleData name="longitude">127.1072312792</SimpleData>
		<SimpleData name="utm_easting_m">332219.7377</SimpleData>
		<SimpleData name="utm_northing_m">4128588.3560</SimpleData>
		<SimpleData name="utm_zone">52N</SimpleData>
		<SimpleData name="target_speed">0.300</SimpleData>
	</SchemaData></ExtendedData>
      <Point><coordinates>127.1072312792,37.2887853866</coordinates></Point>
  </Placemark>
  <Placemark>
	<ExtendedData><SchemaData schemaUrl="#competition_route_right_center_1m">
		<SimpleData name="index">146</SimpleData>
		<SimpleData name="distance_m">146.000</SimpleData>
		<SimpleData name="latitude">37.2887769482</SimpleData>
		<SimpleData name="longitude">127.1072273234</SimpleData>
		<SimpleData name="utm_easting_m">332219.3682</SimpleData>
		<SimpleData name="utm_northing_m">4128587.4268</SimpleData>
		<SimpleData name="utm_zone">52N</SimpleData>
		<SimpleData name="target_speed">0.300</SimpleData>
	</SchemaData></ExtendedData>
      <Point><coordinates>127.1072273234,37.2887769482</coordinates></Point>
  </Placemark>
  <Placemark>
	<ExtendedData><SchemaData schemaUrl="#competition_route_right_center_1m">
		<SimpleData name="index">147</SimpleData>
		<SimpleData name="distance_m">147.000</SimpleData>
		<SimpleData name="latitude">37.2887685153</SimpleData>
		<SimpleData name="longitude">127.1072233496</SimpleData>
		<SimpleData name="utm_easting_m">332218.9972</SimpleData>
		<SimpleData name="utm_northing_m">4128586.4981</SimpleData>
		<SimpleData name="utm_zone">52N</SimpleData>
		<SimpleData name="target_speed">0.300</SimpleData>
	</SchemaData></ExtendedData>
      <Point><coordinates>127.1072233496,37.2887685153</coordinates></Point>
  </Placemark>
  <Placemark>
	<ExtendedData><SchemaData schemaUrl="#competition_route_right_center_1m">
		<SimpleData name="index">148</SimpleData>
		<SimpleData name="distance_m">148.000</SimpleData>
		<SimpleData name="latitude">37.2887600882</SimpleData>
		<SimpleData name="longitude">127.1072193563</SimpleData>
		<SimpleData name="utm_easting_m">332218.6245</SimpleData>
		<SimpleData name="utm_northing_m">4128585.5702</SimpleData>
		<SimpleData name="utm_zone">52N</SimpleData>
		<SimpleData name="target_speed">0.300</SimpleData>
	</SchemaData></ExtendedData>
      <Point><coordinates>127.1072193563,37.2887600882</coordinates></Point>
  </Placemark>
  <Placemark>
	<ExtendedData><SchemaData schemaUrl="#competition_route_right_center_1m">
		<SimpleData name="index">149</SimpleData>
		<SimpleData name="distance_m">149.000</SimpleData>
		<SimpleData name="latitude">37.2887516738</SimpleData>
		<SimpleData name="longitude">127.1072153214</SimpleData>
		<SimpleData name="utm_easting_m">332218.2481</SimpleData>
		<SimpleData name="utm_northing_m">4128584.6437</SimpleData>
		<SimpleData name="utm_zone">52N</SimpleData>
		<SimpleData name="target_speed">0.300</SimpleData>
	</SchemaData></ExtendedData>
      <Point><coordinates>127.1072153214,37.2887516738</coordinates></Point>
  </Placemark>
  <Placemark>
	<ExtendedData><SchemaData schemaUrl="#competition_route_right_center_1m">
		<SimpleData name="index">150</SimpleData>
		<SimpleData name="distance_m">150.000</SimpleData>
		<SimpleData name="latitude">37.28874326</SimpleData>
		<SimpleData name="longitude">127.1072112844</SimpleData>
		<SimpleData name="utm_easting_m">332217.8715</SimpleData>
		<SimpleData name="utm_northing_m">4128583.7174</SimpleData>
		<SimpleData name="utm_zone">52N</SimpleData>
		<SimpleData name="target_speed">0.300</SimpleData>
	</SchemaData></ExtendedData>
      <Point><coordinates>127.1072112844,37.28874326</coordinates></Point>
  </Placemark>
  <Placemark>
	<ExtendedData><SchemaData schemaUrl="#competition_route_right_center_1m">
		<SimpleData name="index">151</SimpleData>
		<SimpleData name="distance_m">151.000</SimpleData>
		<SimpleData name="latitude">37.2887348352</SimpleData>
		<SimpleData name="longitude">127.1072072833</SimpleData>
		<SimpleData name="utm_easting_m">332217.4981</SimpleData>
		<SimpleData name="utm_northing_m">4128582.7897</SimpleData>
		<SimpleData name="utm_zone">52N</SimpleData>
		<SimpleData name="target_speed">0.300</SimpleData>
	</SchemaData></ExtendedData>
      <Point><coordinates>127.1072072833,37.2887348352</coordinates></Point>
  </Placemark>
  <Placemark>
	<ExtendedData><SchemaData schemaUrl="#competition_route_right_center_1m">
		<SimpleData name="index">152</SimpleData>
		<SimpleData name="distance_m">152.000</SimpleData>
		<SimpleData name="latitude">37.2887263979</SimpleData>
		<SimpleData name="longitude">127.1072033241</SimpleData>
		<SimpleData name="utm_easting_m">332217.1284</SimpleData>
		<SimpleData name="utm_northing_m">4128581.8606</SimpleData>
		<SimpleData name="utm_zone">52N</SimpleData>
		<SimpleData name="target_speed">0.300</SimpleData>
	</SchemaData></ExtendedData>
      <Point><coordinates>127.1072033241,37.2887263979</coordinates></Point>
  </Placemark>
  <Placemark>
	<ExtendedData><SchemaData schemaUrl="#competition_route_right_center_1m">
		<SimpleData name="index">153</SimpleData>
		<SimpleData name="distance_m">153.000</SimpleData>
		<SimpleData name="latitude">37.2887179458</SimpleData>
		<SimpleData name="longitude">127.1071994147</SimpleData>
		<SimpleData name="utm_easting_m">332216.7630</SimpleData>
		<SimpleData name="utm_northing_m">4128580.9297</SimpleData>
		<SimpleData name="utm_zone">52N</SimpleData>
		<SimpleData name="target_speed">0.300</SimpleData>
	</SchemaData></ExtendedData>
      <Point><coordinates>127.1071994147,37.2887179458</coordinates></Point>
  </Placemark>
  <Placemark>
	<ExtendedData><SchemaData schemaUrl="#competition_route_right_center_1m">
		<SimpleData name="index">154</SimpleData>
		<SimpleData name="distance_m">154.000</SimpleData>
		<SimpleData name="latitude">37.2887094858</SimpleData>
		<SimpleData name="longitude">127.107195532</SimpleData>
		<SimpleData name="utm_easting_m">332216.4000</SimpleData>
		<SimpleData name="utm_northing_m">4128579.9979</SimpleData>
		<SimpleData name="utm_zone">52N</SimpleData>
		<SimpleData name="target_speed">0.300</SimpleData>
	</SchemaData></ExtendedData>
      <Point><coordinates>127.107195532,37.2887094858</coordinates></Point>
  </Placemark>
  <Placemark>
	<ExtendedData><SchemaData schemaUrl="#competition_route_right_center_1m">
		<SimpleData name="index">155</SimpleData>
		<SimpleData name="distance_m">155.000</SimpleData>
		<SimpleData name="latitude">37.2887010359</SimpleData>
		<SimpleData name="longitude">127.1071916148</SimpleData>
		<SimpleData name="utm_easting_m">332216.0340</SimpleData>
		<SimpleData name="utm_northing_m">4128579.0673</SimpleData>
		<SimpleData name="utm_zone">52N</SimpleData>
		<SimpleData name="target_speed">0.300</SimpleData>
	</SchemaData></ExtendedData>
      <Point><coordinates>127.1071916148,37.2887010359</coordinates></Point>
  </Placemark>
  <Placemark>
	<ExtendedData><SchemaData schemaUrl="#competition_route_right_center_1m">
		<SimpleData name="index">156</SimpleData>
		<SimpleData name="distance_m">156.000</SimpleData>
		<SimpleData name="latitude">37.2886926193</SimpleData>
		<SimpleData name="longitude">127.1071875871</SimpleData>
		<SimpleData name="utm_easting_m">332215.6582</SimpleData>
		<SimpleData name="utm_northing_m">4128578.1406</SimpleData>
		<SimpleData name="utm_zone">52N</SimpleData>
		<SimpleData name="target_speed">0.300</SimpleData>
	</SchemaData></ExtendedData>
      <Point><coordinates>127.1071875871,37.2886926193</coordinates></Point>
  </Placemark>
  <Placemark>
	<ExtendedData><SchemaData schemaUrl="#competition_route_right_center_1m">
		<SimpleData name="index">157</SimpleData>
		<SimpleData name="distance_m">157.000</SimpleData>
		<SimpleData name="latitude">37.2886842407</SimpleData>
		<SimpleData name="longitude">127.1071834372</SimpleData>
		<SimpleData name="utm_easting_m">332215.2717</SimpleData>
		<SimpleData name="utm_northing_m">4128577.2183</SimpleData>
		<SimpleData name="utm_zone">52N</SimpleData>
		<SimpleData name="target_speed">0.300</SimpleData>
	</SchemaData></ExtendedData>
      <Point><coordinates>127.1071834372,37.2886842407</coordinates></Point>
  </Placemark>
  <Placemark>
	<ExtendedData><SchemaData schemaUrl="#competition_route_right_center_1m">
		<SimpleData name="index">158</SimpleData>
		<SimpleData name="distance_m">158.000</SimpleData>
		<SimpleData name="latitude">37.2886758786</SimpleData>
		<SimpleData name="longitude">127.1071792354</SimpleData>
		<SimpleData name="utm_easting_m">332214.8806</SimpleData>
		<SimpleData name="utm_northing_m">4128576.2979</SimpleData>
		<SimpleData name="utm_zone">52N</SimpleData>
		<SimpleData name="target_speed">0.300</SimpleData>
	</SchemaData></ExtendedData>
      <Point><coordinates>127.1071792354,37.2886758786</coordinates></Point>
  </Placemark>
  <Placemark>
	<ExtendedData><SchemaData schemaUrl="#competition_route_right_center_1m">
		<SimpleData name="index">159</SimpleData>
		<SimpleData name="distance_m">159.000</SimpleData>
		<SimpleData name="latitude">37.2886675263</SimpleData>
		<SimpleData name="longitude">127.1071750033</SimpleData>
		<SimpleData name="utm_easting_m">332214.4869</SimpleData>
		<SimpleData name="utm_northing_m">4128575.3787</SimpleData>
		<SimpleData name="utm_zone">52N</SimpleData>
		<SimpleData name="target_speed">0.300</SimpleData>
	</SchemaData></ExtendedData>
      <Point><coordinates>127.1071750033,37.2886675263</coordinates></Point>
  </Placemark>
  <Placemark>
	<ExtendedData><SchemaData schemaUrl="#competition_route_right_center_1m">
		<SimpleData name="index">160</SimpleData>
		<SimpleData name="distance_m">160.000</SimpleData>
		<SimpleData name="latitude">37.2886591931</SimpleData>
		<SimpleData name="longitude">127.1071707123</SimpleData>
		<SimpleData name="utm_easting_m">332214.0880</SimpleData>
		<SimpleData name="utm_northing_m">4128574.4617</SimpleData>
		<SimpleData name="utm_zone">52N</SimpleData>
		<SimpleData name="target_speed">0.300</SimpleData>
	</SchemaData></ExtendedData>
      <Point><coordinates>127.1071707123,37.2886591931</coordinates></Point>
  </Placemark>
  <Placemark>
	<ExtendedData><SchemaData schemaUrl="#competition_route_right_center_1m">
		<SimpleData name="index">161</SimpleData>
		<SimpleData name="distance_m">161.000</SimpleData>
		<SimpleData name="latitude">37.2886508804</SimpleData>
		<SimpleData name="longitude">127.1071663598</SimpleData>
		<SimpleData name="utm_easting_m">332213.6837</SimpleData>
		<SimpleData name="utm_northing_m">4128573.5471</SimpleData>
		<SimpleData name="utm_zone">52N</SimpleData>
		<SimpleData name="target_speed">0.300</SimpleData>
	</SchemaData></ExtendedData>
      <Point><coordinates>127.1071663598,37.2886508804</coordinates></Point>
  </Placemark>
  <Placemark>
	<ExtendedData><SchemaData schemaUrl="#competition_route_right_center_1m">
		<SimpleData name="index">162</SimpleData>
		<SimpleData name="distance_m">162.000</SimpleData>
		<SimpleData name="latitude">37.2886425698</SimpleData>
		<SimpleData name="longitude">127.1071620008</SimpleData>
		<SimpleData name="utm_easting_m">332213.2788</SimpleData>
		<SimpleData name="utm_northing_m">4128572.6328</SimpleData>
		<SimpleData name="utm_zone">52N</SimpleData>
		<SimpleData name="target_speed">0.300</SimpleData>
	</SchemaData></ExtendedData>
      <Point><coordinates>127.1071620008,37.2886425698</coordinates></Point>
  </Placemark>
  <Placemark>
	<ExtendedData><SchemaData schemaUrl="#competition_route_right_center_1m">
		<SimpleData name="index">163</SimpleData>
		<SimpleData name="distance_m">163.000</SimpleData>
		<SimpleData name="latitude">37.2886342356</SimpleData>
		<SimpleData name="longitude">127.1071577131</SimpleData>
		<SimpleData name="utm_easting_m">332212.8801</SimpleData>
		<SimpleData name="utm_northing_m">4128571.7157</SimpleData>
		<SimpleData name="utm_zone">52N</SimpleData>
		<SimpleData name="target_speed">0.300</SimpleData>
	</SchemaData></ExtendedData>
      <Point><coordinates>127.1071577131,37.2886342356</coordinates></Point>
  </Placemark>
  <Placemark>
	<ExtendedData><SchemaData schemaUrl="#competition_route_right_center_1m">
		<SimpleData name="index">164</SimpleData>
		<SimpleData name="distance_m">164.000</SimpleData>
		<SimpleData name="latitude">37.2886258745</SimpleData>
		<SimpleData name="longitude">127.1071535081</SimpleData>
		<SimpleData name="utm_easting_m">332212.4888</SimpleData>
		<SimpleData name="utm_northing_m">4128570.7954</SimpleData>
		<SimpleData name="utm_zone">52N</SimpleData>
		<SimpleData name="target_speed">0.300</SimpleData>
	</SchemaData></ExtendedData>
      <Point><coordinates>127.1071535081,37.2886258745</coordinates></Point>
  </Placemark>
  <Placemark>
	<ExtendedData><SchemaData schemaUrl="#competition_route_right_center_1m">
		<SimpleData name="index">165</SimpleData>
		<SimpleData name="distance_m">165.000</SimpleData>
		<SimpleData name="latitude">37.2886174985</SimpleData>
		<SimpleData name="longitude">127.1071493498</SimpleData>
		<SimpleData name="utm_easting_m">332212.1015</SimpleData>
		<SimpleData name="utm_northing_m">4128569.8734</SimpleData>
		<SimpleData name="utm_zone">52N</SimpleData>
		<SimpleData name="target_speed">0.300</SimpleData>
	</SchemaData></ExtendedData>
      <Point><coordinates>127.1071493498,37.2886174985</coordinates></Point>
  </Placemark>
  <Placemark>
	<ExtendedData><SchemaData schemaUrl="#competition_route_right_center_1m">
		<SimpleData name="index">166</SimpleData>
		<SimpleData name="distance_m">166.000</SimpleData>
		<SimpleData name="latitude">37.2886091116</SimpleData>
		<SimpleData name="longitude">127.1071452264</SimpleData>
		<SimpleData name="utm_easting_m">332211.7174</SimpleData>
		<SimpleData name="utm_northing_m">4128568.9502</SimpleData>
		<SimpleData name="utm_zone">52N</SimpleData>
		<SimpleData name="target_speed">0.300</SimpleData>
	</SchemaData></ExtendedData>
      <Point><coordinates>127.1071452264,37.2886091116</coordinates></Point>
  </Placemark>
  <Placemark>
	<ExtendedData><SchemaData schemaUrl="#competition_route_right_center_1m">
		<SimpleData name="index">167</SimpleData>
		<SimpleData name="distance_m">167.000</SimpleData>
		<SimpleData name="latitude">37.2886007197</SimpleData>
		<SimpleData name="longitude">127.1071411187</SimpleData>
		<SimpleData name="utm_easting_m">332211.3346</SimpleData>
		<SimpleData name="utm_northing_m">4128568.0263</SimpleData>
		<SimpleData name="utm_zone">52N</SimpleData>
		<SimpleData name="target_speed">0.300</SimpleData>
	</SchemaData></ExtendedData>
      <Point><coordinates>127.1071411187,37.2886007197</coordinates></Point>
  </Placemark>
  <Placemark>
	<ExtendedData><SchemaData schemaUrl="#competition_route_right_center_1m">
		<SimpleData name="index">168</SimpleData>
		<SimpleData name="distance_m">168.000</SimpleData>
		<SimpleData name="latitude">37.2885923278</SimpleData>
		<SimpleData name="longitude">127.1071370109</SimpleData>
		<SimpleData name="utm_easting_m">332210.9518</SimpleData>
		<SimpleData name="utm_northing_m">4128567.1025</SimpleData>
		<SimpleData name="utm_zone">52N</SimpleData>
		<SimpleData name="target_speed">0.300</SimpleData>
	</SchemaData></ExtendedData>
      <Point><coordinates>127.1071370109,37.2885923278</coordinates></Point>
  </Placemark>
  <Placemark>
	<ExtendedData><SchemaData schemaUrl="#competition_route_right_center_1m">
		<SimpleData name="index">169</SimpleData>
		<SimpleData name="distance_m">169.000</SimpleData>
		<SimpleData name="latitude">37.2885839249</SimpleData>
		<SimpleData name="longitude">127.1071329384</SimpleData>
		<SimpleData name="utm_easting_m">332210.5721</SimpleData>
		<SimpleData name="utm_northing_m">4128566.1774</SimpleData>
		<SimpleData name="utm_zone">52N</SimpleData>
		<SimpleData name="target_speed">0.300</SimpleData>
	</SchemaData></ExtendedData>
      <Point><coordinates>127.1071329384,37.2885839249</coordinates></Point>
  </Placemark>
  <Placemark>
	<ExtendedData><SchemaData schemaUrl="#competition_route_right_center_1m">
		<SimpleData name="index">170</SimpleData>
		<SimpleData name="distance_m">170.000</SimpleData>
		<SimpleData name="latitude">37.2885755131</SimpleData>
		<SimpleData name="longitude">127.1071288951</SimpleData>
		<SimpleData name="utm_easting_m">332210.1949</SimpleData>
		<SimpleData name="utm_northing_m">4128565.2513</SimpleData>
		<SimpleData name="utm_zone">52N</SimpleData>
		<SimpleData name="target_speed">0.300</SimpleData>
	</SchemaData></ExtendedData>
      <Point><coordinates>127.1071288951,37.2885755131</coordinates></Point>
  </Placemark>
  <Placemark>
	<ExtendedData><SchemaData schemaUrl="#competition_route_right_center_1m">
		<SimpleData name="index">171</SimpleData>
		<SimpleData name="distance_m">171.000</SimpleData>
		<SimpleData name="latitude">37.2885671284</SimpleData>
		<SimpleData name="longitude">127.1071247647</SimpleData>
		<SimpleData name="utm_easting_m">332209.8101</SimpleData>
		<SimpleData name="utm_northing_m">4128564.3283</SimpleData>
		<SimpleData name="utm_zone">52N</SimpleData>
		<SimpleData name="target_speed">0.300</SimpleData>
	</SchemaData></ExtendedData>
      <Point><coordinates>127.1071247647,37.2885671284</coordinates></Point>
  </Placemark>
  <Placemark>
	<ExtendedData><SchemaData schemaUrl="#competition_route_right_center_1m">
		<SimpleData name="index">172</SimpleData>
		<SimpleData name="distance_m">172.000</SimpleData>
		<SimpleData name="latitude">37.288558848</SimpleData>
		<SimpleData name="longitude">127.1071203186</SimpleData>
		<SimpleData name="utm_easting_m">332209.3976</SimpleData>
		<SimpleData name="utm_northing_m">4128563.4174</SimpleData>
		<SimpleData name="utm_zone">52N</SimpleData>
		<SimpleData name="target_speed">0.300</SimpleData>
	</SchemaData></ExtendedData>
      <Point><coordinates>127.1071203186,37.288558848</coordinates></Point>
  </Placemark>
  <Placemark>
	<ExtendedData><SchemaData schemaUrl="#competition_route_right_center_1m">
		<SimpleData name="index">173</SimpleData>
		<SimpleData name="distance_m">173.000</SimpleData>
		<SimpleData name="latitude">37.2885507684</SimpleData>
		<SimpleData name="longitude">127.1071153297</SimpleData>
		<SimpleData name="utm_easting_m">332208.9374</SimpleData>
		<SimpleData name="utm_northing_m">4128562.5298</SimpleData>
		<SimpleData name="utm_zone">52N</SimpleData>
		<SimpleData name="target_speed">0.300</SimpleData>
	</SchemaData></ExtendedData>
      <Point><coordinates>127.1071153297,37.2885507684</coordinates></Point>
  </Placemark>
  <Placemark>
	<ExtendedData><SchemaData schemaUrl="#competition_route_right_center_1m">
		<SimpleData name="index">174</SimpleData>
		<SimpleData name="distance_m">174.000</SimpleData>
		<SimpleData name="latitude">37.288542982</SimpleData>
		<SimpleData name="longitude">127.1071096592</SimpleData>
		<SimpleData name="utm_easting_m">332208.4174</SimpleData>
		<SimpleData name="utm_northing_m">4128561.6759</SimpleData>
		<SimpleData name="utm_zone">52N</SimpleData>
		<SimpleData name="target_speed">0.300</SimpleData>
	</SchemaData></ExtendedData>
      <Point><coordinates>127.1071096592,37.288542982</coordinates></Point>
  </Placemark>
  <Placemark>
	<ExtendedData><SchemaData schemaUrl="#competition_route_right_center_1m">
		<SimpleData name="index">175</SimpleData>
		<SimpleData name="distance_m">175.000</SimpleData>
		<SimpleData name="latitude">37.2885356474</SimpleData>
		<SimpleData name="longitude">127.1071031173</SimpleData>
		<SimpleData name="utm_easting_m">332207.8211</SimpleData>
		<SimpleData name="utm_northing_m">4128560.8737</SimpleData>
		<SimpleData name="utm_zone">52N</SimpleData>
		<SimpleData name="target_speed">0.300</SimpleData>
	</SchemaData></ExtendedData>
      <Point><coordinates>127.1071031173,37.2885356474</coordinates></Point>
  </Placemark>
  <Placemark>
	<ExtendedData><SchemaData schemaUrl="#competition_route_right_center_1m">
		<SimpleData name="index">176</SimpleData>
		<SimpleData name="distance_m">176.000</SimpleData>
		<SimpleData name="latitude">37.2885289952</SimpleData>
		<SimpleData name="longitude">127.1070955216</SimpleData>
		<SimpleData name="utm_easting_m">332207.1330</SimpleData>
		<SimpleData name="utm_northing_m">4128560.1491</SimpleData>
		<SimpleData name="utm_zone">52N</SimpleData>
		<SimpleData name="target_speed">0.300</SimpleData>
	</SchemaData></ExtendedData>
      <Point><coordinates>127.1070955216,37.2885289952</coordinates></Point>
  </Placemark>
  <Placemark>
	<ExtendedData><SchemaData schemaUrl="#competition_route_right_center_1m">
		<SimpleData name="index">177</SimpleData>
		<SimpleData name="distance_m">177.000</SimpleData>
		<SimpleData name="latitude">37.2885231303</SimpleData>
		<SimpleData name="longitude">127.1070869671</SimpleData>
		<SimpleData name="utm_easting_m">332206.3616</SimpleData>
		<SimpleData name="utm_northing_m">4128559.5135</SimpleData>
		<SimpleData name="utm_zone">52N</SimpleData>
		<SimpleData name="target_speed">0.300</SimpleData>
	</SchemaData></ExtendedData>
      <Point><coordinates>127.1070869671,37.2885231303</coordinates></Point>
  </Placemark>
  <Placemark>
	<ExtendedData><SchemaData schemaUrl="#competition_route_right_center_1m">
		<SimpleData name="index">178</SimpleData>
		<SimpleData name="distance_m">178.000</SimpleData>
		<SimpleData name="latitude">37.2885178905</SimpleData>
		<SimpleData name="longitude">127.1070777949</SimpleData>
		<SimpleData name="utm_easting_m">332205.5368</SimpleData>
		<SimpleData name="utm_northing_m">4128558.9484</SimpleData>
		<SimpleData name="utm_zone">52N</SimpleData>
		<SimpleData name="target_speed">0.300</SimpleData>
	</SchemaData></ExtendedData>
      <Point><coordinates>127.1070777949,37.2885178905</coordinates></Point>
  </Placemark>
  <Placemark>
	<ExtendedData><SchemaData schemaUrl="#competition_route_right_center_1m">
		<SimpleData name="index">179</SimpleData>
		<SimpleData name="distance_m">179.000</SimpleData>
		<SimpleData name="latitude">37.2885131454</SimpleData>
		<SimpleData name="longitude">127.10706821</SimpleData>
		<SimpleData name="utm_easting_m">332204.6765</SimpleData>
		<SimpleData name="utm_northing_m">4128558.4390</SimpleData>
		<SimpleData name="utm_zone">52N</SimpleData>
		<SimpleData name="target_speed">0.300</SimpleData>
	</SchemaData></ExtendedData>
      <Point><coordinates>127.10706821,37.2885131454</coordinates></Point>
  </Placemark>
  <Placemark>
	<ExtendedData><SchemaData schemaUrl="#competition_route_right_center_1m">
		<SimpleData name="index">180</SimpleData>
		<SimpleData name="distance_m">180.000</SimpleData>
		<SimpleData name="latitude">37.2885091703</SimpleData>
		<SimpleData name="longitude">127.1070580993</SimpleData>
		<SimpleData name="utm_easting_m">332203.7714</SimpleData>
		<SimpleData name="utm_northing_m">4128558.0159</SimpleData>
		<SimpleData name="utm_zone">52N</SimpleData>
		<SimpleData name="target_speed">0.300</SimpleData>
	</SchemaData></ExtendedData>
      <Point><coordinates>127.1070580993,37.2885091703</coordinates></Point>
  </Placemark>
  <Placemark>
	<ExtendedData><SchemaData schemaUrl="#competition_route_right_center_1m">
		<SimpleData name="index">181</SimpleData>
		<SimpleData name="distance_m">181.000</SimpleData>
		<SimpleData name="latitude">37.2885069954</SimpleData>
		<SimpleData name="longitude">127.1070471974</SimpleData>
		<SimpleData name="utm_easting_m">332202.8001</SimpleData>
		<SimpleData name="utm_northing_m">4128557.7939</SimpleData>
		<SimpleData name="utm_zone">52N</SimpleData>
		<SimpleData name="target_speed">0.300</SimpleData>
	</SchemaData></ExtendedData>
      <Point><coordinates>127.1070471974,37.2885069954</coordinates></Point>
  </Placemark>
  <Placemark>
	<ExtendedData><SchemaData schemaUrl="#competition_route_right_center_1m">
		<SimpleData name="index">182</SimpleData>
		<SimpleData name="distance_m">182.000</SimpleData>
		<SimpleData name="latitude">37.2885075829</SimpleData>
		<SimpleData name="longitude">127.107035987</SimpleData>
		<SimpleData name="utm_easting_m">332201.8075</SimpleData>
		<SimpleData name="utm_northing_m">4128557.8790</SimpleData>
		<SimpleData name="utm_zone">52N</SimpleData>
		<SimpleData name="target_speed">0.300</SimpleData>
	</SchemaData></ExtendedData>
      <Point><coordinates>127.107035987,37.2885075829</coordinates></Point>
  </Placemark>
  <Placemark>
	<ExtendedData><SchemaData schemaUrl="#competition_route_right_center_1m">
		<SimpleData name="index">183</SimpleData>
		<SimpleData name="distance_m">183.000</SimpleData>
		<SimpleData name="latitude">37.2885103829</SimpleData>
		<SimpleData name="longitude">127.1070252912</SimpleData>
		<SimpleData name="utm_easting_m">332200.8656</SimpleData>
		<SimpleData name="utm_northing_m">4128558.2086</SimpleData>
		<SimpleData name="utm_zone">52N</SimpleData>
		<SimpleData name="target_speed">0.300</SimpleData>
	</SchemaData></ExtendedData>
      <Point><coordinates>127.1070252912,37.2885103829</coordinates></Point>
  </Placemark>
  <Placemark>
	<ExtendedData><SchemaData schemaUrl="#competition_route_right_center_1m">
		<SimpleData name="index">184</SimpleData>
		<SimpleData name="distance_m">184.000</SimpleData>
		<SimpleData name="latitude">37.288515383</SimpleData>
		<SimpleData name="longitude">127.1070159812</SimpleData>
		<SimpleData name="utm_easting_m">332200.0513</SimpleData>
		<SimpleData name="utm_northing_m">4128558.7799</SimpleData>
		<SimpleData name="utm_zone">52N</SimpleData>
		<SimpleData name="target_speed">0.300</SimpleData>
	</SchemaData></ExtendedData>
      <Point><coordinates>127.1070159812,37.288515383</coordinates></Point>
  </Placemark>
  <Placemark>
	<ExtendedData><SchemaData schemaUrl="#competition_route_right_center_1m">
		<SimpleData name="index">185</SimpleData>
		<SimpleData name="distance_m">185.000</SimpleData>
		<SimpleData name="latitude">37.2885227221</SimpleData>
		<SimpleData name="longitude">127.1070095349</SimpleData>
		<SimpleData name="utm_easting_m">332199.4962</SimpleData>
		<SimpleData name="utm_northing_m">4128559.6057</SimpleData>
		<SimpleData name="utm_zone">52N</SimpleData>
		<SimpleData name="target_speed">0.300</SimpleData>
	</SchemaData></ExtendedData>
      <Point><coordinates>127.1070095349,37.2885227221</coordinates></Point>
  </Placemark>
  <Placemark>
	<ExtendedData><SchemaData schemaUrl="#competition_route_right_center_1m">
		<SimpleData name="index">186</SimpleData>
		<SimpleData name="distance_m">186.000</SimpleData>
		<SimpleData name="latitude">37.2885313433</SimpleData>
		<SimpleData name="longitude">127.1070064264</SimpleData>
		<SimpleData name="utm_easting_m">332199.2397</SimpleData>
		<SimpleData name="utm_northing_m">4128560.5678</SimpleData>
		<SimpleData name="utm_zone">52N</SimpleData>
		<SimpleData name="target_speed">0.300</SimpleData>
	</SchemaData></ExtendedData>
      <Point><coordinates>127.1070064264,37.2885313433</coordinates></Point>
  </Placemark>
  <Placemark>
	<ExtendedData><SchemaData schemaUrl="#competition_route_right_center_1m">
		<SimpleData name="index">187</SimpleData>
		<SimpleData name="distance_m">187.000</SimpleData>
		<SimpleData name="latitude">37.2885403396</SimpleData>
		<SimpleData name="longitude">127.1070062163</SimpleData>
		<SimpleData name="utm_easting_m">332199.2411</SimpleData>
		<SimpleData name="utm_northing_m">4128561.5663</SimpleData>
		<SimpleData name="utm_zone">52N</SimpleData>
		<SimpleData name="target_speed">0.300</SimpleData>
	</SchemaData></ExtendedData>
      <Point><coordinates>127.1070062163,37.2885403396</coordinates></Point>
  </Placemark>
  <Placemark>
	<ExtendedData><SchemaData schemaUrl="#competition_route_right_center_1m">
		<SimpleData name="index">188</SimpleData>
		<SimpleData name="distance_m">188.000</SimpleData>
		<SimpleData name="latitude">37.2885493073</SimpleData>
		<SimpleData name="longitude">127.1070073048</SimpleData>
		<SimpleData name="utm_easting_m">332199.3575</SimpleData>
		<SimpleData name="utm_northing_m">4128562.5594</SimpleData>
		<SimpleData name="utm_zone">52N</SimpleData>
		<SimpleData name="target_speed">0.300</SimpleData>
	</SchemaData></ExtendedData>
      <Point><coordinates>127.1070073048,37.2885493073</coordinates></Point>
  </Placemark>
  <Placemark>
	<ExtendedData><SchemaData schemaUrl="#competition_route_right_center_1m">
		<SimpleData name="index">189</SimpleData>
		<SimpleData name="distance_m">189.000</SimpleData>
		<SimpleData name="latitude">37.2885582584</SimpleData>
		<SimpleData name="longitude">127.1070086008</SimpleData>
		<SimpleData name="utm_easting_m">332199.4923</SimpleData>
		<SimpleData name="utm_northing_m">4128563.5503</SimpleData>
		<SimpleData name="utm_zone">52N</SimpleData>
		<SimpleData name="target_speed">0.300</SimpleData>
	</SchemaData></ExtendedData>
      <Point><coordinates>127.1070086008,37.2885582584</coordinates></Point>
  </Placemark>
  <Placemark>
	<ExtendedData><SchemaData schemaUrl="#competition_route_right_center_1m">
		<SimpleData name="index">190</SimpleData>
		<SimpleData name="distance_m">190.000</SimpleData>
		<SimpleData name="latitude">37.2885672332</SimpleData>
		<SimpleData name="longitude">127.1070096013</SimpleData>
		<SimpleData name="utm_easting_m">332199.6009</SimpleData>
		<SimpleData name="utm_northing_m">4128564.5443</SimpleData>
		<SimpleData name="utm_zone">52N</SimpleData>
		<SimpleData name="target_speed">0.300</SimpleData>
	</SchemaData></ExtendedData>
      <Point><coordinates>127.1070096013,37.2885672332</coordinates></Point>
  </Placemark>
  <Placemark>
	<ExtendedData><SchemaData schemaUrl="#competition_route_right_center_1m">
		<SimpleData name="index">191</SimpleData>
		<SimpleData name="distance_m">191.000</SimpleData>
		<SimpleData name="latitude">37.2885762342</SimpleData>
		<SimpleData name="longitude">127.1070100995</SimpleData>
		<SimpleData name="utm_easting_m">332199.6651</SimpleData>
		<SimpleData name="utm_northing_m">4128565.5421</SimpleData>
		<SimpleData name="utm_zone">52N</SimpleData>
		<SimpleData name="target_speed">0.300</SimpleData>
	</SchemaData></ExtendedData>
      <Point><coordinates>127.1070100995,37.2885762342</coordinates></Point>
  </Placemark>
  <Placemark>
	<ExtendedData><SchemaData schemaUrl="#competition_route_right_center_1m">
		<SimpleData name="index">192</SimpleData>
		<SimpleData name="distance_m">192.000</SimpleData>
		<SimpleData name="latitude">37.2885852419</SimpleData>
		<SimpleData name="longitude">127.1070099172</SimpleData>
		<SimpleData name="utm_easting_m">332199.6690</SimpleData>
		<SimpleData name="utm_northing_m">4128566.5419</SimpleData>
		<SimpleData name="utm_zone">52N</SimpleData>
		<SimpleData name="target_speed">0.300</SimpleData>
	</SchemaData></ExtendedData>
      <Point><coordinates>127.1070099172,37.2885852419</coordinates></Point>
  </Placemark>
  <Placemark>
	<ExtendedData><SchemaData schemaUrl="#competition_route_right_center_1m">
		<SimpleData name="index">193</SimpleData>
		<SimpleData name="distance_m">193.000</SimpleData>
		<SimpleData name="latitude">37.288594208</SimpleData>
		<SimpleData name="longitude">127.1070088361</SimpleData>
		<SimpleData name="utm_easting_m">332199.5930</SimpleData>
		<SimpleData name="utm_northing_m">4128567.5387</SimpleData>
		<SimpleData name="utm_zone">52N</SimpleData>
		<SimpleData name="target_speed">0.300</SimpleData>
	</SchemaData></ExtendedData>
      <Point><coordinates>127.1070088361,37.288594208</coordinates></Point>
  </Placemark>
  <Placemark>
	<ExtendedData><SchemaData schemaUrl="#competition_route_right_center_1m">
		<SimpleData name="index">194</SimpleData>
		<SimpleData name="distance_m">194.000</SimpleData>
		<SimpleData name="latitude">37.2886030585</SimpleData>
		<SimpleData name="longitude">127.1070067393</SimpleData>
		<SimpleData name="utm_easting_m">332199.4268</SimpleData>
		<SimpleData name="utm_northing_m">4128568.5244</SimpleData>
		<SimpleData name="utm_zone">52N</SimpleData>
		<SimpleData name="target_speed">0.300</SimpleData>
	</SchemaData></ExtendedData>
      <Point><coordinates>127.1070067393,37.2886030585</coordinates></Point>
  </Placemark>
  <Placemark>
	<ExtendedData><SchemaData schemaUrl="#competition_route_right_center_1m">
		<SimpleData name="index">195</SimpleData>
		<SimpleData name="distance_m">195.000</SimpleData>
		<SimpleData name="latitude">37.2886117275</SimpleData>
		<SimpleData name="longitude">127.1070036756</SimpleData>
		<SimpleData name="utm_easting_m">332199.1745</SimpleData>
		<SimpleData name="utm_northing_m">4128569.4917</SimpleData>
		<SimpleData name="utm_zone">52N</SimpleData>
		<SimpleData name="target_speed">0.300</SimpleData>
	</SchemaData></ExtendedData>
      <Point><coordinates>127.1070036756,37.2886117275</coordinates></Point>
  </Placemark>
  <Placemark>
	<ExtendedData><SchemaData schemaUrl="#competition_route_right_center_1m">
		<SimpleData name="index">196</SimpleData>
		<SimpleData name="distance_m">196.000</SimpleData>
		<SimpleData name="latitude">37.2886201789</SimpleData>
		<SimpleData name="longitude">127.1069997716</SimpleData>
		<SimpleData name="utm_easting_m">332198.8471</SimpleData>
		<SimpleData name="utm_northing_m">4128570.4363</SimpleData>
		<SimpleData name="utm_zone">52N</SimpleData>
		<SimpleData name="target_speed">0.300</SimpleData>
	</SchemaData></ExtendedData>
      <Point><coordinates>127.1069997716,37.2886201789</coordinates></Point>
  </Placemark>
  <Placemark>
	<ExtendedData><SchemaData schemaUrl="#competition_route_right_center_1m">
		<SimpleData name="index">197</SimpleData>
		<SimpleData name="distance_m">197.000</SimpleData>
		<SimpleData name="latitude">37.2886283794</SimpleData>
		<SimpleData name="longitude">127.1069951036</SimpleData>
		<SimpleData name="utm_easting_m">332198.4515</SimpleData>
		<SimpleData name="utm_northing_m">4128571.3545</SimpleData>
		<SimpleData name="utm_zone">52N</SimpleData>
		<SimpleData name="target_speed">0.300</SimpleData>
	</SchemaData></ExtendedData>
      <Point><coordinates>127.1069951036,37.2886283794</coordinates></Point>
  </Placemark>
  <Placemark>
	<ExtendedData><SchemaData schemaUrl="#competition_route_right_center_1m">
		<SimpleData name="index">198</SimpleData>
		<SimpleData name="distance_m">198.000</SimpleData>
		<SimpleData name="latitude">37.2886362926</SimpleData>
		<SimpleData name="longitude">127.1069897147</SimpleData>
		<SimpleData name="utm_easting_m">332197.9914</SimpleData>
		<SimpleData name="utm_northing_m">4128572.2421</SimpleData>
		<SimpleData name="utm_zone">52N</SimpleData>
		<SimpleData name="target_speed">0.300</SimpleData>
	</SchemaData></ExtendedData>
      <Point><coordinates>127.1069897147,37.2886362926</coordinates></Point>
  </Placemark>
  <Placemark>
	<ExtendedData><SchemaData schemaUrl="#competition_route_right_center_1m">
		<SimpleData name="index">199</SimpleData>
		<SimpleData name="distance_m">199.000</SimpleData>
		<SimpleData name="latitude">37.2886438695</SimpleData>
		<SimpleData name="longitude">127.1069836155</SimpleData>
		<SimpleData name="utm_easting_m">332197.4675</SimpleData>
		<SimpleData name="utm_northing_m">4128573.0936</SimpleData>
		<SimpleData name="utm_zone">52N</SimpleData>
		<SimpleData name="target_speed">0.300</SimpleData>
	</SchemaData></ExtendedData>
      <Point><coordinates>127.1069836155,37.2886438695</coordinates></Point>
  </Placemark>
  <Placemark>
	<ExtendedData><SchemaData schemaUrl="#competition_route_right_center_1m">
		<SimpleData name="index">200</SimpleData>
		<SimpleData name="distance_m">200.000</SimpleData>
		<SimpleData name="latitude">37.2886510237</SimpleData>
		<SimpleData name="longitude">127.1069767654</SimpleData>
		<SimpleData name="utm_easting_m">332196.8761</SimpleData>
		<SimpleData name="utm_northing_m">4128573.8996</SimpleData>
		<SimpleData name="utm_zone">52N</SimpleData>
		<SimpleData name="target_speed">0.300</SimpleData>
	</SchemaData></ExtendedData>
      <Point><coordinates>127.1069767654,37.2886510237</coordinates></Point>
  </Placemark>
  <Placemark>
	<ExtendedData><SchemaData schemaUrl="#competition_route_right_center_1m">
		<SimpleData name="index">201</SimpleData>
		<SimpleData name="distance_m">201.000</SimpleData>
		<SimpleData name="latitude">37.2886575959</SimpleData>
		<SimpleData name="longitude">127.1069690586</SimpleData>
		<SimpleData name="utm_easting_m">332196.2075</SimpleData>
		<SimpleData name="utm_northing_m">4128574.6425</SimpleData>
		<SimpleData name="utm_zone">52N</SimpleData>
		<SimpleData name="target_speed">0.300</SimpleData>
	</SchemaData></ExtendedData>
      <Point><coordinates>127.1069690586,37.2886575959</coordinates></Point>
  </Placemark>
  <Placemark>
	<ExtendedData><SchemaData schemaUrl="#competition_route_right_center_1m">
		<SimpleData name="index">202</SimpleData>
		<SimpleData name="distance_m">202.000</SimpleData>
		<SimpleData name="latitude">37.2886634345</SimpleData>
		<SimpleData name="longitude">127.1069604781</SimpleData>
		<SimpleData name="utm_easting_m">332195.4598</SimpleData>
		<SimpleData name="utm_northing_m">4128575.3055</SimpleData>
		<SimpleData name="utm_zone">52N</SimpleData>
		<SimpleData name="target_speed">0.300</SimpleData>
	</SchemaData></ExtendedData>
      <Point><coordinates>127.1069604781,37.2886634345</coordinates></Point>
  </Placemark>
  <Placemark>
	<ExtendedData><SchemaData schemaUrl="#competition_route_right_center_1m">
		<SimpleData name="index">203</SimpleData>
		<SimpleData name="distance_m">203.000</SimpleData>
		<SimpleData name="latitude">37.2886683924</SimpleData>
		<SimpleData name="longitude">127.1069510703</SimpleData>
		<SimpleData name="utm_easting_m">332194.6368</SimpleData>
		<SimpleData name="utm_northing_m">4128575.8723</SimpleData>
		<SimpleData name="utm_zone">52N</SimpleData>
		<SimpleData name="target_speed">0.300</SimpleData>
	</SchemaData></ExtendedData>
      <Point><coordinates>127.1069510703,37.2886683924</coordinates></Point>
  </Placemark>
  <Placemark>
	<ExtendedData><SchemaData schemaUrl="#competition_route_right_center_1m">
		<SimpleData name="index">204</SimpleData>
		<SimpleData name="distance_m">204.000</SimpleData>
		<SimpleData name="latitude">37.2886724094</SimpleData>
		<SimpleData name="longitude">127.1069409832</SimpleData>
		<SimpleData name="utm_easting_m">332193.7515</SimpleData>
		<SimpleData name="utm_northing_m">4128576.3359</SimpleData>
		<SimpleData name="utm_zone">52N</SimpleData>
		<SimpleData name="target_speed">0.300</SimpleData>
	</SchemaData></ExtendedData>
      <Point><coordinates>127.1069409832,37.2886724094</coordinates></Point>
  </Placemark>
  <Placemark>
	<ExtendedData><SchemaData schemaUrl="#competition_route_right_center_1m">
		<SimpleData name="index">205</SimpleData>
		<SimpleData name="distance_m">205.000</SimpleData>
		<SimpleData name="latitude">37.2886755387</SimpleData>
		<SimpleData name="longitude">127.106930412</SimpleData>
		<SimpleData name="utm_easting_m">332192.8213</SimpleData>
		<SimpleData name="utm_northing_m">4128576.7019</SimpleData>
		<SimpleData name="utm_zone">52N</SimpleData>
		<SimpleData name="target_speed">0.300</SimpleData>
	</SchemaData></ExtendedData>
      <Point><coordinates>127.106930412,37.2886755387</coordinates></Point>
  </Placemark>
  <Placemark>
	<ExtendedData><SchemaData schemaUrl="#competition_route_right_center_1m">
		<SimpleData name="index">206</SimpleData>
		<SimpleData name="distance_m">206.000</SimpleData>
		<SimpleData name="latitude">37.2886779878</SimpleData>
		<SimpleData name="longitude">127.106919561</SimpleData>
		<SimpleData name="utm_easting_m">332191.8648</SimpleData>
		<SimpleData name="utm_northing_m">4128576.9929</SimpleData>
		<SimpleData name="utm_zone">52N</SimpleData>
		<SimpleData name="target_speed">0.300</SimpleData>
	</SchemaData></ExtendedData>
      <Point><coordinates>127.106919561,37.2886779878</coordinates></Point>
  </Placemark>
  <Placemark>
	<ExtendedData><SchemaData schemaUrl="#competition_route_right_center_1m">
		<SimpleData name="index">207</SimpleData>
		<SimpleData name="distance_m">207.000</SimpleData>
		<SimpleData name="latitude">37.288679889</SimpleData>
		<SimpleData name="longitude">127.1069085386</SimpleData>
		<SimpleData name="utm_easting_m">332190.8919</SimpleData>
		<SimpleData name="utm_northing_m">4128577.2234</SimpleData>
		<SimpleData name="utm_zone">52N</SimpleData>
		<SimpleData name="target_speed">0.300</SimpleData>
	</SchemaData></ExtendedData>
      <Point><coordinates>127.1069085386,37.288679889</coordinates></Point>
  </Placemark>
  <Placemark>
	<ExtendedData><SchemaData schemaUrl="#competition_route_right_center_1m">
		<SimpleData name="index">208</SimpleData>
		<SimpleData name="distance_m">208.000</SimpleData>
		<SimpleData name="latitude">37.2886813361</SimpleData>
		<SimpleData name="longitude">127.106897408</SimpleData>
		<SimpleData name="utm_easting_m">332189.9083</SimpleData>
		<SimpleData name="utm_northing_m">4128577.4037</SimpleData>
		<SimpleData name="utm_zone">52N</SimpleData>
		<SimpleData name="target_speed">0.300</SimpleData>
	</SchemaData></ExtendedData>
      <Point><coordinates>127.106897408,37.2886813361</coordinates></Point>
  </Placemark>
  <Placemark>
	<ExtendedData><SchemaData schemaUrl="#competition_route_right_center_1m">
		<SimpleData name="index">209</SimpleData>
		<SimpleData name="distance_m">209.000</SimpleData>
		<SimpleData name="latitude">37.288682556</SimpleData>
		<SimpleData name="longitude">127.1068862341</SimpleData>
		<SimpleData name="utm_easting_m">332188.9204</SimpleData>
		<SimpleData name="utm_northing_m">4128577.5589</SimpleData>
		<SimpleData name="utm_zone">52N</SimpleData>
		<SimpleData name="target_speed">0.300</SimpleData>
	</SchemaData></ExtendedData>
      <Point><coordinates>127.1068862341,37.288682556</coordinates></Point>
  </Placemark>
  <Placemark>
	<ExtendedData><SchemaData schemaUrl="#competition_route_right_center_1m">
		<SimpleData name="index">210</SimpleData>
		<SimpleData name="distance_m">210.000</SimpleData>
		<SimpleData name="latitude">37.2886839011</SimpleData>
		<SimpleData name="longitude">127.1068750831</SimpleData>
		<SimpleData name="utm_easting_m">332187.9349</SimpleData>
		<SimpleData name="utm_northing_m">4128577.7280</SimpleData>
		<SimpleData name="utm_zone">52N</SimpleData>
		<SimpleData name="target_speed">0.300</SimpleData>
	</SchemaData></ExtendedData>
      <Point><coordinates>127.1068750831,37.2886839011</coordinates></Point>
  </Placemark>
  <Placemark>
	<ExtendedData><SchemaData schemaUrl="#competition_route_right_center_1m">
		<SimpleData name="index">211</SimpleData>
		<SimpleData name="distance_m">211.000</SimpleData>
		<SimpleData name="latitude">37.288685632</SimpleData>
		<SimpleData name="longitude">127.1068640168</SimpleData>
		<SimpleData name="utm_easting_m">332186.9577</SimpleData>
		<SimpleData name="utm_northing_m">4128577.9397</SimpleData>
		<SimpleData name="utm_zone">52N</SimpleData>
		<SimpleData name="target_speed">0.300</SimpleData>
	</SchemaData></ExtendedData>
      <Point><coordinates>127.1068640168,37.288685632</coordinates></Point>
  </Placemark>
  <Placemark>
	<ExtendedData><SchemaData schemaUrl="#competition_route_right_center_1m">
		<SimpleData name="index">212</SimpleData>
		<SimpleData name="distance_m">212.000</SimpleData>
		<SimpleData name="latitude">37.2886879358</SimpleData>
		<SimpleData name="longitude">127.1068531165</SimpleData>
		<SimpleData name="utm_easting_m">332185.9965</SimpleData>
		<SimpleData name="utm_northing_m">4128578.2146</SimpleData>
		<SimpleData name="utm_zone">52N</SimpleData>
		<SimpleData name="target_speed">0.300</SimpleData>
	</SchemaData></ExtendedData>
      <Point><coordinates>127.1068531165,37.2886879358</coordinates></Point>
  </Placemark>
  <Placemark>
	<ExtendedData><SchemaData schemaUrl="#competition_route_right_center_1m">
		<SimpleData name="index">213</SimpleData>
		<SimpleData name="distance_m">213.000</SimpleData>
		<SimpleData name="latitude">37.2886909673</SimpleData>
		<SimpleData name="longitude">127.1068425002</SimpleData>
		<SimpleData name="utm_easting_m">332185.0621</SimpleData>
		<SimpleData name="utm_northing_m">4128578.5698</SimpleData>
		<SimpleData name="utm_zone">52N</SimpleData>
		<SimpleData name="target_speed">0.300</SimpleData>
	</SchemaData></ExtendedData>
      <Point><coordinates>127.1068425002,37.2886909673</coordinates></Point>
  </Placemark>
  <Placemark>
	<ExtendedData><SchemaData schemaUrl="#competition_route_right_center_1m">
		<SimpleData name="index">214</SimpleData>
		<SimpleData name="distance_m">214.000</SimpleData>
		<SimpleData name="latitude">37.2886947995</SimpleData>
		<SimpleData name="longitude">127.1068322976</SimpleData>
		<SimpleData name="utm_easting_m">332184.1661</SimpleData>
		<SimpleData name="utm_northing_m">4128579.0132</SimpleData>
		<SimpleData name="utm_zone">52N</SimpleData>
		<SimpleData name="target_speed">0.300</SimpleData>
	</SchemaData></ExtendedData>
      <Point><coordinates>127.1068322976,37.2886947995</coordinates></Point>
  </Placemark>
  <Placemark>
	<ExtendedData><SchemaData schemaUrl="#competition_route_right_center_1m">
		<SimpleData name="index">215</SimpleData>
		<SimpleData name="distance_m">215.000</SimpleData>
		<SimpleData name="latitude">37.2886993303</SimpleData>
		<SimpleData name="longitude">127.1068225531</SimpleData>
		<SimpleData name="utm_easting_m">332183.3123</SimpleData>
		<SimpleData name="utm_northing_m">4128579.5332</SimpleData>
		<SimpleData name="utm_zone">52N</SimpleData>
		<SimpleData name="target_speed">0.300</SimpleData>
	</SchemaData></ExtendedData>
      <Point><coordinates>127.1068225531,37.2886993303</coordinates></Point>
  </Placemark>
  <Placemark>
	<ExtendedData><SchemaData schemaUrl="#competition_route_right_center_1m">
		<SimpleData name="index">216</SimpleData>
		<SimpleData name="distance_m">216.000</SimpleData>
		<SimpleData name="latitude">37.2887045465</SimpleData>
		<SimpleData name="longitude">127.106813363</SimpleData>
		<SimpleData name="utm_easting_m">332182.5092</SimpleData>
		<SimpleData name="utm_northing_m">4128580.1283</SimpleData>
		<SimpleData name="utm_zone">52N</SimpleData>
		<SimpleData name="target_speed">0.300</SimpleData>
	</SchemaData></ExtendedData>
      <Point><coordinates>127.106813363,37.2887045465</coordinates></Point>
  </Placemark>
  <Placemark>
	<ExtendedData><SchemaData schemaUrl="#competition_route_right_center_1m">
		<SimpleData name="index">217</SimpleData>
		<SimpleData name="distance_m">217.000</SimpleData>
		<SimpleData name="latitude">37.2887105332</SimpleData>
		<SimpleData name="longitude">127.1068049436</SimpleData>
		<SimpleData name="utm_easting_m">332181.7761</SimpleData>
		<SimpleData name="utm_northing_m">4128580.8075</SimpleData>
		<SimpleData name="utm_zone">52N</SimpleData>
		<SimpleData name="target_speed">0.300</SimpleData>
	</SchemaData></ExtendedData>
      <Point><coordinates>127.1068049436,37.2887105332</coordinates></Point>
  </Placemark>
  <Placemark>
	<ExtendedData><SchemaData schemaUrl="#competition_route_right_center_1m">
		<SimpleData name="index">218</SimpleData>
		<SimpleData name="distance_m">218.000</SimpleData>
		<SimpleData name="latitude">37.2887172619</SimpleData>
		<SimpleData name="longitude">127.1067974521</SimpleData>
		<SimpleData name="utm_easting_m">332181.1269</SimpleData>
		<SimpleData name="utm_northing_m">4128581.5673</SimpleData>
		<SimpleData name="utm_zone">52N</SimpleData>
		<SimpleData name="target_speed">0.300</SimpleData>
	</SchemaData></ExtendedData>
      <Point><coordinates>127.1067974521,37.2887172619</coordinates></Point>
  </Placemark>
  <Placemark>
	<ExtendedData><SchemaData schemaUrl="#competition_route_right_center_1m">
		<SimpleData name="index">219</SimpleData>
		<SimpleData name="distance_m">219.000</SimpleData>
		<SimpleData name="latitude">37.2887245862</SimpleData>
		<SimpleData name="longitude">127.1067908914</SimpleData>
		<SimpleData name="utm_easting_m">332180.5616</SimpleData>
		<SimpleData name="utm_northing_m">4128582.3917</SimpleData>
		<SimpleData name="utm_zone">52N</SimpleData>
		<SimpleData name="target_speed">0.300</SimpleData>
	</SchemaData></ExtendedData>
      <Point><coordinates>127.1067908914,37.2887245862</coordinates></Point>
  </Placemark>
  <Placemark>
	<ExtendedData><SchemaData schemaUrl="#competition_route_right_center_1m">
		<SimpleData name="index">220</SimpleData>
		<SimpleData name="distance_m">220.000</SimpleData>
		<SimpleData name="latitude">37.2887324796</SimpleData>
		<SimpleData name="longitude">127.1067854709</SimpleData>
		<SimpleData name="utm_easting_m">332180.0986</SimpleData>
		<SimpleData name="utm_northing_m">4128583.2771</SimpleData>
		<SimpleData name="utm_zone">52N</SimpleData>
		<SimpleData name="target_speed">0.300</SimpleData>
	</SchemaData></ExtendedData>
      <Point><coordinates>127.1067854709,37.2887324796</coordinates></Point>
  </Placemark>
  <Placemark>
	<ExtendedData><SchemaData schemaUrl="#competition_route_right_center_1m">
		<SimpleData name="index">221</SimpleData>
		<SimpleData name="distance_m">221.000</SimpleData>
		<SimpleData name="latitude">37.2887409484</SimpleData>
		<SimpleData name="longitude">127.1067816645</SimpleData>
		<SimpleData name="utm_easting_m">332179.7799</SimpleData>
		<SimpleData name="utm_northing_m">4128584.2235</SimpleData>
		<SimpleData name="utm_zone">52N</SimpleData>
		<SimpleData name="target_speed">0.300</SimpleData>
	</SchemaData></ExtendedData>
      <Point><coordinates>127.1067816645,37.2887409484</coordinates></Point>
  </Placemark>
  <Placemark>
	<ExtendedData><SchemaData schemaUrl="#competition_route_right_center_1m">
		<SimpleData name="index">222</SimpleData>
		<SimpleData name="distance_m">222.000</SimpleData>
		<SimpleData name="latitude">37.2887498151</SimpleData>
		<SimpleData name="longitude">127.1067797371</SimpleData>
		<SimpleData name="utm_easting_m">332179.6288</SimpleData>
		<SimpleData name="utm_northing_m">4128585.2107</SimpleData>
		<SimpleData name="utm_zone">52N</SimpleData>
		<SimpleData name="target_speed">0.300</SimpleData>
	</SchemaData></ExtendedData>
      <Point><coordinates>127.1067797371,37.2887498151</coordinates></Point>
  </Placemark>
  <Placemark>
	<ExtendedData><SchemaData schemaUrl="#competition_route_right_center_1m">
		<SimpleData name="index">223</SimpleData>
		<SimpleData name="distance_m">223.000</SimpleData>
		<SimpleData name="latitude">37.2887588162</SimpleData>
		<SimpleData name="longitude">127.106779654</SimpleData>
		<SimpleData name="utm_easting_m">332179.6414</SimpleData>
		<SimpleData name="utm_northing_m">4128586.2096</SimpleData>
		<SimpleData name="utm_zone">52N</SimpleData>
		<SimpleData name="target_speed">0.300</SimpleData>
	</SchemaData></ExtendedData>
      <Point><coordinates>127.106779654,37.2887588162</coordinates></Point>
  </Placemark>
  <Placemark>
	<ExtendedData><SchemaData schemaUrl="#competition_route_right_center_1m">
		<SimpleData name="index">224</SimpleData>
		<SimpleData name="distance_m">224.000</SimpleData>
		<SimpleData name="latitude">37.2887677099</SimpleData>
		<SimpleData name="longitude">127.1067813881</SimpleData>
		<SimpleData name="utm_easting_m">332179.8149</SimpleData>
		<SimpleData name="utm_northing_m">4128587.1933</SimpleData>
		<SimpleData name="utm_zone">52N</SimpleData>
		<SimpleData name="target_speed">0.300</SimpleData>
	</SchemaData></ExtendedData>
      <Point><coordinates>127.1067813881,37.2887677099</coordinates></Point>
  </Placemark>
  <Placemark>
	<ExtendedData><SchemaData schemaUrl="#competition_route_right_center_1m">
		<SimpleData name="index">225</SimpleData>
		<SimpleData name="distance_m">225.000</SimpleData>
		<SimpleData name="latitude">37.2887760761</SimpleData>
		<SimpleData name="longitude">127.106785468</SimpleData>
		<SimpleData name="utm_easting_m">332180.1952</SimpleData>
		<SimpleData name="utm_northing_m">4128588.1143</SimpleData>
		<SimpleData name="utm_zone">52N</SimpleData>
		<SimpleData name="target_speed">0.300</SimpleData>
	</SchemaData></ExtendedData>
      <Point><coordinates>127.106785468,37.2887760761</coordinates></Point>
  </Placemark>
  <Placemark>
	<ExtendedData><SchemaData schemaUrl="#competition_route_right_center_1m">
		<SimpleData name="index">226</SimpleData>
		<SimpleData name="distance_m">226.000</SimpleData>
		<SimpleData name="latitude">37.2887819864</SimpleData>
		<SimpleData name="longitude">127.1067937373</SimpleData>
		<SimpleData name="utm_easting_m">332180.9414</SimpleData>
		<SimpleData name="utm_northing_m">4128588.7554</SimpleData>
		<SimpleData name="utm_zone">52N</SimpleData>
		<SimpleData name="target_speed">0.300</SimpleData>
	</SchemaData></ExtendedData>
      <Point><coordinates>127.1067937373,37.2887819864</coordinates></Point>
  </Placemark>
  <Placemark>
	<ExtendedData><SchemaData schemaUrl="#competition_route_right_center_1m">
		<SimpleData name="index">227</SimpleData>
		<SimpleData name="distance_m">227.000</SimpleData>
		<SimpleData name="latitude">37.2887846613</SimpleData>
		<SimpleData name="longitude">127.1068044799</SimpleData>
		<SimpleData name="utm_easting_m">332181.8997</SimpleData>
		<SimpleData name="utm_northing_m">4128589.0332</SimpleData>
		<SimpleData name="utm_zone">52N</SimpleData>
		<SimpleData name="target_speed">0.300</SimpleData>
	</SchemaData></ExtendedData>
      <Point><coordinates>127.1068044799,37.2887846613</coordinates></Point>
  </Placemark>
  <Placemark>
	<ExtendedData><SchemaData schemaUrl="#competition_route_right_center_1m">
		<SimpleData name="index">228</SimpleData>
		<SimpleData name="distance_m">228.000</SimpleData>
		<SimpleData name="latitude">37.2887861692</SimpleData>
		<SimpleData name="longitude">127.1068155955</SimpleData>
		<SimpleData name="utm_easting_m">332182.8884</SimpleData>
		<SimpleData name="utm_northing_m">4128589.1807</SimpleData>
		<SimpleData name="utm_zone">52N</SimpleData>
		<SimpleData name="target_speed">0.300</SimpleData>
	</SchemaData></ExtendedData>
      <Point><coordinates>127.1068155955,37.2887861692</coordinates></Point>
  </Placemark>
  <Placemark>
	<ExtendedData><SchemaData schemaUrl="#competition_route_right_center_1m">
		<SimpleData name="index">229</SimpleData>
		<SimpleData name="distance_m">229.000</SimpleData>
		<SimpleData name="latitude">37.288787085</SimpleData>
		<SimpleData name="longitude">127.1068268135</SimpleData>
		<SimpleData name="utm_easting_m">332183.8850</SimpleData>
		<SimpleData name="utm_northing_m">4128589.2624</SimpleData>
		<SimpleData name="utm_zone">52N</SimpleData>
		<SimpleData name="target_speed">0.300</SimpleData>
	</SchemaData></ExtendedData>
      <Point><coordinates>127.1068268135,37.288787085</coordinates></Point>
  </Placemark>
  <Placemark>
	<ExtendedData><SchemaData schemaUrl="#competition_route_right_center_1m">
		<SimpleData name="index">230</SimpleData>
		<SimpleData name="distance_m">230.000</SimpleData>
		<SimpleData name="latitude">37.2887875837</SimpleData>
		<SimpleData name="longitude">127.1068380735</SimpleData>
		<SimpleData name="utm_easting_m">332184.8843</SimpleData>
		<SimpleData name="utm_northing_m">4128589.2978</SimpleData>
		<SimpleData name="utm_zone">52N</SimpleData>
		<SimpleData name="target_speed">0.300</SimpleData>
	</SchemaData></ExtendedData>
      <Point><coordinates>127.1068380735,37.2887875837</coordinates></Point>
  </Placemark>
  <Placemark>
	<ExtendedData><SchemaData schemaUrl="#competition_route_right_center_1m">
		<SimpleData name="index">231</SimpleData>
		<SimpleData name="distance_m">231.000</SimpleData>
		<SimpleData name="latitude">37.2887877952</SimpleData>
		<SimpleData name="longitude">127.1068493478</SimpleData>
		<SimpleData name="utm_easting_m">332185.8843</SimpleData>
		<SimpleData name="utm_northing_m">4128589.3012</SimpleData>
		<SimpleData name="utm_zone">52N</SimpleData>
		<SimpleData name="target_speed">0.300</SimpleData>
	</SchemaData></ExtendedData>
      <Point><coordinates>127.1068493478,37.2887877952</coordinates></Point>
  </Placemark>
  <Placemark>
	<ExtendedData><SchemaData schemaUrl="#competition_route_right_center_1m">
		<SimpleData name="index">232</SimpleData>
		<SimpleData name="distance_m">232.000</SimpleData>
		<SimpleData name="latitude">37.2887877383</SimpleData>
		<SimpleData name="longitude">127.1068606249</SimpleData>
		<SimpleData name="utm_easting_m">332186.8839</SimpleData>
		<SimpleData name="utm_northing_m">4128589.2749</SimpleData>
		<SimpleData name="utm_zone">52N</SimpleData>
		<SimpleData name="target_speed">0.300</SimpleData>
	</SchemaData></ExtendedData>
      <Point><coordinates>127.1068606249,37.2887877383</coordinates></Point>
  </Placemark>
  <Placemark>
	<ExtendedData><SchemaData schemaUrl="#competition_route_right_center_1m">
		<SimpleData name="index">233</SimpleData>
		<SimpleData name="distance_m">233.000</SimpleData>
		<SimpleData name="latitude">37.2887874396</SimpleData>
		<SimpleData name="longitude">127.1068718964</SimpleData>
		<SimpleData name="utm_easting_m">332187.8824</SimpleData>
		<SimpleData name="utm_northing_m">4128589.2217</SimpleData>
		<SimpleData name="utm_zone">52N</SimpleData>
		<SimpleData name="target_speed">0.300</SimpleData>
	</SchemaData></ExtendedData>
      <Point><coordinates>127.1068718964,37.2887874396</coordinates></Point>
  </Placemark>
  <Placemark>
	<ExtendedData><SchemaData schemaUrl="#competition_route_right_center_1m">
		<SimpleData name="index">234</SimpleData>
		<SimpleData name="distance_m">234.000</SimpleData>
		<SimpleData name="latitude">37.2887869629</SimpleData>
		<SimpleData name="longitude">127.1068831583</SimpleData>
		<SimpleData name="utm_easting_m">332188.8797</SimpleData>
		<SimpleData name="utm_northing_m">4128589.1489</SimpleData>
		<SimpleData name="utm_zone">52N</SimpleData>
		<SimpleData name="target_speed">0.300</SimpleData>
	</SchemaData></ExtendedData>
      <Point><coordinates>127.1068831583,37.2887869629</coordinates></Point>
  </Placemark>
  <Placemark>
	<ExtendedData><SchemaData schemaUrl="#competition_route_right_center_1m">
		<SimpleData name="index">235</SimpleData>
		<SimpleData name="distance_m">235.000</SimpleData>
		<SimpleData name="latitude">37.2887862371</SimpleData>
		<SimpleData name="longitude">127.1068943989</SimpleData>
		<SimpleData name="utm_easting_m">332189.8746</SimpleData>
		<SimpleData name="utm_northing_m">4128589.0484</SimpleData>
		<SimpleData name="utm_zone">52N</SimpleData>
		<SimpleData name="target_speed">0.300</SimpleData>
	</SchemaData></ExtendedData>
      <Point><coordinates>127.1068943989,37.2887862371</coordinates></Point>
  </Placemark>
  <Placemark>
	<ExtendedData><SchemaData schemaUrl="#competition_route_right_center_1m">
		<SimpleData name="index">236</SimpleData>
		<SimpleData name="distance_m">236.000</SimpleData>
		<SimpleData name="latitude">37.2887851849</SimpleData>
		<SimpleData name="longitude">127.106905599</SimpleData>
		<SimpleData name="utm_easting_m">332190.8652</SimpleData>
		<SimpleData name="utm_northing_m">4128588.9117</SimpleData>
		<SimpleData name="utm_zone">52N</SimpleData>
		<SimpleData name="target_speed">0.300</SimpleData>
	</SchemaData></ExtendedData>
      <Point><coordinates>127.106905599,37.2887851849</coordinates></Point>
  </Placemark>
  <Placemark>
	<ExtendedData><SchemaData schemaUrl="#competition_route_right_center_1m">
		<SimpleData name="index">237</SimpleData>
		<SimpleData name="distance_m">237.000</SimpleData>
		<SimpleData name="latitude">37.288783827</SimpleData>
		<SimpleData name="longitude">127.1069167476</SimpleData>
		<SimpleData name="utm_easting_m">332191.8505</SimpleData>
		<SimpleData name="utm_northing_m">4128588.7413</SimpleData>
		<SimpleData name="utm_zone">52N</SimpleData>
		<SimpleData name="target_speed">0.300</SimpleData>
	</SchemaData></ExtendedData>
      <Point><coordinates>127.1069167476,37.288783827</coordinates></Point>
  </Placemark>
  <Placemark>
	<ExtendedData><SchemaData schemaUrl="#competition_route_right_center_1m">
		<SimpleData name="index">238</SimpleData>
		<SimpleData name="distance_m">238.000</SimpleData>
		<SimpleData name="latitude">37.2887822118</SimpleData>
		<SimpleData name="longitude">127.1069278424</SimpleData>
		<SimpleData name="utm_easting_m">332192.8305</SimpleData>
		<SimpleData name="utm_northing_m">4128588.5424</SimpleData>
		<SimpleData name="utm_zone">52N</SimpleData>
		<SimpleData name="target_speed">0.300</SimpleData>
	</SchemaData></ExtendedData>
      <Point><coordinates>127.1069278424,37.2887822118</coordinates></Point>
  </Placemark>
  <Placemark>
	<ExtendedData><SchemaData schemaUrl="#competition_route_right_center_1m">
		<SimpleData name="index">239</SimpleData>
		<SimpleData name="distance_m">239.000</SimpleData>
		<SimpleData name="latitude">37.2887803949</SimpleData>
		<SimpleData name="longitude">127.1069388885</SimpleData>
		<SimpleData name="utm_easting_m">332193.8057</SimpleData>
		<SimpleData name="utm_northing_m">4128588.3212</SimpleData>
		<SimpleData name="utm_zone">52N</SimpleData>
		<SimpleData name="target_speed">0.300</SimpleData>
	</SchemaData></ExtendedData>
      <Point><coordinates>127.1069388885,37.2887803949</coordinates></Point>
  </Placemark>
  <Placemark>
	<ExtendedData><SchemaData schemaUrl="#competition_route_right_center_1m">
		<SimpleData name="index">240</SimpleData>
		<SimpleData name="distance_m">240.000</SimpleData>
		<SimpleData name="latitude">37.2887784684</SimpleData>
		<SimpleData name="longitude">127.1069499056</SimpleData>
		<SimpleData name="utm_easting_m">332194.7781</SimpleData>
		<SimpleData name="utm_northing_m">4128588.0879</SimpleData>
		<SimpleData name="utm_zone">52N</SimpleData>
		<SimpleData name="target_speed">0.300</SimpleData>
	</SchemaData></ExtendedData>
      <Point><coordinates>127.1069499056,37.2887784684</coordinates></Point>
  </Placemark>
  <Placemark>
	<ExtendedData><SchemaData schemaUrl="#competition_route_right_center_1m">
		<SimpleData name="index">241</SimpleData>
		<SimpleData name="distance_m">241.000</SimpleData>
		<SimpleData name="latitude">37.2887765081</SimpleData>
		<SimpleData name="longitude">127.1069609133</SimpleData>
		<SimpleData name="utm_easting_m">332195.7496</SimpleData>
		<SimpleData name="utm_northing_m">4128587.8508</SimpleData>
		<SimpleData name="utm_zone">52N</SimpleData>
		<SimpleData name="target_speed">0.300</SimpleData>
	</SchemaData></ExtendedData>
      <Point><coordinates>127.1069609133,37.2887765081</coordinates></Point>
  </Placemark>
  <Placemark>
	<ExtendedData><SchemaData schemaUrl="#competition_route_right_center_1m">
		<SimpleData name="index">242</SimpleData>
		<SimpleData name="distance_m">242.000</SimpleData>
		<SimpleData name="latitude">37.2887744965</SimpleData>
		<SimpleData name="longitude">127.1069719065</SimpleData>
		<SimpleData name="utm_easting_m">332196.7197</SimpleData>
		<SimpleData name="utm_northing_m">4128587.6081</SimpleData>
		<SimpleData name="utm_zone">52N</SimpleData>
		<SimpleData name="target_speed">0.300</SimpleData>
	</SchemaData></ExtendedData>
      <Point><coordinates>127.1069719065,37.2887744965</coordinates></Point>
  </Placemark>
  <Placemark>
	<ExtendedData><SchemaData schemaUrl="#competition_route_right_center_1m">
		<SimpleData name="index">243</SimpleData>
		<SimpleData name="distance_m">243.000</SimpleData>
		<SimpleData name="latitude">37.2887723462</SimpleData>
		<SimpleData name="longitude">127.1069828583</SimpleData>
		<SimpleData name="utm_easting_m">332197.6858</SimpleData>
		<SimpleData name="utm_northing_m">4128587.3501</SimpleData>
		<SimpleData name="utm_zone">52N</SimpleData>
		<SimpleData name="target_speed">0.300</SimpleData>
	</SchemaData></ExtendedData>
      <Point><coordinates>127.1069828583,37.2887723462</coordinates></Point>
  </Placemark>
  <Placemark>
	<ExtendedData><SchemaData schemaUrl="#competition_route_right_center_1m">
		<SimpleData name="index">244</SimpleData>
		<SimpleData name="distance_m">244.000</SimpleData>
		<SimpleData name="latitude">37.2887700181</SimpleData>
		<SimpleData name="longitude">127.1069937531</SimpleData>
		<SimpleData name="utm_easting_m">332198.6465</SimpleData>
		<SimpleData name="utm_northing_m">4128587.0724</SimpleData>
		<SimpleData name="utm_zone">52N</SimpleData>
		<SimpleData name="target_speed">0.300</SimpleData>
	</SchemaData></ExtendedData>
      <Point><coordinates>127.1069937531,37.2887700181</coordinates></Point>
  </Placemark>
  <Placemark>
	<ExtendedData><SchemaData schemaUrl="#competition_route_right_center_1m">
		<SimpleData name="index">245</SimpleData>
		<SimpleData name="distance_m">245.000</SimpleData>
		<SimpleData name="latitude">37.2887675382</SimpleData>
		<SimpleData name="longitude">127.1070045953</SimpleData>
		<SimpleData name="utm_easting_m">332199.6022</SimpleData>
		<SimpleData name="utm_northing_m">4128586.7780</SimpleData>
		<SimpleData name="utm_zone">52N</SimpleData>
		<SimpleData name="target_speed">0.300</SimpleData>
	</SchemaData></ExtendedData>
      <Point><coordinates>127.1070045953,37.2887675382</coordinates></Point>
  </Placemark>
  <Placemark>
	<ExtendedData><SchemaData schemaUrl="#competition_route_right_center_1m">
		<SimpleData name="index">246</SimpleData>
		<SimpleData name="distance_m">246.000</SimpleData>
		<SimpleData name="latitude">37.2887649489</SimpleData>
		<SimpleData name="longitude">127.1070153975</SimpleData>
		<SimpleData name="utm_easting_m">332200.5540</SimpleData>
		<SimpleData name="utm_northing_m">4128586.4715</SimpleData>
		<SimpleData name="utm_zone">52N</SimpleData>
		<SimpleData name="target_speed">0.300</SimpleData>
	</SchemaData></ExtendedData>
      <Point><coordinates>127.1070153975,37.2887649489</coordinates></Point>
  </Placemark>
  <Placemark>
	<ExtendedData><SchemaData schemaUrl="#competition_route_right_center_1m">
		<SimpleData name="index">247</SimpleData>
		<SimpleData name="distance_m">247.000</SimpleData>
		<SimpleData name="latitude">37.2887622914</SimpleData>
		<SimpleData name="longitude">127.1070261737</SimpleData>
		<SimpleData name="utm_easting_m">332201.5035</SimpleData>
		<SimpleData name="utm_northing_m">4128586.1576</SimpleData>
		<SimpleData name="utm_zone">52N</SimpleData>
		<SimpleData name="target_speed">0.300</SimpleData>
	</SchemaData></ExtendedData>
      <Point><coordinates>127.1070261737,37.2887622914</coordinates></Point>
  </Placemark>
  <Placemark>
	<ExtendedData><SchemaData schemaUrl="#competition_route_right_center_1m">
		<SimpleData name="index">248</SimpleData>
		<SimpleData name="distance_m">248.000</SimpleData>
		<SimpleData name="latitude">37.2887595924</SimpleData>
		<SimpleData name="longitude">127.1070369338</SimpleData>
		<SimpleData name="utm_easting_m">332202.4514</SimpleData>
		<SimpleData name="utm_northing_m">4128585.8390</SimpleData>
		<SimpleData name="utm_zone">52N</SimpleData>
		<SimpleData name="target_speed">0.300</SimpleData>
	</SchemaData></ExtendedData>
      <Point><coordinates>127.1070369338,37.2887595924</coordinates></Point>
  </Placemark>
  <Placemark>
	<ExtendedData><SchemaData schemaUrl="#competition_route_right_center_1m">
		<SimpleData name="index">249</SimpleData>
		<SimpleData name="distance_m">249.000</SimpleData>
		<SimpleData name="latitude">37.2887568429</SimpleData>
		<SimpleData name="longitude">127.1070476738</SimpleData>
		<SimpleData name="utm_easting_m">332203.3974</SimpleData>
		<SimpleData name="utm_northing_m">4128585.5149</SimpleData>
		<SimpleData name="utm_zone">52N</SimpleData>
		<SimpleData name="target_speed">0.300</SimpleData>
	</SchemaData></ExtendedData>
      <Point><coordinates>127.1070476738,37.2887568429</coordinates></Point>
  </Placemark>
  <Placemark>
	<ExtendedData><SchemaData schemaUrl="#competition_route_right_center_1m">
		<SimpleData name="index">250</SimpleData>
		<SimpleData name="distance_m">250.000</SimpleData>
		<SimpleData name="latitude">37.2887540066</SimpleData>
		<SimpleData name="longitude">127.1070583784</SimpleData>
		<SimpleData name="utm_easting_m">332204.3400</SimpleData>
		<SimpleData name="utm_northing_m">4128585.1812</SimpleData>
		<SimpleData name="utm_zone">52N</SimpleData>
		<SimpleData name="target_speed">0.300</SimpleData>
	</SchemaData></ExtendedData>
      <Point><coordinates>127.1070583784,37.2887540066</coordinates></Point>
  </Placemark>
  <Placemark>
	<ExtendedData><SchemaData schemaUrl="#competition_route_right_center_1m">
		<SimpleData name="index">251</SimpleData>
		<SimpleData name="distance_m">251.000</SimpleData>
		<SimpleData name="latitude">37.2887510735</SimpleData>
		<SimpleData name="longitude">127.1070690419</SimpleData>
		<SimpleData name="utm_easting_m">332205.2789</SimpleData>
		<SimpleData name="utm_northing_m">4128584.8368</SimpleData>
		<SimpleData name="utm_zone">52N</SimpleData>
		<SimpleData name="target_speed">0.300</SimpleData>
	</SchemaData></ExtendedData>
      <Point><coordinates>127.1070690419,37.2887510735</coordinates></Point>
  </Placemark>
  <Placemark>
	<ExtendedData><SchemaData schemaUrl="#competition_route_right_center_1m">
		<SimpleData name="index">252</SimpleData>
		<SimpleData name="distance_m">252.000</SimpleData>
		<SimpleData name="latitude">37.2887480452</SimpleData>
		<SimpleData name="longitude">127.1070796638</SimpleData>
		<SimpleData name="utm_easting_m">332206.2138</SimpleData>
		<SimpleData name="utm_northing_m">4128584.4819</SimpleData>
		<SimpleData name="utm_zone">52N</SimpleData>
		<SimpleData name="target_speed">0.300</SimpleData>
	</SchemaData></ExtendedData>
      <Point><coordinates>127.1070796638,37.2887480452</coordinates></Point>
  </Placemark>
  <Placemark>
	<ExtendedData><SchemaData schemaUrl="#competition_route_right_center_1m">
		<SimpleData name="index">253</SimpleData>
		<SimpleData name="distance_m">253.000</SimpleData>
		<SimpleData name="latitude">37.2887448853</SimpleData>
		<SimpleData name="longitude">127.1070902252</SimpleData>
		<SimpleData name="utm_easting_m">332207.1431</SimpleData>
		<SimpleData name="utm_northing_m">4128584.1126</SimpleData>
		<SimpleData name="utm_zone">52N</SimpleData>
		<SimpleData name="target_speed">0.300</SimpleData>
	</SchemaData></ExtendedData>
      <Point><coordinates>127.1070902252,37.2887448853</coordinates></Point>
  </Placemark>
  <Placemark>
	<ExtendedData><SchemaData schemaUrl="#competition_route_right_center_1m">
		<SimpleData name="index">254</SimpleData>
		<SimpleData name="distance_m">254.000</SimpleData>
		<SimpleData name="latitude">37.2887415206</SimpleData>
		<SimpleData name="longitude">127.107100687</SimpleData>
		<SimpleData name="utm_easting_m">332208.0630</SimpleData>
		<SimpleData name="utm_northing_m">4128583.7207</SimpleData>
		<SimpleData name="utm_zone">52N</SimpleData>
		<SimpleData name="target_speed">0.300</SimpleData>
	</SchemaData></ExtendedData>
      <Point><coordinates>127.107100687,37.2887415206</coordinates></Point>
  </Placemark>
  <Placemark>
	<ExtendedData><SchemaData schemaUrl="#competition_route_right_center_1m">
		<SimpleData name="index">255</SimpleData>
		<SimpleData name="distance_m">255.000</SimpleData>
		<SimpleData name="latitude">37.288737945</SimpleData>
		<SimpleData name="longitude">127.1071110387</SimpleData>
		<SimpleData name="utm_easting_m">332208.9728</SimpleData>
		<SimpleData name="utm_northing_m">4128583.3056</SimpleData>
		<SimpleData name="utm_zone">52N</SimpleData>
		<SimpleData name="target_speed">0.300</SimpleData>
	</SchemaData></ExtendedData>
      <Point><coordinates>127.1071110387,37.288737945</coordinates></Point>
  </Placemark>
  <Placemark>
	<ExtendedData><SchemaData schemaUrl="#competition_route_right_center_1m">
		<SimpleData name="index">256</SimpleData>
		<SimpleData name="distance_m">256.000</SimpleData>
		<SimpleData name="latitude">37.2887342816</SimpleData>
		<SimpleData name="longitude">127.1071213424</SimpleData>
		<SimpleData name="utm_easting_m">332209.8781</SimpleData>
		<SimpleData name="utm_northing_m">4128582.8808</SimpleData>
		<SimpleData name="utm_zone">52N</SimpleData>
		<SimpleData name="target_speed">0.300</SimpleData>
	</SchemaData></ExtendedData>
      <Point><coordinates>127.1071213424,37.2887342816</coordinates></Point>
  </Placemark>
  <Placemark>
	<ExtendedData><SchemaData schemaUrl="#competition_route_right_center_1m">
		<SimpleData name="index">257</SimpleData>
		<SimpleData name="distance_m">257.000</SimpleData>
		<SimpleData name="latitude">37.288730665</SimpleData>
		<SimpleData name="longitude">127.107131672</SimpleData>
		<SimpleData name="utm_easting_m">332210.7858</SimpleData>
		<SimpleData name="utm_northing_m">4128582.4612</SimpleData>
		<SimpleData name="utm_zone">52N</SimpleData>
		<SimpleData name="target_speed">0.300</SimpleData>
	</SchemaData></ExtendedData>
      <Point><coordinates>127.107131672,37.288730665</coordinates></Point>
  </Placemark>
  <Placemark>
	<ExtendedData><SchemaData schemaUrl="#competition_route_right_center_1m">
		<SimpleData name="index">258</SimpleData>
		<SimpleData name="distance_m">258.000</SimpleData>
		<SimpleData name="latitude">37.2887271339</SimpleData>
		<SimpleData name="longitude">127.1071420478</SimpleData>
		<SimpleData name="utm_easting_m">332211.6978</SimpleData>
		<SimpleData name="utm_northing_m">4128582.0510</SimpleData>
		<SimpleData name="utm_zone">52N</SimpleData>
		<SimpleData name="target_speed">0.300</SimpleData>
	</SchemaData></ExtendedData>
      <Point><coordinates>127.1071420478,37.2887271339</coordinates></Point>
  </Placemark>
  <Placemark>
	<ExtendedData><SchemaData schemaUrl="#competition_route_right_center_1m">
		<SimpleData name="index">259</SimpleData>
		<SimpleData name="distance_m">259.000</SimpleData>
		<SimpleData name="latitude">37.2887236451</SimpleData>
		<SimpleData name="longitude">127.1071524461</SimpleData>
		<SimpleData name="utm_easting_m">332212.6118</SimpleData>
		<SimpleData name="utm_northing_m">4128581.6454</SimpleData>
		<SimpleData name="utm_zone">52N</SimpleData>
		<SimpleData name="target_speed">0.300</SimpleData>
	</SchemaData></ExtendedData>
      <Point><coordinates>127.1071524461,37.2887236451</coordinates></Point>
  </Placemark>
  <Placemark>
	<ExtendedData><SchemaData schemaUrl="#competition_route_right_center_1m">
		<SimpleData name="index">260</SimpleData>
		<SimpleData name="distance_m">260.000</SimpleData>
		<SimpleData name="latitude">37.288720147</SimpleData>
		<SimpleData name="longitude">127.1071628394</SimpleData>
		<SimpleData name="utm_easting_m">332213.5255</SimpleData>
		<SimpleData name="utm_northing_m">4128581.2388</SimpleData>
		<SimpleData name="utm_zone">52N</SimpleData>
		<SimpleData name="target_speed">0.300</SimpleData>
	</SchemaData></ExtendedData>
      <Point><coordinates>127.1071628394,37.288720147</coordinates></Point>
  </Placemark>
  <Placemark>
	<ExtendedData><SchemaData schemaUrl="#competition_route_right_center_1m">
		<SimpleData name="index">261</SimpleData>
		<SimpleData name="distance_m">261.000</SimpleData>
		<SimpleData name="latitude">37.2887166224</SimpleData>
		<SimpleData name="longitude">127.1071732187</SimpleData>
		<SimpleData name="utm_easting_m">332214.4378</SimpleData>
		<SimpleData name="utm_northing_m">4128580.8293</SimpleData>
		<SimpleData name="utm_zone">52N</SimpleData>
		<SimpleData name="target_speed">0.300</SimpleData>
	</SchemaData></ExtendedData>
      <Point><coordinates>127.1071732187,37.2887166224</coordinates></Point>
  </Placemark>
  <Placemark>
	<ExtendedData><SchemaData schemaUrl="#competition_route_right_center_1m">
		<SimpleData name="index">262</SimpleData>
		<SimpleData name="distance_m">262.000</SimpleData>
		<SimpleData name="latitude">37.2887130723</SimpleData>
		<SimpleData name="longitude">127.1071835844</SimpleData>
		<SimpleData name="utm_easting_m">332215.3488</SimpleData>
		<SimpleData name="utm_northing_m">4128580.4170</SimpleData>
		<SimpleData name="utm_zone">52N</SimpleData>
		<SimpleData name="target_speed">0.300</SimpleData>
	</SchemaData></ExtendedData>
      <Point><coordinates>127.1071835844,37.2887130723</coordinates></Point>
  </Placemark>
  <Placemark>
	<ExtendedData><SchemaData schemaUrl="#competition_route_right_center_1m">
		<SimpleData name="index">263</SimpleData>
		<SimpleData name="distance_m">263.000</SimpleData>
		<SimpleData name="latitude">37.2887094735</SimpleData>
		<SimpleData name="longitude">127.1071939238</SimpleData>
		<SimpleData name="utm_easting_m">332216.2574</SimpleData>
		<SimpleData name="utm_northing_m">4128579.9994</SimpleData>
		<SimpleData name="utm_zone">52N</SimpleData>
		<SimpleData name="target_speed">0.300</SimpleData>
	</SchemaData></ExtendedData>
      <Point><coordinates>127.1071939238,37.2887094735</coordinates></Point>
  </Placemark>
  <Placemark>
	<ExtendedData><SchemaData schemaUrl="#competition_route_right_center_1m">
		<SimpleData name="index">264</SimpleData>
		<SimpleData name="distance_m">264.000</SimpleData>
		<SimpleData name="latitude">37.2887057969</SimpleData>
		<SimpleData name="longitude">127.1072042201</SimpleData>
		<SimpleData name="utm_easting_m">332217.1620</SimpleData>
		<SimpleData name="utm_northing_m">4128579.5732</SimpleData>
		<SimpleData name="utm_zone">52N</SimpleData>
		<SimpleData name="target_speed">0.300</SimpleData>
	</SchemaData></ExtendedData>
      <Point><coordinates>127.1072042201,37.2887057969</coordinates></Point>
  </Placemark>
  <Placemark>
	<ExtendedData><SchemaData schemaUrl="#competition_route_right_center_1m">
		<SimpleData name="index">265</SimpleData>
		<SimpleData name="distance_m">265.000</SimpleData>
		<SimpleData name="latitude">37.2887020917</SimpleData>
		<SimpleData name="longitude">127.1072145004</SimpleData>
		<SimpleData name="utm_easting_m">332218.0652</SimpleData>
		<SimpleData name="utm_northing_m">4128579.1438</SimpleData>
		<SimpleData name="utm_zone">52N</SimpleData>
		<SimpleData name="target_speed">0.300</SimpleData>
	</SchemaData></ExtendedData>
      <Point><coordinates>127.1072145004,37.2887020917</coordinates></Point>
  </Placemark>
  <Placemark>
	<ExtendedData><SchemaData schemaUrl="#competition_route_right_center_1m">
		<SimpleData name="index">266</SimpleData>
		<SimpleData name="distance_m">266.000</SimpleData>
		<SimpleData name="latitude">37.2886984409</SimpleData>
		<SimpleData name="longitude">127.1072248111</SimpleData>
		<SimpleData name="utm_easting_m">332218.9711</SimpleData>
		<SimpleData name="utm_northing_m">4128578.7205</SimpleData>
		<SimpleData name="utm_zone">52N</SimpleData>
		<SimpleData name="target_speed">0.300</SimpleData>
	</SchemaData></ExtendedData>
      <Point><coordinates>127.1072248111,37.2886984409</coordinates></Point>
  </Placemark>
  <Placemark>
	<ExtendedData><SchemaData schemaUrl="#competition_route_right_center_1m">
		<SimpleData name="index">267</SimpleData>
		<SimpleData name="distance_m">267.000</SimpleData>
		<SimpleData name="latitude">37.2886948589</SimpleData>
		<SimpleData name="longitude">127.1072351596</SimpleData>
		<SimpleData name="utm_easting_m">332219.8806</SimpleData>
		<SimpleData name="utm_northing_m">4128578.3046</SimpleData>
		<SimpleData name="utm_zone">52N</SimpleData>
		<SimpleData name="target_speed">0.300</SimpleData>
	</SchemaData></ExtendedData>
      <Point><coordinates>127.1072351596,37.2886948589</coordinates></Point>
  </Placemark>
  <Placemark>
	<ExtendedData><SchemaData schemaUrl="#competition_route_right_center_1m">
		<SimpleData name="index">268</SimpleData>
		<SimpleData name="distance_m">268.000</SimpleData>
		<SimpleData name="latitude">37.2886912907</SimpleData>
		<SimpleData name="longitude">127.1072455155</SimpleData>
		<SimpleData name="utm_easting_m">332220.7907</SimpleData>
		<SimpleData name="utm_northing_m">4128577.8903</SimpleData>
		<SimpleData name="utm_zone">52N</SimpleData>
		<SimpleData name="target_speed">0.300</SimpleData>
	</SchemaData></ExtendedData>
      <Point><coordinates>127.1072455155,37.2886912907</coordinates></Point>
  </Placemark>
  <Placemark>
	<ExtendedData><SchemaData schemaUrl="#competition_route_right_center_1m">
		<SimpleData name="index">269</SimpleData>
		<SimpleData name="distance_m">269.000</SimpleData>
		<SimpleData name="latitude">37.2886876779</SimpleData>
		<SimpleData name="longitude">127.1072558472</SimpleData>
		<SimpleData name="utm_easting_m">332221.6986</SimpleData>
		<SimpleData name="utm_northing_m">4128577.4712</SimpleData>
		<SimpleData name="utm_zone">52N</SimpleData>
		<SimpleData name="target_speed">0.300</SimpleData>
	</SchemaData></ExtendedData>
      <Point><coordinates>127.1072558472,37.2886876779</coordinates></Point>
  </Placemark>
  <Placemark>
	<ExtendedData><SchemaData schemaUrl="#competition_route_right_center_1m">
		<SimpleData name="index">270</SimpleData>
		<SimpleData name="distance_m">270.000</SimpleData>
		<SimpleData name="latitude">37.2886838518</SimpleData>
		<SimpleData name="longitude">127.107266057</SimpleData>
		<SimpleData name="utm_easting_m">332222.5952</SimpleData>
		<SimpleData name="utm_northing_m">4128577.0285</SimpleData>
		<SimpleData name="utm_zone">52N</SimpleData>
		<SimpleData name="target_speed">0.300</SimpleData>
	</SchemaData></ExtendedData>
      <Point><coordinates>127.107266057,37.2886838518</coordinates></Point>
  </Placemark>
  <Placemark>
	<ExtendedData><SchemaData schemaUrl="#competition_route_right_center_1m">
		<SimpleData name="index">271</SimpleData>
		<SimpleData name="distance_m">271.000</SimpleData>
		<SimpleData name="latitude">37.2886795208</SimpleData>
		<SimpleData name="longitude">127.1072759436</SimpleData>
		<SimpleData name="utm_easting_m">332223.4621</SimpleData>
		<SimpleData name="utm_northing_m">4128576.5304</SimpleData>
		<SimpleData name="utm_zone">52N</SimpleData>
		<SimpleData name="target_speed">0.300</SimpleData>
	</SchemaData></ExtendedData>
      <Point><coordinates>127.1072759436,37.2886795208</coordinates></Point>
  </Placemark>
  <Placemark>
	<ExtendedData><SchemaData schemaUrl="#competition_route_right_center_1m">
		<SimpleData name="index">272</SimpleData>
		<SimpleData name="distance_m">272.000</SimpleData>
		<SimpleData name="latitude">37.288674656</SimpleData>
		<SimpleData name="longitude">127.1072854353</SimpleData>
		<SimpleData name="utm_easting_m">332224.2927</SimpleData>
		<SimpleData name="utm_northing_m">4128575.9738</SimpleData>
		<SimpleData name="utm_zone">52N</SimpleData>
		<SimpleData name="target_speed">0.300</SimpleData>
	</SchemaData></ExtendedData>
      <Point><coordinates>127.1072854353,37.288674656</coordinates></Point>
  </Placemark>
  <Placemark>
	<ExtendedData><SchemaData schemaUrl="#competition_route_right_center_1m">
		<SimpleData name="index">273</SimpleData>
		<SimpleData name="distance_m">273.000</SimpleData>
		<SimpleData name="latitude">37.2886697457</SimpleData>
		<SimpleData name="longitude">127.1072948911</SimpleData>
		<SimpleData name="utm_easting_m">332225.1201</SimpleData>
		<SimpleData name="utm_northing_m">4128575.4122</SimpleData>
		<SimpleData name="utm_zone">52N</SimpleData>
		<SimpleData name="target_speed">0.300</SimpleData>
	</SchemaData></ExtendedData>
      <Point><coordinates>127.1072948911,37.2886697457</coordinates></Point>
  </Placemark>
  <Placemark>
	<ExtendedData><SchemaData schemaUrl="#competition_route_right_center_1m">
		<SimpleData name="index">274</SimpleData>
		<SimpleData name="distance_m">274.000</SimpleData>
		<SimpleData name="latitude">37.2886646645</SimpleData>
		<SimpleData name="longitude">127.1073041947</SimpleData>
		<SimpleData name="utm_easting_m">332225.9336</SimpleData>
		<SimpleData name="utm_northing_m">4128574.8319</SimpleData>
		<SimpleData name="utm_zone">52N</SimpleData>
		<SimpleData name="target_speed">0.300</SimpleData>
	</SchemaData></ExtendedData>
      <Point><coordinates>127.1073041947,37.2886646645</coordinates></Point>
  </Placemark>
  <Placemark>
	<ExtendedData><SchemaData schemaUrl="#competition_route_right_center_1m">
		<SimpleData name="index">275</SimpleData>
		<SimpleData name="distance_m">275.000</SimpleData>
		<SimpleData name="latitude">37.2886575404</SimpleData>
		<SimpleData name="longitude">127.1073108547</SimpleData>
		<SimpleData name="utm_easting_m">332226.5082</SimpleData>
		<SimpleData name="utm_northing_m">4128574.0296</SimpleData>
		<SimpleData name="utm_zone">52N</SimpleData>
		<SimpleData name="target_speed">0.300</SimpleData>
	</SchemaData></ExtendedData>
      <Point><coordinates>127.1073108547,37.2886575404</coordinates></Point>
  </Placemark>
  <Placemark>
	<ExtendedData><SchemaData schemaUrl="#competition_route_right_center_1m">
		<SimpleData name="index">276</SimpleData>
		<SimpleData name="distance_m">276.000</SimpleData>
		<SimpleData name="latitude">37.2886486752</SimpleData>
		<SimpleData name="longitude">127.10731245</SimpleData>
		<SimpleData name="utm_easting_m">332226.6299</SimpleData>
		<SimpleData name="utm_northing_m">4128573.0432</SimpleData>
		<SimpleData name="utm_zone">52N</SimpleData>
		<SimpleData name="target_speed">0.300</SimpleData>
	</SchemaData></ExtendedData>
      <Point><coordinates>127.10731245,37.2886486752</coordinates></Point>
  </Placemark>
  <Placemark>
	<ExtendedData><SchemaData schemaUrl="#competition_route_right_center_1m">
		<SimpleData name="index">277</SimpleData>
		<SimpleData name="distance_m">277.000</SimpleData>
		<SimpleData name="latitude">37.2886397268</SimpleData>
		<SimpleData name="longitude">127.1073112481</SimpleData>
		<SimpleData name="utm_easting_m">332226.5035</SimpleData>
		<SimpleData name="utm_northing_m">4128572.0524</SimpleData>
		<SimpleData name="utm_zone">52N</SimpleData>
		<SimpleData name="target_speed">0.300</SimpleData>
	</SchemaData></ExtendedData>
      <Point><coordinates>127.1073112481,37.2886397268</coordinates></Point>
  </Placemark>
  <Placemark>
	<ExtendedData><SchemaData schemaUrl="#competition_route_right_center_1m">
		<SimpleData name="index">278</SimpleData>
		<SimpleData name="distance_m">278.000</SimpleData>
		<SimpleData name="latitude">37.2886309554</SimpleData>
		<SimpleData name="longitude">127.1073086815</SimpleData>
		<SimpleData name="utm_easting_m">332226.2564</SimpleData>
		<SimpleData name="utm_northing_m">4128571.0837</SimpleData>
		<SimpleData name="utm_zone">52N</SimpleData>
		<SimpleData name="target_speed">0.300</SimpleData>
	</SchemaData></ExtendedData>
      <Point><coordinates>127.1073086815,37.2886309554</coordinates></Point>
  </Placemark>
  <Placemark>
	<ExtendedData><SchemaData schemaUrl="#competition_route_right_center_1m">
		<SimpleData name="index">279</SimpleData>
		<SimpleData name="distance_m">279.000</SimpleData>
		<SimpleData name="latitude">37.2886222919</SimpleData>
		<SimpleData name="longitude">127.1073055809</SimpleData>
		<SimpleData name="utm_easting_m">332225.9623</SimpleData>
		<SimpleData name="utm_northing_m">4128570.1280</SimpleData>
		<SimpleData name="utm_zone">52N</SimpleData>
		<SimpleData name="target_speed">0.300</SimpleData>
	</SchemaData></ExtendedData>
      <Point><coordinates>127.1073055809,37.2886222919</coordinates></Point>
  </Placemark>
  <Placemark>
	<ExtendedData><SchemaData schemaUrl="#competition_route_right_center_1m">
		<SimpleData name="index">280</SimpleData>
		<SimpleData name="distance_m">280.000</SimpleData>
		<SimpleData name="latitude">37.28861364</SimpleData>
		<SimpleData name="longitude">127.1073024293</SimpleData>
		<SimpleData name="utm_easting_m">332225.6637</SimpleData>
		<SimpleData name="utm_northing_m">4128569.1736</SimpleData>
		<SimpleData name="utm_zone">52N</SimpleData>
		<SimpleData name="target_speed">0.300</SimpleData>
	</SchemaData></ExtendedData>
      <Point><coordinates>127.1073024293,37.28861364</coordinates></Point>
  </Placemark>
  <Placemark>
	<ExtendedData><SchemaData schemaUrl="#competition_route_right_center_1m">
		<SimpleData name="index">281</SimpleData>
		<SimpleData name="distance_m">281.000</SimpleData>
		<SimpleData name="latitude">37.288605011</SimpleData>
		<SimpleData name="longitude">127.1072991814</SimpleData>
		<SimpleData name="utm_easting_m">332225.3566</SimpleData>
		<SimpleData name="utm_northing_m">4128568.2219</SimpleData>
		<SimpleData name="utm_zone">52N</SimpleData>
		<SimpleData name="target_speed">0.300</SimpleData>
	</SchemaData></ExtendedData>
      <Point><coordinates>127.1072991814,37.288605011</coordinates></Point>
  </Placemark>
  <Placemark>
	<ExtendedData><SchemaData schemaUrl="#competition_route_right_center_1m">
		<SimpleData name="index">282</SimpleData>
		<SimpleData name="distance_m">282.000</SimpleData>
		<SimpleData name="latitude">37.2885964207</SimpleData>
		<SimpleData name="longitude">127.1072957762</SimpleData>
		<SimpleData name="utm_easting_m">332225.0357</SimpleData>
		<SimpleData name="utm_northing_m">4128567.2749</SimpleData>
		<SimpleData name="utm_zone">52N</SimpleData>
		<SimpleData name="target_speed">0.300</SimpleData>
	</SchemaData></ExtendedData>
      <Point><coordinates>127.1072957762,37.2885964207</coordinates></Point>
  </Placemark>
  <Placemark>
	<ExtendedData><SchemaData schemaUrl="#competition_route_right_center_1m">
		<SimpleData name="index">283</SimpleData>
		<SimpleData name="distance_m">283.000</SimpleData>
		<SimpleData name="latitude">37.2885878529</SimpleData>
		<SimpleData name="longitude">127.1072922835</SimpleData>
		<SimpleData name="utm_easting_m">332224.7070</SimpleData>
		<SimpleData name="utm_northing_m">4128566.3304</SimpleData>
		<SimpleData name="utm_zone">52N</SimpleData>
		<SimpleData name="target_speed">0.300</SimpleData>
	</SchemaData></ExtendedData>
      <Point><coordinates>127.1072922835,37.2885878529</coordinates></Point>
  </Placemark>
  <Placemark>
	<ExtendedData><SchemaData schemaUrl="#competition_route_right_center_1m">
		<SimpleData name="index">284</SimpleData>
		<SimpleData name="distance_m">284.000</SimpleData>
		<SimpleData name="latitude">37.288579308</SimpleData>
		<SimpleData name="longitude">127.1072887038</SimpleData>
		<SimpleData name="utm_easting_m">332224.3707</SimpleData>
		<SimpleData name="utm_northing_m">4128565.3887</SimpleData>
		<SimpleData name="utm_zone">52N</SimpleData>
		<SimpleData name="target_speed">0.300</SimpleData>
	</SchemaData></ExtendedData>
      <Point><coordinates>127.1072887038,37.288579308</coordinates></Point>
  </Placemark>
  <Placemark>
	<ExtendedData><SchemaData schemaUrl="#competition_route_right_center_1m">
		<SimpleData name="index">285</SimpleData>
		<SimpleData name="distance_m">285.000</SimpleData>
		<SimpleData name="latitude">37.2885707969</SimpleData>
		<SimpleData name="longitude">127.1072850006</SimpleData>
		<SimpleData name="utm_easting_m">332224.0235</SimpleData>
		<SimpleData name="utm_northing_m">4128564.4509</SimpleData>
		<SimpleData name="utm_zone">52N</SimpleData>
		<SimpleData name="target_speed">0.300</SimpleData>
	</SchemaData></ExtendedData>
      <Point><coordinates>127.1072850006,37.2885707969</coordinates></Point>
  </Placemark>
  <Placemark>
	<ExtendedData><SchemaData schemaUrl="#competition_route_right_center_1m">
		<SimpleData name="index">286</SimpleData>
		<SimpleData name="distance_m">286.000</SimpleData>
		<SimpleData name="latitude">37.2885623203</SimpleData>
		<SimpleData name="longitude">127.1072811751</SimpleData>
		<SimpleData name="utm_easting_m">332223.6655</SimpleData>
		<SimpleData name="utm_northing_m">4128563.5172</SimpleData>
		<SimpleData name="utm_zone">52N</SimpleData>
		<SimpleData name="target_speed">0.300</SimpleData>
	</SchemaData></ExtendedData>
      <Point><coordinates>127.1072811751,37.2885623203</coordinates></Point>
  </Placemark>
  <Placemark>
	<ExtendedData><SchemaData schemaUrl="#competition_route_right_center_1m">
		<SimpleData name="index">287</SimpleData>
		<SimpleData name="distance_m">287.000</SimpleData>
		<SimpleData name="latitude">37.2885538649</SimpleData>
		<SimpleData name="longitude">127.1072772765</SimpleData>
		<SimpleData name="utm_easting_m">332223.3011</SimpleData>
		<SimpleData name="utm_northing_m">4128562.5859</SimpleData>
		<SimpleData name="utm_zone">52N</SimpleData>
		<SimpleData name="target_speed">0.300</SimpleData>
	</SchemaData></ExtendedData>
      <Point><coordinates>127.1072772765,37.2885538649</coordinates></Point>
  </Placemark>
  <Placemark>
	<ExtendedData><SchemaData schemaUrl="#competition_route_right_center_1m">
		<SimpleData name="index">288</SimpleData>
		<SimpleData name="distance_m">288.000</SimpleData>
		<SimpleData name="latitude">37.2885454371</SimpleData>
		<SimpleData name="longitude">127.107273286</SimpleData>
		<SimpleData name="utm_easting_m">332222.9286</SimpleData>
		<SimpleData name="utm_northing_m">4128561.6579</SimpleData>
		<SimpleData name="utm_zone">52N</SimpleData>
		<SimpleData name="target_speed">0.300</SimpleData>
	</SchemaData></ExtendedData>
      <Point><coordinates>127.107273286,37.2885454371</coordinates></Point>
  </Placemark>
  <Placemark>
	<ExtendedData><SchemaData schemaUrl="#competition_route_right_center_1m">
		<SimpleData name="index">289</SimpleData>
		<SimpleData name="distance_m">289.000</SimpleData>
		<SimpleData name="latitude">37.2885370851</SimpleData>
		<SimpleData name="longitude">127.1072690543</SimpleData>
		<SimpleData name="utm_easting_m">332222.5349</SimpleData>
		<SimpleData name="utm_northing_m">4128560.7387</SimpleData>
		<SimpleData name="utm_zone">52N</SimpleData>
		<SimpleData name="target_speed">0.300</SimpleData>
	</SchemaData></ExtendedData>
      <Point><coordinates>127.1072690543,37.2885370851</coordinates></Point>
  </Placemark>
  <Placemark>
	<ExtendedData><SchemaData schemaUrl="#competition_route_right_center_1m">
		<SimpleData name="index">290</SimpleData>
		<SimpleData name="distance_m">290.000</SimpleData>
		<SimpleData name="latitude">37.2885288111</SimpleData>
		<SimpleData name="longitude">127.107264589</SimpleData>
		<SimpleData name="utm_easting_m">332222.1207</SimpleData>
		<SimpleData name="utm_northing_m">4128559.8286</SimpleData>
		<SimpleData name="utm_zone">52N</SimpleData>
		<SimpleData name="target_speed">0.300</SimpleData>
	</SchemaData></ExtendedData>
      <Point><coordinates>127.107264589,37.2885288111</coordinates></Point>
  </Placemark>
  <Placemark>
	<ExtendedData><SchemaData schemaUrl="#competition_route_right_center_1m">
		<SimpleData name="index">291</SimpleData>
		<SimpleData name="distance_m">291.000</SimpleData>
		<SimpleData name="latitude">37.2885201089</SimpleData>
		<SimpleData name="longitude">127.1072623461</SimpleData>
		<SimpleData name="utm_easting_m">332221.9025</SimpleData>
		<SimpleData name="utm_northing_m">4128558.8670</SimpleData>
		<SimpleData name="utm_zone">52N</SimpleData>
		<SimpleData name="target_speed">0.300</SimpleData>
	</SchemaData></ExtendedData>
      <Point><coordinates>127.1072623461,37.2885201089</coordinates></Point>
  </Placemark>
  <Placemark>
	<ExtendedData><SchemaData schemaUrl="#competition_route_right_center_1m">
		<SimpleData name="index">292</SimpleData>
		<SimpleData name="distance_m">292.000</SimpleData>
		<SimpleData name="latitude">37.2885122572</SimpleData>
		<SimpleData name="longitude">127.1072668187</SimpleData>
		<SimpleData name="utm_easting_m">332222.2816</SimpleData>
		<SimpleData name="utm_northing_m">4128557.9879</SimpleData>
		<SimpleData name="utm_zone">52N</SimpleData>
		<SimpleData name="target_speed">0.300</SimpleData>
	</SchemaData></ExtendedData>
      <Point><coordinates>127.1072668187,37.2885122572</coordinates></Point>
  </Placemark>
  <Placemark>
	<ExtendedData><SchemaData schemaUrl="#competition_route_right_center_1m">
		<SimpleData name="index">293</SimpleData>
		<SimpleData name="distance_m">293.000</SimpleData>
		<SimpleData name="latitude">37.2885083543</SimpleData>
		<SimpleData name="longitude">127.1072765619</SimpleData>
		<SimpleData name="utm_easting_m">332223.1366</SimpleData>
		<SimpleData name="utm_northing_m">4128557.5376</SimpleData>
		<SimpleData name="utm_zone">52N</SimpleData>
		<SimpleData name="target_speed">0.300</SimpleData>
	</SchemaData></ExtendedData>
      <Point><coordinates>127.1072765619,37.2885083543</coordinates></Point>
  </Placemark>
  <Placemark>
	<ExtendedData><SchemaData schemaUrl="#competition_route_right_center_1m">
		<SimpleData name="index">294</SimpleData>
		<SimpleData name="distance_m">294.000</SimpleData>
		<SimpleData name="latitude">37.288508081</SimpleData>
		<SimpleData name="longitude">127.1072878222</SimpleData>
		<SimpleData name="utm_easting_m">332224.1343</SimpleData>
		<SimpleData name="utm_northing_m">4128557.4872</SimpleData>
		<SimpleData name="utm_zone">52N</SimpleData>
		<SimpleData name="target_speed">0.300</SimpleData>
	</SchemaData></ExtendedData>
      <Point><coordinates>127.1072878222,37.288508081</coordinates></Point>
  </Placemark>
  <Placemark>
	<ExtendedData><SchemaData schemaUrl="#competition_route_right_center_1m">
		<SimpleData name="index">295</SimpleData>
		<SimpleData name="distance_m">295.000</SimpleData>
		<SimpleData name="latitude">37.2885076594</SimpleData>
		<SimpleData name="longitude">127.1072990798</SimpleData>
		<SimpleData name="utm_easting_m">332225.1314</SimpleData>
		<SimpleData name="utm_northing_m">4128557.4205</SimpleData>
		<SimpleData name="utm_zone">52N</SimpleData>
		<SimpleData name="target_speed">0.300</SimpleData>
	</SchemaData></ExtendedData>
      <Point><coordinates>127.1072990798,37.2885076594</coordinates></Point>
  </Placemark>
  <Placemark>
	<ExtendedData><SchemaData schemaUrl="#competition_route_right_center_1m">
		<SimpleData name="index">296</SimpleData>
		<SimpleData name="distance_m">296.000</SimpleData>
		<SimpleData name="latitude">37.2885060704</SimpleData>
		<SimpleData name="longitude">127.1073101745</SimpleData>
		<SimpleData name="utm_easting_m">332226.1114</SimpleData>
		<SimpleData name="utm_northing_m">4128557.2245</SimpleData>
		<SimpleData name="utm_zone">52N</SimpleData>
		<SimpleData name="target_speed">0.300</SimpleData>
	</SchemaData></ExtendedData>
      <Point><coordinates>127.1073101745,37.2885060704</coordinates></Point>
  </Placemark>
  <Placemark>
	<ExtendedData><SchemaData schemaUrl="#competition_route_right_center_1m">
		<SimpleData name="index">297</SimpleData>
		<SimpleData name="distance_m">297.000</SimpleData>
		<SimpleData name="latitude">37.2885037089</SimpleData>
		<SimpleData name="longitude">127.1073210562</SimpleData>
		<SimpleData name="utm_easting_m">332227.0708</SimpleData>
		<SimpleData name="utm_northing_m">4128556.9432</SimpleData>
		<SimpleData name="utm_zone">52N</SimpleData>
		<SimpleData name="target_speed">0.300</SimpleData>
	</SchemaData></ExtendedData>
      <Point><coordinates>127.1073210562,37.2885037089</coordinates></Point>
  </Placemark>
  <Placemark>
	<ExtendedData><SchemaData schemaUrl="#competition_route_right_center_1m">
		<SimpleData name="index">298</SimpleData>
		<SimpleData name="distance_m">298.000</SimpleData>
		<SimpleData name="latitude">37.2885009964</SimpleData>
		<SimpleData name="longitude">127.1073318107</SimpleData>
		<SimpleData name="utm_easting_m">332228.0182</SimpleData>
		<SimpleData name="utm_northing_m">4128556.6231</SimpleData>
		<SimpleData name="utm_zone">52N</SimpleData>
		<SimpleData name="target_speed">0.300</SimpleData>
	</SchemaData></ExtendedData>
      <Point><coordinates>127.1073318107,37.2885009964</coordinates></Point>
  </Placemark>
  <Placemark>
	<ExtendedData><SchemaData schemaUrl="#competition_route_right_center_1m">
		<SimpleData name="index">299</SimpleData>
		<SimpleData name="distance_m">299.000</SimpleData>
		<SimpleData name="latitude">37.2884984872</SimpleData>
		<SimpleData name="longitude">127.1073426389</SimpleData>
		<SimpleData name="utm_easting_m">332228.9726</SimpleData>
		<SimpleData name="utm_northing_m">4128556.3255</SimpleData>
		<SimpleData name="utm_zone">52N</SimpleData>
		<SimpleData name="target_speed">0.300</SimpleData>
	</SchemaData></ExtendedData>
      <Point><coordinates>127.1073426389,37.2884984872</coordinates></Point>
  </Placemark>
  <Placemark>
	<ExtendedData><SchemaData schemaUrl="#competition_route_right_center_1m">
		<SimpleData name="index">300</SimpleData>
		<SimpleData name="distance_m">300.000</SimpleData>
		<SimpleData name="latitude">37.2885005709</SimpleData>
		<SimpleData name="longitude">127.1073524666</SimpleData>
		<SimpleData name="utm_easting_m">332229.8484</SimpleData>
		<SimpleData name="utm_northing_m">4128556.5392</SimpleData>
		<SimpleData name="utm_zone">52N</SimpleData>
		<SimpleData name="target_speed">0.300</SimpleData>
	</SchemaData></ExtendedData>
      <Point><coordinates>127.1073524666,37.2885005709</coordinates></Point>
  </Placemark>
  <Placemark>
	<ExtendedData><SchemaData schemaUrl="#competition_route_right_center_1m">
		<SimpleData name="index">301</SimpleData>
		<SimpleData name="distance_m">301.000</SimpleData>
		<SimpleData name="latitude">37.2885072944</SimpleData>
		<SimpleData name="longitude">127.107359975</SimpleData>
		<SimpleData name="utm_easting_m">332230.5290</SimpleData>
		<SimpleData name="utm_northing_m">4128557.2719</SimpleData>
		<SimpleData name="utm_zone">52N</SimpleData>
		<SimpleData name="target_speed">0.300</SimpleData>
	</SchemaData></ExtendedData>
      <Point><coordinates>127.107359975,37.2885072944</coordinates></Point>
  </Placemark>
  <Placemark>
	<ExtendedData><SchemaData schemaUrl="#competition_route_right_center_1m">
		<SimpleData name="index">302</SimpleData>
		<SimpleData name="distance_m">302.000</SimpleData>
		<SimpleData name="latitude">37.2885153507</SimpleData>
		<SimpleData name="longitude">127.1073558392</SimpleData>
		<SimpleData name="utm_easting_m">332230.1803</SimpleData>
		<SimpleData name="utm_northing_m">4128558.1731</SimpleData>
		<SimpleData name="utm_zone">52N</SimpleData>
		<SimpleData name="target_speed">0.300</SimpleData>
	</SchemaData></ExtendedData>
      <Point><coordinates>127.1073558392,37.2885153507</coordinates></Point>
  </Placemark>
  <Placemark>
	<ExtendedData><SchemaData schemaUrl="#competition_route_right_center_1m">
		<SimpleData name="index">303</SimpleData>
		<SimpleData name="distance_m">303.000</SimpleData>
		<SimpleData name="latitude">37.2885214427</SimpleData>
		<SimpleData name="longitude">127.1073475319</SimpleData>
		<SimpleData name="utm_easting_m">332229.4573</SimpleData>
		<SimpleData name="utm_northing_m">4128558.8638</SimpleData>
		<SimpleData name="utm_zone">52N</SimpleData>
		<SimpleData name="target_speed">0.300</SimpleData>
	</SchemaData></ExtendedData>
      <Point><coordinates>127.1073475319,37.2885214427</coordinates></Point>
  </Placemark>
  <Placemark>
	<ExtendedData><SchemaData schemaUrl="#competition_route_right_center_1m">
		<SimpleData name="index">304</SimpleData>
		<SimpleData name="distance_m">304.000</SimpleData>
		<SimpleData name="latitude">37.2885279782</SimpleData>
		<SimpleData name="longitude">127.1073397848</SimpleData>
		<SimpleData name="utm_easting_m">332228.7851</SimpleData>
		<SimpleData name="utm_northing_m">4128559.6027</SimpleData>
		<SimpleData name="utm_zone">52N</SimpleData>
		<SimpleData name="target_speed">0.300</SimpleData>
	</SchemaData></ExtendedData>
      <Point><coordinates>127.1073397848,37.2885279782</coordinates></Point>
  </Placemark>
  <Placemark>
	<ExtendedData><SchemaData schemaUrl="#competition_route_right_center_1m">
		<SimpleData name="index">305</SimpleData>
		<SimpleData name="distance_m">305.000</SimpleData>
		<SimpleData name="latitude">37.2885357051</SimpleData>
		<SimpleData name="longitude">127.1073340674</SimpleData>
		<SimpleData name="utm_easting_m">332228.2954</SimpleData>
		<SimpleData name="utm_northing_m">4128560.4702</SimpleData>
		<SimpleData name="utm_zone">52N</SimpleData>
		<SimpleData name="target_speed">0.300</SimpleData>
	</SchemaData></ExtendedData>
      <Point><coordinates>127.1073340674,37.2885357051</coordinates></Point>
  </Placemark>
  <Placemark>
	<ExtendedData><SchemaData schemaUrl="#competition_route_right_center_1m">
		<SimpleData name="index">306</SimpleData>
		<SimpleData name="distance_m">306.000</SimpleData>
		<SimpleData name="latitude">37.2885445259</SimpleData>
		<SimpleData name="longitude">127.1073320394</SimpleData>
		<SimpleData name="utm_easting_m">332228.1352</SimpleData>
		<SimpleData name="utm_northing_m">4128561.4525</SimpleData>
		<SimpleData name="utm_zone">52N</SimpleData>
		<SimpleData name="target_speed">0.300</SimpleData>
	</SchemaData></ExtendedData>
      <Point><coordinates>127.1073320394,37.2885445259</coordinates></Point>
  </Placemark>
  <Placemark>
	<ExtendedData><SchemaData schemaUrl="#competition_route_right_center_1m">
		<SimpleData name="index">307</SimpleData>
		<SimpleData name="distance_m">307.000</SimpleData>
		<SimpleData name="latitude">37.2885535075</SimpleData>
		<SimpleData name="longitude">127.1073327621</SimpleData>
		<SimpleData name="utm_easting_m">332228.2192</SimpleData>
		<SimpleData name="utm_northing_m">4128562.4478</SimpleData>
		<SimpleData name="utm_zone">52N</SimpleData>
		<SimpleData name="target_speed">0.300</SimpleData>
	</SchemaData></ExtendedData>
      <Point><coordinates>127.1073327621,37.2885535075</coordinates></Point>
  </Placemark>
  <Placemark>
	<ExtendedData><SchemaData schemaUrl="#competition_route_right_center_1m">
		<SimpleData name="index">308</SimpleData>
		<SimpleData name="distance_m">308.000</SimpleData>
		<SimpleData name="latitude">37.2885623596</SimpleData>
		<SimpleData name="longitude">127.1073348512</SimpleData>
		<SimpleData name="utm_easting_m">332228.4241</SimpleData>
		<SimpleData name="utm_northing_m">4128563.4263</SimpleData>
		<SimpleData name="utm_zone">52N</SimpleData>
		<SimpleData name="target_speed">0.300</SimpleData>
	</SchemaData></ExtendedData>
      <Point><coordinates>127.1073348512,37.2885623596</coordinates></Point>
  </Placemark>
  <Placemark>
	<ExtendedData><SchemaData schemaUrl="#competition_route_right_center_1m">
		<SimpleData name="index">309</SimpleData>
		<SimpleData name="distance_m">309.000</SimpleData>
		<SimpleData name="latitude">37.2885710567</SimpleData>
		<SimpleData name="longitude">127.1073377902</SimpleData>
		<SimpleData name="utm_easting_m">332228.7039</SimpleData>
		<SimpleData name="utm_northing_m">4128564.3860</SimpleData>
		<SimpleData name="utm_zone">52N</SimpleData>
		<SimpleData name="target_speed">0.300</SimpleData>
	</SchemaData></ExtendedData>
      <Point><coordinates>127.1073377902,37.2885710567</coordinates></Point>
  </Placemark>
  <Placemark>
	<ExtendedData><SchemaData schemaUrl="#competition_route_right_center_1m">
		<SimpleData name="index">310</SimpleData>
		<SimpleData name="distance_m">310.000</SimpleData>
		<SimpleData name="latitude">37.2885795058</SimpleData>
		<SimpleData name="longitude">127.1073416955</SimpleData>
		<SimpleData name="utm_easting_m">332229.0689</SimpleData>
		<SimpleData name="utm_northing_m">4128565.3166</SimpleData>
		<SimpleData name="utm_zone">52N</SimpleData>
		<SimpleData name="target_speed">0.300</SimpleData>
	</SchemaData></ExtendedData>
      <Point><coordinates>127.1073416955,37.2885795058</coordinates></Point>
  </Placemark>
  <Placemark>
	<ExtendedData><SchemaData schemaUrl="#competition_route_right_center_1m">
		<SimpleData name="index">311</SimpleData>
		<SimpleData name="distance_m">311.000</SimpleData>
		<SimpleData name="latitude">37.2885875472</SimpleData>
		<SimpleData name="longitude">127.1073467701</SimpleData>
		<SimpleData name="utm_easting_m">332229.5366</SimpleData>
		<SimpleData name="utm_northing_m">4128566.1998</SimpleData>
		<SimpleData name="utm_zone">52N</SimpleData>
		<SimpleData name="target_speed">0.300</SimpleData>
	</SchemaData></ExtendedData>
      <Point><coordinates>127.1073467701,37.2885875472</coordinates></Point>
  </Placemark>
  <Placemark>
	<ExtendedData><SchemaData schemaUrl="#competition_route_right_center_1m">
		<SimpleData name="index">312</SimpleData>
		<SimpleData name="distance_m">312.000</SimpleData>
		<SimpleData name="latitude">37.2885950457</SimpleData>
		<SimpleData name="longitude">127.1073530098</SimpleData>
		<SimpleData name="utm_easting_m">332230.1065</SimpleData>
		<SimpleData name="utm_northing_m">4128567.0207</SimpleData>
		<SimpleData name="utm_zone">52N</SimpleData>
		<SimpleData name="target_speed">0.300</SimpleData>
	</SchemaData></ExtendedData>
      <Point><coordinates>127.1073530098,37.2885950457</coordinates></Point>
  </Placemark>
  <Placemark>
	<ExtendedData><SchemaData schemaUrl="#competition_route_right_center_1m">
		<SimpleData name="index">313</SimpleData>
		<SimpleData name="distance_m">313.000</SimpleData>
		<SimpleData name="latitude">37.2886017365</SimpleData>
		<SimpleData name="longitude">127.1073605432</SimpleData>
		<SimpleData name="utm_easting_m">332230.7892</SimpleData>
		<SimpleData name="utm_northing_m">4128567.7497</SimpleData>
		<SimpleData name="utm_zone">52N</SimpleData>
		<SimpleData name="target_speed">0.300</SimpleData>
	</SchemaData></ExtendedData>
      <Point><coordinates>127.1073605432,37.2886017365</coordinates></Point>
  </Placemark>
  <Placemark>
	<ExtendedData><SchemaData schemaUrl="#competition_route_right_center_1m">
		<SimpleData name="index">314</SimpleData>
		<SimpleData name="distance_m">314.000</SimpleData>
		<SimpleData name="latitude">37.2886071817</SimpleData>
		<SimpleData name="longitude">127.1073695041</SimpleData>
		<SimpleData name="utm_easting_m">332231.5957</SimpleData>
		<SimpleData name="utm_northing_m">4128568.3380</SimpleData>
		<SimpleData name="utm_zone">52N</SimpleData>
		<SimpleData name="target_speed">0.300</SimpleData>
	</SchemaData></ExtendedData>
      <Point><coordinates>127.1073695041,37.2886071817</coordinates></Point>
  </Placemark>
  <Placemark>
	<ExtendedData><SchemaData schemaUrl="#competition_route_right_center_1m">
		<SimpleData name="index">315</SimpleData>
		<SimpleData name="distance_m">315.000</SimpleData>
		<SimpleData name="latitude">37.2886111508</SimpleData>
		<SimpleData name="longitude">127.1073796131</SimpleData>
		<SimpleData name="utm_easting_m">332232.5007</SimpleData>
		<SimpleData name="utm_northing_m">4128568.7604</SimpleData>
		<SimpleData name="utm_zone">52N</SimpleData>
		<SimpleData name="target_speed">0.300</SimpleData>
	</SchemaData></ExtendedData>
      <Point><coordinates>127.1073796131,37.2886111508</coordinates></Point>
  </Placemark>
  <Placemark>
	<ExtendedData><SchemaData schemaUrl="#competition_route_right_center_1m">
		<SimpleData name="index">316</SimpleData>
		<SimpleData name="distance_m">316.000</SimpleData>
		<SimpleData name="latitude">37.2886136061</SimpleData>
		<SimpleData name="longitude">127.1073904433</SimpleData>
		<SimpleData name="utm_easting_m">332233.4662</SimpleData>
		<SimpleData name="utm_northing_m">4128569.0137</SimpleData>
		<SimpleData name="utm_zone">52N</SimpleData>
		<SimpleData name="target_speed">0.300</SimpleData>
	</SchemaData></ExtendedData>
      <Point><coordinates>127.1073904433,37.2886136061</coordinates></Point>
  </Placemark>
  <Placemark>
	<ExtendedData><SchemaData schemaUrl="#competition_route_right_center_1m">
		<SimpleData name="index">317</SimpleData>
		<SimpleData name="distance_m">317.000</SimpleData>
		<SimpleData name="latitude">37.2886138338</SimpleData>
		<SimpleData name="longitude">127.1074016799</SimpleData>
		<SimpleData name="utm_easting_m">332234.4629</SimpleData>
		<SimpleData name="utm_northing_m">4128569.0190</SimpleData>
		<SimpleData name="utm_zone">52N</SimpleData>
		<SimpleData name="target_speed">0.300</SimpleData>
	</SchemaData></ExtendedData>
      <Point><coordinates>127.1074016799,37.2886138338</coordinates></Point>
  </Placemark>
  <Placemark>
	<ExtendedData><SchemaData schemaUrl="#competition_route_right_center_1m">
		<SimpleData name="index">318</SimpleData>
		<SimpleData name="distance_m">318.000</SimpleData>
		<SimpleData name="latitude">37.2886118692</SimpleData>
		<SimpleData name="longitude">127.1074126648</SimpleData>
		<SimpleData name="utm_easting_m">332235.4323</SimpleData>
		<SimpleData name="utm_northing_m">4128568.7815</SimpleData>
		<SimpleData name="utm_zone">52N</SimpleData>
		<SimpleData name="target_speed">0.300</SimpleData>
	</SchemaData></ExtendedData>
      <Point><coordinates>127.1074126648,37.2886118692</coordinates></Point>
  </Placemark>
  <Placemark>
	<ExtendedData><SchemaData schemaUrl="#competition_route_right_center_1m">
		<SimpleData name="index">319</SimpleData>
		<SimpleData name="distance_m">319.000</SimpleData>
		<SimpleData name="latitude">37.2886081269</SimpleData>
		<SimpleData name="longitude">127.1074228957</SimpleData>
		<SimpleData name="utm_easting_m">332236.3310</SimpleData>
		<SimpleData name="utm_northing_m">4128568.3481</SimpleData>
		<SimpleData name="utm_zone">52N</SimpleData>
		<SimpleData name="target_speed">0.300</SimpleData>
	</SchemaData></ExtendedData>
      <Point><coordinates>127.1074228957,37.2886081269</coordinates></Point>
  </Placemark>
  <Placemark>
	<ExtendedData><SchemaData schemaUrl="#competition_route_right_center_1m">
		<SimpleData name="index">320</SimpleData>
		<SimpleData name="distance_m">320.000</SimpleData>
		<SimpleData name="latitude">37.2886024178</SimpleData>
		<SimpleData name="longitude">127.1074315686</SimpleData>
		<SimpleData name="utm_easting_m">332237.0872</SimpleData>
		<SimpleData name="utm_northing_m">4128567.6993</SimpleData>
		<SimpleData name="utm_zone">52N</SimpleData>
		<SimpleData name="target_speed">0.300</SimpleData>
	</SchemaData></ExtendedData>
      <Point><coordinates>127.1074315686,37.2886024178</coordinates></Point>
  </Placemark>
  <Placemark>
	<ExtendedData><SchemaData schemaUrl="#competition_route_right_center_1m">
		<SimpleData name="index">321</SimpleData>
		<SimpleData name="distance_m">321.000</SimpleData>
		<SimpleData name="latitude">37.2885949629</SimpleData>
		<SimpleData name="longitude">127.1074378432</SimpleData>
		<SimpleData name="utm_easting_m">332237.6269</SimpleData>
		<SimpleData name="utm_northing_m">4128566.8610</SimpleData>
		<SimpleData name="utm_zone">52N</SimpleData>
		<SimpleData name="target_speed">0.300</SimpleData>
	</SchemaData></ExtendedData>
      <Point><coordinates>127.1074378432,37.2885949629</coordinates></Point>
  </Placemark>
  <Placemark>
	<ExtendedData><SchemaData schemaUrl="#competition_route_right_center_1m">
		<SimpleData name="index">322</SimpleData>
		<SimpleData name="distance_m">322.000</SimpleData>
		<SimpleData name="latitude">37.2885865071</SimpleData>
		<SimpleData name="longitude">127.107441679</SimpleData>
		<SimpleData name="utm_easting_m">332237.9482</SimpleData>
		<SimpleData name="utm_northing_m">4128565.9160</SimpleData>
		<SimpleData name="utm_zone">52N</SimpleData>
		<SimpleData name="target_speed">0.300</SimpleData>
	</SchemaData></ExtendedData>
      <Point><coordinates>127.107441679,37.2885865071</coordinates></Point>
  </Placemark>
  <Placemark>
	<ExtendedData><SchemaData schemaUrl="#competition_route_right_center_1m">
		<SimpleData name="index">323</SimpleData>
		<SimpleData name="distance_m">323.000</SimpleData>
		<SimpleData name="latitude">37.2885776554</SimpleData>
		<SimpleData name="longitude">127.1074437568</SimpleData>
		<SimpleData name="utm_easting_m">332238.1127</SimpleData>
		<SimpleData name="utm_northing_m">4128564.9301</SimpleData>
		<SimpleData name="utm_zone">52N</SimpleData>
		<SimpleData name="target_speed">0.300</SimpleData>
	</SchemaData></ExtendedData>
      <Point><coordinates>127.1074437568,37.2885776554</coordinates></Point>
  </Placemark>
  <Placemark>
	<ExtendedData><SchemaData schemaUrl="#competition_route_right_center_1m">
		<SimpleData name="index">324</SimpleData>
		<SimpleData name="distance_m">324.000</SimpleData>
		<SimpleData name="latitude">37.2885686973</SimpleData>
		<SimpleData name="longitude">127.1074449601</SimpleData>
		<SimpleData name="utm_easting_m">332238.1995</SimpleData>
		<SimpleData name="utm_northing_m">4128563.9340</SimpleData>
		<SimpleData name="utm_zone">52N</SimpleData>
		<SimpleData name="target_speed">0.300</SimpleData>
	</SchemaData></ExtendedData>
      <Point><coordinates>127.1074449601,37.2885686973</coordinates></Point>
  </Placemark>
  <Placemark>
	<ExtendedData><SchemaData schemaUrl="#competition_route_right_center_1m">
		<SimpleData name="index">325</SimpleData>
		<SimpleData name="distance_m">325.000</SimpleData>
		<SimpleData name="latitude">37.2885596989</SimpleData>
		<SimpleData name="longitude">127.1074455119</SimpleData>
		<SimpleData name="utm_easting_m">332238.2284</SimpleData>
		<SimpleData name="utm_northing_m">4128562.9346</SimpleData>
		<SimpleData name="utm_zone">52N</SimpleData>
		<SimpleData name="target_speed">0.300</SimpleData>
	</SchemaData></ExtendedData>
      <Point><coordinates>127.1074455119,37.2885596989</coordinates></Point>
  </Placemark>
  <Placemark>
	<ExtendedData><SchemaData schemaUrl="#competition_route_right_center_1m">
		<SimpleData name="index">326</SimpleData>
		<SimpleData name="distance_m">326.000</SimpleData>
		<SimpleData name="latitude">37.2885506926</SimpleData>
		<SimpleData name="longitude">127.1074452645</SimpleData>
		<SimpleData name="utm_easting_m">332238.1865</SimpleData>
		<SimpleData name="utm_northing_m">4128561.9358</SimpleData>
		<SimpleData name="utm_zone">52N</SimpleData>
		<SimpleData name="target_speed">0.300</SimpleData>
	</SchemaData></ExtendedData>
      <Point><coordinates>127.1074452645,37.2885506926</coordinates></Point>
  </Placemark>
  <Placemark>
	<ExtendedData><SchemaData schemaUrl="#competition_route_right_center_1m">
		<SimpleData name="index">327</SimpleData>
		<SimpleData name="distance_m">327.000</SimpleData>
		<SimpleData name="latitude">37.2885417277</SimpleData>
		<SimpleData name="longitude">127.1074441501</SimpleData>
		<SimpleData name="utm_easting_m">332238.0678</SimpleData>
		<SimpleData name="utm_northing_m">4128560.9431</SimpleData>
		<SimpleData name="utm_zone">52N</SimpleData>
		<SimpleData name="target_speed">0.300</SimpleData>
	</SchemaData></ExtendedData>
      <Point><coordinates>127.1074441501,37.2885417277</coordinates></Point>
  </Placemark>
  <Placemark>
	<ExtendedData><SchemaData schemaUrl="#competition_route_right_center_1m">
		<SimpleData name="index">328</SimpleData>
		<SimpleData name="distance_m">328.000</SimpleData>
		<SimpleData name="latitude">37.2885328145</SimpleData>
		<SimpleData name="longitude">127.1074424965</SimpleData>
		<SimpleData name="utm_easting_m">332237.9014</SimpleData>
		<SimpleData name="utm_northing_m">4128559.9570</SimpleData>
		<SimpleData name="utm_zone">52N</SimpleData>
		<SimpleData name="target_speed">0.300</SimpleData>
	</SchemaData></ExtendedData>
      <Point><coordinates>127.1074424965,37.2885328145</coordinates></Point>
  </Placemark>
  <Placemark>
	<ExtendedData><SchemaData schemaUrl="#competition_route_right_center_1m">
		<SimpleData name="index">329</SimpleData>
		<SimpleData name="distance_m">329.000</SimpleData>
		<SimpleData name="latitude">37.2885239083</SimpleData>
		<SimpleData name="longitude">127.1074407825</SimpleData>
		<SimpleData name="utm_easting_m">332237.7296</SimpleData>
		<SimpleData name="utm_northing_m">4128558.9719</SimpleData>
		<SimpleData name="utm_zone">52N</SimpleData>
		<SimpleData name="target_speed">0.300</SimpleData>
	</SchemaData></ExtendedData>
      <Point><coordinates>127.1074407825,37.2885239083</coordinates></Point>
  </Placemark>
  <Placemark>
	<ExtendedData><SchemaData schemaUrl="#competition_route_right_center_1m">
		<SimpleData name="index">330</SimpleData>
		<SimpleData name="distance_m">330.000</SimpleData>
		<SimpleData name="latitude">37.2885149954</SimpleData>
		<SimpleData name="longitude">127.1074391239</SimpleData>
		<SimpleData name="utm_easting_m">332237.5628</SimpleData>
		<SimpleData name="utm_northing_m">4128557.9859</SimpleData>
		<SimpleData name="utm_zone">52N</SimpleData>
		<SimpleData name="target_speed">0.300</SimpleData>
	</SchemaData></ExtendedData>
      <Point><coordinates>127.1074391239,37.2885149954</coordinates></Point>
  </Placemark>
  <Placemark>
	<ExtendedData><SchemaData schemaUrl="#competition_route_right_center_1m">
		<SimpleData name="index">331</SimpleData>
		<SimpleData name="distance_m">331.000</SimpleData>
		<SimpleData name="latitude">37.288506089</SimpleData>
		<SimpleData name="longitude">127.1074374118</SimpleData>
		<SimpleData name="utm_easting_m">332237.3912</SimpleData>
		<SimpleData name="utm_northing_m">4128557.0007</SimpleData>
		<SimpleData name="utm_zone">52N</SimpleData>
		<SimpleData name="target_speed">0.300</SimpleData>
	</SchemaData></ExtendedData>
      <Point><coordinates>127.1074374118,37.288506089</coordinates></Point>
  </Placemark>
  <Placemark>
	<ExtendedData><SchemaData schemaUrl="#competition_route_right_center_1m">
		<SimpleData name="index">332</SimpleData>
		<SimpleData name="distance_m">332.000</SimpleData>
		<SimpleData name="latitude">37.288497186</SimpleData>
		<SimpleData name="longitude">127.1074356718</SimpleData>
		<SimpleData name="utm_easting_m">332237.2172</SimpleData>
		<SimpleData name="utm_northing_m">4128556.0160</SimpleData>
		<SimpleData name="utm_zone">52N</SimpleData>
		<SimpleData name="target_speed">0.300</SimpleData>
	</SchemaData></ExtendedData>
      <Point><coordinates>127.1074356718,37.288497186</coordinates></Point>
  </Placemark>
  <Placemark>
	<ExtendedData><SchemaData schemaUrl="#competition_route_right_center_1m">
		<SimpleData name="index">333</SimpleData>
		<SimpleData name="distance_m">333.000</SimpleData>
		<SimpleData name="latitude">37.2884883002</SimpleData>
		<SimpleData name="longitude">127.1074338017</SimpleData>
		<SimpleData name="utm_easting_m">332237.0317</SimpleData>
		<SimpleData name="utm_northing_m">4128555.0334</SimpleData>
		<SimpleData name="utm_zone">52N</SimpleData>
		<SimpleData name="target_speed">0.300</SimpleData>
	</SchemaData></ExtendedData>
      <Point><coordinates>127.1074338017,37.2884883002</coordinates></Point>
  </Placemark>
  <Placemark>
	<ExtendedData><SchemaData schemaUrl="#competition_route_right_center_1m">
		<SimpleData name="index">334</SimpleData>
		<SimpleData name="distance_m">334.000</SimpleData>
		<SimpleData name="latitude">37.2884794713</SimpleData>
		<SimpleData name="longitude">127.1074315511</SimpleData>
		<SimpleData name="utm_easting_m">332236.8126</SimpleData>
		<SimpleData name="utm_northing_m">4128554.0578</SimpleData>
		<SimpleData name="utm_zone">52N</SimpleData>
		<SimpleData name="target_speed">0.300</SimpleData>
	</SchemaData></ExtendedData>
      <Point><coordinates>127.1074315511,37.2884794713</coordinates></Point>
  </Placemark>
  <Placemark>
	<ExtendedData><SchemaData schemaUrl="#competition_route_right_center_1m">
		<SimpleData name="index">335</SimpleData>
		<SimpleData name="distance_m">335.000</SimpleData>
		<SimpleData name="latitude">37.2884707171</SimpleData>
		<SimpleData name="longitude">127.1074288805</SimpleData>
		<SimpleData name="utm_easting_m">332236.5564</SimpleData>
		<SimpleData name="utm_northing_m">4128553.0912</SimpleData>
		<SimpleData name="utm_zone">52N</SimpleData>
		<SimpleData name="target_speed">0.300</SimpleData>
	</SchemaData></ExtendedData>
      <Point><coordinates>127.1074288805,37.2884707171</coordinates></Point>
  </Placemark>
  <Placemark>
	<ExtendedData><SchemaData schemaUrl="#competition_route_right_center_1m">
		<SimpleData name="index">336</SimpleData>
		<SimpleData name="distance_m">336.000</SimpleData>
		<SimpleData name="latitude">37.2884620309</SimpleData>
		<SimpleData name="longitude">127.1074258826</SimpleData>
		<SimpleData name="utm_easting_m">332236.2713</SimpleData>
		<SimpleData name="utm_northing_m">4128552.1327</SimpleData>
		<SimpleData name="utm_zone">52N</SimpleData>
		<SimpleData name="target_speed">0.300</SimpleData>
	</SchemaData></ExtendedData>
      <Point><coordinates>127.1074258826,37.2884620309</coordinates></Point>
  </Placemark>
  <Placemark>
	<ExtendedData><SchemaData schemaUrl="#competition_route_right_center_1m">
		<SimpleData name="index">337</SimpleData>
		<SimpleData name="distance_m">337.000</SimpleData>
		<SimpleData name="latitude">37.2884534874</SimpleData>
		<SimpleData name="longitude">127.1074223081</SimpleData>
		<SimpleData name="utm_easting_m">332235.9354</SimpleData>
		<SimpleData name="utm_northing_m">4128551.1911</SimpleData>
		<SimpleData name="utm_zone">52N</SimpleData>
		<SimpleData name="target_speed">0.300</SimpleData>
	</SchemaData></ExtendedData>
      <Point><coordinates>127.1074223081,37.2884534874</coordinates></Point>
  </Placemark>
  <Placemark>
	<ExtendedData><SchemaData schemaUrl="#competition_route_right_center_1m">
		<SimpleData name="index">338</SimpleData>
		<SimpleData name="distance_m">338.000</SimpleData>
		<SimpleData name="latitude">37.2884453706</SimpleData>
		<SimpleData name="longitude">127.1074174403</SimpleData>
		<SimpleData name="utm_easting_m">332235.4859</SimpleData>
		<SimpleData name="utm_northing_m">4128550.2992</SimpleData>
		<SimpleData name="utm_zone">52N</SimpleData>
		<SimpleData name="target_speed">0.300</SimpleData>
	</SchemaData></ExtendedData>
      <Point><coordinates>127.1074174403,37.2884453706</coordinates></Point>
  </Placemark>
  <Placemark>
	<ExtendedData><SchemaData schemaUrl="#competition_route_right_center_1m">
		<SimpleData name="index">339</SimpleData>
		<SimpleData name="distance_m">339.000</SimpleData>
		<SimpleData name="latitude">37.2884379842</SimpleData>
		<SimpleData name="longitude">127.1074110022</SimpleData>
		<SimpleData name="utm_easting_m">332234.8987</SimpleData>
		<SimpleData name="utm_northing_m">4128549.4910</SimpleData>
		<SimpleData name="utm_zone">52N</SimpleData>
		<SimpleData name="target_speed">0.300</SimpleData>
	</SchemaData></ExtendedData>
      <Point><coordinates>127.1074110022,37.2884379842</coordinates></Point>
  </Placemark>
  <Placemark>
	<ExtendedData><SchemaData schemaUrl="#competition_route_right_center_1m">
		<SimpleData name="index">340</SimpleData>
		<SimpleData name="distance_m">340.000</SimpleData>
		<SimpleData name="latitude">37.2884313895</SimpleData>
		<SimpleData name="longitude">127.1074033291</SimpleData>
		<SimpleData name="utm_easting_m">332234.2038</SimpleData>
		<SimpleData name="utm_northing_m">4128548.7729</SimpleData>
		<SimpleData name="utm_zone">52N</SimpleData>
		<SimpleData name="target_speed">0.300</SimpleData>
	</SchemaData></ExtendedData>
      <Point><coordinates>127.1074033291,37.2884313895</coordinates></Point>
  </Placemark>
  <Placemark>
	<ExtendedData><SchemaData schemaUrl="#competition_route_right_center_1m">
		<SimpleData name="index">341</SimpleData>
		<SimpleData name="distance_m">341.000</SimpleData>
		<SimpleData name="latitude">37.2884255473</SimpleData>
		<SimpleData name="longitude">127.1073947507</SimpleData>
		<SimpleData name="utm_easting_m">332233.4304</SimpleData>
		<SimpleData name="utm_northing_m">4128548.1399</SimpleData>
		<SimpleData name="utm_zone">52N</SimpleData>
		<SimpleData name="target_speed">0.300</SimpleData>
	</SchemaData></ExtendedData>
      <Point><coordinates>127.1073947507,37.2884255473</coordinates></Point>
  </Placemark>
  <Placemark>
	<ExtendedData><SchemaData schemaUrl="#competition_route_right_center_1m">
		<SimpleData name="index">342</SimpleData>
		<SimpleData name="distance_m">342.000</SimpleData>
		<SimpleData name="latitude">37.2884204151</SimpleData>
		<SimpleData name="longitude">127.1073854859</SimpleData>
		<SimpleData name="utm_easting_m">332232.5976</SimpleData>
		<SimpleData name="utm_northing_m">4128547.5870</SimpleData>
		<SimpleData name="utm_zone">52N</SimpleData>
		<SimpleData name="target_speed">0.300</SimpleData>
	</SchemaData></ExtendedData>
      <Point><coordinates>127.1073854859,37.2884204151</coordinates></Point>
  </Placemark>
  <Placemark>
	<ExtendedData><SchemaData schemaUrl="#competition_route_right_center_1m">
		<SimpleData name="index">343</SimpleData>
		<SimpleData name="distance_m">343.000</SimpleData>
		<SimpleData name="latitude">37.2884158523</SimpleData>
		<SimpleData name="longitude">127.107375763</SimpleData>
		<SimpleData name="utm_easting_m">332231.7255</SimpleData>
		<SimpleData name="utm_northing_m">4128547.0979</SimpleData>
		<SimpleData name="utm_zone">52N</SimpleData>
		<SimpleData name="target_speed">0.300</SimpleData>
	</SchemaData></ExtendedData>
      <Point><coordinates>127.107375763,37.2884158523</coordinates></Point>
  </Placemark>
  <Placemark>
	<ExtendedData><SchemaData schemaUrl="#competition_route_right_center_1m">
		<SimpleData name="index">344</SimpleData>
		<SimpleData name="distance_m">344.000</SimpleData>
		<SimpleData name="latitude">37.2884117385</SimpleData>
		<SimpleData name="longitude">127.1073657308</SimpleData>
		<SimpleData name="utm_easting_m">332230.8270</SimpleData>
		<SimpleData name="utm_northing_m">4128546.6593</SimpleData>
		<SimpleData name="utm_zone">52N</SimpleData>
		<SimpleData name="target_speed">0.300</SimpleData>
	</SchemaData></ExtendedData>
      <Point><coordinates>127.1073657308,37.2884117385</coordinates></Point>
  </Placemark>
  <Placemark>
	<ExtendedData><SchemaData schemaUrl="#competition_route_right_center_1m">
		<SimpleData name="index">345</SimpleData>
		<SimpleData name="distance_m">345.000</SimpleData>
		<SimpleData name="latitude">37.2884081389</SimpleData>
		<SimpleData name="longitude">127.1073553945</SimpleData>
		<SimpleData name="utm_easting_m">332229.9027</SimpleData>
		<SimpleData name="utm_northing_m">4128546.2783</SimpleData>
		<SimpleData name="utm_zone">52N</SimpleData>
		<SimpleData name="target_speed">0.300</SimpleData>
	</SchemaData></ExtendedData>
      <Point><coordinates>127.1073553945,37.2884081389</coordinates></Point>
  </Placemark>
  <Placemark>
	<ExtendedData><SchemaData schemaUrl="#competition_route_right_center_1m">
		<SimpleData name="index">346</SimpleData>
		<SimpleData name="distance_m">346.000</SimpleData>
		<SimpleData name="latitude">37.2884050478</SimpleData>
		<SimpleData name="longitude">127.1073448023</SimpleData>
		<SimpleData name="utm_easting_m">332228.9568</SimpleData>
		<SimpleData name="utm_northing_m">4128545.9541</SimpleData>
		<SimpleData name="utm_zone">52N</SimpleData>
		<SimpleData name="target_speed">0.300</SimpleData>
	</SchemaData></ExtendedData>
      <Point><coordinates>127.1073448023,37.2884050478</coordinates></Point>
  </Placemark>
  <Placemark>
	<ExtendedData><SchemaData schemaUrl="#competition_route_right_center_1m">
		<SimpleData name="index">347</SimpleData>
		<SimpleData name="distance_m">347.000</SimpleData>
		<SimpleData name="latitude">37.2884022533</SimpleData>
		<SimpleData name="longitude">127.1073340808</SimpleData>
		<SimpleData name="utm_easting_m">332228.0001</SimpleData>
		<SimpleData name="utm_northing_m">4128545.6630</SimpleData>
		<SimpleData name="utm_zone">52N</SimpleData>
		<SimpleData name="target_speed">0.300</SimpleData>
	</SchemaData></ExtendedData>
      <Point><coordinates>127.1073340808,37.2884022533</coordinates></Point>
  </Placemark>
  <Placemark>
	<ExtendedData><SchemaData schemaUrl="#competition_route_right_center_1m">
		<SimpleData name="index">348</SimpleData>
		<SimpleData name="distance_m">348.000</SimpleData>
		<SimpleData name="latitude">37.2883997718</SimpleData>
		<SimpleData name="longitude">127.1073232408</SimpleData>
		<SimpleData name="utm_easting_m">332227.0336</SimpleData>
		<SimpleData name="utm_northing_m">4128545.4069</SimpleData>
		<SimpleData name="utm_zone">52N</SimpleData>
		<SimpleData name="target_speed">0.300</SimpleData>
	</SchemaData></ExtendedData>
      <Point><coordinates>127.1073232408,37.2883997718</coordinates></Point>
  </Placemark>
  <Placemark>
	<ExtendedData><SchemaData schemaUrl="#competition_route_right_center_1m">
		<SimpleData name="index">349</SimpleData>
		<SimpleData name="distance_m">349.000</SimpleData>
		<SimpleData name="latitude">37.2883981646</SimpleData>
		<SimpleData name="longitude">127.1073121535</SimpleData>
		<SimpleData name="utm_easting_m">332226.0471</SimpleData>
		<SimpleData name="utm_northing_m">4128545.2483</SimpleData>
		<SimpleData name="utm_zone">52N</SimpleData>
		<SimpleData name="target_speed">0.300</SimpleData>
	</SchemaData></ExtendedData>
      <Point><coordinates>127.1073121535,37.2883981646</coordinates></Point>
  </Placemark>
  <Placemark>
	<ExtendedData><SchemaData schemaUrl="#competition_route_right_center_1m">
		<SimpleData name="index">350</SimpleData>
		<SimpleData name="distance_m">350.000</SimpleData>
		<SimpleData name="latitude">37.2883978268</SimpleData>
		<SimpleData name="longitude">127.1073008917</SimpleData>
		<SimpleData name="utm_easting_m">332225.0480</SimpleData>
		<SimpleData name="utm_northing_m">4128545.2308</SimpleData>
		<SimpleData name="utm_zone">52N</SimpleData>
		<SimpleData name="target_speed">0.300</SimpleData>
	</SchemaData></ExtendedData>
      <Point><coordinates>127.1073008917,37.2883978268</coordinates></Point>
  </Placemark>
  <Placemark>
	<ExtendedData><SchemaData schemaUrl="#competition_route_right_center_1m">
		<SimpleData name="index">351</SimpleData>
		<SimpleData name="distance_m">351.000</SimpleData>
		<SimpleData name="latitude">37.2883983533</SimpleData>
		<SimpleData name="longitude">127.1072896354</SimpleData>
		<SimpleData name="utm_easting_m">332224.0513</SimpleData>
		<SimpleData name="utm_northing_m">4128545.3092</SimpleData>
		<SimpleData name="utm_zone">52N</SimpleData>
		<SimpleData name="target_speed">0.300</SimpleData>
	</SchemaData></ExtendedData>
      <Point><coordinates>127.1072896354,37.2883983533</coordinates></Point>
  </Placemark>
  <Placemark>
	<ExtendedData><SchemaData schemaUrl="#competition_route_right_center_1m">
		<SimpleData name="index">352</SimpleData>
		<SimpleData name="distance_m">352.000</SimpleData>
		<SimpleData name="latitude">37.2883993761</SimpleData>
		<SimpleData name="longitude">127.1072784317</SimpleData>
		<SimpleData name="utm_easting_m">332223.0603</SimpleData>
		<SimpleData name="utm_northing_m">4128545.4426</SimpleData>
		<SimpleData name="utm_zone">52N</SimpleData>
		<SimpleData name="target_speed">0.300</SimpleData>
	</SchemaData></ExtendedData>
      <Point><coordinates>127.1072784317,37.2883993761</coordinates></Point>
  </Placemark>
  <Placemark>
	<ExtendedData><SchemaData schemaUrl="#competition_route_right_center_1m">
		<SimpleData name="index">353</SimpleData>
		<SimpleData name="distance_m">353.000</SimpleData>
		<SimpleData name="latitude">37.2884007875</SimpleData>
		<SimpleData name="longitude">127.1072672939</SimpleData>
		<SimpleData name="utm_easting_m">332222.0761</SimpleData>
		<SimpleData name="utm_northing_m">4128545.6189</SimpleData>
		<SimpleData name="utm_zone">52N</SimpleData>
		<SimpleData name="target_speed">0.300</SimpleData>
	</SchemaData></ExtendedData>
      <Point><coordinates>127.1072672939,37.2884007875</coordinates></Point>
  </Placemark>
  <Placemark>
	<ExtendedData><SchemaData schemaUrl="#competition_route_right_center_1m">
		<SimpleData name="index">354</SimpleData>
		<SimpleData name="distance_m">354.000</SimpleData>
		<SimpleData name="latitude">37.2884024913</SimpleData>
		<SimpleData name="longitude">127.1072562199</SimpleData>
		<SimpleData name="utm_easting_m">332221.0981</SimpleData>
		<SimpleData name="utm_northing_m">4128545.8276</SimpleData>
		<SimpleData name="utm_zone">52N</SimpleData>
		<SimpleData name="target_speed">0.300</SimpleData>
	</SchemaData></ExtendedData>
      <Point><coordinates>127.1072562199,37.2884024913</coordinates></Point>
  </Placemark>
  <Placemark>
	<ExtendedData><SchemaData schemaUrl="#competition_route_right_center_1m">
		<SimpleData name="index">355</SimpleData>
		<SimpleData name="distance_m">355.000</SimpleData>
		<SimpleData name="latitude">37.2884044662</SimpleData>
		<SimpleData name="longitude">127.1072452169</SimpleData>
		<SimpleData name="utm_easting_m">332220.1271</SimpleData>
		<SimpleData name="utm_northing_m">4128546.0663</SimpleData>
		<SimpleData name="utm_zone">52N</SimpleData>
		<SimpleData name="target_speed">0.300</SimpleData>
	</SchemaData></ExtendedData>
      <Point><coordinates>127.1072452169,37.2884044662</coordinates></Point>
  </Placemark>
  <Placemark>
	<ExtendedData><SchemaData schemaUrl="#competition_route_right_center_1m">
		<SimpleData name="index">356</SimpleData>
		<SimpleData name="distance_m">356.000</SimpleData>
		<SimpleData name="latitude">37.2884068437</SimpleData>
		<SimpleData name="longitude">127.1072343401</SimpleData>
		<SimpleData name="utm_easting_m">332219.1681</SimpleData>
		<SimpleData name="utm_northing_m">4128546.3494</SimpleData>
		<SimpleData name="utm_zone">52N</SimpleData>
		<SimpleData name="target_speed">0.300</SimpleData>
	</SchemaData></ExtendedData>
      <Point><coordinates>127.1072343401,37.2884068437</coordinates></Point>
  </Placemark>
  <Placemark>
	<ExtendedData><SchemaData schemaUrl="#competition_route_right_center_1m">
		<SimpleData name="index">357</SimpleData>
		<SimpleData name="distance_m">357.000</SimpleData>
		<SimpleData name="latitude">37.2884097791</SimpleData>
		<SimpleData name="longitude">127.1072236799</SimpleData>
		<SimpleData name="utm_easting_m">332218.2296</SimpleData>
		<SimpleData name="utm_northing_m">4128546.6940</SimpleData>
		<SimpleData name="utm_zone">52N</SimpleData>
		<SimpleData name="target_speed">0.300</SimpleData>
	</SchemaData></ExtendedData>
      <Point><coordinates>127.1072236799,37.2884097791</coordinates></Point>
  </Placemark>
  <Placemark>
	<ExtendedData><SchemaData schemaUrl="#competition_route_right_center_1m">
		<SimpleData name="index">358</SimpleData>
		<SimpleData name="distance_m">358.000</SimpleData>
		<SimpleData name="latitude">37.2884133243</SimpleData>
		<SimpleData name="longitude">127.1072133143</SimpleData>
		<SimpleData name="utm_easting_m">332217.3185</SimpleData>
		<SimpleData name="utm_northing_m">4128547.1058</SimpleData>
		<SimpleData name="utm_zone">52N</SimpleData>
		<SimpleData name="target_speed">0.300</SimpleData>
	</SchemaData></ExtendedData>
      <Point><coordinates>127.1072133143,37.2884133243</coordinates></Point>
  </Placemark>
  <Placemark>
	<ExtendedData><SchemaData schemaUrl="#competition_route_right_center_1m">
		<SimpleData name="index">359</SimpleData>
		<SimpleData name="distance_m">359.000</SimpleData>
		<SimpleData name="latitude">37.2884174551</SimpleData>
		<SimpleData name="longitude">127.1072032944</SimpleData>
		<SimpleData name="utm_easting_m">332216.4394</SimpleData>
		<SimpleData name="utm_northing_m">4128547.5819</SimpleData>
		<SimpleData name="utm_zone">52N</SimpleData>
		<SimpleData name="target_speed">0.300</SimpleData>
	</SchemaData></ExtendedData>
      <Point><coordinates>127.1072032944,37.2884174551</coordinates></Point>
  </Placemark>
  <Placemark>
	<ExtendedData><SchemaData schemaUrl="#competition_route_right_center_1m">
		<SimpleData name="index">360</SimpleData>
		<SimpleData name="distance_m">360.000</SimpleData>
		<SimpleData name="latitude">37.2884222599</SimpleData>
		<SimpleData name="longitude">127.1071937605</SimpleData>
		<SimpleData name="utm_easting_m">332215.6049</SimpleData>
		<SimpleData name="utm_northing_m">4128548.1319</SimpleData>
		<SimpleData name="utm_zone">52N</SimpleData>
		<SimpleData name="target_speed">0.300</SimpleData>
	</SchemaData></ExtendedData>
      <Point><coordinates>127.1071937605,37.2884222599</coordinates></Point>
  </Placemark>
  <Placemark>
	<ExtendedData><SchemaData schemaUrl="#competition_route_right_center_1m">
		<SimpleData name="index">361</SimpleData>
		<SimpleData name="distance_m">361.000</SimpleData>
		<SimpleData name="latitude">37.2884280584</SimpleData>
		<SimpleData name="longitude">127.1071851495</SimpleData>
		<SimpleData name="utm_easting_m">332214.8544</SimpleData>
		<SimpleData name="utm_northing_m">4128548.7906</SimpleData>
		<SimpleData name="utm_zone">52N</SimpleData>
		<SimpleData name="target_speed">0.300</SimpleData>
	</SchemaData></ExtendedData>
      <Point><coordinates>127.1071851495,37.2884280584</coordinates></Point>
  </Placemark>
  <Placemark>
	<ExtendedData><SchemaData schemaUrl="#competition_route_right_center_1m">
		<SimpleData name="index">362</SimpleData>
		<SimpleData name="distance_m">362.000</SimpleData>
		<SimpleData name="latitude">37.2884351879</SimpleData>
		<SimpleData name="longitude">127.1071783039</SimpleData>
		<SimpleData name="utm_easting_m">332214.2634</SimpleData>
		<SimpleData name="utm_northing_m">4128549.5938</SimpleData>
		<SimpleData name="utm_zone">52N</SimpleData>
		<SimpleData name="target_speed">0.300</SimpleData>
	</SchemaData></ExtendedData>
      <Point><coordinates>127.1071783039,37.2884351879</coordinates></Point>
  </Placemark>
  <Placemark>
	<ExtendedData><SchemaData schemaUrl="#competition_route_right_center_1m">
		<SimpleData name="index">363</SimpleData>
		<SimpleData name="distance_m">363.000</SimpleData>
		<SimpleData name="latitude">37.2884433949</SimpleData>
		<SimpleData name="longitude">127.1071736937</SimpleData>
		<SimpleData name="utm_easting_m">332213.8729</SimpleData>
		<SimpleData name="utm_northing_m">4128550.5126</SimpleData>
		<SimpleData name="utm_zone">52N</SimpleData>
		<SimpleData name="target_speed">0.300</SimpleData>
	</SchemaData></ExtendedData>
      <Point><coordinates>127.1071736937,37.2884433949</coordinates></Point>
  </Placemark>
  <Placemark>
	<ExtendedData><SchemaData schemaUrl="#competition_route_right_center_1m">
		<SimpleData name="index">364</SimpleData>
		<SimpleData name="distance_m">364.000</SimpleData>
		<SimpleData name="latitude">37.2884520617</SimpleData>
		<SimpleData name="longitude">127.1071706291</SimpleData>
		<SimpleData name="utm_easting_m">332213.6205</SimpleData>
		<SimpleData name="utm_northing_m">4128551.4796</SimpleData>
		<SimpleData name="utm_zone">52N</SimpleData>
		<SimpleData name="target_speed">0.300</SimpleData>
	</SchemaData></ExtendedData>
      <Point><coordinates>127.1071706291,37.2884520617</coordinates></Point>
  </Placemark>
  <Placemark>
	<ExtendedData><SchemaData schemaUrl="#competition_route_right_center_1m">
		<SimpleData name="index">365</SimpleData>
		<SimpleData name="distance_m">365.000</SimpleData>
		<SimpleData name="latitude">37.2884609381</SimpleData>
		<SimpleData name="longitude">127.1071687243</SimpleData>
		<SimpleData name="utm_easting_m">332213.4713</SimpleData>
		<SimpleData name="utm_northing_m">4128552.4679</SimpleData>
		<SimpleData name="utm_zone">52N</SimpleData>
		<SimpleData name="target_speed">0.300</SimpleData>
	</SchemaData></ExtendedData>
      <Point><coordinates>127.1071687243,37.2884609381</coordinates></Point>
  </Placemark>
  <Placemark>
	<ExtendedData><SchemaData schemaUrl="#competition_route_right_center_1m">
		<SimpleData name="index">366</SimpleData>
		<SimpleData name="distance_m">366.000</SimpleData>
		<SimpleData name="latitude">37.2884699325</SimpleData>
		<SimpleData name="longitude">127.1071681811</SimpleData>
		<SimpleData name="utm_easting_m">332213.4431</SimpleData>
		<SimpleData name="utm_northing_m">4128553.4668</SimpleData>
		<SimpleData name="utm_zone">52N</SimpleData>
		<SimpleData name="target_speed">0.300</SimpleData>
	</SchemaData></ExtendedData>
      <Point><coordinates>127.1071681811,37.2884699325</coordinates></Point>
  </Placemark>
  <Placemark>
	<ExtendedData><SchemaData schemaUrl="#competition_route_right_center_1m">
		<SimpleData name="index">367</SimpleData>
		<SimpleData name="distance_m">367.000</SimpleData>
		<SimpleData name="latitude">37.2884789294</SimpleData>
		<SimpleData name="longitude">127.1071687584</SimpleData>
		<SimpleData name="utm_easting_m">332213.5143</SimpleData>
		<SimpleData name="utm_northing_m">4128554.4641</SimpleData>
		<SimpleData name="utm_zone">52N</SimpleData>
		<SimpleData name="target_speed">0.300</SimpleData>
	</SchemaData></ExtendedData>
      <Point><coordinates>127.1071687584,37.2884789294</coordinates></Point>
  </Placemark>
  <Placemark>
	<ExtendedData><SchemaData schemaUrl="#competition_route_right_center_1m">
		<SimpleData name="index">368</SimpleData>
		<SimpleData name="distance_m">368.000</SimpleData>
		<SimpleData name="latitude">37.2884878907</SimpleData>
		<SimpleData name="longitude">127.1071699339</SimpleData>
		<SimpleData name="utm_easting_m">332213.6384</SimpleData>
		<SimpleData name="utm_northing_m">4128555.4563</SimpleData>
		<SimpleData name="utm_zone">52N</SimpleData>
		<SimpleData name="target_speed">0.300</SimpleData>
	</SchemaData></ExtendedData>
      <Point><coordinates>127.1071699339,37.2884878907</coordinates></Point>
  </Placemark>
  <Placemark>
	<ExtendedData><SchemaData schemaUrl="#competition_route_right_center_1m">
		<SimpleData name="index">369</SimpleData>
		<SimpleData name="distance_m">369.000</SimpleData>
		<SimpleData name="latitude">37.2884968191</SimpleData>
		<SimpleData name="longitude">127.1071714538</SimpleData>
		<SimpleData name="utm_easting_m">332213.7930</SimpleData>
		<SimpleData name="utm_northing_m">4128556.4442</SimpleData>
		<SimpleData name="utm_zone">52N</SimpleData>
		<SimpleData name="target_speed">0.300</SimpleData>
	</SchemaData></ExtendedData>
      <Point><coordinates>127.1071714538,37.2884968191</coordinates></Point>
  </Placemark>
  <Placemark>
	<ExtendedData><SchemaData schemaUrl="#competition_route_right_center_1m">
		<SimpleData name="index">370</SimpleData>
		<SimpleData name="distance_m">370.000</SimpleData>
		<SimpleData name="latitude">37.2885057184</SimpleData>
		<SimpleData name="longitude">127.107173222</SimpleData>
		<SimpleData name="utm_easting_m">332213.9695</SimpleData>
		<SimpleData name="utm_northing_m">4128557.4285</SimpleData>
		<SimpleData name="utm_zone">52N</SimpleData>
		<SimpleData name="target_speed">0.300</SimpleData>
	</SchemaData></ExtendedData>
      <Point><coordinates>127.107173222,37.2885057184</coordinates></Point>
  </Placemark>
  <Placemark>
	<ExtendedData><SchemaData schemaUrl="#competition_route_right_center_1m">
		<SimpleData name="index">371</SimpleData>
		<SimpleData name="distance_m">371.000</SimpleData>
		<SimpleData name="latitude">37.2885145838</SimpleData>
		<SimpleData name="longitude">127.1071752378</SimpleData>
		<SimpleData name="utm_easting_m">332214.1679</SimpleData>
		<SimpleData name="utm_northing_m">4128558.4086</SimpleData>
		<SimpleData name="utm_zone">52N</SimpleData>
		<SimpleData name="target_speed">0.300</SimpleData>
	</SchemaData></ExtendedData>
      <Point><coordinates>127.1071752378,37.2885145838</coordinates></Point>
  </Placemark>
  <Placemark>
	<ExtendedData><SchemaData schemaUrl="#competition_route_right_center_1m">
		<SimpleData name="index">372</SimpleData>
		<SimpleData name="distance_m">372.000</SimpleData>
		<SimpleData name="latitude">37.2885233936</SimpleData>
		<SimpleData name="longitude">127.1071776039</SimpleData>
		<SimpleData name="utm_easting_m">332214.3973</SimpleData>
		<SimpleData name="utm_northing_m">4128559.3819</SimpleData>
		<SimpleData name="utm_zone">52N</SimpleData>
		<SimpleData name="target_speed">0.300</SimpleData>
	</SchemaData></ExtendedData>
      <Point><coordinates>127.1071776039,37.2885233936</coordinates></Point>
  </Placemark>
  <Placemark>
	<ExtendedData><SchemaData schemaUrl="#competition_route_right_center_1m">
		<SimpleData name="index">373</SimpleData>
		<SimpleData name="distance_m">373.000</SimpleData>
		<SimpleData name="latitude">37.2885321367</SimpleData>
		<SimpleData name="longitude">127.1071803308</SimpleData>
		<SimpleData name="utm_easting_m">332214.6584</SimpleData>
		<SimpleData name="utm_northing_m">4128560.3471</SimpleData>
		<SimpleData name="utm_zone">52N</SimpleData>
		<SimpleData name="target_speed">0.300</SimpleData>
	</SchemaData></ExtendedData>
      <Point><coordinates>127.1071803308,37.2885321367</coordinates></Point>
  </Placemark>
  <Placemark>
	<ExtendedData><SchemaData schemaUrl="#competition_route_right_center_1m">
		<SimpleData name="index">374</SimpleData>
		<SimpleData name="distance_m">374.000</SimpleData>
		<SimpleData name="latitude">37.2885408151</SimpleData>
		<SimpleData name="longitude">127.107183365</SimpleData>
		<SimpleData name="utm_easting_m">332214.9467</SimpleData>
		<SimpleData name="utm_northing_m">4128561.3047</SimpleData>
		<SimpleData name="utm_zone">52N</SimpleData>
		<SimpleData name="target_speed">0.300</SimpleData>
	</SchemaData></ExtendedData>
      <Point><coordinates>127.107183365,37.2885408151</coordinates></Point>
  </Placemark>
  <Placemark>
	<ExtendedData><SchemaData schemaUrl="#competition_route_right_center_1m">
		<SimpleData name="index">375</SimpleData>
		<SimpleData name="distance_m">375.000</SimpleData>
		<SimpleData name="latitude">37.2885494434</SimpleData>
		<SimpleData name="longitude">127.1071866158</SimpleData>
		<SimpleData name="utm_easting_m">332215.2540</SimpleData>
		<SimpleData name="utm_northing_m">4128562.2562</SimpleData>
		<SimpleData name="utm_zone">52N</SimpleData>
		<SimpleData name="target_speed">0.300</SimpleData>
	</SchemaData></ExtendedData>
      <Point><coordinates>127.1071866158,37.2885494434</coordinates></Point>
  </Placemark>
  <Placemark>
	<ExtendedData><SchemaData schemaUrl="#competition_route_right_center_1m">
		<SimpleData name="index">376</SimpleData>
		<SimpleData name="distance_m">376.000</SimpleData>
		<SimpleData name="latitude">37.2885580245</SimpleData>
		<SimpleData name="longitude">127.1071900565</SimpleData>
		<SimpleData name="utm_easting_m">332215.5781</SimpleData>
		<SimpleData name="utm_northing_m">4128563.2023</SimpleData>
		<SimpleData name="utm_zone">52N</SimpleData>
		<SimpleData name="target_speed">0.300</SimpleData>
	</SchemaData></ExtendedData>
      <Point><coordinates>127.1071900565,37.2885580245</coordinates></Point>
  </Placemark>
  <Placemark>
	<ExtendedData><SchemaData schemaUrl="#competition_route_right_center_1m">
		<SimpleData name="index">377</SimpleData>
		<SimpleData name="distance_m">377.000</SimpleData>
		<SimpleData name="latitude">37.2885665675</SimpleData>
		<SimpleData name="longitude">127.1071936434</SimpleData>
		<SimpleData name="utm_easting_m">332215.9151</SimpleData>
		<SimpleData name="utm_northing_m">4128564.1438</SimpleData>
		<SimpleData name="utm_zone">52N</SimpleData>
		<SimpleData name="target_speed">0.300</SimpleData>
	</SchemaData></ExtendedData>
      <Point><coordinates>127.1071936434,37.2885665675</coordinates></Point>
  </Placemark>
  <Placemark>
	<ExtendedData><SchemaData schemaUrl="#competition_route_right_center_1m">
		<SimpleData name="index">378</SimpleData>
		<SimpleData name="distance_m">378.000</SimpleData>
		<SimpleData name="latitude">37.2885750864</SimpleData>
		<SimpleData name="longitude">127.1071973186</SimpleData>
		<SimpleData name="utm_easting_m">332216.2598</SimpleData>
		<SimpleData name="utm_northing_m">4128565.0825</SimpleData>
		<SimpleData name="utm_zone">52N</SimpleData>
		<SimpleData name="target_speed">0.300</SimpleData>
	</SchemaData></ExtendedData>
      <Point><coordinates>127.1071973186,37.2885750864</coordinates></Point>
  </Placemark>
  <Placemark>
	<ExtendedData><SchemaData schemaUrl="#competition_route_right_center_1m">
		<SimpleData name="index">379</SimpleData>
		<SimpleData name="distance_m">379.000</SimpleData>
		<SimpleData name="latitude">37.2885835922</SimpleData>
		<SimpleData name="longitude">127.1072010413</SimpleData>
		<SimpleData name="utm_easting_m">332216.6088</SimpleData>
		<SimpleData name="utm_northing_m">4128566.0196</SimpleData>
		<SimpleData name="utm_zone">52N</SimpleData>
		<SimpleData name="target_speed">0.300</SimpleData>
	</SchemaData></ExtendedData>
      <Point><coordinates>127.1072010413,37.2885835922</coordinates></Point>
  </Placemark>
  <Placemark>
	<ExtendedData><SchemaData schemaUrl="#competition_route_right_center_1m">
		<SimpleData name="index">380</SimpleData>
		<SimpleData name="distance_m">380.000</SimpleData>
		<SimpleData name="latitude">37.2885921022</SimpleData>
		<SimpleData name="longitude">127.107204749</SimpleData>
		<SimpleData name="utm_easting_m">332216.9563</SimpleData>
		<SimpleData name="utm_northing_m">4128566.9573</SimpleData>
		<SimpleData name="utm_zone">52N</SimpleData>
		<SimpleData name="target_speed">0.300</SimpleData>
	</SchemaData></ExtendedData>
      <Point><coordinates>127.107204749,37.2885921022</coordinates></Point>
  </Placemark>
  <Placemark>
	<ExtendedData><SchemaData schemaUrl="#competition_route_right_center_1m">
		<SimpleData name="index">381</SimpleData>
		<SimpleData name="distance_m">381.000</SimpleData>
		<SimpleData name="latitude">37.2886006237</SimpleData>
		<SimpleData name="longitude">127.107208415</SimpleData>
		<SimpleData name="utm_easting_m">332217.3003</SimpleData>
		<SimpleData name="utm_northing_m">4128567.8963</SimpleData>
		<SimpleData name="utm_zone">52N</SimpleData>
		<SimpleData name="target_speed">0.300</SimpleData>
	</SchemaData></ExtendedData>
      <Point><coordinates>127.107208415,37.2886006237</coordinates></Point>
  </Placemark>
  <Placemark>
	<ExtendedData><SchemaData schemaUrl="#competition_route_right_center_1m">
		<SimpleData name="index">382</SimpleData>
		<SimpleData name="distance_m">382.000</SimpleData>
		<SimpleData name="latitude">37.2886091622</SimpleData>
		<SimpleData name="longitude">127.1072120187</SimpleData>
		<SimpleData name="utm_easting_m">332217.6387</SimpleData>
		<SimpleData name="utm_northing_m">4128568.8372</SimpleData>
		<SimpleData name="utm_zone">52N</SimpleData>
		<SimpleData name="target_speed">0.300</SimpleData>
	</SchemaData></ExtendedData>
      <Point><coordinates>127.1072120187,37.2886091622</coordinates></Point>
  </Placemark>
  <Placemark>
	<ExtendedData><SchemaData schemaUrl="#competition_route_right_center_1m">
		<SimpleData name="index">383</SimpleData>
		<SimpleData name="distance_m">383.000</SimpleData>
		<SimpleData name="latitude">37.2886177129</SimpleData>
		<SimpleData name="longitude">127.1072155763</SimpleData>
		<SimpleData name="utm_easting_m">332217.9731</SimpleData>
		<SimpleData name="utm_northing_m">4128569.7797</SimpleData>
		<SimpleData name="utm_zone">52N</SimpleData>
		<SimpleData name="target_speed">0.300</SimpleData>
	</SchemaData></ExtendedData>
      <Point><coordinates>127.1072155763,37.2886177129</coordinates></Point>
  </Placemark>
  <Placemark>
	<ExtendedData><SchemaData schemaUrl="#competition_route_right_center_1m">
		<SimpleData name="index">384</SimpleData>
		<SimpleData name="distance_m">384.000</SimpleData>
		<SimpleData name="latitude">37.2886262752</SimpleData>
		<SimpleData name="longitude">127.1072190903</SimpleData>
		<SimpleData name="utm_easting_m">332218.3036</SimpleData>
		<SimpleData name="utm_northing_m">4128570.7235</SimpleData>
		<SimpleData name="utm_zone">52N</SimpleData>
		<SimpleData name="target_speed">0.300</SimpleData>
	</SchemaData></ExtendedData>
      <Point><coordinates>127.1072190903,37.2886262752</coordinates></Point>
  </Placemark>
  <Placemark>
	<ExtendedData><SchemaData schemaUrl="#competition_route_right_center_1m">
		<SimpleData name="index">385</SimpleData>
		<SimpleData name="distance_m">385.000</SimpleData>
		<SimpleData name="latitude">37.2886348623</SimpleData>
		<SimpleData name="longitude">127.1072225079</SimpleData>
		<SimpleData name="utm_easting_m">332218.6257</SimpleData>
		<SimpleData name="utm_northing_m">4128571.6702</SimpleData>
		<SimpleData name="utm_zone">52N</SimpleData>
		<SimpleData name="target_speed">0.300</SimpleData>
	</SchemaData></ExtendedData>
      <Point><coordinates>127.1072225079,37.2886348623</coordinates></Point>
  </Placemark>
  <Placemark>
	<ExtendedData><SchemaData schemaUrl="#competition_route_right_center_1m">
		<SimpleData name="index">386</SimpleData>
		<SimpleData name="distance_m">386.000</SimpleData>
		<SimpleData name="latitude">37.2886434856</SimpleData>
		<SimpleData name="longitude">127.1072257795</SimpleData>
		<SimpleData name="utm_easting_m">332218.9349</SimpleData>
		<SimpleData name="utm_northing_m">4128572.6212</SimpleData>
		<SimpleData name="utm_zone">52N</SimpleData>
		<SimpleData name="target_speed">0.300</SimpleData>
	</SchemaData></ExtendedData>
      <Point><coordinates>127.1072257795,37.2886434856</coordinates></Point>
  </Placemark>
  <Placemark>
	<ExtendedData><SchemaData schemaUrl="#competition_route_right_center_1m">
		<SimpleData name="index">387</SimpleData>
		<SimpleData name="distance_m">387.000</SimpleData>
		<SimpleData name="latitude">37.2886521708</SimpleData>
		<SimpleData name="longitude">127.1072287819</SimpleData>
		<SimpleData name="utm_easting_m">332219.2203</SimpleData>
		<SimpleData name="utm_northing_m">4128573.5795</SimpleData>
		<SimpleData name="utm_zone">52N</SimpleData>
		<SimpleData name="target_speed">0.300</SimpleData>
	</SchemaData></ExtendedData>
      <Point><coordinates>127.1072287819,37.2886521708</coordinates></Point>
  </Placemark>
  <Placemark>
	<ExtendedData><SchemaData schemaUrl="#competition_route_right_center_1m">
		<SimpleData name="index">388</SimpleData>
		<SimpleData name="distance_m">388.000</SimpleData>
		<SimpleData name="latitude">37.2886609524</SimpleData>
		<SimpleData name="longitude">127.1072313027</SimpleData>
		<SimpleData name="utm_easting_m">332219.4633</SimpleData>
		<SimpleData name="utm_northing_m">4128574.5494</SimpleData>
		<SimpleData name="utm_zone">52N</SimpleData>
		<SimpleData name="target_speed">0.300</SimpleData>
	</SchemaData></ExtendedData>
      <Point><coordinates>127.1072313027,37.2886609524</coordinates></Point>
  </Placemark>
  <Placemark>
	<ExtendedData><SchemaData schemaUrl="#competition_route_right_center_1m">
		<SimpleData name="index">389</SimpleData>
		<SimpleData name="distance_m">389.000</SimpleData>
		<SimpleData name="latitude">37.2886698472</SimpleData>
		<SimpleData name="longitude">127.1072330874</SimpleData>
		<SimpleData name="utm_easting_m">332219.6413</SimpleData>
		<SimpleData name="utm_northing_m">4128575.5331</SimpleData>
		<SimpleData name="utm_zone">52N</SimpleData>
		<SimpleData name="target_speed">0.300</SimpleData>
	</SchemaData></ExtendedData>
      <Point><coordinates>127.1072330874,37.2886698472</coordinates></Point>
  </Placemark>
  <Placemark>
	<ExtendedData><SchemaData schemaUrl="#competition_route_right_center_1m">
		<SimpleData name="index">390</SimpleData>
		<SimpleData name="distance_m">390.000</SimpleData>
		<SimpleData name="latitude">37.2886788344</SimpleData>
		<SimpleData name="longitude">127.1072338292</SimpleData>
		<SimpleData name="utm_easting_m">332219.7270</SimpleData>
		<SimpleData name="utm_northing_m">4128576.5290</SimpleData>
		<SimpleData name="utm_zone">52N</SimpleData>
		<SimpleData name="target_speed">0.300</SimpleData>
	</SchemaData></ExtendedData>
      <Point><coordinates>127.1072338292,37.2886788344</coordinates></Point>
  </Placemark>
  <Placemark>
	<ExtendedData><SchemaData schemaUrl="#competition_route_right_center_1m">
		<SimpleData name="index">391</SimpleData>
		<SimpleData name="distance_m">391.000</SimpleData>
		<SimpleData name="latitude">37.2886878316</SimpleData>
		<SimpleData name="longitude">127.1072333512</SimpleData>
		<SimpleData name="utm_easting_m">332219.7046</SimpleData>
		<SimpleData name="utm_northing_m">4128577.5281</SimpleData>
		<SimpleData name="utm_zone">52N</SimpleData>
		<SimpleData name="target_speed">0.300</SimpleData>
	</SchemaData></ExtendedData>
      <Point><coordinates>127.1072333512,37.2886878316</coordinates></Point>
  </Placemark>
  <Placemark>
	<ExtendedData><SchemaData schemaUrl="#competition_route_right_center_1m">
		<SimpleData name="index">392</SimpleData>
		<SimpleData name="distance_m">392.000</SimpleData>
		<SimpleData name="latitude">37.288696726</SimpleData>
		<SimpleData name="longitude">127.1072315841</SimpleData>
		<SimpleData name="utm_easting_m">332219.5677</SimpleData>
		<SimpleData name="utm_northing_m">4128578.5181</SimpleData>
		<SimpleData name="utm_zone">52N</SimpleData>
		<SimpleData name="target_speed">0.300</SimpleData>
	</SchemaData></ExtendedData>
      <Point><coordinates>127.1072315841,37.288696726</coordinates></Point>
  </Placemark>
  <Placemark>
	<ExtendedData><SchemaData schemaUrl="#competition_route_right_center_1m">
		<SimpleData name="index">393</SimpleData>
		<SimpleData name="distance_m">393.000</SimpleData>
		<SimpleData name="latitude">37.2887054158</SimpleData>
		<SimpleData name="longitude">127.1072286209</SimpleData>
		<SimpleData name="utm_easting_m">332219.3244</SimpleData>
		<SimpleData name="utm_northing_m">4128579.4876</SimpleData>
		<SimpleData name="utm_zone">52N</SimpleData>
		<SimpleData name="target_speed">0.300</SimpleData>
	</SchemaData></ExtendedData>
      <Point><coordinates>127.1072286209,37.2887054158</coordinates></Point>
  </Placemark>
  <Placemark>
	<ExtendedData><SchemaData schemaUrl="#competition_route_right_center_1m">
		<SimpleData name="index">394</SimpleData>
		<SimpleData name="distance_m">394.000</SimpleData>
		<SimpleData name="latitude">37.2887138384</SimpleData>
		<SimpleData name="longitude">127.107224625</SimpleData>
		<SimpleData name="utm_easting_m">332218.9888</SimpleData>
		<SimpleData name="utm_northing_m">4128580.4292</SimpleData>
		<SimpleData name="utm_zone">52N</SimpleData>
		<SimpleData name="target_speed">0.300</SimpleData>
	</SchemaData></ExtendedData>
      <Point><coordinates>127.107224625,37.2887138384</coordinates></Point>
  </Placemark>
  <Placemark>
	<ExtendedData><SchemaData schemaUrl="#competition_route_right_center_1m">
		<SimpleData name="index">395</SimpleData>
		<SimpleData name="distance_m">395.000</SimpleData>
		<SimpleData name="latitude">37.2887219347</SimpleData>
		<SimpleData name="longitude">127.1072196838</SimpleData>
		<SimpleData name="utm_easting_m">332218.5688</SimpleData>
		<SimpleData name="utm_northing_m">4128581.3363</SimpleData>
		<SimpleData name="utm_zone">52N</SimpleData>
		<SimpleData name="target_speed">0.300</SimpleData>
	</SchemaData></ExtendedData>
      <Point><coordinates>127.1072196838,37.2887219347</coordinates></Point>
  </Placemark>
  <Placemark>
	<ExtendedData><SchemaData schemaUrl="#competition_route_right_center_1m">
		<SimpleData name="index">396</SimpleData>
		<SimpleData name="distance_m">396.000</SimpleData>
		<SimpleData name="latitude">37.2887296249</SimpleData>
		<SimpleData name="longitude">127.1072138152</SimpleData>
		<SimpleData name="utm_easting_m">332218.0656</SimpleData>
		<SimpleData name="utm_northing_m">4128582.2000</SimpleData>
		<SimpleData name="utm_zone">52N</SimpleData>
		<SimpleData name="target_speed">0.300</SimpleData>
	</SchemaData></ExtendedData>
      <Point><coordinates>127.1072138152,37.2887296249</coordinates></Point>
  </Placemark>
  <Placemark>
	<ExtendedData><SchemaData schemaUrl="#competition_route_right_center_1m">
		<SimpleData name="index">397</SimpleData>
		<SimpleData name="distance_m">397.000</SimpleData>
		<SimpleData name="latitude">37.2887368034</SimpleData>
		<SimpleData name="longitude">127.1072070073</SimpleData>
		<SimpleData name="utm_easting_m">332217.4780</SimpleData>
		<SimpleData name="utm_northing_m">4128583.0086</SimpleData>
		<SimpleData name="utm_zone">52N</SimpleData>
		<SimpleData name="target_speed">0.300</SimpleData>
	</SchemaData></ExtendedData>
      <Point><coordinates>127.1072070073,37.2887368034</coordinates></Point>
  </Placemark>
  <Placemark>
	<ExtendedData><SchemaData schemaUrl="#competition_route_right_center_1m">
		<SimpleData name="index">398</SimpleData>
		<SimpleData name="distance_m">398.000</SimpleData>
		<SimpleData name="latitude">37.2887434178</SimpleData>
		<SimpleData name="longitude">127.1071993548</SimpleData>
		<SimpleData name="utm_easting_m">332216.8143</SimpleData>
		<SimpleData name="utm_northing_m">4128583.7560</SimpleData>
		<SimpleData name="utm_zone">52N</SimpleData>
		<SimpleData name="target_speed">0.300</SimpleData>
	</SchemaData></ExtendedData>
      <Point><coordinates>127.1071993548,37.2887434178</coordinates></Point>
  </Placemark>
  <Placemark>
	<ExtendedData><SchemaData schemaUrl="#competition_route_right_center_1m">
		<SimpleData name="index">399</SimpleData>
		<SimpleData name="distance_m">399.000</SimpleData>
		<SimpleData name="latitude">37.2887495207</SimpleData>
		<SimpleData name="longitude">127.1071910605</SimpleData>
		<SimpleData name="utm_easting_m">332216.0925</SimpleData>
		<SimpleData name="utm_northing_m">4128584.4479</SimpleData>
		<SimpleData name="utm_zone">52N</SimpleData>
		<SimpleData name="target_speed">0.300</SimpleData>
	</SchemaData></ExtendedData>
      <Point><coordinates>127.1071910605,37.2887495207</coordinates></Point>
  </Placemark>
  <Placemark>
	<ExtendedData><SchemaData schemaUrl="#competition_route_right_center_1m">
		<SimpleData name="index">400</SimpleData>
		<SimpleData name="distance_m">400.000</SimpleData>
		<SimpleData name="latitude">37.2887551987</SimpleData>
		<SimpleData name="longitude">127.1071823054</SimpleData>
		<SimpleData name="utm_easting_m">332215.3290</SimpleData>
		<SimpleData name="utm_northing_m">4128585.0934</SimpleData>
		<SimpleData name="utm_zone">52N</SimpleData>
		<SimpleData name="target_speed">0.300</SimpleData>
	</SchemaData></ExtendedData>
      <Point><coordinates>127.1071823054,37.2887551987</coordinates></Point>
  </Placemark>
  <Placemark>
	<ExtendedData><SchemaData schemaUrl="#competition_route_right_center_1m">
		<SimpleData name="index">401</SimpleData>
		<SimpleData name="distance_m">401.000</SimpleData>
		<SimpleData name="latitude">37.2887604314</SimpleData>
		<SimpleData name="longitude">127.1071731263</SimpleData>
		<SimpleData name="utm_easting_m">332214.5269</SimpleData>
		<SimpleData name="utm_northing_m">4128585.6903</SimpleData>
		<SimpleData name="utm_zone">52N</SimpleData>
		<SimpleData name="target_speed">0.300</SimpleData>
	</SchemaData></ExtendedData>
      <Point><coordinates>127.1071731263,37.2887604314</coordinates></Point>
  </Placemark>
  <Placemark>
	<ExtendedData><SchemaData schemaUrl="#competition_route_right_center_1m">
		<SimpleData name="index">402</SimpleData>
		<SimpleData name="distance_m">402.000</SimpleData>
		<SimpleData name="latitude">37.2887652633</SimpleData>
		<SimpleData name="longitude">127.107163608</SimpleData>
		<SimpleData name="utm_easting_m">332213.6938</SimpleData>
		<SimpleData name="utm_northing_m">4128586.2434</SimpleData>
		<SimpleData name="utm_zone">52N</SimpleData>
		<SimpleData name="target_speed">0.300</SimpleData>
	</SchemaData></ExtendedData>
      <Point><coordinates>127.107163608,37.2887652633</coordinates></Point>
  </Placemark>
  <Placemark>
	<ExtendedData><SchemaData schemaUrl="#competition_route_right_center_1m">
		<SimpleData name="index">403</SimpleData>
		<SimpleData name="distance_m">403.000</SimpleData>
		<SimpleData name="latitude">37.2887698498</SimpleData>
		<SimpleData name="longitude">127.1071539006</SimpleData>
		<SimpleData name="utm_easting_m">332212.8434</SimpleData>
		<SimpleData name="utm_northing_m">4128586.7695</SimpleData>
		<SimpleData name="utm_zone">52N</SimpleData>
		<SimpleData name="target_speed">0.300</SimpleData>
	</SchemaData></ExtendedData>
      <Point><coordinates>127.1071539006,37.2887698498</coordinates></Point>
  </Placemark>
  <Placemark>
	<ExtendedData><SchemaData schemaUrl="#competition_route_right_center_1m">
		<SimpleData name="index">404</SimpleData>
		<SimpleData name="distance_m">404.000</SimpleData>
		<SimpleData name="latitude">37.2887743127</SimpleData>
		<SimpleData name="longitude">127.1071441033</SimpleData>
		<SimpleData name="utm_easting_m">332211.9848</SimpleData>
		<SimpleData name="utm_northing_m">4128587.2821</SimpleData>
		<SimpleData name="utm_zone">52N</SimpleData>
		<SimpleData name="target_speed">0.300</SimpleData>
	</SchemaData></ExtendedData>
      <Point><coordinates>127.1071441033,37.2887743127</coordinates></Point>
  </Placemark>
  <Placemark>
	<ExtendedData><SchemaData schemaUrl="#competition_route_right_center_1m">
		<SimpleData name="index">405</SimpleData>
		<SimpleData name="distance_m">405.000</SimpleData>
		<SimpleData name="latitude">37.2887787066</SimpleData>
		<SimpleData name="longitude">127.1071342571</SimpleData>
		<SimpleData name="utm_easting_m">332211.1217</SimpleData>
		<SimpleData name="utm_northing_m">4128587.7871</SimpleData>
		<SimpleData name="utm_zone">52N</SimpleData>
		<SimpleData name="target_speed">0.300</SimpleData>
	</SchemaData></ExtendedData>
      <Point><coordinates>127.1071342571,37.2887787066</coordinates></Point>
  </Placemark>
  <Placemark>
	<ExtendedData><SchemaData schemaUrl="#competition_route_right_center_1m">
		<SimpleData name="index">406</SimpleData>
		<SimpleData name="distance_m">406.000</SimpleData>
		<SimpleData name="latitude">37.2887830316</SimpleData>
		<SimpleData name="longitude">127.1071243633</SimpleData>
		<SimpleData name="utm_easting_m">332210.2542</SimpleData>
		<SimpleData name="utm_northing_m">4128588.2845</SimpleData>
		<SimpleData name="utm_zone">52N</SimpleData>
		<SimpleData name="target_speed">0.300</SimpleData>
	</SchemaData></ExtendedData>
      <Point><coordinates>127.1071243633,37.2887830316</coordinates></Point>
  </Placemark>
  <Placemark>
	<ExtendedData><SchemaData schemaUrl="#competition_route_right_center_1m">
		<SimpleData name="index">407</SimpleData>
		<SimpleData name="distance_m">407.000</SimpleData>
		<SimpleData name="latitude">37.2887872874</SimpleData>
		<SimpleData name="longitude">127.1071144226</SimpleData>
		<SimpleData name="utm_easting_m">332209.3824</SimpleData>
		<SimpleData name="utm_northing_m">4128588.7743</SimpleData>
		<SimpleData name="utm_zone">52N</SimpleData>
		<SimpleData name="target_speed">0.300</SimpleData>
	</SchemaData></ExtendedData>
      <Point><coordinates>127.1071144226,37.2887872874</coordinates></Point>
  </Placemark>
  <Placemark>
	<ExtendedData><SchemaData schemaUrl="#competition_route_right_center_1m">
		<SimpleData name="index">408</SimpleData>
		<SimpleData name="distance_m">408.000</SimpleData>
		<SimpleData name="latitude">37.2887914512</SimpleData>
		<SimpleData name="longitude">127.1071044211</SimpleData>
		<SimpleData name="utm_easting_m">332208.5050</SimpleData>
		<SimpleData name="utm_northing_m">4128589.2541</SimpleData>
		<SimpleData name="utm_zone">52N</SimpleData>
		<SimpleData name="target_speed">0.300</SimpleData>
	</SchemaData></ExtendedData>
      <Point><coordinates>127.1071044211,37.2887914512</coordinates></Point>
  </Placemark>
  <Placemark>
	<ExtendedData><SchemaData schemaUrl="#competition_route_right_center_1m">
		<SimpleData name="index">409</SimpleData>
		<SimpleData name="distance_m">409.000</SimpleData>
		<SimpleData name="latitude">37.288795508</SimpleData>
		<SimpleData name="longitude">127.1070943509</SimpleData>
		<SimpleData name="utm_easting_m">332207.6213</SimpleData>
		<SimpleData name="utm_northing_m">4128589.7221</SimpleData>
		<SimpleData name="utm_zone">52N</SimpleData>
		<SimpleData name="target_speed">0.300</SimpleData>
	</SchemaData></ExtendedData>
      <Point><coordinates>127.1070943509,37.288795508</coordinates></Point>
  </Placemark>
  <Placemark>
	<ExtendedData><SchemaData schemaUrl="#competition_route_right_center_1m">
		<SimpleData name="index">410</SimpleData>
		<SimpleData name="distance_m">410.000</SimpleData>
		<SimpleData name="latitude">37.288799444</SimpleData>
		<SimpleData name="longitude">127.1070842059</SimpleData>
		<SimpleData name="utm_easting_m">332206.7306</SimpleData>
		<SimpleData name="utm_northing_m">4128590.1768</SimpleData>
		<SimpleData name="utm_zone">52N</SimpleData>
		<SimpleData name="target_speed">0.300</SimpleData>
	</SchemaData></ExtendedData>
      <Point><coordinates>127.1070842059,37.288799444</coordinates></Point>
  </Placemark>
  <Placemark>
	<ExtendedData><SchemaData schemaUrl="#competition_route_right_center_1m">
		<SimpleData name="index">411</SimpleData>
		<SimpleData name="distance_m">411.000</SimpleData>
		<SimpleData name="latitude">37.2888032569</SimpleData>
		<SimpleData name="longitude">127.1070739876</SimpleData>
		<SimpleData name="utm_easting_m">332205.8332</SimpleData>
		<SimpleData name="utm_northing_m">4128590.6180</SimpleData>
		<SimpleData name="utm_zone">52N</SimpleData>
		<SimpleData name="target_speed">0.300</SimpleData>
	</SchemaData></ExtendedData>
      <Point><coordinates>127.1070739876,37.2888032569</coordinates></Point>
  </Placemark>
  <Placemark>
	<ExtendedData><SchemaData schemaUrl="#competition_route_right_center_1m">
		<SimpleData name="index">412</SimpleData>
		<SimpleData name="distance_m">412.000</SimpleData>
		<SimpleData name="latitude">37.2888069627</SimpleData>
		<SimpleData name="longitude">127.1070637077</SimpleData>
		<SimpleData name="utm_easting_m">332204.9301</SimpleData>
		<SimpleData name="utm_northing_m">4128591.0474</SimpleData>
		<SimpleData name="utm_zone">52N</SimpleData>
		<SimpleData name="target_speed">0.300</SimpleData>
	</SchemaData></ExtendedData>
      <Point><coordinates>127.1070637077,37.2888069627</coordinates></Point>
  </Placemark>
  <Placemark>
	<ExtendedData><SchemaData schemaUrl="#competition_route_right_center_1m">
		<SimpleData name="index">413</SimpleData>
		<SimpleData name="distance_m">413.000</SimpleData>
		<SimpleData name="latitude">37.2888105863</SimpleData>
		<SimpleData name="longitude">127.107053382</SimpleData>
		<SimpleData name="utm_easting_m">332204.0228</SimpleData>
		<SimpleData name="utm_northing_m">4128591.4678</SimpleData>
		<SimpleData name="utm_zone">52N</SimpleData>
		<SimpleData name="target_speed">0.300</SimpleData>
	</SchemaData></ExtendedData>
      <Point><coordinates>127.107053382,37.2888105863</coordinates></Point>
  </Placemark>
  <Placemark>
	<ExtendedData><SchemaData schemaUrl="#competition_route_right_center_1m">
		<SimpleData name="index">414</SimpleData>
		<SimpleData name="distance_m">414.000</SimpleData>
		<SimpleData name="latitude">37.2888141709</SimpleData>
		<SimpleData name="longitude">127.1070430348</SimpleData>
		<SimpleData name="utm_easting_m">332203.1135</SimpleData>
		<SimpleData name="utm_northing_m">4128591.8839</SimpleData>
		<SimpleData name="utm_zone">52N</SimpleData>
		<SimpleData name="target_speed">0.300</SimpleData>
	</SchemaData></ExtendedData>
      <Point><coordinates>127.1070430348,37.2888141709</coordinates></Point>
  </Placemark>
  <Placemark>
	<ExtendedData><SchemaData schemaUrl="#competition_route_right_center_1m">
		<SimpleData name="index">415</SimpleData>
		<SimpleData name="distance_m">415.000</SimpleData>
		<SimpleData name="latitude">37.2888177622</SimpleData>
		<SimpleData name="longitude">127.1070326914</SimpleData>
		<SimpleData name="utm_easting_m">332202.2045</SimpleData>
		<SimpleData name="utm_northing_m">4128592.3007</SimpleData>
		<SimpleData name="utm_zone">52N</SimpleData>
		<SimpleData name="target_speed">0.300</SimpleData>
	</SchemaData></ExtendedData>
      <Point><coordinates>127.1070326914,37.2888177622</coordinates></Point>
  </Placemark>
  <Placemark>
	<ExtendedData><SchemaData schemaUrl="#competition_route_right_center_1m">
		<SimpleData name="index">416</SimpleData>
		<SimpleData name="distance_m">416.000</SimpleData>
		<SimpleData name="latitude">37.2888213949</SimpleData>
		<SimpleData name="longitude">127.1070223706</SimpleData>
		<SimpleData name="utm_easting_m">332201.2976</SimpleData>
		<SimpleData name="utm_northing_m">4128592.7221</SimpleData>
		<SimpleData name="utm_zone">52N</SimpleData>
		<SimpleData name="target_speed">0.300</SimpleData>
	</SchemaData></ExtendedData>
      <Point><coordinates>127.1070223706,37.2888213949</coordinates></Point>
  </Placemark>
  <Placemark>
	<ExtendedData><SchemaData schemaUrl="#competition_route_right_center_1m">
		<SimpleData name="index">417</SimpleData>
		<SimpleData name="distance_m">417.000</SimpleData>
		<SimpleData name="latitude">37.288825072</SimpleData>
		<SimpleData name="longitude">127.1070120745</SimpleData>
		<SimpleData name="utm_easting_m">332200.3930</SimpleData>
		<SimpleData name="utm_northing_m">4128593.1484</SimpleData>
		<SimpleData name="utm_zone">52N</SimpleData>
		<SimpleData name="target_speed">0.300</SimpleData>
	</SchemaData></ExtendedData>
      <Point><coordinates>127.1070120745,37.288825072</coordinates></Point>
  </Placemark>
  <Placemark>
	<ExtendedData><SchemaData schemaUrl="#competition_route_right_center_1m">
		<SimpleData name="index">418</SimpleData>
		<SimpleData name="distance_m">418.000</SimpleData>
		<SimpleData name="latitude">37.2888287659</SimpleData>
		<SimpleData name="longitude">127.1070017878</SimpleData>
		<SimpleData name="utm_easting_m">332199.4893</SimpleData>
		<SimpleData name="utm_northing_m">4128593.5765</SimpleData>
		<SimpleData name="utm_zone">52N</SimpleData>
		<SimpleData name="target_speed">0.300</SimpleData>
	</SchemaData></ExtendedData>
      <Point><coordinates>127.1070017878,37.2888287659</coordinates></Point>
  </Placemark>
  <Placemark>
	<ExtendedData><SchemaData schemaUrl="#competition_route_right_center_1m">
		<SimpleData name="index">419</SimpleData>
		<SimpleData name="distance_m">419.000</SimpleData>
		<SimpleData name="latitude">37.288832424</SimpleData>
		<SimpleData name="longitude">127.1069914811</SimpleData>
		<SimpleData name="utm_easting_m">332198.5837</SimpleData>
		<SimpleData name="utm_northing_m">4128594.0007</SimpleData>
		<SimpleData name="utm_zone">52N</SimpleData>
		<SimpleData name="target_speed">0.300</SimpleData>
	</SchemaData></ExtendedData>
      <Point><coordinates>127.1069914811,37.288832424</coordinates></Point>
  </Placemark>
  <Placemark>
	<ExtendedData><SchemaData schemaUrl="#competition_route_right_center_1m">
		<SimpleData name="index">420</SimpleData>
		<SimpleData name="distance_m">420.000</SimpleData>
		<SimpleData name="latitude">37.2888359807</SimpleData>
		<SimpleData name="longitude">127.1069811191</SimpleData>
		<SimpleData name="utm_easting_m">332197.6730</SimpleData>
		<SimpleData name="utm_northing_m">4128594.4137</SimpleData>
		<SimpleData name="utm_zone">52N</SimpleData>
		<SimpleData name="target_speed">0.300</SimpleData>
	</SchemaData></ExtendedData>
      <Point><coordinates>127.1069811191,37.2888359807</coordinates></Point>
  </Placemark>
  <Placemark>
	<ExtendedData><SchemaData schemaUrl="#competition_route_right_center_1m">
		<SimpleData name="index">421</SimpleData>
		<SimpleData name="distance_m">421.000</SimpleData>
		<SimpleData name="latitude">37.2888394249</SimpleData>
		<SimpleData name="longitude">127.1069706976</SimpleData>
		<SimpleData name="utm_easting_m">332196.7568</SimpleData>
		<SimpleData name="utm_northing_m">4128594.8144</SimpleData>
		<SimpleData name="utm_zone">52N</SimpleData>
		<SimpleData name="target_speed">0.300</SimpleData>
	</SchemaData></ExtendedData>
      <Point><coordinates>127.1069706976,37.2888394249</coordinates></Point>
  </Placemark>
  <Placemark>
	<ExtendedData><SchemaData schemaUrl="#competition_route_right_center_1m">
		<SimpleData name="index">422</SimpleData>
		<SimpleData name="distance_m">422.000</SimpleData>
		<SimpleData name="latitude">37.2888428264</SimpleData>
		<SimpleData name="longitude">127.1069602541</SimpleData>
		<SimpleData name="utm_easting_m">332195.8385</SimpleData>
		<SimpleData name="utm_northing_m">4128595.2103</SimpleData>
		<SimpleData name="utm_zone">52N</SimpleData>
		<SimpleData name="target_speed">0.300</SimpleData>
	</SchemaData></ExtendedData>
      <Point><coordinates>127.1069602541,37.2888428264</coordinates></Point>
  </Placemark>
  <Placemark>
	<ExtendedData><SchemaData schemaUrl="#competition_route_right_center_1m">
		<SimpleData name="index">423</SimpleData>
		<SimpleData name="distance_m">423.000</SimpleData>
		<SimpleData name="latitude">37.2888462769</SimpleData>
		<SimpleData name="longitude">127.1069498359</SimpleData>
		<SimpleData name="utm_easting_m">332194.9226</SimpleData>
		<SimpleData name="utm_northing_m">4128595.6117</SimpleData>
		<SimpleData name="utm_zone">52N</SimpleData>
		<SimpleData name="target_speed">0.300</SimpleData>
	</SchemaData></ExtendedData>
      <Point><coordinates>127.1069498359,37.2888462769</coordinates></Point>
  </Placemark>
  <Placemark>
	<ExtendedData><SchemaData schemaUrl="#competition_route_right_center_1m">
		<SimpleData name="index">424</SimpleData>
		<SimpleData name="distance_m">424.000</SimpleData>
		<SimpleData name="latitude">37.2888497835</SimpleData>
		<SimpleData name="longitude">127.1069394471</SimpleData>
		<SimpleData name="utm_easting_m">332194.0094</SimpleData>
		<SimpleData name="utm_northing_m">4128596.0192</SimpleData>
		<SimpleData name="utm_zone">52N</SimpleData>
		<SimpleData name="target_speed">0.300</SimpleData>
	</SchemaData></ExtendedData>
      <Point><coordinates>127.1069394471,37.2888497835</coordinates></Point>
  </Placemark>
  <Placemark>
	<ExtendedData><SchemaData schemaUrl="#competition_route_right_center_1m">
		<SimpleData name="index">425</SimpleData>
		<SimpleData name="distance_m">425.000</SimpleData>
		<SimpleData name="latitude">37.2888532674</SimpleData>
		<SimpleData name="longitude">127.1069290462</SimpleData>
		<SimpleData name="utm_easting_m">332193.0951</SimpleData>
		<SimpleData name="utm_northing_m">4128596.4242</SimpleData>
		<SimpleData name="utm_zone">52N</SimpleData>
		<SimpleData name="target_speed">0.300</SimpleData>
	</SchemaData></ExtendedData>
      <Point><coordinates>127.1069290462,37.2888532674</coordinates></Point>
  </Placemark>
  <Placemark>
	<ExtendedData><SchemaData schemaUrl="#competition_route_right_center_1m">
		<SimpleData name="index">426</SimpleData>
		<SimpleData name="distance_m">426.000</SimpleData>
		<SimpleData name="latitude">37.2888566885</SimpleData>
		<SimpleData name="longitude">127.1069186128</SimpleData>
		<SimpleData name="utm_easting_m">332192.1778</SimpleData>
		<SimpleData name="utm_northing_m">4128596.8223</SimpleData>
		<SimpleData name="utm_zone">52N</SimpleData>
		<SimpleData name="target_speed">0.300</SimpleData>
	</SchemaData></ExtendedData>
      <Point><coordinates>127.1069186128,37.2888566885</coordinates></Point>
  </Placemark>
  <Placemark>
	<ExtendedData><SchemaData schemaUrl="#competition_route_right_center_1m">
		<SimpleData name="index">427</SimpleData>
		<SimpleData name="distance_m">427.000</SimpleData>
		<SimpleData name="latitude">37.2888600613</SimpleData>
		<SimpleData name="longitude">127.1069081547</SimpleData>
		<SimpleData name="utm_easting_m">332191.2581</SimpleData>
		<SimpleData name="utm_northing_m">4128597.2151</SimpleData>
		<SimpleData name="utm_zone">52N</SimpleData>
		<SimpleData name="target_speed">0.300</SimpleData>
	</SchemaData></ExtendedData>
      <Point><coordinates>127.1069081547,37.2888600613</coordinates></Point>
  </Placemark>
  <Placemark>
	<ExtendedData><SchemaData schemaUrl="#competition_route_right_center_1m">
		<SimpleData name="index">428</SimpleData>
		<SimpleData name="distance_m">428.000</SimpleData>
		<SimpleData name="latitude">37.288863406</SimpleData>
		<SimpleData name="longitude">127.1068976826</SimpleData>
		<SimpleData name="utm_easting_m">332190.3372</SimpleData>
		<SimpleData name="utm_northing_m">4128597.6048</SimpleData>
		<SimpleData name="utm_zone">52N</SimpleData>
		<SimpleData name="target_speed">0.300</SimpleData>
	</SchemaData></ExtendedData>
      <Point><coordinates>127.1068976826,37.288863406</coordinates></Point>
  </Placemark>
  <Placemark>
	<ExtendedData><SchemaData schemaUrl="#competition_route_right_center_1m">
		<SimpleData name="index">429</SimpleData>
		<SimpleData name="distance_m">429.000</SimpleData>
		<SimpleData name="latitude">37.2888667224</SimpleData>
		<SimpleData name="longitude">127.1068871963</SimpleData>
		<SimpleData name="utm_easting_m">332189.4149</SimpleData>
		<SimpleData name="utm_northing_m">4128597.9914</SimpleData>
		<SimpleData name="utm_zone">52N</SimpleData>
		<SimpleData name="target_speed">0.300</SimpleData>
	</SchemaData></ExtendedData>
      <Point><coordinates>127.1068871963,37.2888667224</coordinates></Point>
  </Placemark>
  <Placemark>
	<ExtendedData><SchemaData schemaUrl="#competition_route_right_center_1m">
		<SimpleData name="index">430</SimpleData>
		<SimpleData name="distance_m">430.000</SimpleData>
		<SimpleData name="latitude">37.2888700123</SimpleData>
		<SimpleData name="longitude">127.106876697</SimpleData>
		<SimpleData name="utm_easting_m">332188.4915</SimpleData>
		<SimpleData name="utm_northing_m">4128598.3751</SimpleData>
		<SimpleData name="utm_zone">52N</SimpleData>
		<SimpleData name="target_speed">0.300</SimpleData>
	</SchemaData></ExtendedData>
      <Point><coordinates>127.106876697,37.2888700123</coordinates></Point>
  </Placemark>
  <Placemark>
	<ExtendedData><SchemaData schemaUrl="#competition_route_right_center_1m">
		<SimpleData name="index">431</SimpleData>
		<SimpleData name="distance_m">431.000</SimpleData>
		<SimpleData name="latitude">37.288873297</SimpleData>
		<SimpleData name="longitude">127.1068661951</SimpleData>
		<SimpleData name="utm_easting_m">332187.5678</SimpleData>
		<SimpleData name="utm_northing_m">4128598.7582</SimpleData>
		<SimpleData name="utm_zone">52N</SimpleData>
		<SimpleData name="target_speed">0.300</SimpleData>
	</SchemaData></ExtendedData>
      <Point><coordinates>127.1068661951,37.288873297</coordinates></Point>
  </Placemark>
  <Placemark>
	<ExtendedData><SchemaData schemaUrl="#competition_route_right_center_1m">
		<SimpleData name="index">432</SimpleData>
		<SimpleData name="distance_m">432.000</SimpleData>
		<SimpleData name="latitude">37.2888765712</SimpleData>
		<SimpleData name="longitude">127.1068556881</SimpleData>
		<SimpleData name="utm_easting_m">332186.6436</SimpleData>
		<SimpleData name="utm_northing_m">4128599.1401</SimpleData>
		<SimpleData name="utm_zone">52N</SimpleData>
		<SimpleData name="target_speed">0.300</SimpleData>
	</SchemaData></ExtendedData>
      <Point><coordinates>127.1068556881,37.2888765712</coordinates></Point>
  </Placemark>
  <Placemark>
	<ExtendedData><SchemaData schemaUrl="#competition_route_right_center_1m">
		<SimpleData name="index">433</SimpleData>
		<SimpleData name="distance_m">433.000</SimpleData>
		<SimpleData name="latitude">37.2888797781</SimpleData>
		<SimpleData name="longitude">127.1068451487</SimpleData>
		<SimpleData name="utm_easting_m">332185.7164</SimpleData>
		<SimpleData name="utm_northing_m">4128599.5146</SimpleData>
		<SimpleData name="utm_zone">52N</SimpleData>
		<SimpleData name="target_speed">0.300</SimpleData>
	</SchemaData></ExtendedData>
      <Point><coordinates>127.1068451487,37.2888797781</coordinates></Point>
  </Placemark>
  <Placemark>
	<ExtendedData><SchemaData schemaUrl="#competition_route_right_center_1m">
		<SimpleData name="index">434</SimpleData>
		<SimpleData name="distance_m">434.000</SimpleData>
		<SimpleData name="latitude">37.2888828552</SimpleData>
		<SimpleData name="longitude">127.106834549</SimpleData>
		<SimpleData name="utm_easting_m">332184.7835</SimpleData>
		<SimpleData name="utm_northing_m">4128599.8749</SimpleData>
		<SimpleData name="utm_zone">52N</SimpleData>
		<SimpleData name="target_speed">0.300</SimpleData>
	</SchemaData></ExtendedData>
      <Point><coordinates>127.106834549,37.2888828552</coordinates></Point>
  </Placemark>
  <Placemark>
	<ExtendedData><SchemaData schemaUrl="#competition_route_right_center_1m">
		<SimpleData name="index">435</SimpleData>
		<SimpleData name="distance_m">435.000</SimpleData>
		<SimpleData name="latitude">37.2888856752</SimpleData>
		<SimpleData name="longitude">127.1068238384</SimpleData>
		<SimpleData name="utm_easting_m">332183.8403</SimpleData>
		<SimpleData name="utm_northing_m">4128600.2068</SimpleData>
		<SimpleData name="utm_zone">52N</SimpleData>
		<SimpleData name="target_speed">0.300</SimpleData>
	</SchemaData></ExtendedData>
      <Point><coordinates>127.1068238384,37.2888856752</coordinates></Point>
  </Placemark>
  <Placemark>
	<ExtendedData><SchemaData schemaUrl="#competition_route_right_center_1m">
		<SimpleData name="index">436</SimpleData>
		<SimpleData name="distance_m">436.000</SimpleData>
		<SimpleData name="latitude">37.2888880255</SimpleData>
		<SimpleData name="longitude">127.1068129534</SimpleData>
		<SimpleData name="utm_easting_m">332182.8805</SimpleData>
		<SimpleData name="utm_northing_m">4128600.4869</SimpleData>
		<SimpleData name="utm_zone">52N</SimpleData>
		<SimpleData name="target_speed">0.300</SimpleData>
	</SchemaData></ExtendedData>
      <Point><coordinates>127.1068129534,37.2888880255</coordinates></Point>
  </Placemark>
  <Placemark>
	<ExtendedData><SchemaData schemaUrl="#competition_route_right_center_1m">
		<SimpleData name="index">437</SimpleData>
		<SimpleData name="distance_m">437.000</SimpleData>
		<SimpleData name="latitude">37.2888896637</SimpleData>
		<SimpleData name="longitude">127.1068018676</SimpleData>
		<SimpleData name="utm_easting_m">332181.9014</SimpleData>
		<SimpleData name="utm_northing_m">4128600.6883</SimpleData>
		<SimpleData name="utm_zone">52N</SimpleData>
		<SimpleData name="target_speed">0.300</SimpleData>
	</SchemaData></ExtendedData>
      <Point><coordinates>127.1068018676,37.2888896637</coordinates></Point>
  </Placemark>
  <Placemark>
	<ExtendedData><SchemaData schemaUrl="#competition_route_right_center_1m">
		<SimpleData name="index">438</SimpleData>
		<SimpleData name="distance_m">438.000</SimpleData>
		<SimpleData name="latitude">37.2888904741</SimpleData>
		<SimpleData name="longitude">127.10679064</SimpleData>
		<SimpleData name="utm_easting_m">332180.9079</SimpleData>
		<SimpleData name="utm_northing_m">4128600.7982</SimpleData>
		<SimpleData name="utm_zone">52N</SimpleData>
		<SimpleData name="target_speed">0.300</SimpleData>
	</SchemaData></ExtendedData>
      <Point><coordinates>127.10679064,37.2888904741</coordinates></Point>
  </Placemark>
  <Placemark>
	<ExtendedData><SchemaData schemaUrl="#competition_route_right_center_1m">
		<SimpleData name="index">439</SimpleData>
		<SimpleData name="distance_m">439.000</SimpleData>
		<SimpleData name="latitude">37.2888904505</SimpleData>
		<SimpleData name="longitude">127.1067793663</SimpleData>
		<SimpleData name="utm_easting_m">332179.9084</SimpleData>
		<SimpleData name="utm_northing_m">4128600.8156</SimpleData>
		<SimpleData name="utm_zone">52N</SimpleData>
		<SimpleData name="target_speed">0.300</SimpleData>
	</SchemaData></ExtendedData>
      <Point><coordinates>127.1067793663,37.2888904505</coordinates></Point>
  </Placemark>
  <Placemark>
	<ExtendedData><SchemaData schemaUrl="#competition_route_right_center_1m">
		<SimpleData name="index">440</SimpleData>
		<SimpleData name="distance_m">440.000</SimpleData>
		<SimpleData name="latitude">37.2888896152</SimpleData>
		<SimpleData name="longitude">127.1067681412</SimpleData>
		<SimpleData name="utm_easting_m">332178.9114</SimpleData>
		<SimpleData name="utm_northing_m">4128600.7428</SimpleData>
		<SimpleData name="utm_zone">52N</SimpleData>
		<SimpleData name="target_speed">0.300</SimpleData>
	</SchemaData></ExtendedData>
      <Point><coordinates>127.1067681412,37.2888896152</coordinates></Point>
  </Placemark>
  <Placemark>
	<ExtendedData><SchemaData schemaUrl="#competition_route_right_center_1m">
		<SimpleData name="index">441</SimpleData>
		<SimpleData name="distance_m">441.000</SimpleData>
		<SimpleData name="latitude">37.2888879126</SimpleData>
		<SimpleData name="longitude">127.106757072</SimpleData>
		<SimpleData name="utm_easting_m">332177.9263</SimpleData>
		<SimpleData name="utm_northing_m">4128600.5736</SimpleData>
		<SimpleData name="utm_zone">52N</SimpleData>
		<SimpleData name="target_speed">0.300</SimpleData>
	</SchemaData></ExtendedData>
      <Point><coordinates>127.106757072,37.2888879126</coordinates></Point>
  </Placemark>
  <Placemark>
	<ExtendedData><SchemaData schemaUrl="#competition_route_right_center_1m">
		<SimpleData name="index">442</SimpleData>
		<SimpleData name="distance_m">442.000</SimpleData>
		<SimpleData name="latitude">37.2888852863</SimpleData>
		<SimpleData name="longitude">127.1067462899</SimpleData>
		<SimpleData name="utm_easting_m">332176.9646</SimpleData>
		<SimpleData name="utm_northing_m">4128600.3013</SimpleData>
		<SimpleData name="utm_zone">52N</SimpleData>
		<SimpleData name="target_speed">0.300</SimpleData>
	</SchemaData></ExtendedData>
      <Point><coordinates>127.1067462899,37.2888852863</coordinates></Point>
  </Placemark>
  <Placemark>
	<ExtendedData><SchemaData schemaUrl="#competition_route_right_center_1m">
		<SimpleData name="index">443</SimpleData>
		<SimpleData name="distance_m">443.000</SimpleData>
		<SimpleData name="latitude">37.2888817693</SimpleData>
		<SimpleData name="longitude">127.1067359119</SimpleData>
		<SimpleData name="utm_easting_m">332176.0368</SimpleData>
		<SimpleData name="utm_northing_m">4128599.9295</SimpleData>
		<SimpleData name="utm_zone">52N</SimpleData>
		<SimpleData name="target_speed">0.300</SimpleData>
	</SchemaData></ExtendedData>
      <Point><coordinates>127.1067359119,37.2888817693</coordinates></Point>
  </Placemark>
  <Placemark>
	<ExtendedData><SchemaData schemaUrl="#competition_route_right_center_1m">
		<SimpleData name="index">444</SimpleData>
		<SimpleData name="distance_m">444.000</SimpleData>
		<SimpleData name="latitude">37.2888774805</SimpleData>
		<SimpleData name="longitude">127.1067259977</SimpleData>
		<SimpleData name="utm_easting_m">332175.1484</SimpleData>
		<SimpleData name="utm_northing_m">4128599.4712</SimpleData>
		<SimpleData name="utm_zone">52N</SimpleData>
		<SimpleData name="target_speed">0.300</SimpleData>
	</SchemaData></ExtendedData>
      <Point><coordinates>127.1067259977,37.2888774805</coordinates></Point>
  </Placemark>
  <Placemark>
	<ExtendedData><SchemaData schemaUrl="#competition_route_right_center_1m">
		<SimpleData name="index">445</SimpleData>
		<SimpleData name="distance_m">445.000</SimpleData>
		<SimpleData name="latitude">37.2888725443</SimpleData>
		<SimpleData name="longitude">127.1067165668</SimpleData>
		<SimpleData name="utm_easting_m">332174.3013</SimpleData>
		<SimpleData name="utm_northing_m">4128598.9403</SimpleData>
		<SimpleData name="utm_zone">52N</SimpleData>
		<SimpleData name="target_speed">0.300</SimpleData>
	</SchemaData></ExtendedData>
      <Point><coordinates>127.1067165668,37.2888725443</coordinates></Point>
  </Placemark>
  <Placemark>
	<ExtendedData><SchemaData schemaUrl="#competition_route_right_center_1m">
		<SimpleData name="index">446</SimpleData>
		<SimpleData name="distance_m">446.000</SimpleData>
		<SimpleData name="latitude">37.2888669797</SimpleData>
		<SimpleData name="longitude">127.1067077014</SimpleData>
		<SimpleData name="utm_easting_m">332173.5030</SimpleData>
		<SimpleData name="utm_northing_m">4128598.3386</SimpleData>
		<SimpleData name="utm_zone">52N</SimpleData>
		<SimpleData name="target_speed">0.300</SimpleData>
	</SchemaData></ExtendedData>
      <Point><coordinates>127.1067077014,37.2888669797</coordinates></Point>
  </Placemark>
  <Placemark>
	<ExtendedData><SchemaData schemaUrl="#competition_route_right_center_1m">
		<SimpleData name="index">447</SimpleData>
		<SimpleData name="distance_m">447.000</SimpleData>
		<SimpleData name="latitude">37.2888607999</SimpleData>
		<SimpleData name="longitude">127.1066994991</SimpleData>
		<SimpleData name="utm_easting_m">332172.7622</SimpleData>
		<SimpleData name="utm_northing_m">4128597.6675</SimpleData>
		<SimpleData name="utm_zone">52N</SimpleData>
		<SimpleData name="target_speed">0.300</SimpleData>
	</SchemaData></ExtendedData>
      <Point><coordinates>127.1066994991,37.2888607999</coordinates></Point>
  </Placemark>
  <Placemark>
	<ExtendedData><SchemaData schemaUrl="#competition_route_right_center_1m">
		<SimpleData name="index">448</SimpleData>
		<SimpleData name="distance_m">448.000</SimpleData>
		<SimpleData name="latitude">37.2888540945</SimpleData>
		<SimpleData name="longitude">127.1066919698</SimpleData>
		<SimpleData name="utm_easting_m">332172.0798</SimpleData>
		<SimpleData name="utm_northing_m">4128596.9369</SimpleData>
		<SimpleData name="utm_zone">52N</SimpleData>
		<SimpleData name="target_speed">0.300</SimpleData>
	</SchemaData></ExtendedData>
      <Point><coordinates>127.1066919698,37.2888540945</coordinates></Point>
  </Placemark>
  <Placemark>
	<ExtendedData><SchemaData schemaUrl="#competition_route_right_center_1m">
		<SimpleData name="index">449</SimpleData>
		<SimpleData name="distance_m">449.000</SimpleData>
		<SimpleData name="latitude">37.2888469978</SimpleData>
		<SimpleData name="longitude">127.1066850226</SimpleData>
		<SimpleData name="utm_easting_m">332171.4481</SimpleData>
		<SimpleData name="utm_northing_m">4128596.1618</SimpleData>
		<SimpleData name="utm_zone">52N</SimpleData>
		<SimpleData name="target_speed">0.300</SimpleData>
	</SchemaData></ExtendedData>
      <Point><coordinates>127.1066850226,37.2888469978</coordinates></Point>
  </Placemark>
  <Placemark>
	<ExtendedData><SchemaData schemaUrl="#competition_route_right_center_1m">
		<SimpleData name="index">450</SimpleData>
		<SimpleData name="distance_m">450.000</SimpleData>
		<SimpleData name="latitude">37.2888396519</SimpleData>
		<SimpleData name="longitude">127.1066784923</SimpleData>
		<SimpleData name="utm_easting_m">332170.8529</SimpleData>
		<SimpleData name="utm_northing_m">4128595.3583</SimpleData>
		<SimpleData name="utm_zone">52N</SimpleData>
		<SimpleData name="target_speed">0.300</SimpleData>
	</SchemaData></ExtendedData>
      <Point><coordinates>127.1066784923,37.2888396519</coordinates></Point>
  </Placemark>
  <Placemark>
	<ExtendedData><SchemaData schemaUrl="#competition_route_right_center_1m">
		<SimpleData name="index">451</SimpleData>
		<SimpleData name="distance_m">451.000</SimpleData>
		<SimpleData name="latitude">37.288832159</SimpleData>
		<SimpleData name="longitude">127.1066722283</SimpleData>
		<SimpleData name="utm_easting_m">332170.2809</SimpleData>
		<SimpleData name="utm_northing_m">4128594.5381</SimpleData>
		<SimpleData name="utm_zone">52N</SimpleData>
		<SimpleData name="target_speed">0.300</SimpleData>
	</SchemaData></ExtendedData>
      <Point><coordinates>127.1066722283,37.288832159</coordinates></Point>
  </Placemark>
  <Placemark>
	<ExtendedData><SchemaData schemaUrl="#competition_route_right_center_1m">
		<SimpleData name="index">452</SimpleData>
		<SimpleData name="distance_m">452.000</SimpleData>
		<SimpleData name="latitude">37.2888245725</SimpleData>
		<SimpleData name="longitude">127.1066661432</SimpleData>
		<SimpleData name="utm_easting_m">332169.7246</SimpleData>
		<SimpleData name="utm_northing_m">4128593.7071</SimpleData>
		<SimpleData name="utm_zone">52N</SimpleData>
		<SimpleData name="target_speed">0.300</SimpleData>
	</SchemaData></ExtendedData>
      <Point><coordinates>127.1066661432,37.2888245725</coordinates></Point>
  </Placemark>
  <Placemark>
	<ExtendedData><SchemaData schemaUrl="#competition_route_right_center_1m">
		<SimpleData name="index">453</SimpleData>
		<SimpleData name="distance_m">453.000</SimpleData>
		<SimpleData name="latitude">37.2888168792</SimpleData>
		<SimpleData name="longitude">127.1066602722</SimpleData>
		<SimpleData name="utm_easting_m">332169.1871</SimpleData>
		<SimpleData name="utm_northing_m">4128592.8639</SimpleData>
		<SimpleData name="utm_zone">52N</SimpleData>
		<SimpleData name="target_speed">0.300</SimpleData>
	</SchemaData></ExtendedData>
      <Point><coordinates>127.1066602722,37.2888168792</coordinates></Point>
  </Placemark>
  <Placemark>
	<ExtendedData><SchemaData schemaUrl="#competition_route_right_center_1m">
		<SimpleData name="index">454</SimpleData>
		<SimpleData name="distance_m">454.000</SimpleData>
		<SimpleData name="latitude">37.2888090306</SimpleData>
		<SimpleData name="longitude">127.1066547335</SimpleData>
		<SimpleData name="utm_easting_m">332168.6786</SimpleData>
		<SimpleData name="utm_northing_m">4128592.0029</SimpleData>
		<SimpleData name="utm_zone">52N</SimpleData>
		<SimpleData name="target_speed">0.300</SimpleData>
	</SchemaData></ExtendedData>
      <Point><coordinates>127.1066547335,37.2888090306</coordinates></Point>
  </Placemark>
  <Placemark>
	<ExtendedData><SchemaData schemaUrl="#competition_route_right_center_1m">
		<SimpleData name="index">455</SimpleData>
		<SimpleData name="distance_m">455.000</SimpleData>
		<SimpleData name="latitude">37.2888010173</SimpleData>
		<SimpleData name="longitude">127.1066495771</SimpleData>
		<SimpleData name="utm_easting_m">332168.2037</SimpleData>
		<SimpleData name="utm_northing_m">4128591.1229</SimpleData>
		<SimpleData name="utm_zone">52N</SimpleData>
		<SimpleData name="target_speed">0.300</SimpleData>
	</SchemaData></ExtendedData>
      <Point><coordinates>127.1066495771,37.2888010173</coordinates></Point>
  </Placemark>
  <Placemark>
	<ExtendedData><SchemaData schemaUrl="#competition_route_right_center_1m">
		<SimpleData name="index">456</SimpleData>
		<SimpleData name="distance_m">456.000</SimpleData>
		<SimpleData name="latitude">37.2887928884</SimpleData>
		<SimpleData name="longitude">127.1066447114</SimpleData>
		<SimpleData name="utm_easting_m">332167.7543</SimpleData>
		<SimpleData name="utm_northing_m">4128590.2296</SimpleData>
		<SimpleData name="utm_zone">52N</SimpleData>
		<SimpleData name="target_speed">0.300</SimpleData>
	</SchemaData></ExtendedData>
      <Point><coordinates>127.1066447114,37.2887928884</coordinates></Point>
  </Placemark>
  <Placemark>
	<ExtendedData><SchemaData schemaUrl="#competition_route_right_center_1m">
		<SimpleData name="index">457</SimpleData>
		<SimpleData name="distance_m">457.000</SimpleData>
		<SimpleData name="latitude">37.2887847131</SimpleData>
		<SimpleData name="longitude">127.1066399685</SimpleData>
		<SimpleData name="utm_easting_m">332167.3156</SimpleData>
		<SimpleData name="utm_northing_m">4128589.3310</SimpleData>
		<SimpleData name="utm_zone">52N</SimpleData>
		<SimpleData name="target_speed">0.300</SimpleData>
	</SchemaData></ExtendedData>
      <Point><coordinates>127.1066399685,37.2887847131</coordinates></Point>
  </Placemark>
  <Placemark>
	<ExtendedData><SchemaData schemaUrl="#competition_route_right_center_1m">
		<SimpleData name="index">458</SimpleData>
		<SimpleData name="distance_m">458.000</SimpleData>
		<SimpleData name="latitude">37.2887765419</SimpleData>
		<SimpleData name="longitude">127.1066352146</SimpleData>
		<SimpleData name="utm_easting_m">332166.8760</SimpleData>
		<SimpleData name="utm_northing_m">4128588.4328</SimpleData>
		<SimpleData name="utm_zone">52N</SimpleData>
		<SimpleData name="target_speed">0.300</SimpleData>
	</SchemaData></ExtendedData>
      <Point><coordinates>127.1066352146,37.2887765419</coordinates></Point>
  </Placemark>
  <Placemark>
	<ExtendedData><SchemaData schemaUrl="#competition_route_right_center_1m">
		<SimpleData name="index">459</SimpleData>
		<SimpleData name="distance_m">459.000</SimpleData>
		<SimpleData name="latitude">37.2887684056</SimpleData>
		<SimpleData name="longitude">127.106630368</SimpleData>
		<SimpleData name="utm_easting_m">332166.4283</SimpleData>
		<SimpleData name="utm_northing_m">4128587.5386</SimpleData>
		<SimpleData name="utm_zone">52N</SimpleData>
		<SimpleData name="target_speed">0.300</SimpleData>
	</SchemaData></ExtendedData>
      <Point><coordinates>127.106630368,37.2887684056</coordinates></Point>
  </Placemark>
  <Placemark>
	<ExtendedData><SchemaData schemaUrl="#competition_route_right_center_1m">
		<SimpleData name="index">460</SimpleData>
		<SimpleData name="distance_m">460.000</SimpleData>
		<SimpleData name="latitude">37.2887603169</SimpleData>
		<SimpleData name="longitude">127.1066253981</SimpleData>
		<SimpleData name="utm_easting_m">332165.9697</SimpleData>
		<SimpleData name="utm_northing_m">4128586.6500</SimpleData>
		<SimpleData name="utm_zone">52N</SimpleData>
		<SimpleData name="target_speed">0.300</SimpleData>
	</SchemaData></ExtendedData>
      <Point><coordinates>127.1066253981,37.2887603169</coordinates></Point>
  </Placemark>
  <Placemark>
	<ExtendedData><SchemaData schemaUrl="#competition_route_right_center_1m">
		<SimpleData name="index">461</SimpleData>
		<SimpleData name="distance_m">461.000</SimpleData>
		<SimpleData name="latitude">37.2887522582</SimpleData>
		<SimpleData name="longitude">127.1066203524</SimpleData>
		<SimpleData name="utm_easting_m">332165.5045</SimpleData>
		<SimpleData name="utm_northing_m">4128585.7648</SimpleData>
		<SimpleData name="utm_zone">52N</SimpleData>
		<SimpleData name="target_speed">0.300</SimpleData>
	</SchemaData></ExtendedData>
      <Point><coordinates>127.1066203524,37.2887522582</coordinates></Point>
  </Placemark>
  <Placemark>
	<ExtendedData><SchemaData schemaUrl="#competition_route_right_center_1m">
		<SimpleData name="index">462</SimpleData>
		<SimpleData name="distance_m">462.000</SimpleData>
		<SimpleData name="latitude">37.288744202</SimpleData>
		<SimpleData name="longitude">127.1066153004</SimpleData>
		<SimpleData name="utm_easting_m">332165.0387</SimpleData>
		<SimpleData name="utm_northing_m">4128584.8799</SimpleData>
		<SimpleData name="utm_zone">52N</SimpleData>
		<SimpleData name="target_speed">0.300</SimpleData>
	</SchemaData></ExtendedData>
      <Point><coordinates>127.1066153004,37.288744202</coordinates></Point>
  </Placemark>
  <Placemark>
	<ExtendedData><SchemaData schemaUrl="#competition_route_right_center_1m">
		<SimpleData name="index">463</SimpleData>
		<SimpleData name="distance_m">463.000</SimpleData>
		<SimpleData name="latitude">37.288736116</SimpleData>
		<SimpleData name="longitude">127.1066103238</SimpleData>
		<SimpleData name="utm_easting_m">332164.5796</SimpleData>
		<SimpleData name="utm_northing_m">4128583.9915</SimpleData>
		<SimpleData name="utm_zone">52N</SimpleData>
		<SimpleData name="target_speed">0.300</SimpleData>
	</SchemaData></ExtendedData>
      <Point><coordinates>127.1066103238,37.288736116</coordinates></Point>
  </Placemark>
  <Placemark>
	<ExtendedData><SchemaData schemaUrl="#competition_route_right_center_1m">
		<SimpleData name="index">464</SimpleData>
		<SimpleData name="distance_m">464.000</SimpleData>
		<SimpleData name="latitude">37.2887279689</SimpleData>
		<SimpleData name="longitude">127.106605506</SimpleData>
		<SimpleData name="utm_easting_m">332164.1344</SimpleData>
		<SimpleData name="utm_northing_m">4128583.0961</SimpleData>
		<SimpleData name="utm_zone">52N</SimpleData>
		<SimpleData name="target_speed">0.300</SimpleData>
	</SchemaData></ExtendedData>
      <Point><coordinates>127.106605506,37.2887279689</coordinates></Point>
  </Placemark>
  <Placemark>
	<ExtendedData><SchemaData schemaUrl="#competition_route_right_center_1m">
		<SimpleData name="index">465</SimpleData>
		<SimpleData name="distance_m">465.000</SimpleData>
		<SimpleData name="latitude">37.2887197416</SimpleData>
		<SimpleData name="longitude">127.1066009065</SimpleData>
		<SimpleData name="utm_easting_m">332163.7083</SimpleData>
		<SimpleData name="utm_northing_m">4128582.1914</SimpleData>
		<SimpleData name="utm_zone">52N</SimpleData>
		<SimpleData name="target_speed">0.300</SimpleData>
	</SchemaData></ExtendedData>
      <Point><coordinates>127.1066009065,37.2887197416</coordinates></Point>
  </Placemark>
  <Placemark>
	<ExtendedData><SchemaData schemaUrl="#competition_route_right_center_1m">
		<SimpleData name="index">466</SimpleData>
		<SimpleData name="distance_m">466.000</SimpleData>
		<SimpleData name="latitude">37.2887114506</SimpleData>
		<SimpleData name="longitude">127.1065964899</SimpleData>
		<SimpleData name="utm_easting_m">332163.2984</SimpleData>
		<SimpleData name="utm_northing_m">4128581.2793</SimpleData>
		<SimpleData name="utm_zone">52N</SimpleData>
		<SimpleData name="target_speed">0.300</SimpleData>
	</SchemaData></ExtendedData>
      <Point><coordinates>127.1065964899,37.2887114506</coordinates></Point>
  </Placemark>
  <Placemark>
	<ExtendedData><SchemaData schemaUrl="#competition_route_right_center_1m">
		<SimpleData name="index">467</SimpleData>
		<SimpleData name="distance_m">467.000</SimpleData>
		<SimpleData name="latitude">37.2887031326</SimpleData>
		<SimpleData name="longitude">127.1065921531</SimpleData>
		<SimpleData name="utm_easting_m">332162.8954</SimpleData>
		<SimpleData name="utm_northing_m">4128580.3641</SimpleData>
		<SimpleData name="utm_zone">52N</SimpleData>
		<SimpleData name="target_speed">0.300</SimpleData>
	</SchemaData></ExtendedData>
      <Point><coordinates>127.1065921531,37.2887031326</coordinates></Point>
  </Placemark>
  <Placemark>
	<ExtendedData><SchemaData schemaUrl="#competition_route_right_center_1m">
		<SimpleData name="index">468</SimpleData>
		<SimpleData name="distance_m">468.000</SimpleData>
		<SimpleData name="latitude">37.2886948118</SimpleData>
		<SimpleData name="longitude">127.1065878247</SimpleData>
		<SimpleData name="utm_easting_m">332162.4932</SimpleData>
		<SimpleData name="utm_northing_m">4128579.4486</SimpleData>
		<SimpleData name="utm_zone">52N</SimpleData>
		<SimpleData name="target_speed">0.300</SimpleData>
	</SchemaData></ExtendedData>
      <Point><coordinates>127.1065878247,37.2886948118</coordinates></Point>
  </Placemark>
  <Placemark>
	<ExtendedData><SchemaData schemaUrl="#competition_route_right_center_1m">
		<SimpleData name="index">469</SimpleData>
		<SimpleData name="distance_m">469.000</SimpleData>
		<SimpleData name="latitude">37.288686455</SimpleData>
		<SimpleData name="longitude">127.106583607</SimpleData>
		<SimpleData name="utm_easting_m">332162.1007</SimpleData>
		<SimpleData name="utm_northing_m">4128578.5288</SimpleData>
		<SimpleData name="utm_zone">52N</SimpleData>
		<SimpleData name="target_speed">0.300</SimpleData>
	</SchemaData></ExtendedData>
      <Point><coordinates>127.106583607,37.288686455</coordinates></Point>
  </Placemark>
  <Placemark>
	<ExtendedData><SchemaData schemaUrl="#competition_route_right_center_1m">
		<SimpleData name="index">470</SimpleData>
		<SimpleData name="distance_m">470.000</SimpleData>
		<SimpleData name="latitude">37.2886780095</SimpleData>
		<SimpleData name="longitude">127.1065796769</SimpleData>
		<SimpleData name="utm_easting_m">332161.7336</SimpleData>
		<SimpleData name="utm_northing_m">4128577.5987</SimpleData>
		<SimpleData name="utm_zone">52N</SimpleData>
		<SimpleData name="target_speed">0.300</SimpleData>
	</SchemaData></ExtendedData>
      <Point><coordinates>127.1065796769,37.2886780095</coordinates></Point>
  </Placemark>
  <Placemark>
	<ExtendedData><SchemaData schemaUrl="#competition_route_right_center_1m">
		<SimpleData name="index">471</SimpleData>
		<SimpleData name="distance_m">471.000</SimpleData>
		<SimpleData name="latitude">37.2886694479</SimpleData>
		<SimpleData name="longitude">127.106576163</SimpleData>
		<SimpleData name="utm_easting_m">332161.4030</SimpleData>
		<SimpleData name="utm_northing_m">4128576.6550</SimpleData>
		<SimpleData name="utm_zone">52N</SimpleData>
		<SimpleData name="target_speed">0.300</SimpleData>
	</SchemaData></ExtendedData>
      <Point><coordinates>127.106576163,37.2886694479</coordinates></Point>
  </Placemark>
  <Placemark>
	<ExtendedData><SchemaData schemaUrl="#competition_route_right_center_1m">
		<SimpleData name="index">472</SimpleData>
		<SimpleData name="distance_m">472.000</SimpleData>
		<SimpleData name="latitude">37.2886607761</SimpleData>
		<SimpleData name="longitude">127.1065731008</SimpleData>
		<SimpleData name="utm_easting_m">332161.1123</SimpleData>
		<SimpleData name="utm_northing_m">4128575.6983</SimpleData>
		<SimpleData name="utm_zone">52N</SimpleData>
		<SimpleData name="target_speed">0.300</SimpleData>
	</SchemaData></ExtendedData>
      <Point><coordinates>127.1065731008,37.2886607761</coordinates></Point>
  </Placemark>
  <Placemark>
	<ExtendedData><SchemaData schemaUrl="#competition_route_right_center_1m">
		<SimpleData name="index">473</SimpleData>
		<SimpleData name="distance_m">473.000</SimpleData>
		<SimpleData name="latitude">37.2886520216</SimpleData>
		<SimpleData name="longitude">127.1065704321</SimpleData>
		<SimpleData name="utm_easting_m">332160.8563</SimpleData>
		<SimpleData name="utm_northing_m">4128574.7317</SimpleData>
		<SimpleData name="utm_zone">52N</SimpleData>
		<SimpleData name="target_speed">0.300</SimpleData>
	</SchemaData></ExtendedData>
      <Point><coordinates>127.1065704321,37.2886520216</coordinates></Point>
  </Placemark>
  <Placemark>
	<ExtendedData><SchemaData schemaUrl="#competition_route_right_center_1m">
		<SimpleData name="index">474</SimpleData>
		<SimpleData name="distance_m">474.000</SimpleData>
		<SimpleData name="latitude">37.2886432035</SimpleData>
		<SimpleData name="longitude">127.1065681145</SimpleData>
		<SimpleData name="utm_easting_m">332160.6312</SimpleData>
		<SimpleData name="utm_northing_m">4128573.7574</SimpleData>
		<SimpleData name="utm_zone">52N</SimpleData>
		<SimpleData name="target_speed">0.300</SimpleData>
	</SchemaData></ExtendedData>
      <Point><coordinates>127.1065681145,37.2886432035</coordinates></Point>
  </Placemark>
  <Placemark>
	<ExtendedData><SchemaData schemaUrl="#competition_route_right_center_1m">
		<SimpleData name="index">475</SimpleData>
		<SimpleData name="distance_m">475.000</SimpleData>
		<SimpleData name="latitude">37.2886343222</SimpleData>
		<SimpleData name="longitude">127.106566215</SimpleData>
		<SimpleData name="utm_easting_m">332160.4431</SimpleData>
		<SimpleData name="utm_northing_m">4128572.7753</SimpleData>
		<SimpleData name="utm_zone">52N</SimpleData>
		<SimpleData name="target_speed">0.300</SimpleData>
	</SchemaData></ExtendedData>
      <Point><coordinates>127.106566215,37.2886343222</coordinates></Point>
  </Placemark>
  <Placemark>
	<ExtendedData><SchemaData schemaUrl="#competition_route_right_center_1m">
		<SimpleData name="index">476</SimpleData>
		<SimpleData name="distance_m">476.000</SimpleData>
		<SimpleData name="latitude">37.2886253669</SimpleData>
		<SimpleData name="longitude">127.1065649928</SimpleData>
		<SimpleData name="utm_easting_m">332160.3148</SimpleData>
		<SimpleData name="utm_northing_m">4128571.7838</SimpleData>
		<SimpleData name="utm_zone">52N</SimpleData>
		<SimpleData name="target_speed">0.300</SimpleData>
	</SchemaData></ExtendedData>
      <Point><coordinates>127.1065649928,37.2886253669</coordinates></Point>
  </Placemark>
  <Placemark>
	<ExtendedData><SchemaData schemaUrl="#competition_route_right_center_1m">
		<SimpleData name="index">477</SimpleData>
		<SimpleData name="distance_m">477.000</SimpleData>
		<SimpleData name="latitude">37.2886163622</SimpleData>
		<SimpleData name="longitude">127.1065649324</SimpleData>
		<SimpleData name="utm_easting_m">332160.2895</SimpleData>
		<SimpleData name="utm_northing_m">4128570.7848</SimpleData>
		<SimpleData name="utm_zone">52N</SimpleData>
		<SimpleData name="target_speed">0.300</SimpleData>
	</SchemaData></ExtendedData>
      <Point><coordinates>127.1065649324,37.2886163622</coordinates></Point>
  </Placemark>
  <Placemark>
	<ExtendedData><SchemaData schemaUrl="#competition_route_right_center_1m">
		<SimpleData name="index">478</SimpleData>
		<SimpleData name="distance_m">478.000</SimpleData>
		<SimpleData name="latitude">37.2886074384</SimpleData>
		<SimpleData name="longitude">127.1065664133</SimpleData>
		<SimpleData name="utm_easting_m">332160.4009</SimpleData>
		<SimpleData name="utm_northing_m">4128569.7921</SimpleData>
		<SimpleData name="utm_zone">52N</SimpleData>
		<SimpleData name="target_speed">0.300</SimpleData>
	</SchemaData></ExtendedData>
      <Point><coordinates>127.1065664133,37.2886074384</coordinates></Point>
  </Placemark>
  <Placemark>
	<ExtendedData><SchemaData schemaUrl="#competition_route_right_center_1m">
		<SimpleData name="index">479</SimpleData>
		<SimpleData name="distance_m">479.000</SimpleData>
		<SimpleData name="latitude">37.2885987803</SimpleData>
		<SimpleData name="longitude">127.1065695063</SimpleData>
		<SimpleData name="utm_easting_m">332160.6559</SimpleData>
		<SimpleData name="utm_northing_m">4128568.8259</SimpleData>
		<SimpleData name="utm_zone">52N</SimpleData>
		<SimpleData name="target_speed">0.300</SimpleData>
	</SchemaData></ExtendedData>
      <Point><coordinates>127.1065695063,37.2885987803</coordinates></Point>
  </Placemark>
  <Placemark>
	<ExtendedData><SchemaData schemaUrl="#competition_route_right_center_1m">
		<SimpleData name="index">480</SimpleData>
		<SimpleData name="distance_m">480.000</SimpleData>
		<SimpleData name="latitude">37.2885904441</SimpleData>
		<SimpleData name="longitude">127.10657378</SimpleData>
		<SimpleData name="utm_easting_m">332161.0162</SimpleData>
		<SimpleData name="utm_northing_m">4128567.8934</SimpleData>
		<SimpleData name="utm_zone">52N</SimpleData>
		<SimpleData name="target_speed">0.300</SimpleData>
	</SchemaData></ExtendedData>
      <Point><coordinates>127.10657378,37.2885904441</coordinates></Point>
  </Placemark>
  <Placemark>
	<ExtendedData><SchemaData schemaUrl="#competition_route_right_center_1m">
		<SimpleData name="index">481</SimpleData>
		<SimpleData name="distance_m">481.000</SimpleData>
		<SimpleData name="latitude">37.2885823403</SimpleData>
		<SimpleData name="longitude">127.1065787075</SimpleData>
		<SimpleData name="utm_easting_m">332161.4350</SimpleData>
		<SimpleData name="utm_northing_m">4128566.9855</SimpleData>
		<SimpleData name="utm_zone">52N</SimpleData>
		<SimpleData name="target_speed">0.300</SimpleData>
	</SchemaData></ExtendedData>
      <Point><coordinates>127.1065787075,37.2885823403</coordinates></Point>
  </Placemark>
  <Placemark>
	<ExtendedData><SchemaData schemaUrl="#competition_route_right_center_1m">
		<SimpleData name="index">482</SimpleData>
		<SimpleData name="distance_m">482.000</SimpleData>
		<SimpleData name="latitude">37.2885745488</SimpleData>
		<SimpleData name="longitude">127.1065843645</SimpleData>
		<SimpleData name="utm_easting_m">332161.9192</SimpleData>
		<SimpleData name="utm_northing_m">4128566.1109</SimpleData>
		<SimpleData name="utm_zone">52N</SimpleData>
		<SimpleData name="target_speed">0.300</SimpleData>
	</SchemaData></ExtendedData>
      <Point><coordinates>127.1065843645,37.2885745488</coordinates></Point>
  </Placemark>
  <Placemark>
	<ExtendedData><SchemaData schemaUrl="#competition_route_right_center_1m">
		<SimpleData name="index">483</SimpleData>
		<SimpleData name="distance_m">483.000</SimpleData>
		<SimpleData name="latitude">37.2885672982</SimpleData>
		<SimpleData name="longitude">127.1065910479</SimpleData>
		<SimpleData name="utm_easting_m">332162.4956</SimpleData>
		<SimpleData name="utm_northing_m">4128565.2946</SimpleData>
		<SimpleData name="utm_zone">52N</SimpleData>
		<SimpleData name="target_speed">0.300</SimpleData>
	</SchemaData></ExtendedData>
      <Point><coordinates>127.1065910479,37.2885672982</coordinates></Point>
  </Placemark>
  <Placemark>
	<ExtendedData><SchemaData schemaUrl="#competition_route_right_center_1m">
		<SimpleData name="index">484</SimpleData>
		<SimpleData name="distance_m">484.000</SimpleData>
		<SimpleData name="latitude">37.2885606644</SimpleData>
		<SimpleData name="longitude">127.1065986748</SimpleData>
		<SimpleData name="utm_easting_m">332163.1570</SimpleData>
		<SimpleData name="utm_northing_m">4128564.5450</SimpleData>
		<SimpleData name="utm_zone">52N</SimpleData>
		<SimpleData name="target_speed">0.300</SimpleData>
	</SchemaData></ExtendedData>
      <Point><coordinates>127.1065986748,37.2885606644</coordinates></Point>
  </Placemark>
  <Placemark>
	<ExtendedData><SchemaData schemaUrl="#competition_route_right_center_1m">
		<SimpleData name="index">485</SimpleData>
		<SimpleData name="distance_m">485.000</SimpleData>
		<SimpleData name="latitude">37.2885544082</SimpleData>
		<SimpleData name="longitude">127.1066067903</SimpleData>
		<SimpleData name="utm_easting_m">332163.8626</SimpleData>
		<SimpleData name="utm_northing_m">4128563.8364</SimpleData>
		<SimpleData name="utm_zone">52N</SimpleData>
		<SimpleData name="target_speed">0.300</SimpleData>
	</SchemaData></ExtendedData>
      <Point><coordinates>127.1066067903,37.2885544082</coordinates></Point>
  </Placemark>
  <Placemark>
	<ExtendedData><SchemaData schemaUrl="#competition_route_right_center_1m">
		<SimpleData name="index">486</SimpleData>
		<SimpleData name="distance_m">486.000</SimpleData>
		<SimpleData name="latitude">37.2885483724</SimpleData>
		<SimpleData name="longitude">127.1066151631</SimpleData>
		<SimpleData name="utm_easting_m">332164.5914</SimpleData>
		<SimpleData name="utm_northing_m">4128563.1518</SimpleData>
		<SimpleData name="utm_zone">52N</SimpleData>
		<SimpleData name="target_speed">0.300</SimpleData>
	</SchemaData></ExtendedData>
      <Point><coordinates>127.1066151631,37.2885483724</coordinates></Point>
  </Placemark>
  <Placemark>
	<ExtendedData><SchemaData schemaUrl="#competition_route_right_center_1m">
		<SimpleData name="index">487</SimpleData>
		<SimpleData name="distance_m">487.000</SimpleData>
		<SimpleData name="latitude">37.2885427261</SimpleData>
		<SimpleData name="longitude">127.1066239488</SimpleData>
		<SimpleData name="utm_easting_m">332165.3577</SimpleData>
		<SimpleData name="utm_northing_m">4128562.5098</SimpleData>
		<SimpleData name="utm_zone">52N</SimpleData>
		<SimpleData name="target_speed">0.300</SimpleData>
	</SchemaData></ExtendedData>
      <Point><coordinates>127.1066239488,37.2885427261</coordinates></Point>
  </Placemark>
  <Placemark>
	<ExtendedData><SchemaData schemaUrl="#competition_route_right_center_1m">
		<SimpleData name="index">488</SimpleData>
		<SimpleData name="distance_m">488.000</SimpleData>
		<SimpleData name="latitude">37.2885376777</SimpleData>
		<SimpleData name="longitude">127.1066332862</SimpleData>
		<SimpleData name="utm_easting_m">332166.1743</SimpleData>
		<SimpleData name="utm_northing_m">4128561.9330</SimpleData>
		<SimpleData name="utm_zone">52N</SimpleData>
		<SimpleData name="target_speed">0.300</SimpleData>
	</SchemaData></ExtendedData>
      <Point><coordinates>127.1066332862,37.2885376777</coordinates></Point>
  </Placemark>
  <Placemark>
	<ExtendedData><SchemaData schemaUrl="#competition_route_right_center_1m">
		<SimpleData name="index">489</SimpleData>
		<SimpleData name="distance_m">489.000</SimpleData>
		<SimpleData name="latitude">37.2885331591</SimpleData>
		<SimpleData name="longitude">127.1066430421</SimpleData>
		<SimpleData name="utm_easting_m">332167.0291</SimpleData>
		<SimpleData name="utm_northing_m">4128561.4144</SimpleData>
		<SimpleData name="utm_zone">52N</SimpleData>
		<SimpleData name="target_speed">0.300</SimpleData>
	</SchemaData></ExtendedData>
      <Point><coordinates>127.1066430421,37.2885331591</coordinates></Point>
  </Placemark>
  <Placemark>
	<ExtendedData><SchemaData schemaUrl="#competition_route_right_center_1m">
		<SimpleData name="index">490</SimpleData>
		<SimpleData name="distance_m">490.000</SimpleData>
		<SimpleData name="latitude">37.2885288631</SimpleData>
		<SimpleData name="longitude">127.1066529557</SimpleData>
		<SimpleData name="utm_easting_m">332167.8984</SimpleData>
		<SimpleData name="utm_northing_m">4128560.9201</SimpleData>
		<SimpleData name="utm_zone">52N</SimpleData>
		<SimpleData name="target_speed">0.300</SimpleData>
	</SchemaData></ExtendedData>
      <Point><coordinates>127.1066529557,37.2885288631</coordinates></Point>
  </Placemark>
  <Placemark>
	<ExtendedData><SchemaData schemaUrl="#competition_route_right_center_1m">
		<SimpleData name="index">491</SimpleData>
		<SimpleData name="distance_m">491.000</SimpleData>
		<SimpleData name="latitude">37.2885246306</SimpleData>
		<SimpleData name="longitude">127.1066629118</SimpleData>
		<SimpleData name="utm_easting_m">332168.7717</SimpleData>
		<SimpleData name="utm_northing_m">4128560.4328</SimpleData>
		<SimpleData name="utm_zone">52N</SimpleData>
		<SimpleData name="target_speed">0.300</SimpleData>
	</SchemaData></ExtendedData>
      <Point><coordinates>127.1066629118,37.2885246306</coordinates></Point>
  </Placemark>
  <Placemark>
	<ExtendedData><SchemaData schemaUrl="#competition_route_right_center_1m">
		<SimpleData name="index">492</SimpleData>
		<SimpleData name="distance_m">492.000</SimpleData>
		<SimpleData name="latitude">37.288520649</SimpleData>
		<SimpleData name="longitude">127.1066730278</SimpleData>
		<SimpleData name="utm_easting_m">332169.6596</SimpleData>
		<SimpleData name="utm_northing_m">4128559.9731</SimpleData>
		<SimpleData name="utm_zone">52N</SimpleData>
		<SimpleData name="target_speed">0.300</SimpleData>
	</SchemaData></ExtendedData>
      <Point><coordinates>127.1066730278,37.288520649</coordinates></Point>
  </Placemark>
  <Placemark>
	<ExtendedData><SchemaData schemaUrl="#competition_route_right_center_1m">
		<SimpleData name="index">493</SimpleData>
		<SimpleData name="distance_m">493.000</SimpleData>
		<SimpleData name="latitude">37.2885170677</SimpleData>
		<SimpleData name="longitude">127.1066833757</SimpleData>
		<SimpleData name="utm_easting_m">332170.5690</SimpleData>
		<SimpleData name="utm_northing_m">4128559.5573</SimpleData>
		<SimpleData name="utm_zone">52N</SimpleData>
		<SimpleData name="target_speed">0.300</SimpleData>
	</SchemaData></ExtendedData>
      <Point><coordinates>127.1066833757,37.2885170677</coordinates></Point>
  </Placemark>
  <Placemark>
	<ExtendedData><SchemaData schemaUrl="#competition_route_right_center_1m">
		<SimpleData name="index">494</SimpleData>
		<SimpleData name="distance_m">494.000</SimpleData>
		<SimpleData name="latitude">37.2885136992</SimpleData>
		<SimpleData name="longitude">127.1066938358</SimpleData>
		<SimpleData name="utm_easting_m">332171.4888</SimpleData>
		<SimpleData name="utm_northing_m">4128559.1650</SimpleData>
		<SimpleData name="utm_zone">52N</SimpleData>
		<SimpleData name="target_speed">0.300</SimpleData>
	</SchemaData></ExtendedData>
      <Point><coordinates>127.1066938358,37.2885136992</coordinates></Point>
  </Placemark>
  <Placemark>
	<ExtendedData><SchemaData schemaUrl="#competition_route_right_center_1m">
		<SimpleData name="index">495</SimpleData>
		<SimpleData name="distance_m">495.000</SimpleData>
		<SimpleData name="latitude">37.2885102406</SimpleData>
		<SimpleData name="longitude">127.1067042496</SimpleData>
		<SimpleData name="utm_easting_m">332172.4043</SimpleData>
		<SimpleData name="utm_northing_m">4128558.7628</SimpleData>
		<SimpleData name="utm_zone">52N</SimpleData>
		<SimpleData name="target_speed">0.300</SimpleData>
	</SchemaData></ExtendedData>
      <Point><coordinates>127.1067042496,37.2885102406</coordinates></Point>
  </Placemark>
  <Placemark>
	<ExtendedData><SchemaData schemaUrl="#competition_route_right_center_1m">
		<SimpleData name="index">496</SimpleData>
		<SimpleData name="distance_m">496.000</SimpleData>
		<SimpleData name="latitude">37.2885065816</SimpleData>
		<SimpleData name="longitude">127.1067145555</SimpleData>
		<SimpleData name="utm_easting_m">332173.3099</SimpleData>
		<SimpleData name="utm_northing_m">4128558.3385</SimpleData>
		<SimpleData name="utm_zone">52N</SimpleData>
		<SimpleData name="target_speed">0.300</SimpleData>
	</SchemaData></ExtendedData>
      <Point><coordinates>127.1067145555,37.2885065816</coordinates></Point>
  </Placemark>
  <Placemark>
	<ExtendedData><SchemaData schemaUrl="#competition_route_right_center_1m">
		<SimpleData name="index">497</SimpleData>
		<SimpleData name="distance_m">497.000</SimpleData>
		<SimpleData name="latitude">37.2885028201</SimpleData>
		<SimpleData name="longitude">127.1067248037</SimpleData>
		<SimpleData name="utm_easting_m">332174.2100</SimpleData>
		<SimpleData name="utm_northing_m">4128557.9029</SimpleData>
		<SimpleData name="utm_zone">52N</SimpleData>
		<SimpleData name="target_speed">0.300</SimpleData>
	</SchemaData></ExtendedData>
      <Point><coordinates>127.1067248037,37.2885028201</coordinates></Point>
  </Placemark>
  <Placemark>
	<ExtendedData><SchemaData schemaUrl="#competition_route_right_center_1m">
		<SimpleData name="index">498</SimpleData>
		<SimpleData name="distance_m">498.000</SimpleData>
		<SimpleData name="latitude">37.2884990934</SimpleData>
		<SimpleData name="longitude">127.1067350717</SimpleData>
		<SimpleData name="utm_easting_m">332175.1120</SimpleData>
		<SimpleData name="utm_northing_m">4128557.4712</SimpleData>
		<SimpleData name="utm_zone">52N</SimpleData>
		<SimpleData name="target_speed">0.300</SimpleData>
	</SchemaData></ExtendedData>
      <Point><coordinates>127.1067350717,37.2884990934</coordinates></Point>
  </Placemark>
  <Placemark>
	<ExtendedData><SchemaData schemaUrl="#competition_route_right_center_1m">
		<SimpleData name="index">499</SimpleData>
		<SimpleData name="distance_m">499.000</SimpleData>
		<SimpleData name="latitude">37.2884955327</SimpleData>
		<SimpleData name="longitude">127.1067454313</SimpleData>
		<SimpleData name="utm_easting_m">332176.0225</SimpleData>
		<SimpleData name="utm_northing_m">4128557.0577</SimpleData>
		<SimpleData name="utm_zone">52N</SimpleData>
		<SimpleData name="target_speed">0.300</SimpleData>
	</SchemaData></ExtendedData>
      <Point><coordinates>127.1067454313,37.2884955327</coordinates></Point>
  </Placemark>
  <Placemark>
	<ExtendedData><SchemaData schemaUrl="#competition_route_right_center_1m">
		<SimpleData name="index">500</SimpleData>
		<SimpleData name="distance_m">500.000</SimpleData>
		<SimpleData name="latitude">37.2884921509</SimpleData>
		<SimpleData name="longitude">127.1067558846</SimpleData>
		<SimpleData name="utm_easting_m">332176.9417</SimpleData>
		<SimpleData name="utm_northing_m">4128556.6640</SimpleData>
		<SimpleData name="utm_zone">52N</SimpleData>
		<SimpleData name="target_speed">0.300</SimpleData>
	</SchemaData></ExtendedData>
      <Point><coordinates>127.1067558846,37.2884921509</coordinates></Point>
  </Placemark>
  <Placemark>
	<ExtendedData><SchemaData schemaUrl="#competition_route_right_center_1m">
		<SimpleData name="index">501</SimpleData>
		<SimpleData name="distance_m">501.000</SimpleData>
		<SimpleData name="latitude">37.2884888536</SimpleData>
		<SimpleData name="longitude">127.1067663803</SimpleData>
		<SimpleData name="utm_easting_m">332177.8648</SimpleData>
		<SimpleData name="utm_northing_m">4128556.2795</SimpleData>
		<SimpleData name="utm_zone">52N</SimpleData>
		<SimpleData name="target_speed">0.300</SimpleData>
	</SchemaData></ExtendedData>
      <Point><coordinates>127.1067663803,37.2884888536</coordinates></Point>
  </Placemark>
  <Placemark>
	<ExtendedData><SchemaData schemaUrl="#competition_route_right_center_1m">
		<SimpleData name="index">502</SimpleData>
		<SimpleData name="distance_m">502.000</SimpleData>
		<SimpleData name="latitude">37.2884854794</SimpleData>
		<SimpleData name="longitude">127.1067768373</SimpleData>
		<SimpleData name="utm_easting_m">332178.7844</SimpleData>
		<SimpleData name="utm_northing_m">4128555.8865</SimpleData>
		<SimpleData name="utm_zone">52N</SimpleData>
		<SimpleData name="target_speed">0.300</SimpleData>
	</SchemaData></ExtendedData>
      <Point><coordinates>127.1067768373,37.2884854794</coordinates></Point>
  </Placemark>
  <Placemark>
	<ExtendedData><SchemaData schemaUrl="#competition_route_right_center_1m">
		<SimpleData name="index">503</SimpleData>
		<SimpleData name="distance_m">503.000</SimpleData>
		<SimpleData name="latitude">37.2884819504</SimpleData>
		<SimpleData name="longitude">127.1067872142</SimpleData>
		<SimpleData name="utm_easting_m">332179.6964</SimpleData>
		<SimpleData name="utm_northing_m">4128555.4765</SimpleData>
		<SimpleData name="utm_zone">52N</SimpleData>
		<SimpleData name="target_speed">0.300</SimpleData>
	</SchemaData></ExtendedData>
      <Point><coordinates>127.1067872142,37.2884819504</coordinates></Point>
  </Placemark>
  <Placemark>
	<ExtendedData><SchemaData schemaUrl="#competition_route_right_center_1m">
		<SimpleData name="index">504</SimpleData>
		<SimpleData name="distance_m">504.000</SimpleData>
		<SimpleData name="latitude">37.288478378</SimpleData>
		<SimpleData name="longitude">127.1067975678</SimpleData>
		<SimpleData name="utm_easting_m">332180.6064</SimpleData>
		<SimpleData name="utm_northing_m">4128555.0618</SimpleData>
		<SimpleData name="utm_zone">52N</SimpleData>
		<SimpleData name="target_speed">0.300</SimpleData>
	</SchemaData></ExtendedData>
      <Point><coordinates>127.1067975678,37.288478378</coordinates></Point>
  </Placemark>
  <Placemark>
	<ExtendedData><SchemaData schemaUrl="#competition_route_right_center_1m">
		<SimpleData name="index">505</SimpleData>
		<SimpleData name="distance_m">505.000</SimpleData>
		<SimpleData name="latitude">37.2884748956</SimpleData>
		<SimpleData name="longitude">127.1068079692</SimpleData>
		<SimpleData name="utm_easting_m">332181.5207</SimpleData>
		<SimpleData name="utm_northing_m">4128554.6569</SimpleData>
		<SimpleData name="utm_zone">52N</SimpleData>
		<SimpleData name="target_speed">0.300</SimpleData>
	</SchemaData></ExtendedData>
      <Point><coordinates>127.1068079692,37.2884748956</coordinates></Point>
  </Placemark>
  <Placemark>
	<ExtendedData><SchemaData schemaUrl="#competition_route_right_center_1m">
		<SimpleData name="index">506</SimpleData>
		<SimpleData name="distance_m">506.000</SimpleData>
		<SimpleData name="latitude">37.2884715812</SimpleData>
		<SimpleData name="longitude">127.1068184562</SimpleData>
		<SimpleData name="utm_easting_m">332182.4431</SimpleData>
		<SimpleData name="utm_northing_m">4128554.2706</SimpleData>
		<SimpleData name="utm_zone">52N</SimpleData>
		<SimpleData name="target_speed">0.300</SimpleData>
	</SchemaData></ExtendedData>
      <Point><coordinates>127.1068184562,37.2884715812</coordinates></Point>
  </Placemark>
  <Placemark>
	<ExtendedData><SchemaData schemaUrl="#competition_route_right_center_1m">
		<SimpleData name="index">507</SimpleData>
		<SimpleData name="distance_m">507.000</SimpleData>
		<SimpleData name="latitude">37.2884683914</SimpleData>
		<SimpleData name="longitude">127.1068290037</SimpleData>
		<SimpleData name="utm_easting_m">332183.3710</SimpleData>
		<SimpleData name="utm_northing_m">4128553.8979</SimpleData>
		<SimpleData name="utm_zone">52N</SimpleData>
		<SimpleData name="target_speed">0.300</SimpleData>
	</SchemaData></ExtendedData>
      <Point><coordinates>127.1068290037,37.2884683914</coordinates></Point>
  </Placemark>
  <Placemark>
	<ExtendedData><SchemaData schemaUrl="#competition_route_right_center_1m">
		<SimpleData name="index">508</SimpleData>
		<SimpleData name="distance_m">508.000</SimpleData>
		<SimpleData name="latitude">37.2884652449</SimpleData>
		<SimpleData name="longitude">127.1068395716</SimpleData>
		<SimpleData name="utm_easting_m">332184.3009</SimpleData>
		<SimpleData name="utm_northing_m">4128553.5300</SimpleData>
		<SimpleData name="utm_zone">52N</SimpleData>
		<SimpleData name="target_speed">0.300</SimpleData>
	</SchemaData></ExtendedData>
      <Point><coordinates>127.1068395716,37.2884652449</coordinates></Point>
  </Placemark>
  <Placemark>
	<ExtendedData><SchemaData schemaUrl="#competition_route_right_center_1m">
		<SimpleData name="index">509</SimpleData>
		<SimpleData name="distance_m">509.000</SimpleData>
		<SimpleData name="latitude">37.2884620257</SimpleData>
		<SimpleData name="longitude">127.1068501051</SimpleData>
		<SimpleData name="utm_easting_m">332185.2276</SimpleData>
		<SimpleData name="utm_northing_m">4128553.1542</SimpleData>
		<SimpleData name="utm_zone">52N</SimpleData>
		<SimpleData name="target_speed">0.300</SimpleData>
	</SchemaData></ExtendedData>
      <Point><coordinates>127.1068501051,37.2884620257</coordinates></Point>
  </Placemark>
  <Placemark>
	<ExtendedData><SchemaData schemaUrl="#competition_route_right_center_1m">
		<SimpleData name="index">510</SimpleData>
		<SimpleData name="distance_m">510.000</SimpleData>
		<SimpleData name="latitude">37.2884586784</SimpleData>
		<SimpleData name="longitude">127.1068605758</SimpleData>
		<SimpleData name="utm_easting_m">332186.1484</SimpleData>
		<SimpleData name="utm_northing_m">4128552.7642</SimpleData>
		<SimpleData name="utm_zone">52N</SimpleData>
		<SimpleData name="target_speed">0.300</SimpleData>
	</SchemaData></ExtendedData>
      <Point><coordinates>127.1068605758,37.2884586784</coordinates></Point>
  </Placemark>
  <Placemark>
	<ExtendedData><SchemaData schemaUrl="#competition_route_right_center_1m">
		<SimpleData name="index">511</SimpleData>
		<SimpleData name="distance_m">511.000</SimpleData>
		<SimpleData name="latitude">37.2884552582</SimpleData>
		<SimpleData name="longitude">127.1068710096</SimpleData>
		<SimpleData name="utm_easting_m">332187.0658</SimpleData>
		<SimpleData name="utm_northing_m">4128552.3662</SimpleData>
		<SimpleData name="utm_zone">52N</SimpleData>
		<SimpleData name="target_speed">0.300</SimpleData>
	</SchemaData></ExtendedData>
      <Point><coordinates>127.1068710096,37.2884552582</coordinates></Point>
  </Placemark>
  <Placemark>
	<ExtendedData><SchemaData schemaUrl="#competition_route_right_center_1m">
		<SimpleData name="index">512</SimpleData>
		<SimpleData name="distance_m">512.000</SimpleData>
		<SimpleData name="latitude">37.2884518498</SimpleData>
		<SimpleData name="longitude">127.1068814495</SimpleData>
		<SimpleData name="utm_easting_m">332187.9837</SimpleData>
		<SimpleData name="utm_northing_m">4128551.9694</SimpleData>
		<SimpleData name="utm_zone">52N</SimpleData>
		<SimpleData name="target_speed">0.300</SimpleData>
	</SchemaData></ExtendedData>
      <Point><coordinates>127.1068814495,37.2884518498</coordinates></Point>
  </Placemark>
  <Placemark>
	<ExtendedData><SchemaData schemaUrl="#competition_route_right_center_1m">
		<SimpleData name="index">513</SimpleData>
		<SimpleData name="distance_m">513.000</SimpleData>
		<SimpleData name="latitude">37.2884485294</SimpleData>
		<SimpleData name="longitude">127.1068919336</SimpleData>
		<SimpleData name="utm_easting_m">332188.9058</SimpleData>
		<SimpleData name="utm_northing_m">4128551.5824</SimpleData>
		<SimpleData name="utm_zone">52N</SimpleData>
		<SimpleData name="target_speed">0.300</SimpleData>
	</SchemaData></ExtendedData>
      <Point><coordinates>127.1068919336,37.2884485294</coordinates></Point>
  </Placemark>
  <Placemark>
	<ExtendedData><SchemaData schemaUrl="#competition_route_right_center_1m">
		<SimpleData name="index">514</SimpleData>
		<SimpleData name="distance_m">514.000</SimpleData>
		<SimpleData name="latitude">37.288445324</SimpleData>
		<SimpleData name="longitude">127.1069024737</SimpleData>
		<SimpleData name="utm_easting_m">332189.8330</SimpleData>
		<SimpleData name="utm_northing_m">4128551.2081</SimpleData>
		<SimpleData name="utm_zone">52N</SimpleData>
		<SimpleData name="target_speed">0.300</SimpleData>
	</SchemaData></ExtendedData>
      <Point><coordinates>127.1069024737,37.288445324</coordinates></Point>
  </Placemark>
  <Placemark>
	<ExtendedData><SchemaData schemaUrl="#competition_route_right_center_1m">
		<SimpleData name="index">515</SimpleData>
		<SimpleData name="distance_m">515.000</SimpleData>
		<SimpleData name="latitude">37.2884421771</SimpleData>
		<SimpleData name="longitude">127.1069130414</SimpleData>
		<SimpleData name="utm_easting_m">332190.7629</SimpleData>
		<SimpleData name="utm_northing_m">4128550.8401</SimpleData>
		<SimpleData name="utm_zone">52N</SimpleData>
		<SimpleData name="target_speed">0.300</SimpleData>
	</SchemaData></ExtendedData>
      <Point><coordinates>127.1069130414,37.2884421771</coordinates></Point>
  </Placemark>
  <Placemark>
	<ExtendedData><SchemaData schemaUrl="#competition_route_right_center_1m">
		<SimpleData name="index">516</SimpleData>
		<SimpleData name="distance_m">516.000</SimpleData>
		<SimpleData name="latitude">37.2884389613</SimpleData>
		<SimpleData name="longitude">127.1069235764</SimpleData>
		<SimpleData name="utm_easting_m">332191.6897</SimpleData>
		<SimpleData name="utm_northing_m">4128550.4646</SimpleData>
		<SimpleData name="utm_zone">52N</SimpleData>
		<SimpleData name="target_speed">0.300</SimpleData>
	</SchemaData></ExtendedData>
      <Point><coordinates>127.1069235764,37.2884389613</coordinates></Point>
  </Placemark>
  <Placemark>
	<ExtendedData><SchemaData schemaUrl="#competition_route_right_center_1m">
		<SimpleData name="index">517</SimpleData>
		<SimpleData name="distance_m">517.000</SimpleData>
		<SimpleData name="latitude">37.2884355777</SimpleData>
		<SimpleData name="longitude">127.1069340287</SimpleData>
		<SimpleData name="utm_easting_m">332192.6088</SimpleData>
		<SimpleData name="utm_northing_m">4128550.0706</SimpleData>
		<SimpleData name="utm_zone">52N</SimpleData>
		<SimpleData name="target_speed">0.300</SimpleData>
	</SchemaData></ExtendedData>
      <Point><coordinates>127.1069340287,37.2884355777</coordinates></Point>
  </Placemark>
  <Placemark>
	<ExtendedData><SchemaData schemaUrl="#competition_route_right_center_1m">
		<SimpleData name="index">518</SimpleData>
		<SimpleData name="distance_m">518.000</SimpleData>
		<SimpleData name="latitude">37.2884320389</SimpleData>
		<SimpleData name="longitude">127.1069444003</SimpleData>
		<SimpleData name="utm_easting_m">332193.5204</SimpleData>
		<SimpleData name="utm_northing_m">4128549.6596</SimpleData>
		<SimpleData name="utm_zone">52N</SimpleData>
		<SimpleData name="target_speed">0.300</SimpleData>
	</SchemaData></ExtendedData>
      <Point><coordinates>127.1069444003,37.2884320389</coordinates></Point>
  </Placemark>
  <Placemark>
	<ExtendedData><SchemaData schemaUrl="#competition_route_right_center_1m">
		<SimpleData name="index">519</SimpleData>
		<SimpleData name="distance_m">519.000</SimpleData>
		<SimpleData name="latitude">37.2884284691</SimpleData>
		<SimpleData name="longitude">127.1069547553</SimpleData>
		<SimpleData name="utm_easting_m">332194.4304</SimpleData>
		<SimpleData name="utm_northing_m">4128549.2451</SimpleData>
		<SimpleData name="utm_zone">52N</SimpleData>
		<SimpleData name="target_speed">0.300</SimpleData>
	</SchemaData></ExtendedData>
      <Point><coordinates>127.1069547553,37.2884284691</coordinates></Point>
  </Placemark>
  <Placemark>
	<ExtendedData><SchemaData schemaUrl="#competition_route_right_center_1m">
		<SimpleData name="index">520</SimpleData>
		<SimpleData name="distance_m">520.000</SimpleData>
		<SimpleData name="latitude">37.288425008</SimpleData>
		<SimpleData name="longitude">127.1069651678</SimpleData>
		<SimpleData name="utm_easting_m">332195.3458</SimpleData>
		<SimpleData name="utm_northing_m">4128548.8426</SimpleData>
		<SimpleData name="utm_zone">52N</SimpleData>
		<SimpleData name="target_speed">0.300</SimpleData>
	</SchemaData></ExtendedData>
      <Point><coordinates>127.1069651678,37.288425008</coordinates></Point>
  </Placemark>
  <Placemark>
	<ExtendedData><SchemaData schemaUrl="#competition_route_right_center_1m">
		<SimpleData name="index">521</SimpleData>
		<SimpleData name="distance_m">521.000</SimpleData>
		<SimpleData name="latitude">37.2884217306</SimpleData>
		<SimpleData name="longitude">127.106975673</SimpleData>
		<SimpleData name="utm_easting_m">332196.2699</SimpleData>
		<SimpleData name="utm_northing_m">4128548.4603</SimpleData>
		<SimpleData name="utm_zone">52N</SimpleData>
		<SimpleData name="target_speed">0.300</SimpleData>
	</SchemaData></ExtendedData>
      <Point><coordinates>127.106975673,37.2884217306</coordinates></Point>
  </Placemark>
  <Placemark>
	<ExtendedData><SchemaData schemaUrl="#competition_route_right_center_1m">
		<SimpleData name="index">522</SimpleData>
		<SimpleData name="distance_m">522.000</SimpleData>
		<SimpleData name="latitude">37.288418611</SimpleData>
		<SimpleData name="longitude">127.1069862532</SimpleData>
		<SimpleData name="utm_easting_m">332197.2009</SimpleData>
		<SimpleData name="utm_northing_m">4128548.0954</SimpleData>
		<SimpleData name="utm_zone">52N</SimpleData>
		<SimpleData name="target_speed">0.300</SimpleData>
	</SchemaData></ExtendedData>
      <Point><coordinates>127.1069862532,37.288418611</coordinates></Point>
  </Placemark>
  <Placemark>
	<ExtendedData><SchemaData schemaUrl="#competition_route_right_center_1m">
		<SimpleData name="index">523</SimpleData>
		<SimpleData name="distance_m">523.000</SimpleData>
		<SimpleData name="latitude">37.288415574</SimpleData>
		<SimpleData name="longitude">127.1069968712</SimpleData>
		<SimpleData name="utm_easting_m">332198.1354</SimpleData>
		<SimpleData name="utm_northing_m">4128547.7396</SimpleData>
		<SimpleData name="utm_zone">52N</SimpleData>
		<SimpleData name="target_speed">0.300</SimpleData>
	</SchemaData></ExtendedData>
      <Point><coordinates>127.1069968712,37.288415574</coordinates></Point>
  </Placemark>
  <Placemark>
	<ExtendedData><SchemaData schemaUrl="#competition_route_right_center_1m">
		<SimpleData name="index">524</SimpleData>
		<SimpleData name="distance_m">524.000</SimpleData>
		<SimpleData name="latitude">37.288412583</SimpleData>
		<SimpleData name="longitude">127.1070075096</SimpleData>
		<SimpleData name="utm_easting_m">332199.0719</SimpleData>
		<SimpleData name="utm_northing_m">4128547.3888</SimpleData>
		<SimpleData name="utm_zone">52N</SimpleData>
		<SimpleData name="target_speed">0.300</SimpleData>
	</SchemaData></ExtendedData>
      <Point><coordinates>127.1070075096,37.288412583</coordinates></Point>
  </Placemark>
  <Placemark>
	<ExtendedData><SchemaData schemaUrl="#competition_route_right_center_1m">
		<SimpleData name="index">525</SimpleData>
		<SimpleData name="distance_m">525.000</SimpleData>
		<SimpleData name="latitude">37.2884096534</SimpleData>
		<SimpleData name="longitude">127.1070181747</SimpleData>
		<SimpleData name="utm_easting_m">332200.0109</SimpleData>
		<SimpleData name="utm_northing_m">4128547.0448</SimpleData>
		<SimpleData name="utm_zone">52N</SimpleData>
		<SimpleData name="target_speed">0.300</SimpleData>
	</SchemaData></ExtendedData>
      <Point><coordinates>127.1070181747,37.2884096534</coordinates></Point>
  </Placemark>
  <Placemark>
	<ExtendedData><SchemaData schemaUrl="#competition_route_right_center_1m">
		<SimpleData name="index">526</SimpleData>
		<SimpleData name="distance_m">526.000</SimpleData>
		<SimpleData name="latitude">37.288406763</SimpleData>
		<SimpleData name="longitude">127.1070288565</SimpleData>
		<SimpleData name="utm_easting_m">332200.9514</SimpleData>
		<SimpleData name="utm_northing_m">4128546.7052</SimpleData>
		<SimpleData name="utm_zone">52N</SimpleData>
		<SimpleData name="target_speed">0.300</SimpleData>
	</SchemaData></ExtendedData>
      <Point><coordinates>127.1070288565,37.288406763</coordinates></Point>
  </Placemark>
  <Placemark>
	<ExtendedData><SchemaData schemaUrl="#competition_route_right_center_1m">
		<SimpleData name="index">527</SimpleData>
		<SimpleData name="distance_m">527.000</SimpleData>
		<SimpleData name="latitude">37.2884038326</SimpleData>
		<SimpleData name="longitude">127.1070395213</SimpleData>
		<SimpleData name="utm_easting_m">332201.8904</SimpleData>
		<SimpleData name="utm_northing_m">4128546.3611</SimpleData>
		<SimpleData name="utm_zone">52N</SimpleData>
		<SimpleData name="target_speed">0.300</SimpleData>
	</SchemaData></ExtendedData>
      <Point><coordinates>127.1070395213,37.2884038326</coordinates></Point>
  </Placemark>
  <Placemark>
	<ExtendedData><SchemaData schemaUrl="#competition_route_right_center_1m">
		<SimpleData name="index">528</SimpleData>
		<SimpleData name="distance_m">528.000</SimpleData>
		<SimpleData name="latitude">37.288400788</SimpleData>
		<SimpleData name="longitude">127.1070501357</SimpleData>
		<SimpleData name="utm_easting_m">332202.8246</SimpleData>
		<SimpleData name="utm_northing_m">4128546.0044</SimpleData>
		<SimpleData name="utm_zone">52N</SimpleData>
		<SimpleData name="target_speed">0.300</SimpleData>
	</SchemaData></ExtendedData>
      <Point><coordinates>127.1070501357,37.288400788</coordinates></Point>
  </Placemark>
  <Placemark>
	<ExtendedData><SchemaData schemaUrl="#competition_route_right_center_1m">
		<SimpleData name="index">529</SimpleData>
		<SimpleData name="distance_m">529.000</SimpleData>
		<SimpleData name="latitude">37.2883976256</SimpleData>
		<SimpleData name="longitude">127.1070606961</SimpleData>
		<SimpleData name="utm_easting_m">332203.7538</SimpleData>
		<SimpleData name="utm_northing_m">4128545.6348</SimpleData>
		<SimpleData name="utm_zone">52N</SimpleData>
		<SimpleData name="target_speed">0.300</SimpleData>
	</SchemaData></ExtendedData>
      <Point><coordinates>127.1070606961,37.2883976256</coordinates></Point>
  </Placemark>
  <Placemark>
	<ExtendedData><SchemaData schemaUrl="#competition_route_right_center_1m">
		<SimpleData name="index">530</SimpleData>
		<SimpleData name="distance_m">530.000</SimpleData>
		<SimpleData name="latitude">37.2883944071</SimpleData>
		<SimpleData name="longitude">127.10707123</SimpleData>
		<SimpleData name="utm_easting_m">332204.6805</SimpleData>
		<SimpleData name="utm_northing_m">4128545.2590</SimpleData>
		<SimpleData name="utm_zone">52N</SimpleData>
		<SimpleData name="target_speed">0.300</SimpleData>
	</SchemaData></ExtendedData>
      <Point><coordinates>127.10707123,37.2883944071</coordinates></Point>
  </Placemark>
  <Placemark>
	<ExtendedData><SchemaData schemaUrl="#competition_route_right_center_1m">
		<SimpleData name="index">531</SimpleData>
		<SimpleData name="distance_m">531.000</SimpleData>
		<SimpleData name="latitude">37.288391176</SimpleData>
		<SimpleData name="longitude">127.1070817578</SimpleData>
		<SimpleData name="utm_easting_m">332205.6066</SimpleData>
		<SimpleData name="utm_northing_m">4128544.8818</SimpleData>
		<SimpleData name="utm_zone">52N</SimpleData>
		<SimpleData name="target_speed">0.300</SimpleData>
	</SchemaData></ExtendedData>
      <Point><coordinates>127.1070817578,37.288391176</coordinates></Point>
  </Placemark>
  <Placemark>
	<ExtendedData><SchemaData schemaUrl="#competition_route_right_center_1m">
		<SimpleData name="index">532</SimpleData>
		<SimpleData name="distance_m">532.000</SimpleData>
		<SimpleData name="latitude">37.288387897</SimpleData>
		<SimpleData name="longitude">127.1070922624</SimpleData>
		<SimpleData name="utm_easting_m">332206.5306</SimpleData>
		<SimpleData name="utm_northing_m">4128544.4994</SimpleData>
		<SimpleData name="utm_zone">52N</SimpleData>
		<SimpleData name="target_speed">0.300</SimpleData>
	</SchemaData></ExtendedData>
      <Point><coordinates>127.1070922624,37.288387897</coordinates></Point>
  </Placemark>
  <Placemark>
	<ExtendedData><SchemaData schemaUrl="#competition_route_right_center_1m">
		<SimpleData name="index">533</SimpleData>
		<SimpleData name="distance_m">533.000</SimpleData>
		<SimpleData name="latitude">37.2883845455</SimpleData>
		<SimpleData name="longitude">127.107102731</SimpleData>
		<SimpleData name="utm_easting_m">332207.4512</SimpleData>
		<SimpleData name="utm_northing_m">4128544.1089</SimpleData>
		<SimpleData name="utm_zone">52N</SimpleData>
		<SimpleData name="target_speed">0.300</SimpleData>
	</SchemaData></ExtendedData>
      <Point><coordinates>127.107102731,37.2883845455</coordinates></Point>
  </Placemark>
  <Placemark>
	<ExtendedData><SchemaData schemaUrl="#competition_route_right_center_1m">
		<SimpleData name="index">534</SimpleData>
		<SimpleData name="distance_m">534.000</SimpleData>
		<SimpleData name="latitude">37.2883811828</SimpleData>
		<SimpleData name="longitude">127.1071131941</SimpleData>
		<SimpleData name="utm_easting_m">332208.3713</SimpleData>
		<SimpleData name="utm_northing_m">4128543.7172</SimpleData>
		<SimpleData name="utm_zone">52N</SimpleData>
		<SimpleData name="target_speed">0.300</SimpleData>
	</SchemaData></ExtendedData>
      <Point><coordinates>127.1071131941,37.2883811828</coordinates></Point>
  </Placemark>
  <Placemark>
	<ExtendedData><SchemaData schemaUrl="#competition_route_right_center_1m">
		<SimpleData name="index">535</SimpleData>
		<SimpleData name="distance_m">535.000</SimpleData>
		<SimpleData name="latitude">37.2883778794</SimpleData>
		<SimpleData name="longitude">127.1071236867</SimpleData>
		<SimpleData name="utm_easting_m">332209.2941</SimpleData>
		<SimpleData name="utm_northing_m">4128543.3321</SimpleData>
		<SimpleData name="utm_zone">52N</SimpleData>
		<SimpleData name="target_speed">0.300</SimpleData>
	</SchemaData></ExtendedData>
      <Point><coordinates>127.1071236867,37.2883778794</coordinates></Point>
  </Placemark>
  <Placemark>
	<ExtendedData><SchemaData schemaUrl="#competition_route_right_center_1m">
		<SimpleData name="index">536</SimpleData>
		<SimpleData name="distance_m">536.000</SimpleData>
		<SimpleData name="latitude">37.2883746427</SimpleData>
		<SimpleData name="longitude">127.1071342118</SimpleData>
		<SimpleData name="utm_easting_m">332210.2200</SimpleData>
		<SimpleData name="utm_northing_m">4128542.9543</SimpleData>
		<SimpleData name="utm_zone">52N</SimpleData>
		<SimpleData name="target_speed">0.300</SimpleData>
	</SchemaData></ExtendedData>
      <Point><coordinates>127.1071342118,37.2883746427</coordinates></Point>
  </Placemark>
  <Placemark>
	<ExtendedData><SchemaData schemaUrl="#competition_route_right_center_1m">
		<SimpleData name="index">537</SimpleData>
		<SimpleData name="distance_m">537.000</SimpleData>
		<SimpleData name="latitude">37.2883714116</SimpleData>
		<SimpleData name="longitude">127.1071447396</SimpleData>
		<SimpleData name="utm_easting_m">332211.1462</SimpleData>
		<SimpleData name="utm_northing_m">4128542.5771</SimpleData>
		<SimpleData name="utm_zone">52N</SimpleData>
		<SimpleData name="target_speed">0.300</SimpleData>
	</SchemaData></ExtendedData>
      <Point><coordinates>127.1071447396,37.2883714116</coordinates></Point>
  </Placemark>
  <Placemark>
	<ExtendedData><SchemaData schemaUrl="#competition_route_right_center_1m">
		<SimpleData name="index">538</SimpleData>
		<SimpleData name="distance_m">538.000</SimpleData>
		<SimpleData name="latitude">37.2883681268</SimpleData>
		<SimpleData name="longitude">127.1071552414</SimpleData>
		<SimpleData name="utm_easting_m">332212.0699</SimpleData>
		<SimpleData name="utm_northing_m">4128542.1940</SimpleData>
		<SimpleData name="utm_zone">52N</SimpleData>
		<SimpleData name="target_speed">0.300</SimpleData>
	</SchemaData></ExtendedData>
      <Point><coordinates>127.1071552414,37.2883681268</coordinates></Point>
  </Placemark>
  <Placemark>
	<ExtendedData><SchemaData schemaUrl="#competition_route_right_center_1m">
		<SimpleData name="index">539</SimpleData>
		<SimpleData name="distance_m">539.000</SimpleData>
		<SimpleData name="latitude">37.2883647799</SimpleData>
		<SimpleData name="longitude">127.1071657123</SimpleData>
		<SimpleData name="utm_easting_m">332212.9907</SimpleData>
		<SimpleData name="utm_northing_m">4128541.8040</SimpleData>
		<SimpleData name="utm_zone">52N</SimpleData>
		<SimpleData name="target_speed">0.300</SimpleData>
	</SchemaData></ExtendedData>
      <Point><coordinates>127.1071657123,37.2883647799</coordinates></Point>
  </Placemark>
  <Placemark>
	<ExtendedData><SchemaData schemaUrl="#competition_route_right_center_1m">
		<SimpleData name="index">540</SimpleData>
		<SimpleData name="distance_m">540.000</SimpleData>
		<SimpleData name="latitude">37.2883614041</SimpleData>
		<SimpleData name="longitude">127.1071761688</SimpleData>
		<SimpleData name="utm_easting_m">332213.9102</SimpleData>
		<SimpleData name="utm_northing_m">4128541.4109</SimpleData>
		<SimpleData name="utm_zone">52N</SimpleData>
		<SimpleData name="target_speed">0.300</SimpleData>
	</SchemaData></ExtendedData>
      <Point><coordinates>127.1071761688,37.2883614041</coordinates></Point>
  </Placemark>
  <Placemark>
	<ExtendedData><SchemaData schemaUrl="#competition_route_right_center_1m">
		<SimpleData name="index">541</SimpleData>
		<SimpleData name="distance_m">541.000</SimpleData>
		<SimpleData name="latitude">37.2883580504</SimpleData>
		<SimpleData name="longitude">127.1071866364</SimpleData>
		<SimpleData name="utm_easting_m">332214.8307</SimpleData>
		<SimpleData name="utm_northing_m">4128541.0202</SimpleData>
		<SimpleData name="utm_zone">52N</SimpleData>
		<SimpleData name="target_speed">0.300</SimpleData>
	</SchemaData></ExtendedData>
      <Point><coordinates>127.1071866364,37.2883580504</coordinates></Point>
  </Placemark>
  <Placemark>
	<ExtendedData><SchemaData schemaUrl="#competition_route_right_center_1m">
		<SimpleData name="index">542</SimpleData>
		<SimpleData name="distance_m">542.000</SimpleData>
		<SimpleData name="latitude">37.2883547549</SimpleData>
		<SimpleData name="longitude">127.1071971329</SimpleData>
		<SimpleData name="utm_easting_m">332215.7539</SimpleData>
		<SimpleData name="utm_northing_m">4128540.6359</SimpleData>
		<SimpleData name="utm_zone">52N</SimpleData>
		<SimpleData name="target_speed">0.300</SimpleData>
	</SchemaData></ExtendedData>
      <Point><coordinates>127.1071971329,37.2883547549</coordinates></Point>
  </Placemark>
  <Placemark>
	<ExtendedData><SchemaData schemaUrl="#competition_route_right_center_1m">
		<SimpleData name="index">543</SimpleData>
		<SimpleData name="distance_m">543.000</SimpleData>
		<SimpleData name="latitude">37.2883515055</SimpleData>
		<SimpleData name="longitude">127.1072076519</SimpleData>
		<SimpleData name="utm_easting_m">332216.6792</SimpleData>
		<SimpleData name="utm_northing_m">4128540.2567</SimpleData>
		<SimpleData name="utm_zone">52N</SimpleData>
		<SimpleData name="target_speed">0.300</SimpleData>
	</SchemaData></ExtendedData>
      <Point><coordinates>127.1072076519,37.2883515055</coordinates></Point>
  </Placemark>
  <Placemark>
	<ExtendedData><SchemaData schemaUrl="#competition_route_right_center_1m">
		<SimpleData name="index">544</SimpleData>
		<SimpleData name="distance_m">544.000</SimpleData>
		<SimpleData name="latitude">37.2883482778</SimpleData>
		<SimpleData name="longitude">127.1072181814</SimpleData>
		<SimpleData name="utm_easting_m">332217.6055</SimpleData>
		<SimpleData name="utm_northing_m">4128539.8799</SimpleData>
		<SimpleData name="utm_zone">52N</SimpleData>
		<SimpleData name="target_speed">0.300</SimpleData>
	</SchemaData></ExtendedData>
      <Point><coordinates>127.1072181814,37.2883482778</coordinates></Point>
  </Placemark>
  <Placemark>
	<ExtendedData><SchemaData schemaUrl="#competition_route_right_center_1m">
		<SimpleData name="index">545</SimpleData>
		<SimpleData name="distance_m">545.000</SimpleData>
		<SimpleData name="latitude">37.2883450502</SimpleData>
		<SimpleData name="longitude">127.1072287109</SimpleData>
		<SimpleData name="utm_easting_m">332218.5318</SimpleData>
		<SimpleData name="utm_northing_m">4128539.5031</SimpleData>
		<SimpleData name="utm_zone">52N</SimpleData>
		<SimpleData name="target_speed">0.300</SimpleData>
	</SchemaData></ExtendedData>
      <Point><coordinates>127.1072287109,37.2883450502</coordinates></Point>
  </Placemark>
  <Placemark>
	<ExtendedData><SchemaData schemaUrl="#competition_route_right_center_1m">
		<SimpleData name="index">546</SimpleData>
		<SimpleData name="distance_m">546.000</SimpleData>
		<SimpleData name="latitude">37.2883418137</SimpleData>
		<SimpleData name="longitude">127.1072392361</SimpleData>
		<SimpleData name="utm_easting_m">332219.4577</SimpleData>
		<SimpleData name="utm_northing_m">4128539.1253</SimpleData>
		<SimpleData name="utm_zone">52N</SimpleData>
		<SimpleData name="target_speed">0.300</SimpleData>
	</SchemaData></ExtendedData>
      <Point><coordinates>127.1072392361,37.2883418137</coordinates></Point>
  </Placemark>
  <Placemark>
	<ExtendedData><SchemaData schemaUrl="#competition_route_right_center_1m">
		<SimpleData name="index">547</SimpleData>
		<SimpleData name="distance_m">547.000</SimpleData>
		<SimpleData name="latitude">37.2883385882</SimpleData>
		<SimpleData name="longitude">127.1072497666</SimpleData>
		<SimpleData name="utm_easting_m">332220.3841</SimpleData>
		<SimpleData name="utm_northing_m">4128538.7487</SimpleData>
		<SimpleData name="utm_zone">52N</SimpleData>
		<SimpleData name="target_speed">0.300</SimpleData>
	</SchemaData></ExtendedData>
      <Point><coordinates>127.1072497666,37.2883385882</coordinates></Point>
  </Placemark>
  <Placemark>
	<ExtendedData><SchemaData schemaUrl="#competition_route_right_center_1m">
		<SimpleData name="index">548</SimpleData>
		<SimpleData name="distance_m">548.000</SimpleData>
		<SimpleData name="latitude">37.2883354069</SimpleData>
		<SimpleData name="longitude">127.1072603182</SimpleData>
		<SimpleData name="utm_easting_m">332221.3124</SimpleData>
		<SimpleData name="utm_northing_m">4128538.3770</SimpleData>
		<SimpleData name="utm_zone">52N</SimpleData>
		<SimpleData name="target_speed">0.300</SimpleData>
	</SchemaData></ExtendedData>
      <Point><coordinates>127.1072603182,37.2883354069</coordinates></Point>
  </Placemark>
  <Placemark>
	<ExtendedData><SchemaData schemaUrl="#competition_route_right_center_1m">
		<SimpleData name="index">549</SimpleData>
		<SimpleData name="distance_m">549.000</SimpleData>
		<SimpleData name="latitude">37.288332308</SimpleData>
		<SimpleData name="longitude">127.1072709079</SimpleData>
		<SimpleData name="utm_easting_m">332222.2444</SimpleData>
		<SimpleData name="utm_northing_m">4128538.0144</SimpleData>
		<SimpleData name="utm_zone">52N</SimpleData>
		<SimpleData name="target_speed">0.300</SimpleData>
	</SchemaData></ExtendedData>
      <Point><coordinates>127.1072709079,37.288332308</coordinates></Point>
  </Placemark>
  <Placemark>
	<ExtendedData><SchemaData schemaUrl="#competition_route_right_center_1m">
		<SimpleData name="index">550</SimpleData>
		<SimpleData name="distance_m">550.000</SimpleData>
		<SimpleData name="latitude">37.2883293779</SimpleData>
		<SimpleData name="longitude">127.1072815725</SimpleData>
		<SimpleData name="utm_easting_m">332223.1833</SimpleData>
		<SimpleData name="utm_northing_m">4128537.6703</SimpleData>
		<SimpleData name="utm_zone">52N</SimpleData>
		<SimpleData name="target_speed">0.300</SimpleData>
	</SchemaData></ExtendedData>
      <Point><coordinates>127.1072815725,37.2883293779</coordinates></Point>
  </Placemark>
  <Placemark>
	<ExtendedData><SchemaData schemaUrl="#competition_route_right_center_1m">
		<SimpleData name="index">551</SimpleData>
		<SimpleData name="distance_m">551.000</SimpleData>
		<SimpleData name="latitude">37.2883267289</SimpleData>
		<SimpleData name="longitude">127.1072923512</SimpleData>
		<SimpleData name="utm_easting_m">332224.1329</SimpleData>
		<SimpleData name="utm_northing_m">4128537.3573</SimpleData>
		<SimpleData name="utm_zone">52N</SimpleData>
		<SimpleData name="target_speed">0.300</SimpleData>
	</SchemaData></ExtendedData>
      <Point><coordinates>127.1072923512,37.2883267289</coordinates></Point>
  </Placemark>
  <Placemark>
	<ExtendedData><SchemaData schemaUrl="#competition_route_right_center_1m">
		<SimpleData name="index">552</SimpleData>
		<SimpleData name="distance_m">552.000</SimpleData>
		<SimpleData name="latitude">37.2883245254</SimpleData>
		<SimpleData name="longitude">127.1073032847</SimpleData>
		<SimpleData name="utm_easting_m">332225.0973</SimpleData>
		<SimpleData name="utm_northing_m">4128537.0934</SimpleData>
		<SimpleData name="utm_zone">52N</SimpleData>
		<SimpleData name="target_speed">0.300</SimpleData>
	</SchemaData></ExtendedData>
      <Point><coordinates>127.1073032847,37.2883245254</coordinates></Point>
  </Placemark>
  <Placemark>
	<ExtendedData><SchemaData schemaUrl="#competition_route_right_center_1m">
		<SimpleData name="index">553</SimpleData>
		<SimpleData name="distance_m">553.000</SimpleData>
		<SimpleData name="latitude">37.2883229046</SimpleData>
		<SimpleData name="longitude">127.1073143758</SimpleData>
		<SimpleData name="utm_easting_m">332226.0770</SimpleData>
		<SimpleData name="utm_northing_m">4128536.8939</SimpleData>
		<SimpleData name="utm_zone">52N</SimpleData>
		<SimpleData name="target_speed">0.300</SimpleData>
	</SchemaData></ExtendedData>
      <Point><coordinates>127.1073143758,37.2883229046</coordinates></Point>
  </Placemark>
  <Placemark>
	<ExtendedData><SchemaData schemaUrl="#competition_route_right_center_1m">
		<SimpleData name="index">554</SimpleData>
		<SimpleData name="distance_m">554.000</SimpleData>
		<SimpleData name="latitude">37.2883219522</SimpleData>
		<SimpleData name="longitude">127.1073255875</SimpleData>
		<SimpleData name="utm_easting_m">332227.0688</SimpleData>
		<SimpleData name="utm_northing_m">4128536.7683</SimpleData>
		<SimpleData name="utm_zone">52N</SimpleData>
		<SimpleData name="target_speed">0.300</SimpleData>
	</SchemaData></ExtendedData>
      <Point><coordinates>127.1073255875,37.2883219522</coordinates></Point>
  </Placemark>
  <Placemark>
	<ExtendedData><SchemaData schemaUrl="#competition_route_right_center_1m">
		<SimpleData name="index">555</SimpleData>
		<SimpleData name="distance_m">555.000</SimpleData>
		<SimpleData name="latitude">37.2883217756</SimpleData>
		<SimpleData name="longitude">127.1073368589</SimpleData>
		<SimpleData name="utm_easting_m">332228.0676</SimpleData>
		<SimpleData name="utm_northing_m">4128536.7287</SimpleData>
		<SimpleData name="utm_zone">52N</SimpleData>
		<SimpleData name="target_speed">0.300</SimpleData>
	</SchemaData></ExtendedData>
      <Point><coordinates>127.1073368589,37.2883217756</coordinates></Point>
  </Placemark>
  <Placemark>
	<ExtendedData><SchemaData schemaUrl="#competition_route_right_center_1m">
		<SimpleData name="index">556</SimpleData>
		<SimpleData name="distance_m">556.000</SimpleData>
		<SimpleData name="latitude">37.2883224813</SimpleData>
		<SimpleData name="longitude">127.1073480963</SimpleData>
		<SimpleData name="utm_easting_m">332229.0654</SimpleData>
		<SimpleData name="utm_northing_m">4128536.7871</SimpleData>
		<SimpleData name="utm_zone">52N</SimpleData>
		<SimpleData name="target_speed">0.300</SimpleData>
	</SchemaData></ExtendedData>
      <Point><coordinates>127.1073480963,37.2883224813</coordinates></Point>
  </Placemark>
  <Placemark>
	<ExtendedData><SchemaData schemaUrl="#competition_route_right_center_1m">
		<SimpleData name="index">557</SimpleData>
		<SimpleData name="distance_m">557.000</SimpleData>
		<SimpleData name="latitude">37.2883242113</SimpleData>
		<SimpleData name="longitude">127.107359157</SimpleData>
		<SimpleData name="utm_easting_m">332230.0498</SimpleData>
		<SimpleData name="utm_northing_m">4128536.9594</SimpleData>
		<SimpleData name="utm_zone">52N</SimpleData>
		<SimpleData name="target_speed">0.300</SimpleData>
	</SchemaData></ExtendedData>
      <Point><coordinates>127.107359157,37.2883242113</coordinates></Point>
  </Placemark>
  <Placemark>
	<ExtendedData><SchemaData schemaUrl="#competition_route_right_center_1m">
		<SimpleData name="index">558</SimpleData>
		<SimpleData name="distance_m">558.000</SimpleData>
		<SimpleData name="latitude">37.2883269709</SimpleData>
		<SimpleData name="longitude">127.1073698861</SimpleData>
		<SimpleData name="utm_easting_m">332231.0071</SimpleData>
		<SimpleData name="utm_northing_m">4128537.2465</SimpleData>
		<SimpleData name="utm_zone">52N</SimpleData>
		<SimpleData name="target_speed">0.300</SimpleData>
	</SchemaData></ExtendedData>
      <Point><coordinates>127.1073698861,37.2883269709</coordinates></Point>
  </Placemark>
  <Placemark>
	<ExtendedData><SchemaData schemaUrl="#competition_route_right_center_1m">
		<SimpleData name="index">559</SimpleData>
		<SimpleData name="distance_m">559.000</SimpleData>
		<SimpleData name="latitude">37.288330622</SimpleData>
		<SimpleData name="longitude">127.1073801912</SimpleData>
		<SimpleData name="utm_easting_m">332231.9288</SimpleData>
		<SimpleData name="utm_northing_m">4128537.6334</SimpleData>
		<SimpleData name="utm_zone">52N</SimpleData>
		<SimpleData name="target_speed">0.300</SimpleData>
	</SchemaData></ExtendedData>
      <Point><coordinates>127.1073801912,37.288330622</coordinates></Point>
  </Placemark>
  <Placemark>
	<ExtendedData><SchemaData schemaUrl="#competition_route_right_center_1m">
		<SimpleData name="index">560</SimpleData>
		<SimpleData name="distance_m">560.000</SimpleData>
		<SimpleData name="latitude">37.2883350722</SimpleData>
		<SimpleData name="longitude">127.1073899911</SimpleData>
		<SimpleData name="utm_easting_m">332232.8074</SimpleData>
		<SimpleData name="utm_northing_m">4128538.1097</SimpleData>
		<SimpleData name="utm_zone">52N</SimpleData>
		<SimpleData name="target_speed">0.300</SimpleData>
	</SchemaData></ExtendedData>
      <Point><coordinates>127.1073899911,37.2883350722</coordinates></Point>
  </Placemark>
  <Placemark>
	<ExtendedData><SchemaData schemaUrl="#competition_route_right_center_1m">
		<SimpleData name="index">561</SimpleData>
		<SimpleData name="distance_m">561.000</SimpleData>
		<SimpleData name="latitude">37.2883404194</SimpleData>
		<SimpleData name="longitude">127.1073990573</SimpleData>
		<SimpleData name="utm_easting_m">332233.6231</SimpleData>
		<SimpleData name="utm_northing_m">4128538.6869</SimpleData>
		<SimpleData name="utm_zone">52N</SimpleData>
		<SimpleData name="target_speed">0.300</SimpleData>
	</SchemaData></ExtendedData>
      <Point><coordinates>127.1073990573,37.2883404194</coordinates></Point>
  </Placemark>
  <Placemark>
	<ExtendedData><SchemaData schemaUrl="#competition_route_right_center_1m">
		<SimpleData name="index">562</SimpleData>
		<SimpleData name="distance_m">562.000</SimpleData>
		<SimpleData name="latitude">37.2883466416</SimpleData>
		<SimpleData name="longitude">127.1074072052</SimpleData>
		<SimpleData name="utm_easting_m">332234.3592</SimpleData>
		<SimpleData name="utm_northing_m">4128539.3629</SimpleData>
		<SimpleData name="utm_zone">52N</SimpleData>
		<SimpleData name="target_speed">0.300</SimpleData>
	</SchemaData></ExtendedData>
      <Point><coordinates>127.1074072052,37.2883466416</coordinates></Point>
  </Placemark>
  <Placemark>
	<ExtendedData><SchemaData schemaUrl="#competition_route_right_center_1m">
		<SimpleData name="index">563</SimpleData>
		<SimpleData name="distance_m">563.000</SimpleData>
		<SimpleData name="latitude">37.2883533962</SimpleData>
		<SimpleData name="longitude">127.1074146674</SimpleData>
		<SimpleData name="utm_easting_m">332235.0357</SimpleData>
		<SimpleData name="utm_northing_m">4128540.0991</SimpleData>
		<SimpleData name="utm_zone">52N</SimpleData>
		<SimpleData name="target_speed">0.300</SimpleData>
	</SchemaData></ExtendedData>
      <Point><coordinates>127.1074146674,37.2883533962</coordinates></Point>
  </Placemark>
  <Placemark>
	<ExtendedData><SchemaData schemaUrl="#competition_route_right_center_1m">
		<SimpleData name="index">564</SimpleData>
		<SimpleData name="distance_m">564.000</SimpleData>
		<SimpleData name="latitude">37.2883603329</SimpleData>
		<SimpleData name="longitude">127.1074218655</SimpleData>
		<SimpleData name="utm_easting_m">332235.6893</SimpleData>
		<SimpleData name="utm_northing_m">4128540.8560</SimpleData>
		<SimpleData name="utm_zone">52N</SimpleData>
		<SimpleData name="target_speed">0.300</SimpleData>
	</SchemaData></ExtendedData>
      <Point><coordinates>127.1074218655,37.2883603329</coordinates></Point>
  </Placemark>
  <Placemark>
	<ExtendedData><SchemaData schemaUrl="#competition_route_right_center_1m">
		<SimpleData name="index">565</SimpleData>
		<SimpleData name="distance_m">565.000</SimpleData>
		<SimpleData name="latitude">37.2883672833</SimpleData>
		<SimpleData name="longitude">127.1074290429</SimpleData>
		<SimpleData name="utm_easting_m">332236.3410</SimpleData>
		<SimpleData name="utm_northing_m">4128541.6144</SimpleData>
		<SimpleData name="utm_zone">52N</SimpleData>
		<SimpleData name="target_speed">0.300</SimpleData>
	</SchemaData></ExtendedData>
      <Point><coordinates>127.1074290429,37.2883672833</coordinates></Point>
  </Placemark>
  <Placemark>
	<ExtendedData><SchemaData schemaUrl="#competition_route_right_center_1m">
		<SimpleData name="index">566</SimpleData>
		<SimpleData name="distance_m">566.000</SimpleData>
		<SimpleData name="latitude">37.2883742471</SimpleData>
		<SimpleData name="longitude">127.1074362001</SimpleData>
		<SimpleData name="utm_easting_m">332236.9910</SimpleData>
		<SimpleData name="utm_northing_m">4128542.3744</SimpleData>
		<SimpleData name="utm_zone">52N</SimpleData>
		<SimpleData name="target_speed">0.300</SimpleData>
	</SchemaData></ExtendedData>
      <Point><coordinates>127.1074362001,37.2883742471</coordinates></Point>
  </Placemark>
  <Placemark>
	<ExtendedData><SchemaData schemaUrl="#competition_route_right_center_1m">
		<SimpleData name="index">567</SimpleData>
		<SimpleData name="distance_m">567.000</SimpleData>
		<SimpleData name="latitude">37.2883812514</SimpleData>
		<SimpleData name="longitude">127.107443295</SimpleData>
		<SimpleData name="utm_easting_m">332237.6355</SimpleData>
		<SimpleData name="utm_northing_m">4128543.1390</SimpleData>
		<SimpleData name="utm_zone">52N</SimpleData>
		<SimpleData name="target_speed">0.300</SimpleData>
	</SchemaData></ExtendedData>
      <Point><coordinates>127.107443295,37.2883812514</coordinates></Point>
  </Placemark>
  <Placemark>
	<ExtendedData><SchemaData schemaUrl="#competition_route_right_center_1m">
		<SimpleData name="index">568</SimpleData>
		<SimpleData name="distance_m">568.000</SimpleData>
		<SimpleData name="latitude">37.2883883843</SimpleData>
		<SimpleData name="longitude">127.1074501855</SimpleData>
		<SimpleData name="utm_easting_m">332238.2622</SimpleData>
		<SimpleData name="utm_northing_m">4128543.9182</SimpleData>
		<SimpleData name="utm_zone">52N</SimpleData>
		<SimpleData name="target_speed">0.300</SimpleData>
	</SchemaData></ExtendedData>
      <Point><coordinates>127.1074501855,37.2883883843</coordinates></Point>
  </Placemark>
  <Placemark>
	<ExtendedData><SchemaData schemaUrl="#competition_route_right_center_1m">
		<SimpleData name="index">569</SimpleData>
		<SimpleData name="distance_m">569.000</SimpleData>
		<SimpleData name="latitude">37.2883957172</SimpleData>
		<SimpleData name="longitude">127.1074567388</SimpleData>
		<SimpleData name="utm_easting_m">332238.8595</SimpleData>
		<SimpleData name="utm_northing_m">4128544.7201</SimpleData>
		<SimpleData name="utm_zone">52N</SimpleData>
		<SimpleData name="target_speed">0.300</SimpleData>
	</SchemaData></ExtendedData>
      <Point><coordinates>127.1074567388,37.2883957172</coordinates></Point>
  </Placemark>
  <Placemark>
	<ExtendedData><SchemaData schemaUrl="#competition_route_right_center_1m">
		<SimpleData name="index">570</SimpleData>
		<SimpleData name="distance_m">570.000</SimpleData>
		<SimpleData name="latitude">37.2884032252</SimpleData>
		<SimpleData name="longitude">127.107462974</SimpleData>
		<SimpleData name="utm_easting_m">332239.4289</SimpleData>
		<SimpleData name="utm_northing_m">4128545.5421</SimpleData>
		<SimpleData name="utm_zone">52N</SimpleData>
		<SimpleData name="target_speed">0.300</SimpleData>
	</SchemaData></ExtendedData>
      <Point><coordinates>127.107462974,37.2884032252</coordinates></Point>
  </Placemark>
  <Placemark>
	<ExtendedData><SchemaData schemaUrl="#competition_route_right_center_1m">
		<SimpleData name="index">571</SimpleData>
		<SimpleData name="distance_m">571.000</SimpleData>
		<SimpleData name="latitude">37.2884108473</SimpleData>
		<SimpleData name="longitude">127.107468989</SimpleData>
		<SimpleData name="utm_easting_m">332239.9791</SimpleData>
		<SimpleData name="utm_northing_m">4128546.3772</SimpleData>
		<SimpleData name="utm_zone">52N</SimpleData>
		<SimpleData name="target_speed">0.300</SimpleData>
	</SchemaData></ExtendedData>
      <Point><coordinates>127.107468989,37.2884108473</coordinates></Point>
  </Placemark>
  <Placemark>
	<ExtendedData><SchemaData schemaUrl="#competition_route_right_center_1m">
		<SimpleData name="index">572</SimpleData>
		<SimpleData name="distance_m">572.000</SimpleData>
		<SimpleData name="latitude">37.2884185442</SimpleData>
		<SimpleData name="longitude">127.107474853</SimpleData>
		<SimpleData name="utm_easting_m">332240.5160</SimpleData>
		<SimpleData name="utm_northing_m">4128547.2208</SimpleData>
		<SimpleData name="utm_zone">52N</SimpleData>
		<SimpleData name="target_speed">0.300</SimpleData>
	</SchemaData></ExtendedData>
      <Point><coordinates>127.107474853,37.2884185442</coordinates></Point>
  </Placemark>
  <Placemark>
	<ExtendedData><SchemaData schemaUrl="#competition_route_right_center_1m">
		<SimpleData name="index">573</SimpleData>
		<SimpleData name="distance_m">573.000</SimpleData>
		<SimpleData name="latitude">37.2884263266</SimpleData>
		<SimpleData name="longitude">127.1074805371</SimpleData>
		<SimpleData name="utm_easting_m">332241.0372</SimpleData>
		<SimpleData name="utm_northing_m">4128548.0742</SimpleData>
		<SimpleData name="utm_zone">52N</SimpleData>
		<SimpleData name="target_speed">0.300</SimpleData>
	</SchemaData></ExtendedData>
      <Point><coordinates>127.1074805371,37.2884263266</coordinates></Point>
  </Placemark>
  <Placemark>
	<ExtendedData><SchemaData schemaUrl="#competition_route_right_center_1m">
		<SimpleData name="index">574</SimpleData>
		<SimpleData name="distance_m">574.000</SimpleData>
		<SimpleData name="latitude">37.2884342105</SimpleData>
		<SimpleData name="longitude">127.107485998</SimpleData>
		<SimpleData name="utm_easting_m">332241.5388</SimpleData>
		<SimpleData name="utm_northing_m">4128548.9392</SimpleData>
		<SimpleData name="utm_zone">52N</SimpleData>
		<SimpleData name="target_speed">0.300</SimpleData>
	</SchemaData></ExtendedData>
      <Point><coordinates>127.107485998,37.2884342105</coordinates></Point>
  </Placemark>
  <Placemark>
	<ExtendedData><SchemaData schemaUrl="#competition_route_right_center_1m">
		<SimpleData name="index">575</SimpleData>
		<SimpleData name="distance_m">575.000</SimpleData>
		<SimpleData name="latitude">37.2884421674</SimpleData>
		<SimpleData name="longitude">127.1074912905</SimpleData>
		<SimpleData name="utm_easting_m">332242.0257</SimpleData>
		<SimpleData name="utm_northing_m">4128549.8127</SimpleData>
		<SimpleData name="utm_zone">52N</SimpleData>
		<SimpleData name="target_speed">0.300</SimpleData>
	</SchemaData></ExtendedData>
      <Point><coordinates>127.1074912905,37.2884421674</coordinates></Point>
  </Placemark>
  <Placemark>
	<ExtendedData><SchemaData schemaUrl="#competition_route_right_center_1m">
		<SimpleData name="index">576</SimpleData>
		<SimpleData name="distance_m">576.000</SimpleData>
		<SimpleData name="latitude">37.2884501792</SimpleData>
		<SimpleData name="longitude">127.1074964518</SimpleData>
		<SimpleData name="utm_easting_m">332242.5011</SimpleData>
		<SimpleData name="utm_northing_m">4128550.6925</SimpleData>
		<SimpleData name="utm_zone">52N</SimpleData>
		<SimpleData name="target_speed">0.300</SimpleData>
	</SchemaData></ExtendedData>
      <Point><coordinates>127.1074964518,37.2884501792</coordinates></Point>
  </Placemark>
  <Placemark>
	<ExtendedData><SchemaData schemaUrl="#competition_route_right_center_1m">
		<SimpleData name="index">577</SimpleData>
		<SimpleData name="distance_m">577.000</SimpleData>
		<SimpleData name="latitude">37.28845821</SimpleData>
		<SimpleData name="longitude">127.1075015667</SimpleData>
		<SimpleData name="utm_easting_m">332242.9723</SimpleData>
		<SimpleData name="utm_northing_m">4128551.5745</SimpleData>
		<SimpleData name="utm_zone">52N</SimpleData>
		<SimpleData name="target_speed">0.300</SimpleData>
	</SchemaData></ExtendedData>
      <Point><coordinates>127.1075015667,37.28845821</coordinates></Point>
  </Placemark>
  <Placemark>
	<ExtendedData><SchemaData schemaUrl="#competition_route_right_center_1m">
		<SimpleData name="index">578</SimpleData>
		<SimpleData name="distance_m">578.000</SimpleData>
		<SimpleData name="latitude">37.2884661863</SimpleData>
		<SimpleData name="longitude">127.1075068132</SimpleData>
		<SimpleData name="utm_easting_m">332243.4552</SimpleData>
		<SimpleData name="utm_northing_m">4128552.4502</SimpleData>
		<SimpleData name="utm_zone">52N</SimpleData>
		<SimpleData name="target_speed">0.300</SimpleData>
	</SchemaData></ExtendedData>
      <Point><coordinates>127.1075068132,37.2884661863</coordinates></Point>
  </Placemark>
  <Placemark>
	<ExtendedData><SchemaData schemaUrl="#competition_route_right_center_1m">
		<SimpleData name="index">579</SimpleData>
		<SimpleData name="distance_m">579.000</SimpleData>
		<SimpleData name="latitude">37.2884740899</SimpleData>
		<SimpleData name="longitude">127.1075122293</SimpleData>
		<SimpleData name="utm_easting_m">332243.9529</SimpleData>
		<SimpleData name="utm_northing_m">4128553.3175</SimpleData>
		<SimpleData name="utm_zone">52N</SimpleData>
		<SimpleData name="target_speed">0.300</SimpleData>
	</SchemaData></ExtendedData>
      <Point><coordinates>127.1075122293,37.2884740899</coordinates></Point>
  </Placemark>
  <Placemark>
	<ExtendedData><SchemaData schemaUrl="#competition_route_right_center_1m">
		<SimpleData name="index">580</SimpleData>
		<SimpleData name="distance_m">580.000</SimpleData>
		<SimpleData name="latitude">37.2884820247</SimpleData>
		<SimpleData name="longitude">127.1075175731</SimpleData>
		<SimpleData name="utm_easting_m">332244.4442</SimpleData>
		<SimpleData name="utm_northing_m">4128554.1884</SimpleData>
		<SimpleData name="utm_zone">52N</SimpleData>
		<SimpleData name="target_speed">0.300</SimpleData>
	</SchemaData></ExtendedData>
      <Point><coordinates>127.1075175731,37.2884820247</coordinates></Point>
  </Placemark>
  <Placemark>
	<ExtendedData><SchemaData schemaUrl="#competition_route_right_center_1m">
		<SimpleData name="index">581</SimpleData>
		<SimpleData name="distance_m">581.000</SimpleData>
		<SimpleData name="latitude">37.2884901198</SimpleData>
		<SimpleData name="longitude">127.107522524</SimpleData>
		<SimpleData name="utm_easting_m">332244.9011</SimpleData>
		<SimpleData name="utm_northing_m">4128555.0778</SimpleData>
		<SimpleData name="utm_zone">52N</SimpleData>
		<SimpleData name="target_speed">0.300</SimpleData>
	</SchemaData></ExtendedData>
      <Point><coordinates>127.107522524,37.2884901198</coordinates></Point>
  </Placemark>
  <Placemark>
	<ExtendedData><SchemaData schemaUrl="#competition_route_right_center_1m">
		<SimpleData name="index">582</SimpleData>
		<SimpleData name="distance_m">582.000</SimpleData>
		<SimpleData name="latitude">37.2884984226</SimpleData>
		<SimpleData name="longitude">127.1075269025</SimpleData>
		<SimpleData name="utm_easting_m">332245.3077</SimpleData>
		<SimpleData name="utm_northing_m">4128555.9913</SimpleData>
		<SimpleData name="utm_zone">52N</SimpleData>
		<SimpleData name="target_speed">0.300</SimpleData>
	</SchemaData></ExtendedData>
      <Point><coordinates>127.1075269025,37.2884984226</coordinates></Point>
  </Placemark>
  <Placemark>
	<ExtendedData><SchemaData schemaUrl="#competition_route_right_center_1m">
		<SimpleData name="index">583</SimpleData>
		<SimpleData name="distance_m">583.000</SimpleData>
		<SimpleData name="latitude">37.2885068905</SimpleData>
		<SimpleData name="longitude">127.107530755</SimpleData>
		<SimpleData name="utm_easting_m">332245.6681</SimpleData>
		<SimpleData name="utm_northing_m">4128556.9240</SimpleData>
		<SimpleData name="utm_zone">52N</SimpleData>
		<SimpleData name="target_speed">0.300</SimpleData>
	</SchemaData></ExtendedData>
      <Point><coordinates>127.107530755,37.2885068905</coordinates></Point>
  </Placemark>
  <Placemark>
	<ExtendedData><SchemaData schemaUrl="#competition_route_right_center_1m">
		<SimpleData name="index">584</SimpleData>
		<SimpleData name="distance_m">584.000</SimpleData>
		<SimpleData name="latitude">37.288515478</SimpleData>
		<SimpleData name="longitude">127.1075341695</SimpleData>
		<SimpleData name="utm_easting_m">332245.9898</SimpleData>
		<SimpleData name="utm_northing_m">4128557.8708</SimpleData>
		<SimpleData name="utm_zone">52N</SimpleData>
		<SimpleData name="target_speed">0.300</SimpleData>
	</SchemaData></ExtendedData>
      <Point><coordinates>127.1075341695,37.288515478</coordinates></Point>
  </Placemark>
  <Placemark>
	<ExtendedData><SchemaData schemaUrl="#competition_route_right_center_1m">
		<SimpleData name="index">585</SimpleData>
		<SimpleData name="distance_m">585.000</SimpleData>
		<SimpleData name="latitude">37.2885241355</SimpleData>
		<SimpleData name="longitude">127.1075372961</SimpleData>
		<SimpleData name="utm_easting_m">332246.2862</SimpleData>
		<SimpleData name="utm_northing_m">4128558.8258</SimpleData>
		<SimpleData name="utm_zone">52N</SimpleData>
		<SimpleData name="target_speed">0.300</SimpleData>
	</SchemaData></ExtendedData>
      <Point><coordinates>127.1075372961,37.2885241355</coordinates></Point>
  </Placemark>
  <Placemark>
	<ExtendedData><SchemaData schemaUrl="#competition_route_right_center_1m">
		<SimpleData name="index">586</SimpleData>
		<SimpleData name="distance_m">586.000</SimpleData>
		<SimpleData name="latitude">37.288532814</SimpleData>
		<SimpleData name="longitude">127.1075403309</SimpleData>
		<SimpleData name="utm_easting_m">332246.5746</SimpleData>
		<SimpleData name="utm_northing_m">4128559.7834</SimpleData>
		<SimpleData name="utm_zone">52N</SimpleData>
		<SimpleData name="target_speed">0.300</SimpleData>
	</SchemaData></ExtendedData>
      <Point><coordinates>127.1075403309,37.288532814</coordinates></Point>
  </Placemark>
  <Placemark>
	<ExtendedData><SchemaData schemaUrl="#competition_route_right_center_1m">
		<SimpleData name="index">587</SimpleData>
		<SimpleData name="distance_m">587.000</SimpleData>
		<SimpleData name="latitude">37.2885414919</SimpleData>
		<SimpleData name="longitude">127.107543368</SimpleData>
		<SimpleData name="utm_easting_m">332246.8631</SimpleData>
		<SimpleData name="utm_northing_m">4128560.7408</SimpleData>
		<SimpleData name="utm_zone">52N</SimpleData>
		<SimpleData name="target_speed">0.300</SimpleData>
	</SchemaData></ExtendedData>
      <Point><coordinates>127.107543368,37.2885414919</coordinates></Point>
  </Placemark>
  <Placemark>
	<ExtendedData><SchemaData schemaUrl="#competition_route_right_center_1m">
		<SimpleData name="index">588</SimpleData>
		<SimpleData name="distance_m">588.000</SimpleData>
		<SimpleData name="latitude">37.2885501906</SimpleData>
		<SimpleData name="longitude">127.1075463102</SimpleData>
		<SimpleData name="utm_easting_m">332247.1432</SimpleData>
		<SimpleData name="utm_northing_m">4128561.7008</SimpleData>
		<SimpleData name="utm_zone">52N</SimpleData>
		<SimpleData name="target_speed">0.300</SimpleData>
	</SchemaData></ExtendedData>
      <Point><coordinates>127.1075463102,37.2885501906</coordinates></Point>
  </Placemark>
  <Placemark>
	<ExtendedData><SchemaData schemaUrl="#competition_route_right_center_1m">
		<SimpleData name="index">589</SimpleData>
		<SimpleData name="distance_m">589.000</SimpleData>
		<SimpleData name="latitude">37.288558948</SimpleData>
		<SimpleData name="longitude">127.1075489643</SimpleData>
		<SimpleData name="utm_easting_m">332247.3980</SimpleData>
		<SimpleData name="utm_northing_m">4128562.6677</SimpleData>
		<SimpleData name="utm_zone">52N</SimpleData>
		<SimpleData name="target_speed">0.300</SimpleData>
	</SchemaData></ExtendedData>
      <Point><coordinates>127.1075489643,37.288558948</coordinates></Point>
  </Placemark>
  <Placemark>
	<ExtendedData><SchemaData schemaUrl="#competition_route_right_center_1m">
		<SimpleData name="index">590</SimpleData>
		<SimpleData name="distance_m">590.000</SimpleData>
		<SimpleData name="latitude">37.2885677877</SimpleData>
		<SimpleData name="longitude">127.1075511465</SimpleData>
		<SimpleData name="utm_easting_m">332247.6111</SimpleData>
		<SimpleData name="utm_northing_m">4128563.6447</SimpleData>
		<SimpleData name="utm_zone">52N</SimpleData>
		<SimpleData name="target_speed">0.300</SimpleData>
	</SchemaData></ExtendedData>
      <Point><coordinates>127.1075511465,37.2885677877</coordinates></Point>
  </Placemark>
  <Placemark>
	<ExtendedData><SchemaData schemaUrl="#competition_route_right_center_1m">
		<SimpleData name="index">591</SimpleData>
		<SimpleData name="distance_m">591.000</SimpleData>
		<SimpleData name="latitude">37.2885767087</SimpleData>
		<SimpleData name="longitude">127.1075527213</SimpleData>
		<SimpleData name="utm_easting_m">332247.7705</SimpleData>
		<SimpleData name="utm_northing_m">4128564.6317</SimpleData>
		<SimpleData name="utm_zone">52N</SimpleData>
		<SimpleData name="target_speed">0.300</SimpleData>
	</SchemaData></ExtendedData>
      <Point><coordinates>127.1075527213,37.2885767087</coordinates></Point>
  </Placemark>
  <Placemark>
	<ExtendedData><SchemaData schemaUrl="#competition_route_right_center_1m">
		<SimpleData name="index">592</SimpleData>
		<SimpleData name="distance_m">592.000</SimpleData>
		<SimpleData name="latitude">37.2885856941</SimpleData>
		<SimpleData name="longitude">127.1075535352</SimpleData>
		<SimpleData name="utm_easting_m">332247.8626</SimpleData>
		<SimpleData name="utm_northing_m">4128565.6272</SimpleData>
		<SimpleData name="utm_zone">52N</SimpleData>
		<SimpleData name="target_speed">0.300</SimpleData>
	</SchemaData></ExtendedData>
      <Point><coordinates>127.1075535352,37.2885856941</coordinates></Point>
  </Placemark>
  <Placemark>
	<ExtendedData><SchemaData schemaUrl="#competition_route_right_center_1m">
		<SimpleData name="index">593</SimpleData>
		<SimpleData name="distance_m">593.000</SimpleData>
		<SimpleData name="latitude">37.2885946997</SimpleData>
		<SimpleData name="longitude">127.1075533089</SimpleData>
		<SimpleData name="utm_easting_m">332247.8625</SimpleData>
		<SimpleData name="utm_northing_m">4128566.6269</SimpleData>
		<SimpleData name="utm_zone">52N</SimpleData>
		<SimpleData name="target_speed">0.300</SimpleData>
	</SchemaData></ExtendedData>
      <Point><coordinates>127.1075533089,37.2885946997</coordinates></Point>
  </Placemark>
  <Placemark>
	<ExtendedData><SchemaData schemaUrl="#competition_route_right_center_1m">
		<SimpleData name="index">594</SimpleData>
		<SimpleData name="distance_m">594.000</SimpleData>
		<SimpleData name="latitude">37.2886036279</SimpleData>
		<SimpleData name="longitude">127.1075518421</SimpleData>
		<SimpleData name="utm_easting_m">332247.7523</SimpleData>
		<SimpleData name="utm_northing_m">4128567.6201</SimpleData>
		<SimpleData name="utm_zone">52N</SimpleData>
		<SimpleData name="target_speed">0.300</SimpleData>
	</SchemaData></ExtendedData>
      <Point><coordinates>127.1075518421,37.2886036279</coordinates></Point>
  </Placemark>
  <Placemark>
	<ExtendedData><SchemaData schemaUrl="#competition_route_right_center_1m">
		<SimpleData name="index">595</SimpleData>
		<SimpleData name="distance_m">595.000</SimpleData>
		<SimpleData name="latitude">37.2886123374</SimpleData>
		<SimpleData name="longitude">127.1075489841</SimpleData>
		<SimpleData name="utm_easting_m">332247.5183</SimpleData>
		<SimpleData name="utm_northing_m">4128568.5915</SimpleData>
		<SimpleData name="utm_zone">52N</SimpleData>
		<SimpleData name="target_speed">0.300</SimpleData>
	</SchemaData></ExtendedData>
      <Point><coordinates>127.1075489841,37.2886123374</coordinates></Point>
  </Placemark>
  <Placemark>
	<ExtendedData><SchemaData schemaUrl="#competition_route_right_center_1m">
		<SimpleData name="index">596</SimpleData>
		<SimpleData name="distance_m">596.000</SimpleData>
		<SimpleData name="latitude">37.2886206652</SimpleData>
		<SimpleData name="longitude">127.1075446991</SimpleData>
		<SimpleData name="utm_easting_m">332247.1569</SimpleData>
		<SimpleData name="utm_northing_m">4128569.5231</SimpleData>
		<SimpleData name="utm_zone">52N</SimpleData>
		<SimpleData name="target_speed">0.300</SimpleData>
	</SchemaData></ExtendedData>
      <Point><coordinates>127.1075446991,37.2886206652</coordinates></Point>
  </Placemark>
  <Placemark>
	<ExtendedData><SchemaData schemaUrl="#competition_route_right_center_1m">
		<SimpleData name="index">597</SimpleData>
		<SimpleData name="distance_m">597.000</SimpleData>
		<SimpleData name="latitude">37.2886285171</SimpleData>
		<SimpleData name="longitude">127.1075391798</SimpleData>
		<SimpleData name="utm_easting_m">332246.6851</SimpleData>
		<SimpleData name="utm_northing_m">4128570.4041</SimpleData>
		<SimpleData name="utm_zone">52N</SimpleData>
		<SimpleData name="target_speed">0.300</SimpleData>
	</SchemaData></ExtendedData>
      <Point><coordinates>127.1075391798,37.2886285171</coordinates></Point>
  </Placemark>
  <Placemark>
	<ExtendedData><SchemaData schemaUrl="#competition_route_right_center_1m">
		<SimpleData name="index">598</SimpleData>
		<SimpleData name="distance_m">598.000</SimpleData>
		<SimpleData name="latitude">37.2886358467</SimpleData>
		<SimpleData name="longitude">127.1075326283</SimpleData>
		<SimpleData name="utm_easting_m">332246.1205</SimpleData>
		<SimpleData name="utm_northing_m">4128571.2290</SimpleData>
		<SimpleData name="utm_zone">52N</SimpleData>
		<SimpleData name="target_speed">0.300</SimpleData>
	</SchemaData></ExtendedData>
      <Point><coordinates>127.1075326283,37.2886358467</coordinates></Point>
  </Placemark>
  <Placemark>
	<ExtendedData><SchemaData schemaUrl="#competition_route_right_center_1m">
		<SimpleData name="index">599</SimpleData>
		<SimpleData name="distance_m">599.000</SimpleData>
		<SimpleData name="latitude">37.2886426616</SimpleData>
		<SimpleData name="longitude">127.1075252558</SimpleData>
		<SimpleData name="utm_easting_m">332245.4821</SimpleData>
		<SimpleData name="utm_northing_m">4128571.9982</SimpleData>
		<SimpleData name="utm_zone">52N</SimpleData>
		<SimpleData name="target_speed">0.300</SimpleData>
	</SchemaData></ExtendedData>
      <Point><coordinates>127.1075252558,37.2886426616</coordinates></Point>
  </Placemark>
  <Placemark>
	<ExtendedData><SchemaData schemaUrl="#competition_route_right_center_1m">
		<SimpleData name="index">600</SimpleData>
		<SimpleData name="distance_m">600.000</SimpleData>
		<SimpleData name="latitude">37.2886490264</SimpleData>
		<SimpleData name="longitude">127.107517275</SimpleData>
		<SimpleData name="utm_easting_m">332244.7887</SimpleData>
		<SimpleData name="utm_northing_m">4128572.7186</SimpleData>
		<SimpleData name="utm_zone">52N</SimpleData>
		<SimpleData name="target_speed">0.300</SimpleData>
	</SchemaData></ExtendedData>
      <Point><coordinates>127.107517275,37.2886490264</coordinates></Point>
  </Placemark>
  <Placemark>
	<ExtendedData><SchemaData schemaUrl="#competition_route_right_center_1m">
		<SimpleData name="index">601</SimpleData>
		<SimpleData name="distance_m">601.000</SimpleData>
		<SimpleData name="latitude">37.2886550876</SimpleData>
		<SimpleData name="longitude">127.1075089308</SimpleData>
		<SimpleData name="utm_easting_m">332244.0625</SimpleData>
		<SimpleData name="utm_northing_m">4128573.4059</SimpleData>
		<SimpleData name="utm_zone">52N</SimpleData>
		<SimpleData name="target_speed">0.300</SimpleData>
	</SchemaData></ExtendedData>
      <Point><coordinates>127.1075089308,37.2886550876</coordinates></Point>
  </Placemark>
  <Placemark>
	<ExtendedData><SchemaData schemaUrl="#competition_route_right_center_1m">
		<SimpleData name="index">602</SimpleData>
		<SimpleData name="distance_m">602.000</SimpleData>
		<SimpleData name="latitude">37.2886609308</SimpleData>
		<SimpleData name="longitude">127.1075003463</SimpleData>
		<SimpleData name="utm_easting_m">332243.3144</SimpleData>
		<SimpleData name="utm_northing_m">4128574.0695</SimpleData>
		<SimpleData name="utm_zone">52N</SimpleData>
		<SimpleData name="target_speed">0.300</SimpleData>
	</SchemaData></ExtendedData>
      <Point><coordinates>127.1075003463,37.2886609308</coordinates></Point>
  </Placemark>
  <Placemark>
	<ExtendedData><SchemaData schemaUrl="#competition_route_right_center_1m">
		<SimpleData name="index">603</SimpleData>
		<SimpleData name="distance_m">603.000</SimpleData>
		<SimpleData name="latitude">37.2886665084</SimpleData>
		<SimpleData name="longitude">127.10749149</SimpleData>
		<SimpleData name="utm_easting_m">332242.5417</SimpleData>
		<SimpleData name="utm_northing_m">4128574.7041</SimpleData>
		<SimpleData name="utm_zone">52N</SimpleData>
		<SimpleData name="target_speed">0.300</SimpleData>
	</SchemaData></ExtendedData>
      <Point><coordinates>127.10749149,37.2886665084</coordinates></Point>
  </Placemark>
  <Placemark>
	<ExtendedData><SchemaData schemaUrl="#competition_route_right_center_1m">
		<SimpleData name="index">604</SimpleData>
		<SimpleData name="distance_m">604.000</SimpleData>
		<SimpleData name="latitude">37.288671721</SimpleData>
		<SimpleData name="longitude">127.1074822924</SimpleData>
		<SimpleData name="utm_easting_m">332241.7379</SimpleData>
		<SimpleData name="utm_northing_m">4128575.2988</SimpleData>
		<SimpleData name="utm_zone">52N</SimpleData>
		<SimpleData name="target_speed">0.300</SimpleData>
	</SchemaData></ExtendedData>
      <Point><coordinates>127.1074822924,37.288671721</coordinates></Point>
  </Placemark>
  <Placemark>
	<ExtendedData><SchemaData schemaUrl="#competition_route_right_center_1m">
		<SimpleData name="index">605</SimpleData>
		<SimpleData name="distance_m">605.000</SimpleData>
		<SimpleData name="latitude">37.2886765163</SimpleData>
		<SimpleData name="longitude">127.1074727456</SimpleData>
		<SimpleData name="utm_easting_m">332240.9022</SimpleData>
		<SimpleData name="utm_northing_m">4128575.8478</SimpleData>
		<SimpleData name="utm_zone">52N</SimpleData>
		<SimpleData name="target_speed">0.300</SimpleData>
	</SchemaData></ExtendedData>
      <Point><coordinates>127.1074727456,37.2886765163</coordinates></Point>
  </Placemark>
  <Placemark>
	<ExtendedData><SchemaData schemaUrl="#competition_route_right_center_1m">
		<SimpleData name="index">606</SimpleData>
		<SimpleData name="distance_m">606.000</SimpleData>
		<SimpleData name="latitude">37.288680978</SimpleData>
		<SimpleData name="longitude">127.107462948</SimpleData>
		<SimpleData name="utm_easting_m">332240.0435</SimpleData>
		<SimpleData name="utm_northing_m">4128576.3602</SimpleData>
		<SimpleData name="utm_zone">52N</SimpleData>
		<SimpleData name="target_speed">0.300</SimpleData>
	</SchemaData></ExtendedData>
      <Point><coordinates>127.107462948,37.288680978</coordinates></Point>
  </Placemark>
  <Placemark>
	<ExtendedData><SchemaData schemaUrl="#competition_route_right_center_1m">
		<SimpleData name="index">607</SimpleData>
		<SimpleData name="distance_m">607.000</SimpleData>
		<SimpleData name="latitude">37.2886852275</SimpleData>
		<SimpleData name="longitude">127.1074530033</SimpleData>
		<SimpleData name="utm_easting_m">332239.1714</SimpleData>
		<SimpleData name="utm_northing_m">4128576.8494</SimpleData>
		<SimpleData name="utm_zone">52N</SimpleData>
		<SimpleData name="target_speed">0.300</SimpleData>
	</SchemaData></ExtendedData>
      <Point><coordinates>127.1074530033,37.2886852275</coordinates></Point>
  </Placemark>
  <Placemark>
	<ExtendedData><SchemaData schemaUrl="#competition_route_right_center_1m">
		<SimpleData name="index">608</SimpleData>
		<SimpleData name="distance_m">608.000</SimpleData>
		<SimpleData name="latitude">37.2886893457</SimpleData>
		<SimpleData name="longitude">127.1074429723</SimpleData>
		<SimpleData name="utm_easting_m">332238.2912</SimpleData>
		<SimpleData name="utm_northing_m">4128577.3241</SimpleData>
		<SimpleData name="utm_zone">52N</SimpleData>
		<SimpleData name="target_speed">0.300</SimpleData>
	</SchemaData></ExtendedData>
      <Point><coordinates>127.1074429723,37.2886893457</coordinates></Point>
  </Placemark>
  <Placemark>
	<ExtendedData><SchemaData schemaUrl="#competition_route_right_center_1m">
		<SimpleData name="index">609</SimpleData>
		<SimpleData name="distance_m">609.000</SimpleData>
		<SimpleData name="latitude">37.2886933545</SimpleData>
		<SimpleData name="longitude">127.1074328721</SimpleData>
		<SimpleData name="utm_easting_m">332237.4047</SimpleData>
		<SimpleData name="utm_northing_m">4128577.7868</SimpleData>
		<SimpleData name="utm_zone">52N</SimpleData>
		<SimpleData name="target_speed">0.300</SimpleData>
	</SchemaData></ExtendedData>
      <Point><coordinates>127.1074328721,37.2886933545</coordinates></Point>
  </Placemark>
  <Placemark>
	<ExtendedData><SchemaData schemaUrl="#competition_route_right_center_1m">
		<SimpleData name="index">610</SimpleData>
		<SimpleData name="distance_m">610.000</SimpleData>
		<SimpleData name="latitude">37.2886972654</SimpleData>
		<SimpleData name="longitude">127.1074227119</SimpleData>
		<SimpleData name="utm_easting_m">332236.5127</SimpleData>
		<SimpleData name="utm_northing_m">4128578.2388</SimpleData>
		<SimpleData name="utm_zone">52N</SimpleData>
		<SimpleData name="target_speed">0.300</SimpleData>
	</SchemaData></ExtendedData>
      <Point><coordinates>127.1074227119,37.2886972654</coordinates></Point>
  </Placemark>
  <Placemark>
	<ExtendedData><SchemaData schemaUrl="#competition_route_right_center_1m">
		<SimpleData name="index">611</SimpleData>
		<SimpleData name="distance_m">611.000</SimpleData>
		<SimpleData name="latitude">37.2887010856</SimpleData>
		<SimpleData name="longitude">127.1074124978</SimpleData>
		<SimpleData name="utm_easting_m">332235.6157</SimpleData>
		<SimpleData name="utm_northing_m">4128578.6808</SimpleData>
		<SimpleData name="utm_zone">52N</SimpleData>
		<SimpleData name="target_speed">0.300</SimpleData>
	</SchemaData></ExtendedData>
      <Point><coordinates>127.1074124978,37.2887010856</coordinates></Point>
  </Placemark>
  <Placemark>
	<ExtendedData><SchemaData schemaUrl="#competition_route_right_center_1m">
		<SimpleData name="index">612</SimpleData>
		<SimpleData name="distance_m">612.000</SimpleData>
		<SimpleData name="latitude">37.2887048401</SimpleData>
		<SimpleData name="longitude">127.1074022455</SimpleData>
		<SimpleData name="utm_easting_m">332234.7152</SimpleData>
		<SimpleData name="utm_northing_m">4128579.1156</SimpleData>
		<SimpleData name="utm_zone">52N</SimpleData>
		<SimpleData name="target_speed">0.300</SimpleData>
	</SchemaData></ExtendedData>
      <Point><coordinates>127.1074022455,37.2887048401</coordinates></Point>
  </Placemark>
  <Placemark>
	<ExtendedData><SchemaData schemaUrl="#competition_route_right_center_1m">
		<SimpleData name="index">613</SimpleData>
		<SimpleData name="distance_m">613.000</SimpleData>
		<SimpleData name="latitude">37.2887085585</SimpleData>
		<SimpleData name="longitude">127.1073919727</SimpleData>
		<SimpleData name="utm_easting_m">332233.8127</SimpleData>
		<SimpleData name="utm_northing_m">4128579.5464</SimpleData>
		<SimpleData name="utm_zone">52N</SimpleData>
		<SimpleData name="target_speed">0.300</SimpleData>
	</SchemaData></ExtendedData>
      <Point><coordinates>127.1073919727,37.2887085585</coordinates></Point>
  </Placemark>
  <Placemark>
	<ExtendedData><SchemaData schemaUrl="#competition_route_right_center_1m">
		<SimpleData name="index">614</SimpleData>
		<SimpleData name="distance_m">614.000</SimpleData>
		<SimpleData name="latitude">37.2887123041</SimpleData>
		<SimpleData name="longitude">127.1073817154</SimpleData>
		<SimpleData name="utm_easting_m">332232.9117</SimpleData>
		<SimpleData name="utm_northing_m">4128579.9802</SimpleData>
		<SimpleData name="utm_zone">52N</SimpleData>
		<SimpleData name="target_speed">0.300</SimpleData>
	</SchemaData></ExtendedData>
      <Point><coordinates>127.1073817154,37.2887123041</coordinates></Point>
  </Placemark>
  <Placemark>
	<ExtendedData><SchemaData schemaUrl="#competition_route_right_center_1m">
		<SimpleData name="index">615</SimpleData>
		<SimpleData name="distance_m">615.000</SimpleData>
		<SimpleData name="latitude">37.2887162275</SimpleData>
		<SimpleData name="longitude">127.1073715634</SimpleData>
		<SimpleData name="utm_easting_m">332232.0204</SimpleData>
		<SimpleData name="utm_northing_m">4128580.4335</SimpleData>
		<SimpleData name="utm_zone">52N</SimpleData>
		<SimpleData name="target_speed">0.300</SimpleData>
	</SchemaData></ExtendedData>
      <Point><coordinates>127.1073715634,37.2887162275</coordinates></Point>
  </Placemark>
  <Placemark>
	<ExtendedData><SchemaData schemaUrl="#competition_route_right_center_1m">
		<SimpleData name="index">616</SimpleData>
		<SimpleData name="distance_m">616.000</SimpleData>
		<SimpleData name="latitude">37.2887205469</SimpleData>
		<SimpleData name="longitude">127.1073616681</SimpleData>
		<SimpleData name="utm_easting_m">332231.1528</SimpleData>
		<SimpleData name="utm_northing_m">4128580.9303</SimpleData>
		<SimpleData name="utm_zone">52N</SimpleData>
		<SimpleData name="target_speed">0.300</SimpleData>
	</SchemaData></ExtendedData>
      <Point><coordinates>127.1073616681,37.2887205469</coordinates></Point>
  </Placemark>
  <Placemark>
	<ExtendedData><SchemaData schemaUrl="#competition_route_right_center_1m">
		<SimpleData name="index">617</SimpleData>
		<SimpleData name="distance_m">617.000</SimpleData>
		<SimpleData name="latitude">37.2887255001</SimpleData>
		<SimpleData name="longitude">127.1073522526</SimpleData>
		<SimpleData name="utm_easting_m">332230.3291</SimpleData>
		<SimpleData name="utm_northing_m">4128581.4966</SimpleData>
		<SimpleData name="utm_zone">52N</SimpleData>
		<SimpleData name="target_speed">0.300</SimpleData>
	</SchemaData></ExtendedData>
      <Point><coordinates>127.1073522526,37.2887255001</coordinates></Point>
  </Placemark>
  <Placemark>
	<ExtendedData><SchemaData schemaUrl="#competition_route_right_center_1m">
		<SimpleData name="index">618</SimpleData>
		<SimpleData name="distance_m">618.000</SimpleData>
		<SimpleData name="latitude">37.2887313175</SimpleData>
		<SimpleData name="longitude">127.1073436528</SimpleData>
		<SimpleData name="utm_easting_m">332229.5796</SimpleData>
		<SimpleData name="utm_northing_m">4128582.1573</SimpleData>
		<SimpleData name="utm_zone">52N</SimpleData>
		<SimpleData name="target_speed">0.300</SimpleData>
	</SchemaData></ExtendedData>
      <Point><coordinates>127.1073436528,37.2887313175</coordinates></Point>
  </Placemark>
  <Placemark>
	<ExtendedData><SchemaData schemaUrl="#competition_route_right_center_1m">
		<SimpleData name="index">619</SimpleData>
		<SimpleData name="distance_m">619.000</SimpleData>
		<SimpleData name="latitude">37.2887381569</SimpleData>
		<SimpleData name="longitude">127.1073363338</SimpleData>
		<SimpleData name="utm_easting_m">332228.9460</SimpleData>
		<SimpleData name="utm_northing_m">4128582.9292</SimpleData>
		<SimpleData name="utm_zone">52N</SimpleData>
		<SimpleData name="target_speed">0.300</SimpleData>
	</SchemaData></ExtendedData>
      <Point><coordinates>127.1073363338,37.2887381569</coordinates></Point>
  </Placemark>
  <Placemark>
	<ExtendedData><SchemaData schemaUrl="#competition_route_right_center_1m">
		<SimpleData name="index">620</SimpleData>
		<SimpleData name="distance_m">620.000</SimpleData>
		<SimpleData name="latitude">37.2887459</SimpleData>
		<SimpleData name="longitude">127.1073305931</SimpleData>
		<SimpleData name="utm_easting_m">332228.4543</SimpleData>
		<SimpleData name="utm_northing_m">4128583.7985</SimpleData>
		<SimpleData name="utm_zone">52N</SimpleData>
		<SimpleData name="target_speed">0.300</SimpleData>
	</SchemaData></ExtendedData>
      <Point><coordinates>127.1073305931,37.2887459</coordinates></Point>
  </Placemark>
  <Placemark>
	<ExtendedData><SchemaData schemaUrl="#competition_route_right_center_1m">
		<SimpleData name="index">621</SimpleData>
		<SimpleData name="distance_m">621.000</SimpleData>
		<SimpleData name="latitude">37.2887542906</SimpleData>
		<SimpleData name="longitude">127.1073265199</SimpleData>
		<SimpleData name="utm_easting_m">332228.1118</SimpleData>
		<SimpleData name="utm_northing_m">4128584.7367</SimpleData>
		<SimpleData name="utm_zone">52N</SimpleData>
		<SimpleData name="target_speed">0.300</SimpleData>
	</SchemaData></ExtendedData>
      <Point><coordinates>127.1073265199,37.2887542906</coordinates></Point>
  </Placemark>
  <Placemark>
	<ExtendedData><SchemaData schemaUrl="#competition_route_right_center_1m">
		<SimpleData name="index">622</SimpleData>
		<SimpleData name="distance_m">622.000</SimpleData>
		<SimpleData name="latitude">37.2887631334</SimpleData>
		<SimpleData name="longitude">127.1073244522</SimpleData>
		<SimpleData name="utm_easting_m">332227.9481</SimpleData>
		<SimpleData name="utm_northing_m">4128585.7216</SimpleData>
		<SimpleData name="utm_zone">52N</SimpleData>
		<SimpleData name="target_speed">0.300</SimpleData>
	</SchemaData></ExtendedData>
      <Point><coordinates>127.1073244522,37.2887631334</coordinates></Point>
  </Placemark>
  <Placemark>
	<ExtendedData><SchemaData schemaUrl="#competition_route_right_center_1m">
		<SimpleData name="index">623</SimpleData>
		<SimpleData name="distance_m">623.000</SimpleData>
		<SimpleData name="latitude">37.2887721308</SimpleData>
		<SimpleData name="longitude">127.1073244785</SimpleData>
		<SimpleData name="utm_easting_m">332227.9705</SimpleData>
		<SimpleData name="utm_northing_m">4128586.7198</SimpleData>
		<SimpleData name="utm_zone">52N</SimpleData>
		<SimpleData name="target_speed">0.300</SimpleData>
	</SchemaData></ExtendedData>
      <Point><coordinates>127.1073244785,37.2887721308</coordinates></Point>
  </Placemark>
  <Placemark>
	<ExtendedData><SchemaData schemaUrl="#competition_route_right_center_1m">
		<SimpleData name="index">624</SimpleData>
		<SimpleData name="distance_m">624.000</SimpleData>
		<SimpleData name="latitude">37.2887809393</SimpleData>
		<SimpleData name="longitude">127.1073267399</SimpleData>
		<SimpleData name="utm_easting_m">332228.1905</SimpleData>
		<SimpleData name="utm_northing_m">4128587.6931</SimpleData>
		<SimpleData name="utm_zone">52N</SimpleData>
		<SimpleData name="target_speed">0.300</SimpleData>
	</SchemaData></ExtendedData>
      <Point><coordinates>127.1073267399,37.2887809393</coordinates></Point>
  </Placemark>
  <Placemark>
	<ExtendedData><SchemaData schemaUrl="#competition_route_right_center_1m">
		<SimpleData name="index">625</SimpleData>
		<SimpleData name="distance_m">625.000</SimpleData>
		<SimpleData name="latitude">37.2887890793</SimpleData>
		<SimpleData name="longitude">127.1073315068</SimpleData>
		<SimpleData name="utm_easting_m">332228.6312</SimpleData>
		<SimpleData name="utm_northing_m">4128588.5879</SimpleData>
		<SimpleData name="utm_zone">52N</SimpleData>
		<SimpleData name="target_speed">0.300</SimpleData>
	</SchemaData></ExtendedData>
      <Point><coordinates>127.1073315068,37.2887890793</coordinates></Point>
  </Placemark>
  <Placemark>
	<ExtendedData><SchemaData schemaUrl="#competition_route_right_center_1m">
		<SimpleData name="index">626</SimpleData>
		<SimpleData name="distance_m">626.000</SimpleData>
		<SimpleData name="latitude">37.2887961128</SimpleData>
		<SimpleData name="longitude">127.1073385192</SimpleData>
		<SimpleData name="utm_easting_m">332229.2685</SimpleData>
		<SimpleData name="utm_northing_m">4128589.3558</SimpleData>
		<SimpleData name="utm_zone">52N</SimpleData>
		<SimpleData name="target_speed">0.300</SimpleData>
	</SchemaData></ExtendedData>
      <Point><coordinates>127.1073385192,37.2887961128</coordinates></Point>
  </Placemark>
  <Placemark>
	<ExtendedData><SchemaData schemaUrl="#competition_route_right_center_1m">
		<SimpleData name="index">627</SimpleData>
		<SimpleData name="distance_m">627.000</SimpleData>
		<SimpleData name="latitude">37.2888018239</SimpleData>
		<SimpleData name="longitude">127.107347219</SimpleData>
		<SimpleData name="utm_easting_m">332230.0524</SimpleData>
		<SimpleData name="utm_northing_m">4128589.9740</SimpleData>
		<SimpleData name="utm_zone">52N</SimpleData>
		<SimpleData name="target_speed">0.300</SimpleData>
	</SchemaData></ExtendedData>
      <Point><coordinates>127.107347219,37.2888018239</coordinates></Point>
  </Placemark>
  <Placemark>
	<ExtendedData><SchemaData schemaUrl="#competition_route_right_center_1m">
		<SimpleData name="index">628</SimpleData>
		<SimpleData name="distance_m">628.000</SimpleData>
		<SimpleData name="latitude">37.2888060685</SimpleData>
		<SimpleData name="longitude">127.1073571471</SimpleData>
		<SimpleData name="utm_easting_m">332230.9420</SimpleData>
		<SimpleData name="utm_northing_m">4128590.4274</SimpleData>
		<SimpleData name="utm_zone">52N</SimpleData>
		<SimpleData name="target_speed">0.300</SimpleData>
	</SchemaData></ExtendedData>
      <Point><coordinates>127.1073571471,37.2888060685</coordinates></Point>
  </Placemark>
  <Placemark>
	<ExtendedData><SchemaData schemaUrl="#competition_route_right_center_1m">
		<SimpleData name="index">629</SimpleData>
		<SimpleData name="distance_m">629.000</SimpleData>
		<SimpleData name="latitude">37.2888088086</SimpleData>
		<SimpleData name="longitude">127.1073678781</SimpleData>
		<SimpleData name="utm_easting_m">332231.8994</SimpleData>
		<SimpleData name="utm_northing_m">4128590.7124</SimpleData>
		<SimpleData name="utm_zone">52N</SimpleData>
		<SimpleData name="target_speed">0.300</SimpleData>
	</SchemaData></ExtendedData>
      <Point><coordinates>127.1073678781,37.2888088086</coordinates></Point>
  </Placemark>
  <Placemark>
	<ExtendedData><SchemaData schemaUrl="#competition_route_right_center_1m">
		<SimpleData name="index">630</SimpleData>
		<SimpleData name="distance_m">630.000</SimpleData>
		<SimpleData name="latitude">37.2888103588</SimpleData>
		<SimpleData name="longitude">127.1073789812</SimpleData>
		<SimpleData name="utm_easting_m">332232.8871</SimpleData>
		<SimpleData name="utm_northing_m">4128590.8647</SimpleData>
		<SimpleData name="utm_zone">52N</SimpleData>
		<SimpleData name="target_speed">0.300</SimpleData>
	</SchemaData></ExtendedData>
      <Point><coordinates>127.1073789812,37.2888103588</coordinates></Point>
  </Placemark>
  <Placemark>
	<ExtendedData><SchemaData schemaUrl="#competition_route_right_center_1m">
		<SimpleData name="index">631</SimpleData>
		<SimpleData name="distance_m">631.000</SimpleData>
		<SimpleData name="latitude">37.2888109491</SimpleData>
		<SimpleData name="longitude">127.1073902305</SimpleData>
		<SimpleData name="utm_easting_m">332233.8857</SimpleData>
		<SimpleData name="utm_northing_m">4128590.9102</SimpleData>
		<SimpleData name="utm_zone">52N</SimpleData>
		<SimpleData name="target_speed">0.300</SimpleData>
	</SchemaData></ExtendedData>
      <Point><coordinates>127.1073902305,37.2888109491</coordinates></Point>
  </Placemark>
  <Placemark>
	<ExtendedData><SchemaData schemaUrl="#competition_route_right_center_1m">
		<SimpleData name="index">632</SimpleData>
		<SimpleData name="distance_m">632.000</SimpleData>
		<SimpleData name="latitude">37.2888108026</SimpleData>
		<SimpleData name="longitude">127.1074015044</SimpleData>
		<SimpleData name="utm_easting_m">332234.8848</SimpleData>
		<SimpleData name="utm_northing_m">4128590.8739</SimpleData>
		<SimpleData name="utm_zone">52N</SimpleData>
		<SimpleData name="target_speed">0.300</SimpleData>
	</SchemaData></ExtendedData>
      <Point><coordinates>127.1074015044,37.2888108026</coordinates></Point>
  </Placemark>
  <Placemark>
	<ExtendedData><SchemaData schemaUrl="#competition_route_right_center_1m">
		<SimpleData name="index">633</SimpleData>
		<SimpleData name="distance_m">633.000</SimpleData>
		<SimpleData name="latitude">37.2888101176</SimpleData>
		<SimpleData name="longitude">127.1074127484</SimpleData>
		<SimpleData name="utm_easting_m">332235.8801</SimpleData>
		<SimpleData name="utm_northing_m">4128590.7780</SimpleData>
		<SimpleData name="utm_zone">52N</SimpleData>
		<SimpleData name="target_speed">0.300</SimpleData>
	</SchemaData></ExtendedData>
      <Point><coordinates>127.1074127484,37.2888101176</coordinates></Point>
  </Placemark>
  <Placemark>
	<ExtendedData><SchemaData schemaUrl="#competition_route_right_center_1m">
		<SimpleData name="index">634</SimpleData>
		<SimpleData name="distance_m">634.000</SimpleData>
		<SimpleData name="latitude">37.2888089782</SimpleData>
		<SimpleData name="longitude">127.1074239344</SimpleData>
		<SimpleData name="utm_easting_m">332236.8692</SimpleData>
		<SimpleData name="utm_northing_m">4128590.6317</SimpleData>
		<SimpleData name="utm_zone">52N</SimpleData>
		<SimpleData name="target_speed">0.300</SimpleData>
	</SchemaData></ExtendedData>
      <Point><coordinates>127.1074239344,37.2888089782</coordinates></Point>
  </Placemark>
  <Placemark>
	<ExtendedData><SchemaData schemaUrl="#competition_route_right_center_1m">
		<SimpleData name="index">635</SimpleData>
		<SimpleData name="distance_m">635.000</SimpleData>
		<SimpleData name="latitude">37.2888074354</SimpleData>
		<SimpleData name="longitude">127.107435045</SimpleData>
		<SimpleData name="utm_easting_m">332237.8508</SimpleData>
		<SimpleData name="utm_northing_m">4128590.4408</SimpleData>
		<SimpleData name="utm_zone">52N</SimpleData>
		<SimpleData name="target_speed">0.300</SimpleData>
	</SchemaData></ExtendedData>
      <Point><coordinates>127.107435045,37.2888074354</coordinates></Point>
  </Placemark>
  <Placemark>
	<ExtendedData><SchemaData schemaUrl="#competition_route_right_center_1m">
		<SimpleData name="index">636</SimpleData>
		<SimpleData name="distance_m">636.000</SimpleData>
		<SimpleData name="latitude">37.2888056207</SimpleData>
		<SimpleData name="longitude">127.1074460915</SimpleData>
		<SimpleData name="utm_easting_m">332238.8260</SimpleData>
		<SimpleData name="utm_northing_m">4128590.2198</SimpleData>
		<SimpleData name="utm_zone">52N</SimpleData>
		<SimpleData name="target_speed">0.300</SimpleData>
	</SchemaData></ExtendedData>
      <Point><coordinates>127.1074460915,37.2888056207</coordinates></Point>
  </Placemark>
  <Placemark>
	<ExtendedData><SchemaData schemaUrl="#competition_route_right_center_1m">
		<SimpleData name="index">637</SimpleData>
		<SimpleData name="distance_m">637.000</SimpleData>
		<SimpleData name="latitude">37.2888036317</SimpleData>
		<SimpleData name="longitude">127.107457091</SimpleData>
		<SimpleData name="utm_easting_m">332239.7967</SimpleData>
		<SimpleData name="utm_northing_m">4128589.9796</SimpleData>
		<SimpleData name="utm_zone">52N</SimpleData>
		<SimpleData name="target_speed">0.300</SimpleData>
	</SchemaData></ExtendedData>
      <Point><coordinates>127.107457091,37.2888036317</coordinates></Point>
  </Placemark>
  <Placemark>
	<ExtendedData><SchemaData schemaUrl="#competition_route_right_center_1m">
		<SimpleData name="index">638</SimpleData>
		<SimpleData name="distance_m">638.000</SimpleData>
		<SimpleData name="latitude">37.2888014913</SimpleData>
		<SimpleData name="longitude">127.107468046</SimpleData>
		<SimpleData name="utm_easting_m">332240.7631</SimpleData>
		<SimpleData name="utm_northing_m">4128589.7227</SimpleData>
		<SimpleData name="utm_zone">52N</SimpleData>
		<SimpleData name="target_speed">0.300</SimpleData>
	</SchemaData></ExtendedData>
      <Point><coordinates>127.107468046,37.2888014913</coordinates></Point>
  </Placemark>
  <Placemark>
	<ExtendedData><SchemaData schemaUrl="#competition_route_right_center_1m">
		<SimpleData name="index">639</SimpleData>
		<SimpleData name="distance_m">639.000</SimpleData>
		<SimpleData name="latitude">37.2887992193</SimpleData>
		<SimpleData name="longitude">127.1074789594</SimpleData>
		<SimpleData name="utm_easting_m">332241.7256</SimpleData>
		<SimpleData name="utm_northing_m">4128589.4512</SimpleData>
		<SimpleData name="utm_zone">52N</SimpleData>
		<SimpleData name="target_speed">0.300</SimpleData>
	</SchemaData></ExtendedData>
      <Point><coordinates>127.1074789594,37.2887992193</coordinates></Point>
  </Placemark>
  <Placemark>
	<ExtendedData><SchemaData schemaUrl="#competition_route_right_center_1m">
		<SimpleData name="index">640</SimpleData>
		<SimpleData name="distance_m">640.000</SimpleData>
		<SimpleData name="latitude">37.2887968918</SimpleData>
		<SimpleData name="longitude">127.1074898546</SimpleData>
		<SimpleData name="utm_easting_m">332242.6863</SimpleData>
		<SimpleData name="utm_northing_m">4128589.1737</SimpleData>
		<SimpleData name="utm_zone">52N</SimpleData>
		<SimpleData name="target_speed">0.300</SimpleData>
	</SchemaData></ExtendedData>
      <Point><coordinates>127.1074898546,37.2887968918</coordinates></Point>
  </Placemark>
  <Placemark>
	<ExtendedData><SchemaData schemaUrl="#competition_route_right_center_1m">
		<SimpleData name="index">641</SimpleData>
		<SimpleData name="distance_m">641.000</SimpleData>
		<SimpleData name="latitude">37.2887945467</SimpleData>
		<SimpleData name="longitude">127.1075007438</SimpleData>
		<SimpleData name="utm_easting_m">332243.6464</SimpleData>
		<SimpleData name="utm_northing_m">4128588.8941</SimpleData>
		<SimpleData name="utm_zone">52N</SimpleData>
		<SimpleData name="target_speed">0.300</SimpleData>
	</SchemaData></ExtendedData>
      <Point><coordinates>127.1075007438,37.2887945467</coordinates></Point>
  </Placemark>
  <Placemark>
	<ExtendedData><SchemaData schemaUrl="#competition_route_right_center_1m">
		<SimpleData name="index">642</SimpleData>
		<SimpleData name="distance_m">642.000</SimpleData>
		<SimpleData name="latitude">37.2887921367</SimpleData>
		<SimpleData name="longitude">127.1075116108</SimpleData>
		<SimpleData name="utm_easting_m">332244.6045</SimpleData>
		<SimpleData name="utm_northing_m">4128588.6075</SimpleData>
		<SimpleData name="utm_zone">52N</SimpleData>
		<SimpleData name="target_speed">0.300</SimpleData>
	</SchemaData></ExtendedData>
      <Point><coordinates>127.1075116108,37.2887921367</coordinates></Point>
  </Placemark>
  <Placemark>
	<ExtendedData><SchemaData schemaUrl="#competition_route_right_center_1m">
		<SimpleData name="index">643</SimpleData>
		<SimpleData name="distance_m">643.000</SimpleData>
		<SimpleData name="latitude">37.2887896506</SimpleData>
		<SimpleData name="longitude">127.1075224509</SimpleData>
		<SimpleData name="utm_easting_m">332245.5599</SimpleData>
		<SimpleData name="utm_northing_m">4128588.3124</SimpleData>
		<SimpleData name="utm_zone">52N</SimpleData>
		<SimpleData name="target_speed">0.300</SimpleData>
	</SchemaData></ExtendedData>
      <Point><coordinates>127.1075224509,37.2887896506</coordinates></Point>
  </Placemark>
  <Placemark>
	<ExtendedData><SchemaData schemaUrl="#competition_route_right_center_1m">
		<SimpleData name="index">644</SimpleData>
		<SimpleData name="distance_m">644.000</SimpleData>
		<SimpleData name="latitude">37.2887871541</SimpleData>
		<SimpleData name="longitude">127.1075332873</SimpleData>
		<SimpleData name="utm_easting_m">332246.5150</SimpleData>
		<SimpleData name="utm_northing_m">4128588.0161</SimpleData>
		<SimpleData name="utm_zone">52N</SimpleData>
		<SimpleData name="target_speed">0.300</SimpleData>
	</SchemaData></ExtendedData>
      <Point><coordinates>127.1075332873,37.2887871541</coordinates></Point>
  </Placemark>
  <Placemark>
	<ExtendedData><SchemaData schemaUrl="#competition_route_right_center_1m">
		<SimpleData name="index">645</SimpleData>
		<SimpleData name="distance_m">645.000</SimpleData>
		<SimpleData name="latitude">37.2887847307</SimpleData>
		<SimpleData name="longitude">127.1075441496</SimpleData>
		<SimpleData name="utm_easting_m">332247.4726</SimpleData>
		<SimpleData name="utm_northing_m">4128587.7280</SimpleData>
		<SimpleData name="utm_zone">52N</SimpleData>
		<SimpleData name="target_speed">0.300</SimpleData>
	</SchemaData></ExtendedData>
      <Point><coordinates>127.1075441496,37.2887847307</coordinates></Point>
  </Placemark>
  <Placemark>
	<ExtendedData><SchemaData schemaUrl="#competition_route_right_center_1m">
		<SimpleData name="index">646</SimpleData>
		<SimpleData name="distance_m">646.000</SimpleData>
		<SimpleData name="latitude">37.2887823604</SimpleData>
		<SimpleData name="longitude">127.1075550303</SimpleData>
		<SimpleData name="utm_easting_m">332248.4319</SimpleData>
		<SimpleData name="utm_northing_m">4128587.4457</SimpleData>
		<SimpleData name="utm_zone">52N</SimpleData>
		<SimpleData name="target_speed">0.300</SimpleData>
	</SchemaData></ExtendedData>
      <Point><coordinates>127.1075550303,37.2887823604</coordinates></Point>
  </Placemark>
  <Placemark>
	<ExtendedData><SchemaData schemaUrl="#competition_route_right_center_1m">
		<SimpleData name="index">647</SimpleData>
		<SimpleData name="distance_m">647.000</SimpleData>
		<SimpleData name="latitude">37.2887799505</SimpleData>
		<SimpleData name="longitude">127.1075658973</SimpleData>
		<SimpleData name="utm_easting_m">332249.3900</SimpleData>
		<SimpleData name="utm_northing_m">4128587.1590</SimpleData>
		<SimpleData name="utm_zone">52N</SimpleData>
		<SimpleData name="target_speed">0.300</SimpleData>
	</SchemaData></ExtendedData>
      <Point><coordinates>127.1075658973,37.2887799505</coordinates></Point>
  </Placemark>
  <Placemark>
	<ExtendedData><SchemaData schemaUrl="#competition_route_right_center_1m">
		<SimpleData name="index">648</SimpleData>
		<SimpleData name="distance_m">648.000</SimpleData>
		<SimpleData name="latitude">37.2887775019</SimpleData>
		<SimpleData name="longitude">127.1075767508</SimpleData>
		<SimpleData name="utm_easting_m">332250.3467</SimpleData>
		<SimpleData name="utm_northing_m">4128586.8681</SimpleData>
		<SimpleData name="utm_zone">52N</SimpleData>
		<SimpleData name="target_speed">0.300</SimpleData>
	</SchemaData></ExtendedData>
      <Point><coordinates>127.1075767508,37.2887775019</coordinates></Point>
  </Placemark>
  <Placemark>
	<ExtendedData><SchemaData schemaUrl="#competition_route_right_center_1m">
		<SimpleData name="index">649</SimpleData>
		<SimpleData name="distance_m">649.000</SimpleData>
		<SimpleData name="latitude">37.2887751393</SimpleData>
		<SimpleData name="longitude">127.107587634</SimpleData>
		<SimpleData name="utm_easting_m">332251.3063</SimpleData>
		<SimpleData name="utm_northing_m">4128586.5866</SimpleData>
		<SimpleData name="utm_zone">52N</SimpleData>
		<SimpleData name="target_speed">0.300</SimpleData>
	</SchemaData></ExtendedData>
      <Point><coordinates>127.107587634,37.2887751393</coordinates></Point>
  </Placemark>
  <Placemark>
	<ExtendedData><SchemaData schemaUrl="#competition_route_right_center_1m">
		<SimpleData name="index">650</SimpleData>
		<SimpleData name="distance_m">650.000</SimpleData>
		<SimpleData name="latitude">37.2887730734</SimpleData>
		<SimpleData name="longitude">127.1075986103</SimpleData>
		<SimpleData name="utm_easting_m">332252.2747</SimpleData>
		<SimpleData name="utm_northing_m">4128586.3379</SimpleData>
		<SimpleData name="utm_zone">52N</SimpleData>
		<SimpleData name="target_speed">0.300</SimpleData>
	</SchemaData></ExtendedData>
      <Point><coordinates>127.1075986103,37.2887730734</coordinates></Point>
  </Placemark>
  <Placemark>
	<ExtendedData><SchemaData schemaUrl="#competition_route_right_center_1m">
		<SimpleData name="index">651</SimpleData>
		<SimpleData name="distance_m">651.000</SimpleData>
		<SimpleData name="latitude">37.2887715136</SimpleData>
		<SimpleData name="longitude">127.1076097156</SimpleData>
		<SimpleData name="utm_easting_m">332253.2558</SimpleData>
		<SimpleData name="utm_northing_m">4128586.1451</SimpleData>
		<SimpleData name="utm_zone">52N</SimpleData>
		<SimpleData name="target_speed">0.300</SimpleData>
	</SchemaData></ExtendedData>
      <Point><coordinates>127.1076097156,37.2887715136</coordinates></Point>
  </Placemark>
  <Placemark>
	<ExtendedData><SchemaData schemaUrl="#competition_route_right_center_1m">
		<SimpleData name="index">652</SimpleData>
		<SimpleData name="distance_m">652.000</SimpleData>
		<SimpleData name="latitude">37.288770583</SimpleData>
		<SimpleData name="longitude">127.1076209307</SimpleData>
		<SimpleData name="utm_easting_m">332254.2479</SimpleData>
		<SimpleData name="utm_northing_m">4128586.0220</SimpleData>
		<SimpleData name="utm_zone">52N</SimpleData>
		<SimpleData name="target_speed">0.300</SimpleData>
	</SchemaData></ExtendedData>
      <Point><coordinates>127.1076209307,37.288770583</coordinates></Point>
  </Placemark>
  <Placemark>
	<ExtendedData><SchemaData schemaUrl="#competition_route_right_center_1m">
		<SimpleData name="index">653</SimpleData>
		<SimpleData name="distance_m">653.000</SimpleData>
		<SimpleData name="latitude">37.2887702398</SimpleData>
		<SimpleData name="longitude">127.1076321988</SimpleData>
		<SimpleData name="utm_easting_m">332255.2461</SimpleData>
		<SimpleData name="utm_northing_m">4128585.9639</SimpleData>
		<SimpleData name="utm_zone">52N</SimpleData>
		<SimpleData name="target_speed">0.300</SimpleData>
	</SchemaData></ExtendedData>
      <Point><coordinates>127.1076321988,37.2887702398</coordinates></Point>
  </Placemark>
  <Placemark>
	<ExtendedData><SchemaData schemaUrl="#competition_route_right_center_1m">
		<SimpleData name="index">654</SimpleData>
		<SimpleData name="distance_m">653.581</SimpleData>
		<SimpleData name="latitude">37.2887702497</SimpleData>
		<SimpleData name="longitude">127.107638756</SimpleData>
		<SimpleData name="utm_easting_m">332255.8274</SimpleData>
		<SimpleData name="utm_northing_m">4128585.9534</SimpleData>
		<SimpleData name="utm_zone">52N</SimpleData>
		<SimpleData name="target_speed">0.300</SimpleData>
	</SchemaData></ExtendedData>
      <Point><coordinates>127.107638756,37.2887702497</coordinates></Point>
  </Placemark>
</Folder>
</Document></kml>
