elapsed_sec,longitude,latitude,utm_easting_m,utm_northing_m,speed_mps,heading_rad,heading_source,waypoint_index,route_error_m,lookahead_m,target_index,target_easting_m,target_northing_m,alpha_rad,raw_steering_rad,filtered_steering_rad,command_speed_mps,state
0.964381,129.087994666667,35.074310833333,508022.394,3881287.444,0.008,0.385947,route_tangent,528,1.499,2.000,530,508019.979,3881287.936,2.554780,-0.120000,-0.030043,2.7778,TRACKING
1.014566,129.087994666667,35.074310833333,508022.394,3881287.444,0.008,-2.682800,route_tangent,528,1.499,2.000,530,508019.979,3881287.936,-0.659659,0.120000,0.000068,2.7778,TRACKING
1.065037,129.087994666667,35.074310833333,508022.394,3881287.444,0.008,-2.682800,route_tangent,528,1.499,2.000,530,508019.979,3881287.936,-0.659659,0.120000,0.030351,2.7778,TRACKING
1.115115,129.087994666667,35.074310833333,508022.394,3881287.444,0.008,-2.682800,route_tangent,528,1.499,2.000,530,508019.979,3881287.936,-0.659659,0.120000,0.060397,2.7778,TRACKING
1.164744,129.087994666667,35.074310833333,508022.394,3881287.444,0.008,-2.682800,route_tangent,528,1.499,2.000,530,508019.979,3881287.936,-0.659659,0.120000,0.084238,2.7778,TRACKING
1.214643,129.087994666667,35.074310833333,508022.394,3881287.444,0.006,-2.682800,route_tangent,528,1.499,2.000,530,508019.979,3881287.936,-0.659659,0.120000,0.098543,2.7778,TRACKING
1.264416,129.087994666667,35.074310833333,508022.394,3881287.444,0.006,-2.682800,route_tangent,528,1.499,2.000,530,508019.979,3881287.936,-0.659659,0.120000,0.107126,2.7778,TRACKING
1.314377,129.087994666667,35.074310833333,508022.394,3881287.444,0.006,-2.682800,route_tangent,528,1.499,2.000,530,508019.979,3881287.936,-0.659659,0.120000,0.112275,2.7778,TRACKING
1.364374,129.087994666667,35.074310833333,508022.394,3881287.444,0.006,-2.682800,route_tangent,528,1.499,2.000,530,508019.979,3881287.936,-0.659659,0.120000,0.115365,2.7778,TRACKING
1.414373,129.087994666667,35.074310833333,508022.394,3881287.444,0.006,-2.682800,route_tangent,528,1.499,2.000,530,508019.979,3881287.936,-0.659659,0.120000,0.117219,2.7778,TRACKING
1.464370,129.087994666667,35.074310833333,508022.394,3881287.444,0.008,-2.682800,route_tangent,528,1.499,2.000,530,508019.979,3881287.936,-0.659659,0.120000,0.118332,2.7778,TRACKING
1.514409,129.087994666667,35.074310833333,508022.394,3881287.444,0.008,-2.682800,route_tangent,528,1.499,2.000,530,508019.979,3881287.936,-0.659659,0.120000,0.118999,2.7778,TRACKING
1.564400,129.087994666667,35.074310833333,508022.394,3881287.444,0.008,-2.682800,route_tangent,528,1.499,2.000,530,508019.979,3881287.936,-0.659659,0.120000,0.119399,2.7778,TRACKING
1.614386,129.087994666667,35.074310833333,508022.394,3881287.444,0.008,-2.682800,route_tangent,528,1.499,2.000,530,508019.979,3881287.936,-0.659659,0.120000,0.119640,2.7778,TRACKING
1.664377,129.087994666667,35.074310833333,508022.394,3881287.444,0.008,-2.682800,route_tangent,528,1.499,2.000,530,508019.979,3881287.936,-0.659659,0.120000,0.119784,2.7778,TRACKING
1.714383,129.087994666667,35.074310666667,508022.394,3881287.426,0.021,-2.682800,route_tangent,528,1.516,2.000,530,508019.979,3881287.936,-0.666995,0.120000,0.119870,2.7778,TRACKING
1.764588,129.087994666667,35.074310666667,508022.394,3881287.426,0.021,-2.682800,route_tangent,528,1.516,2.000,530,508019.979,3881287.936,-0.666995,0.120000,0.119922,2.7778,TRACKING
1.814352,129.087994666667,35.074310666667,508022.394,3881287.426,0.021,-2.682800,route_tangent,528,1.516,2.000,530,508019.979,3881287.936,-0.666995,0.120000,0.119953,2.7778,TRACKING
1.864334,129.087994666667,35.074310666667,508022.394,3881287.426,0.021,-2.682800,route_tangent,528,1.516,2.000,530,508019.979,3881287.936,-0.666995,0.120000,0.119972,2.7778,TRACKING
1.914498,129.087994666667,35.074310666667,508022.394,3881287.426,0.021,-2.682800,route_tangent,528,1.516,2.000,530,508019.979,3881287.936,-0.666995,0.120000,0.119983,2.7778,TRACKING
1.964293,129.087994666667,35.074310833333,508022.394,3881287.444,0.011,-2.682800,route_tangent,528,1.499,2.000,530,508019.979,3881287.936,-0.659659,0.120000,0.119990,2.7778,TRACKING
2.014274,129.087994666667,35.074310833333,508022.394,3881287.444,0.011,-2.682800,route_tangent,528,1.499,2.000,530,508019.979,3881287.936,-0.659659,0.120000,0.119994,2.7778,TRACKING
2.064373,129.087994666667,35.074310833333,508022.394,3881287.444,0.011,-2.682800,route_tangent,528,1.499,2.000,530,508019.979,3881287.936,-0.659659,0.120000,0.119996,2.7778,TRACKING
2.114294,129.087994666667,35.074310833333,508022.394,3881287.444,0.011,-2.682800,route_tangent,528,1.499,2.000,530,508019.979,3881287.936,-0.659659,0.120000,0.119998,2.7778,TRACKING
2.164297,129.087994666667,35.074310833333,508022.394,3881287.444,0.011,-2.682800,route_tangent,528,1.499,2.000,530,508019.979,3881287.936,-0.659659,0.120000,0.119999,2.7778,TRACKING
2.214328,129.087994666667,35.074310833333,508022.394,3881287.444,0.005,-2.682800,route_tangent,528,1.499,2.000,530,508019.979,3881287.936,-0.659659,0.120000,0.119999,2.7778,TRACKING
2.264374,129.087994666667,35.074310833333,508022.394,3881287.444,0.005,-2.682800,route_tangent,528,1.499,2.000,530,508019.979,3881287.936,-0.659659,0.120000,0.120000,2.7778,TRACKING
2.314305,129.087994666667,35.074310833333,508022.394,3881287.444,0.005,-2.682800,route_tangent,528,1.499,2.000,530,508019.979,3881287.936,-0.659659,0.120000,0.120000,2.7778,TRACKING
2.364457,129.087994666667,35.074310833333,508022.394,3881287.444,0.005,-2.682800,route_tangent,528,1.499,2.000,530,508019.979,3881287.936,-0.659659,0.120000,0.120000,2.7778,TRACKING
2.414478,129.087994666667,35.074310833333,508022.394,3881287.444,0.005,-2.682800,route_tangent,528,1.499,2.000,530,508019.979,3881287.936,-0.659659,0.120000,0.120000,2.7778,TRACKING
2.464382,129.087994666667,35.074310833333,508022.394,3881287.444,0.004,-2.682800,route_tangent,528,1.499,2.000,530,508019.979,3881287.936,-0.659659,0.120000,0.120000,2.7778,TRACKING
2.514342,129.087994666667,35.074310833333,508022.394,3881287.444,0.004,-2.682800,route_tangent,528,1.499,2.000,530,508019.979,3881287.936,-0.659659,0.120000,0.120000,2.7778,TRACKING
2.564334,129.087994666667,35.074310833333,508022.394,3881287.444,0.004,-2.682800,route_tangent,528,1.499,2.000,530,508019.979,3881287.936,-0.659659,0.120000,0.120000,2.7778,TRACKING
2.614380,129.087994666667,35.074310833333,508022.394,3881287.444,0.004,-2.682800,route_tangent,528,1.499,2.000,530,508019.979,3881287.936,-0.659659,0.120000,0.120000,2.7778,TRACKING
2.664389,129.087994666667,35.074310833333,508022.394,3881287.444,0.004,-2.682800,route_tangent,528,1.499,2.000,530,508019.979,3881287.936,-0.659659,0.120000,0.120000,2.7778,TRACKING
2.714395,129.087994666667,35.074310833333,508022.394,3881287.444,0.003,-2.682800,route_tangent,528,1.499,2.000,530,508019.979,3881287.936,-0.659659,0.120000,0.120000,2.7778,TRACKING
2.764328,129.087994666667,35.074310833333,508022.394,3881287.444,0.003,-2.682800,route_tangent,528,1.499,2.000,530,508019.979,3881287.936,-0.659659,0.120000,0.120000,2.7778,TRACKING
2.814352,129.087994666667,35.074310833333,508022.394,3881287.444,0.003,-2.682800,route_tangent,528,1.499,2.000,530,508019.979,3881287.936,-0.659659,0.120000,0.120000,2.7778,TRACKING
2.864669,129.087994666667,35.074310833333,508022.394,3881287.444,0.003,-2.682800,route_tangent,528,1.499,2.000,530,508019.979,3881287.936,-0.659659,0.120000,0.120000,2.7778,TRACKING
2.914735,129.087994666667,35.074310833333,508022.394,3881287.444,0.003,-2.682800,route_tangent,528,1.499,2.000,530,508019.979,3881287.936,-0.659659,0.120000,0.120000,2.7778,TRACKING
2.964413,129.087994666667,35.074310833333,508022.394,3881287.444,0.002,-2.682800,route_tangent,528,1.499,2.000,530,508019.979,3881287.936,-0.659659,0.120000,0.120000,2.7778,TRACKING
3.014496,129.087994666667,35.074310833333,508022.394,3881287.444,0.002,-2.682800,route_tangent,528,1.499,2.000,530,508019.979,3881287.936,-0.659659,0.120000,0.120000,2.7778,TRACKING
3.064418,129.087994666667,35.074310833333,508022.394,3881287.444,0.002,-2.682800,route_tangent,528,1.499,2.000,530,508019.979,3881287.936,-0.659659,0.120000,0.120000,2.7778,TRACKING
3.114340,129.087994666667,35.074310833333,508022.394,3881287.444,0.002,-2.682800,route_tangent,528,1.499,2.000,530,508019.979,3881287.936,-0.659659,0.120000,0.120000,2.7778,TRACKING
3.164354,129.087994666667,35.074310833333,508022.394,3881287.444,0.002,-2.682800,route_tangent,528,1.499,2.000,530,508019.979,3881287.936,-0.659659,0.120000,0.120000,2.7778,TRACKING
3.214633,129.087994666667,35.074310666667,508022.394,3881287.426,0.001,-2.682800,route_tangent,528,1.516,2.000,530,508019.979,3881287.936,-0.666995,0.120000,0.120000,2.7778,TRACKING
3.264396,129.087994666667,35.074310666667,508022.394,3881287.426,0.001,-2.682800,route_tangent,528,1.516,2.000,530,508019.979,3881287.936,-0.666995,0.120000,0.120000,2.7778,TRACKING
3.314378,129.087994666667,35.074310666667,508022.394,3881287.426,0.001,-2.682800,route_tangent,528,1.516,2.000,530,508019.979,3881287.936,-0.666995,0.120000,0.120000,2.7778,TRACKING
3.364502,129.087994666667,35.074310666667,508022.394,3881287.426,0.001,-2.682800,route_tangent,528,1.516,2.000,530,508019.979,3881287.936,-0.666995,0.120000,0.120000,2.7778,TRACKING
3.414489,129.087994666667,35.074310666667,508022.394,3881287.426,0.001,-2.682800,route_tangent,528,1.516,2.000,530,508019.979,3881287.936,-0.666995,0.120000,0.120000,2.7778,TRACKING
3.464339,129.087994666667,35.074310666667,508022.394,3881287.426,0.005,-2.682800,route_tangent,528,1.516,2.000,530,508019.979,3881287.936,-0.666995,0.120000,0.120000,2.7778,TRACKING
3.514485,129.087994666667,35.074310666667,508022.394,3881287.426,0.005,-2.682800,route_tangent,528,1.516,2.000,530,508019.979,3881287.936,-0.666995,0.120000,0.120000,2.7778,TRACKING
3.564369,129.087994666667,35.074310666667,508022.394,3881287.426,0.005,-2.682800,route_tangent,528,1.516,2.000,530,508019.979,3881287.936,-0.666995,0.120000,0.120000,2.7778,TRACKING
3.615212,129.087994666667,35.074310666667,508022.394,3881287.426,0.005,-2.682800,route_tangent,528,1.516,2.000,530,508019.979,3881287.936,-0.666995,0.120000,0.120000,2.7778,TRACKING
3.665356,129.087994666667,35.074310666667,508022.394,3881287.426,0.005,-2.682800,route_tangent,528,1.516,2.000,530,508019.979,3881287.936,-0.666995,0.120000,0.120000,2.7778,TRACKING
3.714591,129.087994666667,35.074310666667,508022.394,3881287.426,0.017,-2.682800,route_tangent,528,1.516,2.000,530,508019.979,3881287.936,-0.666995,0.120000,0.120000,2.7778,TRACKING
3.764293,129.087994666667,35.074310666667,508022.394,3881287.426,0.017,-2.682800,route_tangent,528,1.516,2.000,530,508019.979,3881287.936,-0.666995,0.120000,0.120000,2.7778,TRACKING
3.814292,129.087994666667,35.074310666667,508022.394,3881287.426,0.017,-2.682800,route_tangent,528,1.516,2.000,530,508019.979,3881287.936,-0.666995,0.120000,0.120000,2.7778,TRACKING
3.864297,129.087994666667,35.074310666667,508022.394,3881287.426,0.017,-2.682800,route_tangent,528,1.516,2.000,530,508019.979,3881287.936,-0.666995,0.120000,0.120000,2.7778,TRACKING
3.914327,129.087994666667,35.074310666667,508022.394,3881287.426,0.017,-2.682800,route_tangent,528,1.516,2.000,530,508019.979,3881287.936,-0.666995,0.120000,0.120000,2.7778,TRACKING
3.964337,129.087994666667,35.074310666667,508022.394,3881287.426,0.017,-2.682800,route_tangent,528,1.516,2.000,530,508019.979,3881287.936,-0.666995,0.120000,0.120000,2.7778,TRACKING
4.014314,129.087994666667,35.074310666667,508022.394,3881287.426,0.017,-2.682800,route_tangent,528,1.516,2.000,530,508019.979,3881287.936,-0.666995,0.120000,0.120000,2.7778,TRACKING
4.064330,129.087994666667,35.074310666667,508022.394,3881287.426,0.017,-2.682800,route_tangent,528,1.516,2.000,530,508019.979,3881287.936,-0.666995,0.120000,0.120000,2.7778,TRACKING
4.114317,129.087994666667,35.074310666667,508022.394,3881287.426,0.017,-2.682800,route_tangent,528,1.516,2.000,530,508019.979,3881287.936,-0.666995,0.120000,0.120000,2.7778,TRACKING
4.164425,129.087994666667,35.074310666667,508022.394,3881287.426,0.017,-2.682800,route_tangent,528,1.516,2.000,530,508019.979,3881287.936,-0.666995,0.120000,0.120000,2.7778,TRACKING
4.214360,129.087994666667,35.074310666667,508022.394,3881287.426,0.010,-2.682800,route_tangent,528,1.516,2.000,530,508019.979,3881287.936,-0.666995,0.120000,0.120000,2.7778,TRACKING
4.264355,129.087994666667,35.074310666667,508022.394,3881287.426,0.010,-2.682800,route_tangent,528,1.516,2.000,530,508019.979,3881287.936,-0.666995,0.120000,0.120000,2.7778,TRACKING
4.314318,129.087994666667,35.074310666667,508022.394,3881287.426,0.010,-2.682800,route_tangent,528,1.516,2.000,530,508019.979,3881287.936,-0.666995,0.120000,0.120000,2.7778,TRACKING
4.364348,129.087994666667,35.074310666667,508022.394,3881287.426,0.010,-2.682800,route_tangent,528,1.516,2.000,530,508019.979,3881287.936,-0.666995,0.120000,0.120000,2.7778,TRACKING
4.414401,129.087994666667,35.074310666667,508022.394,3881287.426,0.010,-2.682800,route_tangent,528,1.516,2.000,530,508019.979,3881287.936,-0.666995,0.120000,0.120000,2.7778,TRACKING
4.464339,129.087994666667,35.074310666667,508022.394,3881287.426,0.007,-2.682800,route_tangent,528,1.516,2.000,530,508019.979,3881287.936,-0.666995,0.120000,0.120000,2.7778,TRACKING
4.514340,129.087994666667,35.074310666667,508022.394,3881287.426,0.007,-2.682800,route_tangent,528,1.516,2.000,530,508019.979,3881287.936,-0.666995,0.120000,0.120000,2.7778,TRACKING
4.564731,129.087994666667,35.074310666667,508022.394,3881287.426,0.007,-2.682800,route_tangent,528,1.516,2.000,530,508019.979,3881287.936,-0.666995,0.120000,0.120000,2.7778,TRACKING
4.614609,129.087994666667,35.074310666667,508022.394,3881287.426,0.007,-2.682800,route_tangent,528,1.516,2.000,530,508019.979,3881287.936,-0.666995,0.120000,0.120000,2.7778,TRACKING
4.664458,129.087994666667,35.074310666667,508022.394,3881287.426,0.007,-2.682800,route_tangent,528,1.516,2.000,530,508019.979,3881287.936,-0.666995,0.120000,0.120000,2.7778,TRACKING
4.714430,129.087994666667,35.074310666667,508022.394,3881287.426,0.003,-2.682800,route_tangent,528,1.516,2.000,530,508019.979,3881287.936,-0.666995,0.120000,0.120000,2.7778,TRACKING
4.764667,129.087994666667,35.074310666667,508022.394,3881287.426,0.003,-2.682800,route_tangent,528,1.516,2.000,530,508019.979,3881287.936,-0.666995,0.120000,0.120000,2.7778,TRACKING
4.814613,129.087994666667,35.074310666667,508022.394,3881287.426,0.003,-2.682800,route_tangent,528,1.516,2.000,530,508019.979,3881287.936,-0.666995,0.120000,0.120000,2.7778,TRACKING
4.864337,129.087994666667,35.074310666667,508022.394,3881287.426,0.003,-2.682800,route_tangent,528,1.516,2.000,530,508019.979,3881287.936,-0.666995,0.120000,0.120000,2.7778,TRACKING
4.914316,129.087994666667,35.074310666667,508022.394,3881287.426,0.003,-2.682800,route_tangent,528,1.516,2.000,530,508019.979,3881287.936,-0.666995,0.120000,0.120000,2.7778,TRACKING
4.964425,129.087994666667,35.074310666667,508022.394,3881287.426,0.009,-2.682800,route_tangent,528,1.516,2.000,530,508019.979,3881287.936,-0.666995,0.120000,0.120000,2.7778,TRACKING
5.014325,129.087994666667,35.074310666667,508022.394,3881287.426,0.009,-2.682800,route_tangent,528,1.516,2.000,530,508019.979,3881287.936,-0.666995,0.120000,0.120000,2.7778,TRACKING
5.064320,129.087994666667,35.074310666667,508022.394,3881287.426,0.009,-2.682800,route_tangent,528,1.516,2.000,530,508019.979,3881287.936,-0.666995,0.120000,0.120000,2.7778,TRACKING
5.114319,129.087994666667,35.074310666667,508022.394,3881287.426,0.009,-2.682800,route_tangent,528,1.516,2.000,530,508019.979,3881287.936,-0.666995,0.120000,0.120000,2.7778,TRACKING
5.164335,129.087994666667,35.074310666667,508022.394,3881287.426,0.009,-2.682800,route_tangent,528,1.516,2.000,530,508019.979,3881287.936,-0.666995,0.120000,0.120000,2.7778,TRACKING
5.214938,129.087994666667,35.074310666667,508022.394,3881287.426,0.006,-2.682800,route_tangent,528,1.516,2.000,530,508019.979,3881287.936,-0.666995,0.120000,0.120000,2.7778,TRACKING
5.264337,129.087994666667,35.074310666667,508022.394,3881287.426,0.006,-2.682800,route_tangent,528,1.516,2.000,530,508019.979,3881287.936,-0.666995,0.120000,0.120000,2.7778,TRACKING
5.314440,129.087994666667,35.074310666667,508022.394,3881287.426,0.006,-2.682800,route_tangent,528,1.516,2.000,530,508019.979,3881287.936,-0.666995,0.120000,0.120000,2.7778,TRACKING
5.364355,129.087994666667,35.074310666667,508022.394,3881287.426,0.006,-2.682800,route_tangent,528,1.516,2.000,530,508019.979,3881287.936,-0.666995,0.120000,0.120000,2.7778,TRACKING
5.414393,129.087994666667,35.074310666667,508022.394,3881287.426,0.006,-2.682800,route_tangent,528,1.516,2.000,530,508019.979,3881287.936,-0.666995,0.120000,0.120000,2.7778,TRACKING
5.464352,129.087994666667,35.074310666667,508022.394,3881287.426,0.006,-2.682800,route_tangent,528,1.516,2.000,530,508019.979,3881287.936,-0.666995,0.120000,0.120000,2.7778,TRACKING
5.514341,129.087994666667,35.074310666667,508022.394,3881287.426,0.006,-2.682800,route_tangent,528,1.516,2.000,530,508019.979,3881287.936,-0.666995,0.120000,0.120000,2.7778,TRACKING
5.564368,129.087994666667,35.074310666667,508022.394,3881287.426,0.006,-2.682800,route_tangent,528,1.516,2.000,530,508019.979,3881287.936,-0.666995,0.120000,0.120000,2.7778,TRACKING
5.614420,129.087994666667,35.074310666667,508022.394,3881287.426,0.006,-2.682800,route_tangent,528,1.516,2.000,530,508019.979,3881287.936,-0.666995,0.120000,0.120000,2.7778,TRACKING
5.664347,129.087994666667,35.074310666667,508022.394,3881287.426,0.006,-2.682800,route_tangent,528,1.516,2.000,530,508019.979,3881287.936,-0.666995,0.120000,0.120000,2.7778,TRACKING
5.714391,129.087994500000,35.074310666667,508022.379,3881287.425,0.003,-2.682800,route_tangent,528,1.510,2.000,530,508019.979,3881287.936,-0.668281,0.120000,0.120000,2.7778,TRACKING
5.764359,129.087994500000,35.074310666667,508022.379,3881287.425,0.003,-2.682800,route_tangent,528,1.510,2.000,530,508019.979,3881287.936,-0.668281,0.120000,0.120000,2.7778,TRACKING
5.814377,129.087994500000,35.074310666667,508022.379,3881287.425,0.003,-2.682800,route_tangent,528,1.510,2.000,530,508019.979,3881287.936,-0.668281,0.120000,0.120000,2.7778,TRACKING
5.864358,129.087994500000,35.074310666667,508022.379,3881287.425,0.003,-2.682800,route_tangent,528,1.510,2.000,530,508019.979,3881287.936,-0.668281,0.120000,0.120000,2.7778,TRACKING
5.914366,129.087994500000,35.074310666667,508022.379,3881287.425,0.003,-2.682800,route_tangent,528,1.510,2.000,530,508019.979,3881287.936,-0.668281,0.120000,0.120000,2.7778,TRACKING
5.964384,129.087994500000,35.074310666667,508022.379,3881287.425,0.005,-2.682800,route_tangent,528,1.510,2.000,530,508019.979,3881287.936,-0.668281,0.120000,0.120000,2.7778,TRACKING
6.014339,129.087994500000,35.074310666667,508022.379,3881287.425,0.005,-2.682800,route_tangent,528,1.510,2.000,530,508019.979,3881287.936,-0.668281,0.120000,0.120000,2.7778,TRACKING
6.064508,129.087994500000,35.074310666667,508022.379,3881287.425,0.005,-2.682800,route_tangent,528,1.510,2.000,530,508019.979,3881287.936,-0.668281,0.120000,0.120000,2.7778,TRACKING
6.114350,129.087994500000,35.074310666667,508022.379,3881287.425,0.005,-2.682800,route_tangent,528,1.510,2.000,530,508019.979,3881287.936,-0.668281,0.120000,0.120000,2.7778,TRACKING
6.164475,129.087994500000,35.074310666667,508022.379,3881287.425,0.005,-2.682800,route_tangent,528,1.510,2.000,530,508019.979,3881287.936,-0.668281,0.120000,0.120000,2.7778,TRACKING
6.214378,129.087994500000,35.074310500000,508022.379,3881287.407,0.005,-2.682800,route_tangent,528,1.527,2.000,530,508019.979,3881287.936,-0.675636,0.120000,0.120000,2.7778,TRACKING
6.264584,129.087994500000,35.074310500000,508022.379,3881287.407,0.005,-2.682800,route_tangent,528,1.527,2.000,530,508019.979,3881287.936,-0.675636,0.120000,0.120000,2.7778,TRACKING
6.314512,129.087994500000,35.074310500000,508022.379,3881287.407,0.005,-2.682800,route_tangent,528,1.527,2.000,530,508019.979,3881287.936,-0.675636,0.120000,0.120000,2.7778,TRACKING
6.364516,129.087994500000,35.074310500000,508022.379,3881287.407,0.005,-2.682800,route_tangent,528,1.527,2.000,530,508019.979,3881287.936,-0.675636,0.120000,0.120000,2.7778,TRACKING
6.414488,129.087994500000,35.074310500000,508022.379,3881287.407,0.005,-2.682800,route_tangent,528,1.527,2.000,530,508019.979,3881287.936,-0.675636,0.120000,0.120000,2.7778,TRACKING
6.464380,129.087994500000,35.074310500000,508022.379,3881287.407,0.010,-2.682800,route_tangent,528,1.527,2.000,530,508019.979,3881287.936,-0.675636,0.120000,0.120000,2.7778,TRACKING
6.514348,129.087994500000,35.074310500000,508022.379,3881287.407,0.010,-2.682800,route_tangent,528,1.527,2.000,530,508019.979,3881287.936,-0.675636,0.120000,0.120000,2.7778,TRACKING
6.564376,129.087994500000,35.074310500000,508022.379,3881287.407,0.010,-2.682800,route_tangent,528,1.527,2.000,530,508019.979,3881287.936,-0.675636,0.120000,0.120000,2.7778,TRACKING
6.614445,129.087994500000,35.074310500000,508022.379,3881287.407,0.010,-2.682800,route_tangent,528,1.527,2.000,530,508019.979,3881287.936,-0.675636,0.120000,0.120000,2.7778,TRACKING
6.664374,129.087994500000,35.074310500000,508022.379,3881287.407,0.010,-2.682800,route_tangent,528,1.527,2.000,530,508019.979,3881287.936,-0.675636,0.120000,0.120000,2.7778,TRACKING
6.714373,129.087994500000,35.074310500000,508022.379,3881287.407,0.014,-2.682800,route_tangent,528,1.527,2.000,530,508019.979,3881287.936,-0.675636,0.120000,0.120000,2.7778,TRACKING
6.764376,129.087994500000,35.074310500000,508022.379,3881287.407,0.014,-2.682800,route_tangent,528,1.527,2.000,530,508019.979,3881287.936,-0.675636,0.120000,0.120000,2.7778,TRACKING
6.814341,129.087994500000,35.074310500000,508022.379,3881287.407,0.014,-2.682800,route_tangent,528,1.527,2.000,530,508019.979,3881287.936,-0.675636,0.120000,0.120000,2.7778,TRACKING
6.864304,129.087994500000,35.074310500000,508022.379,3881287.407,0.014,-2.682800,route_tangent,528,1.527,2.000,530,508019.979,3881287.936,-0.675636,0.120000,0.120000,2.7778,TRACKING
6.914375,129.087994500000,35.074310500000,508022.379,3881287.407,0.014,-2.682800,route_tangent,528,1.527,2.000,530,508019.979,3881287.936,-0.675636,0.120000,0.120000,2.7778,TRACKING
6.964341,129.087994500000,35.074310500000,508022.379,3881287.407,0.013,-2.682800,route_tangent,528,1.527,2.000,530,508019.979,3881287.936,-0.675636,0.120000,0.120000,2.7778,TRACKING
7.014460,129.087994500000,35.074310500000,508022.379,3881287.407,0.013,-2.682800,route_tangent,528,1.527,2.000,530,508019.979,3881287.936,-0.675636,0.120000,0.120000,2.7778,TRACKING
7.064353,129.087994500000,35.074310500000,508022.379,3881287.407,0.013,-2.682800,route_tangent,528,1.527,2.000,530,508019.979,3881287.936,-0.675636,0.120000,0.120000,2.7778,TRACKING
7.114343,129.087994500000,35.074310500000,508022.379,3881287.407,0.013,-2.682800,route_tangent,528,1.527,2.000,530,508019.979,3881287.936,-0.675636,0.120000,0.120000,2.7778,TRACKING
7.164359,129.087994500000,35.074310500000,508022.379,3881287.407,0.013,-2.682800,route_tangent,528,1.527,2.000,530,508019.979,3881287.936,-0.675636,0.120000,0.120000,2.7778,TRACKING
7.214404,129.087994500000,35.074310500000,508022.379,3881287.407,0.005,-2.682800,route_tangent,528,1.527,2.000,530,508019.979,3881287.936,-0.675636,0.120000,0.120000,2.7778,TRACKING
7.264415,129.087994500000,35.074310500000,508022.379,3881287.407,0.005,-2.682800,route_tangent,528,1.527,2.000,530,508019.979,3881287.936,-0.675636,0.120000,0.120000,2.7778,TRACKING
7.314485,129.087994500000,35.074310500000,508022.379,3881287.407,0.005,-2.682800,route_tangent,528,1.527,2.000,530,508019.979,3881287.936,-0.675636,0.120000,0.120000,2.7778,TRACKING
7.364374,129.087994500000,35.074310500000,508022.379,3881287.407,0.005,-2.682800,route_tangent,528,1.527,2.000,530,508019.979,3881287.936,-0.675636,0.120000,0.120000,2.7778,TRACKING
7.414506,129.087994500000,35.074310500000,508022.379,3881287.407,0.005,-2.682800,route_tangent,528,1.527,2.000,530,508019.979,3881287.936,-0.675636,0.120000,0.120000,2.7778,TRACKING
7.464335,129.087994500000,35.074310500000,508022.379,3881287.407,0.004,-2.682800,route_tangent,528,1.527,2.000,530,508019.979,3881287.936,-0.675636,0.120000,0.120000,2.7778,TRACKING
7.514408,129.087994500000,35.074310500000,508022.379,3881287.407,0.004,-2.682800,route_tangent,528,1.527,2.000,530,508019.979,3881287.936,-0.675636,0.120000,0.120000,2.7778,TRACKING
7.564334,129.087994500000,35.074310500000,508022.379,3881287.407,0.004,-2.682800,route_tangent,528,1.527,2.000,530,508019.979,3881287.936,-0.675636,0.120000,0.120000,2.7778,TRACKING
7.614335,129.087994500000,35.074310500000,508022.379,3881287.407,0.004,-2.682800,route_tangent,528,1.527,2.000,530,508019.979,3881287.936,-0.675636,0.120000,0.120000,2.7778,TRACKING
7.664345,129.087994500000,35.074310500000,508022.379,3881287.407,0.004,-2.682800,route_tangent,528,1.527,2.000,530,508019.979,3881287.936,-0.675636,0.120000,0.120000,2.7778,TRACKING
7.714352,129.087994500000,35.074310500000,508022.379,3881287.407,0.005,-2.682800,route_tangent,528,1.527,2.000,530,508019.979,3881287.936,-0.675636,0.120000,0.120000,2.7778,TRACKING
7.764354,129.087994500000,35.074310500000,508022.379,3881287.407,0.005,-2.682800,route_tangent,528,1.527,2.000,530,508019.979,3881287.936,-0.675636,0.120000,0.120000,2.7778,TRACKING
7.814448,129.087994500000,35.074310500000,508022.379,3881287.407,0.005,-2.682800,route_tangent,528,1.527,2.000,530,508019.979,3881287.936,-0.675636,0.120000,0.120000,2.7778,TRACKING
7.864455,129.087994500000,35.074310500000,508022.379,3881287.407,0.005,-2.682800,route_tangent,528,1.527,2.000,530,508019.979,3881287.936,-0.675636,0.120000,0.120000,2.7778,TRACKING
7.914334,129.087994500000,35.074310500000,508022.379,3881287.407,0.005,-2.682800,route_tangent,528,1.527,2.000,530,508019.979,3881287.936,-0.675636,0.120000,0.120000,2.7778,TRACKING
7.964280,129.087994500000,35.074310500000,508022.379,3881287.407,0.004,-2.682800,route_tangent,528,1.527,2.000,530,508019.979,3881287.936,-0.675636,0.120000,0.120000,2.7778,TRACKING
8.014314,129.087994500000,35.074310500000,508022.379,3881287.407,0.004,-2.682800,route_tangent,528,1.527,2.000,530,508019.979,3881287.936,-0.675636,0.120000,0.120000,2.7778,TRACKING
8.064466,129.087994500000,35.074310500000,508022.379,3881287.407,0.004,-2.682800,route_tangent,528,1.527,2.000,530,508019.979,3881287.936,-0.675636,0.120000,0.120000,2.7778,TRACKING
8.114489,129.087994500000,35.074310500000,508022.379,3881287.407,0.004,-2.682800,route_tangent,528,1.527,2.000,530,508019.979,3881287.936,-0.675636,0.120000,0.120000,2.7778,TRACKING
8.164395,129.087994500000,35.074310500000,508022.379,3881287.407,0.004,-2.682800,route_tangent,528,1.527,2.000,530,508019.979,3881287.936,-0.675636,0.120000,0.120000,2.7778,TRACKING
8.214322,129.087994500000,35.074310500000,508022.379,3881287.407,0.010,-2.682800,route_tangent,528,1.527,2.000,530,508019.979,3881287.936,-0.675636,0.120000,0.120000,2.7778,TRACKING
8.264323,129.087994500000,35.074310500000,508022.379,3881287.407,0.010,-2.682800,route_tangent,528,1.527,2.000,530,508019.979,3881287.936,-0.675636,0.120000,0.120000,2.7778,TRACKING
8.314473,129.087994500000,35.074310500000,508022.379,3881287.407,0.010,-2.682800,route_tangent,528,1.527,2.000,530,508019.979,3881287.936,-0.675636,0.120000,0.120000,2.7778,TRACKING
8.364490,129.087994500000,35.074310500000,508022.379,3881287.407,0.010,-2.682800,route_tangent,528,1.527,2.000,530,508019.979,3881287.936,-0.675636,0.120000,0.120000,2.7778,TRACKING
8.414369,129.087994500000,35.074310500000,508022.379,3881287.407,0.010,-2.682800,route_tangent,528,1.527,2.000,530,508019.979,3881287.936,-0.675636,0.120000,0.120000,2.7778,TRACKING
8.464955,129.087994666667,35.074310666667,508022.394,3881287.426,0.008,-2.682800,route_tangent,528,1.516,2.000,530,508019.979,3881287.936,-0.666995,0.120000,0.120000,2.7778,TRACKING
8.514399,129.087994666667,35.074310666667,508022.394,3881287.426,0.008,-2.682800,route_tangent,528,1.516,2.000,530,508019.979,3881287.936,-0.666995,0.120000,0.120000,2.7778,TRACKING
8.564486,129.087994666667,35.074310666667,508022.394,3881287.426,0.008,-2.682800,route_tangent,528,1.516,2.000,530,508019.979,3881287.936,-0.666995,0.120000,0.120000,2.7778,TRACKING
8.614396,129.087994666667,35.074310666667,508022.394,3881287.426,0.008,-2.682800,route_tangent,528,1.516,2.000,530,508019.979,3881287.936,-0.666995,0.120000,0.120000,2.7778,TRACKING
8.664408,129.087994666667,35.074310666667,508022.394,3881287.426,0.008,-2.682800,route_tangent,528,1.516,2.000,530,508019.979,3881287.936,-0.666995,0.120000,0.120000,2.7778,TRACKING
8.714284,129.087994666667,35.074310666667,508022.394,3881287.426,0.015,-2.682800,route_tangent,528,1.516,2.000,530,508019.979,3881287.936,-0.666995,0.120000,0.120000,2.7778,TRACKING
8.764511,129.087994666667,35.074310666667,508022.394,3881287.426,0.015,-2.682800,route_tangent,528,1.516,2.000,530,508019.979,3881287.936,-0.666995,0.120000,0.120000,2.7778,TRACKING
8.814516,129.087994666667,35.074310666667,508022.394,3881287.426,0.015,-2.682800,route_tangent,528,1.516,2.000,530,508019.979,3881287.936,-0.666995,0.120000,0.120000,2.7778,TRACKING
8.864402,129.087994666667,35.074310666667,508022.394,3881287.426,0.015,-2.682800,route_tangent,528,1.516,2.000,530,508019.979,3881287.936,-0.666995,0.120000,0.120000,2.7778,TRACKING
8.914397,129.087994666667,35.074310666667,508022.394,3881287.426,0.015,-2.682800,route_tangent,528,1.516,2.000,530,508019.979,3881287.936,-0.666995,0.120000,0.120000,2.7778,TRACKING
8.964383,129.087994666667,35.074310666667,508022.394,3881287.426,0.010,-2.682800,route_tangent,528,1.516,2.000,530,508019.979,3881287.936,-0.666995,0.120000,0.120000,2.7778,TRACKING
9.014814,129.087994666667,35.074310666667,508022.394,3881287.426,0.010,-2.682800,route_tangent,528,1.516,2.000,530,508019.979,3881287.936,-0.666995,0.120000,0.120000,2.7778,TRACKING
9.064364,129.087994666667,35.074310666667,508022.394,3881287.426,0.010,-2.682800,route_tangent,528,1.516,2.000,530,508019.979,3881287.936,-0.666995,0.120000,0.120000,2.7778,TRACKING
9.114553,129.087994666667,35.074310666667,508022.394,3881287.426,0.010,-2.682800,route_tangent,528,1.516,2.000,530,508019.979,3881287.936,-0.666995,0.120000,0.120000,2.7778,TRACKING
9.164347,129.087994666667,35.074310666667,508022.394,3881287.426,0.010,-2.682800,route_tangent,528,1.516,2.000,530,508019.979,3881287.936,-0.666995,0.120000,0.120000,2.7778,TRACKING
9.214579,129.087994666667,35.074310666667,508022.394,3881287.426,0.004,-2.682800,route_tangent,528,1.516,2.000,530,508019.979,3881287.936,-0.666995,0.120000,0.120000,2.7778,TRACKING
9.264415,129.087994666667,35.074310666667,508022.394,3881287.426,0.004,-2.682800,route_tangent,528,1.516,2.000,530,508019.979,3881287.936,-0.666995,0.120000,0.120000,2.7778,TRACKING
9.314471,129.087994666667,35.074310666667,508022.394,3881287.426,0.004,-2.682800,route_tangent,528,1.516,2.000,530,508019.979,3881287.936,-0.666995,0.120000,0.120000,2.7778,TRACKING
9.364372,129.087994666667,35.074310666667,508022.394,3881287.426,0.004,-2.682800,route_tangent,528,1.516,2.000,530,508019.979,3881287.936,-0.666995,0.120000,0.120000,2.7778,TRACKING
9.414340,129.087994666667,35.074310666667,508022.394,3881287.426,0.004,-2.682800,route_tangent,528,1.516,2.000,530,508019.979,3881287.936,-0.666995,0.120000,0.120000,2.7778,TRACKING
9.464371,129.087994666667,35.074310666667,508022.394,3881287.426,0.001,-2.682800,route_tangent,528,1.516,2.000,530,508019.979,3881287.936,-0.666995,0.120000,0.120000,2.7778,TRACKING
9.514357,129.087994666667,35.074310666667,508022.394,3881287.426,0.001,-2.682800,route_tangent,528,1.516,2.000,530,508019.979,3881287.936,-0.666995,0.120000,0.120000,2.7778,TRACKING
9.564357,129.087994666667,35.074310666667,508022.394,3881287.426,0.001,-2.682800,route_tangent,528,1.516,2.000,530,508019.979,3881287.936,-0.666995,0.120000,0.120000,2.7778,TRACKING
9.614351,129.087994666667,35.074310666667,508022.394,3881287.426,0.001,-2.682800,route_tangent,528,1.516,2.000,530,508019.979,3881287.936,-0.666995,0.120000,0.120000,2.7778,TRACKING
9.664488,129.087994666667,35.074310666667,508022.394,3881287.426,0.001,-2.682800,route_tangent,528,1.516,2.000,530,508019.979,3881287.936,-0.666995,0.120000,0.120000,2.7778,TRACKING
9.714326,129.087994666667,35.074310500000,508022.394,3881287.407,0.009,-2.682800,route_tangent,528,1.533,2.000,530,508019.979,3881287.936,-0.674309,0.120000,0.120000,2.7778,TRACKING
9.764341,129.087994666667,35.074310500000,508022.394,3881287.407,0.009,-2.682800,route_tangent,528,1.533,2.000,530,508019.979,3881287.936,-0.674309,0.120000,0.120000,2.7778,TRACKING
9.814357,129.087994666667,35.074310500000,508022.394,3881287.407,0.009,-2.682800,route_tangent,528,1.533,2.000,530,508019.979,3881287.936,-0.674309,0.120000,0.120000,2.7778,TRACKING
9.864375,129.087994666667,35.074310500000,508022.394,3881287.407,0.009,-2.682800,route_tangent,528,1.533,2.000,530,508019.979,3881287.936,-0.674309,0.120000,0.120000,2.7778,TRACKING
9.914354,129.087994666667,35.074310500000,508022.394,3881287.407,0.009,-2.682800,route_tangent,528,1.533,2.000,530,508019.979,3881287.936,-0.674309,0.120000,0.120000,2.7778,TRACKING
9.964333,129.087994666667,35.074310500000,508022.394,3881287.407,0.007,-2.682800,route_tangent,528,1.533,2.000,530,508019.979,3881287.936,-0.674309,0.120000,0.120000,2.7778,TRACKING
10.014346,129.087994666667,35.074310500000,508022.394,3881287.407,0.007,-2.682800,route_tangent,528,1.533,2.000,530,508019.979,3881287.936,-0.674309,0.120000,0.120000,2.7778,TRACKING
10.064360,129.087994666667,35.074310500000,508022.394,3881287.407,0.007,-2.682800,route_tangent,528,1.533,2.000,530,508019.979,3881287.936,-0.674309,0.120000,0.120000,2.7778,TRACKING
10.114372,129.087994666667,35.074310500000,508022.394,3881287.407,0.007,-2.682800,route_tangent,528,1.533,2.000,530,508019.979,3881287.936,-0.674309,0.120000,0.120000,2.7778,TRACKING
10.164362,129.087994666667,35.074310500000,508022.394,3881287.407,0.007,-2.682800,route_tangent,528,1.533,2.000,530,508019.979,3881287.936,-0.674309,0.120000,0.120000,2.7778,TRACKING
10.214340,129.087994666667,35.074310500000,508022.394,3881287.407,0.012,-2.682800,route_tangent,528,1.533,2.000,530,508019.979,3881287.936,-0.674309,0.120000,0.120000,2.7778,TRACKING
10.264338,129.087994666667,35.074310500000,508022.394,3881287.407,0.012,-2.682800,route_tangent,528,1.533,2.000,530,508019.979,3881287.936,-0.674309,0.120000,0.120000,2.7778,TRACKING
10.314387,129.087994666667,35.074310500000,508022.394,3881287.407,0.012,-2.682800,route_tangent,528,1.533,2.000,530,508019.979,3881287.936,-0.674309,0.120000,0.120000,2.7778,TRACKING
10.364347,129.087994666667,35.074310500000,508022.394,3881287.407,0.012,-2.682800,route_tangent,528,1.533,2.000,530,508019.979,3881287.936,-0.674309,0.120000,0.120000,2.7778,TRACKING
10.414340,129.087994666667,35.074310500000,508022.394,3881287.407,0.012,-2.682800,route_tangent,528,1.533,2.000,530,508019.979,3881287.936,-0.674309,0.120000,0.120000,2.7778,TRACKING
10.464400,129.087994666667,35.074310500000,508022.394,3881287.407,0.009,-2.682800,route_tangent,528,1.533,2.000,530,508019.979,3881287.936,-0.674309,0.120000,0.120000,2.7778,TRACKING
10.514664,129.087994666667,35.074310500000,508022.394,3881287.407,0.009,-2.682800,route_tangent,528,1.533,2.000,530,508019.979,3881287.936,-0.674309,0.120000,0.120000,2.7778,TRACKING
10.564567,129.087994666667,35.074310500000,508022.394,3881287.407,0.009,-2.682800,route_tangent,528,1.533,2.000,530,508019.979,3881287.936,-0.674309,0.120000,0.120000,2.7778,TRACKING
10.614451,129.087994666667,35.074310500000,508022.394,3881287.407,0.009,-2.682800,route_tangent,528,1.533,2.000,530,508019.979,3881287.936,-0.674309,0.120000,0.120000,2.7778,TRACKING
10.664408,129.087994666667,35.074310500000,508022.394,3881287.407,0.009,-2.682800,route_tangent,528,1.533,2.000,530,508019.979,3881287.936,-0.674309,0.120000,0.120000,2.7778,TRACKING
10.714437,129.087994500000,35.074310500000,508022.379,3881287.407,0.006,-2.682800,route_tangent,528,1.527,2.000,530,508019.979,3881287.936,-0.675636,0.120000,0.120000,2.7778,TRACKING
10.764340,129.087994500000,35.074310500000,508022.379,3881287.407,0.006,-2.682800,route_tangent,528,1.527,2.000,530,508019.979,3881287.936,-0.675636,0.120000,0.120000,2.7778,TRACKING
10.814625,129.087994500000,35.074310500000,508022.379,3881287.407,0.006,-2.682800,route_tangent,528,1.527,2.000,530,508019.979,3881287.936,-0.675636,0.120000,0.120000,2.7778,TRACKING
10.864414,129.087994500000,35.074310500000,508022.379,3881287.407,0.006,-2.682800,route_tangent,528,1.527,2.000,530,508019.979,3881287.936,-0.675636,0.120000,0.120000,2.7778,TRACKING
10.914400,129.087994500000,35.074310500000,508022.379,3881287.407,0.006,-2.682800,route_tangent,528,1.527,2.000,530,508019.979,3881287.936,-0.675636,0.120000,0.120000,2.7778,TRACKING
10.964337,129.087994500000,35.074310500000,508022.379,3881287.407,0.007,-2.682800,route_tangent,528,1.527,2.000,530,508019.979,3881287.936,-0.675636,0.120000,0.120000,2.7778,TRACKING
11.014337,129.087994500000,35.074310500000,508022.379,3881287.407,0.007,-2.682800,route_tangent,528,1.527,2.000,530,508019.979,3881287.936,-0.675636,0.120000,0.120000,2.7778,TRACKING
11.064384,129.087994500000,35.074310500000,508022.379,3881287.407,0.007,-2.682800,route_tangent,528,1.527,2.000,530,508019.979,3881287.936,-0.675636,0.120000,0.120000,2.7778,TRACKING
11.114312,129.087994500000,35.074310500000,508022.379,3881287.407,0.007,-2.682800,route_tangent,528,1.527,2.000,530,508019.979,3881287.936,-0.675636,0.120000,0.120000,2.7778,TRACKING
11.164517,129.087994500000,35.074310500000,508022.379,3881287.407,0.007,-2.682800,route_tangent,528,1.527,2.000,530,508019.979,3881287.936,-0.675636,0.120000,0.120000,2.7778,TRACKING
11.214358,129.087994500000,35.074310500000,508022.379,3881287.407,0.007,-2.682800,route_tangent,528,1.527,2.000,530,508019.979,3881287.936,-0.675636,0.120000,0.120000,2.7778,TRACKING
11.264352,129.087994500000,35.074310500000,508022.379,3881287.407,0.007,-2.682800,route_tangent,528,1.527,2.000,530,508019.979,3881287.936,-0.675636,0.120000,0.120000,2.7778,TRACKING
11.314409,129.087994500000,35.074310500000,508022.379,3881287.407,0.007,-2.682800,route_tangent,528,1.527,2.000,530,508019.979,3881287.936,-0.675636,0.120000,0.120000,2.7778,TRACKING
11.364332,129.087994500000,35.074310500000,508022.379,3881287.407,0.007,-2.682800,route_tangent,528,1.527,2.000,530,508019.979,3881287.936,-0.675636,0.120000,0.120000,2.7778,TRACKING
11.414492,129.087994500000,35.074310500000,508022.379,3881287.407,0.007,-2.682800,route_tangent,528,1.527,2.000,530,508019.979,3881287.936,-0.675636,0.120000,0.120000,2.7778,TRACKING
11.464312,129.087994666667,35.074310666667,508022.394,3881287.426,0.008,-2.682800,route_tangent,528,1.516,2.000,530,508019.979,3881287.936,-0.666995,0.120000,0.120000,2.7778,TRACKING
11.514367,129.087994666667,35.074310666667,508022.394,3881287.426,0.008,-2.682800,route_tangent,528,1.516,2.000,530,508019.979,3881287.936,-0.666995,0.120000,0.120000,2.7778,TRACKING
11.564605,129.087994666667,35.074310666667,508022.394,3881287.426,0.008,-2.682800,route_tangent,528,1.516,2.000,530,508019.979,3881287.936,-0.666995,0.120000,0.120000,2.7778,TRACKING
11.614572,129.087994666667,35.074310666667,508022.394,3881287.426,0.008,-2.682800,route_tangent,528,1.516,2.000,530,508019.979,3881287.936,-0.666995,0.120000,0.120000,2.7778,TRACKING
11.664352,129.087994666667,35.074310666667,508022.394,3881287.426,0.008,-2.682800,route_tangent,528,1.516,2.000,530,508019.979,3881287.936,-0.666995,0.120000,0.120000,2.7778,TRACKING
11.714798,129.087994666667,35.074310500000,508022.394,3881287.407,0.009,-2.682800,route_tangent,528,1.533,2.000,530,508019.979,3881287.936,-0.674309,0.120000,0.120000,2.7778,TRACKING
11.764347,129.087994666667,35.074310500000,508022.394,3881287.407,0.009,-2.682800,route_tangent,528,1.533,2.000,530,508019.979,3881287.936,-0.674309,0.120000,0.120000,2.7778,TRACKING
11.814383,129.087994666667,35.074310500000,508022.394,3881287.407,0.009,-2.682800,route_tangent,528,1.533,2.000,530,508019.979,3881287.936,-0.674309,0.120000,0.120000,2.7778,TRACKING
11.864353,129.087994666667,35.074310500000,508022.394,3881287.407,0.009,-2.682800,route_tangent,528,1.533,2.000,530,508019.979,3881287.936,-0.674309,0.120000,0.120000,2.7778,TRACKING
11.914352,129.087994666667,35.074310500000,508022.394,3881287.407,0.009,-2.682800,route_tangent,528,1.533,2.000,530,508019.979,3881287.936,-0.674309,0.120000,0.120000,2.7778,TRACKING
11.964382,129.087994666667,35.074310666667,508022.394,3881287.426,0.007,-2.682800,route_tangent,528,1.516,2.000,530,508019.979,3881287.936,-0.666995,0.120000,0.120000,2.7778,TRACKING
12.014580,129.087994666667,35.074310666667,508022.394,3881287.426,0.007,-2.682800,route_tangent,528,1.516,2.000,530,508019.979,3881287.936,-0.666995,0.120000,0.120000,2.7778,TRACKING
12.064385,129.087994666667,35.074310666667,508022.394,3881287.426,0.007,-2.682800,route_tangent,528,1.516,2.000,530,508019.979,3881287.936,-0.666995,0.120000,0.120000,2.7778,TRACKING
12.114456,129.087994666667,35.074310666667,508022.394,3881287.426,0.007,-2.682800,route_tangent,528,1.516,2.000,530,508019.979,3881287.936,-0.666995,0.120000,0.120000,2.7778,TRACKING
12.164475,129.087994666667,35.074310666667,508022.394,3881287.426,0.007,-2.682800,route_tangent,528,1.516,2.000,530,508019.979,3881287.936,-0.666995,0.120000,0.120000,2.7778,TRACKING
12.214279,129.087994500000,35.074310666667,508022.379,3881287.425,0.002,-2.682800,route_tangent,528,1.510,2.000,530,508019.979,3881287.936,-0.668281,0.120000,0.120000,2.7778,TRACKING
12.264343,129.087994500000,35.074310666667,508022.379,3881287.425,0.002,-2.682800,route_tangent,528,1.510,2.000,530,508019.979,3881287.936,-0.668281,0.120000,0.120000,2.7778,TRACKING
12.314536,129.087994500000,35.074310666667,508022.379,3881287.425,0.002,-2.682800,route_tangent,528,1.510,2.000,530,508019.979,3881287.936,-0.668281,0.120000,0.120000,2.7778,TRACKING
12.364476,129.087994500000,35.074310666667,508022.379,3881287.425,0.002,-2.682800,route_tangent,528,1.510,2.000,530,508019.979,3881287.936,-0.668281,0.120000,0.120000,2.7778,TRACKING
12.414349,129.087994500000,35.074310666667,508022.379,3881287.425,0.002,-2.682800,route_tangent,528,1.510,2.000,530,508019.979,3881287.936,-0.668281,0.120000,0.120000,2.7778,TRACKING
12.464450,129.087994500000,35.074310500000,508022.379,3881287.407,0.008,-2.682800,route_tangent,528,1.527,2.000,530,508019.979,3881287.936,-0.675636,0.120000,0.120000,2.7778,TRACKING
12.514479,129.087994500000,35.074310500000,508022.379,3881287.407,0.008,-2.682800,route_tangent,528,1.527,2.000,530,508019.979,3881287.936,-0.675636,0.120000,0.120000,2.7778,TRACKING
12.564556,129.087994500000,35.074310500000,508022.379,3881287.407,0.008,-2.682800,route_tangent,528,1.527,2.000,530,508019.979,3881287.936,-0.675636,0.120000,0.120000,2.7778,TRACKING
12.614358,129.087994500000,35.074310500000,508022.379,3881287.407,0.008,-2.682800,route_tangent,528,1.527,2.000,530,508019.979,3881287.936,-0.675636,0.120000,0.120000,2.7778,TRACKING
12.664376,129.087994500000,35.074310500000,508022.379,3881287.407,0.008,-2.682800,route_tangent,528,1.527,2.000,530,508019.979,3881287.936,-0.675636,0.120000,0.120000,2.7778,TRACKING
12.714400,129.087994666667,35.074310500000,508022.394,3881287.407,0.005,-2.682800,route_tangent,528,1.533,2.000,530,508019.979,3881287.936,-0.674309,0.120000,0.120000,2.7778,TRACKING
12.764690,129.087994666667,35.074310500000,508022.394,3881287.407,0.005,-2.682800,route_tangent,528,1.533,2.000,530,508019.979,3881287.936,-0.674309,0.120000,0.120000,2.7778,TRACKING
12.814449,129.087994666667,35.074310500000,508022.394,3881287.407,0.005,-2.682800,route_tangent,528,1.533,2.000,530,508019.979,3881287.936,-0.674309,0.120000,0.120000,2.7778,TRACKING
12.864430,129.087994666667,35.074310500000,508022.394,3881287.407,0.005,-2.682800,route_tangent,528,1.533,2.000,530,508019.979,3881287.936,-0.674309,0.120000,0.120000,2.7778,TRACKING
12.914408,129.087994666667,35.074310500000,508022.394,3881287.407,0.005,-2.682800,route_tangent,528,1.533,2.000,530,508019.979,3881287.936,-0.674309,0.120000,0.120000,2.7778,TRACKING
12.964465,129.087994500000,35.074310500000,508022.379,3881287.407,0.005,-2.682800,route_tangent,528,1.527,2.000,530,508019.979,3881287.936,-0.675636,0.120000,0.120000,2.7778,TRACKING
13.014467,129.087994500000,35.074310500000,508022.379,3881287.407,0.005,-2.682800,route_tangent,528,1.527,2.000,530,508019.979,3881287.936,-0.675636,0.120000,0.120000,2.7778,TRACKING
13.064350,129.087994500000,35.074310500000,508022.379,3881287.407,0.005,-2.682800,route_tangent,528,1.527,2.000,530,508019.979,3881287.936,-0.675636,0.120000,0.120000,2.7778,TRACKING
13.114444,129.087994500000,35.074310500000,508022.379,3881287.407,0.005,-2.682800,route_tangent,528,1.527,2.000,530,508019.979,3881287.936,-0.675636,0.120000,0.120000,2.7778,TRACKING
13.164628,129.087994500000,35.074310500000,508022.379,3881287.407,0.005,-2.682800,route_tangent,528,1.527,2.000,530,508019.979,3881287.936,-0.675636,0.120000,0.120000,2.7778,TRACKING
13.214379,129.087994500000,35.074310500000,508022.379,3881287.407,0.012,-2.682800,route_tangent,528,1.527,2.000,530,508019.979,3881287.936,-0.675636,0.120000,0.120000,2.7778,TRACKING
13.264334,129.087994666667,35.074310500000,508022.394,3881287.407,0.012,-2.682800,route_tangent,528,1.533,2.000,530,508019.979,3881287.936,-0.674309,0.120000,0.120000,2.7778,TRACKING
13.314318,129.087994666667,35.074310500000,508022.394,3881287.407,0.012,-2.682800,route_tangent,528,1.533,2.000,530,508019.979,3881287.936,-0.674309,0.120000,0.120000,2.7778,TRACKING
13.364408,129.087994666667,35.074310500000,508022.394,3881287.407,0.012,-2.682800,route_tangent,528,1.533,2.000,530,508019.979,3881287.936,-0.674309,0.120000,0.120000,2.7778,TRACKING
13.414372,129.087994666667,35.074310500000,508022.394,3881287.407,0.012,-2.682800,route_tangent,528,1.533,2.000,530,508019.979,3881287.936,-0.674309,0.120000,0.120000,2.7778,TRACKING
13.464336,129.087994666667,35.074310500000,508022.394,3881287.407,0.012,-2.682800,route_tangent,528,1.533,2.000,530,508019.979,3881287.936,-0.674309,0.120000,0.120000,2.7778,TRACKING
13.514326,129.087994666667,35.074310500000,508022.394,3881287.407,0.012,-2.682800,route_tangent,528,1.533,2.000,530,508019.979,3881287.936,-0.674309,0.120000,0.120000,2.7778,TRACKING
13.564334,129.087994666667,35.074310500000,508022.394,3881287.407,0.012,-2.682800,route_tangent,528,1.533,2.000,530,508019.979,3881287.936,-0.674309,0.120000,0.120000,2.7778,TRACKING
13.614331,129.087994666667,35.074310500000,508022.394,3881287.407,0.012,-2.682800,route_tangent,528,1.533,2.000,530,508019.979,3881287.936,-0.674309,0.120000,0.120000,2.7778,TRACKING
13.664433,129.087994666667,35.074310500000,508022.394,3881287.407,0.012,-2.682800,route_tangent,528,1.533,2.000,530,508019.979,3881287.936,-0.674309,0.120000,0.120000,2.7778,TRACKING
13.714381,129.087994500000,35.074310500000,508022.379,3881287.407,0.012,-2.682800,route_tangent,528,1.527,2.000,530,508019.979,3881287.936,-0.675636,0.120000,0.120000,2.7778,TRACKING
13.764463,129.087994500000,35.074310500000,508022.379,3881287.407,0.012,-2.682800,route_tangent,528,1.527,2.000,530,508019.979,3881287.936,-0.675636,0.120000,0.120000,2.7778,TRACKING
13.814446,129.087994500000,35.074310500000,508022.379,3881287.407,0.012,-2.682800,route_tangent,528,1.527,2.000,530,508019.979,3881287.936,-0.675636,0.120000,0.120000,2.7778,TRACKING
13.864473,129.087994500000,35.074310500000,508022.379,3881287.407,0.012,-2.682800,route_tangent,528,1.527,2.000,530,508019.979,3881287.936,-0.675636,0.120000,0.120000,2.7778,TRACKING
13.914456,129.087994500000,35.074310500000,508022.379,3881287.407,0.012,-2.682800,route_tangent,528,1.527,2.000,530,508019.979,3881287.936,-0.675636,0.120000,0.120000,2.7778,TRACKING
13.964339,129.087994500000,35.074310500000,508022.379,3881287.407,0.012,-2.682800,route_tangent,528,1.527,2.000,530,508019.979,3881287.936,-0.675636,0.120000,0.120000,2.7778,TRACKING
14.014356,129.087994500000,35.074310500000,508022.379,3881287.407,0.012,-2.682800,route_tangent,528,1.527,2.000,530,508019.979,3881287.936,-0.675636,0.120000,0.120000,2.7778,TRACKING
14.064340,129.087994500000,35.074310500000,508022.379,3881287.407,0.012,-2.682800,route_tangent,528,1.527,2.000,530,508019.979,3881287.936,-0.675636,0.120000,0.120000,2.7778,TRACKING
14.114330,129.087994500000,35.074310500000,508022.379,3881287.407,0.012,-2.682800,route_tangent,528,1.527,2.000,530,508019.979,3881287.936,-0.675636,0.120000,0.120000,2.7778,TRACKING
14.164452,129.087994500000,35.074310500000,508022.379,3881287.407,0.012,-2.682800,route_tangent,528,1.527,2.000,530,508019.979,3881287.936,-0.675636,0.120000,0.120000,2.7778,TRACKING
14.214381,129.087994500000,35.074310500000,508022.379,3881287.407,0.012,-2.682800,route_tangent,528,1.527,2.000,530,508019.979,3881287.936,-0.675636,0.120000,0.120000,2.7778,TRACKING
14.264443,129.087994500000,35.074310500000,508022.379,3881287.407,0.012,-2.682800,route_tangent,528,1.527,2.000,530,508019.979,3881287.936,-0.675636,0.120000,0.120000,2.7778,TRACKING
14.314404,129.087994500000,35.074310500000,508022.379,3881287.407,0.012,-2.682800,route_tangent,528,1.527,2.000,530,508019.979,3881287.936,-0.675636,0.120000,0.120000,2.7778,TRACKING
14.364487,129.087994500000,35.074310500000,508022.379,3881287.407,0.012,-2.682800,route_tangent,528,1.527,2.000,530,508019.979,3881287.936,-0.675636,0.120000,0.120000,2.7778,TRACKING
14.414465,129.087994500000,35.074310500000,508022.379,3881287.407,0.012,-2.682800,route_tangent,528,1.527,2.000,530,508019.979,3881287.936,-0.675636,0.120000,0.120000,2.7778,TRACKING
14.464346,129.087994500000,35.074310500000,508022.379,3881287.407,0.003,-2.682800,route_tangent,528,1.527,2.000,530,508019.979,3881287.936,-0.675636,0.120000,0.120000,2.7778,TRACKING
14.514339,129.087994500000,35.074310500000,508022.379,3881287.407,0.003,-2.682800,route_tangent,528,1.527,2.000,530,508019.979,3881287.936,-0.675636,0.120000,0.120000,2.7778,TRACKING
14.564350,129.087994500000,35.074310500000,508022.379,3881287.407,0.003,-2.682800,route_tangent,528,1.527,2.000,530,508019.979,3881287.936,-0.675636,0.120000,0.120000,2.7778,TRACKING
14.614658,129.087994500000,35.074310500000,508022.379,3881287.407,0.003,-2.682800,route_tangent,528,1.527,2.000,530,508019.979,3881287.936,-0.675636,0.120000,0.120000,2.7778,TRACKING
14.664355,129.087994500000,35.074310500000,508022.379,3881287.407,0.003,-2.682800,route_tangent,528,1.527,2.000,530,508019.979,3881287.936,-0.675636,0.120000,0.120000,2.7778,TRACKING
14.714368,129.087994500000,35.074310500000,508022.379,3881287.407,0.008,-2.682800,route_tangent,528,1.527,2.000,530,508019.979,3881287.936,-0.675636,0.120000,0.120000,2.7778,TRACKING
14.764319,129.087994500000,35.074310500000,508022.379,3881287.407,0.008,-2.682800,route_tangent,528,1.527,2.000,530,508019.979,3881287.936,-0.675636,0.120000,0.120000,2.7778,TRACKING
14.814452,129.087994500000,35.074310500000,508022.379,3881287.407,0.008,-2.682800,route_tangent,528,1.527,2.000,530,508019.979,3881287.936,-0.675636,0.120000,0.120000,2.7778,TRACKING
14.864467,129.087994500000,35.074310500000,508022.379,3881287.407,0.008,-2.682800,route_tangent,528,1.527,2.000,530,508019.979,3881287.936,-0.675636,0.120000,0.120000,2.7778,TRACKING
14.914447,129.087994500000,35.074310500000,508022.379,3881287.407,0.008,-2.682800,route_tangent,528,1.527,2.000,530,508019.979,3881287.936,-0.675636,0.120000,0.120000,2.7778,TRACKING
14.964347,129.087994500000,35.074310500000,508022.379,3881287.407,0.008,-2.682800,route_tangent,528,1.527,2.000,530,508019.979,3881287.936,-0.675636,0.120000,0.120000,2.7778,TRACKING
15.014460,129.087994500000,35.074310500000,508022.379,3881287.407,0.008,-2.682800,route_tangent,528,1.527,2.000,530,508019.979,3881287.936,-0.675636,0.120000,0.120000,2.7778,TRACKING
15.064509,129.087994500000,35.074310500000,508022.379,3881287.407,0.008,-2.682800,route_tangent,528,1.527,2.000,530,508019.979,3881287.936,-0.675636,0.120000,0.120000,2.7778,TRACKING
15.114508,129.087994500000,35.074310500000,508022.379,3881287.407,0.008,-2.682800,route_tangent,528,1.527,2.000,530,508019.979,3881287.936,-0.675636,0.120000,0.120000,2.7778,TRACKING
15.164503,129.087994500000,35.074310500000,508022.379,3881287.407,0.008,-2.682800,route_tangent,528,1.527,2.000,530,508019.979,3881287.936,-0.675636,0.120000,0.120000,2.7778,TRACKING
15.214318,129.087994500000,35.074310500000,508022.379,3881287.407,0.003,-2.682800,route_tangent,528,1.527,2.000,530,508019.979,3881287.936,-0.675636,0.120000,0.120000,2.7778,TRACKING
15.264401,129.087994500000,35.074310500000,508022.379,3881287.407,0.003,-2.682800,route_tangent,528,1.527,2.000,530,508019.979,3881287.936,-0.675636,0.120000,0.120000,2.7778,TRACKING
15.314692,129.087994500000,35.074310500000,508022.379,3881287.407,0.003,-2.682800,route_tangent,528,1.527,2.000,530,508019.979,3881287.936,-0.675636,0.120000,0.120000,2.7778,TRACKING
15.364460,129.087994500000,35.074310500000,508022.379,3881287.407,0.003,-2.682800,route_tangent,528,1.527,2.000,530,508019.979,3881287.936,-0.675636,0.120000,0.120000,2.7778,TRACKING
15.414339,129.087994500000,35.074310500000,508022.379,3881287.407,0.003,-2.682800,route_tangent,528,1.527,2.000,530,508019.979,3881287.936,-0.675636,0.120000,0.120000,2.7778,TRACKING
15.464414,129.087994666667,35.074310500000,508022.394,3881287.407,0.004,-2.682800,route_tangent,528,1.533,2.000,530,508019.979,3881287.936,-0.674309,0.120000,0.120000,2.7778,TRACKING
15.514471,129.087994666667,35.074310500000,508022.394,3881287.407,0.004,-2.682800,route_tangent,528,1.533,2.000,530,508019.979,3881287.936,-0.674309,0.120000,0.120000,2.7778,TRACKING
15.564406,129.087994666667,35.074310500000,508022.394,3881287.407,0.004,-2.682800,route_tangent,528,1.533,2.000,530,508019.979,3881287.936,-0.674309,0.120000,0.120000,2.7778,TRACKING
15.614364,129.087994666667,35.074310500000,508022.394,3881287.407,0.004,-2.682800,route_tangent,528,1.533,2.000,530,508019.979,3881287.936,-0.674309,0.120000,0.120000,2.7778,TRACKING
15.664447,129.087994666667,35.074310500000,508022.394,3881287.407,0.004,-2.682800,route_tangent,528,1.533,2.000,530,508019.979,3881287.936,-0.674309,0.120000,0.120000,2.7778,TRACKING
15.714336,129.087994666667,35.074310666667,508022.394,3881287.426,0.010,-2.682800,route_tangent,528,1.516,2.000,530,508019.979,3881287.936,-0.666995,0.120000,0.120000,2.7778,TRACKING
15.764348,129.087994666667,35.074310666667,508022.394,3881287.426,0.010,-2.682800,route_tangent,528,1.516,2.000,530,508019.979,3881287.936,-0.666995,0.120000,0.120000,2.7778,TRACKING
15.814343,129.087994666667,35.074310666667,508022.394,3881287.426,0.010,-2.682800,route_tangent,528,1.516,2.000,530,508019.979,3881287.936,-0.666995,0.120000,0.120000,2.7778,TRACKING
15.864368,129.087994666667,35.074310666667,508022.394,3881287.426,0.010,-2.682800,route_tangent,528,1.516,2.000,530,508019.979,3881287.936,-0.666995,0.120000,0.120000,2.7778,TRACKING
15.914362,129.087994666667,35.074310666667,508022.394,3881287.426,0.010,-2.682800,route_tangent,528,1.516,2.000,530,508019.979,3881287.936,-0.666995,0.120000,0.120000,2.7778,TRACKING
15.964371,129.087994500000,35.074310500000,508022.379,3881287.407,0.011,-2.682800,route_tangent,528,1.527,2.000,530,508019.979,3881287.936,-0.675636,0.120000,0.120000,2.7778,TRACKING
16.014332,129.087994500000,35.074310500000,508022.379,3881287.407,0.011,-2.682800,route_tangent,528,1.527,2.000,530,508019.979,3881287.936,-0.675636,0.120000,0.120000,2.7778,TRACKING
16.064410,129.087994500000,35.074310500000,508022.379,3881287.407,0.011,-2.682800,route_tangent,528,1.527,2.000,530,508019.979,3881287.936,-0.675636,0.120000,0.120000,2.7778,TRACKING
16.114408,129.087994500000,35.074310500000,508022.379,3881287.407,0.011,-2.682800,route_tangent,528,1.527,2.000,530,508019.979,3881287.936,-0.675636,0.120000,0.120000,2.7778,TRACKING
16.164376,129.087994500000,35.074310500000,508022.379,3881287.407,0.011,-2.682800,route_tangent,528,1.527,2.000,530,508019.979,3881287.936,-0.675636,0.120000,0.120000,2.7778,TRACKING
16.214495,129.087994666667,35.074310500000,508022.394,3881287.407,0.005,-2.682800,route_tangent,528,1.533,2.000,530,508019.979,3881287.936,-0.674309,0.120000,0.120000,2.7778,TRACKING
16.264344,129.087994666667,35.074310500000,508022.394,3881287.407,0.005,-2.682800,route_tangent,528,1.533,2.000,530,508019.979,3881287.936,-0.674309,0.120000,0.120000,2.7778,TRACKING
16.314325,129.087994666667,35.074310500000,508022.394,3881287.407,0.005,-2.682800,route_tangent,528,1.533,2.000,530,508019.979,3881287.936,-0.674309,0.120000,0.120000,2.7778,TRACKING
16.364315,129.087994666667,35.074310500000,508022.394,3881287.407,0.005,-2.682800,route_tangent,528,1.533,2.000,530,508019.979,3881287.936,-0.674309,0.120000,0.120000,2.7778,TRACKING
16.414295,129.087994666667,35.074310500000,508022.394,3881287.407,0.005,-2.682800,route_tangent,528,1.533,2.000,530,508019.979,3881287.936,-0.674309,0.120000,0.120000,2.7778,TRACKING
16.464297,129.087994500000,35.074310500000,508022.379,3881287.407,0.012,-2.682800,route_tangent,528,1.527,2.000,530,508019.979,3881287.936,-0.675636,0.120000,0.120000,2.7778,TRACKING
16.514321,129.087994500000,35.074310500000,508022.379,3881287.407,0.012,-2.682800,route_tangent,528,1.527,2.000,530,508019.979,3881287.936,-0.675636,0.120000,0.120000,2.7778,TRACKING
16.564498,129.087994500000,35.074310500000,508022.379,3881287.407,0.012,-2.682800,route_tangent,528,1.527,2.000,530,508019.979,3881287.936,-0.675636,0.120000,0.120000,2.7778,TRACKING
16.614426,129.087994500000,35.074310500000,508022.379,3881287.407,0.012,-2.682800,route_tangent,528,1.527,2.000,530,508019.979,3881287.936,-0.675636,0.120000,0.120000,2.7778,TRACKING
16.664589,129.087994500000,35.074310500000,508022.379,3881287.407,0.012,-2.682800,route_tangent,528,1.527,2.000,530,508019.979,3881287.936,-0.675636,0.120000,0.120000,2.7778,TRACKING
16.714384,129.087994500000,35.074310666667,508022.379,3881287.425,0.006,-2.682800,route_tangent,528,1.510,2.000,530,508019.979,3881287.936,-0.668281,0.120000,0.120000,2.7778,TRACKING
16.764517,129.087994500000,35.074310666667,508022.379,3881287.425,0.006,-2.682800,route_tangent,528,1.510,2.000,530,508019.979,3881287.936,-0.668281,0.120000,0.120000,2.7778,TRACKING
16.814376,129.087994500000,35.074310666667,508022.379,3881287.425,0.006,-2.682800,route_tangent,528,1.510,2.000,530,508019.979,3881287.936,-0.668281,0.120000,0.120000,2.7778,TRACKING
16.864472,129.087994500000,35.074310666667,508022.379,3881287.425,0.006,-2.682800,route_tangent,528,1.510,2.000,530,508019.979,3881287.936,-0.668281,0.120000,0.120000,2.7778,TRACKING
16.914386,129.087994500000,35.074310666667,508022.379,3881287.425,0.006,-2.682800,route_tangent,528,1.510,2.000,530,508019.979,3881287.936,-0.668281,0.120000,0.120000,2.7778,TRACKING
16.964396,129.087994666667,35.074310500000,508022.394,3881287.407,0.008,-2.682800,route_tangent,528,1.533,2.000,530,508019.979,3881287.936,-0.674309,0.120000,0.120000,2.7778,TRACKING
17.014382,129.087994666667,35.074310500000,508022.394,3881287.407,0.008,-2.682800,route_tangent,528,1.533,2.000,530,508019.979,3881287.936,-0.674309,0.120000,0.120000,2.7778,TRACKING
17.064344,129.087994666667,35.074310500000,508022.394,3881287.407,0.008,-2.682800,route_tangent,528,1.533,2.000,530,508019.979,3881287.936,-0.674309,0.120000,0.120000,2.7778,TRACKING
17.114321,129.087994666667,35.074310500000,508022.394,3881287.407,0.008,-2.682800,route_tangent,528,1.533,2.000,530,508019.979,3881287.936,-0.674309,0.120000,0.120000,2.7778,TRACKING
17.164450,129.087994666667,35.074310500000,508022.394,3881287.407,0.008,-2.682800,route_tangent,528,1.533,2.000,530,508019.979,3881287.936,-0.674309,0.120000,0.120000,2.7778,TRACKING
17.214164,129.087994666667,35.074310500000,508022.394,3881287.407,0.003,-2.682800,route_tangent,528,1.533,2.000,530,508019.979,3881287.936,-0.674309,0.120000,0.120000,2.7778,TRACKING
17.264352,129.087994666667,35.074310666667,508022.394,3881287.426,0.003,-2.682800,route_tangent,528,1.516,2.000,530,508019.979,3881287.936,-0.666995,0.120000,0.120000,2.7778,TRACKING
17.314456,129.087994666667,35.074310666667,508022.394,3881287.426,0.003,-2.682800,route_tangent,528,1.516,2.000,530,508019.979,3881287.936,-0.666995,0.120000,0.120000,2.7778,TRACKING
17.364453,129.087994666667,35.074310666667,508022.394,3881287.426,0.003,-2.682800,route_tangent,528,1.516,2.000,530,508019.979,3881287.936,-0.666995,0.120000,0.120000,2.7778,TRACKING
17.414326,129.087994666667,35.074310666667,508022.394,3881287.426,0.003,-2.682800,route_tangent,528,1.516,2.000,530,508019.979,3881287.936,-0.666995,0.120000,0.120000,2.7778,TRACKING
17.464343,129.087994666667,35.074310666667,508022.394,3881287.426,0.007,-2.682800,route_tangent,528,1.516,2.000,530,508019.979,3881287.936,-0.666995,0.120000,0.120000,2.7778,TRACKING
17.514359,129.087994666667,35.074310666667,508022.394,3881287.426,0.007,-2.682800,route_tangent,528,1.516,2.000,530,508019.979,3881287.936,-0.666995,0.120000,0.120000,2.7778,TRACKING
17.564391,129.087994666667,35.074310666667,508022.394,3881287.426,0.007,-2.682800,route_tangent,528,1.516,2.000,530,508019.979,3881287.936,-0.666995,0.120000,0.120000,2.7778,TRACKING
17.614324,129.087994666667,35.074310666667,508022.394,3881287.426,0.007,-2.682800,route_tangent,528,1.516,2.000,530,508019.979,3881287.936,-0.666995,0.120000,0.120000,2.7778,TRACKING
17.664541,129.087994666667,35.074310666667,508022.394,3881287.426,0.007,-2.682800,route_tangent,528,1.516,2.000,530,508019.979,3881287.936,-0.666995,0.120000,0.120000,2.7778,TRACKING
17.714357,129.087994666667,35.074310666667,508022.394,3881287.426,0.012,-2.682800,route_tangent,528,1.516,2.000,530,508019.979,3881287.936,-0.666995,0.120000,0.120000,2.7778,TRACKING
17.764429,129.087994666667,35.074310666667,508022.394,3881287.426,0.012,-2.682800,route_tangent,528,1.516,2.000,530,508019.979,3881287.936,-0.666995,0.120000,0.120000,2.7778,TRACKING
17.814324,129.087994666667,35.074310666667,508022.394,3881287.426,0.012,-2.682800,route_tangent,528,1.516,2.000,530,508019.979,3881287.936,-0.666995,0.120000,0.120000,2.7778,TRACKING
17.864362,129.087994666667,35.074310666667,508022.394,3881287.426,0.012,-2.682800,route_tangent,528,1.516,2.000,530,508019.979,3881287.936,-0.666995,0.120000,0.120000,2.7778,TRACKING
17.914344,129.087994666667,35.074310666667,508022.394,3881287.426,0.012,-2.682800,route_tangent,528,1.516,2.000,530,508019.979,3881287.936,-0.666995,0.120000,0.120000,2.7778,TRACKING
17.964360,129.087994666667,35.074310666667,508022.394,3881287.426,0.010,-2.682800,route_tangent,528,1.516,2.000,530,508019.979,3881287.936,-0.666995,0.120000,0.120000,2.7778,TRACKING
18.014343,129.087994666667,35.074310666667,508022.394,3881287.426,0.010,-2.682800,route_tangent,528,1.516,2.000,530,508019.979,3881287.936,-0.666995,0.120000,0.120000,2.7778,TRACKING
18.064530,129.087994666667,35.074310666667,508022.394,3881287.426,0.010,-2.682800,route_tangent,528,1.516,2.000,530,508019.979,3881287.936,-0.666995,0.120000,0.120000,2.7778,TRACKING
18.114539,129.087994666667,35.074310666667,508022.394,3881287.426,0.010,-2.682800,route_tangent,528,1.516,2.000,530,508019.979,3881287.936,-0.666995,0.120000,0.120000,2.7778,TRACKING
18.164358,129.087994666667,35.074310666667,508022.394,3881287.426,0.010,-2.682800,route_tangent,528,1.516,2.000,530,508019.979,3881287.936,-0.666995,0.120000,0.120000,2.7778,TRACKING
18.214316,129.087994666667,35.074310666667,508022.394,3881287.426,0.008,-2.682800,route_tangent,528,1.516,2.000,530,508019.979,3881287.936,-0.666995,0.120000,0.120000,2.7778,TRACKING
18.264419,129.087994666667,35.074310666667,508022.394,3881287.426,0.008,-2.682800,route_tangent,528,1.516,2.000,530,508019.979,3881287.936,-0.666995,0.120000,0.120000,2.7778,TRACKING
18.314554,129.087994666667,35.074310666667,508022.394,3881287.426,0.008,-2.682800,route_tangent,528,1.516,2.000,530,508019.979,3881287.936,-0.666995,0.120000,0.120000,2.7778,TRACKING
18.364400,129.087994666667,35.074310666667,508022.394,3881287.426,0.008,-2.682800,route_tangent,528,1.516,2.000,530,508019.979,3881287.936,-0.666995,0.120000,0.120000,2.7778,TRACKING
18.414326,129.087994666667,35.074310666667,508022.394,3881287.426,0.008,-2.682800,route_tangent,528,1.516,2.000,530,508019.979,3881287.936,-0.666995,0.120000,0.120000,2.7778,TRACKING
18.464336,129.087994666667,35.074310666667,508022.394,3881287.426,0.004,-2.682800,route_tangent,528,1.516,2.000,530,508019.979,3881287.936,-0.666995,0.120000,0.120000,2.7778,TRACKING
18.514337,129.087994666667,35.074310666667,508022.394,3881287.426,0.004,-2.682800,route_tangent,528,1.516,2.000,530,508019.979,3881287.936,-0.666995,0.120000,0.120000,2.7778,TRACKING
18.564437,129.087994666667,35.074310666667,508022.394,3881287.426,0.004,-2.682800,route_tangent,528,1.516,2.000,530,508019.979,3881287.936,-0.666995,0.120000,0.120000,2.7778,TRACKING
18.614463,129.087994666667,35.074310666667,508022.394,3881287.426,0.004,-2.682800,route_tangent,528,1.516,2.000,530,508019.979,3881287.936,-0.666995,0.120000,0.120000,2.7778,TRACKING
18.664431,129.087994666667,35.074310666667,508022.394,3881287.426,0.004,-2.682800,route_tangent,528,1.516,2.000,530,508019.979,3881287.936,-0.666995,0.120000,0.120000,2.7778,TRACKING
18.714280,129.087994666667,35.074310666667,508022.394,3881287.426,0.003,-2.682800,route_tangent,528,1.516,2.000,530,508019.979,3881287.936,-0.666995,0.120000,0.120000,2.7778,TRACKING
18.764414,129.087994666667,35.074310666667,508022.394,3881287.426,0.003,-2.682800,route_tangent,528,1.516,2.000,530,508019.979,3881287.936,-0.666995,0.120000,0.120000,2.7778,TRACKING
18.814501,129.087994666667,35.074310666667,508022.394,3881287.426,0.003,-2.682800,route_tangent,528,1.516,2.000,530,508019.979,3881287.936,-0.666995,0.120000,0.120000,2.7778,TRACKING
18.864504,129.087994666667,35.074310666667,508022.394,3881287.426,0.003,-2.682800,route_tangent,528,1.516,2.000,530,508019.979,3881287.936,-0.666995,0.120000,0.120000,2.7778,TRACKING
18.914377,129.087994666667,35.074310666667,508022.394,3881287.426,0.003,-2.682800,route_tangent,528,1.516,2.000,530,508019.979,3881287.936,-0.666995,0.120000,0.120000,2.7778,TRACKING
18.964328,129.087994666667,35.074310666667,508022.394,3881287.426,0.006,-2.682800,route_tangent,528,1.516,2.000,530,508019.979,3881287.936,-0.666995,0.120000,0.120000,2.7778,TRACKING
19.014557,129.087994666667,35.074310666667,508022.394,3881287.426,0.006,-2.682800,route_tangent,528,1.516,2.000,530,508019.979,3881287.936,-0.666995,0.120000,0.120000,2.7778,TRACKING
19.064673,129.087994666667,35.074310666667,508022.394,3881287.426,0.006,-2.682800,route_tangent,528,1.516,2.000,530,508019.979,3881287.936,-0.666995,0.120000,0.120000,2.7778,TRACKING
19.114346,129.087994666667,35.074310666667,508022.394,3881287.426,0.006,-2.682800,route_tangent,528,1.516,2.000,530,508019.979,3881287.936,-0.666995,0.120000,0.120000,2.7778,TRACKING
19.164443,129.087994666667,35.074310666667,508022.394,3881287.426,0.006,-2.682800,route_tangent,528,1.516,2.000,530,508019.979,3881287.936,-0.666995,0.120000,0.120000,2.7778,TRACKING
19.214642,129.087994666667,35.074310666667,508022.394,3881287.426,0.001,-2.682800,route_tangent,528,1.516,2.000,530,508019.979,3881287.936,-0.666995,0.120000,0.120000,2.7778,TRACKING
19.264355,129.087994666667,35.074310666667,508022.394,3881287.426,0.001,-2.682800,route_tangent,528,1.516,2.000,530,508019.979,3881287.936,-0.666995,0.120000,0.120000,2.7778,TRACKING
19.314346,129.087994666667,35.074310666667,508022.394,3881287.426,0.001,-2.682800,route_tangent,528,1.516,2.000,530,508019.979,3881287.936,-0.666995,0.120000,0.120000,2.7778,TRACKING
19.364347,129.087994666667,35.074310666667,508022.394,3881287.426,0.001,-2.682800,route_tangent,528,1.516,2.000,530,508019.979,3881287.936,-0.666995,0.120000,0.120000,2.7778,TRACKING
19.414480,129.087994666667,35.074310666667,508022.394,3881287.426,0.001,-2.682800,route_tangent,528,1.516,2.000,530,508019.979,3881287.936,-0.666995,0.120000,0.120000,2.7778,TRACKING
19.464332,129.087994666667,35.074310666667,508022.394,3881287.426,0.007,-2.682800,route_tangent,528,1.516,2.000,530,508019.979,3881287.936,-0.666995,0.120000,0.120000,2.7778,TRACKING
19.514549,129.087994666667,35.074310666667,508022.394,3881287.426,0.007,-2.682800,route_tangent,528,1.516,2.000,530,508019.979,3881287.936,-0.666995,0.120000,0.120000,2.7778,TRACKING
19.564526,129.087994666667,35.074310666667,508022.394,3881287.426,0.007,-2.682800,route_tangent,528,1.516,2.000,530,508019.979,3881287.936,-0.666995,0.120000,0.120000,2.7778,TRACKING
19.614503,129.087994666667,35.074310666667,508022.394,3881287.426,0.007,-2.682800,route_tangent,528,1.516,2.000,530,508019.979,3881287.936,-0.666995,0.120000,0.120000,2.7778,TRACKING
19.664365,129.087994666667,35.074310666667,508022.394,3881287.426,0.007,-2.682800,route_tangent,528,1.516,2.000,530,508019.979,3881287.936,-0.666995,0.120000,0.120000,2.7778,TRACKING
19.714369,129.087994666667,35.074310666667,508022.394,3881287.426,0.005,-2.682800,route_tangent,528,1.516,2.000,530,508019.979,3881287.936,-0.666995,0.120000,0.120000,2.7778,TRACKING
19.764339,129.087994666667,35.074310666667,508022.394,3881287.426,0.005,-2.682800,route_tangent,528,1.516,2.000,530,508019.979,3881287.936,-0.666995,0.120000,0.120000,2.7778,TRACKING
19.814339,129.087994666667,35.074310666667,508022.394,3881287.426,0.005,-2.682800,route_tangent,528,1.516,2.000,530,508019.979,3881287.936,-0.666995,0.120000,0.120000,2.7778,TRACKING
19.864354,129.087994666667,35.074310666667,508022.394,3881287.426,0.005,-2.682800,route_tangent,528,1.516,2.000,530,508019.979,3881287.936,-0.666995,0.120000,0.120000,2.7778,TRACKING
19.914496,129.087994666667,35.074310666667,508022.394,3881287.426,0.005,-2.682800,route_tangent,528,1.516,2.000,530,508019.979,3881287.936,-0.666995,0.120000,0.120000,2.7778,TRACKING
19.964395,129.087994666667,35.074310666667,508022.394,3881287.426,0.002,-2.682800,route_tangent,528,1.516,2.000,530,508019.979,3881287.936,-0.666995,0.120000,0.120000,2.7778,TRACKING
20.014347,129.087994666667,35.074310666667,508022.394,3881287.426,0.002,-2.682800,route_tangent,528,1.516,2.000,530,508019.979,3881287.936,-0.666995,0.120000,0.120000,2.7778,TRACKING
20.064374,129.087994666667,35.074310666667,508022.394,3881287.426,0.002,-2.682800,route_tangent,528,1.516,2.000,530,508019.979,3881287.936,-0.666995,0.120000,0.120000,2.7778,TRACKING
20.114493,129.087994666667,35.074310666667,508022.394,3881287.426,0.002,-2.682800,route_tangent,528,1.516,2.000,530,508019.979,3881287.936,-0.666995,0.120000,0.120000,2.7778,TRACKING
20.165381,129.087994666667,35.074310666667,508022.394,3881287.426,0.002,-2.682800,route_tangent,528,1.516,2.000,530,508019.979,3881287.936,-0.666995,0.120000,0.120000,2.7778,TRACKING
20.214719,129.087994666667,35.074310666667,508022.394,3881287.426,0.006,-2.682800,route_tangent,528,1.516,2.000,530,508019.979,3881287.936,-0.666995,0.120000,0.120000,2.7778,TRACKING
20.264333,129.087994666667,35.074310666667,508022.394,3881287.426,0.006,-2.682800,route_tangent,528,1.516,2.000,530,508019.979,3881287.936,-0.666995,0.120000,0.120000,2.7778,TRACKING
20.314331,129.087994666667,35.074310666667,508022.394,3881287.426,0.006,-2.682800,route_tangent,528,1.516,2.000,530,508019.979,3881287.936,-0.666995,0.120000,0.120000,2.7778,TRACKING
20.364419,129.087994666667,35.074310666667,508022.394,3881287.426,0.006,-2.682800,route_tangent,528,1.516,2.000,530,508019.979,3881287.936,-0.666995,0.120000,0.120000,2.7778,TRACKING
20.414516,129.087994666667,35.074310666667,508022.394,3881287.426,0.006,-2.682800,route_tangent,528,1.516,2.000,530,508019.979,3881287.936,-0.666995,0.120000,0.120000,2.7778,TRACKING
20.464323,129.087994666667,35.074310666667,508022.394,3881287.426,0.009,-2.682800,route_tangent,528,1.516,2.000,530,508019.979,3881287.936,-0.666995,0.120000,0.120000,2.7778,TRACKING
20.514366,129.087994666667,35.074310666667,508022.394,3881287.426,0.009,-2.682800,route_tangent,528,1.516,2.000,530,508019.979,3881287.936,-0.666995,0.120000,0.120000,2.7778,TRACKING
20.564440,129.087994666667,35.074310666667,508022.394,3881287.426,0.009,-2.682800,route_tangent,528,1.516,2.000,530,508019.979,3881287.936,-0.666995,0.120000,0.120000,2.7778,TRACKING
20.614436,129.087994666667,35.074310666667,508022.394,3881287.426,0.009,-2.682800,route_tangent,528,1.516,2.000,530,508019.979,3881287.936,-0.666995,0.120000,0.120000,2.7778,TRACKING
20.664441,129.087994666667,35.074310666667,508022.394,3881287.426,0.009,-2.682800,route_tangent,528,1.516,2.000,530,508019.979,3881287.936,-0.666995,0.120000,0.120000,2.7778,TRACKING
20.714310,129.087994666667,35.074310666667,508022.394,3881287.426,0.005,-2.682800,route_tangent,528,1.516,2.000,530,508019.979,3881287.936,-0.666995,0.120000,0.120000,2.7778,TRACKING
20.764489,129.087994666667,35.074310666667,508022.394,3881287.426,0.005,-2.682800,route_tangent,528,1.516,2.000,530,508019.979,3881287.936,-0.666995,0.120000,0.120000,2.7778,TRACKING
20.814419,129.087994666667,35.074310666667,508022.394,3881287.426,0.005,-2.682800,route_tangent,528,1.516,2.000,530,508019.979,3881287.936,-0.666995,0.120000,0.120000,2.7778,TRACKING
20.865180,129.087994666667,35.074310666667,508022.394,3881287.426,0.005,-2.682800,route_tangent,528,1.516,2.000,530,508019.979,3881287.936,-0.666995,0.120000,0.120000,2.7778,TRACKING
20.914328,129.087994666667,35.074310666667,508022.394,3881287.426,0.005,-2.682800,route_tangent,528,1.516,2.000,530,508019.979,3881287.936,-0.666995,0.120000,0.120000,2.7778,TRACKING
20.964354,129.087994666667,35.074310666667,508022.394,3881287.426,0.002,-2.682800,route_tangent,528,1.516,2.000,530,508019.979,3881287.936,-0.666995,0.120000,0.120000,2.7778,TRACKING
21.014386,129.087994666667,35.074310666667,508022.394,3881287.426,0.002,-2.682800,route_tangent,528,1.516,2.000,530,508019.979,3881287.936,-0.666995,0.120000,0.120000,2.7778,TRACKING
21.064399,129.087994666667,35.074310666667,508022.394,3881287.426,0.002,-2.682800,route_tangent,528,1.516,2.000,530,508019.979,3881287.936,-0.666995,0.120000,0.120000,2.7778,TRACKING
21.114459,129.087994666667,35.074310666667,508022.394,3881287.426,0.002,-2.682800,route_tangent,528,1.516,2.000,530,508019.979,3881287.936,-0.666995,0.120000,0.120000,2.7778,TRACKING
21.164454,129.087994666667,35.074310666667,508022.394,3881287.426,0.002,-2.682800,route_tangent,528,1.516,2.000,530,508019.979,3881287.936,-0.666995,0.120000,0.120000,2.7778,TRACKING
21.214409,129.087994666667,35.074310666667,508022.394,3881287.426,0.005,-2.682800,route_tangent,528,1.516,2.000,530,508019.979,3881287.936,-0.666995,0.120000,0.120000,2.7778,TRACKING
21.264373,129.087994666667,35.074310666667,508022.394,3881287.426,0.005,-2.682800,route_tangent,528,1.516,2.000,530,508019.979,3881287.936,-0.666995,0.120000,0.120000,2.7778,TRACKING
21.314451,129.087994666667,35.074310666667,508022.394,3881287.426,0.005,-2.682800,route_tangent,528,1.516,2.000,530,508019.979,3881287.936,-0.666995,0.120000,0.120000,2.7778,TRACKING
21.364431,129.087994666667,35.074310666667,508022.394,3881287.426,0.005,-2.682800,route_tangent,528,1.516,2.000,530,508019.979,3881287.936,-0.666995,0.120000,0.120000,2.7778,TRACKING
21.414515,129.087994666667,35.074310666667,508022.394,3881287.426,0.005,-2.682800,route_tangent,528,1.516,2.000,530,508019.979,3881287.936,-0.666995,0.120000,0.120000,2.7778,TRACKING
21.464303,129.087994666667,35.074310666667,508022.394,3881287.426,0.002,-2.682800,route_tangent,528,1.516,2.000,530,508019.979,3881287.936,-0.666995,0.120000,0.120000,2.7778,TRACKING
21.514415,129.087994666667,35.074310666667,508022.394,3881287.426,0.002,-2.682800,route_tangent,528,1.516,2.000,530,508019.979,3881287.936,-0.666995,0.120000,0.120000,2.7778,TRACKING
21.564416,129.087994666667,35.074310666667,508022.394,3881287.426,0.002,-2.682800,route_tangent,528,1.516,2.000,530,508019.979,3881287.936,-0.666995,0.120000,0.120000,2.7778,TRACKING
21.614440,129.087994666667,35.074310666667,508022.394,3881287.426,0.002,-2.682800,route_tangent,528,1.516,2.000,530,508019.979,3881287.936,-0.666995,0.120000,0.120000,2.7778,TRACKING
21.665316,129.087994666667,35.074310666667,508022.394,3881287.426,0.002,-2.682800,route_tangent,528,1.516,2.000,530,508019.979,3881287.936,-0.666995,0.120000,0.120000,2.7778,TRACKING
21.714306,129.087994666667,35.074310666667,508022.394,3881287.426,0.002,-2.682800,route_tangent,528,1.516,2.000,530,508019.979,3881287.936,-0.666995,0.120000,0.120000,2.7778,TRACKING
21.764447,129.087994666667,35.074310666667,508022.394,3881287.426,0.002,-2.682800,route_tangent,528,1.516,2.000,530,508019.979,3881287.936,-0.666995,0.120000,0.120000,2.7778,TRACKING
21.814430,129.087994666667,35.074310666667,508022.394,3881287.426,0.002,-2.682800,route_tangent,528,1.516,2.000,530,508019.979,3881287.936,-0.666995,0.120000,0.120000,2.7778,TRACKING
21.864454,129.087994666667,35.074310666667,508022.394,3881287.426,0.002,-2.682800,route_tangent,528,1.516,2.000,530,508019.979,3881287.936,-0.666995,0.120000,0.120000,2.7778,TRACKING
21.914456,129.087994666667,35.074310666667,508022.394,3881287.426,0.002,-2.682800,route_tangent,528,1.516,2.000,530,508019.979,3881287.936,-0.666995,0.120000,0.120000,2.7778,TRACKING
21.964413,129.087994666667,35.074310666667,508022.394,3881287.426,0.002,-2.682800,route_tangent,528,1.516,2.000,530,508019.979,3881287.936,-0.666995,0.120000,0.120000,2.7778,TRACKING
22.014500,129.087994666667,35.074310666667,508022.394,3881287.426,0.002,-2.682800,route_tangent,528,1.516,2.000,530,508019.979,3881287.936,-0.666995,0.120000,0.120000,2.7778,TRACKING
22.064791,129.087994666667,35.074310666667,508022.394,3881287.426,0.002,-2.682800,route_tangent,528,1.516,2.000,530,508019.979,3881287.936,-0.666995,0.120000,0.120000,2.7778,TRACKING
22.114458,129.087994666667,35.074310666667,508022.394,3881287.426,0.002,-2.682800,route_tangent,528,1.516,2.000,530,508019.979,3881287.936,-0.666995,0.120000,0.120000,2.7778,TRACKING
22.164441,129.087994666667,35.074310666667,508022.394,3881287.426,0.002,-2.682800,route_tangent,528,1.516,2.000,530,508019.979,3881287.936,-0.666995,0.120000,0.120000,2.7778,TRACKING
22.214414,129.087994666667,35.074310666667,508022.394,3881287.426,0.005,-2.682800,route_tangent,528,1.516,2.000,530,508019.979,3881287.936,-0.666995,0.120000,0.120000,2.7778,TRACKING
22.265164,129.087994666667,35.074310666667,508022.394,3881287.426,0.005,-2.682800,route_tangent,528,1.516,2.000,530,508019.979,3881287.936,-0.666995,0.120000,0.120000,2.7778,TRACKING
22.314345,129.087994666667,35.074310666667,508022.394,3881287.426,0.005,-2.682800,route_tangent,528,1.516,2.000,530,508019.979,3881287.936,-0.666995,0.120000,0.120000,2.7778,TRACKING
22.364348,129.087994666667,35.074310666667,508022.394,3881287.426,0.005,-2.682800,route_tangent,528,1.516,2.000,530,508019.979,3881287.936,-0.666995,0.120000,0.120000,2.7778,TRACKING
22.414332,129.087994666667,35.074310666667,508022.394,3881287.426,0.005,-2.682800,route_tangent,528,1.516,2.000,530,508019.979,3881287.936,-0.666995,0.120000,0.120000,2.7778,TRACKING
22.464373,129.087994666667,35.074310666667,508022.394,3881287.426,0.003,-2.682800,route_tangent,528,1.516,2.000,530,508019.979,3881287.936,-0.666995,0.120000,0.120000,2.7778,TRACKING
22.514330,129.087994666667,35.074310666667,508022.394,3881287.426,0.003,-2.682800,route_tangent,528,1.516,2.000,530,508019.979,3881287.936,-0.666995,0.120000,0.120000,2.7778,TRACKING
22.564345,129.087994666667,35.074310666667,508022.394,3881287.426,0.003,-2.682800,route_tangent,528,1.516,2.000,530,508019.979,3881287.936,-0.666995,0.120000,0.120000,2.7778,TRACKING
22.614357,129.087994666667,35.074310666667,508022.394,3881287.426,0.003,-2.682800,route_tangent,528,1.516,2.000,530,508019.979,3881287.936,-0.666995,0.120000,0.120000,2.7778,TRACKING
22.664359,129.087994666667,35.074310666667,508022.394,3881287.426,0.003,-2.682800,route_tangent,528,1.516,2.000,530,508019.979,3881287.936,-0.666995,0.120000,0.120000,2.7778,TRACKING
22.714316,129.087994666667,35.074310833333,508022.394,3881287.444,0.003,-2.682800,route_tangent,528,1.499,2.000,530,508019.979,3881287.936,-0.659659,0.120000,0.120000,2.7778,TRACKING
22.764330,129.087994666667,35.074310833333,508022.394,3881287.444,0.003,-2.682800,route_tangent,528,1.499,2.000,530,508019.979,3881287.936,-0.659659,0.120000,0.120000,2.7778,TRACKING
22.814355,129.087994666667,35.074310833333,508022.394,3881287.444,0.003,-2.682800,route_tangent,528,1.499,2.000,530,508019.979,3881287.936,-0.659659,0.120000,0.120000,2.7778,TRACKING
22.864329,129.087994666667,35.074310833333,508022.394,3881287.444,0.003,-2.682800,route_tangent,528,1.499,2.000,530,508019.979,3881287.936,-0.659659,0.120000,0.120000,2.7778,TRACKING
22.914455,129.087994666667,35.074310833333,508022.394,3881287.444,0.003,-2.682800,route_tangent,528,1.499,2.000,530,508019.979,3881287.936,-0.659659,0.120000,0.120000,2.7778,TRACKING
22.964335,129.087994666667,35.074310833333,508022.394,3881287.444,0.014,-2.682800,route_tangent,528,1.499,2.000,530,508019.979,3881287.936,-0.659659,0.120000,0.120000,2.7778,TRACKING
23.014469,129.087994666667,35.074310833333,508022.394,3881287.444,0.014,-2.682800,route_tangent,528,1.499,2.000,530,508019.979,3881287.936,-0.659659,0.120000,0.120000,2.7778,TRACKING
23.064451,129.087994666667,35.074310833333,508022.394,3881287.444,0.014,-2.682800,route_tangent,528,1.499,2.000,530,508019.979,3881287.936,-0.659659,0.120000,0.120000,2.7778,TRACKING
23.114336,129.087994666667,35.074310833333,508022.394,3881287.444,0.014,-2.682800,route_tangent,528,1.499,2.000,530,508019.979,3881287.936,-0.659659,0.120000,0.120000,2.7778,TRACKING
23.164382,129.087994666667,35.074310833333,508022.394,3881287.444,0.014,-2.682800,route_tangent,528,1.499,2.000,530,508019.979,3881287.936,-0.659659,0.120000,0.120000,2.7778,TRACKING
23.214575,129.087994666667,35.074310666667,508022.394,3881287.426,0.008,-2.682800,route_tangent,528,1.516,2.000,530,508019.979,3881287.936,-0.666995,0.120000,0.120000,2.7778,TRACKING
23.264347,129.087994666667,35.074310666667,508022.394,3881287.426,0.008,-2.682800,route_tangent,528,1.516,2.000,530,508019.979,3881287.936,-0.666995,0.120000,0.120000,2.7778,TRACKING
23.314439,129.087994666667,35.074310666667,508022.394,3881287.426,0.008,-2.682800,route_tangent,528,1.516,2.000,530,508019.979,3881287.936,-0.666995,0.120000,0.120000,2.7778,TRACKING
23.364341,129.087994666667,35.074310666667,508022.394,3881287.426,0.008,-2.682800,route_tangent,528,1.516,2.000,530,508019.979,3881287.936,-0.666995,0.120000,0.120000,2.7778,TRACKING
23.414336,129.087994666667,35.074310666667,508022.394,3881287.426,0.008,-2.682800,route_tangent,528,1.516,2.000,530,508019.979,3881287.936,-0.666995,0.120000,0.120000,2.7778,TRACKING
23.464348,129.087994666667,35.074310666667,508022.394,3881287.426,0.006,-2.682800,route_tangent,528,1.516,2.000,530,508019.979,3881287.936,-0.666995,0.120000,0.120000,2.7778,TRACKING
23.514644,129.087994666667,35.074310666667,508022.394,3881287.426,0.006,-2.682800,route_tangent,528,1.516,2.000,530,508019.979,3881287.936,-0.666995,0.120000,0.120000,2.7778,TRACKING
23.564367,129.087994666667,35.074310666667,508022.394,3881287.426,0.006,-2.682800,route_tangent,528,1.516,2.000,530,508019.979,3881287.936,-0.666995,0.120000,0.120000,2.7778,TRACKING
23.614360,129.087994666667,35.074310666667,508022.394,3881287.426,0.006,-2.682800,route_tangent,528,1.516,2.000,530,508019.979,3881287.936,-0.666995,0.120000,0.120000,2.7778,TRACKING
23.664369,129.087994666667,35.074310666667,508022.394,3881287.426,0.006,-2.682800,route_tangent,528,1.516,2.000,530,508019.979,3881287.936,-0.666995,0.120000,0.120000,2.7778,TRACKING
23.714365,129.087994666667,35.074310666667,508022.394,3881287.426,0.003,-2.682800,route_tangent,528,1.516,2.000,530,508019.979,3881287.936,-0.666995,0.120000,0.120000,2.7778,TRACKING
23.764354,129.087994666667,35.074310666667,508022.394,3881287.426,0.003,-2.682800,route_tangent,528,1.516,2.000,530,508019.979,3881287.936,-0.666995,0.120000,0.120000,2.7778,TRACKING
23.815031,129.087994666667,35.074310666667,508022.394,3881287.426,0.003,-2.682800,route_tangent,528,1.516,2.000,530,508019.979,3881287.936,-0.666995,0.120000,0.120000,2.7778,TRACKING
23.864328,129.087994666667,35.074310666667,508022.394,3881287.426,0.003,-2.682800,route_tangent,528,1.516,2.000,530,508019.979,3881287.936,-0.666995,0.120000,0.120000,2.7778,TRACKING
23.914366,129.087994666667,35.074310666667,508022.394,3881287.426,0.003,-2.682800,route_tangent,528,1.516,2.000,530,508019.979,3881287.936,-0.666995,0.120000,0.120000,2.7778,TRACKING
23.964343,129.087994666667,35.074310833333,508022.394,3881287.444,0.004,-2.682800,route_tangent,528,1.499,2.000,530,508019.979,3881287.936,-0.659659,0.120000,0.120000,2.7778,TRACKING
24.014313,129.087994666667,35.074310833333,508022.394,3881287.444,0.004,-2.682800,route_tangent,528,1.499,2.000,530,508019.979,3881287.936,-0.659659,0.120000,0.120000,2.7778,TRACKING
24.064407,129.087994666667,35.074310833333,508022.394,3881287.444,0.004,-2.682800,route_tangent,528,1.499,2.000,530,508019.979,3881287.936,-0.659659,0.120000,0.120000,2.7778,TRACKING
24.114357,129.087994666667,35.074310833333,508022.394,3881287.444,0.004,-2.682800,route_tangent,528,1.499,2.000,530,508019.979,3881287.936,-0.659659,0.120000,0.120000,2.7778,TRACKING
24.164393,129.087994666667,35.074310833333,508022.394,3881287.444,0.004,-2.682800,route_tangent,528,1.499,2.000,530,508019.979,3881287.936,-0.659659,0.120000,0.120000,2.7778,TRACKING
24.214353,129.087994666667,35.074310833333,508022.394,3881287.444,0.019,-2.682800,route_tangent,528,1.499,2.000,530,508019.979,3881287.936,-0.659659,0.120000,0.120000,2.7778,TRACKING
24.264327,129.087994666667,35.074310833333,508022.394,3881287.444,0.019,-2.682800,route_tangent,528,1.499,2.000,530,508019.979,3881287.936,-0.659659,0.120000,0.120000,2.7778,TRACKING
24.314436,129.087994666667,35.074310833333,508022.394,3881287.444,0.019,-2.682800,route_tangent,528,1.499,2.000,530,508019.979,3881287.936,-0.659659,0.120000,0.120000,2.7778,TRACKING
24.364304,129.087994666667,35.074310833333,508022.394,3881287.444,0.019,-2.682800,route_tangent,528,1.499,2.000,530,508019.979,3881287.936,-0.659659,0.120000,0.120000,2.7778,TRACKING
24.414454,129.087994666667,35.074310833333,508022.394,3881287.444,0.019,-2.682800,route_tangent,528,1.499,2.000,530,508019.979,3881287.936,-0.659659,0.120000,0.120000,2.7778,TRACKING
24.464315,129.087994833333,35.074310833333,508022.409,3881287.444,0.019,-2.682800,route_tangent,528,1.506,2.000,530,508019.979,3881287.936,-0.658431,0.120000,0.120000,2.7778,TRACKING
24.514379,129.087994833333,35.074310833333,508022.409,3881287.444,0.019,-2.682800,route_tangent,528,1.506,2.000,530,508019.979,3881287.936,-0.658431,0.120000,0.120000,2.7778,TRACKING
24.564451,129.087994833333,35.074310833333,508022.409,3881287.444,0.019,-2.682800,route_tangent,528,1.506,2.000,530,508019.979,3881287.936,-0.658431,0.120000,0.120000,2.7778,TRACKING
24.614623,129.087994833333,35.074310833333,508022.409,3881287.444,0.019,-2.682800,route_tangent,528,1.506,2.000,530,508019.979,3881287.936,-0.658431,0.120000,0.120000,2.7778,TRACKING
24.664460,129.087994833333,35.074310833333,508022.409,3881287.444,0.019,-2.682800,route_tangent,528,1.506,2.000,530,508019.979,3881287.936,-0.658431,0.120000,0.120000,2.7778,TRACKING
24.714339,129.087994833333,35.074310833333,508022.409,3881287.444,0.019,-2.682800,route_tangent,528,1.506,2.000,530,508019.979,3881287.936,-0.658431,0.120000,0.120000,2.7778,TRACKING
24.764433,129.087994833333,35.074310833333,508022.409,3881287.444,0.019,-2.682800,route_tangent,528,1.506,2.000,530,508019.979,3881287.936,-0.658431,0.120000,0.120000,2.7778,TRACKING
24.814322,129.087994833333,35.074310833333,508022.409,3881287.444,0.019,-2.682800,route_tangent,528,1.506,2.000,530,508019.979,3881287.936,-0.658431,0.120000,0.120000,2.7778,TRACKING
24.864315,129.087994833333,35.074310833333,508022.409,3881287.444,0.019,-2.682800,route_tangent,528,1.506,2.000,530,508019.979,3881287.936,-0.658431,0.120000,0.120000,2.7778,TRACKING
24.914325,129.087994833333,35.074310833333,508022.409,3881287.444,0.019,-2.682800,route_tangent,528,1.506,2.000,530,508019.979,3881287.936,-0.658431,0.120000,0.120000,2.7778,TRACKING
24.964321,129.087994833333,35.074310833333,508022.409,3881287.444,0.009,-2.682800,route_tangent,528,1.506,2.000,530,508019.979,3881287.936,-0.658431,0.120000,0.120000,2.7778,TRACKING
25.014654,129.087994833333,35.074310833333,508022.409,3881287.444,0.009,-2.682800,route_tangent,528,1.506,2.000,530,508019.979,3881287.936,-0.658431,0.120000,0.120000,2.7778,TRACKING
25.064528,129.087994833333,35.074310833333,508022.409,3881287.444,0.009,-2.682800,route_tangent,528,1.506,2.000,530,508019.979,3881287.936,-0.658431,0.120000,0.120000,2.7778,TRACKING
25.114505,129.087994833333,35.074310833333,508022.409,3881287.444,0.009,-2.682800,route_tangent,528,1.506,2.000,530,508019.979,3881287.936,-0.658431,0.120000,0.120000,2.7778,TRACKING
25.164414,129.087994833333,35.074310833333,508022.409,3881287.444,0.009,-2.682800,route_tangent,528,1.506,2.000,530,508019.979,3881287.936,-0.658431,0.120000,0.120000,2.7778,TRACKING
25.214380,129.087994833333,35.074310833333,508022.409,3881287.444,0.008,-2.682800,route_tangent,528,1.506,2.000,530,508019.979,3881287.936,-0.658431,0.120000,0.120000,2.7778,TRACKING
25.264478,129.087994833333,35.074310833333,508022.409,3881287.444,0.008,-2.682800,route_tangent,528,1.506,2.000,530,508019.979,3881287.936,-0.658431,0.120000,0.120000,2.7778,TRACKING
25.314433,129.087994833333,35.074310833333,508022.409,3881287.444,0.008,-2.682800,route_tangent,528,1.506,2.000,530,508019.979,3881287.936,-0.658431,0.120000,0.120000,2.7778,TRACKING
25.364294,129.087994833333,35.074310833333,508022.409,3881287.444,0.008,-2.682800,route_tangent,528,1.506,2.000,530,508019.979,3881287.936,-0.658431,0.120000,0.120000,2.7778,TRACKING
25.414312,129.087994833333,35.074310833333,508022.409,3881287.444,0.008,-2.682800,route_tangent,528,1.506,2.000,530,508019.979,3881287.936,-0.658431,0.120000,0.120000,2.7778,TRACKING
25.464384,129.087994833333,35.074310833333,508022.409,3881287.444,0.017,-2.682800,route_tangent,528,1.506,2.000,530,508019.979,3881287.936,-0.658431,0.120000,0.120000,2.7778,TRACKING
25.514336,129.087994833333,35.074310833333,508022.409,3881287.444,0.017,-2.682800,route_tangent,528,1.506,2.000,530,508019.979,3881287.936,-0.658431,0.120000,0.120000,2.7778,TRACKING
25.564325,129.087994833333,35.074310833333,508022.409,3881287.444,0.017,-2.682800,route_tangent,528,1.506,2.000,530,508019.979,3881287.936,-0.658431,0.120000,0.120000,2.7778,TRACKING
25.614345,129.087994833333,35.074310833333,508022.409,3881287.444,0.017,-2.682800,route_tangent,528,1.506,2.000,530,508019.979,3881287.936,-0.658431,0.120000,0.120000,2.7778,TRACKING
25.665152,129.087994833333,35.074310833333,508022.409,3881287.444,0.017,-2.682800,route_tangent,528,1.506,2.000,530,508019.979,3881287.936,-0.658431,0.120000,0.120000,2.7778,TRACKING
25.714617,129.087994833333,35.074310833333,508022.409,3881287.444,0.017,-2.682800,route_tangent,528,1.506,2.000,530,508019.979,3881287.936,-0.658431,0.120000,0.120000,2.7778,TRACKING
25.764440,129.087994833333,35.074310833333,508022.409,3881287.444,0.017,-2.682800,route_tangent,528,1.506,2.000,530,508019.979,3881287.936,-0.658431,0.120000,0.120000,2.7778,TRACKING
25.814298,129.087994833333,35.074310833333,508022.409,3881287.444,0.017,-2.682800,route_tangent,528,1.506,2.000,530,508019.979,3881287.936,-0.658431,0.120000,0.120000,2.7778,TRACKING
25.864321,129.087994833333,35.074310833333,508022.409,3881287.444,0.017,-2.682800,route_tangent,528,1.506,2.000,530,508019.979,3881287.936,-0.658431,0.120000,0.120000,2.7778,TRACKING
25.914309,129.087994833333,35.074310833333,508022.409,3881287.444,0.017,-2.682800,route_tangent,528,1.506,2.000,530,508019.979,3881287.936,-0.658431,0.120000,0.120000,2.7778,TRACKING
25.964322,129.087994833333,35.074311000000,508022.409,3881287.462,0.014,-2.682800,route_tangent,528,1.489,2.000,530,508019.979,3881287.936,-0.651115,0.120000,0.120000,2.7778,TRACKING
26.014327,129.087994833333,35.074311000000,508022.409,3881287.462,0.014,-2.682800,route_tangent,528,1.489,2.000,530,508019.979,3881287.936,-0.651115,0.120000,0.120000,2.7778,TRACKING
26.064347,129.087994833333,35.074311000000,508022.409,3881287.462,0.014,-2.682800,route_tangent,528,1.489,2.000,530,508019.979,3881287.936,-0.651115,0.120000,0.120000,2.7778,TRACKING
26.114339,129.087994833333,35.074311000000,508022.409,3881287.462,0.014,-2.682800,route_tangent,528,1.489,2.000,530,508019.979,3881287.936,-0.651115,0.120000,0.120000,2.7778,TRACKING
26.164413,129.087994833333,35.074311000000,508022.409,3881287.462,0.014,-2.682800,route_tangent,528,1.489,2.000,530,508019.979,3881287.936,-0.651115,0.120000,0.120000,2.7778,TRACKING
26.214418,129.087994833333,35.074311166667,508022.409,3881287.481,0.028,-2.682800,route_tangent,528,1.472,2.000,530,508019.979,3881287.936,-0.643779,0.120000,0.120000,2.7778,TRACKING
26.264385,129.087994833333,35.074311166667,508022.409,3881287.481,0.028,-2.682800,route_tangent,528,1.472,2.000,530,508019.979,3881287.936,-0.643779,0.120000,0.120000,2.7778,TRACKING
26.314420,129.087994833333,35.074311166667,508022.409,3881287.481,0.028,-2.682800,route_tangent,528,1.472,2.000,530,508019.979,3881287.936,-0.643779,0.120000,0.120000,2.7778,TRACKING
26.364441,129.087994833333,35.074311166667,508022.409,3881287.481,0.028,-2.682800,route_tangent,528,1.472,2.000,530,508019.979,3881287.936,-0.643779,0.120000,0.120000,2.7778,TRACKING
26.414452,129.087994833333,35.074311166667,508022.409,3881287.481,0.028,-2.682800,route_tangent,528,1.472,2.000,530,508019.979,3881287.936,-0.643779,0.120000,0.120000,2.7778,TRACKING
26.464323,129.087994833333,35.074311000000,508022.409,3881287.462,0.035,-2.682800,route_tangent,528,1.489,2.000,530,508019.979,3881287.936,-0.651115,0.120000,0.120000,2.7778,TRACKING
26.514632,129.087994833333,35.074311000000,508022.409,3881287.462,0.035,-2.682800,route_tangent,528,1.489,2.000,530,508019.979,3881287.936,-0.651115,0.120000,0.120000,2.7778,TRACKING
26.564475,129.087994833333,35.074311000000,508022.409,3881287.462,0.035,-2.682800,route_tangent,528,1.489,2.000,530,508019.979,3881287.936,-0.651115,0.120000,0.120000,2.7778,TRACKING
26.614718,129.087994833333,35.074311000000,508022.409,3881287.462,0.035,-2.682800,route_tangent,528,1.489,2.000,530,508019.979,3881287.936,-0.651115,0.120000,0.120000,2.7778,TRACKING
26.664433,129.087994833333,35.074311000000,508022.409,3881287.462,0.035,-2.682800,route_tangent,528,1.489,2.000,530,508019.979,3881287.936,-0.651115,0.120000,0.120000,2.7778,TRACKING
26.714361,129.087994833333,35.074311000000,508022.409,3881287.462,0.012,-2.682800,route_tangent,528,1.489,2.000,530,508019.979,3881287.936,-0.651115,0.120000,0.120000,2.7778,TRACKING
26.764481,129.087994833333,35.074311000000,508022.409,3881287.462,0.012,-2.682800,route_tangent,528,1.489,2.000,530,508019.979,3881287.936,-0.651115,0.120000,0.120000,2.7778,TRACKING
26.814449,129.087994833333,35.074311000000,508022.409,3881287.462,0.012,-2.682800,route_tangent,528,1.489,2.000,530,508019.979,3881287.936,-0.651115,0.120000,0.120000,2.7778,TRACKING
26.864351,129.087994833333,35.074311000000,508022.409,3881287.462,0.012,-2.682800,route_tangent,528,1.489,2.000,530,508019.979,3881287.936,-0.651115,0.120000,0.120000,2.7778,TRACKING
26.914378,129.087994833333,35.074311000000,508022.409,3881287.462,0.012,-2.682800,route_tangent,528,1.489,2.000,530,508019.979,3881287.936,-0.651115,0.120000,0.120000,2.7778,TRACKING
26.964510,129.087994833333,35.074311000000,508022.409,3881287.462,0.014,-2.682800,route_tangent,528,1.489,2.000,530,508019.979,3881287.936,-0.651115,0.120000,0.120000,2.7778,TRACKING
27.014365,129.087994833333,35.074311000000,508022.409,3881287.462,0.014,-2.682800,route_tangent,528,1.489,2.000,530,508019.979,3881287.936,-0.651115,0.120000,0.120000,2.7778,TRACKING
27.064351,129.087994833333,35.074311000000,508022.409,3881287.462,0.014,-2.682800,route_tangent,528,1.489,2.000,530,508019.979,3881287.936,-0.651115,0.120000,0.120000,2.7778,TRACKING
27.114516,129.087994833333,35.074311000000,508022.409,3881287.462,0.014,-2.682800,route_tangent,528,1.489,2.000,530,508019.979,3881287.936,-0.651115,0.120000,0.120000,2.7778,TRACKING
27.164451,129.087994833333,35.074311000000,508022.409,3881287.462,0.014,-2.682800,route_tangent,528,1.489,2.000,530,508019.979,3881287.936,-0.651115,0.120000,0.120000,2.7778,TRACKING
27.214251,129.087994833333,35.074310833333,508022.409,3881287.444,0.016,-2.682800,route_tangent,528,1.506,2.000,530,508019.979,3881287.936,-0.658431,0.120000,0.120000,2.7778,TRACKING
27.264346,129.087994833333,35.074310833333,508022.409,3881287.444,0.016,-2.682800,route_tangent,528,1.506,2.000,530,508019.979,3881287.936,-0.658431,0.120000,0.120000,2.7778,TRACKING
27.314390,129.087994833333,35.074310833333,508022.409,3881287.444,0.016,-2.682800,route_tangent,528,1.506,2.000,530,508019.979,3881287.936,-0.658431,0.120000,0.120000,2.7778,TRACKING
27.364497,129.087994833333,35.074310833333,508022.409,3881287.444,0.016,-2.682800,route_tangent,528,1.506,2.000,530,508019.979,3881287.936,-0.658431,0.120000,0.120000,2.7778,TRACKING
27.414454,129.087994833333,35.074310833333,508022.409,3881287.444,0.016,-2.682800,route_tangent,528,1.506,2.000,530,508019.979,3881287.936,-0.658431,0.120000,0.120000,2.7778,TRACKING
27.464342,129.087994833333,35.074310833333,508022.409,3881287.444,0.016,-2.682800,route_tangent,528,1.506,2.000,530,508019.979,3881287.936,-0.658431,0.120000,0.120000,2.7778,TRACKING
27.514331,129.087994833333,35.074310833333,508022.409,3881287.444,0.016,-2.682800,route_tangent,528,1.506,2.000,530,508019.979,3881287.936,-0.658431,0.120000,0.120000,2.7778,TRACKING
27.564377,129.087994833333,35.074310833333,508022.409,3881287.444,0.016,-2.682800,route_tangent,528,1.506,2.000,530,508019.979,3881287.936,-0.658431,0.120000,0.120000,2.7778,TRACKING
27.614353,129.087994833333,35.074310833333,508022.409,3881287.444,0.016,-2.682800,route_tangent,528,1.506,2.000,530,508019.979,3881287.936,-0.658431,0.120000,0.120000,2.7778,TRACKING
27.664537,129.087994833333,35.074310833333,508022.409,3881287.444,0.016,-2.682800,route_tangent,528,1.506,2.000,530,508019.979,3881287.936,-0.658431,0.120000,0.120000,2.7778,TRACKING
27.714402,129.087994833333,35.074311000000,508022.409,3881287.462,0.012,-2.682800,route_tangent,528,1.489,2.000,530,508019.979,3881287.936,-0.651115,0.120000,0.120000,2.7778,TRACKING
27.764355,129.087994833333,35.074311000000,508022.409,3881287.462,0.012,-2.682800,route_tangent,528,1.489,2.000,530,508019.979,3881287.936,-0.651115,0.120000,0.120000,2.7778,TRACKING
27.814416,129.087994833333,35.074311000000,508022.409,3881287.462,0.012,-2.682800,route_tangent,528,1.489,2.000,530,508019.979,3881287.936,-0.651115,0.120000,0.120000,2.7778,TRACKING
27.864356,129.087994833333,35.074311000000,508022.409,3881287.462,0.012,-2.682800,route_tangent,528,1.489,2.000,530,508019.979,3881287.936,-0.651115,0.120000,0.120000,2.7778,TRACKING
27.914327,129.087994833333,35.074311000000,508022.409,3881287.462,0.012,-2.682800,route_tangent,528,1.489,2.000,530,508019.979,3881287.936,-0.651115,0.120000,0.120000,2.7778,TRACKING
27.964314,129.087994833333,35.074311000000,508022.409,3881287.462,0.008,-2.682800,route_tangent,528,1.489,2.000,530,508019.979,3881287.936,-0.651115,0.120000,0.120000,2.7778,TRACKING
28.014361,129.087994833333,35.074311000000,508022.409,3881287.462,0.008,-2.682800,route_tangent,528,1.489,2.000,530,508019.979,3881287.936,-0.651115,0.120000,0.120000,2.7778,TRACKING
28.064335,129.087994833333,35.074311000000,508022.409,3881287.462,0.008,-2.682800,route_tangent,528,1.489,2.000,530,508019.979,3881287.936,-0.651115,0.120000,0.120000,2.7778,TRACKING
28.114356,129.087994833333,35.074311000000,508022.409,3881287.462,0.008,-2.682800,route_tangent,528,1.489,2.000,530,508019.979,3881287.936,-0.651115,0.120000,0.120000,2.7778,TRACKING
28.164349,129.087994833333,35.074311000000,508022.409,3881287.462,0.008,-2.682800,route_tangent,528,1.489,2.000,530,508019.979,3881287.936,-0.651115,0.120000,0.120000,2.7778,TRACKING
28.214464,129.087994833333,35.074311000000,508022.409,3881287.462,0.013,-2.682800,route_tangent,528,1.489,2.000,530,508019.979,3881287.936,-0.651115,0.120000,0.120000,2.7778,TRACKING
28.264341,129.087994833333,35.074311000000,508022.409,3881287.462,0.013,-2.682800,route_tangent,528,1.489,2.000,530,508019.979,3881287.936,-0.651115,0.120000,0.120000,2.7778,TRACKING
28.314351,129.087994833333,35.074311000000,508022.409,3881287.462,0.013,-2.682800,route_tangent,528,1.489,2.000,530,508019.979,3881287.936,-0.651115,0.120000,0.120000,2.7778,TRACKING
28.364357,129.087994833333,35.074311000000,508022.409,3881287.462,0.013,-2.682800,route_tangent,528,1.489,2.000,530,508019.979,3881287.936,-0.651115,0.120000,0.120000,2.7778,TRACKING
28.414341,129.087994833333,35.074311000000,508022.409,3881287.462,0.013,-2.682800,route_tangent,528,1.489,2.000,530,508019.979,3881287.936,-0.651115,0.120000,0.120000,2.7778,TRACKING
28.464377,129.087994833333,35.074311000000,508022.409,3881287.462,0.002,-2.682800,route_tangent,528,1.489,2.000,530,508019.979,3881287.936,-0.651115,0.120000,0.120000,2.7778,TRACKING
28.514309,129.087994833333,35.074311000000,508022.409,3881287.462,0.002,-2.682800,route_tangent,528,1.489,2.000,530,508019.979,3881287.936,-0.651115,0.120000,0.120000,2.7778,TRACKING
28.565126,129.087994833333,35.074311000000,508022.409,3881287.462,0.002,-2.682800,route_tangent,528,1.489,2.000,530,508019.979,3881287.936,-0.651115,0.120000,0.120000,2.7778,TRACKING
28.614329,129.087994833333,35.074311000000,508022.409,3881287.462,0.002,-2.682800,route_tangent,528,1.489,2.000,530,508019.979,3881287.936,-0.651115,0.120000,0.120000,2.7778,TRACKING
28.664405,129.087994833333,35.074311000000,508022.409,3881287.462,0.002,-2.682800,route_tangent,528,1.489,2.000,530,508019.979,3881287.936,-0.651115,0.120000,0.120000,2.7778,TRACKING
28.714406,129.087994833333,35.074311166667,508022.409,3881287.481,0.019,-2.682800,route_tangent,528,1.472,2.000,530,508019.979,3881287.936,-0.643779,0.120000,0.120000,2.7778,TRACKING
28.764352,129.087994833333,35.074311166667,508022.409,3881287.481,0.019,-2.682800,route_tangent,528,1.472,2.000,530,508019.979,3881287.936,-0.643779,0.120000,0.120000,2.7778,TRACKING
28.814303,129.087994833333,35.074311166667,508022.409,3881287.481,0.019,-2.682800,route_tangent,528,1.472,2.000,530,508019.979,3881287.936,-0.643779,0.120000,0.120000,2.7778,TRACKING
28.864342,129.087994833333,35.074311166667,508022.409,3881287.481,0.019,-2.682800,route_tangent,528,1.472,2.000,530,508019.979,3881287.936,-0.643779,0.120000,0.120000,2.7778,TRACKING
28.914872,129.087994833333,35.074311166667,508022.409,3881287.481,0.019,-2.682800,route_tangent,528,1.472,2.000,530,508019.979,3881287.936,-0.643779,0.120000,0.120000,2.7778,TRACKING
28.964344,129.087994833333,35.074311166667,508022.409,3881287.481,0.019,-2.682800,route_tangent,528,1.472,2.000,530,508019.979,3881287.936,-0.643779,0.120000,0.120000,2.7778,TRACKING
29.014333,129.087994833333,35.074311166667,508022.409,3881287.481,0.019,-2.682800,route_tangent,528,1.472,2.000,530,508019.979,3881287.936,-0.643779,0.120000,0.120000,2.7778,TRACKING
29.064368,129.087994833333,35.074311166667,508022.409,3881287.481,0.019,-2.682800,route_tangent,528,1.472,2.000,530,508019.979,3881287.936,-0.643779,0.120000,0.120000,2.7778,TRACKING
29.114331,129.087994833333,35.074311166667,508022.409,3881287.481,0.019,-2.682800,route_tangent,528,1.472,2.000,530,508019.979,3881287.936,-0.643779,0.120000,0.120000,2.7778,TRACKING
29.164335,129.087994833333,35.074311166667,508022.409,3881287.481,0.019,-2.682800,route_tangent,528,1.472,2.000,530,508019.979,3881287.936,-0.643779,0.120000,0.120000,2.7778,TRACKING
29.214561,129.087994833333,35.074311166667,508022.409,3881287.481,0.026,-2.682800,route_tangent,528,1.472,2.000,530,508019.979,3881287.936,-0.643779,0.120000,0.120000,2.7778,TRACKING
29.264369,129.087994833333,35.074311166667,508022.409,3881287.481,0.026,-2.682800,route_tangent,528,1.472,2.000,530,508019.979,3881287.936,-0.643779,0.120000,0.120000,2.7778,TRACKING
29.314346,129.087994833333,35.074311166667,508022.409,3881287.481,0.026,-2.682800,route_tangent,528,1.472,2.000,530,508019.979,3881287.936,-0.643779,0.120000,0.120000,2.7778,TRACKING
29.364347,129.087994833333,35.074311166667,508022.409,3881287.481,0.026,-2.682800,route_tangent,528,1.472,2.000,530,508019.979,3881287.936,-0.643779,0.120000,0.120000,2.7778,TRACKING
29.414304,129.087994833333,35.074311166667,508022.409,3881287.481,0.026,-2.682800,route_tangent,528,1.472,2.000,530,508019.979,3881287.936,-0.643779,0.120000,0.120000,2.7778,TRACKING
29.464313,129.087995000000,35.074311000000,508022.424,3881287.462,0.024,-2.682800,route_tangent,528,1.495,2.000,530,508019.979,3881287.936,-0.649944,0.120000,0.120000,2.7778,TRACKING
29.514317,129.087995000000,35.074311000000,508022.424,3881287.462,0.024,-2.682800,route_tangent,528,1.495,2.000,530,508019.979,3881287.936,-0.649944,0.120000,0.120000,2.7778,TRACKING
29.564331,129.087995000000,35.074311000000,508022.424,3881287.462,0.024,-2.682800,route_tangent,528,1.495,2.000,530,508019.979,3881287.936,-0.649944,0.120000,0.120000,2.7778,TRACKING
29.614346,129.087995000000,35.074311000000,508022.424,3881287.462,0.024,-2.682800,route_tangent,528,1.495,2.000,530,508019.979,3881287.936,-0.649944,0.120000,0.120000,2.7778,TRACKING
29.664316,129.087995000000,35.074311000000,508022.424,3881287.462,0.024,-2.682800,route_tangent,528,1.495,2.000,530,508019.979,3881287.936,-0.649944,0.120000,0.120000,2.7778,TRACKING
29.714364,129.087994833333,35.074311000000,508022.409,3881287.462,0.017,-2.682800,route_tangent,528,1.489,2.000,530,508019.979,3881287.936,-0.651115,0.120000,0.120000,2.7778,TRACKING
29.764336,129.087994833333,35.074311000000,508022.409,3881287.462,0.017,-2.682800,route_tangent,528,1.489,2.000,530,508019.979,3881287.936,-0.651115,0.120000,0.120000,2.7778,TRACKING
29.814337,129.087994833333,35.074311000000,508022.409,3881287.462,0.017,-2.682800,route_tangent,528,1.489,2.000,530,508019.979,3881287.936,-0.651115,0.120000,0.120000,2.7778,TRACKING
29.864345,129.087994833333,35.074311000000,508022.409,3881287.462,0.017,-2.682800,route_tangent,528,1.489,2.000,530,508019.979,3881287.936,-0.651115,0.120000,0.120000,2.7778,TRACKING
29.914348,129.087994833333,35.074311000000,508022.409,3881287.462,0.017,-2.682800,route_tangent,528,1.489,2.000,530,508019.979,3881287.936,-0.651115,0.120000,0.120000,2.7778,TRACKING
29.964339,129.087994833333,35.074311000000,508022.409,3881287.462,0.019,-2.682800,route_tangent,528,1.489,2.000,530,508019.979,3881287.936,-0.651115,0.120000,0.120000,2.7778,TRACKING
30.014363,129.087994833333,35.074311000000,508022.409,3881287.462,0.019,-2.682800,route_tangent,528,1.489,2.000,530,508019.979,3881287.936,-0.651115,0.120000,0.120000,2.7778,TRACKING
30.064363,129.087994833333,35.074311000000,508022.409,3881287.462,0.019,-2.682800,route_tangent,528,1.489,2.000,530,508019.979,3881287.936,-0.651115,0.120000,0.120000,2.7778,TRACKING
30.114343,129.087994833333,35.074311000000,508022.409,3881287.462,0.019,-2.682800,route_tangent,528,1.489,2.000,530,508019.979,3881287.936,-0.651115,0.120000,0.120000,2.7778,TRACKING
30.164352,129.087994833333,35.074311000000,508022.409,3881287.462,0.019,-2.682800,route_tangent,528,1.489,2.000,530,508019.979,3881287.936,-0.651115,0.120000,0.120000,2.7778,TRACKING
30.214350,129.087994833333,35.074311000000,508022.409,3881287.462,0.017,-2.682800,route_tangent,528,1.489,2.000,530,508019.979,3881287.936,-0.651115,0.120000,0.120000,2.7778,TRACKING
30.264332,129.087994833333,35.074311000000,508022.409,3881287.462,0.017,-2.682800,route_tangent,528,1.489,2.000,530,508019.979,3881287.936,-0.651115,0.120000,0.120000,2.7778,TRACKING
30.314364,129.087994833333,35.074311000000,508022.409,3881287.462,0.017,-2.682800,route_tangent,528,1.489,2.000,530,508019.979,3881287.936,-0.651115,0.120000,0.120000,2.7778,TRACKING
30.364337,129.087994833333,35.074311000000,508022.409,3881287.462,0.017,-2.682800,route_tangent,528,1.489,2.000,530,508019.979,3881287.936,-0.651115,0.120000,0.120000,2.7778,TRACKING
30.414359,129.087994833333,35.074311000000,508022.409,3881287.462,0.017,-2.682800,route_tangent,528,1.489,2.000,530,508019.979,3881287.936,-0.651115,0.120000,0.120000,2.7778,TRACKING
30.464320,129.087994833333,35.074311000000,508022.409,3881287.462,0.009,-2.682800,route_tangent,528,1.489,2.000,530,508019.979,3881287.936,-0.651115,0.120000,0.120000,2.7778,TRACKING
30.514319,129.087994833333,35.074311000000,508022.409,3881287.462,0.009,-2.682800,route_tangent,528,1.489,2.000,530,508019.979,3881287.936,-0.651115,0.120000,0.120000,2.7778,TRACKING
30.564420,129.087994833333,35.074311000000,508022.409,3881287.462,0.009,-2.682800,route_tangent,528,1.489,2.000,530,508019.979,3881287.936,-0.651115,0.120000,0.120000,2.7778,TRACKING
30.614341,129.087994833333,35.074311000000,508022.409,3881287.462,0.009,-2.682800,route_tangent,528,1.489,2.000,530,508019.979,3881287.936,-0.651115,0.120000,0.120000,2.7778,TRACKING
30.664368,129.087994833333,35.074311000000,508022.409,3881287.462,0.009,-2.682800,route_tangent,528,1.489,2.000,530,508019.979,3881287.936,-0.651115,0.120000,0.120000,2.7778,TRACKING
30.714320,129.087995000000,35.074311000000,508022.424,3881287.462,0.009,-2.682800,route_tangent,528,1.495,2.000,530,508019.979,3881287.936,-0.649944,0.120000,0.120000,2.7778,TRACKING
30.764353,129.087995000000,35.074311000000,508022.424,3881287.462,0.009,-2.682800,route_tangent,528,1.495,2.000,530,508019.979,3881287.936,-0.649944,0.120000,0.120000,2.7778,TRACKING
30.814341,129.087995000000,35.074311000000,508022.424,3881287.462,0.009,-2.682800,route_tangent,528,1.495,2.000,530,508019.979,3881287.936,-0.649944,0.120000,0.120000,2.7778,TRACKING
30.864464,129.087995000000,35.074311000000,508022.424,3881287.462,0.009,-2.682800,route_tangent,528,1.495,2.000,530,508019.979,3881287.936,-0.649944,0.120000,0.120000,2.7778,TRACKING
30.914394,129.087995000000,35.074311000000,508022.424,3881287.462,0.009,-2.682800,route_tangent,528,1.495,2.000,530,508019.979,3881287.936,-0.649944,0.120000,0.120000,2.7778,TRACKING
30.964306,129.087994833333,35.074310833333,508022.409,3881287.444,0.009,-2.682800,route_tangent,528,1.506,2.000,530,508019.979,3881287.936,-0.658431,0.120000,0.120000,2.7778,TRACKING
31.014349,129.087994833333,35.074310833333,508022.409,3881287.444,0.009,-2.682800,route_tangent,528,1.506,2.000,530,508019.979,3881287.936,-0.658431,0.120000,0.120000,2.7778,TRACKING
31.064494,129.087994833333,35.074310833333,508022.409,3881287.444,0.009,-2.682800,route_tangent,528,1.506,2.000,530,508019.979,3881287.936,-0.658431,0.120000,0.120000,2.7778,TRACKING
31.114319,129.087994833333,35.074310833333,508022.409,3881287.444,0.009,-2.682800,route_tangent,528,1.506,2.000,530,508019.979,3881287.936,-0.658431,0.120000,0.120000,2.7778,TRACKING
31.164490,129.087994833333,35.074310833333,508022.409,3881287.444,0.009,-2.682800,route_tangent,528,1.506,2.000,530,508019.979,3881287.936,-0.658431,0.120000,0.120000,2.7778,TRACKING
31.214421,129.087994833333,35.074311000000,508022.409,3881287.462,0.026,-2.682800,route_tangent,528,1.489,2.000,530,508019.979,3881287.936,-0.651115,0.120000,0.120000,2.7778,TRACKING
31.264427,129.087994833333,35.074311000000,508022.409,3881287.462,0.026,-2.682800,route_tangent,528,1.489,2.000,530,508019.979,3881287.936,-0.651115,0.120000,0.120000,2.7778,TRACKING
31.314515,129.087994833333,35.074311000000,508022.409,3881287.462,0.026,-2.682800,route_tangent,528,1.489,2.000,530,508019.979,3881287.936,-0.651115,0.120000,0.120000,2.7778,TRACKING
31.364411,129.087994833333,35.074311000000,508022.409,3881287.462,0.026,-2.682800,route_tangent,528,1.489,2.000,530,508019.979,3881287.936,-0.651115,0.120000,0.120000,2.7778,TRACKING
31.414629,129.087994833333,35.074311000000,508022.409,3881287.462,0.026,-2.682800,route_tangent,528,1.489,2.000,530,508019.979,3881287.936,-0.651115,0.120000,0.120000,2.7778,TRACKING
31.464357,129.087994666667,35.074310833333,508022.394,3881287.444,0.024,-2.682800,route_tangent,528,1.499,2.000,530,508019.979,3881287.936,-0.659659,0.120000,0.120000,2.7778,TRACKING
31.514357,129.087994666667,35.074310833333,508022.394,3881287.444,0.024,-2.682800,route_tangent,528,1.499,2.000,530,508019.979,3881287.936,-0.659659,0.120000,0.120000,2.7778,TRACKING
31.564525,129.087994666667,35.074310833333,508022.394,3881287.444,0.024,-2.682800,route_tangent,528,1.499,2.000,530,508019.979,3881287.936,-0.659659,0.120000,0.120000,2.7778,TRACKING
31.614509,129.087994666667,35.074310833333,508022.394,3881287.444,0.024,-2.682800,route_tangent,528,1.499,2.000,530,508019.979,3881287.936,-0.659659,0.120000,0.120000,2.7778,TRACKING
31.664384,129.087994666667,35.074310833333,508022.394,3881287.444,0.024,-2.682800,route_tangent,528,1.499,2.000,530,508019.979,3881287.936,-0.659659,0.120000,0.120000,2.7778,TRACKING
31.714318,129.087994500000,35.074310666667,508022.379,3881287.425,0.047,-2.682800,route_tangent,528,1.510,2.000,530,508019.979,3881287.936,-0.668281,0.120000,0.120000,2.7778,TRACKING
31.764374,129.087994500000,35.074310666667,508022.379,3881287.425,0.047,-2.682800,route_tangent,528,1.510,2.000,530,508019.979,3881287.936,-0.668281,0.120000,0.120000,2.7778,TRACKING
31.814323,129.087994500000,35.074310666667,508022.379,3881287.425,0.047,-2.682800,route_tangent,528,1.510,2.000,530,508019.979,3881287.936,-0.668281,0.120000,0.120000,2.7778,TRACKING
31.864752,129.087994500000,35.074310666667,508022.379,3881287.425,0.047,-2.682800,route_tangent,528,1.510,2.000,530,508019.979,3881287.936,-0.668281,0.120000,0.120000,2.7778,TRACKING
31.914425,129.087994500000,35.074310666667,508022.379,3881287.425,0.047,-2.682800,route_tangent,528,1.510,2.000,530,508019.979,3881287.936,-0.668281,0.120000,0.120000,2.7778,TRACKING
31.964321,129.087994500000,35.074310666667,508022.379,3881287.425,0.046,-2.682800,route_tangent,528,1.510,2.000,530,508019.979,3881287.936,-0.668281,0.120000,0.120000,2.7778,TRACKING
32.014316,129.087994500000,35.074310666667,508022.379,3881287.425,0.046,-2.682800,route_tangent,528,1.510,2.000,530,508019.979,3881287.936,-0.668281,0.120000,0.120000,2.7778,TRACKING
32.064448,129.087994500000,35.074310666667,508022.379,3881287.425,0.046,-2.682800,route_tangent,528,1.510,2.000,530,508019.979,3881287.936,-0.668281,0.120000,0.120000,2.7778,TRACKING
32.114377,129.087994500000,35.074310666667,508022.379,3881287.425,0.046,-2.682800,route_tangent,528,1.510,2.000,530,508019.979,3881287.936,-0.668281,0.120000,0.120000,2.7778,TRACKING
32.164446,129.087994500000,35.074310666667,508022.379,3881287.425,0.046,-2.682800,route_tangent,528,1.510,2.000,530,508019.979,3881287.936,-0.668281,0.120000,0.120000,2.7778,TRACKING
32.214368,129.087994666667,35.074310833333,508022.394,3881287.444,0.020,-2.682800,route_tangent,528,1.499,2.000,530,508019.979,3881287.936,-0.659659,0.120000,0.120000,2.7778,TRACKING
32.264343,129.087994666667,35.074310833333,508022.394,3881287.444,0.020,-2.682800,route_tangent,528,1.499,2.000,530,508019.979,3881287.936,-0.659659,0.120000,0.120000,2.7778,TRACKING
32.314324,129.087994666667,35.074310833333,508022.394,3881287.444,0.020,-2.682800,route_tangent,528,1.499,2.000,530,508019.979,3881287.936,-0.659659,0.120000,0.120000,2.7778,TRACKING
32.364452,129.087994666667,35.074310833333,508022.394,3881287.444,0.020,-2.682800,route_tangent,528,1.499,2.000,530,508019.979,3881287.936,-0.659659,0.120000,0.120000,2.7778,TRACKING
32.414353,129.087994666667,35.074310833333,508022.394,3881287.444,0.020,-2.682800,route_tangent,528,1.499,2.000,530,508019.979,3881287.936,-0.659659,0.120000,0.120000,2.7778,TRACKING
32.464325,129.087994666667,35.074310833333,508022.394,3881287.444,0.006,-2.682800,route_tangent,528,1.499,2.000,530,508019.979,3881287.936,-0.659659,0.120000,0.120000,2.7778,TRACKING
32.514341,129.087994666667,35.074310833333,508022.394,3881287.444,0.006,-2.682800,route_tangent,528,1.499,2.000,530,508019.979,3881287.936,-0.659659,0.120000,0.120000,2.7778,TRACKING
32.564444,129.087994666667,35.074310833333,508022.394,3881287.444,0.006,-2.682800,route_tangent,528,1.499,2.000,530,508019.979,3881287.936,-0.659659,0.120000,0.120000,2.7778,TRACKING
32.614491,129.087994666667,35.074310833333,508022.394,3881287.444,0.006,-2.682800,route_tangent,528,1.499,2.000,530,508019.979,3881287.936,-0.659659,0.120000,0.120000,2.7778,TRACKING
32.664625,129.087994666667,35.074310833333,508022.394,3881287.444,0.006,-2.682800,route_tangent,528,1.499,2.000,530,508019.979,3881287.936,-0.659659,0.120000,0.120000,2.7778,TRACKING
32.714360,129.087994833333,35.074311000000,508022.409,3881287.462,0.020,-2.682800,route_tangent,528,1.489,2.000,530,508019.979,3881287.936,-0.651115,0.120000,0.120000,2.7778,TRACKING
32.764382,129.087994833333,35.074311000000,508022.409,3881287.462,0.020,-2.682800,route_tangent,528,1.489,2.000,530,508019.979,3881287.936,-0.651115,0.120000,0.120000,2.7778,TRACKING
32.814541,129.087994833333,35.074311000000,508022.409,3881287.462,0.020,-2.682800,route_tangent,528,1.489,2.000,530,508019.979,3881287.936,-0.651115,0.120000,0.120000,2.7778,TRACKING
32.864343,129.087994833333,35.074311000000,508022.409,3881287.462,0.020,-2.682800,route_tangent,528,1.489,2.000,530,508019.979,3881287.936,-0.651115,0.120000,0.120000,2.7778,TRACKING
32.914579,129.087994833333,35.074311000000,508022.409,3881287.462,0.020,-2.682800,route_tangent,528,1.489,2.000,530,508019.979,3881287.936,-0.651115,0.120000,0.120000,2.7778,TRACKING
32.964308,129.087994833333,35.074311000000,508022.409,3881287.462,0.042,-2.682800,route_tangent,528,1.489,2.000,530,508019.979,3881287.936,-0.651115,0.120000,0.120000,2.7778,TRACKING
33.014322,129.087994833333,35.074311000000,508022.409,3881287.462,0.042,-2.682800,route_tangent,528,1.489,2.000,530,508019.979,3881287.936,-0.651115,0.120000,0.120000,2.7778,TRACKING
33.064491,129.087994833333,35.074311000000,508022.409,3881287.462,0.042,-2.682800,route_tangent,528,1.489,2.000,530,508019.979,3881287.936,-0.651115,0.120000,0.120000,2.7778,TRACKING
33.114360,129.087994833333,35.074311000000,508022.409,3881287.462,0.042,-2.682800,route_tangent,528,1.489,2.000,530,508019.979,3881287.936,-0.651115,0.120000,0.120000,2.7778,TRACKING
33.164534,129.087994833333,35.074311000000,508022.409,3881287.462,0.042,-2.682800,route_tangent,528,1.489,2.000,530,508019.979,3881287.936,-0.651115,0.120000,0.120000,2.7778,TRACKING
33.214646,129.087994833333,35.074311000000,508022.409,3881287.462,0.031,-2.682800,route_tangent,528,1.489,2.000,530,508019.979,3881287.936,-0.651115,0.120000,0.120000,2.7778,TRACKING
33.264544,129.087994833333,35.074311000000,508022.409,3881287.462,0.031,-2.682800,route_tangent,528,1.489,2.000,530,508019.979,3881287.936,-0.651115,0.120000,0.120000,2.7778,TRACKING
33.314411,129.087994833333,35.074311000000,508022.409,3881287.462,0.031,-2.682800,route_tangent,528,1.489,2.000,530,508019.979,3881287.936,-0.651115,0.120000,0.120000,2.7778,TRACKING
33.364309,129.087994833333,35.074311000000,508022.409,3881287.462,0.031,-2.682800,route_tangent,528,1.489,2.000,530,508019.979,3881287.936,-0.651115,0.120000,0.120000,2.7778,TRACKING
33.414511,129.087994833333,35.074311000000,508022.409,3881287.462,0.031,-2.682800,route_tangent,528,1.489,2.000,530,508019.979,3881287.936,-0.651115,0.120000,0.120000,2.7778,TRACKING
33.464383,129.087994833333,35.074311000000,508022.409,3881287.462,0.017,-2.682800,route_tangent,528,1.489,2.000,530,508019.979,3881287.936,-0.651115,0.120000,0.120000,2.7778,TRACKING
33.514367,129.087994833333,35.074311000000,508022.409,3881287.462,0.017,-2.682800,route_tangent,528,1.489,2.000,530,508019.979,3881287.936,-0.651115,0.120000,0.120000,2.7778,TRACKING
33.564372,129.087994833333,35.074311000000,508022.409,3881287.462,0.017,-2.682800,route_tangent,528,1.489,2.000,530,508019.979,3881287.936,-0.651115,0.120000,0.120000,2.7778,TRACKING
33.614403,129.087994833333,35.074311000000,508022.409,3881287.462,0.017,-2.682800,route_tangent,528,1.489,2.000,530,508019.979,3881287.936,-0.651115,0.120000,0.120000,2.7778,TRACKING
33.664483,129.087994833333,35.074311000000,508022.409,3881287.462,0.017,-2.682800,route_tangent,528,1.489,2.000,530,508019.979,3881287.936,-0.651115,0.120000,0.120000,2.7778,TRACKING
33.714392,129.087994833333,35.074311000000,508022.409,3881287.462,0.015,-2.682800,route_tangent,528,1.489,2.000,530,508019.979,3881287.936,-0.651115,0.120000,0.120000,2.7778,TRACKING
33.764447,129.087994833333,35.074311000000,508022.409,3881287.462,0.015,-2.682800,route_tangent,528,1.489,2.000,530,508019.979,3881287.936,-0.651115,0.120000,0.120000,2.7778,TRACKING
33.814546,129.087994833333,35.074311000000,508022.409,3881287.462,0.015,-2.682800,route_tangent,528,1.489,2.000,530,508019.979,3881287.936,-0.651115,0.120000,0.120000,2.7778,TRACKING
33.864408,129.087994833333,35.074311000000,508022.409,3881287.462,0.015,-2.682800,route_tangent,528,1.489,2.000,530,508019.979,3881287.936,-0.651115,0.120000,0.120000,2.7778,TRACKING
33.914452,129.087994833333,35.074311000000,508022.409,3881287.462,0.015,-2.682800,route_tangent,528,1.489,2.000,530,508019.979,3881287.936,-0.651115,0.120000,0.120000,2.7778,TRACKING
33.964349,129.087994833333,35.074311000000,508022.409,3881287.462,0.015,-2.682800,route_tangent,528,1.489,2.000,530,508019.979,3881287.936,-0.651115,0.120000,0.120000,2.7778,TRACKING
34.014331,129.087994833333,35.074311000000,508022.409,3881287.462,0.015,-2.682800,route_tangent,528,1.489,2.000,530,508019.979,3881287.936,-0.651115,0.120000,0.120000,2.7778,TRACKING
34.064366,129.087994833333,35.074311000000,508022.409,3881287.462,0.015,-2.682800,route_tangent,528,1.489,2.000,530,508019.979,3881287.936,-0.651115,0.120000,0.120000,2.7778,TRACKING
34.114349,129.087994833333,35.074311000000,508022.409,3881287.462,0.015,-2.682800,route_tangent,528,1.489,2.000,530,508019.979,3881287.936,-0.651115,0.120000,0.120000,2.7778,TRACKING
34.164379,129.087994833333,35.074311000000,508022.409,3881287.462,0.015,-2.682800,route_tangent,528,1.489,2.000,530,508019.979,3881287.936,-0.651115,0.120000,0.120000,2.7778,TRACKING
34.214493,129.087994833333,35.074310833333,508022.409,3881287.444,0.008,-2.682800,route_tangent,528,1.506,2.000,530,508019.979,3881287.936,-0.658431,0.120000,0.120000,2.7778,TRACKING
34.264365,129.087994833333,35.074310833333,508022.409,3881287.444,0.008,-2.682800,route_tangent,528,1.506,2.000,530,508019.979,3881287.936,-0.658431,0.120000,0.120000,2.7778,TRACKING
34.314367,129.087994833333,35.074310833333,508022.409,3881287.444,0.008,-2.682800,route_tangent,528,1.506,2.000,530,508019.979,3881287.936,-0.658431,0.120000,0.120000,2.7778,TRACKING
34.364348,129.087994833333,35.074310833333,508022.409,3881287.444,0.008,-2.682800,route_tangent,528,1.506,2.000,530,508019.979,3881287.936,-0.658431,0.120000,0.120000,2.7778,TRACKING
34.414496,129.087994833333,35.074310833333,508022.409,3881287.444,0.008,-2.682800,route_tangent,528,1.506,2.000,530,508019.979,3881287.936,-0.658431,0.120000,0.120000,2.7778,TRACKING
34.464306,129.087994833333,35.074310833333,508022.409,3881287.444,0.008,-2.682800,route_tangent,528,1.506,2.000,530,508019.979,3881287.936,-0.658431,0.120000,0.120000,2.7778,TRACKING
34.514316,129.087994833333,35.074310833333,508022.409,3881287.444,0.008,-2.682800,route_tangent,528,1.506,2.000,530,508019.979,3881287.936,-0.658431,0.120000,0.120000,2.7778,TRACKING
34.564314,129.087994833333,35.074310833333,508022.409,3881287.444,0.008,-2.682800,route_tangent,528,1.506,2.000,530,508019.979,3881287.936,-0.658431,0.120000,0.120000,2.7778,TRACKING
34.614477,129.087994833333,35.074310833333,508022.409,3881287.444,0.008,-2.682800,route_tangent,528,1.506,2.000,530,508019.979,3881287.936,-0.658431,0.120000,0.120000,2.7778,TRACKING
34.664454,129.087994833333,35.074310833333,508022.409,3881287.444,0.008,-2.682800,route_tangent,528,1.506,2.000,530,508019.979,3881287.936,-0.658431,0.120000,0.120000,2.7778,TRACKING
34.714377,129.087994666667,35.074310833333,508022.394,3881287.444,0.017,-2.682800,route_tangent,528,1.499,2.000,530,508019.979,3881287.936,-0.659659,0.120000,0.120000,2.7778,TRACKING
34.764347,129.087994666667,35.074310833333,508022.394,3881287.444,0.017,-2.682800,route_tangent,528,1.499,2.000,530,508019.979,3881287.936,-0.659659,0.120000,0.120000,2.7778,TRACKING
34.814397,129.087994666667,35.074310833333,508022.394,3881287.444,0.017,-2.682800,route_tangent,528,1.499,2.000,530,508019.979,3881287.936,-0.659659,0.120000,0.120000,2.7778,TRACKING
34.864471,129.087994666667,35.074310833333,508022.394,3881287.444,0.017,-2.682800,route_tangent,528,1.499,2.000,530,508019.979,3881287.936,-0.659659,0.120000,0.120000,2.7778,TRACKING
34.914478,129.087994666667,35.074310833333,508022.394,3881287.444,0.017,-2.682800,route_tangent,528,1.499,2.000,530,508019.979,3881287.936,-0.659659,0.120000,0.120000,2.7778,TRACKING
34.964325,129.087994666667,35.074310833333,508022.394,3881287.444,0.013,-2.682800,route_tangent,528,1.499,2.000,530,508019.979,3881287.936,-0.659659,0.120000,0.120000,2.7778,TRACKING
35.014308,129.087994666667,35.074310833333,508022.394,3881287.444,0.013,-2.682800,route_tangent,528,1.499,2.000,530,508019.979,3881287.936,-0.659659,0.120000,0.120000,2.7778,TRACKING
35.064298,129.087994666667,35.074310833333,508022.394,3881287.444,0.013,-2.682800,route_tangent,528,1.499,2.000,530,508019.979,3881287.936,-0.659659,0.120000,0.120000,2.7778,TRACKING
35.114527,129.087994666667,35.074310833333,508022.394,3881287.444,0.013,-2.682800,route_tangent,528,1.499,2.000,530,508019.979,3881287.936,-0.659659,0.120000,0.120000,2.7778,TRACKING
35.164462,129.087994666667,35.074310833333,508022.394,3881287.444,0.013,-2.682800,route_tangent,528,1.499,2.000,530,508019.979,3881287.936,-0.659659,0.120000,0.120000,2.7778,TRACKING
35.214599,129.087994666667,35.074310833333,508022.394,3881287.444,0.009,-2.682800,route_tangent,528,1.499,2.000,530,508019.979,3881287.936,-0.659659,0.120000,0.120000,2.7778,TRACKING
35.264477,129.087994666667,35.074310833333,508022.394,3881287.444,0.009,-2.682800,route_tangent,528,1.499,2.000,530,508019.979,3881287.936,-0.659659,0.120000,0.120000,2.7778,TRACKING
35.314313,129.087994666667,35.074310833333,508022.394,3881287.444,0.009,-2.682800,route_tangent,528,1.499,2.000,530,508019.979,3881287.936,-0.659659,0.120000,0.120000,2.7778,TRACKING
35.364760,129.087994666667,35.074310833333,508022.394,3881287.444,0.009,-2.682800,route_tangent,528,1.499,2.000,530,508019.979,3881287.936,-0.659659,0.120000,0.120000,2.7778,TRACKING
35.414462,129.087994666667,35.074310833333,508022.394,3881287.444,0.009,-2.682800,route_tangent,528,1.499,2.000,530,508019.979,3881287.936,-0.659659,0.120000,0.120000,2.7778,TRACKING
35.464327,129.087994833333,35.074310833333,508022.409,3881287.444,0.009,-2.682800,route_tangent,528,1.506,2.000,530,508019.979,3881287.936,-0.658431,0.120000,0.120000,2.7778,TRACKING
35.514341,129.087994833333,35.074310833333,508022.409,3881287.444,0.009,-2.682800,route_tangent,528,1.506,2.000,530,508019.979,3881287.936,-0.658431,0.120000,0.120000,2.7778,TRACKING
35.564362,129.087994833333,35.074310833333,508022.409,3881287.444,0.009,-2.682800,route_tangent,528,1.506,2.000,530,508019.979,3881287.936,-0.658431,0.120000,0.120000,2.7778,TRACKING
35.614375,129.087994833333,35.074310833333,508022.409,3881287.444,0.009,-2.682800,route_tangent,528,1.506,2.000,530,508019.979,3881287.936,-0.658431,0.120000,0.120000,2.7778,TRACKING
35.664471,129.087994833333,35.074310833333,508022.409,3881287.444,0.009,-2.682800,route_tangent,528,1.506,2.000,530,508019.979,3881287.936,-0.658431,0.120000,0.120000,2.7778,TRACKING
35.714342,129.087994833333,35.074310833333,508022.409,3881287.444,0.010,-2.682800,route_tangent,528,1.506,2.000,530,508019.979,3881287.936,-0.658431,0.120000,0.120000,2.7778,TRACKING
35.764354,129.087994833333,35.074310833333,508022.409,3881287.444,0.010,-2.682800,route_tangent,528,1.506,2.000,530,508019.979,3881287.936,-0.658431,0.120000,0.120000,2.7778,TRACKING
35.814475,129.087994833333,35.074310833333,508022.409,3881287.444,0.010,-2.682800,route_tangent,528,1.506,2.000,530,508019.979,3881287.936,-0.658431,0.120000,0.120000,2.7778,TRACKING
35.864560,129.087994833333,35.074310833333,508022.409,3881287.444,0.010,-2.682800,route_tangent,528,1.506,2.000,530,508019.979,3881287.936,-0.658431,0.120000,0.120000,2.7778,TRACKING
35.914446,129.087994833333,35.074310833333,508022.409,3881287.444,0.010,-2.682800,route_tangent,528,1.506,2.000,530,508019.979,3881287.936,-0.658431,0.120000,0.120000,2.7778,TRACKING
35.964327,129.087994666667,35.074310833333,508022.394,3881287.444,0.004,-2.682800,route_tangent,528,1.499,2.000,530,508019.979,3881287.936,-0.659659,0.120000,0.120000,2.7778,TRACKING
36.014456,129.087994666667,35.074310833333,508022.394,3881287.444,0.004,-2.682800,route_tangent,528,1.499,2.000,530,508019.979,3881287.936,-0.659659,0.120000,0.120000,2.7778,TRACKING
36.064367,129.087994666667,35.074310833333,508022.394,3881287.444,0.004,-2.682800,route_tangent,528,1.499,2.000,530,508019.979,3881287.936,-0.659659,0.120000,0.120000,2.7778,TRACKING
36.114369,129.087994666667,35.074310833333,508022.394,3881287.444,0.004,-2.682800,route_tangent,528,1.499,2.000,530,508019.979,3881287.936,-0.659659,0.120000,0.120000,2.7778,TRACKING
36.164534,129.087994666667,35.074310833333,508022.394,3881287.444,0.004,-2.682800,route_tangent,528,1.499,2.000,530,508019.979,3881287.936,-0.659659,0.120000,0.120000,2.7778,TRACKING
36.214429,129.087994666667,35.074310833333,508022.394,3881287.444,0.006,-2.682800,route_tangent,528,1.499,2.000,530,508019.979,3881287.936,-0.659659,0.120000,0.120000,2.7778,TRACKING
36.264328,129.087994666667,35.074310833333,508022.394,3881287.444,0.006,-2.682800,route_tangent,528,1.499,2.000,530,508019.979,3881287.936,-0.659659,0.120000,0.120000,2.7778,TRACKING
36.314439,129.087994666667,35.074310833333,508022.394,3881287.444,0.006,-2.682800,route_tangent,528,1.499,2.000,530,508019.979,3881287.936,-0.659659,0.120000,0.120000,2.7778,TRACKING
36.364364,129.087994666667,35.074310833333,508022.394,3881287.444,0.006,-2.682800,route_tangent,528,1.499,2.000,530,508019.979,3881287.936,-0.659659,0.120000,0.120000,2.7778,TRACKING
36.414463,129.087994666667,35.074310833333,508022.394,3881287.444,0.006,-2.682800,route_tangent,528,1.499,2.000,530,508019.979,3881287.936,-0.659659,0.120000,0.120000,2.7778,TRACKING
36.464313,129.087994666667,35.074310833333,508022.394,3881287.444,0.010,-2.682800,route_tangent,528,1.499,2.000,530,508019.979,3881287.936,-0.659659,0.120000,0.120000,2.7778,TRACKING
36.514409,129.087994666667,35.074310833333,508022.394,3881287.444,0.010,-2.682800,route_tangent,528,1.499,2.000,530,508019.979,3881287.936,-0.659659,0.120000,0.120000,2.7778,TRACKING
36.564654,129.087994666667,35.074310833333,508022.394,3881287.444,0.010,-2.682800,route_tangent,528,1.499,2.000,530,508019.979,3881287.936,-0.659659,0.120000,0.120000,2.7778,TRACKING
36.614385,129.087994666667,35.074310833333,508022.394,3881287.444,0.010,-2.682800,route_tangent,528,1.499,2.000,530,508019.979,3881287.936,-0.659659,0.120000,0.120000,2.7778,TRACKING
36.664426,129.087994666667,35.074310833333,508022.394,3881287.444,0.010,-2.682800,route_tangent,528,1.499,2.000,530,508019.979,3881287.936,-0.659659,0.120000,0.120000,2.7778,TRACKING
36.714330,129.087994666667,35.074310833333,508022.394,3881287.444,0.013,-2.682800,route_tangent,528,1.499,2.000,530,508019.979,3881287.936,-0.659659,0.120000,0.120000,2.7778,TRACKING
36.764357,129.087994666667,35.074310833333,508022.394,3881287.444,0.013,-2.682800,route_tangent,528,1.499,2.000,530,508019.979,3881287.936,-0.659659,0.120000,0.120000,2.7778,TRACKING
36.814338,129.087994666667,35.074310833333,508022.394,3881287.444,0.013,-2.682800,route_tangent,528,1.499,2.000,530,508019.979,3881287.936,-0.659659,0.120000,0.120000,2.7778,TRACKING
36.864440,129.087994666667,35.074310833333,508022.394,3881287.444,0.013,-2.682800,route_tangent,528,1.499,2.000,530,508019.979,3881287.936,-0.659659,0.120000,0.120000,2.7778,TRACKING
36.914453,129.087994666667,35.074310833333,508022.394,3881287.444,0.013,-2.682800,route_tangent,528,1.499,2.000,530,508019.979,3881287.936,-0.659659,0.120000,0.120000,2.7778,TRACKING
36.964412,129.087994666667,35.074310666667,508022.394,3881287.426,0.011,-2.682800,route_tangent,528,1.516,2.000,530,508019.979,3881287.936,-0.666995,0.120000,0.120000,2.7778,TRACKING
37.014382,129.087994666667,35.074310666667,508022.394,3881287.426,0.011,-2.682800,route_tangent,528,1.516,2.000,530,508019.979,3881287.936,-0.666995,0.120000,0.120000,2.7778,TRACKING
37.064340,129.087994666667,35.074310666667,508022.394,3881287.426,0.011,-2.682800,route_tangent,528,1.516,2.000,530,508019.979,3881287.936,-0.666995,0.120000,0.120000,2.7778,TRACKING
37.114378,129.087994666667,35.074310666667,508022.394,3881287.426,0.011,-2.682800,route_tangent,528,1.516,2.000,530,508019.979,3881287.936,-0.666995,0.120000,0.120000,2.7778,TRACKING
37.164477,129.087994666667,35.074310666667,508022.394,3881287.426,0.011,-2.682800,route_tangent,528,1.516,2.000,530,508019.979,3881287.936,-0.666995,0.120000,0.120000,2.7778,TRACKING
37.214493,129.087994666667,35.074310666667,508022.394,3881287.426,0.010,-2.682800,route_tangent,528,1.516,2.000,530,508019.979,3881287.936,-0.666995,0.120000,0.120000,2.7778,TRACKING
37.264480,129.087994666667,35.074310833333,508022.394,3881287.444,0.010,-2.682800,route_tangent,528,1.499,2.000,530,508019.979,3881287.936,-0.659659,0.120000,0.120000,2.7778,TRACKING
37.314441,129.087994666667,35.074310833333,508022.394,3881287.444,0.010,-2.682800,route_tangent,528,1.499,2.000,530,508019.979,3881287.936,-0.659659,0.120000,0.120000,2.7778,TRACKING
37.364551,129.087994666667,35.074310833333,508022.394,3881287.444,0.010,-2.682800,route_tangent,528,1.499,2.000,530,508019.979,3881287.936,-0.659659,0.120000,0.120000,2.7778,TRACKING
37.414449,129.087994666667,35.074310833333,508022.394,3881287.444,0.010,-2.682800,route_tangent,528,1.499,2.000,530,508019.979,3881287.936,-0.659659,0.120000,0.120000,2.7778,TRACKING
37.464327,129.087994666667,35.074310833333,508022.394,3881287.444,0.004,-2.682800,route_tangent,528,1.499,2.000,530,508019.979,3881287.936,-0.659659,0.120000,0.120000,2.7778,TRACKING
37.514364,129.087994666667,35.074310833333,508022.394,3881287.444,0.004,-2.682800,route_tangent,528,1.499,2.000,530,508019.979,3881287.936,-0.659659,0.120000,0.120000,2.7778,TRACKING
37.564368,129.087994666667,35.074310833333,508022.394,3881287.444,0.004,-2.682800,route_tangent,528,1.499,2.000,530,508019.979,3881287.936,-0.659659,0.120000,0.120000,2.7778,TRACKING
37.614526,129.087994666667,35.074310833333,508022.394,3881287.444,0.004,-2.682800,route_tangent,528,1.499,2.000,530,508019.979,3881287.936,-0.659659,0.120000,0.120000,2.7778,TRACKING
37.664355,129.087994666667,35.074310833333,508022.394,3881287.444,0.004,-2.682800,route_tangent,528,1.499,2.000,530,508019.979,3881287.936,-0.659659,0.120000,0.120000,2.7778,TRACKING
37.714327,129.087994666667,35.074310833333,508022.394,3881287.444,0.004,-2.682800,route_tangent,528,1.499,2.000,530,508019.979,3881287.936,-0.659659,0.120000,0.120000,2.7778,TRACKING
37.764462,129.087994666667,35.074310833333,508022.394,3881287.444,0.004,-2.682800,route_tangent,528,1.499,2.000,530,508019.979,3881287.936,-0.659659,0.120000,0.120000,2.7778,TRACKING
37.814385,129.087994666667,35.074310833333,508022.394,3881287.444,0.004,-2.682800,route_tangent,528,1.499,2.000,530,508019.979,3881287.936,-0.659659,0.120000,0.120000,2.7778,TRACKING
37.864435,129.087994666667,35.074310833333,508022.394,3881287.444,0.004,-2.682800,route_tangent,528,1.499,2.000,530,508019.979,3881287.936,-0.659659,0.120000,0.120000,2.7778,TRACKING
37.914370,129.087994666667,35.074310833333,508022.394,3881287.444,0.004,-2.682800,route_tangent,528,1.499,2.000,530,508019.979,3881287.936,-0.659659,0.120000,0.120000,2.7778,TRACKING
37.964352,129.087994666667,35.074310833333,508022.394,3881287.444,0.004,-2.682800,route_tangent,528,1.499,2.000,530,508019.979,3881287.936,-0.659659,0.120000,0.120000,2.7778,TRACKING
38.014374,129.087994666667,35.074310833333,508022.394,3881287.444,0.004,-2.682800,route_tangent,528,1.499,2.000,530,508019.979,3881287.936,-0.659659,0.120000,0.120000,2.7778,TRACKING
38.064343,129.087994666667,35.074310833333,508022.394,3881287.444,0.004,-2.682800,route_tangent,528,1.499,2.000,530,508019.979,3881287.936,-0.659659,0.120000,0.120000,2.7778,TRACKING
38.114355,129.087994666667,35.074310833333,508022.394,3881287.444,0.004,-2.682800,route_tangent,528,1.499,2.000,530,508019.979,3881287.936,-0.659659,0.120000,0.120000,2.7778,TRACKING
38.164529,129.087994666667,35.074310833333,508022.394,3881287.444,0.004,-2.682800,route_tangent,528,1.499,2.000,530,508019.979,3881287.936,-0.659659,0.120000,0.120000,2.7778,TRACKING
38.214424,129.087994666667,35.074310833333,508022.394,3881287.444,0.004,-2.682800,route_tangent,528,1.499,2.000,530,508019.979,3881287.936,-0.659659,0.120000,0.120000,2.7778,TRACKING
38.264300,129.087994666667,35.074310833333,508022.394,3881287.444,0.004,-2.682800,route_tangent,528,1.499,2.000,530,508019.979,3881287.936,-0.659659,0.120000,0.120000,2.7778,TRACKING
38.314435,129.087994666667,35.074310833333,508022.394,3881287.444,0.004,-2.682800,route_tangent,528,1.499,2.000,530,508019.979,3881287.936,-0.659659,0.120000,0.120000,2.7778,TRACKING
38.364475,129.087994666667,35.074310833333,508022.394,3881287.444,0.004,-2.682800,route_tangent,528,1.499,2.000,530,508019.979,3881287.936,-0.659659,0.120000,0.120000,2.7778,TRACKING
38.414322,129.087994666667,35.074310833333,508022.394,3881287.444,0.004,-2.682800,route_tangent,528,1.499,2.000,530,508019.979,3881287.936,-0.659659,0.120000,0.120000,2.7778,TRACKING
38.464349,129.087994666667,35.074310666667,508022.394,3881287.426,0.007,-2.682800,route_tangent,528,1.516,2.000,530,508019.979,3881287.936,-0.666995,0.120000,0.120000,2.7778,TRACKING
38.514390,129.087994666667,35.074310666667,508022.394,3881287.426,0.007,-2.682800,route_tangent,528,1.516,2.000,530,508019.979,3881287.936,-0.666995,0.120000,0.120000,2.7778,TRACKING
38.564989,129.087994666667,35.074310666667,508022.394,3881287.426,0.007,-2.682800,route_tangent,528,1.516,2.000,530,508019.979,3881287.936,-0.666995,0.120000,0.120000,2.7778,TRACKING
38.614429,129.087994666667,35.074310666667,508022.394,3881287.426,0.007,-2.682800,route_tangent,528,1.516,2.000,530,508019.979,3881287.936,-0.666995,0.120000,0.120000,2.7778,TRACKING
38.664640,129.087994666667,35.074310666667,508022.394,3881287.426,0.007,-2.682800,route_tangent,528,1.516,2.000,530,508019.979,3881287.936,-0.666995,0.120000,0.120000,2.7778,TRACKING
38.714355,129.087994666667,35.074310666667,508022.394,3881287.426,0.007,-2.682800,route_tangent,528,1.516,2.000,530,508019.979,3881287.936,-0.666995,0.120000,0.120000,2.7778,TRACKING
38.764344,129.087994666667,35.074310666667,508022.394,3881287.426,0.007,-2.682800,route_tangent,528,1.516,2.000,530,508019.979,3881287.936,-0.666995,0.120000,0.120000,2.7778,TRACKING
38.814413,129.087994666667,35.074310666667,508022.394,3881287.426,0.007,-2.682800,route_tangent,528,1.516,2.000,530,508019.979,3881287.936,-0.666995,0.120000,0.120000,2.7778,TRACKING
38.864499,129.087994666667,35.074310666667,508022.394,3881287.426,0.007,-2.682800,route_tangent,528,1.516,2.000,530,508019.979,3881287.936,-0.666995,0.120000,0.120000,2.7778,TRACKING
38.914461,129.087994666667,35.074310666667,508022.394,3881287.426,0.007,-2.682800,route_tangent,528,1.516,2.000,530,508019.979,3881287.936,-0.666995,0.120000,0.120000,2.7778,TRACKING
38.964315,129.087994666667,35.074310666667,508022.394,3881287.426,0.013,-2.682800,route_tangent,528,1.516,2.000,530,508019.979,3881287.936,-0.666995,0.120000,0.120000,2.7778,TRACKING
39.014460,129.087994666667,35.074310666667,508022.394,3881287.426,0.013,-2.682800,route_tangent,528,1.516,2.000,530,508019.979,3881287.936,-0.666995,0.120000,0.120000,2.7778,TRACKING
39.064465,129.087994666667,35.074310666667,508022.394,3881287.426,0.013,-2.682800,route_tangent,528,1.516,2.000,530,508019.979,3881287.936,-0.666995,0.120000,0.120000,2.7778,TRACKING
39.114472,129.087994666667,35.074310666667,508022.394,3881287.426,0.013,-2.682800,route_tangent,528,1.516,2.000,530,508019.979,3881287.936,-0.666995,0.120000,0.120000,2.7778,TRACKING
39.164539,129.087994666667,35.074310666667,508022.394,3881287.426,0.013,-2.682800,route_tangent,528,1.516,2.000,530,508019.979,3881287.936,-0.666995,0.120000,0.120000,2.7778,TRACKING
39.214204,129.087994666667,35.074310666667,508022.394,3881287.426,0.012,-2.682800,route_tangent,528,1.516,2.000,530,508019.979,3881287.936,-0.666995,0.120000,0.120000,2.7778,TRACKING
39.264350,129.087994666667,35.074310666667,508022.394,3881287.426,0.012,-2.682800,route_tangent,528,1.516,2.000,530,508019.979,3881287.936,-0.666995,0.120000,0.120000,2.7778,TRACKING
39.314343,129.087994666667,35.074310666667,508022.394,3881287.426,0.012,-2.682800,route_tangent,528,1.516,2.000,530,508019.979,3881287.936,-0.666995,0.120000,0.120000,2.7778,TRACKING
39.364404,129.087994666667,35.074310666667,508022.394,3881287.426,0.012,-2.682800,route_tangent,528,1.516,2.000,530,508019.979,3881287.936,-0.666995,0.120000,0.120000,2.7778,TRACKING
39.414525,129.087994666667,35.074310666667,508022.394,3881287.426,0.012,-2.682800,route_tangent,528,1.516,2.000,530,508019.979,3881287.936,-0.666995,0.120000,0.120000,2.7778,TRACKING
39.464341,129.087994666667,35.074310666667,508022.394,3881287.426,0.012,-2.682800,route_tangent,528,1.516,2.000,530,508019.979,3881287.936,-0.666995,0.120000,0.120000,2.7778,TRACKING
39.514344,129.087994666667,35.074310666667,508022.394,3881287.426,0.012,-2.682800,route_tangent,528,1.516,2.000,530,508019.979,3881287.936,-0.666995,0.120000,0.120000,2.7778,TRACKING
39.564466,129.087994666667,35.074310666667,508022.394,3881287.426,0.012,-2.682800,route_tangent,528,1.516,2.000,530,508019.979,3881287.936,-0.666995,0.120000,0.120000,2.7778,TRACKING
39.614348,129.087994666667,35.074310666667,508022.394,3881287.426,0.012,-2.682800,route_tangent,528,1.516,2.000,530,508019.979,3881287.936,-0.666995,0.120000,0.120000,2.7778,TRACKING
39.664347,129.087994666667,35.074310666667,508022.394,3881287.426,0.012,-2.682800,route_tangent,528,1.516,2.000,530,508019.979,3881287.936,-0.666995,0.120000,0.120000,2.7778,TRACKING
39.714344,129.087994666667,35.074310833333,508022.394,3881287.444,0.008,-2.682800,route_tangent,528,1.499,2.000,530,508019.979,3881287.936,-0.659659,0.120000,0.120000,2.7778,TRACKING
39.764362,129.087994666667,35.074310833333,508022.394,3881287.444,0.008,-2.682800,route_tangent,528,1.499,2.000,530,508019.979,3881287.936,-0.659659,0.120000,0.120000,2.7778,TRACKING
39.814335,129.087994666667,35.074310833333,508022.394,3881287.444,0.008,-2.682800,route_tangent,528,1.499,2.000,530,508019.979,3881287.936,-0.659659,0.120000,0.120000,2.7778,TRACKING
39.864556,129.087994666667,35.074310833333,508022.394,3881287.444,0.008,-2.682800,route_tangent,528,1.499,2.000,530,508019.979,3881287.936,-0.659659,0.120000,0.120000,2.7778,TRACKING
39.914545,129.087994666667,35.074310833333,508022.394,3881287.444,0.008,-2.682800,route_tangent,528,1.499,2.000,530,508019.979,3881287.936,-0.659659,0.120000,0.120000,2.7778,TRACKING
39.964326,129.087994666667,35.074310666667,508022.394,3881287.426,0.012,-2.682800,route_tangent,528,1.516,2.000,530,508019.979,3881287.936,-0.666995,0.120000,0.120000,2.7778,TRACKING
40.014334,129.087994666667,35.074310666667,508022.394,3881287.426,0.012,-2.682800,route_tangent,528,1.516,2.000,530,508019.979,3881287.936,-0.666995,0.120000,0.120000,2.7778,TRACKING
40.064436,129.087994666667,35.074310666667,508022.394,3881287.426,0.012,-2.682800,route_tangent,528,1.516,2.000,530,508019.979,3881287.936,-0.666995,0.120000,0.120000,2.7778,TRACKING
40.114406,129.087994666667,35.074310666667,508022.394,3881287.426,0.012,-2.682800,route_tangent,528,1.516,2.000,530,508019.979,3881287.936,-0.666995,0.120000,0.120000,2.7778,TRACKING
40.164487,129.087994666667,35.074310666667,508022.394,3881287.426,0.012,-2.682800,route_tangent,528,1.516,2.000,530,508019.979,3881287.936,-0.666995,0.120000,0.120000,2.7778,TRACKING
40.214654,129.087994666667,35.074310666667,508022.394,3881287.426,0.005,-2.682800,route_tangent,528,1.516,2.000,530,508019.979,3881287.936,-0.666995,0.120000,0.120000,2.7778,TRACKING
40.264333,129.087994666667,35.074310666667,508022.394,3881287.426,0.005,-2.682800,route_tangent,528,1.516,2.000,530,508019.979,3881287.936,-0.666995,0.120000,0.120000,2.7778,TRACKING
40.314318,129.087994666667,35.074310666667,508022.394,3881287.426,0.005,-2.682800,route_tangent,528,1.516,2.000,530,508019.979,3881287.936,-0.666995,0.120000,0.120000,2.7778,TRACKING
40.364351,129.087994666667,35.074310666667,508022.394,3881287.426,0.005,-2.682800,route_tangent,528,1.516,2.000,530,508019.979,3881287.936,-0.666995,0.120000,0.120000,2.7778,TRACKING
40.414503,129.087994666667,35.074310666667,508022.394,3881287.426,0.005,-2.682800,route_tangent,528,1.516,2.000,530,508019.979,3881287.936,-0.666995,0.120000,0.120000,2.7778,TRACKING
40.464337,129.087994666667,35.074310666667,508022.394,3881287.426,0.007,-2.682800,route_tangent,528,1.516,2.000,530,508019.979,3881287.936,-0.666995,0.120000,0.120000,2.7778,TRACKING
40.514581,129.087994666667,35.074310666667,508022.394,3881287.426,0.007,-2.682800,route_tangent,528,1.516,2.000,530,508019.979,3881287.936,-0.666995,0.120000,0.120000,2.7778,TRACKING
40.564444,129.087994666667,35.074310666667,508022.394,3881287.426,0.007,-2.682800,route_tangent,528,1.516,2.000,530,508019.979,3881287.936,-0.666995,0.120000,0.120000,2.7778,TRACKING
40.614478,129.087994666667,35.074310666667,508022.394,3881287.426,0.007,-2.682800,route_tangent,528,1.516,2.000,530,508019.979,3881287.936,-0.666995,0.120000,0.120000,2.7778,TRACKING
40.664587,129.087994666667,35.074310666667,508022.394,3881287.426,0.007,-2.682800,route_tangent,528,1.516,2.000,530,508019.979,3881287.936,-0.666995,0.120000,0.120000,2.7778,TRACKING
40.714395,129.087994666667,35.074310666667,508022.394,3881287.426,0.013,-2.682800,route_tangent,528,1.516,2.000,530,508019.979,3881287.936,-0.666995,0.120000,0.120000,2.7778,TRACKING
40.764337,129.087994666667,35.074310666667,508022.394,3881287.426,0.013,-2.682800,route_tangent,528,1.516,2.000,530,508019.979,3881287.936,-0.666995,0.120000,0.120000,2.7778,TRACKING
40.814367,129.087994666667,35.074310666667,508022.394,3881287.426,0.013,-2.682800,route_tangent,528,1.516,2.000,530,508019.979,3881287.936,-0.666995,0.120000,0.120000,2.7778,TRACKING
40.864456,129.087994666667,35.074310666667,508022.394,3881287.426,0.013,-2.682800,route_tangent,528,1.516,2.000,530,508019.979,3881287.936,-0.666995,0.120000,0.120000,2.7778,TRACKING
40.914377,129.087994666667,35.074310666667,508022.394,3881287.426,0.013,-2.682800,route_tangent,528,1.516,2.000,530,508019.979,3881287.936,-0.666995,0.120000,0.120000,2.7778,TRACKING
40.964328,129.087994666667,35.074310666667,508022.394,3881287.426,0.017,-2.682800,route_tangent,528,1.516,2.000,530,508019.979,3881287.936,-0.666995,0.120000,0.120000,2.7778,TRACKING
41.014396,129.087994666667,35.074310666667,508022.394,3881287.426,0.017,-2.682800,route_tangent,528,1.516,2.000,530,508019.979,3881287.936,-0.666995,0.120000,0.120000,2.7778,TRACKING
41.064349,129.087994666667,35.074310666667,508022.394,3881287.426,0.017,-2.682800,route_tangent,528,1.516,2.000,530,508019.979,3881287.936,-0.666995,0.120000,0.120000,2.7778,TRACKING
41.114392,129.087994666667,35.074310666667,508022.394,3881287.426,0.017,-2.682800,route_tangent,528,1.516,2.000,530,508019.979,3881287.936,-0.666995,0.120000,0.120000,2.7778,TRACKING
41.164502,129.087994666667,35.074310666667,508022.394,3881287.426,0.017,-2.682800,route_tangent,528,1.516,2.000,530,508019.979,3881287.936,-0.666995,0.120000,0.120000,2.7778,TRACKING
41.214425,129.087994666667,35.074310666667,508022.394,3881287.426,0.017,-2.682800,route_tangent,528,1.516,2.000,530,508019.979,3881287.936,-0.666995,0.120000,0.120000,2.7778,TRACKING
41.264338,129.087994666667,35.074310666667,508022.394,3881287.426,0.016,-2.682800,route_tangent,528,1.516,2.000,530,508019.979,3881287.936,-0.666995,0.120000,0.120000,2.7778,TRACKING
41.314506,129.087994666667,35.074310666667,508022.394,3881287.426,0.016,-2.682800,route_tangent,528,1.516,2.000,530,508019.979,3881287.936,-0.666995,0.120000,0.120000,2.7778,TRACKING
41.364424,129.087994666667,35.074310666667,508022.394,3881287.426,0.016,-2.682800,route_tangent,528,1.516,2.000,530,508019.979,3881287.936,-0.666995,0.120000,0.120000,2.7778,TRACKING
41.414462,129.087994666667,35.074310666667,508022.394,3881287.426,0.016,-2.682800,route_tangent,528,1.516,2.000,530,508019.979,3881287.936,-0.666995,0.120000,0.120000,2.7778,TRACKING
41.464329,129.087994666667,35.074310666667,508022.394,3881287.426,0.004,-2.682800,route_tangent,528,1.516,2.000,530,508019.979,3881287.936,-0.666995,0.120000,0.120000,2.7778,TRACKING
41.514343,129.087994666667,35.074310666667,508022.394,3881287.426,0.004,-2.682800,route_tangent,528,1.516,2.000,530,508019.979,3881287.936,-0.666995,0.120000,0.120000,2.7778,TRACKING
41.564337,129.087994666667,35.074310666667,508022.394,3881287.426,0.004,-2.682800,route_tangent,528,1.516,2.000,530,508019.979,3881287.936,-0.666995,0.120000,0.120000,2.7778,TRACKING
41.614534,129.087994666667,35.074310666667,508022.394,3881287.426,0.004,-2.682800,route_tangent,528,1.516,2.000,530,508019.979,3881287.936,-0.666995,0.120000,0.120000,2.7778,TRACKING
41.664364,129.087994666667,35.074310666667,508022.394,3881287.426,0.004,-2.682800,route_tangent,528,1.516,2.000,530,508019.979,3881287.936,-0.666995,0.120000,0.120000,2.7778,TRACKING
41.714331,129.087994666667,35.074310666667,508022.394,3881287.426,0.013,-2.682800,route_tangent,528,1.516,2.000,530,508019.979,3881287.936,-0.666995,0.120000,0.120000,2.7778,TRACKING
41.764352,129.087994666667,35.074310666667,508022.394,3881287.426,0.013,-2.682800,route_tangent,528,1.516,2.000,530,508019.979,3881287.936,-0.666995,0.120000,0.120000,2.7778,TRACKING
41.814335,129.087994666667,35.074310666667,508022.394,3881287.426,0.013,-2.682800,route_tangent,528,1.516,2.000,530,508019.979,3881287.936,-0.666995,0.120000,0.120000,2.7778,TRACKING
41.864567,129.087994666667,35.074310666667,508022.394,3881287.426,0.013,-2.682800,route_tangent,528,1.516,2.000,530,508019.979,3881287.936,-0.666995,0.120000,0.120000,2.7778,TRACKING
41.914365,129.087994666667,35.074310666667,508022.394,3881287.426,0.013,-2.682800,route_tangent,528,1.516,2.000,530,508019.979,3881287.936,-0.666995,0.120000,0.120000,2.7778,TRACKING
41.964458,129.087994666667,35.074310666667,508022.394,3881287.426,0.011,-2.682800,route_tangent,528,1.516,2.000,530,508019.979,3881287.936,-0.666995,0.120000,0.120000,2.7778,TRACKING
42.014370,129.087994666667,35.074310666667,508022.394,3881287.426,0.011,-2.682800,route_tangent,528,1.516,2.000,530,508019.979,3881287.936,-0.666995,0.120000,0.120000,2.7778,TRACKING
42.064394,129.087994666667,35.074310666667,508022.394,3881287.426,0.011,-2.682800,route_tangent,528,1.516,2.000,530,508019.979,3881287.936,-0.666995,0.120000,0.120000,2.7778,TRACKING
42.114312,129.087994666667,35.074310666667,508022.394,3881287.426,0.011,-2.682800,route_tangent,528,1.516,2.000,530,508019.979,3881287.936,-0.666995,0.120000,0.120000,2.7778,TRACKING
42.164321,129.087994666667,35.074310666667,508022.394,3881287.426,0.011,-2.682800,route_tangent,528,1.516,2.000,530,508019.979,3881287.936,-0.666995,0.120000,0.120000,2.7778,TRACKING
42.214312,129.087994666667,35.074310666667,508022.394,3881287.426,0.004,-2.682800,route_tangent,528,1.516,2.000,530,508019.979,3881287.936,-0.666995,0.120000,0.120000,2.7778,TRACKING
42.264305,129.087994666667,35.074310666667,508022.394,3881287.426,0.004,-2.682800,route_tangent,528,1.516,2.000,530,508019.979,3881287.936,-0.666995,0.120000,0.120000,2.7778,TRACKING
42.314321,129.087994666667,35.074310666667,508022.394,3881287.426,0.004,-2.682800,route_tangent,528,1.516,2.000,530,508019.979,3881287.936,-0.666995,0.120000,0.120000,2.7778,TRACKING
42.364338,129.087994666667,35.074310666667,508022.394,3881287.426,0.004,-2.682800,route_tangent,528,1.516,2.000,530,508019.979,3881287.936,-0.666995,0.120000,0.120000,2.7778,TRACKING
42.414471,129.087994666667,35.074310666667,508022.394,3881287.426,0.004,-2.682800,route_tangent,528,1.516,2.000,530,508019.979,3881287.936,-0.666995,0.120000,0.120000,2.7778,TRACKING
42.464336,129.087994666667,35.074310666667,508022.394,3881287.426,0.003,-2.682800,route_tangent,528,1.516,2.000,530,508019.979,3881287.936,-0.666995,0.120000,0.120000,2.7778,TRACKING
42.514350,129.087994666667,35.074310666667,508022.394,3881287.426,0.003,-2.682800,route_tangent,528,1.516,2.000,530,508019.979,3881287.936,-0.666995,0.120000,0.120000,2.7778,TRACKING
42.564353,129.087994666667,35.074310666667,508022.394,3881287.426,0.003,-2.682800,route_tangent,528,1.516,2.000,530,508019.979,3881287.936,-0.666995,0.120000,0.120000,2.7778,TRACKING
42.614517,129.087994666667,35.074310666667,508022.394,3881287.426,0.003,-2.682800,route_tangent,528,1.516,2.000,530,508019.979,3881287.936,-0.666995,0.120000,0.120000,2.7778,TRACKING
42.664473,129.087994666667,35.074310666667,508022.394,3881287.426,0.003,-2.682800,route_tangent,528,1.516,2.000,530,508019.979,3881287.936,-0.666995,0.120000,0.120000,2.7778,TRACKING
42.714326,129.087994666667,35.074310666667,508022.394,3881287.426,0.011,-2.682800,route_tangent,528,1.516,2.000,530,508019.979,3881287.936,-0.666995,0.120000,0.120000,2.7778,TRACKING
42.764460,129.087994666667,35.074310666667,508022.394,3881287.426,0.011,-2.682800,route_tangent,528,1.516,2.000,530,508019.979,3881287.936,-0.666995,0.120000,0.120000,2.7778,TRACKING
42.814451,129.087994666667,35.074310666667,508022.394,3881287.426,0.011,-2.682800,route_tangent,528,1.516,2.000,530,508019.979,3881287.936,-0.666995,0.120000,0.120000,2.7778,TRACKING
42.864361,129.087994666667,35.074310666667,508022.394,3881287.426,0.011,-2.682800,route_tangent,528,1.516,2.000,530,508019.979,3881287.936,-0.666995,0.120000,0.120000,2.7778,TRACKING
42.914328,129.087994666667,35.074310666667,508022.394,3881287.426,0.011,-2.682800,route_tangent,528,1.516,2.000,530,508019.979,3881287.936,-0.666995,0.120000,0.120000,2.7778,TRACKING
42.964348,129.087994666667,35.074310666667,508022.394,3881287.426,0.014,-2.682800,route_tangent,528,1.516,2.000,530,508019.979,3881287.936,-0.666995,0.120000,0.120000,2.7778,TRACKING
43.014350,129.087994666667,35.074310666667,508022.394,3881287.426,0.014,-2.682800,route_tangent,528,1.516,2.000,530,508019.979,3881287.936,-0.666995,0.120000,0.120000,2.7778,TRACKING
43.064421,129.087994666667,35.074310666667,508022.394,3881287.426,0.014,-2.682800,route_tangent,528,1.516,2.000,530,508019.979,3881287.936,-0.666995,0.120000,0.120000,2.7778,TRACKING
43.114353,129.087994666667,35.074310666667,508022.394,3881287.426,0.014,-2.682800,route_tangent,528,1.516,2.000,530,508019.979,3881287.936,-0.666995,0.120000,0.120000,2.7778,TRACKING
43.164330,129.087994666667,35.074310666667,508022.394,3881287.426,0.014,-2.682800,route_tangent,528,1.516,2.000,530,508019.979,3881287.936,-0.666995,0.120000,0.120000,2.7778,TRACKING
43.214472,129.087994666667,35.074310666667,508022.394,3881287.426,0.014,-2.682800,route_tangent,528,1.516,2.000,530,508019.979,3881287.936,-0.666995,0.120000,0.120000,2.7778,TRACKING
43.264349,129.087994666667,35.074310666667,508022.394,3881287.426,0.014,-2.682800,route_tangent,528,1.516,2.000,530,508019.979,3881287.936,-0.666995,0.120000,0.120000,2.7778,TRACKING
43.314462,129.087994666667,35.074310666667,508022.394,3881287.426,0.014,-2.682800,route_tangent,528,1.516,2.000,530,508019.979,3881287.936,-0.666995,0.120000,0.120000,2.7778,TRACKING
43.364337,129.087994666667,35.074310666667,508022.394,3881287.426,0.014,-2.682800,route_tangent,528,1.516,2.000,530,508019.979,3881287.936,-0.666995,0.120000,0.120000,2.7778,TRACKING
43.414341,129.087994666667,35.074310666667,508022.394,3881287.426,0.014,-2.682800,route_tangent,528,1.516,2.000,530,508019.979,3881287.936,-0.666995,0.120000,0.120000,2.7778,TRACKING
43.464339,129.087994666667,35.074310666667,508022.394,3881287.426,0.002,-2.682800,route_tangent,528,1.516,2.000,530,508019.979,3881287.936,-0.666995,0.120000,0.120000,2.7778,TRACKING
43.514337,129.087994666667,35.074310666667,508022.394,3881287.426,0.002,-2.682800,route_tangent,528,1.516,2.000,530,508019.979,3881287.936,-0.666995,0.120000,0.120000,2.7778,TRACKING
43.564685,129.087994666667,35.074310666667,508022.394,3881287.426,0.002,-2.682800,route_tangent,528,1.516,2.000,530,508019.979,3881287.936,-0.666995,0.120000,0.120000,2.7778,TRACKING
43.614503,129.087994666667,35.074310666667,508022.394,3881287.426,0.002,-2.682800,route_tangent,528,1.516,2.000,530,508019.979,3881287.936,-0.666995,0.120000,0.120000,2.7778,TRACKING
43.664669,129.087994666667,35.074310666667,508022.394,3881287.426,0.002,-2.682800,route_tangent,528,1.516,2.000,530,508019.979,3881287.936,-0.666995,0.120000,0.120000,2.7778,TRACKING
43.714348,129.087994666667,35.074310666667,508022.394,3881287.426,0.014,-2.682800,route_tangent,528,1.516,2.000,530,508019.979,3881287.936,-0.666995,0.120000,0.120000,2.7778,TRACKING
43.764320,129.087994666667,35.074310666667,508022.394,3881287.426,0.014,-2.682800,route_tangent,528,1.516,2.000,530,508019.979,3881287.936,-0.666995,0.120000,0.120000,2.7778,TRACKING
43.814333,129.087994666667,35.074310666667,508022.394,3881287.426,0.014,-2.682800,route_tangent,528,1.516,2.000,530,508019.979,3881287.936,-0.666995,0.120000,0.120000,2.7778,TRACKING
43.864437,129.087994666667,35.074310666667,508022.394,3881287.426,0.014,-2.682800,route_tangent,528,1.516,2.000,530,508019.979,3881287.936,-0.666995,0.120000,0.120000,2.7778,TRACKING
43.914465,129.087994666667,35.074310666667,508022.394,3881287.426,0.014,-2.682800,route_tangent,528,1.516,2.000,530,508019.979,3881287.936,-0.666995,0.120000,0.120000,2.7778,TRACKING
43.964329,129.087994666667,35.074310666667,508022.394,3881287.426,0.013,-2.682800,route_tangent,528,1.516,2.000,530,508019.979,3881287.936,-0.666995,0.120000,0.120000,2.7778,TRACKING
44.014376,129.087994666667,35.074310666667,508022.394,3881287.426,0.013,-2.682800,route_tangent,528,1.516,2.000,530,508019.979,3881287.936,-0.666995,0.120000,0.120000,2.7778,TRACKING
44.064340,129.087994666667,35.074310666667,508022.394,3881287.426,0.013,-2.682800,route_tangent,528,1.516,2.000,530,508019.979,3881287.936,-0.666995,0.120000,0.120000,2.7778,TRACKING
44.114363,129.087994666667,35.074310666667,508022.394,3881287.426,0.013,-2.682800,route_tangent,528,1.516,2.000,530,508019.979,3881287.936,-0.666995,0.120000,0.120000,2.7778,TRACKING
44.164682,129.087994666667,35.074310666667,508022.394,3881287.426,0.013,-2.682800,route_tangent,528,1.516,2.000,530,508019.979,3881287.936,-0.666995,0.120000,0.120000,2.7778,TRACKING
44.214602,129.087994666667,35.074310666667,508022.394,3881287.426,0.006,-2.682800,route_tangent,528,1.516,2.000,530,508019.979,3881287.936,-0.666995,0.120000,0.120000,2.7778,TRACKING
44.264349,129.087994666667,35.074310666667,508022.394,3881287.426,0.006,-2.682800,route_tangent,528,1.516,2.000,530,508019.979,3881287.936,-0.666995,0.120000,0.120000,2.7778,TRACKING
44.314529,129.087994666667,35.074310666667,508022.394,3881287.426,0.006,-2.682800,route_tangent,528,1.516,2.000,530,508019.979,3881287.936,-0.666995,0.120000,0.120000,2.7778,TRACKING
44.364386,129.087994666667,35.074310666667,508022.394,3881287.426,0.006,-2.682800,route_tangent,528,1.516,2.000,530,508019.979,3881287.936,-0.666995,0.120000,0.120000,2.7778,TRACKING
44.414485,129.087994666667,35.074310666667,508022.394,3881287.426,0.006,-2.682800,route_tangent,528,1.516,2.000,530,508019.979,3881287.936,-0.666995,0.120000,0.120000,2.7778,TRACKING
44.464357,129.087994666667,35.074310666667,508022.394,3881287.426,0.010,-2.682800,route_tangent,528,1.516,2.000,530,508019.979,3881287.936,-0.666995,0.120000,0.120000,2.7778,TRACKING
44.514305,129.087994666667,35.074310666667,508022.394,3881287.426,0.010,-2.682800,route_tangent,528,1.516,2.000,530,508019.979,3881287.936,-0.666995,0.120000,0.120000,2.7778,TRACKING
44.564529,129.087994666667,35.074310666667,508022.394,3881287.426,0.010,-2.682800,route_tangent,528,1.516,2.000,530,508019.979,3881287.936,-0.666995,0.120000,0.120000,2.7778,TRACKING
44.614903,129.087994666667,35.074310666667,508022.394,3881287.426,0.010,-2.682800,route_tangent,528,1.516,2.000,530,508019.979,3881287.936,-0.666995,0.120000,0.120000,2.7778,TRACKING
44.664440,129.087994666667,35.074310666667,508022.394,3881287.426,0.010,-2.682800,route_tangent,528,1.516,2.000,530,508019.979,3881287.936,-0.666995,0.120000,0.120000,2.7778,TRACKING
44.714335,129.087994500000,35.074310500000,508022.379,3881287.407,0.010,-2.682800,route_tangent,528,1.527,2.000,530,508019.979,3881287.936,-0.675636,0.120000,0.120000,2.7778,TRACKING
44.764337,129.087994500000,35.074310500000,508022.379,3881287.407,0.010,-2.682800,route_tangent,528,1.527,2.000,530,508019.979,3881287.936,-0.675636,0.120000,0.120000,2.7778,TRACKING
44.814476,129.087994500000,35.074310500000,508022.379,3881287.407,0.010,-2.682800,route_tangent,528,1.527,2.000,530,508019.979,3881287.936,-0.675636,0.120000,0.120000,2.7778,TRACKING
44.864454,129.087994500000,35.074310500000,508022.379,3881287.407,0.010,-2.682800,route_tangent,528,1.527,2.000,530,508019.979,3881287.936,-0.675636,0.120000,0.120000,2.7778,TRACKING
44.914444,129.087994500000,35.074310500000,508022.379,3881287.407,0.010,-2.682800,route_tangent,528,1.527,2.000,530,508019.979,3881287.936,-0.675636,0.120000,0.120000,2.7778,TRACKING
44.964322,129.087994166667,35.074310333333,508022.348,3881287.389,0.043,-2.682800,route_tangent,528,1.533,2.000,530,508019.979,3881287.936,-0.685757,0.120000,0.120000,2.7778,TRACKING
45.014306,129.087994166667,35.074310333333,508022.348,3881287.389,0.043,-2.682800,route_tangent,528,1.533,2.000,530,508019.979,3881287.936,-0.685757,0.120000,0.120000,2.7778,TRACKING
45.064361,129.087994166667,35.074310333333,508022.348,3881287.389,0.043,-2.682800,route_tangent,528,1.533,2.000,530,508019.979,3881287.936,-0.685757,0.120000,0.120000,2.7778,TRACKING
45.114337,129.087994166667,35.074310333333,508022.348,3881287.389,0.043,-2.682800,route_tangent,528,1.533,2.000,530,508019.979,3881287.936,-0.685757,0.120000,0.120000,2.7778,TRACKING
45.164338,129.087994166667,35.074310333333,508022.348,3881287.389,0.043,-2.682800,route_tangent,528,1.533,2.000,530,508019.979,3881287.936,-0.685757,0.120000,0.120000,2.7778,TRACKING
45.214456,129.087994166667,35.074310333333,508022.348,3881287.389,0.043,-2.682800,route_tangent,528,1.533,2.000,530,508019.979,3881287.936,-0.685757,0.120000,0.120000,2.7778,TRACKING
45.264355,129.087993833333,35.074310333333,508022.318,3881287.388,0.043,-2.682800,route_tangent,528,1.522,2.000,530,508019.979,3881287.936,-0.688614,0.120000,0.120000,2.7778,TRACKING
45.314354,129.087993833333,35.074310333333,508022.318,3881287.388,0.043,-2.682800,route_tangent,528,1.522,2.000,530,508019.979,3881287.936,-0.688614,0.120000,0.120000,2.7778,TRACKING
45.364336,129.087993833333,35.074310333333,508022.318,3881287.388,0.043,-2.682800,route_tangent,528,1.522,2.000,530,508019.979,3881287.936,-0.688614,0.120000,0.120000,2.7778,TRACKING
45.414399,129.087993833333,35.074310333333,508022.318,3881287.388,0.043,-2.682800,route_tangent,528,1.522,2.000,530,508019.979,3881287.936,-0.688614,0.120000,0.120000,2.7778,TRACKING
45.464652,129.087993333333,35.074310333333,508022.272,3881287.388,0.116,-2.682800,route_tangent,528,1.506,2.000,530,508019.979,3881287.936,-0.693035,0.120000,0.120000,2.7778,TRACKING
45.514351,129.087993333333,35.074310333333,508022.272,3881287.388,0.116,-2.682800,route_tangent,528,1.506,2.000,530,508019.979,3881287.936,-0.693035,0.120000,0.120000,2.7778,TRACKING
45.564376,129.087993333333,35.074310333333,508022.272,3881287.388,0.116,-2.682800,route_tangent,528,1.506,2.000,530,508019.979,3881287.936,-0.693035,0.120000,0.120000,2.7778,TRACKING
45.614360,129.087993333333,35.074310333333,508022.272,3881287.388,0.116,-2.682800,route_tangent,528,1.506,2.000,530,508019.979,3881287.936,-0.693035,0.120000,0.120000,2.7778,TRACKING
45.664346,129.087993333333,35.074310333333,508022.272,3881287.388,0.116,-2.682800,route_tangent,528,1.506,2.000,530,508019.979,3881287.936,-0.693035,0.120000,0.120000,2.7778,TRACKING
45.714366,129.087993000000,35.074310166667,508022.242,3881287.370,0.144,-2.682800,route_tangent,528,1.514,2.000,530,508019.979,3881287.936,-0.703775,0.120000,0.120000,2.7778,TRACKING
45.764376,129.087993000000,35.074310166667,508022.242,3881287.370,0.144,-2.682800,route_tangent,528,1.514,2.000,530,508019.979,3881287.936,-0.703775,0.120000,0.120000,2.7778,TRACKING
45.814358,129.087993000000,35.074310166667,508022.242,3881287.370,0.144,-2.682800,route_tangent,528,1.514,2.000,530,508019.979,3881287.936,-0.703775,0.120000,0.120000,2.7778,TRACKING
45.864366,129.087993000000,35.074310166667,508022.242,3881287.370,0.144,-2.682800,route_tangent,528,1.514,2.000,530,508019.979,3881287.936,-0.703775,0.120000,0.120000,2.7778,TRACKING
45.914579,129.087993000000,35.074310166667,508022.242,3881287.370,0.144,-2.682800,route_tangent,528,1.514,2.000,530,508019.979,3881287.936,-0.703775,0.120000,0.120000,2.7778,TRACKING
45.964358,129.087992833333,35.074310000000,508022.227,3881287.351,0.140,-2.682800,route_tangent,528,1.527,2.000,530,508019.979,3881287.936,-0.713086,0.120000,0.120000,2.7778,TRACKING
46.014451,129.087992833333,35.074310000000,508022.227,3881287.351,0.140,-2.682800,route_tangent,528,1.527,2.000,530,508019.979,3881287.936,-0.713086,0.120000,0.120000,2.7778,TRACKING
46.064465,129.087992833333,35.074310000000,508022.227,3881287.351,0.140,-2.682800,route_tangent,528,1.527,2.000,530,508019.979,3881287.936,-0.713086,0.120000,0.120000,2.7778,TRACKING
46.114516,129.087992833333,35.074310000000,508022.227,3881287.351,0.140,-2.682800,route_tangent,528,1.527,2.000,530,508019.979,3881287.936,-0.713086,0.120000,0.120000,2.7778,TRACKING
46.164423,129.087992833333,35.074310000000,508022.227,3881287.351,0.140,-2.682800,route_tangent,528,1.527,2.000,530,508019.979,3881287.936,-0.713086,0.120000,0.120000,2.7778,TRACKING
46.214402,129.087992833333,35.074310000000,508022.227,3881287.351,0.114,-2.682800,route_tangent,528,1.527,2.000,530,508019.979,3881287.936,-0.713086,0.120000,0.120000,2.7778,TRACKING
46.264355,129.087992833333,35.074310000000,508022.227,3881287.351,0.114,-2.682800,route_tangent,528,1.527,2.000,530,508019.979,3881287.936,-0.713086,0.120000,0.120000,2.7778,TRACKING
46.314333,129.087992833333,35.074310000000,508022.227,3881287.351,0.114,-2.682800,route_tangent,528,1.527,2.000,530,508019.979,3881287.936,-0.713086,0.120000,0.120000,2.7778,TRACKING
46.364443,129.087992833333,35.074310000000,508022.227,3881287.351,0.114,-2.682800,route_tangent,528,1.527,2.000,530,508019.979,3881287.936,-0.713086,0.120000,0.120000,2.7778,TRACKING
46.414478,129.087992833333,35.074310000000,508022.227,3881287.351,0.114,-2.682800,route_tangent,528,1.527,2.000,530,508019.979,3881287.936,-0.713086,0.120000,0.120000,2.7778,TRACKING
46.464348,129.087992833333,35.074310000000,508022.227,3881287.351,0.059,-2.682800,route_tangent,528,1.527,2.000,530,508019.979,3881287.936,-0.713086,0.120000,0.120000,2.7778,TRACKING
46.514351,129.087992833333,35.074310000000,508022.227,3881287.351,0.059,-2.682800,route_tangent,528,1.527,2.000,530,508019.979,3881287.936,-0.713086,0.120000,0.120000,2.7778,TRACKING
46.564341,129.087992833333,35.074310000000,508022.227,3881287.351,0.059,-2.682800,route_tangent,528,1.527,2.000,530,508019.979,3881287.936,-0.713086,0.120000,0.120000,2.7778,TRACKING
46.614518,129.087992833333,35.074310000000,508022.227,3881287.351,0.059,-2.682800,route_tangent,528,1.527,2.000,530,508019.979,3881287.936,-0.713086,0.120000,0.120000,2.7778,TRACKING
46.664643,129.087992833333,35.074310000000,508022.227,3881287.351,0.059,-2.682800,route_tangent,528,1.527,2.000,530,508019.979,3881287.936,-0.713086,0.120000,0.120000,2.7778,TRACKING
46.714366,129.087992833333,35.074310000000,508022.227,3881287.351,0.059,-2.682800,route_tangent,528,1.527,2.000,530,508019.979,3881287.936,-0.713086,0.120000,0.120000,2.7778,TRACKING
46.764328,129.087992833333,35.074310000000,508022.227,3881287.351,0.059,-2.682800,route_tangent,528,1.527,2.000,530,508019.979,3881287.936,-0.713086,0.120000,0.120000,2.7778,TRACKING
46.814484,129.087992833333,35.074310000000,508022.227,3881287.351,0.059,-2.682800,route_tangent,528,1.527,2.000,530,508019.979,3881287.936,-0.713086,0.120000,0.120000,2.7778,TRACKING
46.864479,129.087992833333,35.074310000000,508022.227,3881287.351,0.059,-2.682800,route_tangent,528,1.527,2.000,530,508019.979,3881287.936,-0.713086,0.120000,0.120000,2.7778,TRACKING
46.914480,129.087992833333,35.074310000000,508022.227,3881287.351,0.059,-2.682800,route_tangent,528,1.527,2.000,530,508019.979,3881287.936,-0.713086,0.120000,0.120000,2.7778,TRACKING
46.964341,129.087992833333,35.074310000000,508022.227,3881287.351,0.059,-2.682800,route_tangent,528,1.527,2.000,530,508019.979,3881287.936,-0.713086,0.120000,0.120000,2.7778,TRACKING
47.014336,129.087992833333,35.074310000000,508022.227,3881287.351,0.059,-2.682800,route_tangent,528,1.527,2.000,530,508019.979,3881287.936,-0.713086,0.120000,0.120000,2.7778,TRACKING
47.064344,129.087992833333,35.074310000000,508022.227,3881287.351,0.059,-2.682800,route_tangent,528,1.527,2.000,530,508019.979,3881287.936,-0.713086,0.120000,0.120000,2.7778,TRACKING
47.114413,129.087992833333,35.074310000000,508022.227,3881287.351,0.059,-2.682800,route_tangent,528,1.527,2.000,530,508019.979,3881287.936,-0.713086,0.120000,0.120000,2.7778,TRACKING
47.164476,129.087992833333,35.074310000000,508022.227,3881287.351,0.059,-2.682800,route_tangent,528,1.527,2.000,530,508019.979,3881287.936,-0.713086,0.120000,0.120000,2.7778,TRACKING
47.214224,129.087993000000,35.074310000000,508022.242,3881287.351,0.059,-2.682800,route_tangent,528,1.532,2.000,530,508019.979,3881287.936,-0.711445,0.120000,0.120000,2.7778,TRACKING
47.264344,129.087993000000,35.074310000000,508022.242,3881287.351,0.059,-2.682800,route_tangent,528,1.532,2.000,530,508019.979,3881287.936,-0.711445,0.120000,0.120000,2.7778,TRACKING
47.314506,129.087993000000,35.074310000000,508022.242,3881287.351,0.059,-2.682800,route_tangent,528,1.532,2.000,530,508019.979,3881287.936,-0.711445,0.120000,0.120000,2.7778,TRACKING
47.364375,129.087993000000,35.074310000000,508022.242,3881287.351,0.059,-2.682800,route_tangent,528,1.532,2.000,530,508019.979,3881287.936,-0.711445,0.120000,0.120000,2.7778,TRACKING
47.414723,129.087993000000,35.074310000000,508022.242,3881287.351,0.059,-2.682800,route_tangent,528,1.532,2.000,530,508019.979,3881287.936,-0.711445,0.120000,0.120000,2.7778,TRACKING
47.464310,129.087993000000,35.074310000000,508022.242,3881287.351,0.059,-2.682800,route_tangent,528,1.532,2.000,530,508019.979,3881287.936,-0.711445,0.120000,0.120000,2.7778,TRACKING
47.514393,129.087993000000,35.074310000000,508022.242,3881287.351,0.059,-2.682800,route_tangent,528,1.532,2.000,530,508019.979,3881287.936,-0.711445,0.120000,0.120000,2.7778,TRACKING
47.564490,129.087993000000,35.074310000000,508022.242,3881287.351,0.059,-2.682800,route_tangent,528,1.532,2.000,530,508019.979,3881287.936,-0.711445,0.120000,0.120000,2.7778,TRACKING
47.614405,129.087993000000,35.074310000000,508022.242,3881287.351,0.059,-2.682800,route_tangent,528,1.532,2.000,530,508019.979,3881287.936,-0.711445,0.120000,0.120000,2.7778,TRACKING
47.664551,129.087993000000,35.074310000000,508022.242,3881287.351,0.059,-2.682800,route_tangent,528,1.532,2.000,530,508019.979,3881287.936,-0.711445,0.120000,0.120000,2.7778,TRACKING
47.714308,129.087993000000,35.074310166667,508022.242,3881287.370,0.015,-2.682800,route_tangent,528,1.514,2.000,530,508019.979,3881287.936,-0.703775,0.120000,0.120000,2.7778,TRACKING
47.764319,129.087993000000,35.074310166667,508022.242,3881287.370,0.015,-2.682800,route_tangent,528,1.514,2.000,530,508019.979,3881287.936,-0.703775,0.120000,0.120000,2.7778,TRACKING
47.814332,129.087993000000,35.074310166667,508022.242,3881287.370,0.015,-2.682800,route_tangent,528,1.514,2.000,530,508019.979,3881287.936,-0.703775,0.120000,0.120000,2.7778,TRACKING
47.864340,129.087993000000,35.074310166667,508022.242,3881287.370,0.015,-2.682800,route_tangent,528,1.514,2.000,530,508019.979,3881287.936,-0.703775,0.120000,0.120000,2.7778,TRACKING
47.914502,129.087993000000,35.074310166667,508022.242,3881287.370,0.015,-2.682800,route_tangent,528,1.514,2.000,530,508019.979,3881287.936,-0.703775,0.120000,0.120000,2.7778,TRACKING
47.964327,129.087993000000,35.074310166667,508022.242,3881287.370,0.010,-2.682800,route_tangent,528,1.514,2.000,530,508019.979,3881287.936,-0.703775,0.120000,0.120000,2.7778,TRACKING
48.014344,129.087993000000,35.074310166667,508022.242,3881287.370,0.010,-2.682800,route_tangent,528,1.514,2.000,530,508019.979,3881287.936,-0.703775,0.120000,0.120000,2.7778,TRACKING
48.064356,129.087993000000,35.074310166667,508022.242,3881287.370,0.010,-2.682800,route_tangent,528,1.514,2.000,530,508019.979,3881287.936,-0.703775,0.120000,0.120000,2.7778,TRACKING
48.114322,129.087993000000,35.074310166667,508022.242,3881287.370,0.010,-2.682800,route_tangent,528,1.514,2.000,530,508019.979,3881287.936,-0.703775,0.120000,0.120000,2.7778,TRACKING
48.164461,129.087993000000,35.074310166667,508022.242,3881287.370,0.010,-2.682800,route_tangent,528,1.514,2.000,530,508019.979,3881287.936,-0.703775,0.120000,0.120000,2.7778,TRACKING
48.214424,129.087993000000,35.074310166667,508022.242,3881287.370,0.008,-2.682800,route_tangent,528,1.514,2.000,530,508019.979,3881287.936,-0.703775,0.120000,0.120000,2.7778,TRACKING
48.264396,129.087993000000,35.074310166667,508022.242,3881287.370,0.008,-2.682800,route_tangent,528,1.514,2.000,530,508019.979,3881287.936,-0.703775,0.120000,0.120000,2.7778,TRACKING
48.314322,129.087993000000,35.074310166667,508022.242,3881287.370,0.008,-2.682800,route_tangent,528,1.514,2.000,530,508019.979,3881287.936,-0.703775,0.120000,0.120000,2.7778,TRACKING
48.364318,129.087993000000,35.074310166667,508022.242,3881287.370,0.008,-2.682800,route_tangent,528,1.514,2.000,530,508019.979,3881287.936,-0.703775,0.120000,0.120000,2.7778,TRACKING
48.414446,129.087993000000,35.074310166667,508022.242,3881287.370,0.008,-2.682800,route_tangent,528,1.514,2.000,530,508019.979,3881287.936,-0.703775,0.120000,0.120000,2.7778,TRACKING
48.464353,129.087993000000,35.074310000000,508022.242,3881287.351,0.002,-2.682800,route_tangent,528,1.532,2.000,530,508019.979,3881287.936,-0.711445,0.120000,0.120000,2.7778,TRACKING
48.514347,129.087993000000,35.074310000000,508022.242,3881287.351,0.002,-2.682800,route_tangent,528,1.532,2.000,530,508019.979,3881287.936,-0.711445,0.120000,0.120000,2.7778,TRACKING
48.564355,129.087993000000,35.074310000000,508022.242,3881287.351,0.002,-2.682800,route_tangent,528,1.532,2.000,530,508019.979,3881287.936,-0.711445,0.120000,0.120000,2.7778,TRACKING
48.614376,129.087993000000,35.074310000000,508022.242,3881287.351,0.002,-2.682800,route_tangent,528,1.532,2.000,530,508019.979,3881287.936,-0.711445,0.120000,0.120000,2.7778,TRACKING
48.664400,129.087993000000,35.074310000000,508022.242,3881287.351,0.002,-2.682800,route_tangent,528,1.532,2.000,530,508019.979,3881287.936,-0.711445,0.120000,0.120000,2.7778,TRACKING
48.714352,129.087993000000,35.074310000000,508022.242,3881287.351,0.004,-2.682800,route_tangent,528,1.532,2.000,530,508019.979,3881287.936,-0.711445,0.120000,0.120000,2.7778,TRACKING
48.764351,129.087993000000,35.074310000000,508022.242,3881287.351,0.004,-2.682800,route_tangent,528,1.532,2.000,530,508019.979,3881287.936,-0.711445,0.120000,0.120000,2.7778,TRACKING
48.814357,129.087993000000,35.074310000000,508022.242,3881287.351,0.004,-2.682800,route_tangent,528,1.532,2.000,530,508019.979,3881287.936,-0.711445,0.120000,0.120000,2.7778,TRACKING
48.864513,129.087993000000,35.074310000000,508022.242,3881287.351,0.004,-2.682800,route_tangent,528,1.532,2.000,530,508019.979,3881287.936,-0.711445,0.120000,0.120000,2.7778,TRACKING
48.914404,129.087993000000,35.074310000000,508022.242,3881287.351,0.004,-2.682800,route_tangent,528,1.532,2.000,530,508019.979,3881287.936,-0.711445,0.120000,0.120000,2.7778,TRACKING
48.964310,129.087993000000,35.074310000000,508022.242,3881287.351,0.003,-2.682800,route_tangent,528,1.532,2.000,530,508019.979,3881287.936,-0.711445,0.120000,0.120000,2.7778,TRACKING
49.014326,129.087993000000,35.074310000000,508022.242,3881287.351,0.003,-2.682800,route_tangent,528,1.532,2.000,530,508019.979,3881287.936,-0.711445,0.120000,0.120000,2.7778,TRACKING
49.064413,129.087993000000,35.074310000000,508022.242,3881287.351,0.003,-2.682800,route_tangent,528,1.532,2.000,530,508019.979,3881287.936,-0.711445,0.120000,0.120000,2.7778,TRACKING
49.114473,129.087993000000,35.074310000000,508022.242,3881287.351,0.003,-2.682800,route_tangent,528,1.532,2.000,530,508019.979,3881287.936,-0.711445,0.120000,0.120000,2.7778,TRACKING
49.164349,129.087993000000,35.074310000000,508022.242,3881287.351,0.003,-2.682800,route_tangent,528,1.532,2.000,530,508019.979,3881287.936,-0.711445,0.120000,0.120000,2.7778,TRACKING
49.214624,129.087993000000,35.074310000000,508022.242,3881287.351,0.003,-2.682800,route_tangent,528,1.532,2.000,530,508019.979,3881287.936,-0.711445,0.120000,0.120000,2.7778,TRACKING
49.264417,129.087993000000,35.074310166667,508022.242,3881287.370,0.005,-2.682800,route_tangent,528,1.514,2.000,530,508019.979,3881287.936,-0.703775,0.120000,0.120000,2.7778,TRACKING
49.314503,129.087993000000,35.074310166667,508022.242,3881287.370,0.005,-2.682800,route_tangent,528,1.514,2.000,530,508019.979,3881287.936,-0.703775,0.120000,0.120000,2.7778,TRACKING
49.364457,129.087993000000,35.074310166667,508022.242,3881287.370,0.005,-2.682800,route_tangent,528,1.514,2.000,530,508019.979,3881287.936,-0.703775,0.120000,0.120000,2.7778,TRACKING
49.414370,129.087993000000,35.074310166667,508022.242,3881287.370,0.005,-2.682800,route_tangent,528,1.514,2.000,530,508019.979,3881287.936,-0.703775,0.120000,0.120000,2.7778,TRACKING
49.464328,129.087993000000,35.074310333333,508022.242,3881287.388,0.029,-2.682800,route_tangent,528,1.496,2.000,530,508019.979,3881287.936,-0.696076,0.120000,0.120000,2.7778,TRACKING
49.514442,129.087993000000,35.074310333333,508022.242,3881287.388,0.029,-2.682800,route_tangent,528,1.496,2.000,530,508019.979,3881287.936,-0.696076,0.120000,0.120000,2.7778,TRACKING
49.564364,129.087993000000,35.074310333333,508022.242,3881287.388,0.029,-2.682800,route_tangent,528,1.496,2.000,530,508019.979,3881287.936,-0.696076,0.120000,0.120000,2.7778,TRACKING
49.614350,129.087993000000,35.074310333333,508022.242,3881287.388,0.029,-2.682800,route_tangent,528,1.496,2.000,530,508019.979,3881287.936,-0.696076,0.120000,0.120000,2.7778,TRACKING
49.664337,129.087993000000,35.074310333333,508022.242,3881287.388,0.029,-2.682800,route_tangent,528,1.496,2.000,530,508019.979,3881287.936,-0.696076,0.120000,0.120000,2.7778,TRACKING
49.714317,129.087993000000,35.074310333333,508022.242,3881287.388,0.028,-2.682800,route_tangent,528,1.496,2.000,530,508019.979,3881287.936,-0.696076,0.120000,0.120000,2.7778,TRACKING
49.764332,129.087993000000,35.074310333333,508022.242,3881287.388,0.028,-2.682800,route_tangent,528,1.496,2.000,530,508019.979,3881287.936,-0.696076,0.120000,0.120000,2.7778,TRACKING
49.814637,129.087993000000,35.074310333333,508022.242,3881287.388,0.028,-2.682800,route_tangent,528,1.496,2.000,530,508019.979,3881287.936,-0.696076,0.120000,0.120000,2.7778,TRACKING
49.864480,129.087993000000,35.074310333333,508022.242,3881287.388,0.028,-2.682800,route_tangent,528,1.496,2.000,530,508019.979,3881287.936,-0.696076,0.120000,0.120000,2.7778,TRACKING
49.914485,129.087993000000,35.074310333333,508022.242,3881287.388,0.028,-2.682800,route_tangent,528,1.496,2.000,530,508019.979,3881287.936,-0.696076,0.120000,0.120000,2.7778,TRACKING
49.964426,129.087993166667,35.074310333333,508022.257,3881287.388,0.022,-2.682800,route_tangent,528,1.501,2.000,530,508019.979,3881287.936,-0.694546,0.120000,0.120000,2.7778,TRACKING
50.014373,129.087993166667,35.074310333333,508022.257,3881287.388,0.022,-2.682800,route_tangent,528,1.501,2.000,530,508019.979,3881287.936,-0.694546,0.120000,0.120000,2.7778,TRACKING
50.064378,129.087993166667,35.074310333333,508022.257,3881287.388,0.022,-2.682800,route_tangent,528,1.501,2.000,530,508019.979,3881287.936,-0.694546,0.120000,0.120000,2.7778,TRACKING
50.114425,129.087993166667,35.074310333333,508022.257,3881287.388,0.022,-2.682800,route_tangent,528,1.501,2.000,530,508019.979,3881287.936,-0.694546,0.120000,0.120000,2.7778,TRACKING
50.164327,129.087993166667,35.074310333333,508022.257,3881287.388,0.022,-2.682800,route_tangent,528,1.501,2.000,530,508019.979,3881287.936,-0.694546,0.120000,0.120000,2.7778,TRACKING
50.214401,129.087993166667,35.074310333333,508022.257,3881287.388,0.019,-2.682800,route_tangent,528,1.501,2.000,530,508019.979,3881287.936,-0.694546,0.120000,0.120000,2.7778,TRACKING
50.264363,129.087993166667,35.074310333333,508022.257,3881287.388,0.019,-2.682800,route_tangent,528,1.501,2.000,530,508019.979,3881287.936,-0.694546,0.120000,0.120000,2.7778,TRACKING
50.314342,129.087993166667,35.074310333333,508022.257,3881287.388,0.019,-2.682800,route_tangent,528,1.501,2.000,530,508019.979,3881287.936,-0.694546,0.120000,0.120000,2.7778,TRACKING
50.364393,129.087993166667,35.074310333333,508022.257,3881287.388,0.019,-2.682800,route_tangent,528,1.501,2.000,530,508019.979,3881287.936,-0.694546,0.120000,0.120000,2.7778,TRACKING
50.414861,129.087993166667,35.074310333333,508022.257,3881287.388,0.019,-2.682800,route_tangent,528,1.501,2.000,530,508019.979,3881287.936,-0.694546,0.120000,0.120000,2.7778,TRACKING
50.464372,129.087993166667,35.074310333333,508022.257,3881287.388,0.010,-2.682800,route_tangent,528,1.501,2.000,530,508019.979,3881287.936,-0.694546,0.120000,0.120000,2.7778,TRACKING
50.514366,129.087993166667,35.074310333333,508022.257,3881287.388,0.010,-2.682800,route_tangent,528,1.501,2.000,530,508019.979,3881287.936,-0.694546,0.120000,0.120000,2.7778,TRACKING
50.564363,129.087993166667,35.074310333333,508022.257,3881287.388,0.010,-2.682800,route_tangent,528,1.501,2.000,530,508019.979,3881287.936,-0.694546,0.120000,0.120000,2.7778,TRACKING
50.614608,129.087993166667,35.074310333333,508022.257,3881287.388,0.010,-2.682800,route_tangent,528,1.501,2.000,530,508019.979,3881287.936,-0.694546,0.120000,0.120000,2.7778,TRACKING
50.664428,129.087993166667,35.074310333333,508022.257,3881287.388,0.010,-2.682800,route_tangent,528,1.501,2.000,530,508019.979,3881287.936,-0.694546,0.120000,0.120000,2.7778,TRACKING
50.714334,129.087993166667,35.074310333333,508022.257,3881287.388,0.010,-2.682800,route_tangent,528,1.501,2.000,530,508019.979,3881287.936,-0.694546,0.120000,0.120000,2.7778,TRACKING
50.764351,129.087993166667,35.074310333333,508022.257,3881287.388,0.010,-2.682800,route_tangent,528,1.501,2.000,530,508019.979,3881287.936,-0.694546,0.120000,0.120000,2.7778,TRACKING
50.814351,129.087993166667,35.074310333333,508022.257,3881287.388,0.010,-2.682800,route_tangent,528,1.501,2.000,530,508019.979,3881287.936,-0.694546,0.120000,0.120000,2.7778,TRACKING
50.864329,129.087993166667,35.074310333333,508022.257,3881287.388,0.010,-2.682800,route_tangent,528,1.501,2.000,530,508019.979,3881287.936,-0.694546,0.120000,0.120000,2.7778,TRACKING
50.914497,129.087993166667,35.074310333333,508022.257,3881287.388,0.010,-2.682800,route_tangent,528,1.501,2.000,530,508019.979,3881287.936,-0.694546,0.120000,0.120000,2.7778,TRACKING
50.964350,129.087993000000,35.074310333333,508022.242,3881287.388,0.001,-2.682800,route_tangent,528,1.496,2.000,530,508019.979,3881287.936,-0.696076,0.120000,0.120000,2.7778,TRACKING
51.014316,129.087993000000,35.074310333333,508022.242,3881287.388,0.001,-2.682800,route_tangent,528,1.496,2.000,530,508019.979,3881287.936,-0.696076,0.120000,0.120000,2.7778,TRACKING
51.064353,129.087993000000,35.074310333333,508022.242,3881287.388,0.001,-2.682800,route_tangent,528,1.496,2.000,530,508019.979,3881287.936,-0.696076,0.120000,0.120000,2.7778,TRACKING
51.114429,129.087993000000,35.074310333333,508022.242,3881287.388,0.001,-2.682800,route_tangent,528,1.496,2.000,530,508019.979,3881287.936,-0.696076,0.120000,0.120000,2.7778,TRACKING
51.164333,129.087993000000,35.074310333333,508022.242,3881287.388,0.001,-2.682800,route_tangent,528,1.496,2.000,530,508019.979,3881287.936,-0.696076,0.120000,0.120000,2.7778,TRACKING
51.214613,129.087993000000,35.074310333333,508022.242,3881287.388,0.002,-2.682800,route_tangent,528,1.496,2.000,530,508019.979,3881287.936,-0.696076,0.120000,0.120000,2.7778,TRACKING
51.264388,129.087993000000,35.074310333333,508022.242,3881287.388,0.002,-2.682800,route_tangent,528,1.496,2.000,530,508019.979,3881287.936,-0.696076,0.120000,0.120000,2.7778,TRACKING
51.314369,129.087993000000,35.074310333333,508022.242,3881287.388,0.002,-2.682800,route_tangent,528,1.496,2.000,530,508019.979,3881287.936,-0.696076,0.120000,0.120000,2.7778,TRACKING
51.364548,129.087993000000,35.074310333333,508022.242,3881287.388,0.002,-2.682800,route_tangent,528,1.496,2.000,530,508019.979,3881287.936,-0.696076,0.120000,0.120000,2.7778,TRACKING
51.414427,129.087993000000,35.074310333333,508022.242,3881287.388,0.002,-2.682800,route_tangent,528,1.496,2.000,530,508019.979,3881287.936,-0.696076,0.120000,0.120000,2.7778,TRACKING
51.464341,129.087993000000,35.074310333333,508022.242,3881287.388,0.003,-2.682800,route_tangent,528,1.496,2.000,530,508019.979,3881287.936,-0.696076,0.120000,0.120000,2.7778,TRACKING
51.514302,129.087993000000,35.074310333333,508022.242,3881287.388,0.003,-2.682800,route_tangent,528,1.496,2.000,530,508019.979,3881287.936,-0.696076,0.120000,0.120000,2.7778,TRACKING
51.564438,129.087993000000,35.074310333333,508022.242,3881287.388,0.003,-2.682800,route_tangent,528,1.496,2.000,530,508019.979,3881287.936,-0.696076,0.120000,0.120000,2.7778,TRACKING
51.614430,129.087993000000,35.074310333333,508022.242,3881287.388,0.003,-2.682800,route_tangent,528,1.496,2.000,530,508019.979,3881287.936,-0.696076,0.120000,0.120000,2.7778,TRACKING
51.664313,129.087993000000,35.074310333333,508022.242,3881287.388,0.003,-2.682800,route_tangent,528,1.496,2.000,530,508019.979,3881287.936,-0.696076,0.120000,0.120000,2.7778,TRACKING
51.714359,129.087993166667,35.074310333333,508022.257,3881287.388,0.008,-2.682800,route_tangent,528,1.501,2.000,530,508019.979,3881287.936,-0.694546,0.120000,0.120000,2.7778,TRACKING
51.764339,129.087993166667,35.074310333333,508022.257,3881287.388,0.008,-2.682800,route_tangent,528,1.501,2.000,530,508019.979,3881287.936,-0.694546,0.120000,0.120000,2.7778,TRACKING
51.814377,129.087993166667,35.074310333333,508022.257,3881287.388,0.008,-2.682800,route_tangent,528,1.501,2.000,530,508019.979,3881287.936,-0.694546,0.120000,0.120000,2.7778,TRACKING
51.864384,129.087993166667,35.074310333333,508022.257,3881287.388,0.008,-2.682800,route_tangent,528,1.501,2.000,530,508019.979,3881287.936,-0.694546,0.120000,0.120000,2.7778,TRACKING
51.914377,129.087993166667,35.074310333333,508022.257,3881287.388,0.008,-2.682800,route_tangent,528,1.501,2.000,530,508019.979,3881287.936,-0.694546,0.120000,0.120000,2.7778,TRACKING
51.964315,129.087993166667,35.074310333333,508022.257,3881287.388,0.009,-2.682800,route_tangent,528,1.501,2.000,530,508019.979,3881287.936,-0.694546,0.120000,0.120000,2.7778,TRACKING
52.014376,129.087993166667,35.074310333333,508022.257,3881287.388,0.009,-2.682800,route_tangent,528,1.501,2.000,530,508019.979,3881287.936,-0.694546,0.120000,0.120000,2.7778,TRACKING
52.064365,129.087993166667,35.074310333333,508022.257,3881287.388,0.009,-2.682800,route_tangent,528,1.501,2.000,530,508019.979,3881287.936,-0.694546,0.120000,0.120000,2.7778,TRACKING
52.115089,129.087993166667,35.074310333333,508022.257,3881287.388,0.009,-2.682800,route_tangent,528,1.501,2.000,530,508019.979,3881287.936,-0.694546,0.120000,0.120000,2.7778,TRACKING
52.164479,129.087993166667,35.074310333333,508022.257,3881287.388,0.009,-2.682800,route_tangent,528,1.501,2.000,530,508019.979,3881287.936,-0.694546,0.120000,0.120000,2.7778,TRACKING
52.214383,129.087993166667,35.074310333333,508022.257,3881287.388,0.009,-2.682800,route_tangent,528,1.501,2.000,530,508019.979,3881287.936,-0.694546,0.120000,0.120000,2.7778,TRACKING
52.264329,129.087993166667,35.074310333333,508022.257,3881287.388,0.009,-2.682800,route_tangent,528,1.501,2.000,530,508019.979,3881287.936,-0.694546,0.120000,0.120000,2.7778,TRACKING
52.314367,129.087993166667,35.074310333333,508022.257,3881287.388,0.009,-2.682800,route_tangent,528,1.501,2.000,530,508019.979,3881287.936,-0.694546,0.120000,0.120000,2.7778,TRACKING
52.364437,129.087993166667,35.074310333333,508022.257,3881287.388,0.009,-2.682800,route_tangent,528,1.501,2.000,530,508019.979,3881287.936,-0.694546,0.120000,0.120000,2.7778,TRACKING
52.414427,129.087993166667,35.074310333333,508022.257,3881287.388,0.009,-2.682800,route_tangent,528,1.501,2.000,530,508019.979,3881287.936,-0.694546,0.120000,0.120000,2.7778,TRACKING
52.464425,129.087993166667,35.074310333333,508022.257,3881287.388,0.005,-2.682800,route_tangent,528,1.501,2.000,530,508019.979,3881287.936,-0.694546,0.120000,0.120000,2.7778,TRACKING
52.514302,129.087993166667,35.074310333333,508022.257,3881287.388,0.005,-2.682800,route_tangent,528,1.501,2.000,530,508019.979,3881287.936,-0.694546,0.120000,0.120000,2.7778,TRACKING
52.564413,129.087993166667,35.074310333333,508022.257,3881287.388,0.005,-2.682800,route_tangent,528,1.501,2.000,530,508019.979,3881287.936,-0.694546,0.120000,0.120000,2.7778,TRACKING
52.614644,129.087993166667,35.074310333333,508022.257,3881287.388,0.005,-2.682800,route_tangent,528,1.501,2.000,530,508019.979,3881287.936,-0.694546,0.120000,0.120000,2.7778,TRACKING
52.664472,129.087993166667,35.074310333333,508022.257,3881287.388,0.005,-2.682800,route_tangent,528,1.501,2.000,530,508019.979,3881287.936,-0.694546,0.120000,0.120000,2.7778,TRACKING
52.714659,129.087993166667,35.074310500000,508022.257,3881287.407,0.011,-2.682800,route_tangent,528,1.484,2.000,530,508019.979,3881287.936,-0.686863,0.120000,0.120000,2.7778,TRACKING
52.764409,129.087993166667,35.074310500000,508022.257,3881287.407,0.011,-2.682800,route_tangent,528,1.484,2.000,530,508019.979,3881287.936,-0.686863,0.120000,0.120000,2.7778,TRACKING
52.814353,129.087993166667,35.074310500000,508022.257,3881287.407,0.011,-2.682800,route_tangent,528,1.484,2.000,530,508019.979,3881287.936,-0.686863,0.120000,0.120000,2.7778,TRACKING
52.864522,129.087993166667,35.074310500000,508022.257,3881287.407,0.011,-2.682800,route_tangent,528,1.484,2.000,530,508019.979,3881287.936,-0.686863,0.120000,0.120000,2.7778,TRACKING
52.914492,129.087993166667,35.074310500000,508022.257,3881287.407,0.011,-2.682800,route_tangent,528,1.484,2.000,530,508019.979,3881287.936,-0.686863,0.120000,0.120000,2.7778,TRACKING
52.964408,129.087993166667,35.074310500000,508022.257,3881287.407,0.011,-2.682800,route_tangent,528,1.484,2.000,530,508019.979,3881287.936,-0.686863,0.120000,0.120000,2.7778,TRACKING
53.014340,129.087993166667,35.074310500000,508022.257,3881287.407,0.011,-2.682800,route_tangent,528,1.484,2.000,530,508019.979,3881287.936,-0.686863,0.120000,0.120000,2.7778,TRACKING
53.064322,129.087993166667,35.074310500000,508022.257,3881287.407,0.011,-2.682800,route_tangent,528,1.484,2.000,530,508019.979,3881287.936,-0.686863,0.120000,0.120000,2.7778,TRACKING
53.114427,129.087993166667,35.074310500000,508022.257,3881287.407,0.011,-2.682800,route_tangent,528,1.484,2.000,530,508019.979,3881287.936,-0.686863,0.120000,0.120000,2.7778,TRACKING
53.164791,129.087993166667,35.074310500000,508022.257,3881287.407,0.011,-2.682800,route_tangent,528,1.484,2.000,530,508019.979,3881287.936,-0.686863,0.120000,0.120000,2.7778,TRACKING
53.214461,129.087993166667,35.074310500000,508022.257,3881287.407,0.011,-2.682800,route_tangent,528,1.484,2.000,530,508019.979,3881287.936,-0.686863,0.120000,0.120000,2.7778,TRACKING
53.264367,129.087993166667,35.074310500000,508022.257,3881287.407,0.011,-2.682800,route_tangent,528,1.484,2.000,530,508019.979,3881287.936,-0.686863,0.120000,0.120000,2.7778,TRACKING
53.314517,129.087993166667,35.074310500000,508022.257,3881287.407,0.011,-2.682800,route_tangent,528,1.484,2.000,530,508019.979,3881287.936,-0.686863,0.120000,0.120000,2.7778,TRACKING
53.364449,129.087993166667,35.074310500000,508022.257,3881287.407,0.011,-2.682800,route_tangent,528,1.484,2.000,530,508019.979,3881287.936,-0.686863,0.120000,0.120000,2.7778,TRACKING
53.414473,129.087993166667,35.074310500000,508022.257,3881287.407,0.011,-2.682800,route_tangent,528,1.484,2.000,530,508019.979,3881287.936,-0.686863,0.120000,0.120000,2.7778,TRACKING
53.464345,129.087993166667,35.074310500000,508022.257,3881287.407,0.011,-2.682800,route_tangent,528,1.484,2.000,530,508019.979,3881287.936,-0.686863,0.120000,0.120000,2.7778,TRACKING
53.514304,129.087993166667,35.074310500000,508022.257,3881287.407,0.011,-2.682800,route_tangent,528,1.484,2.000,530,508019.979,3881287.936,-0.686863,0.120000,0.120000,2.7778,TRACKING
53.564421,129.087993166667,35.074310500000,508022.257,3881287.407,0.011,-2.682800,route_tangent,528,1.484,2.000,530,508019.979,3881287.936,-0.686863,0.120000,0.120000,2.7778,TRACKING
53.614446,129.087993166667,35.074310500000,508022.257,3881287.407,0.011,-2.682800,route_tangent,528,1.484,2.000,530,508019.979,3881287.936,-0.686863,0.120000,0.120000,2.7778,TRACKING
53.664420,129.087993166667,35.074310500000,508022.257,3881287.407,0.011,-2.682800,route_tangent,528,1.484,2.000,530,508019.979,3881287.936,-0.686863,0.120000,0.120000,2.7778,TRACKING
53.714365,129.087993166667,35.074310500000,508022.257,3881287.407,0.011,-2.682800,route_tangent,528,1.484,2.000,530,508019.979,3881287.936,-0.686863,0.120000,0.120000,2.7778,TRACKING
53.764339,129.087993166667,35.074310500000,508022.257,3881287.407,0.011,-2.682800,route_tangent,528,1.484,2.000,530,508019.979,3881287.936,-0.686863,0.120000,0.120000,2.7778,TRACKING
53.814351,129.087993166667,35.074310500000,508022.257,3881287.407,0.011,-2.682800,route_tangent,528,1.484,2.000,530,508019.979,3881287.936,-0.686863,0.120000,0.120000,2.7778,TRACKING
53.864372,129.087993166667,35.074310500000,508022.257,3881287.407,0.011,-2.682800,route_tangent,528,1.484,2.000,530,508019.979,3881287.936,-0.686863,0.120000,0.120000,2.7778,TRACKING
53.914354,129.087993166667,35.074310500000,508022.257,3881287.407,0.011,-2.682800,route_tangent,528,1.484,2.000,530,508019.979,3881287.936,-0.686863,0.120000,0.120000,2.7778,TRACKING
53.964331,129.087993166667,35.074310500000,508022.257,3881287.407,0.003,-2.682800,route_tangent,528,1.484,2.000,530,508019.979,3881287.936,-0.686863,0.120000,0.120000,2.7778,TRACKING
54.014338,129.087993166667,35.074310500000,508022.257,3881287.407,0.003,-2.682800,route_tangent,528,1.484,2.000,530,508019.979,3881287.936,-0.686863,0.120000,0.120000,2.7778,TRACKING
54.064342,129.087993166667,35.074310500000,508022.257,3881287.407,0.003,-2.682800,route_tangent,528,1.484,2.000,530,508019.979,3881287.936,-0.686863,0.120000,0.120000,2.7778,TRACKING
54.114333,129.087993166667,35.074310500000,508022.257,3881287.407,0.003,-2.682800,route_tangent,528,1.484,2.000,530,508019.979,3881287.936,-0.686863,0.120000,0.120000,2.7778,TRACKING
54.164309,129.087993166667,35.074310500000,508022.257,3881287.407,0.003,-2.682800,route_tangent,528,1.484,2.000,530,508019.979,3881287.936,-0.686863,0.120000,0.120000,2.7778,TRACKING
54.214499,129.087993166667,35.074310500000,508022.257,3881287.407,0.004,-2.682800,route_tangent,528,1.484,2.000,530,508019.979,3881287.936,-0.686863,0.120000,0.120000,2.7778,TRACKING
54.264328,129.087993166667,35.074310500000,508022.257,3881287.407,0.004,-2.682800,route_tangent,528,1.484,2.000,530,508019.979,3881287.936,-0.686863,0.120000,0.120000,2.7778,TRACKING
54.314465,129.087993166667,35.074310500000,508022.257,3881287.407,0.004,-2.682800,route_tangent,528,1.484,2.000,530,508019.979,3881287.936,-0.686863,0.120000,0.120000,2.7778,TRACKING
54.364341,129.087993166667,35.074310500000,508022.257,3881287.407,0.004,-2.682800,route_tangent,528,1.484,2.000,530,508019.979,3881287.936,-0.686863,0.120000,0.120000,2.7778,TRACKING
54.414425,129.087993166667,35.074310500000,508022.257,3881287.407,0.004,-2.682800,route_tangent,528,1.484,2.000,530,508019.979,3881287.936,-0.686863,0.120000,0.120000,2.7778,TRACKING
54.464341,129.087993333333,35.074310500000,508022.272,3881287.407,0.016,-2.682800,route_tangent,528,1.489,2.000,530,508019.979,3881287.936,-0.685398,0.120000,0.120000,2.7778,TRACKING
54.514378,129.087993333333,35.074310500000,508022.272,3881287.407,0.016,-2.682800,route_tangent,528,1.489,2.000,530,508019.979,3881287.936,-0.685398,0.120000,0.120000,2.7778,TRACKING
54.564351,129.087993333333,35.074310500000,508022.272,3881287.407,0.016,-2.682800,route_tangent,528,1.489,2.000,530,508019.979,3881287.936,-0.685398,0.120000,0.120000,2.7778,TRACKING
54.614362,129.087993333333,35.074310500000,508022.272,3881287.407,0.016,-2.682800,route_tangent,528,1.489,2.000,530,508019.979,3881287.936,-0.685398,0.120000,0.120000,2.7778,TRACKING
54.664368,129.087993333333,35.074310500000,508022.272,3881287.407,0.016,-2.682800,route_tangent,528,1.489,2.000,530,508019.979,3881287.936,-0.685398,0.120000,0.120000,2.7778,TRACKING
54.714337,129.087993000000,35.074310500000,508022.242,3881287.407,0.020,-2.682800,route_tangent,528,1.479,2.000,530,508019.979,3881287.936,-0.688347,0.120000,0.120000,2.7778,TRACKING
54.764357,129.087993000000,35.074310500000,508022.242,3881287.407,0.020,-2.682800,route_tangent,528,1.479,2.000,530,508019.979,3881287.936,-0.688347,0.120000,0.120000,2.7778,TRACKING
54.814352,129.087993000000,35.074310500000,508022.242,3881287.407,0.020,-2.682800,route_tangent,528,1.479,2.000,530,508019.979,3881287.936,-0.688347,0.120000,0.120000,2.7778,TRACKING
54.864318,129.087993000000,35.074310500000,508022.242,3881287.407,0.020,-2.682800,route_tangent,528,1.479,2.000,530,508019.979,3881287.936,-0.688347,0.120000,0.120000,2.7778,TRACKING
54.914439,129.087993000000,35.074310500000,508022.242,3881287.407,0.020,-2.682800,route_tangent,528,1.479,2.000,530,508019.979,3881287.936,-0.688347,0.120000,0.120000,2.7778,TRACKING
54.964313,129.087993000000,35.074310500000,508022.242,3881287.407,0.050,-2.682800,route_tangent,528,1.479,2.000,530,508019.979,3881287.936,-0.688347,0.120000,0.120000,2.7778,TRACKING
55.014321,129.087993000000,35.074310500000,508022.242,3881287.407,0.050,-2.682800,route_tangent,528,1.479,2.000,530,508019.979,3881287.936,-0.688347,0.120000,0.120000,2.7778,TRACKING
55.064444,129.087993000000,35.074310500000,508022.242,3881287.407,0.050,-2.682800,route_tangent,528,1.479,2.000,530,508019.979,3881287.936,-0.688347,0.120000,0.120000,2.7778,TRACKING
55.114321,129.087993000000,35.074310500000,508022.242,3881287.407,0.050,-2.682800,route_tangent,528,1.479,2.000,530,508019.979,3881287.936,-0.688347,0.120000,0.120000,2.7778,TRACKING
55.164423,129.087993000000,35.074310500000,508022.242,3881287.407,0.050,-2.682800,route_tangent,528,1.479,2.000,530,508019.979,3881287.936,-0.688347,0.120000,0.120000,2.7778,TRACKING
55.214466,129.087993000000,35.074310500000,508022.242,3881287.407,0.050,-2.682800,route_tangent,528,1.479,2.000,530,508019.979,3881287.936,-0.688347,0.120000,0.120000,2.7778,TRACKING
55.264333,129.087993166667,35.074310666667,508022.257,3881287.425,0.028,-2.682800,route_tangent,528,1.466,2.000,530,508019.979,3881287.936,-0.679153,0.120000,0.120000,2.7778,TRACKING
55.314333,129.087993166667,35.074310666667,508022.257,3881287.425,0.028,-2.682800,route_tangent,528,1.466,2.000,530,508019.979,3881287.936,-0.679153,0.120000,0.120000,2.7778,TRACKING
55.364474,129.087993166667,35.074310666667,508022.257,3881287.425,0.028,-2.682800,route_tangent,528,1.466,2.000,530,508019.979,3881287.936,-0.679153,0.120000,0.120000,2.7778,TRACKING
55.414513,129.087993166667,35.074310666667,508022.257,3881287.425,0.028,-2.682800,route_tangent,528,1.466,2.000,530,508019.979,3881287.936,-0.679153,0.120000,0.120000,2.7778,TRACKING
55.464366,129.087993166667,35.074310500000,508022.257,3881287.407,0.028,-2.682800,route_tangent,528,1.484,2.000,530,508019.979,3881287.936,-0.686863,0.120000,0.120000,2.7778,TRACKING
55.514370,129.087993166667,35.074310500000,508022.257,3881287.407,0.028,-2.682800,route_tangent,528,1.484,2.000,530,508019.979,3881287.936,-0.686863,0.120000,0.120000,2.7778,TRACKING
55.564317,129.087993166667,35.074310500000,508022.257,3881287.407,0.028,-2.682800,route_tangent,528,1.484,2.000,530,508019.979,3881287.936,-0.686863,0.120000,0.120000,2.7778,TRACKING
55.614490,129.087993166667,35.074310500000,508022.257,3881287.407,0.028,-2.682800,route_tangent,528,1.484,2.000,530,508019.979,3881287.936,-0.686863,0.120000,0.120000,2.7778,TRACKING
55.664343,129.087993166667,35.074310500000,508022.257,3881287.407,0.028,-2.682800,route_tangent,528,1.484,2.000,530,508019.979,3881287.936,-0.686863,0.120000,0.120000,2.7778,TRACKING
55.714329,129.087993166667,35.074310500000,508022.257,3881287.407,0.028,-2.682800,route_tangent,528,1.484,2.000,530,508019.979,3881287.936,-0.686863,0.120000,0.120000,2.7778,TRACKING
55.764313,129.087993166667,35.074310500000,508022.257,3881287.407,0.028,-2.682800,route_tangent,528,1.484,2.000,530,508019.979,3881287.936,-0.686863,0.120000,0.120000,2.7778,TRACKING
55.814336,129.087993166667,35.074310500000,508022.257,3881287.407,0.028,-2.682800,route_tangent,528,1.484,2.000,530,508019.979,3881287.936,-0.686863,0.120000,0.120000,2.7778,TRACKING
55.864521,129.087993166667,35.074310500000,508022.257,3881287.407,0.028,-2.682800,route_tangent,528,1.484,2.000,530,508019.979,3881287.936,-0.686863,0.120000,0.120000,2.7778,TRACKING
55.914567,129.087993166667,35.074310500000,508022.257,3881287.407,0.028,-2.682800,route_tangent,528,1.484,2.000,530,508019.979,3881287.936,-0.686863,0.120000,0.120000,2.7778,TRACKING
55.964663,129.087993166667,35.074310500000,508022.257,3881287.407,0.021,-2.682800,route_tangent,528,1.484,2.000,530,508019.979,3881287.936,-0.686863,0.120000,0.120000,2.7778,TRACKING
56.014412,129.087993166667,35.074310500000,508022.257,3881287.407,0.021,-2.682800,route_tangent,528,1.484,2.000,530,508019.979,3881287.936,-0.686863,0.120000,0.120000,2.7778,TRACKING
56.064323,129.087993166667,35.074310500000,508022.257,3881287.407,0.021,-2.682800,route_tangent,528,1.484,2.000,530,508019.979,3881287.936,-0.686863,0.120000,0.120000,2.7778,TRACKING
56.114332,129.087993166667,35.074310500000,508022.257,3881287.407,0.021,-2.682800,route_tangent,528,1.484,2.000,530,508019.979,3881287.936,-0.686863,0.120000,0.120000,2.7778,TRACKING
56.164571,129.087993166667,35.074310500000,508022.257,3881287.407,0.021,-2.682800,route_tangent,528,1.484,2.000,530,508019.979,3881287.936,-0.686863,0.120000,0.120000,2.7778,TRACKING
56.214549,129.087993166667,35.074310666667,508022.257,3881287.425,0.008,-2.682800,route_tangent,528,1.466,2.000,530,508019.979,3881287.936,-0.679153,0.120000,0.120000,2.7778,TRACKING
56.264347,129.087993166667,35.074310666667,508022.257,3881287.425,0.008,-2.682800,route_tangent,528,1.466,2.000,530,508019.979,3881287.936,-0.679153,0.120000,0.120000,2.7778,TRACKING
56.314419,129.087993166667,35.074310666667,508022.257,3881287.425,0.008,-2.682800,route_tangent,528,1.466,2.000,530,508019.979,3881287.936,-0.679153,0.120000,0.120000,2.7778,TRACKING
56.364483,129.087993166667,35.074310666667,508022.257,3881287.425,0.008,-2.682800,route_tangent,528,1.466,2.000,530,508019.979,3881287.936,-0.679153,0.120000,0.120000,2.7778,TRACKING
56.414341,129.087993166667,35.074310666667,508022.257,3881287.425,0.008,-2.682800,route_tangent,528,1.466,2.000,530,508019.979,3881287.936,-0.679153,0.120000,0.120000,2.7778,TRACKING
56.464689,129.087993166667,35.074310666667,508022.257,3881287.425,0.011,-2.682800,route_tangent,528,1.466,2.000,530,508019.979,3881287.936,-0.679153,0.120000,0.120000,2.7778,TRACKING
56.514363,129.087993166667,35.074310666667,508022.257,3881287.425,0.011,-2.682800,route_tangent,528,1.466,2.000,530,508019.979,3881287.936,-0.679153,0.120000,0.120000,2.7778,TRACKING
56.564318,129.087993166667,35.074310666667,508022.257,3881287.425,0.011,-2.682800,route_tangent,528,1.466,2.000,530,508019.979,3881287.936,-0.679153,0.120000,0.120000,2.7778,TRACKING
56.614470,129.087993166667,35.074310666667,508022.257,3881287.425,0.011,-2.682800,route_tangent,528,1.466,2.000,530,508019.979,3881287.936,-0.679153,0.120000,0.120000,2.7778,TRACKING
56.664357,129.087993166667,35.074310666667,508022.257,3881287.425,0.011,-2.682800,route_tangent,528,1.466,2.000,530,508019.979,3881287.936,-0.679153,0.120000,0.120000,2.7778,TRACKING
56.714372,129.087993333333,35.074310666667,508022.272,3881287.425,0.015,-2.682800,route_tangent,528,1.471,2.000,530,508019.979,3881287.936,-0.677734,0.120000,0.120000,2.7778,TRACKING
56.764812,129.087993333333,35.074310666667,508022.272,3881287.425,0.015,-2.682800,route_tangent,528,1.471,2.000,530,508019.979,3881287.936,-0.677734,0.120000,0.120000,2.7778,TRACKING
56.814405,129.087993333333,35.074310666667,508022.272,3881287.425,0.015,-2.682800,route_tangent,528,1.471,2.000,530,508019.979,3881287.936,-0.677734,0.120000,0.120000,2.7778,TRACKING
56.864307,129.087993333333,35.074310666667,508022.272,3881287.425,0.015,-2.682800,route_tangent,528,1.471,2.000,530,508019.979,3881287.936,-0.677734,0.120000,0.120000,2.7778,TRACKING
56.914444,129.087993333333,35.074310666667,508022.272,3881287.425,0.015,-2.682800,route_tangent,528,1.471,2.000,530,508019.979,3881287.936,-0.677734,0.120000,0.120000,2.7778,TRACKING
56.964403,129.087993333333,35.074310666667,508022.272,3881287.425,0.015,-2.682800,route_tangent,528,1.471,2.000,530,508019.979,3881287.936,-0.677734,0.120000,0.120000,2.7778,TRACKING
57.014348,129.087993333333,35.074310666667,508022.272,3881287.425,0.015,-2.682800,route_tangent,528,1.471,2.000,530,508019.979,3881287.936,-0.677734,0.120000,0.120000,2.7778,TRACKING
57.064327,129.087993333333,35.074310666667,508022.272,3881287.425,0.015,-2.682800,route_tangent,528,1.471,2.000,530,508019.979,3881287.936,-0.677734,0.120000,0.120000,2.7778,TRACKING
57.114465,129.087993333333,35.074310666667,508022.272,3881287.425,0.015,-2.682800,route_tangent,528,1.471,2.000,530,508019.979,3881287.936,-0.677734,0.120000,0.120000,2.7778,TRACKING
57.164329,129.087993333333,35.074310666667,508022.272,3881287.425,0.015,-2.682800,route_tangent,528,1.471,2.000,530,508019.979,3881287.936,-0.677734,0.120000,0.120000,2.7778,TRACKING
57.214625,129.087993333333,35.074310666667,508022.272,3881287.425,0.015,-2.682800,route_tangent,528,1.471,2.000,530,508019.979,3881287.936,-0.677734,0.120000,0.120000,2.7778,TRACKING
57.264326,129.087993333333,35.074310666667,508022.272,3881287.425,0.015,-2.682800,route_tangent,528,1.471,2.000,530,508019.979,3881287.936,-0.677734,0.120000,0.120000,2.7778,TRACKING
57.314356,129.087993333333,35.074310666667,508022.272,3881287.425,0.015,-2.682800,route_tangent,528,1.471,2.000,530,508019.979,3881287.936,-0.677734,0.120000,0.120000,2.7778,TRACKING
57.364338,129.087993333333,35.074310666667,508022.272,3881287.425,0.015,-2.682800,route_tangent,528,1.471,2.000,530,508019.979,3881287.936,-0.677734,0.120000,0.120000,2.7778,TRACKING
57.414425,129.087993333333,35.074310666667,508022.272,3881287.425,0.015,-2.682800,route_tangent,528,1.471,2.000,530,508019.979,3881287.936,-0.677734,0.120000,0.120000,2.7778,TRACKING
57.464630,129.087993333333,35.074310500000,508022.272,3881287.407,0.015,-2.682800,route_tangent,528,1.489,2.000,530,508019.979,3881287.936,-0.685398,0.120000,0.120000,2.7778,TRACKING
57.514394,129.087993333333,35.074310500000,508022.272,3881287.407,0.015,-2.682800,route_tangent,528,1.489,2.000,530,508019.979,3881287.936,-0.685398,0.120000,0.120000,2.7778,TRACKING
57.564389,129.087993333333,35.074310500000,508022.272,3881287.407,0.015,-2.682800,route_tangent,528,1.489,2.000,530,508019.979,3881287.936,-0.685398,0.120000,0.120000,2.7778,TRACKING
57.614452,129.087993333333,35.074310500000,508022.272,3881287.407,0.015,-2.682800,route_tangent,528,1.489,2.000,530,508019.979,3881287.936,-0.685398,0.120000,0.120000,2.7778,TRACKING
57.664452,129.087993333333,35.074310500000,508022.272,3881287.407,0.015,-2.682800,route_tangent,528,1.489,2.000,530,508019.979,3881287.936,-0.685398,0.120000,0.120000,2.7778,TRACKING
57.714444,129.087993166667,35.074310500000,508022.257,3881287.407,0.012,-2.682800,route_tangent,528,1.484,2.000,530,508019.979,3881287.936,-0.686863,0.120000,0.120000,2.7778,TRACKING
57.764364,129.087993166667,35.074310500000,508022.257,3881287.407,0.012,-2.682800,route_tangent,528,1.484,2.000,530,508019.979,3881287.936,-0.686863,0.120000,0.120000,2.7778,TRACKING
57.814448,129.087993166667,35.074310500000,508022.257,3881287.407,0.012,-2.682800,route_tangent,528,1.484,2.000,530,508019.979,3881287.936,-0.686863,0.120000,0.120000,2.7778,TRACKING
57.864395,129.087993166667,35.074310500000,508022.257,3881287.407,0.012,-2.682800,route_tangent,528,1.484,2.000,530,508019.979,3881287.936,-0.686863,0.120000,0.120000,2.7778,TRACKING
57.914595,129.087993166667,35.074310500000,508022.257,3881287.407,0.012,-2.682800,route_tangent,528,1.484,2.000,530,508019.979,3881287.936,-0.686863,0.120000,0.120000,2.7778,TRACKING
57.964874,129.087993166667,35.074310500000,508022.257,3881287.407,0.008,-2.682800,route_tangent,528,1.484,2.000,530,508019.979,3881287.936,-0.686863,0.120000,0.120000,2.7778,TRACKING
58.014334,129.087993166667,35.074310500000,508022.257,3881287.407,0.008,-2.682800,route_tangent,528,1.484,2.000,530,508019.979,3881287.936,-0.686863,0.120000,0.120000,2.7778,TRACKING
58.064326,129.087993166667,35.074310500000,508022.257,3881287.407,0.008,-2.682800,route_tangent,528,1.484,2.000,530,508019.979,3881287.936,-0.686863,0.120000,0.120000,2.7778,TRACKING
58.114347,129.087993166667,35.074310500000,508022.257,3881287.407,0.008,-2.682800,route_tangent,528,1.484,2.000,530,508019.979,3881287.936,-0.686863,0.120000,0.120000,2.7778,TRACKING
58.164354,129.087993166667,35.074310500000,508022.257,3881287.407,0.008,-2.682800,route_tangent,528,1.484,2.000,530,508019.979,3881287.936,-0.686863,0.120000,0.120000,2.7778,TRACKING
58.214574,129.087993333333,35.074310500000,508022.272,3881287.407,0.021,-2.682800,route_tangent,528,1.489,2.000,530,508019.979,3881287.936,-0.685398,0.120000,0.120000,2.7778,TRACKING
58.264350,129.087993333333,35.074310500000,508022.272,3881287.407,0.021,-2.682800,route_tangent,528,1.489,2.000,530,508019.979,3881287.936,-0.685398,0.120000,0.120000,2.7778,TRACKING
58.314328,129.087993333333,35.074310500000,508022.272,3881287.407,0.021,-2.682800,route_tangent,528,1.489,2.000,530,508019.979,3881287.936,-0.685398,0.120000,0.120000,2.7778,TRACKING
58.364304,129.087993333333,35.074310500000,508022.272,3881287.407,0.021,-2.682800,route_tangent,528,1.489,2.000,530,508019.979,3881287.936,-0.685398,0.120000,0.120000,2.7778,TRACKING
58.414317,129.087993333333,35.074310500000,508022.272,3881287.407,0.021,-2.682800,route_tangent,528,1.489,2.000,530,508019.979,3881287.936,-0.685398,0.120000,0.120000,2.7778,TRACKING
58.464349,129.087993166667,35.074310500000,508022.257,3881287.407,0.021,-2.682800,route_tangent,528,1.484,2.000,530,508019.979,3881287.936,-0.686863,0.120000,0.120000,2.7778,TRACKING
58.514322,129.087993166667,35.074310500000,508022.257,3881287.407,0.021,-2.682800,route_tangent,528,1.484,2.000,530,508019.979,3881287.936,-0.686863,0.120000,0.120000,2.7778,TRACKING
58.564301,129.087993166667,35.074310500000,508022.257,3881287.407,0.021,-2.682800,route_tangent,528,1.484,2.000,530,508019.979,3881287.936,-0.686863,0.120000,0.120000,2.7778,TRACKING
58.614326,129.087993166667,35.074310500000,508022.257,3881287.407,0.021,-2.682800,route_tangent,528,1.484,2.000,530,508019.979,3881287.936,-0.686863,0.120000,0.120000,2.7778,TRACKING
58.664372,129.087993166667,35.074310500000,508022.257,3881287.407,0.021,-2.682800,route_tangent,528,1.484,2.000,530,508019.979,3881287.936,-0.686863,0.120000,0.120000,2.7778,TRACKING
58.714392,129.087993166667,35.074310333333,508022.257,3881287.388,0.006,-2.682800,route_tangent,528,1.501,2.000,530,508019.979,3881287.936,-0.694546,0.120000,0.120000,2.7778,TRACKING
58.764332,129.087993166667,35.074310333333,508022.257,3881287.388,0.006,-2.682800,route_tangent,528,1.501,2.000,530,508019.979,3881287.936,-0.694546,0.120000,0.120000,2.7778,TRACKING
58.814305,129.087993166667,35.074310333333,508022.257,3881287.388,0.006,-2.682800,route_tangent,528,1.501,2.000,530,508019.979,3881287.936,-0.694546,0.120000,0.120000,2.7778,TRACKING
58.864390,129.087993166667,35.074310333333,508022.257,3881287.388,0.006,-2.682800,route_tangent,528,1.501,2.000,530,508019.979,3881287.936,-0.694546,0.120000,0.120000,2.7778,TRACKING
58.914401,129.087993166667,35.074310333333,508022.257,3881287.388,0.006,-2.682800,route_tangent,528,1.501,2.000,530,508019.979,3881287.936,-0.694546,0.120000,0.120000,2.7778,TRACKING
58.964540,129.087993166667,35.074310333333,508022.257,3881287.388,0.029,-2.682800,route_tangent,528,1.501,2.000,530,508019.979,3881287.936,-0.694546,0.120000,0.120000,2.7778,TRACKING
59.014362,129.087993166667,35.074310333333,508022.257,3881287.388,0.029,-2.682800,route_tangent,528,1.501,2.000,530,508019.979,3881287.936,-0.694546,0.120000,0.120000,2.7778,TRACKING
59.064466,129.087993166667,35.074310333333,508022.257,3881287.388,0.029,-2.682800,route_tangent,528,1.501,2.000,530,508019.979,3881287.936,-0.694546,0.120000,0.120000,2.7778,TRACKING
59.114375,129.087993166667,35.074310333333,508022.257,3881287.388,0.029,-2.682800,route_tangent,528,1.501,2.000,530,508019.979,3881287.936,-0.694546,0.120000,0.120000,2.7778,TRACKING
59.164375,129.087993166667,35.074310333333,508022.257,3881287.388,0.029,-2.682800,route_tangent,528,1.501,2.000,530,508019.979,3881287.936,-0.694546,0.120000,0.120000,2.7778,TRACKING
59.214304,129.087993166667,35.074310333333,508022.257,3881287.388,0.029,-2.682800,route_tangent,528,1.501,2.000,530,508019.979,3881287.936,-0.694546,0.120000,0.120000,2.7778,TRACKING
59.264370,129.087993166667,35.074310333333,508022.257,3881287.388,0.009,-2.682800,route_tangent,528,1.501,2.000,530,508019.979,3881287.936,-0.694546,0.120000,0.120000,2.7778,TRACKING
59.314329,129.087993166667,35.074310333333,508022.257,3881287.388,0.009,-2.682800,route_tangent,528,1.501,2.000,530,508019.979,3881287.936,-0.694546,0.120000,0.120000,2.7778,TRACKING
59.364359,129.087993166667,35.074310333333,508022.257,3881287.388,0.009,-2.682800,route_tangent,528,1.501,2.000,530,508019.979,3881287.936,-0.694546,0.120000,0.120000,2.7778,TRACKING
59.414350,129.087993166667,35.074310333333,508022.257,3881287.388,0.009,-2.682800,route_tangent,528,1.501,2.000,530,508019.979,3881287.936,-0.694546,0.120000,0.120000,2.7778,TRACKING
59.464615,129.087993166667,35.074310333333,508022.257,3881287.388,0.011,-2.682800,route_tangent,528,1.501,2.000,530,508019.979,3881287.936,-0.694546,0.120000,0.120000,2.7778,TRACKING
59.514351,129.087993166667,35.074310333333,508022.257,3881287.388,0.011,-2.682800,route_tangent,528,1.501,2.000,530,508019.979,3881287.936,-0.694546,0.120000,0.120000,2.7778,TRACKING
59.564377,129.087993166667,35.074310333333,508022.257,3881287.388,0.011,-2.682800,route_tangent,528,1.501,2.000,530,508019.979,3881287.936,-0.694546,0.120000,0.120000,2.7778,TRACKING
59.614347,129.087993166667,35.074310333333,508022.257,3881287.388,0.011,-2.682800,route_tangent,528,1.501,2.000,530,508019.979,3881287.936,-0.694546,0.120000,0.120000,2.7778,TRACKING
59.664423,129.087993166667,35.074310333333,508022.257,3881287.388,0.011,-2.682800,route_tangent,528,1.501,2.000,530,508019.979,3881287.936,-0.694546,0.120000,0.120000,2.7778,TRACKING
59.714735,129.087993166667,35.074310166667,508022.257,3881287.370,0.011,-2.682800,route_tangent,528,1.519,2.000,530,508019.979,3881287.936,-0.702200,0.120000,0.120000,2.7778,TRACKING
59.764380,129.087993166667,35.074310166667,508022.257,3881287.370,0.011,-2.682800,route_tangent,528,1.519,2.000,530,508019.979,3881287.936,-0.702200,0.120000,0.120000,2.7778,TRACKING
59.814392,129.087993166667,35.074310166667,508022.257,3881287.370,0.011,-2.682800,route_tangent,528,1.519,2.000,530,508019.979,3881287.936,-0.702200,0.120000,0.120000,2.7778,TRACKING
59.864337,129.087993166667,35.074310166667,508022.257,3881287.370,0.011,-2.682800,route_tangent,528,1.519,2.000,530,508019.979,3881287.936,-0.702200,0.120000,0.120000,2.7778,TRACKING
59.914356,129.087993166667,35.074310166667,508022.257,3881287.370,0.011,-2.682800,route_tangent,528,1.519,2.000,530,508019.979,3881287.936,-0.702200,0.120000,0.120000,2.7778,TRACKING
59.964743,129.087993166667,35.074310166667,508022.257,3881287.370,0.020,-2.682800,route_tangent,528,1.519,2.000,530,508019.979,3881287.936,-0.702200,0.120000,0.120000,2.7778,TRACKING
60.014351,129.087993166667,35.074310166667,508022.257,3881287.370,0.020,-2.682800,route_tangent,528,1.519,2.000,530,508019.979,3881287.936,-0.702200,0.120000,0.120000,2.7778,TRACKING
60.064405,129.087993166667,35.074310166667,508022.257,3881287.370,0.020,-2.682800,route_tangent,528,1.519,2.000,530,508019.979,3881287.936,-0.702200,0.120000,0.120000,2.7778,TRACKING
60.114323,129.087993166667,35.074310166667,508022.257,3881287.370,0.020,-2.682800,route_tangent,528,1.519,2.000,530,508019.979,3881287.936,-0.702200,0.120000,0.120000,2.7778,TRACKING
60.164314,129.087993166667,35.074310166667,508022.257,3881287.370,0.020,-2.682800,route_tangent,528,1.519,2.000,530,508019.979,3881287.936,-0.702200,0.120000,0.120000,2.7778,TRACKING
60.214295,129.087993000000,35.074310166667,508022.242,3881287.370,0.022,-2.682800,route_tangent,528,1.514,2.000,530,508019.979,3881287.936,-0.703775,0.120000,0.120000,2.7778,TRACKING
60.264320,129.087993000000,35.074310166667,508022.242,3881287.370,0.022,-2.682800,route_tangent,528,1.514,2.000,530,508019.979,3881287.936,-0.703775,0.120000,0.120000,2.7778,TRACKING
60.314347,129.087993000000,35.074310166667,508022.242,3881287.370,0.022,-2.682800,route_tangent,528,1.514,2.000,530,508019.979,3881287.936,-0.703775,0.120000,0.120000,2.7778,TRACKING
60.364314,129.087993000000,35.074310166667,508022.242,3881287.370,0.022,-2.682800,route_tangent,528,1.514,2.000,530,508019.979,3881287.936,-0.703775,0.120000,0.120000,2.7778,TRACKING
60.414332,129.087993000000,35.074310166667,508022.242,3881287.370,0.022,-2.682800,route_tangent,528,1.514,2.000,530,508019.979,3881287.936,-0.703775,0.120000,0.120000,2.7778,TRACKING
60.464515,129.087993000000,35.074310166667,508022.242,3881287.370,0.020,-2.682800,route_tangent,528,1.514,2.000,530,508019.979,3881287.936,-0.703775,0.120000,0.120000,2.7778,TRACKING
60.514395,129.087993000000,35.074310166667,508022.242,3881287.370,0.020,-2.682800,route_tangent,528,1.514,2.000,530,508019.979,3881287.936,-0.703775,0.120000,0.120000,2.7778,TRACKING
60.564355,129.087993000000,35.074310166667,508022.242,3881287.370,0.020,-2.682800,route_tangent,528,1.514,2.000,530,508019.979,3881287.936,-0.703775,0.120000,0.120000,2.7778,TRACKING
60.614354,129.087993000000,35.074310166667,508022.242,3881287.370,0.020,-2.682800,route_tangent,528,1.514,2.000,530,508019.979,3881287.936,-0.703775,0.120000,0.120000,2.7778,TRACKING
60.664379,129.087993000000,35.074310166667,508022.242,3881287.370,0.020,-2.682800,route_tangent,528,1.514,2.000,530,508019.979,3881287.936,-0.703775,0.120000,0.120000,2.7778,TRACKING
60.714336,129.087993000000,35.074310166667,508022.242,3881287.370,0.011,-2.682800,route_tangent,528,1.514,2.000,530,508019.979,3881287.936,-0.703775,0.120000,0.120000,2.7778,TRACKING
60.764373,129.087993000000,35.074310166667,508022.242,3881287.370,0.011,-2.682800,route_tangent,528,1.514,2.000,530,508019.979,3881287.936,-0.703775,0.120000,0.120000,2.7778,TRACKING
60.814319,129.087993000000,35.074310166667,508022.242,3881287.370,0.011,-2.682800,route_tangent,528,1.514,2.000,530,508019.979,3881287.936,-0.703775,0.120000,0.120000,2.7778,TRACKING
60.864344,129.087993000000,35.074310166667,508022.242,3881287.370,0.011,-2.682800,route_tangent,528,1.514,2.000,530,508019.979,3881287.936,-0.703775,0.120000,0.120000,2.7778,TRACKING
60.914355,129.087993000000,35.074310166667,508022.242,3881287.370,0.011,-2.682800,route_tangent,528,1.514,2.000,530,508019.979,3881287.936,-0.703775,0.120000,0.120000,2.7778,TRACKING
60.964525,129.087993000000,35.074310166667,508022.242,3881287.370,0.008,-2.682800,route_tangent,528,1.514,2.000,530,508019.979,3881287.936,-0.703775,0.120000,0.120000,2.7778,TRACKING
61.014336,129.087993000000,35.074310166667,508022.242,3881287.370,0.008,-2.682800,route_tangent,528,1.514,2.000,530,508019.979,3881287.936,-0.703775,0.120000,0.120000,2.7778,TRACKING
61.064333,129.087993000000,35.074310166667,508022.242,3881287.370,0.008,-2.682800,route_tangent,528,1.514,2.000,530,508019.979,3881287.936,-0.703775,0.120000,0.120000,2.7778,TRACKING
61.114348,129.087993000000,35.074310166667,508022.242,3881287.370,0.008,-2.682800,route_tangent,528,1.514,2.000,530,508019.979,3881287.936,-0.703775,0.120000,0.120000,2.7778,TRACKING
61.164372,129.087993000000,35.074310166667,508022.242,3881287.370,0.008,-2.682800,route_tangent,528,1.514,2.000,530,508019.979,3881287.936,-0.703775,0.120000,0.120000,2.7778,TRACKING
61.214331,129.087993000000,35.074310166667,508022.242,3881287.370,0.008,-2.682800,route_tangent,528,1.514,2.000,530,508019.979,3881287.936,-0.703775,0.120000,0.120000,2.7778,TRACKING
61.264319,129.087993000000,35.074310166667,508022.242,3881287.370,0.005,-2.682800,route_tangent,528,1.514,2.000,530,508019.979,3881287.936,-0.703775,0.120000,0.120000,2.7778,TRACKING
61.314291,129.087993000000,35.074310166667,508022.242,3881287.370,0.005,-2.682800,route_tangent,528,1.514,2.000,530,508019.979,3881287.936,-0.703775,0.120000,0.120000,2.7778,TRACKING
61.364314,129.087993000000,35.074310166667,508022.242,3881287.370,0.005,-2.682800,route_tangent,528,1.514,2.000,530,508019.979,3881287.936,-0.703775,0.120000,0.120000,2.7778,TRACKING
61.414257,129.087993000000,35.074310166667,508022.242,3881287.370,0.005,-2.682800,route_tangent,528,1.514,2.000,530,508019.979,3881287.936,-0.703775,0.120000,0.120000,2.7778,TRACKING
61.464341,129.087993000000,35.074310166667,508022.242,3881287.370,0.006,-2.682800,route_tangent,528,1.514,2.000,530,508019.979,3881287.936,-0.703775,0.120000,0.120000,2.7778,TRACKING
61.514358,129.087993000000,35.074310166667,508022.242,3881287.370,0.006,-2.682800,route_tangent,528,1.514,2.000,530,508019.979,3881287.936,-0.703775,0.120000,0.120000,2.7778,TRACKING
61.564362,129.087993000000,35.074310166667,508022.242,3881287.370,0.006,-2.682800,route_tangent,528,1.514,2.000,530,508019.979,3881287.936,-0.703775,0.120000,0.120000,2.7778,TRACKING
61.614399,129.087993000000,35.074310166667,508022.242,3881287.370,0.006,-2.682800,route_tangent,528,1.514,2.000,530,508019.979,3881287.936,-0.703775,0.120000,0.120000,2.7778,TRACKING
61.664368,129.087993000000,35.074310166667,508022.242,3881287.370,0.006,-2.682800,route_tangent,528,1.514,2.000,530,508019.979,3881287.936,-0.703775,0.120000,0.120000,2.7778,TRACKING
61.714403,129.087993166667,35.074310333333,508022.257,3881287.388,0.013,-2.682800,route_tangent,528,1.501,2.000,530,508019.979,3881287.936,-0.694546,0.120000,0.120000,2.7778,TRACKING
61.764418,129.087993166667,35.074310333333,508022.257,3881287.388,0.013,-2.682800,route_tangent,528,1.501,2.000,530,508019.979,3881287.936,-0.694546,0.120000,0.120000,2.7778,TRACKING
61.814410,129.087993166667,35.074310333333,508022.257,3881287.388,0.013,-2.682800,route_tangent,528,1.501,2.000,530,508019.979,3881287.936,-0.694546,0.120000,0.120000,2.7778,TRACKING
61.864334,129.087993166667,35.074310333333,508022.257,3881287.388,0.013,-2.682800,route_tangent,528,1.501,2.000,530,508019.979,3881287.936,-0.694546,0.120000,0.120000,2.7778,TRACKING
61.914360,129.087993166667,35.074310333333,508022.257,3881287.388,0.013,-2.682800,route_tangent,528,1.501,2.000,530,508019.979,3881287.936,-0.694546,0.120000,0.120000,2.7778,TRACKING
61.964367,129.087993166667,35.074310333333,508022.257,3881287.388,0.015,-2.682800,route_tangent,528,1.501,2.000,530,508019.979,3881287.936,-0.694546,0.120000,0.120000,2.7778,TRACKING
62.014321,129.087993166667,35.074310333333,508022.257,3881287.388,0.015,-2.682800,route_tangent,528,1.501,2.000,530,508019.979,3881287.936,-0.694546,0.120000,0.120000,2.7778,TRACKING
62.064361,129.087993166667,35.074310333333,508022.257,3881287.388,0.015,-2.682800,route_tangent,528,1.501,2.000,530,508019.979,3881287.936,-0.694546,0.120000,0.120000,2.7778,TRACKING
62.114364,129.087993166667,35.074310333333,508022.257,3881287.388,0.015,-2.682800,route_tangent,528,1.501,2.000,530,508019.979,3881287.936,-0.694546,0.120000,0.120000,2.7778,TRACKING
62.164342,129.087993166667,35.074310333333,508022.257,3881287.388,0.015,-2.682800,route_tangent,528,1.501,2.000,530,508019.979,3881287.936,-0.694546,0.120000,0.120000,2.7778,TRACKING
62.214518,129.087993166667,35.074310333333,508022.257,3881287.388,0.015,-2.682800,route_tangent,528,1.501,2.000,530,508019.979,3881287.936,-0.694546,0.120000,0.120000,2.7778,TRACKING
62.264435,129.087993166667,35.074310333333,508022.257,3881287.388,0.014,-2.682800,route_tangent,528,1.501,2.000,530,508019.979,3881287.936,-0.694546,0.120000,0.120000,2.7778,TRACKING
62.315048,129.087993166667,35.074310333333,508022.257,3881287.388,0.014,-2.682800,route_tangent,528,1.501,2.000,530,508019.979,3881287.936,-0.694546,0.120000,0.120000,2.7778,TRACKING
62.364585,129.087993166667,35.074310333333,508022.257,3881287.388,0.014,-2.682800,route_tangent,528,1.501,2.000,530,508019.979,3881287.936,-0.694546,0.120000,0.120000,2.7778,TRACKING
62.414422,129.087993166667,35.074310333333,508022.257,3881287.388,0.014,-2.682800,route_tangent,528,1.501,2.000,530,508019.979,3881287.936,-0.694546,0.120000,0.120000,2.7778,TRACKING
62.464785,129.087993333333,35.074310500000,508022.272,3881287.407,0.014,-2.682800,route_tangent,528,1.489,2.000,530,508019.979,3881287.936,-0.685398,0.120000,0.120000,2.7778,TRACKING
62.514375,129.087993333333,35.074310500000,508022.272,3881287.407,0.014,-2.682800,route_tangent,528,1.489,2.000,530,508019.979,3881287.936,-0.685398,0.120000,0.120000,2.7778,TRACKING
62.564368,129.087993333333,35.074310500000,508022.272,3881287.407,0.014,-2.682800,route_tangent,528,1.489,2.000,530,508019.979,3881287.936,-0.685398,0.120000,0.120000,2.7778,TRACKING
62.614379,129.087993333333,35.074310500000,508022.272,3881287.407,0.014,-2.682800,route_tangent,528,1.489,2.000,530,508019.979,3881287.936,-0.685398,0.120000,0.120000,2.7778,TRACKING
62.664405,129.087993333333,35.074310500000,508022.272,3881287.407,0.014,-2.682800,route_tangent,528,1.489,2.000,530,508019.979,3881287.936,-0.685398,0.120000,0.120000,2.7778,TRACKING
62.714649,129.087993333333,35.074310500000,508022.272,3881287.407,0.014,-2.682800,route_tangent,528,1.489,2.000,530,508019.979,3881287.936,-0.685398,0.120000,0.120000,2.7778,TRACKING
62.764553,129.087993333333,35.074310500000,508022.272,3881287.407,0.014,-2.682800,route_tangent,528,1.489,2.000,530,508019.979,3881287.936,-0.685398,0.120000,0.120000,2.7778,TRACKING
62.814332,129.087993333333,35.074310500000,508022.272,3881287.407,0.014,-2.682800,route_tangent,528,1.489,2.000,530,508019.979,3881287.936,-0.685398,0.120000,0.120000,2.7778,TRACKING
62.864316,129.087993333333,35.074310500000,508022.272,3881287.407,0.014,-2.682800,route_tangent,528,1.489,2.000,530,508019.979,3881287.936,-0.685398,0.120000,0.120000,2.7778,TRACKING
62.914328,129.087993333333,35.074310500000,508022.272,3881287.407,0.014,-2.682800,route_tangent,528,1.489,2.000,530,508019.979,3881287.936,-0.685398,0.120000,0.120000,2.7778,TRACKING
62.964423,129.087993333333,35.074310500000,508022.272,3881287.407,0.014,-2.682800,route_tangent,528,1.489,2.000,530,508019.979,3881287.936,-0.685398,0.120000,0.120000,2.7778,TRACKING
63.014388,129.087993333333,35.074310500000,508022.272,3881287.407,0.014,-2.682800,route_tangent,528,1.489,2.000,530,508019.979,3881287.936,-0.685398,0.120000,0.120000,2.7778,TRACKING
63.064356,129.087993333333,35.074310500000,508022.272,3881287.407,0.014,-2.682800,route_tangent,528,1.489,2.000,530,508019.979,3881287.936,-0.685398,0.120000,0.120000,2.7778,TRACKING
63.114353,129.087993333333,35.074310500000,508022.272,3881287.407,0.014,-2.682800,route_tangent,528,1.489,2.000,530,508019.979,3881287.936,-0.685398,0.120000,0.120000,2.7778,TRACKING
63.164369,129.087993333333,35.074310500000,508022.272,3881287.407,0.014,-2.682800,route_tangent,528,1.489,2.000,530,508019.979,3881287.936,-0.685398,0.120000,0.120000,2.7778,TRACKING
63.214330,129.087993333333,35.074310500000,508022.272,3881287.407,0.014,-2.682800,route_tangent,528,1.489,2.000,530,508019.979,3881287.936,-0.685398,0.120000,0.120000,2.7778,TRACKING
63.264361,129.087993333333,35.074310500000,508022.272,3881287.407,0.014,-2.682800,route_tangent,528,1.489,2.000,530,508019.979,3881287.936,-0.685398,0.120000,0.120000,2.7778,TRACKING
63.314352,129.087993333333,35.074310500000,508022.272,3881287.407,0.014,-2.682800,route_tangent,528,1.489,2.000,530,508019.979,3881287.936,-0.685398,0.120000,0.120000,2.7778,TRACKING
63.364360,129.087993333333,35.074310500000,508022.272,3881287.407,0.014,-2.682800,route_tangent,528,1.489,2.000,530,508019.979,3881287.936,-0.685398,0.120000,0.120000,2.7778,TRACKING
63.414371,129.087993333333,35.074310500000,508022.272,3881287.407,0.014,-2.682800,route_tangent,528,1.489,2.000,530,508019.979,3881287.936,-0.685398,0.120000,0.120000,2.7778,TRACKING
63.464659,129.087993166667,35.074310333333,508022.257,3881287.388,0.017,-2.682800,route_tangent,528,1.501,2.000,530,508019.979,3881287.936,-0.694546,0.120000,0.120000,2.7778,TRACKING
63.514341,129.087993166667,35.074310333333,508022.257,3881287.388,0.017,-2.682800,route_tangent,528,1.501,2.000,530,508019.979,3881287.936,-0.694546,0.120000,0.120000,2.7778,TRACKING
63.564332,129.087993166667,35.074310333333,508022.257,3881287.388,0.017,-2.682800,route_tangent,528,1.501,2.000,530,508019.979,3881287.936,-0.694546,0.120000,0.120000,2.7778,TRACKING
63.614538,129.087993166667,35.074310333333,508022.257,3881287.388,0.017,-2.682800,route_tangent,528,1.501,2.000,530,508019.979,3881287.936,-0.694546,0.120000,0.120000,2.7778,TRACKING
63.664344,129.087993166667,35.074310333333,508022.257,3881287.388,0.017,-2.682800,route_tangent,528,1.501,2.000,530,508019.979,3881287.936,-0.694546,0.120000,0.120000,2.7778,TRACKING
63.714587,129.087993166667,35.074310333333,508022.257,3881287.388,0.004,-2.682800,route_tangent,528,1.501,2.000,530,508019.979,3881287.936,-0.694546,0.120000,0.120000,2.7778,TRACKING
63.764371,129.087993166667,35.074310333333,508022.257,3881287.388,0.004,-2.682800,route_tangent,528,1.501,2.000,530,508019.979,3881287.936,-0.694546,0.120000,0.120000,2.7778,TRACKING
63.814343,129.087993166667,35.074310333333,508022.257,3881287.388,0.004,-2.682800,route_tangent,528,1.501,2.000,530,508019.979,3881287.936,-0.694546,0.120000,0.120000,2.7778,TRACKING
63.864332,129.087993166667,35.074310333333,508022.257,3881287.388,0.004,-2.682800,route_tangent,528,1.501,2.000,530,508019.979,3881287.936,-0.694546,0.120000,0.120000,2.7778,TRACKING
63.914342,129.087993166667,35.074310333333,508022.257,3881287.388,0.004,-2.682800,route_tangent,528,1.501,2.000,530,508019.979,3881287.936,-0.694546,0.120000,0.120000,2.7778,TRACKING
63.964338,129.087993166667,35.074310333333,508022.257,3881287.388,0.009,-2.682800,route_tangent,528,1.501,2.000,530,508019.979,3881287.936,-0.694546,0.120000,0.120000,2.7778,TRACKING
64.014341,129.087993166667,35.074310333333,508022.257,3881287.388,0.009,-2.682800,route_tangent,528,1.501,2.000,530,508019.979,3881287.936,-0.694546,0.120000,0.120000,2.7778,TRACKING
64.064330,129.087993166667,35.074310333333,508022.257,3881287.388,0.009,-2.682800,route_tangent,528,1.501,2.000,530,508019.979,3881287.936,-0.694546,0.120000,0.120000,2.7778,TRACKING
64.114332,129.087993166667,35.074310333333,508022.257,3881287.388,0.009,-2.682800,route_tangent,528,1.501,2.000,530,508019.979,3881287.936,-0.694546,0.120000,0.120000,2.7778,TRACKING
64.164361,129.087993166667,35.074310333333,508022.257,3881287.388,0.009,-2.682800,route_tangent,528,1.501,2.000,530,508019.979,3881287.936,-0.694546,0.120000,0.120000,2.7778,TRACKING
64.214603,129.087993166667,35.074310333333,508022.257,3881287.388,0.012,-2.682800,route_tangent,528,1.501,2.000,530,508019.979,3881287.936,-0.694546,0.120000,0.120000,2.7778,TRACKING
64.264527,129.087993166667,35.074310333333,508022.257,3881287.388,0.012,-2.682800,route_tangent,528,1.501,2.000,530,508019.979,3881287.936,-0.694546,0.120000,0.120000,2.7778,TRACKING
64.314308,129.087993166667,35.074310333333,508022.257,3881287.388,0.012,-2.682800,route_tangent,528,1.501,2.000,530,508019.979,3881287.936,-0.694546,0.120000,0.120000,2.7778,TRACKING
64.364316,129.087993166667,35.074310333333,508022.257,3881287.388,0.012,-2.682800,route_tangent,528,1.501,2.000,530,508019.979,3881287.936,-0.694546,0.120000,0.120000,2.7778,TRACKING
64.414300,129.087993166667,35.074310333333,508022.257,3881287.388,0.012,-2.682800,route_tangent,528,1.501,2.000,530,508019.979,3881287.936,-0.694546,0.120000,0.120000,2.7778,TRACKING
64.464344,129.087993166667,35.074310333333,508022.257,3881287.388,0.009,-2.682800,route_tangent,528,1.501,2.000,530,508019.979,3881287.936,-0.694546,0.120000,0.120000,2.7778,TRACKING
64.514489,129.087993166667,35.074310333333,508022.257,3881287.388,0.009,-2.682800,route_tangent,528,1.501,2.000,530,508019.979,3881287.936,-0.694546,0.120000,0.120000,2.7778,TRACKING
64.564382,129.087993166667,35.074310333333,508022.257,3881287.388,0.009,-2.682800,route_tangent,528,1.501,2.000,530,508019.979,3881287.936,-0.694546,0.120000,0.120000,2.7778,TRACKING
64.614368,129.087993166667,35.074310333333,508022.257,3881287.388,0.009,-2.682800,route_tangent,528,1.501,2.000,530,508019.979,3881287.936,-0.694546,0.120000,0.120000,2.7778,TRACKING
64.664385,129.087993166667,35.074310333333,508022.257,3881287.388,0.009,-2.682800,route_tangent,528,1.501,2.000,530,508019.979,3881287.936,-0.694546,0.120000,0.120000,2.7778,TRACKING
64.714343,129.087993166667,35.074310333333,508022.257,3881287.388,0.006,-2.682800,route_tangent,528,1.501,2.000,530,508019.979,3881287.936,-0.694546,0.120000,0.120000,2.7778,TRACKING
64.764365,129.087993166667,35.074310333333,508022.257,3881287.388,0.006,-2.682800,route_tangent,528,1.501,2.000,530,508019.979,3881287.936,-0.694546,0.120000,0.120000,2.7778,TRACKING
64.814349,129.087993166667,35.074310333333,508022.257,3881287.388,0.006,-2.682800,route_tangent,528,1.501,2.000,530,508019.979,3881287.936,-0.694546,0.120000,0.120000,2.7778,TRACKING
64.864347,129.087993166667,35.074310333333,508022.257,3881287.388,0.006,-2.682800,route_tangent,528,1.501,2.000,530,508019.979,3881287.936,-0.694546,0.120000,0.120000,2.7778,TRACKING
64.914308,129.087993166667,35.074310333333,508022.257,3881287.388,0.006,-2.682800,route_tangent,528,1.501,2.000,530,508019.979,3881287.936,-0.694546,0.120000,0.120000,2.7778,TRACKING
64.964351,129.087993166667,35.074310333333,508022.257,3881287.388,0.007,-2.682800,route_tangent,528,1.501,2.000,530,508019.979,3881287.936,-0.694546,0.120000,0.120000,2.7778,TRACKING
65.014342,129.087993166667,35.074310333333,508022.257,3881287.388,0.007,-2.682800,route_tangent,528,1.501,2.000,530,508019.979,3881287.936,-0.694546,0.120000,0.120000,2.7778,TRACKING
65.064345,129.087993166667,35.074310333333,508022.257,3881287.388,0.007,-2.682800,route_tangent,528,1.501,2.000,530,508019.979,3881287.936,-0.694546,0.120000,0.120000,2.7778,TRACKING
65.114573,129.087993166667,35.074310333333,508022.257,3881287.388,0.007,-2.682800,route_tangent,528,1.501,2.000,530,508019.979,3881287.936,-0.694546,0.120000,0.120000,2.7778,TRACKING
65.164423,129.087993166667,35.074310333333,508022.257,3881287.388,0.007,-2.682800,route_tangent,528,1.501,2.000,530,508019.979,3881287.936,-0.694546,0.120000,0.120000,2.7778,TRACKING
65.214420,129.087993166667,35.074310333333,508022.257,3881287.388,0.002,-2.682800,route_tangent,528,1.501,2.000,530,508019.979,3881287.936,-0.694546,0.120000,0.120000,2.7778,TRACKING
65.264387,129.087993166667,35.074310333333,508022.257,3881287.388,0.002,-2.682800,route_tangent,528,1.501,2.000,530,508019.979,3881287.936,-0.694546,0.120000,0.120000,2.7778,TRACKING
65.314372,129.087993166667,35.074310333333,508022.257,3881287.388,0.002,-2.682800,route_tangent,528,1.501,2.000,530,508019.979,3881287.936,-0.694546,0.120000,0.120000,2.7778,TRACKING
65.364376,129.087993166667,35.074310333333,508022.257,3881287.388,0.002,-2.682800,route_tangent,528,1.501,2.000,530,508019.979,3881287.936,-0.694546,0.120000,0.120000,2.7778,TRACKING
65.414387,129.087993166667,35.074310333333,508022.257,3881287.388,0.002,-2.682800,route_tangent,528,1.501,2.000,530,508019.979,3881287.936,-0.694546,0.120000,0.120000,2.7778,TRACKING
65.464342,129.087993166667,35.074310333333,508022.257,3881287.388,0.009,-2.682800,route_tangent,528,1.501,2.000,530,508019.979,3881287.936,-0.694546,0.120000,0.120000,2.7778,TRACKING
65.514326,129.087993166667,35.074310333333,508022.257,3881287.388,0.009,-2.682800,route_tangent,528,1.501,2.000,530,508019.979,3881287.936,-0.694546,0.120000,0.120000,2.7778,TRACKING
65.564346,129.087993166667,35.074310333333,508022.257,3881287.388,0.009,-2.682800,route_tangent,528,1.501,2.000,530,508019.979,3881287.936,-0.694546,0.120000,0.120000,2.7778,TRACKING
65.614335,129.087993166667,35.074310333333,508022.257,3881287.388,0.009,-2.682800,route_tangent,528,1.501,2.000,530,508019.979,3881287.936,-0.694546,0.120000,0.120000,2.7778,TRACKING
65.664466,129.087993166667,35.074310333333,508022.257,3881287.388,0.009,-2.682800,route_tangent,528,1.501,2.000,530,508019.979,3881287.936,-0.694546,0.120000,0.120000,2.7778,TRACKING
65.714419,129.087993000000,35.074310333333,508022.242,3881287.388,0.009,-2.682800,route_tangent,528,1.496,2.000,530,508019.979,3881287.936,-0.696076,0.120000,0.120000,2.7778,TRACKING
65.764353,129.087993000000,35.074310333333,508022.242,3881287.388,0.009,-2.682800,route_tangent,528,1.496,2.000,530,508019.979,3881287.936,-0.696076,0.120000,0.120000,2.7778,TRACKING
65.814328,129.087993000000,35.074310333333,508022.242,3881287.388,0.009,-2.682800,route_tangent,528,1.496,2.000,530,508019.979,3881287.936,-0.696076,0.120000,0.120000,2.7778,TRACKING
65.864422,129.087993000000,35.074310333333,508022.242,3881287.388,0.009,-2.682800,route_tangent,528,1.496,2.000,530,508019.979,3881287.936,-0.696076,0.120000,0.120000,2.7778,TRACKING
65.914433,129.087993000000,35.074310333333,508022.242,3881287.388,0.009,-2.682800,route_tangent,528,1.496,2.000,530,508019.979,3881287.936,-0.696076,0.120000,0.120000,2.7778,TRACKING
65.964521,129.087993000000,35.074310333333,508022.242,3881287.388,0.008,-2.682800,route_tangent,528,1.496,2.000,530,508019.979,3881287.936,-0.696076,0.120000,0.120000,2.7778,TRACKING
66.014407,129.087993000000,35.074310333333,508022.242,3881287.388,0.008,-2.682800,route_tangent,528,1.496,2.000,530,508019.979,3881287.936,-0.696076,0.120000,0.120000,2.7778,TRACKING
66.064346,129.087993000000,35.074310333333,508022.242,3881287.388,0.008,-2.682800,route_tangent,528,1.496,2.000,530,508019.979,3881287.936,-0.696076,0.120000,0.120000,2.7778,TRACKING
66.114337,129.087993000000,35.074310333333,508022.242,3881287.388,0.008,-2.682800,route_tangent,528,1.496,2.000,530,508019.979,3881287.936,-0.696076,0.120000,0.120000,2.7778,TRACKING
66.164363,129.087993000000,35.074310333333,508022.242,3881287.388,0.008,-2.682800,route_tangent,528,1.496,2.000,530,508019.979,3881287.936,-0.696076,0.120000,0.120000,2.7778,TRACKING
66.214273,129.087993000000,35.074310333333,508022.242,3881287.388,0.007,-2.682800,route_tangent,528,1.496,2.000,530,508019.979,3881287.936,-0.696076,0.120000,0.120000,2.7778,TRACKING
66.264324,129.087993000000,35.074310333333,508022.242,3881287.388,0.007,-2.682800,route_tangent,528,1.496,2.000,530,508019.979,3881287.936,-0.696076,0.120000,0.120000,2.7778,TRACKING
66.314403,129.087993000000,35.074310333333,508022.242,3881287.388,0.007,-2.682800,route_tangent,528,1.496,2.000,530,508019.979,3881287.936,-0.696076,0.120000,0.120000,2.7778,TRACKING
66.364514,129.087993000000,35.074310333333,508022.242,3881287.388,0.007,-2.682800,route_tangent,528,1.496,2.000,530,508019.979,3881287.936,-0.696076,0.120000,0.120000,2.7778,TRACKING
66.414453,129.087993000000,35.074310333333,508022.242,3881287.388,0.007,-2.682800,route_tangent,528,1.496,2.000,530,508019.979,3881287.936,-0.696076,0.120000,0.120000,2.7778,TRACKING
66.464477,129.087993000000,35.074310166667,508022.242,3881287.370,0.007,-2.682800,route_tangent,528,1.514,2.000,530,508019.979,3881287.936,-0.703775,0.120000,0.120000,2.7778,TRACKING
66.514507,129.087993000000,35.074310166667,508022.242,3881287.370,0.007,-2.682800,route_tangent,528,1.514,2.000,530,508019.979,3881287.936,-0.703775,0.120000,0.120000,2.7778,TRACKING
66.564317,129.087993000000,35.074310166667,508022.242,3881287.370,0.007,-2.682800,route_tangent,528,1.514,2.000,530,508019.979,3881287.936,-0.703775,0.120000,0.120000,2.7778,TRACKING
66.614327,129.087993000000,35.074310166667,508022.242,3881287.370,0.007,-2.682800,route_tangent,528,1.514,2.000,530,508019.979,3881287.936,-0.703775,0.120000,0.120000,2.7778,TRACKING
66.664327,129.087993000000,35.074310166667,508022.242,3881287.370,0.007,-2.682800,route_tangent,528,1.514,2.000,530,508019.979,3881287.936,-0.703775,0.120000,0.120000,2.7778,TRACKING
66.714325,129.087993000000,35.074310166667,508022.242,3881287.370,0.008,-2.682800,route_tangent,528,1.514,2.000,530,508019.979,3881287.936,-0.703775,0.120000,0.120000,2.7778,TRACKING
66.764371,129.087993000000,35.074310166667,508022.242,3881287.370,0.008,-2.682800,route_tangent,528,1.514,2.000,530,508019.979,3881287.936,-0.703775,0.120000,0.120000,2.7778,TRACKING
66.814385,129.087993000000,35.074310166667,508022.242,3881287.370,0.008,-2.682800,route_tangent,528,1.514,2.000,530,508019.979,3881287.936,-0.703775,0.120000,0.120000,2.7778,TRACKING
66.864340,129.087993000000,35.074310166667,508022.242,3881287.370,0.008,-2.682800,route_tangent,528,1.514,2.000,530,508019.979,3881287.936,-0.703775,0.120000,0.120000,2.7778,TRACKING
66.914358,129.087993000000,35.074310166667,508022.242,3881287.370,0.008,-2.682800,route_tangent,528,1.514,2.000,530,508019.979,3881287.936,-0.703775,0.120000,0.120000,2.7778,TRACKING
66.964401,129.087993000000,35.074310166667,508022.242,3881287.370,0.006,-2.682800,route_tangent,528,1.514,2.000,530,508019.979,3881287.936,-0.703775,0.120000,0.120000,2.7778,TRACKING
67.014293,129.087993000000,35.074310166667,508022.242,3881287.370,0.006,-2.682800,route_tangent,528,1.514,2.000,530,508019.979,3881287.936,-0.703775,0.120000,0.120000,2.7778,TRACKING
67.064309,129.087993000000,35.074310166667,508022.242,3881287.370,0.006,-2.682800,route_tangent,528,1.514,2.000,530,508019.979,3881287.936,-0.703775,0.120000,0.120000,2.7778,TRACKING
67.114335,129.087993000000,35.074310166667,508022.242,3881287.370,0.006,-2.682800,route_tangent,528,1.514,2.000,530,508019.979,3881287.936,-0.703775,0.120000,0.120000,2.7778,TRACKING
67.164378,129.087993000000,35.074310166667,508022.242,3881287.370,0.006,-2.682800,route_tangent,528,1.514,2.000,530,508019.979,3881287.936,-0.703775,0.120000,0.120000,2.7778,TRACKING
67.214377,129.087993000000,35.074310166667,508022.242,3881287.370,0.006,-2.682800,route_tangent,528,1.514,2.000,530,508019.979,3881287.936,-0.703775,0.120000,0.120000,2.7778,TRACKING
67.264372,129.087993000000,35.074310166667,508022.242,3881287.370,0.005,-2.682800,route_tangent,528,1.514,2.000,530,508019.979,3881287.936,-0.703775,0.120000,0.120000,2.7778,TRACKING
67.314365,129.087993000000,35.074310166667,508022.242,3881287.370,0.005,-2.682800,route_tangent,528,1.514,2.000,530,508019.979,3881287.936,-0.703775,0.120000,0.120000,2.7778,TRACKING
67.364377,129.087993000000,35.074310166667,508022.242,3881287.370,0.005,-2.682800,route_tangent,528,1.514,2.000,530,508019.979,3881287.936,-0.703775,0.120000,0.120000,2.7778,TRACKING
67.414363,129.087993000000,35.074310166667,508022.242,3881287.370,0.005,-2.682800,route_tangent,528,1.514,2.000,530,508019.979,3881287.936,-0.703775,0.120000,0.120000,2.7778,TRACKING
67.464352,129.087993000000,35.074310166667,508022.242,3881287.370,0.004,-2.682800,route_tangent,528,1.514,2.000,530,508019.979,3881287.936,-0.703775,0.120000,0.120000,2.7778,TRACKING
67.514391,129.087993000000,35.074310166667,508022.242,3881287.370,0.004,-2.682800,route_tangent,528,1.514,2.000,530,508019.979,3881287.936,-0.703775,0.120000,0.120000,2.7778,TRACKING
67.564373,129.087993000000,35.074310166667,508022.242,3881287.370,0.004,-2.682800,route_tangent,528,1.514,2.000,530,508019.979,3881287.936,-0.703775,0.120000,0.120000,2.7778,TRACKING
67.614340,129.087993000000,35.074310166667,508022.242,3881287.370,0.004,-2.682800,route_tangent,528,1.514,2.000,530,508019.979,3881287.936,-0.703775,0.120000,0.120000,2.7778,TRACKING
67.664328,129.087993000000,35.074310166667,508022.242,3881287.370,0.004,-2.682800,route_tangent,528,1.514,2.000,530,508019.979,3881287.936,-0.703775,0.120000,0.120000,2.7778,TRACKING
67.714302,129.087993000000,35.074310166667,508022.242,3881287.370,0.005,-2.682800,route_tangent,528,1.514,2.000,530,508019.979,3881287.936,-0.703775,0.120000,0.120000,2.7778,TRACKING
67.764326,129.087993000000,35.074310166667,508022.242,3881287.370,0.005,-2.682800,route_tangent,528,1.514,2.000,530,508019.979,3881287.936,-0.703775,0.120000,0.120000,2.7778,TRACKING
67.814312,129.087993000000,35.074310166667,508022.242,3881287.370,0.005,-2.682800,route_tangent,528,1.514,2.000,530,508019.979,3881287.936,-0.703775,0.120000,0.120000,2.7778,TRACKING
67.864304,129.087993000000,35.074310166667,508022.242,3881287.370,0.005,-2.682800,route_tangent,528,1.514,2.000,530,508019.979,3881287.936,-0.703775,0.120000,0.120000,2.7778,TRACKING
67.914324,129.087993000000,35.074310166667,508022.242,3881287.370,0.005,-2.682800,route_tangent,528,1.514,2.000,530,508019.979,3881287.936,-0.703775,0.120000,0.120000,2.7778,TRACKING
67.964390,129.087993000000,35.074310166667,508022.242,3881287.370,0.007,-2.682800,route_tangent,528,1.514,2.000,530,508019.979,3881287.936,-0.703775,0.120000,0.120000,2.7778,TRACKING
68.014387,129.087993000000,35.074310166667,508022.242,3881287.370,0.007,-2.682800,route_tangent,528,1.514,2.000,530,508019.979,3881287.936,-0.703775,0.120000,0.120000,2.7778,TRACKING
68.064342,129.087993000000,35.074310166667,508022.242,3881287.370,0.007,-2.682800,route_tangent,528,1.514,2.000,530,508019.979,3881287.936,-0.703775,0.120000,0.120000,2.7778,TRACKING
68.114350,129.087993000000,35.074310166667,508022.242,3881287.370,0.007,-2.682800,route_tangent,528,1.514,2.000,530,508019.979,3881287.936,-0.703775,0.120000,0.120000,2.7778,TRACKING
68.164391,129.087993000000,35.074310166667,508022.242,3881287.370,0.007,-2.682800,route_tangent,528,1.514,2.000,530,508019.979,3881287.936,-0.703775,0.120000,0.120000,2.7778,TRACKING
68.214499,129.087993000000,35.074310166667,508022.242,3881287.370,0.008,-2.682800,route_tangent,528,1.514,2.000,530,508019.979,3881287.936,-0.703775,0.120000,0.120000,2.7778,TRACKING
68.264424,129.087993000000,35.074310166667,508022.242,3881287.370,0.008,-2.682800,route_tangent,528,1.514,2.000,530,508019.979,3881287.936,-0.703775,0.120000,0.120000,2.7778,TRACKING
68.314339,129.087993000000,35.074310166667,508022.242,3881287.370,0.008,-2.682800,route_tangent,528,1.514,2.000,530,508019.979,3881287.936,-0.703775,0.120000,0.120000,2.7778,TRACKING
68.364330,129.087993000000,35.074310166667,508022.242,3881287.370,0.008,-2.682800,route_tangent,528,1.514,2.000,530,508019.979,3881287.936,-0.703775,0.120000,0.120000,2.7778,TRACKING
68.414393,129.087993000000,35.074310166667,508022.242,3881287.370,0.008,-2.682800,route_tangent,528,1.514,2.000,530,508019.979,3881287.936,-0.703775,0.120000,0.120000,2.7778,TRACKING
68.464339,129.087993000000,35.074310166667,508022.242,3881287.370,0.008,-2.682800,route_tangent,528,1.514,2.000,530,508019.979,3881287.936,-0.703775,0.120000,0.120000,2.7778,TRACKING
68.514358,129.087993000000,35.074310166667,508022.242,3881287.370,0.008,-2.682800,route_tangent,528,1.514,2.000,530,508019.979,3881287.936,-0.703775,0.120000,0.120000,2.7778,TRACKING
68.564343,129.087993000000,35.074310166667,508022.242,3881287.370,0.008,-2.682800,route_tangent,528,1.514,2.000,530,508019.979,3881287.936,-0.703775,0.120000,0.120000,2.7778,TRACKING
68.614432,129.087993000000,35.074310166667,508022.242,3881287.370,0.008,-2.682800,route_tangent,528,1.514,2.000,530,508019.979,3881287.936,-0.703775,0.120000,0.120000,2.7778,TRACKING
68.664342,129.087993000000,35.074310166667,508022.242,3881287.370,0.008,-2.682800,route_tangent,528,1.514,2.000,530,508019.979,3881287.936,-0.703775,0.120000,0.120000,2.7778,TRACKING
68.714368,129.087993000000,35.074310166667,508022.242,3881287.370,0.009,-2.682800,route_tangent,528,1.514,2.000,530,508019.979,3881287.936,-0.703775,0.120000,0.120000,2.7778,TRACKING
68.764351,129.087993000000,35.074310166667,508022.242,3881287.370,0.009,-2.682800,route_tangent,528,1.514,2.000,530,508019.979,3881287.936,-0.703775,0.120000,0.120000,2.7778,TRACKING
68.814339,129.087993000000,35.074310166667,508022.242,3881287.370,0.009,-2.682800,route_tangent,528,1.514,2.000,530,508019.979,3881287.936,-0.703775,0.120000,0.120000,2.7778,TRACKING
68.864365,129.087993000000,35.074310166667,508022.242,3881287.370,0.009,-2.682800,route_tangent,528,1.514,2.000,530,508019.979,3881287.936,-0.703775,0.120000,0.120000,2.7778,TRACKING
68.914331,129.087993000000,35.074310166667,508022.242,3881287.370,0.009,-2.682800,route_tangent,528,1.514,2.000,530,508019.979,3881287.936,-0.703775,0.120000,0.120000,2.7778,TRACKING
68.964403,129.087993000000,35.074310166667,508022.242,3881287.370,0.010,-2.682800,route_tangent,528,1.514,2.000,530,508019.979,3881287.936,-0.703775,0.120000,0.120000,2.7778,TRACKING
69.014329,129.087993000000,35.074310166667,508022.242,3881287.370,0.010,-2.682800,route_tangent,528,1.514,2.000,530,508019.979,3881287.936,-0.703775,0.120000,0.120000,2.7778,TRACKING
69.064411,129.087993000000,35.074310166667,508022.242,3881287.370,0.010,-2.682800,route_tangent,528,1.514,2.000,530,508019.979,3881287.936,-0.703775,0.120000,0.120000,2.7778,TRACKING
69.114364,129.087993000000,35.074310166667,508022.242,3881287.370,0.010,-2.682800,route_tangent,528,1.514,2.000,530,508019.979,3881287.936,-0.703775,0.120000,0.120000,2.7778,TRACKING
69.164371,129.087993000000,35.074310166667,508022.242,3881287.370,0.010,-2.682800,route_tangent,528,1.514,2.000,530,508019.979,3881287.936,-0.703775,0.120000,0.120000,2.7778,TRACKING
69.214590,129.087993000000,35.074310166667,508022.242,3881287.370,0.010,-2.682800,route_tangent,528,1.514,2.000,530,508019.979,3881287.936,-0.703775,0.120000,0.120000,2.7778,TRACKING
69.264483,129.087993000000,35.074310166667,508022.242,3881287.370,0.009,-2.682800,route_tangent,528,1.514,2.000,530,508019.979,3881287.936,-0.703775,0.120000,0.120000,2.7778,TRACKING
69.314398,129.087993000000,35.074310166667,508022.242,3881287.370,0.009,-2.682800,route_tangent,528,1.514,2.000,530,508019.979,3881287.936,-0.703775,0.120000,0.120000,2.7778,TRACKING
69.364406,129.087993000000,35.074310166667,508022.242,3881287.370,0.009,-2.682800,route_tangent,528,1.514,2.000,530,508019.979,3881287.936,-0.703775,0.120000,0.120000,2.7778,TRACKING
69.414588,129.087993000000,35.074310166667,508022.242,3881287.370,0.009,-2.682800,route_tangent,528,1.514,2.000,530,508019.979,3881287.936,-0.703775,0.120000,0.120000,2.7778,TRACKING
69.464739,129.087993000000,35.074310166667,508022.242,3881287.370,0.006,-2.682800,route_tangent,528,1.514,2.000,530,508019.979,3881287.936,-0.703775,0.120000,0.120000,2.7778,TRACKING
69.514359,129.087993000000,35.074310166667,508022.242,3881287.370,0.006,-2.682800,route_tangent,528,1.514,2.000,530,508019.979,3881287.936,-0.703775,0.120000,0.120000,2.7778,TRACKING
69.564325,129.087993000000,35.074310166667,508022.242,3881287.370,0.006,-2.682800,route_tangent,528,1.514,2.000,530,508019.979,3881287.936,-0.703775,0.120000,0.120000,2.7778,TRACKING
69.614418,129.087993000000,35.074310166667,508022.242,3881287.370,0.006,-2.682800,route_tangent,528,1.514,2.000,530,508019.979,3881287.936,-0.703775,0.120000,0.120000,2.7778,TRACKING
69.664376,129.087993000000,35.074310166667,508022.242,3881287.370,0.006,-2.682800,route_tangent,528,1.514,2.000,530,508019.979,3881287.936,-0.703775,0.120000,0.120000,2.7778,TRACKING
69.714381,129.087993000000,35.074310166667,508022.242,3881287.370,0.009,-2.682800,route_tangent,528,1.514,2.000,530,508019.979,3881287.936,-0.703775,0.120000,0.120000,2.7778,TRACKING
69.764333,129.087993000000,35.074310166667,508022.242,3881287.370,0.009,-2.682800,route_tangent,528,1.514,2.000,530,508019.979,3881287.936,-0.703775,0.120000,0.120000,2.7778,TRACKING
69.814327,129.087993000000,35.074310166667,508022.242,3881287.370,0.009,-2.682800,route_tangent,528,1.514,2.000,530,508019.979,3881287.936,-0.703775,0.120000,0.120000,2.7778,TRACKING
69.864320,129.087993000000,35.074310166667,508022.242,3881287.370,0.009,-2.682800,route_tangent,528,1.514,2.000,530,508019.979,3881287.936,-0.703775,0.120000,0.120000,2.7778,TRACKING
69.914380,129.087993000000,35.074310166667,508022.242,3881287.370,0.009,-2.682800,route_tangent,528,1.514,2.000,530,508019.979,3881287.936,-0.703775,0.120000,0.120000,2.7778,TRACKING
69.964330,129.087993000000,35.074310166667,508022.242,3881287.370,0.003,-2.682800,route_tangent,528,1.514,2.000,530,508019.979,3881287.936,-0.703775,0.120000,0.120000,2.7778,TRACKING
70.014403,129.087993000000,35.074310166667,508022.242,3881287.370,0.003,-2.682800,route_tangent,528,1.514,2.000,530,508019.979,3881287.936,-0.703775,0.120000,0.120000,2.7778,TRACKING
70.064365,129.087993000000,35.074310166667,508022.242,3881287.370,0.003,-2.682800,route_tangent,528,1.514,2.000,530,508019.979,3881287.936,-0.703775,0.120000,0.120000,2.7778,TRACKING
70.114377,129.087993000000,35.074310166667,508022.242,3881287.370,0.003,-2.682800,route_tangent,528,1.514,2.000,530,508019.979,3881287.936,-0.703775,0.120000,0.120000,2.7778,TRACKING
70.164350,129.087993000000,35.074310166667,508022.242,3881287.370,0.003,-2.682800,route_tangent,528,1.514,2.000,530,508019.979,3881287.936,-0.703775,0.120000,0.120000,2.7778,TRACKING
70.214424,129.087993000000,35.074310166667,508022.242,3881287.370,0.008,-2.682800,route_tangent,528,1.514,2.000,530,508019.979,3881287.936,-0.703775,0.120000,0.120000,2.7778,TRACKING
70.264333,129.087993000000,35.074310166667,508022.242,3881287.370,0.008,-2.682800,route_tangent,528,1.514,2.000,530,508019.979,3881287.936,-0.703775,0.120000,0.120000,2.7778,TRACKING
70.314434,129.087993000000,35.074310166667,508022.242,3881287.370,0.008,-2.682800,route_tangent,528,1.514,2.000,530,508019.979,3881287.936,-0.703775,0.120000,0.120000,2.7778,TRACKING
70.364399,129.087993000000,35.074310166667,508022.242,3881287.370,0.008,-2.682800,route_tangent,528,1.514,2.000,530,508019.979,3881287.936,-0.703775,0.120000,0.120000,2.7778,TRACKING
70.414340,129.087993000000,35.074310166667,508022.242,3881287.370,0.008,-2.682800,route_tangent,528,1.514,2.000,530,508019.979,3881287.936,-0.703775,0.120000,0.120000,2.7778,TRACKING
70.464343,129.087993000000,35.074310166667,508022.242,3881287.370,0.005,-2.682800,route_tangent,528,1.514,2.000,530,508019.979,3881287.936,-0.703775,0.120000,0.120000,2.7778,TRACKING
70.514329,129.087993000000,35.074310166667,508022.242,3881287.370,0.005,-2.682800,route_tangent,528,1.514,2.000,530,508019.979,3881287.936,-0.703775,0.120000,0.120000,2.7778,TRACKING
70.564330,129.087993000000,35.074310166667,508022.242,3881287.370,0.005,-2.682800,route_tangent,528,1.514,2.000,530,508019.979,3881287.936,-0.703775,0.120000,0.120000,2.7778,TRACKING
70.614328,129.087993000000,35.074310166667,508022.242,3881287.370,0.005,-2.682800,route_tangent,528,1.514,2.000,530,508019.979,3881287.936,-0.703775,0.120000,0.120000,2.7778,TRACKING
70.664324,129.087993000000,35.074310166667,508022.242,3881287.370,0.005,-2.682800,route_tangent,528,1.514,2.000,530,508019.979,3881287.936,-0.703775,0.120000,0.120000,2.7778,TRACKING
70.714337,129.087993000000,35.074310000000,508022.242,3881287.351,0.011,-2.682800,route_tangent,528,1.532,2.000,530,508019.979,3881287.936,-0.711445,0.120000,0.120000,2.7778,TRACKING
70.764357,129.087993000000,35.074310000000,508022.242,3881287.351,0.011,-2.682800,route_tangent,528,1.532,2.000,530,508019.979,3881287.936,-0.711445,0.120000,0.120000,2.7778,TRACKING
70.814361,129.087993000000,35.074310000000,508022.242,3881287.351,0.011,-2.682800,route_tangent,528,1.532,2.000,530,508019.979,3881287.936,-0.711445,0.120000,0.120000,2.7778,TRACKING
70.864333,129.087993000000,35.074310000000,508022.242,3881287.351,0.011,-2.682800,route_tangent,528,1.532,2.000,530,508019.979,3881287.936,-0.711445,0.120000,0.120000,2.7778,TRACKING
70.914318,129.087993000000,35.074310000000,508022.242,3881287.351,0.011,-2.682800,route_tangent,528,1.532,2.000,530,508019.979,3881287.936,-0.711445,0.120000,0.120000,2.7778,TRACKING
70.964576,129.087992833333,35.074310000000,508022.227,3881287.351,0.013,-2.682800,route_tangent,528,1.527,2.000,530,508019.979,3881287.936,-0.713086,0.120000,0.120000,2.7778,TRACKING
71.014392,129.087992833333,35.074310000000,508022.227,3881287.351,0.013,-2.682800,route_tangent,528,1.527,2.000,530,508019.979,3881287.936,-0.713086,0.120000,0.120000,2.7778,TRACKING
71.064387,129.087992833333,35.074310000000,508022.227,3881287.351,0.013,-2.682800,route_tangent,528,1.527,2.000,530,508019.979,3881287.936,-0.713086,0.120000,0.120000,2.7778,TRACKING
71.114340,129.087992833333,35.074310000000,508022.227,3881287.351,0.013,-2.682800,route_tangent,528,1.527,2.000,530,508019.979,3881287.936,-0.713086,0.120000,0.120000,2.7778,TRACKING
71.164341,129.087992833333,35.074310000000,508022.227,3881287.351,0.013,-2.682800,route_tangent,528,1.527,2.000,530,508019.979,3881287.936,-0.713086,0.120000,0.120000,2.7778,TRACKING
71.214381,129.087992833333,35.074310000000,508022.227,3881287.351,0.013,-2.682800,route_tangent,528,1.527,2.000,530,508019.979,3881287.936,-0.713086,0.120000,0.120000,2.7778,TRACKING
71.264333,129.087992833333,35.074310000000,508022.227,3881287.351,0.014,-2.682800,route_tangent,528,1.527,2.000,530,508019.979,3881287.936,-0.713086,0.120000,0.120000,2.7778,TRACKING
71.314298,129.087992833333,35.074310000000,508022.227,3881287.351,0.014,-2.682800,route_tangent,528,1.527,2.000,530,508019.979,3881287.936,-0.713086,0.120000,0.120000,2.7778,TRACKING
71.364337,129.087992833333,35.074310000000,508022.227,3881287.351,0.014,-2.682800,route_tangent,528,1.527,2.000,530,508019.979,3881287.936,-0.713086,0.120000,0.120000,2.7778,TRACKING
71.414340,129.087992833333,35.074310000000,508022.227,3881287.351,0.014,-2.682800,route_tangent,528,1.527,2.000,530,508019.979,3881287.936,-0.713086,0.120000,0.120000,2.7778,TRACKING
71.464341,129.087992833333,35.074310000000,508022.227,3881287.351,0.019,-2.682800,route_tangent,528,1.527,2.000,530,508019.979,3881287.936,-0.713086,0.120000,0.120000,2.7778,TRACKING
71.514324,129.087992833333,35.074310000000,508022.227,3881287.351,0.019,-2.682800,route_tangent,528,1.527,2.000,530,508019.979,3881287.936,-0.713086,0.120000,0.120000,2.7778,TRACKING
71.564378,129.087992833333,35.074310000000,508022.227,3881287.351,0.019,-2.682800,route_tangent,528,1.527,2.000,530,508019.979,3881287.936,-0.713086,0.120000,0.120000,2.7778,TRACKING
71.614361,129.087992833333,35.074310000000,508022.227,3881287.351,0.019,-2.682800,route_tangent,528,1.527,2.000,530,508019.979,3881287.936,-0.713086,0.120000,0.120000,2.7778,TRACKING
71.664306,129.087992833333,35.074310000000,508022.227,3881287.351,0.019,-2.682800,route_tangent,528,1.527,2.000,530,508019.979,3881287.936,-0.713086,0.120000,0.120000,2.7778,TRACKING
71.714428,129.087992833333,35.074310000000,508022.227,3881287.351,0.004,-2.682800,route_tangent,528,1.527,2.000,530,508019.979,3881287.936,-0.713086,0.120000,0.120000,2.7778,TRACKING
71.764392,129.087992833333,35.074310000000,508022.227,3881287.351,0.004,-2.682800,route_tangent,528,1.527,2.000,530,508019.979,3881287.936,-0.713086,0.120000,0.120000,2.7778,TRACKING
71.814355,129.087992833333,35.074310000000,508022.227,3881287.351,0.004,-2.682800,route_tangent,528,1.527,2.000,530,508019.979,3881287.936,-0.713086,0.120000,0.120000,2.7778,TRACKING
71.864356,129.087992833333,35.074310000000,508022.227,3881287.351,0.004,-2.682800,route_tangent,528,1.527,2.000,530,508019.979,3881287.936,-0.713086,0.120000,0.120000,2.7778,TRACKING
71.914483,129.087992833333,35.074310000000,508022.227,3881287.351,0.004,-2.682800,route_tangent,528,1.527,2.000,530,508019.979,3881287.936,-0.713086,0.120000,0.120000,2.7778,TRACKING
71.964372,129.087992833333,35.074310000000,508022.227,3881287.351,0.004,-2.682800,route_tangent,528,1.527,2.000,530,508019.979,3881287.936,-0.713086,0.120000,0.120000,2.7778,TRACKING
72.014389,129.087992833333,35.074310000000,508022.227,3881287.351,0.004,-2.682800,route_tangent,528,1.527,2.000,530,508019.979,3881287.936,-0.713086,0.120000,0.120000,2.7778,TRACKING
72.064322,129.087992833333,35.074310000000,508022.227,3881287.351,0.004,-2.682800,route_tangent,528,1.527,2.000,530,508019.979,3881287.936,-0.713086,0.120000,0.120000,2.7778,TRACKING
72.114333,129.087992833333,35.074310000000,508022.227,3881287.351,0.004,-2.682800,route_tangent,528,1.527,2.000,530,508019.979,3881287.936,-0.713086,0.120000,0.120000,2.7778,TRACKING
72.164439,129.087992833333,35.074310000000,508022.227,3881287.351,0.004,-2.682800,route_tangent,528,1.527,2.000,530,508019.979,3881287.936,-0.713086,0.120000,0.120000,2.7778,TRACKING
72.214430,129.087992833333,35.074310000000,508022.227,3881287.351,0.003,-2.682800,route_tangent,528,1.527,2.000,530,508019.979,3881287.936,-0.713086,0.120000,0.120000,2.7778,TRACKING
72.264614,129.087992833333,35.074310000000,508022.227,3881287.351,0.003,-2.682800,route_tangent,528,1.527,2.000,530,508019.979,3881287.936,-0.713086,0.120000,0.120000,2.7778,TRACKING
72.314637,129.087992833333,35.074310000000,508022.227,3881287.351,0.003,-2.682800,route_tangent,528,1.527,2.000,530,508019.979,3881287.936,-0.713086,0.120000,0.120000,2.7778,TRACKING
72.364389,129.087992833333,35.074310000000,508022.227,3881287.351,0.003,-2.682800,route_tangent,528,1.527,2.000,530,508019.979,3881287.936,-0.713086,0.120000,0.120000,2.7778,TRACKING
72.414569,129.087992833333,35.074310000000,508022.227,3881287.351,0.003,-2.682800,route_tangent,528,1.527,2.000,530,508019.979,3881287.936,-0.713086,0.120000,0.120000,2.7778,TRACKING
72.464424,129.087992833333,35.074310000000,508022.227,3881287.351,0.008,-2.682800,route_tangent,528,1.527,2.000,530,508019.979,3881287.936,-0.713086,0.120000,0.120000,2.7778,TRACKING
72.514397,129.087992833333,35.074310000000,508022.227,3881287.351,0.008,-2.682800,route_tangent,528,1.527,2.000,530,508019.979,3881287.936,-0.713086,0.120000,0.120000,2.7778,TRACKING
72.564500,129.087992833333,35.074310000000,508022.227,3881287.351,0.008,-2.682800,route_tangent,528,1.527,2.000,530,508019.979,3881287.936,-0.713086,0.120000,0.120000,2.7778,TRACKING
72.614335,129.087992833333,35.074310000000,508022.227,3881287.351,0.008,-2.682800,route_tangent,528,1.527,2.000,530,508019.979,3881287.936,-0.713086,0.120000,0.120000,2.7778,TRACKING
72.664719,129.087992833333,35.074310000000,508022.227,3881287.351,0.008,-2.682800,route_tangent,528,1.527,2.000,530,508019.979,3881287.936,-0.713086,0.120000,0.120000,2.7778,TRACKING
72.714654,129.087992833333,35.074310000000,508022.227,3881287.351,0.008,-2.682800,route_tangent,528,1.527,2.000,530,508019.979,3881287.936,-0.713086,0.120000,0.120000,2.7778,TRACKING
72.764635,129.087992833333,35.074310000000,508022.227,3881287.351,0.008,-2.682800,route_tangent,528,1.527,2.000,530,508019.979,3881287.936,-0.713086,0.120000,0.120000,2.7778,TRACKING
72.814469,129.087992833333,35.074310000000,508022.227,3881287.351,0.008,-2.682800,route_tangent,528,1.527,2.000,530,508019.979,3881287.936,-0.713086,0.120000,0.120000,2.7778,TRACKING
72.864710,129.087992833333,35.074310000000,508022.227,3881287.351,0.008,-2.682800,route_tangent,528,1.527,2.000,530,508019.979,3881287.936,-0.713086,0.120000,0.120000,2.7778,TRACKING
72.914471,129.087992833333,35.074310000000,508022.227,3881287.351,0.008,-2.682800,route_tangent,528,1.527,2.000,530,508019.979,3881287.936,-0.713086,0.120000,0.120000,2.7778,TRACKING
72.964616,129.087992833333,35.074309833333,508022.227,3881287.333,0.008,-2.682800,route_tangent,528,1.545,2.000,530,508019.979,3881287.936,-0.720770,0.120000,0.120000,2.7778,TRACKING
73.014511,129.087992833333,35.074309833333,508022.227,3881287.333,0.008,-2.682800,route_tangent,528,1.545,2.000,530,508019.979,3881287.936,-0.720770,0.120000,0.120000,2.7778,TRACKING
73.064434,129.087992833333,35.074309833333,508022.227,3881287.333,0.008,-2.682800,route_tangent,528,1.545,2.000,530,508019.979,3881287.936,-0.720770,0.120000,0.120000,2.7778,TRACKING
73.114681,129.087992833333,35.074309833333,508022.227,3881287.333,0.008,-2.682800,route_tangent,528,1.545,2.000,530,508019.979,3881287.936,-0.720770,0.120000,0.120000,2.7778,TRACKING
73.164351,129.087992833333,35.074309833333,508022.227,3881287.333,0.008,-2.682800,route_tangent,528,1.545,2.000,530,508019.979,3881287.936,-0.720770,0.120000,0.120000,2.7778,TRACKING
73.214558,129.087992833333,35.074309833333,508022.227,3881287.333,0.008,-2.682800,route_tangent,528,1.545,2.000,530,508019.979,3881287.936,-0.720770,0.120000,0.120000,2.7778,TRACKING
73.264327,129.087992833333,35.074309833333,508022.227,3881287.333,0.008,-2.682800,route_tangent,528,1.545,2.000,530,508019.979,3881287.936,-0.720770,0.120000,0.120000,2.7778,TRACKING
73.314349,129.087992833333,35.074309833333,508022.227,3881287.333,0.008,-2.682800,route_tangent,528,1.545,2.000,530,508019.979,3881287.936,-0.720770,0.120000,0.120000,2.7778,TRACKING
73.364350,129.087992833333,35.074309833333,508022.227,3881287.333,0.008,-2.682800,route_tangent,528,1.545,2.000,530,508019.979,3881287.936,-0.720770,0.120000,0.120000,2.7778,TRACKING
73.414356,129.087992833333,35.074309833333,508022.227,3881287.333,0.008,-2.682800,route_tangent,528,1.545,2.000,530,508019.979,3881287.936,-0.720770,0.120000,0.120000,2.7778,TRACKING
73.464528,129.087992833333,35.074310000000,508022.227,3881287.351,0.019,-2.682800,route_tangent,528,1.527,2.000,530,508019.979,3881287.936,-0.713086,0.120000,0.120000,2.7778,TRACKING
73.514293,129.087992833333,35.074310000000,508022.227,3881287.351,0.019,-2.682800,route_tangent,528,1.527,2.000,530,508019.979,3881287.936,-0.713086,0.120000,0.120000,2.7778,TRACKING
73.564330,129.087992833333,35.074310000000,508022.227,3881287.351,0.019,-2.682800,route_tangent,528,1.527,2.000,530,508019.979,3881287.936,-0.713086,0.120000,0.120000,2.7778,TRACKING
73.614337,129.087992833333,35.074310000000,508022.227,3881287.351,0.019,-2.682800,route_tangent,528,1.527,2.000,530,508019.979,3881287.936,-0.713086,0.120000,0.120000,2.7778,TRACKING
73.664341,129.087992833333,35.074310000000,508022.227,3881287.351,0.019,-2.682800,route_tangent,528,1.527,2.000,530,508019.979,3881287.936,-0.713086,0.120000,0.120000,2.7778,TRACKING
73.714673,129.087992833333,35.074310000000,508022.227,3881287.351,0.010,-2.682800,route_tangent,528,1.527,2.000,530,508019.979,3881287.936,-0.713086,0.120000,0.120000,2.7778,TRACKING
73.764330,129.087992833333,35.074310000000,508022.227,3881287.351,0.010,-2.682800,route_tangent,528,1.527,2.000,530,508019.979,3881287.936,-0.713086,0.120000,0.120000,2.7778,TRACKING
73.814313,129.087992833333,35.074310000000,508022.227,3881287.351,0.010,-2.682800,route_tangent,528,1.527,2.000,530,508019.979,3881287.936,-0.713086,0.120000,0.120000,2.7778,TRACKING
73.864316,129.087992833333,35.074310000000,508022.227,3881287.351,0.010,-2.682800,route_tangent,528,1.527,2.000,530,508019.979,3881287.936,-0.713086,0.120000,0.120000,2.7778,TRACKING
73.914296,129.087992833333,35.074310000000,508022.227,3881287.351,0.010,-2.682800,route_tangent,528,1.527,2.000,530,508019.979,3881287.936,-0.713086,0.120000,0.120000,2.7778,TRACKING
73.964960,129.087992833333,35.074310000000,508022.227,3881287.351,0.008,-2.682800,route_tangent,528,1.527,2.000,530,508019.979,3881287.936,-0.713086,0.120000,0.120000,2.7778,TRACKING
74.014334,129.087992833333,35.074310000000,508022.227,3881287.351,0.008,-2.682800,route_tangent,528,1.527,2.000,530,508019.979,3881287.936,-0.713086,0.120000,0.120000,2.7778,TRACKING
74.064309,129.087992833333,35.074310000000,508022.227,3881287.351,0.008,-2.682800,route_tangent,528,1.527,2.000,530,508019.979,3881287.936,-0.713086,0.120000,0.120000,2.7778,TRACKING
74.114291,129.087992833333,35.074310000000,508022.227,3881287.351,0.008,-2.682800,route_tangent,528,1.527,2.000,530,508019.979,3881287.936,-0.713086,0.120000,0.120000,2.7778,TRACKING
74.164391,129.087992833333,35.074310000000,508022.227,3881287.351,0.008,-2.682800,route_tangent,528,1.527,2.000,530,508019.979,3881287.936,-0.713086,0.120000,0.120000,2.7778,TRACKING
74.214334,129.087992833333,35.074310000000,508022.227,3881287.351,0.003,-2.682800,route_tangent,528,1.527,2.000,530,508019.979,3881287.936,-0.713086,0.120000,0.120000,2.7778,TRACKING
74.264372,129.087992833333,35.074310000000,508022.227,3881287.351,0.003,-2.682800,route_tangent,528,1.527,2.000,530,508019.979,3881287.936,-0.713086,0.120000,0.120000,2.7778,TRACKING
74.314307,129.087992833333,35.074310000000,508022.227,3881287.351,0.003,-2.682800,route_tangent,528,1.527,2.000,530,508019.979,3881287.936,-0.713086,0.120000,0.120000,2.7778,TRACKING
74.364303,129.087992833333,35.074310000000,508022.227,3881287.351,0.003,-2.682800,route_tangent,528,1.527,2.000,530,508019.979,3881287.936,-0.713086,0.120000,0.120000,2.7778,TRACKING
74.414337,129.087992833333,35.074310000000,508022.227,3881287.351,0.003,-2.682800,route_tangent,528,1.527,2.000,530,508019.979,3881287.936,-0.713086,0.120000,0.120000,2.7778,TRACKING
74.464323,129.087992833333,35.074309833333,508022.227,3881287.333,0.003,-2.682800,route_tangent,528,1.545,2.000,530,508019.979,3881287.936,-0.720770,0.120000,0.120000,2.7778,TRACKING
74.514382,129.087992833333,35.074309833333,508022.227,3881287.333,0.003,-2.682800,route_tangent,528,1.545,2.000,530,508019.979,3881287.936,-0.720770,0.120000,0.120000,2.7778,TRACKING
74.564354,129.087992833333,35.074309833333,508022.227,3881287.333,0.003,-2.682800,route_tangent,528,1.545,2.000,530,508019.979,3881287.936,-0.720770,0.120000,0.120000,2.7778,TRACKING
74.614400,129.087992833333,35.074309833333,508022.227,3881287.333,0.003,-2.682800,route_tangent,528,1.545,2.000,530,508019.979,3881287.936,-0.720770,0.120000,0.120000,2.7778,TRACKING
74.664498,129.087992833333,35.074309833333,508022.227,3881287.333,0.003,-2.682800,route_tangent,528,1.545,2.000,530,508019.979,3881287.936,-0.720770,0.120000,0.120000,2.7778,TRACKING
74.714377,129.087992833333,35.074309833333,508022.227,3881287.333,0.003,-2.682800,route_tangent,528,1.545,2.000,530,508019.979,3881287.936,-0.720770,0.120000,0.120000,2.7778,TRACKING
74.764309,129.087992833333,35.074309833333,508022.227,3881287.333,0.003,-2.682800,route_tangent,528,1.545,2.000,530,508019.979,3881287.936,-0.720770,0.120000,0.120000,2.7778,TRACKING
74.814329,129.087992833333,35.074309833333,508022.227,3881287.333,0.003,-2.682800,route_tangent,528,1.545,2.000,530,508019.979,3881287.936,-0.720770,0.120000,0.120000,2.7778,TRACKING
74.864308,129.087992833333,35.074309833333,508022.227,3881287.333,0.003,-2.682800,route_tangent,528,1.545,2.000,530,508019.979,3881287.936,-0.720770,0.120000,0.120000,2.7778,TRACKING
74.914344,129.087992833333,35.074309833333,508022.227,3881287.333,0.003,-2.682800,route_tangent,528,1.545,2.000,530,508019.979,3881287.936,-0.720770,0.120000,0.120000,2.7778,TRACKING
74.964762,129.087992833333,35.074309833333,508022.227,3881287.333,0.003,-2.682800,route_tangent,528,1.545,2.000,530,508019.979,3881287.936,-0.720770,0.120000,0.120000,2.7778,TRACKING
75.014327,129.087992833333,35.074309833333,508022.227,3881287.333,0.003,-2.682800,route_tangent,528,1.545,2.000,530,508019.979,3881287.936,-0.720770,0.120000,0.120000,2.7778,TRACKING
75.064324,129.087992833333,35.074309833333,508022.227,3881287.333,0.003,-2.682800,route_tangent,528,1.545,2.000,530,508019.979,3881287.936,-0.720770,0.120000,0.120000,2.7778,TRACKING
75.114694,129.087992833333,35.074309833333,508022.227,3881287.333,0.003,-2.682800,route_tangent,528,1.545,2.000,530,508019.979,3881287.936,-0.720770,0.120000,0.120000,2.7778,TRACKING
75.164459,129.087992833333,35.074309833333,508022.227,3881287.333,0.003,-2.682800,route_tangent,528,1.545,2.000,530,508019.979,3881287.936,-0.720770,0.120000,0.120000,2.7778,TRACKING
75.214274,129.087992833333,35.074309833333,508022.227,3881287.333,0.016,-2.682800,route_tangent,528,1.545,2.000,530,508019.979,3881287.936,-0.720770,0.120000,0.120000,2.7778,TRACKING
75.264343,129.087992833333,35.074309833333,508022.227,3881287.333,0.016,-2.682800,route_tangent,528,1.545,2.000,530,508019.979,3881287.936,-0.720770,0.120000,0.120000,2.7778,TRACKING
75.314327,129.087992833333,35.074309833333,508022.227,3881287.333,0.016,-2.682800,route_tangent,528,1.545,2.000,530,508019.979,3881287.936,-0.720770,0.120000,0.120000,2.7778,TRACKING
75.364343,129.087992833333,35.074309833333,508022.227,3881287.333,0.016,-2.682800,route_tangent,528,1.545,2.000,530,508019.979,3881287.936,-0.720770,0.120000,0.120000,2.7778,TRACKING
75.414355,129.087992833333,35.074309833333,508022.227,3881287.333,0.016,-2.682800,route_tangent,528,1.545,2.000,530,508019.979,3881287.936,-0.720770,0.120000,0.120000,2.7778,TRACKING
75.464576,129.087992833333,35.074309833333,508022.227,3881287.333,0.019,-2.682800,route_tangent,528,1.545,2.000,530,508019.979,3881287.936,-0.720770,0.120000,0.120000,2.7778,TRACKING
75.514319,129.087992833333,35.074309833333,508022.227,3881287.333,0.019,-2.682800,route_tangent,528,1.545,2.000,530,508019.979,3881287.936,-0.720770,0.120000,0.120000,2.7778,TRACKING
75.564348,129.087992833333,35.074309833333,508022.227,3881287.333,0.019,-2.682800,route_tangent,528,1.545,2.000,530,508019.979,3881287.936,-0.720770,0.120000,0.120000,2.7778,TRACKING
75.614336,129.087992833333,35.074309833333,508022.227,3881287.333,0.019,-2.682800,route_tangent,528,1.545,2.000,530,508019.979,3881287.936,-0.720770,0.120000,0.120000,2.7778,TRACKING
75.664702,129.087992833333,35.074309833333,508022.227,3881287.333,0.019,-2.682800,route_tangent,528,1.545,2.000,530,508019.979,3881287.936,-0.720770,0.120000,0.120000,2.7778,TRACKING
75.714339,129.087992833333,35.074310000000,508022.227,3881287.351,0.019,-2.682800,route_tangent,528,1.527,2.000,530,508019.979,3881287.936,-0.713086,0.120000,0.120000,2.7778,TRACKING
75.764373,129.087992833333,35.074310000000,508022.227,3881287.351,0.019,-2.682800,route_tangent,528,1.527,2.000,530,508019.979,3881287.936,-0.713086,0.120000,0.120000,2.7778,TRACKING
75.814459,129.087992833333,35.074310000000,508022.227,3881287.351,0.019,-2.682800,route_tangent,528,1.527,2.000,530,508019.979,3881287.936,-0.713086,0.120000,0.120000,2.7778,TRACKING
75.864330,129.087992833333,35.074310000000,508022.227,3881287.351,0.019,-2.682800,route_tangent,528,1.527,2.000,530,508019.979,3881287.936,-0.713086,0.120000,0.120000,2.7778,TRACKING
75.914316,129.087992833333,35.074310000000,508022.227,3881287.351,0.019,-2.682800,route_tangent,528,1.527,2.000,530,508019.979,3881287.936,-0.713086,0.120000,0.120000,2.7778,TRACKING
75.964360,129.087992833333,35.074310000000,508022.227,3881287.351,0.019,-2.682800,route_tangent,528,1.527,2.000,530,508019.979,3881287.936,-0.713086,0.120000,0.120000,2.7778,TRACKING
76.014352,129.087992833333,35.074310000000,508022.227,3881287.351,0.019,-2.682800,route_tangent,528,1.527,2.000,530,508019.979,3881287.936,-0.713086,0.120000,0.120000,2.7778,TRACKING
76.064341,129.087992833333,35.074310000000,508022.227,3881287.351,0.019,-2.682800,route_tangent,528,1.527,2.000,530,508019.979,3881287.936,-0.713086,0.120000,0.120000,2.7778,TRACKING
76.115185,129.087992833333,35.074310000000,508022.227,3881287.351,0.019,-2.682800,route_tangent,528,1.527,2.000,530,508019.979,3881287.936,-0.713086,0.120000,0.120000,2.7778,TRACKING
76.164356,129.087992833333,35.074310000000,508022.227,3881287.351,0.019,-2.682800,route_tangent,528,1.527,2.000,530,508019.979,3881287.936,-0.713086,0.120000,0.120000,2.7778,TRACKING
76.214496,129.087992833333,35.074309833333,508022.227,3881287.333,0.019,-2.682800,route_tangent,528,1.545,2.000,530,508019.979,3881287.936,-0.720770,0.120000,0.120000,2.7778,TRACKING
76.264326,129.087992833333,35.074309833333,508022.227,3881287.333,0.019,-2.682800,route_tangent,528,1.545,2.000,530,508019.979,3881287.936,-0.720770,0.120000,0.120000,2.7778,TRACKING
76.314308,129.087992833333,35.074309833333,508022.227,3881287.333,0.019,-2.682800,route_tangent,528,1.545,2.000,530,508019.979,3881287.936,-0.720770,0.120000,0.120000,2.7778,TRACKING
76.364431,129.087992833333,35.074309833333,508022.227,3881287.333,0.019,-2.682800,route_tangent,528,1.545,2.000,530,508019.979,3881287.936,-0.720770,0.120000,0.120000,2.7778,TRACKING
76.414441,129.087992833333,35.074309833333,508022.227,3881287.333,0.019,-2.682800,route_tangent,528,1.545,2.000,530,508019.979,3881287.936,-0.720770,0.120000,0.120000,2.7778,TRACKING
76.464398,129.087992833333,35.074309833333,508022.227,3881287.333,0.019,-2.682800,route_tangent,528,1.545,2.000,530,508019.979,3881287.936,-0.720770,0.120000,0.120000,2.7778,TRACKING
76.514367,129.087992833333,35.074309833333,508022.227,3881287.333,0.019,-2.682800,route_tangent,528,1.545,2.000,530,508019.979,3881287.936,-0.720770,0.120000,0.120000,2.7778,TRACKING
76.564412,129.087992833333,35.074309833333,508022.227,3881287.333,0.019,-2.682800,route_tangent,528,1.545,2.000,530,508019.979,3881287.936,-0.720770,0.120000,0.120000,2.7778,TRACKING
76.614415,129.087992833333,35.074309833333,508022.227,3881287.333,0.019,-2.682800,route_tangent,528,1.545,2.000,530,508019.979,3881287.936,-0.720770,0.120000,0.120000,2.7778,TRACKING
76.664328,129.087992833333,35.074309833333,508022.227,3881287.333,0.019,-2.682800,route_tangent,528,1.545,2.000,530,508019.979,3881287.936,-0.720770,0.120000,0.120000,2.7778,TRACKING
76.714368,129.087992833333,35.074309833333,508022.227,3881287.333,0.013,-2.682800,route_tangent,528,1.545,2.000,530,508019.979,3881287.936,-0.720770,0.120000,0.120000,2.7778,TRACKING
76.764419,129.087992833333,35.074309833333,508022.227,3881287.333,0.013,-2.682800,route_tangent,528,1.545,2.000,530,508019.979,3881287.936,-0.720770,0.120000,0.120000,2.7778,TRACKING
76.814390,129.087992833333,35.074309833333,508022.227,3881287.333,0.013,-2.682800,route_tangent,528,1.545,2.000,530,508019.979,3881287.936,-0.720770,0.120000,0.120000,2.7778,TRACKING
76.864359,129.087992833333,35.074309833333,508022.227,3881287.333,0.013,-2.682800,route_tangent,528,1.545,2.000,530,508019.979,3881287.936,-0.720770,0.120000,0.120000,2.7778,TRACKING
76.914312,129.087992833333,35.074309833333,508022.227,3881287.333,0.013,-2.682800,route_tangent,528,1.545,2.000,530,508019.979,3881287.936,-0.720770,0.120000,0.120000,2.7778,TRACKING
76.964398,129.087992833333,35.074309833333,508022.227,3881287.333,0.015,-2.682800,route_tangent,528,1.545,2.000,530,508019.979,3881287.936,-0.720770,0.120000,0.120000,2.7778,TRACKING
77.014339,129.087992833333,35.074309833333,508022.227,3881287.333,0.015,-2.682800,route_tangent,528,1.545,2.000,530,508019.979,3881287.936,-0.720770,0.120000,0.120000,2.7778,TRACKING
77.064317,129.087992833333,35.074309833333,508022.227,3881287.333,0.015,-2.682800,route_tangent,528,1.545,2.000,530,508019.979,3881287.936,-0.720770,0.120000,0.120000,2.7778,TRACKING
77.114324,129.087992833333,35.074309833333,508022.227,3881287.333,0.015,-2.682800,route_tangent,528,1.545,2.000,530,508019.979,3881287.936,-0.720770,0.120000,0.120000,2.7778,TRACKING
77.164348,129.087992833333,35.074309833333,508022.227,3881287.333,0.015,-2.682800,route_tangent,528,1.545,2.000,530,508019.979,3881287.936,-0.720770,0.120000,0.120000,2.7778,TRACKING
77.214355,129.087992833333,35.074309833333,508022.227,3881287.333,0.015,-2.682800,route_tangent,528,1.545,2.000,530,508019.979,3881287.936,-0.720770,0.120000,0.120000,2.7778,TRACKING
77.264509,129.087992833333,35.074309833333,508022.227,3881287.333,0.014,-2.682800,route_tangent,528,1.545,2.000,530,508019.979,3881287.936,-0.720770,0.120000,0.120000,2.7778,TRACKING
77.314356,129.087992833333,35.074309833333,508022.227,3881287.333,0.014,-2.682800,route_tangent,528,1.545,2.000,530,508019.979,3881287.936,-0.720770,0.120000,0.120000,2.7778,TRACKING
77.364390,129.087992833333,35.074309833333,508022.227,3881287.333,0.014,-2.682800,route_tangent,528,1.545,2.000,530,508019.979,3881287.936,-0.720770,0.120000,0.120000,2.7778,TRACKING
77.414655,129.087992833333,35.074309833333,508022.227,3881287.333,0.014,-2.682800,route_tangent,528,1.545,2.000,530,508019.979,3881287.936,-0.720770,0.120000,0.120000,2.7778,TRACKING
77.464409,129.087993000000,35.074310000000,508022.242,3881287.351,0.014,-2.682800,route_tangent,528,1.532,2.000,530,508019.979,3881287.936,-0.711445,0.120000,0.120000,2.7778,TRACKING
77.514342,129.087993000000,35.074310000000,508022.242,3881287.351,0.014,-2.682800,route_tangent,528,1.532,2.000,530,508019.979,3881287.936,-0.711445,0.120000,0.120000,2.7778,TRACKING
77.564337,129.087993000000,35.074310000000,508022.242,3881287.351,0.014,-2.682800,route_tangent,528,1.532,2.000,530,508019.979,3881287.936,-0.711445,0.120000,0.120000,2.7778,TRACKING
77.614341,129.087993000000,35.074310000000,508022.242,3881287.351,0.014,-2.682800,route_tangent,528,1.532,2.000,530,508019.979,3881287.936,-0.711445,0.120000,0.120000,2.7778,TRACKING
77.664354,129.087993000000,35.074310000000,508022.242,3881287.351,0.014,-2.682800,route_tangent,528,1.532,2.000,530,508019.979,3881287.936,-0.711445,0.120000,0.120000,2.7778,TRACKING
77.714521,129.087993000000,35.074310166667,508022.242,3881287.370,0.043,-2.682800,route_tangent,528,1.514,2.000,530,508019.979,3881287.936,-0.703775,0.120000,0.120000,2.7778,TRACKING
77.764352,129.087993000000,35.074310166667,508022.242,3881287.370,0.043,-2.682800,route_tangent,528,1.514,2.000,530,508019.979,3881287.936,-0.703775,0.120000,0.120000,2.7778,TRACKING
77.814351,129.087993000000,35.074310166667,508022.242,3881287.370,0.043,-2.682800,route_tangent,528,1.514,2.000,530,508019.979,3881287.936,-0.703775,0.120000,0.120000,2.7778,TRACKING
77.864335,129.087993000000,35.074310166667,508022.242,3881287.370,0.043,-2.682800,route_tangent,528,1.514,2.000,530,508019.979,3881287.936,-0.703775,0.120000,0.120000,2.7778,TRACKING
77.914319,129.087993000000,35.074310166667,508022.242,3881287.370,0.043,-2.682800,route_tangent,528,1.514,2.000,530,508019.979,3881287.936,-0.703775,0.120000,0.120000,2.7778,TRACKING
77.964617,129.087993000000,35.074310166667,508022.242,3881287.370,0.031,-2.682800,route_tangent,528,1.514,2.000,530,508019.979,3881287.936,-0.703775,0.120000,0.120000,2.7778,TRACKING
78.014382,129.087993000000,35.074310166667,508022.242,3881287.370,0.031,-2.682800,route_tangent,528,1.514,2.000,530,508019.979,3881287.936,-0.703775,0.120000,0.120000,2.7778,TRACKING
78.064337,129.087993000000,35.074310166667,508022.242,3881287.370,0.031,-2.682800,route_tangent,528,1.514,2.000,530,508019.979,3881287.936,-0.703775,0.120000,0.120000,2.7778,TRACKING
78.114431,129.087993000000,35.074310166667,508022.242,3881287.370,0.031,-2.682800,route_tangent,528,1.514,2.000,530,508019.979,3881287.936,-0.703775,0.120000,0.120000,2.7778,TRACKING
78.164330,129.087993000000,35.074310166667,508022.242,3881287.370,0.031,-2.682800,route_tangent,528,1.514,2.000,530,508019.979,3881287.936,-0.703775,0.120000,0.120000,2.7778,TRACKING
78.214349,129.087993000000,35.074310166667,508022.242,3881287.370,0.019,-2.682800,route_tangent,528,1.514,2.000,530,508019.979,3881287.936,-0.703775,0.120000,0.120000,2.7778,TRACKING
78.264517,129.087993000000,35.074310166667,508022.242,3881287.370,0.019,-2.682800,route_tangent,528,1.514,2.000,530,508019.979,3881287.936,-0.703775,0.120000,0.120000,2.7778,TRACKING
78.314324,129.087993000000,35.074310166667,508022.242,3881287.370,0.019,-2.682800,route_tangent,528,1.514,2.000,530,508019.979,3881287.936,-0.703775,0.120000,0.120000,2.7778,TRACKING
78.364335,129.087993000000,35.074310166667,508022.242,3881287.370,0.019,-2.682800,route_tangent,528,1.514,2.000,530,508019.979,3881287.936,-0.703775,0.120000,0.120000,2.7778,TRACKING
78.414354,129.087993000000,35.074310166667,508022.242,3881287.370,0.019,-2.682800,route_tangent,528,1.514,2.000,530,508019.979,3881287.936,-0.703775,0.120000,0.120000,2.7778,TRACKING
78.464372,129.087993000000,35.074310000000,508022.242,3881287.351,0.007,-2.682800,route_tangent,528,1.532,2.000,530,508019.979,3881287.936,-0.711445,0.120000,0.120000,2.7778,TRACKING
78.514348,129.087993000000,35.074310000000,508022.242,3881287.351,0.007,-2.682800,route_tangent,528,1.532,2.000,530,508019.979,3881287.936,-0.711445,0.120000,0.120000,2.7778,TRACKING
78.564374,129.087993000000,35.074310000000,508022.242,3881287.351,0.007,-2.682800,route_tangent,528,1.532,2.000,530,508019.979,3881287.936,-0.711445,0.120000,0.120000,2.7778,TRACKING
78.614350,129.087993000000,35.074310000000,508022.242,3881287.351,0.007,-2.682800,route_tangent,528,1.532,2.000,530,508019.979,3881287.936,-0.711445,0.120000,0.120000,2.7778,TRACKING
78.664341,129.087993000000,35.074310000000,508022.242,3881287.351,0.007,-2.682800,route_tangent,528,1.532,2.000,530,508019.979,3881287.936,-0.711445,0.120000,0.120000,2.7778,TRACKING
78.714389,129.087993000000,35.074310000000,508022.242,3881287.351,0.007,-2.682800,route_tangent,528,1.532,2.000,530,508019.979,3881287.936,-0.711445,0.120000,0.120000,2.7778,TRACKING
78.764338,129.087993000000,35.074310000000,508022.242,3881287.351,0.007,-2.682800,route_tangent,528,1.532,2.000,530,508019.979,3881287.936,-0.711445,0.120000,0.120000,2.7778,TRACKING
78.814336,129.087993000000,35.074310000000,508022.242,3881287.351,0.007,-2.682800,route_tangent,528,1.532,2.000,530,508019.979,3881287.936,-0.711445,0.120000,0.120000,2.7778,TRACKING
78.864437,129.087993000000,35.074310000000,508022.242,3881287.351,0.007,-2.682800,route_tangent,528,1.532,2.000,530,508019.979,3881287.936,-0.711445,0.120000,0.120000,2.7778,TRACKING
78.914311,129.087993000000,35.074310000000,508022.242,3881287.351,0.007,-2.682800,route_tangent,528,1.532,2.000,530,508019.979,3881287.936,-0.711445,0.120000,0.120000,2.7778,TRACKING
78.964344,129.087993000000,35.074310000000,508022.242,3881287.351,0.007,-2.682800,route_tangent,528,1.532,2.000,530,508019.979,3881287.936,-0.711445,0.120000,0.120000,2.7778,TRACKING
79.014324,129.087993000000,35.074310000000,508022.242,3881287.351,0.007,-2.682800,route_tangent,528,1.532,2.000,530,508019.979,3881287.936,-0.711445,0.120000,0.120000,2.7778,TRACKING
79.064315,129.087993000000,35.074310000000,508022.242,3881287.351,0.007,-2.682800,route_tangent,528,1.532,2.000,530,508019.979,3881287.936,-0.711445,0.120000,0.120000,2.7778,TRACKING
79.114330,129.087993000000,35.074310000000,508022.242,3881287.351,0.007,-2.682800,route_tangent,528,1.532,2.000,530,508019.979,3881287.936,-0.711445,0.120000,0.120000,2.7778,TRACKING
79.164372,129.087993000000,35.074310000000,508022.242,3881287.351,0.007,-2.682800,route_tangent,528,1.532,2.000,530,508019.979,3881287.936,-0.711445,0.120000,0.120000,2.7778,TRACKING
79.214312,129.087993000000,35.074310000000,508022.242,3881287.351,0.007,-2.682800,route_tangent,528,1.532,2.000,530,508019.979,3881287.936,-0.711445,0.120000,0.120000,2.7778,TRACKING
79.264331,129.087993000000,35.074310000000,508022.242,3881287.351,0.005,-2.682800,route_tangent,528,1.532,2.000,530,508019.979,3881287.936,-0.711445,0.120000,0.120000,2.7778,TRACKING
79.314305,129.087993000000,35.074310000000,508022.242,3881287.351,0.005,-2.682800,route_tangent,528,1.532,2.000,530,508019.979,3881287.936,-0.711445,0.120000,0.120000,2.7778,TRACKING
79.364430,129.087993000000,35.074310000000,508022.242,3881287.351,0.005,-2.682800,route_tangent,528,1.532,2.000,530,508019.979,3881287.936,-0.711445,0.120000,0.120000,2.7778,TRACKING
79.414544,129.087993000000,35.074310000000,508022.242,3881287.351,0.005,-2.682800,route_tangent,528,1.532,2.000,530,508019.979,3881287.936,-0.711445,0.120000,0.120000,2.7778,TRACKING
79.464425,129.087993000000,35.074310166667,508022.242,3881287.370,0.004,-2.682800,route_tangent,528,1.514,2.000,530,508019.979,3881287.936,-0.703775,0.120000,0.120000,2.7778,TRACKING
79.514359,129.087993000000,35.074310166667,508022.242,3881287.370,0.004,-2.682800,route_tangent,528,1.514,2.000,530,508019.979,3881287.936,-0.703775,0.120000,0.120000,2.7778,TRACKING
79.564389,129.087993000000,35.074310166667,508022.242,3881287.370,0.004,-2.682800,route_tangent,528,1.514,2.000,530,508019.979,3881287.936,-0.703775,0.120000,0.120000,2.7778,TRACKING
79.614446,129.087993000000,35.074310166667,508022.242,3881287.370,0.004,-2.682800,route_tangent,528,1.514,2.000,530,508019.979,3881287.936,-0.703775,0.120000,0.120000,2.7778,TRACKING
79.664365,129.087993000000,35.074310166667,508022.242,3881287.370,0.004,-2.682800,route_tangent,528,1.514,2.000,530,508019.979,3881287.936,-0.703775,0.120000,0.120000,2.7778,TRACKING
79.714369,129.087993000000,35.074310166667,508022.242,3881287.370,0.004,-2.682800,route_tangent,528,1.514,2.000,530,508019.979,3881287.936,-0.703775,0.120000,0.120000,2.7778,TRACKING
79.764438,129.087993000000,35.074310166667,508022.242,3881287.370,0.004,-2.682800,route_tangent,528,1.514,2.000,530,508019.979,3881287.936,-0.703775,0.120000,0.120000,2.7778,TRACKING
79.814415,129.087993000000,35.074310166667,508022.242,3881287.370,0.004,-2.682800,route_tangent,528,1.514,2.000,530,508019.979,3881287.936,-0.703775,0.120000,0.120000,2.7778,TRACKING
79.864357,129.087993000000,35.074310166667,508022.242,3881287.370,0.004,-2.682800,route_tangent,528,1.514,2.000,530,508019.979,3881287.936,-0.703775,0.120000,0.120000,2.7778,TRACKING
79.914337,129.087993000000,35.074310166667,508022.242,3881287.370,0.004,-2.682800,route_tangent,528,1.514,2.000,530,508019.979,3881287.936,-0.703775,0.120000,0.120000,2.7778,TRACKING
79.964332,129.087993000000,35.074310166667,508022.242,3881287.370,0.020,-2.682800,route_tangent,528,1.514,2.000,530,508019.979,3881287.936,-0.703775,0.120000,0.120000,2.7778,TRACKING
80.014323,129.087993000000,35.074310166667,508022.242,3881287.370,0.020,-2.682800,route_tangent,528,1.514,2.000,530,508019.979,3881287.936,-0.703775,0.120000,0.120000,2.7778,TRACKING
80.064426,129.087993000000,35.074310166667,508022.242,3881287.370,0.020,-2.682800,route_tangent,528,1.514,2.000,530,508019.979,3881287.936,-0.703775,0.120000,0.120000,2.7778,TRACKING
80.114360,129.087993000000,35.074310166667,508022.242,3881287.370,0.020,-2.682800,route_tangent,528,1.514,2.000,530,508019.979,3881287.936,-0.703775,0.120000,0.120000,2.7778,TRACKING
80.164328,129.087993000000,35.074310166667,508022.242,3881287.370,0.020,-2.682800,route_tangent,528,1.514,2.000,530,508019.979,3881287.936,-0.703775,0.120000,0.120000,2.7778,TRACKING
80.214515,129.087993000000,35.074310333333,508022.242,3881287.388,0.020,-2.682800,route_tangent,528,1.496,2.000,530,508019.979,3881287.936,-0.696076,0.120000,0.120000,2.7778,TRACKING
80.264377,129.087993000000,35.074310333333,508022.242,3881287.388,0.020,-2.682800,route_tangent,528,1.496,2.000,530,508019.979,3881287.936,-0.696076,0.120000,0.120000,2.7778,TRACKING
80.314359,129.087993000000,35.074310333333,508022.242,3881287.388,0.020,-2.682800,route_tangent,528,1.496,2.000,530,508019.979,3881287.936,-0.696076,0.120000,0.120000,2.7778,TRACKING
80.364519,129.087993000000,35.074310333333,508022.242,3881287.388,0.020,-2.682800,route_tangent,528,1.496,2.000,530,508019.979,3881287.936,-0.696076,0.120000,0.120000,2.7778,TRACKING
80.414354,129.087993000000,35.074310333333,508022.242,3881287.388,0.020,-2.682800,route_tangent,528,1.496,2.000,530,508019.979,3881287.936,-0.696076,0.120000,0.120000,2.7778,TRACKING
80.464472,129.087993000000,35.074310333333,508022.242,3881287.388,0.017,-2.682800,route_tangent,528,1.496,2.000,530,508019.979,3881287.936,-0.696076,0.120000,0.120000,2.7778,TRACKING
80.514319,129.087993000000,35.074310333333,508022.242,3881287.388,0.017,-2.682800,route_tangent,528,1.496,2.000,530,508019.979,3881287.936,-0.696076,0.120000,0.120000,2.7778,TRACKING
80.564457,129.087993000000,35.074310333333,508022.242,3881287.388,0.017,-2.682800,route_tangent,528,1.496,2.000,530,508019.979,3881287.936,-0.696076,0.120000,0.120000,2.7778,TRACKING
80.614475,129.087993000000,35.074310333333,508022.242,3881287.388,0.017,-2.682800,route_tangent,528,1.496,2.000,530,508019.979,3881287.936,-0.696076,0.120000,0.120000,2.7778,TRACKING
80.664487,129.087993000000,35.074310333333,508022.242,3881287.388,0.017,-2.682800,route_tangent,528,1.496,2.000,530,508019.979,3881287.936,-0.696076,0.120000,0.120000,2.7778,TRACKING
80.714339,129.087993000000,35.074310333333,508022.242,3881287.388,0.014,-2.682800,route_tangent,528,1.496,2.000,530,508019.979,3881287.936,-0.696076,0.120000,0.120000,2.7778,TRACKING
80.764333,129.087993000000,35.074310333333,508022.242,3881287.388,0.014,-2.682800,route_tangent,528,1.496,2.000,530,508019.979,3881287.936,-0.696076,0.120000,0.120000,2.7778,TRACKING
80.814338,129.087993000000,35.074310333333,508022.242,3881287.388,0.014,-2.682800,route_tangent,528,1.496,2.000,530,508019.979,3881287.936,-0.696076,0.120000,0.120000,2.7778,TRACKING
80.864343,129.087993000000,35.074310333333,508022.242,3881287.388,0.014,-2.682800,route_tangent,528,1.496,2.000,530,508019.979,3881287.936,-0.696076,0.120000,0.120000,2.7778,TRACKING
80.914344,129.087993000000,35.074310333333,508022.242,3881287.388,0.014,-2.682800,route_tangent,528,1.496,2.000,530,508019.979,3881287.936,-0.696076,0.120000,0.120000,2.7778,TRACKING
80.964698,129.087993000000,35.074310333333,508022.242,3881287.388,0.007,-2.682800,route_tangent,528,1.496,2.000,530,508019.979,3881287.936,-0.696076,0.120000,0.120000,2.7778,TRACKING
81.014448,129.087993000000,35.074310333333,508022.242,3881287.388,0.007,-2.682800,route_tangent,528,1.496,2.000,530,508019.979,3881287.936,-0.696076,0.120000,0.120000,2.7778,TRACKING
81.064459,129.087993000000,35.074310333333,508022.242,3881287.388,0.007,-2.682800,route_tangent,528,1.496,2.000,530,508019.979,3881287.936,-0.696076,0.120000,0.120000,2.7778,TRACKING
81.114373,129.087993000000,35.074310333333,508022.242,3881287.388,0.007,-2.682800,route_tangent,528,1.496,2.000,530,508019.979,3881287.936,-0.696076,0.120000,0.120000,2.7778,TRACKING
81.164391,129.087993000000,35.074310333333,508022.242,3881287.388,0.007,-2.682800,route_tangent,528,1.496,2.000,530,508019.979,3881287.936,-0.696076,0.120000,0.120000,2.7778,TRACKING
81.214364,129.087993000000,35.074310333333,508022.242,3881287.388,0.007,-2.682800,route_tangent,528,1.496,2.000,530,508019.979,3881287.936,-0.696076,0.120000,0.120000,2.7778,TRACKING
81.264379,129.087993000000,35.074310333333,508022.242,3881287.388,0.007,-2.682800,route_tangent,528,1.496,2.000,530,508019.979,3881287.936,-0.696076,0.120000,0.120000,2.7778,TRACKING
81.314405,129.087993000000,35.074310333333,508022.242,3881287.388,0.007,-2.682800,route_tangent,528,1.496,2.000,530,508019.979,3881287.936,-0.696076,0.120000,0.120000,2.7778,TRACKING
81.364331,129.087993000000,35.074310333333,508022.242,3881287.388,0.007,-2.682800,route_tangent,528,1.496,2.000,530,508019.979,3881287.936,-0.696076,0.120000,0.120000,2.7778,TRACKING
81.414333,129.087993000000,35.074310333333,508022.242,3881287.388,0.007,-2.682800,route_tangent,528,1.496,2.000,530,508019.979,3881287.936,-0.696076,0.120000,0.120000,2.7778,TRACKING
81.464753,129.087993000000,35.074310166667,508022.242,3881287.370,0.004,-2.682800,route_tangent,528,1.514,2.000,530,508019.979,3881287.936,-0.703775,0.120000,0.120000,2.7778,TRACKING
81.514345,129.087993000000,35.074310166667,508022.242,3881287.370,0.004,-2.682800,route_tangent,528,1.514,2.000,530,508019.979,3881287.936,-0.703775,0.120000,0.120000,2.7778,TRACKING
81.564514,129.087993000000,35.074310166667,508022.242,3881287.370,0.004,-2.682800,route_tangent,528,1.514,2.000,530,508019.979,3881287.936,-0.703775,0.120000,0.120000,2.7778,TRACKING
81.614505,129.087993000000,35.074310166667,508022.242,3881287.370,0.004,-2.682800,route_tangent,528,1.514,2.000,530,508019.979,3881287.936,-0.703775,0.120000,0.120000,2.7778,TRACKING
81.664397,129.087993000000,35.074310166667,508022.242,3881287.370,0.004,-2.682800,route_tangent,528,1.514,2.000,530,508019.979,3881287.936,-0.703775,0.120000,0.120000,2.7778,TRACKING
81.714367,129.087993000000,35.074310166667,508022.242,3881287.370,0.012,-2.682800,route_tangent,528,1.514,2.000,530,508019.979,3881287.936,-0.703775,0.120000,0.120000,2.7778,TRACKING
81.764409,129.087993000000,35.074310166667,508022.242,3881287.370,0.012,-2.682800,route_tangent,528,1.514,2.000,530,508019.979,3881287.936,-0.703775,0.120000,0.120000,2.7778,TRACKING
81.814417,129.087993000000,35.074310166667,508022.242,3881287.370,0.012,-2.682800,route_tangent,528,1.514,2.000,530,508019.979,3881287.936,-0.703775,0.120000,0.120000,2.7778,TRACKING
81.864344,129.087993000000,35.074310166667,508022.242,3881287.370,0.012,-2.682800,route_tangent,528,1.514,2.000,530,508019.979,3881287.936,-0.703775,0.120000,0.120000,2.7778,TRACKING
81.914325,129.087993000000,35.074310166667,508022.242,3881287.370,0.012,-2.682800,route_tangent,528,1.514,2.000,530,508019.979,3881287.936,-0.703775,0.120000,0.120000,2.7778,TRACKING
81.964357,129.087993000000,35.074310166667,508022.242,3881287.370,0.009,-2.682800,route_tangent,528,1.514,2.000,530,508019.979,3881287.936,-0.703775,0.120000,0.120000,2.7778,TRACKING
82.014366,129.087993000000,35.074310166667,508022.242,3881287.370,0.009,-2.682800,route_tangent,528,1.514,2.000,530,508019.979,3881287.936,-0.703775,0.120000,0.120000,2.7778,TRACKING
82.064404,129.087993000000,35.074310166667,508022.242,3881287.370,0.009,-2.682800,route_tangent,528,1.514,2.000,530,508019.979,3881287.936,-0.703775,0.120000,0.120000,2.7778,TRACKING
82.114471,129.087993000000,35.074310166667,508022.242,3881287.370,0.009,-2.682800,route_tangent,528,1.514,2.000,530,508019.979,3881287.936,-0.703775,0.120000,0.120000,2.7778,TRACKING
82.164392,129.087993000000,35.074310166667,508022.242,3881287.370,0.009,-2.682800,route_tangent,528,1.514,2.000,530,508019.979,3881287.936,-0.703775,0.120000,0.120000,2.7778,TRACKING
82.214673,129.087993000000,35.074310166667,508022.242,3881287.370,0.012,-2.682800,route_tangent,528,1.514,2.000,530,508019.979,3881287.936,-0.703775,0.120000,0.120000,2.7778,TRACKING
82.264405,129.087993000000,35.074310166667,508022.242,3881287.370,0.012,-2.682800,route_tangent,528,1.514,2.000,530,508019.979,3881287.936,-0.703775,0.120000,0.120000,2.7778,TRACKING
82.314363,129.087993000000,35.074310166667,508022.242,3881287.370,0.012,-2.682800,route_tangent,528,1.514,2.000,530,508019.979,3881287.936,-0.703775,0.120000,0.120000,2.7778,TRACKING
82.364359,129.087993000000,35.074310166667,508022.242,3881287.370,0.012,-2.682800,route_tangent,528,1.514,2.000,530,508019.979,3881287.936,-0.703775,0.120000,0.120000,2.7778,TRACKING
82.414367,129.087993000000,35.074310166667,508022.242,3881287.370,0.012,-2.682800,route_tangent,528,1.514,2.000,530,508019.979,3881287.936,-0.703775,0.120000,0.120000,2.7778,TRACKING
82.464744,129.087993000000,35.074310333333,508022.242,3881287.388,0.002,-2.682800,route_tangent,528,1.496,2.000,530,508019.979,3881287.936,-0.696076,0.120000,0.120000,2.7778,TRACKING
82.514378,129.087993000000,35.074310333333,508022.242,3881287.388,0.002,-2.682800,route_tangent,528,1.496,2.000,530,508019.979,3881287.936,-0.696076,0.120000,0.120000,2.7778,TRACKING
82.564347,129.087993000000,35.074310333333,508022.242,3881287.388,0.002,-2.682800,route_tangent,528,1.496,2.000,530,508019.979,3881287.936,-0.696076,0.120000,0.120000,2.7778,TRACKING
82.614364,129.087993000000,35.074310333333,508022.242,3881287.388,0.002,-2.682800,route_tangent,528,1.496,2.000,530,508019.979,3881287.936,-0.696076,0.120000,0.120000,2.7778,TRACKING
82.664329,129.087993000000,35.074310333333,508022.242,3881287.388,0.002,-2.682800,route_tangent,528,1.496,2.000,530,508019.979,3881287.936,-0.696076,0.120000,0.120000,2.7778,TRACKING
82.714328,129.087993000000,35.074310333333,508022.242,3881287.388,0.008,-2.682800,route_tangent,528,1.496,2.000,530,508019.979,3881287.936,-0.696076,0.120000,0.120000,2.7778,TRACKING
82.764302,129.087993000000,35.074310333333,508022.242,3881287.388,0.008,-2.682800,route_tangent,528,1.496,2.000,530,508019.979,3881287.936,-0.696076,0.120000,0.120000,2.7778,TRACKING
82.814369,129.087993000000,35.074310333333,508022.242,3881287.388,0.008,-2.682800,route_tangent,528,1.496,2.000,530,508019.979,3881287.936,-0.696076,0.120000,0.120000,2.7778,TRACKING
82.864483,129.087993000000,35.074310333333,508022.242,3881287.388,0.008,-2.682800,route_tangent,528,1.496,2.000,530,508019.979,3881287.936,-0.696076,0.120000,0.120000,2.7778,TRACKING
82.914680,129.087993000000,35.074310333333,508022.242,3881287.388,0.008,-2.682800,route_tangent,528,1.496,2.000,530,508019.979,3881287.936,-0.696076,0.120000,0.120000,2.7778,TRACKING
82.964371,129.087993166667,35.074310333333,508022.257,3881287.388,0.006,-2.682800,route_tangent,528,1.501,2.000,530,508019.979,3881287.936,-0.694546,0.120000,0.120000,2.7778,TRACKING
83.014736,129.087993166667,35.074310333333,508022.257,3881287.388,0.006,-2.682800,route_tangent,528,1.501,2.000,530,508019.979,3881287.936,-0.694546,0.120000,0.120000,2.7778,TRACKING
83.064301,129.087993166667,35.074310333333,508022.257,3881287.388,0.006,-2.682800,route_tangent,528,1.501,2.000,530,508019.979,3881287.936,-0.694546,0.120000,0.120000,2.7778,TRACKING
83.114401,129.087993166667,35.074310333333,508022.257,3881287.388,0.006,-2.682800,route_tangent,528,1.501,2.000,530,508019.979,3881287.936,-0.694546,0.120000,0.120000,2.7778,TRACKING
83.164443,129.087993166667,35.074310333333,508022.257,3881287.388,0.006,-2.682800,route_tangent,528,1.501,2.000,530,508019.979,3881287.936,-0.694546,0.120000,0.120000,2.7778,TRACKING
83.214510,129.087993166667,35.074310333333,508022.257,3881287.388,0.006,-2.682800,route_tangent,528,1.501,2.000,530,508019.979,3881287.936,-0.694546,0.120000,0.120000,2.7778,TRACKING
83.264339,129.087993166667,35.074310333333,508022.257,3881287.388,0.006,-2.682800,route_tangent,528,1.501,2.000,530,508019.979,3881287.936,-0.694546,0.120000,0.120000,2.7778,TRACKING
83.314533,129.087993166667,35.074310333333,508022.257,3881287.388,0.006,-2.682800,route_tangent,528,1.501,2.000,530,508019.979,3881287.936,-0.694546,0.120000,0.120000,2.7778,TRACKING
83.364370,129.087993166667,35.074310333333,508022.257,3881287.388,0.006,-2.682800,route_tangent,528,1.501,2.000,530,508019.979,3881287.936,-0.694546,0.120000,0.120000,2.7778,TRACKING
83.414520,129.087993166667,35.074310333333,508022.257,3881287.388,0.006,-2.682800,route_tangent,528,1.501,2.000,530,508019.979,3881287.936,-0.694546,0.120000,0.120000,2.7778,TRACKING
83.464392,129.087993166667,35.074310333333,508022.257,3881287.388,0.009,-2.682800,route_tangent,528,1.501,2.000,530,508019.979,3881287.936,-0.694546,0.120000,0.120000,2.7778,TRACKING
83.514363,129.087993166667,35.074310333333,508022.257,3881287.388,0.009,-2.682800,route_tangent,528,1.501,2.000,530,508019.979,3881287.936,-0.694546,0.120000,0.120000,2.7778,TRACKING
83.564393,129.087993166667,35.074310333333,508022.257,3881287.388,0.009,-2.682800,route_tangent,528,1.501,2.000,530,508019.979,3881287.936,-0.694546,0.120000,0.120000,2.7778,TRACKING
83.614474,129.087993166667,35.074310333333,508022.257,3881287.388,0.009,-2.682800,route_tangent,528,1.501,2.000,530,508019.979,3881287.936,-0.694546,0.120000,0.120000,2.7778,TRACKING
83.664505,129.087993166667,35.074310333333,508022.257,3881287.388,0.009,-2.682800,route_tangent,528,1.501,2.000,530,508019.979,3881287.936,-0.694546,0.120000,0.120000,2.7778,TRACKING
83.714492,129.087993166667,35.074310333333,508022.257,3881287.388,0.009,-2.682800,route_tangent,528,1.501,2.000,530,508019.979,3881287.936,-0.694546,0.120000,0.120000,2.7778,TRACKING
83.764336,129.087993166667,35.074310333333,508022.257,3881287.388,0.009,-2.682800,route_tangent,528,1.501,2.000,530,508019.979,3881287.936,-0.694546,0.120000,0.120000,2.7778,TRACKING
83.814456,129.087993166667,35.074310333333,508022.257,3881287.388,0.009,-2.682800,route_tangent,528,1.501,2.000,530,508019.979,3881287.936,-0.694546,0.120000,0.120000,2.7778,TRACKING
83.864399,129.087993166667,35.074310333333,508022.257,3881287.388,0.009,-2.682800,route_tangent,528,1.501,2.000,530,508019.979,3881287.936,-0.694546,0.120000,0.120000,2.7778,TRACKING
83.914357,129.087993166667,35.074310333333,508022.257,3881287.388,0.009,-2.682800,route_tangent,528,1.501,2.000,530,508019.979,3881287.936,-0.694546,0.120000,0.120000,2.7778,TRACKING
83.964362,129.087993000000,35.074310333333,508022.242,3881287.388,0.009,-2.682800,route_tangent,528,1.496,2.000,530,508019.979,3881287.936,-0.696076,0.120000,0.120000,2.7778,TRACKING
84.014350,129.087993000000,35.074310333333,508022.242,3881287.388,0.009,-2.682800,route_tangent,528,1.496,2.000,530,508019.979,3881287.936,-0.696076,0.120000,0.120000,2.7778,TRACKING
84.064338,129.087993000000,35.074310333333,508022.242,3881287.388,0.009,-2.682800,route_tangent,528,1.496,2.000,530,508019.979,3881287.936,-0.696076,0.120000,0.120000,2.7778,TRACKING
84.114620,129.087993000000,35.074310333333,508022.242,3881287.388,0.009,-2.682800,route_tangent,528,1.496,2.000,530,508019.979,3881287.936,-0.696076,0.120000,0.120000,2.7778,TRACKING
84.164367,129.087993000000,35.074310333333,508022.242,3881287.388,0.009,-2.682800,route_tangent,528,1.496,2.000,530,508019.979,3881287.936,-0.696076,0.120000,0.120000,2.7778,TRACKING
84.214384,129.087993000000,35.074310333333,508022.242,3881287.388,0.011,-2.682800,route_tangent,528,1.496,2.000,530,508019.979,3881287.936,-0.696076,0.120000,0.120000,2.7778,TRACKING
84.264340,129.087993000000,35.074310333333,508022.242,3881287.388,0.011,-2.682800,route_tangent,528,1.496,2.000,530,508019.979,3881287.936,-0.696076,0.120000,0.120000,2.7778,TRACKING
84.314475,129.087993000000,35.074310333333,508022.242,3881287.388,0.011,-2.682800,route_tangent,528,1.496,2.000,530,508019.979,3881287.936,-0.696076,0.120000,0.120000,2.7778,TRACKING
84.364533,129.087993000000,35.074310333333,508022.242,3881287.388,0.011,-2.682800,route_tangent,528,1.496,2.000,530,508019.979,3881287.936,-0.696076,0.120000,0.120000,2.7778,TRACKING
84.414555,129.087993000000,35.074310333333,508022.242,3881287.388,0.011,-2.682800,route_tangent,528,1.496,2.000,530,508019.979,3881287.936,-0.696076,0.120000,0.120000,2.7778,TRACKING
84.464456,129.087993000000,35.074310333333,508022.242,3881287.388,0.007,-2.682800,route_tangent,528,1.496,2.000,530,508019.979,3881287.936,-0.696076,0.120000,0.120000,2.7778,TRACKING
84.514583,129.087993000000,35.074310333333,508022.242,3881287.388,0.007,-2.682800,route_tangent,528,1.496,2.000,530,508019.979,3881287.936,-0.696076,0.120000,0.120000,2.7778,TRACKING
84.564574,129.087993000000,35.074310333333,508022.242,3881287.388,0.007,-2.682800,route_tangent,528,1.496,2.000,530,508019.979,3881287.936,-0.696076,0.120000,0.120000,2.7778,TRACKING
84.614414,129.087993000000,35.074310333333,508022.242,3881287.388,0.007,-2.682800,route_tangent,528,1.496,2.000,530,508019.979,3881287.936,-0.696076,0.120000,0.120000,2.7778,TRACKING
84.664454,129.087993000000,35.074310333333,508022.242,3881287.388,0.007,-2.682800,route_tangent,528,1.496,2.000,530,508019.979,3881287.936,-0.696076,0.120000,0.120000,2.7778,TRACKING
84.714342,129.087993000000,35.074310333333,508022.242,3881287.388,0.008,-2.682800,route_tangent,528,1.496,2.000,530,508019.979,3881287.936,-0.696076,0.120000,0.120000,2.7778,TRACKING
84.764465,129.087993000000,35.074310333333,508022.242,3881287.388,0.008,-2.682800,route_tangent,528,1.496,2.000,530,508019.979,3881287.936,-0.696076,0.120000,0.120000,2.7778,TRACKING
84.814505,129.087993000000,35.074310333333,508022.242,3881287.388,0.008,-2.682800,route_tangent,528,1.496,2.000,530,508019.979,3881287.936,-0.696076,0.120000,0.120000,2.7778,TRACKING
84.864513,129.087993000000,35.074310333333,508022.242,3881287.388,0.008,-2.682800,route_tangent,528,1.496,2.000,530,508019.979,3881287.936,-0.696076,0.120000,0.120000,2.7778,TRACKING
84.914450,129.087993000000,35.074310333333,508022.242,3881287.388,0.008,-2.682800,route_tangent,528,1.496,2.000,530,508019.979,3881287.936,-0.696076,0.120000,0.120000,2.7778,TRACKING
84.964352,129.087993166667,35.074310333333,508022.257,3881287.388,0.010,-2.682800,route_tangent,528,1.501,2.000,530,508019.979,3881287.936,-0.694546,0.120000,0.120000,2.7778,TRACKING
85.014485,129.087993166667,35.074310333333,508022.257,3881287.388,0.010,-2.682800,route_tangent,528,1.501,2.000,530,508019.979,3881287.936,-0.694546,0.120000,0.120000,2.7778,TRACKING
85.064460,129.087993166667,35.074310333333,508022.257,3881287.388,0.010,-2.682800,route_tangent,528,1.501,2.000,530,508019.979,3881287.936,-0.694546,0.120000,0.120000,2.7778,TRACKING
85.114439,129.087993166667,35.074310333333,508022.257,3881287.388,0.010,-2.682800,route_tangent,528,1.501,2.000,530,508019.979,3881287.936,-0.694546,0.120000,0.120000,2.7778,TRACKING
85.164448,129.087993166667,35.074310333333,508022.257,3881287.388,0.010,-2.682800,route_tangent,528,1.501,2.000,530,508019.979,3881287.936,-0.694546,0.120000,0.120000,2.7778,TRACKING
85.214227,129.087993166667,35.074310500000,508022.257,3881287.407,0.011,-2.682800,route_tangent,528,1.484,2.000,530,508019.979,3881287.936,-0.686863,0.120000,0.120000,2.7778,TRACKING
85.264707,129.087993166667,35.074310500000,508022.257,3881287.407,0.011,-2.682800,route_tangent,528,1.484,2.000,530,508019.979,3881287.936,-0.686863,0.120000,0.120000,2.7778,TRACKING
85.314437,129.087993166667,35.074310500000,508022.257,3881287.407,0.011,-2.682800,route_tangent,528,1.484,2.000,530,508019.979,3881287.936,-0.686863,0.120000,0.120000,2.7778,TRACKING
85.364329,129.087993166667,35.074310500000,508022.257,3881287.407,0.011,-2.682800,route_tangent,528,1.484,2.000,530,508019.979,3881287.936,-0.686863,0.120000,0.120000,2.7778,TRACKING
85.414453,129.087993166667,35.074310500000,508022.257,3881287.407,0.011,-2.682800,route_tangent,528,1.484,2.000,530,508019.979,3881287.936,-0.686863,0.120000,0.120000,2.7778,TRACKING
85.464577,129.087993166667,35.074310333333,508022.257,3881287.388,0.013,-2.682800,route_tangent,528,1.501,2.000,530,508019.979,3881287.936,-0.694546,0.120000,0.120000,2.7778,TRACKING
85.514577,129.087993166667,35.074310333333,508022.257,3881287.388,0.013,-2.682800,route_tangent,528,1.501,2.000,530,508019.979,3881287.936,-0.694546,0.120000,0.120000,2.7778,TRACKING
85.564459,129.087993166667,35.074310333333,508022.257,3881287.388,0.013,-2.682800,route_tangent,528,1.501,2.000,530,508019.979,3881287.936,-0.694546,0.120000,0.120000,2.7778,TRACKING
85.614719,129.087993166667,35.074310333333,508022.257,3881287.388,0.013,-2.682800,route_tangent,528,1.501,2.000,530,508019.979,3881287.936,-0.694546,0.120000,0.120000,2.7778,TRACKING
85.664454,129.087993166667,35.074310333333,508022.257,3881287.388,0.013,-2.682800,route_tangent,528,1.501,2.000,530,508019.979,3881287.936,-0.694546,0.120000,0.120000,2.7778,TRACKING
85.714449,129.087993166667,35.074310333333,508022.257,3881287.388,0.013,-2.682800,route_tangent,528,1.501,2.000,530,508019.979,3881287.936,-0.694546,0.120000,0.120000,2.7778,TRACKING
85.764338,129.087993166667,35.074310333333,508022.257,3881287.388,0.013,-2.682800,route_tangent,528,1.501,2.000,530,508019.979,3881287.936,-0.694546,0.120000,0.120000,2.7778,TRACKING
85.814469,129.087993166667,35.074310333333,508022.257,3881287.388,0.013,-2.682800,route_tangent,528,1.501,2.000,530,508019.979,3881287.936,-0.694546,0.120000,0.120000,2.7778,TRACKING
85.864477,129.087993166667,35.074310333333,508022.257,3881287.388,0.013,-2.682800,route_tangent,528,1.501,2.000,530,508019.979,3881287.936,-0.694546,0.120000,0.120000,2.7778,TRACKING
85.914461,129.087993166667,35.074310333333,508022.257,3881287.388,0.013,-2.682800,route_tangent,528,1.501,2.000,530,508019.979,3881287.936,-0.694546,0.120000,0.120000,2.7778,TRACKING
85.964452,129.087993166667,35.074310500000,508022.257,3881287.407,0.013,-2.682800,route_tangent,528,1.484,2.000,530,508019.979,3881287.936,-0.686863,0.120000,0.120000,2.7778,TRACKING
86.014357,129.087993166667,35.074310500000,508022.257,3881287.407,0.013,-2.682800,route_tangent,528,1.484,2.000,530,508019.979,3881287.936,-0.686863,0.120000,0.120000,2.7778,TRACKING
86.064452,129.087993166667,35.074310500000,508022.257,3881287.407,0.013,-2.682800,route_tangent,528,1.484,2.000,530,508019.979,3881287.936,-0.686863,0.120000,0.120000,2.7778,TRACKING
86.114537,129.087993166667,35.074310500000,508022.257,3881287.407,0.013,-2.682800,route_tangent,528,1.484,2.000,530,508019.979,3881287.936,-0.686863,0.120000,0.120000,2.7778,TRACKING
86.164420,129.087993166667,35.074310500000,508022.257,3881287.407,0.013,-2.682800,route_tangent,528,1.484,2.000,530,508019.979,3881287.936,-0.686863,0.120000,0.120000,2.7778,TRACKING
86.214532,129.087993166667,35.074310500000,508022.257,3881287.407,0.011,-2.682800,route_tangent,528,1.484,2.000,530,508019.979,3881287.936,-0.686863,0.120000,0.120000,2.7778,TRACKING
86.264343,129.087993166667,35.074310500000,508022.257,3881287.407,0.011,-2.682800,route_tangent,528,1.484,2.000,530,508019.979,3881287.936,-0.686863,0.120000,0.120000,2.7778,TRACKING
86.314463,129.087993166667,35.074310500000,508022.257,3881287.407,0.011,-2.682800,route_tangent,528,1.484,2.000,530,508019.979,3881287.936,-0.686863,0.120000,0.120000,2.7778,TRACKING
86.364516,129.087993166667,35.074310500000,508022.257,3881287.407,0.011,-2.682800,route_tangent,528,1.484,2.000,530,508019.979,3881287.936,-0.686863,0.120000,0.120000,2.7778,TRACKING
86.414469,129.087993166667,35.074310500000,508022.257,3881287.407,0.011,-2.682800,route_tangent,528,1.484,2.000,530,508019.979,3881287.936,-0.686863,0.120000,0.120000,2.7778,TRACKING
86.464377,129.087993166667,35.074310500000,508022.257,3881287.407,0.014,-2.682800,route_tangent,528,1.484,2.000,530,508019.979,3881287.936,-0.686863,0.120000,0.120000,2.7778,TRACKING
86.514719,129.087993166667,35.074310500000,508022.257,3881287.407,0.014,-2.682800,route_tangent,528,1.484,2.000,530,508019.979,3881287.936,-0.686863,0.120000,0.120000,2.7778,TRACKING
86.564326,129.087993166667,35.074310500000,508022.257,3881287.407,0.014,-2.682800,route_tangent,528,1.484,2.000,530,508019.979,3881287.936,-0.686863,0.120000,0.120000,2.7778,TRACKING
86.614388,129.087993166667,35.074310500000,508022.257,3881287.407,0.014,-2.682800,route_tangent,528,1.484,2.000,530,508019.979,3881287.936,-0.686863,0.120000,0.120000,2.7778,TRACKING
86.664559,129.087993166667,35.074310500000,508022.257,3881287.407,0.014,-2.682800,route_tangent,528,1.484,2.000,530,508019.979,3881287.936,-0.686863,0.120000,0.120000,2.7778,TRACKING
86.714349,129.087993166667,35.074310500000,508022.257,3881287.407,0.012,-2.682800,route_tangent,528,1.484,2.000,530,508019.979,3881287.936,-0.686863,0.120000,0.120000,2.7778,TRACKING
86.764357,129.087993166667,35.074310500000,508022.257,3881287.407,0.012,-2.682800,route_tangent,528,1.484,2.000,530,508019.979,3881287.936,-0.686863,0.120000,0.120000,2.7778,TRACKING
86.814455,129.087993166667,35.074310500000,508022.257,3881287.407,0.012,-2.682800,route_tangent,528,1.484,2.000,530,508019.979,3881287.936,-0.686863,0.120000,0.120000,2.7778,TRACKING
86.864384,129.087993166667,35.074310500000,508022.257,3881287.407,0.012,-2.682800,route_tangent,528,1.484,2.000,530,508019.979,3881287.936,-0.686863,0.120000,0.120000,2.7778,TRACKING
86.914458,129.087993166667,35.074310500000,508022.257,3881287.407,0.012,-2.682800,route_tangent,528,1.484,2.000,530,508019.979,3881287.936,-0.686863,0.120000,0.120000,2.7778,TRACKING
86.964322,129.087993166667,35.074310500000,508022.257,3881287.407,0.012,-2.682800,route_tangent,528,1.484,2.000,530,508019.979,3881287.936,-0.686863,0.120000,0.120000,2.7778,TRACKING
87.014360,129.087993166667,35.074310500000,508022.257,3881287.407,0.012,-2.682800,route_tangent,528,1.484,2.000,530,508019.979,3881287.936,-0.686863,0.120000,0.120000,2.7778,TRACKING
87.064341,129.087993166667,35.074310500000,508022.257,3881287.407,0.012,-2.682800,route_tangent,528,1.484,2.000,530,508019.979,3881287.936,-0.686863,0.120000,0.120000,2.7778,TRACKING
87.114340,129.087993166667,35.074310500000,508022.257,3881287.407,0.012,-2.682800,route_tangent,528,1.484,2.000,530,508019.979,3881287.936,-0.686863,0.120000,0.120000,2.7778,TRACKING
87.164379,129.087993166667,35.074310500000,508022.257,3881287.407,0.012,-2.682800,route_tangent,528,1.484,2.000,530,508019.979,3881287.936,-0.686863,0.120000,0.120000,2.7778,TRACKING
87.214241,129.087993166667,35.074310500000,508022.257,3881287.407,0.012,-2.682800,route_tangent,528,1.484,2.000,530,508019.979,3881287.936,-0.686863,0.120000,0.120000,2.7778,TRACKING
87.264454,129.087993166667,35.074310500000,508022.257,3881287.407,0.012,-2.682800,route_tangent,528,1.484,2.000,530,508019.979,3881287.936,-0.686863,0.120000,0.120000,2.7778,TRACKING
87.314371,129.087993166667,35.074310500000,508022.257,3881287.407,0.012,-2.682800,route_tangent,528,1.484,2.000,530,508019.979,3881287.936,-0.686863,0.120000,0.120000,2.7778,TRACKING
87.364359,129.087993166667,35.074310500000,508022.257,3881287.407,0.012,-2.682800,route_tangent,528,1.484,2.000,530,508019.979,3881287.936,-0.686863,0.120000,0.120000,2.7778,TRACKING
87.414471,129.087993166667,35.074310500000,508022.257,3881287.407,0.012,-2.682800,route_tangent,528,1.484,2.000,530,508019.979,3881287.936,-0.686863,0.120000,0.120000,2.7778,TRACKING
87.464351,129.087993166667,35.074310333333,508022.257,3881287.388,0.006,-2.682800,route_tangent,528,1.501,2.000,530,508019.979,3881287.936,-0.694546,0.120000,0.120000,2.7778,TRACKING
87.514462,129.087993166667,35.074310333333,508022.257,3881287.388,0.006,-2.682800,route_tangent,528,1.501,2.000,530,508019.979,3881287.936,-0.694546,0.120000,0.120000,2.7778,TRACKING
87.564438,129.087993166667,35.074310333333,508022.257,3881287.388,0.006,-2.682800,route_tangent,528,1.501,2.000,530,508019.979,3881287.936,-0.694546,0.120000,0.120000,2.7778,TRACKING
87.615141,129.087993166667,35.074310333333,508022.257,3881287.388,0.006,-2.682800,route_tangent,528,1.501,2.000,530,508019.979,3881287.936,-0.694546,0.120000,0.120000,2.7778,TRACKING
87.664537,129.087993166667,35.074310333333,508022.257,3881287.388,0.006,-2.682800,route_tangent,528,1.501,2.000,530,508019.979,3881287.936,-0.694546,0.120000,0.120000,2.7778,TRACKING
87.714663,129.087993166667,35.074310333333,508022.257,3881287.388,0.029,-2.682800,route_tangent,528,1.501,2.000,530,508019.979,3881287.936,-0.694546,0.120000,0.120000,2.7778,TRACKING
87.764319,129.087993166667,35.074310333333,508022.257,3881287.388,0.029,-2.682800,route_tangent,528,1.501,2.000,530,508019.979,3881287.936,-0.694546,0.120000,0.120000,2.7778,TRACKING
87.814860,129.087993166667,35.074310333333,508022.257,3881287.388,0.029,-2.682800,route_tangent,528,1.501,2.000,530,508019.979,3881287.936,-0.694546,0.120000,0.120000,2.7778,TRACKING
87.864415,129.087993166667,35.074310333333,508022.257,3881287.388,0.029,-2.682800,route_tangent,528,1.501,2.000,530,508019.979,3881287.936,-0.694546,0.120000,0.120000,2.7778,TRACKING
87.914455,129.087993166667,35.074310333333,508022.257,3881287.388,0.029,-2.682800,route_tangent,528,1.501,2.000,530,508019.979,3881287.936,-0.694546,0.120000,0.120000,2.7778,TRACKING
87.964327,129.087993166667,35.074310333333,508022.257,3881287.388,0.023,-2.682800,route_tangent,528,1.501,2.000,530,508019.979,3881287.936,-0.694546,0.120000,0.120000,2.7778,TRACKING
88.014405,129.087993166667,35.074310333333,508022.257,3881287.388,0.023,-2.682800,route_tangent,528,1.501,2.000,530,508019.979,3881287.936,-0.694546,0.120000,0.120000,2.7778,TRACKING
88.064382,129.087993166667,35.074310333333,508022.257,3881287.388,0.023,-2.682800,route_tangent,528,1.501,2.000,530,508019.979,3881287.936,-0.694546,0.120000,0.120000,2.7778,TRACKING
88.114430,129.087993166667,35.074310333333,508022.257,3881287.388,0.023,-2.682800,route_tangent,528,1.501,2.000,530,508019.979,3881287.936,-0.694546,0.120000,0.120000,2.7778,TRACKING
88.164344,129.087993166667,35.074310333333,508022.257,3881287.388,0.023,-2.682800,route_tangent,528,1.501,2.000,530,508019.979,3881287.936,-0.694546,0.120000,0.120000,2.7778,TRACKING
88.214413,129.087993166667,35.074310333333,508022.257,3881287.388,0.012,-2.682800,route_tangent,528,1.501,2.000,530,508019.979,3881287.936,-0.694546,0.120000,0.120000,2.7778,TRACKING
88.264387,129.087993166667,35.074310333333,508022.257,3881287.388,0.012,-2.682800,route_tangent,528,1.501,2.000,530,508019.979,3881287.936,-0.694546,0.120000,0.120000,2.7778,TRACKING
88.314686,129.087993166667,35.074310333333,508022.257,3881287.388,0.012,-2.682800,route_tangent,528,1.501,2.000,530,508019.979,3881287.936,-0.694546,0.120000,0.120000,2.7778,TRACKING
88.364382,129.087993166667,35.074310333333,508022.257,3881287.388,0.012,-2.682800,route_tangent,528,1.501,2.000,530,508019.979,3881287.936,-0.694546,0.120000,0.120000,2.7778,TRACKING
88.414330,129.087993166667,35.074310333333,508022.257,3881287.388,0.012,-2.682800,route_tangent,528,1.501,2.000,530,508019.979,3881287.936,-0.694546,0.120000,0.120000,2.7778,TRACKING
88.464354,129.087993166667,35.074310500000,508022.257,3881287.407,0.013,-2.682800,route_tangent,528,1.484,2.000,530,508019.979,3881287.936,-0.686863,0.120000,0.120000,2.7778,TRACKING
88.514337,129.087993166667,35.074310500000,508022.257,3881287.407,0.013,-2.682800,route_tangent,528,1.484,2.000,530,508019.979,3881287.936,-0.686863,0.120000,0.120000,2.7778,TRACKING
88.564377,129.087993166667,35.074310500000,508022.257,3881287.407,0.013,-2.682800,route_tangent,528,1.484,2.000,530,508019.979,3881287.936,-0.686863,0.120000,0.120000,2.7778,TRACKING
88.614429,129.087993166667,35.074310500000,508022.257,3881287.407,0.013,-2.682800,route_tangent,528,1.484,2.000,530,508019.979,3881287.936,-0.686863,0.120000,0.120000,2.7778,TRACKING
88.664369,129.087993166667,35.074310500000,508022.257,3881287.407,0.013,-2.682800,route_tangent,528,1.484,2.000,530,508019.979,3881287.936,-0.686863,0.120000,0.120000,2.7778,TRACKING
88.714357,129.087993166667,35.074310500000,508022.257,3881287.407,0.013,-2.682800,route_tangent,528,1.484,2.000,530,508019.979,3881287.936,-0.686863,0.120000,0.120000,2.7778,TRACKING
88.764338,129.087993166667,35.074310500000,508022.257,3881287.407,0.013,-2.682800,route_tangent,528,1.484,2.000,530,508019.979,3881287.936,-0.686863,0.120000,0.120000,2.7778,TRACKING
88.814340,129.087993166667,35.074310500000,508022.257,3881287.407,0.013,-2.682800,route_tangent,528,1.484,2.000,530,508019.979,3881287.936,-0.686863,0.120000,0.120000,2.7778,TRACKING
88.864329,129.087993166667,35.074310500000,508022.257,3881287.407,0.013,-2.682800,route_tangent,528,1.484,2.000,530,508019.979,3881287.936,-0.686863,0.120000,0.120000,2.7778,TRACKING
88.914424,129.087993166667,35.074310500000,508022.257,3881287.407,0.013,-2.682800,route_tangent,528,1.484,2.000,530,508019.979,3881287.936,-0.686863,0.120000,0.120000,2.7778,TRACKING
88.964292,129.087993166667,35.074310500000,508022.257,3881287.407,0.020,-2.682800,route_tangent,528,1.484,2.000,530,508019.979,3881287.936,-0.686863,0.120000,0.120000,2.7778,TRACKING
89.015141,129.087993166667,35.074310500000,508022.257,3881287.407,0.020,-2.682800,route_tangent,528,1.484,2.000,530,508019.979,3881287.936,-0.686863,0.120000,0.120000,2.7778,TRACKING
89.064317,129.087993166667,35.074310500000,508022.257,3881287.407,0.020,-2.682800,route_tangent,528,1.484,2.000,530,508019.979,3881287.936,-0.686863,0.120000,0.120000,2.7778,TRACKING
89.114317,129.087993166667,35.074310500000,508022.257,3881287.407,0.020,-2.682800,route_tangent,528,1.484,2.000,530,508019.979,3881287.936,-0.686863,0.120000,0.120000,2.7778,TRACKING
89.164311,129.087993166667,35.074310500000,508022.257,3881287.407,0.020,-2.682800,route_tangent,528,1.484,2.000,530,508019.979,3881287.936,-0.686863,0.120000,0.120000,2.7778,TRACKING
89.214215,129.087993166667,35.074310500000,508022.257,3881287.407,0.014,-2.682800,route_tangent,528,1.484,2.000,530,508019.979,3881287.936,-0.686863,0.120000,0.120000,2.7778,TRACKING
89.264315,129.087993166667,35.074310500000,508022.257,3881287.407,0.014,-2.682800,route_tangent,528,1.484,2.000,530,508019.979,3881287.936,-0.686863,0.120000,0.120000,2.7778,TRACKING
89.314311,129.087993166667,35.074310500000,508022.257,3881287.407,0.014,-2.682800,route_tangent,528,1.484,2.000,530,508019.979,3881287.936,-0.686863,0.120000,0.120000,2.7778,TRACKING
89.364350,129.087993166667,35.074310500000,508022.257,3881287.407,0.014,-2.682800,route_tangent,528,1.484,2.000,530,508019.979,3881287.936,-0.686863,0.120000,0.120000,2.7778,TRACKING
89.414349,129.087993166667,35.074310500000,508022.257,3881287.407,0.014,-2.682800,route_tangent,528,1.484,2.000,530,508019.979,3881287.936,-0.686863,0.120000,0.120000,2.7778,TRACKING
89.464323,129.087993166667,35.074310500000,508022.257,3881287.407,0.014,-2.682800,route_tangent,528,1.484,2.000,530,508019.979,3881287.936,-0.686863,0.120000,0.120000,2.7778,TRACKING
89.514498,129.087993166667,35.074310500000,508022.257,3881287.407,0.014,-2.682800,route_tangent,528,1.484,2.000,530,508019.979,3881287.936,-0.686863,0.120000,0.120000,2.7778,TRACKING
89.564371,129.087993166667,35.074310500000,508022.257,3881287.407,0.014,-2.682800,route_tangent,528,1.484,2.000,530,508019.979,3881287.936,-0.686863,0.120000,0.120000,2.7778,TRACKING
89.614546,129.087993166667,35.074310500000,508022.257,3881287.407,0.014,-2.682800,route_tangent,528,1.484,2.000,530,508019.979,3881287.936,-0.686863,0.120000,0.120000,2.7778,TRACKING
89.664347,129.087993166667,35.074310500000,508022.257,3881287.407,0.014,-2.682800,route_tangent,528,1.484,2.000,530,508019.979,3881287.936,-0.686863,0.120000,0.120000,2.7778,TRACKING
89.714344,129.087993166667,35.074310333333,508022.257,3881287.388,0.020,-2.682800,route_tangent,528,1.501,2.000,530,508019.979,3881287.936,-0.694546,0.120000,0.120000,2.7778,TRACKING
89.764393,129.087993166667,35.074310333333,508022.257,3881287.388,0.020,-2.682800,route_tangent,528,1.501,2.000,530,508019.979,3881287.936,-0.694546,0.120000,0.120000,2.7778,TRACKING
89.814420,129.087993166667,35.074310333333,508022.257,3881287.388,0.020,-2.682800,route_tangent,528,1.501,2.000,530,508019.979,3881287.936,-0.694546,0.120000,0.120000,2.7778,TRACKING
89.864470,129.087993166667,35.074310333333,508022.257,3881287.388,0.020,-2.682800,route_tangent,528,1.501,2.000,530,508019.979,3881287.936,-0.694546,0.120000,0.120000,2.7778,TRACKING
89.914335,129.087993166667,35.074310333333,508022.257,3881287.388,0.020,-2.682800,route_tangent,528,1.501,2.000,530,508019.979,3881287.936,-0.694546,0.120000,0.120000,2.7778,TRACKING
89.964384,129.087993166667,35.074310333333,508022.257,3881287.388,0.020,-2.682800,route_tangent,528,1.501,2.000,530,508019.979,3881287.936,-0.694546,0.120000,0.120000,2.7778,TRACKING
90.014323,129.087993166667,35.074310333333,508022.257,3881287.388,0.020,-2.682800,route_tangent,528,1.501,2.000,530,508019.979,3881287.936,-0.694546,0.120000,0.120000,2.7778,TRACKING
90.064372,129.087993166667,35.074310333333,508022.257,3881287.388,0.020,-2.682800,route_tangent,528,1.501,2.000,530,508019.979,3881287.936,-0.694546,0.120000,0.120000,2.7778,TRACKING
90.114473,129.087993166667,35.074310333333,508022.257,3881287.388,0.020,-2.682800,route_tangent,528,1.501,2.000,530,508019.979,3881287.936,-0.694546,0.120000,0.120000,2.7778,TRACKING
90.164455,129.087993166667,35.074310333333,508022.257,3881287.388,0.020,-2.682800,route_tangent,528,1.501,2.000,530,508019.979,3881287.936,-0.694546,0.120000,0.120000,2.7778,TRACKING
90.214472,129.087993166667,35.074310333333,508022.257,3881287.388,0.008,-2.682800,route_tangent,528,1.501,2.000,530,508019.979,3881287.936,-0.694546,0.120000,0.120000,2.7778,TRACKING
90.264343,129.087993166667,35.074310333333,508022.257,3881287.388,0.008,-2.682800,route_tangent,528,1.501,2.000,530,508019.979,3881287.936,-0.694546,0.120000,0.120000,2.7778,TRACKING
90.314345,129.087993166667,35.074310333333,508022.257,3881287.388,0.008,-2.682800,route_tangent,528,1.501,2.000,530,508019.979,3881287.936,-0.694546,0.120000,0.120000,2.7778,TRACKING
90.364335,129.087993166667,35.074310333333,508022.257,3881287.388,0.008,-2.682800,route_tangent,528,1.501,2.000,530,508019.979,3881287.936,-0.694546,0.120000,0.120000,2.7778,TRACKING
90.414642,129.087993166667,35.074310333333,508022.257,3881287.388,0.008,-2.682800,route_tangent,528,1.501,2.000,530,508019.979,3881287.936,-0.694546,0.120000,0.120000,2.7778,TRACKING
90.464573,129.087993166667,35.074310500000,508022.257,3881287.407,0.003,-2.682800,route_tangent,528,1.484,2.000,530,508019.979,3881287.936,-0.686863,0.120000,0.120000,2.7778,TRACKING
90.514439,129.087993166667,35.074310500000,508022.257,3881287.407,0.003,-2.682800,route_tangent,528,1.484,2.000,530,508019.979,3881287.936,-0.686863,0.120000,0.120000,2.7778,TRACKING
90.564337,129.087993166667,35.074310500000,508022.257,3881287.407,0.003,-2.682800,route_tangent,528,1.484,2.000,530,508019.979,3881287.936,-0.686863,0.120000,0.120000,2.7778,TRACKING
90.614341,129.087993166667,35.074310500000,508022.257,3881287.407,0.003,-2.682800,route_tangent,528,1.484,2.000,530,508019.979,3881287.936,-0.686863,0.120000,0.120000,2.7778,TRACKING
90.664674,129.087993166667,35.074310500000,508022.257,3881287.407,0.003,-2.682800,route_tangent,528,1.484,2.000,530,508019.979,3881287.936,-0.686863,0.120000,0.120000,2.7778,TRACKING
90.714355,129.087993166667,35.074310500000,508022.257,3881287.407,0.013,-2.682800,route_tangent,528,1.484,2.000,530,508019.979,3881287.936,-0.686863,0.120000,0.120000,2.7778,TRACKING
90.764413,129.087993166667,35.074310500000,508022.257,3881287.407,0.013,-2.682800,route_tangent,528,1.484,2.000,530,508019.979,3881287.936,-0.686863,0.120000,0.120000,2.7778,TRACKING
90.814437,129.087993166667,35.074310500000,508022.257,3881287.407,0.013,-2.682800,route_tangent,528,1.484,2.000,530,508019.979,3881287.936,-0.686863,0.120000,0.120000,2.7778,TRACKING
90.864720,129.087993166667,35.074310500000,508022.257,3881287.407,0.013,-2.682800,route_tangent,528,1.484,2.000,530,508019.979,3881287.936,-0.686863,0.120000,0.120000,2.7778,TRACKING
90.914368,129.087993166667,35.074310500000,508022.257,3881287.407,0.013,-2.682800,route_tangent,528,1.484,2.000,530,508019.979,3881287.936,-0.686863,0.120000,0.120000,2.7778,TRACKING
90.964650,129.087993166667,35.074310500000,508022.257,3881287.407,0.011,-2.682800,route_tangent,528,1.484,2.000,530,508019.979,3881287.936,-0.686863,0.120000,0.120000,2.7778,TRACKING
91.014366,129.087993166667,35.074310500000,508022.257,3881287.407,0.011,-2.682800,route_tangent,528,1.484,2.000,530,508019.979,3881287.936,-0.686863,0.120000,0.120000,2.7778,TRACKING
91.064617,129.087993166667,35.074310500000,508022.257,3881287.407,0.011,-2.682800,route_tangent,528,1.484,2.000,530,508019.979,3881287.936,-0.686863,0.120000,0.120000,2.7778,TRACKING
91.114395,129.087993166667,35.074310500000,508022.257,3881287.407,0.011,-2.682800,route_tangent,528,1.484,2.000,530,508019.979,3881287.936,-0.686863,0.120000,0.120000,2.7778,TRACKING
91.164841,129.087993166667,35.074310500000,508022.257,3881287.407,0.011,-2.682800,route_tangent,528,1.484,2.000,530,508019.979,3881287.936,-0.686863,0.120000,0.120000,2.7778,TRACKING
91.214586,129.087993166667,35.074310500000,508022.257,3881287.407,0.011,-2.682800,route_tangent,528,1.484,2.000,530,508019.979,3881287.936,-0.686863,0.120000,0.120000,2.7778,TRACKING
91.264316,129.087993333333,35.074310500000,508022.272,3881287.407,0.014,-2.682800,route_tangent,528,1.489,2.000,530,508019.979,3881287.936,-0.685398,0.120000,0.120000,2.7778,TRACKING
91.314477,129.087993333333,35.074310500000,508022.272,3881287.407,0.014,-2.682800,route_tangent,528,1.489,2.000,530,508019.979,3881287.936,-0.685398,0.120000,0.120000,2.7778,TRACKING
91.364318,129.087993333333,35.074310500000,508022.272,3881287.407,0.014,-2.682800,route_tangent,528,1.489,2.000,530,508019.979,3881287.936,-0.685398,0.120000,0.120000,2.7778,TRACKING
91.414426,129.087993333333,35.074310500000,508022.272,3881287.407,0.014,-2.682800,route_tangent,528,1.489,2.000,530,508019.979,3881287.936,-0.685398,0.120000,0.120000,2.7778,TRACKING
91.464329,129.087993166667,35.074310333333,508022.257,3881287.388,0.013,-2.682800,route_tangent,528,1.501,2.000,530,508019.979,3881287.936,-0.694546,0.120000,0.120000,2.7778,TRACKING
91.514667,129.087993166667,35.074310333333,508022.257,3881287.388,0.013,-2.682800,route_tangent,528,1.501,2.000,530,508019.979,3881287.936,-0.694546,0.120000,0.120000,2.7778,TRACKING
91.564343,129.087993166667,35.074310333333,508022.257,3881287.388,0.013,-2.682800,route_tangent,528,1.501,2.000,530,508019.979,3881287.936,-0.694546,0.120000,0.120000,2.7778,TRACKING
91.614432,129.087993166667,35.074310333333,508022.257,3881287.388,0.013,-2.682800,route_tangent,528,1.501,2.000,530,508019.979,3881287.936,-0.694546,0.120000,0.120000,2.7778,TRACKING
91.664315,129.087993166667,35.074310333333,508022.257,3881287.388,0.013,-2.682800,route_tangent,528,1.501,2.000,530,508019.979,3881287.936,-0.694546,0.120000,0.120000,2.7778,TRACKING
91.714320,129.087993166667,35.074310333333,508022.257,3881287.388,0.015,-2.682800,route_tangent,528,1.501,2.000,530,508019.979,3881287.936,-0.694546,0.120000,0.120000,2.7778,TRACKING
91.764616,129.087993166667,35.074310333333,508022.257,3881287.388,0.015,-2.682800,route_tangent,528,1.501,2.000,530,508019.979,3881287.936,-0.694546,0.120000,0.120000,2.7778,TRACKING
91.814502,129.087993166667,35.074310333333,508022.257,3881287.388,0.015,-2.682800,route_tangent,528,1.501,2.000,530,508019.979,3881287.936,-0.694546,0.120000,0.120000,2.7778,TRACKING
91.864342,129.087993166667,35.074310333333,508022.257,3881287.388,0.015,-2.682800,route_tangent,528,1.501,2.000,530,508019.979,3881287.936,-0.694546,0.120000,0.120000,2.7778,TRACKING
91.914469,129.087993166667,35.074310333333,508022.257,3881287.388,0.015,-2.682800,route_tangent,528,1.501,2.000,530,508019.979,3881287.936,-0.694546,0.120000,0.120000,2.7778,TRACKING
91.964330,129.087993166667,35.074310333333,508022.257,3881287.388,0.016,-2.682800,route_tangent,528,1.501,2.000,530,508019.979,3881287.936,-0.694546,0.120000,0.120000,2.7778,TRACKING
92.014486,129.087993166667,35.074310333333,508022.257,3881287.388,0.016,-2.682800,route_tangent,528,1.501,2.000,530,508019.979,3881287.936,-0.694546,0.120000,0.120000,2.7778,TRACKING
92.064361,129.087993166667,35.074310333333,508022.257,3881287.388,0.016,-2.682800,route_tangent,528,1.501,2.000,530,508019.979,3881287.936,-0.694546,0.120000,0.120000,2.7778,TRACKING
92.114435,129.087993166667,35.074310333333,508022.257,3881287.388,0.016,-2.682800,route_tangent,528,1.501,2.000,530,508019.979,3881287.936,-0.694546,0.120000,0.120000,2.7778,TRACKING
92.164349,129.087993166667,35.074310333333,508022.257,3881287.388,0.016,-2.682800,route_tangent,528,1.501,2.000,530,508019.979,3881287.936,-0.694546,0.120000,0.120000,2.7778,TRACKING
92.214758,129.087993166667,35.074310333333,508022.257,3881287.388,0.010,-2.682800,route_tangent,528,1.501,2.000,530,508019.979,3881287.936,-0.694546,0.120000,0.120000,2.7778,TRACKING
92.264368,129.087993166667,35.074310333333,508022.257,3881287.388,0.010,-2.682800,route_tangent,528,1.501,2.000,530,508019.979,3881287.936,-0.694546,0.120000,0.120000,2.7778,TRACKING
92.314364,129.087993166667,35.074310333333,508022.257,3881287.388,0.010,-2.682800,route_tangent,528,1.501,2.000,530,508019.979,3881287.936,-0.694546,0.120000,0.120000,2.7778,TRACKING
92.364350,129.087993166667,35.074310333333,508022.257,3881287.388,0.010,-2.682800,route_tangent,528,1.501,2.000,530,508019.979,3881287.936,-0.694546,0.120000,0.120000,2.7778,TRACKING
92.414351,129.087993166667,35.074310333333,508022.257,3881287.388,0.010,-2.682800,route_tangent,528,1.501,2.000,530,508019.979,3881287.936,-0.694546,0.120000,0.120000,2.7778,TRACKING
92.464588,129.087993166667,35.074310333333,508022.257,3881287.388,0.006,-2.682800,route_tangent,528,1.501,2.000,530,508019.979,3881287.936,-0.694546,0.120000,0.120000,2.7778,TRACKING
92.514453,129.087993166667,35.074310333333,508022.257,3881287.388,0.006,-2.682800,route_tangent,528,1.501,2.000,530,508019.979,3881287.936,-0.694546,0.120000,0.120000,2.7778,TRACKING
92.564342,129.087993166667,35.074310333333,508022.257,3881287.388,0.006,-2.682800,route_tangent,528,1.501,2.000,530,508019.979,3881287.936,-0.694546,0.120000,0.120000,2.7778,TRACKING
92.614527,129.087993166667,35.074310333333,508022.257,3881287.388,0.006,-2.682800,route_tangent,528,1.501,2.000,530,508019.979,3881287.936,-0.694546,0.120000,0.120000,2.7778,TRACKING
92.664341,129.087993166667,35.074310333333,508022.257,3881287.388,0.006,-2.682800,route_tangent,528,1.501,2.000,530,508019.979,3881287.936,-0.694546,0.120000,0.120000,2.7778,TRACKING
92.714319,129.087993166667,35.074310333333,508022.257,3881287.388,0.007,-2.682800,route_tangent,528,1.501,2.000,530,508019.979,3881287.936,-0.694546,0.120000,0.120000,2.7778,TRACKING
92.764335,129.087993166667,35.074310333333,508022.257,3881287.388,0.007,-2.682800,route_tangent,528,1.501,2.000,530,508019.979,3881287.936,-0.694546,0.120000,0.120000,2.7778,TRACKING
92.814398,129.087993166667,35.074310333333,508022.257,3881287.388,0.007,-2.682800,route_tangent,528,1.501,2.000,530,508019.979,3881287.936,-0.694546,0.120000,0.120000,2.7778,TRACKING
92.864349,129.087993166667,35.074310333333,508022.257,3881287.388,0.007,-2.682800,route_tangent,528,1.501,2.000,530,508019.979,3881287.936,-0.694546,0.120000,0.120000,2.7778,TRACKING
92.914462,129.087993166667,35.074310333333,508022.257,3881287.388,0.007,-2.682800,route_tangent,528,1.501,2.000,530,508019.979,3881287.936,-0.694546,0.120000,0.120000,2.7778,TRACKING
92.964336,129.087993166667,35.074310333333,508022.257,3881287.388,0.007,-2.682800,route_tangent,528,1.501,2.000,530,508019.979,3881287.936,-0.694546,0.120000,0.120000,2.7778,TRACKING
93.014404,129.087993166667,35.074310333333,508022.257,3881287.388,0.007,-2.682800,route_tangent,528,1.501,2.000,530,508019.979,3881287.936,-0.694546,0.120000,0.120000,2.7778,TRACKING
93.064545,129.087993166667,35.074310333333,508022.257,3881287.388,0.007,-2.682800,route_tangent,528,1.501,2.000,530,508019.979,3881287.936,-0.694546,0.120000,0.120000,2.7778,TRACKING
93.114791,129.087993166667,35.074310333333,508022.257,3881287.388,0.007,-2.682800,route_tangent,528,1.501,2.000,530,508019.979,3881287.936,-0.694546,0.120000,0.120000,2.7778,TRACKING
93.164423,129.087993166667,35.074310333333,508022.257,3881287.388,0.007,-2.682800,route_tangent,528,1.501,2.000,530,508019.979,3881287.936,-0.694546,0.120000,0.120000,2.7778,TRACKING
93.214271,129.087993166667,35.074310333333,508022.257,3881287.388,0.006,-2.682800,route_tangent,528,1.501,2.000,530,508019.979,3881287.936,-0.694546,0.120000,0.120000,2.7778,TRACKING
93.264374,129.087993166667,35.074310333333,508022.257,3881287.388,0.006,-2.682800,route_tangent,528,1.501,2.000,530,508019.979,3881287.936,-0.694546,0.120000,0.120000,2.7778,TRACKING
93.314348,129.087993166667,35.074310333333,508022.257,3881287.388,0.006,-2.682800,route_tangent,528,1.501,2.000,530,508019.979,3881287.936,-0.694546,0.120000,0.120000,2.7778,TRACKING
93.364330,129.087993166667,35.074310333333,508022.257,3881287.388,0.006,-2.682800,route_tangent,528,1.501,2.000,530,508019.979,3881287.936,-0.694546,0.120000,0.120000,2.7778,TRACKING
93.414342,129.087993166667,35.074310333333,508022.257,3881287.388,0.006,-2.682800,route_tangent,528,1.501,2.000,530,508019.979,3881287.936,-0.694546,0.120000,0.120000,2.7778,TRACKING
93.465283,129.087993166667,35.074310333333,508022.257,3881287.388,0.004,-2.682800,route_tangent,528,1.501,2.000,530,508019.979,3881287.936,-0.694546,0.120000,0.120000,2.7778,TRACKING
93.514345,129.087993166667,35.074310333333,508022.257,3881287.388,0.004,-2.682800,route_tangent,528,1.501,2.000,530,508019.979,3881287.936,-0.694546,0.120000,0.120000,2.7778,TRACKING
93.564372,129.087993166667,35.074310333333,508022.257,3881287.388,0.004,-2.682800,route_tangent,528,1.501,2.000,530,508019.979,3881287.936,-0.694546,0.120000,0.120000,2.7778,TRACKING
93.614357,129.087993166667,35.074310333333,508022.257,3881287.388,0.004,-2.682800,route_tangent,528,1.501,2.000,530,508019.979,3881287.936,-0.694546,0.120000,0.120000,2.7778,TRACKING
93.664392,129.087993166667,35.074310333333,508022.257,3881287.388,0.004,-2.682800,route_tangent,528,1.501,2.000,530,508019.979,3881287.936,-0.694546,0.120000,0.120000,2.7778,TRACKING
93.714384,129.087993166667,35.074310166667,508022.257,3881287.370,0.026,-2.682800,route_tangent,528,1.519,2.000,530,508019.979,3881287.936,-0.702200,0.120000,0.120000,2.7778,TRACKING
93.764579,129.087993166667,35.074310166667,508022.257,3881287.370,0.026,-2.682800,route_tangent,528,1.519,2.000,530,508019.979,3881287.936,-0.702200,0.120000,0.120000,2.7778,TRACKING
93.814463,129.087993166667,35.074310166667,508022.257,3881287.370,0.026,-2.682800,route_tangent,528,1.519,2.000,530,508019.979,3881287.936,-0.702200,0.120000,0.120000,2.7778,TRACKING
93.864358,129.087993166667,35.074310166667,508022.257,3881287.370,0.026,-2.682800,route_tangent,528,1.519,2.000,530,508019.979,3881287.936,-0.702200,0.120000,0.120000,2.7778,TRACKING
93.914337,129.087993166667,35.074310166667,508022.257,3881287.370,0.026,-2.682800,route_tangent,528,1.519,2.000,530,508019.979,3881287.936,-0.702200,0.120000,0.120000,2.7778,TRACKING
93.965236,129.087993166667,35.074310166667,508022.257,3881287.370,0.026,-2.682800,route_tangent,528,1.519,2.000,530,508019.979,3881287.936,-0.702200,0.120000,0.120000,2.7778,TRACKING
94.014530,129.087993166667,35.074310166667,508022.257,3881287.370,0.026,-2.682800,route_tangent,528,1.519,2.000,530,508019.979,3881287.936,-0.702200,0.120000,0.120000,2.7778,TRACKING
94.064684,129.087993166667,35.074310166667,508022.257,3881287.370,0.026,-2.682800,route_tangent,528,1.519,2.000,530,508019.979,3881287.936,-0.702200,0.120000,0.120000,2.7778,TRACKING
94.114520,129.087993166667,35.074310166667,508022.257,3881287.370,0.026,-2.682800,route_tangent,528,1.519,2.000,530,508019.979,3881287.936,-0.702200,0.120000,0.120000,2.7778,TRACKING
94.164650,129.087993166667,35.074310166667,508022.257,3881287.370,0.026,-2.682800,route_tangent,528,1.519,2.000,530,508019.979,3881287.936,-0.702200,0.120000,0.120000,2.7778,TRACKING
94.214638,129.087993166667,35.074310166667,508022.257,3881287.370,0.016,-2.682800,route_tangent,528,1.519,2.000,530,508019.979,3881287.936,-0.702200,0.120000,0.120000,2.7778,TRACKING
94.264360,129.087993166667,35.074310166667,508022.257,3881287.370,0.016,-2.682800,route_tangent,528,1.519,2.000,530,508019.979,3881287.936,-0.702200,0.120000,0.120000,2.7778,TRACKING
94.314330,129.087993166667,35.074310166667,508022.257,3881287.370,0.016,-2.682800,route_tangent,528,1.519,2.000,530,508019.979,3881287.936,-0.702200,0.120000,0.120000,2.7778,TRACKING
94.364321,129.087993166667,35.074310166667,508022.257,3881287.370,0.016,-2.682800,route_tangent,528,1.519,2.000,530,508019.979,3881287.936,-0.702200,0.120000,0.120000,2.7778,TRACKING
94.414488,129.087993166667,35.074310166667,508022.257,3881287.370,0.016,-2.682800,route_tangent,528,1.519,2.000,530,508019.979,3881287.936,-0.702200,0.120000,0.120000,2.7778,TRACKING
94.464322,129.087993000000,35.074310166667,508022.242,3881287.370,0.007,-2.682800,route_tangent,528,1.514,2.000,530,508019.979,3881287.936,-0.703775,0.120000,0.120000,2.7778,TRACKING
94.514341,129.087993000000,35.074310166667,508022.242,3881287.370,0.007,-2.682800,route_tangent,528,1.514,2.000,530,508019.979,3881287.936,-0.703775,0.120000,0.120000,2.7778,TRACKING
94.564439,129.087993000000,35.074310166667,508022.242,3881287.370,0.007,-2.682800,route_tangent,528,1.514,2.000,530,508019.979,3881287.936,-0.703775,0.120000,0.120000,2.7778,TRACKING
94.614623,129.087993000000,35.074310166667,508022.242,3881287.370,0.007,-2.682800,route_tangent,528,1.514,2.000,530,508019.979,3881287.936,-0.703775,0.120000,0.120000,2.7778,TRACKING
94.664474,129.087993000000,35.074310166667,508022.242,3881287.370,0.007,-2.682800,route_tangent,528,1.514,2.000,530,508019.979,3881287.936,-0.703775,0.120000,0.120000,2.7778,TRACKING
94.714625,129.087993000000,35.074310166667,508022.242,3881287.370,0.006,-2.682800,route_tangent,528,1.514,2.000,530,508019.979,3881287.936,-0.703775,0.120000,0.120000,2.7778,TRACKING
94.764332,129.087993000000,35.074310166667,508022.242,3881287.370,0.006,-2.682800,route_tangent,528,1.514,2.000,530,508019.979,3881287.936,-0.703775,0.120000,0.120000,2.7778,TRACKING
94.814642,129.087993000000,35.074310166667,508022.242,3881287.370,0.006,-2.682800,route_tangent,528,1.514,2.000,530,508019.979,3881287.936,-0.703775,0.120000,0.120000,2.7778,TRACKING
94.864322,129.087993000000,35.074310166667,508022.242,3881287.370,0.006,-2.682800,route_tangent,528,1.514,2.000,530,508019.979,3881287.936,-0.703775,0.120000,0.120000,2.7778,TRACKING
94.914471,129.087993000000,35.074310166667,508022.242,3881287.370,0.006,-2.682800,route_tangent,528,1.514,2.000,530,508019.979,3881287.936,-0.703775,0.120000,0.120000,2.7778,TRACKING
94.964465,129.087993166667,35.074310166667,508022.257,3881287.370,0.002,-2.682800,route_tangent,528,1.519,2.000,530,508019.979,3881287.936,-0.702200,0.120000,0.120000,2.7778,TRACKING
95.014340,129.087993166667,35.074310166667,508022.257,3881287.370,0.002,-2.682800,route_tangent,528,1.519,2.000,530,508019.979,3881287.936,-0.702200,0.120000,0.120000,2.7778,TRACKING
95.064324,129.087993166667,35.074310166667,508022.257,3881287.370,0.002,-2.682800,route_tangent,528,1.519,2.000,530,508019.979,3881287.936,-0.702200,0.120000,0.120000,2.7778,TRACKING
95.114318,129.087993166667,35.074310166667,508022.257,3881287.370,0.002,-2.682800,route_tangent,528,1.519,2.000,530,508019.979,3881287.936,-0.702200,0.120000,0.120000,2.7778,TRACKING
95.164335,129.087993166667,35.074310166667,508022.257,3881287.370,0.002,-2.682800,route_tangent,528,1.519,2.000,530,508019.979,3881287.936,-0.702200,0.120000,0.120000,2.7778,TRACKING
95.214327,129.087993166667,35.074310166667,508022.257,3881287.370,0.002,-2.682800,route_tangent,528,1.519,2.000,530,508019.979,3881287.936,-0.702200,0.120000,0.120000,2.7778,TRACKING
95.264329,129.087993000000,35.074310166667,508022.242,3881287.370,0.003,-2.682800,route_tangent,528,1.514,2.000,530,508019.979,3881287.936,-0.703775,0.120000,0.120000,2.7778,TRACKING
95.314454,129.087993000000,35.074310166667,508022.242,3881287.370,0.003,-2.682800,route_tangent,528,1.514,2.000,530,508019.979,3881287.936,-0.703775,0.120000,0.120000,2.7778,TRACKING
95.364378,129.087993000000,35.074310166667,508022.242,3881287.370,0.003,-2.682800,route_tangent,528,1.514,2.000,530,508019.979,3881287.936,-0.703775,0.120000,0.120000,2.7778,TRACKING
95.414339,129.087993000000,35.074310166667,508022.242,3881287.370,0.003,-2.682800,route_tangent,528,1.514,2.000,530,508019.979,3881287.936,-0.703775,0.120000,0.120000,2.7778,TRACKING
95.464370,129.087993000000,35.074310166667,508022.242,3881287.370,0.009,-2.682800,route_tangent,528,1.514,2.000,530,508019.979,3881287.936,-0.703775,0.120000,0.120000,2.7778,TRACKING
95.514325,129.087993000000,35.074310166667,508022.242,3881287.370,0.009,-2.682800,route_tangent,528,1.514,2.000,530,508019.979,3881287.936,-0.703775,0.120000,0.120000,2.7778,TRACKING
95.564362,129.087993000000,35.074310166667,508022.242,3881287.370,0.009,-2.682800,route_tangent,528,1.514,2.000,530,508019.979,3881287.936,-0.703775,0.120000,0.120000,2.7778,TRACKING
95.614485,129.087993000000,35.074310166667,508022.242,3881287.370,0.009,-2.682800,route_tangent,528,1.514,2.000,530,508019.979,3881287.936,-0.703775,0.120000,0.120000,2.7778,TRACKING
95.664363,129.087993000000,35.074310166667,508022.242,3881287.370,0.009,-2.682800,route_tangent,528,1.514,2.000,530,508019.979,3881287.936,-0.703775,0.120000,0.120000,2.7778,TRACKING
95.714371,129.087993000000,35.074310166667,508022.242,3881287.370,0.010,-2.682800,route_tangent,528,1.514,2.000,530,508019.979,3881287.936,-0.703775,0.120000,0.120000,2.7778,TRACKING
95.764365,129.087993000000,35.074310166667,508022.242,3881287.370,0.010,-2.682800,route_tangent,528,1.514,2.000,530,508019.979,3881287.936,-0.703775,0.120000,0.120000,2.7778,TRACKING
95.814350,129.087993000000,35.074310166667,508022.242,3881287.370,0.010,-2.682800,route_tangent,528,1.514,2.000,530,508019.979,3881287.936,-0.703775,0.120000,0.120000,2.7778,TRACKING
95.864342,129.087993000000,35.074310166667,508022.242,3881287.370,0.010,-2.682800,route_tangent,528,1.514,2.000,530,508019.979,3881287.936,-0.703775,0.120000,0.120000,2.7778,TRACKING
95.914521,129.087993000000,35.074310166667,508022.242,3881287.370,0.010,-2.682800,route_tangent,528,1.514,2.000,530,508019.979,3881287.936,-0.703775,0.120000,0.120000,2.7778,TRACKING
95.965011,129.087993000000,35.074310166667,508022.242,3881287.370,0.006,-2.682800,route_tangent,528,1.514,2.000,530,508019.979,3881287.936,-0.703775,0.120000,0.120000,2.7778,TRACKING
96.014323,129.087993000000,35.074310166667,508022.242,3881287.370,0.006,-2.682800,route_tangent,528,1.514,2.000,530,508019.979,3881287.936,-0.703775,0.120000,0.120000,2.7778,TRACKING
96.064376,129.087993000000,35.074310166667,508022.242,3881287.370,0.006,-2.682800,route_tangent,528,1.514,2.000,530,508019.979,3881287.936,-0.703775,0.120000,0.120000,2.7778,TRACKING
96.114346,129.087993000000,35.074310166667,508022.242,3881287.370,0.006,-2.682800,route_tangent,528,1.514,2.000,530,508019.979,3881287.936,-0.703775,0.120000,0.120000,2.7778,TRACKING
96.164343,129.087993000000,35.074310166667,508022.242,3881287.370,0.006,-2.682800,route_tangent,528,1.514,2.000,530,508019.979,3881287.936,-0.703775,0.120000,0.120000,2.7778,TRACKING
96.215092,129.087993000000,35.074310166667,508022.242,3881287.370,0.003,-2.682800,route_tangent,528,1.514,2.000,530,508019.979,3881287.936,-0.703775,0.120000,0.120000,2.7778,TRACKING
96.264604,129.087993000000,35.074310166667,508022.242,3881287.370,0.003,-2.682800,route_tangent,528,1.514,2.000,530,508019.979,3881287.936,-0.703775,0.120000,0.120000,2.7778,TRACKING
96.314624,129.087993000000,35.074310166667,508022.242,3881287.370,0.003,-2.682800,route_tangent,528,1.514,2.000,530,508019.979,3881287.936,-0.703775,0.120000,0.120000,2.7778,TRACKING
96.364335,129.087993000000,35.074310166667,508022.242,3881287.370,0.003,-2.682800,route_tangent,528,1.514,2.000,530,508019.979,3881287.936,-0.703775,0.120000,0.120000,2.7778,TRACKING
96.414490,129.087993000000,35.074310166667,508022.242,3881287.370,0.003,-2.682800,route_tangent,528,1.514,2.000,530,508019.979,3881287.936,-0.703775,0.120000,0.120000,2.7778,TRACKING
96.464337,129.087993000000,35.074310166667,508022.242,3881287.370,0.002,-2.682800,route_tangent,528,1.514,2.000,530,508019.979,3881287.936,-0.703775,0.120000,0.120000,2.7778,TRACKING
96.514511,129.087993000000,35.074310166667,508022.242,3881287.370,0.002,-2.682800,route_tangent,528,1.514,2.000,530,508019.979,3881287.936,-0.703775,0.120000,0.120000,2.7778,TRACKING
96.564334,129.087993000000,35.074310166667,508022.242,3881287.370,0.002,-2.682800,route_tangent,528,1.514,2.000,530,508019.979,3881287.936,-0.703775,0.120000,0.120000,2.7778,TRACKING
96.614344,129.087993000000,35.074310166667,508022.242,3881287.370,0.002,-2.682800,route_tangent,528,1.514,2.000,530,508019.979,3881287.936,-0.703775,0.120000,0.120000,2.7778,TRACKING
96.664381,129.087993000000,35.074310166667,508022.242,3881287.370,0.002,-2.682800,route_tangent,528,1.514,2.000,530,508019.979,3881287.936,-0.703775,0.120000,0.120000,2.7778,TRACKING
96.715089,129.087993000000,35.074310166667,508022.242,3881287.370,0.002,-2.682800,route_tangent,528,1.514,2.000,530,508019.979,3881287.936,-0.703775,0.120000,0.120000,2.7778,TRACKING
96.764735,129.087993000000,35.074310166667,508022.242,3881287.370,0.002,-2.682800,route_tangent,528,1.514,2.000,530,508019.979,3881287.936,-0.703775,0.120000,0.120000,2.7778,TRACKING
96.814340,129.087993000000,35.074310166667,508022.242,3881287.370,0.002,-2.682800,route_tangent,528,1.514,2.000,530,508019.979,3881287.936,-0.703775,0.120000,0.120000,2.7778,TRACKING
96.864361,129.087993000000,35.074310166667,508022.242,3881287.370,0.002,-2.682800,route_tangent,528,1.514,2.000,530,508019.979,3881287.936,-0.703775,0.120000,0.120000,2.7778,TRACKING
96.914356,129.087993000000,35.074310166667,508022.242,3881287.370,0.002,-2.682800,route_tangent,528,1.514,2.000,530,508019.979,3881287.936,-0.703775,0.120000,0.120000,2.7778,TRACKING
96.964347,129.087993000000,35.074310166667,508022.242,3881287.370,0.002,-2.682800,route_tangent,528,1.514,2.000,530,508019.979,3881287.936,-0.703775,0.120000,0.120000,2.7778,TRACKING
97.014329,129.087993000000,35.074310166667,508022.242,3881287.370,0.002,-2.682800,route_tangent,528,1.514,2.000,530,508019.979,3881287.936,-0.703775,0.120000,0.120000,2.7778,TRACKING
97.064474,129.087993000000,35.074310166667,508022.242,3881287.370,0.002,-2.682800,route_tangent,528,1.514,2.000,530,508019.979,3881287.936,-0.703775,0.120000,0.120000,2.7778,TRACKING
97.114429,129.087993000000,35.074310166667,508022.242,3881287.370,0.002,-2.682800,route_tangent,528,1.514,2.000,530,508019.979,3881287.936,-0.703775,0.120000,0.120000,2.7778,TRACKING
97.164917,129.087993000000,35.074310166667,508022.242,3881287.370,0.002,-2.682800,route_tangent,528,1.514,2.000,530,508019.979,3881287.936,-0.703775,0.120000,0.120000,2.7778,TRACKING
97.214391,129.087993000000,35.074310166667,508022.242,3881287.370,0.002,-2.682800,route_tangent,528,1.514,2.000,530,508019.979,3881287.936,-0.703775,0.120000,0.120000,2.7778,TRACKING
97.264349,129.087993000000,35.074310166667,508022.242,3881287.370,0.002,-2.682800,route_tangent,528,1.514,2.000,530,508019.979,3881287.936,-0.703775,0.120000,0.120000,2.7778,TRACKING
97.314370,129.087993000000,35.074310166667,508022.242,3881287.370,0.002,-2.682800,route_tangent,528,1.514,2.000,530,508019.979,3881287.936,-0.703775,0.120000,0.120000,2.7778,TRACKING
97.364677,129.087993000000,35.074310166667,508022.242,3881287.370,0.002,-2.682800,route_tangent,528,1.514,2.000,530,508019.979,3881287.936,-0.703775,0.120000,0.120000,2.7778,TRACKING
97.414731,129.087993000000,35.074310166667,508022.242,3881287.370,0.002,-2.682800,route_tangent,528,1.514,2.000,530,508019.979,3881287.936,-0.703775,0.120000,0.120000,2.7778,TRACKING
97.464309,129.087993000000,35.074310166667,508022.242,3881287.370,0.008,-2.682800,route_tangent,528,1.514,2.000,530,508019.979,3881287.936,-0.703775,0.120000,0.120000,2.7778,TRACKING
97.514407,129.087993000000,35.074310166667,508022.242,3881287.370,0.008,-2.682800,route_tangent,528,1.514,2.000,530,508019.979,3881287.936,-0.703775,0.120000,0.120000,2.7778,TRACKING
97.564600,129.087993000000,35.074310166667,508022.242,3881287.370,0.008,-2.682800,route_tangent,528,1.514,2.000,530,508019.979,3881287.936,-0.703775,0.120000,0.120000,2.7778,TRACKING
97.614585,129.087993000000,35.074310166667,508022.242,3881287.370,0.008,-2.682800,route_tangent,528,1.514,2.000,530,508019.979,3881287.936,-0.703775,0.120000,0.120000,2.7778,TRACKING
97.664437,129.087993000000,35.074310166667,508022.242,3881287.370,0.008,-2.682800,route_tangent,528,1.514,2.000,530,508019.979,3881287.936,-0.703775,0.120000,0.120000,2.7778,TRACKING
97.714391,129.087993000000,35.074310000000,508022.242,3881287.351,0.008,-2.682800,route_tangent,528,1.532,2.000,530,508019.979,3881287.936,-0.711445,0.120000,0.120000,2.7778,TRACKING
97.764463,129.087993000000,35.074310000000,508022.242,3881287.351,0.008,-2.682800,route_tangent,528,1.532,2.000,530,508019.979,3881287.936,-0.711445,0.120000,0.120000,2.7778,TRACKING
97.814514,129.087993000000,35.074310000000,508022.242,3881287.351,0.008,-2.682800,route_tangent,528,1.532,2.000,530,508019.979,3881287.936,-0.711445,0.120000,0.120000,2.7778,TRACKING
97.864521,129.087993000000,35.074310000000,508022.242,3881287.351,0.008,-2.682800,route_tangent,528,1.532,2.000,530,508019.979,3881287.936,-0.711445,0.120000,0.120000,2.7778,TRACKING
97.914476,129.087993000000,35.074310000000,508022.242,3881287.351,0.008,-2.682800,route_tangent,528,1.532,2.000,530,508019.979,3881287.936,-0.711445,0.120000,0.120000,2.7778,TRACKING
97.964353,129.087993000000,35.074310000000,508022.242,3881287.351,0.008,-2.682800,route_tangent,528,1.532,2.000,530,508019.979,3881287.936,-0.711445,0.120000,0.120000,2.7778,TRACKING
98.014558,129.087993000000,35.074310000000,508022.242,3881287.351,0.008,-2.682800,route_tangent,528,1.532,2.000,530,508019.979,3881287.936,-0.711445,0.120000,0.120000,2.7778,TRACKING
98.064521,129.087993000000,35.074310000000,508022.242,3881287.351,0.008,-2.682800,route_tangent,528,1.532,2.000,530,508019.979,3881287.936,-0.711445,0.120000,0.120000,2.7778,TRACKING
98.114387,129.087993000000,35.074310000000,508022.242,3881287.351,0.008,-2.682800,route_tangent,528,1.532,2.000,530,508019.979,3881287.936,-0.711445,0.120000,0.120000,2.7778,TRACKING
98.164565,129.087993000000,35.074310000000,508022.242,3881287.351,0.008,-2.682800,route_tangent,528,1.532,2.000,530,508019.979,3881287.936,-0.711445,0.120000,0.120000,2.7778,TRACKING
98.214469,129.087993000000,35.074310000000,508022.242,3881287.351,0.005,-2.682800,route_tangent,528,1.532,2.000,530,508019.979,3881287.936,-0.711445,0.120000,0.120000,2.7778,TRACKING
98.264370,129.087993000000,35.074310000000,508022.242,3881287.351,0.005,-2.682800,route_tangent,528,1.532,2.000,530,508019.979,3881287.936,-0.711445,0.120000,0.120000,2.7778,TRACKING
98.314359,129.087993000000,35.074310000000,508022.242,3881287.351,0.005,-2.682800,route_tangent,528,1.532,2.000,530,508019.979,3881287.936,-0.711445,0.120000,0.120000,2.7778,TRACKING
98.364467,129.087993000000,35.074310000000,508022.242,3881287.351,0.005,-2.682800,route_tangent,528,1.532,2.000,530,508019.979,3881287.936,-0.711445,0.120000,0.120000,2.7778,TRACKING
98.414592,129.087993000000,35.074310000000,508022.242,3881287.351,0.005,-2.682800,route_tangent,528,1.532,2.000,530,508019.979,3881287.936,-0.711445,0.120000,0.120000,2.7778,TRACKING
98.464362,129.087993000000,35.074310000000,508022.242,3881287.351,0.008,-2.682800,route_tangent,528,1.532,2.000,530,508019.979,3881287.936,-0.711445,0.120000,0.120000,2.7778,TRACKING
98.514469,129.087993000000,35.074310000000,508022.242,3881287.351,0.008,-2.682800,route_tangent,528,1.532,2.000,530,508019.979,3881287.936,-0.711445,0.120000,0.120000,2.7778,TRACKING
98.564492,129.087993000000,35.074310000000,508022.242,3881287.351,0.008,-2.682800,route_tangent,528,1.532,2.000,530,508019.979,3881287.936,-0.711445,0.120000,0.120000,2.7778,TRACKING
98.614368,129.087993000000,35.074310000000,508022.242,3881287.351,0.008,-2.682800,route_tangent,528,1.532,2.000,530,508019.979,3881287.936,-0.711445,0.120000,0.120000,2.7778,TRACKING
98.664362,129.087993000000,35.074310000000,508022.242,3881287.351,0.008,-2.682800,route_tangent,528,1.532,2.000,530,508019.979,3881287.936,-0.711445,0.120000,0.120000,2.7778,TRACKING
98.714357,129.087993000000,35.074310000000,508022.242,3881287.351,0.011,-2.682800,route_tangent,528,1.532,2.000,530,508019.979,3881287.936,-0.711445,0.120000,0.120000,2.7778,TRACKING
98.764417,129.087993000000,35.074310000000,508022.242,3881287.351,0.011,-2.682800,route_tangent,528,1.532,2.000,530,508019.979,3881287.936,-0.711445,0.120000,0.120000,2.7778,TRACKING
98.814480,129.087993000000,35.074310000000,508022.242,3881287.351,0.011,-2.682800,route_tangent,528,1.532,2.000,530,508019.979,3881287.936,-0.711445,0.120000,0.120000,2.7778,TRACKING
98.864483,129.087993000000,35.074310000000,508022.242,3881287.351,0.011,-2.682800,route_tangent,528,1.532,2.000,530,508019.979,3881287.936,-0.711445,0.120000,0.120000,2.7778,TRACKING
98.914793,129.087993000000,35.074310000000,508022.242,3881287.351,0.011,-2.682800,route_tangent,528,1.532,2.000,530,508019.979,3881287.936,-0.711445,0.120000,0.120000,2.7778,TRACKING
98.964361,129.087993000000,35.074310000000,508022.242,3881287.351,0.008,-2.682800,route_tangent,528,1.532,2.000,530,508019.979,3881287.936,-0.711445,0.120000,0.120000,2.7778,TRACKING
99.014617,129.087993000000,35.074310000000,508022.242,3881287.351,0.008,-2.682800,route_tangent,528,1.532,2.000,530,508019.979,3881287.936,-0.711445,0.120000,0.120000,2.7778,TRACKING
99.064450,129.087993000000,35.074310000000,508022.242,3881287.351,0.008,-2.682800,route_tangent,528,1.532,2.000,530,508019.979,3881287.936,-0.711445,0.120000,0.120000,2.7778,TRACKING
99.114366,129.087993000000,35.074310000000,508022.242,3881287.351,0.008,-2.682800,route_tangent,528,1.532,2.000,530,508019.979,3881287.936,-0.711445,0.120000,0.120000,2.7778,TRACKING
99.164925,129.087993000000,35.074310000000,508022.242,3881287.351,0.008,-2.682800,route_tangent,528,1.532,2.000,530,508019.979,3881287.936,-0.711445,0.120000,0.120000,2.7778,TRACKING
99.214464,129.087993000000,35.074310000000,508022.242,3881287.351,0.008,-2.682800,route_tangent,528,1.532,2.000,530,508019.979,3881287.936,-0.711445,0.120000,0.120000,2.7778,TRACKING
99.264329,129.087993000000,35.074310000000,508022.242,3881287.351,0.008,-2.682800,route_tangent,528,1.532,2.000,530,508019.979,3881287.936,-0.711445,0.120000,0.120000,2.7778,TRACKING
99.314564,129.087993000000,35.074310000000,508022.242,3881287.351,0.008,-2.682800,route_tangent,528,1.532,2.000,530,508019.979,3881287.936,-0.711445,0.120000,0.120000,2.7778,TRACKING
99.364598,129.087993000000,35.074310000000,508022.242,3881287.351,0.008,-2.682800,route_tangent,528,1.532,2.000,530,508019.979,3881287.936,-0.711445,0.120000,0.120000,2.7778,TRACKING
99.414597,129.087993000000,35.074310000000,508022.242,3881287.351,0.008,-2.682800,route_tangent,528,1.532,2.000,530,508019.979,3881287.936,-0.711445,0.120000,0.120000,2.7778,TRACKING
99.464328,129.087993000000,35.074310000000,508022.242,3881287.351,0.008,-2.682800,route_tangent,528,1.532,2.000,530,508019.979,3881287.936,-0.711445,0.120000,0.120000,2.7778,TRACKING
99.515057,129.087993000000,35.074310000000,508022.242,3881287.351,0.008,-2.682800,route_tangent,528,1.532,2.000,530,508019.979,3881287.936,-0.711445,0.120000,0.120000,2.7778,TRACKING
99.564415,129.087993000000,35.074310000000,508022.242,3881287.351,0.008,-2.682800,route_tangent,528,1.532,2.000,530,508019.979,3881287.936,-0.711445,0.120000,0.120000,2.7778,TRACKING
99.614591,129.087993000000,35.074310000000,508022.242,3881287.351,0.008,-2.682800,route_tangent,528,1.532,2.000,530,508019.979,3881287.936,-0.711445,0.120000,0.120000,2.7778,TRACKING
99.664500,129.087993000000,35.074310000000,508022.242,3881287.351,0.008,-2.682800,route_tangent,528,1.532,2.000,530,508019.979,3881287.936,-0.711445,0.120000,0.120000,2.7778,TRACKING
99.714321,129.087993000000,35.074310000000,508022.242,3881287.351,0.008,-2.682800,route_tangent,528,1.532,2.000,530,508019.979,3881287.936,-0.711445,0.120000,0.120000,2.7778,TRACKING
99.764452,129.087993000000,35.074310000000,508022.242,3881287.351,0.008,-2.682800,route_tangent,528,1.532,2.000,530,508019.979,3881287.936,-0.711445,0.120000,0.120000,2.7778,TRACKING
99.814551,129.087993000000,35.074310000000,508022.242,3881287.351,0.008,-2.682800,route_tangent,528,1.532,2.000,530,508019.979,3881287.936,-0.711445,0.120000,0.120000,2.7778,TRACKING
99.864837,129.087993000000,35.074310000000,508022.242,3881287.351,0.008,-2.682800,route_tangent,528,1.532,2.000,530,508019.979,3881287.936,-0.711445,0.120000,0.120000,2.7778,TRACKING
99.914450,129.087993000000,35.074310000000,508022.242,3881287.351,0.008,-2.682800,route_tangent,528,1.532,2.000,530,508019.979,3881287.936,-0.711445,0.120000,0.120000,2.7778,TRACKING
99.964323,129.087993000000,35.074310000000,508022.242,3881287.351,0.003,-2.682800,route_tangent,528,1.532,2.000,530,508019.979,3881287.936,-0.711445,0.120000,0.120000,2.7778,TRACKING
100.014499,129.087993000000,35.074310000000,508022.242,3881287.351,0.003,-2.682800,route_tangent,528,1.532,2.000,530,508019.979,3881287.936,-0.711445,0.120000,0.120000,2.7778,TRACKING
100.064450,129.087993000000,35.074310000000,508022.242,3881287.351,0.003,-2.682800,route_tangent,528,1.532,2.000,530,508019.979,3881287.936,-0.711445,0.120000,0.120000,2.7778,TRACKING
100.114454,129.087993000000,35.074310000000,508022.242,3881287.351,0.003,-2.682800,route_tangent,528,1.532,2.000,530,508019.979,3881287.936,-0.711445,0.120000,0.120000,2.7778,TRACKING
100.164395,129.087993000000,35.074310000000,508022.242,3881287.351,0.003,-2.682800,route_tangent,528,1.532,2.000,530,508019.979,3881287.936,-0.711445,0.120000,0.120000,2.7778,TRACKING
100.214349,129.087993000000,35.074310000000,508022.242,3881287.351,0.003,-2.682800,route_tangent,528,1.532,2.000,530,508019.979,3881287.936,-0.711445,0.120000,0.120000,2.7778,TRACKING
100.264418,129.087993000000,35.074310000000,508022.242,3881287.351,0.003,-2.682800,route_tangent,528,1.532,2.000,530,508019.979,3881287.936,-0.711445,0.120000,0.120000,2.7778,TRACKING
100.314536,129.087993000000,35.074310000000,508022.242,3881287.351,0.003,-2.682800,route_tangent,528,1.532,2.000,530,508019.979,3881287.936,-0.711445,0.120000,0.120000,2.7778,TRACKING
100.364528,129.087993000000,35.074310000000,508022.242,3881287.351,0.003,-2.682800,route_tangent,528,1.532,2.000,530,508019.979,3881287.936,-0.711445,0.120000,0.120000,2.7778,TRACKING
100.414485,129.087993000000,35.074310000000,508022.242,3881287.351,0.003,-2.682800,route_tangent,528,1.532,2.000,530,508019.979,3881287.936,-0.711445,0.120000,0.120000,2.7778,TRACKING
100.464287,129.087993000000,35.074309833333,508022.242,3881287.333,0.012,-2.682800,route_tangent,528,1.549,2.000,530,508019.979,3881287.936,-0.719084,0.120000,0.120000,2.7778,TRACKING
100.514595,129.087993000000,35.074309833333,508022.242,3881287.333,0.012,-2.682800,route_tangent,528,1.549,2.000,530,508019.979,3881287.936,-0.719084,0.120000,0.120000,2.7778,TRACKING
100.564466,129.087993000000,35.074309833333,508022.242,3881287.333,0.012,-2.682800,route_tangent,528,1.549,2.000,530,508019.979,3881287.936,-0.719084,0.120000,0.120000,2.7778,TRACKING
100.614470,129.087993000000,35.074309833333,508022.242,3881287.333,0.012,-2.682800,route_tangent,528,1.549,2.000,530,508019.979,3881287.936,-0.719084,0.120000,0.120000,2.7778,TRACKING
100.664350,129.087993000000,35.074309833333,508022.242,3881287.333,0.012,-2.682800,route_tangent,528,1.549,2.000,530,508019.979,3881287.936,-0.719084,0.120000,0.120000,2.7778,TRACKING
100.714358,129.087993000000,35.074309833333,508022.242,3881287.333,0.012,-2.682800,route_tangent,528,1.549,2.000,530,508019.979,3881287.936,-0.719084,0.120000,0.120000,2.7778,TRACKING
100.764465,129.087993000000,35.074309833333,508022.242,3881287.333,0.012,-2.682800,route_tangent,528,1.549,2.000,530,508019.979,3881287.936,-0.719084,0.120000,0.120000,2.7778,TRACKING
100.814360,129.087993000000,35.074309833333,508022.242,3881287.333,0.012,-2.682800,route_tangent,528,1.549,2.000,530,508019.979,3881287.936,-0.719084,0.120000,0.120000,2.7778,TRACKING
100.864504,129.087993000000,35.074309833333,508022.242,3881287.333,0.012,-2.682800,route_tangent,528,1.549,2.000,530,508019.979,3881287.936,-0.719084,0.120000,0.120000,2.7778,TRACKING
100.914448,129.087993000000,35.074309833333,508022.242,3881287.333,0.012,-2.682800,route_tangent,528,1.549,2.000,530,508019.979,3881287.936,-0.719084,0.120000,0.120000,2.7778,TRACKING
100.964342,129.087992833333,35.074309833333,508022.227,3881287.333,0.014,-2.682800,route_tangent,528,1.545,2.000,530,508019.979,3881287.936,-0.720770,0.120000,0.120000,2.7778,TRACKING
101.014594,129.087992833333,35.074309833333,508022.227,3881287.333,0.014,-2.682800,route_tangent,528,1.545,2.000,530,508019.979,3881287.936,-0.720770,0.120000,0.120000,2.7778,TRACKING
101.064517,129.087992833333,35.074309833333,508022.227,3881287.333,0.014,-2.682800,route_tangent,528,1.545,2.000,530,508019.979,3881287.936,-0.720770,0.120000,0.120000,2.7778,TRACKING
101.114474,129.087992833333,35.074309833333,508022.227,3881287.333,0.014,-2.682800,route_tangent,528,1.545,2.000,530,508019.979,3881287.936,-0.720770,0.120000,0.120000,2.7778,TRACKING
101.165227,129.087992833333,35.074309833333,508022.227,3881287.333,0.014,-2.682800,route_tangent,528,1.545,2.000,530,508019.979,3881287.936,-0.720770,0.120000,0.120000,2.7778,TRACKING
101.214510,129.087992833333,35.074309833333,508022.227,3881287.333,0.014,-2.682800,route_tangent,528,1.545,2.000,530,508019.979,3881287.936,-0.720770,0.120000,0.120000,2.7778,TRACKING
101.264405,129.087992833333,35.074309833333,508022.227,3881287.333,0.013,-2.682800,route_tangent,528,1.545,2.000,530,508019.979,3881287.936,-0.720770,0.120000,0.120000,2.7778,TRACKING
101.314506,129.087992833333,35.074309833333,508022.227,3881287.333,0.013,-2.682800,route_tangent,528,1.545,2.000,530,508019.979,3881287.936,-0.720770,0.120000,0.120000,2.7778,TRACKING
101.365259,129.087992833333,35.074309833333,508022.227,3881287.333,0.013,-2.682800,route_tangent,528,1.545,2.000,530,508019.979,3881287.936,-0.720770,0.120000,0.120000,2.7778,TRACKING
101.414478,129.087992833333,35.074309833333,508022.227,3881287.333,0.013,-2.682800,route_tangent,528,1.545,2.000,530,508019.979,3881287.936,-0.720770,0.120000,0.120000,2.7778,TRACKING
101.464311,129.087993000000,35.074310000000,508022.242,3881287.351,0.015,-2.682800,route_tangent,528,1.532,2.000,530,508019.979,3881287.936,-0.711445,0.120000,0.120000,2.7778,TRACKING
101.514402,129.087993000000,35.074310000000,508022.242,3881287.351,0.015,-2.682800,route_tangent,528,1.532,2.000,530,508019.979,3881287.936,-0.711445,0.120000,0.120000,2.7778,TRACKING
101.564402,129.087993000000,35.074310000000,508022.242,3881287.351,0.015,-2.682800,route_tangent,528,1.532,2.000,530,508019.979,3881287.936,-0.711445,0.120000,0.120000,2.7778,TRACKING
101.614419,129.087993000000,35.074310000000,508022.242,3881287.351,0.015,-2.682800,route_tangent,528,1.532,2.000,530,508019.979,3881287.936,-0.711445,0.120000,0.120000,2.7778,TRACKING
101.664924,129.087993000000,35.074310000000,508022.242,3881287.351,0.015,-2.682800,route_tangent,528,1.532,2.000,530,508019.979,3881287.936,-0.711445,0.120000,0.120000,2.7778,TRACKING
101.714311,129.087993000000,35.074310000000,508022.242,3881287.351,0.010,-2.682800,route_tangent,528,1.532,2.000,530,508019.979,3881287.936,-0.711445,0.120000,0.120000,2.7778,TRACKING
101.764410,129.087993000000,35.074310000000,508022.242,3881287.351,0.010,-2.682800,route_tangent,528,1.532,2.000,530,508019.979,3881287.936,-0.711445,0.120000,0.120000,2.7778,TRACKING
101.814461,129.087993000000,35.074310000000,508022.242,3881287.351,0.010,-2.682800,route_tangent,528,1.532,2.000,530,508019.979,3881287.936,-0.711445,0.120000,0.120000,2.7778,TRACKING
101.864488,129.087993000000,35.074310000000,508022.242,3881287.351,0.010,-2.682800,route_tangent,528,1.532,2.000,530,508019.979,3881287.936,-0.711445,0.120000,0.120000,2.7778,TRACKING
101.914341,129.087993000000,35.074310000000,508022.242,3881287.351,0.010,-2.682800,route_tangent,528,1.532,2.000,530,508019.979,3881287.936,-0.711445,0.120000,0.120000,2.7778,TRACKING
101.964338,129.087993000000,35.074310000000,508022.242,3881287.351,0.010,-2.682800,route_tangent,528,1.532,2.000,530,508019.979,3881287.936,-0.711445,0.120000,0.120000,2.7778,TRACKING
102.014455,129.087993000000,35.074310000000,508022.242,3881287.351,0.010,-2.682800,route_tangent,528,1.532,2.000,530,508019.979,3881287.936,-0.711445,0.120000,0.120000,2.7778,TRACKING
102.064405,129.087993000000,35.074310000000,508022.242,3881287.351,0.010,-2.682800,route_tangent,528,1.532,2.000,530,508019.979,3881287.936,-0.711445,0.120000,0.120000,2.7778,TRACKING
102.114421,129.087993000000,35.074310000000,508022.242,3881287.351,0.010,-2.682800,route_tangent,528,1.532,2.000,530,508019.979,3881287.936,-0.711445,0.120000,0.120000,2.7778,TRACKING
102.164451,129.087993000000,35.074310000000,508022.242,3881287.351,0.010,-2.682800,route_tangent,528,1.532,2.000,530,508019.979,3881287.936,-0.711445,0.120000,0.120000,2.7778,TRACKING
102.215232,129.087993000000,35.074309833333,508022.242,3881287.333,0.010,-2.682800,route_tangent,528,1.549,2.000,530,508019.979,3881287.936,-0.719084,0.120000,0.120000,2.7778,TRACKING
102.264403,129.087993000000,35.074309833333,508022.242,3881287.333,0.010,-2.682800,route_tangent,528,1.549,2.000,530,508019.979,3881287.936,-0.719084,0.120000,0.120000,2.7778,TRACKING
102.314352,129.087993000000,35.074309833333,508022.242,3881287.333,0.010,-2.682800,route_tangent,528,1.549,2.000,530,508019.979,3881287.936,-0.719084,0.120000,0.120000,2.7778,TRACKING
102.364363,129.087993000000,35.074309833333,508022.242,3881287.333,0.010,-2.682800,route_tangent,528,1.549,2.000,530,508019.979,3881287.936,-0.719084,0.120000,0.120000,2.7778,TRACKING
102.414405,129.087993000000,35.074309833333,508022.242,3881287.333,0.010,-2.682800,route_tangent,528,1.549,2.000,530,508019.979,3881287.936,-0.719084,0.120000,0.120000,2.7778,TRACKING
102.464344,129.087993000000,35.074309833333,508022.242,3881287.333,0.006,-2.682800,route_tangent,528,1.549,2.000,530,508019.979,3881287.936,-0.719084,0.120000,0.120000,2.7778,TRACKING
102.514465,129.087993000000,35.074309833333,508022.242,3881287.333,0.006,-2.682800,route_tangent,528,1.549,2.000,530,508019.979,3881287.936,-0.719084,0.120000,0.120000,2.7778,TRACKING
102.564490,129.087993000000,35.074309833333,508022.242,3881287.333,0.006,-2.682800,route_tangent,528,1.549,2.000,530,508019.979,3881287.936,-0.719084,0.120000,0.120000,2.7778,TRACKING
102.614458,129.087993000000,35.074309833333,508022.242,3881287.333,0.006,-2.682800,route_tangent,528,1.549,2.000,530,508019.979,3881287.936,-0.719084,0.120000,0.120000,2.7778,TRACKING
102.664476,129.087993000000,35.074309833333,508022.242,3881287.333,0.006,-2.682800,route_tangent,528,1.549,2.000,530,508019.979,3881287.936,-0.719084,0.120000,0.120000,2.7778,TRACKING
102.714350,129.087993000000,35.074309833333,508022.242,3881287.333,0.015,-2.682800,route_tangent,528,1.549,2.000,530,508019.979,3881287.936,-0.719084,0.120000,0.120000,2.7778,TRACKING
102.764464,129.087993000000,35.074309833333,508022.242,3881287.333,0.015,-2.682800,route_tangent,528,1.549,2.000,530,508019.979,3881287.936,-0.719084,0.120000,0.120000,2.7778,TRACKING
102.814471,129.087993000000,35.074309833333,508022.242,3881287.333,0.015,-2.682800,route_tangent,528,1.549,2.000,530,508019.979,3881287.936,-0.719084,0.120000,0.120000,2.7778,TRACKING
102.864486,129.087993000000,35.074309833333,508022.242,3881287.333,0.015,-2.682800,route_tangent,528,1.549,2.000,530,508019.979,3881287.936,-0.719084,0.120000,0.120000,2.7778,TRACKING
102.914448,129.087993000000,35.074309833333,508022.242,3881287.333,0.015,-2.682800,route_tangent,528,1.549,2.000,530,508019.979,3881287.936,-0.719084,0.120000,0.120000,2.7778,TRACKING
102.964301,129.087993000000,35.074309833333,508022.242,3881287.333,0.015,-2.682800,route_tangent,528,1.549,2.000,530,508019.979,3881287.936,-0.719084,0.120000,0.120000,2.7778,TRACKING
103.014511,129.087993000000,35.074309833333,508022.242,3881287.333,0.015,-2.682800,route_tangent,528,1.549,2.000,530,508019.979,3881287.936,-0.719084,0.120000,0.120000,2.7778,TRACKING
103.064326,129.087993000000,35.074309833333,508022.242,3881287.333,0.015,-2.682800,route_tangent,528,1.549,2.000,530,508019.979,3881287.936,-0.719084,0.120000,0.120000,2.7778,TRACKING
103.114426,129.087993000000,35.074309833333,508022.242,3881287.333,0.015,-2.682800,route_tangent,528,1.549,2.000,530,508019.979,3881287.936,-0.719084,0.120000,0.120000,2.7778,TRACKING
103.164459,129.087993000000,35.074309833333,508022.242,3881287.333,0.015,-2.682800,route_tangent,528,1.549,2.000,530,508019.979,3881287.936,-0.719084,0.120000,0.120000,2.7778,TRACKING
103.214363,129.087993000000,35.074309833333,508022.242,3881287.333,0.015,-2.682800,route_tangent,528,1.549,2.000,530,508019.979,3881287.936,-0.719084,0.120000,0.120000,2.7778,TRACKING
103.264480,129.087993000000,35.074309833333,508022.242,3881287.333,0.016,-2.682800,route_tangent,528,1.549,2.000,530,508019.979,3881287.936,-0.719084,0.120000,0.120000,2.7778,TRACKING
103.314440,129.087993000000,35.074309833333,508022.242,3881287.333,0.016,-2.682800,route_tangent,528,1.549,2.000,530,508019.979,3881287.936,-0.719084,0.120000,0.120000,2.7778,TRACKING
103.364466,129.087993000000,35.074309833333,508022.242,3881287.333,0.016,-2.682800,route_tangent,528,1.549,2.000,530,508019.979,3881287.936,-0.719084,0.120000,0.120000,2.7778,TRACKING
103.414475,129.087993000000,35.074309833333,508022.242,3881287.333,0.016,-2.682800,route_tangent,528,1.549,2.000,530,508019.979,3881287.936,-0.719084,0.120000,0.120000,2.7778,TRACKING
103.464319,129.087992833333,35.074309833333,508022.227,3881287.333,0.005,-2.682800,route_tangent,528,1.545,2.000,530,508019.979,3881287.936,-0.720770,0.120000,0.120000,2.7778,TRACKING
103.514633,129.087992833333,35.074309833333,508022.227,3881287.333,0.005,-2.682800,route_tangent,528,1.545,2.000,530,508019.979,3881287.936,-0.720770,0.120000,0.120000,2.7778,TRACKING
103.564560,129.087992833333,35.074309833333,508022.227,3881287.333,0.005,-2.682800,route_tangent,528,1.545,2.000,530,508019.979,3881287.936,-0.720770,0.120000,0.120000,2.7778,TRACKING
103.614615,129.087992833333,35.074309833333,508022.227,3881287.333,0.005,-2.682800,route_tangent,528,1.545,2.000,530,508019.979,3881287.936,-0.720770,0.120000,0.120000,2.7778,TRACKING
103.664335,129.087992833333,35.074309833333,508022.227,3881287.333,0.005,-2.682800,route_tangent,528,1.545,2.000,530,508019.979,3881287.936,-0.720770,0.120000,0.120000,2.7778,TRACKING
103.714323,129.087992833333,35.074309833333,508022.227,3881287.333,0.022,-2.682800,route_tangent,528,1.545,2.000,530,508019.979,3881287.936,-0.720770,0.120000,0.120000,2.7778,TRACKING
103.764448,129.087992833333,35.074309833333,508022.227,3881287.333,0.022,-2.682800,route_tangent,528,1.545,2.000,530,508019.979,3881287.936,-0.720770,0.120000,0.120000,2.7778,TRACKING
103.814450,129.087992833333,35.074309833333,508022.227,3881287.333,0.022,-2.682800,route_tangent,528,1.545,2.000,530,508019.979,3881287.936,-0.720770,0.120000,0.120000,2.7778,TRACKING
103.864374,129.087992833333,35.074309833333,508022.227,3881287.333,0.022,-2.682800,route_tangent,528,1.545,2.000,530,508019.979,3881287.936,-0.720770,0.120000,0.120000,2.7778,TRACKING
103.914392,129.087992833333,35.074309833333,508022.227,3881287.333,0.022,-2.682800,route_tangent,528,1.545,2.000,530,508019.979,3881287.936,-0.720770,0.120000,0.120000,2.7778,TRACKING
103.964340,129.087993000000,35.074309833333,508022.242,3881287.333,0.007,-2.682800,route_tangent,528,1.549,2.000,530,508019.979,3881287.936,-0.719084,0.120000,0.120000,2.7778,TRACKING
104.014670,129.087993000000,35.074309833333,508022.242,3881287.333,0.007,-2.682800,route_tangent,528,1.549,2.000,530,508019.979,3881287.936,-0.719084,0.120000,0.120000,2.7778,TRACKING
104.064392,129.087993000000,35.074309833333,508022.242,3881287.333,0.007,-2.682800,route_tangent,528,1.549,2.000,530,508019.979,3881287.936,-0.719084,0.120000,0.120000,2.7778,TRACKING
104.114428,129.087993000000,35.074309833333,508022.242,3881287.333,0.007,-2.682800,route_tangent,528,1.549,2.000,530,508019.979,3881287.936,-0.719084,0.120000,0.120000,2.7778,TRACKING
104.164331,129.087993000000,35.074309833333,508022.242,3881287.333,0.007,-2.682800,route_tangent,528,1.549,2.000,530,508019.979,3881287.936,-0.719084,0.120000,0.120000,2.7778,TRACKING
104.214662,129.087992833333,35.074309833333,508022.227,3881287.333,0.009,-2.682800,route_tangent,528,1.545,2.000,530,508019.979,3881287.936,-0.720770,0.120000,0.120000,2.7778,TRACKING
104.264353,129.087992833333,35.074309833333,508022.227,3881287.333,0.009,-2.682800,route_tangent,528,1.545,2.000,530,508019.979,3881287.936,-0.720770,0.120000,0.120000,2.7778,TRACKING
104.314373,129.087992833333,35.074309833333,508022.227,3881287.333,0.009,-2.682800,route_tangent,528,1.545,2.000,530,508019.979,3881287.936,-0.720770,0.120000,0.120000,2.7778,TRACKING
104.364360,129.087992833333,35.074309833333,508022.227,3881287.333,0.009,-2.682800,route_tangent,528,1.545,2.000,530,508019.979,3881287.936,-0.720770,0.120000,0.120000,2.7778,TRACKING
104.414466,129.087992833333,35.074309833333,508022.227,3881287.333,0.009,-2.682800,route_tangent,528,1.545,2.000,530,508019.979,3881287.936,-0.720770,0.120000,0.120000,2.7778,TRACKING
104.464353,129.087992833333,35.074309833333,508022.227,3881287.333,0.012,-2.682800,route_tangent,528,1.545,2.000,530,508019.979,3881287.936,-0.720770,0.120000,0.120000,2.7778,TRACKING
104.514610,129.087992833333,35.074309833333,508022.227,3881287.333,0.012,-2.682800,route_tangent,528,1.545,2.000,530,508019.979,3881287.936,-0.720770,0.120000,0.120000,2.7778,TRACKING
104.564611,129.087992833333,35.074309833333,508022.227,3881287.333,0.012,-2.682800,route_tangent,528,1.545,2.000,530,508019.979,3881287.936,-0.720770,0.120000,0.120000,2.7778,TRACKING
104.614478,129.087992833333,35.074309833333,508022.227,3881287.333,0.012,-2.682800,route_tangent,528,1.545,2.000,530,508019.979,3881287.936,-0.720770,0.120000,0.120000,2.7778,TRACKING
104.664512,129.087992833333,35.074309833333,508022.227,3881287.333,0.012,-2.682800,route_tangent,528,1.545,2.000,530,508019.979,3881287.936,-0.720770,0.120000,0.120000,2.7778,TRACKING
104.714319,129.087992833333,35.074309666667,508022.227,3881287.314,0.016,-2.682800,route_tangent,528,1.562,2.000,530,508019.979,3881287.936,-0.728423,0.120000,0.120000,2.7778,TRACKING
104.764786,129.087992833333,35.074309666667,508022.227,3881287.314,0.016,-2.682800,route_tangent,528,1.562,2.000,530,508019.979,3881287.936,-0.728423,0.120000,0.120000,2.7778,TRACKING
104.814501,129.087992833333,35.074309666667,508022.227,3881287.314,0.016,-2.682800,route_tangent,528,1.562,2.000,530,508019.979,3881287.936,-0.728423,0.120000,0.120000,2.7778,TRACKING
104.864451,129.087992833333,35.074309666667,508022.227,3881287.314,0.016,-2.682800,route_tangent,528,1.562,2.000,530,508019.979,3881287.936,-0.728423,0.120000,0.120000,2.7778,TRACKING
104.914457,129.087992833333,35.074309666667,508022.227,3881287.314,0.016,-2.682800,route_tangent,528,1.562,2.000,530,508019.979,3881287.936,-0.728423,0.120000,0.120000,2.7778,TRACKING
104.964585,129.087992833333,35.074309666667,508022.227,3881287.314,0.015,-2.682800,route_tangent,528,1.562,2.000,530,508019.979,3881287.936,-0.728423,0.120000,0.120000,2.7778,TRACKING
105.014560,129.087992833333,35.074309666667,508022.227,3881287.314,0.015,-2.682800,route_tangent,528,1.562,2.000,530,508019.979,3881287.936,-0.728423,0.120000,0.120000,2.7778,TRACKING
105.064514,129.087992833333,35.074309666667,508022.227,3881287.314,0.015,-2.682800,route_tangent,528,1.562,2.000,530,508019.979,3881287.936,-0.728423,0.120000,0.120000,2.7778,TRACKING
105.114345,129.087992833333,35.074309666667,508022.227,3881287.314,0.015,-2.682800,route_tangent,528,1.562,2.000,530,508019.979,3881287.936,-0.728423,0.120000,0.120000,2.7778,TRACKING
105.164363,129.087992833333,35.074309666667,508022.227,3881287.314,0.015,-2.682800,route_tangent,528,1.562,2.000,530,508019.979,3881287.936,-0.728423,0.120000,0.120000,2.7778,TRACKING
105.214347,129.087992833333,35.074309833333,508022.227,3881287.333,0.015,-2.682800,route_tangent,528,1.545,2.000,530,508019.979,3881287.936,-0.720770,0.120000,0.120000,2.7778,TRACKING
105.264376,129.087992833333,35.074309833333,508022.227,3881287.333,0.015,-2.682800,route_tangent,528,1.545,2.000,530,508019.979,3881287.936,-0.720770,0.120000,0.120000,2.7778,TRACKING
105.314482,129.087992833333,35.074309833333,508022.227,3881287.333,0.015,-2.682800,route_tangent,528,1.545,2.000,530,508019.979,3881287.936,-0.720770,0.120000,0.120000,2.7778,TRACKING
105.364442,129.087992833333,35.074309833333,508022.227,3881287.333,0.015,-2.682800,route_tangent,528,1.545,2.000,530,508019.979,3881287.936,-0.720770,0.120000,0.120000,2.7778,TRACKING
105.414601,129.087992833333,35.074309833333,508022.227,3881287.333,0.015,-2.682800,route_tangent,528,1.545,2.000,530,508019.979,3881287.936,-0.720770,0.120000,0.120000,2.7778,TRACKING
105.464334,129.087993000000,35.074309833333,508022.242,3881287.333,0.008,-2.682800,route_tangent,528,1.549,2.000,530,508019.979,3881287.936,-0.719084,0.120000,0.120000,2.7778,TRACKING
105.514360,129.087993000000,35.074309833333,508022.242,3881287.333,0.008,-2.682800,route_tangent,528,1.549,2.000,530,508019.979,3881287.936,-0.719084,0.120000,0.120000,2.7778,TRACKING
105.564658,129.087993000000,35.074309833333,508022.242,3881287.333,0.008,-2.682800,route_tangent,528,1.549,2.000,530,508019.979,3881287.936,-0.719084,0.120000,0.120000,2.7778,TRACKING
105.614341,129.087993000000,35.074309833333,508022.242,3881287.333,0.008,-2.682800,route_tangent,528,1.549,2.000,530,508019.979,3881287.936,-0.719084,0.120000,0.120000,2.7778,TRACKING
105.664596,129.087993000000,35.074309833333,508022.242,3881287.333,0.008,-2.682800,route_tangent,528,1.549,2.000,530,508019.979,3881287.936,-0.719084,0.120000,0.120000,2.7778,TRACKING
105.714309,129.087993000000,35.074310000000,508022.242,3881287.351,0.008,-2.682800,route_tangent,528,1.532,2.000,530,508019.979,3881287.936,-0.711445,0.120000,0.120000,2.7778,TRACKING
105.764477,129.087993000000,35.074310000000,508022.242,3881287.351,0.008,-2.682800,route_tangent,528,1.532,2.000,530,508019.979,3881287.936,-0.711445,0.120000,0.120000,2.7778,TRACKING
105.814448,129.087993000000,35.074310000000,508022.242,3881287.351,0.008,-2.682800,route_tangent,528,1.532,2.000,530,508019.979,3881287.936,-0.711445,0.120000,0.120000,2.7778,TRACKING
105.864342,129.087993000000,35.074310000000,508022.242,3881287.351,0.008,-2.682800,route_tangent,528,1.532,2.000,530,508019.979,3881287.936,-0.711445,0.120000,0.120000,2.7778,TRACKING
105.914338,129.087993000000,35.074310000000,508022.242,3881287.351,0.008,-2.682800,route_tangent,528,1.532,2.000,530,508019.979,3881287.936,-0.711445,0.120000,0.120000,2.7778,TRACKING
105.964319,129.087993000000,35.074310000000,508022.242,3881287.351,0.022,-2.682800,route_tangent,528,1.532,2.000,530,508019.979,3881287.936,-0.711445,0.120000,0.120000,2.7778,TRACKING
106.014510,129.087993000000,35.074310000000,508022.242,3881287.351,0.022,-2.682800,route_tangent,528,1.532,2.000,530,508019.979,3881287.936,-0.711445,0.120000,0.120000,2.7778,TRACKING
106.064345,129.087993000000,35.074310000000,508022.242,3881287.351,0.022,-2.682800,route_tangent,528,1.532,2.000,530,508019.979,3881287.936,-0.711445,0.120000,0.120000,2.7778,TRACKING
106.114492,129.087993000000,35.074310000000,508022.242,3881287.351,0.022,-2.682800,route_tangent,528,1.532,2.000,530,508019.979,3881287.936,-0.711445,0.120000,0.120000,2.7778,TRACKING
106.164346,129.087993000000,35.074310000000,508022.242,3881287.351,0.022,-2.682800,route_tangent,528,1.532,2.000,530,508019.979,3881287.936,-0.711445,0.120000,0.120000,2.7778,TRACKING
106.214725,129.087993000000,35.074309833333,508022.242,3881287.333,0.010,-2.682800,route_tangent,528,1.549,2.000,530,508019.979,3881287.936,-0.719084,0.120000,0.120000,2.7778,TRACKING
106.264454,129.087993000000,35.074309833333,508022.242,3881287.333,0.010,-2.682800,route_tangent,528,1.549,2.000,530,508019.979,3881287.936,-0.719084,0.120000,0.120000,2.7778,TRACKING
106.314473,129.087993000000,35.074309833333,508022.242,3881287.333,0.010,-2.682800,route_tangent,528,1.549,2.000,530,508019.979,3881287.936,-0.719084,0.120000,0.120000,2.7778,TRACKING
106.364480,129.087993000000,35.074309833333,508022.242,3881287.333,0.010,-2.682800,route_tangent,528,1.549,2.000,530,508019.979,3881287.936,-0.719084,0.120000,0.120000,2.7778,TRACKING
106.414377,129.087993000000,35.074309833333,508022.242,3881287.333,0.010,-2.682800,route_tangent,528,1.549,2.000,530,508019.979,3881287.936,-0.719084,0.120000,0.120000,2.7778,TRACKING
106.464456,129.087993000000,35.074309833333,508022.242,3881287.333,0.010,-2.682800,route_tangent,528,1.549,2.000,530,508019.979,3881287.936,-0.719084,0.120000,0.120000,2.7778,TRACKING
106.514575,129.087993000000,35.074309833333,508022.242,3881287.333,0.010,-2.682800,route_tangent,528,1.549,2.000,530,508019.979,3881287.936,-0.719084,0.120000,0.120000,2.7778,TRACKING
106.564327,129.087993000000,35.074309833333,508022.242,3881287.333,0.010,-2.682800,route_tangent,528,1.549,2.000,530,508019.979,3881287.936,-0.719084,0.120000,0.120000,2.7778,TRACKING
106.614445,129.087993000000,35.074309833333,508022.242,3881287.333,0.010,-2.682800,route_tangent,528,1.549,2.000,530,508019.979,3881287.936,-0.719084,0.120000,0.120000,2.7778,TRACKING
106.664538,129.087993000000,35.074309833333,508022.242,3881287.333,0.010,-2.682800,route_tangent,528,1.549,2.000,530,508019.979,3881287.936,-0.719084,0.120000,0.120000,2.7778,TRACKING
106.714344,129.087993000000,35.074309833333,508022.242,3881287.333,0.014,-2.682800,route_tangent,528,1.549,2.000,530,508019.979,3881287.936,-0.719084,0.120000,0.120000,2.7778,TRACKING
106.764492,129.087993000000,35.074309833333,508022.242,3881287.333,0.014,-2.682800,route_tangent,528,1.549,2.000,530,508019.979,3881287.936,-0.719084,0.120000,0.120000,2.7778,TRACKING
106.814337,129.087993000000,35.074309833333,508022.242,3881287.333,0.014,-2.682800,route_tangent,528,1.549,2.000,530,508019.979,3881287.936,-0.719084,0.120000,0.120000,2.7778,TRACKING
106.864368,129.087993000000,35.074309833333,508022.242,3881287.333,0.014,-2.682800,route_tangent,528,1.549,2.000,530,508019.979,3881287.936,-0.719084,0.120000,0.120000,2.7778,TRACKING
106.914447,129.087993000000,35.074309833333,508022.242,3881287.333,0.014,-2.682800,route_tangent,528,1.549,2.000,530,508019.979,3881287.936,-0.719084,0.120000,0.120000,2.7778,TRACKING
106.964284,129.087993000000,35.074309833333,508022.242,3881287.333,0.016,-2.682800,route_tangent,528,1.549,2.000,530,508019.979,3881287.936,-0.719084,0.120000,0.120000,2.7778,TRACKING
107.014538,129.087993000000,35.074309833333,508022.242,3881287.333,0.016,-2.682800,route_tangent,528,1.549,2.000,530,508019.979,3881287.936,-0.719084,0.120000,0.120000,2.7778,TRACKING
107.064492,129.087993000000,35.074309833333,508022.242,3881287.333,0.016,-2.682800,route_tangent,528,1.549,2.000,530,508019.979,3881287.936,-0.719084,0.120000,0.120000,2.7778,TRACKING
107.114429,129.087993000000,35.074309833333,508022.242,3881287.333,0.016,-2.682800,route_tangent,528,1.549,2.000,530,508019.979,3881287.936,-0.719084,0.120000,0.120000,2.7778,TRACKING
107.164895,129.087993000000,35.074309833333,508022.242,3881287.333,0.016,-2.682800,route_tangent,528,1.549,2.000,530,508019.979,3881287.936,-0.719084,0.120000,0.120000,2.7778,TRACKING
107.214398,129.087993000000,35.074309833333,508022.242,3881287.333,0.016,-2.682800,route_tangent,528,1.549,2.000,530,508019.979,3881287.936,-0.719084,0.120000,0.120000,2.7778,TRACKING
107.264306,129.087992833333,35.074309833333,508022.227,3881287.333,0.012,-2.682800,route_tangent,528,1.545,2.000,530,508019.979,3881287.936,-0.720770,0.120000,0.120000,2.7778,TRACKING
107.314551,129.087992833333,35.074309833333,508022.227,3881287.333,0.012,-2.682800,route_tangent,528,1.545,2.000,530,508019.979,3881287.936,-0.720770,0.120000,0.120000,2.7778,TRACKING
107.364490,129.087992833333,35.074309833333,508022.227,3881287.333,0.012,-2.682800,route_tangent,528,1.545,2.000,530,508019.979,3881287.936,-0.720770,0.120000,0.120000,2.7778,TRACKING
107.414344,129.087992833333,35.074309833333,508022.227,3881287.333,0.012,-2.682800,route_tangent,528,1.545,2.000,530,508019.979,3881287.936,-0.720770,0.120000,0.120000,2.7778,TRACKING
107.464347,129.087993000000,35.074309833333,508022.242,3881287.333,0.006,-2.682800,route_tangent,528,1.549,2.000,530,508019.979,3881287.936,-0.719084,0.120000,0.120000,2.7778,TRACKING
107.514715,129.087993000000,35.074309833333,508022.242,3881287.333,0.006,-2.682800,route_tangent,528,1.549,2.000,530,508019.979,3881287.936,-0.719084,0.120000,0.120000,2.7778,TRACKING
107.564423,129.087993000000,35.074309833333,508022.242,3881287.333,0.006,-2.682800,route_tangent,528,1.549,2.000,530,508019.979,3881287.936,-0.719084,0.120000,0.120000,2.7778,TRACKING
107.614364,129.087993000000,35.074309833333,508022.242,3881287.333,0.006,-2.682800,route_tangent,528,1.549,2.000,530,508019.979,3881287.936,-0.719084,0.120000,0.120000,2.7778,TRACKING
107.664530,129.087993000000,35.074309833333,508022.242,3881287.333,0.006,-2.682800,route_tangent,528,1.549,2.000,530,508019.979,3881287.936,-0.719084,0.120000,0.120000,2.7778,TRACKING
107.714893,129.087993000000,35.074310000000,508022.242,3881287.351,0.016,-2.682800,route_tangent,528,1.532,2.000,530,508019.979,3881287.936,-0.711445,0.120000,0.120000,2.7778,TRACKING
107.764386,129.087993000000,35.074310000000,508022.242,3881287.351,0.016,-2.682800,route_tangent,528,1.532,2.000,530,508019.979,3881287.936,-0.711445,0.120000,0.120000,2.7778,TRACKING
107.814518,129.087993000000,35.074310000000,508022.242,3881287.351,0.016,-2.682800,route_tangent,528,1.532,2.000,530,508019.979,3881287.936,-0.711445,0.120000,0.120000,2.7778,TRACKING
107.864453,129.087993000000,35.074310000000,508022.242,3881287.351,0.016,-2.682800,route_tangent,528,1.532,2.000,530,508019.979,3881287.936,-0.711445,0.120000,0.120000,2.7778,TRACKING
107.914602,129.087993000000,35.074310000000,508022.242,3881287.351,0.016,-2.682800,route_tangent,528,1.532,2.000,530,508019.979,3881287.936,-0.711445,0.120000,0.120000,2.7778,TRACKING
107.964425,129.087993000000,35.074310000000,508022.242,3881287.351,0.016,-2.682800,route_tangent,528,1.532,2.000,530,508019.979,3881287.936,-0.711445,0.120000,0.120000,2.7778,TRACKING
108.014504,129.087993000000,35.074310000000,508022.242,3881287.351,0.016,-2.682800,route_tangent,528,1.532,2.000,530,508019.979,3881287.936,-0.711445,0.120000,0.120000,2.7778,TRACKING
108.064471,129.087993000000,35.074310000000,508022.242,3881287.351,0.016,-2.682800,route_tangent,528,1.532,2.000,530,508019.979,3881287.936,-0.711445,0.120000,0.120000,2.7778,TRACKING
108.114341,129.087993000000,35.074310000000,508022.242,3881287.351,0.016,-2.682800,route_tangent,528,1.532,2.000,530,508019.979,3881287.936,-0.711445,0.120000,0.120000,2.7778,TRACKING
108.164421,129.087993000000,35.074310000000,508022.242,3881287.351,0.016,-2.682800,route_tangent,528,1.532,2.000,530,508019.979,3881287.936,-0.711445,0.120000,0.120000,2.7778,TRACKING
108.214502,129.087993000000,35.074309833333,508022.242,3881287.333,0.016,-2.682800,route_tangent,528,1.549,2.000,530,508019.979,3881287.936,-0.719084,0.120000,0.120000,2.7778,TRACKING
108.264323,129.087993000000,35.074309833333,508022.242,3881287.333,0.016,-2.682800,route_tangent,528,1.549,2.000,530,508019.979,3881287.936,-0.719084,0.120000,0.120000,2.7778,TRACKING
108.314404,129.087993000000,35.074309833333,508022.242,3881287.333,0.016,-2.682800,route_tangent,528,1.549,2.000,530,508019.979,3881287.936,-0.719084,0.120000,0.120000,2.7778,TRACKING
108.364470,129.087993000000,35.074309833333,508022.242,3881287.333,0.016,-2.682800,route_tangent,528,1.549,2.000,530,508019.979,3881287.936,-0.719084,0.120000,0.120000,2.7778,TRACKING
108.414337,129.087993000000,35.074309833333,508022.242,3881287.333,0.016,-2.682800,route_tangent,528,1.549,2.000,530,508019.979,3881287.936,-0.719084,0.120000,0.120000,2.7778,TRACKING
108.464811,129.087993000000,35.074309833333,508022.242,3881287.333,0.016,-2.682800,route_tangent,528,1.549,2.000,530,508019.979,3881287.936,-0.719084,0.120000,0.120000,2.7778,TRACKING
108.514535,129.087993000000,35.074309833333,508022.242,3881287.333,0.016,-2.682800,route_tangent,528,1.549,2.000,530,508019.979,3881287.936,-0.719084,0.120000,0.120000,2.7778,TRACKING
108.564435,129.087993000000,35.074309833333,508022.242,3881287.333,0.016,-2.682800,route_tangent,528,1.549,2.000,530,508019.979,3881287.936,-0.719084,0.120000,0.120000,2.7778,TRACKING
108.614606,129.087993000000,35.074309833333,508022.242,3881287.333,0.016,-2.682800,route_tangent,528,1.549,2.000,530,508019.979,3881287.936,-0.719084,0.120000,0.120000,2.7778,TRACKING
108.664804,129.087993000000,35.074309833333,508022.242,3881287.333,0.016,-2.682800,route_tangent,528,1.549,2.000,530,508019.979,3881287.936,-0.719084,0.120000,0.120000,2.7778,TRACKING
108.714377,129.087993000000,35.074309833333,508022.242,3881287.333,0.006,-2.682800,route_tangent,528,1.549,2.000,530,508019.979,3881287.936,-0.719084,0.120000,0.120000,2.7778,TRACKING
108.764465,129.087993000000,35.074309833333,508022.242,3881287.333,0.006,-2.682800,route_tangent,528,1.549,2.000,530,508019.979,3881287.936,-0.719084,0.120000,0.120000,2.7778,TRACKING
108.814347,129.087993000000,35.074309833333,508022.242,3881287.333,0.006,-2.682800,route_tangent,528,1.549,2.000,530,508019.979,3881287.936,-0.719084,0.120000,0.120000,2.7778,TRACKING
108.864530,129.087993000000,35.074309833333,508022.242,3881287.333,0.006,-2.682800,route_tangent,528,1.549,2.000,530,508019.979,3881287.936,-0.719084,0.120000,0.120000,2.7778,TRACKING
108.914636,129.087993000000,35.074309833333,508022.242,3881287.333,0.006,-2.682800,route_tangent,528,1.549,2.000,530,508019.979,3881287.936,-0.719084,0.120000,0.120000,2.7778,TRACKING
108.964380,129.087993000000,35.074309833333,508022.242,3881287.333,0.005,-2.682800,route_tangent,528,1.549,2.000,530,508019.979,3881287.936,-0.719084,0.120000,0.120000,2.7778,TRACKING
109.014472,129.087993000000,35.074309833333,508022.242,3881287.333,0.005,-2.682800,route_tangent,528,1.549,2.000,530,508019.979,3881287.936,-0.719084,0.120000,0.120000,2.7778,TRACKING
109.064384,129.087993000000,35.074309833333,508022.242,3881287.333,0.005,-2.682800,route_tangent,528,1.549,2.000,530,508019.979,3881287.936,-0.719084,0.120000,0.120000,2.7778,TRACKING
109.114424,129.087993000000,35.074309833333,508022.242,3881287.333,0.005,-2.682800,route_tangent,528,1.549,2.000,530,508019.979,3881287.936,-0.719084,0.120000,0.120000,2.7778,TRACKING
109.164440,129.087993000000,35.074309833333,508022.242,3881287.333,0.005,-2.682800,route_tangent,528,1.549,2.000,530,508019.979,3881287.936,-0.719084,0.120000,0.120000,2.7778,TRACKING
109.214395,129.087993000000,35.074309833333,508022.242,3881287.333,0.008,-2.682800,route_tangent,528,1.549,2.000,530,508019.979,3881287.936,-0.719084,0.120000,0.120000,2.7778,TRACKING
109.264641,129.087993000000,35.074309833333,508022.242,3881287.333,0.008,-2.682800,route_tangent,528,1.549,2.000,530,508019.979,3881287.936,-0.719084,0.120000,0.120000,2.7778,TRACKING
109.314505,129.087993000000,35.074309833333,508022.242,3881287.333,0.008,-2.682800,route_tangent,528,1.549,2.000,530,508019.979,3881287.936,-0.719084,0.120000,0.120000,2.7778,TRACKING
109.364464,129.087993000000,35.074309833333,508022.242,3881287.333,0.008,-2.682800,route_tangent,528,1.549,2.000,530,508019.979,3881287.936,-0.719084,0.120000,0.120000,2.7778,TRACKING
109.414357,129.087993000000,35.074309833333,508022.242,3881287.333,0.008,-2.682800,route_tangent,528,1.549,2.000,530,508019.979,3881287.936,-0.719084,0.120000,0.120000,2.7778,TRACKING
109.464421,129.087993000000,35.074310000000,508022.242,3881287.351,0.007,-2.682800,route_tangent,528,1.532,2.000,530,508019.979,3881287.936,-0.711445,0.120000,0.120000,2.7778,TRACKING
109.514363,129.087993000000,35.074310000000,508022.242,3881287.351,0.007,-2.682800,route_tangent,528,1.532,2.000,530,508019.979,3881287.936,-0.711445,0.120000,0.120000,2.7778,TRACKING
109.564339,129.087993000000,35.074310000000,508022.242,3881287.351,0.007,-2.682800,route_tangent,528,1.532,2.000,530,508019.979,3881287.936,-0.711445,0.120000,0.120000,2.7778,TRACKING
109.614436,129.087993000000,35.074310000000,508022.242,3881287.351,0.007,-2.682800,route_tangent,528,1.532,2.000,530,508019.979,3881287.936,-0.711445,0.120000,0.120000,2.7778,TRACKING
109.664366,129.087993000000,35.074310000000,508022.242,3881287.351,0.007,-2.682800,route_tangent,528,1.532,2.000,530,508019.979,3881287.936,-0.711445,0.120000,0.120000,2.7778,TRACKING
109.714332,129.087993000000,35.074310000000,508022.242,3881287.351,0.007,-2.682800,route_tangent,528,1.532,2.000,530,508019.979,3881287.936,-0.711445,0.120000,0.120000,2.7778,TRACKING
109.764368,129.087993000000,35.074310000000,508022.242,3881287.351,0.007,-2.682800,route_tangent,528,1.532,2.000,530,508019.979,3881287.936,-0.711445,0.120000,0.120000,2.7778,TRACKING
109.814422,129.087993000000,35.074310000000,508022.242,3881287.351,0.007,-2.682800,route_tangent,528,1.532,2.000,530,508019.979,3881287.936,-0.711445,0.120000,0.120000,2.7778,TRACKING
109.864507,129.087993000000,35.074310000000,508022.242,3881287.351,0.007,-2.682800,route_tangent,528,1.532,2.000,530,508019.979,3881287.936,-0.711445,0.120000,0.120000,2.7778,TRACKING
109.914338,129.087993000000,35.074310000000,508022.242,3881287.351,0.007,-2.682800,route_tangent,528,1.532,2.000,530,508019.979,3881287.936,-0.711445,0.120000,0.120000,2.7778,TRACKING
109.964349,129.087993000000,35.074310000000,508022.242,3881287.351,0.007,-2.682800,route_tangent,528,1.532,2.000,530,508019.979,3881287.936,-0.711445,0.120000,0.120000,2.7778,TRACKING
110.014952,129.087993000000,35.074310000000,508022.242,3881287.351,0.007,-2.682800,route_tangent,528,1.532,2.000,530,508019.979,3881287.936,-0.711445,0.120000,0.120000,2.7778,TRACKING
110.064524,129.087993000000,35.074310000000,508022.242,3881287.351,0.007,-2.682800,route_tangent,528,1.532,2.000,530,508019.979,3881287.936,-0.711445,0.120000,0.120000,2.7778,TRACKING
110.114473,129.087993000000,35.074310000000,508022.242,3881287.351,0.007,-2.682800,route_tangent,528,1.532,2.000,530,508019.979,3881287.936,-0.711445,0.120000,0.120000,2.7778,TRACKING
110.164601,129.087993000000,35.074310000000,508022.242,3881287.351,0.007,-2.682800,route_tangent,528,1.532,2.000,530,508019.979,3881287.936,-0.711445,0.120000,0.120000,2.7778,TRACKING
110.214635,129.087993000000,35.074310000000,508022.242,3881287.351,0.015,-2.682800,route_tangent,528,1.532,2.000,530,508019.979,3881287.936,-0.711445,0.120000,0.120000,2.7778,TRACKING
110.264565,129.087993000000,35.074310000000,508022.242,3881287.351,0.015,-2.682800,route_tangent,528,1.532,2.000,530,508019.979,3881287.936,-0.711445,0.120000,0.120000,2.7778,TRACKING
110.314350,129.087993000000,35.074310000000,508022.242,3881287.351,0.015,-2.682800,route_tangent,528,1.532,2.000,530,508019.979,3881287.936,-0.711445,0.120000,0.120000,2.7778,TRACKING
110.364410,129.087993000000,35.074310000000,508022.242,3881287.351,0.015,-2.682800,route_tangent,528,1.532,2.000,530,508019.979,3881287.936,-0.711445,0.120000,0.120000,2.7778,TRACKING
110.414457,129.087993000000,35.074310000000,508022.242,3881287.351,0.015,-2.682800,route_tangent,528,1.532,2.000,530,508019.979,3881287.936,-0.711445,0.120000,0.120000,2.7778,TRACKING
110.464321,129.087993000000,35.074310000000,508022.242,3881287.351,0.010,-2.682800,route_tangent,528,1.532,2.000,530,508019.979,3881287.936,-0.711445,0.120000,0.120000,2.7778,TRACKING
110.514362,129.087993000000,35.074310000000,508022.242,3881287.351,0.010,-2.682800,route_tangent,528,1.532,2.000,530,508019.979,3881287.936,-0.711445,0.120000,0.120000,2.7778,TRACKING
110.564451,129.087993000000,35.074310000000,508022.242,3881287.351,0.010,-2.682800,route_tangent,528,1.532,2.000,530,508019.979,3881287.936,-0.711445,0.120000,0.120000,2.7778,TRACKING
110.614338,129.087993000000,35.074310000000,508022.242,3881287.351,0.010,-2.682800,route_tangent,528,1.532,2.000,530,508019.979,3881287.936,-0.711445,0.120000,0.120000,2.7778,TRACKING
110.664531,129.087993000000,35.074310000000,508022.242,3881287.351,0.010,-2.682800,route_tangent,528,1.532,2.000,530,508019.979,3881287.936,-0.711445,0.120000,0.120000,2.7778,TRACKING
110.714750,129.087993000000,35.074310000000,508022.242,3881287.351,0.010,-2.682800,route_tangent,528,1.532,2.000,530,508019.979,3881287.936,-0.711445,0.120000,0.120000,2.7778,TRACKING
110.764451,129.087993000000,35.074310000000,508022.242,3881287.351,0.010,-2.682800,route_tangent,528,1.532,2.000,530,508019.979,3881287.936,-0.711445,0.120000,0.120000,2.7778,TRACKING
110.814453,129.087993000000,35.074310000000,508022.242,3881287.351,0.010,-2.682800,route_tangent,528,1.532,2.000,530,508019.979,3881287.936,-0.711445,0.120000,0.120000,2.7778,TRACKING
110.864654,129.087993000000,35.074310000000,508022.242,3881287.351,0.010,-2.682800,route_tangent,528,1.532,2.000,530,508019.979,3881287.936,-0.711445,0.120000,0.120000,2.7778,TRACKING
110.914344,129.087993000000,35.074310000000,508022.242,3881287.351,0.010,-2.682800,route_tangent,528,1.532,2.000,530,508019.979,3881287.936,-0.711445,0.120000,0.120000,2.7778,TRACKING
110.964347,129.087993000000,35.074310000000,508022.242,3881287.351,0.010,-2.682800,route_tangent,528,1.532,2.000,530,508019.979,3881287.936,-0.711445,0.120000,0.120000,2.7778,TRACKING
111.014355,129.087993000000,35.074310000000,508022.242,3881287.351,0.010,-2.682800,route_tangent,528,1.532,2.000,530,508019.979,3881287.936,-0.711445,0.120000,0.120000,2.7778,TRACKING
111.064487,129.087993000000,35.074310000000,508022.242,3881287.351,0.010,-2.682800,route_tangent,528,1.532,2.000,530,508019.979,3881287.936,-0.711445,0.120000,0.120000,2.7778,TRACKING
111.114365,129.087993000000,35.074310000000,508022.242,3881287.351,0.010,-2.682800,route_tangent,528,1.532,2.000,530,508019.979,3881287.936,-0.711445,0.120000,0.120000,2.7778,TRACKING
111.164670,129.087993000000,35.074310000000,508022.242,3881287.351,0.010,-2.682800,route_tangent,528,1.532,2.000,530,508019.979,3881287.936,-0.711445,0.120000,0.120000,2.7778,TRACKING
111.214188,129.087993000000,35.074310000000,508022.242,3881287.351,0.007,-2.682800,route_tangent,528,1.532,2.000,530,508019.979,3881287.936,-0.711445,0.120000,0.120000,2.7778,TRACKING
111.264465,129.087993000000,35.074310000000,508022.242,3881287.351,0.007,-2.682800,route_tangent,528,1.532,2.000,530,508019.979,3881287.936,-0.711445,0.120000,0.120000,2.7778,TRACKING
111.314353,129.087993000000,35.074310000000,508022.242,3881287.351,0.007,-2.682800,route_tangent,528,1.532,2.000,530,508019.979,3881287.936,-0.711445,0.120000,0.120000,2.7778,TRACKING
111.364346,129.087993000000,35.074310000000,508022.242,3881287.351,0.007,-2.682800,route_tangent,528,1.532,2.000,530,508019.979,3881287.936,-0.711445,0.120000,0.120000,2.7778,TRACKING
111.414355,129.087993000000,35.074310000000,508022.242,3881287.351,0.007,-2.682800,route_tangent,528,1.532,2.000,530,508019.979,3881287.936,-0.711445,0.120000,0.120000,2.7778,TRACKING
111.464363,129.087993000000,35.074310000000,508022.242,3881287.351,0.007,-2.682800,route_tangent,528,1.532,2.000,530,508019.979,3881287.936,-0.711445,0.120000,0.120000,2.7778,TRACKING
111.514367,129.087993000000,35.074310000000,508022.242,3881287.351,0.007,-2.682800,route_tangent,528,1.532,2.000,530,508019.979,3881287.936,-0.711445,0.120000,0.120000,2.7778,TRACKING
111.564330,129.087993000000,35.074310000000,508022.242,3881287.351,0.007,-2.682800,route_tangent,528,1.532,2.000,530,508019.979,3881287.936,-0.711445,0.120000,0.120000,2.7778,TRACKING
111.614324,129.087993000000,35.074310000000,508022.242,3881287.351,0.007,-2.682800,route_tangent,528,1.532,2.000,530,508019.979,3881287.936,-0.711445,0.120000,0.120000,2.7778,TRACKING
111.664499,129.087993000000,35.074310000000,508022.242,3881287.351,0.007,-2.682800,route_tangent,528,1.532,2.000,530,508019.979,3881287.936,-0.711445,0.120000,0.120000,2.7778,TRACKING
111.715030,129.087993000000,35.074310166667,508022.242,3881287.370,0.013,-2.682800,route_tangent,528,1.514,2.000,530,508019.979,3881287.936,-0.703775,0.120000,0.120000,2.7778,TRACKING
111.764511,129.087993000000,35.074310166667,508022.242,3881287.370,0.013,-2.682800,route_tangent,528,1.514,2.000,530,508019.979,3881287.936,-0.703775,0.120000,0.120000,2.7778,TRACKING
111.814386,129.087993000000,35.074310166667,508022.242,3881287.370,0.013,-2.682800,route_tangent,528,1.514,2.000,530,508019.979,3881287.936,-0.703775,0.120000,0.120000,2.7778,TRACKING
111.864299,129.087993000000,35.074310166667,508022.242,3881287.370,0.013,-2.682800,route_tangent,528,1.514,2.000,530,508019.979,3881287.936,-0.703775,0.120000,0.120000,2.7778,TRACKING
111.914358,129.087993000000,35.074310166667,508022.242,3881287.370,0.013,-2.682800,route_tangent,528,1.514,2.000,530,508019.979,3881287.936,-0.703775,0.120000,0.120000,2.7778,TRACKING
111.964332,129.087993000000,35.074310166667,508022.242,3881287.370,0.020,-2.682800,route_tangent,528,1.514,2.000,530,508019.979,3881287.936,-0.703775,0.120000,0.120000,2.7778,TRACKING
112.014322,129.087993000000,35.074310166667,508022.242,3881287.370,0.020,-2.682800,route_tangent,528,1.514,2.000,530,508019.979,3881287.936,-0.703775,0.120000,0.120000,2.7778,TRACKING
112.064336,129.087993000000,35.074310166667,508022.242,3881287.370,0.020,-2.682800,route_tangent,528,1.514,2.000,530,508019.979,3881287.936,-0.703775,0.120000,0.120000,2.7778,TRACKING
112.114356,129.087993000000,35.074310166667,508022.242,3881287.370,0.020,-2.682800,route_tangent,528,1.514,2.000,530,508019.979,3881287.936,-0.703775,0.120000,0.120000,2.7778,TRACKING
112.164378,129.087993000000,35.074310166667,508022.242,3881287.370,0.020,-2.682800,route_tangent,528,1.514,2.000,530,508019.979,3881287.936,-0.703775,0.120000,0.120000,2.7778,TRACKING
112.214508,129.087993000000,35.074310166667,508022.242,3881287.370,0.015,-2.682800,route_tangent,528,1.514,2.000,530,508019.979,3881287.936,-0.703775,0.120000,0.120000,2.7778,TRACKING
112.264497,129.087993000000,35.074310166667,508022.242,3881287.370,0.015,-2.682800,route_tangent,528,1.514,2.000,530,508019.979,3881287.936,-0.703775,0.120000,0.120000,2.7778,TRACKING
112.314711,129.087993000000,35.074310166667,508022.242,3881287.370,0.015,-2.682800,route_tangent,528,1.514,2.000,530,508019.979,3881287.936,-0.703775,0.120000,0.120000,2.7778,TRACKING
112.364361,129.087993000000,35.074310166667,508022.242,3881287.370,0.015,-2.682800,route_tangent,528,1.514,2.000,530,508019.979,3881287.936,-0.703775,0.120000,0.120000,2.7778,TRACKING
112.414349,129.087993000000,35.074310166667,508022.242,3881287.370,0.015,-2.682800,route_tangent,528,1.514,2.000,530,508019.979,3881287.936,-0.703775,0.120000,0.120000,2.7778,TRACKING
112.464862,129.087993166667,35.074310166667,508022.257,3881287.370,0.012,-2.682800,route_tangent,528,1.519,2.000,530,508019.979,3881287.936,-0.702200,0.120000,0.120000,2.7778,TRACKING
112.514313,129.087993166667,35.074310166667,508022.257,3881287.370,0.012,-2.682800,route_tangent,528,1.519,2.000,530,508019.979,3881287.936,-0.702200,0.120000,0.120000,2.7778,TRACKING
112.564361,129.087993166667,35.074310166667,508022.257,3881287.370,0.012,-2.682800,route_tangent,528,1.519,2.000,530,508019.979,3881287.936,-0.702200,0.120000,0.120000,2.7778,TRACKING
112.614364,129.087993166667,35.074310166667,508022.257,3881287.370,0.012,-2.682800,route_tangent,528,1.519,2.000,530,508019.979,3881287.936,-0.702200,0.120000,0.120000,2.7778,TRACKING
112.664373,129.087993166667,35.074310166667,508022.257,3881287.370,0.012,-2.682800,route_tangent,528,1.519,2.000,530,508019.979,3881287.936,-0.702200,0.120000,0.120000,2.7778,TRACKING
112.714380,129.087993166667,35.074310166667,508022.257,3881287.370,0.015,-2.682800,route_tangent,528,1.519,2.000,530,508019.979,3881287.936,-0.702200,0.120000,0.120000,2.7778,TRACKING
112.764599,129.087993166667,35.074310166667,508022.257,3881287.370,0.015,-2.682800,route_tangent,528,1.519,2.000,530,508019.979,3881287.936,-0.702200,0.120000,0.120000,2.7778,TRACKING
112.814347,129.087993166667,35.074310166667,508022.257,3881287.370,0.015,-2.682800,route_tangent,528,1.519,2.000,530,508019.979,3881287.936,-0.702200,0.120000,0.120000,2.7778,TRACKING
112.864389,129.087993166667,35.074310166667,508022.257,3881287.370,0.015,-2.682800,route_tangent,528,1.519,2.000,530,508019.979,3881287.936,-0.702200,0.120000,0.120000,2.7778,TRACKING
112.914356,129.087993166667,35.074310166667,508022.257,3881287.370,0.015,-2.682800,route_tangent,528,1.519,2.000,530,508019.979,3881287.936,-0.702200,0.120000,0.120000,2.7778,TRACKING
112.964611,129.087993166667,35.074310166667,508022.257,3881287.370,0.014,-2.682800,route_tangent,528,1.519,2.000,530,508019.979,3881287.936,-0.702200,0.120000,0.120000,2.7778,TRACKING
113.014354,129.087993166667,35.074310166667,508022.257,3881287.370,0.014,-2.682800,route_tangent,528,1.519,2.000,530,508019.979,3881287.936,-0.702200,0.120000,0.120000,2.7778,TRACKING
113.064347,129.087993166667,35.074310166667,508022.257,3881287.370,0.014,-2.682800,route_tangent,528,1.519,2.000,530,508019.979,3881287.936,-0.702200,0.120000,0.120000,2.7778,TRACKING
113.114380,129.087993166667,35.074310166667,508022.257,3881287.370,0.014,-2.682800,route_tangent,528,1.519,2.000,530,508019.979,3881287.936,-0.702200,0.120000,0.120000,2.7778,TRACKING
113.164323,129.087993166667,35.074310166667,508022.257,3881287.370,0.014,-2.682800,route_tangent,528,1.519,2.000,530,508019.979,3881287.936,-0.702200,0.120000,0.120000,2.7778,TRACKING
113.214367,129.087993166667,35.074310333333,508022.257,3881287.388,0.011,-2.682800,route_tangent,528,1.501,2.000,530,508019.979,3881287.936,-0.694546,0.120000,0.120000,2.7778,TRACKING
113.264328,129.087993166667,35.074310333333,508022.257,3881287.388,0.011,-2.682800,route_tangent,528,1.501,2.000,530,508019.979,3881287.936,-0.694546,0.120000,0.120000,2.7778,TRACKING
113.314319,129.087993166667,35.074310333333,508022.257,3881287.388,0.011,-2.682800,route_tangent,528,1.501,2.000,530,508019.979,3881287.936,-0.694546,0.120000,0.120000,2.7778,TRACKING
113.364451,129.087993166667,35.074310333333,508022.257,3881287.388,0.011,-2.682800,route_tangent,528,1.501,2.000,530,508019.979,3881287.936,-0.694546,0.120000,0.120000,2.7778,TRACKING
113.414325,129.087993166667,35.074310333333,508022.257,3881287.388,0.011,-2.682800,route_tangent,528,1.501,2.000,530,508019.979,3881287.936,-0.694546,0.120000,0.120000,2.7778,TRACKING
113.464638,129.087993166667,35.074310333333,508022.257,3881287.388,0.012,-2.682800,route_tangent,528,1.501,2.000,530,508019.979,3881287.936,-0.694546,0.120000,0.120000,2.7778,TRACKING
113.514417,129.087993166667,35.074310333333,508022.257,3881287.388,0.012,-2.682800,route_tangent,528,1.501,2.000,530,508019.979,3881287.936,-0.694546,0.120000,0.120000,2.7778,TRACKING
113.564433,129.087993166667,35.074310333333,508022.257,3881287.388,0.012,-2.682800,route_tangent,528,1.501,2.000,530,508019.979,3881287.936,-0.694546,0.120000,0.120000,2.7778,TRACKING
113.614515,129.087993166667,35.074310333333,508022.257,3881287.388,0.012,-2.682800,route_tangent,528,1.501,2.000,530,508019.979,3881287.936,-0.694546,0.120000,0.120000,2.7778,TRACKING
113.664387,129.087993166667,35.074310333333,508022.257,3881287.388,0.012,-2.682800,route_tangent,528,1.501,2.000,530,508019.979,3881287.936,-0.694546,0.120000,0.120000,2.7778,TRACKING
113.714922,129.087993166667,35.074310333333,508022.257,3881287.388,0.012,-2.682800,route_tangent,528,1.501,2.000,530,508019.979,3881287.936,-0.694546,0.120000,0.120000,2.7778,TRACKING
113.764633,129.087993166667,35.074310333333,508022.257,3881287.388,0.012,-2.682800,route_tangent,528,1.501,2.000,530,508019.979,3881287.936,-0.694546,0.120000,0.120000,2.7778,TRACKING
113.814360,129.087993166667,35.074310333333,508022.257,3881287.388,0.012,-2.682800,route_tangent,528,1.501,2.000,530,508019.979,3881287.936,-0.694546,0.120000,0.120000,2.7778,TRACKING
113.864369,129.087993166667,35.074310333333,508022.257,3881287.388,0.012,-2.682800,route_tangent,528,1.501,2.000,530,508019.979,3881287.936,-0.694546,0.120000,0.120000,2.7778,TRACKING
113.914447,129.087993166667,35.074310333333,508022.257,3881287.388,0.012,-2.682800,route_tangent,528,1.501,2.000,530,508019.979,3881287.936,-0.694546,0.120000,0.120000,2.7778,TRACKING
113.964730,129.087993166667,35.074310333333,508022.257,3881287.388,0.015,-2.682800,route_tangent,528,1.501,2.000,530,508019.979,3881287.936,-0.694546,0.120000,0.120000,2.7778,TRACKING
114.014321,129.087993166667,35.074310333333,508022.257,3881287.388,0.015,-2.682800,route_tangent,528,1.501,2.000,530,508019.979,3881287.936,-0.694546,0.120000,0.120000,2.7778,TRACKING
114.064408,129.087993166667,35.074310333333,508022.257,3881287.388,0.015,-2.682800,route_tangent,528,1.501,2.000,530,508019.979,3881287.936,-0.694546,0.120000,0.120000,2.7778,TRACKING
114.114364,129.087993166667,35.074310333333,508022.257,3881287.388,0.015,-2.682800,route_tangent,528,1.501,2.000,530,508019.979,3881287.936,-0.694546,0.120000,0.120000,2.7778,TRACKING
114.164375,129.087993166667,35.074310333333,508022.257,3881287.388,0.015,-2.682800,route_tangent,528,1.501,2.000,530,508019.979,3881287.936,-0.694546,0.120000,0.120000,2.7778,TRACKING
114.214337,129.087993333333,35.074310333333,508022.272,3881287.388,0.017,-2.682800,route_tangent,528,1.506,2.000,530,508019.979,3881287.936,-0.693035,0.120000,0.120000,2.7778,TRACKING
114.264612,129.087993333333,35.074310333333,508022.272,3881287.388,0.017,-2.682800,route_tangent,528,1.506,2.000,530,508019.979,3881287.936,-0.693035,0.120000,0.120000,2.7778,TRACKING
114.314383,129.087993333333,35.074310333333,508022.272,3881287.388,0.017,-2.682800,route_tangent,528,1.506,2.000,530,508019.979,3881287.936,-0.693035,0.120000,0.120000,2.7778,TRACKING
114.364334,129.087993333333,35.074310333333,508022.272,3881287.388,0.017,-2.682800,route_tangent,528,1.506,2.000,530,508019.979,3881287.936,-0.693035,0.120000,0.120000,2.7778,TRACKING
114.414352,129.087993333333,35.074310333333,508022.272,3881287.388,0.017,-2.682800,route_tangent,528,1.506,2.000,530,508019.979,3881287.936,-0.693035,0.120000,0.120000,2.7778,TRACKING
114.464350,129.087993333333,35.074310333333,508022.272,3881287.388,0.016,-2.682800,route_tangent,528,1.506,2.000,530,508019.979,3881287.936,-0.693035,0.120000,0.120000,2.7778,TRACKING
114.514367,129.087993333333,35.074310333333,508022.272,3881287.388,0.016,-2.682800,route_tangent,528,1.506,2.000,530,508019.979,3881287.936,-0.693035,0.120000,0.120000,2.7778,TRACKING
114.564332,129.087993333333,35.074310333333,508022.272,3881287.388,0.016,-2.682800,route_tangent,528,1.506,2.000,530,508019.979,3881287.936,-0.693035,0.120000,0.120000,2.7778,TRACKING
114.614551,129.087993333333,35.074310333333,508022.272,3881287.388,0.016,-2.682800,route_tangent,528,1.506,2.000,530,508019.979,3881287.936,-0.693035,0.120000,0.120000,2.7778,TRACKING
114.664338,129.087993333333,35.074310333333,508022.272,3881287.388,0.016,-2.682800,route_tangent,528,1.506,2.000,530,508019.979,3881287.936,-0.693035,0.120000,0.120000,2.7778,TRACKING
114.714327,129.087993333333,35.074310500000,508022.272,3881287.407,0.012,-2.682800,route_tangent,528,1.489,2.000,530,508019.979,3881287.936,-0.685398,0.120000,0.120000,2.7778,TRACKING
114.764392,129.087993333333,35.074310500000,508022.272,3881287.407,0.012,-2.682800,route_tangent,528,1.489,2.000,530,508019.979,3881287.936,-0.685398,0.120000,0.120000,2.7778,TRACKING
114.814337,129.087993333333,35.074310500000,508022.272,3881287.407,0.012,-2.682800,route_tangent,528,1.489,2.000,530,508019.979,3881287.936,-0.685398,0.120000,0.120000,2.7778,TRACKING
114.864336,129.087993333333,35.074310500000,508022.272,3881287.407,0.012,-2.682800,route_tangent,528,1.489,2.000,530,508019.979,3881287.936,-0.685398,0.120000,0.120000,2.7778,TRACKING
114.914373,129.087993333333,35.074310500000,508022.272,3881287.407,0.012,-2.682800,route_tangent,528,1.489,2.000,530,508019.979,3881287.936,-0.685398,0.120000,0.120000,2.7778,TRACKING
114.964387,129.087993333333,35.074310500000,508022.272,3881287.407,0.014,-2.682800,route_tangent,528,1.489,2.000,530,508019.979,3881287.936,-0.685398,0.120000,0.120000,2.7778,TRACKING
115.014374,129.087993333333,35.074310500000,508022.272,3881287.407,0.014,-2.682800,route_tangent,528,1.489,2.000,530,508019.979,3881287.936,-0.685398,0.120000,0.120000,2.7778,TRACKING
115.064333,129.087993333333,35.074310500000,508022.272,3881287.407,0.014,-2.682800,route_tangent,528,1.489,2.000,530,508019.979,3881287.936,-0.685398,0.120000,0.120000,2.7778,TRACKING
115.114379,129.087993333333,35.074310500000,508022.272,3881287.407,0.014,-2.682800,route_tangent,528,1.489,2.000,530,508019.979,3881287.936,-0.685398,0.120000,0.120000,2.7778,TRACKING
115.164408,129.087993333333,35.074310500000,508022.272,3881287.407,0.014,-2.682800,route_tangent,528,1.489,2.000,530,508019.979,3881287.936,-0.685398,0.120000,0.120000,2.7778,TRACKING
115.214257,129.087993333333,35.074310500000,508022.272,3881287.407,0.014,-2.682800,route_tangent,528,1.489,2.000,530,508019.979,3881287.936,-0.685398,0.120000,0.120000,2.7778,TRACKING
115.264321,129.087993333333,35.074310333333,508022.272,3881287.388,0.014,-2.682800,route_tangent,528,1.506,2.000,530,508019.979,3881287.936,-0.693035,0.120000,0.120000,2.7778,TRACKING
115.314331,129.087993333333,35.074310333333,508022.272,3881287.388,0.014,-2.682800,route_tangent,528,1.506,2.000,530,508019.979,3881287.936,-0.693035,0.120000,0.120000,2.7778,TRACKING
115.364330,129.087993333333,35.074310333333,508022.272,3881287.388,0.014,-2.682800,route_tangent,528,1.506,2.000,530,508019.979,3881287.936,-0.693035,0.120000,0.120000,2.7778,TRACKING
115.414315,129.087993333333,35.074310333333,508022.272,3881287.388,0.014,-2.682800,route_tangent,528,1.506,2.000,530,508019.979,3881287.936,-0.693035,0.120000,0.120000,2.7778,TRACKING
115.465106,129.087993166667,35.074310333333,508022.257,3881287.388,0.005,-2.682800,route_tangent,528,1.501,2.000,530,508019.979,3881287.936,-0.694546,0.120000,0.120000,2.7778,TRACKING
115.514676,129.087993166667,35.074310333333,508022.257,3881287.388,0.005,-2.682800,route_tangent,528,1.501,2.000,530,508019.979,3881287.936,-0.694546,0.120000,0.120000,2.7778,TRACKING
115.564506,129.087993166667,35.074310333333,508022.257,3881287.388,0.005,-2.682800,route_tangent,528,1.501,2.000,530,508019.979,3881287.936,-0.694546,0.120000,0.120000,2.7778,TRACKING
115.615028,129.087993166667,35.074310333333,508022.257,3881287.388,0.005,-2.682800,route_tangent,528,1.501,2.000,530,508019.979,3881287.936,-0.694546,0.120000,0.120000,2.7778,TRACKING
115.664466,129.087993166667,35.074310333333,508022.257,3881287.388,0.005,-2.682800,route_tangent,528,1.501,2.000,530,508019.979,3881287.936,-0.694546,0.120000,0.120000,2.7778,TRACKING
115.714325,129.087993166667,35.074310333333,508022.257,3881287.388,0.005,-2.682800,route_tangent,528,1.501,2.000,530,508019.979,3881287.936,-0.694546,0.120000,0.120000,2.7778,TRACKING
115.764524,129.087993166667,35.074310333333,508022.257,3881287.388,0.005,-2.682800,route_tangent,528,1.501,2.000,530,508019.979,3881287.936,-0.694546,0.120000,0.120000,2.7778,TRACKING
115.814559,129.087993166667,35.074310333333,508022.257,3881287.388,0.005,-2.682800,route_tangent,528,1.501,2.000,530,508019.979,3881287.936,-0.694546,0.120000,0.120000,2.7778,TRACKING
115.864425,129.087993166667,35.074310333333,508022.257,3881287.388,0.005,-2.682800,route_tangent,528,1.501,2.000,530,508019.979,3881287.936,-0.694546,0.120000,0.120000,2.7778,TRACKING
115.914550,129.087993166667,35.074310333333,508022.257,3881287.388,0.005,-2.682800,route_tangent,528,1.501,2.000,530,508019.979,3881287.936,-0.694546,0.120000,0.120000,2.7778,TRACKING
115.964396,129.087993166667,35.074310333333,508022.257,3881287.388,0.016,-2.682800,route_tangent,528,1.501,2.000,530,508019.979,3881287.936,-0.694546,0.120000,0.120000,2.7778,TRACKING
116.014678,129.087993166667,35.074310333333,508022.257,3881287.388,0.016,-2.682800,route_tangent,528,1.501,2.000,530,508019.979,3881287.936,-0.694546,0.120000,0.120000,2.7778,TRACKING
116.064310,129.087993166667,35.074310333333,508022.257,3881287.388,0.016,-2.682800,route_tangent,528,1.501,2.000,530,508019.979,3881287.936,-0.694546,0.120000,0.120000,2.7778,TRACKING
116.114431,129.087993166667,35.074310333333,508022.257,3881287.388,0.016,-2.682800,route_tangent,528,1.501,2.000,530,508019.979,3881287.936,-0.694546,0.120000,0.120000,2.7778,TRACKING
116.164554,129.087993166667,35.074310333333,508022.257,3881287.388,0.016,-2.682800,route_tangent,528,1.501,2.000,530,508019.979,3881287.936,-0.694546,0.120000,0.120000,2.7778,TRACKING
116.214634,129.087993166667,35.074310333333,508022.257,3881287.388,0.003,-2.682800,route_tangent,528,1.501,2.000,530,508019.979,3881287.936,-0.694546,0.120000,0.120000,2.7778,TRACKING
116.264344,129.087993166667,35.074310333333,508022.257,3881287.388,0.003,-2.682800,route_tangent,528,1.501,2.000,530,508019.979,3881287.936,-0.694546,0.120000,0.120000,2.7778,TRACKING
116.314354,129.087993166667,35.074310333333,508022.257,3881287.388,0.003,-2.682800,route_tangent,528,1.501,2.000,530,508019.979,3881287.936,-0.694546,0.120000,0.120000,2.7778,TRACKING
116.364458,129.087993166667,35.074310333333,508022.257,3881287.388,0.003,-2.682800,route_tangent,528,1.501,2.000,530,508019.979,3881287.936,-0.694546,0.120000,0.120000,2.7778,TRACKING
116.414606,129.087993166667,35.074310333333,508022.257,3881287.388,0.003,-2.682800,route_tangent,528,1.501,2.000,530,508019.979,3881287.936,-0.694546,0.120000,0.120000,2.7778,TRACKING
116.464323,129.087993333333,35.074310333333,508022.272,3881287.388,0.006,-2.682800,route_tangent,528,1.506,2.000,530,508019.979,3881287.936,-0.693035,0.120000,0.120000,2.7778,TRACKING
116.514300,129.087993333333,35.074310333333,508022.272,3881287.388,0.006,-2.682800,route_tangent,528,1.506,2.000,530,508019.979,3881287.936,-0.693035,0.120000,0.120000,2.7778,TRACKING
116.564306,129.087993333333,35.074310333333,508022.272,3881287.388,0.006,-2.682800,route_tangent,528,1.506,2.000,530,508019.979,3881287.936,-0.693035,0.120000,0.120000,2.7778,TRACKING
116.614372,129.087993333333,35.074310333333,508022.272,3881287.388,0.006,-2.682800,route_tangent,528,1.506,2.000,530,508019.979,3881287.936,-0.693035,0.120000,0.120000,2.7778,TRACKING
116.664547,129.087993333333,35.074310333333,508022.272,3881287.388,0.006,-2.682800,route_tangent,528,1.506,2.000,530,508019.979,3881287.936,-0.693035,0.120000,0.120000,2.7778,TRACKING
116.714407,129.087993333333,35.074310333333,508022.272,3881287.388,0.006,-2.682800,route_tangent,528,1.506,2.000,530,508019.979,3881287.936,-0.693035,0.120000,0.120000,2.7778,TRACKING
116.764382,129.087993166667,35.074310333333,508022.257,3881287.388,0.007,-2.682800,route_tangent,528,1.501,2.000,530,508019.979,3881287.936,-0.694546,0.120000,0.120000,2.7778,TRACKING
116.814359,129.087993166667,35.074310333333,508022.257,3881287.388,0.007,-2.682800,route_tangent,528,1.501,2.000,530,508019.979,3881287.936,-0.694546,0.120000,0.120000,2.7778,TRACKING
116.864557,129.087993166667,35.074310333333,508022.257,3881287.388,0.007,-2.682800,route_tangent,528,1.501,2.000,530,508019.979,3881287.936,-0.694546,0.120000,0.120000,2.7778,TRACKING
116.914488,129.087993166667,35.074310333333,508022.257,3881287.388,0.007,-2.682800,route_tangent,528,1.501,2.000,530,508019.979,3881287.936,-0.694546,0.120000,0.120000,2.7778,TRACKING
116.964323,129.087993166667,35.074310500000,508022.257,3881287.407,0.016,-2.682800,route_tangent,528,1.484,2.000,530,508019.979,3881287.936,-0.686863,0.120000,0.120000,2.7778,TRACKING
117.014375,129.087993166667,35.074310500000,508022.257,3881287.407,0.016,-2.682800,route_tangent,528,1.484,2.000,530,508019.979,3881287.936,-0.686863,0.120000,0.120000,2.7778,TRACKING
117.064416,129.087993166667,35.074310500000,508022.257,3881287.407,0.016,-2.682800,route_tangent,528,1.484,2.000,530,508019.979,3881287.936,-0.686863,0.120000,0.120000,2.7778,TRACKING
117.114406,129.087993166667,35.074310500000,508022.257,3881287.407,0.016,-2.682800,route_tangent,528,1.484,2.000,530,508019.979,3881287.936,-0.686863,0.120000,0.120000,2.7778,TRACKING
117.164310,129.087993166667,35.074310500000,508022.257,3881287.407,0.016,-2.682800,route_tangent,528,1.484,2.000,530,508019.979,3881287.936,-0.686863,0.120000,0.120000,2.7778,TRACKING
117.214710,129.087993166667,35.074310500000,508022.257,3881287.407,0.018,-2.682800,route_tangent,528,1.484,2.000,530,508019.979,3881287.936,-0.686863,0.120000,0.120000,2.7778,TRACKING
117.264361,129.087993166667,35.074310333333,508022.257,3881287.388,0.018,-2.682800,route_tangent,528,1.501,2.000,530,508019.979,3881287.936,-0.694546,0.120000,0.120000,2.7778,TRACKING
117.314334,129.087993166667,35.074310333333,508022.257,3881287.388,0.018,-2.682800,route_tangent,528,1.501,2.000,530,508019.979,3881287.936,-0.694546,0.120000,0.120000,2.7778,TRACKING
117.364328,129.087993166667,35.074310333333,508022.257,3881287.388,0.018,-2.682800,route_tangent,528,1.501,2.000,530,508019.979,3881287.936,-0.694546,0.120000,0.120000,2.7778,TRACKING
117.414470,129.087993166667,35.074310333333,508022.257,3881287.388,0.018,-2.682800,route_tangent,528,1.501,2.000,530,508019.979,3881287.936,-0.694546,0.120000,0.120000,2.7778,TRACKING
117.464903,129.087993166667,35.074310333333,508022.257,3881287.388,0.001,-2.682800,route_tangent,528,1.501,2.000,530,508019.979,3881287.936,-0.694546,0.120000,0.120000,2.7778,TRACKING
117.514488,129.087993166667,35.074310333333,508022.257,3881287.388,0.001,-2.682800,route_tangent,528,1.501,2.000,530,508019.979,3881287.936,-0.694546,0.120000,0.120000,2.7778,TRACKING
117.564343,129.087993166667,35.074310333333,508022.257,3881287.388,0.001,-2.682800,route_tangent,528,1.501,2.000,530,508019.979,3881287.936,-0.694546,0.120000,0.120000,2.7778,TRACKING
117.614559,129.087993166667,35.074310333333,508022.257,3881287.388,0.001,-2.682800,route_tangent,528,1.501,2.000,530,508019.979,3881287.936,-0.694546,0.120000,0.120000,2.7778,TRACKING
117.664386,129.087993166667,35.074310333333,508022.257,3881287.388,0.001,-2.682800,route_tangent,528,1.501,2.000,530,508019.979,3881287.936,-0.694546,0.120000,0.120000,2.7778,TRACKING
117.715218,129.087993166667,35.074310333333,508022.257,3881287.388,0.001,-2.682800,route_tangent,528,1.501,2.000,530,508019.979,3881287.936,-0.694546,0.120000,0.120000,2.7778,TRACKING
117.764695,129.087993166667,35.074310333333,508022.257,3881287.388,0.001,-2.682800,route_tangent,528,1.501,2.000,530,508019.979,3881287.936,-0.694546,0.120000,0.120000,2.7778,TRACKING
117.814515,129.087993166667,35.074310333333,508022.257,3881287.388,0.001,-2.682800,route_tangent,528,1.501,2.000,530,508019.979,3881287.936,-0.694546,0.120000,0.120000,2.7778,TRACKING
117.864328,129.087993166667,35.074310333333,508022.257,3881287.388,0.001,-2.682800,route_tangent,528,1.501,2.000,530,508019.979,3881287.936,-0.694546,0.120000,0.120000,2.7778,TRACKING
117.914432,129.087993166667,35.074310333333,508022.257,3881287.388,0.001,-2.682800,route_tangent,528,1.501,2.000,530,508019.979,3881287.936,-0.694546,0.120000,0.120000,2.7778,TRACKING
117.964346,129.087993166667,35.074310333333,508022.257,3881287.388,0.001,-2.682800,route_tangent,528,1.501,2.000,530,508019.979,3881287.936,-0.694546,0.120000,0.120000,2.7778,TRACKING
118.014418,129.087993166667,35.074310333333,508022.257,3881287.388,0.001,-2.682800,route_tangent,528,1.501,2.000,530,508019.979,3881287.936,-0.694546,0.120000,0.120000,2.7778,TRACKING
118.064615,129.087993166667,35.074310333333,508022.257,3881287.388,0.001,-2.682800,route_tangent,528,1.501,2.000,530,508019.979,3881287.936,-0.694546,0.120000,0.120000,2.7778,TRACKING
118.114350,129.087993166667,35.074310333333,508022.257,3881287.388,0.001,-2.682800,route_tangent,528,1.501,2.000,530,508019.979,3881287.936,-0.694546,0.120000,0.120000,2.7778,TRACKING
118.164765,129.087993166667,35.074310333333,508022.257,3881287.388,0.001,-2.682800,route_tangent,528,1.501,2.000,530,508019.979,3881287.936,-0.694546,0.120000,0.120000,2.7778,TRACKING
118.214424,129.087993166667,35.074310333333,508022.257,3881287.388,0.001,-2.682800,route_tangent,528,1.501,2.000,530,508019.979,3881287.936,-0.694546,0.120000,0.120000,2.7778,TRACKING
118.264707,129.087993166667,35.074310333333,508022.257,3881287.388,0.001,-2.682800,route_tangent,528,1.501,2.000,530,508019.979,3881287.936,-0.694546,0.120000,0.120000,2.7778,TRACKING
118.314359,129.087993166667,35.074310333333,508022.257,3881287.388,0.001,-2.682800,route_tangent,528,1.501,2.000,530,508019.979,3881287.936,-0.694546,0.120000,0.120000,2.7778,TRACKING
118.364690,129.087993166667,35.074310333333,508022.257,3881287.388,0.001,-2.682800,route_tangent,528,1.501,2.000,530,508019.979,3881287.936,-0.694546,0.120000,0.120000,2.7778,TRACKING
118.414553,129.087993166667,35.074310333333,508022.257,3881287.388,0.001,-2.682800,route_tangent,528,1.501,2.000,530,508019.979,3881287.936,-0.694546,0.120000,0.120000,2.7778,TRACKING
118.464621,129.087993166667,35.074310333333,508022.257,3881287.388,0.011,-2.682800,route_tangent,528,1.501,2.000,530,508019.979,3881287.936,-0.694546,0.120000,0.120000,2.7778,TRACKING
118.514416,129.087993166667,35.074310333333,508022.257,3881287.388,0.011,-2.682800,route_tangent,528,1.501,2.000,530,508019.979,3881287.936,-0.694546,0.120000,0.120000,2.7778,TRACKING
118.564538,129.087993166667,35.074310333333,508022.257,3881287.388,0.011,-2.682800,route_tangent,528,1.501,2.000,530,508019.979,3881287.936,-0.694546,0.120000,0.120000,2.7778,TRACKING
118.614356,129.087993166667,35.074310333333,508022.257,3881287.388,0.011,-2.682800,route_tangent,528,1.501,2.000,530,508019.979,3881287.936,-0.694546,0.120000,0.120000,2.7778,TRACKING
118.664635,129.087993166667,35.074310333333,508022.257,3881287.388,0.011,-2.682800,route_tangent,528,1.501,2.000,530,508019.979,3881287.936,-0.694546,0.120000,0.120000,2.7778,TRACKING
118.714365,129.087993166667,35.074310500000,508022.257,3881287.407,0.011,-2.682800,route_tangent,528,1.484,2.000,530,508019.979,3881287.936,-0.686863,0.120000,0.120000,2.7778,TRACKING
118.764466,129.087993166667,35.074310500000,508022.257,3881287.407,0.011,-2.682800,route_tangent,528,1.484,2.000,530,508019.979,3881287.936,-0.686863,0.120000,0.120000,2.7778,TRACKING
118.814330,129.087993166667,35.074310500000,508022.257,3881287.407,0.011,-2.682800,route_tangent,528,1.484,2.000,530,508019.979,3881287.936,-0.686863,0.120000,0.120000,2.7778,TRACKING
118.864479,129.087993166667,35.074310500000,508022.257,3881287.407,0.011,-2.682800,route_tangent,528,1.484,2.000,530,508019.979,3881287.936,-0.686863,0.120000,0.120000,2.7778,TRACKING
118.914358,129.087993166667,35.074310500000,508022.257,3881287.407,0.011,-2.682800,route_tangent,528,1.484,2.000,530,508019.979,3881287.936,-0.686863,0.120000,0.120000,2.7778,TRACKING
118.964346,129.087993166667,35.074310500000,508022.257,3881287.407,0.011,-2.682800,route_tangent,528,1.484,2.000,530,508019.979,3881287.936,-0.686863,0.120000,0.120000,2.7778,TRACKING
119.014339,129.087993166667,35.074310500000,508022.257,3881287.407,0.011,-2.682800,route_tangent,528,1.484,2.000,530,508019.979,3881287.936,-0.686863,0.120000,0.120000,2.7778,TRACKING
119.064664,129.087993166667,35.074310500000,508022.257,3881287.407,0.011,-2.682800,route_tangent,528,1.484,2.000,530,508019.979,3881287.936,-0.686863,0.120000,0.120000,2.7778,TRACKING
119.114315,129.087993166667,35.074310500000,508022.257,3881287.407,0.011,-2.682800,route_tangent,528,1.484,2.000,530,508019.979,3881287.936,-0.686863,0.120000,0.120000,2.7778,TRACKING
119.164504,129.087993166667,35.074310500000,508022.257,3881287.407,0.011,-2.682800,route_tangent,528,1.484,2.000,530,508019.979,3881287.936,-0.686863,0.120000,0.120000,2.7778,TRACKING
119.214326,129.087993166667,35.074310500000,508022.257,3881287.407,0.011,-2.682800,route_tangent,528,1.484,2.000,530,508019.979,3881287.936,-0.686863,0.120000,0.120000,2.7778,TRACKING
119.264326,129.087993333333,35.074310500000,508022.272,3881287.407,0.011,-2.682800,route_tangent,528,1.489,2.000,530,508019.979,3881287.936,-0.685398,0.120000,0.120000,2.7778,TRACKING
119.314350,129.087993333333,35.074310500000,508022.272,3881287.407,0.011,-2.682800,route_tangent,528,1.489,2.000,530,508019.979,3881287.936,-0.685398,0.120000,0.120000,2.7778,TRACKING
119.364330,129.087993333333,35.074310500000,508022.272,3881287.407,0.011,-2.682800,route_tangent,528,1.489,2.000,530,508019.979,3881287.936,-0.685398,0.120000,0.120000,2.7778,TRACKING
119.414335,129.087993333333,35.074310500000,508022.272,3881287.407,0.011,-2.682800,route_tangent,528,1.489,2.000,530,508019.979,3881287.936,-0.685398,0.120000,0.120000,2.7778,TRACKING
119.464576,129.087993166667,35.074310333333,508022.257,3881287.388,0.019,-2.682800,route_tangent,528,1.501,2.000,530,508019.979,3881287.936,-0.694546,0.120000,0.120000,2.7778,TRACKING
119.514349,129.087993166667,35.074310333333,508022.257,3881287.388,0.019,-2.682800,route_tangent,528,1.501,2.000,530,508019.979,3881287.936,-0.694546,0.120000,0.120000,2.7778,TRACKING
119.564538,129.087993166667,35.074310333333,508022.257,3881287.388,0.019,-2.682800,route_tangent,528,1.501,2.000,530,508019.979,3881287.936,-0.694546,0.120000,0.120000,2.7778,TRACKING
119.614363,129.087993166667,35.074310333333,508022.257,3881287.388,0.019,-2.682800,route_tangent,528,1.501,2.000,530,508019.979,3881287.936,-0.694546,0.120000,0.120000,2.7778,TRACKING
119.664440,129.087993166667,35.074310333333,508022.257,3881287.388,0.019,-2.682800,route_tangent,528,1.501,2.000,530,508019.979,3881287.936,-0.694546,0.120000,0.120000,2.7778,TRACKING
119.714342,129.087993166667,35.074310333333,508022.257,3881287.388,0.017,-2.682800,route_tangent,528,1.501,2.000,530,508019.979,3881287.936,-0.694546,0.120000,0.120000,2.7778,TRACKING
119.764346,129.087993166667,35.074310333333,508022.257,3881287.388,0.017,-2.682800,route_tangent,528,1.501,2.000,530,508019.979,3881287.936,-0.694546,0.120000,0.120000,2.7778,TRACKING
119.814361,129.087993166667,35.074310333333,508022.257,3881287.388,0.017,-2.682800,route_tangent,528,1.501,2.000,530,508019.979,3881287.936,-0.694546,0.120000,0.120000,2.7778,TRACKING
119.864498,129.087993166667,35.074310333333,508022.257,3881287.388,0.017,-2.682800,route_tangent,528,1.501,2.000,530,508019.979,3881287.936,-0.694546,0.120000,0.120000,2.7778,TRACKING
119.914405,129.087993166667,35.074310333333,508022.257,3881287.388,0.017,-2.682800,route_tangent,528,1.501,2.000,530,508019.979,3881287.936,-0.694546,0.120000,0.120000,2.7778,TRACKING
119.964339,129.087993166667,35.074310333333,508022.257,3881287.388,0.015,-2.682800,route_tangent,528,1.501,2.000,530,508019.979,3881287.936,-0.694546,0.120000,0.120000,2.7778,TRACKING
120.014948,129.087993166667,35.074310333333,508022.257,3881287.388,0.015,-2.682800,route_tangent,528,1.501,2.000,530,508019.979,3881287.936,-0.694546,0.120000,0.120000,2.7778,TRACKING
120.064385,129.087993166667,35.074310333333,508022.257,3881287.388,0.015,-2.682800,route_tangent,528,1.501,2.000,530,508019.979,3881287.936,-0.694546,0.120000,0.120000,2.7778,TRACKING
120.114322,129.087993166667,35.074310333333,508022.257,3881287.388,0.015,-2.682800,route_tangent,528,1.501,2.000,530,508019.979,3881287.936,-0.694546,0.120000,0.120000,2.7778,TRACKING
120.164498,129.087993166667,35.074310333333,508022.257,3881287.388,0.015,-2.682800,route_tangent,528,1.501,2.000,530,508019.979,3881287.936,-0.694546,0.120000,0.120000,2.7778,TRACKING
120.214590,129.087993166667,35.074310333333,508022.257,3881287.388,0.004,-2.682800,route_tangent,528,1.501,2.000,530,508019.979,3881287.936,-0.694546,0.120000,0.120000,2.7778,TRACKING
120.264340,129.087993166667,35.074310333333,508022.257,3881287.388,0.004,-2.682800,route_tangent,528,1.501,2.000,530,508019.979,3881287.936,-0.694546,0.120000,0.120000,2.7778,TRACKING
120.314373,129.087993166667,35.074310333333,508022.257,3881287.388,0.004,-2.682800,route_tangent,528,1.501,2.000,530,508019.979,3881287.936,-0.694546,0.120000,0.120000,2.7778,TRACKING
120.364412,129.087993166667,35.074310333333,508022.257,3881287.388,0.004,-2.682800,route_tangent,528,1.501,2.000,530,508019.979,3881287.936,-0.694546,0.120000,0.120000,2.7778,TRACKING
120.414407,129.087993166667,35.074310333333,508022.257,3881287.388,0.004,-2.682800,route_tangent,528,1.501,2.000,530,508019.979,3881287.936,-0.694546,0.120000,0.120000,2.7778,TRACKING
120.464345,129.087993166667,35.074310333333,508022.257,3881287.388,0.007,-2.682800,route_tangent,528,1.501,2.000,530,508019.979,3881287.936,-0.694546,0.120000,0.120000,2.7778,TRACKING
120.514460,129.087993166667,35.074310333333,508022.257,3881287.388,0.007,-2.682800,route_tangent,528,1.501,2.000,530,508019.979,3881287.936,-0.694546,0.120000,0.120000,2.7778,TRACKING
120.564543,129.087993166667,35.074310333333,508022.257,3881287.388,0.007,-2.682800,route_tangent,528,1.501,2.000,530,508019.979,3881287.936,-0.694546,0.120000,0.120000,2.7778,TRACKING
120.615045,129.087993166667,35.074310333333,508022.257,3881287.388,0.007,-2.682800,route_tangent,528,1.501,2.000,530,508019.979,3881287.936,-0.694546,0.120000,0.120000,2.7778,TRACKING
120.664366,129.087993166667,35.074310333333,508022.257,3881287.388,0.007,-2.682800,route_tangent,528,1.501,2.000,530,508019.979,3881287.936,-0.694546,0.120000,0.120000,2.7778,TRACKING
120.714346,129.087993166667,35.074310500000,508022.257,3881287.407,0.010,-2.682800,route_tangent,528,1.484,2.000,530,508019.979,3881287.936,-0.686863,0.120000,0.120000,2.7778,TRACKING
120.764359,129.087993166667,35.074310500000,508022.257,3881287.407,0.010,-2.682800,route_tangent,528,1.484,2.000,530,508019.979,3881287.936,-0.686863,0.120000,0.120000,2.7778,TRACKING
120.814840,129.087993166667,35.074310500000,508022.257,3881287.407,0.010,-2.682800,route_tangent,528,1.484,2.000,530,508019.979,3881287.936,-0.686863,0.120000,0.120000,2.7778,TRACKING
120.864386,129.087993166667,35.074310500000,508022.257,3881287.407,0.010,-2.682800,route_tangent,528,1.484,2.000,530,508019.979,3881287.936,-0.686863,0.120000,0.120000,2.7778,TRACKING
120.914403,129.087993166667,35.074310500000,508022.257,3881287.407,0.010,-2.682800,route_tangent,528,1.484,2.000,530,508019.979,3881287.936,-0.686863,0.120000,0.120000,2.7778,TRACKING
120.964311,129.087993166667,35.074310500000,508022.257,3881287.407,0.013,-2.682800,route_tangent,528,1.484,2.000,530,508019.979,3881287.936,-0.686863,0.120000,0.120000,2.7778,TRACKING
121.014421,129.087993166667,35.074310500000,508022.257,3881287.407,0.013,-2.682800,route_tangent,528,1.484,2.000,530,508019.979,3881287.936,-0.686863,0.120000,0.120000,2.7778,TRACKING
121.064342,129.087993166667,35.074310500000,508022.257,3881287.407,0.013,-2.682800,route_tangent,528,1.484,2.000,530,508019.979,3881287.936,-0.686863,0.120000,0.120000,2.7778,TRACKING
121.114600,129.087993166667,35.074310500000,508022.257,3881287.407,0.013,-2.682800,route_tangent,528,1.484,2.000,530,508019.979,3881287.936,-0.686863,0.120000,0.120000,2.7778,TRACKING
121.164326,129.087993166667,35.074310500000,508022.257,3881287.407,0.013,-2.682800,route_tangent,528,1.484,2.000,530,508019.979,3881287.936,-0.686863,0.120000,0.120000,2.7778,TRACKING
121.214322,129.087993333333,35.074310500000,508022.272,3881287.407,0.017,-2.682800,route_tangent,528,1.489,2.000,530,508019.979,3881287.936,-0.685398,0.120000,0.120000,2.7778,TRACKING
121.264374,129.087993333333,35.074310500000,508022.272,3881287.407,0.017,-2.682800,route_tangent,528,1.489,2.000,530,508019.979,3881287.936,-0.685398,0.120000,0.120000,2.7778,TRACKING
121.314381,129.087993333333,35.074310500000,508022.272,3881287.407,0.017,-2.682800,route_tangent,528,1.489,2.000,530,508019.979,3881287.936,-0.685398,0.120000,0.120000,2.7778,TRACKING
121.364483,129.087993333333,35.074310500000,508022.272,3881287.407,0.017,-2.682800,route_tangent,528,1.489,2.000,530,508019.979,3881287.936,-0.685398,0.120000,0.120000,2.7778,TRACKING
121.414474,129.087993333333,35.074310500000,508022.272,3881287.407,0.017,-2.682800,route_tangent,528,1.489,2.000,530,508019.979,3881287.936,-0.685398,0.120000,0.120000,2.7778,TRACKING
121.464314,129.087993166667,35.074310333333,508022.257,3881287.388,0.014,-2.682800,route_tangent,528,1.501,2.000,530,508019.979,3881287.936,-0.694546,0.120000,0.120000,2.7778,TRACKING
121.514297,129.087993166667,35.074310333333,508022.257,3881287.388,0.014,-2.682800,route_tangent,528,1.501,2.000,530,508019.979,3881287.936,-0.694546,0.120000,0.120000,2.7778,TRACKING
121.564310,129.087993166667,35.074310333333,508022.257,3881287.388,0.014,-2.682800,route_tangent,528,1.501,2.000,530,508019.979,3881287.936,-0.694546,0.120000,0.120000,2.7778,TRACKING
121.614425,129.087993166667,35.074310333333,508022.257,3881287.388,0.014,-2.682800,route_tangent,528,1.501,2.000,530,508019.979,3881287.936,-0.694546,0.120000,0.120000,2.7778,TRACKING
121.664323,129.087993166667,35.074310333333,508022.257,3881287.388,0.014,-2.682800,route_tangent,528,1.501,2.000,530,508019.979,3881287.936,-0.694546,0.120000,0.120000,2.7778,TRACKING
121.714372,129.087993166667,35.074310333333,508022.257,3881287.388,0.014,-2.682800,route_tangent,528,1.501,2.000,530,508019.979,3881287.936,-0.694546,0.120000,0.120000,2.7778,TRACKING
121.765028,129.087993166667,35.074310333333,508022.257,3881287.388,0.014,-2.682800,route_tangent,528,1.501,2.000,530,508019.979,3881287.936,-0.694546,0.120000,0.120000,2.7778,TRACKING
121.814435,129.087993166667,35.074310333333,508022.257,3881287.388,0.014,-2.682800,route_tangent,528,1.501,2.000,530,508019.979,3881287.936,-0.694546,0.120000,0.120000,2.7778,TRACKING
121.864363,129.087993166667,35.074310333333,508022.257,3881287.388,0.014,-2.682800,route_tangent,528,1.501,2.000,530,508019.979,3881287.936,-0.694546,0.120000,0.120000,2.7778,TRACKING
121.914457,129.087993166667,35.074310333333,508022.257,3881287.388,0.014,-2.682800,route_tangent,528,1.501,2.000,530,508019.979,3881287.936,-0.694546,0.120000,0.120000,2.7778,TRACKING
121.964384,129.087993166667,35.074310333333,508022.257,3881287.388,0.020,-2.682800,route_tangent,528,1.501,2.000,530,508019.979,3881287.936,-0.694546,0.120000,0.120000,2.7778,TRACKING
122.014365,129.087993166667,35.074310333333,508022.257,3881287.388,0.020,-2.682800,route_tangent,528,1.501,2.000,530,508019.979,3881287.936,-0.694546,0.120000,0.120000,2.7778,TRACKING
122.064330,129.087993166667,35.074310333333,508022.257,3881287.388,0.020,-2.682800,route_tangent,528,1.501,2.000,530,508019.979,3881287.936,-0.694546,0.120000,0.120000,2.7778,TRACKING
122.114465,129.087993166667,35.074310333333,508022.257,3881287.388,0.020,-2.682800,route_tangent,528,1.501,2.000,530,508019.979,3881287.936,-0.694546,0.120000,0.120000,2.7778,TRACKING
122.164469,129.087993166667,35.074310333333,508022.257,3881287.388,0.020,-2.682800,route_tangent,528,1.501,2.000,530,508019.979,3881287.936,-0.694546,0.120000,0.120000,2.7778,TRACKING
122.214349,129.087993166667,35.074310333333,508022.257,3881287.388,0.004,-2.682800,route_tangent,528,1.501,2.000,530,508019.979,3881287.936,-0.694546,0.120000,0.120000,2.7778,TRACKING
122.264593,129.087993166667,35.074310333333,508022.257,3881287.388,0.004,-2.682800,route_tangent,528,1.501,2.000,530,508019.979,3881287.936,-0.694546,0.120000,0.120000,2.7778,TRACKING
122.314517,129.087993166667,35.074310333333,508022.257,3881287.388,0.004,-2.682800,route_tangent,528,1.501,2.000,530,508019.979,3881287.936,-0.694546,0.120000,0.120000,2.7778,TRACKING
122.364504,129.087993166667,35.074310333333,508022.257,3881287.388,0.004,-2.682800,route_tangent,528,1.501,2.000,530,508019.979,3881287.936,-0.694546,0.120000,0.120000,2.7778,TRACKING
122.414494,129.087993166667,35.074310333333,508022.257,3881287.388,0.004,-2.682800,route_tangent,528,1.501,2.000,530,508019.979,3881287.936,-0.694546,0.120000,0.120000,2.7778,TRACKING
122.464390,129.087993166667,35.074310333333,508022.257,3881287.388,0.004,-2.682800,route_tangent,528,1.501,2.000,530,508019.979,3881287.936,-0.694546,0.120000,0.120000,2.7778,TRACKING
122.514511,129.087993166667,35.074310333333,508022.257,3881287.388,0.004,-2.682800,route_tangent,528,1.501,2.000,530,508019.979,3881287.936,-0.694546,0.120000,0.120000,2.7778,TRACKING
122.564445,129.087993166667,35.074310333333,508022.257,3881287.388,0.004,-2.682800,route_tangent,528,1.501,2.000,530,508019.979,3881287.936,-0.694546,0.120000,0.120000,2.7778,TRACKING
122.614516,129.087993166667,35.074310333333,508022.257,3881287.388,0.004,-2.682800,route_tangent,528,1.501,2.000,530,508019.979,3881287.936,-0.694546,0.120000,0.120000,2.7778,TRACKING
122.664438,129.087993166667,35.074310333333,508022.257,3881287.388,0.004,-2.682800,route_tangent,528,1.501,2.000,530,508019.979,3881287.936,-0.694546,0.120000,0.120000,2.7778,TRACKING
122.714328,129.087993166667,35.074310166667,508022.257,3881287.370,0.018,-2.682800,route_tangent,528,1.519,2.000,530,508019.979,3881287.936,-0.702200,0.120000,0.120000,2.7778,TRACKING
122.764476,129.087993166667,35.074310166667,508022.257,3881287.370,0.018,-2.682800,route_tangent,528,1.519,2.000,530,508019.979,3881287.936,-0.702200,0.120000,0.120000,2.7778,TRACKING
122.814433,129.087993166667,35.074310166667,508022.257,3881287.370,0.018,-2.682800,route_tangent,528,1.519,2.000,530,508019.979,3881287.936,-0.702200,0.120000,0.120000,2.7778,TRACKING
122.864453,129.087993166667,35.074310166667,508022.257,3881287.370,0.018,-2.682800,route_tangent,528,1.519,2.000,530,508019.979,3881287.936,-0.702200,0.120000,0.120000,2.7778,TRACKING
122.914445,129.087993166667,35.074310166667,508022.257,3881287.370,0.018,-2.682800,route_tangent,528,1.519,2.000,530,508019.979,3881287.936,-0.702200,0.120000,0.120000,2.7778,TRACKING
122.964319,129.087993166667,35.074310166667,508022.257,3881287.370,0.024,-2.682800,route_tangent,528,1.519,2.000,530,508019.979,3881287.936,-0.702200,0.120000,0.120000,2.7778,TRACKING
123.014442,129.087993166667,35.074310166667,508022.257,3881287.370,0.024,-2.682800,route_tangent,528,1.519,2.000,530,508019.979,3881287.936,-0.702200,0.120000,0.120000,2.7778,TRACKING
123.064402,129.087993166667,35.074310166667,508022.257,3881287.370,0.024,-2.682800,route_tangent,528,1.519,2.000,530,508019.979,3881287.936,-0.702200,0.120000,0.120000,2.7778,TRACKING
123.114360,129.087993166667,35.074310166667,508022.257,3881287.370,0.024,-2.682800,route_tangent,528,1.519,2.000,530,508019.979,3881287.936,-0.702200,0.120000,0.120000,2.7778,TRACKING
123.164546,129.087993166667,35.074310166667,508022.257,3881287.370,0.024,-2.682800,route_tangent,528,1.519,2.000,530,508019.979,3881287.936,-0.702200,0.120000,0.120000,2.7778,TRACKING
123.214221,129.087993000000,35.074310166667,508022.242,3881287.370,0.016,-2.682800,route_tangent,528,1.514,2.000,530,508019.979,3881287.936,-0.703775,0.120000,0.120000,2.7778,TRACKING
123.264497,129.087993000000,35.074310166667,508022.242,3881287.370,0.016,-2.682800,route_tangent,528,1.514,2.000,530,508019.979,3881287.936,-0.703775,0.120000,0.120000,2.7778,TRACKING
123.314505,129.087993000000,35.074310166667,508022.242,3881287.370,0.016,-2.682800,route_tangent,528,1.514,2.000,530,508019.979,3881287.936,-0.703775,0.120000,0.120000,2.7778,TRACKING
123.364342,129.087993000000,35.074310166667,508022.242,3881287.370,0.016,-2.682800,route_tangent,528,1.514,2.000,530,508019.979,3881287.936,-0.703775,0.120000,0.120000,2.7778,TRACKING
123.414468,129.087993000000,35.074310166667,508022.242,3881287.370,0.016,-2.682800,route_tangent,528,1.514,2.000,530,508019.979,3881287.936,-0.703775,0.120000,0.120000,2.7778,TRACKING
123.464334,129.087993000000,35.074310166667,508022.242,3881287.370,0.019,-2.682800,route_tangent,528,1.514,2.000,530,508019.979,3881287.936,-0.703775,0.120000,0.120000,2.7778,TRACKING
123.514565,129.087993000000,35.074310166667,508022.242,3881287.370,0.019,-2.682800,route_tangent,528,1.514,2.000,530,508019.979,3881287.936,-0.703775,0.120000,0.120000,2.7778,TRACKING
123.564480,129.087993000000,35.074310166667,508022.242,3881287.370,0.019,-2.682800,route_tangent,528,1.514,2.000,530,508019.979,3881287.936,-0.703775,0.120000,0.120000,2.7778,TRACKING
123.614534,129.087993000000,35.074310166667,508022.242,3881287.370,0.019,-2.682800,route_tangent,528,1.514,2.000,530,508019.979,3881287.936,-0.703775,0.120000,0.120000,2.7778,TRACKING
123.664458,129.087993000000,35.074310166667,508022.242,3881287.370,0.019,-2.682800,route_tangent,528,1.514,2.000,530,508019.979,3881287.936,-0.703775,0.120000,0.120000,2.7778,TRACKING
123.714418,129.087993000000,35.074310166667,508022.242,3881287.370,0.017,-2.682800,route_tangent,528,1.514,2.000,530,508019.979,3881287.936,-0.703775,0.120000,0.120000,2.7778,TRACKING
123.764359,129.087993000000,35.074310166667,508022.242,3881287.370,0.017,-2.682800,route_tangent,528,1.514,2.000,530,508019.979,3881287.936,-0.703775,0.120000,0.120000,2.7778,TRACKING
123.814515,129.087993000000,35.074310166667,508022.242,3881287.370,0.017,-2.682800,route_tangent,528,1.514,2.000,530,508019.979,3881287.936,-0.703775,0.120000,0.120000,2.7778,TRACKING
123.864449,129.087993000000,35.074310166667,508022.242,3881287.370,0.017,-2.682800,route_tangent,528,1.514,2.000,530,508019.979,3881287.936,-0.703775,0.120000,0.120000,2.7778,TRACKING
123.914395,129.087993000000,35.074310166667,508022.242,3881287.370,0.017,-2.682800,route_tangent,528,1.514,2.000,530,508019.979,3881287.936,-0.703775,0.120000,0.120000,2.7778,TRACKING
123.964320,129.087993000000,35.074310166667,508022.242,3881287.370,0.013,-2.682800,route_tangent,528,1.514,2.000,530,508019.979,3881287.936,-0.703775,0.120000,0.120000,2.7778,TRACKING
124.015415,129.087993000000,35.074310166667,508022.242,3881287.370,0.013,-2.682800,route_tangent,528,1.514,2.000,530,508019.979,3881287.936,-0.703775,0.120000,0.120000,2.7778,TRACKING
124.064523,129.087993000000,35.074310166667,508022.242,3881287.370,0.013,-2.682800,route_tangent,528,1.514,2.000,530,508019.979,3881287.936,-0.703775,0.120000,0.120000,2.7778,TRACKING
124.114425,129.087993000000,35.074310166667,508022.242,3881287.370,0.013,-2.682800,route_tangent,528,1.514,2.000,530,508019.979,3881287.936,-0.703775,0.120000,0.120000,2.7778,TRACKING
124.164467,129.087993000000,35.074310166667,508022.242,3881287.370,0.013,-2.682800,route_tangent,528,1.514,2.000,530,508019.979,3881287.936,-0.703775,0.120000,0.120000,2.7778,TRACKING
124.214305,129.087993000000,35.074310166667,508022.242,3881287.370,0.011,-2.682800,route_tangent,528,1.514,2.000,530,508019.979,3881287.936,-0.703775,0.120000,0.120000,2.7778,TRACKING
124.264575,129.087993000000,35.074310166667,508022.242,3881287.370,0.011,-2.682800,route_tangent,528,1.514,2.000,530,508019.979,3881287.936,-0.703775,0.120000,0.120000,2.7778,TRACKING
124.314637,129.087993000000,35.074310166667,508022.242,3881287.370,0.011,-2.682800,route_tangent,528,1.514,2.000,530,508019.979,3881287.936,-0.703775,0.120000,0.120000,2.7778,TRACKING
124.364481,129.087993000000,35.074310166667,508022.242,3881287.370,0.011,-2.682800,route_tangent,528,1.514,2.000,530,508019.979,3881287.936,-0.703775,0.120000,0.120000,2.7778,TRACKING
124.414447,129.087993000000,35.074310166667,508022.242,3881287.370,0.011,-2.682800,route_tangent,528,1.514,2.000,530,508019.979,3881287.936,-0.703775,0.120000,0.120000,2.7778,TRACKING
124.464346,129.087993000000,35.074310166667,508022.242,3881287.370,0.010,-2.682800,route_tangent,528,1.514,2.000,530,508019.979,3881287.936,-0.703775,0.120000,0.120000,2.7778,TRACKING
124.514438,129.087993000000,35.074310166667,508022.242,3881287.370,0.010,-2.682800,route_tangent,528,1.514,2.000,530,508019.979,3881287.936,-0.703775,0.120000,0.120000,2.7778,TRACKING
124.564459,129.087993000000,35.074310166667,508022.242,3881287.370,0.010,-2.682800,route_tangent,528,1.514,2.000,530,508019.979,3881287.936,-0.703775,0.120000,0.120000,2.7778,TRACKING
124.614445,129.087993000000,35.074310166667,508022.242,3881287.370,0.010,-2.682800,route_tangent,528,1.514,2.000,530,508019.979,3881287.936,-0.703775,0.120000,0.120000,2.7778,TRACKING
124.664389,129.087993000000,35.074310166667,508022.242,3881287.370,0.010,-2.682800,route_tangent,528,1.514,2.000,530,508019.979,3881287.936,-0.703775,0.120000,0.120000,2.7778,TRACKING
124.714388,129.087993166667,35.074310166667,508022.257,3881287.370,0.009,-2.682800,route_tangent,528,1.519,2.000,530,508019.979,3881287.936,-0.702200,0.120000,0.120000,2.7778,TRACKING
124.764453,129.087993166667,35.074310166667,508022.257,3881287.370,0.009,-2.682800,route_tangent,528,1.519,2.000,530,508019.979,3881287.936,-0.702200,0.120000,0.120000,2.7778,TRACKING
124.814510,129.087993166667,35.074310166667,508022.257,3881287.370,0.009,-2.682800,route_tangent,528,1.519,2.000,530,508019.979,3881287.936,-0.702200,0.120000,0.120000,2.7778,TRACKING
124.864477,129.087993166667,35.074310166667,508022.257,3881287.370,0.009,-2.682800,route_tangent,528,1.519,2.000,530,508019.979,3881287.936,-0.702200,0.120000,0.120000,2.7778,TRACKING
124.914574,129.087993166667,35.074310166667,508022.257,3881287.370,0.009,-2.682800,route_tangent,528,1.519,2.000,530,508019.979,3881287.936,-0.702200,0.120000,0.120000,2.7778,TRACKING
124.964336,129.087993166667,35.074310166667,508022.257,3881287.370,0.010,-2.682800,route_tangent,528,1.519,2.000,530,508019.979,3881287.936,-0.702200,0.120000,0.120000,2.7778,TRACKING
125.014493,129.087993166667,35.074310166667,508022.257,3881287.370,0.010,-2.682800,route_tangent,528,1.519,2.000,530,508019.979,3881287.936,-0.702200,0.120000,0.120000,2.7778,TRACKING
125.064440,129.087993166667,35.074310166667,508022.257,3881287.370,0.010,-2.682800,route_tangent,528,1.519,2.000,530,508019.979,3881287.936,-0.702200,0.120000,0.120000,2.7778,TRACKING
125.114347,129.087993166667,35.074310166667,508022.257,3881287.370,0.010,-2.682800,route_tangent,528,1.519,2.000,530,508019.979,3881287.936,-0.702200,0.120000,0.120000,2.7778,TRACKING
125.164488,129.087993166667,35.074310166667,508022.257,3881287.370,0.010,-2.682800,route_tangent,528,1.519,2.000,530,508019.979,3881287.936,-0.702200,0.120000,0.120000,2.7778,TRACKING
125.214419,129.087993166667,35.074310166667,508022.257,3881287.370,0.006,-2.682800,route_tangent,528,1.519,2.000,530,508019.979,3881287.936,-0.702200,0.120000,0.120000,2.7778,TRACKING
125.264530,129.087993000000,35.074310166667,508022.242,3881287.370,0.006,-2.682800,route_tangent,528,1.514,2.000,530,508019.979,3881287.936,-0.703775,0.120000,0.120000,2.7778,TRACKING
125.314433,129.087993000000,35.074310166667,508022.242,3881287.370,0.006,-2.682800,route_tangent,528,1.514,2.000,530,508019.979,3881287.936,-0.703775,0.120000,0.120000,2.7778,TRACKING
125.364477,129.087993000000,35.074310166667,508022.242,3881287.370,0.006,-2.682800,route_tangent,528,1.514,2.000,530,508019.979,3881287.936,-0.703775,0.120000,0.120000,2.7778,TRACKING
125.414350,129.087993000000,35.074310166667,508022.242,3881287.370,0.006,-2.682800,route_tangent,528,1.514,2.000,530,508019.979,3881287.936,-0.703775,0.120000,0.120000,2.7778,TRACKING
125.464323,129.087993000000,35.074310166667,508022.242,3881287.370,0.005,-2.682800,route_tangent,528,1.514,2.000,530,508019.979,3881287.936,-0.703775,0.120000,0.120000,2.7778,TRACKING
125.514368,129.087993000000,35.074310166667,508022.242,3881287.370,0.005,-2.682800,route_tangent,528,1.514,2.000,530,508019.979,3881287.936,-0.703775,0.120000,0.120000,2.7778,TRACKING
125.564454,129.087993000000,35.074310166667,508022.242,3881287.370,0.005,-2.682800,route_tangent,528,1.514,2.000,530,508019.979,3881287.936,-0.703775,0.120000,0.120000,2.7778,TRACKING
125.614491,129.087993000000,35.074310166667,508022.242,3881287.370,0.005,-2.682800,route_tangent,528,1.514,2.000,530,508019.979,3881287.936,-0.703775,0.120000,0.120000,2.7778,TRACKING
125.664364,129.087993000000,35.074310166667,508022.242,3881287.370,0.005,-2.682800,route_tangent,528,1.514,2.000,530,508019.979,3881287.936,-0.703775,0.120000,0.120000,2.7778,TRACKING
125.714349,129.087993000000,35.074310166667,508022.242,3881287.370,0.008,-2.682800,route_tangent,528,1.514,2.000,530,508019.979,3881287.936,-0.703775,0.120000,0.120000,2.7778,TRACKING
125.764528,129.087993000000,35.074310166667,508022.242,3881287.370,0.008,-2.682800,route_tangent,528,1.514,2.000,530,508019.979,3881287.936,-0.703775,0.120000,0.120000,2.7778,TRACKING
125.814827,129.087993000000,35.074310166667,508022.242,3881287.370,0.008,-2.682800,route_tangent,528,1.514,2.000,530,508019.979,3881287.936,-0.703775,0.120000,0.120000,2.7778,TRACKING
125.864370,129.087993000000,35.074310166667,508022.242,3881287.370,0.008,-2.682800,route_tangent,528,1.514,2.000,530,508019.979,3881287.936,-0.703775,0.120000,0.120000,2.7778,TRACKING
125.914601,129.087993000000,35.074310166667,508022.242,3881287.370,0.008,-2.682800,route_tangent,528,1.514,2.000,530,508019.979,3881287.936,-0.703775,0.120000,0.120000,2.7778,TRACKING
125.964356,129.087993000000,35.074310166667,508022.242,3881287.370,0.007,-2.682800,route_tangent,528,1.514,2.000,530,508019.979,3881287.936,-0.703775,0.120000,0.120000,2.7778,TRACKING
126.014448,129.087993000000,35.074310166667,508022.242,3881287.370,0.007,-2.682800,route_tangent,528,1.514,2.000,530,508019.979,3881287.936,-0.703775,0.120000,0.120000,2.7778,TRACKING
126.064739,129.087993000000,35.074310166667,508022.242,3881287.370,0.007,-2.682800,route_tangent,528,1.514,2.000,530,508019.979,3881287.936,-0.703775,0.120000,0.120000,2.7778,TRACKING
126.114316,129.087993000000,35.074310166667,508022.242,3881287.370,0.007,-2.682800,route_tangent,528,1.514,2.000,530,508019.979,3881287.936,-0.703775,0.120000,0.120000,2.7778,TRACKING
126.164481,129.087993000000,35.074310166667,508022.242,3881287.370,0.007,-2.682800,route_tangent,528,1.514,2.000,530,508019.979,3881287.936,-0.703775,0.120000,0.120000,2.7778,TRACKING
126.215043,129.087993000000,35.074310000000,508022.242,3881287.351,0.007,-2.682800,route_tangent,528,1.532,2.000,530,508019.979,3881287.936,-0.711445,0.120000,0.120000,2.7778,TRACKING
126.264352,129.087993000000,35.074310000000,508022.242,3881287.351,0.007,-2.682800,route_tangent,528,1.532,2.000,530,508019.979,3881287.936,-0.711445,0.120000,0.120000,2.7778,TRACKING
126.314592,129.087993000000,35.074310000000,508022.242,3881287.351,0.007,-2.682800,route_tangent,528,1.532,2.000,530,508019.979,3881287.936,-0.711445,0.120000,0.120000,2.7778,TRACKING
126.364491,129.087993000000,35.074310000000,508022.242,3881287.351,0.007,-2.682800,route_tangent,528,1.532,2.000,530,508019.979,3881287.936,-0.711445,0.120000,0.120000,2.7778,TRACKING
126.414362,129.087993000000,35.074310000000,508022.242,3881287.351,0.007,-2.682800,route_tangent,528,1.532,2.000,530,508019.979,3881287.936,-0.711445,0.120000,0.120000,2.7778,TRACKING
126.464320,129.087993000000,35.074310166667,508022.242,3881287.370,0.006,-2.682800,route_tangent,528,1.514,2.000,530,508019.979,3881287.936,-0.703775,0.120000,0.120000,2.7778,TRACKING
126.514537,129.087993000000,35.074310166667,508022.242,3881287.370,0.006,-2.682800,route_tangent,528,1.514,2.000,530,508019.979,3881287.936,-0.703775,0.120000,0.120000,2.7778,TRACKING
126.564539,129.087993000000,35.074310166667,508022.242,3881287.370,0.006,-2.682800,route_tangent,528,1.514,2.000,530,508019.979,3881287.936,-0.703775,0.120000,0.120000,2.7778,TRACKING
126.614367,129.087993000000,35.074310166667,508022.242,3881287.370,0.006,-2.682800,route_tangent,528,1.514,2.000,530,508019.979,3881287.936,-0.703775,0.120000,0.120000,2.7778,TRACKING
126.664612,129.087993000000,35.074310166667,508022.242,3881287.370,0.006,-2.682800,route_tangent,528,1.514,2.000,530,508019.979,3881287.936,-0.703775,0.120000,0.120000,2.7778,TRACKING
126.714341,129.087993000000,35.074310166667,508022.242,3881287.370,0.003,-2.682800,route_tangent,528,1.514,2.000,530,508019.979,3881287.936,-0.703775,0.120000,0.120000,2.7778,TRACKING
126.764526,129.087993000000,35.074310166667,508022.242,3881287.370,0.003,-2.682800,route_tangent,528,1.514,2.000,530,508019.979,3881287.936,-0.703775,0.120000,0.120000,2.7778,TRACKING
126.814531,129.087993000000,35.074310166667,508022.242,3881287.370,0.003,-2.682800,route_tangent,528,1.514,2.000,530,508019.979,3881287.936,-0.703775,0.120000,0.120000,2.7778,TRACKING
126.864562,129.087993000000,35.074310166667,508022.242,3881287.370,0.003,-2.682800,route_tangent,528,1.514,2.000,530,508019.979,3881287.936,-0.703775,0.120000,0.120000,2.7778,TRACKING
126.914355,129.087993000000,35.074310166667,508022.242,3881287.370,0.003,-2.682800,route_tangent,528,1.514,2.000,530,508019.979,3881287.936,-0.703775,0.120000,0.120000,2.7778,TRACKING
126.964338,129.087993000000,35.074310166667,508022.242,3881287.370,0.002,-2.682800,route_tangent,528,1.514,2.000,530,508019.979,3881287.936,-0.703775,0.120000,0.120000,2.7778,TRACKING
127.014609,129.087993000000,35.074310166667,508022.242,3881287.370,0.002,-2.682800,route_tangent,528,1.514,2.000,530,508019.979,3881287.936,-0.703775,0.120000,0.120000,2.7778,TRACKING
127.064346,129.087993000000,35.074310166667,508022.242,3881287.370,0.002,-2.682800,route_tangent,528,1.514,2.000,530,508019.979,3881287.936,-0.703775,0.120000,0.120000,2.7778,TRACKING
127.114404,129.087993000000,35.074310166667,508022.242,3881287.370,0.002,-2.682800,route_tangent,528,1.514,2.000,530,508019.979,3881287.936,-0.703775,0.120000,0.120000,2.7778,TRACKING
127.164346,129.087993000000,35.074310166667,508022.242,3881287.370,0.002,-2.682800,route_tangent,528,1.514,2.000,530,508019.979,3881287.936,-0.703775,0.120000,0.120000,2.7778,TRACKING
127.214245,129.087993000000,35.074310166667,508022.242,3881287.370,0.002,-2.682800,route_tangent,528,1.514,2.000,530,508019.979,3881287.936,-0.703775,0.120000,0.120000,2.7778,TRACKING
127.264393,129.087993000000,35.074310000000,508022.242,3881287.351,0.002,-2.682800,route_tangent,528,1.532,2.000,530,508019.979,3881287.936,-0.711445,0.120000,0.120000,2.7778,TRACKING
127.314450,129.087993000000,35.074310000000,508022.242,3881287.351,0.002,-2.682800,route_tangent,528,1.532,2.000,530,508019.979,3881287.936,-0.711445,0.120000,0.120000,2.7778,TRACKING
127.364370,129.087993000000,35.074310000000,508022.242,3881287.351,0.002,-2.682800,route_tangent,528,1.532,2.000,530,508019.979,3881287.936,-0.711445,0.120000,0.120000,2.7778,TRACKING
127.414620,129.087993000000,35.074310000000,508022.242,3881287.351,0.002,-2.682800,route_tangent,528,1.532,2.000,530,508019.979,3881287.936,-0.711445,0.120000,0.120000,2.7778,TRACKING
127.464403,129.087993000000,35.074310000000,508022.242,3881287.351,0.002,-2.682800,route_tangent,528,1.532,2.000,530,508019.979,3881287.936,-0.711445,0.120000,0.120000,2.7778,TRACKING
127.514466,129.087993000000,35.074310000000,508022.242,3881287.351,0.002,-2.682800,route_tangent,528,1.532,2.000,530,508019.979,3881287.936,-0.711445,0.120000,0.120000,2.7778,TRACKING
127.564404,129.087993000000,35.074310000000,508022.242,3881287.351,0.002,-2.682800,route_tangent,528,1.532,2.000,530,508019.979,3881287.936,-0.711445,0.120000,0.120000,2.7778,TRACKING
127.614499,129.087993000000,35.074310000000,508022.242,3881287.351,0.002,-2.682800,route_tangent,528,1.532,2.000,530,508019.979,3881287.936,-0.711445,0.120000,0.120000,2.7778,TRACKING
127.664435,129.087993000000,35.074310000000,508022.242,3881287.351,0.002,-2.682800,route_tangent,528,1.532,2.000,530,508019.979,3881287.936,-0.711445,0.120000,0.120000,2.7778,TRACKING
127.714442,129.087993000000,35.074310166667,508022.242,3881287.370,0.002,-2.682800,route_tangent,528,1.514,2.000,530,508019.979,3881287.936,-0.703775,0.120000,0.120000,2.7778,TRACKING
127.764526,129.087993000000,35.074310166667,508022.242,3881287.370,0.002,-2.682800,route_tangent,528,1.514,2.000,530,508019.979,3881287.936,-0.703775,0.120000,0.120000,2.7778,TRACKING
127.814507,129.087993000000,35.074310166667,508022.242,3881287.370,0.002,-2.682800,route_tangent,528,1.514,2.000,530,508019.979,3881287.936,-0.703775,0.120000,0.120000,2.7778,TRACKING
127.864717,129.087993000000,35.074310166667,508022.242,3881287.370,0.002,-2.682800,route_tangent,528,1.514,2.000,530,508019.979,3881287.936,-0.703775,0.120000,0.120000,2.7778,TRACKING
127.914513,129.087993000000,35.074310166667,508022.242,3881287.370,0.002,-2.682800,route_tangent,528,1.514,2.000,530,508019.979,3881287.936,-0.703775,0.120000,0.120000,2.7778,TRACKING
127.964345,129.087993000000,35.074310166667,508022.242,3881287.370,0.002,-2.682800,route_tangent,528,1.514,2.000,530,508019.979,3881287.936,-0.703775,0.120000,0.120000,2.7778,TRACKING
128.014723,129.087993000000,35.074310166667,508022.242,3881287.370,0.002,-2.682800,route_tangent,528,1.514,2.000,530,508019.979,3881287.936,-0.703775,0.120000,0.120000,2.7778,TRACKING
128.064484,129.087993000000,35.074310166667,508022.242,3881287.370,0.002,-2.682800,route_tangent,528,1.514,2.000,530,508019.979,3881287.936,-0.703775,0.120000,0.120000,2.7778,TRACKING
128.114459,129.087993000000,35.074310166667,508022.242,3881287.370,0.002,-2.682800,route_tangent,528,1.514,2.000,530,508019.979,3881287.936,-0.703775,0.120000,0.120000,2.7778,TRACKING
128.164491,129.087993000000,35.074310166667,508022.242,3881287.370,0.002,-2.682800,route_tangent,528,1.514,2.000,530,508019.979,3881287.936,-0.703775,0.120000,0.120000,2.7778,TRACKING
128.214340,129.087993000000,35.074310000000,508022.242,3881287.351,0.002,-2.682800,route_tangent,528,1.532,2.000,530,508019.979,3881287.936,-0.711445,0.120000,0.120000,2.7778,TRACKING
128.264423,129.087993000000,35.074310000000,508022.242,3881287.351,0.002,-2.682800,route_tangent,528,1.532,2.000,530,508019.979,3881287.936,-0.711445,0.120000,0.120000,2.7778,TRACKING
128.314472,129.087993000000,35.074310000000,508022.242,3881287.351,0.002,-2.682800,route_tangent,528,1.532,2.000,530,508019.979,3881287.936,-0.711445,0.120000,0.120000,2.7778,TRACKING
128.364439,129.087993000000,35.074310000000,508022.242,3881287.351,0.002,-2.682800,route_tangent,528,1.532,2.000,530,508019.979,3881287.936,-0.711445,0.120000,0.120000,2.7778,TRACKING
128.414428,129.087993000000,35.074310000000,508022.242,3881287.351,0.002,-2.682800,route_tangent,528,1.532,2.000,530,508019.979,3881287.936,-0.711445,0.120000,0.120000,2.7778,TRACKING
128.464448,129.087993000000,35.074310000000,508022.242,3881287.351,0.005,-2.682800,route_tangent,528,1.532,2.000,530,508019.979,3881287.936,-0.711445,0.120000,0.120000,2.7778,TRACKING
128.514491,129.087993000000,35.074310000000,508022.242,3881287.351,0.005,-2.682800,route_tangent,528,1.532,2.000,530,508019.979,3881287.936,-0.711445,0.120000,0.120000,2.7778,TRACKING
128.564338,129.087993000000,35.074310000000,508022.242,3881287.351,0.005,-2.682800,route_tangent,528,1.532,2.000,530,508019.979,3881287.936,-0.711445,0.120000,0.120000,2.7778,TRACKING
128.614457,129.087993000000,35.074310000000,508022.242,3881287.351,0.005,-2.682800,route_tangent,528,1.532,2.000,530,508019.979,3881287.936,-0.711445,0.120000,0.120000,2.7778,TRACKING
128.664576,129.087993000000,35.074310000000,508022.242,3881287.351,0.005,-2.682800,route_tangent,528,1.532,2.000,530,508019.979,3881287.936,-0.711445,0.120000,0.120000,2.7778,TRACKING
128.714367,129.087993000000,35.074310000000,508022.242,3881287.351,0.005,-2.682800,route_tangent,528,1.532,2.000,530,508019.979,3881287.936,-0.711445,0.120000,0.120000,2.7778,TRACKING
128.764479,129.087993000000,35.074310000000,508022.242,3881287.351,0.005,-2.682800,route_tangent,528,1.532,2.000,530,508019.979,3881287.936,-0.711445,0.120000,0.120000,2.7778,TRACKING
128.814534,129.087993000000,35.074310000000,508022.242,3881287.351,0.005,-2.682800,route_tangent,528,1.532,2.000,530,508019.979,3881287.936,-0.711445,0.120000,0.120000,2.7778,TRACKING
128.864550,129.087993000000,35.074310000000,508022.242,3881287.351,0.005,-2.682800,route_tangent,528,1.532,2.000,530,508019.979,3881287.936,-0.711445,0.120000,0.120000,2.7778,TRACKING
128.914526,129.087993000000,35.074310000000,508022.242,3881287.351,0.005,-2.682800,route_tangent,528,1.532,2.000,530,508019.979,3881287.936,-0.711445,0.120000,0.120000,2.7778,TRACKING
128.964328,129.087993000000,35.074310166667,508022.242,3881287.370,0.003,-2.682800,route_tangent,528,1.514,2.000,530,508019.979,3881287.936,-0.703775,0.120000,0.120000,2.7778,TRACKING
129.014450,129.087993000000,35.074310166667,508022.242,3881287.370,0.003,-2.682800,route_tangent,528,1.514,2.000,530,508019.979,3881287.936,-0.703775,0.120000,0.120000,2.7778,TRACKING
129.064483,129.087993000000,35.074310166667,508022.242,3881287.370,0.003,-2.682800,route_tangent,528,1.514,2.000,530,508019.979,3881287.936,-0.703775,0.120000,0.120000,2.7778,TRACKING
129.114509,129.087993000000,35.074310166667,508022.242,3881287.370,0.003,-2.682800,route_tangent,528,1.514,2.000,530,508019.979,3881287.936,-0.703775,0.120000,0.120000,2.7778,TRACKING
129.165323,129.087993000000,35.074310166667,508022.242,3881287.370,0.003,-2.682800,route_tangent,528,1.514,2.000,530,508019.979,3881287.936,-0.703775,0.120000,0.120000,2.7778,TRACKING
129.214487,129.087993000000,35.074310166667,508022.242,3881287.370,0.003,-2.682800,route_tangent,528,1.514,2.000,530,508019.979,3881287.936,-0.703775,0.120000,0.120000,2.7778,TRACKING
129.264323,129.087993000000,35.074310166667,508022.242,3881287.370,0.006,-2.682800,route_tangent,528,1.514,2.000,530,508019.979,3881287.936,-0.703775,0.120000,0.120000,2.7778,TRACKING
129.314597,129.087993000000,35.074310166667,508022.242,3881287.370,0.006,-2.682800,route_tangent,528,1.514,2.000,530,508019.979,3881287.936,-0.703775,0.120000,0.120000,2.7778,TRACKING
129.364483,129.087993000000,35.074310166667,508022.242,3881287.370,0.006,-2.682800,route_tangent,528,1.514,2.000,530,508019.979,3881287.936,-0.703775,0.120000,0.120000,2.7778,TRACKING
129.414486,129.087993000000,35.074310166667,508022.242,3881287.370,0.006,-2.682800,route_tangent,528,1.514,2.000,530,508019.979,3881287.936,-0.703775,0.120000,0.120000,2.7778,TRACKING
129.464388,129.087993000000,35.074310166667,508022.242,3881287.370,0.003,-2.682800,route_tangent,528,1.514,2.000,530,508019.979,3881287.936,-0.703775,0.120000,0.120000,2.7778,TRACKING
129.514589,129.087993000000,35.074310166667,508022.242,3881287.370,0.003,-2.682800,route_tangent,528,1.514,2.000,530,508019.979,3881287.936,-0.703775,0.120000,0.120000,2.7778,TRACKING
129.564486,129.087993000000,35.074310166667,508022.242,3881287.370,0.003,-2.682800,route_tangent,528,1.514,2.000,530,508019.979,3881287.936,-0.703775,0.120000,0.120000,2.7778,TRACKING
129.614514,129.087993000000,35.074310166667,508022.242,3881287.370,0.003,-2.682800,route_tangent,528,1.514,2.000,530,508019.979,3881287.936,-0.703775,0.120000,0.120000,2.7778,TRACKING
129.664469,129.087993000000,35.074310166667,508022.242,3881287.370,0.003,-2.682800,route_tangent,528,1.514,2.000,530,508019.979,3881287.936,-0.703775,0.120000,0.120000,2.7778,TRACKING
129.714414,129.087993000000,35.074310166667,508022.242,3881287.370,0.002,-2.682800,route_tangent,528,1.514,2.000,530,508019.979,3881287.936,-0.703775,0.120000,0.120000,2.7778,TRACKING
129.765126,129.087993000000,35.074310166667,508022.242,3881287.370,0.002,-2.682800,route_tangent,528,1.514,2.000,530,508019.979,3881287.936,-0.703775,0.120000,0.120000,2.7778,TRACKING
129.814476,129.087993000000,35.074310166667,508022.242,3881287.370,0.002,-2.682800,route_tangent,528,1.514,2.000,530,508019.979,3881287.936,-0.703775,0.120000,0.120000,2.7778,TRACKING
129.864427,129.087993000000,35.074310166667,508022.242,3881287.370,0.002,-2.682800,route_tangent,528,1.514,2.000,530,508019.979,3881287.936,-0.703775,0.120000,0.120000,2.7778,TRACKING
129.914388,129.087993000000,35.074310166667,508022.242,3881287.370,0.002,-2.682800,route_tangent,528,1.514,2.000,530,508019.979,3881287.936,-0.703775,0.120000,0.120000,2.7778,TRACKING
129.964292,129.087993166667,35.074310000000,508022.257,3881287.351,0.005,-2.682800,route_tangent,528,1.536,2.000,530,508019.979,3881287.936,-0.709825,0.120000,0.120000,2.7778,TRACKING
130.014329,129.087993166667,35.074310000000,508022.257,3881287.351,0.005,-2.682800,route_tangent,528,1.536,2.000,530,508019.979,3881287.936,-0.709825,0.120000,0.120000,2.7778,TRACKING
130.064407,129.087993166667,35.074310000000,508022.257,3881287.351,0.005,-2.682800,route_tangent,528,1.536,2.000,530,508019.979,3881287.936,-0.709825,0.120000,0.120000,2.7778,TRACKING
130.114442,129.087993166667,35.074310000000,508022.257,3881287.351,0.005,-2.682800,route_tangent,528,1.536,2.000,530,508019.979,3881287.936,-0.709825,0.120000,0.120000,2.7778,TRACKING
130.164468,129.087993166667,35.074310000000,508022.257,3881287.351,0.005,-2.682800,route_tangent,528,1.536,2.000,530,508019.979,3881287.936,-0.709825,0.120000,0.120000,2.7778,TRACKING
130.214373,129.087993000000,35.074310000000,508022.242,3881287.351,0.007,-2.682800,route_tangent,528,1.532,2.000,530,508019.979,3881287.936,-0.711445,0.120000,0.120000,2.7778,TRACKING
130.264463,129.087993000000,35.074310000000,508022.242,3881287.351,0.007,-2.682800,route_tangent,528,1.532,2.000,530,508019.979,3881287.936,-0.711445,0.120000,0.120000,2.7778,TRACKING
130.314452,129.087993000000,35.074310000000,508022.242,3881287.351,0.007,-2.682800,route_tangent,528,1.532,2.000,530,508019.979,3881287.936,-0.711445,0.120000,0.120000,2.7778,TRACKING
130.365024,129.087993000000,35.074310000000,508022.242,3881287.351,0.007,-2.682800,route_tangent,528,1.532,2.000,530,508019.979,3881287.936,-0.711445,0.120000,0.120000,2.7778,TRACKING
130.414749,129.087993000000,35.074310000000,508022.242,3881287.351,0.007,-2.682800,route_tangent,528,1.532,2.000,530,508019.979,3881287.936,-0.711445,0.120000,0.120000,2.7778,TRACKING
130.464491,129.087993000000,35.074310000000,508022.242,3881287.351,0.003,-2.682800,route_tangent,528,1.532,2.000,530,508019.979,3881287.936,-0.711445,0.120000,0.120000,2.7778,TRACKING
130.514629,129.087993000000,35.074310000000,508022.242,3881287.351,0.003,-2.682800,route_tangent,528,1.532,2.000,530,508019.979,3881287.936,-0.711445,0.120000,0.120000,2.7778,TRACKING
130.564450,129.087993000000,35.074310000000,508022.242,3881287.351,0.003,-2.682800,route_tangent,528,1.532,2.000,530,508019.979,3881287.936,-0.711445,0.120000,0.120000,2.7778,TRACKING
130.614371,129.087993000000,35.074310000000,508022.242,3881287.351,0.003,-2.682800,route_tangent,528,1.532,2.000,530,508019.979,3881287.936,-0.711445,0.120000,0.120000,2.7778,TRACKING
130.664374,129.087993000000,35.074310000000,508022.242,3881287.351,0.003,-2.682800,route_tangent,528,1.532,2.000,530,508019.979,3881287.936,-0.711445,0.120000,0.120000,2.7778,TRACKING
130.714328,129.087993000000,35.074310000000,508022.242,3881287.351,0.008,-2.682800,route_tangent,528,1.532,2.000,530,508019.979,3881287.936,-0.711445,0.120000,0.120000,2.7778,TRACKING
130.764514,129.087993000000,35.074310000000,508022.242,3881287.351,0.008,-2.682800,route_tangent,528,1.532,2.000,530,508019.979,3881287.936,-0.711445,0.120000,0.120000,2.7778,TRACKING
130.814448,129.087993000000,35.074310000000,508022.242,3881287.351,0.008,-2.682800,route_tangent,528,1.532,2.000,530,508019.979,3881287.936,-0.711445,0.120000,0.120000,2.7778,TRACKING
130.864594,129.087993000000,35.074310000000,508022.242,3881287.351,0.008,-2.682800,route_tangent,528,1.532,2.000,530,508019.979,3881287.936,-0.711445,0.120000,0.120000,2.7778,TRACKING
130.914611,129.087993000000,35.074310000000,508022.242,3881287.351,0.008,-2.682800,route_tangent,528,1.532,2.000,530,508019.979,3881287.936,-0.711445,0.120000,0.120000,2.7778,TRACKING
130.964336,129.087993000000,35.074310000000,508022.242,3881287.351,0.008,-2.682800,route_tangent,528,1.532,2.000,530,508019.979,3881287.936,-0.711445,0.120000,0.120000,2.7778,TRACKING
131.014326,129.087993000000,35.074310000000,508022.242,3881287.351,0.008,-2.682800,route_tangent,528,1.532,2.000,530,508019.979,3881287.936,-0.711445,0.120000,0.120000,2.7778,TRACKING
131.064499,129.087993000000,35.074310000000,508022.242,3881287.351,0.008,-2.682800,route_tangent,528,1.532,2.000,530,508019.979,3881287.936,-0.711445,0.120000,0.120000,2.7778,TRACKING
131.114666,129.087993000000,35.074310000000,508022.242,3881287.351,0.008,-2.682800,route_tangent,528,1.532,2.000,530,508019.979,3881287.936,-0.711445,0.120000,0.120000,2.7778,TRACKING
131.164622,129.087993000000,35.074310000000,508022.242,3881287.351,0.008,-2.682800,route_tangent,528,1.532,2.000,530,508019.979,3881287.936,-0.711445,0.120000,0.120000,2.7778,TRACKING
131.214456,129.087993000000,35.074310000000,508022.242,3881287.351,0.004,-2.682800,route_tangent,528,1.532,2.000,530,508019.979,3881287.936,-0.711445,0.120000,0.120000,2.7778,TRACKING
131.264546,129.087993000000,35.074310000000,508022.242,3881287.351,0.004,-2.682800,route_tangent,528,1.532,2.000,530,508019.979,3881287.936,-0.711445,0.120000,0.120000,2.7778,TRACKING
131.314502,129.087993000000,35.074310000000,508022.242,3881287.351,0.004,-2.682800,route_tangent,528,1.532,2.000,530,508019.979,3881287.936,-0.711445,0.120000,0.120000,2.7778,TRACKING
131.364498,129.087993000000,35.074310000000,508022.242,3881287.351,0.004,-2.682800,route_tangent,528,1.532,2.000,530,508019.979,3881287.936,-0.711445,0.120000,0.120000,2.7778,TRACKING
131.414510,129.087993000000,35.074310000000,508022.242,3881287.351,0.004,-2.682800,route_tangent,528,1.532,2.000,530,508019.979,3881287.936,-0.711445,0.120000,0.120000,2.7778,TRACKING
131.464414,129.087993000000,35.074310000000,508022.242,3881287.351,0.004,-2.682800,route_tangent,528,1.532,2.000,530,508019.979,3881287.936,-0.711445,0.120000,0.120000,2.7778,TRACKING
131.514520,129.087993000000,35.074310000000,508022.242,3881287.351,0.004,-2.682800,route_tangent,528,1.532,2.000,530,508019.979,3881287.936,-0.711445,0.120000,0.120000,2.7778,TRACKING
131.564527,129.087993000000,35.074310000000,508022.242,3881287.351,0.004,-2.682800,route_tangent,528,1.532,2.000,530,508019.979,3881287.936,-0.711445,0.120000,0.120000,2.7778,TRACKING
131.614535,129.087993000000,35.074310000000,508022.242,3881287.351,0.004,-2.682800,route_tangent,528,1.532,2.000,530,508019.979,3881287.936,-0.711445,0.120000,0.120000,2.7778,TRACKING
131.664500,129.087993000000,35.074310000000,508022.242,3881287.351,0.004,-2.682800,route_tangent,528,1.532,2.000,530,508019.979,3881287.936,-0.711445,0.120000,0.120000,2.7778,TRACKING
131.714335,129.087993000000,35.074310000000,508022.242,3881287.351,0.008,-2.682800,route_tangent,528,1.532,2.000,530,508019.979,3881287.936,-0.711445,0.120000,0.120000,2.7778,TRACKING
131.764413,129.087993000000,35.074310000000,508022.242,3881287.351,0.008,-2.682800,route_tangent,528,1.532,2.000,530,508019.979,3881287.936,-0.711445,0.120000,0.120000,2.7778,TRACKING
131.814471,129.087993000000,35.074310000000,508022.242,3881287.351,0.008,-2.682800,route_tangent,528,1.532,2.000,530,508019.979,3881287.936,-0.711445,0.120000,0.120000,2.7778,TRACKING
131.864544,129.087993000000,35.074310000000,508022.242,3881287.351,0.008,-2.682800,route_tangent,528,1.532,2.000,530,508019.979,3881287.936,-0.711445,0.120000,0.120000,2.7778,TRACKING
131.914459,129.087993000000,35.074310000000,508022.242,3881287.351,0.008,-2.682800,route_tangent,528,1.532,2.000,530,508019.979,3881287.936,-0.711445,0.120000,0.120000,2.7778,TRACKING
131.964410,129.087993000000,35.074310000000,508022.242,3881287.351,0.008,-2.682800,route_tangent,528,1.532,2.000,530,508019.979,3881287.936,-0.711445,0.120000,0.120000,2.7778,TRACKING
132.014572,129.087993000000,35.074310000000,508022.242,3881287.351,0.008,-2.682800,route_tangent,528,1.532,2.000,530,508019.979,3881287.936,-0.711445,0.120000,0.120000,2.7778,TRACKING
132.064665,129.087993000000,35.074310000000,508022.242,3881287.351,0.008,-2.682800,route_tangent,528,1.532,2.000,530,508019.979,3881287.936,-0.711445,0.120000,0.120000,2.7778,TRACKING
132.114463,129.087993000000,35.074310000000,508022.242,3881287.351,0.008,-2.682800,route_tangent,528,1.532,2.000,530,508019.979,3881287.936,-0.711445,0.120000,0.120000,2.7778,TRACKING
132.164451,129.087993000000,35.074310000000,508022.242,3881287.351,0.008,-2.682800,route_tangent,528,1.532,2.000,530,508019.979,3881287.936,-0.711445,0.120000,0.120000,2.7778,TRACKING
132.214332,129.087993000000,35.074310000000,508022.242,3881287.351,0.004,-2.682800,route_tangent,528,1.532,2.000,530,508019.979,3881287.936,-0.711445,0.120000,0.120000,2.7778,TRACKING
132.265013,129.087993000000,35.074310000000,508022.242,3881287.351,0.004,-2.682800,route_tangent,528,1.532,2.000,530,508019.979,3881287.936,-0.711445,0.120000,0.120000,2.7778,TRACKING
132.314670,129.087993000000,35.074310000000,508022.242,3881287.351,0.004,-2.682800,route_tangent,528,1.532,2.000,530,508019.979,3881287.936,-0.711445,0.120000,0.120000,2.7778,TRACKING
132.364513,129.087993000000,35.074310000000,508022.242,3881287.351,0.004,-2.682800,route_tangent,528,1.532,2.000,530,508019.979,3881287.936,-0.711445,0.120000,0.120000,2.7778,TRACKING
132.414516,129.087993000000,35.074310000000,508022.242,3881287.351,0.004,-2.682800,route_tangent,528,1.532,2.000,530,508019.979,3881287.936,-0.711445,0.120000,0.120000,2.7778,TRACKING
132.464394,129.087993000000,35.074310000000,508022.242,3881287.351,0.003,-2.682800,route_tangent,528,1.532,2.000,530,508019.979,3881287.936,-0.711445,0.120000,0.120000,2.7778,TRACKING
132.514537,129.087993000000,35.074310000000,508022.242,3881287.351,0.003,-2.682800,route_tangent,528,1.532,2.000,530,508019.979,3881287.936,-0.711445,0.120000,0.120000,2.7778,TRACKING
132.564488,129.087993000000,35.074310000000,508022.242,3881287.351,0.003,-2.682800,route_tangent,528,1.532,2.000,530,508019.979,3881287.936,-0.711445,0.120000,0.120000,2.7778,TRACKING
132.614507,129.087993000000,35.074310000000,508022.242,3881287.351,0.003,-2.682800,route_tangent,528,1.532,2.000,530,508019.979,3881287.936,-0.711445,0.120000,0.120000,2.7778,TRACKING
132.664409,129.087993000000,35.074310000000,508022.242,3881287.351,0.003,-2.682800,route_tangent,528,1.532,2.000,530,508019.979,3881287.936,-0.711445,0.120000,0.120000,2.7778,TRACKING
132.714349,129.087993000000,35.074310000000,508022.242,3881287.351,0.004,-2.682800,route_tangent,528,1.532,2.000,530,508019.979,3881287.936,-0.711445,0.120000,0.120000,2.7778,TRACKING
132.764340,129.087993000000,35.074310000000,508022.242,3881287.351,0.004,-2.682800,route_tangent,528,1.532,2.000,530,508019.979,3881287.936,-0.711445,0.120000,0.120000,2.7778,TRACKING
132.814471,129.087993000000,35.074310000000,508022.242,3881287.351,0.004,-2.682800,route_tangent,528,1.532,2.000,530,508019.979,3881287.936,-0.711445,0.120000,0.120000,2.7778,TRACKING
132.864355,129.087993000000,35.074310000000,508022.242,3881287.351,0.004,-2.682800,route_tangent,528,1.532,2.000,530,508019.979,3881287.936,-0.711445,0.120000,0.120000,2.7778,TRACKING
132.914469,129.087993000000,35.074310000000,508022.242,3881287.351,0.004,-2.682800,route_tangent,528,1.532,2.000,530,508019.979,3881287.936,-0.711445,0.120000,0.120000,2.7778,TRACKING
132.964418,129.087993000000,35.074310000000,508022.242,3881287.351,0.006,-2.682800,route_tangent,528,1.532,2.000,530,508019.979,3881287.936,-0.711445,0.120000,0.120000,2.7778,TRACKING
133.014497,129.087993000000,35.074310000000,508022.242,3881287.351,0.006,-2.682800,route_tangent,528,1.532,2.000,530,508019.979,3881287.936,-0.711445,0.120000,0.120000,2.7778,TRACKING
133.064468,129.087993000000,35.074310000000,508022.242,3881287.351,0.006,-2.682800,route_tangent,528,1.532,2.000,530,508019.979,3881287.936,-0.711445,0.120000,0.120000,2.7778,TRACKING
133.114482,129.087993000000,35.074310000000,508022.242,3881287.351,0.006,-2.682800,route_tangent,528,1.532,2.000,530,508019.979,3881287.936,-0.711445,0.120000,0.120000,2.7778,TRACKING
133.164450,129.087993000000,35.074310000000,508022.242,3881287.351,0.006,-2.682800,route_tangent,528,1.532,2.000,530,508019.979,3881287.936,-0.711445,0.120000,0.120000,2.7778,TRACKING
133.214757,129.087993000000,35.074310000000,508022.242,3881287.351,0.006,-2.682800,route_tangent,528,1.532,2.000,530,508019.979,3881287.936,-0.711445,0.120000,0.120000,2.7778,TRACKING
133.264461,129.087993000000,35.074310000000,508022.242,3881287.351,0.006,-2.682800,route_tangent,528,1.532,2.000,530,508019.979,3881287.936,-0.711445,0.120000,0.120000,2.7778,TRACKING
133.314526,129.087993000000,35.074310000000,508022.242,3881287.351,0.006,-2.682800,route_tangent,528,1.532,2.000,530,508019.979,3881287.936,-0.711445,0.120000,0.120000,2.7778,TRACKING
133.364363,129.087993000000,35.074310000000,508022.242,3881287.351,0.006,-2.682800,route_tangent,528,1.532,2.000,530,508019.979,3881287.936,-0.711445,0.120000,0.120000,2.7778,TRACKING
133.414516,129.087993000000,35.074310000000,508022.242,3881287.351,0.006,-2.682800,route_tangent,528,1.532,2.000,530,508019.979,3881287.936,-0.711445,0.120000,0.120000,2.7778,TRACKING
133.464354,129.087993000000,35.074310000000,508022.242,3881287.351,0.006,-2.682800,route_tangent,528,1.532,2.000,530,508019.979,3881287.936,-0.711445,0.120000,0.120000,2.7778,TRACKING
133.514545,129.087993000000,35.074310000000,508022.242,3881287.351,0.006,-2.682800,route_tangent,528,1.532,2.000,530,508019.979,3881287.936,-0.711445,0.120000,0.120000,2.7778,TRACKING
133.564701,129.087993000000,35.074310000000,508022.242,3881287.351,0.006,-2.682800,route_tangent,528,1.532,2.000,530,508019.979,3881287.936,-0.711445,0.120000,0.120000,2.7778,TRACKING
133.614435,129.087993000000,35.074310000000,508022.242,3881287.351,0.006,-2.682800,route_tangent,528,1.532,2.000,530,508019.979,3881287.936,-0.711445,0.120000,0.120000,2.7778,TRACKING
133.664561,129.087993000000,35.074310000000,508022.242,3881287.351,0.006,-2.682800,route_tangent,528,1.532,2.000,530,508019.979,3881287.936,-0.711445,0.120000,0.120000,2.7778,TRACKING
133.714335,129.087993000000,35.074310000000,508022.242,3881287.351,0.006,-2.682800,route_tangent,528,1.532,2.000,530,508019.979,3881287.936,-0.711445,0.120000,0.120000,2.7778,TRACKING
133.764499,129.087993000000,35.074310000000,508022.242,3881287.351,0.006,-2.682800,route_tangent,528,1.532,2.000,530,508019.979,3881287.936,-0.711445,0.120000,0.120000,2.7778,TRACKING
133.814495,129.087993000000,35.074310000000,508022.242,3881287.351,0.006,-2.682800,route_tangent,528,1.532,2.000,530,508019.979,3881287.936,-0.711445,0.120000,0.120000,2.7778,TRACKING
133.864481,129.087993000000,35.074310000000,508022.242,3881287.351,0.006,-2.682800,route_tangent,528,1.532,2.000,530,508019.979,3881287.936,-0.711445,0.120000,0.120000,2.7778,TRACKING
133.914380,129.087993000000,35.074310000000,508022.242,3881287.351,0.006,-2.682800,route_tangent,528,1.532,2.000,530,508019.979,3881287.936,-0.711445,0.120000,0.120000,2.7778,TRACKING
133.964350,129.087993000000,35.074310000000,508022.242,3881287.351,0.005,-2.682800,route_tangent,528,1.532,2.000,530,508019.979,3881287.936,-0.711445,0.120000,0.120000,2.7778,TRACKING
134.014512,129.087993000000,35.074310000000,508022.242,3881287.351,0.005,-2.682800,route_tangent,528,1.532,2.000,530,508019.979,3881287.936,-0.711445,0.120000,0.120000,2.7778,TRACKING
134.064551,129.087993000000,35.074310000000,508022.242,3881287.351,0.005,-2.682800,route_tangent,528,1.532,2.000,530,508019.979,3881287.936,-0.711445,0.120000,0.120000,2.7778,TRACKING
134.114500,129.087993000000,35.074310000000,508022.242,3881287.351,0.005,-2.682800,route_tangent,528,1.532,2.000,530,508019.979,3881287.936,-0.711445,0.120000,0.120000,2.7778,TRACKING
134.164495,129.087993000000,35.074310000000,508022.242,3881287.351,0.005,-2.682800,route_tangent,528,1.532,2.000,530,508019.979,3881287.936,-0.711445,0.120000,0.120000,2.7778,TRACKING
134.214319,129.087993000000,35.074310000000,508022.242,3881287.351,0.005,-2.682800,route_tangent,528,1.532,2.000,530,508019.979,3881287.936,-0.711445,0.120000,0.120000,2.7778,TRACKING
134.264419,129.087993000000,35.074310000000,508022.242,3881287.351,0.005,-2.682800,route_tangent,528,1.532,2.000,530,508019.979,3881287.936,-0.711445,0.120000,0.120000,2.7778,TRACKING
134.314390,129.087993000000,35.074310000000,508022.242,3881287.351,0.005,-2.682800,route_tangent,528,1.532,2.000,530,508019.979,3881287.936,-0.711445,0.120000,0.120000,2.7778,TRACKING
134.364430,129.087993000000,35.074310000000,508022.242,3881287.351,0.005,-2.682800,route_tangent,528,1.532,2.000,530,508019.979,3881287.936,-0.711445,0.120000,0.120000,2.7778,TRACKING
134.414425,129.087993000000,35.074310000000,508022.242,3881287.351,0.005,-2.682800,route_tangent,528,1.532,2.000,530,508019.979,3881287.936,-0.711445,0.120000,0.120000,2.7778,TRACKING
134.464307,129.087993000000,35.074310000000,508022.242,3881287.351,0.005,-2.682800,route_tangent,528,1.532,2.000,530,508019.979,3881287.936,-0.711445,0.120000,0.120000,2.7778,TRACKING
134.514736,129.087993000000,35.074310000000,508022.242,3881287.351,0.005,-2.682800,route_tangent,528,1.532,2.000,530,508019.979,3881287.936,-0.711445,0.120000,0.120000,2.7778,TRACKING
134.564401,129.087993000000,35.074310000000,508022.242,3881287.351,0.005,-2.682800,route_tangent,528,1.532,2.000,530,508019.979,3881287.936,-0.711445,0.120000,0.120000,2.7778,TRACKING
134.614470,129.087993000000,35.074310000000,508022.242,3881287.351,0.005,-2.682800,route_tangent,528,1.532,2.000,530,508019.979,3881287.936,-0.711445,0.120000,0.120000,2.7778,TRACKING
134.664457,129.087993000000,35.074310000000,508022.242,3881287.351,0.005,-2.682800,route_tangent,528,1.532,2.000,530,508019.979,3881287.936,-0.711445,0.120000,0.120000,2.7778,TRACKING
134.714386,129.087993000000,35.074310000000,508022.242,3881287.351,0.002,-2.682800,route_tangent,528,1.532,2.000,530,508019.979,3881287.936,-0.711445,0.120000,0.120000,2.7778,TRACKING
134.764355,129.087993000000,35.074310000000,508022.242,3881287.351,0.002,-2.682800,route_tangent,528,1.532,2.000,530,508019.979,3881287.936,-0.711445,0.120000,0.120000,2.7778,TRACKING
134.814617,129.087993000000,35.074310000000,508022.242,3881287.351,0.002,-2.682800,route_tangent,528,1.532,2.000,530,508019.979,3881287.936,-0.711445,0.120000,0.120000,2.7778,TRACKING
134.864563,129.087993000000,35.074310000000,508022.242,3881287.351,0.002,-2.682800,route_tangent,528,1.532,2.000,530,508019.979,3881287.936,-0.711445,0.120000,0.120000,2.7778,TRACKING
134.914538,129.087993000000,35.074310000000,508022.242,3881287.351,0.002,-2.682800,route_tangent,528,1.532,2.000,530,508019.979,3881287.936,-0.711445,0.120000,0.120000,2.7778,TRACKING
134.964360,129.087993000000,35.074309833333,508022.242,3881287.333,0.002,-2.682800,route_tangent,528,1.549,2.000,530,508019.979,3881287.936,-0.719084,0.120000,0.120000,2.7778,TRACKING
135.014490,129.087993000000,35.074309833333,508022.242,3881287.333,0.002,-2.682800,route_tangent,528,1.549,2.000,530,508019.979,3881287.936,-0.719084,0.120000,0.120000,2.7778,TRACKING
135.064594,129.087993000000,35.074309833333,508022.242,3881287.333,0.002,-2.682800,route_tangent,528,1.549,2.000,530,508019.979,3881287.936,-0.719084,0.120000,0.120000,2.7778,TRACKING
135.114486,129.087993000000,35.074309833333,508022.242,3881287.333,0.002,-2.682800,route_tangent,528,1.549,2.000,530,508019.979,3881287.936,-0.719084,0.120000,0.120000,2.7778,TRACKING
135.164488,129.087993000000,35.074309833333,508022.242,3881287.333,0.002,-2.682800,route_tangent,528,1.549,2.000,530,508019.979,3881287.936,-0.719084,0.120000,0.120000,2.7778,TRACKING
135.214411,129.087993000000,35.074309833333,508022.242,3881287.333,0.002,-2.682800,route_tangent,528,1.549,2.000,530,508019.979,3881287.936,-0.719084,0.120000,0.120000,2.7778,TRACKING
135.264594,129.087993000000,35.074309833333,508022.242,3881287.333,0.006,-2.682800,route_tangent,528,1.549,2.000,530,508019.979,3881287.936,-0.719084,0.120000,0.120000,2.7778,TRACKING
135.314462,129.087993000000,35.074309833333,508022.242,3881287.333,0.006,-2.682800,route_tangent,528,1.549,2.000,530,508019.979,3881287.936,-0.719084,0.120000,0.120000,2.7778,TRACKING
135.364470,129.087993000000,35.074309833333,508022.242,3881287.333,0.006,-2.682800,route_tangent,528,1.549,2.000,530,508019.979,3881287.936,-0.719084,0.120000,0.120000,2.7778,TRACKING
135.414459,129.087993000000,35.074309833333,508022.242,3881287.333,0.006,-2.682800,route_tangent,528,1.549,2.000,530,508019.979,3881287.936,-0.719084,0.120000,0.120000,2.7778,TRACKING
135.464404,129.087993000000,35.074310000000,508022.242,3881287.351,0.007,-2.682800,route_tangent,528,1.532,2.000,530,508019.979,3881287.936,-0.711445,0.120000,0.120000,2.7778,TRACKING
135.514364,129.087993000000,35.074310000000,508022.242,3881287.351,0.007,-2.682800,route_tangent,528,1.532,2.000,530,508019.979,3881287.936,-0.711445,0.120000,0.120000,2.7778,TRACKING
135.564353,129.087993000000,35.074310000000,508022.242,3881287.351,0.007,-2.682800,route_tangent,528,1.532,2.000,530,508019.979,3881287.936,-0.711445,0.120000,0.120000,2.7778,TRACKING
135.614499,129.087993000000,35.074310000000,508022.242,3881287.351,0.007,-2.682800,route_tangent,528,1.532,2.000,530,508019.979,3881287.936,-0.711445,0.120000,0.120000,2.7778,TRACKING
135.664453,129.087993000000,35.074310000000,508022.242,3881287.351,0.007,-2.682800,route_tangent,528,1.532,2.000,530,508019.979,3881287.936,-0.711445,0.120000,0.120000,2.7778,TRACKING
135.714343,129.087993000000,35.074310000000,508022.242,3881287.351,0.008,-2.682800,route_tangent,528,1.532,2.000,530,508019.979,3881287.936,-0.711445,0.120000,0.120000,2.7778,TRACKING
135.764511,129.087993000000,35.074310000000,508022.242,3881287.351,0.008,-2.682800,route_tangent,528,1.532,2.000,530,508019.979,3881287.936,-0.711445,0.120000,0.120000,2.7778,TRACKING
135.814447,129.087993000000,35.074310000000,508022.242,3881287.351,0.008,-2.682800,route_tangent,528,1.532,2.000,530,508019.979,3881287.936,-0.711445,0.120000,0.120000,2.7778,TRACKING
135.864432,129.087993000000,35.074310000000,508022.242,3881287.351,0.008,-2.682800,route_tangent,528,1.532,2.000,530,508019.979,3881287.936,-0.711445,0.120000,0.120000,2.7778,TRACKING
135.914391,129.087993000000,35.074310000000,508022.242,3881287.351,0.008,-2.682800,route_tangent,528,1.532,2.000,530,508019.979,3881287.936,-0.711445,0.120000,0.120000,2.7778,TRACKING
135.964445,129.087993000000,35.074310000000,508022.242,3881287.351,0.008,-2.682800,route_tangent,528,1.532,2.000,530,508019.979,3881287.936,-0.711445,0.120000,0.120000,2.7778,TRACKING
136.014451,129.087993000000,35.074310000000,508022.242,3881287.351,0.008,-2.682800,route_tangent,528,1.532,2.000,530,508019.979,3881287.936,-0.711445,0.120000,0.120000,2.7778,TRACKING
136.064354,129.087993000000,35.074310000000,508022.242,3881287.351,0.008,-2.682800,route_tangent,528,1.532,2.000,530,508019.979,3881287.936,-0.711445,0.120000,0.120000,2.7778,TRACKING
136.114328,129.087993000000,35.074310000000,508022.242,3881287.351,0.008,-2.682800,route_tangent,528,1.532,2.000,530,508019.979,3881287.936,-0.711445,0.120000,0.120000,2.7778,TRACKING
136.164442,129.087993000000,35.074310000000,508022.242,3881287.351,0.008,-2.682800,route_tangent,528,1.532,2.000,530,508019.979,3881287.936,-0.711445,0.120000,0.120000,2.7778,TRACKING
136.214501,129.087993000000,35.074310000000,508022.242,3881287.351,0.006,-2.682800,route_tangent,528,1.532,2.000,530,508019.979,3881287.936,-0.711445,0.120000,0.120000,2.7778,TRACKING
136.264731,129.087993000000,35.074310000000,508022.242,3881287.351,0.006,-2.682800,route_tangent,528,1.532,2.000,530,508019.979,3881287.936,-0.711445,0.120000,0.120000,2.7778,TRACKING
136.314449,129.087993000000,35.074310000000,508022.242,3881287.351,0.006,-2.682800,route_tangent,528,1.532,2.000,530,508019.979,3881287.936,-0.711445,0.120000,0.120000,2.7778,TRACKING
136.364494,129.087993000000,35.074310000000,508022.242,3881287.351,0.006,-2.682800,route_tangent,528,1.532,2.000,530,508019.979,3881287.936,-0.711445,0.120000,0.120000,2.7778,TRACKING
136.414437,129.087993000000,35.074310000000,508022.242,3881287.351,0.006,-2.682800,route_tangent,528,1.532,2.000,530,508019.979,3881287.936,-0.711445,0.120000,0.120000,2.7778,TRACKING
136.464327,129.087993000000,35.074310000000,508022.242,3881287.351,0.006,-2.682800,route_tangent,528,1.532,2.000,530,508019.979,3881287.936,-0.711445,0.120000,0.120000,2.7778,TRACKING
136.514517,129.087993000000,35.074310000000,508022.242,3881287.351,0.006,-2.682800,route_tangent,528,1.532,2.000,530,508019.979,3881287.936,-0.711445,0.120000,0.120000,2.7778,TRACKING
136.564572,129.087993000000,35.074310000000,508022.242,3881287.351,0.006,-2.682800,route_tangent,528,1.532,2.000,530,508019.979,3881287.936,-0.711445,0.120000,0.120000,2.7778,TRACKING
136.614473,129.087993000000,35.074310000000,508022.242,3881287.351,0.006,-2.682800,route_tangent,528,1.532,2.000,530,508019.979,3881287.936,-0.711445,0.120000,0.120000,2.7778,TRACKING
136.664514,129.087993000000,35.074310000000,508022.242,3881287.351,0.006,-2.682800,route_tangent,528,1.532,2.000,530,508019.979,3881287.936,-0.711445,0.120000,0.120000,2.7778,TRACKING
136.714406,129.087993000000,35.074310000000,508022.242,3881287.351,0.006,-2.682800,route_tangent,528,1.532,2.000,530,508019.979,3881287.936,-0.711445,0.120000,0.120000,2.7778,TRACKING
136.764396,129.087993000000,35.074310000000,508022.242,3881287.351,0.006,-2.682800,route_tangent,528,1.532,2.000,530,508019.979,3881287.936,-0.711445,0.120000,0.120000,2.7778,TRACKING
136.814507,129.087993000000,35.074310000000,508022.242,3881287.351,0.006,-2.682800,route_tangent,528,1.532,2.000,530,508019.979,3881287.936,-0.711445,0.120000,0.120000,2.7778,TRACKING
136.864492,129.087993000000,35.074310000000,508022.242,3881287.351,0.006,-2.682800,route_tangent,528,1.532,2.000,530,508019.979,3881287.936,-0.711445,0.120000,0.120000,2.7778,TRACKING
136.914499,129.087993000000,35.074310000000,508022.242,3881287.351,0.006,-2.682800,route_tangent,528,1.532,2.000,530,508019.979,3881287.936,-0.711445,0.120000,0.120000,2.7778,TRACKING
136.964376,129.087993000000,35.074310000000,508022.242,3881287.351,0.006,-2.682800,route_tangent,528,1.532,2.000,530,508019.979,3881287.936,-0.711445,0.120000,0.120000,2.7778,TRACKING
137.014337,129.087993000000,35.074310000000,508022.242,3881287.351,0.006,-2.682800,route_tangent,528,1.532,2.000,530,508019.979,3881287.936,-0.711445,0.120000,0.120000,2.7778,TRACKING
137.064332,129.087993000000,35.074310000000,508022.242,3881287.351,0.006,-2.682800,route_tangent,528,1.532,2.000,530,508019.979,3881287.936,-0.711445,0.120000,0.120000,2.7778,TRACKING
137.114713,129.087993000000,35.074310000000,508022.242,3881287.351,0.006,-2.682800,route_tangent,528,1.532,2.000,530,508019.979,3881287.936,-0.711445,0.120000,0.120000,2.7778,TRACKING
137.164468,129.087993000000,35.074310000000,508022.242,3881287.351,0.006,-2.682800,route_tangent,528,1.532,2.000,530,508019.979,3881287.936,-0.711445,0.120000,0.120000,2.7778,TRACKING
137.214514,129.087993000000,35.074310000000,508022.242,3881287.351,0.006,-2.682800,route_tangent,528,1.532,2.000,530,508019.979,3881287.936,-0.711445,0.120000,0.120000,2.7778,TRACKING
137.264320,129.087993000000,35.074310000000,508022.242,3881287.351,0.002,-2.682800,route_tangent,528,1.532,2.000,530,508019.979,3881287.936,-0.711445,0.120000,0.120000,2.7778,TRACKING
137.314460,129.087993000000,35.074310000000,508022.242,3881287.351,0.002,-2.682800,route_tangent,528,1.532,2.000,530,508019.979,3881287.936,-0.711445,0.120000,0.120000,2.7778,TRACKING
137.364444,129.087993000000,35.074310000000,508022.242,3881287.351,0.002,-2.682800,route_tangent,528,1.532,2.000,530,508019.979,3881287.936,-0.711445,0.120000,0.120000,2.7778,TRACKING
137.414457,129.087993000000,35.074310000000,508022.242,3881287.351,0.002,-2.682800,route_tangent,528,1.532,2.000,530,508019.979,3881287.936,-0.711445,0.120000,0.120000,2.7778,TRACKING
137.464389,129.087993000000,35.074310000000,508022.242,3881287.351,0.002,-2.682800,route_tangent,528,1.532,2.000,530,508019.979,3881287.936,-0.711445,0.120000,0.120000,2.7778,TRACKING
137.514464,129.087993000000,35.074310000000,508022.242,3881287.351,0.002,-2.682800,route_tangent,528,1.532,2.000,530,508019.979,3881287.936,-0.711445,0.120000,0.120000,2.7778,TRACKING
137.564458,129.087993000000,35.074310000000,508022.242,3881287.351,0.002,-2.682800,route_tangent,528,1.532,2.000,530,508019.979,3881287.936,-0.711445,0.120000,0.120000,2.7778,TRACKING
137.614445,129.087993000000,35.074310000000,508022.242,3881287.351,0.002,-2.682800,route_tangent,528,1.532,2.000,530,508019.979,3881287.936,-0.711445,0.120000,0.120000,2.7778,TRACKING
137.664444,129.087993000000,35.074310000000,508022.242,3881287.351,0.002,-2.682800,route_tangent,528,1.532,2.000,530,508019.979,3881287.936,-0.711445,0.120000,0.120000,2.7778,TRACKING
137.714348,129.087993000000,35.074310000000,508022.242,3881287.351,0.006,-2.682800,route_tangent,528,1.532,2.000,530,508019.979,3881287.936,-0.711445,0.120000,0.120000,2.7778,TRACKING
137.764443,129.087993000000,35.074310000000,508022.242,3881287.351,0.006,-2.682800,route_tangent,528,1.532,2.000,530,508019.979,3881287.936,-0.711445,0.120000,0.120000,2.7778,TRACKING
137.814442,129.087993000000,35.074310000000,508022.242,3881287.351,0.006,-2.682800,route_tangent,528,1.532,2.000,530,508019.979,3881287.936,-0.711445,0.120000,0.120000,2.7778,TRACKING
137.864420,129.087993000000,35.074310000000,508022.242,3881287.351,0.006,-2.682800,route_tangent,528,1.532,2.000,530,508019.979,3881287.936,-0.711445,0.120000,0.120000,2.7778,TRACKING
137.914470,129.087993000000,35.074310000000,508022.242,3881287.351,0.006,-2.682800,route_tangent,528,1.532,2.000,530,508019.979,3881287.936,-0.711445,0.120000,0.120000,2.7778,TRACKING
137.964342,129.087993000000,35.074310000000,508022.242,3881287.351,0.006,-2.682800,route_tangent,528,1.532,2.000,530,508019.979,3881287.936,-0.711445,0.120000,0.120000,2.7778,TRACKING
138.014425,129.087993000000,35.074310000000,508022.242,3881287.351,0.006,-2.682800,route_tangent,528,1.532,2.000,530,508019.979,3881287.936,-0.711445,0.120000,0.120000,2.7778,TRACKING
138.064634,129.087993000000,35.074310000000,508022.242,3881287.351,0.006,-2.682800,route_tangent,528,1.532,2.000,530,508019.979,3881287.936,-0.711445,0.120000,0.120000,2.7778,TRACKING
138.114377,129.087993000000,35.074310000000,508022.242,3881287.351,0.006,-2.682800,route_tangent,528,1.532,2.000,530,508019.979,3881287.936,-0.711445,0.120000,0.120000,2.7778,TRACKING
138.164567,129.087993000000,35.074310000000,508022.242,3881287.351,0.006,-2.682800,route_tangent,528,1.532,2.000,530,508019.979,3881287.936,-0.711445,0.120000,0.120000,2.7778,TRACKING
138.214634,129.087993000000,35.074310000000,508022.242,3881287.351,0.006,-2.682800,route_tangent,528,1.532,2.000,530,508019.979,3881287.936,-0.711445,0.120000,0.120000,2.7778,TRACKING
138.264538,129.087993000000,35.074310000000,508022.242,3881287.351,0.006,-2.682800,route_tangent,528,1.532,2.000,530,508019.979,3881287.936,-0.711445,0.120000,0.120000,2.7778,TRACKING
138.314406,129.087993000000,35.074310000000,508022.242,3881287.351,0.006,-2.682800,route_tangent,528,1.532,2.000,530,508019.979,3881287.936,-0.711445,0.120000,0.120000,2.7778,TRACKING
138.364479,129.087993000000,35.074310000000,508022.242,3881287.351,0.006,-2.682800,route_tangent,528,1.532,2.000,530,508019.979,3881287.936,-0.711445,0.120000,0.120000,2.7778,TRACKING
138.414454,129.087993000000,35.074310000000,508022.242,3881287.351,0.006,-2.682800,route_tangent,528,1.532,2.000,530,508019.979,3881287.936,-0.711445,0.120000,0.120000,2.7778,TRACKING
138.464696,129.087993000000,35.074310000000,508022.242,3881287.351,0.006,-2.682800,route_tangent,528,1.532,2.000,530,508019.979,3881287.936,-0.711445,0.120000,0.120000,2.7778,TRACKING
138.514361,129.087993000000,35.074310000000,508022.242,3881287.351,0.006,-2.682800,route_tangent,528,1.532,2.000,530,508019.979,3881287.936,-0.711445,0.120000,0.120000,2.7778,TRACKING
138.564423,129.087993000000,35.074310000000,508022.242,3881287.351,0.006,-2.682800,route_tangent,528,1.532,2.000,530,508019.979,3881287.936,-0.711445,0.120000,0.120000,2.7778,TRACKING
138.614360,129.087993000000,35.074310000000,508022.242,3881287.351,0.006,-2.682800,route_tangent,528,1.532,2.000,530,508019.979,3881287.936,-0.711445,0.120000,0.120000,2.7778,TRACKING
138.664497,129.087993000000,35.074310000000,508022.242,3881287.351,0.006,-2.682800,route_tangent,528,1.532,2.000,530,508019.979,3881287.936,-0.711445,0.120000,0.120000,2.7778,TRACKING
138.714346,129.087993000000,35.074310000000,508022.242,3881287.351,0.006,-2.682800,route_tangent,528,1.532,2.000,530,508019.979,3881287.936,-0.711445,0.120000,0.120000,2.7778,TRACKING
138.764468,129.087993000000,35.074310000000,508022.242,3881287.351,0.006,-2.682800,route_tangent,528,1.532,2.000,530,508019.979,3881287.936,-0.711445,0.120000,0.120000,2.7778,TRACKING
138.814527,129.087993000000,35.074310000000,508022.242,3881287.351,0.006,-2.682800,route_tangent,528,1.532,2.000,530,508019.979,3881287.936,-0.711445,0.120000,0.120000,2.7778,TRACKING
138.864554,129.087993000000,35.074310000000,508022.242,3881287.351,0.006,-2.682800,route_tangent,528,1.532,2.000,530,508019.979,3881287.936,-0.711445,0.120000,0.120000,2.7778,TRACKING
138.914392,129.087993000000,35.074310000000,508022.242,3881287.351,0.006,-2.682800,route_tangent,528,1.532,2.000,530,508019.979,3881287.936,-0.711445,0.120000,0.120000,2.7778,TRACKING
138.964348,129.087993000000,35.074309833333,508022.242,3881287.333,0.006,-2.682800,route_tangent,528,1.549,2.000,530,508019.979,3881287.936,-0.719084,0.120000,0.120000,2.7778,TRACKING
139.014449,129.087993000000,35.074309833333,508022.242,3881287.333,0.006,-2.682800,route_tangent,528,1.549,2.000,530,508019.979,3881287.936,-0.719084,0.120000,0.120000,2.7778,TRACKING
139.064592,129.087993000000,35.074309833333,508022.242,3881287.333,0.006,-2.682800,route_tangent,528,1.549,2.000,530,508019.979,3881287.936,-0.719084,0.120000,0.120000,2.7778,TRACKING
139.114491,129.087993000000,35.074309833333,508022.242,3881287.333,0.006,-2.682800,route_tangent,528,1.549,2.000,530,508019.979,3881287.936,-0.719084,0.120000,0.120000,2.7778,TRACKING
139.164495,129.087993000000,35.074309833333,508022.242,3881287.333,0.006,-2.682800,route_tangent,528,1.549,2.000,530,508019.979,3881287.936,-0.719084,0.120000,0.120000,2.7778,TRACKING
139.214434,129.087993000000,35.074309833333,508022.242,3881287.333,0.006,-2.682800,route_tangent,528,1.549,2.000,530,508019.979,3881287.936,-0.719084,0.120000,0.120000,2.7778,TRACKING
139.264472,129.087993000000,35.074310000000,508022.242,3881287.351,0.011,-2.682800,route_tangent,528,1.532,2.000,530,508019.979,3881287.936,-0.711445,0.120000,0.120000,2.7778,TRACKING
139.314449,129.087993000000,35.074310000000,508022.242,3881287.351,0.011,-2.682800,route_tangent,528,1.532,2.000,530,508019.979,3881287.936,-0.711445,0.120000,0.120000,2.7778,TRACKING
139.364451,129.087993000000,35.074310000000,508022.242,3881287.351,0.011,-2.682800,route_tangent,528,1.532,2.000,530,508019.979,3881287.936,-0.711445,0.120000,0.120000,2.7778,TRACKING
139.414514,129.087993000000,35.074310000000,508022.242,3881287.351,0.011,-2.682800,route_tangent,528,1.532,2.000,530,508019.979,3881287.936,-0.711445,0.120000,0.120000,2.7778,TRACKING
139.464341,129.087993000000,35.074310000000,508022.242,3881287.351,0.011,-2.682800,route_tangent,528,1.532,2.000,530,508019.979,3881287.936,-0.711445,0.120000,0.120000,2.7778,TRACKING
139.514472,129.087993000000,35.074310000000,508022.242,3881287.351,0.011,-2.682800,route_tangent,528,1.532,2.000,530,508019.979,3881287.936,-0.711445,0.120000,0.120000,2.7778,TRACKING
139.564335,129.087993000000,35.074310000000,508022.242,3881287.351,0.011,-2.682800,route_tangent,528,1.532,2.000,530,508019.979,3881287.936,-0.711445,0.120000,0.120000,2.7778,TRACKING
139.614486,129.087993000000,35.074310000000,508022.242,3881287.351,0.011,-2.682800,route_tangent,528,1.532,2.000,530,508019.979,3881287.936,-0.711445,0.120000,0.120000,2.7778,TRACKING
139.664489,129.087993000000,35.074310000000,508022.242,3881287.351,0.011,-2.682800,route_tangent,528,1.532,2.000,530,508019.979,3881287.936,-0.711445,0.120000,0.120000,2.7778,TRACKING
139.714364,129.087993000000,35.074310000000,508022.242,3881287.351,0.011,-2.682800,route_tangent,528,1.532,2.000,530,508019.979,3881287.936,-0.711445,0.120000,0.120000,2.7778,TRACKING
139.764362,129.087993000000,35.074310000000,508022.242,3881287.351,0.011,-2.682800,route_tangent,528,1.532,2.000,530,508019.979,3881287.936,-0.711445,0.120000,0.120000,2.7778,TRACKING
139.814355,129.087993000000,35.074310000000,508022.242,3881287.351,0.011,-2.682800,route_tangent,528,1.532,2.000,530,508019.979,3881287.936,-0.711445,0.120000,0.120000,2.7778,TRACKING
139.864428,129.087993000000,35.074310000000,508022.242,3881287.351,0.011,-2.682800,route_tangent,528,1.532,2.000,530,508019.979,3881287.936,-0.711445,0.120000,0.120000,2.7778,TRACKING
139.914458,129.087993000000,35.074310000000,508022.242,3881287.351,0.011,-2.682800,route_tangent,528,1.532,2.000,530,508019.979,3881287.936,-0.711445,0.120000,0.120000,2.7778,TRACKING
139.964385,129.087993000000,35.074310000000,508022.242,3881287.351,0.011,-2.682800,route_tangent,528,1.532,2.000,530,508019.979,3881287.936,-0.711445,0.120000,0.120000,2.7778,TRACKING
140.014469,129.087993000000,35.074310000000,508022.242,3881287.351,0.011,-2.682800,route_tangent,528,1.532,2.000,530,508019.979,3881287.936,-0.711445,0.120000,0.120000,2.7778,TRACKING
140.064334,129.087993000000,35.074310000000,508022.242,3881287.351,0.011,-2.682800,route_tangent,528,1.532,2.000,530,508019.979,3881287.936,-0.711445,0.120000,0.120000,2.7778,TRACKING
140.114364,129.087993000000,35.074310000000,508022.242,3881287.351,0.011,-2.682800,route_tangent,528,1.532,2.000,530,508019.979,3881287.936,-0.711445,0.120000,0.120000,2.7778,TRACKING
140.164464,129.087993000000,35.074310000000,508022.242,3881287.351,0.011,-2.682800,route_tangent,528,1.532,2.000,530,508019.979,3881287.936,-0.711445,0.120000,0.120000,2.7778,TRACKING
140.214506,129.087993000000,35.074310000000,508022.242,3881287.351,0.011,-2.682800,route_tangent,528,1.532,2.000,530,508019.979,3881287.936,-0.711445,0.120000,0.120000,2.7778,TRACKING
140.264359,129.087993000000,35.074310000000,508022.242,3881287.351,0.011,-2.682800,route_tangent,528,1.532,2.000,530,508019.979,3881287.936,-0.711445,0.120000,0.120000,2.7778,TRACKING
140.314602,129.087993000000,35.074310000000,508022.242,3881287.351,0.011,-2.682800,route_tangent,528,1.532,2.000,530,508019.979,3881287.936,-0.711445,0.120000,0.120000,2.7778,TRACKING
140.364567,129.087993000000,35.074310000000,508022.242,3881287.351,0.011,-2.682800,route_tangent,528,1.532,2.000,530,508019.979,3881287.936,-0.711445,0.120000,0.120000,2.7778,TRACKING
140.414388,129.087993000000,35.074310000000,508022.242,3881287.351,0.011,-2.682800,route_tangent,528,1.532,2.000,530,508019.979,3881287.936,-0.711445,0.120000,0.120000,2.7778,TRACKING
140.464371,129.087993000000,35.074310000000,508022.242,3881287.351,0.011,-2.682800,route_tangent,528,1.532,2.000,530,508019.979,3881287.936,-0.711445,0.120000,0.120000,2.7778,TRACKING
140.514360,129.087993000000,35.074310000000,508022.242,3881287.351,0.011,-2.682800,route_tangent,528,1.532,2.000,530,508019.979,3881287.936,-0.711445,0.120000,0.120000,2.7778,TRACKING
140.564358,129.087993000000,35.074310000000,508022.242,3881287.351,0.011,-2.682800,route_tangent,528,1.532,2.000,530,508019.979,3881287.936,-0.711445,0.120000,0.120000,2.7778,TRACKING
140.614550,129.087993000000,35.074310000000,508022.242,3881287.351,0.011,-2.682800,route_tangent,528,1.532,2.000,530,508019.979,3881287.936,-0.711445,0.120000,0.120000,2.7778,TRACKING
140.664330,129.087993000000,35.074310000000,508022.242,3881287.351,0.011,-2.682800,route_tangent,528,1.532,2.000,530,508019.979,3881287.936,-0.711445,0.120000,0.120000,2.7778,TRACKING
140.714322,129.087993000000,35.074310000000,508022.242,3881287.351,0.005,-2.682800,route_tangent,528,1.532,2.000,530,508019.979,3881287.936,-0.711445,0.120000,0.120000,2.7778,TRACKING
140.764671,129.087993000000,35.074310000000,508022.242,3881287.351,0.005,-2.682800,route_tangent,528,1.532,2.000,530,508019.979,3881287.936,-0.711445,0.120000,0.120000,2.7778,TRACKING
140.814483,129.087993000000,35.074310000000,508022.242,3881287.351,0.005,-2.682800,route_tangent,528,1.532,2.000,530,508019.979,3881287.936,-0.711445,0.120000,0.120000,2.7778,TRACKING
140.864493,129.087993000000,35.074310000000,508022.242,3881287.351,0.005,-2.682800,route_tangent,528,1.532,2.000,530,508019.979,3881287.936,-0.711445,0.120000,0.120000,2.7778,TRACKING
140.914664,129.087993000000,35.074310000000,508022.242,3881287.351,0.005,-2.682800,route_tangent,528,1.532,2.000,530,508019.979,3881287.936,-0.711445,0.120000,0.120000,2.7778,TRACKING
140.965049,129.087993000000,35.074309833333,508022.242,3881287.333,0.005,-2.682800,route_tangent,528,1.549,2.000,530,508019.979,3881287.936,-0.719084,0.120000,0.120000,2.7778,TRACKING
141.014401,129.087993000000,35.074309833333,508022.242,3881287.333,0.005,-2.682800,route_tangent,528,1.549,2.000,530,508019.979,3881287.936,-0.719084,0.120000,0.120000,2.7778,TRACKING
141.064619,129.087993000000,35.074309833333,508022.242,3881287.333,0.005,-2.682800,route_tangent,528,1.549,2.000,530,508019.979,3881287.936,-0.719084,0.120000,0.120000,2.7778,TRACKING
141.114326,129.087993000000,35.074309833333,508022.242,3881287.333,0.005,-2.682800,route_tangent,528,1.549,2.000,530,508019.979,3881287.936,-0.719084,0.120000,0.120000,2.7778,TRACKING
141.164401,129.087993000000,35.074309833333,508022.242,3881287.333,0.005,-2.682800,route_tangent,528,1.549,2.000,530,508019.979,3881287.936,-0.719084,0.120000,0.120000,2.7778,TRACKING
141.214570,129.087993000000,35.074309833333,508022.242,3881287.333,0.005,-2.682800,route_tangent,528,1.549,2.000,530,508019.979,3881287.936,-0.719084,0.120000,0.120000,2.7778,TRACKING
141.264459,129.087993000000,35.074309833333,508022.242,3881287.333,0.005,-2.682800,route_tangent,528,1.549,2.000,530,508019.979,3881287.936,-0.719084,0.120000,0.120000,2.7778,TRACKING
141.314465,129.087993000000,35.074309833333,508022.242,3881287.333,0.005,-2.682800,route_tangent,528,1.549,2.000,530,508019.979,3881287.936,-0.719084,0.120000,0.120000,2.7778,TRACKING
141.364422,129.087993000000,35.074309833333,508022.242,3881287.333,0.005,-2.682800,route_tangent,528,1.549,2.000,530,508019.979,3881287.936,-0.719084,0.120000,0.120000,2.7778,TRACKING
141.414377,129.087993000000,35.074309833333,508022.242,3881287.333,0.005,-2.682800,route_tangent,528,1.549,2.000,530,508019.979,3881287.936,-0.719084,0.120000,0.120000,2.7778,TRACKING
141.464365,129.087993000000,35.074310000000,508022.242,3881287.351,0.004,-2.682800,route_tangent,528,1.532,2.000,530,508019.979,3881287.936,-0.711445,0.120000,0.120000,2.7778,TRACKING
141.514541,129.087993000000,35.074310000000,508022.242,3881287.351,0.004,-2.682800,route_tangent,528,1.532,2.000,530,508019.979,3881287.936,-0.711445,0.120000,0.120000,2.7778,TRACKING
141.564379,129.087993000000,35.074310000000,508022.242,3881287.351,0.004,-2.682800,route_tangent,528,1.532,2.000,530,508019.979,3881287.936,-0.711445,0.120000,0.120000,2.7778,TRACKING
141.614535,129.087993000000,35.074310000000,508022.242,3881287.351,0.004,-2.682800,route_tangent,528,1.532,2.000,530,508019.979,3881287.936,-0.711445,0.120000,0.120000,2.7778,TRACKING
141.664370,129.087993000000,35.074310000000,508022.242,3881287.351,0.004,-2.682800,route_tangent,528,1.532,2.000,530,508019.979,3881287.936,-0.711445,0.120000,0.120000,2.7778,TRACKING
141.714331,129.087993000000,35.074310000000,508022.242,3881287.351,0.004,-2.682800,route_tangent,528,1.532,2.000,530,508019.979,3881287.936,-0.711445,0.120000,0.120000,2.7778,TRACKING
141.764426,129.087993000000,35.074310000000,508022.242,3881287.351,0.004,-2.682800,route_tangent,528,1.532,2.000,530,508019.979,3881287.936,-0.711445,0.120000,0.120000,2.7778,TRACKING
141.814398,129.087993000000,35.074310000000,508022.242,3881287.351,0.004,-2.682800,route_tangent,528,1.532,2.000,530,508019.979,3881287.936,-0.711445,0.120000,0.120000,2.7778,TRACKING
141.864383,129.087993000000,35.074310000000,508022.242,3881287.351,0.004,-2.682800,route_tangent,528,1.532,2.000,530,508019.979,3881287.936,-0.711445,0.120000,0.120000,2.7778,TRACKING
141.914527,129.087993000000,35.074310000000,508022.242,3881287.351,0.004,-2.682800,route_tangent,528,1.532,2.000,530,508019.979,3881287.936,-0.711445,0.120000,0.120000,2.7778,TRACKING
141.964342,129.087993000000,35.074309833333,508022.242,3881287.333,0.004,-2.682800,route_tangent,528,1.549,2.000,530,508019.979,3881287.936,-0.719084,0.120000,0.120000,2.7778,TRACKING
142.014480,129.087993000000,35.074309833333,508022.242,3881287.333,0.004,-2.682800,route_tangent,528,1.549,2.000,530,508019.979,3881287.936,-0.719084,0.120000,0.120000,2.7778,TRACKING
142.064546,129.087993000000,35.074309833333,508022.242,3881287.333,0.004,-2.682800,route_tangent,528,1.549,2.000,530,508019.979,3881287.936,-0.719084,0.120000,0.120000,2.7778,TRACKING
142.114587,129.087993000000,35.074309833333,508022.242,3881287.333,0.004,-2.682800,route_tangent,528,1.549,2.000,530,508019.979,3881287.936,-0.719084,0.120000,0.120000,2.7778,TRACKING
142.164539,129.087993000000,35.074309833333,508022.242,3881287.333,0.004,-2.682800,route_tangent,528,1.549,2.000,530,508019.979,3881287.936,-0.719084,0.120000,0.120000,2.7778,TRACKING
142.214464,129.087993000000,35.074309833333,508022.242,3881287.333,0.004,-2.682800,route_tangent,528,1.549,2.000,530,508019.979,3881287.936,-0.719084,0.120000,0.120000,2.7778,TRACKING
142.264509,129.087993000000,35.074309833333,508022.242,3881287.333,0.004,-2.682800,route_tangent,528,1.549,2.000,530,508019.979,3881287.936,-0.719084,0.120000,0.120000,2.7778,TRACKING
142.314842,129.087993000000,35.074309833333,508022.242,3881287.333,0.004,-2.682800,route_tangent,528,1.549,2.000,530,508019.979,3881287.936,-0.719084,0.120000,0.120000,2.7778,TRACKING
142.364494,129.087993000000,35.074309833333,508022.242,3881287.333,0.004,-2.682800,route_tangent,528,1.549,2.000,530,508019.979,3881287.936,-0.719084,0.120000,0.120000,2.7778,TRACKING
142.414394,129.087993000000,35.074309833333,508022.242,3881287.333,0.004,-2.682800,route_tangent,528,1.549,2.000,530,508019.979,3881287.936,-0.719084,0.120000,0.120000,2.7778,TRACKING
142.464323,129.087993000000,35.074309833333,508022.242,3881287.333,0.004,-2.682800,route_tangent,528,1.549,2.000,530,508019.979,3881287.936,-0.719084,0.120000,0.120000,2.7778,TRACKING
142.514399,129.087993000000,35.074309833333,508022.242,3881287.333,0.004,-2.682800,route_tangent,528,1.549,2.000,530,508019.979,3881287.936,-0.719084,0.120000,0.120000,2.7778,TRACKING
142.564437,129.087993000000,35.074309833333,508022.242,3881287.333,0.004,-2.682800,route_tangent,528,1.549,2.000,530,508019.979,3881287.936,-0.719084,0.120000,0.120000,2.7778,TRACKING
142.614502,129.087993000000,35.074309833333,508022.242,3881287.333,0.004,-2.682800,route_tangent,528,1.549,2.000,530,508019.979,3881287.936,-0.719084,0.120000,0.120000,2.7778,TRACKING
142.664451,129.087993000000,35.074309833333,508022.242,3881287.333,0.004,-2.682800,route_tangent,528,1.549,2.000,530,508019.979,3881287.936,-0.719084,0.120000,0.120000,2.7778,TRACKING
142.714330,129.087993000000,35.074309833333,508022.242,3881287.333,0.002,-2.682800,route_tangent,528,1.549,2.000,530,508019.979,3881287.936,-0.719084,0.120000,0.120000,2.7778,TRACKING
142.764487,129.087993000000,35.074309833333,508022.242,3881287.333,0.002,-2.682800,route_tangent,528,1.549,2.000,530,508019.979,3881287.936,-0.719084,0.120000,0.120000,2.7778,TRACKING
142.814409,129.087993000000,35.074309833333,508022.242,3881287.333,0.002,-2.682800,route_tangent,528,1.549,2.000,530,508019.979,3881287.936,-0.719084,0.120000,0.120000,2.7778,TRACKING
142.864442,129.087993000000,35.074309833333,508022.242,3881287.333,0.002,-2.682800,route_tangent,528,1.549,2.000,530,508019.979,3881287.936,-0.719084,0.120000,0.120000,2.7778,TRACKING
142.914469,129.087993000000,35.074309833333,508022.242,3881287.333,0.002,-2.682800,route_tangent,528,1.549,2.000,530,508019.979,3881287.936,-0.719084,0.120000,0.120000,2.7778,TRACKING
142.964335,129.087993000000,35.074309833333,508022.242,3881287.333,0.003,-2.682800,route_tangent,528,1.549,2.000,530,508019.979,3881287.936,-0.719084,0.120000,0.120000,2.7778,TRACKING
143.014441,129.087993000000,35.074309833333,508022.242,3881287.333,0.003,-2.682800,route_tangent,528,1.549,2.000,530,508019.979,3881287.936,-0.719084,0.120000,0.120000,2.7778,TRACKING
143.064432,129.087993000000,35.074309833333,508022.242,3881287.333,0.003,-2.682800,route_tangent,528,1.549,2.000,530,508019.979,3881287.936,-0.719084,0.120000,0.120000,2.7778,TRACKING
143.114468,129.087993000000,35.074309833333,508022.242,3881287.333,0.003,-2.682800,route_tangent,528,1.549,2.000,530,508019.979,3881287.936,-0.719084,0.120000,0.120000,2.7778,TRACKING
143.164445,129.087993000000,35.074309833333,508022.242,3881287.333,0.003,-2.682800,route_tangent,528,1.549,2.000,530,508019.979,3881287.936,-0.719084,0.120000,0.120000,2.7778,TRACKING
143.214446,129.087993000000,35.074309833333,508022.242,3881287.333,0.003,-2.682800,route_tangent,528,1.549,2.000,530,508019.979,3881287.936,-0.719084,0.120000,0.120000,2.7778,TRACKING
143.264496,129.087993000000,35.074310000000,508022.242,3881287.351,0.004,-2.682800,route_tangent,528,1.532,2.000,530,508019.979,3881287.936,-0.711445,0.120000,0.120000,2.7778,TRACKING
143.314466,129.087993000000,35.074310000000,508022.242,3881287.351,0.004,-2.682800,route_tangent,528,1.532,2.000,530,508019.979,3881287.936,-0.711445,0.120000,0.120000,2.7778,TRACKING
143.364397,129.087993000000,35.074310000000,508022.242,3881287.351,0.004,-2.682800,route_tangent,528,1.532,2.000,530,508019.979,3881287.936,-0.711445,0.120000,0.120000,2.7778,TRACKING
143.414462,129.087993000000,35.074310000000,508022.242,3881287.351,0.004,-2.682800,route_tangent,528,1.532,2.000,530,508019.979,3881287.936,-0.711445,0.120000,0.120000,2.7778,TRACKING
143.464298,129.087993000000,35.074310000000,508022.242,3881287.351,0.010,-2.682800,route_tangent,528,1.532,2.000,530,508019.979,3881287.936,-0.711445,0.120000,0.120000,2.7778,TRACKING
143.514430,129.087993000000,35.074310000000,508022.242,3881287.351,0.010,-2.682800,route_tangent,528,1.532,2.000,530,508019.979,3881287.936,-0.711445,0.120000,0.120000,2.7778,TRACKING
143.564468,129.087993000000,35.074310000000,508022.242,3881287.351,0.010,-2.682800,route_tangent,528,1.532,2.000,530,508019.979,3881287.936,-0.711445,0.120000,0.120000,2.7778,TRACKING
143.614465,129.087993000000,35.074310000000,508022.242,3881287.351,0.010,-2.682800,route_tangent,528,1.532,2.000,530,508019.979,3881287.936,-0.711445,0.120000,0.120000,2.7778,TRACKING
143.664385,129.087993000000,35.074310000000,508022.242,3881287.351,0.010,-2.682800,route_tangent,528,1.532,2.000,530,508019.979,3881287.936,-0.711445,0.120000,0.120000,2.7778,TRACKING
143.714295,129.087993000000,35.074310000000,508022.242,3881287.351,0.015,-2.682800,route_tangent,528,1.532,2.000,530,508019.979,3881287.936,-0.711445,0.120000,0.120000,2.7778,TRACKING
143.764421,129.087993000000,35.074310000000,508022.242,3881287.351,0.015,-2.682800,route_tangent,528,1.532,2.000,530,508019.979,3881287.936,-0.711445,0.120000,0.120000,2.7778,TRACKING
143.814913,129.087993000000,35.074310000000,508022.242,3881287.351,0.015,-2.682800,route_tangent,528,1.532,2.000,530,508019.979,3881287.936,-0.711445,0.120000,0.120000,2.7778,TRACKING
143.864470,129.087993000000,35.074310000000,508022.242,3881287.351,0.015,-2.682800,route_tangent,528,1.532,2.000,530,508019.979,3881287.936,-0.711445,0.120000,0.120000,2.7778,TRACKING
143.915246,129.087993000000,35.074310000000,508022.242,3881287.351,0.015,-2.682800,route_tangent,528,1.532,2.000,530,508019.979,3881287.936,-0.711445,0.120000,0.120000,2.7778,TRACKING
143.964407,129.087993000000,35.074310000000,508022.242,3881287.351,0.013,-2.682800,route_tangent,528,1.532,2.000,530,508019.979,3881287.936,-0.711445,0.120000,0.120000,2.7778,TRACKING
144.014605,129.087993000000,35.074310000000,508022.242,3881287.351,0.013,-2.682800,route_tangent,528,1.532,2.000,530,508019.979,3881287.936,-0.711445,0.120000,0.120000,2.7778,TRACKING
144.064498,129.087993000000,35.074310000000,508022.242,3881287.351,0.013,-2.682800,route_tangent,528,1.532,2.000,530,508019.979,3881287.936,-0.711445,0.120000,0.120000,2.7778,TRACKING
144.114483,129.087993000000,35.074310000000,508022.242,3881287.351,0.013,-2.682800,route_tangent,528,1.532,2.000,530,508019.979,3881287.936,-0.711445,0.120000,0.120000,2.7778,TRACKING
144.164450,129.087993000000,35.074310000000,508022.242,3881287.351,0.013,-2.682800,route_tangent,528,1.532,2.000,530,508019.979,3881287.936,-0.711445,0.120000,0.120000,2.7778,TRACKING
144.214351,129.087993000000,35.074310000000,508022.242,3881287.351,0.006,-2.682800,route_tangent,528,1.532,2.000,530,508019.979,3881287.936,-0.711445,0.120000,0.120000,2.7778,TRACKING
144.264439,129.087993000000,35.074310000000,508022.242,3881287.351,0.006,-2.682800,route_tangent,528,1.532,2.000,530,508019.979,3881287.936,-0.711445,0.120000,0.120000,2.7778,TRACKING
144.314495,129.087993000000,35.074310000000,508022.242,3881287.351,0.006,-2.682800,route_tangent,528,1.532,2.000,530,508019.979,3881287.936,-0.711445,0.120000,0.120000,2.7778,TRACKING
144.364410,129.087993000000,35.074310000000,508022.242,3881287.351,0.006,-2.682800,route_tangent,528,1.532,2.000,530,508019.979,3881287.936,-0.711445,0.120000,0.120000,2.7778,TRACKING
144.414600,129.087993000000,35.074310000000,508022.242,3881287.351,0.006,-2.682800,route_tangent,528,1.532,2.000,530,508019.979,3881287.936,-0.711445,0.120000,0.120000,2.7778,TRACKING
144.464305,129.087993000000,35.074310000000,508022.242,3881287.351,0.006,-2.682800,route_tangent,528,1.532,2.000,530,508019.979,3881287.936,-0.711445,0.120000,0.120000,2.7778,TRACKING
144.514469,129.087993000000,35.074310000000,508022.242,3881287.351,0.006,-2.682800,route_tangent,528,1.532,2.000,530,508019.979,3881287.936,-0.711445,0.120000,0.120000,2.7778,TRACKING
144.564507,129.087993000000,35.074310000000,508022.242,3881287.351,0.006,-2.682800,route_tangent,528,1.532,2.000,530,508019.979,3881287.936,-0.711445,0.120000,0.120000,2.7778,TRACKING
144.614429,129.087993000000,35.074310000000,508022.242,3881287.351,0.006,-2.682800,route_tangent,528,1.532,2.000,530,508019.979,3881287.936,-0.711445,0.120000,0.120000,2.7778,TRACKING
144.664476,129.087993000000,35.074310000000,508022.242,3881287.351,0.006,-2.682800,route_tangent,528,1.532,2.000,530,508019.979,3881287.936,-0.711445,0.120000,0.120000,2.7778,TRACKING
144.714332,129.087993166667,35.074310000000,508022.257,3881287.351,0.006,-2.682800,route_tangent,528,1.536,2.000,530,508019.979,3881287.936,-0.709825,0.120000,0.120000,2.7778,TRACKING
144.764534,129.087993166667,35.074310000000,508022.257,3881287.351,0.006,-2.682800,route_tangent,528,1.536,2.000,530,508019.979,3881287.936,-0.709825,0.120000,0.120000,2.7778,TRACKING
144.814518,129.087993166667,35.074310000000,508022.257,3881287.351,0.006,-2.682800,route_tangent,528,1.536,2.000,530,508019.979,3881287.936,-0.709825,0.120000,0.120000,2.7778,TRACKING
144.864479,129.087993166667,35.074310000000,508022.257,3881287.351,0.006,-2.682800,route_tangent,528,1.536,2.000,530,508019.979,3881287.936,-0.709825,0.120000,0.120000,2.7778,TRACKING
144.914481,129.087993166667,35.074310000000,508022.257,3881287.351,0.006,-2.682800,route_tangent,528,1.536,2.000,530,508019.979,3881287.936,-0.709825,0.120000,0.120000,2.7778,TRACKING
144.965015,129.087993166667,35.074310000000,508022.257,3881287.351,0.007,-2.682800,route_tangent,528,1.536,2.000,530,508019.979,3881287.936,-0.709825,0.120000,0.120000,2.7778,TRACKING
145.014478,129.087993166667,35.074310000000,508022.257,3881287.351,0.007,-2.682800,route_tangent,528,1.536,2.000,530,508019.979,3881287.936,-0.709825,0.120000,0.120000,2.7778,TRACKING
145.064484,129.087993166667,35.074310000000,508022.257,3881287.351,0.007,-2.682800,route_tangent,528,1.536,2.000,530,508019.979,3881287.936,-0.709825,0.120000,0.120000,2.7778,TRACKING
145.114420,129.087993166667,35.074310000000,508022.257,3881287.351,0.007,-2.682800,route_tangent,528,1.536,2.000,530,508019.979,3881287.936,-0.709825,0.120000,0.120000,2.7778,TRACKING
145.164544,129.087993166667,35.074310000000,508022.257,3881287.351,0.007,-2.682800,route_tangent,528,1.536,2.000,530,508019.979,3881287.936,-0.709825,0.120000,0.120000,2.7778,TRACKING
145.214458,129.087993166667,35.074310000000,508022.257,3881287.351,0.007,-2.682800,route_tangent,528,1.536,2.000,530,508019.979,3881287.936,-0.709825,0.120000,0.120000,2.7778,TRACKING
145.264343,129.087993166667,35.074310000000,508022.257,3881287.351,0.006,-2.682800,route_tangent,528,1.536,2.000,530,508019.979,3881287.936,-0.709825,0.120000,0.120000,2.7778,TRACKING
145.314503,129.087993166667,35.074310000000,508022.257,3881287.351,0.006,-2.682800,route_tangent,528,1.536,2.000,530,508019.979,3881287.936,-0.709825,0.120000,0.120000,2.7778,TRACKING
145.364338,129.087993166667,35.074310000000,508022.257,3881287.351,0.006,-2.682800,route_tangent,528,1.536,2.000,530,508019.979,3881287.936,-0.709825,0.120000,0.120000,2.7778,TRACKING
145.414475,129.087993166667,35.074310000000,508022.257,3881287.351,0.006,-2.682800,route_tangent,528,1.536,2.000,530,508019.979,3881287.936,-0.709825,0.120000,0.120000,2.7778,TRACKING
145.464344,129.087993166667,35.074310166667,508022.257,3881287.370,0.007,-2.682800,route_tangent,528,1.519,2.000,530,508019.979,3881287.936,-0.702200,0.120000,0.120000,2.7778,TRACKING
145.514514,129.087993166667,35.074310166667,508022.257,3881287.370,0.007,-2.682800,route_tangent,528,1.519,2.000,530,508019.979,3881287.936,-0.702200,0.120000,0.120000,2.7778,TRACKING
145.564335,129.087993166667,35.074310166667,508022.257,3881287.370,0.007,-2.682800,route_tangent,528,1.519,2.000,530,508019.979,3881287.936,-0.702200,0.120000,0.120000,2.7778,TRACKING
145.614442,129.087993166667,35.074310166667,508022.257,3881287.370,0.007,-2.682800,route_tangent,528,1.519,2.000,530,508019.979,3881287.936,-0.702200,0.120000,0.120000,2.7778,TRACKING
145.664474,129.087993166667,35.074310166667,508022.257,3881287.370,0.007,-2.682800,route_tangent,528,1.519,2.000,530,508019.979,3881287.936,-0.702200,0.120000,0.120000,2.7778,TRACKING
145.714332,129.087993166667,35.074310166667,508022.257,3881287.370,0.015,-2.682800,route_tangent,528,1.519,2.000,530,508019.979,3881287.936,-0.702200,0.120000,0.120000,2.7778,TRACKING
145.764443,129.087993166667,35.074310166667,508022.257,3881287.370,0.015,-2.682800,route_tangent,528,1.519,2.000,530,508019.979,3881287.936,-0.702200,0.120000,0.120000,2.7778,TRACKING
145.814422,129.087993166667,35.074310166667,508022.257,3881287.370,0.015,-2.682800,route_tangent,528,1.519,2.000,530,508019.979,3881287.936,-0.702200,0.120000,0.120000,2.7778,TRACKING
145.864322,129.087993166667,35.074310166667,508022.257,3881287.370,0.015,-2.682800,route_tangent,528,1.519,2.000,530,508019.979,3881287.936,-0.702200,0.120000,0.120000,2.7778,TRACKING
145.915034,129.087993166667,35.074310166667,508022.257,3881287.370,0.015,-2.682800,route_tangent,528,1.519,2.000,530,508019.979,3881287.936,-0.702200,0.120000,0.120000,2.7778,TRACKING
145.964395,129.087993166667,35.074310166667,508022.257,3881287.370,0.020,-2.682800,route_tangent,528,1.519,2.000,530,508019.979,3881287.936,-0.702200,0.120000,0.120000,2.7778,TRACKING
146.014475,129.087993166667,35.074310166667,508022.257,3881287.370,0.020,-2.682800,route_tangent,528,1.519,2.000,530,508019.979,3881287.936,-0.702200,0.120000,0.120000,2.7778,TRACKING
146.064347,129.087993166667,35.074310166667,508022.257,3881287.370,0.020,-2.682800,route_tangent,528,1.519,2.000,530,508019.979,3881287.936,-0.702200,0.120000,0.120000,2.7778,TRACKING
146.114481,129.087993166667,35.074310166667,508022.257,3881287.370,0.020,-2.682800,route_tangent,528,1.519,2.000,530,508019.979,3881287.936,-0.702200,0.120000,0.120000,2.7778,TRACKING
146.164512,129.087993166667,35.074310166667,508022.257,3881287.370,0.020,-2.682800,route_tangent,528,1.519,2.000,530,508019.979,3881287.936,-0.702200,0.120000,0.120000,2.7778,TRACKING
146.214414,129.087993166667,35.074310166667,508022.257,3881287.370,0.009,-2.682800,route_tangent,528,1.519,2.000,530,508019.979,3881287.936,-0.702200,0.120000,0.120000,2.7778,TRACKING
146.264304,129.087993166667,35.074310166667,508022.257,3881287.370,0.009,-2.682800,route_tangent,528,1.519,2.000,530,508019.979,3881287.936,-0.702200,0.120000,0.120000,2.7778,TRACKING
146.314652,129.087993166667,35.074310166667,508022.257,3881287.370,0.009,-2.682800,route_tangent,528,1.519,2.000,530,508019.979,3881287.936,-0.702200,0.120000,0.120000,2.7778,TRACKING
146.364484,129.087993166667,35.074310166667,508022.257,3881287.370,0.009,-2.682800,route_tangent,528,1.519,2.000,530,508019.979,3881287.936,-0.702200,0.120000,0.120000,2.7778,TRACKING
146.414473,129.087993166667,35.074310166667,508022.257,3881287.370,0.009,-2.682800,route_tangent,528,1.519,2.000,530,508019.979,3881287.936,-0.702200,0.120000,0.120000,2.7778,TRACKING
146.464868,129.087993166667,35.074310333333,508022.257,3881287.388,0.017,-2.682800,route_tangent,528,1.501,2.000,530,508019.979,3881287.936,-0.694546,0.120000,0.120000,2.7778,TRACKING
146.514434,129.087993166667,35.074310333333,508022.257,3881287.388,0.017,-2.682800,route_tangent,528,1.501,2.000,530,508019.979,3881287.936,-0.694546,0.120000,0.120000,2.7778,TRACKING
146.564449,129.087993166667,35.074310333333,508022.257,3881287.388,0.017,-2.682800,route_tangent,528,1.501,2.000,530,508019.979,3881287.936,-0.694546,0.120000,0.120000,2.7778,TRACKING
146.614409,129.087993166667,35.074310333333,508022.257,3881287.388,0.017,-2.682800,route_tangent,528,1.501,2.000,530,508019.979,3881287.936,-0.694546,0.120000,0.120000,2.7778,TRACKING
146.664593,129.087993166667,35.074310333333,508022.257,3881287.388,0.017,-2.682800,route_tangent,528,1.501,2.000,530,508019.979,3881287.936,-0.694546,0.120000,0.120000,2.7778,TRACKING
146.714302,129.087993166667,35.074310166667,508022.257,3881287.370,0.020,-2.682800,route_tangent,528,1.519,2.000,530,508019.979,3881287.936,-0.702200,0.120000,0.120000,2.7778,TRACKING
146.764393,129.087993166667,35.074310166667,508022.257,3881287.370,0.020,-2.682800,route_tangent,528,1.519,2.000,530,508019.979,3881287.936,-0.702200,0.120000,0.120000,2.7778,TRACKING
146.814527,129.087993166667,35.074310166667,508022.257,3881287.370,0.020,-2.682800,route_tangent,528,1.519,2.000,530,508019.979,3881287.936,-0.702200,0.120000,0.120000,2.7778,TRACKING
146.864495,129.087993166667,35.074310166667,508022.257,3881287.370,0.020,-2.682800,route_tangent,528,1.519,2.000,530,508019.979,3881287.936,-0.702200,0.120000,0.120000,2.7778,TRACKING
146.914593,129.087993166667,35.074310166667,508022.257,3881287.370,0.020,-2.682800,route_tangent,528,1.519,2.000,530,508019.979,3881287.936,-0.702200,0.120000,0.120000,2.7778,TRACKING
146.964283,129.087993166667,35.074310166667,508022.257,3881287.370,0.008,-2.682800,route_tangent,528,1.519,2.000,530,508019.979,3881287.936,-0.702200,0.120000,0.120000,2.7778,TRACKING
147.014370,129.087993166667,35.074310166667,508022.257,3881287.370,0.008,-2.682800,route_tangent,528,1.519,2.000,530,508019.979,3881287.936,-0.702200,0.120000,0.120000,2.7778,TRACKING
147.064436,129.087993166667,35.074310166667,508022.257,3881287.370,0.008,-2.682800,route_tangent,528,1.519,2.000,530,508019.979,3881287.936,-0.702200,0.120000,0.120000,2.7778,TRACKING
147.114454,129.087993166667,35.074310166667,508022.257,3881287.370,0.008,-2.682800,route_tangent,528,1.519,2.000,530,508019.979,3881287.936,-0.702200,0.120000,0.120000,2.7778,TRACKING
147.164422,129.087993166667,35.074310166667,508022.257,3881287.370,0.008,-2.682800,route_tangent,528,1.519,2.000,530,508019.979,3881287.936,-0.702200,0.120000,0.120000,2.7778,TRACKING
147.214444,129.087993166667,35.074310166667,508022.257,3881287.370,0.008,-2.682800,route_tangent,528,1.519,2.000,530,508019.979,3881287.936,-0.702200,0.120000,0.120000,2.7778,TRACKING
147.264325,129.087993166667,35.074310166667,508022.257,3881287.370,0.013,-2.682800,route_tangent,528,1.519,2.000,530,508019.979,3881287.936,-0.702200,0.120000,0.120000,2.7778,TRACKING
147.314423,129.087993166667,35.074310166667,508022.257,3881287.370,0.013,-2.682800,route_tangent,528,1.519,2.000,530,508019.979,3881287.936,-0.702200,0.120000,0.120000,2.7778,TRACKING
147.364330,129.087993166667,35.074310166667,508022.257,3881287.370,0.013,-2.682800,route_tangent,528,1.519,2.000,530,508019.979,3881287.936,-0.702200,0.120000,0.120000,2.7778,TRACKING
147.414438,129.087993166667,35.074310166667,508022.257,3881287.370,0.013,-2.682800,route_tangent,528,1.519,2.000,530,508019.979,3881287.936,-0.702200,0.120000,0.120000,2.7778,TRACKING
147.464325,129.087993166667,35.074310166667,508022.257,3881287.370,0.014,-2.682800,route_tangent,528,1.519,2.000,530,508019.979,3881287.936,-0.702200,0.120000,0.120000,2.7778,TRACKING
147.514455,129.087993166667,35.074310166667,508022.257,3881287.370,0.014,-2.682800,route_tangent,528,1.519,2.000,530,508019.979,3881287.936,-0.702200,0.120000,0.120000,2.7778,TRACKING
147.564453,129.087993166667,35.074310166667,508022.257,3881287.370,0.014,-2.682800,route_tangent,528,1.519,2.000,530,508019.979,3881287.936,-0.702200,0.120000,0.120000,2.7778,TRACKING
147.614451,129.087993166667,35.074310166667,508022.257,3881287.370,0.014,-2.682800,route_tangent,528,1.519,2.000,530,508019.979,3881287.936,-0.702200,0.120000,0.120000,2.7778,TRACKING
147.664502,129.087993166667,35.074310166667,508022.257,3881287.370,0.014,-2.682800,route_tangent,528,1.519,2.000,530,508019.979,3881287.936,-0.702200,0.120000,0.120000,2.7778,TRACKING
147.714328,129.087993166667,35.074310166667,508022.257,3881287.370,0.012,-2.682800,route_tangent,528,1.519,2.000,530,508019.979,3881287.936,-0.702200,0.120000,0.120000,2.7778,TRACKING
147.764423,129.087993166667,35.074310166667,508022.257,3881287.370,0.012,-2.682800,route_tangent,528,1.519,2.000,530,508019.979,3881287.936,-0.702200,0.120000,0.120000,2.7778,TRACKING
147.814427,129.087993166667,35.074310166667,508022.257,3881287.370,0.012,-2.682800,route_tangent,528,1.519,2.000,530,508019.979,3881287.936,-0.702200,0.120000,0.120000,2.7778,TRACKING
147.864321,129.087993166667,35.074310166667,508022.257,3881287.370,0.012,-2.682800,route_tangent,528,1.519,2.000,530,508019.979,3881287.936,-0.702200,0.120000,0.120000,2.7778,TRACKING
147.914493,129.087993166667,35.074310166667,508022.257,3881287.370,0.012,-2.682800,route_tangent,528,1.519,2.000,530,508019.979,3881287.936,-0.702200,0.120000,0.120000,2.7778,TRACKING
147.964336,129.087993000000,35.074310000000,508022.242,3881287.351,0.014,-2.682800,route_tangent,528,1.532,2.000,530,508019.979,3881287.936,-0.711445,0.120000,0.120000,2.7778,TRACKING
148.014385,129.087993000000,35.074310000000,508022.242,3881287.351,0.014,-2.682800,route_tangent,528,1.532,2.000,530,508019.979,3881287.936,-0.711445,0.120000,0.120000,2.7778,TRACKING
148.064409,129.087993000000,35.074310000000,508022.242,3881287.351,0.014,-2.682800,route_tangent,528,1.532,2.000,530,508019.979,3881287.936,-0.711445,0.120000,0.120000,2.7778,TRACKING
148.114343,129.087993000000,35.074310000000,508022.242,3881287.351,0.014,-2.682800,route_tangent,528,1.532,2.000,530,508019.979,3881287.936,-0.711445,0.120000,0.120000,2.7778,TRACKING
148.164345,129.087993000000,35.074310000000,508022.242,3881287.351,0.014,-2.682800,route_tangent,528,1.532,2.000,530,508019.979,3881287.936,-0.711445,0.120000,0.120000,2.7778,TRACKING
148.214742,129.087993166667,35.074310000000,508022.257,3881287.351,0.015,-2.682800,route_tangent,528,1.536,2.000,530,508019.979,3881287.936,-0.709825,0.120000,0.120000,2.7778,TRACKING
148.264350,129.087993166667,35.074310000000,508022.257,3881287.351,0.015,-2.682800,route_tangent,528,1.536,2.000,530,508019.979,3881287.936,-0.709825,0.120000,0.120000,2.7778,TRACKING
148.314346,129.087993166667,35.074310000000,508022.257,3881287.351,0.015,-2.682800,route_tangent,528,1.536,2.000,530,508019.979,3881287.936,-0.709825,0.120000,0.120000,2.7778,TRACKING
148.364364,129.087993166667,35.074310000000,508022.257,3881287.351,0.015,-2.682800,route_tangent,528,1.536,2.000,530,508019.979,3881287.936,-0.709825,0.120000,0.120000,2.7778,TRACKING
148.414517,129.087993166667,35.074310000000,508022.257,3881287.351,0.015,-2.682800,route_tangent,528,1.536,2.000,530,508019.979,3881287.936,-0.709825,0.120000,0.120000,2.7778,TRACKING
148.464360,129.087993166667,35.074310000000,508022.257,3881287.351,0.007,-2.682800,route_tangent,528,1.536,2.000,530,508019.979,3881287.936,-0.709825,0.120000,0.120000,2.7778,TRACKING
148.514339,129.087993166667,35.074310000000,508022.257,3881287.351,0.007,-2.682800,route_tangent,528,1.536,2.000,530,508019.979,3881287.936,-0.709825,0.120000,0.120000,2.7778,TRACKING
148.564515,129.087993166667,35.074310000000,508022.257,3881287.351,0.007,-2.682800,route_tangent,528,1.536,2.000,530,508019.979,3881287.936,-0.709825,0.120000,0.120000,2.7778,TRACKING
148.614364,129.087993166667,35.074310000000,508022.257,3881287.351,0.007,-2.682800,route_tangent,528,1.536,2.000,530,508019.979,3881287.936,-0.709825,0.120000,0.120000,2.7778,TRACKING
148.664523,129.087993166667,35.074310000000,508022.257,3881287.351,0.007,-2.682800,route_tangent,528,1.536,2.000,530,508019.979,3881287.936,-0.709825,0.120000,0.120000,2.7778,TRACKING
148.714347,129.087993166667,35.074310000000,508022.257,3881287.351,0.005,-2.682800,route_tangent,528,1.536,2.000,530,508019.979,3881287.936,-0.709825,0.120000,0.120000,2.7778,TRACKING
148.764374,129.087993166667,35.074310000000,508022.257,3881287.351,0.005,-2.682800,route_tangent,528,1.536,2.000,530,508019.979,3881287.936,-0.709825,0.120000,0.120000,2.7778,TRACKING
148.814408,129.087993166667,35.074310000000,508022.257,3881287.351,0.005,-2.682800,route_tangent,528,1.536,2.000,530,508019.979,3881287.936,-0.709825,0.120000,0.120000,2.7778,TRACKING
148.864330,129.087993166667,35.074310000000,508022.257,3881287.351,0.005,-2.682800,route_tangent,528,1.536,2.000,530,508019.979,3881287.936,-0.709825,0.120000,0.120000,2.7778,TRACKING
148.914584,129.087993166667,35.074310000000,508022.257,3881287.351,0.005,-2.682800,route_tangent,528,1.536,2.000,530,508019.979,3881287.936,-0.709825,0.120000,0.120000,2.7778,TRACKING
148.964326,129.087993000000,35.074310000000,508022.242,3881287.351,0.006,-2.682800,route_tangent,528,1.532,2.000,530,508019.979,3881287.936,-0.711445,0.120000,0.120000,2.7778,TRACKING
149.014398,129.087993000000,35.074310000000,508022.242,3881287.351,0.006,-2.682800,route_tangent,528,1.532,2.000,530,508019.979,3881287.936,-0.711445,0.120000,0.120000,2.7778,TRACKING
149.064327,129.087993000000,35.074310000000,508022.242,3881287.351,0.006,-2.682800,route_tangent,528,1.532,2.000,530,508019.979,3881287.936,-0.711445,0.120000,0.120000,2.7778,TRACKING
149.114439,129.087993000000,35.074310000000,508022.242,3881287.351,0.006,-2.682800,route_tangent,528,1.532,2.000,530,508019.979,3881287.936,-0.711445,0.120000,0.120000,2.7778,TRACKING
149.164528,129.087993000000,35.074310000000,508022.242,3881287.351,0.006,-2.682800,route_tangent,528,1.532,2.000,530,508019.979,3881287.936,-0.711445,0.120000,0.120000,2.7778,TRACKING
149.214342,129.087993000000,35.074310000000,508022.242,3881287.351,0.006,-2.682800,route_tangent,528,1.532,2.000,530,508019.979,3881287.936,-0.711445,0.120000,0.120000,2.7778,TRACKING
149.264338,129.087993166667,35.074310000000,508022.257,3881287.351,0.004,-2.682800,route_tangent,528,1.536,2.000,530,508019.979,3881287.936,-0.709825,0.120000,0.120000,2.7778,TRACKING
149.314504,129.087993166667,35.074310000000,508022.257,3881287.351,0.004,-2.682800,route_tangent,528,1.536,2.000,530,508019.979,3881287.936,-0.709825,0.120000,0.120000,2.7778,TRACKING
149.364467,129.087993166667,35.074310000000,508022.257,3881287.351,0.004,-2.682800,route_tangent,528,1.536,2.000,530,508019.979,3881287.936,-0.709825,0.120000,0.120000,2.7778,TRACKING
149.414341,129.087993166667,35.074310000000,508022.257,3881287.351,0.004,-2.682800,route_tangent,528,1.536,2.000,530,508019.979,3881287.936,-0.709825,0.120000,0.120000,2.7778,TRACKING
149.464340,129.087993000000,35.074310166667,508022.242,3881287.370,0.006,-2.682800,route_tangent,528,1.514,2.000,530,508019.979,3881287.936,-0.703775,0.120000,0.120000,2.7778,TRACKING
149.514356,129.087993000000,35.074310166667,508022.242,3881287.370,0.006,-2.682800,route_tangent,528,1.514,2.000,530,508019.979,3881287.936,-0.703775,0.120000,0.120000,2.7778,TRACKING
149.564346,129.087993000000,35.074310166667,508022.242,3881287.370,0.006,-2.682800,route_tangent,528,1.514,2.000,530,508019.979,3881287.936,-0.703775,0.120000,0.120000,2.7778,TRACKING
149.614360,129.087993000000,35.074310166667,508022.242,3881287.370,0.006,-2.682800,route_tangent,528,1.514,2.000,530,508019.979,3881287.936,-0.703775,0.120000,0.120000,2.7778,TRACKING
149.664553,129.087993000000,35.074310166667,508022.242,3881287.370,0.006,-2.682800,route_tangent,528,1.514,2.000,530,508019.979,3881287.936,-0.703775,0.120000,0.120000,2.7778,TRACKING
149.714382,129.087993166667,35.074310000000,508022.257,3881287.351,0.006,-2.682800,route_tangent,528,1.536,2.000,530,508019.979,3881287.936,-0.709825,0.120000,0.120000,2.7778,TRACKING
149.765071,129.087993166667,35.074310000000,508022.257,3881287.351,0.006,-2.682800,route_tangent,528,1.536,2.000,530,508019.979,3881287.936,-0.709825,0.120000,0.120000,2.7778,TRACKING
149.814380,129.087993166667,35.074310000000,508022.257,3881287.351,0.006,-2.682800,route_tangent,528,1.536,2.000,530,508019.979,3881287.936,-0.709825,0.120000,0.120000,2.7778,TRACKING
149.864375,129.087993166667,35.074310000000,508022.257,3881287.351,0.006,-2.682800,route_tangent,528,1.536,2.000,530,508019.979,3881287.936,-0.709825,0.120000,0.120000,2.7778,TRACKING
149.914328,129.087993166667,35.074310000000,508022.257,3881287.351,0.006,-2.682800,route_tangent,528,1.536,2.000,530,508019.979,3881287.936,-0.709825,0.120000,0.120000,2.7778,TRACKING
149.964371,129.087993166667,35.074310000000,508022.257,3881287.351,0.010,-2.682800,route_tangent,528,1.536,2.000,530,508019.979,3881287.936,-0.709825,0.120000,0.120000,2.7778,TRACKING
150.014552,129.087993166667,35.074310000000,508022.257,3881287.351,0.010,-2.682800,route_tangent,528,1.536,2.000,530,508019.979,3881287.936,-0.709825,0.120000,0.120000,2.7778,TRACKING
150.064357,129.087993166667,35.074310000000,508022.257,3881287.351,0.010,-2.682800,route_tangent,528,1.536,2.000,530,508019.979,3881287.936,-0.709825,0.120000,0.120000,2.7778,TRACKING
150.114322,129.087993166667,35.074310000000,508022.257,3881287.351,0.010,-2.682800,route_tangent,528,1.536,2.000,530,508019.979,3881287.936,-0.709825,0.120000,0.120000,2.7778,TRACKING
150.164334,129.087993166667,35.074310000000,508022.257,3881287.351,0.010,-2.682800,route_tangent,528,1.536,2.000,530,508019.979,3881287.936,-0.709825,0.120000,0.120000,2.7778,TRACKING
150.214324,129.087993166667,35.074310000000,508022.257,3881287.351,0.010,-2.682800,route_tangent,528,1.536,2.000,530,508019.979,3881287.936,-0.709825,0.120000,0.120000,2.7778,TRACKING
150.264557,129.087993166667,35.074310000000,508022.257,3881287.351,0.010,-2.682800,route_tangent,528,1.536,2.000,530,508019.979,3881287.936,-0.709825,0.120000,0.120000,2.7778,TRACKING
150.314526,129.087993166667,35.074310000000,508022.257,3881287.351,0.010,-2.682800,route_tangent,528,1.536,2.000,530,508019.979,3881287.936,-0.709825,0.120000,0.120000,2.7778,TRACKING
150.364520,129.087993166667,35.074310000000,508022.257,3881287.351,0.010,-2.682800,route_tangent,528,1.536,2.000,530,508019.979,3881287.936,-0.709825,0.120000,0.120000,2.7778,TRACKING
150.414563,129.087993166667,35.074310000000,508022.257,3881287.351,0.010,-2.682800,route_tangent,528,1.536,2.000,530,508019.979,3881287.936,-0.709825,0.120000,0.120000,2.7778,TRACKING
150.464341,129.087993166667,35.074310166667,508022.257,3881287.370,0.010,-2.682800,route_tangent,528,1.519,2.000,530,508019.979,3881287.936,-0.702200,0.120000,0.120000,2.7778,TRACKING
150.514361,129.087993166667,35.074310166667,508022.257,3881287.370,0.010,-2.682800,route_tangent,528,1.519,2.000,530,508019.979,3881287.936,-0.702200,0.120000,0.120000,2.7778,TRACKING
150.564499,129.087993166667,35.074310166667,508022.257,3881287.370,0.010,-2.682800,route_tangent,528,1.519,2.000,530,508019.979,3881287.936,-0.702200,0.120000,0.120000,2.7778,TRACKING
150.614396,129.087993166667,35.074310166667,508022.257,3881287.370,0.010,-2.682800,route_tangent,528,1.519,2.000,530,508019.979,3881287.936,-0.702200,0.120000,0.120000,2.7778,TRACKING
150.664602,129.087993166667,35.074310166667,508022.257,3881287.370,0.010,-2.682800,route_tangent,528,1.519,2.000,530,508019.979,3881287.936,-0.702200,0.120000,0.120000,2.7778,TRACKING
150.714390,129.087993166667,35.074310166667,508022.257,3881287.370,0.010,-2.682800,route_tangent,528,1.519,2.000,530,508019.979,3881287.936,-0.702200,0.120000,0.120000,2.7778,TRACKING
150.764496,129.087993166667,35.074310166667,508022.257,3881287.370,0.010,-2.682800,route_tangent,528,1.519,2.000,530,508019.979,3881287.936,-0.702200,0.120000,0.120000,2.7778,TRACKING
150.814434,129.087993166667,35.074310166667,508022.257,3881287.370,0.010,-2.682800,route_tangent,528,1.519,2.000,530,508019.979,3881287.936,-0.702200,0.120000,0.120000,2.7778,TRACKING
150.864500,129.087993166667,35.074310166667,508022.257,3881287.370,0.010,-2.682800,route_tangent,528,1.519,2.000,530,508019.979,3881287.936,-0.702200,0.120000,0.120000,2.7778,TRACKING
150.914438,129.087993166667,35.074310166667,508022.257,3881287.370,0.010,-2.682800,route_tangent,528,1.519,2.000,530,508019.979,3881287.936,-0.702200,0.120000,0.120000,2.7778,TRACKING
150.964436,129.087993166667,35.074310166667,508022.257,3881287.370,0.010,-2.682800,route_tangent,528,1.519,2.000,530,508019.979,3881287.936,-0.702200,0.120000,0.120000,2.7778,TRACKING
151.014332,129.087993166667,35.074310333333,508022.257,3881287.388,0.030,-2.682800,route_tangent,528,1.501,2.000,530,508019.979,3881287.936,-0.694546,0.120000,0.120000,2.7778,TRACKING
151.064550,129.087993166667,35.074310333333,508022.257,3881287.388,0.030,-2.682800,route_tangent,528,1.501,2.000,530,508019.979,3881287.936,-0.694546,0.120000,0.120000,2.7778,TRACKING
151.114444,129.087993166667,35.074310333333,508022.257,3881287.388,0.030,-2.682800,route_tangent,528,1.501,2.000,530,508019.979,3881287.936,-0.694546,0.120000,0.120000,2.7778,TRACKING
151.164389,129.087993166667,35.074310333333,508022.257,3881287.388,0.030,-2.682800,route_tangent,528,1.501,2.000,530,508019.979,3881287.936,-0.694546,0.120000,0.120000,2.7778,TRACKING
151.214560,129.087993166667,35.074310333333,508022.257,3881287.388,0.030,-2.682800,route_tangent,528,1.501,2.000,530,508019.979,3881287.936,-0.694546,0.120000,0.120000,2.7778,TRACKING
151.264497,129.087993166667,35.074310333333,508022.257,3881287.388,0.030,-2.682800,route_tangent,528,1.501,2.000,530,508019.979,3881287.936,-0.694546,0.120000,0.120000,2.7778,TRACKING
151.314433,129.087993166667,35.074310333333,508022.257,3881287.388,0.030,-2.682800,route_tangent,528,1.501,2.000,530,508019.979,3881287.936,-0.694546,0.120000,0.120000,2.7778,TRACKING
151.364545,129.087993166667,35.074310333333,508022.257,3881287.388,0.030,-2.682800,route_tangent,528,1.501,2.000,530,508019.979,3881287.936,-0.694546,0.120000,0.120000,2.7778,TRACKING
151.414467,129.087993166667,35.074310333333,508022.257,3881287.388,0.030,-2.682800,route_tangent,528,1.501,2.000,530,508019.979,3881287.936,-0.694546,0.120000,0.120000,2.7778,TRACKING
151.464409,129.087993166667,35.074310333333,508022.257,3881287.388,0.030,-2.682800,route_tangent,528,1.501,2.000,530,508019.979,3881287.936,-0.694546,0.120000,0.120000,2.7778,TRACKING
151.515776,129.087993166667,35.074310333333,508022.257,3881287.388,0.030,-2.682800,route_tangent,528,1.501,2.000,530,508019.979,3881287.936,-0.694546,0.120000,0.120000,2.7778,TRACKING
151.564588,129.087993166667,35.074310333333,508022.257,3881287.388,0.030,-2.682800,route_tangent,528,1.501,2.000,530,508019.979,3881287.936,-0.694546,0.120000,0.120000,2.7778,TRACKING
151.614459,129.087993166667,35.074310333333,508022.257,3881287.388,0.030,-2.682800,route_tangent,528,1.501,2.000,530,508019.979,3881287.936,-0.694546,0.120000,0.120000,2.7778,TRACKING
151.664495,129.087993166667,35.074310333333,508022.257,3881287.388,0.030,-2.682800,route_tangent,528,1.501,2.000,530,508019.979,3881287.936,-0.694546,0.120000,0.120000,2.7778,TRACKING
151.714361,129.087993166667,35.074310333333,508022.257,3881287.388,0.030,-2.682800,route_tangent,528,1.501,2.000,530,508019.979,3881287.936,-0.694546,0.120000,0.120000,2.7778,TRACKING
151.764532,129.087993166667,35.074310333333,508022.257,3881287.388,0.030,-2.682800,route_tangent,528,1.501,2.000,530,508019.979,3881287.936,-0.694546,0.120000,0.120000,2.7778,TRACKING
151.814535,129.087993166667,35.074310333333,508022.257,3881287.388,0.030,-2.682800,route_tangent,528,1.501,2.000,530,508019.979,3881287.936,-0.694546,0.120000,0.120000,2.7778,TRACKING
151.864512,129.087993166667,35.074310333333,508022.257,3881287.388,0.030,-2.682800,route_tangent,528,1.501,2.000,530,508019.979,3881287.936,-0.694546,0.120000,0.120000,2.7778,TRACKING
151.914457,129.087993166667,35.074310333333,508022.257,3881287.388,0.030,-2.682800,route_tangent,528,1.501,2.000,530,508019.979,3881287.936,-0.694546,0.120000,0.120000,2.7778,TRACKING
151.964619,129.087993166667,35.074310333333,508022.257,3881287.388,0.030,-2.682800,route_tangent,528,1.501,2.000,530,508019.979,3881287.936,-0.694546,0.120000,0.120000,2.7778,TRACKING
152.014332,129.087993166667,35.074310333333,508022.257,3881287.388,0.030,-2.682800,route_tangent,528,1.501,2.000,530,508019.979,3881287.936,-0.694546,0.120000,0.120000,2.7778,TRACKING
152.064570,129.087993166667,35.074310333333,508022.257,3881287.388,0.030,-2.682800,route_tangent,528,1.501,2.000,530,508019.979,3881287.936,-0.694546,0.120000,0.120000,2.7778,TRACKING
152.114339,129.087993166667,35.074310333333,508022.257,3881287.388,0.030,-2.682800,route_tangent,528,1.501,2.000,530,508019.979,3881287.936,-0.694546,0.120000,0.120000,2.7778,TRACKING
152.164351,129.087993166667,35.074310333333,508022.257,3881287.388,0.030,-2.682800,route_tangent,528,1.501,2.000,530,508019.979,3881287.936,-0.694546,0.120000,0.120000,2.7778,TRACKING
152.214664,129.087993166667,35.074310333333,508022.257,3881287.388,0.030,-2.682800,route_tangent,528,1.501,2.000,530,508019.979,3881287.936,-0.694546,0.120000,0.120000,2.7778,TRACKING
152.264323,129.087993166667,35.074310333333,508022.257,3881287.388,0.030,-2.682800,route_tangent,528,1.501,2.000,530,508019.979,3881287.936,-0.694546,0.120000,0.120000,2.7778,TRACKING
152.314429,129.087993166667,35.074310333333,508022.257,3881287.388,0.030,-2.682800,route_tangent,528,1.501,2.000,530,508019.979,3881287.936,-0.694546,0.120000,0.120000,2.7778,TRACKING
152.364321,129.087993166667,35.074310333333,508022.257,3881287.388,0.030,-2.682800,route_tangent,528,1.501,2.000,530,508019.979,3881287.936,-0.694546,0.120000,0.120000,2.7778,TRACKING
152.414437,129.087993166667,35.074310333333,508022.257,3881287.388,0.030,-2.682800,route_tangent,528,1.501,2.000,530,508019.979,3881287.936,-0.694546,0.120000,0.120000,2.7778,TRACKING
152.464321,129.087993166667,35.074310333333,508022.257,3881287.388,0.007,-2.682800,route_tangent,528,1.501,2.000,530,508019.979,3881287.936,-0.694546,0.120000,0.120000,2.7778,TRACKING
152.514483,129.087993166667,35.074310333333,508022.257,3881287.388,0.007,-2.682800,route_tangent,528,1.501,2.000,530,508019.979,3881287.936,-0.694546,0.120000,0.120000,2.7778,TRACKING
152.564360,129.087993166667,35.074310333333,508022.257,3881287.388,0.007,-2.682800,route_tangent,528,1.501,2.000,530,508019.979,3881287.936,-0.694546,0.120000,0.120000,2.7778,TRACKING
152.614478,129.087993166667,35.074310333333,508022.257,3881287.388,0.007,-2.682800,route_tangent,528,1.501,2.000,530,508019.979,3881287.936,-0.694546,0.120000,0.120000,2.7778,TRACKING
152.664388,129.087993166667,35.074310333333,508022.257,3881287.388,0.007,-2.682800,route_tangent,528,1.501,2.000,530,508019.979,3881287.936,-0.694546,0.120000,0.120000,2.7778,TRACKING
152.714379,129.087993166667,35.074310333333,508022.257,3881287.388,0.004,-2.682800,route_tangent,528,1.501,2.000,530,508019.979,3881287.936,-0.694546,0.120000,0.120000,2.7778,TRACKING
152.764372,129.087993166667,35.074310333333,508022.257,3881287.388,0.004,-2.682800,route_tangent,528,1.501,2.000,530,508019.979,3881287.936,-0.694546,0.120000,0.120000,2.7778,TRACKING
152.814493,129.087993166667,35.074310333333,508022.257,3881287.388,0.004,-2.682800,route_tangent,528,1.501,2.000,530,508019.979,3881287.936,-0.694546,0.120000,0.120000,2.7778,TRACKING
152.864329,129.087993166667,35.074310333333,508022.257,3881287.388,0.004,-2.682800,route_tangent,528,1.501,2.000,530,508019.979,3881287.936,-0.694546,0.120000,0.120000,2.7778,TRACKING
152.914477,129.087993166667,35.074310333333,508022.257,3881287.388,0.004,-2.682800,route_tangent,528,1.501,2.000,530,508019.979,3881287.936,-0.694546,0.120000,0.120000,2.7778,TRACKING
152.964347,129.087993166667,35.074310333333,508022.257,3881287.388,0.004,-2.682800,route_tangent,528,1.501,2.000,530,508019.979,3881287.936,-0.694546,0.120000,0.120000,2.7778,TRACKING
153.014486,129.087993166667,35.074310333333,508022.257,3881287.388,0.004,-2.682800,route_tangent,528,1.501,2.000,530,508019.979,3881287.936,-0.694546,0.120000,0.120000,2.7778,TRACKING
153.064343,129.087993166667,35.074310333333,508022.257,3881287.388,0.004,-2.682800,route_tangent,528,1.501,2.000,530,508019.979,3881287.936,-0.694546,0.120000,0.120000,2.7778,TRACKING
153.114351,129.087993166667,35.074310333333,508022.257,3881287.388,0.004,-2.682800,route_tangent,528,1.501,2.000,530,508019.979,3881287.936,-0.694546,0.120000,0.120000,2.7778,TRACKING
153.164505,129.087993166667,35.074310333333,508022.257,3881287.388,0.004,-2.682800,route_tangent,528,1.501,2.000,530,508019.979,3881287.936,-0.694546,0.120000,0.120000,2.7778,TRACKING
153.214528,129.087993166667,35.074310333333,508022.257,3881287.388,0.004,-2.682800,route_tangent,528,1.501,2.000,530,508019.979,3881287.936,-0.694546,0.120000,0.120000,2.7778,TRACKING
153.264310,129.087993166667,35.074310166667,508022.257,3881287.370,0.001,-2.682800,route_tangent,528,1.519,2.000,530,508019.979,3881287.936,-0.702200,0.120000,0.120000,2.7778,TRACKING
153.314796,129.087993166667,35.074310166667,508022.257,3881287.370,0.001,-2.682800,route_tangent,528,1.519,2.000,530,508019.979,3881287.936,-0.702200,0.120000,0.120000,2.7778,TRACKING
153.364375,129.087993166667,35.074310166667,508022.257,3881287.370,0.001,-2.682800,route_tangent,528,1.519,2.000,530,508019.979,3881287.936,-0.702200,0.120000,0.120000,2.7778,TRACKING
153.414359,129.087993166667,35.074310166667,508022.257,3881287.370,0.001,-2.682800,route_tangent,528,1.519,2.000,530,508019.979,3881287.936,-0.702200,0.120000,0.120000,2.7778,TRACKING
153.465249,129.087993000000,35.074310166667,508022.242,3881287.370,0.012,-2.682800,route_tangent,528,1.514,2.000,530,508019.979,3881287.936,-0.703775,0.120000,0.120000,2.7778,TRACKING
153.514485,129.087993000000,35.074310166667,508022.242,3881287.370,0.012,-2.682800,route_tangent,528,1.514,2.000,530,508019.979,3881287.936,-0.703775,0.120000,0.120000,2.7778,TRACKING
153.564528,129.087993000000,35.074310166667,508022.242,3881287.370,0.012,-2.682800,route_tangent,528,1.514,2.000,530,508019.979,3881287.936,-0.703775,0.120000,0.120000,2.7778,TRACKING
153.614469,129.087993000000,35.074310166667,508022.242,3881287.370,0.012,-2.682800,route_tangent,528,1.514,2.000,530,508019.979,3881287.936,-0.703775,0.120000,0.120000,2.7778,TRACKING
153.664467,129.087993000000,35.074310166667,508022.242,3881287.370,0.012,-2.682800,route_tangent,528,1.514,2.000,530,508019.979,3881287.936,-0.703775,0.120000,0.120000,2.7778,TRACKING
153.714391,129.087993000000,35.074310166667,508022.242,3881287.370,0.025,-2.682800,route_tangent,528,1.514,2.000,530,508019.979,3881287.936,-0.703775,0.120000,0.120000,2.7778,TRACKING
153.764597,129.087993000000,35.074310166667,508022.242,3881287.370,0.025,-2.682800,route_tangent,528,1.514,2.000,530,508019.979,3881287.936,-0.703775,0.120000,0.120000,2.7778,TRACKING
153.814458,129.087993000000,35.074310166667,508022.242,3881287.370,0.025,-2.682800,route_tangent,528,1.514,2.000,530,508019.979,3881287.936,-0.703775,0.120000,0.120000,2.7778,TRACKING
153.864415,129.087993000000,35.074310166667,508022.242,3881287.370,0.025,-2.682800,route_tangent,528,1.514,2.000,530,508019.979,3881287.936,-0.703775,0.120000,0.120000,2.7778,TRACKING
153.914431,129.087993000000,35.074310166667,508022.242,3881287.370,0.025,-2.682800,route_tangent,528,1.514,2.000,530,508019.979,3881287.936,-0.703775,0.120000,0.120000,2.7778,TRACKING
153.965063,129.087993000000,35.074310166667,508022.242,3881287.370,0.013,-2.682800,route_tangent,528,1.514,2.000,530,508019.979,3881287.936,-0.703775,0.120000,0.120000,2.7778,TRACKING
154.014306,129.087993000000,35.074310166667,508022.242,3881287.370,0.013,-2.682800,route_tangent,528,1.514,2.000,530,508019.979,3881287.936,-0.703775,0.120000,0.120000,2.7778,TRACKING
154.064571,129.087993000000,35.074310166667,508022.242,3881287.370,0.013,-2.682800,route_tangent,528,1.514,2.000,530,508019.979,3881287.936,-0.703775,0.120000,0.120000,2.7778,TRACKING
