elapsed_sec,longitude,latitude,utm_easting_m,utm_northing_m,speed_mps,heading_rad,heading_source,waypoint_index,route_error_m,lookahead_m,target_index,target_easting_m,target_northing_m,alpha_rad,raw_steering_rad,filtered_steering_rad,command_speed_mps,wheel_speed_mps,speed_error_mps,state
0.481457,129.088767500000,35.074510833333,508092.833,3881309.686,0.000,-2.639812,route_tangent,0,0.082,2.000,2,508090.813,3881308.594,-0.006071,0.000000,0.000000,1.0000,0.000,0.000,TRACKING|w0 d0 L0
0.531472,129.088767500000,35.074510833333,508092.833,3881309.686,0.000,-2.639812,route_tangent,0,0.082,2.000,2,508090.813,3881308.594,-0.006071,0.000000,0.000000,1.0000,0.000,0.000,TRACKING|w0 d0 L0
0.581418,129.088767500000,35.074510833333,508092.833,3881309.686,0.000,-2.639812,route_tangent,0,0.082,2.000,2,508090.813,3881308.594,-0.006071,0.000000,0.000000,1.0000,0.000,0.000,TRACKING|w0 d0 L0
0.631533,129.088767500000,35.074510833333,508092.833,3881309.686,0.000,-2.639812,route_tangent,0,0.082,2.000,2,508090.813,3881308.594,-0.006071,0.000000,0.000000,1.0000,0.000,0.000,TRACKING|w0 d0 L0
0.681447,129.088767500000,35.074510833333,508092.833,3881309.686,0.000,-2.639812,route_tangent,0,0.082,2.000,2,508090.813,3881308.594,-0.006071,0.000000,0.000000,1.0000,0.000,0.000,TRACKING|w0 d0 L0
1.003861,129.088767500000,35.074510833333,508092.833,3881309.686,0.000,-2.639812,route_tangent,0,0.082,2.000,2,508090.813,3881308.594,-0.006071,0.000000,0.000000,1.0000,0.000,0.000,TRACKING|w0 d0 L0
1.031447,129.088767500000,35.074510833333,508092.833,3881309.686,0.016,-2.639812,route_tangent,0,0.082,2.000,2,508090.813,3881308.594,-0.006071,0.000000,0.000000,1.0000,0.019,-0.003,TRACKING|w0 d0 L0
1.081394,129.088767500000,35.074510833333,508092.833,3881309.686,0.016,-2.639812,route_tangent,0,0.082,2.000,2,508090.813,3881308.594,-0.006071,0.000000,0.000000,1.0000,0.019,-0.003,TRACKING|w0 d0 L0
1.131498,129.088767500000,35.074510833333,508092.833,3881309.686,0.016,-2.639812,route_tangent,0,0.082,2.000,2,508090.813,3881308.594,-0.006071,0.000000,0.000000,1.0000,0.000,0.016,TRACKING|w0 d0 L0
1.181420,129.088767500000,35.074510833333,508092.833,3881309.686,0.016,-2.639812,route_tangent,0,0.082,2.000,2,508090.813,3881308.594,-0.006071,0.000000,0.000000,1.0000,0.000,0.016,TRACKING|w0 d0 L0
1.231423,129.088767500000,35.074510833333,508092.833,3881309.686,0.009,-2.639812,route_tangent,0,0.082,2.000,2,508090.813,3881308.594,-0.006071,0.000000,0.000000,1.0000,0.000,0.009,TRACKING|w0 d0 L0
1.281350,129.088767500000,35.074510833333,508092.833,3881309.686,0.009,-2.639812,route_tangent,0,0.082,2.000,2,508090.813,3881308.594,-0.006071,0.000000,0.000000,1.0000,0.000,0.009,TRACKING|w0 d0 L0
1.331446,129.088767500000,35.074510833333,508092.833,3881309.686,0.009,-2.639812,route_tangent,0,0.082,2.000,2,508090.813,3881308.594,-0.006071,0.000000,0.000000,1.0000,0.000,0.009,TRACKING|w0 d0 L0
1.381451,129.088767500000,35.074510833333,508092.833,3881309.686,0.009,-2.639812,route_tangent,0,0.082,2.000,2,508090.813,3881308.594,-0.006071,0.000000,0.000000,1.0000,0.000,0.009,TRACKING|w0 d0 L0
1.431428,129.088767500000,35.074510833333,508092.833,3881309.686,0.009,-2.639812,route_tangent,0,0.082,2.000,2,508090.813,3881308.594,-0.006071,0.000000,0.000000,1.0000,0.000,0.009,TRACKING|w0 d0 L0
1.481405,129.088767500000,35.074510833333,508092.833,3881309.686,0.013,-2.639812,route_tangent,0,0.082,2.000,2,508090.813,3881308.594,-0.006071,0.000000,0.000000,1.0000,0.000,0.013,TRACKING|w0 d0 L0
1.531475,129.088767500000,35.074510833333,508092.833,3881309.686,0.013,-2.639812,route_tangent,0,0.082,2.000,2,508090.813,3881308.594,-0.006071,0.000000,0.000000,1.0000,0.000,0.013,TRACKING|w0 d0 L0
1.581381,129.088767500000,35.074510833333,508092.833,3881309.686,0.013,-2.639812,route_tangent,0,0.082,2.000,2,508090.813,3881308.594,-0.006071,0.000000,0.000000,1.0000,0.000,0.013,TRACKING|w0 d0 L0
1.631499,129.088767500000,35.074510833333,508092.833,3881309.686,0.013,-2.639812,route_tangent,0,0.082,2.000,2,508090.813,3881308.594,-0.006071,0.000000,0.000000,1.0000,0.000,0.013,TRACKING|w0 d0 L0
1.681497,129.088767500000,35.074510833333,508092.833,3881309.686,0.013,-2.639812,route_tangent,0,0.082,2.000,2,508090.813,3881308.594,-0.006071,0.000000,0.000000,1.0000,0.000,0.013,TRACKING|w0 d0 L0
1.731510,129.088767500000,35.074510833333,508092.833,3881309.686,0.021,-2.639812,route_tangent,0,0.082,2.000,2,508090.813,3881308.594,-0.006071,0.000000,0.000000,1.0000,0.000,0.021,TRACKING|w0 d0 L0
1.781364,129.088767500000,35.074510833333,508092.833,3881309.686,0.021,-2.639812,route_tangent,0,0.082,2.000,2,508090.813,3881308.594,-0.006071,0.000000,0.000000,1.0000,0.000,0.021,TRACKING|w0 d0 L0
1.832247,129.088767500000,35.074510833333,508092.833,3881309.686,0.021,-2.639812,route_tangent,0,0.082,2.000,2,508090.813,3881308.594,-0.006071,0.000000,0.000000,1.0000,0.000,0.021,TRACKING|w0 d0 L0
1.881718,129.088767500000,35.074510833333,508092.833,3881309.686,0.021,-2.639812,route_tangent,0,0.082,2.000,2,508090.813,3881308.594,-0.006071,0.000000,0.000000,1.0000,0.000,0.021,TRACKING|w0 d0 L0
1.932165,129.088767500000,35.074510833333,508092.833,3881309.686,0.021,-2.639812,route_tangent,0,0.082,2.000,2,508090.813,3881308.594,-0.006071,0.000000,0.000000,1.0000,0.000,0.021,TRACKING|w0 d0 L0
1.981500,129.088767500000,35.074510833333,508092.833,3881309.686,0.007,-2.639812,route_tangent,0,0.082,2.000,2,508090.813,3881308.594,-0.006071,0.000000,0.000000,1.0000,0.000,0.007,TRACKING|w0 d0 L0
2.031362,129.088767500000,35.074510833333,508092.833,3881309.686,0.007,-2.639812,route_tangent,0,0.082,2.000,2,508090.813,3881308.594,-0.006071,0.000000,0.000000,1.0000,0.000,0.007,TRACKING|w0 d0 L0
2.081394,129.088767500000,35.074510833333,508092.833,3881309.686,0.007,-2.639812,route_tangent,0,0.082,2.000,2,508090.813,3881308.594,-0.006071,0.000000,0.000000,1.0000,0.000,0.007,TRACKING|w0 d0 L0
2.131379,129.088767500000,35.074510833333,508092.833,3881309.686,0.007,-2.639812,route_tangent,0,0.082,2.000,2,508090.813,3881308.594,-0.006071,0.000000,0.000000,1.0000,0.000,0.007,TRACKING|w0 d0 L0
2.181440,129.088767500000,35.074510833333,508092.833,3881309.686,0.007,-2.639812,route_tangent,0,0.082,2.000,2,508090.813,3881308.594,-0.006071,0.000000,0.000000,1.0000,0.000,0.007,TRACKING|w0 d0 L0
2.231407,129.088767500000,35.074510833333,508092.833,3881309.686,0.015,-2.639812,route_tangent,0,0.082,2.000,2,508090.813,3881308.594,-0.006071,0.000000,0.000000,1.0000,0.000,0.015,TRACKING|w0 d0 L0
2.281390,129.088767500000,35.074510833333,508092.833,3881309.686,0.015,-2.639812,route_tangent,0,0.082,2.000,2,508090.813,3881308.594,-0.006071,0.000000,0.000000,1.0000,0.000,0.015,TRACKING|w0 d0 L0
2.331391,129.088767500000,35.074510833333,508092.833,3881309.686,0.015,-2.639812,route_tangent,0,0.082,2.000,2,508090.813,3881308.594,-0.006071,0.000000,0.000000,1.0000,0.000,0.015,TRACKING|w0 d0 L0
2.381387,129.088767500000,35.074510833333,508092.833,3881309.686,0.015,-2.639812,route_tangent,0,0.082,2.000,2,508090.813,3881308.594,-0.006071,0.000000,0.000000,1.0000,0.000,0.015,TRACKING|w0 d0 L0
2.431433,129.088767500000,35.074510833333,508092.833,3881309.686,0.015,-2.639812,route_tangent,0,0.082,2.000,2,508090.813,3881308.594,-0.006071,0.000000,0.000000,1.0000,0.000,0.015,TRACKING|w0 d0 L0
2.481394,129.088767500000,35.074510833333,508092.833,3881309.686,0.021,-2.639812,route_tangent,0,0.082,2.000,2,508090.813,3881308.594,-0.006071,0.000000,0.000000,1.0000,0.000,0.021,TRACKING|w0 d0 L0
2.531379,129.088767500000,35.074510833333,508092.833,3881309.686,0.021,-2.639812,route_tangent,0,0.082,2.000,2,508090.813,3881308.594,-0.006071,0.000000,0.000000,1.0000,0.000,0.021,TRACKING|w0 d0 L0
2.581429,129.088767500000,35.074510833333,508092.833,3881309.686,0.021,-2.639812,route_tangent,0,0.082,2.000,2,508090.813,3881308.594,-0.006071,0.000000,0.000000,1.0000,0.000,0.021,TRACKING|w0 d0 L0
2.631466,129.088767500000,35.074510833333,508092.833,3881309.686,0.021,-2.639812,route_tangent,0,0.082,2.000,2,508090.813,3881308.594,-0.006071,0.000000,0.000000,1.0000,0.000,0.021,TRACKING|w0 d0 L0
2.681454,129.088767500000,35.074510833333,508092.833,3881309.686,0.021,-2.639812,route_tangent,0,0.082,2.000,2,508090.813,3881308.594,-0.006071,0.000000,0.000000,1.0000,0.000,0.021,TRACKING|w0 d0 L0
2.731475,129.088767500000,35.074510833333,508092.833,3881309.686,0.008,-2.639812,route_tangent,0,0.082,2.000,2,508090.813,3881308.594,-0.006071,0.000000,0.000000,1.0000,0.000,0.008,TRACKING|w0 d0 L0
2.781980,129.088767500000,35.074510833333,508092.833,3881309.686,0.008,-2.639812,route_tangent,0,0.082,2.000,2,508090.813,3881308.594,-0.006071,0.000000,0.000000,1.0000,0.000,0.008,TRACKING|w0 d0 L0
2.831519,129.088767500000,35.074510833333,508092.833,3881309.686,0.008,-2.639812,route_tangent,0,0.082,2.000,2,508090.813,3881308.594,-0.006071,0.000000,0.000000,1.0000,0.000,0.008,TRACKING|w0 d0 L0
2.881681,129.088767500000,35.074510833333,508092.833,3881309.686,0.008,-2.639812,route_tangent,0,0.082,2.000,2,508090.813,3881308.594,-0.006071,0.000000,0.000000,1.0000,0.000,0.008,TRACKING|w0 d0 L0
2.931472,129.088767500000,35.074510833333,508092.833,3881309.686,0.008,-2.639812,route_tangent,0,0.082,2.000,2,508090.813,3881308.594,-0.006071,0.000000,0.000000,1.0000,0.000,0.008,TRACKING|w0 d0 L0
2.981431,129.088767500000,35.074510833333,508092.833,3881309.686,0.014,-2.639812,route_tangent,0,0.082,2.000,2,508090.813,3881308.594,-0.006071,0.000000,0.000000,1.0000,0.000,0.014,TRACKING|w0 d0 L0
3.031467,129.088767500000,35.074510833333,508092.833,3881309.686,0.014,-2.639812,route_tangent,0,0.082,2.000,2,508090.813,3881308.594,-0.006071,0.000000,0.000000,1.0000,0.000,0.014,TRACKING|w0 d0 L0
3.081556,129.088767500000,35.074510833333,508092.833,3881309.686,0.014,-2.639812,route_tangent,0,0.082,2.000,2,508090.813,3881308.594,-0.006071,0.000000,0.000000,1.0000,0.000,0.014,TRACKING|w0 d0 L0
3.131432,129.088767500000,35.074510833333,508092.833,3881309.686,0.014,-2.639812,route_tangent,0,0.082,2.000,2,508090.813,3881308.594,-0.006071,0.000000,0.000000,1.0000,0.000,0.014,TRACKING|w0 d0 L0
3.181671,129.088767500000,35.074510833333,508092.833,3881309.686,0.014,-2.639812,route_tangent,0,0.082,2.000,2,508090.813,3881308.594,-0.006071,0.000000,0.000000,1.0000,0.000,0.014,TRACKING|w0 d0 L0
3.231427,129.088767500000,35.074510833333,508092.833,3881309.686,0.004,-2.639812,route_tangent,0,0.082,2.000,2,508090.813,3881308.594,-0.006071,0.000000,0.000000,1.0000,0.000,0.004,TRACKING|w0 d0 L0
3.281438,129.088767500000,35.074510833333,508092.833,3881309.686,0.004,-2.639812,route_tangent,0,0.082,2.000,2,508090.813,3881308.594,-0.006071,0.000000,0.000000,1.0000,0.000,0.004,TRACKING|w0 d0 L0
3.331486,129.088767500000,35.074510833333,508092.833,3881309.686,0.004,-2.639812,route_tangent,0,0.082,2.000,2,508090.813,3881308.594,-0.006071,0.000000,0.000000,1.0000,0.000,0.004,TRACKING|w0 d0 L0
3.381426,129.088767500000,35.074510833333,508092.833,3881309.686,0.004,-2.639812,route_tangent,0,0.082,2.000,2,508090.813,3881308.594,-0.006071,0.000000,0.000000,1.0000,0.000,0.004,TRACKING|w0 d0 L0
3.431428,129.088767500000,35.074510833333,508092.833,3881309.686,0.004,-2.639812,route_tangent,0,0.082,2.000,2,508090.813,3881308.594,-0.006071,0.000000,0.000000,1.0000,0.000,0.004,TRACKING|w0 d0 L0
3.481425,129.088767500000,35.074510833333,508092.833,3881309.686,0.004,-2.639812,route_tangent,0,0.082,2.000,2,508090.813,3881308.594,-0.006071,0.000000,0.000000,1.0000,0.000,0.004,TRACKING|w0 d0 L0
3.531512,129.088767500000,35.074510833333,508092.833,3881309.686,0.004,-2.639812,route_tangent,0,0.082,2.000,2,508090.813,3881308.594,-0.006071,0.000000,0.000000,1.0000,0.000,0.004,TRACKING|w0 d0 L0
3.581456,129.088767500000,35.074510833333,508092.833,3881309.686,0.004,-2.639812,route_tangent,0,0.082,2.000,2,508090.813,3881308.594,-0.006071,0.000000,0.000000,1.0000,0.000,0.004,TRACKING|w0 d0 L0
3.631437,129.088767500000,35.074510833333,508092.833,3881309.686,0.004,-2.639812,route_tangent,0,0.082,2.000,2,508090.813,3881308.594,-0.006071,0.000000,0.000000,1.0000,0.000,0.004,TRACKING|w0 d0 L0
3.681469,129.088767500000,35.074510833333,508092.833,3881309.686,0.004,-2.639812,route_tangent,0,0.082,2.000,2,508090.813,3881308.594,-0.006071,0.000000,0.000000,1.0000,0.000,0.004,TRACKING|w0 d0 L0
3.731438,129.088767500000,35.074510833333,508092.833,3881309.686,0.013,-2.639812,route_tangent,0,0.082,2.000,2,508090.813,3881308.594,-0.006071,0.000000,0.000000,1.0000,0.000,0.013,TRACKING|w0 d0 L0
3.781431,129.088767500000,35.074510833333,508092.833,3881309.686,0.013,-2.639812,route_tangent,0,0.082,2.000,2,508090.813,3881308.594,-0.006071,0.000000,0.000000,1.0000,0.000,0.013,TRACKING|w0 d0 L0
3.831446,129.088767500000,35.074510833333,508092.833,3881309.686,0.013,-2.639812,route_tangent,0,0.082,2.000,2,508090.813,3881308.594,-0.006071,0.000000,0.000000,1.0000,0.000,0.013,TRACKING|w0 d0 L0
3.881488,129.088767500000,35.074510833333,508092.833,3881309.686,0.013,-2.639812,route_tangent,0,0.082,2.000,2,508090.813,3881308.594,-0.006071,0.000000,0.000000,1.0000,0.000,0.013,TRACKING|w0 d0 L0
3.931426,129.088767500000,35.074510833333,508092.833,3881309.686,0.013,-2.639812,route_tangent,0,0.082,2.000,2,508090.813,3881308.594,-0.006071,0.000000,0.000000,1.0000,0.000,0.013,TRACKING|w0 d0 L0
3.981488,129.088767500000,35.074510833333,508092.833,3881309.686,0.010,-2.639812,route_tangent,0,0.082,2.000,2,508090.813,3881308.594,-0.006071,0.000000,0.000000,1.0000,0.000,0.010,TRACKING|w0 d0 L0
4.031412,129.088767500000,35.074510833333,508092.833,3881309.686,0.010,-2.639812,route_tangent,0,0.082,2.000,2,508090.813,3881308.594,-0.006071,0.000000,0.000000,1.0000,0.000,0.010,TRACKING|w0 d0 L0
4.081454,129.088767500000,35.074510833333,508092.833,3881309.686,0.010,-2.639812,route_tangent,0,0.082,2.000,2,508090.813,3881308.594,-0.006071,0.000000,0.000000,1.0000,0.000,0.010,TRACKING|w0 d0 L0
4.131428,129.088767500000,35.074510833333,508092.833,3881309.686,0.010,-2.639812,route_tangent,0,0.082,2.000,2,508090.813,3881308.594,-0.006071,0.000000,0.000000,1.0000,0.000,0.010,TRACKING|w0 d0 L0
4.181398,129.088767500000,35.074510833333,508092.833,3881309.686,0.010,-2.639812,route_tangent,0,0.082,2.000,2,508090.813,3881308.594,-0.006071,0.000000,0.000000,1.0000,0.000,0.010,TRACKING|w0 d0 L0
4.231979,129.088767500000,35.074510833333,508092.833,3881309.686,0.007,-2.639812,route_tangent,0,0.082,2.000,2,508090.813,3881308.594,-0.006071,0.000000,0.000000,1.0000,0.000,0.007,TRACKING|w0 d0 L0
4.281407,129.088767500000,35.074510833333,508092.833,3881309.686,0.007,-2.639812,route_tangent,0,0.082,2.000,2,508090.813,3881308.594,-0.006071,0.000000,0.000000,1.0000,0.000,0.007,TRACKING|w0 d0 L0
4.331430,129.088767500000,35.074510833333,508092.833,3881309.686,0.007,-2.639812,route_tangent,0,0.082,2.000,2,508090.813,3881308.594,-0.006071,0.000000,0.000000,1.0000,0.000,0.007,TRACKING|w0 d0 L0
4.381444,129.088767500000,35.074510833333,508092.833,3881309.686,0.007,-2.639812,route_tangent,0,0.082,2.000,2,508090.813,3881308.594,-0.006071,0.000000,0.000000,1.0000,0.000,0.007,TRACKING|w0 d0 L0
4.431442,129.088767500000,35.074510833333,508092.833,3881309.686,0.007,-2.639812,route_tangent,0,0.082,2.000,2,508090.813,3881308.594,-0.006071,0.000000,0.000000,1.0000,0.000,0.007,TRACKING|w0 d0 L0
4.481463,129.088767500000,35.074510833333,508092.833,3881309.686,0.016,-2.639812,route_tangent,0,0.082,2.000,2,508090.813,3881308.594,-0.006071,0.000000,0.000000,1.0000,0.000,0.016,TRACKING|w0 d0 L0
4.531597,129.088767500000,35.074510833333,508092.833,3881309.686,0.016,-2.639812,route_tangent,0,0.082,2.000,2,508090.813,3881308.594,-0.006071,0.000000,0.000000,1.0000,0.000,0.016,TRACKING|w0 d0 L0
4.581506,129.088767500000,35.074510833333,508092.833,3881309.686,0.016,-2.639812,route_tangent,0,0.082,2.000,2,508090.813,3881308.594,-0.006071,0.000000,0.000000,1.0000,0.000,0.016,TRACKING|w0 d0 L0
4.631590,129.088767500000,35.074510833333,508092.833,3881309.686,0.016,-2.639812,route_tangent,0,0.082,2.000,2,508090.813,3881308.594,-0.006071,0.000000,0.000000,1.0000,0.000,0.016,TRACKING|w0 d0 L0
4.681464,129.088767500000,35.074510833333,508092.833,3881309.686,0.016,-2.639812,route_tangent,0,0.082,2.000,2,508090.813,3881308.594,-0.006071,0.000000,0.000000,1.0000,0.000,0.016,TRACKING|w0 d0 L0
4.731466,129.088767500000,35.074510833333,508092.833,3881309.686,0.017,-2.639812,route_tangent,0,0.082,2.000,2,508090.813,3881308.594,-0.006071,0.000000,0.000000,1.0000,0.000,0.017,TRACKING|w0 d0 L0
4.781762,129.088767500000,35.074510833333,508092.833,3881309.686,0.017,-2.639812,route_tangent,0,0.082,2.000,2,508090.813,3881308.594,-0.006071,0.000000,0.000000,1.0000,0.000,0.017,TRACKING|w0 d0 L0
4.831447,129.088767500000,35.074510833333,508092.833,3881309.686,0.017,-2.639812,route_tangent,0,0.082,2.000,2,508090.813,3881308.594,-0.006071,0.000000,0.000000,1.0000,0.000,0.017,TRACKING|w0 d0 L0
4.881605,129.088767500000,35.074510833333,508092.833,3881309.686,0.017,-2.639812,route_tangent,0,0.082,2.000,2,508090.813,3881308.594,-0.006071,0.000000,0.000000,1.0000,0.000,0.017,TRACKING|w0 d0 L0
4.931434,129.088767500000,35.074510833333,508092.833,3881309.686,0.017,-2.639812,route_tangent,0,0.082,2.000,2,508090.813,3881308.594,-0.006071,0.000000,0.000000,1.0000,0.000,0.017,TRACKING|w0 d0 L0
4.981487,129.088767500000,35.074510833333,508092.833,3881309.686,0.024,-2.639812,route_tangent,0,0.082,2.000,2,508090.813,3881308.594,-0.006071,0.000000,0.000000,1.0000,0.000,0.024,TRACKING|w0 d0 L0
5.031544,129.088767500000,35.074510833333,508092.833,3881309.686,0.024,-2.639812,route_tangent,0,0.082,2.000,2,508090.813,3881308.594,-0.006071,0.000000,0.000000,1.0000,0.000,0.024,TRACKING|w0 d0 L0
5.081436,129.088767500000,35.074510833333,508092.833,3881309.686,0.024,-2.639812,route_tangent,0,0.082,2.000,2,508090.813,3881308.594,-0.006071,0.000000,0.000000,1.0000,0.000,0.024,TRACKING|w0 d0 L0
5.131455,129.088767500000,35.074510833333,508092.833,3881309.686,0.024,-2.639812,route_tangent,0,0.082,2.000,2,508090.813,3881308.594,-0.006071,0.000000,0.000000,1.0000,0.000,0.024,TRACKING|w0 d0 L0
5.181688,129.088767500000,35.074510833333,508092.833,3881309.686,0.024,-2.639812,route_tangent,0,0.082,2.000,2,508090.813,3881308.594,-0.006071,0.000000,0.000000,1.0000,0.000,0.024,TRACKING|w0 d0 L0
5.231458,129.088767500000,35.074510833333,508092.833,3881309.686,0.022,-2.639812,route_tangent,0,0.082,2.000,2,508090.813,3881308.594,-0.006071,0.000000,0.000000,1.0000,0.000,0.022,TRACKING|w0 d0 L0
5.281509,129.088767500000,35.074510833333,508092.833,3881309.686,0.022,-2.639812,route_tangent,0,0.082,2.000,2,508090.813,3881308.594,-0.006071,0.000000,0.000000,1.0000,0.000,0.022,TRACKING|w0 d0 L0
5.331583,129.088767500000,35.074510833333,508092.833,3881309.686,0.022,-2.639812,route_tangent,0,0.082,2.000,2,508090.813,3881308.594,-0.006071,0.000000,0.000000,1.0000,0.000,0.022,TRACKING|w0 d0 L0
5.381476,129.088767500000,35.074510833333,508092.833,3881309.686,0.022,-2.639812,route_tangent,0,0.082,2.000,2,508090.813,3881308.594,-0.006071,0.000000,0.000000,1.0000,0.000,0.022,TRACKING|w0 d0 L0
5.431539,129.088767500000,35.074510833333,508092.833,3881309.686,0.022,-2.639812,route_tangent,0,0.082,2.000,2,508090.813,3881308.594,-0.006071,0.000000,0.000000,1.0000,0.000,0.022,TRACKING|w0 d0 L0
5.481565,129.088767500000,35.074510833333,508092.833,3881309.686,0.005,-2.639812,route_tangent,0,0.082,2.000,2,508090.813,3881308.594,-0.006071,0.000000,0.000000,1.0000,0.000,0.005,TRACKING|w0 d0 L0
5.532190,129.088767500000,35.074510833333,508092.833,3881309.686,0.005,-2.639812,route_tangent,0,0.082,2.000,2,508090.813,3881308.594,-0.006071,0.000000,0.000000,1.0000,0.000,0.005,TRACKING|w0 d0 L0
5.581498,129.088767500000,35.074510833333,508092.833,3881309.686,0.005,-2.639812,route_tangent,0,0.082,2.000,2,508090.813,3881308.594,-0.006071,0.000000,0.000000,1.0000,0.000,0.005,TRACKING|w0 d0 L0
5.631408,129.088767500000,35.074510833333,508092.833,3881309.686,0.005,-2.639812,route_tangent,0,0.082,2.000,2,508090.813,3881308.594,-0.006071,0.000000,0.000000,1.0000,0.000,0.005,TRACKING|w0 d0 L0
5.681968,129.088767500000,35.074510833333,508092.833,3881309.686,0.005,-2.639812,route_tangent,0,0.082,2.000,2,508090.813,3881308.594,-0.006071,0.000000,0.000000,1.0000,0.000,0.005,TRACKING|w0 d0 L0
5.731396,129.088767500000,35.074510833333,508092.833,3881309.686,0.009,-2.639812,route_tangent,0,0.082,2.000,2,508090.813,3881308.594,-0.006071,0.000000,0.000000,1.0000,0.000,0.009,TRACKING|w0 d0 L0
5.781452,129.088767500000,35.074510833333,508092.833,3881309.686,0.009,-2.639812,route_tangent,0,0.082,2.000,2,508090.813,3881308.594,-0.006071,0.000000,0.000000,1.0000,0.000,0.009,TRACKING|w0 d0 L0
5.831610,129.088767500000,35.074510833333,508092.833,3881309.686,0.009,-2.639812,route_tangent,0,0.082,2.000,2,508090.813,3881308.594,-0.006071,0.000000,0.000000,1.0000,0.000,0.009,TRACKING|w0 d0 L0
5.881595,129.088767500000,35.074510833333,508092.833,3881309.686,0.009,-2.639812,route_tangent,0,0.082,2.000,2,508090.813,3881308.594,-0.006071,0.000000,0.000000,1.0000,0.000,0.009,TRACKING|w0 d0 L0
5.931399,129.088767500000,35.074510833333,508092.833,3881309.686,0.009,-2.639812,route_tangent,0,0.082,2.000,2,508090.813,3881308.594,-0.006071,0.000000,0.000000,1.0000,0.000,0.009,TRACKING|w0 d0 L0
5.981480,129.088767500000,35.074510833333,508092.833,3881309.686,0.008,-2.639812,route_tangent,0,0.082,2.000,2,508090.813,3881308.594,-0.006071,0.000000,0.000000,1.0000,0.000,0.008,TRACKING|w0 d0 L0
6.031504,129.088767500000,35.074510833333,508092.833,3881309.686,0.008,-2.639812,route_tangent,0,0.082,2.000,2,508090.813,3881308.594,-0.006071,0.000000,0.000000,1.0000,0.000,0.008,TRACKING|w0 d0 L0
6.081429,129.088767500000,35.074510833333,508092.833,3881309.686,0.008,-2.639812,route_tangent,0,0.082,2.000,2,508090.813,3881308.594,-0.006071,0.000000,0.000000,1.0000,0.000,0.008,TRACKING|w0 d0 L0
6.131428,129.088767500000,35.074510833333,508092.833,3881309.686,0.008,-2.639812,route_tangent,0,0.082,2.000,2,508090.813,3881308.594,-0.006071,0.000000,0.000000,1.0000,0.000,0.008,TRACKING|w0 d0 L0
6.181462,129.088767500000,35.074510833333,508092.833,3881309.686,0.008,-2.639812,route_tangent,0,0.082,2.000,2,508090.813,3881308.594,-0.006071,0.000000,0.000000,1.0000,0.000,0.008,TRACKING|w0 d0 L0
6.231428,129.088767500000,35.074510833333,508092.833,3881309.686,0.002,-2.639812,route_tangent,0,0.082,2.000,2,508090.813,3881308.594,-0.006071,0.000000,0.000000,1.0000,0.000,0.002,TRACKING|w0 d0 L0
6.281407,129.088767500000,35.074510833333,508092.833,3881309.686,0.002,-2.639812,route_tangent,0,0.082,2.000,2,508090.813,3881308.594,-0.006071,0.000000,0.000000,1.0000,0.000,0.002,TRACKING|w0 d0 L0
6.331483,129.088767500000,35.074510833333,508092.833,3881309.686,0.002,-2.639812,route_tangent,0,0.082,2.000,2,508090.813,3881308.594,-0.006071,0.000000,0.000000,1.0000,0.000,0.002,TRACKING|w0 d0 L0
6.381488,129.088767500000,35.074510833333,508092.833,3881309.686,0.002,-2.639812,route_tangent,0,0.082,2.000,2,508090.813,3881308.594,-0.006071,0.000000,0.000000,1.0000,0.000,0.002,TRACKING|w0 d0 L0
6.431436,129.088767500000,35.074510833333,508092.833,3881309.686,0.002,-2.639812,route_tangent,0,0.082,2.000,2,508090.813,3881308.594,-0.006071,0.000000,0.000000,1.0000,0.000,0.002,TRACKING|w0 d0 L0
6.481440,129.088767500000,35.074510833333,508092.833,3881309.686,0.011,-2.639812,route_tangent,0,0.082,2.000,2,508090.813,3881308.594,-0.006071,0.000000,0.000000,1.0000,0.000,0.011,TRACKING|w0 d0 L0
6.531454,129.088767500000,35.074510833333,508092.833,3881309.686,0.011,-2.639812,route_tangent,0,0.082,2.000,2,508090.813,3881308.594,-0.006071,0.000000,0.000000,1.0000,0.000,0.011,TRACKING|w0 d0 L0
6.581482,129.088767500000,35.074510833333,508092.833,3881309.686,0.011,-2.639812,route_tangent,0,0.082,2.000,2,508090.813,3881308.594,-0.006071,0.000000,0.000000,1.0000,0.000,0.011,TRACKING|w0 d0 L0
6.631427,129.088767500000,35.074510833333,508092.833,3881309.686,0.011,-2.639812,route_tangent,0,0.082,2.000,2,508090.813,3881308.594,-0.006071,0.000000,0.000000,1.0000,0.056,-0.044,TRACKING|w0 d0 L0
6.681430,129.088767500000,35.074510833333,508092.833,3881309.686,0.011,-2.639812,route_tangent,0,0.082,2.000,2,508090.813,3881308.594,-0.006071,0.000000,0.000000,1.0000,0.056,-0.044,TRACKING|w0 d0 L0
6.731422,129.088767500000,35.074510833333,508092.833,3881309.686,0.011,-2.639812,route_tangent,0,0.082,2.000,2,508090.813,3881308.594,-0.006071,0.000000,0.000000,1.0000,0.056,-0.044,TRACKING|w0 d0 L0
6.781466,129.088767500000,35.074510833333,508092.833,3881309.686,0.011,-2.639812,route_tangent,0,0.082,2.000,2,508090.813,3881308.594,-0.006071,0.000000,0.000000,1.0000,0.056,-0.044,TRACKING|w0 d0 L0
6.831425,129.088767500000,35.074510833333,508092.833,3881309.686,0.011,-2.639812,route_tangent,0,0.082,2.000,2,508090.813,3881308.594,-0.006071,0.000000,0.000000,1.0000,0.039,-0.028,TRACKING|w0 d0 L0
6.881419,129.088767500000,35.074510833333,508092.833,3881309.686,0.011,-2.639812,route_tangent,0,0.082,2.000,2,508090.813,3881308.594,-0.006071,0.000000,0.000000,1.0000,0.039,-0.028,TRACKING|w0 d0 L0
6.931424,129.088767500000,35.074510833333,508092.833,3881309.686,0.011,-2.639812,route_tangent,0,0.082,2.000,2,508090.813,3881308.594,-0.006071,0.000000,0.000000,1.0000,0.039,-0.028,TRACKING|w0 d0 L0
6.981530,129.088767500000,35.074510833333,508092.833,3881309.686,0.022,-2.639812,route_tangent,0,0.082,2.000,2,508090.813,3881308.594,-0.006071,0.000000,0.000000,1.0000,0.039,-0.017,TRACKING|w0 d0 L0
7.031417,129.088767500000,35.074510833333,508092.833,3881309.686,0.022,-2.639812,route_tangent,0,0.082,2.000,2,508090.813,3881308.594,-0.006071,0.000000,0.000000,1.0000,0.039,-0.017,TRACKING|w0 d0 L0
7.081476,129.088767500000,35.074510833333,508092.833,3881309.686,0.022,-2.639812,route_tangent,0,0.082,2.000,2,508090.813,3881308.594,-0.006071,0.000000,0.000000,1.0000,0.039,-0.017,TRACKING|w0 d0 L0
7.131556,129.088767500000,35.074510833333,508092.833,3881309.686,0.022,-2.639812,route_tangent,0,0.082,2.000,2,508090.813,3881308.594,-0.006071,0.000000,0.000000,1.0000,0.056,-0.034,TRACKING|w0 d0 L0
7.181520,129.088767500000,35.074510833333,508092.833,3881309.686,0.022,-2.639812,route_tangent,0,0.082,2.000,2,508090.813,3881308.594,-0.006071,0.000000,0.000000,1.0000,0.056,-0.034,TRACKING|w0 d0 L0
7.231857,129.088767333333,35.074510666667,508092.818,3881309.667,0.060,-2.639812,route_tangent,0,0.059,2.000,2,508090.813,3881308.594,-0.010051,0.000000,0.000000,1.0000,0.056,0.005,TRACKING|w0 d0 L0
7.281456,129.088767333333,35.074510666667,508092.818,3881309.667,0.060,-2.639812,route_tangent,0,0.059,2.000,2,508090.813,3881308.594,-0.010051,0.000000,0.000000,1.0000,0.056,0.005,TRACKING|w0 d0 L0
7.331565,129.088767333333,35.074510666667,508092.818,3881309.667,0.060,-2.639812,route_tangent,0,0.059,2.000,2,508090.813,3881308.594,-0.010051,0.000000,0.000000,1.0000,0.056,0.005,TRACKING|w0 d0 L0
7.381497,129.088767333333,35.074510666667,508092.818,3881309.667,0.060,-2.639812,route_tangent,0,0.059,2.000,2,508090.813,3881308.594,-0.010051,0.000000,0.000000,1.0000,0.056,0.005,TRACKING|w0 d0 L0
7.431745,129.088767333333,35.074510666667,508092.818,3881309.667,0.060,-2.639812,route_tangent,0,0.059,2.000,2,508090.813,3881308.594,-0.010051,0.000000,0.000000,1.0000,0.094,-0.034,TRACKING|w0 d0 L0
7.481604,129.088767000000,35.074510666667,508092.787,3881309.667,0.116,1.570796,gps_course,0,0.040,2.000,2,508090.813,3881308.594,2.068900,-0.260000,-0.029915,1.0000,0.094,0.022,TRACKING|w0 d0 L0
7.531441,129.088767000000,35.074510666667,508092.787,3881309.667,0.116,1.570796,gps_course,0,0.040,2.000,2,508090.813,3881308.594,2.068900,-0.260000,-0.059818,1.0000,0.094,0.022,TRACKING|w0 d0 L0
7.581406,129.088767000000,35.074510666667,508092.787,3881309.667,0.116,1.570796,gps_course,0,0.040,2.000,2,508090.813,3881308.594,2.068900,-0.260000,-0.089797,1.0000,0.094,0.022,TRACKING|w0 d0 L0
7.631449,129.088767000000,35.074510666667,508092.787,3881309.667,0.116,1.570796,gps_course,0,0.040,2.000,2,508090.813,3881308.594,2.068900,-0.260000,-0.119822,1.0000,0.133,-0.017,TRACKING|w0 d0 L0
7.682166,129.088767000000,35.074510666667,508092.787,3881309.667,0.116,1.570796,gps_course,0,0.040,2.000,2,508090.813,3881308.594,2.068900,-0.260000,-0.150253,1.0000,0.133,-0.017,TRACKING|w0 d0 L0
7.731887,129.088766500000,35.074510500000,508092.742,3881309.649,0.174,1.570796,gps_course,0,0.036,2.000,2,508090.813,3881308.594,2.071401,-0.260000,-0.180085,1.0000,0.133,0.041,TRACKING|w0 d0 L0
7.782011,129.088766500000,35.074510500000,508092.742,3881309.649,0.174,1.570796,gps_course,0,0.036,2.000,2,508090.813,3881308.594,2.071401,-0.260000,-0.210160,1.0000,0.133,0.041,TRACKING|w0 d0 L0
7.831418,129.088766500000,35.074510500000,508092.742,3881309.649,0.174,1.570796,gps_course,0,0.036,2.000,2,508090.813,3881308.594,2.071401,-0.260000,-0.230096,1.0000,0.169,0.004,TRACKING|w0 d0 L0
7.881431,129.088766500000,35.074510500000,508092.742,3881309.649,0.174,1.570796,gps_course,0,0.036,2.000,2,508090.813,3881308.594,2.071401,-0.260000,-0.242057,1.0000,0.169,0.004,TRACKING|w0 d0 L0
7.931425,129.088766500000,35.074510500000,508092.742,3881309.649,0.174,1.570796,gps_course,0,0.036,2.000,2,508090.813,3881308.594,2.071401,-0.260000,-0.249234,1.0000,0.169,0.004,TRACKING|w0 d0 L0
7.981443,129.088766000000,35.074510333333,508092.696,3881309.630,0.205,1.810031,gps_course,0,0.076,2.000,2,508090.813,3881308.594,1.834781,-0.260000,-0.253541,1.0000,0.169,0.036,TRACKING|w0 d0 L0
8.031529,129.088766000000,35.074510333333,508092.696,3881309.630,0.205,1.810031,gps_course,0,0.076,2.000,2,508090.813,3881308.594,1.834781,-0.260000,-0.256124,1.0000,0.244,-0.039,TRACKING|w0 d0 L0
8.081577,129.088766000000,35.074510333333,508092.696,3881309.630,0.205,1.810031,gps_course,0,0.076,2.000,2,508090.813,3881308.594,1.834781,-0.260000,-0.257675,1.0000,0.244,-0.039,TRACKING|w0 d0 L0
8.131415,129.088766000000,35.074510333333,508092.696,3881309.630,0.205,1.810031,gps_course,0,0.076,2.000,2,508090.813,3881308.594,1.834781,-0.260000,-0.258605,1.0000,0.244,-0.039,TRACKING|w0 d0 L0
8.181439,129.088766000000,35.074510333333,508092.696,3881309.630,0.205,1.810031,gps_course,0,0.076,2.000,2,508090.813,3881308.594,1.834781,-0.260000,-0.259163,1.0000,0.244,-0.039,TRACKING|w0 d0 L0
8.231443,129.088765500000,35.074510000000,508092.650,3881309.593,0.237,2.058942,gps_course,0,0.127,2.000,2,508090.813,3881308.594,1.580874,-0.260000,-0.259498,1.0000,0.244,-0.007,TRACKING|w0 d0 L0
8.281512,129.088765500000,35.074510000000,508092.650,3881309.593,0.237,2.058942,gps_course,0,0.127,2.000,2,508090.813,3881308.594,1.580874,-0.260000,-0.259699,1.0000,0.244,-0.007,TRACKING|w0 d0 L0
8.331573,129.088765500000,35.074510000000,508092.650,3881309.593,0.237,2.058942,gps_course,0,0.127,2.000,2,508090.813,3881308.594,1.580874,-0.260000,-0.259819,1.0000,0.244,-0.007,TRACKING|w0 d0 L0
8.381549,129.088765500000,35.074510000000,508092.650,3881309.593,0.237,2.058942,gps_course,0,0.127,2.000,2,508090.813,3881308.594,1.580874,-0.260000,-0.259892,1.0000,0.244,-0.007,TRACKING|w0 d0 L0
8.431453,129.088765500000,35.074510000000,508092.650,3881309.593,0.237,2.058942,gps_course,0,0.127,2.000,2,508090.813,3881308.594,1.580874,-0.260000,-0.259935,1.0000,0.228,0.010,TRACKING|w0 d0 L0
8.481439,129.088765000000,35.074509833333,508092.605,3881309.575,0.208,2.327010,gps_course,0,0.176,2.000,2,508090.813,3881308.594,1.315499,-0.260000,-0.259961,1.0000,0.228,-0.019,TRACKING|w0 d0 L0
8.531420,129.088765000000,35.074509833333,508092.605,3881309.575,0.208,2.327010,gps_course,0,0.176,2.000,2,508090.813,3881308.594,1.315499,-0.260000,-0.259977,1.0000,0.228,-0.019,TRACKING|w0 d0 L0
8.581448,129.088765000000,35.074509833333,508092.605,3881309.575,0.208,2.327010,gps_course,0,0.176,2.000,2,508090.813,3881308.594,1.315499,-0.260000,-0.259986,1.0000,0.228,-0.019,TRACKING|w0 d0 L0
8.631483,129.088765000000,35.074509833333,508092.605,3881309.575,0.208,2.327010,gps_course,0,0.176,2.000,2,508090.813,3881308.594,1.315499,-0.260000,-0.259992,1.0000,0.244,-0.036,TRACKING|w0 d0 L0
8.681502,129.088765000000,35.074509833333,508092.605,3881309.575,0.208,2.327010,gps_course,0,0.176,2.000,2,508090.813,3881308.594,1.315499,-0.260000,-0.259995,1.0000,0.244,-0.036,TRACKING|w0 d0 L0
8.731726,129.088764333333,35.074509666667,508092.544,3881309.556,0.241,2.561865,gps_course,0,0.240,2.000,3,508089.810,3881308.094,1.071003,-0.260000,-0.259997,1.0000,0.244,-0.003,TRACKING|w0 d0 L0
8.781652,129.088764333333,35.074509666667,508092.544,3881309.556,0.241,2.561865,gps_course,0,0.240,2.000,3,508089.810,3881308.094,1.071003,-0.260000,-0.259998,1.0000,0.244,-0.003,TRACKING|w0 d0 L0
8.831664,129.088764333333,35.074509666667,508092.544,3881309.556,0.241,2.561865,gps_course,0,0.240,2.000,3,508089.810,3881308.094,1.071003,-0.260000,-0.259999,1.0000,0.283,-0.042,TRACKING|w0 d0 L0
8.881766,129.088764333333,35.074509666667,508092.544,3881309.556,0.241,2.561865,gps_course,0,0.240,2.000,3,508089.810,3881308.094,1.071003,-0.260000,-0.259999,1.0000,0.283,-0.042,TRACKING|w0 d0 L0
8.931558,129.088764333333,35.074509666667,508092.544,3881309.556,0.241,2.561865,gps_course,0,0.240,2.000,3,508089.810,3881308.094,1.071003,-0.260000,-0.260000,1.0000,0.283,-0.042,TRACKING|w0 d0 L0
8.982145,129.088763500000,35.074509333333,508092.468,3881309.519,0.316,2.812269,gps_course,0,0.324,2.000,3,508089.810,3881308.094,0.821651,-0.260000,-0.260000,1.0000,0.283,0.032,TRACKING|w0 d0 L0
9.031553,129.088763500000,35.074509333333,508092.468,3881309.519,0.316,2.812269,gps_course,0,0.324,2.000,3,508089.810,3881308.094,0.821651,-0.260000,-0.260000,1.0000,0.303,0.013,TRACKING|w0 d0 L0
9.081390,129.088763500000,35.074509333333,508092.468,3881309.519,0.316,2.812269,gps_course,0,0.324,2.000,3,508089.810,3881308.094,0.821651,-0.260000,-0.260000,1.0000,0.303,0.013,TRACKING|w0 d0 L0
9.131413,129.088763500000,35.074509333333,508092.468,3881309.519,0.316,2.812269,gps_course,0,0.324,2.000,3,508089.810,3881308.094,0.821651,-0.260000,-0.260000,1.0000,0.303,0.013,TRACKING|w0 d0 L0
9.181533,129.088763500000,35.074509333333,508092.468,3881309.519,0.316,2.812269,gps_course,0,0.324,2.000,3,508089.810,3881308.094,0.821651,-0.260000,-0.260000,1.0000,0.303,0.013,TRACKING|w0 d0 L0
9.231560,129.088762833333,35.074508833333,508092.407,3881309.464,0.330,3.060164,gps_course,0,0.401,2.000,3,508089.810,3881308.094,0.566875,-0.259213,-0.259685,1.0000,0.339,-0.009,TRACKING|w0 d0 L0
9.281572,129.088762833333,35.074508833333,508092.407,3881309.464,0.330,3.060164,gps_course,0,0.401,2.000,3,508089.810,3881308.094,0.566875,-0.259213,-0.259496,1.0000,0.339,-0.009,TRACKING|w0 d0 L0
9.331628,129.088762833333,35.074508833333,508092.407,3881309.464,0.330,3.060164,gps_course,0,0.401,2.000,3,508089.810,3881308.094,0.566875,-0.259213,-0.259383,1.0000,0.339,-0.009,TRACKING|w0 d0 L0
9.381523,129.088762833333,35.074508833333,508092.407,3881309.464,0.330,3.060164,gps_course,0,0.401,2.000,3,508089.810,3881308.094,0.566875,-0.259213,-0.259315,1.0000,0.339,-0.009,TRACKING|w0 d0 L0
9.431423,129.088762833333,35.074508833333,508092.407,3881309.464,0.330,3.060164,gps_course,0,0.401,2.000,3,508089.810,3881308.094,0.566875,-0.259213,-0.259274,1.0000,0.322,0.008,TRACKING|w0 d0 L0
9.481426,129.088762000000,35.074508500000,508092.332,3881309.427,0.351,-2.963432,gps_course,0,0.485,2.000,3,508089.810,3881308.094,0.308225,-0.153038,-0.229272,1.0000,0.322,0.029,TRACKING|w0 d0 L0
9.531430,129.088762000000,35.074508500000,508092.332,3881309.427,0.351,-2.963432,gps_course,0,0.485,2.000,3,508089.810,3881308.094,0.308225,-0.153038,-0.199270,1.0000,0.322,0.029,TRACKING|w0 d0 L0
9.581419,129.088762000000,35.074508500000,508092.332,3881309.427,0.351,-2.963432,gps_course,0,0.485,2.000,3,508089.810,3881308.094,0.308225,-0.153038,-0.180777,1.0000,0.322,0.029,TRACKING|w0 d0 L0
9.631450,129.088762000000,35.074508500000,508092.332,3881309.427,0.351,-2.963432,gps_course,0,0.485,2.000,3,508089.810,3881308.094,0.308225,-0.153038,-0.169681,1.0000,0.397,-0.046,TRACKING|w0 d0 L0
9.681446,129.088762000000,35.074508500000,508092.332,3881309.427,0.351,-2.963432,gps_course,0,0.485,2.000,3,508089.810,3881308.094,0.308225,-0.153038,-0.163024,1.0000,0.397,-0.046,TRACKING|w0 d0 L0
9.731414,129.088761000000,35.074508000000,508092.240,3881309.371,0.400,-2.720691,gps_course,1,0.449,2.000,3,508089.810,3881308.094,0.063117,-0.033302,-0.133044,1.0000,0.397,0.003,TRACKING|w0 d0 L1
9.781593,129.088761000000,35.074508000000,508092.240,3881309.371,0.400,-2.720691,gps_course,1,0.449,2.000,3,508089.810,3881308.094,0.063117,-0.033302,-0.102936,1.0000,0.397,0.003,TRACKING|w0 d0 L1
9.831474,129.088761000000,35.074508000000,508092.240,3881309.371,0.400,-2.720691,gps_course,1,0.449,2.000,3,508089.810,3881308.094,0.063117,-0.033302,-0.075082,1.0000,0.433,-0.033,TRACKING|w0 d0 L1
9.881450,129.088761000000,35.074508000000,508092.240,3881309.371,0.400,-2.720691,gps_course,1,0.449,2.000,3,508089.810,3881308.094,0.063117,-0.033302,-0.058370,1.0000,0.433,-0.033,TRACKING|w0 d0 L1
9.931458,129.088761000000,35.074508000000,508092.240,3881309.371,0.400,-2.720691,gps_course,1,0.449,2.000,3,508089.810,3881308.094,0.063117,-0.033302,-0.048343,1.0000,0.433,-0.033,TRACKING|w0 d0 L1
9.981535,129.088760166667,35.074507500000,508092.164,3881309.316,0.391,-2.474194,gps_course,1,0.356,2.000,3,508089.810,3881308.094,-0.188586,0.102130,-0.018296,1.0000,0.433,-0.042,TRACKING|w0 d0 L1
10.031438,129.088760166667,35.074507500000,508092.164,3881309.316,0.391,-2.474194,gps_course,1,0.356,2.000,3,508089.810,3881308.094,-0.188586,0.102130,0.011645,1.0000,0.453,-0.062,TRACKING|w0 d0 L1
10.081609,129.088760166667,35.074507500000,508092.164,3881309.316,0.391,-2.474194,gps_course,1,0.356,2.000,3,508089.810,3881308.094,-0.188586,0.102130,0.041748,1.0000,0.453,-0.062,TRACKING|w0 d0 L1
10.131449,129.088760166667,35.074507500000,508092.164,3881309.316,0.391,-2.474194,gps_course,1,0.356,2.000,3,508089.810,3881308.094,-0.188586,0.102130,0.065901,1.0000,0.453,-0.062,TRACKING|w0 d0 L1
10.181497,129.088760166667,35.074507500000,508092.164,3881309.316,0.391,-2.474194,gps_course,1,0.356,2.000,3,508089.810,3881308.094,-0.188586,0.102130,0.080393,1.0000,0.453,-0.062,TRACKING|w0 d0 L1
10.231435,129.088759333333,35.074506833333,508092.089,3881309.242,0.419,-2.427404,gps_course,1,0.253,2.000,3,508089.810,3881308.094,-0.247412,0.138307,0.103558,1.0000,0.433,-0.015,TRACKING|w0 d0 L1
10.281675,129.088759333333,35.074506833333,508092.089,3881309.242,0.419,-2.427404,gps_course,1,0.253,2.000,3,508089.810,3881308.094,-0.247412,0.138307,0.117458,1.0000,0.433,-0.015,TRACKING|w0 d0 L1
10.331590,129.088759333333,35.074506833333,508092.089,3881309.242,0.419,-2.427404,gps_course,1,0.253,2.000,3,508089.810,3881308.094,-0.247412,0.138307,0.125797,1.0000,0.433,-0.015,TRACKING|w0 d0 L1
10.381437,129.088759333333,35.074506833333,508092.089,3881309.242,0.419,-2.427404,gps_course,1,0.253,2.000,3,508089.810,3881308.094,-0.247412,0.138307,0.130801,1.0000,0.433,-0.015,TRACKING|w0 d0 L1
10.431458,129.088759333333,35.074506833333,508092.089,3881309.242,0.419,-2.427404,gps_course,1,0.253,2.000,3,508089.810,3881308.094,-0.247412,0.138307,0.133803,1.0000,0.453,-0.034,TRACKING|w0 d0 L1
10.481523,129.088758500000,35.074506000000,508092.013,3881309.149,0.470,-2.320590,gps_course,1,0.153,2.000,3,508089.810,3881308.094,-0.374061,0.213639,0.163843,1.0000,0.453,0.018,TRACKING|w0 d0 L1
10.531607,129.088758500000,35.074506000000,508092.013,3881309.149,0.470,-2.320590,gps_course,1,0.153,2.000,3,508089.810,3881308.094,-0.374061,0.213639,0.183761,1.0000,0.453,0.018,TRACKING|w0 d0 L1
10.581443,129.088758500000,35.074506000000,508092.013,3881309.149,0.470,-2.320590,gps_course,1,0.153,2.000,3,508089.810,3881308.094,-0.374061,0.213639,0.195712,1.0000,0.453,0.018,TRACKING|w0 d0 L1
10.631474,129.088758500000,35.074506000000,508092.013,3881309.149,0.470,-2.320590,gps_course,1,0.153,2.000,3,508089.810,3881308.094,-0.374061,0.213639,0.202883,1.0000,0.492,-0.021,TRACKING|w0 d0 L1
10.681484,129.088758500000,35.074506000000,508092.013,3881309.149,0.470,-2.320590,gps_course,1,0.153,2.000,3,508089.810,3881308.094,-0.374061,0.213639,0.207185,1.0000,0.492,-0.021,TRACKING|w0 d0 L1
10.731433,129.088757500000,35.074505166667,508091.922,3881309.057,0.523,-2.327746,gps_course,1,0.096,2.000,3,508089.810,3881308.094,-0.385886,0.230992,0.216708,1.0000,0.492,0.032,TRACKING|w0 d0 L1
10.781445,129.088757500000,35.074505166667,508091.922,3881309.057,0.523,-2.327746,gps_course,1,0.096,2.000,3,508089.810,3881308.094,-0.385886,0.230992,0.222422,1.0000,0.492,0.032,TRACKING|w0 d0 L1
10.831618,129.088757500000,35.074505166667,508091.922,3881309.057,0.523,-2.327746,gps_course,1,0.096,2.000,3,508089.810,3881308.094,-0.385886,0.230992,0.225850,1.0000,0.528,-0.004,TRACKING|w0 d0 L1
10.881440,129.088757500000,35.074505166667,508091.922,3881309.057,0.523,-2.327746,gps_course,1,0.096,2.000,3,508089.810,3881308.094,-0.385886,0.230992,0.227907,1.0000,0.528,-0.004,TRACKING|w0 d0 L1
10.931765,129.088757500000,35.074505166667,508091.922,3881309.057,0.523,-2.327746,gps_course,1,0.096,2.000,3,508089.810,3881308.094,-0.385886,0.230992,0.229141,1.0000,0.528,-0.004,TRACKING|w0 d0 L1
10.981797,129.088756333333,35.074504333333,508091.815,3881308.964,0.548,-2.393719,gps_course,1,0.172,2.000,3,508089.810,3881308.094,-0.338241,0.216675,0.224154,1.0000,0.528,0.021,TRACKING|w0 d0 L1
11.031408,129.088756333333,35.074504333333,508091.815,3881308.964,0.548,-2.393719,gps_course,1,0.172,2.000,3,508089.810,3881308.094,-0.338241,0.216675,0.221163,1.0000,0.567,-0.018,TRACKING|w0 d0 L1
11.081446,129.088756333333,35.074504333333,508091.815,3881308.964,0.548,-2.393719,gps_course,1,0.172,2.000,3,508089.810,3881308.094,-0.338241,0.216675,0.219367,1.0000,0.567,-0.018,TRACKING|w0 d0 L1
11.131450,129.088756333333,35.074504333333,508091.815,3881308.964,0.548,-2.393719,gps_course,1,0.172,2.000,3,508089.810,3881308.094,-0.338241,0.216675,0.218290,1.0000,0.567,-0.018,TRACKING|w0 d0 L1
11.181434,129.088756333333,35.074504333333,508091.815,3881308.964,0.548,-2.393719,gps_course,1,0.172,2.000,3,508089.810,3881308.094,-0.338241,0.216675,0.217644,1.0000,0.567,-0.018,TRACKING|w0 d0 L1
11.231421,129.088755166667,35.074503166667,508091.709,3881308.835,0.617,-2.280447,gps_course,1,0.332,2.000,3,508089.810,3881308.094,-0.489029,0.260000,0.234587,1.0000,0.642,-0.025,TRACKING|w0 d0 L1
11.281433,129.088755166667,35.074503166667,508091.709,3881308.835,0.617,-2.280447,gps_course,1,0.332,2.000,3,508089.810,3881308.094,-0.489029,0.260000,0.244752,1.0000,0.642,-0.025,TRACKING|w0 d0 L1
11.331414,129.088755166667,35.074503166667,508091.709,3881308.835,0.617,-2.280447,gps_course,1,0.332,2.000,3,508089.810,3881308.094,-0.489029,0.260000,0.250851,1.0000,0.642,-0.025,TRACKING|w0 d0 L1
11.381515,129.088755166667,35.074503166667,508091.709,3881308.835,0.617,-2.280447,gps_course,1,0.332,2.000,3,508089.810,3881308.094,-0.489029,0.260000,0.254511,1.0000,0.642,-0.025,TRACKING|w0 d0 L1
11.431457,129.088755166667,35.074503166667,508091.709,3881308.835,0.617,-2.280447,gps_course,1,0.332,2.000,3,508089.810,3881308.094,-0.489029,0.260000,0.256706,1.0000,0.586,0.031,TRACKING|w0 d0 L1
11.481441,129.088754000000,35.074502333333,508091.603,3881308.742,0.590,-2.459867,gps_course,1,0.466,2.000,4,508088.869,3881307.631,-0.295618,0.142165,0.226716,1.0000,0.586,0.004,TRACKING|w0 d0 L1
11.531408,129.088754000000,35.074502333333,508091.603,3881308.742,0.590,-2.459867,gps_course,1,0.466,2.000,4,508088.869,3881307.631,-0.295618,0.142165,0.196736,1.0000,0.586,0.004,TRACKING|w0 d0 L1
11.581420,129.088754000000,35.074502333333,508091.603,3881308.742,0.590,-2.459867,gps_course,1,0.466,2.000,4,508088.869,3881307.631,-0.295618,0.142165,0.174908,1.0000,0.586,0.004,TRACKING|w0 d0 L1
11.631416,129.088754000000,35.074502333333,508091.603,3881308.742,0.590,-2.459867,gps_course,1,0.466,2.000,4,508088.869,3881307.631,-0.295618,0.142165,0.161811,1.0000,0.567,0.024,TRACKING|w0 d0 L1
11.681479,129.088754000000,35.074502333333,508091.603,3881308.742,0.590,-2.459867,gps_course,1,0.466,2.000,4,508088.869,3881307.631,-0.295618,0.142165,0.153952,1.0000,0.567,0.024,TRACKING|w0 d0 L1
11.731429,129.088752500000,35.074501333333,508091.466,3881308.631,0.694,-2.496868,gps_course,1,0.637,2.000,4,508088.869,3881307.631,-0.277079,0.141548,0.148991,1.0000,0.567,0.127,TRACKING|w0 d0 L1
11.781409,129.088752500000,35.074501333333,508091.466,3881308.631,0.694,-2.496868,gps_course,1,0.637,2.000,4,508088.869,3881307.631,-0.277079,0.141548,0.146014,1.0000,0.567,0.127,TRACKING|w0 d0 L1
11.831598,129.088752500000,35.074501333333,508091.466,3881308.631,0.694,-2.496868,gps_course,1,0.637,2.000,4,508088.869,3881307.631,-0.277079,0.141548,0.144228,1.0000,0.717,-0.023,TRACKING|w0 d0 L1
11.881531,129.088752500000,35.074501333333,508091.466,3881308.631,0.694,-2.496868,gps_course,1,0.637,2.000,4,508088.869,3881307.631,-0.277079,0.141548,0.143156,1.0000,0.717,-0.023,TRACKING|w0 d0 L1
11.931415,129.088752500000,35.074501333333,508091.466,3881308.631,0.694,-2.496868,gps_course,1,0.637,2.000,4,508088.869,3881307.631,-0.277079,0.141548,0.142513,1.0000,0.717,-0.023,TRACKING|w0 d0 L1
11.981519,129.088750833333,35.074500500000,508091.314,3881308.539,0.737,-2.565983,gps_course,2,0.504,2.000,4,508088.869,3881307.631,-0.220147,0.120791,0.133824,1.0000,0.717,0.021,TRACKING|w0 d0 L2
12.031557,129.088750833333,35.074500500000,508091.314,3881308.539,0.737,-2.565983,gps_course,2,0.504,2.000,4,508088.869,3881307.631,-0.220147,0.120791,0.128611,1.0000,0.736,0.001,TRACKING|w0 d0 L2
12.081442,129.088750833333,35.074500500000,508091.314,3881308.539,0.737,-2.565983,gps_course,2,0.504,2.000,4,508088.869,3881307.631,-0.220147,0.120791,0.125483,1.0000,0.736,0.001,TRACKING|w0 d0 L2
12.131403,129.088750833333,35.074500500000,508091.314,3881308.539,0.737,-2.565983,gps_course,2,0.504,2.000,4,508088.869,3881307.631,-0.220147,0.120791,0.123606,1.0000,0.736,0.001,TRACKING|w0 d0 L2
12.181435,129.088750833333,35.074500500000,508091.314,3881308.539,0.737,-2.565983,gps_course,2,0.504,2.000,4,508088.869,3881307.631,-0.220147,0.120791,0.122480,1.0000,0.736,0.001,TRACKING|w0 d0 L2
12.231438,129.088749000000,35.074499666667,508091.147,3881308.446,0.737,-2.641207,gps_course,2,0.366,2.000,4,508088.869,3881307.631,-0.156757,0.093270,0.110796,1.0000,0.736,0.001,TRACKING|w0 d0 L2
12.281446,129.088749000000,35.074499666667,508091.147,3881308.446,0.737,-2.641207,gps_course,2,0.366,2.000,4,508088.869,3881307.631,-0.156757,0.093270,0.103785,1.0000,0.736,0.001,TRACKING|w0 d0 L2
12.331414,129.088749000000,35.074499666667,508091.147,3881308.446,0.737,-2.641207,gps_course,2,0.366,2.000,4,508088.869,3881307.631,-0.156757,0.093270,0.099579,1.0000,0.736,0.001,TRACKING|w0 d0 L2
12.381441,129.088749000000,35.074499666667,508091.147,3881308.446,0.737,-2.641207,gps_course,2,0.366,2.000,4,508088.869,3881307.631,-0.156757,0.093270,0.097055,1.0000,0.736,0.001,TRACKING|w0 d0 L2
12.431486,129.088749000000,35.074499666667,508091.147,3881308.446,0.737,-2.641207,gps_course,2,0.366,2.000,4,508088.869,3881307.631,-0.156757,0.093270,0.095541,1.0000,0.756,-0.019,TRACKING|w0 d0 L2
12.481464,129.088747000000,35.074499000000,508090.965,3881308.372,0.774,-2.736502,gps_course,2,0.269,2.000,4,508088.869,3881307.631,-0.065219,0.042477,0.074315,1.0000,0.756,0.019,TRACKING|w0 d0 L2
12.531410,129.088747000000,35.074499000000,508090.965,3881308.372,0.774,-2.736502,gps_course,2,0.269,2.000,4,508088.869,3881307.631,-0.065219,0.042477,0.061580,1.0000,0.756,0.019,TRACKING|w0 d0 L2
12.581419,129.088747000000,35.074499000000,508090.965,3881308.372,0.774,-2.736502,gps_course,2,0.269,2.000,4,508088.869,3881307.631,-0.065219,0.042477,0.053939,1.0000,0.756,0.019,TRACKING|w0 d0 L2
12.631420,129.088747000000,35.074499000000,508090.965,3881308.372,0.774,-2.736502,gps_course,2,0.269,2.000,4,508088.869,3881307.631,-0.065219,0.042477,0.049354,1.0000,0.792,-0.017,TRACKING|w0 d0 L2
12.681452,129.088747000000,35.074499000000,508090.965,3881308.372,0.774,-2.736502,gps_course,2,0.269,2.000,4,508088.869,3881307.631,-0.065219,0.042477,0.046603,1.0000,0.792,-0.017,TRACKING|w0 d0 L2
12.731848,129.088744833333,35.074498333333,508090.767,3881308.298,0.846,-2.801079,gps_course,2,0.299,2.000,4,508088.869,3881307.631,-0.002649,0.000000,0.027962,1.0000,0.792,0.054,TRACKING|w0 d0 L2
12.781404,129.088744833333,35.074498333333,508090.767,3881308.298,0.846,-2.801079,gps_course,2,0.299,2.000,4,508088.869,3881307.631,-0.002649,0.000000,0.016777,1.0000,0.792,0.054,TRACKING|w0 d0 L2
12.831424,129.088744833333,35.074498333333,508090.767,3881308.298,0.846,-2.801079,gps_course,2,0.299,2.000,4,508088.869,3881307.631,-0.002649,0.000000,0.010066,1.0000,0.906,-0.060,TRACKING|w0 d0 L2
12.881456,129.088744833333,35.074498333333,508090.767,3881308.298,0.846,-2.801079,gps_course,2,0.299,2.000,4,508088.869,3881307.631,-0.002649,0.000000,0.006040,1.0000,0.906,-0.060,TRACKING|w0 d0 L2
12.931456,129.088744833333,35.074498333333,508090.767,3881308.298,0.846,-2.801079,gps_course,2,0.299,2.000,4,508088.869,3881307.631,-0.002649,0.000000,0.003624,1.0000,0.906,-0.060,TRACKING|w0 d0 L2
12.981529,129.088742666667,35.074497666667,508090.570,3881308.224,0.889,-2.791829,gps_course,2,0.442,2.000,5,508087.927,3881307.186,0.024267,-0.012391,-0.002782,1.0000,0.906,-0.017,TRACKING|w0 d0 L2
13.031730,129.088742666667,35.074497666667,508090.570,3881308.224,0.889,-2.791829,gps_course,2,0.442,2.000,5,508087.927,3881307.186,0.024267,-0.012391,-0.006626,1.0000,0.886,0.002,TRACKING|w0 d0 L2
13.081950,129.088742666667,35.074497666667,508090.570,3881308.224,0.889,-2.791829,gps_course,2,0.442,2.000,5,508087.927,3881307.186,0.024267,-0.012391,-0.008932,1.0000,0.886,0.002,TRACKING|w0 d0 L2
13.131483,129.088742666667,35.074497666667,508090.570,3881308.224,0.889,-2.791829,gps_course,2,0.442,2.000,5,508087.927,3881307.186,0.024267,-0.012391,-0.010316,1.0000,0.886,0.002,TRACKING|w0 d0 L2
13.181440,129.088742666667,35.074497666667,508090.570,3881308.224,0.889,-2.791829,gps_course,2,0.442,2.000,5,508087.927,3881307.186,0.024267,-0.012391,-0.011146,1.0000,0.886,0.002,TRACKING|w0 d0 L2
13.231400,129.088740333333,35.074497000000,508090.357,3881308.150,0.886,-2.802999,gps_course,3,0.550,2.000,5,508087.927,3881307.186,0.038767,-0.021493,-0.015285,1.0000,0.869,0.016,TRACKING|w0 d0 L3
13.281482,129.088740333333,35.074497000000,508090.357,3881308.150,0.886,-2.802999,gps_course,3,0.550,2.000,5,508087.927,3881307.186,0.038767,-0.021493,-0.017768,1.0000,0.869,0.016,TRACKING|w0 d0 L3
13.331422,129.088740333333,35.074497000000,508090.357,3881308.150,0.886,-2.802999,gps_course,3,0.550,2.000,5,508087.927,3881307.186,0.038767,-0.021493,-0.019258,1.0000,0.869,0.016,TRACKING|w0 d0 L3
13.381426,129.088740333333,35.074497000000,508090.357,3881308.150,0.886,-2.802999,gps_course,3,0.550,2.000,5,508087.927,3881307.186,0.038767,-0.021493,-0.020152,1.0000,0.869,0.016,TRACKING|w0 d0 L3
13.431449,129.088740333333,35.074497000000,508090.357,3881308.150,0.886,-2.802999,gps_course,3,0.550,2.000,5,508087.927,3881307.186,0.038767,-0.021493,-0.020688,1.0000,0.886,-0.001,TRACKING|w0 d0 L3
13.481444,129.088737833333,35.074496333333,508090.129,3881308.076,0.936,-2.853439,gps_course,3,0.320,2.000,5,508087.927,3881307.186,0.095538,-0.058170,-0.035681,1.0000,0.886,0.050,TRACKING|w0 d0 L3
13.531406,129.088737833333,35.074496333333,508090.129,3881308.076,0.936,-2.853439,gps_course,3,0.320,2.000,5,508087.927,3881307.186,0.095538,-0.058170,-0.044677,1.0000,0.886,0.050,TRACKING|w0 d0 L3
13.581433,129.088737833333,35.074496333333,508090.129,3881308.076,0.936,-2.853439,gps_course,3,0.320,2.000,5,508087.927,3881307.186,0.095538,-0.058170,-0.050074,1.0000,0.886,0.050,TRACKING|w0 d0 L3
13.631464,129.088737833333,35.074496333333,508090.129,3881308.076,0.936,-2.853439,gps_course,3,0.320,2.000,5,508087.927,3881307.186,0.095538,-0.058170,-0.053312,1.0000,0.944,-0.009,TRACKING|w0 d0 L3
13.681513,129.088737833333,35.074496333333,508090.129,3881308.076,0.936,-2.853439,gps_course,3,0.320,2.000,5,508087.927,3881307.186,0.095538,-0.058170,-0.055255,1.0000,0.944,-0.009,TRACKING|w0 d0 L3
13.731417,129.088735166667,35.074495833333,508089.886,3881308.020,0.992,-2.861991,gps_course,3,0.106,2.000,5,508087.927,3881307.186,0.122583,-0.083075,-0.066383,1.0000,0.944,0.048,TRACKING|w0 d0 L3
13.781426,129.088735166667,35.074495833333,508089.886,3881308.020,0.992,-2.861991,gps_course,3,0.106,2.000,5,508087.927,3881307.186,0.122583,-0.083075,-0.073060,1.0000,0.944,0.048,TRACKING|w0 d0 L3
13.831453,129.088735166667,35.074495833333,508089.886,3881308.020,0.992,-2.861991,gps_course,3,0.106,2.000,5,508087.927,3881307.186,0.122583,-0.083075,-0.077066,1.0000,0.964,0.028,TRACKING|w0 d0 L3
13.881422,129.088735166667,35.074495833333,508089.886,3881308.020,0.992,-2.861991,gps_course,3,0.106,2.000,5,508087.927,3881307.186,0.122583,-0.083075,-0.079469,1.0000,0.964,0.028,TRACKING|w0 d0 L3
13.931387,129.088735166667,35.074495833333,508089.886,3881308.020,0.992,-2.861991,gps_course,3,0.106,2.000,5,508087.927,3881307.186,0.122583,-0.083075,-0.080911,1.0000,0.964,0.028,TRACKING|w0 d0 L3
13.981404,129.088732500000,35.074495166667,508089.643,3881307.946,1.006,-2.873161,gps_course,3,0.223,2.000,6,508086.985,3881306.686,0.174002,-0.085145,-0.082605,1.0000,0.964,0.042,TRACKING|w0 d0 L3
14.031455,129.088732500000,35.074495166667,508089.643,3881307.946,1.006,-2.873161,gps_course,3,0.223,2.000,6,508086.985,3881306.686,0.174002,-0.085145,-0.083621,1.0000,0.964,0.042,TRACKING|w0 d0 L3
14.081427,129.088732500000,35.074495166667,508089.643,3881307.946,1.006,-2.873161,gps_course,3,0.223,2.000,6,508086.985,3881306.686,0.174002,-0.085145,-0.084231,1.0000,0.964,0.042,TRACKING|w0 d0 L3
14.131436,129.088732500000,35.074495166667,508089.643,3881307.946,1.006,-2.873161,gps_course,3,0.223,2.000,6,508086.985,3881306.686,0.174002,-0.085145,-0.084596,1.0000,0.964,0.042,TRACKING|w0 d0 L3
14.181421,129.088732500000,35.074495166667,508089.643,3881307.946,1.006,-2.873161,gps_course,3,0.223,2.000,6,508086.985,3881306.686,0.174002,-0.085145,-0.084816,1.0000,0.964,0.042,TRACKING|w0 d0 L3
14.231419,129.088730000000,35.074494500000,508089.416,3881307.872,0.992,-2.810853,gps_course,3,0.453,2.000,6,508086.985,3881306.686,0.122997,-0.065703,-0.077171,1.0000,0.964,0.028,TRACKING|w0 d0 L3
14.281425,129.088730000000,35.074494500000,508089.416,3881307.872,0.992,-2.810853,gps_course,3,0.453,2.000,6,508086.985,3881306.686,0.122997,-0.065703,-0.072584,1.0000,0.964,0.028,TRACKING|w0 d0 L3
14.331433,129.088730000000,35.074494500000,508089.416,3881307.872,0.992,-2.810853,gps_course,3,0.453,2.000,6,508086.985,3881306.686,0.122997,-0.065703,-0.069831,1.0000,0.964,0.028,TRACKING|w0 d0 L3
14.381787,129.088730000000,35.074494500000,508089.416,3881307.872,0.992,-2.810853,gps_course,3,0.453,2.000,6,508086.985,3881306.686,0.122997,-0.065703,-0.068180,1.0000,0.964,0.028,TRACKING|w0 d0 L3
14.431435,129.088730000000,35.074494500000,508089.416,3881307.872,0.992,-2.810853,gps_course,3,0.453,2.000,6,508086.985,3881306.686,0.122997,-0.065703,-0.067189,1.0000,0.964,0.028,TRACKING|w0 d0 L3
14.481417,129.088727333333,35.074493666667,508089.172,3881307.779,1.006,-2.809107,gps_course,4,0.338,2.000,6,508086.985,3881306.686,0.130770,-0.077187,-0.071188,1.0000,0.964,0.042,TRACKING|w0 d0 L4
14.531462,129.088727333333,35.074493666667,508089.172,3881307.779,1.006,-2.809107,gps_course,4,0.338,2.000,6,508086.985,3881306.686,0.130770,-0.077187,-0.073588,1.0000,0.964,0.042,TRACKING|w0 d0 L4
14.581715,129.088727333333,35.074493666667,508089.172,3881307.779,1.006,-2.809107,gps_course,4,0.338,2.000,6,508086.985,3881306.686,0.130770,-0.077187,-0.075027,1.0000,0.964,0.042,TRACKING|w0 d0 L4
14.631441,129.088727333333,35.074493666667,508089.172,3881307.779,1.006,-2.809107,gps_course,4,0.338,2.000,6,508086.985,3881306.686,0.130770,-0.077187,-0.075891,1.0000,0.964,0.042,TRACKING|w0 d0 L4
14.681548,129.088727333333,35.074493666667,508089.172,3881307.779,1.006,-2.809107,gps_course,4,0.338,2.000,6,508086.985,3881306.686,0.130770,-0.077187,-0.076409,1.0000,0.964,0.042,TRACKING|w0 d0 L4
14.731434,129.088724833333,35.074493000000,508088.945,3881307.705,0.978,-2.808584,gps_course,4,0.106,2.000,6,508086.985,3881306.686,0.146325,-0.095456,-0.084028,1.0000,0.964,0.014,TRACKING|w0 d0 L4
14.781419,129.088724833333,35.074493000000,508088.945,3881307.705,0.978,-2.808584,gps_course,4,0.106,2.000,6,508086.985,3881306.686,0.146325,-0.095456,-0.088599,1.0000,0.964,0.014,TRACKING|w0 d0 L4
14.831404,129.088724833333,35.074493000000,508088.945,3881307.705,0.978,-2.808584,gps_course,4,0.106,2.000,6,508086.985,3881306.686,0.146325,-0.095456,-0.091342,1.0000,,,TRACKING|w0 d0 L4
14.881549,129.088724833333,35.074493000000,508088.945,3881307.705,0.978,-2.808584,gps_course,4,0.106,2.000,6,508086.985,3881306.686,0.146325,-0.095456,-0.092987,1.0000,,,TRACKING|w0 d0 L4
14.931422,129.088724833333,35.074493000000,508088.945,3881307.705,0.978,-2.808584,gps_course,4,0.106,2.000,6,508086.985,3881306.686,0.146325,-0.095456,-0.093975,1.0000,,,TRACKING|w0 d0 L4
14.981438,129.088722500000,35.074492166667,508088.732,3881307.612,0.941,-2.738073,gps_course,4,0.138,2.000,7,508086.029,3881306.205,0.076384,-0.036289,-0.070901,1.0000,,,TRACKING|w0 d0 L4
15.031410,129.088722500000,35.074492166667,508088.732,3881307.612,0.941,-2.738073,gps_course,4,0.138,2.000,7,508086.029,3881306.205,0.076384,-0.036289,-0.057056,1.0000,,,TRACKING|w0 d0 L4
15.081469,129.088722500000,35.074492166667,508088.732,3881307.612,0.941,-2.738073,gps_course,4,0.138,2.000,7,508086.029,3881306.205,0.076384,-0.036289,-0.048749,1.0000,,,TRACKING|w0 d0 L4
15.131609,129.088722500000,35.074492166667,508088.732,3881307.612,0.941,-2.738073,gps_course,4,0.138,2.000,7,508086.029,3881306.205,0.076384,-0.036289,-0.043765,1.0000,,,TRACKING|w0 d0 L4
15.181453,129.088722500000,35.074492166667,508088.732,3881307.612,0.941,-2.738073,gps_course,4,0.138,2.000,7,508086.029,3881306.205,0.076384,-0.036289,-0.040775,1.0000,,,TRACKING|w0 d0 L4
15.231433,129.088720333333,35.074491166667,508088.535,3881307.501,0.924,-2.571917,gps_course,4,0.358,2.000,7,508086.029,3881306.205,-0.092385,0.047377,-0.010787,1.0000,,,TRACKING|w0 d0 L4
15.281435,129.088720333333,35.074491166667,508088.535,3881307.501,0.924,-2.571917,gps_course,4,0.358,2.000,7,508086.029,3881306.205,-0.092385,0.047377,0.012479,1.0000,,,TRACKING|w0 d0 L4
15.331694,129.088720333333,35.074491166667,508088.535,3881307.501,0.924,-2.571917,gps_course,4,0.358,2.000,7,508086.029,3881306.205,-0.092385,0.047377,0.026438,1.0000,,,TRACKING|w0 d0 L4
15.381455,129.088720333333,35.074491166667,508088.535,3881307.501,0.924,-2.571917,gps_course,4,0.358,2.000,7,508086.029,3881306.205,-0.092385,0.047377,0.034814,1.0000,,,TRACKING|w0 d0 L4
15.431562,129.088720333333,35.074491166667,508088.535,3881307.501,0.924,-2.571917,gps_course,4,0.358,2.000,7,508086.029,3881306.205,-0.092385,0.047377,0.039839,1.0000,,,TRACKING|w0 d0 L4
15.481479,129.088718333333,35.074490000000,508088.352,3881307.372,0.864,-2.498439,gps_course,5,0.464,2.000,7,508086.029,3881306.205,-0.177923,0.098379,0.063255,1.0000,,,TRACKING|w0 d0 L5
15.531453,129.088718333333,35.074490000000,508088.352,3881307.372,0.864,-2.498439,gps_course,5,0.464,2.000,7,508086.029,3881306.205,-0.177923,0.098379,0.077304,1.0000,,,TRACKING|w0 d0 L5
15.581464,129.088718333333,35.074490000000,508088.352,3881307.372,0.864,-2.498439,gps_course,5,0.464,2.000,7,508086.029,3881306.205,-0.177923,0.098379,0.085734,1.0000,,,TRACKING|w0 d0 L5
15.631578,129.088718333333,35.074490000000,508088.352,3881307.372,0.864,-2.498439,gps_course,5,0.464,2.000,7,508086.029,3881306.205,-0.177923,0.098379,0.090792,1.0000,,,TRACKING|w0 d0 L5
15.681688,129.088718333333,35.074490000000,508088.352,3881307.372,0.864,-2.498439,gps_course,5,0.464,2.000,7,508086.029,3881306.205,-0.177923,0.098379,0.093827,1.0000,,,TRACKING|w0 d0 L5
15.731680,129.088716833333,35.074488333333,508088.216,3881307.187,0.898,-2.306627,gps_course,5,0.289,2.000,7,508086.029,3881306.205,-0.413136,0.238218,0.123822,1.0000,,,TRACKING|w0 d0 L5
15.781749,129.088716833333,35.074488333333,508088.216,3881307.187,0.898,-2.306627,gps_course,5,0.289,2.000,7,508086.029,3881306.205,-0.413136,0.238218,0.153863,1.0000,,,TRACKING|w0 d0 L5
15.831432,129.088716833333,35.074488333333,508088.216,3881307.187,0.898,-2.306627,gps_course,5,0.289,2.000,7,508086.029,3881306.205,-0.413136,0.238218,0.183674,1.0000,,,TRACKING|w0 d0 L5
15.881437,129.088716833333,35.074488333333,508088.216,3881307.187,0.898,-2.306627,gps_course,5,0.289,2.000,7,508086.029,3881306.205,-0.413136,0.238218,0.205491,1.0000,,,TRACKING|w0 d0 L5
15.931478,129.088716833333,35.074488333333,508088.216,3881307.187,0.898,-2.306627,gps_course,5,0.289,2.000,7,508086.029,3881306.205,-0.413136,0.238218,0.218582,1.0000,,,TRACKING|w0 d0 L5
15.981740,129.088715500000,35.074486833333,508088.094,3881307.020,0.848,-2.145708,gps_course,5,0.236,2.000,7,508086.029,3881306.205,-0.620070,0.260000,0.008384,1.0000,,,TRACKING|w0 d0 L5
16.031419,129.088715500000,35.074486833333,508088.094,3881307.020,0.848,-2.145708,gps_course,5,0.236,2.000,7,508086.029,3881306.205,-0.620070,0.260000,0.038191,1.0000,,,TRACKING|w0 d0 L5
16.081432,129.088715500000,35.074486833333,508088.094,3881307.020,0.848,-2.145708,gps_course,5,0.236,2.000,7,508086.029,3881306.205,-0.620070,0.260000,0.068199,1.0000,,,TRACKING|w0 d0 L5
16.131428,129.088715500000,35.074486833333,508088.094,3881307.020,0.848,-2.145708,gps_course,5,0.236,2.000,7,508086.029,3881306.205,-0.620070,0.260000,0.098197,1.0000,,,TRACKING|w0 d0 L5
16.181449,129.088715500000,35.074486833333,508088.094,3881307.020,0.848,-2.145708,gps_course,5,0.236,2.000,7,508086.029,3881306.205,-0.620070,0.260000,0.128210,1.0000,,,TRACKING|w0 d0 L5
16.231559,129.088714333333,35.074485166667,508087.988,3881306.835,0.850,-2.105216,gps_course,5,0.356,2.000,7,508086.029,3881306.205,-0.725238,0.260000,0.158276,1.0000,,,TRACKING|w0 d0 L5
16.281403,129.088714333333,35.074485166667,508087.988,3881306.835,0.850,-2.105216,gps_course,5,0.356,2.000,7,508086.029,3881306.205,-0.725238,0.260000,0.188182,1.0000,,,TRACKING|w0 d0 L5
16.331434,129.088714333333,35.074485166667,508087.988,3881306.835,0.850,-2.105216,gps_course,5,0.356,2.000,7,508086.029,3881306.205,-0.725238,0.260000,0.216909,1.0000,,,TRACKING|w0 d0 L5
16.381427,129.088714333333,35.074485166667,508087.988,3881306.835,0.850,-2.105216,gps_course,5,0.356,2.000,7,508086.029,3881306.205,-0.725238,0.260000,0.234146,1.0000,,,TRACKING|w0 d0 L5
16.431434,129.088714333333,35.074485166667,508087.988,3881306.835,0.850,-2.105216,gps_course,5,0.356,2.000,7,508086.029,3881306.205,-0.725238,0.260000,0.244487,1.0000,,,TRACKING|w0 d0 L5
16.481517,129.088713333333,35.074483333333,508087.897,3881306.632,0.831,-2.026851,gps_course,5,0.555,2.000,8,508084.965,3881305.650,-0.791474,0.260000,0.250692,1.0000,,,TRACKING|w0 d0 L5
16.531406,129.088713333333,35.074483333333,508087.897,3881306.632,0.831,-2.026851,gps_course,5,0.555,2.000,8,508084.965,3881305.650,-0.791474,0.260000,0.254415,1.0000,,,TRACKING|w0 d0 L5
16.582271,129.088713333333,35.074483333333,508087.897,3881306.632,0.831,-2.026851,gps_course,5,0.555,2.000,8,508084.965,3881305.650,-0.791474,0.260000,0.256649,1.0000,,,TRACKING|w0 d0 L5
16.631391,129.088713333333,35.074483333333,508087.897,3881306.632,0.831,-2.026851,gps_course,5,0.555,2.000,8,508084.965,3881305.650,-0.791474,0.260000,0.257990,1.0000,,,TRACKING|w0 d0 L5
16.681391,129.088713333333,35.074483333333,508087.897,3881306.632,0.831,-2.026851,gps_course,5,0.555,2.000,8,508084.965,3881305.650,-0.791474,0.260000,0.258794,1.0000,,,TRACKING|w0 d0 L5
16.731385,129.088712666667,35.074481666667,508087.837,3881306.447,0.833,-1.855110,gps_course,5,0.745,2.000,8,508084.965,3881305.650,-1.015609,0.260000,0.259276,1.0000,,,TRACKING|w0 d0 L5
16.781457,129.088712666667,35.074481666667,508087.837,3881306.447,0.833,-1.855110,gps_course,5,0.745,2.000,8,508084.965,3881305.650,-1.015609,0.260000,0.259566,1.0000,,,TRACKING|w0 d0 L5
16.831443,129.088712666667,35.074481666667,508087.837,3881306.447,0.833,-1.855110,gps_course,5,0.745,2.000,8,508084.965,3881305.650,-1.015609,0.260000,0.259739,1.0000,,,TRACKING|w0 d0 L5
16.881414,129.088712666667,35.074481666667,508087.837,3881306.447,0.833,-1.855110,gps_course,5,0.745,2.000,8,508084.965,3881305.650,-1.015609,0.260000,0.259844,1.0000,,,TRACKING|w0 d0 L5
16.931395,129.088712666667,35.074481666667,508087.837,3881306.447,0.833,-1.855110,gps_course,5,0.745,2.000,8,508084.965,3881305.650,-1.015609,0.260000,0.259906,1.0000,,,TRACKING|w0 d0 L5
16.981457,129.088712333333,35.074479666667,508087.806,3881306.225,0.869,-1.682497,gps_course,6,0.942,2.000,8,508084.965,3881305.650,-1.259231,0.260000,0.259944,1.0000,,,TRACKING|w0 d0 L6
17.031432,129.088712333333,35.074479666667,508087.806,3881306.225,0.869,-1.682497,gps_course,6,0.942,2.000,8,508084.965,3881305.650,-1.259231,0.260000,0.259966,1.0000,,,TRACKING|w0 d0 L6
17.081461,129.088712333333,35.074479666667,508087.806,3881306.225,0.869,-1.682497,gps_course,6,0.942,2.000,8,508084.965,3881305.650,-1.259231,0.260000,0.259980,1.0000,,,TRACKING|w0 d0 L6
17.131585,129.088712333333,35.074479666667,508087.806,3881306.225,0.869,-1.682497,gps_course,6,0.942,2.000,8,508084.965,3881305.650,-1.259231,0.260000,0.259988,1.0000,,,TRACKING|w0 d0 L6
17.181428,129.088712333333,35.074479666667,508087.806,3881306.225,0.869,-1.682497,gps_course,6,0.942,2.000,8,508084.965,3881305.650,-1.259231,0.260000,0.259993,1.0000,,,TRACKING|w0 d0 L6
17.231540,129.088712333333,35.074477666667,508087.807,3881306.003,0.861,-1.589471,gps_course,6,1.068,2.000,8,508084.965,3881305.650,-1.428270,0.260000,0.259996,1.0000,,,TRACKING|w0 d0 L6
17.281475,129.088712333333,35.074477666667,508087.807,3881306.003,0.861,-1.589471,gps_course,6,1.068,2.000,8,508084.965,3881305.650,-1.428270,0.260000,0.259997,1.0000,,,TRACKING|w0 d0 L6
17.331425,129.088712333333,35.074477666667,508087.807,3881306.003,0.861,-1.589471,gps_course,6,1.068,2.000,8,508084.965,3881305.650,-1.428270,0.260000,0.259998,1.0000,,,TRACKING|w0 d0 L6
17.381514,129.088712333333,35.074477666667,508087.807,3881306.003,0.861,-1.589471,gps_course,6,1.068,2.000,8,508084.965,3881305.650,-1.428270,0.260000,0.259999,1.0000,,,TRACKING|w0 d0 L6
17.431462,129.088712333333,35.074477666667,508087.807,3881306.003,0.861,-1.589471,gps_course,6,1.068,2.000,8,508084.965,3881305.650,-1.428270,0.260000,0.259999,1.0000,,,TRACKING|w0 d0 L6
17.481550,129.088712666667,35.074475833333,508087.837,3881305.800,0.837,-1.446878,gps_course,6,1.229,2.000,8,508084.965,3881305.650,-1.642389,0.260000,0.260000,1.0000,,,TRACKING|w0 d0 L6
17.531634,129.088712666667,35.074475833333,508087.837,3881305.800,0.837,-1.446878,gps_course,6,1.229,2.000,8,508084.965,3881305.650,-1.642389,0.260000,0.260000,1.0000,,,TRACKING|w0 d0 L6
17.581578,129.088712666667,35.074475833333,508087.837,3881305.800,0.837,-1.446878,gps_course,6,1.229,2.000,8,508084.965,3881305.650,-1.642389,0.260000,0.260000,1.0000,,,TRACKING|w0 d0 L6
17.631450,129.088712666667,35.074475833333,508087.837,3881305.800,0.837,-1.446878,gps_course,6,1.229,2.000,8,508084.965,3881305.650,-1.642389,0.260000,0.260000,1.0000,,,TRACKING|w0 d0 L6
17.681497,129.088712666667,35.074475833333,508087.837,3881305.800,0.837,-1.446878,gps_course,6,1.229,2.000,8,508084.965,3881305.650,-1.642389,0.260000,0.260000,1.0000,,,TRACKING|w0 d0 L6
17.731482,129.088713166667,35.074474000000,508087.883,3881305.597,0.832,-1.358215,gps_course,6,1.412,2.000,8,508084.965,3881305.650,-1.801498,0.260000,0.260000,1.0000,,,TRACKING|w0 d0 L6
17.781590,129.088713166667,35.074474000000,508087.883,3881305.597,0.832,-1.358215,gps_course,6,1.412,2.000,8,508084.965,3881305.650,-1.801498,0.260000,0.260000,1.0000,,,TRACKING|w0 d0 L6
17.831564,129.088713166667,35.074474000000,508087.883,3881305.597,0.832,-1.358215,gps_course,6,1.412,2.000,8,508084.965,3881305.650,-1.801498,0.260000,0.260000,1.0000,,,TRACKING|w0 d0 L6
17.881461,129.088713166667,35.074474000000,508087.883,3881305.597,0.832,-1.358215,gps_course,6,1.412,2.000,8,508084.965,3881305.650,-1.801498,0.260000,0.260000,1.0000,,,TRACKING|w0 d0 L6
17.931565,129.088713166667,35.074474000000,508087.883,3881305.597,0.832,-1.358215,gps_course,6,1.412,2.000,8,508084.965,3881305.650,-1.801498,0.260000,0.260000,1.0000,,,TRACKING|w0 d0 L6
17.981431,129.088713833333,35.074472333333,508087.944,3881305.412,0.795,-1.240056,gps_course,6,1.595,2.000,7,508086.029,3881306.205,-2.294104,0.260000,0.260000,1.0000,,,TRACKING|w0 d0 L6
18.031467,129.088713833333,35.074472333333,508087.944,3881305.412,0.795,-1.240056,gps_course,6,1.595,2.000,7,508086.029,3881306.205,-2.294104,0.260000,0.260000,1.0000,,,TRACKING|w0 d0 L6
18.081405,129.088713833333,35.074472333333,508087.944,3881305.412,0.795,-1.240056,gps_course,6,1.595,2.000,7,508086.029,3881306.205,-2.294104,0.260000,0.260000,1.0000,,,TRACKING|w0 d0 L6
18.131464,129.088713833333,35.074472333333,508087.944,3881305.412,0.795,-1.240056,gps_course,6,1.595,2.000,7,508086.029,3881306.205,-2.294104,0.260000,0.260000,1.0000,,,TRACKING|w0 d0 L6
18.181412,129.088713833333,35.074472333333,508087.944,3881305.412,0.795,-1.240056,gps_course,6,1.595,2.000,7,508086.029,3881306.205,-2.294104,0.260000,0.260000,1.0000,,,TRACKING|w0 d0 L6
18.231419,129.088714666667,35.074470500000,508088.020,3881305.209,0.837,-1.132544,gps_course,6,1.804,2.000,7,508086.029,3881306.205,-2.472924,0.260000,0.260000,1.0000,,,TRACKING|w0 d0 L6
18.281439,129.088714666667,35.074470500000,508088.020,3881305.209,0.837,-1.132544,gps_course,6,1.804,2.000,7,508086.029,3881306.205,-2.472924,0.260000,0.260000,1.0000,,,TRACKING|w0 d0 L6
18.331438,129.088714666667,35.074470500000,508088.020,3881305.209,0.837,-1.132544,gps_course,6,1.804,2.000,7,508086.029,3881306.205,-2.472924,0.260000,0.260000,1.0000,,,TRACKING|w0 d0 L6
18.381446,129.088714666667,35.074470500000,508088.020,3881305.209,0.837,-1.132544,gps_course,6,1.804,2.000,7,508086.029,3881306.205,-2.472924,0.260000,0.260000,1.0000,,,TRACKING|w0 d0 L6
18.431443,129.088714666667,35.074470500000,508088.020,3881305.209,0.837,-1.132544,gps_course,6,1.804,2.000,7,508086.029,3881306.205,-2.472924,0.260000,0.260000,1.0000,,,TRACKING|w0 d0 L6
18.481447,129.088716000000,35.074469000000,508088.142,3881305.043,0.779,-0.984017,gps_course,6,2.010,2.000,6,508086.985,3881306.686,-3.115402,0.018891,0.229997,1.0000,,,TRACKING|w0 d0 L6
18.531474,129.088716000000,35.074469000000,508088.142,3881305.043,0.779,-0.984017,gps_course,6,2.010,2.000,6,508086.985,3881306.686,-3.115402,0.018891,0.199981,1.0000,,,TRACKING|w0 d0 L6
18.581438,129.088716000000,35.074469000000,508088.142,3881305.043,0.779,-0.984017,gps_course,6,2.010,2.000,6,508086.985,3881306.686,-3.115402,0.018891,0.170003,1.0000,,,TRACKING|w0 d0 L6
18.631426,129.088716000000,35.074469000000,508088.142,3881305.043,0.779,-0.984017,gps_course,6,2.010,2.000,6,508086.985,3881306.686,-3.115402,0.018891,0.140010,1.0000,,,TRACKING|w0 d0 L6
18.681453,129.088716000000,35.074469000000,508088.142,3881305.043,0.779,-0.984017,gps_course,6,2.010,2.000,6,508086.985,3881306.686,-3.115402,0.018891,0.109994,1.0000,,,TRACKING|w0 d0 L6
18.731434,129.088717333333,35.074467666667,508088.263,3881304.895,0.819,-0.837234,gps_course,6,2.201,2.000,6,508086.985,3881306.686,3.027604,-0.074801,0.080006,1.0000,,,TRACKING|w0 d0 L6
18.781456,129.088717333333,35.074467666667,508088.263,3881304.895,0.819,-0.837234,gps_course,6,2.201,2.000,6,508086.985,3881306.686,3.027604,-0.074801,0.049992,1.0000,,,TRACKING|w0 d0 L6
18.831396,129.088717333333,35.074467666667,508088.263,3881304.895,0.819,-0.837234,gps_course,6,2.201,2.000,6,508086.985,3881306.686,3.027604,-0.074801,0.020028,1.0000,,,TRACKING|w0 d0 L6
18.881462,129.088717333333,35.074467666667,508088.263,3881304.895,0.819,-0.837234,gps_course,6,2.201,2.000,6,508086.985,3881306.686,3.027604,-0.074801,-0.010011,1.0000,,,TRACKING|w0 d0 L6
18.931715,129.088717333333,35.074467666667,508088.263,3881304.895,0.819,-0.837234,gps_course,6,2.201,2.000,6,508086.985,3881306.686,3.027604,-0.074801,-0.035927,1.0000,,,TRACKING|w0 d0 L6
18.981625,129.088719000000,35.074466333333,508088.415,3881304.747,0.831,-0.793776,gps_course,6,2.410,2.000,6,508086.985,3881306.686,2.999928,-0.084759,-0.055460,1.0000,,,TRACKING|w0 d0 L6
19.031568,129.088719000000,35.074466333333,508088.415,3881304.747,0.831,-0.793776,gps_course,6,2.410,2.000,6,508086.985,3881306.686,2.999928,-0.084759,-0.067179,1.0000,,,TRACKING|w0 d0 L6
19.081408,129.088719000000,35.074466333333,508088.415,3881304.747,0.831,-0.793776,gps_course,6,2.410,2.000,6,508086.985,3881306.686,2.999928,-0.084759,-0.074211,1.0000,,,TRACKING|w0 d0 L6
19.131413,129.088719000000,35.074466333333,508088.415,3881304.747,0.831,-0.793776,gps_course,6,2.410,2.000,6,508086.985,3881306.686,2.999928,-0.084759,-0.078430,1.0000,,,TRACKING|w0 d0 L6
19.181413,129.088719000000,35.074466333333,508088.415,3881304.747,0.831,-0.793776,gps_course,6,2.410,2.000,6,508086.985,3881306.686,2.999928,-0.084759,-0.080962,1.0000,,,TRACKING|w0 d0 L6
19.231448,129.088720833333,35.074465166667,508088.583,3881304.618,0.823,-0.658862,gps_course,6,2.614,2.000,6,508086.985,3881306.686,2.887179,-0.138734,-0.104071,1.0000,,,TRACKING|w0 d0 L6
19.281429,129.088720833333,35.074465166667,508088.583,3881304.618,0.823,-0.658862,gps_course,6,2.614,2.000,6,508086.985,3881306.686,2.887179,-0.138734,-0.117936,1.0000,,,TRACKING|w0 d0 L6
19.331418,129.088720833333,35.074465166667,508088.583,3881304.618,0.823,-0.658862,gps_course,6,2.614,2.000,6,508086.985,3881306.686,2.887179,-0.138734,-0.126255,1.0000,,,TRACKING|w0 d0 L6
19.381469,129.088720833333,35.074465166667,508088.583,3881304.618,0.823,-0.658862,gps_course,6,2.614,2.000,6,508086.985,3881306.686,2.887179,-0.138734,-0.131247,1.0000,,,TRACKING|w0 d0 L6
19.431440,129.088720833333,35.074465166667,508088.583,3881304.618,0.823,-0.658862,gps_course,6,2.614,2.000,6,508086.985,3881306.686,2.887179,-0.138734,-0.134242,1.0000,,,TRACKING|w0 d0 L6
19.481553,129.088722666667,35.074464166667,508088.750,3881304.507,0.802,-0.523599,gps_course,6,2.804,2.000,6,508086.985,3881306.686,2.774987,-0.183270,-0.153853,1.0000,,,TRACKING|w0 d0 L6
19.531436,129.088722666667,35.074464166667,508088.750,3881304.507,0.802,-0.523599,gps_course,6,2.804,2.000,6,508086.985,3881306.686,2.774987,-0.183270,-0.165620,1.0000,,,TRACKING|w0 d0 L6
19.581456,129.088722666667,35.074464166667,508088.750,3881304.507,0.802,-0.523599,gps_course,6,2.804,2.000,6,508086.985,3881306.686,2.774987,-0.183270,-0.172680,1.0000,,,TRACKING|w0 d0 L6
19.631476,129.088722666667,35.074464166667,508088.750,3881304.507,0.802,-0.523599,gps_course,6,2.804,2.000,6,508086.985,3881306.686,2.774987,-0.183270,-0.176916,1.0000,,,TRACKING|w0 d0 L6
19.681468,129.088722666667,35.074464166667,508088.750,3881304.507,0.802,-0.523599,gps_course,6,2.804,2.000,6,508086.985,3881306.686,2.774987,-0.183270,-0.179458,1.0000,,,TRACKING|w0 d0 L6
19.731459,129.088724833333,35.074463500000,508088.948,3881304.433,0.839,-0.387638,gps_course,6,2.988,2.000,6,508086.985,3881306.686,2.674901,-0.214986,-0.193669,1.0000,,,TRACKING|w0 d0 L6
19.781452,129.088724833333,35.074463500000,508088.948,3881304.433,0.839,-0.387638,gps_course,6,2.988,2.000,6,508086.985,3881306.686,2.674901,-0.214986,-0.202196,1.0000,,,TRACKING|w0 d0 L6
19.831483,129.088724833333,35.074463500000,508088.948,3881304.433,0.839,-0.387638,gps_course,6,2.988,2.000,6,508086.985,3881306.686,2.674901,-0.214986,-0.207312,1.0000,,,TRACKING|w0 d0 L6
19.881457,129.088724833333,35.074463500000,508088.948,3881304.433,0.839,-0.387638,gps_course,6,2.988,2.000,6,508086.985,3881306.686,2.674901,-0.214986,-0.210381,1.0000,,,TRACKING|w0 d0 L6
19.931455,129.088724833333,35.074463500000,508088.948,3881304.433,0.839,-0.387638,gps_course,6,2.988,2.000,6,508086.985,3881306.686,2.674901,-0.214986,-0.212223,1.0000,,,TRACKING|w0 d0 L6
19.981419,129.088726833333,35.074463000000,508089.130,3881304.378,0.792,-0.303687,gps_course,6,3.151,2.000,6,508086.985,3881306.686,2.623086,-0.224230,-0.217026,1.0000,,,TRACKING|w0 d0 L6
20.031405,129.088726833333,35.074463000000,508089.130,3881304.378,0.792,-0.303687,gps_course,6,3.151,2.000,6,508086.985,3881306.686,2.623086,-0.224230,-0.219907,1.0000,,,TRACKING|w0 d0 L6
20.081427,129.088726833333,35.074463000000,508089.130,3881304.378,0.792,-0.303687,gps_course,6,3.151,2.000,6,508086.985,3881306.686,2.623086,-0.224230,-0.221636,1.0000,,,TRACKING|w0 d0 L6
20.131394,129.088726833333,35.074463000000,508089.130,3881304.378,0.792,-0.303687,gps_course,6,3.151,2.000,6,508086.985,3881306.686,2.623086,-0.224230,-0.222674,1.0000,,,TRACKING|w0 d0 L6
20.181571,129.088726833333,35.074463000000,508089.130,3881304.378,0.792,-0.303687,gps_course,6,3.151,2.000,6,508086.985,3881306.686,2.623086,-0.224230,-0.223296,1.0000,,,TRACKING|w0 d0 L6
20.231447,129.088729166667,35.074462833333,508089.343,3881304.360,0.834,-0.104894,gps_course,6,3.312,2.000,6,508086.985,3881306.686,2.467606,-0.260000,-0.237978,1.0000,,,TRACKING|w0 d0 L6
20.281434,129.088729166667,35.074462833333,508089.343,3881304.360,0.834,-0.104894,gps_course,6,3.312,2.000,6,508086.985,3881306.686,2.467606,-0.260000,-0.246787,1.0000,,,TRACKING|w0 d0 L6
20.331435,129.088729166667,35.074462833333,508089.343,3881304.360,0.834,-0.104894,gps_course,6,3.312,2.000,6,508086.985,3881306.686,2.467606,-0.260000,-0.252072,1.0000,,,TRACKING|w0 d0 L6
20.381427,129.088729166667,35.074462833333,508089.343,3881304.360,0.834,-0.104894,gps_course,6,3.312,2.000,6,508086.985,3881306.686,2.467606,-0.260000,-0.255243,1.0000,,,TRACKING|w0 d0 L6
20.431450,129.088729166667,35.074462833333,508089.343,3881304.360,0.834,-0.104894,gps_course,6,3.312,2.000,6,508086.985,3881306.686,2.467606,-0.260000,-0.257146,1.0000,,,TRACKING|w0 d0 L6
20.481430,129.088731333333,35.074462666667,508089.540,3881304.341,0.791,-0.072082,gps_course,6,3.468,2.000,6,508086.985,3881306.686,2.471062,-0.254201,-0.255968,1.0000,,,TRACKING|w0 d0 L6
20.531481,129.088731333333,35.074462666667,508089.540,3881304.341,0.791,-0.072082,gps_course,6,3.468,2.000,6,508086.985,3881306.686,2.471062,-0.254201,-0.255261,1.0000,,,TRACKING|w0 d0 L6
20.581428,129.088731333333,35.074462666667,508089.540,3881304.341,0.791,-0.072082,gps_course,6,3.468,2.000,6,508086.985,3881306.686,2.471062,-0.254201,-0.254837,1.0000,,,TRACKING|w0 d0 L6
20.631438,129.088731333333,35.074462666667,508089.540,3881304.341,0.791,-0.072082,gps_course,6,3.468,2.000,6,508086.985,3881306.686,2.471062,-0.254201,-0.254583,1.0000,,,TRACKING|w0 d0 L6
20.681437,129.088731333333,35.074462666667,508089.540,3881304.341,0.791,-0.072082,gps_course,6,3.468,2.000,6,508086.985,3881306.686,2.471062,-0.254201,-0.254430,1.0000,,,TRACKING|w0 d0 L6
20.731441,129.088733500000,35.074462833333,508089.738,3881304.360,0.804,0.096168,gps_course,6,3.604,2.000,6,508086.985,3881306.686,2.343700,-0.260000,-0.256658,1.0000,,,TRACKING|w0 d0 L6
20.781442,129.088733500000,35.074462833333,508089.738,3881304.360,0.804,0.096168,gps_course,6,3.604,2.000,6,508086.985,3881306.686,2.343700,-0.260000,-0.257995,1.0000,,,TRACKING|w0 d0 L6
20.831422,129.088733500000,35.074462833333,508089.738,3881304.360,0.804,0.096168,gps_course,6,3.604,2.000,6,508086.985,3881306.686,2.343700,-0.260000,-0.258797,1.0000,,,TRACKING|w0 d0 L6
20.881427,129.088733500000,35.074462833333,508089.738,3881304.360,0.804,0.096168,gps_course,6,3.604,2.000,6,508086.985,3881306.686,2.343700,-0.260000,-0.259278,1.0000,,,TRACKING|w0 d0 L6
20.931409,129.088733500000,35.074462833333,508089.738,3881304.360,0.804,0.096168,gps_course,6,3.604,2.000,6,508086.985,3881306.686,2.343700,-0.260000,-0.259567,1.0000,,,TRACKING|w0 d0 L6
20.981388,129.088735833333,35.074463166667,508089.950,3881304.397,0.847,0.165283,gps_course,6,3.746,2.000,6,508086.985,3881306.686,2.318828,-0.260000,-0.259740,1.0000,,,TRACKING|w0 d0 L6
21.031439,129.088735833333,35.074463166667,508089.950,3881304.397,0.847,0.165283,gps_course,6,3.746,2.000,6,508086.985,3881306.686,2.318828,-0.260000,-0.259844,1.0000,,,TRACKING|w0 d0 L6
21.081410,129.088735833333,35.074463166667,508089.950,3881304.397,0.847,0.165283,gps_course,6,3.746,2.000,6,508086.985,3881306.686,2.318828,-0.260000,-0.259906,1.0000,,,TRACKING|w0 d0 L6
21.131425,129.088735833333,35.074463166667,508089.950,3881304.397,0.847,0.165283,gps_course,6,3.746,2.000,6,508086.985,3881306.686,2.318828,-0.260000,-0.259944,1.0000,,,TRACKING|w0 d0 L6
21.181496,129.088735833333,35.074463166667,508089.950,3881304.397,0.847,0.165283,gps_course,6,3.746,2.000,6,508086.985,3881306.686,2.318828,-0.260000,-0.259966,1.0000,,,TRACKING|w0 d0 L6
21.231452,129.088737833333,35.074463833333,508090.133,3881304.471,0.818,0.365821,gps_course,6,3.849,2.000,6,508086.985,3881306.686,2.162485,-0.260000,-0.259980,1.0000,,,TRACKING|w0 d0 L6
21.281469,129.088737833333,35.074463833333,508090.133,3881304.471,0.818,0.365821,gps_course,6,3.849,2.000,6,508086.985,3881306.686,2.162485,-0.260000,-0.259988,1.0000,,,TRACKING|w0 d0 L6
21.331387,129.088737833333,35.074463833333,508090.133,3881304.471,0.818,0.365821,gps_course,6,3.849,2.000,6,508086.985,3881306.686,2.162485,-0.260000,-0.259993,1.0000,,,TRACKING|w0 d0 L6
21.381423,129.088737833333,35.074463833333,508090.133,3881304.471,0.818,0.365821,gps_course,6,3.849,2.000,6,508086.985,3881306.686,2.162485,-0.260000,-0.259996,1.0000,,,TRACKING|w0 d0 L6
21.431397,129.088737833333,35.074463833333,508090.133,3881304.471,0.818,0.365821,gps_course,6,3.849,2.000,6,508086.985,3881306.686,2.162485,-0.260000,-0.259997,1.0000,,,TRACKING|w0 d0 L6
21.481466,129.088739833333,35.074464666667,508090.315,3881304.564,0.811,0.496895,gps_course,6,3.949,2.000,6,508086.985,3881306.686,2.077167,-0.260000,-0.259998,1.0000,,,TRACKING|w0 d0 L6
21.531433,129.088739833333,35.074464666667,508090.315,3881304.564,0.811,0.496895,gps_course,6,3.949,2.000,6,508086.985,3881306.686,2.077167,-0.260000,-0.259999,1.0000,,,TRACKING|w0 d0 L6
21.581416,129.088739833333,35.074464666667,508090.315,3881304.564,0.811,0.496895,gps_course,6,3.949,2.000,6,508086.985,3881306.686,2.077167,-0.260000,-0.259999,1.0000,,,TRACKING|w0 d0 L6
21.631435,129.088739833333,35.074464666667,508090.315,3881304.564,0.811,0.496895,gps_course,6,3.949,2.000,6,508086.985,3881306.686,2.077167,-0.260000,-0.260000,1.0000,,,TRACKING|w0 d0 L6
21.681425,129.088739833333,35.074464666667,508090.315,3881304.564,0.811,0.496895,gps_course,6,3.949,2.000,6,508086.985,3881306.686,2.077167,-0.260000,-0.260000,1.0000,,,TRACKING|w0 d0 L6
21.731414,129.088741833333,35.074465500000,508090.497,3881304.657,0.826,0.475777,gps_course,6,4.056,2.000,6,508086.985,3881306.686,2.141697,-0.260000,-0.260000,1.0000,,,TRACKING|w0 d0 L6
21.781444,129.088741833333,35.074465500000,508090.497,3881304.657,0.826,0.475777,gps_course,6,4.056,2.000,6,508086.985,3881306.686,2.141697,-0.260000,-0.260000,1.0000,,,TRACKING|w0 d0 L6
21.831428,129.088741833333,35.074465500000,508090.497,3881304.657,0.826,0.475777,gps_course,6,4.056,2.000,6,508086.985,3881306.686,2.141697,-0.260000,-0.260000,1.0000,,,TRACKING|w0 d0 L6
21.881481,129.088741833333,35.074465500000,508090.497,3881304.657,0.826,0.475777,gps_course,6,4.056,2.000,6,508086.985,3881306.686,2.141697,-0.260000,-0.260000,1.0000,,,TRACKING|w0 d0 L6
21.931741,129.088741833333,35.074465500000,508090.497,3881304.657,0.826,0.475777,gps_course,6,4.056,2.000,6,508086.985,3881306.686,2.141697,-0.260000,-0.260000,1.0000,,,TRACKING|w0 d0 L6
21.981514,129.088743666667,35.074466666667,508090.664,3881304.786,0.849,0.623257,gps_course,6,4.141,2.000,6,508086.985,3881306.686,2.041504,-0.260000,-0.260000,1.0000,,,TRACKING|w0 d0 L6
22.031448,129.088743666667,35.074466666667,508090.664,3881304.786,0.849,0.623257,gps_course,6,4.141,2.000,6,508086.985,3881306.686,2.041504,-0.260000,-0.260000,1.0000,,,TRACKING|w0 d0 L6
22.081395,129.088743666667,35.074466666667,508090.664,3881304.786,0.849,0.623257,gps_course,6,4.141,2.000,6,508086.985,3881306.686,2.041504,-0.260000,-0.260000,1.0000,,,TRACKING|w0 d0 L6
22.131723,129.088743666667,35.074466666667,508090.664,3881304.786,0.849,0.623257,gps_course,6,4.141,2.000,6,508086.985,3881306.686,2.041504,-0.260000,-0.260000,1.0000,,,TRACKING|w0 d0 L6
22.181445,129.088743666667,35.074466666667,508090.664,3881304.786,0.849,0.623257,gps_course,6,4.141,2.000,6,508086.985,3881306.686,2.041504,-0.260000,-0.260000,1.0000,,,TRACKING|w0 d0 L6
22.231448,129.088745166667,35.074468166667,508090.801,3881304.953,0.888,0.840202,gps_course,6,4.191,2.000,6,508086.985,3881306.686,1.874831,-0.260000,-0.260000,1.0000,,,TRACKING|w0 d0 L6
22.281403,129.088745166667,35.074468166667,508090.801,3881304.953,0.888,0.840202,gps_course,6,4.191,2.000,6,508086.985,3881306.686,1.874831,-0.260000,-0.260000,1.0000,,,TRACKING|w0 d0 L6
22.331433,129.088745166667,35.074468166667,508090.801,3881304.953,0.888,0.840202,gps_course,6,4.191,2.000,6,508086.985,3881306.686,1.874831,-0.260000,-0.260000,1.0000,,,TRACKING|w0 d0 L6
22.381409,129.088745166667,35.074468166667,508090.801,3881304.953,0.888,0.840202,gps_course,6,4.191,2.000,6,508086.985,3881306.686,1.874831,-0.260000,-0.260000,1.0000,,,TRACKING|w0 d0 L6
22.431411,129.088745166667,35.074468166667,508090.801,3881304.953,0.888,0.840202,gps_course,6,4.191,2.000,6,508086.985,3881306.686,1.874831,-0.260000,-0.260000,1.0000,,,TRACKING|w0 d0 L6
22.481433,129.088746666667,35.074469666667,508090.937,3881305.119,0.843,0.910538,gps_course,6,4.252,2.000,6,508086.985,3881306.686,1.853454,-0.260000,-0.260000,1.0000,,,TRACKING|w0 d0 L6
22.531428,129.088746666667,35.074469666667,508090.937,3881305.119,0.843,0.910538,gps_course,6,4.252,2.000,6,508086.985,3881306.686,1.853454,-0.260000,-0.260000,1.0000,,,TRACKING|w0 d0 L6
22.581439,129.088746666667,35.074469666667,508090.937,3881305.119,0.843,0.910538,gps_course,6,4.252,2.000,6,508086.985,3881306.686,1.853454,-0.260000,-0.260000,1.0000,,,TRACKING|w0 d0 L6
22.631472,129.088746666667,35.074469666667,508090.937,3881305.119,0.843,0.910538,gps_course,6,4.252,2.000,6,508086.985,3881306.686,1.853454,-0.260000,-0.260000,1.0000,,,TRACKING|w0 d0 L6
22.681450,129.088746666667,35.074469666667,508090.937,3881305.119,0.843,0.910538,gps_course,6,4.252,2.000,6,508086.985,3881306.686,1.853454,-0.260000,-0.260000,1.0000,,,TRACKING|w0 d0 L6
22.731479,129.088748000000,35.074471333333,508091.059,3881305.304,0.898,0.988554,gps_course,6,4.302,2.000,6,508086.985,3881306.686,1.825827,-0.260000,-0.260000,1.0000,,,TRACKING|w0 d0 L6
22.781432,129.088748000000,35.074471333333,508091.059,3881305.304,0.898,0.988554,gps_course,6,4.302,2.000,6,508086.985,3881306.686,1.825827,-0.260000,-0.260000,1.0000,,,TRACKING|w0 d0 L6
22.831485,129.088748000000,35.074471333333,508091.059,3881305.304,0.898,0.988554,gps_course,6,4.302,2.000,6,508086.985,3881306.686,1.825827,-0.260000,-0.260000,1.0000,,,TRACKING|w0 d0 L6
22.881428,129.088748000000,35.074471333333,508091.059,3881305.304,0.898,0.988554,gps_course,6,4.302,2.000,6,508086.985,3881306.686,1.825827,-0.260000,-0.260000,1.0000,,,TRACKING|w0 d0 L6
22.931460,129.088748000000,35.074471333333,508091.059,3881305.304,0.898,0.988554,gps_course,6,4.302,2.000,6,508086.985,3881306.686,1.825827,-0.260000,-0.260000,1.0000,,,TRACKING|w0 d0 L6
22.981446,129.088749000000,35.074473166667,508091.150,3881305.507,0.866,1.184031,gps_course,6,4.328,2.000,6,508086.985,3881306.686,1.681629,-0.260000,-0.260000,1.0000,,,TRACKING|w0 d0 L6
23.031449,129.088749000000,35.074473166667,508091.150,3881305.507,0.866,1.184031,gps_course,6,4.328,2.000,6,508086.985,3881306.686,1.681629,-0.260000,-0.260000,1.0000,,,TRACKING|w0 d0 L6
23.081449,129.088749000000,35.074473166667,508091.150,3881305.507,0.866,1.184031,gps_course,6,4.328,2.000,6,508086.985,3881306.686,1.681629,-0.260000,-0.260000,1.0000,,,TRACKING|w0 d0 L6
23.131422,129.088749000000,35.074473166667,508091.150,3881305.507,0.866,1.184031,gps_course,6,4.328,2.000,6,508086.985,3881306.686,1.681629,-0.260000,-0.260000,1.0000,,,TRACKING|w0 d0 L6
23.181444,129.088749000000,35.074473166667,508091.150,3881305.507,0.866,1.184031,gps_course,6,4.328,2.000,6,508086.985,3881306.686,1.681629,-0.260000,-0.260000,1.0000,,,TRACKING|w0 d0 L6
23.231415,129.088749666667,35.074475000000,508091.210,3881305.711,0.875,1.304285,gps_course,6,4.336,2.000,6,508086.985,3881306.686,1.610328,-0.260000,-0.260000,1.0000,,,TRACKING|w0 d0 L6
23.281461,129.088749666667,35.074475000000,508091.210,3881305.711,0.875,1.304285,gps_course,6,4.336,2.000,6,508086.985,3881306.686,1.610328,-0.260000,-0.260000,1.0000,,,TRACKING|w0 d0 L6
23.331454,129.088749666667,35.074475000000,508091.210,3881305.711,0.875,1.304285,gps_course,6,4.336,2.000,6,508086.985,3881306.686,1.610328,-0.260000,-0.260000,1.0000,,,TRACKING|w0 d0 L6
23.381419,129.088749666667,35.074475000000,508091.210,3881305.711,0.875,1.304285,gps_course,6,4.336,2.000,6,508086.985,3881306.686,1.610328,-0.260000,-0.260000,1.0000,,,TRACKING|w0 d0 L6
23.431534,129.088749666667,35.074475000000,508091.210,3881305.711,0.875,1.304285,gps_course,6,4.336,2.000,6,508086.985,3881306.686,1.610328,-0.260000,-0.260000,1.0000,,,TRACKING|w0 d0 L6
23.481444,129.088750000000,35.074477000000,508091.241,3881305.933,0.889,1.436930,gps_course,6,4.321,2.000,6,508086.985,3881306.686,1.529291,-0.260000,-0.260000,1.0000,,,TRACKING|w0 d0 L6
23.531656,129.088750000000,35.074477000000,508091.241,3881305.933,0.889,1.436930,gps_course,6,4.321,2.000,6,508086.985,3881306.686,1.529291,-0.260000,-0.260000,1.0000,,,TRACKING|w0 d0 L6
23.581457,129.088750000000,35.074477000000,508091.241,3881305.933,0.889,1.436930,gps_course,6,4.321,2.000,6,508086.985,3881306.686,1.529291,-0.260000,-0.260000,1.0000,,,TRACKING|w0 d0 L6
23.631416,129.088750000000,35.074477000000,508091.241,3881305.933,0.889,1.436930,gps_course,6,4.321,2.000,6,508086.985,3881306.686,1.529291,-0.260000,-0.260000,1.0000,,,TRACKING|w0 d0 L6
23.681409,129.088750000000,35.074477000000,508091.241,3881305.933,0.889,1.436930,gps_course,6,4.321,2.000,6,508086.985,3881306.686,1.529291,-0.260000,-0.260000,1.0000,,,TRACKING|w0 d0 L6
23.731669,129.088750000000,35.074479166667,508091.240,3881306.173,0.833,1.458746,gps_course,6,4.286,2.000,6,508086.985,3881306.686,1.562696,-0.260000,-0.260000,1.0000,,,TRACKING|w0 d0 L6
23.781468,129.088750000000,35.074479166667,508091.240,3881306.173,0.833,1.458746,gps_course,6,4.286,2.000,6,508086.985,3881306.686,1.562696,-0.260000,-0.260000,1.0000,,,TRACKING|w0 d0 L6
23.831435,129.088750000000,35.074479166667,508091.240,3881306.173,0.833,1.458746,gps_course,6,4.286,2.000,6,508086.985,3881306.686,1.562696,-0.260000,-0.260000,1.0000,,,TRACKING|w0 d0 L6
23.881689,129.088750000000,35.074479166667,508091.240,3881306.173,0.833,1.458746,gps_course,6,4.286,2.000,6,508086.985,3881306.686,1.562696,-0.260000,-0.260000,1.0000,,,TRACKING|w0 d0 L6
23.931441,129.088750000000,35.074479166667,508091.240,3881306.173,0.833,1.458746,gps_course,6,4.286,2.000,6,508086.985,3881306.686,1.562696,-0.260000,-0.260000,1.0000,,,TRACKING|w0 d0 L6
23.981417,129.088749666667,35.074481166667,508091.210,3881306.395,0.875,1.703441,gps_course,6,4.234,2.000,6,508086.985,3881306.686,1.369152,-0.260000,-0.260000,1.0000,,,TRACKING|w0 d0 L6
24.031447,129.088749666667,35.074481166667,508091.210,3881306.395,0.875,1.703441,gps_course,6,4.234,2.000,6,508086.985,3881306.686,1.369152,-0.260000,-0.260000,1.0000,,,TRACKING|w0 d0 L6
24.081554,129.088749666667,35.074481166667,508091.210,3881306.395,0.875,1.703441,gps_course,6,4.234,2.000,6,508086.985,3881306.686,1.369152,-0.260000,-0.260000,1.0000,,,TRACKING|w0 d0 L6
24.131498,129.088749666667,35.074481166667,508091.210,3881306.395,0.875,1.703441,gps_course,6,4.234,2.000,6,508086.985,3881306.686,1.369152,-0.260000,-0.260000,1.0000,,,TRACKING|w0 d0 L6
24.181432,129.088749666667,35.074481166667,508091.210,3881306.395,0.875,1.703441,gps_course,6,4.234,2.000,6,508086.985,3881306.686,1.369152,-0.260000,-0.260000,1.0000,,,TRACKING|w0 d0 L6
24.231437,129.088749000000,35.074483000000,508091.149,3881306.598,0.918,1.848827,gps_course,6,4.164,2.000,6,508086.985,3881306.686,1.271467,-0.260000,-0.260000,1.0000,,,TRACKING|w0 d0 L6
24.281576,129.088749000000,35.074483000000,508091.149,3881306.598,0.918,1.848827,gps_course,6,4.164,2.000,6,508086.985,3881306.686,1.271467,-0.260000,-0.260000,1.0000,,,TRACKING|w0 d0 L6
24.331464,129.088749000000,35.074483000000,508091.149,3881306.598,0.918,1.848827,gps_course,6,4.164,2.000,6,508086.985,3881306.686,1.271467,-0.260000,-0.260000,1.0000,,,TRACKING|w0 d0 L6
24.381467,129.088749000000,35.074483000000,508091.149,3881306.598,0.918,1.848827,gps_course,6,4.164,2.000,6,508086.985,3881306.686,1.271467,-0.260000,-0.260000,1.0000,,,TRACKING|w0 d0 L6
24.431455,129.088749000000,35.074483000000,508091.149,3881306.598,0.918,1.848827,gps_course,6,4.164,2.000,6,508086.985,3881306.686,1.271467,-0.260000,-0.260000,1.0000,,,TRACKING|w0 d0 L6
24.481472,129.088748166667,35.074485000000,508091.073,3881306.820,0.862,1.920037,gps_course,6,4.089,2.000,6,508086.985,3881306.686,1.254095,-0.260000,-0.260000,1.0000,,,TRACKING|w0 d0 L6
24.531836,129.088748166667,35.074485000000,508091.073,3881306.820,0.862,1.920037,gps_course,6,4.089,2.000,6,508086.985,3881306.686,1.254095,-0.260000,-0.260000,1.0000,,,TRACKING|w0 d0 L6
24.581472,129.088748166667,35.074485000000,508091.073,3881306.820,0.862,1.920037,gps_course,6,4.089,2.000,6,508086.985,3881306.686,1.254095,-0.260000,-0.260000,1.0000,,,TRACKING|w0 d0 L6
24.631505,129.088748166667,35.074485000000,508091.073,3881306.820,0.862,1.920037,gps_course,6,4.089,2.000,6,508086.985,3881306.686,1.254095,-0.260000,-0.260000,1.0000,,,TRACKING|w0 d0 L6
24.681477,129.088748166667,35.074485000000,508091.073,3881306.820,0.862,1.920037,gps_course,6,4.089,2.000,6,508086.985,3881306.686,1.254095,-0.260000,-0.260000,1.0000,,,TRACKING|w0 d0 L6
24.731439,129.088746833333,35.074486666667,508090.951,3881307.004,0.893,2.105216,gps_course,6,3.978,2.000,6,508086.985,3881306.686,1.116336,-0.260000,-0.260000,1.0000,,,TRACKING|w0 d0 L6
24.781567,129.088746833333,35.074486666667,508090.951,3881307.004,0.893,2.105216,gps_course,6,3.978,2.000,6,508086.985,3881306.686,1.116336,-0.260000,-0.260000,1.0000,,,TRACKING|w0 d0 L6
24.831453,129.088746833333,35.074486666667,508090.951,3881307.004,0.893,2.105216,gps_course,6,3.978,2.000,6,508086.985,3881306.686,1.116336,-0.260000,-0.260000,1.0000,,,TRACKING|w0 d0 L6
24.881441,129.088746833333,35.074486666667,508090.951,3881307.004,0.893,2.105216,gps_course,6,3.978,2.000,6,508086.985,3881306.686,1.116336,-0.260000,-0.260000,1.0000,,,TRACKING|w0 d0 L6
24.931463,129.088746833333,35.074486666667,508090.951,3881307.004,0.893,2.105216,gps_course,6,3.978,2.000,6,508086.985,3881306.686,1.116336,-0.260000,-0.260000,1.0000,,,TRACKING|w0 d0 L6
24.981428,129.088745333333,35.074488333333,508090.814,3881307.189,0.945,2.230356,gps_course,6,3.861,2.000,6,508086.985,3881306.686,1.041731,-0.260000,-0.260000,1.0000,,,TRACKING|w0 d0 L6
25.031491,129.088745333333,35.074488333333,508090.814,3881307.189,0.945,2.230356,gps_course,6,3.861,2.000,6,508086.985,3881306.686,1.041731,-0.260000,-0.260000,1.0000,,,TRACKING|w0 d0 L6
25.081478,129.088745333333,35.074488333333,508090.814,3881307.189,0.945,2.230356,gps_course,6,3.861,2.000,6,508086.985,3881306.686,1.041731,-0.260000,-0.260000,1.0000,,,TRACKING|w0 d0 L6
25.131445,129.088745333333,35.074488333333,508090.814,3881307.189,0.945,2.230356,gps_course,6,3.861,2.000,6,508086.985,3881306.686,1.041731,-0.260000,-0.260000,1.0000,,,TRACKING|w0 d0 L6
25.181487,129.088745333333,35.074488333333,508090.814,3881307.189,0.945,2.230356,gps_course,6,3.861,2.000,6,508086.985,3881306.686,1.041731,-0.260000,-0.260000,1.0000,,,TRACKING|w0 d0 L6
25.231420,129.088743666667,35.074489666667,508090.662,3881307.337,0.895,2.410125,gps_course,6,3.734,2.000,6,508086.985,3881306.686,0.906507,-0.260000,-0.260000,1.0000,,,TRACKING|w0 d0 L6
25.281536,129.088743666667,35.074489666667,508090.662,3881307.337,0.895,2.410125,gps_course,6,3.734,2.000,6,508086.985,3881306.686,0.906507,-0.260000,-0.260000,1.0000,,,TRACKING|w0 d0 L6
25.331636,129.088743666667,35.074489666667,508090.662,3881307.337,0.895,2.410125,gps_course,6,3.734,2.000,6,508086.985,3881306.686,0.906507,-0.260000,-0.260000,1.0000,,,TRACKING|w0 d0 L6
25.381615,129.088743666667,35.074489666667,508090.662,3881307.337,0.895,2.410125,gps_course,6,3.734,2.000,6,508086.985,3881306.686,0.906507,-0.260000,-0.260000,1.0000,,,TRACKING|w0 d0 L6
25.431456,129.088743666667,35.074489666667,508090.662,3881307.337,0.895,2.410125,gps_course,6,3.734,2.000,6,508086.985,3881306.686,0.906507,-0.260000,-0.260000,1.0000,,,TRACKING|w0 d0 L6
25.481454,129.088741500000,35.074491166667,508090.464,3881307.503,0.941,2.455155,gps_course,6,3.573,2.000,6,508086.985,3881306.686,0.916932,-0.260000,-0.260000,1.0000,,,TRACKING|w0 d0 L6
25.531620,129.088741500000,35.074491166667,508090.464,3881307.503,0.941,2.455155,gps_course,6,3.573,2.000,6,508086.985,3881306.686,0.916932,-0.260000,-0.260000,1.0000,,,TRACKING|w0 d0 L6
25.581460,129.088741500000,35.074491166667,508090.464,3881307.503,0.941,2.455155,gps_course,6,3.573,2.000,6,508086.985,3881306.686,0.916932,-0.260000,-0.260000,1.0000,,,TRACKING|w0 d0 L6
25.631438,129.088741500000,35.074491166667,508090.464,3881307.503,0.941,2.455155,gps_course,6,3.573,2.000,6,508086.985,3881306.686,0.916932,-0.260000,-0.260000,1.0000,,,TRACKING|w0 d0 L6
25.681455,129.088741500000,35.074491166667,508090.464,3881307.503,0.941,2.455155,gps_course,6,3.573,2.000,6,508086.985,3881306.686,0.916932,-0.260000,-0.260000,1.0000,,,TRACKING|w0 d0 L6
25.731417,129.088739333333,35.074492166667,508090.267,3881307.614,0.961,2.677510,gps_course,6,3.410,2.000,6,508086.985,3881306.686,0.739448,-0.260000,-0.260000,1.0000,,,TRACKING|w0 d0 L6
25.781433,129.088739333333,35.074492166667,508090.267,3881307.614,0.961,2.677510,gps_course,6,3.410,2.000,6,508086.985,3881306.686,0.739448,-0.260000,-0.260000,1.0000,,,TRACKING|w0 d0 L6
25.831580,129.088739333333,35.074492166667,508090.267,3881307.614,0.961,2.677510,gps_course,6,3.410,2.000,6,508086.985,3881306.686,0.739448,-0.260000,-0.260000,1.0000,,,TRACKING|w0 d0 L6
25.881554,129.088739333333,35.074492166667,508090.267,3881307.614,0.961,2.677510,gps_course,6,3.410,2.000,6,508086.985,3881306.686,0.739448,-0.260000,-0.260000,1.0000,,,TRACKING|w0 d0 L6
25.931600,129.088739333333,35.074492166667,508090.267,3881307.614,0.961,2.677510,gps_course,6,3.410,2.000,6,508086.985,3881306.686,0.739448,-0.260000,-0.260000,1.0000,,,TRACKING|w0 d0 L6
25.981467,129.088736833333,35.074493000000,508090.039,3881307.706,0.928,2.758667,gps_course,6,3.219,2.000,6,508086.985,3881306.686,0.705134,-0.260000,-0.260000,1.0000,,,TRACKING|w0 d0 L6
26.031527,129.088736833333,35.074493000000,508090.039,3881307.706,0.928,2.758667,gps_course,6,3.219,2.000,6,508086.985,3881306.686,0.705134,-0.260000,-0.260000,1.0000,,,TRACKING|w0 d0 L6
26.081424,129.088736833333,35.074493000000,508090.039,3881307.706,0.928,2.758667,gps_course,6,3.219,2.000,6,508086.985,3881306.686,0.705134,-0.260000,-0.260000,1.0000,,,TRACKING|w0 d0 L6
26.131742,129.088736833333,35.074493000000,508090.039,3881307.706,0.928,2.758667,gps_course,6,3.219,2.000,6,508086.985,3881306.686,0.705134,-0.260000,-0.260000,1.0000,,,TRACKING|w0 d0 L6
26.181970,129.088736833333,35.074493000000,508090.039,3881307.706,0.928,2.758667,gps_course,6,3.219,2.000,6,508086.985,3881306.686,0.705134,-0.260000,-0.260000,1.0000,,,TRACKING|w0 d0 L6
26.231642,129.088734166667,35.074493666667,508089.795,3881307.780,0.969,2.827957,gps_course,6,3.015,2.000,6,508086.985,3881306.686,0.684594,-0.260000,-0.260000,1.0000,,,TRACKING|w0 d0 L6
26.281567,129.088734166667,35.074493666667,508089.795,3881307.780,0.969,2.827957,gps_course,6,3.015,2.000,6,508086.985,3881306.686,0.684594,-0.260000,-0.260000,1.0000,,,TRACKING|w0 d0 L6
26.331566,129.088734166667,35.074493666667,508089.795,3881307.780,0.969,2.827957,gps_course,6,3.015,2.000,6,508086.985,3881306.686,0.684594,-0.260000,-0.260000,1.0000,,,TRACKING|w0 d0 L6
26.381552,129.088734166667,35.074493666667,508089.795,3881307.780,0.969,2.827957,gps_course,6,3.015,2.000,6,508086.985,3881306.686,0.684594,-0.260000,-0.260000,1.0000,,,TRACKING|w0 d0 L6
26.431790,129.088734166667,35.074493666667,508089.795,3881307.780,0.969,2.827957,gps_course,6,3.015,2.000,6,508086.985,3881306.686,0.684594,-0.260000,-0.260000,1.0000,,,TRACKING|w0 d0 L6
26.481445,129.088731500000,35.074494000000,508089.552,3881307.816,0.961,3.079633,gps_course,6,2.805,2.000,6,508086.985,3881306.686,0.476573,-0.232873,-0.249149,1.0000,,,TRACKING|w0 d0 L6
26.531430,129.088731500000,35.074494000000,508089.552,3881307.816,0.961,3.079633,gps_course,6,2.805,2.000,6,508086.985,3881306.686,0.476573,-0.232873,-0.242639,1.0000,,,TRACKING|w0 d0 L6
26.581426,129.088731500000,35.074494000000,508089.552,3881307.816,0.961,3.079633,gps_course,6,2.805,2.000,6,508086.985,3881306.686,0.476573,-0.232873,-0.238733,1.0000,,,TRACKING|w0 d0 L6
26.631451,129.088731500000,35.074494000000,508089.552,3881307.816,0.961,3.079633,gps_course,6,2.805,2.000,6,508086.985,3881306.686,0.476573,-0.232873,-0.236389,1.0000,,,TRACKING|w0 d0 L6
26.681680,129.088731500000,35.074494000000,508089.552,3881307.816,0.961,3.079633,gps_course,6,2.805,2.000,6,508086.985,3881306.686,0.476573,-0.232873,-0.234983,1.0000,,,TRACKING|w0 d0 L6
26.731791,129.088728833333,35.074493833333,508089.309,3881307.798,0.989,3.137229,gps_course,6,2.576,2.000,6,508086.985,3881306.686,0.450357,-0.240306,-0.237112,1.0000,,,TRACKING|w0 d0 L6
26.781519,129.088728833333,35.074493833333,508089.309,3881307.798,0.989,3.137229,gps_course,6,2.576,2.000,6,508086.985,3881306.686,0.450357,-0.240306,-0.238389,1.0000,,,TRACKING|w0 d0 L6
26.831462,129.088728833333,35.074493833333,508089.309,3881307.798,0.989,3.137229,gps_course,6,2.576,2.000,6,508086.985,3881306.686,0.450357,-0.240306,-0.239156,1.0000,,,TRACKING|w0 d0 L6
26.881412,129.088728833333,35.074493833333,508089.309,3881307.798,0.989,3.137229,gps_course,6,2.576,2.000,6,508086.985,3881306.686,0.450357,-0.240306,-0.239616,1.0000,,,TRACKING|w0 d0 L6
26.931427,129.088728833333,35.074493833333,508089.309,3881307.798,0.989,3.137229,gps_course,6,2.576,2.000,6,508086.985,3881306.686,0.450357,-0.240306,-0.239892,1.0000,,,TRACKING|w0 d0 L6
26.981396,129.088726333333,35.074493666667,508089.081,3881307.779,0.961,-2.994810,gps_course,6,2.363,2.000,6,508086.985,3881306.686,0.333681,-0.198294,-0.223253,1.0000,,,TRACKING|w0 d0 L6
27.031464,129.088726333333,35.074493666667,508089.081,3881307.779,0.961,-2.994810,gps_course,6,2.363,2.000,6,508086.985,3881306.686,0.333681,-0.198294,-0.213269,1.0000,,,TRACKING|w0 d0 L6
27.081426,129.088726333333,35.074493666667,508089.081,3881307.779,0.961,-2.994810,gps_course,6,2.363,2.000,6,508086.985,3881306.686,0.333681,-0.198294,-0.207279,1.0000,,,TRACKING|w0 d0 L6
27.131420,129.088726333333,35.074493666667,508089.081,3881307.779,0.961,-2.994810,gps_course,6,2.363,2.000,6,508086.985,3881306.686,0.333681,-0.198294,-0.203685,1.0000,,,TRACKING|w0 d0 L6
27.181502,129.088726333333,35.074493666667,508089.081,3881307.779,0.961,-2.994810,gps_course,6,2.363,2.000,6,508086.985,3881306.686,0.333681,-0.198294,-0.201529,1.0000,,,TRACKING|w0 d0 L6
27.231434,129.088724000000,35.074493000000,508088.869,3881307.705,0.926,-2.870194,gps_course,6,2.141,2.000,6,508086.985,3881306.686,0.224274,-0.149503,-0.180719,1.0000,,,TRACKING|w0 d0 L6
27.281440,129.088724000000,35.074493000000,508088.869,3881307.705,0.926,-2.870194,gps_course,6,2.141,2.000,6,508086.985,3881306.686,0.224274,-0.149503,-0.168232,1.0000,,,TRACKING|w0 d0 L6
27.331425,129.088724000000,35.074493000000,508088.869,3881307.705,0.926,-2.870194,gps_course,6,2.141,2.000,6,508086.985,3881306.686,0.224274,-0.149503,-0.160741,1.0000,,,TRACKING|w0 d0 L6
27.381445,129.088724000000,35.074493000000,508088.869,3881307.705,0.926,-2.870194,gps_course,6,2.141,2.000,6,508086.985,3881306.686,0.224274,-0.149503,-0.156246,1.0000,,,TRACKING|w0 d0 L6
27.431482,129.088724000000,35.074493000000,508088.869,3881307.705,0.926,-2.870194,gps_course,6,2.141,2.000,6,508086.985,3881306.686,0.224274,-0.149503,-0.153549,1.0000,,,TRACKING|w0 d0 L6
27.481443,129.088721666667,35.074492333333,508088.656,3881307.631,0.902,-2.714685,gps_course,6,1.919,2.000,7,508086.029,3881306.205,0.070198,-0.034010,-0.123572,1.0000,,,TRACKING|w0 d0 L6
27.531588,129.088721666667,35.074492333333,508088.656,3881307.631,0.902,-2.714685,gps_course,6,1.919,2.000,7,508086.029,3881306.205,0.070198,-0.034010,-0.093485,1.0000,,,TRACKING|w0 d0 L6
27.581452,129.088721666667,35.074492333333,508088.656,3881307.631,0.902,-2.714685,gps_course,6,1.919,2.000,7,508086.029,3881306.205,0.070198,-0.034010,-0.069695,1.0000,,,TRACKING|w0 d0 L6
27.631809,129.088721666667,35.074492333333,508088.656,3881307.631,0.902,-2.714685,gps_course,6,1.919,2.000,7,508086.029,3881306.205,0.070198,-0.034010,-0.055421,1.0000,,,TRACKING|w0 d0 L6
27.681443,129.088721666667,35.074492333333,508088.656,3881307.631,0.902,-2.714685,gps_course,6,1.919,2.000,7,508086.029,3881306.205,0.070198,-0.034010,-0.046856,1.0000,,,TRACKING|w0 d0 L6
27.731395,129.088719666667,35.074491333333,508088.474,3881307.520,0.867,-2.608220,gps_course,6,1.706,2.000,7,508086.029,3881306.205,-0.040125,0.020949,-0.019734,1.0000,,,TRACKING|w0 d0 L6
27.781431,129.088719666667,35.074491333333,508088.474,3881307.520,0.867,-2.608220,gps_course,6,1.706,2.000,7,508086.029,3881306.205,-0.040125,0.020949,-0.003461,1.0000,,,TRACKING|w0 d0 L6
27.831460,129.088719666667,35.074491333333,508088.474,3881307.520,0.867,-2.608220,gps_course,6,1.706,2.000,7,508086.029,3881306.205,-0.040125,0.020949,0.006303,1.0000,,,TRACKING|w0 d0 L6
27.881553,129.088719666667,35.074491333333,508088.474,3881307.520,0.867,-2.608220,gps_course,6,1.706,2.000,7,508086.029,3881306.205,-0.040125,0.020949,0.012161,1.0000,,,TRACKING|w0 d0 L6
27.931435,129.088719666667,35.074491333333,508088.474,3881307.520,0.867,-2.608220,gps_course,6,1.706,2.000,7,508086.029,3881306.205,-0.040125,0.020949,0.015676,1.0000,,,TRACKING|w0 d0 L6
27.981423,129.088717666667,35.074490000000,508088.292,3881307.372,0.879,-2.484302,gps_course,6,1.475,2.000,7,508086.029,3881306.205,-0.181369,0.102370,0.045670,1.0000,,,TRACKING|w0 d0 L6
28.031476,129.088717666667,35.074490000000,508088.292,3881307.372,0.879,-2.484302,gps_course,6,1.475,2.000,7,508086.029,3881306.205,-0.181369,0.102370,0.068350,1.0000,,,TRACKING|w0 d0 L6
28.081480,129.088717666667,35.074490000000,508088.292,3881307.372,0.879,-2.484302,gps_course,6,1.475,2.000,7,508086.029,3881306.205,-0.181369,0.102370,0.081958,1.0000,,,TRACKING|w0 d0 L6
28.131432,129.088717666667,35.074490000000,508088.292,3881307.372,0.879,-2.484302,gps_course,6,1.475,2.000,7,508086.029,3881306.205,-0.181369,0.102370,0.090123,1.0000,,,TRACKING|w0 d0 L6
28.181445,129.088717666667,35.074490000000,508088.292,3881307.372,0.879,-2.484302,gps_course,6,1.475,2.000,7,508086.029,3881306.205,-0.181369,0.102370,0.095022,1.0000,,,TRACKING|w0 d0 L6
28.231480,129.088716166667,35.074488500000,508088.155,3881307.205,0.884,-2.251998,gps_course,6,1.279,2.000,7,508086.029,3881306.205,-0.450016,0.260000,0.125043,1.0000,,,TRACKING|w0 d0 L6
28.281504,129.088716166667,35.074488500000,508088.155,3881307.205,0.884,-2.251998,gps_course,6,1.279,2.000,7,508086.029,3881306.205,-0.450016,0.260000,0.155057,1.0000,,,TRACKING|w0 d0 L6
28.331469,129.088716166667,35.074488500000,508088.155,3881307.205,0.884,-2.251998,gps_course,6,1.279,2.000,7,508086.029,3881306.205,-0.450016,0.260000,0.185036,1.0000,,,TRACKING|w0 d0 L6
28.381715,129.088716166667,35.074488500000,508088.155,3881307.205,0.884,-2.251998,gps_course,6,1.279,2.000,7,508086.029,3881306.205,-0.450016,0.260000,0.215022,1.0000,,,TRACKING|w0 d0 L6
28.431503,129.088716166667,35.074488500000,508088.155,3881307.205,0.884,-2.251998,gps_course,6,1.279,2.000,7,508086.029,3881306.205,-0.450016,0.260000,0.233013,1.0000,,,TRACKING|w0 d0 L6
28.481428,129.088714833333,35.074487000000,508088.034,3881307.039,0.816,-2.231054,gps_course,6,1.106,2.000,7,508086.029,3881306.205,-0.516551,0.260000,0.243808,1.0000,,,TRACKING|w0 d0 L6
28.531492,129.088714833333,35.074487000000,508088.034,3881307.039,0.816,-2.231054,gps_course,6,1.106,2.000,7,508086.029,3881306.205,-0.516551,0.260000,0.250285,1.0000,,,TRACKING|w0 d0 L6
28.581443,129.088714833333,35.074487000000,508088.034,3881307.039,0.816,-2.231054,gps_course,6,1.106,2.000,7,508086.029,3881306.205,-0.516551,0.260000,0.254171,1.0000,,,TRACKING|w0 d0 L6
28.631448,129.088714833333,35.074487000000,508088.034,3881307.039,0.816,-2.231054,gps_course,6,1.106,2.000,7,508086.029,3881306.205,-0.516551,0.260000,0.256502,1.0000,,,TRACKING|w0 d0 L6
28.681439,129.088714833333,35.074487000000,508088.034,3881307.039,0.816,-2.231054,gps_course,6,1.106,2.000,7,508086.029,3881306.205,-0.516551,0.260000,0.257901,1.0000,,,TRACKING|w0 d0 L6
28.731425,129.088713833333,35.074485333333,508087.943,3881306.854,0.829,-2.110452,gps_course,6,0.972,2.000,7,508086.029,3881306.205,-0.704406,0.260000,0.258741,1.0000,,,TRACKING|w0 d0 L6
28.781440,129.088713833333,35.074485333333,508087.943,3881306.854,0.829,-2.110452,gps_course,6,0.972,2.000,7,508086.029,3881306.205,-0.704406,0.260000,0.259245,1.0000,,,TRACKING|w0 d0 L6
28.831408,129.088713833333,35.074485333333,508087.943,3881306.854,0.829,-2.110452,gps_course,6,0.972,2.000,7,508086.029,3881306.205,-0.704406,0.260000,0.259547,1.0000,,,TRACKING|w0 d0 L6
28.881449,129.088713833333,35.074485333333,508087.943,3881306.854,0.829,-2.110452,gps_course,6,0.972,2.000,7,508086.029,3881306.205,-0.704406,0.260000,0.259728,1.0000,,,TRACKING|w0 d0 L6
28.931448,129.088713833333,35.074485333333,508087.943,3881306.854,0.829,-2.110452,gps_course,6,0.972,2.000,7,508086.029,3881306.205,-0.704406,0.260000,0.259837,1.0000,,,TRACKING|w0 d0 L6
28.981445,129.088713000000,35.074483500000,508087.867,3881306.650,0.839,-1.926669,gps_course,6,0.882,2.000,8,508084.965,3881305.650,-0.882807,0.260000,0.259902,1.0000,,,TRACKING|w0 d0 L6
29.031483,129.088713000000,35.074483500000,508087.867,3881306.650,0.839,-1.926669,gps_course,6,0.882,2.000,8,508084.965,3881305.650,-0.882807,0.260000,0.259941,1.0000,,,TRACKING|w0 d0 L6
29.081478,129.088713000000,35.074483500000,508087.867,3881306.650,0.839,-1.926669,gps_course,6,0.882,2.000,8,508084.965,3881305.650,-0.882807,0.260000,0.259965,1.0000,,,TRACKING|w0 d0 L6
29.131427,129.088713000000,35.074483500000,508087.867,3881306.650,0.839,-1.926669,gps_course,6,0.882,2.000,8,508084.965,3881305.650,-0.882807,0.260000,0.259979,1.0000,,,TRACKING|w0 d0 L6
29.181485,129.088713000000,35.074483500000,508087.867,3881306.650,0.839,-1.926669,gps_course,6,0.882,2.000,8,508084.965,3881305.650,-0.882807,0.260000,0.259987,1.0000,,,TRACKING|w0 d0 L6
29.231615,129.088712166667,35.074481833333,508087.791,3881306.465,0.834,-1.839228,gps_course,6,0.835,2.000,8,508084.965,3881305.650,-1.021300,0.260000,0.259992,1.0000,,,TRACKING|w0 d0 L6
29.281545,129.088712166667,35.074481833333,508087.791,3881306.465,0.834,-1.839228,gps_course,6,0.835,2.000,8,508084.965,3881305.650,-1.021300,0.260000,0.259995,1.0000,,,TRACKING|w0 d0 L6
29.331418,129.088712166667,35.074481833333,508087.791,3881306.465,0.834,-1.839228,gps_course,6,0.835,2.000,8,508084.965,3881305.650,-1.021300,0.260000,0.259997,1.0000,,,TRACKING|w0 d0 L6
29.381464,129.088712166667,35.074481833333,508087.791,3881306.465,0.834,-1.839228,gps_course,6,0.835,2.000,8,508084.965,3881305.650,-1.021300,0.260000,0.259998,1.0000,,,TRACKING|w0 d0 L6
29.431685,129.088712166667,35.074481833333,508087.791,3881306.465,0.834,-1.839228,gps_course,6,0.835,2.000,8,508084.965,3881305.650,-1.021300,0.260000,0.259999,1.0000,,,TRACKING|w0 d0 L6
29.481604,129.088711833333,35.074479833333,508087.761,3881306.244,0.821,-1.775349,gps_course,6,0.893,2.000,8,508084.965,3881305.650,-1.156887,0.260000,0.259999,1.0000,,,TRACKING|w0 d0 L6
29.531601,129.088711833333,35.074479833333,508087.761,3881306.244,0.821,-1.775349,gps_course,6,0.893,2.000,8,508084.965,3881305.650,-1.156887,0.260000,0.260000,1.0000,,,TRACKING|w0 d0 L6
29.581419,129.088711833333,35.074479833333,508087.761,3881306.244,0.821,-1.775349,gps_course,6,0.893,2.000,8,508084.965,3881305.650,-1.156887,0.260000,0.260000,1.0000,,,TRACKING|w0 d0 L6
29.631696,129.088711833333,35.074479833333,508087.761,3881306.244,0.821,-1.775349,gps_course,6,0.893,2.000,8,508084.965,3881305.650,-1.156887,0.260000,0.260000,1.0000,,,TRACKING|w0 d0 L6
29.681854,129.088711833333,35.074479833333,508087.761,3881306.244,0.821,-1.775349,gps_course,6,0.893,2.000,8,508084.965,3881305.650,-1.156887,0.260000,0.260000,1.0000,,,TRACKING|w0 d0 L6
29.731511,129.088711833333,35.074477833333,508087.761,3881306.022,0.844,-1.554739,gps_course,6,1.021,2.000,8,508084.965,3881305.650,-1.454515,0.260000,0.260000,1.0000,,,TRACKING|w0 d0 L6
29.781404,129.088711833333,35.074477833333,508087.761,3881306.022,0.844,-1.554739,gps_course,6,1.021,2.000,8,508084.965,3881305.650,-1.454515,0.260000,0.260000,1.0000,,,TRACKING|w0 d0 L6
29.831410,129.088711833333,35.074477833333,508087.761,3881306.022,0.844,-1.554739,gps_course,6,1.021,2.000,8,508084.965,3881305.650,-1.454515,0.260000,0.260000,1.0000,,,TRACKING|w0 d0 L6
29.881479,129.088711833333,35.074477833333,508087.761,3881306.022,0.844,-1.554739,gps_course,6,1.021,2.000,8,508084.965,3881305.650,-1.454515,0.260000,0.260000,1.0000,,,TRACKING|w0 d0 L6
29.931438,129.088711833333,35.074477833333,508087.761,3881306.022,0.844,-1.554739,gps_course,6,1.021,2.000,8,508084.965,3881305.650,-1.454515,0.260000,0.260000,1.0000,,,TRACKING|w0 d0 L6
29.981632,129.088712166667,35.074476000000,508087.791,3881305.819,0.848,-1.452638,gps_course,6,1.185,2.000,8,508084.965,3881305.650,-1.629282,0.260000,0.260000,1.0000,,,TRACKING|w0 d0 L6
30.031425,129.088712166667,35.074476000000,508087.791,3881305.819,0.848,-1.452638,gps_course,6,1.185,2.000,8,508084.965,3881305.650,-1.629282,0.260000,0.260000,1.0000,,,TRACKING|w0 d0 L6
30.081426,129.088712166667,35.074476000000,508087.791,3881305.819,0.848,-1.452638,gps_course,6,1.185,2.000,8,508084.965,3881305.650,-1.629282,0.260000,0.260000,1.0000,,,TRACKING|w0 d0 L6
30.131432,129.088712166667,35.074476000000,508087.791,3881305.819,0.848,-1.452638,gps_course,6,1.185,2.000,8,508084.965,3881305.650,-1.629282,0.260000,0.260000,1.0000,,,TRACKING|w0 d0 L6
30.181573,129.088712166667,35.074476000000,508087.791,3881305.819,0.848,-1.452638,gps_course,6,1.185,2.000,8,508084.965,3881305.650,-1.629282,0.260000,0.260000,1.0000,,,TRACKING|w0 d0 L6
30.231561,129.088712666667,35.074474166667,508087.837,3881305.615,0.809,-1.324007,gps_course,6,1.369,2.000,8,508084.965,3881305.650,-1.829574,0.260000,0.260000,1.0000,,,TRACKING|w0 d0 L6
30.281576,129.088712666667,35.074474166667,508087.837,3881305.615,0.809,-1.324007,gps_course,6,1.369,2.000,8,508084.965,3881305.650,-1.829574,0.260000,0.260000,1.0000,,,TRACKING|w0 d0 L6
30.331581,129.088712666667,35.074474166667,508087.837,3881305.615,0.809,-1.324007,gps_course,6,1.369,2.000,8,508084.965,3881305.650,-1.829574,0.260000,0.260000,1.0000,,,TRACKING|w0 d0 L6
30.381623,129.088712666667,35.074474166667,508087.837,3881305.615,0.809,-1.324007,gps_course,6,1.369,2.000,8,508084.965,3881305.650,-1.829574,0.260000,0.260000,1.0000,,,TRACKING|w0 d0 L6
30.431468,129.088712666667,35.074474166667,508087.837,3881305.615,0.809,-1.324007,gps_course,6,1.369,2.000,8,508084.965,3881305.650,-1.829574,0.260000,0.260000,1.0000,,,TRACKING|w0 d0 L6
30.481672,129.088713500000,35.074472333333,508087.913,3881305.412,0.827,-1.229410,gps_course,6,1.577,2.000,7,508086.029,3881306.205,-2.310448,0.260000,0.260000,1.0000,,,TRACKING|w0 d0 L6
30.531439,129.088713500000,35.074472333333,508087.913,3881305.412,0.827,-1.229410,gps_course,6,1.577,2.000,7,508086.029,3881306.205,-2.310448,0.260000,0.260000,1.0000,,,TRACKING|w0 d0 L6
30.581557,129.088713500000,35.074472333333,508087.913,3881305.412,0.827,-1.229410,gps_course,6,1.577,2.000,7,508086.029,3881306.205,-2.310448,0.260000,0.260000,1.0000,,,TRACKING|w0 d0 L6
30.631541,129.088713500000,35.074472333333,508087.913,3881305.412,0.827,-1.229410,gps_course,6,1.577,2.000,7,508086.029,3881306.205,-2.310448,0.260000,0.260000,1.0000,,,TRACKING|w0 d0 L6
30.681424,129.088713500000,35.074472333333,508087.913,3881305.412,0.827,-1.229410,gps_course,6,1.577,2.000,7,508086.029,3881306.205,-2.310448,0.260000,0.260000,1.0000,,,TRACKING|w0 d0 L6
30.731583,129.088714500000,35.074470833333,508088.005,3881305.246,0.793,-1.131322,gps_course,6,1.765,2.000,7,508086.029,3881306.205,-2.462203,0.260000,0.260000,1.0000,,,TRACKING|w0 d0 L6
30.781687,129.088714500000,35.074470833333,508088.005,3881305.246,0.793,-1.131322,gps_course,6,1.765,2.000,7,508086.029,3881306.205,-2.462203,0.260000,0.260000,1.0000,,,TRACKING|w0 d0 L6
30.831582,129.088714500000,35.074470833333,508088.005,3881305.246,0.793,-1.131322,gps_course,6,1.765,2.000,7,508086.029,3881306.205,-2.462203,0.260000,0.260000,1.0000,,,TRACKING|w0 d0 L6
30.881445,129.088714500000,35.074470833333,508088.005,3881305.246,0.793,-1.131322,gps_course,6,1.765,2.000,7,508086.029,3881306.205,-2.462203,0.260000,0.260000,1.0000,,,TRACKING|w0 d0 L6
30.931419,129.088714500000,35.074470833333,508088.005,3881305.246,0.793,-1.131322,gps_course,6,1.765,2.000,7,508086.029,3881306.205,-2.462203,0.260000,0.260000,1.0000,,,TRACKING|w0 d0 L6
30.981451,129.088715666667,35.074469166667,508088.111,3881305.061,0.796,-0.971974,gps_course,6,1.977,2.000,7,508086.029,3881306.205,-2.671931,0.260000,0.260000,1.0000,,,TRACKING|w0 d0 L6
31.031609,129.088715666667,35.074469166667,508088.111,3881305.061,0.796,-0.971974,gps_course,6,1.977,2.000,7,508086.029,3881306.205,-2.671931,0.260000,0.260000,1.0000,,,TRACKING|w0 d0 L6
31.081567,129.088715666667,35.074469166667,508088.111,3881305.061,0.796,-0.971974,gps_course,6,1.977,2.000,7,508086.029,3881306.205,-2.671931,0.260000,0.260000,1.0000,,,TRACKING|w0 d0 L6
31.131445,129.088715666667,35.074469166667,508088.111,3881305.061,0.796,-0.971974,gps_course,6,1.977,2.000,7,508086.029,3881306.205,-2.671931,0.260000,0.260000,1.0000,,,TRACKING|w0 d0 L6
31.181539,129.088715666667,35.074469166667,508088.111,3881305.061,0.796,-0.971974,gps_course,6,1.977,2.000,7,508086.029,3881306.205,-2.671931,0.260000,0.260000,1.0000,,,TRACKING|w0 d0 L6
31.232196,129.088717166667,35.074467833333,508088.248,3881304.913,0.816,-0.849277,gps_course,6,2.177,2.000,6,508086.985,3881306.686,3.038885,-0.068187,0.229605,1.0000,,,TRACKING|w0 d0 L6
31.281451,129.088717166667,35.074467833333,508088.248,3881304.913,0.816,-0.849277,gps_course,6,2.177,2.000,6,508086.985,3881306.686,3.038885,-0.068187,0.200053,1.0000,,,TRACKING|w0 d0 L6
31.331443,129.088717166667,35.074467833333,508088.248,3881304.913,0.816,-0.849277,gps_course,6,2.177,2.000,6,508086.985,3881306.686,3.038885,-0.068187,0.170057,1.0000,,,TRACKING|w0 d0 L6
31.381412,129.088717166667,35.074467833333,508088.248,3881304.913,0.816,-0.849277,gps_course,6,2.177,2.000,6,508086.985,3881306.686,3.038885,-0.068187,0.140076,1.0000,,,TRACKING|w0 d0 L6
31.431474,129.088717166667,35.074467833333,508088.248,3881304.913,0.816,-0.849277,gps_course,6,2.177,2.000,6,508086.985,3881306.686,3.038885,-0.068187,0.110039,1.0000,,,TRACKING|w0 d0 L6
31.481445,129.088718833333,35.074466500000,508088.400,3881304.766,0.812,-0.723439,gps_course,6,2.386,2.000,6,508086.985,3881306.686,2.929054,-0.127511,0.080056,1.0000,,,TRACKING|w0 d0 L6
31.531599,129.088718833333,35.074466500000,508088.400,3881304.766,0.812,-0.723439,gps_course,6,2.386,2.000,6,508086.985,3881306.686,2.929054,-0.127511,0.049964,1.0000,,,TRACKING|w0 d0 L6
31.581429,129.088718833333,35.074466500000,508088.400,3881304.766,0.812,-0.723439,gps_course,6,2.386,2.000,6,508086.985,3881306.686,2.929054,-0.127511,0.020066,1.0000,,,TRACKING|w0 d0 L6
31.631593,129.088718833333,35.074466500000,508088.400,3881304.766,0.812,-0.723439,gps_course,6,2.386,2.000,6,508086.985,3881306.686,2.929054,-0.127511,-0.010032,1.0000,,,TRACKING|w0 d0 L6
31.681392,129.088718833333,35.074466500000,508088.400,3881304.766,0.812,-0.723439,gps_course,6,2.386,2.000,6,508086.985,3881306.686,2.929054,-0.127511,-0.039912,1.0000,,,TRACKING|w0 d0 L6
31.731421,129.088720500000,35.074465500000,508088.552,3881304.655,0.800,-0.586082,gps_course,6,2.566,2.000,6,508086.985,3881306.686,2.813813,-0.179975,-0.069929,1.0000,,,TRACKING|w0 d0 L6
31.781434,129.088720500000,35.074465500000,508088.552,3881304.655,0.800,-0.586082,gps_course,6,2.566,2.000,6,508086.985,3881306.686,2.813813,-0.179975,-0.099937,1.0000,,,TRACKING|w0 d0 L6
31.831435,129.088720500000,35.074465500000,508088.552,3881304.655,0.800,-0.586082,gps_course,6,2.566,2.000,6,508086.985,3881306.686,2.813813,-0.179975,-0.129938,1.0000,,,TRACKING|w0 d0 L6
31.881454,129.088720500000,35.074465500000,508088.552,3881304.655,0.800,-0.586082,gps_course,6,2.566,2.000,6,508086.985,3881306.686,2.813813,-0.179975,-0.149953,1.0000,,,TRACKING|w0 d0 L6
31.931438,129.088720500000,35.074465500000,508088.552,3881304.655,0.800,-0.586082,gps_course,6,2.566,2.000,6,508086.985,3881306.686,2.813813,-0.179975,-0.161962,1.0000,,,TRACKING|w0 d0 L6
31.981446,129.088722500000,35.074464500000,508088.735,3881304.544,0.804,-0.530580,gps_course,6,2.766,2.000,6,508086.985,3881306.686,2.786096,-0.180481,-0.169369,1.0000,,,TRACKING|w0 d0 L6
32.031427,129.088722500000,35.074464500000,508088.735,3881304.544,0.804,-0.530580,gps_course,6,2.766,2.000,6,508086.985,3881306.686,2.786096,-0.180481,-0.173814,1.0000,,,TRACKING|w0 d0 L6
32.081437,129.088722500000,35.074464500000,508088.735,3881304.544,0.804,-0.530580,gps_course,6,2.766,2.000,6,508086.985,3881306.686,2.786096,-0.180481,-0.176481,1.0000,,,TRACKING|w0 d0 L6
32.131402,129.088722500000,35.074464500000,508088.735,3881304.544,0.804,-0.530580,gps_course,6,2.766,2.000,6,508086.985,3881306.686,2.786096,-0.180481,-0.178081,1.0000,,,TRACKING|w0 d0 L6
32.181416,129.088722500000,35.074464500000,508088.735,3881304.544,0.804,-0.530580,gps_course,6,2.766,2.000,6,508086.985,3881306.686,2.786096,-0.180481,-0.179041,1.0000,,,TRACKING|w0 d0 L6
32.231762,129.088724666667,35.074463833333,508088.932,3881304.470,0.845,-0.365297,gps_course,6,2.950,2.000,6,508086.985,3881306.686,2.656894,-0.225146,-0.197483,1.0000,,,TRACKING|w0 d0 L6
32.281570,129.088724666667,35.074463833333,508088.932,3881304.470,0.845,-0.365297,gps_course,6,2.950,2.000,6,508086.985,3881306.686,2.656894,-0.225146,-0.208548,1.0000,,,TRACKING|w0 d0 L6
32.331846,129.088724666667,35.074463833333,508088.932,3881304.470,0.845,-0.365297,gps_course,6,2.950,2.000,6,508086.985,3881306.686,2.656894,-0.225146,-0.215188,1.0000,,,TRACKING|w0 d0 L6
32.381489,129.088724666667,35.074463833333,508088.932,3881304.470,0.845,-0.365297,gps_course,6,2.950,2.000,6,508086.985,3881306.686,2.656894,-0.225146,-0.219171,1.0000,,,TRACKING|w0 d0 L6
32.431431,129.088724666667,35.074463833333,508088.932,3881304.470,0.845,-0.365297,gps_course,6,2.950,2.000,6,508086.985,3881306.686,2.656894,-0.225146,-0.221561,1.0000,,,TRACKING|w0 d0 L6
32.481432,129.088726833333,35.074463333333,508089.130,3881304.415,0.813,-0.324631,gps_course,6,3.124,2.000,6,508086.985,3881306.686,2.652076,-0.214884,-0.218890,1.0000,,,TRACKING|w0 d0 L6
32.531441,129.088726833333,35.074463333333,508089.130,3881304.415,0.813,-0.324631,gps_course,6,3.124,2.000,6,508086.985,3881306.686,2.652076,-0.214884,-0.217288,1.0000,,,TRACKING|w0 d0 L6
32.581423,129.088726833333,35.074463333333,508089.130,3881304.415,0.813,-0.324631,gps_course,6,3.124,2.000,6,508086.985,3881306.686,2.652076,-0.214884,-0.216326,1.0000,,,TRACKING|w0 d0 L6
32.631393,129.088726833333,35.074463333333,508089.130,3881304.415,0.813,-0.324631,gps_course,6,3.124,2.000,6,508086.985,3881306.686,2.652076,-0.214884,-0.215749,1.0000,,,TRACKING|w0 d0 L6
32.681420,129.088726833333,35.074463333333,508089.130,3881304.415,0.813,-0.324631,gps_course,6,3.124,2.000,6,508086.985,3881306.686,2.652076,-0.214884,-0.215403,1.0000,,,TRACKING|w0 d0 L6
32.731422,129.088729166667,35.074463166667,508089.343,3881304.397,0.845,-0.097435,gps_course,6,3.286,2.000,6,508086.985,3881306.686,2.468145,-0.260000,-0.233242,1.0000,,,TRACKING|w0 d0 L6
32.781443,129.088729166667,35.074463166667,508089.343,3881304.397,0.845,-0.097435,gps_course,6,3.286,2.000,6,508086.985,3881306.686,2.468145,-0.260000,-0.243945,1.0000,,,TRACKING|w0 d0 L6
32.831426,129.088729166667,35.074463166667,508089.343,3881304.397,0.845,-0.097435,gps_course,6,3.286,2.000,6,508086.985,3881306.686,2.468145,-0.260000,-0.250367,1.0000,,,TRACKING|w0 d0 L6
32.881558,129.088729166667,35.074463166667,508089.343,3881304.397,0.845,-0.097435,gps_course,6,3.286,2.000,6,508086.985,3881306.686,2.468145,-0.260000,-0.254220,1.0000,,,TRACKING|w0 d0 L6
32.931464,129.088729166667,35.074463166667,508089.343,3881304.397,0.845,-0.097435,gps_course,6,3.286,2.000,6,508086.985,3881306.686,2.468145,-0.260000,-0.256532,1.0000,,,TRACKING|w0 d0 L6
32.981522,129.088731333333,35.074463166667,508089.540,3881304.397,0.784,0.005236,gps_course,6,3.431,2.000,6,508086.985,3881306.686,2.405642,-0.260000,-0.257919,1.0000,,,TRACKING|w0 d0 L6
33.031502,129.088731333333,35.074463166667,508089.540,3881304.397,0.784,0.005236,gps_course,6,3.431,2.000,6,508086.985,3881306.686,2.405642,-0.260000,-0.258752,1.0000,,,TRACKING|w0 d0 L6
33.081633,129.088731333333,35.074463166667,508089.540,3881304.397,0.784,0.005236,gps_course,6,3.431,2.000,6,508086.985,3881306.686,2.405642,-0.260000,-0.259251,1.0000,,,TRACKING|w0 d0 L6
33.131632,129.088731333333,35.074463166667,508089.540,3881304.397,0.784,0.005236,gps_course,6,3.431,2.000,6,508086.985,3881306.686,2.405642,-0.260000,-0.259551,1.0000,,,TRACKING|w0 d0 L6
33.181460,129.088731333333,35.074463166667,508089.540,3881304.397,0.784,0.005236,gps_course,6,3.431,2.000,6,508086.985,3881306.686,2.405642,-0.260000,-0.259730,1.0000,,,TRACKING|w0 d0 L6
33.231714,129.088733000000,35.074463000000,508089.692,3881304.379,0.673,-0.007854,gps_course,6,3.557,2.000,6,508086.985,3881306.686,2.443405,-0.256279,-0.258350,1.0000,,,TRACKING|w0 d0 L6
33.281708,129.088733000000,35.074463000000,508089.692,3881304.379,0.673,-0.007854,gps_course,6,3.557,2.000,6,508086.985,3881306.686,2.443405,-0.256279,-0.257521,1.0000,,,TRACKING|w0 d0 L6
33.331520,129.088733000000,35.074463000000,508089.692,3881304.379,0.673,-0.007854,gps_course,6,3.557,2.000,6,508086.985,3881306.686,2.443405,-0.256279,-0.257024,1.0000,,,TRACKING|w0 d0 L6
33.381590,129.088733000000,35.074463000000,508089.692,3881304.379,0.673,-0.007854,gps_course,6,3.557,2.000,6,508086.985,3881306.686,2.443405,-0.256279,-0.256726,1.0000,,,TRACKING|w0 d0 L6
33.431405,129.088733000000,35.074463000000,508089.692,3881304.379,0.673,-0.007854,gps_course,6,3.557,2.000,6,508086.985,3881306.686,2.443405,-0.256279,-0.256547,1.0000,,,TRACKING|w0 d0 L6
33.481406,129.088734166667,35.074463166667,508089.798,3881304.397,0.422,0.009599,gps_course,6,3.627,2.000,6,508086.985,3881306.686,2.448876,-0.249977,-0.253919,1.0000,,,TRACKING|w0 d0 L6
33.531513,129.088734166667,35.074463166667,508089.798,3881304.397,0.422,0.009599,gps_course,6,3.627,2.000,6,508086.985,3881306.686,2.448876,-0.249977,-0.252342,1.0000,,,TRACKING|w0 d0 L6
33.581411,129.088734166667,35.074463166667,508089.798,3881304.397,0.422,0.009599,gps_course,6,3.627,2.000,6,508086.985,3881306.686,2.448876,-0.249977,-0.251396,1.0000,,,TRACKING|w0 d0 L6
33.631454,129.088734166667,35.074463166667,508089.798,3881304.397,0.422,0.009599,gps_course,6,3.627,2.000,6,508086.985,3881306.686,2.448876,-0.249977,-0.250828,1.0000,,,TRACKING|w0 d0 L6
33.681472,129.088734166667,35.074463166667,508089.798,3881304.397,0.422,0.009599,gps_course,6,3.627,2.000,6,508086.985,3881306.686,2.448876,-0.249977,-0.250488,1.0000,,,TRACKING|w0 d0 L6
33.731419,129.088734833333,35.074463500000,508089.859,3881304.434,0.308,0.255410,gps_course,6,3.651,2.000,6,508086.985,3881306.686,2.221432,-0.260000,-0.254293,1.0000,,,TRACKING|w0 d0 L6
33.781442,129.088734833333,35.074463500000,508089.859,3881304.434,0.308,0.255410,gps_course,6,3.651,2.000,6,508086.985,3881306.686,2.221432,-0.260000,-0.256576,1.0000,,,TRACKING|w0 d0 L6
33.831475,129.088734833333,35.074463500000,508089.859,3881304.434,0.308,0.255410,gps_course,6,3.651,2.000,6,508086.985,3881306.686,2.221432,-0.260000,-0.257945,1.0000,,,TRACKING|w0 d0 L6
33.881510,129.088734833333,35.074463500000,508089.859,3881304.434,0.308,0.255410,gps_course,6,3.651,2.000,6,508086.985,3881306.686,2.221432,-0.260000,-0.258767,1.0000,,,TRACKING|w0 d0 L6
33.931528,129.088734833333,35.074463500000,508089.859,3881304.434,0.308,0.255410,gps_course,6,3.651,2.000,6,508086.985,3881306.686,2.221432,-0.260000,-0.259260,1.0000,,,TRACKING|w0 d0 L6
33.981507,129.088735166667,35.074463666667,508089.890,3881304.453,0.145,0.501890,gps_course,6,3.664,2.000,6,508086.985,3881306.686,1.984042,-0.260000,-0.259556,1.0000,,,TRACKING|w0 d0 L6
34.031454,129.088735166667,35.074463666667,508089.890,3881304.453,0.145,0.501890,gps_course,6,3.664,2.000,6,508086.985,3881306.686,1.984042,-0.260000,-0.259734,1.0000,,,TRACKING|w0 d0 L6
34.081522,129.088735166667,35.074463666667,508089.890,3881304.453,0.145,0.501890,gps_course,6,3.664,2.000,6,508086.985,3881306.686,1.984042,-0.260000,-0.259840,1.0000,,,TRACKING|w0 d0 L6
34.131433,129.088735166667,35.074463666667,508089.890,3881304.453,0.145,0.501890,gps_course,6,3.664,2.000,6,508086.985,3881306.686,1.984042,-0.260000,-0.259904,1.0000,,,TRACKING|w0 d0 L6
34.181430,129.088735166667,35.074463666667,508089.890,3881304.453,0.145,0.501890,gps_course,6,3.664,2.000,6,508086.985,3881306.686,1.984042,-0.260000,-0.259942,1.0000,,,TRACKING|w0 d0 L6
34.231446,129.088735166667,35.074463500000,508089.890,3881304.434,0.099,0.501890,gps_course,6,3.675,2.000,6,508086.985,3881306.686,1.980058,-0.260000,-0.259965,1.0000,,,TRACKING|w0 d0 L6
34.281492,129.088735166667,35.074463500000,508089.890,3881304.434,0.099,0.501890,gps_course,6,3.675,2.000,6,508086.985,3881306.686,1.980058,-0.260000,-0.259979,1.0000,,,TRACKING|w0 d0 L6
34.331399,129.088735166667,35.074463500000,508089.890,3881304.434,0.099,0.501890,gps_course,6,3.675,2.000,6,508086.985,3881306.686,1.980058,-0.260000,-0.259988,1.0000,,,TRACKING|w0 d0 L6
34.381569,129.088735166667,35.074463500000,508089.890,3881304.434,0.099,0.501890,gps_course,6,3.675,2.000,6,508086.985,3881306.686,1.980058,-0.260000,-0.259993,1.0000,,,TRACKING|w0 d0 L6
34.431449,129.088735166667,35.074463500000,508089.890,3881304.434,0.099,0.501890,gps_course,6,3.675,2.000,6,508086.985,3881306.686,1.980058,-0.260000,-0.259996,1.0000,,,TRACKING|w0 d0 L6
34.481719,129.088735166667,35.074463500000,508089.890,3881304.434,0.043,0.501890,gps_course,6,3.675,2.000,6,508086.985,3881306.686,1.980058,-0.260000,-0.259997,1.0000,,,TRACKING|w0 d0 L6
34.531440,129.088735166667,35.074463500000,508089.890,3881304.434,0.043,0.501890,gps_course,6,3.675,2.000,6,508086.985,3881306.686,1.980058,-0.260000,-0.259998,1.0000,,,TRACKING|w0 d0 L6
34.581615,129.088735166667,35.074463500000,508089.890,3881304.434,0.043,0.501890,gps_course,6,3.675,2.000,6,508086.985,3881306.686,1.980058,-0.260000,-0.259999,1.0000,,,TRACKING|w0 d0 L6
34.631487,129.088735166667,35.074463500000,508089.890,3881304.434,0.043,0.501890,gps_course,6,3.675,2.000,6,508086.985,3881306.686,1.980058,-0.260000,-0.259999,1.0000,,,TRACKING|w0 d0 L6
34.681551,129.088735166667,35.074463500000,508089.890,3881304.434,0.043,0.501890,gps_course,6,3.675,2.000,6,508086.985,3881306.686,1.980058,-0.260000,-0.260000,1.0000,,,TRACKING|w0 d0 L6
34.731445,129.088735000000,35.074463500000,508089.874,3881304.434,0.074,0.501890,gps_course,6,3.663,2.000,6,508086.985,3881306.686,1.977513,-0.260000,-0.260000,1.0000,,,TRACKING|w0 d0 L6
34.781443,129.088735000000,35.074463500000,508089.874,3881304.434,0.074,0.501890,gps_course,6,3.663,2.000,6,508086.985,3881306.686,1.977513,-0.260000,-0.260000,1.0000,,,TRACKING|w0 d0 L6
34.831478,129.088735000000,35.074463500000,508089.874,3881304.434,0.074,0.501890,gps_course,6,3.663,2.000,6,508086.985,3881306.686,1.977513,-0.260000,-0.260000,1.0000,,,TRACKING|w0 d0 L6
34.881415,129.088735000000,35.074463500000,508089.874,3881304.434,0.074,0.501890,gps_course,6,3.663,2.000,6,508086.985,3881306.686,1.977513,-0.260000,-0.260000,1.0000,,,TRACKING|w0 d0 L6
34.931440,129.088735000000,35.074463500000,508089.874,3881304.434,0.074,0.501890,gps_course,6,3.663,2.000,6,508086.985,3881306.686,1.977513,-0.260000,-0.260000,1.0000,,,TRACKING|w0 d0 L6
34.982079,129.088734833333,35.074463500000,508089.859,3881304.434,0.035,0.501890,gps_course,6,3.651,2.000,6,508086.985,3881306.686,1.974952,-0.260000,-0.260000,1.0000,,,TRACKING|w0 d0 L6
35.031416,129.088734833333,35.074463500000,508089.859,3881304.434,0.035,0.501890,gps_course,6,3.651,2.000,6,508086.985,3881306.686,1.974952,-0.260000,-0.260000,1.0000,,,TRACKING|w0 d0 L6
35.081430,129.088734833333,35.074463500000,508089.859,3881304.434,0.035,0.501890,gps_course,6,3.651,2.000,6,508086.985,3881306.686,1.974952,-0.260000,-0.260000,1.0000,,,TRACKING|w0 d0 L6
35.131407,129.088734833333,35.074463500000,508089.859,3881304.434,0.035,0.501890,gps_course,6,3.651,2.000,6,508086.985,3881306.686,1.974952,-0.260000,-0.260000,1.0000,,,TRACKING|w0 d0 L6
35.181396,129.088734833333,35.074463500000,508089.859,3881304.434,0.035,0.501890,gps_course,6,3.651,2.000,6,508086.985,3881306.686,1.974952,-0.260000,-0.260000,1.0000,,,TRACKING|w0 d0 L6
35.231369,129.088734833333,35.074463500000,508089.859,3881304.434,0.027,0.501890,gps_course,6,3.651,2.000,6,508086.985,3881306.686,1.974952,-0.260000,-0.260000,1.0000,,,TRACKING|w0 d0 L6
35.281429,129.088734833333,35.074463500000,508089.859,3881304.434,0.027,0.501890,gps_course,6,3.651,2.000,6,508086.985,3881306.686,1.974952,-0.260000,-0.260000,1.0000,,,TRACKING|w0 d0 L6
35.331415,129.088734833333,35.074463500000,508089.859,3881304.434,0.027,0.501890,gps_course,6,3.651,2.000,6,508086.985,3881306.686,1.974952,-0.260000,-0.260000,1.0000,,,TRACKING|w0 d0 L6
35.381434,129.088734833333,35.074463500000,508089.859,3881304.434,0.027,0.501890,gps_course,6,3.651,2.000,6,508086.985,3881306.686,1.974952,-0.260000,-0.260000,1.0000,,,TRACKING|w0 d0 L6
35.431417,129.088734833333,35.074463500000,508089.859,3881304.434,0.027,0.501890,gps_course,6,3.651,2.000,6,508086.985,3881306.686,1.974952,-0.260000,-0.260000,1.0000,,,TRACKING|w0 d0 L6
35.481393,129.088734833333,35.074463500000,508089.859,3881304.434,0.018,0.501890,gps_course,6,3.651,2.000,6,508086.985,3881306.686,1.974952,-0.260000,-0.260000,1.0000,,,TRACKING|w0 d0 L6
35.531413,129.088734833333,35.074463500000,508089.859,3881304.434,0.018,0.501890,gps_course,6,3.651,2.000,6,508086.985,3881306.686,1.974952,-0.260000,-0.260000,1.0000,,,TRACKING|w0 d0 L6
35.581560,129.088734833333,35.074463500000,508089.859,3881304.434,0.018,0.501890,gps_course,6,3.651,2.000,6,508086.985,3881306.686,1.974952,-0.260000,-0.260000,1.0000,,,TRACKING|w0 d0 L6
35.631464,129.088734833333,35.074463500000,508089.859,3881304.434,0.018,0.501890,gps_course,6,3.651,2.000,6,508086.985,3881306.686,1.974952,-0.260000,-0.260000,1.0000,,,TRACKING|w0 d0 L6
35.681426,129.088734833333,35.074463500000,508089.859,3881304.434,0.018,0.501890,gps_course,6,3.651,2.000,6,508086.985,3881306.686,1.974952,-0.260000,-0.260000,1.0000,,,TRACKING|w0 d0 L6
35.731457,129.088734833333,35.074463500000,508089.859,3881304.434,0.005,0.501890,gps_course,6,3.651,2.000,6,508086.985,3881306.686,1.974952,-0.260000,-0.260000,1.0000,,,TRACKING|w0 d0 L6
35.781482,129.088734833333,35.074463500000,508089.859,3881304.434,0.005,0.501890,gps_course,6,3.651,2.000,6,508086.985,3881306.686,1.974952,-0.260000,-0.260000,1.0000,,,TRACKING|w0 d0 L6
35.831431,129.088734833333,35.074463500000,508089.859,3881304.434,0.005,0.501890,gps_course,6,3.651,2.000,6,508086.985,3881306.686,1.974952,-0.260000,-0.260000,1.0000,,,TRACKING|w0 d0 L6
35.881523,129.088734833333,35.074463500000,508089.859,3881304.434,0.005,0.501890,gps_course,6,3.651,2.000,6,508086.985,3881306.686,1.974952,-0.260000,-0.260000,1.0000,,,TRACKING|w0 d0 L6
35.931448,129.088734833333,35.074463500000,508089.859,3881304.434,0.005,0.501890,gps_course,6,3.651,2.000,6,508086.985,3881306.686,1.974952,-0.260000,-0.260000,1.0000,,,TRACKING|w0 d0 L6
35.981440,129.088734833333,35.074463500000,508089.859,3881304.434,0.002,0.501890,gps_course,6,3.651,2.000,6,508086.985,3881306.686,1.974952,-0.260000,-0.260000,1.0000,,,TRACKING|w0 d0 L6
36.031434,129.088734833333,35.074463500000,508089.859,3881304.434,0.002,0.501890,gps_course,6,3.651,2.000,6,508086.985,3881306.686,1.974952,-0.260000,-0.260000,1.0000,,,TRACKING|w0 d0 L6
36.081441,129.088734833333,35.074463500000,508089.859,3881304.434,0.002,0.501890,gps_course,6,3.651,2.000,6,508086.985,3881306.686,1.974952,-0.260000,-0.260000,1.0000,,,TRACKING|w0 d0 L6
36.131426,129.088734833333,35.074463500000,508089.859,3881304.434,0.002,0.501890,gps_course,6,3.651,2.000,6,508086.985,3881306.686,1.974952,-0.260000,-0.260000,1.0000,,,TRACKING|w0 d0 L6
36.181457,129.088734833333,35.074463500000,508089.859,3881304.434,0.002,0.501890,gps_course,6,3.651,2.000,6,508086.985,3881306.686,1.974952,-0.260000,-0.260000,1.0000,,,TRACKING|w0 d0 L6
36.231419,129.088734833333,35.074463500000,508089.859,3881304.434,0.008,0.501890,gps_course,6,3.651,2.000,6,508086.985,3881306.686,1.974952,-0.260000,-0.260000,1.0000,,,TRACKING|w0 d0 L6
36.281424,129.088734833333,35.074463500000,508089.859,3881304.434,0.008,0.501890,gps_course,6,3.651,2.000,6,508086.985,3881306.686,1.974952,-0.260000,-0.260000,1.0000,,,TRACKING|w0 d0 L6
36.331440,129.088734833333,35.074463500000,508089.859,3881304.434,0.008,0.501890,gps_course,6,3.651,2.000,6,508086.985,3881306.686,1.974952,-0.260000,-0.260000,1.0000,,,TRACKING|w0 d0 L6
36.381556,129.088734833333,35.074463500000,508089.859,3881304.434,0.008,0.501890,gps_course,6,3.651,2.000,6,508086.985,3881306.686,1.974952,-0.260000,-0.260000,1.0000,,,TRACKING|w0 d0 L6
36.431419,129.088734833333,35.074463500000,508089.859,3881304.434,0.008,0.501890,gps_course,6,3.651,2.000,6,508086.985,3881306.686,1.974952,-0.260000,-0.260000,1.0000,,,TRACKING|w0 d0 L6
36.481433,129.088734833333,35.074463500000,508089.859,3881304.434,0.012,0.501890,gps_course,6,3.651,2.000,6,508086.985,3881306.686,1.974952,-0.260000,-0.260000,1.0000,,,TRACKING|w0 d0 L6
36.531452,129.088734833333,35.074463500000,508089.859,3881304.434,0.012,0.501890,gps_course,6,3.651,2.000,6,508086.985,3881306.686,1.974952,-0.260000,-0.260000,1.0000,,,TRACKING|w0 d0 L6
36.581421,129.088734833333,35.074463500000,508089.859,3881304.434,0.012,0.501890,gps_course,6,3.651,2.000,6,508086.985,3881306.686,1.974952,-0.260000,-0.260000,1.0000,,,TRACKING|w0 d0 L6
36.631457,129.088734833333,35.074463500000,508089.859,3881304.434,0.012,0.501890,gps_course,6,3.651,2.000,6,508086.985,3881306.686,1.974952,-0.260000,-0.260000,1.0000,,,TRACKING|w0 d0 L6
36.681600,129.088734833333,35.074463500000,508089.859,3881304.434,0.012,0.501890,gps_course,6,3.651,2.000,6,508086.985,3881306.686,1.974952,-0.260000,-0.260000,1.0000,,,TRACKING|w0 d0 L6
36.731424,129.088734833333,35.074463500000,508089.859,3881304.434,0.009,0.501890,gps_course,6,3.651,2.000,6,508086.985,3881306.686,1.974952,-0.260000,-0.260000,1.0000,,,TRACKING|w0 d0 L6
36.781444,129.088734833333,35.074463500000,508089.859,3881304.434,0.009,0.501890,gps_course,6,3.651,2.000,6,508086.985,3881306.686,1.974952,-0.260000,-0.260000,1.0000,,,TRACKING|w0 d0 L6
36.831421,129.088734833333,35.074463500000,508089.859,3881304.434,0.009,0.501890,gps_course,6,3.651,2.000,6,508086.985,3881306.686,1.974952,-0.260000,-0.260000,1.0000,,,TRACKING|w0 d0 L6
36.881436,129.088734833333,35.074463500000,508089.859,3881304.434,0.009,0.501890,gps_course,6,3.651,2.000,6,508086.985,3881306.686,1.974952,-0.260000,-0.260000,1.0000,,,TRACKING|w0 d0 L6
36.931545,129.088734833333,35.074463500000,508089.859,3881304.434,0.009,0.501890,gps_course,6,3.651,2.000,6,508086.985,3881306.686,1.974952,-0.260000,-0.260000,1.0000,,,TRACKING|w0 d0 L6
36.981482,129.088734833333,35.074463500000,508089.859,3881304.434,0.002,-2.675482,route_tangent,6,3.651,2.000,6,508086.985,3881306.686,-1.130862,0.000000,-0.230038,1.0000,,,TRACKING|w0 d0 L6
37.031446,129.088734833333,35.074463500000,508089.859,3881304.434,0.002,-2.675482,route_tangent,6,3.651,2.000,6,508086.985,3881306.686,-1.130862,0.000000,-0.200059,1.0000,,,TRACKING|w0 d0 L6
37.081565,129.088734833333,35.074463500000,508089.859,3881304.434,0.002,-2.675482,route_tangent,6,3.651,2.000,6,508086.985,3881306.686,-1.130862,0.000000,-0.169988,1.0000,,,TRACKING|w0 d0 L6
37.131949,129.088734833333,35.074463500000,508089.859,3881304.434,0.002,-2.675482,route_tangent,6,3.651,2.000,6,508086.985,3881306.686,-1.130862,0.000000,-0.139758,1.0000,,,TRACKING|w0 d0 L6
37.181444,129.088734833333,35.074463500000,508089.859,3881304.434,0.002,-2.675482,route_tangent,6,3.651,2.000,6,508086.985,3881306.686,-1.130862,0.000000,-0.110061,1.0000,,,TRACKING|w0 d0 L6
37.231493,129.088734833333,35.074463500000,508089.859,3881304.434,0.005,-2.675482,route_tangent,6,3.651,2.000,6,508086.985,3881306.686,-1.130862,0.000000,-0.080032,1.0000,,,TRACKING|w0 d0 L6
37.281859,129.088734833333,35.074463500000,508089.859,3881304.434,0.005,-2.675482,route_tangent,6,3.651,2.000,6,508086.985,3881306.686,-1.130862,0.000000,-0.049812,1.0000,,,TRACKING|w0 d0 L6
37.331713,129.088734833333,35.074463500000,508089.859,3881304.434,0.005,-2.675482,route_tangent,6,3.651,2.000,6,508086.985,3881306.686,-1.130862,0.000000,-0.029887,1.0000,,,TRACKING|w0 d0 L6
37.381576,129.088734833333,35.074463500000,508089.859,3881304.434,0.005,-2.675482,route_tangent,6,3.651,2.000,6,508086.985,3881306.686,-1.130862,0.000000,-0.017932,1.0000,,,TRACKING|w0 d0 L6
37.431737,129.088734833333,35.074463500000,508089.859,3881304.434,0.005,-2.675482,route_tangent,6,3.651,2.000,6,508086.985,3881306.686,-1.130862,0.000000,-0.010759,1.0000,,,TRACKING|w0 d0 L6
37.481430,129.088734833333,35.074463500000,508089.859,3881304.434,0.008,-2.675482,route_tangent,6,3.651,2.000,6,508086.985,3881306.686,-1.130862,0.000000,-0.006456,1.0000,,,TRACKING|w0 d0 L6
37.531473,129.088734833333,35.074463500000,508089.859,3881304.434,0.008,-2.675482,route_tangent,6,3.651,2.000,6,508086.985,3881306.686,-1.130862,0.000000,-0.003873,1.0000,,,TRACKING|w0 d0 L6
37.581593,129.088734833333,35.074463500000,508089.859,3881304.434,0.008,-2.675482,route_tangent,6,3.651,2.000,6,508086.985,3881306.686,-1.130862,0.000000,-0.002324,1.0000,,,TRACKING|w0 d0 L6
37.631415,129.088734833333,35.074463500000,508089.859,3881304.434,0.008,-2.675482,route_tangent,6,3.651,2.000,6,508086.985,3881306.686,-1.130862,0.000000,-0.001394,1.0000,,,TRACKING|w0 d0 L6
37.681686,129.088734833333,35.074463500000,508089.859,3881304.434,0.008,-2.675482,route_tangent,6,3.651,2.000,6,508086.985,3881306.686,-1.130862,0.000000,-0.000837,1.0000,,,TRACKING|w0 d0 L6
37.731449,129.088734833333,35.074463500000,508089.859,3881304.434,0.019,-2.675482,route_tangent,6,3.651,2.000,6,508086.985,3881306.686,-1.130862,0.000000,-0.000502,1.0000,,,TRACKING|w0 d0 L6
37.781438,129.088734833333,35.074463500000,508089.859,3881304.434,0.019,-2.675482,route_tangent,6,3.651,2.000,6,508086.985,3881306.686,-1.130862,0.000000,-0.000301,1.0000,,,TRACKING|w0 d0 L6
37.831408,129.088734833333,35.074463500000,508089.859,3881304.434,0.019,-2.675482,route_tangent,6,3.651,2.000,6,508086.985,3881306.686,-1.130862,0.000000,-0.000181,1.0000,,,TRACKING|w0 d0 L6
37.881454,129.088734833333,35.074463500000,508089.859,3881304.434,0.019,-2.675482,route_tangent,6,3.651,2.000,6,508086.985,3881306.686,-1.130862,0.000000,-0.000108,1.0000,,,TRACKING|w0 d0 L6
37.931455,129.088734833333,35.074463500000,508089.859,3881304.434,0.019,-2.675482,route_tangent,6,3.651,2.000,6,508086.985,3881306.686,-1.130862,0.000000,-0.000065,1.0000,,,TRACKING|w0 d0 L6
37.981437,129.088734833333,35.074463500000,508089.859,3881304.434,0.011,-2.675482,route_tangent,6,3.651,2.000,6,508086.985,3881306.686,-1.130862,0.000000,-0.000039,1.0000,,,TRACKING|w0 d0 L6
38.031546,129.088734833333,35.074463500000,508089.859,3881304.434,0.011,-2.675482,route_tangent,6,3.651,2.000,6,508086.985,3881306.686,-1.130862,0.000000,-0.000023,1.0000,,,TRACKING|w0 d0 L6
38.081553,129.088734833333,35.074463500000,508089.859,3881304.434,0.011,-2.675482,route_tangent,6,3.651,2.000,6,508086.985,3881306.686,-1.130862,0.000000,-0.000014,1.0000,,,TRACKING|w0 d0 L6
38.131455,129.088734833333,35.074463500000,508089.859,3881304.434,0.011,-2.675482,route_tangent,6,3.651,2.000,6,508086.985,3881306.686,-1.130862,0.000000,-0.000008,1.0000,,,TRACKING|w0 d0 L6
38.181535,129.088734833333,35.074463500000,508089.859,3881304.434,0.011,-2.675482,route_tangent,6,3.651,2.000,6,508086.985,3881306.686,-1.130862,0.000000,-0.000005,1.0000,,,TRACKING|w0 d0 L6
38.231429,129.088734833333,35.074463500000,508089.859,3881304.434,0.011,-2.675482,route_tangent,6,3.651,2.000,6,508086.985,3881306.686,-1.130862,0.000000,-0.000003,1.0000,,,TRACKING|w0 d0 L6
38.281416,129.088734833333,35.074463500000,508089.859,3881304.434,0.011,-2.675482,route_tangent,6,3.651,2.000,6,508086.985,3881306.686,-1.130862,0.000000,-0.000002,1.0000,,,TRACKING|w0 d0 L6
38.331602,129.088734833333,35.074463500000,508089.859,3881304.434,0.011,-2.675482,route_tangent,6,3.651,2.000,6,508086.985,3881306.686,-1.130862,0.000000,-0.000001,1.0000,,,TRACKING|w0 d0 L6
38.381631,129.088734833333,35.074463500000,508089.859,3881304.434,0.011,-2.675482,route_tangent,6,3.651,2.000,6,508086.985,3881306.686,-1.130862,0.000000,-0.000001,1.0000,,,TRACKING|w0 d0 L6
38.431457,129.088734833333,35.074463500000,508089.859,3881304.434,0.011,-2.675482,route_tangent,6,3.651,2.000,6,508086.985,3881306.686,-1.130862,0.000000,-0.000000,1.0000,,,TRACKING|w0 d0 L6
38.482190,129.088734833333,35.074463500000,508089.859,3881304.434,0.011,-2.675482,route_tangent,6,3.651,2.000,6,508086.985,3881306.686,-1.130862,0.000000,-0.000000,1.0000,,,TRACKING|w0 d0 L6
38.531462,129.088734833333,35.074463500000,508089.859,3881304.434,0.011,-2.675482,route_tangent,6,3.651,2.000,6,508086.985,3881306.686,-1.130862,0.000000,-0.000000,1.0000,,,TRACKING|w0 d0 L6
38.581546,129.088734833333,35.074463500000,508089.859,3881304.434,0.011,-2.675482,route_tangent,6,3.651,2.000,6,508086.985,3881306.686,-1.130862,0.000000,-0.000000,1.0000,,,TRACKING|w0 d0 L6
38.631428,129.088734833333,35.074463500000,508089.859,3881304.434,0.011,-2.675482,route_tangent,6,3.651,2.000,6,508086.985,3881306.686,-1.130862,0.000000,-0.000000,1.0000,,,TRACKING|w0 d0 L6
38.681442,129.088734833333,35.074463500000,508089.859,3881304.434,0.011,-2.675482,route_tangent,6,3.651,2.000,6,508086.985,3881306.686,-1.130862,0.000000,-0.000000,1.0000,,,TRACKING|w0 d0 L6
38.731706,129.088734833333,35.074463500000,508089.859,3881304.434,0.006,-2.675482,route_tangent,6,3.651,2.000,6,508086.985,3881306.686,-1.130862,0.000000,-0.000000,1.0000,,,TRACKING|w0 d0 L6
38.781573,129.088734833333,35.074463500000,508089.859,3881304.434,0.006,-2.675482,route_tangent,6,3.651,2.000,6,508086.985,3881306.686,-1.130862,0.000000,-0.000000,1.0000,,,TRACKING|w0 d0 L6
38.831976,129.088734833333,35.074463500000,508089.859,3881304.434,0.006,-2.675482,route_tangent,6,3.651,2.000,6,508086.985,3881306.686,-1.130862,0.000000,-0.000000,1.0000,,,TRACKING|w0 d0 L6
38.881582,129.088734833333,35.074463500000,508089.859,3881304.434,0.006,-2.675482,route_tangent,6,3.651,2.000,6,508086.985,3881306.686,-1.130862,0.000000,-0.000000,1.0000,,,TRACKING|w0 d0 L6
38.931426,129.088734833333,35.074463500000,508089.859,3881304.434,0.006,-2.675482,route_tangent,6,3.651,2.000,6,508086.985,3881306.686,-1.130862,0.000000,-0.000000,1.0000,,,TRACKING|w0 d0 L6
38.981437,129.088734666667,35.074463500000,508089.844,3881304.434,0.008,-2.675482,route_tangent,6,3.639,2.000,6,508086.985,3881306.686,-1.133440,0.000000,-0.000000,1.0000,,,TRACKING|w0 d0 L6
39.031445,129.088734666667,35.074463500000,508089.844,3881304.434,0.008,-2.675482,route_tangent,6,3.639,2.000,6,508086.985,3881306.686,-1.133440,0.000000,-0.000000,1.0000,,,TRACKING|w0 d0 L6
39.081467,129.088734666667,35.074463500000,508089.844,3881304.434,0.008,-2.675482,route_tangent,6,3.639,2.000,6,508086.985,3881306.686,-1.133440,0.000000,-0.000000,1.0000,,,TRACKING|w0 d0 L6
39.131442,129.088734666667,35.074463500000,508089.844,3881304.434,0.008,-2.675482,route_tangent,6,3.639,2.000,6,508086.985,3881306.686,-1.133440,0.000000,-0.000000,1.0000,,,TRACKING|w0 d0 L6
39.181455,129.088734666667,35.074463500000,508089.844,3881304.434,0.008,-2.675482,route_tangent,6,3.639,2.000,6,508086.985,3881306.686,-1.133440,0.000000,-0.000000,1.0000,,,TRACKING|w0 d0 L6
39.231439,129.088734833333,35.074463500000,508089.859,3881304.434,0.008,-2.675482,route_tangent,6,3.651,2.000,6,508086.985,3881306.686,-1.130862,0.000000,-0.000000,1.0000,,,TRACKING|w0 d0 L6
39.281607,129.088734833333,35.074463500000,508089.859,3881304.434,0.008,-2.675482,route_tangent,6,3.651,2.000,6,508086.985,3881306.686,-1.130862,0.000000,-0.000000,1.0000,,,TRACKING|w0 d0 L6
39.331421,129.088734833333,35.074463500000,508089.859,3881304.434,0.008,-2.675482,route_tangent,6,3.651,2.000,6,508086.985,3881306.686,-1.130862,0.000000,-0.000000,1.0000,,,TRACKING|w0 d0 L6
39.381432,129.088734833333,35.074463500000,508089.859,3881304.434,0.008,-2.675482,route_tangent,6,3.651,2.000,6,508086.985,3881306.686,-1.130862,0.000000,-0.000000,1.0000,,,TRACKING|w0 d0 L6
39.431402,129.088734833333,35.074463500000,508089.859,3881304.434,0.008,-2.675482,route_tangent,6,3.651,2.000,6,508086.985,3881306.686,-1.130862,0.000000,-0.000000,1.0000,,,TRACKING|w0 d0 L6
39.481434,129.088734833333,35.074463500000,508089.859,3881304.434,0.013,-2.675482,route_tangent,6,3.651,2.000,6,508086.985,3881306.686,-1.130862,0.000000,-0.000000,1.0000,,,TRACKING|w0 d0 L6
39.531469,129.088734833333,35.074463500000,508089.859,3881304.434,0.013,-2.675482,route_tangent,6,3.651,2.000,6,508086.985,3881306.686,-1.130862,0.000000,-0.000000,1.0000,,,TRACKING|w0 d0 L6
39.581454,129.088734833333,35.074463500000,508089.859,3881304.434,0.013,-2.675482,route_tangent,6,3.651,2.000,6,508086.985,3881306.686,-1.130862,0.000000,-0.000000,1.0000,,,TRACKING|w0 d0 L6
39.631966,129.088734833333,35.074463500000,508089.859,3881304.434,0.013,-2.675482,route_tangent,6,3.651,2.000,6,508086.985,3881306.686,-1.130862,0.000000,-0.000000,1.0000,,,TRACKING|w0 d0 L6
39.681851,129.088734833333,35.074463500000,508089.859,3881304.434,0.013,-2.675482,route_tangent,6,3.651,2.000,6,508086.985,3881306.686,-1.130862,0.000000,-0.000000,1.0000,,,TRACKING|w0 d0 L6
39.731707,129.088734833333,35.074463500000,508089.859,3881304.434,0.010,-2.675482,route_tangent,6,3.651,2.000,6,508086.985,3881306.686,-1.130862,0.000000,-0.000000,1.0000,,,TRACKING|w0 d0 L6
39.781668,129.088734833333,35.074463500000,508089.859,3881304.434,0.010,-2.675482,route_tangent,6,3.651,2.000,6,508086.985,3881306.686,-1.130862,0.000000,-0.000000,1.0000,,,TRACKING|w0 d0 L6
39.831452,129.088734833333,35.074463500000,508089.859,3881304.434,0.010,-2.675482,route_tangent,6,3.651,2.000,6,508086.985,3881306.686,-1.130862,0.000000,-0.000000,1.0000,,,TRACKING|w0 d0 L6
39.881482,129.088734833333,35.074463500000,508089.859,3881304.434,0.010,-2.675482,route_tangent,6,3.651,2.000,6,508086.985,3881306.686,-1.130862,0.000000,-0.000000,1.0000,,,TRACKING|w0 d0 L6
39.931462,129.088734833333,35.074463500000,508089.859,3881304.434,0.010,-2.675482,route_tangent,6,3.651,2.000,6,508086.985,3881306.686,-1.130862,0.000000,-0.000000,1.0000,,,TRACKING|w0 d0 L6
39.981650,129.088734833333,35.074463500000,508089.859,3881304.434,0.021,-2.675482,route_tangent,6,3.651,2.000,6,508086.985,3881306.686,-1.130862,0.000000,-0.000000,1.0000,,,TRACKING|w0 d0 L6
40.031420,129.088734833333,35.074463500000,508089.859,3881304.434,0.021,-2.675482,route_tangent,6,3.651,2.000,6,508086.985,3881306.686,-1.130862,0.000000,-0.000000,1.0000,,,TRACKING|w0 d0 L6
40.081485,129.088734833333,35.074463500000,508089.859,3881304.434,0.021,-2.675482,route_tangent,6,3.651,2.000,6,508086.985,3881306.686,-1.130862,0.000000,-0.000000,1.0000,,,TRACKING|w0 d0 L6
40.131515,129.088734833333,35.074463500000,508089.859,3881304.434,0.021,-2.675482,route_tangent,6,3.651,2.000,6,508086.985,3881306.686,-1.130862,0.000000,-0.000000,1.0000,,,TRACKING|w0 d0 L6
40.181500,129.088734833333,35.074463500000,508089.859,3881304.434,0.021,-2.675482,route_tangent,6,3.651,2.000,6,508086.985,3881306.686,-1.130862,0.000000,-0.000000,1.0000,,,TRACKING|w0 d0 L6
40.231458,129.088734833333,35.074463500000,508089.859,3881304.434,0.004,-2.675482,route_tangent,6,3.651,2.000,6,508086.985,3881306.686,-1.130862,0.000000,-0.000000,1.0000,,,TRACKING|w0 d0 L6
40.281464,129.088734833333,35.074463500000,508089.859,3881304.434,0.004,-2.675482,route_tangent,6,3.651,2.000,6,508086.985,3881306.686,-1.130862,0.000000,-0.000000,1.0000,,,TRACKING|w0 d0 L6
40.331420,129.088734833333,35.074463500000,508089.859,3881304.434,0.004,-2.675482,route_tangent,6,3.651,2.000,6,508086.985,3881306.686,-1.130862,0.000000,-0.000000,1.0000,,,TRACKING|w0 d0 L6
40.381459,129.088734833333,35.074463500000,508089.859,3881304.434,0.004,-2.675482,route_tangent,6,3.651,2.000,6,508086.985,3881306.686,-1.130862,0.000000,-0.000000,1.0000,,,TRACKING|w0 d0 L6
40.431418,129.088734833333,35.074463500000,508089.859,3881304.434,0.004,-2.675482,route_tangent,6,3.651,2.000,6,508086.985,3881306.686,-1.130862,0.000000,-0.000000,1.0000,,,TRACKING|w0 d0 L6
40.481440,129.088734833333,35.074463500000,508089.859,3881304.434,0.008,-2.675482,route_tangent,6,3.651,2.000,6,508086.985,3881306.686,-1.130862,0.000000,-0.000000,1.0000,,,TRACKING|w0 d0 L6
40.531439,129.088734833333,35.074463500000,508089.859,3881304.434,0.008,-2.675482,route_tangent,6,3.651,2.000,6,508086.985,3881306.686,-1.130862,0.000000,-0.000000,1.0000,,,TRACKING|w0 d0 L6
40.581473,129.088734833333,35.074463500000,508089.859,3881304.434,0.008,-2.675482,route_tangent,6,3.651,2.000,6,508086.985,3881306.686,-1.130862,0.000000,-0.000000,1.0000,,,TRACKING|w0 d0 L6
40.631427,129.088734833333,35.074463500000,508089.859,3881304.434,0.008,-2.675482,route_tangent,6,3.651,2.000,6,508086.985,3881306.686,-1.130862,0.000000,-0.000000,1.0000,,,TRACKING|w0 d0 L6
40.681442,129.088734833333,35.074463500000,508089.859,3881304.434,0.008,-2.675482,route_tangent,6,3.651,2.000,6,508086.985,3881306.686,-1.130862,0.000000,-0.000000,1.0000,,,TRACKING|w0 d0 L6
40.731462,129.088734833333,35.074463500000,508089.859,3881304.434,0.009,-2.675482,route_tangent,6,3.651,2.000,6,508086.985,3881306.686,-1.130862,0.000000,-0.000000,1.0000,,,TRACKING|w0 d0 L6
40.781445,129.088734833333,35.074463500000,508089.859,3881304.434,0.009,-2.675482,route_tangent,6,3.651,2.000,6,508086.985,3881306.686,-1.130862,0.000000,-0.000000,1.0000,,,TRACKING|w0 d0 L6
40.831437,129.088734833333,35.074463500000,508089.859,3881304.434,0.009,-2.675482,route_tangent,6,3.651,2.000,6,508086.985,3881306.686,-1.130862,0.000000,-0.000000,1.0000,,,TRACKING|w0 d0 L6
40.881989,129.088734833333,35.074463500000,508089.859,3881304.434,0.009,-2.675482,route_tangent,6,3.651,2.000,6,508086.985,3881306.686,-1.130862,0.000000,-0.000000,1.0000,,,TRACKING|w0 d0 L6
40.931823,129.088734833333,35.074463500000,508089.859,3881304.434,0.009,-2.675482,route_tangent,6,3.651,2.000,6,508086.985,3881306.686,-1.130862,0.000000,-0.000000,1.0000,,,TRACKING|w0 d0 L6
40.981455,129.088734833333,35.074463500000,508089.859,3881304.434,0.014,-2.675482,route_tangent,6,3.651,2.000,6,508086.985,3881306.686,-1.130862,0.000000,-0.000000,1.0000,,,TRACKING|w0 d0 L6
41.031560,129.088734833333,35.074463500000,508089.859,3881304.434,0.014,-2.675482,route_tangent,6,3.651,2.000,6,508086.985,3881306.686,-1.130862,0.000000,-0.000000,1.0000,,,TRACKING|w0 d0 L6
41.081438,129.088734833333,35.074463500000,508089.859,3881304.434,0.014,-2.675482,route_tangent,6,3.651,2.000,6,508086.985,3881306.686,-1.130862,0.000000,-0.000000,1.0000,,,TRACKING|w0 d0 L6
41.131559,129.088734833333,35.074463500000,508089.859,3881304.434,0.014,-2.675482,route_tangent,6,3.651,2.000,6,508086.985,3881306.686,-1.130862,0.000000,-0.000000,1.0000,,,TRACKING|w0 d0 L6
41.181622,129.088734833333,35.074463500000,508089.859,3881304.434,0.014,-2.675482,route_tangent,6,3.651,2.000,6,508086.985,3881306.686,-1.130862,0.000000,-0.000000,1.0000,,,TRACKING|w0 d0 L6
41.231557,129.088734833333,35.074463500000,508089.859,3881304.434,0.014,-2.675482,route_tangent,6,3.651,2.000,6,508086.985,3881306.686,-1.130862,0.000000,-0.000000,1.0000,,,TRACKING|w0 d0 L6
41.281588,129.088734833333,35.074463500000,508089.859,3881304.434,0.014,-2.675482,route_tangent,6,3.651,2.000,6,508086.985,3881306.686,-1.130862,0.000000,-0.000000,1.0000,,,TRACKING|w0 d0 L6
41.331508,129.088734833333,35.074463500000,508089.859,3881304.434,0.014,-2.675482,route_tangent,6,3.651,2.000,6,508086.985,3881306.686,-1.130862,0.000000,-0.000000,1.0000,,,TRACKING|w0 d0 L6
41.381507,129.088734833333,35.074463500000,508089.859,3881304.434,0.014,-2.675482,route_tangent,6,3.651,2.000,6,508086.985,3881306.686,-1.130862,0.000000,-0.000000,1.0000,,,TRACKING|w0 d0 L6
41.431468,129.088734833333,35.074463500000,508089.859,3881304.434,0.014,-2.675482,route_tangent,6,3.651,2.000,6,508086.985,3881306.686,-1.130862,0.000000,-0.000000,1.0000,,,TRACKING|w0 d0 L6
41.481469,129.088734833333,35.074463500000,508089.859,3881304.434,0.022,-2.675482,route_tangent,6,3.651,2.000,6,508086.985,3881306.686,-1.130862,0.000000,-0.000000,1.0000,,,TRACKING|w0 d0 L6
41.531498,129.088734833333,35.074463500000,508089.859,3881304.434,0.022,-2.675482,route_tangent,6,3.651,2.000,6,508086.985,3881306.686,-1.130862,0.000000,-0.000000,1.0000,,,TRACKING|w0 d0 L6
41.581580,129.088734833333,35.074463500000,508089.859,3881304.434,0.022,-2.675482,route_tangent,6,3.651,2.000,6,508086.985,3881306.686,-1.130862,0.000000,-0.000000,1.0000,,,TRACKING|w0 d0 L6
41.631439,129.088734833333,35.074463500000,508089.859,3881304.434,0.022,-2.675482,route_tangent,6,3.651,2.000,6,508086.985,3881306.686,-1.130862,0.000000,-0.000000,1.0000,,,TRACKING|w0 d0 L6
41.681468,129.088734833333,35.074463500000,508089.859,3881304.434,0.022,-2.675482,route_tangent,6,3.651,2.000,6,508086.985,3881306.686,-1.130862,0.000000,-0.000000,1.0000,,,TRACKING|w0 d0 L6
41.731439,129.088734833333,35.074463500000,508089.859,3881304.434,0.014,-2.675482,route_tangent,6,3.651,2.000,6,508086.985,3881306.686,-1.130862,0.000000,-0.000000,1.0000,,,TRACKING|w0 d0 L6
41.781432,129.088734833333,35.074463500000,508089.859,3881304.434,0.014,-2.675482,route_tangent,6,3.651,2.000,6,508086.985,3881306.686,-1.130862,0.000000,-0.000000,1.0000,,,TRACKING|w0 d0 L6
41.831422,129.088734833333,35.074463500000,508089.859,3881304.434,0.014,-2.675482,route_tangent,6,3.651,2.000,6,508086.985,3881306.686,-1.130862,0.000000,-0.000000,1.0000,,,TRACKING|w0 d0 L6
41.881428,129.088734833333,35.074463500000,508089.859,3881304.434,0.014,-2.675482,route_tangent,6,3.651,2.000,6,508086.985,3881306.686,-1.130862,0.000000,-0.000000,1.0000,,,TRACKING|w0 d0 L6
41.931501,129.088734833333,35.074463500000,508089.859,3881304.434,0.014,-2.675482,route_tangent,6,3.651,2.000,6,508086.985,3881306.686,-1.130862,0.000000,-0.000000,1.0000,,,TRACKING|w0 d0 L6
41.981446,129.088734833333,35.074463500000,508089.859,3881304.434,0.007,-2.675482,route_tangent,6,3.651,2.000,6,508086.985,3881306.686,-1.130862,0.000000,-0.000000,1.0000,,,TRACKING|w0 d0 L6
42.031509,129.088734833333,35.074463500000,508089.859,3881304.434,0.007,-2.675482,route_tangent,6,3.651,2.000,6,508086.985,3881306.686,-1.130862,0.000000,-0.000000,1.0000,,,TRACKING|w0 d0 L6
42.081469,129.088734833333,35.074463500000,508089.859,3881304.434,0.007,-2.675482,route_tangent,6,3.651,2.000,6,508086.985,3881306.686,-1.130862,0.000000,-0.000000,1.0000,,,TRACKING|w0 d0 L6
42.131475,129.088734833333,35.074463500000,508089.859,3881304.434,0.007,-2.675482,route_tangent,6,3.651,2.000,6,508086.985,3881306.686,-1.130862,0.000000,-0.000000,1.0000,,,TRACKING|w0 d0 L6
42.181453,129.088734833333,35.074463500000,508089.859,3881304.434,0.007,-2.675482,route_tangent,6,3.651,2.000,6,508086.985,3881306.686,-1.130862,0.000000,-0.000000,1.0000,,,TRACKING|w0 d0 L6
42.231448,129.088734833333,35.074463500000,508089.859,3881304.434,0.005,-2.675482,route_tangent,6,3.651,2.000,6,508086.985,3881306.686,-1.130862,0.000000,-0.000000,1.0000,,,TRACKING|w0 d0 L6
42.281439,129.088734833333,35.074463500000,508089.859,3881304.434,0.005,-2.675482,route_tangent,6,3.651,2.000,6,508086.985,3881306.686,-1.130862,0.000000,-0.000000,1.0000,,,TRACKING|w0 d0 L6
42.331471,129.088734833333,35.074463500000,508089.859,3881304.434,0.005,-2.675482,route_tangent,6,3.651,2.000,6,508086.985,3881306.686,-1.130862,0.000000,-0.000000,1.0000,,,TRACKING|w0 d0 L6
42.381429,129.088734833333,35.074463500000,508089.859,3881304.434,0.005,-2.675482,route_tangent,6,3.651,2.000,6,508086.985,3881306.686,-1.130862,0.000000,-0.000000,1.0000,,,TRACKING|w0 d0 L6
42.431435,129.088734833333,35.074463500000,508089.859,3881304.434,0.005,-2.675482,route_tangent,6,3.651,2.000,6,508086.985,3881306.686,-1.130862,0.000000,-0.000000,1.0000,,,TRACKING|w0 d0 L6
42.481439,129.088734833333,35.074463500000,508089.859,3881304.434,0.012,-2.675482,route_tangent,6,3.651,2.000,6,508086.985,3881306.686,-1.130862,0.000000,-0.000000,1.0000,,,TRACKING|w0 d0 L6
42.531887,129.088734833333,35.074463500000,508089.859,3881304.434,0.012,-2.675482,route_tangent,6,3.651,2.000,6,508086.985,3881306.686,-1.130862,0.000000,-0.000000,1.0000,,,TRACKING|w0 d0 L6
42.581420,129.088734833333,35.074463500000,508089.859,3881304.434,0.012,-2.675482,route_tangent,6,3.651,2.000,6,508086.985,3881306.686,-1.130862,0.000000,-0.000000,1.0000,,,TRACKING|w0 d0 L6
42.631413,129.088734833333,35.074463500000,508089.859,3881304.434,0.012,-2.675482,route_tangent,6,3.651,2.000,6,508086.985,3881306.686,-1.130862,0.000000,-0.000000,1.0000,,,TRACKING|w0 d0 L6
42.681448,129.088734833333,35.074463500000,508089.859,3881304.434,0.012,-2.675482,route_tangent,6,3.651,2.000,6,508086.985,3881306.686,-1.130862,0.000000,-0.000000,1.0000,,,TRACKING|w0 d0 L6
42.731426,129.088734833333,35.074463500000,508089.859,3881304.434,0.007,-2.675482,route_tangent,6,3.651,2.000,6,508086.985,3881306.686,-1.130862,0.000000,-0.000000,1.0000,,,TRACKING|w0 d0 L6
42.781413,129.088734833333,35.074463500000,508089.859,3881304.434,0.007,-2.675482,route_tangent,6,3.651,2.000,6,508086.985,3881306.686,-1.130862,0.000000,-0.000000,1.0000,,,TRACKING|w0 d0 L6
42.831429,129.088734833333,35.074463500000,508089.859,3881304.434,0.007,-2.675482,route_tangent,6,3.651,2.000,6,508086.985,3881306.686,-1.130862,0.000000,-0.000000,1.0000,,,TRACKING|w0 d0 L6
42.881417,129.088734833333,35.074463500000,508089.859,3881304.434,0.007,-2.675482,route_tangent,6,3.651,2.000,6,508086.985,3881306.686,-1.130862,0.000000,-0.000000,1.0000,,,TRACKING|w0 d0 L6
42.931444,129.088734833333,35.074463500000,508089.859,3881304.434,0.007,-2.675482,route_tangent,6,3.651,2.000,6,508086.985,3881306.686,-1.130862,0.000000,-0.000000,1.0000,,,TRACKING|w0 d0 L6
42.981412,129.088734833333,35.074463500000,508089.859,3881304.434,0.014,-2.675482,route_tangent,6,3.651,2.000,6,508086.985,3881306.686,-1.130862,0.000000,-0.000000,1.0000,,,TRACKING|w0 d0 L6
43.031415,129.088734833333,35.074463500000,508089.859,3881304.434,0.014,-2.675482,route_tangent,6,3.651,2.000,6,508086.985,3881306.686,-1.130862,0.000000,-0.000000,1.0000,,,TRACKING|w0 d0 L6
43.081584,129.088734833333,35.074463500000,508089.859,3881304.434,0.014,-2.675482,route_tangent,6,3.651,2.000,6,508086.985,3881306.686,-1.130862,0.000000,-0.000000,1.0000,,,TRACKING|w0 d0 L6
43.131430,129.088734833333,35.074463500000,508089.859,3881304.434,0.014,-2.675482,route_tangent,6,3.651,2.000,6,508086.985,3881306.686,-1.130862,0.000000,-0.000000,1.0000,,,TRACKING|w0 d0 L6
43.181583,129.088734833333,35.074463500000,508089.859,3881304.434,0.014,-2.675482,route_tangent,6,3.651,2.000,6,508086.985,3881306.686,-1.130862,0.000000,-0.000000,1.0000,,,TRACKING|w0 d0 L6
43.231432,129.088734833333,35.074463500000,508089.859,3881304.434,0.015,-2.675482,route_tangent,6,3.651,2.000,6,508086.985,3881306.686,-1.130862,0.000000,-0.000000,1.0000,,,TRACKING|w0 d0 L6
43.281424,129.088734833333,35.074463500000,508089.859,3881304.434,0.015,-2.675482,route_tangent,6,3.651,2.000,6,508086.985,3881306.686,-1.130862,0.000000,-0.000000,1.0000,,,TRACKING|w0 d0 L6
43.332021,129.088734833333,35.074463500000,508089.859,3881304.434,0.015,-2.675482,route_tangent,6,3.651,2.000,6,508086.985,3881306.686,-1.130862,0.000000,-0.000000,1.0000,,,TRACKING|w0 d0 L6
43.381398,129.088734833333,35.074463500000,508089.859,3881304.434,0.015,-2.675482,route_tangent,6,3.651,2.000,6,508086.985,3881306.686,-1.130862,0.000000,-0.000000,1.0000,,,TRACKING|w0 d0 L6
43.431398,129.088734833333,35.074463500000,508089.859,3881304.434,0.015,-2.675482,route_tangent,6,3.651,2.000,6,508086.985,3881306.686,-1.130862,0.000000,-0.000000,1.0000,,,TRACKING|w0 d0 L6
43.481441,129.088734833333,35.074463500000,508089.859,3881304.434,0.013,-2.675482,route_tangent,6,3.651,2.000,6,508086.985,3881306.686,-1.130862,0.000000,-0.000000,1.0000,,,TRACKING|w0 d0 L6
43.531412,129.088734833333,35.074463500000,508089.859,3881304.434,0.013,-2.675482,route_tangent,6,3.651,2.000,6,508086.985,3881306.686,-1.130862,0.000000,-0.000000,1.0000,,,TRACKING|w0 d0 L6
43.581417,129.088734833333,35.074463500000,508089.859,3881304.434,0.013,-2.675482,route_tangent,6,3.651,2.000,6,508086.985,3881306.686,-1.130862,0.000000,-0.000000,1.0000,,,TRACKING|w0 d0 L6
43.631396,129.088734833333,35.074463500000,508089.859,3881304.434,0.013,-2.675482,route_tangent,6,3.651,2.000,6,508086.985,3881306.686,-1.130862,0.000000,-0.000000,1.0000,,,TRACKING|w0 d0 L6
43.681416,129.088734833333,35.074463500000,508089.859,3881304.434,0.013,-2.675482,route_tangent,6,3.651,2.000,6,508086.985,3881306.686,-1.130862,0.000000,-0.000000,1.0000,,,TRACKING|w0 d0 L6
43.731400,129.088734833333,35.074463500000,508089.859,3881304.434,0.002,-2.675482,route_tangent,6,3.651,2.000,6,508086.985,3881306.686,-1.130862,0.000000,-0.000000,1.0000,,,TRACKING|w0 d0 L6
43.781437,129.088734833333,35.074463500000,508089.859,3881304.434,0.002,-2.675482,route_tangent,6,3.651,2.000,6,508086.985,3881306.686,-1.130862,0.000000,-0.000000,1.0000,,,TRACKING|w0 d0 L6
43.831850,129.088734833333,35.074463500000,508089.859,3881304.434,0.002,-2.675482,route_tangent,6,3.651,2.000,6,508086.985,3881306.686,-1.130862,0.000000,-0.000000,1.0000,,,TRACKING|w0 d0 L6
43.881488,129.088734833333,35.074463500000,508089.859,3881304.434,0.002,-2.675482,route_tangent,6,3.651,2.000,6,508086.985,3881306.686,-1.130862,0.000000,-0.000000,1.0000,,,TRACKING|w0 d0 L6
43.931557,129.088734833333,35.074463500000,508089.859,3881304.434,0.002,-2.675482,route_tangent,6,3.651,2.000,6,508086.985,3881306.686,-1.130862,0.000000,-0.000000,1.0000,,,TRACKING|w0 d0 L6
43.981565,129.088734833333,35.074463500000,508089.859,3881304.434,0.005,-2.675482,route_tangent,6,3.651,2.000,6,508086.985,3881306.686,-1.130862,0.000000,-0.000000,1.0000,,,TRACKING|w0 d0 L6
44.031434,129.088734833333,35.074463500000,508089.859,3881304.434,0.005,-2.675482,route_tangent,6,3.651,2.000,6,508086.985,3881306.686,-1.130862,0.000000,-0.000000,1.0000,,,TRACKING|w0 d0 L6
44.081468,129.088734833333,35.074463500000,508089.859,3881304.434,0.005,-2.675482,route_tangent,6,3.651,2.000,6,508086.985,3881306.686,-1.130862,0.000000,-0.000000,1.0000,,,TRACKING|w0 d0 L6
44.131444,129.088734833333,35.074463500000,508089.859,3881304.434,0.005,-2.675482,route_tangent,6,3.651,2.000,6,508086.985,3881306.686,-1.130862,0.000000,-0.000000,1.0000,,,TRACKING|w0 d0 L6
44.181451,129.088734833333,35.074463500000,508089.859,3881304.434,0.005,-2.675482,route_tangent,6,3.651,2.000,6,508086.985,3881306.686,-1.130862,0.000000,-0.000000,1.0000,,,TRACKING|w0 d0 L6
44.231592,129.088734833333,35.074463500000,508089.859,3881304.434,0.013,-2.675482,route_tangent,6,3.651,2.000,6,508086.985,3881306.686,-1.130862,0.000000,-0.000000,1.0000,,,TRACKING|w0 d0 L6
44.281479,129.088734833333,35.074463500000,508089.859,3881304.434,0.013,-2.675482,route_tangent,6,3.651,2.000,6,508086.985,3881306.686,-1.130862,0.000000,-0.000000,1.0000,,,TRACKING|w0 d0 L6
44.331521,129.088734833333,35.074463500000,508089.859,3881304.434,0.013,-2.675482,route_tangent,6,3.651,2.000,6,508086.985,3881306.686,-1.130862,0.000000,-0.000000,1.0000,,,TRACKING|w0 d0 L6
44.381443,129.088734833333,35.074463500000,508089.859,3881304.434,0.013,-2.675482,route_tangent,6,3.651,2.000,6,508086.985,3881306.686,-1.130862,0.000000,-0.000000,1.0000,,,TRACKING|w0 d0 L6
44.431530,129.088734833333,35.074463500000,508089.859,3881304.434,0.013,-2.675482,route_tangent,6,3.651,2.000,6,508086.985,3881306.686,-1.130862,0.000000,-0.000000,1.0000,,,TRACKING|w0 d0 L6
44.481716,129.088734833333,35.074463500000,508089.859,3881304.434,0.010,-2.675482,route_tangent,6,3.651,2.000,6,508086.985,3881306.686,-1.130862,0.000000,-0.000000,1.0000,,,TRACKING|w0 d0 L6
44.531437,129.088734833333,35.074463500000,508089.859,3881304.434,0.010,-2.675482,route_tangent,6,3.651,2.000,6,508086.985,3881306.686,-1.130862,0.000000,-0.000000,1.0000,,,TRACKING|w0 d0 L6
44.581576,129.088734833333,35.074463500000,508089.859,3881304.434,0.010,-2.675482,route_tangent,6,3.651,2.000,6,508086.985,3881306.686,-1.130862,0.000000,-0.000000,1.0000,,,TRACKING|w0 d0 L6
44.631545,129.088734833333,35.074463500000,508089.859,3881304.434,0.010,-2.675482,route_tangent,6,3.651,2.000,6,508086.985,3881306.686,-1.130862,0.000000,-0.000000,1.0000,,,TRACKING|w0 d0 L6
44.681465,129.088734833333,35.074463500000,508089.859,3881304.434,0.010,-2.675482,route_tangent,6,3.651,2.000,6,508086.985,3881306.686,-1.130862,0.000000,-0.000000,1.0000,,,TRACKING|w0 d0 L6
44.731404,129.088734833333,35.074463500000,508089.859,3881304.434,0.005,-2.675482,route_tangent,6,3.651,2.000,6,508086.985,3881306.686,-1.130862,0.000000,-0.000000,1.0000,,,TRACKING|w0 d0 L6
44.781557,129.088734833333,35.074463500000,508089.859,3881304.434,0.005,-2.675482,route_tangent,6,3.651,2.000,6,508086.985,3881306.686,-1.130862,0.000000,-0.000000,1.0000,,,TRACKING|w0 d0 L6
44.831491,129.088734833333,35.074463500000,508089.859,3881304.434,0.005,-2.675482,route_tangent,6,3.651,2.000,6,508086.985,3881306.686,-1.130862,0.000000,-0.000000,1.0000,,,TRACKING|w0 d0 L6
44.881582,129.088734833333,35.074463500000,508089.859,3881304.434,0.005,-2.675482,route_tangent,6,3.651,2.000,6,508086.985,3881306.686,-1.130862,0.000000,-0.000000,1.0000,,,TRACKING|w0 d0 L6
44.931443,129.088734833333,35.074463500000,508089.859,3881304.434,0.005,-2.675482,route_tangent,6,3.651,2.000,6,508086.985,3881306.686,-1.130862,0.000000,-0.000000,1.0000,,,TRACKING|w0 d0 L6
44.981600,129.088734833333,35.074463500000,508089.859,3881304.434,0.003,-2.675482,route_tangent,6,3.651,2.000,6,508086.985,3881306.686,-1.130862,0.000000,-0.000000,1.0000,,,TRACKING|w0 d0 L6
45.031871,129.088734833333,35.074463500000,508089.859,3881304.434,0.003,-2.675482,route_tangent,6,3.651,2.000,6,508086.985,3881306.686,-1.130862,0.000000,-0.000000,1.0000,,,TRACKING|w0 d0 L6
45.081463,129.088734833333,35.074463500000,508089.859,3881304.434,0.003,-2.675482,route_tangent,6,3.651,2.000,6,508086.985,3881306.686,-1.130862,0.000000,-0.000000,1.0000,,,TRACKING|w0 d0 L6
45.131400,129.088734833333,35.074463500000,508089.859,3881304.434,0.003,-2.675482,route_tangent,6,3.651,2.000,6,508086.985,3881306.686,-1.130862,0.000000,-0.000000,1.0000,,,TRACKING|w0 d0 L6
45.181438,129.088734833333,35.074463500000,508089.859,3881304.434,0.003,-2.675482,route_tangent,6,3.651,2.000,6,508086.985,3881306.686,-1.130862,0.000000,-0.000000,1.0000,,,TRACKING|w0 d0 L6
45.231410,129.088734833333,35.074463500000,508089.859,3881304.434,0.008,-2.675482,route_tangent,6,3.651,2.000,6,508086.985,3881306.686,-1.130862,0.000000,-0.000000,1.0000,,,TRACKING|w0 d0 L6
45.281426,129.088734833333,35.074463500000,508089.859,3881304.434,0.008,-2.675482,route_tangent,6,3.651,2.000,6,508086.985,3881306.686,-1.130862,0.000000,-0.000000,1.0000,,,TRACKING|w0 d0 L6
45.331416,129.088734833333,35.074463500000,508089.859,3881304.434,0.008,-2.675482,route_tangent,6,3.651,2.000,6,508086.985,3881306.686,-1.130862,0.000000,-0.000000,1.0000,,,TRACKING|w0 d0 L6
45.381501,129.088734833333,35.074463500000,508089.859,3881304.434,0.008,-2.675482,route_tangent,6,3.651,2.000,6,508086.985,3881306.686,-1.130862,0.000000,-0.000000,1.0000,,,TRACKING|w0 d0 L6
45.431418,129.088734833333,35.074463500000,508089.859,3881304.434,0.008,-2.675482,route_tangent,6,3.651,2.000,6,508086.985,3881306.686,-1.130862,0.000000,-0.000000,1.0000,,,TRACKING|w0 d0 L6
45.481609,129.088734833333,35.074463500000,508089.859,3881304.434,0.007,-2.675482,route_tangent,6,3.651,2.000,6,508086.985,3881306.686,-1.130862,0.000000,-0.000000,1.0000,,,TRACKING|w0 d0 L6
45.531458,129.088734833333,35.074463500000,508089.859,3881304.434,0.007,-2.675482,route_tangent,6,3.651,2.000,6,508086.985,3881306.686,-1.130862,0.000000,-0.000000,1.0000,,,TRACKING|w0 d0 L6
45.581568,129.088734833333,35.074463500000,508089.859,3881304.434,0.007,-2.675482,route_tangent,6,3.651,2.000,6,508086.985,3881306.686,-1.130862,0.000000,-0.000000,1.0000,,,TRACKING|w0 d0 L6
45.631414,129.088734833333,35.074463500000,508089.859,3881304.434,0.007,-2.675482,route_tangent,6,3.651,2.000,6,508086.985,3881306.686,-1.130862,0.000000,-0.000000,1.0000,,,TRACKING|w0 d0 L6
45.681512,129.088734833333,35.074463500000,508089.859,3881304.434,0.007,-2.675482,route_tangent,6,3.651,2.000,6,508086.985,3881306.686,-1.130862,0.000000,-0.000000,1.0000,,,TRACKING|w0 d0 L6
45.731438,129.088734833333,35.074463500000,508089.859,3881304.434,0.010,-2.675482,route_tangent,6,3.651,2.000,6,508086.985,3881306.686,-1.130862,0.000000,-0.000000,1.0000,,,TRACKING|w0 d0 L6
45.781453,129.088734833333,35.074463500000,508089.859,3881304.434,0.010,-2.675482,route_tangent,6,3.651,2.000,6,508086.985,3881306.686,-1.130862,0.000000,-0.000000,1.0000,,,TRACKING|w0 d0 L6
45.831442,129.088734833333,35.074463500000,508089.859,3881304.434,0.010,-2.675482,route_tangent,6,3.651,2.000,6,508086.985,3881306.686,-1.130862,0.000000,-0.000000,1.0000,,,TRACKING|w0 d0 L6
45.881601,129.088734833333,35.074463500000,508089.859,3881304.434,0.010,-2.675482,route_tangent,6,3.651,2.000,6,508086.985,3881306.686,-1.130862,0.000000,-0.000000,1.0000,,,TRACKING|w0 d0 L6
45.931467,129.088734833333,35.074463500000,508089.859,3881304.434,0.010,-2.675482,route_tangent,6,3.651,2.000,6,508086.985,3881306.686,-1.130862,0.000000,-0.000000,1.0000,,,TRACKING|w0 d0 L6
45.981613,129.088734833333,35.074463500000,508089.859,3881304.434,0.007,-2.675482,route_tangent,6,3.651,2.000,6,508086.985,3881306.686,-1.130862,0.000000,-0.000000,1.0000,,,TRACKING|w0 d0 L6
46.031545,129.088734833333,35.074463500000,508089.859,3881304.434,0.007,-2.675482,route_tangent,6,3.651,2.000,6,508086.985,3881306.686,-1.130862,0.000000,-0.000000,1.0000,,,TRACKING|w0 d0 L6
46.081648,129.088734833333,35.074463500000,508089.859,3881304.434,0.007,-2.675482,route_tangent,6,3.651,2.000,6,508086.985,3881306.686,-1.130862,0.000000,-0.000000,1.0000,,,TRACKING|w0 d0 L6
46.131400,129.088734833333,35.074463500000,508089.859,3881304.434,0.007,-2.675482,route_tangent,6,3.651,2.000,6,508086.985,3881306.686,-1.130862,0.000000,-0.000000,1.0000,,,TRACKING|w0 d0 L6
46.181401,129.088734833333,35.074463500000,508089.859,3881304.434,0.007,-2.675482,route_tangent,6,3.651,2.000,6,508086.985,3881306.686,-1.130862,0.000000,-0.000000,1.0000,,,TRACKING|w0 d0 L6
46.231842,129.088734833333,35.074463500000,508089.859,3881304.434,0.007,-2.675482,route_tangent,6,3.651,2.000,6,508086.985,3881306.686,-1.130862,0.000000,-0.000000,1.0000,,,TRACKING|w0 d0 L6
46.281398,129.088734833333,35.074463500000,508089.859,3881304.434,0.007,-2.675482,route_tangent,6,3.651,2.000,6,508086.985,3881306.686,-1.130862,0.000000,-0.000000,1.0000,,,TRACKING|w0 d0 L6
46.331436,129.088734833333,35.074463500000,508089.859,3881304.434,0.007,-2.675482,route_tangent,6,3.651,2.000,6,508086.985,3881306.686,-1.130862,0.000000,-0.000000,1.0000,,,TRACKING|w0 d0 L6
46.381434,129.088734833333,35.074463500000,508089.859,3881304.434,0.007,-2.675482,route_tangent,6,3.651,2.000,6,508086.985,3881306.686,-1.130862,0.000000,-0.000000,1.0000,,,TRACKING|w0 d0 L6
46.431487,129.088734833333,35.074463500000,508089.859,3881304.434,0.007,-2.675482,route_tangent,6,3.651,2.000,6,508086.985,3881306.686,-1.130862,0.000000,-0.000000,1.0000,,,TRACKING|w0 d0 L6
46.481885,129.088734833333,35.074463500000,508089.859,3881304.434,0.004,-2.675482,route_tangent,6,3.651,2.000,6,508086.985,3881306.686,-1.130862,0.000000,-0.000000,1.0000,,,TRACKING|w0 d0 L6
46.531874,129.088734833333,35.074463500000,508089.859,3881304.434,0.004,-2.675482,route_tangent,6,3.651,2.000,6,508086.985,3881306.686,-1.130862,0.000000,-0.000000,1.0000,,,TRACKING|w0 d0 L6
46.581421,129.088734833333,35.074463500000,508089.859,3881304.434,0.004,-2.675482,route_tangent,6,3.651,2.000,6,508086.985,3881306.686,-1.130862,0.000000,-0.000000,1.0000,,,TRACKING|w0 d0 L6
46.631452,129.088734833333,35.074463500000,508089.859,3881304.434,0.004,-2.675482,route_tangent,6,3.651,2.000,6,508086.985,3881306.686,-1.130862,0.000000,-0.000000,1.0000,,,TRACKING|w0 d0 L6
46.681434,129.088734833333,35.074463500000,508089.859,3881304.434,0.004,-2.675482,route_tangent,6,3.651,2.000,6,508086.985,3881306.686,-1.130862,0.000000,-0.000000,1.0000,,,TRACKING|w0 d0 L6
46.731410,129.088734833333,35.074463500000,508089.859,3881304.434,0.006,-2.675482,route_tangent,6,3.651,2.000,6,508086.985,3881306.686,-1.130862,0.000000,-0.000000,1.0000,,,TRACKING|w0 d0 L6
46.781404,129.088734833333,35.074463500000,508089.859,3881304.434,0.006,-2.675482,route_tangent,6,3.651,2.000,6,508086.985,3881306.686,-1.130862,0.000000,-0.000000,1.0000,,,TRACKING|w0 d0 L6
46.831851,129.088734833333,35.074463500000,508089.859,3881304.434,0.006,-2.675482,route_tangent,6,3.651,2.000,6,508086.985,3881306.686,-1.130862,0.000000,-0.000000,1.0000,,,TRACKING|w0 d0 L6
46.881406,129.088734833333,35.074463500000,508089.859,3881304.434,0.006,-2.675482,route_tangent,6,3.651,2.000,6,508086.985,3881306.686,-1.130862,0.000000,-0.000000,1.0000,,,TRACKING|w0 d0 L6
46.931564,129.088734833333,35.074463500000,508089.859,3881304.434,0.006,-2.675482,route_tangent,6,3.651,2.000,6,508086.985,3881306.686,-1.130862,0.000000,-0.000000,1.0000,,,TRACKING|w0 d0 L6
46.981420,129.088734833333,35.074463500000,508089.859,3881304.434,0.003,-2.675482,route_tangent,6,3.651,2.000,6,508086.985,3881306.686,-1.130862,0.000000,-0.000000,1.0000,,,TRACKING|w0 d0 L6
47.031416,129.088734833333,35.074463500000,508089.859,3881304.434,0.003,-2.675482,route_tangent,6,3.651,2.000,6,508086.985,3881306.686,-1.130862,0.000000,-0.000000,1.0000,,,TRACKING|w0 d0 L6
47.081398,129.088734833333,35.074463500000,508089.859,3881304.434,0.003,-2.675482,route_tangent,6,3.651,2.000,6,508086.985,3881306.686,-1.130862,0.000000,-0.000000,1.0000,,,TRACKING|w0 d0 L6
47.131399,129.088734833333,35.074463500000,508089.859,3881304.434,0.003,-2.675482,route_tangent,6,3.651,2.000,6,508086.985,3881306.686,-1.130862,0.000000,-0.000000,1.0000,,,TRACKING|w0 d0 L6
47.181449,129.088734833333,35.074463500000,508089.859,3881304.434,0.003,-2.675482,route_tangent,6,3.651,2.000,6,508086.985,3881306.686,-1.130862,0.000000,-0.000000,1.0000,,,TRACKING|w0 d0 L6
47.231506,129.088734833333,35.074463500000,508089.859,3881304.434,0.017,-2.675482,route_tangent,6,3.651,2.000,6,508086.985,3881306.686,-1.130862,0.000000,-0.000000,1.0000,,,TRACKING|w0 d0 L6
47.281851,129.088734833333,35.074463500000,508089.859,3881304.434,0.017,-2.675482,route_tangent,6,3.651,2.000,6,508086.985,3881306.686,-1.130862,0.000000,-0.000000,1.0000,,,TRACKING|w0 d0 L6
47.331429,129.088734833333,35.074463500000,508089.859,3881304.434,0.017,-2.675482,route_tangent,6,3.651,2.000,6,508086.985,3881306.686,-1.130862,0.000000,-0.000000,1.0000,,,TRACKING|w0 d0 L6
47.381452,129.088734833333,35.074463500000,508089.859,3881304.434,0.017,-2.675482,route_tangent,6,3.651,2.000,6,508086.985,3881306.686,-1.130862,0.000000,-0.000000,1.0000,,,TRACKING|w0 d0 L6
47.431437,129.088734833333,35.074463500000,508089.859,3881304.434,0.017,-2.675482,route_tangent,6,3.651,2.000,6,508086.985,3881306.686,-1.130862,0.000000,-0.000000,1.0000,,,TRACKING|w0 d0 L6
47.481402,129.088734833333,35.074463500000,508089.859,3881304.434,0.009,-2.675482,route_tangent,6,3.651,2.000,6,508086.985,3881306.686,-1.130862,0.000000,-0.000000,1.0000,,,TRACKING|w0 d0 L6
47.531483,129.088734833333,35.074463500000,508089.859,3881304.434,0.009,-2.675482,route_tangent,6,3.651,2.000,6,508086.985,3881306.686,-1.130862,0.000000,-0.000000,1.0000,,,TRACKING|w0 d0 L6
47.581426,129.088734833333,35.074463500000,508089.859,3881304.434,0.009,-2.675482,route_tangent,6,3.651,2.000,6,508086.985,3881306.686,-1.130862,0.000000,-0.000000,1.0000,,,TRACKING|w0 d0 L6
47.631415,129.088734833333,35.074463500000,508089.859,3881304.434,0.009,-2.675482,route_tangent,6,3.651,2.000,6,508086.985,3881306.686,-1.130862,0.000000,-0.000000,1.0000,,,TRACKING|w0 d0 L6
47.681596,129.088734833333,35.074463500000,508089.859,3881304.434,0.009,-2.675482,route_tangent,6,3.651,2.000,6,508086.985,3881306.686,-1.130862,0.000000,-0.000000,1.0000,,,TRACKING|w0 d0 L6
47.731434,129.088734833333,35.074463500000,508089.859,3881304.434,0.005,-2.675482,route_tangent,6,3.651,2.000,6,508086.985,3881306.686,-1.130862,0.000000,-0.000000,1.0000,,,TRACKING|w0 d0 L6
47.781454,129.088734833333,35.074463500000,508089.859,3881304.434,0.005,-2.675482,route_tangent,6,3.651,2.000,6,508086.985,3881306.686,-1.130862,0.000000,-0.000000,1.0000,,,TRACKING|w0 d0 L6
47.831427,129.088734833333,35.074463500000,508089.859,3881304.434,0.005,-2.675482,route_tangent,6,3.651,2.000,6,508086.985,3881306.686,-1.130862,0.000000,-0.000000,1.0000,,,TRACKING|w0 d0 L6
47.881834,129.088734833333,35.074463500000,508089.859,3881304.434,0.005,-2.675482,route_tangent,6,3.651,2.000,6,508086.985,3881306.686,-1.130862,0.000000,-0.000000,1.0000,,,TRACKING|w0 d0 L6
47.931927,129.088734833333,35.074463500000,508089.859,3881304.434,0.005,-2.675482,route_tangent,6,3.651,2.000,6,508086.985,3881306.686,-1.130862,0.000000,-0.000000,1.0000,,,TRACKING|w0 d0 L6
47.981414,129.088734833333,35.074463500000,508089.859,3881304.434,0.010,-2.675482,route_tangent,6,3.651,2.000,6,508086.985,3881306.686,-1.130862,0.000000,-0.000000,1.0000,,,TRACKING|w0 d0 L6
48.031402,129.088734833333,35.074463500000,508089.859,3881304.434,0.010,-2.675482,route_tangent,6,3.651,2.000,6,508086.985,3881306.686,-1.130862,0.000000,-0.000000,1.0000,,,TRACKING|w0 d0 L6
48.081469,129.088734833333,35.074463500000,508089.859,3881304.434,0.010,-2.675482,route_tangent,6,3.651,2.000,6,508086.985,3881306.686,-1.130862,0.000000,-0.000000,1.0000,,,TRACKING|w0 d0 L6
48.131404,129.088734833333,35.074463500000,508089.859,3881304.434,0.010,-2.675482,route_tangent,6,3.651,2.000,6,508086.985,3881306.686,-1.130862,0.000000,-0.000000,1.0000,,,TRACKING|w0 d0 L6
48.181618,129.088734833333,35.074463500000,508089.859,3881304.434,0.010,-2.675482,route_tangent,6,3.651,2.000,6,508086.985,3881306.686,-1.130862,0.000000,-0.000000,1.0000,,,TRACKING|w0 d0 L6
48.231445,129.088734833333,35.074463500000,508089.859,3881304.434,0.008,-2.675482,route_tangent,6,3.651,2.000,6,508086.985,3881306.686,-1.130862,0.000000,-0.000000,1.0000,,,TRACKING|w0 d0 L6
48.281627,129.088734833333,35.074463500000,508089.859,3881304.434,0.008,-2.675482,route_tangent,6,3.651,2.000,6,508086.985,3881306.686,-1.130862,0.000000,-0.000000,1.0000,,,TRACKING|w0 d0 L6
48.331576,129.088734833333,35.074463500000,508089.859,3881304.434,0.008,-2.675482,route_tangent,6,3.651,2.000,6,508086.985,3881306.686,-1.130862,0.000000,-0.000000,1.0000,,,TRACKING|w0 d0 L6
48.381433,129.088734833333,35.074463500000,508089.859,3881304.434,0.008,-2.675482,route_tangent,6,3.651,2.000,6,508086.985,3881306.686,-1.130862,0.000000,-0.000000,1.0000,,,TRACKING|w0 d0 L6
48.431716,129.088734833333,35.074463500000,508089.859,3881304.434,0.008,-2.675482,route_tangent,6,3.651,2.000,6,508086.985,3881306.686,-1.130862,0.000000,-0.000000,1.0000,,,TRACKING|w0 d0 L6
48.481501,129.088734833333,35.074463500000,508089.859,3881304.434,0.005,-2.675482,route_tangent,6,3.651,2.000,6,508086.985,3881306.686,-1.130862,0.000000,-0.000000,1.0000,,,TRACKING|w0 d0 L6
48.531537,129.088734833333,35.074463500000,508089.859,3881304.434,0.005,-2.675482,route_tangent,6,3.651,2.000,6,508086.985,3881306.686,-1.130862,0.000000,-0.000000,1.0000,,,TRACKING|w0 d0 L6
48.581457,129.088734833333,35.074463500000,508089.859,3881304.434,0.005,-2.675482,route_tangent,6,3.651,2.000,6,508086.985,3881306.686,-1.130862,0.000000,-0.000000,1.0000,,,TRACKING|w0 d0 L6
48.632021,129.088734833333,35.074463500000,508089.859,3881304.434,0.005,-2.675482,route_tangent,6,3.651,2.000,6,508086.985,3881306.686,-1.130862,0.000000,-0.000000,1.0000,,,TRACKING|w0 d0 L6
48.681466,129.088734833333,35.074463500000,508089.859,3881304.434,0.005,-2.675482,route_tangent,6,3.651,2.000,6,508086.985,3881306.686,-1.130862,0.000000,-0.000000,1.0000,,,TRACKING|w0 d0 L6
48.731471,129.088734833333,35.074463500000,508089.859,3881304.434,0.012,-2.675482,route_tangent,6,3.651,2.000,6,508086.985,3881306.686,-1.130862,0.000000,-0.000000,1.0000,,,TRACKING|w0 d0 L6
48.781479,129.088734833333,35.074463500000,508089.859,3881304.434,0.012,-2.675482,route_tangent,6,3.651,2.000,6,508086.985,3881306.686,-1.130862,0.000000,-0.000000,1.0000,,,TRACKING|w0 d0 L6
48.831463,129.088734833333,35.074463500000,508089.859,3881304.434,0.012,-2.675482,route_tangent,6,3.651,2.000,6,508086.985,3881306.686,-1.130862,0.000000,-0.000000,1.0000,,,TRACKING|w0 d0 L6
48.881456,129.088734833333,35.074463500000,508089.859,3881304.434,0.012,-2.675482,route_tangent,6,3.651,2.000,6,508086.985,3881306.686,-1.130862,0.000000,-0.000000,1.0000,,,TRACKING|w0 d0 L6
48.931425,129.088734833333,35.074463500000,508089.859,3881304.434,0.012,-2.675482,route_tangent,6,3.651,2.000,6,508086.985,3881306.686,-1.130862,0.000000,-0.000000,1.0000,,,TRACKING|w0 d0 L6
48.981450,129.088734833333,35.074463500000,508089.859,3881304.434,0.004,-2.675482,route_tangent,6,3.651,2.000,6,508086.985,3881306.686,-1.130862,0.000000,-0.000000,1.0000,,,TRACKING|w0 d0 L6
49.031436,129.088734833333,35.074463500000,508089.859,3881304.434,0.004,-2.675482,route_tangent,6,3.651,2.000,6,508086.985,3881306.686,-1.130862,0.000000,-0.000000,1.0000,,,TRACKING|w0 d0 L6
49.081484,129.088734833333,35.074463500000,508089.859,3881304.434,0.004,-2.675482,route_tangent,6,3.651,2.000,6,508086.985,3881306.686,-1.130862,0.000000,-0.000000,1.0000,,,TRACKING|w0 d0 L6
49.131437,129.088734833333,35.074463500000,508089.859,3881304.434,0.004,-2.675482,route_tangent,6,3.651,2.000,6,508086.985,3881306.686,-1.130862,0.000000,-0.000000,1.0000,,,TRACKING|w0 d0 L6
49.181417,129.088734833333,35.074463500000,508089.859,3881304.434,0.004,-2.675482,route_tangent,6,3.651,2.000,6,508086.985,3881306.686,-1.130862,0.000000,-0.000000,1.0000,,,TRACKING|w0 d0 L6
49.231463,129.088734833333,35.074463500000,508089.859,3881304.434,0.011,-2.675482,route_tangent,6,3.651,2.000,6,508086.985,3881306.686,-1.130862,0.000000,-0.000000,1.0000,,,TRACKING|w0 d0 L6
49.281466,129.088734833333,35.074463500000,508089.859,3881304.434,0.011,-2.675482,route_tangent,6,3.651,2.000,6,508086.985,3881306.686,-1.130862,0.000000,-0.000000,1.0000,,,TRACKING|w0 d0 L6
49.331415,129.088734833333,35.074463500000,508089.859,3881304.434,0.011,-2.675482,route_tangent,6,3.651,2.000,6,508086.985,3881306.686,-1.130862,0.000000,-0.000000,1.0000,,,TRACKING|w0 d0 L6
49.381424,129.088734833333,35.074463500000,508089.859,3881304.434,0.011,-2.675482,route_tangent,6,3.651,2.000,6,508086.985,3881306.686,-1.130862,0.000000,-0.000000,1.0000,,,TRACKING|w0 d0 L6
49.431427,129.088734833333,35.074463500000,508089.859,3881304.434,0.011,-2.675482,route_tangent,6,3.651,2.000,6,508086.985,3881306.686,-1.130862,0.000000,-0.000000,1.0000,,,TRACKING|w0 d0 L6
49.481485,129.088734666667,35.074463500000,508089.844,3881304.434,0.020,-2.675482,route_tangent,6,3.639,2.000,6,508086.985,3881306.686,-1.133440,0.000000,-0.000000,1.0000,,,TRACKING|w0 d0 L6
49.531422,129.088734666667,35.074463500000,508089.844,3881304.434,0.020,-2.675482,route_tangent,6,3.639,2.000,6,508086.985,3881306.686,-1.133440,0.000000,-0.000000,1.0000,,,TRACKING|w0 d0 L6
49.581424,129.088734666667,35.074463500000,508089.844,3881304.434,0.020,-2.675482,route_tangent,6,3.639,2.000,6,508086.985,3881306.686,-1.133440,0.000000,-0.000000,1.0000,,,TRACKING|w0 d0 L6
49.631426,129.088734666667,35.074463500000,508089.844,3881304.434,0.020,-2.675482,route_tangent,6,3.639,2.000,6,508086.985,3881306.686,-1.133440,0.000000,-0.000000,1.0000,,,TRACKING|w0 d0 L6
49.681451,129.088734666667,35.074463500000,508089.844,3881304.434,0.020,-2.675482,route_tangent,6,3.639,2.000,6,508086.985,3881306.686,-1.133440,0.000000,-0.000000,1.0000,,,TRACKING|w0 d0 L6
49.731424,129.088734666667,35.074463500000,508089.844,3881304.434,0.017,-2.675482,route_tangent,6,3.639,2.000,6,508086.985,3881306.686,-1.133440,0.000000,-0.000000,1.0000,,,TRACKING|w0 d0 L6
49.781465,129.088734666667,35.074463500000,508089.844,3881304.434,0.017,-2.675482,route_tangent,6,3.639,2.000,6,508086.985,3881306.686,-1.133440,0.000000,-0.000000,1.0000,,,TRACKING|w0 d0 L6
49.831381,129.088734666667,35.074463500000,508089.844,3881304.434,0.017,-2.675482,route_tangent,6,3.639,2.000,6,508086.985,3881306.686,-1.133440,0.000000,-0.000000,1.0000,,,TRACKING|w0 d0 L6
49.881462,129.088734666667,35.074463500000,508089.844,3881304.434,0.017,-2.675482,route_tangent,6,3.639,2.000,6,508086.985,3881306.686,-1.133440,0.000000,-0.000000,1.0000,,,TRACKING|w0 d0 L6
49.931434,129.088734666667,35.074463500000,508089.844,3881304.434,0.017,-2.675482,route_tangent,6,3.639,2.000,6,508086.985,3881306.686,-1.133440,0.000000,-0.000000,1.0000,,,TRACKING|w0 d0 L6
49.981421,129.088734666667,35.074463500000,508089.844,3881304.434,0.012,-2.675482,route_tangent,6,3.639,2.000,6,508086.985,3881306.686,-1.133440,0.000000,-0.000000,1.0000,,,TRACKING|w0 d0 L6
50.031419,129.088734666667,35.074463500000,508089.844,3881304.434,0.012,-2.675482,route_tangent,6,3.639,2.000,6,508086.985,3881306.686,-1.133440,0.000000,-0.000000,1.0000,,,TRACKING|w0 d0 L6
50.081461,129.088734666667,35.074463500000,508089.844,3881304.434,0.012,-2.675482,route_tangent,6,3.639,2.000,6,508086.985,3881306.686,-1.133440,0.000000,-0.000000,1.0000,,,TRACKING|w0 d0 L6
50.131435,129.088734666667,35.074463500000,508089.844,3881304.434,0.012,-2.675482,route_tangent,6,3.639,2.000,6,508086.985,3881306.686,-1.133440,0.000000,-0.000000,1.0000,,,TRACKING|w0 d0 L6
50.181479,129.088734666667,35.074463500000,508089.844,3881304.434,0.012,-2.675482,route_tangent,6,3.639,2.000,6,508086.985,3881306.686,-1.133440,0.000000,-0.000000,1.0000,,,TRACKING|w0 d0 L6
50.231436,129.088734666667,35.074463500000,508089.844,3881304.434,0.025,-2.675482,route_tangent,6,3.639,2.000,6,508086.985,3881306.686,-1.133440,0.000000,-0.000000,1.0000,,,TRACKING|w0 d0 L6
50.281455,129.088734666667,35.074463500000,508089.844,3881304.434,0.025,-2.675482,route_tangent,6,3.639,2.000,6,508086.985,3881306.686,-1.133440,0.000000,-0.000000,1.0000,,,TRACKING|w0 d0 L6
50.331479,129.088734666667,35.074463500000,508089.844,3881304.434,0.025,-2.675482,route_tangent,6,3.639,2.000,6,508086.985,3881306.686,-1.133440,0.000000,-0.000000,1.0000,,,TRACKING|w0 d0 L6
50.381413,129.088734666667,35.074463500000,508089.844,3881304.434,0.025,-2.675482,route_tangent,6,3.639,2.000,6,508086.985,3881306.686,-1.133440,0.000000,-0.000000,1.0000,,,TRACKING|w0 d0 L6
50.431440,129.088734666667,35.074463500000,508089.844,3881304.434,0.025,-2.675482,route_tangent,6,3.639,2.000,6,508086.985,3881306.686,-1.133440,0.000000,-0.000000,1.0000,,,TRACKING|w0 d0 L6
50.481452,129.088734500000,35.074463500000,508089.829,3881304.434,0.018,-2.675482,route_tangent,6,3.627,2.000,6,508086.985,3881306.686,-1.136035,0.000000,-0.000000,1.0000,,,TRACKING|w0 d0 L6
50.531466,129.088734500000,35.074463500000,508089.829,3881304.434,0.018,-2.675482,route_tangent,6,3.627,2.000,6,508086.985,3881306.686,-1.136035,0.000000,-0.000000,1.0000,,,TRACKING|w0 d0 L6
50.581465,129.088734500000,35.074463500000,508089.829,3881304.434,0.018,-2.675482,route_tangent,6,3.627,2.000,6,508086.985,3881306.686,-1.136035,0.000000,-0.000000,1.0000,,,TRACKING|w0 d0 L6
50.631576,129.088734500000,35.074463500000,508089.829,3881304.434,0.018,-2.675482,route_tangent,6,3.627,2.000,6,508086.985,3881306.686,-1.136035,0.000000,-0.000000,1.0000,,,TRACKING|w0 d0 L6
50.681518,129.088734500000,35.074463500000,508089.829,3881304.434,0.018,-2.675482,route_tangent,6,3.627,2.000,6,508086.985,3881306.686,-1.136035,0.000000,-0.000000,1.0000,,,TRACKING|w0 d0 L6
50.731461,129.088734500000,35.074463500000,508089.829,3881304.434,0.017,-2.675482,route_tangent,6,3.627,2.000,6,508086.985,3881306.686,-1.136035,0.000000,-0.000000,1.0000,,,TRACKING|w0 d0 L6
50.781444,129.088734500000,35.074463500000,508089.829,3881304.434,0.017,-2.675482,route_tangent,6,3.627,2.000,6,508086.985,3881306.686,-1.136035,0.000000,-0.000000,1.0000,,,TRACKING|w0 d0 L6
50.831422,129.088734500000,35.074463500000,508089.829,3881304.434,0.017,-2.675482,route_tangent,6,3.627,2.000,6,508086.985,3881306.686,-1.136035,0.000000,-0.000000,1.0000,,,TRACKING|w0 d0 L6
50.881445,129.088734500000,35.074463500000,508089.829,3881304.434,0.017,-2.675482,route_tangent,6,3.627,2.000,6,508086.985,3881306.686,-1.136035,0.000000,-0.000000,1.0000,,,TRACKING|w0 d0 L6
50.931399,129.088734500000,35.074463500000,508089.829,3881304.434,0.017,-2.675482,route_tangent,6,3.627,2.000,6,508086.985,3881306.686,-1.136035,0.000000,-0.000000,1.0000,,,TRACKING|w0 d0 L6
50.981539,129.088734500000,35.074463500000,508089.829,3881304.434,0.008,-2.675482,route_tangent,6,3.627,2.000,6,508086.985,3881306.686,-1.136035,0.000000,-0.000000,1.0000,,,TRACKING|w0 d0 L6
51.031433,129.088734500000,35.074463500000,508089.829,3881304.434,0.008,-2.675482,route_tangent,6,3.627,2.000,6,508086.985,3881306.686,-1.136035,0.000000,-0.000000,1.0000,,,TRACKING|w0 d0 L6
51.081553,129.088734500000,35.074463500000,508089.829,3881304.434,0.008,-2.675482,route_tangent,6,3.627,2.000,6,508086.985,3881306.686,-1.136035,0.000000,-0.000000,1.0000,,,TRACKING|w0 d0 L6
51.131419,129.088734500000,35.074463500000,508089.829,3881304.434,0.008,-2.675482,route_tangent,6,3.627,2.000,6,508086.985,3881306.686,-1.136035,0.000000,-0.000000,1.0000,,,TRACKING|w0 d0 L6
51.181423,129.088734500000,35.074463500000,508089.829,3881304.434,0.008,-2.675482,route_tangent,6,3.627,2.000,6,508086.985,3881306.686,-1.136035,0.000000,-0.000000,1.0000,,,TRACKING|w0 d0 L6
51.231419,129.088734500000,35.074463500000,508089.829,3881304.434,0.021,-2.675482,route_tangent,6,3.627,2.000,6,508086.985,3881306.686,-1.136035,0.000000,-0.000000,1.0000,,,TRACKING|w0 d0 L6
51.281472,129.088734500000,35.074463500000,508089.829,3881304.434,0.021,-2.675482,route_tangent,6,3.627,2.000,6,508086.985,3881306.686,-1.136035,0.000000,-0.000000,1.0000,,,TRACKING|w0 d0 L6
51.331424,129.088734500000,35.074463500000,508089.829,3881304.434,0.021,-2.675482,route_tangent,6,3.627,2.000,6,508086.985,3881306.686,-1.136035,0.000000,-0.000000,1.0000,,,TRACKING|w0 d0 L6
51.381434,129.088734500000,35.074463500000,508089.829,3881304.434,0.021,-2.675482,route_tangent,6,3.627,2.000,6,508086.985,3881306.686,-1.136035,0.000000,-0.000000,1.0000,,,TRACKING|w0 d0 L6
51.431925,129.088734500000,35.074463500000,508089.829,3881304.434,0.021,-2.675482,route_tangent,6,3.627,2.000,6,508086.985,3881306.686,-1.136035,0.000000,-0.000000,1.0000,,,TRACKING|w0 d0 L6
51.481496,129.088734500000,35.074463500000,508089.829,3881304.434,0.010,-2.675482,route_tangent,6,3.627,2.000,6,508086.985,3881306.686,-1.136035,0.000000,-0.000000,1.0000,,,TRACKING|w0 d0 L6
51.531407,129.088734500000,35.074463500000,508089.829,3881304.434,0.010,-2.675482,route_tangent,6,3.627,2.000,6,508086.985,3881306.686,-1.136035,0.000000,-0.000000,1.0000,,,TRACKING|w0 d0 L6
51.581485,129.088734500000,35.074463500000,508089.829,3881304.434,0.010,-2.675482,route_tangent,6,3.627,2.000,6,508086.985,3881306.686,-1.136035,0.000000,-0.000000,1.0000,,,TRACKING|w0 d0 L6
51.631400,129.088734500000,35.074463500000,508089.829,3881304.434,0.010,-2.675482,route_tangent,6,3.627,2.000,6,508086.985,3881306.686,-1.136035,0.000000,-0.000000,1.0000,,,TRACKING|w0 d0 L6
51.681506,129.088734500000,35.074463500000,508089.829,3881304.434,0.010,-2.675482,route_tangent,6,3.627,2.000,6,508086.985,3881306.686,-1.136035,0.000000,-0.000000,1.0000,,,TRACKING|w0 d0 L6
51.731390,129.088734500000,35.074463500000,508089.829,3881304.434,0.011,-2.675482,route_tangent,6,3.627,2.000,6,508086.985,3881306.686,-1.136035,0.000000,-0.000000,1.0000,,,TRACKING|w0 d0 L6
51.781589,129.088734500000,35.074463500000,508089.829,3881304.434,0.011,-2.675482,route_tangent,6,3.627,2.000,6,508086.985,3881306.686,-1.136035,0.000000,-0.000000,1.0000,,,TRACKING|w0 d0 L6
51.831460,129.088734500000,35.074463500000,508089.829,3881304.434,0.011,-2.675482,route_tangent,6,3.627,2.000,6,508086.985,3881306.686,-1.136035,0.000000,-0.000000,1.0000,,,TRACKING|w0 d0 L6
51.881419,129.088734500000,35.074463500000,508089.829,3881304.434,0.011,-2.675482,route_tangent,6,3.627,2.000,6,508086.985,3881306.686,-1.136035,0.000000,-0.000000,1.0000,,,TRACKING|w0 d0 L6
51.931557,129.088734500000,35.074463500000,508089.829,3881304.434,0.011,-2.675482,route_tangent,6,3.627,2.000,6,508086.985,3881306.686,-1.136035,0.000000,-0.000000,1.0000,,,TRACKING|w0 d0 L6
51.981516,129.088734500000,35.074463500000,508089.829,3881304.434,0.007,-2.675482,route_tangent,6,3.627,2.000,6,508086.985,3881306.686,-1.136035,0.000000,-0.000000,1.0000,,,TRACKING|w0 d0 L6
52.031639,129.088734500000,35.074463500000,508089.829,3881304.434,0.007,-2.675482,route_tangent,6,3.627,2.000,6,508086.985,3881306.686,-1.136035,0.000000,-0.000000,1.0000,,,TRACKING|w0 d0 L6
52.081810,129.088734500000,35.074463500000,508089.829,3881304.434,0.007,-2.675482,route_tangent,6,3.627,2.000,6,508086.985,3881306.686,-1.136035,0.000000,-0.000000,1.0000,,,TRACKING|w0 d0 L6
52.131469,129.088734500000,35.074463500000,508089.829,3881304.434,0.007,-2.675482,route_tangent,6,3.627,2.000,6,508086.985,3881306.686,-1.136035,0.000000,-0.000000,1.0000,,,TRACKING|w0 d0 L6
52.181462,129.088734500000,35.074463500000,508089.829,3881304.434,0.007,-2.675482,route_tangent,6,3.627,2.000,6,508086.985,3881306.686,-1.136035,0.000000,-0.000000,1.0000,,,TRACKING|w0 d0 L6
52.231458,129.088734500000,35.074463500000,508089.829,3881304.434,0.009,-2.675482,route_tangent,6,3.627,2.000,6,508086.985,3881306.686,-1.136035,0.000000,-0.000000,1.0000,,,TRACKING|w0 d0 L6
52.281454,129.088734500000,35.074463500000,508089.829,3881304.434,0.009,-2.675482,route_tangent,6,3.627,2.000,6,508086.985,3881306.686,-1.136035,0.000000,-0.000000,1.0000,,,TRACKING|w0 d0 L6
52.331418,129.088734500000,35.074463500000,508089.829,3881304.434,0.009,-2.675482,route_tangent,6,3.627,2.000,6,508086.985,3881306.686,-1.136035,0.000000,-0.000000,1.0000,,,TRACKING|w0 d0 L6
52.381586,129.088734500000,35.074463500000,508089.829,3881304.434,0.009,-2.675482,route_tangent,6,3.627,2.000,6,508086.985,3881306.686,-1.136035,0.000000,-0.000000,1.0000,,,TRACKING|w0 d0 L6
52.431562,129.088734500000,35.074463500000,508089.829,3881304.434,0.009,-2.675482,route_tangent,6,3.627,2.000,6,508086.985,3881306.686,-1.136035,0.000000,-0.000000,1.0000,,,TRACKING|w0 d0 L6
52.481453,129.088734500000,35.074463500000,508089.829,3881304.434,0.011,-2.675482,route_tangent,6,3.627,2.000,6,508086.985,3881306.686,-1.136035,0.000000,-0.000000,1.0000,,,TRACKING|w0 d0 L6
52.531572,129.088734500000,35.074463500000,508089.829,3881304.434,0.011,-2.675482,route_tangent,6,3.627,2.000,6,508086.985,3881306.686,-1.136035,0.000000,-0.000000,1.0000,,,TRACKING|w0 d0 L6
52.581539,129.088734500000,35.074463500000,508089.829,3881304.434,0.011,-2.675482,route_tangent,6,3.627,2.000,6,508086.985,3881306.686,-1.136035,0.000000,-0.000000,1.0000,,,TRACKING|w0 d0 L6
52.631709,129.088734500000,35.074463500000,508089.829,3881304.434,0.011,-2.675482,route_tangent,6,3.627,2.000,6,508086.985,3881306.686,-1.136035,0.000000,-0.000000,1.0000,,,TRACKING|w0 d0 L6
52.681764,129.088734500000,35.074463500000,508089.829,3881304.434,0.011,-2.675482,route_tangent,6,3.627,2.000,6,508086.985,3881306.686,-1.136035,0.000000,-0.000000,1.0000,,,TRACKING|w0 d0 L6
52.731443,129.088734500000,35.074463500000,508089.829,3881304.434,0.006,-2.675482,route_tangent,6,3.627,2.000,6,508086.985,3881306.686,-1.136035,0.000000,-0.000000,1.0000,,,TRACKING|w0 d0 L6
52.781456,129.088734500000,35.074463500000,508089.829,3881304.434,0.006,-2.675482,route_tangent,6,3.627,2.000,6,508086.985,3881306.686,-1.136035,0.000000,-0.000000,1.0000,,,TRACKING|w0 d0 L6
52.831406,129.088734500000,35.074463500000,508089.829,3881304.434,0.006,-2.675482,route_tangent,6,3.627,2.000,6,508086.985,3881306.686,-1.136035,0.000000,-0.000000,1.0000,,,TRACKING|w0 d0 L6
52.881433,129.088734500000,35.074463500000,508089.829,3881304.434,0.006,-2.675482,route_tangent,6,3.627,2.000,6,508086.985,3881306.686,-1.136035,0.000000,-0.000000,1.0000,,,TRACKING|w0 d0 L6
52.931457,129.088734500000,35.074463500000,508089.829,3881304.434,0.006,-2.675482,route_tangent,6,3.627,2.000,6,508086.985,3881306.686,-1.136035,0.000000,-0.000000,1.0000,,,TRACKING|w0 d0 L6
52.981430,129.088734500000,35.074463500000,508089.829,3881304.434,0.011,-2.675482,route_tangent,6,3.627,2.000,6,508086.985,3881306.686,-1.136035,0.000000,-0.000000,1.0000,,,TRACKING|w0 d0 L6
53.031430,129.088734500000,35.074463500000,508089.829,3881304.434,0.011,-2.675482,route_tangent,6,3.627,2.000,6,508086.985,3881306.686,-1.136035,0.000000,-0.000000,1.0000,,,TRACKING|w0 d0 L6
53.081444,129.088734500000,35.074463500000,508089.829,3881304.434,0.011,-2.675482,route_tangent,6,3.627,2.000,6,508086.985,3881306.686,-1.136035,0.000000,-0.000000,1.0000,,,TRACKING|w0 d0 L6
53.131415,129.088734500000,35.074463500000,508089.829,3881304.434,0.011,-2.675482,route_tangent,6,3.627,2.000,6,508086.985,3881306.686,-1.136035,0.000000,-0.000000,1.0000,,,TRACKING|w0 d0 L6
53.181617,129.088734500000,35.074463500000,508089.829,3881304.434,0.011,-2.675482,route_tangent,6,3.627,2.000,6,508086.985,3881306.686,-1.136035,0.000000,-0.000000,1.0000,,,TRACKING|w0 d0 L6
53.231441,129.088734500000,35.074463500000,508089.829,3881304.434,0.009,-2.675482,route_tangent,6,3.627,2.000,6,508086.985,3881306.686,-1.136035,0.000000,-0.000000,1.0000,,,TRACKING|w0 d0 L6
53.281427,129.088734500000,35.074463500000,508089.829,3881304.434,0.009,-2.675482,route_tangent,6,3.627,2.000,6,508086.985,3881306.686,-1.136035,0.000000,-0.000000,1.0000,,,TRACKING|w0 d0 L6
53.331446,129.088734500000,35.074463500000,508089.829,3881304.434,0.009,-2.675482,route_tangent,6,3.627,2.000,6,508086.985,3881306.686,-1.136035,0.000000,-0.000000,1.0000,,,TRACKING|w0 d0 L6
53.381432,129.088734500000,35.074463500000,508089.829,3881304.434,0.009,-2.675482,route_tangent,6,3.627,2.000,6,508086.985,3881306.686,-1.136035,0.000000,-0.000000,1.0000,,,TRACKING|w0 d0 L6
53.431450,129.088734500000,35.074463500000,508089.829,3881304.434,0.009,-2.675482,route_tangent,6,3.627,2.000,6,508086.985,3881306.686,-1.136035,0.000000,-0.000000,1.0000,,,TRACKING|w0 d0 L6
53.481651,129.088734500000,35.074463500000,508089.829,3881304.434,0.016,-2.675482,route_tangent,6,3.627,2.000,6,508086.985,3881306.686,-1.136035,0.000000,-0.000000,1.0000,,,TRACKING|w0 d0 L6
53.531458,129.088734500000,35.074463500000,508089.829,3881304.434,0.016,-2.675482,route_tangent,6,3.627,2.000,6,508086.985,3881306.686,-1.136035,0.000000,-0.000000,1.0000,,,TRACKING|w0 d0 L6
53.581608,129.088734500000,35.074463500000,508089.829,3881304.434,0.016,-2.675482,route_tangent,6,3.627,2.000,6,508086.985,3881306.686,-1.136035,0.000000,-0.000000,1.0000,,,TRACKING|w0 d0 L6
53.631435,129.088734500000,35.074463500000,508089.829,3881304.434,0.016,-2.675482,route_tangent,6,3.627,2.000,6,508086.985,3881306.686,-1.136035,0.000000,-0.000000,1.0000,,,TRACKING|w0 d0 L6
53.681528,129.088734500000,35.074463500000,508089.829,3881304.434,0.016,-2.675482,route_tangent,6,3.627,2.000,6,508086.985,3881306.686,-1.136035,0.000000,-0.000000,1.0000,,,TRACKING|w0 d0 L6
53.731532,129.088734500000,35.074463500000,508089.829,3881304.434,0.021,-2.675482,route_tangent,6,3.627,2.000,6,508086.985,3881306.686,-1.136035,0.000000,-0.000000,1.0000,,,TRACKING|w0 d0 L6
53.781573,129.088734500000,35.074463500000,508089.829,3881304.434,0.021,-2.675482,route_tangent,6,3.627,2.000,6,508086.985,3881306.686,-1.136035,0.000000,-0.000000,1.0000,,,TRACKING|w0 d0 L6
53.831431,129.088734500000,35.074463500000,508089.829,3881304.434,0.021,-2.675482,route_tangent,6,3.627,2.000,6,508086.985,3881306.686,-1.136035,0.000000,-0.000000,1.0000,,,TRACKING|w0 d0 L6
53.881427,129.088734500000,35.074463500000,508089.829,3881304.434,0.021,-2.675482,route_tangent,6,3.627,2.000,6,508086.985,3881306.686,-1.136035,0.000000,-0.000000,1.0000,,,TRACKING|w0 d0 L6
53.931466,129.088734500000,35.074463500000,508089.829,3881304.434,0.021,-2.675482,route_tangent,6,3.627,2.000,6,508086.985,3881306.686,-1.136035,0.000000,-0.000000,1.0000,,,TRACKING|w0 d0 L6
53.981458,129.088734500000,35.074463500000,508089.829,3881304.434,0.010,-2.675482,route_tangent,6,3.627,2.000,6,508086.985,3881306.686,-1.136035,0.000000,-0.000000,1.0000,,,TRACKING|w0 d0 L6
54.032035,129.088734500000,35.074463500000,508089.829,3881304.434,0.010,-2.675482,route_tangent,6,3.627,2.000,6,508086.985,3881306.686,-1.136035,0.000000,-0.000000,1.0000,,,TRACKING|w0 d0 L6
54.081468,129.088734500000,35.074463500000,508089.829,3881304.434,0.010,-2.675482,route_tangent,6,3.627,2.000,6,508086.985,3881306.686,-1.136035,0.000000,-0.000000,1.0000,,,TRACKING|w0 d0 L6
54.131557,129.088734500000,35.074463500000,508089.829,3881304.434,0.010,-2.675482,route_tangent,6,3.627,2.000,6,508086.985,3881306.686,-1.136035,0.000000,-0.000000,1.0000,,,TRACKING|w0 d0 L6
54.181464,129.088734500000,35.074463500000,508089.829,3881304.434,0.010,-2.675482,route_tangent,6,3.627,2.000,6,508086.985,3881306.686,-1.136035,0.000000,-0.000000,1.0000,,,TRACKING|w0 d0 L6
54.231429,129.088734500000,35.074463500000,508089.829,3881304.434,0.016,-2.675482,route_tangent,6,3.627,2.000,6,508086.985,3881306.686,-1.136035,0.000000,-0.000000,1.0000,,,TRACKING|w0 d0 L6
54.281555,129.088734500000,35.074463500000,508089.829,3881304.434,0.016,-2.675482,route_tangent,6,3.627,2.000,6,508086.985,3881306.686,-1.136035,0.000000,-0.000000,1.0000,,,TRACKING|w0 d0 L6
54.331503,129.088734500000,35.074463500000,508089.829,3881304.434,0.016,-2.675482,route_tangent,6,3.627,2.000,6,508086.985,3881306.686,-1.136035,0.000000,-0.000000,1.0000,,,TRACKING|w0 d0 L6
54.381664,129.088734500000,35.074463500000,508089.829,3881304.434,0.016,-2.675482,route_tangent,6,3.627,2.000,6,508086.985,3881306.686,-1.136035,0.000000,-0.000000,1.0000,,,TRACKING|w0 d0 L6
54.431489,129.088734500000,35.074463500000,508089.829,3881304.434,0.016,-2.675482,route_tangent,6,3.627,2.000,6,508086.985,3881306.686,-1.136035,0.000000,-0.000000,1.0000,,,TRACKING|w0 d0 L6
54.481475,129.088734500000,35.074463500000,508089.829,3881304.434,0.022,-2.675482,route_tangent,6,3.627,2.000,6,508086.985,3881306.686,-1.136035,0.000000,-0.000000,1.0000,,,TRACKING|w0 d0 L6
54.531448,129.088734500000,35.074463500000,508089.829,3881304.434,0.022,-2.675482,route_tangent,6,3.627,2.000,6,508086.985,3881306.686,-1.136035,0.000000,-0.000000,1.0000,,,TRACKING|w0 d0 L6
54.581468,129.088734500000,35.074463500000,508089.829,3881304.434,0.022,-2.675482,route_tangent,6,3.627,2.000,6,508086.985,3881306.686,-1.136035,0.000000,-0.000000,1.0000,,,TRACKING|w0 d0 L6
54.631650,129.088734500000,35.074463500000,508089.829,3881304.434,0.022,-2.675482,route_tangent,6,3.627,2.000,6,508086.985,3881306.686,-1.136035,0.000000,-0.000000,1.0000,,,TRACKING|w0 d0 L6
54.681460,129.088734500000,35.074463500000,508089.829,3881304.434,0.022,-2.675482,route_tangent,6,3.627,2.000,6,508086.985,3881306.686,-1.136035,0.000000,-0.000000,1.0000,,,TRACKING|w0 d0 L6
54.731693,129.088734500000,35.074463500000,508089.829,3881304.434,0.033,-2.675482,route_tangent,6,3.627,2.000,6,508086.985,3881306.686,-1.136035,0.000000,-0.000000,1.0000,,,TRACKING|w0 d0 L6
54.781454,129.088734500000,35.074463500000,508089.829,3881304.434,0.033,-2.675482,route_tangent,6,3.627,2.000,6,508086.985,3881306.686,-1.136035,0.000000,-0.000000,1.0000,,,TRACKING|w0 d0 L6
54.831442,129.088734500000,35.074463500000,508089.829,3881304.434,0.033,-2.675482,route_tangent,6,3.627,2.000,6,508086.985,3881306.686,-1.136035,0.000000,-0.000000,1.0000,,,TRACKING|w0 d0 L6
54.881425,129.088734500000,35.074463500000,508089.829,3881304.434,0.033,-2.675482,route_tangent,6,3.627,2.000,6,508086.985,3881306.686,-1.136035,0.000000,-0.000000,1.0000,,,TRACKING|w0 d0 L6
54.931460,129.088734500000,35.074463500000,508089.829,3881304.434,0.033,-2.675482,route_tangent,6,3.627,2.000,6,508086.985,3881306.686,-1.136035,0.000000,-0.000000,1.0000,,,TRACKING|w0 d0 L6
54.981418,129.088734500000,35.074463333333,508089.829,3881304.416,0.012,-2.675482,route_tangent,6,3.639,2.000,6,508086.985,3881306.686,-1.140014,0.000000,-0.000000,1.0000,,,TRACKING|w0 d0 L6
55.031588,129.088734500000,35.074463333333,508089.829,3881304.416,0.012,-2.675482,route_tangent,6,3.639,2.000,6,508086.985,3881306.686,-1.140014,0.000000,-0.000000,1.0000,,,TRACKING|w0 d0 L6
55.081470,129.088734500000,35.074463333333,508089.829,3881304.416,0.012,-2.675482,route_tangent,6,3.639,2.000,6,508086.985,3881306.686,-1.140014,0.000000,-0.000000,1.0000,,,TRACKING|w0 d0 L6
55.131588,129.088734500000,35.074463333333,508089.829,3881304.416,0.012,-2.675482,route_tangent,6,3.639,2.000,6,508086.985,3881306.686,-1.140014,0.000000,-0.000000,1.0000,,,TRACKING|w0 d0 L6
55.181482,129.088734500000,35.074463333333,508089.829,3881304.416,0.012,-2.675482,route_tangent,6,3.639,2.000,6,508086.985,3881306.686,-1.140014,0.000000,-0.000000,1.0000,,,TRACKING|w0 d0 L6
55.231560,129.088734500000,35.074463500000,508089.829,3881304.434,0.000,-2.675482,route_tangent,6,3.627,2.000,6,508086.985,3881306.686,-1.136035,0.000000,-0.000000,1.0000,,,TRACKING|w0 d0 L6
55.281463,129.088734500000,35.074463500000,508089.829,3881304.434,0.000,-2.675482,route_tangent,6,3.627,2.000,6,508086.985,3881306.686,-1.136035,0.000000,-0.000000,1.0000,,,TRACKING|w0 d0 L6
55.331459,129.088734500000,35.074463500000,508089.829,3881304.434,0.000,-2.675482,route_tangent,6,3.627,2.000,6,508086.985,3881306.686,-1.136035,0.000000,-0.000000,1.0000,,,TRACKING|w0 d0 L6
55.381602,129.088734500000,35.074463500000,508089.829,3881304.434,0.000,-2.675482,route_tangent,6,3.627,2.000,6,508086.985,3881306.686,-1.136035,0.000000,-0.000000,1.0000,,,TRACKING|w0 d0 L6
55.431442,129.088734500000,35.074463500000,508089.829,3881304.434,0.000,-2.675482,route_tangent,6,3.627,2.000,6,508086.985,3881306.686,-1.136035,0.000000,-0.000000,1.0000,,,TRACKING|w0 d0 L6
55.481454,129.088734500000,35.074463500000,508089.829,3881304.434,0.013,-2.675482,route_tangent,6,3.627,2.000,6,508086.985,3881306.686,-1.136035,0.000000,-0.000000,1.0000,,,TRACKING|w0 d0 L6
55.531570,129.088734500000,35.074463500000,508089.829,3881304.434,0.013,-2.675482,route_tangent,6,3.627,2.000,6,508086.985,3881306.686,-1.136035,0.000000,-0.000000,1.0000,,,TRACKING|w0 d0 L6
55.581758,129.088734500000,35.074463500000,508089.829,3881304.434,0.013,-2.675482,route_tangent,6,3.627,2.000,6,508086.985,3881306.686,-1.136035,0.000000,-0.000000,1.0000,,,TRACKING|w0 d0 L6
55.631450,129.088734500000,35.074463500000,508089.829,3881304.434,0.013,-2.675482,route_tangent,6,3.627,2.000,6,508086.985,3881306.686,-1.136035,0.000000,-0.000000,1.0000,,,TRACKING|w0 d0 L6
55.681872,129.088734500000,35.074463500000,508089.829,3881304.434,0.013,-2.675482,route_tangent,6,3.627,2.000,6,508086.985,3881306.686,-1.136035,0.000000,-0.000000,1.0000,,,TRACKING|w0 d0 L6
55.731658,129.088734500000,35.074463500000,508089.829,3881304.434,0.007,-2.675482,route_tangent,6,3.627,2.000,6,508086.985,3881306.686,-1.136035,0.000000,-0.000000,1.0000,,,TRACKING|w0 d0 L6
55.781497,129.088734500000,35.074463500000,508089.829,3881304.434,0.007,-2.675482,route_tangent,6,3.627,2.000,6,508086.985,3881306.686,-1.136035,0.000000,-0.000000,1.0000,,,TRACKING|w0 d0 L6
55.831564,129.088734500000,35.074463500000,508089.829,3881304.434,0.007,-2.675482,route_tangent,6,3.627,2.000,6,508086.985,3881306.686,-1.136035,0.000000,-0.000000,1.0000,,,TRACKING|w0 d0 L6
55.881569,129.088734500000,35.074463500000,508089.829,3881304.434,0.007,-2.675482,route_tangent,6,3.627,2.000,6,508086.985,3881306.686,-1.136035,0.000000,-0.000000,1.0000,,,TRACKING|w0 d0 L6
55.931573,129.088734500000,35.074463500000,508089.829,3881304.434,0.007,-2.675482,route_tangent,6,3.627,2.000,6,508086.985,3881306.686,-1.136035,0.000000,-0.000000,1.0000,,,TRACKING|w0 d0 L6
55.981728,129.088734500000,35.074463500000,508089.829,3881304.434,0.005,-2.675482,route_tangent,6,3.627,2.000,6,508086.985,3881306.686,-1.136035,0.000000,-0.000000,1.0000,,,TRACKING|w0 d0 L6
56.031630,129.088734500000,35.074463500000,508089.829,3881304.434,0.005,-2.675482,route_tangent,6,3.627,2.000,6,508086.985,3881306.686,-1.136035,0.000000,-0.000000,1.0000,,,TRACKING|w0 d0 L6
56.081416,129.088734500000,35.074463500000,508089.829,3881304.434,0.005,-2.675482,route_tangent,6,3.627,2.000,6,508086.985,3881306.686,-1.136035,0.000000,-0.000000,1.0000,,,TRACKING|w0 d0 L6
56.131962,129.088734500000,35.074463500000,508089.829,3881304.434,0.005,-2.675482,route_tangent,6,3.627,2.000,6,508086.985,3881306.686,-1.136035,0.000000,-0.000000,1.0000,,,TRACKING|w0 d0 L6
56.181400,129.088734500000,35.074463500000,508089.829,3881304.434,0.005,-2.675482,route_tangent,6,3.627,2.000,6,508086.985,3881306.686,-1.136035,0.000000,-0.000000,1.0000,,,TRACKING|w0 d0 L6
56.231402,129.088734500000,35.074463500000,508089.829,3881304.434,0.007,-2.675482,route_tangent,6,3.627,2.000,6,508086.985,3881306.686,-1.136035,0.000000,-0.000000,1.0000,,,TRACKING|w0 d0 L6
56.281722,129.088734500000,35.074463500000,508089.829,3881304.434,0.007,-2.675482,route_tangent,6,3.627,2.000,6,508086.985,3881306.686,-1.136035,0.000000,-0.000000,1.0000,,,TRACKING|w0 d0 L6
56.331414,129.088734500000,35.074463500000,508089.829,3881304.434,0.007,-2.675482,route_tangent,6,3.627,2.000,6,508086.985,3881306.686,-1.136035,0.000000,-0.000000,1.0000,,,TRACKING|w0 d0 L6
56.381434,129.088734500000,35.074463500000,508089.829,3881304.434,0.007,-2.675482,route_tangent,6,3.627,2.000,6,508086.985,3881306.686,-1.136035,0.000000,-0.000000,1.0000,,,TRACKING|w0 d0 L6
56.431387,129.088734500000,35.074463500000,508089.829,3881304.434,0.007,-2.675482,route_tangent,6,3.627,2.000,6,508086.985,3881306.686,-1.136035,0.000000,-0.000000,1.0000,,,TRACKING|w0 d0 L6
56.481418,129.088734500000,35.074463500000,508089.829,3881304.434,0.010,-2.675482,route_tangent,6,3.627,2.000,6,508086.985,3881306.686,-1.136035,0.000000,-0.000000,1.0000,,,TRACKING|w0 d0 L6
56.531420,129.088734500000,35.074463500000,508089.829,3881304.434,0.010,-2.675482,route_tangent,6,3.627,2.000,6,508086.985,3881306.686,-1.136035,0.000000,-0.000000,1.0000,,,TRACKING|w0 d0 L6
56.581457,129.088734500000,35.074463500000,508089.829,3881304.434,0.010,-2.675482,route_tangent,6,3.627,2.000,6,508086.985,3881306.686,-1.136035,0.000000,-0.000000,1.0000,,,TRACKING|w0 d0 L6
56.631406,129.088734500000,35.074463500000,508089.829,3881304.434,0.010,-2.675482,route_tangent,6,3.627,2.000,6,508086.985,3881306.686,-1.136035,0.000000,-0.000000,1.0000,,,TRACKING|w0 d0 L6
56.681430,129.088734500000,35.074463500000,508089.829,3881304.434,0.010,-2.675482,route_tangent,6,3.627,2.000,6,508086.985,3881306.686,-1.136035,0.000000,-0.000000,1.0000,,,TRACKING|w0 d0 L6
56.731553,129.088734500000,35.074463500000,508089.829,3881304.434,0.012,-2.675482,route_tangent,6,3.627,2.000,6,508086.985,3881306.686,-1.136035,0.000000,-0.000000,1.0000,,,TRACKING|w0 d0 L6
56.781418,129.088734500000,35.074463500000,508089.829,3881304.434,0.012,-2.675482,route_tangent,6,3.627,2.000,6,508086.985,3881306.686,-1.136035,0.000000,-0.000000,1.0000,,,TRACKING|w0 d0 L6
56.831419,129.088734500000,35.074463500000,508089.829,3881304.434,0.012,-2.675482,route_tangent,6,3.627,2.000,6,508086.985,3881306.686,-1.136035,0.000000,-0.000000,1.0000,,,TRACKING|w0 d0 L6
56.881484,129.088734500000,35.074463500000,508089.829,3881304.434,0.012,-2.675482,route_tangent,6,3.627,2.000,6,508086.985,3881306.686,-1.136035,0.000000,-0.000000,1.0000,,,TRACKING|w0 d0 L6
56.931444,129.088734500000,35.074463500000,508089.829,3881304.434,0.012,-2.675482,route_tangent,6,3.627,2.000,6,508086.985,3881306.686,-1.136035,0.000000,-0.000000,1.0000,,,TRACKING|w0 d0 L6
56.981456,129.088734500000,35.074463500000,508089.829,3881304.434,0.011,-2.675482,route_tangent,6,3.627,2.000,6,508086.985,3881306.686,-1.136035,0.000000,-0.000000,1.0000,,,TRACKING|w0 d0 L6
57.031485,129.088734500000,35.074463500000,508089.829,3881304.434,0.011,-2.675482,route_tangent,6,3.627,2.000,6,508086.985,3881306.686,-1.136035,0.000000,-0.000000,1.0000,,,TRACKING|w0 d0 L6
57.081458,129.088734500000,35.074463500000,508089.829,3881304.434,0.011,-2.675482,route_tangent,6,3.627,2.000,6,508086.985,3881306.686,-1.136035,0.000000,-0.000000,1.0000,,,TRACKING|w0 d0 L6
57.131434,129.088734500000,35.074463500000,508089.829,3881304.434,0.011,-2.675482,route_tangent,6,3.627,2.000,6,508086.985,3881306.686,-1.136035,0.000000,-0.000000,1.0000,,,TRACKING|w0 d0 L6
57.181439,129.088734500000,35.074463500000,508089.829,3881304.434,0.011,-2.675482,route_tangent,6,3.627,2.000,6,508086.985,3881306.686,-1.136035,0.000000,-0.000000,1.0000,,,TRACKING|w0 d0 L6
57.231572,129.088734500000,35.074463500000,508089.829,3881304.434,0.002,-2.675482,route_tangent,6,3.627,2.000,6,508086.985,3881306.686,-1.136035,0.000000,-0.000000,1.0000,,,TRACKING|w0 d0 L6
57.281598,129.088734500000,35.074463500000,508089.829,3881304.434,0.002,-2.675482,route_tangent,6,3.627,2.000,6,508086.985,3881306.686,-1.136035,0.000000,-0.000000,1.0000,,,TRACKING|w0 d0 L6
57.331561,129.088734500000,35.074463500000,508089.829,3881304.434,0.002,-2.675482,route_tangent,6,3.627,2.000,6,508086.985,3881306.686,-1.136035,0.000000,-0.000000,1.0000,,,TRACKING|w0 d0 L6
57.381413,129.088734500000,35.074463500000,508089.829,3881304.434,0.002,-2.675482,route_tangent,6,3.627,2.000,6,508086.985,3881306.686,-1.136035,0.000000,-0.000000,1.0000,,,TRACKING|w0 d0 L6
57.431697,129.088734500000,35.074463500000,508089.829,3881304.434,0.002,-2.675482,route_tangent,6,3.627,2.000,6,508086.985,3881306.686,-1.136035,0.000000,-0.000000,1.0000,,,TRACKING|w0 d0 L6
57.481490,129.088734666667,35.074463500000,508089.844,3881304.434,0.005,-2.675482,route_tangent,6,3.639,2.000,6,508086.985,3881306.686,-1.133440,0.000000,-0.000000,1.0000,,,TRACKING|w0 d0 L6
57.531524,129.088734666667,35.074463500000,508089.844,3881304.434,0.005,-2.675482,route_tangent,6,3.639,2.000,6,508086.985,3881306.686,-1.133440,0.000000,-0.000000,1.0000,,,TRACKING|w0 d0 L6
57.581369,129.088734666667,35.074463500000,508089.844,3881304.434,0.005,-2.675482,route_tangent,6,3.639,2.000,6,508086.985,3881306.686,-1.133440,0.000000,-0.000000,1.0000,,,TRACKING|w0 d0 L6
57.631391,129.088734666667,35.074463500000,508089.844,3881304.434,0.005,-2.675482,route_tangent,6,3.639,2.000,6,508086.985,3881306.686,-1.133440,0.000000,-0.000000,1.0000,,,TRACKING|w0 d0 L6
57.681446,129.088734666667,35.074463500000,508089.844,3881304.434,0.005,-2.675482,route_tangent,6,3.639,2.000,6,508086.985,3881306.686,-1.133440,0.000000,-0.000000,1.0000,,,TRACKING|w0 d0 L6
57.731458,129.088734666667,35.074463500000,508089.844,3881304.434,0.003,-2.675482,route_tangent,6,3.639,2.000,6,508086.985,3881306.686,-1.133440,0.000000,-0.000000,1.0000,,,TRACKING|w0 d0 L6
57.781946,129.088734666667,35.074463500000,508089.844,3881304.434,0.003,-2.675482,route_tangent,6,3.639,2.000,6,508086.985,3881306.686,-1.133440,0.000000,-0.000000,1.0000,,,TRACKING|w0 d0 L6
57.831475,129.088734666667,35.074463500000,508089.844,3881304.434,0.003,-2.675482,route_tangent,6,3.639,2.000,6,508086.985,3881306.686,-1.133440,0.000000,-0.000000,1.0000,,,TRACKING|w0 d0 L6
57.881392,129.088734666667,35.074463500000,508089.844,3881304.434,0.003,-2.675482,route_tangent,6,3.639,2.000,6,508086.985,3881306.686,-1.133440,0.000000,-0.000000,1.0000,,,TRACKING|w0 d0 L6
57.931566,129.088734666667,35.074463500000,508089.844,3881304.434,0.003,-2.675482,route_tangent,6,3.639,2.000,6,508086.985,3881306.686,-1.133440,0.000000,-0.000000,1.0000,,,TRACKING|w0 d0 L6
57.981487,129.088734500000,35.074463500000,508089.829,3881304.434,0.014,-2.675482,route_tangent,6,3.627,2.000,6,508086.985,3881306.686,-1.136035,0.000000,-0.000000,1.0000,,,TRACKING|w0 d0 L6
58.031704,129.088734500000,35.074463500000,508089.829,3881304.434,0.014,-2.675482,route_tangent,6,3.627,2.000,6,508086.985,3881306.686,-1.136035,0.000000,-0.000000,1.0000,,,TRACKING|w0 d0 L6
58.081576,129.088734500000,35.074463500000,508089.829,3881304.434,0.014,-2.675482,route_tangent,6,3.627,2.000,6,508086.985,3881306.686,-1.136035,0.000000,-0.000000,1.0000,,,TRACKING|w0 d0 L6
58.131433,129.088734500000,35.074463500000,508089.829,3881304.434,0.014,-2.675482,route_tangent,6,3.627,2.000,6,508086.985,3881306.686,-1.136035,0.000000,-0.000000,1.0000,,,TRACKING|w0 d0 L6
58.181580,129.088734500000,35.074463500000,508089.829,3881304.434,0.014,-2.675482,route_tangent,6,3.627,2.000,6,508086.985,3881306.686,-1.136035,0.000000,-0.000000,1.0000,,,TRACKING|w0 d0 L6
58.231604,129.088734500000,35.074463500000,508089.829,3881304.434,0.012,-2.675482,route_tangent,6,3.627,2.000,6,508086.985,3881306.686,-1.136035,0.000000,-0.000000,1.0000,,,TRACKING|w0 d0 L6
58.281570,129.088734500000,35.074463500000,508089.829,3881304.434,0.012,-2.675482,route_tangent,6,3.627,2.000,6,508086.985,3881306.686,-1.136035,0.000000,-0.000000,1.0000,,,TRACKING|w0 d0 L6
58.331455,129.088734500000,35.074463500000,508089.829,3881304.434,0.012,-2.675482,route_tangent,6,3.627,2.000,6,508086.985,3881306.686,-1.136035,0.000000,-0.000000,1.0000,,,TRACKING|w0 d0 L6
58.381574,129.088734500000,35.074463500000,508089.829,3881304.434,0.012,-2.675482,route_tangent,6,3.627,2.000,6,508086.985,3881306.686,-1.136035,0.000000,-0.000000,1.0000,,,TRACKING|w0 d0 L6
58.431470,129.088734500000,35.074463500000,508089.829,3881304.434,0.012,-2.675482,route_tangent,6,3.627,2.000,6,508086.985,3881306.686,-1.136035,0.000000,-0.000000,1.0000,,,TRACKING|w0 d0 L6
58.481444,129.088734500000,35.074463500000,508089.829,3881304.434,0.001,-2.675482,route_tangent,6,3.627,2.000,6,508086.985,3881306.686,-1.136035,0.000000,-0.000000,1.0000,,,TRACKING|w0 d0 L6
58.531644,129.088734500000,35.074463500000,508089.829,3881304.434,0.001,-2.675482,route_tangent,6,3.627,2.000,6,508086.985,3881306.686,-1.136035,0.000000,-0.000000,1.0000,,,TRACKING|w0 d0 L6
58.581455,129.088734500000,35.074463500000,508089.829,3881304.434,0.001,-2.675482,route_tangent,6,3.627,2.000,6,508086.985,3881306.686,-1.136035,0.000000,-0.000000,1.0000,,,TRACKING|w0 d0 L6
58.631548,129.088734500000,35.074463500000,508089.829,3881304.434,0.001,-2.675482,route_tangent,6,3.627,2.000,6,508086.985,3881306.686,-1.136035,0.000000,-0.000000,1.0000,,,TRACKING|w0 d0 L6
58.681424,129.088734500000,35.074463500000,508089.829,3881304.434,0.001,-2.675482,route_tangent,6,3.627,2.000,6,508086.985,3881306.686,-1.136035,0.000000,-0.000000,1.0000,,,TRACKING|w0 d0 L6
58.731493,129.088734666667,35.074463500000,508089.844,3881304.434,0.007,-2.675482,route_tangent,6,3.639,2.000,6,508086.985,3881306.686,-1.133440,0.000000,-0.000000,1.0000,,,TRACKING|w0 d0 L6
58.781441,129.088734666667,35.074463500000,508089.844,3881304.434,0.007,-2.675482,route_tangent,6,3.639,2.000,6,508086.985,3881306.686,-1.133440,0.000000,-0.000000,1.0000,,,TRACKING|w0 d0 L6
58.831422,129.088734666667,35.074463500000,508089.844,3881304.434,0.007,-2.675482,route_tangent,6,3.639,2.000,6,508086.985,3881306.686,-1.133440,0.000000,-0.000000,1.0000,,,TRACKING|w0 d0 L6
58.881433,129.088734666667,35.074463500000,508089.844,3881304.434,0.007,-2.675482,route_tangent,6,3.639,2.000,6,508086.985,3881306.686,-1.133440,0.000000,-0.000000,1.0000,,,TRACKING|w0 d0 L6
58.931448,129.088734666667,35.074463500000,508089.844,3881304.434,0.007,-2.675482,route_tangent,6,3.639,2.000,6,508086.985,3881306.686,-1.133440,0.000000,-0.000000,1.0000,,,TRACKING|w0 d0 L6
58.981428,129.088734500000,35.074463500000,508089.829,3881304.434,0.017,-2.675482,route_tangent,6,3.627,2.000,6,508086.985,3881306.686,-1.136035,0.000000,-0.000000,1.0000,,,TRACKING|w0 d0 L6
59.031424,129.088734500000,35.074463500000,508089.829,3881304.434,0.017,-2.675482,route_tangent,6,3.627,2.000,6,508086.985,3881306.686,-1.136035,0.000000,-0.000000,1.0000,,,TRACKING|w0 d0 L6
59.081422,129.088734500000,35.074463500000,508089.829,3881304.434,0.017,-2.675482,route_tangent,6,3.627,2.000,6,508086.985,3881306.686,-1.136035,0.000000,-0.000000,1.0000,,,TRACKING|w0 d0 L6
59.131450,129.088734500000,35.074463500000,508089.829,3881304.434,0.017,-2.675482,route_tangent,6,3.627,2.000,6,508086.985,3881306.686,-1.136035,0.000000,-0.000000,1.0000,,,TRACKING|w0 d0 L6
59.181629,129.088734500000,35.074463500000,508089.829,3881304.434,0.017,-2.675482,route_tangent,6,3.627,2.000,6,508086.985,3881306.686,-1.136035,0.000000,-0.000000,1.0000,,,TRACKING|w0 d0 L6
59.231462,129.088734500000,35.074463500000,508089.829,3881304.434,0.012,-2.675482,route_tangent,6,3.627,2.000,6,508086.985,3881306.686,-1.136035,0.000000,-0.000000,1.0000,,,TRACKING|w0 d0 L6
59.281458,129.088734500000,35.074463500000,508089.829,3881304.434,0.012,-2.675482,route_tangent,6,3.627,2.000,6,508086.985,3881306.686,-1.136035,0.000000,-0.000000,1.0000,,,TRACKING|w0 d0 L6
59.331439,129.088734500000,35.074463500000,508089.829,3881304.434,0.012,-2.675482,route_tangent,6,3.627,2.000,6,508086.985,3881306.686,-1.136035,0.000000,-0.000000,1.0000,,,TRACKING|w0 d0 L6
59.381422,129.088734500000,35.074463500000,508089.829,3881304.434,0.012,-2.675482,route_tangent,6,3.627,2.000,6,508086.985,3881306.686,-1.136035,0.000000,-0.000000,1.0000,,,TRACKING|w0 d0 L6
59.431567,129.088734500000,35.074463500000,508089.829,3881304.434,0.012,-2.675482,route_tangent,6,3.627,2.000,6,508086.985,3881306.686,-1.136035,0.000000,-0.000000,1.0000,,,TRACKING|w0 d0 L6
59.481476,129.088734500000,35.074463500000,508089.829,3881304.434,0.021,-2.675482,route_tangent,6,3.627,2.000,6,508086.985,3881306.686,-1.136035,0.000000,-0.000000,1.0000,,,TRACKING|w0 d0 L6
59.531453,129.088734500000,35.074463500000,508089.829,3881304.434,0.021,-2.675482,route_tangent,6,3.627,2.000,6,508086.985,3881306.686,-1.136035,0.000000,-0.000000,1.0000,,,TRACKING|w0 d0 L6
59.581471,129.088734500000,35.074463500000,508089.829,3881304.434,0.021,-2.675482,route_tangent,6,3.627,2.000,6,508086.985,3881306.686,-1.136035,0.000000,-0.000000,1.0000,,,TRACKING|w0 d0 L6
59.631476,129.088734500000,35.074463500000,508089.829,3881304.434,0.021,-2.675482,route_tangent,6,3.627,2.000,6,508086.985,3881306.686,-1.136035,0.000000,-0.000000,1.0000,,,TRACKING|w0 d0 L6
59.681447,129.088734500000,35.074463500000,508089.829,3881304.434,0.021,-2.675482,route_tangent,6,3.627,2.000,6,508086.985,3881306.686,-1.136035,0.000000,-0.000000,1.0000,,,TRACKING|w0 d0 L6
59.731412,129.088734500000,35.074463500000,508089.829,3881304.434,0.017,-2.675482,route_tangent,6,3.627,2.000,6,508086.985,3881306.686,-1.136035,0.000000,-0.000000,1.0000,,,TRACKING|w0 d0 L6
59.781631,129.088734500000,35.074463500000,508089.829,3881304.434,0.017,-2.675482,route_tangent,6,3.627,2.000,6,508086.985,3881306.686,-1.136035,0.000000,-0.000000,1.0000,,,TRACKING|w0 d0 L6
59.831441,129.088734500000,35.074463500000,508089.829,3881304.434,0.017,-2.675482,route_tangent,6,3.627,2.000,6,508086.985,3881306.686,-1.136035,0.000000,-0.000000,1.0000,,,TRACKING|w0 d0 L6
59.881467,129.088734500000,35.074463500000,508089.829,3881304.434,0.017,-2.675482,route_tangent,6,3.627,2.000,6,508086.985,3881306.686,-1.136035,0.000000,-0.000000,1.0000,,,TRACKING|w0 d0 L6
59.931571,129.088734500000,35.074463500000,508089.829,3881304.434,0.017,-2.675482,route_tangent,6,3.627,2.000,6,508086.985,3881306.686,-1.136035,0.000000,-0.000000,1.0000,,,TRACKING|w0 d0 L6
59.981448,129.088734500000,35.074463500000,508089.829,3881304.434,0.018,-2.675482,route_tangent,6,3.627,2.000,6,508086.985,3881306.686,-1.136035,0.000000,-0.000000,1.0000,,,TRACKING|w0 d0 L6
60.031719,129.088734500000,35.074463500000,508089.829,3881304.434,0.018,-2.675482,route_tangent,6,3.627,2.000,6,508086.985,3881306.686,-1.136035,0.000000,-0.000000,1.0000,,,TRACKING|w0 d0 L6
60.081614,129.088734500000,35.074463500000,508089.829,3881304.434,0.018,-2.675482,route_tangent,6,3.627,2.000,6,508086.985,3881306.686,-1.136035,0.000000,-0.000000,1.0000,,,TRACKING|w0 d0 L6
60.131453,129.088734500000,35.074463500000,508089.829,3881304.434,0.018,-2.675482,route_tangent,6,3.627,2.000,6,508086.985,3881306.686,-1.136035,0.000000,-0.000000,1.0000,,,TRACKING|w0 d0 L6
60.181444,129.088734500000,35.074463500000,508089.829,3881304.434,0.018,-2.675482,route_tangent,6,3.627,2.000,6,508086.985,3881306.686,-1.136035,0.000000,-0.000000,1.0000,,,TRACKING|w0 d0 L6
60.231467,129.088734500000,35.074463500000,508089.829,3881304.434,0.008,-2.675482,route_tangent,6,3.627,2.000,6,508086.985,3881306.686,-1.136035,0.000000,-0.000000,1.0000,,,TRACKING|w0 d0 L6
60.281436,129.088734500000,35.074463500000,508089.829,3881304.434,0.008,-2.675482,route_tangent,6,3.627,2.000,6,508086.985,3881306.686,-1.136035,0.000000,-0.000000,1.0000,,,TRACKING|w0 d0 L6
60.331547,129.088734500000,35.074463500000,508089.829,3881304.434,0.008,-2.675482,route_tangent,6,3.627,2.000,6,508086.985,3881306.686,-1.136035,0.000000,-0.000000,1.0000,,,TRACKING|w0 d0 L6
60.381567,129.088734500000,35.074463500000,508089.829,3881304.434,0.008,-2.675482,route_tangent,6,3.627,2.000,6,508086.985,3881306.686,-1.136035,0.000000,-0.000000,1.0000,,,TRACKING|w0 d0 L6
60.431423,129.088734500000,35.074463500000,508089.829,3881304.434,0.008,-2.675482,route_tangent,6,3.627,2.000,6,508086.985,3881306.686,-1.136035,0.000000,-0.000000,1.0000,,,TRACKING|w0 d0 L6
60.481583,129.088734500000,35.074463500000,508089.829,3881304.434,0.002,-2.675482,route_tangent,6,3.627,2.000,6,508086.985,3881306.686,-1.136035,0.000000,-0.000000,1.0000,,,TRACKING|w0 d0 L6
60.531561,129.088734500000,35.074463500000,508089.829,3881304.434,0.002,-2.675482,route_tangent,6,3.627,2.000,6,508086.985,3881306.686,-1.136035,0.000000,-0.000000,1.0000,,,TRACKING|w0 d0 L6
60.581513,129.088734500000,35.074463500000,508089.829,3881304.434,0.002,-2.675482,route_tangent,6,3.627,2.000,6,508086.985,3881306.686,-1.136035,0.000000,-0.000000,1.0000,,,TRACKING|w0 d0 L6
60.631556,129.088734500000,35.074463500000,508089.829,3881304.434,0.002,-2.675482,route_tangent,6,3.627,2.000,6,508086.985,3881306.686,-1.136035,0.000000,-0.000000,1.0000,,,TRACKING|w0 d0 L6
60.681527,129.088734500000,35.074463500000,508089.829,3881304.434,0.002,-2.675482,route_tangent,6,3.627,2.000,6,508086.985,3881306.686,-1.136035,0.000000,-0.000000,1.0000,,,TRACKING|w0 d0 L6
60.731380,129.088734500000,35.074463500000,508089.829,3881304.434,0.011,-2.675482,route_tangent,6,3.627,2.000,6,508086.985,3881306.686,-1.136035,0.000000,-0.000000,1.0000,,,TRACKING|w0 d0 L6
60.781450,129.088734500000,35.074463500000,508089.829,3881304.434,0.011,-2.675482,route_tangent,6,3.627,2.000,6,508086.985,3881306.686,-1.136035,0.000000,-0.000000,1.0000,,,TRACKING|w0 d0 L6
60.831610,129.088734500000,35.074463500000,508089.829,3881304.434,0.011,-2.675482,route_tangent,6,3.627,2.000,6,508086.985,3881306.686,-1.136035,0.000000,-0.000000,1.0000,,,TRACKING|w0 d0 L6
60.881441,129.088734500000,35.074463500000,508089.829,3881304.434,0.011,-2.675482,route_tangent,6,3.627,2.000,6,508086.985,3881306.686,-1.136035,0.000000,-0.000000,1.0000,,,TRACKING|w0 d0 L6
60.931437,129.088734500000,35.074463500000,508089.829,3881304.434,0.011,-2.675482,route_tangent,6,3.627,2.000,6,508086.985,3881306.686,-1.136035,0.000000,-0.000000,1.0000,,,TRACKING|w0 d0 L6
60.981492,129.088734500000,35.074463500000,508089.829,3881304.434,0.012,-2.675482,route_tangent,6,3.627,2.000,6,508086.985,3881306.686,-1.136035,0.000000,-0.000000,1.0000,,,TRACKING|w0 d0 L6
61.031438,129.088734500000,35.074463500000,508089.829,3881304.434,0.012,-2.675482,route_tangent,6,3.627,2.000,6,508086.985,3881306.686,-1.136035,0.000000,-0.000000,1.0000,,,TRACKING|w0 d0 L6
61.081440,129.088734500000,35.074463500000,508089.829,3881304.434,0.012,-2.675482,route_tangent,6,3.627,2.000,6,508086.985,3881306.686,-1.136035,0.000000,-0.000000,1.0000,,,TRACKING|w0 d0 L6
61.131657,129.088734500000,35.074463500000,508089.829,3881304.434,0.012,-2.675482,route_tangent,6,3.627,2.000,6,508086.985,3881306.686,-1.136035,0.000000,-0.000000,1.0000,,,TRACKING|w0 d0 L6
61.181604,129.088734500000,35.074463500000,508089.829,3881304.434,0.012,-2.675482,route_tangent,6,3.627,2.000,6,508086.985,3881306.686,-1.136035,0.000000,-0.000000,1.0000,,,TRACKING|w0 d0 L6
61.231593,129.088734500000,35.074463500000,508089.829,3881304.434,0.017,-2.675482,route_tangent,6,3.627,2.000,6,508086.985,3881306.686,-1.136035,0.000000,-0.000000,1.0000,,,TRACKING|w0 d0 L6
61.281690,129.088734500000,35.074463500000,508089.829,3881304.434,0.017,-2.675482,route_tangent,6,3.627,2.000,6,508086.985,3881306.686,-1.136035,0.000000,-0.000000,1.0000,,,TRACKING|w0 d0 L6
61.331447,129.088734500000,35.074463500000,508089.829,3881304.434,0.017,-2.675482,route_tangent,6,3.627,2.000,6,508086.985,3881306.686,-1.136035,0.000000,-0.000000,1.0000,,,TRACKING|w0 d0 L6
61.381424,129.088734500000,35.074463500000,508089.829,3881304.434,0.017,-2.675482,route_tangent,6,3.627,2.000,6,508086.985,3881306.686,-1.136035,0.000000,-0.000000,1.0000,,,TRACKING|w0 d0 L6
61.431781,129.088734500000,35.074463500000,508089.829,3881304.434,0.017,-2.675482,route_tangent,6,3.627,2.000,6,508086.985,3881306.686,-1.136035,0.000000,-0.000000,1.0000,,,TRACKING|w0 d0 L6
61.481422,129.088734500000,35.074463500000,508089.829,3881304.434,0.017,-2.675482,route_tangent,6,3.627,2.000,6,508086.985,3881306.686,-1.136035,0.000000,-0.000000,1.0000,,,TRACKING|w0 d0 L6
61.531922,129.088734500000,35.074463500000,508089.829,3881304.434,0.017,-2.675482,route_tangent,6,3.627,2.000,6,508086.985,3881306.686,-1.136035,0.000000,-0.000000,1.0000,,,TRACKING|w0 d0 L6
61.581429,129.088734500000,35.074463500000,508089.829,3881304.434,0.017,-2.675482,route_tangent,6,3.627,2.000,6,508086.985,3881306.686,-1.136035,0.000000,-0.000000,1.0000,,,TRACKING|w0 d0 L6
61.631413,129.088734500000,35.074463500000,508089.829,3881304.434,0.017,-2.675482,route_tangent,6,3.627,2.000,6,508086.985,3881306.686,-1.136035,0.000000,-0.000000,1.0000,,,TRACKING|w0 d0 L6
61.681433,129.088734500000,35.074463500000,508089.829,3881304.434,0.017,-2.675482,route_tangent,6,3.627,2.000,6,508086.985,3881306.686,-1.136035,0.000000,-0.000000,1.0000,,,TRACKING|w0 d0 L6
61.731431,129.088734500000,35.074463500000,508089.829,3881304.434,0.010,-2.675482,route_tangent,6,3.627,2.000,6,508086.985,3881306.686,-1.136035,0.000000,-0.000000,1.0000,,,TRACKING|w0 d0 L6
61.781449,129.088734500000,35.074463500000,508089.829,3881304.434,0.010,-2.675482,route_tangent,6,3.627,2.000,6,508086.985,3881306.686,-1.136035,0.000000,-0.000000,1.0000,,,TRACKING|w0 d0 L6
61.831425,129.088734500000,35.074463500000,508089.829,3881304.434,0.010,-2.675482,route_tangent,6,3.627,2.000,6,508086.985,3881306.686,-1.136035,0.000000,-0.000000,1.0000,,,TRACKING|w0 d0 L6
61.881440,129.088734500000,35.074463500000,508089.829,3881304.434,0.010,-2.675482,route_tangent,6,3.627,2.000,6,508086.985,3881306.686,-1.136035,0.000000,-0.000000,1.0000,,,TRACKING|w0 d0 L6
61.931528,129.088734500000,35.074463500000,508089.829,3881304.434,0.010,-2.675482,route_tangent,6,3.627,2.000,6,508086.985,3881306.686,-1.136035,0.000000,-0.000000,1.0000,,,TRACKING|w0 d0 L6
61.981620,129.088734500000,35.074463500000,508089.829,3881304.434,0.006,-2.675482,route_tangent,6,3.627,2.000,6,508086.985,3881306.686,-1.136035,0.000000,-0.000000,1.0000,,,TRACKING|w0 d0 L6
62.031709,129.088734500000,35.074463500000,508089.829,3881304.434,0.006,-2.675482,route_tangent,6,3.627,2.000,6,508086.985,3881306.686,-1.136035,0.000000,-0.000000,1.0000,,,TRACKING|w0 d0 L6
62.081405,129.088734500000,35.074463500000,508089.829,3881304.434,0.006,-2.675482,route_tangent,6,3.627,2.000,6,508086.985,3881306.686,-1.136035,0.000000,-0.000000,1.0000,,,TRACKING|w0 d0 L6
62.131447,129.088734500000,35.074463500000,508089.829,3881304.434,0.006,-2.675482,route_tangent,6,3.627,2.000,6,508086.985,3881306.686,-1.136035,0.000000,-0.000000,1.0000,,,TRACKING|w0 d0 L6
62.181590,129.088734500000,35.074463500000,508089.829,3881304.434,0.006,-2.675482,route_tangent,6,3.627,2.000,6,508086.985,3881306.686,-1.136035,0.000000,-0.000000,1.0000,,,TRACKING|w0 d0 L6
62.231446,129.088734500000,35.074463500000,508089.829,3881304.434,0.006,-2.675482,route_tangent,6,3.627,2.000,6,508086.985,3881306.686,-1.136035,0.000000,-0.000000,1.0000,,,TRACKING|w0 d0 L6
62.281439,129.088734500000,35.074463500000,508089.829,3881304.434,0.006,-2.675482,route_tangent,6,3.627,2.000,6,508086.985,3881306.686,-1.136035,0.000000,-0.000000,1.0000,,,TRACKING|w0 d0 L6
62.331395,129.088734500000,35.074463500000,508089.829,3881304.434,0.006,-2.675482,route_tangent,6,3.627,2.000,6,508086.985,3881306.686,-1.136035,0.000000,-0.000000,1.0000,,,TRACKING|w0 d0 L6
62.381464,129.088734500000,35.074463500000,508089.829,3881304.434,0.006,-2.675482,route_tangent,6,3.627,2.000,6,508086.985,3881306.686,-1.136035,0.000000,-0.000000,1.0000,,,TRACKING|w0 d0 L6
62.431414,129.088734500000,35.074463500000,508089.829,3881304.434,0.006,-2.675482,route_tangent,6,3.627,2.000,6,508086.985,3881306.686,-1.136035,0.000000,-0.000000,1.0000,,,TRACKING|w0 d0 L6
62.481445,129.088734500000,35.074463500000,508089.829,3881304.434,0.007,-2.675482,route_tangent,6,3.627,2.000,6,508086.985,3881306.686,-1.136035,0.000000,-0.000000,1.0000,,,TRACKING|w0 d0 L6
62.531421,129.088734500000,35.074463500000,508089.829,3881304.434,0.007,-2.675482,route_tangent,6,3.627,2.000,6,508086.985,3881306.686,-1.136035,0.000000,-0.000000,1.0000,,,TRACKING|w0 d0 L6
62.581413,129.088734500000,35.074463500000,508089.829,3881304.434,0.007,-2.675482,route_tangent,6,3.627,2.000,6,508086.985,3881306.686,-1.136035,0.000000,-0.000000,1.0000,,,TRACKING|w0 d0 L6
62.631409,129.088734500000,35.074463500000,508089.829,3881304.434,0.007,-2.675482,route_tangent,6,3.627,2.000,6,508086.985,3881306.686,-1.136035,0.000000,-0.000000,1.0000,,,TRACKING|w0 d0 L6
62.681470,129.088734500000,35.074463500000,508089.829,3881304.434,0.007,-2.675482,route_tangent,6,3.627,2.000,6,508086.985,3881306.686,-1.136035,0.000000,-0.000000,1.0000,,,TRACKING|w0 d0 L6
62.731879,129.088734500000,35.074463500000,508089.829,3881304.434,0.005,-2.675482,route_tangent,6,3.627,2.000,6,508086.985,3881306.686,-1.136035,0.000000,-0.000000,1.0000,,,TRACKING|w0 d0 L6
62.781782,129.088734500000,35.074463500000,508089.829,3881304.434,0.005,-2.675482,route_tangent,6,3.627,2.000,6,508086.985,3881306.686,-1.136035,0.000000,-0.000000,1.0000,,,TRACKING|w0 d0 L6
62.831407,129.088734500000,35.074463500000,508089.829,3881304.434,0.005,-2.675482,route_tangent,6,3.627,2.000,6,508086.985,3881306.686,-1.136035,0.000000,-0.000000,1.0000,,,TRACKING|w0 d0 L6
62.881499,129.088734500000,35.074463500000,508089.829,3881304.434,0.005,-2.675482,route_tangent,6,3.627,2.000,6,508086.985,3881306.686,-1.136035,0.000000,-0.000000,1.0000,,,TRACKING|w0 d0 L6
62.931451,129.088734500000,35.074463500000,508089.829,3881304.434,0.005,-2.675482,route_tangent,6,3.627,2.000,6,508086.985,3881306.686,-1.136035,0.000000,-0.000000,1.0000,,,TRACKING|w0 d0 L6
62.981434,129.088734500000,35.074463500000,508089.829,3881304.434,0.014,-2.675482,route_tangent,6,3.627,2.000,6,508086.985,3881306.686,-1.136035,0.000000,-0.000000,1.0000,,,TRACKING|w0 d0 L6
63.031424,129.088734500000,35.074463500000,508089.829,3881304.434,0.014,-2.675482,route_tangent,6,3.627,2.000,6,508086.985,3881306.686,-1.136035,0.000000,-0.000000,1.0000,,,TRACKING|w0 d0 L6
63.081452,129.088734500000,35.074463500000,508089.829,3881304.434,0.014,-2.675482,route_tangent,6,3.627,2.000,6,508086.985,3881306.686,-1.136035,0.000000,-0.000000,1.0000,,,TRACKING|w0 d0 L6
63.131428,129.088734500000,35.074463500000,508089.829,3881304.434,0.014,-2.675482,route_tangent,6,3.627,2.000,6,508086.985,3881306.686,-1.136035,0.000000,-0.000000,1.0000,,,TRACKING|w0 d0 L6
63.181434,129.088734500000,35.074463500000,508089.829,3881304.434,0.014,-2.675482,route_tangent,6,3.627,2.000,6,508086.985,3881306.686,-1.136035,0.000000,-0.000000,1.0000,,,TRACKING|w0 d0 L6
63.231428,129.088734500000,35.074463500000,508089.829,3881304.434,0.010,-2.675482,route_tangent,6,3.627,2.000,6,508086.985,3881306.686,-1.136035,0.000000,-0.000000,1.0000,,,TRACKING|w0 d0 L6
63.281478,129.088734500000,35.074463500000,508089.829,3881304.434,0.010,-2.675482,route_tangent,6,3.627,2.000,6,508086.985,3881306.686,-1.136035,0.000000,-0.000000,1.0000,,,TRACKING|w0 d0 L6
63.331439,129.088734500000,35.074463500000,508089.829,3881304.434,0.010,-2.675482,route_tangent,6,3.627,2.000,6,508086.985,3881306.686,-1.136035,0.000000,-0.000000,1.0000,,,TRACKING|w0 d0 L6
63.381440,129.088734500000,35.074463500000,508089.829,3881304.434,0.010,-2.675482,route_tangent,6,3.627,2.000,6,508086.985,3881306.686,-1.136035,0.000000,-0.000000,1.0000,,,TRACKING|w0 d0 L6
63.431594,129.088734500000,35.074463500000,508089.829,3881304.434,0.010,-2.675482,route_tangent,6,3.627,2.000,6,508086.985,3881306.686,-1.136035,0.000000,-0.000000,1.0000,,,TRACKING|w0 d0 L6
63.481475,129.088734500000,35.074463500000,508089.829,3881304.434,0.010,-2.675482,route_tangent,6,3.627,2.000,6,508086.985,3881306.686,-1.136035,0.000000,-0.000000,1.0000,,,TRACKING|w0 d0 L6
63.531450,129.088734500000,35.074463500000,508089.829,3881304.434,0.010,-2.675482,route_tangent,6,3.627,2.000,6,508086.985,3881306.686,-1.136035,0.000000,-0.000000,1.0000,,,TRACKING|w0 d0 L6
63.581465,129.088734500000,35.074463500000,508089.829,3881304.434,0.010,-2.675482,route_tangent,6,3.627,2.000,6,508086.985,3881306.686,-1.136035,0.000000,-0.000000,1.0000,,,TRACKING|w0 d0 L6
63.631441,129.088734500000,35.074463500000,508089.829,3881304.434,0.010,-2.675482,route_tangent,6,3.627,2.000,6,508086.985,3881306.686,-1.136035,0.000000,-0.000000,1.0000,,,TRACKING|w0 d0 L6
63.681564,129.088734500000,35.074463500000,508089.829,3881304.434,0.010,-2.675482,route_tangent,6,3.627,2.000,6,508086.985,3881306.686,-1.136035,0.000000,-0.000000,1.0000,,,TRACKING|w0 d0 L6
63.731501,129.088734500000,35.074463500000,508089.829,3881304.434,0.010,-2.675482,route_tangent,6,3.627,2.000,6,508086.985,3881306.686,-1.136035,0.000000,-0.000000,1.0000,,,TRACKING|w0 d0 L6
63.781640,129.088734500000,35.074463500000,508089.829,3881304.434,0.010,-2.675482,route_tangent,6,3.627,2.000,6,508086.985,3881306.686,-1.136035,0.000000,-0.000000,1.0000,,,TRACKING|w0 d0 L6
63.831459,129.088734500000,35.074463500000,508089.829,3881304.434,0.010,-2.675482,route_tangent,6,3.627,2.000,6,508086.985,3881306.686,-1.136035,0.000000,-0.000000,1.0000,,,TRACKING|w0 d0 L6
63.881542,129.088734500000,35.074463500000,508089.829,3881304.434,0.010,-2.675482,route_tangent,6,3.627,2.000,6,508086.985,3881306.686,-1.136035,0.000000,-0.000000,1.0000,,,TRACKING|w0 d0 L6
63.931447,129.088734500000,35.074463500000,508089.829,3881304.434,0.010,-2.675482,route_tangent,6,3.627,2.000,6,508086.985,3881306.686,-1.136035,0.000000,-0.000000,1.0000,,,TRACKING|w0 d0 L6
63.981823,129.088734500000,35.074463500000,508089.829,3881304.434,0.019,-2.675482,route_tangent,6,3.627,2.000,6,508086.985,3881306.686,-1.136035,0.000000,-0.000000,1.0000,,,TRACKING|w0 d0 L6
64.031640,129.088734500000,35.074463500000,508089.829,3881304.434,0.019,-2.675482,route_tangent,6,3.627,2.000,6,508086.985,3881306.686,-1.136035,0.000000,-0.000000,1.0000,,,TRACKING|w0 d0 L6
64.081448,129.088734500000,35.074463500000,508089.829,3881304.434,0.019,-2.675482,route_tangent,6,3.627,2.000,6,508086.985,3881306.686,-1.136035,0.000000,-0.000000,1.0000,,,TRACKING|w0 d0 L6
64.131598,129.088734500000,35.074463500000,508089.829,3881304.434,0.019,-2.675482,route_tangent,6,3.627,2.000,6,508086.985,3881306.686,-1.136035,0.000000,-0.000000,1.0000,,,TRACKING|w0 d0 L6
64.181474,129.088734500000,35.074463500000,508089.829,3881304.434,0.019,-2.675482,route_tangent,6,3.627,2.000,6,508086.985,3881306.686,-1.136035,0.000000,-0.000000,1.0000,,,TRACKING|w0 d0 L6
64.231524,129.088734500000,35.074463500000,508089.829,3881304.434,0.009,-2.675482,route_tangent,6,3.627,2.000,6,508086.985,3881306.686,-1.136035,0.000000,-0.000000,1.0000,,,TRACKING|w0 d0 L6
64.281556,129.088734500000,35.074463500000,508089.829,3881304.434,0.009,-2.675482,route_tangent,6,3.627,2.000,6,508086.985,3881306.686,-1.136035,0.000000,-0.000000,1.0000,,,TRACKING|w0 d0 L6
64.331535,129.088734500000,35.074463500000,508089.829,3881304.434,0.009,-2.675482,route_tangent,6,3.627,2.000,6,508086.985,3881306.686,-1.136035,0.000000,-0.000000,1.0000,,,TRACKING|w0 d0 L6
64.381488,129.088734500000,35.074463500000,508089.829,3881304.434,0.009,-2.675482,route_tangent,6,3.627,2.000,6,508086.985,3881306.686,-1.136035,0.000000,-0.000000,1.0000,,,TRACKING|w0 d0 L6
64.431612,129.088734500000,35.074463500000,508089.829,3881304.434,0.009,-2.675482,route_tangent,6,3.627,2.000,6,508086.985,3881306.686,-1.136035,0.000000,-0.000000,1.0000,,,TRACKING|w0 d0 L6
64.481397,129.088734500000,35.074463500000,508089.829,3881304.434,0.012,-2.675482,route_tangent,6,3.627,2.000,6,508086.985,3881306.686,-1.136035,0.000000,-0.000000,1.0000,,,TRACKING|w0 d0 L6
64.531712,129.088734500000,35.074463500000,508089.829,3881304.434,0.012,-2.675482,route_tangent,6,3.627,2.000,6,508086.985,3881306.686,-1.136035,0.000000,-0.000000,1.0000,,,TRACKING|w0 d0 L6
64.581404,129.088734500000,35.074463500000,508089.829,3881304.434,0.012,-2.675482,route_tangent,6,3.627,2.000,6,508086.985,3881306.686,-1.136035,0.000000,-0.000000,1.0000,,,TRACKING|w0 d0 L6
64.631489,129.088734500000,35.074463500000,508089.829,3881304.434,0.012,-2.675482,route_tangent,6,3.627,2.000,6,508086.985,3881306.686,-1.136035,0.000000,-0.000000,1.0000,,,TRACKING|w0 d0 L6
64.681420,129.088734500000,35.074463500000,508089.829,3881304.434,0.012,-2.675482,route_tangent,6,3.627,2.000,6,508086.985,3881306.686,-1.136035,0.000000,-0.000000,1.0000,,,TRACKING|w0 d0 L6
64.731428,129.088734500000,35.074463500000,508089.829,3881304.434,0.012,-2.675482,route_tangent,6,3.627,2.000,6,508086.985,3881306.686,-1.136035,0.000000,-0.000000,1.0000,,,TRACKING|w0 d0 L6
64.781428,129.088734500000,35.074463500000,508089.829,3881304.434,0.012,-2.675482,route_tangent,6,3.627,2.000,6,508086.985,3881306.686,-1.136035,0.000000,-0.000000,1.0000,,,TRACKING|w0 d0 L6
64.831398,129.088734500000,35.074463500000,508089.829,3881304.434,0.012,-2.675482,route_tangent,6,3.627,2.000,6,508086.985,3881306.686,-1.136035,0.000000,-0.000000,1.0000,,,TRACKING|w0 d0 L6
64.881442,129.088734500000,35.074463500000,508089.829,3881304.434,0.012,-2.675482,route_tangent,6,3.627,2.000,6,508086.985,3881306.686,-1.136035,0.000000,-0.000000,1.0000,,,TRACKING|w0 d0 L6
64.931420,129.088734500000,35.074463500000,508089.829,3881304.434,0.012,-2.675482,route_tangent,6,3.627,2.000,6,508086.985,3881306.686,-1.136035,0.000000,-0.000000,1.0000,,,TRACKING|w0 d0 L6
64.981441,129.088734500000,35.074463500000,508089.829,3881304.434,0.012,-2.675482,route_tangent,6,3.627,2.000,6,508086.985,3881306.686,-1.136035,0.000000,-0.000000,1.0000,,,TRACKING|w0 d0 L6
65.031419,129.088734500000,35.074463500000,508089.829,3881304.434,0.012,-2.675482,route_tangent,6,3.627,2.000,6,508086.985,3881306.686,-1.136035,0.000000,-0.000000,1.0000,,,TRACKING|w0 d0 L6
65.081409,129.088734500000,35.074463500000,508089.829,3881304.434,0.012,-2.675482,route_tangent,6,3.627,2.000,6,508086.985,3881306.686,-1.136035,0.000000,-0.000000,1.0000,,,TRACKING|w0 d0 L6
65.131402,129.088734500000,35.074463500000,508089.829,3881304.434,0.012,-2.675482,route_tangent,6,3.627,2.000,6,508086.985,3881306.686,-1.136035,0.000000,-0.000000,1.0000,,,TRACKING|w0 d0 L6
65.181602,129.088734500000,35.074463500000,508089.829,3881304.434,0.012,-2.675482,route_tangent,6,3.627,2.000,6,508086.985,3881306.686,-1.136035,0.000000,-0.000000,1.0000,,,TRACKING|w0 d0 L6
65.231570,129.088734500000,35.074463500000,508089.829,3881304.434,0.010,-2.675482,route_tangent,6,3.627,2.000,6,508086.985,3881306.686,-1.136035,0.000000,-0.000000,1.0000,,,TRACKING|w0 d0 L6
65.281444,129.088734500000,35.074463500000,508089.829,3881304.434,0.010,-2.675482,route_tangent,6,3.627,2.000,6,508086.985,3881306.686,-1.136035,0.000000,-0.000000,1.0000,,,TRACKING|w0 d0 L6
65.331606,129.088734500000,35.074463500000,508089.829,3881304.434,0.010,-2.675482,route_tangent,6,3.627,2.000,6,508086.985,3881306.686,-1.136035,0.000000,-0.000000,1.0000,,,TRACKING|w0 d0 L6
65.381585,129.088734500000,35.074463500000,508089.829,3881304.434,0.010,-2.675482,route_tangent,6,3.627,2.000,6,508086.985,3881306.686,-1.136035,0.000000,-0.000000,1.0000,,,TRACKING|w0 d0 L6
65.431672,129.088734500000,35.074463500000,508089.829,3881304.434,0.010,-2.675482,route_tangent,6,3.627,2.000,6,508086.985,3881306.686,-1.136035,0.000000,-0.000000,1.0000,,,TRACKING|w0 d0 L6
65.481460,129.088734500000,35.074463500000,508089.829,3881304.434,0.002,-2.675482,route_tangent,6,3.627,2.000,6,508086.985,3881306.686,-1.136035,0.000000,-0.000000,1.0000,,,TRACKING|w0 d0 L6
65.531444,129.088734500000,35.074463500000,508089.829,3881304.434,0.002,-2.675482,route_tangent,6,3.627,2.000,6,508086.985,3881306.686,-1.136035,0.000000,-0.000000,1.0000,,,TRACKING|w0 d0 L6
65.581996,129.088734500000,35.074463500000,508089.829,3881304.434,0.002,-2.675482,route_tangent,6,3.627,2.000,6,508086.985,3881306.686,-1.136035,0.000000,-0.000000,1.0000,,,TRACKING|w0 d0 L6
65.631421,129.088734500000,35.074463500000,508089.829,3881304.434,0.002,-2.675482,route_tangent,6,3.627,2.000,6,508086.985,3881306.686,-1.136035,0.000000,-0.000000,1.0000,,,TRACKING|w0 d0 L6
65.681408,129.088734500000,35.074463500000,508089.829,3881304.434,0.002,-2.675482,route_tangent,6,3.627,2.000,6,508086.985,3881306.686,-1.136035,0.000000,-0.000000,1.0000,,,TRACKING|w0 d0 L6
65.731490,129.088734500000,35.074463500000,508089.829,3881304.434,0.002,-2.675482,route_tangent,6,3.627,2.000,6,508086.985,3881306.686,-1.136035,0.000000,-0.000000,1.0000,,,TRACKING|w0 d0 L6
65.782170,129.088734500000,35.074463500000,508089.829,3881304.434,0.002,-2.675482,route_tangent,6,3.627,2.000,6,508086.985,3881306.686,-1.136035,0.000000,-0.000000,1.0000,,,TRACKING|w0 d0 L6
65.831419,129.088734500000,35.074463500000,508089.829,3881304.434,0.002,-2.675482,route_tangent,6,3.627,2.000,6,508086.985,3881306.686,-1.136035,0.000000,-0.000000,1.0000,,,TRACKING|w0 d0 L6
65.882201,129.088734500000,35.074463500000,508089.829,3881304.434,0.002,-2.675482,route_tangent,6,3.627,2.000,6,508086.985,3881306.686,-1.136035,0.000000,-0.000000,1.0000,,,TRACKING|w0 d0 L6
65.931641,129.088734500000,35.074463500000,508089.829,3881304.434,0.002,-2.675482,route_tangent,6,3.627,2.000,6,508086.985,3881306.686,-1.136035,0.000000,-0.000000,1.0000,,,TRACKING|w0 d0 L6
65.982024,129.088734500000,35.074463500000,508089.829,3881304.434,0.019,-2.675482,route_tangent,6,3.627,2.000,6,508086.985,3881306.686,-1.136035,0.000000,-0.000000,1.0000,,,TRACKING|w0 d0 L6
66.031433,129.088734500000,35.074463500000,508089.829,3881304.434,0.019,-2.675482,route_tangent,6,3.627,2.000,6,508086.985,3881306.686,-1.136035,0.000000,-0.000000,1.0000,,,TRACKING|w0 d0 L6
66.081725,129.088734500000,35.074463500000,508089.829,3881304.434,0.019,-2.675482,route_tangent,6,3.627,2.000,6,508086.985,3881306.686,-1.136035,0.000000,-0.000000,1.0000,,,TRACKING|w0 d0 L6
66.131417,129.088734500000,35.074463500000,508089.829,3881304.434,0.019,-2.675482,route_tangent,6,3.627,2.000,6,508086.985,3881306.686,-1.136035,0.000000,-0.000000,1.0000,,,TRACKING|w0 d0 L6
66.181447,129.088734500000,35.074463500000,508089.829,3881304.434,0.019,-2.675482,route_tangent,6,3.627,2.000,6,508086.985,3881306.686,-1.136035,0.000000,-0.000000,1.0000,,,TRACKING|w0 d0 L6
66.231436,129.088734500000,35.074463500000,508089.829,3881304.434,0.011,-2.675482,route_tangent,6,3.627,2.000,6,508086.985,3881306.686,-1.136035,0.000000,-0.000000,1.0000,,,TRACKING|w0 d0 L6
66.281432,129.088734500000,35.074463500000,508089.829,3881304.434,0.011,-2.675482,route_tangent,6,3.627,2.000,6,508086.985,3881306.686,-1.136035,0.000000,-0.000000,1.0000,,,TRACKING|w0 d0 L6
66.331417,129.088734500000,35.074463500000,508089.829,3881304.434,0.011,-2.675482,route_tangent,6,3.627,2.000,6,508086.985,3881306.686,-1.136035,0.000000,-0.000000,1.0000,,,TRACKING|w0 d0 L6
66.381551,129.088734500000,35.074463500000,508089.829,3881304.434,0.011,-2.675482,route_tangent,6,3.627,2.000,6,508086.985,3881306.686,-1.136035,0.000000,-0.000000,1.0000,,,TRACKING|w0 d0 L6
66.431595,129.088734500000,35.074463500000,508089.829,3881304.434,0.011,-2.675482,route_tangent,6,3.627,2.000,6,508086.985,3881306.686,-1.136035,0.000000,-0.000000,1.0000,,,TRACKING|w0 d0 L6
66.481483,129.088734500000,35.074463500000,508089.829,3881304.434,0.008,-2.675482,route_tangent,6,3.627,2.000,6,508086.985,3881306.686,-1.136035,0.000000,-0.000000,1.0000,,,TRACKING|w0 d0 L6
66.531575,129.088734500000,35.074463500000,508089.829,3881304.434,0.008,-2.675482,route_tangent,6,3.627,2.000,6,508086.985,3881306.686,-1.136035,0.000000,-0.000000,1.0000,,,TRACKING|w0 d0 L6
66.581489,129.088734500000,35.074463500000,508089.829,3881304.434,0.008,-2.675482,route_tangent,6,3.627,2.000,6,508086.985,3881306.686,-1.136035,0.000000,-0.000000,1.0000,,,TRACKING|w0 d0 L6
66.631970,129.088734500000,35.074463500000,508089.829,3881304.434,0.008,-2.675482,route_tangent,6,3.627,2.000,6,508086.985,3881306.686,-1.136035,0.000000,-0.000000,1.0000,,,TRACKING|w0 d0 L6
66.681399,129.088734500000,35.074463500000,508089.829,3881304.434,0.008,-2.675482,route_tangent,6,3.627,2.000,6,508086.985,3881306.686,-1.136035,0.000000,-0.000000,1.0000,,,TRACKING|w0 d0 L6
66.731473,129.088734500000,35.074463500000,508089.829,3881304.434,0.014,-2.675482,route_tangent,6,3.627,2.000,6,508086.985,3881306.686,-1.136035,0.000000,-0.000000,1.0000,,,TRACKING|w0 d0 L6
66.781430,129.088734500000,35.074463500000,508089.829,3881304.434,0.014,-2.675482,route_tangent,6,3.627,2.000,6,508086.985,3881306.686,-1.136035,0.000000,-0.000000,1.0000,,,TRACKING|w0 d0 L6
66.831423,129.088734500000,35.074463500000,508089.829,3881304.434,0.014,-2.675482,route_tangent,6,3.627,2.000,6,508086.985,3881306.686,-1.136035,0.000000,-0.000000,1.0000,,,TRACKING|w0 d0 L6
66.881423,129.088734500000,35.074463500000,508089.829,3881304.434,0.014,-2.675482,route_tangent,6,3.627,2.000,6,508086.985,3881306.686,-1.136035,0.000000,-0.000000,1.0000,,,TRACKING|w0 d0 L6
66.931511,129.088734500000,35.074463500000,508089.829,3881304.434,0.014,-2.675482,route_tangent,6,3.627,2.000,6,508086.985,3881306.686,-1.136035,0.000000,-0.000000,1.0000,,,TRACKING|w0 d0 L6
66.981553,129.088734500000,35.074463333333,508089.829,3881304.416,0.015,-2.675482,route_tangent,6,3.639,2.000,6,508086.985,3881306.686,-1.140014,0.000000,-0.000000,1.0000,,,TRACKING|w0 d0 L6
67.031446,129.088734500000,35.074463333333,508089.829,3881304.416,0.015,-2.675482,route_tangent,6,3.639,2.000,6,508086.985,3881306.686,-1.140014,0.000000,-0.000000,1.0000,,,TRACKING|w0 d0 L6
67.081575,129.088734500000,35.074463333333,508089.829,3881304.416,0.015,-2.675482,route_tangent,6,3.639,2.000,6,508086.985,3881306.686,-1.140014,0.000000,-0.000000,1.0000,,,TRACKING|w0 d0 L6
67.131441,129.088734500000,35.074463333333,508089.829,3881304.416,0.015,-2.675482,route_tangent,6,3.639,2.000,6,508086.985,3881306.686,-1.140014,0.000000,-0.000000,1.0000,,,TRACKING|w0 d0 L6
67.181483,129.088734500000,35.074463333333,508089.829,3881304.416,0.015,-2.675482,route_tangent,6,3.639,2.000,6,508086.985,3881306.686,-1.140014,0.000000,-0.000000,1.0000,,,TRACKING|w0 d0 L6
67.231568,129.088735000000,35.074463500000,508089.874,3881304.434,0.201,0.306480,gps_course,6,3.663,2.000,6,508086.985,3881306.686,2.172924,-0.260000,-0.030051,1.0000,,,TRACKING|w0 d0 L6
67.281444,129.088735000000,35.074463500000,508089.874,3881304.434,0.201,0.306480,gps_course,6,3.663,2.000,6,508086.985,3881306.686,2.172924,-0.260000,-0.059977,1.0000,,,TRACKING|w0 d0 L6
67.331560,129.088735000000,35.074463500000,508089.874,3881304.434,0.201,0.306480,gps_course,6,3.663,2.000,6,508086.985,3881306.686,2.172924,-0.260000,-0.090046,1.0000,,,TRACKING|w0 d0 L6
67.381535,129.088735000000,35.074463500000,508089.874,3881304.434,0.201,0.306480,gps_course,6,3.663,2.000,6,508086.985,3881306.686,2.172924,-0.260000,-0.120031,1.0000,,,TRACKING|w0 d0 L6
67.431850,129.088735000000,35.074463500000,508089.874,3881304.434,0.201,0.306480,gps_course,6,3.663,2.000,6,508086.985,3881306.686,2.172924,-0.260000,-0.150220,1.0000,,,TRACKING|w0 d0 L6
67.481475,129.088736000000,35.074463666667,508089.966,3881304.453,0.333,0.320442,gps_course,6,3.724,2.000,6,508086.985,3881306.686,2.177941,-0.260000,-0.179995,1.0000,,,TRACKING|w0 d0 L6
67.531472,129.088736000000,35.074463666667,508089.966,3881304.453,0.333,0.320442,gps_course,6,3.724,2.000,6,508086.985,3881306.686,2.177941,-0.260000,-0.209994,1.0000,,,TRACKING|w0 d0 L6
67.581440,129.088736000000,35.074463666667,508089.966,3881304.453,0.333,0.320442,gps_course,6,3.724,2.000,6,508086.985,3881306.686,2.177941,-0.260000,-0.229996,1.0000,,,TRACKING|w0 d0 L6
67.631452,129.088736000000,35.074463666667,508089.966,3881304.453,0.333,0.320442,gps_course,6,3.724,2.000,6,508086.985,3881306.686,2.177941,-0.260000,-0.241998,1.0000,,,TRACKING|w0 d0 L6
67.681407,129.088736000000,35.074463666667,508089.966,3881304.453,0.333,0.320442,gps_course,6,3.724,2.000,6,508086.985,3881306.686,2.177941,-0.260000,-0.249199,1.0000,,,TRACKING|w0 d0 L6
67.731431,129.088737000000,35.074464166667,508090.057,3881304.508,0.404,0.460592,gps_course,6,3.765,2.000,6,508086.985,3881306.686,2.064109,-0.260000,-0.253519,1.0000,,,TRACKING|w0 d0 L6
67.781474,129.088737000000,35.074464166667,508090.057,3881304.508,0.404,0.460592,gps_course,6,3.765,2.000,6,508086.985,3881306.686,2.064109,-0.260000,-0.256111,1.0000,,,TRACKING|w0 d0 L6
67.831431,129.088737000000,35.074464166667,508090.057,3881304.508,0.404,0.460592,gps_course,6,3.765,2.000,6,508086.985,3881306.686,2.064109,-0.260000,-0.257667,1.0000,,,TRACKING|w0 d0 L6
67.881400,129.088737000000,35.074464166667,508090.057,3881304.508,0.404,0.460592,gps_course,6,3.765,2.000,6,508086.985,3881306.686,2.064109,-0.260000,-0.258600,1.0000,,,TRACKING|w0 d0 L6
67.931419,129.088737000000,35.074464166667,508090.057,3881304.508,0.404,0.460592,gps_course,6,3.765,2.000,6,508086.985,3881306.686,2.064109,-0.260000,-0.259160,1.0000,,,TRACKING|w0 d0 L6
67.981405,129.088737666667,35.074464333333,508090.117,3881304.527,0.297,0.223577,gps_course,6,3.804,2.000,6,508086.985,3881306.686,2.314339,-0.260000,-0.259496,1.0000,,,TRACKING|w0 d0 L6
68.031411,129.088737666667,35.074464333333,508090.117,3881304.527,0.297,0.223577,gps_course,6,3.804,2.000,6,508086.985,3881306.686,2.314339,-0.260000,-0.259698,1.0000,,,TRACKING|w0 d0 L6
68.081439,129.088737666667,35.074464333333,508090.117,3881304.527,0.297,0.223577,gps_course,6,3.804,2.000,6,508086.985,3881306.686,2.314339,-0.260000,-0.259819,1.0000,,,TRACKING|w0 d0 L6
68.131432,129.088737666667,35.074464333333,508090.117,3881304.527,0.297,0.223577,gps_course,6,3.804,2.000,6,508086.985,3881306.686,2.314339,-0.260000,-0.259891,1.0000,,,TRACKING|w0 d0 L6
68.181426,129.088737666667,35.074464333333,508090.117,3881304.527,0.297,0.223577,gps_course,6,3.804,2.000,6,508086.985,3881306.686,2.314339,-0.260000,-0.259935,1.0000,,,TRACKING|w0 d0 L6
68.231402,129.088738000000,35.074464500000,508090.148,3881304.545,0.153,0.470229,gps_course,6,3.819,2.000,6,508086.985,3881306.686,2.076192,-0.260000,-0.259961,1.0000,,,TRACKING|w0 d0 L6
68.281447,129.088738000000,35.074464500000,508090.148,3881304.545,0.153,0.470229,gps_course,6,3.819,2.000,6,508086.985,3881306.686,2.076192,-0.260000,-0.259976,1.0000,,,TRACKING|w0 d0 L6
68.331647,129.088738000000,35.074464500000,508090.148,3881304.545,0.153,0.470229,gps_course,6,3.819,2.000,6,508086.985,3881306.686,2.076192,-0.260000,-0.259986,1.0000,,,TRACKING|w0 d0 L6
68.381453,129.088738000000,35.074464500000,508090.148,3881304.545,0.153,0.470229,gps_course,6,3.819,2.000,6,508086.985,3881306.686,2.076192,-0.260000,-0.259992,1.0000,,,TRACKING|w0 d0 L6
68.431510,129.088738000000,35.074464500000,508090.148,3881304.545,0.153,0.470229,gps_course,6,3.819,2.000,6,508086.985,3881306.686,2.076192,-0.260000,-0.259995,1.0000,,,TRACKING|w0 d0 L6
68.481438,129.088738166667,35.074464500000,508090.163,3881304.545,0.065,0.470229,gps_course,6,3.832,2.000,6,508086.985,3881306.686,2.078418,-0.260000,-0.259997,1.0000,,,TRACKING|w0 d0 L6
68.531536,129.088738166667,35.074464500000,508090.163,3881304.545,0.065,0.470229,gps_course,6,3.832,2.000,6,508086.985,3881306.686,2.078418,-0.260000,-0.259998,1.0000,,,TRACKING|w0 d0 L6
68.581412,129.088738166667,35.074464500000,508090.163,3881304.545,0.065,0.470229,gps_course,6,3.832,2.000,6,508086.985,3881306.686,2.078418,-0.260000,-0.259999,1.0000,,,TRACKING|w0 d0 L6
68.631439,129.088738166667,35.074464500000,508090.163,3881304.545,0.065,0.470229,gps_course,6,3.832,2.000,6,508086.985,3881306.686,2.078418,-0.260000,-0.259999,1.0000,,,TRACKING|w0 d0 L6
68.681409,129.088738166667,35.074464500000,508090.163,3881304.545,0.065,0.470229,gps_course,6,3.832,2.000,6,508086.985,3881306.686,2.078418,-0.260000,-0.260000,1.0000,,,TRACKING|w0 d0 L6
68.731421,129.088738000000,35.074464500000,508090.148,3881304.545,0.065,0.470229,gps_course,6,3.819,2.000,6,508086.985,3881306.686,2.076192,-0.260000,-0.260000,1.0000,,,TRACKING|w0 d0 L6
68.781444,129.088738000000,35.074464500000,508090.148,3881304.545,0.065,0.470229,gps_course,6,3.819,2.000,6,508086.985,3881306.686,2.076192,-0.260000,-0.260000,1.0000,,,TRACKING|w0 d0 L6
68.831471,129.088738000000,35.074464500000,508090.148,3881304.545,0.065,0.470229,gps_course,6,3.819,2.000,6,508086.985,3881306.686,2.076192,-0.260000,-0.260000,1.0000,,,TRACKING|w0 d0 L6
68.881385,129.088738000000,35.074464500000,508090.148,3881304.545,0.065,0.470229,gps_course,6,3.819,2.000,6,508086.985,3881306.686,2.076192,-0.260000,-0.260000,1.0000,,,TRACKING|w0 d0 L6
68.931412,129.088738000000,35.074464500000,508090.148,3881304.545,0.065,0.470229,gps_course,6,3.819,2.000,6,508086.985,3881306.686,2.076192,-0.260000,-0.260000,1.0000,,,TRACKING|w0 d0 L6
68.981454,129.088738000000,35.074464500000,508090.148,3881304.545,0.043,0.470229,gps_course,6,3.819,2.000,6,508086.985,3881306.686,2.076192,-0.260000,-0.260000,1.0000,,,TRACKING|w0 d0 L6
69.031414,129.088738000000,35.074464500000,508090.148,3881304.545,0.043,0.470229,gps_course,6,3.819,2.000,6,508086.985,3881306.686,2.076192,-0.260000,-0.260000,1.0000,,,TRACKING|w0 d0 L6
69.081402,129.088738000000,35.074464500000,508090.148,3881304.545,0.043,0.470229,gps_course,6,3.819,2.000,6,508086.985,3881306.686,2.076192,-0.260000,-0.260000,1.0000,,,TRACKING|w0 d0 L6
69.131472,129.088738000000,35.074464500000,508090.148,3881304.545,0.043,0.470229,gps_course,6,3.819,2.000,6,508086.985,3881306.686,2.076192,-0.260000,-0.260000,1.0000,,,TRACKING|w0 d0 L6
69.181782,129.088738000000,35.074464500000,508090.148,3881304.545,0.043,0.470229,gps_course,6,3.819,2.000,6,508086.985,3881306.686,2.076192,-0.260000,-0.260000,1.0000,,,TRACKING|w0 d0 L6
69.231407,129.088737833333,35.074464333333,508090.133,3881304.527,0.047,0.470229,gps_course,6,3.817,2.000,6,508086.985,3881306.686,2.069950,-0.260000,-0.260000,1.0000,,,TRACKING|w0 d0 L6
69.281450,129.088737833333,35.074464333333,508090.133,3881304.527,0.047,0.470229,gps_course,6,3.817,2.000,6,508086.985,3881306.686,2.069950,-0.260000,-0.260000,1.0000,,,TRACKING|w0 d0 L6
69.331470,129.088737833333,35.074464333333,508090.133,3881304.527,0.047,0.470229,gps_course,6,3.817,2.000,6,508086.985,3881306.686,2.069950,-0.260000,-0.260000,1.0000,,,TRACKING|w0 d0 L6
69.381402,129.088737833333,35.074464333333,508090.133,3881304.527,0.047,0.470229,gps_course,6,3.817,2.000,6,508086.985,3881306.686,2.069950,-0.260000,-0.260000,1.0000,,,TRACKING|w0 d0 L6
69.431433,129.088737833333,35.074464333333,508090.133,3881304.527,0.047,0.470229,gps_course,6,3.817,2.000,6,508086.985,3881306.686,2.069950,-0.260000,-0.260000,1.0000,,,TRACKING|w0 d0 L6
69.481846,129.088737666667,35.074464333333,508090.117,3881304.527,0.045,0.470229,gps_course,6,3.804,2.000,6,508086.985,3881306.686,2.067687,-0.260000,-0.260000,1.0000,,,TRACKING|w0 d0 L6
69.531406,129.088737666667,35.074464333333,508090.117,3881304.527,0.045,0.470229,gps_course,6,3.804,2.000,6,508086.985,3881306.686,2.067687,-0.260000,-0.260000,1.0000,,,TRACKING|w0 d0 L6
69.581446,129.088737666667,35.074464333333,508090.117,3881304.527,0.045,0.470229,gps_course,6,3.804,2.000,6,508086.985,3881306.686,2.067687,-0.260000,-0.260000,1.0000,,,TRACKING|w0 d0 L6
69.631425,129.088737666667,35.074464333333,508090.117,3881304.527,0.045,0.470229,gps_course,6,3.804,2.000,6,508086.985,3881306.686,2.067687,-0.260000,-0.260000,1.0000,,,TRACKING|w0 d0 L6
69.681487,129.088737666667,35.074464333333,508090.117,3881304.527,0.045,0.470229,gps_course,6,3.804,2.000,6,508086.985,3881306.686,2.067687,-0.260000,-0.260000,1.0000,,,TRACKING|w0 d0 L6
69.731484,129.088737666667,35.074464333333,508090.117,3881304.527,0.008,0.470229,gps_course,6,3.804,2.000,6,508086.985,3881306.686,2.067687,-0.260000,-0.260000,1.0000,,,TRACKING|w0 d0 L6
69.781557,129.088737666667,35.074464333333,508090.117,3881304.527,0.008,0.470229,gps_course,6,3.804,2.000,6,508086.985,3881306.686,2.067687,-0.260000,-0.260000,1.0000,,,TRACKING|w0 d0 L6
69.831435,129.088737666667,35.074464333333,508090.117,3881304.527,0.008,0.470229,gps_course,6,3.804,2.000,6,508086.985,3881306.686,2.067687,-0.260000,-0.260000,1.0000,,,TRACKING|w0 d0 L6
69.881411,129.088737666667,35.074464333333,508090.117,3881304.527,0.008,0.470229,gps_course,6,3.804,2.000,6,508086.985,3881306.686,2.067687,-0.260000,-0.260000,1.0000,,,TRACKING|w0 d0 L6
69.931428,129.088737666667,35.074464333333,508090.117,3881304.527,0.008,0.470229,gps_course,6,3.804,2.000,6,508086.985,3881306.686,2.067687,-0.260000,-0.260000,1.0000,,,TRACKING|w0 d0 L6
69.981420,129.088737833333,35.074464333333,508090.133,3881304.527,0.019,0.470229,gps_course,6,3.817,2.000,6,508086.985,3881306.686,2.069950,-0.260000,-0.260000,1.0000,,,TRACKING|w0 d0 L6
70.031421,129.088737833333,35.074464333333,508090.133,3881304.527,0.019,0.470229,gps_course,6,3.817,2.000,6,508086.985,3881306.686,2.069950,-0.260000,-0.260000,1.0000,,,TRACKING|w0 d0 L6
70.081394,129.088737833333,35.074464333333,508090.133,3881304.527,0.019,0.470229,gps_course,6,3.817,2.000,6,508086.985,3881306.686,2.069950,-0.260000,-0.260000,1.0000,,,TRACKING|w0 d0 L6
70.131528,129.088737833333,35.074464333333,508090.133,3881304.527,0.019,0.470229,gps_course,6,3.817,2.000,6,508086.985,3881306.686,2.069950,-0.260000,-0.260000,1.0000,,,TRACKING|w0 d0 L6
70.181401,129.088737833333,35.074464333333,508090.133,3881304.527,0.019,0.470229,gps_course,6,3.817,2.000,6,508086.985,3881306.686,2.069950,-0.260000,-0.260000,1.0000,,,TRACKING|w0 d0 L6
70.231408,129.088737666667,35.074464333333,508090.117,3881304.527,0.002,0.470229,gps_course,6,3.804,2.000,6,508086.985,3881306.686,2.067687,-0.260000,-0.260000,1.0000,,,TRACKING|w0 d0 L6
70.281484,129.088737666667,35.074464333333,508090.117,3881304.527,0.002,0.470229,gps_course,6,3.804,2.000,6,508086.985,3881306.686,2.067687,-0.260000,-0.260000,1.0000,,,TRACKING|w0 d0 L6
70.331418,129.088737666667,35.074464333333,508090.117,3881304.527,0.002,0.470229,gps_course,6,3.804,2.000,6,508086.985,3881306.686,2.067687,-0.260000,-0.260000,1.0000,,,TRACKING|w0 d0 L6
70.381449,129.088737666667,35.074464333333,508090.117,3881304.527,0.002,0.470229,gps_course,6,3.804,2.000,6,508086.985,3881306.686,2.067687,-0.260000,-0.260000,1.0000,,,TRACKING|w0 d0 L6
70.431563,129.088737666667,35.074464333333,508090.117,3881304.527,0.002,0.470229,gps_course,6,3.804,2.000,6,508086.985,3881306.686,2.067687,-0.260000,-0.260000,1.0000,,,TRACKING|w0 d0 L6
70.481420,129.088737666667,35.074464333333,508090.117,3881304.527,0.005,0.470229,gps_course,6,3.804,2.000,6,508086.985,3881306.686,2.067687,-0.260000,-0.260000,1.0000,,,TRACKING|w0 d0 L6
70.531948,129.088737666667,35.074464333333,508090.117,3881304.527,0.005,0.470229,gps_course,6,3.804,2.000,6,508086.985,3881306.686,2.067687,-0.260000,-0.260000,1.0000,,,TRACKING|w0 d0 L6
70.581542,129.088737666667,35.074464333333,508090.117,3881304.527,0.005,0.470229,gps_course,6,3.804,2.000,6,508086.985,3881306.686,2.067687,-0.260000,-0.260000,1.0000,,,TRACKING|w0 d0 L6
70.631510,129.088737666667,35.074464333333,508090.117,3881304.527,0.005,0.470229,gps_course,6,3.804,2.000,6,508086.985,3881306.686,2.067687,-0.260000,-0.260000,1.0000,,,TRACKING|w0 d0 L6
70.681495,129.088737666667,35.074464333333,508090.117,3881304.527,0.005,0.470229,gps_course,6,3.804,2.000,6,508086.985,3881306.686,2.067687,-0.260000,-0.260000,1.0000,,,TRACKING|w0 d0 L6
70.731599,129.088737666667,35.074464333333,508090.117,3881304.527,0.005,0.470229,gps_course,6,3.804,2.000,6,508086.985,3881306.686,2.067687,-0.260000,-0.260000,1.0000,,,TRACKING|w0 d0 L6
70.781571,129.088737666667,35.074464333333,508090.117,3881304.527,0.005,0.470229,gps_course,6,3.804,2.000,6,508086.985,3881306.686,2.067687,-0.260000,-0.260000,1.0000,,,TRACKING|w0 d0 L6
70.831402,129.088737666667,35.074464333333,508090.117,3881304.527,0.005,0.470229,gps_course,6,3.804,2.000,6,508086.985,3881306.686,2.067687,-0.260000,-0.260000,1.0000,,,TRACKING|w0 d0 L6
70.881442,129.088737666667,35.074464333333,508090.117,3881304.527,0.005,0.470229,gps_course,6,3.804,2.000,6,508086.985,3881306.686,2.067687,-0.260000,-0.260000,1.0000,,,TRACKING|w0 d0 L6
70.931576,129.088737666667,35.074464333333,508090.117,3881304.527,0.005,0.470229,gps_course,6,3.804,2.000,6,508086.985,3881306.686,2.067687,-0.260000,-0.260000,1.0000,,,TRACKING|w0 d0 L6
70.981420,129.088737666667,35.074464333333,508090.117,3881304.527,0.014,0.470229,gps_course,6,3.804,2.000,6,508086.985,3881306.686,2.067687,-0.260000,-0.260000,1.0000,,,TRACKING|w0 d0 L6
71.031412,129.088737666667,35.074464333333,508090.117,3881304.527,0.014,0.470229,gps_course,6,3.804,2.000,6,508086.985,3881306.686,2.067687,-0.260000,-0.260000,1.0000,,,TRACKING|w0 d0 L6
71.081423,129.088737666667,35.074464333333,508090.117,3881304.527,0.014,0.470229,gps_course,6,3.804,2.000,6,508086.985,3881306.686,2.067687,-0.260000,-0.260000,1.0000,,,TRACKING|w0 d0 L6
71.131464,129.088737666667,35.074464333333,508090.117,3881304.527,0.014,0.470229,gps_course,6,3.804,2.000,6,508086.985,3881306.686,2.067687,-0.260000,-0.260000,1.0000,,,TRACKING|w0 d0 L6
71.181486,129.088737666667,35.074464333333,508090.117,3881304.527,0.014,0.470229,gps_course,6,3.804,2.000,6,508086.985,3881306.686,2.067687,-0.260000,-0.260000,1.0000,,,TRACKING|w0 d0 L6
71.231431,129.088737666667,35.074464333333,508090.117,3881304.527,0.011,-2.675482,route_tangent,6,3.804,2.000,6,508086.985,3881306.686,-1.069787,0.000000,-0.230033,1.0000,,,TRACKING|w0 d0 L6
71.281807,129.088737666667,35.074464333333,508090.117,3881304.527,0.011,-2.675482,route_tangent,6,3.804,2.000,6,508086.985,3881306.686,-1.069787,0.000000,-0.199807,1.0000,,,TRACKING|w0 d0 L6
71.331454,129.088737666667,35.074464333333,508090.117,3881304.527,0.011,-2.675482,route_tangent,6,3.804,2.000,6,508086.985,3881306.686,-1.069787,0.000000,-0.170019,1.0000,,,TRACKING|w0 d0 L6
71.381588,129.088737666667,35.074464333333,508090.117,3881304.527,0.011,-2.675482,route_tangent,6,3.804,2.000,6,508086.985,3881306.686,-1.069787,0.000000,-0.139938,1.0000,,,TRACKING|w0 d0 L6
71.431440,129.088737666667,35.074464333333,508090.117,3881304.527,0.011,-2.675482,route_tangent,6,3.804,2.000,6,508086.985,3881306.686,-1.069787,0.000000,-0.110027,1.0000,,,TRACKING|w0 d0 L6
71.481433,129.088737833333,35.074464333333,508090.133,3881304.527,0.017,-2.675482,route_tangent,6,3.817,2.000,6,508086.985,3881306.686,-1.067525,0.000000,-0.080032,1.0000,,,TRACKING|w0 d0 L6
71.531458,129.088737833333,35.074464333333,508090.133,3881304.527,0.017,-2.675482,route_tangent,6,3.817,2.000,6,508086.985,3881306.686,-1.067525,0.000000,-0.050017,1.0000,,,TRACKING|w0 d0 L6
71.581452,129.088737833333,35.074464333333,508090.133,3881304.527,0.017,-2.675482,route_tangent,6,3.817,2.000,6,508086.985,3881306.686,-1.067525,0.000000,-0.030010,1.0000,,,TRACKING|w0 d0 L6
71.631445,129.088737833333,35.074464333333,508090.133,3881304.527,0.017,-2.675482,route_tangent,6,3.817,2.000,6,508086.985,3881306.686,-1.067525,0.000000,-0.018006,1.0000,,,TRACKING|w0 d0 L6
71.681499,129.088737833333,35.074464333333,508090.133,3881304.527,0.017,-2.675482,route_tangent,6,3.817,2.000,6,508086.985,3881306.686,-1.067525,0.000000,-0.010804,1.0000,,,TRACKING|w0 d0 L6
71.731434,129.088737666667,35.074464333333,508090.117,3881304.527,0.021,-2.675482,route_tangent,6,3.804,2.000,6,508086.985,3881306.686,-1.069787,0.000000,-0.006482,1.0000,,,TRACKING|w0 d0 L6
71.781419,129.088737666667,35.074464333333,508090.117,3881304.527,0.021,-2.675482,route_tangent,6,3.804,2.000,6,508086.985,3881306.686,-1.069787,0.000000,-0.003889,1.0000,,,TRACKING|w0 d0 L6
71.831413,129.088737666667,35.074464333333,508090.117,3881304.527,0.021,-2.675482,route_tangent,6,3.804,2.000,6,508086.985,3881306.686,-1.069787,0.000000,-0.002334,1.0000,,,TRACKING|w0 d0 L6
71.881572,129.088737666667,35.074464333333,508090.117,3881304.527,0.021,-2.675482,route_tangent,6,3.804,2.000,6,508086.985,3881306.686,-1.069787,0.000000,-0.001400,1.0000,,,TRACKING|w0 d0 L6
71.931438,129.088737666667,35.074464333333,508090.117,3881304.527,0.021,-2.675482,route_tangent,6,3.804,2.000,6,508086.985,3881306.686,-1.069787,0.000000,-0.000840,1.0000,,,TRACKING|w0 d0 L6
71.981428,129.088737833333,35.074464333333,508090.133,3881304.527,0.006,-2.675482,route_tangent,6,3.817,2.000,6,508086.985,3881306.686,-1.067525,0.000000,-0.000504,1.0000,,,TRACKING|w0 d0 L6
72.031430,129.088737833333,35.074464333333,508090.133,3881304.527,0.006,-2.675482,route_tangent,6,3.817,2.000,6,508086.985,3881306.686,-1.067525,0.000000,-0.000302,1.0000,,,TRACKING|w0 d0 L6
72.081438,129.088737833333,35.074464333333,508090.133,3881304.527,0.006,-2.675482,route_tangent,6,3.817,2.000,6,508086.985,3881306.686,-1.067525,0.000000,-0.000181,1.0000,,,TRACKING|w0 d0 L6
72.131458,129.088737833333,35.074464333333,508090.133,3881304.527,0.006,-2.675482,route_tangent,6,3.817,2.000,6,508086.985,3881306.686,-1.067525,0.000000,-0.000109,1.0000,,,TRACKING|w0 d0 L6
72.181423,129.088737833333,35.074464333333,508090.133,3881304.527,0.006,-2.675482,route_tangent,6,3.817,2.000,6,508086.985,3881306.686,-1.067525,0.000000,-0.000065,1.0000,,,TRACKING|w0 d0 L6
72.231462,129.088737666667,35.074464333333,508090.117,3881304.527,0.005,-2.675482,route_tangent,6,3.804,2.000,6,508086.985,3881306.686,-1.069787,0.000000,-0.000039,1.0000,,,TRACKING|w0 d0 L6
72.281417,129.088737666667,35.074464333333,508090.117,3881304.527,0.005,-2.675482,route_tangent,6,3.804,2.000,6,508086.985,3881306.686,-1.069787,0.000000,-0.000024,1.0000,,,TRACKING|w0 d0 L6
72.331488,129.088737666667,35.074464333333,508090.117,3881304.527,0.005,-2.675482,route_tangent,6,3.804,2.000,6,508086.985,3881306.686,-1.069787,0.000000,-0.000014,1.0000,,,TRACKING|w0 d0 L6
72.381483,129.088737666667,35.074464333333,508090.117,3881304.527,0.005,-2.675482,route_tangent,6,3.804,2.000,6,508086.985,3881306.686,-1.069787,0.000000,-0.000008,1.0000,,,TRACKING|w0 d0 L6
72.431481,129.088737666667,35.074464333333,508090.117,3881304.527,0.005,-2.675482,route_tangent,6,3.804,2.000,6,508086.985,3881306.686,-1.069787,0.000000,-0.000005,1.0000,,,TRACKING|w0 d0 L6
72.481407,129.088737666667,35.074464333333,508090.117,3881304.527,0.006,-2.675482,route_tangent,6,3.804,2.000,6,508086.985,3881306.686,-1.069787,0.000000,-0.000003,1.0000,,,TRACKING|w0 d0 L6
72.531494,129.088737666667,35.074464333333,508090.117,3881304.527,0.006,-2.675482,route_tangent,6,3.804,2.000,6,508086.985,3881306.686,-1.069787,0.000000,-0.000002,1.0000,,,TRACKING|w0 d0 L6
72.581414,129.088737666667,35.074464333333,508090.117,3881304.527,0.006,-2.675482,route_tangent,6,3.804,2.000,6,508086.985,3881306.686,-1.069787,0.000000,-0.000001,1.0000,,,TRACKING|w0 d0 L6
72.631442,129.088737666667,35.074464333333,508090.117,3881304.527,0.006,-2.675482,route_tangent,6,3.804,2.000,6,508086.985,3881306.686,-1.069787,0.000000,-0.000001,1.0000,,,TRACKING|w0 d0 L6
72.681402,129.088737666667,35.074464333333,508090.117,3881304.527,0.006,-2.675482,route_tangent,6,3.804,2.000,6,508086.985,3881306.686,-1.069787,0.000000,-0.000000,1.0000,,,TRACKING|w0 d0 L6
72.731498,129.088737666667,35.074464500000,508090.117,3881304.545,0.011,-2.675482,route_tangent,6,3.794,2.000,6,508086.985,3881306.686,-1.065779,0.000000,-0.000000,1.0000,,,TRACKING|w0 d0 L6
72.781395,129.088737666667,35.074464500000,508090.117,3881304.545,0.011,-2.675482,route_tangent,6,3.794,2.000,6,508086.985,3881306.686,-1.065779,0.000000,-0.000000,1.0000,,,TRACKING|w0 d0 L6
72.831424,129.088737666667,35.074464500000,508090.117,3881304.545,0.011,-2.675482,route_tangent,6,3.794,2.000,6,508086.985,3881306.686,-1.065779,0.000000,-0.000000,1.0000,,,TRACKING|w0 d0 L6
72.881443,129.088737666667,35.074464500000,508090.117,3881304.545,0.011,-2.675482,route_tangent,6,3.794,2.000,6,508086.985,3881306.686,-1.065779,0.000000,-0.000000,1.0000,,,TRACKING|w0 d0 L6
72.931463,129.088737666667,35.074464500000,508090.117,3881304.545,0.011,-2.675482,route_tangent,6,3.794,2.000,6,508086.985,3881306.686,-1.065779,0.000000,-0.000000,1.0000,,,TRACKING|w0 d0 L6
72.981578,129.088737666667,35.074464333333,508090.117,3881304.527,0.011,-2.675482,route_tangent,6,3.804,2.000,6,508086.985,3881306.686,-1.069787,0.000000,-0.000000,1.0000,,,TRACKING|w0 d0 L6
73.031394,129.088737666667,35.074464333333,508090.117,3881304.527,0.011,-2.675482,route_tangent,6,3.804,2.000,6,508086.985,3881306.686,-1.069787,0.000000,-0.000000,1.0000,,,TRACKING|w0 d0 L6
73.081467,129.088737666667,35.074464333333,508090.117,3881304.527,0.011,-2.675482,route_tangent,6,3.804,2.000,6,508086.985,3881306.686,-1.069787,0.000000,-0.000000,1.0000,,,TRACKING|w0 d0 L6
73.131518,129.088737666667,35.074464333333,508090.117,3881304.527,0.011,-2.675482,route_tangent,6,3.804,2.000,6,508086.985,3881306.686,-1.069787,0.000000,-0.000000,1.0000,,,TRACKING|w0 d0 L6
73.181472,129.088737666667,35.074464333333,508090.117,3881304.527,0.011,-2.675482,route_tangent,6,3.804,2.000,6,508086.985,3881306.686,-1.069787,0.000000,-0.000000,1.0000,,,TRACKING|w0 d0 L6
73.231477,129.088737666667,35.074464333333,508090.117,3881304.527,0.002,-2.675482,route_tangent,6,3.804,2.000,6,508086.985,3881306.686,-1.069787,0.000000,-0.000000,1.0000,,,TRACKING|w0 d0 L6
73.281596,129.088737666667,35.074464333333,508090.117,3881304.527,0.002,-2.675482,route_tangent,6,3.804,2.000,6,508086.985,3881306.686,-1.069787,0.000000,-0.000000,1.0000,,,TRACKING|w0 d0 L6
73.331498,129.088737666667,35.074464333333,508090.117,3881304.527,0.002,-2.675482,route_tangent,6,3.804,2.000,6,508086.985,3881306.686,-1.069787,0.000000,-0.000000,1.0000,,,TRACKING|w0 d0 L6
73.381484,129.088737666667,35.074464333333,508090.117,3881304.527,0.002,-2.675482,route_tangent,6,3.804,2.000,6,508086.985,3881306.686,-1.069787,0.000000,-0.000000,1.0000,,,TRACKING|w0 d0 L6
73.431588,129.088737666667,35.074464333333,508090.117,3881304.527,0.002,-2.675482,route_tangent,6,3.804,2.000,6,508086.985,3881306.686,-1.069787,0.000000,-0.000000,1.0000,,,TRACKING|w0 d0 L6
73.481434,129.088737666667,35.074464500000,508090.117,3881304.545,0.014,-2.675482,route_tangent,6,3.794,2.000,6,508086.985,3881306.686,-1.065779,0.000000,-0.000000,1.0000,,,TRACKING|w0 d0 L6
73.531653,129.088737666667,35.074464500000,508090.117,3881304.545,0.014,-2.675482,route_tangent,6,3.794,2.000,6,508086.985,3881306.686,-1.065779,0.000000,-0.000000,1.0000,,,TRACKING|w0 d0 L6
73.581833,129.088737666667,35.074464500000,508090.117,3881304.545,0.014,-2.675482,route_tangent,6,3.794,2.000,6,508086.985,3881306.686,-1.065779,0.000000,-0.000000,1.0000,,,TRACKING|w0 d0 L6
73.631604,129.088737666667,35.074464500000,508090.117,3881304.545,0.014,-2.675482,route_tangent,6,3.794,2.000,6,508086.985,3881306.686,-1.065779,0.000000,-0.000000,1.0000,,,TRACKING|w0 d0 L6
73.681425,129.088737666667,35.074464500000,508090.117,3881304.545,0.014,-2.675482,route_tangent,6,3.794,2.000,6,508086.985,3881306.686,-1.065779,0.000000,-0.000000,1.0000,,,TRACKING|w0 d0 L6
73.731545,129.088737666667,35.074464500000,508090.117,3881304.545,0.014,-2.675482,route_tangent,6,3.794,2.000,6,508086.985,3881306.686,-1.065779,0.000000,-0.000000,1.0000,,,TRACKING|w0 d0 L6
73.781541,129.088737666667,35.074464500000,508090.117,3881304.545,0.014,-2.675482,route_tangent,6,3.794,2.000,6,508086.985,3881306.686,-1.065779,0.000000,-0.000000,1.0000,,,TRACKING|w0 d0 L6
73.831545,129.088737666667,35.074464500000,508090.117,3881304.545,0.014,-2.675482,route_tangent,6,3.794,2.000,6,508086.985,3881306.686,-1.065779,0.000000,-0.000000,1.0000,,,TRACKING|w0 d0 L6
73.881936,129.088737666667,35.074464500000,508090.117,3881304.545,0.014,-2.675482,route_tangent,6,3.794,2.000,6,508086.985,3881306.686,-1.065779,0.000000,-0.000000,1.0000,,,TRACKING|w0 d0 L6
73.931513,129.088737666667,35.074464500000,508090.117,3881304.545,0.014,-2.675482,route_tangent,6,3.794,2.000,6,508086.985,3881306.686,-1.065779,0.000000,-0.000000,1.0000,,,TRACKING|w0 d0 L6
73.981387,129.088737666667,35.074464500000,508090.117,3881304.545,0.012,-2.675482,route_tangent,6,3.794,2.000,6,508086.985,3881306.686,-1.065779,0.000000,-0.000000,1.0000,,,TRACKING|w0 d0 L6
74.031429,129.088737666667,35.074464500000,508090.117,3881304.545,0.012,-2.675482,route_tangent,6,3.794,2.000,6,508086.985,3881306.686,-1.065779,0.000000,-0.000000,1.0000,,,TRACKING|w0 d0 L6
74.081462,129.088737666667,35.074464500000,508090.117,3881304.545,0.012,-2.675482,route_tangent,6,3.794,2.000,6,508086.985,3881306.686,-1.065779,0.000000,-0.000000,1.0000,,,TRACKING|w0 d0 L6
74.131458,129.088737666667,35.074464500000,508090.117,3881304.545,0.012,-2.675482,route_tangent,6,3.794,2.000,6,508086.985,3881306.686,-1.065779,0.000000,-0.000000,1.0000,,,TRACKING|w0 d0 L6
74.181430,129.088737666667,35.074464500000,508090.117,3881304.545,0.012,-2.675482,route_tangent,6,3.794,2.000,6,508086.985,3881306.686,-1.065779,0.000000,-0.000000,1.0000,,,TRACKING|w0 d0 L6
74.231507,129.088737666667,35.074464333333,508090.117,3881304.527,0.014,-2.675482,route_tangent,6,3.804,2.000,6,508086.985,3881306.686,-1.069787,0.000000,-0.000000,1.0000,,,TRACKING|w0 d0 L6
74.281396,129.088737666667,35.074464333333,508090.117,3881304.527,0.014,-2.675482,route_tangent,6,3.804,2.000,6,508086.985,3881306.686,-1.069787,0.000000,-0.000000,1.0000,,,TRACKING|w0 d0 L6
74.331470,129.088737666667,35.074464333333,508090.117,3881304.527,0.014,-2.675482,route_tangent,6,3.804,2.000,6,508086.985,3881306.686,-1.069787,0.000000,-0.000000,1.0000,,,TRACKING|w0 d0 L6
74.381430,129.088737666667,35.074464333333,508090.117,3881304.527,0.014,-2.675482,route_tangent,6,3.804,2.000,6,508086.985,3881306.686,-1.069787,0.000000,-0.000000,1.0000,,,TRACKING|w0 d0 L6
74.431412,129.088737666667,35.074464333333,508090.117,3881304.527,0.014,-2.675482,route_tangent,6,3.804,2.000,6,508086.985,3881306.686,-1.069787,0.000000,-0.000000,1.0000,,,TRACKING|w0 d0 L6
74.481487,129.088737666667,35.074464500000,508090.117,3881304.545,0.013,-2.675482,route_tangent,6,3.794,2.000,6,508086.985,3881306.686,-1.065779,0.000000,-0.000000,1.0000,,,TRACKING|w0 d0 L6
74.531499,129.088737666667,35.074464500000,508090.117,3881304.545,0.013,-2.675482,route_tangent,6,3.794,2.000,6,508086.985,3881306.686,-1.065779,0.000000,-0.000000,1.0000,,,TRACKING|w0 d0 L6
74.581499,129.088737666667,35.074464500000,508090.117,3881304.545,0.013,-2.675482,route_tangent,6,3.794,2.000,6,508086.985,3881306.686,-1.065779,0.000000,-0.000000,1.0000,,,TRACKING|w0 d0 L6
74.631428,129.088737666667,35.074464500000,508090.117,3881304.545,0.013,-2.675482,route_tangent,6,3.794,2.000,6,508086.985,3881306.686,-1.065779,0.000000,-0.000000,1.0000,,,TRACKING|w0 d0 L6
74.681412,129.088737666667,35.074464500000,508090.117,3881304.545,0.013,-2.675482,route_tangent,6,3.794,2.000,6,508086.985,3881306.686,-1.065779,0.000000,-0.000000,1.0000,,,TRACKING|w0 d0 L6
74.731498,129.088737666667,35.074464500000,508090.117,3881304.545,0.005,-2.675482,route_tangent,6,3.794,2.000,6,508086.985,3881306.686,-1.065779,0.000000,-0.000000,1.0000,,,TRACKING|w0 d0 L6
74.781449,129.088737666667,35.074464500000,508090.117,3881304.545,0.005,-2.675482,route_tangent,6,3.794,2.000,6,508086.985,3881306.686,-1.065779,0.000000,-0.000000,1.0000,,,TRACKING|w0 d0 L6
74.831453,129.088737666667,35.074464500000,508090.117,3881304.545,0.005,-2.675482,route_tangent,6,3.794,2.000,6,508086.985,3881306.686,-1.065779,0.000000,-0.000000,1.0000,,,TRACKING|w0 d0 L6
74.881493,129.088737666667,35.074464500000,508090.117,3881304.545,0.005,-2.675482,route_tangent,6,3.794,2.000,6,508086.985,3881306.686,-1.065779,0.000000,-0.000000,1.0000,,,TRACKING|w0 d0 L6
74.931494,129.088737666667,35.074464500000,508090.117,3881304.545,0.005,-2.675482,route_tangent,6,3.794,2.000,6,508086.985,3881306.686,-1.065779,0.000000,-0.000000,1.0000,,,TRACKING|w0 d0 L6
74.981513,129.088737833333,35.074464333333,508090.133,3881304.527,0.008,-2.675482,route_tangent,6,3.817,2.000,6,508086.985,3881306.686,-1.067525,0.000000,-0.000000,1.0000,,,TRACKING|w0 d0 L6
75.031398,129.088737833333,35.074464333333,508090.133,3881304.527,0.008,-2.675482,route_tangent,6,3.817,2.000,6,508086.985,3881306.686,-1.067525,0.000000,-0.000000,1.0000,,,TRACKING|w0 d0 L6
75.081426,129.088737833333,35.074464333333,508090.133,3881304.527,0.008,-2.675482,route_tangent,6,3.817,2.000,6,508086.985,3881306.686,-1.067525,0.000000,-0.000000,1.0000,,,TRACKING|w0 d0 L6
75.131471,129.088737833333,35.074464333333,508090.133,3881304.527,0.008,-2.675482,route_tangent,6,3.817,2.000,6,508086.985,3881306.686,-1.067525,0.000000,-0.000000,1.0000,,,TRACKING|w0 d0 L6
75.181606,129.088737833333,35.074464333333,508090.133,3881304.527,0.008,-2.675482,route_tangent,6,3.817,2.000,6,508086.985,3881306.686,-1.067525,0.000000,-0.000000,1.0000,,,TRACKING|w0 d0 L6
75.231437,129.088737666667,35.074464333333,508090.117,3881304.527,0.007,-2.675482,route_tangent,6,3.804,2.000,6,508086.985,3881306.686,-1.069787,0.000000,-0.000000,1.0000,,,TRACKING|w0 d0 L6
75.281446,129.088737666667,35.074464333333,508090.117,3881304.527,0.007,-2.675482,route_tangent,6,3.804,2.000,6,508086.985,3881306.686,-1.069787,0.000000,-0.000000,1.0000,,,TRACKING|w0 d0 L6
75.331524,129.088737666667,35.074464333333,508090.117,3881304.527,0.007,-2.675482,route_tangent,6,3.804,2.000,6,508086.985,3881306.686,-1.069787,0.000000,-0.000000,1.0000,,,TRACKING|w0 d0 L6
75.381436,129.088737666667,35.074464333333,508090.117,3881304.527,0.007,-2.675482,route_tangent,6,3.804,2.000,6,508086.985,3881306.686,-1.069787,0.000000,-0.000000,1.0000,,,TRACKING|w0 d0 L6
75.431422,129.088737666667,35.074464333333,508090.117,3881304.527,0.007,-2.675482,route_tangent,6,3.804,2.000,6,508086.985,3881306.686,-1.069787,0.000000,-0.000000,1.0000,,,TRACKING|w0 d0 L6
75.481564,129.088737833333,35.074464500000,508090.133,3881304.545,0.031,-2.675482,route_tangent,6,3.807,2.000,6,508086.985,3881306.686,-1.063523,0.000000,-0.000000,1.0000,,,TRACKING|w0 d0 L6
75.531419,129.088737833333,35.074464500000,508090.133,3881304.545,0.031,-2.675482,route_tangent,6,3.807,2.000,6,508086.985,3881306.686,-1.063523,0.000000,-0.000000,1.0000,,,TRACKING|w0 d0 L6
75.581528,129.088737833333,35.074464500000,508090.133,3881304.545,0.031,-2.675482,route_tangent,6,3.807,2.000,6,508086.985,3881306.686,-1.063523,0.000000,-0.000000,1.0000,,,TRACKING|w0 d0 L6
75.631491,129.088737833333,35.074464500000,508090.133,3881304.545,0.031,-2.675482,route_tangent,6,3.807,2.000,6,508086.985,3881306.686,-1.063523,0.000000,-0.000000,1.0000,,,TRACKING|w0 d0 L6
75.681433,129.088737833333,35.074464500000,508090.133,3881304.545,0.031,-2.675482,route_tangent,6,3.807,2.000,6,508086.985,3881306.686,-1.063523,0.000000,-0.000000,1.0000,,,TRACKING|w0 d0 L6
75.731441,129.088737833333,35.074464333333,508090.133,3881304.527,0.019,-2.675482,route_tangent,6,3.817,2.000,6,508086.985,3881306.686,-1.067525,0.000000,-0.000000,1.0000,,,TRACKING|w0 d0 L6
75.781437,129.088737833333,35.074464333333,508090.133,3881304.527,0.019,-2.675482,route_tangent,6,3.817,2.000,6,508086.985,3881306.686,-1.067525,0.000000,-0.000000,1.0000,,,TRACKING|w0 d0 L6
75.831432,129.088737833333,35.074464333333,508090.133,3881304.527,0.019,-2.675482,route_tangent,6,3.817,2.000,6,508086.985,3881306.686,-1.067525,0.000000,-0.000000,1.0000,,,TRACKING|w0 d0 L6
75.881475,129.088737833333,35.074464333333,508090.133,3881304.527,0.019,-2.675482,route_tangent,6,3.817,2.000,6,508086.985,3881306.686,-1.067525,0.000000,-0.000000,1.0000,,,TRACKING|w0 d0 L6
75.931614,129.088737833333,35.074464333333,508090.133,3881304.527,0.019,-2.675482,route_tangent,6,3.817,2.000,6,508086.985,3881306.686,-1.067525,0.000000,-0.000000,1.0000,,,TRACKING|w0 d0 L6
75.981428,129.088737833333,35.074464333333,508090.133,3881304.527,0.005,-2.675482,route_tangent,6,3.817,2.000,6,508086.985,3881306.686,-1.067525,0.000000,-0.000000,1.0000,,,TRACKING|w0 d0 L6
76.031400,129.088737833333,35.074464333333,508090.133,3881304.527,0.005,-2.675482,route_tangent,6,3.817,2.000,6,508086.985,3881306.686,-1.067525,0.000000,-0.000000,1.0000,,,TRACKING|w0 d0 L6
76.081420,129.088737833333,35.074464333333,508090.133,3881304.527,0.005,-2.675482,route_tangent,6,3.817,2.000,6,508086.985,3881306.686,-1.067525,0.000000,-0.000000,1.0000,,,TRACKING|w0 d0 L6
76.131448,129.088737833333,35.074464333333,508090.133,3881304.527,0.005,-2.675482,route_tangent,6,3.817,2.000,6,508086.985,3881306.686,-1.067525,0.000000,-0.000000,1.0000,,,TRACKING|w0 d0 L6
76.181427,129.088737833333,35.074464333333,508090.133,3881304.527,0.005,-2.675482,route_tangent,6,3.817,2.000,6,508086.985,3881306.686,-1.067525,0.000000,-0.000000,1.0000,,,TRACKING|w0 d0 L6
76.231422,129.088737833333,35.074464333333,508090.133,3881304.527,0.009,-2.675482,route_tangent,6,3.817,2.000,6,508086.985,3881306.686,-1.067525,0.000000,-0.000000,1.0000,,,TRACKING|w0 d0 L6
76.281411,129.088737833333,35.074464333333,508090.133,3881304.527,0.009,-2.675482,route_tangent,6,3.817,2.000,6,508086.985,3881306.686,-1.067525,0.000000,-0.000000,1.0000,,,TRACKING|w0 d0 L6
76.331459,129.088737833333,35.074464333333,508090.133,3881304.527,0.009,-2.675482,route_tangent,6,3.817,2.000,6,508086.985,3881306.686,-1.067525,0.000000,-0.000000,1.0000,,,TRACKING|w0 d0 L6
76.381477,129.088737833333,35.074464333333,508090.133,3881304.527,0.009,-2.675482,route_tangent,6,3.817,2.000,6,508086.985,3881306.686,-1.067525,0.000000,-0.000000,1.0000,,,TRACKING|w0 d0 L6
76.431476,129.088737833333,35.074464333333,508090.133,3881304.527,0.009,-2.675482,route_tangent,6,3.817,2.000,6,508086.985,3881306.686,-1.067525,0.000000,-0.000000,1.0000,,,TRACKING|w0 d0 L6
76.481486,129.088737833333,35.074464333333,508090.133,3881304.527,0.004,-2.675482,route_tangent,6,3.817,2.000,6,508086.985,3881306.686,-1.067525,0.000000,-0.000000,1.0000,,,TRACKING|w0 d0 L6
76.531419,129.088737833333,35.074464333333,508090.133,3881304.527,0.004,-2.675482,route_tangent,6,3.817,2.000,6,508086.985,3881306.686,-1.067525,0.000000,-0.000000,1.0000,,,TRACKING|w0 d0 L6
76.581630,129.088737833333,35.074464333333,508090.133,3881304.527,0.004,-2.675482,route_tangent,6,3.817,2.000,6,508086.985,3881306.686,-1.067525,0.000000,-0.000000,1.0000,,,TRACKING|w0 d0 L6
76.631466,129.088737833333,35.074464333333,508090.133,3881304.527,0.004,-2.675482,route_tangent,6,3.817,2.000,6,508086.985,3881306.686,-1.067525,0.000000,-0.000000,1.0000,,,TRACKING|w0 d0 L6
76.681670,129.088737833333,35.074464333333,508090.133,3881304.527,0.004,-2.675482,route_tangent,6,3.817,2.000,6,508086.985,3881306.686,-1.067525,0.000000,-0.000000,1.0000,,,TRACKING|w0 d0 L6
76.731430,129.088737666667,35.074464333333,508090.117,3881304.527,0.005,-2.675482,route_tangent,6,3.804,2.000,6,508086.985,3881306.686,-1.069787,0.000000,-0.000000,1.0000,,,TRACKING|w0 d0 L6
76.781456,129.088737666667,35.074464333333,508090.117,3881304.527,0.005,-2.675482,route_tangent,6,3.804,2.000,6,508086.985,3881306.686,-1.069787,0.000000,-0.000000,1.0000,,,TRACKING|w0 d0 L6
76.831488,129.088737666667,35.074464333333,508090.117,3881304.527,0.005,-2.675482,route_tangent,6,3.804,2.000,6,508086.985,3881306.686,-1.069787,0.000000,-0.000000,1.0000,,,TRACKING|w0 d0 L6
76.881744,129.088737666667,35.074464333333,508090.117,3881304.527,0.005,-2.675482,route_tangent,6,3.804,2.000,6,508086.985,3881306.686,-1.069787,0.000000,-0.000000,1.0000,,,TRACKING|w0 d0 L6
76.931432,129.088737666667,35.074464333333,508090.117,3881304.527,0.005,-2.675482,route_tangent,6,3.804,2.000,6,508086.985,3881306.686,-1.069787,0.000000,-0.000000,1.0000,,,TRACKING|w0 d0 L6
76.981581,129.088737666667,35.074464333333,508090.117,3881304.527,0.009,-2.675482,route_tangent,6,3.804,2.000,6,508086.985,3881306.686,-1.069787,0.000000,-0.000000,1.0000,,,TRACKING|w0 d0 L6
77.031468,129.088737666667,35.074464333333,508090.117,3881304.527,0.009,-2.675482,route_tangent,6,3.804,2.000,6,508086.985,3881306.686,-1.069787,0.000000,-0.000000,1.0000,,,TRACKING|w0 d0 L6
77.081469,129.088737666667,35.074464333333,508090.117,3881304.527,0.009,-2.675482,route_tangent,6,3.804,2.000,6,508086.985,3881306.686,-1.069787,0.000000,-0.000000,1.0000,,,TRACKING|w0 d0 L6
77.131754,129.088737666667,35.074464333333,508090.117,3881304.527,0.009,-2.675482,route_tangent,6,3.804,2.000,6,508086.985,3881306.686,-1.069787,0.000000,-0.000000,1.0000,,,TRACKING|w0 d0 L6
77.181487,129.088737666667,35.074464333333,508090.117,3881304.527,0.009,-2.675482,route_tangent,6,3.804,2.000,6,508086.985,3881306.686,-1.069787,0.000000,-0.000000,1.0000,,,TRACKING|w0 d0 L6
77.231403,129.088737666667,35.074464333333,508090.117,3881304.527,0.009,-2.675482,route_tangent,6,3.804,2.000,6,508086.985,3881306.686,-1.069787,0.000000,-0.000000,1.0000,,,TRACKING|w0 d0 L6
77.281661,129.088737666667,35.074464333333,508090.117,3881304.527,0.009,-2.675482,route_tangent,6,3.804,2.000,6,508086.985,3881306.686,-1.069787,0.000000,-0.000000,1.0000,,,TRACKING|w0 d0 L6
77.331490,129.088737666667,35.074464333333,508090.117,3881304.527,0.009,-2.675482,route_tangent,6,3.804,2.000,6,508086.985,3881306.686,-1.069787,0.000000,-0.000000,1.0000,,,TRACKING|w0 d0 L6
77.381518,129.088737666667,35.074464333333,508090.117,3881304.527,0.009,-2.675482,route_tangent,6,3.804,2.000,6,508086.985,3881306.686,-1.069787,0.000000,-0.000000,1.0000,,,TRACKING|w0 d0 L6
77.431587,129.088737666667,35.074464333333,508090.117,3881304.527,0.009,-2.675482,route_tangent,6,3.804,2.000,6,508086.985,3881306.686,-1.069787,0.000000,-0.000000,1.0000,,,TRACKING|w0 d0 L6
77.482400,129.088737666667,35.074464333333,508090.117,3881304.527,0.009,-2.675482,route_tangent,6,3.804,2.000,6,508086.985,3881306.686,-1.069787,0.000000,-0.000000,1.0000,,,TRACKING|w0 d0 L6
77.531414,129.088737666667,35.074464333333,508090.117,3881304.527,0.009,-2.675482,route_tangent,6,3.804,2.000,6,508086.985,3881306.686,-1.069787,0.000000,-0.000000,1.0000,,,TRACKING|w0 d0 L6
77.581496,129.088737666667,35.074464333333,508090.117,3881304.527,0.009,-2.675482,route_tangent,6,3.804,2.000,6,508086.985,3881306.686,-1.069787,0.000000,-0.000000,1.0000,,,TRACKING|w0 d0 L6
77.631436,129.088737666667,35.074464333333,508090.117,3881304.527,0.009,-2.675482,route_tangent,6,3.804,2.000,6,508086.985,3881306.686,-1.069787,0.000000,-0.000000,1.0000,,,TRACKING|w0 d0 L6
77.681423,129.088737666667,35.074464333333,508090.117,3881304.527,0.009,-2.675482,route_tangent,6,3.804,2.000,6,508086.985,3881306.686,-1.069787,0.000000,-0.000000,1.0000,,,TRACKING|w0 d0 L6
77.731410,129.088737666667,35.074464333333,508090.117,3881304.527,0.009,-2.675482,route_tangent,6,3.804,2.000,6,508086.985,3881306.686,-1.069787,0.000000,-0.000000,1.0000,,,TRACKING|w0 d0 L6
77.781450,129.088737666667,35.074464333333,508090.117,3881304.527,0.009,-2.675482,route_tangent,6,3.804,2.000,6,508086.985,3881306.686,-1.069787,0.000000,-0.000000,1.0000,,,TRACKING|w0 d0 L6
77.831483,129.088737666667,35.074464333333,508090.117,3881304.527,0.009,-2.675482,route_tangent,6,3.804,2.000,6,508086.985,3881306.686,-1.069787,0.000000,-0.000000,1.0000,,,TRACKING|w0 d0 L6
77.881561,129.088737666667,35.074464333333,508090.117,3881304.527,0.009,-2.675482,route_tangent,6,3.804,2.000,6,508086.985,3881306.686,-1.069787,0.000000,-0.000000,1.0000,,,TRACKING|w0 d0 L6
77.931461,129.088737666667,35.074464333333,508090.117,3881304.527,0.009,-2.675482,route_tangent,6,3.804,2.000,6,508086.985,3881306.686,-1.069787,0.000000,-0.000000,1.0000,,,TRACKING|w0 d0 L6
77.981429,129.088737666667,35.074464500000,508090.117,3881304.545,0.005,-2.675482,route_tangent,6,3.794,2.000,6,508086.985,3881306.686,-1.065779,0.000000,-0.000000,1.0000,,,TRACKING|w0 d0 L6
78.031417,129.088737666667,35.074464500000,508090.117,3881304.545,0.005,-2.675482,route_tangent,6,3.794,2.000,6,508086.985,3881306.686,-1.065779,0.000000,-0.000000,1.0000,,,TRACKING|w0 d0 L6
78.081436,129.088737666667,35.074464500000,508090.117,3881304.545,0.005,-2.675482,route_tangent,6,3.794,2.000,6,508086.985,3881306.686,-1.065779,0.000000,-0.000000,1.0000,,,TRACKING|w0 d0 L6
78.131424,129.088737666667,35.074464500000,508090.117,3881304.545,0.005,-2.675482,route_tangent,6,3.794,2.000,6,508086.985,3881306.686,-1.065779,0.000000,-0.000000,1.0000,,,TRACKING|w0 d0 L6
78.181431,129.088737666667,35.074464500000,508090.117,3881304.545,0.005,-2.675482,route_tangent,6,3.794,2.000,6,508086.985,3881306.686,-1.065779,0.000000,-0.000000,1.0000,,,TRACKING|w0 d0 L6
78.231434,129.088737833333,35.074464333333,508090.133,3881304.527,0.008,-2.675482,route_tangent,6,3.817,2.000,6,508086.985,3881306.686,-1.067525,0.000000,-0.000000,1.0000,,,TRACKING|w0 d0 L6
78.281433,129.088737833333,35.074464333333,508090.133,3881304.527,0.008,-2.675482,route_tangent,6,3.817,2.000,6,508086.985,3881306.686,-1.067525,0.000000,-0.000000,1.0000,,,TRACKING|w0 d0 L6
78.331420,129.088737833333,35.074464333333,508090.133,3881304.527,0.008,-2.675482,route_tangent,6,3.817,2.000,6,508086.985,3881306.686,-1.067525,0.000000,-0.000000,1.0000,,,TRACKING|w0 d0 L6
78.381441,129.088737833333,35.074464333333,508090.133,3881304.527,0.008,-2.675482,route_tangent,6,3.817,2.000,6,508086.985,3881306.686,-1.067525,0.000000,-0.000000,1.0000,,,TRACKING|w0 d0 L6
78.431441,129.088737833333,35.074464333333,508090.133,3881304.527,0.008,-2.675482,route_tangent,6,3.817,2.000,6,508086.985,3881306.686,-1.067525,0.000000,-0.000000,1.0000,,,TRACKING|w0 d0 L6
78.481540,129.088737833333,35.074464500000,508090.133,3881304.545,0.008,-2.675482,route_tangent,6,3.807,2.000,6,508086.985,3881306.686,-1.063523,0.000000,-0.000000,1.0000,,,TRACKING|w0 d0 L6
78.531455,129.088737833333,35.074464500000,508090.133,3881304.545,0.008,-2.675482,route_tangent,6,3.807,2.000,6,508086.985,3881306.686,-1.063523,0.000000,-0.000000,1.0000,,,TRACKING|w0 d0 L6
78.581695,129.088737833333,35.074464500000,508090.133,3881304.545,0.008,-2.675482,route_tangent,6,3.807,2.000,6,508086.985,3881306.686,-1.063523,0.000000,-0.000000,1.0000,,,TRACKING|w0 d0 L6
78.631473,129.088737833333,35.074464500000,508090.133,3881304.545,0.008,-2.675482,route_tangent,6,3.807,2.000,6,508086.985,3881306.686,-1.063523,0.000000,-0.000000,1.0000,,,TRACKING|w0 d0 L6
78.681433,129.088737833333,35.074464500000,508090.133,3881304.545,0.008,-2.675482,route_tangent,6,3.807,2.000,6,508086.985,3881306.686,-1.063523,0.000000,-0.000000,1.0000,,,TRACKING|w0 d0 L6
78.731439,129.088737666667,35.074464500000,508090.117,3881304.545,0.008,-2.675482,route_tangent,6,3.794,2.000,6,508086.985,3881306.686,-1.065779,0.000000,-0.000000,1.0000,,,TRACKING|w0 d0 L6
78.781482,129.088737666667,35.074464500000,508090.117,3881304.545,0.008,-2.675482,route_tangent,6,3.794,2.000,6,508086.985,3881306.686,-1.065779,0.000000,-0.000000,1.0000,,,TRACKING|w0 d0 L6
78.831473,129.088737666667,35.074464500000,508090.117,3881304.545,0.008,-2.675482,route_tangent,6,3.794,2.000,6,508086.985,3881306.686,-1.065779,0.000000,-0.000000,1.0000,,,TRACKING|w0 d0 L6
78.881462,129.088737666667,35.074464500000,508090.117,3881304.545,0.008,-2.675482,route_tangent,6,3.794,2.000,6,508086.985,3881306.686,-1.065779,0.000000,-0.000000,1.0000,,,TRACKING|w0 d0 L6
78.931535,129.088737666667,35.074464500000,508090.117,3881304.545,0.008,-2.675482,route_tangent,6,3.794,2.000,6,508086.985,3881306.686,-1.065779,0.000000,-0.000000,1.0000,,,TRACKING|w0 d0 L6
78.981579,129.088737666667,35.074464500000,508090.117,3881304.545,0.016,-2.675482,route_tangent,6,3.794,2.000,6,508086.985,3881306.686,-1.065779,0.000000,-0.000000,1.0000,,,TRACKING|w0 d0 L6
79.031472,129.088737666667,35.074464500000,508090.117,3881304.545,0.016,-2.675482,route_tangent,6,3.794,2.000,6,508086.985,3881306.686,-1.065779,0.000000,-0.000000,1.0000,,,TRACKING|w0 d0 L6
79.081447,129.088737666667,35.074464500000,508090.117,3881304.545,0.016,-2.675482,route_tangent,6,3.794,2.000,6,508086.985,3881306.686,-1.065779,0.000000,-0.000000,1.0000,,,TRACKING|w0 d0 L6
79.131460,129.088737666667,35.074464500000,508090.117,3881304.545,0.016,-2.675482,route_tangent,6,3.794,2.000,6,508086.985,3881306.686,-1.065779,0.000000,-0.000000,1.0000,,,TRACKING|w0 d0 L6
79.181436,129.088737666667,35.074464500000,508090.117,3881304.545,0.016,-2.675482,route_tangent,6,3.794,2.000,6,508086.985,3881306.686,-1.065779,0.000000,-0.000000,1.0000,,,TRACKING|w0 d0 L6
79.231464,129.088737666667,35.074464500000,508090.117,3881304.545,0.008,-2.675482,route_tangent,6,3.794,2.000,6,508086.985,3881306.686,-1.065779,0.000000,-0.000000,1.0000,,,TRACKING|w0 d0 L6
79.281485,129.088737666667,35.074464500000,508090.117,3881304.545,0.008,-2.675482,route_tangent,6,3.794,2.000,6,508086.985,3881306.686,-1.065779,0.000000,-0.000000,1.0000,,,TRACKING|w0 d0 L6
79.331461,129.088737666667,35.074464500000,508090.117,3881304.545,0.008,-2.675482,route_tangent,6,3.794,2.000,6,508086.985,3881306.686,-1.065779,0.000000,-0.000000,1.0000,,,TRACKING|w0 d0 L6
79.381644,129.088737666667,35.074464500000,508090.117,3881304.545,0.008,-2.675482,route_tangent,6,3.794,2.000,6,508086.985,3881306.686,-1.065779,0.000000,-0.000000,1.0000,,,TRACKING|w0 d0 L6
79.431497,129.088737666667,35.074464500000,508090.117,3881304.545,0.008,-2.675482,route_tangent,6,3.794,2.000,6,508086.985,3881306.686,-1.065779,0.000000,-0.000000,1.0000,,,TRACKING|w0 d0 L6
79.481511,129.088737666667,35.074464500000,508090.117,3881304.545,0.011,-2.675482,route_tangent,6,3.794,2.000,6,508086.985,3881306.686,-1.065779,0.000000,-0.000000,1.0000,,,TRACKING|w0 d0 L6
79.531441,129.088737666667,35.074464500000,508090.117,3881304.545,0.011,-2.675482,route_tangent,6,3.794,2.000,6,508086.985,3881306.686,-1.065779,0.000000,-0.000000,1.0000,,,TRACKING|w0 d0 L6
79.581610,129.088737666667,35.074464500000,508090.117,3881304.545,0.011,-2.675482,route_tangent,6,3.794,2.000,6,508086.985,3881306.686,-1.065779,0.000000,-0.000000,1.0000,,,TRACKING|w0 d0 L6
79.631539,129.088737666667,35.074464500000,508090.117,3881304.545,0.011,-2.675482,route_tangent,6,3.794,2.000,6,508086.985,3881306.686,-1.065779,0.000000,-0.000000,1.0000,,,TRACKING|w0 d0 L6
79.681466,129.088737666667,35.074464500000,508090.117,3881304.545,0.011,-2.675482,route_tangent,6,3.794,2.000,6,508086.985,3881306.686,-1.065779,0.000000,-0.000000,1.0000,,,TRACKING|w0 d0 L6
79.731588,129.088737666667,35.074464500000,508090.117,3881304.545,0.010,-2.675482,route_tangent,6,3.794,2.000,6,508086.985,3881306.686,-1.065779,0.000000,-0.000000,1.0000,,,TRACKING|w0 d0 L6
79.781436,129.088737666667,35.074464500000,508090.117,3881304.545,0.010,-2.675482,route_tangent,6,3.794,2.000,6,508086.985,3881306.686,-1.065779,0.000000,-0.000000,1.0000,,,TRACKING|w0 d0 L6
79.831447,129.088737666667,35.074464500000,508090.117,3881304.545,0.010,-2.675482,route_tangent,6,3.794,2.000,6,508086.985,3881306.686,-1.065779,0.000000,-0.000000,1.0000,,,TRACKING|w0 d0 L6
79.881579,129.088737666667,35.074464500000,508090.117,3881304.545,0.010,-2.675482,route_tangent,6,3.794,2.000,6,508086.985,3881306.686,-1.065779,0.000000,-0.000000,1.0000,,,TRACKING|w0 d0 L6
79.931658,129.088737666667,35.074464500000,508090.117,3881304.545,0.010,-2.675482,route_tangent,6,3.794,2.000,6,508086.985,3881306.686,-1.065779,0.000000,-0.000000,1.0000,,,TRACKING|w0 d0 L6
79.982041,129.088737833333,35.074464500000,508090.133,3881304.545,0.016,-2.675482,route_tangent,6,3.807,2.000,6,508086.985,3881306.686,-1.063523,0.000000,-0.000000,1.0000,,,TRACKING|w0 d0 L6
80.032447,129.088737833333,35.074464500000,508090.133,3881304.545,0.016,-2.675482,route_tangent,6,3.807,2.000,6,508086.985,3881306.686,-1.063523,0.000000,-0.000000,1.0000,,,TRACKING|w0 d0 L6
80.081412,129.088737833333,35.074464500000,508090.133,3881304.545,0.016,-2.675482,route_tangent,6,3.807,2.000,6,508086.985,3881306.686,-1.063523,0.000000,-0.000000,1.0000,,,TRACKING|w0 d0 L6
80.131413,129.088737833333,35.074464500000,508090.133,3881304.545,0.016,-2.675482,route_tangent,6,3.807,2.000,6,508086.985,3881306.686,-1.063523,0.000000,-0.000000,1.0000,,,TRACKING|w0 d0 L6
80.181440,129.088737833333,35.074464500000,508090.133,3881304.545,0.016,-2.675482,route_tangent,6,3.807,2.000,6,508086.985,3881306.686,-1.063523,0.000000,-0.000000,1.0000,,,TRACKING|w0 d0 L6
80.231430,129.088737666667,35.074464500000,508090.117,3881304.545,0.011,-2.675482,route_tangent,6,3.794,2.000,6,508086.985,3881306.686,-1.065779,0.000000,-0.000000,1.0000,,,TRACKING|w0 d0 L6
80.281474,129.088737666667,35.074464500000,508090.117,3881304.545,0.011,-2.675482,route_tangent,6,3.794,2.000,6,508086.985,3881306.686,-1.065779,0.000000,-0.000000,1.0000,,,TRACKING|w0 d0 L6
80.331435,129.088737666667,35.074464500000,508090.117,3881304.545,0.011,-2.675482,route_tangent,6,3.794,2.000,6,508086.985,3881306.686,-1.065779,0.000000,-0.000000,1.0000,,,TRACKING|w0 d0 L6
80.381472,129.088737666667,35.074464500000,508090.117,3881304.545,0.011,-2.675482,route_tangent,6,3.794,2.000,6,508086.985,3881306.686,-1.065779,0.000000,-0.000000,1.0000,,,TRACKING|w0 d0 L6
80.431633,129.088737666667,35.074464500000,508090.117,3881304.545,0.011,-2.675482,route_tangent,6,3.794,2.000,6,508086.985,3881306.686,-1.065779,0.000000,-0.000000,1.0000,,,TRACKING|w0 d0 L6
80.481446,129.088737666667,35.074464500000,508090.117,3881304.545,0.012,-2.675482,route_tangent,6,3.794,2.000,6,508086.985,3881306.686,-1.065779,0.000000,-0.000000,1.0000,,,TRACKING|w0 d0 L6
80.531434,129.088737666667,35.074464500000,508090.117,3881304.545,0.012,-2.675482,route_tangent,6,3.794,2.000,6,508086.985,3881306.686,-1.065779,0.000000,-0.000000,1.0000,,,TRACKING|w0 d0 L6
80.581438,129.088737666667,35.074464500000,508090.117,3881304.545,0.012,-2.675482,route_tangent,6,3.794,2.000,6,508086.985,3881306.686,-1.065779,0.000000,-0.000000,1.0000,,,TRACKING|w0 d0 L6
80.631442,129.088737666667,35.074464500000,508090.117,3881304.545,0.012,-2.675482,route_tangent,6,3.794,2.000,6,508086.985,3881306.686,-1.065779,0.000000,-0.000000,1.0000,,,TRACKING|w0 d0 L6
80.681559,129.088737666667,35.074464500000,508090.117,3881304.545,0.012,-2.675482,route_tangent,6,3.794,2.000,6,508086.985,3881306.686,-1.065779,0.000000,-0.000000,1.0000,,,TRACKING|w0 d0 L6
80.731479,129.088737666667,35.074464500000,508090.117,3881304.545,0.005,-2.675482,route_tangent,6,3.794,2.000,6,508086.985,3881306.686,-1.065779,0.000000,-0.000000,1.0000,,,TRACKING|w0 d0 L6
80.781579,129.088737666667,35.074464500000,508090.117,3881304.545,0.005,-2.675482,route_tangent,6,3.794,2.000,6,508086.985,3881306.686,-1.065779,0.000000,-0.000000,1.0000,,,TRACKING|w0 d0 L6
80.831434,129.088737666667,35.074464500000,508090.117,3881304.545,0.005,-2.675482,route_tangent,6,3.794,2.000,6,508086.985,3881306.686,-1.065779,0.000000,-0.000000,1.0000,,,TRACKING|w0 d0 L6
80.881464,129.088737666667,35.074464500000,508090.117,3881304.545,0.005,-2.675482,route_tangent,6,3.794,2.000,6,508086.985,3881306.686,-1.065779,0.000000,-0.000000,1.0000,,,TRACKING|w0 d0 L6
80.931441,129.088737666667,35.074464500000,508090.117,3881304.545,0.005,-2.675482,route_tangent,6,3.794,2.000,6,508086.985,3881306.686,-1.065779,0.000000,-0.000000,1.0000,,,TRACKING|w0 d0 L6
80.981601,129.088738166667,35.074464500000,508090.163,3881304.545,0.102,0.716765,gps_course,6,3.832,2.000,6,508086.985,3881306.686,1.831882,-0.260000,-0.030096,1.0000,,,TRACKING|w0 d0 L6
81.031881,129.088738166667,35.074464500000,508090.163,3881304.545,0.102,0.716765,gps_course,6,3.832,2.000,6,508086.985,3881306.686,1.831882,-0.260000,-0.060264,1.0000,,,TRACKING|w0 d0 L6
81.081443,129.088738166667,35.074464500000,508090.163,3881304.545,0.102,0.716765,gps_course,6,3.832,2.000,6,508086.985,3881306.686,1.831882,-0.260000,-0.090001,1.0000,,,TRACKING|w0 d0 L6
81.131429,129.088738166667,35.074464500000,508090.163,3881304.545,0.102,0.716765,gps_course,6,3.832,2.000,6,508086.985,3881306.686,1.831882,-0.260000,-0.119993,1.0000,,,TRACKING|w0 d0 L6
81.181455,129.088738166667,35.074464500000,508090.163,3881304.545,0.102,0.716765,gps_course,6,3.832,2.000,6,508086.985,3881306.686,1.831882,-0.260000,-0.150009,1.0000,,,TRACKING|w0 d0 L6
81.231426,129.088738666667,35.074464833333,508090.209,3881304.582,0.275,0.539307,gps_course,6,3.849,2.000,6,508086.985,3881306.686,2.023927,-0.260000,-0.179991,1.0000,,,TRACKING|w0 d0 L6
81.281585,129.088738666667,35.074464833333,508090.209,3881304.582,0.275,0.539307,gps_course,6,3.849,2.000,6,508086.985,3881306.686,2.023927,-0.260000,-0.210087,1.0000,,,TRACKING|w0 d0 L6
81.331443,129.088738666667,35.074464833333,508090.209,3881304.582,0.275,0.539307,gps_course,6,3.849,2.000,6,508086.985,3881306.686,2.023927,-0.260000,-0.230052,1.0000,,,TRACKING|w0 d0 L6
81.381546,129.088738666667,35.074464833333,508090.209,3881304.582,0.275,0.539307,gps_course,6,3.849,2.000,6,508086.985,3881306.686,2.023927,-0.260000,-0.242031,1.0000,,,TRACKING|w0 d0 L6
81.431438,129.088738666667,35.074464833333,508090.209,3881304.582,0.275,0.539307,gps_course,6,3.849,2.000,6,508086.985,3881306.686,2.023927,-0.260000,-0.249219,1.0000,,,TRACKING|w0 d0 L6
81.481448,129.088738833333,35.074465000000,508090.224,3881304.601,0.091,0.539307,gps_course,6,3.852,2.000,6,508086.985,3881306.686,2.030102,-0.260000,-0.253531,1.0000,,,TRACKING|w0 d0 L6
81.531584,129.088738833333,35.074465000000,508090.224,3881304.601,0.091,0.539307,gps_course,6,3.852,2.000,6,508086.985,3881306.686,2.030102,-0.260000,-0.256119,1.0000,,,TRACKING|w0 d0 L6
81.581459,129.088738833333,35.074465000000,508090.224,3881304.601,0.091,0.539307,gps_course,6,3.852,2.000,6,508086.985,3881306.686,2.030102,-0.260000,-0.257671,1.0000,,,TRACKING|w0 d0 L6
81.631445,129.088738833333,35.074465000000,508090.224,3881304.601,0.091,0.539307,gps_course,6,3.852,2.000,6,508086.985,3881306.686,2.030102,-0.260000,-0.258603,1.0000,,,TRACKING|w0 d0 L6
81.681567,129.088738833333,35.074465000000,508090.224,3881304.601,0.091,0.539307,gps_course,6,3.852,2.000,6,508086.985,3881306.686,2.030102,-0.260000,-0.259162,1.0000,,,TRACKING|w0 d0 L6
81.731447,129.088739000000,35.074464833333,508090.239,3881304.582,0.022,0.539307,gps_course,6,3.875,2.000,6,508086.985,3881306.686,2.028220,-0.260000,-0.259497,1.0000,,,TRACKING|w0 d0 L6
81.781518,129.088739000000,35.074464833333,508090.239,3881304.582,0.022,0.539307,gps_course,6,3.875,2.000,6,508086.985,3881306.686,2.028220,-0.260000,-0.259698,1.0000,,,TRACKING|w0 d0 L6
81.831648,129.088739000000,35.074464833333,508090.239,3881304.582,0.022,0.539307,gps_course,6,3.875,2.000,6,508086.985,3881306.686,2.028220,-0.260000,-0.259819,1.0000,,,TRACKING|w0 d0 L6
81.881478,129.088739000000,35.074464833333,508090.239,3881304.582,0.022,0.539307,gps_course,6,3.875,2.000,6,508086.985,3881306.686,2.028220,-0.260000,-0.259891,1.0000,,,TRACKING|w0 d0 L6
81.931814,129.088739000000,35.074464833333,508090.239,3881304.582,0.022,0.539307,gps_course,6,3.875,2.000,6,508086.985,3881306.686,2.028220,-0.260000,-0.259935,1.0000,,,TRACKING|w0 d0 L6
81.981817,129.088739000000,35.074464833333,508090.239,3881304.582,0.017,0.539307,gps_course,6,3.875,2.000,6,508086.985,3881306.686,2.028220,-0.260000,-0.259961,1.0000,,,TRACKING|w0 d0 L6
82.031601,129.088739000000,35.074464833333,508090.239,3881304.582,0.017,0.539307,gps_course,6,3.875,2.000,6,508086.985,3881306.686,2.028220,-0.260000,-0.259977,1.0000,,,TRACKING|w0 d0 L6
82.081452,129.088739000000,35.074464833333,508090.239,3881304.582,0.017,0.539307,gps_course,6,3.875,2.000,6,508086.985,3881306.686,2.028220,-0.260000,-0.259986,1.0000,,,TRACKING|w0 d0 L6
82.131488,129.088739000000,35.074464833333,508090.239,3881304.582,0.017,0.539307,gps_course,6,3.875,2.000,6,508086.985,3881306.686,2.028220,-0.260000,-0.259992,1.0000,,,TRACKING|w0 d0 L6
82.181456,129.088739000000,35.074464833333,508090.239,3881304.582,0.017,0.539307,gps_course,6,3.875,2.000,6,508086.985,3881306.686,2.028220,-0.260000,-0.259995,1.0000,,,TRACKING|w0 d0 L6
82.231525,129.088738833333,35.074464833333,508090.224,3881304.582,0.028,0.539307,gps_course,6,3.862,2.000,6,508086.985,3881306.686,2.026081,-0.260000,-0.259997,1.0000,,,TRACKING|w0 d0 L6
82.281653,129.088738833333,35.074464833333,508090.224,3881304.582,0.028,0.539307,gps_course,6,3.862,2.000,6,508086.985,3881306.686,2.026081,-0.260000,-0.259998,1.0000,,,TRACKING|w0 d0 L6
82.331411,129.088738833333,35.074464833333,508090.224,3881304.582,0.028,0.539307,gps_course,6,3.862,2.000,6,508086.985,3881306.686,2.026081,-0.260000,-0.259999,1.0000,,,TRACKING|w0 d0 L6
82.381629,129.088738833333,35.074464833333,508090.224,3881304.582,0.028,0.539307,gps_course,6,3.862,2.000,6,508086.985,3881306.686,2.026081,-0.260000,-0.259999,1.0000,,,TRACKING|w0 d0 L6
82.431518,129.088738833333,35.074464833333,508090.224,3881304.582,0.028,0.539307,gps_course,6,3.862,2.000,6,508086.985,3881306.686,2.026081,-0.260000,-0.260000,1.0000,,,TRACKING|w0 d0 L6
82.481387,129.088738833333,35.074464833333,508090.224,3881304.582,0.016,0.539307,gps_course,6,3.862,2.000,6,508086.985,3881306.686,2.026081,-0.260000,-0.260000,1.0000,,,TRACKING|w0 d0 L6
82.531459,129.088738833333,35.074464833333,508090.224,3881304.582,0.016,0.539307,gps_course,6,3.862,2.000,6,508086.985,3881306.686,2.026081,-0.260000,-0.260000,1.0000,,,TRACKING|w0 d0 L6
82.581481,129.088738833333,35.074464833333,508090.224,3881304.582,0.016,0.539307,gps_course,6,3.862,2.000,6,508086.985,3881306.686,2.026081,-0.260000,-0.260000,1.0000,,,TRACKING|w0 d0 L6
82.631427,129.088738833333,35.074464833333,508090.224,3881304.582,0.016,0.539307,gps_course,6,3.862,2.000,6,508086.985,3881306.686,2.026081,-0.260000,-0.260000,1.0000,,,TRACKING|w0 d0 L6
82.681410,129.088738833333,35.074464833333,508090.224,3881304.582,0.016,0.539307,gps_course,6,3.862,2.000,6,508086.985,3881306.686,2.026081,-0.260000,-0.260000,1.0000,,,TRACKING|w0 d0 L6
82.731437,129.088738833333,35.074464833333,508090.224,3881304.582,0.002,0.539307,gps_course,6,3.862,2.000,6,508086.985,3881306.686,2.026081,-0.260000,-0.260000,1.0000,,,TRACKING|w0 d0 L6
82.781492,129.088738833333,35.074464833333,508090.224,3881304.582,0.002,0.539307,gps_course,6,3.862,2.000,6,508086.985,3881306.686,2.026081,-0.260000,-0.260000,1.0000,,,TRACKING|w0 d0 L6
82.831462,129.088738833333,35.074464833333,508090.224,3881304.582,0.002,0.539307,gps_course,6,3.862,2.000,6,508086.985,3881306.686,2.026081,-0.260000,-0.260000,1.0000,,,TRACKING|w0 d0 L6
82.881385,129.088738833333,35.074464833333,508090.224,3881304.582,0.002,0.539307,gps_course,6,3.862,2.000,6,508086.985,3881306.686,2.026081,-0.260000,-0.260000,1.0000,,,TRACKING|w0 d0 L6
82.931429,129.088738833333,35.074464833333,508090.224,3881304.582,0.002,0.539307,gps_course,6,3.862,2.000,6,508086.985,3881306.686,2.026081,-0.260000,-0.260000,1.0000,,,TRACKING|w0 d0 L6
82.981435,129.088738833333,35.074464833333,508090.224,3881304.582,0.016,0.539307,gps_course,6,3.862,2.000,6,508086.985,3881306.686,2.026081,-0.260000,-0.260000,1.0000,,,TRACKING|w0 d0 L6
83.032122,129.088738833333,35.074464833333,508090.224,3881304.582,0.016,0.539307,gps_course,6,3.862,2.000,6,508086.985,3881306.686,2.026081,-0.260000,-0.260000,1.0000,,,TRACKING|w0 d0 L6
83.081452,129.088738833333,35.074464833333,508090.224,3881304.582,0.016,0.539307,gps_course,6,3.862,2.000,6,508086.985,3881306.686,2.026081,-0.260000,-0.260000,1.0000,,,TRACKING|w0 d0 L6
83.131417,129.088738833333,35.074464833333,508090.224,3881304.582,0.016,0.539307,gps_course,6,3.862,2.000,6,508086.985,3881306.686,2.026081,-0.260000,-0.260000,1.0000,,,TRACKING|w0 d0 L6
83.181425,129.088738833333,35.074464833333,508090.224,3881304.582,0.016,0.539307,gps_course,6,3.862,2.000,6,508086.985,3881306.686,2.026081,-0.260000,-0.260000,1.0000,,,TRACKING|w0 d0 L6
83.231412,129.088738833333,35.074464833333,508090.224,3881304.582,0.012,0.539307,gps_course,6,3.862,2.000,6,508086.985,3881306.686,2.026081,-0.260000,-0.260000,1.0000,,,TRACKING|w0 d0 L6
83.281465,129.088738833333,35.074464833333,508090.224,3881304.582,0.012,0.539307,gps_course,6,3.862,2.000,6,508086.985,3881306.686,2.026081,-0.260000,-0.260000,1.0000,,,TRACKING|w0 d0 L6
83.331449,129.088738833333,35.074464833333,508090.224,3881304.582,0.012,0.539307,gps_course,6,3.862,2.000,6,508086.985,3881306.686,2.026081,-0.260000,-0.260000,1.0000,,,TRACKING|w0 d0 L6
83.381654,129.088738833333,35.074464833333,508090.224,3881304.582,0.012,0.539307,gps_course,6,3.862,2.000,6,508086.985,3881306.686,2.026081,-0.260000,-0.260000,1.0000,,,TRACKING|w0 d0 L6
83.431430,129.088738833333,35.074464833333,508090.224,3881304.582,0.012,0.539307,gps_course,6,3.862,2.000,6,508086.985,3881306.686,2.026081,-0.260000,-0.260000,1.0000,,,TRACKING|w0 d0 L6
83.481663,129.088738833333,35.074464833333,508090.224,3881304.582,0.007,0.539307,gps_course,6,3.862,2.000,6,508086.985,3881306.686,2.026081,-0.260000,-0.260000,1.0000,,,TRACKING|w0 d0 L6
83.531411,129.088738833333,35.074464833333,508090.224,3881304.582,0.007,0.539307,gps_course,6,3.862,2.000,6,508086.985,3881306.686,2.026081,-0.260000,-0.260000,1.0000,,,TRACKING|w0 d0 L6
83.581436,129.088738833333,35.074464833333,508090.224,3881304.582,0.007,0.539307,gps_course,6,3.862,2.000,6,508086.985,3881306.686,2.026081,-0.260000,-0.260000,1.0000,,,TRACKING|w0 d0 L6
83.631446,129.088738833333,35.074464833333,508090.224,3881304.582,0.007,0.539307,gps_course,6,3.862,2.000,6,508086.985,3881306.686,2.026081,-0.260000,-0.260000,1.0000,,,TRACKING|w0 d0 L6
83.681427,129.088738833333,35.074464833333,508090.224,3881304.582,0.007,0.539307,gps_course,6,3.862,2.000,6,508086.985,3881306.686,2.026081,-0.260000,-0.260000,1.0000,,,TRACKING|w0 d0 L6
83.731442,129.088738833333,35.074464833333,508090.224,3881304.582,0.010,0.539307,gps_course,6,3.862,2.000,6,508086.985,3881306.686,2.026081,-0.260000,-0.260000,1.0000,,,TRACKING|w0 d0 L6
83.781638,129.088738833333,35.074464833333,508090.224,3881304.582,0.010,0.539307,gps_course,6,3.862,2.000,6,508086.985,3881306.686,2.026081,-0.260000,-0.260000,1.0000,,,TRACKING|w0 d0 L6
83.831463,129.088738833333,35.074464833333,508090.224,3881304.582,0.010,0.539307,gps_course,6,3.862,2.000,6,508086.985,3881306.686,2.026081,-0.260000,-0.260000,1.0000,,,TRACKING|w0 d0 L6
83.881587,129.088738833333,35.074464833333,508090.224,3881304.582,0.010,0.539307,gps_course,6,3.862,2.000,6,508086.985,3881306.686,2.026081,-0.260000,-0.260000,1.0000,,,TRACKING|w0 d0 L6
83.931400,129.088738833333,35.074464833333,508090.224,3881304.582,0.010,0.539307,gps_course,6,3.862,2.000,6,508086.985,3881306.686,2.026081,-0.260000,-0.260000,1.0000,,,TRACKING|w0 d0 L6
83.981655,129.088738833333,35.074464833333,508090.224,3881304.582,0.004,0.539307,gps_course,6,3.862,2.000,6,508086.985,3881306.686,2.026081,-0.260000,-0.260000,1.0000,,,TRACKING|w0 d0 L6
84.031414,129.088738833333,35.074464833333,508090.224,3881304.582,0.004,0.539307,gps_course,6,3.862,2.000,6,508086.985,3881306.686,2.026081,-0.260000,-0.260000,1.0000,,,TRACKING|w0 d0 L6
84.081476,129.088738833333,35.074464833333,508090.224,3881304.582,0.004,0.539307,gps_course,6,3.862,2.000,6,508086.985,3881306.686,2.026081,-0.260000,-0.260000,1.0000,,,TRACKING|w0 d0 L6
84.131417,129.088738833333,35.074464833333,508090.224,3881304.582,0.004,0.539307,gps_course,6,3.862,2.000,6,508086.985,3881306.686,2.026081,-0.260000,-0.260000,1.0000,,,TRACKING|w0 d0 L6
84.181437,129.088738833333,35.074464833333,508090.224,3881304.582,0.004,0.539307,gps_course,6,3.862,2.000,6,508086.985,3881306.686,2.026081,-0.260000,-0.260000,1.0000,,,TRACKING|w0 d0 L6
84.231428,129.088738833333,35.074464833333,508090.224,3881304.582,0.024,-2.675482,route_tangent,6,3.862,2.000,6,508086.985,3881306.686,-1.042316,0.000000,-0.230006,1.0000,,,TRACKING|w0 d0 L6
84.281437,129.088738833333,35.074464833333,508090.224,3881304.582,0.024,-2.675482,route_tangent,6,3.862,2.000,6,508086.985,3881306.686,-1.042316,0.000000,-0.200000,1.0000,,,TRACKING|w0 d0 L6
84.331432,129.088738833333,35.074464833333,508090.224,3881304.582,0.024,-2.675482,route_tangent,6,3.862,2.000,6,508086.985,3881306.686,-1.042316,0.000000,-0.170003,1.0000,,,TRACKING|w0 d0 L6
84.381413,129.088738833333,35.074464833333,508090.224,3881304.582,0.024,-2.675482,route_tangent,6,3.862,2.000,6,508086.985,3881306.686,-1.042316,0.000000,-0.140014,1.0000,,,TRACKING|w0 d0 L6
84.431425,129.088738833333,35.074464833333,508090.224,3881304.582,0.024,-2.675482,route_tangent,6,3.862,2.000,6,508086.985,3881306.686,-1.042316,0.000000,-0.110007,1.0000,,,TRACKING|w0 d0 L6
84.481434,129.088738833333,35.074464833333,508090.224,3881304.582,0.009,-2.675482,route_tangent,6,3.862,2.000,6,508086.985,3881306.686,-1.042316,0.000000,-0.080002,1.0000,,,TRACKING|w0 d0 L6
84.531546,129.088738833333,35.074464833333,508090.224,3881304.582,0.009,-2.675482,route_tangent,6,3.862,2.000,6,508086.985,3881306.686,-1.042316,0.000000,-0.049935,1.0000,,,TRACKING|w0 d0 L6
84.581464,129.088738833333,35.074464833333,508090.224,3881304.582,0.009,-2.675482,route_tangent,6,3.862,2.000,6,508086.985,3881306.686,-1.042316,0.000000,-0.029961,1.0000,,,TRACKING|w0 d0 L6
84.631451,129.088738833333,35.074464833333,508090.224,3881304.582,0.009,-2.675482,route_tangent,6,3.862,2.000,6,508086.985,3881306.686,-1.042316,0.000000,-0.017977,1.0000,,,TRACKING|w0 d0 L6
84.681514,129.088738833333,35.074464833333,508090.224,3881304.582,0.009,-2.675482,route_tangent,6,3.862,2.000,6,508086.985,3881306.686,-1.042316,0.000000,-0.010786,1.0000,,,TRACKING|w0 d0 L6
84.731734,129.088738833333,35.074464833333,508090.224,3881304.582,0.008,-2.675482,route_tangent,6,3.862,2.000,6,508086.985,3881306.686,-1.042316,0.000000,-0.006472,1.0000,,,TRACKING|w0 d0 L6
84.781530,129.088738833333,35.074464833333,508090.224,3881304.582,0.008,-2.675482,route_tangent,6,3.862,2.000,6,508086.985,3881306.686,-1.042316,0.000000,-0.003883,1.0000,,,TRACKING|w0 d0 L6
84.831395,129.088738833333,35.074464833333,508090.224,3881304.582,0.008,-2.675482,route_tangent,6,3.862,2.000,6,508086.985,3881306.686,-1.042316,0.000000,-0.002330,1.0000,,,TRACKING|w0 d0 L6
84.881605,129.088738833333,35.074464833333,508090.224,3881304.582,0.008,-2.675482,route_tangent,6,3.862,2.000,6,508086.985,3881306.686,-1.042316,0.000000,-0.001398,1.0000,,,TRACKING|w0 d0 L6
84.931416,129.088738833333,35.074464833333,508090.224,3881304.582,0.008,-2.675482,route_tangent,6,3.862,2.000,6,508086.985,3881306.686,-1.042316,0.000000,-0.000839,1.0000,,,TRACKING|w0 d0 L6
84.981418,129.088738833333,35.074464833333,508090.224,3881304.582,0.016,-2.675482,route_tangent,6,3.862,2.000,6,508086.985,3881306.686,-1.042316,0.000000,-0.000503,1.0000,,,TRACKING|w0 d0 L6
85.031395,129.088738833333,35.074464833333,508090.224,3881304.582,0.016,-2.675482,route_tangent,6,3.862,2.000,6,508086.985,3881306.686,-1.042316,0.000000,-0.000302,1.0000,,,TRACKING|w0 d0 L6
85.081451,129.088738833333,35.074464833333,508090.224,3881304.582,0.016,-2.675482,route_tangent,6,3.862,2.000,6,508086.985,3881306.686,-1.042316,0.000000,-0.000181,1.0000,,,TRACKING|w0 d0 L6
85.131429,129.088738833333,35.074464833333,508090.224,3881304.582,0.016,-2.675482,route_tangent,6,3.862,2.000,6,508086.985,3881306.686,-1.042316,0.000000,-0.000109,1.0000,,,TRACKING|w0 d0 L6
85.181425,129.088738833333,35.074464833333,508090.224,3881304.582,0.016,-2.675482,route_tangent,6,3.862,2.000,6,508086.985,3881306.686,-1.042316,0.000000,-0.000065,1.0000,,,TRACKING|w0 d0 L6
85.231431,129.088738833333,35.074464833333,508090.224,3881304.582,0.014,-2.675482,route_tangent,6,3.862,2.000,6,508086.985,3881306.686,-1.042316,0.000000,-0.000039,1.0000,,,TRACKING|w0 d0 L6
85.281888,129.088738833333,35.074464833333,508090.224,3881304.582,0.014,-2.675482,route_tangent,6,3.862,2.000,6,508086.985,3881306.686,-1.042316,0.000000,-0.000023,1.0000,,,TRACKING|w0 d0 L6
85.331392,129.088738833333,35.074464833333,508090.224,3881304.582,0.014,-2.675482,route_tangent,6,3.862,2.000,6,508086.985,3881306.686,-1.042316,0.000000,-0.000014,1.0000,,,TRACKING|w0 d0 L6
85.381433,129.088738833333,35.074464833333,508090.224,3881304.582,0.014,-2.675482,route_tangent,6,3.862,2.000,6,508086.985,3881306.686,-1.042316,0.000000,-0.000008,1.0000,,,TRACKING|w0 d0 L6
85.431439,129.088738833333,35.074464833333,508090.224,3881304.582,0.014,-2.675482,route_tangent,6,3.862,2.000,6,508086.985,3881306.686,-1.042316,0.000000,-0.000005,1.0000,,,TRACKING|w0 d0 L6
85.481476,129.088738833333,35.074464833333,508090.224,3881304.582,0.006,-2.675482,route_tangent,6,3.862,2.000,6,508086.985,3881306.686,-1.042316,0.000000,-0.000003,1.0000,,,TRACKING|w0 d0 L6
85.531420,129.088738833333,35.074464833333,508090.224,3881304.582,0.006,-2.675482,route_tangent,6,3.862,2.000,6,508086.985,3881306.686,-1.042316,0.000000,-0.000002,1.0000,,,TRACKING|w0 d0 L6
85.581434,129.088738833333,35.074464833333,508090.224,3881304.582,0.006,-2.675482,route_tangent,6,3.862,2.000,6,508086.985,3881306.686,-1.042316,0.000000,-0.000001,1.0000,,,TRACKING|w0 d0 L6
85.631400,129.088738833333,35.074464833333,508090.224,3881304.582,0.006,-2.675482,route_tangent,6,3.862,2.000,6,508086.985,3881306.686,-1.042316,0.000000,-0.000001,1.0000,,,TRACKING|w0 d0 L6
85.681565,129.088738833333,35.074464833333,508090.224,3881304.582,0.006,-2.675482,route_tangent,6,3.862,2.000,6,508086.985,3881306.686,-1.042316,0.000000,-0.000000,1.0000,,,TRACKING|w0 d0 L6
85.731454,129.088738833333,35.074464833333,508090.224,3881304.582,0.010,-2.675482,route_tangent,6,3.862,2.000,6,508086.985,3881306.686,-1.042316,0.000000,-0.000000,1.0000,,,TRACKING|w0 d0 L6
85.781633,129.088738833333,35.074464833333,508090.224,3881304.582,0.010,-2.675482,route_tangent,6,3.862,2.000,6,508086.985,3881306.686,-1.042316,0.000000,-0.000000,1.0000,,,TRACKING|w0 d0 L6
85.831565,129.088738833333,35.074464833333,508090.224,3881304.582,0.010,-2.675482,route_tangent,6,3.862,2.000,6,508086.985,3881306.686,-1.042316,0.000000,-0.000000,1.0000,,,TRACKING|w0 d0 L6
85.881682,129.088738833333,35.074464833333,508090.224,3881304.582,0.010,-2.675482,route_tangent,6,3.862,2.000,6,508086.985,3881306.686,-1.042316,0.000000,-0.000000,1.0000,,,TRACKING|w0 d0 L6
85.931403,129.088738833333,35.074464833333,508090.224,3881304.582,0.010,-2.675482,route_tangent,6,3.862,2.000,6,508086.985,3881306.686,-1.042316,0.000000,-0.000000,1.0000,,,TRACKING|w0 d0 L6
85.981493,129.088738833333,35.074464833333,508090.224,3881304.582,0.015,-2.675482,route_tangent,6,3.862,2.000,6,508086.985,3881306.686,-1.042316,0.000000,-0.000000,1.0000,,,TRACKING|w0 d0 L6
86.031453,129.088738833333,35.074464833333,508090.224,3881304.582,0.015,-2.675482,route_tangent,6,3.862,2.000,6,508086.985,3881306.686,-1.042316,0.000000,-0.000000,1.0000,,,TRACKING|w0 d0 L6
86.081542,129.088738833333,35.074464833333,508090.224,3881304.582,0.015,-2.675482,route_tangent,6,3.862,2.000,6,508086.985,3881306.686,-1.042316,0.000000,-0.000000,1.0000,,,TRACKING|w0 d0 L6
86.131470,129.088738833333,35.074464833333,508090.224,3881304.582,0.015,-2.675482,route_tangent,6,3.862,2.000,6,508086.985,3881306.686,-1.042316,0.000000,-0.000000,1.0000,,,TRACKING|w0 d0 L6
86.181519,129.088738833333,35.074464833333,508090.224,3881304.582,0.015,-2.675482,route_tangent,6,3.862,2.000,6,508086.985,3881306.686,-1.042316,0.000000,-0.000000,1.0000,,,TRACKING|w0 d0 L6
86.231395,129.088738833333,35.074464833333,508090.224,3881304.582,0.007,-2.675482,route_tangent,6,3.862,2.000,6,508086.985,3881306.686,-1.042316,0.000000,-0.000000,1.0000,,,TRACKING|w0 d0 L6
86.281548,129.088738833333,35.074464833333,508090.224,3881304.582,0.007,-2.675482,route_tangent,6,3.862,2.000,6,508086.985,3881306.686,-1.042316,0.000000,-0.000000,1.0000,,,TRACKING|w0 d0 L6
86.331413,129.088738833333,35.074464833333,508090.224,3881304.582,0.007,-2.675482,route_tangent,6,3.862,2.000,6,508086.985,3881306.686,-1.042316,0.000000,-0.000000,1.0000,,,TRACKING|w0 d0 L6
86.381438,129.088738833333,35.074464833333,508090.224,3881304.582,0.007,-2.675482,route_tangent,6,3.862,2.000,6,508086.985,3881306.686,-1.042316,0.000000,-0.000000,1.0000,,,TRACKING|w0 d0 L6
86.431683,129.088738833333,35.074464833333,508090.224,3881304.582,0.007,-2.675482,route_tangent,6,3.862,2.000,6,508086.985,3881306.686,-1.042316,0.000000,-0.000000,1.0000,,,TRACKING|w0 d0 L6
86.481413,129.088738833333,35.074464833333,508090.224,3881304.582,0.007,-2.675482,route_tangent,6,3.862,2.000,6,508086.985,3881306.686,-1.042316,0.000000,-0.000000,1.0000,,,TRACKING|w0 d0 L6
86.531418,129.088738833333,35.074464833333,508090.224,3881304.582,0.007,-2.675482,route_tangent,6,3.862,2.000,6,508086.985,3881306.686,-1.042316,0.000000,-0.000000,1.0000,,,TRACKING|w0 d0 L6
86.581451,129.088738833333,35.074464833333,508090.224,3881304.582,0.007,-2.675482,route_tangent,6,3.862,2.000,6,508086.985,3881306.686,-1.042316,0.000000,-0.000000,1.0000,,,TRACKING|w0 d0 L6
86.631400,129.088738833333,35.074464833333,508090.224,3881304.582,0.007,-2.675482,route_tangent,6,3.862,2.000,6,508086.985,3881306.686,-1.042316,0.000000,-0.000000,1.0000,,,TRACKING|w0 d0 L6
86.681435,129.088738833333,35.074464833333,508090.224,3881304.582,0.007,-2.675482,route_tangent,6,3.862,2.000,6,508086.985,3881306.686,-1.042316,0.000000,-0.000000,1.0000,,,TRACKING|w0 d0 L6
86.731406,129.088738833333,35.074464833333,508090.224,3881304.582,0.002,-2.675482,route_tangent,6,3.862,2.000,6,508086.985,3881306.686,-1.042316,0.000000,-0.000000,1.0000,,,TRACKING|w0 d0 L6
86.781421,129.088738833333,35.074464833333,508090.224,3881304.582,0.002,-2.675482,route_tangent,6,3.862,2.000,6,508086.985,3881306.686,-1.042316,0.000000,-0.000000,1.0000,,,TRACKING|w0 d0 L6
86.831432,129.088738833333,35.074464833333,508090.224,3881304.582,0.002,-2.675482,route_tangent,6,3.862,2.000,6,508086.985,3881306.686,-1.042316,0.000000,-0.000000,1.0000,,,TRACKING|w0 d0 L6
86.881421,129.088738833333,35.074464833333,508090.224,3881304.582,0.002,-2.675482,route_tangent,6,3.862,2.000,6,508086.985,3881306.686,-1.042316,0.000000,-0.000000,1.0000,,,TRACKING|w0 d0 L6
86.931458,129.088738833333,35.074464833333,508090.224,3881304.582,0.002,-2.675482,route_tangent,6,3.862,2.000,6,508086.985,3881306.686,-1.042316,0.000000,-0.000000,1.0000,,,TRACKING|w0 d0 L6
86.981410,129.088738833333,35.074464833333,508090.224,3881304.582,0.010,-2.675482,route_tangent,6,3.862,2.000,6,508086.985,3881306.686,-1.042316,0.000000,-0.000000,1.0000,,,TRACKING|w0 d0 L6
87.031403,129.088738833333,35.074464833333,508090.224,3881304.582,0.010,-2.675482,route_tangent,6,3.862,2.000,6,508086.985,3881306.686,-1.042316,0.000000,-0.000000,1.0000,,,TRACKING|w0 d0 L6
87.081537,129.088738833333,35.074464833333,508090.224,3881304.582,0.010,-2.675482,route_tangent,6,3.862,2.000,6,508086.985,3881306.686,-1.042316,0.000000,-0.000000,1.0000,,,TRACKING|w0 d0 L6
87.131468,129.088738833333,35.074464833333,508090.224,3881304.582,0.010,-2.675482,route_tangent,6,3.862,2.000,6,508086.985,3881306.686,-1.042316,0.000000,-0.000000,1.0000,,,TRACKING|w0 d0 L6
87.181469,129.088738833333,35.074464833333,508090.224,3881304.582,0.010,-2.675482,route_tangent,6,3.862,2.000,6,508086.985,3881306.686,-1.042316,0.000000,-0.000000,1.0000,,,TRACKING|w0 d0 L6
87.231429,129.088738833333,35.074464833333,508090.224,3881304.582,0.010,-2.675482,route_tangent,6,3.862,2.000,6,508086.985,3881306.686,-1.042316,0.000000,-0.000000,1.0000,,,TRACKING|w0 d0 L6
87.281787,129.088738833333,35.074464833333,508090.224,3881304.582,0.010,-2.675482,route_tangent,6,3.862,2.000,6,508086.985,3881306.686,-1.042316,0.000000,-0.000000,1.0000,,,TRACKING|w0 d0 L6
87.331512,129.088738833333,35.074464833333,508090.224,3881304.582,0.010,-2.675482,route_tangent,6,3.862,2.000,6,508086.985,3881306.686,-1.042316,0.000000,-0.000000,1.0000,,,TRACKING|w0 d0 L6
87.381441,129.088738833333,35.074464833333,508090.224,3881304.582,0.010,-2.675482,route_tangent,6,3.862,2.000,6,508086.985,3881306.686,-1.042316,0.000000,-0.000000,1.0000,,,TRACKING|w0 d0 L6
87.431425,129.088738833333,35.074464833333,508090.224,3881304.582,0.010,-2.675482,route_tangent,6,3.862,2.000,6,508086.985,3881306.686,-1.042316,0.000000,-0.000000,1.0000,,,TRACKING|w0 d0 L6
87.481438,129.088739333333,35.074465000000,508090.269,3881304.601,0.194,0.521853,gps_course,6,3.890,2.000,6,508086.985,3881306.686,2.053909,-0.260000,-0.030008,1.0000,,,TRACKING|w0 d0 L6
87.531603,129.088739333333,35.074465000000,508090.269,3881304.601,0.194,0.521853,gps_course,6,3.890,2.000,6,508086.985,3881306.686,2.053909,-0.260000,-0.060107,1.0000,,,TRACKING|w0 d0 L6
87.581401,129.088739333333,35.074465000000,508090.269,3881304.601,0.194,0.521853,gps_course,6,3.890,2.000,6,508086.985,3881306.686,2.053909,-0.260000,-0.089986,1.0000,,,TRACKING|w0 d0 L6
87.631500,129.088739333333,35.074465000000,508090.269,3881304.601,0.194,0.521853,gps_course,6,3.890,2.000,6,508086.985,3881306.686,2.053909,-0.260000,-0.120045,1.0000,,,TRACKING|w0 d0 L6
87.681621,129.088739333333,35.074465000000,508090.269,3881304.601,0.194,0.521853,gps_course,6,3.890,2.000,6,508086.985,3881306.686,2.053909,-0.260000,-0.150118,1.0000,,,TRACKING|w0 d0 L6
87.731412,129.088739166667,35.074464833333,508090.254,3881304.582,0.089,0.521853,gps_course,6,3.887,2.000,6,508086.985,3881306.686,2.047799,-0.260000,-0.179992,1.0000,,,TRACKING|w0 d0 L6
87.781424,129.088739166667,35.074464833333,508090.254,3881304.582,0.089,0.521853,gps_course,6,3.887,2.000,6,508086.985,3881306.686,2.047799,-0.260000,-0.210000,1.0000,,,TRACKING|w0 d0 L6
87.831416,129.088739166667,35.074464833333,508090.254,3881304.582,0.089,0.521853,gps_course,6,3.887,2.000,6,508086.985,3881306.686,2.047799,-0.260000,-0.230000,1.0000,,,TRACKING|w0 d0 L6
87.881473,129.088739166667,35.074464833333,508090.254,3881304.582,0.089,0.521853,gps_course,6,3.887,2.000,6,508086.985,3881306.686,2.047799,-0.260000,-0.242000,1.0000,,,TRACKING|w0 d0 L6
87.931474,129.088739166667,35.074464833333,508090.254,3881304.582,0.089,0.521853,gps_course,6,3.887,2.000,6,508086.985,3881306.686,2.047799,-0.260000,-0.249200,1.0000,,,TRACKING|w0 d0 L6
87.981438,129.088739000000,35.074464833333,508090.239,3881304.582,0.050,0.521853,gps_course,6,3.875,2.000,6,508086.985,3881306.686,2.045673,-0.260000,-0.253520,1.0000,,,TRACKING|w0 d0 L6
88.031426,129.088739000000,35.074464833333,508090.239,3881304.582,0.050,0.521853,gps_course,6,3.875,2.000,6,508086.985,3881306.686,2.045673,-0.260000,-0.256112,1.0000,,,TRACKING|w0 d0 L6
88.081450,129.088739000000,35.074464833333,508090.239,3881304.582,0.050,0.521853,gps_course,6,3.875,2.000,6,508086.985,3881306.686,2.045673,-0.260000,-0.257667,1.0000,,,TRACKING|w0 d0 L6
88.131411,129.088739000000,35.074464833333,508090.239,3881304.582,0.050,0.521853,gps_course,6,3.875,2.000,6,508086.985,3881306.686,2.045673,-0.260000,-0.258600,1.0000,,,TRACKING|w0 d0 L6
88.181732,129.088739000000,35.074464833333,508090.239,3881304.582,0.050,0.521853,gps_course,6,3.875,2.000,6,508086.985,3881306.686,2.045673,-0.260000,-0.259160,1.0000,,,TRACKING|w0 d0 L6
88.231424,129.088739000000,35.074464833333,508090.239,3881304.582,0.014,0.521853,gps_course,6,3.875,2.000,6,508086.985,3881306.686,2.045673,-0.260000,-0.259496,1.0000,,,TRACKING|w0 d0 L6
88.281558,129.088739000000,35.074464833333,508090.239,3881304.582,0.014,0.521853,gps_course,6,3.875,2.000,6,508086.985,3881306.686,2.045673,-0.260000,-0.259698,1.0000,,,TRACKING|w0 d0 L6
88.331582,129.088739000000,35.074464833333,508090.239,3881304.582,0.014,0.521853,gps_course,6,3.875,2.000,6,508086.985,3881306.686,2.045673,-0.260000,-0.259819,1.0000,,,TRACKING|w0 d0 L6
88.381524,129.088739000000,35.074464833333,508090.239,3881304.582,0.014,0.521853,gps_course,6,3.875,2.000,6,508086.985,3881306.686,2.045673,-0.260000,-0.259891,1.0000,,,TRACKING|w0 d0 L6
88.431396,129.088739000000,35.074464833333,508090.239,3881304.582,0.014,0.521853,gps_course,6,3.875,2.000,6,508086.985,3881306.686,2.045673,-0.260000,-0.259935,1.0000,,,TRACKING|w0 d0 L6
88.481420,129.088739000000,35.074464833333,508090.239,3881304.582,0.011,0.521853,gps_course,6,3.875,2.000,6,508086.985,3881306.686,2.045673,-0.260000,-0.259961,1.0000,,,TRACKING|w0 d0 L6
88.531447,129.088739000000,35.074464833333,508090.239,3881304.582,0.011,0.521853,gps_course,6,3.875,2.000,6,508086.985,3881306.686,2.045673,-0.260000,-0.259976,1.0000,,,TRACKING|w0 d0 L6
88.581469,129.088739000000,35.074464833333,508090.239,3881304.582,0.011,0.521853,gps_course,6,3.875,2.000,6,508086.985,3881306.686,2.045673,-0.260000,-0.259986,1.0000,,,TRACKING|w0 d0 L6
88.631632,129.088739000000,35.074464833333,508090.239,3881304.582,0.011,0.521853,gps_course,6,3.875,2.000,6,508086.985,3881306.686,2.045673,-0.260000,-0.259992,1.0000,,,TRACKING|w0 d0 L6
88.681474,129.088739000000,35.074464833333,508090.239,3881304.582,0.011,0.521853,gps_course,6,3.875,2.000,6,508086.985,3881306.686,2.045673,-0.260000,-0.259995,1.0000,,,TRACKING|w0 d0 L6
88.731491,129.088739000000,35.074464833333,508090.239,3881304.582,0.006,0.521853,gps_course,6,3.875,2.000,6,508086.985,3881306.686,2.045673,-0.260000,-0.259997,1.0000,,,TRACKING|w0 d0 L6
88.781569,129.088739000000,35.074464833333,508090.239,3881304.582,0.006,0.521853,gps_course,6,3.875,2.000,6,508086.985,3881306.686,2.045673,-0.260000,-0.259998,1.0000,,,TRACKING|w0 d0 L6
88.831561,129.088739000000,35.074464833333,508090.239,3881304.582,0.006,0.521853,gps_course,6,3.875,2.000,6,508086.985,3881306.686,2.045673,-0.260000,-0.259999,1.0000,,,TRACKING|w0 d0 L6
88.881434,129.088739000000,35.074464833333,508090.239,3881304.582,0.006,0.521853,gps_course,6,3.875,2.000,6,508086.985,3881306.686,2.045673,-0.260000,-0.259999,1.0000,,,TRACKING|w0 d0 L6
88.931431,129.088739000000,35.074464833333,508090.239,3881304.582,0.006,0.521853,gps_course,6,3.875,2.000,6,508086.985,3881306.686,2.045673,-0.260000,-0.260000,1.0000,,,TRACKING|w0 d0 L6
88.981422,129.088739000000,35.074464833333,508090.239,3881304.582,0.005,0.521853,gps_course,6,3.875,2.000,6,508086.985,3881306.686,2.045673,-0.260000,-0.260000,1.0000,,,TRACKING|w0 d0 L6
89.031452,129.088739000000,35.074464833333,508090.239,3881304.582,0.005,0.521853,gps_course,6,3.875,2.000,6,508086.985,3881306.686,2.045673,-0.260000,-0.260000,1.0000,,,TRACKING|w0 d0 L6
89.081618,129.088739000000,35.074464833333,508090.239,3881304.582,0.005,0.521853,gps_course,6,3.875,2.000,6,508086.985,3881306.686,2.045673,-0.260000,-0.260000,1.0000,,,TRACKING|w0 d0 L6
89.131436,129.088739000000,35.074464833333,508090.239,3881304.582,0.005,0.521853,gps_course,6,3.875,2.000,6,508086.985,3881306.686,2.045673,-0.260000,-0.260000,1.0000,,,TRACKING|w0 d0 L6
89.181458,129.088739000000,35.074464833333,508090.239,3881304.582,0.005,0.521853,gps_course,6,3.875,2.000,6,508086.985,3881306.686,2.045673,-0.260000,-0.260000,1.0000,,,TRACKING|w0 d0 L6
89.231548,129.088739000000,35.074464833333,508090.239,3881304.582,0.014,0.521853,gps_course,6,3.875,2.000,6,508086.985,3881306.686,2.045673,-0.260000,-0.260000,1.0000,,,TRACKING|w0 d0 L6
89.281568,129.088739000000,35.074464833333,508090.239,3881304.582,0.014,0.521853,gps_course,6,3.875,2.000,6,508086.985,3881306.686,2.045673,-0.260000,-0.260000,1.0000,,,TRACKING|w0 d0 L6
89.331462,129.088739000000,35.074464833333,508090.239,3881304.582,0.014,0.521853,gps_course,6,3.875,2.000,6,508086.985,3881306.686,2.045673,-0.260000,-0.260000,1.0000,,,TRACKING|w0 d0 L6
89.381448,129.088739000000,35.074464833333,508090.239,3881304.582,0.014,0.521853,gps_course,6,3.875,2.000,6,508086.985,3881306.686,2.045673,-0.260000,-0.260000,1.0000,,,TRACKING|w0 d0 L6
89.431408,129.088739000000,35.074464833333,508090.239,3881304.582,0.014,0.521853,gps_course,6,3.875,2.000,6,508086.985,3881306.686,2.045673,-0.260000,-0.260000,1.0000,,,TRACKING|w0 d0 L6
89.481652,129.088739000000,35.074464833333,508090.239,3881304.582,0.004,0.521853,gps_course,6,3.875,2.000,6,508086.985,3881306.686,2.045673,-0.260000,-0.260000,1.0000,,,TRACKING|w0 d0 L6
89.531420,129.088739000000,35.074464833333,508090.239,3881304.582,0.004,0.521853,gps_course,6,3.875,2.000,6,508086.985,3881306.686,2.045673,-0.260000,-0.260000,1.0000,,,TRACKING|w0 d0 L6
89.581432,129.088739000000,35.074464833333,508090.239,3881304.582,0.004,0.521853,gps_course,6,3.875,2.000,6,508086.985,3881306.686,2.045673,-0.260000,-0.260000,1.0000,,,TRACKING|w0 d0 L6
89.631466,129.088739000000,35.074464833333,508090.239,3881304.582,0.004,0.521853,gps_course,6,3.875,2.000,6,508086.985,3881306.686,2.045673,-0.260000,-0.260000,1.0000,,,TRACKING|w0 d0 L6
89.681459,129.088739000000,35.074464833333,508090.239,3881304.582,0.004,0.521853,gps_course,6,3.875,2.000,6,508086.985,3881306.686,2.045673,-0.260000,-0.260000,1.0000,,,TRACKING|w0 d0 L6
89.731416,129.088739000000,35.074465000000,508090.239,3881304.601,0.012,0.521853,gps_course,6,3.865,2.000,6,508086.985,3881306.686,2.049687,-0.260000,-0.260000,1.0000,,,TRACKING|w0 d0 L6
89.781448,129.088739000000,35.074465000000,508090.239,3881304.601,0.012,0.521853,gps_course,6,3.865,2.000,6,508086.985,3881306.686,2.049687,-0.260000,-0.260000,1.0000,,,TRACKING|w0 d0 L6
89.831442,129.088739000000,35.074465000000,508090.239,3881304.601,0.012,0.521853,gps_course,6,3.865,2.000,6,508086.985,3881306.686,2.049687,-0.260000,-0.260000,1.0000,,,TRACKING|w0 d0 L6
89.881523,129.088739000000,35.074465000000,508090.239,3881304.601,0.012,0.521853,gps_course,6,3.865,2.000,6,508086.985,3881306.686,2.049687,-0.260000,-0.260000,1.0000,,,TRACKING|w0 d0 L6
89.931825,129.088739000000,35.074465000000,508090.239,3881304.601,0.012,0.521853,gps_course,6,3.865,2.000,6,508086.985,3881306.686,2.049687,-0.260000,-0.260000,1.0000,,,TRACKING|w0 d0 L6
89.981634,129.088739000000,35.074464833333,508090.239,3881304.582,0.017,0.521853,gps_course,6,3.875,2.000,6,508086.985,3881306.686,2.045673,-0.260000,-0.260000,1.0000,,,TRACKING|w0 d0 L6
90.031387,129.088739000000,35.074464833333,508090.239,3881304.582,0.017,0.521853,gps_course,6,3.875,2.000,6,508086.985,3881306.686,2.045673,-0.260000,-0.260000,1.0000,,,TRACKING|w0 d0 L6
90.081453,129.088739000000,35.074464833333,508090.239,3881304.582,0.017,0.521853,gps_course,6,3.875,2.000,6,508086.985,3881306.686,2.045673,-0.260000,-0.260000,1.0000,,,TRACKING|w0 d0 L6
90.131424,129.088739000000,35.074464833333,508090.239,3881304.582,0.017,0.521853,gps_course,6,3.875,2.000,6,508086.985,3881306.686,2.045673,-0.260000,-0.260000,1.0000,,,TRACKING|w0 d0 L6
90.181456,129.088739000000,35.074464833333,508090.239,3881304.582,0.017,0.521853,gps_course,6,3.875,2.000,6,508086.985,3881306.686,2.045673,-0.260000,-0.260000,1.0000,,,TRACKING|w0 d0 L6
90.231426,129.088739000000,35.074465000000,508090.239,3881304.601,0.016,0.521853,gps_course,6,3.865,2.000,6,508086.985,3881306.686,2.049687,-0.260000,-0.260000,1.0000,,,TRACKING|w0 d0 L6
90.281453,129.088739000000,35.074465000000,508090.239,3881304.601,0.016,0.521853,gps_course,6,3.865,2.000,6,508086.985,3881306.686,2.049687,-0.260000,-0.260000,1.0000,,,TRACKING|w0 d0 L6
90.331567,129.088739000000,35.074465000000,508090.239,3881304.601,0.016,0.521853,gps_course,6,3.865,2.000,6,508086.985,3881306.686,2.049687,-0.260000,-0.260000,1.0000,,,TRACKING|w0 d0 L6
90.381539,129.088739000000,35.074465000000,508090.239,3881304.601,0.016,0.521853,gps_course,6,3.865,2.000,6,508086.985,3881306.686,2.049687,-0.260000,-0.260000,1.0000,,,TRACKING|w0 d0 L6
90.431441,129.088739000000,35.074465000000,508090.239,3881304.601,0.016,0.521853,gps_course,6,3.865,2.000,6,508086.985,3881306.686,2.049687,-0.260000,-0.260000,1.0000,,,TRACKING|w0 d0 L6
90.481445,129.088739000000,35.074465000000,508090.239,3881304.601,0.016,-2.675482,route_tangent,6,3.865,2.000,6,508086.985,3881306.686,-1.036163,0.000000,-0.229998,1.0000,,,TRACKING|w0 d0 L6
90.531449,129.088739000000,35.074465000000,508090.239,3881304.601,0.016,-2.675482,route_tangent,6,3.865,2.000,6,508086.985,3881306.686,-1.036163,0.000000,-0.199996,1.0000,,,TRACKING|w0 d0 L6
90.581439,129.088739000000,35.074465000000,508090.239,3881304.601,0.016,-2.675482,route_tangent,6,3.865,2.000,6,508086.985,3881306.686,-1.036163,0.000000,-0.170002,1.0000,,,TRACKING|w0 d0 L6
90.631424,129.088739000000,35.074465000000,508090.239,3881304.601,0.016,-2.675482,route_tangent,6,3.865,2.000,6,508086.985,3881306.686,-1.036163,0.000000,-0.140010,1.0000,,,TRACKING|w0 d0 L6
90.681645,129.088739000000,35.074465000000,508090.239,3881304.601,0.016,-2.675482,route_tangent,6,3.865,2.000,6,508086.985,3881306.686,-1.036163,0.000000,-0.109878,1.0000,,,TRACKING|w0 d0 L6
90.731437,129.088739000000,35.074465000000,508090.239,3881304.601,0.002,-2.675482,route_tangent,6,3.865,2.000,6,508086.985,3881306.686,-1.036163,0.000000,-0.080003,1.0000,,,TRACKING|w0 d0 L6
90.781524,129.088739000000,35.074465000000,508090.239,3881304.601,0.002,-2.675482,route_tangent,6,3.865,2.000,6,508086.985,3881306.686,-1.036163,0.000000,-0.049950,1.0000,,,TRACKING|w0 d0 L6
90.831450,129.088739000000,35.074465000000,508090.239,3881304.601,0.002,-2.675482,route_tangent,6,3.865,2.000,6,508086.985,3881306.686,-1.036163,0.000000,-0.029970,1.0000,,,TRACKING|w0 d0 L6
90.881628,129.088739000000,35.074465000000,508090.239,3881304.601,0.002,-2.675482,route_tangent,6,3.865,2.000,6,508086.985,3881306.686,-1.036163,0.000000,-0.017982,1.0000,,,TRACKING|w0 d0 L6
90.931454,129.088739000000,35.074465000000,508090.239,3881304.601,0.002,-2.675482,route_tangent,6,3.865,2.000,6,508086.985,3881306.686,-1.036163,0.000000,-0.010789,1.0000,,,TRACKING|w0 d0 L6
90.981591,129.088739000000,35.074465000000,508090.239,3881304.601,0.008,-2.675482,route_tangent,6,3.865,2.000,6,508086.985,3881306.686,-1.036163,0.000000,-0.006474,1.0000,,,TRACKING|w0 d0 L6
91.031448,129.088739000000,35.074465000000,508090.239,3881304.601,0.008,-2.675482,route_tangent,6,3.865,2.000,6,508086.985,3881306.686,-1.036163,0.000000,-0.003884,1.0000,,,TRACKING|w0 d0 L6
91.081429,129.088739000000,35.074465000000,508090.239,3881304.601,0.008,-2.675482,route_tangent,6,3.865,2.000,6,508086.985,3881306.686,-1.036163,0.000000,-0.002330,1.0000,,,TRACKING|w0 d0 L6
91.131815,129.088739000000,35.074465000000,508090.239,3881304.601,0.008,-2.675482,route_tangent,6,3.865,2.000,6,508086.985,3881306.686,-1.036163,0.000000,-0.001398,1.0000,,,TRACKING|w0 d0 L6
91.181464,129.088739000000,35.074465000000,508090.239,3881304.601,0.008,-2.675482,route_tangent,6,3.865,2.000,6,508086.985,3881306.686,-1.036163,0.000000,-0.000839,1.0000,,,TRACKING|w0 d0 L6
91.231613,129.088739000000,35.074465000000,508090.239,3881304.601,0.005,-2.675482,route_tangent,6,3.865,2.000,6,508086.985,3881306.686,-1.036163,0.000000,-0.000503,1.0000,,,TRACKING|w0 d0 L6
91.281481,129.088739000000,35.074465000000,508090.239,3881304.601,0.005,-2.675482,route_tangent,6,3.865,2.000,6,508086.985,3881306.686,-1.036163,0.000000,-0.000302,1.0000,,,TRACKING|w0 d0 L6
91.331513,129.088739000000,35.074465000000,508090.239,3881304.601,0.005,-2.675482,route_tangent,6,3.865,2.000,6,508086.985,3881306.686,-1.036163,0.000000,-0.000181,1.0000,,,TRACKING|w0 d0 L6
91.381960,129.088739000000,35.074465000000,508090.239,3881304.601,0.005,-2.675482,route_tangent,6,3.865,2.000,6,508086.985,3881306.686,-1.036163,0.000000,-0.000109,1.0000,,,TRACKING|w0 d0 L6
91.431980,129.088739000000,35.074465000000,508090.239,3881304.601,0.005,-2.675482,route_tangent,6,3.865,2.000,6,508086.985,3881306.686,-1.036163,0.000000,-0.000065,1.0000,,,TRACKING|w0 d0 L6
91.481435,129.088739000000,35.074464833333,508090.239,3881304.582,0.015,-2.675482,route_tangent,6,3.875,2.000,6,508086.985,3881306.686,-1.040177,0.000000,-0.000039,1.0000,,,TRACKING|w0 d0 L6
91.531427,129.088739000000,35.074464833333,508090.239,3881304.582,0.015,-2.675482,route_tangent,6,3.875,2.000,6,508086.985,3881306.686,-1.040177,0.000000,-0.000023,1.0000,,,TRACKING|w0 d0 L6
91.581427,129.088739000000,35.074464833333,508090.239,3881304.582,0.015,-2.675482,route_tangent,6,3.875,2.000,6,508086.985,3881306.686,-1.040177,0.000000,-0.000014,1.0000,,,TRACKING|w0 d0 L6
91.631456,129.088739000000,35.074464833333,508090.239,3881304.582,0.015,-2.675482,route_tangent,6,3.875,2.000,6,508086.985,3881306.686,-1.040177,0.000000,-0.000008,1.0000,,,TRACKING|w0 d0 L6
91.681622,129.088739000000,35.074464833333,508090.239,3881304.582,0.015,-2.675482,route_tangent,6,3.875,2.000,6,508086.985,3881306.686,-1.040177,0.000000,-0.000005,1.0000,,,TRACKING|w0 d0 L6
91.731583,129.088739000000,35.074465000000,508090.239,3881304.601,0.006,-2.675482,route_tangent,6,3.865,2.000,6,508086.985,3881306.686,-1.036163,0.000000,-0.000003,1.0000,,,TRACKING|w0 d0 L6
91.781606,129.088739000000,35.074465000000,508090.239,3881304.601,0.006,-2.675482,route_tangent,6,3.865,2.000,6,508086.985,3881306.686,-1.036163,0.000000,-0.000002,1.0000,,,TRACKING|w0 d0 L6
91.831480,129.088739000000,35.074465000000,508090.239,3881304.601,0.006,-2.675482,route_tangent,6,3.865,2.000,6,508086.985,3881306.686,-1.036163,0.000000,-0.000001,1.0000,,,TRACKING|w0 d0 L6
91.882032,129.088739000000,35.074465000000,508090.239,3881304.601,0.006,-2.675482,route_tangent,6,3.865,2.000,6,508086.985,3881306.686,-1.036163,0.000000,-0.000001,1.0000,,,TRACKING|w0 d0 L6
91.931455,129.088739000000,35.074465000000,508090.239,3881304.601,0.006,-2.675482,route_tangent,6,3.865,2.000,6,508086.985,3881306.686,-1.036163,0.000000,-0.000000,1.0000,,,TRACKING|w0 d0 L6
91.981550,129.088739000000,35.074464833333,508090.239,3881304.582,0.014,-2.675482,route_tangent,6,3.875,2.000,6,508086.985,3881306.686,-1.040177,0.000000,-0.000000,1.0000,,,TRACKING|w0 d0 L6
92.031447,129.088739000000,35.074464833333,508090.239,3881304.582,0.014,-2.675482,route_tangent,6,3.875,2.000,6,508086.985,3881306.686,-1.040177,0.000000,-0.000000,1.0000,,,TRACKING|w0 d0 L6
92.081432,129.088739000000,35.074464833333,508090.239,3881304.582,0.014,-2.675482,route_tangent,6,3.875,2.000,6,508086.985,3881306.686,-1.040177,0.000000,-0.000000,1.0000,,,TRACKING|w0 d0 L6
92.131464,129.088739000000,35.074464833333,508090.239,3881304.582,0.014,-2.675482,route_tangent,6,3.875,2.000,6,508086.985,3881306.686,-1.040177,0.000000,-0.000000,1.0000,,,TRACKING|w0 d0 L6
92.181434,129.088739000000,35.074464833333,508090.239,3881304.582,0.014,-2.675482,route_tangent,6,3.875,2.000,6,508086.985,3881306.686,-1.040177,0.000000,-0.000000,1.0000,,,TRACKING|w0 d0 L6
92.231440,129.088739000000,35.074464833333,508090.239,3881304.582,0.007,-2.675482,route_tangent,6,3.875,2.000,6,508086.985,3881306.686,-1.040177,0.000000,-0.000000,1.0000,,,TRACKING|w0 d0 L6
92.281435,129.088739000000,35.074464833333,508090.239,3881304.582,0.007,-2.675482,route_tangent,6,3.875,2.000,6,508086.985,3881306.686,-1.040177,0.000000,-0.000000,1.0000,,,TRACKING|w0 d0 L6
92.331416,129.088739000000,35.074464833333,508090.239,3881304.582,0.007,-2.675482,route_tangent,6,3.875,2.000,6,508086.985,3881306.686,-1.040177,0.000000,-0.000000,1.0000,,,TRACKING|w0 d0 L6
92.381427,129.088739000000,35.074464833333,508090.239,3881304.582,0.007,-2.675482,route_tangent,6,3.875,2.000,6,508086.985,3881306.686,-1.040177,0.000000,-0.000000,1.0000,,,TRACKING|w0 d0 L6
92.431424,129.088739000000,35.074464833333,508090.239,3881304.582,0.007,-2.675482,route_tangent,6,3.875,2.000,6,508086.985,3881306.686,-1.040177,0.000000,-0.000000,1.0000,,,TRACKING|w0 d0 L6
92.481389,129.088739000000,35.074464833333,508090.239,3881304.582,0.011,-2.675482,route_tangent,6,3.875,2.000,6,508086.985,3881306.686,-1.040177,0.000000,-0.000000,1.0000,,,TRACKING|w0 d0 L6
92.531496,129.088739000000,35.074464833333,508090.239,3881304.582,0.011,-2.675482,route_tangent,6,3.875,2.000,6,508086.985,3881306.686,-1.040177,0.000000,-0.000000,1.0000,,,TRACKING|w0 d0 L6
92.581420,129.088739000000,35.074464833333,508090.239,3881304.582,0.011,-2.675482,route_tangent,6,3.875,2.000,6,508086.985,3881306.686,-1.040177,0.000000,-0.000000,1.0000,,,TRACKING|w0 d0 L6
92.631418,129.088739000000,35.074464833333,508090.239,3881304.582,0.011,-2.675482,route_tangent,6,3.875,2.000,6,508086.985,3881306.686,-1.040177,0.000000,-0.000000,1.0000,,,TRACKING|w0 d0 L6
92.681407,129.088739000000,35.074464833333,508090.239,3881304.582,0.011,-2.675482,route_tangent,6,3.875,2.000,6,508086.985,3881306.686,-1.040177,0.000000,-0.000000,1.0000,,,TRACKING|w0 d0 L6
92.731444,129.088739000000,35.074464833333,508090.239,3881304.582,0.007,-2.675482,route_tangent,6,3.875,2.000,6,508086.985,3881306.686,-1.040177,0.000000,-0.000000,1.0000,,,TRACKING|w0 d0 L6
92.781935,129.088739000000,35.074464833333,508090.239,3881304.582,0.007,-2.675482,route_tangent,6,3.875,2.000,6,508086.985,3881306.686,-1.040177,0.000000,-0.000000,1.0000,,,TRACKING|w0 d0 L6
92.831442,129.088739000000,35.074464833333,508090.239,3881304.582,0.007,-2.675482,route_tangent,6,3.875,2.000,6,508086.985,3881306.686,-1.040177,0.000000,-0.000000,1.0000,,,TRACKING|w0 d0 L6
92.881544,129.088739000000,35.074464833333,508090.239,3881304.582,0.007,-2.675482,route_tangent,6,3.875,2.000,6,508086.985,3881306.686,-1.040177,0.000000,-0.000000,1.0000,,,TRACKING|w0 d0 L6
92.931475,129.088739000000,35.074464833333,508090.239,3881304.582,0.007,-2.675482,route_tangent,6,3.875,2.000,6,508086.985,3881306.686,-1.040177,0.000000,-0.000000,1.0000,,,TRACKING|w0 d0 L6
92.981617,129.088739000000,35.074464833333,508090.239,3881304.582,0.008,-2.675482,route_tangent,6,3.875,2.000,6,508086.985,3881306.686,-1.040177,0.000000,-0.000000,1.0000,,,TRACKING|w0 d0 L6
93.031447,129.088739000000,35.074464833333,508090.239,3881304.582,0.008,-2.675482,route_tangent,6,3.875,2.000,6,508086.985,3881306.686,-1.040177,0.000000,-0.000000,1.0000,,,TRACKING|w0 d0 L6
93.081469,129.088739000000,35.074464833333,508090.239,3881304.582,0.008,-2.675482,route_tangent,6,3.875,2.000,6,508086.985,3881306.686,-1.040177,0.000000,-0.000000,1.0000,,,TRACKING|w0 d0 L6
93.131456,129.088739000000,35.074464833333,508090.239,3881304.582,0.008,-2.675482,route_tangent,6,3.875,2.000,6,508086.985,3881306.686,-1.040177,0.000000,-0.000000,1.0000,,,TRACKING|w0 d0 L6
93.181447,129.088739000000,35.074464833333,508090.239,3881304.582,0.008,-2.675482,route_tangent,6,3.875,2.000,6,508086.985,3881306.686,-1.040177,0.000000,-0.000000,1.0000,,,TRACKING|w0 d0 L6
93.231446,129.088739000000,35.074464833333,508090.239,3881304.582,0.013,-2.675482,route_tangent,6,3.875,2.000,6,508086.985,3881306.686,-1.040177,0.000000,-0.000000,1.0000,,,TRACKING|w0 d0 L6
93.281467,129.088739000000,35.074464833333,508090.239,3881304.582,0.013,-2.675482,route_tangent,6,3.875,2.000,6,508086.985,3881306.686,-1.040177,0.000000,-0.000000,1.0000,,,TRACKING|w0 d0 L6
93.331436,129.088739000000,35.074464833333,508090.239,3881304.582,0.013,-2.675482,route_tangent,6,3.875,2.000,6,508086.985,3881306.686,-1.040177,0.000000,-0.000000,1.0000,,,TRACKING|w0 d0 L6
93.381442,129.088739000000,35.074464833333,508090.239,3881304.582,0.013,-2.675482,route_tangent,6,3.875,2.000,6,508086.985,3881306.686,-1.040177,0.000000,-0.000000,1.0000,,,TRACKING|w0 d0 L6
93.431447,129.088739000000,35.074464833333,508090.239,3881304.582,0.013,-2.675482,route_tangent,6,3.875,2.000,6,508086.985,3881306.686,-1.040177,0.000000,-0.000000,1.0000,,,TRACKING|w0 d0 L6
93.481437,129.088739000000,35.074464833333,508090.239,3881304.582,0.014,-2.675482,route_tangent,6,3.875,2.000,6,508086.985,3881306.686,-1.040177,0.000000,-0.000000,1.0000,,,TRACKING|w0 d0 L6
93.531423,129.088739000000,35.074464833333,508090.239,3881304.582,0.014,-2.675482,route_tangent,6,3.875,2.000,6,508086.985,3881306.686,-1.040177,0.000000,-0.000000,1.0000,,,TRACKING|w0 d0 L6
93.581440,129.088739000000,35.074464833333,508090.239,3881304.582,0.014,-2.675482,route_tangent,6,3.875,2.000,6,508086.985,3881306.686,-1.040177,0.000000,-0.000000,1.0000,,,TRACKING|w0 d0 L6
93.631426,129.088739000000,35.074464833333,508090.239,3881304.582,0.014,-2.675482,route_tangent,6,3.875,2.000,6,508086.985,3881306.686,-1.040177,0.000000,-0.000000,1.0000,,,TRACKING|w0 d0 L6
93.681422,129.088739000000,35.074464833333,508090.239,3881304.582,0.014,-2.675482,route_tangent,6,3.875,2.000,6,508086.985,3881306.686,-1.040177,0.000000,-0.000000,1.0000,,,TRACKING|w0 d0 L6
93.731412,129.088739000000,35.074464833333,508090.239,3881304.582,0.013,-2.675482,route_tangent,6,3.875,2.000,6,508086.985,3881306.686,-1.040177,0.000000,-0.000000,1.0000,,,TRACKING|w0 d0 L6
93.781783,129.088739000000,35.074464833333,508090.239,3881304.582,0.013,-2.675482,route_tangent,6,3.875,2.000,6,508086.985,3881306.686,-1.040177,0.000000,-0.000000,1.0000,,,TRACKING|w0 d0 L6
93.831406,129.088739000000,35.074464833333,508090.239,3881304.582,0.013,-2.675482,route_tangent,6,3.875,2.000,6,508086.985,3881306.686,-1.040177,0.000000,-0.000000,1.0000,,,TRACKING|w0 d0 L6
93.881456,129.088739000000,35.074464833333,508090.239,3881304.582,0.013,-2.675482,route_tangent,6,3.875,2.000,6,508086.985,3881306.686,-1.040177,0.000000,-0.000000,1.0000,,,TRACKING|w0 d0 L6
93.931473,129.088739000000,35.074464833333,508090.239,3881304.582,0.013,-2.675482,route_tangent,6,3.875,2.000,6,508086.985,3881306.686,-1.040177,0.000000,-0.000000,1.0000,,,TRACKING|w0 d0 L6
93.981455,129.088739000000,35.074464833333,508090.239,3881304.582,0.011,-2.675482,route_tangent,6,3.875,2.000,6,508086.985,3881306.686,-1.040177,0.000000,-0.000000,1.0000,,,TRACKING|w0 d0 L6
94.031413,129.088739000000,35.074464833333,508090.239,3881304.582,0.011,-2.675482,route_tangent,6,3.875,2.000,6,508086.985,3881306.686,-1.040177,0.000000,-0.000000,1.0000,,,TRACKING|w0 d0 L6
94.081569,129.088739000000,35.074464833333,508090.239,3881304.582,0.011,-2.675482,route_tangent,6,3.875,2.000,6,508086.985,3881306.686,-1.040177,0.000000,-0.000000,1.0000,,,TRACKING|w0 d0 L6
94.131448,129.088739000000,35.074464833333,508090.239,3881304.582,0.011,-2.675482,route_tangent,6,3.875,2.000,6,508086.985,3881306.686,-1.040177,0.000000,-0.000000,1.0000,,,TRACKING|w0 d0 L6
94.181554,129.088739000000,35.074464833333,508090.239,3881304.582,0.011,-2.675482,route_tangent,6,3.875,2.000,6,508086.985,3881306.686,-1.040177,0.000000,-0.000000,1.0000,,,TRACKING|w0 d0 L6
94.231617,129.088739000000,35.074464833333,508090.239,3881304.582,0.006,-2.675482,route_tangent,6,3.875,2.000,6,508086.985,3881306.686,-1.040177,0.000000,-0.000000,1.0000,,,TRACKING|w0 d0 L6
94.281576,129.088739000000,35.074464833333,508090.239,3881304.582,0.006,-2.675482,route_tangent,6,3.875,2.000,6,508086.985,3881306.686,-1.040177,0.000000,-0.000000,1.0000,,,TRACKING|w0 d0 L6
94.331559,129.088739000000,35.074464833333,508090.239,3881304.582,0.006,-2.675482,route_tangent,6,3.875,2.000,6,508086.985,3881306.686,-1.040177,0.000000,-0.000000,1.0000,,,TRACKING|w0 d0 L6
94.381439,129.088739000000,35.074464833333,508090.239,3881304.582,0.006,-2.675482,route_tangent,6,3.875,2.000,6,508086.985,3881306.686,-1.040177,0.000000,-0.000000,1.0000,,,TRACKING|w0 d0 L6
94.431568,129.088739000000,35.074464833333,508090.239,3881304.582,0.006,-2.675482,route_tangent,6,3.875,2.000,6,508086.985,3881306.686,-1.040177,0.000000,-0.000000,1.0000,,,TRACKING|w0 d0 L6
94.481462,129.088739000000,35.074464833333,508090.239,3881304.582,0.006,-2.675482,route_tangent,6,3.875,2.000,6,508086.985,3881306.686,-1.040177,0.000000,-0.000000,1.0000,,,TRACKING|w0 d0 L6
94.531634,129.088739000000,35.074464833333,508090.239,3881304.582,0.006,-2.675482,route_tangent,6,3.875,2.000,6,508086.985,3881306.686,-1.040177,0.000000,-0.000000,1.0000,,,TRACKING|w0 d0 L6
94.581421,129.088739000000,35.074464833333,508090.239,3881304.582,0.006,-2.675482,route_tangent,6,3.875,2.000,6,508086.985,3881306.686,-1.040177,0.000000,-0.000000,1.0000,,,TRACKING|w0 d0 L6
94.631403,129.088739000000,35.074464833333,508090.239,3881304.582,0.006,-2.675482,route_tangent,6,3.875,2.000,6,508086.985,3881306.686,-1.040177,0.000000,-0.000000,1.0000,,,TRACKING|w0 d0 L6
94.681421,129.088739000000,35.074464833333,508090.239,3881304.582,0.006,-2.675482,route_tangent,6,3.875,2.000,6,508086.985,3881306.686,-1.040177,0.000000,-0.000000,1.0000,,,TRACKING|w0 d0 L6
94.731452,129.088739000000,35.074464833333,508090.239,3881304.582,0.015,-2.675482,route_tangent,6,3.875,2.000,6,508086.985,3881306.686,-1.040177,0.000000,-0.000000,1.0000,,,TRACKING|w0 d0 L6
94.781446,129.088739000000,35.074464833333,508090.239,3881304.582,0.015,-2.675482,route_tangent,6,3.875,2.000,6,508086.985,3881306.686,-1.040177,0.000000,-0.000000,1.0000,,,TRACKING|w0 d0 L6
94.831418,129.088739000000,35.074464833333,508090.239,3881304.582,0.015,-2.675482,route_tangent,6,3.875,2.000,6,508086.985,3881306.686,-1.040177,0.000000,-0.000000,1.0000,,,TRACKING|w0 d0 L6
94.881437,129.088739000000,35.074464833333,508090.239,3881304.582,0.015,-2.675482,route_tangent,6,3.875,2.000,6,508086.985,3881306.686,-1.040177,0.000000,-0.000000,1.0000,,,TRACKING|w0 d0 L6
94.931426,129.088739000000,35.074464833333,508090.239,3881304.582,0.015,-2.675482,route_tangent,6,3.875,2.000,6,508086.985,3881306.686,-1.040177,0.000000,-0.000000,1.0000,,,TRACKING|w0 d0 L6
94.981741,129.088739000000,35.074464833333,508090.239,3881304.582,0.005,-2.675482,route_tangent,6,3.875,2.000,6,508086.985,3881306.686,-1.040177,0.000000,-0.000000,1.0000,,,TRACKING|w0 d0 L6
95.031595,129.088739000000,35.074464833333,508090.239,3881304.582,0.005,-2.675482,route_tangent,6,3.875,2.000,6,508086.985,3881306.686,-1.040177,0.000000,-0.000000,1.0000,,,TRACKING|w0 d0 L6
95.081459,129.088739000000,35.074464833333,508090.239,3881304.582,0.005,-2.675482,route_tangent,6,3.875,2.000,6,508086.985,3881306.686,-1.040177,0.000000,-0.000000,1.0000,,,TRACKING|w0 d0 L6
95.131460,129.088739000000,35.074464833333,508090.239,3881304.582,0.005,-2.675482,route_tangent,6,3.875,2.000,6,508086.985,3881306.686,-1.040177,0.000000,-0.000000,1.0000,,,TRACKING|w0 d0 L6
95.181451,129.088739000000,35.074464833333,508090.239,3881304.582,0.005,-2.675482,route_tangent,6,3.875,2.000,6,508086.985,3881306.686,-1.040177,0.000000,-0.000000,1.0000,,,TRACKING|w0 d0 L6
95.231588,129.088739000000,35.074464833333,508090.239,3881304.582,0.008,-2.675482,route_tangent,6,3.875,2.000,6,508086.985,3881306.686,-1.040177,0.000000,-0.000000,1.0000,,,TRACKING|w0 d0 L6
95.281447,129.088739000000,35.074464833333,508090.239,3881304.582,0.008,-2.675482,route_tangent,6,3.875,2.000,6,508086.985,3881306.686,-1.040177,0.000000,-0.000000,1.0000,,,TRACKING|w0 d0 L6
95.331497,129.088739000000,35.074464833333,508090.239,3881304.582,0.008,-2.675482,route_tangent,6,3.875,2.000,6,508086.985,3881306.686,-1.040177,0.000000,-0.000000,1.0000,,,TRACKING|w0 d0 L6
95.381610,129.088739000000,35.074464833333,508090.239,3881304.582,0.008,-2.675482,route_tangent,6,3.875,2.000,6,508086.985,3881306.686,-1.040177,0.000000,-0.000000,1.0000,,,TRACKING|w0 d0 L6
95.431489,129.088739000000,35.074464833333,508090.239,3881304.582,0.008,-2.675482,route_tangent,6,3.875,2.000,6,508086.985,3881306.686,-1.040177,0.000000,-0.000000,1.0000,,,TRACKING|w0 d0 L6
95.481437,129.088739000000,35.074464833333,508090.239,3881304.582,0.008,-2.675482,route_tangent,6,3.875,2.000,6,508086.985,3881306.686,-1.040177,0.000000,-0.000000,1.0000,,,TRACKING|w0 d0 L6
95.531442,129.088739000000,35.074464833333,508090.239,3881304.582,0.008,-2.675482,route_tangent,6,3.875,2.000,6,508086.985,3881306.686,-1.040177,0.000000,-0.000000,1.0000,,,TRACKING|w0 d0 L6
95.581661,129.088739000000,35.074464833333,508090.239,3881304.582,0.008,-2.675482,route_tangent,6,3.875,2.000,6,508086.985,3881306.686,-1.040177,0.000000,-0.000000,1.0000,,,TRACKING|w0 d0 L6
95.631427,129.088739000000,35.074464833333,508090.239,3881304.582,0.008,-2.675482,route_tangent,6,3.875,2.000,6,508086.985,3881306.686,-1.040177,0.000000,-0.000000,1.0000,,,TRACKING|w0 d0 L6
95.681447,129.088739000000,35.074464833333,508090.239,3881304.582,0.008,-2.675482,route_tangent,6,3.875,2.000,6,508086.985,3881306.686,-1.040177,0.000000,-0.000000,1.0000,,,TRACKING|w0 d0 L6
95.731407,129.088739000000,35.074464833333,508090.239,3881304.582,0.006,-2.675482,route_tangent,6,3.875,2.000,6,508086.985,3881306.686,-1.040177,0.000000,-0.000000,1.0000,,,TRACKING|w0 d0 L6
95.781466,129.088739000000,35.074464833333,508090.239,3881304.582,0.006,-2.675482,route_tangent,6,3.875,2.000,6,508086.985,3881306.686,-1.040177,0.000000,-0.000000,1.0000,,,TRACKING|w0 d0 L6
95.831471,129.088739000000,35.074464833333,508090.239,3881304.582,0.006,-2.675482,route_tangent,6,3.875,2.000,6,508086.985,3881306.686,-1.040177,0.000000,-0.000000,1.0000,,,TRACKING|w0 d0 L6
95.881945,129.088739000000,35.074464833333,508090.239,3881304.582,0.006,-2.675482,route_tangent,6,3.875,2.000,6,508086.985,3881306.686,-1.040177,0.000000,-0.000000,1.0000,,,TRACKING|w0 d0 L6
95.931435,129.088739000000,35.074464833333,508090.239,3881304.582,0.006,-2.675482,route_tangent,6,3.875,2.000,6,508086.985,3881306.686,-1.040177,0.000000,-0.000000,1.0000,,,TRACKING|w0 d0 L6
95.981464,129.088739000000,35.074464833333,508090.239,3881304.582,0.010,-2.675482,route_tangent,6,3.875,2.000,6,508086.985,3881306.686,-1.040177,0.000000,-0.000000,1.0000,,,TRACKING|w0 d0 L6
96.031569,129.088739000000,35.074464833333,508090.239,3881304.582,0.010,-2.675482,route_tangent,6,3.875,2.000,6,508086.985,3881306.686,-1.040177,0.000000,-0.000000,1.0000,,,TRACKING|w0 d0 L6
96.081514,129.088739000000,35.074464833333,508090.239,3881304.582,0.010,-2.675482,route_tangent,6,3.875,2.000,6,508086.985,3881306.686,-1.040177,0.000000,-0.000000,1.0000,,,TRACKING|w0 d0 L6
96.131624,129.088739000000,35.074464833333,508090.239,3881304.582,0.010,-2.675482,route_tangent,6,3.875,2.000,6,508086.985,3881306.686,-1.040177,0.000000,-0.000000,1.0000,,,TRACKING|w0 d0 L6
96.181416,129.088739000000,35.074464833333,508090.239,3881304.582,0.010,-2.675482,route_tangent,6,3.875,2.000,6,508086.985,3881306.686,-1.040177,0.000000,-0.000000,1.0000,,,TRACKING|w0 d0 L6
96.231410,129.088739000000,35.074464833333,508090.239,3881304.582,0.006,-2.675482,route_tangent,6,3.875,2.000,6,508086.985,3881306.686,-1.040177,0.000000,-0.000000,1.0000,,,TRACKING|w0 d0 L6
96.281412,129.088739000000,35.074464833333,508090.239,3881304.582,0.006,-2.675482,route_tangent,6,3.875,2.000,6,508086.985,3881306.686,-1.040177,0.000000,-0.000000,1.0000,,,TRACKING|w0 d0 L6
96.331438,129.088739000000,35.074464833333,508090.239,3881304.582,0.006,-2.675482,route_tangent,6,3.875,2.000,6,508086.985,3881306.686,-1.040177,0.000000,-0.000000,1.0000,,,TRACKING|w0 d0 L6
96.381446,129.088739000000,35.074464833333,508090.239,3881304.582,0.006,-2.675482,route_tangent,6,3.875,2.000,6,508086.985,3881306.686,-1.040177,0.000000,-0.000000,1.0000,,,TRACKING|w0 d0 L6
96.431656,129.088739000000,35.074464833333,508090.239,3881304.582,0.006,-2.675482,route_tangent,6,3.875,2.000,6,508086.985,3881306.686,-1.040177,0.000000,-0.000000,1.0000,,,TRACKING|w0 d0 L6
96.481490,129.088739000000,35.074464833333,508090.239,3881304.582,0.008,-2.675482,route_tangent,6,3.875,2.000,6,508086.985,3881306.686,-1.040177,0.000000,-0.000000,1.0000,,,TRACKING|w0 d0 L6
96.531571,129.088739000000,35.074464833333,508090.239,3881304.582,0.008,-2.675482,route_tangent,6,3.875,2.000,6,508086.985,3881306.686,-1.040177,0.000000,-0.000000,1.0000,,,TRACKING|w0 d0 L6
96.581431,129.088739000000,35.074464833333,508090.239,3881304.582,0.008,-2.675482,route_tangent,6,3.875,2.000,6,508086.985,3881306.686,-1.040177,0.000000,-0.000000,1.0000,,,TRACKING|w0 d0 L6
96.631834,129.088739000000,35.074464833333,508090.239,3881304.582,0.008,-2.675482,route_tangent,6,3.875,2.000,6,508086.985,3881306.686,-1.040177,0.000000,-0.000000,1.0000,,,TRACKING|w0 d0 L6
96.681452,129.088739000000,35.074464833333,508090.239,3881304.582,0.008,-2.675482,route_tangent,6,3.875,2.000,6,508086.985,3881306.686,-1.040177,0.000000,-0.000000,1.0000,,,TRACKING|w0 d0 L6
96.731386,129.088739000000,35.074464833333,508090.239,3881304.582,0.009,-2.675482,route_tangent,6,3.875,2.000,6,508086.985,3881306.686,-1.040177,0.000000,-0.000000,1.0000,,,TRACKING|w0 d0 L6
96.781493,129.088739000000,35.074464833333,508090.239,3881304.582,0.009,-2.675482,route_tangent,6,3.875,2.000,6,508086.985,3881306.686,-1.040177,0.000000,-0.000000,1.0000,,,TRACKING|w0 d0 L6
96.831408,129.088739000000,35.074464833333,508090.239,3881304.582,0.009,-2.675482,route_tangent,6,3.875,2.000,6,508086.985,3881306.686,-1.040177,0.000000,-0.000000,1.0000,,,TRACKING|w0 d0 L6
96.881414,129.088739000000,35.074464833333,508090.239,3881304.582,0.009,-2.675482,route_tangent,6,3.875,2.000,6,508086.985,3881306.686,-1.040177,0.000000,-0.000000,1.0000,,,TRACKING|w0 d0 L6
96.931446,129.088739000000,35.074464833333,508090.239,3881304.582,0.009,-2.675482,route_tangent,6,3.875,2.000,6,508086.985,3881306.686,-1.040177,0.000000,-0.000000,1.0000,,,TRACKING|w0 d0 L6
96.981459,129.088739000000,35.074464833333,508090.239,3881304.582,0.009,-2.675482,route_tangent,6,3.875,2.000,6,508086.985,3881306.686,-1.040177,0.000000,-0.000000,1.0000,,,TRACKING|w0 d0 L6
97.031606,129.088739000000,35.074464833333,508090.239,3881304.582,0.009,-2.675482,route_tangent,6,3.875,2.000,6,508086.985,3881306.686,-1.040177,0.000000,-0.000000,1.0000,,,TRACKING|w0 d0 L6
97.081428,129.088739000000,35.074464833333,508090.239,3881304.582,0.009,-2.675482,route_tangent,6,3.875,2.000,6,508086.985,3881306.686,-1.040177,0.000000,-0.000000,1.0000,,,TRACKING|w0 d0 L6
97.131519,129.088739000000,35.074464833333,508090.239,3881304.582,0.009,-2.675482,route_tangent,6,3.875,2.000,6,508086.985,3881306.686,-1.040177,0.000000,-0.000000,1.0000,,,TRACKING|w0 d0 L6
97.181570,129.088739000000,35.074464833333,508090.239,3881304.582,0.009,-2.675482,route_tangent,6,3.875,2.000,6,508086.985,3881306.686,-1.040177,0.000000,-0.000000,1.0000,,,TRACKING|w0 d0 L6
97.231410,129.088739000000,35.074464833333,508090.239,3881304.582,0.014,-2.675482,route_tangent,6,3.875,2.000,6,508086.985,3881306.686,-1.040177,0.000000,-0.000000,1.0000,,,TRACKING|w0 d0 L6
97.281470,129.088739000000,35.074464833333,508090.239,3881304.582,0.014,-2.675482,route_tangent,6,3.875,2.000,6,508086.985,3881306.686,-1.040177,0.000000,-0.000000,1.0000,,,TRACKING|w0 d0 L6
97.331413,129.088739000000,35.074464833333,508090.239,3881304.582,0.014,-2.675482,route_tangent,6,3.875,2.000,6,508086.985,3881306.686,-1.040177,0.000000,-0.000000,1.0000,,,TRACKING|w0 d0 L6
97.381477,129.088739000000,35.074464833333,508090.239,3881304.582,0.014,-2.675482,route_tangent,6,3.875,2.000,6,508086.985,3881306.686,-1.040177,0.000000,-0.000000,1.0000,,,TRACKING|w0 d0 L6
97.431402,129.088739000000,35.074464833333,508090.239,3881304.582,0.014,-2.675482,route_tangent,6,3.875,2.000,6,508086.985,3881306.686,-1.040177,0.000000,-0.000000,1.0000,,,TRACKING|w0 d0 L6
97.481856,129.088739000000,35.074464833333,508090.239,3881304.582,0.011,-2.675482,route_tangent,6,3.875,2.000,6,508086.985,3881306.686,-1.040177,0.000000,-0.000000,1.0000,,,TRACKING|w0 d0 L6
97.531451,129.088739000000,35.074464833333,508090.239,3881304.582,0.011,-2.675482,route_tangent,6,3.875,2.000,6,508086.985,3881306.686,-1.040177,0.000000,-0.000000,1.0000,,,TRACKING|w0 d0 L6
97.581574,129.088739000000,35.074464833333,508090.239,3881304.582,0.011,-2.675482,route_tangent,6,3.875,2.000,6,508086.985,3881306.686,-1.040177,0.000000,-0.000000,1.0000,,,TRACKING|w0 d0 L6
97.631412,129.088739000000,35.074464833333,508090.239,3881304.582,0.011,-2.675482,route_tangent,6,3.875,2.000,6,508086.985,3881306.686,-1.040177,0.000000,-0.000000,1.0000,,,TRACKING|w0 d0 L6
97.681413,129.088739000000,35.074464833333,508090.239,3881304.582,0.011,-2.675482,route_tangent,6,3.875,2.000,6,508086.985,3881306.686,-1.040177,0.000000,-0.000000,1.0000,,,TRACKING|w0 d0 L6
97.731461,129.088739000000,35.074464833333,508090.239,3881304.582,0.013,-2.675482,route_tangent,6,3.875,2.000,6,508086.985,3881306.686,-1.040177,0.000000,-0.000000,1.0000,,,TRACKING|w0 d0 L6
97.781521,129.088739000000,35.074464833333,508090.239,3881304.582,0.013,-2.675482,route_tangent,6,3.875,2.000,6,508086.985,3881306.686,-1.040177,0.000000,-0.000000,1.0000,,,TRACKING|w0 d0 L6
97.831413,129.088739000000,35.074464833333,508090.239,3881304.582,0.013,-2.675482,route_tangent,6,3.875,2.000,6,508086.985,3881306.686,-1.040177,0.000000,-0.000000,1.0000,,,TRACKING|w0 d0 L6
97.881436,129.088739000000,35.074464833333,508090.239,3881304.582,0.013,-2.675482,route_tangent,6,3.875,2.000,6,508086.985,3881306.686,-1.040177,0.000000,-0.000000,1.0000,,,TRACKING|w0 d0 L6
97.931468,129.088739000000,35.074464833333,508090.239,3881304.582,0.013,-2.675482,route_tangent,6,3.875,2.000,6,508086.985,3881306.686,-1.040177,0.000000,-0.000000,1.0000,,,TRACKING|w0 d0 L6
97.981503,129.088739000000,35.074464833333,508090.239,3881304.582,0.005,-2.675482,route_tangent,6,3.875,2.000,6,508086.985,3881306.686,-1.040177,0.000000,-0.000000,1.0000,,,TRACKING|w0 d0 L6
98.031429,129.088739000000,35.074464833333,508090.239,3881304.582,0.005,-2.675482,route_tangent,6,3.875,2.000,6,508086.985,3881306.686,-1.040177,0.000000,-0.000000,1.0000,,,TRACKING|w0 d0 L6
98.081474,129.088739000000,35.074464833333,508090.239,3881304.582,0.005,-2.675482,route_tangent,6,3.875,2.000,6,508086.985,3881306.686,-1.040177,0.000000,-0.000000,1.0000,,,TRACKING|w0 d0 L6
98.131481,129.088739000000,35.074464833333,508090.239,3881304.582,0.005,-2.675482,route_tangent,6,3.875,2.000,6,508086.985,3881306.686,-1.040177,0.000000,-0.000000,1.0000,,,TRACKING|w0 d0 L6
98.181736,129.088739000000,35.074464833333,508090.239,3881304.582,0.005,-2.675482,route_tangent,6,3.875,2.000,6,508086.985,3881306.686,-1.040177,0.000000,-0.000000,1.0000,,,TRACKING|w0 d0 L6
98.231421,129.088739000000,35.074464833333,508090.239,3881304.582,0.006,-2.675482,route_tangent,6,3.875,2.000,6,508086.985,3881306.686,-1.040177,0.000000,-0.000000,1.0000,,,TRACKING|w0 d0 L6
98.281912,129.088739000000,35.074464833333,508090.239,3881304.582,0.006,-2.675482,route_tangent,6,3.875,2.000,6,508086.985,3881306.686,-1.040177,0.000000,-0.000000,1.0000,,,TRACKING|w0 d0 L6
98.331449,129.088739000000,35.074464833333,508090.239,3881304.582,0.006,-2.675482,route_tangent,6,3.875,2.000,6,508086.985,3881306.686,-1.040177,0.000000,-0.000000,1.0000,,,TRACKING|w0 d0 L6
98.381742,129.088739000000,35.074464833333,508090.239,3881304.582,0.006,-2.675482,route_tangent,6,3.875,2.000,6,508086.985,3881306.686,-1.040177,0.000000,-0.000000,1.0000,,,TRACKING|w0 d0 L6
98.431428,129.088739000000,35.074464833333,508090.239,3881304.582,0.006,-2.675482,route_tangent,6,3.875,2.000,6,508086.985,3881306.686,-1.040177,0.000000,-0.000000,1.0000,,,TRACKING|w0 d0 L6
98.481427,129.088739000000,35.074464833333,508090.239,3881304.582,0.009,-2.675482,route_tangent,6,3.875,2.000,6,508086.985,3881306.686,-1.040177,0.000000,-0.000000,1.0000,,,TRACKING|w0 d0 L6
98.531420,129.088739000000,35.074464833333,508090.239,3881304.582,0.009,-2.675482,route_tangent,6,3.875,2.000,6,508086.985,3881306.686,-1.040177,0.000000,-0.000000,1.0000,,,TRACKING|w0 d0 L6
98.581445,129.088739000000,35.074464833333,508090.239,3881304.582,0.009,-2.675482,route_tangent,6,3.875,2.000,6,508086.985,3881306.686,-1.040177,0.000000,-0.000000,1.0000,,,TRACKING|w0 d0 L6
98.631452,129.088739000000,35.074464833333,508090.239,3881304.582,0.009,-2.675482,route_tangent,6,3.875,2.000,6,508086.985,3881306.686,-1.040177,0.000000,-0.000000,1.0000,,,TRACKING|w0 d0 L6
98.681578,129.088739000000,35.074464833333,508090.239,3881304.582,0.009,-2.675482,route_tangent,6,3.875,2.000,6,508086.985,3881306.686,-1.040177,0.000000,-0.000000,1.0000,,,TRACKING|w0 d0 L6
98.731431,129.088739000000,35.074464833333,508090.239,3881304.582,0.011,-2.675482,route_tangent,6,3.875,2.000,6,508086.985,3881306.686,-1.040177,0.000000,-0.000000,1.0000,,,TRACKING|w0 d0 L6
98.782202,129.088739000000,35.074464833333,508090.239,3881304.582,0.011,-2.675482,route_tangent,6,3.875,2.000,6,508086.985,3881306.686,-1.040177,0.000000,-0.000000,1.0000,,,TRACKING|w0 d0 L6
98.831553,129.088739000000,35.074464833333,508090.239,3881304.582,0.011,-2.675482,route_tangent,6,3.875,2.000,6,508086.985,3881306.686,-1.040177,0.000000,-0.000000,1.0000,,,TRACKING|w0 d0 L6
98.881589,129.088739000000,35.074464833333,508090.239,3881304.582,0.011,-2.675482,route_tangent,6,3.875,2.000,6,508086.985,3881306.686,-1.040177,0.000000,-0.000000,1.0000,,,TRACKING|w0 d0 L6
98.931477,129.088739000000,35.074464833333,508090.239,3881304.582,0.011,-2.675482,route_tangent,6,3.875,2.000,6,508086.985,3881306.686,-1.040177,0.000000,-0.000000,1.0000,,,TRACKING|w0 d0 L6
98.981473,129.088739000000,35.074464833333,508090.239,3881304.582,0.010,-2.675482,route_tangent,6,3.875,2.000,6,508086.985,3881306.686,-1.040177,0.000000,-0.000000,1.0000,,,TRACKING|w0 d0 L6
99.031428,129.088739000000,35.074464833333,508090.239,3881304.582,0.010,-2.675482,route_tangent,6,3.875,2.000,6,508086.985,3881306.686,-1.040177,0.000000,-0.000000,1.0000,,,TRACKING|w0 d0 L6
99.081464,129.088739000000,35.074464833333,508090.239,3881304.582,0.010,-2.675482,route_tangent,6,3.875,2.000,6,508086.985,3881306.686,-1.040177,0.000000,-0.000000,1.0000,,,TRACKING|w0 d0 L6
99.131430,129.088739000000,35.074464833333,508090.239,3881304.582,0.010,-2.675482,route_tangent,6,3.875,2.000,6,508086.985,3881306.686,-1.040177,0.000000,-0.000000,1.0000,,,TRACKING|w0 d0 L6
99.181455,129.088739000000,35.074464833333,508090.239,3881304.582,0.010,-2.675482,route_tangent,6,3.875,2.000,6,508086.985,3881306.686,-1.040177,0.000000,-0.000000,1.0000,,,TRACKING|w0 d0 L6
99.231539,129.088739000000,35.074465000000,508090.239,3881304.601,0.008,-2.675482,route_tangent,6,3.865,2.000,6,508086.985,3881306.686,-1.036163,0.000000,-0.000000,1.0000,,,TRACKING|w0 d0 L6
99.281406,129.088739000000,35.074465000000,508090.239,3881304.601,0.008,-2.675482,route_tangent,6,3.865,2.000,6,508086.985,3881306.686,-1.036163,0.000000,-0.000000,1.0000,,,TRACKING|w0 d0 L6
99.331463,129.088739000000,35.074465000000,508090.239,3881304.601,0.008,-2.675482,route_tangent,6,3.865,2.000,6,508086.985,3881306.686,-1.036163,0.000000,-0.000000,1.0000,,,TRACKING|w0 d0 L6
99.381500,129.088739000000,35.074465000000,508090.239,3881304.601,0.008,-2.675482,route_tangent,6,3.865,2.000,6,508086.985,3881306.686,-1.036163,0.000000,-0.000000,1.0000,,,TRACKING|w0 d0 L6
99.431438,129.088739000000,35.074465000000,508090.239,3881304.601,0.008,-2.675482,route_tangent,6,3.865,2.000,6,508086.985,3881306.686,-1.036163,0.000000,-0.000000,1.0000,,,TRACKING|w0 d0 L6
99.481587,129.088739000000,35.074465000000,508090.239,3881304.601,0.009,-2.675482,route_tangent,6,3.865,2.000,6,508086.985,3881306.686,-1.036163,0.000000,-0.000000,1.0000,,,TRACKING|w0 d0 L6
99.531416,129.088739000000,35.074465000000,508090.239,3881304.601,0.009,-2.675482,route_tangent,6,3.865,2.000,6,508086.985,3881306.686,-1.036163,0.000000,-0.000000,1.0000,,,TRACKING|w0 d0 L6
99.581753,129.088739000000,35.074465000000,508090.239,3881304.601,0.009,-2.675482,route_tangent,6,3.865,2.000,6,508086.985,3881306.686,-1.036163,0.000000,-0.000000,1.0000,,,TRACKING|w0 d0 L6
99.631555,129.088739000000,35.074465000000,508090.239,3881304.601,0.009,-2.675482,route_tangent,6,3.865,2.000,6,508086.985,3881306.686,-1.036163,0.000000,-0.000000,1.0000,,,TRACKING|w0 d0 L6
99.681557,129.088739000000,35.074465000000,508090.239,3881304.601,0.009,-2.675482,route_tangent,6,3.865,2.000,6,508086.985,3881306.686,-1.036163,0.000000,-0.000000,1.0000,,,TRACKING|w0 d0 L6
99.731431,129.088739000000,35.074464833333,508090.239,3881304.582,0.003,-2.675482,route_tangent,6,3.875,2.000,6,508086.985,3881306.686,-1.040177,0.000000,-0.000000,1.0000,,,TRACKING|w0 d0 L6
99.781456,129.088739000000,35.074464833333,508090.239,3881304.582,0.003,-2.675482,route_tangent,6,3.875,2.000,6,508086.985,3881306.686,-1.040177,0.000000,-0.000000,1.0000,,,TRACKING|w0 d0 L6
99.831392,129.088739000000,35.074464833333,508090.239,3881304.582,0.003,-2.675482,route_tangent,6,3.875,2.000,6,508086.985,3881306.686,-1.040177,0.000000,-0.000000,1.0000,,,TRACKING|w0 d0 L6
99.881437,129.088739000000,35.074464833333,508090.239,3881304.582,0.003,-2.675482,route_tangent,6,3.875,2.000,6,508086.985,3881306.686,-1.040177,0.000000,-0.000000,1.0000,,,TRACKING|w0 d0 L6
99.931437,129.088739000000,35.074464833333,508090.239,3881304.582,0.003,-2.675482,route_tangent,6,3.875,2.000,6,508086.985,3881306.686,-1.040177,0.000000,-0.000000,1.0000,,,TRACKING|w0 d0 L6
99.981410,129.088739000000,35.074464833333,508090.239,3881304.582,0.011,-2.675482,route_tangent,6,3.875,2.000,6,508086.985,3881306.686,-1.040177,0.000000,-0.000000,1.0000,,,TRACKING|w0 d0 L6
100.031425,129.088739000000,35.074464833333,508090.239,3881304.582,0.011,-2.675482,route_tangent,6,3.875,2.000,6,508086.985,3881306.686,-1.040177,0.000000,-0.000000,1.0000,,,TRACKING|w0 d0 L6
100.081582,129.088739000000,35.074464833333,508090.239,3881304.582,0.011,-2.675482,route_tangent,6,3.875,2.000,6,508086.985,3881306.686,-1.040177,0.000000,-0.000000,1.0000,,,TRACKING|w0 d0 L6
100.131516,129.088739000000,35.074464833333,508090.239,3881304.582,0.011,-2.675482,route_tangent,6,3.875,2.000,6,508086.985,3881306.686,-1.040177,0.000000,-0.000000,1.0000,,,TRACKING|w0 d0 L6
100.181969,129.088739000000,35.074464833333,508090.239,3881304.582,0.011,-2.675482,route_tangent,6,3.875,2.000,6,508086.985,3881306.686,-1.040177,0.000000,-0.000000,1.0000,,,TRACKING|w0 d0 L6
100.231941,129.088739000000,35.074464833333,508090.239,3881304.582,0.013,-2.675482,route_tangent,6,3.875,2.000,6,508086.985,3881306.686,-1.040177,0.000000,-0.000000,1.0000,,,TRACKING|w0 d0 L6
100.281386,129.088739000000,35.074464833333,508090.239,3881304.582,0.013,-2.675482,route_tangent,6,3.875,2.000,6,508086.985,3881306.686,-1.040177,0.000000,-0.000000,1.0000,,,TRACKING|w0 d0 L6
100.331429,129.088739000000,35.074464833333,508090.239,3881304.582,0.013,-2.675482,route_tangent,6,3.875,2.000,6,508086.985,3881306.686,-1.040177,0.000000,-0.000000,1.0000,,,TRACKING|w0 d0 L6
100.381532,129.088739000000,35.074464833333,508090.239,3881304.582,0.013,-2.675482,route_tangent,6,3.875,2.000,6,508086.985,3881306.686,-1.040177,0.000000,-0.000000,1.0000,,,TRACKING|w0 d0 L6
100.431431,129.088739000000,35.074464833333,508090.239,3881304.582,0.013,-2.675482,route_tangent,6,3.875,2.000,6,508086.985,3881306.686,-1.040177,0.000000,-0.000000,1.0000,,,TRACKING|w0 d0 L6
100.481439,129.088738833333,35.074464833333,508090.224,3881304.582,0.044,-2.675482,route_tangent,6,3.862,2.000,6,508086.985,3881306.686,-1.042316,0.000000,-0.000000,1.0000,,,TRACKING|w0 d0 L6
100.531516,129.088738833333,35.074464833333,508090.224,3881304.582,0.044,-2.675482,route_tangent,6,3.862,2.000,6,508086.985,3881306.686,-1.042316,0.000000,-0.000000,1.0000,,,TRACKING|w0 d0 L6
100.581632,129.088738833333,35.074464833333,508090.224,3881304.582,0.044,-2.675482,route_tangent,6,3.862,2.000,6,508086.985,3881306.686,-1.042316,0.000000,-0.000000,1.0000,,,TRACKING|w0 d0 L6
100.631515,129.088738833333,35.074464833333,508090.224,3881304.582,0.044,-2.675482,route_tangent,6,3.862,2.000,6,508086.985,3881306.686,-1.042316,0.000000,-0.000000,1.0000,,,TRACKING|w0 d0 L6
100.681539,129.088738833333,35.074464833333,508090.224,3881304.582,0.044,-2.675482,route_tangent,6,3.862,2.000,6,508086.985,3881306.686,-1.042316,0.000000,-0.000000,1.0000,,,TRACKING|w0 d0 L6
100.731453,129.088738500000,35.074464666667,508090.193,3881304.564,0.149,0.761454,gps_course,6,3.847,2.000,6,508086.985,3881306.686,1.795596,-0.260000,-0.029948,1.0000,,,TRACKING|w0 d0 L6
100.781432,129.088738500000,35.074464666667,508090.193,3881304.564,0.149,0.761454,gps_course,6,3.847,2.000,6,508086.985,3881306.686,1.795596,-0.260000,-0.059936,1.0000,,,TRACKING|w0 d0 L6
100.831414,129.088738500000,35.074464666667,508090.193,3881304.564,0.149,0.761454,gps_course,6,3.847,2.000,6,508086.985,3881306.686,1.795596,-0.260000,-0.089925,1.0000,,,TRACKING|w0 d0 L6
100.881419,129.088738500000,35.074464666667,508090.193,3881304.564,0.149,0.761454,gps_course,6,3.847,2.000,6,508086.985,3881306.686,1.795596,-0.260000,-0.119928,1.0000,,,TRACKING|w0 d0 L6
100.931439,129.088738500000,35.074464666667,508090.193,3881304.564,0.149,0.761454,gps_course,6,3.847,2.000,6,508086.985,3881306.686,1.795596,-0.260000,-0.149940,1.0000,,,TRACKING|w0 d0 L6
100.981776,129.088738166667,35.074464666667,508090.163,3881304.564,0.133,1.009538,gps_course,6,3.821,2.000,6,508086.985,3881306.686,1.543118,-0.260000,-0.180142,1.0000,,,TRACKING|w0 d0 L6
101.031541,129.088738166667,35.074464666667,508090.163,3881304.564,0.133,1.009538,gps_course,6,3.821,2.000,6,508086.985,3881306.686,1.543118,-0.260000,-0.210001,1.0000,,,TRACKING|w0 d0 L6
101.081704,129.088738166667,35.074464666667,508090.163,3881304.564,0.133,1.009538,gps_course,6,3.821,2.000,6,508086.985,3881306.686,1.543118,-0.260000,-0.230001,1.0000,,,TRACKING|w0 d0 L6
101.131407,129.088738166667,35.074464666667,508090.163,3881304.564,0.133,1.009538,gps_course,6,3.821,2.000,6,508086.985,3881306.686,1.543118,-0.260000,-0.242000,1.0000,,,TRACKING|w0 d0 L6
101.181412,129.088738166667,35.074464666667,508090.163,3881304.564,0.133,1.009538,gps_course,6,3.821,2.000,6,508086.985,3881306.686,1.543118,-0.260000,-0.249200,1.0000,,,TRACKING|w0 d0 L6
101.231427,129.088737833333,35.074464500000,508090.133,3881304.545,0.099,1.009538,gps_course,6,3.807,2.000,6,508086.985,3881306.686,1.534642,-0.260000,-0.253520,1.0000,,,TRACKING|w0 d0 L6
101.281451,129.088737833333,35.074464500000,508090.133,3881304.545,0.099,1.009538,gps_course,6,3.807,2.000,6,508086.985,3881306.686,1.534642,-0.260000,-0.256112,1.0000,,,TRACKING|w0 d0 L6
101.331420,129.088737833333,35.074464500000,508090.133,3881304.545,0.099,1.009538,gps_course,6,3.807,2.000,6,508086.985,3881306.686,1.534642,-0.260000,-0.257667,1.0000,,,TRACKING|w0 d0 L6
101.381417,129.088737833333,35.074464500000,508090.133,3881304.545,0.099,1.009538,gps_course,6,3.807,2.000,6,508086.985,3881306.686,1.534642,-0.260000,-0.258600,1.0000,,,TRACKING|w0 d0 L6
101.431420,129.088737833333,35.074464500000,508090.133,3881304.545,0.099,1.009538,gps_course,6,3.807,2.000,6,508086.985,3881306.686,1.534642,-0.260000,-0.259160,1.0000,,,TRACKING|w0 d0 L6
101.481889,129.088737666667,35.074464500000,508090.117,3881304.545,0.099,1.009538,gps_course,6,3.794,2.000,6,508086.985,3881306.686,1.532386,-0.260000,-0.259496,1.0000,,,TRACKING|w0 d0 L6
101.531414,129.088737666667,35.074464500000,508090.117,3881304.545,0.099,1.009538,gps_course,6,3.794,2.000,6,508086.985,3881306.686,1.532386,-0.260000,-0.259698,1.0000,,,TRACKING|w0 d0 L6
101.581449,129.088737666667,35.074464500000,508090.117,3881304.545,0.099,1.009538,gps_course,6,3.794,2.000,6,508086.985,3881306.686,1.532386,-0.260000,-0.259819,1.0000,,,TRACKING|w0 d0 L6
101.631416,129.088737666667,35.074464500000,508090.117,3881304.545,0.099,1.009538,gps_course,6,3.794,2.000,6,508086.985,3881306.686,1.532386,-0.260000,-0.259891,1.0000,,,TRACKING|w0 d0 L6
101.681442,129.088737666667,35.074464500000,508090.117,3881304.545,0.099,1.009538,gps_course,6,3.794,2.000,6,508086.985,3881306.686,1.532386,-0.260000,-0.259935,1.0000,,,TRACKING|w0 d0 L6
101.731434,129.088737833333,35.074464500000,508090.133,3881304.545,0.007,1.009538,gps_course,6,3.807,2.000,6,508086.985,3881306.686,1.534642,-0.260000,-0.259961,1.0000,,,TRACKING|w0 d0 L6
101.781454,129.088737833333,35.074464500000,508090.133,3881304.545,0.007,1.009538,gps_course,6,3.807,2.000,6,508086.985,3881306.686,1.534642,-0.260000,-0.259976,1.0000,,,TRACKING|w0 d0 L6
101.831744,129.088737833333,35.074464500000,508090.133,3881304.545,0.007,1.009538,gps_course,6,3.807,2.000,6,508086.985,3881306.686,1.534642,-0.260000,-0.259986,1.0000,,,TRACKING|w0 d0 L6
101.881468,129.088737833333,35.074464500000,508090.133,3881304.545,0.007,1.009538,gps_course,6,3.807,2.000,6,508086.985,3881306.686,1.534642,-0.260000,-0.259992,1.0000,,,TRACKING|w0 d0 L6
101.931663,129.088737833333,35.074464500000,508090.133,3881304.545,0.007,1.009538,gps_course,6,3.807,2.000,6,508086.985,3881306.686,1.534642,-0.260000,-0.259995,1.0000,,,TRACKING|w0 d0 L6
101.981709,129.088737833333,35.074464500000,508090.133,3881304.545,0.008,1.009538,gps_course,6,3.807,2.000,6,508086.985,3881306.686,1.534642,-0.260000,-0.259997,1.0000,,,TRACKING|w0 d0 L6
102.031490,129.088737833333,35.074464500000,508090.133,3881304.545,0.008,1.009538,gps_course,6,3.807,2.000,6,508086.985,3881306.686,1.534642,-0.260000,-0.259998,1.0000,,,TRACKING|w0 d0 L6
102.081446,129.088737833333,35.074464500000,508090.133,3881304.545,0.008,1.009538,gps_course,6,3.807,2.000,6,508086.985,3881306.686,1.534642,-0.260000,-0.259999,1.0000,,,TRACKING|w0 d0 L6
102.131618,129.088737833333,35.074464500000,508090.133,3881304.545,0.008,1.009538,gps_course,6,3.807,2.000,6,508086.985,3881306.686,1.534642,-0.260000,-0.259999,1.0000,,,TRACKING|w0 d0 L6
102.181428,129.088737833333,35.074464500000,508090.133,3881304.545,0.008,1.009538,gps_course,6,3.807,2.000,6,508086.985,3881306.686,1.534642,-0.260000,-0.260000,1.0000,,,TRACKING|w0 d0 L6
102.231417,129.088737833333,35.074464333333,508090.133,3881304.527,0.004,1.009538,gps_course,6,3.817,2.000,6,508086.985,3881306.686,1.530641,-0.260000,-0.260000,1.0000,,,TRACKING|w0 d0 L6
102.281420,129.088737833333,35.074464333333,508090.133,3881304.527,0.004,1.009538,gps_course,6,3.817,2.000,6,508086.985,3881306.686,1.530641,-0.260000,-0.260000,1.0000,,,TRACKING|w0 d0 L6
102.331526,129.088737833333,35.074464333333,508090.133,3881304.527,0.004,1.009538,gps_course,6,3.817,2.000,6,508086.985,3881306.686,1.530641,-0.260000,-0.260000,1.0000,,,TRACKING|w0 d0 L6
102.381588,129.088737833333,35.074464333333,508090.133,3881304.527,0.004,1.009538,gps_course,6,3.817,2.000,6,508086.985,3881306.686,1.530641,-0.260000,-0.260000,1.0000,,,TRACKING|w0 d0 L6
102.431603,129.088737833333,35.074464333333,508090.133,3881304.527,0.004,1.009538,gps_course,6,3.817,2.000,6,508086.985,3881306.686,1.530641,-0.260000,-0.260000,1.0000,,,TRACKING|w0 d0 L6
102.481456,129.088737666667,35.074464500000,508090.117,3881304.545,0.012,1.009538,gps_course,6,3.794,2.000,6,508086.985,3881306.686,1.532386,-0.260000,-0.260000,1.0000,,,TRACKING|w0 d0 L6
102.531526,129.088737666667,35.074464500000,508090.117,3881304.545,0.012,1.009538,gps_course,6,3.794,2.000,6,508086.985,3881306.686,1.532386,-0.260000,-0.260000,1.0000,,,TRACKING|w0 d0 L6
102.581463,129.088737666667,35.074464500000,508090.117,3881304.545,0.012,1.009538,gps_course,6,3.794,2.000,6,508086.985,3881306.686,1.532386,-0.260000,-0.260000,1.0000,,,TRACKING|w0 d0 L6
102.631423,129.088737666667,35.074464500000,508090.117,3881304.545,0.012,1.009538,gps_course,6,3.794,2.000,6,508086.985,3881306.686,1.532386,-0.260000,-0.260000,1.0000,,,TRACKING|w0 d0 L6
102.681532,129.088737666667,35.074464500000,508090.117,3881304.545,0.012,1.009538,gps_course,6,3.794,2.000,6,508086.985,3881306.686,1.532386,-0.260000,-0.260000,1.0000,,,TRACKING|w0 d0 L6
102.731576,129.088737833333,35.074464500000,508090.133,3881304.545,0.006,1.009538,gps_course,6,3.807,2.000,6,508086.985,3881306.686,1.534642,-0.260000,-0.260000,1.0000,,,TRACKING|w0 d0 L6
102.781595,129.088737833333,35.074464500000,508090.133,3881304.545,0.006,1.009538,gps_course,6,3.807,2.000,6,508086.985,3881306.686,1.534642,-0.260000,-0.260000,1.0000,,,TRACKING|w0 d0 L6
102.831493,129.088737833333,35.074464500000,508090.133,3881304.545,0.006,1.009538,gps_course,6,3.807,2.000,6,508086.985,3881306.686,1.534642,-0.260000,-0.260000,1.0000,,,TRACKING|w0 d0 L6
102.881652,129.088737833333,35.074464500000,508090.133,3881304.545,0.006,1.009538,gps_course,6,3.807,2.000,6,508086.985,3881306.686,1.534642,-0.260000,-0.260000,1.0000,,,TRACKING|w0 d0 L6
102.931458,129.088737833333,35.074464500000,508090.133,3881304.545,0.006,1.009538,gps_course,6,3.807,2.000,6,508086.985,3881306.686,1.534642,-0.260000,-0.260000,1.0000,,,TRACKING|w0 d0 L6
102.981479,129.088738166667,35.074464500000,508090.163,3881304.545,0.180,0.758080,gps_course,6,3.832,2.000,6,508086.985,3881306.686,1.790568,-0.260000,-0.260000,1.0000,,,TRACKING|w0 d0 L6
103.031418,129.088738166667,35.074464500000,508090.163,3881304.545,0.180,0.758080,gps_course,6,3.832,2.000,6,508086.985,3881306.686,1.790568,-0.260000,-0.260000,1.0000,,,TRACKING|w0 d0 L6
103.081865,129.088738166667,35.074464500000,508090.163,3881304.545,0.180,0.758080,gps_course,6,3.832,2.000,6,508086.985,3881306.686,1.790568,-0.260000,-0.260000,1.0000,,,TRACKING|w0 d0 L6
103.131690,129.088738166667,35.074464500000,508090.163,3881304.545,0.180,0.758080,gps_course,6,3.832,2.000,6,508086.985,3881306.686,1.790568,-0.260000,-0.260000,1.0000,,,TRACKING|w0 d0 L6
103.181405,129.088738166667,35.074464500000,508090.163,3881304.545,0.180,0.758080,gps_course,6,3.832,2.000,6,508086.985,3881306.686,1.790568,-0.260000,-0.260000,1.0000,,,TRACKING|w0 d0 L6
103.231416,129.088738833333,35.074464833333,508090.224,3881304.582,0.234,0.642630,gps_course,6,3.862,2.000,6,508086.985,3881306.686,1.922757,-0.260000,-0.260000,1.0000,,,TRACKING|w0 d0 L6
103.281452,129.088738833333,35.074464833333,508090.224,3881304.582,0.234,0.642630,gps_course,6,3.862,2.000,6,508086.985,3881306.686,1.922757,-0.260000,-0.260000,1.0000,,,TRACKING|w0 d0 L6
103.331438,129.088738833333,35.074464833333,508090.224,3881304.582,0.234,0.642630,gps_course,6,3.862,2.000,6,508086.985,3881306.686,1.922757,-0.260000,-0.260000,1.0000,,,TRACKING|w0 d0 L6
103.381430,129.088738833333,35.074464833333,508090.224,3881304.582,0.234,0.642630,gps_course,6,3.862,2.000,6,508086.985,3881306.686,1.922757,-0.260000,-0.260000,1.0000,,,TRACKING|w0 d0 L6
103.431460,129.088738833333,35.074464833333,508090.224,3881304.582,0.234,0.642630,gps_course,6,3.862,2.000,6,508086.985,3881306.686,1.922757,-0.260000,-0.260000,1.0000,,,TRACKING|w0 d0 L6
103.481429,129.088739000000,35.074464833333,508090.239,3881304.582,0.074,0.642630,gps_course,6,3.875,2.000,6,508086.985,3881306.686,1.924897,-0.260000,-0.260000,1.0000,,,TRACKING|w0 d0 L6
103.531640,129.088739000000,35.074464833333,508090.239,3881304.582,0.074,0.642630,gps_course,6,3.875,2.000,6,508086.985,3881306.686,1.924897,-0.260000,-0.260000,1.0000,,,TRACKING|w0 d0 L6
103.581624,129.088739000000,35.074464833333,508090.239,3881304.582,0.074,0.642630,gps_course,6,3.875,2.000,6,508086.985,3881306.686,1.924897,-0.260000,-0.260000,1.0000,,,TRACKING|w0 d0 L6
103.631493,129.088739000000,35.074464833333,508090.239,3881304.582,0.074,0.642630,gps_course,6,3.875,2.000,6,508086.985,3881306.686,1.924897,-0.260000,-0.260000,1.0000,,,TRACKING|w0 d0 L6
103.681440,129.088739000000,35.074464833333,508090.239,3881304.582,0.074,0.642630,gps_course,6,3.875,2.000,6,508086.985,3881306.686,1.924897,-0.260000,-0.260000,1.0000,,,TRACKING|w0 d0 L6
103.731552,129.088739000000,35.074464833333,508090.239,3881304.582,0.005,0.642630,gps_course,6,3.875,2.000,6,508086.985,3881306.686,1.924897,-0.260000,-0.260000,1.0000,,,TRACKING|w0 d0 L6
103.781569,129.088739000000,35.074464833333,508090.239,3881304.582,0.005,0.642630,gps_course,6,3.875,2.000,6,508086.985,3881306.686,1.924897,-0.260000,-0.260000,1.0000,,,TRACKING|w0 d0 L6
103.831419,129.088739000000,35.074464833333,508090.239,3881304.582,0.005,0.642630,gps_course,6,3.875,2.000,6,508086.985,3881306.686,1.924897,-0.260000,-0.260000,1.0000,,,TRACKING|w0 d0 L6
103.881422,129.088739000000,35.074464833333,508090.239,3881304.582,0.005,0.642630,gps_course,6,3.875,2.000,6,508086.985,3881306.686,1.924897,-0.260000,-0.260000,1.0000,,,TRACKING|w0 d0 L6
103.931446,129.088739000000,35.074464833333,508090.239,3881304.582,0.005,0.642630,gps_course,6,3.875,2.000,6,508086.985,3881306.686,1.924897,-0.260000,-0.260000,1.0000,,,TRACKING|w0 d0 L6
103.981538,129.088738833333,35.074464833333,508090.224,3881304.582,0.022,0.642630,gps_course,6,3.862,2.000,6,508086.985,3881306.686,1.922757,-0.260000,-0.260000,1.0000,,,TRACKING|w0 d0 L6
104.031414,129.088738833333,35.074464833333,508090.224,3881304.582,0.022,0.642630,gps_course,6,3.862,2.000,6,508086.985,3881306.686,1.922757,-0.260000,-0.260000,1.0000,,,TRACKING|w0 d0 L6
104.081438,129.088738833333,35.074464833333,508090.224,3881304.582,0.022,0.642630,gps_course,6,3.862,2.000,6,508086.985,3881306.686,1.922757,-0.260000,-0.260000,1.0000,,,TRACKING|w0 d0 L6
104.131688,129.088738833333,35.074464833333,508090.224,3881304.582,0.022,0.642630,gps_course,6,3.862,2.000,6,508086.985,3881306.686,1.922757,-0.260000,-0.260000,1.0000,,,TRACKING|w0 d0 L6
104.181396,129.088738833333,35.074464833333,508090.224,3881304.582,0.022,0.642630,gps_course,6,3.862,2.000,6,508086.985,3881306.686,1.922757,-0.260000,-0.260000,1.0000,,,TRACKING|w0 d0 L6
104.231390,129.088738833333,35.074464833333,508090.224,3881304.582,0.022,0.642630,gps_course,6,3.862,2.000,6,508086.985,3881306.686,1.922757,-0.260000,-0.260000,1.0000,,,TRACKING|w0 d0 L6
104.281397,129.088738833333,35.074464833333,508090.224,3881304.582,0.022,0.642630,gps_course,6,3.862,2.000,6,508086.985,3881306.686,1.922757,-0.260000,-0.260000,1.0000,,,TRACKING|w0 d0 L6
104.331387,129.088738833333,35.074464833333,508090.224,3881304.582,0.022,0.642630,gps_course,6,3.862,2.000,6,508086.985,3881306.686,1.922757,-0.260000,-0.260000,1.0000,,,TRACKING|w0 d0 L6
104.381458,129.088738833333,35.074464833333,508090.224,3881304.582,0.022,0.642630,gps_course,6,3.862,2.000,6,508086.985,3881306.686,1.922757,-0.260000,-0.260000,1.0000,,,TRACKING|w0 d0 L6
104.431681,129.088738833333,35.074464833333,508090.224,3881304.582,0.022,0.642630,gps_course,6,3.862,2.000,6,508086.985,3881306.686,1.922757,-0.260000,-0.260000,1.0000,,,TRACKING|w0 d0 L6
104.481672,129.088738833333,35.074464833333,508090.224,3881304.582,0.021,0.642630,gps_course,6,3.862,2.000,6,508086.985,3881306.686,1.922757,-0.260000,-0.260000,1.0000,,,TRACKING|w0 d0 L6
104.531804,129.088738833333,35.074464833333,508090.224,3881304.582,0.021,0.642630,gps_course,6,3.862,2.000,6,508086.985,3881306.686,1.922757,-0.260000,-0.260000,1.0000,,,TRACKING|w0 d0 L6
104.581516,129.088738833333,35.074464833333,508090.224,3881304.582,0.021,0.642630,gps_course,6,3.862,2.000,6,508086.985,3881306.686,1.922757,-0.260000,-0.260000,1.0000,,,TRACKING|w0 d0 L6
104.631612,129.088738833333,35.074464833333,508090.224,3881304.582,0.021,0.642630,gps_course,6,3.862,2.000,6,508086.985,3881306.686,1.922757,-0.260000,-0.260000,1.0000,,,TRACKING|w0 d0 L6
104.681716,129.088738833333,35.074464833333,508090.224,3881304.582,0.021,0.642630,gps_course,6,3.862,2.000,6,508086.985,3881306.686,1.922757,-0.260000,-0.260000,1.0000,,,TRACKING|w0 d0 L6
104.731499,129.088738833333,35.074464833333,508090.224,3881304.582,0.013,0.642630,gps_course,6,3.862,2.000,6,508086.985,3881306.686,1.922757,-0.260000,-0.260000,1.0000,,,TRACKING|w0 d0 L6
104.781581,129.088738833333,35.074464833333,508090.224,3881304.582,0.013,0.642630,gps_course,6,3.862,2.000,6,508086.985,3881306.686,1.922757,-0.260000,-0.260000,1.0000,,,TRACKING|w0 d0 L6
104.831504,129.088738833333,35.074464833333,508090.224,3881304.582,0.013,0.642630,gps_course,6,3.862,2.000,6,508086.985,3881306.686,1.922757,-0.260000,-0.260000,1.0000,,,TRACKING|w0 d0 L6
104.881425,129.088738833333,35.074464833333,508090.224,3881304.582,0.013,0.642630,gps_course,6,3.862,2.000,6,508086.985,3881306.686,1.922757,-0.260000,-0.260000,1.0000,,,TRACKING|w0 d0 L6
104.931415,129.088738833333,35.074464833333,508090.224,3881304.582,0.013,0.642630,gps_course,6,3.862,2.000,6,508086.985,3881306.686,1.922757,-0.260000,-0.260000,1.0000,,,TRACKING|w0 d0 L6
104.981412,129.088738833333,35.074464833333,508090.224,3881304.582,0.023,0.642630,gps_course,6,3.862,2.000,6,508086.985,3881306.686,1.922757,-0.260000,-0.260000,1.0000,,,TRACKING|w0 d0 L6
105.031794,129.088738833333,35.074464833333,508090.224,3881304.582,0.023,0.642630,gps_course,6,3.862,2.000,6,508086.985,3881306.686,1.922757,-0.260000,-0.260000,1.0000,,,TRACKING|w0 d0 L6
105.081419,129.088738833333,35.074464833333,508090.224,3881304.582,0.023,0.642630,gps_course,6,3.862,2.000,6,508086.985,3881306.686,1.922757,-0.260000,-0.260000,1.0000,,,TRACKING|w0 d0 L6
105.131576,129.088738833333,35.074464833333,508090.224,3881304.582,0.023,0.642630,gps_course,6,3.862,2.000,6,508086.985,3881306.686,1.922757,-0.260000,-0.260000,1.0000,,,TRACKING|w0 d0 L6
105.181942,129.088738833333,35.074464833333,508090.224,3881304.582,0.023,0.642630,gps_course,6,3.862,2.000,6,508086.985,3881306.686,1.922757,-0.260000,-0.260000,1.0000,,,TRACKING|w0 d0 L6
105.231400,129.088738833333,35.074464833333,508090.224,3881304.582,0.007,0.642630,gps_course,6,3.862,2.000,6,508086.985,3881306.686,1.922757,-0.260000,-0.260000,1.0000,,,TRACKING|w0 d0 L6
105.281412,129.088738833333,35.074464833333,508090.224,3881304.582,0.007,0.642630,gps_course,6,3.862,2.000,6,508086.985,3881306.686,1.922757,-0.260000,-0.260000,1.0000,,,TRACKING|w0 d0 L6
105.331417,129.088738833333,35.074464833333,508090.224,3881304.582,0.007,0.642630,gps_course,6,3.862,2.000,6,508086.985,3881306.686,1.922757,-0.260000,-0.260000,1.0000,,,TRACKING|w0 d0 L6
105.381420,129.088738833333,35.074464833333,508090.224,3881304.582,0.007,0.642630,gps_course,6,3.862,2.000,6,508086.985,3881306.686,1.922757,-0.260000,-0.260000,1.0000,,,TRACKING|w0 d0 L6
105.431440,129.088738833333,35.074464833333,508090.224,3881304.582,0.007,0.642630,gps_course,6,3.862,2.000,6,508086.985,3881306.686,1.922757,-0.260000,-0.260000,1.0000,,,TRACKING|w0 d0 L6
105.481441,129.088738833333,35.074464833333,508090.224,3881304.582,0.010,0.642630,gps_course,6,3.862,2.000,6,508086.985,3881306.686,1.922757,-0.260000,-0.260000,1.0000,,,TRACKING|w0 d0 L6
105.531447,129.088738833333,35.074464833333,508090.224,3881304.582,0.010,0.642630,gps_course,6,3.862,2.000,6,508086.985,3881306.686,1.922757,-0.260000,-0.260000,1.0000,,,TRACKING|w0 d0 L6
105.581455,129.088738833333,35.074464833333,508090.224,3881304.582,0.010,0.642630,gps_course,6,3.862,2.000,6,508086.985,3881306.686,1.922757,-0.260000,-0.260000,1.0000,,,TRACKING|w0 d0 L6
105.631613,129.088738833333,35.074464833333,508090.224,3881304.582,0.010,0.642630,gps_course,6,3.862,2.000,6,508086.985,3881306.686,1.922757,-0.260000,-0.260000,1.0000,,,TRACKING|w0 d0 L6
105.681433,129.088738833333,35.074464833333,508090.224,3881304.582,0.010,0.642630,gps_course,6,3.862,2.000,6,508086.985,3881306.686,1.922757,-0.260000,-0.260000,1.0000,,,TRACKING|w0 d0 L6
105.731430,129.088738666667,35.074464833333,508090.209,3881304.582,0.010,0.642630,gps_course,6,3.849,2.000,6,508086.985,3881306.686,1.920603,-0.260000,-0.260000,1.0000,,,TRACKING|w0 d0 L6
105.781409,129.088738666667,35.074464833333,508090.209,3881304.582,0.010,0.642630,gps_course,6,3.849,2.000,6,508086.985,3881306.686,1.920603,-0.260000,-0.260000,1.0000,,,TRACKING|w0 d0 L6
105.831578,129.088738666667,35.074464833333,508090.209,3881304.582,0.010,0.642630,gps_course,6,3.849,2.000,6,508086.985,3881306.686,1.920603,-0.260000,-0.260000,1.0000,,,TRACKING|w0 d0 L6
105.881629,129.088738666667,35.074464833333,508090.209,3881304.582,0.010,0.642630,gps_course,6,3.849,2.000,6,508086.985,3881306.686,1.920603,-0.260000,-0.260000,1.0000,,,TRACKING|w0 d0 L6
105.931471,129.088738666667,35.074464833333,508090.209,3881304.582,0.010,0.642630,gps_course,6,3.849,2.000,6,508086.985,3881306.686,1.920603,-0.260000,-0.260000,1.0000,,,TRACKING|w0 d0 L6
105.981463,129.088738500000,35.074464833333,508090.193,3881304.582,0.070,0.642630,gps_course,6,3.836,2.000,6,508086.985,3881306.686,1.918435,-0.260000,-0.260000,1.0000,,,TRACKING|w0 d0 L6
106.031657,129.088738500000,35.074464833333,508090.193,3881304.582,0.070,0.642630,gps_course,6,3.836,2.000,6,508086.985,3881306.686,1.918435,-0.260000,-0.260000,1.0000,,,TRACKING|w0 d0 L6
106.081530,129.088738500000,35.074464833333,508090.193,3881304.582,0.070,0.642630,gps_course,6,3.836,2.000,6,508086.985,3881306.686,1.918435,-0.260000,-0.260000,1.0000,,,TRACKING|w0 d0 L6
106.131592,129.088738500000,35.074464833333,508090.193,3881304.582,0.070,0.642630,gps_course,6,3.836,2.000,6,508086.985,3881306.686,1.918435,-0.260000,-0.260000,1.0000,,,TRACKING|w0 d0 L6
106.181992,129.088738500000,35.074464833333,508090.193,3881304.582,0.070,0.642630,gps_course,6,3.836,2.000,6,508086.985,3881306.686,1.918435,-0.260000,-0.260000,1.0000,,,TRACKING|w0 d0 L6
106.231566,129.088738333333,35.074464666667,508090.178,3881304.564,0.108,0.891528,gps_course,6,3.834,2.000,6,508086.985,3881306.686,1.663332,-0.260000,-0.260000,1.0000,,,TRACKING|w0 d0 L6
106.281446,129.088738333333,35.074464666667,508090.178,3881304.564,0.108,0.891528,gps_course,6,3.834,2.000,6,508086.985,3881306.686,1.663332,-0.260000,-0.260000,1.0000,,,TRACKING|w0 d0 L6
106.331411,129.088738333333,35.074464666667,508090.178,3881304.564,0.108,0.891528,gps_course,6,3.834,2.000,6,508086.985,3881306.686,1.663332,-0.260000,-0.260000,1.0000,,,TRACKING|w0 d0 L6
106.381499,129.088738333333,35.074464666667,508090.178,3881304.564,0.108,0.891528,gps_course,6,3.834,2.000,6,508086.985,3881306.686,1.663332,-0.260000,-0.260000,1.0000,,,TRACKING|w0 d0 L6
106.431477,129.088738333333,35.074464666667,508090.178,3881304.564,0.108,0.891528,gps_course,6,3.834,2.000,6,508086.985,3881306.686,1.663332,-0.260000,-0.260000,1.0000,,,TRACKING|w0 d0 L6
106.481424,129.088738000000,35.074464500000,508090.148,3881304.545,0.136,1.145860,gps_course,6,3.819,2.000,6,508086.985,3881306.686,1.400560,-0.260000,-0.260000,1.0000,,,TRACKING|w0 d0 L6
106.531420,129.088738000000,35.074464500000,508090.148,3881304.545,0.136,1.145860,gps_course,6,3.819,2.000,6,508086.985,3881306.686,1.400560,-0.260000,-0.260000,1.0000,,,TRACKING|w0 d0 L6
106.581427,129.088738000000,35.074464500000,508090.148,3881304.545,0.136,1.145860,gps_course,6,3.819,2.000,6,508086.985,3881306.686,1.400560,-0.260000,-0.260000,1.0000,,,TRACKING|w0 d0 L6
106.631448,129.088738000000,35.074464500000,508090.148,3881304.545,0.136,1.145860,gps_course,6,3.819,2.000,6,508086.985,3881306.686,1.400560,-0.260000,-0.260000,1.0000,,,TRACKING|w0 d0 L6
106.681445,129.088738000000,35.074464500000,508090.148,3881304.545,0.136,1.145860,gps_course,6,3.819,2.000,6,508086.985,3881306.686,1.400560,-0.260000,-0.260000,1.0000,,,TRACKING|w0 d0 L6
106.731430,129.088737666667,35.074464333333,508090.117,3881304.527,0.136,1.145860,gps_course,6,3.804,2.000,6,508086.985,3881306.686,1.392056,-0.260000,-0.260000,1.0000,,,TRACKING|w0 d0 L6
106.781449,129.088737666667,35.074464333333,508090.117,3881304.527,0.136,1.145860,gps_course,6,3.804,2.000,6,508086.985,3881306.686,1.392056,-0.260000,-0.260000,1.0000,,,TRACKING|w0 d0 L6
106.831578,129.088737666667,35.074464333333,508090.117,3881304.527,0.136,1.145860,gps_course,6,3.804,2.000,6,508086.985,3881306.686,1.392056,-0.260000,-0.260000,1.0000,,,TRACKING|w0 d0 L6
106.881725,129.088737666667,35.074464333333,508090.117,3881304.527,0.136,1.145860,gps_course,6,3.804,2.000,6,508086.985,3881306.686,1.392056,-0.260000,-0.260000,1.0000,,,TRACKING|w0 d0 L6
106.931602,129.088737666667,35.074464333333,508090.117,3881304.527,0.136,1.145860,gps_course,6,3.804,2.000,6,508086.985,3881306.686,1.392056,-0.260000,-0.260000,1.0000,,,TRACKING|w0 d0 L6
106.981597,129.088737666667,35.074464333333,508090.117,3881304.527,0.026,1.145860,gps_course,6,3.804,2.000,6,508086.985,3881306.686,1.392056,-0.260000,-0.260000,1.0000,,,TRACKING|w0 d0 L6
107.031684,129.088737666667,35.074464333333,508090.117,3881304.527,0.026,1.145860,gps_course,6,3.804,2.000,6,508086.985,3881306.686,1.392056,-0.260000,-0.260000,1.0000,,,TRACKING|w0 d0 L6
107.081472,129.088737666667,35.074464333333,508090.117,3881304.527,0.026,1.145860,gps_course,6,3.804,2.000,6,508086.985,3881306.686,1.392056,-0.260000,-0.260000,1.0000,,,TRACKING|w0 d0 L6
107.131433,129.088737666667,35.074464333333,508090.117,3881304.527,0.026,1.145860,gps_course,6,3.804,2.000,6,508086.985,3881306.686,1.392056,-0.260000,-0.260000,1.0000,,,TRACKING|w0 d0 L6
107.181428,129.088737666667,35.074464333333,508090.117,3881304.527,0.026,1.145860,gps_course,6,3.804,2.000,6,508086.985,3881306.686,1.392056,-0.260000,-0.260000,1.0000,,,TRACKING|w0 d0 L6
107.231841,129.088737833333,35.074464333333,508090.133,3881304.527,0.051,1.145860,gps_course,6,3.817,2.000,6,508086.985,3881306.686,1.394318,-0.260000,-0.260000,1.0000,,,TRACKING|w0 d0 L6
107.281622,129.088737833333,35.074464333333,508090.133,3881304.527,0.051,1.145860,gps_course,6,3.817,2.000,6,508086.985,3881306.686,1.394318,-0.260000,-0.260000,1.0000,,,TRACKING|w0 d0 L6
107.331591,129.088737833333,35.074464333333,508090.133,3881304.527,0.051,1.145860,gps_course,6,3.817,2.000,6,508086.985,3881306.686,1.394318,-0.260000,-0.260000,1.0000,,,TRACKING|w0 d0 L6
107.381522,129.088737833333,35.074464333333,508090.133,3881304.527,0.051,1.145860,gps_course,6,3.817,2.000,6,508086.985,3881306.686,1.394318,-0.260000,-0.260000,1.0000,,,TRACKING|w0 d0 L6
107.431786,129.088737833333,35.074464333333,508090.133,3881304.527,0.051,1.145860,gps_course,6,3.817,2.000,6,508086.985,3881306.686,1.394318,-0.260000,-0.260000,1.0000,,,TRACKING|w0 d0 L6
107.481491,129.088738833333,35.074464833333,508090.224,3881304.582,0.433,0.885004,gps_course,6,3.862,2.000,6,508086.985,3881306.686,1.680384,-0.260000,-0.260000,1.0000,,,TRACKING|w0 d0 L6
107.531425,129.088738833333,35.074464833333,508090.224,3881304.582,0.433,0.885004,gps_course,6,3.862,2.000,6,508086.985,3881306.686,1.680384,-0.260000,-0.260000,1.0000,,,TRACKING|w0 d0 L6
107.581419,129.088738833333,35.074464833333,508090.224,3881304.582,0.433,0.885004,gps_course,6,3.862,2.000,6,508086.985,3881306.686,1.680384,-0.260000,-0.260000,1.0000,,,TRACKING|w0 d0 L6
107.631407,129.088738833333,35.074464833333,508090.224,3881304.582,0.433,0.885004,gps_course,6,3.862,2.000,6,508086.985,3881306.686,1.680384,-0.260000,-0.260000,1.0000,,,TRACKING|w0 d0 L6
107.681397,129.088738833333,35.074464833333,508090.224,3881304.582,0.433,0.885004,gps_course,6,3.862,2.000,6,508086.985,3881306.686,1.680384,-0.260000,-0.260000,1.0000,,,TRACKING|w0 d0 L6
107.731434,129.088739166667,35.074465000000,508090.254,3881304.601,0.105,1.132666,gps_course,6,3.877,2.000,6,508086.985,3881306.686,1.440992,-0.260000,-0.260000,1.0000,,,TRACKING|w0 d0 L6
107.781428,129.088739166667,35.074465000000,508090.254,3881304.601,0.105,1.132666,gps_course,6,3.877,2.000,6,508086.985,3881306.686,1.440992,-0.260000,-0.260000,1.0000,,,TRACKING|w0 d0 L6
107.831445,129.088739166667,35.074465000000,508090.254,3881304.601,0.105,1.132666,gps_course,6,3.877,2.000,6,508086.985,3881306.686,1.440992,-0.260000,-0.260000,1.0000,,,TRACKING|w0 d0 L6
107.881420,129.088739166667,35.074465000000,508090.254,3881304.601,0.105,1.132666,gps_course,6,3.877,2.000,6,508086.985,3881306.686,1.440992,-0.260000,-0.260000,1.0000,,,TRACKING|w0 d0 L6
107.931462,129.088739166667,35.074465000000,508090.254,3881304.601,0.105,1.132666,gps_course,6,3.877,2.000,6,508086.985,3881306.686,1.440992,-0.260000,-0.260000,1.0000,,,TRACKING|w0 d0 L6
107.981432,129.088739166667,35.074465000000,508090.254,3881304.601,0.030,1.132666,gps_course,6,3.877,2.000,6,508086.985,3881306.686,1.440992,-0.260000,-0.260000,1.0000,,,TRACKING|w0 d0 L6
108.031479,129.088739166667,35.074465000000,508090.254,3881304.601,0.030,1.132666,gps_course,6,3.877,2.000,6,508086.985,3881306.686,1.440992,-0.260000,-0.260000,1.0000,,,TRACKING|w0 d0 L6
108.081448,129.088739166667,35.074465000000,508090.254,3881304.601,0.030,1.132666,gps_course,6,3.877,2.000,6,508086.985,3881306.686,1.440992,-0.260000,-0.260000,1.0000,,,TRACKING|w0 d0 L6
108.131481,129.088739166667,35.074465000000,508090.254,3881304.601,0.030,1.132666,gps_course,6,3.877,2.000,6,508086.985,3881306.686,1.440992,-0.260000,-0.260000,1.0000,,,TRACKING|w0 d0 L6
108.181452,129.088739166667,35.074465000000,508090.254,3881304.601,0.030,1.132666,gps_course,6,3.877,2.000,6,508086.985,3881306.686,1.440992,-0.260000,-0.260000,1.0000,,,TRACKING|w0 d0 L6
108.231466,129.088739000000,35.074464833333,508090.239,3881304.582,0.055,1.132666,gps_course,6,3.875,2.000,6,508086.985,3881306.686,1.434861,-0.260000,-0.260000,1.0000,,,TRACKING|w0 d0 L6
108.281459,129.088739000000,35.074464833333,508090.239,3881304.582,0.055,1.132666,gps_course,6,3.875,2.000,6,508086.985,3881306.686,1.434861,-0.260000,-0.260000,1.0000,,,TRACKING|w0 d0 L6
108.331473,129.088739000000,35.074464833333,508090.239,3881304.582,0.055,1.132666,gps_course,6,3.875,2.000,6,508086.985,3881306.686,1.434861,-0.260000,-0.260000,1.0000,,,TRACKING|w0 d0 L6
108.381455,129.088739000000,35.074464833333,508090.239,3881304.582,0.055,1.132666,gps_course,6,3.875,2.000,6,508086.985,3881306.686,1.434861,-0.260000,-0.260000,1.0000,,,TRACKING|w0 d0 L6
108.431462,129.088739000000,35.074464833333,508090.239,3881304.582,0.055,1.132666,gps_course,6,3.875,2.000,6,508086.985,3881306.686,1.434861,-0.260000,-0.260000,1.0000,,,TRACKING|w0 d0 L6
108.481428,129.088739000000,35.074464833333,508090.239,3881304.582,0.049,1.132666,gps_course,6,3.875,2.000,6,508086.985,3881306.686,1.434861,-0.260000,-0.260000,1.0000,,,TRACKING|w0 d0 L6
108.531457,129.088739000000,35.074464833333,508090.239,3881304.582,0.049,1.132666,gps_course,6,3.875,2.000,6,508086.985,3881306.686,1.434861,-0.260000,-0.260000,1.0000,,,TRACKING|w0 d0 L6
108.581507,129.088739000000,35.074464833333,508090.239,3881304.582,0.049,1.132666,gps_course,6,3.875,2.000,6,508086.985,3881306.686,1.434861,-0.260000,-0.260000,1.0000,,,TRACKING|w0 d0 L6
108.631434,129.088739000000,35.074464833333,508090.239,3881304.582,0.049,1.132666,gps_course,6,3.875,2.000,6,508086.985,3881306.686,1.434861,-0.260000,-0.260000,1.0000,,,TRACKING|w0 d0 L6
108.681866,129.088739000000,35.074464833333,508090.239,3881304.582,0.049,1.132666,gps_course,6,3.875,2.000,6,508086.985,3881306.686,1.434861,-0.260000,-0.260000,1.0000,,,TRACKING|w0 d0 L6
108.731602,129.088738833333,35.074464833333,508090.224,3881304.582,0.041,1.132666,gps_course,6,3.862,2.000,6,508086.985,3881306.686,1.432721,-0.260000,-0.260000,1.0000,,,TRACKING|w0 d0 L6
108.781472,129.088738833333,35.074464833333,508090.224,3881304.582,0.041,1.132666,gps_course,6,3.862,2.000,6,508086.985,3881306.686,1.432721,-0.260000,-0.260000,1.0000,,,TRACKING|w0 d0 L6
108.831658,129.088738833333,35.074464833333,508090.224,3881304.582,0.041,1.132666,gps_course,6,3.862,2.000,6,508086.985,3881306.686,1.432721,-0.260000,-0.260000,1.0000,,,TRACKING|w0 d0 L6
108.881435,129.088738833333,35.074464833333,508090.224,3881304.582,0.041,1.132666,gps_course,6,3.862,2.000,6,508086.985,3881306.686,1.432721,-0.260000,-0.260000,1.0000,,,TRACKING|w0 d0 L6
108.931568,129.088738833333,35.074464833333,508090.224,3881304.582,0.041,1.132666,gps_course,6,3.862,2.000,6,508086.985,3881306.686,1.432721,-0.260000,-0.260000,1.0000,,,TRACKING|w0 d0 L6
108.981793,129.088738833333,35.074464833333,508090.224,3881304.582,0.012,1.132666,gps_course,6,3.862,2.000,6,508086.985,3881306.686,1.432721,-0.260000,-0.260000,1.0000,,,TRACKING|w0 d0 L6
109.031552,129.088738833333,35.074464833333,508090.224,3881304.582,0.012,1.132666,gps_course,6,3.862,2.000,6,508086.985,3881306.686,1.432721,-0.260000,-0.260000,1.0000,,,TRACKING|w0 d0 L6
109.081519,129.088738833333,35.074464833333,508090.224,3881304.582,0.012,1.132666,gps_course,6,3.862,2.000,6,508086.985,3881306.686,1.432721,-0.260000,-0.260000,1.0000,,,TRACKING|w0 d0 L6
109.131610,129.088738833333,35.074464833333,508090.224,3881304.582,0.012,1.132666,gps_course,6,3.862,2.000,6,508086.985,3881306.686,1.432721,-0.260000,-0.260000,1.0000,,,TRACKING|w0 d0 L6
109.181898,129.088738833333,35.074464833333,508090.224,3881304.582,0.012,1.132666,gps_course,6,3.862,2.000,6,508086.985,3881306.686,1.432721,-0.260000,-0.260000,1.0000,,,TRACKING|w0 d0 L6
109.231572,129.088738833333,35.074464833333,508090.224,3881304.582,0.011,1.132666,gps_course,6,3.862,2.000,6,508086.985,3881306.686,1.432721,-0.260000,-0.260000,1.0000,,,TRACKING|w0 d0 L6
109.281554,129.088738833333,35.074464833333,508090.224,3881304.582,0.011,1.132666,gps_course,6,3.862,2.000,6,508086.985,3881306.686,1.432721,-0.260000,-0.260000,1.0000,,,TRACKING|w0 d0 L6
109.331465,129.088738833333,35.074464833333,508090.224,3881304.582,0.011,1.132666,gps_course,6,3.862,2.000,6,508086.985,3881306.686,1.432721,-0.260000,-0.260000,1.0000,,,TRACKING|w0 d0 L6
109.381586,129.088738833333,35.074464833333,508090.224,3881304.582,0.011,1.132666,gps_course,6,3.862,2.000,6,508086.985,3881306.686,1.432721,-0.260000,-0.260000,1.0000,,,TRACKING|w0 d0 L6
109.431454,129.088738833333,35.074464833333,508090.224,3881304.582,0.011,1.132666,gps_course,6,3.862,2.000,6,508086.985,3881306.686,1.432721,-0.260000,-0.260000,1.0000,,,TRACKING|w0 d0 L6
109.481433,129.088738833333,35.074464833333,508090.224,3881304.582,0.005,1.132666,gps_course,6,3.862,2.000,6,508086.985,3881306.686,1.432721,-0.260000,-0.260000,1.0000,,,TRACKING|w0 d0 L6
109.531452,129.088738833333,35.074464833333,508090.224,3881304.582,0.005,1.132666,gps_course,6,3.862,2.000,6,508086.985,3881306.686,1.432721,-0.260000,-0.260000,1.0000,,,TRACKING|w0 d0 L6
109.581407,129.088738833333,35.074464833333,508090.224,3881304.582,0.005,1.132666,gps_course,6,3.862,2.000,6,508086.985,3881306.686,1.432721,-0.260000,-0.260000,1.0000,,,TRACKING|w0 d0 L6
109.631415,129.088738833333,35.074464833333,508090.224,3881304.582,0.005,1.132666,gps_course,6,3.862,2.000,6,508086.985,3881306.686,1.432721,-0.260000,-0.260000,1.0000,,,TRACKING|w0 d0 L6
109.681428,129.088738833333,35.074464833333,508090.224,3881304.582,0.005,1.132666,gps_course,6,3.862,2.000,6,508086.985,3881306.686,1.432721,-0.260000,-0.260000,1.0000,,,TRACKING|w0 d0 L6
109.731437,129.088738833333,35.074464833333,508090.224,3881304.582,0.008,1.132666,gps_course,6,3.862,2.000,6,508086.985,3881306.686,1.432721,-0.260000,-0.260000,1.0000,,,TRACKING|w0 d0 L6
109.781436,129.088738833333,35.074464833333,508090.224,3881304.582,0.008,1.132666,gps_course,6,3.862,2.000,6,508086.985,3881306.686,1.432721,-0.260000,-0.260000,1.0000,,,TRACKING|w0 d0 L6
109.831412,129.088738833333,35.074464833333,508090.224,3881304.582,0.008,1.132666,gps_course,6,3.862,2.000,6,508086.985,3881306.686,1.432721,-0.260000,-0.260000,1.0000,,,TRACKING|w0 d0 L6
109.881558,129.088738833333,35.074464833333,508090.224,3881304.582,0.008,1.132666,gps_course,6,3.862,2.000,6,508086.985,3881306.686,1.432721,-0.260000,-0.260000,1.0000,,,TRACKING|w0 d0 L6
109.931500,129.088738833333,35.074464833333,508090.224,3881304.582,0.008,1.132666,gps_course,6,3.862,2.000,6,508086.985,3881306.686,1.432721,-0.260000,-0.260000,1.0000,,,TRACKING|w0 d0 L6
109.981560,129.088738833333,35.074464833333,508090.224,3881304.582,0.013,1.132666,gps_course,6,3.862,2.000,6,508086.985,3881306.686,1.432721,-0.260000,-0.260000,1.0000,,,TRACKING|w0 d0 L6
110.031449,129.088738833333,35.074464833333,508090.224,3881304.582,0.013,1.132666,gps_course,6,3.862,2.000,6,508086.985,3881306.686,1.432721,-0.260000,-0.260000,1.0000,,,TRACKING|w0 d0 L6
110.081440,129.088738833333,35.074464833333,508090.224,3881304.582,0.013,1.132666,gps_course,6,3.862,2.000,6,508086.985,3881306.686,1.432721,-0.260000,-0.260000,1.0000,,,TRACKING|w0 d0 L6
110.131598,129.088738833333,35.074464833333,508090.224,3881304.582,0.013,1.132666,gps_course,6,3.862,2.000,6,508086.985,3881306.686,1.432721,-0.260000,-0.260000,1.0000,,,TRACKING|w0 d0 L6
110.181669,129.088738833333,35.074464833333,508090.224,3881304.582,0.013,1.132666,gps_course,6,3.862,2.000,6,508086.985,3881306.686,1.432721,-0.260000,-0.260000,1.0000,,,TRACKING|w0 d0 L6
110.231455,129.088738833333,35.074464833333,508090.224,3881304.582,0.024,1.132666,gps_course,6,3.862,2.000,6,508086.985,3881306.686,1.432721,-0.260000,-0.260000,1.0000,,,TRACKING|w0 d0 L6
110.281764,129.088738833333,35.074464833333,508090.224,3881304.582,0.024,1.132666,gps_course,6,3.862,2.000,6,508086.985,3881306.686,1.432721,-0.260000,-0.260000,1.0000,,,TRACKING|w0 d0 L6
110.331440,129.088738833333,35.074464833333,508090.224,3881304.582,0.024,1.132666,gps_course,6,3.862,2.000,6,508086.985,3881306.686,1.432721,-0.260000,-0.260000,1.0000,,,TRACKING|w0 d0 L6
110.381464,129.088738833333,35.074464833333,508090.224,3881304.582,0.024,1.132666,gps_course,6,3.862,2.000,6,508086.985,3881306.686,1.432721,-0.260000,-0.260000,1.0000,,,TRACKING|w0 d0 L6
110.431438,129.088738833333,35.074464833333,508090.224,3881304.582,0.024,1.132666,gps_course,6,3.862,2.000,6,508086.985,3881306.686,1.432721,-0.260000,-0.260000,1.0000,,,TRACKING|w0 d0 L6
110.481722,129.088738833333,35.074464833333,508090.224,3881304.582,0.009,1.132666,gps_course,6,3.862,2.000,6,508086.985,3881306.686,1.432721,-0.260000,-0.260000,1.0000,,,TRACKING|w0 d0 L6
110.531956,129.088738833333,35.074464833333,508090.224,3881304.582,0.009,1.132666,gps_course,6,3.862,2.000,6,508086.985,3881306.686,1.432721,-0.260000,-0.260000,1.0000,,,TRACKING|w0 d0 L6
110.581454,129.088738833333,35.074464833333,508090.224,3881304.582,0.009,1.132666,gps_course,6,3.862,2.000,6,508086.985,3881306.686,1.432721,-0.260000,-0.260000,1.0000,,,TRACKING|w0 d0 L6
110.631460,129.088738833333,35.074464833333,508090.224,3881304.582,0.009,1.132666,gps_course,6,3.862,2.000,6,508086.985,3881306.686,1.432721,-0.260000,-0.260000,1.0000,,,TRACKING|w0 d0 L6
110.681480,129.088738833333,35.074464833333,508090.224,3881304.582,0.009,1.132666,gps_course,6,3.862,2.000,6,508086.985,3881306.686,1.432721,-0.260000,-0.260000,1.0000,,,TRACKING|w0 d0 L6
110.731404,129.088738833333,35.074464833333,508090.224,3881304.582,0.013,-2.675482,route_tangent,6,3.862,2.000,6,508086.985,3881306.686,-1.042316,0.000000,-0.230045,1.0000,,,TRACKING|w0 d0 L6
110.781413,129.088738833333,35.074464833333,508090.224,3881304.582,0.013,-2.675482,route_tangent,6,3.862,2.000,6,508086.985,3881306.686,-1.042316,0.000000,-0.200040,1.0000,,,TRACKING|w0 d0 L6
110.831424,129.088738833333,35.074464833333,508090.224,3881304.582,0.013,-2.675482,route_tangent,6,3.862,2.000,6,508086.985,3881306.686,-1.042316,0.000000,-0.170033,1.0000,,,TRACKING|w0 d0 L6
110.881554,129.088738833333,35.074464833333,508090.224,3881304.582,0.013,-2.675482,route_tangent,6,3.862,2.000,6,508086.985,3881306.686,-1.042316,0.000000,-0.139955,1.0000,,,TRACKING|w0 d0 L6
110.931424,129.088738833333,35.074464833333,508090.224,3881304.582,0.013,-2.675482,route_tangent,6,3.862,2.000,6,508086.985,3881306.686,-1.042316,0.000000,-0.110034,1.0000,,,TRACKING|w0 d0 L6
110.981551,129.088738833333,35.074464833333,508090.224,3881304.582,0.001,-2.675482,route_tangent,6,3.862,2.000,6,508086.985,3881306.686,-1.042316,0.000000,-0.079958,1.0000,,,TRACKING|w0 d0 L6
111.031556,129.088738833333,35.074464833333,508090.224,3881304.582,0.001,-2.675482,route_tangent,6,3.862,2.000,6,508086.985,3881306.686,-1.042316,0.000000,-0.049954,1.0000,,,TRACKING|w0 d0 L6
111.081487,129.088738833333,35.074464833333,508090.224,3881304.582,0.001,-2.675482,route_tangent,6,3.862,2.000,6,508086.985,3881306.686,-1.042316,0.000000,-0.029973,1.0000,,,TRACKING|w0 d0 L6
111.131460,129.088738833333,35.074464833333,508090.224,3881304.582,0.001,-2.675482,route_tangent,6,3.862,2.000,6,508086.985,3881306.686,-1.042316,0.000000,-0.017984,1.0000,,,TRACKING|w0 d0 L6
111.182147,129.088738833333,35.074464833333,508090.224,3881304.582,0.001,-2.675482,route_tangent,6,3.862,2.000,6,508086.985,3881306.686,-1.042316,0.000000,-0.010790,1.0000,,,TRACKING|w0 d0 L6
111.231436,129.088738833333,35.074464833333,508090.224,3881304.582,0.007,-2.675482,route_tangent,6,3.862,2.000,6,508086.985,3881306.686,-1.042316,0.000000,-0.006474,1.0000,,,TRACKING|w0 d0 L6
111.281435,129.088738833333,35.074464833333,508090.224,3881304.582,0.007,-2.675482,route_tangent,6,3.862,2.000,6,508086.985,3881306.686,-1.042316,0.000000,-0.003884,1.0000,,,TRACKING|w0 d0 L6
111.331471,129.088738833333,35.074464833333,508090.224,3881304.582,0.007,-2.675482,route_tangent,6,3.862,2.000,6,508086.985,3881306.686,-1.042316,0.000000,-0.002331,1.0000,,,TRACKING|w0 d0 L6
111.381587,129.088738833333,35.074464833333,508090.224,3881304.582,0.007,-2.675482,route_tangent,6,3.862,2.000,6,508086.985,3881306.686,-1.042316,0.000000,-0.001398,1.0000,,,TRACKING|w0 d0 L6
111.431427,129.088738833333,35.074464833333,508090.224,3881304.582,0.007,-2.675482,route_tangent,6,3.862,2.000,6,508086.985,3881306.686,-1.042316,0.000000,-0.000839,1.0000,,,TRACKING|w0 d0 L6
111.481445,129.088738833333,35.074464833333,508090.224,3881304.582,0.015,-2.675482,route_tangent,6,3.862,2.000,6,508086.985,3881306.686,-1.042316,0.000000,-0.000503,1.0000,,,TRACKING|w0 d0 L6
111.531417,129.088738833333,35.074464833333,508090.224,3881304.582,0.015,-2.675482,route_tangent,6,3.862,2.000,6,508086.985,3881306.686,-1.042316,0.000000,-0.000302,1.0000,,,TRACKING|w0 d0 L6
111.581443,129.088738833333,35.074464833333,508090.224,3881304.582,0.015,-2.675482,route_tangent,6,3.862,2.000,6,508086.985,3881306.686,-1.042316,0.000000,-0.000181,1.0000,,,TRACKING|w0 d0 L6
111.631418,129.088738833333,35.074464833333,508090.224,3881304.582,0.015,-2.675482,route_tangent,6,3.862,2.000,6,508086.985,3881306.686,-1.042316,0.000000,-0.000109,1.0000,,,TRACKING|w0 d0 L6
111.681531,129.088738833333,35.074464833333,508090.224,3881304.582,0.015,-2.675482,route_tangent,6,3.862,2.000,6,508086.985,3881306.686,-1.042316,0.000000,-0.000065,1.0000,,,TRACKING|w0 d0 L6
111.731433,129.088738833333,35.074464833333,508090.224,3881304.582,0.008,-2.675482,route_tangent,6,3.862,2.000,6,508086.985,3881306.686,-1.042316,0.000000,-0.000039,1.0000,,,TRACKING|w0 d0 L6
111.781561,129.088738833333,35.074464833333,508090.224,3881304.582,0.008,-2.675482,route_tangent,6,3.862,2.000,6,508086.985,3881306.686,-1.042316,0.000000,-0.000023,1.0000,,,TRACKING|w0 d0 L6
111.831476,129.088738833333,35.074464833333,508090.224,3881304.582,0.008,-2.675482,route_tangent,6,3.862,2.000,6,508086.985,3881306.686,-1.042316,0.000000,-0.000014,1.0000,,,TRACKING|w0 d0 L6
111.881424,129.088738833333,35.074464833333,508090.224,3881304.582,0.008,-2.675482,route_tangent,6,3.862,2.000,6,508086.985,3881306.686,-1.042316,0.000000,-0.000008,1.0000,,,TRACKING|w0 d0 L6
111.931435,129.088738833333,35.074464833333,508090.224,3881304.582,0.008,-2.675482,route_tangent,6,3.862,2.000,6,508086.985,3881306.686,-1.042316,0.000000,-0.000005,1.0000,,,TRACKING|w0 d0 L6
111.981609,129.088738833333,35.074464833333,508090.224,3881304.582,0.010,-2.675482,route_tangent,6,3.862,2.000,6,508086.985,3881306.686,-1.042316,0.000000,-0.000003,1.0000,,,TRACKING|w0 d0 L6
112.031663,129.088738833333,35.074464833333,508090.224,3881304.582,0.010,-2.675482,route_tangent,6,3.862,2.000,6,508086.985,3881306.686,-1.042316,0.000000,-0.000002,1.0000,,,TRACKING|w0 d0 L6
112.081458,129.088738833333,35.074464833333,508090.224,3881304.582,0.010,-2.675482,route_tangent,6,3.862,2.000,6,508086.985,3881306.686,-1.042316,0.000000,-0.000001,1.0000,,,TRACKING|w0 d0 L6
112.131436,129.088738833333,35.074464833333,508090.224,3881304.582,0.010,-2.675482,route_tangent,6,3.862,2.000,6,508086.985,3881306.686,-1.042316,0.000000,-0.000001,1.0000,,,TRACKING|w0 d0 L6
112.181696,129.088738833333,35.074464833333,508090.224,3881304.582,0.010,-2.675482,route_tangent,6,3.862,2.000,6,508086.985,3881306.686,-1.042316,0.000000,-0.000000,1.0000,,,TRACKING|w0 d0 L6
112.231417,129.088738833333,35.074464833333,508090.224,3881304.582,0.005,-2.675482,route_tangent,6,3.862,2.000,6,508086.985,3881306.686,-1.042316,0.000000,-0.000000,1.0000,,,TRACKING|w0 d0 L6
112.281955,129.088738833333,35.074464833333,508090.224,3881304.582,0.005,-2.675482,route_tangent,6,3.862,2.000,6,508086.985,3881306.686,-1.042316,0.000000,-0.000000,1.0000,,,TRACKING|w0 d0 L6
112.331404,129.088738833333,35.074464833333,508090.224,3881304.582,0.005,-2.675482,route_tangent,6,3.862,2.000,6,508086.985,3881306.686,-1.042316,0.000000,-0.000000,1.0000,,,TRACKING|w0 d0 L6
112.381789,129.088738833333,35.074464833333,508090.224,3881304.582,0.005,-2.675482,route_tangent,6,3.862,2.000,6,508086.985,3881306.686,-1.042316,0.000000,-0.000000,1.0000,,,TRACKING|w0 d0 L6
112.431425,129.088738833333,35.074464833333,508090.224,3881304.582,0.005,-2.675482,route_tangent,6,3.862,2.000,6,508086.985,3881306.686,-1.042316,0.000000,-0.000000,1.0000,,,TRACKING|w0 d0 L6
112.481414,129.088738833333,35.074464833333,508090.224,3881304.582,0.004,-2.675482,route_tangent,6,3.862,2.000,6,508086.985,3881306.686,-1.042316,0.000000,-0.000000,1.0000,,,TRACKING|w0 d0 L6
112.531416,129.088738833333,35.074464833333,508090.224,3881304.582,0.004,-2.675482,route_tangent,6,3.862,2.000,6,508086.985,3881306.686,-1.042316,0.000000,-0.000000,1.0000,,,TRACKING|w0 d0 L6
112.581417,129.088738833333,35.074464833333,508090.224,3881304.582,0.004,-2.675482,route_tangent,6,3.862,2.000,6,508086.985,3881306.686,-1.042316,0.000000,-0.000000,1.0000,,,TRACKING|w0 d0 L6
112.631430,129.088738833333,35.074464833333,508090.224,3881304.582,0.004,-2.675482,route_tangent,6,3.862,2.000,6,508086.985,3881306.686,-1.042316,0.000000,-0.000000,1.0000,,,TRACKING|w0 d0 L6
112.681442,129.088738833333,35.074464833333,508090.224,3881304.582,0.004,-2.675482,route_tangent,6,3.862,2.000,6,508086.985,3881306.686,-1.042316,0.000000,-0.000000,1.0000,,,TRACKING|w0 d0 L6
112.731512,129.088738833333,35.074464833333,508090.224,3881304.582,0.004,-2.675482,route_tangent,6,3.862,2.000,6,508086.985,3881306.686,-1.042316,0.000000,-0.000000,1.0000,,,TRACKING|w0 d0 L6
112.781457,129.088738833333,35.074464833333,508090.224,3881304.582,0.004,-2.675482,route_tangent,6,3.862,2.000,6,508086.985,3881306.686,-1.042316,0.000000,-0.000000,1.0000,,,TRACKING|w0 d0 L6
112.831425,129.088738833333,35.074464833333,508090.224,3881304.582,0.004,-2.675482,route_tangent,6,3.862,2.000,6,508086.985,3881306.686,-1.042316,0.000000,-0.000000,1.0000,,,TRACKING|w0 d0 L6
112.881413,129.088738833333,35.074464833333,508090.224,3881304.582,0.004,-2.675482,route_tangent,6,3.862,2.000,6,508086.985,3881306.686,-1.042316,0.000000,-0.000000,1.0000,,,TRACKING|w0 d0 L6
112.931561,129.088738833333,35.074464833333,508090.224,3881304.582,0.004,-2.675482,route_tangent,6,3.862,2.000,6,508086.985,3881306.686,-1.042316,0.000000,-0.000000,1.0000,,,TRACKING|w0 d0 L6
112.981472,129.088738833333,35.074464833333,508090.224,3881304.582,0.018,-2.675482,route_tangent,6,3.862,2.000,6,508086.985,3881306.686,-1.042316,0.000000,-0.000000,1.0000,,,TRACKING|w0 d0 L6
113.031678,129.088738833333,35.074464833333,508090.224,3881304.582,0.018,-2.675482,route_tangent,6,3.862,2.000,6,508086.985,3881306.686,-1.042316,0.000000,-0.000000,1.0000,,,TRACKING|w0 d0 L6
113.081596,129.088738833333,35.074464833333,508090.224,3881304.582,0.018,-2.675482,route_tangent,6,3.862,2.000,6,508086.985,3881306.686,-1.042316,0.000000,-0.000000,1.0000,,,TRACKING|w0 d0 L6
113.131553,129.088738833333,35.074464833333,508090.224,3881304.582,0.018,-2.675482,route_tangent,6,3.862,2.000,6,508086.985,3881306.686,-1.042316,0.000000,-0.000000,1.0000,,,TRACKING|w0 d0 L6
113.181450,129.088738833333,35.074464833333,508090.224,3881304.582,0.018,-2.675482,route_tangent,6,3.862,2.000,6,508086.985,3881306.686,-1.042316,0.000000,-0.000000,1.0000,,,TRACKING|w0 d0 L6
113.231491,129.088738833333,35.074464833333,508090.224,3881304.582,0.020,-2.675482,route_tangent,6,3.862,2.000,6,508086.985,3881306.686,-1.042316,0.000000,-0.000000,1.0000,,,TRACKING|w0 d0 L6
113.281455,129.088738833333,35.074464833333,508090.224,3881304.582,0.020,-2.675482,route_tangent,6,3.862,2.000,6,508086.985,3881306.686,-1.042316,0.000000,-0.000000,1.0000,,,TRACKING|w0 d0 L6
113.331428,129.088738833333,35.074464833333,508090.224,3881304.582,0.020,-2.675482,route_tangent,6,3.862,2.000,6,508086.985,3881306.686,-1.042316,0.000000,-0.000000,1.0000,,,TRACKING|w0 d0 L6
113.381442,129.088738833333,35.074464833333,508090.224,3881304.582,0.020,-2.675482,route_tangent,6,3.862,2.000,6,508086.985,3881306.686,-1.042316,0.000000,-0.000000,1.0000,,,TRACKING|w0 d0 L6
113.431467,129.088738833333,35.074464833333,508090.224,3881304.582,0.020,-2.675482,route_tangent,6,3.862,2.000,6,508086.985,3881306.686,-1.042316,0.000000,-0.000000,1.0000,,,TRACKING|w0 d0 L6
113.481442,129.088738833333,35.074464833333,508090.224,3881304.582,0.019,-2.675482,route_tangent,6,3.862,2.000,6,508086.985,3881306.686,-1.042316,0.000000,-0.000000,1.0000,,,TRACKING|w0 d0 L6
113.531425,129.088738833333,35.074464833333,508090.224,3881304.582,0.019,-2.675482,route_tangent,6,3.862,2.000,6,508086.985,3881306.686,-1.042316,0.000000,-0.000000,1.0000,,,TRACKING|w0 d0 L6
113.581435,129.088738833333,35.074464833333,508090.224,3881304.582,0.019,-2.675482,route_tangent,6,3.862,2.000,6,508086.985,3881306.686,-1.042316,0.000000,-0.000000,1.0000,,,TRACKING|w0 d0 L6
113.631433,129.088738833333,35.074464833333,508090.224,3881304.582,0.019,-2.675482,route_tangent,6,3.862,2.000,6,508086.985,3881306.686,-1.042316,0.000000,-0.000000,1.0000,,,TRACKING|w0 d0 L6
113.681619,129.088738833333,35.074464833333,508090.224,3881304.582,0.019,-2.675482,route_tangent,6,3.862,2.000,6,508086.985,3881306.686,-1.042316,0.000000,-0.000000,1.0000,,,TRACKING|w0 d0 L6
113.731611,129.088738833333,35.074464833333,508090.224,3881304.582,0.008,-2.675482,route_tangent,6,3.862,2.000,6,508086.985,3881306.686,-1.042316,0.000000,-0.000000,1.0000,,,TRACKING|w0 d0 L6
113.781462,129.088738833333,35.074464833333,508090.224,3881304.582,0.008,-2.675482,route_tangent,6,3.862,2.000,6,508086.985,3881306.686,-1.042316,0.000000,-0.000000,1.0000,,,TRACKING|w0 d0 L6
113.831626,129.088738833333,35.074464833333,508090.224,3881304.582,0.008,-2.675482,route_tangent,6,3.862,2.000,6,508086.985,3881306.686,-1.042316,0.000000,-0.000000,1.0000,,,TRACKING|w0 d0 L6
113.881471,129.088738833333,35.074464833333,508090.224,3881304.582,0.008,-2.675482,route_tangent,6,3.862,2.000,6,508086.985,3881306.686,-1.042316,0.000000,-0.000000,1.0000,,,TRACKING|w0 d0 L6
113.931598,129.088738833333,35.074464833333,508090.224,3881304.582,0.008,-2.675482,route_tangent,6,3.862,2.000,6,508086.985,3881306.686,-1.042316,0.000000,-0.000000,1.0000,,,TRACKING|w0 d0 L6
113.981427,129.088738833333,35.074464833333,508090.224,3881304.582,0.020,-2.675482,route_tangent,6,3.862,2.000,6,508086.985,3881306.686,-1.042316,0.000000,-0.000000,1.0000,,,TRACKING|w0 d0 L6
114.031439,129.088738833333,35.074464833333,508090.224,3881304.582,0.020,-2.675482,route_tangent,6,3.862,2.000,6,508086.985,3881306.686,-1.042316,0.000000,-0.000000,1.0000,,,TRACKING|w0 d0 L6
114.081425,129.088738833333,35.074464833333,508090.224,3881304.582,0.020,-2.675482,route_tangent,6,3.862,2.000,6,508086.985,3881306.686,-1.042316,0.000000,-0.000000,1.0000,,,TRACKING|w0 d0 L6
114.131728,129.088738833333,35.074464833333,508090.224,3881304.582,0.020,-2.675482,route_tangent,6,3.862,2.000,6,508086.985,3881306.686,-1.042316,0.000000,-0.000000,1.0000,,,TRACKING|w0 d0 L6
114.181642,129.088738833333,35.074464833333,508090.224,3881304.582,0.020,-2.675482,route_tangent,6,3.862,2.000,6,508086.985,3881306.686,-1.042316,0.000000,-0.000000,1.0000,,,TRACKING|w0 d0 L6
114.231440,129.088738833333,35.074464833333,508090.224,3881304.582,0.008,-2.675482,route_tangent,6,3.862,2.000,6,508086.985,3881306.686,-1.042316,0.000000,-0.000000,1.0000,,,TRACKING|w0 d0 L6
114.281455,129.088738833333,35.074464833333,508090.224,3881304.582,0.008,-2.675482,route_tangent,6,3.862,2.000,6,508086.985,3881306.686,-1.042316,0.000000,-0.000000,1.0000,,,TRACKING|w0 d0 L6
114.331567,129.088738833333,35.074464833333,508090.224,3881304.582,0.008,-2.675482,route_tangent,6,3.862,2.000,6,508086.985,3881306.686,-1.042316,0.000000,-0.000000,1.0000,,,TRACKING|w0 d0 L6
114.381425,129.088738833333,35.074464833333,508090.224,3881304.582,0.008,-2.675482,route_tangent,6,3.862,2.000,6,508086.985,3881306.686,-1.042316,0.000000,-0.000000,1.0000,,,TRACKING|w0 d0 L6
114.431760,129.088738833333,35.074464833333,508090.224,3881304.582,0.008,-2.675482,route_tangent,6,3.862,2.000,6,508086.985,3881306.686,-1.042316,0.000000,-0.000000,1.0000,,,TRACKING|w0 d0 L6
114.481417,129.088738833333,35.074464833333,508090.224,3881304.582,0.014,-2.675482,route_tangent,6,3.862,2.000,6,508086.985,3881306.686,-1.042316,0.000000,-0.000000,1.0000,,,TRACKING|w0 d0 L6
114.531436,129.088738833333,35.074464833333,508090.224,3881304.582,0.014,-2.675482,route_tangent,6,3.862,2.000,6,508086.985,3881306.686,-1.042316,0.000000,-0.000000,1.0000,,,TRACKING|w0 d0 L6
114.581446,129.088738833333,35.074464833333,508090.224,3881304.582,0.014,-2.675482,route_tangent,6,3.862,2.000,6,508086.985,3881306.686,-1.042316,0.000000,-0.000000,1.0000,,,TRACKING|w0 d0 L6
114.631416,129.088738833333,35.074464833333,508090.224,3881304.582,0.014,-2.675482,route_tangent,6,3.862,2.000,6,508086.985,3881306.686,-1.042316,0.000000,-0.000000,1.0000,,,TRACKING|w0 d0 L6
