elapsed_sec,longitude,latitude,utm_easting_m,utm_northing_m,speed_mps,heading_rad,heading_source,waypoint_index,route_error_m,lookahead_m,target_index,target_easting_m,target_northing_m,alpha_rad,raw_steering_rad,filtered_steering_rad,command_speed_mps,state
0.814615,129.088426833333,35.074460333333,508061.779,3881304.058,0.010,0.418587,route_tangent,5,7.728,3.500,5,508058.127,3881310.868,1.644469,0.000000,0.000000,2.7778,TRACKING
0.864663,129.088426833333,35.074460333333,508061.779,3881304.058,0.010,0.512452,route_tangent,5,7.728,3.500,5,508058.127,3881310.868,1.550604,0.000000,0.000000,2.7778,TRACKING
0.914599,129.088426833333,35.074460333333,508061.779,3881304.058,0.010,0.512452,route_tangent,5,7.728,3.500,5,508058.127,3881310.868,1.550604,0.000000,0.000000,2.7778,TRACKING
0.964483,129.088426833333,35.074460333333,508061.779,3881304.058,0.010,0.512452,route_tangent,5,7.728,3.500,5,508058.127,3881310.868,1.550604,0.000000,0.000000,2.7778,TRACKING
1.014558,129.088426833333,35.074460333333,508061.779,3881304.058,0.010,0.512452,route_tangent,5,7.728,3.500,5,508058.127,3881310.868,1.550604,0.000000,0.000000,2.7778,TRACKING
1.064586,129.088426833333,35.074460333333,508061.779,3881304.058,0.011,0.512452,route_tangent,5,7.728,3.500,5,508058.127,3881310.868,1.550604,0.000000,0.000000,2.7778,TRACKING
1.114558,129.088426833333,35.074460333333,508061.779,3881304.058,0.011,0.512452,route_tangent,5,7.728,3.500,5,508058.127,3881310.868,1.550604,0.000000,0.000000,2.7778,TRACKING
1.164447,129.088426833333,35.074460333333,508061.779,3881304.058,0.011,0.512452,route_tangent,5,7.728,3.500,5,508058.127,3881310.868,1.550604,0.000000,0.000000,2.7778,TRACKING
1.214502,129.088426833333,35.074460333333,508061.779,3881304.058,0.011,0.512452,route_tangent,5,7.728,3.500,5,508058.127,3881310.868,1.550604,0.000000,0.000000,2.7778,TRACKING
1.264527,129.088426833333,35.074460333333,508061.779,3881304.058,0.011,0.512452,route_tangent,5,7.728,3.500,5,508058.127,3881310.868,1.550604,0.000000,0.000000,2.7778,TRACKING
1.314634,129.088426833333,35.074460166667,508061.780,3881304.040,0.008,0.512452,route_tangent,5,7.744,3.500,5,508058.127,3881310.868,1.549478,0.000000,0.000000,2.7778,TRACKING
1.364472,129.088426833333,35.074460166667,508061.780,3881304.040,0.008,0.512452,route_tangent,5,7.744,3.500,5,508058.127,3881310.868,1.549478,0.000000,0.000000,2.7778,TRACKING
1.414506,129.088426833333,35.074460166667,508061.780,3881304.040,0.008,0.512452,route_tangent,5,7.744,3.500,5,508058.127,3881310.868,1.549478,0.000000,0.000000,2.7778,TRACKING
1.464475,129.088426833333,35.074460166667,508061.780,3881304.040,0.008,0.512452,route_tangent,5,7.744,3.500,5,508058.127,3881310.868,1.549478,0.000000,0.000000,2.7778,TRACKING
1.514502,129.088426833333,35.074460166667,508061.780,3881304.040,0.008,0.512452,route_tangent,5,7.744,3.500,5,508058.127,3881310.868,1.549478,0.000000,0.000000,2.7778,TRACKING
1.564636,129.088426833333,35.074460166667,508061.780,3881304.040,0.009,0.512452,route_tangent,5,7.744,3.500,5,508058.127,3881310.868,1.549478,0.000000,0.000000,2.7778,TRACKING
1.614594,129.088426833333,35.074460166667,508061.780,3881304.040,0.009,0.512452,route_tangent,5,7.744,3.500,5,508058.127,3881310.868,1.549478,0.000000,0.000000,2.7778,TRACKING
1.664468,129.088426833333,35.074460166667,508061.780,3881304.040,0.009,0.512452,route_tangent,5,7.744,3.500,5,508058.127,3881310.868,1.549478,0.000000,0.000000,2.7778,TRACKING
1.714491,129.088426833333,35.074460166667,508061.780,3881304.040,0.009,0.512452,route_tangent,5,7.744,3.500,5,508058.127,3881310.868,1.549478,0.000000,0.000000,2.7778,TRACKING
1.764654,129.088426833333,35.074460166667,508061.780,3881304.040,0.009,0.512452,route_tangent,5,7.744,3.500,5,508058.127,3881310.868,1.549478,0.000000,0.000000,2.7778,TRACKING
1.814434,129.088426833333,35.074460166667,508061.780,3881304.040,0.007,0.512452,route_tangent,5,7.744,3.500,5,508058.127,3881310.868,1.549478,0.000000,0.000000,2.7778,TRACKING
1.864626,129.088426833333,35.074460166667,508061.780,3881304.040,0.007,0.512452,route_tangent,5,7.744,3.500,5,508058.127,3881310.868,1.549478,0.000000,0.000000,2.7778,TRACKING
1.914588,129.088426833333,35.074460166667,508061.780,3881304.040,0.007,0.512452,route_tangent,5,7.744,3.500,5,508058.127,3881310.868,1.549478,0.000000,0.000000,2.7778,TRACKING
1.964673,129.088426833333,35.074460166667,508061.780,3881304.040,0.007,0.512452,route_tangent,5,7.744,3.500,5,508058.127,3881310.868,1.549478,0.000000,0.000000,2.7778,TRACKING
2.014533,129.088426833333,35.074460166667,508061.780,3881304.040,0.007,0.512452,route_tangent,5,7.744,3.500,5,508058.127,3881310.868,1.549478,0.000000,0.000000,2.7778,TRACKING
2.064615,129.088426833333,35.074460166667,508061.780,3881304.040,0.005,0.512452,route_tangent,5,7.744,3.500,5,508058.127,3881310.868,1.549478,0.000000,0.000000,2.7778,TRACKING
2.114537,129.088426833333,35.074460166667,508061.780,3881304.040,0.005,0.512452,route_tangent,5,7.744,3.500,5,508058.127,3881310.868,1.549478,0.000000,0.000000,2.7778,TRACKING
2.164483,129.088426833333,35.074460166667,508061.780,3881304.040,0.005,0.512452,route_tangent,5,7.744,3.500,5,508058.127,3881310.868,1.549478,0.000000,0.000000,2.7778,TRACKING
2.214617,129.088426833333,35.074460166667,508061.780,3881304.040,0.005,0.512452,route_tangent,5,7.744,3.500,5,508058.127,3881310.868,1.549478,0.000000,0.000000,2.7778,TRACKING
2.264624,129.088426833333,35.074460166667,508061.780,3881304.040,0.005,0.512452,route_tangent,5,7.744,3.500,5,508058.127,3881310.868,1.549478,0.000000,0.000000,2.7778,TRACKING
2.314475,129.088426833333,35.074460166667,508061.780,3881304.040,0.005,0.512452,route_tangent,5,7.744,3.500,5,508058.127,3881310.868,1.549478,0.000000,0.000000,2.7778,TRACKING
2.364495,129.088426833333,35.074460166667,508061.780,3881304.040,0.005,0.512452,route_tangent,5,7.744,3.500,5,508058.127,3881310.868,1.549478,0.000000,0.000000,2.7778,TRACKING
2.414455,129.088426833333,35.074460166667,508061.780,3881304.040,0.005,0.512452,route_tangent,5,7.744,3.500,5,508058.127,3881310.868,1.549478,0.000000,0.000000,2.7778,TRACKING
2.464518,129.088426833333,35.074460166667,508061.780,3881304.040,0.005,0.512452,route_tangent,5,7.744,3.500,5,508058.127,3881310.868,1.549478,0.000000,0.000000,2.7778,TRACKING
2.514601,129.088426833333,35.074460166667,508061.780,3881304.040,0.005,0.512452,route_tangent,5,7.744,3.500,5,508058.127,3881310.868,1.549478,0.000000,0.000000,2.7778,TRACKING
2.564682,129.088426833333,35.074460166667,508061.780,3881304.040,0.005,0.512452,route_tangent,5,7.744,3.500,5,508058.127,3881310.868,1.549478,0.000000,0.000000,2.7778,TRACKING
2.614515,129.088426833333,35.074460333333,508061.779,3881304.058,0.012,0.512452,route_tangent,5,7.728,3.500,5,508058.127,3881310.868,1.550604,0.000000,0.000000,2.7778,TRACKING
2.664515,129.088426833333,35.074460333333,508061.779,3881304.058,0.012,0.512452,route_tangent,5,7.728,3.500,5,508058.127,3881310.868,1.550604,0.000000,0.000000,2.7778,TRACKING
2.714529,129.088426833333,35.074460333333,508061.779,3881304.058,0.012,0.512452,route_tangent,5,7.728,3.500,5,508058.127,3881310.868,1.550604,0.000000,0.000000,2.7778,TRACKING
2.764528,129.088426833333,35.074460333333,508061.779,3881304.058,0.012,0.512452,route_tangent,5,7.728,3.500,5,508058.127,3881310.868,1.550604,0.000000,0.000000,2.7778,TRACKING
2.814545,129.088426833333,35.074460333333,508061.779,3881304.058,0.006,0.512452,route_tangent,5,7.728,3.500,5,508058.127,3881310.868,1.550604,0.000000,0.000000,2.7778,TRACKING
2.864884,129.088426833333,35.074460333333,508061.779,3881304.058,0.006,0.512452,route_tangent,5,7.728,3.500,5,508058.127,3881310.868,1.550604,0.000000,0.000000,2.7778,TRACKING
2.914603,129.088426833333,35.074460333333,508061.779,3881304.058,0.006,0.512452,route_tangent,5,7.728,3.500,5,508058.127,3881310.868,1.550604,0.000000,0.000000,2.7778,TRACKING
2.965372,129.088426833333,35.074460333333,508061.779,3881304.058,0.006,0.512452,route_tangent,5,7.728,3.500,5,508058.127,3881310.868,1.550604,0.000000,0.000000,2.7778,TRACKING
3.014555,129.088426833333,35.074460333333,508061.779,3881304.058,0.006,0.512452,route_tangent,5,7.728,3.500,5,508058.127,3881310.868,1.550604,0.000000,0.000000,2.7778,TRACKING
3.064490,129.088426833333,35.074460333333,508061.779,3881304.058,0.005,0.512452,route_tangent,5,7.728,3.500,5,508058.127,3881310.868,1.550604,0.000000,0.000000,2.7778,TRACKING
3.114721,129.088426833333,35.074460333333,508061.779,3881304.058,0.005,0.512452,route_tangent,5,7.728,3.500,5,508058.127,3881310.868,1.550604,0.000000,0.000000,2.7778,TRACKING
3.164750,129.088426833333,35.074460333333,508061.779,3881304.058,0.005,0.512452,route_tangent,5,7.728,3.500,5,508058.127,3881310.868,1.550604,0.000000,0.000000,2.7778,TRACKING
3.214921,129.088426833333,35.074460333333,508061.779,3881304.058,0.005,0.512452,route_tangent,5,7.728,3.500,5,508058.127,3881310.868,1.550604,0.000000,0.000000,2.7778,TRACKING
3.264499,129.088426833333,35.074460333333,508061.779,3881304.058,0.005,0.512452,route_tangent,5,7.728,3.500,5,508058.127,3881310.868,1.550604,0.000000,0.000000,2.7778,TRACKING
3.314457,129.088426833333,35.074460166667,508061.780,3881304.040,0.006,0.512452,route_tangent,5,7.744,3.500,5,508058.127,3881310.868,1.549478,0.000000,0.000000,2.7778,TRACKING
3.364587,129.088426833333,35.074460166667,508061.780,3881304.040,0.006,0.512452,route_tangent,5,7.744,3.500,5,508058.127,3881310.868,1.549478,0.000000,0.000000,2.7778,TRACKING
3.414645,129.088426833333,35.074460166667,508061.780,3881304.040,0.006,0.512452,route_tangent,5,7.744,3.500,5,508058.127,3881310.868,1.549478,0.000000,0.000000,2.7778,TRACKING
3.464663,129.088426833333,35.074460166667,508061.780,3881304.040,0.006,0.512452,route_tangent,5,7.744,3.500,5,508058.127,3881310.868,1.549478,0.000000,0.000000,2.7778,TRACKING
3.514600,129.088426833333,35.074460166667,508061.780,3881304.040,0.006,0.512452,route_tangent,5,7.744,3.500,5,508058.127,3881310.868,1.549478,0.000000,0.000000,2.7778,TRACKING
3.564583,129.088426833333,35.074460166667,508061.780,3881304.040,0.008,0.512452,route_tangent,5,7.744,3.500,5,508058.127,3881310.868,1.549478,0.000000,0.000000,2.7778,TRACKING
3.614525,129.088426833333,35.074460166667,508061.780,3881304.040,0.008,0.512452,route_tangent,5,7.744,3.500,5,508058.127,3881310.868,1.549478,0.000000,0.000000,2.7778,TRACKING
3.664716,129.088426833333,35.074460166667,508061.780,3881304.040,0.008,0.512452,route_tangent,5,7.744,3.500,5,508058.127,3881310.868,1.549478,0.000000,0.000000,2.7778,TRACKING
3.715219,129.088426833333,35.074460166667,508061.780,3881304.040,0.008,0.512452,route_tangent,5,7.744,3.500,5,508058.127,3881310.868,1.549478,0.000000,0.000000,2.7778,TRACKING
3.764558,129.088426833333,35.074460166667,508061.780,3881304.040,0.008,0.512452,route_tangent,5,7.744,3.500,5,508058.127,3881310.868,1.549478,0.000000,0.000000,2.7778,TRACKING
3.814539,129.088426833333,35.074460166667,508061.780,3881304.040,0.008,0.512452,route_tangent,5,7.744,3.500,5,508058.127,3881310.868,1.549478,0.000000,0.000000,2.7778,TRACKING
3.864561,129.088426833333,35.074460166667,508061.780,3881304.040,0.008,0.512452,route_tangent,5,7.744,3.500,5,508058.127,3881310.868,1.549478,0.000000,0.000000,2.7778,TRACKING
3.914533,129.088426833333,35.074460166667,508061.780,3881304.040,0.008,0.512452,route_tangent,5,7.744,3.500,5,508058.127,3881310.868,1.549478,0.000000,0.000000,2.7778,TRACKING
3.964523,129.088426833333,35.074460166667,508061.780,3881304.040,0.008,0.512452,route_tangent,5,7.744,3.500,5,508058.127,3881310.868,1.549478,0.000000,0.000000,2.7778,TRACKING
4.014702,129.088426833333,35.074460166667,508061.780,3881304.040,0.008,0.512452,route_tangent,5,7.744,3.500,5,508058.127,3881310.868,1.549478,0.000000,0.000000,2.7778,TRACKING
4.064670,129.088426833333,35.074460166667,508061.780,3881304.040,0.012,0.512452,route_tangent,5,7.744,3.500,5,508058.127,3881310.868,1.549478,0.000000,0.000000,2.7778,TRACKING
4.114539,129.088426833333,35.074460166667,508061.780,3881304.040,0.012,0.512452,route_tangent,5,7.744,3.500,5,508058.127,3881310.868,1.549478,0.000000,0.000000,2.7778,TRACKING
4.164530,129.088426833333,35.074460166667,508061.780,3881304.040,0.012,0.512452,route_tangent,5,7.744,3.500,5,508058.127,3881310.868,1.549478,0.000000,0.000000,2.7778,TRACKING
4.214635,129.088426833333,35.074460166667,508061.780,3881304.040,0.012,0.512452,route_tangent,5,7.744,3.500,5,508058.127,3881310.868,1.549478,0.000000,0.000000,2.7778,TRACKING
4.264529,129.088426833333,35.074460166667,508061.780,3881304.040,0.012,0.512452,route_tangent,5,7.744,3.500,5,508058.127,3881310.868,1.549478,0.000000,0.000000,2.7778,TRACKING
4.314651,129.088427000000,35.074460166667,508061.795,3881304.040,0.005,0.512452,route_tangent,5,7.751,3.500,5,508058.127,3881310.868,1.551208,0.000000,0.000000,2.7778,TRACKING
4.364513,129.088427000000,35.074460166667,508061.795,3881304.040,0.005,0.512452,route_tangent,5,7.751,3.500,5,508058.127,3881310.868,1.551208,0.000000,0.000000,2.7778,TRACKING
4.414736,129.088427000000,35.074460166667,508061.795,3881304.040,0.005,0.512452,route_tangent,5,7.751,3.500,5,508058.127,3881310.868,1.551208,0.000000,0.000000,2.7778,TRACKING
4.464537,129.088427000000,35.074460166667,508061.795,3881304.040,0.005,0.512452,route_tangent,5,7.751,3.500,5,508058.127,3881310.868,1.551208,0.000000,0.000000,2.7778,TRACKING
4.514524,129.088427000000,35.074460166667,508061.795,3881304.040,0.005,0.512452,route_tangent,5,7.751,3.500,5,508058.127,3881310.868,1.551208,0.000000,0.000000,2.7778,TRACKING
4.564662,129.088427000000,35.074460166667,508061.795,3881304.040,0.005,0.512452,route_tangent,5,7.751,3.500,5,508058.127,3881310.868,1.551208,0.000000,0.000000,2.7778,TRACKING
4.614535,129.088427000000,35.074460166667,508061.795,3881304.040,0.005,0.512452,route_tangent,5,7.751,3.500,5,508058.127,3881310.868,1.551208,0.000000,0.000000,2.7778,TRACKING
4.664539,129.088427000000,35.074460166667,508061.795,3881304.040,0.005,0.512452,route_tangent,5,7.751,3.500,5,508058.127,3881310.868,1.551208,0.000000,0.000000,2.7778,TRACKING
4.714514,129.088427000000,35.074460166667,508061.795,3881304.040,0.005,0.512452,route_tangent,5,7.751,3.500,5,508058.127,3881310.868,1.551208,0.000000,0.000000,2.7778,TRACKING
4.764733,129.088427000000,35.074460166667,508061.795,3881304.040,0.005,0.512452,route_tangent,5,7.751,3.500,5,508058.127,3881310.868,1.551208,0.000000,0.000000,2.7778,TRACKING
4.814681,129.088427000000,35.074460166667,508061.795,3881304.040,0.007,0.512452,route_tangent,5,7.751,3.500,5,508058.127,3881310.868,1.551208,0.000000,0.000000,2.7778,TRACKING
4.864523,129.088427000000,35.074460166667,508061.795,3881304.040,0.007,0.512452,route_tangent,5,7.751,3.500,5,508058.127,3881310.868,1.551208,0.000000,0.000000,2.7778,TRACKING
4.914510,129.088427000000,35.074460166667,508061.795,3881304.040,0.007,0.512452,route_tangent,5,7.751,3.500,5,508058.127,3881310.868,1.551208,0.000000,0.000000,2.7778,TRACKING
4.964544,129.088427000000,35.074460166667,508061.795,3881304.040,0.007,0.512452,route_tangent,5,7.751,3.500,5,508058.127,3881310.868,1.551208,0.000000,0.000000,2.7778,TRACKING
5.014524,129.088427000000,35.074460166667,508061.795,3881304.040,0.007,0.512452,route_tangent,5,7.751,3.500,5,508058.127,3881310.868,1.551208,0.000000,0.000000,2.7778,TRACKING
5.064497,129.088427000000,35.074460166667,508061.795,3881304.040,0.011,0.512452,route_tangent,5,7.751,3.500,5,508058.127,3881310.868,1.551208,0.000000,0.000000,2.7778,TRACKING
5.114585,129.088427000000,35.074460166667,508061.795,3881304.040,0.011,0.512452,route_tangent,5,7.751,3.500,5,508058.127,3881310.868,1.551208,0.000000,0.000000,2.7778,TRACKING
5.164519,129.088427000000,35.074460166667,508061.795,3881304.040,0.011,0.512452,route_tangent,5,7.751,3.500,5,508058.127,3881310.868,1.551208,0.000000,0.000000,2.7778,TRACKING
5.214679,129.088427000000,35.074460166667,508061.795,3881304.040,0.011,0.512452,route_tangent,5,7.751,3.500,5,508058.127,3881310.868,1.551208,0.000000,0.000000,2.7778,TRACKING
5.264548,129.088427000000,35.074460166667,508061.795,3881304.040,0.011,0.512452,route_tangent,5,7.751,3.500,5,508058.127,3881310.868,1.551208,0.000000,0.000000,2.7778,TRACKING
5.314510,129.088427000000,35.074460166667,508061.795,3881304.040,0.014,0.512452,route_tangent,5,7.751,3.500,5,508058.127,3881310.868,1.551208,0.000000,0.000000,2.7778,TRACKING
5.364525,129.088427000000,35.074460166667,508061.795,3881304.040,0.014,0.512452,route_tangent,5,7.751,3.500,5,508058.127,3881310.868,1.551208,0.000000,0.000000,2.7778,TRACKING
5.414556,129.088427000000,35.074460166667,508061.795,3881304.040,0.014,0.512452,route_tangent,5,7.751,3.500,5,508058.127,3881310.868,1.551208,0.000000,0.000000,2.7778,TRACKING
5.464500,129.088427000000,35.074460166667,508061.795,3881304.040,0.014,0.512452,route_tangent,5,7.751,3.500,5,508058.127,3881310.868,1.551208,0.000000,0.000000,2.7778,TRACKING
5.514514,129.088427000000,35.074460166667,508061.795,3881304.040,0.014,0.512452,route_tangent,5,7.751,3.500,5,508058.127,3881310.868,1.551208,0.000000,0.000000,2.7778,TRACKING
5.564492,129.088427000000,35.074460166667,508061.795,3881304.040,0.005,0.512452,route_tangent,5,7.751,3.500,5,508058.127,3881310.868,1.551208,0.000000,0.000000,2.7778,TRACKING
5.614481,129.088427000000,35.074460166667,508061.795,3881304.040,0.005,0.512452,route_tangent,5,7.751,3.500,5,508058.127,3881310.868,1.551208,0.000000,0.000000,2.7778,TRACKING
5.664947,129.088427000000,35.074460166667,508061.795,3881304.040,0.005,0.512452,route_tangent,5,7.751,3.500,5,508058.127,3881310.868,1.551208,0.000000,0.000000,2.7778,TRACKING
5.714548,129.088427000000,35.074460166667,508061.795,3881304.040,0.005,0.512452,route_tangent,5,7.751,3.500,5,508058.127,3881310.868,1.551208,0.000000,0.000000,2.7778,TRACKING
5.764546,129.088427000000,35.074460166667,508061.795,3881304.040,0.005,0.512452,route_tangent,5,7.751,3.500,5,508058.127,3881310.868,1.551208,0.000000,0.000000,2.7778,TRACKING
5.814633,129.088427000000,35.074460166667,508061.795,3881304.040,0.009,0.512452,route_tangent,5,7.751,3.500,5,508058.127,3881310.868,1.551208,0.000000,0.000000,2.7778,TRACKING
5.864806,129.088427000000,35.074460166667,508061.795,3881304.040,0.009,0.512452,route_tangent,5,7.751,3.500,5,508058.127,3881310.868,1.551208,0.000000,0.000000,2.7778,TRACKING
5.914505,129.088427000000,35.074460166667,508061.795,3881304.040,0.009,0.512452,route_tangent,5,7.751,3.500,5,508058.127,3881310.868,1.551208,0.000000,0.000000,2.7778,TRACKING
5.964521,129.088427000000,35.074460166667,508061.795,3881304.040,0.009,0.512452,route_tangent,5,7.751,3.500,5,508058.127,3881310.868,1.551208,0.000000,0.000000,2.7778,TRACKING
6.014517,129.088427000000,35.074460166667,508061.795,3881304.040,0.009,0.512452,route_tangent,5,7.751,3.500,5,508058.127,3881310.868,1.551208,0.000000,0.000000,2.7778,TRACKING
6.064540,129.088427000000,35.074460166667,508061.795,3881304.040,0.006,0.512452,route_tangent,5,7.751,3.500,5,508058.127,3881310.868,1.551208,0.000000,0.000000,2.7778,TRACKING
6.114552,129.088427000000,35.074460166667,508061.795,3881304.040,0.006,0.512452,route_tangent,5,7.751,3.500,5,508058.127,3881310.868,1.551208,0.000000,0.000000,2.7778,TRACKING
6.164500,129.088427000000,35.074460166667,508061.795,3881304.040,0.006,0.512452,route_tangent,5,7.751,3.500,5,508058.127,3881310.868,1.551208,0.000000,0.000000,2.7778,TRACKING
6.214552,129.088427000000,35.074460166667,508061.795,3881304.040,0.006,0.512452,route_tangent,5,7.751,3.500,5,508058.127,3881310.868,1.551208,0.000000,0.000000,2.7778,TRACKING
6.264510,129.088427000000,35.074460166667,508061.795,3881304.040,0.006,0.512452,route_tangent,5,7.751,3.500,5,508058.127,3881310.868,1.551208,0.000000,0.000000,2.7778,TRACKING
6.314628,129.088427000000,35.074460166667,508061.795,3881304.040,0.001,0.512452,route_tangent,5,7.751,3.500,5,508058.127,3881310.868,1.551208,0.000000,0.000000,2.7778,TRACKING
6.364840,129.088427000000,35.074460166667,508061.795,3881304.040,0.001,0.512452,route_tangent,5,7.751,3.500,5,508058.127,3881310.868,1.551208,0.000000,0.000000,2.7778,TRACKING
6.414518,129.088427000000,35.074460166667,508061.795,3881304.040,0.001,0.512452,route_tangent,5,7.751,3.500,5,508058.127,3881310.868,1.551208,0.000000,0.000000,2.7778,TRACKING
6.464506,129.088427000000,35.074460166667,508061.795,3881304.040,0.001,0.512452,route_tangent,5,7.751,3.500,5,508058.127,3881310.868,1.551208,0.000000,0.000000,2.7778,TRACKING
6.514624,129.088427000000,35.074460166667,508061.795,3881304.040,0.001,0.512452,route_tangent,5,7.751,3.500,5,508058.127,3881310.868,1.551208,0.000000,0.000000,2.7778,TRACKING
6.564655,129.088427000000,35.074460166667,508061.795,3881304.040,0.005,0.512452,route_tangent,5,7.751,3.500,5,508058.127,3881310.868,1.551208,0.000000,0.000000,2.7778,TRACKING
6.614500,129.088427000000,35.074460166667,508061.795,3881304.040,0.005,0.512452,route_tangent,5,7.751,3.500,5,508058.127,3881310.868,1.551208,0.000000,0.000000,2.7778,TRACKING
6.664502,129.088427000000,35.074460166667,508061.795,3881304.040,0.005,0.512452,route_tangent,5,7.751,3.500,5,508058.127,3881310.868,1.551208,0.000000,0.000000,2.7778,TRACKING
6.714513,129.088427000000,35.074460166667,508061.795,3881304.040,0.005,0.512452,route_tangent,5,7.751,3.500,5,508058.127,3881310.868,1.551208,0.000000,0.000000,2.7778,TRACKING
6.764516,129.088427000000,35.074460166667,508061.795,3881304.040,0.005,0.512452,route_tangent,5,7.751,3.500,5,508058.127,3881310.868,1.551208,0.000000,0.000000,2.7778,TRACKING
6.814723,129.088427000000,35.074460166667,508061.795,3881304.040,0.009,0.512452,route_tangent,5,7.751,3.500,5,508058.127,3881310.868,1.551208,0.000000,0.000000,2.7778,TRACKING
6.864507,129.088427000000,35.074460166667,508061.795,3881304.040,0.009,0.512452,route_tangent,5,7.751,3.500,5,508058.127,3881310.868,1.551208,0.000000,0.000000,2.7778,TRACKING
6.914556,129.088427000000,35.074460166667,508061.795,3881304.040,0.009,0.512452,route_tangent,5,7.751,3.500,5,508058.127,3881310.868,1.551208,0.000000,0.000000,2.7778,TRACKING
6.964951,129.088427000000,35.074460166667,508061.795,3881304.040,0.009,0.512452,route_tangent,5,7.751,3.500,5,508058.127,3881310.868,1.551208,0.000000,0.000000,2.7778,TRACKING
7.014513,129.088427000000,35.074460166667,508061.795,3881304.040,0.009,0.512452,route_tangent,5,7.751,3.500,5,508058.127,3881310.868,1.551208,0.000000,0.000000,2.7778,TRACKING
7.064528,129.088427166667,35.074460333333,508061.810,3881304.058,0.020,0.512452,route_tangent,5,7.742,3.500,5,508058.127,3881310.868,1.554065,0.000000,0.000000,2.7778,TRACKING
7.114535,129.088427166667,35.074460333333,508061.810,3881304.058,0.020,0.512452,route_tangent,5,7.742,3.500,5,508058.127,3881310.868,1.554065,0.000000,0.000000,2.7778,TRACKING
7.164529,129.088427166667,35.074460333333,508061.810,3881304.058,0.020,0.512452,route_tangent,5,7.742,3.500,5,508058.127,3881310.868,1.554065,0.000000,0.000000,2.7778,TRACKING
7.214540,129.088427166667,35.074460333333,508061.810,3881304.058,0.020,0.512452,route_tangent,5,7.742,3.500,5,508058.127,3881310.868,1.554065,0.000000,0.000000,2.7778,TRACKING
7.264725,129.088427166667,35.074460333333,508061.810,3881304.058,0.020,0.512452,route_tangent,5,7.742,3.500,5,508058.127,3881310.868,1.554065,0.000000,0.000000,2.7778,TRACKING
7.314506,129.088427500000,35.074460333333,508061.840,3881304.058,0.040,0.512452,route_tangent,5,7.757,3.500,5,508058.127,3881310.868,1.557513,0.000000,0.000000,2.7778,TRACKING
7.364527,129.088427500000,35.074460333333,508061.840,3881304.058,0.040,0.512452,route_tangent,5,7.757,3.500,5,508058.127,3881310.868,1.557513,0.000000,0.000000,2.7778,TRACKING
7.414519,129.088427500000,35.074460333333,508061.840,3881304.058,0.040,0.512452,route_tangent,5,7.757,3.500,5,508058.127,3881310.868,1.557513,0.000000,0.000000,2.7778,TRACKING
7.464918,129.088427500000,35.074460333333,508061.840,3881304.058,0.040,0.512452,route_tangent,5,7.757,3.500,5,508058.127,3881310.868,1.557513,0.000000,0.000000,2.7778,TRACKING
7.514749,129.088427500000,35.074460333333,508061.840,3881304.058,0.040,0.512452,route_tangent,5,7.757,3.500,5,508058.127,3881310.868,1.557513,0.000000,0.000000,2.7778,TRACKING
7.564536,129.088427833333,35.074460500000,508061.871,3881304.077,0.082,0.512452,route_tangent,5,7.755,3.500,5,508058.127,3881310.868,1.562095,0.000000,0.000000,2.7778,TRACKING
7.614526,129.088427833333,35.074460500000,508061.871,3881304.077,0.082,0.512452,route_tangent,5,7.755,3.500,5,508058.127,3881310.868,1.562095,0.000000,0.000000,2.7778,TRACKING
7.664546,129.088427833333,35.074460500000,508061.871,3881304.077,0.082,0.512452,route_tangent,5,7.755,3.500,5,508058.127,3881310.868,1.562095,0.000000,0.000000,2.7778,TRACKING
7.714544,129.088427833333,35.074460500000,508061.871,3881304.077,0.082,0.512452,route_tangent,5,7.755,3.500,5,508058.127,3881310.868,1.562095,0.000000,0.000000,2.7778,TRACKING
7.764524,129.088427833333,35.074460500000,508061.871,3881304.077,0.082,0.512452,route_tangent,5,7.755,3.500,5,508058.127,3881310.868,1.562095,0.000000,0.000000,2.7778,TRACKING
7.814539,129.088428333333,35.074460833333,508061.916,3881304.114,0.136,0.516967,gps_course,5,7.745,3.500,5,508058.127,3881310.868,1.565038,0.000000,0.000000,2.7778,TRACKING
7.864648,129.088428333333,35.074460833333,508061.916,3881304.114,0.136,0.516967,gps_course,5,7.745,3.500,5,508058.127,3881310.868,1.565038,0.000000,0.000000,2.7778,TRACKING
7.914744,129.088428333333,35.074460833333,508061.916,3881304.114,0.136,0.516967,gps_course,5,7.745,3.500,5,508058.127,3881310.868,1.565038,0.000000,0.000000,2.7778,TRACKING
7.964591,129.088428333333,35.074460833333,508061.916,3881304.114,0.136,0.516967,gps_course,5,7.745,3.500,5,508058.127,3881310.868,1.565038,0.000000,0.000000,2.7778,TRACKING
8.014532,129.088428333333,35.074460833333,508061.916,3881304.114,0.136,0.516967,gps_course,5,7.745,3.500,5,508058.127,3881310.868,1.565038,0.000000,0.000000,2.7778,TRACKING
8.064543,129.088429000000,35.074461000000,508061.977,3881304.132,0.171,0.525868,gps_course,5,7.758,3.500,5,508058.127,3881310.868,1.564136,0.000000,0.000000,2.7778,TRACKING
8.114545,129.088429000000,35.074461000000,508061.977,3881304.132,0.171,0.525868,gps_course,5,7.758,3.500,5,508058.127,3881310.868,1.564136,0.000000,0.000000,2.7778,TRACKING
8.164549,129.088429000000,35.074461000000,508061.977,3881304.132,0.171,0.525868,gps_course,5,7.758,3.500,5,508058.127,3881310.868,1.564136,-0.184757,-0.030003,2.7778,TRACKING
8.214631,129.088429000000,35.074461000000,508061.977,3881304.132,0.171,0.525868,gps_course,5,7.758,3.500,5,508058.127,3881310.868,1.564136,-0.184757,-0.060051,2.7778,TRACKING
8.264637,129.088429000000,35.074461000000,508061.977,3881304.132,0.171,0.525868,gps_course,5,7.758,3.500,5,508058.127,3881310.868,1.564136,-0.184757,-0.090055,2.7778,TRACKING
8.314803,129.088429500000,35.074461500000,508062.022,3881304.188,0.215,0.552222,gps_course,5,7.733,3.500,5,508058.127,3881310.868,1.546455,-0.185297,-0.120154,2.7778,TRACKING
8.364687,129.088429500000,35.074461500000,508062.022,3881304.188,0.215,0.552222,gps_course,5,7.733,3.500,5,508058.127,3881310.868,1.546455,-0.185297,-0.146212,2.7778,TRACKING
8.414692,129.088429500000,35.074461500000,508062.022,3881304.188,0.215,0.552222,gps_course,5,7.733,3.500,5,508058.127,3881310.868,1.546455,-0.185297,-0.161846,2.7778,TRACKING
8.464527,129.088429500000,35.074461500000,508062.022,3881304.188,0.215,0.552222,gps_course,5,7.733,3.500,5,508058.127,3881310.868,1.546455,-0.185297,-0.171227,2.7778,TRACKING
8.514537,129.088429500000,35.074461500000,508062.022,3881304.188,0.215,0.552222,gps_course,5,7.733,3.500,5,508058.127,3881310.868,1.546455,-0.185297,-0.176855,2.7778,TRACKING
8.565434,129.088430333333,35.074461833333,508062.098,3881304.225,0.258,0.620988,gps_course,5,7.740,3.500,5,508058.127,3881310.868,1.488575,-0.184582,-0.179946,2.7778,TRACKING
8.614546,129.088430333333,35.074461833333,508062.098,3881304.225,0.258,0.620988,gps_course,5,7.740,3.500,5,508058.127,3881310.868,1.488575,-0.184582,-0.181801,2.7778,TRACKING
8.664517,129.088430333333,35.074461833333,508062.098,3881304.225,0.258,0.620988,gps_course,5,7.740,3.500,5,508058.127,3881310.868,1.488575,-0.184582,-0.182913,2.7778,TRACKING
8.714512,129.088430333333,35.074461833333,508062.098,3881304.225,0.258,0.620988,gps_course,5,7.740,3.500,5,508058.127,3881310.868,1.488575,-0.184582,-0.183581,2.7778,TRACKING
8.764664,129.088430333333,35.074461833333,508062.098,3881304.225,0.258,0.620988,gps_course,5,7.740,3.500,5,508058.127,3881310.868,1.488575,-0.184582,-0.183982,2.7778,TRACKING
8.814536,129.088431166667,35.074462333333,508062.174,3881304.280,0.294,0.596903,gps_course,5,7.732,3.500,5,508058.127,3881310.868,1.524774,-0.185192,-0.184466,2.7778,TRACKING
8.864677,129.088431166667,35.074462333333,508062.174,3881304.280,0.294,0.596903,gps_course,5,7.732,3.500,5,508058.127,3881310.868,1.524774,-0.185192,-0.184756,2.7778,TRACKING
8.914502,129.088431166667,35.074462333333,508062.174,3881304.280,0.294,0.596903,gps_course,5,7.732,3.500,5,508058.127,3881310.868,1.524774,-0.185192,-0.184931,2.7778,TRACKING
8.964599,129.088431166667,35.074462333333,508062.174,3881304.280,0.294,0.596903,gps_course,5,7.732,3.500,5,508058.127,3881310.868,1.524774,-0.185192,-0.185035,2.7778,TRACKING
9.014495,129.088431166667,35.074462333333,508062.174,3881304.280,0.294,0.596903,gps_course,5,7.732,3.500,5,508058.127,3881310.868,1.524774,-0.185192,-0.185098,2.7778,TRACKING
9.064582,129.088432000000,35.074462666667,508062.250,3881304.317,0.294,0.596903,gps_course,5,7.740,3.500,5,508058.127,3881310.868,1.535638,-0.185070,-0.185087,2.7778,TRACKING
9.114510,129.088432000000,35.074462666667,508062.250,3881304.317,0.294,0.596903,gps_course,5,7.740,3.500,5,508058.127,3881310.868,1.535638,-0.185070,-0.185080,2.7778,TRACKING
9.164510,129.088432000000,35.074462666667,508062.250,3881304.317,0.294,0.596903,gps_course,5,7.740,3.500,5,508058.127,3881310.868,1.535638,-0.185070,-0.185076,2.7778,TRACKING
9.214497,129.088432000000,35.074462666667,508062.250,3881304.317,0.294,0.596903,gps_course,5,7.740,3.500,5,508058.127,3881310.868,1.535638,-0.185070,-0.185074,2.7778,TRACKING
9.264526,129.088432000000,35.074462666667,508062.250,3881304.317,0.294,0.596903,gps_course,5,7.740,3.500,5,508058.127,3881310.868,1.535638,-0.185070,-0.185072,2.7778,TRACKING
9.314508,129.088433000000,35.074463166667,508062.341,3881304.373,0.348,0.549255,gps_course,5,7.743,3.500,5,508058.127,3881310.868,1.597066,-0.185066,-0.185070,2.7778,TRACKING
9.364527,129.088433000000,35.074463166667,508062.341,3881304.373,0.348,0.549255,gps_course,5,7.743,3.500,5,508058.127,3881310.868,1.597066,-0.185066,-0.185068,2.7778,TRACKING
9.414544,129.088433000000,35.074463166667,508062.341,3881304.373,0.348,0.549255,gps_course,5,7.743,3.500,5,508058.127,3881310.868,1.597066,-0.185066,-0.185067,2.7778,TRACKING
9.464577,129.088433000000,35.074463166667,508062.341,3881304.373,0.348,0.549255,gps_course,5,7.743,3.500,5,508058.127,3881310.868,1.597066,-0.185066,-0.185067,2.7778,TRACKING
9.514486,129.088433000000,35.074463166667,508062.341,3881304.373,0.348,0.549255,gps_course,5,7.743,3.500,5,508058.127,3881310.868,1.597066,-0.185066,-0.185067,2.7778,TRACKING
9.564493,129.088434000000,35.074463666667,508062.433,3881304.428,0.380,0.548033,gps_course,6,7.742,3.500,6,508059.114,3881311.424,1.465672,-0.184139,-0.184695,2.7778,TRACKING
9.614557,129.088434000000,35.074463666667,508062.433,3881304.428,0.380,0.548033,gps_course,6,7.742,3.500,6,508059.114,3881311.424,1.465672,-0.184139,-0.184473,2.7778,TRACKING
9.664727,129.088434000000,35.074463666667,508062.433,3881304.428,0.380,0.548033,gps_course,6,7.742,3.500,6,508059.114,3881311.424,1.465672,-0.184139,-0.184339,2.7778,TRACKING
9.714516,129.088434000000,35.074463666667,508062.433,3881304.428,0.380,0.548033,gps_course,6,7.742,3.500,6,508059.114,3881311.424,1.465672,-0.184139,-0.184259,2.7778,TRACKING
9.764533,129.088434000000,35.074463666667,508062.433,3881304.428,0.380,0.548033,gps_course,6,7.742,3.500,6,508059.114,3881311.424,1.465672,-0.184139,-0.184211,2.7778,TRACKING
9.814802,129.088435000000,35.074464166667,508062.524,3881304.484,0.407,0.553793,gps_course,6,7.732,3.500,6,508059.114,3881311.424,1.473638,-0.184527,-0.184337,2.7778,TRACKING
9.864786,129.088435000000,35.074464166667,508062.524,3881304.484,0.407,0.553793,gps_course,6,7.732,3.500,6,508059.114,3881311.424,1.473638,-0.184527,-0.184413,2.7778,TRACKING
9.914698,129.088435000000,35.074464166667,508062.524,3881304.484,0.407,0.553793,gps_course,6,7.732,3.500,6,508059.114,3881311.424,1.473638,-0.184527,-0.184458,2.7778,TRACKING
9.964603,129.088435000000,35.074464166667,508062.524,3881304.484,0.407,0.553793,gps_course,6,7.732,3.500,6,508059.114,3881311.424,1.473638,-0.184527,-0.184486,2.7778,TRACKING
10.014545,129.088435000000,35.074464166667,508062.524,3881304.484,0.407,0.553793,gps_course,6,7.732,3.500,6,508059.114,3881311.424,1.473638,-0.184527,-0.184502,2.7778,TRACKING
10.064697,129.088436000000,35.074465000000,508062.615,3881304.576,0.433,0.569675,gps_course,6,7.690,3.500,6,508059.114,3881311.424,1.473691,-0.185510,-0.184905,2.7778,TRACKING
10.114527,129.088436000000,35.074465000000,508062.615,3881304.576,0.433,0.569675,gps_course,6,7.690,3.500,6,508059.114,3881311.424,1.473691,-0.185510,-0.185147,2.7778,TRACKING
10.164777,129.088436000000,35.074465000000,508062.615,3881304.576,0.433,0.569675,gps_course,6,7.690,3.500,6,508059.114,3881311.424,1.473691,-0.185510,-0.185292,2.7778,TRACKING
10.214746,129.088436000000,35.074465000000,508062.615,3881304.576,0.433,0.569675,gps_course,6,7.690,3.500,6,508059.114,3881311.424,1.473691,-0.185510,-0.185379,2.7778,TRACKING
10.264645,129.088436000000,35.074465000000,508062.615,3881304.576,0.433,0.569675,gps_course,6,7.690,3.500,6,508059.114,3881311.424,1.473691,-0.185510,-0.185431,2.7778,TRACKING
10.314543,129.088437166667,35.074465666667,508062.721,3881304.650,0.475,0.640536,gps_course,6,7.674,3.500,6,508059.114,3881311.424,1.419557,-0.184674,-0.185128,2.7778,TRACKING
10.364638,129.088437166667,35.074465666667,508062.721,3881304.650,0.475,0.640536,gps_course,6,7.674,3.500,6,508059.114,3881311.424,1.419557,-0.184674,-0.184947,2.7778,TRACKING
10.414515,129.088437166667,35.074465666667,508062.721,3881304.650,0.475,0.640536,gps_course,6,7.674,3.500,6,508059.114,3881311.424,1.419557,-0.184674,-0.184838,2.7778,TRACKING
10.464658,129.088437166667,35.074465666667,508062.721,3881304.650,0.475,0.640536,gps_course,6,7.674,3.500,6,508059.114,3881311.424,1.419557,-0.184674,-0.184773,2.7778,TRACKING
10.514510,129.088437166667,35.074465666667,508062.721,3881304.650,0.475,0.640536,gps_course,6,7.674,3.500,6,508059.114,3881311.424,1.419557,-0.184674,-0.184733,2.7778,TRACKING
10.564534,129.088438333333,35.074466500000,508062.827,3881304.743,0.505,0.662702,gps_course,6,7.643,3.500,6,508059.114,3881311.424,1.415355,-0.185276,-0.184950,2.7778,TRACKING
10.614524,129.088438333333,35.074466500000,508062.827,3881304.743,0.505,0.662702,gps_course,6,7.643,3.500,6,508059.114,3881311.424,1.415355,-0.185276,-0.185081,2.7778,TRACKING
10.664508,129.088438333333,35.074466500000,508062.827,3881304.743,0.505,0.662702,gps_course,6,7.643,3.500,6,508059.114,3881311.424,1.415355,-0.185276,-0.185159,2.7778,TRACKING
10.714507,129.088438333333,35.074466500000,508062.827,3881304.743,0.505,0.662702,gps_course,6,7.643,3.500,6,508059.114,3881311.424,1.415355,-0.185276,-0.185206,2.7778,TRACKING
10.764723,129.088438333333,35.074466500000,508062.827,3881304.743,0.505,0.662702,gps_course,6,7.643,3.500,6,508059.114,3881311.424,1.415355,-0.185276,-0.185234,2.7778,TRACKING
10.814520,129.088439666667,35.074467333333,508062.949,3881304.835,0.505,0.662702,gps_course,6,7.623,3.500,6,508059.114,3881311.424,1.435182,-0.186288,-0.185656,2.7778,TRACKING
10.864725,129.088439666667,35.074467333333,508062.949,3881304.835,0.505,0.662702,gps_course,6,7.623,3.500,6,508059.114,3881311.424,1.435182,-0.186288,-0.185909,2.7778,TRACKING
10.914537,129.088439666667,35.074467333333,508062.949,3881304.835,0.505,0.662702,gps_course,6,7.623,3.500,6,508059.114,3881311.424,1.435182,-0.186288,-0.186060,2.7778,TRACKING
10.964519,129.088439666667,35.074467333333,508062.949,3881304.835,0.505,0.662702,gps_course,6,7.623,3.500,6,508059.114,3881311.424,1.435182,-0.186288,-0.186152,2.7778,TRACKING
11.014510,129.088439666667,35.074467333333,508062.949,3881304.835,0.505,0.662702,gps_course,6,7.623,3.500,6,508059.114,3881311.424,1.435182,-0.186288,-0.186206,2.7778,TRACKING
11.064531,129.088440833333,35.074468500000,508063.055,3881304.965,0.569,0.702670,gps_course,6,7.566,3.500,6,508059.114,3881311.424,1.415960,-0.187140,-0.186580,2.7778,TRACKING
11.114508,129.088440833333,35.074468500000,508063.055,3881304.965,0.569,0.702670,gps_course,6,7.566,3.500,6,508059.114,3881311.424,1.415960,-0.187140,-0.186804,2.7778,TRACKING
11.164513,129.088440833333,35.074468500000,508063.055,3881304.965,0.569,0.702670,gps_course,6,7.566,3.500,6,508059.114,3881311.424,1.415960,-0.187140,-0.186938,2.7778,TRACKING
11.214527,129.088440833333,35.074468500000,508063.055,3881304.965,0.569,0.702670,gps_course,6,7.566,3.500,6,508059.114,3881311.424,1.415960,-0.187140,-0.187019,2.7778,TRACKING
11.264529,129.088440833333,35.074468500000,508063.055,3881304.965,0.569,0.702670,gps_course,6,7.566,3.500,6,508059.114,3881311.424,1.415960,-0.187140,-0.187068,2.7778,TRACKING
11.314492,129.088442000000,35.074469500000,508063.161,3881305.076,0.611,0.757473,gps_course,6,7.528,3.500,6,508059.114,3881311.424,1.380888,-0.186943,-0.187018,2.7778,TRACKING
11.364664,129.088442000000,35.074469500000,508063.161,3881305.076,0.611,0.757473,gps_course,6,7.528,3.500,6,508059.114,3881311.424,1.380888,-0.186943,-0.186988,2.7778,TRACKING
11.414487,129.088442000000,35.074469500000,508063.161,3881305.076,0.611,0.757473,gps_course,6,7.528,3.500,6,508059.114,3881311.424,1.380888,-0.186943,-0.186970,2.7778,TRACKING
11.464495,129.088442000000,35.074469500000,508063.161,3881305.076,0.611,0.757473,gps_course,6,7.528,3.500,6,508059.114,3881311.424,1.380888,-0.186943,-0.186959,2.7778,TRACKING
11.514450,129.088442000000,35.074469500000,508063.161,3881305.076,0.611,0.757473,gps_course,6,7.528,3.500,6,508059.114,3881311.424,1.380888,-0.186943,-0.186953,2.7778,TRACKING
11.564814,129.088443000000,35.074470833333,508063.252,3881305.224,0.638,0.814545,gps_course,7,7.447,3.500,7,508060.117,3881311.979,1.190831,-0.178880,-0.183724,2.7778,TRACKING
11.614479,129.088443000000,35.074470833333,508063.252,3881305.224,0.638,0.814545,gps_course,7,7.447,3.500,7,508060.117,3881311.979,1.190831,-0.178880,-0.181786,2.7778,TRACKING
11.664501,129.088443000000,35.074470833333,508063.252,3881305.224,0.638,0.814545,gps_course,7,7.447,3.500,7,508060.117,3881311.979,1.190831,-0.178880,-0.180624,2.7778,TRACKING
11.714488,129.088443000000,35.074470833333,508063.252,3881305.224,0.638,0.814545,gps_course,7,7.447,3.500,7,508060.117,3881311.979,1.190831,-0.178880,-0.179926,2.7778,TRACKING
11.764492,129.088443000000,35.074470833333,508063.252,3881305.224,0.638,0.814545,gps_course,7,7.447,3.500,7,508060.117,3881311.979,1.190831,-0.178880,-0.179508,2.7778,TRACKING
11.814511,129.088444166667,35.074472333333,508063.359,3881305.390,0.673,0.878075,gps_course,7,7.343,3.500,7,508060.117,3881311.979,1.149966,-0.178323,-0.179034,2.7778,TRACKING
11.864512,129.088444166667,35.074472333333,508063.359,3881305.390,0.673,0.878075,gps_course,7,7.343,3.500,7,508060.117,3881311.979,1.149966,-0.178323,-0.178749,2.7778,TRACKING
11.914458,129.088444166667,35.074472333333,508063.359,3881305.390,0.673,0.878075,gps_course,7,7.343,3.500,7,508060.117,3881311.979,1.149966,-0.178323,-0.178579,2.7778,TRACKING
11.964473,129.088444166667,35.074472333333,508063.359,3881305.390,0.673,0.878075,gps_course,7,7.343,3.500,7,508060.117,3881311.979,1.149966,-0.178323,-0.178476,2.7778,TRACKING
12.014590,129.088444166667,35.074472333333,508063.359,3881305.390,0.673,0.878075,gps_course,7,7.343,3.500,7,508060.117,3881311.979,1.149966,-0.178323,-0.178415,2.7778,TRACKING
12.064525,129.088445333333,35.074473833333,508063.465,3881305.557,0.712,0.936369,gps_course,7,7.243,3.500,7,508060.117,3881311.979,1.114979,-0.177866,-0.178195,2.7778,TRACKING
12.114485,129.088445333333,35.074473833333,508063.465,3881305.557,0.712,0.936369,gps_course,7,7.243,3.500,7,508060.117,3881311.979,1.114979,-0.177866,-0.178063,2.7778,TRACKING
12.164495,129.088445333333,35.074473833333,508063.465,3881305.557,0.712,0.936369,gps_course,7,7.243,3.500,7,508060.117,3881311.979,1.114979,-0.177866,-0.177984,2.7778,TRACKING
12.214491,129.088445333333,35.074473833333,508063.465,3881305.557,0.712,0.936369,gps_course,7,7.243,3.500,7,508060.117,3881311.979,1.114979,-0.177866,-0.177937,2.7778,TRACKING
12.264499,129.088445333333,35.074473833333,508063.465,3881305.557,0.712,0.936369,gps_course,7,7.243,3.500,7,508060.117,3881311.979,1.114979,-0.177866,-0.177908,2.7778,TRACKING
12.314498,129.088446166667,35.074475666667,508063.541,3881305.760,0.767,0.995361,gps_course,7,7.099,3.500,7,508060.117,3881311.979,1.078700,-0.178109,-0.177989,2.7778,TRACKING
12.364517,129.088446166667,35.074475666667,508063.541,3881305.760,0.767,0.995361,gps_course,7,7.099,3.500,7,508060.117,3881311.979,1.078700,-0.178109,-0.178037,2.7778,TRACKING
12.414556,129.088446166667,35.074475666667,508063.541,3881305.760,0.767,0.995361,gps_course,7,7.099,3.500,7,508060.117,3881311.979,1.078700,-0.178109,-0.178066,2.7778,TRACKING
12.464525,129.088446166667,35.074475666667,508063.541,3881305.760,0.767,0.995361,gps_course,7,7.099,3.500,7,508060.117,3881311.979,1.078700,-0.178109,-0.178083,2.7778,TRACKING
12.514595,129.088446166667,35.074475666667,508063.541,3881305.760,0.767,0.995361,gps_course,7,7.099,3.500,7,508060.117,3881311.979,1.078700,-0.178109,-0.178093,2.7778,TRACKING
12.564497,129.088447000000,35.074477500000,508063.616,3881305.963,0.796,1.077043,gps_course,7,6.959,3.500,7,508060.117,3881311.979,1.020655,-0.175776,-0.177166,2.7778,TRACKING
12.614502,129.088447000000,35.074477500000,508063.616,3881305.963,0.796,1.077043,gps_course,7,6.959,3.500,7,508060.117,3881311.979,1.020655,-0.175776,-0.176610,2.7778,TRACKING
12.664482,129.088447000000,35.074477500000,508063.616,3881305.963,0.796,1.077043,gps_course,7,6.959,3.500,7,508060.117,3881311.979,1.020655,-0.175776,-0.176277,2.7778,TRACKING
12.714948,129.088447000000,35.074477500000,508063.616,3881305.963,0.796,1.077043,gps_course,7,6.959,3.500,7,508060.117,3881311.979,1.020655,-0.175776,-0.176077,2.7778,TRACKING
12.764531,129.088447000000,35.074477500000,508063.616,3881305.963,0.796,1.077043,gps_course,7,6.959,3.500,7,508060.117,3881311.979,1.020655,-0.175776,-0.175956,2.7778,TRACKING
12.814646,129.088447666667,35.074479333333,508063.677,3881306.167,0.796,1.077043,gps_course,7,6.816,3.500,7,508060.117,3881311.979,1.043346,-0.181797,-0.178293,2.7778,TRACKING
12.864557,129.088447666667,35.074479333333,508063.677,3881306.167,0.796,1.077043,gps_course,7,6.816,3.500,7,508060.117,3881311.979,1.043346,-0.181797,-0.179695,2.7778,TRACKING
12.914522,129.088447666667,35.074479333333,508063.677,3881306.167,0.796,1.077043,gps_course,7,6.816,3.500,7,508060.117,3881311.979,1.043346,-0.181797,-0.180536,2.7778,TRACKING
12.965005,129.088447666667,35.074479333333,508063.677,3881306.167,0.796,1.077043,gps_course,7,6.816,3.500,7,508060.117,3881311.979,1.043346,-0.181797,-0.181040,2.7778,TRACKING
13.014626,129.088447666667,35.074479333333,508063.677,3881306.167,0.796,1.077043,gps_course,7,6.816,3.500,7,508060.117,3881311.979,1.043346,-0.181797,-0.181343,2.7778,TRACKING
13.064673,129.088448166667,35.074481500000,508063.722,3881306.407,0.849,1.215622,gps_course,7,6.637,3.500,7,508060.117,3881311.979,0.929513,-0.173321,-0.178134,2.7778,TRACKING
13.114749,129.088448166667,35.074481500000,508063.722,3881306.407,0.849,1.215622,gps_course,7,6.637,3.500,7,508060.117,3881311.979,0.929513,-0.173321,-0.176209,2.7778,TRACKING
13.164478,129.088448166667,35.074481500000,508063.722,3881306.407,0.849,1.215622,gps_course,7,6.637,3.500,7,508060.117,3881311.979,0.929513,-0.173321,-0.175054,2.7778,TRACKING
13.214578,129.088448166667,35.074481500000,508063.722,3881306.407,0.849,1.215622,gps_course,7,6.637,3.500,7,508060.117,3881311.979,0.929513,-0.173321,-0.174360,2.7778,TRACKING
13.264601,129.088448166667,35.074481500000,508063.722,3881306.407,0.849,1.215622,gps_course,7,6.637,3.500,7,508060.117,3881311.979,0.929513,-0.173321,-0.173945,2.7778,TRACKING
13.314651,129.088448500000,35.074483666667,508063.753,3881306.647,0.894,1.287355,gps_course,7,6.453,3.500,7,508060.117,3881311.979,0.881940,-0.171750,-0.173067,2.7778,TRACKING
13.364533,129.088448500000,35.074483666667,508063.753,3881306.647,0.894,1.287355,gps_course,7,6.453,3.500,7,508060.117,3881311.979,0.881940,-0.171750,-0.172540,2.7778,TRACKING
13.414544,129.088448500000,35.074483666667,508063.753,3881306.647,0.894,1.287355,gps_course,7,6.453,3.500,7,508060.117,3881311.979,0.881940,-0.171750,-0.172224,2.7778,TRACKING
13.464654,129.088448500000,35.074483666667,508063.753,3881306.647,0.894,1.287355,gps_course,7,6.453,3.500,7,508060.117,3881311.979,0.881940,-0.171750,-0.172034,2.7778,TRACKING
13.514495,129.088448500000,35.074483666667,508063.753,3881306.647,0.894,1.287355,gps_course,7,6.453,3.500,7,508060.117,3881311.979,0.881940,-0.171750,-0.171921,2.7778,TRACKING
13.564555,129.088448666667,35.074486000000,508063.767,3881306.906,0.928,1.350012,gps_course,8,6.237,3.500,8,508061.119,3881312.553,0.659340,-0.141471,-0.159741,2.7778,TRACKING
13.614526,129.088448666667,35.074486000000,508063.767,3881306.906,0.928,1.350012,gps_course,8,6.237,3.500,8,508061.119,3881312.553,0.659340,-0.141471,-0.152433,2.7778,TRACKING
13.664467,129.088448666667,35.074486000000,508063.767,3881306.906,0.928,1.350012,gps_course,8,6.237,3.500,8,508061.119,3881312.553,0.659340,-0.141471,-0.148048,2.7778,TRACKING
13.714491,129.088448666667,35.074486000000,508063.767,3881306.906,0.928,1.350012,gps_course,8,6.237,3.500,8,508061.119,3881312.553,0.659340,-0.141471,-0.145418,2.7778,TRACKING
13.764514,129.088448666667,35.074486000000,508063.767,3881306.906,0.928,1.350012,gps_course,8,6.237,3.500,8,508061.119,3881312.553,0.659340,-0.141471,-0.143839,2.7778,TRACKING
13.814514,129.088448666667,35.074488333333,508063.767,3881307.165,0.967,1.421396,gps_course,8,6.003,3.500,8,508061.119,3881312.553,0.606225,-0.136756,-0.141006,2.7778,TRACKING
13.864484,129.088448666667,35.074488333333,508063.767,3881307.165,0.967,1.421396,gps_course,8,6.003,3.500,8,508061.119,3881312.553,0.606225,-0.136756,-0.139306,2.7778,TRACKING
13.914507,129.088448666667,35.074488333333,508063.767,3881307.165,0.967,1.421396,gps_course,8,6.003,3.500,8,508061.119,3881312.553,0.606225,-0.136756,-0.138286,2.7778,TRACKING
13.964529,129.088448666667,35.074488333333,508063.767,3881307.165,0.967,1.421396,gps_course,8,6.003,3.500,8,508061.119,3881312.553,0.606225,-0.136756,-0.137674,2.7778,TRACKING
14.014514,129.088448666667,35.074488333333,508063.767,3881307.165,0.967,1.421396,gps_course,8,6.003,3.500,8,508061.119,3881312.553,0.606225,-0.136756,-0.137307,2.7778,TRACKING
14.064488,129.088448333333,35.074490833333,508063.737,3881307.442,0.995,1.502903,gps_course,8,5.742,3.500,8,508061.119,3881312.553,0.541227,-0.129373,-0.134134,2.7778,TRACKING
14.114523,129.088448333333,35.074490833333,508063.737,3881307.442,0.995,1.502903,gps_course,8,5.742,3.500,8,508061.119,3881312.553,0.541227,-0.129373,-0.132229,2.7778,TRACKING
14.164500,129.088448333333,35.074490833333,508063.737,3881307.442,0.995,1.502903,gps_course,8,5.742,3.500,8,508061.119,3881312.553,0.541227,-0.129373,-0.131087,2.7778,TRACKING
14.214562,129.088448333333,35.074490833333,508063.737,3881307.442,0.995,1.502903,gps_course,8,5.742,3.500,8,508061.119,3881312.553,0.541227,-0.129373,-0.130401,2.7778,TRACKING
14.264495,129.088448333333,35.074490833333,508063.737,3881307.442,0.995,1.502903,gps_course,8,5.742,3.500,8,508061.119,3881312.553,0.541227,-0.129373,-0.129990,2.7778,TRACKING
14.314471,129.088447666667,35.074493333333,508063.676,3881307.719,1.031,1.589995,gps_course,8,5.468,3.500,8,508061.119,3881312.553,0.467311,-0.118899,-0.125554,2.7778,TRACKING
14.364550,129.088447666667,35.074493333333,508063.676,3881307.719,1.031,1.589995,gps_course,8,5.468,3.500,8,508061.119,3881312.553,0.467311,-0.118899,-0.122892,2.7778,TRACKING
14.414777,129.088447666667,35.074493333333,508063.676,3881307.719,1.031,1.589995,gps_course,8,5.468,3.500,8,508061.119,3881312.553,0.467311,-0.118899,-0.121295,2.7778,TRACKING
14.464719,129.088447666667,35.074493333333,508063.676,3881307.719,1.031,1.589995,gps_course,8,5.468,3.500,8,508061.119,3881312.553,0.467311,-0.118899,-0.120337,2.7778,TRACKING
14.514756,129.088447666667,35.074493333333,508063.676,3881307.719,1.031,1.589995,gps_course,8,5.468,3.500,8,508061.119,3881312.553,0.467311,-0.118899,-0.119762,2.7778,TRACKING
14.564516,129.088446666667,35.074496000000,508063.584,3881308.015,1.078,1.679181,gps_course,8,5.164,3.500,8,508061.119,3881312.553,0.389241,-0.106154,-0.114319,2.7778,TRACKING
14.614504,129.088446666667,35.074496000000,508063.584,3881308.015,1.078,1.679181,gps_course,8,5.164,3.500,8,508061.119,3881312.553,0.389241,-0.106154,-0.111053,2.7778,TRACKING
14.664557,129.088446666667,35.074496000000,508063.584,3881308.015,1.078,1.679181,gps_course,8,5.164,3.500,8,508061.119,3881312.553,0.389241,-0.106154,-0.109093,2.7778,TRACKING
14.714564,129.088446666667,35.074496000000,508063.584,3881308.015,1.078,1.679181,gps_course,8,5.164,3.500,8,508061.119,3881312.553,0.389241,-0.106154,-0.107917,2.7778,TRACKING
14.764478,129.088446666667,35.074496000000,508063.584,3881308.015,1.078,1.679181,gps_course,8,5.164,3.500,8,508061.119,3881312.553,0.389241,-0.106154,-0.107212,2.7778,TRACKING
14.814486,129.088445500000,35.074498666667,508063.478,3881308.311,1.132,1.773778,gps_course,8,4.854,4.000,8,508061.119,3881312.553,0.304415,-0.089306,-0.100049,2.7778,TRACKING
14.864523,129.088445500000,35.074498666667,508063.478,3881308.311,1.132,1.773778,gps_course,8,4.854,4.000,8,508061.119,3881312.553,0.304415,-0.089306,-0.095752,2.7778,TRACKING
14.914462,129.088445500000,35.074498666667,508063.478,3881308.311,1.132,1.773778,gps_course,8,4.854,4.000,8,508061.119,3881312.553,0.304415,-0.089306,-0.093174,2.7778,TRACKING
14.964549,129.088445500000,35.074498666667,508063.478,3881308.311,1.132,1.773778,gps_course,8,4.854,4.000,8,508061.119,3881312.553,0.304415,-0.089306,-0.091627,2.7778,TRACKING
15.014503,129.088445500000,35.074498666667,508063.478,3881308.311,1.132,1.773778,gps_course,8,4.854,4.000,8,508061.119,3881312.553,0.304415,-0.089306,-0.090698,2.7778,TRACKING
15.064517,129.088444500000,35.074500333333,508063.386,3881308.495,1.185,1.853714,gps_course,8,4.648,4.000,8,508061.119,3881312.553,0.226618,-0.069981,-0.082412,2.7778,TRACKING
15.114525,129.088444500000,35.074500333333,508063.386,3881308.495,1.185,1.853714,gps_course,8,4.648,4.000,8,508061.119,3881312.553,0.226618,-0.069981,-0.077439,2.7778,TRACKING
15.164546,129.088444500000,35.074500333333,508063.386,3881308.495,1.185,1.853714,gps_course,8,4.648,4.000,8,508061.119,3881312.553,0.226618,-0.069981,-0.074456,2.7778,TRACKING
15.214504,129.088444500000,35.074500333333,508063.386,3881308.495,1.185,1.853714,gps_course,8,4.648,4.000,8,508061.119,3881312.553,0.226618,-0.069981,-0.072666,2.7778,TRACKING
15.264669,129.088444500000,35.074500333333,508063.386,3881308.495,1.185,1.853714,gps_course,8,4.648,4.000,8,508061.119,3881312.553,0.226618,-0.069981,-0.071592,2.7778,TRACKING
15.314720,129.088444166667,35.074501000000,508063.356,3881308.569,1.011,1.918466,gps_course,8,4.568,3.500,8,508061.119,3881312.553,0.163938,-0.051754,-0.063657,2.7778,TRACKING
15.364521,129.088444166667,35.074501000000,508063.356,3881308.569,1.011,1.918466,gps_course,8,4.568,3.500,8,508061.119,3881312.553,0.163938,-0.051754,-0.058896,2.7778,TRACKING
15.414635,129.088444166667,35.074501000000,508063.356,3881308.569,1.011,1.918466,gps_course,8,4.568,3.500,8,508061.119,3881312.553,0.163938,-0.051754,-0.056039,2.7778,TRACKING
15.464653,129.088444166667,35.074501000000,508063.356,3881308.569,1.011,1.918466,gps_course,8,4.568,3.500,8,508061.119,3881312.553,0.163938,-0.051754,-0.054325,2.7778,TRACKING
15.514593,129.088444166667,35.074501000000,508063.356,3881308.569,1.011,1.918466,gps_course,8,4.568,3.500,8,508061.119,3881312.553,0.163938,-0.051754,-0.053297,2.7778,TRACKING
15.564691,129.088443833333,35.074501000000,508063.325,3881308.569,0.660,2.019695,gps_course,8,4.554,3.500,8,508061.119,3881312.553,0.056886,-0.018102,-0.039219,2.7778,TRACKING
15.614507,129.088443833333,35.074501000000,508063.325,3881308.569,0.660,2.019695,gps_course,8,4.554,3.500,8,508061.119,3881312.553,0.056886,-0.018102,-0.030772,2.7778,TRACKING
15.664651,129.088443833333,35.074501000000,508063.325,3881308.569,0.660,2.019695,gps_course,8,4.554,3.500,8,508061.119,3881312.553,0.056886,-0.018102,-0.025704,2.7778,TRACKING
15.714625,129.088443833333,35.074501000000,508063.325,3881308.569,0.660,2.019695,gps_course,8,4.554,3.500,8,508061.119,3881312.553,0.056886,-0.018102,-0.022663,2.7778,TRACKING
15.764541,129.088443833333,35.074501000000,508063.325,3881308.569,0.660,2.019695,gps_course,8,4.554,3.500,8,508061.119,3881312.553,0.056886,-0.018102,-0.020839,2.7778,TRACKING
15.814651,129.088443833333,35.074500833333,508063.325,3881308.551,0.660,2.019695,gps_course,8,4.570,3.500,8,508061.119,3881312.553,0.054930,-0.017419,-0.019471,2.7778,TRACKING
15.864550,129.088443833333,35.074500833333,508063.325,3881308.551,0.660,2.019695,gps_course,8,4.570,3.500,8,508061.119,3881312.553,0.054930,-0.017419,-0.018650,2.7778,TRACKING
15.914521,129.088443833333,35.074500833333,508063.325,3881308.551,0.660,2.019695,gps_course,8,4.570,3.500,8,508061.119,3881312.553,0.054930,-0.017419,-0.018157,2.7778,TRACKING
15.964588,129.088443833333,35.074500833333,508063.325,3881308.551,0.660,2.019695,gps_course,8,4.570,3.500,8,508061.119,3881312.553,0.054930,-0.017419,-0.017862,2.7778,TRACKING
16.014541,129.088443833333,35.074500833333,508063.325,3881308.551,0.660,2.019695,gps_course,8,4.570,3.500,8,508061.119,3881312.553,0.054930,-0.017419,-0.017685,2.7778,TRACKING
16.064552,129.088444000000,35.074500500000,508063.341,3881308.514,0.177,2.396337,gps_course,8,4.610,3.500,8,508061.119,3881312.553,-0.322689,0.099425,0.012322,2.7778,TRACKING
16.114517,129.088444000000,35.074500500000,508063.341,3881308.514,0.177,2.396337,gps_course,8,4.610,3.500,8,508061.119,3881312.553,-0.322689,0.099425,0.042301,2.7778,TRACKING
16.164762,129.088444000000,35.074500500000,508063.341,3881308.514,0.177,2.396337,gps_course,8,4.610,3.500,8,508061.119,3881312.553,-0.322689,0.099425,0.065151,2.7778,TRACKING
16.214501,129.088444000000,35.074500500000,508063.341,3881308.514,0.177,2.396337,gps_course,8,4.610,3.500,8,508061.119,3881312.553,-0.322689,0.099425,0.078860,2.7778,TRACKING
16.264977,129.088444000000,35.074500500000,508063.341,3881308.514,0.177,2.396337,gps_course,8,4.610,3.500,8,508061.119,3881312.553,-0.322689,0.099425,0.087086,2.7778,TRACKING
16.314535,129.088444166667,35.074500333333,508063.356,3881308.495,0.050,2.396337,gps_course,8,4.633,3.500,8,508061.119,3881312.553,-0.321734,0.098643,0.091709,2.7778,TRACKING
16.364502,129.088444166667,35.074500333333,508063.356,3881308.495,0.050,2.396337,gps_course,8,4.633,3.500,8,508061.119,3881312.553,-0.321734,0.098643,0.094482,2.7778,TRACKING
16.414552,129.088444166667,35.074500333333,508063.356,3881308.495,0.050,2.396337,gps_course,8,4.633,3.500,8,508061.119,3881312.553,-0.321734,0.098643,0.096146,2.7778,TRACKING
16.464635,129.088444166667,35.074500333333,508063.356,3881308.495,0.050,2.396337,gps_course,8,4.633,3.500,8,508061.119,3881312.553,-0.321734,0.098643,0.097145,2.7778,TRACKING
16.514673,129.088444166667,35.074500333333,508063.356,3881308.495,0.050,2.396337,gps_course,8,4.633,3.500,8,508061.119,3881312.553,-0.321734,0.098643,0.097744,2.7778,TRACKING
16.564514,129.088444333333,35.074500333333,508063.371,3881308.495,0.035,2.396337,gps_course,8,4.640,3.500,8,508061.119,3881312.553,-0.318865,0.097645,0.097704,2.7778,TRACKING
16.614640,129.088444333333,35.074500333333,508063.371,3881308.495,0.035,2.396337,gps_course,8,4.640,3.500,8,508061.119,3881312.553,-0.318865,0.097645,0.097681,2.7778,TRACKING
16.664982,129.088444333333,35.074500333333,508063.371,3881308.495,0.035,2.396337,gps_course,8,4.640,3.500,8,508061.119,3881312.553,-0.318865,0.097645,0.097666,2.7778,TRACKING
16.714657,129.088444333333,35.074500333333,508063.371,3881308.495,0.035,2.396337,gps_course,8,4.640,3.500,8,508061.119,3881312.553,-0.318865,0.097645,0.097658,2.7778,TRACKING
16.764725,129.088444333333,35.074500333333,508063.371,3881308.495,0.035,2.396337,gps_course,8,4.640,3.500,8,508061.119,3881312.553,-0.318865,0.097645,0.097653,2.7778,TRACKING
16.814486,129.088444333333,35.074500333333,508063.371,3881308.495,0.040,2.396337,gps_course,8,4.640,3.500,8,508061.119,3881312.553,-0.318865,0.097645,0.097649,2.7778,TRACKING
16.864822,129.088444333333,35.074500333333,508063.371,3881308.495,0.040,2.396337,gps_course,8,4.640,3.500,8,508061.119,3881312.553,-0.318865,0.097645,0.097648,2.7778,TRACKING
16.914656,129.088444333333,35.074500333333,508063.371,3881308.495,0.040,2.396337,gps_course,8,4.640,3.500,8,508061.119,3881312.553,-0.318865,0.097645,0.097646,2.7778,TRACKING
16.964698,129.088444333333,35.074500333333,508063.371,3881308.495,0.040,2.396337,gps_course,8,4.640,3.500,8,508061.119,3881312.553,-0.318865,0.097645,0.097646,2.7778,TRACKING
17.014515,129.088444333333,35.074500333333,508063.371,3881308.495,0.040,2.396337,gps_course,8,4.640,3.500,8,508061.119,3881312.553,-0.318865,0.097645,0.097645,2.7778,TRACKING
17.064671,129.088444333333,35.074500166667,508063.371,3881308.477,0.034,2.396337,gps_course,8,4.657,3.500,8,508061.119,3881312.553,-0.320788,0.097871,0.097736,2.7778,TRACKING
17.114518,129.088444333333,35.074500166667,508063.371,3881308.477,0.034,2.396337,gps_course,8,4.657,3.500,8,508061.119,3881312.553,-0.320788,0.097871,0.097790,2.7778,TRACKING
17.164540,129.088444333333,35.074500166667,508063.371,3881308.477,0.034,2.396337,gps_course,8,4.657,3.500,8,508061.119,3881312.553,-0.320788,0.097871,0.097822,2.7778,TRACKING
17.214537,129.088444333333,35.074500166667,508063.371,3881308.477,0.034,2.396337,gps_course,8,4.657,3.500,8,508061.119,3881312.553,-0.320788,0.097871,0.097842,2.7778,TRACKING
17.264543,129.088444333333,35.074500166667,508063.371,3881308.477,0.034,2.396337,gps_course,8,4.657,3.500,8,508061.119,3881312.553,-0.320788,0.097871,0.097853,2.7778,TRACKING
17.314532,129.088444500000,35.074500000000,508063.386,3881308.458,0.034,2.396337,gps_course,8,4.680,3.500,8,508061.119,3881312.553,-0.319851,0.097109,0.097556,2.7778,TRACKING
17.364572,129.088444500000,35.074500000000,508063.386,3881308.458,0.034,2.396337,gps_course,8,4.680,3.500,8,508061.119,3881312.553,-0.319851,0.097109,0.097377,2.7778,TRACKING
17.414545,129.088444500000,35.074500000000,508063.386,3881308.458,0.034,2.396337,gps_course,8,4.680,3.500,8,508061.119,3881312.553,-0.319851,0.097109,0.097270,2.7778,TRACKING
17.464583,129.088444500000,35.074500000000,508063.386,3881308.458,0.034,2.396337,gps_course,8,4.680,3.500,8,508061.119,3881312.553,-0.319851,0.097109,0.097206,2.7778,TRACKING
17.514538,129.088444500000,35.074500000000,508063.386,3881308.458,0.034,2.396337,gps_course,8,4.680,3.500,8,508061.119,3881312.553,-0.319851,0.097109,0.097167,2.7778,TRACKING
17.564512,129.088444666667,35.074499666667,508063.401,3881308.421,0.055,2.396337,gps_course,8,4.720,3.500,8,508061.119,3881312.553,-0.320821,0.096578,0.096931,2.7778,TRACKING
17.614492,129.088444666667,35.074499666667,508063.401,3881308.421,0.055,2.396337,gps_course,8,4.720,3.500,8,508061.119,3881312.553,-0.320821,0.096578,0.096790,2.7778,TRACKING
17.664506,129.088444666667,35.074499666667,508063.401,3881308.421,0.055,2.396337,gps_course,8,4.720,3.500,8,508061.119,3881312.553,-0.320821,0.096578,0.096705,2.7778,TRACKING
17.714548,129.088444666667,35.074499666667,508063.401,3881308.421,0.055,2.396337,gps_course,8,4.720,3.500,8,508061.119,3881312.553,-0.320821,0.096578,0.096654,2.7778,TRACKING
17.764563,129.088444666667,35.074499666667,508063.401,3881308.421,0.055,2.396337,gps_course,8,4.720,3.500,8,508061.119,3881312.553,-0.320821,0.096578,0.096623,2.7778,TRACKING
17.814972,129.088444833333,35.074499333333,508063.417,3881308.385,0.107,2.647717,gps_course,8,4.760,3.500,8,508061.119,3881312.553,-0.573155,0.163729,0.123466,2.7778,TRACKING
17.864546,129.088444833333,35.074499333333,508063.417,3881308.385,0.107,2.647717,gps_course,8,4.760,3.500,8,508061.119,3881312.553,-0.573155,0.163729,0.139571,2.7778,TRACKING
17.914639,129.088444833333,35.074499333333,508063.417,3881308.385,0.107,2.647717,gps_course,8,4.760,3.500,8,508061.119,3881312.553,-0.573155,0.163729,0.149234,2.7778,TRACKING
17.964707,129.088444833333,35.074499333333,508063.417,3881308.385,0.107,2.647717,gps_course,8,4.760,3.500,8,508061.119,3881312.553,-0.573155,0.163729,0.155032,2.7778,TRACKING
18.014549,129.088444833333,35.074499333333,508063.417,3881308.385,0.107,2.647717,gps_course,8,4.760,3.500,8,508061.119,3881312.553,-0.573155,0.163729,0.158511,2.7778,TRACKING
18.064649,129.088445166667,35.074498833333,508063.447,3881308.329,0.160,2.900014,gps_course,8,4.823,3.500,8,508061.119,3881312.553,-0.825472,0.217450,0.182087,2.7778,TRACKING
18.114613,129.088445166667,35.074498833333,508063.447,3881308.329,0.160,2.900014,gps_course,8,4.823,3.500,8,508061.119,3881312.553,-0.825472,0.217450,0.196232,2.7778,TRACKING
18.164470,129.088445166667,35.074498833333,508063.447,3881308.329,0.160,2.900014,gps_course,8,4.823,3.500,8,508061.119,3881312.553,-0.825472,0.217450,0.204719,2.7778,TRACKING
18.214527,129.088445166667,35.074498833333,508063.447,3881308.329,0.160,2.900014,gps_course,8,4.823,3.500,8,508061.119,3881312.553,-0.825472,0.217450,0.209811,2.7778,TRACKING
18.264520,129.088445166667,35.074498833333,508063.447,3881308.329,0.160,2.900014,gps_course,8,4.823,3.500,8,508061.119,3881312.553,-0.825472,0.217450,0.212867,2.7778,TRACKING
18.314494,129.088445333333,35.074498166667,508063.462,3881308.255,0.203,-3.119315,gps_course,8,4.895,3.500,8,508061.119,3881312.553,-1.093888,0.240000,0.223720,2.7778,TRACKING
18.364497,129.088445333333,35.074498166667,508063.462,3881308.255,0.203,-3.119315,gps_course,8,4.895,3.500,8,508061.119,3881312.553,-1.093888,0.240000,0.230232,2.7778,TRACKING
18.414506,129.088445333333,35.074498166667,508063.462,3881308.255,0.203,-3.119315,gps_course,8,4.895,3.500,8,508061.119,3881312.553,-1.093888,0.240000,0.234139,2.7778,TRACKING
18.464546,129.088445333333,35.074498166667,508063.462,3881308.255,0.203,-3.119315,gps_course,8,4.895,3.500,8,508061.119,3881312.553,-1.093888,0.240000,0.236484,2.7778,TRACKING
18.514672,129.088445333333,35.074498166667,508063.462,3881308.255,0.203,-3.119315,gps_course,8,4.895,3.500,8,508061.119,3881312.553,-1.093888,0.240000,0.237890,2.7778,TRACKING
18.564511,129.088445666667,35.074497500000,508063.493,3881308.181,0.240,-2.880562,gps_course,8,4.974,3.500,8,508061.119,3881312.553,-1.334378,0.240000,0.238734,2.7778,TRACKING
18.614652,129.088445666667,35.074497500000,508063.493,3881308.181,0.240,-2.880562,gps_course,8,4.974,3.500,8,508061.119,3881312.553,-1.334378,0.240000,0.239240,2.7778,TRACKING
18.664518,129.088445666667,35.074497500000,508063.493,3881308.181,0.240,-2.880562,gps_course,8,4.974,3.500,8,508061.119,3881312.553,-1.334378,0.240000,0.239544,2.7778,TRACKING
18.714533,129.088445666667,35.074497500000,508063.493,3881308.181,0.240,-2.880562,gps_course,8,4.974,3.500,8,508061.119,3881312.553,-1.334378,0.240000,0.239727,2.7778,TRACKING
18.764506,129.088445666667,35.074497500000,508063.493,3881308.181,0.240,-2.880562,gps_course,8,4.974,3.500,8,508061.119,3881312.553,-1.334378,0.240000,0.239836,2.7778,TRACKING
18.814497,129.088446000000,35.074496666667,508063.523,3881308.089,0.284,-2.632493,gps_course,8,5.070,3.500,8,508061.119,3881312.553,-1.585860,0.240000,0.239902,2.7778,TRACKING
18.864506,129.088446000000,35.074496666667,508063.523,3881308.089,0.284,-2.632493,gps_course,8,5.070,3.500,8,508061.119,3881312.553,-1.585860,0.240000,0.239941,2.7778,TRACKING
18.914507,129.088446000000,35.074496666667,508063.523,3881308.089,0.284,-2.632493,gps_course,8,5.070,3.500,8,508061.119,3881312.553,-1.585860,0.240000,0.239965,2.7778,TRACKING
18.964505,129.088446000000,35.074496666667,508063.523,3881308.089,0.284,-2.632493,gps_course,8,5.070,3.500,8,508061.119,3881312.553,-1.585860,0.240000,0.239979,2.7778,TRACKING
19.014504,129.088446000000,35.074496666667,508063.523,3881308.089,0.284,-2.632493,gps_course,8,5.070,3.500,8,508061.119,3881312.553,-1.585860,0.240000,0.239987,2.7778,TRACKING
19.064539,129.088446333333,35.074495833333,508063.554,3881307.996,0.328,-2.387649,gps_course,8,5.166,3.500,8,508061.119,3881312.553,-1.833991,0.240000,0.239992,2.7778,TRACKING
19.114561,129.088446333333,35.074495833333,508063.554,3881307.996,0.328,-2.387649,gps_course,8,5.166,3.500,8,508061.119,3881312.553,-1.833991,0.240000,0.239995,2.7778,TRACKING
19.164591,129.088446333333,35.074495833333,508063.554,3881307.996,0.328,-2.387649,gps_course,8,5.166,3.500,8,508061.119,3881312.553,-1.833991,0.240000,0.239997,2.7778,TRACKING
19.214519,129.088446333333,35.074495833333,508063.554,3881307.996,0.328,-2.387649,gps_course,8,5.166,3.500,8,508061.119,3881312.553,-1.833991,0.240000,0.239998,2.7778,TRACKING
19.264492,129.088446333333,35.074495833333,508063.554,3881307.996,0.328,-2.387649,gps_course,8,5.166,3.500,8,508061.119,3881312.553,-1.833991,0.240000,0.239999,2.7778,TRACKING
19.314504,129.088446666667,35.074495000000,508063.584,3881307.904,0.368,-2.120272,gps_course,8,5.262,3.500,8,508061.119,3881312.553,-2.104536,0.232934,0.237173,2.7778,TRACKING
19.364573,129.088446666667,35.074495000000,508063.584,3881307.904,0.368,-2.120272,gps_course,8,5.262,3.500,8,508061.119,3881312.553,-2.104536,0.232934,0.235477,2.7778,TRACKING
19.414501,129.088446666667,35.074495000000,508063.584,3881307.904,0.368,-2.120272,gps_course,8,5.262,3.500,8,508061.119,3881312.553,-2.104536,0.232934,0.234460,2.7778,TRACKING
19.464488,129.088446666667,35.074495000000,508063.584,3881307.904,0.368,-2.120272,gps_course,8,5.262,3.500,8,508061.119,3881312.553,-2.104536,0.232934,0.233849,2.7778,TRACKING
19.514511,129.088446666667,35.074495000000,508063.584,3881307.904,0.368,-2.120272,gps_course,8,5.262,3.500,8,508061.119,3881312.553,-2.104536,0.232934,0.233483,2.7778,TRACKING
19.564527,129.088447000000,35.074494000000,508063.615,3881307.793,0.368,-2.120272,gps_course,8,5.374,3.500,8,508061.119,3881312.553,-2.109189,0.227627,0.231141,2.7778,TRACKING
19.614511,129.088447000000,35.074494000000,508063.615,3881307.793,0.368,-2.120272,gps_course,8,5.374,3.500,8,508061.119,3881312.553,-2.109189,0.227627,0.229735,2.7778,TRACKING
19.664507,129.088447000000,35.074494000000,508063.615,3881307.793,0.368,-2.120272,gps_course,8,5.374,3.500,8,508061.119,3881312.553,-2.109189,0.227627,0.228892,2.7778,TRACKING
19.714488,129.088447000000,35.074494000000,508063.615,3881307.793,0.368,-2.120272,gps_course,8,5.374,3.500,8,508061.119,3881312.553,-2.109189,0.227627,0.228386,2.7778,TRACKING
19.764532,129.088447000000,35.074494000000,508063.615,3881307.793,0.368,-2.120272,gps_course,8,5.374,3.500,8,508061.119,3881312.553,-2.109189,0.227627,0.228082,2.7778,TRACKING
19.814525,129.088447333333,35.074492833333,508063.645,3881307.664,0.428,-1.635727,gps_course,8,5.503,3.500,8,508061.119,3881312.553,-2.599740,0.135063,0.198087,2.7778,TRACKING
19.864513,129.088447333333,35.074492833333,508063.645,3881307.664,0.428,-1.635727,gps_course,8,5.503,3.500,8,508061.119,3881312.553,-2.599740,0.135063,0.172877,2.7778,TRACKING
19.914472,129.088447333333,35.074492833333,508063.645,3881307.664,0.428,-1.635727,gps_course,8,5.503,3.500,8,508061.119,3881312.553,-2.599740,0.135063,0.157752,2.7778,TRACKING
19.964798,129.088447333333,35.074492833333,508063.645,3881307.664,0.428,-1.635727,gps_course,8,5.503,3.500,8,508061.119,3881312.553,-2.599740,0.135063,0.148676,2.7778,TRACKING
20.014654,129.088447333333,35.074492833333,508063.645,3881307.664,0.428,-1.635727,gps_course,8,5.503,3.500,8,508061.119,3881312.553,-2.599740,0.135063,0.143231,2.7778,TRACKING
20.064535,129.088447666667,35.074491666667,508063.676,3881307.535,0.461,-1.382542,gps_course,8,5.632,3.500,8,508061.119,3881312.553,-2.858656,0.071753,0.114640,2.7778,TRACKING
20.114493,129.088447666667,35.074491666667,508063.676,3881307.535,0.461,-1.382542,gps_course,8,5.632,3.500,8,508061.119,3881312.553,-2.858656,0.071753,0.097485,2.7778,TRACKING
20.164498,129.088447666667,35.074491666667,508063.676,3881307.535,0.461,-1.382542,gps_course,8,5.632,3.500,8,508061.119,3881312.553,-2.858656,0.071753,0.087192,2.7778,TRACKING
20.214532,129.088447666667,35.074491666667,508063.676,3881307.535,0.461,-1.382542,gps_course,8,5.632,3.500,8,508061.119,3881312.553,-2.858656,0.071753,0.081017,2.7778,TRACKING
20.264545,129.088447666667,35.074491666667,508063.676,3881307.535,0.461,-1.382542,gps_course,8,5.632,3.500,8,508061.119,3881312.553,-2.858656,0.071753,0.077311,2.7778,TRACKING
20.314532,129.088448000000,35.074490166667,508063.706,3881307.368,0.514,-1.354550,gps_course,8,5.794,3.500,8,508061.119,3881312.553,-2.894983,0.061014,0.070792,2.7778,TRACKING
20.364559,129.088448000000,35.074490166667,508063.706,3881307.368,0.514,-1.354550,gps_course,8,5.794,3.500,8,508061.119,3881312.553,-2.894983,0.061014,0.066881,2.7778,TRACKING
20.414512,129.088448000000,35.074490166667,508063.706,3881307.368,0.514,-1.354550,gps_course,8,5.794,3.500,8,508061.119,3881312.553,-2.894983,0.061014,0.064534,2.7778,TRACKING
20.464562,129.088448000000,35.074490166667,508063.706,3881307.368,0.514,-1.354550,gps_course,8,5.794,3.500,8,508061.119,3881312.553,-2.894983,0.061014,0.063126,2.7778,TRACKING
20.514555,129.088448000000,35.074490166667,508063.706,3881307.368,0.514,-1.354550,gps_course,8,5.794,3.500,8,508061.119,3881312.553,-2.894983,0.061014,0.062282,2.7778,TRACKING
20.564552,129.088448000000,35.074488833333,508063.706,3881307.220,0.577,-1.422618,gps_course,8,5.927,3.500,8,508061.119,3881312.553,-2.838034,0.072999,0.066568,2.7778,TRACKING
20.614560,129.088448000000,35.074488833333,508063.706,3881307.220,0.577,-1.422618,gps_course,8,5.927,3.500,8,508061.119,3881312.553,-2.838034,0.072999,0.069140,2.7778,TRACKING
20.664886,129.088448000000,35.074488833333,508063.706,3881307.220,0.577,-1.422618,gps_course,8,5.927,3.500,8,508061.119,3881312.553,-2.838034,0.072999,0.070684,2.7778,TRACKING
20.714883,129.088448000000,35.074488833333,508063.706,3881307.220,0.577,-1.422618,gps_course,8,5.927,3.500,8,508061.119,3881312.553,-2.838034,0.072999,0.071610,2.7778,TRACKING
20.764475,129.088448000000,35.074488833333,508063.706,3881307.220,0.577,-1.422618,gps_course,8,5.927,3.500,8,508061.119,3881312.553,-2.838034,0.072999,0.072165,2.7778,TRACKING
20.814501,129.088448166667,35.074487333333,508063.722,3881307.054,0.609,-1.478468,gps_course,8,6.084,3.500,8,508061.119,3881312.553,-2.791850,0.081490,0.075895,2.7778,TRACKING
20.864507,129.088448166667,35.074487333333,508063.722,3881307.054,0.609,-1.478468,gps_course,8,6.084,3.500,8,508061.119,3881312.553,-2.791850,0.081490,0.078133,2.7778,TRACKING
20.914517,129.088448166667,35.074487333333,508063.722,3881307.054,0.609,-1.478468,gps_course,8,6.084,3.500,8,508061.119,3881312.553,-2.791850,0.081490,0.079476,2.7778,TRACKING
20.964592,129.088448166667,35.074487333333,508063.722,3881307.054,0.609,-1.478468,gps_course,8,6.084,3.500,8,508061.119,3881312.553,-2.791850,0.081490,0.080281,2.7778,TRACKING
21.014516,129.088448166667,35.074487333333,508063.722,3881307.054,0.609,-1.478468,gps_course,8,6.084,3.500,8,508061.119,3881312.553,-2.791850,0.081490,0.080765,2.7778,TRACKING
21.064543,129.088448166667,35.074485833333,508063.722,3881306.888,0.626,-1.501332,gps_course,8,6.234,3.500,8,508061.119,3881312.553,-2.780380,0.082011,0.081263,2.7778,TRACKING
21.114701,129.088448166667,35.074485833333,508063.722,3881306.888,0.626,-1.501332,gps_course,8,6.234,3.500,8,508061.119,3881312.553,-2.780380,0.082011,0.081563,2.7778,TRACKING
21.164536,129.088448166667,35.074485833333,508063.722,3881306.888,0.626,-1.501332,gps_course,8,6.234,3.500,8,508061.119,3881312.553,-2.780380,0.082011,0.081742,2.7778,TRACKING
21.214531,129.088448166667,35.074485833333,508063.722,3881306.888,0.626,-1.501332,gps_course,8,6.234,3.500,8,508061.119,3881312.553,-2.780380,0.082011,0.081850,2.7778,TRACKING
21.264545,129.088448166667,35.074485833333,508063.722,3881306.888,0.626,-1.501332,gps_course,8,6.234,3.500,8,508061.119,3881312.553,-2.780380,0.082011,0.081914,2.7778,TRACKING
21.314524,129.088448166667,35.074484333333,508063.722,3881306.721,0.649,-1.528385,gps_course,8,6.386,3.500,8,508061.119,3881312.553,-2.764182,0.083480,0.082541,2.7778,TRACKING
21.364526,129.088448166667,35.074484333333,508063.722,3881306.721,0.649,-1.528385,gps_course,8,6.386,3.500,8,508061.119,3881312.553,-2.764182,0.083480,0.082916,2.7778,TRACKING
21.414510,129.088448166667,35.074484333333,508063.722,3881306.721,0.649,-1.528385,gps_course,8,6.386,3.500,8,508061.119,3881312.553,-2.764182,0.083480,0.083142,2.7778,TRACKING
21.464520,129.088448166667,35.074484333333,508063.722,3881306.721,0.649,-1.528385,gps_course,8,6.386,3.500,8,508061.119,3881312.553,-2.764182,0.083480,0.083277,2.7778,TRACKING
21.514509,129.088448166667,35.074484333333,508063.722,3881306.721,0.649,-1.528385,gps_course,8,6.386,3.500,8,508061.119,3881312.553,-2.764182,0.083480,0.083358,2.7778,TRACKING
21.564541,129.088448166667,35.074482500000,508063.722,3881306.518,0.679,-1.556659,gps_course,8,6.572,3.500,8,508061.119,3881312.553,-2.748492,0.084311,0.083739,2.7778,TRACKING
21.614927,129.088448166667,35.074482500000,508063.722,3881306.518,0.679,-1.556659,gps_course,8,6.572,3.500,8,508061.119,3881312.553,-2.748492,0.084311,0.083968,2.7778,TRACKING
21.664954,129.088448166667,35.074482500000,508063.722,3881306.518,0.679,-1.556659,gps_course,8,6.572,3.500,8,508061.119,3881312.553,-2.748492,0.084311,0.084105,2.7778,TRACKING
21.715026,129.088448166667,35.074482500000,508063.722,3881306.518,0.679,-1.556659,gps_course,8,6.572,3.500,8,508061.119,3881312.553,-2.748492,0.084311,0.084187,2.7778,TRACKING
21.764567,129.088448166667,35.074482500000,508063.722,3881306.518,0.679,-1.556659,gps_course,8,6.572,3.500,8,508061.119,3881312.553,-2.748492,0.084311,0.084237,2.7778,TRACKING
21.814490,129.088448166667,35.074480666667,508063.722,3881306.315,0.724,-1.557357,gps_course,8,6.759,3.500,8,508061.119,3881312.553,-2.759682,0.079778,0.082453,2.7778,TRACKING
21.864545,129.088448166667,35.074480666667,508063.722,3881306.315,0.724,-1.557357,gps_course,8,6.759,3.500,8,508061.119,3881312.553,-2.759682,0.079778,0.081383,2.7778,TRACKING
21.914496,129.088448166667,35.074480666667,508063.722,3881306.315,0.724,-1.557357,gps_course,8,6.759,3.500,8,508061.119,3881312.553,-2.759682,0.079778,0.080741,2.7778,TRACKING
21.964538,129.088448166667,35.074480666667,508063.722,3881306.315,0.724,-1.557357,gps_course,8,6.759,3.500,8,508061.119,3881312.553,-2.759682,0.079778,0.080356,2.7778,TRACKING
22.014550,129.088448166667,35.074480666667,508063.722,3881306.315,0.724,-1.557357,gps_course,8,6.759,3.500,8,508061.119,3881312.553,-2.759682,0.079778,0.080125,2.7778,TRACKING
22.064671,129.088447833333,35.074478833333,508063.692,3881306.111,0.769,-1.591391,gps_course,8,6.936,3.500,8,508061.119,3881312.553,-2.740959,0.081348,0.080614,2.7778,TRACKING
22.114510,129.088447833333,35.074478833333,508063.692,3881306.111,0.769,-1.591391,gps_course,8,6.936,3.500,8,508061.119,3881312.553,-2.740959,0.081348,0.080907,2.7778,TRACKING
22.164766,129.088447833333,35.074478833333,508063.692,3881306.111,0.769,-1.591391,gps_course,8,6.936,3.500,8,508061.119,3881312.553,-2.740959,0.081348,0.081084,2.7778,TRACKING
22.214712,129.088447833333,35.074478833333,508063.692,3881306.111,0.769,-1.591391,gps_course,8,6.936,3.500,8,508061.119,3881312.553,-2.740959,0.081348,0.081189,2.7778,TRACKING
22.264762,129.088447833333,35.074478833333,508063.692,3881306.111,0.769,-1.591391,gps_course,8,6.936,3.500,8,508061.119,3881312.553,-2.740959,0.081348,0.081253,2.7778,TRACKING
22.314520,129.088447500000,35.074477000000,508063.662,3881305.908,0.810,-1.640959,gps_course,8,7.115,3.500,8,508061.119,3881312.553,-2.705937,0.085795,0.083070,2.7778,TRACKING
22.364560,129.088447500000,35.074477000000,508063.662,3881305.908,0.810,-1.640959,gps_course,8,7.115,3.500,8,508061.119,3881312.553,-2.705937,0.085795,0.084160,2.7778,TRACKING
22.414516,129.088447500000,35.074477000000,508063.662,3881305.908,0.810,-1.640959,gps_course,8,7.115,3.500,8,508061.119,3881312.553,-2.705937,0.085795,0.084814,2.7778,TRACKING
22.464655,129.088447500000,35.074477000000,508063.662,3881305.908,0.810,-1.640959,gps_course,8,7.115,3.500,8,508061.119,3881312.553,-2.705937,0.085795,0.085206,2.7778,TRACKING
22.514562,129.088447500000,35.074477000000,508063.662,3881305.908,0.810,-1.640959,gps_course,8,7.115,3.500,8,508061.119,3881312.553,-2.705937,0.085795,0.085442,2.7778,TRACKING
22.564521,129.088446833333,35.074475000000,508063.601,3881305.686,0.842,-1.710597,gps_course,8,7.302,3.500,8,508061.119,3881312.553,-2.654908,0.092614,0.088311,2.7778,TRACKING
22.614466,129.088446833333,35.074475000000,508063.601,3881305.686,0.842,-1.710597,gps_course,8,7.302,3.500,8,508061.119,3881312.553,-2.654908,0.092614,0.090032,2.7778,TRACKING
22.664514,129.088446833333,35.074475000000,508063.601,3881305.686,0.842,-1.710597,gps_course,8,7.302,3.500,8,508061.119,3881312.553,-2.654908,0.092614,0.091065,2.7778,TRACKING
22.714521,129.088446833333,35.074475000000,508063.601,3881305.686,0.842,-1.710597,gps_course,8,7.302,3.500,8,508061.119,3881312.553,-2.654908,0.092614,0.091684,2.7778,TRACKING
22.764537,129.088446833333,35.074475000000,508063.601,3881305.686,0.842,-1.710597,gps_course,8,7.302,3.500,8,508061.119,3881312.553,-2.654908,0.092614,0.092056,2.7778,TRACKING
22.814510,129.088446000000,35.074473000000,508063.526,3881305.464,0.871,-1.774651,gps_course,8,7.486,3.500,8,508061.119,3881312.553,-2.610451,0.097799,0.094353,2.7778,TRACKING
22.864572,129.088446000000,35.074473000000,508063.526,3881305.464,0.871,-1.774651,gps_course,8,7.486,3.500,8,508061.119,3881312.553,-2.610451,0.097799,0.095732,2.7778,TRACKING
22.914496,129.088446000000,35.074473000000,508063.526,3881305.464,0.871,-1.774651,gps_course,8,7.486,3.500,8,508061.119,3881312.553,-2.610451,0.097799,0.096559,2.7778,TRACKING
22.964537,129.088446000000,35.074473000000,508063.526,3881305.464,0.871,-1.774651,gps_course,8,7.486,3.500,8,508061.119,3881312.553,-2.610451,0.097799,0.097055,2.7778,TRACKING
23.014503,129.088446000000,35.074473000000,508063.526,3881305.464,0.871,-1.774651,gps_course,8,7.486,3.500,8,508061.119,3881312.553,-2.610451,0.097799,0.097352,2.7778,TRACKING
23.064490,129.088445000000,35.074471166667,508063.435,3881305.261,0.904,-1.846035,gps_course,8,7.651,3.500,8,508061.119,3881312.553,-2.558877,0.103919,0.099979,2.7778,TRACKING
23.114531,129.088445000000,35.074471166667,508063.435,3881305.261,0.904,-1.846035,gps_course,8,7.651,3.500,8,508061.119,3881312.553,-2.558877,0.103919,0.101555,2.7778,TRACKING
23.164672,129.088445000000,35.074471166667,508063.435,3881305.261,0.904,-1.846035,gps_course,8,7.651,3.500,8,508061.119,3881312.553,-2.558877,0.103919,0.102501,2.7778,TRACKING
23.214498,129.088445000000,35.074471166667,508063.435,3881305.261,0.904,-1.846035,gps_course,8,7.651,3.500,8,508061.119,3881312.553,-2.558877,0.103919,0.103068,2.7778,TRACKING
23.264525,129.088445000000,35.074471166667,508063.435,3881305.261,0.904,-1.846035,gps_course,8,7.651,3.500,8,508061.119,3881312.553,-2.558877,0.103919,0.103408,2.7778,TRACKING
23.314647,129.088443833333,35.074469500000,508063.328,3881305.076,0.897,-1.924400,gps_course,8,7.796,3.500,8,508061.119,3881312.553,-2.500674,0.110751,0.106345,2.7778,TRACKING
23.364520,129.088443833333,35.074469500000,508063.328,3881305.076,0.897,-1.924400,gps_course,8,7.796,3.500,8,508061.119,3881312.553,-2.500674,0.110751,0.108107,2.7778,TRACKING
23.414495,129.088443833333,35.074469500000,508063.328,3881305.076,0.897,-1.924400,gps_course,8,7.796,3.500,8,508061.119,3881312.553,-2.500674,0.110751,0.109165,2.7778,TRACKING
23.464516,129.088443833333,35.074469500000,508063.328,3881305.076,0.897,-1.924400,gps_course,8,7.796,3.500,8,508061.119,3881312.553,-2.500674,0.110751,0.109799,2.7778,TRACKING
23.514512,129.088443833333,35.074469500000,508063.328,3881305.076,0.897,-1.924400,gps_course,8,7.796,3.500,8,508061.119,3881312.553,-2.500674,0.110751,0.110180,2.7778,TRACKING
23.564478,129.088442500000,35.074468000000,508063.207,3881304.910,0.868,-1.998751,gps_course,8,7.923,3.500,8,508061.119,3881312.553,-2.446973,0.116609,0.112751,2.7778,TRACKING
23.614538,129.088442500000,35.074468000000,508063.207,3881304.910,0.868,-1.998751,gps_course,8,7.923,3.500,8,508061.119,3881312.553,-2.446973,0.116609,0.114294,2.7778,TRACKING
23.664637,129.088442500000,35.074468000000,508063.207,3881304.910,0.868,-1.998751,gps_course,8,7.923,3.500,8,508061.119,3881312.553,-2.446973,0.116609,0.115220,2.7778,TRACKING
23.714558,129.088442500000,35.074468000000,508063.207,3881304.910,0.868,-1.998751,gps_course,8,7.923,3.500,8,508061.119,3881312.553,-2.446973,0.116609,0.115775,2.7778,TRACKING
23.764577,129.088442500000,35.074468000000,508063.207,3881304.910,0.868,-1.998751,gps_course,8,7.923,3.500,8,508061.119,3881312.553,-2.446973,0.116609,0.116109,2.7778,TRACKING
23.814512,129.088441166667,35.074466666667,508063.086,3881304.762,0.858,-2.066470,gps_course,8,8.036,3.500,8,508061.119,3881312.553,-2.398685,0.121460,0.118249,2.7778,TRACKING
23.864639,129.088441166667,35.074466666667,508063.086,3881304.762,0.858,-2.066470,gps_course,8,8.036,3.500,8,508061.119,3881312.553,-2.398685,0.121460,0.119534,2.7778,TRACKING
23.914487,129.088441166667,35.074466666667,508063.086,3881304.762,0.858,-2.066470,gps_course,8,8.036,3.500,8,508061.119,3881312.553,-2.398685,0.121460,0.120304,2.7778,TRACKING
23.964645,129.088441166667,35.074466666667,508063.086,3881304.762,0.858,-2.066470,gps_course,8,8.036,3.500,8,508061.119,3881312.553,-2.398685,0.121460,0.120766,2.7778,TRACKING
24.014559,129.088441166667,35.074466666667,508063.086,3881304.762,0.858,-2.066470,gps_course,8,8.036,3.500,8,508061.119,3881312.553,-2.398685,0.121460,0.121044,2.7778,TRACKING
24.064520,129.088439833333,35.074465500000,508062.964,3881304.632,0.801,-2.139774,gps_course,8,8.133,3.500,8,508061.119,3881312.553,-2.343758,0.126943,0.123403,2.7778,TRACKING
24.114502,129.088439833333,35.074465500000,508062.964,3881304.632,0.801,-2.139774,gps_course,8,8.133,3.500,8,508061.119,3881312.553,-2.343758,0.126943,0.124819,2.7778,TRACKING
24.164540,129.088439833333,35.074465500000,508062.964,3881304.632,0.801,-2.139774,gps_course,8,8.133,3.500,8,508061.119,3881312.553,-2.343758,0.126943,0.125669,2.7778,TRACKING
24.214512,129.088439833333,35.074465500000,508062.964,3881304.632,0.801,-2.139774,gps_course,8,8.133,3.500,8,508061.119,3881312.553,-2.343758,0.126943,0.126178,2.7778,TRACKING
24.264521,129.088439833333,35.074465500000,508062.964,3881304.632,0.801,-2.139774,gps_course,8,8.133,3.500,8,508061.119,3881312.553,-2.343758,0.126943,0.126484,2.7778,TRACKING
24.314471,129.088438500000,35.074464666667,508062.843,3881304.540,0.741,-2.234021,gps_course,8,8.196,3.500,8,508061.119,3881312.553,-2.266506,0.134967,0.129877,2.7778,TRACKING
24.364562,129.088438500000,35.074464666667,508062.843,3881304.540,0.741,-2.234021,gps_course,8,8.196,3.500,8,508061.119,3881312.553,-2.266506,0.134967,0.131913,2.7778,TRACKING
24.414951,129.088438500000,35.074464666667,508062.843,3881304.540,0.741,-2.234021,gps_course,8,8.196,3.500,8,508061.119,3881312.553,-2.266506,0.134967,0.133134,2.7778,TRACKING
24.464638,129.088438500000,35.074464666667,508062.843,3881304.540,0.741,-2.234021,gps_course,8,8.196,3.500,8,508061.119,3881312.553,-2.266506,0.134967,0.133867,2.7778,TRACKING
24.514766,129.088438500000,35.074464666667,508062.843,3881304.540,0.741,-2.234021,gps_course,8,8.196,3.500,8,508061.119,3881312.553,-2.266506,0.134967,0.134307,2.7778,TRACKING
24.565012,129.088437166667,35.074463833333,508062.721,3881304.447,0.673,-2.322335,gps_course,8,8.263,3.500,8,508061.119,3881312.553,-2.194921,0.141455,0.137166,2.7778,TRACKING
24.614986,129.088437166667,35.074463833333,508062.721,3881304.447,0.673,-2.322335,gps_course,8,8.263,3.500,8,508061.119,3881312.553,-2.194921,0.141455,0.138882,2.7778,TRACKING
24.664531,129.088437166667,35.074463833333,508062.721,3881304.447,0.673,-2.322335,gps_course,8,8.263,3.500,8,508061.119,3881312.553,-2.194921,0.141455,0.139911,2.7778,TRACKING
24.714478,129.088437166667,35.074463833333,508062.721,3881304.447,0.673,-2.322335,gps_course,8,8.263,3.500,8,508061.119,3881312.553,-2.194921,0.141455,0.140529,2.7778,TRACKING
24.764554,129.088437166667,35.074463833333,508062.721,3881304.447,0.673,-2.322335,gps_course,8,8.263,3.500,8,508061.119,3881312.553,-2.194921,0.141455,0.140899,2.7778,TRACKING
24.814487,129.088436000000,35.074463166667,508062.615,3881304.373,0.613,-2.407158,gps_course,8,8.315,3.500,8,508061.119,3881312.553,-2.124365,0.147259,0.143443,2.7778,TRACKING
24.864521,129.088436000000,35.074463166667,508062.615,3881304.373,0.613,-2.407158,gps_course,8,8.315,3.500,8,508061.119,3881312.553,-2.124365,0.147259,0.144969,2.7778,TRACKING
24.914944,129.088436000000,35.074463166667,508062.615,3881304.373,0.613,-2.407158,gps_course,8,8.315,3.500,8,508061.119,3881312.553,-2.124365,0.147259,0.145885,2.7778,TRACKING
24.964821,129.088436000000,35.074463166667,508062.615,3881304.373,0.613,-2.407158,gps_course,8,8.315,3.500,8,508061.119,3881312.553,-2.124365,0.147259,0.146435,2.7778,TRACKING
25.014782,129.088436000000,35.074463166667,508062.615,3881304.373,0.613,-2.407158,gps_course,8,8.315,3.500,8,508061.119,3881312.553,-2.124365,0.147259,0.146764,2.7778,TRACKING
25.064897,129.088434833333,35.074462666667,508062.509,3881304.317,0.563,-2.463183,gps_course,8,8.352,3.500,8,508061.119,3881312.553,-2.082059,0.150275,0.148169,2.7778,TRACKING
25.114501,129.088434833333,35.074462666667,508062.509,3881304.317,0.563,-2.463183,gps_course,8,8.352,3.500,8,508061.119,3881312.553,-2.082059,0.150275,0.149011,2.7778,TRACKING
25.164534,129.088434833333,35.074462666667,508062.509,3881304.317,0.563,-2.463183,gps_course,8,8.352,3.500,8,508061.119,3881312.553,-2.082059,0.150275,0.149516,2.7778,TRACKING
25.214518,129.088434833333,35.074462666667,508062.509,3881304.317,0.563,-2.463183,gps_course,8,8.352,3.500,8,508061.119,3881312.553,-2.082059,0.150275,0.149820,2.7778,TRACKING
25.264803,129.088434833333,35.074462666667,508062.509,3881304.317,0.563,-2.463183,gps_course,8,8.352,3.500,8,508061.119,3881312.553,-2.082059,0.150275,0.150002,2.7778,TRACKING
25.314497,129.088433833333,35.074462166667,508062.417,3881304.262,0.510,-2.521303,gps_course,8,8.392,3.500,8,508061.119,3881312.553,-2.035747,0.153233,0.151294,2.7778,TRACKING
25.364861,129.088433833333,35.074462166667,508062.417,3881304.262,0.510,-2.521303,gps_course,8,8.392,3.500,8,508061.119,3881312.553,-2.035747,0.153233,0.152070,2.7778,TRACKING
25.414723,129.088433833333,35.074462166667,508062.417,3881304.262,0.510,-2.521303,gps_course,8,8.392,3.500,8,508061.119,3881312.553,-2.035747,0.153233,0.152535,2.7778,TRACKING
25.464537,129.088433833333,35.074462166667,508062.417,3881304.262,0.510,-2.521303,gps_course,8,8.392,3.500,8,508061.119,3881312.553,-2.035747,0.153233,0.152814,2.7778,TRACKING
25.514504,129.088433833333,35.074462166667,508062.417,3881304.262,0.510,-2.521303,gps_course,8,8.392,3.500,8,508061.119,3881312.553,-2.035747,0.153233,0.152982,2.7778,TRACKING
25.564566,129.088433000000,35.074461833333,508062.342,3881304.225,0.455,-2.601239,gps_course,8,8.417,3.500,8,508061.119,3881312.553,-1.965406,0.157708,0.154872,2.7778,TRACKING
25.614503,129.088433000000,35.074461833333,508062.342,3881304.225,0.455,-2.601239,gps_course,8,8.417,3.500,8,508061.119,3881312.553,-1.965406,0.157708,0.156006,2.7778,TRACKING
25.664522,129.088433000000,35.074461833333,508062.342,3881304.225,0.455,-2.601239,gps_course,8,8.417,3.500,8,508061.119,3881312.553,-1.965406,0.157708,0.156687,2.7778,TRACKING
25.714502,129.088433000000,35.074461833333,508062.342,3881304.225,0.455,-2.601239,gps_course,8,8.417,3.500,8,508061.119,3881312.553,-1.965406,0.157708,0.157095,2.7778,TRACKING
25.764550,129.088433000000,35.074461833333,508062.342,3881304.225,0.455,-2.601239,gps_course,8,8.417,3.500,8,508061.119,3881312.553,-1.965406,0.157708,0.157340,2.7778,TRACKING
25.814638,129.088432333333,35.074461666667,508062.281,3881304.206,0.390,-2.644348,gps_course,8,8.427,3.500,8,508061.119,3881312.553,-1.929750,0.159729,0.158296,2.7778,TRACKING
25.864533,129.088432333333,35.074461666667,508062.281,3881304.206,0.390,-2.644348,gps_course,8,8.427,3.500,8,508061.119,3881312.553,-1.929750,0.159729,0.158869,2.7778,TRACKING
25.914533,129.088432333333,35.074461666667,508062.281,3881304.206,0.390,-2.644348,gps_course,8,8.427,3.500,8,508061.119,3881312.553,-1.929750,0.159729,0.159213,2.7778,TRACKING
25.964590,129.088432333333,35.074461666667,508062.281,3881304.206,0.390,-2.644348,gps_course,8,8.427,3.500,8,508061.119,3881312.553,-1.929750,0.159729,0.159420,2.7778,TRACKING
26.014495,129.088432333333,35.074461666667,508062.281,3881304.206,0.390,-2.644348,gps_course,8,8.427,3.500,8,508061.119,3881312.553,-1.929750,0.159729,0.159544,2.7778,TRACKING
26.064512,129.088431500000,35.074461333333,508062.205,3881304.169,0.340,-2.673146,gps_course,8,8.453,3.500,8,508061.119,3881312.553,-1.910453,0.160339,0.159862,2.7778,TRACKING
26.114499,129.088431500000,35.074461333333,508062.205,3881304.169,0.340,-2.673146,gps_course,8,8.453,3.500,8,508061.119,3881312.553,-1.910453,0.160339,0.160053,2.7778,TRACKING
26.164564,129.088431500000,35.074461333333,508062.205,3881304.169,0.340,-2.673146,gps_course,8,8.453,3.500,8,508061.119,3881312.553,-1.910453,0.160339,0.160168,2.7778,TRACKING
26.215000,129.088431500000,35.074461333333,508062.205,3881304.169,0.340,-2.673146,gps_course,8,8.453,3.500,8,508061.119,3881312.553,-1.910453,0.160339,0.160236,2.7778,TRACKING
26.264523,129.088431500000,35.074461333333,508062.205,3881304.169,0.340,-2.673146,gps_course,8,8.453,3.500,8,508061.119,3881312.553,-1.910453,0.160339,0.160278,2.7778,TRACKING
26.314628,129.088430500000,35.074460833333,508062.114,3881304.114,0.348,-2.667387,gps_course,8,8.497,3.500,8,508061.119,3881312.553,-1.927687,0.158546,0.159585,2.7778,TRACKING
26.364560,129.088430500000,35.074460833333,508062.114,3881304.114,0.348,-2.667387,gps_course,8,8.497,3.500,8,508061.119,3881312.553,-1.927687,0.158546,0.159169,2.7778,TRACKING
26.414647,129.088430500000,35.074460833333,508062.114,3881304.114,0.348,-2.667387,gps_course,8,8.497,3.500,8,508061.119,3881312.553,-1.927687,0.158546,0.158920,2.7778,TRACKING
26.464512,129.088430500000,35.074460833333,508062.114,3881304.114,0.348,-2.667387,gps_course,8,8.497,3.500,8,508061.119,3881312.553,-1.927687,0.158546,0.158771,2.7778,TRACKING
26.514519,129.088430500000,35.074460833333,508062.114,3881304.114,0.348,-2.667387,gps_course,8,8.497,3.500,8,508061.119,3881312.553,-1.927687,0.158546,0.158681,2.7778,TRACKING
26.564573,129.088429166667,35.074460166667,508061.992,3881304.040,0.394,-2.620961,gps_course,8,8.558,3.500,8,508061.119,3881312.553,-1.989225,0.153601,0.156649,2.7778,TRACKING
26.614519,129.088429166667,35.074460166667,508061.992,3881304.040,0.394,-2.620961,gps_course,8,8.558,3.500,8,508061.119,3881312.553,-1.989225,0.153601,0.155430,2.7778,TRACKING
26.664551,129.088429166667,35.074460166667,508061.992,3881304.040,0.394,-2.620961,gps_course,8,8.558,3.500,8,508061.119,3881312.553,-1.989225,0.153601,0.154698,2.7778,TRACKING
26.714514,129.088429166667,35.074460166667,508061.992,3881304.040,0.394,-2.620961,gps_course,8,8.558,3.500,8,508061.119,3881312.553,-1.989225,0.153601,0.154260,2.7778,TRACKING
26.764544,129.088429166667,35.074460166667,508061.992,3881304.040,0.394,-2.620961,gps_course,8,8.558,3.500,8,508061.119,3881312.553,-1.989225,0.153601,0.153996,2.7778,TRACKING
26.814494,129.088428000000,35.074459666667,508061.886,3881303.984,0.465,-2.600192,gps_course,8,8.603,3.500,8,508061.119,3881312.553,-2.022947,0.150466,0.152584,2.7778,TRACKING
26.864509,129.088428000000,35.074459666667,508061.886,3881303.984,0.465,-2.600192,gps_course,8,8.603,3.500,8,508061.119,3881312.553,-2.022947,0.150466,0.151737,2.7778,TRACKING
26.914525,129.088428000000,35.074459666667,508061.886,3881303.984,0.465,-2.600192,gps_course,8,8.603,3.500,8,508061.119,3881312.553,-2.022947,0.150466,0.151229,2.7778,TRACKING
26.964557,129.088428000000,35.074459666667,508061.886,3881303.984,0.465,-2.600192,gps_course,8,8.603,3.500,8,508061.119,3881312.553,-2.022947,0.150466,0.150924,2.7778,TRACKING
27.014554,129.088428000000,35.074459666667,508061.886,3881303.984,0.465,-2.600192,gps_course,8,8.603,3.500,8,508061.119,3881312.553,-2.022947,0.150466,0.150741,2.7778,TRACKING
27.064520,129.088426833333,35.074459000000,508061.780,3881303.910,0.465,-2.600192,gps_course,8,8.668,3.500,8,508061.119,3881312.553,-2.035924,0.148415,0.149810,2.7778,TRACKING
27.114503,129.088426833333,35.074459000000,508061.780,3881303.910,0.465,-2.600192,gps_course,8,8.668,3.500,8,508061.119,3881312.553,-2.035924,0.148415,0.149252,2.7778,TRACKING
27.164571,129.088426833333,35.074459000000,508061.780,3881303.910,0.465,-2.600192,gps_course,8,8.668,3.500,8,508061.119,3881312.553,-2.035924,0.148415,0.148917,2.7778,TRACKING
27.214548,129.088426833333,35.074459000000,508061.780,3881303.910,0.465,-2.600192,gps_course,8,8.668,3.500,8,508061.119,3881312.553,-2.035924,0.148415,0.148716,2.7778,TRACKING
27.264568,129.088426833333,35.074459000000,508061.780,3881303.910,0.465,-2.600192,gps_course,8,8.668,3.500,8,508061.119,3881312.553,-2.035924,0.148415,0.148596,2.7778,TRACKING
27.314521,129.088426333333,35.074458833333,508061.734,3881303.892,0.485,-2.623579,gps_course,8,8.683,3.500,8,508061.119,3881312.553,-2.017932,0.149454,0.148939,2.7778,TRACKING
27.364543,129.088426333333,35.074458833333,508061.734,3881303.892,0.485,-2.623579,gps_course,8,8.683,3.500,8,508061.119,3881312.553,-2.017932,0.149454,0.149145,2.7778,TRACKING
27.414537,129.088426333333,35.074458833333,508061.734,3881303.892,0.485,-2.623579,gps_course,8,8.683,3.500,8,508061.119,3881312.553,-2.017932,0.149454,0.149269,2.7778,TRACKING
27.464511,129.088426333333,35.074458833333,508061.734,3881303.892,0.485,-2.623579,gps_course,8,8.683,3.500,8,508061.119,3881312.553,-2.017932,0.149454,0.149343,2.7778,TRACKING
27.514512,129.088426333333,35.074458833333,508061.734,3881303.892,0.485,-2.623579,gps_course,8,8.683,3.500,8,508061.119,3881312.553,-2.017932,0.149454,0.149388,2.7778,TRACKING
27.564740,129.088426166667,35.074458833333,508061.719,3881303.892,0.311,-2.663722,gps_course,8,8.682,3.500,8,508061.119,3881312.553,-1.979535,0.152073,0.150462,2.7778,TRACKING
27.614519,129.088426166667,35.074458833333,508061.719,3881303.892,0.311,-2.663722,gps_course,8,8.682,3.500,8,508061.119,3881312.553,-1.979535,0.152073,0.151106,2.7778,TRACKING
27.664579,129.088426166667,35.074458833333,508061.719,3881303.892,0.311,-2.663722,gps_course,8,8.682,3.500,8,508061.119,3881312.553,-1.979535,0.152073,0.151493,2.7778,TRACKING
27.714717,129.088426166667,35.074458833333,508061.719,3881303.892,0.311,-2.663722,gps_course,8,8.682,3.500,8,508061.119,3881312.553,-1.979535,0.152073,0.151725,2.7778,TRACKING
27.764559,129.088426166667,35.074458833333,508061.719,3881303.892,0.311,-2.663722,gps_course,8,8.682,3.500,8,508061.119,3881312.553,-1.979535,0.152073,0.151864,2.7778,TRACKING
27.814531,129.088426333333,35.074458833333,508061.734,3881303.892,0.163,-2.767220,gps_course,8,8.683,3.500,8,508061.119,3881312.553,-1.874291,0.158034,0.154332,2.7778,TRACKING
27.864514,129.088426333333,35.074458833333,508061.734,3881303.892,0.163,-2.767220,gps_course,8,8.683,3.500,8,508061.119,3881312.553,-1.874291,0.158034,0.155813,2.7778,TRACKING
27.914502,129.088426333333,35.074458833333,508061.734,3881303.892,0.163,-2.767220,gps_course,8,8.683,3.500,8,508061.119,3881312.553,-1.874291,0.158034,0.156701,2.7778,TRACKING
27.964580,129.088426333333,35.074458833333,508061.734,3881303.892,0.163,-2.767220,gps_course,8,8.683,3.500,8,508061.119,3881312.553,-1.874291,0.158034,0.157234,2.7778,TRACKING
28.014657,129.088426333333,35.074458833333,508061.734,3881303.892,0.163,-2.767220,gps_course,8,8.683,3.500,8,508061.119,3881312.553,-1.874291,0.158034,0.157554,2.7778,TRACKING
28.064520,129.088426500000,35.074459000000,508061.749,3881303.910,0.055,-2.767220,gps_course,8,8.666,3.500,8,508061.119,3881312.553,-1.872393,0.158437,0.157907,2.7778,TRACKING
28.114493,129.088426500000,35.074459000000,508061.749,3881303.910,0.055,-2.767220,gps_course,8,8.666,3.500,8,508061.119,3881312.553,-1.872393,0.158437,0.158119,2.7778,TRACKING
28.164504,129.088426500000,35.074459000000,508061.749,3881303.910,0.055,-2.767220,gps_course,8,8.666,3.500,8,508061.119,3881312.553,-1.872393,0.158437,0.158246,2.7778,TRACKING
28.214515,129.088426500000,35.074459000000,508061.749,3881303.910,0.055,-2.767220,gps_course,8,8.666,3.500,8,508061.119,3881312.553,-1.872393,0.158437,0.158323,2.7778,TRACKING
28.264512,129.088426500000,35.074459000000,508061.749,3881303.910,0.055,-2.767220,gps_course,8,8.666,3.500,8,508061.119,3881312.553,-1.872393,0.158437,0.158369,2.7778,TRACKING
28.314508,129.088426500000,35.074459000000,508061.749,3881303.910,0.014,-2.767220,gps_course,8,8.666,3.500,8,508061.119,3881312.553,-1.872393,0.158437,0.158396,2.7778,TRACKING
28.364589,129.088426500000,35.074459000000,508061.749,3881303.910,0.014,-2.767220,gps_course,8,8.666,3.500,8,508061.119,3881312.553,-1.872393,0.158437,0.158413,2.7778,TRACKING
28.414648,129.088426500000,35.074459000000,508061.749,3881303.910,0.014,-2.767220,gps_course,8,8.666,3.500,8,508061.119,3881312.553,-1.872393,0.158437,0.158422,2.7778,TRACKING
28.464659,129.088426500000,35.074459000000,508061.749,3881303.910,0.014,-2.767220,gps_course,8,8.666,3.500,8,508061.119,3881312.553,-1.872393,0.158437,0.158428,2.7778,TRACKING
28.514626,129.088426500000,35.074459000000,508061.749,3881303.910,0.014,-2.767220,gps_course,8,8.666,3.500,8,508061.119,3881312.553,-1.872393,0.158437,0.158432,2.7778,TRACKING
28.564564,129.088426500000,35.074459000000,508061.749,3881303.910,0.014,-2.767220,gps_course,8,8.666,3.500,8,508061.119,3881312.553,-1.872393,0.158437,0.158434,2.7778,TRACKING
28.614728,129.088426500000,35.074459000000,508061.749,3881303.910,0.014,-2.767220,gps_course,8,8.666,3.500,8,508061.119,3881312.553,-1.872393,0.158437,0.158435,2.7778,TRACKING
28.664759,129.088426500000,35.074459000000,508061.749,3881303.910,0.014,-2.767220,gps_course,8,8.666,3.500,8,508061.119,3881312.553,-1.872393,0.158437,0.158436,2.7778,TRACKING
28.714740,129.088426500000,35.074459000000,508061.749,3881303.910,0.014,-2.767220,gps_course,8,8.666,3.500,8,508061.119,3881312.553,-1.872393,0.158437,0.158437,2.7778,TRACKING
28.764847,129.088426500000,35.074459000000,508061.749,3881303.910,0.014,-2.767220,gps_course,8,8.666,3.500,8,508061.119,3881312.553,-1.872393,0.158437,0.158437,2.7778,TRACKING
28.814728,129.088426500000,35.074459000000,508061.749,3881303.910,0.007,-2.767220,gps_course,8,8.666,3.500,8,508061.119,3881312.553,-1.872393,0.158437,0.158437,2.7778,TRACKING
28.864525,129.088426500000,35.074459000000,508061.749,3881303.910,0.007,-2.767220,gps_course,8,8.666,3.500,8,508061.119,3881312.553,-1.872393,0.158437,0.158437,2.7778,TRACKING
28.914546,129.088426500000,35.074459000000,508061.749,3881303.910,0.007,-2.767220,gps_course,8,8.666,3.500,8,508061.119,3881312.553,-1.872393,0.158437,0.158437,2.7778,TRACKING
28.964573,129.088426500000,35.074459000000,508061.749,3881303.910,0.007,-2.767220,gps_course,8,8.666,3.500,8,508061.119,3881312.553,-1.872393,0.158437,0.158437,2.7778,TRACKING
29.014537,129.088426500000,35.074459000000,508061.749,3881303.910,0.007,-2.767220,gps_course,8,8.666,3.500,8,508061.119,3881312.553,-1.872393,0.158437,0.158437,2.7778,TRACKING
29.066043,129.088426500000,35.074458833333,508061.749,3881303.892,0.005,-2.767220,gps_course,8,8.684,3.500,8,508061.119,3881312.553,-1.872546,0.158099,0.158302,2.7778,TRACKING
29.114508,129.088426500000,35.074458833333,508061.749,3881303.892,0.005,-2.767220,gps_course,8,8.684,3.500,8,508061.119,3881312.553,-1.872546,0.158099,0.158221,2.7778,TRACKING
29.165006,129.088426500000,35.074458833333,508061.749,3881303.892,0.005,-2.767220,gps_course,8,8.684,3.500,8,508061.119,3881312.553,-1.872546,0.158099,0.158172,2.7778,TRACKING
29.214884,129.088426500000,35.074458833333,508061.749,3881303.892,0.005,-2.767220,gps_course,8,8.684,3.500,8,508061.119,3881312.553,-1.872546,0.158099,0.158143,2.7778,TRACKING
29.264548,129.088426500000,35.074458833333,508061.749,3881303.892,0.005,-2.767220,gps_course,8,8.684,3.500,8,508061.119,3881312.553,-1.872546,0.158099,0.158125,2.7778,TRACKING
29.314778,129.088426666667,35.074459000000,508061.764,3881303.910,0.010,-2.767220,gps_course,8,8.667,3.500,8,508061.119,3881312.553,-1.870644,0.158502,0.158276,2.7778,TRACKING
29.364551,129.088426666667,35.074459000000,508061.764,3881303.910,0.010,-2.767220,gps_course,8,8.667,3.500,8,508061.119,3881312.553,-1.870644,0.158502,0.158366,2.7778,TRACKING
29.414491,129.088426666667,35.074459000000,508061.764,3881303.910,0.010,-2.767220,gps_course,8,8.667,3.500,8,508061.119,3881312.553,-1.870644,0.158502,0.158421,2.7778,TRACKING
29.464920,129.088426666667,35.074459000000,508061.764,3881303.910,0.010,-2.767220,gps_course,8,8.667,3.500,8,508061.119,3881312.553,-1.870644,0.158502,0.158453,2.7778,TRACKING
29.514467,129.088426666667,35.074459000000,508061.764,3881303.910,0.010,-2.767220,gps_course,8,8.667,3.500,8,508061.119,3881312.553,-1.870644,0.158502,0.158473,2.7778,TRACKING
29.564497,129.088426666667,35.074458833333,508061.764,3881303.892,0.006,-2.767220,gps_course,8,8.685,3.500,8,508061.119,3881312.553,-1.870801,0.158164,0.158349,2.7778,TRACKING
29.614642,129.088426666667,35.074458833333,508061.764,3881303.892,0.006,-2.767220,gps_course,8,8.685,3.500,8,508061.119,3881312.553,-1.870801,0.158164,0.158275,2.7778,TRACKING
29.664647,129.088426666667,35.074458833333,508061.764,3881303.892,0.006,-2.767220,gps_course,8,8.685,3.500,8,508061.119,3881312.553,-1.870801,0.158164,0.158230,2.7778,TRACKING
29.714545,129.088426666667,35.074458833333,508061.764,3881303.892,0.006,-2.767220,gps_course,8,8.685,3.500,8,508061.119,3881312.553,-1.870801,0.158164,0.158204,2.7778,TRACKING
29.764494,129.088426666667,35.074458833333,508061.764,3881303.892,0.006,-2.767220,gps_course,8,8.685,3.500,8,508061.119,3881312.553,-1.870801,0.158164,0.158188,2.7778,TRACKING
