elapsed_sec,longitude,latitude,utm_easting_m,utm_northing_m,speed_mps,heading_rad,heading_source,waypoint_index,route_error_m,lookahead_m,target_index,target_easting_m,target_northing_m,alpha_rad,raw_steering_rad,filtered_steering_rad,command_speed_mps,state
1.474845,129.087649333333,35.074568833333,507990.885,3881316.028,0.011,0.385947,route_tangent,576,0.393,5.000,582,507987.721,3881320.917,1.759311,-0.150000,-0.030065,2.7778,TRACKING
1.524886,129.087649333333,35.074568833333,507990.885,3881316.028,0.011,2.085850,route_tangent,576,0.393,5.000,582,507987.721,3881320.917,0.059408,-0.014782,-0.023952,2.7778,TRACKING
1.574771,129.087649333333,35.074568833333,507990.885,3881316.028,0.011,2.085850,route_tangent,576,0.393,5.000,582,507987.721,3881320.917,0.059408,-0.014782,-0.020284,2.7778,TRACKING
1.624755,129.087649333333,35.074568833333,507990.885,3881316.028,0.011,2.085850,route_tangent,576,0.393,5.000,582,507987.721,3881320.917,0.059408,-0.014782,-0.018083,2.7778,TRACKING
1.674751,129.087649333333,35.074568833333,507990.885,3881316.028,0.011,2.085850,route_tangent,576,0.393,5.000,582,507987.721,3881320.917,0.059408,-0.014782,-0.016762,2.7778,TRACKING
1.724776,129.087649333333,35.074568833333,507990.885,3881316.028,0.010,2.085850,route_tangent,576,0.393,5.000,582,507987.721,3881320.917,0.059408,-0.014782,-0.015970,2.7778,TRACKING
1.774827,129.087649333333,35.074568833333,507990.885,3881316.028,0.010,-3.075191,corrected_imu,576,0.393,5.000,582,507987.721,3881320.917,-1.062737,0.200000,0.014061,2.7778,TRACKING
1.824792,129.087649333333,35.074568833333,507990.885,3881316.028,0.010,-3.075191,corrected_imu,576,0.393,5.000,582,507987.721,3881320.917,-1.062737,0.200000,0.044040,2.7778,TRACKING
1.874917,129.087649333333,35.074568833333,507990.885,3881316.028,0.010,-3.074944,corrected_imu,576,0.393,5.000,582,507987.721,3881320.917,-1.062983,0.200000,0.074115,2.7778,TRACKING
1.924822,129.087649333333,35.074568833333,507990.885,3881316.028,0.010,-3.074944,corrected_imu,576,0.393,5.000,582,507987.721,3881320.917,-1.062983,0.200000,0.104057,2.7778,TRACKING
1.974729,129.087649333333,35.074569000000,507990.885,3881316.046,0.011,-3.074944,corrected_imu,576,0.409,5.000,582,507987.721,3881320.917,-1.061257,0.200000,0.134002,2.7778,TRACKING
2.024881,129.087649333333,35.074569000000,507990.885,3881316.046,0.011,-3.074944,corrected_imu,576,0.409,5.000,582,507987.721,3881320.917,-1.061257,0.200000,0.160401,2.7778,TRACKING
2.074910,129.087649333333,35.074569000000,507990.885,3881316.046,0.011,-3.074944,corrected_imu,576,0.409,5.000,582,507987.721,3881320.917,-1.061257,0.200000,0.176241,2.7778,TRACKING
2.124885,129.087649333333,35.074569000000,507990.885,3881316.046,0.011,-3.074944,corrected_imu,576,0.409,5.000,582,507987.721,3881320.917,-1.061257,0.200000,0.185744,2.7778,TRACKING
2.174979,129.087649333333,35.074569000000,507990.885,3881316.046,0.011,-3.074944,corrected_imu,576,0.409,5.000,582,507987.721,3881320.917,-1.061257,0.200000,0.191447,2.7778,TRACKING
2.224873,129.087649333333,35.074569000000,507990.885,3881316.046,0.009,-3.074944,corrected_imu,576,0.409,5.000,582,507987.721,3881320.917,-1.061257,0.200000,0.194868,2.7778,TRACKING
2.274880,129.087649333333,35.074569000000,507990.885,3881316.046,0.009,-3.074944,corrected_imu,576,0.409,5.000,582,507987.721,3881320.917,-1.061257,0.200000,0.196921,2.7778,TRACKING
2.324895,129.087649333333,35.074569000000,507990.885,3881316.046,0.009,-3.074944,corrected_imu,576,0.409,5.000,582,507987.721,3881320.917,-1.061257,0.200000,0.198152,2.7778,TRACKING
2.374883,129.087649333333,35.074569000000,507990.885,3881316.046,0.009,-3.074944,corrected_imu,576,0.409,5.000,582,507987.721,3881320.917,-1.061257,0.200000,0.198891,2.7778,TRACKING
2.424884,129.087649333333,35.074569000000,507990.885,3881316.046,0.009,-3.074944,corrected_imu,576,0.409,5.000,582,507987.721,3881320.917,-1.061257,0.200000,0.199335,2.7778,TRACKING
2.474785,129.087649333333,35.074569000000,507990.885,3881316.046,0.007,-3.074944,corrected_imu,576,0.409,5.000,582,507987.721,3881320.917,-1.061257,0.200000,0.199601,2.7778,TRACKING
2.524773,129.087649333333,35.074569000000,507990.885,3881316.046,0.007,-3.074944,corrected_imu,576,0.409,5.000,582,507987.721,3881320.917,-1.061257,0.200000,0.199761,2.7778,TRACKING
2.574898,129.087649333333,35.074569000000,507990.885,3881316.046,0.007,-3.074944,corrected_imu,576,0.409,5.000,582,507987.721,3881320.917,-1.061257,0.200000,0.199856,2.7778,TRACKING
2.624808,129.087649333333,35.074569000000,507990.885,3881316.046,0.007,-3.074944,corrected_imu,576,0.409,5.000,582,507987.721,3881320.917,-1.061257,0.200000,0.199914,2.7778,TRACKING
2.674787,129.087649333333,35.074569000000,507990.885,3881316.046,0.007,-3.074944,corrected_imu,576,0.409,5.000,582,507987.721,3881320.917,-1.061257,0.200000,0.199948,2.7778,TRACKING
2.724801,129.087649333333,35.074569000000,507990.885,3881316.046,0.008,-3.074944,corrected_imu,576,0.409,5.000,582,507987.721,3881320.917,-1.061257,0.200000,0.199969,2.7778,TRACKING
2.774839,129.087649333333,35.074569000000,507990.885,3881316.046,0.008,-3.074944,corrected_imu,576,0.409,5.000,582,507987.721,3881320.917,-1.061257,0.200000,0.199981,2.7778,TRACKING
2.825276,129.087649333333,35.074569000000,507990.885,3881316.046,0.008,-3.074944,corrected_imu,576,0.409,5.000,582,507987.721,3881320.917,-1.061257,0.200000,0.199989,2.7778,TRACKING
2.875186,129.087649333333,35.074569000000,507990.885,3881316.046,0.008,-3.070241,corrected_imu,576,0.409,5.000,582,507987.721,3881320.917,-1.065960,0.200000,0.199993,2.7778,TRACKING
2.924811,129.087649333333,35.074569000000,507990.885,3881316.046,0.008,-3.070241,corrected_imu,576,0.409,5.000,582,507987.721,3881320.917,-1.065960,0.200000,0.199996,2.7778,TRACKING
2.974820,129.087649333333,35.074569000000,507990.885,3881316.046,0.008,-3.070241,corrected_imu,576,0.409,5.000,582,507987.721,3881320.917,-1.065960,0.200000,0.199998,2.7778,TRACKING
3.025042,129.087649333333,35.074569000000,507990.885,3881316.046,0.008,-3.070241,corrected_imu,576,0.409,5.000,582,507987.721,3881320.917,-1.065960,0.200000,0.199999,2.7778,TRACKING
3.074829,129.087649333333,35.074569000000,507990.885,3881316.046,0.008,-3.070241,corrected_imu,576,0.409,5.000,582,507987.721,3881320.917,-1.065960,0.200000,0.199999,2.7778,TRACKING
3.125055,129.087649333333,35.074569000000,507990.885,3881316.046,0.008,-3.070241,corrected_imu,576,0.409,5.000,582,507987.721,3881320.917,-1.065960,0.200000,0.199999,2.7778,TRACKING
3.174764,129.087649333333,35.074569000000,507990.885,3881316.046,0.008,-3.070241,corrected_imu,576,0.409,5.000,582,507987.721,3881320.917,-1.065960,0.200000,0.200000,2.7778,TRACKING
3.224822,129.087649333333,35.074569000000,507990.885,3881316.046,0.006,-3.070241,corrected_imu,576,0.409,5.000,582,507987.721,3881320.917,-1.065960,0.200000,0.200000,2.7778,TRACKING
3.274819,129.087649333333,35.074569000000,507990.885,3881316.046,0.006,-3.070241,corrected_imu,576,0.409,5.000,582,507987.721,3881320.917,-1.065960,0.200000,0.200000,2.7778,TRACKING
3.324804,129.087649333333,35.074569000000,507990.885,3881316.046,0.006,-3.070241,corrected_imu,576,0.409,5.000,582,507987.721,3881320.917,-1.065960,0.200000,0.200000,2.7778,TRACKING
3.375729,129.087649333333,35.074569000000,507990.885,3881316.046,0.006,-3.070241,corrected_imu,576,0.409,5.000,582,507987.721,3881320.917,-1.065960,0.200000,0.200000,2.7778,TRACKING
3.424827,129.087649333333,35.074569000000,507990.885,3881316.046,0.006,-3.070241,corrected_imu,576,0.409,5.000,582,507987.721,3881320.917,-1.065960,0.200000,0.200000,2.7778,TRACKING
3.474794,129.087649333333,35.074569000000,507990.885,3881316.046,0.004,-3.070241,corrected_imu,576,0.409,5.000,582,507987.721,3881320.917,-1.065960,0.200000,0.200000,2.7778,TRACKING
3.524928,129.087649333333,35.074569000000,507990.885,3881316.046,0.004,-3.070241,corrected_imu,576,0.409,5.000,582,507987.721,3881320.917,-1.065960,0.200000,0.200000,2.7778,TRACKING
3.574787,129.087649333333,35.074569000000,507990.885,3881316.046,0.004,-3.070241,corrected_imu,576,0.409,5.000,582,507987.721,3881320.917,-1.065960,0.200000,0.200000,2.7778,TRACKING
3.624836,129.087649333333,35.074569000000,507990.885,3881316.046,0.004,-3.070241,corrected_imu,576,0.409,5.000,582,507987.721,3881320.917,-1.065960,0.200000,0.200000,2.7778,TRACKING
3.674784,129.087649333333,35.074569000000,507990.885,3881316.046,0.004,-3.070241,corrected_imu,576,0.409,5.000,582,507987.721,3881320.917,-1.065960,0.200000,0.200000,2.7778,TRACKING
3.724819,129.087649333333,35.074569000000,507990.885,3881316.046,0.004,-3.070241,corrected_imu,576,0.409,5.000,582,507987.721,3881320.917,-1.065960,0.200000,0.200000,2.7778,TRACKING
3.774954,129.087649333333,35.074569000000,507990.885,3881316.046,0.004,-3.070241,corrected_imu,576,0.409,5.000,582,507987.721,3881320.917,-1.065960,0.200000,0.200000,2.7778,TRACKING
3.825029,129.087649333333,35.074569000000,507990.885,3881316.046,0.004,-3.070241,corrected_imu,576,0.409,5.000,582,507987.721,3881320.917,-1.065960,0.200000,0.200000,2.7778,TRACKING
3.874790,129.087649333333,35.074569000000,507990.885,3881316.046,0.004,-3.071283,corrected_imu,576,0.409,5.000,582,507987.721,3881320.917,-1.064918,0.200000,0.200000,2.7778,TRACKING
3.924796,129.087649333333,35.074569000000,507990.885,3881316.046,0.004,-3.071283,corrected_imu,576,0.409,5.000,582,507987.721,3881320.917,-1.064918,0.200000,0.200000,2.7778,TRACKING
3.974843,129.087649333333,35.074569000000,507990.885,3881316.046,0.004,-3.071283,corrected_imu,576,0.409,5.000,582,507987.721,3881320.917,-1.064918,0.200000,0.200000,2.7778,TRACKING
4.024757,129.087649333333,35.074569000000,507990.885,3881316.046,0.004,-3.071283,corrected_imu,576,0.409,5.000,582,507987.721,3881320.917,-1.064918,0.200000,0.200000,2.7778,TRACKING
4.074775,129.087649333333,35.074569000000,507990.885,3881316.046,0.004,-3.071283,corrected_imu,576,0.409,5.000,582,507987.721,3881320.917,-1.064918,0.200000,0.200000,2.7778,TRACKING
4.124761,129.087649333333,35.074569000000,507990.885,3881316.046,0.004,-3.071283,corrected_imu,576,0.409,5.000,582,507987.721,3881320.917,-1.064918,0.200000,0.200000,2.7778,TRACKING
4.174799,129.087649333333,35.074569000000,507990.885,3881316.046,0.004,-3.071283,corrected_imu,576,0.409,5.000,582,507987.721,3881320.917,-1.064918,0.200000,0.200000,2.7778,TRACKING
4.224771,129.087649333333,35.074569000000,507990.885,3881316.046,0.004,-3.071283,corrected_imu,576,0.409,5.000,582,507987.721,3881320.917,-1.064918,0.200000,0.200000,2.7778,TRACKING
4.274809,129.087649333333,35.074569000000,507990.885,3881316.046,0.004,-3.071283,corrected_imu,576,0.409,5.000,582,507987.721,3881320.917,-1.064918,0.200000,0.200000,2.7778,TRACKING
4.324736,129.087649333333,35.074569000000,507990.885,3881316.046,0.004,-3.071283,corrected_imu,576,0.409,5.000,582,507987.721,3881320.917,-1.064918,0.200000,0.200000,2.7778,TRACKING
4.374829,129.087649333333,35.074569000000,507990.885,3881316.046,0.004,-3.071283,corrected_imu,576,0.409,5.000,582,507987.721,3881320.917,-1.064918,0.200000,0.200000,2.7778,TRACKING
4.424804,129.087649333333,35.074569000000,507990.885,3881316.046,0.004,-3.071283,corrected_imu,576,0.409,5.000,582,507987.721,3881320.917,-1.064918,0.200000,0.200000,2.7778,TRACKING
4.474851,129.087649333333,35.074569166667,507990.885,3881316.065,0.008,-3.071283,corrected_imu,576,0.425,5.000,582,507987.721,3881320.917,-1.063182,0.200000,0.200000,2.7778,TRACKING
4.524779,129.087649333333,35.074569166667,507990.885,3881316.065,0.008,-3.071283,corrected_imu,576,0.425,5.000,582,507987.721,3881320.917,-1.063182,0.200000,0.200000,2.7778,TRACKING
4.574821,129.087649333333,35.074569166667,507990.885,3881316.065,0.008,-3.071283,corrected_imu,576,0.425,5.000,582,507987.721,3881320.917,-1.063182,0.200000,0.200000,2.7778,TRACKING
4.624805,129.087649333333,35.074569166667,507990.885,3881316.065,0.008,-3.071283,corrected_imu,576,0.425,5.000,582,507987.721,3881320.917,-1.063182,0.200000,0.200000,2.7778,TRACKING
4.674794,129.087649333333,35.074569166667,507990.885,3881316.065,0.008,-3.071283,corrected_imu,576,0.425,5.000,582,507987.721,3881320.917,-1.063182,0.200000,0.200000,2.7778,TRACKING
4.724770,129.087649333333,35.074569166667,507990.885,3881316.065,0.013,-3.071283,corrected_imu,576,0.425,5.000,582,507987.721,3881320.917,-1.063182,0.200000,0.200000,2.7778,TRACKING
4.775152,129.087649333333,35.074569166667,507990.885,3881316.065,0.013,-3.071283,corrected_imu,576,0.425,5.000,582,507987.721,3881320.917,-1.063182,0.200000,0.200000,2.7778,TRACKING
4.824805,129.087649333333,35.074569166667,507990.885,3881316.065,0.013,-3.071283,corrected_imu,576,0.425,5.000,582,507987.721,3881320.917,-1.063182,0.200000,0.200000,2.7778,TRACKING
4.874805,129.087649333333,35.074569166667,507990.885,3881316.065,0.013,-3.075987,corrected_imu,576,0.425,5.000,582,507987.721,3881320.917,-1.058478,0.200000,0.200000,2.7778,TRACKING
4.925026,129.087649333333,35.074569166667,507990.885,3881316.065,0.013,-3.075987,corrected_imu,576,0.425,5.000,582,507987.721,3881320.917,-1.058478,0.200000,0.200000,2.7778,TRACKING
4.974777,129.087649333333,35.074569166667,507990.885,3881316.065,0.012,-3.075987,corrected_imu,576,0.425,5.000,582,507987.721,3881320.917,-1.058478,0.200000,0.200000,2.7778,TRACKING
5.024801,129.087649333333,35.074569166667,507990.885,3881316.065,0.012,-3.075987,corrected_imu,576,0.425,5.000,582,507987.721,3881320.917,-1.058478,0.200000,0.200000,2.7778,TRACKING
5.074777,129.087649333333,35.074569166667,507990.885,3881316.065,0.012,-3.075987,corrected_imu,576,0.425,5.000,582,507987.721,3881320.917,-1.058478,0.200000,0.200000,2.7778,TRACKING
5.124949,129.087649333333,35.074569166667,507990.885,3881316.065,0.012,-3.075987,corrected_imu,576,0.425,5.000,582,507987.721,3881320.917,-1.058478,0.200000,0.200000,2.7778,TRACKING
5.175073,129.087649333333,35.074569166667,507990.885,3881316.065,0.012,-3.075987,corrected_imu,576,0.425,5.000,582,507987.721,3881320.917,-1.058478,0.200000,0.200000,2.7778,TRACKING
5.224815,129.087649333333,35.074569000000,507990.885,3881316.046,0.005,-3.075987,corrected_imu,576,0.409,5.000,582,507987.721,3881320.917,-1.060214,0.200000,0.200000,2.7778,TRACKING
5.275574,129.087649333333,35.074569000000,507990.885,3881316.046,0.005,-3.075987,corrected_imu,576,0.409,5.000,582,507987.721,3881320.917,-1.060214,0.200000,0.200000,2.7778,TRACKING
5.324788,129.087649333333,35.074569000000,507990.885,3881316.046,0.005,-3.075987,corrected_imu,576,0.409,5.000,582,507987.721,3881320.917,-1.060214,0.200000,0.200000,2.7778,TRACKING
5.374791,129.087649333333,35.074569000000,507990.885,3881316.046,0.005,-3.075987,corrected_imu,576,0.409,5.000,582,507987.721,3881320.917,-1.060214,0.200000,0.200000,2.7778,TRACKING
5.424747,129.087649333333,35.074569000000,507990.885,3881316.046,0.005,-3.075987,corrected_imu,576,0.409,5.000,582,507987.721,3881320.917,-1.060214,0.200000,0.200000,2.7778,TRACKING
5.474830,129.087649166667,35.074569000000,507990.870,3881316.046,0.005,-3.075987,corrected_imu,576,0.401,5.000,582,507987.721,3881320.917,-1.062412,0.200000,0.200000,2.7778,TRACKING
5.524765,129.087649166667,35.074569000000,507990.870,3881316.046,0.005,-3.075987,corrected_imu,576,0.401,5.000,582,507987.721,3881320.917,-1.062412,0.200000,0.200000,2.7778,TRACKING
5.574770,129.087649166667,35.074569000000,507990.870,3881316.046,0.005,-3.075987,corrected_imu,576,0.401,5.000,582,507987.721,3881320.917,-1.062412,0.200000,0.200000,2.7778,TRACKING
5.624794,129.087649166667,35.074569000000,507990.870,3881316.046,0.005,-3.075987,corrected_imu,576,0.401,5.000,582,507987.721,3881320.917,-1.062412,0.200000,0.200000,2.7778,TRACKING
5.674833,129.087649166667,35.074569000000,507990.870,3881316.046,0.005,-3.075987,corrected_imu,576,0.401,5.000,582,507987.721,3881320.917,-1.062412,0.200000,0.200000,2.7778,TRACKING
5.724777,129.087649166667,35.074569000000,507990.870,3881316.046,0.007,-3.075987,corrected_imu,576,0.401,5.000,582,507987.721,3881320.917,-1.062412,0.200000,0.200000,2.7778,TRACKING
5.774775,129.087649166667,35.074569000000,507990.870,3881316.046,0.007,-3.075987,corrected_imu,576,0.401,5.000,582,507987.721,3881320.917,-1.062412,0.200000,0.200000,2.7778,TRACKING
5.824803,129.087649166667,35.074569000000,507990.870,3881316.046,0.007,-3.075987,corrected_imu,576,0.401,5.000,582,507987.721,3881320.917,-1.062412,0.200000,0.200000,2.7778,TRACKING
5.874995,129.087649166667,35.074569000000,507990.870,3881316.046,0.007,-3.080197,corrected_imu,576,0.401,5.000,582,507987.721,3881320.917,-1.058202,0.200000,0.200000,2.7778,TRACKING
5.924941,129.087649166667,35.074569000000,507990.870,3881316.046,0.007,-3.080197,corrected_imu,576,0.401,5.000,582,507987.721,3881320.917,-1.058202,0.200000,0.200000,2.7778,TRACKING
5.974797,129.087649166667,35.074569000000,507990.870,3881316.046,0.009,-3.080197,corrected_imu,576,0.401,5.000,582,507987.721,3881320.917,-1.058202,0.200000,0.200000,2.7778,TRACKING
6.025065,129.087649166667,35.074569000000,507990.870,3881316.046,0.009,-3.080197,corrected_imu,576,0.401,5.000,582,507987.721,3881320.917,-1.058202,0.200000,0.200000,2.7778,TRACKING
6.074818,129.087649166667,35.074569000000,507990.870,3881316.046,0.009,-3.080197,corrected_imu,576,0.401,5.000,582,507987.721,3881320.917,-1.058202,0.200000,0.200000,2.7778,TRACKING
6.124975,129.087649166667,35.074569000000,507990.870,3881316.046,0.009,-3.080197,corrected_imu,576,0.401,5.000,582,507987.721,3881320.917,-1.058202,0.200000,0.200000,2.7778,TRACKING
6.174951,129.087649166667,35.074569000000,507990.870,3881316.046,0.009,-3.080197,corrected_imu,576,0.401,5.000,582,507987.721,3881320.917,-1.058202,0.200000,0.200000,2.7778,TRACKING
6.224858,129.087649166667,35.074568833333,507990.870,3881316.028,0.008,-3.080197,corrected_imu,576,0.385,5.000,582,507987.721,3881320.917,-1.059926,0.200000,0.200000,2.7778,TRACKING
6.274989,129.087649166667,35.074568833333,507990.870,3881316.028,0.008,-3.080197,corrected_imu,576,0.385,5.000,582,507987.721,3881320.917,-1.059926,0.200000,0.200000,2.7778,TRACKING
6.324945,129.087649166667,35.074568833333,507990.870,3881316.028,0.008,-3.080197,corrected_imu,576,0.385,5.000,582,507987.721,3881320.917,-1.059926,0.200000,0.200000,2.7778,TRACKING
6.374807,129.087649166667,35.074568833333,507990.870,3881316.028,0.008,-3.080197,corrected_imu,576,0.385,5.000,582,507987.721,3881320.917,-1.059926,0.200000,0.200000,2.7778,TRACKING
6.424925,129.087649166667,35.074568833333,507990.870,3881316.028,0.008,-3.080197,corrected_imu,576,0.385,5.000,582,507987.721,3881320.917,-1.059926,0.200000,0.200000,2.7778,TRACKING
6.474955,129.087649166667,35.074569000000,507990.870,3881316.046,0.008,-3.080197,corrected_imu,576,0.401,5.000,582,507987.721,3881320.917,-1.058202,0.200000,0.200000,2.7778,TRACKING
6.524810,129.087649166667,35.074569000000,507990.870,3881316.046,0.008,-3.080197,corrected_imu,576,0.401,5.000,582,507987.721,3881320.917,-1.058202,0.200000,0.200000,2.7778,TRACKING
6.574825,129.087649166667,35.074569000000,507990.870,3881316.046,0.008,-3.080197,corrected_imu,576,0.401,5.000,582,507987.721,3881320.917,-1.058202,0.200000,0.200000,2.7778,TRACKING
6.624800,129.087649166667,35.074569000000,507990.870,3881316.046,0.008,-3.080197,corrected_imu,576,0.401,5.000,582,507987.721,3881320.917,-1.058202,0.200000,0.200000,2.7778,TRACKING
6.674808,129.087649166667,35.074569000000,507990.870,3881316.046,0.008,-3.080197,corrected_imu,576,0.401,5.000,582,507987.721,3881320.917,-1.058202,0.200000,0.200000,2.7778,TRACKING
6.724785,129.087649166667,35.074569000000,507990.870,3881316.046,0.008,-3.080197,corrected_imu,576,0.401,5.000,582,507987.721,3881320.917,-1.058202,0.200000,0.200000,2.7778,TRACKING
6.774994,129.087649166667,35.074569000000,507990.870,3881316.046,0.008,-3.080197,corrected_imu,576,0.401,5.000,582,507987.721,3881320.917,-1.058202,0.200000,0.200000,2.7778,TRACKING
6.824828,129.087649166667,35.074569000000,507990.870,3881316.046,0.008,-3.080197,corrected_imu,576,0.401,5.000,582,507987.721,3881320.917,-1.058202,0.200000,0.200000,2.7778,TRACKING
6.874817,129.087649166667,35.074569000000,507990.870,3881316.046,0.008,-3.080849,corrected_imu,576,0.401,5.000,582,507987.721,3881320.917,-1.057550,0.200000,0.200000,2.7778,TRACKING
6.924981,129.087649166667,35.074569000000,507990.870,3881316.046,0.008,-3.080849,corrected_imu,576,0.401,5.000,582,507987.721,3881320.917,-1.057550,0.200000,0.200000,2.7778,TRACKING
6.974786,129.087649166667,35.074569000000,507990.870,3881316.046,0.001,-3.080849,corrected_imu,576,0.401,5.000,582,507987.721,3881320.917,-1.057550,0.200000,0.200000,2.7778,TRACKING
7.024893,129.087649166667,35.074569000000,507990.870,3881316.046,0.001,-3.080849,corrected_imu,576,0.401,5.000,582,507987.721,3881320.917,-1.057550,0.200000,0.200000,2.7778,TRACKING
7.074844,129.087649166667,35.074569000000,507990.870,3881316.046,0.001,-3.080849,corrected_imu,576,0.401,5.000,582,507987.721,3881320.917,-1.057550,0.200000,0.200000,2.7778,TRACKING
7.124788,129.087649166667,35.074569000000,507990.870,3881316.046,0.001,-3.080849,corrected_imu,576,0.401,5.000,582,507987.721,3881320.917,-1.057550,0.200000,0.200000,2.7778,TRACKING
7.174771,129.087649166667,35.074569000000,507990.870,3881316.046,0.001,-3.080849,corrected_imu,576,0.401,5.000,582,507987.721,3881320.917,-1.057550,0.200000,0.200000,2.7778,TRACKING
7.224782,129.087649166667,35.074568833333,507990.870,3881316.028,0.004,-3.080849,corrected_imu,576,0.385,5.000,582,507987.721,3881320.917,-1.059274,0.200000,0.200000,2.7778,TRACKING
7.274779,129.087649166667,35.074568833333,507990.870,3881316.028,0.004,-3.080849,corrected_imu,576,0.385,5.000,582,507987.721,3881320.917,-1.059274,0.200000,0.200000,2.7778,TRACKING
7.324935,129.087649166667,35.074568833333,507990.870,3881316.028,0.004,-3.080849,corrected_imu,576,0.385,5.000,582,507987.721,3881320.917,-1.059274,0.200000,0.200000,2.7778,TRACKING
7.374775,129.087649166667,35.074568833333,507990.870,3881316.028,0.004,-3.080849,corrected_imu,576,0.385,5.000,582,507987.721,3881320.917,-1.059274,0.200000,0.200000,2.7778,TRACKING
7.424797,129.087649166667,35.074568833333,507990.870,3881316.028,0.004,-3.080849,corrected_imu,576,0.385,5.000,582,507987.721,3881320.917,-1.059274,0.200000,0.200000,2.7778,TRACKING
7.474783,129.087649166667,35.074568833333,507990.870,3881316.028,0.009,-3.080849,corrected_imu,576,0.385,5.000,582,507987.721,3881320.917,-1.059274,0.200000,0.200000,2.7778,TRACKING
7.524783,129.087649166667,35.074568833333,507990.870,3881316.028,0.009,-3.080849,corrected_imu,576,0.385,5.000,582,507987.721,3881320.917,-1.059274,0.200000,0.200000,2.7778,TRACKING
7.574778,129.087649166667,35.074568833333,507990.870,3881316.028,0.009,-3.080849,corrected_imu,576,0.385,5.000,582,507987.721,3881320.917,-1.059274,0.200000,0.200000,2.7778,TRACKING
7.624818,129.087649166667,35.074568833333,507990.870,3881316.028,0.009,-3.080849,corrected_imu,576,0.385,5.000,582,507987.721,3881320.917,-1.059274,0.200000,0.200000,2.7778,TRACKING
7.675099,129.087649166667,35.074568833333,507990.870,3881316.028,0.009,-3.080849,corrected_imu,576,0.385,5.000,582,507987.721,3881320.917,-1.059274,0.200000,0.200000,2.7778,TRACKING
7.724810,129.087649166667,35.074568833333,507990.870,3881316.028,0.009,-3.080849,corrected_imu,576,0.385,5.000,582,507987.721,3881320.917,-1.059274,0.200000,0.200000,2.7778,TRACKING
7.774785,129.087649166667,35.074568833333,507990.870,3881316.028,0.009,-3.080849,corrected_imu,576,0.385,5.000,582,507987.721,3881320.917,-1.059274,0.200000,0.200000,2.7778,TRACKING
7.824780,129.087649166667,35.074568833333,507990.870,3881316.028,0.009,-3.080849,corrected_imu,576,0.385,5.000,582,507987.721,3881320.917,-1.059274,0.200000,0.200000,2.7778,TRACKING
7.874795,129.087649166667,35.074568833333,507990.870,3881316.028,0.009,-3.077217,corrected_imu,576,0.385,5.000,582,507987.721,3881320.917,-1.062905,0.200000,0.200000,2.7778,TRACKING
7.925056,129.087649166667,35.074568833333,507990.870,3881316.028,0.009,-3.077217,corrected_imu,576,0.385,5.000,582,507987.721,3881320.917,-1.062905,0.200000,0.200000,2.7778,TRACKING
7.974814,129.087649166667,35.074568833333,507990.870,3881316.028,0.005,-3.077217,corrected_imu,576,0.385,5.000,582,507987.721,3881320.917,-1.062905,0.200000,0.200000,2.7778,TRACKING
8.024788,129.087649166667,35.074568833333,507990.870,3881316.028,0.005,-3.077217,corrected_imu,576,0.385,5.000,582,507987.721,3881320.917,-1.062905,0.200000,0.200000,2.7778,TRACKING
8.074788,129.087649166667,35.074568833333,507990.870,3881316.028,0.005,-3.077217,corrected_imu,576,0.385,5.000,582,507987.721,3881320.917,-1.062905,0.200000,0.200000,2.7778,TRACKING
8.124764,129.087649166667,35.074568833333,507990.870,3881316.028,0.005,-3.077217,corrected_imu,576,0.385,5.000,582,507987.721,3881320.917,-1.062905,0.200000,0.200000,2.7778,TRACKING
8.174814,129.087649166667,35.074568833333,507990.870,3881316.028,0.005,-3.077217,corrected_imu,576,0.385,5.000,582,507987.721,3881320.917,-1.062905,0.200000,0.200000,2.7778,TRACKING
8.224777,129.087649166667,35.074568833333,507990.870,3881316.028,0.003,-3.077217,corrected_imu,576,0.385,5.000,582,507987.721,3881320.917,-1.062905,0.200000,0.200000,2.7778,TRACKING
8.274829,129.087649166667,35.074568833333,507990.870,3881316.028,0.003,-3.077217,corrected_imu,576,0.385,5.000,582,507987.721,3881320.917,-1.062905,0.200000,0.200000,2.7778,TRACKING
8.324795,129.087649166667,35.074568833333,507990.870,3881316.028,0.003,-3.077217,corrected_imu,576,0.385,5.000,582,507987.721,3881320.917,-1.062905,0.200000,0.200000,2.7778,TRACKING
8.374799,129.087649166667,35.074568833333,507990.870,3881316.028,0.003,-3.077217,corrected_imu,576,0.385,5.000,582,507987.721,3881320.917,-1.062905,0.200000,0.200000,2.7778,TRACKING
8.424823,129.087649166667,35.074568833333,507990.870,3881316.028,0.003,-3.077217,corrected_imu,576,0.385,5.000,582,507987.721,3881320.917,-1.062905,0.200000,0.200000,2.7778,TRACKING
8.474802,129.087649166667,35.074568833333,507990.870,3881316.028,0.003,-3.077217,corrected_imu,576,0.385,5.000,582,507987.721,3881320.917,-1.062905,0.200000,0.200000,2.7778,TRACKING
8.524820,129.087649166667,35.074568833333,507990.870,3881316.028,0.003,-3.077217,corrected_imu,576,0.385,5.000,582,507987.721,3881320.917,-1.062905,0.200000,0.200000,2.7778,TRACKING
8.574824,129.087649166667,35.074568833333,507990.870,3881316.028,0.003,-3.077217,corrected_imu,576,0.385,5.000,582,507987.721,3881320.917,-1.062905,0.200000,0.200000,2.7778,TRACKING
8.624936,129.087649166667,35.074568833333,507990.870,3881316.028,0.003,-3.077217,corrected_imu,576,0.385,5.000,582,507987.721,3881320.917,-1.062905,0.200000,0.200000,2.7778,TRACKING
8.674785,129.087649166667,35.074568833333,507990.870,3881316.028,0.003,-3.077217,corrected_imu,576,0.385,5.000,582,507987.721,3881320.917,-1.062905,0.200000,0.200000,2.7778,TRACKING
8.724943,129.087649166667,35.074568833333,507990.870,3881316.028,0.002,-3.077217,corrected_imu,576,0.385,5.000,582,507987.721,3881320.917,-1.062905,0.200000,0.200000,2.7778,TRACKING
8.774838,129.087649166667,35.074568833333,507990.870,3881316.028,0.002,-3.077217,corrected_imu,576,0.385,5.000,582,507987.721,3881320.917,-1.062905,0.200000,0.200000,2.7778,TRACKING
8.824775,129.087649166667,35.074568833333,507990.870,3881316.028,0.002,-3.077217,corrected_imu,576,0.385,5.000,582,507987.721,3881320.917,-1.062905,0.200000,0.200000,2.7778,TRACKING
8.874809,129.087649166667,35.074568833333,507990.870,3881316.028,0.002,-3.075348,corrected_imu,576,0.385,5.000,582,507987.721,3881320.917,-1.064774,0.200000,0.200000,2.7778,TRACKING
8.924814,129.087649166667,35.074568833333,507990.870,3881316.028,0.002,-3.075348,corrected_imu,576,0.385,5.000,582,507987.721,3881320.917,-1.064774,0.200000,0.200000,2.7778,TRACKING
8.974765,129.087649000000,35.074568833333,507990.855,3881316.028,0.003,-3.075348,corrected_imu,576,0.378,5.000,582,507987.721,3881320.917,-1.066975,0.200000,0.200000,2.7778,TRACKING
9.024801,129.087649000000,35.074568833333,507990.855,3881316.028,0.003,-3.075348,corrected_imu,576,0.378,5.000,582,507987.721,3881320.917,-1.066975,0.200000,0.200000,2.7778,TRACKING
9.074797,129.087649000000,35.074568833333,507990.855,3881316.028,0.003,-3.075348,corrected_imu,576,0.378,5.000,582,507987.721,3881320.917,-1.066975,0.200000,0.200000,2.7778,TRACKING
9.124937,129.087649000000,35.074568833333,507990.855,3881316.028,0.003,-3.075348,corrected_imu,576,0.378,5.000,582,507987.721,3881320.917,-1.066975,0.200000,0.200000,2.7778,TRACKING
9.174930,129.087649000000,35.074568833333,507990.855,3881316.028,0.003,-3.075348,corrected_imu,576,0.378,5.000,582,507987.721,3881320.917,-1.066975,0.200000,0.200000,2.7778,TRACKING
9.224812,129.087649000000,35.074568833333,507990.855,3881316.028,0.008,-3.075348,corrected_imu,576,0.378,5.000,582,507987.721,3881320.917,-1.066975,0.200000,0.200000,2.7778,TRACKING
9.274811,129.087649000000,35.074568833333,507990.855,3881316.028,0.008,-3.075348,corrected_imu,576,0.378,5.000,582,507987.721,3881320.917,-1.066975,0.200000,0.200000,2.7778,TRACKING
9.324800,129.087649000000,35.074568833333,507990.855,3881316.028,0.008,-3.075348,corrected_imu,576,0.378,5.000,582,507987.721,3881320.917,-1.066975,0.200000,0.200000,2.7778,TRACKING
9.374955,129.087649000000,35.074568833333,507990.855,3881316.028,0.008,-3.075348,corrected_imu,576,0.378,5.000,582,507987.721,3881320.917,-1.066975,0.200000,0.200000,2.7778,TRACKING
9.424798,129.087649000000,35.074568833333,507990.855,3881316.028,0.008,-3.075348,corrected_imu,576,0.378,5.000,582,507987.721,3881320.917,-1.066975,0.200000,0.200000,2.7778,TRACKING
9.474801,129.087649000000,35.074568833333,507990.855,3881316.028,0.010,-3.075348,corrected_imu,576,0.378,5.000,582,507987.721,3881320.917,-1.066975,0.200000,0.200000,2.7778,TRACKING
9.524940,129.087649000000,35.074568833333,507990.855,3881316.028,0.010,-3.075348,corrected_imu,576,0.378,5.000,582,507987.721,3881320.917,-1.066975,0.200000,0.200000,2.7778,TRACKING
9.574825,129.087649000000,35.074568833333,507990.855,3881316.028,0.010,-3.075348,corrected_imu,576,0.378,5.000,582,507987.721,3881320.917,-1.066975,0.200000,0.200000,2.7778,TRACKING
9.624981,129.087649000000,35.074568833333,507990.855,3881316.028,0.010,-3.075348,corrected_imu,576,0.378,5.000,582,507987.721,3881320.917,-1.066975,0.200000,0.200000,2.7778,TRACKING
9.675037,129.087649000000,35.074568833333,507990.855,3881316.028,0.010,-3.075348,corrected_imu,576,0.378,5.000,582,507987.721,3881320.917,-1.066975,0.200000,0.200000,2.7778,TRACKING
9.724779,129.087649000000,35.074568666667,507990.855,3881316.009,0.009,-3.075348,corrected_imu,576,0.361,5.000,582,507987.721,3881320.917,-1.068686,0.200000,0.200000,2.7778,TRACKING
9.774799,129.087649000000,35.074568666667,507990.855,3881316.009,0.009,-3.075348,corrected_imu,576,0.361,5.000,582,507987.721,3881320.917,-1.068686,0.200000,0.200000,2.7778,TRACKING
9.824974,129.087649000000,35.074568666667,507990.855,3881316.009,0.009,-3.075348,corrected_imu,576,0.361,5.000,582,507987.721,3881320.917,-1.068686,0.200000,0.200000,2.7778,TRACKING
9.874813,129.087649000000,35.074568666667,507990.855,3881316.009,0.009,-3.077341,corrected_imu,576,0.361,5.000,582,507987.721,3881320.917,-1.066693,0.200000,0.200000,2.7778,TRACKING
9.924933,129.087649000000,35.074568666667,507990.855,3881316.009,0.009,-3.077341,corrected_imu,576,0.361,5.000,582,507987.721,3881320.917,-1.066693,0.200000,0.200000,2.7778,TRACKING
9.974952,129.087649000000,35.074568833333,507990.855,3881316.028,0.011,-3.077341,corrected_imu,576,0.378,5.000,582,507987.721,3881320.917,-1.064983,0.200000,0.200000,2.7778,TRACKING
10.024807,129.087649000000,35.074568833333,507990.855,3881316.028,0.011,-3.077341,corrected_imu,576,0.378,5.000,582,507987.721,3881320.917,-1.064983,0.200000,0.200000,2.7778,TRACKING
10.074927,129.087649000000,35.074568833333,507990.855,3881316.028,0.011,-3.077341,corrected_imu,576,0.378,5.000,582,507987.721,3881320.917,-1.064983,0.200000,0.200000,2.7778,TRACKING
10.124914,129.087649000000,35.074568833333,507990.855,3881316.028,0.011,-3.077341,corrected_imu,576,0.378,5.000,582,507987.721,3881320.917,-1.064983,0.200000,0.200000,2.7778,TRACKING
10.174779,129.087649000000,35.074568833333,507990.855,3881316.028,0.011,-3.077341,corrected_imu,576,0.378,5.000,582,507987.721,3881320.917,-1.064983,0.200000,0.200000,2.7778,TRACKING
10.224867,129.087649000000,35.074568833333,507990.855,3881316.028,0.004,-3.077341,corrected_imu,576,0.378,5.000,582,507987.721,3881320.917,-1.064983,0.200000,0.200000,2.7778,TRACKING
10.274910,129.087649000000,35.074568833333,507990.855,3881316.028,0.004,-3.077341,corrected_imu,576,0.378,5.000,582,507987.721,3881320.917,-1.064983,0.200000,0.200000,2.7778,TRACKING
10.324781,129.087649000000,35.074568833333,507990.855,3881316.028,0.004,-3.077341,corrected_imu,576,0.378,5.000,582,507987.721,3881320.917,-1.064983,0.200000,0.200000,2.7778,TRACKING
10.374790,129.087649000000,35.074568833333,507990.855,3881316.028,0.004,-3.077341,corrected_imu,576,0.378,5.000,582,507987.721,3881320.917,-1.064983,0.200000,0.200000,2.7778,TRACKING
10.424758,129.087649000000,35.074568833333,507990.855,3881316.028,0.004,-3.077341,corrected_imu,576,0.378,5.000,582,507987.721,3881320.917,-1.064983,0.200000,0.200000,2.7778,TRACKING
10.474914,129.087649000000,35.074568833333,507990.855,3881316.028,0.004,-3.077341,corrected_imu,576,0.378,5.000,582,507987.721,3881320.917,-1.064983,0.200000,0.200000,2.7778,TRACKING
10.524784,129.087649000000,35.074568833333,507990.855,3881316.028,0.004,-3.077341,corrected_imu,576,0.378,5.000,582,507987.721,3881320.917,-1.064983,0.200000,0.200000,2.7778,TRACKING
10.575058,129.087649000000,35.074568833333,507990.855,3881316.028,0.004,-3.077341,corrected_imu,576,0.378,5.000,582,507987.721,3881320.917,-1.064983,0.200000,0.200000,2.7778,TRACKING
10.624737,129.087649000000,35.074568833333,507990.855,3881316.028,0.004,-3.077341,corrected_imu,576,0.378,5.000,582,507987.721,3881320.917,-1.064983,0.200000,0.200000,2.7778,TRACKING
10.674904,129.087649000000,35.074568833333,507990.855,3881316.028,0.004,-3.077341,corrected_imu,576,0.378,5.000,582,507987.721,3881320.917,-1.064983,0.200000,0.200000,2.7778,TRACKING
10.724747,129.087649000000,35.074568666667,507990.855,3881316.009,0.007,-3.077341,corrected_imu,576,0.361,5.000,582,507987.721,3881320.917,-1.066693,0.200000,0.200000,2.7778,TRACKING
10.774820,129.087649000000,35.074568666667,507990.855,3881316.009,0.007,-3.077341,corrected_imu,576,0.361,5.000,582,507987.721,3881320.917,-1.066693,0.200000,0.200000,2.7778,TRACKING
10.824781,129.087649000000,35.074568666667,507990.855,3881316.009,0.007,-3.077341,corrected_imu,576,0.361,5.000,582,507987.721,3881320.917,-1.066693,0.200000,0.200000,2.7778,TRACKING
10.874813,129.087649000000,35.074568666667,507990.855,3881316.009,0.007,-3.080610,corrected_imu,576,0.361,5.000,582,507987.721,3881320.917,-1.063424,0.200000,0.200000,2.7778,TRACKING
10.924882,129.087649000000,35.074568666667,507990.855,3881316.009,0.007,-3.080610,corrected_imu,576,0.361,5.000,582,507987.721,3881320.917,-1.063424,0.200000,0.200000,2.7778,TRACKING
10.974786,129.087649000000,35.074568666667,507990.855,3881316.009,0.006,-3.080610,corrected_imu,576,0.361,5.000,582,507987.721,3881320.917,-1.063424,0.200000,0.200000,2.7778,TRACKING
11.024770,129.087649000000,35.074568666667,507990.855,3881316.009,0.006,-3.080610,corrected_imu,576,0.361,5.000,582,507987.721,3881320.917,-1.063424,0.200000,0.200000,2.7778,TRACKING
11.074822,129.087649000000,35.074568666667,507990.855,3881316.009,0.006,-3.080610,corrected_imu,576,0.361,5.000,582,507987.721,3881320.917,-1.063424,0.200000,0.200000,2.7778,TRACKING
11.124765,129.087649000000,35.074568666667,507990.855,3881316.009,0.006,-3.080610,corrected_imu,576,0.361,5.000,582,507987.721,3881320.917,-1.063424,0.200000,0.200000,2.7778,TRACKING
11.174900,129.087649000000,35.074568666667,507990.855,3881316.009,0.006,-3.080610,corrected_imu,576,0.361,5.000,582,507987.721,3881320.917,-1.063424,0.200000,0.200000,2.7778,TRACKING
11.224775,129.087649166667,35.074568666667,507990.870,3881316.009,0.009,-3.080610,corrected_imu,576,0.369,5.000,582,507987.721,3881320.917,-1.061227,0.200000,0.200000,2.7778,TRACKING
11.274817,129.087649166667,35.074568666667,507990.870,3881316.009,0.009,-3.080610,corrected_imu,576,0.369,5.000,582,507987.721,3881320.917,-1.061227,0.200000,0.200000,2.7778,TRACKING
11.324771,129.087649166667,35.074568666667,507990.870,3881316.009,0.009,-3.080610,corrected_imu,576,0.369,5.000,582,507987.721,3881320.917,-1.061227,0.200000,0.200000,2.7778,TRACKING
11.374777,129.087649166667,35.074568666667,507990.870,3881316.009,0.009,-3.080610,corrected_imu,576,0.369,5.000,582,507987.721,3881320.917,-1.061227,0.200000,0.200000,2.7778,TRACKING
11.424777,129.087649166667,35.074568666667,507990.870,3881316.009,0.009,-3.080610,corrected_imu,576,0.369,5.000,582,507987.721,3881320.917,-1.061227,0.200000,0.200000,2.7778,TRACKING
11.474770,129.087649166667,35.074568666667,507990.870,3881316.009,0.009,-3.080610,corrected_imu,576,0.369,5.000,582,507987.721,3881320.917,-1.061227,0.200000,0.200000,2.7778,TRACKING
11.524948,129.087649166667,35.074568666667,507990.870,3881316.009,0.009,-3.080610,corrected_imu,576,0.369,5.000,582,507987.721,3881320.917,-1.061227,0.200000,0.200000,2.7778,TRACKING
11.575115,129.087649166667,35.074568666667,507990.870,3881316.009,0.009,-3.080610,corrected_imu,576,0.369,5.000,582,507987.721,3881320.917,-1.061227,0.200000,0.200000,2.7778,TRACKING
11.624989,129.087649166667,35.074568666667,507990.870,3881316.009,0.009,-3.080610,corrected_imu,576,0.369,5.000,582,507987.721,3881320.917,-1.061227,0.200000,0.200000,2.7778,TRACKING
11.674776,129.087649166667,35.074568666667,507990.870,3881316.009,0.009,-3.080610,corrected_imu,576,0.369,5.000,582,507987.721,3881320.917,-1.061227,0.200000,0.200000,2.7778,TRACKING
11.724780,129.087649166667,35.074568666667,507990.870,3881316.009,0.014,-3.080610,corrected_imu,576,0.369,5.000,582,507987.721,3881320.917,-1.061227,0.200000,0.200000,2.7778,TRACKING
11.774867,129.087649166667,35.074568666667,507990.870,3881316.009,0.014,-3.080610,corrected_imu,576,0.369,5.000,582,507987.721,3881320.917,-1.061227,0.200000,0.200000,2.7778,TRACKING
11.824941,129.087649166667,35.074568666667,507990.870,3881316.009,0.014,-3.080610,corrected_imu,576,0.369,5.000,582,507987.721,3881320.917,-1.061227,0.200000,0.200000,2.7778,TRACKING
11.874800,129.087649166667,35.074568666667,507990.870,3881316.009,0.014,-3.082983,corrected_imu,576,0.369,5.000,582,507987.721,3881320.917,-1.058853,0.200000,0.200000,2.7778,TRACKING
11.924815,129.087649166667,35.074568666667,507990.870,3881316.009,0.014,-3.082983,corrected_imu,576,0.369,5.000,582,507987.721,3881320.917,-1.058853,0.200000,0.200000,2.7778,TRACKING
11.974947,129.087649166667,35.074568666667,507990.870,3881316.009,0.012,-3.082983,corrected_imu,576,0.369,5.000,582,507987.721,3881320.917,-1.058853,0.200000,0.200000,2.7778,TRACKING
12.024796,129.087649166667,35.074568666667,507990.870,3881316.009,0.012,-3.082983,corrected_imu,576,0.369,5.000,582,507987.721,3881320.917,-1.058853,0.200000,0.200000,2.7778,TRACKING
12.074945,129.087649166667,35.074568666667,507990.870,3881316.009,0.012,-3.082983,corrected_imu,576,0.369,5.000,582,507987.721,3881320.917,-1.058853,0.200000,0.200000,2.7778,TRACKING
12.124837,129.087649166667,35.074568666667,507990.870,3881316.009,0.012,-3.082983,corrected_imu,576,0.369,5.000,582,507987.721,3881320.917,-1.058853,0.200000,0.200000,2.7778,TRACKING
12.174786,129.087649166667,35.074568666667,507990.870,3881316.009,0.012,-3.082983,corrected_imu,576,0.369,5.000,582,507987.721,3881320.917,-1.058853,0.200000,0.200000,2.7778,TRACKING
12.224797,129.087649166667,35.074568666667,507990.870,3881316.009,0.012,-3.082983,corrected_imu,576,0.369,5.000,582,507987.721,3881320.917,-1.058853,0.200000,0.200000,2.7778,TRACKING
12.275050,129.087649166667,35.074568666667,507990.870,3881316.009,0.012,-3.082983,corrected_imu,576,0.369,5.000,582,507987.721,3881320.917,-1.058853,0.200000,0.200000,2.7778,TRACKING
12.324794,129.087649166667,35.074568666667,507990.870,3881316.009,0.012,-3.082983,corrected_imu,576,0.369,5.000,582,507987.721,3881320.917,-1.058853,0.200000,0.200000,2.7778,TRACKING
12.374788,129.087649166667,35.074568666667,507990.870,3881316.009,0.012,-3.082983,corrected_imu,576,0.369,5.000,582,507987.721,3881320.917,-1.058853,0.200000,0.200000,2.7778,TRACKING
12.424794,129.087649166667,35.074568666667,507990.870,3881316.009,0.012,-3.082983,corrected_imu,576,0.369,5.000,582,507987.721,3881320.917,-1.058853,0.200000,0.200000,2.7778,TRACKING
12.475185,129.087649166667,35.074568666667,507990.870,3881316.009,0.005,-3.082983,corrected_imu,576,0.369,5.000,582,507987.721,3881320.917,-1.058853,0.200000,0.200000,2.7778,TRACKING
12.524799,129.087649166667,35.074568666667,507990.870,3881316.009,0.005,-3.082983,corrected_imu,576,0.369,5.000,582,507987.721,3881320.917,-1.058853,0.200000,0.200000,2.7778,TRACKING
12.575049,129.087649166667,35.074568666667,507990.870,3881316.009,0.005,-3.082983,corrected_imu,576,0.369,5.000,582,507987.721,3881320.917,-1.058853,0.200000,0.200000,2.7778,TRACKING
12.624834,129.087649166667,35.074568666667,507990.870,3881316.009,0.005,-3.082983,corrected_imu,576,0.369,5.000,582,507987.721,3881320.917,-1.058853,0.200000,0.200000,2.7778,TRACKING
12.674815,129.087649166667,35.074568666667,507990.870,3881316.009,0.005,-3.082983,corrected_imu,576,0.369,5.000,582,507987.721,3881320.917,-1.058853,0.200000,0.200000,2.7778,TRACKING
12.724901,129.087649000000,35.074568500000,507990.855,3881315.991,0.005,-3.082983,corrected_imu,576,0.345,5.000,582,507987.721,3881320.917,-1.062752,0.200000,0.200000,2.7778,TRACKING
12.774929,129.087649000000,35.074568500000,507990.855,3881315.991,0.005,-3.082983,corrected_imu,576,0.345,5.000,582,507987.721,3881320.917,-1.062752,0.200000,0.200000,2.7778,TRACKING
12.824785,129.087649000000,35.074568500000,507990.855,3881315.991,0.005,-3.082983,corrected_imu,576,0.345,5.000,582,507987.721,3881320.917,-1.062752,0.200000,0.200000,2.7778,TRACKING
12.874829,129.087649000000,35.074568500000,507990.855,3881315.991,0.005,-3.084219,corrected_imu,576,0.345,5.000,582,507987.721,3881320.917,-1.061517,0.200000,0.200000,2.7778,TRACKING
12.924911,129.087649000000,35.074568500000,507990.855,3881315.991,0.005,-3.084219,corrected_imu,576,0.345,5.000,582,507987.721,3881320.917,-1.061517,0.200000,0.200000,2.7778,TRACKING
12.974978,129.087649000000,35.074568500000,507990.855,3881315.991,0.005,-3.084219,corrected_imu,576,0.345,5.000,582,507987.721,3881320.917,-1.061517,0.200000,0.200000,2.7778,TRACKING
13.024861,129.087649000000,35.074568500000,507990.855,3881315.991,0.005,-3.084219,corrected_imu,576,0.345,5.000,582,507987.721,3881320.917,-1.061517,0.200000,0.200000,2.7778,TRACKING
13.075202,129.087649000000,35.074568500000,507990.855,3881315.991,0.005,-3.084219,corrected_imu,576,0.345,5.000,582,507987.721,3881320.917,-1.061517,0.200000,0.200000,2.7778,TRACKING
13.124945,129.087649000000,35.074568500000,507990.855,3881315.991,0.005,-3.084219,corrected_imu,576,0.345,5.000,582,507987.721,3881320.917,-1.061517,0.200000,0.200000,2.7778,TRACKING
13.174991,129.087649000000,35.074568500000,507990.855,3881315.991,0.005,-3.084219,corrected_imu,576,0.345,5.000,582,507987.721,3881320.917,-1.061517,0.200000,0.200000,2.7778,TRACKING
13.224797,129.087649000000,35.074568500000,507990.855,3881315.991,0.010,-3.084219,corrected_imu,576,0.345,5.000,582,507987.721,3881320.917,-1.061517,0.200000,0.200000,2.7778,TRACKING
13.275246,129.087649000000,35.074568500000,507990.855,3881315.991,0.010,-3.084219,corrected_imu,576,0.345,5.000,582,507987.721,3881320.917,-1.061517,0.200000,0.200000,2.7778,TRACKING
13.324834,129.087649000000,35.074568500000,507990.855,3881315.991,0.010,-3.084219,corrected_imu,576,0.345,5.000,582,507987.721,3881320.917,-1.061517,0.200000,0.200000,2.7778,TRACKING
13.374791,129.087649000000,35.074568500000,507990.855,3881315.991,0.010,-3.084219,corrected_imu,576,0.345,5.000,582,507987.721,3881320.917,-1.061517,0.200000,0.200000,2.7778,TRACKING
13.424742,129.087649000000,35.074568500000,507990.855,3881315.991,0.010,-3.084219,corrected_imu,576,0.345,5.000,582,507987.721,3881320.917,-1.061517,0.200000,0.200000,2.7778,TRACKING
13.474785,129.087649000000,35.074568500000,507990.855,3881315.991,0.010,-3.084219,corrected_imu,576,0.345,5.000,582,507987.721,3881320.917,-1.061517,0.200000,0.200000,2.7778,TRACKING
13.524767,129.087649000000,35.074568500000,507990.855,3881315.991,0.010,-3.084219,corrected_imu,576,0.345,5.000,582,507987.721,3881320.917,-1.061517,0.200000,0.200000,2.7778,TRACKING
13.574991,129.087649000000,35.074568500000,507990.855,3881315.991,0.010,-3.084219,corrected_imu,576,0.345,5.000,582,507987.721,3881320.917,-1.061517,0.200000,0.200000,2.7778,TRACKING
13.624939,129.087649000000,35.074568500000,507990.855,3881315.991,0.010,-3.084219,corrected_imu,576,0.345,5.000,582,507987.721,3881320.917,-1.061517,0.200000,0.200000,2.7778,TRACKING
13.674786,129.087649000000,35.074568500000,507990.855,3881315.991,0.010,-3.084219,corrected_imu,576,0.345,5.000,582,507987.721,3881320.917,-1.061517,0.200000,0.200000,2.7778,TRACKING
13.724792,129.087649000000,35.074568500000,507990.855,3881315.991,0.010,-3.084219,corrected_imu,576,0.345,5.000,582,507987.721,3881320.917,-1.061517,0.200000,0.200000,2.7778,TRACKING
13.774797,129.087649000000,35.074568500000,507990.855,3881315.991,0.010,-3.084219,corrected_imu,576,0.345,5.000,582,507987.721,3881320.917,-1.061517,0.200000,0.200000,2.7778,TRACKING
13.824787,129.087649000000,35.074568500000,507990.855,3881315.991,0.010,-3.084219,corrected_imu,576,0.345,5.000,582,507987.721,3881320.917,-1.061517,0.200000,0.200000,2.7778,TRACKING
13.875021,129.087649000000,35.074568500000,507990.855,3881315.991,0.010,-3.081127,corrected_imu,576,0.345,5.000,582,507987.721,3881320.917,-1.064609,0.200000,0.200000,2.7778,TRACKING
13.924809,129.087649000000,35.074568500000,507990.855,3881315.991,0.010,-3.081127,corrected_imu,576,0.345,5.000,582,507987.721,3881320.917,-1.064609,0.200000,0.200000,2.7778,TRACKING
13.975021,129.087649166667,35.074568500000,507990.870,3881315.991,0.005,-3.081127,corrected_imu,576,0.354,5.000,582,507987.721,3881320.917,-1.062415,0.200000,0.200000,2.7778,TRACKING
14.024773,129.087649166667,35.074568500000,507990.870,3881315.991,0.005,-3.081127,corrected_imu,576,0.354,5.000,582,507987.721,3881320.917,-1.062415,0.200000,0.200000,2.7778,TRACKING
14.074790,129.087649166667,35.074568500000,507990.870,3881315.991,0.005,-3.081127,corrected_imu,576,0.354,5.000,582,507987.721,3881320.917,-1.062415,0.200000,0.200000,2.7778,TRACKING
14.124867,129.087649166667,35.074568500000,507990.870,3881315.991,0.005,-3.081127,corrected_imu,576,0.354,5.000,582,507987.721,3881320.917,-1.062415,0.200000,0.200000,2.7778,TRACKING
14.174795,129.087649166667,35.074568500000,507990.870,3881315.991,0.005,-3.081127,corrected_imu,576,0.354,5.000,582,507987.721,3881320.917,-1.062415,0.200000,0.200000,2.7778,TRACKING
14.224807,129.087649000000,35.074568500000,507990.855,3881315.991,0.005,-3.081127,corrected_imu,576,0.345,5.000,582,507987.721,3881320.917,-1.064609,0.200000,0.200000,2.7778,TRACKING
14.274750,129.087649000000,35.074568500000,507990.855,3881315.991,0.005,-3.081127,corrected_imu,576,0.345,5.000,582,507987.721,3881320.917,-1.064609,0.200000,0.200000,2.7778,TRACKING
14.324755,129.087649000000,35.074568500000,507990.855,3881315.991,0.005,-3.081127,corrected_imu,576,0.345,5.000,582,507987.721,3881320.917,-1.064609,0.200000,0.200000,2.7778,TRACKING
14.374786,129.087649000000,35.074568500000,507990.855,3881315.991,0.005,-3.081127,corrected_imu,576,0.345,5.000,582,507987.721,3881320.917,-1.064609,0.200000,0.200000,2.7778,TRACKING
14.424812,129.087649000000,35.074568500000,507990.855,3881315.991,0.005,-3.081127,corrected_imu,576,0.345,5.000,582,507987.721,3881320.917,-1.064609,0.200000,0.200000,2.7778,TRACKING
14.474813,129.087649000000,35.074568500000,507990.855,3881315.991,0.003,-3.081127,corrected_imu,576,0.345,5.000,582,507987.721,3881320.917,-1.064609,0.200000,0.200000,2.7778,TRACKING
14.524785,129.087649000000,35.074568500000,507990.855,3881315.991,0.003,-3.081127,corrected_imu,576,0.345,5.000,582,507987.721,3881320.917,-1.064609,0.200000,0.200000,2.7778,TRACKING
14.574935,129.087649000000,35.074568500000,507990.855,3881315.991,0.003,-3.081127,corrected_imu,576,0.345,5.000,582,507987.721,3881320.917,-1.064609,0.200000,0.200000,2.7778,TRACKING
14.624778,129.087649000000,35.074568500000,507990.855,3881315.991,0.003,-3.081127,corrected_imu,576,0.345,5.000,582,507987.721,3881320.917,-1.064609,0.200000,0.200000,2.7778,TRACKING
14.674797,129.087649000000,35.074568500000,507990.855,3881315.991,0.003,-3.081127,corrected_imu,576,0.345,5.000,582,507987.721,3881320.917,-1.064609,0.200000,0.200000,2.7778,TRACKING
14.724988,129.087649000000,35.074568500000,507990.855,3881315.991,0.003,-3.081127,corrected_imu,576,0.345,5.000,582,507987.721,3881320.917,-1.064609,0.200000,0.200000,2.7778,TRACKING
14.774981,129.087649000000,35.074568500000,507990.855,3881315.991,0.003,-3.081127,corrected_imu,576,0.345,5.000,582,507987.721,3881320.917,-1.064609,0.200000,0.200000,2.7778,TRACKING
14.824776,129.087649000000,35.074568500000,507990.855,3881315.991,0.003,-3.081127,corrected_imu,576,0.345,5.000,582,507987.721,3881320.917,-1.064609,0.200000,0.200000,2.7778,TRACKING
14.874924,129.087649000000,35.074568500000,507990.855,3881315.991,0.003,-3.080320,corrected_imu,576,0.345,5.000,582,507987.721,3881320.917,-1.065416,0.200000,0.200000,2.7778,TRACKING
14.925068,129.087649000000,35.074568500000,507990.855,3881315.991,0.003,-3.080320,corrected_imu,576,0.345,5.000,582,507987.721,3881320.917,-1.065416,0.200000,0.200000,2.7778,TRACKING
14.974983,129.087649000000,35.074568666667,507990.855,3881316.009,0.005,-3.080320,corrected_imu,576,0.361,5.000,582,507987.721,3881320.917,-1.063714,0.200000,0.200000,2.7778,TRACKING
15.024739,129.087649000000,35.074568666667,507990.855,3881316.009,0.005,-3.080320,corrected_imu,576,0.361,5.000,582,507987.721,3881320.917,-1.063714,0.200000,0.200000,2.7778,TRACKING
15.074820,129.087649000000,35.074568666667,507990.855,3881316.009,0.005,-3.080320,corrected_imu,576,0.361,5.000,582,507987.721,3881320.917,-1.063714,0.200000,0.200000,2.7778,TRACKING
15.124771,129.087649000000,35.074568666667,507990.855,3881316.009,0.005,-3.080320,corrected_imu,576,0.361,5.000,582,507987.721,3881320.917,-1.063714,0.200000,0.200000,2.7778,TRACKING
15.174774,129.087649000000,35.074568666667,507990.855,3881316.009,0.005,-3.080320,corrected_imu,576,0.361,5.000,582,507987.721,3881320.917,-1.063714,0.200000,0.200000,2.7778,TRACKING
15.224820,129.087649166667,35.074568666667,507990.870,3881316.009,0.002,-3.080320,corrected_imu,576,0.369,5.000,582,507987.721,3881320.917,-1.061517,0.200000,0.200000,2.7778,TRACKING
15.274797,129.087649166667,35.074568666667,507990.870,3881316.009,0.002,-3.080320,corrected_imu,576,0.369,5.000,582,507987.721,3881320.917,-1.061517,0.200000,0.200000,2.7778,TRACKING
15.324773,129.087649166667,35.074568666667,507990.870,3881316.009,0.002,-3.080320,corrected_imu,576,0.369,5.000,582,507987.721,3881320.917,-1.061517,0.200000,0.200000,2.7778,TRACKING
15.374962,129.087649166667,35.074568666667,507990.870,3881316.009,0.002,-3.080320,corrected_imu,576,0.369,5.000,582,507987.721,3881320.917,-1.061517,0.200000,0.200000,2.7778,TRACKING
15.424828,129.087649166667,35.074568666667,507990.870,3881316.009,0.002,-3.080320,corrected_imu,576,0.369,5.000,582,507987.721,3881320.917,-1.061517,0.200000,0.200000,2.7778,TRACKING
15.474974,129.087649166667,35.074568666667,507990.870,3881316.009,0.003,-3.080320,corrected_imu,576,0.369,5.000,582,507987.721,3881320.917,-1.061517,0.200000,0.200000,2.7778,TRACKING
15.525008,129.087649166667,35.074568666667,507990.870,3881316.009,0.003,-3.080320,corrected_imu,576,0.369,5.000,582,507987.721,3881320.917,-1.061517,0.200000,0.200000,2.7778,TRACKING
15.574892,129.087649166667,35.074568666667,507990.870,3881316.009,0.003,-3.080320,corrected_imu,576,0.369,5.000,582,507987.721,3881320.917,-1.061517,0.200000,0.200000,2.7778,TRACKING
15.624842,129.087649166667,35.074568666667,507990.870,3881316.009,0.003,-3.080320,corrected_imu,576,0.369,5.000,582,507987.721,3881320.917,-1.061517,0.200000,0.200000,2.7778,TRACKING
15.675339,129.087649166667,35.074568666667,507990.870,3881316.009,0.003,-3.080320,corrected_imu,576,0.369,5.000,582,507987.721,3881320.917,-1.061517,0.200000,0.200000,2.7778,TRACKING
15.724816,129.087649166667,35.074568666667,507990.870,3881316.009,0.004,-3.080320,corrected_imu,576,0.369,5.000,582,507987.721,3881320.917,-1.061517,0.200000,0.200000,2.7778,TRACKING
15.774977,129.087649166667,35.074568666667,507990.870,3881316.009,0.004,-3.080320,corrected_imu,576,0.369,5.000,582,507987.721,3881320.917,-1.061517,0.200000,0.200000,2.7778,TRACKING
15.824789,129.087649166667,35.074568666667,507990.870,3881316.009,0.004,-3.080320,corrected_imu,576,0.369,5.000,582,507987.721,3881320.917,-1.061517,0.200000,0.200000,2.7778,TRACKING
15.874937,129.087649166667,35.074568666667,507990.870,3881316.009,0.004,-3.079548,corrected_imu,576,0.369,5.000,582,507987.721,3881320.917,-1.062289,0.200000,0.200000,2.7778,TRACKING
15.924805,129.087649166667,35.074568666667,507990.870,3881316.009,0.004,-3.079548,corrected_imu,576,0.369,5.000,582,507987.721,3881320.917,-1.062289,0.200000,0.200000,2.7778,TRACKING
15.974800,129.087649000000,35.074568666667,507990.855,3881316.009,0.002,-3.079548,corrected_imu,576,0.361,5.000,582,507987.721,3881320.917,-1.064486,0.200000,0.200000,2.7778,TRACKING
16.024782,129.087649000000,35.074568666667,507990.855,3881316.009,0.002,-3.079548,corrected_imu,576,0.361,5.000,582,507987.721,3881320.917,-1.064486,0.200000,0.200000,2.7778,TRACKING
16.074817,129.087649000000,35.074568666667,507990.855,3881316.009,0.002,-3.079548,corrected_imu,576,0.361,5.000,582,507987.721,3881320.917,-1.064486,0.200000,0.200000,2.7778,TRACKING
16.124791,129.087649000000,35.074568666667,507990.855,3881316.009,0.002,-3.079548,corrected_imu,576,0.361,5.000,582,507987.721,3881320.917,-1.064486,0.200000,0.200000,2.7778,TRACKING
16.174801,129.087649000000,35.074568666667,507990.855,3881316.009,0.002,-3.079548,corrected_imu,576,0.361,5.000,582,507987.721,3881320.917,-1.064486,0.200000,0.200000,2.7778,TRACKING
16.224767,129.087649000000,35.074568500000,507990.855,3881315.991,0.006,-3.079548,corrected_imu,576,0.345,5.000,582,507987.721,3881320.917,-1.066188,0.200000,0.200000,2.7778,TRACKING
16.274803,129.087649000000,35.074568500000,507990.855,3881315.991,0.006,-3.079548,corrected_imu,576,0.345,5.000,582,507987.721,3881320.917,-1.066188,0.200000,0.200000,2.7778,TRACKING
16.324797,129.087649000000,35.074568500000,507990.855,3881315.991,0.006,-3.079548,corrected_imu,576,0.345,5.000,582,507987.721,3881320.917,-1.066188,0.200000,0.200000,2.7778,TRACKING
16.374914,129.087649000000,35.074568500000,507990.855,3881315.991,0.006,-3.079548,corrected_imu,576,0.345,5.000,582,507987.721,3881320.917,-1.066188,0.200000,0.200000,2.7778,TRACKING
16.424951,129.087649000000,35.074568500000,507990.855,3881315.991,0.006,-3.079548,corrected_imu,576,0.345,5.000,582,507987.721,3881320.917,-1.066188,0.200000,0.200000,2.7778,TRACKING
16.474838,129.087649000000,35.074568500000,507990.855,3881315.991,0.006,-3.079548,corrected_imu,576,0.345,5.000,582,507987.721,3881320.917,-1.066188,0.200000,0.200000,2.7778,TRACKING
16.524939,129.087649000000,35.074568500000,507990.855,3881315.991,0.006,-3.079548,corrected_imu,576,0.345,5.000,582,507987.721,3881320.917,-1.066188,0.200000,0.200000,2.7778,TRACKING
16.574919,129.087649000000,35.074568500000,507990.855,3881315.991,0.006,-3.079548,corrected_imu,576,0.345,5.000,582,507987.721,3881320.917,-1.066188,0.200000,0.200000,2.7778,TRACKING
16.624804,129.087649000000,35.074568500000,507990.855,3881315.991,0.006,-3.079548,corrected_imu,576,0.345,5.000,582,507987.721,3881320.917,-1.066188,0.200000,0.200000,2.7778,TRACKING
16.675031,129.087649000000,35.074568500000,507990.855,3881315.991,0.006,-3.079548,corrected_imu,576,0.345,5.000,582,507987.721,3881320.917,-1.066188,0.200000,0.200000,2.7778,TRACKING
16.724802,129.087649000000,35.074568500000,507990.855,3881315.991,0.007,-3.079548,corrected_imu,576,0.345,5.000,582,507987.721,3881320.917,-1.066188,0.200000,0.200000,2.7778,TRACKING
16.774779,129.087649000000,35.074568500000,507990.855,3881315.991,0.007,-3.079548,corrected_imu,576,0.345,5.000,582,507987.721,3881320.917,-1.066188,0.200000,0.200000,2.7778,TRACKING
16.825240,129.087649000000,35.074568500000,507990.855,3881315.991,0.007,-3.079548,corrected_imu,576,0.345,5.000,582,507987.721,3881320.917,-1.066188,0.200000,0.200000,2.7778,TRACKING
16.874799,129.087649000000,35.074568500000,507990.855,3881315.991,0.007,-3.079683,corrected_imu,576,0.345,5.000,582,507987.721,3881320.917,-1.066053,0.200000,0.200000,2.7778,TRACKING
16.924767,129.087649000000,35.074568500000,507990.855,3881315.991,0.007,-3.079683,corrected_imu,576,0.345,5.000,582,507987.721,3881320.917,-1.066053,0.200000,0.200000,2.7778,TRACKING
16.974768,129.087649000000,35.074568500000,507990.855,3881315.991,0.008,-3.079683,corrected_imu,576,0.345,5.000,582,507987.721,3881320.917,-1.066053,0.200000,0.200000,2.7778,TRACKING
17.024739,129.087649000000,35.074568500000,507990.855,3881315.991,0.008,-3.079683,corrected_imu,576,0.345,5.000,582,507987.721,3881320.917,-1.066053,0.200000,0.200000,2.7778,TRACKING
17.074866,129.087649000000,35.074568500000,507990.855,3881315.991,0.008,-3.079683,corrected_imu,576,0.345,5.000,582,507987.721,3881320.917,-1.066053,0.200000,0.200000,2.7778,TRACKING
17.125225,129.087649000000,35.074568500000,507990.855,3881315.991,0.008,-3.079683,corrected_imu,576,0.345,5.000,582,507987.721,3881320.917,-1.066053,0.200000,0.200000,2.7778,TRACKING
17.175277,129.087649000000,35.074568500000,507990.855,3881315.991,0.008,-3.079683,corrected_imu,576,0.345,5.000,582,507987.721,3881320.917,-1.066053,0.200000,0.200000,2.7778,TRACKING
17.224826,129.087649000000,35.074568500000,507990.855,3881315.991,0.006,-3.079683,corrected_imu,576,0.345,5.000,582,507987.721,3881320.917,-1.066053,0.200000,0.200000,2.7778,TRACKING
17.274780,129.087649000000,35.074568500000,507990.855,3881315.991,0.006,-3.079683,corrected_imu,576,0.345,5.000,582,507987.721,3881320.917,-1.066053,0.200000,0.200000,2.7778,TRACKING
17.324754,129.087649000000,35.074568500000,507990.855,3881315.991,0.006,-3.079683,corrected_imu,576,0.345,5.000,582,507987.721,3881320.917,-1.066053,0.200000,0.200000,2.7778,TRACKING
17.374777,129.087649000000,35.074568500000,507990.855,3881315.991,0.006,-3.079683,corrected_imu,576,0.345,5.000,582,507987.721,3881320.917,-1.066053,0.200000,0.200000,2.7778,TRACKING
17.424778,129.087649000000,35.074568500000,507990.855,3881315.991,0.006,-3.079683,corrected_imu,576,0.345,5.000,582,507987.721,3881320.917,-1.066053,0.200000,0.200000,2.7778,TRACKING
17.474987,129.087649000000,35.074568500000,507990.855,3881315.991,0.003,-3.079683,corrected_imu,576,0.345,5.000,582,507987.721,3881320.917,-1.066053,0.200000,0.200000,2.7778,TRACKING
17.524763,129.087649000000,35.074568500000,507990.855,3881315.991,0.003,-3.079683,corrected_imu,576,0.345,5.000,582,507987.721,3881320.917,-1.066053,0.200000,0.200000,2.7778,TRACKING
17.574788,129.087649000000,35.074568500000,507990.855,3881315.991,0.003,-3.079683,corrected_imu,576,0.345,5.000,582,507987.721,3881320.917,-1.066053,0.200000,0.200000,2.7778,TRACKING
17.624766,129.087649000000,35.074568500000,507990.855,3881315.991,0.003,-3.079683,corrected_imu,576,0.345,5.000,582,507987.721,3881320.917,-1.066053,0.200000,0.200000,2.7778,TRACKING
17.674782,129.087649000000,35.074568500000,507990.855,3881315.991,0.003,-3.079683,corrected_imu,576,0.345,5.000,582,507987.721,3881320.917,-1.066053,0.200000,0.200000,2.7778,TRACKING
17.724775,129.087649000000,35.074568500000,507990.855,3881315.991,0.001,-3.079683,corrected_imu,576,0.345,5.000,582,507987.721,3881320.917,-1.066053,0.200000,0.200000,2.7778,TRACKING
17.774789,129.087649000000,35.074568500000,507990.855,3881315.991,0.001,-3.079683,corrected_imu,576,0.345,5.000,582,507987.721,3881320.917,-1.066053,0.200000,0.200000,2.7778,TRACKING
17.824757,129.087649000000,35.074568500000,507990.855,3881315.991,0.001,-3.079683,corrected_imu,576,0.345,5.000,582,507987.721,3881320.917,-1.066053,0.200000,0.200000,2.7778,TRACKING
17.874886,129.087649000000,35.074568500000,507990.855,3881315.991,0.001,-3.079456,corrected_imu,576,0.345,5.000,582,507987.721,3881320.917,-1.066280,0.200000,0.200000,2.7778,TRACKING
17.924803,129.087649000000,35.074568500000,507990.855,3881315.991,0.001,-3.079456,corrected_imu,576,0.345,5.000,582,507987.721,3881320.917,-1.066280,0.200000,0.200000,2.7778,TRACKING
17.974800,129.087649000000,35.074568500000,507990.855,3881315.991,0.007,-3.079456,corrected_imu,576,0.345,5.000,582,507987.721,3881320.917,-1.066280,0.200000,0.200000,2.7778,TRACKING
18.024976,129.087649000000,35.074568500000,507990.855,3881315.991,0.007,-3.079456,corrected_imu,576,0.345,5.000,582,507987.721,3881320.917,-1.066280,0.200000,0.200000,2.7778,TRACKING
18.074765,129.087649000000,35.074568500000,507990.855,3881315.991,0.007,-3.079456,corrected_imu,576,0.345,5.000,582,507987.721,3881320.917,-1.066280,0.200000,0.200000,2.7778,TRACKING
18.125247,129.087649000000,35.074568500000,507990.855,3881315.991,0.007,-3.079456,corrected_imu,576,0.345,5.000,582,507987.721,3881320.917,-1.066280,0.200000,0.200000,2.7778,TRACKING
18.174810,129.087649000000,35.074568500000,507990.855,3881315.991,0.007,-3.079456,corrected_imu,576,0.345,5.000,582,507987.721,3881320.917,-1.066280,0.200000,0.200000,2.7778,TRACKING
18.224895,129.087649000000,35.074568500000,507990.855,3881315.991,0.003,-3.079456,corrected_imu,576,0.345,5.000,582,507987.721,3881320.917,-1.066280,0.200000,0.200000,2.7778,TRACKING
18.274978,129.087649000000,35.074568500000,507990.855,3881315.991,0.003,-3.079456,corrected_imu,576,0.345,5.000,582,507987.721,3881320.917,-1.066280,0.200000,0.200000,2.7778,TRACKING
18.324784,129.087649000000,35.074568500000,507990.855,3881315.991,0.003,-3.079456,corrected_imu,576,0.345,5.000,582,507987.721,3881320.917,-1.066280,0.200000,0.200000,2.7778,TRACKING
18.374801,129.087649000000,35.074568500000,507990.855,3881315.991,0.003,-3.079456,corrected_imu,576,0.345,5.000,582,507987.721,3881320.917,-1.066280,0.200000,0.200000,2.7778,TRACKING
18.424803,129.087649000000,35.074568500000,507990.855,3881315.991,0.003,-3.079456,corrected_imu,576,0.345,5.000,582,507987.721,3881320.917,-1.066280,0.200000,0.200000,2.7778,TRACKING
18.474801,129.087649000000,35.074568500000,507990.855,3881315.991,0.006,-3.079456,corrected_imu,576,0.345,5.000,582,507987.721,3881320.917,-1.066280,0.200000,0.200000,2.7778,TRACKING
18.524960,129.087649000000,35.074568500000,507990.855,3881315.991,0.006,-3.079456,corrected_imu,576,0.345,5.000,582,507987.721,3881320.917,-1.066280,0.200000,0.200000,2.7778,TRACKING
18.574796,129.087649000000,35.074568500000,507990.855,3881315.991,0.006,-3.079456,corrected_imu,576,0.345,5.000,582,507987.721,3881320.917,-1.066280,0.200000,0.200000,2.7778,TRACKING
18.624738,129.087649000000,35.074568500000,507990.855,3881315.991,0.006,-3.079456,corrected_imu,576,0.345,5.000,582,507987.721,3881320.917,-1.066280,0.200000,0.200000,2.7778,TRACKING
18.674796,129.087649000000,35.074568500000,507990.855,3881315.991,0.006,-3.079456,corrected_imu,576,0.345,5.000,582,507987.721,3881320.917,-1.066280,0.200000,0.200000,2.7778,TRACKING
18.724764,129.087649166667,35.074568333333,507990.870,3881315.972,0.010,-3.079456,corrected_imu,576,0.338,5.000,582,507987.721,3881320.917,-1.065782,0.200000,0.200000,2.7778,TRACKING
18.774793,129.087649166667,35.074568333333,507990.870,3881315.972,0.010,-3.079456,corrected_imu,576,0.338,5.000,582,507987.721,3881320.917,-1.065782,0.200000,0.200000,2.7778,TRACKING
18.824788,129.087649166667,35.074568333333,507990.870,3881315.972,0.010,-3.079456,corrected_imu,576,0.338,5.000,582,507987.721,3881320.917,-1.065782,0.200000,0.200000,2.7778,TRACKING
18.875035,129.087649166667,35.074568333333,507990.870,3881315.972,0.010,-3.080301,corrected_imu,576,0.338,5.000,582,507987.721,3881320.917,-1.064937,0.200000,0.200000,2.7778,TRACKING
18.924810,129.087649166667,35.074568333333,507990.870,3881315.972,0.010,-3.080301,corrected_imu,576,0.338,5.000,582,507987.721,3881320.917,-1.064937,0.200000,0.200000,2.7778,TRACKING
18.974801,129.087649166667,35.074568500000,507990.870,3881315.991,0.015,-3.080301,corrected_imu,576,0.354,5.000,582,507987.721,3881320.917,-1.063241,0.200000,0.200000,2.7778,TRACKING
19.024784,129.087649166667,35.074568500000,507990.870,3881315.991,0.015,-3.080301,corrected_imu,576,0.354,5.000,582,507987.721,3881320.917,-1.063241,0.200000,0.200000,2.7778,TRACKING
19.074773,129.087649166667,35.074568500000,507990.870,3881315.991,0.015,-3.080301,corrected_imu,576,0.354,5.000,582,507987.721,3881320.917,-1.063241,0.200000,0.200000,2.7778,TRACKING
19.124769,129.087649166667,35.074568500000,507990.870,3881315.991,0.015,-3.080301,corrected_imu,576,0.354,5.000,582,507987.721,3881320.917,-1.063241,0.200000,0.200000,2.7778,TRACKING
19.174769,129.087649166667,35.074568500000,507990.870,3881315.991,0.015,-3.080301,corrected_imu,576,0.354,5.000,582,507987.721,3881320.917,-1.063241,0.200000,0.200000,2.7778,TRACKING
19.224757,129.087649166667,35.074568666667,507990.870,3881316.009,0.008,-3.080301,corrected_imu,576,0.369,5.000,582,507987.721,3881320.917,-1.061536,0.200000,0.200000,2.7778,TRACKING
19.274792,129.087649166667,35.074568666667,507990.870,3881316.009,0.008,-3.080301,corrected_imu,576,0.369,5.000,582,507987.721,3881320.917,-1.061536,0.200000,0.200000,2.7778,TRACKING
19.324805,129.087649166667,35.074568666667,507990.870,3881316.009,0.008,-3.080301,corrected_imu,576,0.369,5.000,582,507987.721,3881320.917,-1.061536,0.200000,0.200000,2.7778,TRACKING
19.374793,129.087649166667,35.074568666667,507990.870,3881316.009,0.008,-3.080301,corrected_imu,576,0.369,5.000,582,507987.721,3881320.917,-1.061536,0.200000,0.200000,2.7778,TRACKING
19.424796,129.087649166667,35.074568666667,507990.870,3881316.009,0.008,-3.080301,corrected_imu,576,0.369,5.000,582,507987.721,3881320.917,-1.061536,0.200000,0.200000,2.7778,TRACKING
19.474784,129.087649000000,35.074568666667,507990.855,3881316.009,0.009,-3.080301,corrected_imu,576,0.361,5.000,582,507987.721,3881320.917,-1.063733,0.200000,0.200000,2.7778,TRACKING
19.524790,129.087649000000,35.074568666667,507990.855,3881316.009,0.009,-3.080301,corrected_imu,576,0.361,5.000,582,507987.721,3881320.917,-1.063733,0.200000,0.200000,2.7778,TRACKING
19.574794,129.087649000000,35.074568666667,507990.855,3881316.009,0.009,-3.080301,corrected_imu,576,0.361,5.000,582,507987.721,3881320.917,-1.063733,0.200000,0.200000,2.7778,TRACKING
19.624922,129.087649000000,35.074568666667,507990.855,3881316.009,0.009,-3.080301,corrected_imu,576,0.361,5.000,582,507987.721,3881320.917,-1.063733,0.200000,0.200000,2.7778,TRACKING
19.674958,129.087649000000,35.074568666667,507990.855,3881316.009,0.009,-3.080301,corrected_imu,576,0.361,5.000,582,507987.721,3881320.917,-1.063733,0.200000,0.200000,2.7778,TRACKING
19.724948,129.087649000000,35.074568666667,507990.855,3881316.009,0.015,-3.080301,corrected_imu,576,0.361,5.000,582,507987.721,3881320.917,-1.063733,0.200000,0.200000,2.7778,TRACKING
19.774935,129.087649000000,35.074568666667,507990.855,3881316.009,0.015,-3.080301,corrected_imu,576,0.361,5.000,582,507987.721,3881320.917,-1.063733,0.200000,0.200000,2.7778,TRACKING
19.824845,129.087649000000,35.074568666667,507990.855,3881316.009,0.015,-3.080301,corrected_imu,576,0.361,5.000,582,507987.721,3881320.917,-1.063733,0.200000,0.200000,2.7778,TRACKING
19.874974,129.087649000000,35.074568666667,507990.855,3881316.009,0.015,-3.082092,corrected_imu,576,0.361,5.000,582,507987.721,3881320.917,-1.061942,0.200000,0.200000,2.7778,TRACKING
19.924870,129.087649000000,35.074568666667,507990.855,3881316.009,0.015,-3.082092,corrected_imu,576,0.361,5.000,582,507987.721,3881320.917,-1.061942,0.200000,0.200000,2.7778,TRACKING
19.974970,129.087649000000,35.074568666667,507990.855,3881316.009,0.015,-3.082092,corrected_imu,576,0.361,5.000,582,507987.721,3881320.917,-1.061942,0.200000,0.200000,2.7778,TRACKING
20.024918,129.087649000000,35.074568666667,507990.855,3881316.009,0.015,-3.082092,corrected_imu,576,0.361,5.000,582,507987.721,3881320.917,-1.061942,0.200000,0.200000,2.7778,TRACKING
20.075062,129.087649000000,35.074568666667,507990.855,3881316.009,0.015,-3.082092,corrected_imu,576,0.361,5.000,582,507987.721,3881320.917,-1.061942,0.200000,0.200000,2.7778,TRACKING
20.124757,129.087649000000,35.074568666667,507990.855,3881316.009,0.015,-3.082092,corrected_imu,576,0.361,5.000,582,507987.721,3881320.917,-1.061942,0.200000,0.200000,2.7778,TRACKING
20.174754,129.087649000000,35.074568666667,507990.855,3881316.009,0.015,-3.082092,corrected_imu,576,0.361,5.000,582,507987.721,3881320.917,-1.061942,0.200000,0.200000,2.7778,TRACKING
20.224774,129.087649000000,35.074568666667,507990.855,3881316.009,0.012,-3.082092,corrected_imu,576,0.361,5.000,582,507987.721,3881320.917,-1.061942,0.200000,0.200000,2.7778,TRACKING
20.274788,129.087649000000,35.074568666667,507990.855,3881316.009,0.012,-3.082092,corrected_imu,576,0.361,5.000,582,507987.721,3881320.917,-1.061942,0.200000,0.200000,2.7778,TRACKING
20.324798,129.087649000000,35.074568666667,507990.855,3881316.009,0.012,-3.082092,corrected_imu,576,0.361,5.000,582,507987.721,3881320.917,-1.061942,0.200000,0.200000,2.7778,TRACKING
20.375033,129.087649000000,35.074568666667,507990.855,3881316.009,0.012,-3.082092,corrected_imu,576,0.361,5.000,582,507987.721,3881320.917,-1.061942,0.200000,0.200000,2.7778,TRACKING
20.424796,129.087649000000,35.074568666667,507990.855,3881316.009,0.012,-3.082092,corrected_imu,576,0.361,5.000,582,507987.721,3881320.917,-1.061942,0.200000,0.200000,2.7778,TRACKING
20.474794,129.087649000000,35.074568666667,507990.855,3881316.009,0.007,-3.082092,corrected_imu,576,0.361,5.000,582,507987.721,3881320.917,-1.061942,0.200000,0.200000,2.7778,TRACKING
20.524823,129.087649000000,35.074568666667,507990.855,3881316.009,0.007,-3.082092,corrected_imu,576,0.361,5.000,582,507987.721,3881320.917,-1.061942,0.200000,0.200000,2.7778,TRACKING
20.574784,129.087649000000,35.074568666667,507990.855,3881316.009,0.007,-3.082092,corrected_imu,576,0.361,5.000,582,507987.721,3881320.917,-1.061942,0.200000,0.200000,2.7778,TRACKING
20.624811,129.087649000000,35.074568666667,507990.855,3881316.009,0.007,-3.082092,corrected_imu,576,0.361,5.000,582,507987.721,3881320.917,-1.061942,0.200000,0.200000,2.7778,TRACKING
20.674984,129.087649000000,35.074568666667,507990.855,3881316.009,0.007,-3.082092,corrected_imu,576,0.361,5.000,582,507987.721,3881320.917,-1.061942,0.200000,0.200000,2.7778,TRACKING
20.724806,129.087649000000,35.074568666667,507990.855,3881316.009,0.005,-3.082092,corrected_imu,576,0.361,5.000,582,507987.721,3881320.917,-1.061942,0.200000,0.200000,2.7778,TRACKING
20.774803,129.087649000000,35.074568666667,507990.855,3881316.009,0.005,-3.082092,corrected_imu,576,0.361,5.000,582,507987.721,3881320.917,-1.061942,0.200000,0.200000,2.7778,TRACKING
20.824806,129.087649000000,35.074568666667,507990.855,3881316.009,0.005,-3.082092,corrected_imu,576,0.361,5.000,582,507987.721,3881320.917,-1.061942,0.200000,0.200000,2.7778,TRACKING
20.874818,129.087649000000,35.074568666667,507990.855,3881316.009,0.005,-3.083143,corrected_imu,576,0.361,5.000,582,507987.721,3881320.917,-1.060891,0.200000,0.200000,2.7778,TRACKING
20.925026,129.087649000000,35.074568666667,507990.855,3881316.009,0.005,-3.083143,corrected_imu,576,0.361,5.000,582,507987.721,3881320.917,-1.060891,0.200000,0.200000,2.7778,TRACKING
20.974829,129.087649166667,35.074568666667,507990.870,3881316.009,0.002,-3.083143,corrected_imu,576,0.369,5.000,582,507987.721,3881320.917,-1.058694,0.200000,0.200000,2.7778,TRACKING
21.024796,129.087649166667,35.074568666667,507990.870,3881316.009,0.002,-3.083143,corrected_imu,576,0.369,5.000,582,507987.721,3881320.917,-1.058694,0.200000,0.200000,2.7778,TRACKING
21.074867,129.087649166667,35.074568666667,507990.870,3881316.009,0.002,-3.083143,corrected_imu,576,0.369,5.000,582,507987.721,3881320.917,-1.058694,0.200000,0.200000,2.7778,TRACKING
21.124811,129.087649166667,35.074568666667,507990.870,3881316.009,0.002,-3.083143,corrected_imu,576,0.369,5.000,582,507987.721,3881320.917,-1.058694,0.200000,0.200000,2.7778,TRACKING
21.174926,129.087649166667,35.074568666667,507990.870,3881316.009,0.002,-3.083143,corrected_imu,576,0.369,5.000,582,507987.721,3881320.917,-1.058694,0.200000,0.200000,2.7778,TRACKING
21.224781,129.087649000000,35.074568666667,507990.855,3881316.009,0.005,-3.083143,corrected_imu,576,0.361,5.000,582,507987.721,3881320.917,-1.060891,0.200000,0.200000,2.7778,TRACKING
21.274954,129.087649000000,35.074568666667,507990.855,3881316.009,0.005,-3.083143,corrected_imu,576,0.361,5.000,582,507987.721,3881320.917,-1.060891,0.200000,0.200000,2.7778,TRACKING
21.325064,129.087649000000,35.074568666667,507990.855,3881316.009,0.005,-3.083143,corrected_imu,576,0.361,5.000,582,507987.721,3881320.917,-1.060891,0.200000,0.200000,2.7778,TRACKING
21.374811,129.087649000000,35.074568666667,507990.855,3881316.009,0.005,-3.083143,corrected_imu,576,0.361,5.000,582,507987.721,3881320.917,-1.060891,0.200000,0.200000,2.7778,TRACKING
21.424986,129.087649000000,35.074568666667,507990.855,3881316.009,0.005,-3.083143,corrected_imu,576,0.361,5.000,582,507987.721,3881320.917,-1.060891,0.200000,0.200000,2.7778,TRACKING
21.474952,129.087649000000,35.074568666667,507990.855,3881316.009,0.005,-3.083143,corrected_imu,576,0.361,5.000,582,507987.721,3881320.917,-1.060891,0.200000,0.200000,2.7778,TRACKING
21.524949,129.087649000000,35.074568666667,507990.855,3881316.009,0.005,-3.083143,corrected_imu,576,0.361,5.000,582,507987.721,3881320.917,-1.060891,0.200000,0.200000,2.7778,TRACKING
21.575028,129.087649000000,35.074568666667,507990.855,3881316.009,0.005,-3.083143,corrected_imu,576,0.361,5.000,582,507987.721,3881320.917,-1.060891,0.200000,0.200000,2.7778,TRACKING
21.624928,129.087649000000,35.074568666667,507990.855,3881316.009,0.005,-3.083143,corrected_imu,576,0.361,5.000,582,507987.721,3881320.917,-1.060891,0.200000,0.200000,2.7778,TRACKING
21.674785,129.087649000000,35.074568666667,507990.855,3881316.009,0.005,-3.083143,corrected_imu,576,0.361,5.000,582,507987.721,3881320.917,-1.060891,0.200000,0.200000,2.7778,TRACKING
21.724848,129.087649000000,35.074568666667,507990.855,3881316.009,0.005,-3.083143,corrected_imu,576,0.361,5.000,582,507987.721,3881320.917,-1.060891,0.200000,0.200000,2.7778,TRACKING
21.774813,129.087649000000,35.074568666667,507990.855,3881316.009,0.005,-3.083143,corrected_imu,576,0.361,5.000,582,507987.721,3881320.917,-1.060891,0.200000,0.200000,2.7778,TRACKING
21.824955,129.087649000000,35.074568666667,507990.855,3881316.009,0.005,-3.083143,corrected_imu,576,0.361,5.000,582,507987.721,3881320.917,-1.060891,0.200000,0.200000,2.7778,TRACKING
21.875023,129.087649000000,35.074568666667,507990.855,3881316.009,0.005,-3.083831,corrected_imu,576,0.361,5.000,582,507987.721,3881320.917,-1.060204,0.200000,0.200000,2.7778,TRACKING
21.925266,129.087649000000,35.074568666667,507990.855,3881316.009,0.005,-3.083831,corrected_imu,576,0.361,5.000,582,507987.721,3881320.917,-1.060204,0.200000,0.200000,2.7778,TRACKING
21.974967,129.087649166667,35.074568666667,507990.870,3881316.009,0.005,-3.083831,corrected_imu,576,0.369,5.000,582,507987.721,3881320.917,-1.058006,0.200000,0.200000,2.7778,TRACKING
22.024905,129.087649166667,35.074568666667,507990.870,3881316.009,0.005,-3.083831,corrected_imu,576,0.369,5.000,582,507987.721,3881320.917,-1.058006,0.200000,0.200000,2.7778,TRACKING
22.075107,129.087649166667,35.074568666667,507990.870,3881316.009,0.005,-3.083831,corrected_imu,576,0.369,5.000,582,507987.721,3881320.917,-1.058006,0.200000,0.200000,2.7778,TRACKING
22.125229,129.087649166667,35.074568666667,507990.870,3881316.009,0.005,-3.083831,corrected_imu,576,0.369,5.000,582,507987.721,3881320.917,-1.058006,0.200000,0.200000,2.7778,TRACKING
22.174941,129.087649166667,35.074568666667,507990.870,3881316.009,0.005,-3.083831,corrected_imu,576,0.369,5.000,582,507987.721,3881320.917,-1.058006,0.200000,0.200000,2.7778,TRACKING
22.225274,129.087649166667,35.074568666667,507990.870,3881316.009,0.006,-3.083831,corrected_imu,576,0.369,5.000,582,507987.721,3881320.917,-1.058006,0.200000,0.200000,2.7778,TRACKING
22.275217,129.087649166667,35.074568666667,507990.870,3881316.009,0.006,-3.083831,corrected_imu,576,0.369,5.000,582,507987.721,3881320.917,-1.058006,0.200000,0.200000,2.7778,TRACKING
22.324807,129.087649166667,35.074568666667,507990.870,3881316.009,0.006,-3.083831,corrected_imu,576,0.369,5.000,582,507987.721,3881320.917,-1.058006,0.200000,0.200000,2.7778,TRACKING
22.375117,129.087649166667,35.074568666667,507990.870,3881316.009,0.006,-3.083831,corrected_imu,576,0.369,5.000,582,507987.721,3881320.917,-1.058006,0.200000,0.200000,2.7778,TRACKING
22.424939,129.087649166667,35.074568666667,507990.870,3881316.009,0.006,-3.083831,corrected_imu,576,0.369,5.000,582,507987.721,3881320.917,-1.058006,0.200000,0.200000,2.7778,TRACKING
22.474969,129.087649166667,35.074568666667,507990.870,3881316.009,0.007,-3.083831,corrected_imu,576,0.369,5.000,582,507987.721,3881320.917,-1.058006,0.200000,0.200000,2.7778,TRACKING
22.524860,129.087649166667,35.074568666667,507990.870,3881316.009,0.007,-3.083831,corrected_imu,576,0.369,5.000,582,507987.721,3881320.917,-1.058006,0.200000,0.200000,2.7778,TRACKING
22.575015,129.087649166667,35.074568666667,507990.870,3881316.009,0.007,-3.083831,corrected_imu,576,0.369,5.000,582,507987.721,3881320.917,-1.058006,0.200000,0.200000,2.7778,TRACKING
22.624797,129.087649166667,35.074568666667,507990.870,3881316.009,0.007,-3.083831,corrected_imu,576,0.369,5.000,582,507987.721,3881320.917,-1.058006,0.200000,0.200000,2.7778,TRACKING
22.675011,129.087649166667,35.074568666667,507990.870,3881316.009,0.007,-3.083831,corrected_imu,576,0.369,5.000,582,507987.721,3881320.917,-1.058006,0.200000,0.200000,2.7778,TRACKING
22.724784,129.087649166667,35.074568666667,507990.870,3881316.009,0.005,-3.083831,corrected_imu,576,0.369,5.000,582,507987.721,3881320.917,-1.058006,0.200000,0.200000,2.7778,TRACKING
22.774982,129.087649166667,35.074568666667,507990.870,3881316.009,0.005,-3.083831,corrected_imu,576,0.369,5.000,582,507987.721,3881320.917,-1.058006,0.200000,0.200000,2.7778,TRACKING
22.824929,129.087649166667,35.074568666667,507990.870,3881316.009,0.005,-3.083831,corrected_imu,576,0.369,5.000,582,507987.721,3881320.917,-1.058006,0.200000,0.200000,2.7778,TRACKING
22.874917,129.087649166667,35.074568666667,507990.870,3881316.009,0.005,-3.084124,corrected_imu,576,0.369,5.000,582,507987.721,3881320.917,-1.057713,0.200000,0.200000,2.7778,TRACKING
22.924817,129.087649166667,35.074568666667,507990.870,3881316.009,0.005,-3.084124,corrected_imu,576,0.369,5.000,582,507987.721,3881320.917,-1.057713,0.200000,0.200000,2.7778,TRACKING
22.975130,129.087649166667,35.074568666667,507990.870,3881316.009,0.004,-3.084124,corrected_imu,576,0.369,5.000,582,507987.721,3881320.917,-1.057713,0.200000,0.200000,2.7778,TRACKING
23.024786,129.087649166667,35.074568666667,507990.870,3881316.009,0.004,-3.084124,corrected_imu,576,0.369,5.000,582,507987.721,3881320.917,-1.057713,0.200000,0.200000,2.7778,TRACKING
23.074947,129.087649166667,35.074568666667,507990.870,3881316.009,0.004,-3.084124,corrected_imu,576,0.369,5.000,582,507987.721,3881320.917,-1.057713,0.200000,0.200000,2.7778,TRACKING
23.124941,129.087649166667,35.074568666667,507990.870,3881316.009,0.004,-3.084124,corrected_imu,576,0.369,5.000,582,507987.721,3881320.917,-1.057713,0.200000,0.200000,2.7778,TRACKING
23.174961,129.087649166667,35.074568666667,507990.870,3881316.009,0.004,-3.084124,corrected_imu,576,0.369,5.000,582,507987.721,3881320.917,-1.057713,0.200000,0.200000,2.7778,TRACKING
23.224789,129.087649166667,35.074568833333,507990.870,3881316.028,0.007,-3.084124,corrected_imu,576,0.385,5.000,582,507987.721,3881320.917,-1.055999,0.200000,0.200000,2.7778,TRACKING
23.275137,129.087649166667,35.074568833333,507990.870,3881316.028,0.007,-3.084124,corrected_imu,576,0.385,5.000,582,507987.721,3881320.917,-1.055999,0.200000,0.200000,2.7778,TRACKING
23.324931,129.087649166667,35.074568833333,507990.870,3881316.028,0.007,-3.084124,corrected_imu,576,0.385,5.000,582,507987.721,3881320.917,-1.055999,0.200000,0.200000,2.7778,TRACKING
23.374798,129.087649166667,35.074568833333,507990.870,3881316.028,0.007,-3.084124,corrected_imu,576,0.385,5.000,582,507987.721,3881320.917,-1.055999,0.200000,0.200000,2.7778,TRACKING
23.424784,129.087649166667,35.074568833333,507990.870,3881316.028,0.007,-3.084124,corrected_imu,576,0.385,5.000,582,507987.721,3881320.917,-1.055999,0.200000,0.200000,2.7778,TRACKING
23.474945,129.087649166667,35.074568833333,507990.870,3881316.028,0.011,-3.084124,corrected_imu,576,0.385,5.000,582,507987.721,3881320.917,-1.055999,0.200000,0.200000,2.7778,TRACKING
23.524825,129.087649166667,35.074568833333,507990.870,3881316.028,0.011,-3.084124,corrected_imu,576,0.385,5.000,582,507987.721,3881320.917,-1.055999,0.200000,0.200000,2.7778,TRACKING
23.574817,129.087649166667,35.074568833333,507990.870,3881316.028,0.011,-3.084124,corrected_imu,576,0.385,5.000,582,507987.721,3881320.917,-1.055999,0.200000,0.200000,2.7778,TRACKING
23.624788,129.087649166667,35.074568833333,507990.870,3881316.028,0.011,-3.084124,corrected_imu,576,0.385,5.000,582,507987.721,3881320.917,-1.055999,0.200000,0.200000,2.7778,TRACKING
23.674994,129.087649166667,35.074568833333,507990.870,3881316.028,0.011,-3.084124,corrected_imu,576,0.385,5.000,582,507987.721,3881320.917,-1.055999,0.200000,0.200000,2.7778,TRACKING
23.724798,129.087649166667,35.074568833333,507990.870,3881316.028,0.014,-3.084124,corrected_imu,576,0.385,5.000,582,507987.721,3881320.917,-1.055999,0.200000,0.200000,2.7778,TRACKING
23.774809,129.087649166667,35.074568833333,507990.870,3881316.028,0.014,-3.084124,corrected_imu,576,0.385,5.000,582,507987.721,3881320.917,-1.055999,0.200000,0.200000,2.7778,TRACKING
23.824812,129.087649166667,35.074568833333,507990.870,3881316.028,0.014,-3.084124,corrected_imu,576,0.385,5.000,582,507987.721,3881320.917,-1.055999,0.200000,0.200000,2.7778,TRACKING
23.874855,129.087649166667,35.074568833333,507990.870,3881316.028,0.014,-3.086166,corrected_imu,576,0.385,5.000,582,507987.721,3881320.917,-1.053957,0.200000,0.200000,2.7778,TRACKING
23.924942,129.087649166667,35.074568833333,507990.870,3881316.028,0.014,-3.086166,corrected_imu,576,0.385,5.000,582,507987.721,3881320.917,-1.053957,0.200000,0.200000,2.7778,TRACKING
23.974792,129.087649000000,35.074568833333,507990.855,3881316.028,0.015,-3.086166,corrected_imu,576,0.378,5.000,582,507987.721,3881320.917,-1.056158,0.200000,0.200000,2.7778,TRACKING
24.024753,129.087649000000,35.074568833333,507990.855,3881316.028,0.015,-3.086166,corrected_imu,576,0.378,5.000,582,507987.721,3881320.917,-1.056158,0.200000,0.200000,2.7778,TRACKING
24.074804,129.087649000000,35.074568833333,507990.855,3881316.028,0.015,-3.086166,corrected_imu,576,0.378,5.000,582,507987.721,3881320.917,-1.056158,0.200000,0.200000,2.7778,TRACKING
24.124762,129.087649000000,35.074568833333,507990.855,3881316.028,0.015,-3.086166,corrected_imu,576,0.378,5.000,582,507987.721,3881320.917,-1.056158,0.200000,0.200000,2.7778,TRACKING
24.174803,129.087649000000,35.074568833333,507990.855,3881316.028,0.015,-3.086166,corrected_imu,576,0.378,5.000,582,507987.721,3881320.917,-1.056158,0.200000,0.200000,2.7778,TRACKING
24.224773,129.087649166667,35.074568833333,507990.870,3881316.028,0.013,-3.086166,corrected_imu,576,0.385,5.000,582,507987.721,3881320.917,-1.053957,0.200000,0.200000,2.7778,TRACKING
24.275044,129.087649166667,35.074568833333,507990.870,3881316.028,0.013,-3.086166,corrected_imu,576,0.385,5.000,582,507987.721,3881320.917,-1.053957,0.200000,0.200000,2.7778,TRACKING
24.324802,129.087649166667,35.074568833333,507990.870,3881316.028,0.013,-3.086166,corrected_imu,576,0.385,5.000,582,507987.721,3881320.917,-1.053957,0.200000,0.200000,2.7778,TRACKING
24.374975,129.087649166667,35.074568833333,507990.870,3881316.028,0.013,-3.086166,corrected_imu,576,0.385,5.000,582,507987.721,3881320.917,-1.053957,0.200000,0.200000,2.7778,TRACKING
24.424786,129.087649166667,35.074568833333,507990.870,3881316.028,0.013,-3.086166,corrected_imu,576,0.385,5.000,582,507987.721,3881320.917,-1.053957,0.200000,0.200000,2.7778,TRACKING
24.474786,129.087649166667,35.074568833333,507990.870,3881316.028,0.010,-3.086166,corrected_imu,576,0.385,5.000,582,507987.721,3881320.917,-1.053957,0.200000,0.200000,2.7778,TRACKING
24.524812,129.087649166667,35.074568833333,507990.870,3881316.028,0.010,-3.086166,corrected_imu,576,0.385,5.000,582,507987.721,3881320.917,-1.053957,0.200000,0.200000,2.7778,TRACKING
24.574819,129.087649166667,35.074568833333,507990.870,3881316.028,0.010,-3.086166,corrected_imu,576,0.385,5.000,582,507987.721,3881320.917,-1.053957,0.200000,0.200000,2.7778,TRACKING
24.624934,129.087649166667,35.074568833333,507990.870,3881316.028,0.010,-3.086166,corrected_imu,576,0.385,5.000,582,507987.721,3881320.917,-1.053957,0.200000,0.200000,2.7778,TRACKING
24.674838,129.087649166667,35.074568833333,507990.870,3881316.028,0.010,-3.086166,corrected_imu,576,0.385,5.000,582,507987.721,3881320.917,-1.053957,0.200000,0.200000,2.7778,TRACKING
24.724800,129.087649166667,35.074568833333,507990.870,3881316.028,0.006,-3.086166,corrected_imu,576,0.385,5.000,582,507987.721,3881320.917,-1.053957,0.200000,0.200000,2.7778,TRACKING
24.774819,129.087649166667,35.074568833333,507990.870,3881316.028,0.006,-3.086166,corrected_imu,576,0.385,5.000,582,507987.721,3881320.917,-1.053957,0.200000,0.200000,2.7778,TRACKING
24.824906,129.087649166667,35.074568833333,507990.870,3881316.028,0.006,-3.086166,corrected_imu,576,0.385,5.000,582,507987.721,3881320.917,-1.053957,0.200000,0.200000,2.7778,TRACKING
24.874952,129.087649166667,35.074568833333,507990.870,3881316.028,0.006,-3.086151,corrected_imu,576,0.385,5.000,582,507987.721,3881320.917,-1.053971,0.200000,0.200000,2.7778,TRACKING
24.924927,129.087649166667,35.074568833333,507990.870,3881316.028,0.006,-3.086151,corrected_imu,576,0.385,5.000,582,507987.721,3881320.917,-1.053971,0.200000,0.200000,2.7778,TRACKING
24.974788,129.087649166667,35.074568833333,507990.870,3881316.028,0.006,-3.086151,corrected_imu,576,0.385,5.000,582,507987.721,3881320.917,-1.053971,0.200000,0.200000,2.7778,TRACKING
25.024930,129.087649166667,35.074568833333,507990.870,3881316.028,0.006,-3.086151,corrected_imu,576,0.385,5.000,582,507987.721,3881320.917,-1.053971,0.200000,0.200000,2.7778,TRACKING
25.074866,129.087649166667,35.074568833333,507990.870,3881316.028,0.006,-3.086151,corrected_imu,576,0.385,5.000,582,507987.721,3881320.917,-1.053971,0.200000,0.200000,2.7778,TRACKING
25.124935,129.087649166667,35.074568833333,507990.870,3881316.028,0.006,-3.086151,corrected_imu,576,0.385,5.000,582,507987.721,3881320.917,-1.053971,0.200000,0.200000,2.7778,TRACKING
25.174974,129.087649166667,35.074568833333,507990.870,3881316.028,0.006,-3.086151,corrected_imu,576,0.385,5.000,582,507987.721,3881320.917,-1.053971,0.200000,0.200000,2.7778,TRACKING
25.224987,129.087649000000,35.074568833333,507990.855,3881316.028,0.001,-3.086151,corrected_imu,576,0.378,5.000,582,507987.721,3881320.917,-1.056172,0.200000,0.200000,2.7778,TRACKING
25.274804,129.087649000000,35.074568833333,507990.855,3881316.028,0.001,-3.086151,corrected_imu,576,0.378,5.000,582,507987.721,3881320.917,-1.056172,0.200000,0.200000,2.7778,TRACKING
25.324795,129.087649000000,35.074568833333,507990.855,3881316.028,0.001,-3.086151,corrected_imu,576,0.378,5.000,582,507987.721,3881320.917,-1.056172,0.200000,0.200000,2.7778,TRACKING
25.374824,129.087649000000,35.074568833333,507990.855,3881316.028,0.001,-3.086151,corrected_imu,576,0.378,5.000,582,507987.721,3881320.917,-1.056172,0.200000,0.200000,2.7778,TRACKING
25.424921,129.087649000000,35.074568833333,507990.855,3881316.028,0.001,-3.086151,corrected_imu,576,0.378,5.000,582,507987.721,3881320.917,-1.056172,0.200000,0.200000,2.7778,TRACKING
25.474788,129.087649166667,35.074568833333,507990.870,3881316.028,0.003,-3.086151,corrected_imu,576,0.385,5.000,582,507987.721,3881320.917,-1.053971,0.200000,0.200000,2.7778,TRACKING
25.524785,129.087649166667,35.074568833333,507990.870,3881316.028,0.003,-3.086151,corrected_imu,576,0.385,5.000,582,507987.721,3881320.917,-1.053971,0.200000,0.200000,2.7778,TRACKING
25.574973,129.087649166667,35.074568833333,507990.870,3881316.028,0.003,-3.086151,corrected_imu,576,0.385,5.000,582,507987.721,3881320.917,-1.053971,0.200000,0.200000,2.7778,TRACKING
25.625555,129.087649166667,35.074568833333,507990.870,3881316.028,0.003,-3.086151,corrected_imu,576,0.385,5.000,582,507987.721,3881320.917,-1.053971,0.200000,0.200000,2.7778,TRACKING
25.674914,129.087649166667,35.074568833333,507990.870,3881316.028,0.003,-3.086151,corrected_imu,576,0.385,5.000,582,507987.721,3881320.917,-1.053971,0.200000,0.200000,2.7778,TRACKING
25.724794,129.087649166667,35.074568833333,507990.870,3881316.028,0.003,-3.086151,corrected_imu,576,0.385,5.000,582,507987.721,3881320.917,-1.053971,0.200000,0.200000,2.7778,TRACKING
25.774808,129.087649166667,35.074568833333,507990.870,3881316.028,0.003,-3.086151,corrected_imu,576,0.385,5.000,582,507987.721,3881320.917,-1.053971,0.200000,0.200000,2.7778,TRACKING
25.824796,129.087649166667,35.074568833333,507990.870,3881316.028,0.003,-3.086151,corrected_imu,576,0.385,5.000,582,507987.721,3881320.917,-1.053971,0.200000,0.200000,2.7778,TRACKING
25.875076,129.087649166667,35.074568833333,507990.870,3881316.028,0.003,-3.082318,corrected_imu,576,0.385,5.000,582,507987.721,3881320.917,-1.057804,0.200000,0.200000,2.7778,TRACKING
25.924934,129.087649166667,35.074568833333,507990.870,3881316.028,0.003,-3.082318,corrected_imu,576,0.385,5.000,582,507987.721,3881320.917,-1.057804,0.200000,0.200000,2.7778,TRACKING
25.974813,129.087649166667,35.074568833333,507990.870,3881316.028,0.001,-3.082318,corrected_imu,576,0.385,5.000,582,507987.721,3881320.917,-1.057804,0.200000,0.200000,2.7778,TRACKING
26.025007,129.087649166667,35.074568833333,507990.870,3881316.028,0.001,-3.082318,corrected_imu,576,0.385,5.000,582,507987.721,3881320.917,-1.057804,0.200000,0.200000,2.7778,TRACKING
26.074807,129.087649166667,35.074568833333,507990.870,3881316.028,0.001,-3.082318,corrected_imu,576,0.385,5.000,582,507987.721,3881320.917,-1.057804,0.200000,0.200000,2.7778,TRACKING
26.125162,129.087649166667,35.074568833333,507990.870,3881316.028,0.001,-3.082318,corrected_imu,576,0.385,5.000,582,507987.721,3881320.917,-1.057804,0.200000,0.200000,2.7778,TRACKING
26.174775,129.087649166667,35.074568833333,507990.870,3881316.028,0.001,-3.082318,corrected_imu,576,0.385,5.000,582,507987.721,3881320.917,-1.057804,0.200000,0.200000,2.7778,TRACKING
26.224771,129.087649166667,35.074568833333,507990.870,3881316.028,0.001,-3.082318,corrected_imu,576,0.385,5.000,582,507987.721,3881320.917,-1.057804,0.200000,0.200000,2.7778,TRACKING
26.274799,129.087649166667,35.074568833333,507990.870,3881316.028,0.001,-3.082318,corrected_imu,576,0.385,5.000,582,507987.721,3881320.917,-1.057804,0.200000,0.200000,2.7778,TRACKING
26.324791,129.087649166667,35.074568833333,507990.870,3881316.028,0.001,-3.082318,corrected_imu,576,0.385,5.000,582,507987.721,3881320.917,-1.057804,0.200000,0.200000,2.7778,TRACKING
26.374780,129.087649166667,35.074568833333,507990.870,3881316.028,0.001,-3.082318,corrected_imu,576,0.385,5.000,582,507987.721,3881320.917,-1.057804,0.200000,0.200000,2.7778,TRACKING
26.424762,129.087649166667,35.074568833333,507990.870,3881316.028,0.001,-3.082318,corrected_imu,576,0.385,5.000,582,507987.721,3881320.917,-1.057804,0.200000,0.200000,2.7778,TRACKING
26.474787,129.087649166667,35.074568833333,507990.870,3881316.028,0.004,-3.082318,corrected_imu,576,0.385,5.000,582,507987.721,3881320.917,-1.057804,0.200000,0.200000,2.7778,TRACKING
26.524761,129.087649166667,35.074568833333,507990.870,3881316.028,0.004,-3.082318,corrected_imu,576,0.385,5.000,582,507987.721,3881320.917,-1.057804,0.200000,0.200000,2.7778,TRACKING
26.574779,129.087649166667,35.074568833333,507990.870,3881316.028,0.004,-3.082318,corrected_imu,576,0.385,5.000,582,507987.721,3881320.917,-1.057804,0.200000,0.200000,2.7778,TRACKING
26.624778,129.087649166667,35.074568833333,507990.870,3881316.028,0.004,-3.082318,corrected_imu,576,0.385,5.000,582,507987.721,3881320.917,-1.057804,0.200000,0.200000,2.7778,TRACKING
26.674804,129.087649166667,35.074568833333,507990.870,3881316.028,0.004,-3.082318,corrected_imu,576,0.385,5.000,582,507987.721,3881320.917,-1.057804,0.200000,0.200000,2.7778,TRACKING
26.724788,129.087649166667,35.074568833333,507990.870,3881316.028,0.005,-3.082318,corrected_imu,576,0.385,5.000,582,507987.721,3881320.917,-1.057804,0.200000,0.200000,2.7778,TRACKING
26.774810,129.087649166667,35.074568833333,507990.870,3881316.028,0.005,-3.082318,corrected_imu,576,0.385,5.000,582,507987.721,3881320.917,-1.057804,0.200000,0.200000,2.7778,TRACKING
26.824773,129.087649166667,35.074568833333,507990.870,3881316.028,0.005,-3.082318,corrected_imu,576,0.385,5.000,582,507987.721,3881320.917,-1.057804,0.200000,0.200000,2.7778,TRACKING
26.874784,129.087649166667,35.074568833333,507990.870,3881316.028,0.005,-3.077022,corrected_imu,576,0.385,5.000,582,507987.721,3881320.917,-1.063100,0.200000,0.200000,2.7778,TRACKING
26.924766,129.087649166667,35.074568833333,507990.870,3881316.028,0.005,-3.077022,corrected_imu,576,0.385,5.000,582,507987.721,3881320.917,-1.063100,0.200000,0.200000,2.7778,TRACKING
26.974780,129.087649166667,35.074568833333,507990.870,3881316.028,0.006,-3.077022,corrected_imu,576,0.385,5.000,582,507987.721,3881320.917,-1.063100,0.200000,0.200000,2.7778,TRACKING
27.024771,129.087649166667,35.074568833333,507990.870,3881316.028,0.006,-3.077022,corrected_imu,576,0.385,5.000,582,507987.721,3881320.917,-1.063100,0.200000,0.200000,2.7778,TRACKING
27.074772,129.087649166667,35.074568833333,507990.870,3881316.028,0.006,-3.077022,corrected_imu,576,0.385,5.000,582,507987.721,3881320.917,-1.063100,0.200000,0.200000,2.7778,TRACKING
27.124775,129.087649166667,35.074568833333,507990.870,3881316.028,0.006,-3.077022,corrected_imu,576,0.385,5.000,582,507987.721,3881320.917,-1.063100,0.200000,0.200000,2.7778,TRACKING
27.174785,129.087649166667,35.074568833333,507990.870,3881316.028,0.006,-3.077022,corrected_imu,576,0.385,5.000,582,507987.721,3881320.917,-1.063100,0.200000,0.200000,2.7778,TRACKING
27.224746,129.087649166667,35.074568666667,507990.870,3881316.009,0.005,-3.077022,corrected_imu,576,0.369,5.000,582,507987.721,3881320.917,-1.064814,0.200000,0.200000,2.7778,TRACKING
27.274786,129.087649166667,35.074568666667,507990.870,3881316.009,0.005,-3.077022,corrected_imu,576,0.369,5.000,582,507987.721,3881320.917,-1.064814,0.200000,0.200000,2.7778,TRACKING
27.324745,129.087649166667,35.074568666667,507990.870,3881316.009,0.005,-3.077022,corrected_imu,576,0.369,5.000,582,507987.721,3881320.917,-1.064814,0.200000,0.200000,2.7778,TRACKING
27.374753,129.087649166667,35.074568666667,507990.870,3881316.009,0.005,-3.077022,corrected_imu,576,0.369,5.000,582,507987.721,3881320.917,-1.064814,0.200000,0.200000,2.7778,TRACKING
27.424802,129.087649166667,35.074568666667,507990.870,3881316.009,0.005,-3.077022,corrected_imu,576,0.369,5.000,582,507987.721,3881320.917,-1.064814,0.200000,0.200000,2.7778,TRACKING
27.474820,129.087649166667,35.074568833333,507990.870,3881316.028,0.007,-3.077022,corrected_imu,576,0.385,5.000,582,507987.721,3881320.917,-1.063100,0.200000,0.200000,2.7778,TRACKING
27.524772,129.087649166667,35.074568833333,507990.870,3881316.028,0.007,-3.077022,corrected_imu,576,0.385,5.000,582,507987.721,3881320.917,-1.063100,0.200000,0.200000,2.7778,TRACKING
27.574793,129.087649166667,35.074568833333,507990.870,3881316.028,0.007,-3.077022,corrected_imu,576,0.385,5.000,582,507987.721,3881320.917,-1.063100,0.200000,0.200000,2.7778,TRACKING
27.624780,129.087649166667,35.074568833333,507990.870,3881316.028,0.007,-3.077022,corrected_imu,576,0.385,5.000,582,507987.721,3881320.917,-1.063100,0.200000,0.200000,2.7778,TRACKING
27.674806,129.087649166667,35.074568833333,507990.870,3881316.028,0.007,-3.077022,corrected_imu,576,0.385,5.000,582,507987.721,3881320.917,-1.063100,0.200000,0.200000,2.7778,TRACKING
27.724844,129.087649166667,35.074568666667,507990.870,3881316.009,0.001,-3.077022,corrected_imu,576,0.369,5.000,582,507987.721,3881320.917,-1.064814,0.200000,0.200000,2.7778,TRACKING
27.774793,129.087649166667,35.074568666667,507990.870,3881316.009,0.001,-3.077022,corrected_imu,576,0.369,5.000,582,507987.721,3881320.917,-1.064814,0.200000,0.200000,2.7778,TRACKING
27.824794,129.087649166667,35.074568666667,507990.870,3881316.009,0.001,-3.077022,corrected_imu,576,0.369,5.000,582,507987.721,3881320.917,-1.064814,0.200000,0.200000,2.7778,TRACKING
27.874808,129.087649166667,35.074568666667,507990.870,3881316.009,0.001,-3.074058,corrected_imu,576,0.369,5.000,582,507987.721,3881320.917,-1.067778,0.200000,0.200000,2.7778,TRACKING
27.924808,129.087649166667,35.074568666667,507990.870,3881316.009,0.001,-3.074058,corrected_imu,576,0.369,5.000,582,507987.721,3881320.917,-1.067778,0.200000,0.200000,2.7778,TRACKING
27.974799,129.087649166667,35.074568833333,507990.870,3881316.028,0.006,-3.074058,corrected_imu,576,0.385,5.000,582,507987.721,3881320.917,-1.066064,0.200000,0.200000,2.7778,TRACKING
28.024823,129.087649166667,35.074568833333,507990.870,3881316.028,0.006,-3.074058,corrected_imu,576,0.385,5.000,582,507987.721,3881320.917,-1.066064,0.200000,0.200000,2.7778,TRACKING
28.074808,129.087649166667,35.074568833333,507990.870,3881316.028,0.006,-3.074058,corrected_imu,576,0.385,5.000,582,507987.721,3881320.917,-1.066064,0.200000,0.200000,2.7778,TRACKING
28.124766,129.087649166667,35.074568833333,507990.870,3881316.028,0.006,-3.074058,corrected_imu,576,0.385,5.000,582,507987.721,3881320.917,-1.066064,0.200000,0.200000,2.7778,TRACKING
28.174952,129.087649166667,35.074568833333,507990.870,3881316.028,0.006,-3.074058,corrected_imu,576,0.385,5.000,582,507987.721,3881320.917,-1.066064,0.200000,0.200000,2.7778,TRACKING
28.224827,129.087649166667,35.074568833333,507990.870,3881316.028,0.002,-3.074058,corrected_imu,576,0.385,5.000,582,507987.721,3881320.917,-1.066064,0.200000,0.200000,2.7778,TRACKING
28.274776,129.087649166667,35.074568833333,507990.870,3881316.028,0.002,-3.074058,corrected_imu,576,0.385,5.000,582,507987.721,3881320.917,-1.066064,0.200000,0.200000,2.7778,TRACKING
28.325026,129.087649166667,35.074568833333,507990.870,3881316.028,0.002,-3.074058,corrected_imu,576,0.385,5.000,582,507987.721,3881320.917,-1.066064,0.200000,0.200000,2.7778,TRACKING
28.374784,129.087649166667,35.074568833333,507990.870,3881316.028,0.002,-3.074058,corrected_imu,576,0.385,5.000,582,507987.721,3881320.917,-1.066064,0.200000,0.200000,2.7778,TRACKING
28.424815,129.087649166667,35.074568833333,507990.870,3881316.028,0.002,-3.074058,corrected_imu,576,0.385,5.000,582,507987.721,3881320.917,-1.066064,0.200000,0.200000,2.7778,TRACKING
28.475068,129.087649166667,35.074568833333,507990.870,3881316.028,0.001,-3.074058,corrected_imu,576,0.385,5.000,582,507987.721,3881320.917,-1.066064,0.200000,0.200000,2.7778,TRACKING
28.524740,129.087649166667,35.074568833333,507990.870,3881316.028,0.001,-3.074058,corrected_imu,576,0.385,5.000,582,507987.721,3881320.917,-1.066064,0.200000,0.200000,2.7778,TRACKING
28.574891,129.087649166667,35.074568833333,507990.870,3881316.028,0.001,-3.074058,corrected_imu,576,0.385,5.000,582,507987.721,3881320.917,-1.066064,0.200000,0.200000,2.7778,TRACKING
28.624806,129.087649166667,35.074568833333,507990.870,3881316.028,0.001,-3.074058,corrected_imu,576,0.385,5.000,582,507987.721,3881320.917,-1.066064,0.200000,0.200000,2.7778,TRACKING
28.675664,129.087649166667,35.074568833333,507990.870,3881316.028,0.001,-3.074058,corrected_imu,576,0.385,5.000,582,507987.721,3881320.917,-1.066064,0.200000,0.200000,2.7778,TRACKING
28.724761,129.087649166667,35.074568833333,507990.870,3881316.028,0.002,-3.074058,corrected_imu,576,0.385,5.000,582,507987.721,3881320.917,-1.066064,0.200000,0.200000,2.7778,TRACKING
28.774786,129.087649166667,35.074568833333,507990.870,3881316.028,0.002,-3.074058,corrected_imu,576,0.385,5.000,582,507987.721,3881320.917,-1.066064,0.200000,0.200000,2.7778,TRACKING
28.824838,129.087649166667,35.074568833333,507990.870,3881316.028,0.002,-3.074058,corrected_imu,576,0.385,5.000,582,507987.721,3881320.917,-1.066064,0.200000,0.200000,2.7778,TRACKING
28.874788,129.087649166667,35.074568833333,507990.870,3881316.028,0.002,-3.074918,corrected_imu,576,0.385,5.000,582,507987.721,3881320.917,-1.065205,0.200000,0.200000,2.7778,TRACKING
28.924772,129.087649166667,35.074568833333,507990.870,3881316.028,0.002,-3.074918,corrected_imu,576,0.385,5.000,582,507987.721,3881320.917,-1.065205,0.200000,0.200000,2.7778,TRACKING
28.974809,129.087649166667,35.074568833333,507990.870,3881316.028,0.002,-3.074918,corrected_imu,576,0.385,5.000,582,507987.721,3881320.917,-1.065205,0.200000,0.200000,2.7778,TRACKING
29.024834,129.087649166667,35.074568833333,507990.870,3881316.028,0.002,-3.074918,corrected_imu,576,0.385,5.000,582,507987.721,3881320.917,-1.065205,0.200000,0.200000,2.7778,TRACKING
29.074846,129.087649166667,35.074568833333,507990.870,3881316.028,0.002,-3.074918,corrected_imu,576,0.385,5.000,582,507987.721,3881320.917,-1.065205,0.200000,0.200000,2.7778,TRACKING
29.124823,129.087649166667,35.074568833333,507990.870,3881316.028,0.002,-3.074918,corrected_imu,576,0.385,5.000,582,507987.721,3881320.917,-1.065205,0.200000,0.200000,2.7778,TRACKING
29.174800,129.087649166667,35.074568833333,507990.870,3881316.028,0.002,-3.074918,corrected_imu,576,0.385,5.000,582,507987.721,3881320.917,-1.065205,0.200000,0.200000,2.7778,TRACKING
29.224771,129.087649166667,35.074568833333,507990.870,3881316.028,0.007,-3.074918,corrected_imu,576,0.385,5.000,582,507987.721,3881320.917,-1.065205,0.200000,0.200000,2.7778,TRACKING
29.274804,129.087649166667,35.074568833333,507990.870,3881316.028,0.007,-3.074918,corrected_imu,576,0.385,5.000,582,507987.721,3881320.917,-1.065205,0.200000,0.200000,2.7778,TRACKING
29.324798,129.087649166667,35.074568833333,507990.870,3881316.028,0.007,-3.074918,corrected_imu,576,0.385,5.000,582,507987.721,3881320.917,-1.065205,0.200000,0.200000,2.7778,TRACKING
29.374871,129.087649166667,35.074568833333,507990.870,3881316.028,0.007,-3.074918,corrected_imu,576,0.385,5.000,582,507987.721,3881320.917,-1.065205,0.200000,0.200000,2.7778,TRACKING
29.424764,129.087649166667,35.074568833333,507990.870,3881316.028,0.007,-3.074918,corrected_imu,576,0.385,5.000,582,507987.721,3881320.917,-1.065205,0.200000,0.200000,2.7778,TRACKING
29.474795,129.087649166667,35.074568833333,507990.870,3881316.028,0.009,-3.074918,corrected_imu,576,0.385,5.000,582,507987.721,3881320.917,-1.065205,0.200000,0.200000,2.7778,TRACKING
29.524792,129.087649166667,35.074568833333,507990.870,3881316.028,0.009,-3.074918,corrected_imu,576,0.385,5.000,582,507987.721,3881320.917,-1.065205,0.200000,0.200000,2.7778,TRACKING
29.574771,129.087649166667,35.074568833333,507990.870,3881316.028,0.009,-3.074918,corrected_imu,576,0.385,5.000,582,507987.721,3881320.917,-1.065205,0.200000,0.200000,2.7778,TRACKING
29.624768,129.087649166667,35.074568833333,507990.870,3881316.028,0.009,-3.074918,corrected_imu,576,0.385,5.000,582,507987.721,3881320.917,-1.065205,0.200000,0.200000,2.7778,TRACKING
29.674778,129.087649166667,35.074568833333,507990.870,3881316.028,0.009,-3.074918,corrected_imu,576,0.385,5.000,582,507987.721,3881320.917,-1.065205,0.200000,0.200000,2.7778,TRACKING
29.724772,129.087649166667,35.074568833333,507990.870,3881316.028,0.002,-3.074918,corrected_imu,576,0.385,5.000,582,507987.721,3881320.917,-1.065205,0.200000,0.200000,2.7778,TRACKING
29.774780,129.087649166667,35.074568833333,507990.870,3881316.028,0.002,-3.074918,corrected_imu,576,0.385,5.000,582,507987.721,3881320.917,-1.065205,0.200000,0.200000,2.7778,TRACKING
29.824732,129.087649166667,35.074568833333,507990.870,3881316.028,0.002,-3.074918,corrected_imu,576,0.385,5.000,582,507987.721,3881320.917,-1.065205,0.200000,0.200000,2.7778,TRACKING
29.874767,129.087649166667,35.074568833333,507990.870,3881316.028,0.002,-3.079348,corrected_imu,576,0.385,5.000,582,507987.721,3881320.917,-1.060774,0.200000,0.200000,2.7778,TRACKING
29.924747,129.087649166667,35.074568833333,507990.870,3881316.028,0.002,-3.079348,corrected_imu,576,0.385,5.000,582,507987.721,3881320.917,-1.060774,0.200000,0.200000,2.7778,TRACKING
29.974792,129.087649166667,35.074568833333,507990.870,3881316.028,0.003,-3.079348,corrected_imu,576,0.385,5.000,582,507987.721,3881320.917,-1.060774,0.200000,0.200000,2.7778,TRACKING
30.024782,129.087649166667,35.074568833333,507990.870,3881316.028,0.003,-3.079348,corrected_imu,576,0.385,5.000,582,507987.721,3881320.917,-1.060774,0.200000,0.200000,2.7778,TRACKING
30.074797,129.087649166667,35.074568833333,507990.870,3881316.028,0.003,-3.079348,corrected_imu,576,0.385,5.000,582,507987.721,3881320.917,-1.060774,0.200000,0.200000,2.7778,TRACKING
30.124835,129.087649166667,35.074568833333,507990.870,3881316.028,0.003,-3.079348,corrected_imu,576,0.385,5.000,582,507987.721,3881320.917,-1.060774,0.200000,0.200000,2.7778,TRACKING
30.174744,129.087649166667,35.074568833333,507990.870,3881316.028,0.003,-3.079348,corrected_imu,576,0.385,5.000,582,507987.721,3881320.917,-1.060774,0.200000,0.200000,2.7778,TRACKING
30.224788,129.087649166667,35.074568833333,507990.870,3881316.028,0.005,-3.079348,corrected_imu,576,0.385,5.000,582,507987.721,3881320.917,-1.060774,0.200000,0.200000,2.7778,TRACKING
30.274901,129.087649166667,35.074568833333,507990.870,3881316.028,0.005,-3.079348,corrected_imu,576,0.385,5.000,582,507987.721,3881320.917,-1.060774,0.200000,0.200000,2.7778,TRACKING
30.325231,129.087649166667,35.074568833333,507990.870,3881316.028,0.005,-3.079348,corrected_imu,576,0.385,5.000,582,507987.721,3881320.917,-1.060774,0.200000,0.200000,2.7778,TRACKING
30.374944,129.087649166667,35.074568833333,507990.870,3881316.028,0.005,-3.079348,corrected_imu,576,0.385,5.000,582,507987.721,3881320.917,-1.060774,0.200000,0.200000,2.7778,TRACKING
30.424816,129.087649166667,35.074568833333,507990.870,3881316.028,0.005,-3.079348,corrected_imu,576,0.385,5.000,582,507987.721,3881320.917,-1.060774,0.200000,0.200000,2.7778,TRACKING
30.474946,129.087649166667,35.074568833333,507990.870,3881316.028,0.005,-3.079348,corrected_imu,576,0.385,5.000,582,507987.721,3881320.917,-1.060774,0.200000,0.200000,2.7778,TRACKING
30.524854,129.087649166667,35.074568833333,507990.870,3881316.028,0.005,-3.079348,corrected_imu,576,0.385,5.000,582,507987.721,3881320.917,-1.060774,0.200000,0.200000,2.7778,TRACKING
30.574796,129.087649166667,35.074568833333,507990.870,3881316.028,0.005,-3.079348,corrected_imu,576,0.385,5.000,582,507987.721,3881320.917,-1.060774,0.200000,0.200000,2.7778,TRACKING
30.624820,129.087649166667,35.074568833333,507990.870,3881316.028,0.005,-3.079348,corrected_imu,576,0.385,5.000,582,507987.721,3881320.917,-1.060774,0.200000,0.200000,2.7778,TRACKING
30.675224,129.087649166667,35.074568833333,507990.870,3881316.028,0.005,-3.079348,corrected_imu,576,0.385,5.000,582,507987.721,3881320.917,-1.060774,0.200000,0.200000,2.7778,TRACKING
30.724752,129.087649166667,35.074568833333,507990.870,3881316.028,0.004,-3.079348,corrected_imu,576,0.385,5.000,582,507987.721,3881320.917,-1.060774,0.200000,0.200000,2.7778,TRACKING
30.774754,129.087649166667,35.074568833333,507990.870,3881316.028,0.004,-3.079348,corrected_imu,576,0.385,5.000,582,507987.721,3881320.917,-1.060774,0.200000,0.200000,2.7778,TRACKING
30.825259,129.087649166667,35.074568833333,507990.870,3881316.028,0.004,-3.079348,corrected_imu,576,0.385,5.000,582,507987.721,3881320.917,-1.060774,0.200000,0.200000,2.7778,TRACKING
30.874866,129.087649166667,35.074568833333,507990.870,3881316.028,0.004,-3.083525,corrected_imu,576,0.385,5.000,582,507987.721,3881320.917,-1.056598,0.200000,0.200000,2.7778,TRACKING
30.924784,129.087649166667,35.074568833333,507990.870,3881316.028,0.004,-3.083525,corrected_imu,576,0.385,5.000,582,507987.721,3881320.917,-1.056598,0.200000,0.200000,2.7778,TRACKING
30.974773,129.087649166667,35.074568666667,507990.870,3881316.009,0.006,-3.083525,corrected_imu,576,0.369,5.000,582,507987.721,3881320.917,-1.058312,0.200000,0.200000,2.7778,TRACKING
31.024813,129.087649166667,35.074568666667,507990.870,3881316.009,0.006,-3.083525,corrected_imu,576,0.369,5.000,582,507987.721,3881320.917,-1.058312,0.200000,0.200000,2.7778,TRACKING
31.074781,129.087649166667,35.074568666667,507990.870,3881316.009,0.006,-3.083525,corrected_imu,576,0.369,5.000,582,507987.721,3881320.917,-1.058312,0.200000,0.200000,2.7778,TRACKING
31.124774,129.087649166667,35.074568666667,507990.870,3881316.009,0.006,-3.083525,corrected_imu,576,0.369,5.000,582,507987.721,3881320.917,-1.058312,0.200000,0.200000,2.7778,TRACKING
31.174777,129.087649166667,35.074568666667,507990.870,3881316.009,0.006,-3.083525,corrected_imu,576,0.369,5.000,582,507987.721,3881320.917,-1.058312,0.200000,0.200000,2.7778,TRACKING
31.224815,129.087649166667,35.074568666667,507990.870,3881316.009,0.007,-3.083525,corrected_imu,576,0.369,5.000,582,507987.721,3881320.917,-1.058312,0.200000,0.200000,2.7778,TRACKING
31.275106,129.087649166667,35.074568666667,507990.870,3881316.009,0.007,-3.083525,corrected_imu,576,0.369,5.000,582,507987.721,3881320.917,-1.058312,0.200000,0.200000,2.7778,TRACKING
31.324846,129.087649166667,35.074568666667,507990.870,3881316.009,0.007,-3.083525,corrected_imu,576,0.369,5.000,582,507987.721,3881320.917,-1.058312,0.200000,0.200000,2.7778,TRACKING
31.375194,129.087649166667,35.074568666667,507990.870,3881316.009,0.007,-3.083525,corrected_imu,576,0.369,5.000,582,507987.721,3881320.917,-1.058312,0.200000,0.200000,2.7778,TRACKING
31.424912,129.087649166667,35.074568666667,507990.870,3881316.009,0.007,-3.083525,corrected_imu,576,0.369,5.000,582,507987.721,3881320.917,-1.058312,0.200000,0.200000,2.7778,TRACKING
31.474804,129.087649166667,35.074568666667,507990.870,3881316.009,0.005,-3.083525,corrected_imu,576,0.369,5.000,582,507987.721,3881320.917,-1.058312,0.200000,0.200000,2.7778,TRACKING
31.524864,129.087649166667,35.074568666667,507990.870,3881316.009,0.005,-3.083525,corrected_imu,576,0.369,5.000,582,507987.721,3881320.917,-1.058312,0.200000,0.200000,2.7778,TRACKING
31.574801,129.087649166667,35.074568666667,507990.870,3881316.009,0.005,-3.083525,corrected_imu,576,0.369,5.000,582,507987.721,3881320.917,-1.058312,0.200000,0.200000,2.7778,TRACKING
31.624814,129.087649166667,35.074568666667,507990.870,3881316.009,0.005,-3.083525,corrected_imu,576,0.369,5.000,582,507987.721,3881320.917,-1.058312,0.200000,0.200000,2.7778,TRACKING
31.674783,129.087649166667,35.074568666667,507990.870,3881316.009,0.005,-3.083525,corrected_imu,576,0.369,5.000,582,507987.721,3881320.917,-1.058312,0.200000,0.200000,2.7778,TRACKING
31.724802,129.087649166667,35.074568666667,507990.870,3881316.009,0.003,-3.083525,corrected_imu,576,0.369,5.000,582,507987.721,3881320.917,-1.058312,0.200000,0.200000,2.7778,TRACKING
31.774775,129.087649166667,35.074568666667,507990.870,3881316.009,0.003,-3.083525,corrected_imu,576,0.369,5.000,582,507987.721,3881320.917,-1.058312,0.200000,0.200000,2.7778,TRACKING
31.824774,129.087649166667,35.074568666667,507990.870,3881316.009,0.003,-3.083525,corrected_imu,576,0.369,5.000,582,507987.721,3881320.917,-1.058312,0.200000,0.200000,2.7778,TRACKING
31.874846,129.087649166667,35.074568666667,507990.870,3881316.009,0.003,-3.085709,corrected_imu,576,0.369,5.000,582,507987.721,3881320.917,-1.056128,0.200000,0.200000,2.7778,TRACKING
31.924773,129.087649166667,35.074568666667,507990.870,3881316.009,0.003,-3.085709,corrected_imu,576,0.369,5.000,582,507987.721,3881320.917,-1.056128,0.200000,0.200000,2.7778,TRACKING
31.974880,129.087649166667,35.074568833333,507990.870,3881316.028,0.003,-3.085709,corrected_imu,576,0.385,5.000,582,507987.721,3881320.917,-1.054414,0.200000,0.200000,2.7778,TRACKING
32.024893,129.087649166667,35.074568833333,507990.870,3881316.028,0.003,-3.085709,corrected_imu,576,0.385,5.000,582,507987.721,3881320.917,-1.054414,0.200000,0.200000,2.7778,TRACKING
32.074793,129.087649166667,35.074568833333,507990.870,3881316.028,0.003,-3.085709,corrected_imu,576,0.385,5.000,582,507987.721,3881320.917,-1.054414,0.200000,0.200000,2.7778,TRACKING
32.125233,129.087649166667,35.074568833333,507990.870,3881316.028,0.003,-3.085709,corrected_imu,576,0.385,5.000,582,507987.721,3881320.917,-1.054414,0.200000,0.200000,2.7778,TRACKING
32.175012,129.087649166667,35.074568833333,507990.870,3881316.028,0.003,-3.085709,corrected_imu,576,0.385,5.000,582,507987.721,3881320.917,-1.054414,0.200000,0.200000,2.7778,TRACKING
32.224777,129.087649000000,35.074568833333,507990.855,3881316.028,0.003,-3.085709,corrected_imu,576,0.378,5.000,582,507987.721,3881320.917,-1.056615,0.200000,0.200000,2.7778,TRACKING
32.274819,129.087649000000,35.074568833333,507990.855,3881316.028,0.003,-3.085709,corrected_imu,576,0.378,5.000,582,507987.721,3881320.917,-1.056615,0.200000,0.200000,2.7778,TRACKING
32.324986,129.087649000000,35.074568833333,507990.855,3881316.028,0.003,-3.085709,corrected_imu,576,0.378,5.000,582,507987.721,3881320.917,-1.056615,0.200000,0.200000,2.7778,TRACKING
32.375002,129.087649000000,35.074568833333,507990.855,3881316.028,0.003,-3.085709,corrected_imu,576,0.378,5.000,582,507987.721,3881320.917,-1.056615,0.200000,0.200000,2.7778,TRACKING
32.424983,129.087649000000,35.074568833333,507990.855,3881316.028,0.003,-3.085709,corrected_imu,576,0.378,5.000,582,507987.721,3881320.917,-1.056615,0.200000,0.200000,2.7778,TRACKING
32.474802,129.087649000000,35.074568833333,507990.855,3881316.028,0.002,-3.085709,corrected_imu,576,0.378,5.000,582,507987.721,3881320.917,-1.056615,0.200000,0.200000,2.7778,TRACKING
32.524967,129.087649000000,35.074568833333,507990.855,3881316.028,0.002,-3.085709,corrected_imu,576,0.378,5.000,582,507987.721,3881320.917,-1.056615,0.200000,0.200000,2.7778,TRACKING
32.574804,129.087649000000,35.074568833333,507990.855,3881316.028,0.002,-3.085709,corrected_imu,576,0.378,5.000,582,507987.721,3881320.917,-1.056615,0.200000,0.200000,2.7778,TRACKING
32.624944,129.087649000000,35.074568833333,507990.855,3881316.028,0.002,-3.085709,corrected_imu,576,0.378,5.000,582,507987.721,3881320.917,-1.056615,0.200000,0.200000,2.7778,TRACKING
32.674804,129.087649000000,35.074568833333,507990.855,3881316.028,0.002,-3.085709,corrected_imu,576,0.378,5.000,582,507987.721,3881320.917,-1.056615,0.200000,0.200000,2.7778,TRACKING
32.724920,129.087649000000,35.074568833333,507990.855,3881316.028,0.005,-3.085709,corrected_imu,576,0.378,5.000,582,507987.721,3881320.917,-1.056615,0.200000,0.200000,2.7778,TRACKING
32.774804,129.087649000000,35.074568833333,507990.855,3881316.028,0.005,-3.085709,corrected_imu,576,0.378,5.000,582,507987.721,3881320.917,-1.056615,0.200000,0.200000,2.7778,TRACKING
32.824991,129.087649000000,35.074568833333,507990.855,3881316.028,0.005,-3.085709,corrected_imu,576,0.378,5.000,582,507987.721,3881320.917,-1.056615,0.200000,0.200000,2.7778,TRACKING
32.874812,129.087649000000,35.074568833333,507990.855,3881316.028,0.005,-3.083312,corrected_imu,576,0.378,5.000,582,507987.721,3881320.917,-1.059011,0.200000,0.200000,2.7778,TRACKING
32.924816,129.087649000000,35.074568833333,507990.855,3881316.028,0.005,-3.083312,corrected_imu,576,0.378,5.000,582,507987.721,3881320.917,-1.059011,0.200000,0.200000,2.7778,TRACKING
32.974940,129.087649166667,35.074568833333,507990.870,3881316.028,0.002,-3.083312,corrected_imu,576,0.385,5.000,582,507987.721,3881320.917,-1.056811,0.200000,0.200000,2.7778,TRACKING
33.024781,129.087649166667,35.074568833333,507990.870,3881316.028,0.002,-3.083312,corrected_imu,576,0.385,5.000,582,507987.721,3881320.917,-1.056811,0.200000,0.200000,2.7778,TRACKING
33.074805,129.087649166667,35.074568833333,507990.870,3881316.028,0.002,-3.083312,corrected_imu,576,0.385,5.000,582,507987.721,3881320.917,-1.056811,0.200000,0.200000,2.7778,TRACKING
33.125018,129.087649166667,35.074568833333,507990.870,3881316.028,0.002,-3.083312,corrected_imu,576,0.385,5.000,582,507987.721,3881320.917,-1.056811,0.200000,0.200000,2.7778,TRACKING
33.174800,129.087649166667,35.074568833333,507990.870,3881316.028,0.002,-3.083312,corrected_imu,576,0.385,5.000,582,507987.721,3881320.917,-1.056811,0.200000,0.200000,2.7778,TRACKING
33.225105,129.087649166667,35.074568833333,507990.870,3881316.028,0.002,-3.083312,corrected_imu,576,0.385,5.000,582,507987.721,3881320.917,-1.056811,0.200000,0.200000,2.7778,TRACKING
33.275006,129.087649166667,35.074568833333,507990.870,3881316.028,0.002,-3.083312,corrected_imu,576,0.385,5.000,582,507987.721,3881320.917,-1.056811,0.200000,0.200000,2.7778,TRACKING
33.324798,129.087649166667,35.074568833333,507990.870,3881316.028,0.002,-3.083312,corrected_imu,576,0.385,5.000,582,507987.721,3881320.917,-1.056811,0.200000,0.200000,2.7778,TRACKING
33.374780,129.087649166667,35.074568833333,507990.870,3881316.028,0.002,-3.083312,corrected_imu,576,0.385,5.000,582,507987.721,3881320.917,-1.056811,0.200000,0.200000,2.7778,TRACKING
33.424784,129.087649166667,35.074568833333,507990.870,3881316.028,0.002,-3.083312,corrected_imu,576,0.385,5.000,582,507987.721,3881320.917,-1.056811,0.200000,0.200000,2.7778,TRACKING
33.475081,129.087649166667,35.074568833333,507990.870,3881316.028,0.004,-3.083312,corrected_imu,576,0.385,5.000,582,507987.721,3881320.917,-1.056811,0.200000,0.200000,2.7778,TRACKING
33.524827,129.087649166667,35.074568833333,507990.870,3881316.028,0.004,-3.083312,corrected_imu,576,0.385,5.000,582,507987.721,3881320.917,-1.056811,0.200000,0.200000,2.7778,TRACKING
33.574753,129.087649166667,35.074568833333,507990.870,3881316.028,0.004,-3.083312,corrected_imu,576,0.385,5.000,582,507987.721,3881320.917,-1.056811,0.200000,0.200000,2.7778,TRACKING
33.625327,129.087649166667,35.074568833333,507990.870,3881316.028,0.004,-3.083312,corrected_imu,576,0.385,5.000,582,507987.721,3881320.917,-1.056811,0.200000,0.200000,2.7778,TRACKING
33.675092,129.087649166667,35.074568833333,507990.870,3881316.028,0.004,-3.083312,corrected_imu,576,0.385,5.000,582,507987.721,3881320.917,-1.056811,0.200000,0.200000,2.7778,TRACKING
33.724768,129.087649166667,35.074568833333,507990.870,3881316.028,0.005,-3.083312,corrected_imu,576,0.385,5.000,582,507987.721,3881320.917,-1.056811,0.200000,0.200000,2.7778,TRACKING
33.774751,129.087649166667,35.074568833333,507990.870,3881316.028,0.005,-3.083312,corrected_imu,576,0.385,5.000,582,507987.721,3881320.917,-1.056811,0.200000,0.200000,2.7778,TRACKING
33.824841,129.087649166667,35.074568833333,507990.870,3881316.028,0.005,-3.083312,corrected_imu,576,0.385,5.000,582,507987.721,3881320.917,-1.056811,0.200000,0.200000,2.7778,TRACKING
33.874789,129.087649166667,35.074568833333,507990.870,3881316.028,0.005,-3.079938,corrected_imu,576,0.385,5.000,582,507987.721,3881320.917,-1.060184,0.200000,0.200000,2.7778,TRACKING
33.924768,129.087649166667,35.074568833333,507990.870,3881316.028,0.005,-3.079938,corrected_imu,576,0.385,5.000,582,507987.721,3881320.917,-1.060184,0.200000,0.200000,2.7778,TRACKING
33.974795,129.087649166667,35.074568833333,507990.870,3881316.028,0.005,-3.079938,corrected_imu,576,0.385,5.000,582,507987.721,3881320.917,-1.060184,0.200000,0.200000,2.7778,TRACKING
34.024780,129.087649166667,35.074568833333,507990.870,3881316.028,0.005,-3.079938,corrected_imu,576,0.385,5.000,582,507987.721,3881320.917,-1.060184,0.200000,0.200000,2.7778,TRACKING
34.074833,129.087649166667,35.074568833333,507990.870,3881316.028,0.005,-3.079938,corrected_imu,576,0.385,5.000,582,507987.721,3881320.917,-1.060184,0.200000,0.200000,2.7778,TRACKING
34.124785,129.087649166667,35.074568833333,507990.870,3881316.028,0.005,-3.079938,corrected_imu,576,0.385,5.000,582,507987.721,3881320.917,-1.060184,0.200000,0.200000,2.7778,TRACKING
34.174782,129.087649166667,35.074568833333,507990.870,3881316.028,0.005,-3.079938,corrected_imu,576,0.385,5.000,582,507987.721,3881320.917,-1.060184,0.200000,0.200000,2.7778,TRACKING
34.224765,129.087649000000,35.074568833333,507990.855,3881316.028,0.005,-3.079938,corrected_imu,576,0.378,5.000,582,507987.721,3881320.917,-1.062385,0.200000,0.200000,2.7778,TRACKING
34.274814,129.087649000000,35.074568833333,507990.855,3881316.028,0.005,-3.079938,corrected_imu,576,0.378,5.000,582,507987.721,3881320.917,-1.062385,0.200000,0.200000,2.7778,TRACKING
34.324770,129.087649000000,35.074568833333,507990.855,3881316.028,0.005,-3.079938,corrected_imu,576,0.378,5.000,582,507987.721,3881320.917,-1.062385,0.200000,0.200000,2.7778,TRACKING
34.374792,129.087649000000,35.074568833333,507990.855,3881316.028,0.005,-3.079938,corrected_imu,576,0.378,5.000,582,507987.721,3881320.917,-1.062385,0.200000,0.200000,2.7778,TRACKING
34.424835,129.087649000000,35.074568833333,507990.855,3881316.028,0.005,-3.079938,corrected_imu,576,0.378,5.000,582,507987.721,3881320.917,-1.062385,0.200000,0.200000,2.7778,TRACKING
34.474859,129.087649166667,35.074568666667,507990.870,3881316.009,0.005,-3.079938,corrected_imu,576,0.369,5.000,582,507987.721,3881320.917,-1.061898,0.200000,0.200000,2.7778,TRACKING
34.524921,129.087649166667,35.074568666667,507990.870,3881316.009,0.005,-3.079938,corrected_imu,576,0.369,5.000,582,507987.721,3881320.917,-1.061898,0.200000,0.200000,2.7778,TRACKING
34.574879,129.087649166667,35.074568666667,507990.870,3881316.009,0.005,-3.079938,corrected_imu,576,0.369,5.000,582,507987.721,3881320.917,-1.061898,0.200000,0.200000,2.7778,TRACKING
34.624806,129.087649166667,35.074568666667,507990.870,3881316.009,0.005,-3.079938,corrected_imu,576,0.369,5.000,582,507987.721,3881320.917,-1.061898,0.200000,0.200000,2.7778,TRACKING
34.675310,129.087649166667,35.074568666667,507990.870,3881316.009,0.005,-3.079938,corrected_imu,576,0.369,5.000,582,507987.721,3881320.917,-1.061898,0.200000,0.200000,2.7778,TRACKING
34.724826,129.087649166667,35.074568666667,507990.870,3881316.009,0.004,-3.079938,corrected_imu,576,0.369,5.000,582,507987.721,3881320.917,-1.061898,0.200000,0.200000,2.7778,TRACKING
34.775041,129.087649166667,35.074568666667,507990.870,3881316.009,0.004,-3.079938,corrected_imu,576,0.369,5.000,582,507987.721,3881320.917,-1.061898,0.200000,0.200000,2.7778,TRACKING
34.825155,129.087649166667,35.074568666667,507990.870,3881316.009,0.004,-3.079938,corrected_imu,576,0.369,5.000,582,507987.721,3881320.917,-1.061898,0.200000,0.200000,2.7778,TRACKING
34.874879,129.087649166667,35.074568666667,507990.870,3881316.009,0.004,-3.077684,corrected_imu,576,0.369,5.000,582,507987.721,3881320.917,-1.064153,0.200000,0.200000,2.7778,TRACKING
34.924952,129.087649166667,35.074568666667,507990.870,3881316.009,0.004,-3.077684,corrected_imu,576,0.369,5.000,582,507987.721,3881320.917,-1.064153,0.200000,0.200000,2.7778,TRACKING
34.974979,129.087649166667,35.074568666667,507990.870,3881316.009,0.005,-3.077684,corrected_imu,576,0.369,5.000,582,507987.721,3881320.917,-1.064153,0.200000,0.200000,2.7778,TRACKING
35.024796,129.087649166667,35.074568666667,507990.870,3881316.009,0.005,-3.077684,corrected_imu,576,0.369,5.000,582,507987.721,3881320.917,-1.064153,0.200000,0.200000,2.7778,TRACKING
35.075099,129.087649166667,35.074568666667,507990.870,3881316.009,0.005,-3.077684,corrected_imu,576,0.369,5.000,582,507987.721,3881320.917,-1.064153,0.200000,0.200000,2.7778,TRACKING
35.124920,129.087649166667,35.074568666667,507990.870,3881316.009,0.005,-3.077684,corrected_imu,576,0.369,5.000,582,507987.721,3881320.917,-1.064153,0.200000,0.200000,2.7778,TRACKING
35.174806,129.087649166667,35.074568666667,507990.870,3881316.009,0.005,-3.077684,corrected_imu,576,0.369,5.000,582,507987.721,3881320.917,-1.064153,0.200000,0.200000,2.7778,TRACKING
35.224984,129.087649166667,35.074568666667,507990.870,3881316.009,0.003,-3.077684,corrected_imu,576,0.369,5.000,582,507987.721,3881320.917,-1.064153,0.200000,0.200000,2.7778,TRACKING
35.276053,129.087649166667,35.074568666667,507990.870,3881316.009,0.003,-3.077684,corrected_imu,576,0.369,5.000,582,507987.721,3881320.917,-1.064153,0.200000,0.200000,2.7778,TRACKING
35.325260,129.087649166667,35.074568666667,507990.870,3881316.009,0.003,-3.077684,corrected_imu,576,0.369,5.000,582,507987.721,3881320.917,-1.064153,0.200000,0.200000,2.7778,TRACKING
35.374829,129.087649166667,35.074568666667,507990.870,3881316.009,0.003,-3.077684,corrected_imu,576,0.369,5.000,582,507987.721,3881320.917,-1.064153,0.200000,0.200000,2.7778,TRACKING
35.424915,129.087649166667,35.074568666667,507990.870,3881316.009,0.003,-3.077684,corrected_imu,576,0.369,5.000,582,507987.721,3881320.917,-1.064153,0.200000,0.200000,2.7778,TRACKING
35.474833,129.087649000000,35.074568833333,507990.855,3881316.028,0.004,-3.077684,corrected_imu,576,0.378,5.000,582,507987.721,3881320.917,-1.064640,0.200000,0.200000,2.7778,TRACKING
35.524785,129.087649000000,35.074568833333,507990.855,3881316.028,0.004,-3.077684,corrected_imu,576,0.378,5.000,582,507987.721,3881320.917,-1.064640,0.200000,0.200000,2.7778,TRACKING
35.574795,129.087649000000,35.074568833333,507990.855,3881316.028,0.004,-3.077684,corrected_imu,576,0.378,5.000,582,507987.721,3881320.917,-1.064640,0.200000,0.200000,2.7778,TRACKING
35.624826,129.087649000000,35.074568833333,507990.855,3881316.028,0.004,-3.077684,corrected_imu,576,0.378,5.000,582,507987.721,3881320.917,-1.064640,0.200000,0.200000,2.7778,TRACKING
35.674860,129.087649000000,35.074568833333,507990.855,3881316.028,0.004,-3.077684,corrected_imu,576,0.378,5.000,582,507987.721,3881320.917,-1.064640,0.200000,0.200000,2.7778,TRACKING
35.724780,129.087649166667,35.074568833333,507990.870,3881316.028,0.006,-3.077684,corrected_imu,576,0.385,5.000,582,507987.721,3881320.917,-1.062439,0.200000,0.200000,2.7778,TRACKING
35.774797,129.087649166667,35.074568833333,507990.870,3881316.028,0.006,-3.077684,corrected_imu,576,0.385,5.000,582,507987.721,3881320.917,-1.062439,0.200000,0.200000,2.7778,TRACKING
35.824815,129.087649166667,35.074568833333,507990.870,3881316.028,0.006,-3.077684,corrected_imu,576,0.385,5.000,582,507987.721,3881320.917,-1.062439,0.200000,0.200000,2.7778,TRACKING
35.874838,129.087649166667,35.074568833333,507990.870,3881316.028,0.006,-3.081022,corrected_imu,576,0.385,5.000,582,507987.721,3881320.917,-1.059100,0.200000,0.200000,2.7778,TRACKING
35.924808,129.087649166667,35.074568833333,507990.870,3881316.028,0.006,-3.081022,corrected_imu,576,0.385,5.000,582,507987.721,3881320.917,-1.059100,0.200000,0.200000,2.7778,TRACKING
35.974809,129.087649000000,35.074568666667,507990.855,3881316.009,0.002,-3.081022,corrected_imu,576,0.361,5.000,582,507987.721,3881320.917,-1.063012,0.200000,0.200000,2.7778,TRACKING
36.024771,129.087649000000,35.074568666667,507990.855,3881316.009,0.002,-3.081022,corrected_imu,576,0.361,5.000,582,507987.721,3881320.917,-1.063012,0.200000,0.200000,2.7778,TRACKING
36.074839,129.087649000000,35.074568666667,507990.855,3881316.009,0.002,-3.081022,corrected_imu,576,0.361,5.000,582,507987.721,3881320.917,-1.063012,0.200000,0.200000,2.7778,TRACKING
36.124786,129.087649000000,35.074568666667,507990.855,3881316.009,0.002,-3.081022,corrected_imu,576,0.361,5.000,582,507987.721,3881320.917,-1.063012,0.200000,0.200000,2.7778,TRACKING
36.174975,129.087649000000,35.074568666667,507990.855,3881316.009,0.002,-3.081022,corrected_imu,576,0.361,5.000,582,507987.721,3881320.917,-1.063012,0.200000,0.200000,2.7778,TRACKING
36.224783,129.087649000000,35.074568666667,507990.855,3881316.009,0.003,-3.081022,corrected_imu,576,0.361,5.000,582,507987.721,3881320.917,-1.063012,0.200000,0.200000,2.7778,TRACKING
36.275172,129.087649000000,35.074568666667,507990.855,3881316.009,0.003,-3.081022,corrected_imu,576,0.361,5.000,582,507987.721,3881320.917,-1.063012,0.200000,0.200000,2.7778,TRACKING
36.324794,129.087649000000,35.074568666667,507990.855,3881316.009,0.003,-3.081022,corrected_imu,576,0.361,5.000,582,507987.721,3881320.917,-1.063012,0.200000,0.200000,2.7778,TRACKING
36.374965,129.087649000000,35.074568666667,507990.855,3881316.009,0.003,-3.081022,corrected_imu,576,0.361,5.000,582,507987.721,3881320.917,-1.063012,0.200000,0.200000,2.7778,TRACKING
36.424888,129.087649000000,35.074568666667,507990.855,3881316.009,0.003,-3.081022,corrected_imu,576,0.361,5.000,582,507987.721,3881320.917,-1.063012,0.200000,0.200000,2.7778,TRACKING
36.475643,129.087649000000,35.074568666667,507990.855,3881316.009,0.003,-3.081022,corrected_imu,576,0.361,5.000,582,507987.721,3881320.917,-1.063012,0.200000,0.200000,2.7778,TRACKING
36.524824,129.087649000000,35.074568666667,507990.855,3881316.009,0.003,-3.081022,corrected_imu,576,0.361,5.000,582,507987.721,3881320.917,-1.063012,0.200000,0.200000,2.7778,TRACKING
36.574810,129.087649000000,35.074568666667,507990.855,3881316.009,0.003,-3.081022,corrected_imu,576,0.361,5.000,582,507987.721,3881320.917,-1.063012,0.200000,0.200000,2.7778,TRACKING
36.624798,129.087649000000,35.074568666667,507990.855,3881316.009,0.003,-3.081022,corrected_imu,576,0.361,5.000,582,507987.721,3881320.917,-1.063012,0.200000,0.200000,2.7778,TRACKING
36.674826,129.087649000000,35.074568666667,507990.855,3881316.009,0.003,-3.081022,corrected_imu,576,0.361,5.000,582,507987.721,3881320.917,-1.063012,0.200000,0.200000,2.7778,TRACKING
36.724826,129.087649000000,35.074568833333,507990.855,3881316.028,0.001,-3.081022,corrected_imu,576,0.378,5.000,582,507987.721,3881320.917,-1.061301,0.200000,0.200000,2.7778,TRACKING
36.774798,129.087649000000,35.074568833333,507990.855,3881316.028,0.001,-3.081022,corrected_imu,576,0.378,5.000,582,507987.721,3881320.917,-1.061301,0.200000,0.200000,2.7778,TRACKING
36.824796,129.087649000000,35.074568833333,507990.855,3881316.028,0.001,-3.081022,corrected_imu,576,0.378,5.000,582,507987.721,3881320.917,-1.061301,0.200000,0.200000,2.7778,TRACKING
36.874864,129.087649000000,35.074568833333,507990.855,3881316.028,0.001,-3.084504,corrected_imu,576,0.378,5.000,582,507987.721,3881320.917,-1.057820,0.200000,0.200000,2.7778,TRACKING
36.924828,129.087649000000,35.074568833333,507990.855,3881316.028,0.001,-3.084504,corrected_imu,576,0.378,5.000,582,507987.721,3881320.917,-1.057820,0.200000,0.200000,2.7778,TRACKING
36.974945,129.087649000000,35.074568833333,507990.855,3881316.028,0.001,-3.084504,corrected_imu,576,0.378,5.000,582,507987.721,3881320.917,-1.057820,0.200000,0.200000,2.7778,TRACKING
37.024779,129.087649000000,35.074568833333,507990.855,3881316.028,0.001,-3.084504,corrected_imu,576,0.378,5.000,582,507987.721,3881320.917,-1.057820,0.200000,0.200000,2.7778,TRACKING
37.074839,129.087649000000,35.074568833333,507990.855,3881316.028,0.001,-3.084504,corrected_imu,576,0.378,5.000,582,507987.721,3881320.917,-1.057820,0.200000,0.200000,2.7778,TRACKING
37.124824,129.087649000000,35.074568833333,507990.855,3881316.028,0.001,-3.084504,corrected_imu,576,0.378,5.000,582,507987.721,3881320.917,-1.057820,0.200000,0.200000,2.7778,TRACKING
37.174806,129.087649000000,35.074568833333,507990.855,3881316.028,0.001,-3.084504,corrected_imu,576,0.378,5.000,582,507987.721,3881320.917,-1.057820,0.200000,0.200000,2.7778,TRACKING
37.224771,129.087649000000,35.074568833333,507990.855,3881316.028,0.008,-3.084504,corrected_imu,576,0.378,5.000,582,507987.721,3881320.917,-1.057820,0.200000,0.200000,2.7778,TRACKING
37.274872,129.087649000000,35.074568833333,507990.855,3881316.028,0.008,-3.084504,corrected_imu,576,0.378,5.000,582,507987.721,3881320.917,-1.057820,0.200000,0.200000,2.7778,TRACKING
37.324804,129.087649000000,35.074568833333,507990.855,3881316.028,0.008,-3.084504,corrected_imu,576,0.378,5.000,582,507987.721,3881320.917,-1.057820,0.200000,0.200000,2.7778,TRACKING
37.374829,129.087649000000,35.074568833333,507990.855,3881316.028,0.008,-3.084504,corrected_imu,576,0.378,5.000,582,507987.721,3881320.917,-1.057820,0.200000,0.200000,2.7778,TRACKING
37.424763,129.087649000000,35.074568833333,507990.855,3881316.028,0.008,-3.084504,corrected_imu,576,0.378,5.000,582,507987.721,3881320.917,-1.057820,0.200000,0.200000,2.7778,TRACKING
37.474815,129.087649000000,35.074568833333,507990.855,3881316.028,0.008,-3.084504,corrected_imu,576,0.378,5.000,582,507987.721,3881320.917,-1.057820,0.200000,0.200000,2.7778,TRACKING
37.524770,129.087649000000,35.074568833333,507990.855,3881316.028,0.008,-3.084504,corrected_imu,576,0.378,5.000,582,507987.721,3881320.917,-1.057820,0.200000,0.200000,2.7778,TRACKING
37.574760,129.087649000000,35.074568833333,507990.855,3881316.028,0.008,-3.084504,corrected_imu,576,0.378,5.000,582,507987.721,3881320.917,-1.057820,0.200000,0.200000,2.7778,TRACKING
37.624767,129.087649000000,35.074568833333,507990.855,3881316.028,0.008,-3.084504,corrected_imu,576,0.378,5.000,582,507987.721,3881320.917,-1.057820,0.200000,0.200000,2.7778,TRACKING
37.675100,129.087649000000,35.074568833333,507990.855,3881316.028,0.008,-3.084504,corrected_imu,576,0.378,5.000,582,507987.721,3881320.917,-1.057820,0.200000,0.200000,2.7778,TRACKING
37.724782,129.087649000000,35.074568833333,507990.855,3881316.028,0.006,-3.084504,corrected_imu,576,0.378,5.000,582,507987.721,3881320.917,-1.057820,0.200000,0.200000,2.7778,TRACKING
37.774768,129.087649000000,35.074568833333,507990.855,3881316.028,0.006,-3.084504,corrected_imu,576,0.378,5.000,582,507987.721,3881320.917,-1.057820,0.200000,0.200000,2.7778,TRACKING
37.824763,129.087649000000,35.074568833333,507990.855,3881316.028,0.006,-3.084504,corrected_imu,576,0.378,5.000,582,507987.721,3881320.917,-1.057820,0.200000,0.200000,2.7778,TRACKING
37.874790,129.087649000000,35.074568833333,507990.855,3881316.028,0.006,-3.087177,corrected_imu,576,0.378,5.000,582,507987.721,3881320.917,-1.055146,0.200000,0.200000,2.7778,TRACKING
37.925054,129.087649000000,35.074568833333,507990.855,3881316.028,0.006,-3.087177,corrected_imu,576,0.378,5.000,582,507987.721,3881320.917,-1.055146,0.200000,0.200000,2.7778,TRACKING
37.974951,129.087649000000,35.074568833333,507990.855,3881316.028,0.004,-3.087177,corrected_imu,576,0.378,5.000,582,507987.721,3881320.917,-1.055146,0.200000,0.200000,2.7778,TRACKING
38.024963,129.087649000000,35.074568833333,507990.855,3881316.028,0.004,-3.087177,corrected_imu,576,0.378,5.000,582,507987.721,3881320.917,-1.055146,0.200000,0.200000,2.7778,TRACKING
38.074883,129.087649000000,35.074568833333,507990.855,3881316.028,0.004,-3.087177,corrected_imu,576,0.378,5.000,582,507987.721,3881320.917,-1.055146,0.200000,0.200000,2.7778,TRACKING
38.124979,129.087649000000,35.074568833333,507990.855,3881316.028,0.004,-3.087177,corrected_imu,576,0.378,5.000,582,507987.721,3881320.917,-1.055146,0.200000,0.200000,2.7778,TRACKING
38.174800,129.087649000000,35.074568833333,507990.855,3881316.028,0.004,-3.087177,corrected_imu,576,0.378,5.000,582,507987.721,3881320.917,-1.055146,0.200000,0.200000,2.7778,TRACKING
38.224807,129.087649166667,35.074568833333,507990.870,3881316.028,0.004,-3.087177,corrected_imu,576,0.385,5.000,582,507987.721,3881320.917,-1.052946,0.200000,0.200000,2.7778,TRACKING
38.274856,129.087649166667,35.074568833333,507990.870,3881316.028,0.004,-3.087177,corrected_imu,576,0.385,5.000,582,507987.721,3881320.917,-1.052946,0.200000,0.200000,2.7778,TRACKING
38.324990,129.087649166667,35.074568833333,507990.870,3881316.028,0.004,-3.087177,corrected_imu,576,0.385,5.000,582,507987.721,3881320.917,-1.052946,0.200000,0.200000,2.7778,TRACKING
38.374826,129.087649166667,35.074568833333,507990.870,3881316.028,0.004,-3.087177,corrected_imu,576,0.385,5.000,582,507987.721,3881320.917,-1.052946,0.200000,0.200000,2.7778,TRACKING
38.424801,129.087649166667,35.074568833333,507990.870,3881316.028,0.004,-3.087177,corrected_imu,576,0.385,5.000,582,507987.721,3881320.917,-1.052946,0.200000,0.200000,2.7778,TRACKING
38.474867,129.087649166667,35.074568833333,507990.870,3881316.028,0.004,-3.087177,corrected_imu,576,0.385,5.000,582,507987.721,3881320.917,-1.052946,0.200000,0.200000,2.7778,TRACKING
38.524920,129.087649166667,35.074568833333,507990.870,3881316.028,0.004,-3.087177,corrected_imu,576,0.385,5.000,582,507987.721,3881320.917,-1.052946,0.200000,0.200000,2.7778,TRACKING
38.574839,129.087649166667,35.074568833333,507990.870,3881316.028,0.004,-3.087177,corrected_imu,576,0.385,5.000,582,507987.721,3881320.917,-1.052946,0.200000,0.200000,2.7778,TRACKING
38.624802,129.087649166667,35.074568833333,507990.870,3881316.028,0.004,-3.087177,corrected_imu,576,0.385,5.000,582,507987.721,3881320.917,-1.052946,0.200000,0.200000,2.7778,TRACKING
38.674878,129.087649166667,35.074568833333,507990.870,3881316.028,0.004,-3.087177,corrected_imu,576,0.385,5.000,582,507987.721,3881320.917,-1.052946,0.200000,0.200000,2.7778,TRACKING
38.724918,129.087649000000,35.074568833333,507990.855,3881316.028,0.002,-3.087177,corrected_imu,576,0.378,5.000,582,507987.721,3881320.917,-1.055146,0.200000,0.200000,2.7778,TRACKING
38.774784,129.087649000000,35.074568833333,507990.855,3881316.028,0.002,-3.087177,corrected_imu,576,0.378,5.000,582,507987.721,3881320.917,-1.055146,0.200000,0.200000,2.7778,TRACKING
38.825206,129.087649000000,35.074568833333,507990.855,3881316.028,0.002,-3.087177,corrected_imu,576,0.378,5.000,582,507987.721,3881320.917,-1.055146,0.200000,0.200000,2.7778,TRACKING
38.875140,129.087649000000,35.074568833333,507990.855,3881316.028,0.002,-3.089670,corrected_imu,576,0.378,5.000,582,507987.721,3881320.917,-1.052653,0.200000,0.200000,2.7778,TRACKING
38.924804,129.087649000000,35.074568833333,507990.855,3881316.028,0.002,-3.089670,corrected_imu,576,0.378,5.000,582,507987.721,3881320.917,-1.052653,0.200000,0.200000,2.7778,TRACKING
38.974787,129.087649000000,35.074568833333,507990.855,3881316.028,0.002,-3.089670,corrected_imu,576,0.378,5.000,582,507987.721,3881320.917,-1.052653,0.200000,0.200000,2.7778,TRACKING
39.024765,129.087649000000,35.074568833333,507990.855,3881316.028,0.002,-3.089670,corrected_imu,576,0.378,5.000,582,507987.721,3881320.917,-1.052653,0.200000,0.200000,2.7778,TRACKING
39.074859,129.087649000000,35.074568833333,507990.855,3881316.028,0.002,-3.089670,corrected_imu,576,0.378,5.000,582,507987.721,3881320.917,-1.052653,0.200000,0.200000,2.7778,TRACKING
39.124791,129.087649000000,35.074568833333,507990.855,3881316.028,0.002,-3.089670,corrected_imu,576,0.378,5.000,582,507987.721,3881320.917,-1.052653,0.200000,0.200000,2.7778,TRACKING
39.174910,129.087649000000,35.074568833333,507990.855,3881316.028,0.002,-3.089670,corrected_imu,576,0.378,5.000,582,507987.721,3881320.917,-1.052653,0.200000,0.200000,2.7778,TRACKING
39.224792,129.087649166667,35.074568833333,507990.870,3881316.028,0.001,-3.089670,corrected_imu,576,0.385,5.000,582,507987.721,3881320.917,-1.050452,0.200000,0.200000,2.7778,TRACKING
39.274842,129.087649166667,35.074568833333,507990.870,3881316.028,0.001,-3.089670,corrected_imu,576,0.385,5.000,582,507987.721,3881320.917,-1.050452,0.200000,0.200000,2.7778,TRACKING
39.324802,129.087649166667,35.074568833333,507990.870,3881316.028,0.001,-3.089670,corrected_imu,576,0.385,5.000,582,507987.721,3881320.917,-1.050452,0.200000,0.200000,2.7778,TRACKING
39.374779,129.087649166667,35.074568833333,507990.870,3881316.028,0.001,-3.089670,corrected_imu,576,0.385,5.000,582,507987.721,3881320.917,-1.050452,0.200000,0.200000,2.7778,TRACKING
39.424807,129.087649166667,35.074568833333,507990.870,3881316.028,0.001,-3.089670,corrected_imu,576,0.385,5.000,582,507987.721,3881320.917,-1.050452,0.200000,0.200000,2.7778,TRACKING
39.474778,129.087649166667,35.074568833333,507990.870,3881316.028,0.007,-3.089670,corrected_imu,576,0.385,5.000,582,507987.721,3881320.917,-1.050452,0.200000,0.200000,2.7778,TRACKING
39.524770,129.087649166667,35.074568833333,507990.870,3881316.028,0.007,-3.089670,corrected_imu,576,0.385,5.000,582,507987.721,3881320.917,-1.050452,0.200000,0.200000,2.7778,TRACKING
39.574760,129.087649166667,35.074568833333,507990.870,3881316.028,0.007,-3.089670,corrected_imu,576,0.385,5.000,582,507987.721,3881320.917,-1.050452,0.200000,0.200000,2.7778,TRACKING
39.624764,129.087649166667,35.074568833333,507990.870,3881316.028,0.007,-3.089670,corrected_imu,576,0.385,5.000,582,507987.721,3881320.917,-1.050452,0.200000,0.200000,2.7778,TRACKING
39.674746,129.087649166667,35.074568833333,507990.870,3881316.028,0.007,-3.089670,corrected_imu,576,0.385,5.000,582,507987.721,3881320.917,-1.050452,0.200000,0.200000,2.7778,TRACKING
39.724795,129.087649166667,35.074568833333,507990.870,3881316.028,0.009,-3.089670,corrected_imu,576,0.385,5.000,582,507987.721,3881320.917,-1.050452,0.200000,0.200000,2.7778,TRACKING
39.774796,129.087649166667,35.074568833333,507990.870,3881316.028,0.009,-3.089670,corrected_imu,576,0.385,5.000,582,507987.721,3881320.917,-1.050452,0.200000,0.200000,2.7778,TRACKING
39.824770,129.087649166667,35.074568833333,507990.870,3881316.028,0.009,-3.089670,corrected_imu,576,0.385,5.000,582,507987.721,3881320.917,-1.050452,0.200000,0.200000,2.7778,TRACKING
39.874792,129.087649166667,35.074568833333,507990.870,3881316.028,0.009,-3.088671,corrected_imu,576,0.385,5.000,582,507987.721,3881320.917,-1.051452,0.200000,0.200000,2.7778,TRACKING
39.924792,129.087649166667,35.074568833333,507990.870,3881316.028,0.009,-3.088671,corrected_imu,576,0.385,5.000,582,507987.721,3881320.917,-1.051452,0.200000,0.200000,2.7778,TRACKING
39.974866,129.087649166667,35.074568833333,507990.870,3881316.028,0.004,-3.088671,corrected_imu,576,0.385,5.000,582,507987.721,3881320.917,-1.051452,0.200000,0.200000,2.7778,TRACKING
40.024800,129.087649166667,35.074568833333,507990.870,3881316.028,0.004,-3.088671,corrected_imu,576,0.385,5.000,582,507987.721,3881320.917,-1.051452,0.200000,0.200000,2.7778,TRACKING
40.074904,129.087649166667,35.074568833333,507990.870,3881316.028,0.004,-3.088671,corrected_imu,576,0.385,5.000,582,507987.721,3881320.917,-1.051452,0.200000,0.200000,2.7778,TRACKING
40.124826,129.087649166667,35.074568833333,507990.870,3881316.028,0.004,-3.088671,corrected_imu,576,0.385,5.000,582,507987.721,3881320.917,-1.051452,0.200000,0.200000,2.7778,TRACKING
40.175016,129.087649166667,35.074568833333,507990.870,3881316.028,0.004,-3.088671,corrected_imu,576,0.385,5.000,582,507987.721,3881320.917,-1.051452,0.200000,0.200000,2.7778,TRACKING
40.224800,129.087649166667,35.074568833333,507990.870,3881316.028,0.003,-3.088671,corrected_imu,576,0.385,5.000,582,507987.721,3881320.917,-1.051452,0.200000,0.200000,2.7778,TRACKING
40.275060,129.087649166667,35.074568833333,507990.870,3881316.028,0.003,-3.088671,corrected_imu,576,0.385,5.000,582,507987.721,3881320.917,-1.051452,0.200000,0.200000,2.7778,TRACKING
40.324781,129.087649166667,35.074568833333,507990.870,3881316.028,0.003,-3.088671,corrected_imu,576,0.385,5.000,582,507987.721,3881320.917,-1.051452,0.200000,0.200000,2.7778,TRACKING
40.374940,129.087649166667,35.074568833333,507990.870,3881316.028,0.003,-3.088671,corrected_imu,576,0.385,5.000,582,507987.721,3881320.917,-1.051452,0.200000,0.200000,2.7778,TRACKING
40.424943,129.087649166667,35.074568833333,507990.870,3881316.028,0.003,-3.088671,corrected_imu,576,0.385,5.000,582,507987.721,3881320.917,-1.051452,0.200000,0.200000,2.7778,TRACKING
40.474809,129.087649166667,35.074568833333,507990.870,3881316.028,0.005,-3.088671,corrected_imu,576,0.385,5.000,582,507987.721,3881320.917,-1.051452,0.200000,0.200000,2.7778,TRACKING
40.524908,129.087649166667,35.074568833333,507990.870,3881316.028,0.005,-3.088671,corrected_imu,576,0.385,5.000,582,507987.721,3881320.917,-1.051452,0.200000,0.200000,2.7778,TRACKING
40.574993,129.087649166667,35.074568833333,507990.870,3881316.028,0.005,-3.088671,corrected_imu,576,0.385,5.000,582,507987.721,3881320.917,-1.051452,0.200000,0.200000,2.7778,TRACKING
40.624811,129.087649166667,35.074568833333,507990.870,3881316.028,0.005,-3.088671,corrected_imu,576,0.385,5.000,582,507987.721,3881320.917,-1.051452,0.200000,0.200000,2.7778,TRACKING
40.675084,129.087649166667,35.074568833333,507990.870,3881316.028,0.005,-3.088671,corrected_imu,576,0.385,5.000,582,507987.721,3881320.917,-1.051452,0.200000,0.200000,2.7778,TRACKING
40.724783,129.087649166667,35.074568833333,507990.870,3881316.028,0.005,-3.088671,corrected_imu,576,0.385,5.000,582,507987.721,3881320.917,-1.051452,0.200000,0.200000,2.7778,TRACKING
40.774782,129.087649166667,35.074568833333,507990.870,3881316.028,0.005,-3.088671,corrected_imu,576,0.385,5.000,582,507987.721,3881320.917,-1.051452,0.200000,0.200000,2.7778,TRACKING
40.824815,129.087649166667,35.074568833333,507990.870,3881316.028,0.005,-3.088671,corrected_imu,576,0.385,5.000,582,507987.721,3881320.917,-1.051452,0.200000,0.200000,2.7778,TRACKING
40.874787,129.087649166667,35.074568833333,507990.870,3881316.028,0.005,-3.084031,corrected_imu,576,0.385,5.000,582,507987.721,3881320.917,-1.056092,0.200000,0.200000,2.7778,TRACKING
40.924776,129.087649166667,35.074568833333,507990.870,3881316.028,0.005,-3.084031,corrected_imu,576,0.385,5.000,582,507987.721,3881320.917,-1.056092,0.200000,0.200000,2.7778,TRACKING
40.974820,129.087649166667,35.074568833333,507990.870,3881316.028,0.005,-3.084031,corrected_imu,576,0.385,5.000,582,507987.721,3881320.917,-1.056092,0.200000,0.200000,2.7778,TRACKING
41.024789,129.087649166667,35.074568833333,507990.870,3881316.028,0.005,-3.084031,corrected_imu,576,0.385,5.000,582,507987.721,3881320.917,-1.056092,0.200000,0.200000,2.7778,TRACKING
41.074777,129.087649166667,35.074568833333,507990.870,3881316.028,0.005,-3.084031,corrected_imu,576,0.385,5.000,582,507987.721,3881320.917,-1.056092,0.200000,0.200000,2.7778,TRACKING
41.124807,129.087649166667,35.074568833333,507990.870,3881316.028,0.005,-3.084031,corrected_imu,576,0.385,5.000,582,507987.721,3881320.917,-1.056092,0.200000,0.200000,2.7778,TRACKING
41.174978,129.087649166667,35.074568833333,507990.870,3881316.028,0.005,-3.084031,corrected_imu,576,0.385,5.000,582,507987.721,3881320.917,-1.056092,0.200000,0.200000,2.7778,TRACKING
41.224985,129.087649166667,35.074568833333,507990.870,3881316.028,0.003,-3.084031,corrected_imu,576,0.385,5.000,582,507987.721,3881320.917,-1.056092,0.200000,0.200000,2.7778,TRACKING
41.274829,129.087649166667,35.074568833333,507990.870,3881316.028,0.003,-3.084031,corrected_imu,576,0.385,5.000,582,507987.721,3881320.917,-1.056092,0.200000,0.200000,2.7778,TRACKING
41.324784,129.087649166667,35.074568833333,507990.870,3881316.028,0.003,-3.084031,corrected_imu,576,0.385,5.000,582,507987.721,3881320.917,-1.056092,0.200000,0.200000,2.7778,TRACKING
41.374790,129.087649166667,35.074568833333,507990.870,3881316.028,0.003,-3.084031,corrected_imu,576,0.385,5.000,582,507987.721,3881320.917,-1.056092,0.200000,0.200000,2.7778,TRACKING
41.425004,129.087649166667,35.074568833333,507990.870,3881316.028,0.003,-3.084031,corrected_imu,576,0.385,5.000,582,507987.721,3881320.917,-1.056092,0.200000,0.200000,2.7778,TRACKING
41.474834,129.087649166667,35.074568833333,507990.870,3881316.028,0.001,-3.084031,corrected_imu,576,0.385,5.000,582,507987.721,3881320.917,-1.056092,0.200000,0.200000,2.7778,TRACKING
41.524975,129.087649166667,35.074568833333,507990.870,3881316.028,0.001,-3.084031,corrected_imu,576,0.385,5.000,582,507987.721,3881320.917,-1.056092,0.200000,0.200000,2.7778,TRACKING
41.574805,129.087649166667,35.074568833333,507990.870,3881316.028,0.001,-3.084031,corrected_imu,576,0.385,5.000,582,507987.721,3881320.917,-1.056092,0.200000,0.200000,2.7778,TRACKING
41.624947,129.087649166667,35.074568833333,507990.870,3881316.028,0.001,-3.084031,corrected_imu,576,0.385,5.000,582,507987.721,3881320.917,-1.056092,0.200000,0.200000,2.7778,TRACKING
41.674800,129.087649166667,35.074568833333,507990.870,3881316.028,0.001,-3.084031,corrected_imu,576,0.385,5.000,582,507987.721,3881320.917,-1.056092,0.200000,0.200000,2.7778,TRACKING
41.724934,129.087649166667,35.074568833333,507990.870,3881316.028,0.003,-3.084031,corrected_imu,576,0.385,5.000,582,507987.721,3881320.917,-1.056092,0.200000,0.200000,2.7778,TRACKING
41.774766,129.087649166667,35.074568833333,507990.870,3881316.028,0.003,-3.084031,corrected_imu,576,0.385,5.000,582,507987.721,3881320.917,-1.056092,0.200000,0.200000,2.7778,TRACKING
41.824785,129.087649166667,35.074568833333,507990.870,3881316.028,0.003,-3.084031,corrected_imu,576,0.385,5.000,582,507987.721,3881320.917,-1.056092,0.200000,0.200000,2.7778,TRACKING
41.875045,129.087649166667,35.074568833333,507990.870,3881316.028,0.003,-3.079722,corrected_imu,576,0.385,5.000,582,507987.721,3881320.917,-1.060401,0.200000,0.200000,2.7778,TRACKING
41.925110,129.087649166667,35.074568833333,507990.870,3881316.028,0.003,-3.079722,corrected_imu,576,0.385,5.000,582,507987.721,3881320.917,-1.060401,0.200000,0.200000,2.7778,TRACKING
41.974783,129.087649000000,35.074568833333,507990.855,3881316.028,0.003,-3.079722,corrected_imu,576,0.378,5.000,582,507987.721,3881320.917,-1.062601,0.200000,0.200000,2.7778,TRACKING
42.024753,129.087649000000,35.074568833333,507990.855,3881316.028,0.003,-3.079722,corrected_imu,576,0.378,5.000,582,507987.721,3881320.917,-1.062601,0.200000,0.200000,2.7778,TRACKING
42.074779,129.087649000000,35.074568833333,507990.855,3881316.028,0.003,-3.079722,corrected_imu,576,0.378,5.000,582,507987.721,3881320.917,-1.062601,0.200000,0.200000,2.7778,TRACKING
42.124980,129.087649000000,35.074568833333,507990.855,3881316.028,0.003,-3.079722,corrected_imu,576,0.378,5.000,582,507987.721,3881320.917,-1.062601,0.200000,0.200000,2.7778,TRACKING
42.174781,129.087649000000,35.074568833333,507990.855,3881316.028,0.003,-3.079722,corrected_imu,576,0.378,5.000,582,507987.721,3881320.917,-1.062601,0.200000,0.200000,2.7778,TRACKING
42.224807,129.087649000000,35.074568833333,507990.855,3881316.028,0.007,-3.079722,corrected_imu,576,0.378,5.000,582,507987.721,3881320.917,-1.062601,0.200000,0.200000,2.7778,TRACKING
42.274800,129.087649000000,35.074568833333,507990.855,3881316.028,0.007,-3.079722,corrected_imu,576,0.378,5.000,582,507987.721,3881320.917,-1.062601,0.200000,0.200000,2.7778,TRACKING
42.324786,129.087649000000,35.074568833333,507990.855,3881316.028,0.007,-3.079722,corrected_imu,576,0.378,5.000,582,507987.721,3881320.917,-1.062601,0.200000,0.200000,2.7778,TRACKING
42.374754,129.087649000000,35.074568833333,507990.855,3881316.028,0.007,-3.079722,corrected_imu,576,0.378,5.000,582,507987.721,3881320.917,-1.062601,0.200000,0.200000,2.7778,TRACKING
42.425047,129.087649000000,35.074568833333,507990.855,3881316.028,0.007,-3.079722,corrected_imu,576,0.378,5.000,582,507987.721,3881320.917,-1.062601,0.200000,0.200000,2.7778,TRACKING
42.474829,129.087649000000,35.074568833333,507990.855,3881316.028,0.007,-3.079722,corrected_imu,576,0.378,5.000,582,507987.721,3881320.917,-1.062601,0.200000,0.200000,2.7778,TRACKING
42.524816,129.087649000000,35.074568833333,507990.855,3881316.028,0.007,-3.079722,corrected_imu,576,0.378,5.000,582,507987.721,3881320.917,-1.062601,0.200000,0.200000,2.7778,TRACKING
42.574833,129.087649000000,35.074568833333,507990.855,3881316.028,0.007,-3.079722,corrected_imu,576,0.378,5.000,582,507987.721,3881320.917,-1.062601,0.200000,0.200000,2.7778,TRACKING
42.624762,129.087649000000,35.074568833333,507990.855,3881316.028,0.007,-3.079722,corrected_imu,576,0.378,5.000,582,507987.721,3881320.917,-1.062601,0.200000,0.200000,2.7778,TRACKING
42.674858,129.087649000000,35.074568833333,507990.855,3881316.028,0.007,-3.079722,corrected_imu,576,0.378,5.000,582,507987.721,3881320.917,-1.062601,0.200000,0.200000,2.7778,TRACKING
42.725284,129.087649166667,35.074568666667,507990.870,3881316.009,0.007,-3.079722,corrected_imu,576,0.369,5.000,582,507987.721,3881320.917,-1.062115,0.200000,0.200000,2.7778,TRACKING
42.774857,129.087649166667,35.074568666667,507990.870,3881316.009,0.007,-3.079722,corrected_imu,576,0.369,5.000,582,507987.721,3881320.917,-1.062115,0.200000,0.200000,2.7778,TRACKING
42.825071,129.087649166667,35.074568666667,507990.870,3881316.009,0.007,-3.079722,corrected_imu,576,0.369,5.000,582,507987.721,3881320.917,-1.062115,0.200000,0.200000,2.7778,TRACKING
42.875150,129.087649166667,35.074568666667,507990.870,3881316.009,0.007,-3.078447,corrected_imu,576,0.369,5.000,582,507987.721,3881320.917,-1.063389,0.200000,0.200000,2.7778,TRACKING
42.924804,129.087649166667,35.074568666667,507990.870,3881316.009,0.007,-3.078447,corrected_imu,576,0.369,5.000,582,507987.721,3881320.917,-1.063389,0.200000,0.200000,2.7778,TRACKING
42.975267,129.087649000000,35.074568666667,507990.855,3881316.009,0.004,-3.078447,corrected_imu,576,0.361,5.000,582,507987.721,3881320.917,-1.065587,0.200000,0.200000,2.7778,TRACKING
43.024931,129.087649000000,35.074568666667,507990.855,3881316.009,0.004,-3.078447,corrected_imu,576,0.361,5.000,582,507987.721,3881320.917,-1.065587,0.200000,0.200000,2.7778,TRACKING
43.074755,129.087649000000,35.074568666667,507990.855,3881316.009,0.004,-3.078447,corrected_imu,576,0.361,5.000,582,507987.721,3881320.917,-1.065587,0.200000,0.200000,2.7778,TRACKING
43.124827,129.087649000000,35.074568666667,507990.855,3881316.009,0.004,-3.078447,corrected_imu,576,0.361,5.000,582,507987.721,3881320.917,-1.065587,0.200000,0.200000,2.7778,TRACKING
43.174798,129.087649000000,35.074568666667,507990.855,3881316.009,0.004,-3.078447,corrected_imu,576,0.361,5.000,582,507987.721,3881320.917,-1.065587,0.200000,0.200000,2.7778,TRACKING
43.224764,129.087649000000,35.074568666667,507990.855,3881316.009,0.005,-3.078447,corrected_imu,576,0.361,5.000,582,507987.721,3881320.917,-1.065587,0.200000,0.200000,2.7778,TRACKING
43.274807,129.087649000000,35.074568666667,507990.855,3881316.009,0.005,-3.078447,corrected_imu,576,0.361,5.000,582,507987.721,3881320.917,-1.065587,0.200000,0.200000,2.7778,TRACKING
43.324792,129.087649000000,35.074568666667,507990.855,3881316.009,0.005,-3.078447,corrected_imu,576,0.361,5.000,582,507987.721,3881320.917,-1.065587,0.200000,0.200000,2.7778,TRACKING
43.374787,129.087649000000,35.074568666667,507990.855,3881316.009,0.005,-3.078447,corrected_imu,576,0.361,5.000,582,507987.721,3881320.917,-1.065587,0.200000,0.200000,2.7778,TRACKING
43.424788,129.087649000000,35.074568666667,507990.855,3881316.009,0.005,-3.078447,corrected_imu,576,0.361,5.000,582,507987.721,3881320.917,-1.065587,0.200000,0.200000,2.7778,TRACKING
43.474788,129.087649000000,35.074568833333,507990.855,3881316.028,0.004,-3.078447,corrected_imu,576,0.378,5.000,582,507987.721,3881320.917,-1.063876,0.200000,0.200000,2.7778,TRACKING
43.524785,129.087649000000,35.074568833333,507990.855,3881316.028,0.004,-3.078447,corrected_imu,576,0.378,5.000,582,507987.721,3881320.917,-1.063876,0.200000,0.200000,2.7778,TRACKING
43.574806,129.087649000000,35.074568833333,507990.855,3881316.028,0.004,-3.078447,corrected_imu,576,0.378,5.000,582,507987.721,3881320.917,-1.063876,0.200000,0.200000,2.7778,TRACKING
43.625007,129.087649000000,35.074568833333,507990.855,3881316.028,0.004,-3.078447,corrected_imu,576,0.378,5.000,582,507987.721,3881320.917,-1.063876,0.200000,0.200000,2.7778,TRACKING
43.674795,129.087649000000,35.074568833333,507990.855,3881316.028,0.004,-3.078447,corrected_imu,576,0.378,5.000,582,507987.721,3881320.917,-1.063876,0.200000,0.200000,2.7778,TRACKING
43.725003,129.087649000000,35.074568833333,507990.855,3881316.028,0.004,-3.078447,corrected_imu,576,0.378,5.000,582,507987.721,3881320.917,-1.063876,0.200000,0.200000,2.7778,TRACKING
43.774778,129.087649000000,35.074568833333,507990.855,3881316.028,0.004,-3.078447,corrected_imu,576,0.378,5.000,582,507987.721,3881320.917,-1.063876,0.200000,0.200000,2.7778,TRACKING
43.824841,129.087649000000,35.074568833333,507990.855,3881316.028,0.004,-3.078447,corrected_imu,576,0.378,5.000,582,507987.721,3881320.917,-1.063876,0.200000,0.200000,2.7778,TRACKING
43.874799,129.087649000000,35.074568833333,507990.855,3881316.028,0.004,-3.082680,corrected_imu,576,0.378,5.000,582,507987.721,3881320.917,-1.059644,0.200000,0.200000,2.7778,TRACKING
43.924974,129.087649000000,35.074568833333,507990.855,3881316.028,0.004,-3.082680,corrected_imu,576,0.378,5.000,582,507987.721,3881320.917,-1.059644,0.200000,0.200000,2.7778,TRACKING
43.974778,129.087649166667,35.074568833333,507990.870,3881316.028,0.002,-3.082680,corrected_imu,576,0.385,5.000,582,507987.721,3881320.917,-1.057443,0.200000,0.200000,2.7778,TRACKING
44.024831,129.087649166667,35.074568833333,507990.870,3881316.028,0.002,-3.082680,corrected_imu,576,0.385,5.000,582,507987.721,3881320.917,-1.057443,0.200000,0.200000,2.7778,TRACKING
44.074788,129.087649166667,35.074568833333,507990.870,3881316.028,0.002,-3.082680,corrected_imu,576,0.385,5.000,582,507987.721,3881320.917,-1.057443,0.200000,0.200000,2.7778,TRACKING
44.124786,129.087649166667,35.074568833333,507990.870,3881316.028,0.002,-3.082680,corrected_imu,576,0.385,5.000,582,507987.721,3881320.917,-1.057443,0.200000,0.200000,2.7778,TRACKING
44.174822,129.087649166667,35.074568833333,507990.870,3881316.028,0.002,-3.082680,corrected_imu,576,0.385,5.000,582,507987.721,3881320.917,-1.057443,0.200000,0.200000,2.7778,TRACKING
44.224863,129.087649166667,35.074568833333,507990.870,3881316.028,0.003,-3.082680,corrected_imu,576,0.385,5.000,582,507987.721,3881320.917,-1.057443,0.200000,0.200000,2.7778,TRACKING
44.274781,129.087649166667,35.074568833333,507990.870,3881316.028,0.003,-3.082680,corrected_imu,576,0.385,5.000,582,507987.721,3881320.917,-1.057443,0.200000,0.200000,2.7778,TRACKING
44.324785,129.087649166667,35.074568833333,507990.870,3881316.028,0.003,-3.082680,corrected_imu,576,0.385,5.000,582,507987.721,3881320.917,-1.057443,0.200000,0.200000,2.7778,TRACKING
44.374787,129.087649166667,35.074568833333,507990.870,3881316.028,0.003,-3.082680,corrected_imu,576,0.385,5.000,582,507987.721,3881320.917,-1.057443,0.200000,0.200000,2.7778,TRACKING
44.424951,129.087649166667,35.074568833333,507990.870,3881316.028,0.003,-3.082680,corrected_imu,576,0.385,5.000,582,507987.721,3881320.917,-1.057443,0.200000,0.200000,2.7778,TRACKING
44.474784,129.087649166667,35.074568833333,507990.870,3881316.028,0.005,-3.082680,corrected_imu,576,0.385,5.000,582,507987.721,3881320.917,-1.057443,0.200000,0.200000,2.7778,TRACKING
44.525192,129.087649166667,35.074568833333,507990.870,3881316.028,0.005,-3.082680,corrected_imu,576,0.385,5.000,582,507987.721,3881320.917,-1.057443,0.200000,0.200000,2.7778,TRACKING
44.575019,129.087649166667,35.074568833333,507990.870,3881316.028,0.005,-3.082680,corrected_imu,576,0.385,5.000,582,507987.721,3881320.917,-1.057443,0.200000,0.200000,2.7778,TRACKING
44.624856,129.087649166667,35.074568833333,507990.870,3881316.028,0.005,-3.082680,corrected_imu,576,0.385,5.000,582,507987.721,3881320.917,-1.057443,0.200000,0.200000,2.7778,TRACKING
44.674789,129.087649166667,35.074568833333,507990.870,3881316.028,0.005,-3.082680,corrected_imu,576,0.385,5.000,582,507987.721,3881320.917,-1.057443,0.200000,0.200000,2.7778,TRACKING
44.724772,129.087649000000,35.074568833333,507990.855,3881316.028,0.006,-3.082680,corrected_imu,576,0.378,5.000,582,507987.721,3881320.917,-1.059644,0.200000,0.200000,2.7778,TRACKING
44.774778,129.087649000000,35.074568833333,507990.855,3881316.028,0.006,-3.082680,corrected_imu,576,0.378,5.000,582,507987.721,3881320.917,-1.059644,0.200000,0.200000,2.7778,TRACKING
44.824770,129.087649000000,35.074568833333,507990.855,3881316.028,0.006,-3.082680,corrected_imu,576,0.378,5.000,582,507987.721,3881320.917,-1.059644,0.200000,0.200000,2.7778,TRACKING
44.874787,129.087649000000,35.074568833333,507990.855,3881316.028,0.006,-3.087427,corrected_imu,576,0.378,5.000,582,507987.721,3881320.917,-1.054896,0.200000,0.200000,2.7778,TRACKING
44.924782,129.087649000000,35.074568833333,507990.855,3881316.028,0.006,-3.087427,corrected_imu,576,0.378,5.000,582,507987.721,3881320.917,-1.054896,0.200000,0.200000,2.7778,TRACKING
44.974777,129.087649000000,35.074568833333,507990.855,3881316.028,0.004,-3.087427,corrected_imu,576,0.378,5.000,582,507987.721,3881320.917,-1.054896,0.200000,0.200000,2.7778,TRACKING
45.024790,129.087649000000,35.074568833333,507990.855,3881316.028,0.004,-3.087427,corrected_imu,576,0.378,5.000,582,507987.721,3881320.917,-1.054896,0.200000,0.200000,2.7778,TRACKING
45.074797,129.087649000000,35.074568833333,507990.855,3881316.028,0.004,-3.087427,corrected_imu,576,0.378,5.000,582,507987.721,3881320.917,-1.054896,0.200000,0.200000,2.7778,TRACKING
45.124798,129.087649000000,35.074568833333,507990.855,3881316.028,0.004,-3.087427,corrected_imu,576,0.378,5.000,582,507987.721,3881320.917,-1.054896,0.200000,0.200000,2.7778,TRACKING
45.174946,129.087649000000,35.074568833333,507990.855,3881316.028,0.004,-3.087427,corrected_imu,576,0.378,5.000,582,507987.721,3881320.917,-1.054896,0.200000,0.200000,2.7778,TRACKING
45.224807,129.087649166667,35.074568833333,507990.870,3881316.028,0.002,-3.087427,corrected_imu,576,0.385,5.000,582,507987.721,3881320.917,-1.052695,0.200000,0.200000,2.7778,TRACKING
45.274905,129.087649166667,35.074568833333,507990.870,3881316.028,0.002,-3.087427,corrected_imu,576,0.385,5.000,582,507987.721,3881320.917,-1.052695,0.200000,0.200000,2.7778,TRACKING
45.324819,129.087649166667,35.074568833333,507990.870,3881316.028,0.002,-3.087427,corrected_imu,576,0.385,5.000,582,507987.721,3881320.917,-1.052695,0.200000,0.200000,2.7778,TRACKING
45.375093,129.087649166667,35.074568833333,507990.870,3881316.028,0.002,-3.087427,corrected_imu,576,0.385,5.000,582,507987.721,3881320.917,-1.052695,0.200000,0.200000,2.7778,TRACKING
45.424816,129.087649166667,35.074568833333,507990.870,3881316.028,0.002,-3.087427,corrected_imu,576,0.385,5.000,582,507987.721,3881320.917,-1.052695,0.200000,0.200000,2.7778,TRACKING
45.474777,129.087649166667,35.074568666667,507990.870,3881316.009,0.002,-3.087427,corrected_imu,576,0.369,5.000,582,507987.721,3881320.917,-1.054409,0.200000,0.200000,2.7778,TRACKING
45.524797,129.087649166667,35.074568666667,507990.870,3881316.009,0.002,-3.087427,corrected_imu,576,0.369,5.000,582,507987.721,3881320.917,-1.054409,0.200000,0.200000,2.7778,TRACKING
45.574791,129.087649166667,35.074568666667,507990.870,3881316.009,0.002,-3.087427,corrected_imu,576,0.369,5.000,582,507987.721,3881320.917,-1.054409,0.200000,0.200000,2.7778,TRACKING
45.624917,129.087649166667,35.074568666667,507990.870,3881316.009,0.002,-3.087427,corrected_imu,576,0.369,5.000,582,507987.721,3881320.917,-1.054409,0.200000,0.200000,2.7778,TRACKING
45.674952,129.087649166667,35.074568666667,507990.870,3881316.009,0.002,-3.087427,corrected_imu,576,0.369,5.000,582,507987.721,3881320.917,-1.054409,0.200000,0.200000,2.7778,TRACKING
45.724891,129.087649166667,35.074568666667,507990.870,3881316.009,0.002,-3.087427,corrected_imu,576,0.369,5.000,582,507987.721,3881320.917,-1.054409,0.200000,0.200000,2.7778,TRACKING
45.774971,129.087649166667,35.074568666667,507990.870,3881316.009,0.002,-3.087427,corrected_imu,576,0.369,5.000,582,507987.721,3881320.917,-1.054409,0.200000,0.200000,2.7778,TRACKING
45.824816,129.087649166667,35.074568666667,507990.870,3881316.009,0.002,-3.087427,corrected_imu,576,0.369,5.000,582,507987.721,3881320.917,-1.054409,0.200000,0.200000,2.7778,TRACKING
45.874825,129.087649166667,35.074568666667,507990.870,3881316.009,0.002,-3.087163,corrected_imu,576,0.369,5.000,582,507987.721,3881320.917,-1.054674,0.200000,0.200000,2.7778,TRACKING
45.924869,129.087649166667,35.074568666667,507990.870,3881316.009,0.002,-3.087163,corrected_imu,576,0.369,5.000,582,507987.721,3881320.917,-1.054674,0.200000,0.200000,2.7778,TRACKING
45.974854,129.087649166667,35.074568666667,507990.870,3881316.009,0.006,-3.087163,corrected_imu,576,0.369,5.000,582,507987.721,3881320.917,-1.054674,0.200000,0.200000,2.7778,TRACKING
46.025300,129.087649166667,35.074568666667,507990.870,3881316.009,0.006,-3.087163,corrected_imu,576,0.369,5.000,582,507987.721,3881320.917,-1.054674,0.200000,0.200000,2.7778,TRACKING
46.074863,129.087649166667,35.074568666667,507990.870,3881316.009,0.006,-3.087163,corrected_imu,576,0.369,5.000,582,507987.721,3881320.917,-1.054674,0.200000,0.200000,2.7778,TRACKING
46.124764,129.087649166667,35.074568666667,507990.870,3881316.009,0.006,-3.087163,corrected_imu,576,0.369,5.000,582,507987.721,3881320.917,-1.054674,0.200000,0.200000,2.7778,TRACKING
46.174793,129.087649166667,35.074568666667,507990.870,3881316.009,0.006,-3.087163,corrected_imu,576,0.369,5.000,582,507987.721,3881320.917,-1.054674,0.200000,0.200000,2.7778,TRACKING
46.224793,129.087649166667,35.074568666667,507990.870,3881316.009,0.002,-3.087163,corrected_imu,576,0.369,5.000,582,507987.721,3881320.917,-1.054674,0.200000,0.200000,2.7778,TRACKING
46.274779,129.087649166667,35.074568666667,507990.870,3881316.009,0.002,-3.087163,corrected_imu,576,0.369,5.000,582,507987.721,3881320.917,-1.054674,0.200000,0.200000,2.7778,TRACKING
46.324796,129.087649166667,35.074568666667,507990.870,3881316.009,0.002,-3.087163,corrected_imu,576,0.369,5.000,582,507987.721,3881320.917,-1.054674,0.200000,0.200000,2.7778,TRACKING
46.374992,129.087649166667,35.074568666667,507990.870,3881316.009,0.002,-3.087163,corrected_imu,576,0.369,5.000,582,507987.721,3881320.917,-1.054674,0.200000,0.200000,2.7778,TRACKING
46.424777,129.087649166667,35.074568666667,507990.870,3881316.009,0.002,-3.087163,corrected_imu,576,0.369,5.000,582,507987.721,3881320.917,-1.054674,0.200000,0.200000,2.7778,TRACKING
46.474786,129.087649000000,35.074568666667,507990.855,3881316.009,0.004,-3.087163,corrected_imu,576,0.361,5.000,582,507987.721,3881320.917,-1.056871,0.200000,0.200000,2.7778,TRACKING
46.524917,129.087649000000,35.074568666667,507990.855,3881316.009,0.004,-3.087163,corrected_imu,576,0.361,5.000,582,507987.721,3881320.917,-1.056871,0.200000,0.200000,2.7778,TRACKING
46.574945,129.087649000000,35.074568666667,507990.855,3881316.009,0.004,-3.087163,corrected_imu,576,0.361,5.000,582,507987.721,3881320.917,-1.056871,0.200000,0.200000,2.7778,TRACKING
46.624758,129.087649000000,35.074568666667,507990.855,3881316.009,0.004,-3.087163,corrected_imu,576,0.361,5.000,582,507987.721,3881320.917,-1.056871,0.200000,0.200000,2.7778,TRACKING
46.674806,129.087649000000,35.074568666667,507990.855,3881316.009,0.004,-3.087163,corrected_imu,576,0.361,5.000,582,507987.721,3881320.917,-1.056871,0.200000,0.200000,2.7778,TRACKING
46.724815,129.087649166667,35.074568666667,507990.870,3881316.009,0.004,-3.087163,corrected_imu,576,0.369,5.000,582,507987.721,3881320.917,-1.054674,0.200000,0.200000,2.7778,TRACKING
46.774775,129.087649166667,35.074568666667,507990.870,3881316.009,0.004,-3.087163,corrected_imu,576,0.369,5.000,582,507987.721,3881320.917,-1.054674,0.200000,0.200000,2.7778,TRACKING
46.824760,129.087649166667,35.074568666667,507990.870,3881316.009,0.004,-3.087163,corrected_imu,576,0.369,5.000,582,507987.721,3881320.917,-1.054674,0.200000,0.200000,2.7778,TRACKING
46.874895,129.087649166667,35.074568666667,507990.870,3881316.009,0.004,-3.085983,corrected_imu,576,0.369,5.000,582,507987.721,3881320.917,-1.055854,0.200000,0.200000,2.7778,TRACKING
46.924796,129.087649166667,35.074568666667,507990.870,3881316.009,0.004,-3.085983,corrected_imu,576,0.369,5.000,582,507987.721,3881320.917,-1.055854,0.200000,0.200000,2.7778,TRACKING
46.974831,129.087649166667,35.074568666667,507990.870,3881316.009,0.003,-3.085983,corrected_imu,576,0.369,5.000,582,507987.721,3881320.917,-1.055854,0.200000,0.200000,2.7778,TRACKING
47.024844,129.087649166667,35.074568666667,507990.870,3881316.009,0.003,-3.085983,corrected_imu,576,0.369,5.000,582,507987.721,3881320.917,-1.055854,0.200000,0.200000,2.7778,TRACKING
47.074791,129.087649166667,35.074568666667,507990.870,3881316.009,0.003,-3.085983,corrected_imu,576,0.369,5.000,582,507987.721,3881320.917,-1.055854,0.200000,0.200000,2.7778,TRACKING
47.125000,129.087649166667,35.074568666667,507990.870,3881316.009,0.003,-3.085983,corrected_imu,576,0.369,5.000,582,507987.721,3881320.917,-1.055854,0.200000,0.200000,2.7778,TRACKING
47.174839,129.087649166667,35.074568666667,507990.870,3881316.009,0.003,-3.085983,corrected_imu,576,0.369,5.000,582,507987.721,3881320.917,-1.055854,0.200000,0.200000,2.7778,TRACKING
47.225036,129.087649166667,35.074568666667,507990.870,3881316.009,0.002,-3.085983,corrected_imu,576,0.369,5.000,582,507987.721,3881320.917,-1.055854,0.200000,0.200000,2.7778,TRACKING
47.274843,129.087649166667,35.074568666667,507990.870,3881316.009,0.002,-3.085983,corrected_imu,576,0.369,5.000,582,507987.721,3881320.917,-1.055854,0.200000,0.200000,2.7778,TRACKING
47.324827,129.087649166667,35.074568666667,507990.870,3881316.009,0.002,-3.085983,corrected_imu,576,0.369,5.000,582,507987.721,3881320.917,-1.055854,0.200000,0.200000,2.7778,TRACKING
47.374986,129.087649166667,35.074568666667,507990.870,3881316.009,0.002,-3.085983,corrected_imu,576,0.369,5.000,582,507987.721,3881320.917,-1.055854,0.200000,0.200000,2.7778,TRACKING
47.425247,129.087649166667,35.074568666667,507990.870,3881316.009,0.002,-3.085983,corrected_imu,576,0.369,5.000,582,507987.721,3881320.917,-1.055854,0.200000,0.200000,2.7778,TRACKING
47.474738,129.087649166667,35.074568666667,507990.870,3881316.009,0.002,-3.085983,corrected_imu,576,0.369,5.000,582,507987.721,3881320.917,-1.055854,0.200000,0.200000,2.7778,TRACKING
47.524734,129.087649166667,35.074568666667,507990.870,3881316.009,0.002,-3.085983,corrected_imu,576,0.369,5.000,582,507987.721,3881320.917,-1.055854,0.200000,0.200000,2.7778,TRACKING
47.574740,129.087649166667,35.074568666667,507990.870,3881316.009,0.002,-3.085983,corrected_imu,576,0.369,5.000,582,507987.721,3881320.917,-1.055854,0.200000,0.200000,2.7778,TRACKING
47.624821,129.087649166667,35.074568666667,507990.870,3881316.009,0.002,-3.085983,corrected_imu,576,0.369,5.000,582,507987.721,3881320.917,-1.055854,0.200000,0.200000,2.7778,TRACKING
47.675491,129.087649166667,35.074568666667,507990.870,3881316.009,0.002,-3.085983,corrected_imu,576,0.369,5.000,582,507987.721,3881320.917,-1.055854,0.200000,0.200000,2.7778,TRACKING
47.724777,129.087649166667,35.074568833333,507990.870,3881316.028,0.002,-3.085983,corrected_imu,576,0.385,5.000,582,507987.721,3881320.917,-1.054140,0.200000,0.200000,2.7778,TRACKING
47.774774,129.087649166667,35.074568833333,507990.870,3881316.028,0.002,-3.085983,corrected_imu,576,0.385,5.000,582,507987.721,3881320.917,-1.054140,0.200000,0.200000,2.7778,TRACKING
47.824748,129.087649166667,35.074568833333,507990.870,3881316.028,0.002,-3.085983,corrected_imu,576,0.385,5.000,582,507987.721,3881320.917,-1.054140,0.200000,0.200000,2.7778,TRACKING
47.874788,129.087649166667,35.074568833333,507990.870,3881316.028,0.002,-3.084367,corrected_imu,576,0.385,5.000,582,507987.721,3881320.917,-1.055755,0.200000,0.200000,2.7778,TRACKING
47.924844,129.087649166667,35.074568833333,507990.870,3881316.028,0.002,-3.084367,corrected_imu,576,0.385,5.000,582,507987.721,3881320.917,-1.055755,0.200000,0.200000,2.7778,TRACKING
47.974893,129.087649166667,35.074568833333,507990.870,3881316.028,0.006,-3.084367,corrected_imu,576,0.385,5.000,582,507987.721,3881320.917,-1.055755,0.200000,0.200000,2.7778,TRACKING
48.024794,129.087649166667,35.074568833333,507990.870,3881316.028,0.006,-3.084367,corrected_imu,576,0.385,5.000,582,507987.721,3881320.917,-1.055755,0.200000,0.200000,2.7778,TRACKING
48.074856,129.087649166667,35.074568833333,507990.870,3881316.028,0.006,-3.084367,corrected_imu,576,0.385,5.000,582,507987.721,3881320.917,-1.055755,0.200000,0.200000,2.7778,TRACKING
48.124782,129.087649166667,35.074568833333,507990.870,3881316.028,0.006,-3.084367,corrected_imu,576,0.385,5.000,582,507987.721,3881320.917,-1.055755,0.200000,0.200000,2.7778,TRACKING
48.174780,129.087649166667,35.074568833333,507990.870,3881316.028,0.006,-3.084367,corrected_imu,576,0.385,5.000,582,507987.721,3881320.917,-1.055755,0.200000,0.200000,2.7778,TRACKING
48.224771,129.087649166667,35.074568833333,507990.870,3881316.028,0.005,-3.084367,corrected_imu,576,0.385,5.000,582,507987.721,3881320.917,-1.055755,0.200000,0.200000,2.7778,TRACKING
48.274775,129.087649166667,35.074568833333,507990.870,3881316.028,0.005,-3.084367,corrected_imu,576,0.385,5.000,582,507987.721,3881320.917,-1.055755,0.200000,0.200000,2.7778,TRACKING
48.324765,129.087649166667,35.074568833333,507990.870,3881316.028,0.005,-3.084367,corrected_imu,576,0.385,5.000,582,507987.721,3881320.917,-1.055755,0.200000,0.200000,2.7778,TRACKING
48.374779,129.087649166667,35.074568833333,507990.870,3881316.028,0.005,-3.084367,corrected_imu,576,0.385,5.000,582,507987.721,3881320.917,-1.055755,0.200000,0.200000,2.7778,TRACKING
48.424794,129.087649166667,35.074568833333,507990.870,3881316.028,0.005,-3.084367,corrected_imu,576,0.385,5.000,582,507987.721,3881320.917,-1.055755,0.200000,0.200000,2.7778,TRACKING
48.474785,129.087649166667,35.074568833333,507990.870,3881316.028,0.004,-3.084367,corrected_imu,576,0.385,5.000,582,507987.721,3881320.917,-1.055755,0.200000,0.200000,2.7778,TRACKING
48.524767,129.087649166667,35.074568833333,507990.870,3881316.028,0.004,-3.084367,corrected_imu,576,0.385,5.000,582,507987.721,3881320.917,-1.055755,0.200000,0.200000,2.7778,TRACKING
48.574926,129.087649166667,35.074568833333,507990.870,3881316.028,0.004,-3.084367,corrected_imu,576,0.385,5.000,582,507987.721,3881320.917,-1.055755,0.200000,0.200000,2.7778,TRACKING
48.624804,129.087649166667,35.074568833333,507990.870,3881316.028,0.004,-3.084367,corrected_imu,576,0.385,5.000,582,507987.721,3881320.917,-1.055755,0.200000,0.200000,2.7778,TRACKING
48.674964,129.087649166667,35.074568833333,507990.870,3881316.028,0.004,-3.084367,corrected_imu,576,0.385,5.000,582,507987.721,3881320.917,-1.055755,0.200000,0.200000,2.7778,TRACKING
48.724795,129.087649166667,35.074568833333,507990.870,3881316.028,0.003,-3.084367,corrected_imu,576,0.385,5.000,582,507987.721,3881320.917,-1.055755,0.200000,0.200000,2.7778,TRACKING
48.774793,129.087649166667,35.074568833333,507990.870,3881316.028,0.003,-3.084367,corrected_imu,576,0.385,5.000,582,507987.721,3881320.917,-1.055755,0.200000,0.200000,2.7778,TRACKING
48.824790,129.087649166667,35.074568833333,507990.870,3881316.028,0.003,-3.084367,corrected_imu,576,0.385,5.000,582,507987.721,3881320.917,-1.055755,0.200000,0.200000,2.7778,TRACKING
48.874778,129.087649166667,35.074568833333,507990.870,3881316.028,0.003,-3.086037,corrected_imu,576,0.385,5.000,582,507987.721,3881320.917,-1.054086,0.200000,0.200000,2.7778,TRACKING
48.924795,129.087649166667,35.074568833333,507990.870,3881316.028,0.003,-3.086037,corrected_imu,576,0.385,5.000,582,507987.721,3881320.917,-1.054086,0.200000,0.200000,2.7778,TRACKING
48.974824,129.087649166667,35.074568833333,507990.870,3881316.028,0.004,-3.086037,corrected_imu,576,0.385,5.000,582,507987.721,3881320.917,-1.054086,0.200000,0.200000,2.7778,TRACKING
49.025069,129.087649166667,35.074568833333,507990.870,3881316.028,0.004,-3.086037,corrected_imu,576,0.385,5.000,582,507987.721,3881320.917,-1.054086,0.200000,0.200000,2.7778,TRACKING
49.074809,129.087649166667,35.074568833333,507990.870,3881316.028,0.004,-3.086037,corrected_imu,576,0.385,5.000,582,507987.721,3881320.917,-1.054086,0.200000,0.200000,2.7778,TRACKING
49.124788,129.087649166667,35.074568833333,507990.870,3881316.028,0.004,-3.086037,corrected_imu,576,0.385,5.000,582,507987.721,3881320.917,-1.054086,0.200000,0.200000,2.7778,TRACKING
49.174796,129.087649166667,35.074568833333,507990.870,3881316.028,0.004,-3.086037,corrected_imu,576,0.385,5.000,582,507987.721,3881320.917,-1.054086,0.200000,0.200000,2.7778,TRACKING
49.224976,129.087649000000,35.074568833333,507990.855,3881316.028,0.003,-3.086037,corrected_imu,576,0.378,5.000,582,507987.721,3881320.917,-1.056287,0.200000,0.200000,2.7778,TRACKING
49.274773,129.087649000000,35.074568833333,507990.855,3881316.028,0.003,-3.086037,corrected_imu,576,0.378,5.000,582,507987.721,3881320.917,-1.056287,0.200000,0.200000,2.7778,TRACKING
49.324992,129.087649000000,35.074568833333,507990.855,3881316.028,0.003,-3.086037,corrected_imu,576,0.378,5.000,582,507987.721,3881320.917,-1.056287,0.200000,0.200000,2.7778,TRACKING
49.374823,129.087649000000,35.074568833333,507990.855,3881316.028,0.003,-3.086037,corrected_imu,576,0.378,5.000,582,507987.721,3881320.917,-1.056287,0.200000,0.200000,2.7778,TRACKING
49.424933,129.087649000000,35.074568833333,507990.855,3881316.028,0.003,-3.086037,corrected_imu,576,0.378,5.000,582,507987.721,3881320.917,-1.056287,0.200000,0.200000,2.7778,TRACKING
49.474896,129.087649000000,35.074568666667,507990.855,3881316.009,0.002,-3.086037,corrected_imu,576,0.361,5.000,582,507987.721,3881320.917,-1.057997,0.200000,0.200000,2.7778,TRACKING
49.524943,129.087649000000,35.074568666667,507990.855,3881316.009,0.002,-3.086037,corrected_imu,576,0.361,5.000,582,507987.721,3881320.917,-1.057997,0.200000,0.200000,2.7778,TRACKING
49.574897,129.087649000000,35.074568666667,507990.855,3881316.009,0.002,-3.086037,corrected_imu,576,0.361,5.000,582,507987.721,3881320.917,-1.057997,0.200000,0.200000,2.7778,TRACKING
49.624873,129.087649000000,35.074568666667,507990.855,3881316.009,0.002,-3.086037,corrected_imu,576,0.361,5.000,582,507987.721,3881320.917,-1.057997,0.200000,0.200000,2.7778,TRACKING
49.674779,129.087649000000,35.074568666667,507990.855,3881316.009,0.002,-3.086037,corrected_imu,576,0.361,5.000,582,507987.721,3881320.917,-1.057997,0.200000,0.200000,2.7778,TRACKING
49.724764,129.087649000000,35.074568666667,507990.855,3881316.009,0.005,-3.086037,corrected_imu,576,0.361,5.000,582,507987.721,3881320.917,-1.057997,0.200000,0.200000,2.7778,TRACKING
49.774773,129.087649000000,35.074568666667,507990.855,3881316.009,0.005,-3.086037,corrected_imu,576,0.361,5.000,582,507987.721,3881320.917,-1.057997,0.200000,0.200000,2.7778,TRACKING
49.824796,129.087649000000,35.074568666667,507990.855,3881316.009,0.005,-3.086037,corrected_imu,576,0.361,5.000,582,507987.721,3881320.917,-1.057997,0.200000,0.200000,2.7778,TRACKING
49.874878,129.087649000000,35.074568666667,507990.855,3881316.009,0.005,-3.087538,corrected_imu,576,0.361,5.000,582,507987.721,3881320.917,-1.056496,0.200000,0.200000,2.7778,TRACKING
49.924976,129.087649000000,35.074568666667,507990.855,3881316.009,0.005,-3.087538,corrected_imu,576,0.361,5.000,582,507987.721,3881320.917,-1.056496,0.200000,0.200000,2.7778,TRACKING
49.974907,129.087649000000,35.074568666667,507990.855,3881316.009,0.007,-3.087538,corrected_imu,576,0.361,5.000,582,507987.721,3881320.917,-1.056496,0.200000,0.200000,2.7778,TRACKING
50.024825,129.087649000000,35.074568666667,507990.855,3881316.009,0.007,-3.087538,corrected_imu,576,0.361,5.000,582,507987.721,3881320.917,-1.056496,0.200000,0.200000,2.7778,TRACKING
50.074997,129.087649000000,35.074568666667,507990.855,3881316.009,0.007,-3.087538,corrected_imu,576,0.361,5.000,582,507987.721,3881320.917,-1.056496,0.200000,0.200000,2.7778,TRACKING
50.124940,129.087649000000,35.074568666667,507990.855,3881316.009,0.007,-3.087538,corrected_imu,576,0.361,5.000,582,507987.721,3881320.917,-1.056496,0.200000,0.200000,2.7778,TRACKING
50.174792,129.087649000000,35.074568666667,507990.855,3881316.009,0.007,-3.087538,corrected_imu,576,0.361,5.000,582,507987.721,3881320.917,-1.056496,0.200000,0.200000,2.7778,TRACKING
50.224788,129.087649000000,35.074568666667,507990.855,3881316.009,0.008,-3.087538,corrected_imu,576,0.361,5.000,582,507987.721,3881320.917,-1.056496,0.200000,0.200000,2.7778,TRACKING
50.274810,129.087649000000,35.074568666667,507990.855,3881316.009,0.008,-3.087538,corrected_imu,576,0.361,5.000,582,507987.721,3881320.917,-1.056496,0.200000,0.200000,2.7778,TRACKING
50.324822,129.087649000000,35.074568666667,507990.855,3881316.009,0.008,-3.087538,corrected_imu,576,0.361,5.000,582,507987.721,3881320.917,-1.056496,0.200000,0.200000,2.7778,TRACKING
50.374924,129.087649000000,35.074568666667,507990.855,3881316.009,0.008,-3.087538,corrected_imu,576,0.361,5.000,582,507987.721,3881320.917,-1.056496,0.200000,0.200000,2.7778,TRACKING
50.424825,129.087649000000,35.074568666667,507990.855,3881316.009,0.008,-3.087538,corrected_imu,576,0.361,5.000,582,507987.721,3881320.917,-1.056496,0.200000,0.200000,2.7778,TRACKING
50.474783,129.087649000000,35.074568666667,507990.855,3881316.009,0.010,-3.087538,corrected_imu,576,0.361,5.000,582,507987.721,3881320.917,-1.056496,0.200000,0.200000,2.7778,TRACKING
50.524934,129.087649000000,35.074568666667,507990.855,3881316.009,0.010,-3.087538,corrected_imu,576,0.361,5.000,582,507987.721,3881320.917,-1.056496,0.200000,0.200000,2.7778,TRACKING
50.574964,129.087649000000,35.074568666667,507990.855,3881316.009,0.010,-3.087538,corrected_imu,576,0.361,5.000,582,507987.721,3881320.917,-1.056496,0.200000,0.200000,2.7778,TRACKING
50.624781,129.087649000000,35.074568666667,507990.855,3881316.009,0.010,-3.087538,corrected_imu,576,0.361,5.000,582,507987.721,3881320.917,-1.056496,0.200000,0.200000,2.7778,TRACKING
50.674953,129.087649000000,35.074568666667,507990.855,3881316.009,0.010,-3.087538,corrected_imu,576,0.361,5.000,582,507987.721,3881320.917,-1.056496,0.200000,0.200000,2.7778,TRACKING
50.724818,129.087649000000,35.074568666667,507990.855,3881316.009,0.008,-3.087538,corrected_imu,576,0.361,5.000,582,507987.721,3881320.917,-1.056496,0.200000,0.200000,2.7778,TRACKING
50.774973,129.087649000000,35.074568666667,507990.855,3881316.009,0.008,-3.087538,corrected_imu,576,0.361,5.000,582,507987.721,3881320.917,-1.056496,0.200000,0.200000,2.7778,TRACKING
50.824977,129.087649000000,35.074568666667,507990.855,3881316.009,0.008,-3.087538,corrected_imu,576,0.361,5.000,582,507987.721,3881320.917,-1.056496,0.200000,0.200000,2.7778,TRACKING
50.874823,129.087649000000,35.074568666667,507990.855,3881316.009,0.008,-3.087445,corrected_imu,576,0.361,5.000,582,507987.721,3881320.917,-1.056589,0.200000,0.200000,2.7778,TRACKING
50.924772,129.087649000000,35.074568666667,507990.855,3881316.009,0.008,-3.087445,corrected_imu,576,0.361,5.000,582,507987.721,3881320.917,-1.056589,0.200000,0.200000,2.7778,TRACKING
50.974785,129.087649000000,35.074568666667,507990.855,3881316.009,0.007,-3.087445,corrected_imu,576,0.361,5.000,582,507987.721,3881320.917,-1.056589,0.200000,0.200000,2.7778,TRACKING
51.024791,129.087649000000,35.074568666667,507990.855,3881316.009,0.007,-3.087445,corrected_imu,576,0.361,5.000,582,507987.721,3881320.917,-1.056589,0.200000,0.200000,2.7778,TRACKING
51.075016,129.087649000000,35.074568666667,507990.855,3881316.009,0.007,-3.087445,corrected_imu,576,0.361,5.000,582,507987.721,3881320.917,-1.056589,0.200000,0.200000,2.7778,TRACKING
51.124804,129.087649000000,35.074568666667,507990.855,3881316.009,0.007,-3.087445,corrected_imu,576,0.361,5.000,582,507987.721,3881320.917,-1.056589,0.200000,0.200000,2.7778,TRACKING
51.174988,129.087649000000,35.074568666667,507990.855,3881316.009,0.007,-3.087445,corrected_imu,576,0.361,5.000,582,507987.721,3881320.917,-1.056589,0.200000,0.200000,2.7778,TRACKING
51.224947,129.087649000000,35.074568666667,507990.855,3881316.009,0.004,-3.087445,corrected_imu,576,0.361,5.000,582,507987.721,3881320.917,-1.056589,0.200000,0.200000,2.7778,TRACKING
51.274803,129.087649000000,35.074568666667,507990.855,3881316.009,0.004,-3.087445,corrected_imu,576,0.361,5.000,582,507987.721,3881320.917,-1.056589,0.200000,0.200000,2.7778,TRACKING
51.325048,129.087649000000,35.074568666667,507990.855,3881316.009,0.004,-3.087445,corrected_imu,576,0.361,5.000,582,507987.721,3881320.917,-1.056589,0.200000,0.200000,2.7778,TRACKING
51.374809,129.087649000000,35.074568666667,507990.855,3881316.009,0.004,-3.087445,corrected_imu,576,0.361,5.000,582,507987.721,3881320.917,-1.056589,0.200000,0.200000,2.7778,TRACKING
51.424799,129.087649000000,35.074568666667,507990.855,3881316.009,0.004,-3.087445,corrected_imu,576,0.361,5.000,582,507987.721,3881320.917,-1.056589,0.200000,0.200000,2.7778,TRACKING
51.474787,129.087649000000,35.074568666667,507990.855,3881316.009,0.005,-3.087445,corrected_imu,576,0.361,5.000,582,507987.721,3881320.917,-1.056589,0.200000,0.200000,2.7778,TRACKING
51.524930,129.087649000000,35.074568666667,507990.855,3881316.009,0.005,-3.087445,corrected_imu,576,0.361,5.000,582,507987.721,3881320.917,-1.056589,0.200000,0.200000,2.7778,TRACKING
51.574795,129.087649000000,35.074568666667,507990.855,3881316.009,0.005,-3.087445,corrected_imu,576,0.361,5.000,582,507987.721,3881320.917,-1.056589,0.200000,0.200000,2.7778,TRACKING
51.624785,129.087649000000,35.074568666667,507990.855,3881316.009,0.005,-3.087445,corrected_imu,576,0.361,5.000,582,507987.721,3881320.917,-1.056589,0.200000,0.200000,2.7778,TRACKING
51.674790,129.087649000000,35.074568666667,507990.855,3881316.009,0.005,-3.087445,corrected_imu,576,0.361,5.000,582,507987.721,3881320.917,-1.056589,0.200000,0.200000,2.7778,TRACKING
51.724938,129.087649000000,35.074568666667,507990.855,3881316.009,0.004,-3.087445,corrected_imu,576,0.361,5.000,582,507987.721,3881320.917,-1.056589,0.200000,0.200000,2.7778,TRACKING
51.774960,129.087649000000,35.074568666667,507990.855,3881316.009,0.004,-3.087445,corrected_imu,576,0.361,5.000,582,507987.721,3881320.917,-1.056589,0.200000,0.200000,2.7778,TRACKING
51.824789,129.087649000000,35.074568666667,507990.855,3881316.009,0.004,-3.087445,corrected_imu,576,0.361,5.000,582,507987.721,3881320.917,-1.056589,0.200000,0.200000,2.7778,TRACKING
51.874901,129.087649000000,35.074568666667,507990.855,3881316.009,0.004,-3.087246,corrected_imu,576,0.361,5.000,582,507987.721,3881320.917,-1.056788,0.200000,0.200000,2.7778,TRACKING
51.924797,129.087649000000,35.074568666667,507990.855,3881316.009,0.004,-3.087246,corrected_imu,576,0.361,5.000,582,507987.721,3881320.917,-1.056788,0.200000,0.200000,2.7778,TRACKING
51.974788,129.087649000000,35.074568666667,507990.855,3881316.009,0.002,-3.087246,corrected_imu,576,0.361,5.000,582,507987.721,3881320.917,-1.056788,0.200000,0.200000,2.7778,TRACKING
52.024785,129.087649000000,35.074568666667,507990.855,3881316.009,0.002,-3.087246,corrected_imu,576,0.361,5.000,582,507987.721,3881320.917,-1.056788,0.200000,0.200000,2.7778,TRACKING
52.074771,129.087649000000,35.074568666667,507990.855,3881316.009,0.002,-3.087246,corrected_imu,576,0.361,5.000,582,507987.721,3881320.917,-1.056788,0.200000,0.200000,2.7778,TRACKING
52.124923,129.087649000000,35.074568666667,507990.855,3881316.009,0.002,-3.087246,corrected_imu,576,0.361,5.000,582,507987.721,3881320.917,-1.056788,0.200000,0.200000,2.7778,TRACKING
52.174859,129.087649000000,35.074568666667,507990.855,3881316.009,0.002,-3.087246,corrected_imu,576,0.361,5.000,582,507987.721,3881320.917,-1.056788,0.200000,0.200000,2.7778,TRACKING
52.224961,129.087649000000,35.074568666667,507990.855,3881316.009,0.005,-3.087246,corrected_imu,576,0.361,5.000,582,507987.721,3881320.917,-1.056788,0.200000,0.200000,2.7778,TRACKING
52.274842,129.087649000000,35.074568666667,507990.855,3881316.009,0.005,-3.087246,corrected_imu,576,0.361,5.000,582,507987.721,3881320.917,-1.056788,0.200000,0.200000,2.7778,TRACKING
52.325211,129.087649000000,35.074568666667,507990.855,3881316.009,0.005,-3.087246,corrected_imu,576,0.361,5.000,582,507987.721,3881320.917,-1.056788,0.200000,0.200000,2.7778,TRACKING
52.375123,129.087649000000,35.074568666667,507990.855,3881316.009,0.005,-3.087246,corrected_imu,576,0.361,5.000,582,507987.721,3881320.917,-1.056788,0.200000,0.200000,2.7778,TRACKING
52.424953,129.087649000000,35.074568666667,507990.855,3881316.009,0.005,-3.087246,corrected_imu,576,0.361,5.000,582,507987.721,3881320.917,-1.056788,0.200000,0.200000,2.7778,TRACKING
52.475148,129.087649000000,35.074568666667,507990.855,3881316.009,0.005,-3.087246,corrected_imu,576,0.361,5.000,582,507987.721,3881320.917,-1.056788,0.200000,0.200000,2.7778,TRACKING
52.525195,129.087649000000,35.074568666667,507990.855,3881316.009,0.005,-3.087246,corrected_imu,576,0.361,5.000,582,507987.721,3881320.917,-1.056788,0.200000,0.200000,2.7778,TRACKING
52.575026,129.087649000000,35.074568666667,507990.855,3881316.009,0.005,-3.087246,corrected_imu,576,0.361,5.000,582,507987.721,3881320.917,-1.056788,0.200000,0.200000,2.7778,TRACKING
52.625249,129.087649000000,35.074568666667,507990.855,3881316.009,0.005,-3.087246,corrected_imu,576,0.361,5.000,582,507987.721,3881320.917,-1.056788,0.200000,0.200000,2.7778,TRACKING
52.674757,129.087649000000,35.074568666667,507990.855,3881316.009,0.005,-3.087246,corrected_imu,576,0.361,5.000,582,507987.721,3881320.917,-1.056788,0.200000,0.200000,2.7778,TRACKING
52.724779,129.087649000000,35.074568666667,507990.855,3881316.009,0.005,-3.087246,corrected_imu,576,0.361,5.000,582,507987.721,3881320.917,-1.056788,0.200000,0.200000,2.7778,TRACKING
52.774775,129.087649000000,35.074568666667,507990.855,3881316.009,0.005,-3.087246,corrected_imu,576,0.361,5.000,582,507987.721,3881320.917,-1.056788,0.200000,0.200000,2.7778,TRACKING
52.824801,129.087649000000,35.074568666667,507990.855,3881316.009,0.005,-3.087246,corrected_imu,576,0.361,5.000,582,507987.721,3881320.917,-1.056788,0.200000,0.200000,2.7778,TRACKING
52.874784,129.087649000000,35.074568666667,507990.855,3881316.009,0.005,-3.085302,corrected_imu,576,0.361,5.000,582,507987.721,3881320.917,-1.058733,0.200000,0.200000,2.7778,TRACKING
52.924907,129.087649000000,35.074568666667,507990.855,3881316.009,0.005,-3.085302,corrected_imu,576,0.361,5.000,582,507987.721,3881320.917,-1.058733,0.200000,0.200000,2.7778,TRACKING
52.974965,129.087649000000,35.074568666667,507990.855,3881316.009,0.006,-3.085302,corrected_imu,576,0.361,5.000,582,507987.721,3881320.917,-1.058733,0.200000,0.200000,2.7778,TRACKING
53.025002,129.087649000000,35.074568666667,507990.855,3881316.009,0.006,-3.085302,corrected_imu,576,0.361,5.000,582,507987.721,3881320.917,-1.058733,0.200000,0.200000,2.7778,TRACKING
53.075000,129.087649000000,35.074568666667,507990.855,3881316.009,0.006,-3.085302,corrected_imu,576,0.361,5.000,582,507987.721,3881320.917,-1.058733,0.200000,0.200000,2.7778,TRACKING
53.125074,129.087649000000,35.074568666667,507990.855,3881316.009,0.006,-3.085302,corrected_imu,576,0.361,5.000,582,507987.721,3881320.917,-1.058733,0.200000,0.200000,2.7778,TRACKING
53.174891,129.087649000000,35.074568666667,507990.855,3881316.009,0.006,-3.085302,corrected_imu,576,0.361,5.000,582,507987.721,3881320.917,-1.058733,0.200000,0.200000,2.7778,TRACKING
53.225466,129.087648833333,35.074568666667,507990.839,3881316.009,0.003,-3.085302,corrected_imu,576,0.354,5.000,582,507987.721,3881320.917,-1.060936,0.200000,0.200000,2.7778,TRACKING
53.274783,129.087648833333,35.074568666667,507990.839,3881316.009,0.003,-3.085302,corrected_imu,576,0.354,5.000,582,507987.721,3881320.917,-1.060936,0.200000,0.200000,2.7778,TRACKING
53.324780,129.087648833333,35.074568666667,507990.839,3881316.009,0.003,-3.085302,corrected_imu,576,0.354,5.000,582,507987.721,3881320.917,-1.060936,0.200000,0.200000,2.7778,TRACKING
53.374785,129.087648833333,35.074568666667,507990.839,3881316.009,0.003,-3.085302,corrected_imu,576,0.354,5.000,582,507987.721,3881320.917,-1.060936,0.200000,0.200000,2.7778,TRACKING
53.424783,129.087648833333,35.074568666667,507990.839,3881316.009,0.003,-3.085302,corrected_imu,576,0.354,5.000,582,507987.721,3881320.917,-1.060936,0.200000,0.200000,2.7778,TRACKING
53.474812,129.087649000000,35.074568666667,507990.855,3881316.009,0.007,-3.085302,corrected_imu,576,0.361,5.000,582,507987.721,3881320.917,-1.058733,0.200000,0.200000,2.7778,TRACKING
53.524941,129.087649000000,35.074568666667,507990.855,3881316.009,0.007,-3.085302,corrected_imu,576,0.361,5.000,582,507987.721,3881320.917,-1.058733,0.200000,0.200000,2.7778,TRACKING
53.574758,129.087649000000,35.074568666667,507990.855,3881316.009,0.007,-3.085302,corrected_imu,576,0.361,5.000,582,507987.721,3881320.917,-1.058733,0.200000,0.200000,2.7778,TRACKING
53.625080,129.087649000000,35.074568666667,507990.855,3881316.009,0.007,-3.085302,corrected_imu,576,0.361,5.000,582,507987.721,3881320.917,-1.058733,0.200000,0.200000,2.7778,TRACKING
53.674920,129.087649000000,35.074568666667,507990.855,3881316.009,0.007,-3.085302,corrected_imu,576,0.361,5.000,582,507987.721,3881320.917,-1.058733,0.200000,0.200000,2.7778,TRACKING
53.724795,129.087649000000,35.074568666667,507990.855,3881316.009,0.003,-3.085302,corrected_imu,576,0.361,5.000,582,507987.721,3881320.917,-1.058733,0.200000,0.200000,2.7778,TRACKING
53.774778,129.087649000000,35.074568666667,507990.855,3881316.009,0.003,-3.085302,corrected_imu,576,0.361,5.000,582,507987.721,3881320.917,-1.058733,0.200000,0.200000,2.7778,TRACKING
53.824810,129.087649000000,35.074568666667,507990.855,3881316.009,0.003,-3.085302,corrected_imu,576,0.361,5.000,582,507987.721,3881320.917,-1.058733,0.200000,0.200000,2.7778,TRACKING
53.874804,129.087649000000,35.074568666667,507990.855,3881316.009,0.003,-3.084266,corrected_imu,576,0.361,5.000,582,507987.721,3881320.917,-1.059769,0.200000,0.200000,2.7778,TRACKING
53.924790,129.087649000000,35.074568666667,507990.855,3881316.009,0.003,-3.084266,corrected_imu,576,0.361,5.000,582,507987.721,3881320.917,-1.059769,0.200000,0.200000,2.7778,TRACKING
53.974789,129.087649000000,35.074568666667,507990.855,3881316.009,0.004,-3.084266,corrected_imu,576,0.361,5.000,582,507987.721,3881320.917,-1.059769,0.200000,0.200000,2.7778,TRACKING
54.025094,129.087649000000,35.074568666667,507990.855,3881316.009,0.004,-3.084266,corrected_imu,576,0.361,5.000,582,507987.721,3881320.917,-1.059769,0.200000,0.200000,2.7778,TRACKING
54.074824,129.087649000000,35.074568666667,507990.855,3881316.009,0.004,-3.084266,corrected_imu,576,0.361,5.000,582,507987.721,3881320.917,-1.059769,0.200000,0.200000,2.7778,TRACKING
54.124849,129.087649000000,35.074568666667,507990.855,3881316.009,0.004,-3.084266,corrected_imu,576,0.361,5.000,582,507987.721,3881320.917,-1.059769,0.200000,0.200000,2.7778,TRACKING
54.175208,129.087649000000,35.074568666667,507990.855,3881316.009,0.004,-3.084266,corrected_imu,576,0.361,5.000,582,507987.721,3881320.917,-1.059769,0.200000,0.200000,2.7778,TRACKING
54.225039,129.087648833333,35.074568666667,507990.839,3881316.009,0.003,-3.084266,corrected_imu,576,0.354,5.000,582,507987.721,3881320.917,-1.061972,0.200000,0.200000,2.7778,TRACKING
54.274757,129.087648833333,35.074568666667,507990.839,3881316.009,0.003,-3.084266,corrected_imu,576,0.354,5.000,582,507987.721,3881320.917,-1.061972,0.200000,0.200000,2.7778,TRACKING
54.324761,129.087648833333,35.074568666667,507990.839,3881316.009,0.003,-3.084266,corrected_imu,576,0.354,5.000,582,507987.721,3881320.917,-1.061972,0.200000,0.200000,2.7778,TRACKING
54.374782,129.087648833333,35.074568666667,507990.839,3881316.009,0.003,-3.084266,corrected_imu,576,0.354,5.000,582,507987.721,3881320.917,-1.061972,0.200000,0.200000,2.7778,TRACKING
54.424777,129.087648833333,35.074568666667,507990.839,3881316.009,0.003,-3.084266,corrected_imu,576,0.354,5.000,582,507987.721,3881320.917,-1.061972,0.200000,0.200000,2.7778,TRACKING
54.474827,129.087648833333,35.074568500000,507990.840,3881315.991,0.008,-3.084266,corrected_imu,576,0.338,5.000,582,507987.721,3881320.917,-1.063670,0.200000,0.200000,2.7778,TRACKING
54.524812,129.087648833333,35.074568500000,507990.840,3881315.991,0.008,-3.084266,corrected_imu,576,0.338,5.000,582,507987.721,3881320.917,-1.063670,0.200000,0.200000,2.7778,TRACKING
54.574843,129.087648833333,35.074568500000,507990.840,3881315.991,0.008,-3.084266,corrected_imu,576,0.338,5.000,582,507987.721,3881320.917,-1.063670,0.200000,0.200000,2.7778,TRACKING
54.624848,129.087648833333,35.074568500000,507990.840,3881315.991,0.008,-3.084266,corrected_imu,576,0.338,5.000,582,507987.721,3881320.917,-1.063670,0.200000,0.200000,2.7778,TRACKING
54.675007,129.087648833333,35.074568500000,507990.840,3881315.991,0.008,-3.084266,corrected_imu,576,0.338,5.000,582,507987.721,3881320.917,-1.063670,0.200000,0.200000,2.7778,TRACKING
54.724768,129.087648833333,35.074568500000,507990.840,3881315.991,0.008,-3.084266,corrected_imu,576,0.338,5.000,582,507987.721,3881320.917,-1.063670,0.200000,0.200000,2.7778,TRACKING
54.774780,129.087648833333,35.074568500000,507990.840,3881315.991,0.008,-3.084266,corrected_imu,576,0.338,5.000,582,507987.721,3881320.917,-1.063670,0.200000,0.200000,2.7778,TRACKING
54.824772,129.087648833333,35.074568500000,507990.840,3881315.991,0.008,-3.084266,corrected_imu,576,0.338,5.000,582,507987.721,3881320.917,-1.063670,0.200000,0.200000,2.7778,TRACKING
54.874796,129.087648833333,35.074568500000,507990.840,3881315.991,0.008,-3.083631,corrected_imu,576,0.338,5.000,582,507987.721,3881320.917,-1.064305,0.200000,0.200000,2.7778,TRACKING
54.924812,129.087648833333,35.074568500000,507990.840,3881315.991,0.008,-3.083631,corrected_imu,576,0.338,5.000,582,507987.721,3881320.917,-1.064305,0.200000,0.200000,2.7778,TRACKING
54.974836,129.087648833333,35.074568500000,507990.840,3881315.991,0.008,-3.083631,corrected_imu,576,0.338,5.000,582,507987.721,3881320.917,-1.064305,0.200000,0.200000,2.7778,TRACKING
55.024840,129.087648833333,35.074568500000,507990.840,3881315.991,0.008,-3.083631,corrected_imu,576,0.338,5.000,582,507987.721,3881320.917,-1.064305,0.200000,0.200000,2.7778,TRACKING
55.074809,129.087648833333,35.074568500000,507990.840,3881315.991,0.008,-3.083631,corrected_imu,576,0.338,5.000,582,507987.721,3881320.917,-1.064305,0.200000,0.200000,2.7778,TRACKING
55.124799,129.087648833333,35.074568500000,507990.840,3881315.991,0.008,-3.083631,corrected_imu,576,0.338,5.000,582,507987.721,3881320.917,-1.064305,0.200000,0.200000,2.7778,TRACKING
55.174786,129.087648833333,35.074568500000,507990.840,3881315.991,0.008,-3.083631,corrected_imu,576,0.338,5.000,582,507987.721,3881320.917,-1.064305,0.200000,0.200000,2.7778,TRACKING
55.224785,129.087648833333,35.074568500000,507990.840,3881315.991,0.008,-3.083631,corrected_imu,576,0.338,5.000,582,507987.721,3881320.917,-1.064305,0.200000,0.200000,2.7778,TRACKING
55.274935,129.087648833333,35.074568500000,507990.840,3881315.991,0.008,-3.083631,corrected_imu,576,0.338,5.000,582,507987.721,3881320.917,-1.064305,0.200000,0.200000,2.7778,TRACKING
55.324799,129.087648833333,35.074568500000,507990.840,3881315.991,0.008,-3.083631,corrected_imu,576,0.338,5.000,582,507987.721,3881320.917,-1.064305,0.200000,0.200000,2.7778,TRACKING
55.374879,129.087648833333,35.074568500000,507990.840,3881315.991,0.008,-3.083631,corrected_imu,576,0.338,5.000,582,507987.721,3881320.917,-1.064305,0.200000,0.200000,2.7778,TRACKING
55.424749,129.087648833333,35.074568500000,507990.840,3881315.991,0.008,-3.083631,corrected_imu,576,0.338,5.000,582,507987.721,3881320.917,-1.064305,0.200000,0.200000,2.7778,TRACKING
55.475200,129.087648833333,35.074568500000,507990.840,3881315.991,0.006,-3.083631,corrected_imu,576,0.338,5.000,582,507987.721,3881320.917,-1.064305,0.200000,0.200000,2.7778,TRACKING
55.525739,129.087648833333,35.074568500000,507990.840,3881315.991,0.006,-3.083631,corrected_imu,576,0.338,5.000,582,507987.721,3881320.917,-1.064305,0.200000,0.200000,2.7778,TRACKING
55.574894,129.087648833333,35.074568500000,507990.840,3881315.991,0.006,-3.083631,corrected_imu,576,0.338,5.000,582,507987.721,3881320.917,-1.064305,0.200000,0.200000,2.7778,TRACKING
55.624775,129.087648833333,35.074568500000,507990.840,3881315.991,0.006,-3.083631,corrected_imu,576,0.338,5.000,582,507987.721,3881320.917,-1.064305,0.200000,0.200000,2.7778,TRACKING
55.674748,129.087648833333,35.074568500000,507990.840,3881315.991,0.006,-3.083631,corrected_imu,576,0.338,5.000,582,507987.721,3881320.917,-1.064305,0.200000,0.200000,2.7778,TRACKING
55.724779,129.087648833333,35.074568500000,507990.840,3881315.991,0.005,-3.083631,corrected_imu,576,0.338,5.000,582,507987.721,3881320.917,-1.064305,0.200000,0.200000,2.7778,TRACKING
55.774781,129.087648833333,35.074568500000,507990.840,3881315.991,0.005,-3.083631,corrected_imu,576,0.338,5.000,582,507987.721,3881320.917,-1.064305,0.200000,0.200000,2.7778,TRACKING
55.824773,129.087648833333,35.074568500000,507990.840,3881315.991,0.005,-3.083631,corrected_imu,576,0.338,5.000,582,507987.721,3881320.917,-1.064305,0.200000,0.200000,2.7778,TRACKING
55.874766,129.087648833333,35.074568500000,507990.840,3881315.991,0.005,-3.083193,corrected_imu,576,0.338,5.000,582,507987.721,3881320.917,-1.064743,0.200000,0.200000,2.7778,TRACKING
55.924804,129.087648833333,35.074568500000,507990.840,3881315.991,0.005,-3.083193,corrected_imu,576,0.338,5.000,582,507987.721,3881320.917,-1.064743,0.200000,0.200000,2.7778,TRACKING
55.974936,129.087648833333,35.074568666667,507990.839,3881316.009,0.004,-3.083193,corrected_imu,576,0.354,5.000,582,507987.721,3881320.917,-1.063045,0.200000,0.200000,2.7778,TRACKING
56.024919,129.087648833333,35.074568666667,507990.839,3881316.009,0.004,-3.083193,corrected_imu,576,0.354,5.000,582,507987.721,3881320.917,-1.063045,0.200000,0.200000,2.7778,TRACKING
56.074793,129.087648833333,35.074568666667,507990.839,3881316.009,0.004,-3.083193,corrected_imu,576,0.354,5.000,582,507987.721,3881320.917,-1.063045,0.200000,0.200000,2.7778,TRACKING
56.125173,129.087648833333,35.074568666667,507990.839,3881316.009,0.004,-3.083193,corrected_imu,576,0.354,5.000,582,507987.721,3881320.917,-1.063045,0.200000,0.200000,2.7778,TRACKING
56.175023,129.087648833333,35.074568666667,507990.839,3881316.009,0.004,-3.083193,corrected_imu,576,0.354,5.000,582,507987.721,3881320.917,-1.063045,0.200000,0.200000,2.7778,TRACKING
56.224831,129.087648833333,35.074568500000,507990.840,3881315.991,0.001,-3.083193,corrected_imu,576,0.338,5.000,582,507987.721,3881320.917,-1.064743,0.200000,0.200000,2.7778,TRACKING
56.276640,129.087648833333,35.074568500000,507990.840,3881315.991,0.001,-3.083193,corrected_imu,576,0.338,5.000,582,507987.721,3881320.917,-1.064743,0.200000,0.200000,2.7778,TRACKING
56.325575,129.087648833333,35.074568500000,507990.840,3881315.991,0.001,-3.083193,corrected_imu,576,0.338,5.000,582,507987.721,3881320.917,-1.064743,0.200000,0.200000,2.7778,TRACKING
56.374775,129.087648833333,35.074568500000,507990.840,3881315.991,0.001,-3.083193,corrected_imu,576,0.338,5.000,582,507987.721,3881320.917,-1.064743,0.200000,0.200000,2.7778,TRACKING
56.425305,129.087648833333,35.074568500000,507990.840,3881315.991,0.001,-3.083193,corrected_imu,576,0.338,5.000,582,507987.721,3881320.917,-1.064743,0.200000,0.200000,2.7778,TRACKING
56.474904,129.087648833333,35.074568500000,507990.840,3881315.991,0.001,-3.083193,corrected_imu,576,0.338,5.000,582,507987.721,3881320.917,-1.064743,0.200000,0.200000,2.7778,TRACKING
56.525274,129.087648833333,35.074568500000,507990.840,3881315.991,0.001,-3.083193,corrected_imu,576,0.338,5.000,582,507987.721,3881320.917,-1.064743,0.200000,0.200000,2.7778,TRACKING
56.574830,129.087648833333,35.074568500000,507990.840,3881315.991,0.001,-3.083193,corrected_imu,576,0.338,5.000,582,507987.721,3881320.917,-1.064743,0.200000,0.200000,2.7778,TRACKING
56.624743,129.087648833333,35.074568500000,507990.840,3881315.991,0.001,-3.083193,corrected_imu,576,0.338,5.000,582,507987.721,3881320.917,-1.064743,0.200000,0.200000,2.7778,TRACKING
56.674764,129.087648833333,35.074568500000,507990.840,3881315.991,0.001,-3.083193,corrected_imu,576,0.338,5.000,582,507987.721,3881320.917,-1.064743,0.200000,0.200000,2.7778,TRACKING
56.724796,129.087648833333,35.074568333333,507990.840,3881315.972,0.009,-3.083193,corrected_imu,576,0.322,5.000,582,507987.721,3881320.917,-1.066432,0.200000,0.200000,2.7778,TRACKING
56.774770,129.087648833333,35.074568333333,507990.840,3881315.972,0.009,-3.083193,corrected_imu,576,0.322,5.000,582,507987.721,3881320.917,-1.066432,0.200000,0.200000,2.7778,TRACKING
56.824799,129.087648833333,35.074568333333,507990.840,3881315.972,0.009,-3.083193,corrected_imu,576,0.322,5.000,582,507987.721,3881320.917,-1.066432,0.200000,0.200000,2.7778,TRACKING
56.874795,129.087648833333,35.074568333333,507990.840,3881315.972,0.009,-3.083291,corrected_imu,576,0.322,5.000,582,507987.721,3881320.917,-1.066334,0.200000,0.200000,2.7778,TRACKING
56.924789,129.087648833333,35.074568333333,507990.840,3881315.972,0.009,-3.083291,corrected_imu,576,0.322,5.000,582,507987.721,3881320.917,-1.066334,0.200000,0.200000,2.7778,TRACKING
56.975002,129.087648833333,35.074568333333,507990.840,3881315.972,0.009,-3.083291,corrected_imu,576,0.322,5.000,582,507987.721,3881320.917,-1.066334,0.200000,0.200000,2.7778,TRACKING
57.024797,129.087648833333,35.074568333333,507990.840,3881315.972,0.009,-3.083291,corrected_imu,576,0.322,5.000,582,507987.721,3881320.917,-1.066334,0.200000,0.200000,2.7778,TRACKING
57.074955,129.087648833333,35.074568333333,507990.840,3881315.972,0.009,-3.083291,corrected_imu,576,0.322,5.000,582,507987.721,3881320.917,-1.066334,0.200000,0.200000,2.7778,TRACKING
57.124801,129.087648833333,35.074568333333,507990.840,3881315.972,0.009,-3.083291,corrected_imu,576,0.322,5.000,582,507987.721,3881320.917,-1.066334,0.200000,0.200000,2.7778,TRACKING
57.174840,129.087648833333,35.074568333333,507990.840,3881315.972,0.009,-3.083291,corrected_imu,576,0.322,5.000,582,507987.721,3881320.917,-1.066334,0.200000,0.200000,2.7778,TRACKING
57.224778,129.087648833333,35.074568333333,507990.840,3881315.972,0.009,-3.083291,corrected_imu,576,0.322,5.000,582,507987.721,3881320.917,-1.066334,0.200000,0.200000,2.7778,TRACKING
57.274795,129.087648833333,35.074568333333,507990.840,3881315.972,0.009,-3.083291,corrected_imu,576,0.322,5.000,582,507987.721,3881320.917,-1.066334,0.200000,0.200000,2.7778,TRACKING
57.324785,129.087648833333,35.074568333333,507990.840,3881315.972,0.009,-3.083291,corrected_imu,576,0.322,5.000,582,507987.721,3881320.917,-1.066334,0.200000,0.200000,2.7778,TRACKING
57.374787,129.087648833333,35.074568333333,507990.840,3881315.972,0.009,-3.083291,corrected_imu,576,0.322,5.000,582,507987.721,3881320.917,-1.066334,0.200000,0.200000,2.7778,TRACKING
57.424804,129.087648833333,35.074568333333,507990.840,3881315.972,0.009,-3.083291,corrected_imu,576,0.322,5.000,582,507987.721,3881320.917,-1.066334,0.200000,0.200000,2.7778,TRACKING
57.474820,129.087648833333,35.074568333333,507990.840,3881315.972,0.022,-3.083291,corrected_imu,576,0.322,5.000,582,507987.721,3881320.917,-1.066334,0.200000,0.200000,2.7778,TRACKING
57.524805,129.087648833333,35.074568333333,507990.840,3881315.972,0.022,-3.083291,corrected_imu,576,0.322,5.000,582,507987.721,3881320.917,-1.066334,0.200000,0.200000,2.7778,TRACKING
57.574777,129.087648833333,35.074568333333,507990.840,3881315.972,0.022,-3.083291,corrected_imu,576,0.322,5.000,582,507987.721,3881320.917,-1.066334,0.200000,0.200000,2.7778,TRACKING
57.624764,129.087648833333,35.074568333333,507990.840,3881315.972,0.022,-3.083291,corrected_imu,576,0.322,5.000,582,507987.721,3881320.917,-1.066334,0.200000,0.200000,2.7778,TRACKING
57.674782,129.087648833333,35.074568333333,507990.840,3881315.972,0.022,-3.083291,corrected_imu,576,0.322,5.000,582,507987.721,3881320.917,-1.066334,0.200000,0.200000,2.7778,TRACKING
57.724766,129.087648833333,35.074568333333,507990.840,3881315.972,0.022,-3.083291,corrected_imu,576,0.322,5.000,582,507987.721,3881320.917,-1.066334,0.200000,0.200000,2.7778,TRACKING
57.774777,129.087648833333,35.074568333333,507990.840,3881315.972,0.022,-3.083291,corrected_imu,576,0.322,5.000,582,507987.721,3881320.917,-1.066334,0.200000,0.200000,2.7778,TRACKING
57.824770,129.087648833333,35.074568333333,507990.840,3881315.972,0.022,-3.083291,corrected_imu,576,0.322,5.000,582,507987.721,3881320.917,-1.066334,0.200000,0.200000,2.7778,TRACKING
57.874801,129.087648833333,35.074568333333,507990.840,3881315.972,0.022,-2.957106,corrected_imu,576,0.322,5.000,582,507987.721,3881320.917,-1.192518,0.200000,0.200000,2.7778,TRACKING
57.924767,129.087648833333,35.074568333333,507990.840,3881315.972,0.022,-2.957106,corrected_imu,576,0.322,5.000,582,507987.721,3881320.917,-1.192518,0.200000,0.200000,2.7778,TRACKING
58.474923,129.087649000000,35.074568166667,507990.855,3881315.954,0.022,-2.957106,corrected_imu,576,0.314,5.000,582,507987.721,3881320.917,-1.192005,0.200000,0.029998,2.7778,TRACKING
58.524812,129.087649000000,35.074568166667,507990.855,3881315.954,0.022,-2.957106,corrected_imu,576,0.314,5.000,582,507987.721,3881320.917,-1.192005,0.200000,0.059931,2.7778,TRACKING
58.574777,129.087649000000,35.074568166667,507990.855,3881315.954,0.022,-2.957106,corrected_imu,576,0.314,5.000,582,507987.721,3881320.917,-1.192005,0.200000,0.089910,2.7778,TRACKING
58.624768,129.087649000000,35.074568166667,507990.855,3881315.954,0.022,-2.957106,corrected_imu,576,0.314,5.000,582,507987.721,3881320.917,-1.192005,0.200000,0.119905,2.7778,TRACKING
58.674781,129.087649000000,35.074568166667,507990.855,3881315.954,0.022,-2.957106,corrected_imu,576,0.314,5.000,582,507987.721,3881320.917,-1.192005,0.200000,0.149913,2.7778,TRACKING
58.724774,129.087649000000,35.074568166667,507990.855,3881315.954,0.013,-2.957106,corrected_imu,576,0.314,5.000,582,507987.721,3881320.917,-1.192005,0.200000,0.169948,2.7778,TRACKING
58.774799,129.087649000000,35.074568166667,507990.855,3881315.954,0.013,-2.957106,corrected_imu,576,0.314,5.000,582,507987.721,3881320.917,-1.192005,0.200000,0.181969,2.7778,TRACKING
58.824758,129.087649000000,35.074568166667,507990.855,3881315.954,0.013,-2.957106,corrected_imu,576,0.314,5.000,582,507987.721,3881320.917,-1.192005,0.200000,0.189181,2.7778,TRACKING
58.875523,129.087649000000,35.074568166667,507990.855,3881315.954,0.013,-3.023640,corrected_imu,576,0.314,5.000,582,507987.721,3881320.917,-1.125472,0.200000,0.193509,2.7778,TRACKING
58.924783,129.087649000000,35.074568166667,507990.855,3881315.954,0.013,-3.023640,corrected_imu,576,0.314,5.000,582,507987.721,3881320.917,-1.125472,0.200000,0.196105,2.7778,TRACKING
58.974798,129.087649000000,35.074568166667,507990.855,3881315.954,0.013,-3.023640,corrected_imu,576,0.314,5.000,582,507987.721,3881320.917,-1.125472,0.200000,0.197663,2.7778,TRACKING
59.024799,129.087649000000,35.074568166667,507990.855,3881315.954,0.013,-3.023640,corrected_imu,576,0.314,5.000,582,507987.721,3881320.917,-1.125472,0.200000,0.198598,2.7778,TRACKING
59.074823,129.087649000000,35.074568166667,507990.855,3881315.954,0.013,-3.023640,corrected_imu,576,0.314,5.000,582,507987.721,3881320.917,-1.125472,0.200000,0.199159,2.7778,TRACKING
59.124782,129.087649000000,35.074568166667,507990.855,3881315.954,0.013,-3.023640,corrected_imu,576,0.314,5.000,582,507987.721,3881320.917,-1.125472,0.200000,0.199495,2.7778,TRACKING
59.174781,129.087649000000,35.074568166667,507990.855,3881315.954,0.013,-3.023640,corrected_imu,576,0.314,5.000,582,507987.721,3881320.917,-1.125472,0.200000,0.199697,2.7778,TRACKING
59.224819,129.087649000000,35.074568166667,507990.855,3881315.954,0.008,-3.023640,corrected_imu,576,0.314,5.000,582,507987.721,3881320.917,-1.125472,0.200000,0.199818,2.7778,TRACKING
59.274791,129.087649000000,35.074568166667,507990.855,3881315.954,0.008,-3.023640,corrected_imu,576,0.314,5.000,582,507987.721,3881320.917,-1.125472,0.200000,0.199891,2.7778,TRACKING
59.324808,129.087649000000,35.074568166667,507990.855,3881315.954,0.008,-3.023640,corrected_imu,576,0.314,5.000,582,507987.721,3881320.917,-1.125472,0.200000,0.199935,2.7778,TRACKING
59.374975,129.087649000000,35.074568166667,507990.855,3881315.954,0.008,-3.023640,corrected_imu,576,0.314,5.000,582,507987.721,3881320.917,-1.125472,0.200000,0.199961,2.7778,TRACKING
59.424941,129.087649000000,35.074568166667,507990.855,3881315.954,0.008,-3.023640,corrected_imu,576,0.314,5.000,582,507987.721,3881320.917,-1.125472,0.200000,0.199976,2.7778,TRACKING
59.474805,129.087648833333,35.074568166667,507990.840,3881315.954,0.008,-3.023640,corrected_imu,576,0.306,5.000,582,507987.721,3881320.917,-1.127665,0.200000,0.199986,2.7778,TRACKING
59.524773,129.087648833333,35.074568166667,507990.840,3881315.954,0.008,-3.023640,corrected_imu,576,0.306,5.000,582,507987.721,3881320.917,-1.127665,0.200000,0.199992,2.7778,TRACKING
59.574778,129.087648833333,35.074568166667,507990.840,3881315.954,0.008,-3.023640,corrected_imu,576,0.306,5.000,582,507987.721,3881320.917,-1.127665,0.200000,0.199995,2.7778,TRACKING
59.624778,129.087648833333,35.074568166667,507990.840,3881315.954,0.008,-3.023640,corrected_imu,576,0.306,5.000,582,507987.721,3881320.917,-1.127665,0.200000,0.199997,2.7778,TRACKING
59.674767,129.087648833333,35.074568166667,507990.840,3881315.954,0.008,-3.023640,corrected_imu,576,0.306,5.000,582,507987.721,3881320.917,-1.127665,0.200000,0.199998,2.7778,TRACKING
59.724770,129.087648833333,35.074568166667,507990.840,3881315.954,0.008,-3.023640,corrected_imu,576,0.306,5.000,582,507987.721,3881320.917,-1.127665,0.200000,0.199999,2.7778,TRACKING
59.774789,129.087648833333,35.074568166667,507990.840,3881315.954,0.008,-3.023640,corrected_imu,576,0.306,5.000,582,507987.721,3881320.917,-1.127665,0.200000,0.199999,2.7778,TRACKING
59.824777,129.087648833333,35.074568166667,507990.840,3881315.954,0.008,-3.023640,corrected_imu,576,0.306,5.000,582,507987.721,3881320.917,-1.127665,0.200000,0.200000,2.7778,TRACKING
59.874808,129.087648833333,35.074568166667,507990.840,3881315.954,0.008,-3.054771,corrected_imu,576,0.306,5.000,582,507987.721,3881320.917,-1.096534,0.200000,0.200000,2.7778,TRACKING
59.924773,129.087648833333,35.074568166667,507990.840,3881315.954,0.008,-3.054771,corrected_imu,576,0.306,5.000,582,507987.721,3881320.917,-1.096534,0.200000,0.200000,2.7778,TRACKING
59.974805,129.087648666667,35.074568166667,507990.824,3881315.954,0.010,-3.054771,corrected_imu,576,0.298,5.000,582,507987.721,3881320.917,-1.098733,0.200000,0.200000,2.7778,TRACKING
60.024792,129.087648666667,35.074568166667,507990.824,3881315.954,0.010,-3.054771,corrected_imu,576,0.298,5.000,582,507987.721,3881320.917,-1.098733,0.200000,0.200000,2.7778,TRACKING
60.074796,129.087648666667,35.074568166667,507990.824,3881315.954,0.010,-3.054771,corrected_imu,576,0.298,5.000,582,507987.721,3881320.917,-1.098733,0.200000,0.200000,2.7778,TRACKING
60.124845,129.087648666667,35.074568166667,507990.824,3881315.954,0.010,-3.054771,corrected_imu,576,0.298,5.000,582,507987.721,3881320.917,-1.098733,0.200000,0.200000,2.7778,TRACKING
60.174810,129.087648666667,35.074568166667,507990.824,3881315.954,0.010,-3.054771,corrected_imu,576,0.298,5.000,582,507987.721,3881320.917,-1.098733,0.200000,0.200000,2.7778,TRACKING
60.224943,129.087648500000,35.074568166667,507990.809,3881315.954,0.010,-3.054771,corrected_imu,576,0.291,5.000,582,507987.721,3881320.917,-1.100938,0.200000,0.200000,2.7778,TRACKING
60.274865,129.087648500000,35.074568166667,507990.809,3881315.954,0.010,-3.054771,corrected_imu,576,0.291,5.000,582,507987.721,3881320.917,-1.100938,0.200000,0.200000,2.7778,TRACKING
60.324915,129.087648500000,35.074568166667,507990.809,3881315.954,0.010,-3.054771,corrected_imu,576,0.291,5.000,582,507987.721,3881320.917,-1.100938,0.200000,0.200000,2.7778,TRACKING
60.374794,129.087648500000,35.074568166667,507990.809,3881315.954,0.010,-3.054771,corrected_imu,576,0.291,5.000,582,507987.721,3881320.917,-1.100938,0.200000,0.200000,2.7778,TRACKING
60.424959,129.087648500000,35.074568166667,507990.809,3881315.954,0.010,-3.054771,corrected_imu,576,0.291,5.000,582,507987.721,3881320.917,-1.100938,0.200000,0.200000,2.7778,TRACKING
60.474793,129.087648500000,35.074568000000,507990.809,3881315.935,0.015,-3.054771,corrected_imu,576,0.275,5.000,582,507987.721,3881320.917,-1.102602,0.200000,0.200000,2.7778,TRACKING
60.524927,129.087648500000,35.074568000000,507990.809,3881315.935,0.015,-3.054771,corrected_imu,576,0.275,5.000,582,507987.721,3881320.917,-1.102602,0.200000,0.200000,2.7778,TRACKING
60.574854,129.087648500000,35.074568000000,507990.809,3881315.935,0.015,-3.054771,corrected_imu,576,0.275,5.000,582,507987.721,3881320.917,-1.102602,0.200000,0.200000,2.7778,TRACKING
60.625214,129.087648500000,35.074568000000,507990.809,3881315.935,0.015,-3.054771,corrected_imu,576,0.275,5.000,582,507987.721,3881320.917,-1.102602,0.200000,0.200000,2.7778,TRACKING
60.675260,129.087648500000,35.074568000000,507990.809,3881315.935,0.015,-3.054771,corrected_imu,576,0.275,5.000,582,507987.721,3881320.917,-1.102602,0.200000,0.200000,2.7778,TRACKING
60.725264,129.087648333333,35.074568000000,507990.794,3881315.935,0.016,-3.054771,corrected_imu,576,0.268,5.000,582,507987.721,3881320.917,-1.104809,0.200000,0.200000,2.7778,TRACKING
60.774794,129.087648333333,35.074568000000,507990.794,3881315.935,0.016,-3.054771,corrected_imu,576,0.268,5.000,582,507987.721,3881320.917,-1.104809,0.200000,0.200000,2.7778,TRACKING
60.824767,129.087648333333,35.074568000000,507990.794,3881315.935,0.016,-3.054771,corrected_imu,576,0.268,5.000,582,507987.721,3881320.917,-1.104809,0.200000,0.200000,2.7778,TRACKING
60.874841,129.087648333333,35.074568000000,507990.794,3881315.935,0.016,-3.059065,corrected_imu,576,0.268,5.000,582,507987.721,3881320.917,-1.100515,0.200000,0.200000,2.7778,TRACKING
60.924808,129.087648333333,35.074568000000,507990.794,3881315.935,0.016,-3.059065,corrected_imu,576,0.268,5.000,582,507987.721,3881320.917,-1.100515,0.200000,0.200000,2.7778,TRACKING
60.974826,129.087648333333,35.074568000000,507990.794,3881315.935,0.021,-3.059065,corrected_imu,576,0.268,5.000,582,507987.721,3881320.917,-1.100515,0.200000,0.200000,2.7778,TRACKING
61.024809,129.087648333333,35.074568000000,507990.794,3881315.935,0.021,-3.059065,corrected_imu,576,0.268,5.000,582,507987.721,3881320.917,-1.100515,0.200000,0.200000,2.7778,TRACKING
61.074785,129.087648333333,35.074568000000,507990.794,3881315.935,0.021,-3.059065,corrected_imu,576,0.268,5.000,582,507987.721,3881320.917,-1.100515,0.200000,0.200000,2.7778,TRACKING
61.124782,129.087648333333,35.074568000000,507990.794,3881315.935,0.021,-3.059065,corrected_imu,576,0.268,5.000,582,507987.721,3881320.917,-1.100515,0.200000,0.200000,2.7778,TRACKING
61.174911,129.087648333333,35.074568000000,507990.794,3881315.935,0.021,-3.059065,corrected_imu,576,0.268,5.000,582,507987.721,3881320.917,-1.100515,0.200000,0.200000,2.7778,TRACKING
61.224802,129.087648333333,35.074568000000,507990.794,3881315.935,0.021,-3.059065,corrected_imu,576,0.268,5.000,582,507987.721,3881320.917,-1.100515,0.200000,0.200000,2.7778,TRACKING
61.274839,129.087648333333,35.074568000000,507990.794,3881315.935,0.021,-3.059065,corrected_imu,576,0.268,5.000,582,507987.721,3881320.917,-1.100515,0.200000,0.200000,2.7778,TRACKING
61.324795,129.087648333333,35.074568000000,507990.794,3881315.935,0.021,-3.059065,corrected_imu,576,0.268,5.000,582,507987.721,3881320.917,-1.100515,0.200000,0.200000,2.7778,TRACKING
61.374817,129.087648333333,35.074568000000,507990.794,3881315.935,0.021,-3.059065,corrected_imu,576,0.268,5.000,582,507987.721,3881320.917,-1.100515,0.200000,0.200000,2.7778,TRACKING
61.424949,129.087648333333,35.074568000000,507990.794,3881315.935,0.021,-3.059065,corrected_imu,576,0.268,5.000,582,507987.721,3881320.917,-1.100515,0.200000,0.200000,2.7778,TRACKING
61.474876,129.087648333333,35.074568000000,507990.794,3881315.935,0.020,-3.059065,corrected_imu,576,0.268,5.000,582,507987.721,3881320.917,-1.100515,0.200000,0.200000,2.7778,TRACKING
61.524789,129.087648333333,35.074568000000,507990.794,3881315.935,0.020,-3.059065,corrected_imu,576,0.268,5.000,582,507987.721,3881320.917,-1.100515,0.200000,0.200000,2.7778,TRACKING
61.574865,129.087648333333,35.074568000000,507990.794,3881315.935,0.020,-3.059065,corrected_imu,576,0.268,5.000,582,507987.721,3881320.917,-1.100515,0.200000,0.200000,2.7778,TRACKING
61.624800,129.087648333333,35.074568000000,507990.794,3881315.935,0.020,-3.059065,corrected_imu,576,0.268,5.000,582,507987.721,3881320.917,-1.100515,0.200000,0.200000,2.7778,TRACKING
61.675032,129.087648333333,35.074568000000,507990.794,3881315.935,0.020,-3.059065,corrected_imu,576,0.268,5.000,582,507987.721,3881320.917,-1.100515,0.200000,0.200000,2.7778,TRACKING
61.724832,129.087648333333,35.074568000000,507990.794,3881315.935,0.018,-3.059065,corrected_imu,576,0.268,5.000,582,507987.721,3881320.917,-1.100515,0.200000,0.200000,2.7778,TRACKING
61.774742,129.087648333333,35.074568000000,507990.794,3881315.935,0.018,-3.059065,corrected_imu,576,0.268,5.000,582,507987.721,3881320.917,-1.100515,0.200000,0.200000,2.7778,TRACKING
61.824782,129.087648333333,35.074568000000,507990.794,3881315.935,0.018,-3.059065,corrected_imu,576,0.268,5.000,582,507987.721,3881320.917,-1.100515,0.200000,0.200000,2.7778,TRACKING
61.874784,129.087648333333,35.074568000000,507990.794,3881315.935,0.018,-3.058135,corrected_imu,576,0.268,5.000,582,507987.721,3881320.917,-1.101445,0.200000,0.200000,2.7778,TRACKING
61.924781,129.087648333333,35.074568000000,507990.794,3881315.935,0.018,-3.058135,corrected_imu,576,0.268,5.000,582,507987.721,3881320.917,-1.101445,0.200000,0.200000,2.7778,TRACKING
61.974802,129.087648333333,35.074568000000,507990.794,3881315.935,0.015,-3.058135,corrected_imu,576,0.268,5.000,582,507987.721,3881320.917,-1.101445,0.200000,0.200000,2.7778,TRACKING
62.024946,129.087648333333,35.074568000000,507990.794,3881315.935,0.015,-3.058135,corrected_imu,576,0.268,5.000,582,507987.721,3881320.917,-1.101445,0.200000,0.200000,2.7778,TRACKING
62.074797,129.087648333333,35.074568000000,507990.794,3881315.935,0.015,-3.058135,corrected_imu,576,0.268,5.000,582,507987.721,3881320.917,-1.101445,0.200000,0.200000,2.7778,TRACKING
62.124796,129.087648333333,35.074568000000,507990.794,3881315.935,0.015,-3.058135,corrected_imu,576,0.268,5.000,582,507987.721,3881320.917,-1.101445,0.200000,0.200000,2.7778,TRACKING
62.174803,129.087648333333,35.074568000000,507990.794,3881315.935,0.015,-3.058135,corrected_imu,576,0.268,5.000,582,507987.721,3881320.917,-1.101445,0.200000,0.200000,2.7778,TRACKING
62.224804,129.087648333333,35.074568000000,507990.794,3881315.935,0.012,-3.058135,corrected_imu,576,0.268,5.000,582,507987.721,3881320.917,-1.101445,0.200000,0.200000,2.7778,TRACKING
62.274839,129.087648333333,35.074568000000,507990.794,3881315.935,0.012,-3.058135,corrected_imu,576,0.268,5.000,582,507987.721,3881320.917,-1.101445,0.200000,0.200000,2.7778,TRACKING
62.324781,129.087648333333,35.074568000000,507990.794,3881315.935,0.012,-3.058135,corrected_imu,576,0.268,5.000,582,507987.721,3881320.917,-1.101445,0.200000,0.200000,2.7778,TRACKING
62.374831,129.087648333333,35.074568000000,507990.794,3881315.935,0.012,-3.058135,corrected_imu,576,0.268,5.000,582,507987.721,3881320.917,-1.101445,0.200000,0.200000,2.7778,TRACKING
62.425059,129.087648333333,35.074568000000,507990.794,3881315.935,0.012,-3.058135,corrected_imu,576,0.268,5.000,582,507987.721,3881320.917,-1.101445,0.200000,0.200000,2.7778,TRACKING
62.474804,129.087648333333,35.074568000000,507990.794,3881315.935,0.011,-3.058135,corrected_imu,576,0.268,5.000,582,507987.721,3881320.917,-1.101445,0.200000,0.200000,2.7778,TRACKING
62.524799,129.087648333333,35.074568000000,507990.794,3881315.935,0.011,-3.058135,corrected_imu,576,0.268,5.000,582,507987.721,3881320.917,-1.101445,0.200000,0.200000,2.7778,TRACKING
62.574786,129.087648333333,35.074568000000,507990.794,3881315.935,0.011,-3.058135,corrected_imu,576,0.268,5.000,582,507987.721,3881320.917,-1.101445,0.200000,0.200000,2.7778,TRACKING
62.624790,129.087648333333,35.074568000000,507990.794,3881315.935,0.011,-3.058135,corrected_imu,576,0.268,5.000,582,507987.721,3881320.917,-1.101445,0.200000,0.200000,2.7778,TRACKING
62.674776,129.087648333333,35.074568000000,507990.794,3881315.935,0.011,-3.058135,corrected_imu,576,0.268,5.000,582,507987.721,3881320.917,-1.101445,0.200000,0.200000,2.7778,TRACKING
62.724773,129.087648333333,35.074568000000,507990.794,3881315.935,0.009,-3.058135,corrected_imu,576,0.268,5.000,582,507987.721,3881320.917,-1.101445,0.200000,0.200000,2.7778,TRACKING
62.774836,129.087648333333,35.074568000000,507990.794,3881315.935,0.009,-3.058135,corrected_imu,576,0.268,5.000,582,507987.721,3881320.917,-1.101445,0.200000,0.200000,2.7778,TRACKING
62.824937,129.087648333333,35.074568000000,507990.794,3881315.935,0.009,-3.058135,corrected_imu,576,0.268,5.000,582,507987.721,3881320.917,-1.101445,0.200000,0.200000,2.7778,TRACKING
62.874951,129.087648333333,35.074568000000,507990.794,3881315.935,0.009,-3.057723,corrected_imu,576,0.268,5.000,582,507987.721,3881320.917,-1.101857,0.200000,0.200000,2.7778,TRACKING
62.925252,129.087648333333,35.074568000000,507990.794,3881315.935,0.009,-3.057723,corrected_imu,576,0.268,5.000,582,507987.721,3881320.917,-1.101857,0.200000,0.200000,2.7778,TRACKING
62.974887,129.087648166667,35.074568166667,507990.779,3881315.954,0.006,-3.057723,corrected_imu,576,0.278,5.000,582,507987.721,3881320.917,-1.102414,0.200000,0.200000,2.7778,TRACKING
63.024758,129.087648166667,35.074568166667,507990.779,3881315.954,0.006,-3.057723,corrected_imu,576,0.278,5.000,582,507987.721,3881320.917,-1.102414,0.200000,0.200000,2.7778,TRACKING
63.074779,129.087648166667,35.074568166667,507990.779,3881315.954,0.006,-3.057723,corrected_imu,576,0.278,5.000,582,507987.721,3881320.917,-1.102414,0.200000,0.200000,2.7778,TRACKING
63.124772,129.087648166667,35.074568166667,507990.779,3881315.954,0.006,-3.057723,corrected_imu,576,0.278,5.000,582,507987.721,3881320.917,-1.102414,0.200000,0.200000,2.7778,TRACKING
63.174802,129.087648166667,35.074568166667,507990.779,3881315.954,0.006,-3.057723,corrected_imu,576,0.278,5.000,582,507987.721,3881320.917,-1.102414,0.200000,0.200000,2.7778,TRACKING
63.224791,129.087648166667,35.074568166667,507990.779,3881315.954,0.011,-3.057723,corrected_imu,576,0.278,5.000,582,507987.721,3881320.917,-1.102414,0.200000,0.200000,2.7778,TRACKING
63.274808,129.087648166667,35.074568166667,507990.779,3881315.954,0.011,-3.057723,corrected_imu,576,0.278,5.000,582,507987.721,3881320.917,-1.102414,0.200000,0.200000,2.7778,TRACKING
63.324794,129.087648166667,35.074568166667,507990.779,3881315.954,0.011,-3.057723,corrected_imu,576,0.278,5.000,582,507987.721,3881320.917,-1.102414,0.200000,0.200000,2.7778,TRACKING
63.374788,129.087648166667,35.074568166667,507990.779,3881315.954,0.011,-3.057723,corrected_imu,576,0.278,5.000,582,507987.721,3881320.917,-1.102414,0.200000,0.200000,2.7778,TRACKING
63.424769,129.087648166667,35.074568166667,507990.779,3881315.954,0.011,-3.057723,corrected_imu,576,0.278,5.000,582,507987.721,3881320.917,-1.102414,0.200000,0.200000,2.7778,TRACKING
63.474782,129.087648000000,35.074568333333,507990.764,3881315.972,0.015,-3.057723,corrected_imu,576,0.291,5.000,582,507987.721,3881320.917,-1.102976,0.200000,0.200000,2.7778,TRACKING
63.524829,129.087648000000,35.074568333333,507990.764,3881315.972,0.015,-3.057723,corrected_imu,576,0.291,5.000,582,507987.721,3881320.917,-1.102976,0.200000,0.200000,2.7778,TRACKING
63.574949,129.087648000000,35.074568333333,507990.764,3881315.972,0.015,-3.057723,corrected_imu,576,0.291,5.000,582,507987.721,3881320.917,-1.102976,0.200000,0.200000,2.7778,TRACKING
63.624810,129.087648000000,35.074568333333,507990.764,3881315.972,0.015,-3.057723,corrected_imu,576,0.291,5.000,582,507987.721,3881320.917,-1.102976,0.200000,0.200000,2.7778,TRACKING
63.674817,129.087648000000,35.074568333333,507990.764,3881315.972,0.015,-3.057723,corrected_imu,576,0.291,5.000,582,507987.721,3881320.917,-1.102976,0.200000,0.200000,2.7778,TRACKING
63.724850,129.087647833333,35.074568666667,507990.748,3881316.009,0.029,-3.057723,corrected_imu,576,0.322,5.000,582,507987.721,3881320.917,-1.101866,0.200000,0.200000,2.7778,TRACKING
63.774975,129.087647833333,35.074568666667,507990.748,3881316.009,0.029,-3.057723,corrected_imu,576,0.322,5.000,582,507987.721,3881320.917,-1.101866,0.200000,0.200000,2.7778,TRACKING
63.824767,129.087647833333,35.074568666667,507990.748,3881316.009,0.029,-3.057723,corrected_imu,576,0.322,5.000,582,507987.721,3881320.917,-1.101866,0.200000,0.200000,2.7778,TRACKING
63.874940,129.087647833333,35.074568666667,507990.748,3881316.009,0.029,-3.113069,corrected_imu,576,0.322,5.000,582,507987.721,3881320.917,-1.046520,0.200000,0.200000,2.7778,TRACKING
63.924953,129.087647833333,35.074568666667,507990.748,3881316.009,0.029,-3.113069,corrected_imu,576,0.322,5.000,582,507987.721,3881320.917,-1.046520,0.200000,0.200000,2.7778,TRACKING
63.974922,129.087647666667,35.074569000000,507990.733,3881316.046,0.044,-3.113069,corrected_imu,576,0.356,5.000,582,507987.721,3881320.917,-1.045395,0.200000,0.200000,2.7778,TRACKING
64.024956,129.087647666667,35.074569000000,507990.733,3881316.046,0.044,-3.113069,corrected_imu,576,0.356,5.000,582,507987.721,3881320.917,-1.045395,0.200000,0.200000,2.7778,TRACKING
64.074941,129.087647666667,35.074569000000,507990.733,3881316.046,0.044,-3.113069,corrected_imu,576,0.356,5.000,582,507987.721,3881320.917,-1.045395,0.200000,0.200000,2.7778,TRACKING
64.124789,129.087647666667,35.074569000000,507990.733,3881316.046,0.044,-3.113069,corrected_imu,576,0.356,5.000,582,507987.721,3881320.917,-1.045395,0.200000,0.200000,2.7778,TRACKING
64.174950,129.087647666667,35.074569000000,507990.733,3881316.046,0.044,-3.113069,corrected_imu,576,0.356,5.000,582,507987.721,3881320.917,-1.045395,0.200000,0.200000,2.7778,TRACKING
64.224929,129.087647500000,35.074569500000,507990.718,3881316.102,0.063,-3.113069,corrected_imu,576,0.409,5.000,582,507987.721,3881320.917,-1.042539,0.200000,0.200000,2.7778,TRACKING
64.274806,129.087647500000,35.074569500000,507990.718,3881316.102,0.063,-3.113069,corrected_imu,576,0.409,5.000,582,507987.721,3881320.917,-1.042539,0.200000,0.200000,2.7778,TRACKING
64.324927,129.087647500000,35.074569500000,507990.718,3881316.102,0.063,-3.113069,corrected_imu,576,0.409,5.000,582,507987.721,3881320.917,-1.042539,0.200000,0.200000,2.7778,TRACKING
64.374808,129.087647500000,35.074569500000,507990.718,3881316.102,0.063,-3.113069,corrected_imu,576,0.409,5.000,582,507987.721,3881320.917,-1.042539,0.200000,0.200000,2.7778,TRACKING
64.424917,129.087647500000,35.074569500000,507990.718,3881316.102,0.063,-3.113069,corrected_imu,576,0.409,5.000,582,507987.721,3881320.917,-1.042539,0.200000,0.200000,2.7778,TRACKING
64.474755,129.087647333333,35.074570166667,507990.703,3881316.176,0.088,-3.113069,corrected_imu,576,0.481,5.000,582,507987.721,3881320.917,-1.037878,0.200000,0.200000,2.7778,TRACKING
64.525287,129.087647333333,35.074570166667,507990.703,3881316.176,0.088,-3.113069,corrected_imu,576,0.481,5.000,582,507987.721,3881320.917,-1.037878,0.200000,0.200000,2.7778,TRACKING
64.574795,129.087647333333,35.074570166667,507990.703,3881316.176,0.088,-3.113069,corrected_imu,576,0.481,5.000,582,507987.721,3881320.917,-1.037878,0.200000,0.200000,2.7778,TRACKING
64.624975,129.087647333333,35.074570166667,507990.703,3881316.176,0.088,-3.113069,corrected_imu,576,0.481,5.000,582,507987.721,3881320.917,-1.037878,0.200000,0.200000,2.7778,TRACKING
64.674849,129.087647333333,35.074570166667,507990.703,3881316.176,0.088,-3.113069,corrected_imu,576,0.481,5.000,582,507987.721,3881320.917,-1.037878,0.200000,0.200000,2.7778,TRACKING
64.724983,129.087647166667,35.074570833333,507990.687,3881316.249,0.120,-3.113069,corrected_imu,576,0.554,5.000,582,507987.721,3881320.917,-1.033097,0.200000,0.200000,2.7778,TRACKING
64.775109,129.087647166667,35.074570833333,507990.687,3881316.249,0.120,-3.113069,corrected_imu,576,0.554,5.000,582,507987.721,3881320.917,-1.033097,0.200000,0.200000,2.7778,TRACKING
64.824790,129.087647166667,35.074570833333,507990.687,3881316.249,0.120,-3.113069,corrected_imu,576,0.554,5.000,582,507987.721,3881320.917,-1.033097,0.200000,0.200000,2.7778,TRACKING
64.874983,129.087647166667,35.074570833333,507990.687,3881316.249,0.120,3.020089,corrected_imu,576,0.554,5.000,582,507987.721,3881320.917,-0.883070,0.199884,0.199954,2.7778,TRACKING
64.924793,129.087647166667,35.074570833333,507990.687,3881316.249,0.120,3.020089,corrected_imu,576,0.554,5.000,582,507987.721,3881320.917,-0.883070,0.199884,0.199926,2.7778,TRACKING
64.974945,129.087647000000,35.074571666667,507990.672,3881316.342,0.120,3.020089,corrected_imu,577,0.537,5.000,582,507987.721,3881320.917,-0.876334,0.200000,0.199956,2.7778,TRACKING
65.025062,129.087647000000,35.074571666667,507990.672,3881316.342,0.120,3.020089,corrected_imu,577,0.537,5.000,582,507987.721,3881320.917,-0.876334,0.200000,0.199973,2.7778,TRACKING
65.074936,129.087647000000,35.074571666667,507990.672,3881316.342,0.120,3.020089,corrected_imu,577,0.537,5.000,582,507987.721,3881320.917,-0.876334,0.200000,0.199984,2.7778,TRACKING
65.124794,129.087647000000,35.074571666667,507990.672,3881316.342,0.120,3.020089,corrected_imu,577,0.537,5.000,582,507987.721,3881320.917,-0.876334,0.200000,0.199990,2.7778,TRACKING
65.174960,129.087647000000,35.074571666667,507990.672,3881316.342,0.120,3.020089,corrected_imu,577,0.537,5.000,582,507987.721,3881320.917,-0.876334,0.200000,0.199994,2.7778,TRACKING
65.224920,129.087646833333,35.074572500000,507990.657,3881316.434,0.191,3.020089,corrected_imu,577,0.491,5.000,582,507987.721,3881320.917,-0.869381,0.200000,0.199997,2.7778,TRACKING
65.274786,129.087646833333,35.074572500000,507990.657,3881316.434,0.191,3.020089,corrected_imu,577,0.491,5.000,582,507987.721,3881320.917,-0.869381,0.200000,0.199998,2.7778,TRACKING
65.324807,129.087646833333,35.074572500000,507990.657,3881316.434,0.191,3.020089,corrected_imu,577,0.491,5.000,582,507987.721,3881320.917,-0.869381,0.200000,0.199999,2.7778,TRACKING
65.374995,129.087646833333,35.074572500000,507990.657,3881316.434,0.191,3.020089,corrected_imu,577,0.491,5.000,582,507987.721,3881320.917,-0.869381,0.200000,0.199999,2.7778,TRACKING
65.425008,129.087646833333,35.074572500000,507990.657,3881316.434,0.191,3.020089,corrected_imu,577,0.491,5.000,582,507987.721,3881320.917,-0.869381,0.200000,0.200000,2.7778,TRACKING
65.474831,129.087646666667,35.074573333333,507990.641,3881316.527,0.191,3.020089,corrected_imu,577,0.460,5.000,582,507987.721,3881320.917,-0.862202,0.200000,0.200000,2.7778,TRACKING
65.524816,129.087646666667,35.074573333333,507990.641,3881316.527,0.191,3.020089,corrected_imu,577,0.460,5.000,582,507987.721,3881320.917,-0.862202,0.200000,0.200000,2.7778,TRACKING
65.574943,129.087646666667,35.074573333333,507990.641,3881316.527,0.191,3.020089,corrected_imu,577,0.460,5.000,582,507987.721,3881320.917,-0.862202,0.200000,0.200000,2.7778,TRACKING
65.624794,129.087646666667,35.074573333333,507990.641,3881316.527,0.191,3.020089,corrected_imu,577,0.460,5.000,582,507987.721,3881320.917,-0.862202,0.200000,0.200000,2.7778,TRACKING
65.674934,129.087646666667,35.074573333333,507990.641,3881316.527,0.191,3.020089,corrected_imu,577,0.460,5.000,582,507987.721,3881320.917,-0.862202,0.200000,0.200000,2.7778,TRACKING
65.724810,129.087646500000,35.074574333333,507990.626,3881316.638,0.250,3.020089,corrected_imu,577,0.449,5.000,582,507987.721,3881320.917,-0.852789,0.200000,0.200000,2.7778,TRACKING
65.774825,129.087646500000,35.074574333333,507990.626,3881316.638,0.250,3.020089,corrected_imu,577,0.449,5.000,582,507987.721,3881320.917,-0.852789,0.200000,0.200000,2.7778,TRACKING
65.824788,129.087646500000,35.074574333333,507990.626,3881316.638,0.250,3.020089,corrected_imu,577,0.449,5.000,582,507987.721,3881320.917,-0.852789,0.200000,0.200000,2.7778,TRACKING
65.874895,129.087646500000,35.074574333333,507990.626,3881316.638,0.250,2.807277,corrected_imu,577,0.449,5.000,582,507987.721,3881320.917,-0.639976,0.165869,0.186347,2.7778,TRACKING
65.924785,129.087646500000,35.074574333333,507990.626,3881316.638,0.250,2.807277,corrected_imu,577,0.449,5.000,582,507987.721,3881320.917,-0.639976,0.165869,0.178156,2.7778,TRACKING
65.974780,129.087646500000,35.074575333333,507990.626,3881316.748,0.280,2.807277,corrected_imu,577,0.479,5.000,582,507987.721,3881320.917,-0.627731,0.166060,0.173317,2.7778,TRACKING
66.024782,129.087646500000,35.074575333333,507990.626,3881316.748,0.280,2.807277,corrected_imu,577,0.479,5.000,582,507987.721,3881320.917,-0.627731,0.166060,0.170414,2.7778,TRACKING
66.074794,129.087646500000,35.074575333333,507990.626,3881316.748,0.280,2.807277,corrected_imu,577,0.479,5.000,582,507987.721,3881320.917,-0.627731,0.166060,0.168672,2.7778,TRACKING
66.124791,129.087646500000,35.074575333333,507990.626,3881316.748,0.280,2.807277,corrected_imu,577,0.479,5.000,582,507987.721,3881320.917,-0.627731,0.166060,0.167627,2.7778,TRACKING
66.174818,129.087646500000,35.074575333333,507990.626,3881316.748,0.280,2.807277,corrected_imu,577,0.479,5.000,582,507987.721,3881320.917,-0.627731,0.166060,0.167000,2.7778,TRACKING
66.224802,129.087646333333,35.074576333333,507990.611,3881316.859,0.307,1.718451,gps_course,577,0.519,5.000,583,507987.228,3881321.787,0.453951,-0.105983,0.137010,2.7778,TRACKING
66.274782,129.087646333333,35.074576333333,507990.611,3881316.859,0.307,1.718451,gps_course,577,0.519,5.000,583,507987.228,3881321.787,0.453951,-0.105983,0.107022,2.7778,TRACKING
66.324990,129.087646333333,35.074576333333,507990.611,3881316.859,0.307,1.718451,gps_course,577,0.519,5.000,583,507987.228,3881321.787,0.453951,-0.105983,0.076897,2.7778,TRACKING
66.374915,129.087646333333,35.074576333333,507990.611,3881316.859,0.307,1.718451,gps_course,577,0.519,5.000,583,507987.228,3881321.787,0.453951,-0.105983,0.046942,2.7778,TRACKING
66.424817,129.087646333333,35.074576333333,507990.611,3881316.859,0.307,1.718451,gps_course,577,0.519,5.000,583,507987.228,3881321.787,0.453951,-0.105983,0.017001,2.7778,TRACKING
66.474791,129.087646500000,35.074577666667,507990.626,3881317.007,0.340,1.700998,gps_course,577,0.625,5.000,583,507987.228,3881321.787,0.487794,-0.115366,-0.012983,2.7778,TRACKING
66.524778,129.087646500000,35.074577666667,507990.626,3881317.007,0.340,1.700998,gps_course,577,0.625,5.000,583,507987.228,3881321.787,0.487794,-0.115366,-0.042976,2.7778,TRACKING
66.574797,129.087646500000,35.074577666667,507990.626,3881317.007,0.340,1.700998,gps_course,577,0.625,5.000,583,507987.228,3881321.787,0.487794,-0.115366,-0.071932,2.7778,TRACKING
66.624811,129.087646500000,35.074577666667,507990.626,3881317.007,0.340,1.700998,gps_course,577,0.625,5.000,583,507987.228,3881321.787,0.487794,-0.115366,-0.089306,2.7778,TRACKING
66.674775,129.087646500000,35.074577666667,507990.626,3881317.007,0.340,1.700998,gps_course,577,0.625,5.000,583,507987.228,3881321.787,0.487794,-0.115366,-0.099730,2.7778,TRACKING
66.724764,129.087646666667,35.074578833333,507990.641,3881317.137,0.373,1.641308,gps_course,577,0.732,5.000,583,507987.228,3881321.787,0.562612,-0.133284,-0.113152,2.7778,TRACKING
66.774850,129.087646666667,35.074578833333,507990.641,3881317.137,0.373,1.641308,gps_course,577,0.732,5.000,583,507987.228,3881321.787,0.562612,-0.133284,-0.121205,2.7778,TRACKING
66.824916,129.087646666667,35.074578833333,507990.641,3881317.137,0.373,1.641308,gps_course,577,0.732,5.000,583,507987.228,3881321.787,0.562612,-0.133284,-0.126036,2.7778,TRACKING
66.874948,129.087646666667,35.074578833333,507990.641,3881317.137,0.373,1.641308,gps_course,577,0.732,5.000,583,507987.228,3881321.787,0.562612,-0.133284,-0.128935,2.7778,TRACKING
66.924752,129.087646666667,35.074578833333,507990.641,3881317.137,0.373,1.641308,gps_course,577,0.732,5.000,583,507987.228,3881321.787,0.562612,-0.133284,-0.130675,2.7778,TRACKING
66.974885,129.087646666667,35.074580333333,507990.641,3881317.303,0.405,1.613208,gps_course,577,0.868,5.000,583,507987.228,3881321.787,0.608158,-0.145973,-0.136794,2.7778,TRACKING
67.024787,129.087646666667,35.074580333333,507990.641,3881317.303,0.405,1.613208,gps_course,577,0.868,5.000,583,507987.228,3881321.787,0.608158,-0.145973,-0.140466,2.7778,TRACKING
67.074808,129.087646666667,35.074580333333,507990.641,3881317.303,0.405,1.613208,gps_course,577,0.868,5.000,583,507987.228,3881321.787,0.608158,-0.145973,-0.142669,2.7778,TRACKING
67.124752,129.087646666667,35.074580333333,507990.641,3881317.303,0.405,1.613208,gps_course,577,0.868,5.000,583,507987.228,3881321.787,0.608158,-0.145973,-0.143990,2.7778,TRACKING
67.174754,129.087646666667,35.074580333333,507990.641,3881317.303,0.405,1.613208,gps_course,577,0.868,5.000,583,507987.228,3881321.787,0.608158,-0.145973,-0.144783,2.7778,TRACKING
67.224790,129.087646500000,35.074581666667,507990.625,3881317.451,0.405,1.613208,gps_course,578,0.935,5.000,583,507987.228,3881321.787,0.622200,-0.152224,-0.147759,2.7778,TRACKING
67.274781,129.087646500000,35.074581666667,507990.625,3881317.451,0.405,1.613208,gps_course,578,0.935,5.000,583,507987.228,3881321.787,0.622200,-0.152224,-0.149545,2.7778,TRACKING
67.324808,129.087646500000,35.074581666667,507990.625,3881317.451,0.405,1.613208,gps_course,578,0.935,5.000,583,507987.228,3881321.787,0.622200,-0.152224,-0.150616,2.7778,TRACKING
67.374788,129.087646500000,35.074581666667,507990.625,3881317.451,0.405,1.613208,gps_course,578,0.935,5.000,583,507987.228,3881321.787,0.622200,-0.152224,-0.151259,2.7778,TRACKING
67.424765,129.087646500000,35.074581666667,507990.625,3881317.451,0.405,1.613208,gps_course,578,0.935,5.000,583,507987.228,3881321.787,0.622200,-0.152224,-0.151645,2.7778,TRACKING
67.474789,129.087646333333,35.074583333333,507990.610,3881317.636,0.469,1.599769,gps_course,578,0.941,5.000,583,507987.228,3881321.787,0.654669,-0.163412,-0.156352,2.7778,TRACKING
67.524788,129.087646333333,35.074583333333,507990.610,3881317.636,0.469,1.599769,gps_course,578,0.941,5.000,583,507987.228,3881321.787,0.654669,-0.163412,-0.159176,2.7778,TRACKING
67.574779,129.087646333333,35.074583333333,507990.610,3881317.636,0.469,1.599769,gps_course,578,0.941,5.000,583,507987.228,3881321.787,0.654669,-0.163412,-0.160870,2.7778,TRACKING
67.624782,129.087646333333,35.074583333333,507990.610,3881317.636,0.469,1.599769,gps_course,578,0.941,5.000,583,507987.228,3881321.787,0.654669,-0.163412,-0.161887,2.7778,TRACKING
67.674778,129.087646333333,35.074583333333,507990.610,3881317.636,0.469,1.599769,gps_course,578,0.941,5.000,583,507987.228,3881321.787,0.654669,-0.163412,-0.162497,2.7778,TRACKING
67.724805,129.087646166667,35.074584833333,507990.595,3881317.802,0.509,1.611986,gps_course,578,0.975,5.000,583,507987.228,3881321.787,0.660311,-0.168855,-0.165040,2.7778,TRACKING
67.774793,129.087646166667,35.074584833333,507990.595,3881317.802,0.509,1.611986,gps_course,578,0.975,5.000,583,507987.228,3881321.787,0.660311,-0.168855,-0.166566,2.7778,TRACKING
67.824804,129.087646166667,35.074584833333,507990.595,3881317.802,0.509,1.611986,gps_course,578,0.975,5.000,583,507987.228,3881321.787,0.660311,-0.168855,-0.167482,2.7778,TRACKING
67.874826,129.087646166667,35.074584833333,507990.595,3881317.802,0.509,1.611986,gps_course,578,0.975,5.000,583,507987.228,3881321.787,0.660311,-0.168855,-0.168031,2.7778,TRACKING
67.924824,129.087646166667,35.074584833333,507990.595,3881317.802,0.509,1.611986,gps_course,578,0.975,5.000,583,507987.228,3881321.787,0.660311,-0.168855,-0.168361,2.7778,TRACKING
67.974950,129.087645666667,35.074586500000,507990.549,3881317.987,0.539,1.639388,gps_course,578,1.020,5.000,583,507987.228,3881321.787,0.649616,-0.172065,-0.169843,2.7778,TRACKING
68.024814,129.087645666667,35.074586500000,507990.549,3881317.987,0.539,1.639388,gps_course,578,1.020,5.000,583,507987.228,3881321.787,0.649616,-0.172065,-0.170732,2.7778,TRACKING
68.074933,129.087645666667,35.074586500000,507990.549,3881317.987,0.539,1.639388,gps_course,578,1.020,5.000,583,507987.228,3881321.787,0.649616,-0.172065,-0.171265,2.7778,TRACKING
68.124781,129.087645666667,35.074586500000,507990.549,3881317.987,0.539,1.639388,gps_course,578,1.020,5.000,583,507987.228,3881321.787,0.649616,-0.172065,-0.171585,2.7778,TRACKING
68.175059,129.087645666667,35.074586500000,507990.549,3881317.987,0.539,1.639388,gps_course,578,1.020,5.000,583,507987.228,3881321.787,0.649616,-0.172065,-0.171777,2.7778,TRACKING
68.225090,129.087645166667,35.074588166667,507990.503,3881318.172,0.572,1.666440,gps_course,578,1.096,5.000,584,507986.735,3881322.657,0.602998,-0.139457,-0.158849,2.7778,TRACKING
68.274958,129.087645166667,35.074588166667,507990.503,3881318.172,0.572,1.666440,gps_course,578,1.096,5.000,584,507986.735,3881322.657,0.602998,-0.139457,-0.151092,2.7778,TRACKING
68.324801,129.087645166667,35.074588166667,507990.503,3881318.172,0.572,1.666440,gps_course,578,1.096,5.000,584,507986.735,3881322.657,0.602998,-0.139457,-0.146438,2.7778,TRACKING
68.375092,129.087645166667,35.074588166667,507990.503,3881318.172,0.572,1.666440,gps_course,578,1.096,5.000,584,507986.735,3881322.657,0.602998,-0.139457,-0.143646,2.7778,TRACKING
68.425337,129.087645166667,35.074588166667,507990.503,3881318.172,0.572,1.666440,gps_course,578,1.096,5.000,584,507986.735,3881322.657,0.602998,-0.139457,-0.141971,2.7778,TRACKING
68.475200,129.087644500000,35.074590000000,507990.442,3881318.375,0.603,1.705361,gps_course,578,1.203,5.000,584,507986.735,3881322.657,0.578918,-0.139158,-0.140845,2.7778,TRACKING
68.524945,129.087644500000,35.074590000000,507990.442,3881318.375,0.603,1.705361,gps_course,578,1.203,5.000,584,507986.735,3881322.657,0.578918,-0.139158,-0.140170,2.7778,TRACKING
68.574791,129.087644500000,35.074590000000,507990.442,3881318.375,0.603,1.705361,gps_course,578,1.203,5.000,584,507986.735,3881322.657,0.578918,-0.139158,-0.139765,2.7778,TRACKING
68.624795,129.087644500000,35.074590000000,507990.442,3881318.375,0.603,1.705361,gps_course,578,1.203,5.000,584,507986.735,3881322.657,0.578918,-0.139158,-0.139522,2.7778,TRACKING
68.675295,129.087644500000,35.074590000000,507990.442,3881318.375,0.603,1.705361,gps_course,578,1.203,5.000,584,507986.735,3881322.657,0.578918,-0.139158,-0.139376,2.7778,TRACKING
68.726041,129.087643666667,35.074591833333,507990.366,3881318.578,0.636,1.748994,gps_course,579,1.199,5.000,584,507986.735,3881322.657,0.549100,-0.137701,-0.138706,2.7778,TRACKING
68.774809,129.087643666667,35.074591833333,507990.366,3881318.578,0.636,1.748994,gps_course,579,1.199,5.000,584,507986.735,3881322.657,0.549100,-0.137701,-0.138304,2.7778,TRACKING
68.824766,129.087643666667,35.074591833333,507990.366,3881318.578,0.636,1.748994,gps_course,579,1.199,5.000,584,507986.735,3881322.657,0.549100,-0.137701,-0.138063,2.7778,TRACKING
68.874811,129.087643666667,35.074591833333,507990.366,3881318.578,0.636,1.748994,gps_course,579,1.199,5.000,584,507986.735,3881322.657,0.549100,-0.137701,-0.137918,2.7778,TRACKING
68.925130,129.087643666667,35.074591833333,507990.366,3881318.578,0.636,1.748994,gps_course,579,1.199,5.000,584,507986.735,3881322.657,0.549100,-0.137701,-0.137832,2.7778,TRACKING
68.974802,129.087642500000,35.074593666667,507990.260,3881318.781,0.672,1.798562,gps_course,579,1.163,5.000,584,507986.735,3881322.657,0.510132,-0.134338,-0.136434,2.7778,TRACKING
69.024776,129.087642500000,35.074593666667,507990.260,3881318.781,0.672,1.798562,gps_course,579,1.163,5.000,584,507986.735,3881322.657,0.510132,-0.134338,-0.135596,2.7778,TRACKING
69.074768,129.087642500000,35.074593666667,507990.260,3881318.781,0.672,1.798562,gps_course,579,1.163,5.000,584,507986.735,3881322.657,0.510132,-0.134338,-0.135093,2.7778,TRACKING
69.124929,129.087642500000,35.074593666667,507990.260,3881318.781,0.672,1.798562,gps_course,579,1.163,5.000,584,507986.735,3881322.657,0.510132,-0.134338,-0.134791,2.7778,TRACKING
69.174753,129.087642500000,35.074593666667,507990.260,3881318.781,0.672,1.798562,gps_course,579,1.163,5.000,584,507986.735,3881322.657,0.510132,-0.134338,-0.134610,2.7778,TRACKING
69.224809,129.087641166667,35.074595500000,507990.138,3881318.984,0.707,1.849700,gps_course,579,1.159,5.000,584,507986.735,3881322.657,0.468308,-0.129987,-0.132761,2.7778,TRACKING
69.275209,129.087641166667,35.074595500000,507990.138,3881318.984,0.707,1.849700,gps_course,579,1.159,5.000,584,507986.735,3881322.657,0.468308,-0.129987,-0.131652,2.7778,TRACKING
69.324795,129.087641166667,35.074595500000,507990.138,3881318.984,0.707,1.849700,gps_course,579,1.159,5.000,584,507986.735,3881322.657,0.468308,-0.129987,-0.130986,2.7778,TRACKING
69.374989,129.087641166667,35.074595500000,507990.138,3881318.984,0.707,1.849700,gps_course,579,1.159,5.000,584,507986.735,3881322.657,0.468308,-0.129987,-0.130586,2.7778,TRACKING
69.424778,129.087641166667,35.074595500000,507990.138,3881318.984,0.707,1.849700,gps_course,579,1.159,5.000,584,507986.735,3881322.657,0.468308,-0.129987,-0.130347,2.7778,TRACKING
69.475334,129.087639833333,35.074597333333,507990.016,3881319.188,0.742,1.899791,gps_course,579,1.203,5.000,585,507986.243,3881323.528,0.386689,-0.094801,-0.116128,2.7778,TRACKING
69.524785,129.087639833333,35.074597333333,507990.016,3881319.188,0.742,1.899791,gps_course,579,1.203,5.000,585,507986.243,3881323.528,0.386689,-0.094801,-0.107597,2.7778,TRACKING
69.574960,129.087639833333,35.074597333333,507990.016,3881319.188,0.742,1.899791,gps_course,579,1.203,5.000,585,507986.243,3881323.528,0.386689,-0.094801,-0.102479,2.7778,TRACKING
69.624761,129.087639833333,35.074597333333,507990.016,3881319.188,0.742,1.899791,gps_course,579,1.203,5.000,585,507986.243,3881323.528,0.386689,-0.094801,-0.099407,2.7778,TRACKING
69.675219,129.087639833333,35.074597333333,507990.016,3881319.188,0.742,1.899791,gps_course,579,1.203,5.000,585,507986.243,3881323.528,0.386689,-0.094801,-0.097565,2.7778,TRACKING
69.724792,129.087638166667,35.074599333333,507989.864,3881319.409,0.779,1.952151,gps_course,580,1.182,5.000,585,507986.243,3881323.528,0.339913,-0.087929,-0.093710,2.7778,TRACKING
69.774790,129.087638166667,35.074599333333,507989.864,3881319.409,0.779,1.952151,gps_course,580,1.182,5.000,585,507986.243,3881323.528,0.339913,-0.087929,-0.091398,2.7778,TRACKING
69.826213,129.087638166667,35.074599333333,507989.864,3881319.409,0.779,1.952151,gps_course,580,1.182,5.000,585,507986.243,3881323.528,0.339913,-0.087929,-0.090010,2.7778,TRACKING
69.875017,129.087638166667,35.074599333333,507989.864,3881319.409,0.779,1.952151,gps_course,580,1.182,5.000,585,507986.243,3881323.528,0.339913,-0.087929,-0.089177,2.7778,TRACKING
69.925034,129.087638166667,35.074599333333,507989.864,3881319.409,0.779,1.952151,gps_course,580,1.182,5.000,585,507986.243,3881323.528,0.339913,-0.087929,-0.088678,2.7778,TRACKING
69.975216,129.087636500000,35.074601166667,507989.712,3881319.613,0.815,1.998402,gps_course,580,1.097,5.000,585,507986.243,3881323.528,0.297471,-0.081070,-0.085635,2.7778,TRACKING
70.024781,129.087636500000,35.074601166667,507989.712,3881319.613,0.815,1.998402,gps_course,580,1.097,5.000,585,507986.243,3881323.528,0.297471,-0.081070,-0.083809,2.7778,TRACKING
70.074847,129.087636500000,35.074601166667,507989.712,3881319.613,0.815,1.998402,gps_course,580,1.097,5.000,585,507986.243,3881323.528,0.297471,-0.081070,-0.082713,2.7778,TRACKING
70.124776,129.087636500000,35.074601166667,507989.712,3881319.613,0.815,1.998402,gps_course,580,1.097,5.000,585,507986.243,3881323.528,0.297471,-0.081070,-0.082056,2.7778,TRACKING
70.174829,129.087636500000,35.074601166667,507989.712,3881319.613,0.815,1.998402,gps_course,580,1.097,5.000,585,507986.243,3881323.528,0.297471,-0.081070,-0.081661,2.7778,TRACKING
70.224964,129.087634833333,35.074603166667,507989.560,3881319.834,0.851,2.042908,gps_course,580,1.078,5.000,586,507985.750,3881324.398,0.223464,-0.054001,-0.070597,2.7778,TRACKING
70.274986,129.087634833333,35.074603166667,507989.560,3881319.834,0.851,2.042908,gps_course,580,1.078,5.000,586,507985.750,3881324.398,0.223464,-0.054001,-0.063959,2.7778,TRACKING
70.324964,129.087634833333,35.074603166667,507989.560,3881319.834,0.851,2.042908,gps_course,580,1.078,5.000,586,507985.750,3881324.398,0.223464,-0.054001,-0.059976,2.7778,TRACKING
70.375050,129.087634833333,35.074603166667,507989.560,3881319.834,0.851,2.042908,gps_course,580,1.078,5.000,586,507985.750,3881324.398,0.223464,-0.054001,-0.057586,2.7778,TRACKING
70.424967,129.087634833333,35.074603166667,507989.560,3881319.834,0.851,2.042908,gps_course,580,1.078,5.000,586,507985.750,3881324.398,0.223464,-0.054001,-0.056152,2.7778,TRACKING
70.474812,129.087634833333,35.074603166667,507989.560,3881319.834,0.885,2.073800,gps_course,580,1.078,5.000,586,507985.750,3881324.398,0.192572,-0.046647,-0.052350,2.7778,TRACKING
70.524768,129.087634833333,35.074603166667,507989.560,3881319.834,0.885,2.073800,gps_course,580,1.078,5.000,586,507985.750,3881324.398,0.192572,-0.046647,-0.050069,2.7778,TRACKING
70.574796,129.087634833333,35.074603166667,507989.560,3881319.834,0.885,2.073800,gps_course,580,1.078,5.000,586,507985.750,3881324.398,0.192572,-0.046647,-0.048700,2.7778,TRACKING
70.624754,129.087634833333,35.074603166667,507989.560,3881319.834,0.885,2.073800,gps_course,580,1.078,5.000,586,507985.750,3881324.398,0.192572,-0.046647,-0.047879,2.7778,TRACKING
70.674797,129.087634833333,35.074603166667,507989.560,3881319.834,0.885,2.073800,gps_course,580,1.078,5.000,586,507985.750,3881324.398,0.192572,-0.046647,-0.047386,2.7778,TRACKING
70.724861,129.087634833333,35.074603166667,507989.560,3881319.834,0.885,2.073800,gps_course,580,1.078,5.000,586,507985.750,3881324.398,0.192572,-0.046647,-0.047091,2.7778,TRACKING
70.774796,129.087634833333,35.074603166667,507989.560,3881319.834,0.885,2.073800,gps_course,580,1.078,5.000,586,507985.750,3881324.398,0.192572,-0.046647,-0.046913,2.7778,TRACKING
70.824828,129.087634833333,35.074603166667,507989.560,3881319.834,0.885,2.073800,gps_course,580,1.078,5.000,586,507985.750,3881324.398,0.192572,-0.046647,-0.046807,2.7778,TRACKING
70.874839,129.087634833333,35.074603166667,507989.560,3881319.834,0.885,2.073800,gps_course,580,1.078,5.000,586,507985.750,3881324.398,0.192572,-0.046647,-0.046743,2.7778,TRACKING
70.924827,129.087634833333,35.074603166667,507989.560,3881319.834,0.885,2.073800,gps_course,580,1.078,5.000,586,507985.750,3881324.398,0.192572,-0.046647,-0.046705,2.7778,TRACKING
70.974780,129.087634833333,35.074603166667,507989.560,3881319.834,0.886,2.074324,gps_course,580,1.078,5.000,586,507985.750,3881324.398,0.192048,-0.046522,-0.046632,2.7778,TRACKING
71.024807,129.087634833333,35.074603166667,507989.560,3881319.834,0.886,2.074324,gps_course,580,1.078,5.000,586,507985.750,3881324.398,0.192048,-0.046522,-0.046588,2.7778,TRACKING
71.074784,129.087634833333,35.074603166667,507989.560,3881319.834,0.886,2.074324,gps_course,580,1.078,5.000,586,507985.750,3881324.398,0.192048,-0.046522,-0.046562,2.7778,TRACKING
71.124808,129.087634833333,35.074603166667,507989.560,3881319.834,0.886,2.074324,gps_course,580,1.078,5.000,586,507985.750,3881324.398,0.192048,-0.046522,-0.046546,2.7778,TRACKING
71.174789,129.087634833333,35.074603166667,507989.560,3881319.834,0.886,2.074324,gps_course,580,1.078,5.000,586,507985.750,3881324.398,0.192048,-0.046522,-0.046537,2.7778,TRACKING
71.474981,129.087630833333,35.074609500000,507989.194,3881320.536,0.887,2.075196,gps_course,581,1.097,5.000,586,507985.750,3881324.398,0.223929,-0.062147,-0.024859,2.7778,TRACKING
71.524843,129.087630833333,35.074609500000,507989.194,3881320.536,0.887,2.075196,gps_course,581,1.097,5.000,586,507985.750,3881324.398,0.223929,-0.062147,-0.039774,2.7778,TRACKING
71.574747,129.087630833333,35.074609500000,507989.194,3881320.536,0.887,2.075196,gps_course,581,1.097,5.000,586,507985.750,3881324.398,0.223929,-0.062147,-0.048723,2.7778,TRACKING
71.624924,129.087630833333,35.074609500000,507989.194,3881320.536,0.887,2.075196,gps_course,581,1.097,5.000,586,507985.750,3881324.398,0.223929,-0.062147,-0.054093,2.7778,TRACKING
71.674789,129.087630833333,35.074609500000,507989.194,3881320.536,0.887,2.075196,gps_course,581,1.097,5.000,586,507985.750,3881324.398,0.223929,-0.062147,-0.057314,2.7778,TRACKING
71.724804,129.087630833333,35.074609500000,507989.194,3881320.536,0.887,2.075196,gps_course,581,1.097,5.000,586,507985.750,3881324.398,0.223929,-0.062147,-0.059247,2.7778,TRACKING
71.774802,129.087630833333,35.074609500000,507989.194,3881320.536,0.887,2.075196,gps_course,581,1.097,5.000,586,507985.750,3881324.398,0.223929,-0.062147,-0.060407,2.7778,TRACKING
71.824814,129.087630833333,35.074609500000,507989.194,3881320.536,0.887,2.075196,gps_course,581,1.097,5.000,586,507985.750,3881324.398,0.223929,-0.062147,-0.061103,2.7778,TRACKING
71.874799,129.087630833333,35.074609500000,507989.194,3881320.536,0.887,2.075196,gps_course,581,1.097,5.000,586,507985.750,3881324.398,0.223929,-0.062147,-0.061520,2.7778,TRACKING
71.924805,129.087630833333,35.074609500000,507989.194,3881320.536,0.887,2.075196,gps_course,581,1.097,5.000,586,507985.750,3881324.398,0.223929,-0.062147,-0.061771,2.7778,TRACKING
71.974792,129.087630833333,35.074609500000,507989.194,3881320.536,0.755,2.052682,gps_course,581,1.097,5.000,586,507985.750,3881324.398,0.246444,-0.068256,-0.064365,2.7778,TRACKING
72.024799,129.087630833333,35.074609500000,507989.194,3881320.536,0.755,2.052682,gps_course,581,1.097,5.000,586,507985.750,3881324.398,0.246444,-0.068256,-0.065921,2.7778,TRACKING
72.074815,129.087630833333,35.074609500000,507989.194,3881320.536,0.755,2.052682,gps_course,581,1.097,5.000,586,507985.750,3881324.398,0.246444,-0.068256,-0.066855,2.7778,TRACKING
72.124815,129.087630833333,35.074609500000,507989.194,3881320.536,0.755,2.052682,gps_course,581,1.097,5.000,586,507985.750,3881324.398,0.246444,-0.068256,-0.067416,2.7778,TRACKING
72.174811,129.087630833333,35.074609500000,507989.194,3881320.536,0.755,2.052682,gps_course,581,1.097,5.000,586,507985.750,3881324.398,0.246444,-0.068256,-0.067752,2.7778,TRACKING
72.224963,129.087630833333,35.074609500000,507989.194,3881320.536,0.756,2.053380,gps_course,581,1.097,5.000,586,507985.750,3881324.398,0.245746,-0.068067,-0.067878,2.7778,TRACKING
72.274808,129.087630833333,35.074609500000,507989.194,3881320.536,0.756,2.053380,gps_course,581,1.097,5.000,586,507985.750,3881324.398,0.245746,-0.068067,-0.067954,2.7778,TRACKING
72.324868,129.087630833333,35.074609500000,507989.194,3881320.536,0.756,2.053380,gps_course,581,1.097,5.000,586,507985.750,3881324.398,0.245746,-0.068067,-0.067999,2.7778,TRACKING
72.374785,129.087630833333,35.074609500000,507989.194,3881320.536,0.756,2.053380,gps_course,581,1.097,5.000,586,507985.750,3881324.398,0.245746,-0.068067,-0.068026,2.7778,TRACKING
72.424990,129.087630833333,35.074609500000,507989.194,3881320.536,0.756,2.053380,gps_course,581,1.097,5.000,586,507985.750,3881324.398,0.245746,-0.068067,-0.068043,2.7778,TRACKING
74.474945,129.087621000000,35.074626333333,507988.296,3881322.402,0.762,2.057569,gps_course,583,1.233,5.000,588,507984.765,3881326.138,0.270438,-0.075209,-0.029812,2.7778,TRACKING
74.524902,129.087621000000,35.074626333333,507988.296,3881322.402,0.762,2.057569,gps_course,583,1.233,5.000,588,507984.765,3881326.138,0.270438,-0.075209,-0.047971,2.7778,TRACKING
74.574973,129.087621000000,35.074626333333,507988.296,3881322.402,0.762,2.057569,gps_course,583,1.233,5.000,588,507984.765,3881326.138,0.270438,-0.075209,-0.058866,2.7778,TRACKING
74.624807,129.087621000000,35.074626333333,507988.296,3881322.402,0.762,2.057569,gps_course,583,1.233,5.000,588,507984.765,3881326.138,0.270438,-0.075209,-0.065403,2.7778,TRACKING
74.674964,129.087621000000,35.074626333333,507988.296,3881322.402,0.762,2.057569,gps_course,583,1.233,5.000,588,507984.765,3881326.138,0.270438,-0.075209,-0.069326,2.7778,TRACKING
74.724805,129.087619833333,35.074627333333,507988.190,3881322.513,0.710,2.029469,gps_course,583,1.205,5.000,589,507984.272,3881327.009,0.258101,-0.061988,-0.066391,2.7778,TRACKING
74.774950,129.087619833333,35.074627333333,507988.190,3881322.513,0.710,2.029469,gps_course,583,1.205,5.000,589,507984.272,3881327.009,0.258101,-0.061988,-0.064630,2.7778,TRACKING
74.824804,129.087619833333,35.074627333333,507988.190,3881322.513,0.710,2.029469,gps_course,583,1.205,5.000,589,507984.272,3881327.009,0.258101,-0.061988,-0.063573,2.7778,TRACKING
74.874823,129.087619833333,35.074627333333,507988.190,3881322.513,0.710,2.029469,gps_course,583,1.205,5.000,589,507984.272,3881327.009,0.258101,-0.061988,-0.062939,2.7778,TRACKING
74.924823,129.087619833333,35.074627333333,507988.190,3881322.513,0.710,2.029469,gps_course,583,1.205,5.000,589,507984.272,3881327.009,0.258101,-0.061988,-0.062559,2.7778,TRACKING
74.974773,129.087618666667,35.074628666667,507988.083,3881322.661,0.704,2.039417,gps_course,583,1.223,5.000,589,507984.272,3881327.009,0.251057,-0.062224,-0.062425,2.7778,TRACKING
75.024790,129.087618666667,35.074628666667,507988.083,3881322.661,0.704,2.039417,gps_course,583,1.223,5.000,589,507984.272,3881327.009,0.251057,-0.062224,-0.062345,2.7778,TRACKING
75.074919,129.087618666667,35.074628666667,507988.083,3881322.661,0.704,2.039417,gps_course,583,1.223,5.000,589,507984.272,3881327.009,0.251057,-0.062224,-0.062296,2.7778,TRACKING
75.125007,129.087618666667,35.074628666667,507988.083,3881322.661,0.704,2.039417,gps_course,583,1.223,5.000,589,507984.272,3881327.009,0.251057,-0.062224,-0.062267,2.7778,TRACKING
75.174743,129.087618666667,35.074628666667,507988.083,3881322.661,0.704,2.039417,gps_course,583,1.223,5.000,589,507984.272,3881327.009,0.251057,-0.062224,-0.062250,2.7778,TRACKING
75.224776,129.087617166667,35.074630000000,507987.946,3881322.809,0.707,2.053903,gps_course,584,1.221,5.000,589,507984.272,3881327.009,0.235575,-0.060574,-0.061580,2.7778,TRACKING
75.275238,129.087617166667,35.074630000000,507987.946,3881322.809,0.707,2.053903,gps_course,584,1.221,5.000,589,507984.272,3881327.009,0.235575,-0.060574,-0.061177,2.7778,TRACKING
75.324806,129.087617166667,35.074630000000,507987.946,3881322.809,0.707,2.053903,gps_course,584,1.221,5.000,589,507984.272,3881327.009,0.235575,-0.060574,-0.060936,2.7778,TRACKING
75.374857,129.087617166667,35.074630000000,507987.946,3881322.809,0.707,2.053903,gps_course,584,1.221,5.000,589,507984.272,3881327.009,0.235575,-0.060574,-0.060791,2.7778,TRACKING
75.424904,129.087617166667,35.074630000000,507987.946,3881322.809,0.707,2.053903,gps_course,584,1.221,5.000,589,507984.272,3881327.009,0.235575,-0.060574,-0.060704,2.7778,TRACKING
75.474797,129.087616333333,35.074631500000,507987.870,3881322.975,0.713,2.075720,gps_course,584,1.179,5.000,589,507984.272,3881327.009,0.223413,-0.059365,-0.060169,2.7778,TRACKING
75.524804,129.087616333333,35.074631500000,507987.870,3881322.975,0.713,2.075720,gps_course,584,1.179,5.000,589,507984.272,3881327.009,0.223413,-0.059365,-0.059847,2.7778,TRACKING
75.574780,129.087616333333,35.074631500000,507987.870,3881322.975,0.713,2.075720,gps_course,584,1.179,5.000,589,507984.272,3881327.009,0.223413,-0.059365,-0.059654,2.7778,TRACKING
75.624834,129.087616333333,35.074631500000,507987.870,3881322.975,0.713,2.075720,gps_course,584,1.179,5.000,589,507984.272,3881327.009,0.223413,-0.059365,-0.059539,2.7778,TRACKING
75.675540,129.087616333333,35.074631500000,507987.870,3881322.975,0.713,2.075720,gps_course,584,1.179,5.000,589,507984.272,3881327.009,0.223413,-0.059365,-0.059469,2.7778,TRACKING
75.725368,129.087616333333,35.074631500000,507987.870,3881322.975,0.716,2.068215,gps_course,584,1.179,5.000,589,507984.272,3881327.009,0.230918,-0.061319,-0.060209,2.7778,TRACKING
75.774911,129.087616333333,35.074631500000,507987.870,3881322.975,0.716,2.068215,gps_course,584,1.179,5.000,589,507984.272,3881327.009,0.230918,-0.061319,-0.060653,2.7778,TRACKING
75.824772,129.087616333333,35.074631500000,507987.870,3881322.975,0.716,2.068215,gps_course,584,1.179,5.000,589,507984.272,3881327.009,0.230918,-0.061319,-0.060920,2.7778,TRACKING
75.874846,129.087616333333,35.074631500000,507987.870,3881322.975,0.716,2.068215,gps_course,584,1.179,5.000,589,507984.272,3881327.009,0.230918,-0.061319,-0.061080,2.7778,TRACKING
75.924877,129.087616333333,35.074631500000,507987.870,3881322.975,0.716,2.068215,gps_course,584,1.179,5.000,589,507984.272,3881327.009,0.230918,-0.061319,-0.061176,2.7778,TRACKING
75.974782,129.087616333333,35.074631500000,507987.870,3881322.975,0.716,2.068913,gps_course,584,1.179,5.000,589,507984.272,3881327.009,0.230220,-0.061138,-0.061160,2.7778,TRACKING
76.024747,129.087616333333,35.074631500000,507987.870,3881322.975,0.716,2.068913,gps_course,584,1.179,5.000,589,507984.272,3881327.009,0.230220,-0.061138,-0.061151,2.7778,TRACKING
76.074813,129.087616333333,35.074631500000,507987.870,3881322.975,0.716,2.068913,gps_course,584,1.179,5.000,589,507984.272,3881327.009,0.230220,-0.061138,-0.061146,2.7778,TRACKING
76.124839,129.087616333333,35.074631500000,507987.870,3881322.975,0.716,2.068913,gps_course,584,1.179,5.000,589,507984.272,3881327.009,0.230220,-0.061138,-0.061143,2.7778,TRACKING
76.174801,129.087616333333,35.074631500000,507987.870,3881322.975,0.716,2.068913,gps_course,584,1.179,5.000,589,507984.272,3881327.009,0.230220,-0.061138,-0.061141,2.7778,TRACKING
76.224805,129.087616333333,35.074631500000,507987.870,3881322.975,0.717,2.069786,gps_course,584,1.179,5.000,589,507984.272,3881327.009,0.229347,-0.060911,-0.061049,2.7778,TRACKING
76.274793,129.087616333333,35.074631500000,507987.870,3881322.975,0.717,2.069786,gps_course,584,1.179,5.000,589,507984.272,3881327.009,0.229347,-0.060911,-0.060993,2.7778,TRACKING
76.324819,129.087616333333,35.074631500000,507987.870,3881322.975,0.717,2.069786,gps_course,584,1.179,5.000,589,507984.272,3881327.009,0.229347,-0.060911,-0.060960,2.7778,TRACKING
76.374792,129.087616333333,35.074631500000,507987.870,3881322.975,0.717,2.069786,gps_course,584,1.179,5.000,589,507984.272,3881327.009,0.229347,-0.060911,-0.060940,2.7778,TRACKING
76.424933,129.087616333333,35.074631500000,507987.870,3881322.975,0.717,2.069786,gps_course,584,1.179,5.000,589,507984.272,3881327.009,0.229347,-0.060911,-0.060929,2.7778,TRACKING
78.475223,129.087605000000,35.074648333333,507986.835,3881324.841,0.722,2.076767,gps_course,586,1.172,5.000,591,507983.287,3881328.749,0.231140,-0.062843,-0.025137,2.7778,TRACKING
78.525082,129.087605000000,35.074648333333,507986.835,3881324.841,0.722,2.076767,gps_course,586,1.172,5.000,591,507983.287,3881328.749,0.231140,-0.062843,-0.040220,2.7778,TRACKING
78.574993,129.087605000000,35.074648333333,507986.835,3881324.841,0.722,2.076767,gps_course,586,1.172,5.000,591,507983.287,3881328.749,0.231140,-0.062843,-0.049269,2.7778,TRACKING
78.624835,129.087605000000,35.074648333333,507986.835,3881324.841,0.722,2.076767,gps_course,586,1.172,5.000,591,507983.287,3881328.749,0.231140,-0.062843,-0.054699,2.7778,TRACKING
78.674910,129.087605000000,35.074648333333,507986.835,3881324.841,0.722,2.076767,gps_course,586,1.172,5.000,591,507983.287,3881328.749,0.231140,-0.062843,-0.057957,2.7778,TRACKING
78.725075,129.087604000000,35.074649666667,507986.744,3881324.988,0.714,2.074673,gps_course,586,1.156,5.000,591,507983.287,3881328.749,0.239447,-0.067221,-0.061662,2.7778,TRACKING
78.774846,129.087604000000,35.074649666667,507986.744,3881324.988,0.714,2.074673,gps_course,586,1.156,5.000,591,507983.287,3881328.749,0.239447,-0.067221,-0.063886,2.7778,TRACKING
78.824896,129.087604000000,35.074649666667,507986.744,3881324.988,0.714,2.074673,gps_course,586,1.156,5.000,591,507983.287,3881328.749,0.239447,-0.067221,-0.065220,2.7778,TRACKING
78.874754,129.087604000000,35.074649666667,507986.744,3881324.988,0.714,2.074673,gps_course,586,1.156,5.000,591,507983.287,3881328.749,0.239447,-0.067221,-0.066020,2.7778,TRACKING
78.924906,129.087604000000,35.074649666667,507986.744,3881324.988,0.714,2.074673,gps_course,586,1.156,5.000,591,507983.287,3881328.749,0.239447,-0.067221,-0.066500,2.7778,TRACKING
78.974796,129.087602833333,35.074650666667,507986.638,3881325.099,0.710,2.082876,gps_course,586,1.131,5.000,592,507982.795,3881329.619,0.192521,-0.046727,-0.058591,2.7778,TRACKING
79.024805,129.087602833333,35.074650666667,507986.638,3881325.099,0.710,2.082876,gps_course,586,1.131,5.000,592,507982.795,3881329.619,0.192521,-0.046727,-0.053845,2.7778,TRACKING
79.075043,129.087602833333,35.074650666667,507986.638,3881325.099,0.710,2.082876,gps_course,586,1.131,5.000,592,507982.795,3881329.619,0.192521,-0.046727,-0.050998,2.7778,TRACKING
79.124839,129.087602833333,35.074650666667,507986.638,3881325.099,0.710,2.082876,gps_course,586,1.131,5.000,592,507982.795,3881329.619,0.192521,-0.046727,-0.049290,2.7778,TRACKING
79.174815,129.087602833333,35.074650666667,507986.638,3881325.099,0.710,2.082876,gps_course,586,1.131,5.000,592,507982.795,3881329.619,0.192521,-0.046727,-0.048265,2.7778,TRACKING
79.224810,129.087602833333,35.074650666667,507986.638,3881325.099,0.705,2.090381,gps_course,586,1.131,5.000,592,507982.795,3881329.619,0.185016,-0.044929,-0.046930,2.7778,TRACKING
79.274795,129.087602833333,35.074650666667,507986.638,3881325.099,0.705,2.090381,gps_course,586,1.131,5.000,592,507982.795,3881329.619,0.185016,-0.044929,-0.046130,2.7778,TRACKING
79.324779,129.087602833333,35.074650666667,507986.638,3881325.099,0.705,2.090381,gps_course,586,1.131,5.000,592,507982.795,3881329.619,0.185016,-0.044929,-0.045650,2.7778,TRACKING
79.374911,129.087602833333,35.074650666667,507986.638,3881325.099,0.705,2.090381,gps_course,586,1.131,5.000,592,507982.795,3881329.619,0.185016,-0.044929,-0.045361,2.7778,TRACKING
79.424747,129.087602833333,35.074650666667,507986.638,3881325.099,0.705,2.090381,gps_course,586,1.131,5.000,592,507982.795,3881329.619,0.185016,-0.044929,-0.045189,2.7778,TRACKING
79.474789,129.087602500000,35.074653833333,507986.607,3881325.450,0.703,2.089683,gps_course,586,1.357,5.000,592,507982.795,3881329.619,0.221844,-0.056415,-0.049679,2.7778,TRACKING
79.524767,129.087602500000,35.074653833333,507986.607,3881325.450,0.703,2.089683,gps_course,586,1.357,5.000,592,507982.795,3881329.619,0.221844,-0.056415,-0.052373,2.7778,TRACKING
79.574807,129.087602500000,35.074653833333,507986.607,3881325.450,0.703,2.089683,gps_course,586,1.357,5.000,592,507982.795,3881329.619,0.221844,-0.056415,-0.053990,2.7778,TRACKING
79.624785,129.087602500000,35.074653833333,507986.607,3881325.450,0.703,2.089683,gps_course,586,1.357,5.000,592,507982.795,3881329.619,0.221844,-0.056415,-0.054960,2.7778,TRACKING
79.674797,129.087602500000,35.074653833333,507986.607,3881325.450,0.703,2.089683,gps_course,586,1.357,5.000,592,507982.795,3881329.619,0.221844,-0.056415,-0.055542,2.7778,TRACKING
79.724803,129.087602166667,35.074655000000,507986.577,3881325.580,0.703,2.089683,gps_course,587,1.355,5.000,592,507982.795,3881329.619,0.233551,-0.060569,-0.057553,2.7778,TRACKING
79.774794,129.087602166667,35.074655000000,507986.577,3881325.580,0.703,2.089683,gps_course,587,1.355,5.000,592,507982.795,3881329.619,0.233551,-0.060569,-0.058759,2.7778,TRACKING
79.824789,129.087602166667,35.074655000000,507986.577,3881325.580,0.703,2.089683,gps_course,587,1.355,5.000,592,507982.795,3881329.619,0.233551,-0.060569,-0.059483,2.7778,TRACKING
79.874793,129.087602166667,35.074655000000,507986.577,3881325.580,0.703,2.089683,gps_course,587,1.355,5.000,592,507982.795,3881329.619,0.233551,-0.060569,-0.059918,2.7778,TRACKING
79.924795,129.087602166667,35.074655000000,507986.577,3881325.580,0.703,2.089683,gps_course,587,1.355,5.000,592,507982.795,3881329.619,0.233551,-0.060569,-0.060178,2.7778,TRACKING
79.974784,129.087601666667,35.074656000000,507986.531,3881325.691,0.678,2.027200,gps_course,587,1.341,5.000,592,507982.795,3881329.619,0.303857,-0.079851,-0.068047,2.7778,TRACKING
80.024991,129.087601666667,35.074656000000,507986.531,3881325.691,0.678,2.027200,gps_course,587,1.341,5.000,592,507982.795,3881329.619,0.303857,-0.079851,-0.072769,2.7778,TRACKING
80.074796,129.087601666667,35.074656000000,507986.531,3881325.691,0.678,2.027200,gps_course,587,1.341,5.000,592,507982.795,3881329.619,0.303857,-0.079851,-0.075601,2.7778,TRACKING
80.124764,129.087601666667,35.074656000000,507986.531,3881325.691,0.678,2.027200,gps_course,587,1.341,5.000,592,507982.795,3881329.619,0.303857,-0.079851,-0.077301,2.7778,TRACKING
80.174784,129.087601666667,35.074656000000,507986.531,3881325.691,0.678,2.027200,gps_course,587,1.341,5.000,592,507982.795,3881329.619,0.303857,-0.079851,-0.078321,2.7778,TRACKING
80.224938,129.087601666667,35.074656000000,507986.531,3881325.691,0.657,2.019171,gps_course,587,1.341,5.000,592,507982.795,3881329.619,0.311885,-0.081883,-0.079746,2.7778,TRACKING
80.274800,129.087601666667,35.074656000000,507986.531,3881325.691,0.657,2.019171,gps_course,587,1.341,5.000,592,507982.795,3881329.619,0.311885,-0.081883,-0.080601,2.7778,TRACKING
80.325064,129.087601666667,35.074656000000,507986.531,3881325.691,0.657,2.019171,gps_course,587,1.341,5.000,592,507982.795,3881329.619,0.311885,-0.081883,-0.081114,2.7778,TRACKING
80.374766,129.087601666667,35.074656000000,507986.531,3881325.691,0.657,2.019171,gps_course,587,1.341,5.000,592,507982.795,3881329.619,0.311885,-0.081883,-0.081422,2.7778,TRACKING
80.424773,129.087601666667,35.074656000000,507986.531,3881325.691,0.657,2.019171,gps_course,587,1.341,5.000,592,507982.795,3881329.619,0.311885,-0.081883,-0.081606,2.7778,TRACKING
80.474818,129.087600333333,35.074658666667,507986.409,3881325.986,0.657,2.019171,gps_course,587,1.357,5.000,592,507982.795,3881329.619,0.334413,-0.092599,-0.086004,2.7778,TRACKING
80.524820,129.087600333333,35.074658666667,507986.409,3881325.986,0.657,2.019171,gps_course,587,1.357,5.000,592,507982.795,3881329.619,0.334413,-0.092599,-0.088642,2.7778,TRACKING
80.574802,129.087600333333,35.074658666667,507986.409,3881325.986,0.657,2.019171,gps_course,587,1.357,5.000,592,507982.795,3881329.619,0.334413,-0.092599,-0.090225,2.7778,TRACKING
80.624814,129.087600333333,35.074658666667,507986.409,3881325.986,0.657,2.019171,gps_course,587,1.357,5.000,592,507982.795,3881329.619,0.334413,-0.092599,-0.091175,2.7778,TRACKING
80.674959,129.087600333333,35.074658666667,507986.409,3881325.986,0.657,2.019171,gps_course,587,1.357,5.000,592,507982.795,3881329.619,0.334413,-0.092599,-0.091744,2.7778,TRACKING
80.724779,129.087599666667,35.074660000000,507986.348,3881326.134,0.654,2.014808,gps_course,587,1.392,5.000,593,507982.302,3881330.490,0.304541,-0.073007,-0.084249,2.7778,TRACKING
80.775195,129.087599666667,35.074660000000,507986.348,3881326.134,0.654,2.014808,gps_course,587,1.392,5.000,593,507982.302,3881330.490,0.304541,-0.073007,-0.079752,2.7778,TRACKING
80.824770,129.087599666667,35.074660000000,507986.348,3881326.134,0.654,2.014808,gps_course,587,1.392,5.000,593,507982.302,3881330.490,0.304541,-0.073007,-0.077054,2.7778,TRACKING
80.874808,129.087599666667,35.074660000000,507986.348,3881326.134,0.654,2.014808,gps_course,587,1.392,5.000,593,507982.302,3881330.490,0.304541,-0.073007,-0.075435,2.7778,TRACKING
80.924769,129.087599666667,35.074660000000,507986.348,3881326.134,0.654,2.014808,gps_course,587,1.392,5.000,593,507982.302,3881330.490,0.304541,-0.073007,-0.074464,2.7778,TRACKING
80.974790,129.087599000000,35.074661166667,507986.287,3881326.263,0.650,2.010445,gps_course,587,1.432,5.000,593,507982.302,3881330.490,0.316376,-0.077507,-0.075681,2.7778,TRACKING
81.024814,129.087599000000,35.074661166667,507986.287,3881326.263,0.650,2.010445,gps_course,587,1.432,5.000,593,507982.302,3881330.490,0.316376,-0.077507,-0.076412,2.7778,TRACKING
81.074809,129.087599000000,35.074661166667,507986.287,3881326.263,0.650,2.010445,gps_course,587,1.432,5.000,593,507982.302,3881330.490,0.316376,-0.077507,-0.076850,2.7778,TRACKING
81.124780,129.087599000000,35.074661166667,507986.287,3881326.263,0.650,2.010445,gps_course,587,1.432,5.000,593,507982.302,3881330.490,0.316376,-0.077507,-0.077113,2.7778,TRACKING
81.174976,129.087599000000,35.074661166667,507986.287,3881326.263,0.650,2.010445,gps_course,587,1.432,5.000,593,507982.302,3881330.490,0.316376,-0.077507,-0.077270,2.7778,TRACKING
81.224809,129.087598166667,35.074662500000,507986.211,3881326.411,0.648,2.008001,gps_course,588,1.472,5.000,593,507982.302,3881330.490,0.326966,-0.082249,-0.079262,2.7778,TRACKING
81.274913,129.087598166667,35.074662500000,507986.211,3881326.411,0.648,2.008001,gps_course,588,1.472,5.000,593,507982.302,3881330.490,0.326966,-0.082249,-0.080457,2.7778,TRACKING
81.325203,129.087598166667,35.074662500000,507986.211,3881326.411,0.648,2.008001,gps_course,588,1.472,5.000,593,507982.302,3881330.490,0.326966,-0.082249,-0.081174,2.7778,TRACKING
81.374949,129.087598166667,35.074662500000,507986.211,3881326.411,0.648,2.008001,gps_course,588,1.472,5.000,593,507982.302,3881330.490,0.326966,-0.082249,-0.081604,2.7778,TRACKING
81.424772,129.087598166667,35.074662500000,507986.211,3881326.411,0.648,2.008001,gps_course,588,1.472,5.000,593,507982.302,3881330.490,0.326966,-0.082249,-0.081862,2.7778,TRACKING
81.474784,129.087597666667,35.074663833333,507986.165,3881326.559,0.647,2.005732,gps_course,588,1.462,5.000,593,507982.302,3881330.490,0.341806,-0.087958,-0.084300,2.7778,TRACKING
81.524764,129.087597666667,35.074663833333,507986.165,3881326.559,0.647,2.005732,gps_course,588,1.462,5.000,593,507982.302,3881330.490,0.341806,-0.087958,-0.085763,2.7778,TRACKING
81.574777,129.087597666667,35.074663833333,507986.165,3881326.559,0.647,2.005732,gps_course,588,1.462,5.000,593,507982.302,3881330.490,0.341806,-0.087958,-0.086641,2.7778,TRACKING
81.624765,129.087597666667,35.074663833333,507986.165,3881326.559,0.647,2.005732,gps_course,588,1.462,5.000,593,507982.302,3881330.490,0.341806,-0.087958,-0.087168,2.7778,TRACKING
81.674776,129.087597666667,35.074663833333,507986.165,3881326.559,0.647,2.005732,gps_course,588,1.462,5.000,593,507982.302,3881330.490,0.341806,-0.087958,-0.087484,2.7778,TRACKING
81.724895,129.087597000000,35.074665000000,507986.105,3881326.688,0.643,2.001020,gps_course,588,1.448,5.000,593,507982.302,3881330.490,0.355302,-0.093542,-0.089907,2.7778,TRACKING
81.774776,129.087597000000,35.074665000000,507986.105,3881326.688,0.643,2.001020,gps_course,588,1.448,5.000,593,507982.302,3881330.490,0.355302,-0.093542,-0.091361,2.7778,TRACKING
81.824776,129.087597000000,35.074665000000,507986.105,3881326.688,0.643,2.001020,gps_course,588,1.448,5.000,593,507982.302,3881330.490,0.355302,-0.093542,-0.092234,2.7778,TRACKING
81.874798,129.087597000000,35.074665000000,507986.105,3881326.688,0.643,2.001020,gps_course,588,1.448,5.000,593,507982.302,3881330.490,0.355302,-0.093542,-0.092757,2.7778,TRACKING
81.924789,129.087597000000,35.074665000000,507986.105,3881326.688,0.643,2.001020,gps_course,588,1.448,5.000,593,507982.302,3881330.490,0.355302,-0.093542,-0.093071,2.7778,TRACKING
81.974810,129.087596333333,35.074666333333,507986.044,3881326.836,0.643,2.001020,gps_course,588,1.457,5.000,593,507982.302,3881330.490,0.367056,-0.099179,-0.095514,2.7778,TRACKING
82.024772,129.087596333333,35.074666333333,507986.044,3881326.836,0.643,2.001020,gps_course,588,1.457,5.000,593,507982.302,3881330.490,0.367056,-0.099179,-0.096980,2.7778,TRACKING
82.075040,129.087596333333,35.074666333333,507986.044,3881326.836,0.643,2.001020,gps_course,588,1.457,5.000,593,507982.302,3881330.490,0.367056,-0.099179,-0.097860,2.7778,TRACKING
82.124801,129.087596333333,35.074666333333,507986.044,3881326.836,0.643,2.001020,gps_course,588,1.457,5.000,593,507982.302,3881330.490,0.367056,-0.099179,-0.098388,2.7778,TRACKING
82.174761,129.087596333333,35.074666333333,507986.044,3881326.836,0.643,2.001020,gps_course,588,1.457,5.000,593,507982.302,3881330.490,0.367056,-0.099179,-0.098704,2.7778,TRACKING
82.225008,129.087596333333,35.074666333333,507986.044,3881326.836,0.634,1.989675,gps_course,588,1.457,5.000,593,507982.302,3881330.490,0.378401,-0.102079,-0.100054,2.7778,TRACKING
82.274769,129.087596333333,35.074666333333,507986.044,3881326.836,0.634,1.989675,gps_course,588,1.457,5.000,593,507982.302,3881330.490,0.378401,-0.102079,-0.100864,2.7778,TRACKING
82.324792,129.087596333333,35.074666333333,507986.044,3881326.836,0.634,1.989675,gps_course,588,1.457,5.000,593,507982.302,3881330.490,0.378401,-0.102079,-0.101350,2.7778,TRACKING
82.374874,129.087596333333,35.074666333333,507986.044,3881326.836,0.634,1.989675,gps_course,588,1.457,5.000,593,507982.302,3881330.490,0.378401,-0.102079,-0.101642,2.7778,TRACKING
82.424939,129.087596333333,35.074666333333,507986.044,3881326.836,0.634,1.989675,gps_course,588,1.457,5.000,593,507982.302,3881330.490,0.378401,-0.102079,-0.101817,2.7778,TRACKING
82.475181,129.087595000000,35.074668833333,507985.922,3881327.113,0.634,1.989675,gps_course,588,1.513,5.000,594,507981.810,3881331.360,0.350432,-0.084010,-0.094694,2.7778,TRACKING
82.525326,129.087595000000,35.074668833333,507985.922,3881327.113,0.634,1.989675,gps_course,588,1.513,5.000,594,507981.810,3881331.360,0.350432,-0.084010,-0.090420,2.7778,TRACKING
82.575143,129.087595000000,35.074668833333,507985.922,3881327.113,0.634,1.989675,gps_course,588,1.513,5.000,594,507981.810,3881331.360,0.350432,-0.084010,-0.087856,2.7778,TRACKING
82.624801,129.087595000000,35.074668833333,507985.922,3881327.113,0.634,1.989675,gps_course,588,1.513,5.000,594,507981.810,3881331.360,0.350432,-0.084010,-0.086318,2.7778,TRACKING
82.674784,129.087595000000,35.074668833333,507985.922,3881327.113,0.634,1.989675,gps_course,588,1.513,5.000,594,507981.810,3881331.360,0.350432,-0.084010,-0.085395,2.7778,TRACKING
82.724780,129.087595000000,35.074668833333,507985.922,3881327.113,0.629,1.986359,gps_course,588,1.513,5.000,594,507981.810,3881331.360,0.353748,-0.084768,-0.085144,2.7778,TRACKING
82.774799,129.087595000000,35.074668833333,507985.922,3881327.113,0.629,1.986359,gps_course,588,1.513,5.000,594,507981.810,3881331.360,0.353748,-0.084768,-0.084994,2.7778,TRACKING
82.824761,129.087595000000,35.074668833333,507985.922,3881327.113,0.629,1.986359,gps_course,588,1.513,5.000,594,507981.810,3881331.360,0.353748,-0.084768,-0.084903,2.7778,TRACKING
82.874784,129.087595000000,35.074668833333,507985.922,3881327.113,0.629,1.986359,gps_course,588,1.513,5.000,594,507981.810,3881331.360,0.353748,-0.084768,-0.084849,2.7778,TRACKING
82.924760,129.087595000000,35.074668833333,507985.922,3881327.113,0.629,1.986359,gps_course,588,1.513,5.000,594,507981.810,3881331.360,0.353748,-0.084768,-0.084817,2.7778,TRACKING
82.974784,129.087595000000,35.074668833333,507985.922,3881327.113,0.627,1.985836,gps_course,588,1.513,5.000,594,507981.810,3881331.360,0.354272,-0.084888,-0.084845,2.7778,TRACKING
83.024899,129.087595000000,35.074668833333,507985.922,3881327.113,0.627,1.985836,gps_course,588,1.513,5.000,594,507981.810,3881331.360,0.354272,-0.084888,-0.084862,2.7778,TRACKING
83.074978,129.087595000000,35.074668833333,507985.922,3881327.113,0.627,1.985836,gps_course,588,1.513,5.000,594,507981.810,3881331.360,0.354272,-0.084888,-0.084872,2.7778,TRACKING
83.124794,129.087595000000,35.074668833333,507985.922,3881327.113,0.627,1.985836,gps_course,588,1.513,5.000,594,507981.810,3881331.360,0.354272,-0.084888,-0.084878,2.7778,TRACKING
83.174938,129.087595000000,35.074668833333,507985.922,3881327.113,0.627,1.985836,gps_course,588,1.513,5.000,594,507981.810,3881331.360,0.354272,-0.084888,-0.084882,2.7778,TRACKING
83.224923,129.087595000000,35.074668833333,507985.922,3881327.113,0.625,1.985312,gps_course,588,1.513,5.000,594,507981.810,3881331.360,0.354795,-0.085007,-0.084932,2.7778,TRACKING
83.274807,129.087595000000,35.074668833333,507985.922,3881327.113,0.625,1.985312,gps_course,588,1.513,5.000,594,507981.810,3881331.360,0.354795,-0.085007,-0.084962,2.7778,TRACKING
83.324956,129.087595000000,35.074668833333,507985.922,3881327.113,0.625,1.985312,gps_course,588,1.513,5.000,594,507981.810,3881331.360,0.354795,-0.085007,-0.084980,2.7778,TRACKING
83.375030,129.087595000000,35.074668833333,507985.922,3881327.113,0.625,1.985312,gps_course,588,1.513,5.000,594,507981.810,3881331.360,0.354795,-0.085007,-0.084991,2.7778,TRACKING
83.424834,129.087595000000,35.074668833333,507985.922,3881327.113,0.625,1.985312,gps_course,588,1.513,5.000,594,507981.810,3881331.360,0.354795,-0.085007,-0.084997,2.7778,TRACKING
95.474831,129.087571166667,35.074718166667,507983.744,3881332.582,0.476,1.955292,gps_course,594,2.288,5.000,599,507979.347,3881335.711,0.567868,-0.143504,-0.029922,2.7778,TRACKING
95.524775,129.087571166667,35.074718166667,507983.744,3881332.582,0.476,1.955292,gps_course,594,2.288,5.000,599,507979.347,3881335.711,0.567868,-0.143504,-0.059888,2.7778,TRACKING
95.574857,129.087571166667,35.074718166667,507983.744,3881332.582,0.476,1.955292,gps_course,594,2.288,5.000,599,507979.347,3881335.711,0.567868,-0.143504,-0.089938,2.7778,TRACKING
95.625100,129.087571166667,35.074718166667,507983.744,3881332.582,0.476,1.955292,gps_course,594,2.288,5.000,599,507979.347,3881335.711,0.567868,-0.143504,-0.111364,2.7778,TRACKING
95.675063,129.087571166667,35.074718166667,507983.744,3881332.582,0.476,1.955292,gps_course,594,2.288,5.000,599,507979.347,3881335.711,0.567868,-0.143504,-0.124220,2.7778,TRACKING
95.724776,129.087570666667,35.074718666667,507983.699,3881332.638,0.482,1.954071,gps_course,594,2.281,5.000,599,507979.347,3881335.711,0.572598,-0.146404,-0.133094,2.7778,TRACKING
95.774948,129.087570666667,35.074718666667,507983.699,3881332.638,0.482,1.954071,gps_course,594,2.281,5.000,599,507979.347,3881335.711,0.572598,-0.146404,-0.138418,2.7778,TRACKING
95.825350,129.087570666667,35.074718666667,507983.699,3881332.638,0.482,1.954071,gps_course,594,2.281,5.000,599,507979.347,3881335.711,0.572598,-0.146404,-0.141613,2.7778,TRACKING
95.874785,129.087570666667,35.074718666667,507983.699,3881332.638,0.482,1.954071,gps_course,594,2.281,5.000,599,507979.347,3881335.711,0.572598,-0.146404,-0.143529,2.7778,TRACKING
95.924808,129.087570666667,35.074718666667,507983.699,3881332.638,0.482,1.954071,gps_course,594,2.281,5.000,599,507979.347,3881335.711,0.572598,-0.146404,-0.144679,2.7778,TRACKING
95.976648,129.087570500000,35.074719166667,507983.683,3881332.693,0.476,1.956165,gps_course,594,2.300,5.000,599,507979.347,3881335.711,0.577409,-0.148698,-0.146287,2.7778,TRACKING
96.024800,129.087570500000,35.074719166667,507983.683,3881332.693,0.476,1.956165,gps_course,594,2.300,5.000,599,507979.347,3881335.711,0.577409,-0.148698,-0.147251,2.7778,TRACKING
96.074775,129.087570500000,35.074719166667,507983.683,3881332.693,0.476,1.956165,gps_course,594,2.300,5.000,599,507979.347,3881335.711,0.577409,-0.148698,-0.147830,2.7778,TRACKING
96.124777,129.087570500000,35.074719166667,507983.683,3881332.693,0.476,1.956165,gps_course,594,2.300,5.000,599,507979.347,3881335.711,0.577409,-0.148698,-0.148177,2.7778,TRACKING
96.174784,129.087570500000,35.074719166667,507983.683,3881332.693,0.476,1.956165,gps_course,594,2.300,5.000,599,507979.347,3881335.711,0.577409,-0.148698,-0.148386,2.7778,TRACKING
96.224780,129.087570333333,35.074719500000,507983.668,3881332.730,0.469,1.955641,gps_course,594,2.309,5.000,599,507979.347,3881335.711,0.582053,-0.150684,-0.149305,2.7778,TRACKING
96.274780,129.087570333333,35.074719500000,507983.668,3881332.730,0.469,1.955641,gps_course,594,2.309,5.000,599,507979.347,3881335.711,0.582053,-0.150684,-0.149857,2.7778,TRACKING
96.324767,129.087570333333,35.074719500000,507983.668,3881332.730,0.469,1.955641,gps_course,594,2.309,5.000,599,507979.347,3881335.711,0.582053,-0.150684,-0.150187,2.7778,TRACKING
96.375560,129.087570333333,35.074719500000,507983.668,3881332.730,0.469,1.955641,gps_course,594,2.309,5.000,599,507979.347,3881335.711,0.582053,-0.150684,-0.150386,2.7778,TRACKING
96.424777,129.087570333333,35.074719500000,507983.668,3881332.730,0.469,1.955641,gps_course,594,2.309,5.000,599,507979.347,3881335.711,0.582053,-0.150684,-0.150505,2.7778,TRACKING
96.474810,129.087570000000,35.074720166667,507983.638,3881332.804,0.458,1.955467,gps_course,594,2.330,5.000,599,507979.347,3881335.711,0.590628,-0.154549,-0.152123,2.7778,TRACKING
96.524852,129.087570000000,35.074720166667,507983.638,3881332.804,0.458,1.955467,gps_course,594,2.330,5.000,599,507979.347,3881335.711,0.590628,-0.154549,-0.153093,2.7778,TRACKING
96.574782,129.087570000000,35.074720166667,507983.638,3881332.804,0.458,1.955467,gps_course,594,2.330,5.000,599,507979.347,3881335.711,0.590628,-0.154549,-0.153676,2.7778,TRACKING
96.624781,129.087570000000,35.074720166667,507983.638,3881332.804,0.458,1.955467,gps_course,594,2.330,5.000,599,507979.347,3881335.711,0.590628,-0.154549,-0.154025,2.7778,TRACKING
96.674980,129.087570000000,35.074720166667,507983.638,3881332.804,0.458,1.955467,gps_course,594,2.330,5.000,599,507979.347,3881335.711,0.590628,-0.154549,-0.154235,2.7778,TRACKING
96.724802,129.087569833333,35.074720833333,507983.622,3881332.878,0.450,1.953547,gps_course,594,2.364,5.000,599,507979.347,3881335.711,0.602810,-0.158923,-0.156110,2.7778,TRACKING
96.774821,129.087569833333,35.074720833333,507983.622,3881332.878,0.450,1.953547,gps_course,594,2.364,5.000,599,507979.347,3881335.711,0.602810,-0.158923,-0.157235,2.7778,TRACKING
96.824862,129.087569833333,35.074720833333,507983.622,3881332.878,0.450,1.953547,gps_course,594,2.364,5.000,599,507979.347,3881335.711,0.602810,-0.158923,-0.157910,2.7778,TRACKING
96.874849,129.087569833333,35.074720833333,507983.622,3881332.878,0.450,1.953547,gps_course,594,2.364,5.000,599,507979.347,3881335.711,0.602810,-0.158923,-0.158316,2.7778,TRACKING
96.924812,129.087569833333,35.074720833333,507983.622,3881332.878,0.450,1.953547,gps_course,594,2.364,5.000,599,507979.347,3881335.711,0.602810,-0.158923,-0.158559,2.7778,TRACKING
96.975027,129.087569666667,35.074721333333,507983.607,3881332.933,0.450,1.953547,gps_course,594,2.389,5.000,599,507979.347,3881335.711,0.610240,-0.161945,-0.159913,2.7778,TRACKING
97.024764,129.087569666667,35.074721333333,507983.607,3881332.933,0.450,1.953547,gps_course,594,2.389,5.000,599,507979.347,3881335.711,0.610240,-0.161945,-0.160726,2.7778,TRACKING
97.074946,129.087569666667,35.074721333333,507983.607,3881332.933,0.450,1.953547,gps_course,594,2.389,5.000,599,507979.347,3881335.711,0.610240,-0.161945,-0.161214,2.7778,TRACKING
97.124784,129.087569666667,35.074721333333,507983.607,3881332.933,0.450,1.953547,gps_course,594,2.389,5.000,599,507979.347,3881335.711,0.610240,-0.161945,-0.161507,2.7778,TRACKING
97.174971,129.087569666667,35.074721333333,507983.607,3881332.933,0.450,1.953547,gps_course,594,2.389,5.000,599,507979.347,3881335.711,0.610240,-0.161945,-0.161682,2.7778,TRACKING
97.224784,129.087569500000,35.074721500000,507983.592,3881332.952,0.417,1.947787,gps_course,595,2.387,5.000,599,507979.347,3881335.711,0.617414,-0.164298,-0.162728,2.7778,TRACKING
97.274845,129.087569500000,35.074721500000,507983.592,3881332.952,0.417,1.947787,gps_course,595,2.387,5.000,599,507979.347,3881335.711,0.617414,-0.164298,-0.163356,2.7778,TRACKING
97.324905,129.087569500000,35.074721500000,507983.592,3881332.952,0.417,1.947787,gps_course,595,2.387,5.000,599,507979.347,3881335.711,0.617414,-0.164298,-0.163733,2.7778,TRACKING
97.374985,129.087569500000,35.074721500000,507983.592,3881332.952,0.417,1.947787,gps_course,595,2.387,5.000,599,507979.347,3881335.711,0.617414,-0.164298,-0.163959,2.7778,TRACKING
97.424773,129.087569500000,35.074721500000,507983.592,3881332.952,0.417,1.947787,gps_course,595,2.387,5.000,599,507979.347,3881335.711,0.617414,-0.164298,-0.164094,2.7778,TRACKING
97.474759,129.087569500000,35.074721666667,507983.592,3881332.970,0.393,1.949533,gps_course,595,2.392,5.000,599,507979.347,3881335.711,0.618734,-0.164919,-0.164424,2.7778,TRACKING
97.524794,129.087569500000,35.074721666667,507983.592,3881332.970,0.393,1.949533,gps_course,595,2.392,5.000,599,507979.347,3881335.711,0.618734,-0.164919,-0.164622,2.7778,TRACKING
97.574778,129.087569500000,35.074721666667,507983.592,3881332.970,0.393,1.949533,gps_course,595,2.392,5.000,599,507979.347,3881335.711,0.618734,-0.164919,-0.164741,2.7778,TRACKING
97.624737,129.087569500000,35.074721666667,507983.592,3881332.970,0.393,1.949533,gps_course,595,2.392,5.000,599,507979.347,3881335.711,0.618734,-0.164919,-0.164812,2.7778,TRACKING
97.674758,129.087569500000,35.074721666667,507983.592,3881332.970,0.393,1.949533,gps_course,595,2.392,5.000,599,507979.347,3881335.711,0.618734,-0.164919,-0.164855,2.7778,TRACKING
97.724834,129.087569333333,35.074721833333,507983.577,3881332.989,0.393,1.949533,gps_course,595,2.384,5.000,599,507979.347,3881335.711,0.620178,-0.165983,-0.165306,2.7778,TRACKING
97.774789,129.087569333333,35.074721833333,507983.577,3881332.989,0.393,1.949533,gps_course,595,2.384,5.000,599,507979.347,3881335.711,0.620178,-0.165983,-0.165577,2.7778,TRACKING
97.824750,129.087569333333,35.074721833333,507983.577,3881332.989,0.393,1.949533,gps_course,595,2.384,5.000,599,507979.347,3881335.711,0.620178,-0.165983,-0.165739,2.7778,TRACKING
97.874803,129.087569333333,35.074721833333,507983.577,3881332.989,0.393,1.949533,gps_course,595,2.384,5.000,599,507979.347,3881335.711,0.620178,-0.165983,-0.165837,2.7778,TRACKING
97.924761,129.087569333333,35.074721833333,507983.577,3881332.989,0.393,1.949533,gps_course,595,2.384,5.000,599,507979.347,3881335.711,0.620178,-0.165983,-0.165895,2.7778,TRACKING
97.974800,129.087569333333,35.074721833333,507983.577,3881332.989,0.329,1.928065,gps_course,595,2.384,5.000,599,507979.347,3881335.711,0.641646,-0.170839,-0.167873,2.7778,TRACKING
98.025142,129.087569333333,35.074721833333,507983.577,3881332.989,0.329,1.928065,gps_course,595,2.384,5.000,599,507979.347,3881335.711,0.641646,-0.170839,-0.169059,2.7778,TRACKING
98.074797,129.087569333333,35.074721833333,507983.577,3881332.989,0.329,1.928065,gps_course,595,2.384,5.000,599,507979.347,3881335.711,0.641646,-0.170839,-0.169771,2.7778,TRACKING
98.124785,129.087569333333,35.074721833333,507983.577,3881332.989,0.329,1.928065,gps_course,595,2.384,5.000,599,507979.347,3881335.711,0.641646,-0.170839,-0.170198,2.7778,TRACKING
98.174809,129.087569333333,35.074721833333,507983.577,3881332.989,0.329,1.928065,gps_course,595,2.384,5.000,599,507979.347,3881335.711,0.641646,-0.170839,-0.170455,2.7778,TRACKING
98.224790,129.087569333333,35.074721833333,507983.577,3881332.989,0.294,1.928065,gps_course,595,2.384,5.000,599,507979.347,3881335.711,0.641646,-0.170839,-0.170608,2.7778,TRACKING
98.274798,129.087569333333,35.074721833333,507983.577,3881332.989,0.294,1.928065,gps_course,595,2.384,5.000,599,507979.347,3881335.711,0.641646,-0.170839,-0.170701,2.7778,TRACKING
98.324958,129.087569333333,35.074721833333,507983.577,3881332.989,0.294,1.928065,gps_course,595,2.384,5.000,599,507979.347,3881335.711,0.641646,-0.170839,-0.170756,2.7778,TRACKING
98.374826,129.087569333333,35.074721833333,507983.577,3881332.989,0.294,1.928065,gps_course,595,2.384,5.000,599,507979.347,3881335.711,0.641646,-0.170839,-0.170789,2.7778,TRACKING
98.424826,129.087569333333,35.074721833333,507983.577,3881332.989,0.294,1.928065,gps_course,595,2.384,5.000,599,507979.347,3881335.711,0.641646,-0.170839,-0.170809,2.7778,TRACKING
98.474873,129.087569500000,35.074721666667,507983.592,3881332.970,0.259,1.928065,gps_course,595,2.392,5.000,599,507979.347,3881335.711,0.640201,-0.169761,-0.170390,2.7778,TRACKING
98.524812,129.087569500000,35.074721666667,507983.592,3881332.970,0.259,1.928065,gps_course,595,2.392,5.000,599,507979.347,3881335.711,0.640201,-0.169761,-0.170138,2.7778,TRACKING
98.574780,129.087569500000,35.074721666667,507983.592,3881332.970,0.259,1.928065,gps_course,595,2.392,5.000,599,507979.347,3881335.711,0.640201,-0.169761,-0.169987,2.7778,TRACKING
98.624917,129.087569500000,35.074721666667,507983.592,3881332.970,0.259,1.928065,gps_course,595,2.392,5.000,599,507979.347,3881335.711,0.640201,-0.169761,-0.169896,2.7778,TRACKING
98.674800,129.087569500000,35.074721666667,507983.592,3881332.970,0.259,1.928065,gps_course,595,2.392,5.000,599,507979.347,3881335.711,0.640201,-0.169761,-0.169842,2.7778,TRACKING
98.724900,129.087569500000,35.074721500000,507983.592,3881332.952,0.222,1.928065,gps_course,595,2.387,5.000,599,507979.347,3881335.711,0.637136,-0.168745,-0.169403,2.7778,TRACKING
98.774876,129.087569500000,35.074721500000,507983.592,3881332.952,0.222,1.928065,gps_course,595,2.387,5.000,599,507979.347,3881335.711,0.637136,-0.168745,-0.169140,2.7778,TRACKING
98.825094,129.087569500000,35.074721500000,507983.592,3881332.952,0.222,1.928065,gps_course,595,2.387,5.000,599,507979.347,3881335.711,0.637136,-0.168745,-0.168982,2.7778,TRACKING
98.875117,129.087569500000,35.074721500000,507983.592,3881332.952,0.222,1.928065,gps_course,595,2.387,5.000,599,507979.347,3881335.711,0.637136,-0.168745,-0.168887,2.7778,TRACKING
98.924956,129.087569500000,35.074721500000,507983.592,3881332.952,0.222,1.928065,gps_course,595,2.387,5.000,599,507979.347,3881335.711,0.637136,-0.168745,-0.168830,2.7778,TRACKING
98.974795,129.087569666667,35.074721333333,507983.607,3881332.933,0.187,1.928065,gps_course,595,2.396,5.000,599,507979.347,3881335.711,0.635722,-0.167686,-0.168373,2.7778,TRACKING
99.024942,129.087569666667,35.074721333333,507983.607,3881332.933,0.187,1.928065,gps_course,595,2.396,5.000,599,507979.347,3881335.711,0.635722,-0.167686,-0.168098,2.7778,TRACKING
99.074852,129.087569666667,35.074721333333,507983.607,3881332.933,0.187,1.928065,gps_course,595,2.396,5.000,599,507979.347,3881335.711,0.635722,-0.167686,-0.167933,2.7778,TRACKING
99.124798,129.087569666667,35.074721333333,507983.607,3881332.933,0.187,1.928065,gps_course,595,2.396,5.000,599,507979.347,3881335.711,0.635722,-0.167686,-0.167835,2.7778,TRACKING
99.174824,129.087569666667,35.074721333333,507983.607,3881332.933,0.187,1.928065,gps_course,595,2.396,5.000,599,507979.347,3881335.711,0.635722,-0.167686,-0.167775,2.7778,TRACKING
99.224956,129.087569833333,35.074721166667,507983.622,3881332.915,0.155,1.928065,gps_course,595,2.405,5.000,599,507979.347,3881335.711,0.634320,-0.166639,-0.167321,2.7778,TRACKING
99.274848,129.087569833333,35.074721166667,507983.622,3881332.915,0.155,1.928065,gps_course,595,2.405,5.000,599,507979.347,3881335.711,0.634320,-0.166639,-0.167048,2.7778,TRACKING
99.324799,129.087569833333,35.074721166667,507983.622,3881332.915,0.155,1.928065,gps_course,595,2.405,5.000,599,507979.347,3881335.711,0.634320,-0.166639,-0.166885,2.7778,TRACKING
99.374820,129.087569833333,35.074721166667,507983.622,3881332.915,0.155,1.928065,gps_course,595,2.405,5.000,599,507979.347,3881335.711,0.634320,-0.166639,-0.166786,2.7778,TRACKING
99.424827,129.087569833333,35.074721166667,507983.622,3881332.915,0.155,1.928065,gps_course,595,2.405,5.000,599,507979.347,3881335.711,0.634320,-0.166639,-0.166728,2.7778,TRACKING
99.474959,129.087569833333,35.074721000000,507983.622,3881332.896,0.125,1.928065,gps_course,595,2.400,5.000,599,507979.347,3881335.711,0.631300,-0.165644,-0.166294,2.7778,TRACKING
99.524778,129.087569833333,35.074721000000,507983.622,3881332.896,0.125,1.928065,gps_course,595,2.400,5.000,599,507979.347,3881335.711,0.631300,-0.165644,-0.166034,2.7778,TRACKING
99.574944,129.087569833333,35.074721000000,507983.622,3881332.896,0.125,1.928065,gps_course,595,2.400,5.000,599,507979.347,3881335.711,0.631300,-0.165644,-0.165878,2.7778,TRACKING
99.624829,129.087569833333,35.074721000000,507983.622,3881332.896,0.125,1.928065,gps_course,595,2.400,5.000,599,507979.347,3881335.711,0.631300,-0.165644,-0.165784,2.7778,TRACKING
99.674753,129.087569833333,35.074721000000,507983.622,3881332.896,0.125,1.928065,gps_course,595,2.400,5.000,599,507979.347,3881335.711,0.631300,-0.165644,-0.165728,2.7778,TRACKING
99.724750,129.087570000000,35.074720833333,507983.638,3881332.878,0.099,1.928065,gps_course,595,2.409,5.000,599,507979.347,3881335.711,0.629926,-0.164616,-0.165283,2.7778,TRACKING
99.774891,129.087570000000,35.074720833333,507983.638,3881332.878,0.099,1.928065,gps_course,595,2.409,5.000,599,507979.347,3881335.711,0.629926,-0.164616,-0.165016,2.7778,TRACKING
99.824778,129.087570000000,35.074720833333,507983.638,3881332.878,0.099,1.928065,gps_course,595,2.409,5.000,599,507979.347,3881335.711,0.629926,-0.164616,-0.164856,2.7778,TRACKING
99.874805,129.087570000000,35.074720833333,507983.638,3881332.878,0.099,1.928065,gps_course,595,2.409,5.000,599,507979.347,3881335.711,0.629926,-0.164616,-0.164760,2.7778,TRACKING
99.924825,129.087570000000,35.074720833333,507983.638,3881332.878,0.099,1.928065,gps_course,595,2.409,5.000,599,507979.347,3881335.711,0.629926,-0.164616,-0.164703,2.7778,TRACKING
99.974778,129.087570166667,35.074720666667,507983.653,3881332.859,0.076,1.928065,gps_course,595,2.419,5.000,599,507979.347,3881335.711,0.628565,-0.163599,-0.164261,2.7778,TRACKING
100.024789,129.087570166667,35.074720666667,507983.653,3881332.859,0.076,1.928065,gps_course,595,2.419,5.000,599,507979.347,3881335.711,0.628565,-0.163599,-0.163996,2.7778,TRACKING
100.075415,129.087570166667,35.074720666667,507983.653,3881332.859,0.076,1.928065,gps_course,595,2.419,5.000,599,507979.347,3881335.711,0.628565,-0.163599,-0.163838,2.7778,TRACKING
100.124930,129.087570166667,35.074720666667,507983.653,3881332.859,0.076,1.928065,gps_course,595,2.419,5.000,599,507979.347,3881335.711,0.628565,-0.163599,-0.163742,2.7778,TRACKING
100.174917,129.087570166667,35.074720666667,507983.653,3881332.859,0.076,1.928065,gps_course,595,2.419,5.000,599,507979.347,3881335.711,0.628565,-0.163599,-0.163685,2.7778,TRACKING
100.224795,129.087570166667,35.074720500000,507983.653,3881332.841,0.059,1.928065,gps_course,595,2.414,5.000,599,507979.347,3881335.711,0.625589,-0.162624,-0.163261,2.7778,TRACKING
100.274773,129.087570166667,35.074720500000,507983.653,3881332.841,0.059,1.928065,gps_course,595,2.414,5.000,599,507979.347,3881335.711,0.625589,-0.162624,-0.163006,2.7778,TRACKING
100.324773,129.087570166667,35.074720500000,507983.653,3881332.841,0.059,1.928065,gps_course,595,2.414,5.000,599,507979.347,3881335.711,0.625589,-0.162624,-0.162853,2.7778,TRACKING
100.374804,129.087570166667,35.074720500000,507983.653,3881332.841,0.059,1.928065,gps_course,595,2.414,5.000,599,507979.347,3881335.711,0.625589,-0.162624,-0.162761,2.7778,TRACKING
100.424768,129.087570166667,35.074720500000,507983.653,3881332.841,0.059,1.928065,gps_course,595,2.414,5.000,599,507979.347,3881335.711,0.625589,-0.162624,-0.162706,2.7778,TRACKING
100.475144,129.087570333333,35.074720333333,507983.668,3881332.823,0.045,1.928065,gps_course,595,2.424,5.000,599,507979.347,3881335.711,0.624255,-0.161626,-0.162274,2.7778,TRACKING
100.524755,129.087570333333,35.074720333333,507983.668,3881332.823,0.045,1.928065,gps_course,595,2.424,5.000,599,507979.347,3881335.711,0.624255,-0.161626,-0.162015,2.7778,TRACKING
100.574766,129.087570333333,35.074720333333,507983.668,3881332.823,0.045,1.928065,gps_course,595,2.424,5.000,599,507979.347,3881335.711,0.624255,-0.161626,-0.161859,2.7778,TRACKING
100.624736,129.087570333333,35.074720333333,507983.668,3881332.823,0.045,1.928065,gps_course,595,2.424,5.000,599,507979.347,3881335.711,0.624255,-0.161626,-0.161766,2.7778,TRACKING
100.674845,129.087570333333,35.074720333333,507983.668,3881332.823,0.045,1.928065,gps_course,595,2.424,5.000,599,507979.347,3881335.711,0.624255,-0.161626,-0.161710,2.7778,TRACKING
100.725220,129.087570333333,35.074720166667,507983.668,3881332.804,0.034,1.928065,gps_course,595,2.420,5.000,599,507979.347,3881335.711,0.621307,-0.160662,-0.161291,2.7778,TRACKING
100.774859,129.087570333333,35.074720166667,507983.668,3881332.804,0.034,1.928065,gps_course,595,2.420,5.000,599,507979.347,3881335.711,0.621307,-0.160662,-0.161039,2.7778,TRACKING
100.825270,129.087570333333,35.074720166667,507983.668,3881332.804,0.034,1.928065,gps_course,595,2.420,5.000,599,507979.347,3881335.711,0.621307,-0.160662,-0.160888,2.7778,TRACKING
100.875175,129.087570333333,35.074720166667,507983.668,3881332.804,0.034,1.928065,gps_course,595,2.420,5.000,599,507979.347,3881335.711,0.621307,-0.160662,-0.160798,2.7778,TRACKING
100.925269,129.087570333333,35.074720166667,507983.668,3881332.804,0.034,1.928065,gps_course,595,2.420,5.000,599,507979.347,3881335.711,0.621307,-0.160662,-0.160743,2.7778,TRACKING
100.974863,129.087570500000,35.074720000000,507983.683,3881332.786,0.025,1.684922,corrected_imu,595,2.430,5.000,599,507979.347,3881335.711,0.863144,-0.200000,-0.176446,2.7778,TRACKING
101.025241,129.087570500000,35.074720000000,507983.683,3881332.786,0.025,1.684922,corrected_imu,595,2.430,5.000,599,507979.347,3881335.711,0.863144,-0.200000,-0.185868,2.7778,TRACKING
101.075307,129.087570500000,35.074720000000,507983.683,3881332.786,0.025,1.684922,corrected_imu,595,2.430,5.000,599,507979.347,3881335.711,0.863144,-0.200000,-0.191521,2.7778,TRACKING
101.125237,129.087570500000,35.074720000000,507983.683,3881332.786,0.025,1.684922,corrected_imu,595,2.430,5.000,599,507979.347,3881335.711,0.863144,-0.200000,-0.194912,2.7778,TRACKING
101.176097,129.087570500000,35.074720000000,507983.683,3881332.786,0.025,1.684922,corrected_imu,595,2.430,5.000,599,507979.347,3881335.711,0.863144,-0.200000,-0.196947,2.7778,TRACKING
101.224810,129.087570500000,35.074720000000,507983.683,3881332.786,0.019,1.684922,corrected_imu,595,2.430,5.000,599,507979.347,3881335.711,0.863144,-0.200000,-0.198168,2.7778,TRACKING
101.275021,129.087570500000,35.074720000000,507983.683,3881332.786,0.019,1.684922,corrected_imu,595,2.430,5.000,599,507979.347,3881335.711,0.863144,-0.200000,-0.198901,2.7778,TRACKING
101.325554,129.087570500000,35.074720000000,507983.683,3881332.786,0.019,1.684922,corrected_imu,595,2.430,5.000,599,507979.347,3881335.711,0.863144,-0.200000,-0.199341,2.7778,TRACKING
101.374785,129.087570500000,35.074720000000,507983.683,3881332.786,0.019,1.684922,corrected_imu,595,2.430,5.000,599,507979.347,3881335.711,0.863144,-0.200000,-0.199604,2.7778,TRACKING
101.424759,129.087570500000,35.074720000000,507983.683,3881332.786,0.019,1.684922,corrected_imu,595,2.430,5.000,599,507979.347,3881335.711,0.863144,-0.200000,-0.199763,2.7778,TRACKING
101.474776,129.087570500000,35.074719833333,507983.683,3881332.767,0.013,1.684922,corrected_imu,595,2.426,5.000,599,507979.347,3881335.711,0.860223,-0.200000,-0.199858,2.7778,TRACKING
101.524765,129.087570500000,35.074719833333,507983.683,3881332.767,0.013,1.684922,corrected_imu,595,2.426,5.000,599,507979.347,3881335.711,0.860223,-0.200000,-0.199915,2.7778,TRACKING
101.574793,129.087570500000,35.074719833333,507983.683,3881332.767,0.013,1.684922,corrected_imu,595,2.426,5.000,599,507979.347,3881335.711,0.860223,-0.200000,-0.199949,2.7778,TRACKING
101.624949,129.087570500000,35.074719833333,507983.683,3881332.767,0.013,1.684922,corrected_imu,595,2.426,5.000,599,507979.347,3881335.711,0.860223,-0.200000,-0.199969,2.7778,TRACKING
101.674927,129.087570500000,35.074719833333,507983.683,3881332.767,0.013,1.684922,corrected_imu,595,2.426,5.000,599,507979.347,3881335.711,0.860223,-0.200000,-0.199982,2.7778,TRACKING
101.724821,129.087570500000,35.074719666667,507983.683,3881332.749,0.009,1.684922,corrected_imu,595,2.422,5.000,599,507979.347,3881335.711,0.857313,-0.200000,-0.199989,2.7778,TRACKING
101.774970,129.087570500000,35.074719666667,507983.683,3881332.749,0.009,1.684922,corrected_imu,595,2.422,5.000,599,507979.347,3881335.711,0.857313,-0.200000,-0.199993,2.7778,TRACKING
101.825021,129.087570500000,35.074719666667,507983.683,3881332.749,0.009,1.684922,corrected_imu,595,2.422,5.000,599,507979.347,3881335.711,0.857313,-0.200000,-0.199996,2.7778,TRACKING
101.874936,129.087570500000,35.074719666667,507983.683,3881332.749,0.009,1.696034,corrected_imu,595,2.422,5.000,599,507979.347,3881335.711,0.846201,-0.200000,-0.199998,2.7778,TRACKING
101.924771,129.087570500000,35.074719666667,507983.683,3881332.749,0.009,1.696034,corrected_imu,595,2.422,5.000,599,507979.347,3881335.711,0.846201,-0.200000,-0.199999,2.7778,TRACKING
101.975335,129.087570500000,35.074719666667,507983.683,3881332.749,0.009,1.696034,corrected_imu,595,2.422,5.000,599,507979.347,3881335.711,0.846201,-0.200000,-0.199999,2.7778,TRACKING
102.024811,129.087570500000,35.074719666667,507983.683,3881332.749,0.009,1.696034,corrected_imu,595,2.422,5.000,599,507979.347,3881335.711,0.846201,-0.200000,-0.199999,2.7778,TRACKING
102.074760,129.087570500000,35.074719666667,507983.683,3881332.749,0.009,1.696034,corrected_imu,595,2.422,5.000,599,507979.347,3881335.711,0.846201,-0.200000,-0.200000,2.7778,TRACKING
102.125209,129.087570500000,35.074719666667,507983.683,3881332.749,0.009,1.696034,corrected_imu,595,2.422,5.000,599,507979.347,3881335.711,0.846201,-0.200000,-0.200000,2.7778,TRACKING
102.175288,129.087570500000,35.074719666667,507983.683,3881332.749,0.009,1.696034,corrected_imu,595,2.422,5.000,599,507979.347,3881335.711,0.846201,-0.200000,-0.200000,2.7778,TRACKING
102.224781,129.087570500000,35.074719500000,507983.683,3881332.730,0.006,1.696034,corrected_imu,595,2.418,5.000,599,507979.347,3881335.711,0.843303,-0.200000,-0.200000,2.7778,TRACKING
102.274755,129.087570500000,35.074719500000,507983.683,3881332.730,0.006,1.696034,corrected_imu,595,2.418,5.000,599,507979.347,3881335.711,0.843303,-0.200000,-0.200000,2.7778,TRACKING
102.324763,129.087570500000,35.074719500000,507983.683,3881332.730,0.006,1.696034,corrected_imu,595,2.418,5.000,599,507979.347,3881335.711,0.843303,-0.200000,-0.200000,2.7778,TRACKING
102.374817,129.087570500000,35.074719500000,507983.683,3881332.730,0.006,1.696034,corrected_imu,595,2.418,5.000,599,507979.347,3881335.711,0.843303,-0.200000,-0.200000,2.7778,TRACKING
102.424736,129.087570500000,35.074719500000,507983.683,3881332.730,0.006,1.696034,corrected_imu,595,2.418,5.000,599,507979.347,3881335.711,0.843303,-0.200000,-0.200000,2.7778,TRACKING
102.474964,129.087570666667,35.074719333333,507983.698,3881332.712,0.009,1.696034,corrected_imu,595,2.430,5.000,599,507979.347,3881335.711,0.842053,-0.200000,-0.200000,2.7778,TRACKING
102.525192,129.087570666667,35.074719333333,507983.698,3881332.712,0.009,1.696034,corrected_imu,595,2.430,5.000,599,507979.347,3881335.711,0.842053,-0.200000,-0.200000,2.7778,TRACKING
102.575323,129.087570666667,35.074719333333,507983.698,3881332.712,0.009,1.696034,corrected_imu,595,2.430,5.000,599,507979.347,3881335.711,0.842053,-0.200000,-0.200000,2.7778,TRACKING
102.624738,129.087570666667,35.074719333333,507983.698,3881332.712,0.009,1.696034,corrected_imu,595,2.430,5.000,599,507979.347,3881335.711,0.842053,-0.200000,-0.200000,2.7778,TRACKING
102.675240,129.087570666667,35.074719333333,507983.698,3881332.712,0.009,1.696034,corrected_imu,595,2.430,5.000,599,507979.347,3881335.711,0.842053,-0.200000,-0.200000,2.7778,TRACKING
102.724742,129.087570666667,35.074719333333,507983.698,3881332.712,0.013,1.696034,corrected_imu,595,2.430,5.000,599,507979.347,3881335.711,0.842053,-0.200000,-0.200000,2.7778,TRACKING
102.774793,129.087570666667,35.074719333333,507983.698,3881332.712,0.013,1.696034,corrected_imu,595,2.430,5.000,599,507979.347,3881335.711,0.842053,-0.200000,-0.200000,2.7778,TRACKING
102.824743,129.087570666667,35.074719333333,507983.698,3881332.712,0.013,1.696034,corrected_imu,595,2.430,5.000,599,507979.347,3881335.711,0.842053,-0.200000,-0.200000,2.7778,TRACKING
102.874800,129.087570666667,35.074719333333,507983.698,3881332.712,0.013,1.703965,corrected_imu,595,2.430,5.000,599,507979.347,3881335.711,0.834122,-0.200000,-0.200000,2.7778,TRACKING
102.924817,129.087570666667,35.074719333333,507983.698,3881332.712,0.013,1.703965,corrected_imu,595,2.430,5.000,599,507979.347,3881335.711,0.834122,-0.200000,-0.200000,2.7778,TRACKING
102.974771,129.087570666667,35.074719166667,507983.698,3881332.693,0.017,1.703965,corrected_imu,595,2.426,5.000,599,507979.347,3881335.711,0.831250,-0.199579,-0.199831,2.7778,TRACKING
103.024774,129.087570666667,35.074719166667,507983.698,3881332.693,0.017,1.703965,corrected_imu,595,2.426,5.000,599,507979.347,3881335.711,0.831250,-0.199579,-0.199730,2.7778,TRACKING
103.074813,129.087570666667,35.074719166667,507983.698,3881332.693,0.017,1.703965,corrected_imu,595,2.426,5.000,599,507979.347,3881335.711,0.831250,-0.199579,-0.199670,2.7778,TRACKING
103.124769,129.087570666667,35.074719166667,507983.698,3881332.693,0.017,1.703965,corrected_imu,595,2.426,5.000,599,507979.347,3881335.711,0.831250,-0.199579,-0.199633,2.7778,TRACKING
103.174799,129.087570666667,35.074719166667,507983.698,3881332.693,0.017,1.703965,corrected_imu,595,2.426,5.000,599,507979.347,3881335.711,0.831250,-0.199579,-0.199611,2.7778,TRACKING
103.224783,129.087570666667,35.074719000000,507983.698,3881332.675,0.022,1.703965,corrected_imu,595,2.423,5.000,599,507979.347,3881335.711,0.828390,-0.198685,-0.199241,2.7778,TRACKING
103.274814,129.087570666667,35.074719000000,507983.698,3881332.675,0.022,1.703965,corrected_imu,595,2.423,5.000,599,507979.347,3881335.711,0.828390,-0.198685,-0.199018,2.7778,TRACKING
103.324790,129.087570666667,35.074719000000,507983.698,3881332.675,0.022,1.703965,corrected_imu,595,2.423,5.000,599,507979.347,3881335.711,0.828390,-0.198685,-0.198885,2.7778,TRACKING
103.374816,129.087570666667,35.074719000000,507983.698,3881332.675,0.022,1.703965,corrected_imu,595,2.423,5.000,599,507979.347,3881335.711,0.828390,-0.198685,-0.198805,2.7778,TRACKING
103.424801,129.087570666667,35.074719000000,507983.698,3881332.675,0.022,1.703965,corrected_imu,595,2.423,5.000,599,507979.347,3881335.711,0.828390,-0.198685,-0.198757,2.7778,TRACKING
103.474802,129.087570500000,35.074718833333,507983.683,3881332.656,0.025,1.703965,corrected_imu,595,2.404,5.000,599,507979.347,3881335.711,0.823893,-0.197950,-0.198434,2.7778,TRACKING
103.524798,129.087570500000,35.074718833333,507983.683,3881332.656,0.025,1.703965,corrected_imu,595,2.404,5.000,599,507979.347,3881335.711,0.823893,-0.197950,-0.198240,2.7778,TRACKING
103.574806,129.087570500000,35.074718833333,507983.683,3881332.656,0.025,1.703965,corrected_imu,595,2.404,5.000,599,507979.347,3881335.711,0.823893,-0.197950,-0.198124,2.7778,TRACKING
103.624984,129.087570500000,35.074718833333,507983.683,3881332.656,0.025,1.703965,corrected_imu,595,2.404,5.000,599,507979.347,3881335.711,0.823893,-0.197950,-0.198054,2.7778,TRACKING
103.674803,129.087570500000,35.074718833333,507983.683,3881332.656,0.025,1.703965,corrected_imu,595,2.404,5.000,599,507979.347,3881335.711,0.823893,-0.197950,-0.198013,2.7778,TRACKING
103.724899,129.087570500000,35.074718833333,507983.683,3881332.656,0.025,1.703965,corrected_imu,595,2.404,5.000,599,507979.347,3881335.711,0.823893,-0.197950,-0.197988,2.7778,TRACKING
103.774818,129.087570500000,35.074718833333,507983.683,3881332.656,0.025,1.703965,corrected_imu,595,2.404,5.000,599,507979.347,3881335.711,0.823893,-0.197950,-0.197972,2.7778,TRACKING
103.824934,129.087570500000,35.074718833333,507983.683,3881332.656,0.025,1.703965,corrected_imu,595,2.404,5.000,599,507979.347,3881335.711,0.823893,-0.197950,-0.197963,2.7778,TRACKING
103.874856,129.087570500000,35.074718833333,507983.683,3881332.656,0.025,1.707210,corrected_imu,595,2.404,5.000,599,507979.347,3881335.711,0.820647,-0.197369,-0.197726,2.7778,TRACKING
103.924786,129.087570500000,35.074718833333,507983.683,3881332.656,0.025,1.707210,corrected_imu,595,2.404,5.000,599,507979.347,3881335.711,0.820647,-0.197369,-0.197583,2.7778,TRACKING
103.974771,129.087570500000,35.074718666667,507983.683,3881332.638,0.029,1.707210,corrected_imu,595,2.401,5.000,599,507979.347,3881335.711,0.817807,-0.196474,-0.197140,2.7778,TRACKING
104.024777,129.087570500000,35.074718666667,507983.683,3881332.638,0.029,1.707210,corrected_imu,595,2.401,5.000,599,507979.347,3881335.711,0.817807,-0.196474,-0.196873,2.7778,TRACKING
104.074912,129.087570500000,35.074718666667,507983.683,3881332.638,0.029,1.707210,corrected_imu,595,2.401,5.000,599,507979.347,3881335.711,0.817807,-0.196474,-0.196714,2.7778,TRACKING
104.124796,129.087570500000,35.074718666667,507983.683,3881332.638,0.029,1.707210,corrected_imu,595,2.401,5.000,599,507979.347,3881335.711,0.817807,-0.196474,-0.196618,2.7778,TRACKING
104.174776,129.087570500000,35.074718666667,507983.683,3881332.638,0.029,1.707210,corrected_imu,595,2.401,5.000,599,507979.347,3881335.711,0.817807,-0.196474,-0.196560,2.7778,TRACKING
104.224786,129.087570500000,35.074718666667,507983.683,3881332.638,0.029,1.707210,corrected_imu,595,2.401,5.000,599,507979.347,3881335.711,0.817807,-0.196474,-0.196526,2.7778,TRACKING
104.274802,129.087570500000,35.074718666667,507983.683,3881332.638,0.029,1.707210,corrected_imu,595,2.401,5.000,599,507979.347,3881335.711,0.817807,-0.196474,-0.196505,2.7778,TRACKING
104.324818,129.087570500000,35.074718666667,507983.683,3881332.638,0.029,1.707210,corrected_imu,595,2.401,5.000,599,507979.347,3881335.711,0.817807,-0.196474,-0.196493,2.7778,TRACKING
104.374778,129.087570500000,35.074718666667,507983.683,3881332.638,0.029,1.707210,corrected_imu,595,2.401,5.000,599,507979.347,3881335.711,0.817807,-0.196474,-0.196485,2.7778,TRACKING
104.424807,129.087570500000,35.074718666667,507983.683,3881332.638,0.029,1.707210,corrected_imu,595,2.401,5.000,599,507979.347,3881335.711,0.817807,-0.196474,-0.196481,2.7778,TRACKING
104.474803,129.087570500000,35.074718500000,507983.683,3881332.619,0.030,1.707210,corrected_imu,595,2.398,5.000,599,507979.347,3881335.711,0.814977,-0.195581,-0.196121,2.7778,TRACKING
104.524900,129.087570500000,35.074718500000,507983.683,3881332.619,0.030,1.707210,corrected_imu,595,2.398,5.000,599,507979.347,3881335.711,0.814977,-0.195581,-0.195905,2.7778,TRACKING
104.574823,129.087570500000,35.074718500000,507983.683,3881332.619,0.030,1.707210,corrected_imu,595,2.398,5.000,599,507979.347,3881335.711,0.814977,-0.195581,-0.195775,2.7778,TRACKING
104.624997,129.087570500000,35.074718500000,507983.683,3881332.619,0.030,1.707210,corrected_imu,595,2.398,5.000,599,507979.347,3881335.711,0.814977,-0.195581,-0.195698,2.7778,TRACKING
104.674822,129.087570500000,35.074718500000,507983.683,3881332.619,0.030,1.707210,corrected_imu,595,2.398,5.000,599,507979.347,3881335.711,0.814977,-0.195581,-0.195651,2.7778,TRACKING
104.724778,129.087570500000,35.074718500000,507983.683,3881332.619,0.030,1.707210,corrected_imu,595,2.398,5.000,599,507979.347,3881335.711,0.814977,-0.195581,-0.195623,2.7778,TRACKING
104.774785,129.087570500000,35.074718500000,507983.683,3881332.619,0.030,1.707210,corrected_imu,595,2.398,5.000,599,507979.347,3881335.711,0.814977,-0.195581,-0.195606,2.7778,TRACKING
104.824818,129.087570500000,35.074718500000,507983.683,3881332.619,0.030,1.707210,corrected_imu,595,2.398,5.000,599,507979.347,3881335.711,0.814977,-0.195581,-0.195596,2.7778,TRACKING
104.875122,129.087570500000,35.074718500000,507983.683,3881332.619,0.030,1.698212,corrected_imu,595,2.398,5.000,599,507979.347,3881335.711,0.823975,-0.197190,-0.196234,2.7778,TRACKING
104.924795,129.087570500000,35.074718500000,507983.683,3881332.619,0.030,1.698212,corrected_imu,595,2.398,5.000,599,507979.347,3881335.711,0.823975,-0.197190,-0.196616,2.7778,TRACKING
104.974990,129.087570500000,35.074718500000,507983.683,3881332.619,0.030,1.698212,corrected_imu,595,2.398,5.000,599,507979.347,3881335.711,0.823975,-0.197190,-0.196845,2.7778,TRACKING
105.024794,129.087570500000,35.074718500000,507983.683,3881332.619,0.030,1.698212,corrected_imu,595,2.398,5.000,599,507979.347,3881335.711,0.823975,-0.197190,-0.196983,2.7778,TRACKING
105.075314,129.087570500000,35.074718500000,507983.683,3881332.619,0.030,1.698212,corrected_imu,595,2.398,5.000,599,507979.347,3881335.711,0.823975,-0.197190,-0.197066,2.7778,TRACKING
105.125291,129.087570500000,35.074718500000,507983.683,3881332.619,0.030,1.698212,corrected_imu,595,2.398,5.000,599,507979.347,3881335.711,0.823975,-0.197190,-0.197115,2.7778,TRACKING
105.174794,129.087570500000,35.074718500000,507983.683,3881332.619,0.030,1.698212,corrected_imu,595,2.398,5.000,599,507979.347,3881335.711,0.823975,-0.197190,-0.197145,2.7778,TRACKING
105.224753,129.087570500000,35.074718333333,507983.683,3881332.601,0.029,1.698212,corrected_imu,595,2.395,5.000,599,507979.347,3881335.711,0.821157,-0.196301,-0.196807,2.7778,TRACKING
105.274789,129.087570500000,35.074718333333,507983.683,3881332.601,0.029,1.698212,corrected_imu,595,2.395,5.000,599,507979.347,3881335.711,0.821157,-0.196301,-0.196605,2.7778,TRACKING
105.324747,129.087570500000,35.074718333333,507983.683,3881332.601,0.029,1.698212,corrected_imu,595,2.395,5.000,599,507979.347,3881335.711,0.821157,-0.196301,-0.196483,2.7778,TRACKING
105.374812,129.087570500000,35.074718333333,507983.683,3881332.601,0.029,1.698212,corrected_imu,595,2.395,5.000,599,507979.347,3881335.711,0.821157,-0.196301,-0.196410,2.7778,TRACKING
105.424774,129.087570500000,35.074718333333,507983.683,3881332.601,0.029,1.698212,corrected_imu,595,2.395,5.000,599,507979.347,3881335.711,0.821157,-0.196301,-0.196367,2.7778,TRACKING
105.474789,129.087570500000,35.074718333333,507983.683,3881332.601,0.028,1.698212,corrected_imu,595,2.395,5.000,599,507979.347,3881335.711,0.821157,-0.196301,-0.196340,2.7778,TRACKING
105.524785,129.087570500000,35.074718333333,507983.683,3881332.601,0.028,1.698212,corrected_imu,595,2.395,5.000,599,507979.347,3881335.711,0.821157,-0.196301,-0.196325,2.7778,TRACKING
105.574803,129.087570500000,35.074718333333,507983.683,3881332.601,0.028,1.698212,corrected_imu,595,2.395,5.000,599,507979.347,3881335.711,0.821157,-0.196301,-0.196315,2.7778,TRACKING
105.624800,129.087570500000,35.074718333333,507983.683,3881332.601,0.028,1.698212,corrected_imu,595,2.395,5.000,599,507979.347,3881335.711,0.821157,-0.196301,-0.196310,2.7778,TRACKING
105.674802,129.087570500000,35.074718333333,507983.683,3881332.601,0.028,1.698212,corrected_imu,595,2.395,5.000,599,507979.347,3881335.711,0.821157,-0.196301,-0.196306,2.7778,TRACKING
105.724766,129.087570500000,35.074718333333,507983.683,3881332.601,0.028,1.698212,corrected_imu,595,2.395,5.000,599,507979.347,3881335.711,0.821157,-0.196301,-0.196304,2.7778,TRACKING
105.774795,129.087570500000,35.074718333333,507983.683,3881332.601,0.028,1.698212,corrected_imu,595,2.395,5.000,599,507979.347,3881335.711,0.821157,-0.196301,-0.196303,2.7778,TRACKING
105.824771,129.087570500000,35.074718333333,507983.683,3881332.601,0.028,1.698212,corrected_imu,595,2.395,5.000,599,507979.347,3881335.711,0.821157,-0.196301,-0.196302,2.7778,TRACKING
105.874741,129.087570500000,35.074718333333,507983.683,3881332.601,0.028,1.702380,corrected_imu,595,2.395,5.000,599,507979.347,3881335.711,0.816989,-0.195557,-0.196004,2.7778,TRACKING
105.924773,129.087570500000,35.074718333333,507983.683,3881332.601,0.028,1.702380,corrected_imu,595,2.395,5.000,599,507979.347,3881335.711,0.816989,-0.195557,-0.195825,2.7778,TRACKING
105.974782,129.087570500000,35.074718166667,507983.683,3881332.582,0.028,1.702380,corrected_imu,595,2.392,5.000,599,507979.347,3881335.711,0.814182,-0.194670,-0.195363,2.7778,TRACKING
106.024865,129.087570500000,35.074718166667,507983.683,3881332.582,0.028,1.702380,corrected_imu,595,2.392,5.000,599,507979.347,3881335.711,0.814182,-0.194670,-0.195086,2.7778,TRACKING
106.074791,129.087570500000,35.074718166667,507983.683,3881332.582,0.028,1.702380,corrected_imu,595,2.392,5.000,599,507979.347,3881335.711,0.814182,-0.194670,-0.194919,2.7778,TRACKING
106.124786,129.087570500000,35.074718166667,507983.683,3881332.582,0.028,1.702380,corrected_imu,595,2.392,5.000,599,507979.347,3881335.711,0.814182,-0.194670,-0.194819,2.7778,TRACKING
106.174987,129.087570500000,35.074718166667,507983.683,3881332.582,0.028,1.702380,corrected_imu,595,2.392,5.000,599,507979.347,3881335.711,0.814182,-0.194670,-0.194760,2.7778,TRACKING
106.224778,129.087570500000,35.074718166667,507983.683,3881332.582,0.028,1.702380,corrected_imu,595,2.392,5.000,599,507979.347,3881335.711,0.814182,-0.194670,-0.194724,2.7778,TRACKING
106.274960,129.087570500000,35.074718166667,507983.683,3881332.582,0.028,1.702380,corrected_imu,595,2.392,5.000,599,507979.347,3881335.711,0.814182,-0.194670,-0.194702,2.7778,TRACKING
106.324770,129.087570500000,35.074718166667,507983.683,3881332.582,0.028,1.702380,corrected_imu,595,2.392,5.000,599,507979.347,3881335.711,0.814182,-0.194670,-0.194689,2.7778,TRACKING
106.374806,129.087570500000,35.074718166667,507983.683,3881332.582,0.028,1.702380,corrected_imu,595,2.392,5.000,599,507979.347,3881335.711,0.814182,-0.194670,-0.194681,2.7778,TRACKING
106.425008,129.087570500000,35.074718166667,507983.683,3881332.582,0.028,1.702380,corrected_imu,595,2.392,5.000,599,507979.347,3881335.711,0.814182,-0.194670,-0.194677,2.7778,TRACKING
106.475018,129.087570500000,35.074718000000,507983.683,3881332.564,0.028,1.702380,corrected_imu,595,2.390,5.000,599,507979.347,3881335.711,0.811387,-0.193785,-0.194320,2.7778,TRACKING
106.524829,129.087570500000,35.074718000000,507983.683,3881332.564,0.028,1.702380,corrected_imu,595,2.390,5.000,599,507979.347,3881335.711,0.811387,-0.193785,-0.194106,2.7778,TRACKING
106.575064,129.087570500000,35.074718000000,507983.683,3881332.564,0.028,1.702380,corrected_imu,595,2.390,5.000,599,507979.347,3881335.711,0.811387,-0.193785,-0.193977,2.7778,TRACKING
106.624814,129.087570500000,35.074718000000,507983.683,3881332.564,0.028,1.702380,corrected_imu,595,2.390,5.000,599,507979.347,3881335.711,0.811387,-0.193785,-0.193900,2.7778,TRACKING
106.674788,129.087570500000,35.074718000000,507983.683,3881332.564,0.028,1.702380,corrected_imu,595,2.390,5.000,599,507979.347,3881335.711,0.811387,-0.193785,-0.193854,2.7778,TRACKING
106.725111,129.087570666667,35.074717833333,507983.699,3881332.545,0.028,1.702380,corrected_imu,595,2.402,5.000,599,507979.347,3881335.711,0.810270,-0.192772,-0.193421,2.7778,TRACKING
106.774787,129.087570666667,35.074717833333,507983.699,3881332.545,0.028,1.702380,corrected_imu,595,2.402,5.000,599,507979.347,3881335.711,0.810270,-0.192772,-0.193161,2.7778,TRACKING
106.824788,129.087570666667,35.074717833333,507983.699,3881332.545,0.028,1.702380,corrected_imu,595,2.402,5.000,599,507979.347,3881335.711,0.810270,-0.192772,-0.193005,2.7778,TRACKING
106.875069,129.087570666667,35.074717833333,507983.699,3881332.545,0.028,1.718934,corrected_imu,595,2.402,5.000,599,507979.347,3881335.711,0.793717,-0.189783,-0.191716,2.7778,TRACKING
106.924929,129.087570666667,35.074717833333,507983.699,3881332.545,0.028,1.718934,corrected_imu,595,2.402,5.000,599,507979.347,3881335.711,0.793717,-0.189783,-0.190943,2.7778,TRACKING
106.974779,129.087570666667,35.074717500000,507983.699,3881332.508,0.042,1.718934,corrected_imu,595,2.398,5.000,599,507979.347,3881335.711,0.788188,-0.188027,-0.189776,2.7778,TRACKING
107.024768,129.087570666667,35.074717500000,507983.699,3881332.508,0.042,1.718934,corrected_imu,595,2.398,5.000,599,507979.347,3881335.711,0.788188,-0.188027,-0.189077,2.7778,TRACKING
107.074948,129.087570666667,35.074717500000,507983.699,3881332.508,0.042,1.718934,corrected_imu,595,2.398,5.000,599,507979.347,3881335.711,0.788188,-0.188027,-0.188657,2.7778,TRACKING
107.124822,129.087570666667,35.074717500000,507983.699,3881332.508,0.042,1.718934,corrected_imu,595,2.398,5.000,599,507979.347,3881335.711,0.788188,-0.188027,-0.188405,2.7778,TRACKING
107.175366,129.087570666667,35.074717500000,507983.699,3881332.508,0.042,1.718934,corrected_imu,595,2.398,5.000,599,507979.347,3881335.711,0.788188,-0.188027,-0.188254,2.7778,TRACKING
107.224821,129.087570833333,35.074717166667,507983.714,3881332.471,0.042,1.718934,corrected_imu,595,2.409,5.000,599,507979.347,3881335.711,0.784375,-0.186178,-0.187423,2.7778,TRACKING
107.274987,129.087570833333,35.074717166667,507983.714,3881332.471,0.042,1.718934,corrected_imu,595,2.409,5.000,599,507979.347,3881335.711,0.784375,-0.186178,-0.186925,2.7778,TRACKING
107.324789,129.087570833333,35.074717166667,507983.714,3881332.471,0.042,1.718934,corrected_imu,595,2.409,5.000,599,507979.347,3881335.711,0.784375,-0.186178,-0.186626,2.7778,TRACKING
107.374792,129.087570833333,35.074717166667,507983.714,3881332.471,0.042,1.718934,corrected_imu,595,2.409,5.000,599,507979.347,3881335.711,0.784375,-0.186178,-0.186447,2.7778,TRACKING
107.424785,129.087570833333,35.074717166667,507983.714,3881332.471,0.042,1.718934,corrected_imu,595,2.409,5.000,599,507979.347,3881335.711,0.784375,-0.186178,-0.186339,2.7778,TRACKING
107.474967,129.087571000000,35.074716666667,507983.729,3881332.416,0.065,1.718934,corrected_imu,595,2.419,5.000,599,507979.347,3881335.711,0.777912,-0.183499,-0.185203,2.7778,TRACKING
107.524780,129.087571000000,35.074716666667,507983.729,3881332.416,0.065,1.718934,corrected_imu,595,2.419,5.000,599,507979.347,3881335.711,0.777912,-0.183499,-0.184521,2.7778,TRACKING
107.574806,129.087571000000,35.074716666667,507983.729,3881332.416,0.065,1.718934,corrected_imu,595,2.419,5.000,599,507979.347,3881335.711,0.777912,-0.183499,-0.184112,2.7778,TRACKING
107.624807,129.087571000000,35.074716666667,507983.729,3881332.416,0.065,1.718934,corrected_imu,595,2.419,5.000,599,507979.347,3881335.711,0.777912,-0.183499,-0.183867,2.7778,TRACKING
107.674798,129.087571000000,35.074716666667,507983.729,3881332.416,0.065,1.718934,corrected_imu,595,2.419,5.000,599,507979.347,3881335.711,0.777912,-0.183499,-0.183720,2.7778,TRACKING
107.725204,129.087571333333,35.074716166667,507983.760,3881332.361,0.081,1.718934,corrected_imu,595,2.446,5.000,599,507979.347,3881335.711,0.773219,-0.180781,-0.182544,2.7778,TRACKING
107.774790,129.087571333333,35.074716166667,507983.760,3881332.361,0.081,1.718934,corrected_imu,595,2.446,5.000,599,507979.347,3881335.711,0.773219,-0.180781,-0.181839,2.7778,TRACKING
107.824968,129.087571333333,35.074716166667,507983.760,3881332.361,0.081,1.718934,corrected_imu,595,2.446,5.000,599,507979.347,3881335.711,0.773219,-0.180781,-0.181416,2.7778,TRACKING
107.874792,129.087571333333,35.074716166667,507983.760,3881332.361,0.081,1.848893,corrected_imu,595,2.446,5.000,599,507979.347,3881335.711,0.643260,-0.155694,-0.171127,2.7778,TRACKING
107.924821,129.087571333333,35.074716166667,507983.760,3881332.361,0.081,1.848893,corrected_imu,595,2.446,5.000,599,507979.347,3881335.711,0.643260,-0.155694,-0.164954,2.7778,TRACKING
107.974834,129.087571500000,35.074715666667,507983.775,3881332.305,0.102,1.848893,corrected_imu,595,2.459,5.000,599,507979.347,3881335.711,0.637007,-0.153168,-0.160240,2.7778,TRACKING
108.024916,129.087571500000,35.074715666667,507983.775,3881332.305,0.102,1.848893,corrected_imu,595,2.459,5.000,599,507979.347,3881335.711,0.637007,-0.153168,-0.157411,2.7778,TRACKING
108.074816,129.087571500000,35.074715666667,507983.775,3881332.305,0.102,1.848893,corrected_imu,595,2.459,5.000,599,507979.347,3881335.711,0.637007,-0.153168,-0.155714,2.7778,TRACKING
108.124931,129.087571500000,35.074715666667,507983.775,3881332.305,0.102,1.848893,corrected_imu,595,2.459,5.000,599,507979.347,3881335.711,0.637007,-0.153168,-0.154695,2.7778,TRACKING
108.174795,129.087571500000,35.074715666667,507983.775,3881332.305,0.102,1.848893,corrected_imu,595,2.459,5.000,599,507979.347,3881335.711,0.637007,-0.153168,-0.154084,2.7778,TRACKING
108.225069,129.087571833333,35.074715000000,507983.805,3881332.231,0.124,1.848893,corrected_imu,595,2.488,5.000,599,507979.347,3881335.711,0.629933,-0.149890,-0.152407,2.7778,TRACKING
108.275093,129.087571833333,35.074715000000,507983.805,3881332.231,0.124,1.848893,corrected_imu,595,2.488,5.000,599,507979.347,3881335.711,0.629933,-0.149890,-0.151400,2.7778,TRACKING
108.324787,129.087571833333,35.074715000000,507983.805,3881332.231,0.124,1.848893,corrected_imu,595,2.488,5.000,599,507979.347,3881335.711,0.629933,-0.149890,-0.150796,2.7778,TRACKING
108.374972,129.087571833333,35.074715000000,507983.805,3881332.231,0.124,1.848893,corrected_imu,595,2.488,5.000,599,507979.347,3881335.711,0.629933,-0.149890,-0.150434,2.7778,TRACKING
108.424970,129.087571833333,35.074715000000,507983.805,3881332.231,0.124,1.848893,corrected_imu,595,2.488,5.000,599,507979.347,3881335.711,0.629933,-0.149890,-0.150216,2.7778,TRACKING
108.475063,129.087572166667,35.074714166667,507983.836,3881332.139,0.148,1.848893,corrected_imu,595,2.520,5.000,599,507979.347,3881335.711,0.620506,-0.145911,-0.148494,2.7778,TRACKING
108.525036,129.087572166667,35.074714166667,507983.836,3881332.139,0.148,1.848893,corrected_imu,595,2.520,5.000,599,507979.347,3881335.711,0.620506,-0.145911,-0.147461,2.7778,TRACKING
108.574782,129.087572166667,35.074714166667,507983.836,3881332.139,0.148,1.848893,corrected_imu,595,2.520,5.000,599,507979.347,3881335.711,0.620506,-0.145911,-0.146841,2.7778,TRACKING
108.624778,129.087572166667,35.074714166667,507983.836,3881332.139,0.148,1.848893,corrected_imu,595,2.520,5.000,599,507979.347,3881335.711,0.620506,-0.145911,-0.146469,2.7778,TRACKING
108.674788,129.087572166667,35.074714166667,507983.836,3881332.139,0.148,1.848893,corrected_imu,595,2.520,5.000,599,507979.347,3881335.711,0.620506,-0.145911,-0.146246,2.7778,TRACKING
108.724780,129.087572666667,35.074713500000,507983.881,3881332.065,0.148,1.848893,corrected_imu,595,2.570,5.000,599,507979.347,3881335.711,0.615455,-0.142883,-0.144901,2.7778,TRACKING
108.774789,129.087572666667,35.074713500000,507983.881,3881332.065,0.148,1.848893,corrected_imu,595,2.570,5.000,599,507979.347,3881335.711,0.615455,-0.142883,-0.144094,2.7778,TRACKING
108.824781,129.087572666667,35.074713500000,507983.881,3881332.065,0.148,1.848893,corrected_imu,595,2.570,5.000,599,507979.347,3881335.711,0.615455,-0.142883,-0.143610,2.7778,TRACKING
108.874816,129.087572666667,35.074713500000,507983.881,3881332.065,0.148,1.979645,corrected_imu,595,2.570,5.000,599,507979.347,3881335.711,0.484703,-0.115590,-0.132402,2.7778,TRACKING
108.924774,129.087572666667,35.074713500000,507983.881,3881332.065,0.148,1.979645,corrected_imu,595,2.570,5.000,599,507979.347,3881335.711,0.484703,-0.115590,-0.125677,2.7778,TRACKING
108.974800,129.087573166667,35.074712666667,507983.927,3881331.973,0.148,1.979645,corrected_imu,595,2.623,5.000,599,507979.347,3881335.711,0.477367,-0.112201,-0.120287,2.7778,TRACKING
109.024774,129.087573166667,35.074712666667,507983.927,3881331.973,0.148,1.979645,corrected_imu,595,2.623,5.000,599,507979.347,3881335.711,0.477367,-0.112201,-0.117053,2.7778,TRACKING
109.074874,129.087573166667,35.074712666667,507983.927,3881331.973,0.148,1.979645,corrected_imu,595,2.623,5.000,599,507979.347,3881335.711,0.477367,-0.112201,-0.115112,2.7778,TRACKING
109.124782,129.087573166667,35.074712666667,507983.927,3881331.973,0.148,1.979645,corrected_imu,595,2.623,5.000,599,507979.347,3881335.711,0.477367,-0.112201,-0.113948,2.7778,TRACKING
109.174781,129.087573166667,35.074712666667,507983.927,3881331.973,0.148,1.979645,corrected_imu,595,2.623,5.000,599,507979.347,3881335.711,0.477367,-0.112201,-0.113249,2.7778,TRACKING
109.224781,129.087574000000,35.074711833333,507984.003,3881331.880,0.226,1.979645,corrected_imu,595,2.709,5.000,598,507979.839,3881334.841,0.543816,-0.145798,-0.126269,2.7778,TRACKING
109.275075,129.087574000000,35.074711833333,507984.003,3881331.880,0.226,1.979645,corrected_imu,595,2.709,5.000,598,507979.839,3881334.841,0.543816,-0.145798,-0.134080,2.7778,TRACKING
109.324790,129.087574000000,35.074711833333,507984.003,3881331.880,0.226,1.979645,corrected_imu,595,2.709,5.000,598,507979.839,3881334.841,0.543816,-0.145798,-0.138767,2.7778,TRACKING
109.374974,129.087574000000,35.074711833333,507984.003,3881331.880,0.226,1.979645,corrected_imu,595,2.709,5.000,598,507979.839,3881334.841,0.543816,-0.145798,-0.141580,2.7778,TRACKING
109.424785,129.087574000000,35.074711833333,507984.003,3881331.880,0.226,1.979645,corrected_imu,595,2.709,5.000,598,507979.839,3881334.841,0.543816,-0.145798,-0.143267,2.7778,TRACKING
109.475162,129.087574666667,35.074710833333,507984.064,3881331.769,0.252,1.979645,corrected_imu,595,2.785,5.000,598,507979.839,3881334.841,0.533275,-0.140194,-0.142038,2.7778,TRACKING
109.525020,129.087574666667,35.074710833333,507984.064,3881331.769,0.252,1.979645,corrected_imu,595,2.785,5.000,598,507979.839,3881334.841,0.533275,-0.140194,-0.141300,2.7778,TRACKING
109.574877,129.087574666667,35.074710833333,507984.064,3881331.769,0.252,1.979645,corrected_imu,595,2.785,5.000,598,507979.839,3881334.841,0.533275,-0.140194,-0.140858,2.7778,TRACKING
109.624733,129.087574666667,35.074710833333,507984.064,3881331.769,0.252,1.979645,corrected_imu,595,2.785,5.000,598,507979.839,3881334.841,0.533275,-0.140194,-0.140592,2.7778,TRACKING
109.674775,129.087574666667,35.074710833333,507984.064,3881331.769,0.252,1.979645,corrected_imu,595,2.785,5.000,598,507979.839,3881334.841,0.533275,-0.140194,-0.140433,2.7778,TRACKING
109.724725,129.087575500000,35.074709833333,507984.140,3881331.658,0.283,1.979645,corrected_imu,595,2.880,5.000,598,507979.839,3881334.841,0.524882,-0.134983,-0.138253,2.7778,TRACKING
109.774755,129.087575500000,35.074709833333,507984.140,3881331.658,0.283,1.979645,corrected_imu,595,2.880,5.000,598,507979.839,3881334.841,0.524882,-0.134983,-0.136945,2.7778,TRACKING
109.824735,129.087575500000,35.074709833333,507984.140,3881331.658,0.283,1.979645,corrected_imu,595,2.880,5.000,598,507979.839,3881334.841,0.524882,-0.134983,-0.136160,2.7778,TRACKING
109.874790,129.087575500000,35.074709833333,507984.140,3881331.658,0.283,2.073852,corrected_imu,595,2.880,5.000,598,507979.839,3881334.841,0.430675,-0.112666,-0.126762,2.7778,TRACKING
109.924756,129.087575500000,35.074709833333,507984.140,3881331.658,0.283,2.073852,corrected_imu,595,2.880,5.000,598,507979.839,3881334.841,0.430675,-0.112666,-0.121124,2.7778,TRACKING
109.974784,129.087576333333,35.074708833333,507984.216,3881331.548,0.318,1.671641,gps_course,595,2.978,5.000,598,507979.839,3881334.841,0.824882,-0.192032,-0.149487,2.7778,TRACKING
110.024766,129.087576333333,35.074708833333,507984.216,3881331.548,0.318,1.671641,gps_course,595,2.978,5.000,598,507979.839,3881334.841,0.824882,-0.192032,-0.166505,2.7778,TRACKING
110.074773,129.087576333333,35.074708833333,507984.216,3881331.548,0.318,1.671641,gps_course,595,2.978,5.000,598,507979.839,3881334.841,0.824882,-0.192032,-0.176716,2.7778,TRACKING
110.124746,129.087576333333,35.074708833333,507984.216,3881331.548,0.318,1.671641,gps_course,595,2.978,5.000,598,507979.839,3881334.841,0.824882,-0.192032,-0.182842,2.7778,TRACKING
110.174759,129.087576333333,35.074708833333,507984.216,3881331.548,0.318,1.671641,gps_course,595,2.978,5.000,598,507979.839,3881334.841,0.824882,-0.192032,-0.186518,2.7778,TRACKING
110.224778,129.087577500000,35.074707833333,507984.323,3881331.437,0.349,1.435136,gps_course,595,3.109,5.000,598,507979.839,3881334.841,1.057030,-0.200000,-0.191911,2.7778,TRACKING
110.274781,129.087577500000,35.074707833333,507984.323,3881331.437,0.349,1.435136,gps_course,595,3.109,5.000,598,507979.839,3881334.841,1.057030,-0.200000,-0.195147,2.7778,TRACKING
110.324820,129.087577500000,35.074707833333,507984.323,3881331.437,0.349,1.435136,gps_course,595,3.109,5.000,598,507979.839,3881334.841,1.057030,-0.200000,-0.197088,2.7778,TRACKING
110.374851,129.087577500000,35.074707833333,507984.323,3881331.437,0.349,1.435136,gps_course,595,3.109,5.000,598,507979.839,3881334.841,1.057030,-0.200000,-0.198253,2.7778,TRACKING
110.424844,129.087577500000,35.074707833333,507984.323,3881331.437,0.349,1.435136,gps_course,595,3.109,5.000,598,507979.839,3881334.841,1.057030,-0.200000,-0.198952,2.7778,TRACKING
110.475062,129.087578500000,35.074706666667,507984.414,3881331.308,0.381,1.183437,gps_course,595,3.231,5.000,598,507979.839,3881334.841,1.300463,-0.200000,-0.199371,2.7778,TRACKING
110.524791,129.087578500000,35.074706666667,507984.414,3881331.308,0.381,1.183437,gps_course,595,3.231,5.000,598,507979.839,3881334.841,1.300463,-0.200000,-0.199623,2.7778,TRACKING
110.575005,129.087578500000,35.074706666667,507984.414,3881331.308,0.381,1.183437,gps_course,595,3.231,5.000,598,507979.839,3881334.841,1.300463,-0.200000,-0.199774,2.7778,TRACKING
110.625503,129.087578500000,35.074706666667,507984.414,3881331.308,0.381,1.183437,gps_course,595,3.231,5.000,598,507979.839,3881334.841,1.300463,-0.200000,-0.199864,2.7778,TRACKING
110.675259,129.087578500000,35.074706666667,507984.414,3881331.308,0.381,1.183437,gps_course,595,3.231,5.000,598,507979.839,3881334.841,1.300463,-0.200000,-0.199918,2.7778,TRACKING
110.724786,129.087579833333,35.074705666667,507984.535,3881331.197,0.412,0.930818,gps_course,595,3.380,5.000,597,507980.332,3881333.971,1.627471,-0.200000,-0.199951,2.7778,TRACKING
110.774790,129.087579833333,35.074705666667,507984.535,3881331.197,0.412,0.930818,gps_course,595,3.380,5.000,597,507980.332,3881333.971,1.627471,-0.200000,-0.199971,2.7778,TRACKING
110.824742,129.087579833333,35.074705666667,507984.535,3881331.197,0.412,0.930818,gps_course,595,3.380,5.000,597,507980.332,3881333.971,1.627471,-0.200000,-0.199982,2.7778,TRACKING
110.874775,129.087579833333,35.074705666667,507984.535,3881331.197,0.412,0.930818,gps_course,595,3.380,5.000,597,507980.332,3881333.971,1.627471,-0.200000,-0.199989,2.7778,TRACKING
110.924773,129.087579833333,35.074705666667,507984.535,3881331.197,0.412,0.930818,gps_course,595,3.380,5.000,597,507980.332,3881333.971,1.627471,-0.200000,-0.199994,2.7778,TRACKING
110.974748,129.087581166667,35.074704500000,507984.657,3881331.067,0.443,0.658590,gps_course,595,3.537,5.000,597,507980.332,3881333.971,1.891851,-0.200000,-0.199996,2.7778,TRACKING
111.024788,129.087581166667,35.074704500000,507984.657,3881331.067,0.443,0.658590,gps_course,595,3.537,5.000,597,507980.332,3881333.971,1.891851,-0.200000,-0.199998,2.7778,TRACKING
111.074843,129.087581166667,35.074704500000,507984.657,3881331.067,0.443,0.658590,gps_course,595,3.537,5.000,597,507980.332,3881333.971,1.891851,-0.200000,-0.199999,2.7778,TRACKING
111.124768,129.087581166667,35.074704500000,507984.657,3881331.067,0.443,0.658590,gps_course,595,3.537,5.000,597,507980.332,3881333.971,1.891851,-0.200000,-0.199999,2.7778,TRACKING
111.174797,129.087581166667,35.074704500000,507984.657,3881331.067,0.443,0.658590,gps_course,595,3.537,5.000,597,507980.332,3881333.971,1.891851,-0.200000,-0.200000,2.7778,TRACKING
111.224783,129.087582833333,35.074703666667,507984.809,3881330.975,0.472,0.425622,gps_course,595,3.711,5.000,597,507980.332,3881333.971,2.126324,-0.200000,-0.200000,2.7778,TRACKING
111.274791,129.087582833333,35.074703666667,507984.809,3881330.975,0.472,0.425622,gps_course,595,3.711,5.000,597,507980.332,3881333.971,2.126324,-0.200000,-0.200000,2.7778,TRACKING
111.324911,129.087582833333,35.074703666667,507984.809,3881330.975,0.472,0.425622,gps_course,595,3.711,5.000,597,507980.332,3881333.971,2.126324,-0.200000,-0.200000,2.7778,TRACKING
111.374834,129.087582833333,35.074703666667,507984.809,3881330.975,0.472,0.425622,gps_course,595,3.711,5.000,597,507980.332,3881333.971,2.126324,-0.200000,-0.200000,2.7778,TRACKING
111.424912,129.087582833333,35.074703666667,507984.809,3881330.975,0.472,0.425622,gps_course,595,3.711,5.000,597,507980.332,3881333.971,2.126324,-0.200000,-0.200000,2.7778,TRACKING
111.474871,129.087584500000,35.074702666667,507984.961,3881330.864,0.495,0.177316,gps_course,595,3.892,5.000,597,507980.332,3881333.971,2.373282,-0.178812,-0.191525,2.7778,TRACKING
111.524835,129.087584500000,35.074702666667,507984.961,3881330.864,0.495,0.177316,gps_course,595,3.892,5.000,597,507980.332,3881333.971,2.373282,-0.178812,-0.186439,2.7778,TRACKING
111.575056,129.087584500000,35.074702666667,507984.961,3881330.864,0.495,0.177316,gps_course,595,3.892,5.000,597,507980.332,3881333.971,2.373282,-0.178812,-0.183388,2.7778,TRACKING
111.624772,129.087584500000,35.074702666667,507984.961,3881330.864,0.495,0.177316,gps_course,595,3.892,5.000,597,507980.332,3881333.971,2.373282,-0.178812,-0.181558,2.7778,TRACKING
111.675292,129.087584500000,35.074702666667,507984.961,3881330.864,0.495,0.177316,gps_course,595,3.892,5.000,597,507980.332,3881333.971,2.373282,-0.178812,-0.180459,2.7778,TRACKING
111.725249,129.087586166667,35.074701833333,507985.113,3881330.772,0.521,-0.064115,gps_course,595,4.067,5.000,597,507980.332,3881333.971,2.616118,-0.125771,-0.158584,2.7778,TRACKING
111.774789,129.087586166667,35.074701833333,507985.113,3881330.772,0.521,-0.064115,gps_course,595,4.067,5.000,597,507980.332,3881333.971,2.616118,-0.125771,-0.145458,2.7778,TRACKING
111.824773,129.087586166667,35.074701833333,507985.113,3881330.772,0.521,-0.064115,gps_course,595,4.067,5.000,597,507980.332,3881333.971,2.616118,-0.125771,-0.137583,2.7778,TRACKING
111.874800,129.087586166667,35.074701833333,507985.113,3881330.772,0.521,-0.064115,gps_course,595,4.067,5.000,597,507980.332,3881333.971,2.616118,-0.125771,-0.132858,2.7778,TRACKING
111.924791,129.087586166667,35.074701833333,507985.113,3881330.772,0.521,-0.064115,gps_course,595,4.067,5.000,597,507980.332,3881333.971,2.616118,-0.125771,-0.130023,2.7778,TRACKING
111.974837,129.087588000000,35.074701333333,507985.280,3881330.717,0.541,-0.328183,gps_course,595,4.243,5.000,596,507980.824,3881333.100,2.978583,-0.046532,-0.099995,2.7778,TRACKING
112.024755,129.087588000000,35.074701333333,507985.280,3881330.717,0.541,-0.328183,gps_course,595,4.243,5.000,596,507980.824,3881333.100,2.978583,-0.046532,-0.078610,2.7778,TRACKING
112.074811,129.087588000000,35.074701333333,507985.280,3881330.717,0.541,-0.328183,gps_course,595,4.243,5.000,596,507980.824,3881333.100,2.978583,-0.046532,-0.065779,2.7778,TRACKING
112.124780,129.087588000000,35.074701333333,507985.280,3881330.717,0.541,-0.328183,gps_course,595,4.243,5.000,596,507980.824,3881333.100,2.978583,-0.046532,-0.058080,2.7778,TRACKING
112.175061,129.087588000000,35.074701333333,507985.280,3881330.717,0.541,-0.328183,gps_course,595,4.243,5.000,596,507980.824,3881333.100,2.978583,-0.046532,-0.053461,2.7778,TRACKING
112.224833,129.087590000000,35.074700833333,507985.463,3881330.662,0.556,-0.567816,gps_course,595,4.433,5.000,596,507980.824,3881333.100,-3.057857,0.023138,-0.023598,2.7778,TRACKING
112.274807,129.087590000000,35.074700833333,507985.463,3881330.662,0.556,-0.567816,gps_course,595,4.433,5.000,596,507980.824,3881333.100,-3.057857,0.023138,-0.004904,2.7778,TRACKING
112.324789,129.087590000000,35.074700833333,507985.463,3881330.662,0.556,-0.567816,gps_course,595,4.433,5.000,596,507980.824,3881333.100,-3.057857,0.023138,0.006313,2.7778,TRACKING
112.374858,129.087590000000,35.074700833333,507985.463,3881330.662,0.556,-0.567816,gps_course,595,4.433,5.000,596,507980.824,3881333.100,-3.057857,0.023138,0.013043,2.7778,TRACKING
112.424915,129.087590000000,35.074700833333,507985.463,3881330.662,0.556,-0.567816,gps_course,595,4.433,5.000,596,507980.824,3881333.100,-3.057857,0.023138,0.017081,2.7778,TRACKING
112.475328,129.087592000000,35.074700333333,507985.645,3881330.606,0.556,-0.567816,gps_course,595,4.623,5.000,596,507980.824,3881333.100,-3.051234,0.024101,0.019889,2.7778,TRACKING
112.525209,129.087592000000,35.074700333333,507985.645,3881330.606,0.556,-0.567816,gps_course,595,4.623,5.000,596,507980.824,3881333.100,-3.051234,0.024101,0.021574,2.7778,TRACKING
112.575312,129.087592000000,35.074700333333,507985.645,3881330.606,0.556,-0.567816,gps_course,595,4.623,5.000,596,507980.824,3881333.100,-3.051234,0.024101,0.022585,2.7778,TRACKING
112.625195,129.087592000000,35.074700333333,507985.645,3881330.606,0.556,-0.567816,gps_course,595,4.623,5.000,596,507980.824,3881333.100,-3.051234,0.024101,0.023191,2.7778,TRACKING
112.674847,129.087592000000,35.074700333333,507985.645,3881330.606,0.556,-0.567816,gps_course,595,4.623,5.000,596,507980.824,3881333.100,-3.051234,0.024101,0.023555,2.7778,TRACKING
112.725046,129.087594000000,35.074700000000,507985.828,3881330.569,0.585,-0.581020,gps_course,595,4.807,5.000,596,507980.824,3881333.100,-3.028914,0.029070,0.025761,2.7778,TRACKING
112.774826,129.087594000000,35.074700000000,507985.828,3881330.569,0.585,-0.581020,gps_course,595,4.807,5.000,596,507980.824,3881333.100,-3.028914,0.029070,0.027085,2.7778,TRACKING
112.824787,129.087594000000,35.074700000000,507985.828,3881330.569,0.585,-0.581020,gps_course,595,4.807,5.000,596,507980.824,3881333.100,-3.028914,0.029070,0.027879,2.7778,TRACKING
112.874978,129.087594000000,35.074700000000,507985.828,3881330.569,0.585,-0.581020,gps_course,595,4.807,5.000,596,507980.824,3881333.100,-3.028914,0.029070,0.028355,2.7778,TRACKING
112.925003,129.087594000000,35.074700000000,507985.828,3881330.569,0.585,-0.581020,gps_course,595,4.807,5.000,596,507980.824,3881333.100,-3.028914,0.029070,0.028641,2.7778,TRACKING
112.974841,129.087596166667,35.074699833333,507986.025,3881330.551,0.600,-0.520806,gps_course,595,4.999,5.000,596,507980.824,3881333.100,-3.076552,0.016270,0.023693,2.7778,TRACKING
113.024790,129.087596166667,35.074699833333,507986.025,3881330.551,0.600,-0.520806,gps_course,595,4.999,5.000,596,507980.824,3881333.100,-3.076552,0.016270,0.020724,2.7778,TRACKING
113.074874,129.087596166667,35.074699833333,507986.025,3881330.551,0.600,-0.520806,gps_course,595,4.999,5.000,596,507980.824,3881333.100,-3.076552,0.016270,0.018942,2.7778,TRACKING
113.124779,129.087596166667,35.074699833333,507986.025,3881330.551,0.600,-0.520806,gps_course,595,4.999,5.000,596,507980.824,3881333.100,-3.076552,0.016270,0.017873,2.7778,TRACKING
113.174822,129.087596166667,35.074699833333,507986.025,3881330.551,0.600,-0.520806,gps_course,595,4.999,5.000,596,507980.824,3881333.100,-3.076552,0.016270,0.017232,2.7778,TRACKING
113.224787,129.087598500000,35.074699666667,507986.238,3881330.533,0.617,-0.460069,gps_course,595,5.205,5.000,595,507981.317,3881332.230,-3.013673,0.035521,0.024548,2.7778,TRACKING
113.274781,129.087598500000,35.074699666667,507986.238,3881330.533,0.617,-0.460069,gps_course,595,5.205,5.000,595,507981.317,3881332.230,-3.013673,0.035521,0.028937,2.7778,TRACKING
113.324778,129.087598500000,35.074699666667,507986.238,3881330.533,0.617,-0.460069,gps_course,595,5.205,5.000,595,507981.317,3881332.230,-3.013673,0.035521,0.031570,2.7778,TRACKING
113.374870,129.087598500000,35.074699666667,507986.238,3881330.533,0.617,-0.460069,gps_course,595,5.205,5.000,595,507981.317,3881332.230,-3.013673,0.035521,0.033151,2.7778,TRACKING
113.424920,129.087598500000,35.074699666667,507986.238,3881330.533,0.617,-0.460069,gps_course,595,5.205,5.000,595,507981.317,3881332.230,-3.013673,0.035521,0.034099,2.7778,TRACKING
113.474788,129.087600833333,35.074699500000,507986.451,3881330.515,0.635,-0.408756,gps_course,595,5.413,5.000,595,507981.317,3881332.230,-3.055365,0.023067,0.029686,2.7778,TRACKING
113.524922,129.087600833333,35.074699500000,507986.451,3881330.515,0.635,-0.408756,gps_course,595,5.413,5.000,595,507981.317,3881332.230,-3.055365,0.023067,0.027038,2.7778,TRACKING
113.575209,129.087600833333,35.074699500000,507986.451,3881330.515,0.635,-0.408756,gps_course,595,5.413,5.000,595,507981.317,3881332.230,-3.055365,0.023067,0.025450,2.7778,TRACKING
113.624803,129.087600833333,35.074699500000,507986.451,3881330.515,0.635,-0.408756,gps_course,595,5.413,5.000,595,507981.317,3881332.230,-3.055365,0.023067,0.024496,2.7778,TRACKING
113.674972,129.087600833333,35.074699500000,507986.451,3881330.515,0.635,-0.408756,gps_course,595,5.413,5.000,595,507981.317,3881332.230,-3.055365,0.023067,0.023924,2.7778,TRACKING
113.724912,129.087603000000,35.074699500000,507986.648,3881330.515,0.635,-0.408756,gps_course,595,5.600,5.000,595,507981.317,3881332.230,-3.044155,0.025182,0.024428,2.7778,TRACKING
113.774916,129.087603000000,35.074699500000,507986.648,3881330.515,0.635,-0.408756,gps_course,595,5.600,5.000,595,507981.317,3881332.230,-3.044155,0.025182,0.024730,2.7778,TRACKING
113.824762,129.087603000000,35.074699500000,507986.648,3881330.515,0.635,-0.408756,gps_course,595,5.600,5.000,595,507981.317,3881332.230,-3.044155,0.025182,0.024911,2.7778,TRACKING
113.874940,129.087603000000,35.074699500000,507986.648,3881330.515,0.635,-0.408756,gps_course,595,5.600,5.000,595,507981.317,3881332.230,-3.044155,0.025182,0.025019,2.7778,TRACKING
113.924776,129.087603000000,35.074699500000,507986.648,3881330.515,0.635,-0.408756,gps_course,595,5.600,5.000,595,507981.317,3881332.230,-3.044155,0.025182,0.025085,2.7778,TRACKING
113.974839,129.087605166667,35.074699333333,507986.846,3881330.496,0.666,-0.312065,gps_course,595,5.794,5.000,595,507981.317,3881332.230,-3.133411,0.000000,0.015051,2.7778,TRACKING
114.024755,129.087605166667,35.074699333333,507986.846,3881330.496,0.666,-0.312065,gps_course,595,5.794,5.000,595,507981.317,3881332.230,-3.133411,0.000000,0.009030,2.7778,TRACKING
114.074795,129.087605166667,35.074699333333,507986.846,3881330.496,0.666,-0.312065,gps_course,595,5.794,5.000,595,507981.317,3881332.230,-3.133411,0.000000,0.005418,2.7778,TRACKING
114.125508,129.087605166667,35.074699333333,507986.846,3881330.496,0.666,-0.312065,gps_course,595,5.794,5.000,595,507981.317,3881332.230,-3.133411,0.000000,0.003251,2.7778,TRACKING
114.174855,129.087605166667,35.074699333333,507986.846,3881330.496,0.666,-0.312065,gps_course,595,5.794,5.000,595,507981.317,3881332.230,-3.133411,0.000000,0.001951,2.7778,TRACKING
114.225205,129.087607333333,35.074699333333,507987.043,3881330.497,0.677,-0.270701,gps_course,595,5.983,5.000,595,507981.317,3881332.230,3.118317,0.000000,0.001170,2.7778,TRACKING
114.274842,129.087607333333,35.074699333333,507987.043,3881330.497,0.677,-0.270701,gps_course,595,5.983,5.000,595,507981.317,3881332.230,3.118317,0.000000,0.000702,2.7778,TRACKING
114.324763,129.087607333333,35.074699333333,507987.043,3881330.497,0.677,-0.270701,gps_course,595,5.983,5.000,595,507981.317,3881332.230,3.118317,0.000000,0.000421,2.7778,TRACKING
114.374783,129.087607333333,35.074699333333,507987.043,3881330.497,0.677,-0.270701,gps_course,595,5.983,5.000,595,507981.317,3881332.230,3.118317,0.000000,0.000253,2.7778,TRACKING
114.424767,129.087607333333,35.074699333333,507987.043,3881330.497,0.677,-0.270701,gps_course,595,5.983,5.000,595,507981.317,3881332.230,3.118317,0.000000,0.000152,2.7778,TRACKING
114.474816,129.087609166667,35.074699333333,507987.210,3881330.497,0.684,-0.241903,gps_course,595,6.143,5.000,595,507981.317,3881332.230,3.097426,-0.010421,-0.004078,2.7778,TRACKING
114.524793,129.087609166667,35.074699333333,507987.210,3881330.497,0.684,-0.241903,gps_course,595,6.143,5.000,595,507981.317,3881332.230,3.097426,-0.010421,-0.006615,2.7778,TRACKING
114.574842,129.087609166667,35.074699333333,507987.210,3881330.497,0.684,-0.241903,gps_course,595,6.143,5.000,595,507981.317,3881332.230,3.097426,-0.010421,-0.008138,2.7778,TRACKING
114.624945,129.087609166667,35.074699333333,507987.210,3881330.497,0.684,-0.241903,gps_course,595,6.143,5.000,595,507981.317,3881332.230,3.097426,-0.010421,-0.009051,2.7778,TRACKING
114.674799,129.087609166667,35.074699333333,507987.210,3881330.497,0.684,-0.241903,gps_course,595,6.143,5.000,595,507981.317,3881332.230,3.097426,-0.010421,-0.009599,2.7778,TRACKING
114.724779,129.087611000000,35.074699166667,507987.378,3881330.478,0.686,-0.217468,gps_course,595,6.309,5.000,595,507981.317,3881332.230,3.077680,-0.014679,-0.011631,2.7778,TRACKING
114.774850,129.087611000000,35.074699166667,507987.378,3881330.478,0.686,-0.217468,gps_course,595,6.309,5.000,595,507981.317,3881332.230,3.077680,-0.014679,-0.012850,2.7778,TRACKING
114.824799,129.087611000000,35.074699166667,507987.378,3881330.478,0.686,-0.217468,gps_course,595,6.309,5.000,595,507981.317,3881332.230,3.077680,-0.014679,-0.013582,2.7778,TRACKING
114.874824,129.087611000000,35.074699166667,507987.378,3881330.478,0.686,-0.217468,gps_course,595,6.309,5.000,595,507981.317,3881332.230,3.077680,-0.014679,-0.014020,2.7778,TRACKING
114.924803,129.087611000000,35.074699166667,507987.378,3881330.478,0.686,-0.217468,gps_course,595,6.309,5.000,595,507981.317,3881332.230,3.077680,-0.014679,-0.014284,2.7778,TRACKING
114.974845,129.087612833333,35.074699000000,507987.545,3881330.460,0.683,-0.199491,gps_course,595,6.474,5.000,595,507981.317,3881332.230,3.064152,-0.017325,-0.015500,2.7778,TRACKING
115.024803,129.087612833333,35.074699000000,507987.545,3881330.460,0.683,-0.199491,gps_course,595,6.474,5.000,595,507981.317,3881332.230,3.064152,-0.017325,-0.016230,2.7778,TRACKING
115.074787,129.087612833333,35.074699000000,507987.545,3881330.460,0.683,-0.199491,gps_course,595,6.474,5.000,595,507981.317,3881332.230,3.064152,-0.017325,-0.016668,2.7778,TRACKING
115.124801,129.087612833333,35.074699000000,507987.545,3881330.460,0.683,-0.199491,gps_course,595,6.474,5.000,595,507981.317,3881332.230,3.064152,-0.017325,-0.016930,2.7778,TRACKING
115.174822,129.087612833333,35.074699000000,507987.545,3881330.460,0.683,-0.199491,gps_course,595,6.474,5.000,595,507981.317,3881332.230,3.064152,-0.017325,-0.017088,2.7778,TRACKING
115.224786,129.087614333333,35.074698833333,507987.681,3881330.442,0.675,-0.188146,gps_course,595,6.611,5.000,595,507981.317,3881332.230,3.055792,-0.018794,-0.017770,2.7778,TRACKING
115.275057,129.087614333333,35.074698833333,507987.681,3881330.442,0.675,-0.188146,gps_course,595,6.611,5.000,595,507981.317,3881332.230,3.055792,-0.018794,-0.018180,2.7778,TRACKING
115.324789,129.087614333333,35.074698833333,507987.681,3881330.442,0.675,-0.188146,gps_course,595,6.611,5.000,595,507981.317,3881332.230,3.055792,-0.018794,-0.018425,2.7778,TRACKING
115.375061,129.087614333333,35.074698833333,507987.681,3881330.442,0.675,-0.188146,gps_course,595,6.611,5.000,595,507981.317,3881332.230,3.055792,-0.018794,-0.018573,2.7778,TRACKING
115.424896,129.087614333333,35.074698833333,507987.681,3881330.442,0.675,-0.188146,gps_course,595,6.611,5.000,595,507981.317,3881332.230,3.055792,-0.018794,-0.018661,2.7778,TRACKING
115.474850,129.087615500000,35.074698500000,507987.788,3881330.405,0.662,-0.180293,gps_course,595,6.723,5.000,595,507981.317,3881332.230,3.046939,-0.020380,-0.019349,2.7778,TRACKING
115.524891,129.087615500000,35.074698500000,507987.788,3881330.405,0.662,-0.180293,gps_course,595,6.723,5.000,595,507981.317,3881332.230,3.046939,-0.020380,-0.019761,2.7778,TRACKING
115.575036,129.087615500000,35.074698500000,507987.788,3881330.405,0.662,-0.180293,gps_course,595,6.723,5.000,595,507981.317,3881332.230,3.046939,-0.020380,-0.020009,2.7778,TRACKING
115.624827,129.087615500000,35.074698500000,507987.788,3881330.405,0.662,-0.180293,gps_course,595,6.723,5.000,595,507981.317,3881332.230,3.046939,-0.020380,-0.020157,2.7778,TRACKING
115.674931,129.087615500000,35.074698500000,507987.788,3881330.405,0.662,-0.180293,gps_course,595,6.723,5.000,595,507981.317,3881332.230,3.046939,-0.020380,-0.020246,2.7778,TRACKING
115.724848,129.087616666667,35.074698166667,507987.894,3881330.368,0.641,-0.190241,gps_course,595,6.836,5.000,595,507981.317,3881332.230,3.055922,-0.018148,-0.019407,2.7778,TRACKING
115.774864,129.087616666667,35.074698166667,507987.894,3881330.368,0.641,-0.190241,gps_course,595,6.836,5.000,595,507981.317,3881332.230,3.055922,-0.018148,-0.018904,2.7778,TRACKING
115.824784,129.087616666667,35.074698166667,507987.894,3881330.368,0.641,-0.190241,gps_course,595,6.836,5.000,595,507981.317,3881332.230,3.055922,-0.018148,-0.018601,2.7778,TRACKING
115.874812,129.087616666667,35.074698166667,507987.894,3881330.368,0.641,-0.190241,gps_course,595,6.836,5.000,595,507981.317,3881332.230,3.055922,-0.018148,-0.018420,2.7778,TRACKING
115.924784,129.087616666667,35.074698166667,507987.894,3881330.368,0.641,-0.190241,gps_course,595,6.836,5.000,595,507981.317,3881332.230,3.055922,-0.018148,-0.018311,2.7778,TRACKING
115.974871,129.087617666667,35.074697833333,507987.985,3881330.331,0.615,-0.206123,gps_course,595,6.934,5.000,595,507981.317,3881332.230,3.070269,-0.014902,-0.016948,2.7778,TRACKING
116.024795,129.087617666667,35.074697833333,507987.985,3881330.331,0.615,-0.206123,gps_course,595,6.934,5.000,595,507981.317,3881332.230,3.070269,-0.014902,-0.016129,2.7778,TRACKING
116.074795,129.087617666667,35.074697833333,507987.985,3881330.331,0.615,-0.206123,gps_course,595,6.934,5.000,595,507981.317,3881332.230,3.070269,-0.014902,-0.015638,2.7778,TRACKING
116.124790,129.087617666667,35.074697833333,507987.985,3881330.331,0.615,-0.206123,gps_course,595,6.934,5.000,595,507981.317,3881332.230,3.070269,-0.014902,-0.015344,2.7778,TRACKING
116.174902,129.087617666667,35.074697833333,507987.985,3881330.331,0.615,-0.206123,gps_course,595,6.934,5.000,595,507981.317,3881332.230,3.070269,-0.014902,-0.015167,2.7778,TRACKING
116.224792,129.087618333333,35.074697500000,507988.046,3881330.294,0.586,-0.222704,gps_course,595,7.002,5.000,595,507981.317,3881332.230,3.084158,-0.011886,-0.013855,2.7778,TRACKING
116.275193,129.087618333333,35.074697500000,507988.046,3881330.294,0.586,-0.222704,gps_course,595,7.002,5.000,595,507981.317,3881332.230,3.084158,-0.011886,-0.013067,2.7778,TRACKING
116.324780,129.087618333333,35.074697500000,507988.046,3881330.294,0.586,-0.222704,gps_course,595,7.002,5.000,595,507981.317,3881332.230,3.084158,-0.011886,-0.012595,2.7778,TRACKING
116.375272,129.087618333333,35.074697500000,507988.046,3881330.294,0.586,-0.222704,gps_course,595,7.002,5.000,595,507981.317,3881332.230,3.084158,-0.011886,-0.012311,2.7778,TRACKING
116.424781,129.087618333333,35.074697500000,507988.046,3881330.294,0.586,-0.222704,gps_course,595,7.002,5.000,595,507981.317,3881332.230,3.084158,-0.011886,-0.012141,2.7778,TRACKING
116.474808,129.087618833333,35.074697333333,507988.092,3881330.276,0.556,-0.238412,gps_course,595,7.051,5.000,595,507981.317,3881332.230,3.099141,0.000000,-0.007285,2.7778,TRACKING
116.524935,129.087618833333,35.074697333333,507988.092,3881330.276,0.556,-0.238412,gps_course,595,7.051,5.000,595,507981.317,3881332.230,3.099141,0.000000,-0.004371,2.7778,TRACKING
116.574850,129.087618833333,35.074697333333,507988.092,3881330.276,0.556,-0.238412,gps_course,595,7.051,5.000,595,507981.317,3881332.230,3.099141,0.000000,-0.002623,2.7778,TRACKING
116.624781,129.087618833333,35.074697333333,507988.092,3881330.276,0.556,-0.238412,gps_course,595,7.051,5.000,595,507981.317,3881332.230,3.099141,0.000000,-0.001574,2.7778,TRACKING
116.674944,129.087618833333,35.074697333333,507988.092,3881330.276,0.556,-0.238412,gps_course,595,7.051,5.000,595,507981.317,3881332.230,3.099141,0.000000,-0.000944,2.7778,TRACKING
116.724755,129.087619333333,35.074697000000,507988.137,3881330.239,0.515,-0.250629,gps_course,595,7.105,5.000,595,507981.317,3881332.230,3.108144,0.000000,-0.000566,2.7778,TRACKING
116.774845,129.087619333333,35.074697000000,507988.137,3881330.239,0.515,-0.250629,gps_course,595,7.105,5.000,595,507981.317,3881332.230,3.108144,0.000000,-0.000340,2.7778,TRACKING
116.825306,129.087619333333,35.074697000000,507988.137,3881330.239,0.515,-0.250629,gps_course,595,7.105,5.000,595,507981.317,3881332.230,3.108144,0.000000,-0.000204,2.7778,TRACKING
116.874844,129.087619333333,35.074697000000,507988.137,3881330.239,0.515,-0.250629,gps_course,595,7.105,5.000,595,507981.317,3881332.230,3.108144,0.000000,-0.000122,2.7778,TRACKING
116.925491,129.087619333333,35.074697000000,507988.137,3881330.239,0.515,-0.250629,gps_course,595,7.105,5.000,595,507981.317,3881332.230,3.108144,0.000000,-0.000073,2.7778,TRACKING
116.974743,129.087619666667,35.074696833333,507988.168,3881330.220,0.515,-0.250629,gps_course,595,7.140,5.000,595,507981.317,3881332.230,3.106857,0.000000,-0.000044,2.7778,TRACKING
117.024739,129.087619666667,35.074696833333,507988.168,3881330.220,0.515,-0.250629,gps_course,595,7.140,5.000,595,507981.317,3881332.230,3.106857,0.000000,-0.000026,2.7778,TRACKING
117.074818,129.087619666667,35.074696833333,507988.168,3881330.220,0.515,-0.250629,gps_course,595,7.140,5.000,595,507981.317,3881332.230,3.106857,0.000000,-0.000016,2.7778,TRACKING
117.124774,129.087619666667,35.074696833333,507988.168,3881330.220,0.515,-0.250629,gps_course,595,7.140,5.000,595,507981.317,3881332.230,3.106857,0.000000,-0.000010,2.7778,TRACKING
117.174881,129.087619666667,35.074696833333,507988.168,3881330.220,0.515,-0.250629,gps_course,595,7.140,5.000,595,507981.317,3881332.230,3.106857,0.000000,-0.000006,2.7778,TRACKING
117.224796,129.087619833333,35.074696833333,507988.183,3881330.220,0.441,-0.270526,gps_course,595,7.154,5.000,595,507981.317,3881332.230,3.127353,0.000000,-0.000003,2.7778,TRACKING
117.274993,129.087619833333,35.074696833333,507988.183,3881330.220,0.441,-0.270526,gps_course,595,7.154,5.000,595,507981.317,3881332.230,3.127353,0.000000,-0.000002,2.7778,TRACKING
117.324809,129.087619833333,35.074696833333,507988.183,3881330.220,0.441,-0.270526,gps_course,595,7.154,5.000,595,507981.317,3881332.230,3.127353,0.000000,-0.000001,2.7778,TRACKING
117.374875,129.087619833333,35.074696833333,507988.183,3881330.220,0.441,-0.270526,gps_course,595,7.154,5.000,595,507981.317,3881332.230,3.127353,0.000000,-0.000001,2.7778,TRACKING
117.424787,129.087619833333,35.074696833333,507988.183,3881330.220,0.441,-0.270526,gps_course,595,7.154,5.000,595,507981.317,3881332.230,3.127353,0.000000,-0.000000,2.7778,TRACKING
117.474823,129.087619833333,35.074696833333,507988.183,3881330.220,0.401,-0.272969,gps_course,595,7.154,5.000,595,507981.317,3881332.230,3.129796,0.000000,-0.000000,2.7778,TRACKING
117.524818,129.087619833333,35.074696833333,507988.183,3881330.220,0.401,-0.272969,gps_course,595,7.154,5.000,595,507981.317,3881332.230,3.129796,0.000000,-0.000000,2.7778,TRACKING
117.575196,129.087619833333,35.074696833333,507988.183,3881330.220,0.401,-0.272969,gps_course,595,7.154,5.000,595,507981.317,3881332.230,3.129796,0.000000,-0.000000,2.7778,TRACKING
117.624862,129.087619833333,35.074696833333,507988.183,3881330.220,0.401,-0.272969,gps_course,595,7.154,5.000,595,507981.317,3881332.230,3.129796,0.000000,-0.000000,2.7778,TRACKING
117.675303,129.087619833333,35.074696833333,507988.183,3881330.220,0.401,-0.272969,gps_course,595,7.154,5.000,595,507981.317,3881332.230,3.129796,0.000000,-0.000000,2.7778,TRACKING
117.724799,129.087619833333,35.074696833333,507988.183,3881330.220,0.360,-0.278729,gps_course,595,7.154,5.000,595,507981.317,3881332.230,3.135556,0.000000,-0.000000,2.7778,TRACKING
117.774946,129.087619833333,35.074696833333,507988.183,3881330.220,0.360,-0.278729,gps_course,595,7.154,5.000,595,507981.317,3881332.230,3.135556,0.000000,-0.000000,2.7778,TRACKING
117.824785,129.087619833333,35.074696833333,507988.183,3881330.220,0.360,-0.278729,gps_course,595,7.154,5.000,595,507981.317,3881332.230,3.135556,0.000000,-0.000000,2.7778,TRACKING
117.874794,129.087619833333,35.074696833333,507988.183,3881330.220,0.360,-0.278729,gps_course,595,7.154,5.000,595,507981.317,3881332.230,3.135556,0.000000,-0.000000,2.7778,TRACKING
117.924737,129.087619833333,35.074696833333,507988.183,3881330.220,0.360,-0.278729,gps_course,595,7.154,5.000,595,507981.317,3881332.230,3.135556,0.000000,-0.000000,2.7778,TRACKING
117.974775,129.087619666667,35.074697000000,507988.168,3881330.239,0.360,-0.278729,gps_course,595,7.134,5.000,595,507981.317,3881332.230,3.137442,0.000000,-0.000000,2.7778,TRACKING
118.025553,129.087619666667,35.074697000000,507988.168,3881330.239,0.360,-0.278729,gps_course,595,7.134,5.000,595,507981.317,3881332.230,3.137442,0.000000,-0.000000,2.7778,TRACKING
118.074808,129.087619666667,35.074697000000,507988.168,3881330.239,0.360,-0.278729,gps_course,595,7.134,5.000,595,507981.317,3881332.230,3.137442,0.000000,-0.000000,2.7778,TRACKING
118.124759,129.087619666667,35.074697000000,507988.168,3881330.239,0.360,-0.278729,gps_course,595,7.134,5.000,595,507981.317,3881332.230,3.137442,0.000000,-0.000000,2.7778,TRACKING
118.174844,129.087619666667,35.074697000000,507988.168,3881330.239,0.360,-0.278729,gps_course,595,7.134,5.000,595,507981.317,3881332.230,3.137442,0.000000,-0.000000,2.7778,TRACKING
118.224794,129.087619333333,35.074697333333,507988.137,3881330.276,0.276,-0.278729,gps_course,595,7.095,5.000,595,507981.317,3881332.230,3.141244,0.000000,-0.000000,2.7778,TRACKING
118.274785,129.087619333333,35.074697333333,507988.137,3881330.276,0.276,-0.278729,gps_course,595,7.095,5.000,595,507981.317,3881332.230,3.141244,0.000000,-0.000000,2.7778,TRACKING
118.324791,129.087619333333,35.074697333333,507988.137,3881330.276,0.276,-0.278729,gps_course,595,7.095,5.000,595,507981.317,3881332.230,3.141244,0.000000,-0.000000,2.7778,TRACKING
118.374786,129.087619333333,35.074697333333,507988.137,3881330.276,0.276,-0.278729,gps_course,595,7.095,5.000,595,507981.317,3881332.230,3.141244,0.000000,-0.000000,2.7778,TRACKING
118.424767,129.087619333333,35.074697333333,507988.137,3881330.276,0.276,-0.278729,gps_course,595,7.095,5.000,595,507981.317,3881332.230,3.141244,0.000000,-0.000000,2.7778,TRACKING
118.474782,129.087618833333,35.074697500000,507988.092,3881330.294,0.233,-0.278729,gps_course,595,7.046,5.000,595,507981.317,3881332.230,-3.141208,0.000000,-0.000000,2.7778,TRACKING
118.524764,129.087618833333,35.074697500000,507988.092,3881330.294,0.233,-0.278729,gps_course,595,7.046,5.000,595,507981.317,3881332.230,-3.141208,0.000000,-0.000000,2.7778,TRACKING
118.574796,129.087618833333,35.074697500000,507988.092,3881330.294,0.233,-0.278729,gps_course,595,7.046,5.000,595,507981.317,3881332.230,-3.141208,0.000000,-0.000000,2.7778,TRACKING
118.624794,129.087618833333,35.074697500000,507988.092,3881330.294,0.233,-0.278729,gps_course,595,7.046,5.000,595,507981.317,3881332.230,-3.141208,0.000000,-0.000000,2.7778,TRACKING
118.674746,129.087618833333,35.074697500000,507988.092,3881330.294,0.233,-0.278729,gps_course,595,7.046,5.000,595,507981.317,3881332.230,-3.141208,0.000000,-0.000000,2.7778,TRACKING
118.724781,129.087618166667,35.074697833333,507988.031,3881330.331,0.185,-0.278729,gps_course,595,6.977,5.000,595,507981.317,3881332.230,-3.138516,0.000000,-0.000000,2.7778,TRACKING
118.774788,129.087618166667,35.074697833333,507988.031,3881330.331,0.185,-0.278729,gps_course,595,6.977,5.000,595,507981.317,3881332.230,-3.138516,0.000000,-0.000000,2.7778,TRACKING
118.825457,129.087618166667,35.074697833333,507988.031,3881330.331,0.185,-0.278729,gps_course,595,6.977,5.000,595,507981.317,3881332.230,-3.138516,0.000000,-0.000000,2.7778,TRACKING
118.874839,129.087618166667,35.074697833333,507988.031,3881330.331,0.185,-0.278729,gps_course,595,6.977,5.000,595,507981.317,3881332.230,-3.138516,0.000000,-0.000000,2.7778,TRACKING
118.924744,129.087618166667,35.074697833333,507988.031,3881330.331,0.185,-0.278729,gps_course,595,6.977,5.000,595,507981.317,3881332.230,-3.138516,0.000000,-0.000000,2.7778,TRACKING
118.974746,129.087617500000,35.074698166667,507987.970,3881330.368,0.140,-0.278729,gps_course,595,6.909,5.000,595,507981.317,3881332.230,-3.135770,0.000000,-0.000000,2.7778,TRACKING
119.024794,129.087617500000,35.074698166667,507987.970,3881330.368,0.140,-0.278729,gps_course,595,6.909,5.000,595,507981.317,3881332.230,-3.135770,0.000000,-0.000000,2.7778,TRACKING
119.074869,129.087617500000,35.074698166667,507987.970,3881330.368,0.140,-0.278729,gps_course,595,6.909,5.000,595,507981.317,3881332.230,-3.135770,0.000000,-0.000000,2.7778,TRACKING
119.124829,129.087617500000,35.074698166667,507987.970,3881330.368,0.140,-0.278729,gps_course,595,6.909,5.000,595,507981.317,3881332.230,-3.135770,0.000000,-0.000000,2.7778,TRACKING
119.174892,129.087617500000,35.074698166667,507987.970,3881330.368,0.140,-0.278729,gps_course,595,6.909,5.000,595,507981.317,3881332.230,-3.135770,0.000000,-0.000000,2.7778,TRACKING
119.224837,129.087616666667,35.074698666667,507987.894,3881330.423,0.099,-0.278729,gps_course,595,6.821,5.000,595,507981.317,3881332.230,-3.130955,0.000000,-0.000000,2.7778,TRACKING
119.274863,129.087616666667,35.074698666667,507987.894,3881330.423,0.099,-0.278729,gps_course,595,6.821,5.000,595,507981.317,3881332.230,-3.130955,0.000000,-0.000000,2.7778,TRACKING
119.324772,129.087616666667,35.074698666667,507987.894,3881330.423,0.099,-0.278729,gps_course,595,6.821,5.000,595,507981.317,3881332.230,-3.130955,0.000000,-0.000000,2.7778,TRACKING
119.374789,129.087616666667,35.074698666667,507987.894,3881330.423,0.099,-0.278729,gps_course,595,6.821,5.000,595,507981.317,3881332.230,-3.130955,0.000000,-0.000000,2.7778,TRACKING
119.424767,129.087616666667,35.074698666667,507987.894,3881330.423,0.099,-0.278729,gps_course,595,6.821,5.000,595,507981.317,3881332.230,-3.130955,0.000000,-0.000000,2.7778,TRACKING
119.474778,129.087616000000,35.074699333333,507987.833,3881330.497,0.067,-0.278729,gps_course,595,6.743,5.000,595,507981.317,3881332.230,-3.122780,0.000000,-0.000000,2.7778,TRACKING
119.524790,129.087616000000,35.074699333333,507987.833,3881330.497,0.067,-0.278729,gps_course,595,6.743,5.000,595,507981.317,3881332.230,-3.122780,0.000000,-0.000000,2.7778,TRACKING
119.574795,129.087616000000,35.074699333333,507987.833,3881330.497,0.067,-0.278729,gps_course,595,6.743,5.000,595,507981.317,3881332.230,-3.122780,0.000000,-0.000000,2.7778,TRACKING
119.624780,129.087616000000,35.074699333333,507987.833,3881330.497,0.067,-0.278729,gps_course,595,6.743,5.000,595,507981.317,3881332.230,-3.122780,0.000000,-0.000000,2.7778,TRACKING
119.674753,129.087616000000,35.074699333333,507987.833,3881330.497,0.067,-0.278729,gps_course,595,6.743,5.000,595,507981.317,3881332.230,-3.122780,0.000000,-0.000000,2.7778,TRACKING
119.724772,129.087615333333,35.074699666667,507987.773,3881330.534,0.051,-0.278729,gps_course,595,6.675,5.000,595,507981.317,3881332.230,-3.119777,0.000000,-0.000000,2.7778,TRACKING
119.774822,129.087615333333,35.074699666667,507987.773,3881330.534,0.051,-0.278729,gps_course,595,6.675,5.000,595,507981.317,3881332.230,-3.119777,0.000000,-0.000000,2.7778,TRACKING
119.824752,129.087615333333,35.074699666667,507987.773,3881330.534,0.051,-0.278729,gps_course,595,6.675,5.000,595,507981.317,3881332.230,-3.119777,0.000000,-0.000000,2.7778,TRACKING
119.874796,129.087615333333,35.074699666667,507987.773,3881330.534,0.051,-0.278729,gps_course,595,6.675,5.000,595,507981.317,3881332.230,-3.119777,0.000000,-0.000000,2.7778,TRACKING
119.924759,129.087615333333,35.074699666667,507987.773,3881330.534,0.051,-0.278729,gps_course,595,6.675,5.000,595,507981.317,3881332.230,-3.119777,0.000000,-0.000000,2.7778,TRACKING
119.974766,129.087614500000,35.074700333333,507987.697,3881330.608,0.052,-0.278729,gps_course,595,6.583,5.000,595,507981.317,3881332.230,-3.111860,0.000000,-0.000000,2.7778,TRACKING
120.024810,129.087614500000,35.074700333333,507987.697,3881330.608,0.052,-0.278729,gps_course,595,6.583,5.000,595,507981.317,3881332.230,-3.111860,0.000000,-0.000000,2.7778,TRACKING
120.074774,129.087614500000,35.074700333333,507987.697,3881330.608,0.052,-0.278729,gps_course,595,6.583,5.000,595,507981.317,3881332.230,-3.111860,0.000000,-0.000000,2.7778,TRACKING
120.124764,129.087614500000,35.074700333333,507987.697,3881330.608,0.052,-0.278729,gps_course,595,6.583,5.000,595,507981.317,3881332.230,-3.111860,0.000000,-0.000000,2.7778,TRACKING
120.174801,129.087614500000,35.074700333333,507987.697,3881330.608,0.052,-0.278729,gps_course,595,6.583,5.000,595,507981.317,3881332.230,-3.111860,0.000000,-0.000000,2.7778,TRACKING
120.224811,129.087613666667,35.074701000000,507987.620,3881330.682,0.052,-0.278729,gps_course,595,6.491,5.000,595,507981.317,3881332.230,-3.103717,0.000000,-0.000000,2.7778,TRACKING
120.274954,129.087613666667,35.074701000000,507987.620,3881330.682,0.052,-0.278729,gps_course,595,6.491,5.000,595,507981.317,3881332.230,-3.103717,0.000000,-0.000000,2.7778,TRACKING
120.324808,129.087613666667,35.074701000000,507987.620,3881330.682,0.052,-0.278729,gps_course,595,6.491,5.000,595,507981.317,3881332.230,-3.103717,0.000000,-0.000000,2.7778,TRACKING
120.374786,129.087613666667,35.074701000000,507987.620,3881330.682,0.052,-0.278729,gps_course,595,6.491,5.000,595,507981.317,3881332.230,-3.103717,0.000000,-0.000000,2.7778,TRACKING
120.424832,129.087613666667,35.074701000000,507987.620,3881330.682,0.052,-0.278729,gps_course,595,6.491,5.000,595,507981.317,3881332.230,-3.103717,0.000000,-0.000000,2.7778,TRACKING
120.474772,129.087613000000,35.074701666667,507987.560,3881330.756,0.097,-0.278729,gps_course,595,6.414,5.000,595,507981.317,3881332.230,-3.094795,0.010575,0.004230,2.7778,TRACKING
120.524809,129.087613000000,35.074701666667,507987.560,3881330.756,0.097,-0.278729,gps_course,595,6.414,5.000,595,507981.317,3881332.230,-3.094795,0.010575,0.006768,2.7778,TRACKING
120.574787,129.087613000000,35.074701666667,507987.560,3881330.756,0.097,-0.278729,gps_course,595,6.414,5.000,595,507981.317,3881332.230,-3.094795,0.010575,0.008290,2.7778,TRACKING
120.624788,129.087613000000,35.074701666667,507987.560,3881330.756,0.097,-0.278729,gps_course,595,6.414,5.000,595,507981.317,3881332.230,-3.094795,0.010575,0.009204,2.7778,TRACKING
120.675035,129.087613000000,35.074701666667,507987.560,3881330.756,0.097,-0.278729,gps_course,595,6.414,5.000,595,507981.317,3881332.230,-3.094795,0.010575,0.009752,2.7778,TRACKING
120.724850,129.087612166667,35.074702333333,507987.484,3881330.830,0.126,1.253714,corrected_imu,595,6.324,5.000,595,507981.317,3881332.230,1.664552,-0.200000,-0.020137,2.7778,TRACKING
120.774809,129.087612166667,35.074702333333,507987.484,3881330.830,0.126,1.253714,corrected_imu,595,6.324,5.000,595,507981.317,3881332.230,1.664552,-0.200000,-0.050113,2.7778,TRACKING
120.824778,129.087612166667,35.074702333333,507987.484,3881330.830,0.126,1.253714,corrected_imu,595,6.324,5.000,595,507981.317,3881332.230,1.664552,-0.200000,-0.080094,2.7778,TRACKING
120.874937,129.087612166667,35.074702333333,507987.484,3881330.830,0.126,1.135471,corrected_imu,595,6.324,5.000,595,507981.317,3881332.230,1.782795,-0.200000,-0.110189,2.7778,TRACKING
120.924773,129.087612166667,35.074702333333,507987.484,3881330.830,0.126,1.135471,corrected_imu,595,6.324,5.000,595,507981.317,3881332.230,1.782795,-0.200000,-0.140091,2.7778,TRACKING
120.974761,129.087611500000,35.074703166667,507987.423,3881330.922,0.154,1.135471,corrected_imu,595,6.244,5.000,595,507981.317,3881332.230,1.795060,-0.200000,-0.164054,2.7778,TRACKING
121.024812,129.087611500000,35.074703166667,507987.423,3881330.922,0.154,1.135471,corrected_imu,595,6.244,5.000,595,507981.317,3881332.230,1.795060,-0.200000,-0.178433,2.7778,TRACKING
121.074772,129.087611500000,35.074703166667,507987.423,3881330.922,0.154,1.135471,corrected_imu,595,6.244,5.000,595,507981.317,3881332.230,1.795060,-0.200000,-0.187060,2.7778,TRACKING
121.124778,129.087611500000,35.074703166667,507987.423,3881330.922,0.154,1.135471,corrected_imu,595,6.244,5.000,595,507981.317,3881332.230,1.795060,-0.200000,-0.192236,2.7778,TRACKING
121.174852,129.087611500000,35.074703166667,507987.423,3881330.922,0.154,1.135471,corrected_imu,595,6.244,5.000,595,507981.317,3881332.230,1.795060,-0.200000,-0.195341,2.7778,TRACKING
121.224789,129.087610833333,35.074704000000,507987.362,3881331.014,0.154,1.135471,corrected_imu,595,6.166,5.000,595,507981.317,3881332.230,1.807640,-0.200000,-0.197205,2.7778,TRACKING
121.274982,129.087610833333,35.074704000000,507987.362,3881331.014,0.154,1.135471,corrected_imu,595,6.166,5.000,595,507981.317,3881332.230,1.807640,-0.200000,-0.198323,2.7778,TRACKING
121.324808,129.087610833333,35.074704000000,507987.362,3881331.014,0.154,1.135471,corrected_imu,595,6.166,5.000,595,507981.317,3881332.230,1.807640,-0.200000,-0.198994,2.7778,TRACKING
121.374965,129.087610833333,35.074704000000,507987.362,3881331.014,0.154,1.135471,corrected_imu,595,6.166,5.000,595,507981.317,3881332.230,1.807640,-0.200000,-0.199396,2.7778,TRACKING
121.425005,129.087610833333,35.074704000000,507987.362,3881331.014,0.154,1.135471,corrected_imu,595,6.166,5.000,595,507981.317,3881332.230,1.807640,-0.200000,-0.199638,2.7778,TRACKING
121.474789,129.087610166667,35.074704666667,507987.301,3881331.088,0.154,1.135471,corrected_imu,595,6.092,5.000,595,507981.317,3881332.230,1.817559,-0.200000,-0.199783,2.7778,TRACKING
121.525250,129.087610166667,35.074704666667,507987.301,3881331.088,0.154,1.135471,corrected_imu,595,6.092,5.000,595,507981.317,3881332.230,1.817559,-0.200000,-0.199870,2.7778,TRACKING
121.574821,129.087610166667,35.074704666667,507987.301,3881331.088,0.154,1.135471,corrected_imu,595,6.092,5.000,595,507981.317,3881332.230,1.817559,-0.200000,-0.199922,2.7778,TRACKING
121.624980,129.087610166667,35.074704666667,507987.301,3881331.088,0.154,1.135471,corrected_imu,595,6.092,5.000,595,507981.317,3881332.230,1.817559,-0.200000,-0.199953,2.7778,TRACKING
121.674864,129.087610166667,35.074704666667,507987.301,3881331.088,0.154,1.135471,corrected_imu,595,6.092,5.000,595,507981.317,3881332.230,1.817559,-0.200000,-0.199972,2.7778,TRACKING
121.724920,129.087609666667,35.074705500000,507987.255,3881331.181,0.154,1.135471,corrected_imu,595,6.030,5.000,595,507981.317,3881332.230,1.831187,-0.200000,-0.199983,2.7778,TRACKING
121.774751,129.087609666667,35.074705500000,507987.255,3881331.181,0.154,1.135471,corrected_imu,595,6.030,5.000,595,507981.317,3881332.230,1.831187,-0.200000,-0.199990,2.7778,TRACKING
121.824737,129.087609666667,35.074705500000,507987.255,3881331.181,0.154,1.135471,corrected_imu,595,6.030,5.000,595,507981.317,3881332.230,1.831187,-0.200000,-0.199994,2.7778,TRACKING
121.874808,129.087609666667,35.074705500000,507987.255,3881331.181,0.154,1.063658,corrected_imu,595,6.030,5.000,595,507981.317,3881332.230,1.903000,-0.200000,-0.199996,2.7778,TRACKING
121.924797,129.087609666667,35.074705500000,507987.255,3881331.181,0.154,1.063658,corrected_imu,595,6.030,5.000,595,507981.317,3881332.230,1.903000,-0.200000,-0.199998,2.7778,TRACKING
121.974770,129.087609166667,35.074706166667,507987.210,3881331.255,0.154,1.063658,corrected_imu,595,5.973,5.000,595,507981.317,3881332.230,1.913852,-0.200000,-0.199999,2.7778,TRACKING
122.024766,129.087609166667,35.074706166667,507987.210,3881331.255,0.154,1.063658,corrected_imu,595,5.973,5.000,595,507981.317,3881332.230,1.913852,-0.200000,-0.199999,2.7778,TRACKING
122.074794,129.087609166667,35.074706166667,507987.210,3881331.255,0.154,1.063658,corrected_imu,595,5.973,5.000,595,507981.317,3881332.230,1.913852,-0.200000,-0.200000,2.7778,TRACKING
122.124793,129.087609166667,35.074706166667,507987.210,3881331.255,0.154,1.063658,corrected_imu,595,5.973,5.000,595,507981.317,3881332.230,1.913852,-0.200000,-0.200000,2.7778,TRACKING
122.174790,129.087609166667,35.074706166667,507987.210,3881331.255,0.154,1.063658,corrected_imu,595,5.973,5.000,595,507981.317,3881332.230,1.913852,-0.200000,-0.200000,2.7778,TRACKING
122.224792,129.087608833333,35.074706833333,507987.179,3881331.328,0.250,1.063658,corrected_imu,595,5.931,5.000,595,507981.317,3881332.230,1.925306,-0.200000,-0.200000,2.7778,TRACKING
122.274776,129.087608833333,35.074706833333,507987.179,3881331.328,0.250,1.063658,corrected_imu,595,5.931,5.000,595,507981.317,3881332.230,1.925306,-0.200000,-0.200000,2.7778,TRACKING
122.324768,129.087608833333,35.074706833333,507987.179,3881331.328,0.250,1.063658,corrected_imu,595,5.931,5.000,595,507981.317,3881332.230,1.925306,-0.200000,-0.200000,2.7778,TRACKING
122.374775,129.087608833333,35.074706833333,507987.179,3881331.328,0.250,1.063658,corrected_imu,595,5.931,5.000,595,507981.317,3881332.230,1.925306,-0.200000,-0.200000,2.7778,TRACKING
122.424790,129.087608833333,35.074706833333,507987.179,3881331.328,0.250,1.063658,corrected_imu,595,5.931,5.000,595,507981.317,3881332.230,1.925306,-0.200000,-0.200000,2.7778,TRACKING
122.474787,129.087608333333,35.074707333333,507987.134,3881331.384,0.250,1.063658,corrected_imu,595,5.878,5.000,595,507981.317,3881332.230,1.933443,-0.200000,-0.200000,2.7778,TRACKING
122.524807,129.087608333333,35.074707333333,507987.134,3881331.384,0.250,1.063658,corrected_imu,595,5.878,5.000,595,507981.317,3881332.230,1.933443,-0.200000,-0.200000,2.7778,TRACKING
122.574798,129.087608333333,35.074707333333,507987.134,3881331.384,0.250,1.063658,corrected_imu,595,5.878,5.000,595,507981.317,3881332.230,1.933443,-0.200000,-0.200000,2.7778,TRACKING
122.624900,129.087608333333,35.074707333333,507987.134,3881331.384,0.250,1.063658,corrected_imu,595,5.878,5.000,595,507981.317,3881332.230,1.933443,-0.200000,-0.200000,2.7778,TRACKING
122.674813,129.087608333333,35.074707333333,507987.134,3881331.384,0.250,1.063658,corrected_imu,595,5.878,5.000,595,507981.317,3881332.230,1.933443,-0.200000,-0.200000,2.7778,TRACKING
122.724930,129.087608000000,35.074708000000,507987.103,3881331.458,0.250,1.063658,corrected_imu,595,5.838,5.000,595,507981.317,3881332.230,1.945221,-0.200000,-0.200000,2.7778,TRACKING
122.774946,129.087608000000,35.074708000000,507987.103,3881331.458,0.250,1.063658,corrected_imu,595,5.838,5.000,595,507981.317,3881332.230,1.945221,-0.200000,-0.200000,2.7778,TRACKING
122.824805,129.087608000000,35.074708000000,507987.103,3881331.458,0.250,1.063658,corrected_imu,595,5.838,5.000,595,507981.317,3881332.230,1.945221,-0.200000,-0.200000,2.7778,TRACKING
122.874862,129.087608000000,35.074708000000,507987.103,3881331.458,0.250,1.028756,corrected_imu,595,5.838,5.000,595,507981.317,3881332.230,1.980123,-0.200000,-0.200000,2.7778,TRACKING
122.924775,129.087608000000,35.074708000000,507987.103,3881331.458,0.250,1.028756,corrected_imu,595,5.838,5.000,595,507981.317,3881332.230,1.980123,-0.200000,-0.200000,2.7778,TRACKING
122.974832,129.087607666667,35.074708500000,507987.073,3881331.513,0.267,1.028756,corrected_imu,595,5.800,5.000,595,507981.317,3881332.230,1.988900,-0.200000,-0.200000,2.7778,TRACKING
123.024767,129.087607666667,35.074708500000,507987.073,3881331.513,0.267,1.028756,corrected_imu,595,5.800,5.000,595,507981.317,3881332.230,1.988900,-0.200000,-0.200000,2.7778,TRACKING
123.074793,129.087607666667,35.074708500000,507987.073,3881331.513,0.267,1.028756,corrected_imu,595,5.800,5.000,595,507981.317,3881332.230,1.988900,-0.200000,-0.200000,2.7778,TRACKING
123.124758,129.087607666667,35.074708500000,507987.073,3881331.513,0.267,1.028756,corrected_imu,595,5.800,5.000,595,507981.317,3881332.230,1.988900,-0.200000,-0.200000,2.7778,TRACKING
123.174783,129.087607666667,35.074708500000,507987.073,3881331.513,0.267,1.028756,corrected_imu,595,5.800,5.000,595,507981.317,3881332.230,1.988900,-0.200000,-0.200000,2.7778,TRACKING
123.224791,129.087607333333,35.074709000000,507987.042,3881331.569,0.266,1.028756,corrected_imu,595,5.763,5.000,595,507981.317,3881332.230,1.997790,-0.200000,-0.200000,2.7778,TRACKING
123.274799,129.087607333333,35.074709000000,507987.042,3881331.569,0.266,1.028756,corrected_imu,595,5.763,5.000,595,507981.317,3881332.230,1.997790,-0.200000,-0.200000,2.7778,TRACKING
123.324795,129.087607333333,35.074709000000,507987.042,3881331.569,0.266,1.028756,corrected_imu,595,5.763,5.000,595,507981.317,3881332.230,1.997790,-0.200000,-0.200000,2.7778,TRACKING
123.374969,129.087607333333,35.074709000000,507987.042,3881331.569,0.266,1.028756,corrected_imu,595,5.763,5.000,595,507981.317,3881332.230,1.997790,-0.200000,-0.200000,2.7778,TRACKING
123.424967,129.087607333333,35.074709000000,507987.042,3881331.569,0.266,1.028756,corrected_imu,595,5.763,5.000,595,507981.317,3881332.230,1.997790,-0.200000,-0.200000,2.7778,TRACKING
123.474790,129.087607833333,35.074708833333,507987.088,3881331.550,0.261,1.028756,corrected_imu,595,5.811,5.000,595,507981.317,3881332.230,1.995538,-0.200000,-0.200000,2.7778,TRACKING
123.524984,129.087607833333,35.074708833333,507987.088,3881331.550,0.261,1.028756,corrected_imu,595,5.811,5.000,595,507981.317,3881332.230,1.995538,-0.200000,-0.200000,2.7778,TRACKING
123.575033,129.087607833333,35.074708833333,507987.088,3881331.550,0.261,1.028756,corrected_imu,595,5.811,5.000,595,507981.317,3881332.230,1.995538,-0.200000,-0.200000,2.7778,TRACKING
123.624982,129.087607833333,35.074708833333,507987.088,3881331.550,0.261,1.028756,corrected_imu,595,5.811,5.000,595,507981.317,3881332.230,1.995538,-0.200000,-0.200000,2.7778,TRACKING
123.674815,129.087607833333,35.074708833333,507987.088,3881331.550,0.261,1.028756,corrected_imu,595,5.811,5.000,595,507981.317,3881332.230,1.995538,-0.200000,-0.200000,2.7778,TRACKING
123.724984,129.087608000000,35.074708666667,507987.103,3881331.532,0.221,1.028756,corrected_imu,595,5.828,5.000,595,507981.317,3881332.230,1.992696,-0.200000,-0.200000,2.7778,TRACKING
123.774794,129.087608000000,35.074708666667,507987.103,3881331.532,0.221,1.028756,corrected_imu,595,5.828,5.000,595,507981.317,3881332.230,1.992696,-0.200000,-0.200000,2.7778,TRACKING
123.825027,129.087608000000,35.074708666667,507987.103,3881331.532,0.221,1.028756,corrected_imu,595,5.828,5.000,595,507981.317,3881332.230,1.992696,-0.200000,-0.200000,2.7778,TRACKING
123.874861,129.087608000000,35.074708666667,507987.103,3881331.532,0.221,1.025317,corrected_imu,595,5.828,5.000,595,507981.317,3881332.230,1.996135,-0.200000,-0.200000,2.7778,TRACKING
123.924902,129.087608000000,35.074708666667,507987.103,3881331.532,0.221,1.025317,corrected_imu,595,5.828,5.000,595,507981.317,3881332.230,1.996135,-0.200000,-0.200000,2.7778,TRACKING
123.974956,129.087608000000,35.074708500000,507987.103,3881331.513,0.191,1.025317,corrected_imu,595,5.830,5.000,595,507981.317,3881332.230,1.992988,-0.200000,-0.200000,2.7778,TRACKING
124.024927,129.087608000000,35.074708500000,507987.103,3881331.513,0.191,1.025317,corrected_imu,595,5.830,5.000,595,507981.317,3881332.230,1.992988,-0.200000,-0.200000,2.7778,TRACKING
124.074947,129.087608000000,35.074708500000,507987.103,3881331.513,0.191,1.025317,corrected_imu,595,5.830,5.000,595,507981.317,3881332.230,1.992988,-0.200000,-0.200000,2.7778,TRACKING
124.124787,129.087608000000,35.074708500000,507987.103,3881331.513,0.191,1.025317,corrected_imu,595,5.830,5.000,595,507981.317,3881332.230,1.992988,-0.200000,-0.200000,2.7778,TRACKING
124.174815,129.087608000000,35.074708500000,507987.103,3881331.513,0.191,1.025317,corrected_imu,595,5.830,5.000,595,507981.317,3881332.230,1.992988,-0.200000,-0.200000,2.7778,TRACKING
124.224923,129.087608166667,35.074708333333,507987.118,3881331.495,0.167,1.025317,corrected_imu,595,5.848,5.000,595,507981.317,3881332.230,1.990173,-0.200000,-0.200000,2.7778,TRACKING
124.274784,129.087608166667,35.074708333333,507987.118,3881331.495,0.167,1.025317,corrected_imu,595,5.848,5.000,595,507981.317,3881332.230,1.990173,-0.200000,-0.200000,2.7778,TRACKING
124.324738,129.087608166667,35.074708333333,507987.118,3881331.495,0.167,1.025317,corrected_imu,595,5.848,5.000,595,507981.317,3881332.230,1.990173,-0.200000,-0.200000,2.7778,TRACKING
124.374933,129.087608166667,35.074708333333,507987.118,3881331.495,0.167,1.025317,corrected_imu,595,5.848,5.000,595,507981.317,3881332.230,1.990173,-0.200000,-0.200000,2.7778,TRACKING
124.424848,129.087608166667,35.074708333333,507987.118,3881331.495,0.167,1.025317,corrected_imu,595,5.848,5.000,595,507981.317,3881332.230,1.990173,-0.200000,-0.200000,2.7778,TRACKING
124.474996,129.087608166667,35.074708333333,507987.118,3881331.495,0.144,1.025317,corrected_imu,595,5.848,5.000,595,507981.317,3881332.230,1.990173,-0.200000,-0.200000,2.7778,TRACKING
124.524769,129.087608166667,35.074708333333,507987.118,3881331.495,0.144,1.025317,corrected_imu,595,5.848,5.000,595,507981.317,3881332.230,1.990173,-0.200000,-0.200000,2.7778,TRACKING
124.575077,129.087608166667,35.074708333333,507987.118,3881331.495,0.144,1.025317,corrected_imu,595,5.848,5.000,595,507981.317,3881332.230,1.990173,-0.200000,-0.200000,2.7778,TRACKING
124.624771,129.087608166667,35.074708333333,507987.118,3881331.495,0.144,1.025317,corrected_imu,595,5.848,5.000,595,507981.317,3881332.230,1.990173,-0.200000,-0.200000,2.7778,TRACKING
124.674770,129.087608166667,35.074708333333,507987.118,3881331.495,0.144,1.025317,corrected_imu,595,5.848,5.000,595,507981.317,3881332.230,1.990173,-0.200000,-0.200000,2.7778,TRACKING
124.725066,129.087608166667,35.074708166667,507987.118,3881331.476,0.122,1.025317,corrected_imu,595,5.850,5.000,595,507981.317,3881332.230,1.987039,-0.200000,-0.200000,2.7778,TRACKING
124.774861,129.087608166667,35.074708166667,507987.118,3881331.476,0.122,1.025317,corrected_imu,595,5.850,5.000,595,507981.317,3881332.230,1.987039,-0.200000,-0.200000,2.7778,TRACKING
124.824859,129.087608166667,35.074708166667,507987.118,3881331.476,0.122,1.025317,corrected_imu,595,5.850,5.000,595,507981.317,3881332.230,1.987039,-0.200000,-0.200000,2.7778,TRACKING
124.875258,129.087608166667,35.074708166667,507987.118,3881331.476,0.122,1.033688,corrected_imu,595,5.850,5.000,595,507981.317,3881332.230,1.978669,-0.200000,-0.200000,2.7778,TRACKING
124.924845,129.087608166667,35.074708166667,507987.118,3881331.476,0.122,1.033688,corrected_imu,595,5.850,5.000,595,507981.317,3881332.230,1.978669,-0.200000,-0.200000,2.7778,TRACKING
124.974862,129.087608166667,35.074708000000,507987.118,3881331.458,0.102,1.033688,corrected_imu,595,5.853,5.000,595,507981.317,3881332.230,1.975537,-0.200000,-0.200000,2.7778,TRACKING
125.025206,129.087608166667,35.074708000000,507987.118,3881331.458,0.102,1.033688,corrected_imu,595,5.853,5.000,595,507981.317,3881332.230,1.975537,-0.200000,-0.200000,2.7778,TRACKING
125.074874,129.087608166667,35.074708000000,507987.118,3881331.458,0.102,1.033688,corrected_imu,595,5.853,5.000,595,507981.317,3881332.230,1.975537,-0.200000,-0.200000,2.7778,TRACKING
125.124923,129.087608166667,35.074708000000,507987.118,3881331.458,0.102,1.033688,corrected_imu,595,5.853,5.000,595,507981.317,3881332.230,1.975537,-0.200000,-0.200000,2.7778,TRACKING
125.175090,129.087608166667,35.074708000000,507987.118,3881331.458,0.102,1.033688,corrected_imu,595,5.853,5.000,595,507981.317,3881332.230,1.975537,-0.200000,-0.200000,2.7778,TRACKING
125.224987,129.087608000000,35.074708000000,507987.103,3881331.458,0.087,1.033688,corrected_imu,595,5.838,5.000,595,507981.317,3881332.230,1.975191,-0.200000,-0.200000,2.7778,TRACKING
125.274806,129.087608000000,35.074708000000,507987.103,3881331.458,0.087,1.033688,corrected_imu,595,5.838,5.000,595,507981.317,3881332.230,1.975191,-0.200000,-0.200000,2.7778,TRACKING
125.324997,129.087608000000,35.074708000000,507987.103,3881331.458,0.087,1.033688,corrected_imu,595,5.838,5.000,595,507981.317,3881332.230,1.975191,-0.200000,-0.200000,2.7778,TRACKING
125.374837,129.087608000000,35.074708000000,507987.103,3881331.458,0.087,1.033688,corrected_imu,595,5.838,5.000,595,507981.317,3881332.230,1.975191,-0.200000,-0.200000,2.7778,TRACKING
125.425015,129.087608000000,35.074708000000,507987.103,3881331.458,0.087,1.033688,corrected_imu,595,5.838,5.000,595,507981.317,3881332.230,1.975191,-0.200000,-0.200000,2.7778,TRACKING
125.475017,129.087607833333,35.074708000000,507987.088,3881331.458,0.080,1.033688,corrected_imu,595,5.822,5.000,595,507981.317,3881332.230,1.974844,-0.200000,-0.200000,2.7778,TRACKING
125.524955,129.087607833333,35.074708000000,507987.088,3881331.458,0.080,1.033688,corrected_imu,595,5.822,5.000,595,507981.317,3881332.230,1.974844,-0.200000,-0.200000,2.7778,TRACKING
125.574807,129.087607833333,35.074708000000,507987.088,3881331.458,0.080,1.033688,corrected_imu,595,5.822,5.000,595,507981.317,3881332.230,1.974844,-0.200000,-0.200000,2.7778,TRACKING
125.624999,129.087607833333,35.074708000000,507987.088,3881331.458,0.080,1.033688,corrected_imu,595,5.822,5.000,595,507981.317,3881332.230,1.974844,-0.200000,-0.200000,2.7778,TRACKING
125.675014,129.087607833333,35.074708000000,507987.088,3881331.458,0.080,1.033688,corrected_imu,595,5.822,5.000,595,507981.317,3881332.230,1.974844,-0.200000,-0.200000,2.7778,TRACKING
125.724898,129.087607666667,35.074708166667,507987.073,3881331.476,0.080,1.033688,corrected_imu,595,5.805,5.000,595,507981.317,3881332.230,1.977650,-0.200000,-0.200000,2.7778,TRACKING
125.774998,129.087607666667,35.074708166667,507987.073,3881331.476,0.080,1.033688,corrected_imu,595,5.805,5.000,595,507981.317,3881332.230,1.977650,-0.200000,-0.200000,2.7778,TRACKING
125.824904,129.087607666667,35.074708166667,507987.073,3881331.476,0.080,1.033688,corrected_imu,595,5.805,5.000,595,507981.317,3881332.230,1.977650,-0.200000,-0.200000,2.7778,TRACKING
125.874947,129.087607666667,35.074708166667,507987.073,3881331.476,0.080,1.041021,corrected_imu,595,5.805,5.000,595,507981.317,3881332.230,1.970317,-0.200000,-0.200000,2.7778,TRACKING
125.924789,129.087607666667,35.074708166667,507987.073,3881331.476,0.080,1.041021,corrected_imu,595,5.805,5.000,595,507981.317,3881332.230,1.970317,-0.200000,-0.200000,2.7778,TRACKING
125.974798,129.087607500000,35.074708166667,507987.058,3881331.476,0.072,1.041021,corrected_imu,595,5.790,5.000,595,507981.317,3881332.230,1.969973,-0.200000,-0.200000,2.7778,TRACKING
126.024919,129.087607500000,35.074708166667,507987.058,3881331.476,0.072,1.041021,corrected_imu,595,5.790,5.000,595,507981.317,3881332.230,1.969973,-0.200000,-0.200000,2.7778,TRACKING
126.074881,129.087607500000,35.074708166667,507987.058,3881331.476,0.072,1.041021,corrected_imu,595,5.790,5.000,595,507981.317,3881332.230,1.969973,-0.200000,-0.200000,2.7778,TRACKING
126.124838,129.087607500000,35.074708166667,507987.058,3881331.476,0.072,1.041021,corrected_imu,595,5.790,5.000,595,507981.317,3881332.230,1.969973,-0.200000,-0.200000,2.7778,TRACKING
126.174966,129.087607500000,35.074708166667,507987.058,3881331.476,0.072,1.041021,corrected_imu,595,5.790,5.000,595,507981.317,3881332.230,1.969973,-0.200000,-0.200000,2.7778,TRACKING
126.225283,129.087607500000,35.074708166667,507987.058,3881331.476,0.066,1.041021,corrected_imu,595,5.790,5.000,595,507981.317,3881332.230,1.969973,-0.200000,-0.200000,2.7778,TRACKING
126.275177,129.087607500000,35.074708166667,507987.058,3881331.476,0.066,1.041021,corrected_imu,595,5.790,5.000,595,507981.317,3881332.230,1.969973,-0.200000,-0.200000,2.7778,TRACKING
126.324823,129.087607500000,35.074708166667,507987.058,3881331.476,0.066,1.041021,corrected_imu,595,5.790,5.000,595,507981.317,3881332.230,1.969973,-0.200000,-0.200000,2.7778,TRACKING
126.374781,129.087607500000,35.074708166667,507987.058,3881331.476,0.066,1.041021,corrected_imu,595,5.790,5.000,595,507981.317,3881332.230,1.969973,-0.200000,-0.200000,2.7778,TRACKING
