elapsed_sec,longitude,latitude,utm_easting_m,utm_northing_m,speed_mps,heading_rad,heading_source,waypoint_index,route_error_m,lookahead_m,target_index,target_easting_m,target_northing_m,alpha_rad,raw_steering_rad,filtered_steering_rad,command_speed_mps,wheel_speed_mps,speed_error_mps,state
0.577580,129.088811500000,35.074426833333,508096.852,3881300.374,0.010,-2.675482,route_tangent,0,0.142,2.000,2,508094.848,3881299.430,-0.025870,0.000000,0.000000,0.5600,,,TRACKING|w0 d0 L0
0.627450,129.088811500000,35.074426833333,508096.852,3881300.374,0.010,-2.675482,route_tangent,0,0.142,2.000,2,508094.848,3881299.430,-0.025870,0.000000,0.000000,0.5600,,,TRACKING|w0 d0 L0
0.677623,129.088811500000,35.074426833333,508096.852,3881300.374,0.010,-2.675482,route_tangent,0,0.142,2.000,2,508094.848,3881299.430,-0.025870,0.000000,0.000000,0.5600,,,TRACKING|w0 d0 L0
0.727532,129.088811500000,35.074426833333,508096.852,3881300.374,0.010,-2.675482,route_tangent,0,0.142,2.000,2,508094.848,3881299.430,-0.025870,0.000000,0.000000,0.5600,,,TRACKING|w0 d0 L0
0.778052,129.088811500000,35.074426833333,508096.852,3881300.374,0.010,-2.675482,route_tangent,0,0.142,2.000,2,508094.848,3881299.430,-0.025870,0.000000,0.000000,0.5600,,,TRACKING|w0 d0 L0
0.827453,129.088811500000,35.074426833333,508096.852,3881300.374,0.010,-2.675482,route_tangent,0,0.142,2.000,2,508094.848,3881299.430,-0.025870,0.000000,0.000000,0.5600,,,TRACKING|w0 d0 L0
0.877499,129.088811500000,35.074427000000,508096.852,3881300.393,0.013,-2.675482,route_tangent,0,0.138,2.000,2,508094.848,3881299.430,-0.018348,0.000000,0.000000,0.5600,,,TRACKING|w0 d0 L0
0.927671,129.088811500000,35.074427000000,508096.852,3881300.393,0.013,-2.675482,route_tangent,0,0.138,2.000,2,508094.848,3881299.430,-0.018348,0.000000,0.000000,0.5600,,,TRACKING|w0 d0 L0
0.977508,129.088811500000,35.074427000000,508096.852,3881300.393,0.013,-2.675482,route_tangent,0,0.138,2.000,2,508094.848,3881299.430,-0.018348,0.000000,0.000000,0.5600,,,TRACKING|w0 d0 L0
1.027951,129.088811500000,35.074427000000,508096.852,3881300.393,0.013,-2.675482,route_tangent,0,0.138,2.000,2,508094.848,3881299.430,-0.018348,0.000000,0.000000,0.5600,,,TRACKING|w0 d0 L0
1.077562,129.088811500000,35.074427000000,508096.852,3881300.393,0.013,-2.675482,route_tangent,0,0.138,2.000,2,508094.848,3881299.430,-0.018348,0.000000,0.000000,0.5600,,,TRACKING|w0 d0 L0
1.127699,129.088811500000,35.074427000000,508096.852,3881300.393,0.013,-2.675482,route_tangent,0,0.138,2.000,2,508094.848,3881299.430,-0.018348,0.000000,0.000000,0.5600,,,TRACKING|w0 d0 L0
1.177555,129.088811500000,35.074427000000,508096.852,3881300.393,0.013,-2.675482,route_tangent,0,0.138,2.000,2,508094.848,3881299.430,-0.018348,0.000000,0.000000,0.5600,,,TRACKING|w0 d0 L0
1.227436,129.088811500000,35.074427000000,508096.852,3881300.393,0.013,-2.675482,route_tangent,0,0.138,2.000,2,508094.848,3881299.430,-0.018348,0.000000,0.000000,0.5600,,,TRACKING|w0 d0 L0
1.277436,129.088811500000,35.074427000000,508096.852,3881300.393,0.013,-2.675482,route_tangent,0,0.138,2.000,2,508094.848,3881299.430,-0.018348,0.000000,0.000000,0.5600,,,TRACKING|w0 d0 L0
1.327508,129.088811500000,35.074427000000,508096.852,3881300.393,0.013,-2.675482,route_tangent,0,0.138,2.000,2,508094.848,3881299.430,-0.018348,0.000000,0.000000,0.5600,,,TRACKING|w0 d0 L0
1.377842,129.088811500000,35.074427000000,508096.852,3881300.393,0.013,-2.675482,route_tangent,0,0.138,2.000,2,508094.848,3881299.430,-0.018348,0.000000,0.000000,0.5600,,,TRACKING|w0 d0 L0
1.427436,129.088811500000,35.074427000000,508096.852,3881300.393,0.013,-2.675482,route_tangent,0,0.138,2.000,2,508094.848,3881299.430,-0.018348,0.000000,0.000000,0.5600,,,TRACKING|w0 d0 L0
1.477693,129.088811500000,35.074427000000,508096.852,3881300.393,0.013,-2.675482,route_tangent,0,0.138,2.000,2,508094.848,3881299.430,-0.018348,0.000000,0.000000,0.5600,,,TRACKING|w0 d0 L0
1.527553,129.088811500000,35.074427000000,508096.852,3881300.393,0.013,-2.675482,route_tangent,0,0.138,2.000,2,508094.848,3881299.430,-0.018348,0.000000,0.000000,0.5600,,,TRACKING|w0 d0 L0
1.577492,129.088811500000,35.074427000000,508096.852,3881300.393,0.013,-2.675482,route_tangent,0,0.138,2.000,2,508094.848,3881299.430,-0.018348,0.000000,0.000000,0.5600,,,TRACKING|w0 d0 L0
1.627327,129.088811500000,35.074427000000,508096.852,3881300.393,0.009,-2.675482,route_tangent,0,0.138,2.000,2,508094.848,3881299.430,-0.018348,0.000000,0.000000,0.5600,,,TRACKING|w0 d0 L0
1.677521,129.088811500000,35.074427000000,508096.852,3881300.393,0.009,-2.675482,route_tangent,0,0.138,2.000,2,508094.848,3881299.430,-0.018348,0.000000,0.000000,0.5600,,,TRACKING|w0 d0 L0
1.727573,129.088811500000,35.074427000000,508096.852,3881300.393,0.009,-2.675482,route_tangent,0,0.138,2.000,2,508094.848,3881299.430,-0.018348,0.000000,0.000000,0.5600,,,TRACKING|w0 d0 L0
1.777466,129.088811500000,35.074427000000,508096.852,3881300.393,0.009,-2.675482,route_tangent,0,0.138,2.000,2,508094.848,3881299.430,-0.018348,0.000000,0.000000,0.5600,,,TRACKING|w0 d0 L0
1.828127,129.088811500000,35.074427000000,508096.852,3881300.393,0.009,-2.675482,route_tangent,0,0.138,2.000,2,508094.848,3881299.430,-0.018348,0.000000,0.000000,0.5600,,,TRACKING|w0 d0 L0
1.877508,129.088811500000,35.074427000000,508096.852,3881300.393,0.006,-2.675482,route_tangent,0,0.138,2.000,2,508094.848,3881299.430,-0.018348,0.000000,0.000000,0.5600,,,TRACKING|w0 d0 L0
1.927624,129.088811500000,35.074427000000,508096.852,3881300.393,0.006,-2.675482,route_tangent,0,0.138,2.000,2,508094.848,3881299.430,-0.018348,0.000000,0.000000,0.5600,,,TRACKING|w0 d0 L0
1.977540,129.088811500000,35.074427000000,508096.852,3881300.393,0.006,-2.675482,route_tangent,0,0.138,2.000,2,508094.848,3881299.430,-0.018348,0.000000,0.000000,0.5600,,,TRACKING|w0 d0 L0
2.027464,129.088811500000,35.074427000000,508096.852,3881300.393,0.006,-2.675482,route_tangent,0,0.138,2.000,2,508094.848,3881299.430,-0.018348,0.000000,0.000000,0.5600,,,TRACKING|w0 d0 L0
2.077499,129.088811500000,35.074427000000,508096.852,3881300.393,0.006,-2.675482,route_tangent,0,0.138,2.000,2,508094.848,3881299.430,-0.018348,0.000000,0.000000,0.5600,,,TRACKING|w0 d0 L0
2.127553,129.088811666667,35.074427000000,508096.868,3881300.393,0.011,-2.675482,route_tangent,0,0.153,2.000,2,508094.848,3881299.430,-0.021283,0.000000,0.000000,0.5600,,,TRACKING|w0 d0 L0
2.177703,129.088811666667,35.074427000000,508096.868,3881300.393,0.011,-2.675482,route_tangent,0,0.153,2.000,2,508094.848,3881299.430,-0.021283,0.000000,0.000000,0.5600,,,TRACKING|w0 d0 L0
2.227502,129.088811666667,35.074427000000,508096.868,3881300.393,0.011,-2.675482,route_tangent,0,0.153,2.000,2,508094.848,3881299.430,-0.021283,0.000000,0.000000,0.5600,,,TRACKING|w0 d0 L0
2.278487,129.088811666667,35.074427000000,508096.868,3881300.393,0.011,-2.675482,route_tangent,0,0.153,2.000,2,508094.848,3881299.430,-0.021283,0.000000,0.000000,0.5600,,,TRACKING|w0 d0 L0
2.327424,129.088811666667,35.074427000000,508096.868,3881300.393,0.005,-2.675482,route_tangent,0,0.153,2.000,2,508094.848,3881299.430,-0.021283,0.000000,0.000000,0.5600,,,TRACKING|w0 d0 L0
2.377540,129.088811666667,35.074427000000,508096.868,3881300.393,0.005,-2.675482,route_tangent,0,0.153,2.000,2,508094.848,3881299.430,-0.021283,0.000000,0.000000,0.5600,,,TRACKING|w0 d0 L0
2.427580,129.088811666667,35.074427000000,508096.868,3881300.393,0.005,-2.675482,route_tangent,0,0.153,2.000,2,508094.848,3881299.430,-0.021283,0.000000,0.000000,0.5600,,,TRACKING|w0 d0 L0
2.477577,129.088811666667,35.074427000000,508096.868,3881300.393,0.005,-2.675482,route_tangent,0,0.153,2.000,2,508094.848,3881299.430,-0.021283,0.000000,0.000000,0.5600,,,TRACKING|w0 d0 L0
2.527509,129.088811666667,35.074427000000,508096.868,3881300.393,0.005,-2.675482,route_tangent,0,0.153,2.000,2,508094.848,3881299.430,-0.021283,0.000000,0.000000,0.5600,,,TRACKING|w0 d0 L0
2.577514,129.088811666667,35.074427000000,508096.868,3881300.393,0.005,-2.675482,route_tangent,0,0.153,2.000,2,508094.848,3881299.430,-0.021283,0.000000,0.000000,0.5600,,,TRACKING|w0 d0 L0
2.628558,129.088811666667,35.074426833333,508096.868,3881300.374,0.008,-2.675482,route_tangent,0,0.156,2.000,2,508094.848,3881299.430,-0.028768,0.000000,0.000000,0.5600,,,TRACKING|w0 d0 L0
2.677891,129.088811666667,35.074426833333,508096.868,3881300.374,0.008,-2.675482,route_tangent,0,0.156,2.000,2,508094.848,3881299.430,-0.028768,0.000000,0.000000,0.5600,,,TRACKING|w0 d0 L0
2.727635,129.088811666667,35.074426833333,508096.868,3881300.374,0.008,-2.675482,route_tangent,0,0.156,2.000,2,508094.848,3881299.430,-0.028768,0.000000,0.000000,0.5600,,,TRACKING|w0 d0 L0
2.777511,129.088811666667,35.074426833333,508096.868,3881300.374,0.008,-2.675482,route_tangent,0,0.156,2.000,2,508094.848,3881299.430,-0.028768,0.000000,0.000000,0.5600,,,TRACKING|w0 d0 L0
2.827891,129.088811666667,35.074427000000,508096.868,3881300.393,0.025,-2.675482,route_tangent,0,0.153,2.000,2,508094.848,3881299.430,-0.021283,0.000000,0.000000,0.5600,,,TRACKING|w0 d0 L0
2.877503,129.088811666667,35.074427000000,508096.868,3881300.393,0.025,-2.675482,route_tangent,0,0.153,2.000,2,508094.848,3881299.430,-0.021283,0.000000,0.000000,0.5600,,,TRACKING|w0 d0 L0
2.927554,129.088811666667,35.074427000000,508096.868,3881300.393,0.025,-2.675482,route_tangent,0,0.153,2.000,2,508094.848,3881299.430,-0.021283,0.000000,0.000000,0.5600,,,TRACKING|w0 d0 L0
2.977595,129.088811666667,35.074427000000,508096.868,3881300.393,0.025,-2.675482,route_tangent,0,0.153,2.000,2,508094.848,3881299.430,-0.021283,0.000000,0.000000,0.5600,,,TRACKING|w0 d0 L0
3.027438,129.088811666667,35.074427000000,508096.868,3881300.393,0.025,-2.675482,route_tangent,0,0.153,2.000,2,508094.848,3881299.430,-0.021283,0.000000,0.000000,0.5600,,,TRACKING|w0 d0 L0
3.077581,129.088811666667,35.074427000000,508096.868,3881300.393,0.025,-2.675482,route_tangent,0,0.153,2.000,2,508094.848,3881299.430,-0.021283,0.000000,0.000000,0.5600,,,TRACKING|w0 d0 L0
3.127500,129.088811500000,35.074427000000,508096.852,3881300.393,0.006,-2.675482,route_tangent,0,0.138,2.000,2,508094.848,3881299.430,-0.018348,0.000000,0.000000,0.5600,,,TRACKING|w0 d0 L0
3.177437,129.088811500000,35.074427000000,508096.852,3881300.393,0.006,-2.675482,route_tangent,0,0.138,2.000,2,508094.848,3881299.430,-0.018348,0.000000,0.000000,0.5600,,,TRACKING|w0 d0 L0
3.227498,129.088811500000,35.074427000000,508096.852,3881300.393,0.006,-2.675482,route_tangent,0,0.138,2.000,2,508094.848,3881299.430,-0.018348,0.000000,0.000000,0.5600,,,TRACKING|w0 d0 L0
3.277505,129.088811500000,35.074427000000,508096.852,3881300.393,0.006,-2.675482,route_tangent,0,0.138,2.000,2,508094.848,3881299.430,-0.018348,0.000000,0.000000,0.5600,,,TRACKING|w0 d0 L0
3.327414,129.088811500000,35.074427000000,508096.852,3881300.393,0.008,-2.675482,route_tangent,0,0.138,2.000,2,508094.848,3881299.430,-0.018348,0.000000,0.000000,0.5600,,,TRACKING|w0 d0 L0
3.377516,129.088811500000,35.074427000000,508096.852,3881300.393,0.008,-2.675482,route_tangent,0,0.138,2.000,2,508094.848,3881299.430,-0.018348,0.000000,0.000000,0.5600,,,TRACKING|w0 d0 L0
3.427586,129.088811500000,35.074427000000,508096.852,3881300.393,0.008,-2.675482,route_tangent,0,0.138,2.000,2,508094.848,3881299.430,-0.018348,0.000000,0.000000,0.5600,,,TRACKING|w0 d0 L0
3.477428,129.088811500000,35.074427000000,508096.852,3881300.393,0.008,-2.675482,route_tangent,0,0.138,2.000,2,508094.848,3881299.430,-0.018348,0.000000,0.000000,0.5600,,,TRACKING|w0 d0 L0
3.527662,129.088811500000,35.074427000000,508096.852,3881300.393,0.008,-2.675482,route_tangent,0,0.138,2.000,2,508094.848,3881299.430,-0.018348,0.000000,0.000000,0.5600,,,TRACKING|w0 d0 L0
3.577418,129.088811666667,35.074427000000,508096.868,3881300.393,0.009,-2.675482,route_tangent,0,0.153,2.000,2,508094.848,3881299.430,-0.021283,0.000000,0.000000,0.5600,,,TRACKING|w0 d0 L0
3.627520,129.088811666667,35.074427000000,508096.868,3881300.393,0.009,-2.675482,route_tangent,0,0.153,2.000,2,508094.848,3881299.430,-0.021283,0.000000,0.000000,0.5600,,,TRACKING|w0 d0 L0
3.677601,129.088811666667,35.074427000000,508096.868,3881300.393,0.009,-2.675482,route_tangent,0,0.153,2.000,2,508094.848,3881299.430,-0.021283,0.000000,0.000000,0.5600,,,TRACKING|w0 d0 L0
3.727409,129.088811666667,35.074427000000,508096.868,3881300.393,0.009,-2.675482,route_tangent,0,0.153,2.000,2,508094.848,3881299.430,-0.021283,0.000000,0.000000,0.5600,,,TRACKING|w0 d0 L0
3.777661,129.088811666667,35.074427000000,508096.868,3881300.393,0.009,-2.675482,route_tangent,0,0.153,2.000,2,508094.848,3881299.430,-0.021283,0.000000,0.000000,0.5600,,,TRACKING|w0 d0 L0
3.827377,129.088811500000,35.074427000000,508096.852,3881300.393,0.010,-2.675482,route_tangent,0,0.138,2.000,2,508094.848,3881299.430,-0.018348,0.000000,0.000000,0.5600,,,TRACKING|w0 d0 L0
3.877935,129.088811500000,35.074427000000,508096.852,3881300.393,0.010,-2.675482,route_tangent,0,0.138,2.000,2,508094.848,3881299.430,-0.018348,0.000000,0.000000,0.5600,,,TRACKING|w0 d0 L0
3.927660,129.088811500000,35.074427000000,508096.852,3881300.393,0.010,-2.675482,route_tangent,0,0.138,2.000,2,508094.848,3881299.430,-0.018348,0.000000,0.000000,0.5600,,,TRACKING|w0 d0 L0
3.977670,129.088811500000,35.074427000000,508096.852,3881300.393,0.010,-2.675482,route_tangent,0,0.138,2.000,2,508094.848,3881299.430,-0.018348,0.000000,0.000000,0.5600,,,TRACKING|w0 d0 L0
4.028339,129.088811500000,35.074427000000,508096.852,3881300.393,0.010,-2.675482,route_tangent,0,0.138,2.000,2,508094.848,3881299.430,-0.018348,0.000000,0.000000,0.5600,,,TRACKING|w0 d0 L0
4.078433,129.088811500000,35.074427000000,508096.852,3881300.393,0.010,-2.675482,route_tangent,0,0.138,2.000,2,508094.848,3881299.430,-0.018348,0.000000,0.000000,0.5600,,,TRACKING|w0 d0 L0
4.127783,129.088811500000,35.074427000000,508096.852,3881300.393,0.008,-2.675482,route_tangent,0,0.138,2.000,2,508094.848,3881299.430,-0.018348,0.000000,0.000000,0.5600,,,TRACKING|w0 d0 L0
4.177550,129.088811500000,35.074427000000,508096.852,3881300.393,0.008,-2.675482,route_tangent,0,0.138,2.000,2,508094.848,3881299.430,-0.018348,0.000000,0.000000,0.5600,,,TRACKING|w0 d0 L0
4.227591,129.088811500000,35.074427000000,508096.852,3881300.393,0.008,-2.675482,route_tangent,0,0.138,2.000,2,508094.848,3881299.430,-0.018348,0.000000,0.000000,0.5600,,,TRACKING|w0 d0 L0
4.277538,129.088811500000,35.074427000000,508096.852,3881300.393,0.008,-2.675482,route_tangent,0,0.138,2.000,2,508094.848,3881299.430,-0.018348,0.000000,0.000000,0.5600,,,TRACKING|w0 d0 L0
4.327496,129.088811500000,35.074427000000,508096.852,3881300.393,0.005,-2.675482,route_tangent,0,0.138,2.000,2,508094.848,3881299.430,-0.018348,0.000000,0.000000,0.5600,,,TRACKING|w0 d0 L0
4.377602,129.088811500000,35.074427000000,508096.852,3881300.393,0.005,-2.675482,route_tangent,0,0.138,2.000,2,508094.848,3881299.430,-0.018348,0.000000,0.000000,0.5600,,,TRACKING|w0 d0 L0
4.428074,129.088811500000,35.074427000000,508096.852,3881300.393,0.005,-2.675482,route_tangent,0,0.138,2.000,2,508094.848,3881299.430,-0.018348,0.000000,0.000000,0.5600,,,TRACKING|w0 d0 L0
4.477813,129.088811500000,35.074427000000,508096.852,3881300.393,0.005,-2.675482,route_tangent,0,0.138,2.000,2,508094.848,3881299.430,-0.018348,0.000000,0.000000,0.5600,,,TRACKING|w0 d0 L0
4.527583,129.088811500000,35.074427000000,508096.852,3881300.393,0.005,-2.675482,route_tangent,0,0.138,2.000,2,508094.848,3881299.430,-0.018348,0.000000,0.000000,0.5600,,,TRACKING|w0 d0 L0
4.577749,129.088811500000,35.074427000000,508096.852,3881300.393,0.005,-2.675482,route_tangent,0,0.138,2.000,2,508094.848,3881299.430,-0.018348,0.000000,0.000000,0.5600,,,TRACKING|w0 d0 L0
4.627471,129.088811500000,35.074427000000,508096.852,3881300.393,0.005,-2.675482,route_tangent,0,0.138,2.000,2,508094.848,3881299.430,-0.018348,0.000000,0.000000,0.5600,,,TRACKING|w0 d0 L0
4.677623,129.088811500000,35.074427000000,508096.852,3881300.393,0.005,-2.675482,route_tangent,0,0.138,2.000,2,508094.848,3881299.430,-0.018348,0.000000,0.000000,0.5600,,,TRACKING|w0 d0 L0
4.727533,129.088811500000,35.074427000000,508096.852,3881300.393,0.005,-2.675482,route_tangent,0,0.138,2.000,2,508094.848,3881299.430,-0.018348,0.000000,0.000000,0.5600,,,TRACKING|w0 d0 L0
4.778798,129.088811500000,35.074427000000,508096.852,3881300.393,0.005,-2.675482,route_tangent,0,0.138,2.000,2,508094.848,3881299.430,-0.018348,0.000000,0.000000,0.5600,,,TRACKING|w0 d0 L0
4.827998,129.088811500000,35.074427000000,508096.852,3881300.393,0.005,-2.675482,route_tangent,0,0.138,2.000,2,508094.848,3881299.430,-0.018348,0.000000,0.000000,0.5600,,,TRACKING|w0 d0 L0
4.878690,129.088811500000,35.074426833333,508096.852,3881300.374,0.018,-2.675482,route_tangent,0,0.142,2.000,2,508094.848,3881299.430,-0.025870,0.000000,0.000000,0.5600,,,TRACKING|w0 d0 L0
4.927834,129.088811500000,35.074426833333,508096.852,3881300.374,0.018,-2.675482,route_tangent,0,0.142,2.000,2,508094.848,3881299.430,-0.025870,0.000000,0.000000,0.5600,,,TRACKING|w0 d0 L0
4.977607,129.088811500000,35.074426833333,508096.852,3881300.374,0.018,-2.675482,route_tangent,0,0.142,2.000,2,508094.848,3881299.430,-0.025870,0.000000,0.000000,0.5600,,,TRACKING|w0 d0 L0
5.027802,129.088811500000,35.074426833333,508096.852,3881300.374,0.018,-2.675482,route_tangent,0,0.142,2.000,2,508094.848,3881299.430,-0.025870,0.000000,0.000000,0.5600,,,TRACKING|w0 d0 L0
5.077504,129.088811500000,35.074426833333,508096.852,3881300.374,0.018,-2.675482,route_tangent,0,0.142,2.000,2,508094.848,3881299.430,-0.025870,0.000000,0.000000,0.5600,,,TRACKING|w0 d0 L0
5.127665,129.088811500000,35.074427000000,508096.852,3881300.393,0.018,-2.675482,route_tangent,0,0.138,2.000,2,508094.848,3881299.430,-0.018348,0.000000,0.000000,0.5600,,,TRACKING|w0 d0 L0
5.177583,129.088811500000,35.074427000000,508096.852,3881300.393,0.018,-2.675482,route_tangent,0,0.138,2.000,2,508094.848,3881299.430,-0.018348,0.000000,0.000000,0.5600,,,TRACKING|w0 d0 L0
5.228468,129.088811500000,35.074427000000,508096.852,3881300.393,0.018,-2.675482,route_tangent,0,0.138,2.000,2,508094.848,3881299.430,-0.018348,0.000000,0.000000,0.5600,,,TRACKING|w0 d0 L0
5.277704,129.088811500000,35.074427000000,508096.852,3881300.393,0.018,-2.675482,route_tangent,0,0.138,2.000,2,508094.848,3881299.430,-0.018348,0.000000,0.000000,0.5600,,,TRACKING|w0 d0 L0
5.327669,129.088811500000,35.074427000000,508096.852,3881300.393,0.018,-2.675482,route_tangent,0,0.138,2.000,2,508094.848,3881299.430,-0.018348,0.000000,0.000000,0.5600,,,TRACKING|w0 d0 L0
5.377789,129.088811500000,35.074426833333,508096.852,3881300.374,0.002,-2.675482,route_tangent,0,0.142,2.000,2,508094.848,3881299.430,-0.025870,0.000000,0.000000,0.5600,,,TRACKING|w0 d0 L0
5.427568,129.088811500000,35.074426833333,508096.852,3881300.374,0.002,-2.675482,route_tangent,0,0.142,2.000,2,508094.848,3881299.430,-0.025870,0.000000,0.000000,0.5600,,,TRACKING|w0 d0 L0
5.477656,129.088811500000,35.074426833333,508096.852,3881300.374,0.002,-2.675482,route_tangent,0,0.142,2.000,2,508094.848,3881299.430,-0.025870,0.000000,0.000000,0.5600,,,TRACKING|w0 d0 L0
5.527596,129.088811500000,35.074426833333,508096.852,3881300.374,0.002,-2.675482,route_tangent,0,0.142,2.000,2,508094.848,3881299.430,-0.025870,0.000000,0.000000,0.5600,,,TRACKING|w0 d0 L0
5.577749,129.088811500000,35.074426833333,508096.852,3881300.374,0.002,-2.675482,route_tangent,0,0.142,2.000,2,508094.848,3881299.430,-0.025870,0.000000,0.000000,0.5600,,,TRACKING|w0 d0 L0
5.627668,129.088811500000,35.074426833333,508096.852,3881300.374,0.016,-2.675482,route_tangent,0,0.142,2.000,2,508094.848,3881299.430,-0.025870,0.000000,0.000000,0.5600,,,TRACKING|w0 d0 L0
5.677553,129.088811500000,35.074426833333,508096.852,3881300.374,0.016,-2.675482,route_tangent,0,0.142,2.000,2,508094.848,3881299.430,-0.025870,0.000000,0.000000,0.5600,,,TRACKING|w0 d0 L0
5.727493,129.088811500000,35.074426833333,508096.852,3881300.374,0.016,-2.675482,route_tangent,0,0.142,2.000,2,508094.848,3881299.430,-0.025870,0.000000,0.000000,0.5600,,,TRACKING|w0 d0 L0
5.777615,129.088811500000,35.074426833333,508096.852,3881300.374,0.016,-2.675482,route_tangent,0,0.142,2.000,2,508094.848,3881299.430,-0.025870,0.000000,0.000000,0.5600,,,TRACKING|w0 d0 L0
5.828171,129.088811500000,35.074426833333,508096.852,3881300.374,0.016,-2.675482,route_tangent,0,0.142,2.000,2,508094.848,3881299.430,-0.025870,0.000000,0.000000,0.5600,,,TRACKING|w0 d0 L0
5.877466,129.088811500000,35.074426833333,508096.852,3881300.374,0.008,-2.675482,route_tangent,0,0.142,2.000,2,508094.848,3881299.430,-0.025870,0.000000,0.000000,0.5600,,,TRACKING|w0 d0 L0
5.928193,129.088811500000,35.074426833333,508096.852,3881300.374,0.008,-2.675482,route_tangent,0,0.142,2.000,2,508094.848,3881299.430,-0.025870,0.000000,0.000000,0.5600,,,TRACKING|w0 d0 L0
5.977503,129.088811500000,35.074426833333,508096.852,3881300.374,0.008,-2.675482,route_tangent,0,0.142,2.000,2,508094.848,3881299.430,-0.025870,0.000000,0.000000,0.5600,,,TRACKING|w0 d0 L0
6.027681,129.088811500000,35.074426833333,508096.852,3881300.374,0.008,-2.675482,route_tangent,0,0.142,2.000,2,508094.848,3881299.430,-0.025870,0.000000,0.000000,0.5600,,,TRACKING|w0 d0 L0
6.077650,129.088811500000,35.074426833333,508096.852,3881300.374,0.008,-2.675482,route_tangent,0,0.142,2.000,2,508094.848,3881299.430,-0.025870,0.000000,0.000000,0.5600,,,TRACKING|w0 d0 L0
6.127547,129.088811500000,35.074427000000,508096.852,3881300.393,0.006,-2.675482,route_tangent,0,0.138,2.000,2,508094.848,3881299.430,-0.018348,0.000000,0.000000,0.5600,,,TRACKING|w0 d0 L0
6.177692,129.088811500000,35.074427000000,508096.852,3881300.393,0.006,-2.675482,route_tangent,0,0.138,2.000,2,508094.848,3881299.430,-0.018348,0.000000,0.000000,0.5600,,,TRACKING|w0 d0 L0
6.227523,129.088811500000,35.074427000000,508096.852,3881300.393,0.006,-2.675482,route_tangent,0,0.138,2.000,2,508094.848,3881299.430,-0.018348,0.000000,0.000000,0.5600,,,TRACKING|w0 d0 L0
6.277785,129.088811500000,35.074427000000,508096.852,3881300.393,0.006,-2.675482,route_tangent,0,0.138,2.000,2,508094.848,3881299.430,-0.018348,0.000000,0.000000,0.5600,,,TRACKING|w0 d0 L0
6.327402,129.088811500000,35.074427000000,508096.852,3881300.393,0.016,-2.675482,route_tangent,0,0.138,2.000,2,508094.848,3881299.430,-0.018348,0.000000,0.000000,0.5600,,,TRACKING|w0 d0 L0
6.379473,129.088811500000,35.074427000000,508096.852,3881300.393,0.016,-2.675482,route_tangent,0,0.138,2.000,2,508094.848,3881299.430,-0.018348,0.000000,0.000000,0.5600,,,TRACKING|w0 d0 L0
6.427784,129.088811500000,35.074427000000,508096.852,3881300.393,0.016,-2.675482,route_tangent,0,0.138,2.000,2,508094.848,3881299.430,-0.018348,0.000000,0.000000,0.5600,,,TRACKING|w0 d0 L0
6.477509,129.088811500000,35.074427000000,508096.852,3881300.393,0.016,-2.675482,route_tangent,0,0.138,2.000,2,508094.848,3881299.430,-0.018348,0.000000,0.000000,0.5600,,,TRACKING|w0 d0 L0
6.527723,129.088811500000,35.074427000000,508096.852,3881300.393,0.016,-2.675482,route_tangent,0,0.138,2.000,2,508094.848,3881299.430,-0.018348,0.000000,0.000000,0.5600,,,TRACKING|w0 d0 L0
6.577568,129.088811500000,35.074426833333,508096.852,3881300.374,0.024,-2.675482,route_tangent,0,0.142,2.000,2,508094.848,3881299.430,-0.025870,0.000000,0.000000,0.5600,,,TRACKING|w0 d0 L0
6.629750,129.088811500000,35.074426833333,508096.852,3881300.374,0.024,-2.675482,route_tangent,0,0.142,2.000,2,508094.848,3881299.430,-0.025870,0.000000,0.000000,0.5600,,,TRACKING|w0 d0 L0
6.677636,129.088811500000,35.074426833333,508096.852,3881300.374,0.024,-2.675482,route_tangent,0,0.142,2.000,2,508094.848,3881299.430,-0.025870,0.000000,0.000000,0.5600,,,TRACKING|w0 d0 L0
6.727482,129.088811500000,35.074426833333,508096.852,3881300.374,0.024,-2.675482,route_tangent,0,0.142,2.000,2,508094.848,3881299.430,-0.025870,0.000000,0.000000,0.5600,,,TRACKING|w0 d0 L0
6.777677,129.088811500000,35.074426833333,508096.852,3881300.374,0.024,-2.675482,route_tangent,0,0.142,2.000,2,508094.848,3881299.430,-0.025870,0.000000,0.000000,0.5600,,,TRACKING|w0 d0 L0
6.827492,129.088811500000,35.074426833333,508096.852,3881300.374,0.024,-2.675482,route_tangent,0,0.142,2.000,2,508094.848,3881299.430,-0.025870,0.000000,0.000000,0.5600,,,TRACKING|w0 d0 L0
6.877845,129.088811500000,35.074427000000,508096.852,3881300.393,0.024,-2.675482,route_tangent,0,0.138,2.000,2,508094.848,3881299.430,-0.018348,0.000000,0.000000,0.5600,,,TRACKING|w0 d0 L0
6.927654,129.088811500000,35.074427000000,508096.852,3881300.393,0.024,-2.675482,route_tangent,0,0.138,2.000,2,508094.848,3881299.430,-0.018348,0.000000,0.000000,0.5600,,,TRACKING|w0 d0 L0
6.977686,129.088811500000,35.074427000000,508096.852,3881300.393,0.024,-2.675482,route_tangent,0,0.138,2.000,2,508094.848,3881299.430,-0.018348,0.000000,0.000000,0.5600,,,TRACKING|w0 d0 L0
7.027501,129.088811500000,35.074427000000,508096.852,3881300.393,0.024,-2.675482,route_tangent,0,0.138,2.000,2,508094.848,3881299.430,-0.018348,0.000000,0.000000,0.5600,,,TRACKING|w0 d0 L0
7.080311,129.088811500000,35.074427000000,508096.852,3881300.393,0.024,-2.675482,route_tangent,0,0.138,2.000,2,508094.848,3881299.430,-0.018348,0.000000,0.000000,0.5600,,,TRACKING|w0 d0 L0
7.127525,129.088811500000,35.074426833333,508096.852,3881300.374,0.007,-2.675482,route_tangent,0,0.142,2.000,2,508094.848,3881299.430,-0.025870,0.000000,0.000000,0.5600,,,TRACKING|w0 d0 L0
7.177950,129.088811500000,35.074426833333,508096.852,3881300.374,0.007,-2.675482,route_tangent,0,0.142,2.000,2,508094.848,3881299.430,-0.025870,0.000000,0.000000,0.5600,,,TRACKING|w0 d0 L0
7.227450,129.088811500000,35.074426833333,508096.852,3881300.374,0.007,-2.675482,route_tangent,0,0.142,2.000,2,508094.848,3881299.430,-0.025870,0.000000,0.000000,0.5600,,,TRACKING|w0 d0 L0
7.277569,129.088811500000,35.074426833333,508096.852,3881300.374,0.007,-2.675482,route_tangent,0,0.142,2.000,2,508094.848,3881299.430,-0.025870,0.000000,0.000000,0.5600,,,TRACKING|w0 d0 L0
7.327706,129.088811500000,35.074426833333,508096.852,3881300.374,0.007,-2.675482,route_tangent,0,0.142,2.000,2,508094.848,3881299.430,-0.025870,0.000000,0.000000,0.5600,,,TRACKING|w0 d0 L0
7.377518,129.088811500000,35.074426833333,508096.852,3881300.374,0.008,-2.675482,route_tangent,0,0.142,2.000,2,508094.848,3881299.430,-0.025870,0.000000,0.000000,0.5600,,,TRACKING|w0 d0 L0
7.427573,129.088811500000,35.074426833333,508096.852,3881300.374,0.008,-2.675482,route_tangent,0,0.142,2.000,2,508094.848,3881299.430,-0.025870,0.000000,0.000000,0.5600,,,TRACKING|w0 d0 L0
7.477530,129.088811500000,35.074426833333,508096.852,3881300.374,0.008,-2.675482,route_tangent,0,0.142,2.000,2,508094.848,3881299.430,-0.025870,0.000000,0.000000,0.5600,,,TRACKING|w0 d0 L0
7.527725,129.088811500000,35.074426833333,508096.852,3881300.374,0.008,-2.675482,route_tangent,0,0.142,2.000,2,508094.848,3881299.430,-0.025870,0.000000,0.000000,0.5600,,,TRACKING|w0 d0 L0
7.577693,129.088811500000,35.074426833333,508096.852,3881300.374,0.008,-2.675482,route_tangent,0,0.142,2.000,2,508094.848,3881299.430,-0.025870,0.000000,0.000000,0.5600,,,TRACKING|w0 d0 L0
7.627507,129.088811500000,35.074427000000,508096.852,3881300.393,0.025,-2.675482,route_tangent,0,0.138,2.000,2,508094.848,3881299.430,-0.018348,0.000000,0.000000,0.5600,,,TRACKING|w0 d0 L0
7.677690,129.088811500000,35.074427000000,508096.852,3881300.393,0.025,-2.675482,route_tangent,0,0.138,2.000,2,508094.848,3881299.430,-0.018348,0.000000,0.000000,0.5600,,,TRACKING|w0 d0 L0
7.727530,129.088811500000,35.074427000000,508096.852,3881300.393,0.025,-2.675482,route_tangent,0,0.138,2.000,2,508094.848,3881299.430,-0.018348,0.000000,0.000000,0.5600,,,TRACKING|w0 d0 L0
7.777658,129.088811500000,35.074427000000,508096.852,3881300.393,0.025,-2.675482,route_tangent,0,0.138,2.000,2,508094.848,3881299.430,-0.018348,0.000000,0.000000,0.5600,,,TRACKING|w0 d0 L0
7.827473,129.088811500000,35.074426833333,508096.852,3881300.374,0.014,-2.675482,route_tangent,0,0.142,2.000,2,508094.848,3881299.430,-0.025870,0.000000,0.000000,0.5600,,,TRACKING|w0 d0 L0
7.877706,129.088811500000,35.074426833333,508096.852,3881300.374,0.014,-2.675482,route_tangent,0,0.142,2.000,2,508094.848,3881299.430,-0.025870,0.000000,0.000000,0.5600,,,TRACKING|w0 d0 L0
7.927527,129.088811500000,35.074426833333,508096.852,3881300.374,0.014,-2.675482,route_tangent,0,0.142,2.000,2,508094.848,3881299.430,-0.025870,0.000000,0.000000,0.5600,,,TRACKING|w0 d0 L0
7.977678,129.088811500000,35.074426833333,508096.852,3881300.374,0.014,-2.675482,route_tangent,0,0.142,2.000,2,508094.848,3881299.430,-0.025870,0.000000,0.000000,0.5600,,,TRACKING|w0 d0 L0
8.027504,129.088811500000,35.074426833333,508096.852,3881300.374,0.014,-2.675482,route_tangent,0,0.142,2.000,2,508094.848,3881299.430,-0.025870,0.000000,0.000000,0.5600,,,TRACKING|w0 d0 L0
8.077453,129.088811500000,35.074426833333,508096.852,3881300.374,0.014,-2.675482,route_tangent,0,0.142,2.000,2,508094.848,3881299.430,-0.025870,0.000000,0.000000,0.5600,,,TRACKING|w0 d0 L0
8.127550,129.088811500000,35.074427000000,508096.852,3881300.393,0.001,-2.675482,route_tangent,0,0.138,2.000,2,508094.848,3881299.430,-0.018348,0.000000,0.000000,0.5600,,,TRACKING|w0 d0 L0
8.177534,129.088811500000,35.074427000000,508096.852,3881300.393,0.001,-2.675482,route_tangent,0,0.138,2.000,2,508094.848,3881299.430,-0.018348,0.000000,0.000000,0.5600,,,TRACKING|w0 d0 L0
8.227588,129.088811500000,35.074427000000,508096.852,3881300.393,0.001,-2.675482,route_tangent,0,0.138,2.000,2,508094.848,3881299.430,-0.018348,0.000000,0.000000,0.5600,,,TRACKING|w0 d0 L0
8.277466,129.088811500000,35.074427000000,508096.852,3881300.393,0.001,-2.675482,route_tangent,0,0.138,2.000,2,508094.848,3881299.430,-0.018348,0.000000,0.000000,0.5600,,,TRACKING|w0 d0 L0
8.327729,129.088811500000,35.074426833333,508096.852,3881300.374,0.017,-2.675482,route_tangent,0,0.142,2.000,2,508094.848,3881299.430,-0.025870,0.000000,0.000000,0.5600,,,TRACKING|w0 d0 L0
8.377672,129.088811500000,35.074426833333,508096.852,3881300.374,0.017,-2.675482,route_tangent,0,0.142,2.000,2,508094.848,3881299.430,-0.025870,0.000000,0.000000,0.5600,,,TRACKING|w0 d0 L0
8.427496,129.088811500000,35.074426833333,508096.852,3881300.374,0.017,-2.675482,route_tangent,0,0.142,2.000,2,508094.848,3881299.430,-0.025870,0.000000,0.000000,0.5600,,,TRACKING|w0 d0 L0
8.477649,129.088811500000,35.074426833333,508096.852,3881300.374,0.017,-2.675482,route_tangent,0,0.142,2.000,2,508094.848,3881299.430,-0.025870,0.000000,0.000000,0.5600,,,TRACKING|w0 d0 L0
8.527548,129.088811500000,35.074426833333,508096.852,3881300.374,0.017,-2.675482,route_tangent,0,0.142,2.000,2,508094.848,3881299.430,-0.025870,0.000000,0.000000,0.5600,,,TRACKING|w0 d0 L0
8.577556,129.088811500000,35.074427000000,508096.852,3881300.393,0.013,-2.675482,route_tangent,0,0.138,2.000,2,508094.848,3881299.430,-0.018348,0.000000,0.000000,0.5600,,,TRACKING|w0 d0 L0
8.627447,129.088811500000,35.074427000000,508096.852,3881300.393,0.013,-2.675482,route_tangent,0,0.138,2.000,2,508094.848,3881299.430,-0.018348,0.000000,0.000000,0.5600,,,TRACKING|w0 d0 L0
8.677608,129.088811500000,35.074427000000,508096.852,3881300.393,0.013,-2.675482,route_tangent,0,0.138,2.000,2,508094.848,3881299.430,-0.018348,0.000000,0.000000,0.5600,,,TRACKING|w0 d0 L0
8.727607,129.088811500000,35.074427000000,508096.852,3881300.393,0.013,-2.675482,route_tangent,0,0.138,2.000,2,508094.848,3881299.430,-0.018348,0.000000,0.000000,0.5600,,,TRACKING|w0 d0 L0
8.778828,129.088811500000,35.074427000000,508096.852,3881300.393,0.013,-2.675482,route_tangent,0,0.138,2.000,2,508094.848,3881299.430,-0.018348,0.000000,0.000000,0.5600,,,TRACKING|w0 d0 L0
8.827702,129.088811500000,35.074427000000,508096.852,3881300.393,0.013,-2.675482,route_tangent,0,0.138,2.000,2,508094.848,3881299.430,-0.018348,0.000000,0.000000,0.5600,,,TRACKING|w0 d0 L0
8.877507,129.088811500000,35.074427000000,508096.852,3881300.393,0.013,-2.675482,route_tangent,0,0.138,2.000,2,508094.848,3881299.430,-0.018348,0.000000,0.000000,0.5600,,,TRACKING|w0 d0 L0
8.927587,129.088811500000,35.074427000000,508096.852,3881300.393,0.013,-2.675482,route_tangent,0,0.138,2.000,2,508094.848,3881299.430,-0.018348,0.000000,0.000000,0.5600,,,TRACKING|w0 d0 L0
8.977542,129.088811500000,35.074427000000,508096.852,3881300.393,0.013,-2.675482,route_tangent,0,0.138,2.000,2,508094.848,3881299.430,-0.018348,0.000000,0.000000,0.5600,,,TRACKING|w0 d0 L0
9.028800,129.088811500000,35.074427000000,508096.852,3881300.393,0.013,-2.675482,route_tangent,0,0.138,2.000,2,508094.848,3881299.430,-0.018348,0.000000,0.000000,0.5600,,,TRACKING|w0 d0 L0
9.077505,129.088811500000,35.074427000000,508096.852,3881300.393,0.013,-2.675482,route_tangent,0,0.138,2.000,2,508094.848,3881299.430,-0.018348,0.000000,0.000000,0.5600,,,TRACKING|w0 d0 L0
9.127644,129.088811500000,35.074427000000,508096.852,3881300.393,0.011,-2.675482,route_tangent,0,0.138,2.000,2,508094.848,3881299.430,-0.018348,0.000000,0.000000,0.5600,,,TRACKING|w0 d0 L0
9.177521,129.088811500000,35.074427000000,508096.852,3881300.393,0.011,-2.675482,route_tangent,0,0.138,2.000,2,508094.848,3881299.430,-0.018348,0.000000,0.000000,0.5600,,,TRACKING|w0 d0 L0
9.227575,129.088811500000,35.074427000000,508096.852,3881300.393,0.011,-2.675482,route_tangent,0,0.138,2.000,2,508094.848,3881299.430,-0.018348,0.000000,0.000000,0.5600,,,TRACKING|w0 d0 L0
9.277658,129.088811500000,35.074427000000,508096.852,3881300.393,0.011,-2.675482,route_tangent,0,0.138,2.000,2,508094.848,3881299.430,-0.018348,0.000000,0.000000,0.5600,,,TRACKING|w0 d0 L0
9.328683,129.088811500000,35.074426833333,508096.852,3881300.374,0.006,-2.675482,route_tangent,0,0.142,2.000,2,508094.848,3881299.430,-0.025870,0.000000,0.000000,0.5600,,,TRACKING|w0 d0 L0
9.377723,129.088811500000,35.074426833333,508096.852,3881300.374,0.006,-2.675482,route_tangent,0,0.142,2.000,2,508094.848,3881299.430,-0.025870,0.000000,0.000000,0.5600,,,TRACKING|w0 d0 L0
9.427449,129.088811500000,35.074426833333,508096.852,3881300.374,0.006,-2.675482,route_tangent,0,0.142,2.000,2,508094.848,3881299.430,-0.025870,0.000000,0.000000,0.5600,,,TRACKING|w0 d0 L0
9.477689,129.088811500000,35.074426833333,508096.852,3881300.374,0.006,-2.675482,route_tangent,0,0.142,2.000,2,508094.848,3881299.430,-0.025870,0.000000,0.000000,0.5600,,,TRACKING|w0 d0 L0
9.527568,129.088811500000,35.074426833333,508096.852,3881300.374,0.006,-2.675482,route_tangent,0,0.142,2.000,2,508094.848,3881299.430,-0.025870,0.000000,0.000000,0.5600,,,TRACKING|w0 d0 L0
9.577649,129.088811500000,35.074427000000,508096.852,3881300.393,0.018,-2.675482,route_tangent,0,0.138,2.000,2,508094.848,3881299.430,-0.018348,0.000000,0.000000,0.5600,,,TRACKING|w0 d0 L0
9.627476,129.088811500000,35.074427000000,508096.852,3881300.393,0.018,-2.675482,route_tangent,0,0.138,2.000,2,508094.848,3881299.430,-0.018348,0.000000,0.000000,0.5600,,,TRACKING|w0 d0 L0
9.677597,129.088811500000,35.074427000000,508096.852,3881300.393,0.018,-2.675482,route_tangent,0,0.138,2.000,2,508094.848,3881299.430,-0.018348,0.000000,0.000000,0.5600,,,TRACKING|w0 d0 L0
9.727539,129.088811500000,35.074427000000,508096.852,3881300.393,0.018,-2.675482,route_tangent,0,0.138,2.000,2,508094.848,3881299.430,-0.018348,0.000000,0.000000,0.5600,,,TRACKING|w0 d0 L0
9.777444,129.088811500000,35.074427000000,508096.852,3881300.393,0.018,-2.675482,route_tangent,0,0.138,2.000,2,508094.848,3881299.430,-0.018348,0.000000,0.000000,0.5600,,,TRACKING|w0 d0 L0
9.827525,129.088811500000,35.074427000000,508096.852,3881300.393,0.015,-2.675482,route_tangent,0,0.138,2.000,2,508094.848,3881299.430,-0.018348,0.000000,0.000000,0.5600,,,TRACKING|w0 d0 L0
9.877538,129.088811500000,35.074427000000,508096.852,3881300.393,0.015,-2.675482,route_tangent,0,0.138,2.000,2,508094.848,3881299.430,-0.018348,0.000000,0.000000,0.5600,,,TRACKING|w0 d0 L0
9.928364,129.088811500000,35.074427000000,508096.852,3881300.393,0.015,-2.675482,route_tangent,0,0.138,2.000,2,508094.848,3881299.430,-0.018348,0.000000,0.000000,0.5600,,,TRACKING|w0 d0 L0
9.977450,129.088811500000,35.074427000000,508096.852,3881300.393,0.015,-2.675482,route_tangent,0,0.138,2.000,2,508094.848,3881299.430,-0.018348,0.000000,0.000000,0.5600,,,TRACKING|w0 d0 L0
10.027571,129.088811500000,35.074427000000,508096.852,3881300.393,0.015,-2.675482,route_tangent,0,0.138,2.000,2,508094.848,3881299.430,-0.018348,0.000000,0.000000,0.5600,,,TRACKING|w0 d0 L0
10.077442,129.088811500000,35.074427000000,508096.852,3881300.393,0.009,-2.675482,route_tangent,0,0.138,2.000,2,508094.848,3881299.430,-0.018348,0.000000,0.000000,0.5600,,,TRACKING|w0 d0 L0
10.127816,129.088811500000,35.074426833333,508096.852,3881300.374,0.009,-2.675482,route_tangent,0,0.142,2.000,2,508094.848,3881299.430,-0.025870,0.000000,0.000000,0.5600,,,TRACKING|w0 d0 L0
10.177650,129.088811500000,35.074426833333,508096.852,3881300.374,0.009,-2.675482,route_tangent,0,0.142,2.000,2,508094.848,3881299.430,-0.025870,0.000000,0.000000,0.5600,,,TRACKING|w0 d0 L0
10.227514,129.088811500000,35.074426833333,508096.852,3881300.374,0.009,-2.675482,route_tangent,0,0.142,2.000,2,508094.848,3881299.430,-0.025870,0.000000,0.000000,0.5600,,,TRACKING|w0 d0 L0
10.277627,129.088811500000,35.074426833333,508096.852,3881300.374,0.009,-2.675482,route_tangent,0,0.142,2.000,2,508094.848,3881299.430,-0.025870,0.000000,0.000000,0.5600,,,TRACKING|w0 d0 L0
10.327530,129.088811500000,35.074427000000,508096.852,3881300.393,0.010,-2.675482,route_tangent,0,0.138,2.000,2,508094.848,3881299.430,-0.018348,0.000000,0.000000,0.5600,,,TRACKING|w0 d0 L0
10.377636,129.088811500000,35.074427000000,508096.852,3881300.393,0.010,-2.675482,route_tangent,0,0.138,2.000,2,508094.848,3881299.430,-0.018348,0.000000,0.000000,0.5600,,,TRACKING|w0 d0 L0
10.427504,129.088811500000,35.074427000000,508096.852,3881300.393,0.010,-2.675482,route_tangent,0,0.138,2.000,2,508094.848,3881299.430,-0.018348,0.000000,0.000000,0.5600,,,TRACKING|w0 d0 L0
10.477453,129.088811500000,35.074427000000,508096.852,3881300.393,0.010,-2.675482,route_tangent,0,0.138,2.000,2,508094.848,3881299.430,-0.018348,0.000000,0.000000,0.5600,,,TRACKING|w0 d0 L0
10.527573,129.088811500000,35.074427000000,508096.852,3881300.393,0.010,-2.675482,route_tangent,0,0.138,2.000,2,508094.848,3881299.430,-0.018348,0.000000,0.000000,0.5600,,,TRACKING|w0 d0 L0
10.577522,129.088811500000,35.074427000000,508096.852,3881300.393,0.014,-2.675482,route_tangent,0,0.138,2.000,2,508094.848,3881299.430,-0.018348,0.000000,0.000000,0.5600,,,TRACKING|w0 d0 L0
10.627619,129.088811500000,35.074427000000,508096.852,3881300.393,0.014,-2.675482,route_tangent,0,0.138,2.000,2,508094.848,3881299.430,-0.018348,0.000000,0.000000,0.5600,,,TRACKING|w0 d0 L0
10.677496,129.088811500000,35.074427000000,508096.852,3881300.393,0.014,-2.675482,route_tangent,0,0.138,2.000,2,508094.848,3881299.430,-0.018348,0.000000,0.000000,0.5600,,,TRACKING|w0 d0 L0
10.727568,129.088811500000,35.074427000000,508096.852,3881300.393,0.014,-2.675482,route_tangent,0,0.138,2.000,2,508094.848,3881299.430,-0.018348,0.000000,0.000000,0.5600,,,TRACKING|w0 d0 L0
10.777492,129.088811500000,35.074427000000,508096.852,3881300.393,0.014,-2.675482,route_tangent,0,0.138,2.000,2,508094.848,3881299.430,-0.018348,0.000000,0.000000,0.5600,,,TRACKING|w0 d0 L0
10.827605,129.088811500000,35.074427000000,508096.852,3881300.393,0.014,-2.675482,route_tangent,0,0.138,2.000,2,508094.848,3881299.430,-0.018348,0.000000,0.000000,0.5600,,,TRACKING|w0 d0 L0
10.877741,129.088811500000,35.074426833333,508096.852,3881300.374,0.008,-2.675482,route_tangent,0,0.142,2.000,2,508094.848,3881299.430,-0.025870,0.000000,0.000000,0.5600,,,TRACKING|w0 d0 L0
10.927797,129.088811500000,35.074426833333,508096.852,3881300.374,0.008,-2.675482,route_tangent,0,0.142,2.000,2,508094.848,3881299.430,-0.025870,0.000000,0.000000,0.5600,,,TRACKING|w0 d0 L0
10.977561,129.088811500000,35.074426833333,508096.852,3881300.374,0.008,-2.675482,route_tangent,0,0.142,2.000,2,508094.848,3881299.430,-0.025870,0.000000,0.000000,0.5600,,,TRACKING|w0 d0 L0
11.027504,129.088811500000,35.074426833333,508096.852,3881300.374,0.008,-2.675482,route_tangent,0,0.142,2.000,2,508094.848,3881299.430,-0.025870,0.000000,0.000000,0.5600,,,TRACKING|w0 d0 L0
11.077569,129.088811500000,35.074426833333,508096.852,3881300.374,0.008,-2.675482,route_tangent,0,0.142,2.000,2,508094.848,3881299.430,-0.025870,0.000000,0.000000,0.5600,,,TRACKING|w0 d0 L0
11.127554,129.088811500000,35.074426833333,508096.852,3881300.374,0.012,-2.675482,route_tangent,0,0.142,2.000,2,508094.848,3881299.430,-0.025870,0.000000,0.000000,0.5600,,,TRACKING|w0 d0 L0
11.177591,129.088811500000,35.074426833333,508096.852,3881300.374,0.012,-2.675482,route_tangent,0,0.142,2.000,2,508094.848,3881299.430,-0.025870,0.000000,0.000000,0.5600,,,TRACKING|w0 d0 L0
11.227550,129.088811500000,35.074426833333,508096.852,3881300.374,0.012,-2.675482,route_tangent,0,0.142,2.000,2,508094.848,3881299.430,-0.025870,0.000000,0.000000,0.5600,,,TRACKING|w0 d0 L0
11.278937,129.088811500000,35.074426833333,508096.852,3881300.374,0.012,-2.675482,route_tangent,0,0.142,2.000,2,508094.848,3881299.430,-0.025870,0.000000,0.000000,0.5600,,,TRACKING|w0 d0 L0
11.327582,129.088811500000,35.074426833333,508096.852,3881300.374,0.023,-2.675482,route_tangent,0,0.142,2.000,2,508094.848,3881299.430,-0.025870,0.000000,0.000000,0.5600,,,TRACKING|w0 d0 L0
11.377559,129.088811500000,35.074426833333,508096.852,3881300.374,0.023,-2.675482,route_tangent,0,0.142,2.000,2,508094.848,3881299.430,-0.025870,0.000000,0.000000,0.5600,,,TRACKING|w0 d0 L0
11.427950,129.088811500000,35.074426833333,508096.852,3881300.374,0.023,-2.675482,route_tangent,0,0.142,2.000,2,508094.848,3881299.430,-0.025870,0.000000,0.000000,0.5600,,,TRACKING|w0 d0 L0
11.477482,129.088811500000,35.074426833333,508096.852,3881300.374,0.023,-2.675482,route_tangent,0,0.142,2.000,2,508094.848,3881299.430,-0.025870,0.000000,0.000000,0.5600,,,TRACKING|w0 d0 L0
11.527619,129.088811500000,35.074426833333,508096.852,3881300.374,0.023,-2.675482,route_tangent,0,0.142,2.000,2,508094.848,3881299.430,-0.025870,0.000000,0.000000,0.5600,,,TRACKING|w0 d0 L0
11.577431,129.088811500000,35.074426833333,508096.852,3881300.374,0.004,-2.675482,route_tangent,0,0.142,2.000,2,508094.848,3881299.430,-0.025870,0.000000,0.000000,0.5600,,,TRACKING|w0 d0 L0
11.628773,129.088811500000,35.074426833333,508096.852,3881300.374,0.004,-2.675482,route_tangent,0,0.142,2.000,2,508094.848,3881299.430,-0.025870,0.000000,0.000000,0.5600,,,TRACKING|w0 d0 L0
11.677718,129.088811500000,35.074426833333,508096.852,3881300.374,0.004,-2.675482,route_tangent,0,0.142,2.000,2,508094.848,3881299.430,-0.025870,0.000000,0.000000,0.5600,,,TRACKING|w0 d0 L0
11.727848,129.088811500000,35.074426833333,508096.852,3881300.374,0.004,-2.675482,route_tangent,0,0.142,2.000,2,508094.848,3881299.430,-0.025870,0.000000,0.000000,0.5600,,,TRACKING|w0 d0 L0
11.777738,129.088811500000,35.074426833333,508096.852,3881300.374,0.004,-2.675482,route_tangent,0,0.142,2.000,2,508094.848,3881299.430,-0.025870,0.000000,0.000000,0.5600,,,TRACKING|w0 d0 L0
11.827442,129.088811500000,35.074426833333,508096.852,3881300.374,0.006,-2.675482,route_tangent,0,0.142,2.000,2,508094.848,3881299.430,-0.025870,0.000000,0.000000,0.5600,,,TRACKING|w0 d0 L0
11.877568,129.088811500000,35.074426833333,508096.852,3881300.374,0.006,-2.675482,route_tangent,0,0.142,2.000,2,508094.848,3881299.430,-0.025870,0.000000,0.000000,0.5600,,,TRACKING|w0 d0 L0
11.927554,129.088811500000,35.074426833333,508096.852,3881300.374,0.006,-2.675482,route_tangent,0,0.142,2.000,2,508094.848,3881299.430,-0.025870,0.000000,0.000000,0.5600,,,TRACKING|w0 d0 L0
11.977561,129.088811500000,35.074426833333,508096.852,3881300.374,0.006,-2.675482,route_tangent,0,0.142,2.000,2,508094.848,3881299.430,-0.025870,0.000000,0.000000,0.5600,,,TRACKING|w0 d0 L0
12.027581,129.088811500000,35.074426833333,508096.852,3881300.374,0.006,-2.675482,route_tangent,0,0.142,2.000,2,508094.848,3881299.430,-0.025870,0.000000,0.000000,0.5600,,,TRACKING|w0 d0 L0
12.077608,129.088811500000,35.074426833333,508096.852,3881300.374,0.006,-2.675482,route_tangent,0,0.142,2.000,2,508094.848,3881299.430,-0.025870,0.000000,0.000000,0.5600,,,TRACKING|w0 d0 L0
12.127749,129.088811500000,35.074426833333,508096.852,3881300.374,0.014,-2.675482,route_tangent,0,0.142,2.000,2,508094.848,3881299.430,-0.025870,0.000000,0.000000,0.5600,,,TRACKING|w0 d0 L0
12.177472,129.088811500000,35.074426833333,508096.852,3881300.374,0.014,-2.675482,route_tangent,0,0.142,2.000,2,508094.848,3881299.430,-0.025870,0.000000,0.000000,0.5600,,,TRACKING|w0 d0 L0
12.229774,129.088811500000,35.074426833333,508096.852,3881300.374,0.014,-2.675482,route_tangent,0,0.142,2.000,2,508094.848,3881299.430,-0.025870,0.000000,0.000000,0.5600,,,TRACKING|w0 d0 L0
12.277499,129.088811500000,35.074426833333,508096.852,3881300.374,0.014,-2.675482,route_tangent,0,0.142,2.000,2,508094.848,3881299.430,-0.025870,0.000000,0.000000,0.5600,,,TRACKING|w0 d0 L0
12.327794,129.088811500000,35.074426833333,508096.852,3881300.374,0.014,-2.675482,route_tangent,0,0.142,2.000,2,508094.848,3881299.430,-0.025870,0.000000,0.000000,0.5600,,,TRACKING|w0 d0 L0
12.377511,129.088811500000,35.074426833333,508096.852,3881300.374,0.014,-2.675482,route_tangent,0,0.142,2.000,2,508094.848,3881299.430,-0.025870,0.000000,0.000000,0.5600,,,TRACKING|w0 d0 L0
12.428086,129.088811500000,35.074426833333,508096.852,3881300.374,0.014,-2.675482,route_tangent,0,0.142,2.000,2,508094.848,3881299.430,-0.025870,0.000000,0.000000,0.5600,,,TRACKING|w0 d0 L0
12.477964,129.088811500000,35.074426833333,508096.852,3881300.374,0.014,-2.675482,route_tangent,0,0.142,2.000,2,508094.848,3881299.430,-0.025870,0.000000,0.000000,0.5600,,,TRACKING|w0 d0 L0
12.527466,129.088811500000,35.074426833333,508096.852,3881300.374,0.014,-2.675482,route_tangent,0,0.142,2.000,2,508094.848,3881299.430,-0.025870,0.000000,0.000000,0.5600,,,TRACKING|w0 d0 L0
12.577649,129.088811333333,35.074426833333,508096.837,3881300.374,0.038,-2.675482,route_tangent,0,0.127,2.000,2,508094.848,3881299.430,-0.022935,0.000000,0.000000,0.5600,,,TRACKING|w0 d0 L0
12.627496,129.088811333333,35.074426833333,508096.837,3881300.374,0.038,-2.675482,route_tangent,0,0.127,2.000,2,508094.848,3881299.430,-0.022935,0.000000,0.000000,0.5600,,,TRACKING|w0 d0 L0
12.677565,129.088811333333,35.074426833333,508096.837,3881300.374,0.038,-2.675482,route_tangent,0,0.127,2.000,2,508094.848,3881299.430,-0.022935,0.000000,0.000000,0.5600,,,TRACKING|w0 d0 L0
12.727431,129.088811333333,35.074426833333,508096.837,3881300.374,0.038,-2.675482,route_tangent,0,0.127,2.000,2,508094.848,3881299.430,-0.022935,0.000000,0.000000,0.5600,,,TRACKING|w0 d0 L0
12.777594,129.088811333333,35.074426833333,508096.837,3881300.374,0.038,-2.675482,route_tangent,0,0.127,2.000,2,508094.848,3881299.430,-0.022935,0.000000,0.000000,0.5600,,,TRACKING|w0 d0 L0
12.827512,129.088811333333,35.074426833333,508096.837,3881300.374,0.060,-2.675482,route_tangent,0,0.127,2.000,2,508094.848,3881299.430,-0.022935,0.000000,0.000000,0.5600,,,TRACKING|w0 d0 L0
12.877538,129.088811333333,35.074426833333,508096.837,3881300.374,0.060,-2.675482,route_tangent,0,0.127,2.000,2,508094.848,3881299.430,-0.022935,0.000000,0.000000,0.5600,,,TRACKING|w0 d0 L0
12.927919,129.088811333333,35.074426833333,508096.837,3881300.374,0.060,-2.675482,route_tangent,0,0.127,2.000,2,508094.848,3881299.430,-0.022935,0.000000,0.000000,0.5600,,,TRACKING|w0 d0 L0
12.977523,129.088811333333,35.074426833333,508096.837,3881300.374,0.060,-2.675482,route_tangent,0,0.127,2.000,2,508094.848,3881299.430,-0.022935,0.000000,0.000000,0.5600,,,TRACKING|w0 d0 L0
13.027623,129.088811333333,35.074426833333,508096.837,3881300.374,0.060,-2.675482,route_tangent,0,0.127,2.000,2,508094.848,3881299.430,-0.022935,0.000000,0.000000,0.5600,,,TRACKING|w0 d0 L0
13.077522,129.088811333333,35.074426833333,508096.837,3881300.374,0.060,-2.675482,route_tangent,0,0.127,2.000,2,508094.848,3881299.430,-0.022935,0.000000,0.000000,0.5600,,,TRACKING|w0 d0 L0
13.127719,129.088811000000,35.074426666667,508096.807,3881300.356,0.141,1.570796,gps_course,0,0.107,2.000,2,508094.848,3881299.430,2.012266,-0.260000,-0.030118,0.5600,,,TRACKING|w0 d0 L0
13.177464,129.088811000000,35.074426666667,508096.807,3881300.356,0.141,1.570796,gps_course,0,0.107,2.000,2,508094.848,3881299.430,2.012266,-0.260000,-0.059965,0.5600,,,TRACKING|w0 d0 L0
13.227523,129.088811000000,35.074426666667,508096.807,3881300.356,0.141,1.570796,gps_course,0,0.107,2.000,2,508094.848,3881299.430,2.012266,-0.260000,-0.090001,0.5600,,,TRACKING|w0 d0 L0
13.277747,129.088811000000,35.074426666667,508096.807,3881300.356,0.141,1.570796,gps_course,0,0.107,2.000,2,508094.848,3881299.430,2.012266,-0.260000,-0.120135,0.5600,,,TRACKING|w0 d0 L0
13.327662,129.088810500000,35.074426333333,508096.761,3881300.319,0.195,1.814127,gps_course,0,0.103,2.000,2,508094.848,3881299.430,1.762303,-0.260000,-0.150084,0.5600,,,TRACKING|w0 d0 L0
13.377701,129.088810500000,35.074426333333,508096.761,3881300.319,0.195,1.814127,gps_course,0,0.103,2.000,2,508094.848,3881299.430,1.762303,-0.260000,-0.180107,0.5600,,,TRACKING|w0 d0 L0
13.427443,129.088810500000,35.074426333333,508096.761,3881300.319,0.195,1.814127,gps_course,0,0.103,2.000,2,508094.848,3881299.430,1.762303,-0.260000,-0.209952,0.5600,,,TRACKING|w0 d0 L0
13.477663,129.088810500000,35.074426333333,508096.761,3881300.319,0.195,1.814127,gps_course,0,0.103,2.000,2,508094.848,3881299.430,1.762303,-0.260000,-0.229971,0.5600,,,TRACKING|w0 d0 L0
13.527555,129.088810500000,35.074426333333,508096.761,3881300.319,0.195,1.814127,gps_course,0,0.103,2.000,2,508094.848,3881299.430,1.762303,-0.260000,-0.241983,0.5600,,,TRACKING|w0 d0 L0
13.577676,129.088810000000,35.074426166667,508096.716,3881300.300,0.182,2.062625,gps_course,0,0.111,2.000,2,508094.848,3881299.430,1.514967,-0.260000,-0.249190,0.5600,,,TRACKING|w0 d0 L0
13.627639,129.088810000000,35.074426166667,508096.716,3881300.300,0.182,2.062625,gps_course,0,0.111,2.000,2,508094.848,3881299.430,1.514967,-0.260000,-0.253514,0.5600,,,TRACKING|w0 d0 L0
13.677584,129.088810000000,35.074426166667,508096.716,3881300.300,0.182,2.062625,gps_course,0,0.111,2.000,2,508094.848,3881299.430,1.514967,-0.260000,-0.256108,0.5600,,,TRACKING|w0 d0 L0
13.727666,129.088810000000,35.074426166667,508096.716,3881300.300,0.182,2.062625,gps_course,0,0.111,2.000,2,508094.848,3881299.430,1.514967,-0.260000,-0.257665,0.5600,,,TRACKING|w0 d0 L0
13.777491,129.088810000000,35.074426166667,508096.716,3881300.300,0.182,2.062625,gps_course,0,0.111,2.000,2,508094.848,3881299.430,1.514967,-0.260000,-0.258599,0.5600,,,TRACKING|w0 d0 L0
13.827601,129.088809500000,35.074425833333,508096.670,3881300.263,0.214,2.309970,gps_course,0,0.155,2.000,2,508094.848,3881299.430,1.260483,-0.260000,-0.259159,0.5600,,,TRACKING|w0 d0 L0
13.877498,129.088809500000,35.074425833333,508096.670,3881300.263,0.214,2.309970,gps_course,0,0.155,2.000,2,508094.848,3881299.430,1.260483,-0.260000,-0.259496,0.5600,,,TRACKING|w0 d0 L0
13.928130,129.088809500000,35.074425833333,508096.670,3881300.263,0.214,2.309970,gps_course,0,0.155,2.000,2,508094.848,3881299.430,1.260483,-0.260000,-0.259697,0.5600,,,TRACKING|w0 d0 L0
13.977480,129.088809500000,35.074425833333,508096.670,3881300.263,0.214,2.309970,gps_course,0,0.155,2.000,2,508094.848,3881299.430,1.260483,-0.260000,-0.259818,0.5600,,,TRACKING|w0 d0 L0
14.027545,129.088809500000,35.074425833333,508096.670,3881300.263,0.214,2.309970,gps_course,0,0.155,2.000,2,508094.848,3881299.430,1.260483,-0.260000,-0.259891,0.5600,,,TRACKING|w0 d0 L0
14.077486,129.088809500000,35.074425833333,508096.670,3881300.263,0.214,2.309970,gps_course,0,0.155,2.000,2,508094.848,3881299.430,1.260483,-0.260000,-0.259935,0.5600,,,TRACKING|w0 d0 L0
14.128277,129.088808833333,35.074425666667,508096.609,3881300.245,0.238,2.571372,gps_course,0,0.197,2.000,3,508093.952,3881298.948,1.023937,-0.260000,-0.259961,0.5600,,,TRACKING|w0 d0 L0
14.177695,129.088808833333,35.074425666667,508096.609,3881300.245,0.238,2.571372,gps_course,0,0.197,2.000,3,508093.952,3881298.948,1.023937,-0.260000,-0.259976,0.5600,,,TRACKING|w0 d0 L0
14.227501,129.088808833333,35.074425666667,508096.609,3881300.245,0.238,2.571372,gps_course,0,0.197,2.000,3,508093.952,3881298.948,1.023937,-0.260000,-0.259986,0.5600,,,TRACKING|w0 d0 L0
14.277640,129.088808833333,35.074425666667,508096.609,3881300.245,0.238,2.571372,gps_course,0,0.197,2.000,3,508093.952,3881298.948,1.023937,-0.260000,-0.259992,0.5600,,,TRACKING|w0 d0 L0
14.327486,129.088808166667,35.074425333333,508096.549,3881300.208,0.291,2.813524,gps_course,0,0.263,2.000,3,508093.952,3881298.948,0.779481,-0.260000,-0.259995,0.5600,,,TRACKING|w0 d0 L0
14.377809,129.088808166667,35.074425333333,508096.549,3881300.208,0.291,2.813524,gps_course,0,0.263,2.000,3,508093.952,3881298.948,0.779481,-0.260000,-0.259997,0.5600,,,TRACKING|w0 d0 L0
14.427644,129.088808166667,35.074425333333,508096.549,3881300.208,0.291,2.813524,gps_course,0,0.263,2.000,3,508093.952,3881298.948,0.779481,-0.260000,-0.259998,0.5600,,,TRACKING|w0 d0 L0
14.477545,129.088808166667,35.074425333333,508096.549,3881300.208,0.291,2.813524,gps_course,0,0.263,2.000,3,508093.952,3881298.948,0.779481,-0.260000,-0.259999,0.5600,,,TRACKING|w0 d0 L0
14.527527,129.088808166667,35.074425333333,508096.549,3881300.208,0.291,2.813524,gps_course,0,0.263,2.000,3,508093.952,3881298.948,0.779481,-0.260000,-0.259999,0.5600,,,TRACKING|w0 d0 L0
14.577435,129.088807500000,35.074425000000,508096.488,3881300.171,0.300,3.062603,gps_course,0,0.331,2.000,3,508093.952,3881298.948,0.527983,-0.253856,-0.257542,0.5600,,,TRACKING|w0 d0 L0
14.627642,129.088807500000,35.074425000000,508096.488,3881300.171,0.300,3.062603,gps_course,0,0.331,2.000,3,508093.952,3881298.948,0.527983,-0.253856,-0.256068,0.5600,,,TRACKING|w0 d0 L0
14.677539,129.088807500000,35.074425000000,508096.488,3881300.171,0.300,3.062603,gps_course,0,0.331,2.000,3,508093.952,3881298.948,0.527983,-0.253856,-0.255183,0.5600,,,TRACKING|w0 d0 L0
14.730932,129.088807500000,35.074425000000,508096.488,3881300.171,0.300,3.062603,gps_course,0,0.331,2.000,3,508093.952,3881298.948,0.527983,-0.253856,-0.254652,0.5600,,,TRACKING|w0 d0 L0
14.777561,129.088807500000,35.074425000000,508096.488,3881300.171,0.300,3.062603,gps_course,0,0.331,2.000,3,508093.952,3881298.948,0.527983,-0.253856,-0.254334,0.5600,,,TRACKING|w0 d0 L0
14.827362,129.088806666667,35.074424666667,508096.412,3881300.133,0.327,-2.966453,gps_course,0,0.411,2.000,3,508093.952,3881298.948,0.273707,-0.142539,-0.224454,0.5600,,,TRACKING|w0 d0 L0
14.877726,129.088806666667,35.074424666667,508096.412,3881300.133,0.327,-2.966453,gps_course,0,0.411,2.000,3,508093.952,3881298.948,0.273707,-0.142539,-0.194235,0.5600,,,TRACKING|w0 d0 L0
14.927551,129.088806666667,35.074424666667,508096.412,3881300.133,0.327,-2.966453,gps_course,0,0.411,2.000,3,508093.952,3881298.948,0.273707,-0.142539,-0.173557,0.5600,,,TRACKING|w0 d0 L0
14.977756,129.088806666667,35.074424666667,508096.412,3881300.133,0.327,-2.966453,gps_course,0,0.411,2.000,3,508093.952,3881298.948,0.273707,-0.142539,-0.161150,0.5600,,,TRACKING|w0 d0 L0
15.027536,129.088806666667,35.074424666667,508096.412,3881300.133,0.327,-2.966453,gps_course,0,0.411,2.000,3,508093.952,3881298.948,0.273707,-0.142539,-0.153706,0.5600,,,TRACKING|w0 d0 L0
15.078338,129.088806666667,35.074424666667,508096.412,3881300.133,0.327,-2.966453,gps_course,0,0.411,2.000,3,508093.952,3881298.948,0.273707,-0.142539,-0.149239,0.5600,,,TRACKING|w0 d0 L0
15.127582,129.088806000000,35.074424166667,508096.351,3881300.078,0.348,-2.706346,gps_course,0,0.494,2.000,3,508093.952,3881298.948,0.004682,0.000000,-0.119693,0.5600,,,TRACKING|w0 d0 L0
15.177574,129.088806000000,35.074424166667,508096.351,3881300.078,0.348,-2.706346,gps_course,0,0.494,2.000,3,508093.952,3881298.948,0.004682,0.000000,-0.089698,0.5600,,,TRACKING|w0 d0 L0
15.227635,129.088806000000,35.074424166667,508096.351,3881300.078,0.348,-2.706346,gps_course,0,0.494,2.000,3,508093.952,3881298.948,0.004682,0.000000,-0.059661,0.5600,,,TRACKING|w0 d0 L0
15.277448,129.088806000000,35.074424166667,508096.351,3881300.078,0.348,-2.706346,gps_course,0,0.494,2.000,3,508093.952,3881298.948,0.004682,0.000000,-0.035796,0.5600,,,TRACKING|w0 d0 L0
15.327695,129.088805166667,35.074423500000,508096.275,3881300.004,0.408,-2.478891,gps_course,1,0.522,2.000,3,508093.952,3881298.948,-0.236340,0.132241,-0.005648,0.5600,,,TRACKING|w0 d0 L1
15.377522,129.088805166667,35.074423500000,508096.275,3881300.004,0.408,-2.478891,gps_course,1,0.522,2.000,3,508093.952,3881298.948,-0.236340,0.132241,0.024248,0.5600,,,TRACKING|w0 d0 L1
15.427625,129.088805166667,35.074423500000,508096.275,3881300.004,0.408,-2.478891,gps_course,1,0.522,2.000,3,508093.952,3881298.948,-0.236340,0.132241,0.054310,0.5600,,,TRACKING|w0 d0 L1
15.477538,129.088805166667,35.074423500000,508096.275,3881300.004,0.408,-2.478891,gps_course,1,0.522,2.000,3,508093.952,3881298.948,-0.236340,0.132241,0.084258,0.5600,,,TRACKING|w0 d0 L1
15.529114,129.088805166667,35.074423500000,508096.275,3881300.004,0.408,-2.478891,gps_course,1,0.522,2.000,3,508093.952,3881298.948,-0.236340,0.132241,0.103451,0.5600,,,TRACKING|w0 d0 L1
15.577532,129.088804166667,35.074422833333,508096.184,3881299.930,0.458,-2.341534,gps_course,1,0.425,2.000,3,508093.952,3881298.948,-0.385879,0.220130,0.132502,0.5600,,,TRACKING|w0 d0 L1
15.627606,129.088804166667,35.074422833333,508096.184,3881299.930,0.458,-2.341534,gps_course,1,0.425,2.000,3,508093.952,3881298.948,-0.385879,0.220130,0.162546,0.5600,,,TRACKING|w0 d0 L1
15.677569,129.088804166667,35.074422833333,508096.184,3881299.930,0.458,-2.341534,gps_course,1,0.425,2.000,3,508093.952,3881298.948,-0.385879,0.220130,0.185580,0.5600,,,TRACKING|w0 d0 L1
15.727662,129.088804166667,35.074422833333,508096.184,3881299.930,0.458,-2.341534,gps_course,1,0.425,2.000,3,508093.952,3881298.948,-0.385879,0.220130,0.199400,0.5600,,,TRACKING|w0 d0 L1
15.777725,129.088804166667,35.074422833333,508096.184,3881299.930,0.458,-2.341534,gps_course,1,0.425,2.000,3,508093.952,3881298.948,-0.385879,0.220130,0.207692,0.5600,,,TRACKING|w0 d0 L1
15.827478,129.088803166667,35.074422166667,508096.093,3881299.856,0.468,-2.497741,gps_course,1,0.342,2.000,3,508093.952,3881298.948,-0.243039,0.148908,0.184178,0.5600,,,TRACKING|w0 d0 L1
15.878140,129.088803166667,35.074422166667,508096.093,3881299.856,0.468,-2.497741,gps_course,1,0.342,2.000,3,508093.952,3881298.948,-0.243039,0.148908,0.170070,0.5600,,,TRACKING|w0 d0 L1
15.927600,129.088803166667,35.074422166667,508096.093,3881299.856,0.468,-2.497741,gps_course,1,0.342,2.000,3,508093.952,3881298.948,-0.243039,0.148908,0.161605,0.5600,,,TRACKING|w0 d0 L1
15.977663,129.088803166667,35.074422166667,508096.093,3881299.856,0.468,-2.497741,gps_course,1,0.342,2.000,3,508093.952,3881298.948,-0.243039,0.148908,0.156526,0.5600,,,TRACKING|w0 d0 L1
16.027602,129.088803166667,35.074422166667,508096.093,3881299.856,0.468,-2.497741,gps_course,1,0.342,2.000,3,508093.952,3881298.948,-0.243039,0.148908,0.153479,0.5600,,,TRACKING|w0 d0 L1
16.077549,129.088803166667,35.074422166667,508096.093,3881299.856,0.468,-2.497741,gps_course,1,0.342,2.000,3,508093.952,3881298.948,-0.243039,0.148908,0.151651,0.5600,,,TRACKING|w0 d0 L1
16.128088,129.088802166667,35.074421333333,508096.002,3881299.763,0.540,-2.300518,gps_course,1,0.295,2.000,3,508093.952,3881298.948,-0.462752,0.260000,0.181974,0.5600,,,TRACKING|w0 d0 L1
16.177440,129.088802166667,35.074421333333,508096.002,3881299.763,0.540,-2.300518,gps_course,1,0.295,2.000,3,508093.952,3881298.948,-0.462752,0.260000,0.211585,0.5600,,,TRACKING|w0 d0 L1
16.229577,129.088802166667,35.074421333333,508096.002,3881299.763,0.540,-2.300518,gps_course,1,0.295,2.000,3,508093.952,3881298.948,-0.462752,0.260000,0.230951,0.5600,,,TRACKING|w0 d0 L1
16.277529,129.088802166667,35.074421333333,508096.002,3881299.763,0.540,-2.300518,gps_course,1,0.295,2.000,3,508093.952,3881298.948,-0.462752,0.260000,0.242571,0.5600,,,TRACKING|w0 d0 L1
16.328901,129.088801166667,35.074420500000,508095.911,3881299.671,0.507,-2.354973,gps_course,1,0.300,2.000,3,508093.952,3881298.948,-0.433348,0.260000,0.249542,0.5600,,,TRACKING|w0 d0 L1
16.377481,129.088801166667,35.074420500000,508095.911,3881299.671,0.507,-2.354973,gps_course,1,0.300,2.000,3,508093.952,3881298.948,-0.433348,0.260000,0.253725,0.5600,,,TRACKING|w0 d0 L1
16.427506,129.088801166667,35.074420500000,508095.911,3881299.671,0.507,-2.354973,gps_course,1,0.300,2.000,3,508093.952,3881298.948,-0.433348,0.260000,0.256235,0.5600,,,TRACKING|w0 d0 L1
16.477710,129.088801166667,35.074420500000,508095.911,3881299.671,0.507,-2.354973,gps_course,1,0.300,2.000,3,508093.952,3881298.948,-0.433348,0.260000,0.257741,0.5600,,,TRACKING|w0 d0 L1
16.527589,129.088801166667,35.074420500000,508095.911,3881299.671,0.507,-2.354973,gps_course,1,0.300,2.000,3,508093.952,3881298.948,-0.433348,0.260000,0.258645,0.5600,,,TRACKING|w0 d0 L1
16.577601,129.088800166667,35.074419666667,508095.820,3881299.578,0.524,-2.412743,gps_course,1,0.356,2.000,4,508092.964,3881298.411,-0.340907,0.155879,0.228638,0.5600,,,TRACKING|w0 d0 L1
16.627494,129.088800166667,35.074419666667,508095.820,3881299.578,0.524,-2.412743,gps_course,1,0.356,2.000,4,508092.964,3881298.411,-0.340907,0.155879,0.199534,0.5600,,,TRACKING|w0 d0 L1
16.677523,129.088800166667,35.074419666667,508095.820,3881299.578,0.524,-2.412743,gps_course,1,0.356,2.000,4,508092.964,3881298.411,-0.340907,0.155879,0.182072,0.5600,,,TRACKING|w0 d0 L1
16.727516,129.088800166667,35.074419666667,508095.820,3881299.578,0.524,-2.412743,gps_course,1,0.356,2.000,4,508092.964,3881298.411,-0.340907,0.155879,0.171595,0.5600,,,TRACKING|w0 d0 L1
16.778795,129.088800166667,35.074419666667,508095.820,3881299.578,0.524,-2.412743,gps_course,1,0.356,2.000,4,508092.964,3881298.411,-0.340907,0.155879,0.165308,0.5600,,,TRACKING|w0 d0 L1
16.827615,129.088799000000,35.074419000000,508095.714,3881299.504,0.560,-2.468070,gps_course,1,0.428,2.000,4,508092.964,3881298.411,-0.295151,0.141608,0.155828,0.5600,,,TRACKING|w0 d0 L1
16.877575,129.088799000000,35.074419000000,508095.714,3881299.504,0.560,-2.468070,gps_course,1,0.428,2.000,4,508092.964,3881298.411,-0.295151,0.141608,0.150140,0.5600,,,TRACKING|w0 d0 L1
16.927546,129.088799000000,35.074419000000,508095.714,3881299.504,0.560,-2.468070,gps_course,1,0.428,2.000,4,508092.964,3881298.411,-0.295151,0.141608,0.146727,0.5600,,,TRACKING|w0 d0 L1
16.977436,129.088799000000,35.074419000000,508095.714,3881299.504,0.560,-2.468070,gps_course,1,0.428,2.000,4,508092.964,3881298.411,-0.295151,0.141608,0.144679,0.5600,,,TRACKING|w0 d0 L1
17.027696,129.088799000000,35.074419000000,508095.714,3881299.504,0.560,-2.468070,gps_course,1,0.428,2.000,4,508092.964,3881298.411,-0.295151,0.141608,0.143451,0.5600,,,TRACKING|w0 d0 L1
17.077631,129.088799000000,35.074419000000,508095.714,3881299.504,0.524,-2.489538,gps_course,1,0.428,2.000,4,508092.964,3881298.411,-0.273683,0.131697,0.138749,0.5600,,,TRACKING|w0 d0 L1
17.127627,129.088797833333,35.074418166667,508095.607,3881299.412,0.524,-2.489538,gps_course,1,0.539,2.000,4,508092.964,3881298.411,-0.290210,0.145780,0.141562,0.5600,,,TRACKING|w0 d0 L1
17.177616,129.088797833333,35.074418166667,508095.607,3881299.412,0.524,-2.489538,gps_course,1,0.539,2.000,4,508092.964,3881298.411,-0.290210,0.145780,0.143249,0.5600,,,TRACKING|w0 d0 L1
17.228941,129.088797833333,35.074418166667,508095.607,3881299.412,0.524,-2.489538,gps_course,1,0.539,2.000,4,508092.964,3881298.411,-0.290210,0.145780,0.144261,0.5600,,,TRACKING|w0 d0 L1
17.277827,129.088797833333,35.074418166667,508095.607,3881299.412,0.524,-2.489538,gps_course,1,0.539,2.000,4,508092.964,3881298.411,-0.290210,0.145780,0.144869,0.5600,,,TRACKING|w0 d0 L1
17.327664,129.088796666667,35.074417500000,508095.501,3881299.338,0.529,-2.597050,gps_course,1,0.645,2.000,4,508092.964,3881298.411,-0.194401,0.103352,0.128262,0.5600,,,TRACKING|w0 d0 L1
17.377745,129.088796666667,35.074417500000,508095.501,3881299.338,0.529,-2.597050,gps_course,1,0.645,2.000,4,508092.964,3881298.411,-0.194401,0.103352,0.118298,0.5600,,,TRACKING|w0 d0 L1
17.427443,129.088796666667,35.074417500000,508095.501,3881299.338,0.529,-2.597050,gps_course,1,0.645,2.000,4,508092.964,3881298.411,-0.194401,0.103352,0.112319,0.5600,,,TRACKING|w0 d0 L1
17.477703,129.088796666667,35.074417500000,508095.501,3881299.338,0.529,-2.597050,gps_course,1,0.645,2.000,4,508092.964,3881298.411,-0.194401,0.103352,0.108732,0.5600,,,TRACKING|w0 d0 L1
17.527517,129.088796666667,35.074417500000,508095.501,3881299.338,0.529,-2.597050,gps_course,1,0.645,2.000,4,508092.964,3881298.411,-0.194401,0.103352,0.106580,0.5600,,,TRACKING|w0 d0 L1
17.577983,129.088795333333,35.074416833333,508095.380,3881299.264,0.540,-2.581691,gps_course,2,0.557,2.000,4,508092.964,3881298.411,-0.220642,0.123274,0.113257,0.5600,,,TRACKING|w0 d0 L2
17.627466,129.088795333333,35.074416833333,508095.380,3881299.264,0.540,-2.581691,gps_course,2,0.557,2.000,4,508092.964,3881298.411,-0.220642,0.123274,0.117264,0.5600,,,TRACKING|w0 d0 L2
17.677607,129.088795333333,35.074416833333,508095.380,3881299.264,0.540,-2.581691,gps_course,2,0.557,2.000,4,508092.964,3881298.411,-0.220642,0.123274,0.119668,0.5600,,,TRACKING|w0 d0 L2
17.727478,129.088795333333,35.074416833333,508095.380,3881299.264,0.540,-2.581691,gps_course,2,0.557,2.000,4,508092.964,3881298.411,-0.220642,0.123274,0.121110,0.5600,,,TRACKING|w0 d0 L2
17.777494,129.088795333333,35.074416833333,508095.380,3881299.264,0.540,-2.581691,gps_course,2,0.557,2.000,4,508092.964,3881298.411,-0.220642,0.123274,0.121976,0.5600,,,TRACKING|w0 d0 L2
17.827613,129.088794000000,35.074416333333,508095.258,3881299.208,0.533,-2.676288,gps_course,2,0.466,2.000,4,508092.964,3881298.411,-0.130968,0.077827,0.104316,0.5600,,,TRACKING|w0 d0 L2
17.877481,129.088794000000,35.074416333333,508095.258,3881299.208,0.533,-2.676288,gps_course,2,0.466,2.000,4,508092.964,3881298.411,-0.130968,0.077827,0.093720,0.5600,,,TRACKING|w0 d0 L2
17.927696,129.088794000000,35.074416333333,508095.258,3881299.208,0.533,-2.676288,gps_course,2,0.466,2.000,4,508092.964,3881298.411,-0.130968,0.077827,0.087363,0.5600,,,TRACKING|w0 d0 L2
17.977535,129.088794000000,35.074416333333,508095.258,3881299.208,0.533,-2.676288,gps_course,2,0.466,2.000,4,508092.964,3881298.411,-0.130968,0.077827,0.083549,0.5600,,,TRACKING|w0 d0 L2
18.028311,129.088794000000,35.074416333333,508095.258,3881299.208,0.533,-2.676288,gps_course,2,0.466,2.000,4,508092.964,3881298.411,-0.130968,0.077827,0.081260,0.5600,,,TRACKING|w0 d0 L2
18.077698,129.088794000000,35.074416333333,508095.258,3881299.208,0.533,-2.676288,gps_course,2,0.466,2.000,4,508092.964,3881298.411,-0.130968,0.077827,0.079887,0.5600,,,TRACKING|w0 d0 L2
18.127651,129.088792666667,35.074415666667,508095.137,3881299.134,0.564,-2.660231,gps_course,2,0.413,2.000,4,508092.964,3881298.411,-0.160162,0.100668,0.088199,0.5600,,,TRACKING|w0 d0 L2
18.177475,129.088792666667,35.074415666667,508095.137,3881299.134,0.564,-2.660231,gps_course,2,0.413,2.000,4,508092.964,3881298.411,-0.160162,0.100668,0.093187,0.5600,,,TRACKING|w0 d0 L2
18.227506,129.088792666667,35.074415666667,508095.137,3881299.134,0.564,-2.660231,gps_course,2,0.413,2.000,4,508092.964,3881298.411,-0.160162,0.100668,0.096179,0.5600,,,TRACKING|w0 d0 L2
18.277597,129.088792666667,35.074415666667,508095.137,3881299.134,0.564,-2.660231,gps_course,2,0.413,2.000,4,508092.964,3881298.411,-0.160162,0.100668,0.097975,0.5600,,,TRACKING|w0 d0 L2
18.327570,129.088791166667,35.074415166667,508095.000,3881299.079,0.577,-2.751337,gps_course,2,0.383,2.000,4,508092.964,3881298.411,-0.073523,0.049683,0.078658,0.5600,,,TRACKING|w0 d0 L2
18.377702,129.088791166667,35.074415166667,508095.000,3881299.079,0.577,-2.751337,gps_course,2,0.383,2.000,4,508092.964,3881298.411,-0.073523,0.049683,0.067068,0.5600,,,TRACKING|w0 d0 L2
18.427633,129.088791166667,35.074415166667,508095.000,3881299.079,0.577,-2.751337,gps_course,2,0.383,2.000,4,508092.964,3881298.411,-0.073523,0.049683,0.060114,0.5600,,,TRACKING|w0 d0 L2
18.477648,129.088791166667,35.074415166667,508095.000,3881299.079,0.577,-2.751337,gps_course,2,0.383,2.000,4,508092.964,3881298.411,-0.073523,0.049683,0.055941,0.5600,,,TRACKING|w0 d0 L2
18.527499,129.088791166667,35.074415166667,508095.000,3881299.079,0.577,-2.751337,gps_course,2,0.383,2.000,4,508092.964,3881298.411,-0.073523,0.049683,0.053438,0.5600,,,TRACKING|w0 d0 L2
18.577464,129.088789833333,35.074414666667,508094.878,3881299.023,0.559,-2.684142,gps_course,2,0.408,2.000,4,508092.964,3881298.411,-0.148158,0.106122,0.074512,0.5600,,,TRACKING|w0 d0 L2
18.629289,129.088789833333,35.074414666667,508094.878,3881299.023,0.559,-2.684142,gps_course,2,0.408,2.000,4,508092.964,3881298.411,-0.148158,0.106122,0.087156,0.5600,,,TRACKING|w0 d0 L2
18.677549,129.088789833333,35.074414666667,508094.878,3881299.023,0.559,-2.684142,gps_course,2,0.408,2.000,4,508092.964,3881298.411,-0.148158,0.106122,0.094742,0.5600,,,TRACKING|w0 d0 L2
18.727637,129.088789833333,35.074414666667,508094.878,3881299.023,0.559,-2.684142,gps_course,2,0.408,2.000,4,508092.964,3881298.411,-0.148158,0.106122,0.099294,0.5600,,,TRACKING|w0 d0 L2
18.777479,129.088789833333,35.074414666667,508094.878,3881299.023,0.559,-2.684142,gps_course,2,0.408,2.000,4,508092.964,3881298.411,-0.148158,0.106122,0.102025,0.5600,,,TRACKING|w0 d0 L2
18.827514,129.088788500000,35.074414166667,508094.757,3881298.968,0.558,-2.696708,gps_course,2,0.471,2.000,5,508091.992,3881297.838,-0.056854,0.027582,0.072248,0.5600,,,TRACKING|w0 d0 L2
18.877642,129.088788500000,35.074414166667,508094.757,3881298.968,0.558,-2.696708,gps_course,2,0.471,2.000,5,508091.992,3881297.838,-0.056854,0.027582,0.054382,0.5600,,,TRACKING|w0 d0 L2
18.927547,129.088788500000,35.074414166667,508094.757,3881298.968,0.558,-2.696708,gps_course,2,0.471,2.000,5,508091.992,3881297.838,-0.056854,0.027582,0.043662,0.5600,,,TRACKING|w0 d0 L2
18.977606,129.088788500000,35.074414166667,508094.757,3881298.968,0.558,-2.696708,gps_course,2,0.471,2.000,5,508091.992,3881297.838,-0.056854,0.027582,0.037230,0.5600,,,TRACKING|w0 d0 L2
19.027499,129.088788500000,35.074414166667,508094.757,3881298.968,0.558,-2.696708,gps_course,2,0.471,2.000,5,508091.992,3881297.838,-0.056854,0.027582,0.033371,0.5600,,,TRACKING|w0 d0 L2
19.077712,129.088788500000,35.074414166667,508094.757,3881298.968,0.558,-2.696708,gps_course,2,0.471,2.000,5,508091.992,3881297.838,-0.056854,0.027582,0.031056,0.5600,,,TRACKING|w0 d0 L2
19.127578,129.088787000000,35.074413666667,508094.620,3881298.912,0.545,-2.797937,gps_course,2,0.565,2.000,5,508091.992,3881297.838,0.044475,-0.022705,0.009551,0.5600,,,TRACKING|w0 d0 L2
19.178829,129.088787000000,35.074413666667,508094.620,3881298.912,0.545,-2.797937,gps_course,2,0.565,2.000,5,508091.992,3881297.838,0.044475,-0.022705,-0.003351,0.5600,,,TRACKING|w0 d0 L2
19.228085,129.088787000000,35.074413666667,508094.620,3881298.912,0.545,-2.797937,gps_course,2,0.565,2.000,5,508091.992,3881297.838,0.044475,-0.022705,-0.011093,0.5600,,,TRACKING|w0 d0 L2
19.277637,129.088787000000,35.074413666667,508094.620,3881298.912,0.545,-2.797937,gps_course,2,0.565,2.000,5,508091.992,3881297.838,0.044475,-0.022705,-0.015738,0.5600,,,TRACKING|w0 d0 L2
19.327657,129.088785666667,35.074413333333,508094.499,3881298.875,0.566,-2.764602,gps_course,3,0.552,2.000,5,508091.992,3881297.838,0.015444,0.000000,-0.009443,0.5600,,,TRACKING|w0 d0 L3
19.377541,129.088785666667,35.074413333333,508094.499,3881298.875,0.566,-2.764602,gps_course,3,0.552,2.000,5,508091.992,3881297.838,0.015444,0.000000,-0.005666,0.5600,,,TRACKING|w0 d0 L3
19.429527,129.088785666667,35.074413333333,508094.499,3881298.875,0.566,-2.764602,gps_course,3,0.552,2.000,5,508091.992,3881297.838,0.015444,0.000000,-0.003399,0.5600,,,TRACKING|w0 d0 L3
19.477573,129.088785666667,35.074413333333,508094.499,3881298.875,0.566,-2.764602,gps_course,3,0.552,2.000,5,508091.992,3881297.838,0.015444,0.000000,-0.002040,0.5600,,,TRACKING|w0 d0 L3
19.527556,129.088785666667,35.074413333333,508094.499,3881298.875,0.566,-2.764602,gps_course,3,0.552,2.000,5,508091.992,3881297.838,0.015444,0.000000,-0.001224,0.5600,,,TRACKING|w0 d0 L3
19.577656,129.088784000000,35.074412833333,508094.347,3881298.819,0.590,-2.830226,gps_course,3,0.416,2.000,5,508091.992,3881297.838,0.083708,-0.047493,-0.019731,0.5600,,,TRACKING|w0 d0 L3
19.627616,129.088784000000,35.074412833333,508094.347,3881298.819,0.590,-2.830226,gps_course,3,0.416,2.000,5,508091.992,3881297.838,0.083708,-0.047493,-0.030836,0.5600,,,TRACKING|w0 d0 L3
19.677473,129.088784000000,35.074412833333,508094.347,3881298.819,0.590,-2.830226,gps_course,3,0.416,2.000,5,508091.992,3881297.838,0.083708,-0.047493,-0.037499,0.5600,,,TRACKING|w0 d0 L3
19.727996,129.088784000000,35.074412833333,508094.347,3881298.819,0.590,-2.830226,gps_course,3,0.416,2.000,5,508091.992,3881297.838,0.083708,-0.047493,-0.041496,0.5600,,,TRACKING|w0 d0 L3
19.777653,129.088784000000,35.074412833333,508094.347,3881298.819,0.590,-2.830226,gps_course,3,0.416,2.000,5,508091.992,3881297.838,0.083708,-0.047493,-0.043895,0.5600,,,TRACKING|w0 d0 L3
19.827474,129.088782500000,35.074412500000,508094.210,3881298.782,0.608,-2.844014,gps_course,3,0.307,2.000,5,508091.992,3881297.838,0.105126,-0.063040,-0.051553,0.5600,,,TRACKING|w0 d0 L3
19.877570,129.088782500000,35.074412500000,508094.210,3881298.782,0.608,-2.844014,gps_course,3,0.307,2.000,5,508091.992,3881297.838,0.105126,-0.063040,-0.056148,0.5600,,,TRACKING|w0 d0 L3
19.927544,129.088782500000,35.074412500000,508094.210,3881298.782,0.608,-2.844014,gps_course,3,0.307,2.000,5,508091.992,3881297.838,0.105126,-0.063040,-0.058904,0.5600,,,TRACKING|w0 d0 L3
19.977643,129.088782500000,35.074412500000,508094.210,3881298.782,0.608,-2.844014,gps_course,3,0.307,2.000,5,508091.992,3881297.838,0.105126,-0.063040,-0.060559,0.5600,,,TRACKING|w0 d0 L3
20.027644,129.088782500000,35.074412500000,508094.210,3881298.782,0.608,-2.844014,gps_course,3,0.307,2.000,5,508091.992,3881297.838,0.105126,-0.063040,-0.061551,0.5600,,,TRACKING|w0 d0 L3
20.077549,129.088782500000,35.074412500000,508094.210,3881298.782,0.608,-2.844014,gps_course,3,0.307,2.000,5,508091.992,3881297.838,0.105126,-0.063040,-0.062146,0.5600,,,TRACKING|w0 d0 L3
20.127905,129.088781000000,35.074412000000,508094.073,3881298.727,0.551,-2.814169,gps_course,3,0.253,2.000,5,508091.992,3881297.838,0.076364,-0.048846,-0.056826,0.5600,,,TRACKING|w0 d0 L3
20.177442,129.088781000000,35.074412000000,508094.073,3881298.727,0.551,-2.814169,gps_course,3,0.253,2.000,5,508091.992,3881297.838,0.076364,-0.048846,-0.053634,0.5600,,,TRACKING|w0 d0 L3
20.227893,129.088781000000,35.074412000000,508094.073,3881298.727,0.551,-2.814169,gps_course,3,0.253,2.000,5,508091.992,3881297.838,0.076364,-0.048846,-0.051719,0.5600,,,TRACKING|w0 d0 L3
20.277527,129.088781000000,35.074412000000,508094.073,3881298.727,0.551,-2.814169,gps_course,3,0.253,2.000,5,508091.992,3881297.838,0.076364,-0.048846,-0.050570,0.5600,,,TRACKING|w0 d0 L3
20.327625,129.088779500000,35.074411500000,508093.937,3881298.671,0.607,-2.793050,gps_course,3,0.278,2.000,5,508091.992,3881297.838,0.056479,-0.038675,-0.045812,0.5600,,,TRACKING|w0 d0 L3
20.377530,129.088779500000,35.074411500000,508093.937,3881298.671,0.607,-2.793050,gps_course,3,0.278,2.000,5,508091.992,3881297.838,0.056479,-0.038675,-0.042957,0.5600,,,TRACKING|w0 d0 L3
20.427661,129.088779500000,35.074411500000,508093.937,3881298.671,0.607,-2.793050,gps_course,3,0.278,2.000,5,508091.992,3881297.838,0.056479,-0.038675,-0.041245,0.5600,,,TRACKING|w0 d0 L3
20.477630,129.088779500000,35.074411500000,508093.937,3881298.671,0.607,-2.793050,gps_course,3,0.278,2.000,5,508091.992,3881297.838,0.056479,-0.038675,-0.040217,0.5600,,,TRACKING|w0 d0 L3
20.527716,129.088779500000,35.074411500000,508093.937,3881298.671,0.607,-2.793050,gps_course,3,0.278,2.000,5,508091.992,3881297.838,0.056479,-0.038675,-0.039600,0.5600,,,TRACKING|w0 d0 L3
20.577552,129.088778166667,35.074411000000,508093.815,3881298.616,0.539,-2.801952,gps_course,3,0.360,2.000,6,508091.051,3881297.375,0.082278,-0.039308,-0.039484,0.5600,,,TRACKING|w0 d0 L3
20.627481,129.088778166667,35.074411000000,508093.815,3881298.616,0.539,-2.801952,gps_course,3,0.360,2.000,6,508091.051,3881297.375,0.082278,-0.039308,-0.039413,0.5600,,,TRACKING|w0 d0 L3
20.677674,129.088778166667,35.074411000000,508093.815,3881298.616,0.539,-2.801952,gps_course,3,0.360,2.000,6,508091.051,3881297.375,0.082278,-0.039308,-0.039371,0.5600,,,TRACKING|w0 d0 L3
20.727414,129.088778166667,35.074411000000,508093.815,3881298.616,0.539,-2.801952,gps_course,3,0.360,2.000,6,508091.051,3881297.375,0.082278,-0.039308,-0.039346,0.5600,,,TRACKING|w0 d0 L3
20.777821,129.088778166667,35.074411000000,508093.815,3881298.616,0.539,-2.801952,gps_course,3,0.360,2.000,6,508091.051,3881297.375,0.082278,-0.039308,-0.039331,0.5600,,,TRACKING|w0 d0 L3
20.827491,129.088776666667,35.074410666667,508093.678,3881298.578,0.564,-2.750115,gps_course,3,0.460,2.000,6,508091.051,3881297.375,0.038107,-0.019111,-0.031243,0.5600,,,TRACKING|w0 d0 L3
20.877526,129.088776666667,35.074410666667,508093.678,3881298.578,0.564,-2.750115,gps_course,3,0.460,2.000,6,508091.051,3881297.375,0.038107,-0.019111,-0.026390,0.5600,,,TRACKING|w0 d0 L3
20.927781,129.088776666667,35.074410666667,508093.678,3881298.578,0.564,-2.750115,gps_course,3,0.460,2.000,6,508091.051,3881297.375,0.038107,-0.019111,-0.023478,0.5600,,,TRACKING|w0 d0 L3
20.977506,129.088776666667,35.074410666667,508093.678,3881298.578,0.564,-2.750115,gps_course,3,0.460,2.000,6,508091.051,3881297.375,0.038107,-0.019111,-0.021731,0.5600,,,TRACKING|w0 d0 L3
21.027661,129.088776666667,35.074410666667,508093.678,3881298.578,0.564,-2.750115,gps_course,3,0.460,2.000,6,508091.051,3881297.375,0.038107,-0.019111,-0.020683,0.5600,,,TRACKING|w0 d0 L3
21.077444,129.088776666667,35.074410666667,508093.678,3881298.578,0.564,-2.750115,gps_course,3,0.460,2.000,6,508091.051,3881297.375,0.038107,-0.019111,-0.020054,0.5600,,,TRACKING|w0 d0 L3
21.130747,129.088775166667,35.074410333333,508093.542,3881298.541,0.556,-2.886426,gps_course,3,0.578,2.000,6,508091.051,3881297.375,0.182861,-0.095568,-0.050260,0.5600,,,TRACKING|w0 d0 L3
21.177528,129.088775166667,35.074410333333,508093.542,3881298.541,0.556,-2.886426,gps_course,3,0.578,2.000,6,508091.051,3881297.375,0.182861,-0.095568,-0.068383,0.5600,,,TRACKING|w0 d0 L3
21.229477,129.088775166667,35.074410333333,508093.542,3881298.541,0.556,-2.886426,gps_course,3,0.578,2.000,6,508091.051,3881297.375,0.182861,-0.095568,-0.079257,0.5600,,,TRACKING|w0 d0 L3
21.277702,129.088775166667,35.074410333333,508093.542,3881298.541,0.556,-2.886426,gps_course,3,0.578,2.000,6,508091.051,3881297.375,0.182861,-0.095568,-0.085782,0.5600,,,TRACKING|w0 d0 L3
21.327635,129.088773666667,35.074409833333,508093.405,3881298.486,0.570,-2.797588,gps_course,4,0.447,2.000,6,508091.051,3881297.375,0.096966,-0.053873,-0.073018,0.5600,,,TRACKING|w0 d0 L4
21.377633,129.088773666667,35.074409833333,508093.405,3881298.486,0.570,-2.797588,gps_course,4,0.447,2.000,6,508091.051,3881297.375,0.096966,-0.053873,-0.065360,0.5600,,,TRACKING|w0 d0 L4
21.427538,129.088773666667,35.074409833333,508093.405,3881298.486,0.570,-2.797588,gps_course,4,0.447,2.000,6,508091.051,3881297.375,0.096966,-0.053873,-0.060765,0.5600,,,TRACKING|w0 d0 L4
21.477595,129.088773666667,35.074409833333,508093.405,3881298.486,0.570,-2.797588,gps_course,4,0.447,2.000,6,508091.051,3881297.375,0.096966,-0.053873,-0.058008,0.5600,,,TRACKING|w0 d0 L4
21.527704,129.088773666667,35.074409833333,508093.405,3881298.486,0.570,-2.797588,gps_course,4,0.447,2.000,6,508091.051,3881297.375,0.096966,-0.053873,-0.056354,0.5600,,,TRACKING|w0 d0 L4
21.577792,129.088772166667,35.074409333333,508093.268,3881298.430,0.584,-2.784673,gps_course,4,0.304,2.000,6,508091.051,3881297.375,0.087346,-0.051459,-0.054396,0.5600,,,TRACKING|w0 d0 L4
21.627498,129.088772166667,35.074409333333,508093.268,3881298.430,0.584,-2.784673,gps_course,4,0.304,2.000,6,508091.051,3881297.375,0.087346,-0.051459,-0.053221,0.5600,,,TRACKING|w0 d0 L4
21.677484,129.088772166667,35.074409333333,508093.268,3881298.430,0.584,-2.784673,gps_course,4,0.304,2.000,6,508091.051,3881297.375,0.087346,-0.051459,-0.052517,0.5600,,,TRACKING|w0 d0 L4
21.727673,129.088772166667,35.074409333333,508093.268,3881298.430,0.584,-2.784673,gps_course,4,0.304,2.000,6,508091.051,3881297.375,0.087346,-0.051459,-0.052094,0.5600,,,TRACKING|w0 d0 L4
21.777495,129.088772166667,35.074409333333,508093.268,3881298.430,0.584,-2.784673,gps_course,4,0.304,2.000,6,508091.051,3881297.375,0.087346,-0.051459,-0.051840,0.5600,,,TRACKING|w0 d0 L4
21.827899,129.088770666667,35.074408833333,508093.131,3881298.375,0.592,-2.774550,gps_course,4,0.171,2.000,6,508091.051,3881297.375,0.080939,-0.050737,-0.051399,0.5600,,,TRACKING|w0 d0 L4
21.877479,129.088770666667,35.074408833333,508093.131,3881298.375,0.592,-2.774550,gps_course,4,0.171,2.000,6,508091.051,3881297.375,0.080939,-0.050737,-0.051134,0.5600,,,TRACKING|w0 d0 L4
21.928498,129.088770666667,35.074408833333,508093.131,3881298.375,0.592,-2.774550,gps_course,4,0.171,2.000,6,508091.051,3881297.375,0.080939,-0.050737,-0.050976,0.5600,,,TRACKING|w0 d0 L4
21.977692,129.088770666667,35.074408833333,508093.131,3881298.375,0.592,-2.774550,gps_course,4,0.171,2.000,6,508091.051,3881297.375,0.080939,-0.050737,-0.050880,0.5600,,,TRACKING|w0 d0 L4
22.028500,129.088770666667,35.074408833333,508093.131,3881298.375,0.592,-2.774550,gps_course,4,0.171,2.000,6,508091.051,3881297.375,0.080939,-0.050737,-0.050823,0.5600,,,TRACKING|w0 d0 L4
22.077708,129.088770666667,35.074408833333,508093.131,3881298.375,0.592,-2.774550,gps_course,4,0.171,2.000,6,508091.051,3881297.375,0.080939,-0.050737,-0.050789,0.5600,,,TRACKING|w0 d0 L4
22.127686,129.088769166667,35.074408333333,508092.995,3881298.319,0.566,-2.690774,gps_course,4,0.097,2.000,6,508091.051,3881297.375,0.001386,0.000000,-0.030473,0.5600,,,TRACKING|w0 d0 L4
22.177726,129.088769166667,35.074408333333,508092.995,3881298.319,0.566,-2.690774,gps_course,4,0.097,2.000,6,508091.051,3881297.375,0.001386,0.000000,-0.018284,0.5600,,,TRACKING|w0 d0 L4
22.227488,129.088769166667,35.074408333333,508092.995,3881298.319,0.566,-2.690774,gps_course,4,0.097,2.000,6,508091.051,3881297.375,0.001386,0.000000,-0.010970,0.5600,,,TRACKING|w0 d0 L4
22.279134,129.088769166667,35.074408333333,508092.995,3881298.319,0.566,-2.690774,gps_course,4,0.097,2.000,6,508091.051,3881297.375,0.001386,0.000000,-0.006582,0.5600,,,TRACKING|w0 d0 L4
22.327640,129.088767666667,35.074407833333,508092.858,3881298.264,0.564,-2.791829,gps_course,4,0.182,2.000,6,508091.051,3881297.375,0.107280,-0.076933,-0.034722,0.5600,,,TRACKING|w0 d0 L4
22.377779,129.088767666667,35.074407833333,508092.858,3881298.264,0.564,-2.791829,gps_course,4,0.182,2.000,6,508091.051,3881297.375,0.107280,-0.076933,-0.051606,0.5600,,,TRACKING|w0 d0 L4
22.427481,129.088767666667,35.074407833333,508092.858,3881298.264,0.564,-2.791829,gps_course,4,0.182,2.000,6,508091.051,3881297.375,0.107280,-0.076933,-0.061737,0.5600,,,TRACKING|w0 d0 L4
22.477497,129.088767666667,35.074407833333,508092.858,3881298.264,0.564,-2.791829,gps_course,4,0.182,2.000,6,508091.051,3881297.375,0.107280,-0.076933,-0.067815,0.5600,,,TRACKING|w0 d0 L4
22.528077,129.088767666667,35.074407833333,508092.858,3881298.264,0.564,-2.791829,gps_course,4,0.182,2.000,6,508091.051,3881297.375,0.107280,-0.076933,-0.071462,0.5600,,,TRACKING|w0 d0 L4
22.577499,129.088766333333,35.074407333333,508092.737,3881298.208,0.582,-2.722539,gps_course,4,0.305,2.000,7,508090.002,3881297.244,-0.080228,0.040064,-0.041809,0.5600,,,TRACKING|w0 d0 L4
22.627999,129.088766333333,35.074407333333,508092.737,3881298.208,0.582,-2.722539,gps_course,4,0.305,2.000,7,508090.002,3881297.244,-0.080228,0.040064,-0.011509,0.5600,,,TRACKING|w0 d0 L4
22.677483,129.088766333333,35.074407333333,508092.737,3881298.208,0.582,-2.722539,gps_course,4,0.305,2.000,7,508090.002,3881297.244,-0.080228,0.040064,0.009120,0.5600,,,TRACKING|w0 d0 L4
22.728095,129.088766333333,35.074407333333,508092.737,3881298.208,0.582,-2.722539,gps_course,4,0.305,2.000,7,508090.002,3881297.244,-0.080228,0.040064,0.021498,0.5600,,,TRACKING|w0 d0 L4
22.777708,129.088766333333,35.074407333333,508092.737,3881298.208,0.582,-2.722539,gps_course,4,0.305,2.000,7,508090.002,3881297.244,-0.080228,0.040064,0.028924,0.5600,,,TRACKING|w0 d0 L4
22.827649,129.088764833333,35.074406833333,508092.600,3881298.152,0.571,-2.742959,gps_course,4,0.447,2.000,7,508090.002,3881297.244,-0.062342,0.032819,0.030482,0.5600,,,TRACKING|w0 d0 L4
22.877738,129.088764833333,35.074406833333,508092.600,3881298.152,0.571,-2.742959,gps_course,4,0.447,2.000,7,508090.002,3881297.244,-0.062342,0.032819,0.031417,0.5600,,,TRACKING|w0 d0 L4
22.932284,129.088764833333,35.074406833333,508092.600,3881298.152,0.571,-2.742959,gps_course,4,0.447,2.000,7,508090.002,3881297.244,-0.062342,0.032819,0.031978,0.5600,,,TRACKING|w0 d0 L4
22.977650,129.088764833333,35.074406833333,508092.600,3881298.152,0.571,-2.742959,gps_course,4,0.447,2.000,7,508090.002,3881297.244,-0.062342,0.032819,0.032314,0.5600,,,TRACKING|w0 d0 L4
23.027485,129.088764833333,35.074406833333,508092.600,3881298.152,0.571,-2.742959,gps_course,4,0.447,2.000,7,508090.002,3881297.244,-0.062342,0.032819,0.032516,0.5600,,,TRACKING|w0 d0 L4
23.078267,129.088763500000,35.074406333333,508092.478,3881298.097,0.590,-2.731091,gps_course,5,0.551,2.000,7,508090.002,3881297.244,-0.078926,0.043631,0.036962,0.5600,,,TRACKING|w0 d0 L5
23.127567,129.088763500000,35.074406333333,508092.478,3881298.097,0.590,-2.731091,gps_course,5,0.551,2.000,7,508090.002,3881297.244,-0.078926,0.043631,0.039630,0.5600,,,TRACKING|w0 d0 L5
23.177863,129.088763500000,35.074406333333,508092.478,3881298.097,0.590,-2.731091,gps_course,5,0.551,2.000,7,508090.002,3881297.244,-0.078926,0.000000,0.023778,0.5600,,,TRACKING|w0 d0 L5
23.227493,129.088763500000,35.074406333333,508092.478,3881298.097,0.590,-2.731091,gps_course,5,0.551,2.000,7,508090.002,3881297.244,-0.078926,0.000000,0.014267,0.5600,,,TRACKING|w0 d0 L5
23.277669,129.088763500000,35.074406333333,508092.478,3881298.097,0.590,-2.731091,gps_course,5,0.551,2.000,7,508090.002,3881297.244,-0.078926,0.000000,0.008560,0.5600,,,TRACKING|w0 d0 L5
23.327560,129.088763000000,35.074406166667,508092.433,3881298.078,0.175,-2.974683,gps_course,5,0.502,2.000,7,508090.002,3881297.244,0.163622,0.000000,0.005136,0.5600,,,TRACKING|w0 d0 L5
23.377484,129.088763000000,35.074406166667,508092.433,3881298.078,0.175,-2.974683,gps_course,5,0.502,2.000,7,508090.002,3881297.244,0.163622,0.000000,0.003082,0.5600,,,TRACKING|w0 d0 L5
23.428938,129.088763000000,35.074406166667,508092.433,3881298.078,0.175,-2.974683,gps_course,5,0.502,2.000,7,508090.002,3881297.244,0.163622,0.000000,0.001849,0.5600,,,TRACKING|w0 d0 L5
23.477512,129.088763000000,35.074406166667,508092.433,3881298.078,0.175,-2.974683,gps_course,5,0.502,2.000,7,508090.002,3881297.244,0.163622,0.000000,0.001109,0.5600,,,TRACKING|w0 d0 L5
23.527759,129.088763000000,35.074406166667,508092.433,3881298.078,0.175,-2.974683,gps_course,5,0.502,2.000,7,508090.002,3881297.244,0.163622,0.000000,0.000666,0.5600,,,TRACKING|w0 d0 L5
23.577572,129.088763000000,35.074406000000,508092.433,3881298.060,0.019,-2.974683,gps_course,5,0.493,2.000,7,508090.002,3881297.244,0.156800,0.000000,0.000399,0.5600,,,TRACKING|w0 d0 L5
23.627550,129.088763000000,35.074406000000,508092.433,3881298.060,0.019,-2.974683,gps_course,5,0.493,2.000,7,508090.002,3881297.244,0.156800,0.000000,0.000240,0.5600,,,TRACKING|w0 d0 L5
23.677629,129.088763000000,35.074406000000,508092.433,3881298.060,0.019,-2.974683,gps_course,5,0.493,2.000,7,508090.002,3881297.244,0.156800,0.000000,0.000144,0.5600,,,TRACKING|w0 d0 L5
23.727510,129.088763000000,35.074406000000,508092.433,3881298.060,0.019,-2.974683,gps_course,5,0.493,2.000,7,508090.002,3881297.244,0.156800,0.000000,0.000086,0.5600,,,TRACKING|w0 d0 L5
23.777840,129.088763000000,35.074406000000,508092.433,3881298.060,0.019,-2.974683,gps_course,5,0.493,2.000,7,508090.002,3881297.244,0.156800,0.000000,0.000052,0.5600,,,TRACKING|w0 d0 L5
23.827467,129.088763000000,35.074406166667,508092.433,3881298.078,0.026,-2.974683,gps_course,5,0.502,2.000,7,508090.002,3881297.244,0.163622,0.000000,0.000031,0.5600,,,TRACKING|w0 d0 L5
23.877586,129.088763000000,35.074406166667,508092.433,3881298.078,0.026,-2.974683,gps_course,5,0.502,2.000,7,508090.002,3881297.244,0.163622,0.000000,0.000019,0.5600,,,TRACKING|w0 d0 L5
23.927647,129.088763000000,35.074406166667,508092.433,3881298.078,0.026,-2.974683,gps_course,5,0.502,2.000,7,508090.002,3881297.244,0.163622,0.000000,0.000011,0.5600,,,TRACKING|w0 d0 L5
23.977930,129.088763000000,35.074406166667,508092.433,3881298.078,0.026,-2.974683,gps_course,5,0.502,2.000,7,508090.002,3881297.244,0.163622,0.000000,0.000007,0.5600,,,TRACKING|w0 d0 L5
24.027659,129.088763000000,35.074406166667,508092.433,3881298.078,0.026,-2.974683,gps_course,5,0.502,2.000,7,508090.002,3881297.244,0.163622,0.000000,0.000004,0.5600,,,TRACKING|w0 d0 L5
24.077518,129.088763000000,35.074406166667,508092.433,3881298.078,0.026,-2.974683,gps_course,5,0.502,2.000,7,508090.002,3881297.244,0.163622,0.000000,0.000002,0.5600,,,TRACKING|w0 d0 L5
24.127575,129.088763000000,35.074406166667,508092.433,3881298.078,0.007,-2.974683,gps_course,5,0.502,2.000,7,508090.002,3881297.244,0.163622,0.000000,0.000001,0.5600,,,TRACKING|w0 d0 L5
24.177528,129.088763000000,35.074406166667,508092.433,3881298.078,0.007,-2.974683,gps_course,5,0.502,2.000,7,508090.002,3881297.244,0.163622,0.000000,0.000001,0.5600,,,TRACKING|w0 d0 L5
24.228454,129.088763000000,35.074406166667,508092.433,3881298.078,0.007,-2.974683,gps_course,5,0.502,2.000,7,508090.002,3881297.244,0.163622,0.000000,0.000001,0.5600,,,TRACKING|w0 d0 L5
24.277510,129.088763000000,35.074406166667,508092.433,3881298.078,0.007,-2.974683,gps_course,5,0.502,2.000,7,508090.002,3881297.244,0.163622,0.000000,0.000000,0.5600,,,TRACKING|w0 d0 L5
24.327704,129.088763166667,35.074406166667,508092.448,3881298.078,0.009,-2.974683,gps_course,5,0.515,2.000,7,508090.002,3881297.244,0.161718,0.000000,0.000000,0.5600,,,TRACKING|w0 d0 L5
24.377666,129.088763166667,35.074406166667,508092.448,3881298.078,0.009,-2.974683,gps_course,5,0.515,2.000,7,508090.002,3881297.244,0.161718,0.000000,0.000000,0.5600,,,TRACKING|w0 d0 L5
24.427636,129.088763166667,35.074406166667,508092.448,3881298.078,0.009,-2.974683,gps_course,5,0.515,2.000,7,508090.002,3881297.244,0.161718,0.000000,0.000000,0.5600,,,TRACKING|w0 d0 L5
24.477732,129.088763166667,35.074406166667,508092.448,3881298.078,0.009,-2.974683,gps_course,5,0.515,2.000,7,508090.002,3881297.244,0.161718,0.000000,0.000000,0.5600,,,TRACKING|w0 d0 L5
24.527537,129.088763166667,35.074406166667,508092.448,3881298.078,0.009,-2.974683,gps_course,5,0.515,2.000,7,508090.002,3881297.244,0.161718,0.000000,0.000000,0.5600,,,TRACKING|w0 d0 L5
24.577785,129.088763000000,35.074406166667,508092.433,3881298.078,0.015,-2.974683,gps_course,5,0.502,2.000,7,508090.002,3881297.244,0.163622,0.000000,0.000000,0.5600,,,TRACKING|w0 d0 L5
24.627498,129.088763000000,35.074406166667,508092.433,3881298.078,0.015,-2.974683,gps_course,5,0.502,2.000,7,508090.002,3881297.244,0.163622,0.000000,0.000000,0.5600,,,TRACKING|w0 d0 L5
24.678769,129.088763000000,35.074406166667,508092.433,3881298.078,0.015,-2.974683,gps_course,5,0.502,2.000,7,508090.002,3881297.244,0.163622,0.000000,0.000000,0.5600,,,TRACKING|w0 d0 L5
24.727491,129.088763000000,35.074406166667,508092.433,3881298.078,0.015,-2.974683,gps_course,5,0.502,2.000,7,508090.002,3881297.244,0.163622,0.000000,0.000000,0.5600,,,TRACKING|w0 d0 L5
24.777586,129.088763000000,35.074406166667,508092.433,3881298.078,0.015,-2.974683,gps_course,5,0.502,2.000,7,508090.002,3881297.244,0.163622,0.000000,0.000000,0.5600,,,TRACKING|w0 d0 L5
24.827389,129.088762833333,35.074406166667,508092.418,3881298.078,0.065,-2.974683,gps_course,5,0.489,2.000,7,508090.002,3881297.244,0.165547,0.000000,0.000000,0.5600,,,TRACKING|w0 d0 L5
24.879430,129.088762833333,35.074406166667,508092.418,3881298.078,0.065,-2.974683,gps_course,5,0.489,2.000,7,508090.002,3881297.244,0.165547,0.000000,0.000000,0.5600,,,TRACKING|w0 d0 L5
24.927661,129.088762833333,35.074406166667,508092.418,3881298.078,0.065,-2.974683,gps_course,5,0.489,2.000,7,508090.002,3881297.244,0.165547,0.000000,0.000000,0.5600,,,TRACKING|w0 d0 L5
24.977464,129.088762833333,35.074406166667,508092.418,3881298.078,0.065,-2.974683,gps_course,5,0.489,2.000,7,508090.002,3881297.244,0.165547,0.000000,0.000000,0.5600,,,TRACKING|w0 d0 L5
25.028043,129.088762833333,35.074406166667,508092.418,3881298.078,0.065,-2.974683,gps_course,5,0.489,2.000,7,508090.002,3881297.244,0.165547,0.000000,0.000000,0.5600,,,TRACKING|w0 d0 L5
25.077532,129.088762833333,35.074406166667,508092.418,3881298.078,0.065,-2.974683,gps_course,5,0.489,2.000,7,508090.002,3881297.244,0.165547,0.000000,0.000000,0.5600,,,TRACKING|w0 d0 L5
25.130370,129.088762500000,35.074406000000,508092.387,3881298.060,0.147,3.054690,gps_course,5,0.453,2.000,7,508090.002,3881297.244,0.416351,0.000000,0.000000,0.5600,,,TRACKING|w0 d0 L5
25.177642,129.088762500000,35.074406000000,508092.387,3881298.060,0.147,3.054690,gps_course,5,0.453,2.000,7,508090.002,3881297.244,0.416351,-0.228603,-0.028363,0.5600,,,TRACKING|w0 d0 L5
25.227550,129.088762500000,35.074406000000,508092.387,3881298.060,0.147,3.054690,gps_course,5,0.453,2.000,7,508090.002,3881297.244,0.416351,-0.228603,-0.058308,0.5600,,,TRACKING|w0 d0 L5
25.277642,129.088762500000,35.074406000000,508092.387,3881298.060,0.147,3.054690,gps_course,5,0.453,2.000,7,508090.002,3881297.244,0.416351,-0.228603,-0.088363,0.5600,,,TRACKING|w0 d0 L5
25.327652,129.088762166667,35.074405833333,508092.357,3881298.041,0.157,2.815774,gps_course,5,0.418,2.000,7,508090.002,3881297.244,0.652173,-0.260000,-0.118369,0.5600,,,TRACKING|w0 d0 L5
25.377635,129.088762166667,35.074405833333,508092.357,3881298.041,0.157,2.815774,gps_course,5,0.418,2.000,7,508090.002,3881297.244,0.652173,-0.260000,-0.148359,0.5600,,,TRACKING|w0 d0 L5
25.427512,129.088762166667,35.074405833333,508092.357,3881298.041,0.157,2.815774,gps_course,5,0.418,2.000,7,508090.002,3881297.244,0.652173,-0.260000,-0.178286,0.5600,,,TRACKING|w0 d0 L5
25.478321,129.088762166667,35.074405833333,508092.357,3881298.041,0.157,2.815774,gps_course,5,0.418,2.000,7,508090.002,3881297.244,0.652173,-0.260000,-0.208771,0.5600,,,TRACKING|w0 d0 L5
25.527783,129.088762166667,35.074405833333,508092.357,3881298.041,0.157,2.815774,gps_course,5,0.418,2.000,7,508090.002,3881297.244,0.652173,-0.260000,-0.229262,0.5600,,,TRACKING|w0 d0 L5
25.579185,129.088761666667,35.074405666667,508092.311,3881298.023,0.201,3.067115,gps_course,5,0.369,2.000,7,508090.002,3881297.244,0.399627,-0.227530,-0.228569,0.5600,,,TRACKING|w0 d0 L5
25.627853,129.088761666667,35.074405666667,508092.311,3881298.023,0.201,3.067115,gps_course,5,0.369,2.000,7,508090.002,3881297.244,0.399627,-0.227530,-0.228153,0.5600,,,TRACKING|w0 d0 L5
25.677462,129.088761666667,35.074405666667,508092.311,3881298.023,0.201,3.067115,gps_course,5,0.369,2.000,7,508090.002,3881297.244,0.399627,-0.227530,-0.227904,0.5600,,,TRACKING|w0 d0 L5
25.727626,129.088761666667,35.074405666667,508092.311,3881298.023,0.201,3.067115,gps_course,5,0.369,2.000,7,508090.002,3881297.244,0.399627,-0.227530,-0.227754,0.5600,,,TRACKING|w0 d0 L5
25.777520,129.088761666667,35.074405666667,508092.311,3881298.023,0.201,3.067115,gps_course,5,0.369,2.000,7,508090.002,3881297.244,0.399627,-0.227530,-0.227664,0.5600,,,TRACKING|w0 d0 L5
25.827975,129.088761166667,35.074405500000,508092.266,3881298.004,0.211,-2.970955,gps_course,5,0.320,2.000,7,508090.002,3881297.244,0.153257,-0.092451,-0.197391,0.5600,,,TRACKING|w0 d0 L5
25.877498,129.088761166667,35.074405500000,508092.266,3881298.004,0.211,-2.970955,gps_course,5,0.320,2.000,7,508090.002,3881297.244,0.153257,-0.092451,-0.167677,0.5600,,,TRACKING|w0 d0 L5
25.927783,129.088761166667,35.074405500000,508092.266,3881298.004,0.211,-2.970955,gps_course,5,0.320,2.000,7,508090.002,3881297.244,0.153257,-0.092451,-0.137587,0.5600,,,TRACKING|w0 d0 L5
25.977620,129.088761166667,35.074405500000,508092.266,3881298.004,0.211,-2.970955,gps_course,5,0.320,2.000,7,508090.002,3881297.244,0.153257,-0.092451,-0.119532,0.5600,,,TRACKING|w0 d0 L5
26.027512,129.088761166667,35.074405500000,508092.266,3881298.004,0.211,-2.970955,gps_course,5,0.320,2.000,7,508090.002,3881297.244,0.153257,-0.092451,-0.108699,0.5600,,,TRACKING|w0 d0 L5
26.077504,129.088761166667,35.074405500000,508092.266,3881298.004,0.211,-2.970955,gps_course,5,0.320,2.000,7,508090.002,3881297.244,0.153257,-0.092451,-0.102200,0.5600,,,TRACKING|w0 d0 L5
26.127726,129.088760500000,35.074405333333,508092.205,3881297.986,0.219,-2.727950,gps_course,5,0.259,2.000,7,508090.002,3881297.244,-0.088989,0.055393,-0.072067,0.5600,,,TRACKING|w0 d0 L5
26.177720,129.088760500000,35.074405333333,508092.205,3881297.986,0.219,-2.727950,gps_course,5,0.259,2.000,7,508090.002,3881297.244,-0.088989,0.055393,-0.042071,0.5600,,,TRACKING|w0 d0 L5
26.227492,129.088760500000,35.074405333333,508092.205,3881297.986,0.219,-2.727950,gps_course,5,0.259,2.000,7,508090.002,3881297.244,-0.088989,0.055393,-0.012207,0.5600,,,TRACKING|w0 d0 L5
26.277706,129.088760500000,35.074405333333,508092.205,3881297.986,0.219,-2.727950,gps_course,5,0.259,2.000,7,508090.002,3881297.244,-0.088989,0.055393,0.014833,0.5600,,,TRACKING|w0 d0 L5
26.327563,129.088759833333,35.074405000000,508092.144,3881297.949,0.268,-2.767220,gps_course,5,0.188,2.000,7,508090.002,3881297.244,-0.056687,0.036421,0.023468,0.5600,,,TRACKING|w0 d0 L5
26.377874,129.088759833333,35.074405000000,508092.144,3881297.949,0.268,-2.767220,gps_course,5,0.188,2.000,7,508090.002,3881297.244,-0.056687,0.036421,0.028649,0.5600,,,TRACKING|w0 d0 L5
26.427492,129.088759833333,35.074405000000,508092.144,3881297.949,0.268,-2.767220,gps_course,5,0.188,2.000,7,508090.002,3881297.244,-0.056687,0.036421,0.031758,0.5600,,,TRACKING|w0 d0 L5
26.477504,129.088759833333,35.074405000000,508092.144,3881297.949,0.268,-2.767220,gps_course,5,0.188,2.000,7,508090.002,3881297.244,-0.056687,0.036421,0.033623,0.5600,,,TRACKING|w0 d0 L5
26.528010,129.088759833333,35.074405000000,508092.144,3881297.949,0.268,-2.767220,gps_course,5,0.188,2.000,7,508090.002,3881297.244,-0.056687,0.036421,0.034742,0.5600,,,TRACKING|w0 d0 L5
26.577497,129.088759000000,35.074404666667,508092.068,3881297.912,0.348,-2.676462,gps_course,5,0.106,2.000,7,508090.002,3881297.244,-0.152722,0.101261,0.061349,0.5600,,,TRACKING|w0 d0 L5
26.627597,129.088759000000,35.074404666667,508092.068,3881297.912,0.348,-2.676462,gps_course,5,0.106,2.000,7,508090.002,3881297.244,-0.152722,0.101261,0.077314,0.5600,,,TRACKING|w0 d0 L5
26.677540,129.088759000000,35.074404666667,508092.068,3881297.912,0.348,-2.676462,gps_course,5,0.106,2.000,7,508090.002,3881297.244,-0.152722,0.101261,0.086893,0.5600,,,TRACKING|w0 d0 L5
26.728389,129.088759000000,35.074404666667,508092.068,3881297.912,0.348,-2.676462,gps_course,5,0.106,2.000,7,508090.002,3881297.244,-0.152722,0.101261,0.092640,0.5600,,,TRACKING|w0 d0 L5
26.777514,129.088759000000,35.074404666667,508092.068,3881297.912,0.348,-2.676462,gps_course,5,0.106,2.000,7,508090.002,3881297.244,-0.152722,0.101261,0.096088,0.5600,,,TRACKING|w0 d0 L5
26.827824,129.088758000000,35.074404333333,508091.977,3881297.875,0.344,-2.708053,gps_course,5,0.040,2.000,7,508090.002,3881297.244,-0.124626,0.086734,0.092347,0.5600,,,TRACKING|w0 d0 L5
26.877579,129.088758000000,35.074404333333,508091.977,3881297.875,0.344,-2.708053,gps_course,5,0.040,2.000,7,508090.002,3881297.244,-0.124626,0.086734,0.090102,0.5600,,,TRACKING|w0 d0 L5
26.927557,129.088758000000,35.074404333333,508091.977,3881297.875,0.344,-2.708053,gps_course,5,0.040,2.000,7,508090.002,3881297.244,-0.124626,0.086734,0.088755,0.5600,,,TRACKING|w0 d0 L5
26.977708,129.088758000000,35.074404333333,508091.977,3881297.875,0.344,-2.708053,gps_course,5,0.040,2.000,7,508090.002,3881297.244,-0.124626,0.086734,0.087946,0.5600,,,TRACKING|w0 d0 L5
27.027447,129.088758000000,35.074404333333,508091.977,3881297.875,0.344,-2.708053,gps_course,5,0.040,2.000,7,508090.002,3881297.244,-0.124626,0.086734,0.087462,0.5600,,,TRACKING|w0 d0 L5
27.077558,129.088758000000,35.074404333333,508091.977,3881297.875,0.426,-2.668085,gps_course,5,0.040,2.000,7,508090.002,3881297.244,-0.164594,0.114119,0.098125,0.5600,,,TRACKING|w0 d0 L5
27.127523,129.088757000000,35.074403833333,508091.886,3881297.819,0.426,-2.668085,gps_course,5,0.108,2.000,8,508088.923,3881297.428,-0.342365,0.161481,0.123467,0.5600,,,TRACKING|w0 d0 L5
27.179044,129.088757000000,35.074403833333,508091.886,3881297.819,0.426,-2.668085,gps_course,5,0.108,2.000,8,508088.923,3881297.428,-0.342365,0.161481,0.138672,0.5600,,,TRACKING|w0 d0 L5
27.227522,129.088757000000,35.074403833333,508091.886,3881297.819,0.426,-2.668085,gps_course,5,0.108,2.000,8,508088.923,3881297.428,-0.342365,0.161481,0.147796,0.5600,,,TRACKING|w0 d0 L5
27.277555,129.088757000000,35.074403833333,508091.886,3881297.819,0.426,-2.668085,gps_course,5,0.108,2.000,8,508088.923,3881297.428,-0.342365,0.161481,0.153270,0.5600,,,TRACKING|w0 d0 L5
27.327819,129.088755833333,35.074403500000,508091.780,3881297.782,0.441,-2.638240,gps_course,5,0.220,2.000,8,508088.923,3881297.428,-0.380145,0.184806,0.165884,0.5600,,,TRACKING|w0 d0 L5
27.377674,129.088755833333,35.074403500000,508091.780,3881297.782,0.441,-2.638240,gps_course,5,0.220,2.000,8,508088.923,3881297.428,-0.380145,0.184806,0.173453,0.5600,,,TRACKING|w0 d0 L5
27.427823,129.088755833333,35.074403500000,508091.780,3881297.782,0.441,-2.638240,gps_course,5,0.220,2.000,8,508088.923,3881297.428,-0.380145,0.184806,0.177994,0.5600,,,TRACKING|w0 d0 L5
27.477586,129.088755833333,35.074403500000,508091.780,3881297.782,0.441,-2.638240,gps_course,5,0.220,2.000,8,508088.923,3881297.428,-0.380145,0.184806,0.180719,0.5600,,,TRACKING|w0 d0 L5
27.527644,129.088755833333,35.074403500000,508091.780,3881297.782,0.441,-2.638240,gps_course,5,0.220,2.000,8,508088.923,3881297.428,-0.380145,0.184806,0.182354,0.5600,,,TRACKING|w0 d0 L5
27.577517,129.088754833333,35.074403000000,508091.689,3881297.726,0.425,-2.757446,gps_course,5,0.324,2.000,8,508088.923,3881297.428,-0.276728,0.141488,0.166008,0.5600,,,TRACKING|w0 d0 L5
27.627878,129.088754833333,35.074403000000,508091.689,3881297.726,0.425,-2.757446,gps_course,5,0.324,2.000,8,508088.923,3881297.428,-0.276728,0.141488,0.156200,0.5600,,,TRACKING|w0 d0 L5
27.677766,129.088754833333,35.074403000000,508091.689,3881297.726,0.425,-2.757446,gps_course,5,0.324,2.000,8,508088.923,3881297.428,-0.276728,0.141488,0.150315,0.5600,,,TRACKING|w0 d0 L5
27.727519,129.088754833333,35.074403000000,508091.689,3881297.726,0.425,-2.757446,gps_course,5,0.324,2.000,8,508088.923,3881297.428,-0.276728,0.141488,0.146785,0.5600,,,TRACKING|w0 d0 L5
27.777669,129.088754833333,35.074403000000,508091.689,3881297.726,0.425,-2.757446,gps_course,5,0.324,2.000,8,508088.923,3881297.428,-0.276728,0.141488,0.144666,0.5600,,,TRACKING|w0 d0 L5
27.827469,129.088753666667,35.074402333333,508091.582,3881297.652,0.545,-2.578724,gps_course,5,0.450,2.000,8,508088.923,3881297.428,-0.478764,0.245301,0.174546,0.5600,,,TRACKING|w0 d0 L5
27.879721,129.088753666667,35.074402333333,508091.582,3881297.652,0.545,-2.578724,gps_course,5,0.450,2.000,8,508088.923,3881297.428,-0.478764,0.245301,0.202848,0.5600,,,TRACKING|w0 d0 L5
27.927609,129.088753666667,35.074402333333,508091.582,3881297.652,0.545,-2.578724,gps_course,5,0.450,2.000,8,508088.923,3881297.428,-0.478764,0.245301,0.219829,0.5600,,,TRACKING|w0 d0 L5
27.977521,129.088753666667,35.074402333333,508091.582,3881297.652,0.545,-2.578724,gps_course,5,0.450,2.000,8,508088.923,3881297.428,-0.478764,0.245301,0.230018,0.5600,,,TRACKING|w0 d0 L5
28.027701,129.088753666667,35.074402333333,508091.582,3881297.652,0.545,-2.578724,gps_course,5,0.450,2.000,8,508088.923,3881297.428,-0.478764,0.245301,0.236131,0.5600,,,TRACKING|w0 d0 L5
28.077490,129.088753666667,35.074402333333,508091.582,3881297.652,0.545,-2.578724,gps_course,5,0.450,2.000,8,508088.923,3881297.428,-0.478764,0.245301,0.239799,0.5600,,,TRACKING|w0 d0 L5
28.127933,129.088752500000,35.074402000000,508091.476,3881297.615,0.447,-2.750988,gps_course,6,0.489,2.000,8,508088.923,3881297.428,-0.317439,0.175028,0.213891,0.5600,,,TRACKING|w0 d0 L6
28.177521,129.088752500000,35.074402000000,508091.476,3881297.615,0.447,-2.750988,gps_course,6,0.489,2.000,8,508088.923,3881297.428,-0.317439,0.175028,0.198346,0.5600,,,TRACKING|w0 d0 L6
28.227968,129.088752500000,35.074402000000,508091.476,3881297.615,0.447,-2.750988,gps_course,6,0.489,2.000,8,508088.923,3881297.428,-0.317439,0.175028,0.189019,0.5600,,,TRACKING|w0 d0 L6
28.277508,129.088752500000,35.074402000000,508091.476,3881297.615,0.447,-2.750988,gps_course,6,0.489,2.000,8,508088.923,3881297.428,-0.317439,0.175028,0.183422,0.5600,,,TRACKING|w0 d0 L6
28.327703,129.088751166667,35.074401333333,508091.354,3881297.541,0.562,-2.659533,gps_course,6,0.346,2.000,8,508088.923,3881297.428,-0.435590,0.246294,0.208571,0.5600,,,TRACKING|w0 d0 L6
28.377703,129.088751166667,35.074401333333,508091.354,3881297.541,0.562,-2.659533,gps_course,6,0.346,2.000,8,508088.923,3881297.428,-0.435590,0.246294,0.223660,0.5600,,,TRACKING|w0 d0 L6
28.427597,129.088751166667,35.074401333333,508091.354,3881297.541,0.562,-2.659533,gps_course,6,0.346,2.000,8,508088.923,3881297.428,-0.435590,0.246294,0.232714,0.5600,,,TRACKING|w0 d0 L6
28.477639,129.088751166667,35.074401333333,508091.354,3881297.541,0.562,-2.659533,gps_course,6,0.346,2.000,8,508088.923,3881297.428,-0.435590,0.246294,0.238146,0.5600,,,TRACKING|w0 d0 L6
28.527539,129.088751166667,35.074401333333,508091.354,3881297.541,0.562,-2.659533,gps_course,6,0.346,2.000,8,508088.923,3881297.428,-0.435590,0.246294,0.241405,0.5600,,,TRACKING|w0 d0 L6
28.577634,129.088749833333,35.074401000000,508091.233,3881297.504,0.509,-2.812249,gps_course,6,0.224,2.000,8,508088.923,3881297.428,-0.296458,0.181301,0.217363,0.5600,,,TRACKING|w0 d0 L6
28.627508,129.088749833333,35.074401000000,508091.233,3881297.504,0.509,-2.812249,gps_course,6,0.224,2.000,8,508088.923,3881297.428,-0.296458,0.181301,0.202938,0.5600,,,TRACKING|w0 d0 L6
28.677757,129.088749833333,35.074401000000,508091.233,3881297.504,0.509,-2.812249,gps_course,6,0.224,2.000,8,508088.923,3881297.428,-0.296458,0.181301,0.194283,0.5600,,,TRACKING|w0 d0 L6
28.727503,129.088749833333,35.074401000000,508091.233,3881297.504,0.509,-2.812249,gps_course,6,0.224,2.000,8,508088.923,3881297.428,-0.296458,0.181301,0.189090,0.5600,,,TRACKING|w0 d0 L6
28.777657,129.088749833333,35.074401000000,508091.233,3881297.504,0.509,-2.812249,gps_course,6,0.224,2.000,8,508088.923,3881297.428,-0.296458,0.181301,0.185974,0.5600,,,TRACKING|w0 d0 L6
28.827635,129.088749833333,35.074401000000,508091.233,3881297.504,0.509,-2.812249,gps_course,6,0.224,2.000,8,508088.923,3881297.428,-0.296458,0.181301,0.184105,0.5600,,,TRACKING|w0 d0 L6
28.877658,129.088748500000,35.074400666667,508091.111,3881297.467,0.478,-2.885727,gps_course,6,0.111,2.000,8,508088.923,3881297.428,-0.238087,0.155017,0.172470,0.5600,,,TRACKING|w0 d0 L6
28.928036,129.088748500000,35.074400666667,508091.111,3881297.467,0.478,-2.885727,gps_course,6,0.111,2.000,8,508088.923,3881297.428,-0.238087,0.155017,0.165489,0.5600,,,TRACKING|w0 d0 L6
28.977495,129.088748500000,35.074400666667,508091.111,3881297.467,0.478,-2.885727,gps_course,6,0.111,2.000,8,508088.923,3881297.428,-0.238087,0.155017,0.161300,0.5600,,,TRACKING|w0 d0 L6
29.028021,129.088748500000,35.074400666667,508091.111,3881297.467,0.478,-2.885727,gps_course,6,0.111,2.000,8,508088.923,3881297.428,-0.238087,0.155017,0.158787,0.5600,,,TRACKING|w0 d0 L6
29.077504,129.088748500000,35.074400666667,508091.111,3881297.467,0.478,-2.885727,gps_course,6,0.111,2.000,8,508088.923,3881297.428,-0.238087,0.155017,0.157279,0.5600,,,TRACKING|w0 d0 L6
29.128753,129.088747166667,35.074400333333,508090.990,3881297.430,0.502,-2.873510,gps_course,6,0.082,2.000,8,508088.923,3881297.428,-0.267197,0.183187,0.167642,0.5600,,,TRACKING|w0 d0 L6
29.177505,129.088747166667,35.074400333333,508090.990,3881297.430,0.502,-2.873510,gps_course,6,0.082,2.000,8,508088.923,3881297.428,-0.267197,0.183187,0.173860,0.5600,,,TRACKING|w0 d0 L6
29.227476,129.088747166667,35.074400333333,508090.990,3881297.430,0.502,-2.873510,gps_course,6,0.082,2.000,8,508088.923,3881297.428,-0.267197,0.183187,0.177591,0.5600,,,TRACKING|w0 d0 L6
29.277642,129.088747166667,35.074400333333,508090.990,3881297.430,0.502,-2.873510,gps_course,6,0.082,2.000,8,508088.923,3881297.428,-0.267197,0.183187,0.179829,0.5600,,,TRACKING|w0 d0 L6
29.327638,129.088745666667,35.074400166667,508090.853,3881297.412,0.568,-2.933724,gps_course,6,0.201,2.000,9,508087.950,3881297.963,-0.395749,0.186970,0.182686,0.5600,,,TRACKING|w0 d0 L6
29.377610,129.088745666667,35.074400166667,508090.853,3881297.412,0.568,-2.933724,gps_course,6,0.201,2.000,9,508087.950,3881297.963,-0.395749,0.186970,0.184399,0.5600,,,TRACKING|w0 d0 L6
29.427546,129.088745666667,35.074400166667,508090.853,3881297.412,0.568,-2.933724,gps_course,6,0.201,2.000,9,508087.950,3881297.963,-0.395749,0.186970,0.185428,0.5600,,,TRACKING|w0 d0 L6
29.478447,129.088745666667,35.074400166667,508090.853,3881297.412,0.568,-2.933724,gps_course,6,0.201,2.000,9,508087.950,3881297.963,-0.395749,0.186970,0.186045,0.5600,,,TRACKING|w0 d0 L6
29.527996,129.088745666667,35.074400166667,508090.853,3881297.412,0.568,-2.933724,gps_course,6,0.201,2.000,9,508087.950,3881297.963,-0.395749,0.186970,0.186415,0.5600,,,TRACKING|w0 d0 L6
29.577669,129.088744166667,35.074400000000,508090.716,3881297.393,0.535,-3.070732,gps_course,6,0.335,2.000,9,508087.950,3881297.963,-0.274256,0.138164,0.167114,0.5600,,,TRACKING|w0 d0 L6
29.627723,129.088744166667,35.074400000000,508090.716,3881297.393,0.535,-3.070732,gps_course,6,0.335,2.000,9,508087.950,3881297.963,-0.274256,0.138164,0.155534,0.5600,,,TRACKING|w0 d0 L6
29.677466,129.088744166667,35.074400000000,508090.716,3881297.393,0.535,-3.070732,gps_course,6,0.335,2.000,9,508087.950,3881297.963,-0.274256,0.138164,0.148586,0.5600,,,TRACKING|w0 d0 L6
29.727556,129.088744166667,35.074400000000,508090.716,3881297.393,0.535,-3.070732,gps_course,6,0.335,2.000,9,508087.950,3881297.963,-0.274256,0.138164,0.144417,0.5600,,,TRACKING|w0 d0 L6
29.777453,129.088744166667,35.074400000000,508090.716,3881297.393,0.535,-3.070732,gps_course,6,0.335,2.000,9,508087.950,3881297.963,-0.274256,0.138164,0.141916,0.5600,,,TRACKING|w0 d0 L6
29.828652,129.088742666667,35.074399833333,508090.580,3881297.374,0.558,-2.999697,gps_course,6,0.471,2.000,9,508087.950,3881297.963,-0.362305,0.188471,0.160538,0.5600,,,TRACKING|w0 d0 L6
29.877545,129.088742666667,35.074399833333,508090.580,3881297.374,0.558,-2.999697,gps_course,6,0.471,2.000,9,508087.950,3881297.963,-0.362305,0.188471,0.171711,0.5600,,,TRACKING|w0 d0 L6
29.927894,129.088742666667,35.074399833333,508090.580,3881297.374,0.558,-2.999697,gps_course,6,0.471,2.000,9,508087.950,3881297.963,-0.362305,0.188471,0.178415,0.5600,,,TRACKING|w0 d0 L6
29.977635,129.088742666667,35.074399833333,508090.580,3881297.374,0.558,-2.999697,gps_course,6,0.471,2.000,9,508087.950,3881297.963,-0.362305,0.188471,0.182438,0.5600,,,TRACKING|w0 d0 L6
30.029311,129.088742666667,35.074399833333,508090.580,3881297.374,0.558,-2.999697,gps_course,6,0.471,2.000,9,508087.950,3881297.963,-0.362305,0.188471,0.184851,0.5600,,,TRACKING|w0 d0 L6
30.077715,129.088742666667,35.074399833333,508090.580,3881297.374,0.558,-2.999697,gps_course,6,0.471,2.000,9,508087.950,3881297.963,-0.362305,0.188471,0.186299,0.5600,,,TRACKING|w0 d0 L6
30.127576,129.088741166667,35.074399833333,508090.443,3881297.374,0.542,-3.128852,gps_course,7,0.459,2.000,9,508087.950,3881297.963,-0.244871,0.136398,0.166339,0.5600,,,TRACKING|w0 d0 L7
30.178025,129.088741166667,35.074399833333,508090.443,3881297.374,0.542,-3.128852,gps_course,7,0.459,2.000,9,508087.950,3881297.963,-0.244871,0.136398,0.154363,0.5600,,,TRACKING|w0 d0 L7
30.227805,129.088741166667,35.074399833333,508090.443,3881297.374,0.542,-3.128852,gps_course,7,0.623,2.000,9,508087.951,3881297.668,-0.129971,0.074749,0.009886,0.5600,,,TRACKING|w0 d0 L7
30.277698,129.088741166667,35.074399833333,508090.443,3881297.374,0.542,-3.128852,gps_course,7,0.623,2.000,9,508087.951,3881297.668,-0.129971,0.074749,0.035831,0.5600,,,TRACKING|w0 d0 L7
30.327617,129.088740666667,35.074399666667,508090.397,3881297.356,0.187,2.933160,gps_course,7,0.578,2.000,9,508087.951,3881297.668,0.081583,-0.047872,0.005880,0.5600,,,TRACKING|w0 d0 L7
30.377689,129.088740666667,35.074399666667,508090.397,3881297.356,0.187,2.933160,gps_course,7,0.578,2.000,9,508087.951,3881297.668,0.081583,-0.047872,-0.015621,0.5600,,,TRACKING|w0 d0 L7
30.427656,129.088740666667,35.074399666667,508090.397,3881297.356,0.187,2.933160,gps_course,7,0.578,2.000,9,508087.951,3881297.668,0.081583,-0.047872,-0.028521,0.5600,,,TRACKING|w0 d0 L7
30.477532,129.088740666667,35.074399666667,508090.397,3881297.356,0.187,2.933160,gps_course,7,0.578,2.000,9,508087.951,3881297.668,0.081583,-0.047872,-0.036261,0.5600,,,TRACKING|w0 d0 L7
30.528051,129.088740666667,35.074399666667,508090.397,3881297.356,0.187,2.933160,gps_course,7,0.578,2.000,9,508087.951,3881297.668,0.081583,-0.047872,-0.040906,0.5600,,,TRACKING|w0 d0 L7
30.577492,129.088740500000,35.074399833333,508090.382,3881297.374,0.045,2.933160,gps_course,7,0.580,2.000,9,508087.951,3881297.668,0.088278,-0.052150,-0.045404,0.5600,,,TRACKING|w0 d0 L7
30.627996,129.088740500000,35.074399833333,508090.382,3881297.374,0.045,2.933160,gps_course,7,0.580,2.000,9,508087.951,3881297.668,0.088278,-0.052150,-0.048102,0.5600,,,TRACKING|w0 d0 L7
30.677493,129.088740500000,35.074399833333,508090.382,3881297.374,0.045,2.933160,gps_course,7,0.580,2.000,9,508087.951,3881297.668,0.088278,-0.052150,-0.049722,0.5600,,,TRACKING|w0 d0 L7
30.730067,129.088740500000,35.074399833333,508090.382,3881297.374,0.045,2.933160,gps_course,7,0.580,2.000,9,508087.951,3881297.668,0.088278,-0.052150,-0.050693,0.5600,,,TRACKING|w0 d0 L7
30.777548,129.088740500000,35.074399833333,508090.382,3881297.374,0.045,2.933160,gps_course,7,0.580,2.000,9,508087.951,3881297.668,0.088278,-0.052150,-0.051276,0.5600,,,TRACKING|w0 d0 L7
30.827588,129.088740666667,35.074399833333,508090.397,3881297.374,0.016,2.933160,gps_course,7,0.591,2.000,9,508087.951,3881297.668,0.089022,-0.052267,-0.051672,0.5600,,,TRACKING|w0 d0 L7
30.877645,129.088740666667,35.074399833333,508090.397,3881297.374,0.016,2.933160,gps_course,7,0.591,2.000,9,508087.951,3881297.668,0.089022,-0.052267,-0.051910,0.5600,,,TRACKING|w0 d0 L7
30.927580,129.088740666667,35.074399833333,508090.397,3881297.374,0.016,2.933160,gps_course,7,0.591,2.000,9,508087.951,3881297.668,0.089022,-0.052267,-0.052053,0.5600,,,TRACKING|w0 d0 L7
30.977790,129.088740666667,35.074399833333,508090.397,3881297.374,0.016,2.933160,gps_course,7,0.591,2.000,9,508087.951,3881297.668,0.089022,-0.052267,-0.052139,0.5600,,,TRACKING|w0 d0 L7
31.027442,129.088740666667,35.074399833333,508090.397,3881297.374,0.016,2.933160,gps_course,7,0.591,2.000,9,508087.951,3881297.668,0.089022,-0.052267,-0.052190,0.5600,,,TRACKING|w0 d0 L7
31.077621,129.088740666667,35.074399833333,508090.397,3881297.374,0.016,2.933160,gps_course,7,0.591,2.000,9,508087.951,3881297.668,0.089022,-0.052267,-0.052221,0.5600,,,TRACKING|w0 d0 L7
31.127807,129.088740666667,35.074399833333,508090.397,3881297.374,0.003,2.933160,gps_course,7,0.591,2.000,9,508087.951,3881297.668,0.089022,-0.052267,-0.052239,0.5600,,,TRACKING|w0 d0 L7
31.177541,129.088740666667,35.074399833333,508090.397,3881297.374,0.003,2.933160,gps_course,7,0.591,2.000,9,508087.951,3881297.668,0.089022,-0.052267,-0.052250,0.5600,,,TRACKING|w0 d0 L7
31.227487,129.088740666667,35.074399833333,508090.397,3881297.374,0.003,2.933160,gps_course,7,0.591,2.000,9,508087.951,3881297.668,0.089022,-0.052267,-0.052257,0.5600,,,TRACKING|w0 d0 L7
31.277446,129.088740666667,35.074399833333,508090.397,3881297.374,0.003,2.933160,gps_course,7,0.591,2.000,9,508087.951,3881297.668,0.089022,-0.052267,-0.052261,0.5600,,,TRACKING|w0 d0 L7
31.327577,129.088740500000,35.074399666667,508090.382,3881297.356,0.018,2.933160,gps_course,7,0.567,2.000,9,508087.951,3881297.668,0.080793,-0.047701,-0.050437,0.5600,,,TRACKING|w0 d0 L7
31.377497,129.088740500000,35.074399666667,508090.382,3881297.356,0.018,2.933160,gps_course,7,0.567,2.000,9,508087.951,3881297.668,0.080793,-0.047701,-0.049343,0.5600,,,TRACKING|w0 d0 L7
31.427613,129.088740500000,35.074399666667,508090.382,3881297.356,0.018,2.933160,gps_course,7,0.567,2.000,9,508087.951,3881297.668,0.080793,-0.047701,-0.048686,0.5600,,,TRACKING|w0 d0 L7
31.477450,129.088740500000,35.074399666667,508090.382,3881297.356,0.018,2.933160,gps_course,7,0.567,2.000,9,508087.951,3881297.668,0.080793,-0.047701,-0.048292,0.5600,,,TRACKING|w0 d0 L7
31.528887,129.088740500000,35.074399666667,508090.382,3881297.356,0.018,2.933160,gps_course,7,0.567,2.000,9,508087.951,3881297.668,0.080793,-0.047701,-0.048056,0.5600,,,TRACKING|w0 d0 L7
31.577596,129.088740500000,35.074399666667,508090.382,3881297.356,0.022,2.933160,gps_course,7,0.567,2.000,9,508087.951,3881297.668,0.080793,-0.047701,-0.047914,0.5600,,,TRACKING|w0 d0 L7
31.627687,129.088740500000,35.074399666667,508090.382,3881297.356,0.022,2.933160,gps_course,7,0.567,2.000,9,508087.951,3881297.668,0.080793,-0.047701,-0.047829,0.5600,,,TRACKING|w0 d0 L7
31.677452,129.088740500000,35.074399666667,508090.382,3881297.356,0.022,2.933160,gps_course,7,0.567,2.000,9,508087.951,3881297.668,0.080793,-0.047701,-0.047778,0.5600,,,TRACKING|w0 d0 L7
31.727367,129.088740500000,35.074399666667,508090.382,3881297.356,0.022,2.933160,gps_course,7,0.567,2.000,9,508087.951,3881297.668,0.080793,-0.047701,-0.047747,0.5600,,,TRACKING|w0 d0 L7
31.778222,129.088740500000,35.074399666667,508090.382,3881297.356,0.022,2.933160,gps_course,7,0.567,2.000,9,508087.951,3881297.668,0.080793,-0.047701,-0.047729,0.5600,,,TRACKING|w0 d0 L7
31.827596,129.088740333333,35.074399833333,508090.367,3881297.374,0.058,2.933160,gps_course,7,0.570,2.000,9,508087.951,3881297.668,0.087524,-0.052027,-0.049448,0.5600,,,TRACKING|w0 d0 L7
31.878786,129.088740333333,35.074399833333,508090.367,3881297.374,0.058,2.933160,gps_course,7,0.570,2.000,9,508087.951,3881297.668,0.087524,-0.052027,-0.050480,0.5600,,,TRACKING|w0 d0 L7
31.927689,129.088740333333,35.074399833333,508090.367,3881297.374,0.058,2.933160,gps_course,7,0.570,2.000,9,508087.951,3881297.668,0.087524,-0.052027,-0.051099,0.5600,,,TRACKING|w0 d0 L7
31.978785,129.088740333333,35.074399833333,508090.367,3881297.374,0.058,2.933160,gps_course,7,0.570,2.000,9,508087.951,3881297.668,0.087524,-0.052027,-0.051470,0.5600,,,TRACKING|w0 d0 L7
32.027476,129.088740333333,35.074399833333,508090.367,3881297.374,0.058,2.933160,gps_course,7,0.570,2.000,9,508087.951,3881297.668,0.087524,-0.052027,-0.051693,0.5600,,,TRACKING|w0 d0 L7
32.077493,129.088740333333,35.074399833333,508090.367,3881297.374,0.058,2.933160,gps_course,7,0.570,2.000,9,508087.951,3881297.668,0.087524,-0.052027,-0.051826,0.5600,,,TRACKING|w0 d0 L7
32.127804,129.088740000000,35.074399833333,508090.337,3881297.374,0.118,2.673138,gps_course,7,0.550,2.000,9,508087.951,3881297.668,0.346010,-0.201790,-0.082013,0.5600,,,TRACKING|w0 d0 L7
32.177539,129.088740000000,35.074399833333,508090.337,3881297.374,0.118,2.673138,gps_course,7,0.550,2.000,9,508087.951,3881297.668,0.346010,-0.201790,-0.111854,0.5600,,,TRACKING|w0 d0 L7
32.229300,129.088740000000,35.074399833333,508090.337,3881297.374,0.118,2.673138,gps_course,7,0.550,2.000,9,508087.951,3881297.668,0.346010,-0.201790,-0.142911,0.5600,,,TRACKING|w0 d0 L7
32.277481,129.088740000000,35.074399833333,508090.337,3881297.374,0.118,2.673138,gps_course,7,0.550,2.000,9,508087.951,3881297.668,0.346010,-0.201790,-0.166463,0.5600,,,TRACKING|w0 d0 L7
32.327919,129.088739500000,35.074399833333,508090.291,3881297.374,0.171,2.428531,gps_course,7,0.523,2.000,9,508087.951,3881297.668,0.588240,-0.260000,-0.196725,0.5600,,,TRACKING|w0 d0 L7
32.377472,129.088739500000,35.074399833333,508090.291,3881297.374,0.171,2.428531,gps_course,7,0.523,2.000,9,508087.951,3881297.668,0.588240,-0.260000,-0.222035,0.5600,,,TRACKING|w0 d0 L7
32.427534,129.088739500000,35.074399833333,508090.291,3881297.374,0.171,2.428531,gps_course,7,0.523,2.000,9,508087.951,3881297.668,0.588240,-0.260000,-0.237221,0.5600,,,TRACKING|w0 d0 L7
32.477707,129.088739500000,35.074399833333,508090.291,3881297.374,0.171,2.428531,gps_course,7,0.523,2.000,9,508087.951,3881297.668,0.588240,-0.260000,-0.246333,0.5600,,,TRACKING|w0 d0 L7
32.527765,129.088739500000,35.074399833333,508090.291,3881297.374,0.171,2.428531,gps_course,7,0.523,2.000,9,508087.951,3881297.668,0.588240,-0.260000,-0.251800,0.5600,,,TRACKING|w0 d0 L7
32.577510,129.088739000000,35.074399833333,508090.245,3881297.374,0.199,2.674891,gps_course,7,0.497,2.000,9,508087.951,3881297.668,0.339409,-0.205724,-0.233369,0.5600,,,TRACKING|w0 d0 L7
32.627508,129.088739000000,35.074399833333,508090.245,3881297.374,0.199,2.674891,gps_course,7,0.497,2.000,9,508087.951,3881297.668,0.339409,-0.205724,-0.222311,0.5600,,,TRACKING|w0 d0 L7
32.678791,129.088739000000,35.074399833333,508090.245,3881297.374,0.199,2.674891,gps_course,7,0.497,2.000,9,508087.951,3881297.668,0.339409,-0.205724,-0.215676,0.5600,,,TRACKING|w0 d0 L7
32.727512,129.088739000000,35.074399833333,508090.245,3881297.374,0.199,2.674891,gps_course,7,0.497,2.000,9,508087.951,3881297.668,0.339409,-0.205724,-0.211695,0.5600,,,TRACKING|w0 d0 L7
32.777725,129.088739000000,35.074399833333,508090.245,3881297.374,0.199,2.674891,gps_course,7,0.497,2.000,9,508087.951,3881297.668,0.339409,-0.205724,-0.209307,0.5600,,,TRACKING|w0 d0 L7
32.827430,129.088738333333,35.074399833333,508090.185,3881297.374,0.240,2.930710,gps_course,7,0.469,2.000,9,508087.951,3881297.668,0.080142,-0.051475,-0.179484,0.5600,,,TRACKING|w0 d0 L7
32.878739,129.088738333333,35.074399833333,508090.185,3881297.374,0.240,2.930710,gps_course,7,0.469,2.000,9,508087.951,3881297.668,0.080142,-0.051475,-0.148699,0.5600,,,TRACKING|w0 d0 L7
32.927787,129.088738333333,35.074399833333,508090.185,3881297.374,0.240,2.930710,gps_course,7,0.469,2.000,9,508087.951,3881297.668,0.080142,-0.051475,-0.119270,0.5600,,,TRACKING|w0 d0 L7
32.977453,129.088738333333,35.074399833333,508090.185,3881297.374,0.240,2.930710,gps_course,7,0.469,2.000,9,508087.951,3881297.668,0.080142,-0.051475,-0.092152,0.5600,,,TRACKING|w0 d0 L7
33.028049,129.088738333333,35.074399833333,508090.185,3881297.374,0.240,2.930710,gps_course,7,0.469,2.000,9,508087.951,3881297.668,0.080142,-0.051475,-0.075881,0.5600,,,TRACKING|w0 d0 L7
33.077500,129.088738333333,35.074399833333,508090.185,3881297.374,0.240,2.930710,gps_course,7,0.469,2.000,9,508087.951,3881297.668,0.080142,-0.051475,-0.066119,0.5600,,,TRACKING|w0 d0 L7
33.127676,129.088737666667,35.074399833333,508090.124,3881297.374,0.242,3.095167,gps_course,7,0.447,2.000,9,508087.951,3881297.668,-0.087953,0.058017,-0.036013,0.5600,,,TRACKING|w0 d0 L7
33.177512,129.088737666667,35.074399833333,508090.124,3881297.374,0.242,3.095167,gps_course,7,0.447,2.000,9,508087.951,3881297.668,-0.087953,0.058017,-0.006112,0.5600,,,TRACKING|w0 d0 L7
33.227533,129.088737666667,35.074399833333,508090.124,3881297.374,0.242,3.095167,gps_course,7,0.447,2.000,9,508087.951,3881297.668,-0.087953,0.058017,0.019540,0.5600,,,TRACKING|w0 d0 L7
33.277821,129.088737666667,35.074399833333,508090.124,3881297.374,0.242,3.095167,gps_course,7,0.447,2.000,9,508087.951,3881297.668,-0.087953,0.058017,0.034931,0.5600,,,TRACKING|w0 d0 L7
33.328144,129.088736833333,35.074399833333,508090.048,3881297.374,0.294,3.128852,gps_course,7,0.429,2.000,9,508087.951,3881297.668,-0.126476,0.086157,0.055421,0.5600,,,TRACKING|w0 d0 L7
33.377921,129.088736833333,35.074399833333,508090.048,3881297.374,0.294,3.128852,gps_course,7,0.429,2.000,9,508087.951,3881297.668,-0.126476,0.086157,0.067716,0.5600,,,TRACKING|w0 d0 L7
33.427535,129.088736833333,35.074399833333,508090.048,3881297.374,0.294,3.128852,gps_course,7,0.429,2.000,9,508087.951,3881297.668,-0.126476,0.086157,0.075092,0.5600,,,TRACKING|w0 d0 L7
33.477632,129.088736833333,35.074399833333,508090.048,3881297.374,0.294,3.128852,gps_course,7,0.429,2.000,9,508087.951,3881297.668,-0.126476,0.086157,0.079518,0.5600,,,TRACKING|w0 d0 L7
33.527591,129.088736833333,35.074399833333,508090.048,3881297.374,0.294,3.128852,gps_course,7,0.429,2.000,9,508087.951,3881297.668,-0.126476,0.086157,0.082174,0.5600,,,TRACKING|w0 d0 L7
33.577730,129.088736000000,35.074399833333,508089.972,3881297.374,0.309,3.133215,gps_course,7,0.425,2.000,9,508087.951,3881297.668,-0.136034,0.095983,0.087697,0.5600,,,TRACKING|w0 d0 L7
33.627529,129.088736000000,35.074399833333,508089.972,3881297.374,0.309,3.133215,gps_course,7,0.425,2.000,9,508087.951,3881297.668,-0.136034,0.095983,0.091012,0.5600,,,TRACKING|w0 d0 L7
33.677554,129.088736000000,35.074399833333,508089.972,3881297.374,0.309,3.133215,gps_course,7,0.425,2.000,9,508087.951,3881297.668,-0.136034,0.095983,0.093000,0.5600,,,TRACKING|w0 d0 L7
33.727419,129.088736000000,35.074399833333,508089.972,3881297.374,0.309,3.133215,gps_course,7,0.425,2.000,9,508087.951,3881297.668,-0.136034,0.095983,0.094193,0.5600,,,TRACKING|w0 d0 L7
33.777502,129.088736000000,35.074399833333,508089.972,3881297.374,0.309,3.133215,gps_course,7,0.425,2.000,9,508087.951,3881297.668,-0.136034,0.095983,0.094909,0.5600,,,TRACKING|w0 d0 L7
33.828442,129.088735166667,35.074399833333,508089.896,3881297.374,0.353,-3.034255,gps_course,7,0.435,2.000,10,508087.145,3881298.499,-0.495490,0.227911,0.125473,0.5600,,,TRACKING|w0 d0 L7
33.877470,129.088735166667,35.074399833333,508089.896,3881297.374,0.353,-3.034255,gps_course,7,0.435,2.000,10,508087.145,3881298.499,-0.495490,0.227911,0.154890,0.5600,,,TRACKING|w0 d0 L7
33.929526,129.088735166667,35.074399833333,508089.896,3881297.374,0.353,-3.034255,gps_course,7,0.435,2.000,10,508087.145,3881298.499,-0.495490,0.227911,0.184098,0.5600,,,TRACKING|w0 d0 L7
33.977664,129.088735166667,35.074399833333,508089.896,3881297.374,0.353,-3.034255,gps_course,7,0.435,2.000,10,508087.145,3881298.499,-0.495490,0.227911,0.201623,0.5600,,,TRACKING|w0 d0 L7
34.027581,129.088735166667,35.074399833333,508089.896,3881297.374,0.353,-3.034255,gps_course,7,0.435,2.000,10,508087.145,3881298.499,-0.495490,0.227911,0.212138,0.5600,,,TRACKING|w0 d0 L7
34.077687,129.088735166667,35.074399833333,508089.896,3881297.374,0.353,-3.034255,gps_course,7,0.435,2.000,10,508087.145,3881298.499,-0.495490,0.227911,0.218447,0.5600,,,TRACKING|w0 d0 L7
34.127725,129.088734000000,35.074399666667,508089.790,3881297.355,0.386,-3.104243,gps_course,7,0.452,2.000,10,508087.145,3881298.499,-0.445439,0.213501,0.216468,0.5600,,,TRACKING|w0 d0 L7
34.177813,129.088734000000,35.074399666667,508089.790,3881297.355,0.386,-3.104243,gps_course,7,0.452,2.000,10,508087.145,3881298.499,-0.445439,0.213501,0.215281,0.5600,,,TRACKING|w0 d0 L7
34.227477,129.088734000000,35.074399666667,508089.790,3881297.355,0.386,-3.104243,gps_course,7,0.452,2.000,10,508087.145,3881298.499,-0.445439,0.213501,0.214569,0.5600,,,TRACKING|w0 d0 L7
34.277531,129.088734000000,35.074399666667,508089.790,3881297.355,0.386,-3.104243,gps_course,7,0.452,2.000,10,508087.145,3881298.499,-0.445439,0.213501,0.214142,0.5600,,,TRACKING|w0 d0 L7
34.327701,129.088732833333,35.074399666667,508089.683,3881297.355,0.429,-3.047694,gps_course,7,0.508,2.000,10,508087.145,3881298.499,-0.517180,0.252014,0.229291,0.5600,,,TRACKING|w0 d0 L7
34.377668,129.088732833333,35.074399666667,508089.683,3881297.355,0.429,-3.047694,gps_course,7,0.508,2.000,10,508087.145,3881298.499,-0.517180,0.252014,0.238380,0.5600,,,TRACKING|w0 d0 L7
34.427648,129.088732833333,35.074399666667,508089.683,3881297.355,0.429,-3.047694,gps_course,7,0.508,2.000,10,508087.145,3881298.499,-0.517180,0.252014,0.243833,0.5600,,,TRACKING|w0 d0 L7
34.477560,129.088732833333,35.074399666667,508089.683,3881297.355,0.429,-3.047694,gps_course,7,0.508,2.000,10,508087.145,3881298.499,-0.517180,0.252014,0.247106,0.5600,,,TRACKING|w0 d0 L7
34.527777,129.088732833333,35.074399666667,508089.683,3881297.355,0.429,-3.047694,gps_course,7,0.508,2.000,10,508087.145,3881298.499,-0.517180,0.252014,0.249069,0.5600,,,TRACKING|w0 d0 L7
34.577476,129.088731666667,35.074399500000,508089.577,3881297.336,0.461,-3.060784,gps_course,7,0.565,2.000,10,508087.145,3881298.499,-0.526580,0.260000,0.253441,0.5600,,,TRACKING|w0 d0 L7
34.627745,129.088731666667,35.074399500000,508089.577,3881297.336,0.461,-3.060784,gps_course,7,0.565,2.000,10,508087.145,3881298.499,-0.526580,0.260000,0.256065,0.5600,,,TRACKING|w0 d0 L7
34.677490,129.088731666667,35.074399500000,508089.577,3881297.336,0.461,-3.060784,gps_course,7,0.565,2.000,10,508087.145,3881298.499,-0.526580,0.260000,0.257639,0.5600,,,TRACKING|w0 d0 L7
34.727625,129.088731666667,35.074399500000,508089.577,3881297.336,0.461,-3.060784,gps_course,7,0.565,2.000,10,508087.145,3881298.499,-0.526580,0.260000,0.258583,0.5600,,,TRACKING|w0 d0 L7
34.777520,129.088731666667,35.074399500000,508089.577,3881297.336,0.461,-3.060784,gps_course,7,0.565,2.000,10,508087.145,3881298.499,-0.526580,0.260000,0.259150,0.5600,,,TRACKING|w0 d0 L7
34.827530,129.088730333333,35.074399500000,508089.455,3881297.336,0.492,-3.129899,gps_course,8,0.529,2.000,10,508087.145,3881298.499,-0.477767,0.252267,0.256397,0.5600,,,TRACKING|w0 d0 L8
34.877831,129.088730333333,35.074399500000,508089.455,3881297.336,0.492,-3.129899,gps_course,8,0.529,2.000,10,508087.145,3881298.499,-0.477767,0.252267,0.254745,0.5600,,,TRACKING|w0 d0 L8
34.927797,129.088730333333,35.074399500000,508089.455,3881297.336,0.492,-3.129899,gps_course,8,0.529,2.000,10,508087.145,3881298.499,-0.477767,0.252267,0.253754,0.5600,,,TRACKING|w0 d0 L8
34.978061,129.088730333333,35.074399500000,508089.455,3881297.336,0.492,-3.129899,gps_course,8,0.529,2.000,10,508087.145,3881298.499,-0.477767,0.252267,0.253159,0.5600,,,TRACKING|w0 d0 L8
35.027614,129.088730333333,35.074399500000,508089.455,3881297.336,0.492,-3.129899,gps_course,8,0.529,2.000,10,508087.145,3881298.499,-0.477767,0.252267,0.252803,0.5600,,,TRACKING|w0 d0 L8
35.077547,129.088730333333,35.074399500000,508089.455,3881297.336,0.492,-3.129899,gps_course,8,0.529,2.000,10,508087.145,3881298.499,-0.477767,0.252267,0.252589,0.5600,,,TRACKING|w0 d0 L8
35.127573,129.088728833333,35.074399666667,508089.319,3881297.355,0.526,3.050661,gps_course,8,0.423,2.000,10,508087.145,3881298.499,-0.393486,0.222563,0.240579,0.5600,,,TRACKING|w0 d0 L8
35.177619,129.088728833333,35.074399666667,508089.319,3881297.355,0.526,3.050661,gps_course,8,0.423,2.000,10,508087.145,3881298.499,-0.393486,0.222563,0.233372,0.5600,,,TRACKING|w0 d0 L8
35.227618,129.088728833333,35.074399666667,508089.319,3881297.355,0.526,3.050661,gps_course,8,0.423,2.000,10,508087.145,3881298.499,-0.393486,0.222563,0.229049,0.5600,,,TRACKING|w0 d0 L8
35.277561,129.088728833333,35.074399666667,508089.319,3881297.355,0.526,3.050661,gps_course,8,0.423,2.000,10,508087.145,3881298.499,-0.393486,0.222563,0.226455,0.5600,,,TRACKING|w0 d0 L8
35.327429,129.088727333333,35.074399833333,508089.182,3881297.373,0.520,3.090804,gps_course,8,0.340,2.000,10,508087.145,3881298.499,-0.454014,0.260000,0.239873,0.5600,,,TRACKING|w0 d0 L8
35.377484,129.088727333333,35.074399833333,508089.182,3881297.373,0.520,3.090804,gps_course,8,0.340,2.000,10,508087.145,3881298.499,-0.454014,0.260000,0.247924,0.5600,,,TRACKING|w0 d0 L8
35.428474,129.088727333333,35.074399833333,508089.182,3881297.373,0.520,3.090804,gps_course,8,0.340,2.000,10,508087.145,3881298.499,-0.454014,0.260000,0.252754,0.5600,,,TRACKING|w0 d0 L8
35.477517,129.088727333333,35.074399833333,508089.182,3881297.373,0.520,3.090804,gps_course,8,0.340,2.000,10,508087.145,3881298.499,-0.454014,0.260000,0.255653,0.5600,,,TRACKING|w0 d0 L8
35.527786,129.088727333333,35.074399833333,508089.182,3881297.373,0.520,3.090804,gps_course,8,0.340,2.000,10,508087.145,3881298.499,-0.454014,0.260000,0.257392,0.5600,,,TRACKING|w0 d0 L8
35.577440,129.088726000000,35.074399833333,508089.060,3881297.373,0.540,2.991843,gps_course,8,0.287,2.000,10,508087.145,3881298.499,-0.381560,0.238388,0.249790,0.5600,,,TRACKING|w0 d0 L8
35.628025,129.088726000000,35.074399833333,508089.060,3881297.373,0.540,2.991843,gps_course,8,0.287,2.000,10,508087.145,3881298.499,-0.381560,0.238388,0.245229,0.5600,,,TRACKING|w0 d0 L8
35.677846,129.088726000000,35.074399833333,508089.060,3881297.373,0.540,2.991843,gps_course,8,0.287,2.000,10,508087.145,3881298.499,-0.381560,0.238388,0.242493,0.5600,,,TRACKING|w0 d0 L8
35.727630,129.088726000000,35.074399833333,508089.060,3881297.373,0.540,2.991843,gps_course,8,0.287,2.000,10,508087.145,3881298.499,-0.381560,0.238388,0.240851,0.5600,,,TRACKING|w0 d0 L8
35.777730,129.088726000000,35.074399833333,508089.060,3881297.373,0.540,2.991843,gps_course,8,0.287,2.000,10,508087.145,3881298.499,-0.381560,0.238388,0.239866,0.5600,,,TRACKING|w0 d0 L8
35.827488,129.088724666667,35.074400166667,508088.939,3881297.410,0.509,2.910511,gps_course,8,0.317,2.000,10,508087.145,3881298.499,-0.314442,0.210532,0.228132,0.5600,,,TRACKING|w0 d0 L8
35.877864,129.088724666667,35.074400166667,508088.939,3881297.410,0.509,2.910511,gps_course,8,0.317,2.000,10,508087.145,3881298.499,-0.314442,0.210532,0.221092,0.5600,,,TRACKING|w0 d0 L8
35.927804,129.088724666667,35.074400166667,508088.939,3881297.410,0.509,2.910511,gps_course,8,0.317,2.000,10,508087.145,3881298.499,-0.314442,0.210532,0.216868,0.5600,,,TRACKING|w0 d0 L8
35.977599,129.088724666667,35.074400166667,508088.939,3881297.410,0.509,2.910511,gps_course,8,0.317,2.000,10,508087.145,3881298.499,-0.314442,0.210532,0.214334,0.5600,,,TRACKING|w0 d0 L8
36.027526,129.088724666667,35.074400166667,508088.939,3881297.410,0.509,2.910511,gps_course,8,0.317,2.000,10,508087.145,3881298.499,-0.314442,0.210532,0.212813,0.5600,,,TRACKING|w0 d0 L8
36.077504,129.088724666667,35.074400166667,508088.939,3881297.410,0.509,2.910511,gps_course,8,0.317,2.000,10,508087.145,3881298.499,-0.314442,0.210532,0.211901,0.5600,,,TRACKING|w0 d0 L8
36.127658,129.088723333333,35.074400500000,508088.817,3881297.447,0.490,2.954493,gps_course,8,0.389,2.000,11,508086.490,3881299.459,-0.526069,0.232403,0.220102,0.5600,,,TRACKING|w0 d0 L8
36.177514,129.088723333333,35.074400500000,508088.817,3881297.447,0.490,2.954493,gps_course,8,0.389,2.000,11,508086.490,3881299.459,-0.526069,0.232403,0.225022,0.5600,,,TRACKING|w0 d0 L8
36.228112,129.088723333333,35.074400500000,508088.817,3881297.447,0.490,2.954493,gps_course,8,0.389,2.000,11,508086.490,3881299.459,-0.526069,0.232403,0.227975,0.5600,,,TRACKING|w0 d0 L8
36.277520,129.088723333333,35.074400500000,508088.817,3881297.447,0.490,2.954493,gps_course,8,0.389,2.000,11,508086.490,3881299.459,-0.526069,0.232403,0.229746,0.5600,,,TRACKING|w0 d0 L8
36.327672,129.088723333333,35.074400500000,508088.817,3881297.447,0.490,2.954493,gps_course,8,0.389,2.000,11,508086.490,3881299.459,-0.526069,0.232403,0.230809,0.5600,,,TRACKING|w0 d0 L8
36.377571,129.088722000000,35.074401000000,508088.695,3881297.502,0.480,2.761809,gps_course,8,0.499,2.000,11,508086.490,3881299.459,-0.346174,0.165344,0.204623,0.5600,,,TRACKING|w0 d0 L8
36.427615,129.088722000000,35.074401000000,508088.695,3881297.502,0.480,2.761809,gps_course,8,0.499,2.000,11,508086.490,3881299.459,-0.346174,0.165344,0.188911,0.5600,,,TRACKING|w0 d0 L8
36.477649,129.088722000000,35.074401000000,508088.695,3881297.502,0.480,2.761809,gps_course,8,0.499,2.000,11,508086.490,3881299.459,-0.346174,0.165344,0.179484,0.5600,,,TRACKING|w0 d0 L8
36.527642,129.088722000000,35.074401000000,508088.695,3881297.502,0.480,2.761809,gps_course,8,0.499,2.000,11,508086.490,3881299.459,-0.346174,0.165344,0.173828,0.5600,,,TRACKING|w0 d0 L8
36.577631,129.088720666667,35.074401500000,508088.574,3881297.557,0.546,2.707704,gps_course,8,0.618,2.000,11,508086.490,3881299.459,-0.306015,0.153631,0.165749,0.5600,,,TRACKING|w0 d0 L8
36.627479,129.088720666667,35.074401500000,508088.574,3881297.557,0.546,2.707704,gps_course,8,0.618,2.000,11,508086.490,3881299.459,-0.306015,0.153631,0.160902,0.5600,,,TRACKING|w0 d0 L8
36.677588,129.088720666667,35.074401500000,508088.574,3881297.557,0.546,2.707704,gps_course,8,0.618,2.000,11,508086.490,3881299.459,-0.306015,0.153631,0.157994,0.5600,,,TRACKING|w0 d0 L8
36.727451,129.088720666667,35.074401500000,508088.574,3881297.557,0.546,2.707704,gps_course,8,0.618,2.000,11,508086.490,3881299.459,-0.306015,0.153631,0.156249,0.5600,,,TRACKING|w0 d0 L8
36.777560,129.088720666667,35.074401500000,508088.574,3881297.557,0.546,2.707704,gps_course,8,0.618,2.000,11,508086.490,3881299.459,-0.306015,0.153631,0.155202,0.5600,,,TRACKING|w0 d0 L8
36.827536,129.088720666667,35.074401500000,508088.574,3881297.557,0.546,2.707704,gps_course,8,0.618,2.000,11,508086.490,3881299.459,-0.306015,0.153631,0.154573,0.5600,,,TRACKING|w0 d0 L8
36.877520,129.088719500000,35.074401833333,508088.467,3881297.594,0.499,2.781182,gps_course,9,0.522,2.000,11,508086.490,3881299.459,-0.395869,0.202893,0.173901,0.5600,,,TRACKING|w0 d0 L9
36.928056,129.088719500000,35.074401833333,508088.467,3881297.594,0.499,2.781182,gps_course,9,0.522,2.000,11,508086.490,3881299.459,-0.395869,0.202893,0.185498,0.5600,,,TRACKING|w0 d0 L9
36.977542,129.088719500000,35.074401833333,508088.467,3881297.594,0.499,2.781182,gps_course,9,0.522,2.000,11,508086.490,3881299.459,-0.395869,0.202893,0.192456,0.5600,,,TRACKING|w0 d0 L9
37.027560,129.088719500000,35.074401833333,508088.467,3881297.594,0.499,2.781182,gps_course,9,0.522,2.000,11,508086.490,3881299.459,-0.395869,0.202893,0.196631,0.5600,,,TRACKING|w0 d0 L9
37.077482,129.088719500000,35.074401833333,508088.467,3881297.594,0.499,2.781182,gps_course,9,0.522,2.000,11,508086.490,3881299.459,-0.395869,0.202893,0.199136,0.5600,,,TRACKING|w0 d0 L9
37.127672,129.088718166667,35.074402500000,508088.346,3881297.668,0.516,2.582564,gps_course,9,0.395,2.000,11,508086.490,3881299.459,-0.208791,0.116018,0.169022,0.5600,,,TRACKING|w0 d0 L9
37.177714,129.088718166667,35.074402500000,508088.346,3881297.668,0.516,2.582564,gps_course,9,0.395,2.000,11,508086.490,3881299.459,-0.208791,0.116018,0.147820,0.5600,,,TRACKING|w0 d0 L9
37.227551,129.088718166667,35.074402500000,508088.346,3881297.668,0.516,2.582564,gps_course,9,0.395,2.000,11,508086.490,3881299.459,-0.208791,0.116018,0.135099,0.5600,,,TRACKING|w0 d0 L9
37.277728,129.088718166667,35.074402500000,508088.346,3881297.668,0.516,2.582564,gps_course,9,0.395,2.000,11,508086.490,3881299.459,-0.208791,0.116018,0.127467,0.5600,,,TRACKING|w0 d0 L9
37.327368,129.088717000000,35.074403166667,508088.239,3881297.742,0.450,2.723063,gps_course,9,0.298,2.000,11,508086.490,3881299.459,-0.357777,0.204269,0.157251,0.5600,,,TRACKING|w0 d0 L9
37.377783,129.088717000000,35.074403166667,508088.239,3881297.742,0.450,2.723063,gps_course,9,0.298,2.000,11,508086.490,3881299.459,-0.357777,0.204269,0.176058,0.5600,,,TRACKING|w0 d0 L9
37.427496,129.088717000000,35.074403166667,508088.239,3881297.742,0.450,2.723063,gps_course,9,0.298,2.000,11,508086.490,3881299.459,-0.357777,0.204269,0.187342,0.5600,,,TRACKING|w0 d0 L9
37.477619,129.088717000000,35.074403166667,508088.239,3881297.742,0.450,2.723063,gps_course,9,0.298,2.000,11,508086.490,3881299.459,-0.357777,0.204269,0.194113,0.5600,,,TRACKING|w0 d0 L9
37.527686,129.088717000000,35.074403166667,508088.239,3881297.742,0.450,2.723063,gps_course,9,0.298,2.000,11,508086.490,3881299.459,-0.357777,0.204269,0.198175,0.5600,,,TRACKING|w0 d0 L9
37.577712,129.088717000000,35.074403166667,508088.239,3881297.742,0.450,2.723063,gps_course,9,0.298,2.000,11,508086.490,3881299.459,-0.357777,0.204269,0.200613,0.5600,,,TRACKING|w0 d0 L9
37.627511,129.088715833333,35.074403833333,508088.133,3881297.816,0.554,2.509434,gps_course,9,0.235,2.000,11,508086.490,3881299.459,-0.153568,0.095167,0.170733,0.5600,,,TRACKING|w0 d0 L9
37.677554,129.088715833333,35.074403833333,508088.133,3881297.816,0.554,2.509434,gps_course,9,0.235,2.000,11,508086.490,3881299.459,-0.153568,0.095167,0.140708,0.5600,,,TRACKING|w0 d0 L9
37.727449,129.088715833333,35.074403833333,508088.133,3881297.816,0.554,2.509434,gps_course,9,0.235,2.000,11,508086.490,3881299.459,-0.153568,0.095167,0.122492,0.5600,,,TRACKING|w0 d0 L9
37.777493,129.088715833333,35.074403833333,508088.133,3881297.816,0.554,2.509434,gps_course,9,0.235,2.000,11,508086.490,3881299.459,-0.153568,0.095167,0.111562,0.5600,,,TRACKING|w0 d0 L9
37.827407,129.088714666667,35.074404666667,508088.026,3881297.908,0.518,2.464230,gps_course,9,0.252,2.000,11,508086.490,3881299.459,-0.112961,0.074730,0.096829,0.5600,,,TRACKING|w0 d0 L9
37.877529,129.088714666667,35.074404666667,508088.026,3881297.908,0.518,2.464230,gps_course,9,0.252,2.000,11,508086.490,3881299.459,-0.112961,0.074730,0.087989,0.5600,,,TRACKING|w0 d0 L9
37.927636,129.088714666667,35.074404666667,508088.026,3881297.908,0.518,2.464230,gps_course,9,0.252,2.000,11,508086.490,3881299.459,-0.112961,0.074730,0.082685,0.5600,,,TRACKING|w0 d0 L9
37.977815,129.088714666667,35.074404666667,508088.026,3881297.908,0.518,2.464230,gps_course,9,0.252,2.000,11,508086.490,3881299.459,-0.112961,0.074730,0.079503,0.5600,,,TRACKING|w0 d0 L9
38.027588,129.088714666667,35.074404666667,508088.026,3881297.908,0.518,2.464230,gps_course,9,0.252,2.000,11,508086.490,3881299.459,-0.112961,0.074730,0.077594,0.5600,,,TRACKING|w0 d0 L9
38.077682,129.088714666667,35.074404666667,508088.026,3881297.908,0.518,2.464230,gps_course,9,0.252,2.000,11,508086.490,3881299.459,-0.112961,0.074730,0.076448,0.5600,,,TRACKING|w0 d0 L9
38.127607,129.088713833333,35.074405333333,508087.950,3881297.982,0.480,2.422168,gps_course,9,0.314,2.000,11,508086.490,3881299.459,-0.071890,0.050101,0.065909,0.5600,,,TRACKING|w0 d0 L9
38.178119,129.088713833333,35.074405333333,508087.950,3881297.982,0.480,2.422168,gps_course,9,0.314,2.000,11,508086.490,3881299.459,-0.071890,0.050101,0.059586,0.5600,,,TRACKING|w0 d0 L9
38.227523,129.088713833333,35.074405333333,508087.950,3881297.982,0.480,2.422168,gps_course,9,0.314,2.000,11,508086.490,3881299.459,-0.071890,0.050101,0.055792,0.5600,,,TRACKING|w0 d0 L9
38.277566,129.088713833333,35.074405333333,508087.950,3881297.982,0.480,2.422168,gps_course,9,0.314,2.000,11,508086.490,3881299.459,-0.071890,0.050101,0.053516,0.5600,,,TRACKING|w0 d0 L9
38.328839,129.088713833333,35.074405333333,508087.950,3881297.982,0.480,2.422168,gps_course,9,0.314,2.000,11,508086.490,3881299.459,-0.071890,0.050101,0.052150,0.5600,,,TRACKING|w0 d0 L9
38.377756,129.088712666667,35.074406000000,508087.844,3881298.056,0.480,2.428626,gps_course,9,0.402,2.000,12,508085.988,3881300.328,-0.172872,0.084823,0.065219,0.5600,,,TRACKING|w0 d0 L9
38.427512,129.088712666667,35.074406000000,508087.844,3881298.056,0.480,2.428626,gps_course,9,0.402,2.000,12,508085.988,3881300.328,-0.172872,0.084823,0.073061,0.5600,,,TRACKING|w0 d0 L9
38.477491,129.088712666667,35.074406000000,508087.844,3881298.056,0.480,2.428626,gps_course,9,0.402,2.000,12,508085.988,3881300.328,-0.172872,0.084823,0.077766,0.5600,,,TRACKING|w0 d0 L9
38.527900,129.088712666667,35.074406000000,508087.844,3881298.056,0.480,2.428626,gps_course,9,0.402,2.000,12,508085.988,3881300.328,-0.172872,0.084823,0.080589,0.5600,,,TRACKING|w0 d0 L9
38.577447,129.088712666667,35.074406000000,508087.844,3881298.056,0.480,2.428626,gps_course,9,0.402,2.000,12,508085.988,3881300.328,-0.172872,0.084823,0.082283,0.5600,,,TRACKING|w0 d0 L9
38.627772,129.088711666667,35.074407000000,508087.753,3881298.167,0.497,2.475226,gps_course,9,0.537,2.000,12,508085.988,3881300.328,-0.219679,0.112780,0.094482,0.5600,,,TRACKING|w0 d0 L9
38.677520,129.088711666667,35.074407000000,508087.753,3881298.167,0.497,2.475226,gps_course,9,0.537,2.000,12,508085.988,3881300.328,-0.219679,0.112780,0.101801,0.5600,,,TRACKING|w0 d0 L9
38.727887,129.088711666667,35.074407000000,508087.753,3881298.167,0.497,2.475226,gps_course,9,0.537,2.000,12,508085.988,3881300.328,-0.219679,0.112780,0.106193,0.5600,,,TRACKING|w0 d0 L9
38.777645,129.088711666667,35.074407000000,508087.753,3881298.167,0.497,2.475226,gps_course,9,0.537,2.000,12,508085.988,3881300.328,-0.219679,0.112780,0.108828,0.5600,,,TRACKING|w0 d0 L9
38.827632,129.088711666667,35.074407000000,508087.753,3881298.167,0.497,2.475226,gps_course,9,0.537,2.000,12,508085.988,3881300.328,-0.219679,0.112780,0.110409,0.5600,,,TRACKING|w0 d0 L9
38.877765,129.088710666667,35.074407833333,508087.661,3881298.259,0.504,2.419550,gps_course,10,0.570,2.000,12,508085.988,3881300.328,-0.168619,0.091206,0.102728,0.5600,,,TRACKING|w0 d0 L10
38.927795,129.088710666667,35.074407833333,508087.661,3881298.259,0.504,2.419550,gps_course,10,0.570,2.000,12,508085.988,3881300.328,-0.168619,0.091206,0.098119,0.5600,,,TRACKING|w0 d0 L10
38.978017,129.088710666667,35.074407833333,508087.661,3881298.259,0.504,2.419550,gps_course,10,0.570,2.000,12,508085.988,3881300.328,-0.168619,0.091206,0.095354,0.5600,,,TRACKING|w0 d0 L10
39.027440,129.088710666667,35.074407833333,508087.661,3881298.259,0.504,2.419550,gps_course,10,0.570,2.000,12,508085.988,3881300.328,-0.168619,0.091206,0.093695,0.5600,,,TRACKING|w0 d0 L10
39.077749,129.088710666667,35.074407833333,508087.661,3881298.259,0.504,2.419550,gps_course,10,0.570,2.000,12,508085.988,3881300.328,-0.168619,0.091206,0.092699,0.5600,,,TRACKING|w0 d0 L10
39.127528,129.088709666667,35.074408666667,508087.570,3881298.351,0.501,2.416234,gps_course,10,0.450,2.000,12,508085.988,3881300.328,-0.170390,0.096822,0.094349,0.5600,,,TRACKING|w0 d0 L10
39.177547,129.088709666667,35.074408666667,508087.570,3881298.351,0.501,2.416234,gps_course,10,0.450,2.000,12,508085.988,3881300.328,-0.170390,0.096822,0.095338,0.5600,,,TRACKING|w0 d0 L10
39.227550,129.088709666667,35.074408666667,508087.570,3881298.351,0.501,2.416234,gps_course,10,0.450,2.000,12,508085.988,3881300.328,-0.170390,0.096822,0.095932,0.5600,,,TRACKING|w0 d0 L10
39.277518,129.088709666667,35.074408666667,508087.570,3881298.351,0.501,2.416234,gps_course,10,0.450,2.000,12,508085.988,3881300.328,-0.170390,0.096822,0.096288,0.5600,,,TRACKING|w0 d0 L10
39.327970,129.088708500000,35.074409500000,508087.464,3881298.444,0.513,2.422517,gps_course,10,0.324,2.000,12,508085.988,3881300.328,-0.187290,0.112347,0.102712,0.5600,,,TRACKING|w0 d0 L10
39.377552,129.088708500000,35.074409500000,508087.464,3881298.444,0.513,2.422517,gps_course,10,0.324,2.000,12,508085.988,3881300.328,-0.187290,0.112347,0.106566,0.5600,,,TRACKING|w0 d0 L10
39.427713,129.088708500000,35.074409500000,508087.464,3881298.444,0.513,2.422517,gps_course,10,0.324,2.000,12,508085.988,3881300.328,-0.187290,0.112347,0.108878,0.5600,,,TRACKING|w0 d0 L10
39.477516,129.088708500000,35.074409500000,508087.464,3881298.444,0.513,2.422517,gps_course,10,0.324,2.000,12,508085.988,3881300.328,-0.187290,0.112347,0.110266,0.5600,,,TRACKING|w0 d0 L10
39.527851,129.088708500000,35.074409500000,508087.464,3881298.444,0.513,2.422517,gps_course,10,0.324,2.000,12,508085.988,3881300.328,-0.187290,0.112347,0.111098,0.5600,,,TRACKING|w0 d0 L10
39.577644,129.088708500000,35.074409500000,508087.464,3881298.444,0.513,2.422517,gps_course,10,0.324,2.000,12,508085.988,3881300.328,-0.187290,0.112347,0.111598,0.5600,,,TRACKING|w0 d0 L10
39.627546,129.088707666667,35.074410500000,508087.388,3881298.554,0.481,2.374346,gps_course,10,0.249,2.000,12,508085.988,3881300.328,-0.135379,0.086420,0.101527,0.5600,,,TRACKING|w0 d0 L10
39.677719,129.088707666667,35.074410500000,508087.388,3881298.554,0.481,2.374346,gps_course,10,0.249,2.000,12,508085.988,3881300.328,-0.135379,0.086420,0.095484,0.5600,,,TRACKING|w0 d0 L10
39.727619,129.088707666667,35.074410500000,508087.388,3881298.554,0.481,2.374346,gps_course,10,0.249,2.000,12,508085.988,3881300.328,-0.135379,0.086420,0.091859,0.5600,,,TRACKING|w0 d0 L10
39.777814,129.088707666667,35.074410500000,508087.388,3881298.554,0.481,2.374346,gps_course,10,0.249,2.000,12,508085.988,3881300.328,-0.135379,0.086420,0.089683,0.5600,,,TRACKING|w0 d0 L10
39.827489,129.088707666667,35.074410500000,508087.388,3881298.554,0.481,2.374346,gps_course,10,0.249,2.000,12,508085.988,3881300.328,-0.135379,0.086420,0.088378,0.5600,,,TRACKING|w0 d0 L10
39.877572,129.088706666667,35.074411333333,508087.296,3881298.647,0.473,2.328444,gps_course,10,0.212,2.000,12,508085.988,3881300.328,-0.096248,0.065330,0.079159,0.5600,,,TRACKING|w0 d0 L10
39.927554,129.088706666667,35.074411333333,508087.296,3881298.647,0.473,2.328444,gps_course,10,0.212,2.000,12,508085.988,3881300.328,-0.096248,0.065330,0.073627,0.5600,,,TRACKING|w0 d0 L10
39.977600,129.088706666667,35.074411333333,508087.296,3881298.647,0.473,2.328444,gps_course,10,0.212,2.000,12,508085.988,3881300.328,-0.096248,0.065330,0.070308,0.5600,,,TRACKING|w0 d0 L10
40.027664,129.088706666667,35.074411333333,508087.296,3881298.647,0.473,2.328444,gps_course,10,0.212,2.000,12,508085.988,3881300.328,-0.096248,0.065330,0.068317,0.5600,,,TRACKING|w0 d0 L10
40.077718,129.088706666667,35.074411333333,508087.296,3881298.647,0.473,2.328444,gps_course,10,0.212,2.000,12,508085.988,3881300.328,-0.096248,0.065330,0.067122,0.5600,,,TRACKING|w0 d0 L10
40.128164,129.088705833333,35.074412166667,508087.220,3881298.739,0.506,2.291792,gps_course,10,0.252,2.000,12,508085.988,3881300.328,-0.061236,0.044112,0.057918,0.5600,,,TRACKING|w0 d0 L10
40.177571,129.088705833333,35.074412166667,508087.220,3881298.739,0.506,2.291792,gps_course,10,0.252,2.000,12,508085.988,3881300.328,-0.061236,0.044112,0.052396,0.5600,,,TRACKING|w0 d0 L10
40.228943,129.088705833333,35.074412166667,508087.220,3881298.739,0.506,2.291792,gps_course,10,0.252,2.000,12,508085.988,3881300.328,-0.061236,0.044112,0.049082,0.5600,,,TRACKING|w0 d0 L10
40.277507,129.088705833333,35.074412166667,508087.220,3881298.739,0.506,2.291792,gps_course,10,0.252,2.000,12,508085.988,3881300.328,-0.061236,0.044112,0.047094,0.5600,,,TRACKING|w0 d0 L10
40.329675,129.088705833333,35.074412166667,508087.220,3881298.739,0.506,2.291792,gps_course,10,0.252,2.000,12,508085.988,3881300.328,-0.061236,0.044112,0.045901,0.5600,,,TRACKING|w0 d0 L10
40.377726,129.088705666667,35.074412166667,508087.205,3881298.739,0.053,2.291792,gps_course,10,0.248,2.000,12,508085.988,3881300.328,-0.067240,0.048648,0.047000,0.5600,,,TRACKING|w0 d0 L10
40.427493,129.088705666667,35.074412166667,508087.205,3881298.739,0.053,2.291792,gps_course,10,0.248,2.000,12,508085.988,3881300.328,-0.067240,0.048648,0.047659,0.5600,,,TRACKING|w0 d0 L10
40.477704,129.088705666667,35.074412166667,508087.205,3881298.739,0.053,2.291792,gps_course,10,0.248,2.000,12,508085.988,3881300.328,-0.067240,0.048648,0.048055,0.5600,,,TRACKING|w0 d0 L10
40.527690,129.088705666667,35.074412166667,508087.205,3881298.739,0.053,2.291792,gps_course,10,0.248,2.000,12,508085.988,3881300.328,-0.067240,0.048648,0.048292,0.5600,,,TRACKING|w0 d0 L10
40.579256,129.088705666667,35.074412166667,508087.205,3881298.739,0.016,2.291792,gps_course,10,0.248,2.000,12,508085.988,3881300.328,-0.067240,0.048648,0.048435,0.5600,,,TRACKING|w0 d0 L10
40.627502,129.088705666667,35.074412166667,508087.205,3881298.739,0.016,2.291792,gps_course,10,0.248,2.000,12,508085.988,3881300.328,-0.067240,0.048648,0.048520,0.5600,,,TRACKING|w0 d0 L10
40.677560,129.088705666667,35.074412166667,508087.205,3881298.739,0.016,2.291792,gps_course,10,0.248,2.000,12,508085.988,3881300.328,-0.067240,0.048648,0.048571,0.5600,,,TRACKING|w0 d0 L10
40.727447,129.088705666667,35.074412166667,508087.205,3881298.739,0.016,2.291792,gps_course,10,0.248,2.000,12,508085.988,3881300.328,-0.067240,0.048648,0.048602,0.5600,,,TRACKING|w0 d0 L10
40.777698,129.088705666667,35.074412166667,508087.205,3881298.739,0.016,2.291792,gps_course,10,0.248,2.000,12,508085.988,3881300.328,-0.067240,0.048648,0.048621,0.5600,,,TRACKING|w0 d0 L10
40.827999,129.088705666667,35.074412166667,508087.205,3881298.739,0.016,2.291792,gps_course,10,0.248,2.000,12,508085.988,3881300.328,-0.067240,0.048648,0.048632,0.5600,,,TRACKING|w0 d0 L10
40.877509,129.088705666667,35.074412166667,508087.205,3881298.739,0.012,2.291792,gps_course,10,0.248,2.000,12,508085.988,3881300.328,-0.067240,0.048648,0.048638,0.5600,,,TRACKING|w0 d0 L10
40.927970,129.088705666667,35.074412166667,508087.205,3881298.739,0.012,2.291792,gps_course,10,0.248,2.000,12,508085.988,3881300.328,-0.067240,0.048648,0.048642,0.5600,,,TRACKING|w0 d0 L10
40.977478,129.088705666667,35.074412166667,508087.205,3881298.739,0.012,2.291792,gps_course,10,0.248,2.000,12,508085.988,3881300.328,-0.067240,0.048648,0.048645,0.5600,,,TRACKING|w0 d0 L10
41.028699,129.088705666667,35.074412166667,508087.205,3881298.739,0.012,2.291792,gps_course,10,0.248,2.000,12,508085.988,3881300.328,-0.067240,0.048648,0.048646,0.5600,,,TRACKING|w0 d0 L10
41.077480,129.088705666667,35.074412166667,508087.205,3881298.739,0.012,2.291792,gps_course,10,0.248,2.000,12,508085.988,3881300.328,-0.067240,0.048648,0.048647,0.5600,,,TRACKING|w0 d0 L10
41.128694,129.088705833333,35.074412166667,508087.220,3881298.739,0.020,2.291792,gps_course,10,0.252,2.000,12,508085.988,3881300.328,-0.061236,0.044112,0.046833,0.5600,,,TRACKING|w0 d0 L10
41.177634,129.088705833333,35.074412166667,508087.220,3881298.739,0.020,2.291792,gps_course,10,0.252,2.000,12,508085.988,3881300.328,-0.061236,0.044112,0.045745,0.5600,,,TRACKING|w0 d0 L10
41.227553,129.088705833333,35.074412166667,508087.220,3881298.739,0.020,2.291792,gps_course,10,0.252,2.000,12,508085.988,3881300.328,-0.061236,0.044112,0.045092,0.5600,,,TRACKING|w0 d0 L10
41.277658,129.088705833333,35.074412166667,508087.220,3881298.739,0.020,2.291792,gps_course,10,0.252,2.000,12,508085.988,3881300.328,-0.061236,0.044112,0.044700,0.5600,,,TRACKING|w0 d0 L10
41.327701,129.088705833333,35.074412166667,508087.220,3881298.739,0.001,2.291792,gps_course,10,0.252,2.000,12,508085.988,3881300.328,-0.061236,0.044112,0.044465,0.5600,,,TRACKING|w0 d0 L10
41.377667,129.088705833333,35.074412166667,508087.220,3881298.739,0.001,2.291792,gps_course,10,0.252,2.000,12,508085.988,3881300.328,-0.061236,0.044112,0.044324,0.5600,,,TRACKING|w0 d0 L10
41.427512,129.088705833333,35.074412166667,508087.220,3881298.739,0.001,2.291792,gps_course,10,0.252,2.000,12,508085.988,3881300.328,-0.061236,0.044112,0.044239,0.5600,,,TRACKING|w0 d0 L10
41.477632,129.088705833333,35.074412166667,508087.220,3881298.739,0.001,2.291792,gps_course,10,0.252,2.000,12,508085.988,3881300.328,-0.061236,0.044112,0.044188,0.5600,,,TRACKING|w0 d0 L10
41.527526,129.088705833333,35.074412166667,508087.220,3881298.739,0.001,2.291792,gps_course,10,0.252,2.000,12,508085.988,3881300.328,-0.061236,0.044112,0.044158,0.5600,,,TRACKING|w0 d0 L10
41.577912,129.088705666667,35.074412166667,508087.205,3881298.739,0.034,2.291792,gps_course,10,0.248,2.000,12,508085.988,3881300.328,-0.067240,0.048648,0.045954,0.5600,,,TRACKING|w0 d0 L10
41.627670,129.088705666667,35.074412166667,508087.205,3881298.739,0.034,2.291792,gps_course,10,0.248,2.000,12,508085.988,3881300.328,-0.067240,0.048648,0.047032,0.5600,,,TRACKING|w0 d0 L10
41.677579,129.088705666667,35.074412166667,508087.205,3881298.739,0.034,2.291792,gps_course,10,0.248,2.000,12,508085.988,3881300.328,-0.067240,0.048648,0.047678,0.5600,,,TRACKING|w0 d0 L10
41.727436,129.088705666667,35.074412166667,508087.205,3881298.739,0.034,2.291792,gps_course,10,0.248,2.000,12,508085.988,3881300.328,-0.067240,0.048648,0.048066,0.5600,,,TRACKING|w0 d0 L10
41.777451,129.088705666667,35.074412166667,508087.205,3881298.739,0.034,2.291792,gps_course,10,0.248,2.000,12,508085.988,3881300.328,-0.067240,0.048648,0.048299,0.5600,,,TRACKING|w0 d0 L10
41.828756,129.088705500000,35.074412333333,508087.190,3881298.758,0.084,2.291792,gps_course,10,0.263,2.000,13,508085.486,3881301.196,-0.111047,0.053966,0.050566,0.5600,,,TRACKING|w0 d0 L10
41.877490,129.088705500000,35.074412333333,508087.190,3881298.758,0.084,2.291792,gps_course,10,0.263,2.000,13,508085.486,3881301.196,-0.111047,0.053966,0.051926,0.5600,,,TRACKING|w0 d0 L10
41.927747,129.088705500000,35.074412333333,508087.190,3881298.758,0.084,2.291792,gps_course,10,0.263,2.000,13,508085.486,3881301.196,-0.111047,0.053966,0.052742,0.5600,,,TRACKING|w0 d0 L10
41.977520,129.088705500000,35.074412333333,508087.190,3881298.758,0.084,2.291792,gps_course,10,0.263,2.000,13,508085.486,3881301.196,-0.111047,0.053966,0.053231,0.5600,,,TRACKING|w0 d0 L10
42.028312,129.088705500000,35.074412333333,508087.190,3881298.758,0.084,2.291792,gps_course,10,0.263,2.000,13,508085.486,3881301.196,-0.111047,0.053966,0.053525,0.5600,,,TRACKING|w0 d0 L10
42.077665,129.088705500000,35.074412333333,508087.190,3881298.758,0.084,2.291792,gps_course,10,0.263,2.000,13,508085.486,3881301.196,-0.111047,0.053966,0.053701,0.5600,,,TRACKING|w0 d0 L10
42.127507,129.088705333333,35.074412500000,508087.175,3881298.776,0.110,2.024455,gps_course,10,0.279,2.000,13,508085.486,3881301.196,0.155650,-0.076029,0.023796,0.5600,,,TRACKING|w0 d0 L10
42.177771,129.088705333333,35.074412500000,508087.175,3881298.776,0.110,2.024455,gps_course,10,0.279,2.000,13,508085.486,3881301.196,0.155650,-0.076029,-0.006362,0.5600,,,TRACKING|w0 d0 L10
42.227483,129.088705333333,35.074412500000,508087.175,3881298.776,0.110,2.024455,gps_course,10,0.279,2.000,13,508085.486,3881301.196,0.155650,-0.076029,-0.034229,0.5600,,,TRACKING|w0 d0 L10
42.277501,129.088705333333,35.074412500000,508087.175,3881298.776,0.110,2.024455,gps_course,10,0.279,2.000,13,508085.486,3881301.196,0.155650,-0.076029,-0.050949,0.5600,,,TRACKING|w0 d0 L10
42.327447,129.088705166667,35.074412833333,508087.160,3881298.813,0.146,2.199988,gps_course,10,0.315,2.000,13,508085.486,3881301.196,-0.016908,0.000000,-0.030569,0.5600,,,TRACKING|w0 d0 L10
42.377661,129.088705166667,35.074412833333,508087.160,3881298.813,0.146,2.199988,gps_course,10,0.315,2.000,13,508085.486,3881301.196,-0.016908,0.000000,-0.018342,0.5600,,,TRACKING|w0 d0 L10
42.427626,129.088705166667,35.074412833333,508087.160,3881298.813,0.146,2.199988,gps_course,10,0.315,2.000,13,508085.486,3881301.196,-0.016908,0.000000,-0.011005,0.5600,,,TRACKING|w0 d0 L10
42.477576,129.088705166667,35.074412833333,508087.160,3881298.813,0.146,2.199988,gps_course,10,0.315,2.000,13,508085.486,3881301.196,-0.016908,0.000000,-0.006603,0.5600,,,TRACKING|w0 d0 L10
42.527801,129.088705166667,35.074412833333,508087.160,3881298.813,0.146,2.199988,gps_course,10,0.315,2.000,13,508085.486,3881301.196,-0.016908,0.000000,-0.003962,0.5600,,,TRACKING|w0 d0 L10
42.577430,129.088704833333,35.074413166667,508087.129,3881298.850,0.187,2.249555,gps_course,10,0.352,2.000,13,508085.486,3881301.196,-0.067755,0.034262,0.011328,0.5600,,,TRACKING|w0 d0 L10
42.628884,129.088704833333,35.074413166667,508087.129,3881298.850,0.187,2.249555,gps_course,10,0.352,2.000,13,508085.486,3881301.196,-0.067755,0.034262,0.020502,0.5600,,,TRACKING|w0 d0 L10
42.677485,129.088704833333,35.074413166667,508087.129,3881298.850,0.187,2.249555,gps_course,10,0.352,2.000,13,508085.486,3881301.196,-0.067755,0.034262,0.026006,0.5600,,,TRACKING|w0 d0 L10
42.727453,129.088704833333,35.074413166667,508087.129,3881298.850,0.187,2.249555,gps_course,10,0.352,2.000,13,508085.486,3881301.196,-0.067755,0.034262,0.029309,0.5600,,,TRACKING|w0 d0 L10
42.777466,129.088704833333,35.074413166667,508087.129,3881298.850,0.187,2.249555,gps_course,10,0.352,2.000,13,508085.486,3881301.196,-0.067755,0.034262,0.031290,0.5600,,,TRACKING|w0 d0 L10
42.827578,129.088704833333,35.074413166667,508087.129,3881298.850,0.187,2.249555,gps_course,10,0.352,2.000,13,508085.486,3881301.196,-0.067755,0.034262,0.032479,0.5600,,,TRACKING|w0 d0 L10
42.877687,129.088704333333,35.074413500000,508087.083,3881298.887,0.221,2.308023,gps_course,10,0.393,2.000,13,508085.486,3881301.196,-0.131987,0.067860,0.046631,0.5600,,,TRACKING|w0 d0 L10
42.927578,129.088704333333,35.074413500000,508087.083,3881298.887,0.221,2.308023,gps_course,10,0.393,2.000,13,508085.486,3881301.196,-0.131987,0.067860,0.055123,0.5600,,,TRACKING|w0 d0 L10
42.977499,129.088704333333,35.074413500000,508087.083,3881298.887,0.221,2.308023,gps_course,10,0.393,2.000,13,508085.486,3881301.196,-0.131987,0.067860,0.060217,0.5600,,,TRACKING|w0 d0 L10
43.027490,129.088704333333,35.074413500000,508087.083,3881298.887,0.221,2.308023,gps_course,10,0.393,2.000,13,508085.486,3881301.196,-0.131987,0.067860,0.063274,0.5600,,,TRACKING|w0 d0 L10
43.077584,129.088704333333,35.074413500000,508087.083,3881298.887,0.221,2.308023,gps_course,10,0.393,2.000,13,508085.486,3881301.196,-0.131987,0.067860,0.065108,0.5600,,,TRACKING|w0 d0 L10
43.127484,129.088704000000,35.074414000000,508087.053,3881298.942,0.277,2.153736,gps_course,10,0.453,2.000,13,508085.486,3881301.196,0.024669,-0.013029,0.035168,0.5600,,,TRACKING|w0 d0 L10
43.177598,129.088704000000,35.074414000000,508087.053,3881298.942,0.277,2.153736,gps_course,10,0.453,2.000,13,508085.486,3881301.196,0.024669,-0.013029,0.015889,0.5600,,,TRACKING|w0 d0 L10
43.227671,129.088704000000,35.074414000000,508087.053,3881298.942,0.277,2.153736,gps_course,10,0.453,2.000,13,508085.486,3881301.196,0.024669,-0.013029,0.004322,0.5600,,,TRACKING|w0 d0 L10
43.277524,129.088704000000,35.074414000000,508087.053,3881298.942,0.277,2.153736,gps_course,10,0.453,2.000,13,508085.486,3881301.196,0.024669,-0.013029,-0.002619,0.5600,,,TRACKING|w0 d0 L10
43.327517,129.088703500000,35.074414333333,508087.007,3881298.979,0.249,2.241526,gps_course,10,0.500,2.000,13,508085.486,3881301.196,-0.069211,0.037280,0.013341,0.5600,,,TRACKING|w0 d0 L10
43.377479,129.088703500000,35.074414333333,508087.007,3881298.979,0.249,2.241526,gps_course,10,0.500,2.000,13,508085.486,3881301.196,-0.069211,0.037280,0.022916,0.5600,,,TRACKING|w0 d0 L10
43.427734,129.088703500000,35.074414333333,508087.007,3881298.979,0.249,2.241526,gps_course,10,0.500,2.000,13,508085.486,3881301.196,-0.069211,0.037280,0.028662,0.5600,,,TRACKING|w0 d0 L10
43.477502,129.088703500000,35.074414333333,508087.007,3881298.979,0.249,2.241526,gps_course,10,0.500,2.000,13,508085.486,3881301.196,-0.069211,0.037280,0.032109,0.5600,,,TRACKING|w0 d0 L10
43.527651,129.088703500000,35.074414333333,508087.007,3881298.979,0.249,2.241526,gps_course,10,0.500,2.000,13,508085.486,3881301.196,-0.069211,0.037280,0.034177,0.5600,,,TRACKING|w0 d0 L10
43.577443,129.088703333333,35.074414500000,508086.992,3881298.998,0.110,1.992104,gps_course,10,0.522,2.000,13,508085.486,3881301.196,0.179427,-0.096808,0.004302,0.5600,,,TRACKING|w0 d0 L10
43.627565,129.088703333333,35.074414500000,508086.992,3881298.998,0.110,1.992104,gps_course,10,0.522,2.000,13,508085.486,3881301.196,0.179427,-0.096808,-0.025771,0.5600,,,TRACKING|w0 d0 L10
43.677701,129.088703333333,35.074414500000,508086.992,3881298.998,0.110,1.992104,gps_course,10,0.522,2.000,13,508085.486,3881301.196,0.179427,-0.096808,-0.054186,0.5600,,,TRACKING|w0 d0 L10
43.728009,129.088703333333,35.074414500000,508086.992,3881298.998,0.110,1.992104,gps_course,10,0.522,2.000,13,508085.486,3881301.196,0.179427,-0.096808,-0.071235,0.5600,,,TRACKING|w0 d0 L10
43.777616,129.088703333333,35.074414500000,508086.992,3881298.998,0.110,1.992104,gps_course,10,0.522,2.000,13,508085.486,3881301.196,0.179427,-0.096808,-0.081464,0.5600,,,TRACKING|w0 d0 L10
43.827556,129.088703500000,35.074414500000,508087.007,3881298.998,0.041,1.992104,gps_course,10,0.517,2.000,13,508085.486,3881301.196,0.184119,-0.098978,-0.088470,0.5600,,,TRACKING|w0 d0 L10
43.877610,129.088703500000,35.074414500000,508087.007,3881298.998,0.041,1.992104,gps_course,10,0.517,2.000,13,508085.486,3881301.196,0.184119,-0.098978,-0.092673,0.5600,,,TRACKING|w0 d0 L10
43.927470,129.088703500000,35.074414500000,508087.007,3881298.998,0.041,1.992104,gps_course,10,0.517,2.000,13,508085.486,3881301.196,0.184119,-0.098978,-0.095195,0.5600,,,TRACKING|w0 d0 L10
43.977960,129.088703500000,35.074414500000,508087.007,3881298.998,0.041,1.992104,gps_course,10,0.517,2.000,13,508085.486,3881301.196,0.184119,-0.098978,-0.096708,0.5600,,,TRACKING|w0 d0 L10
44.027648,129.088703500000,35.074414500000,508087.007,3881298.998,0.041,1.992104,gps_course,10,0.517,2.000,13,508085.486,3881301.196,0.184119,-0.098978,-0.097616,0.5600,,,TRACKING|w0 d0 L10
44.077578,129.088703500000,35.074414500000,508087.007,3881298.998,0.041,1.992104,gps_course,10,0.517,2.000,13,508085.486,3881301.196,0.184119,-0.098978,-0.098161,0.5600,,,TRACKING|w0 d0 L10
44.127598,129.088703500000,35.074414500000,508087.007,3881298.998,0.015,1.992104,gps_course,10,0.517,2.000,13,508085.486,3881301.196,0.184119,-0.098978,-0.098487,0.5600,,,TRACKING|w0 d0 L10
44.177562,129.088703500000,35.074414500000,508087.007,3881298.998,0.015,1.992104,gps_course,10,0.517,2.000,13,508085.486,3881301.196,0.184119,-0.098978,-0.098684,0.5600,,,TRACKING|w0 d0 L10
44.228110,129.088703500000,35.074414500000,508087.007,3881298.998,0.015,1.992104,gps_course,10,0.517,2.000,13,508085.486,3881301.196,0.184119,-0.098978,-0.098801,0.5600,,,TRACKING|w0 d0 L10
44.277540,129.088703500000,35.074414500000,508087.007,3881298.998,0.015,1.992104,gps_course,10,0.517,2.000,13,508085.486,3881301.196,0.184119,-0.098978,-0.098872,0.5600,,,TRACKING|w0 d0 L10
44.327748,129.088703500000,35.074414333333,508087.007,3881298.979,0.015,1.992104,gps_course,10,0.500,2.000,13,508085.486,3881301.196,0.180211,-0.096368,-0.097870,0.5600,,,TRACKING|w0 d0 L10
44.377454,129.088703500000,35.074414333333,508087.007,3881298.979,0.015,1.992104,gps_course,10,0.500,2.000,13,508085.486,3881301.196,0.180211,-0.096368,-0.097269,0.5600,,,TRACKING|w0 d0 L10
44.427552,129.088703500000,35.074414333333,508087.007,3881298.979,0.015,1.992104,gps_course,10,0.500,2.000,13,508085.486,3881301.196,0.180211,-0.096368,-0.096909,0.5600,,,TRACKING|w0 d0 L10
44.477634,129.088703500000,35.074414333333,508087.007,3881298.979,0.015,1.992104,gps_course,10,0.500,2.000,13,508085.486,3881301.196,0.180211,-0.096368,-0.096692,0.5600,,,TRACKING|w0 d0 L10
44.527763,129.088703500000,35.074414333333,508087.007,3881298.979,0.015,1.992104,gps_course,10,0.500,2.000,13,508085.486,3881301.196,0.180211,-0.096368,-0.096563,0.5600,,,TRACKING|w0 d0 L10
44.578217,129.088703500000,35.074414500000,508087.007,3881298.998,0.020,1.992104,gps_course,10,0.517,2.000,13,508085.486,3881301.196,0.184119,-0.098978,-0.097529,0.5600,,,TRACKING|w0 d0 L10
44.627510,129.088703500000,35.074414500000,508087.007,3881298.998,0.020,1.992104,gps_course,10,0.517,2.000,13,508085.486,3881301.196,0.184119,-0.098978,-0.098108,0.5600,,,TRACKING|w0 d0 L10
44.677693,129.088703500000,35.074414500000,508087.007,3881298.998,0.020,1.992104,gps_course,10,0.517,2.000,13,508085.486,3881301.196,0.184119,-0.098978,-0.098456,0.5600,,,TRACKING|w0 d0 L10
44.727390,129.088703500000,35.074414500000,508087.007,3881298.998,0.020,1.992104,gps_course,10,0.517,2.000,13,508085.486,3881301.196,0.184119,-0.098978,-0.098665,0.5600,,,TRACKING|w0 d0 L10
44.778665,129.088703500000,35.074414500000,508087.007,3881298.998,0.020,1.992104,gps_course,10,0.517,2.000,13,508085.486,3881301.196,0.184119,-0.098978,-0.098790,0.5600,,,TRACKING|w0 d0 L10
44.827559,129.088703500000,35.074414500000,508087.007,3881298.998,0.030,1.992104,gps_course,10,0.517,2.000,13,508085.486,3881301.196,0.184119,-0.098978,-0.098865,0.5600,,,TRACKING|w0 d0 L10
44.877505,129.088703500000,35.074414500000,508087.007,3881298.998,0.030,1.992104,gps_course,10,0.517,2.000,13,508085.486,3881301.196,0.184119,-0.098978,-0.098910,0.5600,,,TRACKING|w0 d0 L10
44.927872,129.088703500000,35.074414500000,508087.007,3881298.998,0.030,1.992104,gps_course,10,0.517,2.000,13,508085.486,3881301.196,0.184119,-0.098978,-0.098937,0.5600,,,TRACKING|w0 d0 L10
44.977652,129.088703500000,35.074414500000,508087.007,3881298.998,0.030,1.992104,gps_course,10,0.517,2.000,13,508085.486,3881301.196,0.184119,-0.098978,-0.098953,0.5600,,,TRACKING|w0 d0 L10
45.027937,129.088703500000,35.074414500000,508087.007,3881298.998,0.030,1.992104,gps_course,10,0.517,2.000,13,508085.486,3881301.196,0.184119,-0.098978,-0.098963,0.5600,,,TRACKING|w0 d0 L10
45.077560,129.088703500000,35.074414500000,508087.007,3881298.998,0.030,1.992104,gps_course,10,0.517,2.000,13,508085.486,3881301.196,0.184119,-0.098978,-0.098969,0.5600,,,TRACKING|w0 d0 L10
45.127638,129.088703333333,35.074414666667,508086.992,3881299.016,0.064,1.992104,gps_course,10,0.539,2.000,13,508085.486,3881301.196,0.183365,-0.099461,-0.099166,0.5600,,,TRACKING|w0 d0 L10
45.177489,129.088703333333,35.074414666667,508086.992,3881299.016,0.064,1.992104,gps_course,10,0.539,2.000,13,508085.486,3881301.196,0.183365,-0.099461,-0.099284,0.5600,,,TRACKING|w0 d0 L10
45.227643,129.088703333333,35.074414666667,508086.992,3881299.016,0.064,1.992104,gps_course,10,0.539,2.000,13,508085.486,3881301.196,0.183365,-0.099461,-0.099355,0.5600,,,TRACKING|w0 d0 L10
45.277998,129.088703333333,35.074414666667,508086.992,3881299.016,0.064,1.992104,gps_course,10,0.539,2.000,13,508085.486,3881301.196,0.183365,-0.099461,-0.099397,0.5600,,,TRACKING|w0 d0 L10
45.327466,129.088703166667,35.074414833333,508086.977,3881299.035,0.104,1.752359,gps_course,10,0.561,2.000,13,508085.486,3881301.196,0.422343,-0.222614,-0.129078,0.5600,,,TRACKING|w0 d0 L10
45.377770,129.088703166667,35.074414833333,508086.977,3881299.035,0.104,1.752359,gps_course,10,0.561,2.000,13,508085.486,3881301.196,0.422343,-0.222614,-0.159261,0.5600,,,TRACKING|w0 d0 L10
45.427489,129.088703166667,35.074414833333,508086.977,3881299.035,0.104,1.752359,gps_course,10,0.561,2.000,13,508085.486,3881301.196,0.422343,-0.222614,-0.184602,0.5600,,,TRACKING|w0 d0 L10
45.478378,129.088703166667,35.074414833333,508086.977,3881299.035,0.104,1.752359,gps_course,10,0.561,2.000,13,508085.486,3881301.196,0.422343,-0.222614,-0.199806,0.5600,,,TRACKING|w0 d0 L10
45.527525,129.088703166667,35.074414833333,508086.977,3881299.035,0.104,1.752359,gps_course,10,0.561,2.000,13,508085.486,3881301.196,0.422343,-0.222614,-0.208929,0.5600,,,TRACKING|w0 d0 L10
45.578011,129.088703000000,35.074415166667,508086.962,3881299.072,0.152,1.999513,gps_course,10,0.601,2.000,13,508085.486,3881301.196,0.178456,-0.099183,-0.178637,0.5600,,,TRACKING|w0 d0 L10
45.627648,129.088703000000,35.074415166667,508086.962,3881299.072,0.152,1.999513,gps_course,10,0.601,2.000,13,508085.486,3881301.196,0.178456,-0.099183,-0.148856,0.5600,,,TRACKING|w0 d0 L10
45.677532,129.088703000000,35.074415166667,508086.962,3881299.072,0.152,1.999513,gps_course,10,0.601,2.000,13,508085.486,3881301.196,0.178456,-0.099183,-0.128986,0.5600,,,TRACKING|w0 d0 L10
45.727558,129.088703000000,35.074415166667,508086.962,3881299.072,0.152,1.999513,gps_course,10,0.601,2.000,13,508085.486,3881301.196,0.178456,-0.099183,-0.117065,0.5600,,,TRACKING|w0 d0 L10
45.777487,129.088703000000,35.074415166667,508086.962,3881299.072,0.152,1.999513,gps_course,10,0.601,2.000,13,508085.486,3881301.196,0.178456,-0.099183,-0.109912,0.5600,,,TRACKING|w0 d0 L10
45.827916,129.088702666667,35.074415500000,508086.931,3881299.108,0.172,2.192832,gps_course,11,0.563,2.000,13,508085.486,3881301.196,-0.016402,0.000000,-0.079655,0.5600,,,TRACKING|w0 d0 L11
45.877557,129.088702666667,35.074415500000,508086.931,3881299.108,0.172,2.192832,gps_course,11,0.563,2.000,13,508085.486,3881301.196,-0.016402,0.000000,-0.049870,0.5600,,,TRACKING|w0 d0 L11
45.927715,129.088702666667,35.074415500000,508086.931,3881299.108,0.172,2.192832,gps_course,11,0.563,2.000,13,508085.486,3881301.196,-0.016402,0.000000,-0.029922,0.5600,,,TRACKING|w0 d0 L11
45.977499,129.088702666667,35.074415500000,508086.931,3881299.108,0.172,2.192832,gps_course,11,0.563,2.000,13,508085.486,3881301.196,-0.016402,0.000000,-0.017953,0.5600,,,TRACKING|w0 d0 L11
46.027524,129.088702666667,35.074415500000,508086.931,3881299.108,0.172,2.192832,gps_course,11,0.563,2.000,13,508085.486,3881301.196,-0.016402,0.000000,-0.010772,0.5600,,,TRACKING|w0 d0 L11
46.077618,129.088702666667,35.074415500000,508086.931,3881299.108,0.172,2.192832,gps_course,11,0.563,2.000,13,508085.486,3881301.196,-0.016402,0.000000,-0.006463,0.5600,,,TRACKING|w0 d0 L11
46.127654,129.088702333333,35.074415833333,508086.901,3881299.145,0.212,2.187072,gps_course,11,0.517,2.000,13,508085.486,3881301.196,-0.012242,0.000000,-0.003878,0.5600,,,TRACKING|w0 d0 L11
46.177749,129.088702333333,35.074415833333,508086.901,3881299.145,0.212,2.187072,gps_course,11,0.517,2.000,13,508085.486,3881301.196,-0.012242,0.000000,-0.002327,0.5600,,,TRACKING|w0 d0 L11
46.227507,129.088702333333,35.074415833333,508086.901,3881299.145,0.212,2.187072,gps_course,11,0.517,2.000,13,508085.486,3881301.196,-0.012242,0.000000,-0.001396,0.5600,,,TRACKING|w0 d0 L11
46.277677,129.088702333333,35.074415833333,508086.901,3881299.145,0.212,2.187072,gps_course,11,0.517,2.000,13,508085.486,3881301.196,-0.012242,0.000000,-0.000838,0.5600,,,TRACKING|w0 d0 L11
46.327821,129.088701833333,35.074416333333,508086.855,3881299.201,0.245,2.228611,gps_course,11,0.447,2.000,13,508085.486,3881301.196,-0.056297,0.033705,0.012980,0.5600,,,TRACKING|w0 d0 L11
46.378097,129.088701833333,35.074416333333,508086.855,3881299.201,0.245,2.228611,gps_course,11,0.447,2.000,13,508085.486,3881301.196,-0.056297,0.033705,0.021270,0.5600,,,TRACKING|w0 d0 L11
46.427516,129.088701833333,35.074416333333,508086.855,3881299.201,0.245,2.228611,gps_course,11,0.447,2.000,13,508085.486,3881301.196,-0.056297,0.033705,0.026244,0.5600,,,TRACKING|w0 d0 L11
46.477491,129.088701833333,35.074416333333,508086.855,3881299.201,0.245,2.228611,gps_course,11,0.447,2.000,13,508085.486,3881301.196,-0.056297,0.033705,0.029229,0.5600,,,TRACKING|w0 d0 L11
46.527766,129.088701833333,35.074416333333,508086.855,3881299.201,0.245,2.228611,gps_course,11,0.447,2.000,13,508085.486,3881301.196,-0.056297,0.033705,0.031019,0.5600,,,TRACKING|w0 d0 L11
46.577516,129.088701500000,35.074416666667,508086.825,3881299.238,0.249,2.250777,gps_course,11,0.401,2.000,13,508085.486,3881301.196,-0.080225,0.048949,0.038191,0.5600,,,TRACKING|w0 d0 L11
46.627558,129.088701500000,35.074416666667,508086.825,3881299.238,0.249,2.250777,gps_course,11,0.401,2.000,13,508085.486,3881301.196,-0.080225,0.048949,0.042494,0.5600,,,TRACKING|w0 d0 L11
46.677506,129.088701500000,35.074416666667,508086.825,3881299.238,0.249,2.250777,gps_course,11,0.401,2.000,13,508085.486,3881301.196,-0.080225,0.048949,0.045076,0.5600,,,TRACKING|w0 d0 L11
46.727767,129.088701500000,35.074416666667,508086.825,3881299.238,0.249,2.250777,gps_course,11,0.401,2.000,13,508085.486,3881301.196,-0.080225,0.048949,0.046625,0.5600,,,TRACKING|w0 d0 L11
46.777450,129.088701500000,35.074416666667,508086.825,3881299.238,0.249,2.250777,gps_course,11,0.401,2.000,13,508085.486,3881301.196,-0.080225,0.048949,0.047555,0.5600,,,TRACKING|w0 d0 L11
46.827673,129.088700833333,35.074417166667,508086.764,3881299.293,0.332,2.260550,gps_course,11,0.320,2.000,13,508085.486,3881301.196,-0.098264,0.061985,0.053327,0.5600,,,TRACKING|w0 d0 L11
46.877640,129.088700833333,35.074417166667,508086.764,3881299.293,0.332,2.260550,gps_course,11,0.320,2.000,13,508085.486,3881301.196,-0.098264,0.061985,0.056790,0.5600,,,TRACKING|w0 d0 L11
46.927631,129.088700833333,35.074417166667,508086.764,3881299.293,0.332,2.260550,gps_course,11,0.320,2.000,13,508085.486,3881301.196,-0.098264,0.061985,0.058868,0.5600,,,TRACKING|w0 d0 L11
46.977697,129.088700833333,35.074417166667,508086.764,3881299.293,0.332,2.260550,gps_course,11,0.320,2.000,13,508085.486,3881301.196,-0.098264,0.061985,0.060114,0.5600,,,TRACKING|w0 d0 L11
47.027483,129.088700833333,35.074417166667,508086.764,3881299.293,0.332,2.260550,gps_course,11,0.320,2.000,13,508085.486,3881301.196,-0.098264,0.061985,0.060863,0.5600,,,TRACKING|w0 d0 L11
47.077531,129.088700833333,35.074417166667,508086.764,3881299.293,0.332,2.260550,gps_course,11,0.320,2.000,13,508085.486,3881301.196,-0.098264,0.061985,0.061311,0.5600,,,TRACKING|w0 d0 L11
47.127561,129.088700333333,35.074417833333,508086.718,3881299.367,0.352,2.291094,gps_course,11,0.246,2.000,13,508085.486,3881301.196,-0.127308,0.083288,0.070102,0.5600,,,TRACKING|w0 d0 L11
47.177651,129.088700333333,35.074417833333,508086.718,3881299.367,0.352,2.291094,gps_course,11,0.246,2.000,13,508085.486,3881301.196,-0.127308,0.083288,0.075377,0.5600,,,TRACKING|w0 d0 L11
47.227500,129.088700333333,35.074417833333,508086.718,3881299.367,0.352,2.291094,gps_course,11,0.246,2.000,13,508085.486,3881301.196,-0.127308,0.083288,0.078541,0.5600,,,TRACKING|w0 d0 L11
47.277508,129.088700333333,35.074417833333,508086.718,3881299.367,0.352,2.291094,gps_course,11,0.246,2.000,13,508085.486,3881301.196,-0.127308,0.083288,0.080440,0.5600,,,TRACKING|w0 d0 L11
47.327445,129.088699500000,35.074418500000,508086.642,3881299.441,0.395,2.276433,gps_course,11,0.153,2.000,13,508085.486,3881301.196,-0.123010,0.084455,0.082046,0.5600,,,TRACKING|w0 d0 L11
47.377510,129.088699500000,35.074418500000,508086.642,3881299.441,0.395,2.276433,gps_course,11,0.153,2.000,13,508085.486,3881301.196,-0.123010,0.084455,0.083010,0.5600,,,TRACKING|w0 d0 L11
47.429667,129.088699500000,35.074418500000,508086.642,3881299.441,0.395,2.276433,gps_course,11,0.153,2.000,13,508085.486,3881301.196,-0.123010,0.084455,0.083588,0.5600,,,TRACKING|w0 d0 L11
47.477505,129.088699500000,35.074418500000,508086.642,3881299.441,0.395,2.276433,gps_course,11,0.153,2.000,13,508085.486,3881301.196,-0.123010,0.084455,0.083935,0.5600,,,TRACKING|w0 d0 L11
47.527948,129.088699500000,35.074418500000,508086.642,3881299.441,0.395,2.276433,gps_course,11,0.153,2.000,13,508085.486,3881301.196,-0.123010,0.084455,0.084143,0.5600,,,TRACKING|w0 d0 L11
47.577466,129.088698833333,35.074419333333,508086.581,3881299.533,0.441,2.237512,gps_course,11,0.117,2.000,14,508084.923,3881302.101,-0.093214,0.044125,0.068136,0.5600,,,TRACKING|w0 d0 L11
47.627770,129.088698833333,35.074419333333,508086.581,3881299.533,0.441,2.237512,gps_course,11,0.117,2.000,14,508084.923,3881302.101,-0.093214,0.044125,0.058531,0.5600,,,TRACKING|w0 d0 L11
47.678222,129.088698833333,35.074419333333,508086.581,3881299.533,0.441,2.237512,gps_course,11,0.117,2.000,14,508084.923,3881302.101,-0.093214,0.044125,0.052769,0.5600,,,TRACKING|w0 d0 L11
47.727475,129.088698833333,35.074419333333,508086.581,3881299.533,0.441,2.237512,gps_course,11,0.117,2.000,14,508084.923,3881302.101,-0.093214,0.044125,0.049311,0.5600,,,TRACKING|w0 d0 L11
47.777713,129.088698833333,35.074419333333,508086.581,3881299.533,0.441,2.237512,gps_course,11,0.117,2.000,14,508084.923,3881302.101,-0.093214,0.044125,0.047237,0.5600,,,TRACKING|w0 d0 L11
47.827486,129.088698000000,35.074420000000,508086.505,3881299.607,0.439,2.251649,gps_course,11,0.149,2.000,14,508084.923,3881302.101,-0.115408,0.056473,0.050931,0.5600,,,TRACKING|w0 d0 L11
47.878854,129.088698000000,35.074420000000,508086.505,3881299.607,0.439,2.251649,gps_course,11,0.149,2.000,14,508084.923,3881302.101,-0.115408,0.056473,0.053148,0.5600,,,TRACKING|w0 d0 L11
47.927496,129.088698000000,35.074420000000,508086.505,3881299.607,0.439,2.251649,gps_course,11,0.149,2.000,14,508084.923,3881302.101,-0.115408,0.056473,0.054478,0.5600,,,TRACKING|w0 d0 L11
47.977586,129.088698000000,35.074420000000,508086.505,3881299.607,0.439,2.251649,gps_course,11,0.149,2.000,14,508084.923,3881302.101,-0.115408,0.056473,0.055276,0.5600,,,TRACKING|w0 d0 L11
48.027675,129.088698000000,35.074420000000,508086.505,3881299.607,0.439,2.251649,gps_course,11,0.149,2.000,14,508084.923,3881302.101,-0.115408,0.056473,0.055755,0.5600,,,TRACKING|w0 d0 L11
48.077509,129.088698000000,35.074420000000,508086.505,3881299.607,0.439,2.251649,gps_course,11,0.149,2.000,14,508084.923,3881302.101,-0.115408,0.056473,0.056042,0.5600,,,TRACKING|w0 d0 L11
48.127462,129.088697333333,35.074420833333,508086.445,3881299.699,0.473,2.206096,gps_course,11,0.245,2.000,14,508084.923,3881302.101,-0.070524,0.035925,0.047996,0.5600,,,TRACKING|w0 d0 L11
48.177516,129.088697333333,35.074420833333,508086.445,3881299.699,0.473,2.206096,gps_course,11,0.245,2.000,14,508084.923,3881302.101,-0.070524,0.035925,0.043167,0.5600,,,TRACKING|w0 d0 L11
48.227723,129.088697333333,35.074420833333,508086.445,3881299.699,0.473,2.206096,gps_course,11,0.245,2.000,14,508084.923,3881302.101,-0.070524,0.035925,0.040271,0.5600,,,TRACKING|w0 d0 L11
48.277500,129.088697333333,35.074420833333,508086.445,3881299.699,0.473,2.206096,gps_course,11,0.245,2.000,14,508084.923,3881302.101,-0.070524,0.035925,0.038532,0.5600,,,TRACKING|w0 d0 L11
48.327679,129.088696333333,35.074421833333,508086.353,3881299.810,0.541,2.238210,gps_course,11,0.377,2.000,14,508084.923,3881302.101,-0.109223,0.058463,0.046505,0.5600,,,TRACKING|w0 d0 L11
48.377653,129.088696333333,35.074421833333,508086.353,3881299.810,0.541,2.238210,gps_course,11,0.377,2.000,14,508084.923,3881302.101,-0.109223,0.058463,0.051288,0.5600,,,TRACKING|w0 d0 L11
48.427755,129.088696333333,35.074421833333,508086.353,3881299.810,0.541,2.238210,gps_course,11,0.377,2.000,14,508084.923,3881302.101,-0.109223,0.058463,0.054158,0.5600,,,TRACKING|w0 d0 L11
48.477780,129.088696333333,35.074421833333,508086.353,3881299.810,0.541,2.238210,gps_course,11,0.377,2.000,14,508084.923,3881302.101,-0.109223,0.058463,0.055880,0.5600,,,TRACKING|w0 d0 L11
48.527541,129.088696333333,35.074421833333,508086.353,3881299.810,0.541,2.238210,gps_course,11,0.377,2.000,14,508084.923,3881302.101,-0.109223,0.058463,0.056913,0.5600,,,TRACKING|w0 d0 L11
48.577839,129.088695500000,35.074422833333,508086.277,3881299.921,0.543,2.215870,gps_course,12,0.499,2.000,14,508084.923,3881302.101,-0.089153,0.050266,0.054254,0.5600,,,TRACKING|w0 d0 L12
48.627577,129.088695500000,35.074422833333,508086.277,3881299.921,0.543,2.215870,gps_course,12,0.499,2.000,14,508084.923,3881302.101,-0.089153,0.050266,0.052659,0.5600,,,TRACKING|w0 d0 L12
48.677575,129.088695500000,35.074422833333,508086.277,3881299.921,0.543,2.215870,gps_course,12,0.499,2.000,14,508084.923,3881302.101,-0.089153,0.050266,0.051702,0.5600,,,TRACKING|w0 d0 L12
48.727479,129.088695500000,35.074422833333,508086.277,3881299.921,0.543,2.215870,gps_course,12,0.499,2.000,14,508084.923,3881302.101,-0.089153,0.050266,0.051127,0.5600,,,TRACKING|w0 d0 L12
48.777698,129.088695500000,35.074422833333,508086.277,3881299.921,0.543,2.215870,gps_course,12,0.499,2.000,14,508084.923,3881302.101,-0.089153,0.050266,0.050783,0.5600,,,TRACKING|w0 d0 L12
48.827508,129.088695500000,35.074422833333,508086.277,3881299.921,0.543,2.215870,gps_course,12,0.499,2.000,14,508084.923,3881302.101,-0.089153,0.050266,0.050576,0.5600,,,TRACKING|w0 d0 L12
48.877594,129.088695166667,35.074423166667,508086.247,3881299.958,0.188,2.203304,gps_course,12,0.451,2.000,14,508084.923,3881302.101,-0.079107,0.045461,0.048530,0.5600,,,TRACKING|w0 d0 L12
48.927829,129.088695166667,35.074423166667,508086.247,3881299.958,0.188,2.203304,gps_course,12,0.451,2.000,14,508084.923,3881302.101,-0.079107,0.045461,0.047302,0.5600,,,TRACKING|w0 d0 L12
48.977475,129.088695166667,35.074423166667,508086.247,3881299.958,0.188,2.203304,gps_course,12,0.451,2.000,14,508084.923,3881302.101,-0.079107,0.045461,0.046566,0.5600,,,TRACKING|w0 d0 L12
49.027856,129.088695166667,35.074423166667,508086.247,3881299.958,0.188,2.203304,gps_course,12,0.451,2.000,14,508084.923,3881302.101,-0.079107,0.045461,0.046124,0.5600,,,TRACKING|w0 d0 L12
49.077524,129.088695166667,35.074423166667,508086.247,3881299.958,0.188,2.203304,gps_course,12,0.451,2.000,14,508084.923,3881302.101,-0.079107,0.045461,0.045859,0.5600,,,TRACKING|w0 d0 L12
49.127733,129.088695166667,35.074423166667,508086.247,3881299.958,0.188,2.203304,gps_course,12,0.451,2.000,14,508084.923,3881302.101,-0.079107,0.045461,0.045700,0.5600,,,TRACKING|w0 d0 L12
49.177745,129.088695166667,35.074423166667,508086.247,3881299.958,0.188,2.203304,gps_course,12,0.451,2.000,14,508084.923,3881302.101,-0.079107,0.045461,0.045604,0.5600,,,TRACKING|w0 d0 L12
49.227738,129.088695166667,35.074423166667,508086.247,3881299.958,0.188,2.203304,gps_course,12,0.451,2.000,14,508084.923,3881302.101,-0.079107,0.045461,0.045547,0.5600,,,TRACKING|w0 d0 L12
49.277527,129.088695166667,35.074423166667,508086.247,3881299.958,0.188,2.203304,gps_course,12,0.451,2.000,14,508084.923,3881302.101,-0.079107,0.045461,0.045513,0.5600,,,TRACKING|w0 d0 L12
49.327520,129.088695166667,35.074423166667,508086.247,3881299.958,0.015,2.203304,gps_course,12,0.451,2.000,14,508084.923,3881302.101,-0.079107,0.045461,0.045492,0.5600,,,TRACKING|w0 d0 L12
49.377557,129.088695166667,35.074423166667,508086.247,3881299.958,0.015,2.203304,gps_course,12,0.451,2.000,14,508084.923,3881302.101,-0.079107,0.045461,0.045480,0.5600,,,TRACKING|w0 d0 L12
49.427499,129.088695166667,35.074423166667,508086.247,3881299.958,0.015,2.203304,gps_course,12,0.451,2.000,14,508084.923,3881302.101,-0.079107,0.045461,0.045472,0.5600,,,TRACKING|w0 d0 L12
49.477791,129.088695166667,35.074423166667,508086.247,3881299.958,0.015,2.203304,gps_course,12,0.451,2.000,14,508084.923,3881302.101,-0.079107,0.045461,0.045468,0.5600,,,TRACKING|w0 d0 L12
49.527726,129.088695166667,35.074423166667,508086.247,3881299.958,0.015,2.203304,gps_course,12,0.451,2.000,14,508084.923,3881302.101,-0.079107,0.045461,0.045465,0.5600,,,TRACKING|w0 d0 L12
49.578293,129.088695166667,35.074423166667,508086.247,3881299.958,0.015,2.203304,gps_course,12,0.451,2.000,14,508084.923,3881302.101,-0.079107,0.045461,0.045463,0.5600,,,TRACKING|w0 d0 L12
49.627489,129.088695166667,35.074423166667,508086.247,3881299.958,0.004,2.203304,gps_course,12,0.451,2.000,14,508084.923,3881302.101,-0.079107,0.045461,0.045462,0.5600,,,TRACKING|w0 d0 L12
49.677494,129.088695166667,35.074423166667,508086.247,3881299.958,0.004,2.203304,gps_course,12,0.451,2.000,14,508084.923,3881302.101,-0.079107,0.045461,0.045462,0.5600,,,TRACKING|w0 d0 L12
49.727727,129.088695166667,35.074423166667,508086.247,3881299.958,0.004,2.203304,gps_course,12,0.451,2.000,14,508084.923,3881302.101,-0.079107,0.045461,0.045462,0.5600,,,TRACKING|w0 d0 L12
49.777572,129.088695166667,35.074423166667,508086.247,3881299.958,0.004,2.203304,gps_course,12,0.451,2.000,14,508084.923,3881302.101,-0.079107,0.045461,0.045461,0.5600,,,TRACKING|w0 d0 L12
49.829448,129.088695166667,35.074423166667,508086.247,3881299.958,0.006,2.203304,gps_course,12,0.451,2.000,14,508084.923,3881302.101,-0.079107,0.045461,0.045461,0.5600,,,TRACKING|w0 d0 L12
49.877501,129.088695166667,35.074423166667,508086.247,3881299.958,0.006,2.203304,gps_course,12,0.451,2.000,14,508084.923,3881302.101,-0.079107,0.045461,0.045461,0.5600,,,TRACKING|w0 d0 L12
49.927788,129.088695166667,35.074423166667,508086.247,3881299.958,0.006,2.203304,gps_course,12,0.451,2.000,14,508084.923,3881302.101,-0.079107,0.045461,0.045461,0.5600,,,TRACKING|w0 d0 L12
49.977610,129.088695166667,35.074423166667,508086.247,3881299.958,0.006,2.203304,gps_course,12,0.451,2.000,14,508084.923,3881302.101,-0.079107,0.045461,0.045461,0.5600,,,TRACKING|w0 d0 L12
50.027583,129.088695166667,35.074423166667,508086.247,3881299.958,0.006,2.203304,gps_course,12,0.451,2.000,14,508084.923,3881302.101,-0.079107,0.045461,0.045461,0.5600,,,TRACKING|w0 d0 L12
50.077699,129.088695166667,35.074423166667,508086.247,3881299.958,0.006,2.203304,gps_course,12,0.451,2.000,14,508084.923,3881302.101,-0.079107,0.045461,0.045461,0.5600,,,TRACKING|w0 d0 L12
50.127483,129.088695166667,35.074423166667,508086.247,3881299.958,0.011,2.203304,gps_course,12,0.451,2.000,14,508084.923,3881302.101,-0.079107,0.045461,0.045461,0.5600,,,TRACKING|w0 d0 L12
50.177737,129.088695166667,35.074423166667,508086.247,3881299.958,0.011,2.203304,gps_course,12,0.451,2.000,14,508084.923,3881302.101,-0.079107,0.045461,0.045461,0.5600,,,TRACKING|w0 d0 L12
50.227495,129.088695166667,35.074423166667,508086.247,3881299.958,0.011,2.203304,gps_course,12,0.451,2.000,14,508084.923,3881302.101,-0.079107,0.045461,0.045461,0.5600,,,TRACKING|w0 d0 L12
50.277740,129.088695166667,35.074423166667,508086.247,3881299.958,0.011,2.203304,gps_course,12,0.451,2.000,14,508084.923,3881302.101,-0.079107,0.045461,0.045461,0.5600,,,TRACKING|w0 d0 L12
50.327451,129.088695166667,35.074423166667,508086.247,3881299.958,0.005,2.203304,gps_course,12,0.451,2.000,14,508084.923,3881302.101,-0.079107,0.045461,0.045461,0.5600,,,TRACKING|w0 d0 L12
50.377630,129.088695166667,35.074423166667,508086.247,3881299.958,0.005,2.203304,gps_course,12,0.451,2.000,14,508084.923,3881302.101,-0.079107,0.045461,0.045461,0.5600,,,TRACKING|w0 d0 L12
50.427605,129.088695166667,35.074423166667,508086.247,3881299.958,0.005,2.203304,gps_course,12,0.451,2.000,14,508084.923,3881302.101,-0.079107,0.045461,0.045461,0.5600,,,TRACKING|w0 d0 L12
50.477526,129.088695166667,35.074423166667,508086.247,3881299.958,0.005,2.203304,gps_course,12,0.451,2.000,14,508084.923,3881302.101,-0.079107,0.045461,0.045461,0.5600,,,TRACKING|w0 d0 L12
50.527525,129.088695166667,35.074423166667,508086.247,3881299.958,0.005,2.203304,gps_course,12,0.451,2.000,14,508084.923,3881302.101,-0.079107,0.045461,0.045461,0.5600,,,TRACKING|w0 d0 L12
50.577420,129.088695166667,35.074423166667,508086.247,3881299.958,0.015,2.203304,gps_course,12,0.451,2.000,14,508084.923,3881302.101,-0.079107,0.045461,0.045461,0.5600,,,TRACKING|w0 d0 L12
50.627806,129.088695166667,35.074423166667,508086.247,3881299.958,0.015,2.203304,gps_course,12,0.451,2.000,14,508084.923,3881302.101,-0.079107,0.045461,0.045461,0.5600,,,TRACKING|w0 d0 L12
50.677490,129.088695166667,35.074423166667,508086.247,3881299.958,0.015,2.203304,gps_course,12,0.451,2.000,14,508084.923,3881302.101,-0.079107,0.045461,0.045461,0.5600,,,TRACKING|w0 d0 L12
50.727981,129.088695166667,35.074423166667,508086.247,3881299.958,0.015,2.203304,gps_course,12,0.451,2.000,14,508084.923,3881302.101,-0.079107,0.045461,0.045461,0.5600,,,TRACKING|w0 d0 L12
50.777513,129.088695166667,35.074423166667,508086.247,3881299.958,0.015,2.203304,gps_course,12,0.451,2.000,14,508084.923,3881302.101,-0.079107,0.045461,0.045461,0.5600,,,TRACKING|w0 d0 L12
50.827570,129.088695000000,35.074423333333,508086.232,3881299.977,0.015,2.203304,gps_course,12,0.427,2.000,14,508084.923,3881302.101,-0.080403,0.046642,0.045933,0.5600,,,TRACKING|w0 d0 L12
50.877523,129.088695000000,35.074423333333,508086.232,3881299.977,0.015,2.203304,gps_course,12,0.427,2.000,14,508084.923,3881302.101,-0.080403,0.046642,0.046217,0.5600,,,TRACKING|w0 d0 L12
50.927614,129.088695000000,35.074423333333,508086.232,3881299.977,0.015,2.203304,gps_course,12,0.427,2.000,14,508084.923,3881302.101,-0.080403,0.046642,0.046387,0.5600,,,TRACKING|w0 d0 L12
50.977671,129.088695000000,35.074423333333,508086.232,3881299.977,0.015,2.203304,gps_course,12,0.427,2.000,14,508084.923,3881302.101,-0.080403,0.046642,0.046489,0.5600,,,TRACKING|w0 d0 L12
51.027504,129.088695000000,35.074423333333,508086.232,3881299.977,0.015,2.203304,gps_course,12,0.427,2.000,14,508084.923,3881302.101,-0.080403,0.046642,0.046550,0.5600,,,TRACKING|w0 d0 L12
51.077978,129.088695000000,35.074423333333,508086.232,3881299.977,0.076,2.203304,gps_course,12,0.427,2.000,14,508084.923,3881302.101,-0.080403,0.046642,0.046586,0.5600,,,TRACKING|w0 d0 L12
51.127568,129.088695000000,35.074423333333,508086.232,3881299.977,0.076,2.203304,gps_course,12,0.427,2.000,14,508084.923,3881302.101,-0.080403,0.046642,0.046608,0.5600,,,TRACKING|w0 d0 L12
51.178886,129.088695000000,35.074423333333,508086.232,3881299.977,0.076,2.203304,gps_course,12,0.427,2.000,14,508084.923,3881302.101,-0.080403,0.046642,0.046622,0.5600,,,TRACKING|w0 d0 L12
51.227681,129.088695000000,35.074423333333,508086.232,3881299.977,0.076,2.203304,gps_course,12,0.427,2.000,14,508084.923,3881302.101,-0.080403,0.046642,0.046630,0.5600,,,TRACKING|w0 d0 L12
51.277677,129.088695000000,35.074423333333,508086.232,3881299.977,0.076,2.203304,gps_course,12,0.427,2.000,14,508084.923,3881302.101,-0.080403,0.046642,0.046634,0.5600,,,TRACKING|w0 d0 L12
51.327815,129.088694666667,35.074423666667,508086.201,3881300.013,0.128,1.962405,gps_course,12,0.379,2.000,14,508084.923,3881302.101,0.157829,-0.092842,0.016552,0.5600,,,TRACKING|w0 d0 L12
51.377481,129.088694666667,35.074423666667,508086.201,3881300.013,0.128,1.962405,gps_course,12,0.379,2.000,14,508084.923,3881302.101,0.157829,-0.092842,-0.013248,0.5600,,,TRACKING|w0 d0 L12
51.427858,129.088694666667,35.074423666667,508086.201,3881300.013,0.128,1.962405,gps_course,12,0.379,2.000,14,508084.923,3881302.101,0.157829,-0.092842,-0.043474,0.5600,,,TRACKING|w0 d0 L12
51.477538,129.088694666667,35.074423666667,508086.201,3881300.013,0.128,1.962405,gps_course,12,0.379,2.000,14,508084.923,3881302.101,0.157829,-0.092842,-0.063221,0.5600,,,TRACKING|w0 d0 L12
51.529772,129.088694666667,35.074423666667,508086.201,3881300.013,0.128,1.962405,gps_course,12,0.379,2.000,14,508084.923,3881302.101,0.157829,-0.092842,-0.075070,0.5600,,,TRACKING|w0 d0 L12
51.577777,129.088694333333,35.074424000000,508086.171,3881300.050,0.165,2.214878,gps_course,12,0.332,2.000,14,508084.923,3881302.101,-0.097417,0.058688,-0.046267,0.5600,,,TRACKING|w0 d0 L12
51.627642,129.088694333333,35.074424000000,508086.171,3881300.050,0.165,2.214878,gps_course,12,0.332,2.000,14,508084.923,3881302.101,-0.097417,0.058688,-0.016348,0.5600,,,TRACKING|w0 d0 L12
51.677630,129.088694333333,35.074424000000,508086.171,3881300.050,0.165,2.214878,gps_course,12,0.332,2.000,14,508084.923,3881302.101,-0.097417,0.058688,0.013645,0.5600,,,TRACKING|w0 d0 L12
51.727765,129.088694333333,35.074424000000,508086.171,3881300.050,0.165,2.214878,gps_course,12,0.332,2.000,14,508084.923,3881302.101,-0.097417,0.058688,0.031662,0.5600,,,TRACKING|w0 d0 L12
51.777652,129.088694333333,35.074424000000,508086.171,3881300.050,0.165,2.214878,gps_course,12,0.332,2.000,14,508084.923,3881302.101,-0.097417,0.058688,0.042473,0.5600,,,TRACKING|w0 d0 L12
51.827467,129.088694000000,35.074424333333,508086.140,3881300.087,0.198,2.250951,gps_course,12,0.284,2.000,14,508084.923,3881302.101,-0.136374,0.083586,0.058918,0.5600,,,TRACKING|w0 d0 L12
51.877760,129.088694000000,35.074424333333,508086.140,3881300.087,0.198,2.250951,gps_course,12,0.284,2.000,14,508084.923,3881302.101,-0.136374,0.083586,0.068785,0.5600,,,TRACKING|w0 d0 L12
51.927440,129.088694000000,35.074424333333,508086.140,3881300.087,0.198,2.250951,gps_course,12,0.284,2.000,14,508084.923,3881302.101,-0.136374,0.083586,0.074705,0.5600,,,TRACKING|w0 d0 L12
51.977556,129.088694000000,35.074424333333,508086.140,3881300.087,0.198,2.250951,gps_course,12,0.284,2.000,14,508084.923,3881302.101,-0.136374,0.083586,0.078257,0.5600,,,TRACKING|w0 d0 L12
52.027634,129.088694000000,35.074424333333,508086.140,3881300.087,0.198,2.250951,gps_course,12,0.284,2.000,14,508084.923,3881302.101,-0.136374,0.083586,0.080389,0.5600,,,TRACKING|w0 d0 L12
52.077601,129.088694000000,35.074424333333,508086.140,3881300.087,0.198,2.250951,gps_course,12,0.284,2.000,14,508084.923,3881302.101,-0.136374,0.083586,0.081667,0.5600,,,TRACKING|w0 d0 L12
52.127551,129.088693666667,35.074424666667,508086.110,3881300.124,0.215,2.208365,gps_course,12,0.237,2.000,14,508084.923,3881302.101,-0.096791,0.060703,0.073282,0.5600,,,TRACKING|w0 d0 L12
52.177438,129.088693666667,35.074424666667,508086.110,3881300.124,0.215,2.208365,gps_course,12,0.237,2.000,14,508084.923,3881302.101,-0.096791,0.060703,0.068250,0.5600,,,TRACKING|w0 d0 L12
52.227596,129.088693666667,35.074424666667,508086.110,3881300.124,0.215,2.208365,gps_course,12,0.237,2.000,14,508084.923,3881302.101,-0.096791,0.060703,0.065231,0.5600,,,TRACKING|w0 d0 L12
52.277485,129.088693666667,35.074424666667,508086.110,3881300.124,0.215,2.208365,gps_course,12,0.237,2.000,14,508084.923,3881302.101,-0.096791,0.060703,0.063420,0.5600,,,TRACKING|w0 d0 L12
52.327622,129.088693333333,35.074425166667,508086.079,3881300.180,0.243,2.170491,gps_course,12,0.174,2.000,14,508084.923,3881302.101,-0.057831,0.037357,0.052995,0.5600,,,TRACKING|w0 d0 L12
52.377693,129.088693333333,35.074425166667,508086.079,3881300.180,0.243,2.170491,gps_course,12,0.174,2.000,14,508084.923,3881302.101,-0.057831,0.037357,0.046740,0.5600,,,TRACKING|w0 d0 L12
52.428328,129.088693333333,35.074425166667,508086.079,3881300.180,0.243,2.170491,gps_course,12,0.174,2.000,14,508084.923,3881302.101,-0.057831,0.037357,0.042987,0.5600,,,TRACKING|w0 d0 L12
52.477625,129.088693333333,35.074425166667,508086.079,3881300.180,0.243,2.170491,gps_course,12,0.174,2.000,14,508084.923,3881302.101,-0.057831,0.037357,0.040735,0.5600,,,TRACKING|w0 d0 L12
52.527520,129.088693333333,35.074425166667,508086.079,3881300.180,0.243,2.170491,gps_course,12,0.174,2.000,14,508084.923,3881302.101,-0.057831,0.037357,0.039384,0.5600,,,TRACKING|w0 d0 L12
52.577599,129.088693000000,35.074425666667,508086.049,3881300.235,0.282,2.108707,gps_course,12,0.111,2.000,14,508084.923,3881302.101,0.005103,0.000000,0.023630,0.5600,,,TRACKING|w0 d0 L12
52.627512,129.088693000000,35.074425666667,508086.049,3881300.235,0.282,2.108707,gps_course,12,0.111,2.000,14,508084.923,3881302.101,0.005103,0.000000,0.014178,0.5600,,,TRACKING|w0 d0 L12
52.679731,129.088693000000,35.074425666667,508086.049,3881300.235,0.282,2.108707,gps_course,12,0.111,2.000,14,508084.923,3881302.101,0.005103,0.000000,0.008507,0.5600,,,TRACKING|w0 d0 L12
52.727426,129.088693000000,35.074425666667,508086.049,3881300.235,0.282,2.108707,gps_course,12,0.111,2.000,14,508084.923,3881302.101,0.005103,0.000000,0.005104,0.5600,,,TRACKING|w0 d0 L12
52.777866,129.088693000000,35.074425666667,508086.049,3881300.235,0.282,2.108707,gps_course,12,0.111,2.000,14,508084.923,3881302.101,0.005103,0.000000,0.003062,0.5600,,,TRACKING|w0 d0 L12
52.827588,129.088692500000,35.074426333333,508086.003,3881300.309,0.336,2.181138,gps_course,12,0.024,2.000,14,508084.923,3881302.101,-0.067760,0.046887,0.020592,0.5600,,,TRACKING|w0 d0 L12
52.877437,129.088692500000,35.074426333333,508086.003,3881300.309,0.336,2.181138,gps_course,12,0.024,2.000,14,508084.923,3881302.101,-0.067760,0.046887,0.031110,0.5600,,,TRACKING|w0 d0 L12
52.927738,129.088692500000,35.074426333333,508086.003,3881300.309,0.336,2.181138,gps_course,12,0.024,2.000,14,508084.923,3881302.101,-0.067760,0.046887,0.037421,0.5600,,,TRACKING|w0 d0 L12
52.977476,129.088692500000,35.074426333333,508086.003,3881300.309,0.336,2.181138,gps_course,12,0.024,2.000,14,508084.923,3881302.101,-0.067760,0.046887,0.041207,0.5600,,,TRACKING|w0 d0 L12
53.027641,129.088692500000,35.074426333333,508086.003,3881300.309,0.336,2.181138,gps_course,12,0.024,2.000,14,508084.923,3881302.101,-0.067760,0.046887,0.043479,0.5600,,,TRACKING|w0 d0 L12
53.077788,129.088692500000,35.074426333333,508086.003,3881300.309,0.342,2.110452,gps_course,12,0.024,2.000,14,508084.923,3881302.101,0.002926,0.000000,0.026087,0.5600,,,TRACKING|w0 d0 L12
53.127760,129.088692000000,35.074427000000,508085.958,3881300.383,0.342,2.110452,gps_course,12,0.063,2.000,14,508084.923,3881302.101,0.002457,0.000000,0.015652,0.5600,,,TRACKING|w0 d0 L12
53.178001,129.088692000000,35.074427000000,508085.958,3881300.383,0.342,2.110452,gps_course,12,0.063,2.000,14,508084.923,3881302.101,0.002457,0.000000,0.009391,0.5600,,,TRACKING|w0 d0 L12
53.227568,129.088692000000,35.074427000000,508085.958,3881300.383,0.342,2.110452,gps_course,12,0.063,2.000,14,508084.923,3881302.101,0.002457,0.000000,0.005635,0.5600,,,TRACKING|w0 d0 L12
53.277757,129.088692000000,35.074427000000,508085.958,3881300.383,0.342,2.110452,gps_course,12,0.063,2.000,14,508084.923,3881302.101,0.002457,0.000000,0.003381,0.5600,,,TRACKING|w0 d0 L12
53.327540,129.088691500000,35.074427833333,508085.912,3881300.475,0.376,1.969604,gps_course,12,0.166,2.000,15,508084.390,3881303.043,0.136181,-0.065855,-0.024314,0.5600,,,TRACKING|w0 d0 L12
53.377648,129.088691500000,35.074427833333,508085.912,3881300.475,0.376,1.969604,gps_course,12,0.166,2.000,15,508084.390,3881303.043,0.136181,-0.065855,-0.040930,0.5600,,,TRACKING|w0 d0 L12
53.427489,129.088691500000,35.074427833333,508085.912,3881300.475,0.376,1.969604,gps_course,12,0.166,2.000,15,508084.390,3881303.043,0.136181,-0.065855,-0.050900,0.5600,,,TRACKING|w0 d0 L12
53.477530,129.088691500000,35.074427833333,508085.912,3881300.475,0.376,1.969604,gps_course,12,0.166,2.000,15,508084.390,3881303.043,0.136181,-0.065855,-0.056882,0.5600,,,TRACKING|w0 d0 L12
53.527497,129.088691500000,35.074427833333,508085.912,3881300.475,0.376,1.969604,gps_course,12,0.166,2.000,15,508084.390,3881303.043,0.136181,-0.065855,-0.060471,0.5600,,,TRACKING|w0 d0 L12
53.577637,129.088691500000,35.074427833333,508085.912,3881300.475,0.376,1.969604,gps_course,12,0.166,2.000,15,508084.390,3881303.043,0.136181,-0.065855,-0.062625,0.5600,,,TRACKING|w0 d0 L12
53.627742,129.088691000000,35.074428666667,508085.866,3881300.568,0.403,2.039243,gps_course,12,0.269,2.000,15,508084.390,3881303.043,0.069252,-0.034799,-0.051495,0.5600,,,TRACKING|w0 d0 L12
53.677596,129.088691000000,35.074428666667,508085.866,3881300.568,0.403,2.039243,gps_course,12,0.269,2.000,15,508084.390,3881303.043,0.069252,-0.034799,-0.044816,0.5600,,,TRACKING|w0 d0 L12
53.727430,129.088691000000,35.074428666667,508085.866,3881300.568,0.403,2.039243,gps_course,12,0.269,2.000,15,508084.390,3881303.043,0.069252,-0.034799,-0.040809,0.5600,,,TRACKING|w0 d0 L12
53.777437,129.088691000000,35.074428666667,508085.866,3881300.568,0.403,2.039243,gps_course,12,0.269,2.000,15,508084.390,3881303.043,0.069252,-0.034799,-0.038405,0.5600,,,TRACKING|w0 d0 L12
53.827804,129.088690666667,35.074429500000,508085.836,3881300.660,0.421,1.960354,gps_course,12,0.366,2.000,15,508084.390,3881303.043,0.155728,-0.080512,-0.055248,0.5600,,,TRACKING|w0 d0 L12
53.877501,129.088690666667,35.074429500000,508085.836,3881300.660,0.421,1.960354,gps_course,12,0.366,2.000,15,508084.390,3881303.043,0.155728,-0.080512,-0.065354,0.5600,,,TRACKING|w0 d0 L12
53.927640,129.088690666667,35.074429500000,508085.836,3881300.660,0.421,1.960354,gps_course,12,0.366,2.000,15,508084.390,3881303.043,0.155728,-0.080512,-0.071417,0.5600,,,TRACKING|w0 d0 L12
53.977520,129.088690666667,35.074429500000,508085.836,3881300.660,0.421,1.960354,gps_course,12,0.366,2.000,15,508084.390,3881303.043,0.155728,-0.080512,-0.075055,0.5600,,,TRACKING|w0 d0 L12
54.027571,129.088690666667,35.074429500000,508085.836,3881300.660,0.421,1.960354,gps_course,12,0.366,2.000,15,508084.390,3881303.043,0.155728,-0.080512,-0.077238,0.5600,,,TRACKING|w0 d0 L12
54.077706,129.088690666667,35.074429500000,508085.836,3881300.660,0.421,1.960354,gps_course,12,0.366,2.000,15,508084.390,3881303.043,0.155728,-0.080512,-0.078548,0.5600,,,TRACKING|w0 d0 L12
54.127812,129.088690500000,35.074430000000,508085.821,3881300.715,0.216,1.851620,gps_course,12,0.423,2.000,15,508084.390,3881303.043,0.270216,-0.140741,-0.103425,0.5600,,,TRACKING|w0 d0 L12
54.177882,129.088690500000,35.074430000000,508085.821,3881300.715,0.216,1.851620,gps_course,12,0.423,2.000,15,508084.390,3881303.043,0.270216,-0.140741,-0.118351,0.5600,,,TRACKING|w0 d0 L12
54.227526,129.088690500000,35.074430000000,508085.821,3881300.715,0.216,1.851620,gps_course,12,0.423,2.000,15,508084.390,3881303.043,0.270216,-0.140741,-0.127307,0.5600,,,TRACKING|w0 d0 L12
54.277623,129.088690500000,35.074430000000,508085.821,3881300.715,0.216,1.851620,gps_course,12,0.423,2.000,15,508084.390,3881303.043,0.270216,-0.140741,-0.132681,0.5600,,,TRACKING|w0 d0 L12
54.327831,129.088690333333,35.074430000000,508085.806,3881300.715,0.038,1.851620,gps_course,12,0.429,2.000,15,508084.390,3881303.043,0.265461,-0.138751,-0.135109,0.5600,,,TRACKING|w0 d0 L12
54.377801,129.088690333333,35.074430000000,508085.806,3881300.715,0.038,1.851620,gps_course,12,0.429,2.000,15,508084.390,3881303.043,0.265461,-0.138751,-0.136566,0.5600,,,TRACKING|w0 d0 L12
54.427689,129.088690333333,35.074430000000,508085.806,3881300.715,0.038,1.851620,gps_course,12,0.429,2.000,15,508084.390,3881303.043,0.265461,-0.138751,-0.137440,0.5600,,,TRACKING|w0 d0 L12
54.477445,129.088690333333,35.074430000000,508085.806,3881300.715,0.038,1.851620,gps_course,12,0.429,2.000,15,508084.390,3881303.043,0.265461,-0.138751,-0.137964,0.5600,,,TRACKING|w0 d0 L12
54.527768,129.088690333333,35.074430000000,508085.806,3881300.715,0.038,1.851620,gps_course,12,0.429,2.000,15,508084.390,3881303.043,0.265461,-0.138751,-0.138279,0.5600,,,TRACKING|w0 d0 L12
54.577521,129.088690500000,35.074429833333,508085.821,3881300.697,0.047,1.851620,gps_course,12,0.406,2.000,15,508084.390,3881303.043,0.266699,-0.138189,-0.138243,0.5600,,,TRACKING|w0 d0 L12
54.628665,129.088690500000,35.074429833333,508085.821,3881300.697,0.047,1.851620,gps_course,12,0.406,2.000,15,508084.390,3881303.043,0.266699,-0.138189,-0.138221,0.5600,,,TRACKING|w0 d0 L12
54.677448,129.088690500000,35.074429833333,508085.821,3881300.697,0.047,1.851620,gps_course,12,0.406,2.000,15,508084.390,3881303.043,0.266699,-0.138189,-0.138208,0.5600,,,TRACKING|w0 d0 L12
54.727552,129.088690500000,35.074429833333,508085.821,3881300.697,0.047,1.851620,gps_course,12,0.406,2.000,15,508084.390,3881303.043,0.266699,-0.138189,-0.138200,0.5600,,,TRACKING|w0 d0 L12
54.777498,129.088690500000,35.074429833333,508085.821,3881300.697,0.047,1.851620,gps_course,12,0.406,2.000,15,508084.390,3881303.043,0.266699,-0.138189,-0.138196,0.5600,,,TRACKING|w0 d0 L12
54.827926,129.088690500000,35.074429833333,508085.821,3881300.697,0.056,1.851620,gps_course,12,0.406,2.000,15,508084.390,3881303.043,0.266699,-0.138189,-0.138193,0.5600,,,TRACKING|w0 d0 L12
54.877649,129.088690500000,35.074429833333,508085.821,3881300.697,0.056,1.851620,gps_course,12,0.406,2.000,15,508084.390,3881303.043,0.266699,-0.138189,-0.138191,0.5600,,,TRACKING|w0 d0 L12
54.927644,129.088690500000,35.074429833333,508085.821,3881300.697,0.056,1.851620,gps_course,12,0.406,2.000,15,508084.390,3881303.043,0.266699,-0.138189,-0.138190,0.5600,,,TRACKING|w0 d0 L12
54.977732,129.088690500000,35.074429833333,508085.821,3881300.697,0.056,1.851620,gps_course,12,0.406,2.000,15,508084.390,3881303.043,0.266699,-0.138189,-0.138189,0.5600,,,TRACKING|w0 d0 L12
55.027509,129.088690500000,35.074429833333,508085.821,3881300.697,0.056,1.851620,gps_course,12,0.406,2.000,15,508084.390,3881303.043,0.266699,-0.138189,-0.138189,0.5600,,,TRACKING|w0 d0 L12
55.078851,129.088690500000,35.074429833333,508085.821,3881300.697,0.056,1.851620,gps_course,12,0.406,2.000,15,508084.390,3881303.043,0.266699,-0.138189,-0.138189,0.5600,,,TRACKING|w0 d0 L12
55.127591,129.088690500000,35.074429833333,508085.821,3881300.697,0.024,1.851620,gps_course,12,0.406,2.000,15,508084.390,3881303.043,0.266699,-0.138189,-0.138189,0.5600,,,TRACKING|w0 d0 L12
55.179864,129.088690500000,35.074429833333,508085.821,3881300.697,0.024,1.851620,gps_course,12,0.406,2.000,15,508084.390,3881303.043,0.266699,-0.138189,-0.138189,0.5600,,,TRACKING|w0 d0 L12
55.227772,129.088690500000,35.074429833333,508085.821,3881300.697,0.024,1.851620,gps_course,12,0.406,2.000,15,508084.390,3881303.043,0.266699,-0.138189,-0.138189,0.5600,,,TRACKING|w0 d0 L12
55.277511,129.088690500000,35.074429833333,508085.821,3881300.697,0.024,1.851620,gps_course,12,0.406,2.000,15,508084.390,3881303.043,0.266699,-0.138189,-0.138189,0.5600,,,TRACKING|w0 d0 L12
55.327436,129.088690500000,35.074429833333,508085.821,3881300.697,0.023,1.851620,gps_course,12,0.406,2.000,15,508084.390,3881303.043,0.266699,-0.138189,-0.138189,0.5600,,,TRACKING|w0 d0 L12
55.377526,129.088690500000,35.074429833333,508085.821,3881300.697,0.023,1.851620,gps_course,12,0.406,2.000,15,508084.390,3881303.043,0.266699,-0.138189,-0.138189,0.5600,,,TRACKING|w0 d0 L12
55.427984,129.088690500000,35.074429833333,508085.821,3881300.697,0.023,1.851620,gps_course,12,0.406,2.000,15,508084.390,3881303.043,0.266699,-0.138189,-0.138189,0.5600,,,TRACKING|w0 d0 L12
55.477532,129.088690500000,35.074429833333,508085.821,3881300.697,0.023,1.851620,gps_course,12,0.406,2.000,15,508084.390,3881303.043,0.266699,-0.138189,-0.138189,0.5600,,,TRACKING|w0 d0 L12
55.527661,129.088690500000,35.074429833333,508085.821,3881300.697,0.023,1.851620,gps_course,12,0.406,2.000,15,508084.390,3881303.043,0.266699,-0.138189,-0.138189,0.5600,,,TRACKING|w0 d0 L12
55.577451,129.088690500000,35.074429833333,508085.821,3881300.697,0.011,1.851620,gps_course,12,0.406,2.000,15,508084.390,3881303.043,0.266699,-0.138189,-0.138189,0.5600,,,TRACKING|w0 d0 L12
55.627702,129.088690500000,35.074429833333,508085.821,3881300.697,0.011,1.851620,gps_course,12,0.406,2.000,15,508084.390,3881303.043,0.266699,-0.138189,-0.138189,0.5600,,,TRACKING|w0 d0 L12
55.678213,129.088690500000,35.074429833333,508085.821,3881300.697,0.011,1.851620,gps_course,12,0.406,2.000,15,508084.390,3881303.043,0.266699,-0.138189,-0.138189,0.5600,,,TRACKING|w0 d0 L12
55.727434,129.088690500000,35.074429833333,508085.821,3881300.697,0.011,1.851620,gps_course,12,0.406,2.000,15,508084.390,3881303.043,0.266699,-0.138189,-0.138189,0.5600,,,TRACKING|w0 d0 L12
55.777657,129.088690500000,35.074429833333,508085.821,3881300.697,0.011,1.851620,gps_course,12,0.406,2.000,15,508084.390,3881303.043,0.266699,-0.138189,-0.138189,0.5600,,,TRACKING|w0 d0 L12
55.827488,129.088690500000,35.074429833333,508085.821,3881300.697,0.016,1.851620,gps_course,12,0.406,2.000,15,508084.390,3881303.043,0.266699,-0.138189,-0.138189,0.5600,,,TRACKING|w0 d0 L12
55.877591,129.088690500000,35.074429833333,508085.821,3881300.697,0.016,1.851620,gps_course,12,0.406,2.000,15,508084.390,3881303.043,0.266699,-0.138189,-0.138189,0.5600,,,TRACKING|w0 d0 L12
55.927640,129.088690500000,35.074429833333,508085.821,3881300.697,0.016,1.851620,gps_course,12,0.406,2.000,15,508084.390,3881303.043,0.266699,-0.138189,-0.138189,0.5600,,,TRACKING|w0 d0 L12
55.978654,129.088690500000,35.074429833333,508085.821,3881300.697,0.016,1.851620,gps_course,12,0.406,2.000,15,508084.390,3881303.043,0.266699,-0.138189,-0.138189,0.5600,,,TRACKING|w0 d0 L12
56.027702,129.088690500000,35.074429833333,508085.821,3881300.697,0.016,1.851620,gps_course,12,0.406,2.000,15,508084.390,3881303.043,0.266699,-0.138189,-0.138189,0.5600,,,TRACKING|w0 d0 L12
56.077558,129.088690500000,35.074429833333,508085.821,3881300.697,0.016,1.851620,gps_course,12,0.406,2.000,15,508084.390,3881303.043,0.266699,-0.138189,-0.138189,0.5600,,,TRACKING|w0 d0 L12
56.127752,129.088690500000,35.074429833333,508085.821,3881300.697,0.003,1.851620,gps_course,12,0.406,2.000,15,508084.390,3881303.043,0.266699,-0.138189,-0.138189,0.5600,,,TRACKING|w0 d0 L12
56.177631,129.088690500000,35.074429833333,508085.821,3881300.697,0.003,1.851620,gps_course,12,0.406,2.000,15,508084.390,3881303.043,0.266699,-0.138189,-0.138189,0.5600,,,TRACKING|w0 d0 L12
56.227540,129.088690500000,35.074429833333,508085.821,3881300.697,0.003,1.851620,gps_course,12,0.406,2.000,15,508084.390,3881303.043,0.266699,-0.138189,-0.138189,0.5600,,,TRACKING|w0 d0 L12
56.277478,129.088690500000,35.074429833333,508085.821,3881300.697,0.003,1.851620,gps_course,12,0.406,2.000,15,508084.390,3881303.043,0.266699,-0.138189,-0.138189,0.5600,,,TRACKING|w0 d0 L12
56.327803,129.088690500000,35.074429833333,508085.821,3881300.697,0.017,1.851620,gps_course,12,0.406,2.000,15,508084.390,3881303.043,0.266699,-0.138189,-0.138189,0.5600,,,TRACKING|w0 d0 L12
56.377622,129.088690500000,35.074429833333,508085.821,3881300.697,0.017,1.851620,gps_course,12,0.406,2.000,15,508084.390,3881303.043,0.266699,-0.138189,-0.138189,0.5600,,,TRACKING|w0 d0 L12
56.427758,129.088690500000,35.074429833333,508085.821,3881300.697,0.017,1.851620,gps_course,12,0.406,2.000,15,508084.390,3881303.043,0.266699,-0.138189,-0.138189,0.5600,,,TRACKING|w0 d0 L12
56.477860,129.088690500000,35.074429833333,508085.821,3881300.697,0.017,1.851620,gps_course,12,0.406,2.000,15,508084.390,3881303.043,0.266699,-0.138189,-0.138189,0.5600,,,TRACKING|w0 d0 L12
56.527510,129.088690500000,35.074429833333,508085.821,3881300.697,0.017,1.851620,gps_course,12,0.406,2.000,15,508084.390,3881303.043,0.266699,-0.138189,-0.138189,0.5600,,,TRACKING|w0 d0 L12
56.577645,129.088690500000,35.074429833333,508085.821,3881300.697,0.013,1.851620,gps_course,12,0.406,2.000,15,508084.390,3881303.043,0.266699,-0.138189,-0.138189,0.5600,,,TRACKING|w0 d0 L12
56.627526,129.088690500000,35.074429833333,508085.821,3881300.697,0.013,1.851620,gps_course,12,0.406,2.000,15,508084.390,3881303.043,0.266699,-0.138189,-0.138189,0.5600,,,TRACKING|w0 d0 L12
56.677714,129.088690500000,35.074429833333,508085.821,3881300.697,0.013,1.851620,gps_course,12,0.406,2.000,15,508084.390,3881303.043,0.266699,-0.138189,-0.138189,0.5600,,,TRACKING|w0 d0 L12
56.727451,129.088690500000,35.074429833333,508085.821,3881300.697,0.013,1.851620,gps_course,12,0.406,2.000,15,508084.390,3881303.043,0.266699,-0.138189,-0.138189,0.5600,,,TRACKING|w0 d0 L12
56.777814,129.088690500000,35.074429833333,508085.821,3881300.697,0.013,1.851620,gps_course,12,0.406,2.000,15,508084.390,3881303.043,0.266699,-0.138189,-0.138189,0.5600,,,TRACKING|w0 d0 L12
56.827655,129.088690500000,35.074429833333,508085.821,3881300.697,0.026,1.851620,gps_course,12,0.406,2.000,15,508084.390,3881303.043,0.266699,-0.138189,-0.138189,0.5600,,,TRACKING|w0 d0 L12
56.877654,129.088690500000,35.074429833333,508085.821,3881300.697,0.026,1.851620,gps_course,12,0.406,2.000,15,508084.390,3881303.043,0.266699,-0.138189,-0.138189,0.5600,,,TRACKING|w0 d0 L12
56.927799,129.088690500000,35.074429833333,508085.821,3881300.697,0.026,1.851620,gps_course,12,0.406,2.000,15,508084.390,3881303.043,0.266699,-0.138189,-0.138189,0.5600,,,TRACKING|w0 d0 L12
56.977470,129.088690500000,35.074429833333,508085.821,3881300.697,0.026,1.851620,gps_course,12,0.406,2.000,15,508084.390,3881303.043,0.266699,-0.138189,-0.138189,0.5600,,,TRACKING|w0 d0 L12
57.029407,129.088690500000,35.074429833333,508085.821,3881300.697,0.026,1.851620,gps_course,12,0.406,2.000,15,508084.390,3881303.043,0.266699,-0.138189,-0.138189,0.5600,,,TRACKING|w0 d0 L12
57.077517,129.088690500000,35.074429833333,508085.821,3881300.697,0.026,1.851620,gps_course,12,0.406,2.000,15,508084.390,3881303.043,0.266699,-0.138189,-0.138189,0.5600,,,TRACKING|w0 d0 L12
57.129419,129.088690333333,35.074430000000,508085.806,3881300.715,0.068,2.095161,route_tangent,12,0.429,2.000,15,508084.390,3881303.043,0.021920,0.000000,-0.107047,0.5600,,,TRACKING|w0 d0 L12
57.177548,129.088690333333,35.074430000000,508085.806,3881300.715,0.068,2.095161,route_tangent,12,0.429,2.000,15,508084.390,3881303.043,0.021920,0.000000,-0.078170,0.5600,,,TRACKING|w0 d0 L12
57.228925,129.088690333333,35.074430000000,508085.806,3881300.715,0.068,2.095161,route_tangent,12,0.429,2.000,15,508084.390,3881303.043,0.021920,0.000000,-0.047344,0.5600,,,TRACKING|w0 d0 L12
57.277627,129.088690333333,35.074430000000,508085.806,3881300.715,0.068,2.095161,route_tangent,12,0.429,2.000,15,508084.390,3881303.043,0.021920,0.000000,-0.028406,0.5600,,,TRACKING|w0 d0 L12
57.327506,129.088690333333,35.074430166667,508085.805,3881300.734,0.067,2.095161,route_tangent,12,0.446,2.000,15,508084.390,3881303.043,0.025460,0.000000,-0.017044,0.5600,,,TRACKING|w0 d0 L12
57.378028,129.088690333333,35.074430166667,508085.805,3881300.734,0.067,2.095161,route_tangent,12,0.446,2.000,15,508084.390,3881303.043,0.025460,0.000000,-0.010226,0.5600,,,TRACKING|w0 d0 L12
57.427516,129.088690333333,35.074430166667,508085.805,3881300.734,0.067,2.095161,route_tangent,12,0.446,2.000,15,508084.390,3881303.043,0.025460,0.000000,-0.006136,0.5600,,,TRACKING|w0 d0 L12
57.477525,129.088690333333,35.074430166667,508085.805,3881300.734,0.067,2.095161,route_tangent,12,0.446,2.000,15,508084.390,3881303.043,0.025460,0.000000,-0.003681,0.5600,,,TRACKING|w0 d0 L12
57.527495,129.088690333333,35.074430166667,508085.805,3881300.734,0.067,2.095161,route_tangent,12,0.446,2.000,15,508084.390,3881303.043,0.025460,0.000000,-0.002209,0.5600,,,TRACKING|w0 d0 L12
57.577671,129.088690166667,35.074430333333,508085.790,3881300.752,0.124,1.591085,gps_course,12,0.469,2.000,15,508084.390,3881303.043,0.528300,-0.260000,-0.032314,0.5600,,,TRACKING|w0 d0 L12
57.627560,129.088690166667,35.074430333333,508085.790,3881300.752,0.124,1.591085,gps_course,12,0.469,2.000,15,508084.390,3881303.043,0.528300,-0.260000,-0.062247,0.5600,,,TRACKING|w0 d0 L12
57.677518,129.088690166667,35.074430333333,508085.790,3881300.752,0.124,1.591085,gps_course,12,0.469,2.000,15,508084.390,3881303.043,0.528300,-0.260000,-0.092222,0.5600,,,TRACKING|w0 d0 L12
57.727493,129.088690166667,35.074430333333,508085.790,3881300.752,0.124,1.591085,gps_course,12,0.469,2.000,15,508084.390,3881303.043,0.528300,-0.260000,-0.122207,0.5600,,,TRACKING|w0 d0 L12
57.777545,129.088690166667,35.074430333333,508085.790,3881300.752,0.124,1.591085,gps_course,12,0.469,2.000,15,508084.390,3881303.043,0.528300,-0.260000,-0.152238,0.5600,,,TRACKING|w0 d0 L12
57.827516,129.088690000000,35.074430666667,508085.775,3881300.789,0.132,1.570796,gps_course,13,0.499,2.000,15,508084.390,3881303.043,0.550961,-0.260000,-0.182221,0.5600,,,TRACKING|w0 d0 L13
57.877478,129.088690000000,35.074430666667,508085.775,3881300.789,0.132,1.570796,gps_course,13,0.499,2.000,15,508084.390,3881303.043,0.550961,-0.260000,-0.212199,0.5600,,,TRACKING|w0 d0 L13
57.927782,129.088690000000,35.074430666667,508085.775,3881300.789,0.132,1.570796,gps_course,13,0.499,2.000,15,508084.390,3881303.043,0.550961,-0.260000,-0.231319,0.5600,,,TRACKING|w0 d0 L13
57.977510,129.088690000000,35.074430666667,508085.775,3881300.789,0.132,1.570796,gps_course,13,0.499,2.000,15,508084.390,3881303.043,0.550961,-0.260000,-0.242791,0.5600,,,TRACKING|w0 d0 L13
58.027601,129.088690000000,35.074430666667,508085.775,3881300.789,0.132,1.570796,gps_course,13,0.499,2.000,15,508084.390,3881303.043,0.550961,-0.260000,-0.249675,0.5600,,,TRACKING|w0 d0 L13
58.077751,129.088690000000,35.074430666667,508085.775,3881300.789,0.132,1.570796,gps_course,13,0.499,2.000,15,508084.390,3881303.043,0.550961,-0.260000,-0.253805,0.5600,,,TRACKING|w0 d0 L13
58.127803,129.088689833333,35.074431166667,508085.760,3881300.845,0.188,1.837447,gps_course,13,0.445,2.000,15,508084.390,3881303.043,0.290501,-0.159006,-0.223773,0.5600,,,TRACKING|w0 d0 L13
58.177684,129.088689833333,35.074431166667,508085.760,3881300.845,0.188,1.837447,gps_course,13,0.445,2.000,15,508084.390,3881303.043,0.290501,-0.159006,-0.197866,0.5600,,,TRACKING|w0 d0 L13
58.227472,129.088689833333,35.074431166667,508085.760,3881300.845,0.188,1.837447,gps_course,13,0.445,2.000,15,508084.390,3881303.043,0.290501,-0.159006,-0.182322,0.5600,,,TRACKING|w0 d0 L13
58.277581,129.088689833333,35.074431166667,508085.760,3881300.845,0.188,1.837447,gps_course,13,0.445,2.000,15,508084.390,3881303.043,0.290501,-0.159006,-0.172996,0.5600,,,TRACKING|w0 d0 L13
58.327454,129.088689666667,35.074431500000,508085.745,3881300.882,0.213,1.893508,gps_course,13,0.407,2.000,15,508084.390,3881303.043,0.237033,-0.132711,-0.156882,0.5600,,,TRACKING|w0 d0 L13
58.377568,129.088689666667,35.074431500000,508085.745,3881300.882,0.213,1.893508,gps_course,13,0.407,2.000,15,508084.390,3881303.043,0.237033,-0.132711,-0.147213,0.5600,,,TRACKING|w0 d0 L13
58.427507,129.088689666667,35.074431500000,508085.745,3881300.882,0.213,1.893508,gps_course,13,0.407,2.000,15,508084.390,3881303.043,0.237033,-0.132711,-0.141412,0.5600,,,TRACKING|w0 d0 L13
58.477529,129.088689666667,35.074431500000,508085.745,3881300.882,0.213,1.893508,gps_course,13,0.407,2.000,15,508084.390,3881303.043,0.237033,-0.132711,-0.137932,0.5600,,,TRACKING|w0 d0 L13
58.527753,129.088689666667,35.074431500000,508085.745,3881300.882,0.213,1.893508,gps_course,13,0.407,2.000,15,508084.390,3881303.043,0.237033,-0.132711,-0.135843,0.5600,,,TRACKING|w0 d0 L13
58.577757,129.088689500000,35.074432000000,508085.729,3881300.937,0.234,1.809732,gps_course,13,0.355,2.000,15,508084.390,3881303.043,0.327428,-0.184735,-0.155400,0.5600,,,TRACKING|w0 d0 L13
58.629358,129.088689500000,35.074432000000,508085.729,3881300.937,0.234,1.809732,gps_course,13,0.355,2.000,15,508084.390,3881303.043,0.327428,-0.184735,-0.167134,0.5600,,,TRACKING|w0 d0 L13
58.677559,129.088689500000,35.074432000000,508085.729,3881300.937,0.234,1.809732,gps_course,13,0.355,2.000,15,508084.390,3881303.043,0.327428,-0.184735,-0.174174,0.5600,,,TRACKING|w0 d0 L13
58.727912,129.088689500000,35.074432000000,508085.729,3881300.937,0.234,1.809732,gps_course,13,0.355,2.000,15,508084.390,3881303.043,0.327428,-0.184735,-0.178399,0.5600,,,TRACKING|w0 d0 L13
58.777524,129.088689500000,35.074432000000,508085.729,3881300.937,0.234,1.809732,gps_course,13,0.355,2.000,15,508084.390,3881303.043,0.327428,-0.184735,-0.180933,0.5600,,,TRACKING|w0 d0 L13
58.827588,129.088689500000,35.074432000000,508085.729,3881300.937,0.234,1.809732,gps_course,13,0.355,2.000,15,508084.390,3881303.043,0.327428,-0.184735,-0.182454,0.5600,,,TRACKING|w0 d0 L13
58.877734,129.088689333333,35.074432666667,508085.714,3881301.011,0.292,1.769938,gps_course,13,0.293,2.000,15,508084.390,3881303.043,0.378266,-0.217325,-0.196402,0.5600,,,TRACKING|w0 d0 L13
58.927760,129.088689333333,35.074432666667,508085.714,3881301.011,0.292,1.769938,gps_course,13,0.293,2.000,15,508084.390,3881303.043,0.378266,-0.217325,-0.204771,0.5600,,,TRACKING|w0 d0 L13
58.977805,129.088689333333,35.074432666667,508085.714,3881301.011,0.292,1.769938,gps_course,13,0.293,2.000,15,508084.390,3881303.043,0.378266,-0.217325,-0.209793,0.5600,,,TRACKING|w0 d0 L13
59.027494,129.088689333333,35.074432666667,508085.714,3881301.011,0.292,1.769938,gps_course,13,0.293,2.000,15,508084.390,3881303.043,0.378266,-0.217325,-0.212805,0.5600,,,TRACKING|w0 d0 L13
59.078360,129.088689333333,35.074432666667,508085.714,3881301.011,0.292,1.769938,gps_course,13,0.293,2.000,15,508084.390,3881303.043,0.378266,-0.217325,-0.214613,0.5600,,,TRACKING|w0 d0 L13
59.127714,129.088689333333,35.074433333333,508085.714,3881301.085,0.296,1.807638,gps_course,13,0.253,2.000,15,508084.390,3881303.043,0.357619,-0.211539,-0.213383,0.5600,,,TRACKING|w0 d0 L13
59.177690,129.088689333333,35.074433333333,508085.714,3881301.085,0.296,1.807638,gps_course,13,0.253,2.000,15,508084.390,3881303.043,0.357619,-0.211539,-0.212646,0.5600,,,TRACKING|w0 d0 L13
59.227622,129.088689333333,35.074433333333,508085.714,3881301.085,0.296,1.807638,gps_course,13,0.253,2.000,15,508084.390,3881303.043,0.357619,-0.211539,-0.212203,0.5600,,,TRACKING|w0 d0 L13
59.278404,129.088689333333,35.074433333333,508085.714,3881301.085,0.296,1.807638,gps_course,13,0.253,2.000,15,508084.390,3881303.043,0.357619,-0.211539,-0.211937,0.5600,,,TRACKING|w0 d0 L13
59.327439,129.088689000000,35.074434166667,508085.684,3881301.177,0.364,1.743060,gps_course,13,0.198,2.000,15,508084.390,3881303.043,0.433869,-0.260000,-0.231162,0.5600,,,TRACKING|w0 d0 L13
59.377552,129.088689000000,35.074434166667,508085.684,3881301.177,0.364,1.743060,gps_course,13,0.198,2.000,15,508084.390,3881303.043,0.433869,-0.260000,-0.242697,0.5600,,,TRACKING|w0 d0 L13
59.427813,129.088689000000,35.074434166667,508085.684,3881301.177,0.364,1.743060,gps_course,13,0.198,2.000,15,508084.390,3881303.043,0.433869,-0.260000,-0.249618,0.5600,,,TRACKING|w0 d0 L13
59.477476,129.088689000000,35.074434166667,508085.684,3881301.177,0.364,1.743060,gps_course,13,0.198,2.000,15,508084.390,3881303.043,0.433869,-0.260000,-0.253771,0.5600,,,TRACKING|w0 d0 L13
59.527538,129.088689000000,35.074434166667,508085.684,3881301.177,0.364,1.743060,gps_course,13,0.198,2.000,15,508084.390,3881303.043,0.433869,-0.260000,-0.256263,0.5600,,,TRACKING|w0 d0 L13
59.577524,129.088688833333,35.074435000000,508085.668,3881301.270,0.379,1.715659,gps_course,13,0.197,2.000,15,508084.390,3881303.043,0.479611,-0.260000,-0.257758,0.5600,,,TRACKING|w0 d0 L13
59.628244,129.088688833333,35.074435000000,508085.668,3881301.270,0.379,1.715659,gps_course,13,0.197,2.000,15,508084.390,3881303.043,0.479611,-0.260000,-0.258655,0.5600,,,TRACKING|w0 d0 L13
59.677668,129.088688833333,35.074435000000,508085.668,3881301.270,0.379,1.715659,gps_course,13,0.197,2.000,15,508084.390,3881303.043,0.479611,-0.260000,-0.259193,0.5600,,,TRACKING|w0 d0 L13
59.727378,129.088688833333,35.074435000000,508085.668,3881301.270,0.379,1.715659,gps_course,13,0.197,2.000,15,508084.390,3881303.043,0.479611,-0.260000,-0.259516,0.5600,,,TRACKING|w0 d0 L13
59.777719,129.088688833333,35.074435000000,508085.668,3881301.270,0.379,1.715659,gps_course,13,0.197,2.000,15,508084.390,3881303.043,0.479611,-0.260000,-0.259709,0.5600,,,TRACKING|w0 d0 L13
59.827443,129.088688833333,35.074436000000,508085.668,3881301.381,0.389,1.632232,gps_course,13,0.260,2.000,15,508084.390,3881303.043,0.593928,-0.260000,-0.259826,0.5600,,,TRACKING|w0 d0 L13
59.878230,129.088688833333,35.074436000000,508085.668,3881301.381,0.389,1.632232,gps_course,13,0.260,2.000,15,508084.390,3881303.043,0.593928,-0.260000,-0.259895,0.5600,,,TRACKING|w0 d0 L13
59.928345,129.088688833333,35.074436000000,508085.668,3881301.381,0.389,1.632232,gps_course,13,0.260,2.000,15,508084.390,3881303.043,0.593928,-0.260000,-0.259937,0.5600,,,TRACKING|w0 d0 L13
59.977780,129.088688833333,35.074436000000,508085.668,3881301.381,0.389,1.632232,gps_course,13,0.260,2.000,15,508084.390,3881303.043,0.593928,-0.260000,-0.259962,0.5600,,,TRACKING|w0 d0 L13
60.027493,129.088688833333,35.074436000000,508085.668,3881301.381,0.389,1.632232,gps_course,13,0.260,2.000,15,508084.390,3881303.043,0.593928,-0.260000,-0.259977,0.5600,,,TRACKING|w0 d0 L13
60.077587,129.088688833333,35.074436000000,508085.668,3881301.381,0.389,1.632232,gps_course,13,0.260,2.000,15,508084.390,3881303.043,0.593928,-0.260000,-0.259986,0.5600,,,TRACKING|w0 d0 L13
60.127582,129.088688666667,35.074437000000,508085.653,3881301.492,0.468,1.614779,gps_course,13,0.340,2.000,15,508084.390,3881303.043,0.639108,-0.260000,-0.259992,0.5600,,,TRACKING|w0 d0 L13
60.177526,129.088688666667,35.074437000000,508085.653,3881301.492,0.468,1.614779,gps_course,13,0.340,2.000,15,508084.390,3881303.043,0.639108,-0.260000,-0.259995,0.5600,,,TRACKING|w0 d0 L13
60.229002,129.088688666667,35.074437000000,508085.653,3881301.492,0.468,1.614779,gps_course,13,0.340,2.000,15,508084.390,3881303.043,0.639108,-0.260000,-0.259997,0.5600,,,TRACKING|w0 d0 L13
60.277531,129.088688666667,35.074437000000,508085.653,3881301.492,0.468,1.614779,gps_course,13,0.340,2.000,15,508084.390,3881303.043,0.639108,-0.260000,-0.259998,0.5600,,,TRACKING|w0 d0 L13
60.329415,129.088688666667,35.074438000000,508085.653,3881301.603,0.464,1.606052,gps_course,13,0.440,2.000,16,508083.781,3881304.133,0.601486,-0.255033,-0.258012,0.5600,,,TRACKING|w0 d0 L13
60.377481,129.088688666667,35.074438000000,508085.653,3881301.603,0.464,1.606052,gps_course,13,0.440,2.000,16,508083.781,3881304.133,0.601486,-0.255033,-0.256821,0.5600,,,TRACKING|w0 d0 L13
60.427537,129.088688666667,35.074438000000,508085.653,3881301.603,0.464,1.606052,gps_course,13,0.440,2.000,16,508083.781,3881304.133,0.601486,-0.255033,-0.256106,0.5600,,,TRACKING|w0 d0 L13
60.477676,129.088688666667,35.074438000000,508085.653,3881301.603,0.464,1.606052,gps_course,13,0.440,2.000,16,508083.781,3881304.133,0.601486,-0.255033,-0.255677,0.5600,,,TRACKING|w0 d0 L13
60.527739,129.088688666667,35.074438000000,508085.653,3881301.603,0.464,1.606052,gps_course,13,0.440,2.000,16,508083.781,3881304.133,0.601486,-0.255033,-0.255419,0.5600,,,TRACKING|w0 d0 L13
60.577523,129.088688666667,35.074439166667,508085.653,3881301.732,0.481,1.566433,gps_course,13,0.561,2.000,16,508083.781,3881304.133,0.666348,-0.260000,-0.257252,0.5600,,,TRACKING|w0 d0 L13
60.627521,129.088688666667,35.074439166667,508085.653,3881301.732,0.481,1.566433,gps_course,13,0.561,2.000,16,508083.781,3881304.133,0.666348,-0.260000,-0.258351,0.5600,,,TRACKING|w0 d0 L13
60.677665,129.088688666667,35.074439166667,508085.653,3881301.732,0.481,1.566433,gps_course,13,0.561,2.000,16,508083.781,3881304.133,0.666348,-0.260000,-0.259011,0.5600,,,TRACKING|w0 d0 L13
60.727722,129.088688666667,35.074439166667,508085.653,3881301.732,0.481,1.566433,gps_course,13,0.561,2.000,16,508083.781,3881304.133,0.666348,-0.260000,-0.259406,0.5600,,,TRACKING|w0 d0 L13
60.778794,129.088688666667,35.074439166667,508085.653,3881301.732,0.481,1.566433,gps_course,13,0.561,2.000,16,508083.781,3881304.133,0.666348,-0.260000,-0.259644,0.5600,,,TRACKING|w0 d0 L13
60.827505,129.088688666667,35.074439166667,508085.653,3881301.732,0.481,1.566433,gps_course,13,0.561,2.000,16,508083.781,3881304.133,0.666348,-0.260000,-0.259786,0.5600,,,TRACKING|w0 d0 L13
60.877467,129.088688833333,35.074440333333,508085.668,3881301.861,0.571,1.481086,gps_course,13,0.690,2.000,16,508083.781,3881304.133,0.782665,-0.260000,-0.259872,0.5600,,,TRACKING|w0 d0 L13
60.927784,129.088688833333,35.074440333333,508085.668,3881301.861,0.571,1.481086,gps_course,13,0.690,2.000,16,508083.781,3881304.133,0.782665,-0.260000,-0.259923,0.5600,,,TRACKING|w0 d0 L13
60.977516,129.088688833333,35.074440333333,508085.668,3881301.861,0.571,1.481086,gps_course,13,0.690,2.000,16,508083.781,3881304.133,0.782665,-0.260000,-0.259954,0.5600,,,TRACKING|w0 d0 L13
61.029694,129.088688833333,35.074440333333,508085.668,3881301.861,0.571,1.481086,gps_course,13,0.690,2.000,16,508083.781,3881304.133,0.782665,-0.260000,-0.259972,0.5600,,,TRACKING|w0 d0 L13
61.077490,129.088688833333,35.074440333333,508085.668,3881301.861,0.571,1.481086,gps_course,13,0.690,2.000,16,508083.781,3881304.133,0.782665,-0.260000,-0.259983,0.5600,,,TRACKING|w0 d0 L13
61.129934,129.088689166667,35.074441666667,508085.698,3881302.009,0.579,1.430297,gps_course,14,0.780,2.000,16,508083.781,3881304.133,0.874629,-0.260000,-0.259990,0.5600,,,TRACKING|w0 d0 L14
61.177517,129.088689166667,35.074441666667,508085.698,3881302.009,0.579,1.430297,gps_course,14,0.780,2.000,16,508083.781,3881304.133,0.874629,-0.260000,-0.259994,0.5600,,,TRACKING|w0 d0 L14
61.229717,129.088689166667,35.074441666667,508085.698,3881302.009,0.579,1.430297,gps_course,14,0.780,2.000,16,508083.781,3881304.133,0.874629,-0.260000,-0.259996,0.5600,,,TRACKING|w0 d0 L14
61.277570,129.088689166667,35.074441666667,508085.698,3881302.009,0.579,1.430297,gps_course,14,0.780,2.000,16,508083.781,3881304.133,0.874629,-0.260000,-0.259998,0.5600,,,TRACKING|w0 d0 L14
61.327342,129.088689500000,35.074443000000,508085.728,3881302.157,0.623,1.325927,gps_course,14,0.807,2.000,16,508083.781,3881304.133,1.022831,-0.260000,-0.259999,0.5600,,,TRACKING|w0 d0 L14
61.377799,129.088689500000,35.074443000000,508085.728,3881302.157,0.623,1.325927,gps_course,14,0.807,2.000,16,508083.781,3881304.133,1.022831,-0.260000,-0.259999,0.5600,,,TRACKING|w0 d0 L14
61.427491,129.088689500000,35.074443000000,508085.728,3881302.157,0.623,1.325927,gps_course,14,0.807,2.000,16,508083.781,3881304.133,1.022831,-0.260000,-0.260000,0.5600,,,TRACKING|w0 d0 L14
61.477703,129.088689500000,35.074443000000,508085.728,3881302.157,0.623,1.325927,gps_course,14,0.807,2.000,16,508083.781,3881304.133,1.022831,-0.260000,-0.260000,0.5600,,,TRACKING|w0 d0 L14
61.527696,129.088689500000,35.074443000000,508085.728,3881302.157,0.623,1.325927,gps_course,14,0.807,2.000,16,508083.781,3881304.133,1.022831,-0.260000,-0.260000,0.5600,,,TRACKING|w0 d0 L14
61.577651,129.088690000000,35.074444500000,508085.774,3881302.323,0.647,1.287878,gps_course,14,0.879,2.000,16,508083.781,3881304.133,1.116324,-0.260000,-0.260000,0.5600,,,TRACKING|w0 d0 L14
61.627572,129.088690000000,35.074444500000,508085.774,3881302.323,0.647,1.287878,gps_course,14,0.879,2.000,16,508083.781,3881304.133,1.116324,-0.260000,-0.260000,0.5600,,,TRACKING|w0 d0 L14
61.677528,129.088690000000,35.074444500000,508085.774,3881302.323,0.647,1.287878,gps_course,14,0.879,2.000,16,508083.781,3881304.133,1.116324,-0.260000,-0.260000,0.5600,,,TRACKING|w0 d0 L14
61.727390,129.088690000000,35.074444500000,508085.774,3881302.323,0.647,1.287878,gps_course,14,0.879,2.000,16,508083.781,3881304.133,1.116324,-0.260000,-0.260000,0.5600,,,TRACKING|w0 d0 L14
61.777510,129.088690000000,35.074444500000,508085.774,3881302.323,0.647,1.287878,gps_course,14,0.879,2.000,16,508083.781,3881304.133,1.116324,-0.260000,-0.260000,0.5600,,,TRACKING|w0 d0 L14
61.829701,129.088690666667,35.074445833333,508085.834,3881302.471,0.686,1.184380,gps_course,14,0.984,2.000,16,508083.781,3881304.133,1.276750,-0.260000,-0.260000,0.5600,,,TRACKING|w0 d0 L14
61.877496,129.088690666667,35.074445833333,508085.834,3881302.471,0.686,1.184380,gps_course,14,0.984,2.000,16,508083.781,3881304.133,1.276750,-0.260000,-0.260000,0.5600,,,TRACKING|w0 d0 L14
61.927671,129.088690666667,35.074445833333,508085.834,3881302.471,0.686,1.184380,gps_course,14,0.984,2.000,16,508083.781,3881304.133,1.276750,-0.260000,-0.260000,0.5600,,,TRACKING|w0 d0 L14
61.977512,129.088690666667,35.074445833333,508085.834,3881302.471,0.686,1.184380,gps_course,14,0.984,2.000,16,508083.781,3881304.133,1.276750,-0.260000,-0.260000,0.5600,,,TRACKING|w0 d0 L14
62.027581,129.088690666667,35.074445833333,508085.834,3881302.471,0.686,1.184380,gps_course,14,0.984,2.000,16,508083.781,3881304.133,1.276750,-0.260000,-0.260000,0.5600,,,TRACKING|w0 d0 L14
62.077889,129.088690666667,35.074445833333,508085.834,3881302.471,0.686,1.184380,gps_course,14,0.984,2.000,16,508083.781,3881304.133,1.276750,-0.260000,-0.260000,0.5600,,,TRACKING|w0 d0 L14
62.127612,129.088691500000,35.074447333333,508085.910,3881302.638,0.688,1.154361,gps_course,14,1.124,2.000,16,508083.781,3881304.133,1.374887,-0.260000,-0.260000,0.5600,,,TRACKING|w0 d0 L14
62.177699,129.088691500000,35.074447333333,508085.910,3881302.638,0.688,1.154361,gps_course,14,1.124,2.000,16,508083.781,3881304.133,1.374887,-0.260000,-0.260000,0.5600,,,TRACKING|w0 d0 L14
62.227496,129.088691500000,35.074447333333,508085.910,3881302.638,0.688,1.154361,gps_course,14,1.124,2.000,16,508083.781,3881304.133,1.374887,-0.260000,-0.260000,0.5600,,,TRACKING|w0 d0 L14
62.277593,129.088691500000,35.074447333333,508085.910,3881302.638,0.688,1.154361,gps_course,14,1.124,2.000,16,508083.781,3881304.133,1.374887,-0.260000,-0.260000,0.5600,,,TRACKING|w0 d0 L14
62.327573,129.088692500000,35.074448833333,508086.001,3881302.804,0.759,1.061160,gps_course,14,1.287,2.000,16,508083.781,3881304.133,1.541019,-0.260000,-0.260000,0.5600,,,TRACKING|w0 d0 L14
62.377723,129.088692500000,35.074448833333,508086.001,3881302.804,0.759,1.061160,gps_course,14,1.287,2.000,16,508083.781,3881304.133,1.541019,-0.260000,-0.260000,0.5600,,,TRACKING|w0 d0 L14
62.427677,129.088692500000,35.074448833333,508086.001,3881302.804,0.759,1.061160,gps_course,14,1.287,2.000,16,508083.781,3881304.133,1.541019,-0.260000,-0.260000,0.5600,,,TRACKING|w0 d0 L14
62.477487,129.088692500000,35.074448833333,508086.001,3881302.804,0.759,1.061160,gps_course,14,1.287,2.000,16,508083.781,3881304.133,1.541019,-0.260000,-0.260000,0.5600,,,TRACKING|w0 d0 L14
62.527496,129.088692500000,35.074448833333,508086.001,3881302.804,0.759,1.061160,gps_course,14,1.287,2.000,16,508083.781,3881304.133,1.541019,-0.260000,-0.260000,0.5600,,,TRACKING|w0 d0 L14
62.577502,129.088693500000,35.074450333333,508086.092,3881302.971,0.744,1.002168,gps_course,14,1.457,2.000,16,508083.781,3881304.133,1.673358,-0.260000,-0.260000,0.5600,,,TRACKING|w0 d0 L14
62.627828,129.088693500000,35.074450333333,508086.092,3881302.971,0.744,1.002168,gps_course,14,1.457,2.000,16,508083.781,3881304.133,1.673358,-0.260000,-0.260000,0.5600,,,TRACKING|w0 d0 L14
62.677517,129.088693500000,35.074450333333,508086.092,3881302.971,0.744,1.002168,gps_course,14,1.457,2.000,16,508083.781,3881304.133,1.673358,-0.260000,-0.260000,0.5600,,,TRACKING|w0 d0 L14
62.727911,129.088693500000,35.074450333333,508086.092,3881302.971,0.744,1.002168,gps_course,14,1.457,2.000,16,508083.781,3881304.133,1.673358,-0.260000,-0.260000,0.5600,,,TRACKING|w0 d0 L14
62.777509,129.088693500000,35.074450333333,508086.092,3881302.971,0.744,1.002168,gps_course,14,1.457,2.000,16,508083.781,3881304.133,1.673358,-0.260000,-0.260000,0.5600,,,TRACKING|w0 d0 L14
62.827617,129.088693500000,35.074450333333,508086.092,3881302.971,0.744,1.002168,gps_course,14,1.457,2.000,16,508083.781,3881304.133,1.673358,-0.260000,-0.260000,0.5600,,,TRACKING|w0 d0 L14
62.877696,129.088694833333,35.074451666667,508086.214,3881303.119,0.786,0.944921,gps_course,14,1.644,2.000,16,508083.781,3881304.133,1.801535,-0.260000,-0.260000,0.5600,,,TRACKING|w0 d0 L14
62.927512,129.088694833333,35.074451666667,508086.214,3881303.119,0.786,0.944921,gps_course,14,1.644,2.000,16,508083.781,3881304.133,1.801535,-0.260000,-0.260000,0.5600,,,TRACKING|w0 d0 L14
62.977582,129.088694833333,35.074451666667,508086.214,3881303.119,0.786,0.944921,gps_course,14,1.644,2.000,16,508083.781,3881304.133,1.801535,-0.260000,-0.260000,0.5600,,,TRACKING|w0 d0 L14
63.027511,129.088694833333,35.074451666667,508086.214,3881303.119,0.786,0.944921,gps_course,14,1.644,2.000,16,508083.781,3881304.133,1.801535,-0.260000,-0.260000,0.5600,,,TRACKING|w0 d0 L14
63.080670,129.088694833333,35.074451666667,508086.214,3881303.119,0.786,0.944921,gps_course,14,1.644,2.000,16,508083.781,3881304.133,1.801535,-0.260000,-0.260000,0.5600,,,TRACKING|w0 d0 L14
63.127503,129.088696166667,35.074453166667,508086.335,3881303.285,0.810,0.893783,gps_course,14,1.843,2.000,16,508083.781,3881304.133,1.927209,-0.260000,-0.260000,0.5600,,,TRACKING|w0 d0 L14
63.177664,129.088696166667,35.074453166667,508086.335,3881303.285,0.810,0.893783,gps_course,14,1.843,2.000,16,508083.781,3881304.133,1.927209,-0.260000,-0.260000,0.5600,,,TRACKING|w0 d0 L14
63.227644,129.088696166667,35.074453166667,508086.335,3881303.285,0.810,0.893783,gps_course,14,1.843,2.000,16,508083.781,3881304.133,1.927209,-0.260000,-0.260000,0.5600,,,TRACKING|w0 d0 L14
63.277523,129.088696166667,35.074453166667,508086.335,3881303.285,0.810,0.893783,gps_course,14,1.843,2.000,16,508083.781,3881304.133,1.927209,-0.260000,-0.260000,0.5600,,,TRACKING|w0 d0 L14
63.327795,129.088698000000,35.074454500000,508086.502,3881303.433,0.876,0.734085,gps_course,14,2.066,2.000,14,508084.923,3881302.101,3.108315,-0.023348,-0.229837,0.5600,,,TRACKING|w0 d0 L14
63.377492,129.088698000000,35.074454500000,508086.502,3881303.433,0.876,0.734085,gps_course,14,2.066,2.000,14,508084.923,3881302.101,3.108315,-0.023348,-0.200019,0.5600,,,TRACKING|w0 d0 L14
63.429296,129.088698000000,35.074454500000,508086.502,3881303.433,0.876,0.734085,gps_course,14,2.066,2.000,14,508084.923,3881302.101,3.108315,-0.023348,-0.168936,0.5600,,,TRACKING|w0 d0 L14
63.477501,129.088698000000,35.074454500000,508086.502,3881303.433,0.876,0.734085,gps_course,14,2.066,2.000,14,508084.923,3881302.101,3.108315,-0.023348,-0.140014,0.5600,,,TRACKING|w0 d0 L14
63.527737,129.088698000000,35.074454500000,508086.502,3881303.433,0.876,0.734085,gps_course,14,2.066,2.000,14,508084.923,3881302.101,3.108315,-0.023348,-0.109872,0.5600,,,TRACKING|w0 d0 L14
63.577647,129.088700000000,35.074455666667,508086.684,3881303.563,0.921,0.669159,gps_course,14,2.289,2.000,14,508084.923,3881302.101,-3.118023,0.014929,-0.079926,0.5600,,,TRACKING|w0 d0 L14
63.627630,129.088700000000,35.074455666667,508086.684,3881303.563,0.921,0.669159,gps_course,14,2.289,2.000,14,508084.923,3881302.101,-3.118023,0.014929,-0.049936,0.5600,,,TRACKING|w0 d0 L14
63.677662,129.088700000000,35.074455666667,508086.684,3881303.563,0.921,0.669159,gps_course,14,2.289,2.000,14,508084.923,3881302.101,-3.118023,0.014929,-0.023990,0.5600,,,TRACKING|w0 d0 L14
63.727463,129.088700000000,35.074455666667,508086.684,3881303.563,0.921,0.669159,gps_course,14,2.289,2.000,14,508084.923,3881302.101,-3.118023,0.014929,-0.008422,0.5600,,,TRACKING|w0 d0 L14
63.777890,129.088700000000,35.074455666667,508086.684,3881303.563,0.921,0.669159,gps_course,14,2.289,2.000,14,508084.923,3881302.101,-3.118023,0.014929,0.000918,0.5600,,,TRACKING|w0 d0 L14
63.827477,129.088702166667,35.074457166667,508086.882,3881303.729,1.039,0.654498,gps_course,14,2.547,2.000,14,508084.923,3881302.101,-3.102545,0.022220,0.009439,0.5600,,,TRACKING|w0 d0 L14
63.877577,129.088702166667,35.074457166667,508086.882,3881303.729,1.039,0.654498,gps_course,14,2.547,2.000,14,508084.923,3881302.101,-3.102545,0.022220,0.014551,0.5600,,,TRACKING|w0 d0 L14
63.927512,129.088702166667,35.074457166667,508086.882,3881303.729,1.039,0.654498,gps_course,14,2.547,2.000,14,508084.923,3881302.101,-3.102545,0.022220,0.017619,0.5600,,,TRACKING|w0 d0 L14
63.979104,129.088702166667,35.074457166667,508086.882,3881303.729,1.039,0.654498,gps_course,14,2.547,2.000,14,508084.923,3881302.101,-3.102545,0.022220,0.019459,0.5600,,,TRACKING|w0 d0 L14
64.027707,129.088702166667,35.074457166667,508086.882,3881303.729,1.039,0.654498,gps_course,14,2.547,2.000,14,508084.923,3881302.101,-3.102545,0.022220,0.020563,0.5600,,,TRACKING|w0 d0 L14
64.077714,129.088702166667,35.074457166667,508086.882,3881303.729,1.039,0.654498,gps_course,14,2.547,2.000,14,508084.923,3881302.101,-3.102545,0.022220,0.021226,0.5600,,,TRACKING|w0 d0 L14
64.127732,129.088704666667,35.074458500000,508087.109,3881303.877,1.034,0.598124,gps_course,14,2.817,2.000,14,508084.923,3881302.101,-3.057445,0.043234,0.030029,0.5600,,,TRACKING|w0 d0 L14
64.177441,129.088704666667,35.074458500000,508087.109,3881303.877,1.034,0.598124,gps_course,14,2.817,2.000,14,508084.923,3881302.101,-3.057445,0.043234,0.035311,0.5600,,,TRACKING|w0 d0 L14
64.227938,129.088704666667,35.074458500000,508087.109,3881303.877,1.034,0.598124,gps_course,14,2.817,2.000,14,508084.923,3881302.101,-3.057445,0.043234,0.038481,0.5600,,,TRACKING|w0 d0 L14
64.277492,129.088704666667,35.074458500000,508087.109,3881303.877,1.034,0.598124,gps_course,14,2.817,2.000,14,508084.923,3881302.101,-3.057445,0.043234,0.040382,0.5600,,,TRACKING|w0 d0 L14
64.329796,129.088707000000,35.074459833333,508087.322,3881304.025,1.049,0.597252,gps_course,14,3.075,2.000,14,508084.923,3881302.101,-3.062797,0.037094,0.039067,0.5600,,,TRACKING|w0 d0 L14
64.377731,129.088707000000,35.074459833333,508087.322,3881304.025,1.049,0.597252,gps_course,14,3.075,2.000,14,508084.923,3881302.101,-3.062797,0.037094,0.038278,0.5600,,,TRACKING|w0 d0 L14
64.428481,129.088707000000,35.074459833333,508087.322,3881304.025,1.049,0.597252,gps_course,14,3.075,2.000,14,508084.923,3881302.101,-3.062797,0.037094,0.037805,0.5600,,,TRACKING|w0 d0 L14
64.477685,129.088707000000,35.074459833333,508087.322,3881304.025,1.049,0.597252,gps_course,14,3.075,2.000,14,508084.923,3881302.101,-3.062797,0.037094,0.037520,0.5600,,,TRACKING|w0 d0 L14
64.527531,129.088707000000,35.074459833333,508087.322,3881304.025,1.049,0.597252,gps_course,14,3.075,2.000,14,508084.923,3881302.101,-3.062797,0.037094,0.037350,0.5600,,,TRACKING|w0 d0 L14
64.577766,129.088709333333,35.074461333333,508087.535,3881304.192,1.099,0.634951,gps_course,14,3.346,2.000,14,508084.923,3881302.101,-3.101425,0.017403,0.029371,0.5600,,,TRACKING|w0 d0 L14
64.627533,129.088709333333,35.074461333333,508087.535,3881304.192,1.099,0.634951,gps_course,14,3.346,2.000,14,508084.923,3881302.101,-3.101425,0.017403,0.024584,0.5600,,,TRACKING|w0 d0 L14
64.678936,129.088709333333,35.074461333333,508087.535,3881304.192,1.099,0.634951,gps_course,14,3.346,2.000,14,508084.923,3881302.101,-3.101425,0.017403,0.021711,0.5600,,,TRACKING|w0 d0 L14
64.727409,129.088709333333,35.074461333333,508087.535,3881304.192,1.099,0.634951,gps_course,14,3.346,2.000,14,508084.923,3881302.101,-3.101425,0.017403,0.019988,0.5600,,,TRACKING|w0 d0 L14
64.777717,129.088709333333,35.074461333333,508087.535,3881304.192,1.099,0.634951,gps_course,14,3.346,2.000,14,508084.923,3881302.101,-3.101425,0.017403,0.018954,0.5600,,,TRACKING|w0 d0 L14
64.827463,129.088711833333,35.074462666667,508087.762,3881304.340,1.111,0.603535,gps_course,15,3.613,2.000,15,508084.390,3881303.043,2.905184,-0.093725,-0.010894,0.5600,,,TRACKING|w0 d0 L15
64.877615,129.088711833333,35.074462666667,508087.762,3881304.340,1.111,0.603535,gps_course,15,3.613,2.000,15,508084.390,3881303.043,2.905184,-0.093725,-0.040985,0.5600,,,TRACKING|w0 d0 L15
64.927528,129.088711833333,35.074462666667,508087.762,3881304.340,1.111,0.603535,gps_course,15,3.613,2.000,15,508084.390,3881303.043,2.905184,-0.093725,-0.062081,0.5600,,,TRACKING|w0 d0 L15
64.977551,129.088711833333,35.074462666667,508087.762,3881304.340,1.111,0.603535,gps_course,15,3.613,2.000,15,508084.390,3881303.043,2.905184,-0.093725,-0.074738,0.5600,,,TRACKING|w0 d0 L15
65.027960,129.088711833333,35.074462666667,508087.762,3881304.340,1.111,0.603535,gps_course,15,3.613,2.000,15,508084.390,3881303.043,2.905184,-0.093725,-0.082333,0.5600,,,TRACKING|w0 d0 L15
65.077512,129.088711833333,35.074462666667,508087.762,3881304.340,1.111,0.603535,gps_course,15,3.613,2.000,15,508084.390,3881303.043,2.905184,-0.093725,-0.086890,0.5600,,,TRACKING|w0 d0 L15
65.128408,129.088714500000,35.074464166667,508088.005,3881304.506,1.149,0.588350,gps_course,15,3.900,2.500,15,508084.390,3881303.043,2.937870,-0.075078,-0.082165,0.5600,,,TRACKING|w0 d0 L15
65.177651,129.088714500000,35.074464166667,508088.005,3881304.506,1.149,0.588350,gps_course,15,3.900,2.500,15,508084.390,3881303.043,2.937870,-0.075078,-0.079330,0.5600,,,TRACKING|w0 d0 L15
65.227528,129.088714500000,35.074464166667,508088.005,3881304.506,1.149,0.588350,gps_course,15,3.900,2.500,15,508084.390,3881303.043,2.937870,-0.075078,-0.077630,0.5600,,,TRACKING|w0 d0 L15
65.277669,129.088714500000,35.074464166667,508088.005,3881304.506,1.149,0.588350,gps_course,15,3.900,2.500,15,508084.390,3881303.043,2.937870,-0.075078,-0.076609,0.5600,,,TRACKING|w0 d0 L15
65.327513,129.088717166667,35.074465666667,508088.248,3881304.673,1.189,0.611040,gps_course,15,4.188,2.500,15,508084.390,3881303.043,2.930278,-0.072489,-0.074961,0.5600,,,TRACKING|w0 d0 L15
65.377637,129.088717166667,35.074465666667,508088.248,3881304.673,1.189,0.611040,gps_course,15,4.188,2.500,15,508084.390,3881303.043,2.930278,-0.072489,-0.073972,0.5600,,,TRACKING|w0 d0 L15
65.427571,129.088717166667,35.074465666667,508088.248,3881304.673,1.189,0.611040,gps_course,15,4.188,2.500,15,508084.390,3881303.043,2.930278,-0.072489,-0.073379,0.5600,,,TRACKING|w0 d0 L15
65.477632,129.088717166667,35.074465666667,508088.248,3881304.673,1.189,0.611040,gps_course,15,4.188,2.500,15,508084.390,3881303.043,2.930278,-0.072489,-0.073023,0.5600,,,TRACKING|w0 d0 L15
65.527511,129.088717166667,35.074465666667,508088.248,3881304.673,1.189,0.611040,gps_course,15,4.188,2.500,15,508084.390,3881303.043,2.930278,-0.072489,-0.072809,0.5600,,,TRACKING|w0 d0 L15
65.577608,129.088720000000,35.074467333333,508088.506,3881304.858,1.232,0.610342,gps_course,15,4.499,2.500,15,508084.390,3881303.043,2.946539,-0.062392,-0.068642,0.5600,,,TRACKING|w0 d0 L15
65.627674,129.088720000000,35.074467333333,508088.506,3881304.858,1.232,0.610342,gps_course,15,4.499,2.500,15,508084.390,3881303.043,2.946539,-0.062392,-0.066142,0.5600,,,TRACKING|w0 d0 L15
65.677512,129.088720000000,35.074467333333,508088.506,3881304.858,1.232,0.610342,gps_course,15,4.499,2.500,15,508084.390,3881303.043,2.946539,-0.062392,-0.064642,0.5600,,,TRACKING|w0 d0 L15
65.728119,129.088720000000,35.074467333333,508088.506,3881304.858,1.232,0.610342,gps_course,15,4.499,2.500,15,508084.390,3881303.043,2.946539,-0.062392,-0.063742,0.5600,,,TRACKING|w0 d0 L15
65.777441,129.088720000000,35.074467333333,508088.506,3881304.858,1.232,0.610342,gps_course,15,4.499,2.500,15,508084.390,3881303.043,2.946539,-0.062392,-0.063202,0.5600,,,TRACKING|w0 d0 L15
65.827669,129.088722833333,35.074468833333,508088.765,3881305.025,1.243,0.602662,gps_course,15,4.802,2.500,15,508084.390,3881303.043,2.964268,-0.053211,-0.059206,0.5600,,,TRACKING|w0 d0 L15
65.877485,129.088722833333,35.074468833333,508088.765,3881305.025,1.243,0.602662,gps_course,15,4.802,2.500,15,508084.390,3881303.043,2.964268,-0.053211,-0.056808,0.5600,,,TRACKING|w0 d0 L15
65.930561,129.088722833333,35.074468833333,508088.765,3881305.025,1.243,0.602662,gps_course,15,4.802,2.500,15,508084.390,3881303.043,2.964268,-0.053211,-0.055369,0.5600,,,TRACKING|w0 d0 L15
65.977586,129.088722833333,35.074468833333,508088.765,3881305.025,1.243,0.602662,gps_course,15,4.802,2.500,15,508084.390,3881303.043,2.964268,-0.053211,-0.054506,0.5600,,,TRACKING|w0 d0 L15
66.027544,129.088722833333,35.074468833333,508088.765,3881305.025,1.243,0.602662,gps_course,15,4.802,2.500,15,508084.390,3881303.043,2.964268,-0.053211,-0.053988,0.5600,,,TRACKING|w0 d0 L15
66.077612,129.088722833333,35.074468833333,508088.765,3881305.025,1.243,0.602662,gps_course,15,4.802,2.500,15,508084.390,3881303.043,2.964268,-0.053211,-0.053677,0.5600,,,TRACKING|w0 d0 L15
66.127563,129.088725833333,35.074470500000,508089.038,3881305.210,1.292,0.573166,gps_course,15,5.128,2.500,15,508084.390,3881303.043,3.004645,-0.038584,-0.047640,0.5600,,,TRACKING|w0 d0 L15
66.177747,129.088725833333,35.074470500000,508089.038,3881305.210,1.292,0.573166,gps_course,15,5.128,2.500,15,508084.390,3881303.043,3.004645,-0.038584,-0.044018,0.5600,,,TRACKING|w0 d0 L15
66.227514,129.088725833333,35.074470500000,508089.038,3881305.210,1.292,0.573166,gps_course,15,5.128,2.500,15,508084.390,3881303.043,3.004645,-0.038584,-0.041844,0.5600,,,TRACKING|w0 d0 L15
66.277674,129.088725833333,35.074470500000,508089.038,3881305.210,1.292,0.573166,gps_course,15,5.128,2.500,15,508084.390,3881303.043,3.004645,-0.038584,-0.040540,0.5600,,,TRACKING|w0 d0 L15
66.327602,129.088728833333,35.074472166667,508089.311,3881305.395,1.325,0.579624,gps_course,15,5.454,2.500,15,508084.390,3881303.043,3.007767,-0.035457,-0.038507,0.5600,,,TRACKING|w0 d0 L15
66.377673,129.088728833333,35.074472166667,508089.311,3881305.395,1.325,0.579624,gps_course,15,5.454,2.500,15,508084.390,3881303.043,3.007767,-0.035457,-0.037287,0.5600,,,TRACKING|w0 d0 L15
66.427632,129.088728833333,35.074472166667,508089.311,3881305.395,1.325,0.579624,gps_course,15,5.454,2.500,15,508084.390,3881303.043,3.007767,-0.035457,-0.036555,0.5600,,,TRACKING|w0 d0 L15
66.477501,129.088728833333,35.074472166667,508089.311,3881305.395,1.325,0.579624,gps_course,15,5.454,2.500,15,508084.390,3881303.043,3.007767,-0.035457,-0.036116,0.5600,,,TRACKING|w0 d0 L15
66.527573,129.088728833333,35.074472166667,508089.311,3881305.395,1.325,0.579624,gps_course,15,5.454,2.500,15,508084.390,3881303.043,3.007767,-0.035457,-0.035853,0.5600,,,TRACKING|w0 d0 L15
66.577540,129.088732000000,35.074473833333,508089.600,3881305.580,1.361,0.588525,gps_course,15,5.794,2.500,15,508084.390,3881303.043,3.006216,-0.033761,-0.035016,0.5600,,,TRACKING|w0 d0 L15
66.627751,129.088732000000,35.074473833333,508089.600,3881305.580,1.361,0.588525,gps_course,15,5.794,2.500,15,508084.390,3881303.043,3.006216,-0.033761,-0.034514,0.5600,,,TRACKING|w0 d0 L15
66.677476,129.088732000000,35.074473833333,508089.600,3881305.580,1.361,0.588525,gps_course,15,5.794,2.500,15,508084.390,3881303.043,3.006216,-0.033761,-0.034213,0.5600,,,TRACKING|w0 d0 L15
66.728348,129.088732000000,35.074473833333,508089.600,3881305.580,1.361,0.588525,gps_course,15,5.794,2.500,15,508084.390,3881303.043,3.006216,-0.033761,-0.034032,0.5600,,,TRACKING|w0 d0 L15
66.777517,129.088732000000,35.074473833333,508089.600,3881305.580,1.361,0.588525,gps_course,15,5.794,2.500,15,508084.390,3881303.043,3.006216,-0.033761,-0.033923,0.5600,,,TRACKING|w0 d0 L15
66.827557,129.088732000000,35.074473833333,508089.600,3881305.580,1.361,0.588525,gps_course,15,5.794,2.500,15,508084.390,3881303.043,3.006216,-0.033761,-0.033858,0.5600,,,TRACKING|w0 d0 L15
66.877775,129.088735166667,35.074475500000,508089.888,3881305.765,1.400,0.563392,gps_course,15,6.135,2.500,15,508084.390,3881303.043,3.037882,-0.024463,-0.030100,0.5600,,,TRACKING|w0 d0 L15
66.927541,129.088735166667,35.074475500000,508089.888,3881305.765,1.400,0.563392,gps_course,15,6.135,2.500,15,508084.390,3881303.043,3.037882,-0.024463,-0.027845,0.5600,,,TRACKING|w0 d0 L15
66.978080,129.088735166667,35.074475500000,508089.888,3881305.765,1.400,0.563392,gps_course,15,6.135,2.500,15,508084.390,3881303.043,3.037882,-0.024463,-0.026493,0.5600,,,TRACKING|w0 d0 L15
67.027491,129.088735166667,35.074475500000,508089.888,3881305.765,1.400,0.563392,gps_course,15,6.135,2.500,15,508084.390,3881303.043,3.037882,-0.024463,-0.025681,0.5600,,,TRACKING|w0 d0 L15
67.077573,129.088735166667,35.074475500000,508089.888,3881305.765,1.400,0.563392,gps_course,15,6.135,2.500,15,508084.390,3881303.043,3.037882,-0.024463,-0.025194,0.5600,,,TRACKING|w0 d0 L15
67.127507,129.088738500000,35.074477333333,508090.192,3881305.969,1.426,0.570199,gps_course,15,6.498,2.500,15,508084.390,3881303.043,3.038417,-0.022980,-0.024308,0.5600,,,TRACKING|w0 d0 L15
67.177678,129.088738500000,35.074477333333,508090.192,3881305.969,1.426,0.570199,gps_course,15,6.498,2.500,15,508084.390,3881303.043,3.038417,-0.022980,-0.023777,0.5600,,,TRACKING|w0 d0 L15
67.227729,129.088738500000,35.074477333333,508090.192,3881305.969,1.426,0.570199,gps_course,15,6.498,2.500,15,508084.390,3881303.043,3.038417,-0.022980,-0.023458,0.5600,,,TRACKING|w0 d0 L15
67.277594,129.088738500000,35.074477333333,508090.192,3881305.969,1.426,0.570199,gps_course,15,6.498,2.500,15,508084.390,3881303.043,3.038417,-0.022980,-0.023266,0.5600,,,TRACKING|w0 d0 L15
67.327661,129.088738500000,35.074477333333,508090.192,3881305.969,1.426,0.570199,gps_course,15,6.498,2.500,15,508084.390,3881303.043,3.038417,-0.022980,-0.023152,0.5600,,,TRACKING|w0 d0 L15
67.377475,129.088741833333,35.074479000000,508090.496,3881306.154,1.478,0.555887,gps_course,15,6.852,2.500,15,508084.390,3881303.043,3.056892,-0.017900,-0.021051,0.5600,,,TRACKING|w0 d0 L15
67.428297,129.088741833333,35.074479000000,508090.496,3881306.154,1.478,0.555887,gps_course,15,6.852,2.500,15,508084.390,3881303.043,3.056892,-0.017900,-0.019791,0.5600,,,TRACKING|w0 d0 L15
67.477483,129.088741833333,35.074479000000,508090.496,3881306.154,1.478,0.555887,gps_course,15,6.852,2.500,15,508084.390,3881303.043,3.056892,-0.017900,-0.019034,0.5600,,,TRACKING|w0 d0 L15
67.527594,129.088741833333,35.074479000000,508090.496,3881306.154,1.478,0.555887,gps_course,15,6.852,2.500,15,508084.390,3881303.043,3.056892,-0.017900,-0.018581,0.5600,,,TRACKING|w0 d0 L15
67.577448,129.088745500000,35.074480833333,508090.830,3881306.357,1.506,0.549430,gps_course,15,7.242,2.500,15,508084.390,3881303.043,3.067459,-0.014828,-0.017079,0.5600,,,TRACKING|w0 d0 L15
67.627599,129.088745500000,35.074480833333,508090.830,3881306.357,1.506,0.549430,gps_course,15,7.242,2.500,15,508084.390,3881303.043,3.067459,-0.014828,-0.016179,0.5600,,,TRACKING|w0 d0 L15
67.677619,129.088745500000,35.074480833333,508090.830,3881306.357,1.506,0.549430,gps_course,15,7.242,2.500,15,508084.390,3881303.043,3.067459,-0.014828,-0.015638,0.5600,,,TRACKING|w0 d0 L15
67.727423,129.088745500000,35.074480833333,508090.830,3881306.357,1.506,0.549430,gps_course,15,7.242,2.500,15,508084.390,3881303.043,3.067459,-0.014828,-0.015314,0.5600,,,TRACKING|w0 d0 L15
67.777702,129.088745500000,35.074480833333,508090.830,3881306.357,1.506,0.549430,gps_course,15,7.242,2.500,15,508084.390,3881303.043,3.067459,-0.014828,-0.015119,0.5600,,,TRACKING|w0 d0 L15
67.827450,129.088745500000,35.074480833333,508090.830,3881306.357,1.506,0.549430,gps_course,15,7.242,2.500,15,508084.390,3881303.043,3.067459,-0.014828,-0.015003,0.5600,,,TRACKING|w0 d0 L15
67.877765,129.088749166667,35.074482666667,508091.164,3881306.561,1.547,0.540179,gps_course,15,7.633,2.500,15,508084.390,3881303.043,3.080397,-0.011618,-0.013649,0.5600,,,TRACKING|w0 d0 L15
67.927686,129.088749166667,35.074482666667,508091.164,3881306.561,1.547,0.540179,gps_course,15,7.633,2.500,15,508084.390,3881303.043,3.080397,-0.011618,-0.012836,0.5600,,,TRACKING|w0 d0 L15
67.979066,129.088749166667,35.074482666667,508091.164,3881306.561,1.547,0.540179,gps_course,15,7.633,2.500,15,508084.390,3881303.043,3.080397,-0.011618,-0.012349,0.5600,,,TRACKING|w0 d0 L15
68.027599,129.088749166667,35.074482666667,508091.164,3881306.561,1.547,0.540179,gps_course,15,7.633,2.500,15,508084.390,3881303.043,3.080397,-0.011618,-0.012056,0.5600,,,TRACKING|w0 d0 L15
68.077541,129.088749166667,35.074482666667,508091.164,3881306.561,1.547,0.540179,gps_course,15,7.633,2.500,15,508084.390,3881303.043,3.080397,-0.011618,-0.011881,0.5600,,,TRACKING|w0 d0 L15
68.127828,129.088753000000,35.074484500000,508091.513,3881306.764,1.636,0.524646,gps_course,15,8.037,2.500,15,508084.390,3881303.043,3.098385,0.000000,-0.007128,0.5600,,,TRACKING|w0 d0 L15
68.177485,129.088753000000,35.074484500000,508091.513,3881306.764,1.636,0.524646,gps_course,15,8.037,2.500,15,508084.390,3881303.043,3.098385,0.000000,-0.004277,0.5600,,,TRACKING|w0 d0 L15
68.227730,129.088753000000,35.074484500000,508091.513,3881306.764,1.636,0.524646,gps_course,15,8.037,2.500,15,508084.390,3881303.043,3.098385,0.000000,-0.002566,0.5600,,,TRACKING|w0 d0 L15
68.277484,129.088753000000,35.074484500000,508091.513,3881306.764,1.636,0.524646,gps_course,15,8.037,2.500,15,508084.390,3881303.043,3.098385,0.000000,-0.001540,0.5600,,,TRACKING|w0 d0 L15
68.327591,129.088756833333,35.074486500000,508091.863,3881306.987,1.639,0.564963,gps_course,15,8.449,2.500,15,508084.390,3881303.043,3.062225,-0.013606,-0.006366,0.5600,,,TRACKING|w0 d0 L15
68.377777,129.088756833333,35.074486500000,508091.863,3881306.987,1.639,0.564963,gps_course,15,8.449,2.500,15,508084.390,3881303.043,3.062225,-0.013606,-0.009262,0.5600,,,TRACKING|w0 d0 L15
68.427640,129.088756833333,35.074486500000,508091.863,3881306.987,1.639,0.564963,gps_course,15,8.449,2.500,15,508084.390,3881303.043,3.062225,-0.013606,-0.010999,0.5600,,,TRACKING|w0 d0 L15
68.477746,129.088756833333,35.074486500000,508091.863,3881306.987,1.639,0.564963,gps_course,15,8.449,2.500,15,508084.390,3881303.043,3.062225,-0.013606,-0.012042,0.5600,,,TRACKING|w0 d0 L15
68.527574,129.088756833333,35.074486500000,508091.863,3881306.987,1.639,0.564963,gps_course,15,8.449,2.500,15,508084.390,3881303.043,3.062225,-0.013606,-0.012667,0.5600,,,TRACKING|w0 d0 L15
68.577499,129.088760833333,35.074488333333,508092.227,3881307.190,1.706,0.507367,gps_course,15,8.867,7.000,15,508084.390,3881303.043,3.120946,0.000000,-0.007600,0.5600,,,TRACKING|w0 d0 L15
68.627505,129.088760833333,35.074488333333,508092.227,3881307.190,1.706,0.507367,gps_course,15,8.867,7.000,15,508084.390,3881303.043,3.120946,0.000000,-0.004560,0.5600,,,TRACKING|w0 d0 L15
68.677955,129.088760833333,35.074488333333,508092.227,3881307.190,1.706,0.507367,gps_course,15,8.867,7.000,15,508084.390,3881303.043,3.120946,0.000000,-0.002736,0.5600,,,TRACKING|w0 d0 L15
68.727704,129.088760833333,35.074488333333,508092.227,3881307.190,1.706,0.507367,gps_course,15,8.867,7.000,15,508084.390,3881303.043,3.120946,0.000000,-0.001642,0.5600,,,TRACKING|w0 d0 L15
68.777848,129.088760833333,35.074488333333,508092.227,3881307.190,1.706,0.507367,gps_course,15,8.867,7.000,15,508084.390,3881303.043,3.120946,0.000000,-0.000985,0.5600,,,TRACKING|w0 d0 L15
68.827669,129.088760833333,35.074488333333,508092.227,3881307.190,1.706,0.507367,gps_course,15,8.867,7.000,15,508084.390,3881303.043,3.120946,0.000000,-0.000591,0.5600,,,TRACKING|w0 d0 L15
68.877577,129.088765000000,35.074490333333,508092.607,3881307.412,1.694,0.522901,gps_course,15,9.306,7.000,15,508084.390,3881303.043,3.107427,0.000000,-0.000355,0.5600,,,TRACKING|w0 d0 L15
68.927561,129.088765000000,35.074490333333,508092.607,3881307.412,1.694,0.522901,gps_course,15,9.306,7.000,15,508084.390,3881303.043,3.107427,0.000000,-0.000213,0.5600,,,TRACKING|w0 d0 L15
68.977480,129.088765000000,35.074490333333,508092.607,3881307.412,1.694,0.522901,gps_course,15,9.306,7.000,15,508084.390,3881303.043,3.107427,0.000000,-0.000128,0.5600,,,TRACKING|w0 d0 L15
69.027680,129.088765000000,35.074490333333,508092.607,3881307.412,1.694,0.522901,gps_course,15,9.306,7.000,15,508084.390,3881303.043,3.107427,0.000000,-0.000077,0.5600,,,TRACKING|w0 d0 L15
69.077516,129.088765000000,35.074490333333,508092.607,3881307.412,1.694,0.522901,gps_course,15,9.306,7.000,15,508084.390,3881303.043,3.107427,0.000000,-0.000046,0.5600,,,TRACKING|w0 d0 L15
69.127802,129.088769166667,35.074492166667,508092.987,3881307.616,1.744,0.521504,gps_course,15,9.737,7.000,15,508084.390,3881303.043,3.108982,0.000000,-0.000028,0.5600,,,TRACKING|w0 d0 L15
69.177487,129.088769166667,35.074492166667,508092.987,3881307.616,1.744,0.521504,gps_course,15,9.737,7.000,15,508084.390,3881303.043,3.108982,0.000000,-0.000017,0.5600,,,TRACKING|w0 d0 L15
69.227627,129.088769166667,35.074492166667,508092.987,3881307.616,1.744,0.521504,gps_course,15,9.737,7.000,15,508084.390,3881303.043,3.108982,0.000000,-0.000010,0.5600,,,TRACKING|w0 d0 L15
69.277646,129.088769166667,35.074492166667,508092.987,3881307.616,1.744,0.521504,gps_course,15,9.737,7.000,15,508084.390,3881303.043,3.108982,0.000000,-0.000006,0.5600,,,TRACKING|w0 d0 L15
69.327511,129.088773333333,35.074494000000,508093.366,3881307.820,1.783,0.508240,gps_course,15,10.168,,,,,,,-0.000006,0.0000,,,STOP_ROUTE_ERROR
69.377662,129.088773333333,35.074494000000,508093.366,3881307.820,1.783,0.508240,gps_course,15,10.168,,,,,,,0.000000,0.0000,,,STOP_ROUTE_ERROR
69.427701,129.088773333333,35.074494000000,508093.366,3881307.820,1.783,0.508240,gps_course,15,10.168,,,,,,,0.000000,0.0000,,,STOP_ROUTE_ERROR
69.477758,129.088773333333,35.074494000000,508093.366,3881307.820,1.783,0.508240,gps_course,15,10.168,,,,,,,0.000000,0.0000,,,STOP_ROUTE_ERROR
69.527526,129.088773333333,35.074494000000,508093.366,3881307.820,1.783,0.508240,gps_course,15,10.168,,,,,,,0.000000,0.0000,,,STOP_ROUTE_ERROR
69.577362,129.088777666667,35.074496000000,508093.761,3881308.042,1.799,0.506669,gps_course,15,10.621,,,,,,,0.000000,0.0000,,,STOP_ROUTE_ERROR
69.627527,129.088777666667,35.074496000000,508093.761,3881308.042,1.799,0.506669,gps_course,15,10.621,,,,,,,0.000000,0.0000,,,STOP_ROUTE_ERROR
69.677475,129.088777666667,35.074496000000,508093.761,3881308.042,1.799,0.506669,gps_course,15,10.621,,,,,,,0.000000,0.0000,,,STOP_ROUTE_ERROR
69.727874,129.088777666667,35.074496000000,508093.761,3881308.042,1.799,0.506669,gps_course,15,10.621,,,,,,,0.000000,0.0000,,,STOP_ROUTE_ERROR
69.777510,129.088777666667,35.074496000000,508093.761,3881308.042,1.799,0.506669,gps_course,15,10.621,,,,,,,0.000000,0.0000,,,STOP_ROUTE_ERROR
69.830524,129.088782000000,35.074498166667,508094.156,3881308.282,1.829,0.514698,gps_course,15,11.082,,,,,,,0.000000,0.0000,,,STOP_ROUTE_ERROR
69.877506,129.088782000000,35.074498166667,508094.156,3881308.282,1.829,0.514698,gps_course,15,11.082,,,,,,,0.000000,0.0000,,,STOP_ROUTE_ERROR
69.927705,129.088782000000,35.074498166667,508094.156,3881308.282,1.829,0.514698,gps_course,15,11.082,,,,,,,0.000000,0.0000,,,STOP_ROUTE_ERROR
69.977630,129.088782000000,35.074498166667,508094.156,3881308.282,1.829,0.514698,gps_course,15,11.082,,,,,,,0.000000,0.0000,,,STOP_ROUTE_ERROR
70.027553,129.088782000000,35.074498166667,508094.156,3881308.282,1.829,0.514698,gps_course,15,11.082,,,,,,,0.000000,0.0000,,,STOP_ROUTE_ERROR
70.077348,129.088786500000,35.074500166667,508094.566,3881308.505,1.880,0.495848,gps_course,15,11.549,,,,,,,0.000000,0.0000,,,STOP_ROUTE_ERROR
70.127517,129.088786500000,35.074500166667,508094.566,3881308.505,1.880,0.495848,gps_course,15,11.549,,,,,,,0.000000,0.0000,,,STOP_ROUTE_ERROR
70.178423,129.088786500000,35.074500166667,508094.566,3881308.505,1.880,0.495848,gps_course,15,11.549,,,,,,,0.000000,0.0000,,,STOP_ROUTE_ERROR
70.227510,129.088786500000,35.074500166667,508094.566,3881308.505,1.880,0.495848,gps_course,15,11.549,,,,,,,0.000000,0.0000,,,STOP_ROUTE_ERROR
70.277513,129.088786500000,35.074500166667,508094.566,3881308.505,1.880,0.495848,gps_course,15,11.549,,,,,,,0.000000,0.0000,,,STOP_ROUTE_ERROR
70.327641,129.088790166667,35.074501833333,508094.900,3881308.690,1.531,0.529358,gps_course,15,11.931,,,,,,,0.000000,0.0000,,,STOP_ROUTE_ERROR
70.377757,129.088790166667,35.074501833333,508094.900,3881308.690,1.531,0.529358,gps_course,15,11.931,,,,,,,0.000000,0.0000,,,STOP_ROUTE_ERROR
70.427850,129.088790166667,35.074501833333,508094.900,3881308.690,1.531,0.529358,gps_course,15,11.931,,,,,,,0.000000,0.0000,,,STOP_ROUTE_ERROR
70.477447,129.088790166667,35.074501833333,508094.900,3881308.690,1.531,0.529358,gps_course,15,11.931,,,,,,,0.000000,0.0000,,,STOP_ROUTE_ERROR
70.527986,129.088790166667,35.074501833333,508094.900,3881308.690,1.531,0.529358,gps_course,15,11.931,,,,,,,0.000000,0.0000,,,STOP_ROUTE_ERROR
70.577539,129.088791000000,35.074502166667,508094.976,3881308.727,0.360,0.474206,gps_course,15,12.015,,,,,,,0.000000,0.0000,,,STOP_ROUTE_ERROR
70.627549,129.088791000000,35.074502166667,508094.976,3881308.727,0.360,0.474206,gps_course,15,12.015,,,,,,,0.000000,0.0000,,,STOP_ROUTE_ERROR
70.677572,129.088791000000,35.074502166667,508094.976,3881308.727,0.360,0.474206,gps_course,15,12.015,,,,,,,0.000000,0.0000,,,STOP_ROUTE_ERROR
70.729278,129.088791000000,35.074502166667,508094.976,3881308.727,0.360,0.474206,gps_course,15,12.015,,,,,,,0.000000,0.0000,,,STOP_ROUTE_ERROR
70.777516,129.088791000000,35.074502166667,508094.976,3881308.727,0.360,0.474206,gps_course,15,12.015,,,,,,,0.000000,0.0000,,,STOP_ROUTE_ERROR
70.827535,129.088791166667,35.074502000000,508094.991,3881308.708,0.360,0.474206,gps_course,15,12.020,,,,,,,0.000000,0.0000,,,STOP_ROUTE_ERROR
70.877714,129.088791166667,35.074502000000,508094.991,3881308.708,0.360,0.474206,gps_course,15,12.020,,,,,,,0.000000,0.0000,,,STOP_ROUTE_ERROR
70.927541,129.088791166667,35.074502000000,508094.991,3881308.708,0.360,0.474206,gps_course,15,12.020,,,,,,,0.000000,0.0000,,,STOP_ROUTE_ERROR
70.977553,129.088791166667,35.074502000000,508094.991,3881308.708,0.360,0.474206,gps_course,15,12.020,,,,,,,0.000000,0.0000,,,STOP_ROUTE_ERROR
71.027486,129.088791166667,35.074502000000,508094.991,3881308.708,0.360,0.474206,gps_course,15,12.020,,,,,,,0.000000,0.0000,,,STOP_ROUTE_ERROR
71.077576,129.088791166667,35.074502000000,508094.991,3881308.708,0.360,0.474206,gps_course,15,12.020,,,,,,,0.000000,0.0000,,,STOP_ROUTE_ERROR
71.127505,129.088791000000,35.074502000000,508094.976,3881308.708,0.035,0.474206,gps_course,15,12.006,,,,,,,0.000000,0.0000,,,STOP_ROUTE_ERROR
71.177606,129.088791000000,35.074502000000,508094.976,3881308.708,0.035,0.474206,gps_course,15,12.006,,,,,,,0.000000,0.0000,,,STOP_ROUTE_ERROR
71.227497,129.088791000000,35.074502000000,508094.976,3881308.708,0.035,0.474206,gps_course,15,12.006,,,,,,,0.000000,0.0000,,,STOP_ROUTE_ERROR
71.277537,129.088791000000,35.074502000000,508094.976,3881308.708,0.035,0.474206,gps_course,15,12.006,,,,,,,0.000000,0.0000,,,STOP_ROUTE_ERROR
71.327871,129.088791000000,35.074502000000,508094.976,3881308.708,0.014,0.474206,gps_course,15,12.006,,,,,,,0.000000,0.0000,,,STOP_ROUTE_ERROR
71.377537,129.088791000000,35.074502000000,508094.976,3881308.708,0.014,0.474206,gps_course,15,12.006,,,,,,,0.000000,0.0000,,,STOP_ROUTE_ERROR
71.429510,129.088791000000,35.074502000000,508094.976,3881308.708,0.014,0.474206,gps_course,15,12.006,,,,,,,0.000000,0.0000,,,STOP_ROUTE_ERROR
71.477560,129.088791000000,35.074502000000,508094.976,3881308.708,0.014,0.474206,gps_course,15,12.006,,,,,,,0.000000,0.0000,,,STOP_ROUTE_ERROR
71.527662,129.088791000000,35.074502000000,508094.976,3881308.708,0.014,0.474206,gps_course,15,12.006,,,,,,,0.000000,0.0000,,,STOP_ROUTE_ERROR
71.577536,129.088791000000,35.074502000000,508094.976,3881308.708,0.005,0.474206,gps_course,15,12.006,,,,,,,0.000000,0.0000,,,STOP_ROUTE_ERROR
71.627877,129.088791000000,35.074502000000,508094.976,3881308.708,0.005,0.474206,gps_course,15,12.006,,,,,,,0.000000,0.0000,,,STOP_ROUTE_ERROR
71.677573,129.088791000000,35.074502000000,508094.976,3881308.708,0.005,0.474206,gps_course,15,12.006,,,,,,,0.000000,0.0000,,,STOP_ROUTE_ERROR
71.727830,129.088791000000,35.074502000000,508094.976,3881308.708,0.005,0.474206,gps_course,15,12.006,,,,,,,0.000000,0.0000,,,STOP_ROUTE_ERROR
71.777541,129.088791000000,35.074502000000,508094.976,3881308.708,0.005,0.474206,gps_course,15,12.006,,,,,,,0.000000,0.0000,,,STOP_ROUTE_ERROR
71.827578,129.088791000000,35.074502000000,508094.976,3881308.708,0.007,0.474206,gps_course,15,12.006,,,,,,,0.000000,0.0000,,,STOP_ROUTE_ERROR
71.878912,129.088791000000,35.074502000000,508094.976,3881308.708,0.007,0.474206,gps_course,15,12.006,,,,,,,0.000000,0.0000,,,STOP_ROUTE_ERROR
71.927614,129.088791000000,35.074502000000,508094.976,3881308.708,0.007,0.474206,gps_course,15,12.006,,,,,,,0.000000,0.0000,,,STOP_ROUTE_ERROR
71.978579,129.088791000000,35.074502000000,508094.976,3881308.708,0.007,0.474206,gps_course,15,12.006,,,,,,,0.000000,0.0000,,,STOP_ROUTE_ERROR
72.027541,129.088791000000,35.074502000000,508094.976,3881308.708,0.007,0.474206,gps_course,15,12.006,,,,,,,0.000000,0.0000,,,STOP_ROUTE_ERROR
72.077489,129.088791000000,35.074502000000,508094.976,3881308.708,0.007,0.474206,gps_course,15,12.006,,,,,,,0.000000,0.0000,,,STOP_ROUTE_ERROR
72.127752,129.088791166667,35.074502166667,508094.991,3881308.727,0.054,0.474206,gps_course,15,12.028,,,,,,,0.000000,0.0000,,,STOP_ROUTE_ERROR
72.177508,129.088791166667,35.074502166667,508094.991,3881308.727,0.054,0.474206,gps_course,15,12.028,,,,,,,0.000000,0.0000,,,STOP_ROUTE_ERROR
72.227746,129.088791166667,35.074502166667,508094.991,3881308.727,0.054,0.474206,gps_course,15,12.028,,,,,,,0.000000,0.0000,,,STOP_ROUTE_ERROR
72.277475,129.088791166667,35.074502166667,508094.991,3881308.727,0.054,0.474206,gps_course,15,12.028,,,,,,,0.000000,0.0000,,,STOP_ROUTE_ERROR
72.327850,129.088791333333,35.074502166667,508095.006,3881308.727,0.083,0.474206,gps_course,15,12.042,,,,,,,0.000000,0.0000,,,STOP_ROUTE_ERROR
72.377507,129.088791333333,35.074502166667,508095.006,3881308.727,0.083,0.474206,gps_course,15,12.042,,,,,,,0.000000,0.0000,,,STOP_ROUTE_ERROR
72.427561,129.088791333333,35.074502166667,508095.006,3881308.727,0.083,0.474206,gps_course,15,12.042,,,,,,,0.000000,0.0000,,,STOP_ROUTE_ERROR
72.477733,129.088791333333,35.074502166667,508095.006,3881308.727,0.083,0.474206,gps_course,15,12.042,,,,,,,0.000000,0.0000,,,STOP_ROUTE_ERROR
72.529028,129.088791333333,35.074502166667,508095.006,3881308.727,0.083,0.474206,gps_course,15,12.042,,,,,,,0.000000,0.0000,,,STOP_ROUTE_ERROR
72.577514,129.088791833333,35.074502333333,508095.052,3881308.745,0.146,0.721317,gps_course,15,12.091,,,,,,,0.000000,0.0000,,,STOP_ROUTE_ERROR
72.627437,129.088791833333,35.074502333333,508095.052,3881308.745,0.146,0.721317,gps_course,15,12.091,,,,,,,0.000000,0.0000,,,STOP_ROUTE_ERROR
72.677656,129.088791833333,35.074502333333,508095.052,3881308.745,0.146,0.721317,gps_course,15,12.091,,,,,,,0.000000,0.0000,,,STOP_ROUTE_ERROR
72.727389,129.088791833333,35.074502333333,508095.052,3881308.745,0.146,0.721317,gps_course,15,12.091,,,,,,,0.000000,0.0000,,,STOP_ROUTE_ERROR
72.779403,129.088791833333,35.074502333333,508095.052,3881308.745,0.146,0.721317,gps_course,15,12.091,,,,,,,0.000000,0.0000,,,STOP_ROUTE_ERROR
72.827485,129.088792166667,35.074502500000,508095.082,3881308.764,0.169,0.976452,gps_course,15,12.126,,,,,,,0.000000,0.0000,,,STOP_ROUTE_ERROR
72.877482,129.088792166667,35.074502500000,508095.082,3881308.764,0.169,0.976452,gps_course,15,12.126,,,,,,,0.000000,0.0000,,,STOP_ROUTE_ERROR
72.928027,129.088792166667,35.074502500000,508095.082,3881308.764,0.169,0.976452,gps_course,15,12.126,,,,,,,0.000000,0.0000,,,STOP_ROUTE_ERROR
72.978651,129.088792166667,35.074502500000,508095.082,3881308.764,0.169,0.976452,gps_course,15,12.126,,,,,,,0.000000,0.0000,,,STOP_ROUTE_ERROR
73.027894,129.088792166667,35.074502500000,508095.082,3881308.764,0.169,0.976452,gps_course,15,12.126,,,,,,,0.000000,0.0000,,,STOP_ROUTE_ERROR
73.077492,129.088792166667,35.074502500000,508095.082,3881308.764,0.169,0.976452,gps_course,15,12.126,,,,,,,0.000000,0.0000,,,STOP_ROUTE_ERROR
73.129015,129.088792666667,35.074502833333,508095.128,3881308.801,0.230,0.718640,gps_course,15,12.184,,,,,,,0.000000,0.0000,,,STOP_ROUTE_ERROR
73.177523,129.088792666667,35.074502833333,508095.128,3881308.801,0.230,0.718640,gps_course,15,12.184,,,,,,,0.000000,0.0000,,,STOP_ROUTE_ERROR
73.227670,129.088792666667,35.074502833333,508095.128,3881308.801,0.230,0.718640,gps_course,15,12.184,,,,,,,0.000000,0.0000,,,STOP_ROUTE_ERROR
73.277732,129.088792666667,35.074502833333,508095.128,3881308.801,0.230,0.718640,gps_course,15,12.184,,,,,,,0.000000,0.0000,,,STOP_ROUTE_ERROR
73.327538,129.088793333333,35.074503000000,508095.189,3881308.819,0.247,0.478918,gps_course,15,12.246,,,,,,,0.000000,0.0000,,,STOP_ROUTE_ERROR
73.377940,129.088793333333,35.074503000000,508095.189,3881308.819,0.247,0.478918,gps_course,15,12.246,,,,,,,0.000000,0.0000,,,STOP_ROUTE_ERROR
73.427444,129.088793333333,35.074503000000,508095.189,3881308.819,0.247,0.478918,gps_course,15,12.246,,,,,,,0.000000,0.0000,,,STOP_ROUTE_ERROR
73.477704,129.088793333333,35.074503000000,508095.189,3881308.819,0.247,0.478918,gps_course,15,12.246,,,,,,,0.000000,0.0000,,,STOP_ROUTE_ERROR
73.527544,129.088793333333,35.074503000000,508095.189,3881308.819,0.247,0.478918,gps_course,15,12.246,,,,,,,0.000000,0.0000,,,STOP_ROUTE_ERROR
73.581856,129.088794166667,35.074503333333,508095.265,3881308.856,0.297,0.400204,gps_course,15,12.331,,,,,,,0.000000,0.0000,,,STOP_ROUTE_ERROR
73.627478,129.088794166667,35.074503333333,508095.265,3881308.856,0.297,0.400204,gps_course,15,12.331,,,,,,,0.000000,0.0000,,,STOP_ROUTE_ERROR
73.677758,129.088794166667,35.074503333333,508095.265,3881308.856,0.297,0.400204,gps_course,15,12.331,,,,,,,0.000000,0.0000,,,STOP_ROUTE_ERROR
73.727450,129.088794166667,35.074503333333,508095.265,3881308.856,0.297,0.400204,gps_course,15,12.331,,,,,,,0.000000,0.0000,,,STOP_ROUTE_ERROR
73.777490,129.088794166667,35.074503333333,508095.265,3881308.856,0.297,0.400204,gps_course,15,12.331,,,,,,,0.000000,0.0000,,,STOP_ROUTE_ERROR
73.827881,129.088794500000,35.074503500000,508095.295,3881308.875,0.199,0.515570,gps_course,15,12.366,,,,,,,0.000000,0.0000,,,STOP_ROUTE_ERROR
73.877595,129.088794500000,35.074503500000,508095.295,3881308.875,0.199,0.515570,gps_course,15,12.366,,,,,,,0.000000,0.0000,,,STOP_ROUTE_ERROR
73.929251,129.088794500000,35.074503500000,508095.295,3881308.875,0.199,0.515570,gps_course,15,12.366,,,,,,,0.000000,0.0000,,,STOP_ROUTE_ERROR
73.978032,129.088794500000,35.074503500000,508095.295,3881308.875,0.199,0.515570,gps_course,15,12.366,,,,,,,0.000000,0.0000,,,STOP_ROUTE_ERROR
74.027697,129.088794500000,35.074503500000,508095.295,3881308.875,0.199,0.515570,gps_course,15,12.366,,,,,,,0.000000,0.0000,,,STOP_ROUTE_ERROR
74.077540,129.088794500000,35.074503500000,508095.295,3881308.875,0.199,0.515570,gps_course,15,12.366,,,,,,,0.000000,0.0000,,,STOP_ROUTE_ERROR
74.127581,129.088794500000,35.074503500000,508095.295,3881308.875,0.008,0.515570,gps_course,15,12.366,,,,,,,0.000000,0.0000,,,STOP_ROUTE_ERROR
74.177629,129.088794500000,35.074503500000,508095.295,3881308.875,0.008,0.515570,gps_course,15,12.366,,,,,,,0.000000,0.0000,,,STOP_ROUTE_ERROR
74.227511,129.088794500000,35.074503500000,508095.295,3881308.875,0.008,0.515570,gps_course,15,12.366,,,,,,,0.000000,0.0000,,,STOP_ROUTE_ERROR
74.277618,129.088794500000,35.074503500000,508095.295,3881308.875,0.008,0.515570,gps_course,15,12.366,,,,,,,0.000000,0.0000,,,STOP_ROUTE_ERROR
74.327449,129.088794500000,35.074503500000,508095.295,3881308.875,0.022,0.515570,gps_course,15,12.366,,,,,,,0.000000,0.0000,,,STOP_ROUTE_ERROR
74.377715,129.088794500000,35.074503500000,508095.295,3881308.875,0.022,0.515570,gps_course,15,12.366,,,,,,,0.000000,0.0000,,,STOP_ROUTE_ERROR
74.427516,129.088794500000,35.074503500000,508095.295,3881308.875,0.022,0.515570,gps_course,15,12.366,,,,,,,0.000000,0.0000,,,STOP_ROUTE_ERROR
74.477536,129.088794500000,35.074503500000,508095.295,3881308.875,0.022,0.515570,gps_course,15,12.366,,,,,,,0.000000,0.0000,,,STOP_ROUTE_ERROR
74.528267,129.088794500000,35.074503500000,508095.295,3881308.875,0.022,0.515570,gps_course,15,12.366,,,,,,,0.000000,0.0000,,,STOP_ROUTE_ERROR
74.577535,129.088794500000,35.074503500000,508095.295,3881308.875,0.026,0.515570,gps_course,15,12.366,,,,,,,0.000000,0.0000,,,STOP_ROUTE_ERROR
74.627764,129.088794500000,35.074503500000,508095.295,3881308.875,0.026,0.515570,gps_course,15,12.366,,,,,,,0.000000,0.0000,,,STOP_ROUTE_ERROR
74.677518,129.088794500000,35.074503500000,508095.295,3881308.875,0.026,0.515570,gps_course,15,12.366,,,,,,,0.000000,0.0000,,,STOP_ROUTE_ERROR
74.729763,129.088794500000,35.074503500000,508095.295,3881308.875,0.026,0.515570,gps_course,15,12.366,,,,,,,0.000000,0.0000,,,STOP_ROUTE_ERROR
74.777494,129.088794500000,35.074503500000,508095.295,3881308.875,0.026,0.515570,gps_course,15,12.366,,,,,,,0.000000,0.0000,,,STOP_ROUTE_ERROR
74.827515,129.088794333333,35.074503500000,508095.280,3881308.875,0.009,0.515570,gps_course,15,12.353,,,,,,,0.000000,0.0000,,,STOP_ROUTE_ERROR
74.877623,129.088794333333,35.074503500000,508095.280,3881308.875,0.009,0.515570,gps_course,15,12.353,,,,,,,0.000000,0.0000,,,STOP_ROUTE_ERROR
74.927667,129.088794333333,35.074503500000,508095.280,3881308.875,0.009,0.515570,gps_course,15,12.353,,,,,,,0.000000,0.0000,,,STOP_ROUTE_ERROR
74.977828,129.088794333333,35.074503500000,508095.280,3881308.875,0.009,0.515570,gps_course,15,12.353,,,,,,,0.000000,0.0000,,,STOP_ROUTE_ERROR
75.027511,129.088794333333,35.074503500000,508095.280,3881308.875,0.009,0.515570,gps_course,15,12.353,,,,,,,0.000000,0.0000,,,STOP_ROUTE_ERROR
75.077599,129.088794333333,35.074503500000,508095.280,3881308.875,0.009,0.515570,gps_course,15,12.353,,,,,,,0.000000,0.0000,,,STOP_ROUTE_ERROR
75.127488,129.088794500000,35.074503500000,508095.295,3881308.875,0.032,0.515570,gps_course,15,12.366,,,,,,,0.000000,0.0000,,,STOP_ROUTE_ERROR
75.177652,129.088794500000,35.074503500000,508095.295,3881308.875,0.032,0.515570,gps_course,15,12.366,,,,,,,0.000000,0.0000,,,STOP_ROUTE_ERROR
75.227654,129.088794500000,35.074503500000,508095.295,3881308.875,0.032,0.515570,gps_course,15,12.366,,,,,,,0.000000,0.0000,,,STOP_ROUTE_ERROR
75.277606,129.088794500000,35.074503500000,508095.295,3881308.875,0.032,0.515570,gps_course,15,12.366,,,,,,,0.000000,0.0000,,,STOP_ROUTE_ERROR
75.327761,129.088794500000,35.074503500000,508095.295,3881308.875,0.049,0.515570,gps_course,15,12.366,,,,,,,0.000000,0.0000,,,STOP_ROUTE_ERROR
75.377437,129.088794500000,35.074503500000,508095.295,3881308.875,0.049,0.515570,gps_course,15,12.366,,,,,,,0.000000,0.0000,,,STOP_ROUTE_ERROR
75.429607,129.088794500000,35.074503500000,508095.295,3881308.875,0.049,0.515570,gps_course,15,12.366,,,,,,,0.000000,0.0000,,,STOP_ROUTE_ERROR
75.477512,129.088794500000,35.074503500000,508095.295,3881308.875,0.049,0.515570,gps_course,15,12.366,,,,,,,0.000000,0.0000,,,STOP_ROUTE_ERROR
75.527613,129.088794500000,35.074503500000,508095.295,3881308.875,0.049,0.515570,gps_course,15,12.366,,,,,,,0.000000,0.0000,,,STOP_ROUTE_ERROR
75.577480,129.088794833333,35.074503666667,508095.325,3881308.893,0.079,0.515570,gps_course,15,12.402,,,,,,,0.000000,0.0000,,,STOP_ROUTE_ERROR
75.628109,129.088794833333,35.074503666667,508095.325,3881308.893,0.079,0.515570,gps_course,15,12.402,,,,,,,0.000000,0.0000,,,STOP_ROUTE_ERROR
75.677680,129.088794833333,35.074503666667,508095.325,3881308.893,0.079,0.515570,gps_course,15,12.402,,,,,,,0.000000,0.0000,,,STOP_ROUTE_ERROR
75.727518,129.088794833333,35.074503666667,508095.325,3881308.893,0.079,0.515570,gps_course,15,12.402,,,,,,,0.000000,0.0000,,,STOP_ROUTE_ERROR
75.778270,129.088794833333,35.074503666667,508095.325,3881308.893,0.079,0.515570,gps_course,15,12.402,,,,,,,0.000000,0.0000,,,STOP_ROUTE_ERROR
75.827413,129.088795000000,35.074503833333,508095.341,3881308.912,0.131,0.772094,gps_course,15,12.424,,,,,,,0.000000,0.0000,,,STOP_ROUTE_ERROR
75.877574,129.088795000000,35.074503833333,508095.341,3881308.912,0.131,0.772094,gps_course,15,12.424,,,,,,,0.000000,0.0000,,,STOP_ROUTE_ERROR
75.927713,129.088795000000,35.074503833333,508095.341,3881308.912,0.131,0.772094,gps_course,15,12.424,,,,,,,0.000000,0.0000,,,STOP_ROUTE_ERROR
75.977616,129.088795000000,35.074503833333,508095.341,3881308.912,0.131,0.772094,gps_course,15,12.424,,,,,,,0.000000,0.0000,,,STOP_ROUTE_ERROR
76.027637,129.088795000000,35.074503833333,508095.341,3881308.912,0.131,0.772094,gps_course,15,12.424,,,,,,,0.000000,0.0000,,,STOP_ROUTE_ERROR
76.077539,129.088795000000,35.074503833333,508095.341,3881308.912,0.131,0.772094,gps_course,15,12.424,,,,,,,0.000000,0.0000,,,STOP_ROUTE_ERROR
76.127542,129.088795500000,35.074504000000,508095.386,3881308.930,0.156,1.034174,gps_course,15,12.473,,,,,,,0.000000,0.0000,,,STOP_ROUTE_ERROR
76.177537,129.088795500000,35.074504000000,508095.386,3881308.930,0.156,1.034174,gps_course,15,12.473,,,,,,,0.000000,0.0000,,,STOP_ROUTE_ERROR
76.229803,129.088795500000,35.074504000000,508095.386,3881308.930,0.156,1.034174,gps_course,15,12.473,,,,,,,0.000000,0.0000,,,STOP_ROUTE_ERROR
76.277529,129.088795500000,35.074504000000,508095.386,3881308.930,0.156,1.034174,gps_course,15,12.473,,,,,,,0.000000,0.0000,,,STOP_ROUTE_ERROR
76.327925,129.088795500000,35.074504000000,508095.386,3881308.930,0.156,1.034174,gps_course,15,12.473,,,,,,,0.000000,0.0000,,,STOP_ROUTE_ERROR
76.377502,129.088796000000,35.074504166667,508095.432,3881308.949,0.203,0.791392,gps_course,15,12.522,,,,,,,0.000000,0.0000,,,STOP_ROUTE_ERROR
76.427629,129.088796000000,35.074504166667,508095.432,3881308.949,0.203,0.791392,gps_course,15,12.522,,,,,,,0.000000,0.0000,,,STOP_ROUTE_ERROR
76.477649,129.088796000000,35.074504166667,508095.432,3881308.949,0.203,0.791392,gps_course,15,12.522,,,,,,,0.000000,0.0000,,,STOP_ROUTE_ERROR
76.527898,129.088796000000,35.074504166667,508095.432,3881308.949,0.203,0.791392,gps_course,15,12.522,,,,,,,0.000000,0.0000,,,STOP_ROUTE_ERROR
76.577579,129.088796500000,35.074504500000,508095.477,3881308.986,0.233,0.547594,gps_course,15,12.579,,,,,,,0.000000,0.0000,,,STOP_ROUTE_ERROR
76.627468,129.088796500000,35.074504500000,508095.477,3881308.986,0.233,0.547594,gps_course,15,12.579,,,,,,,0.000000,0.0000,,,STOP_ROUTE_ERROR
76.677540,129.088796500000,35.074504500000,508095.477,3881308.986,0.233,0.547594,gps_course,15,12.579,,,,,,,0.000000,0.0000,,,STOP_ROUTE_ERROR
76.727585,129.088796500000,35.074504500000,508095.477,3881308.986,0.233,0.547594,gps_course,15,12.579,,,,,,,0.000000,0.0000,,,STOP_ROUTE_ERROR
76.778364,129.088796500000,35.074504500000,508095.477,3881308.986,0.233,0.547594,gps_course,15,12.579,,,,,,,0.000000,0.0000,,,STOP_ROUTE_ERROR
76.827523,129.088796500000,35.074504500000,508095.477,3881308.986,0.233,0.547594,gps_course,15,12.579,,,,,,,0.000000,0.0000,,,STOP_ROUTE_ERROR
76.877539,129.088797166667,35.074504833333,508095.538,3881309.023,0.267,0.478395,gps_course,15,12.650,,,,,,,0.000000,0.0000,,,STOP_ROUTE_ERROR
76.927997,129.088797166667,35.074504833333,508095.538,3881309.023,0.267,0.478395,gps_course,15,12.650,,,,,,,0.000000,0.0000,,,STOP_ROUTE_ERROR
76.977488,129.088797166667,35.074504833333,508095.538,3881309.023,0.267,0.478395,gps_course,15,12.650,,,,,,,0.000000,0.0000,,,STOP_ROUTE_ERROR
77.027772,129.088797166667,35.074504833333,508095.538,3881309.023,0.267,0.478395,gps_course,15,12.650,,,,,,,0.000000,0.0000,,,STOP_ROUTE_ERROR
77.077389,129.088797833333,35.074505000000,508095.599,3881309.042,0.308,0.533373,gps_course,15,12.713,,,,,,,0.000000,0.0000,,,STOP_ROUTE_ERROR
77.127614,129.088797833333,35.074505000000,508095.599,3881309.042,0.308,0.533373,gps_course,15,12.713,,,,,,,0.000000,0.0000,,,STOP_ROUTE_ERROR
77.177503,129.088797833333,35.074505000000,508095.599,3881309.042,0.308,0.533373,gps_course,15,12.713,,,,,,,0.000000,0.0000,,,STOP_ROUTE_ERROR
77.227676,129.088797833333,35.074505000000,508095.599,3881309.042,0.308,0.533373,gps_course,15,12.713,,,,,,,0.000000,0.0000,,,STOP_ROUTE_ERROR
77.277795,129.088797833333,35.074505000000,508095.599,3881309.042,0.308,0.533373,gps_course,15,12.713,,,,,,,0.000000,0.0000,,,STOP_ROUTE_ERROR
77.327806,129.088798666667,35.074505333333,508095.675,3881309.079,0.338,0.511556,gps_course,15,12.797,,,,,,,0.000000,0.0000,,,STOP_ROUTE_ERROR
77.378852,129.088798666667,35.074505333333,508095.675,3881309.079,0.338,0.511556,gps_course,15,12.797,,,,,,,0.000000,0.0000,,,STOP_ROUTE_ERROR
77.427466,129.088798666667,35.074505333333,508095.675,3881309.079,0.338,0.511556,gps_course,15,12.797,,,,,,,0.000000,0.0000,,,STOP_ROUTE_ERROR
77.477614,129.088798666667,35.074505333333,508095.675,3881309.079,0.338,0.511556,gps_course,15,12.797,,,,,,,0.000000,0.0000,,,STOP_ROUTE_ERROR
77.527522,129.088798666667,35.074505333333,508095.675,3881309.079,0.338,0.511556,gps_course,15,12.797,,,,,,,0.000000,0.0000,,,STOP_ROUTE_ERROR
77.578401,129.088799666667,35.074505833333,508095.766,3881309.134,0.377,0.457625,gps_course,15,12.904,,,,,,,0.000000,0.0000,,,STOP_ROUTE_ERROR
77.627540,129.088799666667,35.074505833333,508095.766,3881309.134,0.377,0.457625,gps_course,15,12.904,,,,,,,0.000000,0.0000,,,STOP_ROUTE_ERROR
77.678154,129.088799666667,35.074505833333,508095.766,3881309.134,0.377,0.457625,gps_course,15,12.904,,,,,,,0.000000,0.0000,,,STOP_ROUTE_ERROR
77.727413,129.088799666667,35.074505833333,508095.766,3881309.134,0.377,0.457625,gps_course,15,12.904,,,,,,,0.000000,0.0000,,,STOP_ROUTE_ERROR
77.777549,129.088799666667,35.074505833333,508095.766,3881309.134,0.377,0.457625,gps_course,15,12.904,,,,,,,0.000000,0.0000,,,STOP_ROUTE_ERROR
77.827604,129.088800666667,35.074506166667,508095.857,3881309.171,0.404,0.483631,gps_course,15,13.001,,,,,,,0.000000,0.0000,,,STOP_ROUTE_ERROR
77.877505,129.088800666667,35.074506166667,508095.857,3881309.171,0.404,0.483631,gps_course,15,13.001,,,,,,,0.000000,0.0000,,,STOP_ROUTE_ERROR
77.927637,129.088800666667,35.074506166667,508095.857,3881309.171,0.404,0.483631,gps_course,15,13.001,,,,,,,0.000000,0.0000,,,STOP_ROUTE_ERROR
77.977499,129.088800666667,35.074506166667,508095.857,3881309.171,0.404,0.483631,gps_course,15,13.001,,,,,,,0.000000,0.0000,,,STOP_ROUTE_ERROR
78.027666,129.088800666667,35.074506166667,508095.857,3881309.171,0.404,0.483631,gps_course,15,13.001,,,,,,,0.000000,0.0000,,,STOP_ROUTE_ERROR
78.077688,129.088800666667,35.074506166667,508095.857,3881309.171,0.404,0.483631,gps_course,15,13.001,,,,,,,0.000000,0.0000,,,STOP_ROUTE_ERROR
78.127649,129.088801666667,35.074506666667,508095.948,3881309.227,0.454,0.521504,gps_course,15,13.108,,,,,,,0.000000,0.0000,,,STOP_ROUTE_ERROR
78.178796,129.088801666667,35.074506666667,508095.948,3881309.227,0.454,0.521504,gps_course,15,13.108,,,,,,,0.000000,0.0000,,,STOP_ROUTE_ERROR
78.227436,129.088801666667,35.074506666667,508095.948,3881309.227,0.454,0.521504,gps_course,15,13.108,,,,,,,0.000000,0.0000,,,STOP_ROUTE_ERROR
78.277638,129.088801666667,35.074506666667,508095.948,3881309.227,0.454,0.521504,gps_course,15,13.108,,,,,,,0.000000,0.0000,,,STOP_ROUTE_ERROR
78.327495,129.088802833333,35.074507333333,508096.054,3881309.301,0.484,0.494975,gps_course,15,13.237,,,,,,,0.000000,0.0000,,,STOP_ROUTE_ERROR
78.377749,129.088802833333,35.074507333333,508096.054,3881309.301,0.484,0.494975,gps_course,15,13.237,,,,,,,0.000000,0.0000,,,STOP_ROUTE_ERROR
78.427619,129.088802833333,35.074507333333,508096.054,3881309.301,0.484,0.494975,gps_course,15,13.237,,,,,,,0.000000,0.0000,,,STOP_ROUTE_ERROR
78.477698,129.088802833333,35.074507333333,508096.054,3881309.301,0.484,0.494975,gps_course,15,13.237,,,,,,,0.000000,0.0000,,,STOP_ROUTE_ERROR
78.527536,129.088802833333,35.074507333333,508096.054,3881309.301,0.484,0.494975,gps_course,15,13.237,,,,,,,0.000000,0.0000,,,STOP_ROUTE_ERROR
78.577477,129.088804166667,35.074507666667,508096.176,3881309.338,0.499,0.463909,gps_course,15,13.361,,,,,,,0.000000,0.0000,,,STOP_ROUTE_ERROR
78.629221,129.088804166667,35.074507666667,508096.176,3881309.338,0.499,0.463909,gps_course,15,13.361,,,,,,,0.000000,0.0000,,,STOP_ROUTE_ERROR
78.677533,129.088804166667,35.074507666667,508096.176,3881309.338,0.499,0.463909,gps_course,15,13.361,,,,,,,0.000000,0.0000,,,STOP_ROUTE_ERROR
78.728304,129.088804166667,35.074507666667,508096.176,3881309.338,0.499,0.463909,gps_course,15,13.361,,,,,,,0.000000,0.0000,,,STOP_ROUTE_ERROR
78.777618,129.088804166667,35.074507666667,508096.176,3881309.338,0.499,0.463909,gps_course,15,13.361,,,,,,,0.000000,0.0000,,,STOP_ROUTE_ERROR
78.827547,129.088804166667,35.074507666667,508096.176,3881309.338,0.499,0.463909,gps_course,15,13.361,,,,,,,0.000000,0.0000,,,STOP_ROUTE_ERROR
78.877667,129.088805500000,35.074508333333,508096.297,3881309.412,0.568,0.512778,gps_course,15,13.503,,,,,,,0.000000,0.0000,,,STOP_ROUTE_ERROR
78.927522,129.088805500000,35.074508333333,508096.297,3881309.412,0.568,0.512778,gps_course,15,13.503,,,,,,,0.000000,0.0000,,,STOP_ROUTE_ERROR
78.979774,129.088805500000,35.074508333333,508096.297,3881309.412,0.568,0.512778,gps_course,15,13.503,,,,,,,0.000000,0.0000,,,STOP_ROUTE_ERROR
79.027516,129.088805500000,35.074508333333,508096.297,3881309.412,0.568,0.512778,gps_course,15,13.503,,,,,,,0.000000,0.0000,,,STOP_ROUTE_ERROR
79.077564,129.088805500000,35.074508333333,508096.297,3881309.412,0.568,0.512778,gps_course,15,13.503,,,,,,,0.000000,0.0000,,,STOP_ROUTE_ERROR
79.127479,129.088807000000,35.074509000000,508096.434,3881309.486,0.600,0.507716,gps_course,15,13.659,,,,,,,0.000000,0.0000,,,STOP_ROUTE_ERROR
79.177585,129.088807000000,35.074509000000,508096.434,3881309.486,0.600,0.507716,gps_course,15,13.659,,,,,,,0.000000,0.0000,,,STOP_ROUTE_ERROR
79.227701,129.088807000000,35.074509000000,508096.434,3881309.486,0.600,0.507716,gps_course,15,13.659,,,,,,,0.000000,0.0000,,,STOP_ROUTE_ERROR
79.277550,129.088807000000,35.074509000000,508096.434,3881309.486,0.600,0.507716,gps_course,15,13.659,,,,,,,0.000000,0.0000,,,STOP_ROUTE_ERROR
79.327414,129.088808333333,35.074509666667,508096.556,3881309.560,0.611,0.465305,gps_course,15,13.801,,,,,,,0.000000,0.0000,,,STOP_ROUTE_ERROR
79.377497,129.088808333333,35.074509666667,508096.556,3881309.560,0.611,0.465305,gps_course,15,13.801,,,,,,,0.000000,0.0000,,,STOP_ROUTE_ERROR
79.427867,129.088808333333,35.074509666667,508096.556,3881309.560,0.611,0.465305,gps_course,15,13.801,,,,,,,0.000000,0.0000,,,STOP_ROUTE_ERROR
79.477518,129.088808333333,35.074509666667,508096.556,3881309.560,0.611,0.465305,gps_course,15,13.801,,,,,,,0.000000,0.0000,,,STOP_ROUTE_ERROR
79.529025,129.088808333333,35.074509666667,508096.556,3881309.560,0.611,0.465305,gps_course,15,13.801,,,,,,,0.000000,0.0000,,,STOP_ROUTE_ERROR
79.577522,129.088810000000,35.074510333333,508096.707,3881309.634,0.624,0.476300,gps_course,15,13.970,,,,,,,0.000000,0.0000,,,STOP_ROUTE_ERROR
79.627594,129.088810000000,35.074510333333,508096.707,3881309.634,0.624,0.476300,gps_course,15,13.970,,,,,,,0.000000,0.0000,,,STOP_ROUTE_ERROR
79.677653,129.088810000000,35.074510333333,508096.707,3881309.634,0.624,0.476300,gps_course,15,13.970,,,,,,,0.000000,0.0000,,,STOP_ROUTE_ERROR
79.727527,129.088810000000,35.074510333333,508096.707,3881309.634,0.624,0.476300,gps_course,15,13.970,,,,,,,0.000000,0.0000,,,STOP_ROUTE_ERROR
79.777589,129.088810000000,35.074510333333,508096.707,3881309.634,0.624,0.476300,gps_course,15,13.970,,,,,,,0.000000,0.0000,,,STOP_ROUTE_ERROR
79.827543,129.088811666667,35.074511000000,508096.859,3881309.708,0.702,0.448026,gps_course,15,14.139,,,,,,,0.000000,0.0000,,,STOP_ROUTE_ERROR
79.877558,129.088811666667,35.074511000000,508096.859,3881309.708,0.702,0.448026,gps_course,15,14.139,,,,,,,0.000000,0.0000,,,STOP_ROUTE_ERROR
79.927571,129.088811666667,35.074511000000,508096.859,3881309.708,0.702,0.448026,gps_course,15,14.139,,,,,,,0.000000,0.0000,,,STOP_ROUTE_ERROR
79.977640,129.088811666667,35.074511000000,508096.859,3881309.708,0.702,0.448026,gps_course,15,14.139,,,,,,,0.000000,0.0000,,,STOP_ROUTE_ERROR
80.027651,129.088811666667,35.074511000000,508096.859,3881309.708,0.702,0.448026,gps_course,15,14.139,,,,,,,0.000000,0.0000,,,STOP_ROUTE_ERROR
80.077494,129.088811666667,35.074511000000,508096.859,3881309.708,0.702,0.448026,gps_course,15,14.139,,,,,,,0.000000,0.0000,,,STOP_ROUTE_ERROR
80.128077,129.088813500000,35.074511833333,508097.026,3881309.801,0.740,0.538958,gps_course,15,14.330,,,,,,,0.000000,0.0000,,,STOP_ROUTE_ERROR
80.177485,129.088813500000,35.074511833333,508097.026,3881309.801,0.740,0.538958,gps_course,15,14.330,,,,,,,0.000000,0.0000,,,STOP_ROUTE_ERROR
80.228870,129.088813500000,35.074511833333,508097.026,3881309.801,0.740,0.538958,gps_course,15,14.330,,,,,,,0.000000,0.0000,,,STOP_ROUTE_ERROR
80.277549,129.088813500000,35.074511833333,508097.026,3881309.801,0.740,0.538958,gps_course,15,14.330,,,,,,,0.000000,0.0000,,,STOP_ROUTE_ERROR
80.327879,129.088815333333,35.074512500000,508097.193,3881309.875,0.776,0.470366,gps_course,15,14.512,,,,,,,0.000000,0.0000,,,STOP_ROUTE_ERROR
80.377506,129.088815333333,35.074512500000,508097.193,3881309.875,0.776,0.470366,gps_course,15,14.512,,,,,,,0.000000,0.0000,,,STOP_ROUTE_ERROR
80.429058,129.088815333333,35.074512500000,508097.193,3881309.875,0.776,0.470366,gps_course,15,14.512,,,,,,,0.000000,0.0000,,,STOP_ROUTE_ERROR
80.477531,129.088815333333,35.074512500000,508097.193,3881309.875,0.776,0.470366,gps_course,15,14.512,,,,,,,0.000000,0.0000,,,STOP_ROUTE_ERROR
80.527588,129.088815333333,35.074512500000,508097.193,3881309.875,0.776,0.470366,gps_course,15,14.512,,,,,,,0.000000,0.0000,,,STOP_ROUTE_ERROR
80.577607,129.088817166667,35.074513500000,508097.361,3881309.986,0.800,0.484329,gps_course,15,14.711,,,,,,,0.000000,0.0000,,,STOP_ROUTE_ERROR
80.627709,129.088817166667,35.074513500000,508097.361,3881309.986,0.800,0.484329,gps_course,15,14.711,,,,,,,0.000000,0.0000,,,STOP_ROUTE_ERROR
80.677601,129.088817166667,35.074513500000,508097.361,3881309.986,0.800,0.484329,gps_course,15,14.711,,,,,,,0.000000,0.0000,,,STOP_ROUTE_ERROR
80.727570,129.088817166667,35.074513500000,508097.361,3881309.986,0.800,0.484329,gps_course,15,14.711,,,,,,,0.000000,0.0000,,,STOP_ROUTE_ERROR
80.777583,129.088817166667,35.074513500000,508097.361,3881309.986,0.800,0.484329,gps_course,15,14.711,,,,,,,0.000000,0.0000,,,STOP_ROUTE_ERROR
80.827748,129.088817166667,35.074513500000,508097.361,3881309.986,0.800,0.484329,gps_course,15,14.711,,,,,,,0.000000,0.0000,,,STOP_ROUTE_ERROR
80.877620,129.088819166667,35.074514166667,508097.543,3881310.060,0.798,0.467748,gps_course,15,14.907,,,,,,,0.000000,0.0000,,,STOP_ROUTE_ERROR
80.928004,129.088819166667,35.074514166667,508097.543,3881310.060,0.798,0.467748,gps_course,15,14.907,,,,,,,0.000000,0.0000,,,STOP_ROUTE_ERROR
80.977521,129.088819166667,35.074514166667,508097.543,3881310.060,0.798,0.467748,gps_course,15,14.907,,,,,,,0.000000,0.0000,,,STOP_ROUTE_ERROR
81.028078,129.088819166667,35.074514166667,508097.543,3881310.060,0.798,0.467748,gps_course,15,14.907,,,,,,,0.000000,0.0000,,,STOP_ROUTE_ERROR
81.077393,129.088821333333,35.074515166667,508097.740,3881310.171,0.852,0.493754,gps_course,15,15.134,,,,,,,0.000000,0.0000,,,STOP_ROUTE_ERROR
81.127662,129.088821333333,35.074515166667,508097.740,3881310.171,0.852,0.493754,gps_course,15,15.134,,,,,,,0.000000,0.0000,,,STOP_ROUTE_ERROR
81.177524,129.088821333333,35.074515166667,508097.740,3881310.171,0.852,0.493754,gps_course,15,15.134,,,,,,,0.000000,0.0000,,,STOP_ROUTE_ERROR
81.227547,129.088821333333,35.074515166667,508097.740,3881310.171,0.852,0.493754,gps_course,15,15.134,,,,,,,0.000000,0.0000,,,STOP_ROUTE_ERROR
81.277635,129.088821333333,35.074515166667,508097.740,3881310.171,0.852,0.493754,gps_course,15,15.134,,,,,,,0.000000,0.0000,,,STOP_ROUTE_ERROR
81.327880,129.088823500000,35.074516166667,508097.938,3881310.282,0.903,0.477871,gps_course,15,15.360,,,,,,,0.000000,0.0000,,,STOP_ROUTE_ERROR
81.377590,129.088823500000,35.074516166667,508097.938,3881310.282,0.903,0.477871,gps_course,15,15.360,,,,,,,0.000000,0.0000,,,STOP_ROUTE_ERROR
81.427554,129.088823500000,35.074516166667,508097.938,3881310.282,0.903,0.477871,gps_course,15,15.360,,,,,,,0.000000,0.0000,,,STOP_ROUTE_ERROR
81.477663,129.088823500000,35.074516166667,508097.938,3881310.282,0.903,0.477871,gps_course,15,15.360,,,,,,,0.000000,0.0000,,,STOP_ROUTE_ERROR
81.527553,129.088823500000,35.074516166667,508097.938,3881310.282,0.903,0.477871,gps_course,15,15.360,,,,,,,0.000000,0.0000,,,STOP_ROUTE_ERROR
81.577845,129.088825666667,35.074517166667,508098.135,3881310.393,0.927,0.520457,gps_course,15,15.587,,,,,,,0.000000,0.0000,,,STOP_ROUTE_ERROR
81.627475,129.088825666667,35.074517166667,508098.135,3881310.393,0.927,0.520457,gps_course,15,15.587,,,,,,,0.000000,0.0000,,,STOP_ROUTE_ERROR
81.678070,129.088825666667,35.074517166667,508098.135,3881310.393,0.927,0.520457,gps_course,15,15.587,,,,,,,0.000000,0.0000,,,STOP_ROUTE_ERROR
81.727473,129.088825666667,35.074517166667,508098.135,3881310.393,0.927,0.520457,gps_course,15,15.587,,,,,,,0.000000,0.0000,,,STOP_ROUTE_ERROR
81.777506,129.088825666667,35.074517166667,508098.135,3881310.393,0.927,0.520457,gps_course,15,15.587,,,,,,,0.000000,0.0000,,,STOP_ROUTE_ERROR
81.827534,129.088827333333,35.074517833333,508098.287,3881310.467,0.684,0.532151,gps_course,15,15.755,,,,,,,0.000000,0.0000,,,STOP_ROUTE_ERROR
81.877493,129.088827333333,35.074517833333,508098.287,3881310.467,0.684,0.532151,gps_course,15,15.755,,,,,,,0.000000,0.0000,,,STOP_ROUTE_ERROR
81.929783,129.088827333333,35.074517833333,508098.287,3881310.467,0.684,0.532151,gps_course,15,15.755,,,,,,,0.000000,0.0000,,,STOP_ROUTE_ERROR
81.977483,129.088827333333,35.074517833333,508098.287,3881310.467,0.684,0.532151,gps_course,15,15.755,,,,,,,0.000000,0.0000,,,STOP_ROUTE_ERROR
82.028723,129.088827333333,35.074517833333,508098.287,3881310.467,0.684,0.532151,gps_course,15,15.755,,,,,,,0.000000,0.0000,,,STOP_ROUTE_ERROR
82.077649,129.088827333333,35.074517833333,508098.287,3881310.467,0.684,0.532151,gps_course,15,15.755,,,,,,,0.000000,0.0000,,,STOP_ROUTE_ERROR
82.127903,129.088827666667,35.074518000000,508098.317,3881310.486,0.684,0.532151,gps_course,15,15.791,,,,,,,0.000000,0.0000,,,STOP_ROUTE_ERROR
82.177736,129.088827666667,35.074518000000,508098.317,3881310.486,0.684,0.532151,gps_course,15,15.791,,,,,,,0.000000,0.0000,,,STOP_ROUTE_ERROR
82.227499,129.088827666667,35.074518000000,508098.317,3881310.486,0.684,0.532151,gps_course,15,15.791,,,,,,,0.000000,0.0000,,,STOP_ROUTE_ERROR
82.278244,129.088827666667,35.074518000000,508098.317,3881310.486,0.684,0.532151,gps_course,15,15.791,,,,,,,0.000000,0.0000,,,STOP_ROUTE_ERROR
82.327442,129.088827666667,35.074517833333,508098.317,3881310.467,0.684,0.532151,gps_course,15,15.782,,,,,,,0.000000,0.0000,,,STOP_ROUTE_ERROR
82.377621,129.088827666667,35.074517833333,508098.317,3881310.467,0.684,0.532151,gps_course,15,15.782,,,,,,,0.000000,0.0000,,,STOP_ROUTE_ERROR
82.427499,129.088827666667,35.074517833333,508098.317,3881310.467,0.684,0.532151,gps_course,15,15.782,,,,,,,0.000000,0.0000,,,STOP_ROUTE_ERROR
82.477486,129.088827666667,35.074517833333,508098.317,3881310.467,0.684,0.532151,gps_course,15,15.782,,,,,,,0.000000,0.0000,,,STOP_ROUTE_ERROR
82.527677,129.088827666667,35.074517833333,508098.317,3881310.467,0.684,0.532151,gps_course,15,15.782,,,,,,,0.000000,0.0000,,,STOP_ROUTE_ERROR
82.577517,129.088827500000,35.074517833333,508098.302,3881310.467,0.684,0.532151,gps_course,15,15.769,,,,,,,0.000000,0.0000,,,STOP_ROUTE_ERROR
82.627620,129.088827500000,35.074517833333,508098.302,3881310.467,0.684,0.532151,gps_course,15,15.769,,,,,,,0.000000,0.0000,,,STOP_ROUTE_ERROR
82.677522,129.088827500000,35.074517833333,508098.302,3881310.467,0.684,0.532151,gps_course,15,15.769,,,,,,,0.000000,0.0000,,,STOP_ROUTE_ERROR
82.729600,129.088827500000,35.074517833333,508098.302,3881310.467,0.684,0.532151,gps_course,15,15.769,,,,,,,0.000000,0.0000,,,STOP_ROUTE_ERROR
82.777497,129.088827500000,35.074517833333,508098.302,3881310.467,0.684,0.532151,gps_course,15,15.769,,,,,,,0.000000,0.0000,,,STOP_ROUTE_ERROR
82.828311,129.088827500000,35.074517833333,508098.302,3881310.467,0.684,0.532151,gps_course,15,15.769,,,,,,,0.000000,0.0000,,,STOP_ROUTE_ERROR
82.877701,129.088827500000,35.074517833333,508098.302,3881310.467,0.684,0.532151,gps_course,15,15.769,,,,,,,0.000000,0.0000,,,STOP_ROUTE_ERROR
82.927503,129.088827500000,35.074517833333,508098.302,3881310.467,0.684,0.532151,gps_course,15,15.769,,,,,,,0.000000,0.0000,,,STOP_ROUTE_ERROR
82.977592,129.088827500000,35.074517833333,508098.302,3881310.467,0.684,0.532151,gps_course,15,15.769,,,,,,,0.000000,0.0000,,,STOP_ROUTE_ERROR
83.027492,129.088827500000,35.074517833333,508098.302,3881310.467,0.684,0.532151,gps_course,15,15.769,,,,,,,0.000000,0.0000,,,STOP_ROUTE_ERROR
83.078876,129.088827500000,35.074517833333,508098.302,3881310.467,0.684,0.532151,gps_course,15,15.769,,,,,,,0.000000,0.0000,,,STOP_ROUTE_ERROR
83.127626,129.088827500000,35.074517833333,508098.302,3881310.467,0.684,0.532151,gps_course,15,15.769,,,,,,,0.000000,0.0000,,,STOP_ROUTE_ERROR
83.177649,129.088827500000,35.074517833333,508098.302,3881310.467,0.684,0.532151,gps_course,15,15.769,,,,,,,0.000000,0.0000,,,STOP_ROUTE_ERROR
83.227488,129.088827500000,35.074517833333,508098.302,3881310.467,0.684,0.532151,gps_course,15,15.769,,,,,,,0.000000,0.0000,,,STOP_ROUTE_ERROR
83.277540,129.088827500000,35.074517833333,508098.302,3881310.467,0.684,0.532151,gps_course,15,15.769,,,,,,,0.000000,0.0000,,,STOP_ROUTE_ERROR
83.327426,129.088827500000,35.074517833333,508098.302,3881310.467,0.010,0.532151,gps_course,15,15.769,,,,,,,0.000000,0.0000,,,STOP_ROUTE_ERROR
83.377543,129.088827500000,35.074517833333,508098.302,3881310.467,0.010,0.532151,gps_course,15,15.769,,,,,,,0.000000,0.0000,,,STOP_ROUTE_ERROR
83.427921,129.088827500000,35.074517833333,508098.302,3881310.467,0.010,0.532151,gps_course,15,15.769,,,,,,,0.000000,0.0000,,,STOP_ROUTE_ERROR
83.477507,129.088827500000,35.074517833333,508098.302,3881310.467,0.010,0.532151,gps_course,15,15.769,,,,,,,0.000000,0.0000,,,STOP_ROUTE_ERROR
83.527712,129.088827500000,35.074517833333,508098.302,3881310.467,0.010,0.532151,gps_course,15,15.769,,,,,,,0.000000,0.0000,,,STOP_ROUTE_ERROR
83.577572,129.088827500000,35.074518000000,508098.302,3881310.486,0.021,0.532151,gps_course,15,15.778,,,,,,,0.000000,0.0000,,,STOP_ROUTE_ERROR
83.627869,129.088827500000,35.074518000000,508098.302,3881310.486,0.021,0.532151,gps_course,15,15.778,,,,,,,0.000000,0.0000,,,STOP_ROUTE_ERROR
83.677483,129.088827500000,35.074518000000,508098.302,3881310.486,0.021,0.532151,gps_course,15,15.778,,,,,,,0.000000,0.0000,,,STOP_ROUTE_ERROR
83.727394,129.088827500000,35.074518000000,508098.302,3881310.486,0.021,0.532151,gps_course,15,15.778,,,,,,,0.000000,0.0000,,,STOP_ROUTE_ERROR
83.777721,129.088827500000,35.074518000000,508098.302,3881310.486,0.021,0.532151,gps_course,15,15.778,,,,,,,0.000000,0.0000,,,STOP_ROUTE_ERROR
83.827472,129.088827500000,35.074517833333,508098.302,3881310.467,0.010,0.532151,gps_course,15,15.769,,,,,,,0.000000,0.0000,,,STOP_ROUTE_ERROR
83.877720,129.088827500000,35.074517833333,508098.302,3881310.467,0.010,0.532151,gps_course,15,15.769,,,,,,,0.000000,0.0000,,,STOP_ROUTE_ERROR
83.927500,129.088827500000,35.074517833333,508098.302,3881310.467,0.010,0.532151,gps_course,15,15.769,,,,,,,0.000000,0.0000,,,STOP_ROUTE_ERROR
83.979242,129.088827500000,35.074517833333,508098.302,3881310.467,0.010,0.532151,gps_course,15,15.769,,,,,,,0.000000,0.0000,,,STOP_ROUTE_ERROR
84.027521,129.088827500000,35.074517833333,508098.302,3881310.467,0.010,0.532151,gps_course,15,15.769,,,,,,,0.000000,0.0000,,,STOP_ROUTE_ERROR
84.077487,129.088827500000,35.074517833333,508098.302,3881310.467,0.010,0.532151,gps_course,15,15.769,,,,,,,0.000000,0.0000,,,STOP_ROUTE_ERROR
84.127652,129.088827500000,35.074517833333,508098.302,3881310.467,0.018,0.532151,gps_course,15,15.769,,,,,,,0.000000,0.0000,,,STOP_ROUTE_ERROR
84.177649,129.088827500000,35.074517833333,508098.302,3881310.467,0.018,0.532151,gps_course,15,15.769,,,,,,,0.000000,0.0000,,,STOP_ROUTE_ERROR
84.227554,129.088827500000,35.074517833333,508098.302,3881310.467,0.018,0.532151,gps_course,15,15.769,,,,,,,0.000000,0.0000,,,STOP_ROUTE_ERROR
84.277504,129.088827500000,35.074517833333,508098.302,3881310.467,0.018,0.532151,gps_course,15,15.769,,,,,,,0.000000,0.0000,,,STOP_ROUTE_ERROR
84.327662,129.088827500000,35.074517833333,508098.302,3881310.467,0.016,0.532151,gps_course,15,15.769,,,,,,,0.000000,0.0000,,,STOP_ROUTE_ERROR
84.377591,129.088827500000,35.074517833333,508098.302,3881310.467,0.016,0.532151,gps_course,15,15.769,,,,,,,0.000000,0.0000,,,STOP_ROUTE_ERROR
84.427565,129.088827500000,35.074517833333,508098.302,3881310.467,0.016,0.532151,gps_course,15,15.769,,,,,,,0.000000,0.0000,,,STOP_ROUTE_ERROR
84.477611,129.088827500000,35.074517833333,508098.302,3881310.467,0.016,0.532151,gps_course,15,15.769,,,,,,,0.000000,0.0000,,,STOP_ROUTE_ERROR
84.527566,129.088827500000,35.074517833333,508098.302,3881310.467,0.016,0.532151,gps_course,15,15.769,,,,,,,0.000000,0.0000,,,STOP_ROUTE_ERROR
84.577664,129.088827500000,35.074517833333,508098.302,3881310.467,0.016,0.532151,gps_course,15,15.769,,,,,,,0.000000,0.0000,,,STOP_ROUTE_ERROR
84.627462,129.088827500000,35.074517833333,508098.302,3881310.467,0.016,0.532151,gps_course,15,15.769,,,,,,,0.000000,0.0000,,,STOP_ROUTE_ERROR
84.677599,129.088827500000,35.074517833333,508098.302,3881310.467,0.016,0.532151,gps_course,15,15.769,,,,,,,0.000000,0.0000,,,STOP_ROUTE_ERROR
84.727473,129.088827500000,35.074517833333,508098.302,3881310.467,0.016,0.532151,gps_course,15,15.769,,,,,,,0.000000,0.0000,,,STOP_ROUTE_ERROR
84.777627,129.088827500000,35.074517833333,508098.302,3881310.467,0.016,0.532151,gps_course,15,15.769,,,,,,,0.000000,0.0000,,,STOP_ROUTE_ERROR
84.827508,129.088827500000,35.074517833333,508098.302,3881310.467,0.016,2.080206,route_tangent,15,15.769,,,,,,,0.000000,0.0000,,,STOP_ROUTE_ERROR
84.877460,129.088827500000,35.074517833333,508098.302,3881310.467,0.015,2.080206,route_tangent,15,15.769,,,,,,,0.000000,0.0000,,,STOP_ROUTE_ERROR
84.927729,129.088827500000,35.074517833333,508098.302,3881310.467,0.015,2.080206,route_tangent,15,15.769,,,,,,,0.000000,0.0000,,,STOP_ROUTE_ERROR
84.977509,129.088827500000,35.074517833333,508098.302,3881310.467,0.015,2.080206,route_tangent,15,15.769,,,,,,,0.000000,0.0000,,,STOP_ROUTE_ERROR
85.027596,129.088827500000,35.074517833333,508098.302,3881310.467,0.015,2.080206,route_tangent,15,15.769,,,,,,,0.000000,0.0000,,,STOP_ROUTE_ERROR
85.077494,129.088827500000,35.074517833333,508098.302,3881310.467,0.015,2.080206,route_tangent,15,15.769,,,,,,,0.000000,0.0000,,,STOP_ROUTE_ERROR
85.127583,129.088827500000,35.074517833333,508098.302,3881310.467,0.015,2.080206,route_tangent,15,15.769,,,,,,,0.000000,0.0000,,,STOP_ROUTE_ERROR
85.177451,129.088827500000,35.074517833333,508098.302,3881310.467,0.015,2.080206,route_tangent,15,15.769,,,,,,,0.000000,0.0000,,,STOP_ROUTE_ERROR
85.227546,129.088827500000,35.074517833333,508098.302,3881310.467,0.015,2.080206,route_tangent,15,15.769,,,,,,,0.000000,0.0000,,,STOP_ROUTE_ERROR
85.277487,129.088827500000,35.074517833333,508098.302,3881310.467,0.015,2.080206,route_tangent,15,15.769,,,,,,,0.000000,0.0000,,,STOP_ROUTE_ERROR
85.327472,129.088827500000,35.074517833333,508098.302,3881310.467,0.015,2.080206,route_tangent,15,15.769,,,,,,,0.000000,0.0000,,,STOP_ROUTE_ERROR
85.377698,129.088827500000,35.074517833333,508098.302,3881310.467,0.015,2.080206,route_tangent,15,15.769,,,,,,,0.000000,0.0000,,,STOP_ROUTE_ERROR
85.427509,129.088827500000,35.074517833333,508098.302,3881310.467,0.015,2.080206,route_tangent,15,15.769,,,,,,,0.000000,0.0000,,,STOP_ROUTE_ERROR
85.477589,129.088827500000,35.074517833333,508098.302,3881310.467,0.015,2.080206,route_tangent,15,15.769,,,,,,,0.000000,0.0000,,,STOP_ROUTE_ERROR
85.527508,129.088827500000,35.074517833333,508098.302,3881310.467,0.015,2.080206,route_tangent,15,15.769,,,,,,,0.000000,0.0000,,,STOP_ROUTE_ERROR
85.578933,129.088827500000,35.074517833333,508098.302,3881310.467,0.015,2.080206,route_tangent,15,15.769,,,,,,,0.000000,0.0000,,,STOP_ROUTE_ERROR
85.627773,129.088827500000,35.074517833333,508098.302,3881310.467,0.015,2.080206,route_tangent,15,15.769,,,,,,,0.000000,0.0000,,,STOP_ROUTE_ERROR
85.677569,129.088827500000,35.074517833333,508098.302,3881310.467,0.015,2.080206,route_tangent,15,15.769,,,,,,,0.000000,0.0000,,,STOP_ROUTE_ERROR
85.727679,129.088827500000,35.074517833333,508098.302,3881310.467,0.015,2.080206,route_tangent,15,15.769,,,,,,,0.000000,0.0000,,,STOP_ROUTE_ERROR
85.777488,129.088827500000,35.074517833333,508098.302,3881310.467,0.015,2.080206,route_tangent,15,15.769,,,,,,,0.000000,0.0000,,,STOP_ROUTE_ERROR
85.828583,129.088827500000,35.074517833333,508098.302,3881310.467,0.015,2.080206,route_tangent,15,15.769,,,,,,,0.000000,0.0000,,,STOP_ROUTE_ERROR
85.877492,129.088827500000,35.074517833333,508098.302,3881310.467,0.015,2.080206,route_tangent,15,15.769,,,,,,,0.000000,0.0000,,,STOP_ROUTE_ERROR
85.927697,129.088827500000,35.074517833333,508098.302,3881310.467,0.015,2.080206,route_tangent,15,15.769,,,,,,,0.000000,0.0000,,,STOP_ROUTE_ERROR
85.977487,129.088827500000,35.074517833333,508098.302,3881310.467,0.015,2.080206,route_tangent,15,15.769,,,,,,,0.000000,0.0000,,,STOP_ROUTE_ERROR
86.029235,129.088827500000,35.074517833333,508098.302,3881310.467,0.015,2.080206,route_tangent,15,15.769,,,,,,,0.000000,0.0000,,,STOP_ROUTE_ERROR
86.078009,129.088827500000,35.074517833333,508098.302,3881310.467,0.015,2.080206,route_tangent,15,15.769,,,,,,,0.000000,0.0000,,,STOP_ROUTE_ERROR
86.127567,129.088827833333,35.074518000000,508098.333,3881310.486,0.015,2.080206,route_tangent,15,15.804,,,,,,,0.000000,0.0000,,,STOP_ROUTE_ERROR
86.177761,129.088827833333,35.074518000000,508098.333,3881310.486,0.015,2.080206,route_tangent,15,15.804,,,,,,,0.000000,0.0000,,,STOP_ROUTE_ERROR
86.227482,129.088827833333,35.074518000000,508098.333,3881310.486,0.015,2.080206,route_tangent,15,15.804,,,,,,,0.000000,0.0000,,,STOP_ROUTE_ERROR
86.277619,129.088827833333,35.074518000000,508098.333,3881310.486,0.015,2.080206,route_tangent,15,15.804,,,,,,,0.000000,0.0000,,,STOP_ROUTE_ERROR
86.327534,129.088828000000,35.074518166667,508098.348,3881310.504,0.015,2.080206,route_tangent,15,15.826,,,,,,,0.000000,0.0000,,,STOP_ROUTE_ERROR
86.379272,129.088828000000,35.074518166667,508098.348,3881310.504,0.015,2.080206,route_tangent,15,15.826,,,,,,,0.000000,0.0000,,,STOP_ROUTE_ERROR
86.427652,129.088828000000,35.074518166667,508098.348,3881310.504,0.015,2.080206,route_tangent,15,15.826,,,,,,,0.000000,0.0000,,,STOP_ROUTE_ERROR
86.477598,129.088828000000,35.074518166667,508098.348,3881310.504,0.015,2.080206,route_tangent,15,15.826,,,,,,,0.000000,0.0000,,,STOP_ROUTE_ERROR
86.527661,129.088828000000,35.074518166667,508098.348,3881310.504,0.015,2.080206,route_tangent,15,15.826,,,,,,,0.000000,0.0000,,,STOP_ROUTE_ERROR
86.577473,129.088828166667,35.074518166667,508098.363,3881310.504,0.015,2.080206,route_tangent,15,15.840,,,,,,,0.000000,0.0000,,,STOP_ROUTE_ERROR
86.627659,129.088828166667,35.074518166667,508098.363,3881310.504,0.015,2.080206,route_tangent,15,15.840,,,,,,,0.000000,0.0000,,,STOP_ROUTE_ERROR
86.677452,129.088828166667,35.074518166667,508098.363,3881310.504,0.015,2.080206,route_tangent,15,15.840,,,,,,,0.000000,0.0000,,,STOP_ROUTE_ERROR
86.728253,129.088828166667,35.074518166667,508098.363,3881310.504,0.015,2.080206,route_tangent,15,15.840,,,,,,,0.000000,0.0000,,,STOP_ROUTE_ERROR
86.777493,129.088828166667,35.074518166667,508098.363,3881310.504,0.015,2.080206,route_tangent,15,15.840,,,,,,,0.000000,0.0000,,,STOP_ROUTE_ERROR
86.827394,129.088828166667,35.074518166667,508098.363,3881310.504,0.015,2.080206,route_tangent,15,15.840,,,,,,,0.000000,0.0000,,,STOP_ROUTE_ERROR
86.877694,129.088828166667,35.074518166667,508098.363,3881310.504,0.015,2.080206,route_tangent,15,15.840,,,,,,,0.000000,0.0000,,,STOP_ROUTE_ERROR
86.927976,129.088828166667,35.074518166667,508098.363,3881310.504,0.015,2.080206,route_tangent,15,15.840,,,,,,,0.000000,0.0000,,,STOP_ROUTE_ERROR
86.977683,129.088828166667,35.074518166667,508098.363,3881310.504,0.015,2.080206,route_tangent,15,15.840,,,,,,,0.000000,0.0000,,,STOP_ROUTE_ERROR
87.027511,129.088828166667,35.074518166667,508098.363,3881310.504,0.015,2.080206,route_tangent,15,15.840,,,,,,,0.000000,0.0000,,,STOP_ROUTE_ERROR
87.077560,129.088828166667,35.074518166667,508098.363,3881310.504,0.015,2.080206,route_tangent,15,15.840,,,,,,,0.000000,0.0000,,,STOP_ROUTE_ERROR
87.127525,129.088828500000,35.074518333333,508098.393,3881310.523,0.015,2.080206,route_tangent,15,15.875,,,,,,,0.000000,0.0000,,,STOP_ROUTE_ERROR
87.178433,129.088828500000,35.074518333333,508098.393,3881310.523,0.015,2.080206,route_tangent,15,15.875,,,,,,,0.000000,0.0000,,,STOP_ROUTE_ERROR
87.227667,129.088828500000,35.074518333333,508098.393,3881310.523,0.015,2.080206,route_tangent,15,15.875,,,,,,,0.000000,0.0000,,,STOP_ROUTE_ERROR
87.277526,129.088828500000,35.074518333333,508098.393,3881310.523,0.015,2.080206,route_tangent,15,15.875,,,,,,,0.000000,0.0000,,,STOP_ROUTE_ERROR
87.327420,129.088828833333,35.074518500000,508098.424,3881310.541,0.179,0.520457,gps_course,15,15.911,,,,,,,0.000000,0.0000,,,STOP_ROUTE_ERROR
87.377481,129.088828833333,35.074518500000,508098.424,3881310.541,0.179,0.520457,gps_course,15,15.911,,,,,,,0.000000,0.0000,,,STOP_ROUTE_ERROR
87.429497,129.088828833333,35.074518500000,508098.424,3881310.541,0.179,0.520457,gps_course,15,15.911,,,,,,,0.000000,0.0000,,,STOP_ROUTE_ERROR
87.477503,129.088828833333,35.074518500000,508098.424,3881310.541,0.179,0.520457,gps_course,15,15.911,,,,,,,0.000000,0.0000,,,STOP_ROUTE_ERROR
87.527864,129.088828833333,35.074518500000,508098.424,3881310.541,0.179,0.520457,gps_course,15,15.911,,,,,,,0.000000,0.0000,,,STOP_ROUTE_ERROR
87.577488,129.088829500000,35.074518666667,508098.484,3881310.560,0.213,0.443139,gps_course,15,15.973,,,,,,,0.000000,0.0000,,,STOP_ROUTE_ERROR
87.628211,129.088829500000,35.074518666667,508098.484,3881310.560,0.213,0.443139,gps_course,15,15.973,,,,,,,0.000000,0.0000,,,STOP_ROUTE_ERROR
87.678603,129.088829500000,35.074518666667,508098.484,3881310.560,0.213,0.443139,gps_course,15,15.973,,,,,,,0.000000,0.0000,,,STOP_ROUTE_ERROR
87.727540,129.088829500000,35.074518666667,508098.484,3881310.560,0.213,0.443139,gps_course,15,15.973,,,,,,,0.000000,0.0000,,,STOP_ROUTE_ERROR
87.777715,129.088829500000,35.074518666667,508098.484,3881310.560,0.213,0.443139,gps_course,15,15.973,,,,,,,0.000000,0.0000,,,STOP_ROUTE_ERROR
87.827367,129.088830000000,35.074519000000,508098.530,3881310.597,0.240,0.548557,gps_course,15,16.031,,,,,,,0.000000,0.0000,,,STOP_ROUTE_ERROR
87.877759,129.088830000000,35.074519000000,508098.530,3881310.597,0.240,0.548557,gps_course,15,16.031,,,,,,,0.000000,0.0000,,,STOP_ROUTE_ERROR
87.927503,129.088830000000,35.074519000000,508098.530,3881310.597,0.240,0.548557,gps_course,15,16.031,,,,,,,0.000000,0.0000,,,STOP_ROUTE_ERROR
87.977683,129.088830000000,35.074519000000,508098.530,3881310.597,0.240,0.548557,gps_course,15,16.031,,,,,,,0.000000,0.0000,,,STOP_ROUTE_ERROR
88.027492,129.088830000000,35.074519000000,508098.530,3881310.597,0.240,0.548557,gps_course,15,16.031,,,,,,,0.000000,0.0000,,,STOP_ROUTE_ERROR
88.077481,129.088830000000,35.074519000000,508098.530,3881310.597,0.240,0.548557,gps_course,15,16.031,,,,,,,0.000000,0.0000,,,STOP_ROUTE_ERROR
88.128003,129.088830666667,35.074519333333,508098.591,3881310.634,0.274,0.533896,gps_course,15,16.102,,,,,,,0.000000,0.0000,,,STOP_ROUTE_ERROR
88.177451,129.088830666667,35.074519333333,508098.591,3881310.634,0.274,0.533896,gps_course,15,16.102,,,,,,,0.000000,0.0000,,,STOP_ROUTE_ERROR
88.228804,129.088830666667,35.074519333333,508098.591,3881310.634,0.274,0.533896,gps_course,15,16.102,,,,,,,0.000000,0.0000,,,STOP_ROUTE_ERROR
88.277639,129.088830666667,35.074519333333,508098.591,3881310.634,0.274,0.533896,gps_course,15,16.102,,,,,,,0.000000,0.0000,,,STOP_ROUTE_ERROR
88.328194,129.088830666667,35.074519333333,508098.591,3881310.634,0.274,0.533896,gps_course,15,16.102,,,,,,,0.000000,0.0000,,,STOP_ROUTE_ERROR
88.377658,129.088831500000,35.074519666667,508098.667,3881310.671,0.324,0.491485,gps_course,15,16.186,,,,,,,0.000000,0.0000,,,STOP_ROUTE_ERROR
88.427929,129.088831500000,35.074519666667,508098.667,3881310.671,0.324,0.491485,gps_course,15,16.186,,,,,,,0.000000,0.0000,,,STOP_ROUTE_ERROR
88.477667,129.088831500000,35.074519666667,508098.667,3881310.671,0.324,0.491485,gps_course,15,16.186,,,,,,,0.000000,0.0000,,,STOP_ROUTE_ERROR
88.527565,129.088831500000,35.074519666667,508098.667,3881310.671,0.324,0.491485,gps_course,15,16.186,,,,,,,0.000000,0.0000,,,STOP_ROUTE_ERROR
88.577476,129.088832166667,35.074520000000,508098.727,3881310.708,0.336,0.423766,gps_course,15,16.257,,,,,,,0.000000,0.0000,,,STOP_ROUTE_ERROR
88.627518,129.088832166667,35.074520000000,508098.727,3881310.708,0.336,0.423766,gps_course,15,16.257,,,,,,,0.000000,0.0000,,,STOP_ROUTE_ERROR
88.677631,129.088832166667,35.074520000000,508098.727,3881310.708,0.336,0.423766,gps_course,15,16.257,,,,,,,0.000000,0.0000,,,STOP_ROUTE_ERROR
88.727409,129.088832166667,35.074520000000,508098.727,3881310.708,0.336,0.423766,gps_course,15,16.257,,,,,,,0.000000,0.0000,,,STOP_ROUTE_ERROR
88.777641,129.088832166667,35.074520000000,508098.727,3881310.708,0.336,0.423766,gps_course,15,16.257,,,,,,,0.000000,0.0000,,,STOP_ROUTE_ERROR
88.827623,129.088833166667,35.074520333333,508098.819,3881310.745,0.361,0.559378,gps_course,15,16.355,,,,,,,0.000000,0.0000,,,STOP_ROUTE_ERROR
88.877739,129.088833166667,35.074520333333,508098.819,3881310.745,0.361,0.559378,gps_course,15,16.355,,,,,,,0.000000,0.0000,,,STOP_ROUTE_ERROR
88.927560,129.088833166667,35.074520333333,508098.819,3881310.745,0.361,0.559378,gps_course,15,16.355,,,,,,,0.000000,0.0000,,,STOP_ROUTE_ERROR
88.977500,129.088833166667,35.074520333333,508098.819,3881310.745,0.361,0.559378,gps_course,15,16.355,,,,,,,0.000000,0.0000,,,STOP_ROUTE_ERROR
89.028071,129.088833166667,35.074520333333,508098.819,3881310.745,0.361,0.559378,gps_course,15,16.355,,,,,,,0.000000,0.0000,,,STOP_ROUTE_ERROR
89.077509,129.088833166667,35.074520333333,508098.819,3881310.745,0.361,0.559378,gps_course,15,16.355,,,,,,,0.000000,0.0000,,,STOP_ROUTE_ERROR
89.128214,129.088834166667,35.074520833333,508098.910,3881310.800,0.405,0.433191,gps_course,15,16.462,,,,,,,0.000000,0.0000,,,STOP_ROUTE_ERROR
89.177538,129.088834166667,35.074520833333,508098.910,3881310.800,0.405,0.433191,gps_course,15,16.462,,,,,,,0.000000,0.0000,,,STOP_ROUTE_ERROR
89.228934,129.088834166667,35.074520833333,508098.910,3881310.800,0.405,0.433191,gps_course,15,16.462,,,,,,,0.000000,0.0000,,,STOP_ROUTE_ERROR
89.277771,129.088834166667,35.074520833333,508098.910,3881310.800,0.405,0.433191,gps_course,15,16.462,,,,,,,0.000000,0.0000,,,STOP_ROUTE_ERROR
89.327516,129.088835166667,35.074521166667,508099.001,3881310.837,0.441,0.452738,gps_course,15,16.560,,,,,,,0.000000,0.0000,,,STOP_ROUTE_ERROR
89.377863,129.088835166667,35.074521166667,508099.001,3881310.837,0.441,0.452738,gps_course,15,16.560,,,,,,,0.000000,0.0000,,,STOP_ROUTE_ERROR
89.427578,129.088835166667,35.074521166667,508099.001,3881310.837,0.441,0.452738,gps_course,15,16.560,,,,,,,0.000000,0.0000,,,STOP_ROUTE_ERROR
89.478039,129.088835166667,35.074521166667,508099.001,3881310.837,0.441,0.452738,gps_course,15,16.560,,,,,,,0.000000,0.0000,,,STOP_ROUTE_ERROR
89.527491,129.088835166667,35.074521166667,508099.001,3881310.837,0.441,0.452738,gps_course,15,16.560,,,,,,,0.000000,0.0000,,,STOP_ROUTE_ERROR
89.577301,129.088836333333,35.074521666667,508099.107,3881310.893,0.466,0.520981,gps_course,15,16.679,,,,,,,0.000000,0.0000,,,STOP_ROUTE_ERROR
89.627510,129.088836333333,35.074521666667,508099.107,3881310.893,0.466,0.520981,gps_course,15,16.679,,,,,,,0.000000,0.0000,,,STOP_ROUTE_ERROR
89.677496,129.088836333333,35.074521666667,508099.107,3881310.893,0.466,0.520981,gps_course,15,16.679,,,,,,,0.000000,0.0000,,,STOP_ROUTE_ERROR
89.727474,129.088836333333,35.074521666667,508099.107,3881310.893,0.466,0.520981,gps_course,15,16.679,,,,,,,0.000000,0.0000,,,STOP_ROUTE_ERROR
89.777513,129.088836333333,35.074521666667,508099.107,3881310.893,0.466,0.520981,gps_course,15,16.679,,,,,,,0.000000,0.0000,,,STOP_ROUTE_ERROR
89.828657,129.088836333333,35.074521666667,508099.107,3881310.893,0.520,0.462163,gps_course,15,16.679,,,,,,,0.000000,0.0000,,,STOP_ROUTE_ERROR
89.877508,129.088837666667,35.074522166667,508099.229,3881310.949,0.520,0.462163,gps_course,15,16.813,,,,,,,0.000000,0.0000,,,STOP_ROUTE_ERROR
89.927555,129.088837666667,35.074522166667,508099.229,3881310.949,0.520,0.462163,gps_course,15,16.813,,,,,,,0.000000,0.0000,,,STOP_ROUTE_ERROR
89.977484,129.088837666667,35.074522166667,508099.229,3881310.949,0.520,0.462163,gps_course,15,16.813,,,,,,,0.000000,0.0000,,,STOP_ROUTE_ERROR
90.027573,129.088837666667,35.074522166667,508099.229,3881310.949,0.520,0.462163,gps_course,15,16.813,,,,,,,0.000000,0.0000,,,STOP_ROUTE_ERROR
90.077499,129.088837666667,35.074522166667,508099.229,3881310.949,0.520,0.462163,gps_course,15,16.813,,,,,,,0.000000,0.0000,,,STOP_ROUTE_ERROR
90.127517,129.088839000000,35.074522833333,508099.350,3881311.023,0.533,0.478220,gps_course,15,16.955,,,,,,,0.000000,0.0000,,,STOP_ROUTE_ERROR
90.178151,129.088839000000,35.074522833333,508099.350,3881311.023,0.533,0.478220,gps_course,15,16.955,,,,,,,0.000000,0.0000,,,STOP_ROUTE_ERROR
90.227442,129.088839000000,35.074522833333,508099.350,3881311.023,0.533,0.478220,gps_course,15,16.955,,,,,,,0.000000,0.0000,,,STOP_ROUTE_ERROR
90.277758,129.088839000000,35.074522833333,508099.350,3881311.023,0.533,0.478220,gps_course,15,16.955,,,,,,,0.000000,0.0000,,,STOP_ROUTE_ERROR
90.327399,129.088840333333,35.074523500000,508099.472,3881311.097,0.605,0.518537,gps_course,15,17.097,,,,,,,0.000000,0.0000,,,STOP_ROUTE_ERROR
90.377624,129.088840333333,35.074523500000,508099.472,3881311.097,0.605,0.518537,gps_course,15,17.097,,,,,,,0.000000,0.0000,,,STOP_ROUTE_ERROR
90.427524,129.088840333333,35.074523500000,508099.472,3881311.097,0.605,0.518537,gps_course,15,17.097,,,,,,,0.000000,0.0000,,,STOP_ROUTE_ERROR
90.477480,129.088840333333,35.074523500000,508099.472,3881311.097,0.605,0.518537,gps_course,15,17.097,,,,,,,0.000000,0.0000,,,STOP_ROUTE_ERROR
90.527631,129.088840333333,35.074523500000,508099.472,3881311.097,0.605,0.518537,gps_course,15,17.097,,,,,,,0.000000,0.0000,,,STOP_ROUTE_ERROR
90.577494,129.088841833333,35.074524000000,508099.608,3881311.152,0.615,0.489565,gps_course,15,17.244,,,,,,,0.000000,0.0000,,,STOP_ROUTE_ERROR
90.628587,129.088841833333,35.074524000000,508099.608,3881311.152,0.615,0.489565,gps_course,15,17.244,,,,,,,0.000000,0.0000,,,STOP_ROUTE_ERROR
90.677449,129.088841833333,35.074524000000,508099.608,3881311.152,0.615,0.489565,gps_course,15,17.244,,,,,,,0.000000,0.0000,,,STOP_ROUTE_ERROR
90.730323,129.088841833333,35.074524000000,508099.608,3881311.152,0.615,0.489565,gps_course,15,17.244,,,,,,,0.000000,0.0000,,,STOP_ROUTE_ERROR
90.777469,129.088841833333,35.074524000000,508099.608,3881311.152,0.615,0.489565,gps_course,15,17.244,,,,,,,0.000000,0.0000,,,STOP_ROUTE_ERROR
90.827535,129.088841833333,35.074524000000,508099.608,3881311.152,0.615,0.489565,gps_course,15,17.244,,,,,,,0.000000,0.0000,,,STOP_ROUTE_ERROR
90.877687,129.088843500000,35.074524666667,508099.760,3881311.226,0.652,0.483282,gps_course,15,17.413,,,,,,,0.000000,0.0000,,,STOP_ROUTE_ERROR
90.927552,129.088843500000,35.074524666667,508099.760,3881311.226,0.652,0.483282,gps_course,15,17.413,,,,,,,0.000000,0.0000,,,STOP_ROUTE_ERROR
90.977731,129.088843500000,35.074524666667,508099.760,3881311.226,0.652,0.483282,gps_course,15,17.413,,,,,,,0.000000,0.0000,,,STOP_ROUTE_ERROR
91.027527,129.088843500000,35.074524666667,508099.760,3881311.226,0.652,0.483282,gps_course,15,17.413,,,,,,,0.000000,0.0000,,,STOP_ROUTE_ERROR
91.077502,129.088843500000,35.074524666667,508099.760,3881311.226,0.652,0.483282,gps_course,15,17.413,,,,,,,0.000000,0.0000,,,STOP_ROUTE_ERROR
91.127518,129.088845166667,35.074525333333,508099.912,3881311.300,0.685,0.424115,gps_course,15,17.581,,,,,,,0.000000,0.0000,,,STOP_ROUTE_ERROR
91.177689,129.088845166667,35.074525333333,508099.912,3881311.300,0.685,0.424115,gps_course,15,17.581,,,,,,,0.000000,0.0000,,,STOP_ROUTE_ERROR
91.227506,129.088845166667,35.074525333333,508099.912,3881311.300,0.685,0.424115,gps_course,15,17.581,,,,,,,0.000000,0.0000,,,STOP_ROUTE_ERROR
91.277499,129.088845166667,35.074525333333,508099.912,3881311.300,0.685,0.424115,gps_course,15,17.581,,,,,,,0.000000,0.0000,,,STOP_ROUTE_ERROR
91.327636,129.088847000000,35.074526166667,508100.079,3881311.393,0.733,0.492706,gps_course,15,17.772,,,,,,,0.000000,0.0000,,,STOP_ROUTE_ERROR
91.377552,129.088847000000,35.074526166667,508100.079,3881311.393,0.733,0.492706,gps_course,15,17.772,,,,,,,0.000000,0.0000,,,STOP_ROUTE_ERROR
91.427816,129.088847000000,35.074526166667,508100.079,3881311.393,0.733,0.492706,gps_course,15,17.772,,,,,,,0.000000,0.0000,,,STOP_ROUTE_ERROR
91.477547,129.088847000000,35.074526166667,508100.079,3881311.393,0.733,0.492706,gps_course,15,17.772,,,,,,,0.000000,0.0000,,,STOP_ROUTE_ERROR
91.527871,129.088847000000,35.074526166667,508100.079,3881311.393,0.733,0.492706,gps_course,15,17.772,,,,,,,0.000000,0.0000,,,STOP_ROUTE_ERROR
91.577636,129.088848833333,35.074526833333,508100.246,3881311.467,0.762,0.486947,gps_course,15,17.955,,,,,,,0.000000,0.0000,,,STOP_ROUTE_ERROR
91.627539,129.088848833333,35.074526833333,508100.246,3881311.467,0.762,0.486947,gps_course,15,17.955,,,,,,,0.000000,0.0000,,,STOP_ROUTE_ERROR
91.677651,129.088848833333,35.074526833333,508100.246,3881311.467,0.762,0.486947,gps_course,15,17.955,,,,,,,0.000000,0.0000,,,STOP_ROUTE_ERROR
91.727592,129.088848833333,35.074526833333,508100.246,3881311.467,0.762,0.486947,gps_course,15,17.955,,,,,,,0.000000,0.0000,,,STOP_ROUTE_ERROR
91.777586,129.088848833333,35.074526833333,508100.246,3881311.467,0.762,0.486947,gps_course,15,17.955,,,,,,,0.000000,0.0000,,,STOP_ROUTE_ERROR
91.827471,129.088850666667,35.074527666667,508100.413,3881311.559,0.772,0.486249,gps_course,15,18.146,,,,,,,0.000000,0.0000,,,STOP_ROUTE_ERROR
91.877721,129.088850666667,35.074527666667,508100.413,3881311.559,0.772,0.486249,gps_course,15,18.146,,,,,,,0.000000,0.0000,,,STOP_ROUTE_ERROR
91.928053,129.088850666667,35.074527666667,508100.413,3881311.559,0.772,0.486249,gps_course,15,18.146,,,,,,,0.000000,0.0000,,,STOP_ROUTE_ERROR
91.977651,129.088850666667,35.074527666667,508100.413,3881311.559,0.772,0.486249,gps_course,15,18.146,,,,,,,0.000000,0.0000,,,STOP_ROUTE_ERROR
92.027520,129.088850666667,35.074527666667,508100.413,3881311.559,0.772,0.486249,gps_course,15,18.146,,,,,,,0.000000,0.0000,,,STOP_ROUTE_ERROR
92.077516,129.088850666667,35.074527666667,508100.413,3881311.559,0.772,0.486249,gps_course,15,18.146,,,,,,,0.000000,0.0000,,,STOP_ROUTE_ERROR
92.127733,129.088852666667,35.074528333333,508100.596,3881311.634,0.786,0.388161,gps_course,15,18.341,,,,,,,0.000000,0.0000,,,STOP_ROUTE_ERROR
92.177552,129.088852666667,35.074528333333,508100.596,3881311.634,0.786,0.388161,gps_course,15,18.341,,,,,,,0.000000,0.0000,,,STOP_ROUTE_ERROR
92.227758,129.088852666667,35.074528333333,508100.596,3881311.634,0.786,0.388161,gps_course,15,18.341,,,,,,,0.000000,0.0000,,,STOP_ROUTE_ERROR
92.277480,129.088852666667,35.074528333333,508100.596,3881311.634,0.786,0.388161,gps_course,15,18.341,,,,,,,0.000000,0.0000,,,STOP_ROUTE_ERROR
92.327574,129.088854833333,35.074528833333,508100.793,3881311.689,0.823,0.315381,gps_course,15,18.542,,,,,,,0.000000,0.0000,,,STOP_ROUTE_ERROR
92.377485,129.088854833333,35.074528833333,508100.793,3881311.689,0.823,0.315381,gps_course,15,18.542,,,,,,,0.000000,0.0000,,,STOP_ROUTE_ERROR
92.427576,129.088854833333,35.074528833333,508100.793,3881311.689,0.823,0.315381,gps_course,15,18.542,,,,,,,0.000000,0.0000,,,STOP_ROUTE_ERROR
92.477639,129.088854833333,35.074528833333,508100.793,3881311.689,0.823,0.315381,gps_course,15,18.542,,,,,,,0.000000,0.0000,,,STOP_ROUTE_ERROR
92.527621,129.088854833333,35.074528833333,508100.793,3881311.689,0.823,0.315381,gps_course,15,18.542,,,,,,,0.000000,0.0000,,,STOP_ROUTE_ERROR
92.577526,129.088857166667,35.074529333333,508101.006,3881311.745,0.835,0.246440,gps_course,15,18.756,,,,,,,0.000000,0.0000,,,STOP_ROUTE_ERROR
92.627449,129.088857166667,35.074529333333,508101.006,3881311.745,0.835,0.246440,gps_course,15,18.756,,,,,,,0.000000,0.0000,,,STOP_ROUTE_ERROR
92.677553,129.088857166667,35.074529333333,508101.006,3881311.745,0.835,0.246440,gps_course,15,18.756,,,,,,,0.000000,0.0000,,,STOP_ROUTE_ERROR
92.727367,129.088857166667,35.074529333333,508101.006,3881311.745,0.835,0.246440,gps_course,15,18.756,,,,,,,0.000000,0.0000,,,STOP_ROUTE_ERROR
92.777665,129.088857166667,35.074529333333,508101.006,3881311.745,0.835,0.246440,gps_course,15,18.756,,,,,,,0.000000,0.0000,,,STOP_ROUTE_ERROR
92.827591,129.088857166667,35.074529333333,508101.006,3881311.745,0.835,0.246440,gps_course,15,18.756,,,,,,,0.000000,0.0000,,,STOP_ROUTE_ERROR
92.877537,129.088859500000,35.074529666667,508101.218,3881311.782,0.872,0.175406,gps_course,15,18.962,,,,,,,0.000000,0.0000,,,STOP_ROUTE_ERROR
92.927582,129.088859500000,35.074529666667,508101.218,3881311.782,0.872,0.175406,gps_course,15,18.962,,,,,,,0.000000,0.0000,,,STOP_ROUTE_ERROR
92.977477,129.088859500000,35.074529666667,508101.218,3881311.782,0.872,0.175406,gps_course,15,18.962,,,,,,,0.000000,0.0000,,,STOP_ROUTE_ERROR
93.028636,129.088859500000,35.074529666667,508101.218,3881311.782,0.872,0.175406,gps_course,15,18.962,,,,,,,0.000000,0.0000,,,STOP_ROUTE_ERROR
93.077506,129.088859500000,35.074529666667,508101.218,3881311.782,0.872,0.175406,gps_course,15,18.962,,,,,,,0.000000,0.0000,,,STOP_ROUTE_ERROR
93.127660,129.088862000000,35.074529666667,508101.446,3881311.782,0.917,0.070511,gps_course,15,19.165,,,,,,,0.000000,0.0000,,,STOP_ROUTE_ERROR
93.177472,129.088862000000,35.074529666667,508101.446,3881311.782,0.917,0.070511,gps_course,15,19.165,,,,,,,0.000000,0.0000,,,STOP_ROUTE_ERROR
93.227628,129.088862000000,35.074529666667,508101.446,3881311.782,0.917,0.070511,gps_course,15,19.165,,,,,,,0.000000,0.0000,,,STOP_ROUTE_ERROR
93.277657,129.088862000000,35.074529666667,508101.446,3881311.782,0.917,0.070511,gps_course,15,19.165,,,,,,,0.000000,0.0000,,,STOP_ROUTE_ERROR
93.327740,129.088864666667,35.074529666667,508101.689,3881311.782,0.940,-0.000349,gps_course,15,19.381,,,,,,,0.000000,0.0000,,,STOP_ROUTE_ERROR
93.377673,129.088864666667,35.074529666667,508101.689,3881311.782,0.940,-0.000349,gps_course,15,19.381,,,,,,,0.000000,0.0000,,,STOP_ROUTE_ERROR
93.427506,129.088864666667,35.074529666667,508101.689,3881311.782,0.940,-0.000349,gps_course,15,19.381,,,,,,,0.000000,0.0000,,,STOP_ROUTE_ERROR
93.477613,129.088864666667,35.074529666667,508101.689,3881311.782,0.940,-0.000349,gps_course,15,19.381,,,,,,,0.000000,0.0000,,,STOP_ROUTE_ERROR
93.528309,129.088864666667,35.074529666667,508101.689,3881311.782,0.940,-0.000349,gps_course,15,19.381,,,,,,,0.000000,0.0000,,,STOP_ROUTE_ERROR
93.578704,129.088867166667,35.074529500000,508101.917,3881311.764,0.961,-0.134390,gps_course,15,19.577,,,,,,,0.000000,0.0000,,,STOP_ROUTE_ERROR
93.627497,129.088867166667,35.074529500000,508101.917,3881311.764,0.961,-0.134390,gps_course,15,19.577,,,,,,,0.000000,0.0000,,,STOP_ROUTE_ERROR
93.677531,129.088867166667,35.074529500000,508101.917,3881311.764,0.961,-0.134390,gps_course,15,19.577,,,,,,,0.000000,0.0000,,,STOP_ROUTE_ERROR
93.727563,129.088867166667,35.074529500000,508101.917,3881311.764,0.961,-0.134390,gps_course,15,19.577,,,,,,,0.000000,0.0000,,,STOP_ROUTE_ERROR
93.777448,129.088867166667,35.074529500000,508101.917,3881311.764,0.961,-0.134390,gps_course,15,19.577,,,,,,,0.000000,0.0000,,,STOP_ROUTE_ERROR
93.828804,129.088868166667,35.074529333333,508102.009,3881311.746,0.338,-0.148353,gps_course,15,19.650,,,,,,,0.000000,0.0000,,,STOP_ROUTE_ERROR
93.877537,129.088868166667,35.074529333333,508102.009,3881311.746,0.338,-0.148353,gps_course,15,19.650,,,,,,,0.000000,0.0000,,,STOP_ROUTE_ERROR
93.927550,129.088868166667,35.074529333333,508102.009,3881311.746,0.338,-0.148353,gps_course,15,19.650,,,,,,,0.000000,0.0000,,,STOP_ROUTE_ERROR
93.977624,129.088868166667,35.074529333333,508102.009,3881311.746,0.338,-0.148353,gps_course,15,19.650,,,,,,,0.000000,0.0000,,,STOP_ROUTE_ERROR
94.027535,129.088868166667,35.074529333333,508102.009,3881311.746,0.338,-0.148353,gps_course,15,19.650,,,,,,,0.000000,0.0000,,,STOP_ROUTE_ERROR
94.077492,129.088868166667,35.074529333333,508102.009,3881311.746,0.338,-0.148353,gps_course,15,19.650,,,,,,,0.000000,0.0000,,,STOP_ROUTE_ERROR
94.127583,129.088868166667,35.074529333333,508102.009,3881311.746,0.061,-0.148353,gps_course,15,19.650,,,,,,,0.000000,0.0000,,,STOP_ROUTE_ERROR
94.177682,129.088868166667,35.074529333333,508102.009,3881311.746,0.061,-0.148353,gps_course,15,19.650,,,,,,,0.000000,0.0000,,,STOP_ROUTE_ERROR
94.227488,129.088868166667,35.074529333333,508102.009,3881311.746,0.061,-0.148353,gps_course,15,19.650,,,,,,,0.000000,0.0000,,,STOP_ROUTE_ERROR
94.277768,129.088868166667,35.074529333333,508102.009,3881311.746,0.061,-0.148353,gps_course,15,19.650,,,,,,,0.000000,0.0000,,,STOP_ROUTE_ERROR
94.327598,129.088868166667,35.074529333333,508102.009,3881311.746,0.029,-0.148353,gps_course,15,19.650,,,,,,,0.000000,0.0000,,,STOP_ROUTE_ERROR
94.377819,129.088868166667,35.074529333333,508102.009,3881311.746,0.029,-0.148353,gps_course,15,19.650,,,,,,,0.000000,0.0000,,,STOP_ROUTE_ERROR
94.427523,129.088868166667,35.074529333333,508102.009,3881311.746,0.029,-0.148353,gps_course,15,19.650,,,,,,,0.000000,0.0000,,,STOP_ROUTE_ERROR
94.477508,129.088868166667,35.074529333333,508102.009,3881311.746,0.029,-0.148353,gps_course,15,19.650,,,,,,,0.000000,0.0000,,,STOP_ROUTE_ERROR
94.527967,129.088868166667,35.074529333333,508102.009,3881311.746,0.029,-0.148353,gps_course,15,19.650,,,,,,,0.000000,0.0000,,,STOP_ROUTE_ERROR
94.577466,129.088868000000,35.074529333333,508101.993,3881311.746,0.042,-0.148353,gps_course,15,19.637,,,,,,,0.000000,0.0000,,,STOP_ROUTE_ERROR
94.627833,129.088868000000,35.074529333333,508101.993,3881311.746,0.042,-0.148353,gps_course,15,19.637,,,,,,,0.000000,0.0000,,,STOP_ROUTE_ERROR
94.677538,129.088868000000,35.074529333333,508101.993,3881311.746,0.042,-0.148353,gps_course,15,19.637,,,,,,,0.000000,0.0000,,,STOP_ROUTE_ERROR
94.727598,129.088868000000,35.074529333333,508101.993,3881311.746,0.042,-0.148353,gps_course,15,19.637,,,,,,,0.000000,0.0000,,,STOP_ROUTE_ERROR
94.777487,129.088868000000,35.074529333333,508101.993,3881311.746,0.042,-0.148353,gps_course,15,19.637,,,,,,,0.000000,0.0000,,,STOP_ROUTE_ERROR
94.827615,129.088868000000,35.074529333333,508101.993,3881311.746,0.012,-0.148353,gps_course,15,19.637,,,,,,,0.000000,0.0000,,,STOP_ROUTE_ERROR
94.877593,129.088868000000,35.074529333333,508101.993,3881311.746,0.012,-0.148353,gps_course,15,19.637,,,,,,,0.000000,0.0000,,,STOP_ROUTE_ERROR
94.927601,129.088868000000,35.074529333333,508101.993,3881311.746,0.012,-0.148353,gps_course,15,19.637,,,,,,,0.000000,0.0000,,,STOP_ROUTE_ERROR
94.977678,129.088868000000,35.074529333333,508101.993,3881311.746,0.012,-0.148353,gps_course,15,19.637,,,,,,,0.000000,0.0000,,,STOP_ROUTE_ERROR
95.027476,129.088868000000,35.074529333333,508101.993,3881311.746,0.012,-0.148353,gps_course,15,19.637,,,,,,,0.000000,0.0000,,,STOP_ROUTE_ERROR
95.077596,129.088868000000,35.074529333333,508101.993,3881311.746,0.031,-0.148353,gps_course,15,19.637,,,,,,,0.000000,0.0000,,,STOP_ROUTE_ERROR
95.127493,129.088868000000,35.074529333333,508101.993,3881311.746,0.031,-0.148353,gps_course,15,19.637,,,,,,,0.000000,0.0000,,,STOP_ROUTE_ERROR
95.177664,129.088868000000,35.074529333333,508101.993,3881311.746,0.031,-0.148353,gps_course,15,19.637,,,,,,,0.000000,0.0000,,,STOP_ROUTE_ERROR
95.227468,129.088868000000,35.074529333333,508101.993,3881311.746,0.031,-0.148353,gps_course,15,19.637,,,,,,,0.000000,0.0000,,,STOP_ROUTE_ERROR
95.278123,129.088868000000,35.074529333333,508101.993,3881311.746,0.031,-0.148353,gps_course,15,19.637,,,,,,,0.000000,0.0000,,,STOP_ROUTE_ERROR
95.327505,129.088868166667,35.074529333333,508102.009,3881311.746,0.041,-0.148353,gps_course,15,19.650,,,,,,,0.000000,0.0000,,,STOP_ROUTE_ERROR
95.377539,129.088868166667,35.074529333333,508102.009,3881311.746,0.041,-0.148353,gps_course,15,19.650,,,,,,,0.000000,0.0000,,,STOP_ROUTE_ERROR
95.428014,129.088868166667,35.074529333333,508102.009,3881311.746,0.041,-0.148353,gps_course,15,19.650,,,,,,,0.000000,0.0000,,,STOP_ROUTE_ERROR
95.477497,129.088868166667,35.074529333333,508102.009,3881311.746,0.041,-0.148353,gps_course,15,19.650,,,,,,,0.000000,0.0000,,,STOP_ROUTE_ERROR
95.528485,129.088868166667,35.074529333333,508102.009,3881311.746,0.041,-0.148353,gps_course,15,19.650,,,,,,,0.000000,0.0000,,,STOP_ROUTE_ERROR
95.577505,129.088868500000,35.074529333333,508102.039,3881311.746,0.041,-0.148353,gps_course,15,19.678,,,,,,,0.000000,0.0000,,,STOP_ROUTE_ERROR
95.627615,129.088868500000,35.074529333333,508102.039,3881311.746,0.041,-0.148353,gps_course,15,19.678,,,,,,,0.000000,0.0000,,,STOP_ROUTE_ERROR
95.677685,129.088868500000,35.074529333333,508102.039,3881311.746,0.041,-0.148353,gps_course,15,19.678,,,,,,,0.000000,0.0000,,,STOP_ROUTE_ERROR
95.727401,129.088868500000,35.074529333333,508102.039,3881311.746,0.041,-0.148353,gps_course,15,19.678,,,,,,,0.000000,0.0000,,,STOP_ROUTE_ERROR
95.778065,129.088868500000,35.074529333333,508102.039,3881311.746,0.041,-0.148353,gps_course,15,19.678,,,,,,,0.000000,0.0000,,,STOP_ROUTE_ERROR
95.827437,129.088868666667,35.074529166667,508102.054,3881311.727,0.041,-0.148353,gps_course,15,19.683,,,,,,,0.000000,0.0000,,,STOP_ROUTE_ERROR
95.877617,129.088868666667,35.074529166667,508102.054,3881311.727,0.041,-0.148353,gps_course,15,19.683,,,,,,,0.000000,0.0000,,,STOP_ROUTE_ERROR
95.927628,129.088868666667,35.074529166667,508102.054,3881311.727,0.041,-0.148353,gps_course,15,19.683,,,,,,,0.000000,0.0000,,,STOP_ROUTE_ERROR
95.977560,129.088868666667,35.074529166667,508102.054,3881311.727,0.041,-0.148353,gps_course,15,19.683,,,,,,,0.000000,0.0000,,,STOP_ROUTE_ERROR
96.027632,129.088868666667,35.074529166667,508102.054,3881311.727,0.041,-0.148353,gps_course,15,19.683,,,,,,,0.000000,0.0000,,,STOP_ROUTE_ERROR
96.077581,129.088868666667,35.074529166667,508102.054,3881311.727,0.041,-0.148353,gps_course,15,19.683,,,,,,,0.000000,0.0000,,,STOP_ROUTE_ERROR
96.127666,129.088869166667,35.074529166667,508102.100,3881311.727,0.158,0.609457,gps_course,15,19.724,,,,,,,0.000000,0.0000,,,STOP_ROUTE_ERROR
96.177507,129.088869166667,35.074529166667,508102.100,3881311.727,0.158,0.609457,gps_course,15,19.724,,,,,,,0.000000,0.0000,,,STOP_ROUTE_ERROR
96.229086,129.088869166667,35.074529166667,508102.100,3881311.727,0.158,0.609457,gps_course,15,19.724,,,,,,,0.000000,0.0000,,,STOP_ROUTE_ERROR
96.277511,129.088869166667,35.074529166667,508102.100,3881311.727,0.158,0.609457,gps_course,15,19.724,,,,,,,0.000000,0.0000,,,STOP_ROUTE_ERROR
96.330123,129.088869666667,35.074529166667,508102.145,3881311.727,0.158,0.609457,gps_course,15,19.765,,,,,,,0.000000,0.0000,,,STOP_ROUTE_ERROR
96.377520,129.088869666667,35.074529166667,508102.145,3881311.727,0.158,0.609457,gps_course,15,19.765,,,,,,,0.000000,0.0000,,,STOP_ROUTE_ERROR
96.427546,129.088869666667,35.074529166667,508102.145,3881311.727,0.158,0.609457,gps_course,15,19.765,,,,,,,0.000000,0.0000,,,STOP_ROUTE_ERROR
96.477643,129.088869666667,35.074529166667,508102.145,3881311.727,0.158,0.609457,gps_course,15,19.765,,,,,,,0.000000,0.0000,,,STOP_ROUTE_ERROR
96.527542,129.088869666667,35.074529166667,508102.145,3881311.727,0.158,0.609457,gps_course,15,19.765,,,,,,,0.000000,0.0000,,,STOP_ROUTE_ERROR
96.577687,129.088870166667,35.074529000000,508102.191,3881311.709,0.209,0.119202,gps_course,15,19.798,,,,,,,0.000000,0.0000,,,STOP_ROUTE_ERROR
96.627446,129.088870166667,35.074529000000,508102.191,3881311.709,0.209,0.119202,gps_course,15,19.798,,,,,,,0.000000,0.0000,,,STOP_ROUTE_ERROR
96.677625,129.088870166667,35.074529000000,508102.191,3881311.709,0.209,0.119202,gps_course,15,19.798,,,,,,,0.000000,0.0000,,,STOP_ROUTE_ERROR
96.727645,129.088870166667,35.074529000000,508102.191,3881311.709,0.209,0.119202,gps_course,15,19.798,,,,,,,0.000000,0.0000,,,STOP_ROUTE_ERROR
96.777683,129.088870166667,35.074529000000,508102.191,3881311.709,0.209,0.119202,gps_course,15,19.798,,,,,,,0.000000,0.0000,,,STOP_ROUTE_ERROR
96.827426,129.088870833333,35.074528833333,508102.252,3881311.691,0.242,-0.131315,gps_course,15,19.845,,,,,,,0.000000,0.0000,,,STOP_ROUTE_ERROR
96.877603,129.088870833333,35.074528833333,508102.252,3881311.691,0.242,-0.131315,gps_course,15,19.845,,,,,,,0.000000,0.0000,,,STOP_ROUTE_ERROR
96.927920,129.088870833333,35.074528833333,508102.252,3881311.691,0.242,-0.131315,gps_course,15,19.845,,,,,,,0.000000,0.0000,,,STOP_ROUTE_ERROR
96.977497,129.088870833333,35.074528833333,508102.252,3881311.691,0.242,-0.131315,gps_course,15,19.845,,,,,,,0.000000,0.0000,,,STOP_ROUTE_ERROR
97.029296,129.088870833333,35.074528833333,508102.252,3881311.691,0.242,-0.131315,gps_course,15,19.845,,,,,,,0.000000,0.0000,,,STOP_ROUTE_ERROR
97.077499,129.088870833333,35.074528833333,508102.252,3881311.691,0.242,-0.131315,gps_course,15,19.845,,,,,,,0.000000,0.0000,,,STOP_ROUTE_ERROR
97.128509,129.088871500000,35.074528666667,508102.313,3881311.672,0.264,-0.167901,gps_course,15,19.891,,,,,,,0.000000,0.0000,,,STOP_ROUTE_ERROR
97.177474,129.088871500000,35.074528666667,508102.313,3881311.672,0.264,-0.167901,gps_course,15,19.891,,,,,,,0.000000,0.0000,,,STOP_ROUTE_ERROR
97.227546,129.088871500000,35.074528666667,508102.313,3881311.672,0.264,-0.167901,gps_course,15,19.891,,,,,,,0.000000,0.0000,,,STOP_ROUTE_ERROR
97.277623,129.088871500000,35.074528666667,508102.313,3881311.672,0.264,-0.167901,gps_course,15,19.891,,,,,,,0.000000,0.0000,,,STOP_ROUTE_ERROR
97.327475,129.088872500000,35.074528333333,508102.404,3881311.635,0.335,-0.365123,gps_course,15,19.958,,,,,,,0.000000,0.0000,,,STOP_ROUTE_ERROR
97.378023,129.088872500000,35.074528333333,508102.404,3881311.635,0.335,-0.365123,gps_course,15,19.958,,,,,,,0.000000,0.0000,,,STOP_ROUTE_ERROR
97.427487,129.088872500000,35.074528333333,508102.404,3881311.635,0.335,-0.365123,gps_course,15,19.958,,,,,,,0.000000,0.0000,,,STOP_ROUTE_ERROR
97.477531,129.088872500000,35.074528333333,508102.404,3881311.635,0.335,-0.365123,gps_course,15,19.958,,,,,,,0.000000,0.0000,,,STOP_ROUTE_ERROR
97.527498,129.088872500000,35.074528333333,508102.404,3881311.635,0.335,-0.365123,gps_course,15,19.958,,,,,,,0.000000,0.0000,,,STOP_ROUTE_ERROR
97.577650,129.088873333333,35.074528166667,508102.480,3881311.617,0.315,-0.250804,gps_course,15,20.018,,,,,,,0.000000,0.0000,,,STOP_ROUTE_ERROR
97.627487,129.088873333333,35.074528166667,508102.480,3881311.617,0.315,-0.250804,gps_course,15,20.018,,,,,,,0.000000,0.0000,,,STOP_ROUTE_ERROR
97.677583,129.088873333333,35.074528166667,508102.480,3881311.617,0.315,-0.250804,gps_course,15,20.018,,,,,,,0.000000,0.0000,,,STOP_ROUTE_ERROR
97.727413,129.088873333333,35.074528166667,508102.480,3881311.617,0.315,-0.250804,gps_course,15,20.018,,,,,,,0.000000,0.0000,,,STOP_ROUTE_ERROR
97.777508,129.088873333333,35.074528166667,508102.480,3881311.617,0.315,-0.250804,gps_course,15,20.018,,,,,,,0.000000,0.0000,,,STOP_ROUTE_ERROR
97.827538,129.088874166667,35.074528000000,508102.556,3881311.598,0.348,-0.343306,gps_course,15,20.079,,,,,,,0.000000,0.0000,,,STOP_ROUTE_ERROR
97.877531,129.088874166667,35.074528000000,508102.556,3881311.598,0.348,-0.343306,gps_course,15,20.079,,,,,,,0.000000,0.0000,,,STOP_ROUTE_ERROR
97.928955,129.088874166667,35.074528000000,508102.556,3881311.598,0.348,-0.343306,gps_course,15,20.079,,,,,,,0.000000,0.0000,,,STOP_ROUTE_ERROR
97.977491,129.088874166667,35.074528000000,508102.556,3881311.598,0.348,-0.343306,gps_course,15,20.079,,,,,,,0.000000,0.0000,,,STOP_ROUTE_ERROR
98.027615,129.088874166667,35.074528000000,508102.556,3881311.598,0.348,-0.343306,gps_course,15,20.079,,,,,,,0.000000,0.0000,,,STOP_ROUTE_ERROR
98.077636,129.088874166667,35.074528000000,508102.556,3881311.598,0.348,-0.343306,gps_course,15,20.079,,,,,,,0.000000,0.0000,,,STOP_ROUTE_ERROR
98.127547,129.088875166667,35.074527666667,508102.647,3881311.561,0.344,-0.348019,gps_course,15,20.146,,,,,,,0.000000,0.0000,,,STOP_ROUTE_ERROR
98.179119,129.088875166667,35.074527666667,508102.647,3881311.561,0.344,-0.348019,gps_course,15,20.146,,,,,,,0.000000,0.0000,,,STOP_ROUTE_ERROR
98.227518,129.088875166667,35.074527666667,508102.647,3881311.561,0.344,-0.348019,gps_course,15,20.146,,,,,,,0.000000,0.0000,,,STOP_ROUTE_ERROR
98.277567,129.088875166667,35.074527666667,508102.647,3881311.561,0.344,-0.348019,gps_course,15,20.146,,,,,,,0.000000,0.0000,,,STOP_ROUTE_ERROR
98.327539,129.088875166667,35.074527666667,508102.647,3881311.561,0.344,-0.348019,gps_course,15,20.146,,,,,,,0.000000,0.0000,,,STOP_ROUTE_ERROR
98.377681,129.088875166667,35.074527666667,508102.647,3881311.561,0.344,-0.348019,gps_course,15,20.146,,,,,,,0.000000,0.0000,,,STOP_ROUTE_ERROR
98.427509,129.088875166667,35.074527666667,508102.647,3881311.561,0.344,-0.348019,gps_course,15,20.146,,,,,,,0.000000,0.0000,,,STOP_ROUTE_ERROR
98.477519,129.088875166667,35.074527666667,508102.647,3881311.561,0.344,-0.348019,gps_course,15,20.146,,,,,,,0.000000,0.0000,,,STOP_ROUTE_ERROR
98.527701,129.088875166667,35.074527666667,508102.647,3881311.561,0.344,-0.348019,gps_course,15,20.146,,,,,,,0.000000,0.0000,,,STOP_ROUTE_ERROR
98.577451,129.088875166667,35.074527666667,508102.647,3881311.561,0.344,-0.348019,gps_course,15,20.146,,,,,,,0.000000,0.0000,,,STOP_ROUTE_ERROR
98.627784,129.088875166667,35.074527666667,508102.647,3881311.561,0.344,-0.348019,gps_course,15,20.146,,,,,,,0.000000,0.0000,,,STOP_ROUTE_ERROR
98.677513,129.088875166667,35.074527666667,508102.647,3881311.561,0.344,-0.348019,gps_course,15,20.146,,,,,,,0.000000,0.0000,,,STOP_ROUTE_ERROR
98.727615,129.088875166667,35.074527666667,508102.647,3881311.561,0.344,-0.348019,gps_course,15,20.146,,,,,,,0.000000,0.0000,,,STOP_ROUTE_ERROR
98.777471,129.088875166667,35.074527666667,508102.647,3881311.561,0.344,-0.348019,gps_course,15,20.146,,,,,,,0.000000,0.0000,,,STOP_ROUTE_ERROR
98.827583,129.088875000000,35.074527666667,508102.632,3881311.561,0.017,-0.348019,gps_course,15,20.132,,,,,,,0.000000,0.0000,,,STOP_ROUTE_ERROR
98.877510,129.088875000000,35.074527666667,508102.632,3881311.561,0.017,-0.348019,gps_course,15,20.132,,,,,,,0.000000,0.0000,,,STOP_ROUTE_ERROR
98.927657,129.088875000000,35.074527666667,508102.632,3881311.561,0.017,-0.348019,gps_course,15,20.132,,,,,,,0.000000,0.0000,,,STOP_ROUTE_ERROR
98.977779,129.088875000000,35.074527666667,508102.632,3881311.561,0.017,-0.348019,gps_course,15,20.132,,,,,,,0.000000,0.0000,,,STOP_ROUTE_ERROR
99.027516,129.088875000000,35.074527666667,508102.632,3881311.561,0.017,-0.348019,gps_course,15,20.132,,,,,,,0.000000,0.0000,,,STOP_ROUTE_ERROR
99.077638,129.088875000000,35.074527666667,508102.632,3881311.561,0.017,-0.348019,gps_course,15,20.132,,,,,,,0.000000,0.0000,,,STOP_ROUTE_ERROR
99.127732,129.088875000000,35.074527666667,508102.632,3881311.561,0.029,-0.348019,gps_course,15,20.132,,,,,,,0.000000,0.0000,,,STOP_ROUTE_ERROR
99.177550,129.088875000000,35.074527666667,508102.632,3881311.561,0.029,-0.348019,gps_course,15,20.132,,,,,,,0.000000,0.0000,,,STOP_ROUTE_ERROR
99.227608,129.088875000000,35.074527666667,508102.632,3881311.561,0.029,-0.348019,gps_course,15,20.132,,,,,,,0.000000,0.0000,,,STOP_ROUTE_ERROR
99.277486,129.088875000000,35.074527666667,508102.632,3881311.561,0.029,-0.348019,gps_course,15,20.132,,,,,,,0.000000,0.0000,,,STOP_ROUTE_ERROR
99.327437,129.088875000000,35.074527666667,508102.632,3881311.561,0.029,-0.348019,gps_course,15,20.132,,,,,,,0.000000,0.0000,,,STOP_ROUTE_ERROR
99.377512,129.088875000000,35.074527666667,508102.632,3881311.561,0.029,-0.348019,gps_course,15,20.132,,,,,,,0.000000,0.0000,,,STOP_ROUTE_ERROR
99.427577,129.088875000000,35.074527666667,508102.632,3881311.561,0.029,-0.348019,gps_course,15,20.132,,,,,,,0.000000,0.0000,,,STOP_ROUTE_ERROR
99.477506,129.088875000000,35.074527666667,508102.632,3881311.561,0.029,-0.348019,gps_course,15,20.132,,,,,,,0.000000,0.0000,,,STOP_ROUTE_ERROR
99.527661,129.088875000000,35.074527666667,508102.632,3881311.561,0.029,-0.348019,gps_course,15,20.132,,,,,,,0.000000,0.0000,,,STOP_ROUTE_ERROR
99.577410,129.088875166667,35.074527666667,508102.647,3881311.561,0.029,-0.348019,gps_course,15,20.146,,,,,,,0.000000,0.0000,,,STOP_ROUTE_ERROR
99.627548,129.088875166667,35.074527666667,508102.647,3881311.561,0.029,-0.348019,gps_course,15,20.146,,,,,,,0.000000,0.0000,,,STOP_ROUTE_ERROR
99.677651,129.088875166667,35.074527666667,508102.647,3881311.561,0.029,-0.348019,gps_course,15,20.146,,,,,,,0.000000,0.0000,,,STOP_ROUTE_ERROR
99.727363,129.088875166667,35.074527666667,508102.647,3881311.561,0.029,-0.348019,gps_course,15,20.146,,,,,,,0.000000,0.0000,,,STOP_ROUTE_ERROR
99.777843,129.088875166667,35.074527666667,508102.647,3881311.561,0.029,-0.348019,gps_course,15,20.146,,,,,,,0.000000,0.0000,,,STOP_ROUTE_ERROR
99.827414,129.088875333333,35.074527500000,508102.662,3881311.543,0.029,-0.348019,gps_course,15,20.152,,,,,,,0.000000,0.0000,,,STOP_ROUTE_ERROR
99.878495,129.088875333333,35.074527500000,508102.662,3881311.543,0.029,-0.348019,gps_course,15,20.152,,,,,,,0.000000,0.0000,,,STOP_ROUTE_ERROR
99.927492,129.088875333333,35.074527500000,508102.662,3881311.543,0.029,-0.348019,gps_course,15,20.152,,,,,,,0.000000,0.0000,,,STOP_ROUTE_ERROR
99.977706,129.088875333333,35.074527500000,508102.662,3881311.543,0.029,-0.348019,gps_course,15,20.152,,,,,,,0.000000,0.0000,,,STOP_ROUTE_ERROR
100.027641,129.088875333333,35.074527500000,508102.662,3881311.543,0.029,-0.348019,gps_course,15,20.152,,,,,,,0.000000,0.0000,,,STOP_ROUTE_ERROR
100.077555,129.088875333333,35.074527500000,508102.662,3881311.543,0.029,-0.348019,gps_course,15,20.152,,,,,,,0.000000,0.0000,,,STOP_ROUTE_ERROR
100.127607,129.088875666667,35.074527500000,508102.693,3881311.543,0.029,-0.348019,gps_course,15,20.180,,,,,,,0.000000,0.0000,,,STOP_ROUTE_ERROR
100.177484,129.088875666667,35.074527500000,508102.693,3881311.543,0.029,-0.348019,gps_course,15,20.180,,,,,,,0.000000,0.0000,,,STOP_ROUTE_ERROR
100.228294,129.088875666667,35.074527500000,508102.693,3881311.543,0.029,-0.348019,gps_course,15,20.180,,,,,,,0.000000,0.0000,,,STOP_ROUTE_ERROR
100.277450,129.088875666667,35.074527500000,508102.693,3881311.543,0.029,-0.348019,gps_course,15,20.180,,,,,,,0.000000,0.0000,,,STOP_ROUTE_ERROR
100.327484,129.088875666667,35.074527500000,508102.693,3881311.543,0.029,-0.348019,gps_course,15,20.180,,,,,,,0.000000,0.0000,,,STOP_ROUTE_ERROR
100.377435,129.088876000000,35.074527333333,508102.723,3881311.525,0.029,-0.348019,gps_course,15,20.200,,,,,,,0.000000,0.0000,,,STOP_ROUTE_ERROR
100.428861,129.088876000000,35.074527333333,508102.723,3881311.525,0.029,-0.348019,gps_course,15,20.200,,,,,,,0.000000,0.0000,,,STOP_ROUTE_ERROR
100.477908,129.088876000000,35.074527333333,508102.723,3881311.525,0.029,-0.348019,gps_course,15,20.200,,,,,,,0.000000,0.0000,,,STOP_ROUTE_ERROR
100.527487,129.088876000000,35.074527333333,508102.723,3881311.525,0.029,-0.348019,gps_course,15,20.200,,,,,,,0.000000,0.0000,,,STOP_ROUTE_ERROR
100.577485,129.088876500000,35.074527166667,508102.769,3881311.506,0.029,-0.348019,gps_course,15,20.233,,,,,,,0.000000,0.0000,,,STOP_ROUTE_ERROR
100.627511,129.088876500000,35.074527166667,508102.769,3881311.506,0.029,-0.348019,gps_course,15,20.233,,,,,,,0.000000,0.0000,,,STOP_ROUTE_ERROR
100.677531,129.088876500000,35.074527166667,508102.769,3881311.506,0.029,-0.348019,gps_course,15,20.233,,,,,,,0.000000,0.0000,,,STOP_ROUTE_ERROR
100.727373,129.088876500000,35.074527166667,508102.769,3881311.506,0.029,-0.348019,gps_course,15,20.233,,,,,,,0.000000,0.0000,,,STOP_ROUTE_ERROR
100.778565,129.088876500000,35.074527166667,508102.769,3881311.506,0.029,-0.348019,gps_course,15,20.233,,,,,,,0.000000,0.0000,,,STOP_ROUTE_ERROR
100.827556,129.088876500000,35.074527166667,508102.769,3881311.506,0.029,-0.348019,gps_course,15,20.233,,,,,,,0.000000,0.0000,,,STOP_ROUTE_ERROR
100.877520,129.088876500000,35.074527166667,508102.769,3881311.506,0.029,-0.348019,gps_course,15,20.233,,,,,,,0.000000,0.0000,,,STOP_ROUTE_ERROR
100.927662,129.088876500000,35.074527166667,508102.769,3881311.506,0.029,-0.348019,gps_course,15,20.233,,,,,,,0.000000,0.0000,,,STOP_ROUTE_ERROR
100.977500,129.088876500000,35.074527166667,508102.769,3881311.506,0.029,-0.348019,gps_course,15,20.233,,,,,,,0.000000,0.0000,,,STOP_ROUTE_ERROR
101.028674,129.088876500000,35.074527166667,508102.769,3881311.506,0.029,-0.348019,gps_course,15,20.233,,,,,,,0.000000,0.0000,,,STOP_ROUTE_ERROR
101.077471,129.088876500000,35.074527166667,508102.769,3881311.506,0.029,-0.348019,gps_course,15,20.233,,,,,,,0.000000,0.0000,,,STOP_ROUTE_ERROR
101.127653,129.088876333333,35.074527166667,508102.753,3881311.506,0.029,2.080206,route_tangent,15,20.219,,,,,,,0.000000,0.0000,,,STOP_ROUTE_ERROR
101.177539,129.088876333333,35.074527166667,508102.753,3881311.506,0.029,2.080206,route_tangent,15,20.219,,,,,,,0.000000,0.0000,,,STOP_ROUTE_ERROR
101.227573,129.088876333333,35.074527166667,508102.753,3881311.506,0.029,2.080206,route_tangent,15,20.219,,,,,,,0.000000,0.0000,,,STOP_ROUTE_ERROR
101.277519,129.088876333333,35.074527166667,508102.753,3881311.506,0.029,2.080206,route_tangent,15,20.219,,,,,,,0.000000,0.0000,,,STOP_ROUTE_ERROR
101.327482,129.088876333333,35.074527166667,508102.753,3881311.506,0.039,2.080206,route_tangent,15,20.219,,,,,,,0.000000,0.0000,,,STOP_ROUTE_ERROR
101.381398,129.088876333333,35.074527166667,508102.753,3881311.506,0.039,2.080206,route_tangent,15,20.219,,,,,,,0.000000,0.0000,,,STOP_ROUTE_ERROR
101.427749,129.088876333333,35.074527166667,508102.753,3881311.506,0.039,2.080206,route_tangent,15,20.219,,,,,,,0.000000,0.0000,,,STOP_ROUTE_ERROR
101.477586,129.088876333333,35.074527166667,508102.753,3881311.506,0.039,2.080206,route_tangent,15,20.219,,,,,,,0.000000,0.0000,,,STOP_ROUTE_ERROR
101.527511,129.088876333333,35.074527166667,508102.753,3881311.506,0.039,2.080206,route_tangent,15,20.219,,,,,,,0.000000,0.0000,,,STOP_ROUTE_ERROR
101.577570,129.088876166667,35.074527333333,508102.738,3881311.525,0.029,2.080206,route_tangent,15,20.213,,,,,,,0.000000,0.0000,,,STOP_ROUTE_ERROR
101.627637,129.088876166667,35.074527333333,508102.738,3881311.525,0.029,2.080206,route_tangent,15,20.213,,,,,,,0.000000,0.0000,,,STOP_ROUTE_ERROR
101.677518,129.088876166667,35.074527333333,508102.738,3881311.525,0.029,2.080206,route_tangent,15,20.213,,,,,,,0.000000,0.0000,,,STOP_ROUTE_ERROR
101.727353,129.088876166667,35.074527333333,508102.738,3881311.525,0.029,2.080206,route_tangent,15,20.213,,,,,,,0.000000,0.0000,,,STOP_ROUTE_ERROR
101.777508,129.088876166667,35.074527333333,508102.738,3881311.525,0.029,2.080206,route_tangent,15,20.213,,,,,,,0.000000,0.0000,,,STOP_ROUTE_ERROR
101.828273,129.088876333333,35.074527166667,508102.753,3881311.506,0.005,2.080206,route_tangent,15,20.219,,,,,,,0.000000,0.0000,,,STOP_ROUTE_ERROR
101.877499,129.088876333333,35.074527166667,508102.753,3881311.506,0.005,2.080206,route_tangent,15,20.219,,,,,,,0.000000,0.0000,,,STOP_ROUTE_ERROR
101.927743,129.088876333333,35.074527166667,508102.753,3881311.506,0.005,2.080206,route_tangent,15,20.219,,,,,,,0.000000,0.0000,,,STOP_ROUTE_ERROR
101.977658,129.088876333333,35.074527166667,508102.753,3881311.506,0.005,2.080206,route_tangent,15,20.219,,,,,,,0.000000,0.0000,,,STOP_ROUTE_ERROR
102.027625,129.088876333333,35.074527166667,508102.753,3881311.506,0.005,2.080206,route_tangent,15,20.219,,,,,,,0.000000,0.0000,,,STOP_ROUTE_ERROR
102.078087,129.088876333333,35.074527166667,508102.753,3881311.506,0.005,2.080206,route_tangent,15,20.219,,,,,,,0.000000,0.0000,,,STOP_ROUTE_ERROR
102.127501,129.088876333333,35.074527166667,508102.753,3881311.506,0.005,2.080206,route_tangent,15,20.219,,,,,,,0.000000,0.0000,,,STOP_ROUTE_ERROR
102.177723,129.088876333333,35.074527166667,508102.753,3881311.506,0.005,2.080206,route_tangent,15,20.219,,,,,,,0.000000,0.0000,,,STOP_ROUTE_ERROR
102.227554,129.088876333333,35.074527166667,508102.753,3881311.506,0.005,2.080206,route_tangent,15,20.219,,,,,,,0.000000,0.0000,,,STOP_ROUTE_ERROR
102.277706,129.088876333333,35.074527166667,508102.753,3881311.506,0.005,2.080206,route_tangent,15,20.219,,,,,,,0.000000,0.0000,,,STOP_ROUTE_ERROR
102.327552,129.088876500000,35.074527166667,508102.769,3881311.506,0.005,2.080206,route_tangent,15,20.233,,,,,,,0.000000,0.0000,,,STOP_ROUTE_ERROR
102.378496,129.088876500000,35.074527166667,508102.769,3881311.506,0.005,2.080206,route_tangent,15,20.233,,,,,,,0.000000,0.0000,,,STOP_ROUTE_ERROR
102.427667,129.088876500000,35.074527166667,508102.769,3881311.506,0.005,2.080206,route_tangent,15,20.233,,,,,,,0.000000,0.0000,,,STOP_ROUTE_ERROR
102.477533,129.088876500000,35.074527166667,508102.769,3881311.506,0.005,2.080206,route_tangent,15,20.233,,,,,,,0.000000,0.0000,,,STOP_ROUTE_ERROR
102.528225,129.088876500000,35.074527166667,508102.769,3881311.506,0.005,2.080206,route_tangent,15,20.233,,,,,,,0.000000,0.0000,,,STOP_ROUTE_ERROR
102.577452,129.088876833333,35.074527000000,508102.799,3881311.488,0.005,2.080206,route_tangent,15,20.253,,,,,,,0.000000,0.0000,,,STOP_ROUTE_ERROR
102.629262,129.088876833333,35.074527000000,508102.799,3881311.488,0.005,2.080206,route_tangent,15,20.253,,,,,,,0.000000,0.0000,,,STOP_ROUTE_ERROR
102.677545,129.088876833333,35.074527000000,508102.799,3881311.488,0.005,2.080206,route_tangent,15,20.253,,,,,,,0.000000,0.0000,,,STOP_ROUTE_ERROR
102.729730,129.088876833333,35.074527000000,508102.799,3881311.488,0.005,2.080206,route_tangent,15,20.253,,,,,,,0.000000,0.0000,,,STOP_ROUTE_ERROR
102.777492,129.088876833333,35.074527000000,508102.799,3881311.488,0.005,2.080206,route_tangent,15,20.253,,,,,,,0.000000,0.0000,,,STOP_ROUTE_ERROR
102.827620,129.088876833333,35.074527000000,508102.799,3881311.488,0.005,2.080206,route_tangent,15,20.253,,,,,,,0.000000,0.0000,,,STOP_ROUTE_ERROR
102.877664,129.088877166667,35.074527000000,508102.829,3881311.488,0.005,2.080206,route_tangent,15,20.281,,,,,,,0.000000,0.0000,,,STOP_ROUTE_ERROR
102.927572,129.088877166667,35.074527000000,508102.829,3881311.488,0.005,2.080206,route_tangent,15,20.281,,,,,,,0.000000,0.0000,,,STOP_ROUTE_ERROR
102.977664,129.088877166667,35.074527000000,508102.829,3881311.488,0.005,2.080206,route_tangent,15,20.281,,,,,,,0.000000,0.0000,,,STOP_ROUTE_ERROR
103.027499,129.088877166667,35.074527000000,508102.829,3881311.488,0.005,2.080206,route_tangent,15,20.281,,,,,,,0.000000,0.0000,,,STOP_ROUTE_ERROR
103.079211,129.088877166667,35.074527000000,508102.829,3881311.488,0.005,2.080206,route_tangent,15,20.281,,,,,,,0.000000,0.0000,,,STOP_ROUTE_ERROR
103.127536,129.088877500000,35.074526666667,508102.860,3881311.451,0.192,-0.492008,gps_course,15,20.293,,,,,,,0.000000,0.0000,,,STOP_ROUTE_ERROR
103.177822,129.088877500000,35.074526666667,508102.860,3881311.451,0.192,-0.492008,gps_course,15,20.293,,,,,,,0.000000,0.0000,,,STOP_ROUTE_ERROR
103.227521,129.088877500000,35.074526666667,508102.860,3881311.451,0.192,-0.492008,gps_course,15,20.293,,,,,,,0.000000,0.0000,,,STOP_ROUTE_ERROR
103.277506,129.088877500000,35.074526666667,508102.860,3881311.451,0.192,-0.492008,gps_course,15,20.293,,,,,,,0.000000,0.0000,,,STOP_ROUTE_ERROR
103.327522,129.088878166667,35.074526500000,508102.921,3881311.432,0.212,-0.487470,gps_course,15,20.341,,,,,,,0.000000,0.0000,,,STOP_ROUTE_ERROR
103.377501,129.088878166667,35.074526500000,508102.921,3881311.432,0.212,-0.487470,gps_course,15,20.341,,,,,,,0.000000,0.0000,,,STOP_ROUTE_ERROR
103.428426,129.088878166667,35.074526500000,508102.921,3881311.432,0.212,-0.487470,gps_course,15,20.341,,,,,,,0.000000,0.0000,,,STOP_ROUTE_ERROR
103.477523,129.088878166667,35.074526500000,508102.921,3881311.432,0.212,-0.487470,gps_course,15,20.341,,,,,,,0.000000,0.0000,,,STOP_ROUTE_ERROR
103.527800,129.088878166667,35.074526500000,508102.921,3881311.432,0.212,-0.487470,gps_course,15,20.341,,,,,,,0.000000,0.0000,,,STOP_ROUTE_ERROR
103.577548,129.088878666667,35.074526333333,508102.966,3881311.414,0.243,-0.427257,gps_course,15,20.375,,,,,,,0.000000,0.0000,,,STOP_ROUTE_ERROR
103.628142,129.088878666667,35.074526333333,508102.966,3881311.414,0.243,-0.427257,gps_course,15,20.375,,,,,,,0.000000,0.0000,,,STOP_ROUTE_ERROR
103.678368,129.088878666667,35.074526333333,508102.966,3881311.414,0.243,-0.427257,gps_course,15,20.375,,,,,,,0.000000,0.0000,,,STOP_ROUTE_ERROR
103.727423,129.088878666667,35.074526333333,508102.966,3881311.414,0.243,-0.427257,gps_course,15,20.375,,,,,,,0.000000,0.0000,,,STOP_ROUTE_ERROR
103.779531,129.088878666667,35.074526333333,508102.966,3881311.414,0.243,-0.427257,gps_course,15,20.375,,,,,,,0.000000,0.0000,,,STOP_ROUTE_ERROR
103.827487,129.088879333333,35.074526000000,508103.027,3881311.377,0.250,-0.400204,gps_course,15,20.415,,,,,,,0.000000,0.0000,,,STOP_ROUTE_ERROR
103.877597,129.088879333333,35.074526000000,508103.027,3881311.377,0.250,-0.400204,gps_course,15,20.415,,,,,,,0.000000,0.0000,,,STOP_ROUTE_ERROR
103.927489,129.088879333333,35.074526000000,508103.027,3881311.377,0.250,-0.400204,gps_course,15,20.415,,,,,,,0.000000,0.0000,,,STOP_ROUTE_ERROR
103.977692,129.088879333333,35.074526000000,508103.027,3881311.377,0.250,-0.400204,gps_course,15,20.415,,,,,,,0.000000,0.0000,,,STOP_ROUTE_ERROR
104.027636,129.088879333333,35.074526000000,508103.027,3881311.377,0.250,-0.400204,gps_course,15,20.415,,,,,,,0.000000,0.0000,,,STOP_ROUTE_ERROR
104.077830,129.088879333333,35.074526000000,508103.027,3881311.377,0.250,-0.400204,gps_course,15,20.415,,,,,,,0.000000,0.0000,,,STOP_ROUTE_ERROR
104.127831,129.088880166667,35.074525666667,508103.103,3881311.340,0.305,-0.442615,gps_course,15,20.470,,,,,,,0.000000,0.0000,,,STOP_ROUTE_ERROR
104.177539,129.088880166667,35.074525666667,508103.103,3881311.340,0.305,-0.442615,gps_course,15,20.470,,,,,,,0.000000,0.0000,,,STOP_ROUTE_ERROR
104.228593,129.088880166667,35.074525666667,508103.103,3881311.340,0.305,-0.442615,gps_course,15,20.470,,,,,,,0.000000,0.0000,,,STOP_ROUTE_ERROR
104.277505,129.088880166667,35.074525666667,508103.103,3881311.340,0.305,-0.442615,gps_course,15,20.470,,,,,,,0.000000,0.0000,,,STOP_ROUTE_ERROR
104.328206,129.088881000000,35.074525333333,508103.179,3881311.303,0.358,-0.468621,gps_course,15,20.524,,,,,,,0.000000,0.0000,,,STOP_ROUTE_ERROR
104.377576,129.088881000000,35.074525333333,508103.179,3881311.303,0.358,-0.468621,gps_course,15,20.524,,,,,,,0.000000,0.0000,,,STOP_ROUTE_ERROR
104.427762,129.088881000000,35.074525333333,508103.179,3881311.303,0.358,-0.468621,gps_course,15,20.524,,,,,,,0.000000,0.0000,,,STOP_ROUTE_ERROR
104.477612,129.088881000000,35.074525333333,508103.179,3881311.303,0.358,-0.468621,gps_course,15,20.524,,,,,,,0.000000,0.0000,,,STOP_ROUTE_ERROR
104.527596,129.088881000000,35.074525333333,508103.179,3881311.303,0.358,-0.468621,gps_course,15,20.524,,,,,,,0.000000,0.0000,,,STOP_ROUTE_ERROR
104.577725,129.088881833333,35.074525000000,508103.255,3881311.266,0.369,-0.466876,gps_course,15,20.579,,,,,,,0.000000,0.0000,,,STOP_ROUTE_ERROR
104.627500,129.088881833333,35.074525000000,508103.255,3881311.266,0.369,-0.466876,gps_course,15,20.579,,,,,,,0.000000,0.0000,,,STOP_ROUTE_ERROR
104.677624,129.088881833333,35.074525000000,508103.255,3881311.266,0.369,-0.466876,gps_course,15,20.579,,,,,,,0.000000,0.0000,,,STOP_ROUTE_ERROR
104.727593,129.088881833333,35.074525000000,508103.255,3881311.266,0.369,-0.466876,gps_course,15,20.579,,,,,,,0.000000,0.0000,,,STOP_ROUTE_ERROR
104.777582,129.088881833333,35.074525000000,508103.255,3881311.266,0.369,-0.466876,gps_course,15,20.579,,,,,,,0.000000,0.0000,,,STOP_ROUTE_ERROR
104.827612,129.088882833333,35.074524666667,508103.346,3881311.229,0.365,-0.450469,gps_course,15,20.648,,,,,,,0.000000,0.0000,,,STOP_ROUTE_ERROR
104.877525,129.088882833333,35.074524666667,508103.346,3881311.229,0.365,-0.450469,gps_course,15,20.648,,,,,,,0.000000,0.0000,,,STOP_ROUTE_ERROR
104.927729,129.088882833333,35.074524666667,508103.346,3881311.229,0.365,-0.450469,gps_course,15,20.648,,,,,,,0.000000,0.0000,,,STOP_ROUTE_ERROR
104.977635,129.088882833333,35.074524666667,508103.346,3881311.229,0.365,-0.450469,gps_course,15,20.648,,,,,,,0.000000,0.0000,,,STOP_ROUTE_ERROR
105.027589,129.088882833333,35.074524666667,508103.346,3881311.229,0.365,-0.450469,gps_course,15,20.648,,,,,,,0.000000,0.0000,,,STOP_ROUTE_ERROR
105.077705,129.088882833333,35.074524666667,508103.346,3881311.229,0.426,-0.489390,gps_course,15,20.648,,,,,,,0.000000,0.0000,,,STOP_ROUTE_ERROR
105.128836,129.088883833333,35.074524166667,508103.437,3881311.174,0.426,-0.489390,gps_course,15,20.710,,,,,,,0.000000,0.0000,,,STOP_ROUTE_ERROR
105.177500,129.088883833333,35.074524166667,508103.437,3881311.174,0.426,-0.489390,gps_course,15,20.710,,,,,,,0.000000,0.0000,,,STOP_ROUTE_ERROR
105.227572,129.088883833333,35.074524166667,508103.437,3881311.174,0.426,-0.489390,gps_course,15,20.710,,,,,,,0.000000,0.0000,,,STOP_ROUTE_ERROR
105.277569,129.088883833333,35.074524166667,508103.437,3881311.174,0.426,-0.489390,gps_course,15,20.710,,,,,,,0.000000,0.0000,,,STOP_ROUTE_ERROR
105.327807,129.088884833333,35.074523666667,508103.529,3881311.119,0.445,-0.605629,gps_course,15,20.772,,,,,,,0.000000,0.0000,,,STOP_ROUTE_ERROR
105.377611,129.088884833333,35.074523666667,508103.529,3881311.119,0.445,-0.605629,gps_course,15,20.772,,,,,,,0.000000,0.0000,,,STOP_ROUTE_ERROR
105.427502,129.088884833333,35.074523666667,508103.529,3881311.119,0.445,-0.605629,gps_course,15,20.772,,,,,,,0.000000,0.0000,,,STOP_ROUTE_ERROR
105.479211,129.088884833333,35.074523666667,508103.529,3881311.119,0.445,-0.605629,gps_course,15,20.772,,,,,,,0.000000,0.0000,,,STOP_ROUTE_ERROR
105.527840,129.088884833333,35.074523666667,508103.529,3881311.119,0.445,-0.605629,gps_course,15,20.772,,,,,,,0.000000,0.0000,,,STOP_ROUTE_ERROR
105.577571,129.088886166667,35.074523000000,508103.650,3881311.045,0.515,-0.477697,gps_course,15,20.856,,,,,,,0.000000,0.0000,,,STOP_ROUTE_ERROR
105.627479,129.088886166667,35.074523000000,508103.650,3881311.045,0.515,-0.477697,gps_course,15,20.856,,,,,,,0.000000,0.0000,,,STOP_ROUTE_ERROR
105.677678,129.088886166667,35.074523000000,508103.650,3881311.045,0.515,-0.477697,gps_course,15,20.856,,,,,,,0.000000,0.0000,,,STOP_ROUTE_ERROR
105.727722,129.088886166667,35.074523000000,508103.650,3881311.045,0.515,-0.477697,gps_course,15,20.856,,,,,,,0.000000,0.0000,,,STOP_ROUTE_ERROR
105.777491,129.088886166667,35.074523000000,508103.650,3881311.045,0.515,-0.477697,gps_course,15,20.856,,,,,,,0.000000,0.0000,,,STOP_ROUTE_ERROR
105.827672,129.088887333333,35.074522333333,508103.757,3881310.971,0.519,-0.600393,gps_course,15,20.926,,,,,,,0.000000,0.0000,,,STOP_ROUTE_ERROR
105.877501,129.088887333333,35.074522333333,508103.757,3881310.971,0.519,-0.600393,gps_course,15,20.926,,,,,,,0.000000,0.0000,,,STOP_ROUTE_ERROR
105.927696,129.088887333333,35.074522333333,508103.757,3881310.971,0.519,-0.600393,gps_course,15,20.926,,,,,,,0.000000,0.0000,,,STOP_ROUTE_ERROR
105.977580,129.088887333333,35.074522333333,508103.757,3881310.971,0.519,-0.600393,gps_course,15,20.926,,,,,,,0.000000,0.0000,,,STOP_ROUTE_ERROR
106.027552,129.088887333333,35.074522333333,508103.757,3881310.971,0.519,-0.600393,gps_course,15,20.926,,,,,,,0.000000,0.0000,,,STOP_ROUTE_ERROR
106.077800,129.088887333333,35.074522333333,508103.757,3881310.971,0.519,-0.600393,gps_course,15,20.926,,,,,,,0.000000,0.0000,,,STOP_ROUTE_ERROR
106.128022,129.088888500000,35.074521500000,508103.863,3881310.879,0.557,-0.682424,gps_course,15,20.990,,,,,,,0.000000,0.0000,,,STOP_ROUTE_ERROR
106.179086,129.088888500000,35.074521500000,508103.863,3881310.879,0.557,-0.682424,gps_course,15,20.990,,,,,,,0.000000,0.0000,,,STOP_ROUTE_ERROR
106.227472,129.088888500000,35.074521500000,508103.863,3881310.879,0.557,-0.682424,gps_course,15,20.990,,,,,,,0.000000,0.0000,,,STOP_ROUTE_ERROR
106.277731,129.088888500000,35.074521500000,508103.863,3881310.879,0.557,-0.682424,gps_course,15,20.990,,,,,,,0.000000,0.0000,,,STOP_ROUTE_ERROR
106.327487,129.088889666667,35.074520666667,508103.970,3881310.786,0.583,-0.708953,gps_course,15,21.055,,,,,,,0.000000,0.0000,,,STOP_ROUTE_ERROR
106.378763,129.088889666667,35.074520666667,508103.970,3881310.786,0.583,-0.708953,gps_course,15,21.055,,,,,,,0.000000,0.0000,,,STOP_ROUTE_ERROR
106.427516,129.088889666667,35.074520666667,508103.970,3881310.786,0.583,-0.708953,gps_course,15,21.055,,,,,,,0.000000,0.0000,,,STOP_ROUTE_ERROR
106.477519,129.088889666667,35.074520666667,508103.970,3881310.786,0.583,-0.708953,gps_course,15,21.055,,,,,,,0.000000,0.0000,,,STOP_ROUTE_ERROR
106.527670,129.088889666667,35.074520666667,508103.970,3881310.786,0.583,-0.708953,gps_course,15,21.055,,,,,,,0.000000,0.0000,,,STOP_ROUTE_ERROR
106.577357,129.088890833333,35.074519666667,508104.076,3881310.676,0.604,-0.811927,gps_course,15,21.114,,,,,,,0.000000,0.0000,,,STOP_ROUTE_ERROR
106.627546,129.088890833333,35.074519666667,508104.076,3881310.676,0.604,-0.811927,gps_course,15,21.114,,,,,,,0.000000,0.0000,,,STOP_ROUTE_ERROR
106.677513,129.088890833333,35.074519666667,508104.076,3881310.676,0.604,-0.811927,gps_course,15,21.114,,,,,,,0.000000,0.0000,,,STOP_ROUTE_ERROR
106.727439,129.088890833333,35.074519666667,508104.076,3881310.676,0.604,-0.811927,gps_course,15,21.114,,,,,,,0.000000,0.0000,,,STOP_ROUTE_ERROR
106.777659,129.088890833333,35.074519666667,508104.076,3881310.676,0.604,-0.811927,gps_course,15,21.114,,,,,,,0.000000,0.0000,,,STOP_ROUTE_ERROR
106.827556,129.088892166667,35.074518666667,508104.198,3881310.565,0.629,-0.779988,gps_course,15,21.187,,,,,,,0.000000,0.0000,,,STOP_ROUTE_ERROR
106.877693,129.088892166667,35.074518666667,508104.198,3881310.565,0.629,-0.779988,gps_course,15,21.187,,,,,,,0.000000,0.0000,,,STOP_ROUTE_ERROR
106.928632,129.088892166667,35.074518666667,508104.198,3881310.565,0.629,-0.779988,gps_course,15,21.187,,,,,,,0.000000,0.0000,,,STOP_ROUTE_ERROR
106.977745,129.088892166667,35.074518666667,508104.198,3881310.565,0.629,-0.779988,gps_course,15,21.187,,,,,,,0.000000,0.0000,,,STOP_ROUTE_ERROR
107.027444,129.088892166667,35.074518666667,508104.198,3881310.565,0.629,-0.779988,gps_course,15,21.187,,,,,,,0.000000,0.0000,,,STOP_ROUTE_ERROR
107.077548,129.088892166667,35.074518666667,508104.198,3881310.565,0.629,-0.779988,gps_course,15,21.187,,,,,,,0.000000,0.0000,,,STOP_ROUTE_ERROR
107.127460,129.088893333333,35.074517333333,508104.304,3881310.417,0.715,-0.937067,gps_course,15,21.235,,,,,,,0.000000,0.0000,,,STOP_ROUTE_ERROR
107.177588,129.088893333333,35.074517333333,508104.304,3881310.417,0.715,-0.937067,gps_course,15,21.235,,,,,,,0.000000,0.0000,,,STOP_ROUTE_ERROR
107.227657,129.088893333333,35.074517333333,508104.304,3881310.417,0.715,-0.937067,gps_course,15,21.235,,,,,,,0.000000,0.0000,,,STOP_ROUTE_ERROR
107.277781,129.088893333333,35.074517333333,508104.304,3881310.417,0.715,-0.937067,gps_course,15,21.235,,,,,,,0.000000,0.0000,,,STOP_ROUTE_ERROR
107.327599,129.088894500000,35.074516000000,508104.411,3881310.269,0.735,-0.955742,gps_course,15,21.285,,,,,,,0.000000,0.0000,,,STOP_ROUTE_ERROR
107.377498,129.088894500000,35.074516000000,508104.411,3881310.269,0.735,-0.955742,gps_course,15,21.285,,,,,,,0.000000,0.0000,,,STOP_ROUTE_ERROR
107.427860,129.088894500000,35.074516000000,508104.411,3881310.269,0.735,-0.955742,gps_course,15,21.285,,,,,,,0.000000,0.0000,,,STOP_ROUTE_ERROR
107.477567,129.088894500000,35.074516000000,508104.411,3881310.269,0.735,-0.955742,gps_course,15,21.285,,,,,,,0.000000,0.0000,,,STOP_ROUTE_ERROR
107.527563,129.088894500000,35.074516000000,508104.411,3881310.269,0.735,-0.955742,gps_course,15,21.285,,,,,,,0.000000,0.0000,,,STOP_ROUTE_ERROR
107.577500,129.088895666667,35.074514500000,508104.517,3881310.103,0.761,-0.968483,gps_course,15,21.329,,,,,,,0.000000,0.0000,,,STOP_ROUTE_ERROR
107.627711,129.088895666667,35.074514500000,508104.517,3881310.103,0.761,-0.968483,gps_course,15,21.329,,,,,,,0.000000,0.0000,,,STOP_ROUTE_ERROR
107.678056,129.088895666667,35.074514500000,508104.517,3881310.103,0.761,-0.968483,gps_course,15,21.329,,,,,,,0.000000,0.0000,,,STOP_ROUTE_ERROR
107.727348,129.088895666667,35.074514500000,508104.517,3881310.103,0.761,-0.968483,gps_course,15,21.329,,,,,,,0.000000,0.0000,,,STOP_ROUTE_ERROR
107.777711,129.088895666667,35.074514500000,508104.517,3881310.103,0.761,-0.968483,gps_course,15,21.329,,,,,,,0.000000,0.0000,,,STOP_ROUTE_ERROR
107.827388,129.088895666667,35.074514500000,508104.517,3881310.103,0.786,-1.018400,gps_course,15,21.329,,,,,,,0.000000,0.0000,,,STOP_ROUTE_ERROR
107.877566,129.088896833333,35.074513000000,508104.624,3881309.937,0.786,-1.018400,gps_course,15,21.376,,,,,,,0.000000,0.0000,,,STOP_ROUTE_ERROR
107.927523,129.088896833333,35.074513000000,508104.624,3881309.937,0.786,-1.018400,gps_course,15,21.376,,,,,,,0.000000,0.0000,,,STOP_ROUTE_ERROR
107.978025,129.088896833333,35.074513000000,508104.624,3881309.937,0.786,-1.018400,gps_course,15,21.376,,,,,,,0.000000,0.0000,,,STOP_ROUTE_ERROR
108.027688,129.088896833333,35.074513000000,508104.624,3881309.937,0.786,-1.018400,gps_course,15,21.376,,,,,,,0.000000,0.0000,,,STOP_ROUTE_ERROR
108.077690,129.088896833333,35.074513000000,508104.624,3881309.937,0.786,-1.018400,gps_course,15,21.376,,,,,,,0.000000,0.0000,,,STOP_ROUTE_ERROR
108.127693,129.088898166667,35.074511333333,508104.745,3881309.752,0.869,-1.013513,gps_course,15,21.432,,,,,,,0.000000,0.0000,,,STOP_ROUTE_ERROR
108.177549,129.088898166667,35.074511333333,508104.745,3881309.752,0.869,-1.013513,gps_course,15,21.432,,,,,,,0.000000,0.0000,,,STOP_ROUTE_ERROR
108.228788,129.088898166667,35.074511333333,508104.745,3881309.752,0.869,-1.013513,gps_course,15,21.432,,,,,,,0.000000,0.0000,,,STOP_ROUTE_ERROR
108.277450,129.088898166667,35.074511333333,508104.745,3881309.752,0.869,-1.013513,gps_course,15,21.432,,,,,,,0.000000,0.0000,,,STOP_ROUTE_ERROR
108.327658,129.088898166667,35.074511333333,508104.745,3881309.752,0.901,-1.012989,gps_course,15,21.432,,,,,,,0.000000,0.0000,,,STOP_ROUTE_ERROR
108.377606,129.088899333333,35.074509666667,508104.852,3881309.567,0.901,-1.012989,gps_course,15,21.477,,,,,,,0.000000,0.0000,,,STOP_ROUTE_ERROR
108.427592,129.088899333333,35.074509666667,508104.852,3881309.567,0.901,-1.012989,gps_course,15,21.477,,,,,,,0.000000,0.0000,,,STOP_ROUTE_ERROR
108.477657,129.088899333333,35.074509666667,508104.852,3881309.567,0.901,-1.012989,gps_course,15,21.477,,,,,,,0.000000,0.0000,,,STOP_ROUTE_ERROR
108.527680,129.088899333333,35.074509666667,508104.852,3881309.567,0.901,-1.012989,gps_course,15,21.477,,,,,,,0.000000,0.0000,,,STOP_ROUTE_ERROR
108.577521,129.088900666667,35.074507833333,508104.974,3881309.364,0.914,-1.005659,gps_course,15,21.532,,,,,,,0.000000,0.0000,,,STOP_ROUTE_ERROR
108.627543,129.088900666667,35.074507833333,508104.974,3881309.364,0.914,-1.005659,gps_course,15,21.532,,,,,,,0.000000,0.0000,,,STOP_ROUTE_ERROR
108.677631,129.088900666667,35.074507833333,508104.974,3881309.364,0.914,-1.005659,gps_course,15,21.532,,,,,,,0.000000,0.0000,,,STOP_ROUTE_ERROR
108.727407,129.088900666667,35.074507833333,508104.974,3881309.364,0.914,-1.005659,gps_course,15,21.532,,,,,,,0.000000,0.0000,,,STOP_ROUTE_ERROR
108.777711,129.088900666667,35.074507833333,508104.974,3881309.364,0.914,-1.005659,gps_course,15,21.532,,,,,,,0.000000,0.0000,,,STOP_ROUTE_ERROR
108.827791,129.088900666667,35.074507833333,508104.974,3881309.364,0.914,-1.005659,gps_course,15,21.532,,,,,,,0.000000,0.0000,,,STOP_ROUTE_ERROR
108.877527,129.088902166667,35.074506000000,508105.111,3881309.161,0.998,-1.034631,gps_course,15,21.605,,,,,,,0.000000,0.0000,,,STOP_ROUTE_ERROR
108.927490,129.088902166667,35.074506000000,508105.111,3881309.161,0.998,-1.034631,gps_course,15,21.605,,,,,,,0.000000,0.0000,,,STOP_ROUTE_ERROR
108.977619,129.088902166667,35.074506000000,508105.111,3881309.161,0.998,-1.034631,gps_course,15,21.605,,,,,,,0.000000,0.0000,,,STOP_ROUTE_ERROR
109.027924,129.088902166667,35.074506000000,508105.111,3881309.161,0.998,-1.034631,gps_course,15,21.605,,,,,,,0.000000,0.0000,,,STOP_ROUTE_ERROR
109.077547,129.088902166667,35.074506000000,508105.111,3881309.161,0.998,-1.034631,gps_course,15,21.605,,,,,,,0.000000,0.0000,,,STOP_ROUTE_ERROR
109.127744,129.088903500000,35.074504000000,508105.232,3881308.939,1.006,-1.062731,gps_course,15,21.660,,,,,,,0.000000,0.0000,,,STOP_ROUTE_ERROR
109.177479,129.088903500000,35.074504000000,508105.232,3881308.939,1.006,-1.062731,gps_course,15,21.660,,,,,,,0.000000,0.0000,,,STOP_ROUTE_ERROR
109.228533,129.088903500000,35.074504000000,508105.232,3881308.939,1.006,-1.062731,gps_course,15,21.660,,,,,,,0.000000,0.0000,,,STOP_ROUTE_ERROR
109.277768,129.088903500000,35.074504000000,508105.232,3881308.939,1.006,-1.062731,gps_course,15,21.660,,,,,,,0.000000,0.0000,,,STOP_ROUTE_ERROR
109.327447,129.088905000000,35.074502000000,508105.369,3881308.718,1.002,-1.004088,gps_course,15,21.733,,,,,,,0.000000,0.0000,,,STOP_ROUTE_ERROR
109.378336,129.088905000000,35.074502000000,508105.369,3881308.718,1.002,-1.004088,gps_course,15,21.733,,,,,,,0.000000,0.0000,,,STOP_ROUTE_ERROR
109.427488,129.088905000000,35.074502000000,508105.369,3881308.718,1.002,-1.004088,gps_course,15,21.733,,,,,,,0.000000,0.0000,,,STOP_ROUTE_ERROR
109.477657,129.088905000000,35.074502000000,508105.369,3881308.718,1.002,-1.004088,gps_course,15,21.733,,,,,,,0.000000,0.0000,,,STOP_ROUTE_ERROR
109.527539,129.088905000000,35.074502000000,508105.369,3881308.718,1.002,-1.004088,gps_course,15,21.733,,,,,,,0.000000,0.0000,,,STOP_ROUTE_ERROR
109.577588,129.088906333333,35.074499833333,508105.491,3881308.477,1.042,-1.073727,gps_course,15,21.789,,,,,,,0.000000,0.0000,,,STOP_ROUTE_ERROR
109.627483,129.088906333333,35.074499833333,508105.491,3881308.477,1.042,-1.073727,gps_course,15,21.789,,,,,,,0.000000,0.0000,,,STOP_ROUTE_ERROR
109.679355,129.088906333333,35.074499833333,508105.491,3881308.477,1.042,-1.073727,gps_course,15,21.789,,,,,,,0.000000,0.0000,,,STOP_ROUTE_ERROR
109.727559,129.088906333333,35.074499833333,508105.491,3881308.477,1.042,-1.073727,gps_course,15,21.789,,,,,,,0.000000,0.0000,,,STOP_ROUTE_ERROR
109.777487,129.088906333333,35.074499833333,508105.491,3881308.477,1.042,-1.073727,gps_course,15,21.789,,,,,,,0.000000,0.0000,,,STOP_ROUTE_ERROR
109.830378,129.088906333333,35.074499833333,508105.491,3881308.477,1.042,-1.073727,gps_course,15,21.789,,,,,,,0.000000,0.0000,,,STOP_ROUTE_ERROR
109.877483,129.088907500000,35.074497666667,508105.598,3881308.237,1.097,-1.177923,gps_course,15,21.834,,,,,,,0.000000,0.0000,,,STOP_ROUTE_ERROR
109.927675,129.088907500000,35.074497666667,508105.598,3881308.237,1.097,-1.177923,gps_course,15,21.834,,,,,,,0.000000,0.0000,,,STOP_ROUTE_ERROR
109.977667,129.088907500000,35.074497666667,508105.598,3881308.237,1.097,-1.177923,gps_course,15,21.834,,,,,,,0.000000,0.0000,,,STOP_ROUTE_ERROR
110.027609,129.088907500000,35.074497666667,508105.598,3881308.237,1.097,-1.177923,gps_course,15,21.834,,,,,,,0.000000,0.0000,,,STOP_ROUTE_ERROR
110.077462,129.088907500000,35.074497666667,508105.598,3881308.237,1.097,-1.177923,gps_course,15,21.834,,,,,,,0.000000,0.0000,,,STOP_ROUTE_ERROR
110.127529,129.088908666667,35.074495500000,508105.704,3881307.997,1.076,-1.158724,gps_course,15,21.882,,,,,,,0.000000,0.0000,,,STOP_ROUTE_ERROR
110.177472,129.088908666667,35.074495500000,508105.704,3881307.997,1.076,-1.158724,gps_course,15,21.882,,,,,,,0.000000,0.0000,,,STOP_ROUTE_ERROR
110.227449,129.088908666667,35.074495500000,508105.704,3881307.997,1.076,-1.158724,gps_course,15,21.882,,,,,,,0.000000,0.0000,,,STOP_ROUTE_ERROR
110.277629,129.088908666667,35.074495500000,508105.704,3881307.997,1.076,-1.158724,gps_course,15,21.882,,,,,,,0.000000,0.0000,,,STOP_ROUTE_ERROR
110.327447,129.088909833333,35.074493000000,508105.811,3881307.720,1.113,-1.202008,gps_course,15,21.925,,,,,,,0.000000,0.0000,,,STOP_ROUTE_ERROR
110.377825,129.088909833333,35.074493000000,508105.811,3881307.720,1.113,-1.202008,gps_course,15,21.925,,,,,,,0.000000,0.0000,,,STOP_ROUTE_ERROR
110.427482,129.088909833333,35.074493000000,508105.811,3881307.720,1.113,-1.202008,gps_course,15,21.925,,,,,,,0.000000,0.0000,,,STOP_ROUTE_ERROR
110.477556,129.088909833333,35.074493000000,508105.811,3881307.720,1.113,-1.202008,gps_course,15,21.925,,,,,,,0.000000,0.0000,,,STOP_ROUTE_ERROR
110.527620,129.088909833333,35.074493000000,508105.811,3881307.720,1.113,-1.202008,gps_course,15,21.925,,,,,,,0.000000,0.0000,,,STOP_ROUTE_ERROR
110.577499,129.088910500000,35.074490500000,508105.872,3881307.443,1.159,-1.361008,gps_course,15,21.927,,,,,,,0.000000,0.0000,,,STOP_ROUTE_ERROR
110.627655,129.088910500000,35.074490500000,508105.872,3881307.443,1.159,-1.361008,gps_course,15,21.927,,,,,,,0.000000,0.0000,,,STOP_ROUTE_ERROR
110.677461,129.088910500000,35.074490500000,508105.872,3881307.443,1.159,-1.361008,gps_course,15,21.927,,,,,,,0.000000,0.0000,,,STOP_ROUTE_ERROR
110.729864,129.088910500000,35.074490500000,508105.872,3881307.443,1.159,-1.361008,gps_course,15,21.927,,,,,,,0.000000,0.0000,,,STOP_ROUTE_ERROR
110.777635,129.088910500000,35.074490500000,508105.872,3881307.443,1.159,-1.361008,gps_course,15,21.927,,,,,,,0.000000,0.0000,,,STOP_ROUTE_ERROR
110.827568,129.088910500000,35.074490500000,508105.872,3881307.443,1.159,-1.361008,gps_course,15,21.927,,,,,,,0.000000,0.0000,,,STOP_ROUTE_ERROR
110.877492,129.088911000000,35.074488000000,508105.918,3881307.165,1.180,-1.402547,gps_course,15,21.919,,,,,,,0.000000,0.0000,,,STOP_ROUTE_ERROR
110.927550,129.088911000000,35.074488000000,508105.918,3881307.165,1.180,-1.402547,gps_course,15,21.919,,,,,,,0.000000,0.0000,,,STOP_ROUTE_ERROR
110.977747,129.088911000000,35.074488000000,508105.918,3881307.165,1.180,-1.402547,gps_course,15,21.919,,,,,,,0.000000,0.0000,,,STOP_ROUTE_ERROR
111.027508,129.088911000000,35.074488000000,508105.918,3881307.165,1.180,-1.402547,gps_course,15,21.919,,,,,,,0.000000,0.0000,,,STOP_ROUTE_ERROR
111.077609,129.088911000000,35.074488000000,508105.918,3881307.165,1.180,-1.402547,gps_course,15,21.919,,,,,,,0.000000,0.0000,,,STOP_ROUTE_ERROR
111.127487,129.088911166667,35.074485333333,508105.933,3881306.870,1.189,-1.536413,gps_course,15,21.880,,,,,,,0.000000,0.0000,,,STOP_ROUTE_ERROR
111.177888,129.088911166667,35.074485333333,508105.933,3881306.870,1.189,-1.536413,gps_course,15,21.880,,,,,,,0.000000,0.0000,,,STOP_ROUTE_ERROR
111.227590,129.088911166667,35.074485333333,508105.933,3881306.870,1.189,-1.536413,gps_course,15,21.880,,,,,,,0.000000,0.0000,,,STOP_ROUTE_ERROR
111.277642,129.088911166667,35.074485333333,508105.933,3881306.870,1.189,-1.536413,gps_course,15,21.880,,,,,,,0.000000,0.0000,,,STOP_ROUTE_ERROR
111.327618,129.088910833333,35.074482500000,508105.903,3881306.556,1.194,-1.621934,gps_course,15,21.798,,,,,,,0.000000,0.0000,,,STOP_ROUTE_ERROR
111.377519,129.088910833333,35.074482500000,508105.903,3881306.556,1.194,-1.621934,gps_course,15,21.798,,,,,,,0.000000,0.0000,,,STOP_ROUTE_ERROR
111.427630,129.088910833333,35.074482500000,508105.903,3881306.556,1.194,-1.621934,gps_course,15,21.798,,,,,,,0.000000,0.0000,,,STOP_ROUTE_ERROR
111.477508,129.088910833333,35.074482500000,508105.903,3881306.556,1.194,-1.621934,gps_course,15,21.798,,,,,,,0.000000,0.0000,,,STOP_ROUTE_ERROR
111.529279,129.088910833333,35.074482500000,508105.903,3881306.556,1.194,-1.621934,gps_course,15,21.798,,,,,,,0.000000,0.0000,,,STOP_ROUTE_ERROR
111.577429,129.088910333333,35.074479833333,508105.858,3881306.260,1.242,-1.757896,gps_course,15,21.707,,,,,,,0.000000,0.0000,,,STOP_ROUTE_ERROR
111.627617,129.088910333333,35.074479833333,508105.858,3881306.260,1.242,-1.757896,gps_course,15,21.707,,,,,,,0.000000,0.0000,,,STOP_ROUTE_ERROR
111.677766,129.088910333333,35.074479833333,508105.858,3881306.260,1.242,-1.757896,gps_course,15,21.707,,,,,,,0.000000,0.0000,,,STOP_ROUTE_ERROR
111.727468,129.088910333333,35.074479833333,508105.858,3881306.260,1.242,-1.757896,gps_course,15,21.707,,,,,,,0.000000,0.0000,,,STOP_ROUTE_ERROR
111.779617,129.088910333333,35.074479833333,508105.858,3881306.260,1.242,-1.757896,gps_course,15,21.707,,,,,,,0.000000,0.0000,,,STOP_ROUTE_ERROR
111.827515,129.088910333333,35.074479833333,508105.858,3881306.260,1.242,-1.757896,gps_course,15,21.707,,,,,,,0.000000,0.0000,,,STOP_ROUTE_ERROR
111.877596,129.088909833333,35.074478500000,508105.812,3881306.112,0.676,-1.896649,gps_course,15,21.641,,,,,,,0.000000,0.0000,,,STOP_ROUTE_ERROR
111.927497,129.088909833333,35.074478500000,508105.812,3881306.112,0.676,-1.896649,gps_course,15,21.641,,,,,,,0.000000,0.0000,,,STOP_ROUTE_ERROR
111.977597,129.088909833333,35.074478500000,508105.812,3881306.112,0.676,-1.896649,gps_course,15,21.641,,,,,,,0.000000,0.0000,,,STOP_ROUTE_ERROR
112.027506,129.088909833333,35.074478500000,508105.812,3881306.112,0.676,-1.896649,gps_course,15,21.641,,,,,,,0.000000,0.0000,,,STOP_ROUTE_ERROR
112.077500,129.088909833333,35.074478500000,508105.812,3881306.112,0.676,-1.896649,gps_course,15,21.641,,,,,,,0.000000,0.0000,,,STOP_ROUTE_ERROR
112.127688,129.088909666667,35.074478166667,508105.797,3881306.075,0.082,-1.896649,gps_course,15,21.620,,,,,,,0.000000,0.0000,,,STOP_ROUTE_ERROR
112.177548,129.088909666667,35.074478166667,508105.797,3881306.075,0.082,-1.896649,gps_course,15,21.620,,,,,,,0.000000,0.0000,,,STOP_ROUTE_ERROR
112.227622,129.088909666667,35.074478166667,508105.797,3881306.075,0.082,-1.896649,gps_course,15,21.620,,,,,,,0.000000,0.0000,,,STOP_ROUTE_ERROR
112.277512,129.088909666667,35.074478166667,508105.797,3881306.075,0.082,-1.896649,gps_course,15,21.620,,,,,,,0.000000,0.0000,,,STOP_ROUTE_ERROR
112.327728,129.088909833333,35.074478333333,508105.812,3881306.093,0.045,-1.896649,gps_course,15,21.638,,,,,,,0.000000,0.0000,,,STOP_ROUTE_ERROR
112.377485,129.088909833333,35.074478333333,508105.812,3881306.093,0.045,-1.896649,gps_course,15,21.638,,,,,,,0.000000,0.0000,,,STOP_ROUTE_ERROR
112.427542,129.088909833333,35.074478333333,508105.812,3881306.093,0.045,-1.896649,gps_course,15,21.638,,,,,,,0.000000,0.0000,,,STOP_ROUTE_ERROR
112.477883,129.088909833333,35.074478333333,508105.812,3881306.093,0.045,-1.896649,gps_course,15,21.638,,,,,,,0.000000,0.0000,,,STOP_ROUTE_ERROR
112.527507,129.088909833333,35.074478333333,508105.812,3881306.093,0.045,-1.896649,gps_course,15,21.638,,,,,,,0.000000,0.0000,,,STOP_ROUTE_ERROR
112.577537,129.088909833333,35.074478500000,508105.812,3881306.112,0.045,-1.896649,gps_course,15,21.641,,,,,,,0.000000,0.0000,,,STOP_ROUTE_ERROR
112.627519,129.088909833333,35.074478500000,508105.812,3881306.112,0.045,-1.896649,gps_course,15,21.641,,,,,,,0.000000,0.0000,,,STOP_ROUTE_ERROR
112.677567,129.088909833333,35.074478500000,508105.812,3881306.112,0.045,-1.896649,gps_course,15,21.641,,,,,,,0.000000,0.0000,,,STOP_ROUTE_ERROR
112.727393,129.088909833333,35.074478500000,508105.812,3881306.112,0.045,-1.896649,gps_course,15,21.641,,,,,,,0.000000,0.0000,,,STOP_ROUTE_ERROR
112.777957,129.088909833333,35.074478500000,508105.812,3881306.112,0.045,-1.896649,gps_course,15,21.641,,,,,,,0.000000,0.0000,,,STOP_ROUTE_ERROR
112.827617,129.088909833333,35.074478666667,508105.812,3881306.130,0.045,-1.896649,gps_course,15,21.643,,,,,,,0.000000,0.0000,,,STOP_ROUTE_ERROR
112.877522,129.088909833333,35.074478666667,508105.812,3881306.130,0.045,-1.896649,gps_course,15,21.643,,,,,,,0.000000,0.0000,,,STOP_ROUTE_ERROR
112.927830,129.088909833333,35.074478666667,508105.812,3881306.130,0.045,-1.896649,gps_course,15,21.643,,,,,,,0.000000,0.0000,,,STOP_ROUTE_ERROR
112.977500,129.088909833333,35.074478666667,508105.812,3881306.130,0.045,-1.896649,gps_course,15,21.643,,,,,,,0.000000,0.0000,,,STOP_ROUTE_ERROR
113.027524,129.088909833333,35.074478666667,508105.812,3881306.130,0.045,-1.896649,gps_course,15,21.643,,,,,,,0.000000,0.0000,,,STOP_ROUTE_ERROR
113.077492,129.088909833333,35.074478666667,508105.812,3881306.130,0.045,-1.896649,gps_course,15,21.643,,,,,,,0.000000,0.0000,,,STOP_ROUTE_ERROR
113.127612,129.088909833333,35.074478500000,508105.812,3881306.112,0.045,-1.896649,gps_course,15,21.641,,,,,,,0.000000,0.0000,,,STOP_ROUTE_ERROR
113.177766,129.088909833333,35.074478500000,508105.812,3881306.112,0.045,-1.896649,gps_course,15,21.641,,,,,,,0.000000,0.0000,,,STOP_ROUTE_ERROR
113.227539,129.088909833333,35.074478500000,508105.812,3881306.112,0.045,-1.896649,gps_course,15,21.641,,,,,,,0.000000,0.0000,,,STOP_ROUTE_ERROR
113.277577,129.088909833333,35.074478500000,508105.812,3881306.112,0.045,-1.896649,gps_course,15,21.641,,,,,,,0.000000,0.0000,,,STOP_ROUTE_ERROR
113.327421,129.088909833333,35.074478500000,508105.812,3881306.112,0.045,-1.896649,gps_course,15,21.641,,,,,,,0.000000,0.0000,,,STOP_ROUTE_ERROR
113.377756,129.088909833333,35.074478500000,508105.812,3881306.112,0.045,-1.896649,gps_course,15,21.641,,,,,,,0.000000,0.0000,,,STOP_ROUTE_ERROR
113.427449,129.088909833333,35.074478500000,508105.812,3881306.112,0.045,-1.896649,gps_course,15,21.641,,,,,,,0.000000,0.0000,,,STOP_ROUTE_ERROR
113.477527,129.088909833333,35.074478500000,508105.812,3881306.112,0.045,-1.896649,gps_course,15,21.641,,,,,,,0.000000,0.0000,,,STOP_ROUTE_ERROR
113.527633,129.088909833333,35.074478500000,508105.812,3881306.112,0.045,-1.896649,gps_course,15,21.641,,,,,,,0.000000,0.0000,,,STOP_ROUTE_ERROR
113.577708,129.088909833333,35.074478333333,508105.812,3881306.093,0.045,-1.896649,gps_course,15,21.638,,,,,,,0.000000,0.0000,,,STOP_ROUTE_ERROR
113.627642,129.088909833333,35.074478333333,508105.812,3881306.093,0.045,-1.896649,gps_course,15,21.638,,,,,,,0.000000,0.0000,,,STOP_ROUTE_ERROR
113.677550,129.088909833333,35.074478333333,508105.812,3881306.093,0.045,-1.896649,gps_course,15,21.638,,,,,,,0.000000,0.0000,,,STOP_ROUTE_ERROR
113.727468,129.088909833333,35.074478333333,508105.812,3881306.093,0.045,-1.896649,gps_course,15,21.638,,,,,,,0.000000,0.0000,,,STOP_ROUTE_ERROR
113.777481,129.088909833333,35.074478333333,508105.812,3881306.093,0.045,-1.896649,gps_course,15,21.638,,,,,,,0.000000,0.0000,,,STOP_ROUTE_ERROR
113.827556,129.088909666667,35.074478166667,508105.797,3881306.075,0.045,-1.896649,gps_course,15,21.620,,,,,,,0.000000,0.0000,,,STOP_ROUTE_ERROR
113.877496,129.088909666667,35.074478166667,508105.797,3881306.075,0.045,-1.896649,gps_course,15,21.620,,,,,,,0.000000,0.0000,,,STOP_ROUTE_ERROR
113.927734,129.088909666667,35.074478166667,508105.797,3881306.075,0.045,-1.896649,gps_course,15,21.620,,,,,,,0.000000,0.0000,,,STOP_ROUTE_ERROR
113.977526,129.088909666667,35.074478166667,508105.797,3881306.075,0.045,-1.896649,gps_course,15,21.620,,,,,,,0.000000,0.0000,,,STOP_ROUTE_ERROR
114.027795,129.088909666667,35.074478166667,508105.797,3881306.075,0.045,-1.896649,gps_course,15,21.620,,,,,,,0.000000,0.0000,,,STOP_ROUTE_ERROR
114.077666,129.088909666667,35.074478166667,508105.797,3881306.075,0.045,-1.896649,gps_course,15,21.620,,,,,,,0.000000,0.0000,,,STOP_ROUTE_ERROR
114.127492,129.088909666667,35.074478000000,508105.797,3881306.056,0.045,-1.896649,gps_course,15,21.618,,,,,,,0.000000,0.0000,,,STOP_ROUTE_ERROR
114.177585,129.088909666667,35.074478000000,508105.797,3881306.056,0.045,-1.896649,gps_course,15,21.618,,,,,,,0.000000,0.0000,,,STOP_ROUTE_ERROR
114.227512,129.088909666667,35.074478000000,508105.797,3881306.056,0.045,-1.896649,gps_course,15,21.618,,,,,,,0.000000,0.0000,,,STOP_ROUTE_ERROR
114.277644,129.088909666667,35.074478000000,508105.797,3881306.056,0.045,-1.896649,gps_course,15,21.618,,,,,,,0.000000,0.0000,,,STOP_ROUTE_ERROR
114.327614,129.088909500000,35.074477666667,508105.782,3881306.019,0.045,-1.896649,gps_course,15,21.598,,,,,,,0.000000,0.0000,,,STOP_ROUTE_ERROR
114.377688,129.088909500000,35.074477666667,508105.782,3881306.019,0.045,-1.896649,gps_course,15,21.598,,,,,,,0.000000,0.0000,,,STOP_ROUTE_ERROR
114.427676,129.088909500000,35.074477666667,508105.782,3881306.019,0.045,-1.896649,gps_course,15,21.598,,,,,,,0.000000,0.0000,,,STOP_ROUTE_ERROR
114.477497,129.088909500000,35.074477666667,508105.782,3881306.019,0.045,-1.896649,gps_course,15,21.598,,,,,,,0.000000,0.0000,,,STOP_ROUTE_ERROR
114.527641,129.088909500000,35.074477666667,508105.782,3881306.019,0.045,-1.896649,gps_course,15,21.598,,,,,,,0.000000,0.0000,,,STOP_ROUTE_ERROR
114.577509,129.088909333333,35.074477333333,508105.767,3881305.982,0.182,-1.991944,gps_course,15,21.578,,,,,,,0.000000,0.0000,,,STOP_ROUTE_ERROR
114.627783,129.088909333333,35.074477333333,508105.767,3881305.982,0.182,-1.991944,gps_course,15,21.578,,,,,,,0.000000,0.0000,,,STOP_ROUTE_ERROR
114.677479,129.088909333333,35.074477333333,508105.767,3881305.982,0.182,-1.991944,gps_course,15,21.578,,,,,,,0.000000,0.0000,,,STOP_ROUTE_ERROR
114.729112,129.088909333333,35.074477333333,508105.767,3881305.982,0.182,-1.991944,gps_course,15,21.578,,,,,,,0.000000,0.0000,,,STOP_ROUTE_ERROR
114.777507,129.088909333333,35.074477333333,508105.767,3881305.982,0.182,-1.991944,gps_course,15,21.578,,,,,,,0.000000,0.0000,,,STOP_ROUTE_ERROR
114.827836,129.088909333333,35.074477333333,508105.767,3881305.982,0.203,-1.863837,gps_course,15,21.578,,,,,,,0.000000,0.0000,,,STOP_ROUTE_ERROR
114.877631,129.088909166667,35.074476833333,508105.752,3881305.927,0.203,-1.863837,gps_course,15,21.555,,,,,,,0.000000,0.0000,,,STOP_ROUTE_ERROR
114.927534,129.088909166667,35.074476833333,508105.752,3881305.927,0.203,-1.863837,gps_course,15,21.555,,,,,,,0.000000,0.0000,,,STOP_ROUTE_ERROR
114.978102,129.088909166667,35.074476833333,508105.752,3881305.927,0.203,-1.863837,gps_course,15,21.555,,,,,,,0.000000,0.0000,,,STOP_ROUTE_ERROR
115.027441,129.088909166667,35.074476833333,508105.752,3881305.927,0.203,-1.863837,gps_course,15,21.555,,,,,,,0.000000,0.0000,,,STOP_ROUTE_ERROR
115.077607,129.088909166667,35.074476833333,508105.752,3881305.927,0.203,-1.863837,gps_course,15,21.555,,,,,,,0.000000,0.0000,,,STOP_ROUTE_ERROR
115.127699,129.088908833333,35.074476333333,508105.721,3881305.871,0.229,-1.983218,gps_course,15,21.518,,,,,,,0.000000,0.0000,,,STOP_ROUTE_ERROR
115.177735,129.088908833333,35.074476333333,508105.721,3881305.871,0.229,-1.983218,gps_course,15,21.518,,,,,,,0.000000,0.0000,,,STOP_ROUTE_ERROR
115.227631,129.088908833333,35.074476333333,508105.721,3881305.871,0.229,-1.983218,gps_course,15,21.518,,,,,,,0.000000,0.0000,,,STOP_ROUTE_ERROR
115.277660,129.088908833333,35.074476333333,508105.721,3881305.871,0.229,-1.983218,gps_course,15,21.518,,,,,,,0.000000,0.0000,,,STOP_ROUTE_ERROR
115.327433,129.088908666667,35.074475833333,508105.706,3881305.816,0.273,-1.986359,gps_course,15,21.496,,,,,,,0.000000,0.0000,,,STOP_ROUTE_ERROR
115.377511,129.088908666667,35.074475833333,508105.706,3881305.816,0.273,-1.986359,gps_course,15,21.496,,,,,,,0.000000,0.0000,,,STOP_ROUTE_ERROR
115.427908,129.088908666667,35.074475833333,508105.706,3881305.816,0.273,-1.986359,gps_course,15,21.496,,,,,,,0.000000,0.0000,,,STOP_ROUTE_ERROR
115.477482,129.088908666667,35.074475833333,508105.706,3881305.816,0.273,-1.986359,gps_course,15,21.496,,,,,,,0.000000,0.0000,,,STOP_ROUTE_ERROR
115.527552,129.088908666667,35.074475833333,508105.706,3881305.816,0.273,-1.986359,gps_course,15,21.496,,,,,,,0.000000,0.0000,,,STOP_ROUTE_ERROR
115.577466,129.088908333333,35.074475166667,508105.676,3881305.742,0.312,-1.977458,gps_course,15,21.456,,,,,,,0.000000,0.0000,,,STOP_ROUTE_ERROR
115.627469,129.088908333333,35.074475166667,508105.676,3881305.742,0.312,-1.977458,gps_course,15,21.456,,,,,,,0.000000,0.0000,,,STOP_ROUTE_ERROR
115.677684,129.088908333333,35.074475166667,508105.676,3881305.742,0.312,-1.977458,gps_course,15,21.456,,,,,,,0.000000,0.0000,,,STOP_ROUTE_ERROR
115.727386,129.088908333333,35.074475166667,508105.676,3881305.742,0.312,-1.977458,gps_course,15,21.456,,,,,,,0.000000,0.0000,,,STOP_ROUTE_ERROR
115.777712,129.088908333333,35.074475166667,508105.676,3881305.742,0.312,-1.977458,gps_course,15,21.456,,,,,,,0.000000,0.0000,,,STOP_ROUTE_ERROR
115.827481,129.088907833333,35.074474500000,508105.630,3881305.668,0.343,-2.085145,gps_course,15,21.402,,,,,,,0.000000,0.0000,,,STOP_ROUTE_ERROR
115.877759,129.088907833333,35.074474500000,508105.630,3881305.668,0.343,-2.085145,gps_course,15,21.402,,,,,,,0.000000,0.0000,,,STOP_ROUTE_ERROR
115.927634,129.088907833333,35.074474500000,508105.630,3881305.668,0.343,-2.085145,gps_course,15,21.402,,,,,,,0.000000,0.0000,,,STOP_ROUTE_ERROR
115.977648,129.088907833333,35.074474500000,508105.630,3881305.668,0.343,-2.085145,gps_course,15,21.402,,,,,,,0.000000,0.0000,,,STOP_ROUTE_ERROR
116.027724,129.088907833333,35.074474500000,508105.630,3881305.668,0.343,-2.085145,gps_course,15,21.402,,,,,,,0.000000,0.0000,,,STOP_ROUTE_ERROR
116.077529,129.088907833333,35.074474500000,508105.630,3881305.668,0.343,-2.085145,gps_course,15,21.402,,,,,,,0.000000,0.0000,,,STOP_ROUTE_ERROR
116.127724,129.088907333333,35.074473833333,508105.585,3881305.594,0.352,-2.089159,gps_course,15,21.348,,,,,,,0.000000,0.0000,,,STOP_ROUTE_ERROR
116.177577,129.088907333333,35.074473833333,508105.585,3881305.594,0.352,-2.089159,gps_course,15,21.348,,,,,,,0.000000,0.0000,,,STOP_ROUTE_ERROR
116.227759,129.088907333333,35.074473833333,508105.585,3881305.594,0.352,-2.089159,gps_course,15,21.348,,,,,,,0.000000,0.0000,,,STOP_ROUTE_ERROR
116.277605,129.088907333333,35.074473833333,508105.585,3881305.594,0.352,-2.089159,gps_course,15,21.348,,,,,,,0.000000,0.0000,,,STOP_ROUTE_ERROR
116.329726,129.088906666667,35.074473000000,508105.524,3881305.502,0.424,-2.105914,gps_course,15,21.276,,,,,,,0.000000,0.0000,,,STOP_ROUTE_ERROR
116.377478,129.088906666667,35.074473000000,508105.524,3881305.502,0.424,-2.105914,gps_course,15,21.276,,,,,,,0.000000,0.0000,,,STOP_ROUTE_ERROR
116.427576,129.088906666667,35.074473000000,508105.524,3881305.502,0.424,-2.105914,gps_course,15,21.276,,,,,,,0.000000,0.0000,,,STOP_ROUTE_ERROR
116.477649,129.088906666667,35.074473000000,508105.524,3881305.502,0.424,-2.105914,gps_course,15,21.276,,,,,,,0.000000,0.0000,,,STOP_ROUTE_ERROR
116.527645,129.088906666667,35.074473000000,508105.524,3881305.502,0.424,-2.105914,gps_course,15,21.276,,,,,,,0.000000,0.0000,,,STOP_ROUTE_ERROR
116.579214,129.088906000000,35.074472166667,508105.463,3881305.409,0.449,-2.182360,gps_course,15,21.206,,,,,,,0.000000,0.0000,,,STOP_ROUTE_ERROR
116.627512,129.088906000000,35.074472166667,508105.463,3881305.409,0.449,-2.182360,gps_course,15,21.206,,,,,,,0.000000,0.0000,,,STOP_ROUTE_ERROR
116.677650,129.088906000000,35.074472166667,508105.463,3881305.409,0.449,-2.182360,gps_course,15,21.206,,,,,,,0.000000,0.0000,,,STOP_ROUTE_ERROR
116.727555,129.088906000000,35.074472166667,508105.463,3881305.409,0.449,-2.182360,gps_course,15,21.206,,,,,,,0.000000,0.0000,,,STOP_ROUTE_ERROR
116.778003,129.088906000000,35.074472166667,508105.463,3881305.409,0.449,-2.182360,gps_course,15,21.206,,,,,,,0.000000,0.0000,,,STOP_ROUTE_ERROR
116.827679,129.088905166667,35.074471333333,508105.388,3881305.317,0.494,-2.205747,gps_course,15,21.120,,,,,,,0.000000,0.0000,,,STOP_ROUTE_ERROR
116.877496,129.088905166667,35.074471333333,508105.388,3881305.317,0.494,-2.205747,gps_course,15,21.120,,,,,,,0.000000,0.0000,,,STOP_ROUTE_ERROR
116.927873,129.088905166667,35.074471333333,508105.388,3881305.317,0.494,-2.205747,gps_course,15,21.120,,,,,,,0.000000,0.0000,,,STOP_ROUTE_ERROR
116.977496,129.088905166667,35.074471333333,508105.388,3881305.317,0.494,-2.205747,gps_course,15,21.120,,,,,,,0.000000,0.0000,,,STOP_ROUTE_ERROR
117.027612,129.088905166667,35.074471333333,508105.388,3881305.317,0.494,-2.205747,gps_course,15,21.120,,,,,,,0.000000,0.0000,,,STOP_ROUTE_ERROR
117.077519,129.088905166667,35.074471333333,508105.388,3881305.317,0.494,-2.205747,gps_course,15,21.120,,,,,,,0.000000,0.0000,,,STOP_ROUTE_ERROR
117.128653,129.088904500000,35.074470333333,508105.327,3881305.206,0.485,-2.221455,gps_course,15,21.048,,,,,,,0.000000,0.0000,,,STOP_ROUTE_ERROR
117.177482,129.088904500000,35.074470333333,508105.327,3881305.206,0.485,-2.221455,gps_course,15,21.048,,,,,,,0.000000,0.0000,,,STOP_ROUTE_ERROR
117.227493,129.088904500000,35.074470333333,508105.327,3881305.206,0.485,-2.221455,gps_course,15,21.048,,,,,,,0.000000,0.0000,,,STOP_ROUTE_ERROR
117.277621,129.088904500000,35.074470333333,508105.327,3881305.206,0.485,-2.221455,gps_course,15,21.048,,,,,,,0.000000,0.0000,,,STOP_ROUTE_ERROR
117.327464,129.088903500000,35.074469333333,508105.236,3881305.095,0.562,-2.267881,gps_course,15,20.946,,,,,,,0.000000,0.0000,,,STOP_ROUTE_ERROR
117.377620,129.088903500000,35.074469333333,508105.236,3881305.095,0.562,-2.267881,gps_course,15,20.946,,,,,,,0.000000,0.0000,,,STOP_ROUTE_ERROR
117.427482,129.088903500000,35.074469333333,508105.236,3881305.095,0.562,-2.267881,gps_course,15,20.946,,,,,,,0.000000,0.0000,,,STOP_ROUTE_ERROR
117.477679,129.088903500000,35.074469333333,508105.236,3881305.095,0.562,-2.267881,gps_course,15,20.946,,,,,,,0.000000,0.0000,,,STOP_ROUTE_ERROR
117.527485,129.088903500000,35.074469333333,508105.236,3881305.095,0.562,-2.267881,gps_course,15,20.946,,,,,,,0.000000,0.0000,,,STOP_ROUTE_ERROR
117.578388,129.088902333333,35.074468500000,508105.130,3881305.002,0.581,-2.421644,gps_course,15,20.832,,,,,,,0.000000,0.0000,,,STOP_ROUTE_ERROR
117.627484,129.088902333333,35.074468500000,508105.130,3881305.002,0.581,-2.421644,gps_course,15,20.832,,,,,,,0.000000,0.0000,,,STOP_ROUTE_ERROR
117.677439,129.088902333333,35.074468500000,508105.130,3881305.002,0.581,-2.421644,gps_course,15,20.832,,,,,,,0.000000,0.0000,,,STOP_ROUTE_ERROR
117.727677,129.088902333333,35.074468500000,508105.130,3881305.002,0.581,-2.421644,gps_course,15,20.832,,,,,,,0.000000,0.0000,,,STOP_ROUTE_ERROR
117.777475,129.088902333333,35.074468500000,508105.130,3881305.002,0.581,-2.421644,gps_course,15,20.832,,,,,,,0.000000,0.0000,,,STOP_ROUTE_ERROR
117.828330,129.088901000000,35.074467500000,508105.008,3881304.891,0.628,-2.365619,gps_course,15,20.700,,,,,,,0.000000,0.0000,,,STOP_ROUTE_ERROR
117.877486,129.088901000000,35.074467500000,508105.008,3881304.891,0.628,-2.365619,gps_course,15,20.700,,,,,,,0.000000,0.0000,,,STOP_ROUTE_ERROR
117.929509,129.088901000000,35.074467500000,508105.008,3881304.891,0.628,-2.365619,gps_course,15,20.700,,,,,,,0.000000,0.0000,,,STOP_ROUTE_ERROR
117.977526,129.088901000000,35.074467500000,508105.008,3881304.891,0.628,-2.365619,gps_course,15,20.700,,,,,,,0.000000,0.0000,,,STOP_ROUTE_ERROR
118.027514,129.088901000000,35.074467500000,508105.008,3881304.891,0.628,-2.365619,gps_course,15,20.700,,,,,,,0.000000,0.0000,,,STOP_ROUTE_ERROR
118.077644,129.088901000000,35.074467500000,508105.008,3881304.891,0.628,-2.365619,gps_course,15,20.700,,,,,,,0.000000,0.0000,,,STOP_ROUTE_ERROR
118.127513,129.088899666667,35.074466500000,508104.887,3881304.780,0.659,-2.451315,gps_course,15,20.570,,,,,,,0.000000,0.0000,,,STOP_ROUTE_ERROR
118.177699,129.088899666667,35.074466500000,508104.887,3881304.780,0.659,-2.451315,gps_course,15,20.570,,,,,,,0.000000,0.0000,,,STOP_ROUTE_ERROR
118.227510,129.088899666667,35.074466500000,508104.887,3881304.780,0.659,-2.451315,gps_course,15,20.570,,,,,,,0.000000,0.0000,,,STOP_ROUTE_ERROR
118.277514,129.088899666667,35.074466500000,508104.887,3881304.780,0.659,-2.451315,gps_course,15,20.570,,,,,,,0.000000,0.0000,,,STOP_ROUTE_ERROR
118.327440,129.088898166667,35.074465500000,508104.750,3881304.669,0.708,-2.420423,gps_course,15,20.424,,,,,,,0.000000,0.0000,,,STOP_ROUTE_ERROR
118.377876,129.088898166667,35.074465500000,508104.750,3881304.669,0.708,-2.420423,gps_course,15,20.424,,,,,,,0.000000,0.0000,,,STOP_ROUTE_ERROR
118.427483,129.088898166667,35.074465500000,508104.750,3881304.669,0.708,-2.420423,gps_course,15,20.424,,,,,,,0.000000,0.0000,,,STOP_ROUTE_ERROR
118.477573,129.088898166667,35.074465500000,508104.750,3881304.669,0.708,-2.420423,gps_course,15,20.424,,,,,,,0.000000,0.0000,,,STOP_ROUTE_ERROR
118.527536,129.088898166667,35.074465500000,508104.750,3881304.669,0.708,-2.420423,gps_course,15,20.424,,,,,,,0.000000,0.0000,,,STOP_ROUTE_ERROR
118.577471,129.088896666667,35.074464500000,508104.613,3881304.558,0.720,-2.454107,gps_course,15,20.280,,,,,,,0.000000,0.0000,,,STOP_ROUTE_ERROR
118.627713,129.088896666667,35.074464500000,508104.613,3881304.558,0.720,-2.454107,gps_course,15,20.280,,,,,,,0.000000,0.0000,,,STOP_ROUTE_ERROR
118.677445,129.088896666667,35.074464500000,508104.613,3881304.558,0.720,-2.454107,gps_course,15,20.280,,,,,,,0.000000,0.0000,,,STOP_ROUTE_ERROR
118.728208,129.088896666667,35.074464500000,508104.613,3881304.558,0.720,-2.454107,gps_course,15,20.280,,,,,,,0.000000,0.0000,,,STOP_ROUTE_ERROR
118.777503,129.088896666667,35.074464500000,508104.613,3881304.558,0.720,-2.454107,gps_course,15,20.280,,,,,,,0.000000,0.0000,,,STOP_ROUTE_ERROR
118.827538,129.088896666667,35.074464500000,508104.613,3881304.558,0.720,-2.454107,gps_course,15,20.280,,,,,,,0.000000,0.0000,,,STOP_ROUTE_ERROR
118.877647,129.088895000000,35.074463333333,508104.461,3881304.429,0.807,-2.463009,gps_course,15,20.119,,,,,,,0.000000,0.0000,,,STOP_ROUTE_ERROR
118.927513,129.088895000000,35.074463333333,508104.461,3881304.429,0.807,-2.463009,gps_course,15,20.119,,,,,,,0.000000,0.0000,,,STOP_ROUTE_ERROR
118.977728,129.088895000000,35.074463333333,508104.461,3881304.429,0.807,-2.463009,gps_course,15,20.119,,,,,,,0.000000,0.0000,,,STOP_ROUTE_ERROR
119.027505,129.088895000000,35.074463333333,508104.461,3881304.429,0.807,-2.463009,gps_course,15,20.119,,,,,,,0.000000,0.0000,,,STOP_ROUTE_ERROR
119.077692,129.088895000000,35.074463333333,508104.461,3881304.429,0.807,-2.463009,gps_course,15,20.119,,,,,,,0.000000,0.0000,,,STOP_ROUTE_ERROR
119.127625,129.088893166667,35.074462333333,508104.294,3881304.318,0.794,-2.542596,gps_course,15,19.945,,,,,,,0.000000,0.0000,,,STOP_ROUTE_ERROR
119.177614,129.088893166667,35.074462333333,508104.294,3881304.318,0.794,-2.542596,gps_course,15,19.945,,,,,,,0.000000,0.0000,,,STOP_ROUTE_ERROR
119.227523,129.088893166667,35.074462333333,508104.294,3881304.318,0.794,-2.542596,gps_course,15,19.945,,,,,,,0.000000,0.0000,,,STOP_ROUTE_ERROR
119.277632,129.088893166667,35.074462333333,508104.294,3881304.318,0.794,-2.542596,gps_course,15,19.945,,,,,,,0.000000,0.0000,,,STOP_ROUTE_ERROR
119.327437,129.088891166667,35.074461333333,508104.112,3881304.207,0.831,-2.545214,gps_course,15,19.756,,,,,,,0.000000,0.0000,,,STOP_ROUTE_ERROR
119.377542,129.088891166667,35.074461333333,508104.112,3881304.207,0.831,-2.545214,gps_course,15,19.756,,,,,,,0.000000,0.0000,,,STOP_ROUTE_ERROR
119.428136,129.088891166667,35.074461333333,508104.112,3881304.207,0.831,-2.545214,gps_course,15,19.756,,,,,,,0.000000,0.0000,,,STOP_ROUTE_ERROR
119.477494,129.088891166667,35.074461333333,508104.112,3881304.207,0.831,-2.545214,gps_course,15,19.756,,,,,,,0.000000,0.0000,,,STOP_ROUTE_ERROR
119.527641,129.088891166667,35.074461333333,508104.112,3881304.207,0.831,-2.545214,gps_course,15,19.756,,,,,,,0.000000,0.0000,,,STOP_ROUTE_ERROR
119.577537,129.088889166667,35.074460166667,508103.930,3881304.077,0.872,-2.596177,gps_course,15,19.567,,,,,,,0.000000,0.0000,,,STOP_ROUTE_ERROR
119.627997,129.088889166667,35.074460166667,508103.930,3881304.077,0.872,-2.596177,gps_course,15,19.567,,,,,,,0.000000,0.0000,,,STOP_ROUTE_ERROR
119.677659,129.088889166667,35.074460166667,508103.930,3881304.077,0.872,-2.596177,gps_course,15,19.567,,,,,,,0.000000,0.0000,,,STOP_ROUTE_ERROR
119.727501,129.088889166667,35.074460166667,508103.930,3881304.077,0.872,-2.596177,gps_course,15,19.567,,,,,,,0.000000,0.0000,,,STOP_ROUTE_ERROR
119.778616,129.088889166667,35.074460166667,508103.930,3881304.077,0.872,-2.596177,gps_course,15,19.567,,,,,,,0.000000,0.0000,,,STOP_ROUTE_ERROR
119.827468,129.088887000000,35.074459166667,508103.733,3881303.966,0.905,-2.647839,gps_course,15,19.364,,,,,,,0.000000,0.0000,,,STOP_ROUTE_ERROR
119.877640,129.088887000000,35.074459166667,508103.733,3881303.966,0.905,-2.647839,gps_course,15,19.364,,,,,,,0.000000,0.0000,,,STOP_ROUTE_ERROR
119.927720,129.088887000000,35.074459166667,508103.733,3881303.966,0.905,-2.647839,gps_course,15,19.364,,,,,,,0.000000,0.0000,,,STOP_ROUTE_ERROR
119.977608,129.088887000000,35.074459166667,508103.733,3881303.966,0.905,-2.647839,gps_course,15,19.364,,,,,,,0.000000,0.0000,,,STOP_ROUTE_ERROR
120.027508,129.088887000000,35.074459166667,508103.733,3881303.966,0.905,-2.647839,gps_course,15,19.364,,,,,,,0.000000,0.0000,,,STOP_ROUTE_ERROR
120.077502,129.088887000000,35.074459166667,508103.733,3881303.966,0.905,-2.647839,gps_course,15,19.364,,,,,,,0.000000,0.0000,,,STOP_ROUTE_ERROR
120.127610,129.088884666667,35.074458333333,508103.520,3881303.873,0.959,-2.652202,gps_course,15,19.148,,,,,,,0.000000,0.0000,,,STOP_ROUTE_ERROR
120.177507,129.088884666667,35.074458333333,508103.520,3881303.873,0.959,-2.652202,gps_course,15,19.148,,,,,,,0.000000,0.0000,,,STOP_ROUTE_ERROR
120.228419,129.088884666667,35.074458333333,508103.520,3881303.873,0.959,-2.652202,gps_course,15,19.148,,,,,,,0.000000,0.0000,,,STOP_ROUTE_ERROR
120.277492,129.088884666667,35.074458333333,508103.520,3881303.873,0.959,-2.652202,gps_course,15,19.148,,,,,,,0.000000,0.0000,,,STOP_ROUTE_ERROR
120.328450,129.088882333333,35.074457333333,508103.307,3881303.762,0.970,-2.688505,gps_course,15,18.931,,,,,,,0.000000,0.0000,,,STOP_ROUTE_ERROR
120.377508,129.088882333333,35.074457333333,508103.307,3881303.762,0.970,-2.688505,gps_course,15,18.931,,,,,,,0.000000,0.0000,,,STOP_ROUTE_ERROR
120.427659,129.088882333333,35.074457333333,508103.307,3881303.762,0.970,-2.688505,gps_course,15,18.931,,,,,,,0.000000,0.0000,,,STOP_ROUTE_ERROR
120.477732,129.088882333333,35.074457333333,508103.307,3881303.762,0.970,-2.688505,gps_course,15,18.931,,,,,,,0.000000,0.0000,,,STOP_ROUTE_ERROR
120.527593,129.088882333333,35.074457333333,508103.307,3881303.762,0.970,-2.688505,gps_course,15,18.931,,,,,,,0.000000,0.0000,,,STOP_ROUTE_ERROR
120.577665,129.088879833333,35.074456166667,508103.079,3881303.633,1.029,-2.667561,gps_course,15,18.698,,,,,,,0.000000,0.0000,,,STOP_ROUTE_ERROR
120.627491,129.088879833333,35.074456166667,508103.079,3881303.633,1.029,-2.667561,gps_course,15,18.698,,,,,,,0.000000,0.0000,,,STOP_ROUTE_ERROR
120.677614,129.088879833333,35.074456166667,508103.079,3881303.633,1.029,-2.667561,gps_course,15,18.698,,,,,,,0.000000,0.0000,,,STOP_ROUTE_ERROR
120.727380,129.088879833333,35.074456166667,508103.079,3881303.633,1.029,-2.667561,gps_course,15,18.698,,,,,,,0.000000,0.0000,,,STOP_ROUTE_ERROR
120.777649,129.088879833333,35.074456166667,508103.079,3881303.633,1.029,-2.667561,gps_course,15,18.698,,,,,,,0.000000,0.0000,,,STOP_ROUTE_ERROR
120.827703,129.088879833333,35.074456166667,508103.079,3881303.633,1.029,-2.667561,gps_course,15,18.698,,,,,,,0.000000,0.0000,,,STOP_ROUTE_ERROR
120.877849,129.088877166667,35.074455166667,508102.836,3881303.522,1.067,-2.694439,gps_course,15,18.452,,,,,,,0.000000,0.0000,,,STOP_ROUTE_ERROR
120.927638,129.088877166667,35.074455166667,508102.836,3881303.522,1.067,-2.694439,gps_course,15,18.452,,,,,,,0.000000,0.0000,,,STOP_ROUTE_ERROR
120.977546,129.088877166667,35.074455166667,508102.836,3881303.522,1.067,-2.694439,gps_course,15,18.452,,,,,,,0.000000,0.0000,,,STOP_ROUTE_ERROR
121.029674,129.088877166667,35.074455166667,508102.836,3881303.522,1.067,-2.694439,gps_course,15,18.452,,,,,,,0.000000,0.0000,,,STOP_ROUTE_ERROR
121.077499,129.088877166667,35.074455166667,508102.836,3881303.522,1.067,-2.694439,gps_course,15,18.452,,,,,,,0.000000,0.0000,,,STOP_ROUTE_ERROR
121.127665,129.088874500000,35.074454166667,508102.593,3881303.410,1.084,-2.710147,gps_course,15,18.207,,,,,,,0.000000,0.0000,,,STOP_ROUTE_ERROR
121.177491,129.088874500000,35.074454166667,508102.593,3881303.410,1.084,-2.710147,gps_course,15,18.207,,,,,,,0.000000,0.0000,,,STOP_ROUTE_ERROR
121.227564,129.088874500000,35.074454166667,508102.593,3881303.410,1.084,-2.710147,gps_course,15,18.207,,,,,,,0.000000,0.0000,,,STOP_ROUTE_ERROR
121.277597,129.088874500000,35.074454166667,508102.593,3881303.410,1.084,-2.710147,gps_course,15,18.207,,,,,,,0.000000,0.0000,,,STOP_ROUTE_ERROR
121.327613,129.088871666667,35.074453166667,508102.335,3881303.299,1.109,-2.732313,gps_course,15,17.947,,,,,,,0.000000,0.0000,,,STOP_ROUTE_ERROR
121.377702,129.088871666667,35.074453166667,508102.335,3881303.299,1.109,-2.732313,gps_course,15,17.947,,,,,,,0.000000,0.0000,,,STOP_ROUTE_ERROR
121.427440,129.088871666667,35.074453166667,508102.335,3881303.299,1.109,-2.732313,gps_course,15,17.947,,,,,,,0.000000,0.0000,,,STOP_ROUTE_ERROR
121.478058,129.088871666667,35.074453166667,508102.335,3881303.299,1.109,-2.732313,gps_course,15,17.947,,,,,,,0.000000,0.0000,,,STOP_ROUTE_ERROR
121.528598,129.088871666667,35.074453166667,508102.335,3881303.299,1.109,-2.732313,gps_course,15,17.947,,,,,,,0.000000,0.0000,,,STOP_ROUTE_ERROR
121.578623,129.088868666667,35.074452166667,508102.062,3881303.188,1.165,-2.746799,gps_course,15,17.672,,,,,,,0.000000,0.0000,,,STOP_ROUTE_ERROR
121.627492,129.088868666667,35.074452166667,508102.062,3881303.188,1.165,-2.746799,gps_course,15,17.672,,,,,,,0.000000,0.0000,,,STOP_ROUTE_ERROR
121.677533,129.088868666667,35.074452166667,508102.062,3881303.188,1.165,-2.746799,gps_course,15,17.672,,,,,,,0.000000,0.0000,,,STOP_ROUTE_ERROR
121.727294,129.088868666667,35.074452166667,508102.062,3881303.188,1.165,-2.746799,gps_course,15,17.672,,,,,,,0.000000,0.0000,,,STOP_ROUTE_ERROR
121.777571,129.088868666667,35.074452166667,508102.062,3881303.188,1.165,-2.746799,gps_course,15,17.672,,,,,,,0.000000,0.0000,,,STOP_ROUTE_ERROR
121.827499,129.088865666667,35.074451166667,508101.788,3881303.077,1.217,-2.750988,gps_course,15,17.398,,,,,,,0.000000,0.0000,,,STOP_ROUTE_ERROR
121.877551,129.088865666667,35.074451166667,508101.788,3881303.077,1.217,-2.750988,gps_course,15,17.398,,,,,,,0.000000,0.0000,,,STOP_ROUTE_ERROR
121.928289,129.088865666667,35.074451166667,508101.788,3881303.077,1.217,-2.750988,gps_course,15,17.398,,,,,,,0.000000,0.0000,,,STOP_ROUTE_ERROR
121.977812,129.088865666667,35.074451166667,508101.788,3881303.077,1.217,-2.750988,gps_course,15,17.398,,,,,,,0.000000,0.0000,,,STOP_ROUTE_ERROR
122.027571,129.088865666667,35.074451166667,508101.788,3881303.077,1.217,-2.750988,gps_course,15,17.398,,,,,,,0.000000,0.0000,,,STOP_ROUTE_ERROR
122.077493,129.088865666667,35.074451166667,508101.788,3881303.077,1.217,-2.750988,gps_course,15,17.398,,,,,,,0.000000,0.0000,,,STOP_ROUTE_ERROR
122.127467,129.088862500000,35.074450166667,508101.500,3881302.966,1.218,-2.777517,gps_course,15,17.110,,,,,,,0.000000,0.0000,,,STOP_ROUTE_ERROR
122.178088,129.088862500000,35.074450166667,508101.500,3881302.966,1.218,-2.777517,gps_course,15,17.110,,,,,,,0.000000,0.0000,,,STOP_ROUTE_ERROR
122.227567,129.088862500000,35.074450166667,508101.500,3881302.966,1.218,-2.777517,gps_course,15,17.110,,,,,,,0.000000,0.0000,,,STOP_ROUTE_ERROR
122.278238,129.088862500000,35.074450166667,508101.500,3881302.966,1.218,-2.777517,gps_course,15,17.110,,,,,,,0.000000,0.0000,,,STOP_ROUTE_ERROR
122.327613,129.088859166667,35.074449000000,508101.196,3881302.836,1.288,-2.767045,gps_course,15,16.807,,,,,,,0.000000,0.0000,,,STOP_ROUTE_ERROR
122.377613,129.088859166667,35.074449000000,508101.196,3881302.836,1.288,-2.767045,gps_course,15,16.807,,,,,,,0.000000,0.0000,,,STOP_ROUTE_ERROR
122.427649,129.088859166667,35.074449000000,508101.196,3881302.836,1.288,-2.767045,gps_course,15,16.807,,,,,,,0.000000,0.0000,,,STOP_ROUTE_ERROR
122.479050,129.088859166667,35.074449000000,508101.196,3881302.836,1.288,-2.767045,gps_course,15,16.807,,,,,,,0.000000,0.0000,,,STOP_ROUTE_ERROR
122.527753,129.088859166667,35.074449000000,508101.196,3881302.836,1.288,-2.767045,gps_course,15,16.807,,,,,,,0.000000,0.0000,,,STOP_ROUTE_ERROR
122.577501,129.088855833333,35.074448000000,508100.892,3881302.725,1.273,-2.786244,gps_course,15,16.505,,,,,,,0.000000,0.0000,,,STOP_ROUTE_ERROR
122.627714,129.088855833333,35.074448000000,508100.892,3881302.725,1.273,-2.786244,gps_course,15,16.505,,,,,,,0.000000,0.0000,,,STOP_ROUTE_ERROR
122.677500,129.088855833333,35.074448000000,508100.892,3881302.725,1.273,-2.786244,gps_course,15,16.505,,,,,,,0.000000,0.0000,,,STOP_ROUTE_ERROR
122.727693,129.088855833333,35.074448000000,508100.892,3881302.725,1.273,-2.786244,gps_course,15,16.505,,,,,,,0.000000,0.0000,,,STOP_ROUTE_ERROR
122.777658,129.088855833333,35.074448000000,508100.892,3881302.725,1.273,-2.786244,gps_course,15,16.505,,,,,,,0.000000,0.0000,,,STOP_ROUTE_ERROR
122.827764,129.088852500000,35.074446833333,508100.588,3881302.595,1.357,-2.722016,gps_course,15,16.204,,,,,,,0.000000,0.0000,,,STOP_ROUTE_ERROR
122.877549,129.088852500000,35.074446833333,508100.588,3881302.595,1.357,-2.722016,gps_course,15,16.204,,,,,,,0.000000,0.0000,,,STOP_ROUTE_ERROR
122.927520,129.088852500000,35.074446833333,508100.588,3881302.595,1.357,-2.722016,gps_course,15,16.204,,,,,,,0.000000,0.0000,,,STOP_ROUTE_ERROR
122.977780,129.088852500000,35.074446833333,508100.588,3881302.595,1.357,-2.722016,gps_course,15,16.204,,,,,,,0.000000,0.0000,,,STOP_ROUTE_ERROR
123.027516,129.088852500000,35.074446833333,508100.588,3881302.595,1.357,-2.722016,gps_course,15,16.204,,,,,,,0.000000,0.0000,,,STOP_ROUTE_ERROR
123.077575,129.088852500000,35.074446833333,508100.588,3881302.595,1.357,-2.722016,gps_course,15,16.204,,,,,,,0.000000,0.0000,,,STOP_ROUTE_ERROR
123.127571,129.088849166667,35.074445500000,508100.285,3881302.447,1.391,-2.665816,gps_course,15,15.906,,,,,,,0.000000,0.0000,,,STOP_ROUTE_ERROR
123.177657,129.088849166667,35.074445500000,508100.285,3881302.447,1.391,-2.665816,gps_course,15,15.906,,,,,,,0.000000,0.0000,,,STOP_ROUTE_ERROR
123.227539,129.088849166667,35.074445500000,508100.285,3881302.447,1.391,-2.665816,gps_course,15,15.906,,,,,,,0.000000,0.0000,,,STOP_ROUTE_ERROR
123.277466,129.088849166667,35.074445500000,508100.285,3881302.447,1.391,-2.665816,gps_course,15,15.906,,,,,,,0.000000,0.0000,,,STOP_ROUTE_ERROR
123.327608,129.088845833333,35.074444000000,508099.981,3881302.281,1.387,-2.641905,gps_course,15,15.609,,,,,,,0.000000,0.0000,,,STOP_ROUTE_ERROR
123.377547,129.088845833333,35.074444000000,508099.981,3881302.281,1.387,-2.641905,gps_course,15,15.609,,,,,,,0.000000,0.0000,,,STOP_ROUTE_ERROR
123.427572,129.088845833333,35.074444000000,508099.981,3881302.281,1.387,-2.641905,gps_course,15,15.609,,,,,,,0.000000,0.0000,,,STOP_ROUTE_ERROR
123.477499,129.088845833333,35.074444000000,508099.981,3881302.281,1.387,-2.641905,gps_course,15,15.609,,,,,,,0.000000,0.0000,,,STOP_ROUTE_ERROR
123.528881,129.088845833333,35.074444000000,508099.981,3881302.281,1.387,-2.641905,gps_course,15,15.609,,,,,,,0.000000,0.0000,,,STOP_ROUTE_ERROR
123.577487,129.088842333333,35.074442500000,508099.662,3881302.114,1.438,-2.659009,gps_course,15,15.300,,,,,,,0.000000,0.0000,,,STOP_ROUTE_ERROR
123.627635,129.088842333333,35.074442500000,508099.662,3881302.114,1.438,-2.659009,gps_course,15,15.300,,,,,,,0.000000,0.0000,,,STOP_ROUTE_ERROR
123.677626,129.088842333333,35.074442500000,508099.662,3881302.114,1.438,-2.659009,gps_course,15,15.300,,,,,,,0.000000,0.0000,,,STOP_ROUTE_ERROR
123.728244,129.088842333333,35.074442500000,508099.662,3881302.114,1.438,-2.659009,gps_course,15,15.300,,,,,,,0.000000,0.0000,,,STOP_ROUTE_ERROR
123.777677,129.088842333333,35.074442500000,508099.662,3881302.114,1.438,-2.659009,gps_course,15,15.300,,,,,,,0.000000,0.0000,,,STOP_ROUTE_ERROR
123.827473,129.088842333333,35.074442500000,508099.662,3881302.114,1.438,-2.659009,gps_course,15,15.300,,,,,,,0.000000,0.0000,,,STOP_ROUTE_ERROR
123.877555,129.088838833333,35.074440833333,508099.343,3881301.929,1.453,-2.631258,gps_course,15,14.994,,,,,,,0.000000,0.0000,,,STOP_ROUTE_ERROR
123.927499,129.088838833333,35.074440833333,508099.343,3881301.929,1.453,-2.631258,gps_course,15,14.994,,,,,,,0.000000,0.0000,,,STOP_ROUTE_ERROR
123.977631,129.088838833333,35.074440833333,508099.343,3881301.929,1.453,-2.631258,gps_course,15,14.994,,,,,,,0.000000,0.0000,,,STOP_ROUTE_ERROR
124.027573,129.088838833333,35.074440833333,508099.343,3881301.929,1.453,-2.631258,gps_course,15,14.994,,,,,,,0.000000,0.0000,,,STOP_ROUTE_ERROR
124.077553,129.088838833333,35.074440833333,508099.343,3881301.929,1.453,-2.631258,gps_course,15,14.994,,,,,,,0.000000,0.0000,,,STOP_ROUTE_ERROR
124.127534,129.088835333333,35.074439000000,508099.024,3881301.725,1.521,-2.582040,gps_course,15,14.693,,,,,,,0.000000,0.0000,,,STOP_ROUTE_ERROR
124.177506,129.088835333333,35.074439000000,508099.024,3881301.725,1.521,-2.582040,gps_course,15,14.693,,,,,,,0.000000,0.0000,,,STOP_ROUTE_ERROR
124.228575,129.088835333333,35.074439000000,508099.024,3881301.725,1.521,-2.582040,gps_course,15,14.693,,,,,,,0.000000,0.0000,,,STOP_ROUTE_ERROR
124.277511,129.088835333333,35.074439000000,508099.024,3881301.725,1.521,-2.582040,gps_course,15,14.693,,,,,,,0.000000,0.0000,,,STOP_ROUTE_ERROR
124.329492,129.088831500000,35.074437333333,508098.675,3881301.540,1.550,-2.640858,gps_course,15,14.363,,,,,,,0.000000,0.0000,,,STOP_ROUTE_ERROR
124.377478,129.088831500000,35.074437333333,508098.675,3881301.540,1.550,-2.640858,gps_course,15,14.363,,,,,,,0.000000,0.0000,,,STOP_ROUTE_ERROR
124.427579,129.088831500000,35.074437333333,508098.675,3881301.540,1.550,-2.640858,gps_course,15,14.363,,,,,,,0.000000,0.0000,,,STOP_ROUTE_ERROR
124.477538,129.088831500000,35.074437333333,508098.675,3881301.540,1.550,-2.640858,gps_course,15,14.363,,,,,,,0.000000,0.0000,,,STOP_ROUTE_ERROR
124.527552,129.088831500000,35.074437333333,508098.675,3881301.540,1.550,-2.640858,gps_course,15,14.363,,,,,,,0.000000,0.0000,,,STOP_ROUTE_ERROR
124.577518,129.088828333333,35.074435500000,508098.386,3881301.337,1.492,-2.589894,gps_course,15,14.100,,,,,,,0.000000,0.0000,,,STOP_ROUTE_ERROR
124.627516,129.088828333333,35.074435500000,508098.386,3881301.337,1.492,-2.589894,gps_course,15,14.100,,,,,,,0.000000,0.0000,,,STOP_ROUTE_ERROR
124.678011,129.088828333333,35.074435500000,508098.386,3881301.337,1.492,-2.589894,gps_course,15,14.100,,,,,,,0.000000,0.0000,,,STOP_ROUTE_ERROR
124.727286,129.088828333333,35.074435500000,508098.386,3881301.337,1.492,-2.589894,gps_course,15,14.100,,,,,,,0.000000,0.0000,,,STOP_ROUTE_ERROR
124.778505,129.088828333333,35.074435500000,508098.386,3881301.337,1.492,-2.589894,gps_course,15,14.100,,,,,,,0.000000,0.0000,,,STOP_ROUTE_ERROR
124.827482,129.088827500000,35.074435333333,508098.310,3881301.318,0.329,-2.586054,gps_course,15,14.027,,,,,,,0.000000,0.0000,,,STOP_ROUTE_ERROR
124.877952,129.088827500000,35.074435333333,508098.310,3881301.318,0.329,-2.586054,gps_course,15,14.027,,,,,,,0.000000,0.0000,,,STOP_ROUTE_ERROR
124.927755,129.088827500000,35.074435333333,508098.310,3881301.318,0.329,-2.586054,gps_course,15,14.027,,,,,,,0.000000,0.0000,,,STOP_ROUTE_ERROR
124.977501,129.088827500000,35.074435333333,508098.310,3881301.318,0.329,-2.586054,gps_course,15,14.027,,,,,,,0.000000,0.0000,,,STOP_ROUTE_ERROR
125.027583,129.088827500000,35.074435333333,508098.310,3881301.318,0.329,-2.586054,gps_course,15,14.027,,,,,,,0.000000,0.0000,,,STOP_ROUTE_ERROR
125.077487,129.088827500000,35.074435333333,508098.310,3881301.318,0.329,-2.586054,gps_course,15,14.027,,,,,,,0.000000,0.0000,,,STOP_ROUTE_ERROR
125.127653,129.088827333333,35.074435333333,508098.295,3881301.318,0.056,-2.586054,gps_course,15,14.011,,,,,,,0.000000,0.0000,,,STOP_ROUTE_ERROR
125.177480,129.088827333333,35.074435333333,508098.295,3881301.318,0.056,-2.586054,gps_course,15,14.011,,,,,,,0.000000,0.0000,,,STOP_ROUTE_ERROR
125.229107,129.088827333333,35.074435333333,508098.295,3881301.318,0.056,-2.586054,gps_course,15,14.011,,,,,,,0.000000,0.0000,,,STOP_ROUTE_ERROR
125.277527,129.088827333333,35.074435333333,508098.295,3881301.318,0.056,-2.586054,gps_course,15,14.011,,,,,,,0.000000,0.0000,,,STOP_ROUTE_ERROR
125.327590,129.088827500000,35.074435333333,508098.310,3881301.318,0.017,-2.586054,gps_course,15,14.027,,,,,,,0.000000,0.0000,,,STOP_ROUTE_ERROR
125.377753,129.088827500000,35.074435333333,508098.310,3881301.318,0.017,-2.586054,gps_course,15,14.027,,,,,,,0.000000,0.0000,,,STOP_ROUTE_ERROR
125.427453,129.088827500000,35.074435333333,508098.310,3881301.318,0.017,-2.586054,gps_course,15,14.027,,,,,,,0.000000,0.0000,,,STOP_ROUTE_ERROR
125.478218,129.088827500000,35.074435333333,508098.310,3881301.318,0.017,-2.586054,gps_course,15,14.027,,,,,,,0.000000,0.0000,,,STOP_ROUTE_ERROR
125.527522,129.088827500000,35.074435333333,508098.310,3881301.318,0.017,-2.586054,gps_course,15,14.027,,,,,,,0.000000,0.0000,,,STOP_ROUTE_ERROR
125.577604,129.088827500000,35.074435333333,508098.310,3881301.318,0.029,-2.586054,gps_course,15,14.027,,,,,,,0.000000,0.0000,,,STOP_ROUTE_ERROR
125.627521,129.088827500000,35.074435333333,508098.310,3881301.318,0.029,-2.586054,gps_course,15,14.027,,,,,,,0.000000,0.0000,,,STOP_ROUTE_ERROR
125.678211,129.088827500000,35.074435333333,508098.310,3881301.318,0.029,-2.586054,gps_course,15,14.027,,,,,,,0.000000,0.0000,,,STOP_ROUTE_ERROR
125.727755,129.088827500000,35.074435333333,508098.310,3881301.318,0.029,-2.586054,gps_course,15,14.027,,,,,,,0.000000,0.0000,,,STOP_ROUTE_ERROR
125.777442,129.088827500000,35.074435333333,508098.310,3881301.318,0.029,-2.586054,gps_course,15,14.027,,,,,,,0.000000,0.0000,,,STOP_ROUTE_ERROR
125.828836,129.088827500000,35.074435333333,508098.310,3881301.318,0.020,-2.586054,gps_course,15,14.027,,,,,,,0.000000,0.0000,,,STOP_ROUTE_ERROR
125.877687,129.088827500000,35.074435333333,508098.310,3881301.318,0.020,-2.586054,gps_course,15,14.027,,,,,,,0.000000,0.0000,,,STOP_ROUTE_ERROR
125.929340,129.088827500000,35.074435333333,508098.310,3881301.318,0.020,-2.586054,gps_course,15,14.027,,,,,,,0.000000,0.0000,,,STOP_ROUTE_ERROR
125.977476,129.088827500000,35.074435333333,508098.310,3881301.318,0.020,-2.586054,gps_course,15,14.027,,,,,,,0.000000,0.0000,,,STOP_ROUTE_ERROR
126.027525,129.088827500000,35.074435333333,508098.310,3881301.318,0.020,-2.586054,gps_course,15,14.027,,,,,,,0.000000,0.0000,,,STOP_ROUTE_ERROR
126.077512,129.088827500000,35.074435333333,508098.310,3881301.318,0.020,-2.586054,gps_course,15,14.027,,,,,,,0.000000,0.0000,,,STOP_ROUTE_ERROR
126.127510,129.088827500000,35.074435333333,508098.310,3881301.318,0.001,-2.586054,gps_course,15,14.027,,,,,,,0.000000,0.0000,,,STOP_ROUTE_ERROR
126.178011,129.088827500000,35.074435333333,508098.310,3881301.318,0.001,-2.586054,gps_course,15,14.027,,,,,,,0.000000,0.0000,,,STOP_ROUTE_ERROR
126.227538,129.088827500000,35.074435333333,508098.310,3881301.318,0.001,-2.586054,gps_course,15,14.027,,,,,,,0.000000,0.0000,,,STOP_ROUTE_ERROR
126.277585,129.088827500000,35.074435333333,508098.310,3881301.318,0.001,-2.586054,gps_course,15,14.027,,,,,,,0.000000,0.0000,,,STOP_ROUTE_ERROR
126.327604,129.088827500000,35.074435333333,508098.310,3881301.318,0.011,-2.586054,gps_course,15,14.027,,,,,,,0.000000,0.0000,,,STOP_ROUTE_ERROR
126.377835,129.088827500000,35.074435333333,508098.310,3881301.318,0.011,-2.586054,gps_course,15,14.027,,,,,,,0.000000,0.0000,,,STOP_ROUTE_ERROR
126.427518,129.088827500000,35.074435333333,508098.310,3881301.318,0.011,-2.586054,gps_course,15,14.027,,,,,,,0.000000,0.0000,,,STOP_ROUTE_ERROR
126.477525,129.088827500000,35.074435333333,508098.310,3881301.318,0.011,-2.586054,gps_course,15,14.027,,,,,,,0.000000,0.0000,,,STOP_ROUTE_ERROR
126.527713,129.088827500000,35.074435333333,508098.310,3881301.318,0.011,-2.586054,gps_course,15,14.027,,,,,,,0.000000,0.0000,,,STOP_ROUTE_ERROR
126.577465,129.088827500000,35.074435333333,508098.310,3881301.318,0.013,-2.586054,gps_course,15,14.027,,,,,,,0.000000,0.0000,,,STOP_ROUTE_ERROR
126.627523,129.088827500000,35.074435333333,508098.310,3881301.318,0.013,-2.586054,gps_course,15,14.027,,,,,,,0.000000,0.0000,,,STOP_ROUTE_ERROR
126.677493,129.088827500000,35.074435333333,508098.310,3881301.318,0.013,-2.586054,gps_course,15,14.027,,,,,,,0.000000,0.0000,,,STOP_ROUTE_ERROR
126.728730,129.088827500000,35.074435333333,508098.310,3881301.318,0.013,-2.586054,gps_course,15,14.027,,,,,,,0.000000,0.0000,,,STOP_ROUTE_ERROR
126.777611,129.088827500000,35.074435333333,508098.310,3881301.318,0.013,-2.586054,gps_course,15,14.027,,,,,,,0.000000,0.0000,,,STOP_ROUTE_ERROR
126.827503,129.088827500000,35.074435333333,508098.310,3881301.318,0.004,-2.586054,gps_course,15,14.027,,,,,,,0.000000,0.0000,,,STOP_ROUTE_ERROR
126.877749,129.088827500000,35.074435333333,508098.310,3881301.318,0.004,-2.586054,gps_course,15,14.027,,,,,,,0.000000,0.0000,,,STOP_ROUTE_ERROR
126.927501,129.088827500000,35.074435333333,508098.310,3881301.318,0.004,-2.586054,gps_course,15,14.027,,,,,,,0.000000,0.0000,,,STOP_ROUTE_ERROR
126.977715,129.088827500000,35.074435333333,508098.310,3881301.318,0.004,-2.586054,gps_course,15,14.027,,,,,,,0.000000,0.0000,,,STOP_ROUTE_ERROR
127.027494,129.088827500000,35.074435333333,508098.310,3881301.318,0.004,-2.586054,gps_course,15,14.027,,,,,,,0.000000,0.0000,,,STOP_ROUTE_ERROR
127.077689,129.088827500000,35.074435333333,508098.310,3881301.318,0.004,-2.586054,gps_course,15,14.027,,,,,,,0.000000,0.0000,,,STOP_ROUTE_ERROR
127.127640,129.088827333333,35.074435166667,508098.295,3881301.300,0.028,-2.586054,gps_course,15,14.014,,,,,,,0.000000,0.0000,,,STOP_ROUTE_ERROR
127.177779,129.088827333333,35.074435166667,508098.295,3881301.300,0.028,-2.586054,gps_course,15,14.014,,,,,,,0.000000,0.0000,,,STOP_ROUTE_ERROR
127.227782,129.088827333333,35.074435166667,508098.295,3881301.300,0.028,-2.586054,gps_course,15,14.014,,,,,,,0.000000,0.0000,,,STOP_ROUTE_ERROR
127.277541,129.088827333333,35.074435166667,508098.295,3881301.300,0.028,-2.586054,gps_course,15,14.014,,,,,,,0.000000,0.0000,,,STOP_ROUTE_ERROR
127.327445,129.088827333333,35.074435166667,508098.295,3881301.300,0.069,-2.586054,gps_course,15,14.014,,,,,,,0.000000,0.0000,,,STOP_ROUTE_ERROR
127.377499,129.088827333333,35.074435166667,508098.295,3881301.300,0.069,-2.586054,gps_course,15,14.014,,,,,,,0.000000,0.0000,,,STOP_ROUTE_ERROR
127.428056,129.088827333333,35.074435166667,508098.295,3881301.300,0.069,-2.586054,gps_course,15,14.014,,,,,,,0.000000,0.0000,,,STOP_ROUTE_ERROR
127.477503,129.088827333333,35.074435166667,508098.295,3881301.300,0.069,-2.586054,gps_course,15,14.014,,,,,,,0.000000,0.0000,,,STOP_ROUTE_ERROR
127.527665,129.088827333333,35.074435166667,508098.295,3881301.300,0.069,-2.586054,gps_course,15,14.014,,,,,,,0.000000,0.0000,,,STOP_ROUTE_ERROR
127.577575,129.088827000000,35.074435000000,508098.265,3881301.281,0.108,-2.835323,gps_course,15,13.986,,,,,,,0.000000,0.0000,,,STOP_ROUTE_ERROR
127.627688,129.088827000000,35.074435000000,508098.265,3881301.281,0.108,-2.835323,gps_course,15,13.986,,,,,,,0.000000,0.0000,,,STOP_ROUTE_ERROR
127.677519,129.088827000000,35.074435000000,508098.265,3881301.281,0.108,-2.835323,gps_course,15,13.986,,,,,,,0.000000,0.0000,,,STOP_ROUTE_ERROR
127.727805,129.088827000000,35.074435000000,508098.265,3881301.281,0.108,-2.835323,gps_course,15,13.986,,,,,,,0.000000,0.0000,,,STOP_ROUTE_ERROR
127.777919,129.088827000000,35.074435000000,508098.265,3881301.281,0.108,-2.835323,gps_course,15,13.986,,,,,,,0.000000,0.0000,,,STOP_ROUTE_ERROR
127.827523,129.088826666667,35.074435000000,508098.234,3881301.281,0.096,-2.835323,gps_course,15,13.956,,,,,,,0.000000,0.0000,,,STOP_ROUTE_ERROR
127.877653,129.088826666667,35.074435000000,508098.234,3881301.281,0.096,-2.835323,gps_course,15,13.956,,,,,,,0.000000,0.0000,,,STOP_ROUTE_ERROR
127.927508,129.088826666667,35.074435000000,508098.234,3881301.281,0.096,-2.835323,gps_course,15,13.956,,,,,,,0.000000,0.0000,,,STOP_ROUTE_ERROR
127.977588,129.088826666667,35.074435000000,508098.234,3881301.281,0.096,-2.835323,gps_course,15,13.956,,,,,,,0.000000,0.0000,,,STOP_ROUTE_ERROR
128.027488,129.088826666667,35.074435000000,508098.234,3881301.281,0.096,-2.835323,gps_course,15,13.956,,,,,,,0.000000,0.0000,,,STOP_ROUTE_ERROR
128.077537,129.088826666667,35.074435000000,508098.234,3881301.281,0.096,-2.835323,gps_course,15,13.956,,,,,,,0.000000,0.0000,,,STOP_ROUTE_ERROR
128.127533,129.088826333333,35.074434666667,508098.204,3881301.244,0.185,-2.707180,gps_course,15,13.930,,,,,,,0.000000,0.0000,,,STOP_ROUTE_ERROR
128.177469,129.088826333333,35.074434666667,508098.204,3881301.244,0.185,-2.707180,gps_course,15,13.930,,,,,,,0.000000,0.0000,,,STOP_ROUTE_ERROR
128.227718,129.088826333333,35.074434666667,508098.204,3881301.244,0.185,-2.707180,gps_course,15,13.930,,,,,,,0.000000,0.0000,,,STOP_ROUTE_ERROR
128.277464,129.088826333333,35.074434666667,508098.204,3881301.244,0.185,-2.707180,gps_course,15,13.930,,,,,,,0.000000,0.0000,,,STOP_ROUTE_ERROR
128.327816,129.088825833333,35.074434500000,508098.158,3881301.226,0.194,-2.645745,gps_course,15,13.888,,,,,,,0.000000,0.0000,,,STOP_ROUTE_ERROR
128.377494,129.088825833333,35.074434500000,508098.158,3881301.226,0.194,-2.645745,gps_course,15,13.888,,,,,,,0.000000,0.0000,,,STOP_ROUTE_ERROR
128.427542,129.088825833333,35.074434500000,508098.158,3881301.226,0.194,-2.645745,gps_course,15,13.888,,,,,,,0.000000,0.0000,,,STOP_ROUTE_ERROR
128.477647,129.088825833333,35.074434500000,508098.158,3881301.226,0.194,-2.645745,gps_course,15,13.888,,,,,,,0.000000,0.0000,,,STOP_ROUTE_ERROR
128.527624,129.088825833333,35.074434500000,508098.158,3881301.226,0.194,-2.645745,gps_course,15,13.888,,,,,,,0.000000,0.0000,,,STOP_ROUTE_ERROR
128.577471,129.088825166667,35.074434166667,508098.098,3881301.188,0.249,-2.653424,gps_course,15,13.832,,,,,,,0.000000,0.0000,,,STOP_ROUTE_ERROR
128.627491,129.088825166667,35.074434166667,508098.098,3881301.188,0.249,-2.653424,gps_course,15,13.832,,,,,,,0.000000,0.0000,,,STOP_ROUTE_ERROR
128.678055,129.088825166667,35.074434166667,508098.098,3881301.188,0.249,-2.653424,gps_course,15,13.832,,,,,,,0.000000,0.0000,,,STOP_ROUTE_ERROR
128.727489,129.088825166667,35.074434166667,508098.098,3881301.188,0.249,-2.653424,gps_course,15,13.832,,,,,,,0.000000,0.0000,,,STOP_ROUTE_ERROR
128.777597,129.088825166667,35.074434166667,508098.098,3881301.188,0.249,-2.653424,gps_course,15,13.832,,,,,,,0.000000,0.0000,,,STOP_ROUTE_ERROR
128.827523,129.088825166667,35.074434166667,508098.098,3881301.188,0.249,-2.653424,gps_course,15,13.832,,,,,,,0.000000,0.0000,,,STOP_ROUTE_ERROR
128.877629,129.088824666667,35.074434000000,508098.052,3881301.170,0.241,-2.683967,gps_course,15,13.790,,,,,,,0.000000,0.0000,,,STOP_ROUTE_ERROR
128.927658,129.088824666667,35.074434000000,508098.052,3881301.170,0.241,-2.683967,gps_course,15,13.790,,,,,,,0.000000,0.0000,,,STOP_ROUTE_ERROR
128.977512,129.088824666667,35.074434000000,508098.052,3881301.170,0.241,-2.683967,gps_course,15,13.790,,,,,,,0.000000,0.0000,,,STOP_ROUTE_ERROR
129.027888,129.088824666667,35.074434000000,508098.052,3881301.170,0.241,-2.683967,gps_course,15,13.790,,,,,,,0.000000,0.0000,,,STOP_ROUTE_ERROR
129.077500,129.088824666667,35.074434000000,508098.052,3881301.170,0.241,-2.683967,gps_course,15,13.790,,,,,,,0.000000,0.0000,,,STOP_ROUTE_ERROR
129.129870,129.088823833333,35.074433666667,508097.976,3881301.133,0.315,-2.612583,gps_course,15,13.720,,,,,,,0.000000,0.0000,,,STOP_ROUTE_ERROR
129.177473,129.088823833333,35.074433666667,508097.976,3881301.133,0.315,-2.612583,gps_course,15,13.720,,,,,,,0.000000,0.0000,,,STOP_ROUTE_ERROR
129.227527,129.088823833333,35.074433666667,508097.976,3881301.133,0.315,-2.612583,gps_course,15,13.720,,,,,,,0.000000,0.0000,,,STOP_ROUTE_ERROR
129.277530,129.088823833333,35.074433666667,508097.976,3881301.133,0.315,-2.612583,gps_course,15,13.720,,,,,,,0.000000,0.0000,,,STOP_ROUTE_ERROR
129.327570,129.088823000000,35.074433333333,508097.900,3881301.096,0.363,-2.630560,gps_course,15,13.650,,,,,,,0.000000,0.0000,,,STOP_ROUTE_ERROR
129.377699,129.088823000000,35.074433333333,508097.900,3881301.096,0.363,-2.630560,gps_course,15,13.650,,,,,,,0.000000,0.0000,,,STOP_ROUTE_ERROR
129.427480,129.088823000000,35.074433333333,508097.900,3881301.096,0.363,-2.630560,gps_course,15,13.650,,,,,,,0.000000,0.0000,,,STOP_ROUTE_ERROR
129.477837,129.088823000000,35.074433333333,508097.900,3881301.096,0.363,-2.630560,gps_course,15,13.650,,,,,,,0.000000,0.0000,,,STOP_ROUTE_ERROR
129.527680,129.088823000000,35.074433333333,508097.900,3881301.096,0.363,-2.630560,gps_course,15,13.650,,,,,,,0.000000,0.0000,,,STOP_ROUTE_ERROR
129.577564,129.088822000000,35.074432833333,508097.809,3881301.040,0.409,-2.594781,gps_course,15,13.567,,,,,,,0.000000,0.0000,,,STOP_ROUTE_ERROR
129.627722,129.088822000000,35.074432833333,508097.809,3881301.040,0.409,-2.594781,gps_course,15,13.567,,,,,,,0.000000,0.0000,,,STOP_ROUTE_ERROR
129.677577,129.088822000000,35.074432833333,508097.809,3881301.040,0.409,-2.594781,gps_course,15,13.567,,,,,,,0.000000,0.0000,,,STOP_ROUTE_ERROR
129.727495,129.088822000000,35.074432833333,508097.809,3881301.040,0.409,-2.594781,gps_course,15,13.567,,,,,,,0.000000,0.0000,,,STOP_ROUTE_ERROR
129.777481,129.088822000000,35.074432833333,508097.809,3881301.040,0.409,-2.594781,gps_course,15,13.567,,,,,,,0.000000,0.0000,,,STOP_ROUTE_ERROR
129.828689,129.088822000000,35.074432833333,508097.809,3881301.040,0.409,-2.594781,gps_course,15,13.567,,,,,,,0.000000,0.0000,,,STOP_ROUTE_ERROR
129.877519,129.088821166667,35.074432333333,508097.733,3881300.985,0.396,-2.652377,gps_course,15,13.501,,,,,,,0.000000,0.0000,,,STOP_ROUTE_ERROR
129.927600,129.088821166667,35.074432333333,508097.733,3881300.985,0.396,-2.652377,gps_course,15,13.501,,,,,,,0.000000,0.0000,,,STOP_ROUTE_ERROR
129.977698,129.088821166667,35.074432333333,508097.733,3881300.985,0.396,-2.652377,gps_course,15,13.501,,,,,,,0.000000,0.0000,,,STOP_ROUTE_ERROR
130.027517,129.088821166667,35.074432333333,508097.733,3881300.985,0.396,-2.652377,gps_course,15,13.501,,,,,,,0.000000,0.0000,,,STOP_ROUTE_ERROR
130.077693,129.088821166667,35.074432333333,508097.733,3881300.985,0.396,-2.652377,gps_course,15,13.501,,,,,,,0.000000,0.0000,,,STOP_ROUTE_ERROR
130.127587,129.088820000000,35.074431833333,508097.627,3881300.929,0.466,-2.627419,gps_course,15,13.404,,,,,,,0.000000,0.0000,,,STOP_ROUTE_ERROR
130.177482,129.088820000000,35.074431833333,508097.627,3881300.929,0.466,-2.627419,gps_course,15,13.404,,,,,,,0.000000,0.0000,,,STOP_ROUTE_ERROR
130.227912,129.088820000000,35.074431833333,508097.627,3881300.929,0.466,-2.627419,gps_course,15,13.404,,,,,,,0.000000,0.0000,,,STOP_ROUTE_ERROR
130.277602,129.088820000000,35.074431833333,508097.627,3881300.929,0.466,-2.627419,gps_course,15,13.404,,,,,,,0.000000,0.0000,,,STOP_ROUTE_ERROR
130.327411,129.088818833333,35.074431166667,508097.521,3881300.855,0.499,-2.615027,gps_course,15,13.311,,,,,,,0.000000,0.0000,,,STOP_ROUTE_ERROR
130.377905,129.088818833333,35.074431166667,508097.521,3881300.855,0.499,-2.615027,gps_course,15,13.311,,,,,,,0.000000,0.0000,,,STOP_ROUTE_ERROR
130.427492,129.088818833333,35.074431166667,508097.521,3881300.855,0.499,-2.615027,gps_course,15,13.311,,,,,,,0.000000,0.0000,,,STOP_ROUTE_ERROR
130.478645,129.088818833333,35.074431166667,508097.521,3881300.855,0.499,-2.615027,gps_course,15,13.311,,,,,,,0.000000,0.0000,,,STOP_ROUTE_ERROR
130.528320,129.088818833333,35.074431166667,508097.521,3881300.855,0.499,-2.615027,gps_course,15,13.311,,,,,,,0.000000,0.0000,,,STOP_ROUTE_ERROR
130.577397,129.088817500000,35.074430666667,508097.399,3881300.800,0.525,-2.655518,gps_course,15,13.201,,,,,,,0.000000,0.0000,,,STOP_ROUTE_ERROR
130.627763,129.088817500000,35.074430666667,508097.399,3881300.800,0.525,-2.655518,gps_course,15,13.201,,,,,,,0.000000,0.0000,,,STOP_ROUTE_ERROR
130.677501,129.088817500000,35.074430666667,508097.399,3881300.800,0.525,-2.655518,gps_course,15,13.201,,,,,,,0.000000,0.0000,,,STOP_ROUTE_ERROR
130.727579,129.088817500000,35.074430666667,508097.399,3881300.800,0.525,-2.655518,gps_course,15,13.201,,,,,,,0.000000,0.0000,,,STOP_ROUTE_ERROR
130.777637,129.088817500000,35.074430666667,508097.399,3881300.800,0.525,-2.655518,gps_course,15,13.201,,,,,,,0.000000,0.0000,,,STOP_ROUTE_ERROR
130.827595,129.088816333333,35.074430000000,508097.293,3881300.726,0.548,-2.566507,gps_course,15,13.109,,,,,,,0.000000,0.0000,,,STOP_ROUTE_ERROR
130.877682,129.088816333333,35.074430000000,508097.293,3881300.726,0.548,-2.566507,gps_course,15,13.109,,,,,,,0.000000,0.0000,,,STOP_ROUTE_ERROR
130.929223,129.088816333333,35.074430000000,508097.293,3881300.726,0.548,-2.566507,gps_course,15,13.109,,,,,,,0.000000,0.0000,,,STOP_ROUTE_ERROR
130.977522,129.088816333333,35.074430000000,508097.293,3881300.726,0.548,-2.566507,gps_course,15,13.109,,,,,,,0.000000,0.0000,,,STOP_ROUTE_ERROR
131.028525,129.088816333333,35.074430000000,508097.293,3881300.726,0.548,-2.566507,gps_course,15,13.109,,,,,,,0.000000,0.0000,,,STOP_ROUTE_ERROR
131.078869,129.088816333333,35.074430000000,508097.293,3881300.726,0.564,-2.649933,gps_course,15,13.109,,,,,,,0.000000,0.0000,,,STOP_ROUTE_ERROR
131.127546,129.088814833333,35.074429500000,508097.156,3881300.670,0.564,-2.649933,gps_course,15,12.984,,,,,,,0.000000,0.0000,,,STOP_ROUTE_ERROR
131.177532,129.088814833333,35.074429500000,508097.156,3881300.670,0.564,-2.649933,gps_course,15,12.984,,,,,,,0.000000,0.0000,,,STOP_ROUTE_ERROR
131.227652,129.088814833333,35.074429500000,508097.156,3881300.670,0.564,-2.649933,gps_course,15,12.984,,,,,,,0.000000,0.0000,,,STOP_ROUTE_ERROR
131.277680,129.088814833333,35.074429500000,508097.156,3881300.670,0.564,-2.649933,gps_course,15,12.984,,,,,,,0.000000,0.0000,,,STOP_ROUTE_ERROR
131.327467,129.088813500000,35.074428833333,508097.035,3881300.596,0.551,-2.552719,gps_course,15,12.879,,,,,,,0.000000,0.0000,,,STOP_ROUTE_ERROR
131.377442,129.088813500000,35.074428833333,508097.035,3881300.596,0.551,-2.552719,gps_course,15,12.879,,,,,,,0.000000,0.0000,,,STOP_ROUTE_ERROR
131.427868,129.088813500000,35.074428833333,508097.035,3881300.596,0.551,-2.552719,gps_course,15,12.879,,,,,,,0.000000,0.0000,,,STOP_ROUTE_ERROR
131.477491,129.088813500000,35.074428833333,508097.035,3881300.596,0.551,-2.552719,gps_course,15,12.879,,,,,,,0.000000,0.0000,,,STOP_ROUTE_ERROR
131.527707,129.088813500000,35.074428833333,508097.035,3881300.596,0.551,-2.552719,gps_course,15,12.879,,,,,,,0.000000,0.0000,,,STOP_ROUTE_ERROR
131.577590,129.088812333333,35.074428333333,508096.928,3881300.541,0.493,-2.730393,gps_course,15,12.785,,,,,,,0.000000,0.0000,,,STOP_ROUTE_ERROR
131.627731,129.088812333333,35.074428333333,508096.928,3881300.541,0.493,-2.730393,gps_course,15,12.785,,,,,,,0.000000,0.0000,,,STOP_ROUTE_ERROR
131.677497,129.088812333333,35.074428333333,508096.928,3881300.541,0.493,-2.730393,gps_course,15,12.785,,,,,,,0.000000,0.0000,,,STOP_ROUTE_ERROR
131.727477,129.088812333333,35.074428333333,508096.928,3881300.541,0.493,-2.730393,gps_course,15,12.785,,,,,,,0.000000,0.0000,,,STOP_ROUTE_ERROR
131.777731,129.088812333333,35.074428333333,508096.928,3881300.541,0.493,-2.730393,gps_course,15,12.785,,,,,,,0.000000,0.0000,,,STOP_ROUTE_ERROR
131.828006,129.088811333333,35.074427833333,508096.837,3881300.485,0.429,-2.659882,gps_course,15,12.707,,,,,,,0.000000,0.0000,,,STOP_ROUTE_ERROR
131.877779,129.088811333333,35.074427833333,508096.837,3881300.485,0.429,-2.659882,gps_course,15,12.707,,,,,,,0.000000,0.0000,,,STOP_ROUTE_ERROR
131.927471,129.088811333333,35.074427833333,508096.837,3881300.485,0.429,-2.659882,gps_course,15,12.707,,,,,,,0.000000,0.0000,,,STOP_ROUTE_ERROR
131.978363,129.088811333333,35.074427833333,508096.837,3881300.485,0.429,-2.659882,gps_course,15,12.707,,,,,,,0.000000,0.0000,,,STOP_ROUTE_ERROR
132.027490,129.088811333333,35.074427833333,508096.837,3881300.485,0.429,-2.659882,gps_course,15,12.707,,,,,,,0.000000,0.0000,,,STOP_ROUTE_ERROR
132.077543,129.088811333333,35.074427833333,508096.837,3881300.485,0.429,-2.659882,gps_course,15,12.707,,,,,,,0.000000,0.0000,,,STOP_ROUTE_ERROR
132.128273,129.088810666667,35.074427500000,508096.776,3881300.448,0.353,-2.577153,gps_course,15,12.655,,,,,,,0.000000,0.0000,,,STOP_ROUTE_ERROR
132.177475,129.088810666667,35.074427500000,508096.776,3881300.448,0.353,-2.577153,gps_course,15,12.655,,,,,,,0.000000,0.0000,,,STOP_ROUTE_ERROR
132.227844,129.088810666667,35.074427500000,508096.776,3881300.448,0.353,-2.577153,gps_course,15,12.655,,,,,,,0.000000,0.0000,,,STOP_ROUTE_ERROR
132.277525,129.088810666667,35.074427500000,508096.776,3881300.448,0.353,-2.577153,gps_course,15,12.655,,,,,,,0.000000,0.0000,,,STOP_ROUTE_ERROR
132.328201,129.088811000000,35.074427500000,508096.807,3881300.448,0.113,-2.814787,gps_course,15,12.685,,,,,,,0.000000,0.0000,,,STOP_ROUTE_ERROR
132.377477,129.088811000000,35.074427500000,508096.807,3881300.448,0.113,-2.814787,gps_course,15,12.685,,,,,,,0.000000,0.0000,,,STOP_ROUTE_ERROR
132.427610,129.088811000000,35.074427500000,508096.807,3881300.448,0.113,-2.814787,gps_course,15,12.685,,,,,,,0.000000,0.0000,,,STOP_ROUTE_ERROR
132.477698,129.088811000000,35.074427500000,508096.807,3881300.448,0.113,-2.814787,gps_course,15,12.685,,,,,,,0.000000,0.0000,,,STOP_ROUTE_ERROR
132.527581,129.088811000000,35.074427500000,508096.807,3881300.448,0.113,-2.814787,gps_course,15,12.685,,,,,,,0.000000,0.0000,,,STOP_ROUTE_ERROR
132.577539,129.088811000000,35.074427500000,508096.807,3881300.448,0.113,-2.814787,gps_course,15,12.685,,,,,,,0.000000,0.0000,,,STOP_ROUTE_ERROR
132.627450,129.088811000000,35.074427500000,508096.807,3881300.448,0.113,-2.814787,gps_course,15,12.685,,,,,,,0.000000,0.0000,,,STOP_ROUTE_ERROR
132.677932,129.088811000000,35.074427500000,508096.807,3881300.448,0.113,-2.814787,gps_course,15,12.685,,,,,,,0.000000,0.0000,,,STOP_ROUTE_ERROR
132.727736,129.088811000000,35.074427500000,508096.807,3881300.448,0.113,-2.814787,gps_course,15,12.685,,,,,,,0.000000,0.0000,,,STOP_ROUTE_ERROR
132.779719,129.088811000000,35.074427500000,508096.807,3881300.448,0.113,-2.814787,gps_course,15,12.685,,,,,,,0.000000,0.0000,,,STOP_ROUTE_ERROR
132.827491,129.088811000000,35.074427500000,508096.807,3881300.448,0.014,-2.814787,gps_course,15,12.685,,,,,,,0.000000,0.0000,,,STOP_ROUTE_ERROR
132.878738,129.088811000000,35.074427500000,508096.807,3881300.448,0.014,-2.814787,gps_course,15,12.685,,,,,,,0.000000,0.0000,,,STOP_ROUTE_ERROR
132.927654,129.088811000000,35.074427500000,508096.807,3881300.448,0.014,-2.814787,gps_course,15,12.685,,,,,,,0.000000,0.0000,,,STOP_ROUTE_ERROR
132.977497,129.088811000000,35.074427500000,508096.807,3881300.448,0.014,-2.814787,gps_course,15,12.685,,,,,,,0.000000,0.0000,,,STOP_ROUTE_ERROR
133.028341,129.088811000000,35.074427500000,508096.807,3881300.448,0.014,-2.814787,gps_course,15,12.685,,,,,,,0.000000,0.0000,,,STOP_ROUTE_ERROR
133.077500,129.088811000000,35.074427500000,508096.807,3881300.448,0.014,-2.814787,gps_course,15,12.685,,,,,,,0.000000,0.0000,,,STOP_ROUTE_ERROR
133.130656,129.088811000000,35.074427500000,508096.807,3881300.448,0.018,-2.814787,gps_course,15,12.685,,,,,,,0.000000,0.0000,,,STOP_ROUTE_ERROR
133.177517,129.088811000000,35.074427500000,508096.807,3881300.448,0.018,-2.814787,gps_course,15,12.685,,,,,,,0.000000,0.0000,,,STOP_ROUTE_ERROR
133.227608,129.088811000000,35.074427500000,508096.807,3881300.448,0.018,-2.814787,gps_course,15,12.685,,,,,,,0.000000,0.0000,,,STOP_ROUTE_ERROR
133.277660,129.088811000000,35.074427500000,508096.807,3881300.448,0.018,-2.814787,gps_course,15,12.685,,,,,,,0.000000,0.0000,,,STOP_ROUTE_ERROR
133.327533,129.088811000000,35.074427500000,508096.807,3881300.448,0.006,-2.814787,gps_course,15,12.685,,,,,,,0.000000,0.0000,,,STOP_ROUTE_ERROR
133.377753,129.088811000000,35.074427500000,508096.807,3881300.448,0.006,-2.814787,gps_course,15,12.685,,,,,,,0.000000,0.0000,,,STOP_ROUTE_ERROR
133.427504,129.088811000000,35.074427500000,508096.807,3881300.448,0.006,-2.814787,gps_course,15,12.685,,,,,,,0.000000,0.0000,,,STOP_ROUTE_ERROR
133.477720,129.088811000000,35.074427500000,508096.807,3881300.448,0.006,-2.814787,gps_course,15,12.685,,,,,,,0.000000,0.0000,,,STOP_ROUTE_ERROR
133.527865,129.088811000000,35.074427500000,508096.807,3881300.448,0.006,-2.814787,gps_course,15,12.685,,,,,,,0.000000,0.0000,,,STOP_ROUTE_ERROR
133.577540,129.088811000000,35.074427500000,508096.807,3881300.448,0.020,-2.814787,gps_course,15,12.685,,,,,,,0.000000,0.0000,,,STOP_ROUTE_ERROR
133.627484,129.088811000000,35.074427500000,508096.807,3881300.448,0.020,-2.814787,gps_course,15,12.685,,,,,,,0.000000,0.0000,,,STOP_ROUTE_ERROR
133.677447,129.088811000000,35.074427500000,508096.807,3881300.448,0.020,-2.814787,gps_course,15,12.685,,,,,,,0.000000,0.0000,,,STOP_ROUTE_ERROR
133.727881,129.088811000000,35.074427500000,508096.807,3881300.448,0.020,-2.814787,gps_course,15,12.685,,,,,,,0.000000,0.0000,,,STOP_ROUTE_ERROR
133.777527,129.088811000000,35.074427500000,508096.807,3881300.448,0.020,-2.814787,gps_course,15,12.685,,,,,,,0.000000,0.0000,,,STOP_ROUTE_ERROR
133.830307,129.088811000000,35.074427666667,508096.807,3881300.467,0.027,-2.814787,gps_course,15,12.681,,,,,,,0.000000,0.0000,,,STOP_ROUTE_ERROR
133.880702,129.088811000000,35.074427666667,508096.807,3881300.467,0.027,-2.814787,gps_course,15,12.681,,,,,,,0.000000,0.0000,,,STOP_ROUTE_ERROR
133.928370,129.088811000000,35.074427666667,508096.807,3881300.467,0.027,-2.814787,gps_course,15,12.681,,,,,,,0.000000,0.0000,,,STOP_ROUTE_ERROR
133.977901,129.088811000000,35.074427666667,508096.807,3881300.467,0.027,-2.814787,gps_course,15,12.681,,,,,,,0.000000,0.0000,,,STOP_ROUTE_ERROR
134.027812,129.088811000000,35.074427666667,508096.807,3881300.467,0.027,-2.814787,gps_course,15,12.681,,,,,,,0.000000,0.0000,,,STOP_ROUTE_ERROR
134.077500,129.088811000000,35.074427666667,508096.807,3881300.467,0.027,-2.814787,gps_course,15,12.681,,,,,,,0.000000,0.0000,,,STOP_ROUTE_ERROR
134.127638,129.088811166667,35.074427500000,508096.822,3881300.448,0.011,-2.814787,gps_course,15,12.700,,,,,,,0.000000,0.0000,,,STOP_ROUTE_ERROR
134.177891,129.088811166667,35.074427500000,508096.822,3881300.448,0.011,-2.814787,gps_course,15,12.700,,,,,,,0.000000,0.0000,,,STOP_ROUTE_ERROR
134.227516,129.088811166667,35.074427500000,508096.822,3881300.448,0.011,-2.814787,gps_course,15,12.700,,,,,,,0.000000,0.0000,,,STOP_ROUTE_ERROR
134.277684,129.088811166667,35.074427500000,508096.822,3881300.448,0.011,-2.814787,gps_course,15,12.700,,,,,,,0.000000,0.0000,,,STOP_ROUTE_ERROR
134.327493,129.088811000000,35.074427500000,508096.807,3881300.448,0.025,-2.814787,gps_course,15,12.685,,,,,,,0.000000,0.0000,,,STOP_ROUTE_ERROR
134.377745,129.088811000000,35.074427500000,508096.807,3881300.448,0.025,-2.814787,gps_course,15,12.685,,,,,,,0.000000,0.0000,,,STOP_ROUTE_ERROR
134.427489,129.088811000000,35.074427500000,508096.807,3881300.448,0.025,-2.814787,gps_course,15,12.685,,,,,,,0.000000,0.0000,,,STOP_ROUTE_ERROR
134.477572,129.088811000000,35.074427500000,508096.807,3881300.448,0.025,-2.814787,gps_course,15,12.685,,,,,,,0.000000,0.0000,,,STOP_ROUTE_ERROR
134.527567,129.088811000000,35.074427500000,508096.807,3881300.448,0.025,-2.814787,gps_course,15,12.685,,,,,,,0.000000,0.0000,,,STOP_ROUTE_ERROR
134.577518,129.088811000000,35.074427500000,508096.807,3881300.448,0.004,-2.814787,gps_course,15,12.685,,,,,,,0.000000,0.0000,,,STOP_ROUTE_ERROR
134.627614,129.088811000000,35.074427500000,508096.807,3881300.448,0.004,-2.814787,gps_course,15,12.685,,,,,,,0.000000,0.0000,,,STOP_ROUTE_ERROR
134.677537,129.088811000000,35.074427500000,508096.807,3881300.448,0.004,-2.814787,gps_course,15,12.685,,,,,,,0.000000,0.0000,,,STOP_ROUTE_ERROR
134.727746,129.088811000000,35.074427500000,508096.807,3881300.448,0.004,-2.814787,gps_course,15,12.685,,,,,,,0.000000,0.0000,,,STOP_ROUTE_ERROR
134.777519,129.088811000000,35.074427500000,508096.807,3881300.448,0.004,-2.814787,gps_course,15,12.685,,,,,,,0.000000,0.0000,,,STOP_ROUTE_ERROR
134.827523,129.088811000000,35.074427666667,508096.807,3881300.467,0.009,-2.814787,gps_course,15,12.681,,,,,,,0.000000,0.0000,,,STOP_ROUTE_ERROR
134.877684,129.088811000000,35.074427666667,508096.807,3881300.467,0.009,-2.814787,gps_course,15,12.681,,,,,,,0.000000,0.0000,,,STOP_ROUTE_ERROR
134.927450,129.088811000000,35.074427666667,508096.807,3881300.467,0.009,-2.814787,gps_course,15,12.681,,,,,,,0.000000,0.0000,,,STOP_ROUTE_ERROR
134.977842,129.088811000000,35.074427666667,508096.807,3881300.467,0.009,-2.814787,gps_course,15,12.681,,,,,,,0.000000,0.0000,,,STOP_ROUTE_ERROR
135.027868,129.088811000000,35.074427666667,508096.807,3881300.467,0.009,-2.814787,gps_course,15,12.681,,,,,,,0.000000,0.0000,,,STOP_ROUTE_ERROR
135.078134,129.088811000000,35.074427666667,508096.807,3881300.467,0.015,-2.814787,gps_course,15,12.681,,,,,,,0.000000,0.0000,,,STOP_ROUTE_ERROR
135.127648,129.088811000000,35.074427666667,508096.807,3881300.467,0.015,-2.814787,gps_course,15,12.681,,,,,,,0.000000,0.0000,,,STOP_ROUTE_ERROR
135.178245,129.088811000000,35.074427666667,508096.807,3881300.467,0.015,-2.814787,gps_course,15,12.681,,,,,,,0.000000,0.0000,,,STOP_ROUTE_ERROR
135.227532,129.088811000000,35.074427666667,508096.807,3881300.467,0.015,-2.814787,gps_course,15,12.681,,,,,,,0.000000,0.0000,,,STOP_ROUTE_ERROR
135.277527,129.088811000000,35.074427666667,508096.807,3881300.467,0.015,-2.814787,gps_course,15,12.681,,,,,,,0.000000,0.0000,,,STOP_ROUTE_ERROR
135.328160,129.088811000000,35.074427666667,508096.807,3881300.467,0.008,2.080206,route_tangent,15,12.681,,,,,,,0.000000,0.0000,,,STOP_ROUTE_ERROR
135.377530,129.088811000000,35.074427666667,508096.807,3881300.467,0.008,2.080206,route_tangent,15,12.681,,,,,,,0.000000,0.0000,,,STOP_ROUTE_ERROR
135.428974,129.088811000000,35.074427666667,508096.807,3881300.467,0.008,2.080206,route_tangent,15,12.681,,,,,,,0.000000,0.0000,,,STOP_ROUTE_ERROR
135.477508,129.088811000000,35.074427666667,508096.807,3881300.467,0.008,2.080206,route_tangent,15,12.681,,,,,,,0.000000,0.0000,,,STOP_ROUTE_ERROR
135.527662,129.088811000000,35.074427666667,508096.807,3881300.467,0.008,2.080206,route_tangent,15,12.681,,,,,,,0.000000,0.0000,,,STOP_ROUTE_ERROR
135.577678,129.088811000000,35.074427666667,508096.807,3881300.467,0.007,2.080206,route_tangent,15,12.681,,,,,,,0.000000,0.0000,,,STOP_ROUTE_ERROR
135.627544,129.088811000000,35.074427666667,508096.807,3881300.467,0.007,2.080206,route_tangent,15,12.681,,,,,,,0.000000,0.0000,,,STOP_ROUTE_ERROR
135.677511,129.088811000000,35.074427666667,508096.807,3881300.467,0.007,2.080206,route_tangent,15,12.681,,,,,,,0.000000,0.0000,,,STOP_ROUTE_ERROR
135.727773,129.088811000000,35.074427666667,508096.807,3881300.467,0.007,2.080206,route_tangent,15,12.681,,,,,,,0.000000,0.0000,,,STOP_ROUTE_ERROR
135.777878,129.088811000000,35.074427666667,508096.807,3881300.467,0.007,2.080206,route_tangent,15,12.681,,,,,,,0.000000,0.0000,,,STOP_ROUTE_ERROR
135.827477,129.088811000000,35.074427666667,508096.807,3881300.467,0.013,2.080206,route_tangent,15,12.681,,,,,,,0.000000,0.0000,,,STOP_ROUTE_ERROR
135.878350,129.088811000000,35.074427666667,508096.807,3881300.467,0.013,2.080206,route_tangent,15,12.681,,,,,,,0.000000,0.0000,,,STOP_ROUTE_ERROR
135.927532,129.088811000000,35.074427666667,508096.807,3881300.467,0.013,2.080206,route_tangent,15,12.681,,,,,,,0.000000,0.0000,,,STOP_ROUTE_ERROR
135.977679,129.088811000000,35.074427666667,508096.807,3881300.467,0.013,2.080206,route_tangent,15,12.681,,,,,,,0.000000,0.0000,,,STOP_ROUTE_ERROR
136.027511,129.088811000000,35.074427666667,508096.807,3881300.467,0.013,2.080206,route_tangent,15,12.681,,,,,,,0.000000,0.0000,,,STOP_ROUTE_ERROR
136.077518,129.088811000000,35.074427666667,508096.807,3881300.467,0.013,2.080206,route_tangent,15,12.681,,,,,,,0.000000,0.0000,,,STOP_ROUTE_ERROR
136.127635,129.088811000000,35.074427666667,508096.807,3881300.467,0.004,2.080206,route_tangent,15,12.681,,,,,,,0.000000,0.0000,,,STOP_ROUTE_ERROR
136.177531,129.088811000000,35.074427666667,508096.807,3881300.467,0.004,2.080206,route_tangent,15,12.681,,,,,,,0.000000,0.0000,,,STOP_ROUTE_ERROR
136.227665,129.088811000000,35.074427666667,508096.807,3881300.467,0.004,2.080206,route_tangent,15,12.681,,,,,,,0.000000,0.0000,,,STOP_ROUTE_ERROR
136.277484,129.088811000000,35.074427666667,508096.807,3881300.467,0.004,2.080206,route_tangent,15,12.681,,,,,,,0.000000,0.0000,,,STOP_ROUTE_ERROR
136.329207,129.088811000000,35.074427666667,508096.807,3881300.467,0.019,2.080206,route_tangent,15,12.681,,,,,,,0.000000,0.0000,,,STOP_ROUTE_ERROR
136.377509,129.088811000000,35.074427666667,508096.807,3881300.467,0.019,2.080206,route_tangent,15,12.681,,,,,,,0.000000,0.0000,,,STOP_ROUTE_ERROR
136.427621,129.088811000000,35.074427666667,508096.807,3881300.467,0.019,2.080206,route_tangent,15,12.681,,,,,,,0.000000,0.0000,,,STOP_ROUTE_ERROR
136.477618,129.088811000000,35.074427666667,508096.807,3881300.467,0.019,2.080206,route_tangent,15,12.681,,,,,,,0.000000,0.0000,,,STOP_ROUTE_ERROR
136.527557,129.088811000000,35.074427666667,508096.807,3881300.467,0.019,2.080206,route_tangent,15,12.681,,,,,,,0.000000,0.0000,,,STOP_ROUTE_ERROR
136.577758,129.088811000000,35.074427666667,508096.807,3881300.467,0.005,2.080206,route_tangent,15,12.681,,,,,,,0.000000,0.0000,,,STOP_ROUTE_ERROR
136.627524,129.088811000000,35.074427666667,508096.807,3881300.467,0.005,2.080206,route_tangent,15,12.681,,,,,,,0.000000,0.0000,,,STOP_ROUTE_ERROR
136.678541,129.088811000000,35.074427666667,508096.807,3881300.467,0.005,2.080206,route_tangent,15,12.681,,,,,,,0.000000,0.0000,,,STOP_ROUTE_ERROR
136.727476,129.088811000000,35.074427666667,508096.807,3881300.467,0.005,2.080206,route_tangent,15,12.681,,,,,,,0.000000,0.0000,,,STOP_ROUTE_ERROR
136.778545,129.088811000000,35.074427666667,508096.807,3881300.467,0.005,2.080206,route_tangent,15,12.681,,,,,,,0.000000,0.0000,,,STOP_ROUTE_ERROR
136.827712,129.088811000000,35.074427666667,508096.807,3881300.467,0.005,2.080206,route_tangent,15,12.681,,,,,,,0.000000,0.0000,,,STOP_ROUTE_ERROR
136.877462,129.088811000000,35.074427666667,508096.807,3881300.467,0.015,2.080206,route_tangent,15,12.681,,,,,,,0.000000,0.0000,,,STOP_ROUTE_ERROR
136.927631,129.088811000000,35.074427666667,508096.807,3881300.467,0.015,2.080206,route_tangent,15,12.681,,,,,,,0.000000,0.0000,,,STOP_ROUTE_ERROR
136.977548,129.088811000000,35.074427666667,508096.807,3881300.467,0.015,2.080206,route_tangent,15,12.681,,,,,,,0.000000,0.0000,,,STOP_ROUTE_ERROR
137.027592,129.088811000000,35.074427666667,508096.807,3881300.467,0.015,2.080206,route_tangent,15,12.681,,,,,,,0.000000,0.0000,,,STOP_ROUTE_ERROR
137.077448,129.088811000000,35.074427666667,508096.807,3881300.467,0.015,2.080206,route_tangent,15,12.681,,,,,,,0.000000,0.0000,,,STOP_ROUTE_ERROR
137.127663,129.088811000000,35.074427666667,508096.807,3881300.467,0.010,2.080206,route_tangent,15,12.681,,,,,,,0.000000,0.0000,,,STOP_ROUTE_ERROR
137.178418,129.088811000000,35.074427666667,508096.807,3881300.467,0.010,2.080206,route_tangent,15,12.681,,,,,,,0.000000,0.0000,,,STOP_ROUTE_ERROR
137.227528,129.088811000000,35.074427666667,508096.807,3881300.467,0.010,2.080206,route_tangent,15,12.681,,,,,,,0.000000,0.0000,,,STOP_ROUTE_ERROR
137.278086,129.088811000000,35.074427666667,508096.807,3881300.467,0.010,2.080206,route_tangent,15,12.681,,,,,,,0.000000,0.0000,,,STOP_ROUTE_ERROR
137.327935,129.088811000000,35.074427666667,508096.807,3881300.467,0.007,2.080206,route_tangent,15,12.681,,,,,,,0.000000,0.0000,,,STOP_ROUTE_ERROR
137.377791,129.088811000000,35.074427666667,508096.807,3881300.467,0.007,2.080206,route_tangent,15,12.681,,,,,,,0.000000,0.0000,,,STOP_ROUTE_ERROR
137.427445,129.088811000000,35.074427666667,508096.807,3881300.467,0.007,2.080206,route_tangent,15,12.681,,,,,,,0.000000,0.0000,,,STOP_ROUTE_ERROR
137.477725,129.088811000000,35.074427666667,508096.807,3881300.467,0.007,2.080206,route_tangent,15,12.681,,,,,,,0.000000,0.0000,,,STOP_ROUTE_ERROR
137.527501,129.088811000000,35.074427666667,508096.807,3881300.467,0.007,2.080206,route_tangent,15,12.681,,,,,,,0.000000,0.0000,,,STOP_ROUTE_ERROR
137.579437,129.088811000000,35.074427666667,508096.807,3881300.467,0.007,2.080206,route_tangent,15,12.681,,,,,,,0.000000,0.0000,,,STOP_ROUTE_ERROR
137.627452,129.088811000000,35.074427666667,508096.807,3881300.467,0.007,2.080206,route_tangent,15,12.681,,,,,,,0.000000,0.0000,,,STOP_ROUTE_ERROR
137.677571,129.088811000000,35.074427666667,508096.807,3881300.467,0.007,2.080206,route_tangent,15,12.681,,,,,,,0.000000,0.0000,,,STOP_ROUTE_ERROR
137.728442,129.088811000000,35.074427666667,508096.807,3881300.467,0.007,2.080206,route_tangent,15,12.681,,,,,,,0.000000,0.0000,,,STOP_ROUTE_ERROR
137.777483,129.088811000000,35.074427666667,508096.807,3881300.467,0.007,2.080206,route_tangent,15,12.681,,,,,,,0.000000,0.0000,,,STOP_ROUTE_ERROR
137.827799,129.088811000000,35.074427666667,508096.807,3881300.467,0.012,2.080206,route_tangent,15,12.681,,,,,,,0.000000,0.0000,,,STOP_ROUTE_ERROR
137.877484,129.088811000000,35.074427666667,508096.807,3881300.467,0.012,2.080206,route_tangent,15,12.681,,,,,,,0.000000,0.0000,,,STOP_ROUTE_ERROR
137.927568,129.088811000000,35.074427666667,508096.807,3881300.467,0.012,2.080206,route_tangent,15,12.681,,,,,,,0.000000,0.0000,,,STOP_ROUTE_ERROR
137.977498,129.088811000000,35.074427666667,508096.807,3881300.467,0.012,2.080206,route_tangent,15,12.681,,,,,,,0.000000,0.0000,,,STOP_ROUTE_ERROR
138.027652,129.088811000000,35.074427666667,508096.807,3881300.467,0.012,2.080206,route_tangent,15,12.681,,,,,,,0.000000,0.0000,,,STOP_ROUTE_ERROR
138.077663,129.088811000000,35.074427666667,508096.807,3881300.467,0.012,2.080206,route_tangent,15,12.681,,,,,,,0.000000,0.0000,,,STOP_ROUTE_ERROR
138.127484,129.088811000000,35.074427666667,508096.807,3881300.467,0.011,2.080206,route_tangent,15,12.681,,,,,,,0.000000,0.0000,,,STOP_ROUTE_ERROR
138.177610,129.088811000000,35.074427666667,508096.807,3881300.467,0.011,2.080206,route_tangent,15,12.681,,,,,,,0.000000,0.0000,,,STOP_ROUTE_ERROR
138.227517,129.088811000000,35.074427666667,508096.807,3881300.467,0.011,2.080206,route_tangent,15,12.681,,,,,,,0.000000,0.0000,,,STOP_ROUTE_ERROR
138.277898,129.088811000000,35.074427666667,508096.807,3881300.467,0.011,2.080206,route_tangent,15,12.681,,,,,,,0.000000,0.0000,,,STOP_ROUTE_ERROR
138.327516,129.088811000000,35.074427666667,508096.807,3881300.467,0.016,2.080206,route_tangent,15,12.681,,,,,,,0.000000,0.0000,,,STOP_ROUTE_ERROR
138.377616,129.088811000000,35.074427666667,508096.807,3881300.467,0.016,2.080206,route_tangent,15,12.681,,,,,,,0.000000,0.0000,,,STOP_ROUTE_ERROR
138.427682,129.088811000000,35.074427666667,508096.807,3881300.467,0.016,2.080206,route_tangent,15,12.681,,,,,,,0.000000,0.0000,,,STOP_ROUTE_ERROR
138.478957,129.088811000000,35.074427666667,508096.807,3881300.467,0.016,2.080206,route_tangent,15,12.681,,,,,,,0.000000,0.0000,,,STOP_ROUTE_ERROR
138.527576,129.088811000000,35.074427666667,508096.807,3881300.467,0.016,2.080206,route_tangent,15,12.681,,,,,,,0.000000,0.0000,,,STOP_ROUTE_ERROR
138.577386,129.088811000000,35.074427666667,508096.807,3881300.467,0.009,2.080206,route_tangent,15,12.681,,,,,,,0.000000,0.0000,,,STOP_ROUTE_ERROR
138.629759,129.088811000000,35.074427666667,508096.807,3881300.467,0.009,2.080206,route_tangent,15,12.681,,,,,,,0.000000,0.0000,,,STOP_ROUTE_ERROR
138.677491,129.088811000000,35.074427666667,508096.807,3881300.467,0.009,2.080206,route_tangent,15,12.681,,,,,,,0.000000,0.0000,,,STOP_ROUTE_ERROR
138.727623,129.088811000000,35.074427666667,508096.807,3881300.467,0.009,2.080206,route_tangent,15,12.681,,,,,,,0.000000,0.0000,,,STOP_ROUTE_ERROR
138.777747,129.088811000000,35.074427666667,508096.807,3881300.467,0.009,2.080206,route_tangent,15,12.681,,,,,,,0.000000,0.0000,,,STOP_ROUTE_ERROR
138.827579,129.088811000000,35.074427666667,508096.807,3881300.467,0.009,2.080206,route_tangent,15,12.681,,,,,,,0.000000,0.0000,,,STOP_ROUTE_ERROR
138.877622,129.088811000000,35.074427666667,508096.807,3881300.467,0.019,2.080206,route_tangent,15,12.681,,,,,,,0.000000,0.0000,,,STOP_ROUTE_ERROR
138.927445,129.088811000000,35.074427666667,508096.807,3881300.467,0.019,2.080206,route_tangent,15,12.681,,,,,,,0.000000,0.0000,,,STOP_ROUTE_ERROR
138.977778,129.088811000000,35.074427666667,508096.807,3881300.467,0.019,2.080206,route_tangent,15,12.681,,,,,,,0.000000,0.0000,,,STOP_ROUTE_ERROR
139.027516,129.088811000000,35.074427666667,508096.807,3881300.467,0.019,2.080206,route_tangent,15,12.681,,,,,,,0.000000,0.0000,,,STOP_ROUTE_ERROR
139.077540,129.088811000000,35.074427666667,508096.807,3881300.467,0.019,2.080206,route_tangent,15,12.681,,,,,,,0.000000,0.0000,,,STOP_ROUTE_ERROR
139.127661,129.088811000000,35.074427666667,508096.807,3881300.467,0.014,2.080206,route_tangent,15,12.681,,,,,,,0.000000,0.0000,,,STOP_ROUTE_ERROR
139.177871,129.088811000000,35.074427666667,508096.807,3881300.467,0.014,2.080206,route_tangent,15,12.681,,,,,,,0.000000,0.0000,,,STOP_ROUTE_ERROR
139.227478,129.088811000000,35.074427666667,508096.807,3881300.467,0.014,2.080206,route_tangent,15,12.681,,,,,,,0.000000,0.0000,,,STOP_ROUTE_ERROR
139.277558,129.088811000000,35.074427666667,508096.807,3881300.467,0.014,2.080206,route_tangent,15,12.681,,,,,,,0.000000,0.0000,,,STOP_ROUTE_ERROR
139.327358,129.088811166667,35.074427666667,508096.822,3881300.467,0.012,2.080206,route_tangent,15,12.696,,,,,,,0.000000,0.0000,,,STOP_ROUTE_ERROR
139.377530,129.088811166667,35.074427666667,508096.822,3881300.467,0.012,2.080206,route_tangent,15,12.696,,,,,,,0.000000,0.0000,,,STOP_ROUTE_ERROR
139.428104,129.088811166667,35.074427666667,508096.822,3881300.467,0.012,2.080206,route_tangent,15,12.696,,,,,,,0.000000,0.0000,,,STOP_ROUTE_ERROR
139.477445,129.088811166667,35.074427666667,508096.822,3881300.467,0.012,2.080206,route_tangent,15,12.696,,,,,,,0.000000,0.0000,,,STOP_ROUTE_ERROR
139.529723,129.088811166667,35.074427666667,508096.822,3881300.467,0.012,2.080206,route_tangent,15,12.696,,,,,,,0.000000,0.0000,,,STOP_ROUTE_ERROR
139.577640,129.088811000000,35.074427666667,508096.807,3881300.467,0.006,2.080206,route_tangent,15,12.681,,,,,,,0.000000,0.0000,,,STOP_ROUTE_ERROR
139.627554,129.088811000000,35.074427666667,508096.807,3881300.467,0.006,2.080206,route_tangent,15,12.681,,,,,,,0.000000,0.0000,,,STOP_ROUTE_ERROR
139.677771,129.088811000000,35.074427666667,508096.807,3881300.467,0.006,2.080206,route_tangent,15,12.681,,,,,,,0.000000,0.0000,,,STOP_ROUTE_ERROR
139.727506,129.088811000000,35.074427666667,508096.807,3881300.467,0.006,2.080206,route_tangent,15,12.681,,,,,,,0.000000,0.0000,,,STOP_ROUTE_ERROR
139.777917,129.088811000000,35.074427666667,508096.807,3881300.467,0.006,2.080206,route_tangent,15,12.681,,,,,,,0.000000,0.0000,,,STOP_ROUTE_ERROR
139.827410,129.088811166667,35.074427666667,508096.822,3881300.467,0.005,2.080206,route_tangent,15,12.696,,,,,,,0.000000,0.0000,,,STOP_ROUTE_ERROR
139.879014,129.088811166667,35.074427666667,508096.822,3881300.467,0.005,2.080206,route_tangent,15,12.696,,,,,,,0.000000,0.0000,,,STOP_ROUTE_ERROR
139.927516,129.088811166667,35.074427666667,508096.822,3881300.467,0.005,2.080206,route_tangent,15,12.696,,,,,,,0.000000,0.0000,,,STOP_ROUTE_ERROR
139.977682,129.088811166667,35.074427666667,508096.822,3881300.467,0.005,2.080206,route_tangent,15,12.696,,,,,,,0.000000,0.0000,,,STOP_ROUTE_ERROR
140.027503,129.088811166667,35.074427666667,508096.822,3881300.467,0.005,2.080206,route_tangent,15,12.696,,,,,,,0.000000,0.0000,,,STOP_ROUTE_ERROR
140.077611,129.088811166667,35.074427666667,508096.822,3881300.467,0.005,2.080206,route_tangent,15,12.696,,,,,,,0.000000,0.0000,,,STOP_ROUTE_ERROR
140.127654,129.088811166667,35.074427666667,508096.822,3881300.467,0.004,2.080206,route_tangent,15,12.696,,,,,,,0.000000,0.0000,,,STOP_ROUTE_ERROR
140.177516,129.088811166667,35.074427666667,508096.822,3881300.467,0.004,2.080206,route_tangent,15,12.696,,,,,,,0.000000,0.0000,,,STOP_ROUTE_ERROR
140.227575,129.088811166667,35.074427666667,508096.822,3881300.467,0.004,2.080206,route_tangent,15,12.696,,,,,,,0.000000,0.0000,,,STOP_ROUTE_ERROR
140.277495,129.088811166667,35.074427666667,508096.822,3881300.467,0.004,2.080206,route_tangent,15,12.696,,,,,,,0.000000,0.0000,,,STOP_ROUTE_ERROR
140.327606,129.088811166667,35.074427666667,508096.822,3881300.467,0.004,2.080206,route_tangent,15,12.696,,,,,,,0.000000,0.0000,,,STOP_ROUTE_ERROR
140.377556,129.088811000000,35.074427666667,508096.807,3881300.467,0.012,2.080206,route_tangent,15,12.681,,,,,,,0.000000,0.0000,,,STOP_ROUTE_ERROR
140.427677,129.088811000000,35.074427666667,508096.807,3881300.467,0.012,2.080206,route_tangent,15,12.681,,,,,,,0.000000,0.0000,,,STOP_ROUTE_ERROR
140.477631,129.088811000000,35.074427666667,508096.807,3881300.467,0.012,2.080206,route_tangent,15,12.681,,,,,,,0.000000,0.0000,,,STOP_ROUTE_ERROR
140.527482,129.088811000000,35.074427666667,508096.807,3881300.467,0.012,2.080206,route_tangent,15,12.681,,,,,,,0.000000,0.0000,,,STOP_ROUTE_ERROR
140.577420,129.088811000000,35.074427666667,508096.807,3881300.467,0.008,2.080206,route_tangent,15,12.681,,,,,,,0.000000,0.0000,,,STOP_ROUTE_ERROR
140.627793,129.088811000000,35.074427666667,508096.807,3881300.467,0.008,2.080206,route_tangent,15,12.681,,,,,,,0.000000,0.0000,,,STOP_ROUTE_ERROR
140.677589,129.088811000000,35.074427666667,508096.807,3881300.467,0.008,2.080206,route_tangent,15,12.681,,,,,,,0.000000,0.0000,,,STOP_ROUTE_ERROR
140.727524,129.088811000000,35.074427666667,508096.807,3881300.467,0.008,2.080206,route_tangent,15,12.681,,,,,,,0.000000,0.0000,,,STOP_ROUTE_ERROR
140.778912,129.088811000000,35.074427666667,508096.807,3881300.467,0.008,2.080206,route_tangent,15,12.681,,,,,,,0.000000,0.0000,,,STOP_ROUTE_ERROR
140.827625,129.088811000000,35.074427666667,508096.807,3881300.467,0.008,2.080206,route_tangent,15,12.681,,,,,,,0.000000,0.0000,,,STOP_ROUTE_ERROR
140.877498,129.088811000000,35.074427666667,508096.807,3881300.467,0.011,2.080206,route_tangent,15,12.681,,,,,,,0.000000,0.0000,,,STOP_ROUTE_ERROR
140.927546,129.088811000000,35.074427666667,508096.807,3881300.467,0.011,2.080206,route_tangent,15,12.681,,,,,,,0.000000,0.0000,,,STOP_ROUTE_ERROR
140.977539,129.088811000000,35.074427666667,508096.807,3881300.467,0.011,2.080206,route_tangent,15,12.681,,,,,,,0.000000,0.0000,,,STOP_ROUTE_ERROR
141.027573,129.088811000000,35.074427666667,508096.807,3881300.467,0.011,2.080206,route_tangent,15,12.681,,,,,,,0.000000,0.0000,,,STOP_ROUTE_ERROR
141.077493,129.088811000000,35.074427666667,508096.807,3881300.467,0.011,2.080206,route_tangent,15,12.681,,,,,,,0.000000,0.0000,,,STOP_ROUTE_ERROR
141.127505,129.088811000000,35.074427500000,508096.807,3881300.448,0.024,2.080206,route_tangent,15,12.685,,,,,,,0.000000,0.0000,,,STOP_ROUTE_ERROR
141.177444,129.088811000000,35.074427500000,508096.807,3881300.448,0.024,2.080206,route_tangent,15,12.685,,,,,,,0.000000,0.0000,,,STOP_ROUTE_ERROR
141.227665,129.088811000000,35.074427500000,508096.807,3881300.448,0.024,2.080206,route_tangent,15,12.685,,,,,,,0.000000,0.0000,,,STOP_ROUTE_ERROR
141.277614,129.088811000000,35.074427500000,508096.807,3881300.448,0.024,2.080206,route_tangent,15,12.685,,,,,,,0.000000,0.0000,,,STOP_ROUTE_ERROR
141.327481,129.088811000000,35.074427500000,508096.807,3881300.448,0.024,2.080206,route_tangent,15,12.685,,,,,,,0.000000,0.0000,,,STOP_ROUTE_ERROR
141.377544,129.088811000000,35.074427666667,508096.807,3881300.467,0.004,2.080206,route_tangent,15,12.681,,,,,,,0.000000,0.0000,,,STOP_ROUTE_ERROR
141.427499,129.088811000000,35.074427666667,508096.807,3881300.467,0.004,2.080206,route_tangent,15,12.681,,,,,,,0.000000,0.0000,,,STOP_ROUTE_ERROR
141.477628,129.088811000000,35.074427666667,508096.807,3881300.467,0.004,2.080206,route_tangent,15,12.681,,,,,,,0.000000,0.0000,,,STOP_ROUTE_ERROR
141.527677,129.088811000000,35.074427666667,508096.807,3881300.467,0.004,2.080206,route_tangent,15,12.681,,,,,,,0.000000,0.0000,,,STOP_ROUTE_ERROR
141.577523,129.088811000000,35.074427666667,508096.807,3881300.467,0.011,2.080206,route_tangent,15,12.681,,,,,,,0.000000,0.0000,,,STOP_ROUTE_ERROR
141.627502,129.088811000000,35.074427666667,508096.807,3881300.467,0.011,2.080206,route_tangent,15,12.681,,,,,,,0.000000,0.0000,,,STOP_ROUTE_ERROR
141.677523,129.088811000000,35.074427666667,508096.807,3881300.467,0.011,2.080206,route_tangent,15,12.681,,,,,,,0.000000,0.0000,,,STOP_ROUTE_ERROR
141.727626,129.088811000000,35.074427666667,508096.807,3881300.467,0.011,2.080206,route_tangent,15,12.681,,,,,,,0.000000,0.0000,,,STOP_ROUTE_ERROR
141.777494,129.088811000000,35.074427666667,508096.807,3881300.467,0.011,2.080206,route_tangent,15,12.681,,,,,,,0.000000,0.0000,,,STOP_ROUTE_ERROR
141.828115,129.088811000000,35.074427666667,508096.807,3881300.467,0.013,2.080206,route_tangent,15,12.681,,,,,,,0.000000,0.0000,,,STOP_ROUTE_ERROR
141.877483,129.088811000000,35.074427666667,508096.807,3881300.467,0.013,2.080206,route_tangent,15,12.681,,,,,,,0.000000,0.0000,,,STOP_ROUTE_ERROR
141.928032,129.088811000000,35.074427666667,508096.807,3881300.467,0.013,2.080206,route_tangent,15,12.681,,,,,,,0.000000,0.0000,,,STOP_ROUTE_ERROR
141.977691,129.088811000000,35.074427666667,508096.807,3881300.467,0.013,2.080206,route_tangent,15,12.681,,,,,,,0.000000,0.0000,,,STOP_ROUTE_ERROR
142.027587,129.088811000000,35.074427666667,508096.807,3881300.467,0.013,2.080206,route_tangent,15,12.681,,,,,,,0.000000,0.0000,,,STOP_ROUTE_ERROR
142.077610,129.088811000000,35.074427666667,508096.807,3881300.467,0.013,2.080206,route_tangent,15,12.681,,,,,,,0.000000,0.0000,,,STOP_ROUTE_ERROR
142.130302,129.088811000000,35.074427666667,508096.807,3881300.467,0.010,2.080206,route_tangent,15,12.681,,,,,,,0.000000,0.0000,,,STOP_ROUTE_ERROR
142.177881,129.088811000000,35.074427666667,508096.807,3881300.467,0.010,2.080206,route_tangent,15,12.681,,,,,,,0.000000,0.0000,,,STOP_ROUTE_ERROR
142.227971,129.088811000000,35.074427666667,508096.807,3881300.467,0.010,2.080206,route_tangent,15,12.681,,,,,,,0.000000,0.0000,,,STOP_ROUTE_ERROR
142.277560,129.088811000000,35.074427666667,508096.807,3881300.467,0.010,2.080206,route_tangent,15,12.681,,,,,,,0.000000,0.0000,,,STOP_ROUTE_ERROR
142.327377,129.088811000000,35.074427666667,508096.807,3881300.467,0.014,2.080206,route_tangent,15,12.681,,,,,,,0.000000,0.0000,,,STOP_ROUTE_ERROR
142.378297,129.088811000000,35.074427666667,508096.807,3881300.467,0.014,2.080206,route_tangent,15,12.681,,,,,,,0.000000,0.0000,,,STOP_ROUTE_ERROR
142.427601,129.088811000000,35.074427666667,508096.807,3881300.467,0.014,2.080206,route_tangent,15,12.681,,,,,,,0.000000,0.0000,,,STOP_ROUTE_ERROR
142.477727,129.088811000000,35.074427666667,508096.807,3881300.467,0.014,2.080206,route_tangent,15,12.681,,,,,,,0.000000,0.0000,,,STOP_ROUTE_ERROR
142.527681,129.088811000000,35.074427666667,508096.807,3881300.467,0.014,2.080206,route_tangent,15,12.681,,,,,,,0.000000,0.0000,,,STOP_ROUTE_ERROR
142.577418,129.088811000000,35.074427666667,508096.807,3881300.467,0.009,2.080206,route_tangent,15,12.681,,,,,,,0.000000,0.0000,,,STOP_ROUTE_ERROR
142.629697,129.088811000000,35.074427666667,508096.807,3881300.467,0.009,2.080206,route_tangent,15,12.681,,,,,,,0.000000,0.0000,,,STOP_ROUTE_ERROR
142.677532,129.088811000000,35.074427666667,508096.807,3881300.467,0.009,2.080206,route_tangent,15,12.681,,,,,,,0.000000,0.0000,,,STOP_ROUTE_ERROR
142.727590,129.088811000000,35.074427666667,508096.807,3881300.467,0.009,2.080206,route_tangent,15,12.681,,,,,,,0.000000,0.0000,,,STOP_ROUTE_ERROR
142.777532,129.088811000000,35.074427666667,508096.807,3881300.467,0.009,2.080206,route_tangent,15,12.681,,,,,,,0.000000,0.0000,,,STOP_ROUTE_ERROR
142.828491,129.088811000000,35.074427666667,508096.807,3881300.467,0.009,2.080206,route_tangent,15,12.681,,,,,,,0.000000,0.0000,,,STOP_ROUTE_ERROR
142.877710,129.088811000000,35.074427666667,508096.807,3881300.467,0.009,2.080206,route_tangent,15,12.681,,,,,,,0.000000,0.0000,,,STOP_ROUTE_ERROR
142.927477,129.088811000000,35.074427666667,508096.807,3881300.467,0.009,2.080206,route_tangent,15,12.681,,,,,,,0.000000,0.0000,,,STOP_ROUTE_ERROR
142.977813,129.088811000000,35.074427666667,508096.807,3881300.467,0.009,2.080206,route_tangent,15,12.681,,,,,,,0.000000,0.0000,,,STOP_ROUTE_ERROR
143.027553,129.088811000000,35.074427666667,508096.807,3881300.467,0.009,2.080206,route_tangent,15,12.681,,,,,,,0.000000,0.0000,,,STOP_ROUTE_ERROR
143.077587,129.088811000000,35.074427666667,508096.807,3881300.467,0.009,2.080206,route_tangent,15,12.681,,,,,,,0.000000,0.0000,,,STOP_ROUTE_ERROR
143.127493,129.088811000000,35.074427666667,508096.807,3881300.467,0.007,2.080206,route_tangent,15,12.681,,,,,,,0.000000,0.0000,,,STOP_ROUTE_ERROR
143.177731,129.088811000000,35.074427666667,508096.807,3881300.467,0.007,2.080206,route_tangent,15,12.681,,,,,,,0.000000,0.0000,,,STOP_ROUTE_ERROR
143.227678,129.088811000000,35.074427666667,508096.807,3881300.467,0.007,2.080206,route_tangent,15,12.681,,,,,,,0.000000,0.0000,,,STOP_ROUTE_ERROR
143.277520,129.088811000000,35.074427666667,508096.807,3881300.467,0.007,2.080206,route_tangent,15,12.681,,,,,,,0.000000,0.0000,,,STOP_ROUTE_ERROR
143.327414,129.088811000000,35.074427666667,508096.807,3881300.467,0.008,2.080206,route_tangent,15,12.681,,,,,,,0.000000,0.0000,,,STOP_ROUTE_ERROR
143.377475,129.088811000000,35.074427666667,508096.807,3881300.467,0.008,2.080206,route_tangent,15,12.681,,,,,,,0.000000,0.0000,,,STOP_ROUTE_ERROR
143.427650,129.088811000000,35.074427666667,508096.807,3881300.467,0.008,2.080206,route_tangent,15,12.681,,,,,,,0.000000,0.0000,,,STOP_ROUTE_ERROR
143.477513,129.088811000000,35.074427666667,508096.807,3881300.467,0.008,2.080206,route_tangent,15,12.681,,,,,,,0.000000,0.0000,,,STOP_ROUTE_ERROR
143.527740,129.088811000000,35.074427666667,508096.807,3881300.467,0.008,2.080206,route_tangent,15,12.681,,,,,,,0.000000,0.0000,,,STOP_ROUTE_ERROR
143.577509,129.088811000000,35.074427666667,508096.807,3881300.467,0.011,2.080206,route_tangent,15,12.681,,,,,,,0.000000,0.0000,,,STOP_ROUTE_ERROR
143.629260,129.088811000000,35.074427666667,508096.807,3881300.467,0.011,2.080206,route_tangent,15,12.681,,,,,,,0.000000,0.0000,,,STOP_ROUTE_ERROR
143.677885,129.088811000000,35.074427666667,508096.807,3881300.467,0.011,2.080206,route_tangent,15,12.681,,,,,,,0.000000,0.0000,,,STOP_ROUTE_ERROR
143.727615,129.088811000000,35.074427666667,508096.807,3881300.467,0.011,2.080206,route_tangent,15,12.681,,,,,,,0.000000,0.0000,,,STOP_ROUTE_ERROR
143.777656,129.088811000000,35.074427666667,508096.807,3881300.467,0.011,2.080206,route_tangent,15,12.681,,,,,,,0.000000,0.0000,,,STOP_ROUTE_ERROR
143.827512,129.088811000000,35.074427666667,508096.807,3881300.467,0.014,2.080206,route_tangent,15,12.681,,,,,,,0.000000,0.0000,,,STOP_ROUTE_ERROR
143.877610,129.088811000000,35.074427666667,508096.807,3881300.467,0.014,2.080206,route_tangent,15,12.681,,,,,,,0.000000,0.0000,,,STOP_ROUTE_ERROR
143.927493,129.088811000000,35.074427666667,508096.807,3881300.467,0.014,2.080206,route_tangent,15,12.681,,,,,,,0.000000,0.0000,,,STOP_ROUTE_ERROR
143.977566,129.088811000000,35.074427666667,508096.807,3881300.467,0.014,2.080206,route_tangent,15,12.681,,,,,,,0.000000,0.0000,,,STOP_ROUTE_ERROR
144.027532,129.088811000000,35.074427666667,508096.807,3881300.467,0.014,2.080206,route_tangent,15,12.681,,,,,,,0.000000,0.0000,,,STOP_ROUTE_ERROR
144.077525,129.088811000000,35.074427666667,508096.807,3881300.467,0.014,2.080206,route_tangent,15,12.681,,,,,,,0.000000,0.0000,,,STOP_ROUTE_ERROR
144.127685,129.088811000000,35.074427666667,508096.807,3881300.467,0.009,2.080206,route_tangent,15,12.681,,,,,,,0.000000,0.0000,,,STOP_ROUTE_ERROR
144.177503,129.088811000000,35.074427666667,508096.807,3881300.467,0.009,2.080206,route_tangent,15,12.681,,,,,,,0.000000,0.0000,,,STOP_ROUTE_ERROR
144.228781,129.088811000000,35.074427666667,508096.807,3881300.467,0.009,2.080206,route_tangent,15,12.681,,,,,,,0.000000,0.0000,,,STOP_ROUTE_ERROR
144.277476,129.088811000000,35.074427666667,508096.807,3881300.467,0.009,2.080206,route_tangent,15,12.681,,,,,,,0.000000,0.0000,,,STOP_ROUTE_ERROR
144.327651,129.088811000000,35.074427666667,508096.807,3881300.467,0.009,2.080206,route_tangent,15,12.681,,,,,,,0.000000,0.0000,,,STOP_ROUTE_ERROR
144.377501,129.088811000000,35.074427666667,508096.807,3881300.467,0.009,2.080206,route_tangent,15,12.681,,,,,,,0.000000,0.0000,,,STOP_ROUTE_ERROR
144.428828,129.088811000000,35.074427666667,508096.807,3881300.467,0.009,2.080206,route_tangent,15,12.681,,,,,,,0.000000,0.0000,,,STOP_ROUTE_ERROR
144.477566,129.088811000000,35.074427666667,508096.807,3881300.467,0.009,2.080206,route_tangent,15,12.681,,,,,,,0.000000,0.0000,,,STOP_ROUTE_ERROR
144.527522,129.088811000000,35.074427666667,508096.807,3881300.467,0.009,2.080206,route_tangent,15,12.681,,,,,,,0.000000,0.0000,,,STOP_ROUTE_ERROR
144.577614,129.088811000000,35.074427666667,508096.807,3881300.467,0.003,2.080206,route_tangent,15,12.681,,,,,,,0.000000,0.0000,,,STOP_ROUTE_ERROR
144.627960,129.088811000000,35.074427666667,508096.807,3881300.467,0.003,2.080206,route_tangent,15,12.681,,,,,,,0.000000,0.0000,,,STOP_ROUTE_ERROR
144.677703,129.088811000000,35.074427666667,508096.807,3881300.467,0.003,2.080206,route_tangent,15,12.681,,,,,,,0.000000,0.0000,,,STOP_ROUTE_ERROR
144.727567,129.088811000000,35.074427666667,508096.807,3881300.467,0.003,2.080206,route_tangent,15,12.681,,,,,,,0.000000,0.0000,,,STOP_ROUTE_ERROR
144.777644,129.088811000000,35.074427666667,508096.807,3881300.467,0.003,2.080206,route_tangent,15,12.681,,,,,,,0.000000,0.0000,,,STOP_ROUTE_ERROR
144.827828,129.088811000000,35.074427666667,508096.807,3881300.467,0.003,2.080206,route_tangent,15,12.681,,,,,,,0.000000,0.0000,,,STOP_ROUTE_ERROR
144.877521,129.088811166667,35.074427666667,508096.822,3881300.467,0.004,2.080206,route_tangent,15,12.696,,,,,,,0.000000,0.0000,,,STOP_ROUTE_ERROR
144.927620,129.088811166667,35.074427666667,508096.822,3881300.467,0.004,2.080206,route_tangent,15,12.696,,,,,,,0.000000,0.0000,,,STOP_ROUTE_ERROR
144.977522,129.088811166667,35.074427666667,508096.822,3881300.467,0.004,2.080206,route_tangent,15,12.696,,,,,,,0.000000,0.0000,,,STOP_ROUTE_ERROR
145.028578,129.088811166667,35.074427666667,508096.822,3881300.467,0.004,2.080206,route_tangent,15,12.696,,,,,,,0.000000,0.0000,,,STOP_ROUTE_ERROR
145.077475,129.088811166667,35.074427666667,508096.822,3881300.467,0.004,2.080206,route_tangent,15,12.696,,,,,,,0.000000,0.0000,,,STOP_ROUTE_ERROR
145.127763,129.088811166667,35.074427666667,508096.822,3881300.467,0.017,2.080206,route_tangent,15,12.696,,,,,,,0.000000,0.0000,,,STOP_ROUTE_ERROR
145.177667,129.088811166667,35.074427666667,508096.822,3881300.467,0.017,2.080206,route_tangent,15,12.696,,,,,,,0.000000,0.0000,,,STOP_ROUTE_ERROR
145.227604,129.088811166667,35.074427666667,508096.822,3881300.467,0.017,2.080206,route_tangent,15,12.696,,,,,,,0.000000,0.0000,,,STOP_ROUTE_ERROR
145.277482,129.088811166667,35.074427666667,508096.822,3881300.467,0.017,2.080206,route_tangent,15,12.696,,,,,,,0.000000,0.0000,,,STOP_ROUTE_ERROR
145.327463,129.088811000000,35.074427666667,508096.807,3881300.467,0.008,2.080206,route_tangent,15,12.681,,,,,,,0.000000,0.0000,,,STOP_ROUTE_ERROR
145.377921,129.088811000000,35.074427666667,508096.807,3881300.467,0.008,2.080206,route_tangent,15,12.681,,,,,,,0.000000,0.0000,,,STOP_ROUTE_ERROR
145.427453,129.088811000000,35.074427666667,508096.807,3881300.467,0.008,2.080206,route_tangent,15,12.681,,,,,,,0.000000,0.0000,,,STOP_ROUTE_ERROR
145.477588,129.088811000000,35.074427666667,508096.807,3881300.467,0.008,2.080206,route_tangent,15,12.681,,,,,,,0.000000,0.0000,,,STOP_ROUTE_ERROR
145.527492,129.088811000000,35.074427666667,508096.807,3881300.467,0.008,2.080206,route_tangent,15,12.681,,,,,,,0.000000,0.0000,,,STOP_ROUTE_ERROR
145.578247,129.088811000000,35.074427500000,508096.807,3881300.448,0.001,2.080206,route_tangent,15,12.685,,,,,,,0.000000,0.0000,,,STOP_ROUTE_ERROR
145.627757,129.088811000000,35.074427500000,508096.807,3881300.448,0.001,2.080206,route_tangent,15,12.685,,,,,,,0.000000,0.0000,,,STOP_ROUTE_ERROR
145.677607,129.088811000000,35.074427500000,508096.807,3881300.448,0.001,2.080206,route_tangent,15,12.685,,,,,,,0.000000,0.0000,,,STOP_ROUTE_ERROR
145.727505,129.088811000000,35.074427500000,508096.807,3881300.448,0.001,2.080206,route_tangent,15,12.685,,,,,,,0.000000,0.0000,,,STOP_ROUTE_ERROR
145.777527,129.088811000000,35.074427500000,508096.807,3881300.448,0.001,2.080206,route_tangent,15,12.685,,,,,,,0.000000,0.0000,,,STOP_ROUTE_ERROR
145.829665,129.088811166667,35.074427666667,508096.822,3881300.467,0.008,2.080206,route_tangent,15,12.696,,,,,,,0.000000,0.0000,,,STOP_ROUTE_ERROR
145.877500,129.088811166667,35.074427666667,508096.822,3881300.467,0.008,2.080206,route_tangent,15,12.696,,,,,,,0.000000,0.0000,,,STOP_ROUTE_ERROR
145.927542,129.088811166667,35.074427666667,508096.822,3881300.467,0.008,2.080206,route_tangent,15,12.696,,,,,,,0.000000,0.0000,,,STOP_ROUTE_ERROR
145.977576,129.088811166667,35.074427666667,508096.822,3881300.467,0.008,2.080206,route_tangent,15,12.696,,,,,,,0.000000,0.0000,,,STOP_ROUTE_ERROR
146.028471,129.088811166667,35.074427666667,508096.822,3881300.467,0.008,2.080206,route_tangent,15,12.696,,,,,,,0.000000,0.0000,,,STOP_ROUTE_ERROR
146.077631,129.088811166667,35.074427666667,508096.822,3881300.467,0.008,2.080206,route_tangent,15,12.696,,,,,,,0.000000,0.0000,,,STOP_ROUTE_ERROR
146.127569,129.088811000000,35.074427666667,508096.807,3881300.467,0.004,2.080206,route_tangent,15,12.681,,,,,,,0.000000,0.0000,,,STOP_ROUTE_ERROR
146.177701,129.088811000000,35.074427666667,508096.807,3881300.467,0.004,2.080206,route_tangent,15,12.681,,,,,,,0.000000,0.0000,,,STOP_ROUTE_ERROR
146.227505,129.088811000000,35.074427666667,508096.807,3881300.467,0.004,2.080206,route_tangent,15,12.681,,,,,,,0.000000,0.0000,,,STOP_ROUTE_ERROR
146.277576,129.088811000000,35.074427666667,508096.807,3881300.467,0.004,2.080206,route_tangent,15,12.681,,,,,,,0.000000,0.0000,,,STOP_ROUTE_ERROR
146.327467,129.088811000000,35.074427666667,508096.807,3881300.467,0.012,2.080206,route_tangent,15,12.681,,,,,,,0.000000,0.0000,,,STOP_ROUTE_ERROR
146.378813,129.088811000000,35.074427666667,508096.807,3881300.467,0.012,2.080206,route_tangent,15,12.681,,,,,,,0.000000,0.0000,,,STOP_ROUTE_ERROR
146.427660,129.088811000000,35.074427666667,508096.807,3881300.467,0.012,2.080206,route_tangent,15,12.681,,,,,,,0.000000,0.0000,,,STOP_ROUTE_ERROR
146.477612,129.088811000000,35.074427666667,508096.807,3881300.467,0.012,2.080206,route_tangent,15,12.681,,,,,,,0.000000,0.0000,,,STOP_ROUTE_ERROR
146.527540,129.088811000000,35.074427666667,508096.807,3881300.467,0.012,2.080206,route_tangent,15,12.681,,,,,,,0.000000,0.0000,,,STOP_ROUTE_ERROR
146.577445,129.088811000000,35.074427666667,508096.807,3881300.467,0.002,2.080206,route_tangent,15,12.681,,,,,,,0.000000,0.0000,,,STOP_ROUTE_ERROR
146.628949,129.088811000000,35.074427666667,508096.807,3881300.467,0.002,2.080206,route_tangent,15,12.681,,,,,,,0.000000,0.0000,,,STOP_ROUTE_ERROR
146.677494,129.088811000000,35.074427666667,508096.807,3881300.467,0.002,2.080206,route_tangent,15,12.681,,,,,,,0.000000,0.0000,,,STOP_ROUTE_ERROR
146.727640,129.088811000000,35.074427666667,508096.807,3881300.467,0.002,2.080206,route_tangent,15,12.681,,,,,,,0.000000,0.0000,,,STOP_ROUTE_ERROR
146.777470,129.088811000000,35.074427666667,508096.807,3881300.467,0.002,2.080206,route_tangent,15,12.681,,,,,,,0.000000,0.0000,,,STOP_ROUTE_ERROR
146.827593,129.088811000000,35.074427666667,508096.807,3881300.467,0.017,2.080206,route_tangent,15,12.681,,,,,,,0.000000,0.0000,,,STOP_ROUTE_ERROR
146.877653,129.088811000000,35.074427666667,508096.807,3881300.467,0.017,2.080206,route_tangent,15,12.681,,,,,,,0.000000,0.0000,,,STOP_ROUTE_ERROR
146.927497,129.088811000000,35.074427666667,508096.807,3881300.467,0.017,2.080206,route_tangent,15,12.681,,,,,,,0.000000,0.0000,,,STOP_ROUTE_ERROR
146.977852,129.088811000000,35.074427666667,508096.807,3881300.467,0.017,2.080206,route_tangent,15,12.681,,,,,,,0.000000,0.0000,,,STOP_ROUTE_ERROR
147.027546,129.088811000000,35.074427666667,508096.807,3881300.467,0.017,2.080206,route_tangent,15,12.681,,,,,,,0.000000,0.0000,,,STOP_ROUTE_ERROR
147.077678,129.088811000000,35.074427666667,508096.807,3881300.467,0.017,2.080206,route_tangent,15,12.681,,,,,,,0.000000,0.0000,,,STOP_ROUTE_ERROR
147.127502,129.088811000000,35.074427666667,508096.807,3881300.467,0.021,2.080206,route_tangent,15,12.681,,,,,,,0.000000,0.0000,,,STOP_ROUTE_ERROR
147.177814,129.088811000000,35.074427666667,508096.807,3881300.467,0.021,2.080206,route_tangent,15,12.681,,,,,,,0.000000,0.0000,,,STOP_ROUTE_ERROR
147.227614,129.088811000000,35.074427666667,508096.807,3881300.467,0.021,2.080206,route_tangent,15,12.681,,,,,,,0.000000,0.0000,,,STOP_ROUTE_ERROR
147.277589,129.088811000000,35.074427666667,508096.807,3881300.467,0.021,2.080206,route_tangent,15,12.681,,,,,,,0.000000,0.0000,,,STOP_ROUTE_ERROR
147.327451,129.088811000000,35.074427666667,508096.807,3881300.467,0.009,2.080206,route_tangent,15,12.681,,,,,,,0.000000,0.0000,,,STOP_ROUTE_ERROR
147.377497,129.088811000000,35.074427666667,508096.807,3881300.467,0.009,2.080206,route_tangent,15,12.681,,,,,,,0.000000,0.0000,,,STOP_ROUTE_ERROR
147.428381,129.088811000000,35.074427666667,508096.807,3881300.467,0.009,2.080206,route_tangent,15,12.681,,,,,,,0.000000,0.0000,,,STOP_ROUTE_ERROR
147.477451,129.088811000000,35.074427666667,508096.807,3881300.467,0.009,2.080206,route_tangent,15,12.681,,,,,,,0.000000,0.0000,,,STOP_ROUTE_ERROR
147.527574,129.088811000000,35.074427666667,508096.807,3881300.467,0.009,2.080206,route_tangent,15,12.681,,,,,,,0.000000,0.0000,,,STOP_ROUTE_ERROR
147.577668,129.088811000000,35.074427666667,508096.807,3881300.467,0.012,2.080206,route_tangent,15,12.681,,,,,,,0.000000,0.0000,,,STOP_ROUTE_ERROR
147.628114,129.088811000000,35.074427666667,508096.807,3881300.467,0.012,2.080206,route_tangent,15,12.681,,,,,,,0.000000,0.0000,,,STOP_ROUTE_ERROR
147.677625,129.088811000000,35.074427666667,508096.807,3881300.467,0.012,2.080206,route_tangent,15,12.681,,,,,,,0.000000,0.0000,,,STOP_ROUTE_ERROR
147.727630,129.088811000000,35.074427666667,508096.807,3881300.467,0.012,2.080206,route_tangent,15,12.681,,,,,,,0.000000,0.0000,,,STOP_ROUTE_ERROR
147.777724,129.088811000000,35.074427666667,508096.807,3881300.467,0.012,2.080206,route_tangent,15,12.681,,,,,,,0.000000,0.0000,,,STOP_ROUTE_ERROR
147.827611,129.088811000000,35.074427666667,508096.807,3881300.467,0.010,2.080206,route_tangent,15,12.681,,,,,,,0.000000,0.0000,,,STOP_ROUTE_ERROR
147.877827,129.088811000000,35.074427666667,508096.807,3881300.467,0.010,2.080206,route_tangent,15,12.681,,,,,,,0.000000,0.0000,,,STOP_ROUTE_ERROR
147.927474,129.088811000000,35.074427666667,508096.807,3881300.467,0.010,2.080206,route_tangent,15,12.681,,,,,,,0.000000,0.0000,,,STOP_ROUTE_ERROR
147.977557,129.088811000000,35.074427666667,508096.807,3881300.467,0.010,2.080206,route_tangent,15,12.681,,,,,,,0.000000,0.0000,,,STOP_ROUTE_ERROR
148.027513,129.088811000000,35.074427666667,508096.807,3881300.467,0.010,2.080206,route_tangent,15,12.681,,,,,,,0.000000,0.0000,,,STOP_ROUTE_ERROR
148.077559,129.088811000000,35.074427666667,508096.807,3881300.467,0.010,2.080206,route_tangent,15,12.681,,,,,,,0.000000,0.0000,,,STOP_ROUTE_ERROR
148.127532,129.088811000000,35.074427666667,508096.807,3881300.467,0.006,2.080206,route_tangent,15,12.681,,,,,,,0.000000,0.0000,,,STOP_ROUTE_ERROR
148.177697,129.088811000000,35.074427666667,508096.807,3881300.467,0.006,2.080206,route_tangent,15,12.681,,,,,,,0.000000,0.0000,,,STOP_ROUTE_ERROR
148.227985,129.088811000000,35.074427666667,508096.807,3881300.467,0.006,2.080206,route_tangent,15,12.681,,,,,,,0.000000,0.0000,,,STOP_ROUTE_ERROR
148.277505,129.088811000000,35.074427666667,508096.807,3881300.467,0.006,2.080206,route_tangent,15,12.681,,,,,,,0.000000,0.0000,,,STOP_ROUTE_ERROR
148.327645,129.088811000000,35.074427666667,508096.807,3881300.467,0.009,2.080206,route_tangent,15,12.681,,,,,,,0.000000,0.0000,,,STOP_ROUTE_ERROR
148.377722,129.088811000000,35.074427666667,508096.807,3881300.467,0.009,2.080206,route_tangent,15,12.681,,,,,,,0.000000,0.0000,,,STOP_ROUTE_ERROR
148.428949,129.088811000000,35.074427666667,508096.807,3881300.467,0.009,2.080206,route_tangent,15,12.681,,,,,,,0.000000,0.0000,,,STOP_ROUTE_ERROR
148.477628,129.088811000000,35.074427666667,508096.807,3881300.467,0.009,2.080206,route_tangent,15,12.681,,,,,,,0.000000,0.0000,,,STOP_ROUTE_ERROR
148.527431,129.088811000000,35.074427666667,508096.807,3881300.467,0.009,2.080206,route_tangent,15,12.681,,,,,,,0.000000,0.0000,,,STOP_ROUTE_ERROR
148.577435,129.088811000000,35.074427666667,508096.807,3881300.467,0.022,2.080206,route_tangent,15,12.681,,,,,,,0.000000,0.0000,,,STOP_ROUTE_ERROR
148.627512,129.088811000000,35.074427666667,508096.807,3881300.467,0.022,2.080206,route_tangent,15,12.681,,,,,,,0.000000,0.0000,,,STOP_ROUTE_ERROR
148.682851,129.088811000000,35.074427666667,508096.807,3881300.467,0.022,2.080206,route_tangent,15,12.681,,,,,,,0.000000,0.0000,,,STOP_ROUTE_ERROR
148.727483,129.088811000000,35.074427666667,508096.807,3881300.467,0.022,2.080206,route_tangent,15,12.681,,,,,,,0.000000,0.0000,,,STOP_ROUTE_ERROR
148.777575,129.088811000000,35.074427666667,508096.807,3881300.467,0.022,2.080206,route_tangent,15,12.681,,,,,,,0.000000,0.0000,,,STOP_ROUTE_ERROR
148.827504,129.088811000000,35.074427666667,508096.807,3881300.467,0.022,2.080206,route_tangent,15,12.681,,,,,,,0.000000,0.0000,,,STOP_ROUTE_ERROR
148.877482,129.088811000000,35.074427666667,508096.807,3881300.467,0.003,2.080206,route_tangent,15,12.681,,,,,,,0.000000,0.0000,,,STOP_ROUTE_ERROR
148.927659,129.088811000000,35.074427666667,508096.807,3881300.467,0.003,2.080206,route_tangent,15,12.681,,,,,,,0.000000,0.0000,,,STOP_ROUTE_ERROR
148.977521,129.088811000000,35.074427666667,508096.807,3881300.467,0.003,2.080206,route_tangent,15,12.681,,,,,,,0.000000,0.0000,,,STOP_ROUTE_ERROR
149.027544,129.088811000000,35.074427666667,508096.807,3881300.467,0.003,2.080206,route_tangent,15,12.681,,,,,,,0.000000,0.0000,,,STOP_ROUTE_ERROR
149.077478,129.088811000000,35.074427666667,508096.807,3881300.467,0.003,2.080206,route_tangent,15,12.681,,,,,,,0.000000,0.0000,,,STOP_ROUTE_ERROR
149.130226,129.088811166667,35.074427666667,508096.822,3881300.467,0.006,2.080206,route_tangent,15,12.696,,,,,,,0.000000,0.0000,,,STOP_ROUTE_ERROR
149.177482,129.088811166667,35.074427666667,508096.822,3881300.467,0.006,2.080206,route_tangent,15,12.696,,,,,,,0.000000,0.0000,,,STOP_ROUTE_ERROR
149.227613,129.088811166667,35.074427666667,508096.822,3881300.467,0.006,2.080206,route_tangent,15,12.696,,,,,,,0.000000,0.0000,,,STOP_ROUTE_ERROR
149.277584,129.088811166667,35.074427666667,508096.822,3881300.467,0.006,2.080206,route_tangent,15,12.696,,,,,,,0.000000,0.0000,,,STOP_ROUTE_ERROR
149.327443,129.088811166667,35.074427666667,508096.822,3881300.467,0.018,2.080206,route_tangent,15,12.696,,,,,,,0.000000,0.0000,,,STOP_ROUTE_ERROR
149.377538,129.088811166667,35.074427666667,508096.822,3881300.467,0.018,2.080206,route_tangent,15,12.696,,,,,,,0.000000,0.0000,,,STOP_ROUTE_ERROR
149.427477,129.088811166667,35.074427666667,508096.822,3881300.467,0.018,2.080206,route_tangent,15,12.696,,,,,,,0.000000,0.0000,,,STOP_ROUTE_ERROR
149.477765,129.088811166667,35.074427666667,508096.822,3881300.467,0.018,2.080206,route_tangent,15,12.696,,,,,,,0.000000,0.0000,,,STOP_ROUTE_ERROR
149.527543,129.088811166667,35.074427666667,508096.822,3881300.467,0.018,2.080206,route_tangent,15,12.696,,,,,,,0.000000,0.0000,,,STOP_ROUTE_ERROR
149.577440,129.088811000000,35.074427666667,508096.807,3881300.467,0.013,2.080206,route_tangent,15,12.681,,,,,,,0.000000,0.0000,,,STOP_ROUTE_ERROR
149.627610,129.088811000000,35.074427666667,508096.807,3881300.467,0.013,2.080206,route_tangent,15,12.681,,,,,,,0.000000,0.0000,,,STOP_ROUTE_ERROR
149.677556,129.088811000000,35.074427666667,508096.807,3881300.467,0.013,2.080206,route_tangent,15,12.681,,,,,,,0.000000,0.0000,,,STOP_ROUTE_ERROR
149.727538,129.088811000000,35.074427666667,508096.807,3881300.467,0.013,2.080206,route_tangent,15,12.681,,,,,,,0.000000,0.0000,,,STOP_ROUTE_ERROR
149.777532,129.088811000000,35.074427666667,508096.807,3881300.467,0.013,2.080206,route_tangent,15,12.681,,,,,,,0.000000,0.0000,,,STOP_ROUTE_ERROR
149.827555,129.088811166667,35.074427666667,508096.822,3881300.467,0.009,2.080206,route_tangent,15,12.696,,,,,,,0.000000,0.0000,,,STOP_ROUTE_ERROR
149.877474,129.088811166667,35.074427666667,508096.822,3881300.467,0.009,2.080206,route_tangent,15,12.696,,,,,,,0.000000,0.0000,,,STOP_ROUTE_ERROR
149.927558,129.088811166667,35.074427666667,508096.822,3881300.467,0.009,2.080206,route_tangent,15,12.696,,,,,,,0.000000,0.0000,,,STOP_ROUTE_ERROR
149.977649,129.088811166667,35.074427666667,508096.822,3881300.467,0.009,2.080206,route_tangent,15,12.696,,,,,,,0.000000,0.0000,,,STOP_ROUTE_ERROR
150.027522,129.088811166667,35.074427666667,508096.822,3881300.467,0.009,2.080206,route_tangent,15,12.696,,,,,,,0.000000,0.0000,,,STOP_ROUTE_ERROR
150.077761,129.088811166667,35.074427666667,508096.822,3881300.467,0.009,2.080206,route_tangent,15,12.696,,,,,,,0.000000,0.0000,,,STOP_ROUTE_ERROR
150.127490,129.088811166667,35.074427666667,508096.822,3881300.467,0.009,2.080206,route_tangent,15,12.696,,,,,,,0.000000,0.0000,,,STOP_ROUTE_ERROR
150.178193,129.088811166667,35.074427666667,508096.822,3881300.467,0.009,2.080206,route_tangent,15,12.696,,,,,,,0.000000,0.0000,,,STOP_ROUTE_ERROR
150.227498,129.088811166667,35.074427666667,508096.822,3881300.467,0.009,2.080206,route_tangent,15,12.696,,,,,,,0.000000,0.0000,,,STOP_ROUTE_ERROR
150.277641,129.088811166667,35.074427666667,508096.822,3881300.467,0.009,2.080206,route_tangent,15,12.696,,,,,,,0.000000,0.0000,,,STOP_ROUTE_ERROR
150.327482,129.088811166667,35.074427666667,508096.822,3881300.467,0.006,2.080206,route_tangent,15,12.696,,,,,,,0.000000,0.0000,,,STOP_ROUTE_ERROR
150.377687,129.088811166667,35.074427666667,508096.822,3881300.467,0.006,2.080206,route_tangent,15,12.696,,,,,,,0.000000,0.0000,,,STOP_ROUTE_ERROR
150.427556,129.088811166667,35.074427666667,508096.822,3881300.467,0.006,2.080206,route_tangent,15,12.696,,,,,,,0.000000,0.0000,,,STOP_ROUTE_ERROR
150.477632,129.088811166667,35.074427666667,508096.822,3881300.467,0.006,2.080206,route_tangent,15,12.696,,,,,,,0.000000,0.0000,,,STOP_ROUTE_ERROR
150.527644,129.088811166667,35.074427666667,508096.822,3881300.467,0.006,2.080206,route_tangent,15,12.696,,,,,,,0.000000,0.0000,,,STOP_ROUTE_ERROR
150.577453,129.088811166667,35.074427666667,508096.822,3881300.467,0.013,2.080206,route_tangent,15,12.696,,,,,,,0.000000,0.0000,,,STOP_ROUTE_ERROR
150.627982,129.088811166667,35.074427666667,508096.822,3881300.467,0.013,2.080206,route_tangent,15,12.696,,,,,,,0.000000,0.0000,,,STOP_ROUTE_ERROR
150.677491,129.088811166667,35.074427666667,508096.822,3881300.467,0.013,2.080206,route_tangent,15,12.696,,,,,,,0.000000,0.0000,,,STOP_ROUTE_ERROR
150.727609,129.088811166667,35.074427666667,508096.822,3881300.467,0.013,2.080206,route_tangent,15,12.696,,,,,,,0.000000,0.0000,,,STOP_ROUTE_ERROR
150.777579,129.088811166667,35.074427666667,508096.822,3881300.467,0.013,2.080206,route_tangent,15,12.696,,,,,,,0.000000,0.0000,,,STOP_ROUTE_ERROR
150.827663,129.088811166667,35.074427666667,508096.822,3881300.467,0.018,2.080206,route_tangent,15,12.696,,,,,,,0.000000,0.0000,,,STOP_ROUTE_ERROR
150.877680,129.088811166667,35.074427666667,508096.822,3881300.467,0.018,2.080206,route_tangent,15,12.696,,,,,,,0.000000,0.0000,,,STOP_ROUTE_ERROR
150.927489,129.088811166667,35.074427666667,508096.822,3881300.467,0.018,2.080206,route_tangent,15,12.696,,,,,,,0.000000,0.0000,,,STOP_ROUTE_ERROR
150.977789,129.088811166667,35.074427666667,508096.822,3881300.467,0.018,2.080206,route_tangent,15,12.696,,,,,,,0.000000,0.0000,,,STOP_ROUTE_ERROR
151.027497,129.088811166667,35.074427666667,508096.822,3881300.467,0.018,2.080206,route_tangent,15,12.696,,,,,,,0.000000,0.0000,,,STOP_ROUTE_ERROR
151.077671,129.088811166667,35.074427666667,508096.822,3881300.467,0.018,2.080206,route_tangent,15,12.696,,,,,,,0.000000,0.0000,,,STOP_ROUTE_ERROR
151.127552,129.088811166667,35.074427666667,508096.822,3881300.467,0.014,2.080206,route_tangent,15,12.696,,,,,,,0.000000,0.0000,,,STOP_ROUTE_ERROR
151.179748,129.088811166667,35.074427666667,508096.822,3881300.467,0.014,2.080206,route_tangent,15,12.696,,,,,,,0.000000,0.0000,,,STOP_ROUTE_ERROR
151.227483,129.088811166667,35.074427666667,508096.822,3881300.467,0.014,2.080206,route_tangent,15,12.696,,,,,,,0.000000,0.0000,,,STOP_ROUTE_ERROR
151.277827,129.088811166667,35.074427666667,508096.822,3881300.467,0.014,2.080206,route_tangent,15,12.696,,,,,,,0.000000,0.0000,,,STOP_ROUTE_ERROR
151.327413,129.088811166667,35.074427666667,508096.822,3881300.467,0.022,2.080206,route_tangent,15,12.696,,,,,,,0.000000,0.0000,,,STOP_ROUTE_ERROR
151.377526,129.088811166667,35.074427666667,508096.822,3881300.467,0.022,2.080206,route_tangent,15,12.696,,,,,,,0.000000,0.0000,,,STOP_ROUTE_ERROR
151.428607,129.088811166667,35.074427666667,508096.822,3881300.467,0.022,2.080206,route_tangent,15,12.696,,,,,,,0.000000,0.0000,,,STOP_ROUTE_ERROR
151.477560,129.088811166667,35.074427666667,508096.822,3881300.467,0.022,2.080206,route_tangent,15,12.696,,,,,,,0.000000,0.0000,,,STOP_ROUTE_ERROR
151.527564,129.088811166667,35.074427666667,508096.822,3881300.467,0.022,2.080206,route_tangent,15,12.696,,,,,,,0.000000,0.0000,,,STOP_ROUTE_ERROR
151.577448,129.088811166667,35.074427666667,508096.822,3881300.467,0.011,2.080206,route_tangent,15,12.696,,,,,,,0.000000,0.0000,,,STOP_ROUTE_ERROR
151.627515,129.088811166667,35.074427666667,508096.822,3881300.467,0.011,2.080206,route_tangent,15,12.696,,,,,,,0.000000,0.0000,,,STOP_ROUTE_ERROR
151.677815,129.088811166667,35.074427666667,508096.822,3881300.467,0.011,2.080206,route_tangent,15,12.696,,,,,,,0.000000,0.0000,,,STOP_ROUTE_ERROR
151.727768,129.088811166667,35.074427666667,508096.822,3881300.467,0.011,2.080206,route_tangent,15,12.696,,,,,,,0.000000,0.0000,,,STOP_ROUTE_ERROR
151.777801,129.088811166667,35.074427666667,508096.822,3881300.467,0.011,2.080206,route_tangent,15,12.696,,,,,,,0.000000,0.0000,,,STOP_ROUTE_ERROR
151.827535,129.088811166667,35.074427666667,508096.822,3881300.467,0.008,2.080206,route_tangent,15,12.696,,,,,,,0.000000,0.0000,,,STOP_ROUTE_ERROR
151.877653,129.088811166667,35.074427666667,508096.822,3881300.467,0.008,2.080206,route_tangent,15,12.696,,,,,,,0.000000,0.0000,,,STOP_ROUTE_ERROR
151.927470,129.088811166667,35.074427666667,508096.822,3881300.467,0.008,2.080206,route_tangent,15,12.696,,,,,,,0.000000,0.0000,,,STOP_ROUTE_ERROR
151.978650,129.088811166667,35.074427666667,508096.822,3881300.467,0.008,2.080206,route_tangent,15,12.696,,,,,,,0.000000,0.0000,,,STOP_ROUTE_ERROR
152.028563,129.088811166667,35.074427666667,508096.822,3881300.467,0.008,2.080206,route_tangent,15,12.696,,,,,,,0.000000,0.0000,,,STOP_ROUTE_ERROR
152.077556,129.088811166667,35.074427666667,508096.822,3881300.467,0.008,2.080206,route_tangent,15,12.696,,,,,,,0.000000,0.0000,,,STOP_ROUTE_ERROR
152.127480,129.088811166667,35.074427666667,508096.822,3881300.467,0.010,2.080206,route_tangent,15,12.696,,,,,,,0.000000,0.0000,,,STOP_ROUTE_ERROR
152.177479,129.088811166667,35.074427666667,508096.822,3881300.467,0.010,2.080206,route_tangent,15,12.696,,,,,,,0.000000,0.0000,,,STOP_ROUTE_ERROR
152.227636,129.088811166667,35.074427666667,508096.822,3881300.467,0.010,2.080206,route_tangent,15,12.696,,,,,,,0.000000,0.0000,,,STOP_ROUTE_ERROR
152.277509,129.088811166667,35.074427666667,508096.822,3881300.467,0.010,2.080206,route_tangent,15,12.696,,,,,,,0.000000,0.0000,,,STOP_ROUTE_ERROR
152.327569,129.088811166667,35.074427666667,508096.822,3881300.467,0.011,2.080206,route_tangent,15,12.696,,,,,,,0.000000,0.0000,,,STOP_ROUTE_ERROR
152.377818,129.088811166667,35.074427666667,508096.822,3881300.467,0.011,2.080206,route_tangent,15,12.696,,,,,,,0.000000,0.0000,,,STOP_ROUTE_ERROR
152.427750,129.088811166667,35.074427666667,508096.822,3881300.467,0.011,2.080206,route_tangent,15,12.696,,,,,,,0.000000,0.0000,,,STOP_ROUTE_ERROR
152.477665,129.088811166667,35.074427666667,508096.822,3881300.467,0.011,2.080206,route_tangent,15,12.696,,,,,,,0.000000,0.0000,,,STOP_ROUTE_ERROR
152.527502,129.088811166667,35.074427666667,508096.822,3881300.467,0.011,2.080206,route_tangent,15,12.696,,,,,,,0.000000,0.0000,,,STOP_ROUTE_ERROR
152.577443,129.088811166667,35.074427666667,508096.822,3881300.467,0.009,2.080206,route_tangent,15,12.696,,,,,,,0.000000,0.0000,,,STOP_ROUTE_ERROR
152.627498,129.088811166667,35.074427666667,508096.822,3881300.467,0.009,2.080206,route_tangent,15,12.696,,,,,,,0.000000,0.0000,,,STOP_ROUTE_ERROR
152.677624,129.088811166667,35.074427666667,508096.822,3881300.467,0.009,2.080206,route_tangent,15,12.696,,,,,,,0.000000,0.0000,,,STOP_ROUTE_ERROR
152.727444,129.088811166667,35.074427666667,508096.822,3881300.467,0.009,2.080206,route_tangent,15,12.696,,,,,,,0.000000,0.0000,,,STOP_ROUTE_ERROR
152.778679,129.088811166667,35.074427666667,508096.822,3881300.467,0.009,2.080206,route_tangent,15,12.696,,,,,,,0.000000,0.0000,,,STOP_ROUTE_ERROR
152.827933,129.088811166667,35.074427666667,508096.822,3881300.467,0.008,2.080206,route_tangent,15,12.696,,,,,,,0.000000,0.0000,,,STOP_ROUTE_ERROR
152.877477,129.088811166667,35.074427666667,508096.822,3881300.467,0.008,2.080206,route_tangent,15,12.696,,,,,,,0.000000,0.0000,,,STOP_ROUTE_ERROR
152.927653,129.088811166667,35.074427666667,508096.822,3881300.467,0.008,2.080206,route_tangent,15,12.696,,,,,,,0.000000,0.0000,,,STOP_ROUTE_ERROR
152.977542,129.088811166667,35.074427666667,508096.822,3881300.467,0.008,2.080206,route_tangent,15,12.696,,,,,,,0.000000,0.0000,,,STOP_ROUTE_ERROR
153.027729,129.088811166667,35.074427666667,508096.822,3881300.467,0.008,2.080206,route_tangent,15,12.696,,,,,,,0.000000,0.0000,,,STOP_ROUTE_ERROR
153.077533,129.088811166667,35.074427666667,508096.822,3881300.467,0.008,2.080206,route_tangent,15,12.696,,,,,,,0.000000,0.0000,,,STOP_ROUTE_ERROR
153.127701,129.088811166667,35.074427666667,508096.822,3881300.467,0.006,2.080206,route_tangent,15,12.696,,,,,,,0.000000,0.0000,,,STOP_ROUTE_ERROR
153.177703,129.088811166667,35.074427666667,508096.822,3881300.467,0.006,2.080206,route_tangent,15,12.696,,,,,,,0.000000,0.0000,,,STOP_ROUTE_ERROR
153.227603,129.088811166667,35.074427666667,508096.822,3881300.467,0.006,2.080206,route_tangent,15,12.696,,,,,,,0.000000,0.0000,,,STOP_ROUTE_ERROR
153.277449,129.088811166667,35.074427666667,508096.822,3881300.467,0.006,2.080206,route_tangent,15,12.696,,,,,,,0.000000,0.0000,,,STOP_ROUTE_ERROR
153.327627,129.088811166667,35.074427666667,508096.822,3881300.467,0.022,2.080206,route_tangent,15,12.696,,,,,,,0.000000,0.0000,,,STOP_ROUTE_ERROR
153.377945,129.088811166667,35.074427666667,508096.822,3881300.467,0.022,2.080206,route_tangent,15,12.696,,,,,,,0.000000,0.0000,,,STOP_ROUTE_ERROR
153.427545,129.088811166667,35.074427666667,508096.822,3881300.467,0.022,2.080206,route_tangent,15,12.696,,,,,,,0.000000,0.0000,,,STOP_ROUTE_ERROR
153.477665,129.088811166667,35.074427666667,508096.822,3881300.467,0.022,2.080206,route_tangent,15,12.696,,,,,,,0.000000,0.0000,,,STOP_ROUTE_ERROR
153.527700,129.088811166667,35.074427666667,508096.822,3881300.467,0.022,2.080206,route_tangent,15,12.696,,,,,,,0.000000,0.0000,,,STOP_ROUTE_ERROR
153.578080,129.088811166667,35.074427666667,508096.822,3881300.467,0.007,2.080206,route_tangent,15,12.696,,,,,,,0.000000,0.0000,,,STOP_ROUTE_ERROR
153.628625,129.088811166667,35.074427666667,508096.822,3881300.467,0.007,2.080206,route_tangent,15,12.696,,,,,,,0.000000,0.0000,,,STOP_ROUTE_ERROR
153.677600,129.088811166667,35.074427666667,508096.822,3881300.467,0.007,2.080206,route_tangent,15,12.696,,,,,,,0.000000,0.0000,,,STOP_ROUTE_ERROR
153.727680,129.088811166667,35.074427666667,508096.822,3881300.467,0.007,2.080206,route_tangent,15,12.696,,,,,,,0.000000,0.0000,,,STOP_ROUTE_ERROR
153.777478,129.088811166667,35.074427666667,508096.822,3881300.467,0.007,2.080206,route_tangent,15,12.696,,,,,,,0.000000,0.0000,,,STOP_ROUTE_ERROR
153.827306,129.088811000000,35.074427666667,508096.807,3881300.467,0.010,2.080206,route_tangent,15,12.681,,,,,,,0.000000,0.0000,,,STOP_ROUTE_ERROR
153.877566,129.088811000000,35.074427666667,508096.807,3881300.467,0.010,2.080206,route_tangent,15,12.681,,,,,,,0.000000,0.0000,,,STOP_ROUTE_ERROR
153.929581,129.088811000000,35.074427666667,508096.807,3881300.467,0.010,2.080206,route_tangent,15,12.681,,,,,,,0.000000,0.0000,,,STOP_ROUTE_ERROR
153.977699,129.088811000000,35.074427666667,508096.807,3881300.467,0.010,2.080206,route_tangent,15,12.681,,,,,,,0.000000,0.0000,,,STOP_ROUTE_ERROR
154.028185,129.088811000000,35.074427666667,508096.807,3881300.467,0.010,2.080206,route_tangent,15,12.681,,,,,,,0.000000,0.0000,,,STOP_ROUTE_ERROR
154.077556,129.088811000000,35.074427666667,508096.807,3881300.467,0.010,2.080206,route_tangent,15,12.681,,,,,,,0.000000,0.0000,,,STOP_ROUTE_ERROR
154.127500,129.088811000000,35.074427666667,508096.807,3881300.467,0.003,2.080206,route_tangent,15,12.681,,,,,,,0.000000,0.0000,,,STOP_ROUTE_ERROR
154.177746,129.088811000000,35.074427666667,508096.807,3881300.467,0.003,2.080206,route_tangent,15,12.681,,,,,,,0.000000,0.0000,,,STOP_ROUTE_ERROR
154.227492,129.088811000000,35.074427666667,508096.807,3881300.467,0.003,2.080206,route_tangent,15,12.681,,,,,,,0.000000,0.0000,,,STOP_ROUTE_ERROR
154.277631,129.088811000000,35.074427666667,508096.807,3881300.467,0.003,2.080206,route_tangent,15,12.681,,,,,,,0.000000,0.0000,,,STOP_ROUTE_ERROR
154.327391,129.088811000000,35.074427666667,508096.807,3881300.467,0.027,2.080206,route_tangent,15,12.681,,,,,,,0.000000,0.0000,,,STOP_ROUTE_ERROR
154.377749,129.088811000000,35.074427666667,508096.807,3881300.467,0.027,2.080206,route_tangent,15,12.681,,,,,,,0.000000,0.0000,,,STOP_ROUTE_ERROR
154.427512,129.088811000000,35.074427666667,508096.807,3881300.467,0.027,2.080206,route_tangent,15,12.681,,,,,,,0.000000,0.0000,,,STOP_ROUTE_ERROR
154.477574,129.088811000000,35.074427666667,508096.807,3881300.467,0.027,2.080206,route_tangent,15,12.681,,,,,,,0.000000,0.0000,,,STOP_ROUTE_ERROR
154.527527,129.088811000000,35.074427666667,508096.807,3881300.467,0.027,2.080206,route_tangent,15,12.681,,,,,,,0.000000,0.0000,,,STOP_ROUTE_ERROR
154.577416,129.088811000000,35.074427666667,508096.807,3881300.467,0.017,2.080206,route_tangent,15,12.681,,,,,,,0.000000,0.0000,,,STOP_ROUTE_ERROR
154.627743,129.088811000000,35.074427666667,508096.807,3881300.467,0.017,2.080206,route_tangent,15,12.681,,,,,,,0.000000,0.0000,,,STOP_ROUTE_ERROR
154.677511,129.088811000000,35.074427666667,508096.807,3881300.467,0.017,2.080206,route_tangent,15,12.681,,,,,,,0.000000,0.0000,,,STOP_ROUTE_ERROR
154.728565,129.088811000000,35.074427666667,508096.807,3881300.467,0.017,2.080206,route_tangent,15,12.681,,,,,,,0.000000,0.0000,,,STOP_ROUTE_ERROR
154.777518,129.088811000000,35.074427666667,508096.807,3881300.467,0.017,2.080206,route_tangent,15,12.681,,,,,,,0.000000,0.0000,,,STOP_ROUTE_ERROR
154.829345,129.088811000000,35.074427666667,508096.807,3881300.467,0.017,2.080206,route_tangent,15,12.681,,,,,,,0.000000,0.0000,,,STOP_ROUTE_ERROR
154.877662,129.088811000000,35.074427666667,508096.807,3881300.467,0.011,2.080206,route_tangent,15,12.681,,,,,,,0.000000,0.0000,,,STOP_ROUTE_ERROR
154.927496,129.088811000000,35.074427666667,508096.807,3881300.467,0.011,2.080206,route_tangent,15,12.681,,,,,,,0.000000,0.0000,,,STOP_ROUTE_ERROR
154.977900,129.088811000000,35.074427666667,508096.807,3881300.467,0.011,2.080206,route_tangent,15,12.681,,,,,,,0.000000,0.0000,,,STOP_ROUTE_ERROR
155.027505,129.088811000000,35.074427666667,508096.807,3881300.467,0.011,2.080206,route_tangent,15,12.681,,,,,,,0.000000,0.0000,,,STOP_ROUTE_ERROR
155.077570,129.088811000000,35.074427666667,508096.807,3881300.467,0.011,2.080206,route_tangent,15,12.681,,,,,,,0.000000,0.0000,,,STOP_ROUTE_ERROR
155.127445,129.088811000000,35.074427666667,508096.807,3881300.467,0.009,2.080206,route_tangent,15,12.681,,,,,,,0.000000,0.0000,,,STOP_ROUTE_ERROR
155.180790,129.088811000000,35.074427666667,508096.807,3881300.467,0.009,2.080206,route_tangent,15,12.681,,,,,,,0.000000,0.0000,,,STOP_ROUTE_ERROR
155.227484,129.088811000000,35.074427666667,508096.807,3881300.467,0.009,2.080206,route_tangent,15,12.681,,,,,,,0.000000,0.0000,,,STOP_ROUTE_ERROR
155.277446,129.088811000000,35.074427666667,508096.807,3881300.467,0.009,2.080206,route_tangent,15,12.681,,,,,,,0.000000,0.0000,,,STOP_ROUTE_ERROR
155.327942,129.088811000000,35.074427666667,508096.807,3881300.467,0.009,2.080206,route_tangent,15,12.681,,,,,,,0.000000,0.0000,,,STOP_ROUTE_ERROR
155.377489,129.088811000000,35.074427666667,508096.807,3881300.467,0.009,2.080206,route_tangent,15,12.681,,,,,,,0.000000,0.0000,,,STOP_ROUTE_ERROR
155.427747,129.088811000000,35.074427666667,508096.807,3881300.467,0.009,2.080206,route_tangent,15,12.681,,,,,,,0.000000,0.0000,,,STOP_ROUTE_ERROR
155.477448,129.088811000000,35.074427666667,508096.807,3881300.467,0.009,2.080206,route_tangent,15,12.681,,,,,,,0.000000,0.0000,,,STOP_ROUTE_ERROR
155.527672,129.088811000000,35.074427666667,508096.807,3881300.467,0.009,2.080206,route_tangent,15,12.681,,,,,,,0.000000,0.0000,,,STOP_ROUTE_ERROR
155.577511,129.088811000000,35.074427666667,508096.807,3881300.467,0.004,2.080206,route_tangent,15,12.681,,,,,,,0.000000,0.0000,,,STOP_ROUTE_ERROR
155.627545,129.088811000000,35.074427666667,508096.807,3881300.467,0.004,2.080206,route_tangent,15,12.681,,,,,,,0.000000,0.0000,,,STOP_ROUTE_ERROR
155.677575,129.088811000000,35.074427666667,508096.807,3881300.467,0.004,2.080206,route_tangent,15,12.681,,,,,,,0.000000,0.0000,,,STOP_ROUTE_ERROR
155.727579,129.088811000000,35.074427666667,508096.807,3881300.467,0.004,2.080206,route_tangent,15,12.681,,,,,,,0.000000,0.0000,,,STOP_ROUTE_ERROR
155.777742,129.088811000000,35.074427666667,508096.807,3881300.467,0.004,2.080206,route_tangent,15,12.681,,,,,,,0.000000,0.0000,,,STOP_ROUTE_ERROR
155.827464,129.088811000000,35.074427666667,508096.807,3881300.467,0.001,2.080206,route_tangent,15,12.681,,,,,,,0.000000,0.0000,,,STOP_ROUTE_ERROR
155.877738,129.088811000000,35.074427666667,508096.807,3881300.467,0.001,2.080206,route_tangent,15,12.681,,,,,,,0.000000,0.0000,,,STOP_ROUTE_ERROR
155.927543,129.088811000000,35.074427666667,508096.807,3881300.467,0.001,2.080206,route_tangent,15,12.681,,,,,,,0.000000,0.0000,,,STOP_ROUTE_ERROR
155.977696,129.088811000000,35.074427666667,508096.807,3881300.467,0.001,2.080206,route_tangent,15,12.681,,,,,,,0.000000,0.0000,,,STOP_ROUTE_ERROR
156.027572,129.088811000000,35.074427666667,508096.807,3881300.467,0.001,2.080206,route_tangent,15,12.681,,,,,,,0.000000,0.0000,,,STOP_ROUTE_ERROR
156.077655,129.088811000000,35.074427666667,508096.807,3881300.467,0.001,2.080206,route_tangent,15,12.681,,,,,,,0.000000,0.0000,,,STOP_ROUTE_ERROR
156.127663,129.088811000000,35.074427666667,508096.807,3881300.467,0.002,2.080206,route_tangent,15,12.681,,,,,,,0.000000,0.0000,,,STOP_ROUTE_ERROR
156.177510,129.088811000000,35.074427666667,508096.807,3881300.467,0.002,2.080206,route_tangent,15,12.681,,,,,,,0.000000,0.0000,,,STOP_ROUTE_ERROR
156.229620,129.088811000000,35.074427666667,508096.807,3881300.467,0.002,2.080206,route_tangent,15,12.681,,,,,,,0.000000,0.0000,,,STOP_ROUTE_ERROR
156.277487,129.088811000000,35.074427666667,508096.807,3881300.467,0.002,2.080206,route_tangent,15,12.681,,,,,,,0.000000,0.0000,,,STOP_ROUTE_ERROR
156.328689,129.088811000000,35.074427666667,508096.807,3881300.467,0.011,2.080206,route_tangent,15,12.681,,,,,,,0.000000,0.0000,,,STOP_ROUTE_ERROR
156.377525,129.088811000000,35.074427666667,508096.807,3881300.467,0.011,2.080206,route_tangent,15,12.681,,,,,,,0.000000,0.0000,,,STOP_ROUTE_ERROR
156.427642,129.088811000000,35.074427666667,508096.807,3881300.467,0.011,2.080206,route_tangent,15,12.681,,,,,,,0.000000,0.0000,,,STOP_ROUTE_ERROR
156.477745,129.088811000000,35.074427666667,508096.807,3881300.467,0.011,2.080206,route_tangent,15,12.681,,,,,,,0.000000,0.0000,,,STOP_ROUTE_ERROR
156.527572,129.088811000000,35.074427666667,508096.807,3881300.467,0.011,2.080206,route_tangent,15,12.681,,,,,,,0.000000,0.0000,,,STOP_ROUTE_ERROR
156.577557,129.088811000000,35.074427666667,508096.807,3881300.467,0.002,2.080206,route_tangent,15,12.681,,,,,,,0.000000,0.0000,,,STOP_ROUTE_ERROR
156.627496,129.088811000000,35.074427666667,508096.807,3881300.467,0.002,2.080206,route_tangent,15,12.681,,,,,,,0.000000,0.0000,,,STOP_ROUTE_ERROR
156.677995,129.088811000000,35.074427666667,508096.807,3881300.467,0.002,2.080206,route_tangent,15,12.681,,,,,,,0.000000,0.0000,,,STOP_ROUTE_ERROR
156.727547,129.088811000000,35.074427666667,508096.807,3881300.467,0.002,2.080206,route_tangent,15,12.681,,,,,,,0.000000,0.0000,,,STOP_ROUTE_ERROR
156.777532,129.088811000000,35.074427666667,508096.807,3881300.467,0.002,2.080206,route_tangent,15,12.681,,,,,,,0.000000,0.0000,,,STOP_ROUTE_ERROR
156.827447,129.088811000000,35.074427500000,508096.807,3881300.448,0.008,2.080206,route_tangent,15,12.685,,,,,,,0.000000,0.0000,,,STOP_ROUTE_ERROR
156.877480,129.088811000000,35.074427500000,508096.807,3881300.448,0.008,2.080206,route_tangent,15,12.685,,,,,,,0.000000,0.0000,,,STOP_ROUTE_ERROR
156.927499,129.088811000000,35.074427500000,508096.807,3881300.448,0.008,2.080206,route_tangent,15,12.685,,,,,,,0.000000,0.0000,,,STOP_ROUTE_ERROR
156.977849,129.088811000000,35.074427500000,508096.807,3881300.448,0.008,2.080206,route_tangent,15,12.685,,,,,,,0.000000,0.0000,,,STOP_ROUTE_ERROR
157.027637,129.088811000000,35.074427500000,508096.807,3881300.448,0.008,2.080206,route_tangent,15,12.685,,,,,,,0.000000,0.0000,,,STOP_ROUTE_ERROR
157.077441,129.088811000000,35.074427500000,508096.807,3881300.448,0.008,2.080206,route_tangent,15,12.685,,,,,,,0.000000,0.0000,,,STOP_ROUTE_ERROR
157.127738,129.088811000000,35.074427666667,508096.807,3881300.467,0.006,2.080206,route_tangent,15,12.681,,,,,,,0.000000,0.0000,,,STOP_ROUTE_ERROR
157.177688,129.088811000000,35.074427666667,508096.807,3881300.467,0.006,2.080206,route_tangent,15,12.681,,,,,,,0.000000,0.0000,,,STOP_ROUTE_ERROR
157.227702,129.088811000000,35.074427666667,508096.807,3881300.467,0.006,2.080206,route_tangent,15,12.681,,,,,,,0.000000,0.0000,,,STOP_ROUTE_ERROR
157.277605,129.088811000000,35.074427666667,508096.807,3881300.467,0.006,2.080206,route_tangent,15,12.681,,,,,,,0.000000,0.0000,,,STOP_ROUTE_ERROR
157.327877,129.088811166667,35.074427666667,508096.822,3881300.467,0.007,2.080206,route_tangent,15,12.696,,,,,,,0.000000,0.0000,,,STOP_ROUTE_ERROR
157.378530,129.088811166667,35.074427666667,508096.822,3881300.467,0.007,2.080206,route_tangent,15,12.696,,,,,,,0.000000,0.0000,,,STOP_ROUTE_ERROR
157.427454,129.088811166667,35.074427666667,508096.822,3881300.467,0.007,2.080206,route_tangent,15,12.696,,,,,,,0.000000,0.0000,,,STOP_ROUTE_ERROR
157.478617,129.088811166667,35.074427666667,508096.822,3881300.467,0.007,2.080206,route_tangent,15,12.696,,,,,,,0.000000,0.0000,,,STOP_ROUTE_ERROR
157.527498,129.088811166667,35.074427666667,508096.822,3881300.467,0.007,2.080206,route_tangent,15,12.696,,,,,,,0.000000,0.0000,,,STOP_ROUTE_ERROR
157.577535,129.088811166667,35.074427666667,508096.822,3881300.467,0.007,2.080206,route_tangent,15,12.696,,,,,,,0.000000,0.0000,,,STOP_ROUTE_ERROR
157.627740,129.088811166667,35.074427666667,508096.822,3881300.467,0.007,2.080206,route_tangent,15,12.696,,,,,,,0.000000,0.0000,,,STOP_ROUTE_ERROR
157.677665,129.088811166667,35.074427666667,508096.822,3881300.467,0.007,2.080206,route_tangent,15,12.696,,,,,,,0.000000,0.0000,,,STOP_ROUTE_ERROR
157.727724,129.088811166667,35.074427666667,508096.822,3881300.467,0.007,2.080206,route_tangent,15,12.696,,,,,,,0.000000,0.0000,,,STOP_ROUTE_ERROR
157.777438,129.088811166667,35.074427666667,508096.822,3881300.467,0.007,2.080206,route_tangent,15,12.696,,,,,,,0.000000,0.0000,,,STOP_ROUTE_ERROR
157.829323,129.088811000000,35.074427666667,508096.807,3881300.467,0.012,2.080206,route_tangent,15,12.681,,,,,,,0.000000,0.0000,,,STOP_ROUTE_ERROR
157.877471,129.088811000000,35.074427666667,508096.807,3881300.467,0.012,2.080206,route_tangent,15,12.681,,,,,,,0.000000,0.0000,,,STOP_ROUTE_ERROR
157.927649,129.088811000000,35.074427666667,508096.807,3881300.467,0.012,2.080206,route_tangent,15,12.681,,,,,,,0.000000,0.0000,,,STOP_ROUTE_ERROR
157.977698,129.088811000000,35.074427666667,508096.807,3881300.467,0.012,2.080206,route_tangent,15,12.681,,,,,,,0.000000,0.0000,,,STOP_ROUTE_ERROR
158.027543,129.088811000000,35.074427666667,508096.807,3881300.467,0.012,2.080206,route_tangent,15,12.681,,,,,,,0.000000,0.0000,,,STOP_ROUTE_ERROR
158.077364,129.088811166667,35.074427666667,508096.822,3881300.467,0.002,2.080206,route_tangent,15,12.696,,,,,,,0.000000,0.0000,,,STOP_ROUTE_ERROR
158.127969,129.088811166667,35.074427666667,508096.822,3881300.467,0.002,2.080206,route_tangent,15,12.696,,,,,,,0.000000,0.0000,,,STOP_ROUTE_ERROR
158.177805,129.088811166667,35.074427666667,508096.822,3881300.467,0.002,2.080206,route_tangent,15,12.696,,,,,,,0.000000,0.0000,,,STOP_ROUTE_ERROR
158.227517,129.088811166667,35.074427666667,508096.822,3881300.467,0.002,2.080206,route_tangent,15,12.696,,,,,,,0.000000,0.0000,,,STOP_ROUTE_ERROR
158.278754,129.088811166667,35.074427666667,508096.822,3881300.467,0.002,2.080206,route_tangent,15,12.696,,,,,,,0.000000,0.0000,,,STOP_ROUTE_ERROR
158.327359,129.088811166667,35.074427666667,508096.822,3881300.467,0.008,2.080206,route_tangent,15,12.696,,,,,,,0.000000,0.0000,,,STOP_ROUTE_ERROR
158.378593,129.088811166667,35.074427666667,508096.822,3881300.467,0.008,2.080206,route_tangent,15,12.696,,,,,,,0.000000,0.0000,,,STOP_ROUTE_ERROR
158.427706,129.088811166667,35.074427666667,508096.822,3881300.467,0.008,2.080206,route_tangent,15,12.696,,,,,,,0.000000,0.0000,,,STOP_ROUTE_ERROR
158.477552,129.088811166667,35.074427666667,508096.822,3881300.467,0.008,2.080206,route_tangent,15,12.696,,,,,,,0.000000,0.0000,,,STOP_ROUTE_ERROR
158.527508,129.088811166667,35.074427666667,508096.822,3881300.467,0.008,2.080206,route_tangent,15,12.696,,,,,,,0.000000,0.0000,,,STOP_ROUTE_ERROR
158.577693,129.088811166667,35.074427666667,508096.822,3881300.467,0.010,2.080206,route_tangent,15,12.696,,,,,,,0.000000,0.0000,,,STOP_ROUTE_ERROR
158.627740,129.088811166667,35.074427666667,508096.822,3881300.467,0.010,2.080206,route_tangent,15,12.696,,,,,,,0.000000,0.0000,,,STOP_ROUTE_ERROR
158.677507,129.088811166667,35.074427666667,508096.822,3881300.467,0.010,2.080206,route_tangent,15,12.696,,,,,,,0.000000,0.0000,,,STOP_ROUTE_ERROR
158.727571,129.088811166667,35.074427666667,508096.822,3881300.467,0.010,2.080206,route_tangent,15,12.696,,,,,,,0.000000,0.0000,,,STOP_ROUTE_ERROR
158.777642,129.088811166667,35.074427666667,508096.822,3881300.467,0.010,2.080206,route_tangent,15,12.696,,,,,,,0.000000,0.0000,,,STOP_ROUTE_ERROR
158.827738,129.088811166667,35.074427666667,508096.822,3881300.467,0.020,2.080206,route_tangent,15,12.696,,,,,,,0.000000,0.0000,,,STOP_ROUTE_ERROR
158.877540,129.088811166667,35.074427666667,508096.822,3881300.467,0.020,2.080206,route_tangent,15,12.696,,,,,,,0.000000,0.0000,,,STOP_ROUTE_ERROR
158.927608,129.088811166667,35.074427666667,508096.822,3881300.467,0.020,2.080206,route_tangent,15,12.696,,,,,,,0.000000,0.0000,,,STOP_ROUTE_ERROR
158.978314,129.088811166667,35.074427666667,508096.822,3881300.467,0.020,2.080206,route_tangent,15,12.696,,,,,,,0.000000,0.0000,,,STOP_ROUTE_ERROR
159.027540,129.088811166667,35.074427666667,508096.822,3881300.467,0.020,2.080206,route_tangent,15,12.696,,,,,,,0.000000,0.0000,,,STOP_ROUTE_ERROR
159.077850,129.088811166667,35.074427666667,508096.822,3881300.467,0.020,2.080206,route_tangent,15,12.696,,,,,,,0.000000,0.0000,,,STOP_ROUTE_ERROR
159.127816,129.088811166667,35.074427666667,508096.822,3881300.467,0.012,2.080206,route_tangent,15,12.696,,,,,,,0.000000,0.0000,,,STOP_ROUTE_ERROR
159.179090,129.088811166667,35.074427666667,508096.822,3881300.467,0.012,2.080206,route_tangent,15,12.696,,,,,,,0.000000,0.0000,,,STOP_ROUTE_ERROR
159.227565,129.088811166667,35.074427666667,508096.822,3881300.467,0.012,2.080206,route_tangent,15,12.696,,,,,,,0.000000,0.0000,,,STOP_ROUTE_ERROR
159.277537,129.088811166667,35.074427666667,508096.822,3881300.467,0.012,2.080206,route_tangent,15,12.696,,,,,,,0.000000,0.0000,,,STOP_ROUTE_ERROR
159.327374,129.088811166667,35.074427666667,508096.822,3881300.467,0.022,2.080206,route_tangent,15,12.696,,,,,,,0.000000,0.0000,,,STOP_ROUTE_ERROR
159.377609,129.088811166667,35.074427666667,508096.822,3881300.467,0.022,2.080206,route_tangent,15,12.696,,,,,,,0.000000,0.0000,,,STOP_ROUTE_ERROR
159.429568,129.088811166667,35.074427666667,508096.822,3881300.467,0.022,2.080206,route_tangent,15,12.696,,,,,,,0.000000,0.0000,,,STOP_ROUTE_ERROR
159.477526,129.088811166667,35.074427666667,508096.822,3881300.467,0.022,2.080206,route_tangent,15,12.696,,,,,,,0.000000,0.0000,,,STOP_ROUTE_ERROR
159.527650,129.088811166667,35.074427666667,508096.822,3881300.467,0.022,2.080206,route_tangent,15,12.696,,,,,,,0.000000,0.0000,,,STOP_ROUTE_ERROR
159.577452,129.088811000000,35.074427666667,508096.807,3881300.467,0.013,2.080206,route_tangent,15,12.681,,,,,,,0.000000,0.0000,,,STOP_ROUTE_ERROR
159.628191,129.088811000000,35.074427666667,508096.807,3881300.467,0.013,2.080206,route_tangent,15,12.681,,,,,,,0.000000,0.0000,,,STOP_ROUTE_ERROR
159.678022,129.088811000000,35.074427666667,508096.807,3881300.467,0.013,2.080206,route_tangent,15,12.681,,,,,,,0.000000,0.0000,,,STOP_ROUTE_ERROR
159.727581,129.088811000000,35.074427666667,508096.807,3881300.467,0.013,2.080206,route_tangent,15,12.681,,,,,,,0.000000,0.0000,,,STOP_ROUTE_ERROR
159.780385,129.088811000000,35.074427666667,508096.807,3881300.467,0.013,2.080206,route_tangent,15,12.681,,,,,,,0.000000,0.0000,,,STOP_ROUTE_ERROR
159.827444,129.088811000000,35.074427666667,508096.807,3881300.467,0.019,2.080206,route_tangent,15,12.681,,,,,,,0.000000,0.0000,,,STOP_ROUTE_ERROR
159.877549,129.088811000000,35.074427666667,508096.807,3881300.467,0.019,2.080206,route_tangent,15,12.681,,,,,,,0.000000,0.0000,,,STOP_ROUTE_ERROR
159.927483,129.088811000000,35.074427666667,508096.807,3881300.467,0.019,2.080206,route_tangent,15,12.681,,,,,,,0.000000,0.0000,,,STOP_ROUTE_ERROR
159.977714,129.088811000000,35.074427666667,508096.807,3881300.467,0.019,2.080206,route_tangent,15,12.681,,,,,,,0.000000,0.0000,,,STOP_ROUTE_ERROR
160.027812,129.088811000000,35.074427666667,508096.807,3881300.467,0.019,2.080206,route_tangent,15,12.681,,,,,,,0.000000,0.0000,,,STOP_ROUTE_ERROR
160.077526,129.088811000000,35.074427666667,508096.807,3881300.467,0.019,2.080206,route_tangent,15,12.681,,,,,,,0.000000,0.0000,,,STOP_ROUTE_ERROR
160.127708,129.088811000000,35.074427666667,508096.807,3881300.467,0.009,2.080206,route_tangent,15,12.681,,,,,,,0.000000,0.0000,,,STOP_ROUTE_ERROR
160.177510,129.088811000000,35.074427666667,508096.807,3881300.467,0.009,2.080206,route_tangent,15,12.681,,,,,,,0.000000,0.0000,,,STOP_ROUTE_ERROR
160.227901,129.088811000000,35.074427666667,508096.807,3881300.467,0.009,2.080206,route_tangent,15,12.681,,,,,,,0.000000,0.0000,,,STOP_ROUTE_ERROR
160.277451,129.088811000000,35.074427666667,508096.807,3881300.467,0.009,2.080206,route_tangent,15,12.681,,,,,,,0.000000,0.0000,,,STOP_ROUTE_ERROR
160.327745,129.088811000000,35.074427666667,508096.807,3881300.467,0.006,2.080206,route_tangent,15,12.681,,,,,,,0.000000,0.0000,,,STOP_ROUTE_ERROR
160.377779,129.088811000000,35.074427666667,508096.807,3881300.467,0.006,2.080206,route_tangent,15,12.681,,,,,,,0.000000,0.0000,,,STOP_ROUTE_ERROR
160.427588,129.088811000000,35.074427666667,508096.807,3881300.467,0.006,2.080206,route_tangent,15,12.681,,,,,,,0.000000,0.0000,,,STOP_ROUTE_ERROR
160.477590,129.088811000000,35.074427666667,508096.807,3881300.467,0.006,2.080206,route_tangent,15,12.681,,,,,,,0.000000,0.0000,,,STOP_ROUTE_ERROR
160.527643,129.088811000000,35.074427666667,508096.807,3881300.467,0.006,2.080206,route_tangent,15,12.681,,,,,,,0.000000,0.0000,,,STOP_ROUTE_ERROR
160.577892,129.088811000000,35.074427666667,508096.807,3881300.467,0.014,2.080206,route_tangent,15,12.681,,,,,,,0.000000,0.0000,,,STOP_ROUTE_ERROR
160.627526,129.088811000000,35.074427666667,508096.807,3881300.467,0.014,2.080206,route_tangent,15,12.681,,,,,,,0.000000,0.0000,,,STOP_ROUTE_ERROR
160.677993,129.088811000000,35.074427666667,508096.807,3881300.467,0.014,2.080206,route_tangent,15,12.681,,,,,,,0.000000,0.0000,,,STOP_ROUTE_ERROR
160.727504,129.088811000000,35.074427666667,508096.807,3881300.467,0.014,2.080206,route_tangent,15,12.681,,,,,,,0.000000,0.0000,,,STOP_ROUTE_ERROR
160.777608,129.088811000000,35.074427666667,508096.807,3881300.467,0.014,2.080206,route_tangent,15,12.681,,,,,,,0.000000,0.0000,,,STOP_ROUTE_ERROR
160.827529,129.088811000000,35.074427666667,508096.807,3881300.467,0.002,2.080206,route_tangent,15,12.681,,,,,,,0.000000,0.0000,,,STOP_ROUTE_ERROR
160.877632,129.088811000000,35.074427666667,508096.807,3881300.467,0.002,2.080206,route_tangent,15,12.681,,,,,,,0.000000,0.0000,,,STOP_ROUTE_ERROR
160.927752,129.088811000000,35.074427666667,508096.807,3881300.467,0.002,2.080206,route_tangent,15,12.681,,,,,,,0.000000,0.0000,,,STOP_ROUTE_ERROR
160.977444,129.088811000000,35.074427666667,508096.807,3881300.467,0.002,2.080206,route_tangent,15,12.681,,,,,,,0.000000,0.0000,,,STOP_ROUTE_ERROR
161.028138,129.088811000000,35.074427666667,508096.807,3881300.467,0.002,2.080206,route_tangent,15,12.681,,,,,,,0.000000,0.0000,,,STOP_ROUTE_ERROR
161.077633,129.088811000000,35.074427666667,508096.807,3881300.467,0.002,2.080206,route_tangent,15,12.681,,,,,,,0.000000,0.0000,,,STOP_ROUTE_ERROR
161.127628,129.088811000000,35.074427666667,508096.807,3881300.467,0.010,2.080206,route_tangent,15,12.681,,,,,,,0.000000,0.0000,,,STOP_ROUTE_ERROR
161.177729,129.088811000000,35.074427666667,508096.807,3881300.467,0.010,2.080206,route_tangent,15,12.681,,,,,,,0.000000,0.0000,,,STOP_ROUTE_ERROR
161.227606,129.088811000000,35.074427666667,508096.807,3881300.467,0.010,2.080206,route_tangent,15,12.681,,,,,,,0.000000,0.0000,,,STOP_ROUTE_ERROR
161.277512,129.088811000000,35.074427666667,508096.807,3881300.467,0.010,2.080206,route_tangent,15,12.681,,,,,,,0.000000,0.0000,,,STOP_ROUTE_ERROR
161.327973,129.088811000000,35.074427666667,508096.807,3881300.467,0.021,2.080206,route_tangent,15,12.681,,,,,,,0.000000,0.0000,,,STOP_ROUTE_ERROR
161.377731,129.088811000000,35.074427666667,508096.807,3881300.467,0.021,2.080206,route_tangent,15,12.681,,,,,,,0.000000,0.0000,,,STOP_ROUTE_ERROR
161.427686,129.088811000000,35.074427666667,508096.807,3881300.467,0.021,2.080206,route_tangent,15,12.681,,,,,,,0.000000,0.0000,,,STOP_ROUTE_ERROR
161.477617,129.088811000000,35.074427666667,508096.807,3881300.467,0.021,2.080206,route_tangent,15,12.681,,,,,,,0.000000,0.0000,,,STOP_ROUTE_ERROR
161.527667,129.088811000000,35.074427666667,508096.807,3881300.467,0.021,2.080206,route_tangent,15,12.681,,,,,,,0.000000,0.0000,,,STOP_ROUTE_ERROR
161.577597,129.088811000000,35.074427666667,508096.807,3881300.467,0.011,2.080206,route_tangent,15,12.681,,,,,,,0.000000,0.0000,,,STOP_ROUTE_ERROR
161.627486,129.088811000000,35.074427666667,508096.807,3881300.467,0.011,2.080206,route_tangent,15,12.681,,,,,,,0.000000,0.0000,,,STOP_ROUTE_ERROR
161.677434,129.088811000000,35.074427666667,508096.807,3881300.467,0.011,2.080206,route_tangent,15,12.681,,,,,,,0.000000,0.0000,,,STOP_ROUTE_ERROR
161.727910,129.088811000000,35.074427666667,508096.807,3881300.467,0.011,2.080206,route_tangent,15,12.681,,,,,,,0.000000,0.0000,,,STOP_ROUTE_ERROR
161.777475,129.088811000000,35.074427666667,508096.807,3881300.467,0.011,2.080206,route_tangent,15,12.681,,,,,,,0.000000,0.0000,,,STOP_ROUTE_ERROR
161.828395,129.088811000000,35.074427666667,508096.807,3881300.467,0.006,2.080206,route_tangent,15,12.681,,,,,,,0.000000,0.0000,,,STOP_ROUTE_ERROR
161.877533,129.088811000000,35.074427666667,508096.807,3881300.467,0.006,2.080206,route_tangent,15,12.681,,,,,,,0.000000,0.0000,,,STOP_ROUTE_ERROR
161.927706,129.088811000000,35.074427666667,508096.807,3881300.467,0.006,2.080206,route_tangent,15,12.681,,,,,,,0.000000,0.0000,,,STOP_ROUTE_ERROR
161.977618,129.088811000000,35.074427666667,508096.807,3881300.467,0.006,2.080206,route_tangent,15,12.681,,,,,,,0.000000,0.0000,,,STOP_ROUTE_ERROR
162.028988,129.088811000000,35.074427666667,508096.807,3881300.467,0.006,2.080206,route_tangent,15,12.681,,,,,,,0.000000,0.0000,,,STOP_ROUTE_ERROR
162.077625,129.088811000000,35.074427666667,508096.807,3881300.467,0.006,2.080206,route_tangent,15,12.681,,,,,,,0.000000,0.0000,,,STOP_ROUTE_ERROR
162.127437,129.088811000000,35.074427666667,508096.807,3881300.467,0.005,2.080206,route_tangent,15,12.681,,,,,,,0.000000,0.0000,,,STOP_ROUTE_ERROR
162.177761,129.088811000000,35.074427666667,508096.807,3881300.467,0.005,2.080206,route_tangent,15,12.681,,,,,,,0.000000,0.0000,,,STOP_ROUTE_ERROR
162.227556,129.088811000000,35.074427666667,508096.807,3881300.467,0.005,2.080206,route_tangent,15,12.681,,,,,,,0.000000,0.0000,,,STOP_ROUTE_ERROR
162.277652,129.088811000000,35.074427666667,508096.807,3881300.467,0.005,2.080206,route_tangent,15,12.681,,,,,,,0.000000,0.0000,,,STOP_ROUTE_ERROR
162.327385,129.088811000000,35.074427666667,508096.807,3881300.467,0.015,2.080206,route_tangent,15,12.681,,,,,,,0.000000,0.0000,,,STOP_ROUTE_ERROR
162.377719,129.088811000000,35.074427666667,508096.807,3881300.467,0.015,2.080206,route_tangent,15,12.681,,,,,,,0.000000,0.0000,,,STOP_ROUTE_ERROR
162.427836,129.088811000000,35.074427666667,508096.807,3881300.467,0.015,2.080206,route_tangent,15,12.681,,,,,,,0.000000,0.0000,,,STOP_ROUTE_ERROR
162.477584,129.088811000000,35.074427666667,508096.807,3881300.467,0.015,2.080206,route_tangent,15,12.681,,,,,,,0.000000,0.0000,,,STOP_ROUTE_ERROR
162.527690,129.088811000000,35.074427666667,508096.807,3881300.467,0.015,2.080206,route_tangent,15,12.681,,,,,,,0.000000,0.0000,,,STOP_ROUTE_ERROR
162.577623,129.088811000000,35.074427666667,508096.807,3881300.467,0.005,2.080206,route_tangent,15,12.681,,,,,,,0.000000,0.0000,,,STOP_ROUTE_ERROR
162.627719,129.088811000000,35.074427666667,508096.807,3881300.467,0.005,2.080206,route_tangent,15,12.681,,,,,,,0.000000,0.0000,,,STOP_ROUTE_ERROR
162.677477,129.088811000000,35.074427666667,508096.807,3881300.467,0.005,2.080206,route_tangent,15,12.681,,,,,,,0.000000,0.0000,,,STOP_ROUTE_ERROR
162.728948,129.088811000000,35.074427666667,508096.807,3881300.467,0.005,2.080206,route_tangent,15,12.681,,,,,,,0.000000,0.0000,,,STOP_ROUTE_ERROR
162.777613,129.088811000000,35.074427666667,508096.807,3881300.467,0.005,2.080206,route_tangent,15,12.681,,,,,,,0.000000,0.0000,,,STOP_ROUTE_ERROR
162.827611,129.088811000000,35.074427666667,508096.807,3881300.467,0.004,2.080206,route_tangent,15,12.681,,,,,,,0.000000,0.0000,,,STOP_ROUTE_ERROR
162.877637,129.088811000000,35.074427666667,508096.807,3881300.467,0.004,2.080206,route_tangent,15,12.681,,,,,,,0.000000,0.0000,,,STOP_ROUTE_ERROR
162.927679,129.088811000000,35.074427666667,508096.807,3881300.467,0.004,2.080206,route_tangent,15,12.681,,,,,,,0.000000,0.0000,,,STOP_ROUTE_ERROR
162.977707,129.088811000000,35.074427666667,508096.807,3881300.467,0.004,2.080206,route_tangent,15,12.681,,,,,,,0.000000,0.0000,,,STOP_ROUTE_ERROR
163.027526,129.088811000000,35.074427666667,508096.807,3881300.467,0.004,2.080206,route_tangent,15,12.681,,,,,,,0.000000,0.0000,,,STOP_ROUTE_ERROR
163.077590,129.088811000000,35.074427666667,508096.807,3881300.467,0.004,2.080206,route_tangent,15,12.681,,,,,,,0.000000,0.0000,,,STOP_ROUTE_ERROR
163.127506,129.088811000000,35.074427666667,508096.807,3881300.467,0.007,2.080206,route_tangent,15,12.681,,,,,,,0.000000,0.0000,,,STOP_ROUTE_ERROR
163.177567,129.088811000000,35.074427666667,508096.807,3881300.467,0.007,2.080206,route_tangent,15,12.681,,,,,,,0.000000,0.0000,,,STOP_ROUTE_ERROR
163.227765,129.088811000000,35.074427666667,508096.807,3881300.467,0.007,2.080206,route_tangent,15,12.681,,,,,,,0.000000,0.0000,,,STOP_ROUTE_ERROR
163.277600,129.088811000000,35.074427666667,508096.807,3881300.467,0.007,2.080206,route_tangent,15,12.681,,,,,,,0.000000,0.0000,,,STOP_ROUTE_ERROR
163.327441,129.088811000000,35.074427666667,508096.807,3881300.467,0.005,2.080206,route_tangent,15,12.681,,,,,,,0.000000,0.0000,,,STOP_ROUTE_ERROR
163.377480,129.088811000000,35.074427666667,508096.807,3881300.467,0.005,2.080206,route_tangent,15,12.681,,,,,,,0.000000,0.0000,,,STOP_ROUTE_ERROR
163.428189,129.088811000000,35.074427666667,508096.807,3881300.467,0.005,2.080206,route_tangent,15,12.681,,,,,,,0.000000,0.0000,,,STOP_ROUTE_ERROR
163.477532,129.088811000000,35.074427666667,508096.807,3881300.467,0.005,2.080206,route_tangent,15,12.681,,,,,,,0.000000,0.0000,,,STOP_ROUTE_ERROR
163.527592,129.088811000000,35.074427666667,508096.807,3881300.467,0.005,2.080206,route_tangent,15,12.681,,,,,,,0.000000,0.0000,,,STOP_ROUTE_ERROR
163.577497,129.088811000000,35.074427666667,508096.807,3881300.467,0.004,2.080206,route_tangent,15,12.681,,,,,,,0.000000,0.0000,,,STOP_ROUTE_ERROR
163.627525,129.088811000000,35.074427666667,508096.807,3881300.467,0.004,2.080206,route_tangent,15,12.681,,,,,,,0.000000,0.0000,,,STOP_ROUTE_ERROR
163.677751,129.088811000000,35.074427666667,508096.807,3881300.467,0.004,2.080206,route_tangent,15,12.681,,,,,,,0.000000,0.0000,,,STOP_ROUTE_ERROR
163.728193,129.088811000000,35.074427666667,508096.807,3881300.467,0.004,2.080206,route_tangent,15,12.681,,,,,,,0.000000,0.0000,,,STOP_ROUTE_ERROR
163.777689,129.088811000000,35.074427666667,508096.807,3881300.467,0.004,2.080206,route_tangent,15,12.681,,,,,,,0.000000,0.0000,,,STOP_ROUTE_ERROR
163.827394,129.088811000000,35.074427666667,508096.807,3881300.467,0.010,2.080206,route_tangent,15,12.681,,,,,,,0.000000,0.0000,,,STOP_ROUTE_ERROR
163.877697,129.088811000000,35.074427666667,508096.807,3881300.467,0.010,2.080206,route_tangent,15,12.681,,,,,,,0.000000,0.0000,,,STOP_ROUTE_ERROR
163.927503,129.088811000000,35.074427666667,508096.807,3881300.467,0.010,2.080206,route_tangent,15,12.681,,,,,,,0.000000,0.0000,,,STOP_ROUTE_ERROR
163.977962,129.088811000000,35.074427666667,508096.807,3881300.467,0.010,2.080206,route_tangent,15,12.681,,,,,,,0.000000,0.0000,,,STOP_ROUTE_ERROR
164.027893,129.088811000000,35.074427666667,508096.807,3881300.467,0.010,2.080206,route_tangent,15,12.681,,,,,,,0.000000,0.0000,,,STOP_ROUTE_ERROR
164.077567,129.088811000000,35.074427666667,508096.807,3881300.467,0.010,2.080206,route_tangent,15,12.681,,,,,,,0.000000,0.0000,,,STOP_ROUTE_ERROR
164.127718,129.088811000000,35.074427666667,508096.807,3881300.467,0.013,2.080206,route_tangent,15,12.681,,,,,,,0.000000,0.0000,,,STOP_ROUTE_ERROR
164.177440,129.088811000000,35.074427666667,508096.807,3881300.467,0.013,2.080206,route_tangent,15,12.681,,,,,,,0.000000,0.0000,,,STOP_ROUTE_ERROR
164.229175,129.088811000000,35.074427666667,508096.807,3881300.467,0.013,2.080206,route_tangent,15,12.681,,,,,,,0.000000,0.0000,,,STOP_ROUTE_ERROR
164.277534,129.088811000000,35.074427666667,508096.807,3881300.467,0.013,2.080206,route_tangent,15,12.681,,,,,,,0.000000,0.0000,,,STOP_ROUTE_ERROR
164.327722,129.088811000000,35.074427666667,508096.807,3881300.467,0.006,2.080206,route_tangent,15,12.681,,,,,,,0.000000,0.0000,,,STOP_ROUTE_ERROR
164.377575,129.088811166667,35.074427666667,508096.822,3881300.467,0.006,2.080206,route_tangent,15,12.696,,,,,,,0.000000,0.0000,,,STOP_ROUTE_ERROR
164.428871,129.088811166667,35.074427666667,508096.822,3881300.467,0.006,2.080206,route_tangent,15,12.696,,,,,,,0.000000,0.0000,,,STOP_ROUTE_ERROR
164.477728,129.088811166667,35.074427666667,508096.822,3881300.467,0.006,2.080206,route_tangent,15,12.696,,,,,,,0.000000,0.0000,,,STOP_ROUTE_ERROR
164.527429,129.088811166667,35.074427666667,508096.822,3881300.467,0.006,2.080206,route_tangent,15,12.696,,,,,,,0.000000,0.0000,,,STOP_ROUTE_ERROR
164.577998,129.088811166667,35.074427500000,508096.822,3881300.448,0.006,2.080206,route_tangent,15,12.700,,,,,,,0.000000,0.0000,,,STOP_ROUTE_ERROR
164.627529,129.088811166667,35.074427500000,508096.822,3881300.448,0.006,2.080206,route_tangent,15,12.700,,,,,,,0.000000,0.0000,,,STOP_ROUTE_ERROR
164.677693,129.088811166667,35.074427500000,508096.822,3881300.448,0.006,2.080206,route_tangent,15,12.700,,,,,,,0.000000,0.0000,,,STOP_ROUTE_ERROR
164.727469,129.088811166667,35.074427500000,508096.822,3881300.448,0.006,2.080206,route_tangent,15,12.700,,,,,,,0.000000,0.0000,,,STOP_ROUTE_ERROR
164.778243,129.088811166667,35.074427500000,508096.822,3881300.448,0.006,2.080206,route_tangent,15,12.700,,,,,,,0.000000,0.0000,,,STOP_ROUTE_ERROR
164.827829,129.088811166667,35.074427500000,508096.822,3881300.448,0.006,2.080206,route_tangent,15,12.700,,,,,,,0.000000,0.0000,,,STOP_ROUTE_ERROR
164.877724,129.088811166667,35.074427500000,508096.822,3881300.448,0.017,2.080206,route_tangent,15,12.700,,,,,,,0.000000,0.0000,,,STOP_ROUTE_ERROR
164.927627,129.088811166667,35.074427500000,508096.822,3881300.448,0.017,2.080206,route_tangent,15,12.700,,,,,,,0.000000,0.0000,,,STOP_ROUTE_ERROR
164.977524,129.088811166667,35.074427500000,508096.822,3881300.448,0.017,2.080206,route_tangent,15,12.700,,,,,,,0.000000,0.0000,,,STOP_ROUTE_ERROR
165.027687,129.088811166667,35.074427500000,508096.822,3881300.448,0.017,2.080206,route_tangent,15,12.700,,,,,,,0.000000,0.0000,,,STOP_ROUTE_ERROR
165.077836,129.088811166667,35.074427500000,508096.822,3881300.448,0.017,2.080206,route_tangent,15,12.700,,,,,,,0.000000,0.0000,,,STOP_ROUTE_ERROR
165.127661,129.088811166667,35.074427500000,508096.822,3881300.448,0.012,2.080206,route_tangent,15,12.700,,,,,,,0.000000,0.0000,,,STOP_ROUTE_ERROR
165.177503,129.088811166667,35.074427500000,508096.822,3881300.448,0.012,2.080206,route_tangent,15,12.700,,,,,,,0.000000,0.0000,,,STOP_ROUTE_ERROR
165.227831,129.088811166667,35.074427500000,508096.822,3881300.448,0.012,2.080206,route_tangent,15,12.700,,,,,,,0.000000,0.0000,,,STOP_ROUTE_ERROR
165.277612,129.088811166667,35.074427500000,508096.822,3881300.448,0.012,2.080206,route_tangent,15,12.700,,,,,,,0.000000,0.0000,,,STOP_ROUTE_ERROR
165.327792,129.088811166667,35.074427666667,508096.822,3881300.467,0.013,2.080206,route_tangent,15,12.696,,,,,,,0.000000,0.0000,,,STOP_ROUTE_ERROR
165.377861,129.088811166667,35.074427666667,508096.822,3881300.467,0.013,2.080206,route_tangent,15,12.696,,,,,,,0.000000,0.0000,,,STOP_ROUTE_ERROR
165.427517,129.088811166667,35.074427666667,508096.822,3881300.467,0.013,2.080206,route_tangent,15,12.696,,,,,,,0.000000,0.0000,,,STOP_ROUTE_ERROR
165.477640,129.088811166667,35.074427666667,508096.822,3881300.467,0.013,2.080206,route_tangent,15,12.696,,,,,,,0.000000,0.0000,,,STOP_ROUTE_ERROR
165.527479,129.088811166667,35.074427666667,508096.822,3881300.467,0.013,2.080206,route_tangent,15,12.696,,,,,,,0.000000,0.0000,,,STOP_ROUTE_ERROR
165.577702,129.088811166667,35.074427666667,508096.822,3881300.467,0.013,2.080206,route_tangent,15,12.696,,,,,,,0.000000,0.0000,,,STOP_ROUTE_ERROR
165.627681,129.088811166667,35.074427666667,508096.822,3881300.467,0.017,2.080206,route_tangent,15,12.696,,,,,,,0.000000,0.0000,,,STOP_ROUTE_ERROR
165.677568,129.088811166667,35.074427666667,508096.822,3881300.467,0.017,2.080206,route_tangent,15,12.696,,,,,,,0.000000,0.0000,,,STOP_ROUTE_ERROR
165.727629,129.088811166667,35.074427666667,508096.822,3881300.467,0.017,2.080206,route_tangent,15,12.696,,,,,,,0.000000,0.0000,,,STOP_ROUTE_ERROR
165.777497,129.088811166667,35.074427666667,508096.822,3881300.467,0.017,2.080206,route_tangent,15,12.696,,,,,,,0.000000,0.0000,,,STOP_ROUTE_ERROR
165.827643,129.088811166667,35.074427666667,508096.822,3881300.467,0.017,2.080206,route_tangent,15,12.696,,,,,,,0.000000,0.0000,,,STOP_ROUTE_ERROR
165.877519,129.088811166667,35.074427666667,508096.822,3881300.467,0.017,2.080206,route_tangent,15,12.696,,,,,,,0.000000,0.0000,,,STOP_ROUTE_ERROR
165.927707,129.088811166667,35.074427666667,508096.822,3881300.467,0.017,2.080206,route_tangent,15,12.696,,,,,,,0.000000,0.0000,,,STOP_ROUTE_ERROR
165.977595,129.088811166667,35.074427666667,508096.822,3881300.467,0.017,2.080206,route_tangent,15,12.696,,,,,,,0.000000,0.0000,,,STOP_ROUTE_ERROR
166.028348,129.088811166667,35.074427666667,508096.822,3881300.467,0.017,2.080206,route_tangent,15,12.696,,,,,,,0.000000,0.0000,,,STOP_ROUTE_ERROR
166.077511,129.088811166667,35.074427666667,508096.822,3881300.467,0.017,2.080206,route_tangent,15,12.696,,,,,,,0.000000,0.0000,,,STOP_ROUTE_ERROR
166.127541,129.088811166667,35.074427500000,508096.822,3881300.448,0.006,2.080206,route_tangent,15,12.700,,,,,,,0.000000,0.0000,,,STOP_ROUTE_ERROR
166.177700,129.088811166667,35.074427500000,508096.822,3881300.448,0.006,2.080206,route_tangent,15,12.700,,,,,,,0.000000,0.0000,,,STOP_ROUTE_ERROR
166.227592,129.088811166667,35.074427500000,508096.822,3881300.448,0.006,2.080206,route_tangent,15,12.700,,,,,,,0.000000,0.0000,,,STOP_ROUTE_ERROR
166.277547,129.088811166667,35.074427500000,508096.822,3881300.448,0.006,2.080206,route_tangent,15,12.700,,,,,,,0.000000,0.0000,,,STOP_ROUTE_ERROR
166.327478,129.088811166667,35.074427666667,508096.822,3881300.467,0.022,2.080206,route_tangent,15,12.696,,,,,,,0.000000,0.0000,,,STOP_ROUTE_ERROR
166.377740,129.088811166667,35.074427666667,508096.822,3881300.467,0.022,2.080206,route_tangent,15,12.696,,,,,,,0.000000,0.0000,,,STOP_ROUTE_ERROR
166.427640,129.088811166667,35.074427666667,508096.822,3881300.467,0.022,2.080206,route_tangent,15,12.696,,,,,,,0.000000,0.0000,,,STOP_ROUTE_ERROR
166.477489,129.088811166667,35.074427666667,508096.822,3881300.467,0.022,2.080206,route_tangent,15,12.696,,,,,,,0.000000,0.0000,,,STOP_ROUTE_ERROR
166.527626,129.088811166667,35.074427666667,508096.822,3881300.467,0.022,2.080206,route_tangent,15,12.696,,,,,,,0.000000,0.0000,,,STOP_ROUTE_ERROR
166.577626,129.088811166667,35.074427666667,508096.822,3881300.467,0.022,2.080206,route_tangent,15,12.696,,,,,,,0.000000,0.0000,,,STOP_ROUTE_ERROR
166.629641,129.088811166667,35.074427666667,508096.822,3881300.467,0.021,2.080206,route_tangent,15,12.696,,,,,,,0.000000,0.0000,,,STOP_ROUTE_ERROR
166.677446,129.088811166667,35.074427666667,508096.822,3881300.467,0.021,2.080206,route_tangent,15,12.696,,,,,,,0.000000,0.0000,,,STOP_ROUTE_ERROR
166.727606,129.088811166667,35.074427666667,508096.822,3881300.467,0.021,2.080206,route_tangent,15,12.696,,,,,,,0.000000,0.0000,,,STOP_ROUTE_ERROR
166.777652,129.088811166667,35.074427666667,508096.822,3881300.467,0.021,2.080206,route_tangent,15,12.696,,,,,,,0.000000,0.0000,,,STOP_ROUTE_ERROR
166.827421,129.088811166667,35.074427666667,508096.822,3881300.467,0.023,2.080206,route_tangent,15,12.696,,,,,,,0.000000,0.0000,,,STOP_ROUTE_ERROR
166.877628,129.088811166667,35.074427666667,508096.822,3881300.467,0.023,2.080206,route_tangent,15,12.696,,,,,,,0.000000,0.0000,,,STOP_ROUTE_ERROR
166.928294,129.088811166667,35.074427666667,508096.822,3881300.467,0.023,2.080206,route_tangent,15,12.696,,,,,,,0.000000,0.0000,,,STOP_ROUTE_ERROR
166.977639,129.088811166667,35.074427666667,508096.822,3881300.467,0.023,2.080206,route_tangent,15,12.696,,,,,,,0.000000,0.0000,,,STOP_ROUTE_ERROR
167.027450,129.088811166667,35.074427666667,508096.822,3881300.467,0.023,2.080206,route_tangent,15,12.696,,,,,,,0.000000,0.0000,,,STOP_ROUTE_ERROR
167.077572,129.088811166667,35.074427666667,508096.822,3881300.467,0.023,2.080206,route_tangent,15,12.696,,,,,,,0.000000,0.0000,,,STOP_ROUTE_ERROR
167.127488,129.088811166667,35.074427666667,508096.822,3881300.467,0.014,2.080206,route_tangent,15,12.696,,,,,,,0.000000,0.0000,,,STOP_ROUTE_ERROR
167.177575,129.088811166667,35.074427666667,508096.822,3881300.467,0.014,2.080206,route_tangent,15,12.696,,,,,,,0.000000,0.0000,,,STOP_ROUTE_ERROR
167.227559,129.088811166667,35.074427666667,508096.822,3881300.467,0.014,2.080206,route_tangent,15,12.696,,,,,,,0.000000,0.0000,,,STOP_ROUTE_ERROR
167.277479,129.088811166667,35.074427666667,508096.822,3881300.467,0.014,2.080206,route_tangent,15,12.696,,,,,,,0.000000,0.0000,,,STOP_ROUTE_ERROR
167.327396,129.088811166667,35.074427666667,508096.822,3881300.467,0.014,2.080206,route_tangent,15,12.696,,,,,,,0.000000,0.0000,,,STOP_ROUTE_ERROR
167.377510,129.088811166667,35.074427666667,508096.822,3881300.467,0.014,2.080206,route_tangent,15,12.696,,,,,,,0.000000,0.0000,,,STOP_ROUTE_ERROR
167.429305,129.088811166667,35.074427666667,508096.822,3881300.467,0.014,2.080206,route_tangent,15,12.696,,,,,,,0.000000,0.0000,,,STOP_ROUTE_ERROR
167.477450,129.088811166667,35.074427666667,508096.822,3881300.467,0.014,2.080206,route_tangent,15,12.696,,,,,,,0.000000,0.0000,,,STOP_ROUTE_ERROR
167.527771,129.088811166667,35.074427666667,508096.822,3881300.467,0.014,2.080206,route_tangent,15,12.696,,,,,,,0.000000,0.0000,,,STOP_ROUTE_ERROR
167.577449,129.088811166667,35.074427666667,508096.822,3881300.467,0.017,2.080206,route_tangent,15,12.696,,,,,,,0.000000,0.0000,,,STOP_ROUTE_ERROR
167.627577,129.088811166667,35.074427666667,508096.822,3881300.467,0.017,2.080206,route_tangent,15,12.696,,,,,,,0.000000,0.0000,,,STOP_ROUTE_ERROR
167.677547,129.088811166667,35.074427666667,508096.822,3881300.467,0.017,2.080206,route_tangent,15,12.696,,,,,,,0.000000,0.0000,,,STOP_ROUTE_ERROR
167.727717,129.088811166667,35.074427666667,508096.822,3881300.467,0.017,2.080206,route_tangent,15,12.696,,,,,,,0.000000,0.0000,,,STOP_ROUTE_ERROR
167.777739,129.088811166667,35.074427666667,508096.822,3881300.467,0.017,2.080206,route_tangent,15,12.696,,,,,,,0.000000,0.0000,,,STOP_ROUTE_ERROR
167.827507,129.088811166667,35.074427666667,508096.822,3881300.467,0.013,2.080206,route_tangent,15,12.696,,,,,,,0.000000,0.0000,,,STOP_ROUTE_ERROR
167.877583,129.088811166667,35.074427666667,508096.822,3881300.467,0.013,2.080206,route_tangent,15,12.696,,,,,,,0.000000,0.0000,,,STOP_ROUTE_ERROR
167.927591,129.088811166667,35.074427666667,508096.822,3881300.467,0.013,2.080206,route_tangent,15,12.696,,,,,,,0.000000,0.0000,,,STOP_ROUTE_ERROR
167.979018,129.088811166667,35.074427666667,508096.822,3881300.467,0.013,2.080206,route_tangent,15,12.696,,,,,,,0.000000,0.0000,,,STOP_ROUTE_ERROR
168.027495,129.088811166667,35.074427666667,508096.822,3881300.467,0.013,2.080206,route_tangent,15,12.696,,,,,,,0.000000,0.0000,,,STOP_ROUTE_ERROR
168.077491,129.088811166667,35.074427666667,508096.822,3881300.467,0.013,2.080206,route_tangent,15,12.696,,,,,,,0.000000,0.0000,,,STOP_ROUTE_ERROR
168.127710,129.088811166667,35.074427666667,508096.822,3881300.467,0.008,2.080206,route_tangent,15,12.696,,,,,,,0.000000,0.0000,,,STOP_ROUTE_ERROR
168.177560,129.088811166667,35.074427666667,508096.822,3881300.467,0.008,2.080206,route_tangent,15,12.696,,,,,,,0.000000,0.0000,,,STOP_ROUTE_ERROR
168.228195,129.088811166667,35.074427666667,508096.822,3881300.467,0.008,2.080206,route_tangent,15,12.696,,,,,,,0.000000,0.0000,,,STOP_ROUTE_ERROR
168.277500,129.088811166667,35.074427666667,508096.822,3881300.467,0.008,2.080206,route_tangent,15,12.696,,,,,,,0.000000,0.0000,,,STOP_ROUTE_ERROR
168.327588,129.088811166667,35.074427666667,508096.822,3881300.467,0.006,2.080206,route_tangent,15,12.696,,,,,,,0.000000,0.0000,,,STOP_ROUTE_ERROR
168.377520,129.088811166667,35.074427666667,508096.822,3881300.467,0.006,2.080206,route_tangent,15,12.696,,,,,,,0.000000,0.0000,,,STOP_ROUTE_ERROR
168.427516,129.088811166667,35.074427666667,508096.822,3881300.467,0.006,2.080206,route_tangent,15,12.696,,,,,,,0.000000,0.0000,,,STOP_ROUTE_ERROR
168.477482,129.088811166667,35.074427666667,508096.822,3881300.467,0.006,2.080206,route_tangent,15,12.696,,,,,,,0.000000,0.0000,,,STOP_ROUTE_ERROR
168.527525,129.088811166667,35.074427666667,508096.822,3881300.467,0.006,2.080206,route_tangent,15,12.696,,,,,,,0.000000,0.0000,,,STOP_ROUTE_ERROR
168.577488,129.088811166667,35.074427500000,508096.822,3881300.448,0.014,2.080206,route_tangent,15,12.700,,,,,,,0.000000,0.0000,,,STOP_ROUTE_ERROR
168.627485,129.088811166667,35.074427500000,508096.822,3881300.448,0.014,2.080206,route_tangent,15,12.700,,,,,,,0.000000,0.0000,,,STOP_ROUTE_ERROR
168.677598,129.088811166667,35.074427500000,508096.822,3881300.448,0.014,2.080206,route_tangent,15,12.700,,,,,,,0.000000,0.0000,,,STOP_ROUTE_ERROR
168.727568,129.088811166667,35.074427500000,508096.822,3881300.448,0.014,2.080206,route_tangent,15,12.700,,,,,,,0.000000,0.0000,,,STOP_ROUTE_ERROR
168.777783,129.088811166667,35.074427500000,508096.822,3881300.448,0.014,2.080206,route_tangent,15,12.700,,,,,,,0.000000,0.0000,,,STOP_ROUTE_ERROR
168.828090,129.088811166667,35.074427500000,508096.822,3881300.448,0.014,2.080206,route_tangent,15,12.700,,,,,,,0.000000,0.0000,,,STOP_ROUTE_ERROR
168.877481,129.088811166667,35.074427666667,508096.822,3881300.467,0.005,2.080206,route_tangent,15,12.696,,,,,,,0.000000,0.0000,,,STOP_ROUTE_ERROR
168.927711,129.088811166667,35.074427666667,508096.822,3881300.467,0.005,2.080206,route_tangent,15,12.696,,,,,,,0.000000,0.0000,,,STOP_ROUTE_ERROR
168.977493,129.088811166667,35.074427666667,508096.822,3881300.467,0.005,2.080206,route_tangent,15,12.696,,,,,,,0.000000,0.0000,,,STOP_ROUTE_ERROR
169.028775,129.088811166667,35.074427666667,508096.822,3881300.467,0.005,2.080206,route_tangent,15,12.696,,,,,,,0.000000,0.0000,,,STOP_ROUTE_ERROR
169.077487,129.088811166667,35.074427666667,508096.822,3881300.467,0.005,2.080206,route_tangent,15,12.696,,,,,,,0.000000,0.0000,,,STOP_ROUTE_ERROR
169.127611,129.088811166667,35.074427500000,508096.822,3881300.448,0.011,2.080206,route_tangent,15,12.700,,,,,,,0.000000,0.0000,,,STOP_ROUTE_ERROR
169.177525,129.088811166667,35.074427500000,508096.822,3881300.448,0.011,2.080206,route_tangent,15,12.700,,,,,,,0.000000,0.0000,,,STOP_ROUTE_ERROR
169.227536,129.088811166667,35.074427500000,508096.822,3881300.448,0.011,2.080206,route_tangent,15,12.700,,,,,,,0.000000,0.0000,,,STOP_ROUTE_ERROR
169.277672,129.088811166667,35.074427500000,508096.822,3881300.448,0.011,2.080206,route_tangent,15,12.700,,,,,,,0.000000,0.0000,,,STOP_ROUTE_ERROR
169.327543,129.088811166667,35.074427500000,508096.822,3881300.448,0.011,2.080206,route_tangent,15,12.700,,,,,,,0.000000,0.0000,,,STOP_ROUTE_ERROR
169.377756,129.088811166667,35.074427500000,508096.822,3881300.448,0.008,2.080206,route_tangent,15,12.700,,,,,,,0.000000,0.0000,,,STOP_ROUTE_ERROR
169.427557,129.088811166667,35.074427500000,508096.822,3881300.448,0.008,2.080206,route_tangent,15,12.700,,,,,,,0.000000,0.0000,,,STOP_ROUTE_ERROR
169.477725,129.088811166667,35.074427500000,508096.822,3881300.448,0.008,2.080206,route_tangent,15,12.700,,,,,,,0.000000,0.0000,,,STOP_ROUTE_ERROR
169.527744,129.088811166667,35.074427500000,508096.822,3881300.448,0.008,2.080206,route_tangent,15,12.700,,,,,,,0.000000,0.0000,,,STOP_ROUTE_ERROR
169.577759,129.088811166667,35.074427500000,508096.822,3881300.448,0.008,2.080206,route_tangent,15,12.700,,,,,,,0.000000,0.0000,,,STOP_ROUTE_ERROR
169.627770,129.088811166667,35.074427500000,508096.822,3881300.448,0.016,2.080206,route_tangent,15,12.700,,,,,,,0.000000,0.0000,,,STOP_ROUTE_ERROR
169.677540,129.088811166667,35.074427500000,508096.822,3881300.448,0.016,2.080206,route_tangent,15,12.700,,,,,,,0.000000,0.0000,,,STOP_ROUTE_ERROR
169.727711,129.088811166667,35.074427500000,508096.822,3881300.448,0.016,2.080206,route_tangent,15,12.700,,,,,,,0.000000,0.0000,,,STOP_ROUTE_ERROR
169.777558,129.088811166667,35.074427500000,508096.822,3881300.448,0.016,2.080206,route_tangent,15,12.700,,,,,,,0.000000,0.0000,,,STOP_ROUTE_ERROR
169.827811,129.088811166667,35.074427666667,508096.822,3881300.467,0.026,2.080206,route_tangent,15,12.696,,,,,,,0.000000,0.0000,,,STOP_ROUTE_ERROR
169.877510,129.088811166667,35.074427666667,508096.822,3881300.467,0.026,2.080206,route_tangent,15,12.696,,,,,,,0.000000,0.0000,,,STOP_ROUTE_ERROR
169.927931,129.088811166667,35.074427666667,508096.822,3881300.467,0.026,2.080206,route_tangent,15,12.696,,,,,,,0.000000,0.0000,,,STOP_ROUTE_ERROR
169.977580,129.088811166667,35.074427666667,508096.822,3881300.467,0.026,2.080206,route_tangent,15,12.696,,,,,,,0.000000,0.0000,,,STOP_ROUTE_ERROR
170.027550,129.088811166667,35.074427666667,508096.822,3881300.467,0.026,2.080206,route_tangent,15,12.696,,,,,,,0.000000,0.0000,,,STOP_ROUTE_ERROR
170.077759,129.088811166667,35.074427666667,508096.822,3881300.467,0.026,2.080206,route_tangent,15,12.696,,,,,,,0.000000,0.0000,,,STOP_ROUTE_ERROR
170.127429,129.088811166667,35.074427500000,508096.822,3881300.448,0.005,2.080206,route_tangent,15,12.700,,,,,,,0.000000,0.0000,,,STOP_ROUTE_ERROR
170.177647,129.088811166667,35.074427500000,508096.822,3881300.448,0.005,2.080206,route_tangent,15,12.700,,,,,,,0.000000,0.0000,,,STOP_ROUTE_ERROR
170.227510,129.088811166667,35.074427500000,508096.822,3881300.448,0.005,2.080206,route_tangent,15,12.700,,,,,,,0.000000,0.0000,,,STOP_ROUTE_ERROR
170.277592,129.088811166667,35.074427500000,508096.822,3881300.448,0.005,2.080206,route_tangent,15,12.700,,,,,,,0.000000,0.0000,,,STOP_ROUTE_ERROR
170.327610,129.088811166667,35.074427666667,508096.822,3881300.467,0.005,2.080206,route_tangent,15,12.696,,,,,,,0.000000,0.0000,,,STOP_ROUTE_ERROR
170.377572,129.088811166667,35.074427666667,508096.822,3881300.467,0.005,2.080206,route_tangent,15,12.696,,,,,,,0.000000,0.0000,,,STOP_ROUTE_ERROR
170.427618,129.088811166667,35.074427666667,508096.822,3881300.467,0.005,2.080206,route_tangent,15,12.696,,,,,,,0.000000,0.0000,,,STOP_ROUTE_ERROR
170.477464,129.088811166667,35.074427666667,508096.822,3881300.467,0.005,2.080206,route_tangent,15,12.696,,,,,,,0.000000,0.0000,,,STOP_ROUTE_ERROR
170.527450,129.088811166667,35.074427666667,508096.822,3881300.467,0.005,2.080206,route_tangent,15,12.696,,,,,,,0.000000,0.0000,,,STOP_ROUTE_ERROR
170.577363,129.088811166667,35.074427666667,508096.822,3881300.467,0.018,2.080206,route_tangent,15,12.696,,,,,,,0.000000,0.0000,,,STOP_ROUTE_ERROR
170.627722,129.088811166667,35.074427666667,508096.822,3881300.467,0.018,2.080206,route_tangent,15,12.696,,,,,,,0.000000,0.0000,,,STOP_ROUTE_ERROR
170.677514,129.088811166667,35.074427666667,508096.822,3881300.467,0.018,2.080206,route_tangent,15,12.696,,,,,,,0.000000,0.0000,,,STOP_ROUTE_ERROR
170.727696,129.088811166667,35.074427666667,508096.822,3881300.467,0.018,2.080206,route_tangent,15,12.696,,,,,,,0.000000,0.0000,,,STOP_ROUTE_ERROR
170.777551,129.088811166667,35.074427666667,508096.822,3881300.467,0.018,2.080206,route_tangent,15,12.696,,,,,,,0.000000,0.0000,,,STOP_ROUTE_ERROR
170.827595,129.088811166667,35.074427666667,508096.822,3881300.467,0.018,2.080206,route_tangent,15,12.696,,,,,,,0.000000,0.0000,,,STOP_ROUTE_ERROR
170.877670,129.088811166667,35.074427666667,508096.822,3881300.467,0.008,2.080206,route_tangent,15,12.696,,,,,,,0.000000,0.0000,,,STOP_ROUTE_ERROR
170.927724,129.088811166667,35.074427666667,508096.822,3881300.467,0.008,2.080206,route_tangent,15,12.696,,,,,,,0.000000,0.0000,,,STOP_ROUTE_ERROR
170.977708,129.088811166667,35.074427666667,508096.822,3881300.467,0.008,2.080206,route_tangent,15,12.696,,,,,,,0.000000,0.0000,,,STOP_ROUTE_ERROR
171.027439,129.088811166667,35.074427666667,508096.822,3881300.467,0.008,2.080206,route_tangent,15,12.696,,,,,,,0.000000,0.0000,,,STOP_ROUTE_ERROR
171.077560,129.088811166667,35.074427666667,508096.822,3881300.467,0.008,2.080206,route_tangent,15,12.696,,,,,,,0.000000,0.0000,,,STOP_ROUTE_ERROR
171.127508,129.088811166667,35.074427666667,508096.822,3881300.467,0.014,2.080206,route_tangent,15,12.696,,,,,,,0.000000,0.0000,,,STOP_ROUTE_ERROR
171.177590,129.088811166667,35.074427666667,508096.822,3881300.467,0.014,2.080206,route_tangent,15,12.696,,,,,,,0.000000,0.0000,,,STOP_ROUTE_ERROR
171.227746,129.088811166667,35.074427666667,508096.822,3881300.467,0.014,2.080206,route_tangent,15,12.696,,,,,,,0.000000,0.0000,,,STOP_ROUTE_ERROR
171.277726,129.088811166667,35.074427666667,508096.822,3881300.467,0.014,2.080206,route_tangent,15,12.696,,,,,,,0.000000,0.0000,,,STOP_ROUTE_ERROR
171.327452,129.088811166667,35.074427666667,508096.822,3881300.467,0.005,2.080206,route_tangent,15,12.696,,,,,,,0.000000,0.0000,,,STOP_ROUTE_ERROR
171.377519,129.088811166667,35.074427666667,508096.822,3881300.467,0.005,2.080206,route_tangent,15,12.696,,,,,,,0.000000,0.0000,,,STOP_ROUTE_ERROR
171.427857,129.088811166667,35.074427666667,508096.822,3881300.467,0.005,2.080206,route_tangent,15,12.696,,,,,,,0.000000,0.0000,,,STOP_ROUTE_ERROR
171.477488,129.088811166667,35.074427666667,508096.822,3881300.467,0.005,2.080206,route_tangent,15,12.696,,,,,,,0.000000,0.0000,,,STOP_ROUTE_ERROR
171.527674,129.088811166667,35.074427666667,508096.822,3881300.467,0.005,2.080206,route_tangent,15,12.696,,,,,,,0.000000,0.0000,,,STOP_ROUTE_ERROR
171.577434,129.088811166667,35.074427500000,508096.822,3881300.448,0.009,2.080206,route_tangent,15,12.700,,,,,,,0.000000,0.0000,,,STOP_ROUTE_ERROR
171.627564,129.088811166667,35.074427500000,508096.822,3881300.448,0.009,2.080206,route_tangent,15,12.700,,,,,,,0.000000,0.0000,,,STOP_ROUTE_ERROR
171.677506,129.088811166667,35.074427500000,508096.822,3881300.448,0.009,2.080206,route_tangent,15,12.700,,,,,,,0.000000,0.0000,,,STOP_ROUTE_ERROR
171.727445,129.088811166667,35.074427500000,508096.822,3881300.448,0.009,2.080206,route_tangent,15,12.700,,,,,,,0.000000,0.0000,,,STOP_ROUTE_ERROR
171.781015,129.088811166667,35.074427500000,508096.822,3881300.448,0.009,2.080206,route_tangent,15,12.700,,,,,,,0.000000,0.0000,,,STOP_ROUTE_ERROR
171.827528,129.088811166667,35.074427500000,508096.822,3881300.448,0.008,2.080206,route_tangent,15,12.700,,,,,,,0.000000,0.0000,,,STOP_ROUTE_ERROR
171.877627,129.088811166667,35.074427500000,508096.822,3881300.448,0.008,2.080206,route_tangent,15,12.700,,,,,,,0.000000,0.0000,,,STOP_ROUTE_ERROR
171.927486,129.088811166667,35.074427500000,508096.822,3881300.448,0.008,2.080206,route_tangent,15,12.700,,,,,,,0.000000,0.0000,,,STOP_ROUTE_ERROR
171.977896,129.088811166667,35.074427500000,508096.822,3881300.448,0.008,2.080206,route_tangent,15,12.700,,,,,,,0.000000,0.0000,,,STOP_ROUTE_ERROR
172.027511,129.088811166667,35.074427500000,508096.822,3881300.448,0.008,2.080206,route_tangent,15,12.700,,,,,,,0.000000,0.0000,,,STOP_ROUTE_ERROR
172.077482,129.088811166667,35.074427500000,508096.822,3881300.448,0.008,2.080206,route_tangent,15,12.700,,,,,,,0.000000,0.0000,,,STOP_ROUTE_ERROR
172.127681,129.088811166667,35.074427500000,508096.822,3881300.448,0.005,2.080206,route_tangent,15,12.700,,,,,,,0.000000,0.0000,,,STOP_ROUTE_ERROR
172.177466,129.088811166667,35.074427500000,508096.822,3881300.448,0.005,2.080206,route_tangent,15,12.700,,,,,,,0.000000,0.0000,,,STOP_ROUTE_ERROR
172.227618,129.088811166667,35.074427500000,508096.822,3881300.448,0.005,2.080206,route_tangent,15,12.700,,,,,,,0.000000,0.0000,,,STOP_ROUTE_ERROR
172.277488,129.088811166667,35.074427500000,508096.822,3881300.448,0.005,2.080206,route_tangent,15,12.700,,,,,,,0.000000,0.0000,,,STOP_ROUTE_ERROR
172.329483,129.088811166667,35.074427500000,508096.822,3881300.448,0.004,2.080206,route_tangent,15,12.700,,,,,,,0.000000,0.0000,,,STOP_ROUTE_ERROR
172.377500,129.088811166667,35.074427500000,508096.822,3881300.448,0.004,2.080206,route_tangent,15,12.700,,,,,,,0.000000,0.0000,,,STOP_ROUTE_ERROR
172.427530,129.088811166667,35.074427500000,508096.822,3881300.448,0.004,2.080206,route_tangent,15,12.700,,,,,,,0.000000,0.0000,,,STOP_ROUTE_ERROR
172.477773,129.088811166667,35.074427500000,508096.822,3881300.448,0.004,2.080206,route_tangent,15,12.700,,,,,,,0.000000,0.0000,,,STOP_ROUTE_ERROR
172.527532,129.088811166667,35.074427500000,508096.822,3881300.448,0.004,2.080206,route_tangent,15,12.700,,,,,,,0.000000,0.0000,,,STOP_ROUTE_ERROR
172.578259,129.088811166667,35.074427666667,508096.822,3881300.467,0.011,2.080206,route_tangent,15,12.696,,,,,,,0.000000,0.0000,,,STOP_ROUTE_ERROR
172.627483,129.088811166667,35.074427666667,508096.822,3881300.467,0.011,2.080206,route_tangent,15,12.696,,,,,,,0.000000,0.0000,,,STOP_ROUTE_ERROR
172.677619,129.088811166667,35.074427666667,508096.822,3881300.467,0.011,2.080206,route_tangent,15,12.696,,,,,,,0.000000,0.0000,,,STOP_ROUTE_ERROR
172.727803,129.088811166667,35.074427666667,508096.822,3881300.467,0.011,2.080206,route_tangent,15,12.696,,,,,,,0.000000,0.0000,,,STOP_ROUTE_ERROR
172.777718,129.088811166667,35.074427666667,508096.822,3881300.467,0.011,2.080206,route_tangent,15,12.696,,,,,,,0.000000,0.0000,,,STOP_ROUTE_ERROR
172.827447,129.088811166667,35.074427666667,508096.822,3881300.467,0.002,2.080206,route_tangent,15,12.696,,,,,,,0.000000,0.0000,,,STOP_ROUTE_ERROR
172.877665,129.088811166667,35.074427666667,508096.822,3881300.467,0.002,2.080206,route_tangent,15,12.696,,,,,,,0.000000,0.0000,,,STOP_ROUTE_ERROR
172.928013,129.088811166667,35.074427666667,508096.822,3881300.467,0.002,2.080206,route_tangent,15,12.696,,,,,,,0.000000,0.0000,,,STOP_ROUTE_ERROR
172.977495,129.088811166667,35.074427666667,508096.822,3881300.467,0.002,2.080206,route_tangent,15,12.696,,,,,,,0.000000,0.0000,,,STOP_ROUTE_ERROR
173.027562,129.088811166667,35.074427666667,508096.822,3881300.467,0.002,2.080206,route_tangent,15,12.696,,,,,,,0.000000,0.0000,,,STOP_ROUTE_ERROR
173.077938,129.088811166667,35.074427666667,508096.822,3881300.467,0.002,2.080206,route_tangent,15,12.696,,,,,,,0.000000,0.0000,,,STOP_ROUTE_ERROR
173.127713,129.088811166667,35.074427666667,508096.822,3881300.467,0.020,2.080206,route_tangent,15,12.696,,,,,,,0.000000,0.0000,,,STOP_ROUTE_ERROR
173.177556,129.088811166667,35.074427666667,508096.822,3881300.467,0.020,2.080206,route_tangent,15,12.696,,,,,,,0.000000,0.0000,,,STOP_ROUTE_ERROR
173.227519,129.088811166667,35.074427666667,508096.822,3881300.467,0.020,2.080206,route_tangent,15,12.696,,,,,,,0.000000,0.0000,,,STOP_ROUTE_ERROR
173.277597,129.088811166667,35.074427666667,508096.822,3881300.467,0.020,2.080206,route_tangent,15,12.696,,,,,,,0.000000,0.0000,,,STOP_ROUTE_ERROR
173.327368,129.088811166667,35.074427666667,508096.822,3881300.467,0.020,2.080206,route_tangent,15,12.696,,,,,,,0.000000,0.0000,,,STOP_ROUTE_ERROR
173.378738,129.088811166667,35.074427666667,508096.822,3881300.467,0.020,2.080206,route_tangent,15,12.696,,,,,,,0.000000,0.0000,,,STOP_ROUTE_ERROR
173.427597,129.088811166667,35.074427666667,508096.822,3881300.467,0.020,2.080206,route_tangent,15,12.696,,,,,,,0.000000,0.0000,,,STOP_ROUTE_ERROR
173.477967,129.088811166667,35.074427666667,508096.822,3881300.467,0.020,2.080206,route_tangent,15,12.696,,,,,,,0.000000,0.0000,,,STOP_ROUTE_ERROR
173.527734,129.088811166667,35.074427666667,508096.822,3881300.467,0.020,2.080206,route_tangent,15,12.696,,,,,,,0.000000,0.0000,,,STOP_ROUTE_ERROR
173.577555,129.088811166667,35.074427666667,508096.822,3881300.467,0.009,2.080206,route_tangent,15,12.696,,,,,,,0.000000,0.0000,,,STOP_ROUTE_ERROR
173.627507,129.088811166667,35.074427666667,508096.822,3881300.467,0.009,2.080206,route_tangent,15,12.696,,,,,,,0.000000,0.0000,,,STOP_ROUTE_ERROR
173.677721,129.088811166667,35.074427666667,508096.822,3881300.467,0.009,2.080206,route_tangent,15,12.696,,,,,,,0.000000,0.0000,,,STOP_ROUTE_ERROR
173.727618,129.088811166667,35.074427666667,508096.822,3881300.467,0.009,2.080206,route_tangent,15,12.696,,,,,,,0.000000,0.0000,,,STOP_ROUTE_ERROR
173.777544,129.088811166667,35.074427666667,508096.822,3881300.467,0.009,2.080206,route_tangent,15,12.696,,,,,,,0.000000,0.0000,,,STOP_ROUTE_ERROR
173.827641,129.088811166667,35.074427666667,508096.822,3881300.467,0.024,2.080206,route_tangent,15,12.696,,,,,,,0.000000,0.0000,,,STOP_ROUTE_ERROR
173.877520,129.088811166667,35.074427666667,508096.822,3881300.467,0.024,2.080206,route_tangent,15,12.696,,,,,,,0.000000,0.0000,,,STOP_ROUTE_ERROR
173.927674,129.088811166667,35.074427666667,508096.822,3881300.467,0.024,2.080206,route_tangent,15,12.696,,,,,,,0.000000,0.0000,,,STOP_ROUTE_ERROR
173.977469,129.088811166667,35.074427666667,508096.822,3881300.467,0.024,2.080206,route_tangent,15,12.696,,,,,,,0.000000,0.0000,,,STOP_ROUTE_ERROR
174.027535,129.088811166667,35.074427666667,508096.822,3881300.467,0.024,2.080206,route_tangent,15,12.696,,,,,,,0.000000,0.0000,,,STOP_ROUTE_ERROR
174.077889,129.088811166667,35.074427666667,508096.822,3881300.467,0.024,2.080206,route_tangent,15,12.696,,,,,,,0.000000,0.0000,,,STOP_ROUTE_ERROR
174.127771,129.088811166667,35.074427666667,508096.822,3881300.467,0.011,2.080206,route_tangent,15,12.696,,,,,,,0.000000,0.0000,,,STOP_ROUTE_ERROR
174.177757,129.088811166667,35.074427666667,508096.822,3881300.467,0.011,2.080206,route_tangent,15,12.696,,,,,,,0.000000,0.0000,,,STOP_ROUTE_ERROR
174.227505,129.088811166667,35.074427666667,508096.822,3881300.467,0.011,2.080206,route_tangent,15,12.696,,,,,,,0.000000,0.0000,,,STOP_ROUTE_ERROR
174.277606,129.088811166667,35.074427666667,508096.822,3881300.467,0.011,2.080206,route_tangent,15,12.696,,,,,,,0.000000,0.0000,,,STOP_ROUTE_ERROR
174.327454,129.088811166667,35.074427666667,508096.822,3881300.467,0.008,2.080206,route_tangent,15,12.696,,,,,,,0.000000,0.0000,,,STOP_ROUTE_ERROR
174.377668,129.088811166667,35.074427666667,508096.822,3881300.467,0.008,2.080206,route_tangent,15,12.696,,,,,,,0.000000,0.0000,,,STOP_ROUTE_ERROR
174.427609,129.088811166667,35.074427666667,508096.822,3881300.467,0.008,2.080206,route_tangent,15,12.696,,,,,,,0.000000,0.0000,,,STOP_ROUTE_ERROR
174.477838,129.088811166667,35.074427666667,508096.822,3881300.467,0.008,2.080206,route_tangent,15,12.696,,,,,,,0.000000,0.0000,,,STOP_ROUTE_ERROR
174.527656,129.088811166667,35.074427666667,508096.822,3881300.467,0.008,2.080206,route_tangent,15,12.696,,,,,,,0.000000,0.0000,,,STOP_ROUTE_ERROR
174.577418,129.088811166667,35.074427666667,508096.822,3881300.467,0.017,2.080206,route_tangent,15,12.696,,,,,,,0.000000,0.0000,,,STOP_ROUTE_ERROR
174.629098,129.088811166667,35.074427666667,508096.822,3881300.467,0.017,2.080206,route_tangent,15,12.696,,,,,,,0.000000,0.0000,,,STOP_ROUTE_ERROR
174.677510,129.088811166667,35.074427666667,508096.822,3881300.467,0.017,2.080206,route_tangent,15,12.696,,,,,,,0.000000,0.0000,,,STOP_ROUTE_ERROR
174.727769,129.088811166667,35.074427666667,508096.822,3881300.467,0.017,2.080206,route_tangent,15,12.696,,,,,,,0.000000,0.0000,,,STOP_ROUTE_ERROR
174.777516,129.088811166667,35.074427666667,508096.822,3881300.467,0.017,2.080206,route_tangent,15,12.696,,,,,,,0.000000,0.0000,,,STOP_ROUTE_ERROR
174.827441,129.088811166667,35.074427666667,508096.822,3881300.467,0.010,2.080206,route_tangent,15,12.696,,,,,,,0.000000,0.0000,,,STOP_ROUTE_ERROR
174.878088,129.088811166667,35.074427666667,508096.822,3881300.467,0.010,2.080206,route_tangent,15,12.696,,,,,,,0.000000,0.0000,,,STOP_ROUTE_ERROR
174.927545,129.088811166667,35.074427666667,508096.822,3881300.467,0.010,2.080206,route_tangent,15,12.696,,,,,,,0.000000,0.0000,,,STOP_ROUTE_ERROR
174.978177,129.088811166667,35.074427666667,508096.822,3881300.467,0.010,2.080206,route_tangent,15,12.696,,,,,,,0.000000,0.0000,,,STOP_ROUTE_ERROR
175.027820,129.088811166667,35.074427666667,508096.822,3881300.467,0.010,2.080206,route_tangent,15,12.696,,,,,,,0.000000,0.0000,,,STOP_ROUTE_ERROR
175.077977,129.088811166667,35.074427666667,508096.822,3881300.467,0.010,2.080206,route_tangent,15,12.696,,,,,,,0.000000,0.0000,,,STOP_ROUTE_ERROR
175.127480,129.088811166667,35.074427500000,508096.822,3881300.448,0.014,2.080206,route_tangent,15,12.700,,,,,,,0.000000,0.0000,,,STOP_ROUTE_ERROR
175.179107,129.088811166667,35.074427500000,508096.822,3881300.448,0.014,2.080206,route_tangent,15,12.700,,,,,,,0.000000,0.0000,,,STOP_ROUTE_ERROR
175.227679,129.088811166667,35.074427500000,508096.822,3881300.448,0.014,2.080206,route_tangent,15,12.700,,,,,,,0.000000,0.0000,,,STOP_ROUTE_ERROR
175.277561,129.088811166667,35.074427500000,508096.822,3881300.448,0.014,2.080206,route_tangent,15,12.700,,,,,,,0.000000,0.0000,,,STOP_ROUTE_ERROR
175.327469,129.088811166667,35.074427666667,508096.822,3881300.467,0.024,2.080206,route_tangent,15,12.696,,,,,,,0.000000,0.0000,,,STOP_ROUTE_ERROR
175.377852,129.088811166667,35.074427666667,508096.822,3881300.467,0.024,2.080206,route_tangent,15,12.696,,,,,,,0.000000,0.0000,,,STOP_ROUTE_ERROR
175.427732,129.088811166667,35.074427666667,508096.822,3881300.467,0.024,2.080206,route_tangent,15,12.696,,,,,,,0.000000,0.0000,,,STOP_ROUTE_ERROR
175.477479,129.088811166667,35.074427666667,508096.822,3881300.467,0.024,2.080206,route_tangent,15,12.696,,,,,,,0.000000,0.0000,,,STOP_ROUTE_ERROR
175.527715,129.088811166667,35.074427666667,508096.822,3881300.467,0.024,2.080206,route_tangent,15,12.696,,,,,,,0.000000,0.0000,,,STOP_ROUTE_ERROR
175.577609,129.088811166667,35.074427500000,508096.822,3881300.448,0.015,2.080206,route_tangent,15,12.700,,,,,,,0.000000,0.0000,,,STOP_ROUTE_ERROR
175.627799,129.088811166667,35.074427500000,508096.822,3881300.448,0.015,2.080206,route_tangent,15,12.700,,,,,,,0.000000,0.0000,,,STOP_ROUTE_ERROR
175.677527,129.088811166667,35.074427500000,508096.822,3881300.448,0.015,2.080206,route_tangent,15,12.700,,,,,,,0.000000,0.0000,,,STOP_ROUTE_ERROR
175.727652,129.088811166667,35.074427500000,508096.822,3881300.448,0.015,2.080206,route_tangent,15,12.700,,,,,,,0.000000,0.0000,,,STOP_ROUTE_ERROR
175.777875,129.088811166667,35.074427500000,508096.822,3881300.448,0.015,2.080206,route_tangent,15,12.700,,,,,,,0.000000,0.0000,,,STOP_ROUTE_ERROR
175.827401,129.088811166667,35.074427666667,508096.822,3881300.467,0.003,2.080206,route_tangent,15,12.696,,,,,,,0.000000,0.0000,,,STOP_ROUTE_ERROR
175.878207,129.088811166667,35.074427666667,508096.822,3881300.467,0.003,2.080206,route_tangent,15,12.696,,,,,,,0.000000,0.0000,,,STOP_ROUTE_ERROR
175.927528,129.088811166667,35.074427666667,508096.822,3881300.467,0.003,2.080206,route_tangent,15,12.696,,,,,,,0.000000,0.0000,,,STOP_ROUTE_ERROR
175.977844,129.088811166667,35.074427666667,508096.822,3881300.467,0.003,2.080206,route_tangent,15,12.696,,,,,,,0.000000,0.0000,,,STOP_ROUTE_ERROR
176.027707,129.088811166667,35.074427666667,508096.822,3881300.467,0.003,2.080206,route_tangent,15,12.696,,,,,,,0.000000,0.0000,,,STOP_ROUTE_ERROR
176.077902,129.088811166667,35.074427666667,508096.822,3881300.467,0.003,2.080206,route_tangent,15,12.696,,,,,,,0.000000,0.0000,,,STOP_ROUTE_ERROR
176.127696,129.088811166667,35.074427500000,508096.822,3881300.448,0.011,2.080206,route_tangent,15,12.700,,,,,,,0.000000,0.0000,,,STOP_ROUTE_ERROR
176.177568,129.088811166667,35.074427500000,508096.822,3881300.448,0.011,2.080206,route_tangent,15,12.700,,,,,,,0.000000,0.0000,,,STOP_ROUTE_ERROR
176.228035,129.088811166667,35.074427500000,508096.822,3881300.448,0.011,2.080206,route_tangent,15,12.700,,,,,,,0.000000,0.0000,,,STOP_ROUTE_ERROR
176.277866,129.088811166667,35.074427500000,508096.822,3881300.448,0.011,2.080206,route_tangent,15,12.700,,,,,,,0.000000,0.0000,,,STOP_ROUTE_ERROR
176.327415,129.088811166667,35.074427666667,508096.822,3881300.467,0.013,2.080206,route_tangent,15,12.696,,,,,,,0.000000,0.0000,,,STOP_ROUTE_ERROR
176.377595,129.088811166667,35.074427666667,508096.822,3881300.467,0.013,2.080206,route_tangent,15,12.696,,,,,,,0.000000,0.0000,,,STOP_ROUTE_ERROR
176.427491,129.088811166667,35.074427666667,508096.822,3881300.467,0.013,2.080206,route_tangent,15,12.696,,,,,,,0.000000,0.0000,,,STOP_ROUTE_ERROR
176.477789,129.088811166667,35.074427666667,508096.822,3881300.467,0.013,2.080206,route_tangent,15,12.696,,,,,,,0.000000,0.0000,,,STOP_ROUTE_ERROR
176.527442,129.088811166667,35.074427666667,508096.822,3881300.467,0.013,2.080206,route_tangent,15,12.696,,,,,,,0.000000,0.0000,,,STOP_ROUTE_ERROR
176.580149,129.088811166667,35.074427666667,508096.822,3881300.467,0.003,2.080206,route_tangent,15,12.696,,,,,,,0.000000,0.0000,,,STOP_ROUTE_ERROR
176.627506,129.088811166667,35.074427666667,508096.822,3881300.467,0.003,2.080206,route_tangent,15,12.696,,,,,,,0.000000,0.0000,,,STOP_ROUTE_ERROR
176.677583,129.088811166667,35.074427666667,508096.822,3881300.467,0.003,2.080206,route_tangent,15,12.696,,,,,,,0.000000,0.0000,,,STOP_ROUTE_ERROR
176.727893,129.088811166667,35.074427666667,508096.822,3881300.467,0.003,2.080206,route_tangent,15,12.696,,,,,,,0.000000,0.0000,,,STOP_ROUTE_ERROR
176.777745,129.088811166667,35.074427666667,508096.822,3881300.467,0.003,2.080206,route_tangent,15,12.696,,,,,,,0.000000,0.0000,,,STOP_ROUTE_ERROR
176.827521,129.088811166667,35.074427500000,508096.822,3881300.448,0.006,2.080206,route_tangent,15,12.700,,,,,,,0.000000,0.0000,,,STOP_ROUTE_ERROR
176.877583,129.088811166667,35.074427500000,508096.822,3881300.448,0.006,2.080206,route_tangent,15,12.700,,,,,,,0.000000,0.0000,,,STOP_ROUTE_ERROR
176.927677,129.088811166667,35.074427500000,508096.822,3881300.448,0.006,2.080206,route_tangent,15,12.700,,,,,,,0.000000,0.0000,,,STOP_ROUTE_ERROR
176.977511,129.088811166667,35.074427500000,508096.822,3881300.448,0.006,2.080206,route_tangent,15,12.700,,,,,,,0.000000,0.0000,,,STOP_ROUTE_ERROR
177.027691,129.088811166667,35.074427500000,508096.822,3881300.448,0.006,2.080206,route_tangent,15,12.700,,,,,,,0.000000,0.0000,,,STOP_ROUTE_ERROR
177.077604,129.088811166667,35.074427500000,508096.822,3881300.448,0.006,2.080206,route_tangent,15,12.700,,,,,,,0.000000,0.0000,,,STOP_ROUTE_ERROR
177.127558,129.088811166667,35.074427500000,508096.822,3881300.448,0.007,2.080206,route_tangent,15,12.700,,,,,,,0.000000,0.0000,,,STOP_ROUTE_ERROR
177.177505,129.088811166667,35.074427500000,508096.822,3881300.448,0.007,2.080206,route_tangent,15,12.700,,,,,,,0.000000,0.0000,,,STOP_ROUTE_ERROR
177.227940,129.088811166667,35.074427500000,508096.822,3881300.448,0.007,2.080206,route_tangent,15,12.700,,,,,,,0.000000,0.0000,,,STOP_ROUTE_ERROR
177.277482,129.088811166667,35.074427500000,508096.822,3881300.448,0.007,2.080206,route_tangent,15,12.700,,,,,,,0.000000,0.0000,,,STOP_ROUTE_ERROR
177.327515,129.088811166667,35.074427666667,508096.822,3881300.467,0.009,2.080206,route_tangent,15,12.696,,,,,,,0.000000,0.0000,,,STOP_ROUTE_ERROR
177.378152,129.088811166667,35.074427666667,508096.822,3881300.467,0.009,2.080206,route_tangent,15,12.696,,,,,,,0.000000,0.0000,,,STOP_ROUTE_ERROR
177.427548,129.088811166667,35.074427666667,508096.822,3881300.467,0.009,2.080206,route_tangent,15,12.696,,,,,,,0.000000,0.0000,,,STOP_ROUTE_ERROR
177.477570,129.088811166667,35.074427666667,508096.822,3881300.467,0.009,2.080206,route_tangent,15,12.696,,,,,,,0.000000,0.0000,,,STOP_ROUTE_ERROR
177.527479,129.088811166667,35.074427666667,508096.822,3881300.467,0.009,2.080206,route_tangent,15,12.696,,,,,,,0.000000,0.0000,,,STOP_ROUTE_ERROR
177.577587,129.088811166667,35.074427666667,508096.822,3881300.467,0.015,2.080206,route_tangent,15,12.696,,,,,,,0.000000,0.0000,,,STOP_ROUTE_ERROR
177.627591,129.088811166667,35.074427666667,508096.822,3881300.467,0.015,2.080206,route_tangent,15,12.696,,,,,,,0.000000,0.0000,,,STOP_ROUTE_ERROR
177.677579,129.088811166667,35.074427666667,508096.822,3881300.467,0.015,2.080206,route_tangent,15,12.696,,,,,,,0.000000,0.0000,,,STOP_ROUTE_ERROR
177.727594,129.088811166667,35.074427666667,508096.822,3881300.467,0.015,2.080206,route_tangent,15,12.696,,,,,,,0.000000,0.0000,,,STOP_ROUTE_ERROR
177.777843,129.088811166667,35.074427666667,508096.822,3881300.467,0.015,2.080206,route_tangent,15,12.696,,,,,,,0.000000,0.0000,,,STOP_ROUTE_ERROR
177.827637,129.088811166667,35.074427666667,508096.822,3881300.467,0.020,2.080206,route_tangent,15,12.696,,,,,,,0.000000,0.0000,,,STOP_ROUTE_ERROR
177.877557,129.088811166667,35.074427666667,508096.822,3881300.467,0.020,2.080206,route_tangent,15,12.696,,,,,,,0.000000,0.0000,,,STOP_ROUTE_ERROR
177.927679,129.088811166667,35.074427666667,508096.822,3881300.467,0.020,2.080206,route_tangent,15,12.696,,,,,,,0.000000,0.0000,,,STOP_ROUTE_ERROR
177.977521,129.088811166667,35.074427666667,508096.822,3881300.467,0.020,2.080206,route_tangent,15,12.696,,,,,,,0.000000,0.0000,,,STOP_ROUTE_ERROR
178.027544,129.088811166667,35.074427666667,508096.822,3881300.467,0.020,2.080206,route_tangent,15,12.696,,,,,,,0.000000,0.0000,,,STOP_ROUTE_ERROR
178.077558,129.088811166667,35.074427666667,508096.822,3881300.467,0.020,2.080206,route_tangent,15,12.696,,,,,,,0.000000,0.0000,,,STOP_ROUTE_ERROR
178.128010,129.088811166667,35.074427500000,508096.822,3881300.448,0.015,2.080206,route_tangent,15,12.700,,,,,,,0.000000,0.0000,,,STOP_ROUTE_ERROR
178.177734,129.088811166667,35.074427500000,508096.822,3881300.448,0.015,2.080206,route_tangent,15,12.700,,,,,,,0.000000,0.0000,,,STOP_ROUTE_ERROR
178.227447,129.088811166667,35.074427500000,508096.822,3881300.448,0.015,2.080206,route_tangent,15,12.700,,,,,,,0.000000,0.0000,,,STOP_ROUTE_ERROR
178.277576,129.088811166667,35.074427500000,508096.822,3881300.448,0.015,2.080206,route_tangent,15,12.700,,,,,,,0.000000,0.0000,,,STOP_ROUTE_ERROR
178.327381,129.088811166667,35.074427666667,508096.822,3881300.467,0.009,2.080206,route_tangent,15,12.696,,,,,,,0.000000,0.0000,,,STOP_ROUTE_ERROR
178.377659,129.088811166667,35.074427666667,508096.822,3881300.467,0.009,2.080206,route_tangent,15,12.696,,,,,,,0.000000,0.0000,,,STOP_ROUTE_ERROR
178.427611,129.088811166667,35.074427666667,508096.822,3881300.467,0.009,2.080206,route_tangent,15,12.696,,,,,,,0.000000,0.0000,,,STOP_ROUTE_ERROR
178.477716,129.088811166667,35.074427666667,508096.822,3881300.467,0.009,2.080206,route_tangent,15,12.696,,,,,,,0.000000,0.0000,,,STOP_ROUTE_ERROR
178.527684,129.088811166667,35.074427666667,508096.822,3881300.467,0.009,2.080206,route_tangent,15,12.696,,,,,,,0.000000,0.0000,,,STOP_ROUTE_ERROR
178.577340,129.088811166667,35.074427666667,508096.822,3881300.467,0.006,2.080206,route_tangent,15,12.696,,,,,,,0.000000,0.0000,,,STOP_ROUTE_ERROR
178.627900,129.088811166667,35.074427666667,508096.822,3881300.467,0.006,2.080206,route_tangent,15,12.696,,,,,,,0.000000,0.0000,,,STOP_ROUTE_ERROR
178.677578,129.088811166667,35.074427666667,508096.822,3881300.467,0.006,2.080206,route_tangent,15,12.696,,,,,,,0.000000,0.0000,,,STOP_ROUTE_ERROR
178.727806,129.088811166667,35.074427666667,508096.822,3881300.467,0.006,2.080206,route_tangent,15,12.696,,,,,,,0.000000,0.0000,,,STOP_ROUTE_ERROR
178.777476,129.088811166667,35.074427666667,508096.822,3881300.467,0.006,2.080206,route_tangent,15,12.696,,,,,,,0.000000,0.0000,,,STOP_ROUTE_ERROR
178.827601,129.088811166667,35.074427666667,508096.822,3881300.467,0.007,2.080206,route_tangent,15,12.696,,,,,,,0.000000,0.0000,,,STOP_ROUTE_ERROR
178.877897,129.088811166667,35.074427666667,508096.822,3881300.467,0.007,2.080206,route_tangent,15,12.696,,,,,,,0.000000,0.0000,,,STOP_ROUTE_ERROR
178.927560,129.088811166667,35.074427666667,508096.822,3881300.467,0.007,2.080206,route_tangent,15,12.696,,,,,,,0.000000,0.0000,,,STOP_ROUTE_ERROR
178.979707,129.088811166667,35.074427666667,508096.822,3881300.467,0.007,2.080206,route_tangent,15,12.696,,,,,,,0.000000,0.0000,,,STOP_ROUTE_ERROR
179.027909,129.088811166667,35.074427666667,508096.822,3881300.467,0.007,2.080206,route_tangent,15,12.696,,,,,,,0.000000,0.0000,,,STOP_ROUTE_ERROR
179.078285,129.088811166667,35.074427666667,508096.822,3881300.467,0.007,2.080206,route_tangent,15,12.696,,,,,,,0.000000,0.0000,,,STOP_ROUTE_ERROR
179.127548,129.088811166667,35.074427666667,508096.822,3881300.467,0.023,2.080206,route_tangent,15,12.696,,,,,,,0.000000,0.0000,,,STOP_ROUTE_ERROR
179.178976,129.088811166667,35.074427666667,508096.822,3881300.467,0.023,2.080206,route_tangent,15,12.696,,,,,,,0.000000,0.0000,,,STOP_ROUTE_ERROR
179.227494,129.088811166667,35.074427666667,508096.822,3881300.467,0.023,2.080206,route_tangent,15,12.696,,,,,,,0.000000,0.0000,,,STOP_ROUTE_ERROR
179.277939,129.088811166667,35.074427666667,508096.822,3881300.467,0.023,2.080206,route_tangent,15,12.696,,,,,,,0.000000,0.0000,,,STOP_ROUTE_ERROR
179.327709,129.088811166667,35.074427666667,508096.822,3881300.467,0.017,2.080206,route_tangent,15,12.696,,,,,,,0.000000,0.0000,,,STOP_ROUTE_ERROR
179.377635,129.088811166667,35.074427666667,508096.822,3881300.467,0.017,2.080206,route_tangent,15,12.696,,,,,,,0.000000,0.0000,,,STOP_ROUTE_ERROR
179.427876,129.088811166667,35.074427666667,508096.822,3881300.467,0.017,2.080206,route_tangent,15,12.696,,,,,,,0.000000,0.0000,,,STOP_ROUTE_ERROR
179.477485,129.088811166667,35.074427666667,508096.822,3881300.467,0.017,2.080206,route_tangent,15,12.696,,,,,,,0.000000,0.0000,,,STOP_ROUTE_ERROR
179.527631,129.088811166667,35.074427666667,508096.822,3881300.467,0.017,2.080206,route_tangent,15,12.696,,,,,,,0.000000,0.0000,,,STOP_ROUTE_ERROR
179.577353,129.088811166667,35.074427666667,508096.822,3881300.467,0.011,2.080206,route_tangent,15,12.696,,,,,,,0.000000,0.0000,,,STOP_ROUTE_ERROR
179.627552,129.088811166667,35.074427666667,508096.822,3881300.467,0.011,2.080206,route_tangent,15,12.696,,,,,,,0.000000,0.0000,,,STOP_ROUTE_ERROR
179.677675,129.088811166667,35.074427666667,508096.822,3881300.467,0.011,2.080206,route_tangent,15,12.696,,,,,,,0.000000,0.0000,,,STOP_ROUTE_ERROR
179.727667,129.088811166667,35.074427666667,508096.822,3881300.467,0.011,2.080206,route_tangent,15,12.696,,,,,,,0.000000,0.0000,,,STOP_ROUTE_ERROR
179.777700,129.088811166667,35.074427666667,508096.822,3881300.467,0.011,2.080206,route_tangent,15,12.696,,,,,,,0.000000,0.0000,,,STOP_ROUTE_ERROR
179.827401,129.088811166667,35.074427666667,508096.822,3881300.467,0.014,2.080206,route_tangent,15,12.696,,,,,,,0.000000,0.0000,,,STOP_ROUTE_ERROR
179.877697,129.088811166667,35.074427666667,508096.822,3881300.467,0.014,2.080206,route_tangent,15,12.696,,,,,,,0.000000,0.0000,,,STOP_ROUTE_ERROR
179.927481,129.088811166667,35.074427666667,508096.822,3881300.467,0.014,2.080206,route_tangent,15,12.696,,,,,,,0.000000,0.0000,,,STOP_ROUTE_ERROR
179.978086,129.088811166667,35.074427666667,508096.822,3881300.467,0.014,2.080206,route_tangent,15,12.696,,,,,,,0.000000,0.0000,,,STOP_ROUTE_ERROR
180.028352,129.088811166667,35.074427666667,508096.822,3881300.467,0.014,2.080206,route_tangent,15,12.696,,,,,,,0.000000,0.0000,,,STOP_ROUTE_ERROR
180.078003,129.088811166667,35.074427666667,508096.822,3881300.467,0.014,2.080206,route_tangent,15,12.696,,,,,,,0.000000,0.0000,,,STOP_ROUTE_ERROR
180.127586,129.088811166667,35.074427666667,508096.822,3881300.467,0.013,2.080206,route_tangent,15,12.696,,,,,,,0.000000,0.0000,,,STOP_ROUTE_ERROR
180.177747,129.088811166667,35.074427666667,508096.822,3881300.467,0.013,2.080206,route_tangent,15,12.696,,,,,,,0.000000,0.0000,,,STOP_ROUTE_ERROR
180.228242,129.088811166667,35.074427666667,508096.822,3881300.467,0.013,2.080206,route_tangent,15,12.696,,,,,,,0.000000,0.0000,,,STOP_ROUTE_ERROR
180.277526,129.088811166667,35.074427666667,508096.822,3881300.467,0.013,2.080206,route_tangent,15,12.696,,,,,,,0.000000,0.0000,,,STOP_ROUTE_ERROR
180.328042,129.088811166667,35.074427666667,508096.822,3881300.467,0.013,2.080206,route_tangent,15,12.696,,,,,,,0.000000,0.0000,,,STOP_ROUTE_ERROR
180.377518,129.088811166667,35.074427666667,508096.822,3881300.467,0.006,2.080206,route_tangent,15,12.696,,,,,,,0.000000,0.0000,,,STOP_ROUTE_ERROR
180.427558,129.088811166667,35.074427666667,508096.822,3881300.467,0.006,2.080206,route_tangent,15,12.696,,,,,,,0.000000,0.0000,,,STOP_ROUTE_ERROR
180.478528,129.088811166667,35.074427666667,508096.822,3881300.467,0.006,2.080206,route_tangent,15,12.696,,,,,,,0.000000,0.0000,,,STOP_ROUTE_ERROR
180.527450,129.088811166667,35.074427666667,508096.822,3881300.467,0.006,2.080206,route_tangent,15,12.696,,,,,,,0.000000,0.0000,,,STOP_ROUTE_ERROR
180.577735,129.088811166667,35.074427666667,508096.822,3881300.467,0.003,2.080206,route_tangent,15,12.696,,,,,,,0.000000,0.0000,,,STOP_ROUTE_ERROR
180.627654,129.088811166667,35.074427666667,508096.822,3881300.467,0.003,2.080206,route_tangent,15,12.696,,,,,,,0.000000,0.0000,,,STOP_ROUTE_ERROR
180.678283,129.088811166667,35.074427666667,508096.822,3881300.467,0.003,2.080206,route_tangent,15,12.696,,,,,,,0.000000,0.0000,,,STOP_ROUTE_ERROR
180.727793,129.088811166667,35.074427666667,508096.822,3881300.467,0.003,2.080206,route_tangent,15,12.696,,,,,,,0.000000,0.0000,,,STOP_ROUTE_ERROR
180.779737,129.088811166667,35.074427666667,508096.822,3881300.467,0.003,2.080206,route_tangent,15,12.696,,,,,,,0.000000,0.0000,,,STOP_ROUTE_ERROR
180.827507,129.088811166667,35.074427666667,508096.822,3881300.467,0.003,2.080206,route_tangent,15,12.696,,,,,,,0.000000,0.0000,,,STOP_ROUTE_ERROR
180.877583,129.088811166667,35.074427666667,508096.822,3881300.467,0.010,2.080206,route_tangent,15,12.696,,,,,,,0.000000,0.0000,,,STOP_ROUTE_ERROR
180.927477,129.088811166667,35.074427666667,508096.822,3881300.467,0.010,2.080206,route_tangent,15,12.696,,,,,,,0.000000,0.0000,,,STOP_ROUTE_ERROR
180.977861,129.088811166667,35.074427666667,508096.822,3881300.467,0.010,2.080206,route_tangent,15,12.696,,,,,,,0.000000,0.0000,,,STOP_ROUTE_ERROR
181.027881,129.088811166667,35.074427666667,508096.822,3881300.467,0.010,2.080206,route_tangent,15,12.696,,,,,,,0.000000,0.0000,,,STOP_ROUTE_ERROR
181.077638,129.088811166667,35.074427666667,508096.822,3881300.467,0.010,2.080206,route_tangent,15,12.696,,,,,,,0.000000,0.0000,,,STOP_ROUTE_ERROR
181.128069,129.088811166667,35.074427500000,508096.822,3881300.448,0.012,2.080206,route_tangent,15,12.700,,,,,,,0.000000,0.0000,,,STOP_ROUTE_ERROR
181.177560,129.088811166667,35.074427500000,508096.822,3881300.448,0.012,2.080206,route_tangent,15,12.700,,,,,,,0.000000,0.0000,,,STOP_ROUTE_ERROR
181.227659,129.088811166667,35.074427500000,508096.822,3881300.448,0.012,2.080206,route_tangent,15,12.700,,,,,,,0.000000,0.0000,,,STOP_ROUTE_ERROR
181.277687,129.088811166667,35.074427500000,508096.822,3881300.448,0.012,2.080206,route_tangent,15,12.700,,,,,,,0.000000,0.0000,,,STOP_ROUTE_ERROR
181.327496,129.088811166667,35.074427666667,508096.822,3881300.467,0.009,2.080206,route_tangent,15,12.696,,,,,,,0.000000,0.0000,,,STOP_ROUTE_ERROR
181.377941,129.088811166667,35.074427666667,508096.822,3881300.467,0.009,2.080206,route_tangent,15,12.696,,,,,,,0.000000,0.0000,,,STOP_ROUTE_ERROR
181.427583,129.088811166667,35.074427666667,508096.822,3881300.467,0.009,2.080206,route_tangent,15,12.696,,,,,,,0.000000,0.0000,,,STOP_ROUTE_ERROR
181.477519,129.088811166667,35.074427666667,508096.822,3881300.467,0.009,2.080206,route_tangent,15,12.696,,,,,,,0.000000,0.0000,,,STOP_ROUTE_ERROR
181.527632,129.088811166667,35.074427666667,508096.822,3881300.467,0.009,2.080206,route_tangent,15,12.696,,,,,,,0.000000,0.0000,,,STOP_ROUTE_ERROR
181.578295,129.088811166667,35.074427666667,508096.822,3881300.467,0.009,2.080206,route_tangent,15,12.696,,,,,,,0.000000,0.0000,,,STOP_ROUTE_ERROR
181.627584,129.088811166667,35.074427666667,508096.822,3881300.467,0.009,2.080206,route_tangent,15,12.696,,,,,,,0.000000,0.0000,,,STOP_ROUTE_ERROR
181.677580,129.088811166667,35.074427666667,508096.822,3881300.467,0.009,2.080206,route_tangent,15,12.696,,,,,,,0.000000,0.0000,,,STOP_ROUTE_ERROR
181.727644,129.088811166667,35.074427666667,508096.822,3881300.467,0.009,2.080206,route_tangent,15,12.696,,,,,,,0.000000,0.0000,,,STOP_ROUTE_ERROR
181.777868,129.088811166667,35.074427666667,508096.822,3881300.467,0.009,2.080206,route_tangent,15,12.696,,,,,,,0.000000,0.0000,,,STOP_ROUTE_ERROR
181.828950,129.088811166667,35.074427666667,508096.822,3881300.467,0.011,2.080206,route_tangent,15,12.696,,,,,,,0.000000,0.0000,,,STOP_ROUTE_ERROR
181.877805,129.088811166667,35.074427666667,508096.822,3881300.467,0.011,2.080206,route_tangent,15,12.696,,,,,,,0.000000,0.0000,,,STOP_ROUTE_ERROR
181.927699,129.088811166667,35.074427666667,508096.822,3881300.467,0.011,2.080206,route_tangent,15,12.696,,,,,,,0.000000,0.0000,,,STOP_ROUTE_ERROR
181.977495,129.088811166667,35.074427666667,508096.822,3881300.467,0.011,2.080206,route_tangent,15,12.696,,,,,,,0.000000,0.0000,,,STOP_ROUTE_ERROR
182.027630,129.088811166667,35.074427666667,508096.822,3881300.467,0.011,2.080206,route_tangent,15,12.696,,,,,,,0.000000,0.0000,,,STOP_ROUTE_ERROR
182.077439,129.088811166667,35.074427666667,508096.822,3881300.467,0.011,2.080206,route_tangent,15,12.696,,,,,,,0.000000,0.0000,,,STOP_ROUTE_ERROR
182.127555,129.088811166667,35.074427500000,508096.822,3881300.448,0.015,2.080206,route_tangent,15,12.700,,,,,,,0.000000,0.0000,,,STOP_ROUTE_ERROR
182.177591,129.088811166667,35.074427500000,508096.822,3881300.448,0.015,2.080206,route_tangent,15,12.700,,,,,,,0.000000,0.0000,,,STOP_ROUTE_ERROR
182.227448,129.088811166667,35.074427500000,508096.822,3881300.448,0.015,2.080206,route_tangent,15,12.700,,,,,,,0.000000,0.0000,,,STOP_ROUTE_ERROR
182.277924,129.088811166667,35.074427500000,508096.822,3881300.448,0.015,2.080206,route_tangent,15,12.700,,,,,,,0.000000,0.0000,,,STOP_ROUTE_ERROR
182.327462,129.088811166667,35.074427500000,508096.822,3881300.448,0.017,2.080206,route_tangent,15,12.700,,,,,,,0.000000,0.0000,,,STOP_ROUTE_ERROR
182.378029,129.088811166667,35.074427500000,508096.822,3881300.448,0.017,2.080206,route_tangent,15,12.700,,,,,,,0.000000,0.0000,,,STOP_ROUTE_ERROR
182.427797,129.088811166667,35.074427500000,508096.822,3881300.448,0.017,2.080206,route_tangent,15,12.700,,,,,,,0.000000,0.0000,,,STOP_ROUTE_ERROR
182.480568,129.088811166667,35.074427500000,508096.822,3881300.448,0.017,2.080206,route_tangent,15,12.700,,,,,,,0.000000,0.0000,,,STOP_ROUTE_ERROR
182.527789,129.088811166667,35.074427500000,508096.822,3881300.448,0.017,2.080206,route_tangent,15,12.700,,,,,,,0.000000,0.0000,,,STOP_ROUTE_ERROR
182.577949,129.088811166667,35.074427666667,508096.822,3881300.467,0.007,2.080206,route_tangent,15,12.696,,,,,,,0.000000,0.0000,,,STOP_ROUTE_ERROR
182.630377,129.088811166667,35.074427666667,508096.822,3881300.467,0.007,2.080206,route_tangent,15,12.696,,,,,,,0.000000,0.0000,,,STOP_ROUTE_ERROR
182.677530,129.088811166667,35.074427666667,508096.822,3881300.467,0.007,2.080206,route_tangent,15,12.696,,,,,,,0.000000,0.0000,,,STOP_ROUTE_ERROR
182.728802,129.088811166667,35.074427666667,508096.822,3881300.467,0.007,2.080206,route_tangent,15,12.696,,,,,,,0.000000,0.0000,,,STOP_ROUTE_ERROR
182.777544,129.088811166667,35.074427666667,508096.822,3881300.467,0.007,2.080206,route_tangent,15,12.696,,,,,,,0.000000,0.0000,,,STOP_ROUTE_ERROR
182.827671,129.088811166667,35.074427666667,508096.822,3881300.467,0.007,2.080206,route_tangent,15,12.696,,,,,,,0.000000,0.0000,,,STOP_ROUTE_ERROR
182.877921,129.088811166667,35.074427500000,508096.822,3881300.448,0.002,2.080206,route_tangent,15,12.700,,,,,,,0.000000,0.0000,,,STOP_ROUTE_ERROR
182.927469,129.088811166667,35.074427500000,508096.822,3881300.448,0.002,2.080206,route_tangent,15,12.700,,,,,,,0.000000,0.0000,,,STOP_ROUTE_ERROR
182.977891,129.088811166667,35.074427500000,508096.822,3881300.448,0.002,2.080206,route_tangent,15,12.700,,,,,,,0.000000,0.0000,,,STOP_ROUTE_ERROR
183.027621,129.088811166667,35.074427500000,508096.822,3881300.448,0.002,2.080206,route_tangent,15,12.700,,,,,,,0.000000,0.0000,,,STOP_ROUTE_ERROR
183.077660,129.088811166667,35.074427500000,508096.822,3881300.448,0.002,2.080206,route_tangent,15,12.700,,,,,,,0.000000,0.0000,,,STOP_ROUTE_ERROR
183.127572,129.088811166667,35.074427500000,508096.822,3881300.448,0.002,2.080206,route_tangent,15,12.700,,,,,,,0.000000,0.0000,,,STOP_ROUTE_ERROR
183.177905,129.088811166667,35.074427500000,508096.822,3881300.448,0.002,2.080206,route_tangent,15,12.700,,,,,,,0.000000,0.0000,,,STOP_ROUTE_ERROR
183.227760,129.088811166667,35.074427500000,508096.822,3881300.448,0.002,2.080206,route_tangent,15,12.700,,,,,,,0.000000,0.0000,,,STOP_ROUTE_ERROR
183.279719,129.088811166667,35.074427500000,508096.822,3881300.448,0.002,2.080206,route_tangent,15,12.700,,,,,,,0.000000,0.0000,,,STOP_ROUTE_ERROR
183.327477,129.088811166667,35.074427500000,508096.822,3881300.448,0.003,2.080206,route_tangent,15,12.700,,,,,,,0.000000,0.0000,,,STOP_ROUTE_ERROR
183.377556,129.088811166667,35.074427500000,508096.822,3881300.448,0.003,2.080206,route_tangent,15,12.700,,,,,,,0.000000,0.0000,,,STOP_ROUTE_ERROR
183.427669,129.088811166667,35.074427500000,508096.822,3881300.448,0.003,2.080206,route_tangent,15,12.700,,,,,,,0.000000,0.0000,,,STOP_ROUTE_ERROR
183.477558,129.088811166667,35.074427500000,508096.822,3881300.448,0.003,2.080206,route_tangent,15,12.700,,,,,,,0.000000,0.0000,,,STOP_ROUTE_ERROR
183.527631,129.088811166667,35.074427500000,508096.822,3881300.448,0.003,2.080206,route_tangent,15,12.700,,,,,,,0.000000,0.0000,,,STOP_ROUTE_ERROR
183.577598,129.088811166667,35.074427500000,508096.822,3881300.448,0.009,2.080206,route_tangent,15,12.700,,,,,,,0.000000,0.0000,,,STOP_ROUTE_ERROR
183.627842,129.088811166667,35.074427500000,508096.822,3881300.448,0.009,2.080206,route_tangent,15,12.700,,,,,,,0.000000,0.0000,,,STOP_ROUTE_ERROR
183.677830,129.088811166667,35.074427500000,508096.822,3881300.448,0.009,2.080206,route_tangent,15,12.700,,,,,,,0.000000,0.0000,,,STOP_ROUTE_ERROR
183.727589,129.088811166667,35.074427500000,508096.822,3881300.448,0.009,2.080206,route_tangent,15,12.700,,,,,,,0.000000,0.0000,,,STOP_ROUTE_ERROR
183.777582,129.088811166667,35.074427500000,508096.822,3881300.448,0.009,2.080206,route_tangent,15,12.700,,,,,,,0.000000,0.0000,,,STOP_ROUTE_ERROR
183.827399,129.088811166667,35.074427500000,508096.822,3881300.448,0.010,2.080206,route_tangent,15,12.700,,,,,,,0.000000,0.0000,,,STOP_ROUTE_ERROR
183.877708,129.088811166667,35.074427500000,508096.822,3881300.448,0.010,2.080206,route_tangent,15,12.700,,,,,,,0.000000,0.0000,,,STOP_ROUTE_ERROR
183.927503,129.088811166667,35.074427500000,508096.822,3881300.448,0.010,2.080206,route_tangent,15,12.700,,,,,,,0.000000,0.0000,,,STOP_ROUTE_ERROR
183.977754,129.088811166667,35.074427500000,508096.822,3881300.448,0.010,2.080206,route_tangent,15,12.700,,,,,,,0.000000,0.0000,,,STOP_ROUTE_ERROR
184.028246,129.088811166667,35.074427500000,508096.822,3881300.448,0.010,2.080206,route_tangent,15,12.700,,,,,,,0.000000,0.0000,,,STOP_ROUTE_ERROR
184.077598,129.088811166667,35.074427500000,508096.822,3881300.448,0.010,2.080206,route_tangent,15,12.700,,,,,,,0.000000,0.0000,,,STOP_ROUTE_ERROR
184.127643,129.088811166667,35.074427500000,508096.822,3881300.448,0.013,2.080206,route_tangent,15,12.700,,,,,,,0.000000,0.0000,,,STOP_ROUTE_ERROR
184.177611,129.088811166667,35.074427500000,508096.822,3881300.448,0.013,2.080206,route_tangent,15,12.700,,,,,,,0.000000,0.0000,,,STOP_ROUTE_ERROR
184.229300,129.088811166667,35.074427500000,508096.822,3881300.448,0.013,2.080206,route_tangent,15,12.700,,,,,,,0.000000,0.0000,,,STOP_ROUTE_ERROR
184.277544,129.088811166667,35.074427500000,508096.822,3881300.448,0.013,2.080206,route_tangent,15,12.700,,,,,,,0.000000,0.0000,,,STOP_ROUTE_ERROR
184.328975,129.088811166667,35.074427500000,508096.822,3881300.448,0.004,2.080206,route_tangent,15,12.700,,,,,,,0.000000,0.0000,,,STOP_ROUTE_ERROR
184.377514,129.088811166667,35.074427500000,508096.822,3881300.448,0.004,2.080206,route_tangent,15,12.700,,,,,,,0.000000,0.0000,,,STOP_ROUTE_ERROR
184.427576,129.088811166667,35.074427500000,508096.822,3881300.448,0.004,2.080206,route_tangent,15,12.700,,,,,,,0.000000,0.0000,,,STOP_ROUTE_ERROR
184.477660,129.088811166667,35.074427500000,508096.822,3881300.448,0.004,2.080206,route_tangent,15,12.700,,,,,,,0.000000,0.0000,,,STOP_ROUTE_ERROR
184.527538,129.088811166667,35.074427500000,508096.822,3881300.448,0.004,2.080206,route_tangent,15,12.700,,,,,,,0.000000,0.0000,,,STOP_ROUTE_ERROR
184.577466,129.088811166667,35.074427500000,508096.822,3881300.448,0.026,2.080206,route_tangent,15,12.700,,,,,,,0.000000,0.0000,,,STOP_ROUTE_ERROR
184.627473,129.088811166667,35.074427500000,508096.822,3881300.448,0.026,2.080206,route_tangent,15,12.700,,,,,,,0.000000,0.0000,,,STOP_ROUTE_ERROR
184.679108,129.088811166667,35.074427500000,508096.822,3881300.448,0.026,2.080206,route_tangent,15,12.700,,,,,,,0.000000,0.0000,,,STOP_ROUTE_ERROR
184.727505,129.088811166667,35.074427500000,508096.822,3881300.448,0.026,2.080206,route_tangent,15,12.700,,,,,,,0.000000,0.0000,,,STOP_ROUTE_ERROR
184.778000,129.088811166667,35.074427500000,508096.822,3881300.448,0.026,2.080206,route_tangent,15,12.700,,,,,,,0.000000,0.0000,,,STOP_ROUTE_ERROR
184.827476,129.088811166667,35.074427500000,508096.822,3881300.448,0.012,2.080206,route_tangent,15,12.700,,,,,,,0.000000,0.0000,,,STOP_ROUTE_ERROR
184.877860,129.088811166667,35.074427500000,508096.822,3881300.448,0.012,2.080206,route_tangent,15,12.700,,,,,,,0.000000,0.0000,,,STOP_ROUTE_ERROR
184.927633,129.088811166667,35.074427500000,508096.822,3881300.448,0.012,2.080206,route_tangent,15,12.700,,,,,,,0.000000,0.0000,,,STOP_ROUTE_ERROR
184.977738,129.088811166667,35.074427500000,508096.822,3881300.448,0.012,2.080206,route_tangent,15,12.700,,,,,,,0.000000,0.0000,,,STOP_ROUTE_ERROR
185.027559,129.088811166667,35.074427500000,508096.822,3881300.448,0.012,2.080206,route_tangent,15,12.700,,,,,,,0.000000,0.0000,,,STOP_ROUTE_ERROR
185.077871,129.088811166667,35.074427500000,508096.822,3881300.448,0.012,2.080206,route_tangent,15,12.700,,,,,,,0.000000,0.0000,,,STOP_ROUTE_ERROR
185.128804,129.088811166667,35.074427500000,508096.822,3881300.448,0.013,2.080206,route_tangent,15,12.700,,,,,,,0.000000,0.0000,,,STOP_ROUTE_ERROR
185.177791,129.088811166667,35.074427500000,508096.822,3881300.448,0.013,2.080206,route_tangent,15,12.700,,,,,,,0.000000,0.0000,,,STOP_ROUTE_ERROR
185.227587,129.088811166667,35.074427500000,508096.822,3881300.448,0.013,2.080206,route_tangent,15,12.700,,,,,,,0.000000,0.0000,,,STOP_ROUTE_ERROR
185.277968,129.088811166667,35.074427500000,508096.822,3881300.448,0.013,2.080206,route_tangent,15,12.700,,,,,,,0.000000,0.0000,,,STOP_ROUTE_ERROR
185.327549,129.088811166667,35.074427666667,508096.822,3881300.467,0.009,2.080206,route_tangent,15,12.696,,,,,,,0.000000,0.0000,,,STOP_ROUTE_ERROR
185.377774,129.088811166667,35.074427666667,508096.822,3881300.467,0.009,2.080206,route_tangent,15,12.696,,,,,,,0.000000,0.0000,,,STOP_ROUTE_ERROR
185.427582,129.088811166667,35.074427666667,508096.822,3881300.467,0.009,2.080206,route_tangent,15,12.696,,,,,,,0.000000,0.0000,,,STOP_ROUTE_ERROR
185.477813,129.088811166667,35.074427666667,508096.822,3881300.467,0.009,2.080206,route_tangent,15,12.696,,,,,,,0.000000,0.0000,,,STOP_ROUTE_ERROR
185.527485,129.088811166667,35.074427666667,508096.822,3881300.467,0.009,2.080206,route_tangent,15,12.696,,,,,,,0.000000,0.0000,,,STOP_ROUTE_ERROR
185.577478,129.088811166667,35.074427666667,508096.822,3881300.467,0.011,2.080206,route_tangent,15,12.696,,,,,,,0.000000,0.0000,,,STOP_ROUTE_ERROR
185.627507,129.088811166667,35.074427666667,508096.822,3881300.467,0.011,2.080206,route_tangent,15,12.696,,,,,,,0.000000,0.0000,,,STOP_ROUTE_ERROR
185.679010,129.088811166667,35.074427666667,508096.822,3881300.467,0.011,2.080206,route_tangent,15,12.696,,,,,,,0.000000,0.0000,,,STOP_ROUTE_ERROR
185.727514,129.088811166667,35.074427666667,508096.822,3881300.467,0.011,2.080206,route_tangent,15,12.696,,,,,,,0.000000,0.0000,,,STOP_ROUTE_ERROR
185.777930,129.088811166667,35.074427666667,508096.822,3881300.467,0.011,2.080206,route_tangent,15,12.696,,,,,,,0.000000,0.0000,,,STOP_ROUTE_ERROR
185.829584,129.088811166667,35.074427666667,508096.822,3881300.467,0.005,2.080206,route_tangent,15,12.696,,,,,,,0.000000,0.0000,,,STOP_ROUTE_ERROR
185.877877,129.088811166667,35.074427666667,508096.822,3881300.467,0.005,2.080206,route_tangent,15,12.696,,,,,,,0.000000,0.0000,,,STOP_ROUTE_ERROR
185.927742,129.088811166667,35.074427666667,508096.822,3881300.467,0.005,2.080206,route_tangent,15,12.696,,,,,,,0.000000,0.0000,,,STOP_ROUTE_ERROR
185.977452,129.088811166667,35.074427666667,508096.822,3881300.467,0.005,2.080206,route_tangent,15,12.696,,,,,,,0.000000,0.0000,,,STOP_ROUTE_ERROR
186.027586,129.088811166667,35.074427666667,508096.822,3881300.467,0.005,2.080206,route_tangent,15,12.696,,,,,,,0.000000,0.0000,,,STOP_ROUTE_ERROR
186.077810,129.088811166667,35.074427666667,508096.822,3881300.467,0.005,2.080206,route_tangent,15,12.696,,,,,,,0.000000,0.0000,,,STOP_ROUTE_ERROR
186.127501,129.088811166667,35.074427666667,508096.822,3881300.467,0.007,2.080206,route_tangent,15,12.696,,,,,,,0.000000,0.0000,,,STOP_ROUTE_ERROR
186.177528,129.088811166667,35.074427666667,508096.822,3881300.467,0.007,2.080206,route_tangent,15,12.696,,,,,,,0.000000,0.0000,,,STOP_ROUTE_ERROR
186.227651,129.088811166667,35.074427666667,508096.822,3881300.467,0.007,2.080206,route_tangent,15,12.696,,,,,,,0.000000,0.0000,,,STOP_ROUTE_ERROR
186.281565,129.088811166667,35.074427666667,508096.822,3881300.467,0.007,2.080206,route_tangent,15,12.696,,,,,,,0.000000,0.0000,,,STOP_ROUTE_ERROR
186.327464,129.088811166667,35.074427666667,508096.822,3881300.467,0.007,2.080206,route_tangent,15,12.696,,,,,,,0.000000,0.0000,,,STOP_ROUTE_ERROR
186.378014,129.088811166667,35.074427666667,508096.822,3881300.467,0.007,2.080206,route_tangent,15,12.696,,,,,,,0.000000,0.0000,,,STOP_ROUTE_ERROR
186.427500,129.088811166667,35.074427666667,508096.822,3881300.467,0.007,2.080206,route_tangent,15,12.696,,,,,,,0.000000,0.0000,,,STOP_ROUTE_ERROR
186.479754,129.088811166667,35.074427666667,508096.822,3881300.467,0.007,2.080206,route_tangent,15,12.696,,,,,,,0.000000,0.0000,,,STOP_ROUTE_ERROR
186.527608,129.088811166667,35.074427666667,508096.822,3881300.467,0.007,2.080206,route_tangent,15,12.696,,,,,,,0.000000,0.0000,,,STOP_ROUTE_ERROR
186.580667,129.088811166667,35.074427666667,508096.822,3881300.467,0.007,2.080206,route_tangent,15,12.696,,,,,,,0.000000,0.0000,,,STOP_ROUTE_ERROR
186.627975,129.088811166667,35.074427666667,508096.822,3881300.467,0.007,2.080206,route_tangent,15,12.696,,,,,,,0.000000,0.0000,,,STOP_ROUTE_ERROR
186.677815,129.088811166667,35.074427666667,508096.822,3881300.467,0.007,2.080206,route_tangent,15,12.696,,,,,,,0.000000,0.0000,,,STOP_ROUTE_ERROR
186.728532,129.088811166667,35.074427666667,508096.822,3881300.467,0.007,2.080206,route_tangent,15,12.696,,,,,,,0.000000,0.0000,,,STOP_ROUTE_ERROR
186.777486,129.088811166667,35.074427666667,508096.822,3881300.467,0.007,2.080206,route_tangent,15,12.696,,,,,,,0.000000,0.0000,,,STOP_ROUTE_ERROR
186.828449,129.088811166667,35.074427666667,508096.822,3881300.467,0.021,2.080206,route_tangent,15,12.696,,,,,,,0.000000,0.0000,,,STOP_ROUTE_ERROR
186.877689,129.088811166667,35.074427666667,508096.822,3881300.467,0.021,2.080206,route_tangent,15,12.696,,,,,,,0.000000,0.0000,,,STOP_ROUTE_ERROR
186.927971,129.088811166667,35.074427666667,508096.822,3881300.467,0.021,2.080206,route_tangent,15,12.696,,,,,,,0.000000,0.0000,,,STOP_ROUTE_ERROR
186.978086,129.088811166667,35.074427666667,508096.822,3881300.467,0.021,2.080206,route_tangent,15,12.696,,,,,,,0.000000,0.0000,,,STOP_ROUTE_ERROR
187.027601,129.088811166667,35.074427666667,508096.822,3881300.467,0.021,2.080206,route_tangent,15,12.696,,,,,,,0.000000,0.0000,,,STOP_ROUTE_ERROR
187.077649,129.088811166667,35.074427666667,508096.822,3881300.467,0.021,2.080206,route_tangent,15,12.696,,,,,,,0.000000,0.0000,,,STOP_ROUTE_ERROR
187.127626,129.088811166667,35.074427500000,508096.822,3881300.448,0.027,2.080206,route_tangent,15,12.700,,,,,,,0.000000,0.0000,,,STOP_ROUTE_ERROR
187.178763,129.088811166667,35.074427500000,508096.822,3881300.448,0.027,2.080206,route_tangent,15,12.700,,,,,,,0.000000,0.0000,,,STOP_ROUTE_ERROR
187.227696,129.088811166667,35.074427500000,508096.822,3881300.448,0.027,2.080206,route_tangent,15,12.700,,,,,,,0.000000,0.0000,,,STOP_ROUTE_ERROR
187.278518,129.088811166667,35.074427500000,508096.822,3881300.448,0.027,2.080206,route_tangent,15,12.700,,,,,,,0.000000,0.0000,,,STOP_ROUTE_ERROR
187.327548,129.088811166667,35.074427666667,508096.822,3881300.467,0.027,2.080206,route_tangent,15,12.696,,,,,,,0.000000,0.0000,,,STOP_ROUTE_ERROR
187.377927,129.088811166667,35.074427666667,508096.822,3881300.467,0.027,2.080206,route_tangent,15,12.696,,,,,,,0.000000,0.0000,,,STOP_ROUTE_ERROR
187.427809,129.088811166667,35.074427666667,508096.822,3881300.467,0.027,2.080206,route_tangent,15,12.696,,,,,,,0.000000,0.0000,,,STOP_ROUTE_ERROR
187.477476,129.088811166667,35.074427666667,508096.822,3881300.467,0.027,2.080206,route_tangent,15,12.696,,,,,,,0.000000,0.0000,,,STOP_ROUTE_ERROR
187.527712,129.088811166667,35.074427666667,508096.822,3881300.467,0.027,2.080206,route_tangent,15,12.696,,,,,,,0.000000,0.0000,,,STOP_ROUTE_ERROR
187.577517,129.088811166667,35.074427666667,508096.822,3881300.467,0.007,2.080206,route_tangent,15,12.696,,,,,,,0.000000,0.0000,,,STOP_ROUTE_ERROR
187.629374,129.088811166667,35.074427666667,508096.822,3881300.467,0.007,2.080206,route_tangent,15,12.696,,,,,,,0.000000,0.0000,,,STOP_ROUTE_ERROR
187.677486,129.088811166667,35.074427666667,508096.822,3881300.467,0.007,2.080206,route_tangent,15,12.696,,,,,,,0.000000,0.0000,,,STOP_ROUTE_ERROR
187.727581,129.088811166667,35.074427666667,508096.822,3881300.467,0.007,2.080206,route_tangent,15,12.696,,,,,,,0.000000,0.0000,,,STOP_ROUTE_ERROR
187.777629,129.088811166667,35.074427666667,508096.822,3881300.467,0.007,2.080206,route_tangent,15,12.696,,,,,,,0.000000,0.0000,,,STOP_ROUTE_ERROR
187.827478,129.088811166667,35.074427666667,508096.822,3881300.467,0.016,2.080206,route_tangent,15,12.696,,,,,,,0.000000,0.0000,,,STOP_ROUTE_ERROR
187.877695,129.088811166667,35.074427666667,508096.822,3881300.467,0.016,2.080206,route_tangent,15,12.696,,,,,,,0.000000,0.0000,,,STOP_ROUTE_ERROR
187.927707,129.088811166667,35.074427666667,508096.822,3881300.467,0.016,2.080206,route_tangent,15,12.696,,,,,,,0.000000,0.0000,,,STOP_ROUTE_ERROR
187.977477,129.088811166667,35.074427666667,508096.822,3881300.467,0.016,2.080206,route_tangent,15,12.696,,,,,,,0.000000,0.0000,,,STOP_ROUTE_ERROR
188.027673,129.088811166667,35.074427666667,508096.822,3881300.467,0.016,2.080206,route_tangent,15,12.696,,,,,,,0.000000,0.0000,,,STOP_ROUTE_ERROR
188.078020,129.088811166667,35.074427666667,508096.822,3881300.467,0.016,2.080206,route_tangent,15,12.696,,,,,,,0.000000,0.0000,,,STOP_ROUTE_ERROR
188.127675,129.088811166667,35.074427666667,508096.822,3881300.467,0.028,2.080206,route_tangent,15,12.696,,,,,,,0.000000,0.0000,,,STOP_ROUTE_ERROR
188.177585,129.088811166667,35.074427666667,508096.822,3881300.467,0.028,2.080206,route_tangent,15,12.696,,,,,,,0.000000,0.0000,,,STOP_ROUTE_ERROR
188.228766,129.088811166667,35.074427666667,508096.822,3881300.467,0.028,2.080206,route_tangent,15,12.696,,,,,,,0.000000,0.0000,,,STOP_ROUTE_ERROR
188.277499,129.088811166667,35.074427666667,508096.822,3881300.467,0.028,2.080206,route_tangent,15,12.696,,,,,,,0.000000,0.0000,,,STOP_ROUTE_ERROR
188.327446,129.088811166667,35.074427666667,508096.822,3881300.467,0.008,2.080206,route_tangent,15,12.696,,,,,,,0.000000,0.0000,,,STOP_ROUTE_ERROR
188.377486,129.088811166667,35.074427666667,508096.822,3881300.467,0.008,2.080206,route_tangent,15,12.696,,,,,,,0.000000,0.0000,,,STOP_ROUTE_ERROR
188.427751,129.088811166667,35.074427666667,508096.822,3881300.467,0.008,2.080206,route_tangent,15,12.696,,,,,,,0.000000,0.0000,,,STOP_ROUTE_ERROR
188.477507,129.088811166667,35.074427666667,508096.822,3881300.467,0.008,2.080206,route_tangent,15,12.696,,,,,,,0.000000,0.0000,,,STOP_ROUTE_ERROR
188.527507,129.088811166667,35.074427666667,508096.822,3881300.467,0.008,2.080206,route_tangent,15,12.696,,,,,,,0.000000,0.0000,,,STOP_ROUTE_ERROR
188.578820,129.088811166667,35.074427666667,508096.822,3881300.467,0.008,2.080206,route_tangent,15,12.696,,,,,,,0.000000,0.0000,,,STOP_ROUTE_ERROR
188.627611,129.088811166667,35.074427666667,508096.822,3881300.467,0.008,2.080206,route_tangent,15,12.696,,,,,,,0.000000,0.0000,,,STOP_ROUTE_ERROR
188.678741,129.088811166667,35.074427666667,508096.822,3881300.467,0.008,2.080206,route_tangent,15,12.696,,,,,,,0.000000,0.0000,,,STOP_ROUTE_ERROR
188.727533,129.088811166667,35.074427666667,508096.822,3881300.467,0.008,2.080206,route_tangent,15,12.696,,,,,,,0.000000,0.0000,,,STOP_ROUTE_ERROR
188.779929,129.088811166667,35.074427666667,508096.822,3881300.467,0.008,2.080206,route_tangent,15,12.696,,,,,,,0.000000,0.0000,,,STOP_ROUTE_ERROR
188.827663,129.088811166667,35.074427666667,508096.822,3881300.467,0.019,2.080206,route_tangent,15,12.696,,,,,,,0.000000,0.0000,,,STOP_ROUTE_ERROR
188.879286,129.088811166667,35.074427666667,508096.822,3881300.467,0.019,2.080206,route_tangent,15,12.696,,,,,,,0.000000,0.0000,,,STOP_ROUTE_ERROR
188.927679,129.088811166667,35.074427666667,508096.822,3881300.467,0.019,2.080206,route_tangent,15,12.696,,,,,,,0.000000,0.0000,,,STOP_ROUTE_ERROR
188.977529,129.088811166667,35.074427666667,508096.822,3881300.467,0.019,2.080206,route_tangent,15,12.696,,,,,,,0.000000,0.0000,,,STOP_ROUTE_ERROR
189.027816,129.088811166667,35.074427666667,508096.822,3881300.467,0.019,2.080206,route_tangent,15,12.696,,,,,,,0.000000,0.0000,,,STOP_ROUTE_ERROR
189.077747,129.088811166667,35.074427666667,508096.822,3881300.467,0.019,2.080206,route_tangent,15,12.696,,,,,,,0.000000,0.0000,,,STOP_ROUTE_ERROR
189.127557,129.088811166667,35.074427666667,508096.822,3881300.467,0.010,2.080206,route_tangent,15,12.696,,,,,,,0.000000,0.0000,,,STOP_ROUTE_ERROR
189.177800,129.088811166667,35.074427666667,508096.822,3881300.467,0.010,2.080206,route_tangent,15,12.696,,,,,,,0.000000,0.0000,,,STOP_ROUTE_ERROR
189.227552,129.088811166667,35.074427666667,508096.822,3881300.467,0.010,2.080206,route_tangent,15,12.696,,,,,,,0.000000,0.0000,,,STOP_ROUTE_ERROR
189.277524,129.088811166667,35.074427666667,508096.822,3881300.467,0.010,2.080206,route_tangent,15,12.696,,,,,,,0.000000,0.0000,,,STOP_ROUTE_ERROR
189.327585,129.088811166667,35.074427500000,508096.822,3881300.448,0.005,2.080206,route_tangent,15,12.700,,,,,,,0.000000,0.0000,,,STOP_ROUTE_ERROR
189.377660,129.088811166667,35.074427500000,508096.822,3881300.448,0.005,2.080206,route_tangent,15,12.700,,,,,,,0.000000,0.0000,,,STOP_ROUTE_ERROR
189.427499,129.088811166667,35.074427500000,508096.822,3881300.448,0.005,2.080206,route_tangent,15,12.700,,,,,,,0.000000,0.0000,,,STOP_ROUTE_ERROR
189.478084,129.088811166667,35.074427500000,508096.822,3881300.448,0.005,2.080206,route_tangent,15,12.700,,,,,,,0.000000,0.0000,,,STOP_ROUTE_ERROR
189.527806,129.088811166667,35.074427500000,508096.822,3881300.448,0.005,2.080206,route_tangent,15,12.700,,,,,,,0.000000,0.0000,,,STOP_ROUTE_ERROR
189.577703,129.088811166667,35.074427666667,508096.822,3881300.467,0.010,2.080206,route_tangent,15,12.696,,,,,,,0.000000,0.0000,,,STOP_ROUTE_ERROR
189.627579,129.088811166667,35.074427666667,508096.822,3881300.467,0.010,2.080206,route_tangent,15,12.696,,,,,,,0.000000,0.0000,,,STOP_ROUTE_ERROR
189.679500,129.088811166667,35.074427666667,508096.822,3881300.467,0.010,2.080206,route_tangent,15,12.696,,,,,,,0.000000,0.0000,,,STOP_ROUTE_ERROR
189.727581,129.088811166667,35.074427666667,508096.822,3881300.467,0.010,2.080206,route_tangent,15,12.696,,,,,,,0.000000,0.0000,,,STOP_ROUTE_ERROR
189.777621,129.088811166667,35.074427666667,508096.822,3881300.467,0.010,2.080206,route_tangent,15,12.696,,,,,,,0.000000,0.0000,,,STOP_ROUTE_ERROR
189.828610,129.088811166667,35.074427500000,508096.822,3881300.448,0.012,2.080206,route_tangent,15,12.700,,,,,,,0.000000,0.0000,,,STOP_ROUTE_ERROR
189.877599,129.088811166667,35.074427500000,508096.822,3881300.448,0.012,2.080206,route_tangent,15,12.700,,,,,,,0.000000,0.0000,,,STOP_ROUTE_ERROR
189.927526,129.088811166667,35.074427500000,508096.822,3881300.448,0.012,2.080206,route_tangent,15,12.700,,,,,,,0.000000,0.0000,,,STOP_ROUTE_ERROR
189.977536,129.088811166667,35.074427500000,508096.822,3881300.448,0.012,2.080206,route_tangent,15,12.700,,,,,,,0.000000,0.0000,,,STOP_ROUTE_ERROR
190.027592,129.088811166667,35.074427500000,508096.822,3881300.448,0.012,2.080206,route_tangent,15,12.700,,,,,,,0.000000,0.0000,,,STOP_ROUTE_ERROR
190.077577,129.088811166667,35.074427500000,508096.822,3881300.448,0.012,2.080206,route_tangent,15,12.700,,,,,,,0.000000,0.0000,,,STOP_ROUTE_ERROR
190.127529,129.088811166667,35.074427666667,508096.822,3881300.467,0.010,2.080206,route_tangent,15,12.696,,,,,,,0.000000,0.0000,,,STOP_ROUTE_ERROR
190.177615,129.088811166667,35.074427666667,508096.822,3881300.467,0.010,2.080206,route_tangent,15,12.696,,,,,,,0.000000,0.0000,,,STOP_ROUTE_ERROR
190.227530,129.088811166667,35.074427666667,508096.822,3881300.467,0.010,2.080206,route_tangent,15,12.696,,,,,,,0.000000,0.0000,,,STOP_ROUTE_ERROR
190.278647,129.088811166667,35.074427666667,508096.822,3881300.467,0.010,2.080206,route_tangent,15,12.696,,,,,,,0.000000,0.0000,,,STOP_ROUTE_ERROR
190.327343,129.088811166667,35.074427666667,508096.822,3881300.467,0.014,2.080206,route_tangent,15,12.696,,,,,,,0.000000,0.0000,,,STOP_ROUTE_ERROR
190.377617,129.088811166667,35.074427666667,508096.822,3881300.467,0.014,2.080206,route_tangent,15,12.696,,,,,,,0.000000,0.0000,,,STOP_ROUTE_ERROR
190.427802,129.088811166667,35.074427666667,508096.822,3881300.467,0.014,2.080206,route_tangent,15,12.696,,,,,,,0.000000,0.0000,,,STOP_ROUTE_ERROR
190.477504,129.088811166667,35.074427666667,508096.822,3881300.467,0.014,2.080206,route_tangent,15,12.696,,,,,,,0.000000,0.0000,,,STOP_ROUTE_ERROR
190.527673,129.088811166667,35.074427666667,508096.822,3881300.467,0.014,2.080206,route_tangent,15,12.696,,,,,,,0.000000,0.0000,,,STOP_ROUTE_ERROR
190.577416,129.088811166667,35.074427666667,508096.822,3881300.467,0.014,2.080206,route_tangent,15,12.696,,,,,,,0.000000,0.0000,,,STOP_ROUTE_ERROR
190.628060,129.088811166667,35.074427666667,508096.822,3881300.467,0.014,2.080206,route_tangent,15,12.696,,,,,,,0.000000,0.0000,,,STOP_ROUTE_ERROR
190.678797,129.088811166667,35.074427666667,508096.822,3881300.467,0.014,2.080206,route_tangent,15,12.696,,,,,,,0.000000,0.0000,,,STOP_ROUTE_ERROR
190.727563,129.088811166667,35.074427666667,508096.822,3881300.467,0.014,2.080206,route_tangent,15,12.696,,,,,,,0.000000,0.0000,,,STOP_ROUTE_ERROR
190.777489,129.088811166667,35.074427666667,508096.822,3881300.467,0.014,2.080206,route_tangent,15,12.696,,,,,,,0.000000,0.0000,,,STOP_ROUTE_ERROR
190.827642,129.088811166667,35.074427666667,508096.822,3881300.467,0.002,2.080206,route_tangent,15,12.696,,,,,,,0.000000,0.0000,,,STOP_ROUTE_ERROR
190.877828,129.088811166667,35.074427666667,508096.822,3881300.467,0.002,2.080206,route_tangent,15,12.696,,,,,,,0.000000,0.0000,,,STOP_ROUTE_ERROR
190.927553,129.088811166667,35.074427666667,508096.822,3881300.467,0.002,2.080206,route_tangent,15,12.696,,,,,,,0.000000,0.0000,,,STOP_ROUTE_ERROR
190.978969,129.088811166667,35.074427666667,508096.822,3881300.467,0.002,2.080206,route_tangent,15,12.696,,,,,,,0.000000,0.0000,,,STOP_ROUTE_ERROR
191.027649,129.088811166667,35.074427666667,508096.822,3881300.467,0.002,2.080206,route_tangent,15,12.696,,,,,,,0.000000,0.0000,,,STOP_ROUTE_ERROR
191.078716,129.088811166667,35.074427666667,508096.822,3881300.467,0.002,2.080206,route_tangent,15,12.696,,,,,,,0.000000,0.0000,,,STOP_ROUTE_ERROR
191.127507,129.088811166667,35.074427666667,508096.822,3881300.467,0.009,2.080206,route_tangent,15,12.696,,,,,,,0.000000,0.0000,,,STOP_ROUTE_ERROR
191.177770,129.088811166667,35.074427666667,508096.822,3881300.467,0.009,2.080206,route_tangent,15,12.696,,,,,,,0.000000,0.0000,,,STOP_ROUTE_ERROR
191.227606,129.088811166667,35.074427666667,508096.822,3881300.467,0.009,2.080206,route_tangent,15,12.696,,,,,,,0.000000,0.0000,,,STOP_ROUTE_ERROR
191.277764,129.088811166667,35.074427666667,508096.822,3881300.467,0.009,2.080206,route_tangent,15,12.696,,,,,,,0.000000,0.0000,,,STOP_ROUTE_ERROR
191.327496,129.088811166667,35.074427666667,508096.822,3881300.467,0.002,2.080206,route_tangent,15,12.696,,,,,,,0.000000,0.0000,,,STOP_ROUTE_ERROR
191.381198,129.088811166667,35.074427666667,508096.822,3881300.467,0.002,2.080206,route_tangent,15,12.696,,,,,,,0.000000,0.0000,,,STOP_ROUTE_ERROR
191.427576,129.088811166667,35.074427666667,508096.822,3881300.467,0.002,2.080206,route_tangent,15,12.696,,,,,,,0.000000,0.0000,,,STOP_ROUTE_ERROR
191.477722,129.088811166667,35.074427666667,508096.822,3881300.467,0.002,2.080206,route_tangent,15,12.696,,,,,,,0.000000,0.0000,,,STOP_ROUTE_ERROR
191.527864,129.088811166667,35.074427666667,508096.822,3881300.467,0.002,2.080206,route_tangent,15,12.696,,,,,,,0.000000,0.0000,,,STOP_ROUTE_ERROR
191.577471,129.088811166667,35.074427666667,508096.822,3881300.467,0.012,2.080206,route_tangent,15,12.696,,,,,,,0.000000,0.0000,,,STOP_ROUTE_ERROR
191.628743,129.088811166667,35.074427666667,508096.822,3881300.467,0.012,2.080206,route_tangent,15,12.696,,,,,,,0.000000,0.0000,,,STOP_ROUTE_ERROR
191.677485,129.088811166667,35.074427666667,508096.822,3881300.467,0.012,2.080206,route_tangent,15,12.696,,,,,,,0.000000,0.0000,,,STOP_ROUTE_ERROR
191.727483,129.088811166667,35.074427666667,508096.822,3881300.467,0.012,2.080206,route_tangent,15,12.696,,,,,,,0.000000,0.0000,,,STOP_ROUTE_ERROR
191.777747,129.088811166667,35.074427666667,508096.822,3881300.467,0.012,2.080206,route_tangent,15,12.696,,,,,,,0.000000,0.0000,,,STOP_ROUTE_ERROR
191.827490,129.088811166667,35.074427666667,508096.822,3881300.467,0.015,2.080206,route_tangent,15,12.696,,,,,,,0.000000,0.0000,,,STOP_ROUTE_ERROR
191.877696,129.088811166667,35.074427666667,508096.822,3881300.467,0.015,2.080206,route_tangent,15,12.696,,,,,,,0.000000,0.0000,,,STOP_ROUTE_ERROR
191.927434,129.088811166667,35.074427666667,508096.822,3881300.467,0.015,2.080206,route_tangent,15,12.696,,,,,,,0.000000,0.0000,,,STOP_ROUTE_ERROR
191.977929,129.088811166667,35.074427666667,508096.822,3881300.467,0.015,2.080206,route_tangent,15,12.696,,,,,,,0.000000,0.0000,,,STOP_ROUTE_ERROR
192.027604,129.088811166667,35.074427666667,508096.822,3881300.467,0.015,2.080206,route_tangent,15,12.696,,,,,,,0.000000,0.0000,,,STOP_ROUTE_ERROR
192.077520,129.088811166667,35.074427666667,508096.822,3881300.467,0.015,2.080206,route_tangent,15,12.696,,,,,,,0.000000,0.0000,,,STOP_ROUTE_ERROR
192.127641,129.088811166667,35.074427666667,508096.822,3881300.467,0.018,2.080206,route_tangent,15,12.696,,,,,,,0.000000,0.0000,,,STOP_ROUTE_ERROR
192.177514,129.088811166667,35.074427666667,508096.822,3881300.467,0.018,2.080206,route_tangent,15,12.696,,,,,,,0.000000,0.0000,,,STOP_ROUTE_ERROR
192.227579,129.088811166667,35.074427666667,508096.822,3881300.467,0.018,2.080206,route_tangent,15,12.696,,,,,,,0.000000,0.0000,,,STOP_ROUTE_ERROR
192.277521,129.088811166667,35.074427666667,508096.822,3881300.467,0.018,2.080206,route_tangent,15,12.696,,,,,,,0.000000,0.0000,,,STOP_ROUTE_ERROR
192.329277,129.088811166667,35.074427500000,508096.822,3881300.448,0.026,2.080206,route_tangent,15,12.700,,,,,,,0.000000,0.0000,,,STOP_ROUTE_ERROR
192.377543,129.088811166667,35.074427500000,508096.822,3881300.448,0.026,2.080206,route_tangent,15,12.700,,,,,,,0.000000,0.0000,,,STOP_ROUTE_ERROR
192.427580,129.088811166667,35.074427500000,508096.822,3881300.448,0.026,2.080206,route_tangent,15,12.700,,,,,,,0.000000,0.0000,,,STOP_ROUTE_ERROR
192.477655,129.088811166667,35.074427500000,508096.822,3881300.448,0.026,2.080206,route_tangent,15,12.700,,,,,,,0.000000,0.0000,,,STOP_ROUTE_ERROR
192.527582,129.088811166667,35.074427500000,508096.822,3881300.448,0.026,2.080206,route_tangent,15,12.700,,,,,,,0.000000,0.0000,,,STOP_ROUTE_ERROR
192.578864,129.088811166667,35.074427666667,508096.822,3881300.467,0.015,2.080206,route_tangent,15,12.696,,,,,,,0.000000,0.0000,,,STOP_ROUTE_ERROR
192.627473,129.088811166667,35.074427666667,508096.822,3881300.467,0.015,2.080206,route_tangent,15,12.696,,,,,,,0.000000,0.0000,,,STOP_ROUTE_ERROR
192.677915,129.088811166667,35.074427666667,508096.822,3881300.467,0.015,2.080206,route_tangent,15,12.696,,,,,,,0.000000,0.0000,,,STOP_ROUTE_ERROR
192.727436,129.088811166667,35.074427666667,508096.822,3881300.467,0.015,2.080206,route_tangent,15,12.696,,,,,,,0.000000,0.0000,,,STOP_ROUTE_ERROR
192.777912,129.088811166667,35.074427666667,508096.822,3881300.467,0.015,2.080206,route_tangent,15,12.696,,,,,,,0.000000,0.0000,,,STOP_ROUTE_ERROR
192.827358,129.088811166667,35.074427500000,508096.822,3881300.448,0.025,2.080206,route_tangent,15,12.700,,,,,,,0.000000,0.0000,,,STOP_ROUTE_ERROR
192.878032,129.088811166667,35.074427500000,508096.822,3881300.448,0.025,2.080206,route_tangent,15,12.700,,,,,,,0.000000,0.0000,,,STOP_ROUTE_ERROR
192.927585,129.088811166667,35.074427500000,508096.822,3881300.448,0.025,2.080206,route_tangent,15,12.700,,,,,,,0.000000,0.0000,,,STOP_ROUTE_ERROR
192.977659,129.088811166667,35.074427500000,508096.822,3881300.448,0.025,2.080206,route_tangent,15,12.700,,,,,,,0.000000,0.0000,,,STOP_ROUTE_ERROR
193.027826,129.088811166667,35.074427500000,508096.822,3881300.448,0.025,2.080206,route_tangent,15,12.700,,,,,,,0.000000,0.0000,,,STOP_ROUTE_ERROR
193.078222,129.088811166667,35.074427500000,508096.822,3881300.448,0.025,2.080206,route_tangent,15,12.700,,,,,,,0.000000,0.0000,,,STOP_ROUTE_ERROR
193.127693,129.088811166667,35.074427666667,508096.822,3881300.467,0.018,2.080206,route_tangent,15,12.696,,,,,,,0.000000,0.0000,,,STOP_ROUTE_ERROR
193.177493,129.088811166667,35.074427666667,508096.822,3881300.467,0.018,2.080206,route_tangent,15,12.696,,,,,,,0.000000,0.0000,,,STOP_ROUTE_ERROR
193.227920,129.088811166667,35.074427666667,508096.822,3881300.467,0.018,2.080206,route_tangent,15,12.696,,,,,,,0.000000,0.0000,,,STOP_ROUTE_ERROR
193.277835,129.088811166667,35.074427666667,508096.822,3881300.467,0.018,2.080206,route_tangent,15,12.696,,,,,,,0.000000,0.0000,,,STOP_ROUTE_ERROR
193.327670,129.088811166667,35.074427666667,508096.822,3881300.467,0.010,2.080206,route_tangent,15,12.696,,,,,,,0.000000,0.0000,,,STOP_ROUTE_ERROR
193.379319,129.088811166667,35.074427666667,508096.822,3881300.467,0.010,2.080206,route_tangent,15,12.696,,,,,,,0.000000,0.0000,,,STOP_ROUTE_ERROR
193.427580,129.088811166667,35.074427666667,508096.822,3881300.467,0.010,2.080206,route_tangent,15,12.696,,,,,,,0.000000,0.0000,,,STOP_ROUTE_ERROR
193.477594,129.088811166667,35.074427666667,508096.822,3881300.467,0.010,2.080206,route_tangent,15,12.696,,,,,,,0.000000,0.0000,,,STOP_ROUTE_ERROR
193.527493,129.088811166667,35.074427666667,508096.822,3881300.467,0.010,2.080206,route_tangent,15,12.696,,,,,,,0.000000,0.0000,,,STOP_ROUTE_ERROR
193.577833,129.088811166667,35.074427666667,508096.822,3881300.467,0.006,2.080206,route_tangent,15,12.696,,,,,,,0.000000,0.0000,,,STOP_ROUTE_ERROR
193.627488,129.088811166667,35.074427666667,508096.822,3881300.467,0.006,2.080206,route_tangent,15,12.696,,,,,,,0.000000,0.0000,,,STOP_ROUTE_ERROR
193.677581,129.088811166667,35.074427666667,508096.822,3881300.467,0.006,2.080206,route_tangent,15,12.696,,,,,,,0.000000,0.0000,,,STOP_ROUTE_ERROR
193.727501,129.088811166667,35.074427666667,508096.822,3881300.467,0.006,2.080206,route_tangent,15,12.696,,,,,,,0.000000,0.0000,,,STOP_ROUTE_ERROR
193.777626,129.088811166667,35.074427666667,508096.822,3881300.467,0.006,2.080206,route_tangent,15,12.696,,,,,,,0.000000,0.0000,,,STOP_ROUTE_ERROR
193.828369,129.088811166667,35.074427666667,508096.822,3881300.467,0.010,2.080206,route_tangent,15,12.696,,,,,,,0.000000,0.0000,,,STOP_ROUTE_ERROR
193.877747,129.088811166667,35.074427666667,508096.822,3881300.467,0.010,2.080206,route_tangent,15,12.696,,,,,,,0.000000,0.0000,,,STOP_ROUTE_ERROR
193.927637,129.088811166667,35.074427666667,508096.822,3881300.467,0.010,2.080206,route_tangent,15,12.696,,,,,,,0.000000,0.0000,,,STOP_ROUTE_ERROR
193.977520,129.088811166667,35.074427666667,508096.822,3881300.467,0.010,2.080206,route_tangent,15,12.696,,,,,,,0.000000,0.0000,,,STOP_ROUTE_ERROR
194.029237,129.088811166667,35.074427666667,508096.822,3881300.467,0.010,2.080206,route_tangent,15,12.696,,,,,,,0.000000,0.0000,,,STOP_ROUTE_ERROR
194.077558,129.088811166667,35.074427666667,508096.822,3881300.467,0.010,2.080206,route_tangent,15,12.696,,,,,,,0.000000,0.0000,,,STOP_ROUTE_ERROR
194.128153,129.088811166667,35.074427666667,508096.822,3881300.467,0.006,2.080206,route_tangent,15,12.696,,,,,,,0.000000,0.0000,,,STOP_ROUTE_ERROR
194.177561,129.088811166667,35.074427666667,508096.822,3881300.467,0.006,2.080206,route_tangent,15,12.696,,,,,,,0.000000,0.0000,,,STOP_ROUTE_ERROR
194.227466,129.088811166667,35.074427666667,508096.822,3881300.467,0.006,2.080206,route_tangent,15,12.696,,,,,,,0.000000,0.0000,,,STOP_ROUTE_ERROR
194.279906,129.088811166667,35.074427666667,508096.822,3881300.467,0.006,2.080206,route_tangent,15,12.696,,,,,,,0.000000,0.0000,,,STOP_ROUTE_ERROR
194.327395,129.088811166667,35.074427666667,508096.822,3881300.467,0.009,2.080206,route_tangent,15,12.696,,,,,,,0.000000,0.0000,,,STOP_ROUTE_ERROR
194.377636,129.088811166667,35.074427666667,508096.822,3881300.467,0.009,2.080206,route_tangent,15,12.696,,,,,,,0.000000,0.0000,,,STOP_ROUTE_ERROR
194.427672,129.088811166667,35.074427666667,508096.822,3881300.467,0.009,2.080206,route_tangent,15,12.696,,,,,,,0.000000,0.0000,,,STOP_ROUTE_ERROR
194.478024,129.088811166667,35.074427666667,508096.822,3881300.467,0.009,2.080206,route_tangent,15,12.696,,,,,,,0.000000,0.0000,,,STOP_ROUTE_ERROR
194.527606,129.088811166667,35.074427666667,508096.822,3881300.467,0.009,2.080206,route_tangent,15,12.696,,,,,,,0.000000,0.0000,,,STOP_ROUTE_ERROR
194.577594,129.088811166667,35.074427666667,508096.822,3881300.467,0.016,2.080206,route_tangent,15,12.696,,,,,,,0.000000,0.0000,,,STOP_ROUTE_ERROR
194.627928,129.088811166667,35.074427666667,508096.822,3881300.467,0.016,2.080206,route_tangent,15,12.696,,,,,,,0.000000,0.0000,,,STOP_ROUTE_ERROR
194.677978,129.088811166667,35.074427666667,508096.822,3881300.467,0.016,2.080206,route_tangent,15,12.696,,,,,,,0.000000,0.0000,,,STOP_ROUTE_ERROR
194.727697,129.088811166667,35.074427666667,508096.822,3881300.467,0.016,2.080206,route_tangent,15,12.696,,,,,,,0.000000,0.0000,,,STOP_ROUTE_ERROR
194.777505,129.088811166667,35.074427666667,508096.822,3881300.467,0.016,2.080206,route_tangent,15,12.696,,,,,,,0.000000,0.0000,,,STOP_ROUTE_ERROR
194.827682,129.088811166667,35.074427666667,508096.822,3881300.467,0.016,2.080206,route_tangent,15,12.696,,,,,,,0.000000,0.0000,,,STOP_ROUTE_ERROR
194.877502,129.088811166667,35.074427666667,508096.822,3881300.467,0.033,2.080206,route_tangent,15,12.696,,,,,,,0.000000,0.0000,,,STOP_ROUTE_ERROR
194.927480,129.088811166667,35.074427666667,508096.822,3881300.467,0.033,2.080206,route_tangent,15,12.696,,,,,,,0.000000,0.0000,,,STOP_ROUTE_ERROR
194.978007,129.088811166667,35.074427666667,508096.822,3881300.467,0.033,2.080206,route_tangent,15,12.696,,,,,,,0.000000,0.0000,,,STOP_ROUTE_ERROR
195.027516,129.088811166667,35.074427666667,508096.822,3881300.467,0.033,2.080206,route_tangent,15,12.696,,,,,,,0.000000,0.0000,,,STOP_ROUTE_ERROR
195.077535,129.088811166667,35.074427666667,508096.822,3881300.467,0.033,2.080206,route_tangent,15,12.696,,,,,,,0.000000,0.0000,,,STOP_ROUTE_ERROR
195.127524,129.088811166667,35.074427666667,508096.822,3881300.467,0.022,2.080206,route_tangent,15,12.696,,,,,,,0.000000,0.0000,,,STOP_ROUTE_ERROR
195.178162,129.088811166667,35.074427666667,508096.822,3881300.467,0.022,2.080206,route_tangent,15,12.696,,,,,,,0.000000,0.0000,,,STOP_ROUTE_ERROR
195.227612,129.088811166667,35.074427666667,508096.822,3881300.467,0.022,2.080206,route_tangent,15,12.696,,,,,,,0.000000,0.0000,,,STOP_ROUTE_ERROR
195.278289,129.088811166667,35.074427666667,508096.822,3881300.467,0.022,2.080206,route_tangent,15,12.696,,,,,,,0.000000,0.0000,,,STOP_ROUTE_ERROR
195.327803,129.088811166667,35.074427666667,508096.822,3881300.467,0.025,2.080206,route_tangent,15,12.696,,,,,,,0.000000,0.0000,,,STOP_ROUTE_ERROR
195.378828,129.088811166667,35.074427666667,508096.822,3881300.467,0.025,2.080206,route_tangent,15,12.696,,,,,,,0.000000,0.0000,,,STOP_ROUTE_ERROR
195.427586,129.088811166667,35.074427666667,508096.822,3881300.467,0.025,2.080206,route_tangent,15,12.696,,,,,,,0.000000,0.0000,,,STOP_ROUTE_ERROR
195.478110,129.088811166667,35.074427666667,508096.822,3881300.467,0.025,2.080206,route_tangent,15,12.696,,,,,,,0.000000,0.0000,,,STOP_ROUTE_ERROR
195.527903,129.088811166667,35.074427666667,508096.822,3881300.467,0.025,2.080206,route_tangent,15,12.696,,,,,,,0.000000,0.0000,,,STOP_ROUTE_ERROR
195.577547,129.088811166667,35.074427666667,508096.822,3881300.467,0.017,2.080206,route_tangent,15,12.696,,,,,,,0.000000,0.0000,,,STOP_ROUTE_ERROR
195.627566,129.088811166667,35.074427666667,508096.822,3881300.467,0.017,2.080206,route_tangent,15,12.696,,,,,,,0.000000,0.0000,,,STOP_ROUTE_ERROR
195.677495,129.088811166667,35.074427666667,508096.822,3881300.467,0.017,2.080206,route_tangent,15,12.696,,,,,,,0.000000,0.0000,,,STOP_ROUTE_ERROR
195.727628,129.088811166667,35.074427666667,508096.822,3881300.467,0.017,2.080206,route_tangent,15,12.696,,,,,,,0.000000,0.0000,,,STOP_ROUTE_ERROR
195.777559,129.088811166667,35.074427666667,508096.822,3881300.467,0.017,2.080206,route_tangent,15,12.696,,,,,,,0.000000,0.0000,,,STOP_ROUTE_ERROR
195.827370,129.088811166667,35.074427666667,508096.822,3881300.467,0.021,2.080206,route_tangent,15,12.696,,,,,,,0.000000,0.0000,,,STOP_ROUTE_ERROR
195.877612,129.088811166667,35.074427666667,508096.822,3881300.467,0.021,2.080206,route_tangent,15,12.696,,,,,,,0.000000,0.0000,,,STOP_ROUTE_ERROR
195.927681,129.088811166667,35.074427666667,508096.822,3881300.467,0.021,2.080206,route_tangent,15,12.696,,,,,,,0.000000,0.0000,,,STOP_ROUTE_ERROR
195.977821,129.088811166667,35.074427666667,508096.822,3881300.467,0.021,2.080206,route_tangent,15,12.696,,,,,,,0.000000,0.0000,,,STOP_ROUTE_ERROR
196.027695,129.088811166667,35.074427666667,508096.822,3881300.467,0.021,2.080206,route_tangent,15,12.696,,,,,,,0.000000,0.0000,,,STOP_ROUTE_ERROR
196.078011,129.088811166667,35.074427666667,508096.822,3881300.467,0.021,2.080206,route_tangent,15,12.696,,,,,,,0.000000,0.0000,,,STOP_ROUTE_ERROR
196.127540,129.088811166667,35.074427666667,508096.822,3881300.467,0.015,2.080206,route_tangent,15,12.696,,,,,,,0.000000,0.0000,,,STOP_ROUTE_ERROR
196.177691,129.088811166667,35.074427666667,508096.822,3881300.467,0.015,2.080206,route_tangent,15,12.696,,,,,,,0.000000,0.0000,,,STOP_ROUTE_ERROR
196.228889,129.088811166667,35.074427666667,508096.822,3881300.467,0.015,2.080206,route_tangent,15,12.696,,,,,,,0.000000,0.0000,,,STOP_ROUTE_ERROR
196.277855,129.088811166667,35.074427666667,508096.822,3881300.467,0.015,2.080206,route_tangent,15,12.696,,,,,,,0.000000,0.0000,,,STOP_ROUTE_ERROR
196.327791,129.088811166667,35.074427666667,508096.822,3881300.467,0.004,2.080206,route_tangent,15,12.696,,,,,,,0.000000,0.0000,,,STOP_ROUTE_ERROR
196.377484,129.088811166667,35.074427666667,508096.822,3881300.467,0.004,2.080206,route_tangent,15,12.696,,,,,,,0.000000,0.0000,,,STOP_ROUTE_ERROR
196.427565,129.088811166667,35.074427666667,508096.822,3881300.467,0.004,2.080206,route_tangent,15,12.696,,,,,,,0.000000,0.0000,,,STOP_ROUTE_ERROR
196.477758,129.088811166667,35.074427666667,508096.822,3881300.467,0.004,2.080206,route_tangent,15,12.696,,,,,,,0.000000,0.0000,,,STOP_ROUTE_ERROR
196.527502,129.088811166667,35.074427666667,508096.822,3881300.467,0.004,2.080206,route_tangent,15,12.696,,,,,,,0.000000,0.0000,,,STOP_ROUTE_ERROR
196.578121,129.088811166667,35.074427666667,508096.822,3881300.467,0.004,2.080206,route_tangent,15,12.696,,,,,,,0.000000,0.0000,,,STOP_ROUTE_ERROR
196.627510,129.088811166667,35.074427666667,508096.822,3881300.467,0.004,2.080206,route_tangent,15,12.696,,,,,,,0.000000,0.0000,,,STOP_ROUTE_ERROR
196.677909,129.088811166667,35.074427666667,508096.822,3881300.467,0.004,2.080206,route_tangent,15,12.696,,,,,,,0.000000,0.0000,,,STOP_ROUTE_ERROR
196.727480,129.088811166667,35.074427666667,508096.822,3881300.467,0.004,2.080206,route_tangent,15,12.696,,,,,,,0.000000,0.0000,,,STOP_ROUTE_ERROR
196.777574,129.088811166667,35.074427666667,508096.822,3881300.467,0.004,2.080206,route_tangent,15,12.696,,,,,,,0.000000,0.0000,,,STOP_ROUTE_ERROR
196.827441,129.088811166667,35.074427666667,508096.822,3881300.467,0.004,2.080206,route_tangent,15,12.696,,,,,,,0.000000,0.0000,,,STOP_ROUTE_ERROR
196.877904,129.088811166667,35.074427666667,508096.822,3881300.467,0.004,2.080206,route_tangent,15,12.696,,,,,,,0.000000,0.0000,,,STOP_ROUTE_ERROR
196.927486,129.088811166667,35.074427666667,508096.822,3881300.467,0.004,2.080206,route_tangent,15,12.696,,,,,,,0.000000,0.0000,,,STOP_ROUTE_ERROR
196.977583,129.088811166667,35.074427666667,508096.822,3881300.467,0.004,2.080206,route_tangent,15,12.696,,,,,,,0.000000,0.0000,,,STOP_ROUTE_ERROR
197.027863,129.088811166667,35.074427666667,508096.822,3881300.467,0.004,2.080206,route_tangent,15,12.696,,,,,,,0.000000,0.0000,,,STOP_ROUTE_ERROR
197.077877,129.088811166667,35.074427666667,508096.822,3881300.467,0.004,2.080206,route_tangent,15,12.696,,,,,,,0.000000,0.0000,,,STOP_ROUTE_ERROR
197.130717,129.088811166667,35.074427666667,508096.822,3881300.467,0.008,2.080206,route_tangent,15,12.696,,,,,,,0.000000,0.0000,,,STOP_ROUTE_ERROR
197.178438,129.088811166667,35.074427666667,508096.822,3881300.467,0.008,2.080206,route_tangent,15,12.696,,,,,,,0.000000,0.0000,,,STOP_ROUTE_ERROR
197.227555,129.088811166667,35.074427666667,508096.822,3881300.467,0.008,2.080206,route_tangent,15,12.696,,,,,,,0.000000,0.0000,,,STOP_ROUTE_ERROR
197.277602,129.088811166667,35.074427666667,508096.822,3881300.467,0.008,2.080206,route_tangent,15,12.696,,,,,,,0.000000,0.0000,,,STOP_ROUTE_ERROR
197.328635,129.088811333333,35.074427666667,508096.837,3881300.467,0.009,2.080206,route_tangent,15,12.711,,,,,,,0.000000,0.0000,,,STOP_ROUTE_ERROR
197.378863,129.088811333333,35.074427666667,508096.837,3881300.467,0.009,2.080206,route_tangent,15,12.711,,,,,,,0.000000,0.0000,,,STOP_ROUTE_ERROR
197.427560,129.088811333333,35.074427666667,508096.837,3881300.467,0.009,2.080206,route_tangent,15,12.711,,,,,,,0.000000,0.0000,,,STOP_ROUTE_ERROR
197.477822,129.088811333333,35.074427666667,508096.837,3881300.467,0.009,2.080206,route_tangent,15,12.711,,,,,,,0.000000,0.0000,,,STOP_ROUTE_ERROR
197.527720,129.088811333333,35.074427666667,508096.837,3881300.467,0.009,2.080206,route_tangent,15,12.711,,,,,,,0.000000,0.0000,,,STOP_ROUTE_ERROR
197.577943,129.088811166667,35.074427666667,508096.822,3881300.467,0.010,2.080206,route_tangent,15,12.696,,,,,,,0.000000,0.0000,,,STOP_ROUTE_ERROR
197.627461,129.088811166667,35.074427666667,508096.822,3881300.467,0.010,2.080206,route_tangent,15,12.696,,,,,,,0.000000,0.0000,,,STOP_ROUTE_ERROR
197.677811,129.088811166667,35.074427666667,508096.822,3881300.467,0.010,2.080206,route_tangent,15,12.696,,,,,,,0.000000,0.0000,,,STOP_ROUTE_ERROR
197.727499,129.088811166667,35.074427666667,508096.822,3881300.467,0.010,2.080206,route_tangent,15,12.696,,,,,,,0.000000,0.0000,,,STOP_ROUTE_ERROR
197.779563,129.088811166667,35.074427666667,508096.822,3881300.467,0.010,2.080206,route_tangent,15,12.696,,,,,,,0.000000,0.0000,,,STOP_ROUTE_ERROR
197.828101,129.088811333333,35.074427666667,508096.837,3881300.467,0.015,2.080206,route_tangent,15,12.711,,,,,,,0.000000,0.0000,,,STOP_ROUTE_ERROR
197.877535,129.088811333333,35.074427666667,508096.837,3881300.467,0.015,2.080206,route_tangent,15,12.711,,,,,,,0.000000,0.0000,,,STOP_ROUTE_ERROR
197.929780,129.088811333333,35.074427666667,508096.837,3881300.467,0.015,2.080206,route_tangent,15,12.711,,,,,,,0.000000,0.0000,,,STOP_ROUTE_ERROR
197.977555,129.088811333333,35.074427666667,508096.837,3881300.467,0.015,2.080206,route_tangent,15,12.711,,,,,,,0.000000,0.0000,,,STOP_ROUTE_ERROR
198.027595,129.088811333333,35.074427666667,508096.837,3881300.467,0.015,2.080206,route_tangent,15,12.711,,,,,,,0.000000,0.0000,,,STOP_ROUTE_ERROR
198.077806,129.088811333333,35.074427666667,508096.837,3881300.467,0.015,2.080206,route_tangent,15,12.711,,,,,,,0.000000,0.0000,,,STOP_ROUTE_ERROR
198.127526,129.088811166667,35.074427666667,508096.822,3881300.467,0.019,2.080206,route_tangent,15,12.696,,,,,,,0.000000,0.0000,,,STOP_ROUTE_ERROR
198.178835,129.088811166667,35.074427666667,508096.822,3881300.467,0.019,2.080206,route_tangent,15,12.696,,,,,,,0.000000,0.0000,,,STOP_ROUTE_ERROR
198.227568,129.088811166667,35.074427666667,508096.822,3881300.467,0.019,2.080206,route_tangent,15,12.696,,,,,,,0.000000,0.0000,,,STOP_ROUTE_ERROR
198.279248,129.088811166667,35.074427666667,508096.822,3881300.467,0.019,2.080206,route_tangent,15,12.696,,,,,,,0.000000,0.0000,,,STOP_ROUTE_ERROR
198.327453,129.088811333333,35.074427666667,508096.837,3881300.467,0.003,2.080206,route_tangent,15,12.711,,,,,,,0.000000,0.0000,,,STOP_ROUTE_ERROR
198.377978,129.088811333333,35.074427666667,508096.837,3881300.467,0.003,2.080206,route_tangent,15,12.711,,,,,,,0.000000,0.0000,,,STOP_ROUTE_ERROR
198.427688,129.088811333333,35.074427666667,508096.837,3881300.467,0.003,2.080206,route_tangent,15,12.711,,,,,,,0.000000,0.0000,,,STOP_ROUTE_ERROR
198.477789,129.088811333333,35.074427666667,508096.837,3881300.467,0.003,2.080206,route_tangent,15,12.711,,,,,,,0.000000,0.0000,,,STOP_ROUTE_ERROR
198.527593,129.088811333333,35.074427666667,508096.837,3881300.467,0.003,2.080206,route_tangent,15,12.711,,,,,,,0.000000,0.0000,,,STOP_ROUTE_ERROR
198.577714,129.088811166667,35.074427666667,508096.822,3881300.467,0.003,2.080206,route_tangent,15,12.696,,,,,,,0.000000,0.0000,,,STOP_ROUTE_ERROR
198.627813,129.088811166667,35.074427666667,508096.822,3881300.467,0.003,2.080206,route_tangent,15,12.696,,,,,,,0.000000,0.0000,,,STOP_ROUTE_ERROR
198.677774,129.088811166667,35.074427666667,508096.822,3881300.467,0.003,2.080206,route_tangent,15,12.696,,,,,,,0.000000,0.0000,,,STOP_ROUTE_ERROR
198.729003,129.088811166667,35.074427666667,508096.822,3881300.467,0.003,2.080206,route_tangent,15,12.696,,,,,,,0.000000,0.0000,,,STOP_ROUTE_ERROR
198.777494,129.088811166667,35.074427666667,508096.822,3881300.467,0.003,2.080206,route_tangent,15,12.696,,,,,,,0.000000,0.0000,,,STOP_ROUTE_ERROR
198.829212,129.088811333333,35.074427666667,508096.837,3881300.467,0.003,2.080206,route_tangent,15,12.711,,,,,,,0.000000,0.0000,,,STOP_ROUTE_ERROR
198.877601,129.088811333333,35.074427666667,508096.837,3881300.467,0.003,2.080206,route_tangent,15,12.711,,,,,,,0.000000,0.0000,,,STOP_ROUTE_ERROR
198.927486,129.088811333333,35.074427666667,508096.837,3881300.467,0.003,2.080206,route_tangent,15,12.711,,,,,,,0.000000,0.0000,,,STOP_ROUTE_ERROR
198.977732,129.088811333333,35.074427666667,508096.837,3881300.467,0.003,2.080206,route_tangent,15,12.711,,,,,,,0.000000,0.0000,,,STOP_ROUTE_ERROR
199.027503,129.088811333333,35.074427666667,508096.837,3881300.467,0.003,2.080206,route_tangent,15,12.711,,,,,,,0.000000,0.0000,,,STOP_ROUTE_ERROR
199.077862,129.088811333333,35.074427666667,508096.837,3881300.467,0.003,2.080206,route_tangent,15,12.711,,,,,,,0.000000,0.0000,,,STOP_ROUTE_ERROR
199.127492,129.088811166667,35.074427666667,508096.822,3881300.467,0.021,2.080206,route_tangent,15,12.696,,,,,,,0.000000,0.0000,,,STOP_ROUTE_ERROR
199.177739,129.088811166667,35.074427666667,508096.822,3881300.467,0.021,2.080206,route_tangent,15,12.696,,,,,,,0.000000,0.0000,,,STOP_ROUTE_ERROR
199.227609,129.088811166667,35.074427666667,508096.822,3881300.467,0.021,2.080206,route_tangent,15,12.696,,,,,,,0.000000,0.0000,,,STOP_ROUTE_ERROR
199.277501,129.088811166667,35.074427666667,508096.822,3881300.467,0.021,2.080206,route_tangent,15,12.696,,,,,,,0.000000,0.0000,,,STOP_ROUTE_ERROR
199.327486,129.088811333333,35.074427666667,508096.837,3881300.467,0.019,2.080206,route_tangent,15,12.711,,,,,,,0.000000,0.0000,,,STOP_ROUTE_ERROR
199.378012,129.088811333333,35.074427666667,508096.837,3881300.467,0.019,2.080206,route_tangent,15,12.711,,,,,,,0.000000,0.0000,,,STOP_ROUTE_ERROR
199.427612,129.088811333333,35.074427666667,508096.837,3881300.467,0.019,2.080206,route_tangent,15,12.711,,,,,,,0.000000,0.0000,,,STOP_ROUTE_ERROR
199.477538,129.088811333333,35.074427666667,508096.837,3881300.467,0.019,2.080206,route_tangent,15,12.711,,,,,,,0.000000,0.0000,,,STOP_ROUTE_ERROR
199.528803,129.088811333333,35.074427666667,508096.837,3881300.467,0.019,2.080206,route_tangent,15,12.711,,,,,,,0.000000,0.0000,,,STOP_ROUTE_ERROR
199.577567,129.088811333333,35.074427666667,508096.837,3881300.467,0.019,2.080206,route_tangent,15,12.711,,,,,,,0.000000,0.0000,,,STOP_ROUTE_ERROR
199.627573,129.088811333333,35.074427666667,508096.837,3881300.467,0.019,2.080206,route_tangent,15,12.711,,,,,,,0.000000,0.0000,,,STOP_ROUTE_ERROR
199.678333,129.088811333333,35.074427666667,508096.837,3881300.467,0.019,2.080206,route_tangent,15,12.711,,,,,,,0.000000,0.0000,,,STOP_ROUTE_ERROR
199.727582,129.088811333333,35.074427666667,508096.837,3881300.467,0.019,2.080206,route_tangent,15,12.711,,,,,,,0.000000,0.0000,,,STOP_ROUTE_ERROR
199.777715,129.088811333333,35.074427666667,508096.837,3881300.467,0.019,2.080206,route_tangent,15,12.711,,,,,,,0.000000,0.0000,,,STOP_ROUTE_ERROR
199.827514,129.088811166667,35.074427666667,508096.822,3881300.467,0.007,2.080206,route_tangent,15,12.696,,,,,,,0.000000,0.0000,,,STOP_ROUTE_ERROR
199.877886,129.088811166667,35.074427666667,508096.822,3881300.467,0.007,2.080206,route_tangent,15,12.696,,,,,,,0.000000,0.0000,,,STOP_ROUTE_ERROR
199.927465,129.088811166667,35.074427666667,508096.822,3881300.467,0.007,2.080206,route_tangent,15,12.696,,,,,,,0.000000,0.0000,,,STOP_ROUTE_ERROR
199.977610,129.088811166667,35.074427666667,508096.822,3881300.467,0.007,2.080206,route_tangent,15,12.696,,,,,,,0.000000,0.0000,,,STOP_ROUTE_ERROR
200.027909,129.088811166667,35.074427666667,508096.822,3881300.467,0.007,2.080206,route_tangent,15,12.696,,,,,,,0.000000,0.0000,,,STOP_ROUTE_ERROR
200.077497,129.088811166667,35.074427666667,508096.822,3881300.467,0.007,2.080206,route_tangent,15,12.696,,,,,,,0.000000,0.0000,,,STOP_ROUTE_ERROR
200.127757,129.088811166667,35.074427666667,508096.822,3881300.467,0.007,2.080206,route_tangent,15,12.696,,,,,,,0.000000,0.0000,,,STOP_ROUTE_ERROR
200.177654,129.088811166667,35.074427666667,508096.822,3881300.467,0.007,2.080206,route_tangent,15,12.696,,,,,,,0.000000,0.0000,,,STOP_ROUTE_ERROR
200.229279,129.088811166667,35.074427666667,508096.822,3881300.467,0.007,2.080206,route_tangent,15,12.696,,,,,,,0.000000,0.0000,,,STOP_ROUTE_ERROR
200.277544,129.088811166667,35.074427666667,508096.822,3881300.467,0.007,2.080206,route_tangent,15,12.696,,,,,,,0.000000,0.0000,,,STOP_ROUTE_ERROR
200.329066,129.088811333333,35.074427666667,508096.837,3881300.467,0.007,2.080206,route_tangent,15,12.711,,,,,,,0.000000,0.0000,,,STOP_ROUTE_ERROR
200.377486,129.088811333333,35.074427666667,508096.837,3881300.467,0.007,2.080206,route_tangent,15,12.711,,,,,,,0.000000,0.0000,,,STOP_ROUTE_ERROR
200.427539,129.088811333333,35.074427666667,508096.837,3881300.467,0.007,2.080206,route_tangent,15,12.711,,,,,,,0.000000,0.0000,,,STOP_ROUTE_ERROR
200.477933,129.088811333333,35.074427666667,508096.837,3881300.467,0.007,2.080206,route_tangent,15,12.711,,,,,,,0.000000,0.0000,,,STOP_ROUTE_ERROR
200.527537,129.088811333333,35.074427666667,508096.837,3881300.467,0.007,2.080206,route_tangent,15,12.711,,,,,,,0.000000,0.0000,,,STOP_ROUTE_ERROR
200.577577,129.088811333333,35.074427666667,508096.837,3881300.467,0.007,2.080206,route_tangent,15,12.711,,,,,,,0.000000,0.0000,,,STOP_ROUTE_ERROR
200.627491,129.088811333333,35.074427666667,508096.837,3881300.467,0.007,2.080206,route_tangent,15,12.711,,,,,,,0.000000,0.0000,,,STOP_ROUTE_ERROR
200.677866,129.088811333333,35.074427666667,508096.837,3881300.467,0.007,2.080206,route_tangent,15,12.711,,,,,,,0.000000,0.0000,,,STOP_ROUTE_ERROR
200.727537,129.088811333333,35.074427666667,508096.837,3881300.467,0.007,2.080206,route_tangent,15,12.711,,,,,,,0.000000,0.0000,,,STOP_ROUTE_ERROR
200.777882,129.088811333333,35.074427666667,508096.837,3881300.467,0.007,2.080206,route_tangent,15,12.711,,,,,,,0.000000,0.0000,,,STOP_ROUTE_ERROR
200.827553,129.088811333333,35.074427666667,508096.837,3881300.467,0.007,2.080206,route_tangent,15,12.711,,,,,,,0.000000,0.0000,,,STOP_ROUTE_ERROR
200.877746,129.088811333333,35.074427666667,508096.837,3881300.467,0.007,2.080206,route_tangent,15,12.711,,,,,,,0.000000,0.0000,,,STOP_ROUTE_ERROR
200.927506,129.088811333333,35.074427666667,508096.837,3881300.467,0.007,2.080206,route_tangent,15,12.711,,,,,,,0.000000,0.0000,,,STOP_ROUTE_ERROR
200.977577,129.088811333333,35.074427666667,508096.837,3881300.467,0.007,2.080206,route_tangent,15,12.711,,,,,,,0.000000,0.0000,,,STOP_ROUTE_ERROR
201.028327,129.088811333333,35.074427666667,508096.837,3881300.467,0.007,2.080206,route_tangent,15,12.711,,,,,,,0.000000,0.0000,,,STOP_ROUTE_ERROR
201.077621,129.088811333333,35.074427666667,508096.837,3881300.467,0.007,2.080206,route_tangent,15,12.711,,,,,,,0.000000,0.0000,,,STOP_ROUTE_ERROR
201.128213,129.088811333333,35.074427666667,508096.837,3881300.467,0.019,2.080206,route_tangent,15,12.711,,,,,,,0.000000,0.0000,,,STOP_ROUTE_ERROR
201.177748,129.088811333333,35.074427666667,508096.837,3881300.467,0.019,2.080206,route_tangent,15,12.711,,,,,,,0.000000,0.0000,,,STOP_ROUTE_ERROR
201.227527,129.088811333333,35.074427666667,508096.837,3881300.467,0.019,2.080206,route_tangent,15,12.711,,,,,,,0.000000,0.0000,,,STOP_ROUTE_ERROR
201.277541,129.088811333333,35.074427666667,508096.837,3881300.467,0.019,2.080206,route_tangent,15,12.711,,,,,,,0.000000,0.0000,,,STOP_ROUTE_ERROR
201.327714,129.088811333333,35.074427666667,508096.837,3881300.467,0.007,2.080206,route_tangent,15,12.711,,,,,,,0.000000,0.0000,,,STOP_ROUTE_ERROR
201.377597,129.088811333333,35.074427666667,508096.837,3881300.467,0.007,2.080206,route_tangent,15,12.711,,,,,,,0.000000,0.0000,,,STOP_ROUTE_ERROR
201.427500,129.088811333333,35.074427666667,508096.837,3881300.467,0.007,2.080206,route_tangent,15,12.711,,,,,,,0.000000,0.0000,,,STOP_ROUTE_ERROR
201.477804,129.088811333333,35.074427666667,508096.837,3881300.467,0.007,2.080206,route_tangent,15,12.711,,,,,,,0.000000,0.0000,,,STOP_ROUTE_ERROR
201.527548,129.088811333333,35.074427666667,508096.837,3881300.467,0.007,2.080206,route_tangent,15,12.711,,,,,,,0.000000,0.0000,,,STOP_ROUTE_ERROR
201.577449,129.088811333333,35.074427666667,508096.837,3881300.467,0.013,2.080206,route_tangent,15,12.711,,,,,,,0.000000,0.0000,,,STOP_ROUTE_ERROR
201.627510,129.088811333333,35.074427666667,508096.837,3881300.467,0.013,2.080206,route_tangent,15,12.711,,,,,,,0.000000,0.0000,,,STOP_ROUTE_ERROR
201.677926,129.088811333333,35.074427666667,508096.837,3881300.467,0.013,2.080206,route_tangent,15,12.711,,,,,,,0.000000,0.0000,,,STOP_ROUTE_ERROR
201.727916,129.088811333333,35.074427666667,508096.837,3881300.467,0.013,2.080206,route_tangent,15,12.711,,,,,,,0.000000,0.0000,,,STOP_ROUTE_ERROR
201.777567,129.088811333333,35.074427666667,508096.837,3881300.467,0.013,2.080206,route_tangent,15,12.711,,,,,,,0.000000,0.0000,,,STOP_ROUTE_ERROR
201.828236,129.088811333333,35.074427666667,508096.837,3881300.467,0.015,2.080206,route_tangent,15,12.711,,,,,,,0.000000,0.0000,,,STOP_ROUTE_ERROR
201.877543,129.088811333333,35.074427666667,508096.837,3881300.467,0.015,2.080206,route_tangent,15,12.711,,,,,,,0.000000,0.0000,,,STOP_ROUTE_ERROR
201.927686,129.088811333333,35.074427666667,508096.837,3881300.467,0.015,2.080206,route_tangent,15,12.711,,,,,,,0.000000,0.0000,,,STOP_ROUTE_ERROR
201.977653,129.088811333333,35.074427666667,508096.837,3881300.467,0.015,2.080206,route_tangent,15,12.711,,,,,,,0.000000,0.0000,,,STOP_ROUTE_ERROR
202.027502,129.088811333333,35.074427666667,508096.837,3881300.467,0.015,2.080206,route_tangent,15,12.711,,,,,,,0.000000,0.0000,,,STOP_ROUTE_ERROR
202.077658,129.088811333333,35.074427666667,508096.837,3881300.467,0.015,2.080206,route_tangent,15,12.711,,,,,,,0.000000,0.0000,,,STOP_ROUTE_ERROR
202.127517,129.088811333333,35.074427666667,508096.837,3881300.467,0.034,2.080206,route_tangent,15,12.711,,,,,,,0.000000,0.0000,,,STOP_ROUTE_ERROR
202.177670,129.088811333333,35.074427666667,508096.837,3881300.467,0.034,2.080206,route_tangent,15,12.711,,,,,,,0.000000,0.0000,,,STOP_ROUTE_ERROR
202.227503,129.088811333333,35.074427666667,508096.837,3881300.467,0.034,2.080206,route_tangent,15,12.711,,,,,,,0.000000,0.0000,,,STOP_ROUTE_ERROR
202.278758,129.088811333333,35.074427666667,508096.837,3881300.467,0.034,2.080206,route_tangent,15,12.711,,,,,,,0.000000,0.0000,,,STOP_ROUTE_ERROR
202.327355,129.088811333333,35.074427666667,508096.837,3881300.467,0.007,2.080206,route_tangent,15,12.711,,,,,,,0.000000,0.0000,,,STOP_ROUTE_ERROR
202.379700,129.088811333333,35.074427666667,508096.837,3881300.467,0.007,2.080206,route_tangent,15,12.711,,,,,,,0.000000,0.0000,,,STOP_ROUTE_ERROR
202.427512,129.088811333333,35.074427666667,508096.837,3881300.467,0.007,2.080206,route_tangent,15,12.711,,,,,,,0.000000,0.0000,,,STOP_ROUTE_ERROR
202.477439,129.088811333333,35.074427666667,508096.837,3881300.467,0.007,2.080206,route_tangent,15,12.711,,,,,,,0.000000,0.0000,,,STOP_ROUTE_ERROR
202.527653,129.088811333333,35.074427666667,508096.837,3881300.467,0.007,2.080206,route_tangent,15,12.711,,,,,,,0.000000,0.0000,,,STOP_ROUTE_ERROR
202.577693,129.088811333333,35.074427666667,508096.837,3881300.467,0.012,2.080206,route_tangent,15,12.711,,,,,,,0.000000,0.0000,,,STOP_ROUTE_ERROR
202.629000,129.088811333333,35.074427666667,508096.837,3881300.467,0.012,2.080206,route_tangent,15,12.711,,,,,,,0.000000,0.0000,,,STOP_ROUTE_ERROR
202.678000,129.088811333333,35.074427666667,508096.837,3881300.467,0.012,2.080206,route_tangent,15,12.711,,,,,,,0.000000,0.0000,,,STOP_ROUTE_ERROR
202.728090,129.088811333333,35.074427666667,508096.837,3881300.467,0.012,2.080206,route_tangent,15,12.711,,,,,,,0.000000,0.0000,,,STOP_ROUTE_ERROR
202.777993,129.088811333333,35.074427666667,508096.837,3881300.467,0.012,2.080206,route_tangent,15,12.711,,,,,,,0.000000,0.0000,,,STOP_ROUTE_ERROR
202.827579,129.088811333333,35.074427666667,508096.837,3881300.467,0.012,2.080206,route_tangent,15,12.711,,,,,,,0.000000,0.0000,,,STOP_ROUTE_ERROR
202.877506,129.088811333333,35.074427666667,508096.837,3881300.467,0.006,2.080206,route_tangent,15,12.711,,,,,,,0.000000,0.0000,,,STOP_ROUTE_ERROR
202.927493,129.088811333333,35.074427666667,508096.837,3881300.467,0.006,2.080206,route_tangent,15,12.711,,,,,,,0.000000,0.0000,,,STOP_ROUTE_ERROR
202.977539,129.088811333333,35.074427666667,508096.837,3881300.467,0.006,2.080206,route_tangent,15,12.711,,,,,,,0.000000,0.0000,,,STOP_ROUTE_ERROR
203.027720,129.088811333333,35.074427666667,508096.837,3881300.467,0.006,2.080206,route_tangent,15,12.711,,,,,,,0.000000,0.0000,,,STOP_ROUTE_ERROR
203.079589,129.088811333333,35.074427666667,508096.837,3881300.467,0.006,2.080206,route_tangent,15,12.711,,,,,,,0.000000,0.0000,,,STOP_ROUTE_ERROR
203.127509,129.088811333333,35.074427666667,508096.837,3881300.467,0.016,2.080206,route_tangent,15,12.711,,,,,,,0.000000,0.0000,,,STOP_ROUTE_ERROR
203.177662,129.088811333333,35.074427666667,508096.837,3881300.467,0.016,2.080206,route_tangent,15,12.711,,,,,,,0.000000,0.0000,,,STOP_ROUTE_ERROR
203.227656,129.088811333333,35.074427666667,508096.837,3881300.467,0.016,2.080206,route_tangent,15,12.711,,,,,,,0.000000,0.0000,,,STOP_ROUTE_ERROR
203.277491,129.088811333333,35.074427666667,508096.837,3881300.467,0.016,2.080206,route_tangent,15,12.711,,,,,,,0.000000,0.0000,,,STOP_ROUTE_ERROR
203.327525,129.088811333333,35.074427666667,508096.837,3881300.467,0.016,2.080206,route_tangent,15,12.711,,,,,,,0.000000,0.0000,,,STOP_ROUTE_ERROR
203.377596,129.088811333333,35.074427666667,508096.837,3881300.467,0.016,2.080206,route_tangent,15,12.711,,,,,,,0.000000,0.0000,,,STOP_ROUTE_ERROR
203.428855,129.088811333333,35.074427666667,508096.837,3881300.467,0.016,2.080206,route_tangent,15,12.711,,,,,,,0.000000,0.0000,,,STOP_ROUTE_ERROR
203.477746,129.088811333333,35.074427666667,508096.837,3881300.467,0.016,2.080206,route_tangent,15,12.711,,,,,,,0.000000,0.0000,,,STOP_ROUTE_ERROR
203.528138,129.088811333333,35.074427666667,508096.837,3881300.467,0.016,2.080206,route_tangent,15,12.711,,,,,,,0.000000,0.0000,,,STOP_ROUTE_ERROR
203.577538,129.088811333333,35.074427666667,508096.837,3881300.467,0.009,2.080206,route_tangent,15,12.711,,,,,,,0.000000,0.0000,,,STOP_ROUTE_ERROR
203.627610,129.088811333333,35.074427666667,508096.837,3881300.467,0.009,2.080206,route_tangent,15,12.711,,,,,,,0.000000,0.0000,,,STOP_ROUTE_ERROR
203.677552,129.088811333333,35.074427666667,508096.837,3881300.467,0.009,2.080206,route_tangent,15,12.711,,,,,,,0.000000,0.0000,,,STOP_ROUTE_ERROR
203.727530,129.088811333333,35.074427666667,508096.837,3881300.467,0.009,2.080206,route_tangent,15,12.711,,,,,,,0.000000,0.0000,,,STOP_ROUTE_ERROR
203.779250,129.088811333333,35.074427666667,508096.837,3881300.467,0.009,2.080206,route_tangent,15,12.711,,,,,,,0.000000,0.0000,,,STOP_ROUTE_ERROR
203.827541,129.088811333333,35.074427666667,508096.837,3881300.467,0.016,2.080206,route_tangent,15,12.711,,,,,,,0.000000,0.0000,,,STOP_ROUTE_ERROR
203.877856,129.088811333333,35.074427666667,508096.837,3881300.467,0.016,2.080206,route_tangent,15,12.711,,,,,,,0.000000,0.0000,,,STOP_ROUTE_ERROR
203.927506,129.088811333333,35.074427666667,508096.837,3881300.467,0.016,2.080206,route_tangent,15,12.711,,,,,,,0.000000,0.0000,,,STOP_ROUTE_ERROR
203.977848,129.088811333333,35.074427666667,508096.837,3881300.467,0.016,2.080206,route_tangent,15,12.711,,,,,,,0.000000,0.0000,,,STOP_ROUTE_ERROR
204.027576,129.088811333333,35.074427666667,508096.837,3881300.467,0.016,2.080206,route_tangent,15,12.711,,,,,,,0.000000,0.0000,,,STOP_ROUTE_ERROR
204.077653,129.088811333333,35.074427666667,508096.837,3881300.467,0.016,2.080206,route_tangent,15,12.711,,,,,,,0.000000,0.0000,,,STOP_ROUTE_ERROR
204.127712,129.088811333333,35.074427666667,508096.837,3881300.467,0.016,2.080206,route_tangent,15,12.711,,,,,,,0.000000,0.0000,,,STOP_ROUTE_ERROR
204.177990,129.088811333333,35.074427666667,508096.837,3881300.467,0.016,2.080206,route_tangent,15,12.711,,,,,,,0.000000,0.0000,,,STOP_ROUTE_ERROR
204.227519,129.088811333333,35.074427666667,508096.837,3881300.467,0.016,2.080206,route_tangent,15,12.711,,,,,,,0.000000,0.0000,,,STOP_ROUTE_ERROR
204.277851,129.088811333333,35.074427666667,508096.837,3881300.467,0.016,2.080206,route_tangent,15,12.711,,,,,,,0.000000,0.0000,,,STOP_ROUTE_ERROR
204.327630,129.088811333333,35.074427666667,508096.837,3881300.467,0.048,2.080206,route_tangent,15,12.711,,,,,,,0.000000,0.0000,,,STOP_ROUTE_ERROR
204.377493,129.088811333333,35.074427666667,508096.837,3881300.467,0.048,2.080206,route_tangent,15,12.711,,,,,,,0.000000,0.0000,,,STOP_ROUTE_ERROR
204.428560,129.088811333333,35.074427666667,508096.837,3881300.467,0.048,2.080206,route_tangent,15,12.711,,,,,,,0.000000,0.0000,,,STOP_ROUTE_ERROR
204.477506,129.088811333333,35.074427666667,508096.837,3881300.467,0.048,2.080206,route_tangent,15,12.711,,,,,,,0.000000,0.0000,,,STOP_ROUTE_ERROR
204.528417,129.088811333333,35.074427666667,508096.837,3881300.467,0.048,2.080206,route_tangent,15,12.711,,,,,,,0.000000,0.0000,,,STOP_ROUTE_ERROR
204.577838,129.088811333333,35.074427666667,508096.837,3881300.467,0.029,2.080206,route_tangent,15,12.711,,,,,,,0.000000,0.0000,,,STOP_ROUTE_ERROR
204.627440,129.088811333333,35.074427666667,508096.837,3881300.467,0.029,2.080206,route_tangent,15,12.711,,,,,,,0.000000,0.0000,,,STOP_ROUTE_ERROR
204.677613,129.088811333333,35.074427666667,508096.837,3881300.467,0.029,2.080206,route_tangent,15,12.711,,,,,,,0.000000,0.0000,,,STOP_ROUTE_ERROR
204.727786,129.088811333333,35.074427666667,508096.837,3881300.467,0.029,2.080206,route_tangent,15,12.711,,,,,,,0.000000,0.0000,,,STOP_ROUTE_ERROR
204.783167,129.088811333333,35.074427666667,508096.837,3881300.467,0.029,2.080206,route_tangent,15,12.711,,,,,,,0.000000,0.0000,,,STOP_ROUTE_ERROR
204.827625,129.088811333333,35.074427666667,508096.837,3881300.467,0.012,2.080206,route_tangent,15,12.711,,,,,,,0.000000,0.0000,,,STOP_ROUTE_ERROR
204.877584,129.088811333333,35.074427666667,508096.837,3881300.467,0.012,2.080206,route_tangent,15,12.711,,,,,,,0.000000,0.0000,,,STOP_ROUTE_ERROR
204.927639,129.088811333333,35.074427666667,508096.837,3881300.467,0.012,2.080206,route_tangent,15,12.711,,,,,,,0.000000,0.0000,,,STOP_ROUTE_ERROR
204.977684,129.088811333333,35.074427666667,508096.837,3881300.467,0.012,2.080206,route_tangent,15,12.711,,,,,,,0.000000,0.0000,,,STOP_ROUTE_ERROR
205.027742,129.088811333333,35.074427666667,508096.837,3881300.467,0.012,2.080206,route_tangent,15,12.711,,,,,,,0.000000,0.0000,,,STOP_ROUTE_ERROR
205.077575,129.088811333333,35.074427666667,508096.837,3881300.467,0.012,2.080206,route_tangent,15,12.711,,,,,,,0.000000,0.0000,,,STOP_ROUTE_ERROR
205.128251,129.088811333333,35.074427666667,508096.837,3881300.467,0.021,2.080206,route_tangent,15,12.711,,,,,,,0.000000,0.0000,,,STOP_ROUTE_ERROR
205.177448,129.088811333333,35.074427666667,508096.837,3881300.467,0.021,2.080206,route_tangent,15,12.711,,,,,,,0.000000,0.0000,,,STOP_ROUTE_ERROR
205.227845,129.088811333333,35.074427666667,508096.837,3881300.467,0.021,2.080206,route_tangent,15,12.711,,,,,,,0.000000,0.0000,,,STOP_ROUTE_ERROR
205.277500,129.088811333333,35.074427666667,508096.837,3881300.467,0.021,2.080206,route_tangent,15,12.711,,,,,,,0.000000,0.0000,,,STOP_ROUTE_ERROR
205.327445,129.088811333333,35.074427666667,508096.837,3881300.467,0.007,2.080206,route_tangent,15,12.711,,,,,,,0.000000,0.0000,,,STOP_ROUTE_ERROR
205.377893,129.088811333333,35.074427666667,508096.837,3881300.467,0.007,2.080206,route_tangent,15,12.711,,,,,,,0.000000,0.0000,,,STOP_ROUTE_ERROR
205.427499,129.088811333333,35.074427666667,508096.837,3881300.467,0.007,2.080206,route_tangent,15,12.711,,,,,,,0.000000,0.0000,,,STOP_ROUTE_ERROR
205.478003,129.088811333333,35.074427666667,508096.837,3881300.467,0.007,2.080206,route_tangent,15,12.711,,,,,,,0.000000,0.0000,,,STOP_ROUTE_ERROR
205.527524,129.088811333333,35.074427666667,508096.837,3881300.467,0.007,2.080206,route_tangent,15,12.711,,,,,,,0.000000,0.0000,,,STOP_ROUTE_ERROR
205.577828,129.088811333333,35.074427666667,508096.837,3881300.467,0.014,2.080206,route_tangent,15,12.711,,,,,,,0.000000,0.0000,,,STOP_ROUTE_ERROR
205.627441,129.088811333333,35.074427666667,508096.837,3881300.467,0.014,2.080206,route_tangent,15,12.711,,,,,,,0.000000,0.0000,,,STOP_ROUTE_ERROR
205.681420,129.088811333333,35.074427666667,508096.837,3881300.467,0.014,2.080206,route_tangent,15,12.711,,,,,,,0.000000,0.0000,,,STOP_ROUTE_ERROR
205.727696,129.088811333333,35.074427666667,508096.837,3881300.467,0.014,2.080206,route_tangent,15,12.711,,,,,,,0.000000,0.0000,,,STOP_ROUTE_ERROR
205.777608,129.088811333333,35.074427666667,508096.837,3881300.467,0.014,2.080206,route_tangent,15,12.711,,,,,,,0.000000,0.0000,,,STOP_ROUTE_ERROR
205.827756,129.088811333333,35.074427500000,508096.837,3881300.448,0.041,2.080206,route_tangent,15,12.715,,,,,,,0.000000,0.0000,,,STOP_ROUTE_ERROR
205.877552,129.088811333333,35.074427500000,508096.837,3881300.448,0.041,2.080206,route_tangent,15,12.715,,,,,,,0.000000,0.0000,,,STOP_ROUTE_ERROR
205.927691,129.088811333333,35.074427500000,508096.837,3881300.448,0.041,2.080206,route_tangent,15,12.715,,,,,,,0.000000,0.0000,,,STOP_ROUTE_ERROR
205.977981,129.088811333333,35.074427500000,508096.837,3881300.448,0.041,2.080206,route_tangent,15,12.715,,,,,,,0.000000,0.0000,,,STOP_ROUTE_ERROR
206.029626,129.088811333333,35.074427500000,508096.837,3881300.448,0.041,2.080206,route_tangent,15,12.715,,,,,,,0.000000,0.0000,,,STOP_ROUTE_ERROR
206.077448,129.088811333333,35.074427500000,508096.837,3881300.448,0.041,2.080206,route_tangent,15,12.715,,,,,,,0.000000,0.0000,,,STOP_ROUTE_ERROR
206.128272,129.088811333333,35.074427666667,508096.837,3881300.467,0.015,2.080206,route_tangent,15,12.711,,,,,,,0.000000,0.0000,,,STOP_ROUTE_ERROR
206.177753,129.088811333333,35.074427666667,508096.837,3881300.467,0.015,2.080206,route_tangent,15,12.711,,,,,,,0.000000,0.0000,,,STOP_ROUTE_ERROR
206.227485,129.088811333333,35.074427666667,508096.837,3881300.467,0.015,2.080206,route_tangent,15,12.711,,,,,,,0.000000,0.0000,,,STOP_ROUTE_ERROR
206.277565,129.088811333333,35.074427666667,508096.837,3881300.467,0.015,2.080206,route_tangent,15,12.711,,,,,,,0.000000,0.0000,,,STOP_ROUTE_ERROR
206.327498,129.088811333333,35.074427500000,508096.837,3881300.448,0.010,2.080206,route_tangent,15,12.715,,,,,,,0.000000,0.0000,,,STOP_ROUTE_ERROR
206.377692,129.088811333333,35.074427500000,508096.837,3881300.448,0.010,2.080206,route_tangent,15,12.715,,,,,,,0.000000,0.0000,,,STOP_ROUTE_ERROR
206.427545,129.088811333333,35.074427500000,508096.837,3881300.448,0.010,2.080206,route_tangent,15,12.715,,,,,,,0.000000,0.0000,,,STOP_ROUTE_ERROR
206.477769,129.088811333333,35.074427500000,508096.837,3881300.448,0.010,2.080206,route_tangent,15,12.715,,,,,,,0.000000,0.0000,,,STOP_ROUTE_ERROR
206.527854,129.088811333333,35.074427500000,508096.837,3881300.448,0.010,2.080206,route_tangent,15,12.715,,,,,,,0.000000,0.0000,,,STOP_ROUTE_ERROR
206.577993,129.088811333333,35.074427666667,508096.837,3881300.467,0.014,2.080206,route_tangent,15,12.711,,,,,,,0.000000,0.0000,,,STOP_ROUTE_ERROR
206.627952,129.088811333333,35.074427666667,508096.837,3881300.467,0.014,2.080206,route_tangent,15,12.711,,,,,,,0.000000,0.0000,,,STOP_ROUTE_ERROR
206.677481,129.088811333333,35.074427666667,508096.837,3881300.467,0.014,2.080206,route_tangent,15,12.711,,,,,,,0.000000,0.0000,,,STOP_ROUTE_ERROR
206.727704,129.088811333333,35.074427666667,508096.837,3881300.467,0.014,2.080206,route_tangent,15,12.711,,,,,,,0.000000,0.0000,,,STOP_ROUTE_ERROR
206.777664,129.088811333333,35.074427666667,508096.837,3881300.467,0.014,2.080206,route_tangent,15,12.711,,,,,,,0.000000,0.0000,,,STOP_ROUTE_ERROR
206.827721,129.088811333333,35.074427666667,508096.837,3881300.467,0.014,2.080206,route_tangent,15,12.711,,,,,,,0.000000,0.0000,,,STOP_ROUTE_ERROR
206.877908,129.088811333333,35.074427666667,508096.837,3881300.467,0.009,2.080206,route_tangent,15,12.711,,,,,,,0.000000,0.0000,,,STOP_ROUTE_ERROR
206.927579,129.088811333333,35.074427666667,508096.837,3881300.467,0.009,2.080206,route_tangent,15,12.711,,,,,,,0.000000,0.0000,,,STOP_ROUTE_ERROR
206.977829,129.088811333333,35.074427666667,508096.837,3881300.467,0.009,2.080206,route_tangent,15,12.711,,,,,,,0.000000,0.0000,,,STOP_ROUTE_ERROR
207.027522,129.088811333333,35.074427666667,508096.837,3881300.467,0.009,2.080206,route_tangent,15,12.711,,,,,,,0.000000,0.0000,,,STOP_ROUTE_ERROR
207.077610,129.088811333333,35.074427666667,508096.837,3881300.467,0.009,2.080206,route_tangent,15,12.711,,,,,,,0.000000,0.0000,,,STOP_ROUTE_ERROR
207.127647,129.088811333333,35.074427500000,508096.837,3881300.448,0.019,2.080206,route_tangent,15,12.715,,,,,,,0.000000,0.0000,,,STOP_ROUTE_ERROR
207.178717,129.088811333333,35.074427500000,508096.837,3881300.448,0.019,2.080206,route_tangent,15,12.715,,,,,,,0.000000,0.0000,,,STOP_ROUTE_ERROR
207.227688,129.088811333333,35.074427500000,508096.837,3881300.448,0.019,2.080206,route_tangent,15,12.715,,,,,,,0.000000,0.0000,,,STOP_ROUTE_ERROR
207.277684,129.088811333333,35.074427500000,508096.837,3881300.448,0.019,2.080206,route_tangent,15,12.715,,,,,,,0.000000,0.0000,,,STOP_ROUTE_ERROR
207.327885,129.088811333333,35.074427666667,508096.837,3881300.467,0.006,2.080206,route_tangent,15,12.711,,,,,,,0.000000,0.0000,,,STOP_ROUTE_ERROR
207.379598,129.088811333333,35.074427666667,508096.837,3881300.467,0.006,2.080206,route_tangent,15,12.711,,,,,,,0.000000,0.0000,,,STOP_ROUTE_ERROR
207.427524,129.088811333333,35.074427666667,508096.837,3881300.467,0.006,2.080206,route_tangent,15,12.711,,,,,,,0.000000,0.0000,,,STOP_ROUTE_ERROR
207.477806,129.088811333333,35.074427666667,508096.837,3881300.467,0.006,2.080206,route_tangent,15,12.711,,,,,,,0.000000,0.0000,,,STOP_ROUTE_ERROR
207.527905,129.088811333333,35.074427666667,508096.837,3881300.467,0.006,2.080206,route_tangent,15,12.711,,,,,,,0.000000,0.0000,,,STOP_ROUTE_ERROR
207.577595,129.088811333333,35.074427500000,508096.837,3881300.448,0.005,2.080206,route_tangent,15,12.715,,,,,,,0.000000,0.0000,,,STOP_ROUTE_ERROR
207.627544,129.088811333333,35.074427500000,508096.837,3881300.448,0.005,2.080206,route_tangent,15,12.715,,,,,,,0.000000,0.0000,,,STOP_ROUTE_ERROR
207.677773,129.088811333333,35.074427500000,508096.837,3881300.448,0.005,2.080206,route_tangent,15,12.715,,,,,,,0.000000,0.0000,,,STOP_ROUTE_ERROR
207.727759,129.088811333333,35.074427500000,508096.837,3881300.448,0.005,2.080206,route_tangent,15,12.715,,,,,,,0.000000,0.0000,,,STOP_ROUTE_ERROR
207.780112,129.088811333333,35.074427500000,508096.837,3881300.448,0.005,2.080206,route_tangent,15,12.715,,,,,,,0.000000,0.0000,,,STOP_ROUTE_ERROR
207.827532,129.088811166667,35.074427666667,508096.822,3881300.467,0.026,2.080206,route_tangent,15,12.696,,,,,,,0.000000,0.0000,,,STOP_ROUTE_ERROR
207.877822,129.088811166667,35.074427666667,508096.822,3881300.467,0.026,2.080206,route_tangent,15,12.696,,,,,,,0.000000,0.0000,,,STOP_ROUTE_ERROR
207.927436,129.088811166667,35.074427666667,508096.822,3881300.467,0.026,2.080206,route_tangent,15,12.696,,,,,,,0.000000,0.0000,,,STOP_ROUTE_ERROR
207.980633,129.088811166667,35.074427666667,508096.822,3881300.467,0.026,2.080206,route_tangent,15,12.696,,,,,,,0.000000,0.0000,,,STOP_ROUTE_ERROR
208.027481,129.088811166667,35.074427666667,508096.822,3881300.467,0.026,2.080206,route_tangent,15,12.696,,,,,,,0.000000,0.0000,,,STOP_ROUTE_ERROR
208.077399,129.088811166667,35.074427666667,508096.822,3881300.467,0.006,2.080206,route_tangent,15,12.696,,,,,,,0.000000,0.0000,,,STOP_ROUTE_ERROR
208.127793,129.088811166667,35.074427500000,508096.822,3881300.448,0.006,2.080206,route_tangent,15,12.700,,,,,,,0.000000,0.0000,,,STOP_ROUTE_ERROR
208.177820,129.088811166667,35.074427500000,508096.822,3881300.448,0.006,2.080206,route_tangent,15,12.700,,,,,,,0.000000,0.0000,,,STOP_ROUTE_ERROR
208.228277,129.088811166667,35.074427500000,508096.822,3881300.448,0.006,2.080206,route_tangent,15,12.700,,,,,,,0.000000,0.0000,,,STOP_ROUTE_ERROR
208.277872,129.088811166667,35.074427500000,508096.822,3881300.448,0.006,2.080206,route_tangent,15,12.700,,,,,,,0.000000,0.0000,,,STOP_ROUTE_ERROR
208.327869,129.088811333333,35.074427500000,508096.837,3881300.448,0.015,2.080206,route_tangent,15,12.715,,,,,,,0.000000,0.0000,,,STOP_ROUTE_ERROR
208.377447,129.088811333333,35.074427500000,508096.837,3881300.448,0.015,2.080206,route_tangent,15,12.715,,,,,,,0.000000,0.0000,,,STOP_ROUTE_ERROR
208.427608,129.088811333333,35.074427500000,508096.837,3881300.448,0.015,2.080206,route_tangent,15,12.715,,,,,,,0.000000,0.0000,,,STOP_ROUTE_ERROR
208.478314,129.088811333333,35.074427500000,508096.837,3881300.448,0.015,2.080206,route_tangent,15,12.715,,,,,,,0.000000,0.0000,,,STOP_ROUTE_ERROR
208.527617,129.088811333333,35.074427500000,508096.837,3881300.448,0.015,2.080206,route_tangent,15,12.715,,,,,,,0.000000,0.0000,,,STOP_ROUTE_ERROR
208.577992,129.088811333333,35.074427500000,508096.837,3881300.448,0.009,2.080206,route_tangent,15,12.715,,,,,,,0.000000,0.0000,,,STOP_ROUTE_ERROR
208.627466,129.088811333333,35.074427500000,508096.837,3881300.448,0.009,2.080206,route_tangent,15,12.715,,,,,,,0.000000,0.0000,,,STOP_ROUTE_ERROR
208.677587,129.088811333333,35.074427500000,508096.837,3881300.448,0.009,2.080206,route_tangent,15,12.715,,,,,,,0.000000,0.0000,,,STOP_ROUTE_ERROR
208.727543,129.088811333333,35.074427500000,508096.837,3881300.448,0.009,2.080206,route_tangent,15,12.715,,,,,,,0.000000,0.0000,,,STOP_ROUTE_ERROR
208.777611,129.088811333333,35.074427500000,508096.837,3881300.448,0.009,2.080206,route_tangent,15,12.715,,,,,,,0.000000,0.0000,,,STOP_ROUTE_ERROR
208.827437,129.088811166667,35.074427666667,508096.822,3881300.467,0.009,2.080206,route_tangent,15,12.696,,,,,,,0.000000,0.0000,,,STOP_ROUTE_ERROR
208.877791,129.088811166667,35.074427666667,508096.822,3881300.467,0.009,2.080206,route_tangent,15,12.696,,,,,,,0.000000,0.0000,,,STOP_ROUTE_ERROR
208.927526,129.088811166667,35.074427666667,508096.822,3881300.467,0.009,2.080206,route_tangent,15,12.696,,,,,,,0.000000,0.0000,,,STOP_ROUTE_ERROR
208.979715,129.088811166667,35.074427666667,508096.822,3881300.467,0.009,2.080206,route_tangent,15,12.696,,,,,,,0.000000,0.0000,,,STOP_ROUTE_ERROR
209.027582,129.088811166667,35.074427666667,508096.822,3881300.467,0.009,2.080206,route_tangent,15,12.696,,,,,,,0.000000,0.0000,,,STOP_ROUTE_ERROR
209.077554,129.088811166667,35.074427666667,508096.822,3881300.467,0.009,2.080206,route_tangent,15,12.696,,,,,,,0.000000,0.0000,,,STOP_ROUTE_ERROR
209.130208,129.088811333333,35.074427500000,508096.837,3881300.448,0.011,2.080206,route_tangent,15,12.715,,,,,,,0.000000,0.0000,,,STOP_ROUTE_ERROR
209.177767,129.088811333333,35.074427500000,508096.837,3881300.448,0.011,2.080206,route_tangent,15,12.715,,,,,,,0.000000,0.0000,,,STOP_ROUTE_ERROR
209.227552,129.088811333333,35.074427500000,508096.837,3881300.448,0.011,2.080206,route_tangent,15,12.715,,,,,,,0.000000,0.0000,,,STOP_ROUTE_ERROR
209.277777,129.088811333333,35.074427500000,508096.837,3881300.448,0.011,2.080206,route_tangent,15,12.715,,,,,,,0.000000,0.0000,,,STOP_ROUTE_ERROR
209.327524,129.088811166667,35.074427500000,508096.822,3881300.448,0.019,2.080206,route_tangent,15,12.700,,,,,,,0.000000,0.0000,,,STOP_ROUTE_ERROR
209.377746,129.088811166667,35.074427500000,508096.822,3881300.448,0.019,2.080206,route_tangent,15,12.700,,,,,,,0.000000,0.0000,,,STOP_ROUTE_ERROR
209.427629,129.088811166667,35.074427500000,508096.822,3881300.448,0.019,2.080206,route_tangent,15,12.700,,,,,,,0.000000,0.0000,,,STOP_ROUTE_ERROR
209.478027,129.088811166667,35.074427500000,508096.822,3881300.448,0.019,2.080206,route_tangent,15,12.700,,,,,,,0.000000,0.0000,,,STOP_ROUTE_ERROR
209.527745,129.088811166667,35.074427500000,508096.822,3881300.448,0.019,2.080206,route_tangent,15,12.700,,,,,,,0.000000,0.0000,,,STOP_ROUTE_ERROR
209.577752,129.088811166667,35.074427500000,508096.822,3881300.448,0.009,2.080206,route_tangent,15,12.700,,,,,,,0.000000,0.0000,,,STOP_ROUTE_ERROR
209.627469,129.088811166667,35.074427500000,508096.822,3881300.448,0.009,2.080206,route_tangent,15,12.700,,,,,,,0.000000,0.0000,,,STOP_ROUTE_ERROR
209.678068,129.088811166667,35.074427500000,508096.822,3881300.448,0.009,2.080206,route_tangent,15,12.700,,,,,,,0.000000,0.0000,,,STOP_ROUTE_ERROR
209.727780,129.088811166667,35.074427500000,508096.822,3881300.448,0.009,2.080206,route_tangent,15,12.700,,,,,,,0.000000,0.0000,,,STOP_ROUTE_ERROR
209.777790,129.088811166667,35.074427500000,508096.822,3881300.448,0.009,2.080206,route_tangent,15,12.700,,,,,,,0.000000,0.0000,,,STOP_ROUTE_ERROR
209.827552,129.088811166667,35.074427666667,508096.822,3881300.467,0.008,2.080206,route_tangent,15,12.696,,,,,,,0.000000,0.0000,,,STOP_ROUTE_ERROR
209.877536,129.088811166667,35.074427666667,508096.822,3881300.467,0.008,2.080206,route_tangent,15,12.696,,,,,,,0.000000,0.0000,,,STOP_ROUTE_ERROR
209.929692,129.088811166667,35.074427666667,508096.822,3881300.467,0.008,2.080206,route_tangent,15,12.696,,,,,,,0.000000,0.0000,,,STOP_ROUTE_ERROR
209.977452,129.088811166667,35.074427666667,508096.822,3881300.467,0.008,2.080206,route_tangent,15,12.696,,,,,,,0.000000,0.0000,,,STOP_ROUTE_ERROR
210.028286,129.088811166667,35.074427666667,508096.822,3881300.467,0.008,2.080206,route_tangent,15,12.696,,,,,,,0.000000,0.0000,,,STOP_ROUTE_ERROR
210.077917,129.088811166667,35.074427666667,508096.822,3881300.467,0.008,2.080206,route_tangent,15,12.696,,,,,,,0.000000,0.0000,,,STOP_ROUTE_ERROR
210.127913,129.088811166667,35.074427666667,508096.822,3881300.467,0.002,2.080206,route_tangent,15,12.696,,,,,,,0.000000,0.0000,,,STOP_ROUTE_ERROR
210.177675,129.088811166667,35.074427666667,508096.822,3881300.467,0.002,2.080206,route_tangent,15,12.696,,,,,,,0.000000,0.0000,,,STOP_ROUTE_ERROR
210.227466,129.088811166667,35.074427666667,508096.822,3881300.467,0.002,2.080206,route_tangent,15,12.696,,,,,,,0.000000,0.0000,,,STOP_ROUTE_ERROR
210.277657,129.088811166667,35.074427666667,508096.822,3881300.467,0.002,2.080206,route_tangent,15,12.696,,,,,,,0.000000,0.0000,,,STOP_ROUTE_ERROR
210.327559,129.088811166667,35.074427666667,508096.822,3881300.467,0.016,2.080206,route_tangent,15,12.696,,,,,,,0.000000,0.0000,,,STOP_ROUTE_ERROR
210.377702,129.088811166667,35.074427666667,508096.822,3881300.467,0.016,2.080206,route_tangent,15,12.696,,,,,,,0.000000,0.0000,,,STOP_ROUTE_ERROR
210.427497,129.088811166667,35.074427666667,508096.822,3881300.467,0.016,2.080206,route_tangent,15,12.696,,,,,,,0.000000,0.0000,,,STOP_ROUTE_ERROR
210.477734,129.088811166667,35.074427666667,508096.822,3881300.467,0.016,2.080206,route_tangent,15,12.696,,,,,,,0.000000,0.0000,,,STOP_ROUTE_ERROR
210.527664,129.088811166667,35.074427666667,508096.822,3881300.467,0.016,2.080206,route_tangent,15,12.696,,,,,,,0.000000,0.0000,,,STOP_ROUTE_ERROR
210.577540,129.088811166667,35.074427666667,508096.822,3881300.467,0.010,2.080206,route_tangent,15,12.696,,,,,,,0.000000,0.0000,,,STOP_ROUTE_ERROR
210.627529,129.088811166667,35.074427666667,508096.822,3881300.467,0.010,2.080206,route_tangent,15,12.696,,,,,,,0.000000,0.0000,,,STOP_ROUTE_ERROR
210.677466,129.088811166667,35.074427666667,508096.822,3881300.467,0.010,2.080206,route_tangent,15,12.696,,,,,,,0.000000,0.0000,,,STOP_ROUTE_ERROR
210.727846,129.088811166667,35.074427666667,508096.822,3881300.467,0.010,2.080206,route_tangent,15,12.696,,,,,,,0.000000,0.0000,,,STOP_ROUTE_ERROR
210.777689,129.088811166667,35.074427666667,508096.822,3881300.467,0.010,2.080206,route_tangent,15,12.696,,,,,,,0.000000,0.0000,,,STOP_ROUTE_ERROR
210.827595,129.088811166667,35.074427666667,508096.822,3881300.467,0.010,2.080206,route_tangent,15,12.696,,,,,,,0.000000,0.0000,,,STOP_ROUTE_ERROR
210.877842,129.088811166667,35.074427666667,508096.822,3881300.467,0.005,2.080206,route_tangent,15,12.696,,,,,,,0.000000,0.0000,,,STOP_ROUTE_ERROR
210.928781,129.088811166667,35.074427666667,508096.822,3881300.467,0.005,2.080206,route_tangent,15,12.696,,,,,,,0.000000,0.0000,,,STOP_ROUTE_ERROR
210.977700,129.088811166667,35.074427666667,508096.822,3881300.467,0.005,2.080206,route_tangent,15,12.696,,,,,,,0.000000,0.0000,,,STOP_ROUTE_ERROR
211.027780,129.088811166667,35.074427666667,508096.822,3881300.467,0.005,2.080206,route_tangent,15,12.696,,,,,,,0.000000,0.0000,,,STOP_ROUTE_ERROR
211.077600,129.088811166667,35.074427666667,508096.822,3881300.467,0.005,2.080206,route_tangent,15,12.696,,,,,,,0.000000,0.0000,,,STOP_ROUTE_ERROR
211.127617,129.088811166667,35.074427666667,508096.822,3881300.467,0.014,2.080206,route_tangent,15,12.696,,,,,,,0.000000,0.0000,,,STOP_ROUTE_ERROR
211.177641,129.088811166667,35.074427666667,508096.822,3881300.467,0.014,2.080206,route_tangent,15,12.696,,,,,,,0.000000,0.0000,,,STOP_ROUTE_ERROR
211.227878,129.088811166667,35.074427666667,508096.822,3881300.467,0.014,2.080206,route_tangent,15,12.696,,,,,,,0.000000,0.0000,,,STOP_ROUTE_ERROR
211.277553,129.088811166667,35.074427666667,508096.822,3881300.467,0.014,2.080206,route_tangent,15,12.696,,,,,,,0.000000,0.0000,,,STOP_ROUTE_ERROR
211.327640,129.088811166667,35.074427666667,508096.822,3881300.467,0.012,2.080206,route_tangent,15,12.696,,,,,,,0.000000,0.0000,,,STOP_ROUTE_ERROR
211.377478,129.088811166667,35.074427666667,508096.822,3881300.467,0.012,2.080206,route_tangent,15,12.696,,,,,,,0.000000,0.0000,,,STOP_ROUTE_ERROR
211.431637,129.088811166667,35.074427666667,508096.822,3881300.467,0.012,2.080206,route_tangent,15,12.696,,,,,,,0.000000,0.0000,,,STOP_ROUTE_ERROR
211.477501,129.088811166667,35.074427666667,508096.822,3881300.467,0.012,2.080206,route_tangent,15,12.696,,,,,,,0.000000,0.0000,,,STOP_ROUTE_ERROR
211.527706,129.088811166667,35.074427666667,508096.822,3881300.467,0.012,2.080206,route_tangent,15,12.696,,,,,,,0.000000,0.0000,,,STOP_ROUTE_ERROR
211.577586,129.088811166667,35.074427666667,508096.822,3881300.467,0.004,2.080206,route_tangent,15,12.696,,,,,,,0.000000,0.0000,,,STOP_ROUTE_ERROR
211.628549,129.088811166667,35.074427666667,508096.822,3881300.467,0.004,2.080206,route_tangent,15,12.696,,,,,,,0.000000,0.0000,,,STOP_ROUTE_ERROR
211.677911,129.088811166667,35.074427666667,508096.822,3881300.467,0.004,2.080206,route_tangent,15,12.696,,,,,,,0.000000,0.0000,,,STOP_ROUTE_ERROR
211.729823,129.088811166667,35.074427666667,508096.822,3881300.467,0.004,2.080206,route_tangent,15,12.696,,,,,,,0.000000,0.0000,,,STOP_ROUTE_ERROR
211.777907,129.088811166667,35.074427666667,508096.822,3881300.467,0.004,2.080206,route_tangent,15,12.696,,,,,,,0.000000,0.0000,,,STOP_ROUTE_ERROR
211.827561,129.088811166667,35.074427666667,508096.822,3881300.467,0.005,2.080206,route_tangent,15,12.696,,,,,,,0.000000,0.0000,,,STOP_ROUTE_ERROR
211.877638,129.088811166667,35.074427666667,508096.822,3881300.467,0.005,2.080206,route_tangent,15,12.696,,,,,,,0.000000,0.0000,,,STOP_ROUTE_ERROR
211.927844,129.088811166667,35.074427666667,508096.822,3881300.467,0.005,2.080206,route_tangent,15,12.696,,,,,,,0.000000,0.0000,,,STOP_ROUTE_ERROR
211.978692,129.088811166667,35.074427666667,508096.822,3881300.467,0.005,2.080206,route_tangent,15,12.696,,,,,,,0.000000,0.0000,,,STOP_ROUTE_ERROR
212.027643,129.088811166667,35.074427666667,508096.822,3881300.467,0.005,2.080206,route_tangent,15,12.696,,,,,,,0.000000,0.0000,,,STOP_ROUTE_ERROR
212.077471,129.088811166667,35.074427500000,508096.822,3881300.448,0.021,2.080206,route_tangent,15,12.700,,,,,,,0.000000,0.0000,,,STOP_ROUTE_ERROR
212.127740,129.088811166667,35.074427500000,508096.822,3881300.448,0.021,2.080206,route_tangent,15,12.700,,,,,,,0.000000,0.0000,,,STOP_ROUTE_ERROR
212.177505,129.088811166667,35.074427500000,508096.822,3881300.448,0.021,2.080206,route_tangent,15,12.700,,,,,,,0.000000,0.0000,,,STOP_ROUTE_ERROR
212.228298,129.088811166667,35.074427500000,508096.822,3881300.448,0.021,2.080206,route_tangent,15,12.700,,,,,,,0.000000,0.0000,,,STOP_ROUTE_ERROR
212.277526,129.088811166667,35.074427500000,508096.822,3881300.448,0.021,2.080206,route_tangent,15,12.700,,,,,,,0.000000,0.0000,,,STOP_ROUTE_ERROR
212.331366,129.088811166667,35.074427666667,508096.822,3881300.467,0.004,2.080206,route_tangent,15,12.696,,,,,,,0.000000,0.0000,,,STOP_ROUTE_ERROR
212.378668,129.088811166667,35.074427666667,508096.822,3881300.467,0.004,2.080206,route_tangent,15,12.696,,,,,,,0.000000,0.0000,,,STOP_ROUTE_ERROR
212.427992,129.088811166667,35.074427666667,508096.822,3881300.467,0.004,2.080206,route_tangent,15,12.696,,,,,,,0.000000,0.0000,,,STOP_ROUTE_ERROR
212.477813,129.088811166667,35.074427666667,508096.822,3881300.467,0.004,2.080206,route_tangent,15,12.696,,,,,,,0.000000,0.0000,,,STOP_ROUTE_ERROR
212.527588,129.088811166667,35.074427666667,508096.822,3881300.467,0.004,2.080206,route_tangent,15,12.696,,,,,,,0.000000,0.0000,,,STOP_ROUTE_ERROR
212.577515,129.088811333333,35.074427666667,508096.837,3881300.467,0.015,2.080206,route_tangent,15,12.711,,,,,,,0.000000,0.0000,,,STOP_ROUTE_ERROR
212.627526,129.088811333333,35.074427666667,508096.837,3881300.467,0.015,2.080206,route_tangent,15,12.711,,,,,,,0.000000,0.0000,,,STOP_ROUTE_ERROR
212.677688,129.088811333333,35.074427666667,508096.837,3881300.467,0.015,2.080206,route_tangent,15,12.711,,,,,,,0.000000,0.0000,,,STOP_ROUTE_ERROR
212.727525,129.088811333333,35.074427666667,508096.837,3881300.467,0.015,2.080206,route_tangent,15,12.711,,,,,,,0.000000,0.0000,,,STOP_ROUTE_ERROR
212.778922,129.088811333333,35.074427666667,508096.837,3881300.467,0.015,2.080206,route_tangent,15,12.711,,,,,,,0.000000,0.0000,,,STOP_ROUTE_ERROR
212.827447,129.088811166667,35.074427666667,508096.822,3881300.467,0.014,2.080206,route_tangent,15,12.696,,,,,,,0.000000,0.0000,,,STOP_ROUTE_ERROR
212.877575,129.088811166667,35.074427666667,508096.822,3881300.467,0.014,2.080206,route_tangent,15,12.696,,,,,,,0.000000,0.0000,,,STOP_ROUTE_ERROR
212.927745,129.088811166667,35.074427666667,508096.822,3881300.467,0.014,2.080206,route_tangent,15,12.696,,,,,,,0.000000,0.0000,,,STOP_ROUTE_ERROR
212.977607,129.088811166667,35.074427666667,508096.822,3881300.467,0.014,2.080206,route_tangent,15,12.696,,,,,,,0.000000,0.0000,,,STOP_ROUTE_ERROR
213.027579,129.088811166667,35.074427666667,508096.822,3881300.467,0.014,2.080206,route_tangent,15,12.696,,,,,,,0.000000,0.0000,,,STOP_ROUTE_ERROR
213.078023,129.088811166667,35.074427666667,508096.822,3881300.467,0.022,2.080206,route_tangent,15,12.696,,,,,,,0.000000,0.0000,,,STOP_ROUTE_ERROR
213.127853,129.088811166667,35.074427666667,508096.822,3881300.467,0.022,2.080206,route_tangent,15,12.696,,,,,,,0.000000,0.0000,,,STOP_ROUTE_ERROR
213.177518,129.088811166667,35.074427666667,508096.822,3881300.467,0.022,2.080206,route_tangent,15,12.696,,,,,,,0.000000,0.0000,,,STOP_ROUTE_ERROR
213.227442,129.088811166667,35.074427666667,508096.822,3881300.467,0.022,2.080206,route_tangent,15,12.696,,,,,,,0.000000,0.0000,,,STOP_ROUTE_ERROR
213.277605,129.088811166667,35.074427666667,508096.822,3881300.467,0.022,2.080206,route_tangent,15,12.696,,,,,,,0.000000,0.0000,,,STOP_ROUTE_ERROR
213.327550,129.088811166667,35.074427666667,508096.822,3881300.467,0.019,2.080206,route_tangent,15,12.696,,,,,,,0.000000,0.0000,,,STOP_ROUTE_ERROR
213.377561,129.088811166667,35.074427666667,508096.822,3881300.467,0.019,2.080206,route_tangent,15,12.696,,,,,,,0.000000,0.0000,,,STOP_ROUTE_ERROR
213.427504,129.088811166667,35.074427666667,508096.822,3881300.467,0.019,2.080206,route_tangent,15,12.696,,,,,,,0.000000,0.0000,,,STOP_ROUTE_ERROR
213.478942,129.088811166667,35.074427666667,508096.822,3881300.467,0.019,2.080206,route_tangent,15,12.696,,,,,,,0.000000,0.0000,,,STOP_ROUTE_ERROR
213.527524,129.088811166667,35.074427666667,508096.822,3881300.467,0.019,2.080206,route_tangent,15,12.696,,,,,,,0.000000,0.0000,,,STOP_ROUTE_ERROR
213.579956,129.088811166667,35.074427666667,508096.822,3881300.467,0.007,2.080206,route_tangent,15,12.696,,,,,,,0.000000,0.0000,,,STOP_ROUTE_ERROR
213.627447,129.088811166667,35.074427666667,508096.822,3881300.467,0.007,2.080206,route_tangent,15,12.696,,,,,,,0.000000,0.0000,,,STOP_ROUTE_ERROR
213.677836,129.088811166667,35.074427666667,508096.822,3881300.467,0.007,2.080206,route_tangent,15,12.696,,,,,,,0.000000,0.0000,,,STOP_ROUTE_ERROR
213.727871,129.088811166667,35.074427666667,508096.822,3881300.467,0.007,2.080206,route_tangent,15,12.696,,,,,,,0.000000,0.0000,,,STOP_ROUTE_ERROR
213.777759,129.088811166667,35.074427666667,508096.822,3881300.467,0.007,2.080206,route_tangent,15,12.696,,,,,,,0.000000,0.0000,,,STOP_ROUTE_ERROR
213.828604,129.088811166667,35.074427666667,508096.822,3881300.467,0.007,2.080206,route_tangent,15,12.696,,,,,,,0.000000,0.0000,,,STOP_ROUTE_ERROR
213.877513,129.088811166667,35.074427666667,508096.822,3881300.467,0.007,2.080206,route_tangent,15,12.696,,,,,,,0.000000,0.0000,,,STOP_ROUTE_ERROR
213.927803,129.088811166667,35.074427666667,508096.822,3881300.467,0.007,2.080206,route_tangent,15,12.696,,,,,,,0.000000,0.0000,,,STOP_ROUTE_ERROR
213.977842,129.088811166667,35.074427666667,508096.822,3881300.467,0.007,2.080206,route_tangent,15,12.696,,,,,,,0.000000,0.0000,,,STOP_ROUTE_ERROR
214.027637,129.088811166667,35.074427666667,508096.822,3881300.467,0.007,2.080206,route_tangent,15,12.696,,,,,,,0.000000,0.0000,,,STOP_ROUTE_ERROR
214.077767,129.088811166667,35.074427666667,508096.822,3881300.467,0.007,2.080206,route_tangent,15,12.696,,,,,,,0.000000,0.0000,,,STOP_ROUTE_ERROR
214.127495,129.088811166667,35.074427666667,508096.822,3881300.467,0.007,2.080206,route_tangent,15,12.696,,,,,,,0.000000,0.0000,,,STOP_ROUTE_ERROR
214.178071,129.088811166667,35.074427666667,508096.822,3881300.467,0.007,2.080206,route_tangent,15,12.696,,,,,,,0.000000,0.0000,,,STOP_ROUTE_ERROR
214.227464,129.088811166667,35.074427666667,508096.822,3881300.467,0.007,2.080206,route_tangent,15,12.696,,,,,,,0.000000,0.0000,,,STOP_ROUTE_ERROR
214.277588,129.088811166667,35.074427666667,508096.822,3881300.467,0.007,2.080206,route_tangent,15,12.696,,,,,,,0.000000,0.0000,,,STOP_ROUTE_ERROR
214.327496,129.088811166667,35.074427666667,508096.822,3881300.467,0.016,2.080206,route_tangent,15,12.696,,,,,,,0.000000,0.0000,,,STOP_ROUTE_ERROR
214.378475,129.088811166667,35.074427666667,508096.822,3881300.467,0.016,2.080206,route_tangent,15,12.696,,,,,,,0.000000,0.0000,,,STOP_ROUTE_ERROR
214.427515,129.088811166667,35.074427666667,508096.822,3881300.467,0.016,2.080206,route_tangent,15,12.696,,,,,,,0.000000,0.0000,,,STOP_ROUTE_ERROR
214.478623,129.088811166667,35.074427666667,508096.822,3881300.467,0.016,2.080206,route_tangent,15,12.696,,,,,,,0.000000,0.0000,,,STOP_ROUTE_ERROR
214.527859,129.088811166667,35.074427666667,508096.822,3881300.467,0.016,2.080206,route_tangent,15,12.696,,,,,,,0.000000,0.0000,,,STOP_ROUTE_ERROR
214.577509,129.088811166667,35.074427666667,508096.822,3881300.467,0.005,2.080206,route_tangent,15,12.696,,,,,,,0.000000,0.0000,,,STOP_ROUTE_ERROR
214.628104,129.088811166667,35.074427666667,508096.822,3881300.467,0.005,2.080206,route_tangent,15,12.696,,,,,,,0.000000,0.0000,,,STOP_ROUTE_ERROR
214.677558,129.088811166667,35.074427666667,508096.822,3881300.467,0.005,2.080206,route_tangent,15,12.696,,,,,,,0.000000,0.0000,,,STOP_ROUTE_ERROR
214.727867,129.088811166667,35.074427666667,508096.822,3881300.467,0.005,2.080206,route_tangent,15,12.696,,,,,,,0.000000,0.0000,,,STOP_ROUTE_ERROR
214.777627,129.088811166667,35.074427666667,508096.822,3881300.467,0.005,2.080206,route_tangent,15,12.696,,,,,,,0.000000,0.0000,,,STOP_ROUTE_ERROR
214.827665,129.088811166667,35.074427500000,508096.822,3881300.448,0.008,2.080206,route_tangent,15,12.700,,,,,,,0.000000,0.0000,,,STOP_ROUTE_ERROR
214.877519,129.088811166667,35.074427500000,508096.822,3881300.448,0.008,2.080206,route_tangent,15,12.700,,,,,,,0.000000,0.0000,,,STOP_ROUTE_ERROR
214.928268,129.088811166667,35.074427500000,508096.822,3881300.448,0.008,2.080206,route_tangent,15,12.700,,,,,,,0.000000,0.0000,,,STOP_ROUTE_ERROR
214.978276,129.088811166667,35.074427500000,508096.822,3881300.448,0.008,2.080206,route_tangent,15,12.700,,,,,,,0.000000,0.0000,,,STOP_ROUTE_ERROR
215.027438,129.088811166667,35.074427500000,508096.822,3881300.448,0.008,2.080206,route_tangent,15,12.700,,,,,,,0.000000,0.0000,,,STOP_ROUTE_ERROR
215.077652,129.088811166667,35.074427500000,508096.822,3881300.448,0.008,2.080206,route_tangent,15,12.700,,,,,,,0.000000,0.0000,,,STOP_ROUTE_ERROR
215.127972,129.088811166667,35.074427500000,508096.822,3881300.448,0.008,2.080206,route_tangent,15,12.700,,,,,,,0.000000,0.0000,,,STOP_ROUTE_ERROR
215.177651,129.088811166667,35.074427500000,508096.822,3881300.448,0.008,2.080206,route_tangent,15,12.700,,,,,,,0.000000,0.0000,,,STOP_ROUTE_ERROR
215.227674,129.088811166667,35.074427500000,508096.822,3881300.448,0.008,2.080206,route_tangent,15,12.700,,,,,,,0.000000,0.0000,,,STOP_ROUTE_ERROR
215.277544,129.088811166667,35.074427500000,508096.822,3881300.448,0.008,2.080206,route_tangent,15,12.700,,,,,,,0.000000,0.0000,,,STOP_ROUTE_ERROR
215.327688,129.088811166667,35.074427666667,508096.822,3881300.467,0.014,2.080206,route_tangent,15,12.696,,,,,,,0.000000,0.0000,,,STOP_ROUTE_ERROR
215.377448,129.088811166667,35.074427666667,508096.822,3881300.467,0.014,2.080206,route_tangent,15,12.696,,,,,,,0.000000,0.0000,,,STOP_ROUTE_ERROR
215.427983,129.088811166667,35.074427666667,508096.822,3881300.467,0.014,2.080206,route_tangent,15,12.696,,,,,,,0.000000,0.0000,,,STOP_ROUTE_ERROR
215.477555,129.088811166667,35.074427666667,508096.822,3881300.467,0.014,2.080206,route_tangent,15,12.696,,,,,,,0.000000,0.0000,,,STOP_ROUTE_ERROR
215.527551,129.088811166667,35.074427666667,508096.822,3881300.467,0.014,2.080206,route_tangent,15,12.696,,,,,,,0.000000,0.0000,,,STOP_ROUTE_ERROR
215.577418,129.088811166667,35.074427666667,508096.822,3881300.467,0.017,2.080206,route_tangent,15,12.696,,,,,,,0.000000,0.0000,,,STOP_ROUTE_ERROR
215.627723,129.088811166667,35.074427666667,508096.822,3881300.467,0.017,2.080206,route_tangent,15,12.696,,,,,,,0.000000,0.0000,,,STOP_ROUTE_ERROR
215.677716,129.088811166667,35.074427666667,508096.822,3881300.467,0.017,2.080206,route_tangent,15,12.696,,,,,,,0.000000,0.0000,,,STOP_ROUTE_ERROR
215.727451,129.088811166667,35.074427666667,508096.822,3881300.467,0.017,2.080206,route_tangent,15,12.696,,,,,,,0.000000,0.0000,,,STOP_ROUTE_ERROR
215.777704,129.088811166667,35.074427666667,508096.822,3881300.467,0.017,2.080206,route_tangent,15,12.696,,,,,,,0.000000,0.0000,,,STOP_ROUTE_ERROR
215.827618,129.088811166667,35.074427500000,508096.822,3881300.448,0.004,2.080206,route_tangent,15,12.700,,,,,,,0.000000,0.0000,,,STOP_ROUTE_ERROR
215.879221,129.088811166667,35.074427500000,508096.822,3881300.448,0.004,2.080206,route_tangent,15,12.700,,,,,,,0.000000,0.0000,,,STOP_ROUTE_ERROR
215.927590,129.088811166667,35.074427500000,508096.822,3881300.448,0.004,2.080206,route_tangent,15,12.700,,,,,,,0.000000,0.0000,,,STOP_ROUTE_ERROR
215.978345,129.088811166667,35.074427500000,508096.822,3881300.448,0.004,2.080206,route_tangent,15,12.700,,,,,,,0.000000,0.0000,,,STOP_ROUTE_ERROR
216.027519,129.088811166667,35.074427500000,508096.822,3881300.448,0.004,2.080206,route_tangent,15,12.700,,,,,,,0.000000,0.0000,,,STOP_ROUTE_ERROR
216.077757,129.088811166667,35.074427500000,508096.822,3881300.448,0.027,2.080206,route_tangent,15,12.700,,,,,,,0.000000,0.0000,,,STOP_ROUTE_ERROR
216.127896,129.088811166667,35.074427500000,508096.822,3881300.448,0.027,2.080206,route_tangent,15,12.700,,,,,,,0.000000,0.0000,,,STOP_ROUTE_ERROR
216.177508,129.088811166667,35.074427500000,508096.822,3881300.448,0.027,2.080206,route_tangent,15,12.700,,,,,,,0.000000,0.0000,,,STOP_ROUTE_ERROR
216.227889,129.088811166667,35.074427500000,508096.822,3881300.448,0.027,2.080206,route_tangent,15,12.700,,,,,,,0.000000,0.0000,,,STOP_ROUTE_ERROR
216.277620,129.088811166667,35.074427500000,508096.822,3881300.448,0.027,2.080206,route_tangent,15,12.700,,,,,,,0.000000,0.0000,,,STOP_ROUTE_ERROR
216.327678,129.088811166667,35.074427500000,508096.822,3881300.448,0.005,2.080206,route_tangent,15,12.700,,,,,,,0.000000,0.0000,,,STOP_ROUTE_ERROR
216.377470,129.088811166667,35.074427500000,508096.822,3881300.448,0.005,2.080206,route_tangent,15,12.700,,,,,,,0.000000,0.0000,,,STOP_ROUTE_ERROR
216.427554,129.088811166667,35.074427500000,508096.822,3881300.448,0.005,2.080206,route_tangent,15,12.700,,,,,,,0.000000,0.0000,,,STOP_ROUTE_ERROR
216.477621,129.088811166667,35.074427500000,508096.822,3881300.448,0.005,2.080206,route_tangent,15,12.700,,,,,,,0.000000,0.0000,,,STOP_ROUTE_ERROR
216.527555,129.088811166667,35.074427500000,508096.822,3881300.448,0.005,2.080206,route_tangent,15,12.700,,,,,,,0.000000,0.0000,,,STOP_ROUTE_ERROR
216.577634,129.088811166667,35.074427500000,508096.822,3881300.448,0.009,2.080206,route_tangent,15,12.700,,,,,,,0.000000,0.0000,,,STOP_ROUTE_ERROR
216.627531,129.088811166667,35.074427500000,508096.822,3881300.448,0.009,2.080206,route_tangent,15,12.700,,,,,,,0.000000,0.0000,,,STOP_ROUTE_ERROR
216.677842,129.088811166667,35.074427500000,508096.822,3881300.448,0.009,2.080206,route_tangent,15,12.700,,,,,,,0.000000,0.0000,,,STOP_ROUTE_ERROR
216.727627,129.088811166667,35.074427500000,508096.822,3881300.448,0.009,2.080206,route_tangent,15,12.700,,,,,,,0.000000,0.0000,,,STOP_ROUTE_ERROR
216.777812,129.088811166667,35.074427500000,508096.822,3881300.448,0.009,2.080206,route_tangent,15,12.700,,,,,,,0.000000,0.0000,,,STOP_ROUTE_ERROR
216.827569,129.088811166667,35.074427500000,508096.822,3881300.448,0.009,2.080206,route_tangent,15,12.700,,,,,,,0.000000,0.0000,,,STOP_ROUTE_ERROR
216.877495,129.088811166667,35.074427500000,508096.822,3881300.448,0.001,2.080206,route_tangent,15,12.700,,,,,,,0.000000,0.0000,,,STOP_ROUTE_ERROR
216.927636,129.088811166667,35.074427500000,508096.822,3881300.448,0.001,2.080206,route_tangent,15,12.700,,,,,,,0.000000,0.0000,,,STOP_ROUTE_ERROR
216.977486,129.088811166667,35.074427500000,508096.822,3881300.448,0.001,2.080206,route_tangent,15,12.700,,,,,,,0.000000,0.0000,,,STOP_ROUTE_ERROR
217.030841,129.088811166667,35.074427500000,508096.822,3881300.448,0.001,2.080206,route_tangent,15,12.700,,,,,,,0.000000,0.0000,,,STOP_ROUTE_ERROR
217.077570,129.088811166667,35.074427500000,508096.822,3881300.448,0.001,2.080206,route_tangent,15,12.700,,,,,,,0.000000,0.0000,,,STOP_ROUTE_ERROR
217.127653,129.088811166667,35.074427500000,508096.822,3881300.448,0.012,2.080206,route_tangent,15,12.700,,,,,,,0.000000,0.0000,,,STOP_ROUTE_ERROR
217.177616,129.088811166667,35.074427500000,508096.822,3881300.448,0.012,2.080206,route_tangent,15,12.700,,,,,,,0.000000,0.0000,,,STOP_ROUTE_ERROR
217.227562,129.088811166667,35.074427500000,508096.822,3881300.448,0.012,2.080206,route_tangent,15,12.700,,,,,,,0.000000,0.0000,,,STOP_ROUTE_ERROR
217.277593,129.088811166667,35.074427500000,508096.822,3881300.448,0.012,2.080206,route_tangent,15,12.700,,,,,,,0.000000,0.0000,,,STOP_ROUTE_ERROR
217.327549,129.088811166667,35.074427500000,508096.822,3881300.448,0.009,2.080206,route_tangent,15,12.700,,,,,,,0.000000,0.0000,,,STOP_ROUTE_ERROR
217.377630,129.088811166667,35.074427500000,508096.822,3881300.448,0.009,2.080206,route_tangent,15,12.700,,,,,,,0.000000,0.0000,,,STOP_ROUTE_ERROR
217.427543,129.088811166667,35.074427500000,508096.822,3881300.448,0.009,2.080206,route_tangent,15,12.700,,,,,,,0.000000,0.0000,,,STOP_ROUTE_ERROR
217.477663,129.088811166667,35.074427500000,508096.822,3881300.448,0.009,2.080206,route_tangent,15,12.700,,,,,,,0.000000,0.0000,,,STOP_ROUTE_ERROR
217.527516,129.088811166667,35.074427500000,508096.822,3881300.448,0.009,2.080206,route_tangent,15,12.700,,,,,,,0.000000,0.0000,,,STOP_ROUTE_ERROR
217.579068,129.088811166667,35.074427500000,508096.822,3881300.448,0.009,2.080206,route_tangent,15,12.700,,,,,,,0.000000,0.0000,,,STOP_ROUTE_ERROR
217.627531,129.088811166667,35.074427500000,508096.822,3881300.448,0.009,2.080206,route_tangent,15,12.700,,,,,,,0.000000,0.0000,,,STOP_ROUTE_ERROR
217.677518,129.088811166667,35.074427500000,508096.822,3881300.448,0.009,2.080206,route_tangent,15,12.700,,,,,,,0.000000,0.0000,,,STOP_ROUTE_ERROR
217.728047,129.088811166667,35.074427500000,508096.822,3881300.448,0.009,2.080206,route_tangent,15,12.700,,,,,,,0.000000,0.0000,,,STOP_ROUTE_ERROR
217.777484,129.088811166667,35.074427500000,508096.822,3881300.448,0.009,2.080206,route_tangent,15,12.700,,,,,,,0.000000,0.0000,,,STOP_ROUTE_ERROR
217.827758,129.088811166667,35.074427666667,508096.822,3881300.467,0.009,2.080206,route_tangent,15,12.696,,,,,,,0.000000,0.0000,,,STOP_ROUTE_ERROR
217.877515,129.088811166667,35.074427666667,508096.822,3881300.467,0.009,2.080206,route_tangent,15,12.696,,,,,,,0.000000,0.0000,,,STOP_ROUTE_ERROR
217.927566,129.088811166667,35.074427666667,508096.822,3881300.467,0.009,2.080206,route_tangent,15,12.696,,,,,,,0.000000,0.0000,,,STOP_ROUTE_ERROR
217.977509,129.088811166667,35.074427666667,508096.822,3881300.467,0.009,2.080206,route_tangent,15,12.696,,,,,,,0.000000,0.0000,,,STOP_ROUTE_ERROR
218.027572,129.088811166667,35.074427666667,508096.822,3881300.467,0.009,2.080206,route_tangent,15,12.696,,,,,,,0.000000,0.0000,,,STOP_ROUTE_ERROR
218.077678,129.088811166667,35.074427666667,508096.822,3881300.467,0.009,2.080206,route_tangent,15,12.696,,,,,,,0.000000,0.0000,,,STOP_ROUTE_ERROR
218.127575,129.088811166667,35.074427500000,508096.822,3881300.448,0.009,2.080206,route_tangent,15,12.700,,,,,,,0.000000,0.0000,,,STOP_ROUTE_ERROR
218.179617,129.088811166667,35.074427500000,508096.822,3881300.448,0.009,2.080206,route_tangent,15,12.700,,,,,,,0.000000,0.0000,,,STOP_ROUTE_ERROR
218.227556,129.088811166667,35.074427500000,508096.822,3881300.448,0.009,2.080206,route_tangent,15,12.700,,,,,,,0.000000,0.0000,,,STOP_ROUTE_ERROR
218.277982,129.088811166667,35.074427500000,508096.822,3881300.448,0.009,2.080206,route_tangent,15,12.700,,,,,,,0.000000,0.0000,,,STOP_ROUTE_ERROR
218.327388,129.088811166667,35.074427500000,508096.822,3881300.448,0.003,2.080206,route_tangent,15,12.700,,,,,,,0.000000,0.0000,,,STOP_ROUTE_ERROR
218.377769,129.088811166667,35.074427500000,508096.822,3881300.448,0.003,2.080206,route_tangent,15,12.700,,,,,,,0.000000,0.0000,,,STOP_ROUTE_ERROR
218.427616,129.088811166667,35.074427500000,508096.822,3881300.448,0.003,2.080206,route_tangent,15,12.700,,,,,,,0.000000,0.0000,,,STOP_ROUTE_ERROR
218.477595,129.088811166667,35.074427500000,508096.822,3881300.448,0.003,2.080206,route_tangent,15,12.700,,,,,,,0.000000,0.0000,,,STOP_ROUTE_ERROR
218.527675,129.088811166667,35.074427500000,508096.822,3881300.448,0.003,2.080206,route_tangent,15,12.700,,,,,,,0.000000,0.0000,,,STOP_ROUTE_ERROR
218.577496,129.088811166667,35.074427500000,508096.822,3881300.448,0.023,2.080206,route_tangent,15,12.700,,,,,,,0.000000,0.0000,,,STOP_ROUTE_ERROR
218.627962,129.088811166667,35.074427500000,508096.822,3881300.448,0.023,2.080206,route_tangent,15,12.700,,,,,,,0.000000,0.0000,,,STOP_ROUTE_ERROR
218.677505,129.088811166667,35.074427500000,508096.822,3881300.448,0.023,2.080206,route_tangent,15,12.700,,,,,,,0.000000,0.0000,,,STOP_ROUTE_ERROR
218.727542,129.088811166667,35.074427500000,508096.822,3881300.448,0.023,2.080206,route_tangent,15,12.700,,,,,,,0.000000,0.0000,,,STOP_ROUTE_ERROR
218.777493,129.088811166667,35.074427500000,508096.822,3881300.448,0.023,2.080206,route_tangent,15,12.700,,,,,,,0.000000,0.0000,,,STOP_ROUTE_ERROR
218.827631,129.088811166667,35.074427500000,508096.822,3881300.448,0.023,2.080206,route_tangent,15,12.700,,,,,,,0.000000,0.0000,,,STOP_ROUTE_ERROR
218.877715,129.088811166667,35.074427666667,508096.822,3881300.467,0.008,2.080206,route_tangent,15,12.696,,,,,,,0.000000,0.0000,,,STOP_ROUTE_ERROR
218.927534,129.088811166667,35.074427666667,508096.822,3881300.467,0.008,2.080206,route_tangent,15,12.696,,,,,,,0.000000,0.0000,,,STOP_ROUTE_ERROR
218.977822,129.088811166667,35.074427666667,508096.822,3881300.467,0.008,2.080206,route_tangent,15,12.696,,,,,,,0.000000,0.0000,,,STOP_ROUTE_ERROR
219.027497,129.088811166667,35.074427666667,508096.822,3881300.467,0.008,2.080206,route_tangent,15,12.696,,,,,,,0.000000,0.0000,,,STOP_ROUTE_ERROR
219.077598,129.088811166667,35.074427666667,508096.822,3881300.467,0.008,2.080206,route_tangent,15,12.696,,,,,,,0.000000,0.0000,,,STOP_ROUTE_ERROR
219.127553,129.088811166667,35.074427666667,508096.822,3881300.467,0.027,2.080206,route_tangent,15,12.696,,,,,,,0.000000,0.0000,,,STOP_ROUTE_ERROR
219.177671,129.088811166667,35.074427666667,508096.822,3881300.467,0.027,2.080206,route_tangent,15,12.696,,,,,,,0.000000,0.0000,,,STOP_ROUTE_ERROR
219.227654,129.088811166667,35.074427666667,508096.822,3881300.467,0.027,2.080206,route_tangent,15,12.696,,,,,,,0.000000,0.0000,,,STOP_ROUTE_ERROR
219.277637,129.088811166667,35.074427666667,508096.822,3881300.467,0.027,2.080206,route_tangent,15,12.696,,,,,,,0.000000,0.0000,,,STOP_ROUTE_ERROR
219.327525,129.088811166667,35.074427666667,508096.822,3881300.467,0.011,2.080206,route_tangent,15,12.696,,,,,,,0.000000,0.0000,,,STOP_ROUTE_ERROR
219.377494,129.088811166667,35.074427666667,508096.822,3881300.467,0.011,2.080206,route_tangent,15,12.696,,,,,,,0.000000,0.0000,,,STOP_ROUTE_ERROR
219.428949,129.088811166667,35.074427666667,508096.822,3881300.467,0.011,2.080206,route_tangent,15,12.696,,,,,,,0.000000,0.0000,,,STOP_ROUTE_ERROR
219.477488,129.088811166667,35.074427666667,508096.822,3881300.467,0.011,2.080206,route_tangent,15,12.696,,,,,,,0.000000,0.0000,,,STOP_ROUTE_ERROR
219.527655,129.088811166667,35.074427666667,508096.822,3881300.467,0.011,2.080206,route_tangent,15,12.696,,,,,,,0.000000,0.0000,,,STOP_ROUTE_ERROR
219.577554,129.088811166667,35.074427666667,508096.822,3881300.467,0.007,2.080206,route_tangent,15,12.696,,,,,,,0.000000,0.0000,,,STOP_ROUTE_ERROR
219.627549,129.088811166667,35.074427666667,508096.822,3881300.467,0.007,2.080206,route_tangent,15,12.696,,,,,,,0.000000,0.0000,,,STOP_ROUTE_ERROR
219.677629,129.088811166667,35.074427666667,508096.822,3881300.467,0.007,2.080206,route_tangent,15,12.696,,,,,,,0.000000,0.0000,,,STOP_ROUTE_ERROR
219.727549,129.088811166667,35.074427666667,508096.822,3881300.467,0.007,2.080206,route_tangent,15,12.696,,,,,,,0.000000,0.0000,,,STOP_ROUTE_ERROR
219.777749,129.088811166667,35.074427666667,508096.822,3881300.467,0.007,2.080206,route_tangent,15,12.696,,,,,,,0.000000,0.0000,,,STOP_ROUTE_ERROR
219.827484,129.088811166667,35.074427666667,508096.822,3881300.467,0.007,2.080206,route_tangent,15,12.696,,,,,,,0.000000,0.0000,,,STOP_ROUTE_ERROR
219.877694,129.088811166667,35.074427500000,508096.822,3881300.448,0.009,2.080206,route_tangent,15,12.700,,,,,,,0.000000,0.0000,,,STOP_ROUTE_ERROR
219.927506,129.088811166667,35.074427500000,508096.822,3881300.448,0.009,2.080206,route_tangent,15,12.700,,,,,,,0.000000,0.0000,,,STOP_ROUTE_ERROR
219.978325,129.088811166667,35.074427500000,508096.822,3881300.448,0.009,2.080206,route_tangent,15,12.700,,,,,,,0.000000,0.0000,,,STOP_ROUTE_ERROR
220.027491,129.088811166667,35.074427500000,508096.822,3881300.448,0.009,2.080206,route_tangent,15,12.700,,,,,,,0.000000,0.0000,,,STOP_ROUTE_ERROR
220.077517,129.088811166667,35.074427500000,508096.822,3881300.448,0.009,2.080206,route_tangent,15,12.700,,,,,,,0.000000,0.0000,,,STOP_ROUTE_ERROR
220.127695,129.088811166667,35.074427500000,508096.822,3881300.448,0.005,2.080206,route_tangent,15,12.700,,,,,,,0.000000,0.0000,,,STOP_ROUTE_ERROR
220.177447,129.088811166667,35.074427500000,508096.822,3881300.448,0.005,2.080206,route_tangent,15,12.700,,,,,,,0.000000,0.0000,,,STOP_ROUTE_ERROR
220.227675,129.088811166667,35.074427500000,508096.822,3881300.448,0.005,2.080206,route_tangent,15,12.700,,,,,,,0.000000,0.0000,,,STOP_ROUTE_ERROR
220.277537,129.088811166667,35.074427500000,508096.822,3881300.448,0.005,2.080206,route_tangent,15,12.700,,,,,,,0.000000,0.0000,,,STOP_ROUTE_ERROR
220.327592,129.088811166667,35.074427500000,508096.822,3881300.448,0.005,2.080206,route_tangent,15,12.700,,,,,,,0.000000,0.0000,,,STOP_ROUTE_ERROR
220.377525,129.088811166667,35.074427500000,508096.822,3881300.448,0.006,2.080206,route_tangent,15,12.700,,,,,,,0.000000,0.0000,,,STOP_ROUTE_ERROR
220.427480,129.088811166667,35.074427500000,508096.822,3881300.448,0.006,2.080206,route_tangent,15,12.700,,,,,,,0.000000,0.0000,,,STOP_ROUTE_ERROR
220.477747,129.088811166667,35.074427500000,508096.822,3881300.448,0.006,2.080206,route_tangent,15,12.700,,,,,,,0.000000,0.0000,,,STOP_ROUTE_ERROR
220.527632,129.088811166667,35.074427500000,508096.822,3881300.448,0.006,2.080206,route_tangent,15,12.700,,,,,,,0.000000,0.0000,,,STOP_ROUTE_ERROR
220.577765,129.088811166667,35.074427500000,508096.822,3881300.448,0.006,2.080206,route_tangent,15,12.700,,,,,,,0.000000,0.0000,,,STOP_ROUTE_ERROR
220.627532,129.088811166667,35.074427500000,508096.822,3881300.448,0.019,2.080206,route_tangent,15,12.700,,,,,,,0.000000,0.0000,,,STOP_ROUTE_ERROR
220.677569,129.088811166667,35.074427500000,508096.822,3881300.448,0.019,2.080206,route_tangent,15,12.700,,,,,,,0.000000,0.0000,,,STOP_ROUTE_ERROR
220.727532,129.088811166667,35.074427500000,508096.822,3881300.448,0.019,2.080206,route_tangent,15,12.700,,,,,,,0.000000,0.0000,,,STOP_ROUTE_ERROR
220.777727,129.088811166667,35.074427500000,508096.822,3881300.448,0.019,2.080206,route_tangent,15,12.700,,,,,,,0.000000,0.0000,,,STOP_ROUTE_ERROR
220.827622,129.088811166667,35.074427500000,508096.822,3881300.448,0.019,2.080206,route_tangent,15,12.700,,,,,,,0.000000,0.0000,,,STOP_ROUTE_ERROR
220.877573,129.088811166667,35.074427666667,508096.822,3881300.467,0.013,2.080206,route_tangent,15,12.696,,,,,,,0.000000,0.0000,,,STOP_ROUTE_ERROR
220.927666,129.088811166667,35.074427666667,508096.822,3881300.467,0.013,2.080206,route_tangent,15,12.696,,,,,,,0.000000,0.0000,,,STOP_ROUTE_ERROR
220.977494,129.088811166667,35.074427666667,508096.822,3881300.467,0.013,2.080206,route_tangent,15,12.696,,,,,,,0.000000,0.0000,,,STOP_ROUTE_ERROR
221.027611,129.088811166667,35.074427666667,508096.822,3881300.467,0.013,2.080206,route_tangent,15,12.696,,,,,,,0.000000,0.0000,,,STOP_ROUTE_ERROR
221.077444,129.088811166667,35.074427666667,508096.822,3881300.467,0.013,2.080206,route_tangent,15,12.696,,,,,,,0.000000,0.0000,,,STOP_ROUTE_ERROR
221.129884,129.088811166667,35.074427500000,508096.822,3881300.448,0.010,2.080206,route_tangent,15,12.700,,,,,,,0.000000,0.0000,,,STOP_ROUTE_ERROR
221.177660,129.088811166667,35.074427500000,508096.822,3881300.448,0.010,2.080206,route_tangent,15,12.700,,,,,,,0.000000,0.0000,,,STOP_ROUTE_ERROR
221.230316,129.088811166667,35.074427500000,508096.822,3881300.448,0.010,2.080206,route_tangent,15,12.700,,,,,,,0.000000,0.0000,,,STOP_ROUTE_ERROR
221.277530,129.088811166667,35.074427500000,508096.822,3881300.448,0.010,2.080206,route_tangent,15,12.700,,,,,,,0.000000,0.0000,,,STOP_ROUTE_ERROR
221.327371,129.088811166667,35.074427500000,508096.822,3881300.448,0.005,2.080206,route_tangent,15,12.700,,,,,,,0.000000,0.0000,,,STOP_ROUTE_ERROR
221.377702,129.088811166667,35.074427500000,508096.822,3881300.448,0.005,2.080206,route_tangent,15,12.700,,,,,,,0.000000,0.0000,,,STOP_ROUTE_ERROR
221.427561,129.088811166667,35.074427500000,508096.822,3881300.448,0.005,2.080206,route_tangent,15,12.700,,,,,,,0.000000,0.0000,,,STOP_ROUTE_ERROR
221.477592,129.088811166667,35.074427500000,508096.822,3881300.448,0.005,2.080206,route_tangent,15,12.700,,,,,,,0.000000,0.0000,,,STOP_ROUTE_ERROR
221.527513,129.088811166667,35.074427500000,508096.822,3881300.448,0.005,2.080206,route_tangent,15,12.700,,,,,,,0.000000,0.0000,,,STOP_ROUTE_ERROR
221.577965,129.088811166667,35.074427500000,508096.822,3881300.448,0.005,2.080206,route_tangent,15,12.700,,,,,,,0.000000,0.0000,,,STOP_ROUTE_ERROR
221.627622,129.088811166667,35.074427500000,508096.822,3881300.448,0.015,2.080206,route_tangent,15,12.700,,,,,,,0.000000,0.0000,,,STOP_ROUTE_ERROR
221.677584,129.088811166667,35.074427500000,508096.822,3881300.448,0.015,2.080206,route_tangent,15,12.700,,,,,,,0.000000,0.0000,,,STOP_ROUTE_ERROR
221.727801,129.088811166667,35.074427500000,508096.822,3881300.448,0.015,2.080206,route_tangent,15,12.700,,,,,,,0.000000,0.0000,,,STOP_ROUTE_ERROR
221.777488,129.088811166667,35.074427500000,508096.822,3881300.448,0.015,2.080206,route_tangent,15,12.700,,,,,,,0.000000,0.0000,,,STOP_ROUTE_ERROR
221.827529,129.088811166667,35.074427666667,508096.822,3881300.467,0.014,2.080206,route_tangent,15,12.696,,,,,,,0.000000,0.0000,,,STOP_ROUTE_ERROR
221.877492,129.088811166667,35.074427666667,508096.822,3881300.467,0.014,2.080206,route_tangent,15,12.696,,,,,,,0.000000,0.0000,,,STOP_ROUTE_ERROR
221.927789,129.088811166667,35.074427666667,508096.822,3881300.467,0.014,2.080206,route_tangent,15,12.696,,,,,,,0.000000,0.0000,,,STOP_ROUTE_ERROR
221.977628,129.088811166667,35.074427666667,508096.822,3881300.467,0.014,2.080206,route_tangent,15,12.696,,,,,,,0.000000,0.0000,,,STOP_ROUTE_ERROR
222.028590,129.088811166667,35.074427666667,508096.822,3881300.467,0.014,2.080206,route_tangent,15,12.696,,,,,,,0.000000,0.0000,,,STOP_ROUTE_ERROR
222.077747,129.088811166667,35.074427666667,508096.822,3881300.467,0.014,2.080206,route_tangent,15,12.696,,,,,,,0.000000,0.0000,,,STOP_ROUTE_ERROR
222.127505,129.088811166667,35.074427500000,508096.822,3881300.448,0.007,2.080206,route_tangent,15,12.700,,,,,,,0.000000,0.0000,,,STOP_ROUTE_ERROR
222.177732,129.088811166667,35.074427500000,508096.822,3881300.448,0.007,2.080206,route_tangent,15,12.700,,,,,,,0.000000,0.0000,,,STOP_ROUTE_ERROR
222.227474,129.088811166667,35.074427500000,508096.822,3881300.448,0.007,2.080206,route_tangent,15,12.700,,,,,,,0.000000,0.0000,,,STOP_ROUTE_ERROR
222.279709,129.088811166667,35.074427500000,508096.822,3881300.448,0.007,2.080206,route_tangent,15,12.700,,,,,,,0.000000,0.0000,,,STOP_ROUTE_ERROR
222.327452,129.088811166667,35.074427666667,508096.822,3881300.467,0.002,2.080206,route_tangent,15,12.696,,,,,,,0.000000,0.0000,,,STOP_ROUTE_ERROR
222.377641,129.088811166667,35.074427666667,508096.822,3881300.467,0.002,2.080206,route_tangent,15,12.696,,,,,,,0.000000,0.0000,,,STOP_ROUTE_ERROR
222.427516,129.088811166667,35.074427666667,508096.822,3881300.467,0.002,2.080206,route_tangent,15,12.696,,,,,,,0.000000,0.0000,,,STOP_ROUTE_ERROR
222.477490,129.088811166667,35.074427666667,508096.822,3881300.467,0.002,2.080206,route_tangent,15,12.696,,,,,,,0.000000,0.0000,,,STOP_ROUTE_ERROR
222.527664,129.088811166667,35.074427666667,508096.822,3881300.467,0.002,2.080206,route_tangent,15,12.696,,,,,,,0.000000,0.0000,,,STOP_ROUTE_ERROR
222.577444,129.088811166667,35.074427666667,508096.822,3881300.467,0.011,2.080206,route_tangent,15,12.696,,,,,,,0.000000,0.0000,,,STOP_ROUTE_ERROR
222.627574,129.088811166667,35.074427666667,508096.822,3881300.467,0.011,2.080206,route_tangent,15,12.696,,,,,,,0.000000,0.0000,,,STOP_ROUTE_ERROR
222.677844,129.088811166667,35.074427666667,508096.822,3881300.467,0.011,2.080206,route_tangent,15,12.696,,,,,,,0.000000,0.0000,,,STOP_ROUTE_ERROR
222.727700,129.088811166667,35.074427666667,508096.822,3881300.467,0.011,2.080206,route_tangent,15,12.696,,,,,,,0.000000,0.0000,,,STOP_ROUTE_ERROR
222.777596,129.088811166667,35.074427666667,508096.822,3881300.467,0.011,2.080206,route_tangent,15,12.696,,,,,,,0.000000,0.0000,,,STOP_ROUTE_ERROR
222.827608,129.088811166667,35.074427666667,508096.822,3881300.467,0.001,2.080206,route_tangent,15,12.696,,,,,,,0.000000,0.0000,,,STOP_ROUTE_ERROR
222.877627,129.088811166667,35.074427666667,508096.822,3881300.467,0.001,2.080206,route_tangent,15,12.696,,,,,,,0.000000,0.0000,,,STOP_ROUTE_ERROR
222.927778,129.088811166667,35.074427666667,508096.822,3881300.467,0.001,2.080206,route_tangent,15,12.696,,,,,,,0.000000,0.0000,,,STOP_ROUTE_ERROR
222.977750,129.088811166667,35.074427666667,508096.822,3881300.467,0.001,2.080206,route_tangent,15,12.696,,,,,,,0.000000,0.0000,,,STOP_ROUTE_ERROR
223.027496,129.088811166667,35.074427666667,508096.822,3881300.467,0.001,2.080206,route_tangent,15,12.696,,,,,,,0.000000,0.0000,,,STOP_ROUTE_ERROR
223.077843,129.088811166667,35.074427666667,508096.822,3881300.467,0.001,2.080206,route_tangent,15,12.696,,,,,,,0.000000,0.0000,,,STOP_ROUTE_ERROR
223.127512,129.088811166667,35.074427666667,508096.822,3881300.467,0.006,2.080206,route_tangent,15,12.696,,,,,,,0.000000,0.0000,,,STOP_ROUTE_ERROR
223.177615,129.088811166667,35.074427666667,508096.822,3881300.467,0.006,2.080206,route_tangent,15,12.696,,,,,,,0.000000,0.0000,,,STOP_ROUTE_ERROR
223.227521,129.088811166667,35.074427666667,508096.822,3881300.467,0.006,2.080206,route_tangent,15,12.696,,,,,,,0.000000,0.0000,,,STOP_ROUTE_ERROR
223.277470,129.088811166667,35.074427666667,508096.822,3881300.467,0.006,2.080206,route_tangent,15,12.696,,,,,,,0.000000,0.0000,,,STOP_ROUTE_ERROR
223.327599,129.088811166667,35.074427666667,508096.822,3881300.467,0.005,2.080206,route_tangent,15,12.696,,,,,,,0.000000,0.0000,,,STOP_ROUTE_ERROR
223.377473,129.088811166667,35.074427666667,508096.822,3881300.467,0.005,2.080206,route_tangent,15,12.696,,,,,,,0.000000,0.0000,,,STOP_ROUTE_ERROR
223.427591,129.088811166667,35.074427666667,508096.822,3881300.467,0.005,2.080206,route_tangent,15,12.696,,,,,,,0.000000,0.0000,,,STOP_ROUTE_ERROR
223.477467,129.088811166667,35.074427666667,508096.822,3881300.467,0.005,2.080206,route_tangent,15,12.696,,,,,,,0.000000,0.0000,,,STOP_ROUTE_ERROR
223.527813,129.088811166667,35.074427666667,508096.822,3881300.467,0.005,2.080206,route_tangent,15,12.696,,,,,,,0.000000,0.0000,,,STOP_ROUTE_ERROR
223.577620,129.088811166667,35.074427666667,508096.822,3881300.467,0.008,2.080206,route_tangent,15,12.696,,,,,,,0.000000,0.0000,,,STOP_ROUTE_ERROR
223.628513,129.088811166667,35.074427666667,508096.822,3881300.467,0.008,2.080206,route_tangent,15,12.696,,,,,,,0.000000,0.0000,,,STOP_ROUTE_ERROR
223.677638,129.088811166667,35.074427666667,508096.822,3881300.467,0.008,2.080206,route_tangent,15,12.696,,,,,,,0.000000,0.0000,,,STOP_ROUTE_ERROR
223.727525,129.088811166667,35.074427666667,508096.822,3881300.467,0.008,2.080206,route_tangent,15,12.696,,,,,,,0.000000,0.0000,,,STOP_ROUTE_ERROR
223.777855,129.088811166667,35.074427666667,508096.822,3881300.467,0.008,2.080206,route_tangent,15,12.696,,,,,,,0.000000,0.0000,,,STOP_ROUTE_ERROR
223.827441,129.088811166667,35.074427666667,508096.822,3881300.467,0.008,2.080206,route_tangent,15,12.696,,,,,,,0.000000,0.0000,,,STOP_ROUTE_ERROR
223.877690,129.088811166667,35.074427666667,508096.822,3881300.467,0.008,2.080206,route_tangent,15,12.696,,,,,,,0.000000,0.0000,,,STOP_ROUTE_ERROR
223.927522,129.088811166667,35.074427666667,508096.822,3881300.467,0.008,2.080206,route_tangent,15,12.696,,,,,,,0.000000,0.0000,,,STOP_ROUTE_ERROR
223.977597,129.088811166667,35.074427666667,508096.822,3881300.467,0.008,2.080206,route_tangent,15,12.696,,,,,,,0.000000,0.0000,,,STOP_ROUTE_ERROR
224.027619,129.088811166667,35.074427666667,508096.822,3881300.467,0.008,2.080206,route_tangent,15,12.696,,,,,,,0.000000,0.0000,,,STOP_ROUTE_ERROR
224.077548,129.088811166667,35.074427666667,508096.822,3881300.467,0.008,2.080206,route_tangent,15,12.696,,,,,,,0.000000,0.0000,,,STOP_ROUTE_ERROR
224.127520,129.088811166667,35.074427500000,508096.822,3881300.448,0.005,2.080206,route_tangent,15,12.700,,,,,,,0.000000,0.0000,,,STOP_ROUTE_ERROR
224.177478,129.088811166667,35.074427500000,508096.822,3881300.448,0.005,2.080206,route_tangent,15,12.700,,,,,,,0.000000,0.0000,,,STOP_ROUTE_ERROR
224.227737,129.088811166667,35.074427500000,508096.822,3881300.448,0.005,2.080206,route_tangent,15,12.700,,,,,,,0.000000,0.0000,,,STOP_ROUTE_ERROR
224.277479,129.088811166667,35.074427500000,508096.822,3881300.448,0.005,2.080206,route_tangent,15,12.700,,,,,,,0.000000,0.0000,,,STOP_ROUTE_ERROR
224.327303,129.088811166667,35.074427500000,508096.822,3881300.448,0.026,2.080206,route_tangent,15,12.700,,,,,,,0.000000,0.0000,,,STOP_ROUTE_ERROR
224.377693,129.088811166667,35.074427666667,508096.822,3881300.467,0.026,2.080206,route_tangent,15,12.696,,,,,,,0.000000,0.0000,,,STOP_ROUTE_ERROR
224.427557,129.088811166667,35.074427666667,508096.822,3881300.467,0.026,2.080206,route_tangent,15,12.696,,,,,,,0.000000,0.0000,,,STOP_ROUTE_ERROR
224.477751,129.088811166667,35.074427666667,508096.822,3881300.467,0.026,2.080206,route_tangent,15,12.696,,,,,,,0.000000,0.0000,,,STOP_ROUTE_ERROR
224.527478,129.088811166667,35.074427666667,508096.822,3881300.467,0.026,2.080206,route_tangent,15,12.696,,,,,,,0.000000,0.0000,,,STOP_ROUTE_ERROR
224.577501,129.088811166667,35.074427500000,508096.822,3881300.448,0.025,2.080206,route_tangent,15,12.700,,,,,,,0.000000,0.0000,,,STOP_ROUTE_ERROR
224.627505,129.088811166667,35.074427500000,508096.822,3881300.448,0.025,2.080206,route_tangent,15,12.700,,,,,,,0.000000,0.0000,,,STOP_ROUTE_ERROR
224.678323,129.088811166667,35.074427500000,508096.822,3881300.448,0.025,2.080206,route_tangent,15,12.700,,,,,,,0.000000,0.0000,,,STOP_ROUTE_ERROR
224.727484,129.088811166667,35.074427500000,508096.822,3881300.448,0.025,2.080206,route_tangent,15,12.700,,,,,,,0.000000,0.0000,,,STOP_ROUTE_ERROR
224.777744,129.088811166667,35.074427500000,508096.822,3881300.448,0.025,2.080206,route_tangent,15,12.700,,,,,,,0.000000,0.0000,,,STOP_ROUTE_ERROR
224.827370,129.088811166667,35.074427666667,508096.822,3881300.467,0.016,2.080206,route_tangent,15,12.696,,,,,,,0.000000,0.0000,,,STOP_ROUTE_ERROR
224.877798,129.088811166667,35.074427666667,508096.822,3881300.467,0.016,2.080206,route_tangent,15,12.696,,,,,,,0.000000,0.0000,,,STOP_ROUTE_ERROR
224.927540,129.088811166667,35.074427666667,508096.822,3881300.467,0.016,2.080206,route_tangent,15,12.696,,,,,,,0.000000,0.0000,,,STOP_ROUTE_ERROR
224.977517,129.088811166667,35.074427666667,508096.822,3881300.467,0.016,2.080206,route_tangent,15,12.696,,,,,,,0.000000,0.0000,,,STOP_ROUTE_ERROR
225.028535,129.088811166667,35.074427666667,508096.822,3881300.467,0.016,2.080206,route_tangent,15,12.696,,,,,,,0.000000,0.0000,,,STOP_ROUTE_ERROR
225.077429,129.088811166667,35.074427666667,508096.822,3881300.467,0.016,2.080206,route_tangent,15,12.696,,,,,,,0.000000,0.0000,,,STOP_ROUTE_ERROR
225.128861,129.088811166667,35.074427666667,508096.822,3881300.467,0.014,2.080206,route_tangent,15,12.696,,,,,,,0.000000,0.0000,,,STOP_ROUTE_ERROR
225.177582,129.088811166667,35.074427666667,508096.822,3881300.467,0.014,2.080206,route_tangent,15,12.696,,,,,,,0.000000,0.0000,,,STOP_ROUTE_ERROR
225.227467,129.088811166667,35.074427666667,508096.822,3881300.467,0.014,2.080206,route_tangent,15,12.696,,,,,,,0.000000,0.0000,,,STOP_ROUTE_ERROR
225.277585,129.088811166667,35.074427666667,508096.822,3881300.467,0.014,2.080206,route_tangent,15,12.696,,,,,,,0.000000,0.0000,,,STOP_ROUTE_ERROR
225.327490,129.088811166667,35.074427666667,508096.822,3881300.467,0.005,2.080206,route_tangent,15,12.696,,,,,,,0.000000,0.0000,,,STOP_ROUTE_ERROR
225.377797,129.088811166667,35.074427666667,508096.822,3881300.467,0.005,2.080206,route_tangent,15,12.696,,,,,,,0.000000,0.0000,,,STOP_ROUTE_ERROR
225.427472,129.088811166667,35.074427666667,508096.822,3881300.467,0.005,2.080206,route_tangent,15,12.696,,,,,,,0.000000,0.0000,,,STOP_ROUTE_ERROR
225.477636,129.088811166667,35.074427666667,508096.822,3881300.467,0.005,2.080206,route_tangent,15,12.696,,,,,,,0.000000,0.0000,,,STOP_ROUTE_ERROR
225.527493,129.088811166667,35.074427666667,508096.822,3881300.467,0.005,2.080206,route_tangent,15,12.696,,,,,,,0.000000,0.0000,,,STOP_ROUTE_ERROR
225.578247,129.088811166667,35.074427500000,508096.822,3881300.448,0.006,2.080206,route_tangent,15,12.700,,,,,,,0.000000,0.0000,,,STOP_ROUTE_ERROR
225.627493,129.088811166667,35.074427500000,508096.822,3881300.448,0.006,2.080206,route_tangent,15,12.700,,,,,,,0.000000,0.0000,,,STOP_ROUTE_ERROR
225.677527,129.088811166667,35.074427500000,508096.822,3881300.448,0.006,2.080206,route_tangent,15,12.700,,,,,,,0.000000,0.0000,,,STOP_ROUTE_ERROR
225.727647,129.088811166667,35.074427500000,508096.822,3881300.448,0.006,2.080206,route_tangent,15,12.700,,,,,,,0.000000,0.0000,,,STOP_ROUTE_ERROR
225.777559,129.088811166667,35.074427500000,508096.822,3881300.448,0.006,2.080206,route_tangent,15,12.700,,,,,,,0.000000,0.0000,,,STOP_ROUTE_ERROR
225.827546,129.088811166667,35.074427500000,508096.822,3881300.448,0.007,2.080206,route_tangent,15,12.700,,,,,,,0.000000,0.0000,,,STOP_ROUTE_ERROR
225.877532,129.088811166667,35.074427500000,508096.822,3881300.448,0.007,2.080206,route_tangent,15,12.700,,,,,,,0.000000,0.0000,,,STOP_ROUTE_ERROR
225.927627,129.088811166667,35.074427500000,508096.822,3881300.448,0.007,2.080206,route_tangent,15,12.700,,,,,,,0.000000,0.0000,,,STOP_ROUTE_ERROR
225.977674,129.088811166667,35.074427500000,508096.822,3881300.448,0.007,2.080206,route_tangent,15,12.700,,,,,,,0.000000,0.0000,,,STOP_ROUTE_ERROR
226.027489,129.088811166667,35.074427500000,508096.822,3881300.448,0.007,2.080206,route_tangent,15,12.700,,,,,,,0.000000,0.0000,,,STOP_ROUTE_ERROR
226.077627,129.088811166667,35.074427500000,508096.822,3881300.448,0.007,2.080206,route_tangent,15,12.700,,,,,,,0.000000,0.0000,,,STOP_ROUTE_ERROR
226.127616,129.088811166667,35.074427666667,508096.822,3881300.467,0.018,2.080206,route_tangent,15,12.696,,,,,,,0.000000,0.0000,,,STOP_ROUTE_ERROR
226.177624,129.088811166667,35.074427666667,508096.822,3881300.467,0.018,2.080206,route_tangent,15,12.696,,,,,,,0.000000,0.0000,,,STOP_ROUTE_ERROR
226.228195,129.088811166667,35.074427666667,508096.822,3881300.467,0.018,2.080206,route_tangent,15,12.696,,,,,,,0.000000,0.0000,,,STOP_ROUTE_ERROR
226.277604,129.088811166667,35.074427666667,508096.822,3881300.467,0.018,2.080206,route_tangent,15,12.696,,,,,,,0.000000,0.0000,,,STOP_ROUTE_ERROR
226.327359,129.088811166667,35.074427500000,508096.822,3881300.448,0.020,2.080206,route_tangent,15,12.700,,,,,,,0.000000,0.0000,,,STOP_ROUTE_ERROR
226.379197,129.088811166667,35.074427500000,508096.822,3881300.448,0.020,2.080206,route_tangent,15,12.700,,,,,,,0.000000,0.0000,,,STOP_ROUTE_ERROR
226.427601,129.088811166667,35.074427500000,508096.822,3881300.448,0.020,2.080206,route_tangent,15,12.700,,,,,,,0.000000,0.0000,,,STOP_ROUTE_ERROR
226.477537,129.088811166667,35.074427500000,508096.822,3881300.448,0.020,2.080206,route_tangent,15,12.700,,,,,,,0.000000,0.0000,,,STOP_ROUTE_ERROR
226.527642,129.088811166667,35.074427500000,508096.822,3881300.448,0.020,2.080206,route_tangent,15,12.700,,,,,,,0.000000,0.0000,,,STOP_ROUTE_ERROR
226.577484,129.088811166667,35.074427500000,508096.822,3881300.448,0.007,2.080206,route_tangent,15,12.700,,,,,,,0.000000,0.0000,,,STOP_ROUTE_ERROR
226.627914,129.088811166667,35.074427500000,508096.822,3881300.448,0.007,2.080206,route_tangent,15,12.700,,,,,,,0.000000,0.0000,,,STOP_ROUTE_ERROR
226.677918,129.088811166667,35.074427500000,508096.822,3881300.448,0.007,2.080206,route_tangent,15,12.700,,,,,,,0.000000,0.0000,,,STOP_ROUTE_ERROR
226.727613,129.088811166667,35.074427500000,508096.822,3881300.448,0.007,2.080206,route_tangent,15,12.700,,,,,,,0.000000,0.0000,,,STOP_ROUTE_ERROR
226.777515,129.088811166667,35.074427500000,508096.822,3881300.448,0.007,2.080206,route_tangent,15,12.700,,,,,,,0.000000,0.0000,,,STOP_ROUTE_ERROR
226.827499,129.088811166667,35.074427666667,508096.822,3881300.467,0.016,2.080206,route_tangent,15,12.696,,,,,,,0.000000,0.0000,,,STOP_ROUTE_ERROR
226.877635,129.088811166667,35.074427666667,508096.822,3881300.467,0.016,2.080206,route_tangent,15,12.696,,,,,,,0.000000,0.0000,,,STOP_ROUTE_ERROR
226.927608,129.088811166667,35.074427666667,508096.822,3881300.467,0.016,2.080206,route_tangent,15,12.696,,,,,,,0.000000,0.0000,,,STOP_ROUTE_ERROR
226.977705,129.088811166667,35.074427666667,508096.822,3881300.467,0.016,2.080206,route_tangent,15,12.696,,,,,,,0.000000,0.0000,,,STOP_ROUTE_ERROR
227.027445,129.088811166667,35.074427666667,508096.822,3881300.467,0.016,2.080206,route_tangent,15,12.696,,,,,,,0.000000,0.0000,,,STOP_ROUTE_ERROR
227.080047,129.088811166667,35.074427666667,508096.822,3881300.467,0.016,2.080206,route_tangent,15,12.696,,,,,,,0.000000,0.0000,,,STOP_ROUTE_ERROR
227.127531,129.088811166667,35.074427666667,508096.822,3881300.467,0.018,2.080206,route_tangent,15,12.696,,,,,,,0.000000,0.0000,,,STOP_ROUTE_ERROR
227.179412,129.088811166667,35.074427666667,508096.822,3881300.467,0.018,2.080206,route_tangent,15,12.696,,,,,,,0.000000,0.0000,,,STOP_ROUTE_ERROR
227.227613,129.088811166667,35.074427666667,508096.822,3881300.467,0.018,2.080206,route_tangent,15,12.696,,,,,,,0.000000,0.0000,,,STOP_ROUTE_ERROR
227.277592,129.088811166667,35.074427666667,508096.822,3881300.467,0.018,2.080206,route_tangent,15,12.696,,,,,,,0.000000,0.0000,,,STOP_ROUTE_ERROR
227.327450,129.088811166667,35.074427666667,508096.822,3881300.467,0.009,2.080206,route_tangent,15,12.696,,,,,,,0.000000,0.0000,,,STOP_ROUTE_ERROR
227.377467,129.088811166667,35.074427666667,508096.822,3881300.467,0.009,2.080206,route_tangent,15,12.696,,,,,,,0.000000,0.0000,,,STOP_ROUTE_ERROR
227.430025,129.088811166667,35.074427666667,508096.822,3881300.467,0.009,2.080206,route_tangent,15,12.696,,,,,,,0.000000,0.0000,,,STOP_ROUTE_ERROR
227.477495,129.088811166667,35.074427666667,508096.822,3881300.467,0.009,2.080206,route_tangent,15,12.696,,,,,,,0.000000,0.0000,,,STOP_ROUTE_ERROR
227.527774,129.088811166667,35.074427666667,508096.822,3881300.467,0.009,2.080206,route_tangent,15,12.696,,,,,,,0.000000,0.0000,,,STOP_ROUTE_ERROR
227.577483,129.088811166667,35.074427666667,508096.822,3881300.467,0.006,2.080206,route_tangent,15,12.696,,,,,,,0.000000,0.0000,,,STOP_ROUTE_ERROR
227.629140,129.088811166667,35.074427666667,508096.822,3881300.467,0.006,2.080206,route_tangent,15,12.696,,,,,,,0.000000,0.0000,,,STOP_ROUTE_ERROR
227.677639,129.088811166667,35.074427666667,508096.822,3881300.467,0.006,2.080206,route_tangent,15,12.696,,,,,,,0.000000,0.0000,,,STOP_ROUTE_ERROR
227.727443,129.088811166667,35.074427666667,508096.822,3881300.467,0.006,2.080206,route_tangent,15,12.696,,,,,,,0.000000,0.0000,,,STOP_ROUTE_ERROR
227.777882,129.088811166667,35.074427666667,508096.822,3881300.467,0.006,2.080206,route_tangent,15,12.696,,,,,,,0.000000,0.0000,,,STOP_ROUTE_ERROR
227.827518,129.088811166667,35.074427666667,508096.822,3881300.467,0.021,2.080206,route_tangent,15,12.696,,,,,,,0.000000,0.0000,,,STOP_ROUTE_ERROR
227.877614,129.088811166667,35.074427666667,508096.822,3881300.467,0.021,2.080206,route_tangent,15,12.696,,,,,,,0.000000,0.0000,,,STOP_ROUTE_ERROR
227.927627,129.088811166667,35.074427666667,508096.822,3881300.467,0.021,2.080206,route_tangent,15,12.696,,,,,,,0.000000,0.0000,,,STOP_ROUTE_ERROR
227.979159,129.088811166667,35.074427666667,508096.822,3881300.467,0.021,2.080206,route_tangent,15,12.696,,,,,,,0.000000,0.0000,,,STOP_ROUTE_ERROR
228.027709,129.088811166667,35.074427666667,508096.822,3881300.467,0.021,2.080206,route_tangent,15,12.696,,,,,,,0.000000,0.0000,,,STOP_ROUTE_ERROR
228.077486,129.088811166667,35.074427666667,508096.822,3881300.467,0.021,2.080206,route_tangent,15,12.696,,,,,,,0.000000,0.0000,,,STOP_ROUTE_ERROR
228.127644,129.088811166667,35.074427666667,508096.822,3881300.467,0.013,2.080206,route_tangent,15,12.696,,,,,,,0.000000,0.0000,,,STOP_ROUTE_ERROR
228.178610,129.088811166667,35.074427666667,508096.822,3881300.467,0.013,2.080206,route_tangent,15,12.696,,,,,,,0.000000,0.0000,,,STOP_ROUTE_ERROR
228.227811,129.088811166667,35.074427666667,508096.822,3881300.467,0.013,2.080206,route_tangent,15,12.696,,,,,,,0.000000,0.0000,,,STOP_ROUTE_ERROR
228.277453,129.088811166667,35.074427666667,508096.822,3881300.467,0.013,2.080206,route_tangent,15,12.696,,,,,,,0.000000,0.0000,,,STOP_ROUTE_ERROR
228.327979,129.088811166667,35.074427666667,508096.822,3881300.467,0.012,2.080206,route_tangent,15,12.696,,,,,,,0.000000,0.0000,,,STOP_ROUTE_ERROR
228.377622,129.088811166667,35.074427666667,508096.822,3881300.467,0.012,2.080206,route_tangent,15,12.696,,,,,,,0.000000,0.0000,,,STOP_ROUTE_ERROR
228.427698,129.088811166667,35.074427666667,508096.822,3881300.467,0.012,2.080206,route_tangent,15,12.696,,,,,,,0.000000,0.0000,,,STOP_ROUTE_ERROR
228.477572,129.088811166667,35.074427666667,508096.822,3881300.467,0.012,2.080206,route_tangent,15,12.696,,,,,,,0.000000,0.0000,,,STOP_ROUTE_ERROR
228.527531,129.088811166667,35.074427666667,508096.822,3881300.467,0.012,2.080206,route_tangent,15,12.696,,,,,,,0.000000,0.0000,,,STOP_ROUTE_ERROR
228.577508,129.088811166667,35.074427666667,508096.822,3881300.467,0.011,2.080206,route_tangent,15,12.696,,,,,,,0.000000,0.0000,,,STOP_ROUTE_ERROR
228.627482,129.088811166667,35.074427666667,508096.822,3881300.467,0.011,2.080206,route_tangent,15,12.696,,,,,,,0.000000,0.0000,,,STOP_ROUTE_ERROR
228.677812,129.088811166667,35.074427666667,508096.822,3881300.467,0.011,2.080206,route_tangent,15,12.696,,,,,,,0.000000,0.0000,,,STOP_ROUTE_ERROR
228.727553,129.088811166667,35.074427666667,508096.822,3881300.467,0.011,2.080206,route_tangent,15,12.696,,,,,,,0.000000,0.0000,,,STOP_ROUTE_ERROR
228.777989,129.088811166667,35.074427666667,508096.822,3881300.467,0.011,2.080206,route_tangent,15,12.696,,,,,,,0.000000,0.0000,,,STOP_ROUTE_ERROR
228.827657,129.088811166667,35.074427666667,508096.822,3881300.467,0.011,2.080206,route_tangent,15,12.696,,,,,,,0.000000,0.0000,,,STOP_ROUTE_ERROR
228.877632,129.088811166667,35.074427666667,508096.822,3881300.467,0.011,2.080206,route_tangent,15,12.696,,,,,,,0.000000,0.0000,,,STOP_ROUTE_ERROR
228.927564,129.088811166667,35.074427666667,508096.822,3881300.467,0.011,2.080206,route_tangent,15,12.696,,,,,,,0.000000,0.0000,,,STOP_ROUTE_ERROR
228.977480,129.088811166667,35.074427666667,508096.822,3881300.467,0.011,2.080206,route_tangent,15,12.696,,,,,,,0.000000,0.0000,,,STOP_ROUTE_ERROR
229.027811,129.088811166667,35.074427666667,508096.822,3881300.467,0.011,2.080206,route_tangent,15,12.696,,,,,,,0.000000,0.0000,,,STOP_ROUTE_ERROR
229.077444,129.088811166667,35.074427666667,508096.822,3881300.467,0.011,2.080206,route_tangent,15,12.696,,,,,,,0.000000,0.0000,,,STOP_ROUTE_ERROR
229.129382,129.088811166667,35.074427666667,508096.822,3881300.467,0.025,2.080206,route_tangent,15,12.696,,,,,,,0.000000,0.0000,,,STOP_ROUTE_ERROR
229.177791,129.088811166667,35.074427666667,508096.822,3881300.467,0.025,2.080206,route_tangent,15,12.696,,,,,,,0.000000,0.0000,,,STOP_ROUTE_ERROR
229.227778,129.088811166667,35.074427666667,508096.822,3881300.467,0.025,2.080206,route_tangent,15,12.696,,,,,,,0.000000,0.0000,,,STOP_ROUTE_ERROR
229.277946,129.088811166667,35.074427666667,508096.822,3881300.467,0.025,2.080206,route_tangent,15,12.696,,,,,,,0.000000,0.0000,,,STOP_ROUTE_ERROR
229.327585,129.088811166667,35.074427666667,508096.822,3881300.467,0.025,2.080206,route_tangent,15,12.696,,,,,,,0.000000,0.0000,,,STOP_ROUTE_ERROR
229.377592,129.088811166667,35.074427666667,508096.822,3881300.467,0.023,2.080206,route_tangent,15,12.696,,,,,,,0.000000,0.0000,,,STOP_ROUTE_ERROR
229.427516,129.088811166667,35.074427666667,508096.822,3881300.467,0.023,2.080206,route_tangent,15,12.696,,,,,,,0.000000,0.0000,,,STOP_ROUTE_ERROR
229.477596,129.088811166667,35.074427666667,508096.822,3881300.467,0.023,2.080206,route_tangent,15,12.696,,,,,,,0.000000,0.0000,,,STOP_ROUTE_ERROR
229.527529,129.088811166667,35.074427666667,508096.822,3881300.467,0.023,2.080206,route_tangent,15,12.696,,,,,,,0.000000,0.0000,,,STOP_ROUTE_ERROR
229.577429,129.088811166667,35.074427666667,508096.822,3881300.467,0.014,2.080206,route_tangent,15,12.696,,,,,,,0.000000,0.0000,,,STOP_ROUTE_ERROR
229.627524,129.088811166667,35.074427666667,508096.822,3881300.467,0.014,2.080206,route_tangent,15,12.696,,,,,,,0.000000,0.0000,,,STOP_ROUTE_ERROR
229.677472,129.088811166667,35.074427666667,508096.822,3881300.467,0.014,2.080206,route_tangent,15,12.696,,,,,,,0.000000,0.0000,,,STOP_ROUTE_ERROR
229.727707,129.088811166667,35.074427666667,508096.822,3881300.467,0.014,2.080206,route_tangent,15,12.696,,,,,,,0.000000,0.0000,,,STOP_ROUTE_ERROR
229.777520,129.088811166667,35.074427666667,508096.822,3881300.467,0.014,2.080206,route_tangent,15,12.696,,,,,,,0.000000,0.0000,,,STOP_ROUTE_ERROR
229.827970,129.088811166667,35.074427666667,508096.822,3881300.467,0.014,2.080206,route_tangent,15,12.696,,,,,,,0.000000,0.0000,,,STOP_ROUTE_ERROR
229.877801,129.088811166667,35.074427666667,508096.822,3881300.467,0.014,2.080206,route_tangent,15,12.696,,,,,,,0.000000,0.0000,,,STOP_ROUTE_ERROR
229.929855,129.088811166667,35.074427666667,508096.822,3881300.467,0.014,2.080206,route_tangent,15,12.696,,,,,,,0.000000,0.0000,,,STOP_ROUTE_ERROR
229.977533,129.088811166667,35.074427666667,508096.822,3881300.467,0.014,2.080206,route_tangent,15,12.696,,,,,,,0.000000,0.0000,,,STOP_ROUTE_ERROR
230.027453,129.088811166667,35.074427666667,508096.822,3881300.467,0.014,2.080206,route_tangent,15,12.696,,,,,,,0.000000,0.0000,,,STOP_ROUTE_ERROR
230.077647,129.088811166667,35.074427666667,508096.822,3881300.467,0.014,2.080206,route_tangent,15,12.696,,,,,,,0.000000,0.0000,,,STOP_ROUTE_ERROR
230.127530,129.088811166667,35.074427666667,508096.822,3881300.467,0.016,2.080206,route_tangent,15,12.696,,,,,,,0.000000,0.0000,,,STOP_ROUTE_ERROR
230.177813,129.088811166667,35.074427666667,508096.822,3881300.467,0.016,2.080206,route_tangent,15,12.696,,,,,,,0.000000,0.0000,,,STOP_ROUTE_ERROR
230.227522,129.088811166667,35.074427666667,508096.822,3881300.467,0.016,2.080206,route_tangent,15,12.696,,,,,,,0.000000,0.0000,,,STOP_ROUTE_ERROR
230.278814,129.088811166667,35.074427666667,508096.822,3881300.467,0.016,2.080206,route_tangent,15,12.696,,,,,,,0.000000,0.0000,,,STOP_ROUTE_ERROR
230.327367,129.088811166667,35.074427666667,508096.822,3881300.467,0.018,2.080206,route_tangent,15,12.696,,,,,,,0.000000,0.0000,,,STOP_ROUTE_ERROR
230.377620,129.088811166667,35.074427666667,508096.822,3881300.467,0.018,2.080206,route_tangent,15,12.696,,,,,,,0.000000,0.0000,,,STOP_ROUTE_ERROR
230.427580,129.088811166667,35.074427666667,508096.822,3881300.467,0.018,2.080206,route_tangent,15,12.696,,,,,,,0.000000,0.0000,,,STOP_ROUTE_ERROR
230.477486,129.088811166667,35.074427666667,508096.822,3881300.467,0.018,2.080206,route_tangent,15,12.696,,,,,,,0.000000,0.0000,,,STOP_ROUTE_ERROR
230.527725,129.088811166667,35.074427666667,508096.822,3881300.467,0.018,2.080206,route_tangent,15,12.696,,,,,,,0.000000,0.0000,,,STOP_ROUTE_ERROR
230.577383,129.088811166667,35.074427500000,508096.822,3881300.448,0.009,2.080206,route_tangent,15,12.700,,,,,,,0.000000,0.0000,,,STOP_ROUTE_ERROR
230.627586,129.088811166667,35.074427500000,508096.822,3881300.448,0.009,2.080206,route_tangent,15,12.700,,,,,,,0.000000,0.0000,,,STOP_ROUTE_ERROR
230.677737,129.088811166667,35.074427500000,508096.822,3881300.448,0.009,2.080206,route_tangent,15,12.700,,,,,,,0.000000,0.0000,,,STOP_ROUTE_ERROR
230.727772,129.088811166667,35.074427500000,508096.822,3881300.448,0.009,2.080206,route_tangent,15,12.700,,,,,,,0.000000,0.0000,,,STOP_ROUTE_ERROR
230.777887,129.088811166667,35.074427500000,508096.822,3881300.448,0.009,2.080206,route_tangent,15,12.700,,,,,,,0.000000,0.0000,,,STOP_ROUTE_ERROR
230.827495,129.088811166667,35.074427666667,508096.822,3881300.467,0.023,2.080206,route_tangent,15,12.696,,,,,,,0.000000,0.0000,,,STOP_ROUTE_ERROR
230.877571,129.088811166667,35.074427666667,508096.822,3881300.467,0.023,2.080206,route_tangent,15,12.696,,,,,,,0.000000,0.0000,,,STOP_ROUTE_ERROR
230.927987,129.088811166667,35.074427666667,508096.822,3881300.467,0.023,2.080206,route_tangent,15,12.696,,,,,,,0.000000,0.0000,,,STOP_ROUTE_ERROR
230.977757,129.088811166667,35.074427666667,508096.822,3881300.467,0.023,2.080206,route_tangent,15,12.696,,,,,,,0.000000,0.0000,,,STOP_ROUTE_ERROR
231.027564,129.088811166667,35.074427666667,508096.822,3881300.467,0.023,2.080206,route_tangent,15,12.696,,,,,,,0.000000,0.0000,,,STOP_ROUTE_ERROR
231.078821,129.088811166667,35.074427666667,508096.822,3881300.467,0.023,2.080206,route_tangent,15,12.696,,,,,,,0.000000,0.0000,,,STOP_ROUTE_ERROR
231.127642,129.088811166667,35.074427500000,508096.822,3881300.448,0.017,2.080206,route_tangent,15,12.700,,,,,,,0.000000,0.0000,,,STOP_ROUTE_ERROR
231.177708,129.088811166667,35.074427500000,508096.822,3881300.448,0.017,2.080206,route_tangent,15,12.700,,,,,,,0.000000,0.0000,,,STOP_ROUTE_ERROR
231.227660,129.088811166667,35.074427500000,508096.822,3881300.448,0.017,2.080206,route_tangent,15,12.700,,,,,,,0.000000,0.0000,,,STOP_ROUTE_ERROR
231.277555,129.088811166667,35.074427500000,508096.822,3881300.448,0.017,2.080206,route_tangent,15,12.700,,,,,,,0.000000,0.0000,,,STOP_ROUTE_ERROR
231.327386,129.088811166667,35.074427666667,508096.822,3881300.467,0.012,2.080206,route_tangent,15,12.696,,,,,,,0.000000,0.0000,,,STOP_ROUTE_ERROR
231.378041,129.088811166667,35.074427666667,508096.822,3881300.467,0.012,2.080206,route_tangent,15,12.696,,,,,,,0.000000,0.0000,,,STOP_ROUTE_ERROR
231.427612,129.088811166667,35.074427666667,508096.822,3881300.467,0.012,2.080206,route_tangent,15,12.696,,,,,,,0.000000,0.0000,,,STOP_ROUTE_ERROR
231.477778,129.088811166667,35.074427666667,508096.822,3881300.467,0.012,2.080206,route_tangent,15,12.696,,,,,,,0.000000,0.0000,,,STOP_ROUTE_ERROR
231.527578,129.088811166667,35.074427666667,508096.822,3881300.467,0.012,2.080206,route_tangent,15,12.696,,,,,,,0.000000,0.0000,,,STOP_ROUTE_ERROR
231.577941,129.088811166667,35.074427666667,508096.822,3881300.467,0.012,2.080206,route_tangent,15,12.696,,,,,,,0.000000,0.0000,,,STOP_ROUTE_ERROR
231.629084,129.088811166667,35.074427500000,508096.822,3881300.448,0.012,2.080206,route_tangent,15,12.700,,,,,,,0.000000,0.0000,,,STOP_ROUTE_ERROR
231.677886,129.088811166667,35.074427500000,508096.822,3881300.448,0.012,2.080206,route_tangent,15,12.700,,,,,,,0.000000,0.0000,,,STOP_ROUTE_ERROR
231.727775,129.088811166667,35.074427500000,508096.822,3881300.448,0.012,2.080206,route_tangent,15,12.700,,,,,,,0.000000,0.0000,,,STOP_ROUTE_ERROR
231.777582,129.088811166667,35.074427500000,508096.822,3881300.448,0.012,2.080206,route_tangent,15,12.700,,,,,,,0.000000,0.0000,,,STOP_ROUTE_ERROR
231.827432,129.088811166667,35.074427500000,508096.822,3881300.448,0.006,2.080206,route_tangent,15,12.700,,,,,,,0.000000,0.0000,,,STOP_ROUTE_ERROR
231.877603,129.088811166667,35.074427666667,508096.822,3881300.467,0.006,2.080206,route_tangent,15,12.696,,,,,,,0.000000,0.0000,,,STOP_ROUTE_ERROR
231.927795,129.088811166667,35.074427666667,508096.822,3881300.467,0.006,2.080206,route_tangent,15,12.696,,,,,,,0.000000,0.0000,,,STOP_ROUTE_ERROR
231.978122,129.088811166667,35.074427666667,508096.822,3881300.467,0.006,2.080206,route_tangent,15,12.696,,,,,,,0.000000,0.0000,,,STOP_ROUTE_ERROR
232.027722,129.088811166667,35.074427666667,508096.822,3881300.467,0.006,2.080206,route_tangent,15,12.696,,,,,,,0.000000,0.0000,,,STOP_ROUTE_ERROR
232.077569,129.088811166667,35.074427666667,508096.822,3881300.467,0.006,2.080206,route_tangent,15,12.696,,,,,,,0.000000,0.0000,,,STOP_ROUTE_ERROR
232.127621,129.088811166667,35.074427666667,508096.822,3881300.467,0.010,2.080206,route_tangent,15,12.696,,,,,,,0.000000,0.0000,,,STOP_ROUTE_ERROR
232.177484,129.088811166667,35.074427666667,508096.822,3881300.467,0.010,2.080206,route_tangent,15,12.696,,,,,,,0.000000,0.0000,,,STOP_ROUTE_ERROR
232.229048,129.088811166667,35.074427666667,508096.822,3881300.467,0.010,2.080206,route_tangent,15,12.696,,,,,,,0.000000,0.0000,,,STOP_ROUTE_ERROR
232.277487,129.088811166667,35.074427666667,508096.822,3881300.467,0.010,2.080206,route_tangent,15,12.696,,,,,,,0.000000,0.0000,,,STOP_ROUTE_ERROR
232.328007,129.088811166667,35.074427666667,508096.822,3881300.467,0.010,2.080206,route_tangent,15,12.696,,,,,,,0.000000,0.0000,,,STOP_ROUTE_ERROR
232.377479,129.088811166667,35.074427666667,508096.822,3881300.467,0.013,2.080206,route_tangent,15,12.696,,,,,,,0.000000,0.0000,,,STOP_ROUTE_ERROR
232.427721,129.088811166667,35.074427666667,508096.822,3881300.467,0.013,2.080206,route_tangent,15,12.696,,,,,,,0.000000,0.0000,,,STOP_ROUTE_ERROR
232.478329,129.088811166667,35.074427666667,508096.822,3881300.467,0.013,2.080206,route_tangent,15,12.696,,,,,,,0.000000,0.0000,,,STOP_ROUTE_ERROR
232.527627,129.088811166667,35.074427666667,508096.822,3881300.467,0.013,2.080206,route_tangent,15,12.696,,,,,,,0.000000,0.0000,,,STOP_ROUTE_ERROR
232.577607,129.088811166667,35.074427666667,508096.822,3881300.467,0.013,2.080206,route_tangent,15,12.696,,,,,,,0.000000,0.0000,,,STOP_ROUTE_ERROR
232.627468,129.088811166667,35.074427666667,508096.822,3881300.467,0.010,2.080206,route_tangent,15,12.696,,,,,,,0.000000,0.0000,,,STOP_ROUTE_ERROR
232.677578,129.088811166667,35.074427666667,508096.822,3881300.467,0.010,2.080206,route_tangent,15,12.696,,,,,,,0.000000,0.0000,,,STOP_ROUTE_ERROR
232.727826,129.088811166667,35.074427666667,508096.822,3881300.467,0.010,2.080206,route_tangent,15,12.696,,,,,,,0.000000,0.0000,,,STOP_ROUTE_ERROR
232.779630,129.088811166667,35.074427666667,508096.822,3881300.467,0.010,2.080206,route_tangent,15,12.696,,,,,,,0.000000,0.0000,,,STOP_ROUTE_ERROR
232.827644,129.088811166667,35.074427666667,508096.822,3881300.467,0.005,2.080206,route_tangent,15,12.696,,,,,,,0.000000,0.0000,,,STOP_ROUTE_ERROR
232.877479,129.088811166667,35.074427666667,508096.822,3881300.467,0.005,2.080206,route_tangent,15,12.696,,,,,,,0.000000,0.0000,,,STOP_ROUTE_ERROR
232.927653,129.088811166667,35.074427666667,508096.822,3881300.467,0.005,2.080206,route_tangent,15,12.696,,,,,,,0.000000,0.0000,,,STOP_ROUTE_ERROR
232.977867,129.088811166667,35.074427666667,508096.822,3881300.467,0.005,2.080206,route_tangent,15,12.696,,,,,,,0.000000,0.0000,,,STOP_ROUTE_ERROR
233.027876,129.088811166667,35.074427666667,508096.822,3881300.467,0.005,2.080206,route_tangent,15,12.696,,,,,,,0.000000,0.0000,,,STOP_ROUTE_ERROR
233.077583,129.088811166667,35.074427666667,508096.822,3881300.467,0.005,2.080206,route_tangent,15,12.696,,,,,,,0.000000,0.0000,,,STOP_ROUTE_ERROR
233.128075,129.088811166667,35.074427666667,508096.822,3881300.467,0.006,2.080206,route_tangent,15,12.696,,,,,,,0.000000,0.0000,,,STOP_ROUTE_ERROR
233.177701,129.088811166667,35.074427666667,508096.822,3881300.467,0.006,2.080206,route_tangent,15,12.696,,,,,,,0.000000,0.0000,,,STOP_ROUTE_ERROR
233.227714,129.088811166667,35.074427666667,508096.822,3881300.467,0.006,2.080206,route_tangent,15,12.696,,,,,,,0.000000,0.0000,,,STOP_ROUTE_ERROR
233.277541,129.088811166667,35.074427666667,508096.822,3881300.467,0.006,2.080206,route_tangent,15,12.696,,,,,,,0.000000,0.0000,,,STOP_ROUTE_ERROR
233.327805,129.088811166667,35.074427666667,508096.822,3881300.467,0.002,2.080206,route_tangent,15,12.696,,,,,,,0.000000,0.0000,,,STOP_ROUTE_ERROR
233.377723,129.088811166667,35.074427666667,508096.822,3881300.467,0.002,2.080206,route_tangent,15,12.696,,,,,,,0.000000,0.0000,,,STOP_ROUTE_ERROR
233.427512,129.088811166667,35.074427666667,508096.822,3881300.467,0.002,2.080206,route_tangent,15,12.696,,,,,,,0.000000,0.0000,,,STOP_ROUTE_ERROR
233.478532,129.088811166667,35.074427666667,508096.822,3881300.467,0.002,2.080206,route_tangent,15,12.696,,,,,,,0.000000,0.0000,,,STOP_ROUTE_ERROR
233.527758,129.088811166667,35.074427666667,508096.822,3881300.467,0.002,2.080206,route_tangent,15,12.696,,,,,,,0.000000,0.0000,,,STOP_ROUTE_ERROR
233.578188,129.088811166667,35.074427666667,508096.822,3881300.467,0.002,2.080206,route_tangent,15,12.696,,,,,,,0.000000,0.0000,,,STOP_ROUTE_ERROR
233.627502,129.088811166667,35.074427666667,508096.822,3881300.467,0.010,2.080206,route_tangent,15,12.696,,,,,,,0.000000,0.0000,,,STOP_ROUTE_ERROR
233.677605,129.088811166667,35.074427666667,508096.822,3881300.467,0.010,2.080206,route_tangent,15,12.696,,,,,,,0.000000,0.0000,,,STOP_ROUTE_ERROR
233.727631,129.088811166667,35.074427666667,508096.822,3881300.467,0.010,2.080206,route_tangent,15,12.696,,,,,,,0.000000,0.0000,,,STOP_ROUTE_ERROR
233.777701,129.088811166667,35.074427666667,508096.822,3881300.467,0.010,2.080206,route_tangent,15,12.696,,,,,,,0.000000,0.0000,,,STOP_ROUTE_ERROR
233.829634,129.088811166667,35.074427666667,508096.822,3881300.467,0.010,2.080206,route_tangent,15,12.696,,,,,,,0.000000,0.0000,,,STOP_ROUTE_ERROR
233.877506,129.088811166667,35.074427500000,508096.822,3881300.448,0.006,2.080206,route_tangent,15,12.700,,,,,,,0.000000,0.0000,,,STOP_ROUTE_ERROR
233.927616,129.088811166667,35.074427500000,508096.822,3881300.448,0.006,2.080206,route_tangent,15,12.700,,,,,,,0.000000,0.0000,,,STOP_ROUTE_ERROR
233.977486,129.088811166667,35.074427500000,508096.822,3881300.448,0.006,2.080206,route_tangent,15,12.700,,,,,,,0.000000,0.0000,,,STOP_ROUTE_ERROR
234.027521,129.088811166667,35.074427500000,508096.822,3881300.448,0.006,2.080206,route_tangent,15,12.700,,,,,,,0.000000,0.0000,,,STOP_ROUTE_ERROR
234.077497,129.088811166667,35.074427500000,508096.822,3881300.448,0.006,2.080206,route_tangent,15,12.700,,,,,,,0.000000,0.0000,,,STOP_ROUTE_ERROR
234.127492,129.088811166667,35.074427666667,508096.822,3881300.467,0.017,2.080206,route_tangent,15,12.696,,,,,,,0.000000,0.0000,,,STOP_ROUTE_ERROR
234.177550,129.088811166667,35.074427666667,508096.822,3881300.467,0.017,2.080206,route_tangent,15,12.696,,,,,,,0.000000,0.0000,,,STOP_ROUTE_ERROR
234.227498,129.088811166667,35.074427666667,508096.822,3881300.467,0.017,2.080206,route_tangent,15,12.696,,,,,,,0.000000,0.0000,,,STOP_ROUTE_ERROR
234.281273,129.088811166667,35.074427666667,508096.822,3881300.467,0.017,2.080206,route_tangent,15,12.696,,,,,,,0.000000,0.0000,,,STOP_ROUTE_ERROR
234.327416,129.088811166667,35.074427666667,508096.822,3881300.467,0.008,2.080206,route_tangent,15,12.696,,,,,,,0.000000,0.0000,,,STOP_ROUTE_ERROR
234.377781,129.088811166667,35.074427666667,508096.822,3881300.467,0.008,2.080206,route_tangent,15,12.696,,,,,,,0.000000,0.0000,,,STOP_ROUTE_ERROR
234.427611,129.088811166667,35.074427666667,508096.822,3881300.467,0.008,2.080206,route_tangent,15,12.696,,,,,,,0.000000,0.0000,,,STOP_ROUTE_ERROR
234.478196,129.088811166667,35.074427666667,508096.822,3881300.467,0.008,2.080206,route_tangent,15,12.696,,,,,,,0.000000,0.0000,,,STOP_ROUTE_ERROR
234.527805,129.088811166667,35.074427666667,508096.822,3881300.467,0.008,2.080206,route_tangent,15,12.696,,,,,,,0.000000,0.0000,,,STOP_ROUTE_ERROR
234.577898,129.088811166667,35.074427666667,508096.822,3881300.467,0.016,2.080206,route_tangent,15,12.696,,,,,,,0.000000,0.0000,,,STOP_ROUTE_ERROR
234.627704,129.088811166667,35.074427666667,508096.822,3881300.467,0.016,2.080206,route_tangent,15,12.696,,,,,,,0.000000,0.0000,,,STOP_ROUTE_ERROR
234.677625,129.088811166667,35.074427666667,508096.822,3881300.467,0.016,2.080206,route_tangent,15,12.696,,,,,,,0.000000,0.0000,,,STOP_ROUTE_ERROR
234.727772,129.088811166667,35.074427666667,508096.822,3881300.467,0.016,2.080206,route_tangent,15,12.696,,,,,,,0.000000,0.0000,,,STOP_ROUTE_ERROR
234.777680,129.088811166667,35.074427666667,508096.822,3881300.467,0.016,2.080206,route_tangent,15,12.696,,,,,,,0.000000,0.0000,,,STOP_ROUTE_ERROR
234.828392,129.088811166667,35.074427666667,508096.822,3881300.467,0.016,2.080206,route_tangent,15,12.696,,,,,,,0.000000,0.0000,,,STOP_ROUTE_ERROR
234.877503,129.088811166667,35.074427500000,508096.822,3881300.448,0.012,2.080206,route_tangent,15,12.700,,,,,,,0.000000,0.0000,,,STOP_ROUTE_ERROR
234.927598,129.088811166667,35.074427500000,508096.822,3881300.448,0.012,2.080206,route_tangent,15,12.700,,,,,,,0.000000,0.0000,,,STOP_ROUTE_ERROR
234.977484,129.088811166667,35.074427500000,508096.822,3881300.448,0.012,2.080206,route_tangent,15,12.700,,,,,,,0.000000,0.0000,,,STOP_ROUTE_ERROR
235.027812,129.088811166667,35.074427500000,508096.822,3881300.448,0.012,2.080206,route_tangent,15,12.700,,,,,,,0.000000,0.0000,,,STOP_ROUTE_ERROR
235.077950,129.088811166667,35.074427500000,508096.822,3881300.448,0.012,2.080206,route_tangent,15,12.700,,,,,,,0.000000,0.0000,,,STOP_ROUTE_ERROR
235.127729,129.088811166667,35.074427666667,508096.822,3881300.467,0.013,2.080206,route_tangent,15,12.696,,,,,,,0.000000,0.0000,,,STOP_ROUTE_ERROR
235.178179,129.088811166667,35.074427666667,508096.822,3881300.467,0.013,2.080206,route_tangent,15,12.696,,,,,,,0.000000,0.0000,,,STOP_ROUTE_ERROR
235.227454,129.088811166667,35.074427666667,508096.822,3881300.467,0.013,2.080206,route_tangent,15,12.696,,,,,,,0.000000,0.0000,,,STOP_ROUTE_ERROR
235.277903,129.088811166667,35.074427666667,508096.822,3881300.467,0.013,2.080206,route_tangent,15,12.696,,,,,,,0.000000,0.0000,,,STOP_ROUTE_ERROR
235.327851,129.088811166667,35.074427666667,508096.822,3881300.467,0.009,2.080206,route_tangent,15,12.696,,,,,,,0.000000,0.0000,,,STOP_ROUTE_ERROR
235.378830,129.088811166667,35.074427666667,508096.822,3881300.467,0.009,2.080206,route_tangent,15,12.696,,,,,,,0.000000,0.0000,,,STOP_ROUTE_ERROR
235.427550,129.088811166667,35.074427666667,508096.822,3881300.467,0.009,2.080206,route_tangent,15,12.696,,,,,,,0.000000,0.0000,,,STOP_ROUTE_ERROR
235.477759,129.088811166667,35.074427666667,508096.822,3881300.467,0.009,2.080206,route_tangent,15,12.696,,,,,,,0.000000,0.0000,,,STOP_ROUTE_ERROR
235.527975,129.088811166667,35.074427666667,508096.822,3881300.467,0.009,2.080206,route_tangent,15,12.696,,,,,,,0.000000,0.0000,,,STOP_ROUTE_ERROR
235.577735,129.088811166667,35.074427666667,508096.822,3881300.467,0.007,2.080206,route_tangent,15,12.696,,,,,,,0.000000,0.0000,,,STOP_ROUTE_ERROR
235.629322,129.088811166667,35.074427666667,508096.822,3881300.467,0.007,2.080206,route_tangent,15,12.696,,,,,,,0.000000,0.0000,,,STOP_ROUTE_ERROR
235.677514,129.088811166667,35.074427666667,508096.822,3881300.467,0.007,2.080206,route_tangent,15,12.696,,,,,,,0.000000,0.0000,,,STOP_ROUTE_ERROR
235.727498,129.088811166667,35.074427666667,508096.822,3881300.467,0.007,2.080206,route_tangent,15,12.696,,,,,,,0.000000,0.0000,,,STOP_ROUTE_ERROR
235.777767,129.088811166667,35.074427666667,508096.822,3881300.467,0.007,2.080206,route_tangent,15,12.696,,,,,,,0.000000,0.0000,,,STOP_ROUTE_ERROR
235.827423,129.088811166667,35.074427666667,508096.822,3881300.467,0.003,2.080206,route_tangent,15,12.696,,,,,,,0.000000,0.0000,,,STOP_ROUTE_ERROR
235.879092,129.088811166667,35.074427666667,508096.822,3881300.467,0.003,2.080206,route_tangent,15,12.696,,,,,,,0.000000,0.0000,,,STOP_ROUTE_ERROR
235.927583,129.088811166667,35.074427666667,508096.822,3881300.467,0.003,2.080206,route_tangent,15,12.696,,,,,,,0.000000,0.0000,,,STOP_ROUTE_ERROR
235.978371,129.088811166667,35.074427666667,508096.822,3881300.467,0.003,2.080206,route_tangent,15,12.696,,,,,,,0.000000,0.0000,,,STOP_ROUTE_ERROR
236.027463,129.088811166667,35.074427666667,508096.822,3881300.467,0.003,2.080206,route_tangent,15,12.696,,,,,,,0.000000,0.0000,,,STOP_ROUTE_ERROR
236.077584,129.088811166667,35.074427666667,508096.822,3881300.467,0.003,2.080206,route_tangent,15,12.696,,,,,,,0.000000,0.0000,,,STOP_ROUTE_ERROR
236.128192,129.088811166667,35.074427500000,508096.822,3881300.448,0.012,2.080206,route_tangent,15,12.700,,,,,,,0.000000,0.0000,,,STOP_ROUTE_ERROR
236.177723,129.088811166667,35.074427500000,508096.822,3881300.448,0.012,2.080206,route_tangent,15,12.700,,,,,,,0.000000,0.0000,,,STOP_ROUTE_ERROR
236.227971,129.088811166667,35.074427500000,508096.822,3881300.448,0.012,2.080206,route_tangent,15,12.700,,,,,,,0.000000,0.0000,,,STOP_ROUTE_ERROR
236.277884,129.088811166667,35.074427500000,508096.822,3881300.448,0.012,2.080206,route_tangent,15,12.700,,,,,,,0.000000,0.0000,,,STOP_ROUTE_ERROR
236.327620,129.088811166667,35.074427500000,508096.822,3881300.448,0.012,2.080206,route_tangent,15,12.700,,,,,,,0.000000,0.0000,,,STOP_ROUTE_ERROR
236.377670,129.088811166667,35.074427500000,508096.822,3881300.448,0.034,2.080206,route_tangent,15,12.700,,,,,,,0.000000,0.0000,,,STOP_ROUTE_ERROR
236.429179,129.088811166667,35.074427500000,508096.822,3881300.448,0.034,2.080206,route_tangent,15,12.700,,,,,,,0.000000,0.0000,,,STOP_ROUTE_ERROR
236.477567,129.088811166667,35.074427500000,508096.822,3881300.448,0.034,2.080206,route_tangent,15,12.700,,,,,,,0.000000,0.0000,,,STOP_ROUTE_ERROR
236.527506,129.088811166667,35.074427500000,508096.822,3881300.448,0.034,2.080206,route_tangent,15,12.700,,,,,,,0.000000,0.0000,,,STOP_ROUTE_ERROR
236.578371,129.088811166667,35.074427500000,508096.822,3881300.448,0.031,2.080206,route_tangent,15,12.700,,,,,,,0.000000,0.0000,,,STOP_ROUTE_ERROR
236.627488,129.088811166667,35.074427666667,508096.822,3881300.467,0.031,2.080206,route_tangent,15,12.696,,,,,,,0.000000,0.0000,,,STOP_ROUTE_ERROR
236.677910,129.088811166667,35.074427666667,508096.822,3881300.467,0.031,2.080206,route_tangent,15,12.696,,,,,,,0.000000,0.0000,,,STOP_ROUTE_ERROR
236.727823,129.088811166667,35.074427666667,508096.822,3881300.467,0.031,2.080206,route_tangent,15,12.696,,,,,,,0.000000,0.0000,,,STOP_ROUTE_ERROR
236.777721,129.088811166667,35.074427666667,508096.822,3881300.467,0.031,2.080206,route_tangent,15,12.696,,,,,,,0.000000,0.0000,,,STOP_ROUTE_ERROR
236.827352,129.088811166667,35.074427500000,508096.822,3881300.448,0.025,2.080206,route_tangent,15,12.700,,,,,,,0.000000,0.0000,,,STOP_ROUTE_ERROR
236.878055,129.088811166667,35.074427500000,508096.822,3881300.448,0.025,2.080206,route_tangent,15,12.700,,,,,,,0.000000,0.0000,,,STOP_ROUTE_ERROR
236.927673,129.088811166667,35.074427500000,508096.822,3881300.448,0.025,2.080206,route_tangent,15,12.700,,,,,,,0.000000,0.0000,,,STOP_ROUTE_ERROR
236.977949,129.088811166667,35.074427500000,508096.822,3881300.448,0.025,2.080206,route_tangent,15,12.700,,,,,,,0.000000,0.0000,,,STOP_ROUTE_ERROR
237.027831,129.088811166667,35.074427500000,508096.822,3881300.448,0.025,2.080206,route_tangent,15,12.700,,,,,,,0.000000,0.0000,,,STOP_ROUTE_ERROR
237.078210,129.088811166667,35.074427500000,508096.822,3881300.448,0.025,2.080206,route_tangent,15,12.700,,,,,,,0.000000,0.0000,,,STOP_ROUTE_ERROR
237.127560,129.088811166667,35.074427500000,508096.822,3881300.448,0.021,2.080206,route_tangent,15,12.700,,,,,,,0.000000,0.0000,,,STOP_ROUTE_ERROR
237.177948,129.088811166667,35.074427500000,508096.822,3881300.448,0.021,2.080206,route_tangent,15,12.700,,,,,,,0.000000,0.0000,,,STOP_ROUTE_ERROR
237.227944,129.088811166667,35.074427500000,508096.822,3881300.448,0.021,2.080206,route_tangent,15,12.700,,,,,,,0.000000,0.0000,,,STOP_ROUTE_ERROR
237.277584,129.088811166667,35.074427500000,508096.822,3881300.448,0.021,2.080206,route_tangent,15,12.700,,,,,,,0.000000,0.0000,,,STOP_ROUTE_ERROR
237.327582,129.088811166667,35.074427666667,508096.822,3881300.467,0.008,2.080206,route_tangent,15,12.696,,,,,,,0.000000,0.0000,,,STOP_ROUTE_ERROR
237.377573,129.088811166667,35.074427666667,508096.822,3881300.467,0.008,2.080206,route_tangent,15,12.696,,,,,,,0.000000,0.0000,,,STOP_ROUTE_ERROR
237.427463,129.088811166667,35.074427666667,508096.822,3881300.467,0.008,2.080206,route_tangent,15,12.696,,,,,,,0.000000,0.0000,,,STOP_ROUTE_ERROR
237.478218,129.088811166667,35.074427666667,508096.822,3881300.467,0.008,2.080206,route_tangent,15,12.696,,,,,,,0.000000,0.0000,,,STOP_ROUTE_ERROR
237.527507,129.088811166667,35.074427666667,508096.822,3881300.467,0.008,2.080206,route_tangent,15,12.696,,,,,,,0.000000,0.0000,,,STOP_ROUTE_ERROR
237.577733,129.088811166667,35.074427666667,508096.822,3881300.467,0.015,2.080206,route_tangent,15,12.696,,,,,,,0.000000,0.0000,,,STOP_ROUTE_ERROR
237.627637,129.088811166667,35.074427666667,508096.822,3881300.467,0.015,2.080206,route_tangent,15,12.696,,,,,,,0.000000,0.0000,,,STOP_ROUTE_ERROR
237.677599,129.088811166667,35.074427666667,508096.822,3881300.467,0.015,2.080206,route_tangent,15,12.696,,,,,,,0.000000,0.0000,,,STOP_ROUTE_ERROR
237.727658,129.088811166667,35.074427666667,508096.822,3881300.467,0.015,2.080206,route_tangent,15,12.696,,,,,,,0.000000,0.0000,,,STOP_ROUTE_ERROR
237.777815,129.088811166667,35.074427666667,508096.822,3881300.467,0.015,2.080206,route_tangent,15,12.696,,,,,,,0.000000,0.0000,,,STOP_ROUTE_ERROR
237.827429,129.088811166667,35.074427666667,508096.822,3881300.467,0.009,2.080206,route_tangent,15,12.696,,,,,,,0.000000,0.0000,,,STOP_ROUTE_ERROR
237.877558,129.088811166667,35.074427666667,508096.822,3881300.467,0.009,2.080206,route_tangent,15,12.696,,,,,,,0.000000,0.0000,,,STOP_ROUTE_ERROR
237.927615,129.088811166667,35.074427666667,508096.822,3881300.467,0.009,2.080206,route_tangent,15,12.696,,,,,,,0.000000,0.0000,,,STOP_ROUTE_ERROR
237.978026,129.088811166667,35.074427666667,508096.822,3881300.467,0.009,2.080206,route_tangent,15,12.696,,,,,,,0.000000,0.0000,,,STOP_ROUTE_ERROR
238.029283,129.088811166667,35.074427666667,508096.822,3881300.467,0.009,2.080206,route_tangent,15,12.696,,,,,,,0.000000,0.0000,,,STOP_ROUTE_ERROR
238.077614,129.088811166667,35.074427666667,508096.822,3881300.467,0.009,2.080206,route_tangent,15,12.696,,,,,,,0.000000,0.0000,,,STOP_ROUTE_ERROR
238.127513,129.088811166667,35.074427500000,508096.822,3881300.448,0.005,2.080206,route_tangent,15,12.700,,,,,,,0.000000,0.0000,,,STOP_ROUTE_ERROR
238.177903,129.088811166667,35.074427500000,508096.822,3881300.448,0.005,2.080206,route_tangent,15,12.700,,,,,,,0.000000,0.0000,,,STOP_ROUTE_ERROR
238.227476,129.088811166667,35.074427500000,508096.822,3881300.448,0.005,2.080206,route_tangent,15,12.700,,,,,,,0.000000,0.0000,,,STOP_ROUTE_ERROR
238.278531,129.088811166667,35.074427500000,508096.822,3881300.448,0.005,2.080206,route_tangent,15,12.700,,,,,,,0.000000,0.0000,,,STOP_ROUTE_ERROR
238.327338,129.088811166667,35.074427500000,508096.822,3881300.448,0.025,2.080206,route_tangent,15,12.700,,,,,,,0.000000,0.0000,,,STOP_ROUTE_ERROR
238.377694,129.088811166667,35.074427500000,508096.822,3881300.448,0.025,2.080206,route_tangent,15,12.700,,,,,,,0.000000,0.0000,,,STOP_ROUTE_ERROR
238.427574,129.088811166667,35.074427500000,508096.822,3881300.448,0.025,2.080206,route_tangent,15,12.700,,,,,,,0.000000,0.0000,,,STOP_ROUTE_ERROR
238.477670,129.088811166667,35.074427500000,508096.822,3881300.448,0.025,2.080206,route_tangent,15,12.700,,,,,,,0.000000,0.0000,,,STOP_ROUTE_ERROR
238.527731,129.088811166667,35.074427500000,508096.822,3881300.448,0.025,2.080206,route_tangent,15,12.700,,,,,,,0.000000,0.0000,,,STOP_ROUTE_ERROR
238.577502,129.088811166667,35.074427666667,508096.822,3881300.467,0.029,2.080206,route_tangent,15,12.696,,,,,,,0.000000,0.0000,,,STOP_ROUTE_ERROR
238.629038,129.088811166667,35.074427666667,508096.822,3881300.467,0.029,2.080206,route_tangent,15,12.696,,,,,,,0.000000,0.0000,,,STOP_ROUTE_ERROR
238.677881,129.088811166667,35.074427666667,508096.822,3881300.467,0.029,2.080206,route_tangent,15,12.696,,,,,,,0.000000,0.0000,,,STOP_ROUTE_ERROR
238.728233,129.088811166667,35.074427666667,508096.822,3881300.467,0.029,2.080206,route_tangent,15,12.696,,,,,,,0.000000,0.0000,,,STOP_ROUTE_ERROR
238.778032,129.088811166667,35.074427666667,508096.822,3881300.467,0.029,2.080206,route_tangent,15,12.696,,,,,,,0.000000,0.0000,,,STOP_ROUTE_ERROR
238.828080,129.088811166667,35.074427666667,508096.822,3881300.467,0.020,2.080206,route_tangent,15,12.696,,,,,,,0.000000,0.0000,,,STOP_ROUTE_ERROR
238.877491,129.088811166667,35.074427666667,508096.822,3881300.467,0.020,2.080206,route_tangent,15,12.696,,,,,,,0.000000,0.0000,,,STOP_ROUTE_ERROR
238.927476,129.088811166667,35.074427666667,508096.822,3881300.467,0.020,2.080206,route_tangent,15,12.696,,,,,,,0.000000,0.0000,,,STOP_ROUTE_ERROR
238.978066,129.088811166667,35.074427666667,508096.822,3881300.467,0.020,2.080206,route_tangent,15,12.696,,,,,,,0.000000,0.0000,,,STOP_ROUTE_ERROR
239.027504,129.088811166667,35.074427666667,508096.822,3881300.467,0.020,2.080206,route_tangent,15,12.696,,,,,,,0.000000,0.0000,,,STOP_ROUTE_ERROR
239.079787,129.088811166667,35.074427666667,508096.822,3881300.467,0.020,2.080206,route_tangent,15,12.696,,,,,,,0.000000,0.0000,,,STOP_ROUTE_ERROR
239.127505,129.088811166667,35.074427666667,508096.822,3881300.467,0.011,2.080206,route_tangent,15,12.696,,,,,,,0.000000,0.0000,,,STOP_ROUTE_ERROR
239.179291,129.088811166667,35.074427666667,508096.822,3881300.467,0.011,2.080206,route_tangent,15,12.696,,,,,,,0.000000,0.0000,,,STOP_ROUTE_ERROR
239.227464,129.088811166667,35.074427666667,508096.822,3881300.467,0.011,2.080206,route_tangent,15,12.696,,,,,,,0.000000,0.0000,,,STOP_ROUTE_ERROR
239.277871,129.088811166667,35.074427666667,508096.822,3881300.467,0.011,2.080206,route_tangent,15,12.696,,,,,,,0.000000,0.0000,,,STOP_ROUTE_ERROR
239.327663,129.088811166667,35.074427666667,508096.822,3881300.467,0.007,2.080206,route_tangent,15,12.696,,,,,,,0.000000,0.0000,,,STOP_ROUTE_ERROR
239.377880,129.088811166667,35.074427666667,508096.822,3881300.467,0.007,2.080206,route_tangent,15,12.696,,,,,,,0.000000,0.0000,,,STOP_ROUTE_ERROR
239.428123,129.088811166667,35.074427666667,508096.822,3881300.467,0.007,2.080206,route_tangent,15,12.696,,,,,,,0.000000,0.0000,,,STOP_ROUTE_ERROR
239.477514,129.088811166667,35.074427666667,508096.822,3881300.467,0.007,2.080206,route_tangent,15,12.696,,,,,,,0.000000,0.0000,,,STOP_ROUTE_ERROR
239.527638,129.088811166667,35.074427666667,508096.822,3881300.467,0.007,2.080206,route_tangent,15,12.696,,,,,,,0.000000,0.0000,,,STOP_ROUTE_ERROR
239.577577,129.088811166667,35.074427666667,508096.822,3881300.467,0.009,2.080206,route_tangent,15,12.696,,,,,,,0.000000,0.0000,,,STOP_ROUTE_ERROR
239.627669,129.088811166667,35.074427666667,508096.822,3881300.467,0.009,2.080206,route_tangent,15,12.696,,,,,,,0.000000,0.0000,,,STOP_ROUTE_ERROR
239.677573,129.088811166667,35.074427666667,508096.822,3881300.467,0.009,2.080206,route_tangent,15,12.696,,,,,,,0.000000,0.0000,,,STOP_ROUTE_ERROR
239.727538,129.088811166667,35.074427666667,508096.822,3881300.467,0.009,2.080206,route_tangent,15,12.696,,,,,,,0.000000,0.0000,,,STOP_ROUTE_ERROR
239.777965,129.088811166667,35.074427666667,508096.822,3881300.467,0.009,2.080206,route_tangent,15,12.696,,,,,,,0.000000,0.0000,,,STOP_ROUTE_ERROR
239.827817,129.088811166667,35.074427666667,508096.822,3881300.467,0.006,2.080206,route_tangent,15,12.696,,,,,,,0.000000,0.0000,,,STOP_ROUTE_ERROR
239.877789,129.088811166667,35.074427666667,508096.822,3881300.467,0.006,2.080206,route_tangent,15,12.696,,,,,,,0.000000,0.0000,,,STOP_ROUTE_ERROR
239.927493,129.088811166667,35.074427666667,508096.822,3881300.467,0.006,2.080206,route_tangent,15,12.696,,,,,,,0.000000,0.0000,,,STOP_ROUTE_ERROR
239.977774,129.088811166667,35.074427666667,508096.822,3881300.467,0.006,2.080206,route_tangent,15,12.696,,,,,,,0.000000,0.0000,,,STOP_ROUTE_ERROR
240.027684,129.088811166667,35.074427666667,508096.822,3881300.467,0.006,2.080206,route_tangent,15,12.696,,,,,,,0.000000,0.0000,,,STOP_ROUTE_ERROR
240.077488,129.088811166667,35.074427666667,508096.822,3881300.467,0.006,2.080206,route_tangent,15,12.696,,,,,,,0.000000,0.0000,,,STOP_ROUTE_ERROR
240.127540,129.088811166667,35.074427500000,508096.822,3881300.448,0.006,2.080206,route_tangent,15,12.700,,,,,,,0.000000,0.0000,,,STOP_ROUTE_ERROR
240.177640,129.088811166667,35.074427500000,508096.822,3881300.448,0.006,2.080206,route_tangent,15,12.700,,,,,,,0.000000,0.0000,,,STOP_ROUTE_ERROR
240.227684,129.088811166667,35.074427500000,508096.822,3881300.448,0.006,2.080206,route_tangent,15,12.700,,,,,,,0.000000,0.0000,,,STOP_ROUTE_ERROR
240.277508,129.088811166667,35.074427500000,508096.822,3881300.448,0.006,2.080206,route_tangent,15,12.700,,,,,,,0.000000,0.0000,,,STOP_ROUTE_ERROR
240.327791,129.088811166667,35.074427666667,508096.822,3881300.467,0.004,2.080206,route_tangent,15,12.696,,,,,,,0.000000,0.0000,,,STOP_ROUTE_ERROR
240.377527,129.088811166667,35.074427666667,508096.822,3881300.467,0.004,2.080206,route_tangent,15,12.696,,,,,,,0.000000,0.0000,,,STOP_ROUTE_ERROR
240.428295,129.088811166667,35.074427666667,508096.822,3881300.467,0.004,2.080206,route_tangent,15,12.696,,,,,,,0.000000,0.0000,,,STOP_ROUTE_ERROR
240.477648,129.088811166667,35.074427666667,508096.822,3881300.467,0.004,2.080206,route_tangent,15,12.696,,,,,,,0.000000,0.0000,,,STOP_ROUTE_ERROR
240.527454,129.088811166667,35.074427666667,508096.822,3881300.467,0.004,2.080206,route_tangent,15,12.696,,,,,,,0.000000,0.0000,,,STOP_ROUTE_ERROR
240.578014,129.088811166667,35.074427666667,508096.822,3881300.467,0.020,2.080206,route_tangent,15,12.696,,,,,,,0.000000,0.0000,,,STOP_ROUTE_ERROR
240.627514,129.088811166667,35.074427666667,508096.822,3881300.467,0.020,2.080206,route_tangent,15,12.696,,,,,,,0.000000,0.0000,,,STOP_ROUTE_ERROR
240.677592,129.088811166667,35.074427666667,508096.822,3881300.467,0.020,2.080206,route_tangent,15,12.696,,,,,,,0.000000,0.0000,,,STOP_ROUTE_ERROR
240.727524,129.088811166667,35.074427666667,508096.822,3881300.467,0.020,2.080206,route_tangent,15,12.696,,,,,,,0.000000,0.0000,,,STOP_ROUTE_ERROR
240.778615,129.088811166667,35.074427666667,508096.822,3881300.467,0.020,2.080206,route_tangent,15,12.696,,,,,,,0.000000,0.0000,,,STOP_ROUTE_ERROR
240.827484,129.088811166667,35.074427666667,508096.822,3881300.467,0.006,2.080206,route_tangent,15,12.696,,,,,,,0.000000,0.0000,,,STOP_ROUTE_ERROR
240.877630,129.088811166667,35.074427666667,508096.822,3881300.467,0.006,2.080206,route_tangent,15,12.696,,,,,,,0.000000,0.0000,,,STOP_ROUTE_ERROR
240.927519,129.088811166667,35.074427666667,508096.822,3881300.467,0.006,2.080206,route_tangent,15,12.696,,,,,,,0.000000,0.0000,,,STOP_ROUTE_ERROR
240.977545,129.088811166667,35.074427666667,508096.822,3881300.467,0.006,2.080206,route_tangent,15,12.696,,,,,,,0.000000,0.0000,,,STOP_ROUTE_ERROR
241.027821,129.088811166667,35.074427666667,508096.822,3881300.467,0.006,2.080206,route_tangent,15,12.696,,,,,,,0.000000,0.0000,,,STOP_ROUTE_ERROR
241.077453,129.088811166667,35.074427666667,508096.822,3881300.467,0.006,2.080206,route_tangent,15,12.696,,,,,,,0.000000,0.0000,,,STOP_ROUTE_ERROR
241.129149,129.088811166667,35.074427666667,508096.822,3881300.467,0.008,2.080206,route_tangent,15,12.696,,,,,,,0.000000,0.0000,,,STOP_ROUTE_ERROR
241.177857,129.088811166667,35.074427666667,508096.822,3881300.467,0.008,2.080206,route_tangent,15,12.696,,,,,,,0.000000,0.0000,,,STOP_ROUTE_ERROR
241.227842,129.088811166667,35.074427666667,508096.822,3881300.467,0.008,2.080206,route_tangent,15,12.696,,,,,,,0.000000,0.0000,,,STOP_ROUTE_ERROR
241.277652,129.088811166667,35.074427666667,508096.822,3881300.467,0.008,2.080206,route_tangent,15,12.696,,,,,,,0.000000,0.0000,,,STOP_ROUTE_ERROR
241.327606,129.088811166667,35.074427666667,508096.822,3881300.467,0.008,2.080206,route_tangent,15,12.696,,,,,,,0.000000,0.0000,,,STOP_ROUTE_ERROR
241.377910,129.088811166667,35.074427666667,508096.822,3881300.467,0.013,2.080206,route_tangent,15,12.696,,,,,,,0.000000,0.0000,,,STOP_ROUTE_ERROR
241.427803,129.088811166667,35.074427666667,508096.822,3881300.467,0.013,2.080206,route_tangent,15,12.696,,,,,,,0.000000,0.0000,,,STOP_ROUTE_ERROR
241.477682,129.088811166667,35.074427666667,508096.822,3881300.467,0.013,2.080206,route_tangent,15,12.696,,,,,,,0.000000,0.0000,,,STOP_ROUTE_ERROR
241.527544,129.088811166667,35.074427666667,508096.822,3881300.467,0.013,2.080206,route_tangent,15,12.696,,,,,,,0.000000,0.0000,,,STOP_ROUTE_ERROR
241.577645,129.088811166667,35.074427666667,508096.822,3881300.467,0.013,2.080206,route_tangent,15,12.696,,,,,,,0.000000,0.0000,,,STOP_ROUTE_ERROR
241.627630,129.088811166667,35.074427666667,508096.822,3881300.467,0.011,2.080206,route_tangent,15,12.696,,,,,,,0.000000,0.0000,,,STOP_ROUTE_ERROR
241.678329,129.088811166667,35.074427666667,508096.822,3881300.467,0.011,2.080206,route_tangent,15,12.696,,,,,,,0.000000,0.0000,,,STOP_ROUTE_ERROR
241.728278,129.088811166667,35.074427666667,508096.822,3881300.467,0.011,2.080206,route_tangent,15,12.696,,,,,,,0.000000,0.0000,,,STOP_ROUTE_ERROR
241.777509,129.088811166667,35.074427666667,508096.822,3881300.467,0.011,2.080206,route_tangent,15,12.696,,,,,,,0.000000,0.0000,,,STOP_ROUTE_ERROR
241.829918,129.088811166667,35.074427500000,508096.822,3881300.448,0.006,2.080206,route_tangent,15,12.700,,,,,,,0.000000,0.0000,,,STOP_ROUTE_ERROR
241.877523,129.088811166667,35.074427500000,508096.822,3881300.448,0.006,2.080206,route_tangent,15,12.700,,,,,,,0.000000,0.0000,,,STOP_ROUTE_ERROR
241.928262,129.088811166667,35.074427500000,508096.822,3881300.448,0.006,2.080206,route_tangent,15,12.700,,,,,,,0.000000,0.0000,,,STOP_ROUTE_ERROR
241.977481,129.088811166667,35.074427500000,508096.822,3881300.448,0.006,2.080206,route_tangent,15,12.700,,,,,,,0.000000,0.0000,,,STOP_ROUTE_ERROR
242.027574,129.088811166667,35.074427500000,508096.822,3881300.448,0.006,2.080206,route_tangent,15,12.700,,,,,,,0.000000,0.0000,,,STOP_ROUTE_ERROR
242.077616,129.088811166667,35.074427500000,508096.822,3881300.448,0.006,2.080206,route_tangent,15,12.700,,,,,,,0.000000,0.0000,,,STOP_ROUTE_ERROR
242.127527,129.088811166667,35.074427500000,508096.822,3881300.448,0.010,2.080206,route_tangent,15,12.700,,,,,,,0.000000,0.0000,,,STOP_ROUTE_ERROR
242.177802,129.088811166667,35.074427500000,508096.822,3881300.448,0.010,2.080206,route_tangent,15,12.700,,,,,,,0.000000,0.0000,,,STOP_ROUTE_ERROR
242.227440,129.088811166667,35.074427500000,508096.822,3881300.448,0.010,2.080206,route_tangent,15,12.700,,,,,,,0.000000,0.0000,,,STOP_ROUTE_ERROR
242.277923,129.088811166667,35.074427500000,508096.822,3881300.448,0.010,2.080206,route_tangent,15,12.700,,,,,,,0.000000,0.0000,,,STOP_ROUTE_ERROR
242.327526,129.088811166667,35.074427500000,508096.822,3881300.448,0.010,2.080206,route_tangent,15,12.700,,,,,,,0.000000,0.0000,,,STOP_ROUTE_ERROR
242.377993,129.088811166667,35.074427666667,508096.822,3881300.467,0.009,2.080206,route_tangent,15,12.696,,,,,,,0.000000,0.0000,,,STOP_ROUTE_ERROR
242.427714,129.088811166667,35.074427666667,508096.822,3881300.467,0.009,2.080206,route_tangent,15,12.696,,,,,,,0.000000,0.0000,,,STOP_ROUTE_ERROR
242.477573,129.088811166667,35.074427666667,508096.822,3881300.467,0.009,2.080206,route_tangent,15,12.696,,,,,,,0.000000,0.0000,,,STOP_ROUTE_ERROR
242.527789,129.088811166667,35.074427666667,508096.822,3881300.467,0.009,2.080206,route_tangent,15,12.696,,,,,,,0.000000,0.0000,,,STOP_ROUTE_ERROR
242.577329,129.088811166667,35.074427666667,508096.822,3881300.467,0.005,2.080206,route_tangent,15,12.696,,,,,,,0.000000,0.0000,,,STOP_ROUTE_ERROR
242.627686,129.088811166667,35.074427666667,508096.822,3881300.467,0.005,2.080206,route_tangent,15,12.696,,,,,,,0.000000,0.0000,,,STOP_ROUTE_ERROR
242.677506,129.088811166667,35.074427666667,508096.822,3881300.467,0.005,2.080206,route_tangent,15,12.696,,,,,,,0.000000,0.0000,,,STOP_ROUTE_ERROR
242.727664,129.088811166667,35.074427666667,508096.822,3881300.467,0.005,2.080206,route_tangent,15,12.696,,,,,,,0.000000,0.0000,,,STOP_ROUTE_ERROR
242.777799,129.088811166667,35.074427666667,508096.822,3881300.467,0.005,2.080206,route_tangent,15,12.696,,,,,,,0.000000,0.0000,,,STOP_ROUTE_ERROR
242.827603,129.088811166667,35.074427666667,508096.822,3881300.467,0.005,2.080206,route_tangent,15,12.696,,,,,,,0.000000,0.0000,,,STOP_ROUTE_ERROR
242.877635,129.088811166667,35.074427666667,508096.822,3881300.467,0.007,2.080206,route_tangent,15,12.696,,,,,,,0.000000,0.0000,,,STOP_ROUTE_ERROR
242.927474,129.088811166667,35.074427666667,508096.822,3881300.467,0.007,2.080206,route_tangent,15,12.696,,,,,,,0.000000,0.0000,,,STOP_ROUTE_ERROR
242.978015,129.088811166667,35.074427666667,508096.822,3881300.467,0.007,2.080206,route_tangent,15,12.696,,,,,,,0.000000,0.0000,,,STOP_ROUTE_ERROR
243.027497,129.088811166667,35.074427666667,508096.822,3881300.467,0.007,2.080206,route_tangent,15,12.696,,,,,,,0.000000,0.0000,,,STOP_ROUTE_ERROR
243.077636,129.088811166667,35.074427666667,508096.822,3881300.467,0.007,2.080206,route_tangent,15,12.696,,,,,,,0.000000,0.0000,,,STOP_ROUTE_ERROR
243.127496,129.088811166667,35.074427666667,508096.822,3881300.467,0.005,2.080206,route_tangent,15,12.696,,,,,,,0.000000,0.0000,,,STOP_ROUTE_ERROR
243.177675,129.088811166667,35.074427666667,508096.822,3881300.467,0.005,2.080206,route_tangent,15,12.696,,,,,,,0.000000,0.0000,,,STOP_ROUTE_ERROR
243.227508,129.088811166667,35.074427666667,508096.822,3881300.467,0.005,2.080206,route_tangent,15,12.696,,,,,,,0.000000,0.0000,,,STOP_ROUTE_ERROR
243.277695,129.088811166667,35.074427666667,508096.822,3881300.467,0.005,2.080206,route_tangent,15,12.696,,,,,,,0.000000,0.0000,,,STOP_ROUTE_ERROR
243.327406,129.088811166667,35.074427666667,508096.822,3881300.467,0.011,2.080206,route_tangent,15,12.696,,,,,,,0.000000,0.0000,,,STOP_ROUTE_ERROR
243.377484,129.088811166667,35.074427666667,508096.822,3881300.467,0.011,2.080206,route_tangent,15,12.696,,,,,,,0.000000,0.0000,,,STOP_ROUTE_ERROR
243.428197,129.088811166667,35.074427666667,508096.822,3881300.467,0.011,2.080206,route_tangent,15,12.696,,,,,,,0.000000,0.0000,,,STOP_ROUTE_ERROR
243.477494,129.088811166667,35.074427666667,508096.822,3881300.467,0.011,2.080206,route_tangent,15,12.696,,,,,,,0.000000,0.0000,,,STOP_ROUTE_ERROR
243.527706,129.088811166667,35.074427666667,508096.822,3881300.467,0.011,2.080206,route_tangent,15,12.696,,,,,,,0.000000,0.0000,,,STOP_ROUTE_ERROR
243.577480,129.088811166667,35.074427666667,508096.822,3881300.467,0.009,2.080206,route_tangent,15,12.696,,,,,,,0.000000,0.0000,,,STOP_ROUTE_ERROR
243.627595,129.088811166667,35.074427666667,508096.822,3881300.467,0.009,2.080206,route_tangent,15,12.696,,,,,,,0.000000,0.0000,,,STOP_ROUTE_ERROR
243.677613,129.088811166667,35.074427666667,508096.822,3881300.467,0.009,2.080206,route_tangent,15,12.696,,,,,,,0.000000,0.0000,,,STOP_ROUTE_ERROR
243.727497,129.088811166667,35.074427666667,508096.822,3881300.467,0.009,2.080206,route_tangent,15,12.696,,,,,,,0.000000,0.0000,,,STOP_ROUTE_ERROR
243.777855,129.088811166667,35.074427666667,508096.822,3881300.467,0.009,2.080206,route_tangent,15,12.696,,,,,,,0.000000,0.0000,,,STOP_ROUTE_ERROR
243.827503,129.088811166667,35.074427666667,508096.822,3881300.467,0.009,2.080206,route_tangent,15,12.696,,,,,,,0.000000,0.0000,,,STOP_ROUTE_ERROR
243.877970,129.088811166667,35.074427666667,508096.822,3881300.467,0.010,2.080206,route_tangent,15,12.696,,,,,,,0.000000,0.0000,,,STOP_ROUTE_ERROR
243.927591,129.088811166667,35.074427666667,508096.822,3881300.467,0.010,2.080206,route_tangent,15,12.696,,,,,,,0.000000,0.0000,,,STOP_ROUTE_ERROR
243.977698,129.088811166667,35.074427666667,508096.822,3881300.467,0.010,2.080206,route_tangent,15,12.696,,,,,,,0.000000,0.0000,,,STOP_ROUTE_ERROR
244.027635,129.088811166667,35.074427666667,508096.822,3881300.467,0.010,2.080206,route_tangent,15,12.696,,,,,,,0.000000,0.0000,,,STOP_ROUTE_ERROR
244.077441,129.088811166667,35.074427666667,508096.822,3881300.467,0.010,2.080206,route_tangent,15,12.696,,,,,,,0.000000,0.0000,,,STOP_ROUTE_ERROR
244.127545,129.088811166667,35.074427666667,508096.822,3881300.467,0.021,2.080206,route_tangent,15,12.696,,,,,,,0.000000,0.0000,,,STOP_ROUTE_ERROR
244.177577,129.088811166667,35.074427666667,508096.822,3881300.467,0.021,2.080206,route_tangent,15,12.696,,,,,,,0.000000,0.0000,,,STOP_ROUTE_ERROR
244.227792,129.088811166667,35.074427666667,508096.822,3881300.467,0.021,2.080206,route_tangent,15,12.696,,,,,,,0.000000,0.0000,,,STOP_ROUTE_ERROR
244.277526,129.088811166667,35.074427666667,508096.822,3881300.467,0.021,2.080206,route_tangent,15,12.696,,,,,,,0.000000,0.0000,,,STOP_ROUTE_ERROR
244.330386,129.088811166667,35.074427666667,508096.822,3881300.467,0.021,2.080206,route_tangent,15,12.696,,,,,,,0.000000,0.0000,,,STOP_ROUTE_ERROR
244.377519,129.088811166667,35.074427666667,508096.822,3881300.467,0.005,2.080206,route_tangent,15,12.696,,,,,,,0.000000,0.0000,,,STOP_ROUTE_ERROR
244.427601,129.088811166667,35.074427666667,508096.822,3881300.467,0.005,2.080206,route_tangent,15,12.696,,,,,,,0.000000,0.0000,,,STOP_ROUTE_ERROR
244.477699,129.088811166667,35.074427666667,508096.822,3881300.467,0.005,2.080206,route_tangent,15,12.696,,,,,,,0.000000,0.0000,,,STOP_ROUTE_ERROR
244.527537,129.088811166667,35.074427666667,508096.822,3881300.467,0.005,2.080206,route_tangent,15,12.696,,,,,,,0.000000,0.0000,,,STOP_ROUTE_ERROR
244.577446,129.088811166667,35.074427666667,508096.822,3881300.467,0.010,2.080206,route_tangent,15,12.696,,,,,,,0.000000,0.0000,,,STOP_ROUTE_ERROR
244.627439,129.088811166667,35.074427666667,508096.822,3881300.467,0.010,2.080206,route_tangent,15,12.696,,,,,,,0.000000,0.0000,,,STOP_ROUTE_ERROR
244.677539,129.088811166667,35.074427666667,508096.822,3881300.467,0.010,2.080206,route_tangent,15,12.696,,,,,,,0.000000,0.0000,,,STOP_ROUTE_ERROR
244.727485,129.088811166667,35.074427666667,508096.822,3881300.467,0.010,2.080206,route_tangent,15,12.696,,,,,,,0.000000,0.0000,,,STOP_ROUTE_ERROR
244.777754,129.088811166667,35.074427666667,508096.822,3881300.467,0.010,2.080206,route_tangent,15,12.696,,,,,,,0.000000,0.0000,,,STOP_ROUTE_ERROR
244.827528,129.088811166667,35.074427666667,508096.822,3881300.467,0.010,2.080206,route_tangent,15,12.696,,,,,,,0.000000,0.0000,,,STOP_ROUTE_ERROR
244.877743,129.088811166667,35.074427666667,508096.822,3881300.467,0.003,2.080206,route_tangent,15,12.696,,,,,,,0.000000,0.0000,,,STOP_ROUTE_ERROR
244.927659,129.088811166667,35.074427666667,508096.822,3881300.467,0.003,2.080206,route_tangent,15,12.696,,,,,,,0.000000,0.0000,,,STOP_ROUTE_ERROR
244.977820,129.088811166667,35.074427666667,508096.822,3881300.467,0.003,2.080206,route_tangent,15,12.696,,,,,,,0.000000,0.0000,,,STOP_ROUTE_ERROR
245.029787,129.088811166667,35.074427666667,508096.822,3881300.467,0.003,2.080206,route_tangent,15,12.696,,,,,,,0.000000,0.0000,,,STOP_ROUTE_ERROR
245.077546,129.088811166667,35.074427666667,508096.822,3881300.467,0.003,2.080206,route_tangent,15,12.696,,,,,,,0.000000,0.0000,,,STOP_ROUTE_ERROR
245.127703,129.088811166667,35.074427666667,508096.822,3881300.467,0.003,2.080206,route_tangent,15,12.696,,,,,,,0.000000,0.0000,,,STOP_ROUTE_ERROR
245.177521,129.088811166667,35.074427666667,508096.822,3881300.467,0.003,2.080206,route_tangent,15,12.696,,,,,,,0.000000,0.0000,,,STOP_ROUTE_ERROR
245.227676,129.088811166667,35.074427666667,508096.822,3881300.467,0.003,2.080206,route_tangent,15,12.696,,,,,,,0.000000,0.0000,,,STOP_ROUTE_ERROR
245.277502,129.088811166667,35.074427666667,508096.822,3881300.467,0.003,2.080206,route_tangent,15,12.696,,,,,,,0.000000,0.0000,,,STOP_ROUTE_ERROR
245.327441,129.088811166667,35.074427666667,508096.822,3881300.467,0.023,2.080206,route_tangent,15,12.696,,,,,,,0.000000,0.0000,,,STOP_ROUTE_ERROR
245.377652,129.088811166667,35.074427666667,508096.822,3881300.467,0.023,2.080206,route_tangent,15,12.696,,,,,,,0.000000,0.0000,,,STOP_ROUTE_ERROR
245.427503,129.088811166667,35.074427666667,508096.822,3881300.467,0.023,2.080206,route_tangent,15,12.696,,,,,,,0.000000,0.0000,,,STOP_ROUTE_ERROR
245.477724,129.088811166667,35.074427666667,508096.822,3881300.467,0.023,2.080206,route_tangent,15,12.696,,,,,,,0.000000,0.0000,,,STOP_ROUTE_ERROR
245.527472,129.088811166667,35.074427666667,508096.822,3881300.467,0.023,2.080206,route_tangent,15,12.696,,,,,,,0.000000,0.0000,,,STOP_ROUTE_ERROR
245.578612,129.088811166667,35.074427666667,508096.822,3881300.467,0.023,2.080206,route_tangent,15,12.696,,,,,,,0.000000,0.0000,,,STOP_ROUTE_ERROR
245.627740,129.088811166667,35.074427666667,508096.822,3881300.467,0.023,2.080206,route_tangent,15,12.696,,,,,,,0.000000,0.0000,,,STOP_ROUTE_ERROR
245.677508,129.088811166667,35.074427666667,508096.822,3881300.467,0.023,2.080206,route_tangent,15,12.696,,,,,,,0.000000,0.0000,,,STOP_ROUTE_ERROR
245.727599,129.088811166667,35.074427666667,508096.822,3881300.467,0.023,2.080206,route_tangent,15,12.696,,,,,,,0.000000,0.0000,,,STOP_ROUTE_ERROR
245.777518,129.088811166667,35.074427666667,508096.822,3881300.467,0.023,2.080206,route_tangent,15,12.696,,,,,,,0.000000,0.0000,,,STOP_ROUTE_ERROR
245.827604,129.088811166667,35.074427666667,508096.822,3881300.467,0.022,2.080206,route_tangent,15,12.696,,,,,,,0.000000,0.0000,,,STOP_ROUTE_ERROR
245.877479,129.088811166667,35.074427666667,508096.822,3881300.467,0.022,2.080206,route_tangent,15,12.696,,,,,,,0.000000,0.0000,,,STOP_ROUTE_ERROR
245.928324,129.088811166667,35.074427666667,508096.822,3881300.467,0.022,2.080206,route_tangent,15,12.696,,,,,,,0.000000,0.0000,,,STOP_ROUTE_ERROR
245.977920,129.088811166667,35.074427666667,508096.822,3881300.467,0.022,2.080206,route_tangent,15,12.696,,,,,,,0.000000,0.0000,,,STOP_ROUTE_ERROR
246.027536,129.088811166667,35.074427666667,508096.822,3881300.467,0.022,2.080206,route_tangent,15,12.696,,,,,,,0.000000,0.0000,,,STOP_ROUTE_ERROR
246.078118,129.088811166667,35.074427666667,508096.822,3881300.467,0.022,2.080206,route_tangent,15,12.696,,,,,,,0.000000,0.0000,,,STOP_ROUTE_ERROR
246.127529,129.088811166667,35.074427666667,508096.822,3881300.467,0.008,2.080206,route_tangent,15,12.696,,,,,,,0.000000,0.0000,,,STOP_ROUTE_ERROR
246.177938,129.088811166667,35.074427666667,508096.822,3881300.467,0.008,2.080206,route_tangent,15,12.696,,,,,,,0.000000,0.0000,,,STOP_ROUTE_ERROR
246.227495,129.088811166667,35.074427666667,508096.822,3881300.467,0.008,2.080206,route_tangent,15,12.696,,,,,,,0.000000,0.0000,,,STOP_ROUTE_ERROR
246.277648,129.088811166667,35.074427666667,508096.822,3881300.467,0.008,2.080206,route_tangent,15,12.696,,,,,,,0.000000,0.0000,,,STOP_ROUTE_ERROR
246.327482,129.088811166667,35.074427666667,508096.822,3881300.467,0.023,2.080206,route_tangent,15,12.696,,,,,,,0.000000,0.0000,,,STOP_ROUTE_ERROR
246.377591,129.088811166667,35.074427666667,508096.822,3881300.467,0.023,2.080206,route_tangent,15,12.696,,,,,,,0.000000,0.0000,,,STOP_ROUTE_ERROR
246.427551,129.088811166667,35.074427666667,508096.822,3881300.467,0.023,2.080206,route_tangent,15,12.696,,,,,,,0.000000,0.0000,,,STOP_ROUTE_ERROR
246.478035,129.088811166667,35.074427666667,508096.822,3881300.467,0.023,2.080206,route_tangent,15,12.696,,,,,,,0.000000,0.0000,,,STOP_ROUTE_ERROR
246.527512,129.088811166667,35.074427666667,508096.822,3881300.467,0.023,2.080206,route_tangent,15,12.696,,,,,,,0.000000,0.0000,,,STOP_ROUTE_ERROR
246.577481,129.088811166667,35.074427666667,508096.822,3881300.467,0.023,2.080206,route_tangent,15,12.696,,,,,,,0.000000,0.0000,,,STOP_ROUTE_ERROR
246.627631,129.088811166667,35.074427666667,508096.822,3881300.467,0.003,2.080206,route_tangent,15,12.696,,,,,,,0.000000,0.0000,,,STOP_ROUTE_ERROR
246.677503,129.088811166667,35.074427666667,508096.822,3881300.467,0.003,2.080206,route_tangent,15,12.696,,,,,,,0.000000,0.0000,,,STOP_ROUTE_ERROR
246.727815,129.088811166667,35.074427666667,508096.822,3881300.467,0.003,2.080206,route_tangent,15,12.696,,,,,,,0.000000,0.0000,,,STOP_ROUTE_ERROR
246.777667,129.088811166667,35.074427666667,508096.822,3881300.467,0.003,2.080206,route_tangent,15,12.696,,,,,,,0.000000,0.0000,,,STOP_ROUTE_ERROR
246.827697,129.088811166667,35.074427666667,508096.822,3881300.467,0.003,2.080206,route_tangent,15,12.696,,,,,,,0.000000,0.0000,,,STOP_ROUTE_ERROR
246.877692,129.088811166667,35.074427666667,508096.822,3881300.467,0.015,2.080206,route_tangent,15,12.696,,,,,,,0.000000,0.0000,,,STOP_ROUTE_ERROR
246.927466,129.088811166667,35.074427666667,508096.822,3881300.467,0.015,2.080206,route_tangent,15,12.696,,,,,,,0.000000,0.0000,,,STOP_ROUTE_ERROR
246.980188,129.088811166667,35.074427666667,508096.822,3881300.467,0.015,2.080206,route_tangent,15,12.696,,,,,,,0.000000,0.0000,,,STOP_ROUTE_ERROR
247.027507,129.088811166667,35.074427666667,508096.822,3881300.467,0.015,2.080206,route_tangent,15,12.696,,,,,,,0.000000,0.0000,,,STOP_ROUTE_ERROR
247.077866,129.088811166667,35.074427666667,508096.822,3881300.467,0.015,2.080206,route_tangent,15,12.696,,,,,,,0.000000,0.0000,,,STOP_ROUTE_ERROR
247.127488,129.088811166667,35.074427666667,508096.822,3881300.467,0.005,2.080206,route_tangent,15,12.696,,,,,,,0.000000,0.0000,,,STOP_ROUTE_ERROR
247.177697,129.088811166667,35.074427666667,508096.822,3881300.467,0.005,2.080206,route_tangent,15,12.696,,,,,,,0.000000,0.0000,,,STOP_ROUTE_ERROR
247.227518,129.088811166667,35.074427666667,508096.822,3881300.467,0.005,2.080206,route_tangent,15,12.696,,,,,,,0.000000,0.0000,,,STOP_ROUTE_ERROR
247.277494,129.088811166667,35.074427666667,508096.822,3881300.467,0.005,2.080206,route_tangent,15,12.696,,,,,,,0.000000,0.0000,,,STOP_ROUTE_ERROR
247.327634,129.088811166667,35.074427666667,508096.822,3881300.467,0.005,2.080206,route_tangent,15,12.696,,,,,,,0.000000,0.0000,,,STOP_ROUTE_ERROR
247.377518,129.088811000000,35.074427666667,508096.807,3881300.467,0.006,2.080206,route_tangent,15,12.681,,,,,,,0.000000,0.0000,,,STOP_ROUTE_ERROR
247.427609,129.088811000000,35.074427666667,508096.807,3881300.467,0.006,2.080206,route_tangent,15,12.681,,,,,,,0.000000,0.0000,,,STOP_ROUTE_ERROR
247.477464,129.088811000000,35.074427666667,508096.807,3881300.467,0.006,2.080206,route_tangent,15,12.681,,,,,,,0.000000,0.0000,,,STOP_ROUTE_ERROR
247.528134,129.088811000000,35.074427666667,508096.807,3881300.467,0.006,2.080206,route_tangent,15,12.681,,,,,,,0.000000,0.0000,,,STOP_ROUTE_ERROR
247.577674,129.088811000000,35.074427666667,508096.807,3881300.467,0.006,2.080206,route_tangent,15,12.681,,,,,,,0.000000,0.0000,,,STOP_ROUTE_ERROR
247.627507,129.088811000000,35.074427666667,508096.807,3881300.467,0.007,2.080206,route_tangent,15,12.681,,,,,,,0.000000,0.0000,,,STOP_ROUTE_ERROR
247.677652,129.088811000000,35.074427666667,508096.807,3881300.467,0.007,2.080206,route_tangent,15,12.681,,,,,,,0.000000,0.0000,,,STOP_ROUTE_ERROR
247.728558,129.088811000000,35.074427666667,508096.807,3881300.467,0.007,2.080206,route_tangent,15,12.681,,,,,,,0.000000,0.0000,,,STOP_ROUTE_ERROR
247.779981,129.088811000000,35.074427666667,508096.807,3881300.467,0.007,2.080206,route_tangent,15,12.681,,,,,,,0.000000,0.0000,,,STOP_ROUTE_ERROR
247.827595,129.088811000000,35.074427666667,508096.807,3881300.467,0.007,2.080206,route_tangent,15,12.681,,,,,,,0.000000,0.0000,,,STOP_ROUTE_ERROR
247.878172,129.088811000000,35.074427666667,508096.807,3881300.467,0.006,2.080206,route_tangent,15,12.681,,,,,,,0.000000,0.0000,,,STOP_ROUTE_ERROR
247.927497,129.088811000000,35.074427666667,508096.807,3881300.467,0.006,2.080206,route_tangent,15,12.681,,,,,,,0.000000,0.0000,,,STOP_ROUTE_ERROR
247.977603,129.088811000000,35.074427666667,508096.807,3881300.467,0.006,2.080206,route_tangent,15,12.681,,,,,,,0.000000,0.0000,,,STOP_ROUTE_ERROR
248.027622,129.088811000000,35.074427666667,508096.807,3881300.467,0.006,2.080206,route_tangent,15,12.681,,,,,,,0.000000,0.0000,,,STOP_ROUTE_ERROR
248.077634,129.088811000000,35.074427666667,508096.807,3881300.467,0.006,2.080206,route_tangent,15,12.681,,,,,,,0.000000,0.0000,,,STOP_ROUTE_ERROR
248.127532,129.088811166667,35.074427666667,508096.822,3881300.467,0.006,2.080206,route_tangent,15,12.696,,,,,,,0.000000,0.0000,,,STOP_ROUTE_ERROR
248.177488,129.088811166667,35.074427666667,508096.822,3881300.467,0.006,2.080206,route_tangent,15,12.696,,,,,,,0.000000,0.0000,,,STOP_ROUTE_ERROR
248.227600,129.088811166667,35.074427666667,508096.822,3881300.467,0.006,2.080206,route_tangent,15,12.696,,,,,,,0.000000,0.0000,,,STOP_ROUTE_ERROR
248.277717,129.088811166667,35.074427666667,508096.822,3881300.467,0.006,2.080206,route_tangent,15,12.696,,,,,,,0.000000,0.0000,,,STOP_ROUTE_ERROR
248.329117,129.088811166667,35.074427666667,508096.822,3881300.467,0.006,2.080206,route_tangent,15,12.696,,,,,,,0.000000,0.0000,,,STOP_ROUTE_ERROR
248.377733,129.088811000000,35.074427666667,508096.807,3881300.467,0.031,2.080206,route_tangent,15,12.681,,,,,,,0.000000,0.0000,,,STOP_ROUTE_ERROR
248.427452,129.088811000000,35.074427666667,508096.807,3881300.467,0.031,2.080206,route_tangent,15,12.681,,,,,,,0.000000,0.0000,,,STOP_ROUTE_ERROR
248.477537,129.088811000000,35.074427666667,508096.807,3881300.467,0.031,2.080206,route_tangent,15,12.681,,,,,,,0.000000,0.0000,,,STOP_ROUTE_ERROR
248.527569,129.088811000000,35.074427666667,508096.807,3881300.467,0.031,2.080206,route_tangent,15,12.681,,,,,,,0.000000,0.0000,,,STOP_ROUTE_ERROR
248.577656,129.088811000000,35.074427666667,508096.807,3881300.467,0.031,2.080206,route_tangent,15,12.681,,,,,,,0.000000,0.0000,,,STOP_ROUTE_ERROR
248.627465,129.088811166667,35.074427666667,508096.822,3881300.467,0.012,2.080206,route_tangent,15,12.696,,,,,,,0.000000,0.0000,,,STOP_ROUTE_ERROR
248.677553,129.088811166667,35.074427666667,508096.822,3881300.467,0.012,2.080206,route_tangent,15,12.696,,,,,,,0.000000,0.0000,,,STOP_ROUTE_ERROR
248.727532,129.088811166667,35.074427666667,508096.822,3881300.467,0.012,2.080206,route_tangent,15,12.696,,,,,,,0.000000,0.0000,,,STOP_ROUTE_ERROR
248.777578,129.088811166667,35.074427666667,508096.822,3881300.467,0.012,2.080206,route_tangent,15,12.696,,,,,,,0.000000,0.0000,,,STOP_ROUTE_ERROR
248.827655,129.088811166667,35.074427666667,508096.822,3881300.467,0.012,2.080206,route_tangent,15,12.696,,,,,,,0.000000,0.0000,,,STOP_ROUTE_ERROR
248.877480,129.088811000000,35.074427666667,508096.807,3881300.467,0.020,2.080206,route_tangent,15,12.681,,,,,,,0.000000,0.0000,,,STOP_ROUTE_ERROR
248.927624,129.088811000000,35.074427666667,508096.807,3881300.467,0.020,2.080206,route_tangent,15,12.681,,,,,,,0.000000,0.0000,,,STOP_ROUTE_ERROR
248.977525,129.088811000000,35.074427666667,508096.807,3881300.467,0.020,2.080206,route_tangent,15,12.681,,,,,,,0.000000,0.0000,,,STOP_ROUTE_ERROR
249.027637,129.088811000000,35.074427666667,508096.807,3881300.467,0.020,2.080206,route_tangent,15,12.681,,,,,,,0.000000,0.0000,,,STOP_ROUTE_ERROR
249.077454,129.088811000000,35.074427666667,508096.807,3881300.467,0.020,2.080206,route_tangent,15,12.681,,,,,,,0.000000,0.0000,,,STOP_ROUTE_ERROR
249.127555,129.088811166667,35.074427666667,508096.822,3881300.467,0.007,2.080206,route_tangent,15,12.696,,,,,,,0.000000,0.0000,,,STOP_ROUTE_ERROR
249.177773,129.088811166667,35.074427666667,508096.822,3881300.467,0.007,2.080206,route_tangent,15,12.696,,,,,,,0.000000,0.0000,,,STOP_ROUTE_ERROR
249.227544,129.088811166667,35.074427666667,508096.822,3881300.467,0.007,2.080206,route_tangent,15,12.696,,,,,,,0.000000,0.0000,,,STOP_ROUTE_ERROR
249.277543,129.088811166667,35.074427666667,508096.822,3881300.467,0.007,2.080206,route_tangent,15,12.696,,,,,,,0.000000,0.0000,,,STOP_ROUTE_ERROR
249.327389,129.088811166667,35.074427666667,508096.822,3881300.467,0.007,2.080206,route_tangent,15,12.696,,,,,,,0.000000,0.0000,,,STOP_ROUTE_ERROR
249.379043,129.088811166667,35.074427666667,508096.822,3881300.467,0.007,2.080206,route_tangent,15,12.696,,,,,,,0.000000,0.0000,,,STOP_ROUTE_ERROR
249.427503,129.088811166667,35.074427666667,508096.822,3881300.467,0.007,2.080206,route_tangent,15,12.696,,,,,,,0.000000,0.0000,,,STOP_ROUTE_ERROR
249.477674,129.088811166667,35.074427666667,508096.822,3881300.467,0.007,2.080206,route_tangent,15,12.696,,,,,,,0.000000,0.0000,,,STOP_ROUTE_ERROR
249.527524,129.088811166667,35.074427666667,508096.822,3881300.467,0.007,2.080206,route_tangent,15,12.696,,,,,,,0.000000,0.0000,,,STOP_ROUTE_ERROR
249.577702,129.088811166667,35.074427666667,508096.822,3881300.467,0.007,2.080206,route_tangent,15,12.696,,,,,,,0.000000,0.0000,,,STOP_ROUTE_ERROR
249.627664,129.088811166667,35.074427666667,508096.822,3881300.467,0.011,2.080206,route_tangent,15,12.696,,,,,,,0.000000,0.0000,,,STOP_ROUTE_ERROR
249.677508,129.088811166667,35.074427666667,508096.822,3881300.467,0.011,2.080206,route_tangent,15,12.696,,,,,,,0.000000,0.0000,,,STOP_ROUTE_ERROR
249.727757,129.088811166667,35.074427666667,508096.822,3881300.467,0.011,2.080206,route_tangent,15,12.696,,,,,,,0.000000,0.0000,,,STOP_ROUTE_ERROR
249.777600,129.088811166667,35.074427666667,508096.822,3881300.467,0.011,2.080206,route_tangent,15,12.696,,,,,,,0.000000,0.0000,,,STOP_ROUTE_ERROR
249.827417,129.088811166667,35.074427666667,508096.822,3881300.467,0.015,2.080206,route_tangent,15,12.696,,,,,,,0.000000,0.0000,,,STOP_ROUTE_ERROR
249.877436,129.088811166667,35.074427666667,508096.822,3881300.467,0.015,2.080206,route_tangent,15,12.696,,,,,,,0.000000,0.0000,,,STOP_ROUTE_ERROR
249.927615,129.088811166667,35.074427666667,508096.822,3881300.467,0.015,2.080206,route_tangent,15,12.696,,,,,,,0.000000,0.0000,,,STOP_ROUTE_ERROR
249.977527,129.088811166667,35.074427666667,508096.822,3881300.467,0.015,2.080206,route_tangent,15,12.696,,,,,,,0.000000,0.0000,,,STOP_ROUTE_ERROR
250.027613,129.088811166667,35.074427666667,508096.822,3881300.467,0.015,2.080206,route_tangent,15,12.696,,,,,,,0.000000,0.0000,,,STOP_ROUTE_ERROR
250.077637,129.088811166667,35.074427666667,508096.822,3881300.467,0.015,2.080206,route_tangent,15,12.696,,,,,,,0.000000,0.0000,,,STOP_ROUTE_ERROR
250.127503,129.088811166667,35.074427666667,508096.822,3881300.467,0.026,2.080206,route_tangent,15,12.696,,,,,,,0.000000,0.0000,,,STOP_ROUTE_ERROR
250.178719,129.088811166667,35.074427666667,508096.822,3881300.467,0.026,2.080206,route_tangent,15,12.696,,,,,,,0.000000,0.0000,,,STOP_ROUTE_ERROR
250.227509,129.088811166667,35.074427666667,508096.822,3881300.467,0.026,2.080206,route_tangent,15,12.696,,,,,,,0.000000,0.0000,,,STOP_ROUTE_ERROR
250.277686,129.088811166667,35.074427666667,508096.822,3881300.467,0.026,2.080206,route_tangent,15,12.696,,,,,,,0.000000,0.0000,,,STOP_ROUTE_ERROR
250.327504,129.088811166667,35.074427666667,508096.822,3881300.467,0.026,2.080206,route_tangent,15,12.696,,,,,,,0.000000,0.0000,,,STOP_ROUTE_ERROR
250.378083,129.088811166667,35.074427666667,508096.822,3881300.467,0.007,2.080206,route_tangent,15,12.696,,,,,,,0.000000,0.0000,,,STOP_ROUTE_ERROR
250.427525,129.088811166667,35.074427666667,508096.822,3881300.467,0.007,2.080206,route_tangent,15,12.696,,,,,,,0.000000,0.0000,,,STOP_ROUTE_ERROR
250.477488,129.088811166667,35.074427666667,508096.822,3881300.467,0.007,2.080206,route_tangent,15,12.696,,,,,,,0.000000,0.0000,,,STOP_ROUTE_ERROR
250.527680,129.088811166667,35.074427666667,508096.822,3881300.467,0.007,2.080206,route_tangent,15,12.696,,,,,,,0.000000,0.0000,,,STOP_ROUTE_ERROR
250.577558,129.088811166667,35.074427666667,508096.822,3881300.467,0.007,2.080206,route_tangent,15,12.696,,,,,,,0.000000,0.0000,,,STOP_ROUTE_ERROR
250.627562,129.088811166667,35.074427666667,508096.822,3881300.467,0.012,2.080206,route_tangent,15,12.696,,,,,,,0.000000,0.0000,,,STOP_ROUTE_ERROR
250.677468,129.088811166667,35.074427666667,508096.822,3881300.467,0.012,2.080206,route_tangent,15,12.696,,,,,,,0.000000,0.0000,,,STOP_ROUTE_ERROR
250.730052,129.088811166667,35.074427666667,508096.822,3881300.467,0.012,2.080206,route_tangent,15,12.696,,,,,,,0.000000,0.0000,,,STOP_ROUTE_ERROR
250.777536,129.088811166667,35.074427666667,508096.822,3881300.467,0.012,2.080206,route_tangent,15,12.696,,,,,,,0.000000,0.0000,,,STOP_ROUTE_ERROR
250.827397,129.088811166667,35.074427666667,508096.822,3881300.467,0.017,2.080206,route_tangent,15,12.696,,,,,,,0.000000,0.0000,,,STOP_ROUTE_ERROR
250.877638,129.088811166667,35.074427666667,508096.822,3881300.467,0.017,2.080206,route_tangent,15,12.696,,,,,,,0.000000,0.0000,,,STOP_ROUTE_ERROR
250.927601,129.088811166667,35.074427666667,508096.822,3881300.467,0.017,2.080206,route_tangent,15,12.696,,,,,,,0.000000,0.0000,,,STOP_ROUTE_ERROR
250.977663,129.088811166667,35.074427666667,508096.822,3881300.467,0.017,2.080206,route_tangent,15,12.696,,,,,,,0.000000,0.0000,,,STOP_ROUTE_ERROR
251.028192,129.088811166667,35.074427666667,508096.822,3881300.467,0.017,2.080206,route_tangent,15,12.696,,,,,,,0.000000,0.0000,,,STOP_ROUTE_ERROR
251.077843,129.088811166667,35.074427666667,508096.822,3881300.467,0.017,2.080206,route_tangent,15,12.696,,,,,,,0.000000,0.0000,,,STOP_ROUTE_ERROR
251.127500,129.088811166667,35.074427666667,508096.822,3881300.467,0.006,2.080206,route_tangent,15,12.696,,,,,,,0.000000,0.0000,,,STOP_ROUTE_ERROR
251.177935,129.088811166667,35.074427666667,508096.822,3881300.467,0.006,2.080206,route_tangent,15,12.696,,,,,,,0.000000,0.0000,,,STOP_ROUTE_ERROR
251.227487,129.088811166667,35.074427666667,508096.822,3881300.467,0.006,2.080206,route_tangent,15,12.696,,,,,,,0.000000,0.0000,,,STOP_ROUTE_ERROR
251.277571,129.088811166667,35.074427666667,508096.822,3881300.467,0.006,2.080206,route_tangent,15,12.696,,,,,,,0.000000,0.0000,,,STOP_ROUTE_ERROR
251.327566,129.088811166667,35.074427666667,508096.822,3881300.467,0.006,2.080206,route_tangent,15,12.696,,,,,,,0.000000,0.0000,,,STOP_ROUTE_ERROR
251.377523,129.088811166667,35.074427666667,508096.822,3881300.467,0.015,2.080206,route_tangent,15,12.696,,,,,,,0.000000,0.0000,,,STOP_ROUTE_ERROR
251.429343,129.088811166667,35.074427666667,508096.822,3881300.467,0.015,2.080206,route_tangent,15,12.696,,,,,,,0.000000,0.0000,,,STOP_ROUTE_ERROR
251.477797,129.088811166667,35.074427666667,508096.822,3881300.467,0.015,2.080206,route_tangent,15,12.696,,,,,,,0.000000,0.0000,,,STOP_ROUTE_ERROR
251.527714,129.088811166667,35.074427666667,508096.822,3881300.467,0.015,2.080206,route_tangent,15,12.696,,,,,,,0.000000,0.0000,,,STOP_ROUTE_ERROR
251.577855,129.088811166667,35.074427666667,508096.822,3881300.467,0.015,2.080206,route_tangent,15,12.696,,,,,,,0.000000,0.0000,,,STOP_ROUTE_ERROR
251.627912,129.088811166667,35.074427666667,508096.822,3881300.467,0.015,2.080206,route_tangent,15,12.696,,,,,,,0.000000,0.0000,,,STOP_ROUTE_ERROR
251.677716,129.088811166667,35.074427666667,508096.822,3881300.467,0.015,2.080206,route_tangent,15,12.696,,,,,,,0.000000,0.0000,,,STOP_ROUTE_ERROR
251.727514,129.088811166667,35.074427666667,508096.822,3881300.467,0.015,2.080206,route_tangent,15,12.696,,,,,,,0.000000,0.0000,,,STOP_ROUTE_ERROR
251.777611,129.088811166667,35.074427666667,508096.822,3881300.467,0.015,2.080206,route_tangent,15,12.696,,,,,,,0.000000,0.0000,,,STOP_ROUTE_ERROR
251.827470,129.088811166667,35.074427666667,508096.822,3881300.467,0.015,2.080206,route_tangent,15,12.696,,,,,,,0.000000,0.0000,,,STOP_ROUTE_ERROR
251.878515,129.088811166667,35.074427500000,508096.822,3881300.448,0.011,2.080206,route_tangent,15,12.700,,,,,,,0.000000,0.0000,,,STOP_ROUTE_ERROR
251.927490,129.088811166667,35.074427500000,508096.822,3881300.448,0.011,2.080206,route_tangent,15,12.700,,,,,,,0.000000,0.0000,,,STOP_ROUTE_ERROR
251.977837,129.088811166667,35.074427500000,508096.822,3881300.448,0.011,2.080206,route_tangent,15,12.700,,,,,,,0.000000,0.0000,,,STOP_ROUTE_ERROR
252.027542,129.088811166667,35.074427500000,508096.822,3881300.448,0.011,2.080206,route_tangent,15,12.700,,,,,,,0.000000,0.0000,,,STOP_ROUTE_ERROR
252.078398,129.088811166667,35.074427500000,508096.822,3881300.448,0.011,2.080206,route_tangent,15,12.700,,,,,,,0.000000,0.0000,,,STOP_ROUTE_ERROR
252.128369,129.088811166667,35.074427666667,508096.822,3881300.467,0.003,2.080206,route_tangent,15,12.696,,,,,,,0.000000,0.0000,,,STOP_ROUTE_ERROR
252.177742,129.088811166667,35.074427666667,508096.822,3881300.467,0.003,2.080206,route_tangent,15,12.696,,,,,,,0.000000,0.0000,,,STOP_ROUTE_ERROR
252.227550,129.088811166667,35.074427666667,508096.822,3881300.467,0.003,2.080206,route_tangent,15,12.696,,,,,,,0.000000,0.0000,,,STOP_ROUTE_ERROR
252.277484,129.088811166667,35.074427666667,508096.822,3881300.467,0.003,2.080206,route_tangent,15,12.696,,,,,,,0.000000,0.0000,,,STOP_ROUTE_ERROR
252.327672,129.088811166667,35.074427666667,508096.822,3881300.467,0.003,2.080206,route_tangent,15,12.696,,,,,,,0.000000,0.0000,,,STOP_ROUTE_ERROR
252.377721,129.088811166667,35.074427666667,508096.822,3881300.467,0.010,2.080206,route_tangent,15,12.696,,,,,,,0.000000,0.0000,,,STOP_ROUTE_ERROR
252.427627,129.088811166667,35.074427666667,508096.822,3881300.467,0.010,2.080206,route_tangent,15,12.696,,,,,,,0.000000,0.0000,,,STOP_ROUTE_ERROR
252.478136,129.088811166667,35.074427666667,508096.822,3881300.467,0.010,2.080206,route_tangent,15,12.696,,,,,,,0.000000,0.0000,,,STOP_ROUTE_ERROR
252.527517,129.088811166667,35.074427666667,508096.822,3881300.467,0.010,2.080206,route_tangent,15,12.696,,,,,,,0.000000,0.0000,,,STOP_ROUTE_ERROR
252.577447,129.088811166667,35.074427666667,508096.822,3881300.467,0.007,2.080206,route_tangent,15,12.696,,,,,,,0.000000,0.0000,,,STOP_ROUTE_ERROR
252.627492,129.088811166667,35.074427666667,508096.822,3881300.467,0.007,2.080206,route_tangent,15,12.696,,,,,,,0.000000,0.0000,,,STOP_ROUTE_ERROR
252.678334,129.088811166667,35.074427666667,508096.822,3881300.467,0.007,2.080206,route_tangent,15,12.696,,,,,,,0.000000,0.0000,,,STOP_ROUTE_ERROR
252.727506,129.088811166667,35.074427666667,508096.822,3881300.467,0.007,2.080206,route_tangent,15,12.696,,,,,,,0.000000,0.0000,,,STOP_ROUTE_ERROR
252.777520,129.088811166667,35.074427666667,508096.822,3881300.467,0.007,2.080206,route_tangent,15,12.696,,,,,,,0.000000,0.0000,,,STOP_ROUTE_ERROR
252.827612,129.088811166667,35.074427666667,508096.822,3881300.467,0.007,2.080206,route_tangent,15,12.696,,,,,,,0.000000,0.0000,,,STOP_ROUTE_ERROR
252.877585,129.088811166667,35.074427666667,508096.822,3881300.467,0.015,2.080206,route_tangent,15,12.696,,,,,,,0.000000,0.0000,,,STOP_ROUTE_ERROR
252.927846,129.088811166667,35.074427666667,508096.822,3881300.467,0.015,2.080206,route_tangent,15,12.696,,,,,,,0.000000,0.0000,,,STOP_ROUTE_ERROR
252.977507,129.088811166667,35.074427666667,508096.822,3881300.467,0.015,2.080206,route_tangent,15,12.696,,,,,,,0.000000,0.0000,,,STOP_ROUTE_ERROR
253.027881,129.088811166667,35.074427666667,508096.822,3881300.467,0.015,2.080206,route_tangent,15,12.696,,,,,,,0.000000,0.0000,,,STOP_ROUTE_ERROR
253.078102,129.088811166667,35.074427666667,508096.822,3881300.467,0.015,2.080206,route_tangent,15,12.696,,,,,,,0.000000,0.0000,,,STOP_ROUTE_ERROR
253.127627,129.088811166667,35.074427666667,508096.822,3881300.467,0.012,2.080206,route_tangent,15,12.696,,,,,,,0.000000,0.0000,,,STOP_ROUTE_ERROR
253.177506,129.088811166667,35.074427666667,508096.822,3881300.467,0.012,2.080206,route_tangent,15,12.696,,,,,,,0.000000,0.0000,,,STOP_ROUTE_ERROR
253.228165,129.088811166667,35.074427666667,508096.822,3881300.467,0.012,2.080206,route_tangent,15,12.696,,,,,,,0.000000,0.0000,,,STOP_ROUTE_ERROR
253.277781,129.088811166667,35.074427666667,508096.822,3881300.467,0.012,2.080206,route_tangent,15,12.696,,,,,,,0.000000,0.0000,,,STOP_ROUTE_ERROR
253.329568,129.088811166667,35.074427666667,508096.822,3881300.467,0.003,2.080206,route_tangent,15,12.696,,,,,,,0.000000,0.0000,,,STOP_ROUTE_ERROR
253.377669,129.088811166667,35.074427666667,508096.822,3881300.467,0.003,2.080206,route_tangent,15,12.696,,,,,,,0.000000,0.0000,,,STOP_ROUTE_ERROR
253.427627,129.088811166667,35.074427666667,508096.822,3881300.467,0.003,2.080206,route_tangent,15,12.696,,,,,,,0.000000,0.0000,,,STOP_ROUTE_ERROR
253.478025,129.088811166667,35.074427666667,508096.822,3881300.467,0.003,2.080206,route_tangent,15,12.696,,,,,,,0.000000,0.0000,,,STOP_ROUTE_ERROR
253.527472,129.088811166667,35.074427666667,508096.822,3881300.467,0.003,2.080206,route_tangent,15,12.696,,,,,,,0.000000,0.0000,,,STOP_ROUTE_ERROR
253.577720,129.088811166667,35.074427666667,508096.822,3881300.467,0.009,2.080206,route_tangent,15,12.696,,,,,,,0.000000,0.0000,,,STOP_ROUTE_ERROR
253.627583,129.088811166667,35.074427666667,508096.822,3881300.467,0.009,2.080206,route_tangent,15,12.696,,,,,,,0.000000,0.0000,,,STOP_ROUTE_ERROR
253.678128,129.088811166667,35.074427666667,508096.822,3881300.467,0.009,2.080206,route_tangent,15,12.696,,,,,,,0.000000,0.0000,,,STOP_ROUTE_ERROR
253.727549,129.088811166667,35.074427666667,508096.822,3881300.467,0.009,2.080206,route_tangent,15,12.696,,,,,,,0.000000,0.0000,,,STOP_ROUTE_ERROR
253.777444,129.088811166667,35.074427666667,508096.822,3881300.467,0.009,2.080206,route_tangent,15,12.696,,,,,,,0.000000,0.0000,,,STOP_ROUTE_ERROR
253.827967,129.088811166667,35.074427666667,508096.822,3881300.467,0.009,2.080206,route_tangent,15,12.696,,,,,,,0.000000,0.0000,,,STOP_ROUTE_ERROR
253.877498,129.088811166667,35.074427666667,508096.822,3881300.467,0.013,2.080206,route_tangent,15,12.696,,,,,,,0.000000,0.0000,,,STOP_ROUTE_ERROR
253.927847,129.088811166667,35.074427666667,508096.822,3881300.467,0.013,2.080206,route_tangent,15,12.696,,,,,,,0.000000,0.0000,,,STOP_ROUTE_ERROR
253.977620,129.088811166667,35.074427666667,508096.822,3881300.467,0.013,2.080206,route_tangent,15,12.696,,,,,,,0.000000,0.0000,,,STOP_ROUTE_ERROR
254.031867,129.088811166667,35.074427666667,508096.822,3881300.467,0.013,2.080206,route_tangent,15,12.696,,,,,,,0.000000,0.0000,,,STOP_ROUTE_ERROR
254.077491,129.088811166667,35.074427666667,508096.822,3881300.467,0.013,2.080206,route_tangent,15,12.696,,,,,,,0.000000,0.0000,,,STOP_ROUTE_ERROR
254.127516,129.088811166667,35.074427666667,508096.822,3881300.467,0.012,2.080206,route_tangent,15,12.696,,,,,,,0.000000,0.0000,,,STOP_ROUTE_ERROR
254.177719,129.088811166667,35.074427666667,508096.822,3881300.467,0.012,2.080206,route_tangent,15,12.696,,,,,,,0.000000,0.0000,,,STOP_ROUTE_ERROR
254.227497,129.088811166667,35.074427666667,508096.822,3881300.467,0.012,2.080206,route_tangent,15,12.696,,,,,,,0.000000,0.0000,,,STOP_ROUTE_ERROR
254.277533,129.088811166667,35.074427666667,508096.822,3881300.467,0.012,2.080206,route_tangent,15,12.696,,,,,,,0.000000,0.0000,,,STOP_ROUTE_ERROR
254.327681,129.088811166667,35.074427666667,508096.822,3881300.467,0.011,2.080206,route_tangent,15,12.696,,,,,,,0.000000,0.0000,,,STOP_ROUTE_ERROR
254.377919,129.088811166667,35.074427666667,508096.822,3881300.467,0.011,2.080206,route_tangent,15,12.696,,,,,,,0.000000,0.0000,,,STOP_ROUTE_ERROR
254.427784,129.088811166667,35.074427666667,508096.822,3881300.467,0.011,2.080206,route_tangent,15,12.696,,,,,,,0.000000,0.0000,,,STOP_ROUTE_ERROR
254.477535,129.088811166667,35.074427666667,508096.822,3881300.467,0.011,2.080206,route_tangent,15,12.696,,,,,,,0.000000,0.0000,,,STOP_ROUTE_ERROR
254.527529,129.088811166667,35.074427666667,508096.822,3881300.467,0.011,2.080206,route_tangent,15,12.696,,,,,,,0.000000,0.0000,,,STOP_ROUTE_ERROR
254.577548,129.088811166667,35.074427666667,508096.822,3881300.467,0.016,2.080206,route_tangent,15,12.696,,,,,,,0.000000,0.0000,,,STOP_ROUTE_ERROR
254.628393,129.088811166667,35.074427666667,508096.822,3881300.467,0.016,2.080206,route_tangent,15,12.696,,,,,,,0.000000,0.0000,,,STOP_ROUTE_ERROR
254.677516,129.088811166667,35.074427666667,508096.822,3881300.467,0.016,2.080206,route_tangent,15,12.696,,,,,,,0.000000,0.0000,,,STOP_ROUTE_ERROR
254.728020,129.088811166667,35.074427666667,508096.822,3881300.467,0.016,2.080206,route_tangent,15,12.696,,,,,,,0.000000,0.0000,,,STOP_ROUTE_ERROR
254.777515,129.088811166667,35.074427666667,508096.822,3881300.467,0.016,2.080206,route_tangent,15,12.696,,,,,,,0.000000,0.0000,,,STOP_ROUTE_ERROR
254.827366,129.088811166667,35.074427666667,508096.822,3881300.467,0.011,2.080206,route_tangent,15,12.696,,,,,,,0.000000,0.0000,,,STOP_ROUTE_ERROR
254.877649,129.088811166667,35.074427666667,508096.822,3881300.467,0.011,2.080206,route_tangent,15,12.696,,,,,,,0.000000,0.0000,,,STOP_ROUTE_ERROR
254.927536,129.088811166667,35.074427666667,508096.822,3881300.467,0.011,2.080206,route_tangent,15,12.696,,,,,,,0.000000,0.0000,,,STOP_ROUTE_ERROR
254.978871,129.088811166667,35.074427666667,508096.822,3881300.467,0.011,2.080206,route_tangent,15,12.696,,,,,,,0.000000,0.0000,,,STOP_ROUTE_ERROR
255.027445,129.088811166667,35.074427666667,508096.822,3881300.467,0.011,2.080206,route_tangent,15,12.696,,,,,,,0.000000,0.0000,,,STOP_ROUTE_ERROR
255.079133,129.088811166667,35.074427666667,508096.822,3881300.467,0.011,2.080206,route_tangent,15,12.696,,,,,,,0.000000,0.0000,,,STOP_ROUTE_ERROR
255.127508,129.088811166667,35.074427666667,508096.822,3881300.467,0.003,2.080206,route_tangent,15,12.696,,,,,,,0.000000,0.0000,,,STOP_ROUTE_ERROR
255.178369,129.088811166667,35.074427666667,508096.822,3881300.467,0.003,2.080206,route_tangent,15,12.696,,,,,,,0.000000,0.0000,,,STOP_ROUTE_ERROR
255.227636,129.088811166667,35.074427666667,508096.822,3881300.467,0.003,2.080206,route_tangent,15,12.696,,,,,,,0.000000,0.0000,,,STOP_ROUTE_ERROR
255.277548,129.088811166667,35.074427666667,508096.822,3881300.467,0.003,2.080206,route_tangent,15,12.696,,,,,,,0.000000,0.0000,,,STOP_ROUTE_ERROR
255.327478,129.088811166667,35.074427666667,508096.822,3881300.467,0.005,2.080206,route_tangent,15,12.696,,,,,,,0.000000,0.0000,,,STOP_ROUTE_ERROR
255.377545,129.088811166667,35.074427666667,508096.822,3881300.467,0.005,2.080206,route_tangent,15,12.696,,,,,,,0.000000,0.0000,,,STOP_ROUTE_ERROR
255.427630,129.088811166667,35.074427666667,508096.822,3881300.467,0.005,2.080206,route_tangent,15,12.696,,,,,,,0.000000,0.0000,,,STOP_ROUTE_ERROR
255.477476,129.088811166667,35.074427666667,508096.822,3881300.467,0.005,2.080206,route_tangent,15,12.696,,,,,,,0.000000,0.0000,,,STOP_ROUTE_ERROR
255.527631,129.088811166667,35.074427666667,508096.822,3881300.467,0.005,2.080206,route_tangent,15,12.696,,,,,,,0.000000,0.0000,,,STOP_ROUTE_ERROR
255.577527,129.088811166667,35.074427666667,508096.822,3881300.467,0.005,2.080206,route_tangent,15,12.696,,,,,,,0.000000,0.0000,,,STOP_ROUTE_ERROR
255.627522,129.088811166667,35.074427666667,508096.822,3881300.467,0.003,2.080206,route_tangent,15,12.696,,,,,,,0.000000,0.0000,,,STOP_ROUTE_ERROR
255.677518,129.088811166667,35.074427666667,508096.822,3881300.467,0.003,2.080206,route_tangent,15,12.696,,,,,,,0.000000,0.0000,,,STOP_ROUTE_ERROR
255.727708,129.088811166667,35.074427666667,508096.822,3881300.467,0.003,2.080206,route_tangent,15,12.696,,,,,,,0.000000,0.0000,,,STOP_ROUTE_ERROR
255.777779,129.088811166667,35.074427666667,508096.822,3881300.467,0.003,2.080206,route_tangent,15,12.696,,,,,,,0.000000,0.0000,,,STOP_ROUTE_ERROR
255.827477,129.088811166667,35.074427666667,508096.822,3881300.467,0.003,2.080206,route_tangent,15,12.696,,,,,,,0.000000,0.0000,,,STOP_ROUTE_ERROR
255.877819,129.088811166667,35.074427666667,508096.822,3881300.467,0.009,2.080206,route_tangent,15,12.696,,,,,,,0.000000,0.0000,,,STOP_ROUTE_ERROR
255.927600,129.088811166667,35.074427666667,508096.822,3881300.467,0.009,2.080206,route_tangent,15,12.696,,,,,,,0.000000,0.0000,,,STOP_ROUTE_ERROR
255.977565,129.088811166667,35.074427666667,508096.822,3881300.467,0.009,2.080206,route_tangent,15,12.696,,,,,,,0.000000,0.0000,,,STOP_ROUTE_ERROR
256.027697,129.088811166667,35.074427666667,508096.822,3881300.467,0.009,2.080206,route_tangent,15,12.696,,,,,,,0.000000,0.0000,,,STOP_ROUTE_ERROR
256.077948,129.088811166667,35.074427666667,508096.822,3881300.467,0.009,2.080206,route_tangent,15,12.696,,,,,,,0.000000,0.0000,,,STOP_ROUTE_ERROR
256.129029,129.088811166667,35.074427666667,508096.822,3881300.467,0.006,2.080206,route_tangent,15,12.696,,,,,,,0.000000,0.0000,,,STOP_ROUTE_ERROR
256.177877,129.088811166667,35.074427666667,508096.822,3881300.467,0.006,2.080206,route_tangent,15,12.696,,,,,,,0.000000,0.0000,,,STOP_ROUTE_ERROR
256.228047,129.088811166667,35.074427666667,508096.822,3881300.467,0.006,2.080206,route_tangent,15,12.696,,,,,,,0.000000,0.0000,,,STOP_ROUTE_ERROR
256.277789,129.088811166667,35.074427666667,508096.822,3881300.467,0.006,2.080206,route_tangent,15,12.696,,,,,,,0.000000,0.0000,,,STOP_ROUTE_ERROR
256.327785,129.088811166667,35.074427666667,508096.822,3881300.467,0.006,2.080206,route_tangent,15,12.696,,,,,,,0.000000,0.0000,,,STOP_ROUTE_ERROR
256.377453,129.088811166667,35.074427666667,508096.822,3881300.467,0.013,2.080206,route_tangent,15,12.696,,,,,,,0.000000,0.0000,,,STOP_ROUTE_ERROR
256.427613,129.088811166667,35.074427666667,508096.822,3881300.467,0.013,2.080206,route_tangent,15,12.696,,,,,,,0.000000,0.0000,,,STOP_ROUTE_ERROR
256.477845,129.088811166667,35.074427666667,508096.822,3881300.467,0.013,2.080206,route_tangent,15,12.696,,,,,,,0.000000,0.0000,,,STOP_ROUTE_ERROR
256.527438,129.088811166667,35.074427666667,508096.822,3881300.467,0.013,2.080206,route_tangent,15,12.696,,,,,,,0.000000,0.0000,,,STOP_ROUTE_ERROR
256.577743,129.088811166667,35.074427666667,508096.822,3881300.467,0.013,2.080206,route_tangent,15,12.696,,,,,,,0.000000,0.0000,,,STOP_ROUTE_ERROR
256.628112,129.088811166667,35.074427666667,508096.822,3881300.467,0.012,2.080206,route_tangent,15,12.696,,,,,,,0.000000,0.0000,,,STOP_ROUTE_ERROR
256.677681,129.088811166667,35.074427666667,508096.822,3881300.467,0.012,2.080206,route_tangent,15,12.696,,,,,,,0.000000,0.0000,,,STOP_ROUTE_ERROR
256.727519,129.088811166667,35.074427666667,508096.822,3881300.467,0.012,2.080206,route_tangent,15,12.696,,,,,,,0.000000,0.0000,,,STOP_ROUTE_ERROR
256.778195,129.088811166667,35.074427666667,508096.822,3881300.467,0.012,2.080206,route_tangent,15,12.696,,,,,,,0.000000,0.0000,,,STOP_ROUTE_ERROR
256.827486,129.088811166667,35.074427666667,508096.822,3881300.467,0.012,2.080206,route_tangent,15,12.696,,,,,,,0.000000,0.0000,,,STOP_ROUTE_ERROR
256.877528,129.088811166667,35.074427666667,508096.822,3881300.467,0.028,2.080206,route_tangent,15,12.696,,,,,,,0.000000,0.0000,,,STOP_ROUTE_ERROR
256.927488,129.088811166667,35.074427666667,508096.822,3881300.467,0.028,2.080206,route_tangent,15,12.696,,,,,,,0.000000,0.0000,,,STOP_ROUTE_ERROR
256.977488,129.088811166667,35.074427666667,508096.822,3881300.467,0.028,2.080206,route_tangent,15,12.696,,,,,,,0.000000,0.0000,,,STOP_ROUTE_ERROR
257.027895,129.088811166667,35.074427666667,508096.822,3881300.467,0.028,2.080206,route_tangent,15,12.696,,,,,,,0.000000,0.0000,,,STOP_ROUTE_ERROR
257.077497,129.088811166667,35.074427666667,508096.822,3881300.467,0.028,2.080206,route_tangent,15,12.696,,,,,,,0.000000,0.0000,,,STOP_ROUTE_ERROR
257.127750,129.088811166667,35.074427666667,508096.822,3881300.467,0.020,2.080206,route_tangent,15,12.696,,,,,,,0.000000,0.0000,,,STOP_ROUTE_ERROR
257.177525,129.088811166667,35.074427666667,508096.822,3881300.467,0.020,2.080206,route_tangent,15,12.696,,,,,,,0.000000,0.0000,,,STOP_ROUTE_ERROR
257.227742,129.088811166667,35.074427666667,508096.822,3881300.467,0.020,2.080206,route_tangent,15,12.696,,,,,,,0.000000,0.0000,,,STOP_ROUTE_ERROR
257.278197,129.088811166667,35.074427666667,508096.822,3881300.467,0.020,2.080206,route_tangent,15,12.696,,,,,,,0.000000,0.0000,,,STOP_ROUTE_ERROR
257.327568,129.088811166667,35.074427666667,508096.822,3881300.467,0.020,2.080206,route_tangent,15,12.696,,,,,,,0.000000,0.0000,,,STOP_ROUTE_ERROR
257.377645,129.088811166667,35.074427666667,508096.822,3881300.467,0.016,2.080206,route_tangent,15,12.696,,,,,,,0.000000,0.0000,,,STOP_ROUTE_ERROR
257.427550,129.088811166667,35.074427666667,508096.822,3881300.467,0.016,2.080206,route_tangent,15,12.696,,,,,,,0.000000,0.0000,,,STOP_ROUTE_ERROR
257.477595,129.088811166667,35.074427666667,508096.822,3881300.467,0.016,2.080206,route_tangent,15,12.696,,,,,,,0.000000,0.0000,,,STOP_ROUTE_ERROR
257.527517,129.088811166667,35.074427666667,508096.822,3881300.467,0.016,2.080206,route_tangent,15,12.696,,,,,,,0.000000,0.0000,,,STOP_ROUTE_ERROR
257.577732,129.088811166667,35.074427666667,508096.822,3881300.467,0.016,2.080206,route_tangent,15,12.696,,,,,,,0.000000,0.0000,,,STOP_ROUTE_ERROR
257.627771,129.088811166667,35.074427666667,508096.822,3881300.467,0.005,2.080206,route_tangent,15,12.696,,,,,,,0.000000,0.0000,,,STOP_ROUTE_ERROR
257.677811,129.088811166667,35.074427666667,508096.822,3881300.467,0.005,2.080206,route_tangent,15,12.696,,,,,,,0.000000,0.0000,,,STOP_ROUTE_ERROR
257.727568,129.088811166667,35.074427666667,508096.822,3881300.467,0.005,2.080206,route_tangent,15,12.696,,,,,,,0.000000,0.0000,,,STOP_ROUTE_ERROR
257.777450,129.088811166667,35.074427666667,508096.822,3881300.467,0.005,2.080206,route_tangent,15,12.696,,,,,,,0.000000,0.0000,,,STOP_ROUTE_ERROR
257.829537,129.088811166667,35.074427666667,508096.822,3881300.467,0.005,2.080206,route_tangent,15,12.696,,,,,,,0.000000,0.0000,,,STOP_ROUTE_ERROR
257.877522,129.088811166667,35.074427666667,508096.822,3881300.467,0.014,2.080206,route_tangent,15,12.696,,,,,,,0.000000,0.0000,,,STOP_ROUTE_ERROR
257.927621,129.088811166667,35.074427666667,508096.822,3881300.467,0.014,2.080206,route_tangent,15,12.696,,,,,,,0.000000,0.0000,,,STOP_ROUTE_ERROR
257.977699,129.088811166667,35.074427666667,508096.822,3881300.467,0.014,2.080206,route_tangent,15,12.696,,,,,,,0.000000,0.0000,,,STOP_ROUTE_ERROR
258.027608,129.088811166667,35.074427666667,508096.822,3881300.467,0.014,2.080206,route_tangent,15,12.696,,,,,,,0.000000,0.0000,,,STOP_ROUTE_ERROR
258.077499,129.088811166667,35.074427666667,508096.822,3881300.467,0.014,2.080206,route_tangent,15,12.696,,,,,,,0.000000,0.0000,,,STOP_ROUTE_ERROR
258.127795,129.088811166667,35.074427666667,508096.822,3881300.467,0.024,2.080206,route_tangent,15,12.696,,,,,,,0.000000,0.0000,,,STOP_ROUTE_ERROR
258.180704,129.088811166667,35.074427666667,508096.822,3881300.467,0.024,2.080206,route_tangent,15,12.696,,,,,,,0.000000,0.0000,,,STOP_ROUTE_ERROR
258.227878,129.088811166667,35.074427666667,508096.822,3881300.467,0.024,2.080206,route_tangent,15,12.696,,,,,,,0.000000,0.0000,,,STOP_ROUTE_ERROR
258.277562,129.088811166667,35.074427666667,508096.822,3881300.467,0.024,2.080206,route_tangent,15,12.696,,,,,,,0.000000,0.0000,,,STOP_ROUTE_ERROR
258.327502,129.088811166667,35.074427666667,508096.822,3881300.467,0.024,2.080206,route_tangent,15,12.696,,,,,,,0.000000,0.0000,,,STOP_ROUTE_ERROR
258.377646,129.088811166667,35.074427666667,508096.822,3881300.467,0.002,2.080206,route_tangent,15,12.696,,,,,,,0.000000,0.0000,,,STOP_ROUTE_ERROR
258.427683,129.088811166667,35.074427666667,508096.822,3881300.467,0.002,2.080206,route_tangent,15,12.696,,,,,,,0.000000,0.0000,,,STOP_ROUTE_ERROR
258.477535,129.088811166667,35.074427666667,508096.822,3881300.467,0.002,2.080206,route_tangent,15,12.696,,,,,,,0.000000,0.0000,,,STOP_ROUTE_ERROR
258.527765,129.088811166667,35.074427666667,508096.822,3881300.467,0.002,2.080206,route_tangent,15,12.696,,,,,,,0.000000,0.0000,,,STOP_ROUTE_ERROR
258.577493,129.088811166667,35.074427666667,508096.822,3881300.467,0.016,2.080206,route_tangent,15,12.696,,,,,,,0.000000,0.0000,,,STOP_ROUTE_ERROR
258.627603,129.088811166667,35.074427666667,508096.822,3881300.467,0.016,2.080206,route_tangent,15,12.696,,,,,,,0.000000,0.0000,,,STOP_ROUTE_ERROR
258.677507,129.088811166667,35.074427666667,508096.822,3881300.467,0.016,2.080206,route_tangent,15,12.696,,,,,,,0.000000,0.0000,,,STOP_ROUTE_ERROR
258.727826,129.088811166667,35.074427666667,508096.822,3881300.467,0.016,2.080206,route_tangent,15,12.696,,,,,,,0.000000,0.0000,,,STOP_ROUTE_ERROR
258.778115,129.088811166667,35.074427666667,508096.822,3881300.467,0.016,2.080206,route_tangent,15,12.696,,,,,,,0.000000,0.0000,,,STOP_ROUTE_ERROR
258.827854,129.088811166667,35.074427666667,508096.822,3881300.467,0.016,2.080206,route_tangent,15,12.696,,,,,,,0.000000,0.0000,,,STOP_ROUTE_ERROR
258.877590,129.088811166667,35.074427666667,508096.822,3881300.467,0.003,2.080206,route_tangent,15,12.696,,,,,,,0.000000,0.0000,,,STOP_ROUTE_ERROR
258.927488,129.088811166667,35.074427666667,508096.822,3881300.467,0.003,2.080206,route_tangent,15,12.696,,,,,,,0.000000,0.0000,,,STOP_ROUTE_ERROR
258.977764,129.088811166667,35.074427666667,508096.822,3881300.467,0.003,2.080206,route_tangent,15,12.696,,,,,,,0.000000,0.0000,,,STOP_ROUTE_ERROR
259.027481,129.088811166667,35.074427666667,508096.822,3881300.467,0.003,2.080206,route_tangent,15,12.696,,,,,,,0.000000,0.0000,,,STOP_ROUTE_ERROR
259.077734,129.088811166667,35.074427666667,508096.822,3881300.467,0.003,2.080206,route_tangent,15,12.696,,,,,,,0.000000,0.0000,,,STOP_ROUTE_ERROR
259.127490,129.088811166667,35.074427666667,508096.822,3881300.467,0.009,2.080206,route_tangent,15,12.696,,,,,,,0.000000,0.0000,,,STOP_ROUTE_ERROR
259.177676,129.088811166667,35.074427666667,508096.822,3881300.467,0.009,2.080206,route_tangent,15,12.696,,,,,,,0.000000,0.0000,,,STOP_ROUTE_ERROR
259.227715,129.088811166667,35.074427666667,508096.822,3881300.467,0.009,2.080206,route_tangent,15,12.696,,,,,,,0.000000,0.0000,,,STOP_ROUTE_ERROR
259.277803,129.088811166667,35.074427666667,508096.822,3881300.467,0.009,2.080206,route_tangent,15,12.696,,,,,,,0.000000,0.0000,,,STOP_ROUTE_ERROR
259.327563,129.088811166667,35.074427666667,508096.822,3881300.467,0.009,2.080206,route_tangent,15,12.696,,,,,,,0.000000,0.0000,,,STOP_ROUTE_ERROR
259.377523,129.088811166667,35.074427666667,508096.822,3881300.467,0.004,2.080206,route_tangent,15,12.696,,,,,,,0.000000,0.0000,,,STOP_ROUTE_ERROR
259.427597,129.088811166667,35.074427666667,508096.822,3881300.467,0.004,2.080206,route_tangent,15,12.696,,,,,,,0.000000,0.0000,,,STOP_ROUTE_ERROR
259.477635,129.088811166667,35.074427666667,508096.822,3881300.467,0.004,2.080206,route_tangent,15,12.696,,,,,,,0.000000,0.0000,,,STOP_ROUTE_ERROR
259.529563,129.088811166667,35.074427666667,508096.822,3881300.467,0.004,2.080206,route_tangent,15,12.696,,,,,,,0.000000,0.0000,,,STOP_ROUTE_ERROR
259.577501,129.088811166667,35.074427666667,508096.822,3881300.467,0.004,2.080206,route_tangent,15,12.696,,,,,,,0.000000,0.0000,,,STOP_ROUTE_ERROR
259.627711,129.088811166667,35.074427666667,508096.822,3881300.467,0.010,2.080206,route_tangent,15,12.696,,,,,,,0.000000,0.0000,,,STOP_ROUTE_ERROR
259.677696,129.088811166667,35.074427666667,508096.822,3881300.467,0.010,2.080206,route_tangent,15,12.696,,,,,,,0.000000,0.0000,,,STOP_ROUTE_ERROR
259.727972,129.088811166667,35.074427666667,508096.822,3881300.467,0.010,2.080206,route_tangent,15,12.696,,,,,,,0.000000,0.0000,,,STOP_ROUTE_ERROR
259.777663,129.088811166667,35.074427666667,508096.822,3881300.467,0.010,2.080206,route_tangent,15,12.696,,,,,,,0.000000,0.0000,,,STOP_ROUTE_ERROR
259.827441,129.088811166667,35.074427666667,508096.822,3881300.467,0.005,2.080206,route_tangent,15,12.696,,,,,,,0.000000,0.0000,,,STOP_ROUTE_ERROR
259.877633,129.088811166667,35.074427666667,508096.822,3881300.467,0.005,2.080206,route_tangent,15,12.696,,,,,,,0.000000,0.0000,,,STOP_ROUTE_ERROR
259.927483,129.088811166667,35.074427666667,508096.822,3881300.467,0.005,2.080206,route_tangent,15,12.696,,,,,,,0.000000,0.0000,,,STOP_ROUTE_ERROR
259.977607,129.088811166667,35.074427666667,508096.822,3881300.467,0.005,2.080206,route_tangent,15,12.696,,,,,,,0.000000,0.0000,,,STOP_ROUTE_ERROR
260.027544,129.088811166667,35.074427666667,508096.822,3881300.467,0.005,2.080206,route_tangent,15,12.696,,,,,,,0.000000,0.0000,,,STOP_ROUTE_ERROR
260.077524,129.088811166667,35.074427666667,508096.822,3881300.467,0.005,2.080206,route_tangent,15,12.696,,,,,,,0.000000,0.0000,,,STOP_ROUTE_ERROR
260.127843,129.088811166667,35.074427666667,508096.822,3881300.467,0.005,2.080206,route_tangent,15,12.696,,,,,,,0.000000,0.0000,,,STOP_ROUTE_ERROR
260.177479,129.088811166667,35.074427666667,508096.822,3881300.467,0.005,2.080206,route_tangent,15,12.696,,,,,,,0.000000,0.0000,,,STOP_ROUTE_ERROR
260.227627,129.088811166667,35.074427666667,508096.822,3881300.467,0.005,2.080206,route_tangent,15,12.696,,,,,,,0.000000,0.0000,,,STOP_ROUTE_ERROR
260.277501,129.088811166667,35.074427666667,508096.822,3881300.467,0.005,2.080206,route_tangent,15,12.696,,,,,,,0.000000,0.0000,,,STOP_ROUTE_ERROR
260.328601,129.088811166667,35.074427666667,508096.822,3881300.467,0.005,2.080206,route_tangent,15,12.696,,,,,,,0.000000,0.0000,,,STOP_ROUTE_ERROR
260.377625,129.088811166667,35.074427666667,508096.822,3881300.467,0.018,2.080206,route_tangent,15,12.696,,,,,,,0.000000,0.0000,,,STOP_ROUTE_ERROR
260.427688,129.088811166667,35.074427666667,508096.822,3881300.467,0.018,2.080206,route_tangent,15,12.696,,,,,,,0.000000,0.0000,,,STOP_ROUTE_ERROR
260.477465,129.088811166667,35.074427666667,508096.822,3881300.467,0.018,2.080206,route_tangent,15,12.696,,,,,,,0.000000,0.0000,,,STOP_ROUTE_ERROR
260.527649,129.088811166667,35.074427666667,508096.822,3881300.467,0.018,2.080206,route_tangent,15,12.696,,,,,,,0.000000,0.0000,,,STOP_ROUTE_ERROR
260.577719,129.088811166667,35.074427666667,508096.822,3881300.467,0.018,2.080206,route_tangent,15,12.696,,,,,,,0.000000,0.0000,,,STOP_ROUTE_ERROR
260.627723,129.088811166667,35.074427666667,508096.822,3881300.467,0.018,2.080206,route_tangent,15,12.696,,,,,,,0.000000,0.0000,,,STOP_ROUTE_ERROR
260.677652,129.088811166667,35.074427666667,508096.822,3881300.467,0.018,2.080206,route_tangent,15,12.696,,,,,,,0.000000,0.0000,,,STOP_ROUTE_ERROR
260.727974,129.088811166667,35.074427666667,508096.822,3881300.467,0.018,2.080206,route_tangent,15,12.696,,,,,,,0.000000,0.0000,,,STOP_ROUTE_ERROR
260.777686,129.088811166667,35.074427666667,508096.822,3881300.467,0.018,2.080206,route_tangent,15,12.696,,,,,,,0.000000,0.0000,,,STOP_ROUTE_ERROR
260.827640,129.088811166667,35.074427666667,508096.822,3881300.467,0.018,2.080206,route_tangent,15,12.696,,,,,,,0.000000,0.0000,,,STOP_ROUTE_ERROR
260.877934,129.088811166667,35.074427666667,508096.822,3881300.467,0.031,2.080206,route_tangent,15,12.696,,,,,,,0.000000,0.0000,,,STOP_ROUTE_ERROR
260.927509,129.088811166667,35.074427666667,508096.822,3881300.467,0.031,2.080206,route_tangent,15,12.696,,,,,,,0.000000,0.0000,,,STOP_ROUTE_ERROR
260.977664,129.088811166667,35.074427666667,508096.822,3881300.467,0.031,2.080206,route_tangent,15,12.696,,,,,,,0.000000,0.0000,,,STOP_ROUTE_ERROR
261.027565,129.088811166667,35.074427666667,508096.822,3881300.467,0.031,2.080206,route_tangent,15,12.696,,,,,,,0.000000,0.0000,,,STOP_ROUTE_ERROR
261.077505,129.088811166667,35.074427666667,508096.822,3881300.467,0.031,2.080206,route_tangent,15,12.696,,,,,,,0.000000,0.0000,,,STOP_ROUTE_ERROR
261.127691,129.088811166667,35.074427666667,508096.822,3881300.467,0.021,2.080206,route_tangent,15,12.696,,,,,,,0.000000,0.0000,,,STOP_ROUTE_ERROR
261.177490,129.088811166667,35.074427666667,508096.822,3881300.467,0.021,2.080206,route_tangent,15,12.696,,,,,,,0.000000,0.0000,,,STOP_ROUTE_ERROR
261.227712,129.088811166667,35.074427666667,508096.822,3881300.467,0.021,2.080206,route_tangent,15,12.696,,,,,,,0.000000,0.0000,,,STOP_ROUTE_ERROR
261.277534,129.088811166667,35.074427666667,508096.822,3881300.467,0.021,2.080206,route_tangent,15,12.696,,,,,,,0.000000,0.0000,,,STOP_ROUTE_ERROR
261.327513,129.088811166667,35.074427666667,508096.822,3881300.467,0.021,2.080206,route_tangent,15,12.696,,,,,,,0.000000,0.0000,,,STOP_ROUTE_ERROR
261.379361,129.088811166667,35.074427666667,508096.822,3881300.467,0.009,2.080206,route_tangent,15,12.696,,,,,,,0.000000,0.0000,,,STOP_ROUTE_ERROR
261.427545,129.088811166667,35.074427666667,508096.822,3881300.467,0.009,2.080206,route_tangent,15,12.696,,,,,,,0.000000,0.0000,,,STOP_ROUTE_ERROR
261.477592,129.088811166667,35.074427666667,508096.822,3881300.467,0.009,2.080206,route_tangent,15,12.696,,,,,,,0.000000,0.0000,,,STOP_ROUTE_ERROR
261.527491,129.088811166667,35.074427666667,508096.822,3881300.467,0.009,2.080206,route_tangent,15,12.696,,,,,,,0.000000,0.0000,,,STOP_ROUTE_ERROR
261.577580,129.088811166667,35.074427666667,508096.822,3881300.467,0.009,2.080206,route_tangent,15,12.696,,,,,,,0.000000,0.0000,,,STOP_ROUTE_ERROR
