elapsed_sec,longitude,latitude,utm_easting_m,utm_northing_m,speed_mps,heading_rad,heading_source,waypoint_index,route_error_m,lookahead_m,target_index,target_easting_m,target_northing_m,alpha_rad,raw_steering_rad,filtered_steering_rad,command_speed_mps,wheel_speed_mps,speed_error_mps,state
7.983187,129.088810166667,35.074426000000,508096.731,3881300.282,0.006,-2.675482,route_tangent,0,0.130,2.000,2,508094.848,3881299.430,-0.041318,0.000000,0.000000,0.5600,0.000,0.006,TRACKING|w0 d0 L0
8.033004,129.088810166667,35.074426000000,508096.731,3881300.282,0.006,-2.675482,route_tangent,0,0.130,2.000,2,508094.848,3881299.430,-0.041318,0.000000,0.000000,0.5600,0.000,0.006,TRACKING|w0 d0 L0
8.083007,129.088810166667,35.074426000000,508096.731,3881300.282,0.006,-2.675482,route_tangent,0,0.130,2.000,2,508094.848,3881299.430,-0.041318,0.000000,0.000000,0.5600,0.000,0.006,TRACKING|w0 d0 L0
8.133032,129.088810166667,35.074426000000,508096.731,3881300.282,0.004,-2.675482,route_tangent,0,0.130,2.000,2,508094.848,3881299.430,-0.041318,0.000000,0.000000,0.5600,0.000,0.004,TRACKING|w0 d0 L0
8.182997,129.088810166667,35.074426000000,508096.731,3881300.282,0.004,-2.675482,route_tangent,0,0.130,2.000,2,508094.848,3881299.430,-0.041318,0.000000,0.000000,0.5600,0.000,0.004,TRACKING|w0 d0 L0
8.233001,129.088810166667,35.074426000000,508096.731,3881300.282,0.004,-2.675482,route_tangent,0,0.130,2.000,2,508094.848,3881299.430,-0.041318,0.000000,0.000000,0.5600,0.000,0.004,TRACKING|w0 d0 L0
8.283157,129.088810166667,35.074426000000,508096.731,3881300.282,0.004,-2.675482,route_tangent,0,0.130,2.000,2,508094.848,3881299.430,-0.041318,0.000000,0.000000,0.5600,0.000,0.004,TRACKING|w0 d0 L0
8.332870,129.088810166667,35.074426000000,508096.731,3881300.282,0.004,-2.675482,route_tangent,0,0.130,2.000,2,508094.848,3881299.430,-0.041318,0.000000,0.000000,0.5600,0.000,0.004,TRACKING|w0 d0 L0
8.383029,129.088810166667,35.074426000000,508096.731,3881300.282,0.011,-2.675482,route_tangent,0,0.130,2.000,2,508094.848,3881299.430,-0.041318,0.000000,0.000000,0.5600,0.000,0.011,TRACKING|w0 d0 L0
8.432967,129.088810166667,35.074426000000,508096.731,3881300.282,0.011,-2.675482,route_tangent,0,0.130,2.000,2,508094.848,3881299.430,-0.041318,0.000000,0.000000,0.5600,0.000,0.011,TRACKING|w0 d0 L0
8.483013,129.088810166667,35.074426000000,508096.731,3881300.282,0.011,-2.675482,route_tangent,0,0.130,2.000,2,508094.848,3881299.430,-0.041318,0.000000,0.000000,0.5600,0.000,0.011,TRACKING|w0 d0 L0
8.533036,129.088810166667,35.074426000000,508096.731,3881300.282,0.011,-2.675482,route_tangent,0,0.130,2.000,2,508094.848,3881299.430,-0.041318,0.000000,0.000000,0.5600,0.000,0.011,TRACKING|w0 d0 L0
8.582913,129.088810166667,35.074426000000,508096.731,3881300.282,0.011,-2.675482,route_tangent,0,0.130,2.000,2,508094.848,3881299.430,-0.041318,0.000000,0.000000,0.5600,0.000,0.011,TRACKING|w0 d0 L0
8.632954,129.088810166667,35.074426166667,508096.731,3881300.300,0.017,-2.675482,route_tangent,0,0.112,2.000,2,508094.848,3881299.430,-0.033198,0.000000,0.000000,0.5600,0.000,0.017,TRACKING|w0 d0 L0
8.682929,129.088810166667,35.074426166667,508096.731,3881300.300,0.017,-2.675482,route_tangent,0,0.112,2.000,2,508094.848,3881299.430,-0.033198,0.000000,0.000000,0.5600,0.000,0.017,TRACKING|w0 d0 L0
8.734686,129.088810166667,35.074426166667,508096.731,3881300.300,0.017,-2.675482,route_tangent,0,0.112,2.000,2,508094.848,3881299.430,-0.033198,0.000000,0.000000,0.5600,0.000,0.017,TRACKING|w0 d0 L0
8.783051,129.088810166667,35.074426166667,508096.731,3881300.300,0.017,-2.675482,route_tangent,0,0.112,2.000,2,508094.848,3881299.430,-0.033198,0.000000,0.000000,0.5600,0.000,0.017,TRACKING|w0 d0 L0
8.835773,129.088810166667,35.074426166667,508096.731,3881300.300,0.017,-2.675482,route_tangent,0,0.112,2.000,2,508094.848,3881299.430,-0.033198,0.000000,0.000000,0.5600,0.000,0.017,TRACKING|w0 d0 L0
8.882989,129.088810166667,35.074426166667,508096.731,3881300.300,0.012,-2.675482,route_tangent,0,0.112,2.000,2,508094.848,3881299.430,-0.033198,0.000000,0.000000,0.5600,0.000,0.012,TRACKING|w0 d0 L0
8.932960,129.088810166667,35.074426166667,508096.731,3881300.300,0.012,-2.675482,route_tangent,0,0.112,2.000,2,508094.848,3881299.430,-0.033198,0.000000,0.000000,0.5600,0.000,0.012,TRACKING|w0 d0 L0
8.983008,129.088810166667,35.074426166667,508096.731,3881300.300,0.012,-2.675482,route_tangent,0,0.112,2.000,2,508094.848,3881299.430,-0.033198,0.000000,0.000000,0.5600,0.000,0.012,TRACKING|w0 d0 L0
9.032876,129.088810166667,35.074426166667,508096.731,3881300.300,0.012,-2.675482,route_tangent,0,0.112,2.000,2,508094.848,3881299.430,-0.033198,0.000000,0.000000,0.5600,0.000,0.012,TRACKING|w0 d0 L0
9.085574,129.088810166667,35.074426166667,508096.731,3881300.300,0.012,-2.675482,route_tangent,0,0.112,2.000,2,508094.848,3881299.430,-0.033198,0.000000,0.000000,0.5600,0.000,0.012,TRACKING|w0 d0 L0
9.133272,129.088810166667,35.074426166667,508096.731,3881300.300,0.002,-2.675482,route_tangent,0,0.112,2.000,2,508094.848,3881299.430,-0.033198,0.000000,0.000000,0.5600,0.056,-0.054,TRACKING|w0 d0 L0
9.183784,129.088810166667,35.074426166667,508096.731,3881300.300,0.002,-2.675482,route_tangent,0,0.112,2.000,2,508094.848,3881299.430,-0.033198,0.000000,0.000000,0.5600,0.056,-0.054,TRACKING|w0 d0 L0
9.232867,129.088810166667,35.074426166667,508096.731,3881300.300,0.002,-2.675482,route_tangent,0,0.112,2.000,2,508094.848,3881299.430,-0.033198,0.000000,0.000000,0.5600,0.056,-0.054,TRACKING|w0 d0 L0
9.283195,129.088810166667,35.074426166667,508096.731,3881300.300,0.002,-2.675482,route_tangent,0,0.112,2.000,2,508094.848,3881299.430,-0.033198,0.000000,0.000000,0.5600,0.056,-0.054,TRACKING|w0 d0 L0
9.333038,129.088810166667,35.074426166667,508096.731,3881300.300,0.002,-2.675482,route_tangent,0,0.112,2.000,2,508094.848,3881299.430,-0.033198,0.000000,0.000000,0.5600,0.039,-0.037,TRACKING|w0 d0 L0
9.382980,129.088810000000,35.074426000000,508096.716,3881300.282,0.013,-2.675482,route_tangent,0,0.129,2.000,2,508094.848,3881299.430,-0.038274,0.000000,0.000000,0.5600,0.039,-0.026,TRACKING|w0 d0 L0
9.433024,129.088810000000,35.074426000000,508096.716,3881300.282,0.013,-2.675482,route_tangent,0,0.129,2.000,2,508094.848,3881299.430,-0.038274,0.000000,0.000000,0.5600,0.039,-0.026,TRACKING|w0 d0 L0
9.482875,129.088810000000,35.074426000000,508096.716,3881300.282,0.013,-2.675482,route_tangent,0,0.129,2.000,2,508094.848,3881299.430,-0.038274,0.000000,0.000000,0.5600,0.039,-0.026,TRACKING|w0 d0 L0
9.533873,129.088810000000,35.074426000000,508096.716,3881300.282,0.013,-2.675482,route_tangent,0,0.129,2.000,2,508094.848,3881299.430,-0.038274,0.000000,0.000000,0.5600,0.039,-0.026,TRACKING|w0 d0 L0
9.582874,129.088810000000,35.074426000000,508096.716,3881300.282,0.013,-2.675482,route_tangent,0,0.129,2.000,2,508094.848,3881299.430,-0.038274,0.000000,0.000000,0.5600,0.039,-0.026,TRACKING|w0 d0 L0
9.632961,129.088810000000,35.074426000000,508096.716,3881300.282,0.035,-2.675482,route_tangent,0,0.129,2.000,2,508094.848,3881299.430,-0.038274,0.000000,0.000000,0.5600,0.039,-0.004,TRACKING|w0 d0 L0
9.683047,129.088810000000,35.074426000000,508096.716,3881300.282,0.035,-2.675482,route_tangent,0,0.129,2.000,2,508094.848,3881299.430,-0.038274,0.000000,0.000000,0.5600,0.039,-0.004,TRACKING|w0 d0 L0
9.732853,129.088810000000,35.074426000000,508096.716,3881300.282,0.035,-2.675482,route_tangent,0,0.129,2.000,2,508094.848,3881299.430,-0.038274,0.000000,0.000000,0.5600,0.056,-0.021,TRACKING|w0 d0 L0
9.783014,129.088810000000,35.074426000000,508096.716,3881300.282,0.035,-2.675482,route_tangent,0,0.129,2.000,2,508094.848,3881299.430,-0.038274,0.000000,0.000000,0.5600,0.056,-0.021,TRACKING|w0 d0 L0
9.832879,129.088810000000,35.074426000000,508096.716,3881300.282,0.035,-2.675482,route_tangent,0,0.129,2.000,2,508094.848,3881299.430,-0.038274,0.000000,0.000000,0.5600,0.056,-0.021,TRACKING|w0 d0 L0
9.882995,129.088809833333,35.074426000000,508096.701,3881300.282,0.078,-2.675482,route_tangent,0,0.130,2.000,2,508094.848,3881299.430,-0.035189,0.000000,0.000000,0.5600,0.056,0.022,TRACKING|w0 d0 L0
9.933090,129.088809833333,35.074426000000,508096.701,3881300.282,0.078,-2.675482,route_tangent,0,0.130,2.000,2,508094.848,3881299.430,-0.035189,0.000000,0.000000,0.5600,0.114,-0.036,TRACKING|w0 d0 L0
9.983760,129.088809833333,35.074426000000,508096.701,3881300.282,0.078,-2.675482,route_tangent,0,0.130,2.000,2,508094.848,3881299.430,-0.035189,0.000000,0.000000,0.5600,0.114,-0.036,TRACKING|w0 d0 L0
10.032892,129.088809833333,35.074426000000,508096.701,3881300.282,0.078,-2.675482,route_tangent,0,0.130,2.000,2,508094.848,3881299.430,-0.035189,0.000000,0.000000,0.5600,0.114,-0.036,TRACKING|w0 d0 L0
10.083540,129.088809833333,35.074426000000,508096.701,3881300.282,0.078,-2.675482,route_tangent,0,0.130,2.000,2,508094.848,3881299.430,-0.035189,0.000000,0.000000,0.5600,0.114,-0.036,TRACKING|w0 d0 L0
10.132925,129.088809500000,35.074425833333,508096.670,3881300.263,0.145,1.570796,gps_course,0,0.155,2.000,2,508094.848,3881299.430,1.999657,-0.260000,-0.029631,0.5600,0.150,-0.005,TRACKING|w0 d0 L0
10.182974,129.088809500000,35.074425833333,508096.670,3881300.263,0.145,1.570796,gps_course,0,0.155,2.000,2,508094.848,3881299.430,1.999657,-0.260000,-0.059661,0.5600,0.150,-0.005,TRACKING|w0 d0 L0
10.232868,129.088809500000,35.074425833333,508096.670,3881300.263,0.145,1.570796,gps_course,0,0.155,2.000,2,508094.848,3881299.430,1.999657,-0.260000,-0.089597,0.5600,0.150,-0.005,TRACKING|w0 d0 L0
10.282853,129.088809500000,35.074425833333,508096.670,3881300.263,0.145,1.570796,gps_course,0,0.155,2.000,2,508094.848,3881299.430,1.999657,-0.260000,-0.119588,0.5600,0.150,-0.005,TRACKING|w0 d0 L0
10.332905,129.088809500000,35.074425833333,508096.670,3881300.263,0.145,1.570796,gps_course,0,0.155,2.000,2,508094.848,3881299.430,1.999657,-0.260000,-0.149619,0.5600,0.169,-0.025,TRACKING|w0 d0 L0
10.382851,129.088809166667,35.074425666667,508096.640,3881300.245,0.174,1.808360,gps_course,0,0.183,2.000,3,508093.952,3881298.948,1.782494,-0.260000,-0.179587,0.5600,0.169,0.004,TRACKING|w0 d0 L0
10.433046,129.088809166667,35.074425666667,508096.640,3881300.245,0.174,1.808360,gps_course,0,0.183,2.000,3,508093.952,3881298.948,1.782494,-0.260000,-0.209704,0.5600,0.169,0.004,TRACKING|w0 d0 L0
10.482978,129.088809166667,35.074425666667,508096.640,3881300.245,0.174,1.808360,gps_course,0,0.183,2.000,3,508093.952,3881298.948,1.782494,-0.260000,-0.229822,0.5600,0.169,0.004,TRACKING|w0 d0 L0
10.532921,129.088809166667,35.074425666667,508096.640,3881300.245,0.174,1.808360,gps_course,0,0.183,2.000,3,508093.952,3881298.948,1.782494,-0.260000,-0.241893,0.5600,0.208,-0.035,TRACKING|w0 d0 L0
10.583641,129.088809166667,35.074425666667,508096.640,3881300.245,0.174,1.808360,gps_course,0,0.183,2.000,3,508093.952,3881298.948,1.782494,-0.260000,-0.249136,0.5600,0.208,-0.035,TRACKING|w0 d0 L0
10.632881,129.088808500000,35.074425333333,508096.579,3881300.208,0.225,2.056035,gps_course,0,0.245,2.000,3,508093.952,3881298.948,1.532428,-0.260000,-0.253482,0.5600,0.208,0.016,TRACKING|w0 d0 L0
10.683336,129.088808500000,35.074425333333,508096.579,3881300.208,0.225,2.056035,gps_course,0,0.245,2.000,3,508093.952,3881298.948,1.532428,-0.260000,-0.256089,0.5600,0.208,0.016,TRACKING|w0 d0 L0
10.732865,129.088808500000,35.074425333333,508096.579,3881300.208,0.225,2.056035,gps_course,0,0.245,2.000,3,508093.952,3881298.948,1.532428,-0.260000,-0.257653,0.5600,0.303,-0.078,TRACKING|w0 d0 L0
10.782947,129.088808500000,35.074425333333,508096.579,3881300.208,0.225,2.056035,gps_course,0,0.245,2.000,3,508093.952,3881298.948,1.532428,-0.260000,-0.258592,0.5600,0.303,-0.078,TRACKING|w0 d0 L0
10.832888,129.088808500000,35.074425333333,508096.579,3881300.208,0.225,2.056035,gps_course,0,0.245,2.000,3,508093.952,3881298.948,1.532428,-0.260000,-0.259155,0.5600,0.303,-0.078,TRACKING|w0 d0 L0
10.882924,129.088808000000,35.074425000000,508096.534,3881300.171,0.245,2.304011,gps_course,0,0.302,2.000,3,508093.952,3881298.948,1.279661,-0.260000,-0.259493,0.5600,0.303,-0.058,TRACKING|w0 d0 L0
10.933206,129.088808000000,35.074425000000,508096.534,3881300.171,0.245,2.304011,gps_course,0,0.302,2.000,3,508093.952,3881298.948,1.279661,-0.260000,-0.259696,0.5600,0.283,-0.038,TRACKING|w0 d0 L0
10.982981,129.088808000000,35.074425000000,508096.534,3881300.171,0.245,2.304011,gps_course,0,0.302,2.000,3,508093.952,3881298.948,1.279661,-0.260000,-0.259818,0.5600,0.283,-0.038,TRACKING|w0 d0 L0
11.032914,129.088808000000,35.074425000000,508096.534,3881300.171,0.245,2.304011,gps_course,0,0.302,2.000,3,508093.952,3881298.948,1.279661,-0.260000,-0.259891,0.5600,0.283,-0.038,TRACKING|w0 d0 L0
11.082861,129.088808000000,35.074425000000,508096.534,3881300.171,0.245,2.304011,gps_course,0,0.302,2.000,3,508093.952,3881298.948,1.279661,-0.260000,-0.259934,0.5600,0.283,-0.038,TRACKING|w0 d0 L0
11.132950,129.088807333333,35.074424666667,508096.473,3881300.134,0.242,2.564358,gps_course,0,0.369,2.000,3,508093.952,3881298.948,1.016632,-0.260000,-0.259961,0.5600,0.244,-0.003,TRACKING|w0 d0 L0
11.182871,129.088807333333,35.074424666667,508096.473,3881300.134,0.242,2.564358,gps_course,0,0.369,2.000,3,508093.952,3881298.948,1.016632,-0.260000,-0.259976,0.5600,0.244,-0.003,TRACKING|w0 d0 L0
11.233796,129.088807333333,35.074424666667,508096.473,3881300.134,0.242,2.564358,gps_course,0,0.369,2.000,3,508093.952,3881298.948,1.016632,-0.260000,-0.259986,0.5600,0.244,-0.003,TRACKING|w0 d0 L0
11.283063,129.088807333333,35.074424666667,508096.473,3881300.134,0.242,2.564358,gps_course,0,0.369,2.000,3,508093.952,3881298.948,1.016632,-0.260000,-0.259991,0.5600,0.244,-0.003,TRACKING|w0 d0 L0
11.333050,129.088807333333,35.074424666667,508096.473,3881300.134,0.242,2.564358,gps_course,0,0.369,2.000,3,508093.952,3881298.948,1.016632,-0.260000,-0.259995,0.5600,0.283,-0.042,TRACKING|w0 d0 L0
11.383024,129.088806666667,35.074424333333,508096.412,3881300.097,0.286,2.799872,gps_course,0,0.437,2.000,3,508093.952,3881298.948,0.778296,-0.260000,-0.259997,0.5600,0.283,0.003,TRACKING|w0 d0 L0
11.432876,129.088806666667,35.074424333333,508096.412,3881300.097,0.286,2.799872,gps_course,0,0.437,2.000,3,508093.952,3881298.948,0.778296,-0.260000,-0.259998,0.5600,0.283,0.003,TRACKING|w0 d0 L0
11.485851,129.088806666667,35.074424333333,508096.412,3881300.097,0.286,2.799872,gps_course,0,0.437,2.000,3,508093.952,3881298.948,0.778296,-0.260000,-0.259999,0.5600,0.283,0.003,TRACKING|w0 d0 L0
11.532825,129.088806666667,35.074424333333,508096.412,3881300.097,0.286,2.799872,gps_course,0,0.437,2.000,3,508093.952,3881298.948,0.778296,-0.260000,-0.259999,0.5600,0.339,-0.053,TRACKING|w0 d0 L0
11.583068,129.088806666667,35.074424333333,508096.412,3881300.097,0.286,2.799872,gps_course,0,0.437,2.000,3,508093.952,3881298.948,0.778296,-0.260000,-0.260000,0.5600,0.339,-0.053,TRACKING|w0 d0 L0
11.632856,129.088806000000,35.074424000000,508096.351,3881300.059,0.306,3.049377,gps_course,0,0.506,2.000,3,508093.952,3881298.948,0.525818,-0.260000,-0.260000,0.5600,0.339,-0.033,TRACKING|w0 d0 L0
11.684039,129.088806000000,35.074424000000,508096.351,3881300.059,0.306,3.049377,gps_course,0,0.506,2.000,3,508093.952,3881298.948,0.525818,-0.260000,-0.260000,0.5600,0.339,-0.033,TRACKING|w0 d0 L0
11.732874,129.088806000000,35.074424000000,508096.351,3881300.059,0.306,3.049377,gps_course,0,0.506,2.000,3,508093.952,3881298.948,0.525818,-0.260000,-0.260000,0.5600,0.358,-0.052,TRACKING|w0 d0 L0
11.782879,129.088806000000,35.074424000000,508096.351,3881300.059,0.306,3.049377,gps_course,0,0.506,2.000,3,508093.952,3881298.948,0.525818,-0.260000,-0.260000,0.5600,0.358,-0.052,TRACKING|w0 d0 L0
11.833001,129.088806000000,35.074424000000,508096.351,3881300.059,0.306,3.049377,gps_course,0,0.506,2.000,3,508093.952,3881298.948,0.525818,-0.260000,-0.260000,0.5600,0.358,-0.052,TRACKING|w0 d0 L0
11.882857,129.088805333333,35.074423666667,508096.291,3881300.022,0.321,-2.972509,gps_course,1,0.540,2.000,3,508093.952,3881298.948,0.261382,-0.144564,-0.230086,0.5600,0.358,-0.037,TRACKING|w0 d0 L1
11.934512,129.088805333333,35.074423666667,508096.291,3881300.022,0.321,-2.972509,gps_course,1,0.540,2.000,3,508093.952,3881298.948,0.261382,-0.144564,-0.199094,0.5600,0.358,-0.037,TRACKING|w0 d0 L1
11.982823,129.088805333333,35.074423666667,508096.291,3881300.022,0.321,-2.972509,gps_course,1,0.540,2.000,3,508093.952,3881298.948,0.261382,-0.144564,-0.177282,0.5600,0.358,-0.037,TRACKING|w0 d0 L1
12.033872,129.088805333333,35.074423666667,508096.291,3881300.022,0.321,-2.972509,gps_course,1,0.540,2.000,3,508093.952,3881298.948,0.261382,-0.144564,-0.164195,0.5600,0.358,-0.037,TRACKING|w0 d0 L1
12.084037,129.088805333333,35.074423666667,508096.291,3881300.022,0.321,-2.972509,gps_course,1,0.540,2.000,3,508093.952,3881298.948,0.261382,-0.144564,-0.156343,0.5600,0.358,-0.037,TRACKING|w0 d0 L1
12.132919,129.088804500000,35.074423166667,508096.215,3881299.967,0.364,-2.714093,gps_course,1,0.457,2.000,3,508093.952,3881298.948,-0.004597,0.000000,-0.127014,0.5600,0.378,-0.014,TRACKING|w0 d0 L1
12.182982,129.088804500000,35.074423166667,508096.215,3881299.967,0.364,-2.714093,gps_course,1,0.457,2.000,3,508093.952,3881298.948,-0.004597,0.000000,-0.096976,0.5600,0.378,-0.014,TRACKING|w0 d0 L1
12.232916,129.088804500000,35.074423166667,508096.215,3881299.967,0.364,-2.714093,gps_course,1,0.457,2.000,3,508093.952,3881298.948,-0.004597,0.000000,-0.067015,0.5600,0.378,-0.014,TRACKING|w0 d0 L1
12.283031,129.088804500000,35.074423166667,508096.215,3881299.967,0.364,-2.714093,gps_course,1,0.457,2.000,3,508093.952,3881298.948,-0.004597,0.000000,-0.040209,0.5600,0.378,-0.014,TRACKING|w0 d0 L1
12.332877,129.088804500000,35.074423166667,508096.215,3881299.967,0.364,-2.714093,gps_course,1,0.457,2.000,3,508093.952,3881298.948,-0.004597,0.000000,-0.024126,0.5600,0.397,-0.033,TRACKING|w0 d0 L1
12.384095,129.088803666667,35.074422500000,508096.139,3881299.893,0.405,-2.477440,gps_course,1,0.382,2.000,3,508093.952,3881298.948,-0.256497,0.153192,0.006606,0.5600,0.397,0.008,TRACKING|w0 d0 L1
12.433182,129.088803666667,35.074422500000,508096.139,3881299.893,0.405,-2.477440,gps_course,1,0.382,2.000,3,508093.952,3881298.948,-0.256497,0.153192,0.036058,0.5600,0.397,0.008,TRACKING|w0 d0 L1
12.482855,129.088803666667,35.074422500000,508096.139,3881299.893,0.405,-2.477440,gps_course,1,0.382,2.000,3,508093.952,3881298.948,-0.256497,0.153192,0.065862,0.5600,0.397,0.008,TRACKING|w0 d0 L1
12.532946,129.088803666667,35.074422500000,508096.139,3881299.893,0.405,-2.477440,gps_course,1,0.382,2.000,3,508093.952,3881298.948,-0.256497,0.153192,0.095916,0.5600,0.453,-0.047,TRACKING|w0 d0 L1
12.582931,129.088803666667,35.074422500000,508096.139,3881299.893,0.405,-2.477440,gps_course,1,0.382,2.000,3,508093.952,3881298.948,-0.256497,0.153192,0.118826,0.5600,0.453,-0.047,TRACKING|w0 d0 L1
12.633078,129.088802666667,35.074421833333,508096.048,3881299.819,0.454,-2.439447,gps_course,1,0.309,2.000,3,508093.952,3881298.948,-0.308515,0.191603,0.147937,0.5600,0.453,0.001,TRACKING|w0 d0 L1
12.682861,129.088802666667,35.074421833333,508096.048,3881299.819,0.454,-2.439447,gps_course,1,0.309,2.000,3,508093.952,3881298.948,-0.308515,0.191603,0.165403,0.5600,0.453,0.001,TRACKING|w0 d0 L1
12.734053,129.088802666667,35.074421833333,508096.048,3881299.819,0.454,-2.439447,gps_course,1,0.309,2.000,3,508093.952,3881298.948,-0.308515,0.191603,0.175883,0.5600,0.453,0.001,TRACKING|w0 d0 L1
12.782912,129.088802666667,35.074421833333,508096.048,3881299.819,0.454,-2.439447,gps_course,1,0.309,2.000,3,508093.952,3881298.948,-0.308515,0.191603,0.182171,0.5600,0.453,0.001,TRACKING|w0 d0 L1
12.832980,129.088802666667,35.074421833333,508096.048,3881299.819,0.454,-2.439447,gps_course,1,0.309,2.000,3,508093.952,3881298.948,-0.308515,0.191603,0.185944,0.5600,0.453,0.001,TRACKING|w0 d0 L1
12.882913,129.088801833333,35.074421000000,508095.972,3881299.726,0.496,-2.237687,gps_course,1,0.294,2.000,3,508093.952,3881298.948,-0.536284,0.260000,0.215566,0.5600,0.453,0.043,TRACKING|w0 d0 L1
12.933714,129.088801833333,35.074421000000,508095.972,3881299.726,0.496,-2.237687,gps_course,1,0.294,2.000,3,508093.952,3881298.948,-0.536284,0.260000,0.233340,0.5600,0.472,0.024,TRACKING|w0 d0 L1
12.983017,129.088801833333,35.074421000000,508095.972,3881299.726,0.496,-2.237687,gps_course,1,0.294,2.000,3,508093.952,3881298.948,-0.536284,0.260000,0.244004,0.5600,0.472,0.024,TRACKING|w0 d0 L1
13.032878,129.088801833333,35.074421000000,508095.972,3881299.726,0.496,-2.237687,gps_course,1,0.294,2.000,3,508093.952,3881298.948,-0.536284,0.260000,0.250402,0.5600,0.472,0.024,TRACKING|w0 d0 L1
13.084055,129.088801833333,35.074421000000,508095.972,3881299.726,0.496,-2.237687,gps_course,1,0.294,2.000,3,508093.952,3881298.948,-0.536284,0.260000,0.254241,0.5600,0.472,0.024,TRACKING|w0 d0 L1
13.132901,129.088800833333,35.074420166667,508095.881,3881299.634,0.504,-2.265437,gps_course,1,0.320,2.000,3,508093.952,3881298.948,-0.534707,0.260000,0.256545,0.5600,0.528,-0.024,TRACKING|w0 d0 L1
13.183189,129.088800833333,35.074420166667,508095.881,3881299.634,0.504,-2.265437,gps_course,1,0.320,2.000,3,508093.952,3881298.948,-0.534707,0.260000,0.257927,0.5600,0.528,-0.024,TRACKING|w0 d0 L1
13.232868,129.088800833333,35.074420166667,508095.881,3881299.634,0.504,-2.265437,gps_course,1,0.320,2.000,3,508093.952,3881298.948,-0.534707,0.260000,0.258756,0.5600,0.528,-0.024,TRACKING|w0 d0 L1
13.282962,129.088800833333,35.074420166667,508095.881,3881299.634,0.504,-2.265437,gps_course,1,0.320,2.000,3,508093.952,3881298.948,-0.534707,0.260000,0.259254,0.5600,0.528,-0.024,TRACKING|w0 d0 L1
13.333004,129.088800833333,35.074420166667,508095.881,3881299.634,0.504,-2.265437,gps_course,1,0.320,2.000,3,508093.952,3881298.948,-0.534707,0.260000,0.259552,0.5600,0.547,-0.044,TRACKING|w0 d0 L1
13.382864,129.088799833333,35.074419333333,508095.790,3881299.541,0.530,-2.349737,gps_course,1,0.389,2.000,4,508092.964,3881298.411,-0.411394,0.188300,0.231051,0.5600,0.547,-0.017,TRACKING|w0 d0 L1
13.433097,129.088799833333,35.074419333333,508095.790,3881299.541,0.530,-2.349737,gps_course,1,0.389,2.000,4,508092.964,3881298.411,-0.411394,0.188300,0.213951,0.5600,0.547,-0.017,TRACKING|w0 d0 L1
13.482806,129.088799833333,35.074419333333,508095.790,3881299.541,0.530,-2.349737,gps_course,1,0.389,2.000,4,508092.964,3881298.411,-0.411394,0.188300,0.203690,0.5600,0.547,-0.017,TRACKING|w0 d0 L1
13.535125,129.088799833333,35.074419333333,508095.790,3881299.541,0.530,-2.349737,gps_course,1,0.389,2.000,4,508092.964,3881298.411,-0.411394,0.188300,0.197534,0.5600,0.528,0.002,TRACKING|w0 d0 L1
13.582911,129.088799833333,35.074419333333,508095.790,3881299.541,0.530,-2.349737,gps_course,1,0.389,2.000,4,508092.964,3881298.411,-0.411394,0.188300,0.193840,0.5600,0.528,0.002,TRACKING|w0 d0 L1
13.633157,129.088798833333,35.074418500000,508095.698,3881299.449,0.501,-2.371728,gps_course,1,0.484,2.000,4,508092.964,3881298.411,-0.407204,0.193903,0.193866,0.5600,0.528,-0.027,TRACKING|w0 d0 L1
13.683146,129.088798833333,35.074418500000,508095.698,3881299.449,0.501,-2.371728,gps_course,1,0.484,2.000,4,508092.964,3881298.411,-0.407204,0.193903,0.193881,0.5600,0.528,-0.027,TRACKING|w0 d0 L1
13.732948,129.088798833333,35.074418500000,508095.698,3881299.449,0.501,-2.371728,gps_course,1,0.484,2.000,4,508092.964,3881298.411,-0.407204,0.193903,0.193890,0.5600,0.528,-0.027,TRACKING|w0 d0 L1
13.782851,129.088798833333,35.074418500000,508095.698,3881299.449,0.501,-2.371728,gps_course,1,0.484,2.000,4,508092.964,3881298.411,-0.407204,0.193903,0.193895,0.5600,0.528,-0.027,TRACKING|w0 d0 L1
13.832837,129.088798833333,35.074418500000,508095.698,3881299.449,0.501,-2.371728,gps_course,1,0.484,2.000,4,508092.964,3881298.411,-0.407204,0.193903,0.193899,0.5600,0.528,-0.027,TRACKING|w0 d0 L1
13.883297,129.088797833333,35.074417666667,508095.607,3881299.356,0.516,-2.416932,gps_course,1,0.593,2.000,4,508092.964,3881298.411,-0.381298,0.189916,0.192305,0.5600,0.528,-0.012,TRACKING|w0 d0 L1
13.932889,129.088797833333,35.074417666667,508095.607,3881299.356,0.516,-2.416932,gps_course,1,0.593,2.000,4,508092.964,3881298.411,-0.381298,0.189916,0.191349,0.5600,0.547,-0.032,TRACKING|w0 d0 L1
13.983106,129.088797833333,35.074417666667,508095.607,3881299.356,0.516,-2.416932,gps_course,1,0.593,2.000,4,508092.964,3881298.411,-0.381298,0.189916,0.190776,0.5600,0.547,-0.032,TRACKING|w0 d0 L1
14.032918,129.088797833333,35.074417666667,508095.607,3881299.356,0.516,-2.416932,gps_course,1,0.593,2.000,4,508092.964,3881298.411,-0.381298,0.189916,0.190432,0.5600,0.547,-0.032,TRACKING|w0 d0 L1
14.083020,129.088797833333,35.074417666667,508095.607,3881299.356,0.516,-2.416932,gps_course,1,0.593,2.000,4,508092.964,3881298.411,-0.381298,0.189916,0.190225,0.5600,0.547,-0.032,TRACKING|w0 d0 L1
14.133031,129.088796833333,35.074417000000,508095.516,3881299.282,0.491,-2.435432,gps_course,2,0.685,2.000,4,508092.964,3881298.411,-0.377270,0.195560,0.192359,0.5600,0.547,-0.057,TRACKING|w0 d0 L2
14.182832,129.088796833333,35.074417000000,508095.516,3881299.282,0.491,-2.435432,gps_course,2,0.685,2.000,4,508092.964,3881298.411,-0.377270,0.195560,0.193639,0.5600,0.547,-0.057,TRACKING|w0 d0 L2
14.233003,129.088796833333,35.074417000000,508095.516,3881299.282,0.491,-2.435432,gps_course,2,0.685,2.000,4,508092.964,3881298.411,-0.377270,0.195560,0.194408,0.5600,0.547,-0.057,TRACKING|w0 d0 L2
14.282858,129.088796833333,35.074417000000,508095.516,3881299.282,0.491,-2.435432,gps_course,2,0.685,2.000,4,508092.964,3881298.411,-0.377270,0.195560,0.194869,0.5600,0.547,-0.057,TRACKING|w0 d0 L2
14.333463,129.088796833333,35.074417000000,508095.516,3881299.282,0.491,-2.435432,gps_course,2,0.685,2.000,4,508092.964,3881298.411,-0.377270,0.195560,0.195145,0.5600,0.508,-0.018,TRACKING|w0 d0 L2
14.382884,129.088795500000,35.074416333333,508095.395,3881299.208,0.504,-2.581342,gps_course,2,0.590,2.000,4,508092.964,3881298.411,-0.243414,0.135790,0.171403,0.5600,0.508,-0.005,TRACKING|w0 d0 L2
14.433071,129.088795500000,35.074416333333,508095.395,3881299.208,0.504,-2.581342,gps_course,2,0.590,2.000,4,508092.964,3881298.411,-0.243414,0.135790,0.157158,0.5600,0.508,-0.005,TRACKING|w0 d0 L2
14.482985,129.088795500000,35.074416333333,508095.395,3881299.208,0.504,-2.581342,gps_course,2,0.590,2.000,4,508092.964,3881298.411,-0.243414,0.135790,0.148611,0.5600,0.508,-0.005,TRACKING|w0 d0 L2
14.532948,129.088795500000,35.074416333333,508095.395,3881299.208,0.504,-2.581342,gps_course,2,0.590,2.000,4,508092.964,3881298.411,-0.243414,0.135790,0.143483,0.5600,0.492,0.012,TRACKING|w0 d0 L2
14.582859,129.088795500000,35.074416333333,508095.395,3881299.208,0.504,-2.581342,gps_course,2,0.590,2.000,4,508092.964,3881298.411,-0.243414,0.135790,0.140406,0.5600,0.492,0.012,TRACKING|w0 d0 L2
14.632910,129.088794333333,35.074415666667,508095.288,3881299.134,0.508,-2.569648,gps_course,2,0.531,2.000,4,508092.964,3881298.411,-0.270401,0.157805,0.147366,0.5600,0.492,0.016,TRACKING|w0 d0 L2
14.683145,129.088794333333,35.074415666667,508095.288,3881299.134,0.508,-2.569648,gps_course,2,0.531,2.000,4,508092.964,3881298.411,-0.270401,0.157805,0.151542,0.5600,0.492,0.016,TRACKING|w0 d0 L2
14.732920,129.088794333333,35.074415666667,508095.288,3881299.134,0.508,-2.569648,gps_course,2,0.531,2.000,4,508092.964,3881298.411,-0.270401,0.157805,0.154047,0.5600,0.547,-0.039,TRACKING|w0 d0 L2
14.782956,129.088794333333,35.074415666667,508095.288,3881299.134,0.508,-2.569648,gps_course,2,0.531,2.000,4,508092.964,3881298.411,-0.270401,0.157805,0.155550,0.5600,0.547,-0.039,TRACKING|w0 d0 L2
14.832989,129.088794333333,35.074415666667,508095.288,3881299.134,0.508,-2.569648,gps_course,2,0.531,2.000,4,508092.964,3881298.411,-0.270401,0.157805,0.156452,0.5600,0.547,-0.039,TRACKING|w0 d0 L2
14.883449,129.088793000000,35.074415166667,508095.167,3881299.079,0.544,-2.643301,gps_course,2,0.474,2.000,4,508092.964,3881298.411,-0.204119,0.127018,0.144679,0.5600,0.547,-0.004,TRACKING|w0 d0 L2
14.933092,129.088793000000,35.074415166667,508095.167,3881299.079,0.544,-2.643301,gps_course,2,0.474,2.000,4,508092.964,3881298.411,-0.204119,0.127018,0.137614,0.5600,0.567,-0.023,TRACKING|w0 d0 L2
14.982894,129.088793000000,35.074415166667,508095.167,3881299.079,0.544,-2.643301,gps_course,2,0.474,2.000,4,508092.964,3881298.411,-0.204119,0.127018,0.133376,0.5600,0.567,-0.023,TRACKING|w0 d0 L2
15.033007,129.088793000000,35.074415166667,508095.167,3881299.079,0.544,-2.643301,gps_course,2,0.474,2.000,4,508092.964,3881298.411,-0.204119,0.127018,0.130833,0.5600,0.567,-0.023,TRACKING|w0 d0 L2
15.082888,129.088793000000,35.074415166667,508095.167,3881299.079,0.544,-2.643301,gps_course,2,0.474,2.000,4,508092.964,3881298.411,-0.204119,0.127018,0.129307,0.5600,0.567,-0.023,TRACKING|w0 d0 L2
15.132987,129.088791666667,35.074414500000,508095.045,3881299.005,0.554,-2.633178,gps_course,2,0.469,2.000,4,508092.964,3881298.411,-0.230708,0.152030,0.138396,0.5600,0.528,0.027,TRACKING|w0 d0 L2
15.182835,129.088791666667,35.074414500000,508095.045,3881299.005,0.554,-2.633178,gps_course,2,0.469,2.000,4,508092.964,3881298.411,-0.230708,0.152030,0.143850,0.5600,0.528,0.027,TRACKING|w0 d0 L2
15.234035,129.088791666667,35.074414500000,508095.045,3881299.005,0.554,-2.633178,gps_course,2,0.469,2.000,4,508092.964,3881298.411,-0.230708,0.152030,0.147122,0.5600,0.528,0.027,TRACKING|w0 d0 L2
15.283052,129.088791666667,35.074414500000,508095.045,3881299.005,0.554,-2.633178,gps_course,2,0.469,2.000,4,508092.964,3881298.411,-0.230708,0.152030,0.149085,0.5600,0.528,0.027,TRACKING|w0 d0 L2
15.332908,129.088791666667,35.074414500000,508095.045,3881299.005,0.554,-2.633178,gps_course,2,0.469,2.000,4,508092.964,3881298.411,-0.230708,0.152030,0.150263,0.5600,0.528,0.027,TRACKING|w0 d0 L2
15.382987,129.088790333333,35.074414166667,508094.924,3881298.968,0.558,-2.759540,gps_course,2,0.468,2.000,4,508092.964,3881298.411,-0.105493,0.074812,0.120216,0.5600,0.528,0.030,TRACKING|w0 d0 L2
15.432875,129.088790333333,35.074414166667,508094.924,3881298.968,0.558,-2.759540,gps_course,2,0.468,2.000,4,508092.964,3881298.411,-0.105493,0.074812,0.102054,0.5600,0.528,0.030,TRACKING|w0 d0 L2
15.483376,129.088790333333,35.074414166667,508094.924,3881298.968,0.558,-2.759540,gps_course,2,0.468,2.000,4,508092.964,3881298.411,-0.105493,0.074812,0.091157,0.5600,0.528,0.030,TRACKING|w0 d0 L2
15.532899,129.088790333333,35.074414166667,508094.924,3881298.968,0.558,-2.759540,gps_course,2,0.468,2.000,4,508092.964,3881298.411,-0.105493,0.074812,0.084619,0.5600,0.547,0.011,TRACKING|w0 d0 L2
15.583578,129.088790333333,35.074414166667,508094.924,3881298.968,0.558,-2.759540,gps_course,2,0.468,2.000,4,508092.964,3881298.411,-0.105493,0.074812,0.080696,0.5600,0.547,0.011,TRACKING|w0 d0 L2
15.632980,129.088789000000,35.074413666667,508094.802,3881298.912,0.526,-2.738247,gps_course,2,0.520,2.000,5,508091.992,3881297.838,-0.038105,0.018359,0.055761,0.5600,0.547,-0.021,TRACKING|w0 d0 L2
15.682973,129.088789000000,35.074413666667,508094.802,3881298.912,0.526,-2.738247,gps_course,2,0.520,2.000,5,508091.992,3881297.838,-0.038105,0.018359,0.040800,0.5600,0.547,-0.021,TRACKING|w0 d0 L2
15.733248,129.088789000000,35.074413666667,508094.802,3881298.912,0.526,-2.738247,gps_course,2,0.520,2.000,5,508091.992,3881297.838,-0.038105,0.018359,0.031824,0.5600,0.547,-0.021,TRACKING|w0 d0 L2
15.782878,129.088789000000,35.074413666667,508094.802,3881298.912,0.526,-2.738247,gps_course,2,0.520,2.000,5,508091.992,3881297.838,-0.038105,0.018359,0.026438,0.5600,0.547,-0.021,TRACKING|w0 d0 L2
15.833074,129.088789000000,35.074413666667,508094.802,3881298.912,0.526,-2.738247,gps_course,2,0.520,2.000,5,508091.992,3881297.838,-0.038105,0.018359,0.023206,0.5600,0.547,-0.021,TRACKING|w0 d0 L2
15.882949,129.088787500000,35.074413166667,508094.666,3881298.857,0.544,-2.817136,gps_course,2,0.601,2.000,5,508091.992,3881297.838,0.039708,-0.020117,0.005877,0.5600,0.547,-0.003,TRACKING|w0 d0 L2
15.933635,129.088787500000,35.074413166667,508094.666,3881298.857,0.544,-2.817136,gps_course,2,0.601,2.000,5,508091.992,3881297.838,0.039708,-0.020117,-0.004521,0.5600,0.528,0.016,TRACKING|w0 d0 L2
15.982905,129.088787500000,35.074413166667,508094.666,3881298.857,0.544,-2.817136,gps_course,2,0.601,2.000,5,508091.992,3881297.838,0.039708,-0.020117,-0.010759,0.5600,0.528,0.016,TRACKING|w0 d0 L2
16.033021,129.088787500000,35.074413166667,508094.666,3881298.857,0.544,-2.817136,gps_course,2,0.601,2.000,5,508091.992,3881297.838,0.039708,-0.020117,-0.014502,0.5600,0.528,0.016,TRACKING|w0 d0 L2
16.083011,129.088787500000,35.074413166667,508094.666,3881298.857,0.544,-2.817136,gps_course,2,0.601,2.000,5,508091.992,3881297.838,0.039708,-0.020117,-0.016748,0.5600,0.528,0.016,TRACKING|w0 d0 L2
16.133758,129.088786000000,35.074412833333,508094.529,3881298.820,0.561,-2.885029,gps_course,3,0.592,2.000,5,508091.992,3881297.838,0.112764,-0.059913,-0.034014,0.5600,0.567,-0.006,TRACKING|w0 d0 L3
16.182909,129.088786000000,35.074412833333,508094.529,3881298.820,0.561,-2.885029,gps_course,3,0.592,2.000,5,508091.992,3881297.838,0.112764,-0.059913,-0.044374,0.5600,0.567,-0.006,TRACKING|w0 d0 L3
16.232863,129.088786000000,35.074412833333,508094.529,3881298.820,0.561,-2.885029,gps_course,3,0.592,2.000,5,508091.992,3881297.838,0.112764,-0.059913,-0.050589,0.5600,0.567,-0.006,TRACKING|w0 d0 L3
16.283351,129.088786000000,35.074412833333,508094.529,3881298.820,0.561,-2.885029,gps_course,3,0.592,2.000,5,508091.992,3881297.838,0.112764,-0.059913,-0.054319,0.5600,0.567,-0.006,TRACKING|w0 d0 L3
16.332939,129.088786000000,35.074412833333,508094.529,3881298.820,0.561,-2.885029,gps_course,3,0.592,2.000,5,508091.992,3881297.838,0.112764,-0.059913,-0.056556,0.5600,0.547,0.014,TRACKING|w0 d0 L3
16.383928,129.088784666667,35.074412500000,508094.408,3881298.782,0.531,-2.839825,gps_course,3,0.485,2.000,5,508091.992,3881297.838,0.071144,-0.039724,-0.049823,0.5600,0.547,-0.016,TRACKING|w0 d0 L3
16.432884,129.088784666667,35.074412500000,508094.408,3881298.782,0.531,-2.839825,gps_course,3,0.485,2.000,5,508091.992,3881297.838,0.071144,-0.039724,-0.045783,0.5600,0.547,-0.016,TRACKING|w0 d0 L3
16.482955,129.088784666667,35.074412500000,508094.408,3881298.782,0.531,-2.839825,gps_course,3,0.485,2.000,5,508091.992,3881297.838,0.071144,-0.039724,-0.043360,0.5600,0.547,-0.016,TRACKING|w0 d0 L3
16.533028,129.088784666667,35.074412500000,508094.408,3881298.782,0.531,-2.839825,gps_course,3,0.485,2.000,5,508091.992,3881297.838,0.071144,-0.039724,-0.041905,0.5600,0.547,-0.016,TRACKING|w0 d0 L3
16.582889,129.088784666667,35.074412500000,508094.408,3881298.782,0.531,-2.839825,gps_course,3,0.485,2.000,5,508091.992,3881297.838,0.071144,-0.039724,-0.041033,0.5600,0.547,-0.016,TRACKING|w0 d0 L3
16.632905,129.088783166667,35.074412166667,508094.271,3881298.745,0.596,-2.913304,gps_course,3,0.378,2.000,5,508091.992,3881297.838,0.150849,-0.088615,-0.060065,0.5600,0.547,0.048,TRACKING|w0 d0 L3
16.682877,129.088783166667,35.074412166667,508094.271,3881298.745,0.596,-2.913304,gps_course,3,0.378,2.000,5,508091.992,3881297.838,0.150849,-0.088615,-0.071485,0.5600,0.547,0.048,TRACKING|w0 d0 L3
16.734087,129.088783166667,35.074412166667,508094.271,3881298.745,0.596,-2.913304,gps_course,3,0.378,2.000,5,508091.992,3881297.838,0.150849,-0.088615,-0.078337,0.5600,0.567,0.029,TRACKING|w0 d0 L3
16.782910,129.088783166667,35.074412166667,508094.271,3881298.745,0.596,-2.913304,gps_course,3,0.378,2.000,5,508091.992,3881297.838,0.150849,-0.088615,-0.082448,0.5600,0.567,0.029,TRACKING|w0 d0 L3
16.833258,129.088783166667,35.074412166667,508094.271,3881298.745,0.596,-2.913304,gps_course,3,0.378,2.000,5,508091.992,3881297.838,0.150849,-0.088615,-0.084915,0.5600,0.567,0.029,TRACKING|w0 d0 L3
16.883132,129.088781500000,35.074411833333,508094.119,3881298.708,0.578,-2.883284,gps_course,3,0.293,2.000,5,508091.992,3881297.838,0.130300,-0.081809,-0.083672,0.5600,0.567,0.011,TRACKING|w0 d0 L3
16.933408,129.088781500000,35.074411833333,508094.119,3881298.708,0.578,-2.883284,gps_course,3,0.293,2.000,5,508091.992,3881297.838,0.130300,-0.081809,-0.082927,0.5600,0.567,0.011,TRACKING|w0 d0 L3
16.983010,129.088781500000,35.074411833333,508094.119,3881298.708,0.578,-2.883284,gps_course,3,0.293,2.000,5,508091.992,3881297.838,0.130300,-0.081809,-0.082480,0.5600,0.567,0.011,TRACKING|w0 d0 L3
17.032908,129.088781500000,35.074411833333,508094.119,3881298.708,0.578,-2.883284,gps_course,3,0.293,2.000,5,508091.992,3881297.838,0.130300,-0.081809,-0.082211,0.5600,0.567,0.011,TRACKING|w0 d0 L3
17.084659,129.088781500000,35.074411833333,508094.119,3881298.708,0.578,-2.883284,gps_course,3,0.293,2.000,5,508091.992,3881297.838,0.130300,-0.081809,-0.082050,0.5600,0.567,0.011,TRACKING|w0 d0 L3
17.132882,129.088780000000,35.074411333333,508093.982,3881298.653,0.588,-2.762158,gps_course,3,0.297,2.000,5,508091.992,3881297.838,0.009346,0.000000,-0.053117,0.5600,0.567,0.021,TRACKING|w0 d0 L3
17.183725,129.088780000000,35.074411333333,508093.982,3881298.653,0.588,-2.762158,gps_course,3,0.297,2.000,5,508091.992,3881297.838,0.009346,0.000000,-0.031870,0.5600,0.567,0.021,TRACKING|w0 d0 L3
17.232871,129.088780000000,35.074411333333,508093.982,3881298.653,0.588,-2.762158,gps_course,3,0.297,2.000,5,508091.992,3881297.838,0.009346,0.000000,-0.019122,0.5600,0.567,0.021,TRACKING|w0 d0 L3
17.282958,129.088780000000,35.074411333333,508093.982,3881298.653,0.588,-2.762158,gps_course,3,0.297,2.000,5,508091.992,3881297.838,0.009346,0.000000,-0.011473,0.5600,0.567,0.021,TRACKING|w0 d0 L3
17.333498,129.088780000000,35.074411333333,508093.982,3881298.653,0.588,-2.762158,gps_course,3,0.297,2.000,5,508091.992,3881297.838,0.009346,0.000000,-0.006884,0.5600,0.547,0.041,TRACKING|w0 d0 L3
17.382836,129.088778500000,35.074411000000,508093.845,3881298.616,0.588,-2.853090,gps_course,3,0.349,2.000,5,508091.992,3881297.838,0.108988,-0.078318,-0.035458,0.5600,0.547,0.040,TRACKING|w0 d0 L3
17.433166,129.088778500000,35.074411000000,508093.845,3881298.616,0.588,-2.853090,gps_course,3,0.349,2.000,5,508091.992,3881297.838,0.108988,-0.078318,-0.052602,0.5600,0.547,0.040,TRACKING|w0 d0 L3
17.482915,129.088778500000,35.074411000000,508093.845,3881298.616,0.588,-2.853090,gps_course,3,0.349,2.000,5,508091.992,3881297.838,0.108988,-0.078318,-0.062888,0.5600,0.547,0.040,TRACKING|w0 d0 L3
17.533551,129.088778500000,35.074411000000,508093.845,3881298.616,0.588,-2.853090,gps_course,3,0.349,2.000,5,508091.992,3881297.838,0.108988,-0.078318,-0.069060,0.5600,0.586,0.001,TRACKING|w0 d0 L3
17.582858,129.088778500000,35.074411000000,508093.845,3881298.616,0.588,-2.853090,gps_course,3,0.349,2.000,5,508091.992,3881297.838,0.108988,-0.078318,-0.072763,0.5600,0.586,0.001,TRACKING|w0 d0 L3
17.633867,129.088777000000,35.074410500000,508093.709,3881298.560,0.565,-2.863736,gps_course,3,0.458,2.000,6,508091.051,3881297.375,0.141611,-0.070203,-0.071739,0.5600,0.586,-0.021,TRACKING|w0 d0 L3
17.683070,129.088777000000,35.074410500000,508093.709,3881298.560,0.565,-2.863736,gps_course,3,0.458,2.000,6,508091.051,3881297.375,0.141611,-0.070203,-0.071124,0.5600,0.586,-0.021,TRACKING|w0 d0 L3
17.733153,129.088777000000,35.074410500000,508093.709,3881298.560,0.565,-2.863736,gps_course,3,0.458,2.000,6,508091.051,3881297.375,0.141611,-0.070203,-0.070756,0.5600,0.567,-0.002,TRACKING|w0 d0 L3
17.783016,129.088777000000,35.074410500000,508093.709,3881298.560,0.565,-2.863736,gps_course,3,0.458,2.000,6,508091.051,3881297.375,0.141611,-0.070203,-0.070534,0.5600,0.567,-0.002,TRACKING|w0 d0 L3
17.832823,129.088777000000,35.074410500000,508093.709,3881298.560,0.565,-2.863736,gps_course,3,0.458,2.000,6,508091.051,3881297.375,0.141611,-0.070203,-0.070402,0.5600,0.567,-0.002,TRACKING|w0 d0 L3
17.883054,129.088775666667,35.074410000000,508093.587,3881298.504,0.543,-2.749941,gps_course,3,0.574,2.000,6,508091.051,3881297.375,0.027364,-0.014287,-0.047956,0.5600,0.567,-0.023,TRACKING|w0 d0 L3
17.932965,129.088775666667,35.074410000000,508093.587,3881298.504,0.543,-2.749941,gps_course,3,0.574,2.000,6,508091.051,3881297.375,0.027364,-0.014287,-0.034488,0.5600,0.547,-0.004,TRACKING|w0 d0 L3
17.982931,129.088775666667,35.074410000000,508093.587,3881298.504,0.543,-2.749941,gps_course,3,0.574,2.000,6,508091.051,3881297.375,0.027364,-0.014287,-0.026408,0.5600,0.547,-0.004,TRACKING|w0 d0 L3
18.033747,129.088775666667,35.074410000000,508093.587,3881298.504,0.543,-2.749941,gps_course,3,0.574,2.000,6,508091.051,3881297.375,0.027364,-0.014287,-0.021559,0.5600,0.547,-0.004,TRACKING|w0 d0 L3
18.083586,129.088775666667,35.074410000000,508093.587,3881298.504,0.543,-2.749941,gps_course,3,0.574,2.000,6,508091.051,3881297.375,0.027364,-0.014287,-0.018650,0.5600,0.547,-0.004,TRACKING|w0 d0 L3
18.133048,129.088774166667,35.074409666667,508093.451,3881298.467,0.559,-2.817310,gps_course,4,0.489,2.000,6,508091.051,3881297.375,0.102982,-0.056469,-0.033778,0.5600,0.567,-0.008,TRACKING|w0 d0 L4
18.182904,129.088774166667,35.074409666667,508093.451,3881298.467,0.559,-2.817310,gps_course,4,0.489,2.000,6,508091.051,3881297.375,0.102982,-0.056469,-0.042854,0.5600,0.567,-0.008,TRACKING|w0 d0 L4
18.232989,129.088774166667,35.074409666667,508093.451,3881298.467,0.559,-2.817310,gps_course,4,0.489,2.000,6,508091.051,3881297.375,0.102982,-0.056469,-0.048300,0.5600,0.567,-0.008,TRACKING|w0 d0 L4
18.282846,129.088774166667,35.074409666667,508093.451,3881298.467,0.559,-2.817310,gps_course,4,0.489,2.000,6,508091.051,3881297.375,0.102982,-0.056469,-0.051568,0.5600,0.567,-0.008,TRACKING|w0 d0 L4
18.333007,129.088774166667,35.074409666667,508093.451,3881298.467,0.559,-2.817310,gps_course,4,0.489,2.000,6,508091.051,3881297.375,0.102982,-0.056469,-0.053528,0.5600,0.567,-0.008,TRACKING|w0 d0 L4
18.382861,129.088772666667,35.074409333333,508093.314,3881298.430,0.576,-2.883982,gps_course,4,0.350,2.000,6,508091.051,3881297.375,0.178824,-0.102918,-0.073284,0.5600,0.567,0.009,TRACKING|w0 d0 L4
18.433125,129.088772666667,35.074409333333,508093.314,3881298.430,0.576,-2.883982,gps_course,4,0.350,2.000,6,508091.051,3881297.375,0.178824,-0.102918,-0.085138,0.5600,0.567,0.009,TRACKING|w0 d0 L4
18.482885,129.088772666667,35.074409333333,508093.314,3881298.430,0.576,-2.883982,gps_course,4,0.350,2.000,6,508091.051,3881297.375,0.178824,-0.102918,-0.092250,0.5600,0.567,0.009,TRACKING|w0 d0 L4
18.532964,129.088772666667,35.074409333333,508093.314,3881298.430,0.576,-2.883982,gps_course,4,0.350,2.000,6,508091.051,3881297.375,0.178824,-0.102918,-0.096517,0.5600,0.567,0.009,TRACKING|w0 d0 L4
18.583145,129.088772666667,35.074409333333,508093.314,3881298.430,0.576,-2.883982,gps_course,4,0.350,2.000,6,508091.051,3881297.375,0.178824,-0.102918,-0.099078,0.5600,0.567,0.009,TRACKING|w0 d0 L4
18.632926,129.088771166667,35.074408833333,508093.177,3881298.375,0.576,-2.727601,gps_course,4,0.216,2.000,6,508091.051,3881297.375,0.025602,-0.015796,-0.069209,0.5600,0.567,0.009,TRACKING|w0 d0 L4
18.683076,129.088771166667,35.074408833333,508093.177,3881298.375,0.576,-2.727601,gps_course,4,0.216,2.000,6,508091.051,3881297.375,0.025602,-0.015796,-0.047844,0.5600,0.567,0.009,TRACKING|w0 d0 L4
18.732961,129.088771166667,35.074408833333,508093.177,3881298.375,0.576,-2.727601,gps_course,4,0.216,2.000,6,508091.051,3881297.375,0.025602,-0.015796,-0.035024,0.5600,0.567,0.009,TRACKING|w0 d0 L4
18.782994,129.088771166667,35.074408833333,508093.177,3881298.375,0.576,-2.727601,gps_course,4,0.216,2.000,6,508091.051,3881297.375,0.025602,-0.015796,-0.027333,0.5600,0.567,0.009,TRACKING|w0 d0 L4
18.832900,129.088771166667,35.074408833333,508093.177,3881298.375,0.576,-2.727601,gps_course,4,0.216,2.000,6,508091.051,3881297.375,0.025602,-0.015796,-0.022718,0.5600,0.567,0.009,TRACKING|w0 d0 L4
18.883764,129.088769666667,35.074408333333,508093.040,3881298.319,0.606,-2.817310,gps_course,4,0.120,2.000,6,508091.051,3881297.375,0.118895,-0.077933,-0.044804,0.5600,0.567,0.039,TRACKING|w0 d0 L4
18.933193,129.088769666667,35.074408333333,508093.040,3881298.319,0.606,-2.817310,gps_course,4,0.120,2.000,6,508091.051,3881297.375,0.118895,-0.077933,-0.058055,0.5600,0.567,0.039,TRACKING|w0 d0 L4
18.982979,129.088769666667,35.074408333333,508093.040,3881298.319,0.606,-2.817310,gps_course,4,0.120,2.000,6,508091.051,3881297.375,0.118895,-0.077933,-0.066006,0.5600,0.567,0.039,TRACKING|w0 d0 L4
19.033806,129.088769666667,35.074408333333,508093.040,3881298.319,0.606,-2.817310,gps_course,4,0.120,2.000,6,508091.051,3881297.375,0.118895,-0.077933,-0.070777,0.5600,0.567,0.039,TRACKING|w0 d0 L4
19.082876,129.088769666667,35.074408333333,508093.040,3881298.319,0.606,-2.817310,gps_course,4,0.120,2.000,6,508091.051,3881297.375,0.118895,-0.077933,-0.073639,0.5600,0.567,0.039,TRACKING|w0 d0 L4
19.132952,129.088768333333,35.074407833333,508092.919,3881298.264,0.539,-2.768267,gps_course,4,0.155,2.000,6,508091.051,3881297.375,0.070777,-0.049523,-0.063993,0.5600,0.567,-0.027,TRACKING|w0 d0 L4
19.182994,129.088768333333,35.074407833333,508092.919,3881298.264,0.539,-2.768267,gps_course,4,0.155,2.000,6,508091.051,3881297.375,0.070777,-0.049523,-0.058205,0.5600,0.567,-0.027,TRACKING|w0 d0 L4
19.233018,129.088768333333,35.074407833333,508092.919,3881298.264,0.539,-2.768267,gps_course,4,0.155,2.000,6,508091.051,3881297.375,0.070777,-0.049523,-0.054732,0.5600,0.567,-0.027,TRACKING|w0 d0 L4
19.282874,129.088768333333,35.074407833333,508092.919,3881298.264,0.539,-2.768267,gps_course,4,0.155,2.000,6,508091.051,3881297.375,0.070777,-0.049523,-0.052649,0.5600,0.567,-0.027,TRACKING|w0 d0 L4
19.332854,129.088768333333,35.074407833333,508092.919,3881298.264,0.539,-2.768267,gps_course,4,0.155,2.000,6,508091.051,3881297.375,0.070777,-0.049523,-0.051399,0.5600,0.567,-0.027,TRACKING|w0 d0 L4
19.383516,129.088766666667,35.074407333333,508092.767,3881298.208,0.571,-2.745054,gps_course,4,0.283,2.000,7,508090.002,3881297.244,-0.061155,0.030260,-0.021002,0.5600,0.567,0.004,TRACKING|w0 d0 L4
19.432882,129.088766666667,35.074407333333,508092.767,3881298.208,0.571,-2.745054,gps_course,4,0.283,2.000,7,508090.002,3881297.244,-0.061155,0.030260,-0.000497,0.5600,0.567,0.004,TRACKING|w0 d0 L4
19.485346,129.088766666667,35.074407333333,508092.767,3881298.208,0.571,-2.745054,gps_course,4,0.283,2.000,7,508090.002,3881297.244,-0.061155,0.030260,0.011806,0.5600,0.567,0.004,TRACKING|w0 d0 L4
19.532894,129.088766666667,35.074407333333,508092.767,3881298.208,0.571,-2.745054,gps_course,4,0.283,2.000,7,508090.002,3881297.244,-0.061155,0.030260,0.019188,0.5600,0.547,0.024,TRACKING|w0 d0 L4
19.584656,129.088766666667,35.074407333333,508092.767,3881298.208,0.571,-2.745054,gps_course,4,0.283,2.000,7,508090.002,3881297.244,-0.061155,0.030260,0.023617,0.5600,0.547,0.024,TRACKING|w0 d0 L4
19.632873,129.088765333333,35.074406833333,508092.645,3881298.152,0.563,-2.785720,gps_course,4,0.411,2.000,7,508090.002,3881297.244,-0.024951,0.012943,0.019347,0.5600,0.547,0.016,TRACKING|w0 d0 L4
19.683013,129.088765333333,35.074406833333,508092.645,3881298.152,0.563,-2.785720,gps_course,4,0.411,2.000,7,508090.002,3881297.244,-0.024951,0.012943,0.016786,0.5600,0.547,0.016,TRACKING|w0 d0 L4
19.733038,129.088765333333,35.074406833333,508092.645,3881298.152,0.563,-2.785720,gps_course,4,0.411,2.000,7,508090.002,3881297.244,-0.024951,0.012943,0.015249,0.5600,0.567,-0.003,TRACKING|w0 d0 L4
19.782950,129.088765333333,35.074406833333,508092.645,3881298.152,0.563,-2.785720,gps_course,4,0.411,2.000,7,508090.002,3881297.244,-0.024951,0.012943,0.014327,0.5600,0.567,-0.003,TRACKING|w0 d0 L4
19.833015,129.088765333333,35.074406833333,508092.645,3881298.152,0.563,-2.785720,gps_course,4,0.411,2.000,7,508090.002,3881297.244,-0.024951,0.012943,0.013773,0.5600,0.567,-0.003,TRACKING|w0 d0 L4
19.882878,129.088763833333,35.074406333333,508092.509,3881298.097,0.602,-2.700897,gps_course,4,0.554,2.000,7,508090.002,3881297.244,-0.112848,0.061599,0.032904,0.5600,0.567,0.035,TRACKING|w0 d0 L4
19.932998,129.088763833333,35.074406333333,508092.509,3881298.097,0.602,-2.700897,gps_course,4,0.554,2.000,7,508090.002,3881297.244,-0.112848,0.061599,0.044382,0.5600,0.567,0.035,TRACKING|w0 d0 L4
19.982938,129.088763833333,35.074406333333,508092.509,3881298.097,0.602,-2.700897,gps_course,4,0.554,2.000,7,508090.002,3881297.244,-0.112848,0.061599,0.051269,0.5600,0.567,0.035,TRACKING|w0 d0 L4
20.034253,129.088763833333,35.074406333333,508092.509,3881298.097,0.602,-2.700897,gps_course,4,0.554,2.000,7,508090.002,3881297.244,-0.112848,0.061599,0.055401,0.5600,0.567,0.035,TRACKING|w0 d0 L4
20.082967,129.088763833333,35.074406333333,508092.509,3881298.097,0.602,-2.700897,gps_course,4,0.554,2.000,7,508090.002,3881297.244,-0.112848,0.061599,0.057880,0.5600,0.567,0.035,TRACKING|w0 d0 L4
20.134785,129.088762500000,35.074405833333,508092.387,3881298.041,0.580,-2.751162,gps_course,5,0.444,2.000,7,508090.002,3881297.244,-0.067940,0.039128,0.050379,0.5600,0.567,0.014,TRACKING|w0 d0 L5
20.182914,129.088762500000,35.074405833333,508092.387,3881298.041,0.580,-2.751162,gps_course,5,0.444,2.000,7,508090.002,3881297.244,-0.067940,0.039128,0.045879,0.5600,0.567,0.014,TRACKING|w0 d0 L5
20.233040,129.088762500000,35.074405833333,508092.387,3881298.041,0.580,-2.751162,gps_course,5,0.444,2.000,7,508090.002,3881297.244,-0.067940,0.039128,0.043179,0.5600,0.567,0.014,TRACKING|w0 d0 L5
20.285250,129.088762500000,35.074405833333,508092.387,3881298.041,0.580,-2.751162,gps_course,5,0.444,2.000,7,508090.002,3881297.244,-0.067940,0.039128,0.041558,0.5600,0.567,0.014,TRACKING|w0 d0 L5
20.332942,129.088762500000,35.074405833333,508092.387,3881298.041,0.580,-2.751162,gps_course,5,0.444,2.000,7,508090.002,3881297.244,-0.067940,0.039128,0.040586,0.5600,0.567,0.014,TRACKING|w0 d0 L5
20.382981,129.088761000000,35.074405333333,508092.251,3881297.986,0.572,-2.726553,gps_course,5,0.298,2.000,7,508090.002,3881297.244,-0.096511,0.058956,0.047934,0.5600,0.567,0.006,TRACKING|w0 d0 L5
20.433098,129.088761000000,35.074405333333,508092.251,3881297.986,0.572,-2.726553,gps_course,5,0.298,2.000,7,508090.002,3881297.244,-0.096511,0.058956,0.052343,0.5600,0.567,0.006,TRACKING|w0 d0 L5
20.483030,129.088761000000,35.074405333333,508092.251,3881297.986,0.572,-2.726553,gps_course,5,0.298,2.000,7,508090.002,3881297.244,-0.096511,0.058956,0.054988,0.5600,0.567,0.006,TRACKING|w0 d0 L5
20.533095,129.088761000000,35.074405333333,508092.251,3881297.986,0.572,-2.726553,gps_course,5,0.298,2.000,7,508090.002,3881297.244,-0.096511,0.058956,0.056575,0.5600,0.567,0.006,TRACKING|w0 d0 L5
20.582888,129.088761000000,35.074405333333,508092.251,3881297.986,0.572,-2.726553,gps_course,5,0.298,2.000,7,508090.002,3881297.244,-0.096511,0.058956,0.057528,0.5600,0.567,0.006,TRACKING|w0 d0 L5
20.632984,129.088759500000,35.074404833333,508092.114,3881297.930,0.550,-2.763205,gps_course,5,0.153,2.000,7,508090.002,3881297.244,-0.064348,0.041975,0.051307,0.5600,0.567,-0.017,TRACKING|w0 d0 L5
20.682847,129.088759500000,35.074404833333,508092.114,3881297.930,0.550,-2.763205,gps_course,5,0.153,2.000,7,508090.002,3881297.244,-0.064348,0.041975,0.047574,0.5600,0.567,-0.017,TRACKING|w0 d0 L5
20.733061,129.088759500000,35.074404833333,508092.114,3881297.930,0.550,-2.763205,gps_course,5,0.153,2.000,7,508090.002,3881297.244,-0.064348,0.041975,0.045334,0.5600,0.547,0.003,TRACKING|w0 d0 L5
20.782875,129.088759500000,35.074404833333,508092.114,3881297.930,0.550,-2.763205,gps_course,5,0.153,2.000,7,508090.002,3881297.244,-0.064348,0.041975,0.043991,0.5600,0.547,0.003,TRACKING|w0 d0 L5
20.833252,129.088759500000,35.074404833333,508092.114,3881297.930,0.550,-2.763205,gps_course,5,0.153,2.000,7,508090.002,3881297.244,-0.064348,0.041975,0.043184,0.5600,0.547,0.003,TRACKING|w0 d0 L5
20.883112,129.088758166667,35.074404333333,508091.992,3881297.875,0.552,-2.794272,gps_course,5,0.037,2.000,7,508090.002,3881297.244,-0.040613,0.028197,0.037190,0.5600,0.547,0.004,TRACKING|w0 d0 L5
20.932946,129.088758166667,35.074404333333,508091.992,3881297.875,0.552,-2.794272,gps_course,5,0.037,2.000,7,508090.002,3881297.244,-0.040613,0.028197,0.033593,0.5600,0.547,0.004,TRACKING|w0 d0 L5
20.983006,129.088758166667,35.074404333333,508091.992,3881297.875,0.552,-2.794272,gps_course,5,0.037,2.000,7,508090.002,3881297.244,-0.040613,0.028197,0.031435,0.5600,0.547,0.004,TRACKING|w0 d0 L5
21.032870,129.088758166667,35.074404333333,508091.992,3881297.875,0.552,-2.794272,gps_course,5,0.037,2.000,7,508090.002,3881297.244,-0.040613,0.028197,0.030140,0.5600,0.547,0.004,TRACKING|w0 d0 L5
21.083384,129.088758166667,35.074404333333,508091.992,3881297.875,0.552,-2.794272,gps_course,5,0.037,2.000,7,508090.002,3881297.244,-0.040613,0.028197,0.029363,0.5600,0.547,0.004,TRACKING|w0 d0 L5
21.132934,129.088756666667,35.074403833333,508091.856,3881297.819,0.583,-2.771757,gps_course,5,0.138,2.000,8,508088.923,3881297.428,-0.237358,0.114750,0.059093,0.5600,0.567,0.016,TRACKING|w0 d0 L5
21.183047,129.088756666667,35.074403833333,508091.856,3881297.819,0.583,-2.771757,gps_course,5,0.138,2.000,8,508088.923,3881297.428,-0.237358,0.114750,0.081356,0.5600,0.567,0.016,TRACKING|w0 d0 L5
21.232991,129.088756666667,35.074403833333,508091.856,3881297.819,0.583,-2.771757,gps_course,5,0.138,2.000,8,508088.923,3881297.428,-0.237358,0.114750,0.094714,0.5600,0.567,0.016,TRACKING|w0 d0 L5
21.283393,129.088756666667,35.074403833333,508091.856,3881297.819,0.583,-2.771757,gps_course,5,0.138,2.000,8,508088.923,3881297.428,-0.237358,0.114750,0.102728,0.5600,0.567,0.016,TRACKING|w0 d0 L5
21.333058,129.088756666667,35.074403833333,508091.856,3881297.819,0.583,-2.771757,gps_course,5,0.138,2.000,8,508088.923,3881297.428,-0.237358,0.114750,0.107537,0.5600,0.567,0.016,TRACKING|w0 d0 L5
21.382891,129.088755166667,35.074403333333,508091.719,3881297.763,0.568,-2.732313,gps_course,5,0.283,2.000,8,508088.923,3881297.428,-0.289953,0.146191,0.122999,0.5600,0.567,0.001,TRACKING|w0 d0 L5
21.433035,129.088755166667,35.074403333333,508091.719,3881297.763,0.568,-2.732313,gps_course,5,0.283,2.000,8,508088.923,3881297.428,-0.289953,0.146191,0.132276,0.5600,0.567,0.001,TRACKING|w0 d0 L5
21.482888,129.088755166667,35.074403333333,508091.719,3881297.763,0.568,-2.732313,gps_course,5,0.283,2.000,8,508088.923,3881297.428,-0.289953,0.146191,0.137842,0.5600,0.567,0.001,TRACKING|w0 d0 L5
21.534130,129.088755166667,35.074403333333,508091.719,3881297.763,0.568,-2.732313,gps_course,5,0.283,2.000,8,508088.923,3881297.428,-0.289953,0.146191,0.141182,0.5600,0.528,0.040,TRACKING|w0 d0 L5
21.582888,129.088755166667,35.074403333333,508091.719,3881297.763,0.568,-2.732313,gps_course,5,0.283,2.000,8,508088.923,3881297.428,-0.289953,0.146191,0.143186,0.5600,0.528,0.040,TRACKING|w0 d0 L5
21.633080,129.088753666667,35.074403000000,508091.582,3881297.726,0.582,-2.793574,gps_course,5,0.425,2.000,8,508088.923,3881297.428,-0.236373,0.126241,0.136408,0.5600,0.528,0.054,TRACKING|w0 d0 L5
21.682979,129.088753666667,35.074403000000,508091.582,3881297.726,0.582,-2.793574,gps_course,5,0.425,2.000,8,508088.923,3881297.428,-0.236373,0.126241,0.132341,0.5600,0.528,0.054,TRACKING|w0 d0 L5
21.732987,129.088753666667,35.074403000000,508091.582,3881297.726,0.582,-2.793574,gps_course,5,0.425,2.000,8,508088.923,3881297.428,-0.236373,0.126241,0.129901,0.5600,0.567,0.016,TRACKING|w0 d0 L5
21.783278,129.088753666667,35.074403000000,508091.582,3881297.726,0.582,-2.793574,gps_course,5,0.425,2.000,8,508088.923,3881297.428,-0.236373,0.126241,0.128437,0.5600,0.567,0.016,TRACKING|w0 d0 L5
21.832880,129.088753666667,35.074403000000,508091.582,3881297.726,0.582,-2.793574,gps_course,5,0.425,2.000,8,508088.923,3881297.428,-0.236373,0.126241,0.127558,0.5600,0.567,0.016,TRACKING|w0 d0 L5
21.883124,129.088752333333,35.074402333333,508091.461,3881297.652,0.597,-2.746625,gps_course,6,0.495,2.000,8,508088.923,3881297.428,-0.306897,0.170307,0.144658,0.5600,0.567,0.031,TRACKING|w0 d0 L6
21.932913,129.088752333333,35.074402333333,508091.461,3881297.652,0.597,-2.746625,gps_course,6,0.495,2.000,8,508088.923,3881297.428,-0.306897,0.170307,0.154918,0.5600,0.603,-0.005,TRACKING|w0 d0 L6
21.983090,129.088752333333,35.074402333333,508091.461,3881297.652,0.597,-2.746625,gps_course,6,0.495,2.000,8,508088.923,3881297.428,-0.306897,0.170307,0.161074,0.5600,0.603,-0.005,TRACKING|w0 d0 L6
22.033628,129.088752333333,35.074402333333,508091.461,3881297.652,0.597,-2.746625,gps_course,6,0.495,2.000,8,508088.923,3881297.428,-0.306897,0.170307,0.164767,0.5600,0.603,-0.005,TRACKING|w0 d0 L6
22.082857,129.088752333333,35.074402333333,508091.461,3881297.652,0.597,-2.746625,gps_course,6,0.495,2.000,8,508088.923,3881297.428,-0.306897,0.170307,0.166983,0.5600,0.603,-0.005,TRACKING|w0 d0 L6
22.132837,129.088750833333,35.074402000000,508091.324,3881297.615,0.535,-2.807362,gps_course,6,0.364,2.000,8,508088.923,3881297.428,-0.256508,0.151607,0.160833,0.5600,0.547,-0.012,TRACKING|w0 d0 L6
22.182882,129.088750833333,35.074402000000,508091.324,3881297.615,0.535,-2.807362,gps_course,6,0.364,2.000,8,508088.923,3881297.428,-0.256508,0.151607,0.157143,0.5600,0.547,-0.012,TRACKING|w0 d0 L6
22.233005,129.088750833333,35.074402000000,508091.324,3881297.615,0.535,-2.807362,gps_course,6,0.364,2.000,8,508088.923,3881297.428,-0.256508,0.151607,0.154928,0.5600,0.547,-0.012,TRACKING|w0 d0 L6
22.282869,129.088750833333,35.074402000000,508091.324,3881297.615,0.535,-2.807362,gps_course,6,0.364,2.000,8,508088.923,3881297.428,-0.256508,0.151607,0.153600,0.5600,0.547,-0.012,TRACKING|w0 d0 L6
22.333170,129.088750833333,35.074402000000,508091.324,3881297.615,0.535,-2.807362,gps_course,6,0.364,2.000,8,508088.923,3881297.428,-0.256508,0.151607,0.152803,0.5600,0.567,-0.031,TRACKING|w0 d0 L6
22.382917,129.088749500000,35.074401500000,508091.202,3881297.560,0.512,-2.732487,gps_course,6,0.239,2.000,8,508088.923,3881297.428,-0.351514,0.215311,0.177806,0.5600,0.567,-0.055,TRACKING|w0 d0 L6
22.433108,129.088749500000,35.074401500000,508091.202,3881297.560,0.512,-2.732487,gps_course,6,0.239,2.000,8,508088.923,3881297.428,-0.351514,0.215311,0.192808,0.5600,0.567,-0.055,TRACKING|w0 d0 L6
22.482971,129.088749500000,35.074401500000,508091.202,3881297.560,0.512,-2.732487,gps_course,6,0.239,2.000,8,508088.923,3881297.428,-0.351514,0.215311,0.201809,0.5600,0.567,-0.055,TRACKING|w0 d0 L6
22.533638,129.088749500000,35.074401500000,508091.202,3881297.560,0.512,-2.732487,gps_course,6,0.239,2.000,8,508088.923,3881297.428,-0.351514,0.215311,0.207210,0.5600,0.547,-0.035,TRACKING|w0 d0 L6
22.583080,129.088749500000,35.074401500000,508091.202,3881297.560,0.512,-2.732487,gps_course,6,0.239,2.000,8,508088.923,3881297.428,-0.351514,0.215311,0.210450,0.5600,0.547,-0.035,TRACKING|w0 d0 L6
22.632960,129.088748000000,35.074401166667,508091.066,3881297.523,0.570,-2.818881,gps_course,6,0.149,2.000,8,508088.923,3881297.428,-0.278717,0.183927,0.199841,0.5600,0.547,0.023,TRACKING|w0 d0 L6
22.685259,129.088748000000,35.074401166667,508091.066,3881297.523,0.570,-2.818881,gps_course,6,0.149,2.000,8,508088.923,3881297.428,-0.278717,0.183927,0.193475,0.5600,0.547,0.023,TRACKING|w0 d0 L6
22.732867,129.088748000000,35.074401166667,508091.066,3881297.523,0.570,-2.818881,gps_course,6,0.149,2.000,8,508088.923,3881297.428,-0.278717,0.183927,0.189656,0.5600,0.547,0.023,TRACKING|w0 d0 L6
22.783694,129.088748000000,35.074401166667,508091.066,3881297.523,0.570,-2.818881,gps_course,6,0.149,2.000,8,508088.923,3881297.428,-0.278717,0.183927,0.187364,0.5600,0.547,0.023,TRACKING|w0 d0 L6
22.832867,129.088748000000,35.074401166667,508091.066,3881297.523,0.570,-2.818881,gps_course,6,0.149,2.000,8,508088.923,3881297.428,-0.278717,0.183927,0.185989,0.5600,0.547,0.023,TRACKING|w0 d0 L6
22.883092,129.088746500000,35.074400833333,508090.929,3881297.486,0.557,-2.914874,gps_course,6,0.165,2.000,8,508088.923,3881297.428,-0.198194,0.141344,0.168131,0.5600,0.547,0.010,TRACKING|w0 d0 L6
22.933061,129.088746500000,35.074400833333,508090.929,3881297.486,0.557,-2.914874,gps_course,6,0.165,2.000,8,508088.923,3881297.428,-0.198194,0.141344,0.157416,0.5600,0.547,0.010,TRACKING|w0 d0 L6
22.982873,129.088746500000,35.074400833333,508090.929,3881297.486,0.557,-2.914874,gps_course,6,0.165,2.000,8,508088.923,3881297.428,-0.198194,0.141344,0.150987,0.5600,0.547,0.010,TRACKING|w0 d0 L6
23.033039,129.088746500000,35.074400833333,508090.929,3881297.486,0.557,-2.914874,gps_course,6,0.165,2.000,8,508088.923,3881297.428,-0.198194,0.141344,0.147130,0.5600,0.547,0.010,TRACKING|w0 d0 L6
23.082893,129.088746500000,35.074400833333,508090.929,3881297.486,0.557,-2.914874,gps_course,6,0.165,2.000,8,508088.923,3881297.428,-0.198194,0.141344,0.144816,0.5600,0.547,0.010,TRACKING|w0 d0 L6
23.133406,129.088745166667,35.074400500000,508090.808,3881297.448,0.539,-2.838953,gps_course,6,0.254,2.000,9,508087.950,3881297.963,-0.480960,0.227079,0.175123,0.5600,0.547,-0.009,TRACKING|w0 d0 L6
23.182879,129.088745166667,35.074400500000,508090.808,3881297.448,0.539,-2.838953,gps_course,6,0.254,2.000,9,508087.950,3881297.963,-0.480960,0.227079,0.195906,0.5600,0.547,-0.009,TRACKING|w0 d0 L6
23.232994,129.088745166667,35.074400500000,508090.808,3881297.448,0.539,-2.838953,gps_course,6,0.254,2.000,9,508087.950,3881297.963,-0.480960,0.227079,0.208375,0.5600,0.547,-0.009,TRACKING|w0 d0 L6
23.283060,129.088745166667,35.074400500000,508090.808,3881297.448,0.539,-2.838953,gps_course,6,0.254,2.000,9,508087.950,3881297.963,-0.480960,0.227079,0.215857,0.5600,0.547,-0.009,TRACKING|w0 d0 L6
23.332922,129.088745166667,35.074400500000,508090.808,3881297.448,0.539,-2.838953,gps_course,6,0.254,2.000,9,508087.950,3881297.963,-0.480960,0.227079,0.220346,0.5600,0.547,-0.009,TRACKING|w0 d0 L6
23.382991,129.088743666667,35.074400333333,508090.671,3881297.430,0.549,-3.028670,gps_course,6,0.384,2.000,9,508087.950,3881297.963,-0.306597,0.156573,0.194836,0.5600,0.547,0.001,TRACKING|w0 d0 L6
23.433175,129.088743666667,35.074400333333,508090.671,3881297.430,0.549,-3.028670,gps_course,6,0.384,2.000,9,508087.950,3881297.963,-0.306597,0.156573,0.179531,0.5600,0.547,0.001,TRACKING|w0 d0 L6
23.486679,129.088743666667,35.074400333333,508090.671,3881297.430,0.549,-3.028670,gps_course,6,0.384,2.000,9,508087.950,3881297.963,-0.306597,0.156573,0.170348,0.5600,0.547,0.001,TRACKING|w0 d0 L6
23.533155,129.088743666667,35.074400333333,508090.671,3881297.430,0.549,-3.028670,gps_course,6,0.384,2.000,9,508087.950,3881297.963,-0.306597,0.156573,0.164838,0.5600,0.567,-0.018,TRACKING|w0 d0 L6
23.583173,129.088743666667,35.074400333333,508090.671,3881297.430,0.549,-3.028670,gps_course,6,0.384,2.000,9,508087.950,3881297.963,-0.306597,0.156573,0.161532,0.5600,0.567,-0.018,TRACKING|w0 d0 L6
23.633143,129.088742166667,35.074400166667,508090.534,3881297.411,0.558,-2.974041,gps_course,6,0.518,2.000,9,508087.950,3881297.963,-0.378098,0.199897,0.176878,0.5600,0.567,-0.008,TRACKING|w0 d0 L6
23.682934,129.088742166667,35.074400166667,508090.534,3881297.411,0.558,-2.974041,gps_course,6,0.518,2.000,9,508087.950,3881297.963,-0.378098,0.199897,0.186085,0.5600,0.567,-0.008,TRACKING|w0 d0 L6
23.732874,129.088742166667,35.074400166667,508090.534,3881297.411,0.558,-2.974041,gps_course,6,0.518,2.000,9,508087.950,3881297.963,-0.378098,0.199897,0.191610,0.5600,0.567,-0.008,TRACKING|w0 d0 L6
23.782859,129.088742166667,35.074400166667,508090.534,3881297.411,0.558,-2.974041,gps_course,6,0.518,2.000,9,508087.950,3881297.963,-0.378098,0.199897,0.194925,0.5600,0.567,-0.008,TRACKING|w0 d0 L6
23.832994,129.088742166667,35.074400166667,508090.534,3881297.411,0.558,-2.974041,gps_course,6,0.518,2.000,9,508087.950,3881297.963,-0.378098,0.199897,0.196914,0.5600,0.567,-0.008,TRACKING|w0 d0 L6
23.882882,129.088740666667,35.074400000000,508090.397,3881297.393,0.509,-3.066543,gps_course,7,0.422,2.000,9,508087.950,3881297.963,-0.304211,0.171172,0.186617,0.5600,0.567,-0.058,TRACKING|w0 d0 L7
23.933662,129.088740666667,35.074400000000,508090.397,3881297.393,0.509,-3.066543,gps_course,7,0.422,2.000,9,508087.950,3881297.963,-0.304211,0.171172,0.180439,0.5600,0.547,-0.038,TRACKING|w0 d0 L7
23.982824,129.088740666667,35.074400000000,508090.397,3881297.393,0.509,-3.066543,gps_course,7,0.422,2.000,9,508087.950,3881297.963,-0.304211,0.171172,0.176732,0.5600,0.547,-0.038,TRACKING|w0 d0 L7
24.033001,129.088740666667,35.074400000000,508090.397,3881297.393,0.509,-3.066543,gps_course,7,0.422,2.000,9,508087.950,3881297.963,-0.304211,0.171172,0.174508,0.5600,0.547,-0.038,TRACKING|w0 d0 L7
24.083068,129.088740666667,35.074400000000,508090.397,3881297.393,0.509,-3.066543,gps_course,7,0.422,2.000,9,508087.950,3881297.963,-0.304211,0.171172,0.173173,0.5600,0.547,-0.038,TRACKING|w0 d0 L7
24.132952,129.088739166667,35.074400000000,508090.261,3881297.393,0.537,3.125187,gps_course,7,0.298,2.000,9,508087.950,3881297.963,-0.225861,0.135620,0.158152,0.5600,0.492,0.046,TRACKING|w0 d0 L7
24.182934,129.088739166667,35.074400000000,508090.261,3881297.393,0.537,3.125187,gps_course,7,0.298,2.000,9,508087.950,3881297.963,-0.225861,0.135620,0.149139,0.5600,0.492,0.046,TRACKING|w0 d0 L7
24.232940,129.088739166667,35.074400000000,508090.261,3881297.393,0.537,3.125187,gps_course,7,0.298,2.000,9,508087.950,3881297.963,-0.225861,0.135620,0.143732,0.5600,0.492,0.046,TRACKING|w0 d0 L7
24.283107,129.088739166667,35.074400000000,508090.261,3881297.393,0.537,3.125187,gps_course,7,0.298,2.000,9,508087.950,3881297.963,-0.225861,0.135620,0.140487,0.5600,0.492,0.046,TRACKING|w0 d0 L7
24.333074,129.088739166667,35.074400000000,508090.261,3881297.393,0.537,3.125187,gps_course,7,0.298,2.000,9,508087.950,3881297.963,-0.225861,0.135620,0.138540,0.5600,0.567,-0.029,TRACKING|w0 d0 L7
24.382935,129.088737833333,35.074400000000,508090.139,3881297.392,0.540,3.063576,gps_course,7,0.201,2.000,9,508087.950,3881297.963,-0.177191,0.112521,0.128133,0.5600,0.567,-0.027,TRACKING|w0 d0 L7
24.432891,129.088737833333,35.074400000000,508090.139,3881297.392,0.540,3.063576,gps_course,7,0.201,2.000,9,508087.950,3881297.963,-0.177191,0.112521,0.121888,0.5600,0.567,-0.027,TRACKING|w0 d0 L7
24.483664,129.088737833333,35.074400000000,508090.139,3881297.392,0.540,3.063576,gps_course,7,0.201,2.000,9,508087.950,3881297.963,-0.177191,0.112521,0.118141,0.5600,0.567,-0.027,TRACKING|w0 d0 L7
24.533093,129.088737833333,35.074400000000,508090.139,3881297.392,0.540,3.063576,gps_course,7,0.201,2.000,9,508087.950,3881297.963,-0.177191,0.112521,0.115893,0.5600,0.547,-0.007,TRACKING|w0 d0 L7
24.582942,129.088737833333,35.074400000000,508090.139,3881297.392,0.540,3.063576,gps_course,7,0.201,2.000,9,508087.950,3881297.963,-0.177191,0.112521,0.114544,0.5600,0.547,-0.007,TRACKING|w0 d0 L7
24.633048,129.088736166667,35.074400166667,508089.987,3881297.411,0.554,3.075445,gps_course,7,0.167,2.000,9,508087.950,3881297.963,-0.198825,0.134893,0.122684,0.5600,0.547,0.007,TRACKING|w0 d0 L7
24.682945,129.088736166667,35.074400166667,508089.987,3881297.411,0.554,3.075445,gps_course,7,0.167,2.000,9,508087.950,3881297.963,-0.198825,0.134893,0.127568,0.5600,0.547,0.007,TRACKING|w0 d0 L7
24.733055,129.088736166667,35.074400166667,508089.987,3881297.411,0.554,3.075445,gps_course,7,0.167,2.000,9,508087.950,3881297.963,-0.198825,0.134893,0.130498,0.5600,0.528,0.026,TRACKING|w0 d0 L7
24.782857,129.088736166667,35.074400166667,508089.987,3881297.411,0.554,3.075445,gps_course,7,0.167,2.000,9,508087.950,3881297.963,-0.198825,0.134893,0.132256,0.5600,0.528,0.026,TRACKING|w0 d0 L7
24.834053,129.088736166667,35.074400166667,508089.987,3881297.411,0.554,3.075445,gps_course,7,0.167,2.000,9,508087.950,3881297.963,-0.198825,0.134893,0.133311,0.5600,0.528,0.026,TRACKING|w0 d0 L7
24.882886,129.088734666667,35.074400333333,508089.850,3881297.429,0.537,3.026052,gps_course,7,0.239,2.000,10,508087.068,3881298.757,-0.329930,0.151225,0.140476,0.5600,0.528,0.009,TRACKING|w0 d0 L7
24.932954,129.088734666667,35.074400333333,508089.850,3881297.429,0.537,3.026052,gps_course,7,0.239,2.000,10,508087.068,3881298.757,-0.329930,0.151225,0.144776,0.5600,0.528,0.009,TRACKING|w0 d0 L7
24.982992,129.088734666667,35.074400333333,508089.850,3881297.429,0.537,3.026052,gps_course,7,0.239,2.000,10,508087.068,3881298.757,-0.329930,0.151225,0.147355,0.5600,0.528,0.009,TRACKING|w0 d0 L7
25.032940,129.088734666667,35.074400333333,508089.850,3881297.429,0.537,3.026052,gps_course,7,0.239,2.000,10,508087.068,3881298.757,-0.329930,0.151225,0.148903,0.5600,0.528,0.009,TRACKING|w0 d0 L7
25.083146,129.088734666667,35.074400333333,508089.850,3881297.429,0.537,3.026052,gps_course,7,0.239,2.000,10,508087.068,3881298.757,-0.329930,0.151225,0.149832,0.5600,0.528,0.009,TRACKING|w0 d0 L7
25.133075,129.088733166667,35.074400500000,508089.713,3881297.447,0.550,3.027972,gps_course,7,0.353,2.000,10,508087.068,3881298.757,-0.346203,0.165175,0.155969,0.5600,0.547,0.003,TRACKING|w0 d0 L7
25.183050,129.088733166667,35.074400500000,508089.713,3881297.447,0.550,3.027972,gps_course,7,0.353,2.000,10,508087.068,3881298.757,-0.346203,0.165175,0.159652,0.5600,0.547,0.003,TRACKING|w0 d0 L7
25.233007,129.088733166667,35.074400500000,508089.713,3881297.447,0.550,3.027972,gps_course,7,0.353,2.000,10,508087.068,3881298.757,-0.346203,0.165175,0.161861,0.5600,0.547,0.003,TRACKING|w0 d0 L7
25.284230,129.088733166667,35.074400500000,508089.713,3881297.447,0.550,3.027972,gps_course,7,0.353,2.000,10,508087.068,3881298.757,-0.346203,0.165175,0.163187,0.5600,0.547,0.003,TRACKING|w0 d0 L7
25.333148,129.088733166667,35.074400500000,508089.713,3881297.447,0.550,3.027972,gps_course,7,0.353,2.000,10,508087.068,3881298.757,-0.346203,0.165175,0.163982,0.5600,0.567,-0.017,TRACKING|w0 d0 L7
25.382887,129.088731833333,35.074400833333,508089.592,3881297.484,0.523,2.915398,gps_course,7,0.475,2.000,10,508087.068,3881298.757,-0.241035,0.121854,0.147131,0.5600,0.567,-0.044,TRACKING|w0 d0 L7
25.433720,129.088731833333,35.074400833333,508089.592,3881297.484,0.523,2.915398,gps_course,7,0.475,2.000,10,508087.068,3881298.757,-0.241035,0.121854,0.137020,0.5600,0.567,-0.044,TRACKING|w0 d0 L7
25.482864,129.088731833333,35.074400833333,508089.592,3881297.484,0.523,2.915398,gps_course,7,0.475,2.000,10,508087.068,3881298.757,-0.241035,0.121854,0.130954,0.5600,0.567,-0.044,TRACKING|w0 d0 L7
25.534003,129.088731833333,35.074400833333,508089.592,3881297.484,0.523,2.915398,gps_course,7,0.475,2.000,10,508087.068,3881298.757,-0.241035,0.121854,0.127314,0.5600,0.528,-0.005,TRACKING|w0 d0 L7
25.582885,129.088731833333,35.074400833333,508089.592,3881297.484,0.523,2.915398,gps_course,7,0.475,2.000,10,508087.068,3881298.757,-0.241035,0.121854,0.125130,0.5600,0.528,-0.005,TRACKING|w0 d0 L7
25.634140,129.088730333333,35.074401000000,508089.455,3881297.503,0.544,2.997603,gps_course,8,0.537,2.000,10,508087.068,3881298.757,-0.340007,0.177450,0.146058,0.5600,0.528,0.016,TRACKING|w0 d0 L8
25.682891,129.088730333333,35.074401000000,508089.455,3881297.503,0.544,2.997603,gps_course,8,0.622,2.000,10,508087.145,3881298.499,-0.263014,0.148727,0.025612,0.5600,0.528,0.016,TRACKING|w0 d0 L8
25.733032,129.088730333333,35.074401000000,508089.455,3881297.503,0.544,2.997603,gps_course,8,0.622,2.000,10,508087.145,3881298.499,-0.263014,0.148727,0.055696,0.5600,0.547,-0.003,TRACKING|w0 d0 L8
25.783306,129.088730333333,35.074401000000,508089.455,3881297.503,0.544,2.997603,gps_course,8,0.622,2.000,10,508087.145,3881298.499,-0.263014,0.148727,0.085861,0.5600,0.547,-0.003,TRACKING|w0 d0 L8
25.832873,129.088730333333,35.074401000000,508089.455,3881297.503,0.544,2.997603,gps_course,8,0.622,2.000,10,508087.145,3881298.499,-0.263014,0.148727,0.111007,0.5600,0.547,-0.003,TRACKING|w0 d0 L8
25.885549,129.088728833333,35.074401166667,508089.318,3881297.521,0.559,2.893756,gps_course,8,0.541,2.000,10,508087.145,3881298.499,-0.174808,0.105412,0.108769,0.5600,0.547,0.011,TRACKING|w0 d0 L8
25.932868,129.088728833333,35.074401166667,508089.318,3881297.521,0.559,2.893756,gps_course,8,0.541,2.000,10,508087.145,3881298.499,-0.174808,0.105412,0.107426,0.5600,0.547,0.011,TRACKING|w0 d0 L8
25.983178,129.088728833333,35.074401166667,508089.318,3881297.521,0.559,2.893756,gps_course,8,0.541,2.000,10,508087.145,3881298.499,-0.174808,0.105412,0.106621,0.5600,0.547,0.011,TRACKING|w0 d0 L8
26.032869,129.088728833333,35.074401166667,508089.318,3881297.521,0.559,2.893756,gps_course,8,0.541,2.000,10,508087.145,3881298.499,-0.174808,0.105412,0.106137,0.5600,0.547,0.011,TRACKING|w0 d0 L8
26.082890,129.088728833333,35.074401166667,508089.318,3881297.521,0.559,2.893756,gps_course,8,0.541,2.000,10,508087.145,3881298.499,-0.174808,0.105412,0.105847,0.5600,0.547,0.011,TRACKING|w0 d0 L8
26.133227,129.088727333333,35.074401666667,508089.182,3881297.576,0.562,2.818183,gps_course,8,0.520,2.000,10,508087.145,3881298.499,-0.101764,0.065782,0.089821,0.5600,0.567,-0.004,TRACKING|w0 d0 L8
26.182869,129.088727333333,35.074401666667,508089.182,3881297.576,0.562,2.818183,gps_course,8,0.520,2.000,10,508087.145,3881298.499,-0.101764,0.065782,0.080206,0.5600,0.567,-0.004,TRACKING|w0 d0 L8
26.233043,129.088727333333,35.074401666667,508089.182,3881297.576,0.562,2.818183,gps_course,8,0.520,2.000,10,508087.145,3881298.499,-0.101764,0.065782,0.074436,0.5600,0.567,-0.004,TRACKING|w0 d0 L8
26.282917,129.088727333333,35.074401666667,508089.182,3881297.576,0.562,2.818183,gps_course,8,0.520,2.000,10,508087.145,3881298.499,-0.101764,0.065782,0.070975,0.5600,0.567,-0.004,TRACKING|w0 d0 L8
26.332919,129.088727333333,35.074401666667,508089.182,3881297.576,0.562,2.818183,gps_course,8,0.520,2.000,10,508087.145,3881298.499,-0.101764,0.065782,0.068898,0.5600,0.547,0.015,TRACKING|w0 d0 L8
26.383337,129.088725833333,35.074402000000,508089.045,3881297.613,0.580,2.828655,gps_course,8,0.521,2.000,10,508087.145,3881298.499,-0.123140,0.084755,0.075241,0.5600,0.547,0.033,TRACKING|w0 d0 L8
26.433069,129.088725833333,35.074402000000,508089.045,3881297.613,0.580,2.828655,gps_course,8,0.521,2.000,10,508087.145,3881298.499,-0.123140,0.084755,0.079046,0.5600,0.547,0.033,TRACKING|w0 d0 L8
26.483206,129.088725833333,35.074402000000,508089.045,3881297.613,0.580,2.828655,gps_course,8,0.521,2.000,10,508087.145,3881298.499,-0.123140,0.084755,0.081330,0.5600,0.547,0.033,TRACKING|w0 d0 L8
26.533051,129.088725833333,35.074402000000,508089.045,3881297.613,0.580,2.828655,gps_course,8,0.521,2.000,10,508087.145,3881298.499,-0.123140,0.084755,0.082700,0.5600,0.567,0.013,TRACKING|w0 d0 L8
26.582858,129.088725833333,35.074402000000,508089.045,3881297.613,0.580,2.828655,gps_course,8,0.521,2.000,10,508087.145,3881298.499,-0.123140,0.084755,0.083522,0.5600,0.567,0.013,TRACKING|w0 d0 L8
26.632848,129.088724500000,35.074402333333,508088.923,3881297.650,0.542,2.853090,gps_course,8,0.558,2.000,11,508086.490,3881299.459,-0.350944,0.162963,0.113516,0.5600,0.567,-0.025,TRACKING|w0 d0 L8
26.683260,129.088724500000,35.074402333333,508088.923,3881297.650,0.542,2.853090,gps_course,8,0.558,2.000,11,508086.490,3881299.459,-0.350944,0.162963,0.133295,0.5600,0.567,-0.025,TRACKING|w0 d0 L8
26.733053,129.088724500000,35.074402333333,508088.923,3881297.650,0.542,2.853090,gps_course,8,0.558,2.000,11,508086.490,3881299.459,-0.350944,0.162963,0.145162,0.5600,0.528,0.014,TRACKING|w0 d0 L8
26.783665,129.088724500000,35.074402333333,508088.923,3881297.650,0.542,2.853090,gps_course,8,0.558,2.000,11,508086.490,3881299.459,-0.350944,0.162963,0.152282,0.5600,0.528,0.014,TRACKING|w0 d0 L8
26.832847,129.088724500000,35.074402333333,508088.923,3881297.650,0.542,2.853090,gps_course,8,0.558,2.000,11,508086.490,3881299.459,-0.350944,0.162963,0.156555,0.5600,0.528,0.014,TRACKING|w0 d0 L8
26.883243,129.088723000000,35.074402666667,508088.786,3881297.687,0.560,2.806315,gps_course,8,0.624,2.000,11,508086.490,3881299.459,-0.322120,0.156960,0.156717,0.5600,0.528,0.032,TRACKING|w0 d0 L8
26.932874,129.088723000000,35.074402666667,508088.786,3881297.687,0.560,2.806315,gps_course,8,0.624,2.000,11,508086.490,3881299.459,-0.322120,0.156960,0.156814,0.5600,0.586,-0.026,TRACKING|w0 d0 L8
26.982838,129.088723000000,35.074402666667,508088.786,3881297.687,0.560,2.806315,gps_course,8,0.624,2.000,11,508086.490,3881299.459,-0.322120,0.156960,0.156873,0.5600,0.586,-0.026,TRACKING|w0 d0 L8
27.032982,129.088723000000,35.074402666667,508088.786,3881297.687,0.560,2.806315,gps_course,8,0.624,2.000,11,508086.490,3881299.459,-0.322120,0.156960,0.156908,0.5600,0.586,-0.026,TRACKING|w0 d0 L8
27.082897,129.088723000000,35.074402666667,508088.786,3881297.687,0.560,2.806315,gps_course,8,0.624,2.000,11,508086.490,3881299.459,-0.322120,0.156960,0.156929,0.5600,0.586,-0.026,TRACKING|w0 d0 L8
27.133603,129.088721666667,35.074403166667,508088.665,3881297.742,0.564,2.763031,gps_course,9,0.718,2.000,11,508086.490,3881299.459,-0.289845,0.148477,0.153548,0.5600,0.586,-0.023,TRACKING|w0 d0 L9
27.182931,129.088721666667,35.074403166667,508088.665,3881297.742,0.564,2.763031,gps_course,9,0.718,2.000,11,508086.490,3881299.459,-0.289845,0.148477,0.151519,0.5600,0.586,-0.023,TRACKING|w0 d0 L9
27.232969,129.088721666667,35.074403166667,508088.665,3881297.742,0.564,2.763031,gps_course,9,0.718,2.000,11,508086.490,3881299.459,-0.289845,0.148477,0.150302,0.5600,0.586,-0.023,TRACKING|w0 d0 L9
27.283030,129.088721666667,35.074403166667,508088.665,3881297.742,0.564,2.763031,gps_course,9,0.718,2.000,11,508086.490,3881299.459,-0.289845,0.148477,0.149572,0.5600,0.586,-0.023,TRACKING|w0 d0 L9
27.333231,129.088721666667,35.074403166667,508088.665,3881297.742,0.564,2.763031,gps_course,9,0.718,2.000,11,508086.490,3881299.459,-0.289845,0.148477,0.149134,0.5600,0.547,0.016,TRACKING|w0 d0 L9
27.383071,129.088720166667,35.074403666667,508088.528,3881297.798,0.524,2.768965,gps_course,9,0.592,2.000,11,508086.490,3881299.459,-0.311511,0.167447,0.156459,0.5600,0.547,-0.023,TRACKING|w0 d0 L9
27.432864,129.088720166667,35.074403666667,508088.528,3881297.798,0.524,2.768965,gps_course,9,0.592,2.000,11,508086.490,3881299.459,-0.311511,0.167447,0.160854,0.5600,0.547,-0.023,TRACKING|w0 d0 L9
27.483183,129.088720166667,35.074403666667,508088.528,3881297.798,0.524,2.768965,gps_course,9,0.592,2.000,11,508086.490,3881299.459,-0.311511,0.167447,0.163491,0.5600,0.547,-0.023,TRACKING|w0 d0 L9
27.532871,129.088720166667,35.074403666667,508088.528,3881297.798,0.524,2.768965,gps_course,9,0.592,2.000,11,508086.490,3881299.459,-0.311511,0.167447,0.165073,0.5600,0.547,-0.023,TRACKING|w0 d0 L9
27.582916,129.088720166667,35.074403666667,508088.528,3881297.798,0.524,2.768965,gps_course,9,0.592,2.000,11,508086.490,3881299.459,-0.311511,0.167447,0.166023,0.5600,0.547,-0.023,TRACKING|w0 d0 L9
27.632906,129.088718833333,35.074404166667,508088.406,3881297.853,0.549,2.654471,gps_course,9,0.492,2.000,11,508086.490,3881299.459,-0.210604,0.120648,0.147873,0.5600,0.547,0.002,TRACKING|w0 d0 L9
27.682942,129.088718833333,35.074404166667,508088.406,3881297.853,0.549,2.654471,gps_course,9,0.492,2.000,11,508086.490,3881299.459,-0.210604,0.120648,0.136983,0.5600,0.547,0.002,TRACKING|w0 d0 L9
27.733104,129.088718833333,35.074404166667,508088.406,3881297.853,0.549,2.654471,gps_course,9,0.492,2.000,11,508086.490,3881299.459,-0.210604,0.120648,0.130449,0.5600,0.547,0.002,TRACKING|w0 d0 L9
27.782876,129.088718833333,35.074404166667,508088.406,3881297.853,0.549,2.654471,gps_course,9,0.492,2.000,11,508086.490,3881299.459,-0.210604,0.120648,0.126528,0.5600,0.547,0.002,TRACKING|w0 d0 L9
27.833042,129.088718833333,35.074404166667,508088.406,3881297.853,0.549,2.654471,gps_course,9,0.492,2.000,11,508086.490,3881299.459,-0.210604,0.120648,0.124176,0.5600,0.547,0.002,TRACKING|w0 d0 L9
27.882860,129.088717500000,35.074404666667,508088.285,3881297.908,0.548,2.682397,gps_course,9,0.412,2.000,11,508086.490,3881299.459,-0.253592,0.152191,0.135382,0.5600,0.547,0.001,TRACKING|w0 d0 L9
27.933076,129.088717500000,35.074404666667,508088.285,3881297.908,0.548,2.682397,gps_course,9,0.412,2.000,11,508086.490,3881299.459,-0.253592,0.152191,0.142106,0.5600,0.567,-0.018,TRACKING|w0 d0 L9
27.982882,129.088717500000,35.074404666667,508088.285,3881297.908,0.548,2.682397,gps_course,9,0.412,2.000,11,508086.490,3881299.459,-0.253592,0.152191,0.146140,0.5600,0.567,-0.018,TRACKING|w0 d0 L9
28.033190,129.088717500000,35.074404666667,508088.285,3881297.908,0.548,2.682397,gps_course,9,0.412,2.000,11,508086.490,3881299.459,-0.253592,0.152191,0.148561,0.5600,0.567,-0.018,TRACKING|w0 d0 L9
28.083176,129.088717500000,35.074404666667,508088.285,3881297.908,0.548,2.682397,gps_course,9,0.412,2.000,11,508086.490,3881299.459,-0.253592,0.152191,0.150013,0.5600,0.567,-0.018,TRACKING|w0 d0 L9
28.133801,129.088716166667,35.074405166667,508088.163,3881297.964,0.504,2.694788,gps_course,9,0.364,2.000,11,508086.490,3881299.459,-0.282766,0.178380,0.161360,0.5600,0.528,-0.024,TRACKING|w0 d0 L9
28.183200,129.088716166667,35.074405166667,508088.163,3881297.964,0.504,2.694788,gps_course,9,0.364,2.000,11,508086.490,3881299.459,-0.282766,0.178380,0.168168,0.5600,0.528,-0.024,TRACKING|w0 d0 L9
28.232918,129.088716166667,35.074405166667,508088.163,3881297.964,0.504,2.694788,gps_course,9,0.364,2.000,11,508086.490,3881299.459,-0.282766,0.178380,0.172252,0.5600,0.528,-0.024,TRACKING|w0 d0 L9
28.283146,129.088716166667,35.074405166667,508088.163,3881297.964,0.504,2.694788,gps_course,9,0.364,2.000,11,508086.490,3881299.459,-0.282766,0.178380,0.174703,0.5600,0.528,-0.024,TRACKING|w0 d0 L9
28.332982,129.088716166667,35.074405166667,508088.163,3881297.964,0.504,2.694788,gps_course,9,0.364,2.000,11,508086.490,3881299.459,-0.282766,0.178380,0.176174,0.5600,0.528,-0.024,TRACKING|w0 d0 L9
28.383789,129.088715000000,35.074405666667,508088.057,3881298.019,0.532,2.665990,gps_course,9,0.367,2.000,11,508086.490,3881299.459,-0.267910,0.178465,0.177090,0.5600,0.528,0.004,TRACKING|w0 d0 L9
28.432967,129.088715000000,35.074405666667,508088.057,3881298.019,0.532,2.665990,gps_course,9,0.367,2.000,11,508086.490,3881299.459,-0.267910,0.178465,0.177640,0.5600,0.528,0.004,TRACKING|w0 d0 L9
28.482945,129.088715000000,35.074405666667,508088.057,3881298.019,0.532,2.665990,gps_course,9,0.367,2.000,11,508086.490,3881299.459,-0.267910,0.178465,0.177970,0.5600,0.528,0.004,TRACKING|w0 d0 L9
28.533579,129.088715000000,35.074405666667,508088.057,3881298.019,0.532,2.665990,gps_course,9,0.367,2.000,11,508086.490,3881299.459,-0.267910,0.178465,0.178168,0.5600,0.528,0.004,TRACKING|w0 d0 L9
28.582857,129.088715000000,35.074405666667,508088.057,3881298.019,0.532,2.665990,gps_course,9,0.367,2.000,11,508086.490,3881299.459,-0.267910,0.178465,0.178287,0.5600,0.528,0.004,TRACKING|w0 d0 L9
28.633078,129.088713666667,35.074406333333,508087.935,3881298.093,0.520,2.553417,gps_course,9,0.425,2.000,12,508085.988,3881300.328,-0.265936,0.127874,0.158122,0.5600,0.528,-0.008,TRACKING|w0 d0 L9
28.682879,129.088713666667,35.074406333333,508087.935,3881298.093,0.520,2.553417,gps_course,9,0.425,2.000,12,508085.988,3881300.328,-0.265936,0.127874,0.146023,0.5600,0.528,-0.008,TRACKING|w0 d0 L9
28.732919,129.088713666667,35.074406333333,508087.935,3881298.093,0.520,2.553417,gps_course,9,0.425,2.000,12,508085.988,3881300.328,-0.265936,0.127874,0.138763,0.5600,0.567,-0.047,TRACKING|w0 d0 L9
28.782863,129.088713666667,35.074406333333,508087.935,3881298.093,0.520,2.553417,gps_course,9,0.425,2.000,12,508085.988,3881300.328,-0.265936,0.127874,0.134408,0.5600,0.567,-0.047,TRACKING|w0 d0 L9
28.834256,129.088713666667,35.074406333333,508087.935,3881298.093,0.520,2.553417,gps_course,9,0.425,2.000,12,508085.988,3881300.328,-0.265936,0.127874,0.131794,0.5600,0.567,-0.047,TRACKING|w0 d0 L9
28.882998,129.088712500000,35.074407000000,508087.829,3881298.167,0.520,2.564761,gps_course,9,0.514,2.000,12,508085.988,3881300.328,-0.288465,0.144315,0.136803,0.5600,0.567,-0.047,TRACKING|w0 d0 L9
28.933269,129.088712500000,35.074407000000,508087.829,3881298.167,0.520,2.564761,gps_course,9,0.514,2.000,12,508085.988,3881300.328,-0.288465,0.144315,0.139808,0.5600,0.508,0.011,TRACKING|w0 d0 L9
28.982883,129.088712500000,35.074407000000,508087.829,3881298.167,0.520,2.564761,gps_course,9,0.514,2.000,12,508085.988,3881300.328,-0.288465,0.144315,0.141611,0.5600,0.508,0.011,TRACKING|w0 d0 L9
29.032968,129.088712500000,35.074407000000,508087.829,3881298.167,0.520,2.564761,gps_course,9,0.514,2.000,12,508085.988,3881300.328,-0.288465,0.144315,0.142693,0.5600,0.508,0.011,TRACKING|w0 d0 L9
29.083089,129.088712500000,35.074407000000,508087.829,3881298.167,0.520,2.564761,gps_course,9,0.514,2.000,12,508085.988,3881300.328,-0.288465,0.144315,0.143342,0.5600,0.508,0.011,TRACKING|w0 d0 L9
29.132886,129.088711333333,35.074407666667,508087.722,3881298.240,0.514,2.572790,gps_course,9,0.617,2.000,12,508085.988,3881300.328,-0.308710,0.160956,0.150388,0.5600,0.492,0.022,TRACKING|w0 d0 L9
29.183068,129.088711333333,35.074407666667,508087.722,3881298.240,0.514,2.572790,gps_course,9,0.617,2.000,12,508085.988,3881300.328,-0.308710,0.160956,0.154615,0.5600,0.492,0.022,TRACKING|w0 d0 L9
29.233055,129.088711333333,35.074407666667,508087.722,3881298.240,0.514,2.572790,gps_course,9,0.617,2.000,12,508085.988,3881300.328,-0.308710,0.160956,0.157152,0.5600,0.492,0.022,TRACKING|w0 d0 L9
29.283474,129.088711333333,35.074407666667,508087.722,3881298.240,0.514,2.572790,gps_course,9,0.617,2.000,12,508085.988,3881300.328,-0.308710,0.160956,0.158673,0.5600,0.492,0.022,TRACKING|w0 d0 L9
29.332926,129.088711333333,35.074407666667,508087.722,3881298.240,0.514,2.572790,gps_course,9,0.617,2.000,12,508085.988,3881300.328,-0.308710,0.160956,0.159587,0.5600,0.547,-0.033,TRACKING|w0 d0 L9
29.382960,129.088710166667,35.074408500000,508087.616,3881298.333,0.541,2.473655,gps_course,10,0.500,2.000,12,508085.988,3881300.328,-0.218460,0.121464,0.144337,0.5600,0.547,-0.006,TRACKING|w0 d0 L10
29.433016,129.088710166667,35.074408500000,508087.616,3881298.333,0.541,2.473655,gps_course,10,0.500,2.000,12,508085.988,3881300.328,-0.218460,0.121464,0.135188,0.5600,0.547,-0.006,TRACKING|w0 d0 L10
29.482866,129.088710166667,35.074408500000,508087.616,3881298.333,0.541,2.473655,gps_course,10,0.500,2.000,12,508085.988,3881300.328,-0.218460,0.121464,0.129698,0.5600,0.547,-0.006,TRACKING|w0 d0 L10
29.532956,129.088710166667,35.074408500000,508087.616,3881298.333,0.541,2.473655,gps_course,10,0.500,2.000,12,508085.988,3881300.328,-0.218460,0.121464,0.126404,0.5600,0.528,0.013,TRACKING|w0 d0 L10
29.582856,129.088710166667,35.074408500000,508087.616,3881298.333,0.541,2.473655,gps_course,10,0.500,2.000,12,508085.988,3881300.328,-0.218460,0.121464,0.124428,0.5600,0.528,0.013,TRACKING|w0 d0 L10
29.633182,129.088709000000,35.074409166667,508087.509,3881298.407,0.527,2.483604,gps_course,10,0.376,2.000,12,508085.988,3881300.328,-0.243012,0.141447,0.131236,0.5600,0.528,-0.001,TRACKING|w0 d0 L10
29.683072,129.088709000000,35.074409166667,508087.509,3881298.407,0.527,2.483604,gps_course,10,0.376,2.000,12,508085.988,3881300.328,-0.243012,0.141447,0.135320,0.5600,0.528,-0.001,TRACKING|w0 d0 L10
29.732954,129.088709000000,35.074409166667,508087.509,3881298.407,0.527,2.483604,gps_course,10,0.376,2.000,12,508085.988,3881300.328,-0.243012,0.141447,0.137771,0.5600,0.453,0.074,TRACKING|w0 d0 L10
29.783203,129.088709000000,35.074409166667,508087.509,3881298.407,0.527,2.483604,gps_course,10,0.376,2.000,12,508085.988,3881300.328,-0.243012,0.141447,0.139241,0.5600,0.453,0.074,TRACKING|w0 d0 L10
29.832929,129.088709000000,35.074409166667,508087.509,3881298.407,0.527,2.483604,gps_course,10,0.376,2.000,12,508085.988,3881300.328,-0.243012,0.141447,0.140123,0.5600,0.453,0.074,TRACKING|w0 d0 L10
29.883044,129.088708000000,35.074410000000,508087.418,3881298.499,0.517,2.419026,gps_course,10,0.274,2.000,12,508085.988,3881300.328,-0.184558,0.114135,0.129728,0.5600,0.453,0.064,TRACKING|w0 d0 L10
29.932991,129.088708000000,35.074410000000,508087.418,3881298.499,0.517,2.419026,gps_course,10,0.274,2.000,12,508085.988,3881300.328,-0.184558,0.114135,0.123491,0.5600,0.433,0.083,TRACKING|w0 d0 L10
29.984623,129.088708000000,35.074410000000,508087.418,3881298.499,0.517,2.419026,gps_course,10,0.274,2.000,12,508085.988,3881300.328,-0.184558,0.114135,0.119748,0.5600,0.433,0.083,TRACKING|w0 d0 L10
30.032949,129.088708000000,35.074410000000,508087.418,3881298.499,0.517,2.419026,gps_course,10,0.274,2.000,12,508085.988,3881300.328,-0.184558,0.114135,0.117503,0.5600,0.433,0.083,TRACKING|w0 d0 L10
30.083084,129.088708000000,35.074410000000,508087.418,3881298.499,0.517,2.419026,gps_course,10,0.274,2.000,12,508085.988,3881300.328,-0.184558,0.114135,0.116156,0.5600,0.433,0.083,TRACKING|w0 d0 L10
30.133189,129.088706833333,35.074410833333,508087.312,3881298.591,0.569,2.376964,gps_course,10,0.191,2.000,12,508085.988,3881300.328,-0.154855,0.102085,0.110527,0.5600,0.567,0.003,TRACKING|w0 d0 L10
30.182982,129.088706833333,35.074410833333,508087.312,3881298.591,0.569,2.376964,gps_course,10,0.191,2.000,12,508085.988,3881300.328,-0.154855,0.102085,0.107151,0.5600,0.567,0.003,TRACKING|w0 d0 L10
30.233036,129.088706833333,35.074410833333,508087.312,3881298.591,0.569,2.376964,gps_course,10,0.191,2.000,12,508085.988,3881300.328,-0.154855,0.102085,0.105125,0.5600,0.567,0.003,TRACKING|w0 d0 L10
30.282833,129.088706833333,35.074410833333,508087.312,3881298.591,0.569,2.376964,gps_course,10,0.191,2.000,12,508085.988,3881300.328,-0.154855,0.102085,0.103909,0.5600,0.567,0.003,TRACKING|w0 d0 L10
30.334854,129.088706833333,35.074410833333,508087.312,3881298.591,0.569,2.376964,gps_course,10,0.191,2.000,12,508085.988,3881300.328,-0.154855,0.102085,0.103179,0.5600,0.567,0.003,TRACKING|w0 d0 L10
30.382922,129.088705666667,35.074411833333,508087.205,3881298.702,0.570,2.321288,gps_course,10,0.212,2.000,12,508085.988,3881300.328,-0.107795,0.076676,0.092578,0.5600,0.567,0.004,TRACKING|w0 d0 L10
30.434286,129.088705666667,35.074411833333,508087.205,3881298.702,0.570,2.321288,gps_course,10,0.212,2.000,12,508085.988,3881300.328,-0.107795,0.076676,0.086218,0.5600,0.567,0.004,TRACKING|w0 d0 L10
30.482852,129.088705666667,35.074411833333,508087.205,3881298.702,0.570,2.321288,gps_course,10,0.212,2.000,12,508085.988,3881300.328,-0.107795,0.076676,0.082401,0.5600,0.567,0.004,TRACKING|w0 d0 L10
30.532956,129.088705666667,35.074411833333,508087.205,3881298.702,0.570,2.321288,gps_course,10,0.212,2.000,12,508085.988,3881300.328,-0.107795,0.076676,0.080111,0.5600,0.547,0.023,TRACKING|w0 d0 L10
30.583019,129.088705666667,35.074411833333,508087.205,3881298.702,0.570,2.321288,gps_course,10,0.212,2.000,12,508085.988,3881300.328,-0.107795,0.076676,0.078737,0.5600,0.547,0.023,TRACKING|w0 d0 L10
30.632883,129.088704666667,35.074412666667,508087.114,3881298.794,0.551,2.335076,gps_course,10,0.297,2.000,13,508085.486,3881301.196,-0.168520,0.083632,0.080695,0.5600,0.547,0.003,TRACKING|w0 d0 L10
30.684023,129.088704666667,35.074412666667,508087.114,3881298.794,0.551,2.335076,gps_course,10,0.297,2.000,13,508085.486,3881301.196,-0.168520,0.083632,0.081870,0.5600,0.547,0.003,TRACKING|w0 d0 L10
30.732916,129.088704666667,35.074412666667,508087.114,3881298.794,0.551,2.335076,gps_course,10,0.297,2.000,13,508085.486,3881301.196,-0.168520,0.083632,0.082575,0.5600,0.567,-0.016,TRACKING|w0 d0 L10
30.782984,129.088704666667,35.074412666667,508087.114,3881298.794,0.551,2.335076,gps_course,10,0.297,2.000,13,508085.486,3881301.196,-0.168520,0.083632,0.082998,0.5600,0.567,-0.016,TRACKING|w0 d0 L10
30.832992,129.088704666667,35.074412666667,508087.114,3881298.794,0.551,2.335076,gps_course,10,0.297,2.000,13,508085.486,3881301.196,-0.168520,0.083632,0.083251,0.5600,0.567,-0.016,TRACKING|w0 d0 L10
30.882966,129.088703666667,35.074413666667,508087.023,3881298.905,0.485,2.277829,gps_course,10,0.424,2.000,13,508085.486,3881301.196,-0.116117,0.060829,0.074283,0.5600,0.567,-0.081,TRACKING|w0 d0 L10
30.932943,129.088703666667,35.074413666667,508087.023,3881298.905,0.485,2.277829,gps_course,10,0.424,2.000,13,508085.486,3881301.196,-0.116117,0.060829,0.068901,0.5600,0.508,-0.023,TRACKING|w0 d0 L10
30.982957,129.088703666667,35.074413666667,508087.023,3881298.905,0.485,2.277829,gps_course,10,0.424,2.000,13,508085.486,3881301.196,-0.116117,0.060829,0.065673,0.5600,0.508,-0.023,TRACKING|w0 d0 L10
31.032932,129.088703666667,35.074413666667,508087.023,3881298.905,0.485,2.277829,gps_course,10,0.424,2.000,13,508085.486,3881301.196,-0.116117,0.060829,0.063735,0.5600,0.508,-0.023,TRACKING|w0 d0 L10
31.082866,129.088703666667,35.074413666667,508087.023,3881298.905,0.485,2.277829,gps_course,10,0.424,2.000,13,508085.486,3881301.196,-0.116117,0.060829,0.062573,0.5600,0.508,-0.023,TRACKING|w0 d0 L10
31.133652,129.088702833333,35.074414500000,508086.947,3881298.998,0.501,2.321637,gps_course,10,0.537,2.000,13,508085.486,3881301.196,-0.164362,0.089653,0.073405,0.5600,0.528,-0.027,TRACKING|w0 d0 L10
31.182909,129.088702833333,35.074414500000,508086.947,3881298.998,0.501,2.321637,gps_course,10,0.537,2.000,13,508085.486,3881301.196,-0.164362,0.089653,0.079905,0.5600,0.528,-0.027,TRACKING|w0 d0 L10
31.233092,129.088702833333,35.074414500000,508086.947,3881298.998,0.501,2.321637,gps_course,10,0.537,2.000,13,508085.486,3881301.196,-0.164362,0.089653,0.083804,0.5600,0.528,-0.027,TRACKING|w0 d0 L10
31.283042,129.088702833333,35.074414500000,508086.947,3881298.998,0.501,2.321637,gps_course,10,0.537,2.000,13,508085.486,3881301.196,-0.164362,0.089653,0.086144,0.5600,0.528,-0.027,TRACKING|w0 d0 L10
31.332967,129.088702833333,35.074414500000,508086.947,3881298.998,0.501,2.321637,gps_course,10,0.537,2.000,13,508085.486,3881301.196,-0.164362,0.089653,0.087548,0.5600,0.508,-0.007,TRACKING|w0 d0 L10
31.383036,129.088701833333,35.074415500000,508086.855,3881299.108,0.514,2.241352,gps_course,11,0.506,2.000,13,508085.486,3881301.196,-0.089960,0.052133,0.073382,0.5600,0.508,0.006,TRACKING|w0 d0 L11
31.432933,129.088701833333,35.074415500000,508086.855,3881299.108,0.514,2.241352,gps_course,11,0.506,2.000,13,508085.486,3881301.196,-0.089960,0.052133,0.064882,0.5600,0.508,0.006,TRACKING|w0 d0 L11
31.483998,129.088701833333,35.074415500000,508086.855,3881299.108,0.514,2.241352,gps_course,11,0.506,2.000,13,508085.486,3881301.196,-0.089960,0.052133,0.059782,0.5600,0.508,0.006,TRACKING|w0 d0 L11
31.532934,129.088701833333,35.074415500000,508086.855,3881299.108,0.514,2.241352,gps_course,11,0.506,2.000,13,508085.486,3881301.196,-0.089960,0.052133,0.056723,0.5600,0.508,0.006,TRACKING|w0 d0 L11
31.585263,129.088701833333,35.074415500000,508086.855,3881299.108,0.514,2.241352,gps_course,11,0.506,2.000,13,508085.486,3881301.196,-0.089960,0.052133,0.054887,0.5600,0.508,0.006,TRACKING|w0 d0 L11
31.632826,129.088701000000,35.074416500000,508086.779,3881299.219,0.564,2.208540,gps_course,11,0.376,2.000,13,508085.486,3881301.196,-0.058340,0.035777,0.047243,0.5600,0.508,0.055,TRACKING|w0 d0 L11
31.683031,129.088701000000,35.074416500000,508086.779,3881299.219,0.564,2.208540,gps_course,11,0.376,2.000,13,508085.486,3881301.196,-0.058340,0.035777,0.042657,0.5600,0.508,0.055,TRACKING|w0 d0 L11
31.733188,129.088701000000,35.074416500000,508086.779,3881299.219,0.564,2.208540,gps_course,11,0.376,2.000,13,508085.486,3881301.196,-0.058340,0.035777,0.039905,0.5600,0.472,0.091,TRACKING|w0 d0 L11
31.782971,129.088701000000,35.074416500000,508086.779,3881299.219,0.564,2.208540,gps_course,11,0.376,2.000,13,508085.486,3881301.196,-0.058340,0.035777,0.038254,0.5600,0.472,0.091,TRACKING|w0 d0 L11
31.832966,129.088701000000,35.074416500000,508086.779,3881299.219,0.564,2.208540,gps_course,11,0.376,2.000,13,508085.486,3881301.196,-0.058340,0.035777,0.037263,0.5600,0.472,0.091,TRACKING|w0 d0 L11
31.882858,129.088700000000,35.074417500000,508086.688,3881299.330,0.569,2.265612,gps_course,11,0.236,2.000,13,508085.486,3881301.196,-0.122485,0.079653,0.054219,0.5600,0.472,0.097,TRACKING|w0 d0 L11
31.933564,129.088700000000,35.074417500000,508086.688,3881299.330,0.569,2.265612,gps_course,11,0.236,2.000,13,508085.486,3881301.196,-0.122485,0.079653,0.064392,0.5600,0.492,0.077,TRACKING|w0 d0 L11
31.982913,129.088700000000,35.074417500000,508086.688,3881299.330,0.569,2.265612,gps_course,11,0.236,2.000,13,508085.486,3881301.196,-0.122485,0.079653,0.070496,0.5600,0.492,0.077,TRACKING|w0 d0 L11
32.033484,129.088700000000,35.074417500000,508086.688,3881299.330,0.569,2.265612,gps_course,11,0.236,2.000,13,508085.486,3881301.196,-0.122485,0.079653,0.074159,0.5600,0.492,0.077,TRACKING|w0 d0 L11
32.083044,129.088700000000,35.074417500000,508086.688,3881299.330,0.569,2.265612,gps_course,11,0.236,2.000,13,508085.486,3881301.196,-0.122485,0.079653,0.076356,0.5600,0.492,0.077,TRACKING|w0 d0 L11
32.133121,129.088699000000,35.074418500000,508086.597,3881299.441,0.587,2.234894,gps_course,11,0.108,2.000,13,508085.486,3881301.196,-0.099811,0.069455,0.073596,0.5600,0.547,0.040,TRACKING|w0 d0 L11
32.182834,129.088699000000,35.074418500000,508086.597,3881299.441,0.587,2.234894,gps_course,11,0.108,2.000,13,508085.486,3881301.196,-0.099811,0.069455,0.071939,0.5600,0.547,0.040,TRACKING|w0 d0 L11
32.233730,129.088699000000,35.074418500000,508086.597,3881299.441,0.587,2.234894,gps_course,11,0.108,2.000,13,508085.486,3881301.196,-0.099811,0.069455,0.070946,0.5600,0.547,0.040,TRACKING|w0 d0 L11
32.283321,129.088699000000,35.074418500000,508086.597,3881299.441,0.587,2.234894,gps_course,11,0.108,2.000,13,508085.486,3881301.196,-0.099811,0.069455,0.070349,0.5600,0.547,0.040,TRACKING|w0 d0 L11
32.332942,129.088699000000,35.074418500000,508086.597,3881299.441,0.587,2.234894,gps_course,11,0.108,2.000,13,508085.486,3881301.196,-0.099811,0.069455,0.069992,0.5600,0.528,0.059,TRACKING|w0 d0 L11
32.382866,129.088698166667,35.074419500000,508086.521,3881299.552,0.564,2.190737,gps_course,11,0.097,2.000,14,508084.923,3881302.101,-0.060090,0.028936,0.053569,0.5600,0.528,0.037,TRACKING|w0 d0 L11
32.433025,129.088698166667,35.074419500000,508086.521,3881299.552,0.564,2.190737,gps_course,11,0.097,2.000,14,508084.923,3881302.101,-0.060090,0.028936,0.043716,0.5600,0.528,0.037,TRACKING|w0 d0 L11
32.483301,129.088698166667,35.074419500000,508086.521,3881299.552,0.564,2.190737,gps_course,11,0.097,2.000,14,508084.923,3881302.101,-0.060090,0.028936,0.037804,0.5600,0.528,0.037,TRACKING|w0 d0 L11
32.533419,129.088698166667,35.074419500000,508086.521,3881299.552,0.564,2.190737,gps_course,11,0.097,2.000,14,508084.923,3881302.101,-0.060090,0.028936,0.034257,0.5600,0.547,0.017,TRACKING|w0 d0 L11
32.582980,129.088698166667,35.074419500000,508086.521,3881299.552,0.564,2.190737,gps_course,11,0.097,2.000,14,508084.923,3881302.101,-0.060090,0.028936,0.032129,0.5600,0.547,0.017,TRACKING|w0 d0 L11
32.633123,129.088697166667,35.074420500000,508086.429,3881299.663,0.540,2.215695,gps_course,11,0.212,2.000,14,508084.923,3881302.101,-0.091498,0.046191,0.037754,0.5600,0.547,-0.007,TRACKING|w0 d0 L11
32.682931,129.088697166667,35.074420500000,508086.429,3881299.663,0.540,2.215695,gps_course,11,0.212,2.000,14,508084.923,3881302.101,-0.091498,0.046191,0.041128,0.5600,0.547,-0.007,TRACKING|w0 d0 L11
32.733700,129.088697166667,35.074420500000,508086.429,3881299.663,0.540,2.215695,gps_course,11,0.212,2.000,14,508084.923,3881302.101,-0.091498,0.046191,0.043153,0.5600,0.528,0.012,TRACKING|w0 d0 L11
32.782852,129.088697166667,35.074420500000,508086.429,3881299.663,0.540,2.215695,gps_course,11,0.212,2.000,14,508084.923,3881302.101,-0.091498,0.046191,0.044368,0.5600,0.528,0.012,TRACKING|w0 d0 L11
32.833954,129.088697166667,35.074420500000,508086.429,3881299.663,0.540,2.215695,gps_course,11,0.212,2.000,14,508084.923,3881302.101,-0.091498,0.046191,0.045097,0.5600,0.528,0.012,TRACKING|w0 d0 L11
32.882905,129.088696333333,35.074421666667,508086.353,3881299.792,0.545,2.130349,gps_course,11,0.360,2.000,14,508084.923,3881302.101,-0.004961,0.000000,0.027058,0.5600,0.528,0.017,TRACKING|w0 d0 L11
32.933106,129.088696333333,35.074421666667,508086.353,3881299.792,0.545,2.130349,gps_course,11,0.360,2.000,14,508084.923,3881302.101,-0.004961,0.000000,0.016235,0.5600,0.567,-0.022,TRACKING|w0 d0 L11
32.983009,129.088696333333,35.074421666667,508086.353,3881299.792,0.545,2.130349,gps_course,11,0.360,2.000,14,508084.923,3881302.101,-0.004961,0.000000,0.009741,0.5600,0.567,-0.022,TRACKING|w0 d0 L11
33.032890,129.088696333333,35.074421666667,508086.353,3881299.792,0.545,2.130349,gps_course,11,0.360,2.000,14,508084.923,3881302.101,-0.004961,0.000000,0.005845,0.5600,0.567,-0.022,TRACKING|w0 d0 L11
33.083774,129.088696333333,35.074421666667,508086.353,3881299.792,0.545,2.130349,gps_course,11,0.360,2.000,14,508084.923,3881302.101,-0.004961,0.000000,0.003507,0.5600,0.567,-0.022,TRACKING|w0 d0 L11
33.133036,129.088695500000,35.074422666667,508086.277,3881299.903,0.578,2.173109,gps_course,11,0.492,2.000,14,508084.923,3881302.101,-0.050165,0.028153,0.013365,0.5600,0.547,0.030,TRACKING|w0 d0 L11
33.183696,129.088695500000,35.074422666667,508086.277,3881299.903,0.578,2.173109,gps_course,11,0.492,2.000,14,508084.923,3881302.101,-0.050165,0.028153,0.019280,0.5600,0.547,0.030,TRACKING|w0 d0 L11
33.232986,129.088695500000,35.074422666667,508086.277,3881299.903,0.578,2.173109,gps_course,11,0.492,2.000,14,508084.923,3881302.101,-0.050165,0.028153,0.022829,0.5600,0.547,0.030,TRACKING|w0 d0 L11
33.283102,129.088695500000,35.074422666667,508086.277,3881299.903,0.578,2.173109,gps_course,11,0.492,2.000,14,508084.923,3881302.101,-0.050165,0.028153,0.024959,0.5600,0.547,0.030,TRACKING|w0 d0 L11
33.332987,129.088695500000,35.074422666667,508086.277,3881299.903,0.578,2.173109,gps_course,11,0.492,2.000,14,508084.923,3881302.101,-0.050165,0.028153,0.026237,0.5600,0.567,0.011,TRACKING|w0 d0 L11
33.382913,129.088694500000,35.074423833333,508086.186,3881300.032,0.564,2.123891,gps_course,12,0.356,2.000,14,508084.923,3881302.101,-0.005030,0.000000,0.015742,0.5600,0.567,-0.003,TRACKING|w0 d0 L12
33.433000,129.088694500000,35.074423833333,508086.186,3881300.032,0.564,2.123891,gps_course,12,0.356,2.000,14,508084.923,3881302.101,-0.005030,0.000000,0.009445,0.5600,0.567,-0.003,TRACKING|w0 d0 L12
33.482856,129.088694500000,35.074423833333,508086.186,3881300.032,0.564,2.123891,gps_course,12,0.356,2.000,14,508084.923,3881302.101,-0.005030,0.000000,0.005667,0.5600,0.567,-0.003,TRACKING|w0 d0 L12
33.533550,129.088694500000,35.074423833333,508086.186,3881300.032,0.564,2.123891,gps_course,12,0.356,2.000,14,508084.923,3881302.101,-0.005030,0.000000,0.003400,0.5600,0.567,-0.003,TRACKING|w0 d0 L12
33.582895,129.088694500000,35.074423833333,508086.186,3881300.032,0.564,2.123891,gps_course,12,0.356,2.000,14,508084.923,3881302.101,-0.005030,0.000000,0.002040,0.5600,0.567,-0.003,TRACKING|w0 d0 L12
33.633369,129.088693833333,35.074424833333,508086.125,3881300.143,0.580,2.150071,gps_course,12,0.230,2.000,14,508084.923,3881302.101,-0.028689,0.018101,0.008464,0.5600,0.567,0.013,TRACKING|w0 d0 L12
33.682978,129.088693833333,35.074424833333,508086.125,3881300.143,0.580,2.150071,gps_course,12,0.230,2.000,14,508084.923,3881302.101,-0.028689,0.018101,0.012319,0.5600,0.567,0.013,TRACKING|w0 d0 L12
33.734006,129.088693833333,35.074424833333,508086.125,3881300.143,0.580,2.150071,gps_course,12,0.230,2.000,14,508084.923,3881302.101,-0.028689,0.018101,0.014632,0.5600,0.567,0.013,TRACKING|w0 d0 L12
33.783032,129.088693833333,35.074424833333,508086.125,3881300.143,0.580,2.150071,gps_course,12,0.230,2.000,14,508084.923,3881302.101,-0.028689,0.018101,0.016019,0.5600,0.567,0.013,TRACKING|w0 d0 L12
33.832902,129.088693833333,35.074424833333,508086.125,3881300.143,0.580,2.150071,gps_course,12,0.230,2.000,14,508084.923,3881302.101,-0.028689,0.018101,0.016852,0.5600,0.567,0.013,TRACKING|w0 d0 L12
33.884842,129.088693000000,35.074426000000,508086.049,3881300.272,0.562,2.114990,gps_course,12,0.082,2.000,14,508084.923,3881302.101,0.007700,0.000000,0.010111,0.5600,0.567,-0.004,TRACKING|w0 d0 L12
33.933062,129.088693000000,35.074426000000,508086.049,3881300.272,0.562,2.114990,gps_course,12,0.082,2.000,14,508084.923,3881302.101,0.007700,0.000000,0.006067,0.5600,0.586,-0.024,TRACKING|w0 d0 L12
33.983153,129.088693000000,35.074426000000,508086.049,3881300.272,0.562,2.114990,gps_course,12,0.082,2.000,14,508084.923,3881302.101,0.007700,0.000000,0.003640,0.5600,0.586,-0.024,TRACKING|w0 d0 L12
34.033036,129.088693000000,35.074426000000,508086.049,3881300.272,0.562,2.114990,gps_course,12,0.082,2.000,14,508084.923,3881302.101,0.007700,0.000000,0.002184,0.5600,0.586,-0.024,TRACKING|w0 d0 L12
34.084544,129.088693000000,35.074426000000,508086.049,3881300.272,0.562,2.114990,gps_course,12,0.082,2.000,14,508084.923,3881302.101,0.007700,0.000000,0.001310,0.5600,0.586,-0.024,TRACKING|w0 d0 L12
34.133179,129.088692166667,35.074427000000,508085.973,3881300.383,0.541,2.121273,gps_course,12,0.057,2.000,14,508084.923,3881302.101,-0.001896,0.000000,0.000786,0.5600,0.547,-0.007,TRACKING|w0 d0 L12
34.182887,129.088692166667,35.074427000000,508085.973,3881300.383,0.541,2.121273,gps_course,12,0.057,2.000,14,508084.923,3881302.101,-0.001896,0.000000,0.000472,0.5600,0.547,-0.007,TRACKING|w0 d0 L12
34.232933,129.088692166667,35.074427000000,508085.973,3881300.383,0.541,2.121273,gps_course,12,0.057,2.000,14,508084.923,3881302.101,-0.001896,0.000000,0.000283,0.5600,0.547,-0.007,TRACKING|w0 d0 L12
34.282872,129.088692166667,35.074427000000,508085.973,3881300.383,0.541,2.121273,gps_course,12,0.057,2.000,14,508084.923,3881302.101,-0.001896,0.000000,0.000170,0.5600,0.547,-0.007,TRACKING|w0 d0 L12
34.334119,129.088692166667,35.074427000000,508085.973,3881300.383,0.541,2.121273,gps_course,12,0.057,2.000,14,508084.923,3881302.101,-0.001896,0.000000,0.000102,0.5600,0.547,-0.007,TRACKING|w0 d0 L12
34.382880,129.088691333333,35.074428166667,508085.897,3881300.512,0.541,2.185152,gps_course,12,0.206,2.000,15,508084.390,3881303.043,-0.077418,0.038057,0.015284,0.5600,0.547,-0.006,TRACKING|w0 d0 L12
34.435028,129.088691333333,35.074428166667,508085.897,3881300.512,0.541,2.185152,gps_course,12,0.206,2.000,15,508084.390,3881303.043,-0.077418,0.038057,0.024393,0.5600,0.547,-0.006,TRACKING|w0 d0 L12
34.482988,129.088691333333,35.074428166667,508085.897,3881300.512,0.541,2.185152,gps_course,12,0.206,2.000,15,508084.390,3881303.043,-0.077418,0.038057,0.029859,0.5600,0.547,-0.006,TRACKING|w0 d0 L12
34.534448,129.088691333333,35.074428166667,508085.897,3881300.512,0.541,2.185152,gps_course,12,0.206,2.000,15,508084.390,3881303.043,-0.077418,0.038057,0.033138,0.5600,0.508,0.033,TRACKING|w0 d0 L12
34.583002,129.088691333333,35.074428166667,508085.897,3881300.512,0.541,2.185152,gps_course,12,0.206,2.000,15,508084.390,3881303.043,-0.077418,0.038057,0.035106,0.5600,0.508,0.033,TRACKING|w0 d0 L12
34.632861,129.088690333333,35.074429166667,508085.806,3881300.623,0.596,2.137679,gps_course,12,0.347,2.000,15,508084.390,3881303.043,-0.037700,0.019492,0.028860,0.5600,0.508,0.088,TRACKING|w0 d0 L12
34.684113,129.088690333333,35.074429166667,508085.806,3881300.623,0.596,2.137679,gps_course,12,0.347,2.000,15,508084.390,3881303.043,-0.037700,0.019492,0.025113,0.5600,0.508,0.088,TRACKING|w0 d0 L12
34.732898,129.088690333333,35.074429166667,508085.806,3881300.623,0.596,2.137679,gps_course,12,0.347,2.000,15,508084.390,3881303.043,-0.037700,0.019492,0.022864,0.5600,0.586,0.010,TRACKING|w0 d0 L12
34.783177,129.088690333333,35.074429166667,508085.806,3881300.623,0.596,2.137679,gps_course,12,0.347,2.000,15,508084.390,3881303.043,-0.037700,0.019492,0.021515,0.5600,0.586,0.010,TRACKING|w0 d0 L12
34.832908,129.088690333333,35.074429166667,508085.806,3881300.623,0.596,2.137679,gps_course,12,0.347,2.000,15,508084.390,3881303.043,-0.037700,0.019492,0.020706,0.5600,0.586,0.010,TRACKING|w0 d0 L12
34.882942,129.088689500000,35.074430333333,508085.729,3881300.752,0.584,2.135236,gps_course,12,0.497,2.000,15,508084.390,3881303.043,-0.035408,0.019342,0.020160,0.5600,0.586,-0.002,TRACKING|w0 d0 L12
34.932869,129.088689500000,35.074430333333,508085.729,3881300.752,0.584,2.135236,gps_course,12,0.497,2.000,15,508084.390,3881303.043,-0.035408,0.019342,0.019833,0.5600,0.586,-0.002,TRACKING|w0 d0 L12
34.982888,129.088689500000,35.074430333333,508085.729,3881300.752,0.584,2.135236,gps_course,12,0.497,2.000,15,508084.390,3881303.043,-0.035408,0.019342,0.019637,0.5600,0.586,-0.002,TRACKING|w0 d0 L12
35.033008,129.088689500000,35.074430333333,508085.729,3881300.752,0.584,2.135236,gps_course,12,0.497,2.000,15,508084.390,3881303.043,-0.035408,0.019342,0.019519,0.5600,0.586,-0.002,TRACKING|w0 d0 L12
35.082863,129.088689500000,35.074430333333,508085.729,3881300.752,0.584,2.135236,gps_course,12,0.497,2.000,15,508084.390,3881303.043,-0.035408,0.019342,0.019448,0.5600,0.586,-0.002,TRACKING|w0 d0 L12
35.135005,129.088688666667,35.074431500000,508085.653,3881300.882,0.589,2.123019,gps_course,13,0.356,2.000,15,508084.390,3881303.043,-0.023360,0.013528,0.017080,0.5600,0.586,0.003,TRACKING|w0 d0 L13
35.182953,129.088688666667,35.074431500000,508085.653,3881300.882,0.589,2.123019,gps_course,13,0.356,2.000,15,508084.390,3881303.043,-0.023360,0.013528,0.015659,0.5600,0.586,0.003,TRACKING|w0 d0 L13
35.232927,129.088688666667,35.074431500000,508085.653,3881300.882,0.589,2.123019,gps_course,13,0.356,2.000,15,508084.390,3881303.043,-0.023360,0.013528,0.014807,0.5600,0.586,0.003,TRACKING|w0 d0 L13
35.283743,129.088688666667,35.074431500000,508085.653,3881300.882,0.589,2.123019,gps_course,13,0.356,2.000,15,508084.390,3881303.043,-0.023360,0.013528,0.014295,0.5600,0.586,0.003,TRACKING|w0 d0 L13
35.333196,129.088688666667,35.074431500000,508085.653,3881300.882,0.589,2.123019,gps_course,13,0.356,2.000,15,508084.390,3881303.043,-0.023360,0.013528,0.013988,0.5600,0.567,0.023,TRACKING|w0 d0 L13
35.383019,129.088688000000,35.074432500000,508085.593,3881300.993,0.574,2.083225,gps_course,13,0.229,2.000,15,508084.390,3881303.043,0.017850,-0.010888,0.004038,0.5600,0.567,0.007,TRACKING|w0 d0 L13
35.432917,129.088688000000,35.074432500000,508085.593,3881300.993,0.574,2.083225,gps_course,13,0.229,2.000,15,508084.390,3881303.043,0.017850,-0.010888,-0.001932,0.5600,0.567,0.007,TRACKING|w0 d0 L13
35.483046,129.088688000000,35.074432500000,508085.593,3881300.993,0.574,2.083225,gps_course,13,0.229,2.000,15,508084.390,3881303.043,0.017850,-0.010888,-0.005514,0.5600,0.567,0.007,TRACKING|w0 d0 L13
35.533214,129.088688000000,35.074432500000,508085.593,3881300.993,0.574,2.083225,gps_course,13,0.229,2.000,15,508084.390,3881303.043,0.017850,-0.010888,-0.007664,0.5600,0.528,0.046,TRACKING|w0 d0 L13
35.583719,129.088688000000,35.074432500000,508085.593,3881300.993,0.574,2.083225,gps_course,13,0.229,2.000,15,508084.390,3881303.043,0.017850,-0.010888,-0.008953,0.5600,0.528,0.046,TRACKING|w0 d0 L13
35.632884,129.088687000000,35.074433666667,508085.501,3881301.122,0.537,2.172411,gps_course,13,0.076,2.000,15,508084.390,3881303.043,-0.077353,0.050445,0.014806,0.5600,0.528,0.009,TRACKING|w0 d0 L13
35.683008,129.088687000000,35.074433666667,508085.501,3881301.122,0.537,2.172411,gps_course,13,0.076,2.000,15,508084.390,3881303.043,-0.077353,0.050445,0.029062,0.5600,0.528,0.009,TRACKING|w0 d0 L13
35.733055,129.088687000000,35.074433666667,508085.501,3881301.122,0.537,2.172411,gps_course,13,0.076,2.000,15,508084.390,3881303.043,-0.077353,0.050445,0.037615,0.5600,0.547,-0.010,TRACKING|w0 d0 L13
35.782869,129.088687000000,35.074433666667,508085.501,3881301.122,0.537,2.172411,gps_course,13,0.076,2.000,15,508084.390,3881303.043,-0.077353,0.050445,0.042747,0.5600,0.547,-0.010,TRACKING|w0 d0 L13
35.833071,129.088687000000,35.074433666667,508085.501,3881301.122,0.537,2.172411,gps_course,13,0.076,2.000,15,508084.390,3881303.043,-0.077353,0.050445,0.045826,0.5600,0.547,-0.010,TRACKING|w0 d0 L13
35.882879,129.088686166667,35.074434833333,508085.425,3881301.251,0.591,2.116212,gps_course,13,0.082,2.000,15,508084.390,3881303.043,-0.021703,0.015206,0.033578,0.5600,0.547,0.043,TRACKING|w0 d0 L13
35.933478,129.088686166667,35.074434833333,508085.425,3881301.251,0.591,2.116212,gps_course,13,0.082,2.000,15,508084.390,3881303.043,-0.021703,0.015206,0.026229,0.5600,0.567,0.024,TRACKING|w0 d0 L13
35.983126,129.088686166667,35.074434833333,508085.425,3881301.251,0.591,2.116212,gps_course,13,0.082,2.000,15,508084.390,3881303.043,-0.021703,0.015206,0.021820,0.5600,0.567,0.024,TRACKING|w0 d0 L13
36.032936,129.088686166667,35.074434833333,508085.425,3881301.251,0.591,2.116212,gps_course,13,0.082,2.000,15,508084.390,3881303.043,-0.021703,0.015206,0.019174,0.5600,0.567,0.024,TRACKING|w0 d0 L13
36.082958,129.088686166667,35.074434833333,508085.425,3881301.251,0.591,2.116212,gps_course,13,0.082,2.000,15,508084.390,3881303.043,-0.021703,0.015206,0.017587,0.5600,0.567,0.024,TRACKING|w0 d0 L13
36.134156,129.088685333333,35.074435833333,508085.349,3881301.362,0.575,2.153387,gps_course,13,0.215,2.000,16,508083.781,3881304.133,-0.067770,0.030832,0.022885,0.5600,0.528,0.047,TRACKING|w0 d0 L13
36.183626,129.088685333333,35.074435833333,508085.349,3881301.362,0.575,2.153387,gps_course,13,0.215,2.000,16,508083.781,3881304.133,-0.067770,0.030832,0.026064,0.5600,0.528,0.047,TRACKING|w0 d0 L13
36.232859,129.088685333333,35.074435833333,508085.349,3881301.362,0.575,2.153387,gps_course,13,0.215,2.000,16,508083.781,3881304.133,-0.067770,0.030832,0.027971,0.5600,0.528,0.047,TRACKING|w0 d0 L13
36.284707,129.088685333333,35.074435833333,508085.349,3881301.362,0.575,2.153387,gps_course,13,0.215,2.000,16,508083.781,3881304.133,-0.067770,0.030832,0.029116,0.5600,0.528,0.047,TRACKING|w0 d0 L13
36.332877,129.088685333333,35.074435833333,508085.349,3881301.362,0.575,2.153387,gps_course,13,0.215,2.000,16,508083.781,3881304.133,-0.067770,0.030832,0.029802,0.5600,0.528,0.047,TRACKING|w0 d0 L13
36.383064,129.088684500000,35.074436833333,508085.273,3881301.473,0.567,2.165430,gps_course,13,0.349,2.000,16,508083.781,3881304.133,-0.083630,0.039694,0.033759,0.5600,0.528,0.039,TRACKING|w0 d0 L13
36.432879,129.088684500000,35.074436833333,508085.273,3881301.473,0.567,2.165430,gps_course,13,0.349,2.000,16,508083.781,3881304.133,-0.083630,0.039694,0.036133,0.5600,0.528,0.039,TRACKING|w0 d0 L13
36.483229,129.088684500000,35.074436833333,508085.273,3881301.473,0.567,2.165430,gps_course,13,0.349,2.000,16,508083.781,3881304.133,-0.083630,0.039694,0.037557,0.5600,0.528,0.039,TRACKING|w0 d0 L13
36.533232,129.088684500000,35.074436833333,508085.273,3881301.473,0.567,2.165430,gps_course,13,0.349,2.000,16,508083.781,3881304.133,-0.083630,0.039694,0.038412,0.5600,0.567,0.000,TRACKING|w0 d0 L13
36.583067,129.088684500000,35.074436833333,508085.273,3881301.473,0.567,2.165430,gps_course,13,0.349,2.000,16,508083.781,3881304.133,-0.083630,0.039694,0.038925,0.5600,0.567,0.000,TRACKING|w0 d0 L13
36.632954,129.088683666667,35.074438000000,508085.197,3881301.602,0.554,2.090904,gps_course,13,0.499,2.000,16,508083.781,3881304.133,-0.010183,0.000000,0.023355,0.5600,0.567,-0.012,TRACKING|w0 d0 L13
36.682921,129.088683666667,35.074438000000,508085.197,3881301.602,0.554,2.090904,gps_course,13,0.499,2.000,16,508083.781,3881304.133,-0.010183,0.000000,0.014013,0.5600,0.567,-0.012,TRACKING|w0 d0 L13
36.734093,129.088683666667,35.074438000000,508085.197,3881301.602,0.554,2.090904,gps_course,13,0.499,2.000,16,508083.781,3881304.133,-0.010183,0.000000,0.008408,0.5600,0.567,-0.012,TRACKING|w0 d0 L13
36.782875,129.088683666667,35.074438000000,508085.197,3881301.602,0.554,2.090904,gps_course,13,0.499,2.000,16,508083.781,3881304.133,-0.010183,0.000000,0.005045,0.5600,0.567,-0.012,TRACKING|w0 d0 L13
36.834403,129.088683666667,35.074438000000,508085.197,3881301.602,0.554,2.090904,gps_course,13,0.499,2.000,16,508083.781,3881304.133,-0.010183,0.000000,0.003027,0.5600,0.567,-0.012,TRACKING|w0 d0 L13
36.882928,129.088682833333,35.074439166667,508085.121,3881301.731,0.569,2.136283,gps_course,14,0.419,2.000,16,508083.781,3881304.133,-0.056758,0.029904,0.013778,0.5600,0.567,0.003,TRACKING|w0 d0 L14
36.933061,129.088682833333,35.074439166667,508085.121,3881301.731,0.569,2.136283,gps_course,14,0.419,2.000,16,508083.781,3881304.133,-0.056758,0.029904,0.020229,0.5600,0.567,0.003,TRACKING|w0 d0 L14
36.983026,129.088682833333,35.074439166667,508085.121,3881301.731,0.569,2.136283,gps_course,14,0.419,2.000,16,508083.781,3881304.133,-0.056758,0.029904,0.024099,0.5600,0.567,0.003,TRACKING|w0 d0 L14
37.032879,129.088682833333,35.074439166667,508085.121,3881301.731,0.569,2.136283,gps_course,14,0.419,2.000,16,508083.781,3881304.133,-0.056758,0.029904,0.026421,0.5600,0.567,0.003,TRACKING|w0 d0 L14
37.083119,129.088682833333,35.074439166667,508085.121,3881301.731,0.569,2.136283,gps_course,14,0.419,2.000,16,508083.781,3881304.133,-0.056758,0.029904,0.027814,0.5600,0.567,0.003,TRACKING|w0 d0 L14
37.133004,129.088682000000,35.074440166667,508085.045,3881301.842,0.543,2.151467,gps_course,14,0.286,2.000,16,508083.781,3881304.133,-0.076705,0.042449,0.033668,0.5600,0.547,-0.004,TRACKING|w0 d0 L14
37.182933,129.088682000000,35.074440166667,508085.045,3881301.842,0.543,2.151467,gps_course,14,0.286,2.000,16,508083.781,3881304.133,-0.076705,0.042449,0.037181,0.5600,0.547,-0.004,TRACKING|w0 d0 L14
37.232886,129.088682000000,35.074440166667,508085.045,3881301.842,0.543,2.151467,gps_course,14,0.286,2.000,16,508083.781,3881304.133,-0.076705,0.042449,0.039288,0.5600,0.547,-0.004,TRACKING|w0 d0 L14
37.282994,129.088682000000,35.074440166667,508085.045,3881301.842,0.543,2.151467,gps_course,14,0.286,2.000,16,508083.781,3881304.133,-0.076705,0.042449,0.040553,0.5600,0.547,-0.004,TRACKING|w0 d0 L14
37.333034,129.088682000000,35.074440166667,508085.045,3881301.842,0.543,2.151467,gps_course,14,0.286,2.000,16,508083.781,3881304.133,-0.076705,0.042449,0.041311,0.5600,0.547,-0.004,TRACKING|w0 d0 L14
37.383027,129.088681166667,35.074441166667,508084.969,3881301.953,0.546,2.125113,gps_course,14,0.155,2.000,16,508083.781,3881304.133,-0.055626,0.032466,0.037773,0.5600,0.547,-0.001,TRACKING|w0 d0 L14
37.433078,129.088681166667,35.074441166667,508084.969,3881301.953,0.546,2.125113,gps_course,14,0.155,2.000,16,508083.781,3881304.133,-0.055626,0.032466,0.035650,0.5600,0.547,-0.001,TRACKING|w0 d0 L14
37.482853,129.088681166667,35.074441166667,508084.969,3881301.953,0.546,2.125113,gps_course,14,0.155,2.000,16,508083.781,3881304.133,-0.055626,0.032466,0.034377,0.5600,0.547,-0.001,TRACKING|w0 d0 L14
37.533163,129.088681166667,35.074441166667,508084.969,3881301.953,0.546,2.125113,gps_course,14,0.155,2.000,16,508083.781,3881304.133,-0.055626,0.032466,0.033612,0.5600,0.567,-0.021,TRACKING|w0 d0 L14
37.582946,129.088681166667,35.074441166667,508084.969,3881301.953,0.546,2.125113,gps_course,14,0.155,2.000,16,508083.781,3881304.133,-0.055626,0.032466,0.033154,0.5600,0.567,-0.021,TRACKING|w0 d0 L14
37.632862,129.088680500000,35.074442333333,508084.908,3881302.082,0.558,2.084970,gps_course,14,0.024,2.000,16,508083.781,3881304.133,-0.011903,0.000000,0.019892,0.5600,0.567,-0.008,TRACKING|w0 d0 L14
37.682862,129.088680500000,35.074442333333,508084.908,3881302.082,0.558,2.084970,gps_course,14,0.024,2.000,16,508083.781,3881304.133,-0.011903,0.000000,0.011935,0.5600,0.567,-0.008,TRACKING|w0 d0 L14
37.733307,129.088680500000,35.074442333333,508084.908,3881302.082,0.558,2.084970,gps_course,14,0.024,2.000,16,508083.781,3881304.133,-0.011903,0.000000,0.007161,0.5600,0.547,0.011,TRACKING|w0 d0 L14
37.783041,129.088680500000,35.074442333333,508084.908,3881302.082,0.558,2.084970,gps_course,14,0.024,2.000,16,508083.781,3881304.133,-0.011903,0.000000,0.004297,0.5600,0.547,0.011,TRACKING|w0 d0 L14
37.832935,129.088680500000,35.074442333333,508084.908,3881302.082,0.558,2.084970,gps_course,14,0.024,2.000,16,508083.781,3881304.133,-0.011903,0.000000,0.002578,0.5600,0.547,0.011,TRACKING|w0 d0 L14
37.885433,129.088679500000,35.074443500000,508084.817,3881302.212,0.589,2.123368,gps_course,14,0.154,2.000,16,508083.781,3881304.133,-0.058440,0.038788,0.017062,0.5600,0.547,0.041,TRACKING|w0 d0 L14
37.932904,129.088679500000,35.074443500000,508084.817,3881302.212,0.589,2.123368,gps_course,14,0.154,2.000,16,508083.781,3881304.133,-0.058440,0.038788,0.025752,0.5600,0.547,0.041,TRACKING|w0 d0 L14
37.983109,129.088679500000,35.074443500000,508084.817,3881302.212,0.589,2.123368,gps_course,14,0.154,2.000,16,508083.781,3881304.133,-0.058440,0.038788,0.030966,0.5600,0.547,0.041,TRACKING|w0 d0 L14
38.032983,129.088679500000,35.074443500000,508084.817,3881302.212,0.589,2.123368,gps_course,14,0.154,2.000,16,508083.781,3881304.133,-0.058440,0.038788,0.034095,0.5600,0.547,0.041,TRACKING|w0 d0 L14
38.082981,129.088679500000,35.074443500000,508084.817,3881302.212,0.589,2.123368,gps_course,14,0.154,2.000,16,508083.781,3881304.133,-0.058440,0.038788,0.035972,0.5600,0.547,0.041,TRACKING|w0 d0 L14
38.132882,129.088678833333,35.074444500000,508084.756,3881302.323,0.578,2.131396,gps_course,14,0.278,2.000,16,508083.781,3881304.133,-0.066968,0.047162,0.040448,0.5600,0.567,0.011,TRACKING|w0 d0 L14
38.182906,129.088678833333,35.074444500000,508084.756,3881302.323,0.578,2.131396,gps_course,14,0.278,2.000,16,508083.781,3881304.133,-0.066968,0.047162,0.043133,0.5600,0.567,0.011,TRACKING|w0 d0 L14
38.232974,129.088678833333,35.074444500000,508084.756,3881302.323,0.578,2.131396,gps_course,14,0.278,2.000,16,508083.781,3881304.133,-0.066968,0.047162,0.044745,0.5600,0.567,0.011,TRACKING|w0 d0 L14
38.282955,129.088678833333,35.074444500000,508084.756,3881302.323,0.578,2.131396,gps_course,14,0.278,2.000,16,508083.781,3881304.133,-0.066968,0.047162,0.045712,0.5600,0.567,0.011,TRACKING|w0 d0 L14
38.333010,129.088678833333,35.074444500000,508084.756,3881302.323,0.578,2.131396,gps_course,14,0.278,2.000,16,508083.781,3881304.133,-0.066968,0.047162,0.046292,0.5600,0.567,0.011,TRACKING|w0 d0 L14
38.382904,129.088678000000,35.074445666667,508084.680,3881302.452,0.553,2.063677,gps_course,14,0.427,2.000,17,508083.249,3881305.038,0.012382,0.000000,0.027775,0.5600,0.567,-0.013,TRACKING|w0 d0 L14
38.434213,129.088678000000,35.074445666667,508084.680,3881302.452,0.553,2.063677,gps_course,14,0.427,2.000,17,508083.249,3881305.038,0.012382,0.000000,0.016665,0.5600,0.567,-0.013,TRACKING|w0 d0 L14
38.482987,129.088678000000,35.074445666667,508084.680,3881302.452,0.553,2.063677,gps_course,14,0.427,2.000,17,508083.249,3881305.038,0.012382,0.000000,0.009999,0.5600,0.567,-0.013,TRACKING|w0 d0 L14
38.534651,129.088678000000,35.074445666667,508084.680,3881302.452,0.553,2.063677,gps_course,14,0.427,2.000,17,508083.249,3881305.038,0.012382,0.000000,0.005999,0.5600,0.547,0.006,TRACKING|w0 d0 L14
38.583055,129.088678000000,35.074445666667,508084.680,3881302.452,0.553,2.063677,gps_course,14,0.427,2.000,17,508083.249,3881305.038,0.012382,0.000000,0.003600,0.5600,0.547,0.006,TRACKING|w0 d0 L14
38.632885,129.088677166667,35.074446833333,508084.603,3881302.581,0.571,2.124589,gps_course,15,0.509,2.000,17,508083.249,3881305.038,-0.049952,0.025800,0.012480,0.5600,0.547,0.024,TRACKING|w0 d0 L15
38.684889,129.088677166667,35.074446833333,508084.603,3881302.581,0.571,2.124589,gps_course,15,0.509,2.000,17,508083.249,3881305.038,-0.049952,0.025800,0.017808,0.5600,0.547,0.024,TRACKING|w0 d0 L15
38.732892,129.088677166667,35.074446833333,508084.603,3881302.581,0.571,2.124589,gps_course,15,0.509,2.000,17,508083.249,3881305.038,-0.049952,0.025800,0.021004,0.5600,0.547,0.024,TRACKING|w0 d0 L15
38.783191,129.088677166667,35.074446833333,508084.603,3881302.581,0.571,2.124589,gps_course,15,0.509,2.000,17,508083.249,3881305.038,-0.049952,0.025800,0.022922,0.5600,0.547,0.024,TRACKING|w0 d0 L15
38.832988,129.088677166667,35.074446833333,508084.603,3881302.581,0.571,2.124589,gps_course,15,0.509,2.000,17,508083.249,3881305.038,-0.049952,0.025800,0.024073,0.5600,0.547,0.024,TRACKING|w0 d0 L15
38.882913,129.088676500000,35.074447833333,508084.543,3881302.692,0.536,2.122146,gps_course,15,0.383,2.000,17,508083.249,3881305.038,-0.047434,0.025656,0.024706,0.5600,0.547,-0.011,TRACKING|w0 d0 L15
38.933022,129.088676500000,35.074447833333,508084.543,3881302.692,0.536,2.122146,gps_course,15,0.383,2.000,17,508083.249,3881305.038,-0.047434,0.025656,0.025086,0.5600,0.567,-0.031,TRACKING|w0 d0 L15
38.982938,129.088676500000,35.074447833333,508084.543,3881302.692,0.536,2.122146,gps_course,15,0.383,2.000,17,508083.249,3881305.038,-0.047434,0.025656,0.025314,0.5600,0.567,-0.031,TRACKING|w0 d0 L15
39.033059,129.088676500000,35.074447833333,508084.543,3881302.692,0.536,2.122146,gps_course,15,0.383,2.000,17,508083.249,3881305.038,-0.047434,0.025656,0.025451,0.5600,0.567,-0.031,TRACKING|w0 d0 L15
39.082875,129.088676500000,35.074447833333,508084.543,3881302.692,0.536,2.122146,gps_course,15,0.383,2.000,17,508083.249,3881305.038,-0.047434,0.025656,0.025533,0.5600,0.567,-0.031,TRACKING|w0 d0 L15
39.132932,129.088675666667,35.074449000000,508084.466,3881302.821,0.555,2.124240,gps_course,15,0.234,2.000,17,508083.249,3881305.038,-0.051185,0.029323,0.027049,0.5600,0.586,-0.031,TRACKING|w0 d0 L15
39.182879,129.088675666667,35.074449000000,508084.466,3881302.821,0.555,2.124240,gps_course,15,0.234,2.000,17,508083.249,3881305.038,-0.051185,0.029323,0.027959,0.5600,0.586,-0.031,TRACKING|w0 d0 L15
39.232987,129.088675666667,35.074449000000,508084.466,3881302.821,0.555,2.124240,gps_course,15,0.234,2.000,17,508083.249,3881305.038,-0.051185,0.029323,0.028505,0.5600,0.586,-0.031,TRACKING|w0 d0 L15
39.283463,129.088675666667,35.074449000000,508084.466,3881302.821,0.555,2.124240,gps_course,15,0.234,2.000,17,508083.249,3881305.038,-0.051185,0.029323,0.028832,0.5600,0.586,-0.031,TRACKING|w0 d0 L15
39.333263,129.088675666667,35.074449000000,508084.466,3881302.821,0.555,2.124240,gps_course,15,0.234,2.000,17,508083.249,3881305.038,-0.051185,0.029323,0.029028,0.5600,0.586,-0.031,TRACKING|w0 d0 L15
39.382932,129.088674833333,35.074450000000,508084.390,3881302.932,0.568,2.095442,gps_course,15,0.111,2.000,17,508083.249,3881305.038,-0.027949,0.016914,0.024183,0.5600,0.586,-0.018,TRACKING|w0 d0 L15
39.432957,129.088674833333,35.074450000000,508084.390,3881302.932,0.568,2.095442,gps_course,15,0.111,2.000,17,508083.249,3881305.038,-0.027949,0.016914,0.021275,0.5600,0.586,-0.018,TRACKING|w0 d0 L15
39.484610,129.088674833333,35.074450000000,508084.390,3881302.932,0.568,2.095442,gps_course,15,0.111,2.000,17,508083.249,3881305.038,-0.027949,0.016914,0.019531,0.5600,0.586,-0.018,TRACKING|w0 d0 L15
39.532893,129.088674833333,35.074450000000,508084.390,3881302.932,0.568,2.095442,gps_course,15,0.111,2.000,17,508083.249,3881305.038,-0.027949,0.016914,0.018484,0.5600,0.547,0.021,TRACKING|w0 d0 L15
39.582933,129.088674833333,35.074450000000,508084.390,3881302.932,0.568,2.095442,gps_course,15,0.111,2.000,17,508083.249,3881305.038,-0.027949,0.016914,0.017856,0.5600,0.547,0.021,TRACKING|w0 d0 L15
39.632853,129.088674166667,35.074451166667,508084.330,3881303.062,0.561,2.054602,gps_course,15,0.064,2.000,17,508083.249,3881305.038,0.016483,-0.010609,0.006470,0.5600,0.547,0.014,TRACKING|w0 d0 L15
39.682935,129.088674166667,35.074451166667,508084.330,3881303.062,0.561,2.054602,gps_course,15,0.064,2.000,17,508083.249,3881305.038,0.016483,-0.010609,-0.000361,0.5600,0.547,0.014,TRACKING|w0 d0 L15
39.732921,129.088674166667,35.074451166667,508084.330,3881303.062,0.561,2.054602,gps_course,15,0.064,2.000,17,508083.249,3881305.038,0.016483,-0.010609,-0.004460,0.5600,0.567,-0.006,TRACKING|w0 d0 L15
39.782829,129.088674166667,35.074451166667,508084.330,3881303.062,0.561,2.054602,gps_course,15,0.064,2.000,17,508083.249,3881305.038,0.016483,-0.010609,-0.006920,0.5600,0.567,-0.006,TRACKING|w0 d0 L15
39.832877,129.088674166667,35.074451166667,508084.330,3881303.062,0.561,2.054602,gps_course,15,0.064,2.000,17,508083.249,3881305.038,0.016483,-0.010609,-0.008395,0.5600,0.567,-0.006,TRACKING|w0 d0 L15
39.882864,129.088673333333,35.074452333333,508084.253,3881303.191,0.574,2.027025,gps_course,15,0.201,2.000,17,508083.249,3881305.038,0.041808,-0.028812,-0.016562,0.5600,0.567,0.007,TRACKING|w0 d0 L15
39.934039,129.088673333333,35.074452333333,508084.253,3881303.191,0.574,2.027025,gps_course,15,0.201,2.000,17,508083.249,3881305.038,0.041808,-0.028812,-0.021462,0.5600,0.567,0.007,TRACKING|w0 d0 L15
39.982887,129.088673333333,35.074452333333,508084.253,3881303.191,0.574,2.027025,gps_course,15,0.201,2.000,17,508083.249,3881305.038,0.041808,-0.028812,-0.024402,0.5600,0.567,0.007,TRACKING|w0 d0 L15
40.034112,129.088673333333,35.074452333333,508084.253,3881303.191,0.574,2.027025,gps_course,15,0.201,2.000,17,508083.249,3881305.038,0.041808,-0.028812,-0.026166,0.5600,0.567,0.007,TRACKING|w0 d0 L15
40.083025,129.088673333333,35.074452333333,508084.253,3881303.191,0.574,2.027025,gps_course,15,0.201,2.000,17,508083.249,3881305.038,0.041808,-0.028812,-0.027224,0.5600,0.567,0.007,TRACKING|w0 d0 L15
40.133911,129.088672666667,35.074453333333,508084.193,3881303.302,0.586,2.172062,gps_course,15,0.326,2.000,18,508082.747,3881305.943,-0.100491,0.048266,0.002972,0.5600,0.567,0.019,TRACKING|w0 d0 L15
40.182899,129.088672666667,35.074453333333,508084.193,3881303.302,0.586,2.172062,gps_course,15,0.326,2.000,18,508082.747,3881305.943,-0.100491,0.048266,0.021089,0.5600,0.567,0.019,TRACKING|w0 d0 L15
40.232861,129.088672666667,35.074453333333,508084.193,3881303.302,0.586,2.172062,gps_course,15,0.326,2.000,18,508082.747,3881305.943,-0.100491,0.048266,0.031960,0.5600,0.567,0.019,TRACKING|w0 d0 L15
40.283019,129.088672666667,35.074453333333,508084.193,3881303.302,0.586,2.172062,gps_course,15,0.326,2.000,18,508082.747,3881305.943,-0.100491,0.048266,0.038482,0.5600,0.567,0.019,TRACKING|w0 d0 L15
40.332900,129.088672666667,35.074453333333,508084.193,3881303.302,0.586,2.172062,gps_course,15,0.326,2.000,18,508082.747,3881305.943,-0.100491,0.048266,0.042396,0.5600,0.433,0.152,TRACKING|w0 d0 L15
40.383229,129.088672000000,35.074454500000,508084.132,3881303.431,0.555,2.063852,gps_course,15,0.466,2.000,18,508082.747,3881305.943,0.010743,0.000000,0.025437,0.5600,0.433,0.122,TRACKING|w0 d0 L15
40.432885,129.088672000000,35.074454500000,508084.132,3881303.431,0.555,2.063852,gps_course,15,0.466,2.000,18,508082.747,3881305.943,0.010743,0.000000,0.015262,0.5600,0.433,0.122,TRACKING|w0 d0 L15
40.483050,129.088672000000,35.074454500000,508084.132,3881303.431,0.555,2.063852,gps_course,15,0.466,2.000,18,508082.747,3881305.943,0.010743,0.000000,0.009157,0.5600,0.433,0.122,TRACKING|w0 d0 L15
40.533075,129.088672000000,35.074454500000,508084.132,3881303.431,0.555,2.063852,gps_course,15,0.466,2.000,18,508082.747,3881305.943,0.010743,0.000000,0.005494,0.5600,0.339,0.216,TRACKING|w0 d0 L15
40.582850,129.088672000000,35.074454500000,508084.132,3881303.431,0.555,2.063852,gps_course,15,0.466,2.000,18,508082.747,3881305.943,0.010743,0.000000,0.003297,0.5600,0.339,0.216,TRACKING|w0 d0 L15
40.633018,129.088671500000,35.074455000000,508084.086,3881303.486,0.263,2.072055,gps_course,15,0.538,2.000,18,508082.747,3881305.943,-0.002183,0.000000,0.001978,0.5600,0.339,-0.076,TRACKING|w0 d0 L15
40.682868,129.088671500000,35.074455000000,508084.086,3881303.486,0.263,2.072055,gps_course,15,0.538,2.000,18,508082.747,3881305.943,-0.002183,0.000000,0.001187,0.5600,0.339,-0.076,TRACKING|w0 d0 L15
40.733596,129.088671500000,35.074455000000,508084.086,3881303.486,0.263,2.072055,gps_course,15,0.538,2.000,18,508082.747,3881305.943,-0.002183,0.000000,0.000712,0.5600,0.169,0.093,TRACKING|w0 d0 L15
40.782861,129.088671500000,35.074455000000,508084.086,3881303.486,0.263,2.072055,gps_course,15,0.538,2.000,18,508082.747,3881305.943,-0.002183,0.000000,0.000427,0.5600,0.169,0.093,TRACKING|w0 d0 L15
40.833050,129.088671500000,35.074455000000,508084.086,3881303.486,0.263,2.072055,gps_course,15,0.538,2.000,18,508082.747,3881305.943,-0.002183,0.000000,0.000256,0.5600,0.169,0.093,TRACKING|w0 d0 L15
40.883133,129.088671333333,35.074455000000,508084.071,3881303.486,0.070,2.072055,gps_course,15,0.546,2.000,18,508082.747,3881305.943,-0.006965,0.000000,0.000154,0.5600,0.169,-0.099,TRACKING|w0 d0 L15
40.932971,129.088671333333,35.074455000000,508084.071,3881303.486,0.070,2.072055,gps_course,15,0.546,2.000,18,508082.747,3881305.943,-0.006965,0.000000,0.000092,0.5600,0.039,0.031,TRACKING|w0 d0 L15
40.983116,129.088671333333,35.074455000000,508084.071,3881303.486,0.070,2.072055,gps_course,15,0.546,2.000,18,508082.747,3881305.943,-0.006965,0.000000,0.000055,0.5600,0.039,0.031,TRACKING|w0 d0 L15
41.032858,129.088671333333,35.074455000000,508084.071,3881303.486,0.070,2.072055,gps_course,15,0.546,2.000,18,508082.747,3881305.943,-0.006965,0.000000,0.000033,0.5600,0.039,0.031,TRACKING|w0 d0 L15
41.084950,129.088671333333,35.074455000000,508084.071,3881303.486,0.070,2.072055,gps_course,15,0.546,2.000,18,508082.747,3881305.943,-0.006965,0.000000,0.000020,0.5600,0.039,0.031,TRACKING|w0 d0 L15
41.132969,129.088671500000,35.074455000000,508084.086,3881303.486,0.002,2.072055,gps_course,15,0.538,2.000,18,508082.747,3881305.943,-0.002183,0.000000,0.000012,0.5600,0.000,0.002,TRACKING|w0 d0 L15
41.184675,129.088671500000,35.074455000000,508084.086,3881303.486,0.002,2.072055,gps_course,15,0.538,2.000,18,508082.747,3881305.943,-0.002183,0.000000,0.000007,0.5600,0.000,0.002,TRACKING|w0 d0 L15
41.232889,129.088671500000,35.074455000000,508084.086,3881303.486,0.002,2.072055,gps_course,15,0.538,2.000,18,508082.747,3881305.943,-0.002183,0.000000,0.000004,0.5600,0.000,0.002,TRACKING|w0 d0 L15
41.284215,129.088671500000,35.074455000000,508084.086,3881303.486,0.002,2.072055,gps_course,15,0.538,2.000,18,508082.747,3881305.943,-0.002183,0.000000,0.000003,0.5600,0.000,0.002,TRACKING|w0 d0 L15
41.333203,129.088671500000,35.074455000000,508084.086,3881303.486,0.002,2.072055,gps_course,15,0.538,2.000,18,508082.747,3881305.943,-0.002183,0.000000,0.000002,0.5600,0.000,0.002,TRACKING|w0 d0 L15
41.382836,129.088671500000,35.074455000000,508084.086,3881303.486,0.005,2.072055,gps_course,15,0.538,2.000,18,508082.747,3881305.943,-0.002183,0.000000,0.000001,0.5600,0.000,0.005,TRACKING|w0 d0 L15
41.433044,129.088671500000,35.074455000000,508084.086,3881303.486,0.005,2.072055,gps_course,15,0.538,2.000,18,508082.747,3881305.943,-0.002183,0.000000,0.000001,0.5600,0.000,0.005,TRACKING|w0 d0 L15
41.482883,129.088671500000,35.074455000000,508084.086,3881303.486,0.005,2.072055,gps_course,15,0.538,2.000,18,508082.747,3881305.943,-0.002183,0.000000,0.000000,0.5600,0.000,0.005,TRACKING|w0 d0 L15
41.534670,129.088671500000,35.074455000000,508084.086,3881303.486,0.005,2.072055,gps_course,15,0.538,2.000,18,508082.747,3881305.943,-0.002183,0.000000,0.000000,0.5600,0.039,-0.034,TRACKING|w0 d0 L15
41.583044,129.088671500000,35.074455000000,508084.086,3881303.486,0.005,2.072055,gps_course,15,0.538,2.000,18,508082.747,3881305.943,-0.002183,0.000000,0.000000,0.5600,0.039,-0.034,TRACKING|w0 d0 L15
41.632993,129.088671500000,35.074455000000,508084.086,3881303.486,0.008,2.072055,gps_course,15,0.538,2.000,18,508082.747,3881305.943,-0.002183,0.000000,0.000000,0.5600,0.039,-0.031,TRACKING|w0 d0 L15
41.683091,129.088671500000,35.074455000000,508084.086,3881303.486,0.008,2.072055,gps_course,15,0.538,2.000,18,508082.747,3881305.943,-0.002183,0.000000,0.000000,0.5600,0.039,-0.031,TRACKING|w0 d0 L15
41.732969,129.088671500000,35.074455000000,508084.086,3881303.486,0.008,2.072055,gps_course,15,0.538,2.000,18,508082.747,3881305.943,-0.002183,0.000000,0.000000,0.5600,0.075,-0.067,TRACKING|w0 d0 L15
41.783490,129.088671500000,35.074455000000,508084.086,3881303.486,0.008,2.072055,gps_course,15,0.538,2.000,18,508082.747,3881305.943,-0.002183,0.000000,0.000000,0.5600,0.075,-0.067,TRACKING|w0 d0 L15
41.832869,129.088671500000,35.074455000000,508084.086,3881303.486,0.008,2.072055,gps_course,15,0.538,2.000,18,508082.747,3881305.943,-0.002183,0.000000,0.000000,0.5600,0.075,-0.067,TRACKING|w0 d0 L15
41.883490,129.088671500000,35.074455000000,508084.086,3881303.486,0.016,2.072055,gps_course,15,0.538,2.000,18,508082.747,3881305.943,-0.002183,0.000000,0.000000,0.5600,0.075,-0.059,TRACKING|w0 d0 L15
41.932875,129.088671500000,35.074455000000,508084.086,3881303.486,0.016,2.072055,gps_course,15,0.538,2.000,18,508082.747,3881305.943,-0.002183,0.000000,0.000000,0.5600,0.056,-0.039,TRACKING|w0 d0 L15
41.983998,129.088671500000,35.074455000000,508084.086,3881303.486,0.016,2.072055,gps_course,15,0.538,2.000,18,508082.747,3881305.943,-0.002183,0.000000,0.000000,0.5600,0.056,-0.039,TRACKING|w0 d0 L15
42.032869,129.088671500000,35.074455000000,508084.086,3881303.486,0.016,2.072055,gps_course,15,0.538,2.000,18,508082.747,3881305.943,-0.002183,0.000000,0.000000,0.5600,0.056,-0.039,TRACKING|w0 d0 L15
42.082878,129.088671500000,35.074455000000,508084.086,3881303.486,0.016,2.072055,gps_course,15,0.538,2.000,18,508082.747,3881305.943,-0.002183,0.000000,0.000000,0.5600,0.056,-0.039,TRACKING|w0 d0 L15
42.133113,129.088671333333,35.074455166667,508084.071,3881303.505,0.049,2.072055,gps_course,15,0.562,2.000,18,508082.747,3881305.943,-0.003811,0.000000,0.000000,0.5600,0.056,-0.006,TRACKING|w0 d0 L15
42.182919,129.088671333333,35.074455166667,508084.071,3881303.505,0.049,2.072055,gps_course,15,0.562,2.000,18,508082.747,3881305.943,-0.003811,0.000000,0.000000,0.5600,0.056,-0.006,TRACKING|w0 d0 L15
42.233019,129.088671333333,35.074455166667,508084.071,3881303.505,0.049,2.072055,gps_course,15,0.562,2.000,18,508082.747,3881305.943,-0.003811,0.000000,0.000000,0.5600,0.056,-0.006,TRACKING|w0 d0 L15
42.282874,129.088671333333,35.074455166667,508084.071,3881303.505,0.049,2.072055,gps_course,15,0.562,2.000,18,508082.747,3881305.943,-0.003811,0.000000,0.000000,0.5600,0.056,-0.006,TRACKING|w0 d0 L15
42.333293,129.088671333333,35.074455166667,508084.071,3881303.505,0.049,2.072055,gps_course,15,0.562,2.000,18,508082.747,3881305.943,-0.003811,0.000000,0.000000,0.5600,0.094,-0.045,TRACKING|w0 d0 L15
42.382909,129.088671166667,35.074455333333,508084.056,3881303.523,0.107,1.825130,gps_course,15,0.585,2.000,18,508082.747,3881305.943,0.241459,-0.125358,-0.029769,0.5600,0.094,0.013,TRACKING|w0 d0 L15
42.433015,129.088671166667,35.074455333333,508084.056,3881303.523,0.107,1.825130,gps_course,15,0.585,2.000,18,508082.747,3881305.943,0.241459,-0.125358,-0.059833,0.5600,0.094,0.013,TRACKING|w0 d0 L15
42.482881,129.088671166667,35.074455333333,508084.056,3881303.523,0.107,1.825130,gps_course,15,0.585,2.000,18,508082.747,3881305.943,0.241459,-0.125358,-0.086043,0.5600,0.094,0.013,TRACKING|w0 d0 L15
42.532926,129.088671166667,35.074455333333,508084.056,3881303.523,0.107,1.825130,gps_course,15,0.585,2.000,18,508082.747,3881305.943,0.241459,-0.125358,-0.101769,0.5600,0.133,-0.026,TRACKING|w0 d0 L15
42.582955,129.088671166667,35.074455333333,508084.056,3881303.523,0.107,1.825130,gps_course,15,0.585,2.000,18,508082.747,3881305.943,0.241459,-0.125358,-0.111205,0.5600,0.133,-0.026,TRACKING|w0 d0 L15
42.632877,129.088671000000,35.074455666667,508084.040,3881303.560,0.171,2.077572,gps_course,15,0.624,2.000,18,508082.747,3881305.943,-0.009440,0.000000,-0.081252,0.5600,0.133,0.037,TRACKING|w0 d0 L15
42.683035,129.088671000000,35.074455666667,508084.040,3881303.560,0.171,2.077572,gps_course,15,0.624,2.000,18,508082.747,3881305.943,-0.009440,0.000000,-0.051157,0.5600,0.133,0.037,TRACKING|w0 d0 L15
42.732831,129.088671000000,35.074455666667,508084.040,3881303.560,0.171,2.077572,gps_course,15,0.624,2.000,18,508082.747,3881305.943,-0.009440,0.000000,-0.030694,0.5600,0.208,-0.037,TRACKING|w0 d0 L15
42.782959,129.088671000000,35.074455666667,508084.040,3881303.560,0.171,2.077572,gps_course,15,0.624,2.000,18,508082.747,3881305.943,-0.009440,0.000000,-0.018416,0.5600,0.208,-0.037,TRACKING|w0 d0 L15
42.833015,129.088671000000,35.074455666667,508084.040,3881303.560,0.171,2.077572,gps_course,15,0.624,2.000,18,508082.747,3881305.943,-0.009440,0.000000,-0.011050,0.5600,0.208,-0.037,TRACKING|w0 d0 L15
42.883673,129.088670833333,35.074456166667,508084.025,3881303.616,0.205,2.035228,gps_course,16,0.572,2.000,18,508082.747,3881305.943,0.037818,-0.020641,-0.014886,0.5600,0.208,-0.003,TRACKING|w0 d0 L16
42.932856,129.088670833333,35.074456166667,508084.025,3881303.616,0.205,2.035228,gps_course,16,0.572,2.000,18,508082.747,3881305.943,0.037818,-0.020641,-0.017188,0.5600,0.228,-0.023,TRACKING|w0 d0 L16
42.982895,129.088670833333,35.074456166667,508084.025,3881303.616,0.205,2.035228,gps_course,16,0.572,2.000,18,508082.747,3881305.943,0.037818,-0.020641,-0.018569,0.5600,0.228,-0.023,TRACKING|w0 d0 L16
43.033061,129.088670833333,35.074456166667,508084.025,3881303.616,0.205,2.035228,gps_course,16,0.572,2.000,18,508082.747,3881305.943,0.037818,-0.020641,-0.019398,0.5600,0.228,-0.023,TRACKING|w0 d0 L16
43.082850,129.088670833333,35.074456166667,508084.025,3881303.616,0.205,2.035228,gps_course,16,0.572,2.000,18,508082.747,3881305.943,0.037818,-0.020641,-0.019895,0.5600,0.228,-0.023,TRACKING|w0 d0 L16
43.133144,129.088670500000,35.074456666667,508083.995,3881303.671,0.224,2.051460,gps_course,16,0.509,2.000,18,508082.747,3881305.943,0.021586,-0.012072,-0.016766,0.5600,0.208,0.016,TRACKING|w0 d0 L16
43.182869,129.088670500000,35.074456666667,508083.995,3881303.671,0.224,2.051460,gps_course,16,0.509,2.000,18,508082.747,3881305.943,0.021586,-0.012072,-0.014889,0.5600,0.208,0.016,TRACKING|w0 d0 L16
43.233879,129.088670500000,35.074456666667,508083.995,3881303.671,0.224,2.051460,gps_course,16,0.509,2.000,18,508082.747,3881305.943,0.021586,-0.012072,-0.013762,0.5600,0.208,0.016,TRACKING|w0 d0 L16
43.283104,129.088670500000,35.074456666667,508083.995,3881303.671,0.224,2.051460,gps_course,16,0.509,2.000,18,508082.747,3881305.943,0.021586,-0.012072,-0.013086,0.5600,0.208,0.016,TRACKING|w0 d0 L16
43.333170,129.088670500000,35.074456666667,508083.995,3881303.671,0.224,2.051460,gps_course,16,0.509,2.000,18,508082.747,3881305.943,0.021586,-0.012072,-0.012681,0.5600,0.244,-0.021,TRACKING|w0 d0 L16
43.383146,129.088670166667,35.074457000000,508083.964,3881303.708,0.249,2.072055,gps_course,16,0.463,2.000,18,508082.747,3881305.943,-0.002498,0.000000,-0.007608,0.5600,0.244,0.005,TRACKING|w0 d0 L16
43.432978,129.088670166667,35.074457000000,508083.964,3881303.708,0.249,2.072055,gps_course,16,0.463,2.000,18,508082.747,3881305.943,-0.002498,0.000000,-0.004565,0.5600,0.244,0.005,TRACKING|w0 d0 L16
43.484994,129.088670166667,35.074457000000,508083.964,3881303.708,0.249,2.072055,gps_course,16,0.463,2.000,18,508082.747,3881305.943,-0.002498,0.000000,-0.002739,0.5600,0.244,0.005,TRACKING|w0 d0 L16
43.532886,129.088670166667,35.074457000000,508083.964,3881303.708,0.249,2.072055,gps_course,16,0.463,2.000,18,508082.747,3881305.943,-0.002498,0.000000,-0.001643,0.5600,0.264,-0.014,TRACKING|w0 d0 L16
43.582920,129.088670166667,35.074457000000,508083.964,3881303.708,0.249,2.072055,gps_course,16,0.463,2.000,18,508082.747,3881305.943,-0.002498,0.000000,-0.000986,0.5600,0.264,-0.014,TRACKING|w0 d0 L16
43.632994,129.088669833333,35.074457666667,508083.934,3881303.782,0.302,2.067692,gps_course,16,0.383,2.000,18,508082.747,3881305.943,0.005355,0.000000,-0.000592,0.5600,0.264,0.038,TRACKING|w0 d0 L16
43.682981,129.088669833333,35.074457666667,508083.934,3881303.782,0.302,2.067692,gps_course,16,0.383,2.000,18,508082.747,3881305.943,0.005355,0.000000,-0.000355,0.5600,0.264,0.038,TRACKING|w0 d0 L16
43.733040,129.088669833333,35.074457666667,508083.934,3881303.782,0.302,2.067692,gps_course,16,0.383,2.000,18,508082.747,3881305.943,0.005355,0.000000,-0.000213,0.5600,0.303,-0.001,TRACKING|w0 d0 L16
43.782871,129.088669833333,35.074457666667,508083.934,3881303.782,0.302,2.067692,gps_course,16,0.383,2.000,18,508082.747,3881305.943,0.005355,0.000000,-0.000128,0.5600,0.303,-0.001,TRACKING|w0 d0 L16
43.833035,129.088669833333,35.074457666667,508083.934,3881303.782,0.302,2.067692,gps_course,16,0.383,2.000,18,508082.747,3881305.943,0.005355,0.000000,-0.000077,0.5600,0.303,-0.001,TRACKING|w0 d0 L16
43.882861,129.088669333333,35.074458333333,508083.888,3881303.856,0.347,2.064026,gps_course,16,0.297,2.000,18,508082.747,3881305.943,0.007153,0.000000,-0.000046,0.5600,0.303,0.044,TRACKING|w0 d0 L16
43.934608,129.088669333333,35.074458333333,508083.888,3881303.856,0.347,2.064026,gps_course,16,0.297,2.000,18,508082.747,3881305.943,0.007153,0.000000,-0.000028,0.5600,0.339,0.008,TRACKING|w0 d0 L16
43.982895,129.088669333333,35.074458333333,508083.888,3881303.856,0.347,2.064026,gps_course,16,0.297,2.000,18,508082.747,3881305.943,0.007153,0.000000,-0.000017,0.5600,0.339,0.008,TRACKING|w0 d0 L16
44.032904,129.088669333333,35.074458333333,508083.888,3881303.856,0.347,2.064026,gps_course,16,0.297,2.000,18,508082.747,3881305.943,0.007153,0.000000,-0.000010,0.5600,0.339,0.008,TRACKING|w0 d0 L16
44.083209,129.088669333333,35.074458333333,508083.888,3881303.856,0.347,2.064026,gps_course,16,0.297,2.000,18,508082.747,3881305.943,0.007153,0.000000,-0.000006,0.5600,0.339,0.008,TRACKING|w0 d0 L16
44.133182,129.088668833333,35.074459000000,508083.843,3881303.930,0.347,2.094744,gps_course,16,0.212,2.000,18,508082.747,3881305.943,-0.025572,0.016171,0.006465,0.5600,0.358,-0.011,TRACKING|w0 d0 L16
44.183673,129.088668833333,35.074459000000,508083.843,3881303.930,0.347,2.094744,gps_course,16,0.212,2.000,18,508082.747,3881305.943,-0.025572,0.016171,0.010347,0.5600,0.358,-0.011,TRACKING|w0 d0 L16
44.232820,129.088668833333,35.074459000000,508083.843,3881303.930,0.347,2.094744,gps_course,16,0.212,2.000,18,508082.747,3881305.943,-0.025572,0.016171,0.012677,0.5600,0.358,-0.011,TRACKING|w0 d0 L16
44.285747,129.088668833333,35.074459000000,508083.843,3881303.930,0.347,2.094744,gps_course,16,0.212,2.000,18,508082.747,3881305.943,-0.025572,0.016171,0.014075,0.5600,0.358,-0.011,TRACKING|w0 d0 L16
44.332877,129.088668833333,35.074459000000,508083.843,3881303.930,0.347,2.094744,gps_course,16,0.212,2.000,18,508082.747,3881305.943,-0.025572,0.016171,0.014913,0.5600,0.378,-0.031,TRACKING|w0 d0 L16
44.383015,129.088668333333,35.074459833333,508083.797,3881304.022,0.373,2.068913,gps_course,16,0.112,2.000,18,508082.747,3881305.943,0.002105,0.000000,0.008948,0.5600,0.378,-0.004,TRACKING|w0 d0 L16
44.433041,129.088668333333,35.074459833333,508083.797,3881304.022,0.373,2.068913,gps_course,16,0.112,2.000,18,508082.747,3881305.943,0.002105,0.000000,0.005369,0.5600,0.378,-0.004,TRACKING|w0 d0 L16
44.483711,129.088668333333,35.074459833333,508083.797,3881304.022,0.373,2.068913,gps_course,16,0.112,2.000,18,508082.747,3881305.943,0.002105,0.000000,0.003221,0.5600,0.378,-0.004,TRACKING|w0 d0 L16
44.532992,129.088668333333,35.074459833333,508083.797,3881304.022,0.373,2.068913,gps_course,16,0.112,2.000,18,508082.747,3881305.943,0.002105,0.000000,0.001933,0.5600,0.397,-0.024,TRACKING|w0 d0 L16
44.582926,129.088668333333,35.074459833333,508083.797,3881304.022,0.373,2.068913,gps_course,16,0.112,2.000,18,508082.747,3881305.943,0.002105,0.000000,0.001160,0.5600,0.397,-0.024,TRACKING|w0 d0 L16
44.633443,129.088667666667,35.074460666667,508083.736,3881304.115,0.461,2.080607,gps_course,16,0.049,2.000,18,508082.747,3881305.943,-0.013968,0.000000,0.000696,0.5600,0.397,0.064,TRACKING|w0 d0 L16
44.682873,129.088667666667,35.074460666667,508083.736,3881304.115,0.461,2.080607,gps_course,16,0.049,2.000,18,508082.747,3881305.943,-0.013968,0.000000,0.000417,0.5600,0.397,0.064,TRACKING|w0 d0 L16
44.733106,129.088667666667,35.074460666667,508083.736,3881304.115,0.461,2.080607,gps_course,16,0.049,2.000,18,508082.747,3881305.943,-0.013968,0.000000,0.000250,0.5600,0.433,0.027,TRACKING|w0 d0 L16
44.782886,129.088667666667,35.074460666667,508083.736,3881304.115,0.461,2.080607,gps_course,16,0.049,2.000,18,508082.747,3881305.943,-0.013968,0.000000,0.000150,0.5600,0.433,0.027,TRACKING|w0 d0 L16
44.834407,129.088667666667,35.074460666667,508083.736,3881304.115,0.461,2.080607,gps_course,16,0.049,2.000,18,508082.747,3881305.943,-0.013968,0.000000,0.000090,0.5600,0.433,0.027,TRACKING|w0 d0 L16
44.883008,129.088667166667,35.074461666667,508083.690,3881304.225,0.485,2.090206,gps_course,16,0.130,2.000,19,508082.229,3881306.867,-0.014204,0.000000,0.000054,0.5600,0.433,0.051,TRACKING|w0 d0 L16
44.933788,129.088667166667,35.074461666667,508083.690,3881304.225,0.485,2.090206,gps_course,16,0.130,2.000,19,508082.229,3881306.867,-0.014204,0.000000,0.000032,0.5600,0.492,-0.007,TRACKING|w0 d0 L16
44.982898,129.088667166667,35.074461666667,508083.690,3881304.225,0.485,2.090206,gps_course,16,0.130,2.000,19,508082.229,3881306.867,-0.014204,0.000000,0.000019,0.5600,0.492,-0.007,TRACKING|w0 d0 L16
45.032864,129.088667166667,35.074461666667,508083.690,3881304.225,0.485,2.090206,gps_course,16,0.130,2.000,19,508082.229,3881306.867,-0.014204,0.000000,0.000012,0.5600,0.492,-0.007,TRACKING|w0 d0 L16
45.083202,129.088667166667,35.074461666667,508083.690,3881304.225,0.485,2.090206,gps_course,16,0.130,2.000,19,508082.229,3881306.867,-0.014204,0.000000,0.000007,0.5600,0.492,-0.007,TRACKING|w0 d0 L16
45.132865,129.088666500000,35.074462666667,508083.629,3881304.336,0.479,2.087588,gps_course,16,0.254,2.000,19,508082.229,3881306.867,-0.011457,0.000000,0.000004,0.5600,0.508,-0.029,TRACKING|w0 d0 L16
45.183013,129.088666500000,35.074462666667,508083.629,3881304.336,0.479,2.087588,gps_course,16,0.254,2.000,19,508082.229,3881306.867,-0.011457,0.000000,0.000003,0.5600,0.508,-0.029,TRACKING|w0 d0 L16
45.232897,129.088666500000,35.074462666667,508083.629,3881304.336,0.479,2.087588,gps_course,16,0.254,2.000,19,508082.229,3881306.867,-0.011457,0.000000,0.000002,0.5600,0.508,-0.029,TRACKING|w0 d0 L16
45.282948,129.088666500000,35.074462666667,508083.629,3881304.336,0.479,2.087588,gps_course,16,0.254,2.000,19,508082.229,3881306.867,-0.011457,0.000000,0.000001,0.5600,0.508,-0.029,TRACKING|w0 d0 L16
45.333050,129.088666500000,35.074462666667,508083.629,3881304.336,0.479,2.087588,gps_course,16,0.254,2.000,19,508082.229,3881306.867,-0.011457,0.000000,0.000001,0.5600,0.508,-0.029,TRACKING|w0 d0 L16
45.382963,129.088665666667,35.074463666667,508083.553,3881304.447,0.536,2.079385,gps_course,16,0.388,2.000,19,508082.229,3881306.867,-0.007934,0.000000,0.000000,0.5600,0.508,0.028,TRACKING|w0 d0 L16
45.433062,129.088665666667,35.074463666667,508083.553,3881304.447,0.536,2.079385,gps_course,16,0.388,2.000,19,508082.229,3881306.867,-0.007934,0.000000,0.000000,0.5600,0.508,0.028,TRACKING|w0 d0 L16
45.482853,129.088665666667,35.074463666667,508083.553,3881304.447,0.536,2.079385,gps_course,16,0.388,2.000,19,508082.229,3881306.867,-0.007934,0.000000,0.000000,0.5600,0.508,0.028,TRACKING|w0 d0 L16
45.533410,129.088665666667,35.074463666667,508083.553,3881304.447,0.536,2.079385,gps_course,16,0.388,2.000,19,508082.229,3881306.867,-0.007934,0.000000,0.000000,0.5600,0.528,0.008,TRACKING|w0 d0 L16
45.582916,129.088665666667,35.074463666667,508083.553,3881304.447,0.536,2.079385,gps_course,16,0.388,2.000,19,508082.229,3881306.867,-0.007934,0.000000,0.000000,0.5600,0.528,0.008,TRACKING|w0 d0 L16
45.634548,129.088664833333,35.074464833333,508083.477,3881304.576,0.572,2.102424,gps_course,17,0.515,2.000,19,508082.229,3881306.867,-0.032767,0.018208,0.007283,0.5600,0.528,0.044,TRACKING|w0 d0 L17
45.682847,129.088664833333,35.074464833333,508083.477,3881304.576,0.572,2.102424,gps_course,17,0.515,2.000,19,508082.229,3881306.867,-0.032767,0.018208,0.011653,0.5600,0.528,0.044,TRACKING|w0 d0 L17
45.732970,129.088664833333,35.074464833333,508083.477,3881304.576,0.572,2.102424,gps_course,17,0.515,2.000,19,508082.229,3881306.867,-0.032767,0.018208,0.014275,0.5600,0.547,0.025,TRACKING|w0 d0 L17
45.782993,129.088664833333,35.074464833333,508083.477,3881304.576,0.572,2.102424,gps_course,17,0.515,2.000,19,508082.229,3881306.867,-0.032767,0.018208,0.015848,0.5600,0.547,0.025,TRACKING|w0 d0 L17
45.832897,129.088664833333,35.074464833333,508083.477,3881304.576,0.572,2.102424,gps_course,17,0.515,2.000,19,508082.229,3881306.867,-0.032767,0.018208,0.016792,0.5600,0.547,0.025,TRACKING|w0 d0 L17
45.885767,129.088664166667,35.074466000000,508083.416,3881304.706,0.564,2.072404,gps_course,17,0.372,2.000,19,508082.229,3881306.867,0.000659,0.000000,0.010075,0.5600,0.547,0.017,TRACKING|w0 d0 L17
45.932871,129.088664166667,35.074466000000,508083.416,3881304.706,0.564,2.072404,gps_course,17,0.372,2.000,19,508082.229,3881306.867,0.000659,0.000000,0.006045,0.5600,0.567,-0.002,TRACKING|w0 d0 L17
45.982977,129.088664166667,35.074466000000,508083.416,3881304.706,0.564,2.072404,gps_course,17,0.372,2.000,19,508082.229,3881306.867,0.000659,0.000000,0.003627,0.5600,0.567,-0.002,TRACKING|w0 d0 L17
46.033034,129.088664166667,35.074466000000,508083.416,3881304.706,0.564,2.072404,gps_course,17,0.372,2.000,19,508082.229,3881306.867,0.000659,0.000000,0.002176,0.5600,0.567,-0.002,TRACKING|w0 d0 L17
46.082981,129.088664166667,35.074466000000,508083.416,3881304.706,0.564,2.072404,gps_course,17,0.372,2.000,19,508082.229,3881306.867,0.000659,0.000000,0.001306,0.5600,0.567,-0.002,TRACKING|w0 d0 L17
46.132892,129.088663500000,35.074467000000,508083.355,3881304.817,0.545,2.079211,gps_course,17,0.246,2.000,19,508082.229,3881306.867,-0.006146,0.000000,0.000783,0.5600,0.547,-0.002,TRACKING|w0 d0 L17
46.182990,129.088663500000,35.074467000000,508083.355,3881304.817,0.545,2.079211,gps_course,17,0.246,2.000,19,508082.229,3881306.867,-0.006146,0.000000,0.000470,0.5600,0.547,-0.002,TRACKING|w0 d0 L17
46.233016,129.088663500000,35.074467000000,508083.355,3881304.817,0.545,2.079211,gps_course,17,0.246,2.000,19,508082.229,3881306.867,-0.006146,0.000000,0.000282,0.5600,0.547,-0.002,TRACKING|w0 d0 L17
46.283120,129.088663500000,35.074467000000,508083.355,3881304.817,0.545,2.079211,gps_course,17,0.246,2.000,19,508082.229,3881306.867,-0.006146,0.000000,0.000169,0.5600,0.547,-0.002,TRACKING|w0 d0 L17
46.334072,129.088663500000,35.074467000000,508083.355,3881304.817,0.545,2.079211,gps_course,17,0.246,2.000,19,508082.229,3881306.867,-0.006146,0.000000,0.000102,0.5600,0.547,-0.002,TRACKING|w0 d0 L17
46.382883,129.088662666667,35.074468166667,508083.279,3881304.946,0.579,2.086018,gps_course,17,0.097,2.000,19,508082.229,3881306.867,-0.014980,0.000000,0.000061,0.5600,0.547,0.031,TRACKING|w0 d0 L17
46.432945,129.088662666667,35.074468166667,508083.279,3881304.946,0.579,2.086018,gps_course,17,0.097,2.000,19,508082.229,3881306.867,-0.014980,0.000000,0.000037,0.5600,0.547,0.031,TRACKING|w0 d0 L17
46.483003,129.088662666667,35.074468166667,508083.279,3881304.946,0.579,2.086018,gps_course,17,0.097,2.000,19,508082.229,3881306.867,-0.014980,0.000000,0.000022,0.5600,0.547,0.031,TRACKING|w0 d0 L17
46.533575,129.088662666667,35.074468166667,508083.279,3881304.946,0.579,2.086018,gps_course,17,0.097,2.000,19,508082.229,3881306.867,-0.014980,0.000000,0.000013,0.5600,0.547,0.031,TRACKING|w0 d0 L17
46.583126,129.088662666667,35.074468166667,508083.279,3881304.946,0.579,2.086018,gps_course,17,0.097,2.000,19,508082.229,3881306.867,-0.014980,0.000000,0.000008,0.5600,0.547,0.031,TRACKING|w0 d0 L17
46.632972,129.088662000000,35.074469333333,508083.219,3881305.075,0.557,2.082876,gps_course,17,0.048,2.000,19,508082.229,3881306.867,-0.007639,0.000000,0.000005,0.5600,0.547,0.009,TRACKING|w0 d0 L17
46.683259,129.088662000000,35.074469333333,508083.219,3881305.075,0.557,2.082876,gps_course,17,0.048,2.000,19,508082.229,3881306.867,-0.007639,0.000000,0.000003,0.5600,0.547,0.009,TRACKING|w0 d0 L17
46.732887,129.088662000000,35.074469333333,508083.219,3881305.075,0.557,2.082876,gps_course,17,0.048,2.000,19,508082.229,3881306.867,-0.007639,0.000000,0.000002,0.5600,0.547,0.009,TRACKING|w0 d0 L17
46.784654,129.088662000000,35.074469333333,508083.219,3881305.075,0.557,2.082876,gps_course,17,0.048,2.000,19,508082.229,3881306.867,-0.007639,0.000000,0.000001,0.5600,0.547,0.009,TRACKING|w0 d0 L17
46.832890,129.088662000000,35.074469333333,508083.219,3881305.075,0.557,2.082876,gps_course,17,0.048,2.000,19,508082.229,3881306.867,-0.007639,0.000000,0.000001,0.5600,0.547,0.009,TRACKING|w0 d0 L17
46.882947,129.088661166667,35.074470333333,508083.142,3881305.186,0.554,2.081480,gps_course,17,0.182,2.000,20,508081.757,3881307.754,-0.016046,0.000000,0.000000,0.5600,0.547,0.007,TRACKING|w0 d0 L17
46.932993,129.088661166667,35.074470333333,508083.142,3881305.186,0.554,2.081480,gps_course,17,0.182,2.000,20,508081.757,3881307.754,-0.016046,0.000000,0.000000,0.5600,0.567,-0.012,TRACKING|w0 d0 L17
46.982917,129.088661166667,35.074470333333,508083.142,3881305.186,0.554,2.081480,gps_course,17,0.182,2.000,20,508081.757,3881307.754,-0.016046,0.000000,0.000000,0.5600,0.567,-0.012,TRACKING|w0 d0 L17
47.032998,129.088661166667,35.074470333333,508083.142,3881305.186,0.554,2.081480,gps_course,17,0.182,2.000,20,508081.757,3881307.754,-0.016046,0.000000,0.000000,0.5600,0.567,-0.012,TRACKING|w0 d0 L17
47.082871,129.088661166667,35.074470333333,508083.142,3881305.186,0.554,2.081480,gps_course,17,0.182,2.000,20,508081.757,3881307.754,-0.016046,0.000000,0.000000,0.5600,0.567,-0.012,TRACKING|w0 d0 L17
47.133833,129.088660333333,35.074471500000,508083.066,3881305.315,0.606,2.102249,gps_course,17,0.332,2.000,20,508081.757,3881307.754,-0.038833,0.020337,0.008135,0.5600,0.547,0.059,TRACKING|w0 d0 L17
47.182852,129.088660333333,35.074471500000,508083.066,3881305.315,0.606,2.102249,gps_course,17,0.332,2.000,20,508081.757,3881307.754,-0.038833,0.020337,0.013015,0.5600,0.547,0.059,TRACKING|w0 d0 L17
47.234464,129.088660333333,35.074471500000,508083.066,3881305.315,0.606,2.102249,gps_course,17,0.332,2.000,20,508081.757,3881307.754,-0.038833,0.020337,0.015944,0.5600,0.547,0.059,TRACKING|w0 d0 L17
47.283060,129.088660333333,35.074471500000,508083.066,3881305.315,0.606,2.102249,gps_course,17,0.332,2.000,20,508081.757,3881307.754,-0.038833,0.020337,0.017701,0.5600,0.547,0.059,TRACKING|w0 d0 L17
47.332952,129.088660333333,35.074471500000,508083.066,3881305.315,0.606,2.102249,gps_course,17,0.332,2.000,20,508081.757,3881307.754,-0.038833,0.020337,0.018755,0.5600,0.567,0.039,TRACKING|w0 d0 L17
47.383046,129.088659666667,35.074472666667,508083.005,3881305.445,0.551,2.072055,gps_course,17,0.474,2.000,20,508081.757,3881307.754,-0.005778,0.000000,0.011253,0.5600,0.567,-0.016,TRACKING|w0 d0 L17
47.432826,129.088659666667,35.074472666667,508083.005,3881305.445,0.551,2.072055,gps_course,17,0.474,2.000,20,508081.757,3881307.754,-0.005778,0.000000,0.006752,0.5600,0.567,-0.016,TRACKING|w0 d0 L17
47.483800,129.088659666667,35.074472666667,508083.005,3881305.445,0.551,2.072055,gps_course,17,0.474,2.000,20,508081.757,3881307.754,-0.005778,0.000000,0.004051,0.5600,0.567,-0.016,TRACKING|w0 d0 L17
47.532900,129.088659666667,35.074472666667,508083.005,3881305.445,0.551,2.072055,gps_course,17,0.474,2.000,20,508081.757,3881307.754,-0.005778,0.000000,0.002431,0.5600,0.567,-0.016,TRACKING|w0 d0 L17
47.582881,129.088659666667,35.074472666667,508083.005,3881305.445,0.551,2.072055,gps_course,17,0.474,2.000,20,508081.757,3881307.754,-0.005778,0.000000,0.001458,0.5600,0.567,-0.016,TRACKING|w0 d0 L17
47.632853,129.088658833333,35.074473666667,508082.929,3881305.555,0.565,2.073800,gps_course,18,0.429,2.000,20,508081.757,3881307.754,-0.013235,0.000000,0.000875,0.5600,0.567,-0.002,TRACKING|w0 d0 L18
47.682924,129.088658833333,35.074473666667,508082.929,3881305.555,0.565,2.073800,gps_course,18,0.429,2.000,20,508081.757,3881307.754,-0.013235,0.000000,0.000525,0.5600,0.567,-0.002,TRACKING|w0 d0 L18
47.733231,129.088658833333,35.074473666667,508082.929,3881305.555,0.565,2.073800,gps_course,18,0.429,2.000,20,508081.757,3881307.754,-0.013235,0.000000,0.000315,0.5600,0.547,0.018,TRACKING|w0 d0 L18
47.782846,129.088658833333,35.074473666667,508082.929,3881305.555,0.565,2.073800,gps_course,18,0.429,2.000,20,508081.757,3881307.754,-0.013235,0.000000,0.000189,0.5600,0.547,0.018,TRACKING|w0 d0 L18
47.832989,129.088658833333,35.074473666667,508082.929,3881305.555,0.565,2.073800,gps_course,18,0.429,2.000,20,508081.757,3881307.754,-0.013235,0.000000,0.000113,0.5600,0.547,0.018,TRACKING|w0 d0 L18
47.882878,129.088658166667,35.074474833333,508082.868,3881305.685,0.561,2.128604,gps_course,18,0.286,2.000,20,508081.757,3881307.754,-0.065014,0.040090,0.016104,0.5600,0.547,0.013,TRACKING|w0 d0 L18
47.933011,129.088658166667,35.074474833333,508082.868,3881305.685,0.561,2.128604,gps_course,18,0.286,2.000,20,508081.757,3881307.754,-0.065014,0.040090,0.025698,0.5600,0.547,0.013,TRACKING|w0 d0 L18
47.982895,129.088658166667,35.074474833333,508082.868,3881305.685,0.561,2.128604,gps_course,18,0.286,2.000,20,508081.757,3881307.754,-0.065014,0.040090,0.031455,0.5600,0.547,0.013,TRACKING|w0 d0 L18
48.034127,129.088658166667,35.074474833333,508082.868,3881305.685,0.561,2.128604,gps_course,18,0.286,2.000,20,508081.757,3881307.754,-0.065014,0.040090,0.034909,0.5600,0.547,0.013,TRACKING|w0 d0 L18
48.083858,129.088658166667,35.074474833333,508082.868,3881305.685,0.561,2.128604,gps_course,18,0.286,2.000,20,508081.757,3881307.754,-0.065014,0.040090,0.036981,0.5600,0.547,0.013,TRACKING|w0 d0 L18
48.133080,129.088657333333,35.074475833333,508082.792,3881305.796,0.563,2.096315,gps_course,18,0.155,2.000,20,508081.757,3881307.754,-0.039312,0.025722,0.032478,0.5600,0.547,0.016,TRACKING|w0 d0 L18
48.183039,129.088657333333,35.074475833333,508082.792,3881305.796,0.563,2.096315,gps_course,18,0.155,2.000,20,508081.757,3881307.754,-0.039312,0.025722,0.029776,0.5600,0.547,0.016,TRACKING|w0 d0 L18
48.232916,129.088657333333,35.074475833333,508082.792,3881305.796,0.563,2.096315,gps_course,18,0.155,2.000,20,508081.757,3881307.754,-0.039312,0.025722,0.028154,0.5600,0.547,0.016,TRACKING|w0 d0 L18
48.284752,129.088657333333,35.074475833333,508082.792,3881305.796,0.563,2.096315,gps_course,18,0.155,2.000,20,508081.757,3881307.754,-0.039312,0.025722,0.027182,0.5600,0.547,0.016,TRACKING|w0 d0 L18
48.332919,129.088657333333,35.074475833333,508082.792,3881305.796,0.563,2.096315,gps_course,18,0.155,2.000,20,508081.757,3881307.754,-0.039312,0.025722,0.026598,0.5600,0.567,-0.003,TRACKING|w0 d0 L18
48.383002,129.088656666667,35.074477000000,508082.732,3881305.925,0.550,2.056871,gps_course,18,0.024,2.000,20,508081.757,3881307.754,0.003315,0.000000,0.015959,0.5600,0.567,-0.017,TRACKING|w0 d0 L18
48.433121,129.088656666667,35.074477000000,508082.732,3881305.925,0.550,2.056871,gps_course,18,0.024,2.000,20,508081.757,3881307.754,0.003315,0.000000,0.009575,0.5600,0.567,-0.017,TRACKING|w0 d0 L18
48.483065,129.088656666667,35.074477000000,508082.732,3881305.925,0.550,2.056871,gps_course,18,0.024,2.000,20,508081.757,3881307.754,0.003315,0.000000,0.005745,0.5600,0.567,-0.017,TRACKING|w0 d0 L18
48.533033,129.088656666667,35.074477000000,508082.732,3881305.925,0.550,2.056871,gps_course,18,0.024,2.000,20,508081.757,3881307.754,0.003315,0.000000,0.003447,0.5600,0.547,0.003,TRACKING|w0 d0 L18
48.583690,129.088656666667,35.074477000000,508082.732,3881305.925,0.550,2.056871,gps_course,18,0.024,2.000,20,508081.757,3881307.754,0.003315,0.000000,0.002068,0.5600,0.547,0.003,TRACKING|w0 d0 L18
48.633169,129.088655833333,35.074478166667,508082.655,3881306.054,0.547,2.083400,gps_course,18,0.144,2.000,21,508081.270,3881308.696,-0.029705,0.014436,0.007015,0.5600,0.547,-0.000,TRACKING|w0 d0 L18
48.682898,129.088655833333,35.074478166667,508082.655,3881306.054,0.547,2.083400,gps_course,18,0.144,2.000,21,508081.270,3881308.696,-0.029705,0.014436,0.009984,0.5600,0.547,-0.000,TRACKING|w0 d0 L18
48.733367,129.088655833333,35.074478166667,508082.655,3881306.054,0.547,2.083400,gps_course,18,0.144,2.000,21,508081.270,3881308.696,-0.029705,0.014436,0.011765,0.5600,0.567,-0.020,TRACKING|w0 d0 L18
48.782868,129.088655833333,35.074478166667,508082.655,3881306.054,0.547,2.083400,gps_course,18,0.144,2.000,21,508081.270,3881308.696,-0.029705,0.014436,0.012833,0.5600,0.567,-0.020,TRACKING|w0 d0 L18
48.835700,129.088655833333,35.074478166667,508082.655,3881306.054,0.547,2.083400,gps_course,18,0.144,2.000,21,508081.270,3881308.696,-0.029705,0.014436,0.013475,0.5600,0.567,-0.020,TRACKING|w0 d0 L18
48.882826,129.088655166667,35.074479166667,508082.595,3881306.165,0.579,2.108707,gps_course,18,0.269,2.000,21,508081.270,3881308.696,-0.055869,0.028337,0.019420,0.5600,0.567,0.013,TRACKING|w0 d0 L18
48.932927,129.088655166667,35.074479166667,508082.595,3881306.165,0.579,2.108707,gps_course,18,0.269,2.000,21,508081.270,3881308.696,-0.055869,0.028337,0.022987,0.5600,0.567,0.013,TRACKING|w0 d0 L18
48.983022,129.088655166667,35.074479166667,508082.595,3881306.165,0.579,2.108707,gps_course,18,0.269,2.000,21,508081.270,3881308.696,-0.055869,0.028337,0.025127,0.5600,0.567,0.013,TRACKING|w0 d0 L18
49.032905,129.088655166667,35.074479166667,508082.595,3881306.165,0.579,2.108707,gps_course,18,0.269,2.000,21,508081.270,3881308.696,-0.055869,0.028337,0.026411,0.5600,0.567,0.013,TRACKING|w0 d0 L18
49.084590,129.088655166667,35.074479166667,508082.595,3881306.165,0.579,2.108707,gps_course,18,0.269,2.000,21,508081.270,3881308.696,-0.055869,0.028337,0.027182,0.5600,0.567,0.013,TRACKING|w0 d0 L18
49.132895,129.088654333333,35.074480333333,508082.518,3881306.294,0.591,2.010445,gps_course,18,0.419,2.000,21,508081.270,3881308.696,0.039633,-0.021223,0.007820,0.5600,0.547,0.044,TRACKING|w0 d0 L18
49.182920,129.088654333333,35.074480333333,508082.518,3881306.294,0.591,2.010445,gps_course,18,0.419,2.000,21,508081.270,3881308.696,0.039633,-0.021223,-0.003798,0.5600,0.547,0.044,TRACKING|w0 d0 L18
49.233088,129.088654333333,35.074480333333,508082.518,3881306.294,0.591,2.010445,gps_course,18,0.419,2.000,21,508081.270,3881308.696,0.039633,-0.021223,-0.010768,0.5600,0.547,0.044,TRACKING|w0 d0 L18
49.283192,129.088654333333,35.074480333333,508082.518,3881306.294,0.591,2.010445,gps_course,18,0.419,2.000,21,508081.270,3881308.696,0.039633,-0.021223,-0.014950,0.5600,0.547,0.044,TRACKING|w0 d0 L18
49.333082,129.088654333333,35.074480333333,508082.518,3881306.294,0.591,2.010445,gps_course,18,0.419,2.000,21,508081.270,3881308.696,0.039633,-0.021223,-0.017459,0.5600,0.567,0.024,TRACKING|w0 d0 L18
49.382861,129.088653666667,35.074481500000,508082.458,3881306.424,0.588,2.092126,gps_course,19,0.499,2.000,21,508081.270,3881308.696,-0.039862,0.022535,-0.001462,0.5600,0.567,0.021,TRACKING|w0 d0 L19
49.433062,129.088653666667,35.074481500000,508082.458,3881306.424,0.588,2.092126,gps_course,19,0.499,2.000,21,508081.270,3881308.696,-0.039862,0.022535,0.008137,0.5600,0.567,0.021,TRACKING|w0 d0 L19
49.483042,129.088653666667,35.074481500000,508082.458,3881306.424,0.588,2.092126,gps_course,19,0.499,2.000,21,508081.270,3881308.696,-0.039862,0.022535,0.013896,0.5600,0.567,0.021,TRACKING|w0 d0 L19
49.533133,129.088653666667,35.074481500000,508082.458,3881306.424,0.588,2.092126,gps_course,19,0.499,2.000,21,508081.270,3881308.696,-0.039862,0.022535,0.017351,0.5600,0.547,0.041,TRACKING|w0 d0 L19
49.582895,129.088653666667,35.074481500000,508082.458,3881306.424,0.588,2.092126,gps_course,19,0.499,2.000,21,508081.270,3881308.696,-0.039862,0.022535,0.019425,0.5600,0.547,0.041,TRACKING|w0 d0 L19
49.634915,129.088652833333,35.074482666667,508082.381,3881306.553,0.530,2.067342,gps_course,19,0.349,2.000,21,508081.270,3881308.696,-0.018209,0.010936,0.016029,0.5600,0.547,-0.017,TRACKING|w0 d0 L19
49.683228,129.088652833333,35.074482666667,508082.381,3881306.553,0.530,2.067342,gps_course,19,0.349,2.000,21,508081.270,3881308.696,-0.018209,0.010936,0.013992,0.5600,0.547,-0.017,TRACKING|w0 d0 L19
49.732956,129.088652833333,35.074482666667,508082.381,3881306.553,0.530,2.067342,gps_course,19,0.349,2.000,21,508081.270,3881308.696,-0.018209,0.010936,0.012770,0.5600,0.567,-0.037,TRACKING|w0 d0 L19
49.782999,129.088652833333,35.074482666667,508082.381,3881306.553,0.530,2.067342,gps_course,19,0.349,2.000,21,508081.270,3881308.696,-0.018209,0.010936,0.012036,0.5600,0.567,-0.037,TRACKING|w0 d0 L19
49.832831,129.088652833333,35.074482666667,508082.381,3881306.553,0.530,2.067342,gps_course,19,0.349,2.000,21,508081.270,3881308.696,-0.018209,0.010936,0.011596,0.5600,0.567,-0.037,TRACKING|w0 d0 L19
49.883486,129.088652166667,35.074483666667,508082.321,3881306.664,0.569,2.150071,gps_course,19,0.223,2.000,21,508081.270,3881308.696,-0.102259,0.064615,0.032804,0.5600,0.567,0.002,TRACKING|w0 d0 L19
49.933226,129.088652166667,35.074483666667,508082.321,3881306.664,0.569,2.150071,gps_course,19,0.223,2.000,21,508081.270,3881308.696,-0.102259,0.064615,0.045528,0.5600,0.547,0.022,TRACKING|w0 d0 L19
49.984773,129.088652166667,35.074483666667,508082.321,3881306.664,0.569,2.150071,gps_course,19,0.223,2.000,21,508081.270,3881308.696,-0.102259,0.064615,0.053163,0.5600,0.547,0.022,TRACKING|w0 d0 L19
50.032858,129.088652166667,35.074483666667,508082.321,3881306.664,0.569,2.150071,gps_course,19,0.223,2.000,21,508081.270,3881308.696,-0.102259,0.064615,0.057744,0.5600,0.547,0.022,TRACKING|w0 d0 L19
50.083067,129.088652166667,35.074483666667,508082.321,3881306.664,0.569,2.150071,gps_course,19,0.223,2.000,21,508081.270,3881308.696,-0.102259,0.064615,0.060492,0.5600,0.547,0.022,TRACKING|w0 d0 L19
50.133005,129.088651500000,35.074484833333,508082.260,3881306.793,0.555,2.037148,gps_course,19,0.080,2.000,21,508081.270,3881308.696,0.013126,0.000000,0.036295,0.5600,0.567,-0.012,TRACKING|w0 d0 L19
50.183060,129.088651500000,35.074484833333,508082.260,3881306.793,0.555,2.037148,gps_course,19,0.080,2.000,21,508081.270,3881308.696,0.013126,0.000000,0.021777,0.5600,0.567,-0.012,TRACKING|w0 d0 L19
50.233073,129.088651500000,35.074484833333,508082.260,3881306.793,0.555,2.037148,gps_course,19,0.080,2.000,21,508081.270,3881308.696,0.013126,0.000000,0.013066,0.5600,0.567,-0.012,TRACKING|w0 d0 L19
50.282901,129.088651500000,35.074484833333,508082.260,3881306.793,0.555,2.037148,gps_course,19,0.080,2.000,21,508081.270,3881308.696,0.013126,0.000000,0.007840,0.5600,0.567,-0.012,TRACKING|w0 d0 L19
50.333652,129.088651500000,35.074484833333,508082.260,3881306.793,0.555,2.037148,gps_course,19,0.080,2.000,21,508081.270,3881308.696,0.013126,0.000000,0.004704,0.5600,0.547,0.008,TRACKING|w0 d0 L19
50.382857,129.088650666667,35.074486000000,508082.184,3881306.923,0.563,2.095268,gps_course,19,0.072,2.000,22,508080.753,3881309.601,-0.033923,0.016193,0.009299,0.5600,0.547,0.016,TRACKING|w0 d0 L19
50.433082,129.088650666667,35.074486000000,508082.184,3881306.923,0.563,2.095268,gps_course,19,0.072,2.000,22,508080.753,3881309.601,-0.033923,0.016193,0.012057,0.5600,0.547,0.016,TRACKING|w0 d0 L19
50.482999,129.088650666667,35.074486000000,508082.184,3881306.923,0.563,2.095268,gps_course,19,0.072,2.000,22,508080.753,3881309.601,-0.033923,0.016193,0.013711,0.5600,0.547,0.016,TRACKING|w0 d0 L19
50.532967,129.088650666667,35.074486000000,508082.184,3881306.923,0.563,2.095268,gps_course,19,0.072,2.000,22,508080.753,3881309.601,-0.033923,0.016193,0.014704,0.5600,0.586,-0.023,TRACKING|w0 d0 L19
50.583009,129.088650666667,35.074486000000,508082.184,3881306.923,0.563,2.095268,gps_course,19,0.072,2.000,22,508080.753,3881309.601,-0.033923,0.016193,0.015299,0.5600,0.586,-0.023,TRACKING|w0 d0 L19
50.632948,129.088650000000,35.074487000000,508082.123,3881307.033,0.587,2.068913,gps_course,19,0.197,2.000,22,508080.753,3881309.601,-0.008077,0.000000,0.009180,0.5600,0.586,0.001,TRACKING|w0 d0 L19
50.686037,129.088650000000,35.074487000000,508082.123,3881307.033,0.587,2.068913,gps_course,19,0.197,2.000,22,508080.753,3881309.601,-0.008077,0.000000,0.005508,0.5600,0.586,0.001,TRACKING|w0 d0 L19
50.732911,129.088650000000,35.074487000000,508082.123,3881307.033,0.587,2.068913,gps_course,19,0.197,2.000,22,508080.753,3881309.601,-0.008077,0.000000,0.003305,0.5600,0.547,0.039,TRACKING|w0 d0 L19
50.783107,129.088650000000,35.074487000000,508082.123,3881307.033,0.587,2.068913,gps_course,19,0.197,2.000,22,508080.753,3881309.601,-0.008077,0.000000,0.001983,0.5600,0.547,0.039,TRACKING|w0 d0 L19
50.832977,129.088650000000,35.074487000000,508082.123,3881307.033,0.587,2.068913,gps_course,19,0.197,2.000,22,508080.753,3881309.601,-0.008077,0.000000,0.001190,0.5600,0.547,0.039,TRACKING|w0 d0 L19
50.882999,129.088649333333,35.074488166667,508082.062,3881307.163,0.551,2.051111,gps_course,19,0.340,2.000,22,508080.753,3881309.601,0.012305,0.000000,0.000714,0.5600,0.547,0.003,TRACKING|w0 d0 L19
50.933333,129.088649333333,35.074488166667,508082.062,3881307.163,0.551,2.051111,gps_course,19,0.340,2.000,22,508080.753,3881309.601,0.012305,0.000000,0.000428,0.5600,0.567,-0.016,TRACKING|w0 d0 L19
50.982878,129.088649333333,35.074488166667,508082.062,3881307.163,0.551,2.051111,gps_course,19,0.340,2.000,22,508080.753,3881309.601,0.012305,0.000000,0.000257,0.5600,0.567,-0.016,TRACKING|w0 d0 L19
51.032961,129.088649333333,35.074488166667,508082.062,3881307.163,0.551,2.051111,gps_course,19,0.340,2.000,22,508080.753,3881309.601,0.012305,0.000000,0.000154,0.5600,0.567,-0.016,TRACKING|w0 d0 L19
51.083014,129.088649333333,35.074488166667,508082.062,3881307.163,0.551,2.051111,gps_course,19,0.340,2.000,22,508080.753,3881309.601,0.012305,0.000000,0.000093,0.5600,0.567,-0.016,TRACKING|w0 d0 L19
51.132991,129.088648500000,35.074489333333,508081.986,3881307.292,0.584,2.053554,gps_course,21,1.576,2.000,22,508080.753,3881309.601,0.007614,0.000000,0.000056,0.5600,0.547,0.037,TRACKING|w0 d0 L21
51.182906,129.088648500000,35.074489333333,508081.986,3881307.292,0.584,2.053554,gps_course,23,1.606,2.000,27,508083.249,3881304.761,3.121832,0.010128,0.004084,-0.5600,0.547,0.037,REVERSE|w1 d1 L23
51.233124,129.088648500000,35.074489333333,508081.986,3881307.292,0.584,-1.057479,route_tangent,24,0.400,2.000,27,508083.249,3881304.761,-0.050320,0.000000,0.002451,-0.5600,0.547,0.037,REVERSE|w1 d1 L24
51.282991,129.088648500000,35.074489333333,508081.986,3881307.292,0.584,-1.040666,route_tangent,24,0.400,2.000,27,508083.249,3881304.761,-0.067133,0.000000,0.001470,-0.5600,0.547,0.037,REVERSE|w1 d1 L24
51.333050,129.088648500000,35.074489333333,508081.986,3881307.292,0.584,-1.040666,route_tangent,24,0.400,2.000,27,508083.249,3881304.761,-0.067133,0.000000,0.000882,-0.5600,0.567,0.018,REVERSE|w1 d1 L24
51.383523,129.088647666667,35.074490500000,508081.910,3881307.421,0.578,-1.040666,route_tangent,24,0.252,2.000,27,508083.249,3881304.761,-0.063667,0.000000,0.000529,-0.5600,0.567,0.011,REVERSE|w1 d1 L24
51.432982,129.088647666667,35.074490500000,508081.910,3881307.421,0.578,-1.040666,route_tangent,24,0.252,2.000,27,508083.249,3881304.761,-0.063667,0.000000,0.000318,-0.5600,0.567,0.011,REVERSE|w1 d1 L24
51.483241,129.088647666667,35.074490500000,508081.910,3881307.421,0.578,-1.040666,route_tangent,24,0.252,2.000,27,508083.249,3881304.761,-0.063667,0.000000,0.000191,-0.5600,0.567,0.011,REVERSE|w1 d1 L24
51.532915,129.088647666667,35.074490500000,508081.910,3881307.421,0.578,-1.040666,route_tangent,24,0.252,2.000,27,508083.249,3881304.761,-0.063667,0.000000,0.000114,-0.5600,0.339,0.239,REVERSE|w1 d1 L24
51.582914,129.088647666667,35.074490500000,508081.910,3881307.421,0.578,-1.040666,route_tangent,24,0.252,2.000,27,508083.249,3881304.761,-0.063667,0.000000,0.000069,-0.5600,0.339,0.239,REVERSE|w1 d1 L24
51.632885,129.088647000000,35.074491500000,508081.849,3881307.532,0.538,-1.040666,route_tangent,24,0.130,2.000,26,508082.914,3881305.814,0.024855,0.000000,0.000041,-0.5600,0.339,0.199,REVERSE|w1 d1 L24
51.683610,129.088647000000,35.074491500000,508081.849,3881307.532,0.538,-1.040666,route_tangent,24,0.130,2.000,26,508082.914,3881305.814,0.024855,0.000000,0.000025,-0.5600,0.339,0.199,REVERSE|w1 d1 L24
51.733049,129.088647000000,35.074491500000,508081.849,3881307.532,0.538,-1.040666,route_tangent,24,0.130,2.000,26,508082.914,3881305.814,0.024855,0.000000,0.000015,-0.5600,0.019,0.519,REVERSE|w1 d1 L24
51.782877,129.088647000000,35.074491500000,508081.849,3881307.532,0.538,-1.040666,route_tangent,24,0.130,2.000,26,508082.914,3881305.814,0.024855,0.000000,0.000009,-0.5600,0.019,0.519,REVERSE|w1 d1 L24
51.833042,129.088647000000,35.074491500000,508081.849,3881307.532,0.538,-1.040666,route_tangent,24,0.130,2.000,26,508082.914,3881305.814,0.024855,0.000000,0.000005,-0.5600,0.019,0.519,REVERSE|w1 d1 L24
51.882990,129.088647333333,35.074491333333,508081.879,3881307.514,0.104,-1.040666,route_tangent,24,0.155,2.000,27,508083.249,3881304.761,-0.068328,0.000000,0.000003,-0.5600,0.019,0.085,REVERSE|w1 d1 L24
51.933193,129.088647333333,35.074491333333,508081.879,3881307.514,0.104,-1.040666,route_tangent,24,0.155,2.000,27,508083.249,3881304.761,-0.068328,0.000000,0.000002,-0.5600,-0.114,0.218,REVERSE|w1 d1 L24
51.982874,129.088647333333,35.074491333333,508081.879,3881307.514,0.104,-1.040666,route_tangent,24,0.155,2.000,27,508083.249,3881304.761,-0.068328,0.000000,0.000001,-0.5600,-0.114,0.218,REVERSE|w1 d1 L24
52.032893,129.088647333333,35.074491333333,508081.879,3881307.514,0.104,-1.040666,route_tangent,24,0.155,2.000,27,508083.249,3881304.761,-0.068328,0.000000,0.000001,-0.5600,-0.114,0.218,REVERSE|w1 d1 L24
52.082854,129.088647333333,35.074491333333,508081.879,3881307.514,0.104,-1.040666,route_tangent,24,0.155,2.000,27,508083.249,3881304.761,-0.068328,0.000000,0.000000,-0.5600,-0.114,0.218,REVERSE|w1 d1 L24
52.133127,129.088647500000,35.074490833333,508081.894,3881307.458,0.222,-1.040666,route_tangent,24,0.212,2.000,27,508083.249,3881304.761,-0.064667,0.000000,0.000000,-0.5600,-0.114,0.336,REVERSE|w1 d1 L24
52.183061,129.088647500000,35.074490833333,508081.894,3881307.458,0.222,-1.040666,route_tangent,24,0.212,2.000,27,508083.249,3881304.761,-0.064667,0.000000,0.000000,-0.5600,-0.114,0.336,REVERSE|w1 d1 L24
52.232990,129.088647500000,35.074490833333,508081.894,3881307.458,0.222,-1.040666,route_tangent,24,0.212,2.000,27,508083.249,3881304.761,-0.064667,0.000000,0.000000,-0.5600,-0.114,0.336,REVERSE|w1 d1 L24
52.284751,129.088647500000,35.074490833333,508081.894,3881307.458,0.222,-1.040666,route_tangent,24,0.212,2.000,27,508083.249,3881304.761,-0.064667,0.000000,0.000000,-0.5600,-0.114,0.336,REVERSE|w1 d1 L24
52.332899,129.088647500000,35.074490833333,508081.894,3881307.458,0.222,-1.040666,route_tangent,24,0.212,2.000,27,508083.249,3881304.761,-0.064667,0.000000,0.000000,-0.5600,-0.056,0.278,REVERSE|w1 d1 L24
52.383652,129.088647666667,35.074490666667,508081.910,3881307.440,0.081,-1.040666,route_tangent,24,0.234,2.000,27,508083.249,3881304.761,-0.066437,-0.032130,-0.012852,-0.5600,-0.056,0.137,REVERSE|w1 d1 L24
52.432937,129.088647666667,35.074490666667,508081.910,3881307.440,0.081,-1.040666,route_tangent,24,0.234,2.000,27,508083.249,3881304.761,-0.066437,-0.032130,-0.020563,-0.5600,-0.056,0.137,REVERSE|w1 d1 L24
52.483580,129.088647666667,35.074490666667,508081.910,3881307.440,0.081,-1.040666,route_tangent,24,0.234,2.000,27,508083.249,3881304.761,-0.066437,-0.032130,-0.025190,-0.5600,-0.056,0.137,REVERSE|w1 d1 L24
52.533215,129.088647666667,35.074490666667,508081.910,3881307.440,0.081,-1.040666,route_tangent,24,0.234,2.000,27,508083.249,3881304.761,-0.066437,-0.032130,-0.027966,-0.5600,-0.019,0.101,REVERSE|w1 d1 L24
52.583793,129.088647666667,35.074490666667,508081.910,3881307.440,0.081,-1.040666,route_tangent,24,0.234,2.000,27,508083.249,3881304.761,-0.066437,-0.032130,-0.029631,-0.5600,-0.019,0.101,REVERSE|w1 d1 L24
52.633240,129.088647666667,35.074490666667,508081.910,3881307.440,0.029,-1.040666,route_tangent,24,0.234,2.000,27,508083.249,3881304.761,-0.066437,-0.032130,-0.030631,-0.5600,-0.019,0.048,REVERSE|w1 d1 L24
52.683947,129.088647666667,35.074490666667,508081.910,3881307.440,0.029,-1.040666,route_tangent,24,0.234,2.000,27,508083.249,3881304.761,-0.066437,-0.032130,-0.031230,-0.5600,-0.019,0.048,REVERSE|w1 d1 L24
52.733095,129.088647666667,35.074490666667,508081.910,3881307.440,0.029,-1.040666,route_tangent,24,0.234,2.000,27,508083.249,3881304.761,-0.066437,-0.032130,-0.031590,-0.5600,-0.019,0.048,REVERSE|w1 d1 L24
52.782913,129.088647666667,35.074490666667,508081.910,3881307.440,0.029,-1.040666,route_tangent,24,0.234,2.000,27,508083.249,3881304.761,-0.066437,-0.032130,-0.031806,-0.5600,-0.019,0.048,REVERSE|w1 d1 L24
52.834010,129.088647666667,35.074490666667,508081.910,3881307.440,0.029,-1.040666,route_tangent,24,0.234,2.000,27,508083.249,3881304.761,-0.066437,-0.032130,-0.031935,-0.5600,-0.019,0.048,REVERSE|w1 d1 L24
52.883025,129.088647500000,35.074490833333,508081.894,3881307.458,0.052,-1.040666,route_tangent,24,0.212,2.000,27,508083.249,3881304.761,-0.064667,-0.031033,-0.031575,-0.5600,-0.019,0.072,REVERSE|w1 d1 L24
52.932995,129.088647500000,35.074490833333,508081.894,3881307.458,0.052,-1.040666,route_tangent,24,0.212,2.000,27,508083.249,3881304.761,-0.064667,-0.031033,-0.031358,-0.5600,-0.019,0.072,REVERSE|w1 d1 L24
52.983110,129.088647500000,35.074490833333,508081.894,3881307.458,0.052,-1.040666,route_tangent,24,0.212,2.000,27,508083.249,3881304.761,-0.064667,-0.031033,-0.031228,-0.5600,-0.019,0.072,REVERSE|w1 d1 L24
53.032971,129.088647500000,35.074490833333,508081.894,3881307.458,0.052,-1.040666,route_tangent,24,0.212,2.000,27,508083.249,3881304.761,-0.064667,-0.031033,-0.031150,-0.5600,-0.019,0.072,REVERSE|w1 d1 L24
53.086365,129.088647500000,35.074490833333,508081.894,3881307.458,0.052,-1.040666,route_tangent,24,0.212,2.000,27,508083.249,3881304.761,-0.064667,-0.031033,-0.031104,-0.5600,-0.019,0.072,REVERSE|w1 d1 L24
53.132867,129.088647500000,35.074490833333,508081.894,3881307.458,0.015,-1.040666,route_tangent,24,0.212,2.000,27,508083.249,3881304.761,-0.064667,-0.031033,-0.031076,-0.5600,-0.019,0.035,REVERSE|w1 d1 L24
53.182952,129.088647500000,35.074490833333,508081.894,3881307.458,0.015,-1.040666,route_tangent,24,0.212,2.000,27,508083.249,3881304.761,-0.064667,-0.031033,-0.031059,-0.5600,-0.019,0.035,REVERSE|w1 d1 L24
53.232893,129.088647500000,35.074490833333,508081.894,3881307.458,0.015,-1.040666,route_tangent,24,0.212,2.000,27,508083.249,3881304.761,-0.064667,-0.031033,-0.031049,-0.5600,-0.019,0.035,REVERSE|w1 d1 L24
53.283091,129.088647500000,35.074490833333,508081.894,3881307.458,0.015,-1.040666,route_tangent,24,0.212,2.000,27,508083.249,3881304.761,-0.064667,-0.031033,-0.031043,-0.5600,-0.019,0.035,REVERSE|w1 d1 L24
53.333267,129.088647500000,35.074490833333,508081.894,3881307.458,0.015,-1.040666,route_tangent,24,0.212,2.000,27,508083.249,3881304.761,-0.064667,-0.031033,-0.031039,-0.5600,-0.056,0.071,REVERSE|w1 d1 L24
53.382872,129.088647666667,35.074490666667,508081.910,3881307.440,0.050,-1.040666,route_tangent,24,0.234,2.000,27,508083.249,3881304.761,-0.066437,-0.032130,-0.031475,-0.5600,-0.056,0.106,REVERSE|w1 d1 L24
53.432947,129.088647666667,35.074490666667,508081.910,3881307.440,0.050,-1.040666,route_tangent,24,0.234,2.000,27,508083.249,3881304.761,-0.066437,-0.032130,-0.031737,-0.5600,-0.056,0.106,REVERSE|w1 d1 L24
53.482855,129.088647666667,35.074490666667,508081.910,3881307.440,0.050,-1.040666,route_tangent,24,0.234,2.000,27,508083.249,3881304.761,-0.066437,-0.032130,-0.031894,-0.5600,-0.056,0.106,REVERSE|w1 d1 L24
53.533132,129.088647666667,35.074490666667,508081.910,3881307.440,0.050,-1.040666,route_tangent,24,0.234,2.000,27,508083.249,3881304.761,-0.066437,-0.032130,-0.031988,-0.5600,-0.056,0.106,REVERSE|w1 d1 L24
53.582947,129.088647666667,35.074490666667,508081.910,3881307.440,0.050,-1.040666,route_tangent,24,0.234,2.000,27,508083.249,3881304.761,-0.066437,-0.032130,-0.032045,-0.5600,-0.056,0.106,REVERSE|w1 d1 L24
53.633754,129.088647666667,35.074490500000,508081.910,3881307.421,0.050,-1.040666,route_tangent,24,0.252,2.000,27,508083.249,3881304.761,-0.063667,-0.030963,-0.031612,-0.5600,-0.056,0.106,REVERSE|w1 d1 L24
53.682890,129.088647666667,35.074490500000,508081.910,3881307.421,0.050,-1.040666,route_tangent,24,0.252,2.000,27,508083.249,3881304.761,-0.063667,-0.030963,-0.031353,-0.5600,-0.056,0.106,REVERSE|w1 d1 L24
53.732937,129.088647666667,35.074490500000,508081.910,3881307.421,0.050,-1.040666,route_tangent,24,0.252,2.000,27,508083.249,3881304.761,-0.063667,-0.030963,-0.031197,-0.5600,-0.075,0.125,REVERSE|w1 d1 L24
53.782972,129.088647666667,35.074490500000,508081.910,3881307.421,0.050,-1.040666,route_tangent,24,0.252,2.000,27,508083.249,3881304.761,-0.063667,-0.030963,-0.031103,-0.5600,-0.075,0.125,REVERSE|w1 d1 L24
53.832964,129.088647666667,35.074490500000,508081.910,3881307.421,0.050,-1.040666,route_tangent,24,0.252,2.000,27,508083.249,3881304.761,-0.063667,-0.030963,-0.031047,-0.5600,-0.075,0.125,REVERSE|w1 d1 L24
53.885775,129.088647833333,35.074490500000,508081.925,3881307.421,0.050,-1.040666,route_tangent,24,0.257,2.000,27,508083.249,3881304.761,-0.068236,-0.033256,-0.031931,-0.5600,-0.075,0.125,REVERSE|w1 d1 L24
53.932858,129.088647833333,35.074490500000,508081.925,3881307.421,0.050,-1.040666,route_tangent,24,0.257,2.000,27,508083.249,3881304.761,-0.068236,-0.033256,-0.032461,-0.5600,-0.094,0.145,REVERSE|w1 d1 L24
53.983152,129.088647833333,35.074490500000,508081.925,3881307.421,0.050,-1.040666,route_tangent,24,0.257,2.000,27,508083.249,3881304.761,-0.068236,-0.033256,-0.032779,-0.5600,-0.094,0.145,REVERSE|w1 d1 L24
54.033004,129.088647833333,35.074490500000,508081.925,3881307.421,0.050,-1.040666,route_tangent,24,0.257,2.000,27,508083.249,3881304.761,-0.068236,-0.033256,-0.032970,-0.5600,-0.094,0.145,REVERSE|w1 d1 L24
54.083036,129.088647833333,35.074490500000,508081.925,3881307.421,0.050,-1.040666,route_tangent,24,0.257,2.000,27,508083.249,3881304.761,-0.068236,-0.033256,-0.033084,-0.5600,-0.094,0.145,REVERSE|w1 d1 L24
54.133112,129.088648000000,35.074490166667,508081.940,3881307.384,0.145,-1.040666,route_tangent,24,0.297,2.000,27,508083.249,3881304.761,-0.067269,-0.033231,-0.033143,-0.5600,-0.133,0.278,REVERSE|w1 d1 L24
54.182861,129.088648000000,35.074490166667,508081.940,3881307.384,0.145,-1.040666,route_tangent,24,0.297,2.000,27,508083.249,3881304.761,-0.067269,-0.033231,-0.033178,-0.5600,-0.133,0.278,REVERSE|w1 d1 L24
54.233012,129.088648000000,35.074490166667,508081.940,3881307.384,0.145,-1.040666,route_tangent,24,0.297,2.000,27,508083.249,3881304.761,-0.067269,-0.033231,-0.033199,-0.5600,-0.133,0.278,REVERSE|w1 d1 L24
54.282854,129.088648000000,35.074490166667,508081.940,3881307.384,0.145,-1.040666,route_tangent,24,0.297,2.000,27,508083.249,3881304.761,-0.067269,-0.033231,-0.033212,-0.5600,-0.133,0.278,REVERSE|w1 d1 L24
54.333935,129.088648000000,35.074490166667,508081.940,3881307.384,0.145,-1.040666,route_tangent,24,0.297,2.000,27,508083.249,3881304.761,-0.067269,-0.033231,-0.033220,-0.5600,-0.189,0.334,REVERSE|w1 d1 L24
54.382880,129.088648333333,35.074489666667,508081.971,3881307.329,0.183,-1.040666,route_tangent,24,0.360,2.000,27,508083.249,3881304.761,-0.068137,-0.034400,-0.033692,-0.5600,-0.189,0.372,REVERSE|w1 d1 L24
54.433684,129.088648333333,35.074489666667,508081.971,3881307.329,0.183,-1.040666,route_tangent,24,0.360,2.000,27,508083.249,3881304.761,-0.068137,-0.034400,-0.033975,-0.5600,-0.189,0.372,REVERSE|w1 d1 L24
54.483038,129.088648333333,35.074489666667,508081.971,3881307.329,0.183,-1.040666,route_tangent,24,0.360,2.000,27,508083.249,3881304.761,-0.068137,-0.034400,-0.034145,-0.5600,-0.189,0.372,REVERSE|w1 d1 L24
54.533073,129.088648333333,35.074489666667,508081.971,3881307.329,0.183,-1.040666,route_tangent,24,0.360,2.000,27,508083.249,3881304.761,-0.068137,-0.034400,-0.034247,-0.5600,-0.208,0.391,REVERSE|w1 d1 L24
54.582998,129.088648333333,35.074489666667,508081.971,3881307.329,0.183,-1.040666,route_tangent,24,0.360,2.000,27,508083.249,3881304.761,-0.068137,-0.034400,-0.034308,-0.5600,-0.208,0.391,REVERSE|w1 d1 L24
54.632930,129.088648500000,35.074489333333,508081.986,3881307.292,0.206,-1.040666,route_tangent,24,0.400,2.000,27,508083.249,3881304.761,-0.067133,-0.034371,-0.034333,-0.5600,-0.208,0.414,REVERSE|w1 d1 L24
54.683050,129.088648500000,35.074489333333,508081.986,3881307.292,0.206,-1.040666,route_tangent,24,0.400,2.000,27,508083.249,3881304.761,-0.067133,-0.034371,-0.034349,-0.5600,-0.208,0.414,REVERSE|w1 d1 L24
54.732880,129.088648500000,35.074489333333,508081.986,3881307.292,0.206,-1.040666,route_tangent,24,0.400,2.000,27,508083.249,3881304.761,-0.067133,-0.034371,-0.034358,-0.5600,-0.244,0.451,REVERSE|w1 d1 L24
54.785361,129.088648500000,35.074489333333,508081.986,3881307.292,0.206,-1.040666,route_tangent,24,0.400,2.000,27,508083.249,3881304.761,-0.067133,-0.034371,-0.034363,-0.5600,-0.244,0.451,REVERSE|w1 d1 L24
54.832915,129.088648500000,35.074489333333,508081.986,3881307.292,0.206,-1.040666,route_tangent,24,0.400,2.000,27,508083.249,3881304.761,-0.067133,-0.034371,-0.034366,-0.5600,-0.244,0.451,REVERSE|w1 d1 L24
54.883036,129.088648833333,35.074488833333,508082.016,3881307.237,0.248,-1.040666,route_tangent,24,0.463,2.000,27,508083.249,3881304.761,-0.068030,-0.035625,-0.034870,-0.5600,-0.244,0.493,REVERSE|w1 d1 L24
54.933016,129.088648833333,35.074488833333,508082.016,3881307.237,0.248,-1.040666,route_tangent,24,0.463,2.000,27,508083.249,3881304.761,-0.068030,-0.035625,-0.035172,-0.5600,-0.264,0.512,REVERSE|w1 d1 L24
54.982951,129.088648833333,35.074488833333,508082.016,3881307.237,0.248,-1.040666,route_tangent,24,0.463,2.000,27,508083.249,3881304.761,-0.068030,-0.035625,-0.035353,-0.5600,-0.264,0.512,REVERSE|w1 d1 L24
55.033370,129.088648833333,35.074488833333,508082.016,3881307.237,0.248,-1.040666,route_tangent,24,0.463,2.000,27,508083.249,3881304.761,-0.068030,-0.035625,-0.035462,-0.5600,-0.264,0.512,REVERSE|w1 d1 L24
55.082914,129.088648833333,35.074488833333,508082.016,3881307.237,0.248,-1.040666,route_tangent,24,0.463,2.000,27,508083.249,3881304.761,-0.068030,-0.035625,-0.035527,-0.5600,-0.264,0.512,REVERSE|w1 d1 L24
55.134243,129.088649166667,35.074488333333,508082.047,3881307.181,0.266,-1.040666,route_tangent,24,0.525,2.000,27,508083.249,3881304.761,-0.068969,-0.036959,-0.036100,-0.5600,-0.264,0.530,REVERSE|w1 d1 L24
55.182889,129.088649166667,35.074488333333,508082.047,3881307.181,0.266,-1.040666,route_tangent,24,0.525,2.000,27,508083.249,3881304.761,-0.068969,-0.036959,-0.036443,-0.5600,-0.264,0.530,REVERSE|w1 d1 L24
55.232905,129.088649166667,35.074488333333,508082.047,3881307.181,0.266,-1.040666,route_tangent,24,0.525,2.000,27,508083.249,3881304.761,-0.068969,-0.036959,-0.036649,-0.5600,-0.264,0.530,REVERSE|w1 d1 L24
55.283667,129.088649166667,35.074488333333,508082.047,3881307.181,0.266,-1.040666,route_tangent,24,0.525,2.000,27,508083.249,3881304.761,-0.068969,-0.036959,-0.036773,-0.5600,-0.264,0.530,REVERSE|w1 d1 L24
55.333007,129.088649166667,35.074488333333,508082.047,3881307.181,0.266,-1.040666,route_tangent,24,0.525,2.000,27,508083.249,3881304.761,-0.068969,-0.036959,-0.036847,-0.5600,-0.283,0.549,REVERSE|w1 d1 L24
55.383020,129.088649500000,35.074487666667,508082.077,3881307.107,0.283,-1.040666,route_tangent,25,0.517,2.000,27,508083.249,3881304.761,-0.066829,-0.036902,-0.036869,-0.5600,-0.283,0.567,REVERSE|w1 d1 L25
55.433325,129.088649500000,35.074487666667,508082.077,3881307.107,0.283,-1.042589,route_tangent,25,0.517,2.000,27,508083.249,3881304.761,-0.064906,-0.035843,-0.036459,-0.5600,-0.283,0.567,REVERSE|w1 d1 L25
55.483086,129.088649500000,35.074487666667,508082.077,3881307.107,0.283,-1.042589,route_tangent,25,0.517,2.000,27,508083.249,3881304.761,-0.064906,-0.035843,-0.036213,-0.5600,-0.283,0.567,REVERSE|w1 d1 L25
55.532939,129.088649500000,35.074487666667,508082.077,3881307.107,0.283,-1.042589,route_tangent,25,0.517,2.000,27,508083.249,3881304.761,-0.064906,-0.035843,-0.036065,-0.5600,-0.322,0.606,REVERSE|w1 d1 L25
55.583920,129.088649500000,35.074487666667,508082.077,3881307.107,0.283,-1.042589,route_tangent,25,0.517,2.000,27,508083.249,3881304.761,-0.064906,-0.035843,-0.035976,-0.5600,-0.322,0.606,REVERSE|w1 d1 L25
55.632988,129.088650000000,35.074487000000,508082.123,3881307.033,0.332,-1.042589,route_tangent,25,0.431,2.000,27,508083.249,3881304.761,-0.067988,-0.038820,-0.037114,-0.5600,-0.322,0.654,REVERSE|w1 d1 L25
55.682920,129.088650000000,35.074487000000,508082.123,3881307.033,0.332,-1.042589,route_tangent,25,0.431,2.000,27,508083.249,3881304.761,-0.067988,-0.038820,-0.037796,-0.5600,-0.322,0.654,REVERSE|w1 d1 L25
55.733045,129.088650000000,35.074487000000,508082.123,3881307.033,0.332,-1.042589,route_tangent,25,0.431,2.000,27,508083.249,3881304.761,-0.067988,-0.038820,-0.038205,-0.5600,-0.358,0.690,REVERSE|w1 d1 L25
55.782978,129.088650000000,35.074487000000,508082.123,3881307.033,0.332,-1.042589,route_tangent,25,0.431,2.000,27,508083.249,3881304.761,-0.067988,-0.038820,-0.038451,-0.5600,-0.358,0.690,REVERSE|w1 d1 L25
55.833082,129.088650000000,35.074487000000,508082.123,3881307.033,0.332,-1.042589,route_tangent,25,0.431,2.000,27,508083.249,3881304.761,-0.067988,-0.038820,-0.038599,-0.5600,-0.358,0.690,REVERSE|w1 d1 L25
55.883261,129.088650500000,35.074486166667,508082.168,3881306.941,0.384,-1.042589,route_tangent,25,0.331,2.000,27,508083.249,3881304.761,-0.067942,-0.040435,-0.039333,-0.5600,-0.358,0.742,REVERSE|w1 d1 L25
55.934789,129.088650500000,35.074486166667,508082.168,3881306.941,0.384,-1.042589,route_tangent,25,0.331,2.000,27,508083.249,3881304.761,-0.067942,-0.040435,-0.039774,-0.5600,-0.397,0.781,REVERSE|w1 d1 L25
55.982903,129.088650500000,35.074486166667,508082.168,3881306.941,0.384,-1.042589,route_tangent,25,0.331,2.000,27,508083.249,3881304.761,-0.067942,-0.040435,-0.040038,-0.5600,-0.397,0.781,REVERSE|w1 d1 L25
56.033003,129.088650500000,35.074486166667,508082.168,3881306.941,0.384,-1.042589,route_tangent,25,0.331,2.000,27,508083.249,3881304.761,-0.067942,-0.040435,-0.040197,-0.5600,-0.397,0.781,REVERSE|w1 d1 L25
56.083004,129.088650500000,35.074486166667,508082.168,3881306.941,0.384,-1.042589,route_tangent,25,0.331,2.000,27,508083.249,3881304.761,-0.067942,-0.040435,-0.040292,-0.5600,-0.397,0.781,REVERSE|w1 d1 L25
56.132955,129.088650833333,35.074485333333,508082.199,3881306.849,0.402,-1.042589,route_tangent,25,0.247,2.000,27,508083.249,3881304.761,-0.062064,-0.038465,-0.039561,-0.5600,-0.414,0.816,REVERSE|w1 d1 L25
56.183049,129.088650833333,35.074485333333,508082.199,3881306.849,0.402,-1.042589,route_tangent,25,0.247,2.000,27,508083.249,3881304.761,-0.062064,-0.038465,-0.039122,-0.5600,-0.414,0.816,REVERSE|w1 d1 L25
56.232913,129.088650833333,35.074485333333,508082.199,3881306.849,0.402,-1.042589,route_tangent,25,0.247,2.000,27,508083.249,3881304.761,-0.062064,-0.038465,-0.038859,-0.5600,-0.414,0.816,REVERSE|w1 d1 L25
56.283287,129.088650833333,35.074485333333,508082.199,3881306.849,0.402,-1.042589,route_tangent,25,0.247,2.000,27,508083.249,3881304.761,-0.062064,-0.038465,-0.038702,-0.5600,-0.414,0.816,REVERSE|w1 d1 L25
56.332859,129.088650833333,35.074485333333,508082.199,3881306.849,0.402,-1.042589,route_tangent,25,0.247,2.000,27,508083.249,3881304.761,-0.062064,-0.038465,-0.038607,-0.5600,-0.433,0.835,REVERSE|w1 d1 L25
56.383804,129.088651500000,35.074484500000,508082.260,3881306.756,0.436,-1.042589,route_tangent,25,0.148,2.000,27,508083.249,3881304.761,-0.067837,-0.044103,-0.040805,-0.5600,-0.433,0.870,REVERSE|w1 d1 L25
56.432875,129.088651500000,35.074484500000,508082.260,3881306.756,0.436,-1.042589,route_tangent,25,0.148,2.000,27,508083.249,3881304.761,-0.067837,-0.044103,-0.042125,-0.5600,-0.433,0.870,REVERSE|w1 d1 L25
56.483216,129.088651500000,35.074484500000,508082.260,3881306.756,0.436,-1.042589,route_tangent,25,0.148,2.000,27,508083.249,3881304.761,-0.067837,-0.044103,-0.042916,-0.5600,-0.433,0.870,REVERSE|w1 d1 L25
56.533186,129.088651500000,35.074484500000,508082.260,3881306.756,0.436,-1.042589,route_tangent,25,0.148,2.000,27,508083.249,3881304.761,-0.067837,-0.044103,-0.043391,-0.5600,-0.433,0.870,REVERSE|w1 d1 L25
56.582899,129.088651500000,35.074484500000,508082.260,3881306.756,0.436,-1.042589,route_tangent,25,0.148,2.000,27,508083.249,3881304.761,-0.067837,-0.044103,-0.043676,-0.5600,-0.433,0.870,REVERSE|w1 d1 L25
56.633178,129.088652000000,35.074483500000,508082.305,3881306.645,0.475,-1.042589,route_tangent,25,0.107,2.000,27,508083.249,3881304.761,-0.063886,-0.043896,-0.043764,-0.5600,-0.433,0.909,REVERSE|w1 d1 L25
56.682964,129.088652000000,35.074483500000,508082.305,3881306.645,0.475,-1.042589,route_tangent,25,0.107,2.000,27,508083.249,3881304.761,-0.063886,-0.043896,-0.043817,-0.5600,-0.433,0.909,REVERSE|w1 d1 L25
56.733331,129.088652000000,35.074483500000,508082.305,3881306.645,0.475,-1.042589,route_tangent,25,0.107,2.000,27,508083.249,3881304.761,-0.063886,-0.043896,-0.043849,-0.5600,-0.472,0.947,REVERSE|w1 d1 L25
56.782883,129.088652000000,35.074483500000,508082.305,3881306.645,0.475,-1.042589,route_tangent,25,0.107,2.000,27,508083.249,3881304.761,-0.063886,-0.043896,-0.043868,-0.5600,-0.472,0.947,REVERSE|w1 d1 L25
56.833048,129.088652000000,35.074483500000,508082.305,3881306.645,0.475,-1.042589,route_tangent,25,0.107,2.000,27,508083.249,3881304.761,-0.063886,-0.043896,-0.043879,-0.5600,-0.472,0.947,REVERSE|w1 d1 L25
56.883084,129.088652666667,35.074482500000,508082.366,3881306.535,0.478,-1.042589,route_tangent,25,0.169,2.000,28,508083.432,3881303.652,-0.173908,-0.081459,-0.058911,-0.5600,-0.472,0.950,REVERSE|w1 d1 L25
56.933192,129.088652666667,35.074482500000,508082.366,3881306.535,0.478,-1.042589,route_tangent,25,0.169,2.000,28,508083.432,3881303.652,-0.173908,-0.081459,-0.067930,-0.5600,-0.508,0.986,REVERSE|w1 d1 L25
56.983004,129.088652666667,35.074482500000,508082.366,3881306.535,0.478,-1.042589,route_tangent,25,0.169,2.000,28,508083.432,3881303.652,-0.173908,-0.081459,-0.073342,-0.5600,-0.508,0.986,REVERSE|w1 d1 L25
57.032861,129.088652666667,35.074482500000,508082.366,3881306.535,0.478,-1.042589,route_tangent,25,0.169,2.000,28,508083.432,3881303.652,-0.173908,-0.081459,-0.076589,-0.5600,-0.508,0.986,REVERSE|w1 d1 L25
57.083519,129.088652666667,35.074482500000,508082.366,3881306.535,0.478,-1.042589,route_tangent,25,0.169,2.000,28,508083.432,3881303.652,-0.173908,-0.081459,-0.078537,-0.5600,-0.508,0.986,REVERSE|w1 d1 L25
57.132872,129.088653166667,35.074481500000,508082.412,3881306.424,0.512,-1.042589,route_tangent,25,0.278,2.000,28,508083.432,3881303.652,-0.175393,-0.085461,-0.081306,-0.5600,-0.528,1.040,REVERSE|w1 d1 L25
57.185391,129.088653166667,35.074481500000,508082.412,3881306.424,0.512,-1.042589,route_tangent,25,0.278,2.000,28,508083.432,3881303.652,-0.175393,-0.085461,-0.082968,-0.5600,-0.528,1.040,REVERSE|w1 d1 L25
57.233154,129.088653166667,35.074481500000,508082.412,3881306.424,0.512,-1.042589,route_tangent,25,0.278,2.000,28,508083.432,3881303.652,-0.175393,-0.085461,-0.083965,-0.5600,-0.528,1.040,REVERSE|w1 d1 L25
57.283122,129.088653166667,35.074481500000,508082.412,3881306.424,0.512,-1.042589,route_tangent,25,0.278,2.000,28,508083.432,3881303.652,-0.175393,-0.085461,-0.084564,-0.5600,-0.528,1.040,REVERSE|w1 d1 L25
57.332821,129.088653166667,35.074481500000,508082.412,3881306.424,0.512,-1.042589,route_tangent,25,0.278,2.000,28,508083.432,3881303.652,-0.175393,-0.085461,-0.084923,-0.5600,-0.492,1.004,REVERSE|w1 d1 L25
57.382867,129.088653666667,35.074480500000,508082.458,3881306.313,0.499,-1.042589,route_tangent,25,0.393,2.000,28,508083.432,3881303.652,-0.177004,-0.089861,-0.086898,-0.5600,-0.492,0.991,REVERSE|w1 d1 L25
57.433001,129.088653666667,35.074480500000,508082.458,3881306.313,0.499,-1.042589,route_tangent,25,0.393,2.000,28,508083.432,3881303.652,-0.177004,-0.089861,-0.088083,-0.5600,-0.492,0.991,REVERSE|w1 d1 L25
57.482905,129.088653666667,35.074480500000,508082.458,3881306.313,0.499,-1.042589,route_tangent,25,0.393,2.000,28,508083.432,3881303.652,-0.177004,-0.089861,-0.088794,-0.5600,-0.492,0.991,REVERSE|w1 d1 L25
57.533359,129.088653666667,35.074480500000,508082.458,3881306.313,0.499,-1.042589,route_tangent,25,0.393,2.000,28,508083.432,3881303.652,-0.177004,-0.089861,-0.089221,-0.5600,-0.492,0.991,REVERSE|w1 d1 L25
57.582849,129.088653666667,35.074480500000,508082.458,3881306.313,0.499,-1.042589,route_tangent,25,0.393,2.000,28,508083.432,3881303.652,-0.177004,-0.089861,-0.089477,-0.5600,-0.492,0.991,REVERSE|w1 d1 L25
57.633723,129.088654333333,35.074479500000,508082.519,3881306.202,0.527,-1.042589,route_tangent,25,0.514,2.000,28,508083.432,3881303.652,-0.184029,-0.097648,-0.092745,-0.5600,-0.492,1.018,REVERSE|w1 d1 L25
57.682864,129.088654333333,35.074479500000,508082.519,3881306.202,0.527,-1.042589,route_tangent,25,0.514,2.000,28,508083.432,3881303.652,-0.184029,-0.097648,-0.094706,-0.5600,-0.492,1.018,REVERSE|w1 d1 L25
57.732931,129.088654333333,35.074479500000,508082.519,3881306.202,0.527,-1.042589,route_tangent,25,0.514,2.000,28,508083.432,3881303.652,-0.184029,-0.097648,-0.095883,-0.5600,-0.528,1.054,REVERSE|w1 d1 L25
57.782984,129.088654333333,35.074479500000,508082.519,3881306.202,0.527,-1.042589,route_tangent,25,0.514,2.000,28,508083.432,3881303.652,-0.184029,-0.097648,-0.096589,-0.5600,-0.528,1.054,REVERSE|w1 d1 L25
57.832880,129.088654333333,35.074479500000,508082.519,3881306.202,0.527,-1.042589,route_tangent,25,0.514,2.000,28,508083.432,3881303.652,-0.184029,-0.097648,-0.097013,-0.5600,-0.528,1.054,REVERSE|w1 d1 L25
57.883517,129.088654833333,35.074478333333,508082.564,3881306.073,0.546,-1.042589,route_tangent,26,0.435,2.000,28,508083.432,3881303.652,-0.183786,-0.102688,-0.099283,-0.5600,-0.528,1.073,REVERSE|w1 d1 L26
57.932839,129.088654833333,35.074478333333,508082.564,3881306.073,0.546,-1.262579,route_tangent,26,0.435,2.000,28,508083.432,3881303.652,0.036204,0.020407,-0.069690,-0.5600,-0.528,1.073,REVERSE|w1 d1 L26
57.983689,129.088654833333,35.074478333333,508082.564,3881306.073,0.546,-1.262579,route_tangent,26,0.435,2.000,28,508083.432,3881303.652,0.036204,0.020407,-0.039180,-0.5600,-0.528,1.073,REVERSE|w1 d1 L26
58.032975,129.088654833333,35.074478333333,508082.564,3881306.073,0.546,-1.262579,route_tangent,26,0.435,2.000,28,508083.432,3881303.652,0.036204,0.020407,-0.015345,-0.5600,-0.528,1.073,REVERSE|w1 d1 L26
58.085061,129.088654833333,35.074478333333,508082.564,3881306.073,0.546,-1.262579,route_tangent,26,0.435,2.000,28,508083.432,3881303.652,0.036204,0.020407,-0.001044,-0.5600,-0.528,1.073,REVERSE|w1 d1 L26
58.133024,129.088655333333,35.074477333333,508082.610,3881305.962,0.519,-1.262579,route_tangent,26,0.338,2.000,28,508083.432,3881303.652,0.033932,0.020062,0.007398,-0.5600,-0.492,1.011,REVERSE|w1 d1 L26
58.182838,129.088655333333,35.074477333333,508082.610,3881305.962,0.519,-1.262579,route_tangent,26,0.338,2.000,28,508083.432,3881303.652,0.033932,0.020062,0.012464,-0.5600,-0.492,1.011,REVERSE|w1 d1 L26
58.233056,129.088655333333,35.074477333333,508082.610,3881305.962,0.519,-1.262579,route_tangent,26,0.338,2.000,28,508083.432,3881303.652,0.033932,0.020062,0.015503,-0.5600,-0.492,1.011,REVERSE|w1 d1 L26
58.282884,129.088655333333,35.074477333333,508082.610,3881305.962,0.519,-1.262579,route_tangent,26,0.338,2.000,28,508083.432,3881303.652,0.033932,0.020062,0.017327,-0.5600,-0.492,1.011,REVERSE|w1 d1 L26
58.334453,129.088655333333,35.074477333333,508082.610,3881305.962,0.519,-1.262579,route_tangent,26,0.338,2.000,28,508083.432,3881303.652,0.033932,0.020062,0.018421,-0.5600,-0.492,1.011,REVERSE|w1 d1 L26
58.382897,129.088656000000,35.074476166667,508082.671,3881305.832,0.523,-1.262579,route_tangent,26,0.244,2.000,28,508083.432,3881303.652,0.027882,0.017501,0.018053,-0.5600,-0.492,1.015,REVERSE|w1 d1 L26
58.432897,129.088656000000,35.074476166667,508082.671,3881305.832,0.523,-1.262579,route_tangent,26,0.244,2.000,28,508083.432,3881303.652,0.027882,0.017501,0.017832,-0.5600,-0.492,1.015,REVERSE|w1 d1 L26
58.482980,129.088656000000,35.074476166667,508082.671,3881305.832,0.523,-1.262579,route_tangent,26,0.244,2.000,28,508083.432,3881303.652,0.027882,0.017501,0.017700,-0.5600,-0.492,1.015,REVERSE|w1 d1 L26
58.532956,129.088656000000,35.074476166667,508082.671,3881305.832,0.523,-1.262579,route_tangent,26,0.244,2.000,28,508083.432,3881303.652,0.027882,0.017501,0.017620,-0.5600,-0.528,1.051,REVERSE|w1 d1 L26
58.583039,129.088656000000,35.074476166667,508082.671,3881305.832,0.523,-1.262579,route_tangent,26,0.244,2.000,28,508083.432,3881303.652,0.027882,0.017501,0.017573,-0.5600,-0.528,1.051,REVERSE|w1 d1 L26
58.632900,129.088656333333,35.074475166667,508082.701,3881305.722,0.485,-1.262579,route_tangent,26,0.232,2.000,28,508083.432,3881303.652,0.031428,0.020757,0.018846,-0.5600,-0.528,1.013,REVERSE|w1 d1 L26
58.685991,129.088656333333,35.074475166667,508082.701,3881305.722,0.485,-1.262579,route_tangent,26,0.232,2.000,28,508083.432,3881303.652,0.031428,0.020757,0.019611,-0.5600,-0.528,1.013,REVERSE|w1 d1 L26
58.732965,129.088656333333,35.074475166667,508082.701,3881305.722,0.485,-1.262579,route_tangent,26,0.232,2.000,28,508083.432,3881303.652,0.031428,0.020757,0.020069,-0.5600,-0.528,1.013,REVERSE|w1 d1 L26
58.783143,129.088656333333,35.074475166667,508082.701,3881305.722,0.485,-1.262579,route_tangent,26,0.232,2.000,28,508083.432,3881303.652,0.031428,0.020757,0.020344,-0.5600,-0.528,1.013,REVERSE|w1 d1 L26
58.832864,129.088656333333,35.074475166667,508082.701,3881305.722,0.485,-1.262579,route_tangent,26,0.232,2.000,28,508083.432,3881303.652,0.031428,0.020757,0.020509,-0.5600,-0.528,1.013,REVERSE|w1 d1 L26
58.883018,129.088657000000,35.074474000000,508082.762,3881305.592,0.523,-1.262579,route_tangent,26,0.269,2.000,28,508083.432,3881303.652,0.024447,0.017266,0.019212,-0.5600,-0.528,1.051,REVERSE|w1 d1 L26
58.933091,129.088657000000,35.074474000000,508082.762,3881305.592,0.523,-1.262579,route_tangent,26,0.269,2.000,28,508083.432,3881303.652,0.024447,0.017266,0.018434,-0.5600,-0.528,1.051,REVERSE|w1 d1 L26
58.982905,129.088657000000,35.074474000000,508082.762,3881305.592,0.523,-1.262579,route_tangent,26,0.269,2.000,28,508083.432,3881303.652,0.024447,0.017266,0.017967,-0.5600,-0.528,1.051,REVERSE|w1 d1 L26
59.033067,129.088657000000,35.074474000000,508082.762,3881305.592,0.523,-1.262579,route_tangent,26,0.269,2.000,28,508083.432,3881303.652,0.024447,0.017266,0.017686,-0.5600,-0.528,1.051,REVERSE|w1 d1 L26
59.084852,129.088657000000,35.074474000000,508082.762,3881305.592,0.523,-1.262579,route_tangent,26,0.269,2.000,28,508083.432,3881303.652,0.024447,0.017266,0.017518,-0.5600,-0.528,1.051,REVERSE|w1 d1 L26
59.133852,129.088657500000,35.074473000000,508082.808,3881305.481,0.544,-1.262579,route_tangent,26,0.349,2.000,29,508083.373,3881302.469,-0.122828,-0.057902,-0.011882,-0.5600,-0.508,1.053,REVERSE|w1 d1 L26
59.182922,129.088657500000,35.074473000000,508082.808,3881305.481,0.544,-1.262579,route_tangent,26,0.349,2.000,29,508083.373,3881302.469,-0.122828,-0.057902,-0.030290,-0.5600,-0.508,1.053,REVERSE|w1 d1 L26
59.232928,129.088657500000,35.074473000000,508082.808,3881305.481,0.544,-1.262579,route_tangent,26,0.349,2.000,29,508083.373,3881302.469,-0.122828,-0.057902,-0.041335,-0.5600,-0.508,1.053,REVERSE|w1 d1 L26
59.283208,129.088657500000,35.074473000000,508082.808,3881305.481,0.544,-1.262579,route_tangent,26,0.349,2.000,29,508083.373,3881302.469,-0.122828,-0.057902,-0.047962,-0.5600,-0.508,1.053,REVERSE|w1 d1 L26
59.332912,129.088657500000,35.074473000000,508082.808,3881305.481,0.544,-1.262579,route_tangent,26,0.349,2.000,29,508083.373,3881302.469,-0.122828,-0.057902,-0.051938,-0.5600,-0.528,1.072,REVERSE|w1 d1 L26
59.382967,129.088658000000,35.074471833333,508082.854,3881305.352,0.502,-1.262579,route_tangent,26,0.466,2.000,29,508083.373,3881302.469,-0.130023,-0.064093,-0.056800,-0.5600,-0.528,1.029,REVERSE|w1 d1 L26
59.432907,129.088658000000,35.074471833333,508082.854,3881305.352,0.502,-1.262579,route_tangent,26,0.466,2.000,29,508083.373,3881302.469,-0.130023,-0.064093,-0.059717,-0.5600,-0.528,1.029,REVERSE|w1 d1 L26
59.483954,129.088658000000,35.074471833333,508082.854,3881305.352,0.502,-1.262579,route_tangent,26,0.466,2.000,29,508083.373,3881302.469,-0.130023,-0.064093,-0.061467,-0.5600,-0.528,1.029,REVERSE|w1 d1 L26
59.532900,129.088658000000,35.074471833333,508082.854,3881305.352,0.502,-1.262579,route_tangent,26,0.466,2.000,29,508083.373,3881302.469,-0.130023,-0.064093,-0.062518,-0.5600,-0.547,1.049,REVERSE|w1 d1 L26
59.582942,129.088658000000,35.074471833333,508082.854,3881305.352,0.502,-1.262579,route_tangent,26,0.466,2.000,29,508083.373,3881302.469,-0.130023,-0.064093,-0.063148,-0.5600,-0.547,1.049,REVERSE|w1 d1 L26
59.633004,129.088658500000,35.074470833333,508082.899,3881305.241,0.515,-1.262579,route_tangent,26,0.573,2.000,29,508083.373,3881302.469,-0.139023,-0.071330,-0.066421,-0.5600,-0.547,1.062,REVERSE|w1 d1 L26
59.683410,129.088658500000,35.074470833333,508082.899,3881305.241,0.515,-1.262579,route_tangent,26,0.573,2.000,29,508083.373,3881302.469,-0.139023,-0.071330,-0.068385,-0.5600,-0.547,1.062,REVERSE|w1 d1 L26
59.732871,129.088658500000,35.074470833333,508082.899,3881305.241,0.515,-1.262579,route_tangent,26,0.573,2.000,29,508083.373,3881302.469,-0.139023,-0.071330,-0.069563,-0.5600,-0.528,1.043,REVERSE|w1 d1 L26
59.782901,129.088658500000,35.074470833333,508082.899,3881305.241,0.515,-1.262579,route_tangent,26,0.573,2.000,29,508083.373,3881302.469,-0.139023,-0.071330,-0.070270,-0.5600,-0.528,1.043,REVERSE|w1 d1 L26
59.832937,129.088658500000,35.074470833333,508082.899,3881305.241,0.515,-1.262579,route_tangent,26,0.573,2.000,29,508083.373,3881302.469,-0.139023,-0.071330,-0.070694,-0.5600,-0.528,1.043,REVERSE|w1 d1 L26
59.882945,129.088659166667,35.074469666667,508082.960,3881305.112,0.534,-1.262579,route_tangent,27,0.455,2.000,29,508083.373,3881302.469,-0.153323,-0.082605,-0.075458,-0.5600,-0.528,1.062,REVERSE|w1 d1 L27
59.932861,129.088659166667,35.074469666667,508082.960,3881305.112,0.534,-1.406964,route_tangent,27,0.455,2.000,29,508083.373,3881302.469,-0.008938,0.000000,-0.045509,-0.5600,-0.508,1.042,REVERSE|w1 d1 L27
59.982870,129.088659166667,35.074469666667,508082.960,3881305.112,0.534,-1.406964,route_tangent,27,0.455,2.000,29,508083.373,3881302.469,-0.008938,0.000000,-0.027305,-0.5600,-0.508,1.042,REVERSE|w1 d1 L27
60.033150,129.088659166667,35.074469666667,508082.960,3881305.112,0.534,-1.406964,route_tangent,27,0.455,2.000,29,508083.373,3881302.469,-0.008938,0.000000,-0.016383,-0.5600,-0.508,1.042,REVERSE|w1 d1 L27
60.083424,129.088659166667,35.074469666667,508082.960,3881305.112,0.534,-1.406964,route_tangent,27,0.455,2.000,29,508083.373,3881302.469,-0.008938,0.000000,-0.009830,-0.5600,-0.508,1.042,REVERSE|w1 d1 L27
60.132991,129.088659666667,35.074468500000,508083.006,3881304.983,0.527,-1.406964,route_tangent,27,0.329,2.000,29,508083.373,3881302.469,-0.018859,-0.010765,-0.010204,-0.5600,-0.508,1.036,REVERSE|w1 d1 L27
60.183040,129.088659666667,35.074468500000,508083.006,3881304.983,0.527,-1.406964,route_tangent,27,0.329,2.000,29,508083.373,3881302.469,-0.018859,-0.010765,-0.010428,-0.5600,-0.508,1.036,REVERSE|w1 d1 L27
60.232848,129.088659666667,35.074468500000,508083.006,3881304.983,0.527,-1.406964,route_tangent,27,0.329,2.000,29,508083.373,3881302.469,-0.018859,-0.010765,-0.010563,-0.5600,-0.508,1.036,REVERSE|w1 d1 L27
60.285595,129.088659666667,35.074468500000,508083.006,3881304.983,0.527,-1.406964,route_tangent,27,0.329,2.000,29,508083.373,3881302.469,-0.018859,-0.010765,-0.010644,-0.5600,-0.508,1.036,REVERSE|w1 d1 L27
60.332938,129.088659666667,35.074468500000,508083.006,3881304.983,0.527,-1.406964,route_tangent,27,0.329,2.000,29,508083.373,3881302.469,-0.018859,-0.010765,-0.010692,-0.5600,-0.508,1.036,REVERSE|w1 d1 L27
60.382959,129.088660166667,35.074467333333,508083.052,3881304.853,0.546,-1.406964,route_tangent,27,0.218,2.000,29,508083.373,3881302.469,-0.029889,-0.018012,-0.013620,-0.5600,-0.508,1.054,REVERSE|w1 d1 L27
60.433309,129.088660166667,35.074467333333,508083.052,3881304.853,0.546,-1.406964,route_tangent,27,0.218,2.000,29,508083.373,3881302.469,-0.029889,-0.018012,-0.015377,-0.5600,-0.508,1.054,REVERSE|w1 d1 L27
60.482915,129.088660166667,35.074467333333,508083.052,3881304.853,0.546,-1.406964,route_tangent,27,0.218,2.000,29,508083.373,3881302.469,-0.029889,-0.018012,-0.016431,-0.5600,-0.508,1.054,REVERSE|w1 d1 L27
60.533091,129.088660166667,35.074467333333,508083.052,3881304.853,0.546,-1.406964,route_tangent,27,0.218,2.000,29,508083.373,3881302.469,-0.029889,-0.018012,-0.017063,-0.5600,-0.547,1.093,REVERSE|w1 d1 L27
60.582913,129.088660166667,35.074467333333,508083.052,3881304.853,0.546,-1.406964,route_tangent,27,0.218,2.000,29,508083.373,3881302.469,-0.029889,-0.018012,-0.017443,-0.5600,-0.547,1.093,REVERSE|w1 d1 L27
60.633060,129.088660666667,35.074466166667,508083.097,3881304.724,0.546,-1.406964,route_tangent,27,0.156,2.000,29,508083.373,3881302.469,-0.042225,-0.026940,-0.021242,-0.5600,-0.547,1.093,REVERSE|w1 d1 L27
60.682977,129.088660666667,35.074466166667,508083.097,3881304.724,0.546,-1.406964,route_tangent,27,0.156,2.000,29,508083.373,3881302.469,-0.042225,-0.026940,-0.023521,-0.5600,-0.547,1.093,REVERSE|w1 d1 L27
60.733345,129.088660666667,35.074466166667,508083.097,3881304.724,0.546,-1.406964,route_tangent,27,0.156,2.000,29,508083.373,3881302.469,-0.042225,-0.026940,-0.024889,-0.5600,-0.508,1.054,REVERSE|w1 d1 L27
60.782894,129.088660666667,35.074466166667,508083.097,3881304.724,0.546,-1.406964,route_tangent,27,0.156,2.000,29,508083.373,3881302.469,-0.042225,-0.026940,-0.025709,-0.5600,-0.508,1.054,REVERSE|w1 d1 L27
60.832955,129.088660666667,35.074466166667,508083.097,3881304.724,0.546,-1.406964,route_tangent,27,0.156,2.000,29,508083.373,3881302.469,-0.042225,-0.026940,-0.026201,-0.5600,-0.508,1.054,REVERSE|w1 d1 L27
60.882925,129.088661166667,35.074465166667,508083.143,3881304.613,0.525,-1.406964,route_tangent,27,0.182,2.000,29,508083.373,3881302.469,-0.057019,-0.038307,-0.031043,-0.5600,-0.508,1.033,REVERSE|w1 d1 L27
60.933234,129.088661166667,35.074465166667,508083.143,3881304.613,0.525,-1.406964,route_tangent,27,0.182,2.000,29,508083.373,3881302.469,-0.057019,-0.038307,-0.033949,-0.5600,-0.528,1.053,REVERSE|w1 d1 L27
60.983048,129.088661166667,35.074465166667,508083.143,3881304.613,0.525,-1.406964,route_tangent,27,0.182,2.000,29,508083.373,3881302.469,-0.057019,-0.038307,-0.035692,-0.5600,-0.528,1.053,REVERSE|w1 d1 L27
61.032950,129.088661166667,35.074465166667,508083.143,3881304.613,0.525,-1.406964,route_tangent,27,0.182,2.000,29,508083.373,3881302.469,-0.057019,-0.038307,-0.036738,-0.5600,-0.528,1.053,REVERSE|w1 d1 L27
61.083194,129.088661166667,35.074465166667,508083.143,3881304.613,0.525,-1.406964,route_tangent,27,0.182,2.000,29,508083.373,3881302.469,-0.057019,-0.038307,-0.037365,-0.5600,-0.528,1.053,REVERSE|w1 d1 L27
61.132949,129.088661666667,35.074464000000,508083.189,3881304.484,0.533,-1.406964,route_tangent,27,0.284,2.000,29,508083.373,3881302.469,-0.072666,-0.051994,-0.043217,-0.5600,-0.547,1.080,REVERSE|w1 d1 L27
61.183173,129.088661666667,35.074464000000,508083.189,3881304.484,0.533,-1.406964,route_tangent,27,0.284,2.000,29,508083.373,3881302.469,-0.072666,-0.051994,-0.046728,-0.5600,-0.547,1.080,REVERSE|w1 d1 L27
61.233033,129.088661666667,35.074464000000,508083.189,3881304.484,0.533,-1.406964,route_tangent,27,0.284,2.000,29,508083.373,3881302.469,-0.072666,-0.051994,-0.048835,-0.5600,-0.547,1.080,REVERSE|w1 d1 L27
61.283200,129.088661666667,35.074464000000,508083.189,3881304.484,0.533,-1.406964,route_tangent,27,0.284,2.000,29,508083.373,3881302.469,-0.072666,-0.051994,-0.050098,-0.5600,-0.547,1.080,REVERSE|w1 d1 L27
61.332902,129.088661666667,35.074464000000,508083.189,3881304.484,0.533,-1.406964,route_tangent,27,0.284,2.000,29,508083.373,3881302.469,-0.072666,-0.051994,-0.050857,-0.5600,-0.528,1.061,REVERSE|w1 d1 L27
61.382831,129.088662166667,35.074462833333,508083.234,3881304.354,0.538,-1.406964,route_tangent,27,0.407,2.000,30,508082.948,3881301.378,-0.259651,-0.123881,-0.080066,-0.5600,-0.528,1.066,REVERSE|w1 d1 L27
61.432960,129.088662166667,35.074462833333,508083.234,3881304.354,0.538,-1.406964,route_tangent,27,0.407,2.000,30,508082.948,3881301.378,-0.259651,-0.123881,-0.097592,-0.5600,-0.528,1.066,REVERSE|w1 d1 L27
61.482999,129.088662166667,35.074462833333,508083.234,3881304.354,0.538,-1.406964,route_tangent,27,0.407,2.000,30,508082.948,3881301.378,-0.259651,-0.123881,-0.108107,-0.5600,-0.528,1.066,REVERSE|w1 d1 L27
61.533162,129.088662166667,35.074462833333,508083.234,3881304.354,0.538,-1.406964,route_tangent,27,0.407,2.000,30,508082.948,3881301.378,-0.259651,-0.123881,-0.114417,-0.5600,-0.528,1.066,REVERSE|w1 d1 L27
61.582877,129.088662166667,35.074462833333,508083.234,3881304.354,0.538,-1.406964,route_tangent,27,0.407,2.000,30,508082.948,3881301.378,-0.259651,-0.123881,-0.118202,-0.5600,-0.528,1.066,REVERSE|w1 d1 L27
61.633193,129.088662666667,35.074461833333,508083.280,3881304.243,0.517,-1.406964,route_tangent,27,0.518,2.000,30,508082.948,3881301.378,-0.279095,-0.137617,-0.125968,-0.5600,-0.528,1.045,REVERSE|w1 d1 L27
61.682990,129.088662666667,35.074461833333,508083.280,3881304.243,0.517,-1.406964,route_tangent,27,0.518,2.000,30,508082.948,3881301.378,-0.279095,-0.137617,-0.130627,-0.5600,-0.528,1.045,REVERSE|w1 d1 L27
61.733013,129.088662666667,35.074461833333,508083.280,3881304.243,0.517,-1.406964,route_tangent,27,0.518,2.000,30,508082.948,3881301.378,-0.279095,-0.137617,-0.133423,-0.5600,-0.547,1.064,REVERSE|w1 d1 L27
61.783187,129.088662666667,35.074461833333,508083.280,3881304.243,0.517,-1.406964,route_tangent,27,0.518,2.000,30,508082.948,3881301.378,-0.279095,-0.137617,-0.135101,-0.5600,-0.547,1.064,REVERSE|w1 d1 L27
61.832870,129.088662666667,35.074461833333,508083.280,3881304.243,0.517,-1.406964,route_tangent,27,0.518,2.000,30,508082.948,3881301.378,-0.279095,-0.137617,-0.136107,-0.5600,-0.547,1.064,REVERSE|w1 d1 L27
61.883292,129.088663000000,35.074460666667,508083.311,3881304.114,0.505,-1.406964,route_tangent,28,0.478,2.000,30,508082.948,3881301.378,-0.295467,-0.151818,-0.142391,-0.5600,-0.547,1.052,REVERSE|w1 d1 L28
61.933074,129.088663000000,35.074460666667,508083.311,3881304.114,0.505,-2.638452,route_tangent,27,0.463,2.000,30,508082.705,3881301.323,0.854110,0.260000,0.025252,-0.5600,-0.528,1.033,REVERSE|w1 d1 L27
61.984646,129.088663000000,35.074460666667,508083.311,3881304.114,0.505,-1.475820,route_tangent,27,0.463,2.000,30,508082.705,3881301.323,-0.308522,-0.152944,-0.005692,-0.5600,-0.528,1.033,REVERSE|w1 d1 L27
62.032999,129.088663000000,35.074460666667,508083.311,3881304.114,0.505,-1.475820,route_tangent,27,0.463,2.000,30,508082.705,3881301.323,-0.308522,-0.152944,-0.034703,-0.5600,-0.528,1.033,REVERSE|w1 d1 L27
62.083018,129.088663000000,35.074460666667,508083.311,3881304.114,0.505,-1.475820,route_tangent,27,0.463,2.000,30,508082.705,3881301.323,-0.308522,-0.152944,-0.064714,-0.5600,-0.528,1.033,REVERSE|w1 d1 L27
62.132885,129.088663500000,35.074459500000,508083.356,3881303.985,0.519,-1.475820,route_tangent,28,0.586,2.000,30,508082.705,3881301.323,-0.334824,-0.172141,-0.094635,-0.5600,-0.508,1.028,REVERSE|w1 d1 L28
62.182931,129.088663500000,35.074459500000,508083.356,3881303.985,0.519,-1.690652,route_tangent,28,0.586,2.000,30,508082.705,3881301.323,-0.119991,-0.063250,-0.082081,-0.5600,-0.508,1.028,REVERSE|w1 d1 L28
62.233618,129.088663500000,35.074459500000,508083.356,3881303.985,0.519,-1.690652,route_tangent,28,0.586,2.000,30,508082.705,3881301.323,-0.119991,-0.063250,-0.074549,-0.5600,-0.508,1.028,REVERSE|w1 d1 L28
62.282874,129.088663500000,35.074459500000,508083.356,3881303.985,0.519,-1.690652,route_tangent,28,0.586,2.000,30,508082.705,3881301.323,-0.119991,-0.063250,-0.070029,-0.5600,-0.508,1.028,REVERSE|w1 d1 L28
62.334356,129.088663500000,35.074459500000,508083.356,3881303.985,0.519,-1.690652,route_tangent,28,0.586,2.000,30,508082.705,3881301.323,-0.119991,-0.063250,-0.067317,-0.5600,-0.528,1.047,REVERSE|w1 d1 L28
62.382872,129.088663833333,35.074458333333,508083.387,3881303.855,0.531,-1.690652,route_tangent,28,0.469,2.000,30,508082.705,3881301.323,-0.143007,-0.078628,-0.071842,-0.5600,-0.528,1.059,REVERSE|w1 d1 L28
62.432940,129.088663833333,35.074458333333,508083.387,3881303.855,0.531,-1.690652,route_tangent,28,0.469,2.000,30,508082.705,3881301.323,-0.143007,-0.078628,-0.074556,-0.5600,-0.528,1.059,REVERSE|w1 d1 L28
62.482855,129.088663833333,35.074458333333,508083.387,3881303.855,0.531,-1.690652,route_tangent,28,0.469,2.000,30,508082.705,3881301.323,-0.143007,-0.078628,-0.076185,-0.5600,-0.528,1.059,REVERSE|w1 d1 L28
62.532908,129.088663833333,35.074458333333,508083.387,3881303.855,0.531,-1.690652,route_tangent,28,0.469,2.000,30,508082.705,3881301.323,-0.143007,-0.078628,-0.077162,-0.5600,-0.528,1.059,REVERSE|w1 d1 L28
62.582977,129.088663833333,35.074458333333,508083.387,3881303.855,0.531,-1.690652,route_tangent,28,0.469,2.000,30,508082.705,3881301.323,-0.143007,-0.078628,-0.077749,-0.5600,-0.528,1.059,REVERSE|w1 d1 L28
62.632933,129.088664333333,35.074457166667,508083.432,3881303.726,0.545,-1.690652,route_tangent,28,0.371,2.000,30,508082.705,3881301.323,-0.173971,-0.099624,-0.086499,-0.5600,-0.528,1.073,REVERSE|w1 d1 L28
62.686303,129.088664333333,35.074457166667,508083.432,3881303.726,0.545,-1.690652,route_tangent,28,0.371,2.000,30,508082.705,3881301.323,-0.173971,-0.099624,-0.091749,-0.5600,-0.528,1.073,REVERSE|w1 d1 L28
62.732833,129.088664333333,35.074457166667,508083.432,3881303.726,0.545,-1.690652,route_tangent,28,0.371,2.000,30,508082.705,3881301.323,-0.173971,-0.099624,-0.094899,-0.5600,-0.547,1.092,REVERSE|w1 d1 L28
62.784263,129.088664333333,35.074457166667,508083.432,3881303.726,0.545,-1.690652,route_tangent,28,0.371,2.000,30,508082.705,3881301.323,-0.173971,-0.099624,-0.096789,-0.5600,-0.547,1.092,REVERSE|w1 d1 L28
62.832657,129.088664666667,35.074455833333,508083.463,3881303.578,0.578,-1.690652,route_tangent,28,0.282,2.000,30,508082.705,3881301.323,-0.204247,-0.122978,-0.107265,-0.5600,-0.547,1.126,REVERSE|w1 d1 L28
62.882894,129.088664666667,35.074455833333,508083.463,3881303.578,0.578,-1.690652,route_tangent,28,0.282,2.000,30,508082.705,3881301.323,-0.204247,-0.122978,-0.113550,-0.5600,-0.547,1.126,REVERSE|w1 d1 L28
62.932893,129.088664666667,35.074455833333,508083.463,3881303.578,0.578,-1.690652,route_tangent,28,0.282,2.000,30,508082.705,3881301.323,-0.204247,-0.122978,-0.117321,-0.5600,-0.547,1.126,REVERSE|w1 d1 L28
62.982884,129.088664666667,35.074455833333,508083.463,3881303.578,0.578,-1.690652,route_tangent,28,0.282,2.000,30,508082.705,3881301.323,-0.204247,-0.122978,-0.119584,-0.5600,-0.547,1.126,REVERSE|w1 d1 L28
63.033084,129.088664666667,35.074455833333,508083.463,3881303.578,0.578,-1.690652,route_tangent,28,0.282,2.000,30,508082.705,3881301.323,-0.204247,-0.122978,-0.120942,-0.5600,-0.547,1.126,REVERSE|w1 d1 L28
63.082972,129.088664666667,35.074455833333,508083.463,3881303.578,0.578,-1.690652,route_tangent,28,0.282,2.000,30,508082.705,3881301.323,-0.204247,-0.122978,-0.121756,-0.5600,-0.547,1.126,REVERSE|w1 d1 L28
63.132957,129.088665000000,35.074454666667,508083.493,3881303.449,0.566,-1.690652,route_tangent,28,0.261,2.000,30,508082.705,3881301.323,-0.235170,-0.147906,-0.132216,-0.5600,-0.547,1.113,REVERSE|w1 d1 L28
63.182920,129.088665000000,35.074454666667,508083.493,3881303.449,0.566,-1.690652,route_tangent,28,0.261,2.000,30,508082.705,3881301.323,-0.235170,-0.147906,-0.138492,-0.5600,-0.547,1.113,REVERSE|w1 d1 L28
63.232992,129.088665000000,35.074454666667,508083.493,3881303.449,0.566,-1.690652,route_tangent,28,0.261,2.000,30,508082.705,3881301.323,-0.235170,-0.147906,-0.142258,-0.5600,-0.547,1.113,REVERSE|w1 d1 L28
63.282894,129.088665000000,35.074454666667,508083.493,3881303.449,0.566,-1.690652,route_tangent,28,0.261,2.000,30,508082.705,3881301.323,-0.235170,-0.147906,-0.144517,-0.5600,-0.547,1.113,REVERSE|w1 d1 L28
63.332856,129.088665000000,35.074454666667,508083.493,3881303.449,0.566,-1.690652,route_tangent,28,0.261,2.000,30,508082.705,3881301.323,-0.235170,-0.147906,-0.145873,-0.5600,-0.547,1.113,REVERSE|w1 d1 L28
63.382949,129.088665333333,35.074453500000,508083.524,3881303.320,0.571,-1.690652,route_tangent,28,0.303,2.000,30,508082.705,3881301.323,-0.269264,-0.176862,-0.158268,-0.5600,-0.547,1.119,REVERSE|w1 d1 L28
63.432940,129.088665333333,35.074453500000,508083.524,3881303.320,0.571,-1.690652,route_tangent,28,0.303,2.000,30,508082.705,3881301.323,-0.269264,-0.176862,-0.165706,-0.5600,-0.547,1.119,REVERSE|w1 d1 L28
63.483528,129.088665333333,35.074453500000,508083.524,3881303.320,0.571,-1.690652,route_tangent,28,0.303,2.000,30,508082.705,3881301.323,-0.269264,-0.176862,-0.170168,-0.5600,-0.547,1.119,REVERSE|w1 d1 L28
63.532905,129.088665333333,35.074453500000,508083.524,3881303.320,0.571,-1.690652,route_tangent,28,0.303,2.000,30,508082.705,3881301.323,-0.269264,-0.176862,-0.172846,-0.5600,-0.547,1.119,REVERSE|w1 d1 L28
63.582874,129.088665333333,35.074453500000,508083.524,3881303.320,0.571,-1.690652,route_tangent,28,0.303,2.000,30,508082.705,3881301.323,-0.269264,-0.176862,-0.174452,-0.5600,-0.547,1.119,REVERSE|w1 d1 L28
63.633004,129.088665500000,35.074452166667,508083.539,3881303.172,0.576,-1.690652,route_tangent,28,0.387,2.000,30,508082.705,3881301.323,-0.303914,-0.210745,-0.188969,-0.5600,-0.547,1.123,REVERSE|w1 d1 L28
63.683134,129.088665500000,35.074452166667,508083.539,3881303.172,0.576,-1.690652,route_tangent,28,0.387,2.000,30,508082.705,3881301.323,-0.303914,-0.210745,-0.197680,-0.5600,-0.547,1.123,REVERSE|w1 d1 L28
63.732887,129.088665500000,35.074452166667,508083.539,3881303.172,0.576,-1.690652,route_tangent,28,0.387,2.000,30,508082.705,3881301.323,-0.303914,-0.210745,-0.202906,-0.5600,-0.547,1.123,REVERSE|w1 d1 L28
63.782856,129.088665500000,35.074452166667,508083.539,3881303.172,0.576,-1.690652,route_tangent,28,0.387,2.000,30,508082.705,3881301.323,-0.303914,-0.210745,-0.206041,-0.5600,-0.547,1.123,REVERSE|w1 d1 L28
63.833112,129.088665500000,35.074452166667,508083.539,3881303.172,0.576,-1.690652,route_tangent,28,0.387,2.000,30,508082.705,3881301.323,-0.303914,-0.210745,-0.207923,-0.5600,-0.547,1.123,REVERSE|w1 d1 L28
63.882869,129.088665833333,35.074450833333,508083.570,3881303.024,0.578,-1.690652,route_tangent,28,0.512,2.000,31,508082.052,3881300.527,-0.426249,-0.202400,-0.205714,-0.5600,-0.547,1.126,REVERSE|w1 d1 L28
63.933012,129.088665833333,35.074450833333,508083.570,3881303.024,0.578,-1.690652,route_tangent,28,0.512,2.000,31,508082.052,3881300.527,-0.426249,-0.202400,-0.204388,-0.5600,-0.586,1.164,REVERSE|w1 d1 L28
63.982867,129.088665833333,35.074450833333,508083.570,3881303.024,0.578,-1.690652,route_tangent,28,0.512,2.000,31,508082.052,3881300.527,-0.426249,-0.202400,-0.203593,-0.5600,-0.586,1.164,REVERSE|w1 d1 L28
64.033088,129.088665833333,35.074450833333,508083.570,3881303.024,0.578,-1.690652,route_tangent,28,0.512,2.000,31,508082.052,3881300.527,-0.426249,-0.202400,-0.203115,-0.5600,-0.586,1.164,REVERSE|w1 d1 L28
64.083250,129.088665833333,35.074450833333,508083.570,3881303.024,0.578,-1.690652,route_tangent,28,0.512,2.000,31,508082.052,3881300.527,-0.426249,-0.202400,-0.202829,-0.5600,-0.586,1.164,REVERSE|w1 d1 L28
64.133174,129.088665833333,35.074449666667,508083.570,3881302.894,0.575,-1.690652,route_tangent,28,0.616,2.000,31,508082.052,3881300.527,-0.450184,-0.220735,-0.209992,-0.5600,-0.586,1.161,REVERSE|w1 d1 L28
64.183037,129.088665833333,35.074449666667,508083.570,3881302.894,0.575,-1.690652,route_tangent,28,0.616,2.000,31,508082.052,3881300.527,-0.450184,-0.220735,-0.214289,-0.5600,-0.586,1.161,REVERSE|w1 d1 L28
64.232916,129.088665833333,35.074449666667,508083.570,3881302.894,0.575,-1.690652,route_tangent,28,0.616,2.000,31,508082.052,3881300.527,-0.450184,-0.220735,-0.216868,-0.5600,-0.586,1.161,REVERSE|w1 d1 L28
64.286261,129.088665833333,35.074449666667,508083.570,3881302.894,0.575,-1.690652,route_tangent,28,0.616,2.000,31,508082.052,3881300.527,-0.450184,-0.220735,-0.218415,-0.5600,-0.586,1.161,REVERSE|w1 d1 L28
64.332882,129.088665833333,35.074449666667,508083.570,3881302.894,0.575,-1.690652,route_tangent,28,0.616,2.000,31,508082.052,3881300.527,-0.450184,-0.220735,-0.219343,-0.5600,-0.586,1.161,REVERSE|w1 d1 L28
64.382925,129.088666000000,35.074448333333,508083.585,3881302.747,0.562,-1.690652,route_tangent,29,0.671,2.000,31,508082.052,3881300.527,-0.484558,-0.245377,-0.229757,-0.5600,-0.586,1.148,REVERSE|w1 d1 L29
64.432904,129.088666000000,35.074448333333,508083.585,3881302.747,0.562,-1.959917,route_tangent,29,0.671,2.000,31,508082.052,3881300.527,-0.215293,-0.114348,-0.199769,-0.5600,-0.586,1.148,REVERSE|w1 d1 L29
64.483651,129.088666000000,35.074448333333,508083.585,3881302.747,0.562,-1.959917,route_tangent,29,0.671,2.000,31,508082.052,3881300.527,-0.215293,-0.114348,-0.169321,-0.5600,-0.586,1.148,REVERSE|w1 d1 L29
64.533081,129.088666000000,35.074448333333,508083.585,3881302.747,0.562,-1.959917,route_tangent,29,0.671,2.000,31,508082.052,3881300.527,-0.215293,-0.114348,-0.147332,-0.5600,-0.567,1.129,REVERSE|w1 d1 L29
64.582880,129.088666000000,35.074448333333,508083.585,3881302.747,0.562,-1.959917,route_tangent,29,0.671,2.000,31,508082.052,3881300.527,-0.215293,-0.114348,-0.134138,-0.5600,-0.567,1.129,REVERSE|w1 d1 L29
64.633033,129.088666000000,35.074447000000,508083.585,3881302.599,0.560,-1.959917,route_tangent,29,0.579,2.000,31,508082.052,3881300.527,-0.247948,-0.137222,-0.135372,-0.5600,-0.567,1.127,REVERSE|w1 d1 L29
64.682889,129.088666000000,35.074447000000,508083.585,3881302.599,0.560,-1.959917,route_tangent,29,0.579,2.000,31,508082.052,3881300.527,-0.247948,-0.137222,-0.136112,-0.5600,-0.567,1.127,REVERSE|w1 d1 L29
64.734182,129.088666000000,35.074447000000,508083.585,3881302.599,0.560,-1.959917,route_tangent,29,0.579,2.000,31,508082.052,3881300.527,-0.247948,-0.137222,-0.136556,-0.5600,-0.586,1.146,REVERSE|w1 d1 L29
64.782883,129.088666000000,35.074447000000,508083.585,3881302.599,0.560,-1.959917,route_tangent,29,0.579,2.000,31,508082.052,3881300.527,-0.247948,-0.137222,-0.136823,-0.5600,-0.586,1.146,REVERSE|w1 d1 L29
64.833567,129.088666000000,35.074447000000,508083.585,3881302.599,0.560,-1.959917,route_tangent,29,0.579,2.000,31,508082.052,3881300.527,-0.247948,-0.137222,-0.136982,-0.5600,-0.586,1.146,REVERSE|w1 d1 L29
64.883178,129.088665833333,35.074445833333,508083.570,3881302.469,0.561,-1.959917,route_tangent,29,0.506,2.000,31,508082.052,3881300.527,-0.274260,-0.157998,-0.145389,-0.5600,-0.586,1.147,REVERSE|w1 d1 L29
64.932911,129.088665833333,35.074445833333,508083.570,3881302.469,0.561,-1.959917,route_tangent,29,0.506,2.000,31,508082.052,3881300.527,-0.274260,-0.157998,-0.150432,-0.5600,-0.528,1.089,REVERSE|w1 d1 L29
64.982901,129.088665833333,35.074445833333,508083.570,3881302.469,0.561,-1.959917,route_tangent,29,0.506,2.000,31,508082.052,3881300.527,-0.274260,-0.157998,-0.153458,-0.5600,-0.528,1.089,REVERSE|w1 d1 L29
65.032977,129.088665833333,35.074445833333,508083.570,3881302.469,0.561,-1.959917,route_tangent,29,0.506,2.000,31,508082.052,3881300.527,-0.274260,-0.157998,-0.155274,-0.5600,-0.528,1.089,REVERSE|w1 d1 L29
65.085298,129.088665833333,35.074445833333,508083.570,3881302.469,0.561,-1.959917,route_tangent,29,0.506,2.000,31,508082.052,3881300.527,-0.274260,-0.157998,-0.156364,-0.5600,-0.528,1.089,REVERSE|w1 d1 L29
65.132916,129.088665500000,35.074444500000,508083.540,3881302.321,0.571,-1.959917,route_tangent,29,0.442,2.000,31,508082.052,3881300.527,-0.303109,-0.183613,-0.167263,-0.5600,-0.547,1.119,REVERSE|w1 d1 L29
65.183162,129.088665500000,35.074444500000,508083.540,3881302.321,0.571,-1.959917,route_tangent,29,0.442,2.000,31,508082.052,3881300.527,-0.303109,-0.183613,-0.173803,-0.5600,-0.547,1.119,REVERSE|w1 d1 L29
65.232970,129.088665500000,35.074444500000,508083.540,3881302.321,0.571,-1.959917,route_tangent,29,0.442,2.000,31,508082.052,3881300.527,-0.303109,-0.183613,-0.177727,-0.5600,-0.547,1.119,REVERSE|w1 d1 L29
65.282958,129.088665500000,35.074444500000,508083.540,3881302.321,0.571,-1.959917,route_tangent,29,0.442,2.000,31,508082.052,3881300.527,-0.303109,-0.183613,-0.180081,-0.5600,-0.547,1.119,REVERSE|w1 d1 L29
65.333046,129.088665500000,35.074444500000,508083.540,3881302.321,0.571,-1.959917,route_tangent,29,0.442,2.000,31,508082.052,3881300.527,-0.303109,-0.183613,-0.181494,-0.5600,-0.586,1.158,REVERSE|w1 d1 L29
65.382838,129.088665333333,35.074443166667,508083.525,3881302.174,0.606,-1.724036,gps_course,29,0.440,2.000,31,508082.052,3881300.527,-0.576480,-0.260000,-0.211369,-0.5600,-0.586,1.192,REVERSE|w1 d1 L29
65.432987,129.088665333333,35.074443166667,508083.525,3881302.174,0.606,-1.724036,gps_course,29,0.440,2.000,31,508082.052,3881300.527,-0.576480,-0.260000,-0.230821,-0.5600,-0.586,1.192,REVERSE|w1 d1 L29
65.482880,129.088665333333,35.074443166667,508083.525,3881302.174,0.606,-1.724036,gps_course,29,0.440,2.000,31,508082.052,3881300.527,-0.576480,-0.260000,-0.242493,-0.5600,-0.586,1.192,REVERSE|w1 d1 L29
65.533321,129.088665333333,35.074443166667,508083.525,3881302.174,0.606,-1.724036,gps_course,29,0.440,2.000,31,508082.052,3881300.527,-0.576480,-0.260000,-0.249496,-0.5600,-0.603,1.209,REVERSE|w1 d1 L29
65.582873,129.088665333333,35.074443166667,508083.525,3881302.174,0.606,-1.724036,gps_course,29,0.440,2.000,31,508082.052,3881300.527,-0.576480,-0.260000,-0.253697,-0.5600,-0.603,1.209,REVERSE|w1 d1 L29
65.633658,129.088665166667,35.074441833333,508083.510,3881302.026,0.550,-1.959917,route_tangent,29,0.485,2.000,31,508082.052,3881300.527,-0.382403,-0.253288,-0.253534,-0.5600,-0.603,1.153,REVERSE|w1 d1 L29
65.682945,129.088665166667,35.074441833333,508083.510,3881302.026,0.550,-1.959917,route_tangent,29,0.485,2.000,31,508082.052,3881300.527,-0.382403,-0.253288,-0.253436,-0.5600,-0.603,1.153,REVERSE|w1 d1 L29
65.733095,129.088665166667,35.074441833333,508083.510,3881302.026,0.550,-1.959917,route_tangent,29,0.485,2.000,31,508082.052,3881300.527,-0.382403,-0.253288,-0.253377,-0.5600,-0.586,1.136,REVERSE|w1 d1 L29
65.783010,129.088665166667,35.074441833333,508083.510,3881302.026,0.550,-1.959917,route_tangent,29,0.485,2.000,31,508082.052,3881300.527,-0.382403,-0.253288,-0.253341,-0.5600,-0.586,1.136,REVERSE|w1 d1 L29
65.832894,129.088665166667,35.074441833333,508083.510,3881302.026,0.550,-1.959917,route_tangent,29,0.485,2.000,31,508082.052,3881300.527,-0.382403,-0.253288,-0.253320,-0.5600,-0.586,1.136,REVERSE|w1 d1 L29
65.883708,129.088664666667,35.074440666667,508083.464,3881301.896,0.574,-1.959917,route_tangent,29,0.533,2.000,32,508081.217,3881299.972,-0.473542,-0.219903,-0.239953,-0.5600,-0.586,1.160,REVERSE|w1 d1 L29
65.932849,129.088664666667,35.074440666667,508083.464,3881301.896,0.574,-1.959917,route_tangent,29,0.533,2.000,32,508081.217,3881299.972,-0.473542,-0.219903,-0.231933,-0.5600,-0.603,1.177,REVERSE|w1 d1 L29
65.982981,129.088664666667,35.074440666667,508083.464,3881301.896,0.574,-1.959917,route_tangent,29,0.533,2.000,32,508081.217,3881299.972,-0.473542,-0.219903,-0.227121,-0.5600,-0.603,1.177,REVERSE|w1 d1 L29
66.033014,129.088664666667,35.074440666667,508083.464,3881301.896,0.574,-1.959917,route_tangent,29,0.533,2.000,32,508081.217,3881299.972,-0.473542,-0.219903,-0.224234,-0.5600,-0.603,1.177,REVERSE|w1 d1 L29
66.083101,129.088664666667,35.074440666667,508083.464,3881301.896,0.574,-1.959917,route_tangent,29,0.533,2.000,32,508081.217,3881299.972,-0.473542,-0.219903,-0.222502,-0.5600,-0.603,1.177,REVERSE|w1 d1 L29
66.133336,129.088664333333,35.074439500000,508083.434,3881301.767,0.504,-1.959917,route_tangent,29,0.616,2.000,32,508081.217,3881299.972,-0.501103,-0.239522,-0.229310,-0.5600,-0.567,1.071,REVERSE|w1 d1 L29
66.182839,129.088664333333,35.074439500000,508083.434,3881301.767,0.504,-1.959917,route_tangent,29,0.616,2.000,32,508081.217,3881299.972,-0.501103,-0.239522,-0.233395,-0.5600,-0.567,1.071,REVERSE|w1 d1 L29
66.232974,129.088664333333,35.074439500000,508083.434,3881301.767,0.504,-1.959917,route_tangent,29,0.616,2.000,32,508081.217,3881299.972,-0.501103,-0.239522,-0.235846,-0.5600,-0.567,1.071,REVERSE|w1 d1 L29
66.282858,129.088664333333,35.074439500000,508083.434,3881301.767,0.504,-1.959917,route_tangent,29,0.616,2.000,32,508081.217,3881299.972,-0.501103,-0.239522,-0.237316,-0.5600,-0.567,1.071,REVERSE|w1 d1 L29
66.333083,129.088664333333,35.074439500000,508083.434,3881301.767,0.504,-1.959917,route_tangent,29,0.616,2.000,32,508081.217,3881299.972,-0.501103,-0.239522,-0.238199,-0.5600,-0.528,1.032,REVERSE|w1 d1 L29
66.382885,129.088663833333,35.074438500000,508083.389,3881301.656,0.542,-1.959917,route_tangent,29,0.692,2.000,32,508081.217,3881299.972,-0.522067,-0.257315,-0.245845,-0.5600,-0.528,1.069,REVERSE|w1 d1 L29
66.433723,129.088663833333,35.074438500000,508083.389,3881301.656,0.542,-1.959917,route_tangent,29,0.692,2.000,32,508081.217,3881299.972,-0.522067,-0.257315,-0.250433,-0.5600,-0.528,1.069,REVERSE|w1 d1 L29
66.483338,129.088663833333,35.074438500000,508083.389,3881301.656,0.542,-1.959917,route_tangent,29,0.692,2.000,32,508081.217,3881299.972,-0.522067,-0.257315,-0.253186,-0.5600,-0.528,1.069,REVERSE|w1 d1 L29
66.533116,129.088663833333,35.074438500000,508083.389,3881301.656,0.542,-1.959917,route_tangent,29,0.692,2.000,32,508081.217,3881299.972,-0.522067,-0.257315,-0.254838,-0.5600,-0.567,1.108,REVERSE|w1 d1 L29
66.583280,129.088663833333,35.074438500000,508083.389,3881301.656,0.542,-1.959917,route_tangent,29,0.692,2.000,32,508081.217,3881299.972,-0.522067,-0.257315,-0.255829,-0.5600,-0.567,1.108,REVERSE|w1 d1 L29
66.632949,129.088663166667,35.074437166667,508083.328,3881301.508,0.555,-1.959917,route_tangent,30,0.650,2.000,32,508081.217,3881299.972,-0.552612,-0.260000,-0.257497,-0.5600,-0.567,1.121,REVERSE|w1 d1 L30
66.685820,129.088663166667,35.074437166667,508083.328,3881301.508,0.555,-2.257969,route_tangent,30,0.650,2.000,32,508081.217,3881299.972,-0.254560,-0.138975,-0.225775,-0.5600,-0.567,1.121,REVERSE|w1 d1 L30
66.732908,129.088663166667,35.074437166667,508083.328,3881301.508,0.555,-2.257969,route_tangent,30,0.650,2.000,32,508081.217,3881299.972,-0.254560,-0.138975,-0.197522,-0.5600,-0.603,1.158,REVERSE|w1 d1 L30
66.782942,129.088663166667,35.074437166667,508083.328,3881301.508,0.555,-2.257969,route_tangent,30,0.650,2.000,32,508081.217,3881299.972,-0.254560,-0.138975,-0.174103,-0.5600,-0.603,1.158,REVERSE|w1 d1 L30
66.832923,129.088663166667,35.074437166667,508083.328,3881301.508,0.555,-2.257969,route_tangent,30,0.650,2.000,32,508081.217,3881299.972,-0.254560,-0.138975,-0.160052,-0.5600,-0.603,1.158,REVERSE|w1 d1 L30
66.883777,129.088662333333,35.074436166667,508083.252,3881301.397,0.571,-2.257969,route_tangent,30,0.552,2.000,32,508081.217,3881299.972,-0.272708,-0.155935,-0.158405,-0.5600,-0.603,1.174,REVERSE|w1 d1 L30
66.933053,129.088662333333,35.074436166667,508083.252,3881301.397,0.571,-2.257969,route_tangent,30,0.552,2.000,32,508081.217,3881299.972,-0.272708,-0.155935,-0.157417,-0.5600,-0.567,1.138,REVERSE|w1 d1 L30
66.982864,129.088662333333,35.074436166667,508083.252,3881301.397,0.571,-2.257969,route_tangent,30,0.552,2.000,32,508081.217,3881299.972,-0.272708,-0.155935,-0.156824,-0.5600,-0.567,1.138,REVERSE|w1 d1 L30
67.032819,129.088662333333,35.074436166667,508083.252,3881301.397,0.571,-2.257969,route_tangent,30,0.552,2.000,32,508081.217,3881299.972,-0.272708,-0.155935,-0.156468,-0.5600,-0.567,1.138,REVERSE|w1 d1 L30
67.082912,129.088662333333,35.074436166667,508083.252,3881301.397,0.571,-2.257969,route_tangent,30,0.552,2.000,32,508081.217,3881299.972,-0.272708,-0.155935,-0.156255,-0.5600,-0.567,1.138,REVERSE|w1 d1 L30
67.134436,129.088661333333,35.074435166667,508083.161,3881301.286,0.569,-2.257969,route_tangent,30,0.457,2.000,32,508081.217,3881299.972,-0.289188,-0.174448,-0.163532,-0.5600,-0.547,1.116,REVERSE|w1 d1 L30
67.182908,129.088661333333,35.074435166667,508083.161,3881301.286,0.569,-2.257969,route_tangent,30,0.457,2.000,32,508081.217,3881299.972,-0.289188,-0.174448,-0.167898,-0.5600,-0.547,1.116,REVERSE|w1 d1 L30
67.234028,129.088661333333,35.074435166667,508083.161,3881301.286,0.569,-2.257969,route_tangent,30,0.457,2.000,32,508081.217,3881299.972,-0.289188,-0.174448,-0.170518,-0.5600,-0.547,1.116,REVERSE|w1 d1 L30
67.282962,129.088661333333,35.074435166667,508083.161,3881301.286,0.569,-2.257969,route_tangent,30,0.457,2.000,32,508081.217,3881299.972,-0.289188,-0.174448,-0.172090,-0.5600,-0.547,1.116,REVERSE|w1 d1 L30
67.332933,129.088661333333,35.074435166667,508083.161,3881301.286,0.569,-2.257969,route_tangent,30,0.457,2.000,32,508081.217,3881299.972,-0.289188,-0.174448,-0.173033,-0.5600,-0.586,1.155,REVERSE|w1 d1 L30
67.382989,129.088660500000,35.074434166667,508083.085,3881301.175,0.572,-2.257969,route_tangent,30,0.408,2.000,32,508081.217,3881299.972,-0.311441,-0.197380,-0.182772,-0.5600,-0.586,1.158,REVERSE|w1 d1 L30
67.432874,129.088660500000,35.074434166667,508083.085,3881301.175,0.572,-2.257969,route_tangent,30,0.408,2.000,32,508081.217,3881299.972,-0.311441,-0.197380,-0.188615,-0.5600,-0.586,1.158,REVERSE|w1 d1 L30
67.483506,129.088660500000,35.074434166667,508083.085,3881301.175,0.572,-2.257969,route_tangent,30,0.408,2.000,32,508081.217,3881299.972,-0.311441,-0.197380,-0.192121,-0.5600,-0.586,1.158,REVERSE|w1 d1 L30
67.532876,129.088660500000,35.074434166667,508083.085,3881301.175,0.572,-2.257969,route_tangent,30,0.408,2.000,32,508081.217,3881299.972,-0.311441,-0.197380,-0.194225,-0.5600,-0.567,1.138,REVERSE|w1 d1 L30
67.584395,129.088660500000,35.074434166667,508083.085,3881301.175,0.572,-2.257969,route_tangent,30,0.408,2.000,32,508081.217,3881299.972,-0.311441,-0.197380,-0.195487,-0.5600,-0.567,1.138,REVERSE|w1 d1 L30
67.633036,129.088659666667,35.074433000000,508083.009,3881301.046,0.544,-2.257969,route_tangent,30,0.411,2.000,32,508081.217,3881299.972,-0.343880,-0.229875,-0.209242,-0.5600,-0.567,1.111,REVERSE|w1 d1 L30
67.683658,129.088659666667,35.074433000000,508083.009,3881301.046,0.544,-2.257969,route_tangent,30,0.411,2.000,32,508081.217,3881299.972,-0.343880,-0.229875,-0.217495,-0.5600,-0.567,1.111,REVERSE|w1 d1 L30
67.733019,129.088659666667,35.074433000000,508083.009,3881301.046,0.544,-2.257969,route_tangent,30,0.411,2.000,32,508081.217,3881299.972,-0.343880,-0.229875,-0.222447,-0.5600,-0.528,1.072,REVERSE|w1 d1 L30
67.782874,129.088659666667,35.074433000000,508083.009,3881301.046,0.544,-2.257969,route_tangent,30,0.411,2.000,32,508081.217,3881299.972,-0.343880,-0.229875,-0.225418,-0.5600,-0.528,1.072,REVERSE|w1 d1 L30
67.833074,129.088659666667,35.074433000000,508083.009,3881301.046,0.544,-2.257969,route_tangent,30,0.411,2.000,32,508081.217,3881299.972,-0.343880,-0.229875,-0.227201,-0.5600,-0.528,1.072,REVERSE|w1 d1 L30
67.882979,129.088658500000,35.074432166667,508082.903,3881300.953,0.553,-2.257969,route_tangent,30,0.419,2.000,33,508080.336,3881299.491,-0.365710,-0.173762,-0.205825,-0.5600,-0.528,1.081,REVERSE|w1 d1 L30
67.933097,129.088658500000,35.074432166667,508082.903,3881300.953,0.553,-2.257969,route_tangent,30,0.419,2.000,33,508080.336,3881299.491,-0.365710,-0.173762,-0.193000,-0.5600,-0.567,1.120,REVERSE|w1 d1 L30
67.982851,129.088658500000,35.074432166667,508082.903,3881300.953,0.553,-2.257969,route_tangent,30,0.419,2.000,33,508080.336,3881299.491,-0.365710,-0.173762,-0.185305,-0.5600,-0.567,1.120,REVERSE|w1 d1 L30
68.033768,129.088658500000,35.074432166667,508082.903,3881300.953,0.553,-2.257969,route_tangent,30,0.419,2.000,33,508080.336,3881299.491,-0.365710,-0.173762,-0.180688,-0.5600,-0.567,1.120,REVERSE|w1 d1 L30
68.083525,129.088658500000,35.074432166667,508082.903,3881300.953,0.553,-2.257969,route_tangent,30,0.419,2.000,33,508080.336,3881299.491,-0.365710,-0.173762,-0.177917,-0.5600,-0.567,1.120,REVERSE|w1 d1 L30
68.132906,129.088657500000,35.074431166667,508082.812,3881300.842,0.577,-2.257969,route_tangent,30,0.492,2.000,33,508080.336,3881299.491,-0.383913,-0.190227,-0.182841,-0.5600,-0.586,1.163,REVERSE|w1 d1 L30
68.182988,129.088657500000,35.074431166667,508082.812,3881300.842,0.577,-2.257969,route_tangent,30,0.492,2.000,33,508080.336,3881299.491,-0.383913,-0.190227,-0.185795,-0.5600,-0.586,1.163,REVERSE|w1 d1 L30
68.232944,129.088657500000,35.074431166667,508082.812,3881300.842,0.577,-2.257969,route_tangent,30,0.492,2.000,33,508080.336,3881299.491,-0.383913,-0.190227,-0.187568,-0.5600,-0.586,1.163,REVERSE|w1 d1 L30
68.284591,129.088657500000,35.074431166667,508082.812,3881300.842,0.577,-2.257969,route_tangent,30,0.492,2.000,33,508080.336,3881299.491,-0.383913,-0.190227,-0.188631,-0.5600,-0.586,1.163,REVERSE|w1 d1 L30
68.333049,129.088657500000,35.074431166667,508082.812,3881300.842,0.577,-2.257969,route_tangent,30,0.492,2.000,33,508080.336,3881299.491,-0.383913,-0.190227,-0.189270,-0.5600,-0.414,0.991,REVERSE|w1 d1 L30
