elapsed_sec,longitude,latitude,utm_easting_m,utm_northing_m,speed_mps,heading_rad,heading_source,waypoint_index,route_error_m,lookahead_m,target_index,target_easting_m,target_northing_m,alpha_rad,raw_steering_rad,filtered_steering_rad,command_speed_mps,state
1.065468,129.088332833333,35.074455500000,508053.210,3881303.514,0.004,0.861280,route_tangent,0,1.302,5.000,4,508058.086,3881305.681,-0.443069,0.000000,0.000000,1.9444,TRACKING
1.115473,129.088332833333,35.074455500000,508053.210,3881303.514,0.004,0.861280,route_tangent,0,1.302,5.000,4,508058.086,3881305.681,-0.443069,0.000000,0.000000,1.9444,TRACKING
1.165458,129.088332833333,35.074455500000,508053.210,3881303.514,0.004,0.861280,route_tangent,0,1.302,5.000,4,508058.086,3881305.681,-0.443069,0.000000,0.000000,1.9444,TRACKING
1.215472,129.088332833333,35.074455500000,508053.210,3881303.514,0.004,0.861280,route_tangent,0,1.302,5.000,4,508058.086,3881305.681,-0.443069,0.000000,0.000000,1.9444,TRACKING
1.265429,129.088332833333,35.074455500000,508053.210,3881303.514,0.004,0.861280,route_tangent,0,1.302,5.000,4,508058.086,3881305.681,-0.443069,0.000000,0.000000,1.9444,TRACKING
1.315464,129.088332833333,35.074455500000,508053.210,3881303.514,0.004,0.861280,route_tangent,0,1.302,5.000,4,508058.086,3881305.681,-0.443069,0.000000,0.000000,1.9444,TRACKING
1.365479,129.088332833333,35.074455500000,508053.210,3881303.514,0.004,0.861280,route_tangent,0,1.302,5.000,4,508058.086,3881305.681,-0.443069,0.000000,0.000000,1.9444,TRACKING
1.415496,129.088332833333,35.074455500000,508053.210,3881303.514,0.004,0.861280,route_tangent,0,1.302,5.000,4,508058.086,3881305.681,-0.443069,0.000000,0.000000,1.9444,TRACKING
1.465490,129.088332833333,35.074455500000,508053.210,3881303.514,0.004,0.861280,route_tangent,0,1.302,5.000,4,508058.086,3881305.681,-0.443069,0.000000,0.000000,1.9444,TRACKING
1.515485,129.088332833333,35.074455500000,508053.210,3881303.514,0.004,0.861280,route_tangent,0,1.302,5.000,4,508058.086,3881305.681,-0.443069,0.000000,0.000000,1.9444,TRACKING
1.565471,129.088332833333,35.074455500000,508053.210,3881303.514,0.001,0.861280,route_tangent,0,1.302,5.000,4,508058.086,3881305.681,-0.443069,0.000000,0.000000,1.9444,TRACKING
1.615471,129.088332833333,35.074455500000,508053.210,3881303.514,0.001,0.861280,route_tangent,0,1.302,5.000,4,508058.086,3881305.681,-0.443069,0.000000,0.000000,1.9444,TRACKING
1.665480,129.088332833333,35.074455500000,508053.210,3881303.514,0.001,0.861280,route_tangent,0,1.302,5.000,4,508058.086,3881305.681,-0.443069,0.000000,0.000000,1.9444,TRACKING
1.715509,129.088332833333,35.074455500000,508053.210,3881303.514,0.001,0.861280,route_tangent,0,1.302,5.000,4,508058.086,3881305.681,-0.443069,0.000000,0.000000,1.9444,TRACKING
1.765496,129.088332833333,35.074455500000,508053.210,3881303.514,0.001,0.861280,route_tangent,0,1.302,5.000,4,508058.086,3881305.681,-0.443069,0.000000,0.000000,1.9444,TRACKING
1.815451,129.088332833333,35.074455500000,508053.210,3881303.514,0.001,0.861280,route_tangent,0,1.302,5.000,4,508058.086,3881305.681,-0.443069,0.000000,0.000000,1.9444,TRACKING
1.865492,129.088332833333,35.074455500000,508053.210,3881303.514,0.001,0.861280,route_tangent,0,1.302,5.000,4,508058.086,3881305.681,-0.443069,0.000000,0.000000,1.9444,TRACKING
1.915996,129.088332833333,35.074455500000,508053.210,3881303.514,0.001,0.861280,route_tangent,0,1.302,5.000,4,508058.086,3881305.681,-0.443069,0.000000,0.000000,1.9444,TRACKING
1.965542,129.088332833333,35.074455500000,508053.210,3881303.514,0.001,0.861280,route_tangent,0,1.302,5.000,4,508058.086,3881305.681,-0.443069,0.000000,0.000000,1.9444,TRACKING
2.015811,129.088332833333,35.074455500000,508053.210,3881303.514,0.001,0.861280,route_tangent,0,1.302,5.000,4,508058.086,3881305.681,-0.443069,0.000000,0.000000,1.9444,TRACKING
2.065537,129.088332833333,35.074455500000,508053.210,3881303.514,0.002,0.861280,route_tangent,0,1.302,5.000,4,508058.086,3881305.681,-0.443069,0.000000,0.000000,1.9444,TRACKING
2.115452,129.088332833333,35.074455500000,508053.210,3881303.514,0.002,0.861280,route_tangent,0,1.302,5.000,4,508058.086,3881305.681,-0.443069,0.000000,0.000000,1.9444,TRACKING
2.165512,129.088332833333,35.074455500000,508053.210,3881303.514,0.002,0.861280,route_tangent,0,1.302,5.000,4,508058.086,3881305.681,-0.443069,0.000000,0.000000,1.9444,TRACKING
2.215548,129.088332833333,35.074455500000,508053.210,3881303.514,0.002,0.861280,route_tangent,0,1.302,5.000,4,508058.086,3881305.681,-0.443069,0.000000,0.000000,1.9444,TRACKING
2.265511,129.088332833333,35.074455500000,508053.210,3881303.514,0.002,0.861280,route_tangent,0,1.302,5.000,4,508058.086,3881305.681,-0.443069,0.000000,0.000000,1.9444,TRACKING
2.315464,129.088332833333,35.074455500000,508053.210,3881303.514,0.002,0.861280,route_tangent,0,1.302,5.000,4,508058.086,3881305.681,-0.443069,0.000000,0.000000,1.9444,TRACKING
2.365471,129.088332833333,35.074455500000,508053.210,3881303.514,0.002,0.861280,route_tangent,0,1.302,5.000,4,508058.086,3881305.681,-0.443069,0.000000,0.000000,1.9444,TRACKING
2.415479,129.088332833333,35.074455500000,508053.210,3881303.514,0.002,0.861280,route_tangent,0,1.302,5.000,4,508058.086,3881305.681,-0.443069,0.000000,0.000000,1.9444,TRACKING
2.465481,129.088332833333,35.074455500000,508053.210,3881303.514,0.002,0.861280,route_tangent,0,1.302,5.000,4,508058.086,3881305.681,-0.443069,0.000000,0.000000,1.9444,TRACKING
2.515464,129.088332833333,35.074455500000,508053.210,3881303.514,0.002,0.861280,route_tangent,0,1.302,5.000,4,508058.086,3881305.681,-0.443069,0.000000,0.000000,1.9444,TRACKING
2.565517,129.088332833333,35.074455500000,508053.210,3881303.514,0.001,0.861280,route_tangent,0,1.302,5.000,4,508058.086,3881305.681,-0.443069,0.000000,0.000000,1.9444,TRACKING
2.615488,129.088332833333,35.074455500000,508053.210,3881303.514,0.001,0.861280,route_tangent,0,1.302,5.000,4,508058.086,3881305.681,-0.443069,0.000000,0.000000,1.9444,TRACKING
2.665499,129.088332833333,35.074455500000,508053.210,3881303.514,0.001,0.861280,route_tangent,0,1.302,5.000,4,508058.086,3881305.681,-0.443069,0.000000,0.000000,1.9444,TRACKING
2.715511,129.088332833333,35.074455500000,508053.210,3881303.514,0.001,0.861280,route_tangent,0,1.302,5.000,4,508058.086,3881305.681,-0.443069,0.000000,0.000000,1.9444,TRACKING
2.765452,129.088332833333,35.074455500000,508053.210,3881303.514,0.001,0.861280,route_tangent,0,1.302,5.000,4,508058.086,3881305.681,-0.443069,0.000000,0.000000,1.9444,TRACKING
2.815495,129.088332833333,35.074455500000,508053.210,3881303.514,0.006,0.861280,route_tangent,0,1.302,5.000,4,508058.086,3881305.681,-0.443069,0.000000,0.000000,1.9444,TRACKING
2.865438,129.088332833333,35.074455500000,508053.210,3881303.514,0.006,0.861280,route_tangent,0,1.302,5.000,4,508058.086,3881305.681,-0.443069,0.000000,0.000000,1.9444,TRACKING
2.915456,129.088332833333,35.074455500000,508053.210,3881303.514,0.006,0.861280,route_tangent,0,1.302,5.000,4,508058.086,3881305.681,-0.443069,0.000000,0.000000,1.9444,TRACKING
2.965491,129.088332833333,35.074455500000,508053.210,3881303.514,0.006,0.861280,route_tangent,0,1.302,5.000,4,508058.086,3881305.681,-0.443069,0.000000,0.000000,1.9444,TRACKING
3.015473,129.088332833333,35.074455500000,508053.210,3881303.514,0.006,0.861280,route_tangent,0,1.302,5.000,4,508058.086,3881305.681,-0.443069,0.000000,0.000000,1.9444,TRACKING
3.065465,129.088332833333,35.074455500000,508053.210,3881303.514,0.002,0.861280,route_tangent,0,1.302,5.000,4,508058.086,3881305.681,-0.443069,0.000000,0.000000,1.9444,TRACKING
3.115503,129.088332833333,35.074455500000,508053.210,3881303.514,0.002,0.861280,route_tangent,0,1.302,5.000,4,508058.086,3881305.681,-0.443069,0.000000,0.000000,1.9444,TRACKING
3.165577,129.088332833333,35.074455500000,508053.210,3881303.514,0.002,0.861280,route_tangent,0,1.302,5.000,4,508058.086,3881305.681,-0.443069,0.000000,0.000000,1.9444,TRACKING
3.215622,129.088332833333,35.074455500000,508053.210,3881303.514,0.002,0.861280,route_tangent,0,1.302,5.000,4,508058.086,3881305.681,-0.443069,0.000000,0.000000,1.9444,TRACKING
3.265485,129.088332833333,35.074455500000,508053.210,3881303.514,0.002,0.861280,route_tangent,0,1.302,5.000,4,508058.086,3881305.681,-0.443069,0.000000,0.000000,1.9444,TRACKING
3.315587,129.088332833333,35.074455500000,508053.210,3881303.514,0.002,0.861280,route_tangent,0,1.302,5.000,4,508058.086,3881305.681,-0.443069,0.000000,0.000000,1.9444,TRACKING
3.365487,129.088332833333,35.074455500000,508053.210,3881303.514,0.003,0.861280,route_tangent,0,1.302,5.000,4,508058.086,3881305.681,-0.443069,0.000000,0.000000,1.9444,TRACKING
3.415572,129.088332833333,35.074455500000,508053.210,3881303.514,0.003,0.861280,route_tangent,0,1.302,5.000,4,508058.086,3881305.681,-0.443069,0.000000,0.000000,1.9444,TRACKING
3.465536,129.088332833333,35.074455500000,508053.210,3881303.514,0.003,0.861280,route_tangent,0,1.302,5.000,4,508058.086,3881305.681,-0.443069,0.000000,0.000000,1.9444,TRACKING
3.515483,129.088332833333,35.074455500000,508053.210,3881303.514,0.003,0.861280,route_tangent,0,1.302,5.000,4,508058.086,3881305.681,-0.443069,0.000000,0.000000,1.9444,TRACKING
3.565574,129.088332833333,35.074455500000,508053.210,3881303.514,0.007,0.861280,route_tangent,0,1.302,5.000,4,508058.086,3881305.681,-0.443069,0.000000,0.000000,1.9444,TRACKING
3.615512,129.088332833333,35.074455500000,508053.210,3881303.514,0.007,0.861280,route_tangent,0,1.302,5.000,4,508058.086,3881305.681,-0.443069,0.000000,0.000000,1.9444,TRACKING
3.665439,129.088332833333,35.074455500000,508053.210,3881303.514,0.007,0.861280,route_tangent,0,1.302,5.000,4,508058.086,3881305.681,-0.443069,0.000000,0.000000,1.9444,TRACKING
3.715475,129.088332833333,35.074455500000,508053.210,3881303.514,0.007,0.861280,route_tangent,0,1.302,5.000,4,508058.086,3881305.681,-0.443069,0.000000,0.000000,1.9444,TRACKING
3.765442,129.088332833333,35.074455500000,508053.210,3881303.514,0.007,0.861280,route_tangent,0,1.302,5.000,4,508058.086,3881305.681,-0.443069,0.000000,0.000000,1.9444,TRACKING
3.815639,129.088332833333,35.074455500000,508053.210,3881303.514,0.004,0.861280,route_tangent,0,1.302,5.000,4,508058.086,3881305.681,-0.443069,0.000000,0.000000,1.9444,TRACKING
3.865523,129.088332833333,35.074455500000,508053.210,3881303.514,0.004,0.861280,route_tangent,0,1.302,5.000,4,508058.086,3881305.681,-0.443069,0.000000,0.000000,1.9444,TRACKING
3.915459,129.088332833333,35.074455500000,508053.210,3881303.514,0.004,0.861280,route_tangent,0,1.302,5.000,4,508058.086,3881305.681,-0.443069,0.000000,0.000000,1.9444,TRACKING
3.965516,129.088332833333,35.074455500000,508053.210,3881303.514,0.004,0.861280,route_tangent,0,1.302,5.000,4,508058.086,3881305.681,-0.443069,0.000000,0.000000,1.9444,TRACKING
4.015552,129.088332833333,35.074455500000,508053.210,3881303.514,0.004,0.861280,route_tangent,0,1.302,5.000,4,508058.086,3881305.681,-0.443069,0.000000,0.000000,1.9444,TRACKING
4.065480,129.088332833333,35.074455500000,508053.210,3881303.514,0.004,0.861280,route_tangent,0,1.302,5.000,4,508058.086,3881305.681,-0.443069,0.000000,0.000000,1.9444,TRACKING
4.115516,129.088332833333,35.074455500000,508053.210,3881303.514,0.005,0.861280,route_tangent,0,1.302,5.000,4,508058.086,3881305.681,-0.443069,0.000000,0.000000,1.9444,TRACKING
4.165465,129.088332833333,35.074455500000,508053.210,3881303.514,0.005,0.861280,route_tangent,0,1.302,5.000,4,508058.086,3881305.681,-0.443069,0.000000,0.000000,1.9444,TRACKING
4.215512,129.088332833333,35.074455500000,508053.210,3881303.514,0.005,0.861280,route_tangent,0,1.302,5.000,4,508058.086,3881305.681,-0.443069,0.000000,0.000000,1.9444,TRACKING
4.265521,129.088332833333,35.074455500000,508053.210,3881303.514,0.005,0.861280,route_tangent,0,1.302,5.000,4,508058.086,3881305.681,-0.443069,0.000000,0.000000,1.9444,TRACKING
4.315514,129.088332833333,35.074455500000,508053.210,3881303.514,0.005,0.861280,route_tangent,0,1.302,5.000,4,508058.086,3881305.681,-0.443069,0.000000,0.000000,1.9444,TRACKING
4.365500,129.088332833333,35.074455500000,508053.210,3881303.514,0.005,0.861280,route_tangent,0,1.302,5.000,4,508058.086,3881305.681,-0.443069,0.000000,0.000000,1.9444,TRACKING
4.415516,129.088332833333,35.074455500000,508053.210,3881303.514,0.005,0.861280,route_tangent,0,1.302,5.000,4,508058.086,3881305.681,-0.443069,0.000000,0.000000,1.9444,TRACKING
4.465493,129.088332833333,35.074455500000,508053.210,3881303.514,0.005,0.861280,route_tangent,0,1.302,5.000,4,508058.086,3881305.681,-0.443069,0.000000,0.000000,1.9444,TRACKING
4.515463,129.088332833333,35.074455500000,508053.210,3881303.514,0.005,0.861280,route_tangent,0,1.302,5.000,4,508058.086,3881305.681,-0.443069,0.000000,0.000000,1.9444,TRACKING
4.565470,129.088332833333,35.074455500000,508053.210,3881303.514,0.003,0.861280,route_tangent,0,1.302,5.000,4,508058.086,3881305.681,-0.443069,0.000000,0.000000,1.9444,TRACKING
4.615526,129.088332833333,35.074455500000,508053.210,3881303.514,0.003,0.861280,route_tangent,0,1.302,5.000,4,508058.086,3881305.681,-0.443069,0.000000,0.000000,1.9444,TRACKING
4.665529,129.088332833333,35.074455500000,508053.210,3881303.514,0.003,0.861280,route_tangent,0,1.302,5.000,4,508058.086,3881305.681,-0.443069,0.000000,0.000000,1.9444,TRACKING
4.715506,129.088332833333,35.074455500000,508053.210,3881303.514,0.003,0.861280,route_tangent,0,1.302,5.000,4,508058.086,3881305.681,-0.443069,0.000000,0.000000,1.9444,TRACKING
4.765504,129.088332833333,35.074455500000,508053.210,3881303.514,0.003,0.861280,route_tangent,0,1.302,5.000,4,508058.086,3881305.681,-0.443069,0.000000,0.000000,1.9444,TRACKING
4.815513,129.088332833333,35.074455500000,508053.210,3881303.514,0.005,0.861280,route_tangent,0,1.302,5.000,4,508058.086,3881305.681,-0.443069,0.000000,0.000000,1.9444,TRACKING
4.865497,129.088332833333,35.074455500000,508053.210,3881303.514,0.005,0.861280,route_tangent,0,1.302,5.000,4,508058.086,3881305.681,-0.443069,0.000000,0.000000,1.9444,TRACKING
4.915504,129.088332833333,35.074455500000,508053.210,3881303.514,0.005,0.861280,route_tangent,0,1.302,5.000,4,508058.086,3881305.681,-0.443069,0.000000,0.000000,1.9444,TRACKING
4.965533,129.088332833333,35.074455500000,508053.210,3881303.514,0.005,0.861280,route_tangent,0,1.302,5.000,4,508058.086,3881305.681,-0.443069,0.000000,0.000000,1.9444,TRACKING
5.015620,129.088332833333,35.074455500000,508053.210,3881303.514,0.005,0.861280,route_tangent,0,1.302,5.000,4,508058.086,3881305.681,-0.443069,0.000000,0.000000,1.9444,TRACKING
5.066529,129.088332833333,35.074455500000,508053.210,3881303.514,0.006,0.861280,route_tangent,0,1.302,5.000,4,508058.086,3881305.681,-0.443069,0.000000,0.000000,1.9444,TRACKING
5.115470,129.088332833333,35.074455500000,508053.210,3881303.514,0.006,0.861280,route_tangent,0,1.302,5.000,4,508058.086,3881305.681,-0.443069,0.000000,0.000000,1.9444,TRACKING
5.165508,129.088332833333,35.074455500000,508053.210,3881303.514,0.006,0.861280,route_tangent,0,1.302,5.000,4,508058.086,3881305.681,-0.443069,0.000000,0.000000,1.9444,TRACKING
5.215510,129.088332833333,35.074455500000,508053.210,3881303.514,0.006,0.861280,route_tangent,0,1.302,5.000,4,508058.086,3881305.681,-0.443069,0.000000,0.000000,1.9444,TRACKING
5.265449,129.088332833333,35.074455500000,508053.210,3881303.514,0.006,0.861280,route_tangent,0,1.302,5.000,4,508058.086,3881305.681,-0.443069,0.000000,0.000000,1.9444,TRACKING
5.315561,129.088332833333,35.074455500000,508053.210,3881303.514,0.002,0.861280,route_tangent,0,1.302,5.000,4,508058.086,3881305.681,-0.443069,0.000000,0.000000,1.9444,TRACKING
5.365481,129.088332833333,35.074455500000,508053.210,3881303.514,0.002,0.861280,route_tangent,0,1.302,5.000,4,508058.086,3881305.681,-0.443069,0.000000,0.000000,1.9444,TRACKING
5.415514,129.088332833333,35.074455500000,508053.210,3881303.514,0.002,0.861280,route_tangent,0,1.302,5.000,4,508058.086,3881305.681,-0.443069,0.000000,0.000000,1.9444,TRACKING
5.465507,129.088332833333,35.074455500000,508053.210,3881303.514,0.002,0.861280,route_tangent,0,1.302,5.000,4,508058.086,3881305.681,-0.443069,0.000000,0.000000,1.9444,TRACKING
5.515505,129.088332833333,35.074455500000,508053.210,3881303.514,0.002,0.861280,route_tangent,0,1.302,5.000,4,508058.086,3881305.681,-0.443069,0.000000,0.000000,1.9444,TRACKING
5.565523,129.088332833333,35.074455500000,508053.210,3881303.514,0.001,0.861280,route_tangent,0,1.302,5.000,4,508058.086,3881305.681,-0.443069,0.000000,0.000000,1.9444,TRACKING
5.615475,129.088332833333,35.074455500000,508053.210,3881303.514,0.001,0.861280,route_tangent,0,1.302,5.000,4,508058.086,3881305.681,-0.443069,0.000000,0.000000,1.9444,TRACKING
5.665485,129.088332833333,35.074455500000,508053.210,3881303.514,0.001,0.861280,route_tangent,0,1.302,5.000,4,508058.086,3881305.681,-0.443069,0.000000,0.000000,1.9444,TRACKING
5.715507,129.088332833333,35.074455500000,508053.210,3881303.514,0.001,0.861280,route_tangent,0,1.302,5.000,4,508058.086,3881305.681,-0.443069,0.000000,0.000000,1.9444,TRACKING
5.765482,129.088332833333,35.074455500000,508053.210,3881303.514,0.001,0.861280,route_tangent,0,1.302,5.000,4,508058.086,3881305.681,-0.443069,0.000000,0.000000,1.9444,TRACKING
5.815509,129.088332833333,35.074455500000,508053.210,3881303.514,0.006,0.861280,route_tangent,0,1.302,5.000,4,508058.086,3881305.681,-0.443069,0.000000,0.000000,1.9444,TRACKING
5.865471,129.088332833333,35.074455500000,508053.210,3881303.514,0.006,0.861280,route_tangent,0,1.302,5.000,4,508058.086,3881305.681,-0.443069,0.000000,0.000000,1.9444,TRACKING
5.915482,129.088332833333,35.074455500000,508053.210,3881303.514,0.006,0.861280,route_tangent,0,1.302,5.000,4,508058.086,3881305.681,-0.443069,0.000000,0.000000,1.9444,TRACKING
5.965488,129.088332833333,35.074455500000,508053.210,3881303.514,0.006,0.861280,route_tangent,0,1.302,5.000,4,508058.086,3881305.681,-0.443069,0.000000,0.000000,1.9444,TRACKING
6.015465,129.088332833333,35.074455500000,508053.210,3881303.514,0.006,0.861280,route_tangent,0,1.302,5.000,4,508058.086,3881305.681,-0.443069,0.000000,0.000000,1.9444,TRACKING
6.065474,129.088332833333,35.074455500000,508053.210,3881303.514,0.006,0.861280,route_tangent,0,1.302,5.000,4,508058.086,3881305.681,-0.443069,0.000000,0.000000,1.9444,TRACKING
6.115486,129.088332833333,35.074455500000,508053.210,3881303.514,0.006,0.861280,route_tangent,0,1.302,5.000,4,508058.086,3881305.681,-0.443069,0.000000,0.000000,1.9444,TRACKING
6.165487,129.088332833333,35.074455500000,508053.210,3881303.514,0.006,0.861280,route_tangent,0,1.302,5.000,4,508058.086,3881305.681,-0.443069,0.000000,0.000000,1.9444,TRACKING
6.215525,129.088332833333,35.074455500000,508053.210,3881303.514,0.006,0.861280,route_tangent,0,1.302,5.000,4,508058.086,3881305.681,-0.443069,0.000000,0.000000,1.9444,TRACKING
6.265519,129.088332833333,35.074455500000,508053.210,3881303.514,0.006,0.861280,route_tangent,0,1.302,5.000,4,508058.086,3881305.681,-0.443069,0.000000,0.000000,1.9444,TRACKING
6.315530,129.088332833333,35.074455500000,508053.210,3881303.514,0.006,0.861280,route_tangent,0,1.302,5.000,4,508058.086,3881305.681,-0.443069,0.000000,0.000000,1.9444,TRACKING
6.365525,129.088332833333,35.074455500000,508053.210,3881303.514,0.006,0.861280,route_tangent,0,1.302,5.000,4,508058.086,3881305.681,-0.443069,0.000000,0.000000,1.9444,TRACKING
6.415448,129.088332833333,35.074455500000,508053.210,3881303.514,0.006,0.861280,route_tangent,0,1.302,5.000,4,508058.086,3881305.681,-0.443069,0.000000,0.000000,1.9444,TRACKING
6.465868,129.088332833333,35.074455500000,508053.210,3881303.514,0.006,0.861280,route_tangent,0,1.302,5.000,4,508058.086,3881305.681,-0.443069,0.000000,0.000000,1.9444,TRACKING
6.515452,129.088332833333,35.074455500000,508053.210,3881303.514,0.006,0.861280,route_tangent,0,1.302,5.000,4,508058.086,3881305.681,-0.443069,0.000000,0.000000,1.9444,TRACKING
6.565480,129.088332833333,35.074455500000,508053.210,3881303.514,0.007,0.861280,route_tangent,0,1.302,5.000,4,508058.086,3881305.681,-0.443069,0.000000,0.000000,1.9444,TRACKING
6.615476,129.088332833333,35.074455500000,508053.210,3881303.514,0.007,0.861280,route_tangent,0,1.302,5.000,4,508058.086,3881305.681,-0.443069,0.000000,0.000000,1.9444,TRACKING
6.665437,129.088332833333,35.074455500000,508053.210,3881303.514,0.007,0.861280,route_tangent,0,1.302,5.000,4,508058.086,3881305.681,-0.443069,0.000000,0.000000,1.9444,TRACKING
6.715514,129.088332833333,35.074455500000,508053.210,3881303.514,0.007,0.861280,route_tangent,0,1.302,5.000,4,508058.086,3881305.681,-0.443069,0.000000,0.000000,1.9444,TRACKING
6.765477,129.088332833333,35.074455500000,508053.210,3881303.514,0.007,0.861280,route_tangent,0,1.302,5.000,4,508058.086,3881305.681,-0.443069,0.000000,0.000000,1.9444,TRACKING
6.815461,129.088332833333,35.074455500000,508053.210,3881303.514,0.003,0.861280,route_tangent,0,1.302,5.000,4,508058.086,3881305.681,-0.443069,0.000000,0.000000,1.9444,TRACKING
6.865589,129.088332833333,35.074455500000,508053.210,3881303.514,0.003,0.861280,route_tangent,0,1.302,5.000,4,508058.086,3881305.681,-0.443069,0.000000,0.000000,1.9444,TRACKING
6.916057,129.088332833333,35.074455500000,508053.210,3881303.514,0.003,0.861280,route_tangent,0,1.302,5.000,4,508058.086,3881305.681,-0.443069,0.000000,0.000000,1.9444,TRACKING
6.965510,129.088332833333,35.074455500000,508053.210,3881303.514,0.003,0.861280,route_tangent,0,1.302,5.000,4,508058.086,3881305.681,-0.443069,0.000000,0.000000,1.9444,TRACKING
7.015478,129.088332833333,35.074455500000,508053.210,3881303.514,0.003,0.861280,route_tangent,0,1.302,5.000,4,508058.086,3881305.681,-0.443069,0.000000,0.000000,1.9444,TRACKING
7.065587,129.088332833333,35.074455500000,508053.210,3881303.514,0.003,0.861280,route_tangent,0,1.302,5.000,4,508058.086,3881305.681,-0.443069,0.000000,0.000000,1.9444,TRACKING
7.115493,129.088332833333,35.074455500000,508053.210,3881303.514,0.003,0.861280,route_tangent,0,1.302,5.000,4,508058.086,3881305.681,-0.443069,0.000000,0.000000,1.9444,TRACKING
7.165458,129.088332833333,35.074455500000,508053.210,3881303.514,0.003,0.861280,route_tangent,0,1.302,5.000,4,508058.086,3881305.681,-0.443069,0.000000,0.000000,1.9444,TRACKING
7.215468,129.088332833333,35.074455500000,508053.210,3881303.514,0.003,0.861280,route_tangent,0,1.302,5.000,4,508058.086,3881305.681,-0.443069,0.000000,0.000000,1.9444,TRACKING
7.265465,129.088332833333,35.074455500000,508053.210,3881303.514,0.003,0.861280,route_tangent,0,1.302,5.000,4,508058.086,3881305.681,-0.443069,0.000000,0.000000,1.9444,TRACKING
7.315461,129.088332833333,35.074455500000,508053.210,3881303.514,0.003,0.861280,route_tangent,0,1.302,5.000,4,508058.086,3881305.681,-0.443069,0.000000,0.000000,1.9444,TRACKING
7.365453,129.088332833333,35.074455500000,508053.210,3881303.514,0.002,0.861280,route_tangent,0,1.302,5.000,4,508058.086,3881305.681,-0.443069,0.000000,0.000000,1.9444,TRACKING
7.415468,129.088332833333,35.074455500000,508053.210,3881303.514,0.002,0.861280,route_tangent,0,1.302,5.000,4,508058.086,3881305.681,-0.443069,0.000000,0.000000,1.9444,TRACKING
7.465459,129.088332833333,35.074455500000,508053.210,3881303.514,0.002,0.861280,route_tangent,0,1.302,5.000,4,508058.086,3881305.681,-0.443069,0.000000,0.000000,1.9444,TRACKING
7.515465,129.088332833333,35.074455500000,508053.210,3881303.514,0.002,0.861280,route_tangent,0,1.302,5.000,4,508058.086,3881305.681,-0.443069,0.000000,0.000000,1.9444,TRACKING
7.565461,129.088332833333,35.074455500000,508053.210,3881303.514,0.003,0.861280,route_tangent,0,1.302,5.000,4,508058.086,3881305.681,-0.443069,0.000000,0.000000,1.9444,TRACKING
7.615455,129.088332833333,35.074455500000,508053.210,3881303.514,0.003,0.861280,route_tangent,0,1.302,5.000,4,508058.086,3881305.681,-0.443069,0.000000,0.000000,1.9444,TRACKING
7.665456,129.088332833333,35.074455500000,508053.210,3881303.514,0.003,0.861280,route_tangent,0,1.302,5.000,4,508058.086,3881305.681,-0.443069,0.000000,0.000000,1.9444,TRACKING
7.715497,129.088332833333,35.074455500000,508053.210,3881303.514,0.003,0.861280,route_tangent,0,1.302,5.000,4,508058.086,3881305.681,-0.443069,0.000000,0.000000,1.9444,TRACKING
7.765511,129.088332833333,35.074455500000,508053.210,3881303.514,0.003,0.861280,route_tangent,0,1.302,5.000,4,508058.086,3881305.681,-0.443069,0.000000,0.000000,1.9444,TRACKING
7.815597,129.088332833333,35.074455500000,508053.210,3881303.514,0.003,0.861280,route_tangent,0,1.302,5.000,4,508058.086,3881305.681,-0.443069,0.000000,0.000000,1.9444,TRACKING
7.865470,129.088332833333,35.074455500000,508053.210,3881303.514,0.003,0.861280,route_tangent,0,1.302,5.000,4,508058.086,3881305.681,-0.443069,0.000000,0.000000,1.9444,TRACKING
7.915686,129.088332833333,35.074455500000,508053.210,3881303.514,0.003,0.861280,route_tangent,0,1.302,5.000,4,508058.086,3881305.681,-0.443069,0.000000,0.000000,1.9444,TRACKING
7.965510,129.088332833333,35.074455500000,508053.210,3881303.514,0.003,0.861280,route_tangent,0,1.302,5.000,4,508058.086,3881305.681,-0.443069,0.000000,0.000000,1.9444,TRACKING
8.015503,129.088332833333,35.074455500000,508053.210,3881303.514,0.003,0.861280,route_tangent,0,1.302,5.000,4,508058.086,3881305.681,-0.443069,0.000000,0.000000,1.9444,TRACKING
8.065468,129.088332833333,35.074455500000,508053.210,3881303.514,0.003,0.861280,route_tangent,0,1.302,5.000,4,508058.086,3881305.681,-0.443069,0.000000,0.000000,1.9444,TRACKING
8.115457,129.088332833333,35.074455500000,508053.210,3881303.514,0.003,0.861280,route_tangent,0,1.302,5.000,4,508058.086,3881305.681,-0.443069,0.000000,0.000000,1.9444,TRACKING
8.165455,129.088332833333,35.074455500000,508053.210,3881303.514,0.003,0.861280,route_tangent,0,1.302,5.000,4,508058.086,3881305.681,-0.443069,0.000000,0.000000,1.9444,TRACKING
8.216110,129.088332833333,35.074455500000,508053.210,3881303.514,0.003,0.861280,route_tangent,0,1.302,5.000,4,508058.086,3881305.681,-0.443069,0.000000,0.000000,1.9444,TRACKING
8.265833,129.088332833333,35.074455500000,508053.210,3881303.514,0.003,0.861280,route_tangent,0,1.302,5.000,4,508058.086,3881305.681,-0.443069,0.000000,0.000000,1.9444,TRACKING
8.315518,129.088332833333,35.074455500000,508053.210,3881303.514,0.005,0.861280,route_tangent,0,1.302,5.000,4,508058.086,3881305.681,-0.443069,0.000000,0.000000,1.9444,TRACKING
8.365538,129.088332833333,35.074455500000,508053.210,3881303.514,0.005,0.861280,route_tangent,0,1.302,5.000,4,508058.086,3881305.681,-0.443069,0.000000,0.000000,1.9444,TRACKING
8.415509,129.088332833333,35.074455500000,508053.210,3881303.514,0.005,0.861280,route_tangent,0,1.302,5.000,4,508058.086,3881305.681,-0.443069,0.000000,0.000000,1.9444,TRACKING
8.465509,129.088332833333,35.074455500000,508053.210,3881303.514,0.005,0.861280,route_tangent,0,1.302,5.000,4,508058.086,3881305.681,-0.443069,0.000000,0.000000,1.9444,TRACKING
8.515513,129.088332833333,35.074455500000,508053.210,3881303.514,0.005,0.861280,route_tangent,0,1.302,5.000,4,508058.086,3881305.681,-0.443069,0.000000,0.000000,1.9444,TRACKING
8.565491,129.088332833333,35.074455500000,508053.210,3881303.514,0.005,0.861280,route_tangent,0,1.302,5.000,4,508058.086,3881305.681,-0.443069,0.000000,0.000000,1.9444,TRACKING
8.615570,129.088332833333,35.074455500000,508053.210,3881303.514,0.005,0.861280,route_tangent,0,1.302,5.000,4,508058.086,3881305.681,-0.443069,0.000000,0.000000,1.9444,TRACKING
8.665495,129.088332833333,35.074455500000,508053.210,3881303.514,0.005,0.861280,route_tangent,0,1.302,5.000,4,508058.086,3881305.681,-0.443069,0.000000,0.000000,1.9444,TRACKING
8.715493,129.088332833333,35.074455500000,508053.210,3881303.514,0.005,0.861280,route_tangent,0,1.302,5.000,4,508058.086,3881305.681,-0.443069,0.000000,0.000000,1.9444,TRACKING
8.765473,129.088332833333,35.074455500000,508053.210,3881303.514,0.005,0.861280,route_tangent,0,1.302,5.000,4,508058.086,3881305.681,-0.443069,0.000000,0.000000,1.9444,TRACKING
8.815507,129.088332833333,35.074455500000,508053.210,3881303.514,0.006,0.861280,route_tangent,0,1.302,5.000,4,508058.086,3881305.681,-0.443069,0.000000,0.000000,1.9444,TRACKING
8.865481,129.088332833333,35.074455500000,508053.210,3881303.514,0.006,0.861280,route_tangent,0,1.302,5.000,4,508058.086,3881305.681,-0.443069,0.000000,0.000000,1.9444,TRACKING
8.915491,129.088332833333,35.074455500000,508053.210,3881303.514,0.006,0.861280,route_tangent,0,1.302,5.000,4,508058.086,3881305.681,-0.443069,0.000000,0.000000,1.9444,TRACKING
8.965537,129.088332833333,35.074455500000,508053.210,3881303.514,0.006,0.861280,route_tangent,0,1.302,5.000,4,508058.086,3881305.681,-0.443069,0.000000,0.000000,1.9444,TRACKING
9.015480,129.088332833333,35.074455500000,508053.210,3881303.514,0.006,0.861280,route_tangent,0,1.302,5.000,4,508058.086,3881305.681,-0.443069,0.000000,0.000000,1.9444,TRACKING
9.065492,129.088332833333,35.074455500000,508053.210,3881303.514,0.004,0.861280,route_tangent,0,1.302,5.000,4,508058.086,3881305.681,-0.443069,0.000000,0.000000,1.9444,TRACKING
9.115454,129.088332833333,35.074455500000,508053.210,3881303.514,0.004,0.861280,route_tangent,0,1.302,5.000,4,508058.086,3881305.681,-0.443069,0.000000,0.000000,1.9444,TRACKING
9.165546,129.088332833333,35.074455500000,508053.210,3881303.514,0.004,0.861280,route_tangent,0,1.302,5.000,4,508058.086,3881305.681,-0.443069,0.000000,0.000000,1.9444,TRACKING
9.215513,129.088332833333,35.074455500000,508053.210,3881303.514,0.004,0.861280,route_tangent,0,1.302,5.000,4,508058.086,3881305.681,-0.443069,0.000000,0.000000,1.9444,TRACKING
9.265444,129.088332833333,35.074455500000,508053.210,3881303.514,0.004,0.861280,route_tangent,0,1.302,5.000,4,508058.086,3881305.681,-0.443069,0.000000,0.000000,1.9444,TRACKING
9.315816,129.088332833333,35.074455500000,508053.210,3881303.514,0.004,0.861280,route_tangent,0,1.302,5.000,4,508058.086,3881305.681,-0.443069,0.000000,0.000000,1.9444,TRACKING
9.365455,129.088332833333,35.074455500000,508053.210,3881303.514,0.001,0.861280,route_tangent,0,1.302,5.000,4,508058.086,3881305.681,-0.443069,0.000000,0.000000,1.9444,TRACKING
9.415459,129.088332833333,35.074455500000,508053.210,3881303.514,0.001,0.861280,route_tangent,0,1.302,5.000,4,508058.086,3881305.681,-0.443069,0.000000,0.000000,1.9444,TRACKING
9.465564,129.088332833333,35.074455500000,508053.210,3881303.514,0.001,0.861280,route_tangent,0,1.302,5.000,4,508058.086,3881305.681,-0.443069,0.000000,0.000000,1.9444,TRACKING
9.515472,129.088332833333,35.074455500000,508053.210,3881303.514,0.001,0.861280,route_tangent,0,1.302,5.000,4,508058.086,3881305.681,-0.443069,0.000000,0.000000,1.9444,TRACKING
9.565490,129.088332833333,35.074455500000,508053.210,3881303.514,0.002,0.861280,route_tangent,0,1.302,5.000,4,508058.086,3881305.681,-0.443069,0.000000,0.000000,1.9444,TRACKING
9.615515,129.088332833333,35.074455500000,508053.210,3881303.514,0.002,0.861280,route_tangent,0,1.302,5.000,4,508058.086,3881305.681,-0.443069,0.000000,0.000000,1.9444,TRACKING
9.665478,129.088332833333,35.074455500000,508053.210,3881303.514,0.002,0.861280,route_tangent,0,1.302,5.000,4,508058.086,3881305.681,-0.443069,0.000000,0.000000,1.9444,TRACKING
9.715519,129.088332833333,35.074455500000,508053.210,3881303.514,0.002,0.861280,route_tangent,0,1.302,5.000,4,508058.086,3881305.681,-0.443069,0.000000,0.000000,1.9444,TRACKING
9.765458,129.088332833333,35.074455500000,508053.210,3881303.514,0.002,0.861280,route_tangent,0,1.302,5.000,4,508058.086,3881305.681,-0.443069,0.000000,0.000000,1.9444,TRACKING
9.815463,129.088332833333,35.074455500000,508053.210,3881303.514,0.002,0.861280,route_tangent,0,1.302,5.000,4,508058.086,3881305.681,-0.443069,0.000000,0.000000,1.9444,TRACKING
9.865485,129.088332833333,35.074455500000,508053.210,3881303.514,0.002,0.861280,route_tangent,0,1.302,5.000,4,508058.086,3881305.681,-0.443069,0.000000,0.000000,1.9444,TRACKING
9.915509,129.088332833333,35.074455500000,508053.210,3881303.514,0.002,0.861280,route_tangent,0,1.302,5.000,4,508058.086,3881305.681,-0.443069,0.000000,0.000000,1.9444,TRACKING
9.965462,129.088332833333,35.074455500000,508053.210,3881303.514,0.002,0.861280,route_tangent,0,1.302,5.000,4,508058.086,3881305.681,-0.443069,0.000000,0.000000,1.9444,TRACKING
10.015565,129.088332833333,35.074455500000,508053.210,3881303.514,0.002,0.861280,route_tangent,0,1.302,5.000,4,508058.086,3881305.681,-0.443069,0.000000,0.000000,1.9444,TRACKING
10.065471,129.088332833333,35.074455500000,508053.210,3881303.514,0.004,0.861280,route_tangent,0,1.302,5.000,4,508058.086,3881305.681,-0.443069,0.000000,0.000000,1.9444,TRACKING
10.115545,129.088332833333,35.074455500000,508053.210,3881303.514,0.004,0.861280,route_tangent,0,1.302,5.000,4,508058.086,3881305.681,-0.443069,0.000000,0.000000,1.9444,TRACKING
10.165488,129.088332833333,35.074455500000,508053.210,3881303.514,0.004,0.861280,route_tangent,0,1.302,5.000,4,508058.086,3881305.681,-0.443069,0.000000,0.000000,1.9444,TRACKING
10.215512,129.088332833333,35.074455500000,508053.210,3881303.514,0.004,0.861280,route_tangent,0,1.302,5.000,4,508058.086,3881305.681,-0.443069,0.000000,0.000000,1.9444,TRACKING
10.265465,129.088332833333,35.074455500000,508053.210,3881303.514,0.004,0.861280,route_tangent,0,1.302,5.000,4,508058.086,3881305.681,-0.443069,0.000000,0.000000,1.9444,TRACKING
10.315494,129.088332833333,35.074455500000,508053.210,3881303.514,0.004,0.861280,route_tangent,0,1.302,5.000,4,508058.086,3881305.681,-0.443069,0.000000,0.000000,1.9444,TRACKING
10.365478,129.088332833333,35.074455500000,508053.210,3881303.514,0.004,0.861280,route_tangent,0,1.302,5.000,4,508058.086,3881305.681,-0.443069,0.000000,0.000000,1.9444,TRACKING
10.415502,129.088332833333,35.074455500000,508053.210,3881303.514,0.004,0.861280,route_tangent,0,1.302,5.000,4,508058.086,3881305.681,-0.443069,0.000000,0.000000,1.9444,TRACKING
10.465490,129.088332833333,35.074455500000,508053.210,3881303.514,0.004,0.861280,route_tangent,0,1.302,5.000,4,508058.086,3881305.681,-0.443069,0.000000,0.000000,1.9444,TRACKING
10.515623,129.088332833333,35.074455500000,508053.210,3881303.514,0.004,0.861280,route_tangent,0,1.302,5.000,4,508058.086,3881305.681,-0.443069,0.000000,0.000000,1.9444,TRACKING
10.565526,129.088332833333,35.074455500000,508053.210,3881303.514,0.005,0.861280,route_tangent,0,1.302,5.000,4,508058.086,3881305.681,-0.443069,0.000000,0.000000,1.9444,TRACKING
10.615529,129.088332833333,35.074455500000,508053.210,3881303.514,0.005,0.861280,route_tangent,0,1.302,5.000,4,508058.086,3881305.681,-0.443069,0.000000,0.000000,1.9444,TRACKING
10.665524,129.088332833333,35.074455500000,508053.210,3881303.514,0.005,0.861280,route_tangent,0,1.302,5.000,4,508058.086,3881305.681,-0.443069,0.000000,0.000000,1.9444,TRACKING
10.715510,129.088332833333,35.074455500000,508053.210,3881303.514,0.005,0.861280,route_tangent,0,1.302,5.000,4,508058.086,3881305.681,-0.443069,0.000000,0.000000,1.9444,TRACKING
10.765501,129.088332833333,35.074455500000,508053.210,3881303.514,0.005,0.861280,route_tangent,0,1.302,5.000,4,508058.086,3881305.681,-0.443069,0.000000,0.000000,1.9444,TRACKING
10.815486,129.088332833333,35.074455500000,508053.210,3881303.514,0.008,0.861280,route_tangent,0,1.302,5.000,4,508058.086,3881305.681,-0.443069,0.000000,0.000000,1.9444,TRACKING
10.865472,129.088332833333,35.074455500000,508053.210,3881303.514,0.008,0.861280,route_tangent,0,1.302,5.000,4,508058.086,3881305.681,-0.443069,0.000000,0.000000,1.9444,TRACKING
10.915531,129.088332833333,35.074455500000,508053.210,3881303.514,0.008,0.861280,route_tangent,0,1.302,5.000,4,508058.086,3881305.681,-0.443069,0.000000,0.000000,1.9444,TRACKING
10.965507,129.088332833333,35.074455500000,508053.210,3881303.514,0.008,0.861280,route_tangent,0,1.302,5.000,4,508058.086,3881305.681,-0.443069,0.000000,0.000000,1.9444,TRACKING
11.015511,129.088332833333,35.074455500000,508053.210,3881303.514,0.008,0.861280,route_tangent,0,1.302,5.000,4,508058.086,3881305.681,-0.443069,0.000000,0.000000,1.9444,TRACKING
11.065488,129.088332833333,35.074455500000,508053.210,3881303.514,0.004,0.861280,route_tangent,0,1.302,5.000,4,508058.086,3881305.681,-0.443069,0.000000,0.000000,1.9444,TRACKING
11.115481,129.088332833333,35.074455500000,508053.210,3881303.514,0.004,0.861280,route_tangent,0,1.302,5.000,4,508058.086,3881305.681,-0.443069,0.000000,0.000000,1.9444,TRACKING
11.165503,129.088332833333,35.074455500000,508053.210,3881303.514,0.004,0.861280,route_tangent,0,1.302,5.000,4,508058.086,3881305.681,-0.443069,0.000000,0.000000,1.9444,TRACKING
11.215704,129.088332833333,35.074455500000,508053.210,3881303.514,0.004,0.861280,route_tangent,0,1.302,5.000,4,508058.086,3881305.681,-0.443069,0.000000,0.000000,1.9444,TRACKING
11.265509,129.088332833333,35.074455500000,508053.210,3881303.514,0.004,0.861280,route_tangent,0,1.302,5.000,4,508058.086,3881305.681,-0.443069,0.000000,0.000000,1.9444,TRACKING
11.315514,129.088332833333,35.074455500000,508053.210,3881303.514,0.004,0.861280,route_tangent,0,1.302,5.000,4,508058.086,3881305.681,-0.443069,0.000000,0.000000,1.9444,TRACKING
11.365497,129.088332833333,35.074455500000,508053.210,3881303.514,0.002,0.861280,route_tangent,0,1.302,5.000,4,508058.086,3881305.681,-0.443069,0.000000,0.000000,1.9444,TRACKING
11.415494,129.088332833333,35.074455500000,508053.210,3881303.514,0.002,0.861280,route_tangent,0,1.302,5.000,4,508058.086,3881305.681,-0.443069,0.000000,0.000000,1.9444,TRACKING
11.465524,129.088332833333,35.074455500000,508053.210,3881303.514,0.002,0.861280,route_tangent,0,1.302,5.000,4,508058.086,3881305.681,-0.443069,0.000000,0.000000,1.9444,TRACKING
11.515484,129.088332833333,35.074455500000,508053.210,3881303.514,0.002,0.861280,route_tangent,0,1.302,5.000,4,508058.086,3881305.681,-0.443069,0.000000,0.000000,1.9444,TRACKING
11.565446,129.088332833333,35.074455666667,508053.210,3881303.533,0.003,0.861280,route_tangent,0,1.306,5.000,4,508058.086,3881305.681,-0.446241,0.000000,0.000000,1.9444,TRACKING
11.615484,129.088332833333,35.074455666667,508053.210,3881303.533,0.003,0.861280,route_tangent,0,1.306,5.000,4,508058.086,3881305.681,-0.446241,0.000000,0.000000,1.9444,TRACKING
11.665518,129.088332833333,35.074455666667,508053.210,3881303.533,0.003,0.861280,route_tangent,0,1.306,5.000,4,508058.086,3881305.681,-0.446241,0.000000,0.000000,1.9444,TRACKING
11.715495,129.088332833333,35.074455666667,508053.210,3881303.533,0.003,0.861280,route_tangent,0,1.306,5.000,4,508058.086,3881305.681,-0.446241,0.000000,0.000000,1.9444,TRACKING
11.765489,129.088332833333,35.074455666667,508053.210,3881303.533,0.003,0.861280,route_tangent,0,1.306,5.000,4,508058.086,3881305.681,-0.446241,0.000000,0.000000,1.9444,TRACKING
11.815551,129.088332833333,35.074455500000,508053.210,3881303.514,0.005,0.861280,route_tangent,0,1.302,5.000,4,508058.086,3881305.681,-0.443069,0.000000,0.000000,1.9444,TRACKING
11.865484,129.088332833333,35.074455500000,508053.210,3881303.514,0.005,0.861280,route_tangent,0,1.302,5.000,4,508058.086,3881305.681,-0.443069,0.000000,0.000000,1.9444,TRACKING
11.915497,129.088332833333,35.074455500000,508053.210,3881303.514,0.005,0.861280,route_tangent,0,1.302,5.000,4,508058.086,3881305.681,-0.443069,0.000000,0.000000,1.9444,TRACKING
11.965464,129.088332833333,35.074455500000,508053.210,3881303.514,0.005,0.861280,route_tangent,0,1.302,5.000,4,508058.086,3881305.681,-0.443069,0.000000,0.000000,1.9444,TRACKING
12.015455,129.088332833333,35.074455500000,508053.210,3881303.514,0.005,0.861280,route_tangent,0,1.302,5.000,4,508058.086,3881305.681,-0.443069,0.000000,0.000000,1.9444,TRACKING
12.065442,129.088332833333,35.074455500000,508053.210,3881303.514,0.003,0.861280,route_tangent,0,1.302,5.000,4,508058.086,3881305.681,-0.443069,0.000000,0.000000,1.9444,TRACKING
12.115460,129.088332833333,35.074455500000,508053.210,3881303.514,0.003,0.861280,route_tangent,0,1.302,5.000,4,508058.086,3881305.681,-0.443069,0.000000,0.000000,1.9444,TRACKING
12.165458,129.088332833333,35.074455500000,508053.210,3881303.514,0.003,0.861280,route_tangent,0,1.302,5.000,4,508058.086,3881305.681,-0.443069,0.000000,0.000000,1.9444,TRACKING
12.215475,129.088332833333,35.074455500000,508053.210,3881303.514,0.003,0.861280,route_tangent,0,1.302,5.000,4,508058.086,3881305.681,-0.443069,0.000000,0.000000,1.9444,TRACKING
12.265479,129.088332833333,35.074455500000,508053.210,3881303.514,0.003,0.861280,route_tangent,0,1.302,5.000,4,508058.086,3881305.681,-0.443069,0.000000,0.000000,1.9444,TRACKING
12.315456,129.088332833333,35.074455500000,508053.210,3881303.514,0.003,0.861280,route_tangent,0,1.302,5.000,4,508058.086,3881305.681,-0.443069,0.000000,0.000000,1.9444,TRACKING
12.365474,129.088332833333,35.074455500000,508053.210,3881303.514,0.004,0.861280,route_tangent,0,1.302,5.000,4,508058.086,3881305.681,-0.443069,0.000000,0.000000,1.9444,TRACKING
12.415454,129.088332833333,35.074455500000,508053.210,3881303.514,0.004,0.861280,route_tangent,0,1.302,5.000,4,508058.086,3881305.681,-0.443069,0.000000,0.000000,1.9444,TRACKING
12.465481,129.088332833333,35.074455500000,508053.210,3881303.514,0.004,0.861280,route_tangent,0,1.302,5.000,4,508058.086,3881305.681,-0.443069,0.000000,0.000000,1.9444,TRACKING
12.515497,129.088332833333,35.074455500000,508053.210,3881303.514,0.004,0.861280,route_tangent,0,1.302,5.000,4,508058.086,3881305.681,-0.443069,0.000000,0.000000,1.9444,TRACKING
12.565492,129.088332833333,35.074455500000,508053.210,3881303.514,0.003,0.861280,route_tangent,0,1.302,5.000,4,508058.086,3881305.681,-0.443069,0.000000,0.000000,1.9444,TRACKING
12.615543,129.088332833333,35.074455500000,508053.210,3881303.514,0.003,0.861280,route_tangent,0,1.302,5.000,4,508058.086,3881305.681,-0.443069,0.000000,0.000000,1.9444,TRACKING
12.665515,129.088332833333,35.074455500000,508053.210,3881303.514,0.003,0.861280,route_tangent,0,1.302,5.000,4,508058.086,3881305.681,-0.443069,0.000000,0.000000,1.9444,TRACKING
12.715509,129.088332833333,35.074455500000,508053.210,3881303.514,0.003,0.861280,route_tangent,0,1.302,5.000,4,508058.086,3881305.681,-0.443069,0.000000,0.000000,1.9444,TRACKING
12.765476,129.088332833333,35.074455500000,508053.210,3881303.514,0.003,0.861280,route_tangent,0,1.302,5.000,4,508058.086,3881305.681,-0.443069,0.000000,0.000000,1.9444,TRACKING
12.815472,129.088332833333,35.074455500000,508053.210,3881303.514,0.001,0.861280,route_tangent,0,1.302,5.000,4,508058.086,3881305.681,-0.443069,0.000000,0.000000,1.9444,TRACKING
12.865442,129.088332833333,35.074455500000,508053.210,3881303.514,0.001,0.861280,route_tangent,0,1.302,5.000,4,508058.086,3881305.681,-0.443069,0.000000,0.000000,1.9444,TRACKING
12.915457,129.088332833333,35.074455500000,508053.210,3881303.514,0.001,0.861280,route_tangent,0,1.302,5.000,4,508058.086,3881305.681,-0.443069,0.000000,0.000000,1.9444,TRACKING
12.965566,129.088332833333,35.074455500000,508053.210,3881303.514,0.001,0.861280,route_tangent,0,1.302,5.000,4,508058.086,3881305.681,-0.443069,0.000000,0.000000,1.9444,TRACKING
13.015529,129.088332833333,35.074455500000,508053.210,3881303.514,0.001,0.861280,route_tangent,0,1.302,5.000,4,508058.086,3881305.681,-0.443069,0.000000,0.000000,1.9444,TRACKING
13.065969,129.088332833333,35.074455500000,508053.210,3881303.514,0.004,0.861280,route_tangent,0,1.302,5.000,4,508058.086,3881305.681,-0.443069,0.000000,0.000000,1.9444,TRACKING
13.115573,129.088332833333,35.074455500000,508053.210,3881303.514,0.004,0.861280,route_tangent,0,1.302,5.000,4,508058.086,3881305.681,-0.443069,0.000000,0.000000,1.9444,TRACKING
13.165503,129.088332833333,35.074455500000,508053.210,3881303.514,0.004,0.861280,route_tangent,0,1.302,5.000,4,508058.086,3881305.681,-0.443069,0.000000,0.000000,1.9444,TRACKING
13.215482,129.088332833333,35.074455500000,508053.210,3881303.514,0.004,0.861280,route_tangent,0,1.302,5.000,4,508058.086,3881305.681,-0.443069,0.000000,0.000000,1.9444,TRACKING
13.265548,129.088332833333,35.074455500000,508053.210,3881303.514,0.004,0.861280,route_tangent,0,1.302,5.000,4,508058.086,3881305.681,-0.443069,0.000000,0.000000,1.9444,TRACKING
13.315518,129.088332833333,35.074455500000,508053.210,3881303.514,0.004,0.861280,route_tangent,0,1.302,5.000,4,508058.086,3881305.681,-0.443069,0.000000,0.000000,1.9444,TRACKING
13.365500,129.088332833333,35.074455666667,508053.210,3881303.533,0.002,0.861280,route_tangent,0,1.306,5.000,4,508058.086,3881305.681,-0.446241,0.000000,0.000000,1.9444,TRACKING
13.415475,129.088332833333,35.074455666667,508053.210,3881303.533,0.002,0.861280,route_tangent,0,1.306,5.000,4,508058.086,3881305.681,-0.446241,0.000000,0.000000,1.9444,TRACKING
13.465691,129.088332833333,35.074455666667,508053.210,3881303.533,0.002,0.861280,route_tangent,0,1.306,5.000,4,508058.086,3881305.681,-0.446241,0.000000,0.000000,1.9444,TRACKING
13.515482,129.088332833333,35.074455666667,508053.210,3881303.533,0.002,0.861280,route_tangent,0,1.306,5.000,4,508058.086,3881305.681,-0.446241,0.000000,0.000000,1.9444,TRACKING
13.565505,129.088333000000,35.074455666667,508053.225,3881303.533,0.012,0.861280,route_tangent,0,1.291,5.000,4,508058.086,3881305.681,-0.445090,0.000000,0.000000,1.9444,TRACKING
13.615506,129.088333000000,35.074455666667,508053.225,3881303.533,0.012,0.861280,route_tangent,0,1.291,5.000,4,508058.086,3881305.681,-0.445090,0.000000,0.000000,1.9444,TRACKING
13.665511,129.088333000000,35.074455666667,508053.225,3881303.533,0.012,0.861280,route_tangent,0,1.291,5.000,4,508058.086,3881305.681,-0.445090,0.000000,0.000000,1.9444,TRACKING
13.715484,129.088333000000,35.074455666667,508053.225,3881303.533,0.012,0.861280,route_tangent,0,1.291,5.000,4,508058.086,3881305.681,-0.445090,0.000000,0.000000,1.9444,TRACKING
13.765495,129.088333000000,35.074455666667,508053.225,3881303.533,0.012,0.861280,route_tangent,0,1.291,5.000,4,508058.086,3881305.681,-0.445090,0.000000,0.000000,1.9444,TRACKING
13.815489,129.088333166667,35.074455666667,508053.240,3881303.533,0.028,0.861280,route_tangent,0,1.276,5.000,4,508058.086,3881305.681,-0.443933,0.000000,0.000000,1.9444,TRACKING
13.865598,129.088333166667,35.074455666667,508053.240,3881303.533,0.028,0.861280,route_tangent,0,1.276,5.000,4,508058.086,3881305.681,-0.443933,0.000000,0.000000,1.9444,TRACKING
13.915501,129.088333166667,35.074455666667,508053.240,3881303.533,0.028,0.861280,route_tangent,0,1.276,5.000,4,508058.086,3881305.681,-0.443933,0.000000,0.000000,1.9444,TRACKING
13.965494,129.088333166667,35.074455666667,508053.240,3881303.533,0.028,0.861280,route_tangent,0,1.276,5.000,4,508058.086,3881305.681,-0.443933,0.000000,0.000000,1.9444,TRACKING
14.015501,129.088333166667,35.074455666667,508053.240,3881303.533,0.028,0.861280,route_tangent,0,1.276,5.000,4,508058.086,3881305.681,-0.443933,0.000000,0.000000,1.9444,TRACKING
14.065562,129.088333500000,35.074455833333,508053.271,3881303.551,0.065,0.861280,route_tangent,0,1.251,5.000,4,508058.086,3881305.681,-0.444809,0.000000,0.000000,1.9444,TRACKING
14.115497,129.088333500000,35.074455833333,508053.271,3881303.551,0.065,0.861280,route_tangent,0,1.251,5.000,4,508058.086,3881305.681,-0.444809,0.000000,0.000000,1.9444,TRACKING
14.165485,129.088333500000,35.074455833333,508053.271,3881303.551,0.065,0.861280,route_tangent,0,1.251,5.000,4,508058.086,3881305.681,-0.444809,0.000000,0.000000,1.9444,TRACKING
14.215514,129.088333500000,35.074455833333,508053.271,3881303.551,0.065,0.861280,route_tangent,0,1.251,5.000,4,508058.086,3881305.681,-0.444809,0.000000,0.000000,1.9444,TRACKING
14.265459,129.088333500000,35.074455833333,508053.271,3881303.551,0.065,0.861280,route_tangent,0,1.251,5.000,4,508058.086,3881305.681,-0.444809,0.000000,0.000000,1.9444,TRACKING
14.315483,129.088334000000,35.074456166667,508053.316,3881303.588,0.114,0.561123,gps_course,0,1.216,5.000,4,508058.086,3881305.681,-0.147612,0.000000,0.000000,1.9444,TRACKING
14.365514,129.088334000000,35.074456166667,508053.316,3881303.588,0.114,0.561123,gps_course,0,1.216,5.000,4,508058.086,3881305.681,-0.147612,0.000000,0.000000,1.9444,TRACKING
14.415580,129.088334000000,35.074456166667,508053.316,3881303.588,0.114,0.561123,gps_course,0,1.216,5.000,4,508058.086,3881305.681,-0.147612,0.000000,0.000000,1.9444,TRACKING
14.465563,129.088334000000,35.074456166667,508053.316,3881303.588,0.114,0.561123,gps_course,0,1.216,5.000,4,508058.086,3881305.681,-0.147612,0.000000,0.000000,1.9444,TRACKING
14.515525,129.088334000000,35.074456166667,508053.316,3881303.588,0.114,0.561123,gps_course,0,1.216,5.000,4,508058.086,3881305.681,-0.147612,0.000000,0.000000,1.9444,TRACKING
14.565533,129.088334500000,35.074456333333,508053.362,3881303.607,0.152,0.550128,gps_course,0,1.178,5.000,4,508058.086,3881305.681,-0.136355,0.000000,0.000000,1.9444,TRACKING
14.615505,129.088334500000,35.074456333333,508053.362,3881303.607,0.152,0.550128,gps_course,0,1.178,5.000,4,508058.086,3881305.681,-0.136355,0.000000,0.000000,1.9444,TRACKING
14.665478,129.088334500000,35.074456333333,508053.362,3881303.607,0.152,0.550128,gps_course,0,1.178,5.000,4,508058.086,3881305.681,-0.136355,0.000000,0.000000,1.9444,TRACKING
14.715467,129.088334500000,35.074456333333,508053.362,3881303.607,0.152,0.550128,gps_course,0,1.178,5.000,4,508058.086,3881305.681,-0.136355,0.000000,0.000000,1.9444,TRACKING
14.765492,129.088334500000,35.074456333333,508053.362,3881303.607,0.152,0.550128,gps_course,0,1.178,5.000,4,508058.086,3881305.681,-0.136355,0.000000,0.000000,1.9444,TRACKING
14.815511,129.088335166667,35.074456666667,508053.423,3881303.644,0.193,0.477173,gps_course,0,1.132,5.000,4,508058.086,3881305.681,-0.065261,0.000000,0.000000,1.9444,TRACKING
14.865487,129.088335166667,35.074456666667,508053.423,3881303.644,0.193,0.477173,gps_course,0,1.132,5.000,4,508058.086,3881305.681,-0.065261,0.000000,0.000000,1.9444,TRACKING
14.915471,129.088335166667,35.074456666667,508053.423,3881303.644,0.193,0.477173,gps_course,0,1.132,5.000,4,508058.086,3881305.681,-0.065261,0.000000,0.000000,1.9444,TRACKING
14.965514,129.088335166667,35.074456666667,508053.423,3881303.644,0.193,0.477173,gps_course,0,1.132,5.000,4,508058.086,3881305.681,-0.065261,0.000000,0.000000,1.9444,TRACKING
15.015475,129.088335166667,35.074456666667,508053.423,3881303.644,0.193,0.477173,gps_course,0,1.132,5.000,4,508058.086,3881305.681,-0.065261,0.000000,0.000000,1.9444,TRACKING
15.065465,129.088335833333,35.074456833333,508053.483,3881303.663,0.238,0.474031,gps_course,0,1.082,5.000,4,508058.086,3881305.681,-0.060659,0.000000,0.000000,1.9444,TRACKING
15.115523,129.088335833333,35.074456833333,508053.483,3881303.663,0.238,0.474031,gps_course,0,1.082,5.000,4,508058.086,3881305.681,-0.060659,0.000000,0.000000,1.9444,TRACKING
15.165481,129.088335833333,35.074456833333,508053.483,3881303.663,0.238,0.474031,gps_course,0,1.082,5.000,4,508058.086,3881305.681,-0.060659,0.000000,0.000000,1.9444,TRACKING
15.215509,129.088335833333,35.074456833333,508053.483,3881303.663,0.238,0.474031,gps_course,0,1.082,5.000,4,508058.086,3881305.681,-0.060659,0.000000,0.000000,1.9444,TRACKING
15.265679,129.088335833333,35.074456833333,508053.483,3881303.663,0.238,0.474031,gps_course,0,1.082,5.000,4,508058.086,3881305.681,-0.060659,0.000000,0.000000,1.9444,TRACKING
15.315552,129.088335833333,35.074456833333,508053.483,3881303.663,0.238,0.474031,gps_course,0,1.082,5.000,4,508058.086,3881305.681,-0.060659,0.000000,0.000000,1.9444,TRACKING
15.365540,129.088336833333,35.074457333333,508053.575,3881303.718,0.280,0.479616,gps_course,0,1.022,5.000,5,508058.982,3881306.200,-0.049355,0.000000,0.000000,1.9444,TRACKING
15.415510,129.088336833333,35.074457333333,508053.575,3881303.718,0.280,0.479616,gps_course,0,1.022,5.000,5,508058.982,3881306.200,-0.049355,0.000000,0.000000,1.9444,TRACKING
15.465487,129.088336833333,35.074457333333,508053.575,3881303.718,0.280,0.479616,gps_course,0,1.022,5.000,5,508058.982,3881306.200,-0.049355,0.000000,0.000000,1.9444,TRACKING
15.515461,129.088336833333,35.074457333333,508053.575,3881303.718,0.280,0.479616,gps_course,0,1.022,5.000,5,508058.982,3881306.200,-0.049355,0.000000,0.000000,1.9444,TRACKING
15.565503,129.088337666667,35.074457666667,508053.651,3881303.755,0.321,0.466003,gps_course,0,0.973,5.000,5,508058.982,3881306.200,-0.036080,0.000000,0.000000,1.9444,TRACKING
15.615472,129.088337666667,35.074457666667,508053.651,3881303.755,0.321,0.466003,gps_course,0,0.973,5.000,5,508058.982,3881306.200,-0.036080,0.000000,0.000000,1.9444,TRACKING
15.665526,129.088337666667,35.074457666667,508053.651,3881303.755,0.321,0.466003,gps_course,0,0.973,5.000,5,508058.982,3881306.200,-0.036080,0.000000,0.000000,1.9444,TRACKING
15.715499,129.088337666667,35.074457666667,508053.651,3881303.755,0.321,0.466003,gps_course,0,0.973,5.000,5,508058.982,3881306.200,-0.036080,0.000000,0.000000,1.9444,TRACKING
15.765494,129.088337666667,35.074457666667,508053.651,3881303.755,0.321,0.466003,gps_course,0,0.973,5.000,5,508058.982,3881306.200,-0.036080,0.000000,0.000000,1.9444,TRACKING
15.815494,129.088338666667,35.074458000000,508053.742,3881303.792,0.352,0.465305,gps_course,0,0.917,5.000,5,508058.982,3881306.200,-0.034634,0.000000,0.000000,1.9444,TRACKING
15.865527,129.088338666667,35.074458000000,508053.742,3881303.792,0.352,0.465305,gps_course,0,0.917,5.000,5,508058.982,3881306.200,-0.034634,0.000000,0.000000,1.9444,TRACKING
15.915518,129.088338666667,35.074458000000,508053.742,3881303.792,0.352,0.465305,gps_course,0,0.917,5.000,5,508058.982,3881306.200,-0.034634,0.000000,0.000000,1.9444,TRACKING
15.965509,129.088338666667,35.074458000000,508053.742,3881303.792,0.352,0.465305,gps_course,0,0.917,5.000,5,508058.982,3881306.200,-0.034634,0.000000,0.000000,1.9444,TRACKING
16.015469,129.088338666667,35.074458000000,508053.742,3881303.792,0.352,0.465305,gps_course,0,0.917,5.000,5,508058.982,3881306.200,-0.034634,0.000000,0.000000,1.9444,TRACKING
16.065481,129.088339833333,35.074458666667,508053.848,3881303.866,0.393,0.473508,gps_course,0,0.883,5.000,5,508058.982,3881306.200,-0.046896,0.000000,0.000000,1.9444,TRACKING
16.115458,129.088339833333,35.074458666667,508053.848,3881303.866,0.393,0.473508,gps_course,0,0.883,5.000,5,508058.982,3881306.200,-0.046896,0.000000,0.000000,1.9444,TRACKING
16.165449,129.088339833333,35.074458666667,508053.848,3881303.866,0.393,0.473508,gps_course,0,0.883,5.000,5,508058.982,3881306.200,-0.046896,0.000000,0.000000,1.9444,TRACKING
16.215516,129.088339833333,35.074458666667,508053.848,3881303.866,0.393,0.473508,gps_course,0,0.883,5.000,5,508058.982,3881306.200,-0.046896,0.000000,0.000000,1.9444,TRACKING
16.265635,129.088339833333,35.074458666667,508053.848,3881303.866,0.393,0.473508,gps_course,0,0.883,5.000,5,508058.982,3881306.200,-0.046896,0.000000,0.000000,1.9444,TRACKING
16.315615,129.088339833333,35.074458666667,508053.848,3881303.866,0.393,0.473508,gps_course,0,0.883,5.000,5,508058.982,3881306.200,-0.046896,0.000000,0.000000,1.9444,TRACKING
16.365490,129.088341000000,35.074459000000,508053.954,3881303.903,0.425,0.517490,gps_course,0,0.837,5.000,5,508058.982,3881306.200,-0.089022,0.000000,0.000000,1.9444,TRACKING
16.415473,129.088341000000,35.074459000000,508053.954,3881303.903,0.425,0.517490,gps_course,0,0.837,5.000,5,508058.982,3881306.200,-0.089022,0.000000,0.000000,1.9444,TRACKING
16.465576,129.088341000000,35.074459000000,508053.954,3881303.903,0.425,0.517490,gps_course,0,0.837,5.000,5,508058.982,3881306.200,-0.089022,0.000000,0.000000,1.9444,TRACKING
16.515470,129.088341000000,35.074459000000,508053.954,3881303.903,0.425,0.517490,gps_course,0,0.837,5.000,5,508058.982,3881306.200,-0.089022,0.000000,0.000000,1.9444,TRACKING
16.565472,129.088342166667,35.074459500000,508054.061,3881303.959,0.425,0.517490,gps_course,0,0.821,5.000,5,508058.982,3881306.200,-0.090197,0.000000,0.000000,1.9444,TRACKING
16.615553,129.088342166667,35.074459500000,508054.061,3881303.959,0.425,0.517490,gps_course,0,0.821,5.000,5,508058.982,3881306.200,-0.090197,0.000000,0.000000,1.9444,TRACKING
16.665989,129.088342166667,35.074459500000,508054.061,3881303.959,0.425,0.517490,gps_course,0,0.821,5.000,5,508058.982,3881306.200,-0.090197,0.024149,0.009660,1.9444,TRACKING
16.715448,129.088342166667,35.074459500000,508054.061,3881303.959,0.425,0.517490,gps_course,0,0.821,5.000,5,508058.982,3881306.200,-0.090197,0.024149,0.015456,1.9444,TRACKING
16.765460,129.088342166667,35.074459500000,508054.061,3881303.959,0.425,0.517490,gps_course,0,0.821,5.000,5,508058.982,3881306.200,-0.090197,0.024149,0.018933,1.9444,TRACKING
16.815480,129.088343333333,35.074460166667,508054.167,3881304.033,0.474,0.463385,gps_course,0,0.839,5.000,5,508058.982,3881306.200,-0.040508,0.011121,0.015808,1.9444,TRACKING
16.865515,129.088343333333,35.074460166667,508054.167,3881304.033,0.474,0.463385,gps_course,0,0.839,5.000,5,508058.982,3881306.200,-0.040508,0.011121,0.013933,1.9444,TRACKING
16.915485,129.088343333333,35.074460166667,508054.167,3881304.033,0.474,0.463385,gps_course,0,0.839,5.000,5,508058.982,3881306.200,-0.040508,0.011121,0.012809,1.9444,TRACKING
16.965496,129.088343333333,35.074460166667,508054.167,3881304.033,0.474,0.463385,gps_course,0,0.839,5.000,5,508058.982,3881306.200,-0.040508,0.011121,0.012134,1.9444,TRACKING
17.015457,129.088343333333,35.074460166667,508054.167,3881304.033,0.474,0.463385,gps_course,0,0.839,5.000,5,508058.982,3881306.200,-0.040508,0.011121,0.011729,1.9444,TRACKING
17.065492,129.088344833333,35.074460666667,508054.304,3881304.088,0.499,0.482234,gps_course,0,0.851,5.000,5,508058.982,3881306.200,-0.058300,0.016460,0.013621,1.9444,TRACKING
17.115480,129.088344833333,35.074460666667,508054.304,3881304.088,0.499,0.482234,gps_course,0,0.851,5.000,5,508058.982,3881306.200,-0.058300,0.016460,0.014757,1.9444,TRACKING
17.165493,129.088344833333,35.074460666667,508054.304,3881304.088,0.499,0.482234,gps_course,0,0.851,5.000,5,508058.982,3881306.200,-0.058300,0.016460,0.015438,1.9444,TRACKING
17.216102,129.088344833333,35.074460666667,508054.304,3881304.088,0.499,0.482234,gps_course,0,0.851,5.000,5,508058.982,3881306.200,-0.058300,0.016460,0.015847,1.9444,TRACKING
17.265456,129.088344833333,35.074460666667,508054.304,3881304.088,0.499,0.482234,gps_course,0,0.851,5.000,5,508058.982,3881306.200,-0.058300,0.016460,0.016092,1.9444,TRACKING
17.315553,129.088344833333,35.074460666667,508054.304,3881304.088,0.499,0.482234,gps_course,0,0.851,5.000,5,508058.982,3881306.200,-0.058300,0.016460,0.016239,1.9444,TRACKING
17.365460,129.088346333333,35.074461333333,508054.440,3881304.162,0.545,0.479442,gps_course,1,0.738,5.000,6,508059.878,3881306.662,-0.048498,0.011745,0.014442,1.9444,TRACKING
17.415548,129.088346333333,35.074461333333,508054.440,3881304.162,0.545,0.479442,gps_course,1,0.738,5.000,6,508059.878,3881306.662,-0.048498,0.011745,0.013363,1.9444,TRACKING
17.465490,129.088346333333,35.074461333333,508054.440,3881304.162,0.545,0.479442,gps_course,1,0.738,5.000,6,508059.878,3881306.662,-0.048498,0.011745,0.012716,1.9444,TRACKING
17.515491,129.088346333333,35.074461333333,508054.440,3881304.162,0.545,0.479442,gps_course,1,0.738,5.000,6,508059.878,3881306.662,-0.048498,0.011745,0.012328,1.9444,TRACKING
17.565490,129.088348000000,35.074462000000,508054.592,3881304.236,0.590,0.476824,gps_course,1,0.606,6.000,7,508060.850,3881307.181,-0.037042,0.000000,0.007397,1.9444,TRACKING
17.615497,129.088348000000,35.074462000000,508054.592,3881304.236,0.590,0.476824,gps_course,1,0.606,6.000,7,508060.850,3881307.181,-0.037042,0.000000,0.004438,1.9444,TRACKING
17.665496,129.088348000000,35.074462000000,508054.592,3881304.236,0.590,0.476824,gps_course,1,0.606,6.000,7,508060.850,3881307.181,-0.037042,0.000000,0.002663,1.9444,TRACKING
17.715509,129.088348000000,35.074462000000,508054.592,3881304.236,0.590,0.476824,gps_course,1,0.606,6.000,7,508060.850,3881307.181,-0.037042,0.000000,0.001598,1.9444,TRACKING
17.765479,129.088348000000,35.074462000000,508054.592,3881304.236,0.590,0.476824,gps_course,1,0.606,6.000,7,508060.850,3881307.181,-0.037042,0.000000,0.000959,1.9444,TRACKING
17.815494,129.088349666667,35.074462666667,508054.744,3881304.311,0.590,0.476824,gps_course,1,0.498,6.000,7,508060.850,3881307.181,-0.037391,0.000000,0.000575,1.9444,TRACKING
17.865474,129.088349666667,35.074462666667,508054.744,3881304.311,0.590,0.476824,gps_course,1,0.498,6.000,7,508060.850,3881307.181,-0.037391,0.000000,0.000345,1.9444,TRACKING
17.915518,129.088349666667,35.074462666667,508054.744,3881304.311,0.590,0.476824,gps_course,1,0.498,6.000,7,508060.850,3881307.181,-0.037391,0.000000,0.000207,1.9444,TRACKING
17.965463,129.088349666667,35.074462666667,508054.744,3881304.311,0.590,0.476824,gps_course,1,0.498,6.000,7,508060.850,3881307.181,-0.037391,0.000000,0.000124,1.9444,TRACKING
18.015466,129.088349666667,35.074462666667,508054.744,3881304.311,0.590,0.476824,gps_course,1,0.498,6.000,7,508060.850,3881307.181,-0.037391,0.000000,0.000075,1.9444,TRACKING
18.065545,129.088351333333,35.074463500000,508054.896,3881304.403,0.665,0.492183,gps_course,1,0.445,6.000,7,508060.850,3881307.181,-0.055664,0.012278,0.004956,1.9444,TRACKING
18.115496,129.088351333333,35.074463500000,508054.896,3881304.403,0.665,0.492183,gps_course,1,0.445,6.000,7,508060.850,3881307.181,-0.055664,0.012278,0.007885,1.9444,TRACKING
18.165458,129.088351333333,35.074463500000,508054.896,3881304.403,0.665,0.492183,gps_course,1,0.445,6.000,7,508060.850,3881307.181,-0.055664,0.012278,0.009642,1.9444,TRACKING
18.215489,129.088351333333,35.074463500000,508054.896,3881304.403,0.665,0.492183,gps_course,1,0.445,6.000,7,508060.850,3881307.181,-0.055664,0.012278,0.010697,1.9444,TRACKING
18.265551,129.088351333333,35.074463500000,508054.896,3881304.403,0.665,0.492183,gps_course,1,0.445,6.000,7,508060.850,3881307.181,-0.055664,0.012278,0.011329,1.9444,TRACKING
18.315540,129.088353166667,35.074464333333,508055.063,3881304.496,0.692,0.484329,gps_course,1,0.456,6.000,7,508060.850,3881307.181,-0.049888,0.011334,0.011331,1.9444,TRACKING
18.365512,129.088353166667,35.074464333333,508055.063,3881304.496,0.692,0.484329,gps_course,1,0.456,6.000,7,508060.850,3881307.181,-0.049888,0.011334,0.011332,1.9444,TRACKING
18.415537,129.088353166667,35.074464333333,508055.063,3881304.496,0.692,0.484329,gps_course,1,0.456,6.000,7,508060.850,3881307.181,-0.049888,0.011334,0.011333,1.9444,TRACKING
18.465548,129.088353166667,35.074464333333,508055.063,3881304.496,0.692,0.484329,gps_course,1,0.456,6.000,7,508060.850,3881307.181,-0.049888,0.011334,0.011333,1.9444,TRACKING
18.515543,129.088353166667,35.074464333333,508055.063,3881304.496,0.692,0.484329,gps_course,1,0.456,6.000,7,508060.850,3881307.181,-0.049888,0.011334,0.011334,1.9444,TRACKING
18.565555,129.088355000000,35.074465166667,508055.230,3881304.588,0.723,0.487820,gps_course,1,0.539,6.000,7,508060.850,3881307.181,-0.055583,0.013015,0.012006,1.9444,TRACKING
18.615497,129.088355000000,35.074465166667,508055.230,3881304.588,0.723,0.487820,gps_course,1,0.539,6.000,7,508060.850,3881307.181,-0.055583,0.013015,0.012410,1.9444,TRACKING
18.665551,129.088355000000,35.074465166667,508055.230,3881304.588,0.723,0.487820,gps_course,1,0.539,6.000,7,508060.850,3881307.181,-0.055583,0.013015,0.012652,1.9444,TRACKING
18.715481,129.088355000000,35.074465166667,508055.230,3881304.588,0.723,0.487820,gps_course,1,0.539,6.000,7,508060.850,3881307.181,-0.055583,0.013015,0.012797,1.9444,TRACKING
18.765503,129.088355000000,35.074465166667,508055.230,3881304.588,0.723,0.487820,gps_course,1,0.539,6.000,7,508060.850,3881307.181,-0.055583,0.013015,0.012884,1.9444,TRACKING
18.815533,129.088357000000,35.074466000000,508055.412,3881304.681,0.755,0.498292,gps_course,1,0.674,6.000,8,508061.852,3881307.755,-0.052953,0.010754,0.012032,1.9444,TRACKING
18.865531,129.088357000000,35.074466000000,508055.412,3881304.681,0.755,0.498292,gps_course,1,0.674,6.000,8,508061.852,3881307.755,-0.052953,0.010754,0.011521,1.9444,TRACKING
18.915521,129.088357000000,35.074466000000,508055.412,3881304.681,0.755,0.498292,gps_course,1,0.674,6.000,8,508061.852,3881307.755,-0.052953,0.010754,0.011215,1.9444,TRACKING
18.965500,129.088357000000,35.074466000000,508055.412,3881304.681,0.755,0.498292,gps_course,1,0.674,6.000,8,508061.852,3881307.755,-0.052953,0.010754,0.011030,1.9444,TRACKING
19.015518,129.088357000000,35.074466000000,508055.412,3881304.681,0.755,0.498292,gps_course,1,0.674,6.000,8,508061.852,3881307.755,-0.052953,0.010754,0.010920,1.9444,TRACKING
19.065624,129.088359000000,35.074466833333,508055.595,3881304.773,0.789,0.489216,gps_course,2,0.572,6.000,8,508061.852,3881307.755,-0.044604,0.000000,0.006552,1.9444,TRACKING
19.115526,129.088359000000,35.074466833333,508055.595,3881304.773,0.789,0.489216,gps_course,2,0.572,6.000,8,508061.852,3881307.755,-0.044604,0.000000,0.003931,1.9444,TRACKING
19.165499,129.088359000000,35.074466833333,508055.595,3881304.773,0.789,0.489216,gps_course,2,0.572,6.000,8,508061.852,3881307.755,-0.044604,0.000000,0.002359,1.9444,TRACKING
19.215502,129.088359000000,35.074466833333,508055.595,3881304.773,0.789,0.489216,gps_course,2,0.572,6.000,8,508061.852,3881307.755,-0.044604,0.000000,0.001415,1.9444,TRACKING
19.265497,129.088359000000,35.074466833333,508055.595,3881304.773,0.789,0.489216,gps_course,2,0.572,6.000,8,508061.852,3881307.755,-0.044604,0.000000,0.000849,1.9444,TRACKING
19.315548,129.088359000000,35.074466833333,508055.595,3881304.773,0.789,0.489216,gps_course,2,0.572,6.000,8,508061.852,3881307.755,-0.044604,0.000000,0.000509,1.9444,TRACKING
19.365490,129.088361166667,35.074467666667,508055.792,3881304.866,0.814,0.476998,gps_course,2,0.435,6.000,8,508061.852,3881307.755,-0.032187,0.000000,0.000306,1.9444,TRACKING
19.415507,129.088361166667,35.074467666667,508055.792,3881304.866,0.814,0.476998,gps_course,2,0.435,6.000,8,508061.852,3881307.755,-0.032187,0.000000,0.000183,1.9444,TRACKING
19.465481,129.088361166667,35.074467666667,508055.792,3881304.866,0.814,0.476998,gps_course,2,0.435,6.000,8,508061.852,3881307.755,-0.032187,0.000000,0.000110,1.9444,TRACKING
19.515513,129.088361166667,35.074467666667,508055.792,3881304.866,0.814,0.476998,gps_course,2,0.435,6.000,8,508061.852,3881307.755,-0.032187,0.000000,0.000066,1.9444,TRACKING
19.565508,129.088363500000,35.074468666667,508056.005,3881304.977,0.860,0.467399,gps_course,2,0.394,6.000,8,508061.852,3881307.755,-0.023945,0.000000,0.000040,1.9444,TRACKING
19.615556,129.088363500000,35.074468666667,508056.005,3881304.977,0.860,0.467399,gps_course,2,0.394,6.000,8,508061.852,3881307.755,-0.023945,0.000000,0.000024,1.9444,TRACKING
19.665561,129.088363500000,35.074468666667,508056.005,3881304.977,0.860,0.467399,gps_course,2,0.394,6.000,8,508061.852,3881307.755,-0.023945,0.000000,0.000014,1.9444,TRACKING
19.715565,129.088363500000,35.074468666667,508056.005,3881304.977,0.860,0.467399,gps_course,2,0.394,6.000,8,508061.852,3881307.755,-0.023945,0.000000,0.000009,1.9444,TRACKING
19.765560,129.088363500000,35.074468666667,508056.005,3881304.977,0.860,0.467399,gps_course,2,0.394,6.000,8,508061.852,3881307.755,-0.023945,0.000000,0.000005,1.9444,TRACKING
19.815517,129.088365833333,35.074469666667,508056.217,3881305.088,0.860,0.467399,gps_course,2,0.487,6.000,8,508061.852,3881307.755,-0.025406,0.000000,0.000003,1.9444,TRACKING
19.865516,129.088365833333,35.074469666667,508056.217,3881305.088,0.860,0.467399,gps_course,2,0.487,6.000,8,508061.852,3881307.755,-0.025406,0.000000,0.000002,1.9444,TRACKING
19.915566,129.088365833333,35.074469666667,508056.217,3881305.088,0.860,0.467399,gps_course,2,0.487,6.000,8,508061.852,3881307.755,-0.025406,0.000000,0.000001,1.9444,TRACKING
19.965577,129.088365833333,35.074469666667,508056.217,3881305.088,0.860,0.467399,gps_course,2,0.487,6.000,8,508061.852,3881307.755,-0.025406,0.000000,0.000001,1.9444,TRACKING
20.015566,129.088365833333,35.074469666667,508056.217,3881305.088,0.860,0.467399,gps_course,2,0.487,6.000,8,508061.852,3881307.755,-0.025406,0.000000,0.000000,1.9444,TRACKING
20.065535,129.088368166667,35.074470666667,508056.430,3881305.199,0.931,0.471064,gps_course,3,0.654,6.000,9,508062.824,3881308.236,-0.027671,0.000000,0.000000,1.9444,TRACKING
20.115478,129.088368166667,35.074470666667,508056.430,3881305.199,0.931,0.471064,gps_course,3,0.654,6.000,9,508062.824,3881308.236,-0.027671,0.000000,0.000000,1.9444,TRACKING
20.165531,129.088368166667,35.074470666667,508056.430,3881305.199,0.931,0.471064,gps_course,3,0.654,6.000,9,508062.824,3881308.236,-0.027671,0.000000,0.000000,1.9444,TRACKING
20.215511,129.088368166667,35.074470666667,508056.430,3881305.199,0.931,0.471064,gps_course,3,0.654,6.000,9,508062.824,3881308.236,-0.027671,0.000000,0.000000,1.9444,TRACKING
20.265487,129.088368166667,35.074470666667,508056.430,3881305.199,0.931,0.471064,gps_course,3,0.654,6.000,9,508062.824,3881308.236,-0.027671,0.000000,0.000000,1.9444,TRACKING
20.315466,129.088368166667,35.074470666667,508056.430,3881305.199,0.960,0.472461,gps_course,3,0.654,6.000,9,508062.824,3881308.236,-0.029068,0.000000,0.000000,1.9444,TRACKING
20.365469,129.088370666667,35.074471666667,508056.658,3881305.310,0.960,0.472461,gps_course,3,0.450,6.000,9,508062.824,3881308.236,-0.029451,0.000000,0.000000,1.9444,TRACKING
20.415461,129.088370666667,35.074471666667,508056.658,3881305.310,0.960,0.472461,gps_course,3,0.450,6.000,9,508062.824,3881308.236,-0.029451,0.000000,0.000000,1.9444,TRACKING
20.465469,129.088370666667,35.074471666667,508056.658,3881305.310,0.960,0.472461,gps_course,3,0.450,6.000,9,508062.824,3881308.236,-0.029451,0.000000,0.000000,1.9444,TRACKING
20.515474,129.088370666667,35.074471666667,508056.658,3881305.310,0.960,0.472461,gps_course,3,0.450,6.000,9,508062.824,3881308.236,-0.029451,0.000000,0.000000,1.9444,TRACKING
20.565473,129.088373333333,35.074472833333,508056.901,3881305.440,0.960,0.472461,gps_course,3,0.332,6.000,9,508062.824,3881308.236,-0.031424,0.000000,0.000000,1.9444,TRACKING
20.615536,129.088373333333,35.074472833333,508056.901,3881305.440,0.960,0.472461,gps_course,3,0.332,6.000,9,508062.824,3881308.236,-0.031424,0.000000,0.000000,1.9444,TRACKING
20.665832,129.088373333333,35.074472833333,508056.901,3881305.440,0.960,0.472461,gps_course,3,0.332,6.000,9,508062.824,3881308.236,-0.031424,0.000000,0.000000,1.9444,TRACKING
20.715447,129.088373333333,35.074472833333,508056.901,3881305.440,0.960,0.472461,gps_course,3,0.332,6.000,9,508062.824,3881308.236,-0.031424,0.000000,0.000000,1.9444,TRACKING
20.765525,129.088373333333,35.074472833333,508056.901,3881305.440,0.960,0.472461,gps_course,3,0.332,6.000,9,508062.824,3881308.236,-0.031424,0.000000,0.000000,1.9444,TRACKING
20.815477,129.088376000000,35.074473833333,508057.144,3881305.551,1.038,0.481187,gps_course,3,0.393,6.000,9,508062.824,3881308.236,-0.039632,0.000000,0.000000,1.9444,TRACKING
20.865467,129.088376000000,35.074473833333,508057.144,3881305.551,1.038,0.481187,gps_course,3,0.393,6.000,9,508062.824,3881308.236,-0.039632,0.000000,0.000000,1.9444,TRACKING
20.915514,129.088376000000,35.074473833333,508057.144,3881305.551,1.038,0.481187,gps_course,3,0.393,6.000,9,508062.824,3881308.236,-0.039632,0.000000,0.000000,1.9444,TRACKING
20.965524,129.088376000000,35.074473833333,508057.144,3881305.551,1.038,0.481187,gps_course,3,0.393,6.000,9,508062.824,3881308.236,-0.039632,0.000000,0.000000,1.9444,TRACKING
21.015515,129.088376000000,35.074473833333,508057.144,3881305.551,1.038,0.481187,gps_course,3,0.393,6.000,9,508062.824,3881308.236,-0.039632,0.000000,0.000000,1.9444,TRACKING
21.065534,129.088378833333,35.074475000000,508057.402,3881305.681,1.066,0.470541,gps_course,3,0.608,6.000,10,508063.811,3881308.773,-0.021019,0.000000,0.000000,1.9444,TRACKING
21.115560,129.088378833333,35.074475000000,508057.402,3881305.681,1.066,0.470541,gps_course,3,0.608,6.000,10,508063.811,3881308.773,-0.021019,0.000000,0.000000,1.9444,TRACKING
21.165483,129.088378833333,35.074475000000,508057.402,3881305.681,1.066,0.470541,gps_course,3,0.608,6.000,10,508063.811,3881308.773,-0.021019,0.000000,0.000000,1.9444,TRACKING
21.215480,129.088378833333,35.074475000000,508057.402,3881305.681,1.066,0.470541,gps_course,3,0.608,6.000,10,508063.811,3881308.773,-0.021019,0.000000,0.000000,1.9444,TRACKING
21.265477,129.088378833333,35.074475000000,508057.402,3881305.681,1.066,0.470541,gps_course,3,0.608,6.000,10,508063.811,3881308.773,-0.021019,0.000000,0.000000,1.9444,TRACKING
21.315454,129.088378833333,35.074475000000,508057.402,3881305.681,1.066,0.470541,gps_course,3,0.608,6.000,10,508063.811,3881308.773,-0.021019,0.000000,0.000000,1.9444,TRACKING
21.365453,129.088381666667,35.074476166667,508057.660,3881305.810,1.107,0.463909,gps_course,4,0.445,6.000,10,508063.811,3881308.773,-0.015051,0.000000,0.000000,1.9444,TRACKING
21.415467,129.088381666667,35.074476166667,508057.660,3881305.810,1.107,0.463909,gps_course,4,0.445,6.000,10,508063.811,3881308.773,-0.015051,0.000000,0.000000,1.9444,TRACKING
21.465576,129.088381666667,35.074476166667,508057.660,3881305.810,1.107,0.463909,gps_course,4,0.445,6.000,10,508063.811,3881308.773,-0.015051,0.000000,0.000000,1.9444,TRACKING
21.515871,129.088381666667,35.074476166667,508057.660,3881305.810,1.107,0.463909,gps_course,4,0.445,6.000,10,508063.811,3881308.773,-0.015051,0.000000,0.000000,1.9444,TRACKING
21.565489,129.088384500000,35.074477500000,508057.918,3881305.958,1.107,0.463909,gps_course,4,0.324,6.000,10,508063.811,3881308.773,-0.018326,0.000000,0.000000,1.9444,TRACKING
21.615571,129.088384500000,35.074477500000,508057.918,3881305.958,1.107,0.463909,gps_course,4,0.324,6.000,10,508063.811,3881308.773,-0.018326,0.000000,0.000000,1.9444,TRACKING
21.665561,129.088384500000,35.074477500000,508057.918,3881305.958,1.107,0.463909,gps_course,4,0.324,6.000,10,508063.811,3881308.773,-0.018326,0.000000,0.000000,1.9444,TRACKING
21.715549,129.088384500000,35.074477500000,508057.918,3881305.958,1.107,0.463909,gps_course,4,0.324,6.000,10,508063.811,3881308.773,-0.018326,0.000000,0.000000,1.9444,TRACKING
21.765561,129.088384500000,35.074477500000,508057.918,3881305.958,1.107,0.463909,gps_course,4,0.324,6.000,10,508063.811,3881308.773,-0.018326,0.000000,0.000000,1.9444,TRACKING
21.815483,129.088387500000,35.074478666667,508058.192,3881306.088,1.166,0.471064,gps_course,4,0.420,7.000,11,508064.783,3881309.328,-0.014178,0.000000,0.000000,1.9444,TRACKING
21.865509,129.088387500000,35.074478666667,508058.192,3881306.088,1.166,0.471064,gps_course,4,0.420,7.000,11,508064.783,3881309.328,-0.014178,0.000000,0.000000,1.9444,TRACKING
21.915508,129.088387500000,35.074478666667,508058.192,3881306.088,1.166,0.471064,gps_course,4,0.420,7.000,11,508064.783,3881309.328,-0.014178,0.000000,0.000000,1.9444,TRACKING
21.965522,129.088387500000,35.074478666667,508058.192,3881306.088,1.166,0.471064,gps_course,4,0.420,7.000,11,508064.783,3881309.328,-0.014178,0.000000,0.000000,1.9444,TRACKING
22.015487,129.088387500000,35.074478666667,508058.192,3881306.088,1.166,0.471064,gps_course,4,0.420,7.000,11,508064.783,3881309.328,-0.014178,0.000000,0.000000,1.9444,TRACKING
22.065705,129.088390666667,35.074480000000,508058.480,3881306.236,1.200,0.466876,gps_course,5,0.503,7.000,11,508064.783,3881309.328,-0.010791,0.000000,0.000000,1.9444,TRACKING
22.115506,129.088390666667,35.074480000000,508058.480,3881306.236,1.200,0.466876,gps_course,5,0.503,7.000,11,508064.783,3881309.328,-0.010791,0.000000,0.000000,1.9444,TRACKING
22.165509,129.088390666667,35.074480000000,508058.480,3881306.236,1.200,0.466876,gps_course,5,0.503,7.000,11,508064.783,3881309.328,-0.010791,0.000000,0.000000,1.9444,TRACKING
22.215473,129.088390666667,35.074480000000,508058.480,3881306.236,1.200,0.466876,gps_course,5,0.503,7.000,11,508064.783,3881309.328,-0.010791,0.000000,0.000000,1.9444,TRACKING
22.265479,129.088390666667,35.074480000000,508058.480,3881306.236,1.200,0.466876,gps_course,5,0.503,7.000,11,508064.783,3881309.328,-0.010791,0.000000,0.000000,1.9444,TRACKING
22.315569,129.088393833333,35.074481166667,508058.769,3881306.366,1.243,0.459545,gps_course,5,0.270,7.000,12,508065.801,3881309.884,0.004318,0.000000,0.000000,1.9444,TRACKING
22.365493,129.088393833333,35.074481166667,508058.769,3881306.366,1.243,0.459545,gps_course,5,0.270,7.000,12,508065.801,3881309.884,0.004318,0.000000,0.000000,1.9444,TRACKING
22.415517,129.088393833333,35.074481166667,508058.769,3881306.366,1.243,0.459545,gps_course,5,0.270,7.000,12,508065.801,3881309.884,0.004318,0.000000,0.000000,1.9444,TRACKING
22.466029,129.088393833333,35.074481166667,508058.769,3881306.366,1.243,0.459545,gps_course,5,0.270,7.000,12,508065.801,3881309.884,0.004318,0.000000,0.000000,1.9444,TRACKING
22.515476,129.088393833333,35.074481166667,508058.769,3881306.366,1.243,0.459545,gps_course,5,0.270,7.000,12,508065.801,3881309.884,0.004318,0.000000,0.000000,1.9444,TRACKING
22.565605,129.088397166667,35.074482666667,508059.073,3881306.532,1.276,0.462861,gps_course,5,0.345,7.000,12,508065.801,3881309.884,-0.000742,0.000000,0.000000,1.9444,TRACKING
22.615488,129.088397166667,35.074482666667,508059.073,3881306.532,1.276,0.462861,gps_course,5,0.345,7.000,12,508065.801,3881309.884,-0.000742,0.000000,0.000000,1.9444,TRACKING
22.665480,129.088397166667,35.074482666667,508059.073,3881306.532,1.276,0.462861,gps_course,5,0.345,7.000,12,508065.801,3881309.884,-0.000742,0.000000,0.000000,1.9444,TRACKING
22.715548,129.088397166667,35.074482666667,508059.073,3881306.532,1.276,0.462861,gps_course,5,0.345,7.000,12,508065.801,3881309.884,-0.000742,0.000000,0.000000,1.9444,TRACKING
22.765476,129.088397166667,35.074482666667,508059.073,3881306.532,1.276,0.462861,gps_course,5,0.345,7.000,12,508065.801,3881309.884,-0.000742,0.000000,0.000000,1.9444,TRACKING
22.815489,129.088400666667,35.074484000000,508059.392,3881306.680,1.319,0.464956,gps_course,6,0.487,7.000,12,508065.801,3881309.884,-0.001497,0.000000,0.000000,1.9444,TRACKING
22.865541,129.088400666667,35.074484000000,508059.392,3881306.680,1.319,0.464956,gps_course,6,0.487,7.000,12,508065.801,3881309.884,-0.001497,0.000000,0.000000,1.9444,TRACKING
22.915480,129.088400666667,35.074484000000,508059.392,3881306.680,1.319,0.464956,gps_course,6,0.487,7.000,12,508065.801,3881309.884,-0.001497,0.000000,0.000000,1.9444,TRACKING
22.965525,129.088400666667,35.074484000000,508059.392,3881306.680,1.319,0.464956,gps_course,6,0.487,7.000,12,508065.801,3881309.884,-0.001497,0.000000,0.000000,1.9444,TRACKING
23.015495,129.088400666667,35.074484000000,508059.392,3881306.680,1.319,0.464956,gps_course,6,0.487,7.000,12,508065.801,3881309.884,-0.001497,0.000000,0.000000,1.9444,TRACKING
23.065633,129.088404000000,35.074485333333,508059.695,3881306.829,1.349,0.460592,gps_course,6,0.247,7.000,13,508066.682,3881310.402,0.012189,0.000000,0.000000,1.9444,TRACKING
23.115595,129.088404000000,35.074485333333,508059.695,3881306.829,1.349,0.460592,gps_course,6,0.247,7.000,13,508066.682,3881310.402,0.012189,0.000000,0.000000,1.9444,TRACKING
23.165529,129.088404000000,35.074485333333,508059.695,3881306.829,1.349,0.460592,gps_course,6,0.247,7.000,13,508066.682,3881310.402,0.012189,0.000000,0.000000,1.9444,TRACKING
23.215507,129.088404000000,35.074485333333,508059.695,3881306.829,1.349,0.460592,gps_course,6,0.247,7.000,13,508066.682,3881310.402,0.012189,0.000000,0.000000,1.9444,TRACKING
23.265806,129.088404000000,35.074485333333,508059.695,3881306.829,1.349,0.460592,gps_course,6,0.247,7.000,13,508066.682,3881310.402,0.012189,0.000000,0.000000,1.9444,TRACKING
23.316025,129.088407666667,35.074486666667,508060.029,3881306.977,1.373,0.448201,gps_course,6,0.349,7.000,13,508066.682,3881310.402,0.027288,0.000000,0.000000,1.9444,TRACKING
23.365507,129.088407666667,35.074486666667,508060.029,3881306.977,1.373,0.448201,gps_course,6,0.349,7.000,13,508066.682,3881310.402,0.027288,0.000000,0.000000,1.9444,TRACKING
23.415536,129.088407666667,35.074486666667,508060.029,3881306.977,1.373,0.448201,gps_course,6,0.349,7.000,13,508066.682,3881310.402,0.027288,0.000000,0.000000,1.9444,TRACKING
23.465543,129.088407666667,35.074486666667,508060.029,3881306.977,1.373,0.448201,gps_course,6,0.349,7.000,13,508066.682,3881310.402,0.027288,0.000000,0.000000,1.9444,TRACKING
23.515554,129.088407666667,35.074486666667,508060.029,3881306.977,1.373,0.448201,gps_course,6,0.349,7.000,13,508066.682,3881310.402,0.027288,0.000000,0.000000,1.9444,TRACKING
23.565880,129.088411333333,35.074488166667,508060.364,3881307.143,1.424,0.442965,gps_course,7,0.488,7.000,13,508066.682,3881310.402,0.033200,0.000000,0.000000,1.9444,TRACKING
23.615461,129.088411333333,35.074488166667,508060.364,3881307.143,1.424,0.442965,gps_course,7,0.488,7.000,13,508066.682,3881310.402,0.033200,0.000000,0.000000,1.9444,TRACKING
23.665491,129.088411333333,35.074488166667,508060.364,3881307.143,1.424,0.442965,gps_course,7,0.488,7.000,13,508066.682,3881310.402,0.033200,0.000000,0.000000,1.9444,TRACKING
23.715473,129.088411333333,35.074488166667,508060.364,3881307.143,1.424,0.442965,gps_course,7,0.488,7.000,13,508066.682,3881310.402,0.033200,0.000000,0.000000,1.9444,TRACKING
23.765602,129.088411333333,35.074488166667,508060.364,3881307.143,1.424,0.442965,gps_course,7,0.488,7.000,13,508066.682,3881310.402,0.033200,0.000000,0.000000,1.9444,TRACKING
23.815782,129.088415000000,35.074489666667,508060.698,3881307.310,1.444,0.443139,gps_course,7,0.200,7.000,14,508067.563,3881310.920,0.041014,0.000000,0.000000,1.9444,TRACKING
23.865586,129.088415000000,35.074489666667,508060.698,3881307.310,1.444,0.443139,gps_course,7,0.200,7.000,14,508067.563,3881310.920,0.041014,0.000000,0.000000,1.9444,TRACKING
23.915839,129.088415000000,35.074489666667,508060.698,3881307.310,1.444,0.443139,gps_course,7,0.200,7.000,14,508067.563,3881310.920,0.041014,0.000000,0.000000,1.9444,TRACKING
23.965841,129.088415000000,35.074489666667,508060.698,3881307.310,1.444,0.443139,gps_course,7,0.200,7.000,14,508067.563,3881310.920,0.041014,0.000000,0.000000,1.9444,TRACKING
24.015682,129.088415000000,35.074489666667,508060.698,3881307.310,1.444,0.443139,gps_course,7,0.200,7.000,14,508067.563,3881310.920,0.041014,0.000000,0.000000,1.9444,TRACKING
24.065588,129.088418833333,35.074491000000,508061.047,3881307.458,1.469,0.451342,gps_course,7,0.340,7.000,14,508067.563,3881310.920,0.037076,0.000000,0.000000,1.9444,TRACKING
24.115474,129.088418833333,35.074491000000,508061.047,3881307.458,1.469,0.451342,gps_course,7,0.340,7.000,14,508067.563,3881310.920,0.037076,0.000000,0.000000,1.9444,TRACKING
24.165491,129.088418833333,35.074491000000,508061.047,3881307.458,1.469,0.451342,gps_course,7,0.340,7.000,14,508067.563,3881310.920,0.037076,0.000000,0.000000,1.9444,TRACKING
24.215519,129.088418833333,35.074491000000,508061.047,3881307.458,1.469,0.451342,gps_course,7,0.340,7.000,14,508067.563,3881310.920,0.037076,0.000000,0.000000,1.9444,TRACKING
24.265467,129.088418833333,35.074491000000,508061.047,3881307.458,1.469,0.451342,gps_course,7,0.340,7.000,14,508067.563,3881310.920,0.037076,0.000000,0.000000,1.9444,TRACKING
24.315449,129.088418833333,35.074491000000,508061.047,3881307.458,1.469,0.451342,gps_course,7,0.340,7.000,14,508067.563,3881310.920,0.037076,0.000000,0.000000,1.9444,TRACKING
24.365483,129.088422666667,35.074492500000,508061.396,3881307.625,1.499,0.442266,gps_course,8,0.474,7.000,15,508068.459,3881311.420,0.050856,0.000000,0.000000,1.9444,TRACKING
24.415534,129.088422666667,35.074492500000,508061.396,3881307.625,1.499,0.442266,gps_course,8,0.474,7.000,15,508068.459,3881311.420,0.050856,0.000000,0.000000,1.9444,TRACKING
24.465545,129.088422666667,35.074492500000,508061.396,3881307.625,1.499,0.442266,gps_course,8,0.474,7.000,15,508068.459,3881311.420,0.050856,0.000000,0.000000,1.9444,TRACKING
24.515503,129.088422666667,35.074492500000,508061.396,3881307.625,1.499,0.442266,gps_course,8,0.474,7.000,15,508068.459,3881311.420,0.050856,0.000000,0.000000,1.9444,TRACKING
24.565470,129.088426666667,35.074494000000,508061.761,3881307.792,1.547,0.437030,gps_course,8,0.098,7.000,15,508068.459,3881311.420,0.059472,-0.011313,-0.004525,1.9444,TRACKING
24.615469,129.088426666667,35.074494000000,508061.761,3881307.792,1.547,0.437030,gps_course,8,0.098,7.000,15,508068.459,3881311.420,0.059472,-0.011313,-0.007241,1.9444,TRACKING
24.665510,129.088426666667,35.074494000000,508061.761,3881307.792,1.547,0.437030,gps_course,8,0.098,7.000,15,508068.459,3881311.420,0.059472,-0.011313,-0.008870,1.9444,TRACKING
24.715469,129.088426666667,35.074494000000,508061.761,3881307.792,1.547,0.437030,gps_course,8,0.098,7.000,15,508068.459,3881311.420,0.059472,-0.011313,-0.009847,1.9444,TRACKING
24.765481,129.088426666667,35.074494000000,508061.761,3881307.792,1.547,0.437030,gps_course,8,0.098,7.000,15,508068.459,3881311.420,0.059472,-0.011313,-0.010434,1.9444,TRACKING
24.815502,129.088430833333,35.074495500000,508062.141,3881307.958,1.570,0.432667,gps_course,8,0.353,7.000,15,508068.459,3881311.420,0.068600,-0.013795,-0.011778,1.9444,TRACKING
24.865460,129.088430833333,35.074495500000,508062.141,3881307.958,1.570,0.432667,gps_course,8,0.353,7.000,15,508068.459,3881311.420,0.068600,-0.013795,-0.012585,1.9444,TRACKING
24.915961,129.088430833333,35.074495500000,508062.141,3881307.958,1.570,0.432667,gps_course,8,0.353,7.000,15,508068.459,3881311.420,0.068600,-0.013795,-0.013069,1.9444,TRACKING
24.965621,129.088430833333,35.074495500000,508062.141,3881307.958,1.570,0.432667,gps_course,8,0.353,7.000,15,508068.459,3881311.420,0.068600,-0.013795,-0.013360,1.9444,TRACKING
25.015499,129.088430833333,35.074495500000,508062.141,3881307.958,1.570,0.432667,gps_course,8,0.353,7.000,15,508068.459,3881311.420,0.068600,-0.013795,-0.013534,1.9444,TRACKING
25.065557,129.088435000000,35.074497166667,508062.520,3881308.143,1.609,0.433540,gps_course,9,0.318,7.000,16,508069.340,3881311.939,0.074308,-0.013793,-0.013638,1.9444,TRACKING
25.115653,129.088435000000,35.074497166667,508062.520,3881308.143,1.609,0.433540,gps_course,9,0.318,7.000,16,508069.340,3881311.939,0.074308,-0.013793,-0.013700,1.9444,TRACKING
25.165645,129.088435000000,35.074497166667,508062.520,3881308.143,1.609,0.433540,gps_course,9,0.318,7.000,16,508069.340,3881311.939,0.074308,-0.013793,-0.013737,1.9444,TRACKING
25.215548,129.088435000000,35.074497166667,508062.520,3881308.143,1.609,0.433540,gps_course,9,0.318,7.000,16,508069.340,3881311.939,0.074308,-0.013793,-0.013759,1.9444,TRACKING
25.265679,129.088435000000,35.074497166667,508062.520,3881308.143,1.609,0.433540,gps_course,9,0.318,7.000,16,508069.340,3881311.939,0.074308,-0.013793,-0.013773,1.9444,TRACKING
25.315510,129.088435000000,35.074497166667,508062.520,3881308.143,1.609,0.433540,gps_course,9,0.318,7.000,16,508069.340,3881311.939,0.074308,-0.013793,-0.013781,1.9444,TRACKING
25.365510,129.088439166667,35.074498666667,508062.900,3881308.310,1.647,0.435809,gps_course,9,0.106,7.000,16,508069.340,3881311.939,0.077317,-0.015152,-0.014329,1.9444,TRACKING
25.415550,129.088439166667,35.074498666667,508062.900,3881308.310,1.647,0.435809,gps_course,9,0.106,7.000,16,508069.340,3881311.939,0.077317,-0.015152,-0.014658,1.9444,TRACKING
25.465535,129.088439166667,35.074498666667,508062.900,3881308.310,1.647,0.435809,gps_course,9,0.106,7.000,16,508069.340,3881311.939,0.077317,-0.015152,-0.014856,1.9444,TRACKING
25.515649,129.088439166667,35.074498666667,508062.900,3881308.310,1.647,0.435809,gps_course,9,0.106,7.000,16,508069.340,3881311.939,0.077317,-0.015152,-0.014974,1.9444,TRACKING
25.565556,129.088443500000,35.074500333333,508063.295,3881308.495,1.680,0.429875,gps_course,9,0.537,7.000,17,508070.251,3881312.438,0.085828,-0.015544,-0.015202,1.9444,TRACKING
25.615523,129.088443500000,35.074500333333,508063.295,3881308.495,1.680,0.429875,gps_course,9,0.537,7.000,17,508070.251,3881312.438,0.085828,-0.015544,-0.015339,1.9444,TRACKING
25.665623,129.088443500000,35.074500333333,508063.295,3881308.495,1.680,0.429875,gps_course,9,0.537,7.000,17,508070.251,3881312.438,0.085828,-0.015544,-0.015421,1.9444,TRACKING
25.715500,129.088443500000,35.074500333333,508063.295,3881308.495,1.680,0.429875,gps_course,9,0.537,7.000,17,508070.251,3881312.438,0.085828,-0.015544,-0.015471,1.9444,TRACKING
25.765451,129.088443500000,35.074500333333,508063.295,3881308.495,1.680,0.429875,gps_course,9,0.537,7.000,17,508070.251,3881312.438,0.085828,-0.015544,-0.015500,1.9444,TRACKING
25.815543,129.088447833333,35.074502000000,508063.690,3881308.680,1.718,0.434936,gps_course,10,0.153,7.000,17,508070.251,3881312.438,0.085217,-0.016321,-0.015829,1.9444,TRACKING
25.865551,129.088447833333,35.074502000000,508063.690,3881308.680,1.718,0.434936,gps_course,10,0.153,7.000,17,508070.251,3881312.438,0.085217,-0.016321,-0.016026,1.9444,TRACKING
25.915499,129.088447833333,35.074502000000,508063.690,3881308.680,1.718,0.434936,gps_course,10,0.153,7.000,17,508070.251,3881312.438,0.085217,-0.016321,-0.016144,1.9444,TRACKING
25.965555,129.088447833333,35.074502000000,508063.690,3881308.680,1.718,0.434936,gps_course,10,0.153,7.000,17,508070.251,3881312.438,0.085217,-0.016321,-0.016215,1.9444,TRACKING
26.015449,129.088447833333,35.074502000000,508063.690,3881308.680,1.718,0.434936,gps_course,10,0.153,7.000,17,508070.251,3881312.438,0.085217,-0.016321,-0.016258,1.9444,TRACKING
26.065535,129.088452500000,35.074503833333,508064.115,3881308.884,1.737,0.433889,gps_course,10,0.324,7.000,17,508070.251,3881312.438,0.091146,-0.018611,-0.017199,1.9444,TRACKING
26.115486,129.088452500000,35.074503833333,508064.115,3881308.884,1.737,0.433889,gps_course,10,0.324,7.000,17,508070.251,3881312.438,0.091146,-0.018611,-0.017764,1.9444,TRACKING
26.165512,129.088452500000,35.074503833333,508064.115,3881308.884,1.737,0.433889,gps_course,10,0.324,7.000,17,508070.251,3881312.438,0.091146,-0.018611,-0.018103,1.9444,TRACKING
26.215519,129.088452500000,35.074503833333,508064.115,3881308.884,1.737,0.433889,gps_course,10,0.324,7.000,17,508070.251,3881312.438,0.091146,-0.018611,-0.018306,1.9444,TRACKING
26.265558,129.088452500000,35.074503833333,508064.115,3881308.884,1.737,0.433889,gps_course,10,0.324,7.000,17,508070.251,3881312.438,0.091146,-0.018611,-0.018428,1.9444,TRACKING
26.315511,129.088452500000,35.074503833333,508064.115,3881308.884,1.737,0.433889,gps_course,10,0.324,7.000,17,508070.251,3881312.438,0.091146,-0.018611,-0.018501,1.9444,TRACKING
26.365443,129.088457166667,35.074505500000,508064.541,3881309.069,1.794,0.431096,gps_course,11,0.355,7.000,18,508071.147,3881312.957,0.100760,-0.019026,-0.018711,1.9444,TRACKING
26.415524,129.088457166667,35.074505500000,508064.541,3881309.069,1.794,0.431096,gps_course,11,0.355,7.000,18,508071.147,3881312.957,0.100760,-0.019026,-0.018837,1.9444,TRACKING
26.465539,129.088457166667,35.074505500000,508064.541,3881309.069,1.794,0.431096,gps_course,11,0.355,7.000,18,508071.147,3881312.957,0.100760,-0.019026,-0.018913,1.9444,TRACKING
26.515467,129.088457166667,35.074505500000,508064.541,3881309.069,1.794,0.431096,gps_course,11,0.355,7.000,18,508071.147,3881312.957,0.100760,-0.019026,-0.018958,1.9444,TRACKING
26.565452,129.088461833333,35.074507166667,508064.966,3881309.255,1.840,0.426209,gps_course,11,0.197,7.000,18,508071.147,3881312.957,0.113427,-0.022775,-0.020485,1.9444,TRACKING
26.615515,129.088461833333,35.074507166667,508064.966,3881309.255,1.840,0.426209,gps_course,11,0.197,7.000,18,508071.147,3881312.957,0.113427,-0.022775,-0.021401,1.9444,TRACKING
26.665527,129.088461833333,35.074507166667,508064.966,3881309.255,1.840,0.426209,gps_course,11,0.197,7.000,18,508071.147,3881312.957,0.113427,-0.022775,-0.021950,1.9444,TRACKING
26.715456,129.088461833333,35.074507166667,508064.966,3881309.255,1.840,0.426209,gps_course,11,0.197,7.000,18,508071.147,3881312.957,0.113427,-0.022775,-0.022280,1.9444,TRACKING
26.765461,129.088461833333,35.074507166667,508064.966,3881309.255,1.840,0.426209,gps_course,11,0.197,7.000,18,508071.147,3881312.957,0.113427,-0.022775,-0.022478,1.9444,TRACKING
26.815465,129.088466666667,35.074509000000,508065.406,3881309.458,1.861,0.422544,gps_course,12,0.580,7.000,19,508072.088,3881313.456,0.116658,-0.021670,-0.022155,1.9444,TRACKING
26.865451,129.088466666667,35.074509000000,508065.406,3881309.458,1.861,0.422544,gps_course,12,0.580,7.000,19,508072.088,3881313.456,0.116658,-0.021670,-0.021961,1.9444,TRACKING
26.915491,129.088466666667,35.074509000000,508065.406,3881309.458,1.861,0.422544,gps_course,12,0.580,7.000,19,508072.088,3881313.456,0.116658,-0.021670,-0.021845,1.9444,TRACKING
26.965750,129.088466666667,35.074509000000,508065.406,3881309.458,1.861,0.422544,gps_course,12,0.580,7.000,19,508072.088,3881313.456,0.116658,-0.021670,-0.021775,1.9444,TRACKING
27.015460,129.088466666667,35.074509000000,508065.406,3881309.458,1.861,0.422544,gps_course,12,0.580,7.000,19,508072.088,3881313.456,0.116658,-0.021670,-0.021733,1.9444,TRACKING
27.065602,129.088471500000,35.074510666667,508065.847,3881309.643,1.898,0.422719,gps_course,12,0.245,7.000,19,508072.088,3881313.456,0.125675,-0.024844,-0.022977,1.9444,TRACKING
27.115507,129.088471500000,35.074510666667,508065.847,3881309.643,1.898,0.422719,gps_course,12,0.245,7.000,19,508072.088,3881313.456,0.125675,-0.024844,-0.023724,1.9444,TRACKING
27.165469,129.088471500000,35.074510666667,508065.847,3881309.643,1.898,0.422719,gps_course,12,0.245,7.000,19,508072.088,3881313.456,0.125675,-0.024844,-0.024172,1.9444,TRACKING
27.215469,129.088471500000,35.074510666667,508065.847,3881309.643,1.898,0.422719,gps_course,12,0.245,7.000,19,508072.088,3881313.456,0.125675,-0.024844,-0.024441,1.9444,TRACKING
27.265446,129.088471500000,35.074510666667,508065.847,3881309.643,1.898,0.422719,gps_course,12,0.245,7.000,19,508072.088,3881313.456,0.125675,-0.024844,-0.024602,1.9444,TRACKING
27.315481,129.088476333333,35.074512500000,508066.287,3881309.847,1.915,0.416261,gps_course,12,0.488,7.000,20,508073.000,3881314.012,0.139049,-0.025436,-0.024936,1.9444,TRACKING
27.365469,129.088476333333,35.074512500000,508066.287,3881309.847,1.915,0.416261,gps_course,12,0.488,7.000,20,508073.000,3881314.012,0.139049,-0.025436,-0.025136,1.9444,TRACKING
27.415508,129.088476333333,35.074512500000,508066.287,3881309.847,1.915,0.416261,gps_course,12,0.488,7.000,20,508073.000,3881314.012,0.139049,-0.025436,-0.025256,1.9444,TRACKING
27.465593,129.088476333333,35.074512500000,508066.287,3881309.847,1.915,0.416261,gps_course,12,0.488,7.000,20,508073.000,3881314.012,0.139049,-0.025436,-0.025328,1.9444,TRACKING
27.515508,129.088476333333,35.074512500000,508066.287,3881309.847,1.915,0.416261,gps_course,12,0.488,7.000,20,508073.000,3881314.012,0.139049,-0.025436,-0.025371,1.9444,TRACKING
27.565584,129.088481333333,35.074514333333,508066.743,3881310.051,1.920,0.424115,gps_course,13,0.356,7.000,20,508073.000,3881314.012,0.140260,-0.027368,-0.026170,1.9444,TRACKING
27.615483,129.088481333333,35.074514333333,508066.743,3881310.051,1.920,0.424115,gps_course,13,0.356,7.000,20,508073.000,3881314.012,0.140260,-0.027368,-0.026649,1.9444,TRACKING
27.665455,129.088481333333,35.074514333333,508066.743,3881310.051,1.920,0.424115,gps_course,13,0.356,7.000,20,508073.000,3881314.012,0.140260,-0.027368,-0.026937,1.9444,TRACKING
27.715516,129.088481333333,35.074514333333,508066.743,3881310.051,1.920,0.424115,gps_course,13,0.356,7.000,20,508073.000,3881314.012,0.140260,-0.027368,-0.027109,1.9444,TRACKING
27.765501,129.088481333333,35.074514333333,508066.743,3881310.051,1.920,0.424115,gps_course,13,0.356,7.000,20,508073.000,3881314.012,0.140260,-0.027368,-0.027213,1.9444,TRACKING
27.815498,129.088486166667,35.074516166667,508067.183,3881310.255,1.920,0.424115,gps_course,13,0.523,7.000,21,508073.896,3881314.549,0.144995,-0.026286,-0.026842,1.9444,TRACKING
27.865456,129.088486166667,35.074516166667,508067.183,3881310.255,1.920,0.424115,gps_course,13,0.523,7.000,21,508073.896,3881314.549,0.144995,-0.026286,-0.026620,1.9444,TRACKING
27.915524,129.088486166667,35.074516166667,508067.183,3881310.255,1.920,0.424115,gps_course,13,0.523,7.000,21,508073.896,3881314.549,0.144995,-0.026286,-0.026486,1.9444,TRACKING
27.965535,129.088486166667,35.074516166667,508067.183,3881310.255,1.920,0.424115,gps_course,13,0.523,7.000,21,508073.896,3881314.549,0.144995,-0.026286,-0.026406,1.9444,TRACKING
28.015498,129.088486166667,35.074516166667,508067.183,3881310.255,1.920,0.424115,gps_course,13,0.523,7.000,21,508073.896,3881314.549,0.144995,-0.026286,-0.026358,1.9444,TRACKING
28.065539,129.088491000000,35.074518000000,508067.624,3881310.458,1.954,0.427257,gps_course,14,0.466,7.000,21,508073.896,3881314.549,0.150637,-0.029052,-0.027436,1.9444,TRACKING
28.115454,129.088491000000,35.074518000000,508067.624,3881310.458,1.954,0.427257,gps_course,14,0.466,7.000,21,508073.896,3881314.549,0.150637,-0.029052,-0.028082,1.9444,TRACKING
28.165592,129.088491000000,35.074518000000,508067.624,3881310.458,1.954,0.427257,gps_course,14,0.466,7.000,21,508073.896,3881314.549,0.150637,-0.029052,-0.028470,1.9444,TRACKING
28.215513,129.088491000000,35.074518000000,508067.624,3881310.458,1.954,0.427257,gps_course,14,0.466,7.000,21,508073.896,3881314.549,0.150637,-0.029052,-0.028703,1.9444,TRACKING
28.265707,129.088491000000,35.074518000000,508067.624,3881310.458,1.954,0.427257,gps_course,14,0.466,7.000,21,508073.896,3881314.549,0.150637,-0.029052,-0.028843,1.9444,TRACKING
28.315617,129.088495833333,35.074519833333,508068.064,3881310.662,1.949,0.433191,gps_course,14,0.564,7.000,21,508073.896,3881314.549,0.154689,-0.031868,-0.030053,1.9444,TRACKING
28.365478,129.088495833333,35.074519833333,508068.064,3881310.662,1.949,0.433191,gps_course,14,0.564,7.000,21,508073.896,3881314.549,0.154689,-0.031868,-0.030779,1.9444,TRACKING
28.415495,129.088495833333,35.074519833333,508068.064,3881310.662,1.949,0.433191,gps_course,14,0.564,7.000,21,508073.896,3881314.549,0.154689,-0.031868,-0.031215,1.9444,TRACKING
28.465431,129.088495833333,35.074519833333,508068.064,3881310.662,1.949,0.433191,gps_course,14,0.564,7.000,21,508073.896,3881314.549,0.154689,-0.031868,-0.031476,1.9444,TRACKING
28.515493,129.088495833333,35.074519833333,508068.064,3881310.662,1.949,0.433191,gps_course,14,0.564,7.000,21,508073.896,3881314.549,0.154689,-0.031868,-0.031633,1.9444,TRACKING
28.565483,129.088500666667,35.074521666667,508068.505,3881310.866,1.936,0.435111,gps_course,15,0.556,7.000,22,508074.852,3881315.049,0.147523,-0.028029,-0.030192,1.9444,TRACKING
28.615477,129.088500666667,35.074521666667,508068.505,3881310.866,1.936,0.435111,gps_course,15,0.556,7.000,22,508074.852,3881315.049,0.147523,-0.028029,-0.029327,1.9444,TRACKING
28.665553,129.088500666667,35.074521666667,508068.505,3881310.866,1.936,0.435111,gps_course,15,0.556,7.000,22,508074.852,3881315.049,0.147523,-0.028029,-0.028808,1.9444,TRACKING
28.715469,129.088500666667,35.074521666667,508068.505,3881310.866,1.936,0.435111,gps_course,15,0.556,7.000,22,508074.852,3881315.049,0.147523,-0.028029,-0.028496,1.9444,TRACKING
28.765502,129.088500666667,35.074521666667,508068.505,3881310.866,1.936,0.435111,gps_course,15,0.556,7.000,22,508074.852,3881315.049,0.147523,-0.028029,-0.028310,1.9444,TRACKING
28.815564,129.088505500000,35.074523666667,508068.945,3881311.088,1.940,0.432667,gps_course,15,0.589,7.000,22,508074.852,3881315.049,0.157955,-0.032059,-0.029809,1.9444,TRACKING
28.865724,129.088505500000,35.074523666667,508068.945,3881311.088,1.940,0.432667,gps_course,15,0.589,7.000,22,508074.852,3881315.049,0.157955,-0.032059,-0.030709,1.9444,TRACKING
28.915870,129.088505500000,35.074523666667,508068.945,3881311.088,1.940,0.432667,gps_course,15,0.589,7.000,22,508074.852,3881315.049,0.157955,-0.032059,-0.031249,1.9444,TRACKING
28.965514,129.088505500000,35.074523666667,508068.945,3881311.088,1.940,0.432667,gps_course,15,0.589,7.000,22,508074.852,3881315.049,0.157955,-0.032059,-0.031573,1.9444,TRACKING
29.015513,129.088505500000,35.074523666667,508068.945,3881311.088,1.940,0.432667,gps_course,15,0.589,7.000,22,508074.852,3881315.049,0.157955,-0.032059,-0.031767,1.9444,TRACKING
29.065576,129.088510333333,35.074525500000,508069.386,3881311.292,1.958,0.431969,gps_course,16,0.649,7.000,23,508075.733,3881315.567,0.160756,-0.030318,-0.031187,1.9444,TRACKING
29.115517,129.088510333333,35.074525500000,508069.386,3881311.292,1.958,0.431969,gps_course,16,0.649,7.000,23,508075.733,3881315.567,0.160756,-0.030318,-0.030839,1.9444,TRACKING
29.165478,129.088510333333,35.074525500000,508069.386,3881311.292,1.958,0.431969,gps_course,16,0.649,7.000,23,508075.733,3881315.567,0.160756,-0.030318,-0.030631,1.9444,TRACKING
29.215516,129.088510333333,35.074525500000,508069.386,3881311.292,1.958,0.431969,gps_course,16,0.649,7.000,23,508075.733,3881315.567,0.160756,-0.030318,-0.030505,1.9444,TRACKING
29.265572,129.088510333333,35.074525500000,508069.386,3881311.292,1.958,0.431969,gps_course,16,0.649,7.000,23,508075.733,3881315.567,0.160756,-0.030318,-0.030430,1.9444,TRACKING
29.315465,129.088515333333,35.074527333333,508069.841,3881311.495,1.963,0.434238,gps_course,16,0.670,7.000,23,508075.733,3881315.567,0.170436,-0.034327,-0.031989,1.9444,TRACKING
29.365482,129.088515333333,35.074527333333,508069.841,3881311.495,1.963,0.434238,gps_course,16,0.670,7.000,23,508075.733,3881315.567,0.170436,-0.034327,-0.032924,1.9444,TRACKING
29.415498,129.088515333333,35.074527333333,508069.841,3881311.495,1.963,0.434238,gps_course,16,0.670,7.000,23,508075.733,3881315.567,0.170436,-0.034327,-0.033485,1.9444,TRACKING
29.465513,129.088515333333,35.074527333333,508069.841,3881311.495,1.963,0.434238,gps_course,16,0.670,7.000,23,508075.733,3881315.567,0.170436,-0.034327,-0.033822,1.9444,TRACKING
29.515457,129.088515333333,35.074527333333,508069.841,3881311.495,1.963,0.434238,gps_course,16,0.670,7.000,23,508075.733,3881315.567,0.170436,-0.034327,-0.034024,1.9444,TRACKING
29.565482,129.088520000000,35.074529333333,508070.267,3881311.718,1.961,0.440521,gps_course,17,0.721,7.000,24,508076.690,3881316.085,0.156625,-0.029109,-0.032058,1.9444,TRACKING
29.615454,129.088520000000,35.074529333333,508070.267,3881311.718,1.961,0.440521,gps_course,17,0.721,7.000,24,508076.690,3881316.085,0.156625,-0.029109,-0.030879,1.9444,TRACKING
29.665907,129.088520000000,35.074529333333,508070.267,3881311.718,1.961,0.440521,gps_course,17,0.721,7.000,24,508076.690,3881316.085,0.156625,-0.029109,-0.030171,1.9444,TRACKING
29.715486,129.088520000000,35.074529333333,508070.267,3881311.718,1.961,0.440521,gps_course,17,0.721,7.000,24,508076.690,3881316.085,0.156625,-0.029109,-0.029746,1.9444,TRACKING
29.765533,129.088520000000,35.074529333333,508070.267,3881311.718,1.961,0.440521,gps_course,17,0.721,7.000,24,508076.690,3881316.085,0.156625,-0.029109,-0.029492,1.9444,TRACKING
29.815568,129.088525000000,35.074531166667,508070.722,3881311.921,1.957,0.451691,gps_course,17,0.700,7.000,24,508076.690,3881316.085,0.157514,-0.031246,-0.030193,1.9444,TRACKING
29.865565,129.088525000000,35.074531166667,508070.722,3881311.921,1.957,0.451691,gps_course,17,0.700,7.000,24,508076.690,3881316.085,0.157514,-0.031246,-0.030615,1.9444,TRACKING
29.915828,129.088525000000,35.074531166667,508070.722,3881311.921,1.957,0.451691,gps_course,17,0.700,7.000,24,508076.690,3881316.085,0.157514,-0.031246,-0.030867,1.9444,TRACKING
29.965473,129.088525000000,35.074531166667,508070.722,3881311.921,1.957,0.451691,gps_course,17,0.700,7.000,24,508076.690,3881316.085,0.157514,-0.031246,-0.031019,1.9444,TRACKING
30.015520,129.088525000000,35.074531166667,508070.722,3881311.921,1.957,0.451691,gps_course,17,0.700,7.000,24,508076.690,3881316.085,0.157514,-0.031246,-0.031110,1.9444,TRACKING
30.065540,129.088529666667,35.074533000000,508071.148,3881312.125,1.962,0.445932,gps_course,18,0.832,7.000,25,508077.571,3881316.604,0.162928,-0.030027,-0.030677,1.9444,TRACKING
30.115600,129.088529666667,35.074533000000,508071.148,3881312.125,1.962,0.445932,gps_course,18,0.832,7.000,25,508077.571,3881316.604,0.162928,-0.030027,-0.030417,1.9444,TRACKING
30.165616,129.088529666667,35.074533000000,508071.148,3881312.125,1.962,0.445932,gps_course,18,0.832,7.000,25,508077.571,3881316.604,0.162928,-0.030027,-0.030261,1.9444,TRACKING
30.215484,129.088529666667,35.074533000000,508071.148,3881312.125,1.962,0.445932,gps_course,18,0.832,7.000,25,508077.571,3881316.604,0.162928,-0.030027,-0.030168,1.9444,TRACKING
30.265539,129.088529666667,35.074533000000,508071.148,3881312.125,1.962,0.445932,gps_course,18,0.832,7.000,25,508077.571,3881316.604,0.162928,-0.030027,-0.030111,1.9444,TRACKING
30.315534,129.088534500000,35.074535000000,508071.588,3881312.347,1.946,0.442266,gps_course,18,0.752,7.000,25,508077.571,3881316.604,0.176079,-0.034579,-0.031898,1.9444,TRACKING
30.365485,129.088534500000,35.074535000000,508071.588,3881312.347,1.946,0.442266,gps_course,18,0.752,7.000,25,508077.571,3881316.604,0.176079,-0.034579,-0.032970,1.9444,TRACKING
30.415513,129.088534500000,35.074535000000,508071.588,3881312.347,1.946,0.442266,gps_course,18,0.752,7.000,25,508077.571,3881316.604,0.176079,-0.034579,-0.033614,1.9444,TRACKING
30.465547,129.088534500000,35.074535000000,508071.588,3881312.347,1.946,0.442266,gps_course,18,0.752,7.000,25,508077.571,3881316.604,0.176079,-0.034579,-0.034000,1.9444,TRACKING
30.515483,129.088534500000,35.074535000000,508071.588,3881312.347,1.946,0.442266,gps_course,18,0.752,7.000,25,508077.571,3881316.604,0.176079,-0.034579,-0.034231,1.9444,TRACKING
30.565485,129.088539333333,35.074537166667,508072.028,3881312.588,1.963,0.455880,gps_course,19,0.871,7.000,26,508078.513,3881317.140,0.156253,-0.028473,-0.031928,1.9444,TRACKING
30.615451,129.088539333333,35.074537166667,508072.028,3881312.588,1.963,0.455880,gps_course,19,0.871,7.000,26,508078.513,3881317.140,0.156253,-0.028473,-0.030546,1.9444,TRACKING
30.665455,129.088539333333,35.074537166667,508072.028,3881312.588,1.963,0.455880,gps_course,19,0.871,7.000,26,508078.513,3881317.140,0.156253,-0.028473,-0.029717,1.9444,TRACKING
30.715487,129.088539333333,35.074537166667,508072.028,3881312.588,1.963,0.455880,gps_course,19,0.871,7.000,26,508078.513,3881317.140,0.156253,-0.028473,-0.029219,1.9444,TRACKING
30.765530,129.088539333333,35.074537166667,508072.028,3881312.588,1.963,0.455880,gps_course,19,0.871,7.000,26,508078.513,3881317.140,0.156253,-0.028473,-0.028921,1.9444,TRACKING
30.815616,129.088544000000,35.074539166667,508072.454,3881312.810,1.958,0.466177,gps_course,19,0.743,7.000,26,508078.513,3881317.140,0.154352,-0.029924,-0.029322,1.9444,TRACKING
30.865505,129.088544000000,35.074539166667,508072.454,3881312.810,1.958,0.466177,gps_course,19,0.743,7.000,26,508078.513,3881317.140,0.154352,-0.029924,-0.029563,1.9444,TRACKING
30.915513,129.088544000000,35.074539166667,508072.454,3881312.810,1.958,0.466177,gps_course,19,0.743,7.000,26,508078.513,3881317.140,0.154352,-0.029924,-0.029708,1.9444,TRACKING
30.965477,129.088544000000,35.074539166667,508072.454,3881312.810,1.958,0.466177,gps_course,19,0.743,7.000,26,508078.513,3881317.140,0.154352,-0.029924,-0.029794,1.9444,TRACKING
31.015493,129.088544000000,35.074539166667,508072.454,3881312.810,1.958,0.466177,gps_course,19,0.743,7.000,26,508078.513,3881317.140,0.154352,-0.029924,-0.029846,1.9444,TRACKING
31.065539,129.088548833333,35.074541166667,508072.894,3881313.032,1.964,0.475079,gps_course,19,0.911,7.000,27,508079.515,3881317.733,0.142310,-0.025322,-0.028037,1.9444,TRACKING
31.116196,129.088548833333,35.074541166667,508072.894,3881313.032,1.964,0.475079,gps_course,19,0.911,7.000,27,508079.515,3881317.733,0.142310,-0.025322,-0.026951,1.9444,TRACKING
31.165475,129.088548833333,35.074541166667,508072.894,3881313.032,1.964,0.475079,gps_course,19,0.911,7.000,27,508079.515,3881317.733,0.142310,-0.025322,-0.026299,1.9444,TRACKING
31.215512,129.088548833333,35.074541166667,508072.894,3881313.032,1.964,0.475079,gps_course,19,0.911,7.000,27,508079.515,3881317.733,0.142310,-0.025322,-0.025909,1.9444,TRACKING
31.265622,129.088548833333,35.074541166667,508072.894,3881313.032,1.964,0.475079,gps_course,19,0.911,7.000,27,508079.515,3881317.733,0.142310,-0.025322,-0.025674,1.9444,TRACKING
31.315556,129.088548833333,35.074541166667,508072.894,3881313.032,1.964,0.475079,gps_course,19,0.911,7.000,27,508079.515,3881317.733,0.142310,-0.025322,-0.025533,1.9444,TRACKING
31.365797,129.088553500000,35.074543333333,508073.319,3881313.273,1.964,0.479791,gps_course,20,0.805,7.000,27,508079.515,3881317.733,0.144140,-0.027277,-0.026231,1.9444,TRACKING
31.415450,129.088553500000,35.074543333333,508073.319,3881313.273,1.964,0.479791,gps_course,20,0.805,7.000,27,508079.515,3881317.733,0.144140,-0.027277,-0.026649,1.9444,TRACKING
31.465524,129.088553500000,35.074543333333,508073.319,3881313.273,1.964,0.479791,gps_course,20,0.805,7.000,27,508079.515,3881317.733,0.144140,-0.027277,-0.026901,1.9444,TRACKING
31.515509,129.088553500000,35.074543333333,508073.319,3881313.273,1.964,0.479791,gps_course,20,0.805,7.000,27,508079.515,3881317.733,0.144140,-0.027277,-0.027051,1.9444,TRACKING
31.565478,129.088558333333,35.074545333333,508073.760,3881313.495,1.954,0.487470,gps_course,20,0.919,7.000,27,508079.515,3881317.733,0.147235,-0.029755,-0.028133,1.9444,TRACKING
31.615473,129.088558333333,35.074545333333,508073.760,3881313.495,1.954,0.487470,gps_course,20,0.919,7.000,27,508079.515,3881317.733,0.147235,-0.029755,-0.028782,1.9444,TRACKING
31.665497,129.088558333333,35.074545333333,508073.760,3881313.495,1.954,0.487470,gps_course,20,0.919,7.000,27,508079.515,3881317.733,0.147235,-0.029755,-0.029171,1.9444,TRACKING
31.715472,129.088558333333,35.074545333333,508073.760,3881313.495,1.954,0.487470,gps_course,20,0.919,7.000,27,508079.515,3881317.733,0.147235,-0.029755,-0.029405,1.9444,TRACKING
31.765478,129.088558333333,35.074545333333,508073.760,3881313.495,1.954,0.487470,gps_course,20,0.919,7.000,27,508079.515,3881317.733,0.147235,-0.029755,-0.029545,1.9444,TRACKING
31.815479,129.088563000000,35.074547500000,508074.185,3881313.736,1.956,0.481711,gps_course,21,0.863,7.000,28,508080.426,3881318.269,0.146555,-0.027442,-0.028704,1.9444,TRACKING
31.865617,129.088563000000,35.074547500000,508074.185,3881313.736,1.956,0.481711,gps_course,21,0.863,7.000,28,508080.426,3881318.269,0.146555,-0.027442,-0.028199,1.9444,TRACKING
31.915512,129.088563000000,35.074547500000,508074.185,3881313.736,1.956,0.481711,gps_course,21,0.863,7.000,28,508080.426,3881318.269,0.146555,-0.027442,-0.027897,1.9444,TRACKING
31.965526,129.088563000000,35.074547500000,508074.185,3881313.736,1.956,0.481711,gps_course,21,0.863,7.000,28,508080.426,3881318.269,0.146555,-0.027442,-0.027715,1.9444,TRACKING
32.015553,129.088563000000,35.074547500000,508074.185,3881313.736,1.956,0.481711,gps_course,21,0.863,7.000,28,508080.426,3881318.269,0.146555,-0.027442,-0.027606,1.9444,TRACKING
32.065449,129.088567666667,35.074549500000,508074.610,3881313.958,1.950,0.489041,gps_course,21,0.927,7.000,28,508080.426,3881318.269,0.148921,-0.029707,-0.028447,1.9444,TRACKING
32.115919,129.088567666667,35.074549500000,508074.610,3881313.958,1.950,0.489041,gps_course,21,0.927,7.000,28,508080.426,3881318.269,0.148921,-0.029707,-0.028951,1.9444,TRACKING
32.165519,129.088567666667,35.074549500000,508074.610,3881313.958,1.950,0.489041,gps_course,21,0.927,7.000,28,508080.426,3881318.269,0.148921,-0.029707,-0.029254,1.9444,TRACKING
32.215601,129.088567666667,35.074549500000,508074.610,3881313.958,1.950,0.489041,gps_course,21,0.927,7.000,28,508080.426,3881318.269,0.148921,-0.029707,-0.029435,1.9444,TRACKING
32.265550,129.088567666667,35.074549500000,508074.610,3881313.958,1.950,0.489041,gps_course,21,0.927,7.000,28,508080.426,3881318.269,0.148921,-0.029707,-0.029544,1.9444,TRACKING
32.315500,129.088572333333,35.074551666667,508075.036,3881314.198,1.950,0.490438,gps_course,22,0.870,7.000,29,508081.352,3881318.825,0.141686,-0.026145,-0.028184,1.9444,TRACKING
32.365493,129.088572333333,35.074551666667,508075.036,3881314.198,1.950,0.490438,gps_course,22,0.870,7.000,29,508081.352,3881318.825,0.141686,-0.026145,-0.027369,1.9444,TRACKING
32.415520,129.088572333333,35.074551666667,508075.036,3881314.198,1.950,0.490438,gps_course,22,0.870,7.000,29,508081.352,3881318.825,0.141686,-0.026145,-0.026879,1.9444,TRACKING
32.465939,129.088572333333,35.074551666667,508075.036,3881314.198,1.950,0.490438,gps_course,22,0.870,7.000,29,508081.352,3881318.825,0.141686,-0.026145,-0.026585,1.9444,TRACKING
32.515586,129.088572333333,35.074551666667,508075.036,3881314.198,1.950,0.490438,gps_course,22,0.870,7.000,29,508081.352,3881318.825,0.141686,-0.026145,-0.026409,1.9444,TRACKING
32.565513,129.088577000000,35.074553666667,508075.461,3881314.421,1.945,0.499862,gps_course,22,0.874,7.000,29,508081.352,3881318.825,0.142053,-0.027900,-0.027006,1.9444,TRACKING
32.615532,129.088577000000,35.074553666667,508075.461,3881314.421,1.945,0.499862,gps_course,22,0.874,7.000,29,508081.352,3881318.825,0.142053,-0.027900,-0.027364,1.9444,TRACKING
32.665571,129.088577000000,35.074553666667,508075.461,3881314.421,1.945,0.499862,gps_course,22,0.874,7.000,29,508081.352,3881318.825,0.142053,-0.027900,-0.027578,1.9444,TRACKING
32.715484,129.088577000000,35.074553666667,508075.461,3881314.421,1.945,0.499862,gps_course,22,0.874,7.000,29,508081.352,3881318.825,0.142053,-0.027900,-0.027707,1.9444,TRACKING
32.765499,129.088577000000,35.074553666667,508075.461,3881314.421,1.945,0.499862,gps_course,22,0.874,7.000,29,508081.352,3881318.825,0.142053,-0.027900,-0.027784,1.9444,TRACKING
32.815473,129.088581666667,35.074555833333,508075.886,3881314.661,1.947,0.497768,gps_course,23,0.918,7.000,30,508082.309,3881319.269,0.124532,-0.022779,-0.025782,1.9444,TRACKING
32.865445,129.088581666667,35.074555833333,508075.886,3881314.661,1.947,0.497768,gps_course,23,0.918,7.000,30,508082.309,3881319.269,0.124532,-0.022779,-0.024581,1.9444,TRACKING
32.915449,129.088581666667,35.074555833333,508075.886,3881314.661,1.947,0.497768,gps_course,23,0.918,7.000,30,508082.309,3881319.269,0.124532,-0.022779,-0.023860,1.9444,TRACKING
32.965545,129.088581666667,35.074555833333,508075.886,3881314.661,1.947,0.497768,gps_course,23,0.918,7.000,30,508082.309,3881319.269,0.124532,-0.022779,-0.023428,1.9444,TRACKING
33.015465,129.088581666667,35.074555833333,508075.886,3881314.661,1.947,0.497768,gps_course,23,0.918,7.000,30,508082.309,3881319.269,0.124532,-0.022779,-0.023168,1.9444,TRACKING
33.065486,129.088586333333,35.074558000000,508076.311,3881314.902,1.956,0.503004,gps_course,23,0.881,7.000,30,508082.309,3881319.269,0.126349,-0.024622,-0.023750,1.9444,TRACKING
33.115455,129.088586333333,35.074558000000,508076.311,3881314.902,1.956,0.503004,gps_course,23,0.881,7.000,30,508082.309,3881319.269,0.126349,-0.024622,-0.024098,1.9444,TRACKING
33.165519,129.088586333333,35.074558000000,508076.311,3881314.902,1.956,0.503004,gps_course,23,0.881,7.000,30,508082.309,3881319.269,0.126349,-0.024622,-0.024308,1.9444,TRACKING
33.215558,129.088586333333,35.074558000000,508076.311,3881314.902,1.956,0.503004,gps_course,23,0.881,7.000,30,508082.309,3881319.269,0.126349,-0.024622,-0.024433,1.9444,TRACKING
33.265641,129.088586333333,35.074558000000,508076.311,3881314.902,1.956,0.503004,gps_course,23,0.881,7.000,30,508082.309,3881319.269,0.126349,-0.024622,-0.024509,1.9444,TRACKING
33.315549,129.088591000000,35.074560166667,508076.737,3881315.143,1.956,0.503004,gps_course,24,0.944,7.000,31,508083.236,3881319.658,0.104208,-0.019056,-0.022328,1.9444,TRACKING
33.365486,129.088591000000,35.074560166667,508076.737,3881315.143,1.956,0.503004,gps_course,24,0.944,7.000,31,508083.236,3881319.658,0.104208,-0.019056,-0.021019,1.9444,TRACKING
33.415508,129.088591000000,35.074560166667,508076.737,3881315.143,1.956,0.503004,gps_course,24,0.944,7.000,31,508083.236,3881319.658,0.104208,-0.019056,-0.020234,1.9444,TRACKING
33.465586,129.088591000000,35.074560166667,508076.737,3881315.143,1.956,0.503004,gps_course,24,0.944,7.000,31,508083.236,3881319.658,0.104208,-0.019056,-0.019763,1.9444,TRACKING
33.515474,129.088591000000,35.074560166667,508076.737,3881315.143,1.956,0.503004,gps_course,24,0.944,7.000,31,508083.236,3881319.658,0.104208,-0.019056,-0.019480,1.9444,TRACKING
33.565488,129.088595666667,35.074562333333,508077.162,3881315.383,1.942,0.511032,gps_course,24,0.846,7.000,31,508083.236,3881319.658,0.102238,-0.019921,-0.019657,1.9444,TRACKING
33.615532,129.088595666667,35.074562333333,508077.162,3881315.383,1.942,0.511032,gps_course,24,0.846,7.000,31,508083.236,3881319.658,0.102238,-0.019921,-0.019762,1.9444,TRACKING
33.665486,129.088595666667,35.074562333333,508077.162,3881315.383,1.942,0.511032,gps_course,24,0.846,7.000,31,508083.236,3881319.658,0.102238,-0.019921,-0.019826,1.9444,TRACKING
33.715517,129.088595666667,35.074562333333,508077.162,3881315.383,1.942,0.511032,gps_course,24,0.846,7.000,31,508083.236,3881319.658,0.102238,-0.019921,-0.019864,1.9444,TRACKING
33.765476,129.088595666667,35.074562333333,508077.162,3881315.383,1.942,0.511032,gps_course,24,0.846,7.000,31,508083.236,3881319.658,0.102238,-0.019921,-0.019887,1.9444,TRACKING
33.815450,129.088600333333,35.074564666667,508077.587,3881315.642,1.958,0.519585,gps_course,25,0.961,7.000,32,508084.223,3881319.899,0.050767,0.000000,-0.011932,1.9444,TRACKING
33.865619,129.088600333333,35.074564666667,508077.587,3881315.642,1.958,0.519585,gps_course,25,0.961,7.000,32,508084.223,3881319.899,0.050767,0.000000,-0.007159,1.9444,TRACKING
33.915511,129.088600333333,35.074564666667,508077.587,3881315.642,1.958,0.519585,gps_course,25,0.961,7.000,32,508084.223,3881319.899,0.050767,0.000000,-0.004296,1.9444,TRACKING
33.965515,129.088600333333,35.074564666667,508077.587,3881315.642,1.958,0.519585,gps_course,25,0.961,7.000,32,508084.223,3881319.899,0.050767,0.000000,-0.002577,1.9444,TRACKING
34.015460,129.088600333333,35.074564666667,508077.587,3881315.642,1.958,0.519585,gps_course,25,0.961,7.000,32,508084.223,3881319.899,0.050767,0.000000,-0.001546,1.9444,TRACKING
34.065659,129.088605166667,35.074566833333,508078.027,3881315.883,1.968,0.526217,gps_course,25,0.853,7.000,32,508084.223,3881319.899,0.048906,0.000000,-0.000928,1.9444,TRACKING
34.115496,129.088605166667,35.074566833333,508078.027,3881315.883,1.968,0.526217,gps_course,25,0.853,7.000,32,508084.223,3881319.899,0.048906,0.000000,-0.000557,1.9444,TRACKING
34.165522,129.088605166667,35.074566833333,508078.027,3881315.883,1.968,0.526217,gps_course,25,0.853,7.000,32,508084.223,3881319.899,0.048906,0.000000,-0.000334,1.9444,TRACKING
34.215541,129.088605166667,35.074566833333,508078.027,3881315.883,1.968,0.526217,gps_course,25,0.853,7.000,32,508084.223,3881319.899,0.048906,0.000000,-0.000200,1.9444,TRACKING
34.265519,129.088605166667,35.074566833333,508078.027,3881315.883,1.968,0.526217,gps_course,25,0.853,7.000,32,508084.223,3881319.899,0.048906,0.000000,-0.000120,1.9444,TRACKING
34.315515,129.088610000000,35.074569000000,508078.468,3881316.124,1.984,0.510683,gps_course,25,1.017,7.000,33,508085.226,3881319.900,-0.001107,0.000000,-0.000072,1.9444,TRACKING
34.365498,129.088610000000,35.074569000000,508078.468,3881316.124,1.984,0.510683,gps_course,25,1.017,7.000,33,508085.226,3881319.900,-0.001107,0.000000,-0.000043,1.9444,TRACKING
34.415506,129.088610000000,35.074569000000,508078.468,3881316.124,1.984,0.510683,gps_course,25,1.017,7.000,33,508085.226,3881319.900,-0.001107,0.000000,-0.000026,1.9444,TRACKING
34.465685,129.088610000000,35.074569000000,508078.468,3881316.124,1.984,0.510683,gps_course,25,1.017,7.000,33,508085.226,3881319.900,-0.001107,0.000000,-0.000016,1.9444,TRACKING
34.515485,129.088610000000,35.074569000000,508078.468,3881316.124,1.984,0.510683,gps_course,25,1.017,7.000,33,508085.226,3881319.900,-0.001107,0.000000,-0.000009,1.9444,TRACKING
34.565522,129.088614666667,35.074571166667,508078.893,3881316.364,1.989,0.507367,gps_course,26,0.864,7.000,33,508085.226,3881319.900,0.001845,0.000000,-0.000006,1.9444,TRACKING
34.615481,129.088614666667,35.074571166667,508078.893,3881316.364,1.989,0.507367,gps_course,26,0.864,7.000,33,508085.226,3881319.900,0.001845,0.000000,-0.000003,1.9444,TRACKING
34.665520,129.088614666667,35.074571166667,508078.893,3881316.364,1.989,0.507367,gps_course,26,0.864,7.000,33,508085.226,3881319.900,0.001845,0.000000,-0.000002,1.9444,TRACKING
34.715478,129.088614666667,35.074571166667,508078.893,3881316.364,1.989,0.507367,gps_course,26,0.864,7.000,33,508085.226,3881319.900,0.001845,0.000000,-0.000001,1.9444,TRACKING
34.765628,129.088614666667,35.074571166667,508078.893,3881316.364,1.989,0.507367,gps_course,26,0.864,7.000,33,508085.226,3881319.900,0.001845,0.000000,-0.000001,1.9444,TRACKING
34.815480,129.088619500000,35.074573333333,508079.334,3881316.605,1.986,0.508589,gps_course,26,0.980,7.000,34,508086.229,3881319.661,-0.091447,0.017554,0.007021,1.9444,TRACKING
34.865526,129.088619500000,35.074573333333,508079.334,3881316.605,1.986,0.508589,gps_course,26,0.980,7.000,34,508086.229,3881319.661,-0.091447,0.017554,0.011234,1.9444,TRACKING
34.915496,129.088619500000,35.074573333333,508079.334,3881316.605,1.986,0.508589,gps_course,26,0.980,7.000,34,508086.229,3881319.661,-0.091447,0.017554,0.013762,1.9444,TRACKING
34.965463,129.088619500000,35.074573333333,508079.334,3881316.605,1.986,0.508589,gps_course,26,0.980,7.000,34,508086.229,3881319.661,-0.091447,0.017554,0.015279,1.9444,TRACKING
35.015495,129.088619500000,35.074573333333,508079.334,3881316.605,1.986,0.508589,gps_course,26,0.980,7.000,34,508086.229,3881319.661,-0.091447,0.017554,0.016189,1.9444,TRACKING
35.065514,129.088624333333,35.074575500000,508079.774,3881316.846,1.986,0.508589,gps_course,27,0.924,7.000,34,508086.229,3881319.661,-0.097352,0.020010,0.017717,1.9444,TRACKING
35.115502,129.088624333333,35.074575500000,508079.774,3881316.846,1.986,0.508589,gps_course,27,0.924,7.000,34,508086.229,3881319.661,-0.097352,0.020010,0.018634,1.9444,TRACKING
35.165487,129.088624333333,35.074575500000,508079.774,3881316.846,1.986,0.508589,gps_course,27,0.924,7.000,34,508086.229,3881319.661,-0.097352,0.020010,0.019185,1.9444,TRACKING
35.215467,129.088624333333,35.074575500000,508079.774,3881316.846,1.986,0.508589,gps_course,27,0.924,7.000,34,508086.229,3881319.661,-0.097352,0.020010,0.019515,1.9444,TRACKING
35.265445,129.088624333333,35.074575500000,508079.774,3881316.846,1.986,0.508589,gps_course,27,0.924,7.000,34,508086.229,3881319.661,-0.097352,0.020010,0.019713,1.9444,TRACKING
35.315445,129.088629000000,35.074577666667,508080.199,3881317.086,1.999,0.508065,gps_course,27,0.941,7.000,35,508087.141,3881319.218,-0.210137,0.041625,0.028478,1.9444,TRACKING
35.365494,129.088629000000,35.074577666667,508080.199,3881317.086,1.999,0.508065,gps_course,27,0.941,7.000,35,508087.141,3881319.218,-0.210137,0.041625,0.033737,1.9444,TRACKING
35.415488,129.088629000000,35.074577666667,508080.199,3881317.086,1.999,0.508065,gps_course,27,0.941,7.000,35,508087.141,3881319.218,-0.210137,0.041625,0.036892,1.9444,TRACKING
35.465529,129.088629000000,35.074577666667,508080.199,3881317.086,1.999,0.508065,gps_course,27,0.941,7.000,35,508087.141,3881319.218,-0.210137,0.041625,0.038786,1.9444,TRACKING
35.515500,129.088629000000,35.074577666667,508080.199,3881317.086,1.999,0.508065,gps_course,27,0.941,7.000,35,508087.141,3881319.218,-0.210137,0.041625,0.039921,1.9444,TRACKING
35.565511,129.088633833333,35.074579833333,508080.640,3881317.327,1.994,0.507542,gps_course,28,0.966,7.000,36,508087.887,3881318.479,-0.349851,0.067626,0.051003,1.9444,TRACKING
35.615543,129.088633833333,35.074579833333,508080.640,3881317.327,1.994,0.507542,gps_course,28,0.966,7.000,36,508087.887,3881318.479,-0.349851,0.067626,0.057653,1.9444,TRACKING
35.665605,129.088633833333,35.074579833333,508080.640,3881317.327,1.994,0.507542,gps_course,28,0.966,7.000,36,508087.887,3881318.479,-0.349851,0.067626,0.061642,1.9444,TRACKING
35.715552,129.088633833333,35.074579833333,508080.640,3881317.327,1.994,0.507542,gps_course,28,0.966,7.000,36,508087.887,3881318.479,-0.349851,0.067626,0.064036,1.9444,TRACKING
35.765500,129.088633833333,35.074579833333,508080.640,3881317.327,1.994,0.507542,gps_course,28,0.966,7.000,36,508087.887,3881318.479,-0.349851,0.067626,0.065472,1.9444,TRACKING
35.815492,129.088638666667,35.074582000000,508081.080,3881317.568,2.002,0.503178,gps_course,28,0.959,7.000,37,508088.419,3881317.574,-0.502283,0.094832,0.077216,1.9444,TRACKING
35.865522,129.088638666667,35.074582000000,508081.080,3881317.568,2.002,0.503178,gps_course,28,0.959,7.000,37,508088.419,3881317.574,-0.502283,0.094832,0.084262,1.9444,TRACKING
35.915517,129.088638666667,35.074582000000,508081.080,3881317.568,2.002,0.503178,gps_course,28,0.959,7.000,37,508088.419,3881317.574,-0.502283,0.094832,0.088490,1.9444,TRACKING
35.965483,129.088638666667,35.074582000000,508081.080,3881317.568,2.002,0.503178,gps_course,28,0.959,7.000,37,508088.419,3881317.574,-0.502283,0.094832,0.091027,1.9444,TRACKING
36.015453,129.088638666667,35.074582000000,508081.080,3881317.568,2.002,0.503178,gps_course,28,0.959,7.000,37,508088.419,3881317.574,-0.502283,0.094832,0.092549,1.9444,TRACKING
36.065471,129.088643666667,35.074584166667,508081.536,3881317.808,2.002,0.503178,gps_course,29,1.033,7.000,38,508088.906,3881316.595,-0.666331,0.119414,0.103295,1.9444,TRACKING
36.115502,129.088643666667,35.074584166667,508081.536,3881317.808,2.002,0.503178,gps_course,29,1.033,7.000,38,508088.906,3881316.595,-0.666331,0.119414,0.109742,1.9444,TRACKING
36.165486,129.088643666667,35.074584166667,508081.536,3881317.808,2.002,0.503178,gps_course,29,1.033,7.000,38,508088.906,3881316.595,-0.666331,0.119414,0.113611,1.9444,TRACKING
36.215465,129.088643666667,35.074584166667,508081.536,3881317.808,2.002,0.503178,gps_course,29,1.033,7.000,38,508088.906,3881316.595,-0.666331,0.119414,0.115932,1.9444,TRACKING
36.265792,129.088643666667,35.074584166667,508081.536,3881317.808,2.002,0.503178,gps_course,29,1.033,7.000,38,508088.906,3881316.595,-0.666331,0.119414,0.117325,1.9444,TRACKING
36.315437,129.088648500000,35.074586166667,508081.976,3881318.031,2.009,0.487820,gps_course,29,1.010,7.000,38,508088.906,3881316.595,-0.692071,0.130005,0.122397,1.9444,TRACKING
36.365474,129.088648500000,35.074586166667,508081.976,3881318.031,2.009,0.487820,gps_course,29,1.010,7.000,38,508088.906,3881316.595,-0.692071,0.130005,0.125440,1.9444,TRACKING
36.415521,129.088648500000,35.074586166667,508081.976,3881318.031,2.009,0.487820,gps_course,29,1.010,7.000,38,508088.906,3881316.595,-0.692071,0.130005,0.127266,1.9444,TRACKING
36.465490,129.088648500000,35.074586166667,508081.976,3881318.031,2.009,0.487820,gps_course,29,1.010,7.000,38,508088.906,3881316.595,-0.692071,0.130005,0.128362,1.9444,TRACKING
36.515523,129.088648500000,35.074586166667,508081.976,3881318.031,2.009,0.487820,gps_course,29,1.010,7.000,38,508088.906,3881316.595,-0.692071,0.130005,0.129019,1.9444,TRACKING
36.565494,129.088653500000,35.074588000000,508082.432,3881318.234,2.011,0.476475,gps_course,30,1.042,7.000,39,508089.439,3881315.635,-0.831755,0.142424,0.134381,1.9444,TRACKING
36.615550,129.088653500000,35.074588000000,508082.432,3881318.234,2.011,0.476475,gps_course,30,1.042,7.000,39,508089.439,3881315.635,-0.831755,0.142424,0.137598,1.9444,TRACKING
36.665638,129.088653500000,35.074588000000,508082.432,3881318.234,2.011,0.476475,gps_course,30,1.042,7.000,39,508089.439,3881315.635,-0.831755,0.142424,0.139528,1.9444,TRACKING
36.715490,129.088653500000,35.074588000000,508082.432,3881318.234,2.011,0.476475,gps_course,30,1.042,7.000,39,508089.439,3881315.635,-0.831755,0.142424,0.140687,1.9444,TRACKING
36.765512,129.088653500000,35.074588000000,508082.432,3881318.234,2.011,0.476475,gps_course,30,1.042,7.000,39,508089.439,3881315.635,-0.831755,0.142424,0.141382,1.9444,TRACKING
36.815477,129.088658333333,35.074589666667,508082.872,3881318.420,1.990,0.459022,gps_course,30,1.019,7.000,39,508089.439,3881315.635,-0.860145,0.152875,0.145979,1.9444,TRACKING
36.865532,129.088658333333,35.074589666667,508082.872,3881318.420,1.990,0.459022,gps_course,30,1.019,7.000,39,508089.439,3881315.635,-0.860145,0.152875,0.148738,1.9444,TRACKING
36.915484,129.088658333333,35.074589666667,508082.872,3881318.420,1.990,0.459022,gps_course,30,1.019,7.000,39,508089.439,3881315.635,-0.860145,0.152875,0.150393,1.9444,TRACKING
36.965914,129.088658333333,35.074589666667,508082.872,3881318.420,1.990,0.459022,gps_course,30,1.019,7.000,39,508089.439,3881315.635,-0.860145,0.152875,0.151386,1.9444,TRACKING
37.015481,129.088658333333,35.074589666667,508082.872,3881318.420,1.990,0.459022,gps_course,30,1.019,7.000,39,508089.439,3881315.635,-0.860145,0.152875,0.151982,1.9444,TRACKING
37.065501,129.088663500000,35.074590833333,508083.343,3881318.549,1.990,0.459022,gps_course,31,1.114,7.000,40,508089.896,3881314.674,-0.993154,0.158231,0.154482,1.9444,TRACKING
37.115558,129.088663500000,35.074590833333,508083.343,3881318.549,1.990,0.459022,gps_course,31,1.114,7.000,40,508089.896,3881314.674,-0.993154,0.158231,0.155981,1.9444,TRACKING
37.165511,129.088663500000,35.074590833333,508083.343,3881318.549,1.990,0.459022,gps_course,31,1.114,7.000,40,508089.896,3881314.674,-0.993154,0.158231,0.156881,1.9444,TRACKING
37.215482,129.088663500000,35.074590833333,508083.343,3881318.549,1.990,0.459022,gps_course,31,1.114,7.000,40,508089.896,3881314.674,-0.993154,0.158231,0.157421,1.9444,TRACKING
37.265503,129.088663500000,35.074590833333,508083.343,3881318.549,1.990,0.459022,gps_course,31,1.114,7.000,40,508089.896,3881314.674,-0.993154,0.158231,0.157745,1.9444,TRACKING
37.315505,129.088668833333,35.074591500000,508083.829,3881318.624,1.936,0.348891,gps_course,31,1.193,7.000,40,508089.896,3881314.674,-0.926070,0.158750,0.158147,1.9444,TRACKING
37.365435,129.088668833333,35.074591500000,508083.829,3881318.624,1.936,0.348891,gps_course,31,1.193,7.000,40,508089.896,3881314.674,-0.926070,0.158750,0.158389,1.9444,TRACKING
37.415487,129.088668833333,35.074591500000,508083.829,3881318.624,1.936,0.348891,gps_course,31,1.193,7.000,40,508089.896,3881314.674,-0.926070,0.158750,0.158533,1.9444,TRACKING
37.465494,129.088668833333,35.074591500000,508083.829,3881318.624,1.936,0.348891,gps_course,31,1.193,7.000,40,508089.896,3881314.674,-0.926070,0.158750,0.158620,1.9444,TRACKING
37.515472,129.088668833333,35.074591500000,508083.829,3881318.624,1.936,0.348891,gps_course,31,1.193,7.000,40,508089.896,3881314.674,-0.926070,0.158750,0.158672,1.9444,TRACKING
37.565501,129.088674166667,35.074591833333,508084.316,3881318.661,1.929,0.264766,gps_course,32,1.242,7.000,41,508090.444,3881313.658,-0.949480,0.147944,0.154381,1.9444,TRACKING
37.615505,129.088674166667,35.074591833333,508084.316,3881318.661,1.929,0.264766,gps_course,32,1.242,7.000,41,508090.444,3881313.658,-0.949480,0.147944,0.151806,1.9444,TRACKING
37.665585,129.088674166667,35.074591833333,508084.316,3881318.661,1.929,0.264766,gps_course,32,1.242,7.000,41,508090.444,3881313.658,-0.949480,0.147944,0.150261,1.9444,TRACKING
37.715722,129.088674166667,35.074591833333,508084.316,3881318.661,1.929,0.264766,gps_course,32,1.242,7.000,41,508090.444,3881313.658,-0.949480,0.147944,0.149334,1.9444,TRACKING
37.765466,129.088674166667,35.074591833333,508084.316,3881318.661,1.929,0.264766,gps_course,32,1.242,7.000,41,508090.444,3881313.658,-0.949480,0.147944,0.148778,1.9444,TRACKING
37.815484,129.088679666667,35.074591500000,508084.817,3881318.625,1.933,0.167028,gps_course,33,1.340,7.000,41,508090.444,3881313.658,-0.890240,0.149046,0.148885,1.9444,TRACKING
37.865531,129.088679666667,35.074591500000,508084.817,3881318.625,1.933,0.167028,gps_course,33,1.340,7.000,41,508090.444,3881313.658,-0.890240,0.149046,0.148950,1.9444,TRACKING
37.915491,129.088679666667,35.074591500000,508084.817,3881318.625,1.933,0.167028,gps_course,33,1.340,7.000,41,508090.444,3881313.658,-0.890240,0.149046,0.148988,1.9444,TRACKING
37.965509,129.088679666667,35.074591500000,508084.817,3881318.625,1.933,0.167028,gps_course,33,1.340,7.000,41,508090.444,3881313.658,-0.890240,0.149046,0.149011,1.9444,TRACKING
38.015462,129.088679666667,35.074591500000,508084.817,3881318.625,1.933,0.167028,gps_course,33,1.340,7.000,41,508090.444,3881313.658,-0.890240,0.149046,0.149025,1.9444,TRACKING
38.065463,129.088679666667,35.074591500000,508084.817,3881318.625,1.933,0.167028,gps_course,33,1.340,7.000,41,508090.444,3881313.658,-0.890240,0.149046,0.149034,1.9444,TRACKING
38.115542,129.088684833333,35.074591000000,508085.288,3881318.570,1.928,0.068766,gps_course,33,1.332,7.000,41,508090.444,3881313.658,-0.829976,0.149147,0.149079,1.9444,TRACKING
38.165502,129.088684833333,35.074591000000,508085.288,3881318.570,1.928,0.068766,gps_course,33,1.332,7.000,41,508090.444,3881313.658,-0.829976,0.149147,0.149106,1.9444,TRACKING
38.215486,129.088684833333,35.074591000000,508085.288,3881318.570,1.928,0.068766,gps_course,33,1.332,7.000,41,508090.444,3881313.658,-0.829976,0.149147,0.149122,1.9444,TRACKING
38.265504,129.088684833333,35.074591000000,508085.288,3881318.570,1.928,0.068766,gps_course,33,1.332,7.000,41,508090.444,3881313.658,-0.829976,0.149147,0.149132,1.9444,TRACKING
38.315477,129.088684833333,35.074591000000,508085.288,3881318.570,1.928,0.068766,gps_course,33,1.332,7.000,41,508090.444,3881313.658,-0.829976,0.149147,0.149138,1.9444,TRACKING
38.365475,129.088690166667,35.074590000000,508085.775,3881318.459,1.908,-0.021118,gps_course,34,1.285,7.000,42,508090.946,3881312.642,-0.823009,0.135744,0.143781,1.9444,TRACKING
38.415941,129.088690166667,35.074590000000,508085.775,3881318.459,1.908,-0.021118,gps_course,34,1.285,7.000,42,508090.946,3881312.642,-0.823009,0.135744,0.140566,1.9444,TRACKING
38.465484,129.088690166667,35.074590000000,508085.775,3881318.459,1.908,-0.021118,gps_course,34,1.285,7.000,42,508090.946,3881312.642,-0.823009,0.135744,0.138637,1.9444,TRACKING
38.515511,129.088690166667,35.074590000000,508085.775,3881318.459,1.908,-0.021118,gps_course,34,1.285,7.000,42,508090.946,3881312.642,-0.823009,0.135744,0.137480,1.9444,TRACKING
38.565647,129.088695166667,35.074588000000,508086.231,3881318.238,1.913,-0.121126,gps_course,35,1.338,7.000,42,508090.946,3881312.642,-0.749481,0.134178,0.136159,1.9444,TRACKING
38.615566,129.088695166667,35.074588000000,508086.231,3881318.238,1.913,-0.121126,gps_course,35,1.338,7.000,42,508090.946,3881312.642,-0.749481,0.134178,0.135367,1.9444,TRACKING
38.665527,129.088695166667,35.074588000000,508086.231,3881318.238,1.913,-0.121126,gps_course,35,1.338,7.000,42,508090.946,3881312.642,-0.749481,0.134178,0.134891,1.9444,TRACKING
38.715513,129.088695166667,35.074588000000,508086.231,3881318.238,1.913,-0.121126,gps_course,35,1.338,7.000,42,508090.946,3881312.642,-0.749481,0.134178,0.134606,1.9444,TRACKING
38.765548,129.088695166667,35.074588000000,508086.231,3881318.238,1.913,-0.121126,gps_course,35,1.338,7.000,42,508090.946,3881312.642,-0.749481,0.134178,0.134435,1.9444,TRACKING
38.815516,129.088700000000,35.074586000000,508086.671,3881318.016,1.914,-0.244870,gps_course,35,1.290,7.000,43,508091.251,3881311.607,-0.705555,0.118801,0.128181,1.9444,TRACKING
38.865531,129.088700000000,35.074586000000,508086.671,3881318.016,1.914,-0.244870,gps_course,35,1.290,7.000,43,508091.251,3881311.607,-0.705555,0.118801,0.124429,1.9444,TRACKING
38.915526,129.088700000000,35.074586000000,508086.671,3881318.016,1.914,-0.244870,gps_course,35,1.290,7.000,43,508091.251,3881311.607,-0.705555,0.118801,0.122178,1.9444,TRACKING
38.965565,129.088700000000,35.074586000000,508086.671,3881318.016,1.914,-0.244870,gps_course,35,1.290,7.000,43,508091.251,3881311.607,-0.705555,0.118801,0.120827,1.9444,TRACKING
39.015607,129.088700000000,35.074586000000,508086.671,3881318.016,1.914,-0.244870,gps_course,35,1.290,7.000,43,508091.251,3881311.607,-0.705555,0.118801,0.120017,1.9444,TRACKING
39.065500,129.088700000000,35.074586000000,508086.671,3881318.016,1.914,-0.244870,gps_course,35,1.290,7.000,43,508091.251,3881311.607,-0.705555,0.118801,0.119530,1.9444,TRACKING
39.115480,129.088700000000,35.074586000000,508086.671,3881318.016,1.914,-0.244870,gps_course,35,1.290,7.000,43,508091.251,3881311.607,-0.705555,0.118801,0.119239,1.9444,TRACKING
39.166077,129.088700000000,35.074586000000,508086.671,3881318.016,1.914,-0.244870,gps_course,35,1.290,7.000,43,508091.251,3881311.607,-0.705555,0.118801,0.119063,1.9444,TRACKING
39.215499,129.088700000000,35.074586000000,508086.671,3881318.016,1.914,-0.244870,gps_course,35,1.290,7.000,43,508091.251,3881311.607,-0.705555,0.118801,0.118958,1.9444,TRACKING
39.265514,129.088700000000,35.074586000000,508086.671,3881318.016,1.914,-0.244870,gps_course,35,1.290,7.000,43,508091.251,3881311.607,-0.705555,0.118801,0.118895,1.9444,TRACKING
39.316037,129.088700000000,35.074586000000,508086.671,3881318.016,1.908,-0.350462,gps_course,35,1.290,7.000,43,508091.251,3881311.607,-0.599963,0.103558,0.112760,1.9444,TRACKING
39.365456,129.088700000000,35.074586000000,508086.671,3881318.016,1.908,-0.350462,gps_course,35,1.290,7.000,43,508091.251,3881311.607,-0.599963,0.103558,0.109079,1.9444,TRACKING
39.415531,129.088700000000,35.074586000000,508086.671,3881318.016,1.908,-0.350462,gps_course,35,1.290,7.000,43,508091.251,3881311.607,-0.599963,0.103558,0.106871,1.9444,TRACKING
39.465581,129.088700000000,35.074586000000,508086.671,3881318.016,1.908,-0.350462,gps_course,35,1.290,7.000,43,508091.251,3881311.607,-0.599963,0.103558,0.105545,1.9444,TRACKING
39.515565,129.088700000000,35.074586000000,508086.671,3881318.016,1.908,-0.350462,gps_course,35,1.290,7.000,43,508091.251,3881311.607,-0.599963,0.103558,0.104750,1.9444,TRACKING
39.565510,129.088700000000,35.074586000000,508086.671,3881318.016,1.906,-0.354825,gps_course,35,1.290,7.000,43,508091.251,3881311.607,-0.595600,0.102901,0.104011,1.9444,TRACKING
39.615555,129.088700000000,35.074586000000,508086.671,3881318.016,1.906,-0.354825,gps_course,35,1.290,7.000,43,508091.251,3881311.607,-0.595600,0.102901,0.103567,1.9444,TRACKING
39.665633,129.088700000000,35.074586000000,508086.671,3881318.016,1.906,-0.354825,gps_course,35,1.290,7.000,43,508091.251,3881311.607,-0.595600,0.102901,0.103300,1.9444,TRACKING
39.715490,129.088700000000,35.074586000000,508086.671,3881318.016,1.906,-0.354825,gps_course,35,1.290,7.000,43,508091.251,3881311.607,-0.595600,0.102901,0.103141,1.9444,TRACKING
39.765537,129.088700000000,35.074586000000,508086.671,3881318.016,1.906,-0.354825,gps_course,35,1.290,7.000,43,508091.251,3881311.607,-0.595600,0.102901,0.103045,1.9444,TRACKING
681.065487,129.088783000000,35.074545500000,508094.242,3881313.532,1.812,-2.969852,gps_course,42,3.415,7.000,47,508089.446,3881307.982,0.686270,-0.124615,-0.029973,1.9444,TRACKING
681.115520,129.088783000000,35.074545500000,508094.242,3881313.532,1.812,-2.969852,gps_course,42,3.415,7.000,47,508089.446,3881307.982,0.686270,-0.124615,-0.059993,1.9444,TRACKING
681.165495,129.088783000000,35.074545500000,508094.242,3881313.532,1.812,-2.969852,gps_course,42,3.415,7.000,47,508089.446,3881307.982,0.686270,-0.124615,-0.085842,1.9444,TRACKING
681.215550,129.088783000000,35.074545500000,508094.242,3881313.532,1.812,-2.969852,gps_course,42,3.415,7.000,47,508089.446,3881307.982,0.686270,-0.124615,-0.101351,1.9444,TRACKING
681.265470,129.088783000000,35.074545500000,508094.242,3881313.532,1.812,-2.969852,gps_course,42,3.415,7.000,47,508089.446,3881307.982,0.686270,-0.124615,-0.110657,1.9444,TRACKING
681.315491,129.088783000000,35.074545500000,508094.242,3881313.532,1.812,-2.969852,gps_course,42,3.415,7.000,47,508089.446,3881307.982,0.686270,-0.124615,-0.116240,1.9444,TRACKING
681.365443,129.088778666667,35.074544333333,508093.847,3881313.402,1.788,-2.940182,gps_course,42,3.000,7.000,48,508088.443,3881307.409,0.635635,-0.106272,-0.112253,1.9444,TRACKING
681.415461,129.088778666667,35.074544333333,508093.847,3881313.402,1.788,-2.940182,gps_course,42,3.000,7.000,48,508088.443,3881307.409,0.635635,-0.106272,-0.109861,1.9444,TRACKING
681.465486,129.088778666667,35.074544333333,508093.847,3881313.402,1.788,-2.940182,gps_course,42,3.000,7.000,48,508088.443,3881307.409,0.635635,-0.106272,-0.108425,1.9444,TRACKING
681.515479,129.088778666667,35.074544333333,508093.847,3881313.402,1.788,-2.940182,gps_course,42,3.000,7.000,48,508088.443,3881307.409,0.635635,-0.106272,-0.107564,1.9444,TRACKING
681.565492,129.088774333333,35.074543000000,508093.453,3881313.254,1.753,-2.908940,gps_course,42,2.580,7.000,48,508088.443,3881307.409,0.629605,-0.110463,-0.108724,1.9444,TRACKING
681.615476,129.088774333333,35.074543000000,508093.453,3881313.254,1.753,-2.908940,gps_course,42,2.580,7.000,48,508088.443,3881307.409,0.629605,-0.110463,-0.109420,1.9444,TRACKING
681.665517,129.088774333333,35.074543000000,508093.453,3881313.254,1.753,-2.908940,gps_course,42,2.580,7.000,48,508088.443,3881307.409,0.629605,-0.110463,-0.109837,1.9444,TRACKING
681.715490,129.088774333333,35.074543000000,508093.453,3881313.254,1.753,-2.908940,gps_course,42,2.580,7.000,48,508088.443,3881307.409,0.629605,-0.110463,-0.110087,1.9444,TRACKING
681.765538,129.088774333333,35.074543000000,508093.453,3881313.254,1.753,-2.908940,gps_course,42,2.580,7.000,48,508088.443,3881307.409,0.629605,-0.110463,-0.110238,1.9444,TRACKING
681.815516,129.088770333333,35.074541666667,508093.088,3881313.106,1.713,-2.877873,gps_course,42,2.192,7.000,48,508088.443,3881307.409,0.623080,-0.114612,-0.111987,1.9444,TRACKING
681.865454,129.088770333333,35.074541666667,508093.088,3881313.106,1.713,-2.877873,gps_course,42,2.192,7.000,48,508088.443,3881307.409,0.623080,-0.114612,-0.113037,1.9444,TRACKING
681.915481,129.088770333333,35.074541666667,508093.088,3881313.106,1.713,-2.877873,gps_course,42,2.192,7.000,48,508088.443,3881307.409,0.623080,-0.114612,-0.113667,1.9444,TRACKING
681.965485,129.088770333333,35.074541666667,508093.088,3881313.106,1.713,-2.877873,gps_course,42,2.192,7.000,48,508088.443,3881307.409,0.623080,-0.114612,-0.114045,1.9444,TRACKING
682.015512,129.088770333333,35.074541666667,508093.088,3881313.106,1.713,-2.877873,gps_course,42,2.192,7.000,48,508088.443,3881307.409,0.623080,-0.114612,-0.114271,1.9444,TRACKING
682.065548,129.088766500000,35.074540500000,508092.739,3881312.976,1.658,-2.853439,gps_course,42,1.824,7.000,48,508088.443,3881307.409,0.625503,-0.120158,-0.116626,1.9444,TRACKING
682.115550,129.088766500000,35.074540500000,508092.739,3881312.976,1.658,-2.853439,gps_course,42,1.824,7.000,48,508088.443,3881307.409,0.625503,-0.120158,-0.118039,1.9444,TRACKING
682.165479,129.088766500000,35.074540500000,508092.739,3881312.976,1.658,-2.853439,gps_course,42,1.824,7.000,48,508088.443,3881307.409,0.625503,-0.120158,-0.118887,1.9444,TRACKING
682.215510,129.088766500000,35.074540500000,508092.739,3881312.976,1.658,-2.853439,gps_course,42,1.824,7.000,48,508088.443,3881307.409,0.625503,-0.120158,-0.119395,1.9444,TRACKING
682.265589,129.088766500000,35.074540500000,508092.739,3881312.976,1.658,-2.853439,gps_course,42,1.824,7.000,48,508088.443,3881307.409,0.625503,-0.120158,-0.119700,1.9444,TRACKING
682.315518,129.088766500000,35.074540500000,508092.739,3881312.976,1.658,-2.853439,gps_course,42,1.824,7.000,48,508088.443,3881307.409,0.625503,-0.120158,-0.119883,1.9444,TRACKING
682.365464,129.088762833333,35.074539333333,508092.404,3881312.846,1.598,-2.832146,gps_course,42,1.473,7.000,49,508087.395,3881306.835,0.566662,-0.099152,-0.111591,1.9444,TRACKING
682.415475,129.088762833333,35.074539333333,508092.404,3881312.846,1.598,-2.832146,gps_course,42,1.473,7.000,49,508087.395,3881306.835,0.566662,-0.099152,-0.106615,1.9444,TRACKING
682.465491,129.088762833333,35.074539333333,508092.404,3881312.846,1.598,-2.832146,gps_course,42,1.473,7.000,49,508087.395,3881306.835,0.566662,-0.099152,-0.103630,1.9444,TRACKING
682.515514,129.088762833333,35.074539333333,508092.404,3881312.846,1.598,-2.832146,gps_course,42,1.473,7.000,49,508087.395,3881306.835,0.566662,-0.099152,-0.101839,1.9444,TRACKING
682.565443,129.088759333333,35.074538000000,508092.085,3881312.698,1.598,-2.832146,gps_course,42,1.141,7.000,49,508087.395,3881306.835,0.586669,-0.106506,-0.103705,1.9444,TRACKING
682.615437,129.088759333333,35.074538000000,508092.085,3881312.698,1.598,-2.832146,gps_course,42,1.141,7.000,49,508087.395,3881306.835,0.586669,-0.106506,-0.104825,1.9444,TRACKING
682.665487,129.088759333333,35.074538000000,508092.085,3881312.698,1.598,-2.832146,gps_course,42,1.141,7.000,49,508087.395,3881306.835,0.586669,-0.106506,-0.105497,1.9444,TRACKING
682.715566,129.088759333333,35.074538000000,508092.085,3881312.698,1.598,-2.832146,gps_course,42,1.141,7.000,49,508087.395,3881306.835,0.586669,-0.106506,-0.105901,1.9444,TRACKING
682.765484,129.088759333333,35.074538000000,508092.085,3881312.698,1.598,-2.832146,gps_course,42,1.141,7.000,49,508087.395,3881306.835,0.586669,-0.106506,-0.106143,1.9444,TRACKING
682.815457,129.088756000000,35.074536833333,508091.782,3881312.568,1.482,-2.788862,gps_course,42,0.839,7.000,49,508087.395,3881306.835,0.565029,-0.107137,-0.106541,1.9444,TRACKING
682.865498,129.088756000000,35.074536833333,508091.782,3881312.568,1.482,-2.788862,gps_course,42,0.839,7.000,49,508087.395,3881306.835,0.565029,-0.107137,-0.106779,1.9444,TRACKING
682.916065,129.088756000000,35.074536833333,508091.782,3881312.568,1.482,-2.788862,gps_course,42,0.839,7.000,49,508087.395,3881306.835,0.565029,-0.107137,-0.106923,1.9444,TRACKING
682.965486,129.088756000000,35.074536833333,508091.782,3881312.568,1.482,-2.788862,gps_course,42,0.839,7.000,49,508087.395,3881306.835,0.565029,-0.107137,-0.107008,1.9444,TRACKING
683.015524,129.088756000000,35.074536833333,508091.782,3881312.568,1.482,-2.788862,gps_course,42,0.839,7.000,49,508087.395,3881306.835,0.565029,-0.107137,-0.107060,1.9444,TRACKING
683.065650,129.088752666667,35.074535500000,508091.478,3881312.420,1.426,-2.767569,gps_course,42,0.576,7.000,50,508086.393,3881306.132,0.516850,-0.088368,-0.099583,1.9444,TRACKING
683.115532,129.088752666667,35.074535500000,508091.478,3881312.420,1.426,-2.767569,gps_course,42,0.576,7.000,50,508086.393,3881306.132,0.516850,-0.088368,-0.095097,1.9444,TRACKING
683.165451,129.088752666667,35.074535500000,508091.478,3881312.420,1.426,-2.767569,gps_course,42,0.576,7.000,50,508086.393,3881306.132,0.516850,-0.088368,-0.092405,1.9444,TRACKING
683.215555,129.088752666667,35.074535500000,508091.478,3881312.420,1.426,-2.767569,gps_course,42,0.576,7.000,50,508086.393,3881306.132,0.516850,-0.088368,-0.090790,1.9444,TRACKING
683.265480,129.088752666667,35.074535500000,508091.478,3881312.420,1.426,-2.767569,gps_course,42,0.576,7.000,50,508086.393,3881306.132,0.516850,-0.088368,-0.089821,1.9444,TRACKING
683.315495,129.088752666667,35.074535500000,508091.478,3881312.420,1.426,-2.767569,gps_course,42,0.576,7.000,50,508086.393,3881306.132,0.516850,-0.088368,-0.089240,1.9444,TRACKING
683.365506,129.088749666667,35.074534500000,508091.205,3881312.309,1.379,-2.756224,gps_course,42,0.421,7.000,50,508086.393,3881306.132,0.523734,-0.092349,-0.090484,1.9444,TRACKING
683.415495,129.088749666667,35.074534500000,508091.205,3881312.309,1.379,-2.756224,gps_course,42,0.421,7.000,50,508086.393,3881306.132,0.523734,-0.092349,-0.091230,1.9444,TRACKING
683.465451,129.088749666667,35.074534500000,508091.205,3881312.309,1.379,-2.756224,gps_course,42,0.421,7.000,50,508086.393,3881306.132,0.523734,-0.092349,-0.091678,1.9444,TRACKING
683.515602,129.088749666667,35.074534500000,508091.205,3881312.309,1.379,-2.756224,gps_course,42,0.421,7.000,50,508086.393,3881306.132,0.523734,-0.092349,-0.091946,1.9444,TRACKING
683.565465,129.088746666667,35.074533333333,508090.931,3881312.179,1.319,-2.746799,gps_course,42,0.462,7.000,50,508086.393,3881306.132,0.532303,-0.097022,-0.093977,1.9444,TRACKING
683.615491,129.088746666667,35.074533333333,508090.931,3881312.179,1.319,-2.746799,gps_course,42,0.462,7.000,50,508086.393,3881306.132,0.532303,-0.097022,-0.095195,1.9444,TRACKING
683.665463,129.088746666667,35.074533333333,508090.931,3881312.179,1.319,-2.746799,gps_course,42,0.462,7.000,50,508086.393,3881306.132,0.532303,-0.097022,-0.095926,1.9444,TRACKING
683.715519,129.088746666667,35.074533333333,508090.931,3881312.179,1.319,-2.746799,gps_course,42,0.462,7.000,50,508086.393,3881306.132,0.532303,-0.097022,-0.096364,1.9444,TRACKING
683.765510,129.088746666667,35.074533333333,508090.931,3881312.179,1.319,-2.746799,gps_course,42,0.462,7.000,50,508086.393,3881306.132,0.532303,-0.097022,-0.096627,1.9444,TRACKING
683.815521,129.088743833333,35.074532333333,508090.673,3881312.068,1.263,-2.735978,gps_course,42,0.635,7.000,50,508086.393,3881306.132,0.540592,-0.101613,-0.098622,1.9444,TRACKING
683.865492,129.088743833333,35.074532333333,508090.673,3881312.068,1.263,-2.735978,gps_course,42,0.635,7.000,50,508086.393,3881306.132,0.540592,-0.101613,-0.099818,1.9444,TRACKING
683.915467,129.088743833333,35.074532333333,508090.673,3881312.068,1.263,-2.735978,gps_course,42,0.635,7.000,50,508086.393,3881306.132,0.540592,-0.101613,-0.100536,1.9444,TRACKING
683.965510,129.088743833333,35.074532333333,508090.673,3881312.068,1.263,-2.735978,gps_course,42,0.635,7.000,50,508086.393,3881306.132,0.540592,-0.101613,-0.100967,1.9444,TRACKING
684.015566,129.088743833333,35.074532333333,508090.673,3881312.068,1.263,-2.735978,gps_course,42,0.635,7.000,50,508086.393,3881306.132,0.540592,-0.101613,-0.101225,1.9444,TRACKING
684.065590,129.088741000000,35.074531333333,508090.415,3881311.957,1.220,-2.737549,gps_course,42,0.866,7.000,50,508086.393,3881306.132,0.562574,-0.108820,-0.104263,1.9444,TRACKING
684.115553,129.088741000000,35.074531333333,508090.415,3881311.957,1.220,-2.737549,gps_course,42,0.866,7.000,50,508086.393,3881306.132,0.562574,-0.108820,-0.106086,1.9444,TRACKING
684.165498,129.088741000000,35.074531333333,508090.415,3881311.957,1.220,-2.737549,gps_course,42,0.866,7.000,50,508086.393,3881306.132,0.562574,-0.108820,-0.107179,1.9444,TRACKING
684.215474,129.088741000000,35.074531333333,508090.415,3881311.957,1.220,-2.737549,gps_course,42,0.866,7.000,50,508086.393,3881306.132,0.562574,-0.108820,-0.107836,1.9444,TRACKING
684.265482,129.088741000000,35.074531333333,508090.415,3881311.957,1.220,-2.737549,gps_course,42,0.866,7.000,50,508086.393,3881306.132,0.562574,-0.108820,-0.108229,1.9444,TRACKING
684.315463,129.088741000000,35.074531333333,508090.415,3881311.957,1.220,-2.737549,gps_course,42,0.866,7.000,50,508086.393,3881306.132,0.562574,-0.108820,-0.108465,1.9444,TRACKING
684.365478,129.088738166667,35.074530500000,508090.156,3881311.865,1.172,-2.746101,gps_course,42,1.108,7.000,51,508085.482,3881305.299,0.556620,-0.094767,-0.102986,1.9444,TRACKING
684.415484,129.088738166667,35.074530500000,508090.156,3881311.865,1.172,-2.746101,gps_course,42,1.108,7.000,51,508085.482,3881305.299,0.556620,-0.094767,-0.099698,1.9444,TRACKING
684.465587,129.088738166667,35.074530500000,508090.156,3881311.865,1.172,-2.746101,gps_course,42,1.108,7.000,51,508085.482,3881305.299,0.556620,-0.094767,-0.097726,1.9444,TRACKING
684.515481,129.088738166667,35.074530500000,508090.156,3881311.865,1.172,-2.746101,gps_course,42,1.108,7.000,51,508085.482,3881305.299,0.556620,-0.094767,-0.096542,1.9444,TRACKING
684.565485,129.088735166667,35.074529500000,508089.883,3881311.753,1.155,-2.750813,gps_course,43,1.376,7.000,51,508085.482,3881305.299,0.581594,-0.101616,-0.098572,1.9444,TRACKING
684.615509,129.088735166667,35.074529500000,508089.883,3881311.753,1.155,-2.750813,gps_course,43,1.376,7.000,51,508085.482,3881305.299,0.581594,-0.101616,-0.099790,1.9444,TRACKING
684.665482,129.088735166667,35.074529500000,508089.883,3881311.753,1.155,-2.750813,gps_course,43,1.376,7.000,51,508085.482,3881305.299,0.581594,-0.101616,-0.100520,1.9444,TRACKING
684.715529,129.088735166667,35.074529500000,508089.883,3881311.753,1.155,-2.750813,gps_course,43,1.376,7.000,51,508085.482,3881305.299,0.581594,-0.101616,-0.100959,1.9444,TRACKING
684.765458,129.088735166667,35.074529500000,508089.883,3881311.753,1.155,-2.750813,gps_course,43,1.376,7.000,51,508085.482,3881305.299,0.581594,-0.101616,-0.101222,1.9444,TRACKING
684.815507,129.088732000000,35.074528333333,508089.595,3881311.624,1.166,-2.752733,gps_course,43,1.656,7.000,51,508085.482,3881305.299,0.605441,-0.108955,-0.104315,1.9444,TRACKING
684.865496,129.088732000000,35.074528333333,508089.595,3881311.624,1.166,-2.752733,gps_course,43,1.656,7.000,51,508085.482,3881305.299,0.605441,-0.108955,-0.106171,1.9444,TRACKING
684.915530,129.088732000000,35.074528333333,508089.595,3881311.624,1.166,-2.752733,gps_course,43,1.656,7.000,51,508085.482,3881305.299,0.605441,-0.108955,-0.107284,1.9444,TRACKING
684.965515,129.088732000000,35.074528333333,508089.595,3881311.624,1.166,-2.752733,gps_course,43,1.656,7.000,51,508085.482,3881305.299,0.605441,-0.108955,-0.107952,1.9444,TRACKING
685.015621,129.088732000000,35.074528333333,508089.595,3881311.624,1.166,-2.752733,gps_course,43,1.656,7.000,51,508085.482,3881305.299,0.605441,-0.108955,-0.108353,1.9444,TRACKING
685.065514,129.088728833333,35.074527166667,508089.306,3881311.494,1.196,-2.740691,gps_course,43,1.948,7.000,51,508085.482,3881305.299,0.616927,-0.114722,-0.110901,1.9444,TRACKING
685.116405,129.088728833333,35.074527166667,508089.306,3881311.494,1.196,-2.740691,gps_course,43,1.948,7.000,51,508085.482,3881305.299,0.616927,-0.114722,-0.112429,1.9444,TRACKING
685.165493,129.088728833333,35.074527166667,508089.306,3881311.494,1.196,-2.740691,gps_course,43,1.948,7.000,51,508085.482,3881305.299,0.616927,-0.114722,-0.113346,1.9444,TRACKING
685.215478,129.088728833333,35.074527166667,508089.306,3881311.494,1.196,-2.740691,gps_course,43,1.948,7.000,51,508085.482,3881305.299,0.616927,-0.114722,-0.113896,1.9444,TRACKING
685.265469,129.088728833333,35.074527166667,508089.306,3881311.494,1.196,-2.740691,gps_course,43,1.948,7.000,51,508085.482,3881305.299,0.616927,-0.114722,-0.114227,1.9444,TRACKING
685.315502,129.088728833333,35.074527166667,508089.306,3881311.494,1.196,-2.740691,gps_course,43,1.948,7.000,51,508085.482,3881305.299,0.616927,-0.114722,-0.114425,1.9444,TRACKING
685.365489,129.088725666667,35.074526000000,508089.017,3881311.365,1.196,-2.740691,gps_course,43,2.247,7.000,51,508085.482,3881305.299,0.642212,-0.123085,-0.117889,1.9444,TRACKING
685.415496,129.088725666667,35.074526000000,508089.017,3881311.365,1.196,-2.740691,gps_course,43,2.247,7.000,51,508085.482,3881305.299,0.642212,-0.123085,-0.119967,1.9444,TRACKING
685.465497,129.088725666667,35.074526000000,508089.017,3881311.365,1.196,-2.740691,gps_course,43,2.247,7.000,51,508085.482,3881305.299,0.642212,-0.123085,-0.121214,1.9444,TRACKING
685.515527,129.088725666667,35.074526000000,508089.017,3881311.365,1.196,-2.740691,gps_course,43,2.247,7.000,51,508085.482,3881305.299,0.642212,-0.123085,-0.121963,1.9444,TRACKING
685.565465,129.088722166667,35.074524666667,508088.698,3881311.216,1.254,-2.730044,gps_course,44,2.536,7.000,52,508084.891,3881304.245,0.659343,-0.111360,-0.117721,1.9444,TRACKING
685.615523,129.088722166667,35.074524666667,508088.698,3881311.216,1.254,-2.730044,gps_course,44,2.536,7.000,52,508084.891,3881304.245,0.659343,-0.111360,-0.115177,1.9444,TRACKING
685.665511,129.088722166667,35.074524666667,508088.698,3881311.216,1.254,-2.730044,gps_course,44,2.536,7.000,52,508084.891,3881304.245,0.659343,-0.111360,-0.113650,1.9444,TRACKING
685.715458,129.088722166667,35.074524666667,508088.698,3881311.216,1.254,-2.730044,gps_course,44,2.536,7.000,52,508084.891,3881304.245,0.659343,-0.111360,-0.112734,1.9444,TRACKING
685.765464,129.088722166667,35.074524666667,508088.698,3881311.216,1.254,-2.730044,gps_course,44,2.536,7.000,52,508084.891,3881304.245,0.659343,-0.111360,-0.112184,1.9444,TRACKING
685.815496,129.088718666667,35.074523333333,508088.379,3881311.068,1.254,-2.730044,gps_course,44,2.819,7.000,52,508084.891,3881304.245,0.686607,-0.119373,-0.115060,1.9444,TRACKING
685.865444,129.088718666667,35.074523333333,508088.379,3881311.068,1.254,-2.730044,gps_course,44,2.819,7.000,52,508084.891,3881304.245,0.686607,-0.119373,-0.116785,1.9444,TRACKING
685.915451,129.088718666667,35.074523333333,508088.379,3881311.068,1.254,-2.730044,gps_course,44,2.819,7.000,52,508084.891,3881304.245,0.686607,-0.119373,-0.117820,1.9444,TRACKING
685.965498,129.088718666667,35.074523333333,508088.379,3881311.068,1.254,-2.730044,gps_course,44,2.819,7.000,52,508084.891,3881304.245,0.686607,-0.119373,-0.118441,1.9444,TRACKING
686.015457,129.088718666667,35.074523333333,508088.379,3881311.068,1.254,-2.730044,gps_course,44,2.819,7.000,52,508084.891,3881304.245,0.686607,-0.119373,-0.118814,1.9444,TRACKING
686.065474,129.088718666667,35.074523333333,508088.379,3881311.068,1.254,-2.730044,gps_course,44,2.819,7.000,52,508084.891,3881304.245,0.686607,-0.119373,-0.119037,1.9444,TRACKING
686.115521,129.088715166667,35.074522166667,508088.060,3881310.939,1.254,-2.730044,gps_course,44,3.118,7.000,52,508084.891,3881304.245,0.716989,-0.127948,-0.122602,1.9444,TRACKING
686.165488,129.088715166667,35.074522166667,508088.060,3881310.939,1.254,-2.730044,gps_course,44,3.118,7.000,52,508084.891,3881304.245,0.716989,-0.127948,-0.124740,1.9444,TRACKING
686.215547,129.088715166667,35.074522166667,508088.060,3881310.939,1.254,-2.730044,gps_course,44,3.118,7.000,52,508084.891,3881304.245,0.716989,-0.127948,-0.126024,1.9444,TRACKING
686.265487,129.088715166667,35.074522166667,508088.060,3881310.939,1.254,-2.730044,gps_course,44,3.118,7.000,52,508084.891,3881304.245,0.716989,-0.127948,-0.126793,1.9444,TRACKING
686.315572,129.088715166667,35.074522166667,508088.060,3881310.939,1.254,-2.730044,gps_course,44,3.118,7.000,52,508084.891,3881304.245,0.716989,-0.127948,-0.127255,1.9444,TRACKING
686.365502,129.088711666667,35.074520833333,508087.741,3881310.790,1.349,-2.728997,gps_course,46,3.275,7.000,52,508084.891,3881304.245,0.747443,-0.137193,-0.131230,1.9444,TRACKING
686.415532,129.088711666667,35.074520833333,508087.741,3881310.790,1.349,-2.728997,gps_course,46,3.275,7.000,52,508084.891,3881304.245,0.747443,-0.137193,-0.133615,1.9444,TRACKING
686.465497,129.088711666667,35.074520833333,508087.741,3881310.790,1.349,-2.728997,gps_course,46,3.275,7.000,52,508084.891,3881304.245,0.747443,-0.137193,-0.135046,1.9444,TRACKING
686.515501,129.088711666667,35.074520833333,508087.741,3881310.790,1.349,-2.728997,gps_course,46,3.275,7.000,52,508084.891,3881304.245,0.747443,-0.137193,-0.135905,1.9444,TRACKING
686.565467,129.088708166667,35.074519666667,508087.423,3881310.661,1.373,-2.728822,gps_course,47,3.357,7.000,53,508084.755,3881303.025,0.821940,-0.130562,-0.133768,1.9444,TRACKING
686.615491,129.088708166667,35.074519666667,508087.423,3881310.661,1.373,-2.728822,gps_course,47,3.357,7.000,53,508084.755,3881303.025,0.821940,-0.130562,-0.132486,1.9444,TRACKING
686.665496,129.088708166667,35.074519666667,508087.423,3881310.661,1.373,-2.728822,gps_course,47,3.357,7.000,53,508084.755,3881303.025,0.821940,-0.130562,-0.131716,1.9444,TRACKING
686.715486,129.088708166667,35.074519666667,508087.423,3881310.661,1.373,-2.728822,gps_course,47,3.357,7.000,53,508084.755,3881303.025,0.821940,-0.130562,-0.131255,1.9444,TRACKING
686.765472,129.088708166667,35.074519666667,508087.423,3881310.661,1.373,-2.728822,gps_course,47,3.357,7.000,53,508084.755,3881303.025,0.821940,-0.130562,-0.130978,1.9444,TRACKING
686.815493,129.088704666667,35.074518500000,508087.104,3881310.531,1.388,-2.733360,gps_course,48,3.398,7.000,53,508084.755,3881303.025,0.859334,-0.138739,-0.134082,1.9444,TRACKING
686.865492,129.088704666667,35.074518500000,508087.104,3881310.531,1.388,-2.733360,gps_course,48,3.398,7.000,53,508084.755,3881303.025,0.859334,-0.138739,-0.135945,1.9444,TRACKING
686.915491,129.088704666667,35.074518500000,508087.104,3881310.531,1.388,-2.733360,gps_course,48,3.398,7.000,53,508084.755,3881303.025,0.859334,-0.138739,-0.137063,1.9444,TRACKING
686.965519,129.088704666667,35.074518500000,508087.104,3881310.531,1.388,-2.733360,gps_course,48,3.398,7.000,53,508084.755,3881303.025,0.859334,-0.138739,-0.137733,1.9444,TRACKING
687.015473,129.088704666667,35.074518500000,508087.104,3881310.531,1.388,-2.733360,gps_course,48,3.398,7.000,53,508084.755,3881303.025,0.859334,-0.138739,-0.138136,1.9444,TRACKING
687.065441,129.088701166667,35.074517166667,508086.785,3881310.383,1.392,-2.733709,gps_course,48,3.406,7.000,53,508084.755,3881303.025,0.893775,-0.147002,-0.141682,1.9444,TRACKING
687.115476,129.088701166667,35.074517166667,508086.785,3881310.383,1.392,-2.733709,gps_course,48,3.406,7.000,53,508084.755,3881303.025,0.893775,-0.147002,-0.143810,1.9444,TRACKING
687.165443,129.088701166667,35.074517166667,508086.785,3881310.383,1.392,-2.733709,gps_course,48,3.406,7.000,53,508084.755,3881303.025,0.893775,-0.147002,-0.145087,1.9444,TRACKING
687.215507,129.088701166667,35.074517166667,508086.785,3881310.383,1.392,-2.733709,gps_course,48,3.406,7.000,53,508084.755,3881303.025,0.893775,-0.147002,-0.145853,1.9444,TRACKING
687.265489,129.088701166667,35.074517166667,508086.785,3881310.383,1.392,-2.733709,gps_course,48,3.406,7.000,53,508084.755,3881303.025,0.893775,-0.147002,-0.146313,1.9444,TRACKING
687.315547,129.088701166667,35.074517166667,508086.785,3881310.383,1.392,-2.733709,gps_course,48,3.406,7.000,53,508084.755,3881303.025,0.893775,-0.147002,-0.146588,1.9444,TRACKING
687.365517,129.088697833333,35.074516000000,508086.481,3881310.253,1.379,-2.733360,gps_course,48,3.456,7.000,53,508084.755,3881303.025,0.928200,-0.154945,-0.149931,1.9444,TRACKING
687.415593,129.088697833333,35.074516000000,508086.481,3881310.253,1.379,-2.733360,gps_course,48,3.456,7.000,53,508084.755,3881303.025,0.928200,-0.154945,-0.151937,1.9444,TRACKING
687.465481,129.088697833333,35.074516000000,508086.481,3881310.253,1.379,-2.733360,gps_course,48,3.456,7.000,53,508084.755,3881303.025,0.928200,-0.154945,-0.153140,1.9444,TRACKING
687.515541,129.088697833333,35.074516000000,508086.481,3881310.253,1.379,-2.733360,gps_course,48,3.456,7.000,53,508084.755,3881303.025,0.928200,-0.154945,-0.153862,1.9444,TRACKING
687.565503,129.088694500000,35.074514833333,508086.177,3881310.124,1.364,-2.734931,gps_course,49,3.507,7.000,53,508084.755,3881303.025,0.966433,-0.163337,-0.157652,1.9444,TRACKING
687.615462,129.088694500000,35.074514833333,508086.177,3881310.124,1.364,-2.734931,gps_course,49,3.507,7.000,53,508084.755,3881303.025,0.966433,-0.163337,-0.159926,1.9444,TRACKING
687.665484,129.088694500000,35.074514833333,508086.177,3881310.124,1.364,-2.734931,gps_course,49,3.507,7.000,53,508084.755,3881303.025,0.966433,-0.163337,-0.161291,1.9444,TRACKING
687.715508,129.088694500000,35.074514833333,508086.177,3881310.124,1.364,-2.734931,gps_course,49,3.507,7.000,53,508084.755,3881303.025,0.966433,-0.163337,-0.162109,1.9444,TRACKING
687.765484,129.088694500000,35.074514833333,508086.177,3881310.124,1.364,-2.734931,gps_course,49,3.507,7.000,53,508084.755,3881303.025,0.966433,-0.163337,-0.162601,1.9444,TRACKING
687.815526,129.088691333333,35.074513666667,508085.888,3881309.994,1.348,-2.732837,gps_course,49,3.500,7.000,53,508084.755,3881303.025,1.000817,-0.171205,-0.166042,1.9444,TRACKING
687.865510,129.088691333333,35.074513666667,508085.888,3881309.994,1.348,-2.732837,gps_course,49,3.500,7.000,53,508084.755,3881303.025,1.000817,-0.171205,-0.168108,1.9444,TRACKING
687.915448,129.088691333333,35.074513666667,508085.888,3881309.994,1.348,-2.732837,gps_course,49,3.500,7.000,53,508084.755,3881303.025,1.000817,-0.171205,-0.169347,1.9444,TRACKING
687.965485,129.088691333333,35.074513666667,508085.888,3881309.994,1.348,-2.732837,gps_course,49,3.500,7.000,53,508084.755,3881303.025,1.000817,-0.171205,-0.170090,1.9444,TRACKING
688.015504,129.088691333333,35.074513666667,508085.888,3881309.994,1.348,-2.732837,gps_course,49,3.500,7.000,53,508084.755,3881303.025,1.000817,-0.171205,-0.170536,1.9444,TRACKING
688.065486,129.088691333333,35.074513666667,508085.888,3881309.994,1.348,-2.732837,gps_course,49,3.500,7.000,53,508084.755,3881303.025,1.000817,-0.171205,-0.170804,1.9444,TRACKING
688.115495,129.088688166667,35.074512500000,508085.600,3881309.864,1.348,-2.732837,gps_course,49,3.522,7.000,54,508085.075,3881301.824,1.096885,-0.158773,-0.165991,1.9444,TRACKING
688.165481,129.088688166667,35.074512500000,508085.600,3881309.864,1.348,-2.732837,gps_course,49,3.522,7.000,54,508085.075,3881301.824,1.096885,-0.158773,-0.163104,1.9444,TRACKING
688.215501,129.088688166667,35.074512500000,508085.600,3881309.864,1.348,-2.732837,gps_course,49,3.522,7.000,54,508085.075,3881301.824,1.096885,-0.158773,-0.161371,1.9444,TRACKING
688.265445,129.088688166667,35.074512500000,508085.600,3881309.864,1.348,-2.732837,gps_course,49,3.522,7.000,54,508085.075,3881301.824,1.096885,-0.158773,-0.160332,1.9444,TRACKING
688.315492,129.088688166667,35.074512500000,508085.600,3881309.864,1.348,-2.732837,gps_course,49,3.522,7.000,54,508085.075,3881301.824,1.096885,-0.158773,-0.159708,1.9444,TRACKING
688.365517,129.088685000000,35.074511333333,508085.311,3881309.735,1.307,-2.724110,gps_course,49,3.571,7.000,54,508085.075,3881301.824,1.123485,-0.163706,-0.161307,1.9444,TRACKING
688.415501,129.088685000000,35.074511333333,508085.311,3881309.735,1.307,-2.724110,gps_course,49,3.571,7.000,54,508085.075,3881301.824,1.123485,-0.163706,-0.162267,1.9444,TRACKING
688.465503,129.088685000000,35.074511333333,508085.311,3881309.735,1.307,-2.724110,gps_course,49,3.571,7.000,54,508085.075,3881301.824,1.123485,-0.163706,-0.162842,1.9444,TRACKING
688.515575,129.088685000000,35.074511333333,508085.311,3881309.735,1.307,-2.724110,gps_course,49,3.571,7.000,54,508085.075,3881301.824,1.123485,-0.163706,-0.163188,1.9444,TRACKING
688.565460,129.088682000000,35.074510166667,508085.038,3881309.605,1.288,-2.725681,gps_course,49,3.638,7.000,54,508085.075,3881301.824,1.159684,-0.169183,-0.165586,1.9444,TRACKING
688.615457,129.088682000000,35.074510166667,508085.038,3881309.605,1.288,-2.725681,gps_course,49,3.638,7.000,54,508085.075,3881301.824,1.159684,-0.169183,-0.167024,1.9444,TRACKING
688.665489,129.088682000000,35.074510166667,508085.038,3881309.605,1.288,-2.725681,gps_course,49,3.638,7.000,54,508085.075,3881301.824,1.159684,-0.169183,-0.167888,1.9444,TRACKING
688.715500,129.088682000000,35.074510166667,508085.038,3881309.605,1.288,-2.725681,gps_course,49,3.638,7.000,54,508085.075,3881301.824,1.159684,-0.169183,-0.168406,1.9444,TRACKING
688.765448,129.088682000000,35.074510166667,508085.038,3881309.605,1.288,-2.725681,gps_course,49,3.638,7.000,54,508085.075,3881301.824,1.159684,-0.169183,-0.168716,1.9444,TRACKING
688.815474,129.088679000000,35.074509166667,508084.764,3881309.494,1.256,-2.724633,gps_course,50,3.736,7.000,54,508085.075,3881301.824,1.194330,-0.173887,-0.170785,1.9444,TRACKING
688.865493,129.088679000000,35.074509166667,508084.764,3881309.494,1.256,-2.724633,gps_course,50,3.736,7.000,54,508085.075,3881301.824,1.194330,-0.173887,-0.172026,1.9444,TRACKING
688.915514,129.088679000000,35.074509166667,508084.764,3881309.494,1.256,-2.724633,gps_course,50,3.736,7.000,54,508085.075,3881301.824,1.194330,-0.173887,-0.172770,1.9444,TRACKING
688.965475,129.088679000000,35.074509166667,508084.764,3881309.494,1.256,-2.724633,gps_course,50,3.736,7.000,54,508085.075,3881301.824,1.194330,-0.173887,-0.173217,1.9444,TRACKING
689.015474,129.088679000000,35.074509166667,508084.764,3881309.494,1.256,-2.724633,gps_course,50,3.736,7.000,54,508085.075,3881301.824,1.194330,-0.173887,-0.173485,1.9444,TRACKING
689.065460,129.088676166667,35.074508166667,508084.506,3881309.383,1.222,-2.727426,gps_course,50,3.759,7.000,54,508085.075,3881301.824,1.231758,-0.178474,-0.175481,1.9444,TRACKING
689.115462,129.088676166667,35.074508166667,508084.506,3881309.383,1.222,-2.727426,gps_course,50,3.759,7.000,54,508085.075,3881301.824,1.231758,-0.178474,-0.176678,1.9444,TRACKING
689.165453,129.088676166667,35.074508166667,508084.506,3881309.383,1.222,-2.727426,gps_course,50,3.759,7.000,54,508085.075,3881301.824,1.231758,-0.178474,-0.177397,1.9444,TRACKING
689.215504,129.088676166667,35.074508166667,508084.506,3881309.383,1.222,-2.727426,gps_course,50,3.759,7.000,54,508085.075,3881301.824,1.231758,-0.178474,-0.177828,1.9444,TRACKING
689.265503,129.088676166667,35.074508166667,508084.506,3881309.383,1.222,-2.727426,gps_course,50,3.759,7.000,54,508085.075,3881301.824,1.231758,-0.178474,-0.178086,1.9444,TRACKING
689.315513,129.088673500000,35.074507166667,508084.263,3881309.272,1.185,-2.731964,gps_course,50,3.794,7.000,54,508085.075,3881301.824,1.269761,-0.182772,-0.179961,1.9444,TRACKING
689.365453,129.088673500000,35.074507166667,508084.263,3881309.272,1.185,-2.731964,gps_course,50,3.794,7.000,54,508085.075,3881301.824,1.269761,-0.182772,-0.181085,1.9444,TRACKING
689.415488,129.088673500000,35.074507166667,508084.263,3881309.272,1.185,-2.731964,gps_course,50,3.794,7.000,54,508085.075,3881301.824,1.269761,-0.182772,-0.181760,1.9444,TRACKING
689.465472,129.088673500000,35.074507166667,508084.263,3881309.272,1.185,-2.731964,gps_course,50,3.794,7.000,54,508085.075,3881301.824,1.269761,-0.182772,-0.182165,1.9444,TRACKING
689.515724,129.088673500000,35.074507166667,508084.263,3881309.272,1.185,-2.731964,gps_course,50,3.794,7.000,54,508085.075,3881301.824,1.269761,-0.182772,-0.182408,1.9444,TRACKING
689.565491,129.088670833333,35.074506333333,508084.020,3881309.179,1.135,-2.734582,gps_course,50,3.863,7.000,54,508085.075,3881301.824,1.306251,-0.186170,-0.183913,1.9444,TRACKING
689.615532,129.088670833333,35.074506333333,508084.020,3881309.179,1.135,-2.734582,gps_course,50,3.863,7.000,54,508085.075,3881301.824,1.306251,-0.186170,-0.184816,1.9444,TRACKING
689.665510,129.088670833333,35.074506333333,508084.020,3881309.179,1.135,-2.734582,gps_course,50,3.863,7.000,54,508085.075,3881301.824,1.306251,-0.186170,-0.185358,1.9444,TRACKING
689.715478,129.088670833333,35.074506333333,508084.020,3881309.179,1.135,-2.734582,gps_course,50,3.863,7.000,54,508085.075,3881301.824,1.306251,-0.186170,-0.185683,1.9444,TRACKING
689.765485,129.088670833333,35.074506333333,508084.020,3881309.179,1.135,-2.734582,gps_course,50,3.863,7.000,54,508085.075,3881301.824,1.306251,-0.186170,-0.185878,1.9444,TRACKING
689.815573,129.088668500000,35.074505500000,508083.808,3881309.086,1.135,-2.734582,gps_course,50,3.927,7.000,54,508085.075,3881301.824,1.336590,-0.189024,-0.187136,1.9444,TRACKING
689.865517,129.088668500000,35.074505500000,508083.808,3881309.086,1.135,-2.734582,gps_course,50,3.927,7.000,54,508085.075,3881301.824,1.336590,-0.189024,-0.187891,1.9444,TRACKING
689.915610,129.088668500000,35.074505500000,508083.808,3881309.086,1.135,-2.734582,gps_course,50,3.927,7.000,54,508085.075,3881301.824,1.336590,-0.189024,-0.188344,1.9444,TRACKING
689.965510,129.088668500000,35.074505500000,508083.808,3881309.086,1.135,-2.734582,gps_course,50,3.927,7.000,54,508085.075,3881301.824,1.336590,-0.189024,-0.188616,1.9444,TRACKING
690.015570,129.088668500000,35.074505500000,508083.808,3881309.086,1.135,-2.734582,gps_course,50,3.927,7.000,54,508085.075,3881301.824,1.336590,-0.189024,-0.188779,1.9444,TRACKING
690.065463,129.088666333333,35.074504666667,508083.610,3881308.994,1.135,-2.734582,gps_course,50,3.992,7.000,54,508085.075,3881301.824,1.365348,-0.191589,-0.189903,1.9444,TRACKING
690.115517,129.088666333333,35.074504666667,508083.610,3881308.994,1.135,-2.734582,gps_course,50,3.992,7.000,54,508085.075,3881301.824,1.365348,-0.191589,-0.190577,1.9444,TRACKING
690.165500,129.088666333333,35.074504666667,508083.610,3881308.994,1.135,-2.734582,gps_course,50,3.992,7.000,54,508085.075,3881301.824,1.365348,-0.191589,-0.190982,1.9444,TRACKING
690.215501,129.088666333333,35.074504666667,508083.610,3881308.994,1.135,-2.734582,gps_course,50,3.992,7.000,54,508085.075,3881301.824,1.365348,-0.191589,-0.191225,1.9444,TRACKING
690.265496,129.088666333333,35.074504666667,508083.610,3881308.994,1.135,-2.734582,gps_course,50,3.992,7.000,54,508085.075,3881301.824,1.365348,-0.191589,-0.191370,1.9444,TRACKING
690.315458,129.088666333333,35.074504666667,508083.610,3881308.994,1.135,-2.734582,gps_course,50,3.992,7.000,54,508085.075,3881301.824,1.365348,-0.191589,-0.191458,1.9444,TRACKING
690.365482,129.088664166667,35.074504000000,508083.413,3881308.920,0.973,-2.738596,gps_course,50,4.082,6.000,53,508084.755,3881303.025,1.391702,-0.231759,-0.207578,1.9444,TRACKING
690.415516,129.088664166667,35.074504000000,508083.413,3881308.920,0.973,-2.738596,gps_course,50,4.082,6.000,53,508084.755,3881303.025,1.391702,-0.231759,-0.217251,1.9444,TRACKING
690.465472,129.088664166667,35.074504000000,508083.413,3881308.920,0.973,-2.738596,gps_course,50,4.082,6.000,53,508084.755,3881303.025,1.391702,-0.231759,-0.223054,1.9444,TRACKING
690.515510,129.088664166667,35.074504000000,508083.413,3881308.920,0.973,-2.738596,gps_course,50,4.082,6.000,53,508084.755,3881303.025,1.391702,-0.231759,-0.226536,1.9444,TRACKING
690.565482,129.088662333333,35.074503166667,508083.246,3881308.827,0.919,-2.732487,gps_course,50,4.144,6.000,54,508085.075,3881301.824,1.417230,-0.195434,-0.214096,1.9444,TRACKING
690.615573,129.088662333333,35.074503166667,508083.246,3881308.827,0.919,-2.732487,gps_course,50,4.144,6.000,54,508085.075,3881301.824,1.417230,-0.195434,-0.206631,1.9444,TRACKING
690.665510,129.088662333333,35.074503166667,508083.246,3881308.827,0.919,-2.732487,gps_course,50,4.144,6.000,54,508085.075,3881301.824,1.417230,-0.195434,-0.202152,1.9444,TRACKING
690.715996,129.088662333333,35.074503166667,508083.246,3881308.827,0.919,-2.732487,gps_course,50,4.144,6.000,54,508085.075,3881301.824,1.417230,-0.195434,-0.199465,1.9444,TRACKING
690.765513,129.088662333333,35.074503166667,508083.246,3881308.827,0.919,-2.732487,gps_course,50,4.144,6.000,54,508085.075,3881301.824,1.417230,-0.195434,-0.197853,1.9444,TRACKING
690.815503,129.088660500000,35.074502333333,508083.078,3881308.735,0.874,-2.715209,gps_course,51,4.193,6.000,54,508085.075,3881301.824,1.425676,-0.196868,-0.197459,1.9444,TRACKING
690.865480,129.088660500000,35.074502333333,508083.078,3881308.735,0.874,-2.715209,gps_course,51,4.193,6.000,54,508085.075,3881301.824,1.425676,-0.196868,-0.197223,1.9444,TRACKING
690.915461,129.088660500000,35.074502333333,508083.078,3881308.735,0.874,-2.715209,gps_course,51,4.193,6.000,54,508085.075,3881301.824,1.425676,-0.196868,-0.197081,1.9444,TRACKING
690.965480,129.088660500000,35.074502333333,508083.078,3881308.735,0.874,-2.715209,gps_course,51,4.193,6.000,54,508085.075,3881301.824,1.425676,-0.196868,-0.196996,1.9444,TRACKING
691.015531,129.088660500000,35.074502333333,508083.078,3881308.735,0.874,-2.715209,gps_course,51,4.193,6.000,54,508085.075,3881301.824,1.425676,-0.196868,-0.196945,1.9444,TRACKING
691.065534,129.088658666667,35.074501666667,508082.911,3881308.661,0.831,-2.711194,gps_course,51,4.232,6.000,54,508085.075,3881301.824,1.446916,-0.198024,-0.197376,1.9444,TRACKING
691.115517,129.088658666667,35.074501666667,508082.911,3881308.661,0.831,-2.711194,gps_course,51,4.232,6.000,54,508085.075,3881301.824,1.446916,-0.198024,-0.197635,1.9444,TRACKING
691.165584,129.088658666667,35.074501666667,508082.911,3881308.661,0.831,-2.711194,gps_course,51,4.232,6.000,54,508085.075,3881301.824,1.446916,-0.198024,-0.197791,1.9444,TRACKING
691.215471,129.088658666667,35.074501666667,508082.911,3881308.661,0.831,-2.711194,gps_course,51,4.232,6.000,54,508085.075,3881301.824,1.446916,-0.198024,-0.197884,1.9444,TRACKING
691.265451,129.088658666667,35.074501666667,508082.911,3881308.661,0.831,-2.711194,gps_course,51,4.232,6.000,54,508085.075,3881301.824,1.446916,-0.198024,-0.197940,1.9444,TRACKING
691.315535,129.088658666667,35.074501666667,508082.911,3881308.661,0.831,-2.711194,gps_course,51,4.232,6.000,54,508085.075,3881301.824,1.446916,-0.198024,-0.197973,1.9444,TRACKING
691.365492,129.088657166667,35.074501000000,508082.775,3881308.587,0.779,-2.706308,gps_course,51,4.259,6.000,54,508085.075,3881301.824,1.463402,-0.199143,-0.198441,1.9444,TRACKING
691.415503,129.088657166667,35.074501000000,508082.775,3881308.587,0.779,-2.706308,gps_course,51,4.259,6.000,54,508085.075,3881301.824,1.463402,-0.199143,-0.198722,1.9444,TRACKING
691.465451,129.088657166667,35.074501000000,508082.775,3881308.587,0.779,-2.706308,gps_course,51,4.259,6.000,54,508085.075,3881301.824,1.463402,-0.199143,-0.198891,1.9444,TRACKING
691.515509,129.088657166667,35.074501000000,508082.775,3881308.587,0.779,-2.706308,gps_course,51,4.259,6.000,54,508085.075,3881301.824,1.463402,-0.199143,-0.198992,1.9444,TRACKING
691.565488,129.088655666667,35.074500500000,508082.638,3881308.531,0.722,-2.703864,gps_course,51,4.305,6.000,54,508085.075,3881301.824,1.481603,-0.199684,-0.199269,1.9444,TRACKING
691.615485,129.088655666667,35.074500500000,508082.638,3881308.531,0.722,-2.703864,gps_course,51,4.305,6.000,54,508085.075,3881301.824,1.481603,-0.199684,-0.199435,1.9444,TRACKING
691.665517,129.088655666667,35.074500500000,508082.638,3881308.531,0.722,-2.703864,gps_course,51,4.305,6.000,54,508085.075,3881301.824,1.481603,-0.199684,-0.199534,1.9444,TRACKING
691.715528,129.088655666667,35.074500500000,508082.638,3881308.531,0.722,-2.703864,gps_course,51,4.305,6.000,54,508085.075,3881301.824,1.481603,-0.199684,-0.199594,1.9444,TRACKING
691.765441,129.088655666667,35.074500500000,508082.638,3881308.531,0.722,-2.703864,gps_course,51,4.305,6.000,54,508085.075,3881301.824,1.481603,-0.199684,-0.199630,1.9444,TRACKING
691.815441,129.088654500000,35.074499833333,508082.532,3881308.457,0.666,-2.696010,gps_course,51,4.322,6.000,54,508085.075,3881301.824,1.491372,-0.200725,-0.200068,1.9444,TRACKING
691.865452,129.088654500000,35.074499833333,508082.532,3881308.457,0.666,-2.696010,gps_course,51,4.322,6.000,54,508085.075,3881301.824,1.491372,-0.200725,-0.200331,1.9444,TRACKING
691.915460,129.088654500000,35.074499833333,508082.532,3881308.457,0.666,-2.696010,gps_course,51,4.322,6.000,54,508085.075,3881301.824,1.491372,-0.200725,-0.200489,1.9444,TRACKING
691.965515,129.088654500000,35.074499833333,508082.532,3881308.457,0.666,-2.696010,gps_course,51,4.322,6.000,54,508085.075,3881301.824,1.491372,-0.200725,-0.200583,1.9444,TRACKING
692.015481,129.088654500000,35.074499833333,508082.532,3881308.457,0.666,-2.696010,gps_course,51,4.322,6.000,54,508085.075,3881301.824,1.491372,-0.200725,-0.200640,1.9444,TRACKING
692.065485,129.088653333333,35.074499500000,508082.425,3881308.420,0.612,-2.693043,gps_course,51,4.369,6.000,54,508085.075,3881301.824,1.504239,-0.200789,-0.200700,1.9444,TRACKING
692.115504,129.088653333333,35.074499500000,508082.425,3881308.420,0.612,-2.693043,gps_course,51,4.369,6.000,54,508085.075,3881301.824,1.504239,-0.200789,-0.200736,1.9444,TRACKING
692.165468,129.088653333333,35.074499500000,508082.425,3881308.420,0.612,-2.693043,gps_course,51,4.369,6.000,54,508085.075,3881301.824,1.504239,-0.200789,-0.200757,1.9444,TRACKING
692.215478,129.088653333333,35.074499500000,508082.425,3881308.420,0.612,-2.693043,gps_course,51,4.369,6.000,54,508085.075,3881301.824,1.504239,-0.200789,-0.200770,1.9444,TRACKING
692.265461,129.088653333333,35.074499500000,508082.425,3881308.420,0.612,-2.693043,gps_course,51,4.369,6.000,54,508085.075,3881301.824,1.504239,-0.200789,-0.200778,1.9444,TRACKING
692.315454,129.088653333333,35.074499500000,508082.425,3881308.420,0.612,-2.693043,gps_course,51,4.369,6.000,54,508085.075,3881301.824,1.504239,-0.200789,-0.200782,1.9444,TRACKING
692.365481,129.088652166667,35.074499000000,508082.319,3881308.364,0.558,-2.688680,gps_course,51,4.405,6.000,54,508085.075,3881301.824,1.516693,-0.201237,-0.200964,1.9444,TRACKING
692.415486,129.088652166667,35.074499000000,508082.319,3881308.364,0.558,-2.688680,gps_course,51,4.405,6.000,54,508085.075,3881301.824,1.516693,-0.201237,-0.201073,1.9444,TRACKING
692.465516,129.088652166667,35.074499000000,508082.319,3881308.364,0.558,-2.688680,gps_course,51,4.405,6.000,54,508085.075,3881301.824,1.516693,-0.201237,-0.201139,1.9444,TRACKING
692.516044,129.088652166667,35.074499000000,508082.319,3881308.364,0.558,-2.688680,gps_course,51,4.405,6.000,54,508085.075,3881301.824,1.516693,-0.201237,-0.201178,1.9444,TRACKING
692.565466,129.088651333333,35.074498666667,508082.243,3881308.327,0.558,-2.688680,gps_course,51,4.434,6.000,54,508085.075,3881301.824,1.528587,-0.201463,-0.201292,1.9444,TRACKING
692.615491,129.088651333333,35.074498666667,508082.243,3881308.327,0.558,-2.688680,gps_course,51,4.434,6.000,54,508085.075,3881301.824,1.528587,-0.201463,-0.201361,1.9444,TRACKING
692.665521,129.088651333333,35.074498666667,508082.243,3881308.327,0.558,-2.688680,gps_course,51,4.434,6.000,54,508085.075,3881301.824,1.528587,-0.201463,-0.201402,1.9444,TRACKING
692.715522,129.088651333333,35.074498666667,508082.243,3881308.327,0.558,-2.688680,gps_course,51,4.434,6.000,54,508085.075,3881301.824,1.528587,-0.201463,-0.201426,1.9444,TRACKING
692.765478,129.088651333333,35.074498666667,508082.243,3881308.327,0.558,-2.688680,gps_course,51,4.434,6.000,54,508085.075,3881301.824,1.528587,-0.201463,-0.201441,1.9444,TRACKING
692.815522,129.088650333333,35.074498333333,508082.152,3881308.290,0.459,-2.696359,gps_course,51,4.476,5.000,53,508084.755,3881303.025,1.584692,-0.240000,-0.216865,1.9444,TRACKING
692.865479,129.088650333333,35.074498333333,508082.152,3881308.290,0.459,-2.696359,gps_course,51,4.476,5.000,53,508084.755,3881303.025,1.584692,-0.240000,-0.226119,1.9444,TRACKING
692.915557,129.088650333333,35.074498333333,508082.152,3881308.290,0.459,-2.696359,gps_course,51,4.476,5.000,53,508084.755,3881303.025,1.584692,-0.240000,-0.231671,1.9444,TRACKING
692.965471,129.088650333333,35.074498333333,508082.152,3881308.290,0.459,-2.696359,gps_course,51,4.476,5.000,53,508084.755,3881303.025,1.584692,-0.240000,-0.235003,1.9444,TRACKING
693.015447,129.088650333333,35.074498333333,508082.152,3881308.290,0.459,-2.696359,gps_course,51,4.476,5.000,53,508084.755,3881303.025,1.584692,-0.240000,-0.237002,1.9444,TRACKING
693.065448,129.088649666667,35.074498000000,508082.091,3881308.253,0.412,-2.705086,gps_course,51,4.497,5.000,53,508084.755,3881303.025,1.605495,-0.240000,-0.238201,1.9444,TRACKING
693.115518,129.088649666667,35.074498000000,508082.091,3881308.253,0.412,-2.705086,gps_course,51,4.497,5.000,53,508084.755,3881303.025,1.605495,-0.240000,-0.238921,1.9444,TRACKING
693.165454,129.088649666667,35.074498000000,508082.091,3881308.253,0.412,-2.705086,gps_course,51,4.497,5.000,53,508084.755,3881303.025,1.605495,-0.240000,-0.239352,1.9444,TRACKING
693.215472,129.088649666667,35.074498000000,508082.091,3881308.253,0.412,-2.705086,gps_course,51,4.497,5.000,53,508084.755,3881303.025,1.605495,-0.240000,-0.239611,1.9444,TRACKING
693.265440,129.088649666667,35.074498000000,508082.091,3881308.253,0.412,-2.705086,gps_course,51,4.497,5.000,53,508084.755,3881303.025,1.605495,-0.240000,-0.239767,1.9444,TRACKING
693.315501,129.088649666667,35.074498000000,508082.091,3881308.253,0.412,-2.705086,gps_course,51,4.497,5.000,53,508084.755,3881303.025,1.605495,-0.240000,-0.239860,1.9444,TRACKING
693.365500,129.088649166667,35.074497833333,508082.046,3881308.235,0.363,-2.711544,gps_course,51,4.520,5.000,53,508084.755,3881303.025,1.620299,-0.240000,-0.239916,1.9444,TRACKING
693.415512,129.088649166667,35.074497833333,508082.046,3881308.235,0.363,-2.711544,gps_course,51,4.520,5.000,53,508084.755,3881303.025,1.620299,-0.240000,-0.239950,1.9444,TRACKING
693.465494,129.088649166667,35.074497833333,508082.046,3881308.235,0.363,-2.711544,gps_course,51,4.520,5.000,53,508084.755,3881303.025,1.620299,-0.240000,-0.239970,1.9444,TRACKING
693.515473,129.088649166667,35.074497833333,508082.046,3881308.235,0.363,-2.711544,gps_course,51,4.520,5.000,53,508084.755,3881303.025,1.620299,-0.240000,-0.239982,1.9444,TRACKING
693.565441,129.088648666667,35.074497666667,508082.000,3881308.216,0.310,-2.719223,gps_course,51,4.543,5.000,53,508084.755,3881303.025,1.636312,-0.240000,-0.239989,1.9444,TRACKING
693.615516,129.088648666667,35.074497666667,508082.000,3881308.216,0.310,-2.719223,gps_course,51,4.543,5.000,53,508084.755,3881303.025,1.636312,-0.240000,-0.239993,1.9444,TRACKING
693.665451,129.088648666667,35.074497666667,508082.000,3881308.216,0.310,-2.719223,gps_course,51,4.543,5.000,53,508084.755,3881303.025,1.636312,-0.240000,-0.239996,1.9444,TRACKING
693.715436,129.088648666667,35.074497666667,508082.000,3881308.216,0.310,-2.719223,gps_course,51,4.543,5.000,53,508084.755,3881303.025,1.636312,-0.240000,-0.239998,1.9444,TRACKING
693.765461,129.088648666667,35.074497666667,508082.000,3881308.216,0.310,-2.719223,gps_course,51,4.543,5.000,53,508084.755,3881303.025,1.636312,-0.240000,-0.239999,1.9444,TRACKING
693.815503,129.088648333333,35.074497500000,508081.970,3881308.198,0.252,-2.711544,gps_course,51,4.554,5.000,53,508084.755,3881303.025,1.634676,-0.240000,-0.239999,1.9444,TRACKING
693.865485,129.088648333333,35.074497500000,508081.970,3881308.198,0.252,-2.711544,gps_course,51,4.554,5.000,53,508084.755,3881303.025,1.634676,-0.240000,-0.239999,1.9444,TRACKING
693.915462,129.088648333333,35.074497500000,508081.970,3881308.198,0.252,-2.711544,gps_course,51,4.554,5.000,53,508084.755,3881303.025,1.634676,-0.240000,-0.240000,1.9444,TRACKING
693.965510,129.088648333333,35.074497500000,508081.970,3881308.198,0.252,-2.711544,gps_course,51,4.554,5.000,53,508084.755,3881303.025,1.634676,-0.240000,-0.240000,1.9444,TRACKING
694.015585,129.088648333333,35.074497500000,508081.970,3881308.198,0.252,-2.711544,gps_course,51,4.554,5.000,53,508084.755,3881303.025,1.634676,-0.240000,-0.240000,1.9444,TRACKING
694.065509,129.088648333333,35.074497500000,508081.970,3881308.198,0.252,-2.711544,gps_course,51,4.554,5.000,53,508084.755,3881303.025,1.634676,-0.240000,-0.240000,1.9444,TRACKING
694.115480,129.088648166667,35.074497500000,508081.955,3881308.198,0.205,-2.721492,gps_course,51,4.566,5.000,53,508084.755,3881303.025,1.646900,-0.240000,-0.240000,1.9444,TRACKING
694.165500,129.088648166667,35.074497500000,508081.955,3881308.198,0.205,-2.721492,gps_course,51,4.566,5.000,53,508084.755,3881303.025,1.646900,-0.240000,-0.240000,1.9444,TRACKING
694.215478,129.088648166667,35.074497500000,508081.955,3881308.198,0.205,-2.721492,gps_course,51,4.566,5.000,53,508084.755,3881303.025,1.646900,-0.240000,-0.240000,1.9444,TRACKING
694.265442,129.088648166667,35.074497500000,508081.955,3881308.198,0.205,-2.721492,gps_course,51,4.566,5.000,53,508084.755,3881303.025,1.646900,-0.240000,-0.240000,1.9444,TRACKING
694.315492,129.088648166667,35.074497500000,508081.955,3881308.198,0.205,-2.721492,gps_course,51,4.566,5.000,53,508084.755,3881303.025,1.646900,-0.240000,-0.240000,1.9444,TRACKING
694.365482,129.088648000000,35.074497333333,508081.939,3881308.179,0.205,-2.721492,gps_course,51,4.566,5.000,53,508084.755,3881303.025,1.650672,-0.240000,-0.240000,1.9444,TRACKING
694.415540,129.088648000000,35.074497333333,508081.939,3881308.179,0.205,-2.721492,gps_course,51,4.566,5.000,53,508084.755,3881303.025,1.650672,-0.240000,-0.240000,1.9444,TRACKING
694.465449,129.088648000000,35.074497333333,508081.939,3881308.179,0.205,-2.721492,gps_course,51,4.566,5.000,53,508084.755,3881303.025,1.650672,-0.240000,-0.240000,1.9444,TRACKING
694.515491,129.088648000000,35.074497333333,508081.939,3881308.179,0.205,-2.721492,gps_course,51,4.566,5.000,53,508084.755,3881303.025,1.650672,-0.240000,-0.240000,1.9444,TRACKING
694.565447,129.088648000000,35.074497333333,508081.939,3881308.179,0.114,-2.636669,gps_course,51,4.566,5.000,53,508084.755,3881303.025,1.565849,-0.240000,-0.240000,1.9444,TRACKING
694.615456,129.088648000000,35.074497333333,508081.939,3881308.179,0.114,-2.636669,gps_course,51,4.566,5.000,53,508084.755,3881303.025,1.565849,-0.240000,-0.240000,1.9444,TRACKING
694.665442,129.088648000000,35.074497333333,508081.939,3881308.179,0.114,-2.636669,gps_course,51,4.566,5.000,53,508084.755,3881303.025,1.565849,-0.240000,-0.240000,1.9444,TRACKING
694.715455,129.088648000000,35.074497333333,508081.939,3881308.179,0.114,-2.636669,gps_course,51,4.566,5.000,53,508084.755,3881303.025,1.565849,-0.240000,-0.240000,1.9444,TRACKING
694.765490,129.088648000000,35.074497333333,508081.939,3881308.179,0.114,-2.636669,gps_course,51,4.566,5.000,53,508084.755,3881303.025,1.565849,-0.240000,-0.240000,1.9444,TRACKING
694.815613,129.088648166667,35.074497333333,508081.955,3881308.179,0.071,-2.636669,gps_course,51,4.554,5.000,53,508084.755,3881303.025,1.563575,-0.240000,-0.240000,1.9444,TRACKING
694.865439,129.088648166667,35.074497333333,508081.955,3881308.179,0.071,-2.636669,gps_course,51,4.554,5.000,53,508084.755,3881303.025,1.563575,-0.240000,-0.240000,1.9444,TRACKING
694.915488,129.088648166667,35.074497333333,508081.955,3881308.179,0.071,-2.636669,gps_course,51,4.554,5.000,53,508084.755,3881303.025,1.563575,-0.240000,-0.240000,1.9444,TRACKING
694.965477,129.088648166667,35.074497333333,508081.955,3881308.179,0.071,-2.636669,gps_course,51,4.554,5.000,53,508084.755,3881303.025,1.563575,-0.240000,-0.240000,1.9444,TRACKING
695.015538,129.088648166667,35.074497333333,508081.955,3881308.179,0.071,-2.636669,gps_course,51,4.554,5.000,53,508084.755,3881303.025,1.563575,-0.240000,-0.240000,1.9444,TRACKING
695.065444,129.088648166667,35.074497333333,508081.955,3881308.179,0.031,-2.636669,gps_course,51,4.554,5.000,53,508084.755,3881303.025,1.563575,-0.240000,-0.240000,1.9444,TRACKING
695.115596,129.088648166667,35.074497333333,508081.955,3881308.179,0.031,-2.636669,gps_course,51,4.554,5.000,53,508084.755,3881303.025,1.563575,-0.240000,-0.240000,1.9444,TRACKING
695.165518,129.088648166667,35.074497333333,508081.955,3881308.179,0.031,-2.636669,gps_course,51,4.554,5.000,53,508084.755,3881303.025,1.563575,-0.240000,-0.240000,1.9444,TRACKING
695.215531,129.088648166667,35.074497333333,508081.955,3881308.179,0.031,-2.636669,gps_course,51,4.554,5.000,53,508084.755,3881303.025,1.563575,-0.240000,-0.240000,1.9444,TRACKING
695.265516,129.088648166667,35.074497333333,508081.955,3881308.179,0.031,-2.636669,gps_course,51,4.554,5.000,53,508084.755,3881303.025,1.563575,-0.240000,-0.240000,1.9444,TRACKING
695.315525,129.088648166667,35.074497333333,508081.955,3881308.179,0.031,-2.636669,gps_course,51,4.554,5.000,53,508084.755,3881303.025,1.563575,-0.240000,-0.240000,1.9444,TRACKING
695.365471,129.088648166667,35.074497333333,508081.955,3881308.179,0.009,-2.636669,gps_course,51,4.554,5.000,53,508084.755,3881303.025,1.563575,-0.240000,-0.240000,1.9444,TRACKING
695.415506,129.088648166667,35.074497333333,508081.955,3881308.179,0.009,-2.636669,gps_course,51,4.554,5.000,53,508084.755,3881303.025,1.563575,-0.240000,-0.240000,1.9444,TRACKING
695.465450,129.088648166667,35.074497333333,508081.955,3881308.179,0.009,-2.636669,gps_course,51,4.554,5.000,53,508084.755,3881303.025,1.563575,-0.240000,-0.240000,1.9444,TRACKING
695.515493,129.088648166667,35.074497333333,508081.955,3881308.179,0.009,-2.636669,gps_course,51,4.554,5.000,53,508084.755,3881303.025,1.563575,-0.240000,-0.240000,1.9444,TRACKING
695.565434,129.088648166667,35.074497500000,508081.955,3881308.198,0.003,-2.636669,gps_course,51,4.566,5.000,53,508084.755,3881303.025,1.562077,-0.240000,-0.240000,1.9444,TRACKING
695.615517,129.088648166667,35.074497500000,508081.955,3881308.198,0.003,-2.636669,gps_course,51,4.566,5.000,53,508084.755,3881303.025,1.562077,-0.240000,-0.240000,1.9444,TRACKING
695.665468,129.088648166667,35.074497500000,508081.955,3881308.198,0.003,-2.636669,gps_course,51,4.566,5.000,53,508084.755,3881303.025,1.562077,-0.240000,-0.240000,1.9444,TRACKING
695.715479,129.088648166667,35.074497500000,508081.955,3881308.198,0.003,-2.636669,gps_course,51,4.566,5.000,53,508084.755,3881303.025,1.562077,-0.240000,-0.240000,1.9444,TRACKING
695.765479,129.088648166667,35.074497500000,508081.955,3881308.198,0.003,-2.636669,gps_course,51,4.566,5.000,53,508084.755,3881303.025,1.562077,-0.240000,-0.240000,1.9444,TRACKING
695.815455,129.088648166667,35.074497500000,508081.955,3881308.198,0.008,-2.636669,gps_course,51,4.566,5.000,53,508084.755,3881303.025,1.562077,-0.240000,-0.240000,1.9444,TRACKING
695.865461,129.088648166667,35.074497500000,508081.955,3881308.198,0.008,-2.636669,gps_course,51,4.566,5.000,53,508084.755,3881303.025,1.562077,-0.240000,-0.240000,1.9444,TRACKING
695.915510,129.088648166667,35.074497500000,508081.955,3881308.198,0.008,-2.636669,gps_course,51,4.566,5.000,53,508084.755,3881303.025,1.562077,-0.240000,-0.240000,1.9444,TRACKING
695.965487,129.088648166667,35.074497500000,508081.955,3881308.198,0.008,-2.636669,gps_course,51,4.566,5.000,53,508084.755,3881303.025,1.562077,-0.240000,-0.240000,1.9444,TRACKING
696.015523,129.088648166667,35.074497500000,508081.955,3881308.198,0.008,-2.636669,gps_course,51,4.566,5.000,53,508084.755,3881303.025,1.562077,-0.240000,-0.240000,1.9444,TRACKING
696.065481,129.088648166667,35.074497500000,508081.955,3881308.198,0.008,-2.636669,gps_course,51,4.566,5.000,53,508084.755,3881303.025,1.562077,-0.240000,-0.240000,1.9444,TRACKING
696.115680,129.088648333333,35.074497500000,508081.970,3881308.198,0.007,-2.636669,gps_course,51,4.554,5.000,53,508084.755,3881303.025,1.559801,-0.240000,-0.240000,1.9444,TRACKING
696.165488,129.088648333333,35.074497500000,508081.970,3881308.198,0.007,-2.636669,gps_course,51,4.554,5.000,53,508084.755,3881303.025,1.559801,-0.240000,-0.240000,1.9444,TRACKING
696.215549,129.088648333333,35.074497500000,508081.970,3881308.198,0.007,-2.636669,gps_course,51,4.554,5.000,53,508084.755,3881303.025,1.559801,-0.240000,-0.240000,1.9444,TRACKING
696.265559,129.088648333333,35.074497500000,508081.970,3881308.198,0.007,-2.636669,gps_course,51,4.554,5.000,53,508084.755,3881303.025,1.559801,-0.240000,-0.240000,1.9444,TRACKING
696.315527,129.088648333333,35.074497500000,508081.970,3881308.198,0.007,-2.636669,gps_course,51,4.554,5.000,53,508084.755,3881303.025,1.559801,-0.240000,-0.240000,1.9444,TRACKING
696.365483,129.088648333333,35.074497500000,508081.970,3881308.198,0.008,-2.636669,gps_course,51,4.554,5.000,53,508084.755,3881303.025,1.559801,-0.240000,-0.240000,1.9444,TRACKING
696.415541,129.088648333333,35.074497500000,508081.970,3881308.198,0.008,-2.636669,gps_course,51,4.554,5.000,53,508084.755,3881303.025,1.559801,-0.240000,-0.240000,1.9444,TRACKING
696.465510,129.088648333333,35.074497500000,508081.970,3881308.198,0.008,-2.636669,gps_course,51,4.554,5.000,53,508084.755,3881303.025,1.559801,-0.240000,-0.240000,1.9444,TRACKING
696.515507,129.088648333333,35.074497500000,508081.970,3881308.198,0.008,-2.636669,gps_course,51,4.554,5.000,53,508084.755,3881303.025,1.559801,-0.240000,-0.240000,1.9444,TRACKING
696.565520,129.088648166667,35.074497500000,508081.955,3881308.198,0.005,-2.636669,gps_course,51,4.566,5.000,53,508084.755,3881303.025,1.562077,-0.240000,-0.240000,1.9444,TRACKING
696.615507,129.088648166667,35.074497500000,508081.955,3881308.198,0.005,-2.636669,gps_course,51,4.566,5.000,53,508084.755,3881303.025,1.562077,-0.240000,-0.240000,1.9444,TRACKING
696.665556,129.088648166667,35.074497500000,508081.955,3881308.198,0.005,-2.636669,gps_course,51,4.566,5.000,53,508084.755,3881303.025,1.562077,-0.240000,-0.240000,1.9444,TRACKING
696.715519,129.088648166667,35.074497500000,508081.955,3881308.198,0.005,-2.636669,gps_course,51,4.566,5.000,53,508084.755,3881303.025,1.562077,-0.240000,-0.240000,1.9444,TRACKING
696.765529,129.088648166667,35.074497500000,508081.955,3881308.198,0.005,-2.636669,gps_course,51,4.566,5.000,53,508084.755,3881303.025,1.562077,-0.240000,-0.240000,1.9444,TRACKING
696.815483,129.088648166667,35.074497500000,508081.955,3881308.198,0.002,-2.636669,gps_course,51,4.566,5.000,53,508084.755,3881303.025,1.562077,-0.240000,-0.240000,1.9444,TRACKING
696.865475,129.088648166667,35.074497500000,508081.955,3881308.198,0.002,-2.636669,gps_course,51,4.566,5.000,53,508084.755,3881303.025,1.562077,-0.240000,-0.240000,1.9444,TRACKING
696.915474,129.088648166667,35.074497500000,508081.955,3881308.198,0.002,-2.636669,gps_course,51,4.566,5.000,53,508084.755,3881303.025,1.562077,-0.240000,-0.240000,1.9444,TRACKING
696.965491,129.088648166667,35.074497500000,508081.955,3881308.198,0.002,-2.636669,gps_course,51,4.566,5.000,53,508084.755,3881303.025,1.562077,-0.240000,-0.240000,1.9444,TRACKING
697.015531,129.088648166667,35.074497500000,508081.955,3881308.198,0.002,-2.636669,gps_course,51,4.566,5.000,53,508084.755,3881303.025,1.562077,-0.240000,-0.240000,1.9444,TRACKING
697.065469,129.088648166667,35.074497500000,508081.955,3881308.198,0.002,-2.636669,gps_course,51,4.566,5.000,53,508084.755,3881303.025,1.562077,-0.240000,-0.240000,1.9444,TRACKING
697.115483,129.088648166667,35.074497500000,508081.955,3881308.198,0.004,-2.636669,gps_course,51,4.566,5.000,53,508084.755,3881303.025,1.562077,-0.240000,-0.240000,1.9444,TRACKING
697.165493,129.088648166667,35.074497500000,508081.955,3881308.198,0.004,-2.636669,gps_course,51,4.566,5.000,53,508084.755,3881303.025,1.562077,-0.240000,-0.240000,1.9444,TRACKING
697.215709,129.088648166667,35.074497500000,508081.955,3881308.198,0.004,-2.636669,gps_course,51,4.566,5.000,53,508084.755,3881303.025,1.562077,-0.240000,-0.240000,1.9444,TRACKING
697.265532,129.088648166667,35.074497500000,508081.955,3881308.198,0.004,-2.636669,gps_course,51,4.566,5.000,53,508084.755,3881303.025,1.562077,-0.240000,-0.240000,1.9444,TRACKING
697.315820,129.088648166667,35.074497500000,508081.955,3881308.198,0.004,-2.636669,gps_course,51,4.566,5.000,53,508084.755,3881303.025,1.562077,-0.240000,-0.240000,1.9444,TRACKING
697.365496,129.088648166667,35.074497500000,508081.955,3881308.198,0.004,-2.636669,gps_course,51,4.566,5.000,53,508084.755,3881303.025,1.562077,-0.240000,-0.240000,1.9444,TRACKING
697.415457,129.088648166667,35.074497500000,508081.955,3881308.198,0.004,-2.636669,gps_course,51,4.566,5.000,53,508084.755,3881303.025,1.562077,-0.240000,-0.240000,1.9444,TRACKING
697.465596,129.088648166667,35.074497500000,508081.955,3881308.198,0.004,-2.636669,gps_course,51,4.566,5.000,53,508084.755,3881303.025,1.562077,-0.240000,-0.240000,1.9444,TRACKING
697.515538,129.088648166667,35.074497500000,508081.955,3881308.198,0.004,-2.636669,gps_course,51,4.566,5.000,53,508084.755,3881303.025,1.562077,-0.240000,-0.240000,1.9444,TRACKING
697.565467,129.088648166667,35.074497500000,508081.955,3881308.198,0.003,-2.082226,route_tangent,51,4.566,5.000,53,508084.755,3881303.025,1.007634,0.000000,-0.210042,1.9444,TRACKING
697.615482,129.088648166667,35.074497500000,508081.955,3881308.198,0.003,-2.082226,route_tangent,51,4.566,5.000,53,508084.755,3881303.025,1.007634,0.000000,-0.180033,1.9444,TRACKING
697.665520,129.088648166667,35.074497500000,508081.955,3881308.198,0.003,-2.082226,route_tangent,51,4.566,5.000,53,508084.755,3881303.025,1.007634,0.000000,-0.150010,1.9444,TRACKING
697.715590,129.088648166667,35.074497500000,508081.955,3881308.198,0.003,-2.082226,route_tangent,51,4.566,5.000,53,508084.755,3881303.025,1.007634,0.000000,-0.119968,1.9444,TRACKING
697.765473,129.088648166667,35.074497500000,508081.955,3881308.198,0.003,-2.082226,route_tangent,51,4.566,5.000,53,508084.755,3881303.025,1.007634,0.000000,-0.090039,1.9444,TRACKING
697.815469,129.088648166667,35.074497500000,508081.955,3881308.198,0.005,-2.082226,route_tangent,51,4.566,5.000,53,508084.755,3881303.025,1.007634,0.000000,-0.060041,1.9444,TRACKING
697.865488,129.088648166667,35.074497500000,508081.955,3881308.198,0.005,-2.082226,route_tangent,51,4.566,5.000,53,508084.755,3881303.025,1.007634,0.000000,-0.036025,1.9444,TRACKING
697.915507,129.088648166667,35.074497500000,508081.955,3881308.198,0.005,-2.082226,route_tangent,51,4.566,5.000,53,508084.755,3881303.025,1.007634,0.000000,-0.021615,1.9444,TRACKING
697.965526,129.088648166667,35.074497500000,508081.955,3881308.198,0.005,-2.082226,route_tangent,51,4.566,5.000,53,508084.755,3881303.025,1.007634,0.000000,-0.012969,1.9444,TRACKING
698.015534,129.088648166667,35.074497500000,508081.955,3881308.198,0.005,-2.082226,route_tangent,51,4.566,5.000,53,508084.755,3881303.025,1.007634,0.000000,-0.007781,1.9444,TRACKING
698.065497,129.088648166667,35.074497500000,508081.955,3881308.198,0.003,-2.082226,route_tangent,51,4.566,5.000,53,508084.755,3881303.025,1.007634,0.000000,-0.004669,1.9444,TRACKING
698.115463,129.088648166667,35.074497500000,508081.955,3881308.198,0.003,-2.082226,route_tangent,51,4.566,5.000,53,508084.755,3881303.025,1.007634,0.000000,-0.002801,1.9444,TRACKING
698.165508,129.088648166667,35.074497500000,508081.955,3881308.198,0.003,-2.082226,route_tangent,51,4.566,5.000,53,508084.755,3881303.025,1.007634,0.000000,-0.001681,1.9444,TRACKING
698.215473,129.088648166667,35.074497500000,508081.955,3881308.198,0.003,-2.082226,route_tangent,51,4.566,5.000,53,508084.755,3881303.025,1.007634,0.000000,-0.001008,1.9444,TRACKING
698.265506,129.088648166667,35.074497500000,508081.955,3881308.198,0.003,-2.082226,route_tangent,51,4.566,5.000,53,508084.755,3881303.025,1.007634,0.000000,-0.000605,1.9444,TRACKING
698.315817,129.088648166667,35.074497500000,508081.955,3881308.198,0.004,-2.082226,route_tangent,51,4.566,5.000,53,508084.755,3881303.025,1.007634,0.000000,-0.000363,1.9444,TRACKING
698.365493,129.088648166667,35.074497500000,508081.955,3881308.198,0.004,-2.082226,route_tangent,51,4.566,5.000,53,508084.755,3881303.025,1.007634,0.000000,-0.000218,1.9444,TRACKING
698.415538,129.088648166667,35.074497500000,508081.955,3881308.198,0.004,-2.082226,route_tangent,51,4.566,5.000,53,508084.755,3881303.025,1.007634,0.000000,-0.000131,1.9444,TRACKING
698.465531,129.088648166667,35.074497500000,508081.955,3881308.198,0.004,-2.082226,route_tangent,51,4.566,5.000,53,508084.755,3881303.025,1.007634,0.000000,-0.000078,1.9444,TRACKING
698.515535,129.088648166667,35.074497500000,508081.955,3881308.198,0.004,-2.082226,route_tangent,51,4.566,5.000,53,508084.755,3881303.025,1.007634,0.000000,-0.000047,1.9444,TRACKING
698.565457,129.088648166667,35.074497500000,508081.955,3881308.198,0.004,-2.082226,route_tangent,51,4.566,5.000,53,508084.755,3881303.025,1.007634,0.000000,-0.000028,1.9444,TRACKING
698.615515,129.088648166667,35.074497500000,508081.955,3881308.198,0.004,-2.082226,route_tangent,51,4.566,5.000,53,508084.755,3881303.025,1.007634,0.000000,-0.000017,1.9444,TRACKING
698.665502,129.088648166667,35.074497500000,508081.955,3881308.198,0.004,-2.082226,route_tangent,51,4.566,5.000,53,508084.755,3881303.025,1.007634,0.000000,-0.000010,1.9444,TRACKING
698.715484,129.088648166667,35.074497500000,508081.955,3881308.198,0.004,-2.082226,route_tangent,51,4.566,5.000,53,508084.755,3881303.025,1.007634,0.000000,-0.000006,1.9444,TRACKING
698.765523,129.088648166667,35.074497500000,508081.955,3881308.198,0.004,-2.082226,route_tangent,51,4.566,5.000,53,508084.755,3881303.025,1.007634,0.000000,-0.000004,1.9444,TRACKING
698.815500,129.088648166667,35.074497500000,508081.955,3881308.198,0.005,-2.082226,route_tangent,51,4.566,5.000,53,508084.755,3881303.025,1.007634,0.000000,-0.000002,1.9444,TRACKING
698.865523,129.088648166667,35.074497500000,508081.955,3881308.198,0.005,-2.082226,route_tangent,51,4.566,5.000,53,508084.755,3881303.025,1.007634,0.000000,-0.000001,1.9444,TRACKING
698.915489,129.088648166667,35.074497500000,508081.955,3881308.198,0.005,-2.082226,route_tangent,51,4.566,5.000,53,508084.755,3881303.025,1.007634,0.000000,-0.000001,1.9444,TRACKING
698.965502,129.088648166667,35.074497500000,508081.955,3881308.198,0.005,-2.082226,route_tangent,51,4.566,5.000,53,508084.755,3881303.025,1.007634,0.000000,-0.000000,1.9444,TRACKING
699.015491,129.088648166667,35.074497500000,508081.955,3881308.198,0.005,-2.082226,route_tangent,51,4.566,5.000,53,508084.755,3881303.025,1.007634,0.000000,-0.000000,1.9444,TRACKING
699.065460,129.088648166667,35.074497333333,508081.955,3881308.179,0.003,-2.082226,route_tangent,51,4.554,5.000,53,508084.755,3881303.025,1.009132,0.000000,-0.000000,1.9444,TRACKING
699.115479,129.088648166667,35.074497333333,508081.955,3881308.179,0.003,-2.082226,route_tangent,51,4.554,5.000,53,508084.755,3881303.025,1.009132,0.000000,-0.000000,1.9444,TRACKING
699.165491,129.088648166667,35.074497333333,508081.955,3881308.179,0.003,-2.082226,route_tangent,51,4.554,5.000,53,508084.755,3881303.025,1.009132,0.000000,-0.000000,1.9444,TRACKING
699.215461,129.088648166667,35.074497333333,508081.955,3881308.179,0.003,-2.082226,route_tangent,51,4.554,5.000,53,508084.755,3881303.025,1.009132,0.000000,-0.000000,1.9444,TRACKING
699.265483,129.088648166667,35.074497333333,508081.955,3881308.179,0.003,-2.082226,route_tangent,51,4.554,5.000,53,508084.755,3881303.025,1.009132,0.000000,-0.000000,1.9444,TRACKING
699.315491,129.088648166667,35.074497333333,508081.955,3881308.179,0.003,-2.082226,route_tangent,51,4.554,5.000,53,508084.755,3881303.025,1.009132,0.000000,-0.000000,1.9444,TRACKING
699.365459,129.088648166667,35.074497333333,508081.955,3881308.179,0.003,-2.082226,route_tangent,51,4.554,5.000,53,508084.755,3881303.025,1.009132,0.000000,-0.000000,1.9444,TRACKING
699.415518,129.088648166667,35.074497333333,508081.955,3881308.179,0.003,-2.082226,route_tangent,51,4.554,5.000,53,508084.755,3881303.025,1.009132,0.000000,-0.000000,1.9444,TRACKING
699.465510,129.088648166667,35.074497333333,508081.955,3881308.179,0.003,-2.082226,route_tangent,51,4.554,5.000,53,508084.755,3881303.025,1.009132,0.000000,-0.000000,1.9444,TRACKING
699.515505,129.088648166667,35.074497333333,508081.955,3881308.179,0.003,-2.082226,route_tangent,51,4.554,5.000,53,508084.755,3881303.025,1.009132,0.000000,-0.000000,1.9444,TRACKING
699.565455,129.088648166667,35.074497333333,508081.955,3881308.179,0.003,-2.082226,route_tangent,51,4.554,5.000,53,508084.755,3881303.025,1.009132,0.000000,-0.000000,1.9444,TRACKING
699.615496,129.088648166667,35.074497333333,508081.955,3881308.179,0.006,-2.082226,route_tangent,51,4.554,5.000,53,508084.755,3881303.025,1.009132,0.000000,-0.000000,1.9444,TRACKING
699.665505,129.088648166667,35.074497333333,508081.955,3881308.179,0.006,-2.082226,route_tangent,51,4.554,5.000,53,508084.755,3881303.025,1.009132,0.000000,-0.000000,1.9444,TRACKING
699.715502,129.088648166667,35.074497333333,508081.955,3881308.179,0.006,-2.082226,route_tangent,51,4.554,5.000,53,508084.755,3881303.025,1.009132,0.000000,-0.000000,1.9444,TRACKING
699.765529,129.088648166667,35.074497333333,508081.955,3881308.179,0.006,-2.082226,route_tangent,51,4.554,5.000,53,508084.755,3881303.025,1.009132,0.000000,-0.000000,1.9444,TRACKING
699.815516,129.088648166667,35.074497333333,508081.955,3881308.179,0.006,-2.082226,route_tangent,51,4.554,5.000,53,508084.755,3881303.025,1.009132,0.000000,-0.000000,1.9444,TRACKING
699.865452,129.088648166667,35.074497333333,508081.955,3881308.179,0.006,-2.082226,route_tangent,51,4.554,5.000,53,508084.755,3881303.025,1.009132,0.000000,-0.000000,1.9444,TRACKING
699.915440,129.088648166667,35.074497333333,508081.955,3881308.179,0.006,-2.082226,route_tangent,51,4.554,5.000,53,508084.755,3881303.025,1.009132,0.000000,-0.000000,1.9444,TRACKING
699.965464,129.088648166667,35.074497333333,508081.955,3881308.179,0.006,-2.082226,route_tangent,51,4.554,5.000,53,508084.755,3881303.025,1.009132,0.000000,-0.000000,1.9444,TRACKING
700.015471,129.088648166667,35.074497333333,508081.955,3881308.179,0.006,-2.082226,route_tangent,51,4.554,5.000,53,508084.755,3881303.025,1.009132,0.000000,-0.000000,1.9444,TRACKING
700.065489,129.088648166667,35.074497333333,508081.955,3881308.179,0.003,-2.082226,route_tangent,51,4.554,5.000,53,508084.755,3881303.025,1.009132,0.000000,-0.000000,1.9444,TRACKING
700.115542,129.088648166667,35.074497333333,508081.955,3881308.179,0.003,-2.082226,route_tangent,51,4.554,5.000,53,508084.755,3881303.025,1.009132,0.000000,-0.000000,1.9444,TRACKING
700.165516,129.088648166667,35.074497333333,508081.955,3881308.179,0.003,-2.082226,route_tangent,51,4.554,5.000,53,508084.755,3881303.025,1.009132,0.000000,-0.000000,1.9444,TRACKING
700.215500,129.088648166667,35.074497333333,508081.955,3881308.179,0.003,-2.082226,route_tangent,51,4.554,5.000,53,508084.755,3881303.025,1.009132,0.000000,-0.000000,1.9444,TRACKING
700.265477,129.088648166667,35.074497333333,508081.955,3881308.179,0.003,-2.082226,route_tangent,51,4.554,5.000,53,508084.755,3881303.025,1.009132,0.000000,-0.000000,1.9444,TRACKING
700.315450,129.088648166667,35.074497333333,508081.955,3881308.179,0.003,-2.082226,route_tangent,51,4.554,5.000,53,508084.755,3881303.025,1.009132,0.000000,-0.000000,1.9444,TRACKING
700.365497,129.088648166667,35.074497500000,508081.955,3881308.198,0.002,-2.082226,route_tangent,51,4.566,5.000,53,508084.755,3881303.025,1.007634,0.000000,-0.000000,1.9444,TRACKING
700.415480,129.088648166667,35.074497500000,508081.955,3881308.198,0.002,-2.082226,route_tangent,51,4.566,5.000,53,508084.755,3881303.025,1.007634,0.000000,-0.000000,1.9444,TRACKING
700.465488,129.088648166667,35.074497500000,508081.955,3881308.198,0.002,-2.082226,route_tangent,51,4.566,5.000,53,508084.755,3881303.025,1.007634,0.000000,-0.000000,1.9444,TRACKING
700.515490,129.088648166667,35.074497500000,508081.955,3881308.198,0.002,-2.082226,route_tangent,51,4.566,5.000,53,508084.755,3881303.025,1.007634,0.000000,-0.000000,1.9444,TRACKING
700.565456,129.088648166667,35.074497500000,508081.955,3881308.198,0.002,-2.082226,route_tangent,51,4.566,5.000,53,508084.755,3881303.025,1.007634,0.000000,-0.000000,1.9444,TRACKING
700.615455,129.088648000000,35.074497500000,508081.939,3881308.198,0.004,-2.082226,route_tangent,51,4.578,5.000,53,508084.755,3881303.025,1.009904,0.000000,-0.000000,1.9444,TRACKING
700.665473,129.088648000000,35.074497500000,508081.939,3881308.198,0.004,-2.082226,route_tangent,51,4.578,5.000,53,508084.755,3881303.025,1.009904,0.000000,-0.000000,1.9444,TRACKING
700.715493,129.088648000000,35.074497500000,508081.939,3881308.198,0.004,-2.082226,route_tangent,51,4.578,5.000,53,508084.755,3881303.025,1.009904,0.000000,-0.000000,1.9444,TRACKING
700.765470,129.088648000000,35.074497500000,508081.939,3881308.198,0.004,-2.082226,route_tangent,51,4.578,5.000,53,508084.755,3881303.025,1.009904,0.000000,-0.000000,1.9444,TRACKING
700.815493,129.088648000000,35.074497500000,508081.939,3881308.198,0.008,-2.082226,route_tangent,51,4.578,5.000,53,508084.755,3881303.025,1.009904,0.000000,-0.000000,1.9444,TRACKING
700.865505,129.088648000000,35.074497500000,508081.939,3881308.198,0.008,-2.082226,route_tangent,51,4.578,5.000,53,508084.755,3881303.025,1.009904,0.000000,-0.000000,1.9444,TRACKING
700.915507,129.088648000000,35.074497500000,508081.939,3881308.198,0.008,-2.082226,route_tangent,51,4.578,5.000,53,508084.755,3881303.025,1.009904,0.000000,-0.000000,1.9444,TRACKING
700.965493,129.088648000000,35.074497500000,508081.939,3881308.198,0.008,-2.082226,route_tangent,51,4.578,5.000,53,508084.755,3881303.025,1.009904,0.000000,-0.000000,1.9444,TRACKING
701.015486,129.088648000000,35.074497500000,508081.939,3881308.198,0.008,-2.082226,route_tangent,51,4.578,5.000,53,508084.755,3881303.025,1.009904,0.000000,-0.000000,1.9444,TRACKING
701.065482,129.088648000000,35.074497500000,508081.939,3881308.198,0.007,-2.082226,route_tangent,51,4.578,5.000,53,508084.755,3881303.025,1.009904,0.000000,-0.000000,1.9444,TRACKING
701.115465,129.088648000000,35.074497500000,508081.939,3881308.198,0.007,-2.082226,route_tangent,51,4.578,5.000,53,508084.755,3881303.025,1.009904,0.000000,-0.000000,1.9444,TRACKING
701.165450,129.088648000000,35.074497500000,508081.939,3881308.198,0.007,-2.082226,route_tangent,51,4.578,5.000,53,508084.755,3881303.025,1.009904,0.000000,-0.000000,1.9444,TRACKING
701.215452,129.088648000000,35.074497500000,508081.939,3881308.198,0.007,-2.082226,route_tangent,51,4.578,5.000,53,508084.755,3881303.025,1.009904,0.000000,-0.000000,1.9444,TRACKING
701.265452,129.088648000000,35.074497500000,508081.939,3881308.198,0.007,-2.082226,route_tangent,51,4.578,5.000,53,508084.755,3881303.025,1.009904,0.000000,-0.000000,1.9444,TRACKING
701.315525,129.088648000000,35.074497500000,508081.939,3881308.198,0.007,-2.082226,route_tangent,51,4.578,5.000,53,508084.755,3881303.025,1.009904,0.000000,-0.000000,1.9444,TRACKING
701.365487,129.088648000000,35.074497500000,508081.939,3881308.198,0.005,-2.082226,route_tangent,51,4.578,5.000,53,508084.755,3881303.025,1.009904,0.000000,-0.000000,1.9444,TRACKING
701.415525,129.088648000000,35.074497500000,508081.939,3881308.198,0.005,-2.082226,route_tangent,51,4.578,5.000,53,508084.755,3881303.025,1.009904,0.000000,-0.000000,1.9444,TRACKING
701.465449,129.088648000000,35.074497500000,508081.939,3881308.198,0.005,-2.082226,route_tangent,51,4.578,5.000,53,508084.755,3881303.025,1.009904,0.000000,-0.000000,1.9444,TRACKING
701.515458,129.088648000000,35.074497500000,508081.939,3881308.198,0.005,-2.082226,route_tangent,51,4.578,5.000,53,508084.755,3881303.025,1.009904,0.000000,-0.000000,1.9444,TRACKING
701.565491,129.088648000000,35.074497500000,508081.939,3881308.198,0.004,-2.082226,route_tangent,51,4.578,5.000,53,508084.755,3881303.025,1.009904,0.000000,-0.000000,1.9444,TRACKING
701.615528,129.088648000000,35.074497500000,508081.939,3881308.198,0.004,-2.082226,route_tangent,51,4.578,5.000,53,508084.755,3881303.025,1.009904,0.000000,-0.000000,1.9444,TRACKING
701.665575,129.088648000000,35.074497500000,508081.939,3881308.198,0.004,-2.082226,route_tangent,51,4.578,5.000,53,508084.755,3881303.025,1.009904,0.000000,-0.000000,1.9444,TRACKING
701.715507,129.088648000000,35.074497500000,508081.939,3881308.198,0.004,-2.082226,route_tangent,51,4.578,5.000,53,508084.755,3881303.025,1.009904,0.000000,-0.000000,1.9444,TRACKING
701.765448,129.088648000000,35.074497500000,508081.939,3881308.198,0.004,-2.082226,route_tangent,51,4.578,5.000,53,508084.755,3881303.025,1.009904,0.000000,-0.000000,1.9444,TRACKING
701.815442,129.088648000000,35.074497500000,508081.939,3881308.198,0.004,-2.082226,route_tangent,51,4.578,5.000,53,508084.755,3881303.025,1.009904,0.000000,-0.000000,1.9444,TRACKING
701.865551,129.088648000000,35.074497500000,508081.939,3881308.198,0.004,-2.082226,route_tangent,51,4.578,5.000,53,508084.755,3881303.025,1.009904,0.000000,-0.000000,1.9444,TRACKING
701.915516,129.088648000000,35.074497500000,508081.939,3881308.198,0.004,-2.082226,route_tangent,51,4.578,5.000,53,508084.755,3881303.025,1.009904,0.000000,-0.000000,1.9444,TRACKING
701.965542,129.088648000000,35.074497500000,508081.939,3881308.198,0.004,-2.082226,route_tangent,51,4.578,5.000,53,508084.755,3881303.025,1.009904,0.000000,-0.000000,1.9444,TRACKING
702.015529,129.088648000000,35.074497500000,508081.939,3881308.198,0.004,-2.082226,route_tangent,51,4.578,5.000,53,508084.755,3881303.025,1.009904,0.000000,-0.000000,1.9444,TRACKING
702.065526,129.088648000000,35.074497500000,508081.939,3881308.198,0.004,-2.082226,route_tangent,51,4.578,5.000,53,508084.755,3881303.025,1.009904,0.000000,-0.000000,1.9444,TRACKING
702.115502,129.088648000000,35.074497500000,508081.939,3881308.198,0.006,-2.082226,route_tangent,51,4.578,5.000,53,508084.755,3881303.025,1.009904,0.000000,-0.000000,1.9444,TRACKING
702.165474,129.088648000000,35.074497500000,508081.939,3881308.198,0.006,-2.082226,route_tangent,51,4.578,5.000,53,508084.755,3881303.025,1.009904,0.000000,-0.000000,1.9444,TRACKING
702.215518,129.088648000000,35.074497500000,508081.939,3881308.198,0.006,-2.082226,route_tangent,51,4.578,5.000,53,508084.755,3881303.025,1.009904,0.000000,-0.000000,1.9444,TRACKING
702.265477,129.088648000000,35.074497500000,508081.939,3881308.198,0.006,-2.082226,route_tangent,51,4.578,5.000,53,508084.755,3881303.025,1.009904,0.000000,-0.000000,1.9444,TRACKING
702.315471,129.088648000000,35.074497500000,508081.939,3881308.198,0.006,-2.082226,route_tangent,51,4.578,5.000,53,508084.755,3881303.025,1.009904,0.000000,-0.000000,1.9444,TRACKING
702.365473,129.088648000000,35.074497500000,508081.939,3881308.198,0.006,-2.082226,route_tangent,51,4.578,5.000,53,508084.755,3881303.025,1.009904,0.000000,-0.000000,1.9444,TRACKING
702.415515,129.088648000000,35.074497500000,508081.939,3881308.198,0.006,-2.082226,route_tangent,51,4.578,5.000,53,508084.755,3881303.025,1.009904,0.000000,-0.000000,1.9444,TRACKING
702.465443,129.088648000000,35.074497500000,508081.939,3881308.198,0.006,-2.082226,route_tangent,51,4.578,5.000,53,508084.755,3881303.025,1.009904,0.000000,-0.000000,1.9444,TRACKING
702.515495,129.088648000000,35.074497500000,508081.939,3881308.198,0.006,-2.082226,route_tangent,51,4.578,5.000,53,508084.755,3881303.025,1.009904,0.000000,-0.000000,1.9444,TRACKING
702.565502,129.088648000000,35.074497500000,508081.939,3881308.198,0.006,-2.082226,route_tangent,51,4.578,5.000,53,508084.755,3881303.025,1.009904,0.000000,-0.000000,1.9444,TRACKING
702.615492,129.088648000000,35.074497500000,508081.939,3881308.198,0.005,-2.082226,route_tangent,51,4.578,5.000,53,508084.755,3881303.025,1.009904,0.000000,-0.000000,1.9444,TRACKING
702.665451,129.088648000000,35.074497500000,508081.939,3881308.198,0.005,-2.082226,route_tangent,51,4.578,5.000,53,508084.755,3881303.025,1.009904,0.000000,-0.000000,1.9444,TRACKING
702.715498,129.088648000000,35.074497500000,508081.939,3881308.198,0.005,-2.082226,route_tangent,51,4.578,5.000,53,508084.755,3881303.025,1.009904,0.000000,-0.000000,1.9444,TRACKING
702.765534,129.088648000000,35.074497500000,508081.939,3881308.198,0.005,-2.082226,route_tangent,51,4.578,5.000,53,508084.755,3881303.025,1.009904,0.000000,-0.000000,1.9444,TRACKING
702.815607,129.088648000000,35.074497500000,508081.939,3881308.198,0.005,-2.082226,route_tangent,51,4.578,5.000,53,508084.755,3881303.025,1.009904,0.000000,-0.000000,1.9444,TRACKING
702.865491,129.088648000000,35.074497500000,508081.939,3881308.198,0.005,-2.082226,route_tangent,51,4.578,5.000,53,508084.755,3881303.025,1.009904,0.000000,-0.000000,1.9444,TRACKING
702.915453,129.088648000000,35.074497500000,508081.939,3881308.198,0.005,-2.082226,route_tangent,51,4.578,5.000,53,508084.755,3881303.025,1.009904,0.000000,-0.000000,1.9444,TRACKING
702.965500,129.088648000000,35.074497500000,508081.939,3881308.198,0.005,-2.082226,route_tangent,51,4.578,5.000,53,508084.755,3881303.025,1.009904,0.000000,-0.000000,1.9444,TRACKING
703.015467,129.088648000000,35.074497500000,508081.939,3881308.198,0.005,-2.082226,route_tangent,51,4.578,5.000,53,508084.755,3881303.025,1.009904,0.000000,-0.000000,1.9444,TRACKING
703.065444,129.088648000000,35.074497500000,508081.939,3881308.198,0.005,-2.082226,route_tangent,51,4.578,5.000,53,508084.755,3881303.025,1.009904,0.000000,-0.000000,1.9444,TRACKING
703.115487,129.088648000000,35.074497500000,508081.939,3881308.198,0.006,-2.082226,route_tangent,51,4.578,5.000,53,508084.755,3881303.025,1.009904,0.000000,-0.000000,1.9444,TRACKING
703.165460,129.088648000000,35.074497500000,508081.939,3881308.198,0.006,-2.082226,route_tangent,51,4.578,5.000,53,508084.755,3881303.025,1.009904,0.000000,-0.000000,1.9444,TRACKING
703.215449,129.088648000000,35.074497500000,508081.939,3881308.198,0.006,-2.082226,route_tangent,51,4.578,5.000,53,508084.755,3881303.025,1.009904,0.000000,-0.000000,1.9444,TRACKING
703.265482,129.088648000000,35.074497500000,508081.939,3881308.198,0.006,-2.082226,route_tangent,51,4.578,5.000,53,508084.755,3881303.025,1.009904,0.000000,-0.000000,1.9444,TRACKING
703.315544,129.088648000000,35.074497500000,508081.939,3881308.198,0.006,-2.082226,route_tangent,51,4.578,5.000,53,508084.755,3881303.025,1.009904,0.000000,-0.000000,1.9444,TRACKING
703.365476,129.088648000000,35.074497500000,508081.939,3881308.198,0.006,-2.082226,route_tangent,51,4.578,5.000,53,508084.755,3881303.025,1.009904,0.000000,-0.000000,1.9444,TRACKING
703.415481,129.088648000000,35.074497500000,508081.939,3881308.198,0.006,-2.082226,route_tangent,51,4.578,5.000,53,508084.755,3881303.025,1.009904,0.000000,-0.000000,1.9444,TRACKING
703.465469,129.088648000000,35.074497500000,508081.939,3881308.198,0.006,-2.082226,route_tangent,51,4.578,5.000,53,508084.755,3881303.025,1.009904,0.000000,-0.000000,1.9444,TRACKING
703.515515,129.088648000000,35.074497500000,508081.939,3881308.198,0.006,-2.082226,route_tangent,51,4.578,5.000,53,508084.755,3881303.025,1.009904,0.000000,-0.000000,1.9444,TRACKING
703.565486,129.088648000000,35.074497500000,508081.939,3881308.198,0.005,-2.082226,route_tangent,51,4.578,5.000,53,508084.755,3881303.025,1.009904,0.000000,-0.000000,1.9444,TRACKING
703.615486,129.088648000000,35.074497500000,508081.939,3881308.198,0.005,-2.082226,route_tangent,51,4.578,5.000,53,508084.755,3881303.025,1.009904,0.000000,-0.000000,1.9444,TRACKING
703.665506,129.088648000000,35.074497500000,508081.939,3881308.198,0.005,-2.082226,route_tangent,51,4.578,5.000,53,508084.755,3881303.025,1.009904,0.000000,-0.000000,1.9444,TRACKING
703.715576,129.088648000000,35.074497500000,508081.939,3881308.198,0.005,-2.082226,route_tangent,51,4.578,5.000,53,508084.755,3881303.025,1.009904,0.000000,-0.000000,1.9444,TRACKING
703.765438,129.088648000000,35.074497500000,508081.939,3881308.198,0.005,-2.082226,route_tangent,51,4.578,5.000,53,508084.755,3881303.025,1.009904,0.000000,-0.000000,1.9444,TRACKING
703.815476,129.088647833333,35.074497500000,508081.924,3881308.198,0.005,-2.082226,route_tangent,51,4.589,5.000,53,508084.755,3881303.025,1.012168,0.000000,-0.000000,1.9444,TRACKING
703.865466,129.088647833333,35.074497500000,508081.924,3881308.198,0.005,-2.082226,route_tangent,51,4.589,5.000,53,508084.755,3881303.025,1.012168,0.000000,-0.000000,1.9444,TRACKING
703.915481,129.088647833333,35.074497500000,508081.924,3881308.198,0.005,-2.082226,route_tangent,51,4.589,5.000,53,508084.755,3881303.025,1.012168,0.000000,-0.000000,1.9444,TRACKING
703.965448,129.088647833333,35.074497500000,508081.924,3881308.198,0.005,-2.082226,route_tangent,51,4.589,5.000,53,508084.755,3881303.025,1.012168,0.000000,-0.000000,1.9444,TRACKING
704.015523,129.088647833333,35.074497500000,508081.924,3881308.198,0.005,-2.082226,route_tangent,51,4.589,5.000,53,508084.755,3881303.025,1.012168,0.000000,-0.000000,1.9444,TRACKING
704.065527,129.088648000000,35.074497500000,508081.939,3881308.198,0.005,-2.082226,route_tangent,51,4.578,5.000,53,508084.755,3881303.025,1.009904,0.000000,-0.000000,1.9444,TRACKING
704.115536,129.088648000000,35.074497500000,508081.939,3881308.198,0.005,-2.082226,route_tangent,51,4.578,5.000,53,508084.755,3881303.025,1.009904,0.000000,-0.000000,1.9444,TRACKING
704.165542,129.088648000000,35.074497500000,508081.939,3881308.198,0.005,-2.082226,route_tangent,51,4.578,5.000,53,508084.755,3881303.025,1.009904,0.000000,-0.000000,1.9444,TRACKING
704.215551,129.088648000000,35.074497500000,508081.939,3881308.198,0.005,-2.082226,route_tangent,51,4.578,5.000,53,508084.755,3881303.025,1.009904,0.000000,-0.000000,1.9444,TRACKING
704.265499,129.088648000000,35.074497500000,508081.939,3881308.198,0.005,-2.082226,route_tangent,51,4.578,5.000,53,508084.755,3881303.025,1.009904,0.000000,-0.000000,1.9444,TRACKING
704.315507,129.088648000000,35.074497500000,508081.939,3881308.198,0.005,-2.082226,route_tangent,51,4.578,5.000,53,508084.755,3881303.025,1.009904,0.000000,-0.000000,1.9444,TRACKING
704.365492,129.088647833333,35.074497500000,508081.924,3881308.198,0.002,-2.082226,route_tangent,51,4.589,5.000,53,508084.755,3881303.025,1.012168,0.000000,-0.000000,1.9444,TRACKING
704.415523,129.088647833333,35.074497500000,508081.924,3881308.198,0.002,-2.082226,route_tangent,51,4.589,5.000,53,508084.755,3881303.025,1.012168,0.000000,-0.000000,1.9444,TRACKING
704.465499,129.088647833333,35.074497500000,508081.924,3881308.198,0.002,-2.082226,route_tangent,51,4.589,5.000,53,508084.755,3881303.025,1.012168,0.000000,-0.000000,1.9444,TRACKING
704.515516,129.088647833333,35.074497500000,508081.924,3881308.198,0.002,-2.082226,route_tangent,51,4.589,5.000,53,508084.755,3881303.025,1.012168,0.000000,-0.000000,1.9444,TRACKING
704.565487,129.088647833333,35.074497500000,508081.924,3881308.198,0.008,-2.082226,route_tangent,51,4.589,5.000,53,508084.755,3881303.025,1.012168,0.000000,-0.000000,1.9444,TRACKING
704.615490,129.088647833333,35.074497500000,508081.924,3881308.198,0.008,-2.082226,route_tangent,51,4.589,5.000,53,508084.755,3881303.025,1.012168,0.000000,-0.000000,1.9444,TRACKING
704.665572,129.088647833333,35.074497500000,508081.924,3881308.198,0.008,-2.082226,route_tangent,51,4.589,5.000,53,508084.755,3881303.025,1.012168,0.000000,-0.000000,1.9444,TRACKING
704.715521,129.088647833333,35.074497500000,508081.924,3881308.198,0.008,-2.082226,route_tangent,51,4.589,5.000,53,508084.755,3881303.025,1.012168,0.000000,-0.000000,1.9444,TRACKING
704.765550,129.088647833333,35.074497500000,508081.924,3881308.198,0.008,-2.082226,route_tangent,51,4.589,5.000,53,508084.755,3881303.025,1.012168,0.000000,-0.000000,1.9444,TRACKING
704.815513,129.088647666667,35.074497333333,508081.909,3881308.179,0.008,-2.082226,route_tangent,51,4.590,5.000,53,508084.755,3881303.025,1.015938,0.000000,-0.000000,1.9444,TRACKING
704.865479,129.088647666667,35.074497333333,508081.909,3881308.179,0.008,-2.082226,route_tangent,51,4.590,5.000,53,508084.755,3881303.025,1.015938,0.000000,-0.000000,1.9444,TRACKING
704.915493,129.088647666667,35.074497333333,508081.909,3881308.179,0.008,-2.082226,route_tangent,51,4.590,5.000,53,508084.755,3881303.025,1.015938,0.000000,-0.000000,1.9444,TRACKING
704.965506,129.088647666667,35.074497333333,508081.909,3881308.179,0.008,-2.082226,route_tangent,51,4.590,5.000,53,508084.755,3881303.025,1.015938,0.000000,-0.000000,1.9444,TRACKING
705.015443,129.088647666667,35.074497333333,508081.909,3881308.179,0.008,-2.082226,route_tangent,51,4.590,5.000,53,508084.755,3881303.025,1.015938,0.000000,-0.000000,1.9444,TRACKING
705.065524,129.088647333333,35.074497166667,508081.879,3881308.161,0.040,-2.082226,route_tangent,51,4.602,5.000,53,508084.755,3881303.025,1.021975,0.000000,-0.000000,1.9444,TRACKING
705.115518,129.088647333333,35.074497166667,508081.879,3881308.161,0.040,-2.082226,route_tangent,51,4.602,5.000,53,508084.755,3881303.025,1.021975,0.000000,-0.000000,1.9444,TRACKING
705.165482,129.088647333333,35.074497166667,508081.879,3881308.161,0.040,-2.082226,route_tangent,51,4.602,5.000,53,508084.755,3881303.025,1.021975,0.000000,-0.000000,1.9444,TRACKING
705.215512,129.088647333333,35.074497166667,508081.879,3881308.161,0.040,-2.082226,route_tangent,51,4.602,5.000,53,508084.755,3881303.025,1.021975,0.000000,-0.000000,1.9444,TRACKING
705.265490,129.088647333333,35.074497166667,508081.879,3881308.161,0.040,-2.082226,route_tangent,51,4.602,5.000,53,508084.755,3881303.025,1.021975,0.000000,-0.000000,1.9444,TRACKING
705.315453,129.088647333333,35.074497166667,508081.879,3881308.161,0.040,-2.082226,route_tangent,51,4.602,5.000,53,508084.755,3881303.025,1.021975,0.000000,-0.000000,1.9444,TRACKING
705.365533,129.088646833333,35.074497000000,508081.833,3881308.142,0.077,-2.082226,route_tangent,51,4.626,5.000,53,508084.755,3881303.025,1.030258,0.000000,-0.000000,1.9444,TRACKING
705.415467,129.088646833333,35.074497000000,508081.833,3881308.142,0.077,-2.082226,route_tangent,51,4.626,5.000,53,508084.755,3881303.025,1.030258,0.000000,-0.000000,1.9444,TRACKING
705.465470,129.088646833333,35.074497000000,508081.833,3881308.142,0.077,-2.082226,route_tangent,51,4.626,5.000,53,508084.755,3881303.025,1.030258,0.000000,-0.000000,1.9444,TRACKING
705.515675,129.088646833333,35.074497000000,508081.833,3881308.142,0.077,-2.082226,route_tangent,51,4.626,5.000,53,508084.755,3881303.025,1.030258,0.000000,-0.000000,1.9444,TRACKING
705.565500,129.088646333333,35.074496833333,508081.787,3881308.124,0.126,-2.692170,gps_course,51,4.651,5.000,53,508084.755,3881303.025,1.648467,-0.240000,-0.029895,1.9444,TRACKING
705.615523,129.088646333333,35.074496833333,508081.787,3881308.124,0.126,-2.692170,gps_course,51,4.651,5.000,53,508084.755,3881303.025,1.648467,-0.240000,-0.059909,1.9444,TRACKING
705.665470,129.088646333333,35.074496833333,508081.787,3881308.124,0.126,-2.692170,gps_course,51,4.651,5.000,53,508084.755,3881303.025,1.648467,-0.240000,-0.089877,1.9444,TRACKING
705.715506,129.088646333333,35.074496833333,508081.787,3881308.124,0.126,-2.692170,gps_course,51,4.651,5.000,53,508084.755,3881303.025,1.648467,-0.240000,-0.119899,1.9444,TRACKING
705.765524,129.088646333333,35.074496833333,508081.787,3881308.124,0.126,-2.692170,gps_course,51,4.651,5.000,53,508084.755,3881303.025,1.648467,-0.240000,-0.149910,1.9444,TRACKING
705.815530,129.088645666667,35.074496500000,508081.727,3881308.087,0.171,-2.700548,gps_course,51,4.677,5.000,53,508084.755,3881303.025,1.668903,-0.239936,-0.179913,1.9444,TRACKING
705.865518,129.088645666667,35.074496500000,508081.727,3881308.087,0.171,-2.700548,gps_course,51,4.677,5.000,53,508084.755,3881303.025,1.668903,-0.239936,-0.203922,1.9444,TRACKING
705.915489,129.088645666667,35.074496500000,508081.727,3881308.087,0.171,-2.700548,gps_course,51,4.677,5.000,53,508084.755,3881303.025,1.668903,-0.239936,-0.218328,1.9444,TRACKING
705.965504,129.088645666667,35.074496500000,508081.727,3881308.087,0.171,-2.700548,gps_course,51,4.677,5.000,53,508084.755,3881303.025,1.668903,-0.239936,-0.226971,1.9444,TRACKING
706.015461,129.088645666667,35.074496500000,508081.727,3881308.087,0.171,-2.700548,gps_course,51,4.677,5.000,53,508084.755,3881303.025,1.668903,-0.239936,-0.232157,1.9444,TRACKING
706.066830,129.088645666667,35.074496500000,508081.727,3881308.087,0.171,-2.700548,gps_course,51,4.677,5.000,53,508084.755,3881303.025,1.668903,-0.239936,-0.235268,1.9444,TRACKING
706.115464,129.088644833333,35.074496166667,508081.651,3881308.050,0.207,-2.695312,gps_course,51,4.717,5.000,53,508084.755,3881303.025,1.677921,-0.239417,-0.236928,1.9444,TRACKING
706.165523,129.088644833333,35.074496166667,508081.651,3881308.050,0.207,-2.695312,gps_course,51,4.717,5.000,53,508084.755,3881303.025,1.677921,-0.239417,-0.237923,1.9444,TRACKING
706.215549,129.088644833333,35.074496166667,508081.651,3881308.050,0.207,-2.695312,gps_course,51,4.717,5.000,53,508084.755,3881303.025,1.677921,-0.239417,-0.238521,1.9444,TRACKING
706.265477,129.088644833333,35.074496166667,508081.651,3881308.050,0.207,-2.695312,gps_course,51,4.717,5.000,53,508084.755,3881303.025,1.677921,-0.239417,-0.238879,1.9444,TRACKING
706.315549,129.088644833333,35.074496166667,508081.651,3881308.050,0.207,-2.695312,gps_course,51,4.717,5.000,53,508084.755,3881303.025,1.677921,-0.239417,-0.239094,1.9444,TRACKING
706.365491,129.088644166667,35.074495833333,508081.590,3881308.012,0.245,-2.679779,gps_course,51,4.745,5.000,52,508084.891,3881304.245,1.828415,-0.240000,-0.239456,1.9444,TRACKING
706.415539,129.088644166667,35.074495833333,508081.590,3881308.012,0.245,-2.679779,gps_course,51,4.745,5.000,52,508084.891,3881304.245,1.828415,-0.240000,-0.239674,1.9444,TRACKING
706.465472,129.088644166667,35.074495833333,508081.590,3881308.012,0.245,-2.679779,gps_course,51,4.745,5.000,52,508084.891,3881304.245,1.828415,-0.240000,-0.239804,1.9444,TRACKING
706.515522,129.088644166667,35.074495833333,508081.590,3881308.012,0.245,-2.679779,gps_course,51,4.745,5.000,52,508084.891,3881304.245,1.828415,-0.240000,-0.239883,1.9444,TRACKING
706.565532,129.088643166667,35.074495500000,508081.499,3881307.975,0.281,-2.678731,gps_course,51,4.799,5.000,52,508084.891,3881304.245,1.845806,-0.240000,-0.239930,1.9444,TRACKING
706.615485,129.088643166667,35.074495500000,508081.499,3881307.975,0.281,-2.678731,gps_course,51,4.799,5.000,52,508084.891,3881304.245,1.845806,-0.240000,-0.239958,1.9444,TRACKING
706.665455,129.088643166667,35.074495500000,508081.499,3881307.975,0.281,-2.678731,gps_course,51,4.799,5.000,52,508084.891,3881304.245,1.845806,-0.240000,-0.239975,1.9444,TRACKING
706.715438,129.088643166667,35.074495500000,508081.499,3881307.975,0.281,-2.678731,gps_course,51,4.799,5.000,52,508084.891,3881304.245,1.845806,-0.240000,-0.239985,1.9444,TRACKING
706.765446,129.088643166667,35.074495500000,508081.499,3881307.975,0.281,-2.678731,gps_course,51,4.799,5.000,52,508084.891,3881304.245,1.845806,-0.240000,-0.239991,1.9444,TRACKING
706.815454,129.088642166667,35.074495166667,508081.408,3881307.938,0.324,-2.683793,gps_course,51,4.855,5.000,52,508084.891,3881304.245,1.869061,-0.240000,-0.239995,1.9444,TRACKING
706.865540,129.088642166667,35.074495166667,508081.408,3881307.938,0.324,-2.683793,gps_course,51,4.855,5.000,52,508084.891,3881304.245,1.869061,-0.240000,-0.239997,1.9444,TRACKING
706.915515,129.088642166667,35.074495166667,508081.408,3881307.938,0.324,-2.683793,gps_course,51,4.855,5.000,52,508084.891,3881304.245,1.869061,-0.240000,-0.239998,1.9444,TRACKING
706.965471,129.088642166667,35.074495166667,508081.408,3881307.938,0.324,-2.683793,gps_course,51,4.855,5.000,52,508084.891,3881304.245,1.869061,-0.240000,-0.239999,1.9444,TRACKING
707.015486,129.088642166667,35.074495166667,508081.408,3881307.938,0.324,-2.683793,gps_course,51,4.855,5.000,52,508084.891,3881304.245,1.869061,-0.240000,-0.239999,1.9444,TRACKING
707.065516,129.088642166667,35.074495166667,508081.408,3881307.938,0.324,-2.683793,gps_course,51,4.855,5.000,52,508084.891,3881304.245,1.869061,-0.240000,-0.240000,1.9444,TRACKING
707.115472,129.088641000000,35.074494666667,508081.301,3881307.883,0.357,-2.684142,gps_course,51,4.915,5.000,52,508084.891,3881304.245,1.892003,-0.240000,-0.240000,1.9444,TRACKING
707.165476,129.088641000000,35.074494666667,508081.301,3881307.883,0.357,-2.684142,gps_course,51,4.915,5.000,52,508084.891,3881304.245,1.892003,-0.240000,-0.240000,1.9444,TRACKING
707.215474,129.088641000000,35.074494666667,508081.301,3881307.883,0.357,-2.684142,gps_course,51,4.915,5.000,52,508084.891,3881304.245,1.892003,-0.240000,-0.240000,1.9444,TRACKING
707.265487,129.088641000000,35.074494666667,508081.301,3881307.883,0.357,-2.684142,gps_course,51,4.915,5.000,52,508084.891,3881304.245,1.892003,-0.240000,-0.240000,1.9444,TRACKING
707.315501,129.088639833333,35.074494333333,508081.195,3881307.846,0.386,-2.696185,gps_course,51,4.987,5.000,52,508084.891,3881304.245,1.923761,-0.240000,-0.240000,1.9444,TRACKING
707.365501,129.088639833333,35.074494333333,508081.195,3881307.846,0.386,-2.696185,gps_course,51,4.987,5.000,52,508084.891,3881304.245,1.923761,-0.240000,-0.240000,1.9444,TRACKING
707.415465,129.088639833333,35.074494333333,508081.195,3881307.846,0.386,-2.696185,gps_course,51,4.987,5.000,52,508084.891,3881304.245,1.923761,-0.240000,-0.240000,1.9444,TRACKING
707.465473,129.088639833333,35.074494333333,508081.195,3881307.846,0.386,-2.696185,gps_course,51,4.987,5.000,52,508084.891,3881304.245,1.923761,-0.240000,-0.240000,1.9444,TRACKING
707.515485,129.088639833333,35.074494333333,508081.195,3881307.846,0.386,-2.696185,gps_course,51,4.987,5.000,52,508084.891,3881304.245,1.923761,-0.240000,-0.240000,1.9444,TRACKING
707.565455,129.088638666667,35.074493833333,508081.089,3881307.790,0.418,-2.713638,gps_course,51,5.051,5.000,51,508085.482,3881305.299,2.197811,-0.228424,-0.235370,1.9444,TRACKING
707.615464,129.088638666667,35.074493833333,508081.089,3881307.790,0.418,-2.713638,gps_course,51,5.051,5.000,51,508085.482,3881305.299,2.197811,-0.228424,-0.232591,1.9444,TRACKING
707.665556,129.088638666667,35.074493833333,508081.089,3881307.790,0.418,-2.713638,gps_course,51,5.051,5.000,51,508085.482,3881305.299,2.197811,-0.228424,-0.230925,1.9444,TRACKING
707.715566,129.088638666667,35.074493833333,508081.089,3881307.790,0.418,-2.713638,gps_course,51,5.051,5.000,51,508085.482,3881305.299,2.197811,-0.228424,-0.229924,1.9444,TRACKING
707.765525,129.088638666667,35.074493833333,508081.089,3881307.790,0.418,-2.713638,gps_course,51,5.051,5.000,51,508085.482,3881305.299,2.197811,-0.228424,-0.229324,1.9444,TRACKING
707.815440,129.088637333333,35.074493333333,508080.967,3881307.735,0.457,-2.721841,gps_course,51,5.130,5.000,51,508085.482,3881305.299,2.227119,-0.220290,-0.225711,1.9444,TRACKING
707.865496,129.088637333333,35.074493333333,508080.967,3881307.735,0.457,-2.721841,gps_course,51,5.130,5.000,51,508085.482,3881305.299,2.227119,-0.220290,-0.223542,1.9444,TRACKING
707.915510,129.088637333333,35.074493333333,508080.967,3881307.735,0.457,-2.721841,gps_course,51,5.130,5.000,51,508085.482,3881305.299,2.227119,-0.220290,-0.222241,1.9444,TRACKING
707.965520,129.088637333333,35.074493333333,508080.967,3881307.735,0.457,-2.721841,gps_course,51,5.130,5.000,51,508085.482,3881305.299,2.227119,-0.220290,-0.221461,1.9444,TRACKING
708.015508,129.088637333333,35.074493333333,508080.967,3881307.735,0.457,-2.721841,gps_course,51,5.130,5.000,51,508085.482,3881305.299,2.227119,-0.220290,-0.220992,1.9444,TRACKING
708.065503,129.088637333333,35.074493333333,508080.967,3881307.735,0.457,-2.721841,gps_course,51,5.130,5.000,51,508085.482,3881305.299,2.227119,-0.220290,-0.220711,1.9444,TRACKING
708.115431,129.088635833333,35.074492833333,508080.831,3881307.679,0.457,-2.721841,gps_course,51,5.225,5.000,51,508085.482,3881305.299,2.248902,-0.212832,-0.217560,1.9444,TRACKING
708.165529,129.088635833333,35.074492833333,508080.831,3881307.679,0.457,-2.721841,gps_course,51,5.225,5.000,51,508085.482,3881305.299,2.248902,-0.212832,-0.215669,1.9444,TRACKING
708.215507,129.088635833333,35.074492833333,508080.831,3881307.679,0.457,-2.721841,gps_course,51,5.225,5.000,51,508085.482,3881305.299,2.248902,-0.212832,-0.214534,1.9444,TRACKING
708.265508,129.088635833333,35.074492833333,508080.831,3881307.679,0.457,-2.721841,gps_course,51,5.225,5.000,51,508085.482,3881305.299,2.248902,-0.212832,-0.213853,1.9444,TRACKING
708.315481,129.088635833333,35.074492833333,508080.831,3881307.679,0.457,-2.721841,gps_course,51,5.225,5.000,51,508085.482,3881305.299,2.248902,-0.212832,-0.213445,1.9444,TRACKING
708.365502,129.088634333333,35.074492166667,508080.694,3881307.605,0.529,-2.712067,gps_course,51,5.315,5.000,51,508085.482,3881305.299,2.263250,-0.206981,-0.210859,1.9444,TRACKING
708.415532,129.088634333333,35.074492166667,508080.694,3881307.605,0.529,-2.712067,gps_course,51,5.315,5.000,51,508085.482,3881305.299,2.263250,-0.206981,-0.209308,1.9444,TRACKING
708.465543,129.088634333333,35.074492166667,508080.694,3881307.605,0.529,-2.712067,gps_course,51,5.315,5.000,51,508085.482,3881305.299,2.263250,-0.206981,-0.208377,1.9444,TRACKING
708.515492,129.088634333333,35.074492166667,508080.694,3881307.605,0.529,-2.712067,gps_course,51,5.315,5.000,51,508085.482,3881305.299,2.263250,-0.206981,-0.207819,1.9444,TRACKING
708.565446,129.088632666667,35.074491500000,508080.542,3881307.531,0.563,-2.705260,gps_course,51,5.421,6.000,53,508084.755,3881303.025,1.886255,-0.219843,-0.212629,1.9444,TRACKING
708.615487,129.088632666667,35.074491500000,508080.542,3881307.531,0.563,-2.705260,gps_course,51,5.421,6.000,53,508084.755,3881303.025,1.886255,-0.219843,-0.215514,1.9444,TRACKING
708.665468,129.088632666667,35.074491500000,508080.542,3881307.531,0.563,-2.705260,gps_course,51,5.421,6.000,53,508084.755,3881303.025,1.886255,-0.219843,-0.217246,1.9444,TRACKING
708.715492,129.088632666667,35.074491500000,508080.542,3881307.531,0.563,-2.705260,gps_course,51,5.421,6.000,53,508084.755,3881303.025,1.886255,-0.219843,-0.218285,1.9444,TRACKING
708.765477,129.088632666667,35.074491500000,508080.542,3881307.531,0.563,-2.705260,gps_course,51,5.421,6.000,53,508084.755,3881303.025,1.886255,-0.219843,-0.218908,1.9444,TRACKING
708.815501,129.088631000000,35.074490833333,508080.390,3881307.457,0.597,-2.699326,gps_course,52,5.529,6.000,53,508084.755,3881303.025,1.906291,-0.216649,-0.218004,1.9444,TRACKING
708.865477,129.088631000000,35.074490833333,508080.390,3881307.457,0.597,-2.699326,gps_course,52,5.529,6.000,53,508084.755,3881303.025,1.906291,-0.216649,-0.217462,1.9444,TRACKING
708.915508,129.088631000000,35.074490833333,508080.390,3881307.457,0.597,-2.699326,gps_course,52,5.529,6.000,53,508084.755,3881303.025,1.906291,-0.216649,-0.217137,1.9444,TRACKING
708.965495,129.088631000000,35.074490833333,508080.390,3881307.457,0.597,-2.699326,gps_course,52,5.529,6.000,53,508084.755,3881303.025,1.906291,-0.216649,-0.216942,1.9444,TRACKING
709.015542,129.088631000000,35.074490833333,508080.390,3881307.457,0.597,-2.699326,gps_course,52,5.529,6.000,53,508084.755,3881303.025,1.906291,-0.216649,-0.216825,1.9444,TRACKING
709.065476,129.088629333333,35.074490000000,508080.238,3881307.364,0.633,-2.694439,gps_course,52,5.601,6.000,53,508084.755,3881303.025,1.929050,-0.213497,-0.215493,1.9444,TRACKING
709.115444,129.088629333333,35.074490000000,508080.238,3881307.364,0.633,-2.694439,gps_course,52,5.601,6.000,53,508084.755,3881303.025,1.929050,-0.213497,-0.214695,1.9444,TRACKING
709.165467,129.088629333333,35.074490000000,508080.238,3881307.364,0.633,-2.694439,gps_course,52,5.601,6.000,53,508084.755,3881303.025,1.929050,-0.213497,-0.214215,1.9444,TRACKING
709.215467,129.088629333333,35.074490000000,508080.238,3881307.364,0.633,-2.694439,gps_course,52,5.601,6.000,53,508084.755,3881303.025,1.929050,-0.213497,-0.213928,1.9444,TRACKING
709.265614,129.088629333333,35.074490000000,508080.238,3881307.364,0.633,-2.694439,gps_course,52,5.601,6.000,53,508084.755,3881303.025,1.929050,-0.213497,-0.213755,1.9444,TRACKING
709.315532,129.088629333333,35.074490000000,508080.238,3881307.364,0.633,-2.694439,gps_course,52,5.601,6.000,53,508084.755,3881303.025,1.929050,-0.213497,-0.213652,1.9444,TRACKING
709.365485,129.088627500000,35.074489333333,508080.071,3881307.290,0.671,-2.672623,gps_course,52,5.701,6.000,53,508084.755,3881303.025,1.933942,-0.210783,-0.212504,1.9444,TRACKING
709.415460,129.088627500000,35.074489333333,508080.071,3881307.290,0.671,-2.672623,gps_course,52,5.701,6.000,53,508084.755,3881303.025,1.933942,-0.210783,-0.211816,1.9444,TRACKING
709.465529,129.088627500000,35.074489333333,508080.071,3881307.290,0.671,-2.672623,gps_course,52,5.701,6.000,53,508084.755,3881303.025,1.933942,-0.210783,-0.211403,1.9444,TRACKING
709.515524,129.088627500000,35.074489333333,508080.071,3881307.290,0.671,-2.672623,gps_course,52,5.701,6.000,53,508084.755,3881303.025,1.933942,-0.210783,-0.211155,1.9444,TRACKING
709.565541,129.088625500000,35.074488500000,508079.889,3881307.198,0.704,-2.664071,gps_course,52,5.808,6.000,53,508084.755,3881303.025,1.955215,-0.206697,-0.209372,1.9444,TRACKING
709.615519,129.088625500000,35.074488500000,508079.889,3881307.198,0.704,-2.664071,gps_course,52,5.808,6.000,53,508084.755,3881303.025,1.955215,-0.206697,-0.208302,1.9444,TRACKING
709.665517,129.088625500000,35.074488500000,508079.889,3881307.198,0.704,-2.664071,gps_course,52,5.808,6.000,53,508084.755,3881303.025,1.955215,-0.206697,-0.207660,1.9444,TRACKING
709.715487,129.088625500000,35.074488500000,508079.889,3881307.198,0.704,-2.664071,gps_course,52,5.808,6.000,53,508084.755,3881303.025,1.955215,-0.206697,-0.207275,1.9444,TRACKING
709.765524,129.088625500000,35.074488500000,508079.889,3881307.198,0.704,-2.664071,gps_course,52,5.808,6.000,53,508084.755,3881303.025,1.955215,-0.206697,-0.207044,1.9444,TRACKING
709.815459,129.088623500000,35.074487500000,508079.707,3881307.087,0.742,-2.662500,gps_course,52,5.912,6.000,53,508084.755,3881303.025,1.984970,-0.202067,-0.205053,1.9444,TRACKING
709.865485,129.088623500000,35.074487500000,508079.707,3881307.087,0.742,-2.662500,gps_course,52,5.912,6.000,53,508084.755,3881303.025,1.984970,-0.202067,-0.203859,1.9444,TRACKING
709.915505,129.088623500000,35.074487500000,508079.707,3881307.087,0.742,-2.662500,gps_course,52,5.912,6.000,53,508084.755,3881303.025,1.984970,-0.202067,-0.203142,1.9444,TRACKING
709.965474,129.088623500000,35.074487500000,508079.707,3881307.087,0.742,-2.662500,gps_course,52,5.912,6.000,53,508084.755,3881303.025,1.984970,-0.202067,-0.202712,1.9444,TRACKING
710.015448,129.088623500000,35.074487500000,508079.707,3881307.087,0.742,-2.662500,gps_course,52,5.912,6.000,53,508084.755,3881303.025,1.984970,-0.202067,-0.202454,1.9444,TRACKING
710.065527,129.088621500000,35.074486666667,508079.524,3881306.994,0.776,-2.660405,gps_course,52,6.029,6.000,52,508084.891,3881304.245,2.186956,-0.193797,-0.198992,1.9444,TRACKING
710.115498,129.088621500000,35.074486666667,508079.524,3881306.994,0.776,-2.660405,gps_course,52,6.029,6.000,52,508084.891,3881304.245,2.186956,-0.193797,-0.196914,1.9444,TRACKING
710.165500,129.088621500000,35.074486666667,508079.524,3881306.994,0.776,-2.660405,gps_course,52,6.029,6.000,52,508084.891,3881304.245,2.186956,-0.193797,-0.195667,1.9444,TRACKING
710.215524,129.088621500000,35.074486666667,508079.524,3881306.994,0.776,-2.660405,gps_course,52,6.029,6.000,52,508084.891,3881304.245,2.186956,-0.193797,-0.194919,1.9444,TRACKING
710.265512,129.088621500000,35.074486666667,508079.524,3881306.994,0.776,-2.660405,gps_course,52,6.029,6.000,52,508084.891,3881304.245,2.186956,-0.193797,-0.194471,1.9444,TRACKING
710.315508,129.088621500000,35.074486666667,508079.524,3881306.994,0.776,-2.660405,gps_course,52,6.029,6.000,52,508084.891,3881304.245,2.186956,-0.193797,-0.194201,1.9444,TRACKING
710.365517,129.088619333333,35.074485666667,508079.327,3881306.883,0.811,-2.650282,gps_course,52,6.157,6.000,52,508084.891,3881304.245,2.207512,-0.187129,-0.191372,1.9444,TRACKING
710.415487,129.088619333333,35.074485666667,508079.327,3881306.883,0.811,-2.650282,gps_course,52,6.157,6.000,52,508084.891,3881304.245,2.207512,-0.187129,-0.189675,1.9444,TRACKING
710.465525,129.088619333333,35.074485666667,508079.327,3881306.883,0.811,-2.650282,gps_course,52,6.157,6.000,52,508084.891,3881304.245,2.207512,-0.187129,-0.188656,1.9444,TRACKING
710.515454,129.088619333333,35.074485666667,508079.327,3881306.883,0.811,-2.650282,gps_course,52,6.157,6.000,52,508084.891,3881304.245,2.207512,-0.187129,-0.188045,1.9444,TRACKING
710.565445,129.088617166667,35.074484500000,508079.130,3881306.753,0.842,-2.638938,gps_course,52,6.284,6.000,52,508084.891,3881304.245,2.228264,-0.180665,-0.185093,1.9444,TRACKING
710.615552,129.088617166667,35.074484500000,508079.130,3881306.753,0.842,-2.638938,gps_course,52,6.284,6.000,52,508084.891,3881304.245,2.228264,-0.180665,-0.183322,1.9444,TRACKING
710.665511,129.088617166667,35.074484500000,508079.130,3881306.753,0.842,-2.638938,gps_course,52,6.284,6.000,52,508084.891,3881304.245,2.228264,-0.180665,-0.182259,1.9444,TRACKING
710.715495,129.088617166667,35.074484500000,508079.130,3881306.753,0.842,-2.638938,gps_course,52,6.284,6.000,52,508084.891,3881304.245,2.228264,-0.180665,-0.181622,1.9444,TRACKING
710.765479,129.088617166667,35.074484500000,508079.130,3881306.753,0.842,-2.638938,gps_course,52,6.284,6.000,52,508084.891,3881304.245,2.228264,-0.180665,-0.181239,1.9444,TRACKING
710.815527,129.088614833333,35.074483333333,508078.917,3881306.624,0.876,-2.627942,gps_course,52,6.430,6.000,52,508084.891,3881304.245,2.248950,-0.173836,-0.178278,1.9444,TRACKING
710.865501,129.088614833333,35.074483333333,508078.917,3881306.624,0.876,-2.627942,gps_course,52,6.430,6.000,52,508084.891,3881304.245,2.248950,-0.173836,-0.176501,1.9444,TRACKING
710.915466,129.088614833333,35.074483333333,508078.917,3881306.624,0.876,-2.627942,gps_course,52,6.430,6.000,52,508084.891,3881304.245,2.248950,-0.173836,-0.175435,1.9444,TRACKING
710.965458,129.088614833333,35.074483333333,508078.917,3881306.624,0.876,-2.627942,gps_course,52,6.430,6.000,52,508084.891,3881304.245,2.248950,-0.173836,-0.174795,1.9444,TRACKING
711.015446,129.088614833333,35.074483333333,508078.917,3881306.624,0.876,-2.627942,gps_course,52,6.430,6.000,52,508084.891,3881304.245,2.248950,-0.173836,-0.174412,1.9444,TRACKING
711.065511,129.088612500000,35.074482166667,508078.704,3881306.494,0.904,-2.609965,gps_course,52,6.583,6.000,52,508084.891,3881304.245,2.261215,-0.168225,-0.171937,1.9444,TRACKING
711.115476,129.088612500000,35.074482166667,508078.704,3881306.494,0.904,-2.609965,gps_course,52,6.583,6.000,52,508084.891,3881304.245,2.261215,-0.168225,-0.170452,1.9444,TRACKING
711.165464,129.088612500000,35.074482166667,508078.704,3881306.494,0.904,-2.609965,gps_course,52,6.583,6.000,52,508084.891,3881304.245,2.261215,-0.168225,-0.169561,1.9444,TRACKING
711.215520,129.088612500000,35.074482166667,508078.704,3881306.494,0.904,-2.609965,gps_course,52,6.583,6.000,52,508084.891,3881304.245,2.261215,-0.168225,-0.169026,1.9444,TRACKING
711.265489,129.088612500000,35.074482166667,508078.704,3881306.494,0.904,-2.609965,gps_course,52,6.583,6.000,52,508084.891,3881304.245,2.261215,-0.168225,-0.168706,1.9444,TRACKING
711.315492,129.088612500000,35.074482166667,508078.704,3881306.494,0.904,-2.609965,gps_course,52,6.583,6.000,52,508084.891,3881304.245,2.261215,-0.168225,-0.168513,1.9444,TRACKING
711.365493,129.088610166667,35.074481000000,508078.492,3881306.365,0.941,-2.603159,gps_course,52,6.741,6.000,52,508084.891,3881304.245,2.283254,-0.161366,-0.165654,1.9444,TRACKING
711.415526,129.088610166667,35.074481000000,508078.492,3881306.365,0.941,-2.603159,gps_course,52,6.741,6.000,52,508084.891,3881304.245,2.283254,-0.161366,-0.163939,1.9444,TRACKING
711.465515,129.088610166667,35.074481000000,508078.492,3881306.365,0.941,-2.603159,gps_course,52,6.741,6.000,52,508084.891,3881304.245,2.283254,-0.161366,-0.162910,1.9444,TRACKING
711.515552,129.088610166667,35.074481000000,508078.492,3881306.365,0.941,-2.603159,gps_course,52,6.741,6.000,52,508084.891,3881304.245,2.283254,-0.161366,-0.162292,1.9444,TRACKING
711.565458,129.088607666667,35.074479666667,508078.264,3881306.217,0.973,-2.597923,gps_course,52,6.914,6.000,52,508084.891,3881304.245,2.308713,-0.153941,-0.158952,1.9444,TRACKING
711.615485,129.088607666667,35.074479666667,508078.264,3881306.217,0.973,-2.597923,gps_course,52,6.914,6.000,52,508084.891,3881304.245,2.308713,-0.153941,-0.156947,1.9444,TRACKING
711.665543,129.088607666667,35.074479666667,508078.264,3881306.217,0.973,-2.597923,gps_course,52,6.914,6.000,52,508084.891,3881304.245,2.308713,-0.153941,-0.155745,1.9444,TRACKING
711.715492,129.088607666667,35.074479666667,508078.264,3881306.217,0.973,-2.597923,gps_course,52,6.914,6.000,52,508084.891,3881304.245,2.308713,-0.153941,-0.155023,1.9444,TRACKING
711.765522,129.088607666667,35.074479666667,508078.264,3881306.217,0.973,-2.597923,gps_course,52,6.914,6.000,52,508084.891,3881304.245,2.308713,-0.153941,-0.154590,1.9444,TRACKING
711.815504,129.088605000000,35.074478500000,508078.021,3881306.087,1.012,-2.600715,gps_course,52,7.112,6.000,52,508084.891,3881304.245,2.338718,-0.145616,-0.151000,1.9444,TRACKING
711.865446,129.088605000000,35.074478500000,508078.021,3881306.087,1.012,-2.600715,gps_course,52,7.112,6.000,52,508084.891,3881304.245,2.338718,-0.145616,-0.148846,1.9444,TRACKING
711.915461,129.088605000000,35.074478500000,508078.021,3881306.087,1.012,-2.600715,gps_course,52,7.112,6.000,52,508084.891,3881304.245,2.338718,-0.145616,-0.147554,1.9444,TRACKING
711.965500,129.088605000000,35.074478500000,508078.021,3881306.087,1.012,-2.600715,gps_course,52,7.112,6.000,52,508084.891,3881304.245,2.338718,-0.145616,-0.146779,1.9444,TRACKING
712.015496,129.088605000000,35.074478500000,508078.021,3881306.087,1.012,-2.600715,gps_course,52,7.112,6.000,52,508084.891,3881304.245,2.338718,-0.145616,-0.146314,1.9444,TRACKING
712.065499,129.088602500000,35.074477166667,508077.793,3881305.939,1.048,-2.602984,gps_course,52,7.297,6.000,52,508084.891,3881304.245,2.368675,-0.137867,-0.142935,1.9444,TRACKING
712.115515,129.088602500000,35.074477166667,508077.793,3881305.939,1.048,-2.602984,gps_course,52,7.297,6.000,52,508084.891,3881304.245,2.368675,-0.137867,-0.140908,1.9444,TRACKING
712.165931,129.088602500000,35.074477166667,508077.793,3881305.939,1.048,-2.602984,gps_course,52,7.297,6.000,52,508084.891,3881304.245,2.368675,-0.137867,-0.139692,1.9444,TRACKING
712.215435,129.088602500000,35.074477166667,508077.793,3881305.939,1.048,-2.602984,gps_course,52,7.297,6.000,52,508084.891,3881304.245,2.368675,-0.137867,-0.138962,1.9444,TRACKING
712.265838,129.088602500000,35.074477166667,508077.793,3881305.939,1.048,-2.602984,gps_course,52,7.297,6.000,52,508084.891,3881304.245,2.368675,-0.137867,-0.138524,1.9444,TRACKING
712.315510,129.088602500000,35.074477166667,508077.793,3881305.939,1.048,-2.602984,gps_course,52,7.297,6.000,52,508084.891,3881304.245,2.368675,-0.137867,-0.138262,1.9444,TRACKING
712.365506,129.088599833333,35.074475833333,508077.550,3881305.791,1.081,-2.602635,gps_course,52,7.502,6.000,52,508084.891,3881304.245,2.395050,-0.130520,-0.135165,1.9444,TRACKING
712.415487,129.088599833333,35.074475833333,508077.550,3881305.791,1.081,-2.602635,gps_course,52,7.502,6.000,52,508084.891,3881304.245,2.395050,-0.130520,-0.133307,1.9444,TRACKING
712.465510,129.088599833333,35.074475833333,508077.550,3881305.791,1.081,-2.602635,gps_course,52,7.502,6.000,52,508084.891,3881304.245,2.395050,-0.130520,-0.132192,1.9444,TRACKING
712.515505,129.088599833333,35.074475833333,508077.550,3881305.791,1.081,-2.602635,gps_course,52,7.502,6.000,52,508084.891,3881304.245,2.395050,-0.130520,-0.131523,1.9444,TRACKING
712.565519,129.088597333333,35.074474500000,508077.322,3881305.643,1.091,-2.602111,gps_course,52,7.696,6.000,52,508084.891,3881304.245,2.419454,-0.123894,-0.128472,1.9444,TRACKING
712.615485,129.088597333333,35.074474500000,508077.322,3881305.643,1.091,-2.602111,gps_course,52,7.696,6.000,52,508084.891,3881304.245,2.419454,-0.123894,-0.126640,1.9444,TRACKING
712.665508,129.088597333333,35.074474500000,508077.322,3881305.643,1.091,-2.602111,gps_course,52,7.696,6.000,52,508084.891,3881304.245,2.419454,-0.123894,-0.125542,1.9444,TRACKING
712.715544,129.088597333333,35.074474500000,508077.322,3881305.643,1.091,-2.602111,gps_course,52,7.696,6.000,52,508084.891,3881304.245,2.419454,-0.123894,-0.124883,1.9444,TRACKING
712.765512,129.088597333333,35.074474500000,508077.322,3881305.643,1.091,-2.602111,gps_course,52,7.696,6.000,52,508084.891,3881304.245,2.419454,-0.123894,-0.124487,1.9444,TRACKING
712.815468,129.088597333333,35.074474500000,508077.322,3881305.643,1.091,-2.602111,gps_course,52,7.696,6.000,52,508084.891,3881304.245,2.419454,-0.123894,-0.124250,1.9444,TRACKING
712.865501,129.088595000000,35.074473333333,508077.110,3881305.513,1.085,-2.593908,gps_course,52,7.884,6.000,52,508084.891,3881304.245,2.432313,-0.119220,-0.122238,1.9444,TRACKING
712.915515,129.088595000000,35.074473333333,508077.110,3881305.513,1.085,-2.593908,gps_course,52,7.884,6.000,52,508084.891,3881304.245,2.432313,-0.119220,-0.121031,1.9444,TRACKING
712.965552,129.088595000000,35.074473333333,508077.110,3881305.513,1.085,-2.593908,gps_course,52,7.884,6.000,52,508084.891,3881304.245,2.432313,-0.119220,-0.120307,1.9444,TRACKING
713.015478,129.088595000000,35.074473333333,508077.110,3881305.513,1.085,-2.593908,gps_course,52,7.884,6.000,52,508084.891,3881304.245,2.432313,-0.119220,-0.119872,1.9444,TRACKING
713.065477,129.088595000000,35.074473333333,508077.110,3881305.513,1.085,-2.593908,gps_course,52,7.884,6.000,52,508084.891,3881304.245,2.432313,-0.119220,-0.119611,1.9444,TRACKING
713.115523,129.088592833333,35.074472166667,508076.912,3881305.384,1.085,-2.593908,gps_course,52,8.059,6.000,52,508084.891,3881304.245,2.452122,-0.113956,-0.117349,1.9444,TRACKING
713.165518,129.088592833333,35.074472166667,508076.912,3881305.384,1.085,-2.593908,gps_course,52,8.059,6.000,52,508084.891,3881304.245,2.452122,-0.113956,-0.115992,1.9444,TRACKING
713.215476,129.088592833333,35.074472166667,508076.912,3881305.384,1.085,-2.593908,gps_course,52,8.059,6.000,52,508084.891,3881304.245,2.452122,-0.113956,-0.115177,1.9444,TRACKING
713.265462,129.088592833333,35.074472166667,508076.912,3881305.384,1.085,-2.593908,gps_course,52,8.059,6.000,52,508084.891,3881304.245,2.452122,-0.113956,-0.114689,1.9444,TRACKING
713.315519,129.088592833333,35.074472166667,508076.912,3881305.384,1.085,-2.593908,gps_course,52,8.059,6.000,52,508084.891,3881304.245,2.452122,-0.113956,-0.114395,1.9444,TRACKING
713.365524,129.088590833333,35.074471166667,508076.730,3881305.273,1.000,-2.586229,gps_course,52,8.225,6.000,52,508084.891,3881304.245,2.460941,-0.110488,-0.112832,1.9444,TRACKING
713.415518,129.088590833333,35.074471166667,508076.730,3881305.273,1.000,-2.586229,gps_course,52,8.225,6.000,52,508084.891,3881304.245,2.460941,-0.110488,-0.111895,1.9444,TRACKING
713.465523,129.088590833333,35.074471166667,508076.730,3881305.273,1.000,-2.586229,gps_course,52,8.225,6.000,52,508084.891,3881304.245,2.460941,-0.110488,-0.111332,1.9444,TRACKING
713.515504,129.088590833333,35.074471166667,508076.730,3881305.273,1.000,-2.586229,gps_course,52,8.225,6.000,52,508084.891,3881304.245,2.460941,-0.110488,-0.110994,1.9444,TRACKING
713.565465,129.088590833333,35.074471166667,508076.730,3881305.273,1.000,-2.586229,gps_course,52,8.225,6.000,52,508084.891,3881304.245,2.460941,-0.110488,-0.110792,1.9444,TRACKING
713.615518,129.088589000000,35.074470166667,508076.563,3881305.162,0.946,-2.579073,gps_course,52,8.378,6.000,52,508084.891,3881304.245,2.469428,-0.107356,-0.109417,1.9444,TRACKING
713.665533,129.088589000000,35.074470166667,508076.563,3881305.162,0.946,-2.579073,gps_course,52,8.378,6.000,52,508084.891,3881304.245,2.469428,-0.107356,-0.108593,1.9444,TRACKING
713.715522,129.088589000000,35.074470166667,508076.563,3881305.162,0.946,-2.579073,gps_course,52,8.378,6.000,52,508084.891,3881304.245,2.469428,-0.107356,-0.108098,1.9444,TRACKING
713.765553,129.088589000000,35.074470166667,508076.563,3881305.162,0.946,-2.579073,gps_course,52,8.378,6.000,52,508084.891,3881304.245,2.469428,-0.107356,-0.107801,1.9444,TRACKING
713.815540,129.088589000000,35.074470166667,508076.563,3881305.162,0.946,-2.579073,gps_course,52,8.378,6.000,52,508084.891,3881304.245,2.469428,-0.107356,-0.107623,1.9444,TRACKING
713.865523,129.088587333333,35.074469333333,508076.411,3881305.069,0.876,-2.577153,gps_course,52,8.519,6.000,52,508084.891,3881304.245,2.480257,-0.104153,-0.106235,1.9444,TRACKING
713.915522,129.088587333333,35.074469333333,508076.411,3881305.069,0.876,-2.577153,gps_course,52,8.519,6.000,52,508084.891,3881304.245,2.480257,-0.104153,-0.105402,1.9444,TRACKING
713.965503,129.088587333333,35.074469333333,508076.411,3881305.069,0.876,-2.577153,gps_course,52,8.519,6.000,52,508084.891,3881304.245,2.480257,-0.104153,-0.104902,1.9444,TRACKING
714.015481,129.088587333333,35.074469333333,508076.411,3881305.069,0.876,-2.577153,gps_course,52,8.519,6.000,52,508084.891,3881304.245,2.480257,-0.104153,-0.104603,1.9444,TRACKING
714.065477,129.088587333333,35.074469333333,508076.411,3881305.069,0.876,-2.577153,gps_course,52,8.519,6.000,52,508084.891,3881304.245,2.480257,-0.104153,-0.104423,1.9444,TRACKING
714.115508,129.088585833333,35.074468500000,508076.275,3881304.977,0.816,-2.587276,gps_course,52,8.647,6.000,52,508084.891,3881304.245,2.502561,-0.099679,-0.102525,1.9444,TRACKING
714.165498,129.088585833333,35.074468500000,508076.275,3881304.977,0.816,-2.587276,gps_course,52,8.647,6.000,52,508084.891,3881304.245,2.502561,-0.099679,-0.101387,1.9444,TRACKING
714.215493,129.088585833333,35.074468500000,508076.275,3881304.977,0.816,-2.587276,gps_course,52,8.647,6.000,52,508084.891,3881304.245,2.502561,-0.099679,-0.100704,1.9444,TRACKING
714.265492,129.088585833333,35.074468500000,508076.275,3881304.977,0.816,-2.587276,gps_course,52,8.647,6.000,52,508084.891,3881304.245,2.502561,-0.099679,-0.100294,1.9444,TRACKING
714.315501,129.088585833333,35.074468500000,508076.275,3881304.977,0.816,-2.587276,gps_course,52,8.647,6.000,52,508084.891,3881304.245,2.502561,-0.099679,-0.100048,1.9444,TRACKING
714.365469,129.088584333333,35.074467833333,508076.138,3881304.903,0.750,-2.589021,gps_course,52,8.778,6.000,52,508084.891,3881304.245,2.514030,-0.096696,-0.098707,1.9444,TRACKING
714.415456,129.088584333333,35.074467833333,508076.138,3881304.903,0.750,-2.589021,gps_course,52,8.778,6.000,52,508084.891,3881304.245,2.514030,-0.096696,-0.097902,1.9444,TRACKING
714.465486,129.088584333333,35.074467833333,508076.138,3881304.903,0.750,-2.589021,gps_course,52,8.778,6.000,52,508084.891,3881304.245,2.514030,-0.096696,-0.097420,1.9444,TRACKING
714.515520,129.088584333333,35.074467833333,508076.138,3881304.903,0.750,-2.589021,gps_course,52,8.778,6.000,52,508084.891,3881304.245,2.514030,-0.096696,-0.097130,1.9444,TRACKING
714.565431,129.088583000000,35.074467166667,508076.016,3881304.828,0.694,-2.585880,gps_course,52,8.893,6.000,52,508084.891,3881304.245,2.520214,-0.094632,-0.096131,1.9444,TRACKING
714.615508,129.088583000000,35.074467166667,508076.016,3881304.828,0.694,-2.585880,gps_course,52,8.893,6.000,52,508084.891,3881304.245,2.520214,-0.094632,-0.095531,1.9444,TRACKING
714.665492,129.088583000000,35.074467166667,508076.016,3881304.828,0.694,-2.585880,gps_course,52,8.893,6.000,52,508084.891,3881304.245,2.520214,-0.094632,-0.095171,1.9444,TRACKING
714.715475,129.088583000000,35.074467166667,508076.016,3881304.828,0.694,-2.585880,gps_course,52,8.893,6.000,52,508084.891,3881304.245,2.520214,-0.094632,-0.094955,1.9444,TRACKING
714.765467,129.088583000000,35.074467166667,508076.016,3881304.828,0.694,-2.585880,gps_course,52,8.893,6.000,52,508084.891,3881304.245,2.520214,-0.094632,-0.094826,1.9444,TRACKING
714.815504,129.088581833333,35.074466500000,508075.910,3881304.754,0.647,-2.578724,gps_course,52,8.995,6.000,52,508084.891,3881304.245,2.522046,-0.093331,-0.094228,1.9444,TRACKING
714.865496,129.088581833333,35.074466500000,508075.910,3881304.754,0.647,-2.578724,gps_course,52,8.995,6.000,52,508084.891,3881304.245,2.522046,-0.093331,-0.093869,1.9444,TRACKING
714.915516,129.088581833333,35.074466500000,508075.910,3881304.754,0.647,-2.578724,gps_course,52,8.995,6.000,52,508084.891,3881304.245,2.522046,-0.093331,-0.093654,1.9444,TRACKING
714.965486,129.088581833333,35.074466500000,508075.910,3881304.754,0.647,-2.578724,gps_course,52,8.995,6.000,52,508084.891,3881304.245,2.522046,-0.093331,-0.093525,1.9444,TRACKING
715.015522,129.088581833333,35.074466500000,508075.910,3881304.754,0.647,-2.578724,gps_course,52,8.995,6.000,52,508084.891,3881304.245,2.522046,-0.093331,-0.093447,1.9444,TRACKING
715.065492,129.088580666667,35.074465833333,508075.804,3881304.680,0.601,-2.580993,gps_course,52,9.097,6.000,52,508084.891,3881304.245,2.533101,-0.090860,-0.092412,1.9444,TRACKING
715.115534,129.088580666667,35.074465833333,508075.804,3881304.680,0.601,-2.580993,gps_course,52,9.097,6.000,52,508084.891,3881304.245,2.533101,-0.090860,-0.091791,1.9444,TRACKING
715.165503,129.088580666667,35.074465833333,508075.804,3881304.680,0.601,-2.580993,gps_course,52,9.097,6.000,52,508084.891,3881304.245,2.533101,-0.090860,-0.091419,1.9444,TRACKING
715.215593,129.088580666667,35.074465833333,508075.804,3881304.680,0.601,-2.580993,gps_course,52,9.097,6.000,52,508084.891,3881304.245,2.533101,-0.090860,-0.091195,1.9444,TRACKING
715.265487,129.088580666667,35.074465833333,508075.804,3881304.680,0.601,-2.580993,gps_course,52,9.097,6.000,52,508084.891,3881304.245,2.533101,-0.090860,-0.091061,1.9444,TRACKING
715.315500,129.088580666667,35.074465833333,508075.804,3881304.680,0.601,-2.580993,gps_course,52,9.097,6.000,52,508084.891,3881304.245,2.533101,-0.090860,-0.090980,1.9444,TRACKING
715.365446,129.088579666667,35.074465333333,508075.713,3881304.625,0.550,-2.580644,gps_course,53,9.183,5.000,53,508084.755,3881303.025,2.405512,-0.105620,-0.096836,1.9444,TRACKING
715.415499,129.088579666667,35.074465333333,508075.713,3881304.625,0.550,-2.580644,gps_course,53,9.183,5.000,53,508084.755,3881303.025,2.405512,-0.105620,-0.100350,1.9444,TRACKING
715.465484,129.088579666667,35.074465333333,508075.713,3881304.625,0.550,-2.580644,gps_course,53,9.183,5.000,53,508084.755,3881303.025,2.405512,-0.105620,-0.102458,1.9444,TRACKING
715.515549,129.088579666667,35.074465333333,508075.713,3881304.625,0.550,-2.580644,gps_course,53,9.183,5.000,53,508084.755,3881303.025,2.405512,-0.105620,-0.103723,1.9444,TRACKING
715.565513,129.088578666667,35.074464833333,508075.622,3881304.569,0.502,-2.571568,gps_course,53,9.263,5.000,53,508084.755,3881303.025,2.404053,-0.104878,-0.104185,1.9444,TRACKING
715.615507,129.088578666667,35.074464833333,508075.622,3881304.569,0.502,-2.571568,gps_course,53,9.263,5.000,53,508084.755,3881303.025,2.404053,-0.104878,-0.104462,1.9444,TRACKING
715.665456,129.088578666667,35.074464833333,508075.622,3881304.569,0.502,-2.571568,gps_course,53,9.263,5.000,53,508084.755,3881303.025,2.404053,-0.104878,-0.104629,1.9444,TRACKING
715.715448,129.088578666667,35.074464833333,508075.622,3881304.569,0.502,-2.571568,gps_course,53,9.263,5.000,53,508084.755,3881303.025,2.404053,-0.104878,-0.104729,1.9444,TRACKING
715.765514,129.088578666667,35.074464833333,508075.622,3881304.569,0.502,-2.571568,gps_course,53,9.263,5.000,53,508084.755,3881303.025,2.404053,-0.104878,-0.104789,1.9444,TRACKING
715.815514,129.088577666667,35.074464333333,508075.530,3881304.514,0.465,-2.577328,gps_course,53,9.344,5.000,53,508084.755,3881303.025,2.417299,-0.102463,-0.103858,1.9444,TRACKING
715.865497,129.088577666667,35.074464333333,508075.530,3881304.514,0.465,-2.577328,gps_course,53,9.344,5.000,53,508084.755,3881303.025,2.417299,-0.102463,-0.103300,1.9444,TRACKING
715.915518,129.088577666667,35.074464333333,508075.530,3881304.514,0.465,-2.577328,gps_course,53,9.344,5.000,53,508084.755,3881303.025,2.417299,-0.102463,-0.102966,1.9444,TRACKING
715.965451,129.088577666667,35.074464333333,508075.530,3881304.514,0.465,-2.577328,gps_course,53,9.344,5.000,53,508084.755,3881303.025,2.417299,-0.102463,-0.102765,1.9444,TRACKING
716.015471,129.088577666667,35.074464333333,508075.530,3881304.514,0.465,-2.577328,gps_course,53,9.344,5.000,53,508084.755,3881303.025,2.417299,-0.102463,-0.102644,1.9444,TRACKING
716.065495,129.088577666667,35.074464333333,508075.530,3881304.514,0.465,-2.577328,gps_course,53,9.344,5.000,53,508084.755,3881303.025,2.417299,-0.102463,-0.102572,1.9444,TRACKING
716.115488,129.088576500000,35.074463666667,508075.424,3881304.440,0.465,-2.577328,gps_course,53,9.438,5.000,53,508084.755,3881303.025,2.426837,-0.100363,-0.101688,1.9444,TRACKING
716.165485,129.088576500000,35.074463666667,508075.424,3881304.440,0.465,-2.577328,gps_course,53,9.438,5.000,53,508084.755,3881303.025,2.426837,-0.100363,-0.101158,1.9444,TRACKING
716.215498,129.088576500000,35.074463666667,508075.424,3881304.440,0.465,-2.577328,gps_course,53,9.438,5.000,53,508084.755,3881303.025,2.426837,-0.100363,-0.100840,1.9444,TRACKING
716.265452,129.088576500000,35.074463666667,508075.424,3881304.440,0.465,-2.577328,gps_course,53,9.438,5.000,53,508084.755,3881303.025,2.426837,-0.100363,-0.100650,1.9444,TRACKING
716.315493,129.088575333333,35.074463000000,508075.318,3881304.366,0.465,-2.577328,gps_course,53,9.532,5.000,53,508084.755,3881303.025,2.436187,-0.098308,-0.099713,1.9444,TRACKING
716.365502,129.088575333333,35.074463000000,508075.318,3881304.366,0.465,-2.577328,gps_course,53,9.532,5.000,53,508084.755,3881303.025,2.436187,-0.098308,-0.099151,1.9444,TRACKING
716.415536,129.088575333333,35.074463000000,508075.318,3881304.366,0.465,-2.577328,gps_course,53,9.532,5.000,53,508084.755,3881303.025,2.436187,-0.098308,-0.098814,1.9444,TRACKING
716.465485,129.088575333333,35.074463000000,508075.318,3881304.366,0.465,-2.577328,gps_course,53,9.532,5.000,53,508084.755,3881303.025,2.436187,-0.098308,-0.098611,1.9444,TRACKING
716.515519,129.088575333333,35.074463000000,508075.318,3881304.366,0.465,-2.577328,gps_course,53,9.532,5.000,53,508084.755,3881303.025,2.436187,-0.098308,-0.098490,1.9444,TRACKING
716.565463,129.088573833333,35.074462333333,508075.181,3881304.292,0.507,-2.569997,gps_course,53,9.657,5.000,53,508084.755,3881303.025,2.438440,-0.096784,-0.097808,1.9444,TRACKING
716.615503,129.088573833333,35.074462333333,508075.181,3881304.292,0.507,-2.569997,gps_course,53,9.657,5.000,53,508084.755,3881303.025,2.438440,-0.096784,-0.097398,1.9444,TRACKING
716.665514,129.088573833333,35.074462333333,508075.181,3881304.292,0.507,-2.569997,gps_course,53,9.657,5.000,53,508084.755,3881303.025,2.438440,-0.096784,-0.097153,1.9444,TRACKING
716.715522,129.088573833333,35.074462333333,508075.181,3881304.292,0.507,-2.569997,gps_course,53,9.657,5.000,53,508084.755,3881303.025,2.438440,-0.096784,-0.097005,1.9444,TRACKING
716.765508,129.088573833333,35.074462333333,508075.181,3881304.292,0.507,-2.569997,gps_course,53,9.657,5.000,53,508084.755,3881303.025,2.438440,-0.096784,-0.096917,1.9444,TRACKING
716.815453,129.088572500000,35.074461500000,508075.060,3881304.199,0.546,-2.570695,gps_course,53,9.766,5.000,53,508084.755,3881303.025,2.450162,-0.094390,-0.095906,1.9444,TRACKING
716.865472,129.088572500000,35.074461500000,508075.060,3881304.199,0.546,-2.570695,gps_course,53,9.766,5.000,53,508084.755,3881303.025,2.450162,-0.094390,-0.095300,1.9444,TRACKING
716.915617,129.088572500000,35.074461500000,508075.060,3881304.199,0.546,-2.570695,gps_course,53,9.766,5.000,53,508084.755,3881303.025,2.450162,-0.094390,-0.094936,1.9444,TRACKING
716.965510,129.088572500000,35.074461500000,508075.060,3881304.199,0.546,-2.570695,gps_course,53,9.766,5.000,53,508084.755,3881303.025,2.450162,-0.094390,-0.094717,1.9444,TRACKING
717.015515,129.088572500000,35.074461500000,508075.060,3881304.199,0.546,-2.570695,gps_course,53,9.766,5.000,53,508084.755,3881303.025,2.450162,-0.094390,-0.094586,1.9444,TRACKING
717.065506,129.088570833333,35.074460666667,508074.908,3881304.107,0.587,-2.565983,gps_course,53,9.906,6.000,53,508084.755,3881303.025,2.456568,-0.092343,-0.093689,1.9444,TRACKING
717.115499,129.088570833333,35.074460666667,508074.908,3881304.107,0.587,-2.565983,gps_course,53,9.906,6.000,53,508084.755,3881303.025,2.456568,-0.092343,-0.093151,1.9444,TRACKING
717.165498,129.088570833333,35.074460666667,508074.908,3881304.107,0.587,-2.565983,gps_course,53,9.906,6.000,53,508084.755,3881303.025,2.456568,-0.092343,-0.092828,1.9444,TRACKING
717.215498,129.088570833333,35.074460666667,508074.908,3881304.107,0.587,-2.565983,gps_course,53,9.906,6.000,53,508084.755,3881303.025,2.456568,-0.092343,-0.092634,1.9444,TRACKING
717.265460,129.088570833333,35.074460666667,508074.908,3881304.107,0.587,-2.565983,gps_course,53,9.906,6.000,53,508084.755,3881303.025,2.456568,-0.092343,-0.092518,1.9444,TRACKING
717.315515,129.088570833333,35.074460666667,508074.908,3881304.107,0.587,-2.565983,gps_course,53,9.906,6.000,53,508084.755,3881303.025,2.456568,-0.092343,-0.092448,1.9444,TRACKING
717.365495,129.088569166667,35.074459666667,508074.756,3881303.996,0.632,-2.567205,gps_course,53,10.046,,,,,,,-0.092448,0.0000,STOP_ROUTE_ERROR
717.415520,129.088569166667,35.074459666667,508074.756,3881303.996,0.632,-2.567205,gps_course,53,10.046,,,,,,,0.000000,0.0000,STOP_ROUTE_ERROR
717.465446,129.088569166667,35.074459666667,508074.756,3881303.996,0.632,-2.567205,gps_course,53,10.046,,,,,,,0.000000,0.0000,STOP_ROUTE_ERROR
717.515476,129.088569166667,35.074459666667,508074.756,3881303.996,0.632,-2.567205,gps_course,53,10.046,,,,,,,0.000000,0.0000,STOP_ROUTE_ERROR
717.565489,129.088567333333,35.074458833333,508074.589,3881303.903,0.673,-2.572790,gps_course,53,10.204,,,,,,,0.000000,0.0000,STOP_ROUTE_ERROR
717.615472,129.088567333333,35.074458833333,508074.589,3881303.903,0.673,-2.572790,gps_course,53,10.204,,,,,,,0.000000,0.0000,STOP_ROUTE_ERROR
717.665452,129.088567333333,35.074458833333,508074.589,3881303.903,0.673,-2.572790,gps_course,53,10.204,,,,,,,0.000000,0.0000,STOP_ROUTE_ERROR
717.715483,129.088567333333,35.074458833333,508074.589,3881303.903,0.673,-2.572790,gps_course,53,10.204,,,,,,,0.000000,0.0000,STOP_ROUTE_ERROR
717.765450,129.088567333333,35.074458833333,508074.589,3881303.903,0.673,-2.572790,gps_course,53,10.204,,,,,,,0.000000,0.0000,STOP_ROUTE_ERROR
717.815504,129.088565333333,35.074457833333,508074.407,3881303.792,0.722,-2.577328,gps_course,53,10.377,,,,,,,0.000000,0.0000,STOP_ROUTE_ERROR
717.865480,129.088565333333,35.074457833333,508074.407,3881303.792,0.722,-2.577328,gps_course,53,10.377,,,,,,,0.000000,0.0000,STOP_ROUTE_ERROR
717.915520,129.088565333333,35.074457833333,508074.407,3881303.792,0.722,-2.577328,gps_course,53,10.377,,,,,,,0.000000,0.0000,STOP_ROUTE_ERROR
717.965523,129.088565333333,35.074457833333,508074.407,3881303.792,0.722,-2.577328,gps_course,53,10.377,,,,,,,0.000000,0.0000,STOP_ROUTE_ERROR
718.015521,129.088565333333,35.074457833333,508074.407,3881303.792,0.722,-2.577328,gps_course,53,10.377,,,,,,,0.000000,0.0000,STOP_ROUTE_ERROR
718.065560,129.088563500000,35.074456833333,508074.240,3881303.681,0.760,-2.579597,gps_course,53,10.536,,,,,,,0.000000,0.0000,STOP_ROUTE_ERROR
718.115516,129.088563500000,35.074456833333,508074.240,3881303.681,0.760,-2.579597,gps_course,53,10.536,,,,,,,0.000000,0.0000,STOP_ROUTE_ERROR
718.165497,129.088563500000,35.074456833333,508074.240,3881303.681,0.760,-2.579597,gps_course,53,10.536,,,,,,,0.000000,0.0000,STOP_ROUTE_ERROR
718.215458,129.088563500000,35.074456833333,508074.240,3881303.681,0.760,-2.579597,gps_course,53,10.536,,,,,,,0.000000,0.0000,STOP_ROUTE_ERROR
718.265556,129.088563500000,35.074456833333,508074.240,3881303.681,0.760,-2.579597,gps_course,53,10.536,,,,,,,0.000000,0.0000,STOP_ROUTE_ERROR
718.315440,129.088563500000,35.074456833333,508074.240,3881303.681,0.760,-2.579597,gps_course,53,10.536,,,,,,,0.000000,0.0000,STOP_ROUTE_ERROR
718.365515,129.088561500000,35.074455833333,508074.057,3881303.570,0.791,-2.572964,gps_course,53,10.712,,,,,,,0.000000,0.0000,STOP_ROUTE_ERROR
718.415456,129.088561500000,35.074455833333,508074.057,3881303.570,0.791,-2.572964,gps_course,53,10.712,,,,,,,0.000000,0.0000,STOP_ROUTE_ERROR
718.465514,129.088561500000,35.074455833333,508074.057,3881303.570,0.791,-2.572964,gps_course,53,10.712,,,,,,,0.000000,0.0000,STOP_ROUTE_ERROR
718.515490,129.088561500000,35.074455833333,508074.057,3881303.570,0.791,-2.572964,gps_course,53,10.712,,,,,,,0.000000,0.0000,STOP_ROUTE_ERROR
718.565494,129.088559333333,35.074454666667,508073.860,3881303.440,0.822,-2.574884,gps_course,53,10.903,,,,,,,0.000000,0.0000,STOP_ROUTE_ERROR
718.615470,129.088559333333,35.074454666667,508073.860,3881303.440,0.822,-2.574884,gps_course,53,10.903,,,,,,,0.000000,0.0000,STOP_ROUTE_ERROR
718.665484,129.088559333333,35.074454666667,508073.860,3881303.440,0.822,-2.574884,gps_course,53,10.903,,,,,,,0.000000,0.0000,STOP_ROUTE_ERROR
718.715502,129.088559333333,35.074454666667,508073.860,3881303.440,0.822,-2.574884,gps_course,53,10.903,,,,,,,0.000000,0.0000,STOP_ROUTE_ERROR
718.765508,129.088559333333,35.074454666667,508073.860,3881303.440,0.822,-2.574884,gps_course,53,10.903,,,,,,,0.000000,0.0000,STOP_ROUTE_ERROR
718.815464,129.088557333333,35.074453666667,508073.678,3881303.329,0.852,-2.579422,gps_course,53,11.081,,,,,,,0.000000,0.0000,STOP_ROUTE_ERROR
718.865493,129.088557333333,35.074453666667,508073.678,3881303.329,0.852,-2.579422,gps_course,53,11.081,,,,,,,0.000000,0.0000,STOP_ROUTE_ERROR
718.915491,129.088557333333,35.074453666667,508073.678,3881303.329,0.852,-2.579422,gps_course,53,11.081,,,,,,,0.000000,0.0000,STOP_ROUTE_ERROR
718.965492,129.088557333333,35.074453666667,508073.678,3881303.329,0.852,-2.579422,gps_course,53,11.081,,,,,,,0.000000,0.0000,STOP_ROUTE_ERROR
719.015528,129.088557333333,35.074453666667,508073.678,3881303.329,0.852,-2.579422,gps_course,53,11.081,,,,,,,0.000000,0.0000,STOP_ROUTE_ERROR
719.065451,129.088555333333,35.074452500000,508073.495,3881303.200,0.871,-2.576106,gps_course,53,11.261,,,,,,,0.000000,0.0000,STOP_ROUTE_ERROR
719.115561,129.088555333333,35.074452500000,508073.495,3881303.200,0.871,-2.576106,gps_course,53,11.261,,,,,,,0.000000,0.0000,STOP_ROUTE_ERROR
719.165461,129.088555333333,35.074452500000,508073.495,3881303.200,0.871,-2.576106,gps_course,53,11.261,,,,,,,0.000000,0.0000,STOP_ROUTE_ERROR
719.215467,129.088555333333,35.074452500000,508073.495,3881303.200,0.871,-2.576106,gps_course,53,11.261,,,,,,,0.000000,0.0000,STOP_ROUTE_ERROR
719.265516,129.088555333333,35.074452500000,508073.495,3881303.200,0.871,-2.576106,gps_course,53,11.261,,,,,,,0.000000,0.0000,STOP_ROUTE_ERROR
719.315458,129.088555333333,35.074452500000,508073.495,3881303.200,0.871,-2.576106,gps_course,53,11.261,,,,,,,0.000000,0.0000,STOP_ROUTE_ERROR
719.365477,129.088553666667,35.074451666667,508073.344,3881303.107,0.856,-2.572790,gps_course,53,11.412,,,,,,,0.000000,0.0000,STOP_ROUTE_ERROR
719.415462,129.088553666667,35.074451666667,508073.344,3881303.107,0.856,-2.572790,gps_course,53,11.412,,,,,,,0.000000,0.0000,STOP_ROUTE_ERROR
719.465464,129.088553666667,35.074451666667,508073.344,3881303.107,0.856,-2.572790,gps_course,53,11.412,,,,,,,0.000000,0.0000,STOP_ROUTE_ERROR
719.515555,129.088553666667,35.074451666667,508073.344,3881303.107,0.856,-2.572790,gps_course,53,11.412,,,,,,,0.000000,0.0000,STOP_ROUTE_ERROR
719.565472,129.088552000000,35.074450833333,508073.192,3881303.015,0.816,-2.571394,gps_course,53,11.563,,,,,,,0.000000,0.0000,STOP_ROUTE_ERROR
719.615551,129.088552000000,35.074450833333,508073.192,3881303.015,0.816,-2.571394,gps_course,53,11.563,,,,,,,0.000000,0.0000,STOP_ROUTE_ERROR
719.665604,129.088552000000,35.074450833333,508073.192,3881303.015,0.816,-2.571394,gps_course,53,11.563,,,,,,,0.000000,0.0000,STOP_ROUTE_ERROR
719.715521,129.088552000000,35.074450833333,508073.192,3881303.015,0.816,-2.571394,gps_course,53,11.563,,,,,,,0.000000,0.0000,STOP_ROUTE_ERROR
719.765531,129.088552000000,35.074450833333,508073.192,3881303.015,0.816,-2.571394,gps_course,53,11.563,,,,,,,0.000000,0.0000,STOP_ROUTE_ERROR
719.815433,129.088550500000,35.074450000000,508073.055,3881302.922,0.768,-2.565983,gps_course,53,11.700,,,,,,,0.000000,0.0000,STOP_ROUTE_ERROR
719.865503,129.088550500000,35.074450000000,508073.055,3881302.922,0.768,-2.565983,gps_course,53,11.700,,,,,,,0.000000,0.0000,STOP_ROUTE_ERROR
719.915490,129.088550500000,35.074450000000,508073.055,3881302.922,0.768,-2.565983,gps_course,53,11.700,,,,,,,0.000000,0.0000,STOP_ROUTE_ERROR
719.965480,129.088550500000,35.074450000000,508073.055,3881302.922,0.768,-2.565983,gps_course,53,11.700,,,,,,,0.000000,0.0000,STOP_ROUTE_ERROR
720.015545,129.088550500000,35.074450000000,508073.055,3881302.922,0.768,-2.565983,gps_course,53,11.700,,,,,,,0.000000,0.0000,STOP_ROUTE_ERROR
720.065479,129.088550500000,35.074450000000,508073.055,3881302.922,0.768,-2.565983,gps_course,53,11.700,,,,,,,0.000000,0.0000,STOP_ROUTE_ERROR
720.115454,129.088549166667,35.074449333333,508072.934,3881302.848,0.719,-2.570521,gps_course,53,11.823,,,,,,,0.000000,0.0000,STOP_ROUTE_ERROR
720.165473,129.088549166667,35.074449333333,508072.934,3881302.848,0.719,-2.570521,gps_course,53,11.823,,,,,,,0.000000,0.0000,STOP_ROUTE_ERROR
720.215486,129.088549166667,35.074449333333,508072.934,3881302.848,0.719,-2.570521,gps_course,53,11.823,,,,,,,0.000000,0.0000,STOP_ROUTE_ERROR
720.265485,129.088549166667,35.074449333333,508072.934,3881302.848,0.719,-2.570521,gps_course,53,11.823,,,,,,,0.000000,0.0000,STOP_ROUTE_ERROR
720.315517,129.088549166667,35.074449333333,508072.934,3881302.848,0.719,-2.570521,gps_course,53,11.823,,,,,,,0.000000,0.0000,STOP_ROUTE_ERROR
720.365502,129.088548000000,35.074448666667,508072.827,3881302.774,0.661,-2.569997,gps_course,53,11.930,,,,,,,0.000000,0.0000,STOP_ROUTE_ERROR
720.415538,129.088548000000,35.074448666667,508072.827,3881302.774,0.661,-2.569997,gps_course,53,11.930,,,,,,,0.000000,0.0000,STOP_ROUTE_ERROR
720.465539,129.088548000000,35.074448666667,508072.827,3881302.774,0.661,-2.569997,gps_course,53,11.930,,,,,,,0.000000,0.0000,STOP_ROUTE_ERROR
720.515551,129.088548000000,35.074448666667,508072.827,3881302.774,0.661,-2.569997,gps_course,53,11.930,,,,,,,0.000000,0.0000,STOP_ROUTE_ERROR
720.565464,129.088547000000,35.074448000000,508072.736,3881302.700,0.597,-2.561445,gps_course,53,12.023,,,,,,,0.000000,0.0000,STOP_ROUTE_ERROR
720.615482,129.088547000000,35.074448000000,508072.736,3881302.700,0.597,-2.561445,gps_course,53,12.023,,,,,,,0.000000,0.0000,STOP_ROUTE_ERROR
720.665504,129.088547000000,35.074448000000,508072.736,3881302.700,0.597,-2.561445,gps_course,53,12.023,,,,,,,0.000000,0.0000,STOP_ROUTE_ERROR
720.715476,129.088547000000,35.074448000000,508072.736,3881302.700,0.597,-2.561445,gps_course,53,12.023,,,,,,,0.000000,0.0000,STOP_ROUTE_ERROR
720.765520,129.088547000000,35.074448000000,508072.736,3881302.700,0.597,-2.561445,gps_course,53,12.023,,,,,,,0.000000,0.0000,STOP_ROUTE_ERROR
720.815536,129.088546000000,35.074447500000,508072.645,3881302.644,0.539,-2.558478,gps_course,53,12.116,,,,,,,0.000000,0.0000,STOP_ROUTE_ERROR
720.865565,129.088546000000,35.074447500000,508072.645,3881302.644,0.539,-2.558478,gps_course,53,12.116,,,,,,,0.000000,0.0000,STOP_ROUTE_ERROR
720.915555,129.088546000000,35.074447500000,508072.645,3881302.644,0.539,-2.558478,gps_course,53,12.116,,,,,,,0.000000,0.0000,STOP_ROUTE_ERROR
720.965498,129.088546000000,35.074447500000,508072.645,3881302.644,0.539,-2.558478,gps_course,53,12.116,,,,,,,0.000000,0.0000,STOP_ROUTE_ERROR
721.015570,129.088546000000,35.074447500000,508072.645,3881302.644,0.539,-2.558478,gps_course,53,12.116,,,,,,,0.000000,0.0000,STOP_ROUTE_ERROR
721.065434,129.088545000000,35.074447166667,508072.554,3881302.607,0.487,-2.577677,gps_course,53,12.208,,,,,,,0.000000,0.0000,STOP_ROUTE_ERROR
721.115587,129.088545000000,35.074447166667,508072.554,3881302.607,0.487,-2.577677,gps_course,53,12.208,,,,,,,0.000000,0.0000,STOP_ROUTE_ERROR
721.165479,129.088545000000,35.074447166667,508072.554,3881302.607,0.487,-2.577677,gps_course,53,12.208,,,,,,,0.000000,0.0000,STOP_ROUTE_ERROR
721.215508,129.088545000000,35.074447166667,508072.554,3881302.607,0.487,-2.577677,gps_course,53,12.208,,,,,,,0.000000,0.0000,STOP_ROUTE_ERROR
721.265498,129.088545000000,35.074447166667,508072.554,3881302.607,0.487,-2.577677,gps_course,53,12.208,,,,,,,0.000000,0.0000,STOP_ROUTE_ERROR
721.315470,129.088545000000,35.074447166667,508072.554,3881302.607,0.487,-2.577677,gps_course,53,12.208,,,,,,,0.000000,0.0000,STOP_ROUTE_ERROR
721.365465,129.088544333333,35.074446833333,508072.493,3881302.570,0.438,-2.582913,gps_course,53,12.270,,,,,,,0.000000,0.0000,STOP_ROUTE_ERROR
721.415456,129.088544333333,35.074446833333,508072.493,3881302.570,0.438,-2.582913,gps_course,53,12.270,,,,,,,0.000000,0.0000,STOP_ROUTE_ERROR
721.465452,129.088544333333,35.074446833333,508072.493,3881302.570,0.438,-2.582913,gps_course,53,12.270,,,,,,,0.000000,0.0000,STOP_ROUTE_ERROR
721.515462,129.088544333333,35.074446833333,508072.493,3881302.570,0.438,-2.582913,gps_course,53,12.270,,,,,,,0.000000,0.0000,STOP_ROUTE_ERROR
721.565483,129.088543666667,35.074446500000,508072.432,3881302.533,0.438,-2.582913,gps_course,53,12.332,,,,,,,0.000000,0.0000,STOP_ROUTE_ERROR
721.615476,129.088543666667,35.074446500000,508072.432,3881302.533,0.438,-2.582913,gps_course,53,12.332,,,,,,,0.000000,0.0000,STOP_ROUTE_ERROR
721.665533,129.088543666667,35.074446500000,508072.432,3881302.533,0.438,-2.582913,gps_course,53,12.332,,,,,,,0.000000,0.0000,STOP_ROUTE_ERROR
721.715444,129.088543666667,35.074446500000,508072.432,3881302.533,0.438,-2.582913,gps_course,53,12.332,,,,,,,0.000000,0.0000,STOP_ROUTE_ERROR
721.765483,129.088543666667,35.074446500000,508072.432,3881302.533,0.438,-2.582913,gps_course,53,12.332,,,,,,,0.000000,0.0000,STOP_ROUTE_ERROR
721.815514,129.088543000000,35.074446333333,508072.372,3881302.515,0.438,-2.582913,gps_course,53,12.394,,,,,,,0.000000,0.0000,STOP_ROUTE_ERROR
721.865474,129.088543000000,35.074446333333,508072.372,3881302.515,0.438,-2.582913,gps_course,53,12.394,,,,,,,0.000000,0.0000,STOP_ROUTE_ERROR
721.915515,129.088543000000,35.074446333333,508072.372,3881302.515,0.438,-2.582913,gps_course,53,12.394,,,,,,,0.000000,0.0000,STOP_ROUTE_ERROR
721.965658,129.088543000000,35.074446333333,508072.372,3881302.515,0.438,-2.582913,gps_course,53,12.394,,,,,,,0.000000,0.0000,STOP_ROUTE_ERROR
722.015471,129.088543000000,35.074446333333,508072.372,3881302.515,0.438,-2.582913,gps_course,53,12.394,,,,,,,0.000000,0.0000,STOP_ROUTE_ERROR
722.065482,129.088543000000,35.074446333333,508072.372,3881302.515,0.438,-2.582913,gps_course,53,12.394,,,,,,,0.000000,0.0000,STOP_ROUTE_ERROR
722.115510,129.088542166667,35.074446000000,508072.296,3881302.478,0.438,-2.582913,gps_course,53,12.471,,,,,,,0.000000,0.0000,STOP_ROUTE_ERROR
722.165516,129.088542166667,35.074446000000,508072.296,3881302.478,0.438,-2.582913,gps_course,53,12.471,,,,,,,0.000000,0.0000,STOP_ROUTE_ERROR
722.215509,129.088542166667,35.074446000000,508072.296,3881302.478,0.438,-2.582913,gps_course,53,12.471,,,,,,,0.000000,0.0000,STOP_ROUTE_ERROR
722.265517,129.088542166667,35.074446000000,508072.296,3881302.478,0.438,-2.582913,gps_course,53,12.471,,,,,,,0.000000,0.0000,STOP_ROUTE_ERROR
722.315500,129.088542166667,35.074446000000,508072.296,3881302.478,0.438,-2.582913,gps_course,53,12.471,,,,,,,0.000000,0.0000,STOP_ROUTE_ERROR
722.365522,129.088541333333,35.074445666667,508072.220,3881302.441,0.298,-2.656566,gps_course,53,12.549,,,,,,,0.000000,0.0000,STOP_ROUTE_ERROR
722.415516,129.088541333333,35.074445666667,508072.220,3881302.441,0.298,-2.656566,gps_course,53,12.549,,,,,,,0.000000,0.0000,STOP_ROUTE_ERROR
722.465500,129.088541333333,35.074445666667,508072.220,3881302.441,0.298,-2.656566,gps_course,53,12.549,,,,,,,0.000000,0.0000,STOP_ROUTE_ERROR
722.515526,129.088541333333,35.074445666667,508072.220,3881302.441,0.298,-2.656566,gps_course,53,12.549,,,,,,,0.000000,0.0000,STOP_ROUTE_ERROR
722.565490,129.088540333333,35.074445333333,508072.129,3881302.404,0.316,-2.674019,gps_course,53,12.642,,,,,,,0.000000,0.0000,STOP_ROUTE_ERROR
722.615538,129.088540333333,35.074445333333,508072.129,3881302.404,0.316,-2.674019,gps_course,53,12.642,,,,,,,0.000000,0.0000,STOP_ROUTE_ERROR
722.665459,129.088540333333,35.074445333333,508072.129,3881302.404,0.316,-2.674019,gps_course,53,12.642,,,,,,,0.000000,0.0000,STOP_ROUTE_ERROR
722.715502,129.088540333333,35.074445333333,508072.129,3881302.404,0.316,-2.674019,gps_course,53,12.642,,,,,,,0.000000,0.0000,STOP_ROUTE_ERROR
722.765491,129.088540333333,35.074445333333,508072.129,3881302.404,0.316,-2.674019,gps_course,53,12.642,,,,,,,0.000000,0.0000,STOP_ROUTE_ERROR
722.815459,129.088539333333,35.074444833333,508072.038,3881302.348,0.349,-2.690076,gps_course,53,12.735,,,,,,,0.000000,0.0000,STOP_ROUTE_ERROR
722.865468,129.088539333333,35.074444833333,508072.038,3881302.348,0.349,-2.690076,gps_course,53,12.735,,,,,,,0.000000,0.0000,STOP_ROUTE_ERROR
722.915468,129.088539333333,35.074444833333,508072.038,3881302.348,0.349,-2.690076,gps_course,53,12.735,,,,,,,0.000000,0.0000,STOP_ROUTE_ERROR
722.965502,129.088539333333,35.074444833333,508072.038,3881302.348,0.349,-2.690076,gps_course,53,12.735,,,,,,,0.000000,0.0000,STOP_ROUTE_ERROR
723.015477,129.088539333333,35.074444833333,508072.038,3881302.348,0.349,-2.690076,gps_course,53,12.735,,,,,,,0.000000,0.0000,STOP_ROUTE_ERROR
723.065460,129.088538333333,35.074444500000,508071.946,3881302.311,0.383,-2.683095,gps_course,53,12.828,,,,,,,0.000000,0.0000,STOP_ROUTE_ERROR
723.115558,129.088538333333,35.074444500000,508071.946,3881302.311,0.383,-2.683095,gps_course,53,12.828,,,,,,,0.000000,0.0000,STOP_ROUTE_ERROR
723.165516,129.088538333333,35.074444500000,508071.946,3881302.311,0.383,-2.683095,gps_course,53,12.828,,,,,,,0.000000,0.0000,STOP_ROUTE_ERROR
723.215441,129.088538333333,35.074444500000,508071.946,3881302.311,0.383,-2.683095,gps_course,53,12.828,,,,,,,0.000000,0.0000,STOP_ROUTE_ERROR
723.265639,129.088538333333,35.074444500000,508071.946,3881302.311,0.383,-2.683095,gps_course,53,12.828,,,,,,,0.000000,0.0000,STOP_ROUTE_ERROR
723.315487,129.088538333333,35.074444500000,508071.946,3881302.311,0.383,-2.683095,gps_course,53,12.828,,,,,,,0.000000,0.0000,STOP_ROUTE_ERROR
723.365513,129.088537333333,35.074444000000,508071.855,3881302.256,0.402,-2.682746,gps_course,53,12.923,,,,,,,0.000000,0.0000,STOP_ROUTE_ERROR
723.415586,129.088537333333,35.074444000000,508071.855,3881302.256,0.402,-2.682746,gps_course,53,12.923,,,,,,,0.000000,0.0000,STOP_ROUTE_ERROR
723.465484,129.088537333333,35.074444000000,508071.855,3881302.256,0.402,-2.682746,gps_course,53,12.923,,,,,,,0.000000,0.0000,STOP_ROUTE_ERROR
723.515522,129.088537333333,35.074444000000,508071.855,3881302.256,0.402,-2.682746,gps_course,53,12.923,,,,,,,0.000000,0.0000,STOP_ROUTE_ERROR
723.565479,129.088536500000,35.074443666667,508071.779,3881302.219,0.401,-2.681000,gps_course,53,13.001,,,,,,,0.000000,0.0000,STOP_ROUTE_ERROR
723.615508,129.088536500000,35.074443666667,508071.779,3881302.219,0.401,-2.681000,gps_course,53,13.001,,,,,,,0.000000,0.0000,STOP_ROUTE_ERROR
723.665483,129.088536500000,35.074443666667,508071.779,3881302.219,0.401,-2.681000,gps_course,53,13.001,,,,,,,0.000000,0.0000,STOP_ROUTE_ERROR
723.715494,129.088536500000,35.074443666667,508071.779,3881302.219,0.401,-2.681000,gps_course,53,13.001,,,,,,,0.000000,0.0000,STOP_ROUTE_ERROR
723.765469,129.088536500000,35.074443666667,508071.779,3881302.219,0.401,-2.681000,gps_course,53,13.001,,,,,,,0.000000,0.0000,STOP_ROUTE_ERROR
723.815463,129.088535666667,35.074443500000,508071.703,3881302.200,0.375,-2.700548,gps_course,53,13.078,,,,,,,0.000000,0.0000,STOP_ROUTE_ERROR
723.865456,129.088535666667,35.074443500000,508071.703,3881302.200,0.375,-2.700548,gps_course,53,13.078,,,,,,,0.000000,0.0000,STOP_ROUTE_ERROR
723.915508,129.088535666667,35.074443500000,508071.703,3881302.200,0.375,-2.700548,gps_course,53,13.078,,,,,,,0.000000,0.0000,STOP_ROUTE_ERROR
723.965491,129.088535666667,35.074443500000,508071.703,3881302.200,0.375,-2.700548,gps_course,53,13.078,,,,,,,0.000000,0.0000,STOP_ROUTE_ERROR
724.015476,129.088535666667,35.074443500000,508071.703,3881302.200,0.375,-2.700548,gps_course,53,13.078,,,,,,,0.000000,0.0000,STOP_ROUTE_ERROR
724.065510,129.088535166667,35.074443166667,508071.658,3881302.163,0.375,-2.700548,gps_course,53,13.126,,,,,,,0.000000,0.0000,STOP_ROUTE_ERROR
724.115518,129.088535166667,35.074443166667,508071.658,3881302.163,0.375,-2.700548,gps_course,53,13.126,,,,,,,0.000000,0.0000,STOP_ROUTE_ERROR
724.165449,129.088535166667,35.074443166667,508071.658,3881302.163,0.375,-2.700548,gps_course,53,13.126,,,,,,,0.000000,0.0000,STOP_ROUTE_ERROR
724.215488,129.088535166667,35.074443166667,508071.658,3881302.163,0.375,-2.700548,gps_course,53,13.126,,,,,,,0.000000,0.0000,STOP_ROUTE_ERROR
724.265509,129.088535166667,35.074443166667,508071.658,3881302.163,0.375,-2.700548,gps_course,53,13.126,,,,,,,0.000000,0.0000,STOP_ROUTE_ERROR
724.315503,129.088535166667,35.074443166667,508071.658,3881302.163,0.375,-2.700548,gps_course,53,13.126,,,,,,,0.000000,0.0000,STOP_ROUTE_ERROR
724.365488,129.088534833333,35.074443000000,508071.627,3881302.145,0.296,-2.677859,gps_course,53,13.157,,,,,,,0.000000,0.0000,STOP_ROUTE_ERROR
724.415494,129.088534833333,35.074443000000,508071.627,3881302.145,0.296,-2.677859,gps_course,53,13.157,,,,,,,0.000000,0.0000,STOP_ROUTE_ERROR
724.465505,129.088534833333,35.074443000000,508071.627,3881302.145,0.296,-2.677859,gps_course,53,13.157,,,,,,,0.000000,0.0000,STOP_ROUTE_ERROR
724.515449,129.088534833333,35.074443000000,508071.627,3881302.145,0.296,-2.677859,gps_course,53,13.157,,,,,,,0.000000,0.0000,STOP_ROUTE_ERROR
724.565463,129.088534500000,35.074442833333,508071.597,3881302.126,0.243,-2.668608,gps_course,53,13.189,,,,,,,0.000000,0.0000,STOP_ROUTE_ERROR
724.615492,129.088534500000,35.074442833333,508071.597,3881302.126,0.243,-2.668608,gps_course,53,13.189,,,,,,,0.000000,0.0000,STOP_ROUTE_ERROR
724.665536,129.088534500000,35.074442833333,508071.597,3881302.126,0.243,-2.668608,gps_course,53,13.189,,,,,,,0.000000,0.0000,STOP_ROUTE_ERROR
724.715464,129.088534500000,35.074442833333,508071.597,3881302.126,0.243,-2.668608,gps_course,53,13.189,,,,,,,0.000000,0.0000,STOP_ROUTE_ERROR
724.765485,129.088534500000,35.074442833333,508071.597,3881302.126,0.243,-2.668608,gps_course,53,13.189,,,,,,,0.000000,0.0000,STOP_ROUTE_ERROR
724.815534,129.088534333333,35.074442833333,508071.582,3881302.126,0.180,-2.664071,gps_course,53,13.204,,,,,,,0.000000,0.0000,STOP_ROUTE_ERROR
724.865504,129.088534333333,35.074442833333,508071.582,3881302.126,0.180,-2.664071,gps_course,53,13.204,,,,,,,0.000000,0.0000,STOP_ROUTE_ERROR
724.915533,129.088534333333,35.074442833333,508071.582,3881302.126,0.180,-2.664071,gps_course,53,13.204,,,,,,,0.000000,0.0000,STOP_ROUTE_ERROR
724.965519,129.088534333333,35.074442833333,508071.582,3881302.126,0.180,-2.664071,gps_course,53,13.204,,,,,,,0.000000,0.0000,STOP_ROUTE_ERROR
725.015454,129.088534333333,35.074442833333,508071.582,3881302.126,0.180,-2.664071,gps_course,53,13.204,,,,,,,0.000000,0.0000,STOP_ROUTE_ERROR
725.065439,129.088534500000,35.074442833333,508071.597,3881302.126,0.120,-2.680302,gps_course,53,13.189,,,,,,,0.000000,0.0000,STOP_ROUTE_ERROR
725.115485,129.088534500000,35.074442833333,508071.597,3881302.126,0.120,-2.680302,gps_course,53,13.189,,,,,,,0.000000,0.0000,STOP_ROUTE_ERROR
725.165556,129.088534500000,35.074442833333,508071.597,3881302.126,0.120,-2.680302,gps_course,53,13.189,,,,,,,0.000000,0.0000,STOP_ROUTE_ERROR
725.215559,129.088534500000,35.074442833333,508071.597,3881302.126,0.120,-2.680302,gps_course,53,13.189,,,,,,,0.000000,0.0000,STOP_ROUTE_ERROR
725.265442,129.088534500000,35.074442833333,508071.597,3881302.126,0.120,-2.680302,gps_course,53,13.189,,,,,,,0.000000,0.0000,STOP_ROUTE_ERROR
725.315446,129.088534500000,35.074442833333,508071.597,3881302.126,0.120,-2.680302,gps_course,53,13.189,,,,,,,0.000000,0.0000,STOP_ROUTE_ERROR
725.365443,129.088534500000,35.074442833333,508071.597,3881302.126,0.061,-2.680302,gps_course,53,13.189,,,,,,,0.000000,0.0000,STOP_ROUTE_ERROR
725.415495,129.088534500000,35.074442833333,508071.597,3881302.126,0.061,-2.680302,gps_course,53,13.189,,,,,,,0.000000,0.0000,STOP_ROUTE_ERROR
725.465496,129.088534500000,35.074442833333,508071.597,3881302.126,0.061,-2.680302,gps_course,53,13.189,,,,,,,0.000000,0.0000,STOP_ROUTE_ERROR
725.515504,129.088534500000,35.074442833333,508071.597,3881302.126,0.061,-2.680302,gps_course,53,13.189,,,,,,,0.000000,0.0000,STOP_ROUTE_ERROR
725.565484,129.088534500000,35.074442833333,508071.597,3881302.126,0.061,-2.680302,gps_course,53,13.189,,,,,,,0.000000,0.0000,STOP_ROUTE_ERROR
725.615505,129.088534666667,35.074443000000,508071.612,3881302.145,0.016,-2.680302,gps_course,53,13.172,,,,,,,0.000000,0.0000,STOP_ROUTE_ERROR
725.665517,129.088534666667,35.074443000000,508071.612,3881302.145,0.016,-2.680302,gps_course,53,13.172,,,,,,,0.000000,0.0000,STOP_ROUTE_ERROR
725.715510,129.088534666667,35.074443000000,508071.612,3881302.145,0.016,-2.680302,gps_course,53,13.172,,,,,,,0.000000,0.0000,STOP_ROUTE_ERROR
725.765463,129.088534666667,35.074443000000,508071.612,3881302.145,0.016,-2.680302,gps_course,53,13.172,,,,,,,0.000000,0.0000,STOP_ROUTE_ERROR
725.815498,129.088534666667,35.074443000000,508071.612,3881302.145,0.016,-2.680302,gps_course,53,13.172,,,,,,,0.000000,0.0000,STOP_ROUTE_ERROR
725.865482,129.088534666667,35.074443000000,508071.612,3881302.145,0.007,-2.680302,gps_course,53,13.172,,,,,,,0.000000,0.0000,STOP_ROUTE_ERROR
725.915473,129.088534666667,35.074443000000,508071.612,3881302.145,0.007,-2.680302,gps_course,53,13.172,,,,,,,0.000000,0.0000,STOP_ROUTE_ERROR
725.965489,129.088534666667,35.074443000000,508071.612,3881302.145,0.007,-2.680302,gps_course,53,13.172,,,,,,,0.000000,0.0000,STOP_ROUTE_ERROR
726.015498,129.088534666667,35.074443000000,508071.612,3881302.145,0.007,-2.680302,gps_course,53,13.172,,,,,,,0.000000,0.0000,STOP_ROUTE_ERROR
726.065522,129.088534666667,35.074443000000,508071.612,3881302.145,0.007,-2.680302,gps_course,53,13.172,,,,,,,0.000000,0.0000,STOP_ROUTE_ERROR
726.115518,129.088534833333,35.074443000000,508071.627,3881302.145,0.016,-2.680302,gps_course,53,13.157,,,,,,,0.000000,0.0000,STOP_ROUTE_ERROR
726.165514,129.088534833333,35.074443000000,508071.627,3881302.145,0.016,-2.680302,gps_course,53,13.157,,,,,,,0.000000,0.0000,STOP_ROUTE_ERROR
726.215454,129.088534833333,35.074443000000,508071.627,3881302.145,0.016,-2.680302,gps_course,53,13.157,,,,,,,0.000000,0.0000,STOP_ROUTE_ERROR
726.265457,129.088534833333,35.074443000000,508071.627,3881302.145,0.016,-2.680302,gps_course,53,13.157,,,,,,,0.000000,0.0000,STOP_ROUTE_ERROR
726.315454,129.088534833333,35.074443000000,508071.627,3881302.145,0.016,-2.680302,gps_course,53,13.157,,,,,,,0.000000,0.0000,STOP_ROUTE_ERROR
726.365495,129.088534833333,35.074443000000,508071.627,3881302.145,0.017,-2.680302,gps_course,53,13.157,,,,,,,0.000000,0.0000,STOP_ROUTE_ERROR
726.415466,129.088534833333,35.074443000000,508071.627,3881302.145,0.017,-2.680302,gps_course,53,13.157,,,,,,,0.000000,0.0000,STOP_ROUTE_ERROR
726.465510,129.088534833333,35.074443000000,508071.627,3881302.145,0.017,-2.680302,gps_course,53,13.157,,,,,,,0.000000,0.0000,STOP_ROUTE_ERROR
726.515518,129.088534833333,35.074443000000,508071.627,3881302.145,0.017,-2.680302,gps_course,53,13.157,,,,,,,0.000000,0.0000,STOP_ROUTE_ERROR
726.565500,129.088534833333,35.074443000000,508071.627,3881302.145,0.017,-2.680302,gps_course,53,13.157,,,,,,,0.000000,0.0000,STOP_ROUTE_ERROR
726.615449,129.088534833333,35.074443000000,508071.627,3881302.145,0.012,-2.680302,gps_course,53,13.157,,,,,,,0.000000,0.0000,STOP_ROUTE_ERROR
726.665469,129.088534833333,35.074443000000,508071.627,3881302.145,0.012,-2.680302,gps_course,53,13.157,,,,,,,0.000000,0.0000,STOP_ROUTE_ERROR
726.715491,129.088534833333,35.074443000000,508071.627,3881302.145,0.012,-2.680302,gps_course,53,13.157,,,,,,,0.000000,0.0000,STOP_ROUTE_ERROR
726.765475,129.088534833333,35.074443000000,508071.627,3881302.145,0.012,-2.680302,gps_course,53,13.157,,,,,,,0.000000,0.0000,STOP_ROUTE_ERROR
726.815433,129.088534833333,35.074443000000,508071.627,3881302.145,0.005,-2.680302,gps_course,53,13.157,,,,,,,0.000000,0.0000,STOP_ROUTE_ERROR
726.865515,129.088534833333,35.074443000000,508071.627,3881302.145,0.005,-2.680302,gps_course,53,13.157,,,,,,,0.000000,0.0000,STOP_ROUTE_ERROR
726.915476,129.088534833333,35.074443000000,508071.627,3881302.145,0.005,-2.680302,gps_course,53,13.157,,,,,,,0.000000,0.0000,STOP_ROUTE_ERROR
726.965500,129.088534833333,35.074443000000,508071.627,3881302.145,0.005,-2.680302,gps_course,53,13.157,,,,,,,0.000000,0.0000,STOP_ROUTE_ERROR
727.015514,129.088534833333,35.074443000000,508071.627,3881302.145,0.005,-2.680302,gps_course,53,13.157,,,,,,,0.000000,0.0000,STOP_ROUTE_ERROR
727.065489,129.088534833333,35.074443000000,508071.627,3881302.145,0.005,-2.680302,gps_course,53,13.157,,,,,,,0.000000,0.0000,STOP_ROUTE_ERROR
727.115471,129.088534833333,35.074443000000,508071.627,3881302.145,0.005,-2.680302,gps_course,53,13.157,,,,,,,0.000000,0.0000,STOP_ROUTE_ERROR
727.165525,129.088534833333,35.074443000000,508071.627,3881302.145,0.005,-2.680302,gps_course,53,13.157,,,,,,,0.000000,0.0000,STOP_ROUTE_ERROR
727.215439,129.088534833333,35.074443000000,508071.627,3881302.145,0.005,-2.680302,gps_course,53,13.157,,,,,,,0.000000,0.0000,STOP_ROUTE_ERROR
727.265481,129.088534833333,35.074443000000,508071.627,3881302.145,0.005,-2.680302,gps_course,53,13.157,,,,,,,0.000000,0.0000,STOP_ROUTE_ERROR
727.315494,129.088534833333,35.074443000000,508071.627,3881302.145,0.005,-2.680302,gps_course,53,13.157,,,,,,,0.000000,0.0000,STOP_ROUTE_ERROR
727.365490,129.088534833333,35.074443000000,508071.627,3881302.145,0.004,-2.680302,gps_course,53,13.157,,,,,,,0.000000,0.0000,STOP_ROUTE_ERROR
727.415493,129.088534833333,35.074443000000,508071.627,3881302.145,0.004,-2.680302,gps_course,53,13.157,,,,,,,0.000000,0.0000,STOP_ROUTE_ERROR
727.465601,129.088534833333,35.074443000000,508071.627,3881302.145,0.004,-2.680302,gps_course,53,13.157,,,,,,,0.000000,0.0000,STOP_ROUTE_ERROR
727.515522,129.088534833333,35.074443000000,508071.627,3881302.145,0.004,-2.680302,gps_course,53,13.157,,,,,,,0.000000,0.0000,STOP_ROUTE_ERROR
727.565478,129.088534833333,35.074443000000,508071.627,3881302.145,0.001,-2.680302,gps_course,53,13.157,,,,,,,0.000000,0.0000,STOP_ROUTE_ERROR
727.615523,129.088534833333,35.074443000000,508071.627,3881302.145,0.001,-2.680302,gps_course,53,13.157,,,,,,,0.000000,0.0000,STOP_ROUTE_ERROR
727.665468,129.088534833333,35.074443000000,508071.627,3881302.145,0.001,-2.680302,gps_course,53,13.157,,,,,,,0.000000,0.0000,STOP_ROUTE_ERROR
727.715517,129.088534833333,35.074443000000,508071.627,3881302.145,0.001,-2.680302,gps_course,53,13.157,,,,,,,0.000000,0.0000,STOP_ROUTE_ERROR
727.765491,129.088534833333,35.074443000000,508071.627,3881302.145,0.001,-2.680302,gps_course,53,13.157,,,,,,,0.000000,0.0000,STOP_ROUTE_ERROR
727.815509,129.088534833333,35.074443000000,508071.627,3881302.145,0.002,-2.680302,gps_course,53,13.157,,,,,,,0.000000,0.0000,STOP_ROUTE_ERROR
727.865499,129.088534833333,35.074443000000,508071.627,3881302.145,0.002,-2.680302,gps_course,53,13.157,,,,,,,0.000000,0.0000,STOP_ROUTE_ERROR
727.915449,129.088534833333,35.074443000000,508071.627,3881302.145,0.002,-2.680302,gps_course,53,13.157,,,,,,,0.000000,0.0000,STOP_ROUTE_ERROR
727.965541,129.088534833333,35.074443000000,508071.627,3881302.145,0.002,-2.680302,gps_course,53,13.157,,,,,,,0.000000,0.0000,STOP_ROUTE_ERROR
728.015523,129.088534833333,35.074443000000,508071.627,3881302.145,0.002,-2.680302,gps_course,53,13.157,,,,,,,0.000000,0.0000,STOP_ROUTE_ERROR
728.065485,129.088534833333,35.074443000000,508071.627,3881302.145,0.002,-1.310266,route_tangent,53,13.157,,,,,,,0.000000,0.0000,STOP_ROUTE_ERROR
728.115532,129.088534833333,35.074443000000,508071.627,3881302.145,0.002,-1.310266,route_tangent,53,13.157,,,,,,,0.000000,0.0000,STOP_ROUTE_ERROR
728.165540,129.088534833333,35.074443000000,508071.627,3881302.145,0.002,-1.310266,route_tangent,53,13.157,,,,,,,0.000000,0.0000,STOP_ROUTE_ERROR
728.215472,129.088534833333,35.074443000000,508071.627,3881302.145,0.002,-1.310266,route_tangent,53,13.157,,,,,,,0.000000,0.0000,STOP_ROUTE_ERROR
728.265450,129.088534833333,35.074443000000,508071.627,3881302.145,0.002,-1.310266,route_tangent,53,13.157,,,,,,,0.000000,0.0000,STOP_ROUTE_ERROR
728.315498,129.088534833333,35.074443000000,508071.627,3881302.145,0.002,-1.310266,route_tangent,53,13.157,,,,,,,0.000000,0.0000,STOP_ROUTE_ERROR
728.365530,129.088534833333,35.074443000000,508071.627,3881302.145,0.003,-1.310266,route_tangent,53,13.157,,,,,,,0.000000,0.0000,STOP_ROUTE_ERROR
728.415503,129.088534833333,35.074443000000,508071.627,3881302.145,0.003,-1.310266,route_tangent,53,13.157,,,,,,,0.000000,0.0000,STOP_ROUTE_ERROR
728.465488,129.088534833333,35.074443000000,508071.627,3881302.145,0.003,-1.310266,route_tangent,53,13.157,,,,,,,0.000000,0.0000,STOP_ROUTE_ERROR
728.515504,129.088534833333,35.074443000000,508071.627,3881302.145,0.003,-1.310266,route_tangent,53,13.157,,,,,,,0.000000,0.0000,STOP_ROUTE_ERROR
728.565444,129.088534833333,35.074443000000,508071.627,3881302.145,0.003,-1.310266,route_tangent,53,13.157,,,,,,,0.000000,0.0000,STOP_ROUTE_ERROR
728.615515,129.088534833333,35.074443000000,508071.627,3881302.145,0.003,-1.310266,route_tangent,53,13.157,,,,,,,0.000000,0.0000,STOP_ROUTE_ERROR
728.665493,129.088534833333,35.074443000000,508071.627,3881302.145,0.003,-1.310266,route_tangent,53,13.157,,,,,,,0.000000,0.0000,STOP_ROUTE_ERROR
728.715593,129.088534833333,35.074443000000,508071.627,3881302.145,0.003,-1.310266,route_tangent,53,13.157,,,,,,,0.000000,0.0000,STOP_ROUTE_ERROR
728.765488,129.088534833333,35.074443000000,508071.627,3881302.145,0.003,-1.310266,route_tangent,53,13.157,,,,,,,0.000000,0.0000,STOP_ROUTE_ERROR
728.815493,129.088534833333,35.074443000000,508071.627,3881302.145,0.003,-1.310266,route_tangent,53,13.157,,,,,,,0.000000,0.0000,STOP_ROUTE_ERROR
728.865469,129.088534833333,35.074443000000,508071.627,3881302.145,0.003,-1.310266,route_tangent,53,13.157,,,,,,,0.000000,0.0000,STOP_ROUTE_ERROR
728.915508,129.088534833333,35.074443000000,508071.627,3881302.145,0.003,-1.310266,route_tangent,53,13.157,,,,,,,0.000000,0.0000,STOP_ROUTE_ERROR
728.965475,129.088534833333,35.074443000000,508071.627,3881302.145,0.003,-1.310266,route_tangent,53,13.157,,,,,,,0.000000,0.0000,STOP_ROUTE_ERROR
729.015524,129.088534833333,35.074443000000,508071.627,3881302.145,0.003,-1.310266,route_tangent,53,13.157,,,,,,,0.000000,0.0000,STOP_ROUTE_ERROR
729.065480,129.088534833333,35.074443000000,508071.627,3881302.145,0.003,-1.310266,route_tangent,53,13.157,,,,,,,0.000000,0.0000,STOP_ROUTE_ERROR
729.115471,129.088534833333,35.074443000000,508071.627,3881302.145,0.003,-1.310266,route_tangent,53,13.157,,,,,,,0.000000,0.0000,STOP_ROUTE_ERROR
729.165464,129.088534833333,35.074443000000,508071.627,3881302.145,0.003,-1.310266,route_tangent,53,13.157,,,,,,,0.000000,0.0000,STOP_ROUTE_ERROR
729.215487,129.088534833333,35.074443000000,508071.627,3881302.145,0.003,-1.310266,route_tangent,53,13.157,,,,,,,0.000000,0.0000,STOP_ROUTE_ERROR
729.265509,129.088534833333,35.074443000000,508071.627,3881302.145,0.003,-1.310266,route_tangent,53,13.157,,,,,,,0.000000,0.0000,STOP_ROUTE_ERROR
729.315570,129.088534833333,35.074443000000,508071.627,3881302.145,0.003,-1.310266,route_tangent,53,13.157,,,,,,,0.000000,0.0000,STOP_ROUTE_ERROR
729.365547,129.088534833333,35.074443000000,508071.627,3881302.145,0.004,-1.310266,route_tangent,53,13.157,,,,,,,0.000000,0.0000,STOP_ROUTE_ERROR
729.415545,129.088534833333,35.074443000000,508071.627,3881302.145,0.004,-1.310266,route_tangent,53,13.157,,,,,,,0.000000,0.0000,STOP_ROUTE_ERROR
729.465515,129.088534833333,35.074443000000,508071.627,3881302.145,0.004,-1.310266,route_tangent,53,13.157,,,,,,,0.000000,0.0000,STOP_ROUTE_ERROR
729.515549,129.088534833333,35.074443000000,508071.627,3881302.145,0.004,-1.310266,route_tangent,53,13.157,,,,,,,0.000000,0.0000,STOP_ROUTE_ERROR
729.565496,129.088534833333,35.074443000000,508071.627,3881302.145,0.003,-1.310266,route_tangent,53,13.157,,,,,,,0.000000,0.0000,STOP_ROUTE_ERROR
729.615472,129.088534833333,35.074443000000,508071.627,3881302.145,0.003,-1.310266,route_tangent,53,13.157,,,,,,,0.000000,0.0000,STOP_ROUTE_ERROR
729.665483,129.088534833333,35.074443000000,508071.627,3881302.145,0.003,-1.310266,route_tangent,53,13.157,,,,,,,0.000000,0.0000,STOP_ROUTE_ERROR
729.715522,129.088534833333,35.074443000000,508071.627,3881302.145,0.003,-1.310266,route_tangent,53,13.157,,,,,,,0.000000,0.0000,STOP_ROUTE_ERROR
729.765476,129.088534833333,35.074443000000,508071.627,3881302.145,0.003,-1.310266,route_tangent,53,13.157,,,,,,,0.000000,0.0000,STOP_ROUTE_ERROR
729.815519,129.088534833333,35.074443000000,508071.627,3881302.145,0.001,-1.310266,route_tangent,53,13.157,,,,,,,0.000000,0.0000,STOP_ROUTE_ERROR
729.865526,129.088534833333,35.074443000000,508071.627,3881302.145,0.001,-1.310266,route_tangent,53,13.157,,,,,,,0.000000,0.0000,STOP_ROUTE_ERROR
729.915455,129.088534833333,35.074443000000,508071.627,3881302.145,0.001,-1.310266,route_tangent,53,13.157,,,,,,,0.000000,0.0000,STOP_ROUTE_ERROR
729.965490,129.088534833333,35.074443000000,508071.627,3881302.145,0.001,-1.310266,route_tangent,53,13.157,,,,,,,0.000000,0.0000,STOP_ROUTE_ERROR
730.015542,129.088534833333,35.074443000000,508071.627,3881302.145,0.001,-1.310266,route_tangent,53,13.157,,,,,,,0.000000,0.0000,STOP_ROUTE_ERROR
730.065452,129.088534833333,35.074443000000,508071.627,3881302.145,0.002,-1.310266,route_tangent,53,13.157,,,,,,,0.000000,0.0000,STOP_ROUTE_ERROR
730.115497,129.088534833333,35.074443000000,508071.627,3881302.145,0.002,-1.310266,route_tangent,53,13.157,,,,,,,0.000000,0.0000,STOP_ROUTE_ERROR
730.165509,129.088534833333,35.074443000000,508071.627,3881302.145,0.002,-1.310266,route_tangent,53,13.157,,,,,,,0.000000,0.0000,STOP_ROUTE_ERROR
730.215497,129.088534833333,35.074443000000,508071.627,3881302.145,0.002,-1.310266,route_tangent,53,13.157,,,,,,,0.000000,0.0000,STOP_ROUTE_ERROR
730.265503,129.088534833333,35.074443000000,508071.627,3881302.145,0.002,-1.310266,route_tangent,53,13.157,,,,,,,0.000000,0.0000,STOP_ROUTE_ERROR
730.315458,129.088534833333,35.074443000000,508071.627,3881302.145,0.002,-1.310266,route_tangent,53,13.157,,,,,,,0.000000,0.0000,STOP_ROUTE_ERROR
730.365476,129.088534833333,35.074443000000,508071.627,3881302.145,0.002,-1.310266,route_tangent,53,13.157,,,,,,,0.000000,0.0000,STOP_ROUTE_ERROR
730.415505,129.088534833333,35.074443000000,508071.627,3881302.145,0.002,-1.310266,route_tangent,53,13.157,,,,,,,0.000000,0.0000,STOP_ROUTE_ERROR
730.465501,129.088534833333,35.074443000000,508071.627,3881302.145,0.002,-1.310266,route_tangent,53,13.157,,,,,,,0.000000,0.0000,STOP_ROUTE_ERROR
730.515622,129.088534833333,35.074443000000,508071.627,3881302.145,0.002,-1.310266,route_tangent,53,13.157,,,,,,,0.000000,0.0000,STOP_ROUTE_ERROR
730.565459,129.088534833333,35.074443000000,508071.627,3881302.145,0.002,-1.310266,route_tangent,53,13.157,,,,,,,0.000000,0.0000,STOP_ROUTE_ERROR
730.615450,129.088534833333,35.074443000000,508071.627,3881302.145,0.002,-1.310266,route_tangent,53,13.157,,,,,,,0.000000,0.0000,STOP_ROUTE_ERROR
730.665528,129.088534833333,35.074443000000,508071.627,3881302.145,0.002,-1.310266,route_tangent,53,13.157,,,,,,,0.000000,0.0000,STOP_ROUTE_ERROR
730.715456,129.088534833333,35.074443000000,508071.627,3881302.145,0.002,-1.310266,route_tangent,53,13.157,,,,,,,0.000000,0.0000,STOP_ROUTE_ERROR
730.765459,129.088534833333,35.074443000000,508071.627,3881302.145,0.002,-1.310266,route_tangent,53,13.157,,,,,,,0.000000,0.0000,STOP_ROUTE_ERROR
730.815471,129.088534833333,35.074443000000,508071.627,3881302.145,0.003,-1.310266,route_tangent,53,13.157,,,,,,,0.000000,0.0000,STOP_ROUTE_ERROR
730.865494,129.088534833333,35.074443000000,508071.627,3881302.145,0.003,-1.310266,route_tangent,53,13.157,,,,,,,0.000000,0.0000,STOP_ROUTE_ERROR
730.915456,129.088534833333,35.074443000000,508071.627,3881302.145,0.003,-1.310266,route_tangent,53,13.157,,,,,,,0.000000,0.0000,STOP_ROUTE_ERROR
730.965481,129.088534833333,35.074443000000,508071.627,3881302.145,0.003,-1.310266,route_tangent,53,13.157,,,,,,,0.000000,0.0000,STOP_ROUTE_ERROR
731.015496,129.088534833333,35.074443000000,508071.627,3881302.145,0.003,-1.310266,route_tangent,53,13.157,,,,,,,0.000000,0.0000,STOP_ROUTE_ERROR
731.065456,129.088534833333,35.074443000000,508071.627,3881302.145,0.001,-1.310266,route_tangent,53,13.157,,,,,,,0.000000,0.0000,STOP_ROUTE_ERROR
731.115497,129.088534833333,35.074443000000,508071.627,3881302.145,0.001,-1.310266,route_tangent,53,13.157,,,,,,,0.000000,0.0000,STOP_ROUTE_ERROR
731.165523,129.088534833333,35.074443000000,508071.627,3881302.145,0.001,-1.310266,route_tangent,53,13.157,,,,,,,0.000000,0.0000,STOP_ROUTE_ERROR
731.215508,129.088534833333,35.074443000000,508071.627,3881302.145,0.001,-1.310266,route_tangent,53,13.157,,,,,,,0.000000,0.0000,STOP_ROUTE_ERROR
731.265517,129.088534833333,35.074443000000,508071.627,3881302.145,0.001,-1.310266,route_tangent,53,13.157,,,,,,,0.000000,0.0000,STOP_ROUTE_ERROR
731.315498,129.088534833333,35.074443000000,508071.627,3881302.145,0.001,-1.310266,route_tangent,53,13.157,,,,,,,0.000000,0.0000,STOP_ROUTE_ERROR
731.365487,129.088534833333,35.074443000000,508071.627,3881302.145,0.000,-1.310266,route_tangent,53,13.157,,,,,,,0.000000,0.0000,STOP_ROUTE_ERROR
731.415540,129.088534833333,35.074443000000,508071.627,3881302.145,0.000,-1.310266,route_tangent,53,13.157,,,,,,,0.000000,0.0000,STOP_ROUTE_ERROR
731.465516,129.088534833333,35.074443000000,508071.627,3881302.145,0.000,-1.310266,route_tangent,53,13.157,,,,,,,0.000000,0.0000,STOP_ROUTE_ERROR
731.515536,129.088534833333,35.074443000000,508071.627,3881302.145,0.000,-1.310266,route_tangent,53,13.157,,,,,,,0.000000,0.0000,STOP_ROUTE_ERROR
731.565479,129.088534833333,35.074443000000,508071.627,3881302.145,0.002,-1.310266,route_tangent,53,13.157,,,,,,,0.000000,0.0000,STOP_ROUTE_ERROR
731.615503,129.088534833333,35.074443000000,508071.627,3881302.145,0.002,-1.310266,route_tangent,53,13.157,,,,,,,0.000000,0.0000,STOP_ROUTE_ERROR
731.665485,129.088534833333,35.074443000000,508071.627,3881302.145,0.002,-1.310266,route_tangent,53,13.157,,,,,,,0.000000,0.0000,STOP_ROUTE_ERROR
731.715481,129.088534833333,35.074443000000,508071.627,3881302.145,0.002,-1.310266,route_tangent,53,13.157,,,,,,,0.000000,0.0000,STOP_ROUTE_ERROR
731.765495,129.088534833333,35.074443000000,508071.627,3881302.145,0.002,-1.310266,route_tangent,53,13.157,,,,,,,0.000000,0.0000,STOP_ROUTE_ERROR
731.815542,129.088534833333,35.074443000000,508071.627,3881302.145,0.002,-1.310266,route_tangent,53,13.157,,,,,,,0.000000,0.0000,STOP_ROUTE_ERROR
731.865461,129.088534833333,35.074443000000,508071.627,3881302.145,0.003,-1.310266,route_tangent,53,13.157,,,,,,,0.000000,0.0000,STOP_ROUTE_ERROR
731.915510,129.088534833333,35.074443000000,508071.627,3881302.145,0.003,-1.310266,route_tangent,53,13.157,,,,,,,0.000000,0.0000,STOP_ROUTE_ERROR
731.965483,129.088534833333,35.074443000000,508071.627,3881302.145,0.003,-1.310266,route_tangent,53,13.157,,,,,,,0.000000,0.0000,STOP_ROUTE_ERROR
732.015492,129.088534833333,35.074443000000,508071.627,3881302.145,0.003,-1.310266,route_tangent,53,13.157,,,,,,,0.000000,0.0000,STOP_ROUTE_ERROR
732.065547,129.088534833333,35.074443000000,508071.627,3881302.145,0.002,-1.310266,route_tangent,53,13.157,,,,,,,0.000000,0.0000,STOP_ROUTE_ERROR
732.115472,129.088534833333,35.074443000000,508071.627,3881302.145,0.002,-1.310266,route_tangent,53,13.157,,,,,,,0.000000,0.0000,STOP_ROUTE_ERROR
732.165481,129.088534833333,35.074443000000,508071.627,3881302.145,0.002,-1.310266,route_tangent,53,13.157,,,,,,,0.000000,0.0000,STOP_ROUTE_ERROR
732.215449,129.088534833333,35.074443000000,508071.627,3881302.145,0.002,-1.310266,route_tangent,53,13.157,,,,,,,0.000000,0.0000,STOP_ROUTE_ERROR
732.265452,129.088534833333,35.074443000000,508071.627,3881302.145,0.002,-1.310266,route_tangent,53,13.157,,,,,,,0.000000,0.0000,STOP_ROUTE_ERROR
732.315478,129.088534833333,35.074443000000,508071.627,3881302.145,0.002,-1.310266,route_tangent,53,13.157,,,,,,,0.000000,0.0000,STOP_ROUTE_ERROR
732.365464,129.088534833333,35.074443000000,508071.627,3881302.145,0.002,-1.310266,route_tangent,53,13.157,,,,,,,0.000000,0.0000,STOP_ROUTE_ERROR
732.415505,129.088534833333,35.074443000000,508071.627,3881302.145,0.002,-1.310266,route_tangent,53,13.157,,,,,,,0.000000,0.0000,STOP_ROUTE_ERROR
732.465535,129.088534833333,35.074443000000,508071.627,3881302.145,0.002,-1.310266,route_tangent,53,13.157,,,,,,,0.000000,0.0000,STOP_ROUTE_ERROR
732.515452,129.088534833333,35.074443000000,508071.627,3881302.145,0.002,-1.310266,route_tangent,53,13.157,,,,,,,0.000000,0.0000,STOP_ROUTE_ERROR
732.565455,129.088534833333,35.074443000000,508071.627,3881302.145,0.002,-1.310266,route_tangent,53,13.157,,,,,,,0.000000,0.0000,STOP_ROUTE_ERROR
732.615532,129.088534833333,35.074443000000,508071.627,3881302.145,0.002,-1.310266,route_tangent,53,13.157,,,,,,,0.000000,0.0000,STOP_ROUTE_ERROR
732.665502,129.088534833333,35.074443000000,508071.627,3881302.145,0.002,-1.310266,route_tangent,53,13.157,,,,,,,0.000000,0.0000,STOP_ROUTE_ERROR
732.715545,129.088534833333,35.074443000000,508071.627,3881302.145,0.002,-1.310266,route_tangent,53,13.157,,,,,,,0.000000,0.0000,STOP_ROUTE_ERROR
732.765502,129.088534833333,35.074443000000,508071.627,3881302.145,0.002,-1.310266,route_tangent,53,13.157,,,,,,,0.000000,0.0000,STOP_ROUTE_ERROR
732.815529,129.088534833333,35.074443000000,508071.627,3881302.145,0.006,-1.310266,route_tangent,53,13.157,,,,,,,0.000000,0.0000,STOP_ROUTE_ERROR
732.865448,129.088534833333,35.074443000000,508071.627,3881302.145,0.006,-1.310266,route_tangent,53,13.157,,,,,,,0.000000,0.0000,STOP_ROUTE_ERROR
732.915489,129.088534833333,35.074443000000,508071.627,3881302.145,0.006,-1.310266,route_tangent,53,13.157,,,,,,,0.000000,0.0000,STOP_ROUTE_ERROR
732.965482,129.088534833333,35.074443000000,508071.627,3881302.145,0.006,-1.310266,route_tangent,53,13.157,,,,,,,0.000000,0.0000,STOP_ROUTE_ERROR
733.015520,129.088534833333,35.074443000000,508071.627,3881302.145,0.006,-1.310266,route_tangent,53,13.157,,,,,,,0.000000,0.0000,STOP_ROUTE_ERROR
733.065456,129.088534833333,35.074443000000,508071.627,3881302.145,0.005,-1.310266,route_tangent,53,13.157,,,,,,,0.000000,0.0000,STOP_ROUTE_ERROR
733.115439,129.088534833333,35.074443000000,508071.627,3881302.145,0.005,-1.310266,route_tangent,53,13.157,,,,,,,0.000000,0.0000,STOP_ROUTE_ERROR
733.165467,129.088534833333,35.074443000000,508071.627,3881302.145,0.005,-1.310266,route_tangent,53,13.157,,,,,,,0.000000,0.0000,STOP_ROUTE_ERROR
733.215575,129.088534833333,35.074443000000,508071.627,3881302.145,0.005,-1.310266,route_tangent,53,13.157,,,,,,,0.000000,0.0000,STOP_ROUTE_ERROR
733.265521,129.088534833333,35.074443000000,508071.627,3881302.145,0.005,-1.310266,route_tangent,53,13.157,,,,,,,0.000000,0.0000,STOP_ROUTE_ERROR
733.315485,129.088534833333,35.074443000000,508071.627,3881302.145,0.005,-1.310266,route_tangent,53,13.157,,,,,,,0.000000,0.0000,STOP_ROUTE_ERROR
733.365476,129.088534833333,35.074443000000,508071.627,3881302.145,0.002,-1.310266,route_tangent,53,13.157,,,,,,,0.000000,0.0000,STOP_ROUTE_ERROR
733.415514,129.088534833333,35.074443000000,508071.627,3881302.145,0.002,-1.310266,route_tangent,53,13.157,,,,,,,0.000000,0.0000,STOP_ROUTE_ERROR
733.465471,129.088534833333,35.074443000000,508071.627,3881302.145,0.002,-1.310266,route_tangent,53,13.157,,,,,,,0.000000,0.0000,STOP_ROUTE_ERROR
733.515592,129.088534833333,35.074443000000,508071.627,3881302.145,0.002,-1.310266,route_tangent,53,13.157,,,,,,,0.000000,0.0000,STOP_ROUTE_ERROR
733.565420,129.088534833333,35.074443000000,508071.627,3881302.145,0.001,-1.310266,route_tangent,53,13.157,,,,,,,0.000000,0.0000,STOP_ROUTE_ERROR
733.615530,129.088534833333,35.074443000000,508071.627,3881302.145,0.001,-1.310266,route_tangent,53,13.157,,,,,,,0.000000,0.0000,STOP_ROUTE_ERROR
733.665442,129.088534833333,35.074443000000,508071.627,3881302.145,0.001,-1.310266,route_tangent,53,13.157,,,,,,,0.000000,0.0000,STOP_ROUTE_ERROR
733.715459,129.088534833333,35.074443000000,508071.627,3881302.145,0.001,-1.310266,route_tangent,53,13.157,,,,,,,0.000000,0.0000,STOP_ROUTE_ERROR
733.765478,129.088534833333,35.074443000000,508071.627,3881302.145,0.001,-1.310266,route_tangent,53,13.157,,,,,,,0.000000,0.0000,STOP_ROUTE_ERROR
733.815524,129.088534833333,35.074443000000,508071.627,3881302.145,0.001,-1.310266,route_tangent,53,13.157,,,,,,,0.000000,0.0000,STOP_ROUTE_ERROR
733.865532,129.088534833333,35.074443000000,508071.627,3881302.145,0.001,-1.310266,route_tangent,53,13.157,,,,,,,0.000000,0.0000,STOP_ROUTE_ERROR
733.915505,129.088534833333,35.074443000000,508071.627,3881302.145,0.001,-1.310266,route_tangent,53,13.157,,,,,,,0.000000,0.0000,STOP_ROUTE_ERROR
733.965493,129.088534833333,35.074443000000,508071.627,3881302.145,0.001,-1.310266,route_tangent,53,13.157,,,,,,,0.000000,0.0000,STOP_ROUTE_ERROR
734.015513,129.088534833333,35.074443000000,508071.627,3881302.145,0.001,-1.310266,route_tangent,53,13.157,,,,,,,0.000000,0.0000,STOP_ROUTE_ERROR
734.065446,129.088534833333,35.074443000000,508071.627,3881302.145,0.001,-1.310266,route_tangent,53,13.157,,,,,,,0.000000,0.0000,STOP_ROUTE_ERROR
734.115483,129.088534833333,35.074443000000,508071.627,3881302.145,0.002,-1.310266,route_tangent,53,13.157,,,,,,,0.000000,0.0000,STOP_ROUTE_ERROR
734.165723,129.088534833333,35.074443000000,508071.627,3881302.145,0.002,-1.310266,route_tangent,53,13.157,,,,,,,0.000000,0.0000,STOP_ROUTE_ERROR
734.215478,129.088534833333,35.074443000000,508071.627,3881302.145,0.002,-1.310266,route_tangent,53,13.157,,,,,,,0.000000,0.0000,STOP_ROUTE_ERROR
734.265499,129.088534833333,35.074443000000,508071.627,3881302.145,0.002,-1.310266,route_tangent,53,13.157,,,,,,,0.000000,0.0000,STOP_ROUTE_ERROR
734.315458,129.088534833333,35.074443000000,508071.627,3881302.145,0.002,-1.310266,route_tangent,53,13.157,,,,,,,0.000000,0.0000,STOP_ROUTE_ERROR
734.365462,129.088534833333,35.074443000000,508071.627,3881302.145,0.003,-1.310266,route_tangent,53,13.157,,,,,,,0.000000,0.0000,STOP_ROUTE_ERROR
734.415482,129.088534833333,35.074443000000,508071.627,3881302.145,0.003,-1.310266,route_tangent,53,13.157,,,,,,,0.000000,0.0000,STOP_ROUTE_ERROR
734.465470,129.088534833333,35.074443000000,508071.627,3881302.145,0.003,-1.310266,route_tangent,53,13.157,,,,,,,0.000000,0.0000,STOP_ROUTE_ERROR
734.515526,129.088534833333,35.074443000000,508071.627,3881302.145,0.003,-1.310266,route_tangent,53,13.157,,,,,,,0.000000,0.0000,STOP_ROUTE_ERROR
734.565490,129.088534833333,35.074443000000,508071.627,3881302.145,0.003,-1.310266,route_tangent,53,13.157,,,,,,,0.000000,0.0000,STOP_ROUTE_ERROR
734.615459,129.088534833333,35.074443000000,508071.627,3881302.145,0.003,-1.310266,route_tangent,53,13.157,,,,,,,0.000000,0.0000,STOP_ROUTE_ERROR
734.665444,129.088534833333,35.074443000000,508071.627,3881302.145,0.003,-1.310266,route_tangent,53,13.157,,,,,,,0.000000,0.0000,STOP_ROUTE_ERROR
734.715537,129.088534833333,35.074443000000,508071.627,3881302.145,0.003,-1.310266,route_tangent,53,13.157,,,,,,,0.000000,0.0000,STOP_ROUTE_ERROR
734.765448,129.088534833333,35.074443000000,508071.627,3881302.145,0.003,-1.310266,route_tangent,53,13.157,,,,,,,0.000000,0.0000,STOP_ROUTE_ERROR
734.815520,129.088534833333,35.074443000000,508071.627,3881302.145,0.003,-1.310266,route_tangent,53,13.157,,,,,,,0.000000,0.0000,STOP_ROUTE_ERROR
734.865534,129.088534833333,35.074443000000,508071.627,3881302.145,0.003,-1.310266,route_tangent,53,13.157,,,,,,,0.000000,0.0000,STOP_ROUTE_ERROR
734.915460,129.088534833333,35.074443000000,508071.627,3881302.145,0.003,-1.310266,route_tangent,53,13.157,,,,,,,0.000000,0.0000,STOP_ROUTE_ERROR
734.965522,129.088534833333,35.074443000000,508071.627,3881302.145,0.003,-1.310266,route_tangent,53,13.157,,,,,,,0.000000,0.0000,STOP_ROUTE_ERROR
735.015535,129.088534833333,35.074443000000,508071.627,3881302.145,0.003,-1.310266,route_tangent,53,13.157,,,,,,,0.000000,0.0000,STOP_ROUTE_ERROR
735.065495,129.088534833333,35.074443000000,508071.627,3881302.145,0.003,-1.310266,route_tangent,53,13.157,,,,,,,0.000000,0.0000,STOP_ROUTE_ERROR
735.115506,129.088534833333,35.074443000000,508071.627,3881302.145,0.004,-1.310266,route_tangent,53,13.157,,,,,,,0.000000,0.0000,STOP_ROUTE_ERROR
735.165460,129.088534833333,35.074443000000,508071.627,3881302.145,0.004,-1.310266,route_tangent,53,13.157,,,,,,,0.000000,0.0000,STOP_ROUTE_ERROR
735.215496,129.088534833333,35.074443000000,508071.627,3881302.145,0.004,-1.310266,route_tangent,53,13.157,,,,,,,0.000000,0.0000,STOP_ROUTE_ERROR
735.265525,129.088534833333,35.074443000000,508071.627,3881302.145,0.004,-1.310266,route_tangent,53,13.157,,,,,,,0.000000,0.0000,STOP_ROUTE_ERROR
735.315452,129.088534833333,35.074443000000,508071.627,3881302.145,0.004,-1.310266,route_tangent,53,13.157,,,,,,,0.000000,0.0000,STOP_ROUTE_ERROR
735.365493,129.088534833333,35.074443000000,508071.627,3881302.145,0.005,-1.310266,route_tangent,53,13.157,,,,,,,0.000000,0.0000,STOP_ROUTE_ERROR
735.415524,129.088534833333,35.074443000000,508071.627,3881302.145,0.005,-1.310266,route_tangent,53,13.157,,,,,,,0.000000,0.0000,STOP_ROUTE_ERROR
735.465476,129.088534833333,35.074443000000,508071.627,3881302.145,0.005,-1.310266,route_tangent,53,13.157,,,,,,,0.000000,0.0000,STOP_ROUTE_ERROR
735.515479,129.088534833333,35.074443000000,508071.627,3881302.145,0.005,-1.310266,route_tangent,53,13.157,,,,,,,0.000000,0.0000,STOP_ROUTE_ERROR
735.565446,129.088534833333,35.074443000000,508071.627,3881302.145,0.005,-1.310266,route_tangent,53,13.157,,,,,,,0.000000,0.0000,STOP_ROUTE_ERROR
735.615496,129.088534833333,35.074443000000,508071.627,3881302.145,0.003,-1.310266,route_tangent,53,13.157,,,,,,,0.000000,0.0000,STOP_ROUTE_ERROR
735.665452,129.088534833333,35.074443000000,508071.627,3881302.145,0.003,-1.310266,route_tangent,53,13.157,,,,,,,0.000000,0.0000,STOP_ROUTE_ERROR
735.715505,129.088534833333,35.074443000000,508071.627,3881302.145,0.003,-1.310266,route_tangent,53,13.157,,,,,,,0.000000,0.0000,STOP_ROUTE_ERROR
735.765473,129.088534833333,35.074443000000,508071.627,3881302.145,0.003,-1.310266,route_tangent,53,13.157,,,,,,,0.000000,0.0000,STOP_ROUTE_ERROR
735.815499,129.088534833333,35.074443000000,508071.627,3881302.145,0.002,-1.310266,route_tangent,53,13.157,,,,,,,0.000000,0.0000,STOP_ROUTE_ERROR
735.865469,129.088534833333,35.074443000000,508071.627,3881302.145,0.002,-1.310266,route_tangent,53,13.157,,,,,,,0.000000,0.0000,STOP_ROUTE_ERROR
735.915510,129.088534833333,35.074443000000,508071.627,3881302.145,0.002,-1.310266,route_tangent,53,13.157,,,,,,,0.000000,0.0000,STOP_ROUTE_ERROR
735.965495,129.088534833333,35.074443000000,508071.627,3881302.145,0.002,-1.310266,route_tangent,53,13.157,,,,,,,0.000000,0.0000,STOP_ROUTE_ERROR
736.015494,129.088534833333,35.074443000000,508071.627,3881302.145,0.002,-1.310266,route_tangent,53,13.157,,,,,,,0.000000,0.0000,STOP_ROUTE_ERROR
736.065509,129.088534833333,35.074443000000,508071.627,3881302.145,0.003,-1.310266,route_tangent,53,13.157,,,,,,,0.000000,0.0000,STOP_ROUTE_ERROR
736.115495,129.088534833333,35.074443000000,508071.627,3881302.145,0.003,-1.310266,route_tangent,53,13.157,,,,,,,0.000000,0.0000,STOP_ROUTE_ERROR
736.165500,129.088534833333,35.074443000000,508071.627,3881302.145,0.003,-1.310266,route_tangent,53,13.157,,,,,,,0.000000,0.0000,STOP_ROUTE_ERROR
736.215481,129.088534833333,35.074443000000,508071.627,3881302.145,0.003,-1.310266,route_tangent,53,13.157,,,,,,,0.000000,0.0000,STOP_ROUTE_ERROR
736.265449,129.088534833333,35.074443000000,508071.627,3881302.145,0.003,-1.310266,route_tangent,53,13.157,,,,,,,0.000000,0.0000,STOP_ROUTE_ERROR
736.315503,129.088534833333,35.074443000000,508071.627,3881302.145,0.003,-1.310266,route_tangent,53,13.157,,,,,,,0.000000,0.0000,STOP_ROUTE_ERROR
736.365506,129.088534833333,35.074443000000,508071.627,3881302.145,0.001,-1.310266,route_tangent,53,13.157,,,,,,,0.000000,0.0000,STOP_ROUTE_ERROR
736.415482,129.088534833333,35.074443000000,508071.627,3881302.145,0.001,-1.310266,route_tangent,53,13.157,,,,,,,0.000000,0.0000,STOP_ROUTE_ERROR
736.465490,129.088534833333,35.074443000000,508071.627,3881302.145,0.001,-1.310266,route_tangent,53,13.157,,,,,,,0.000000,0.0000,STOP_ROUTE_ERROR
736.515481,129.088534833333,35.074443000000,508071.627,3881302.145,0.001,-1.310266,route_tangent,53,13.157,,,,,,,0.000000,0.0000,STOP_ROUTE_ERROR
736.565486,129.088534833333,35.074443000000,508071.627,3881302.145,0.001,-1.310266,route_tangent,53,13.157,,,,,,,0.000000,0.0000,STOP_ROUTE_ERROR
736.615490,129.088534833333,35.074443000000,508071.627,3881302.145,0.001,-1.310266,route_tangent,53,13.157,,,,,,,0.000000,0.0000,STOP_ROUTE_ERROR
736.665456,129.088534833333,35.074443000000,508071.627,3881302.145,0.001,-1.310266,route_tangent,53,13.157,,,,,,,0.000000,0.0000,STOP_ROUTE_ERROR
736.715478,129.088534833333,35.074443000000,508071.627,3881302.145,0.001,-1.310266,route_tangent,53,13.157,,,,,,,0.000000,0.0000,STOP_ROUTE_ERROR
736.765472,129.088534833333,35.074443000000,508071.627,3881302.145,0.001,-1.310266,route_tangent,53,13.157,,,,,,,0.000000,0.0000,STOP_ROUTE_ERROR
736.815521,129.088534833333,35.074443000000,508071.627,3881302.145,0.002,-1.310266,route_tangent,53,13.157,,,,,,,0.000000,0.0000,STOP_ROUTE_ERROR
736.865508,129.088534833333,35.074443000000,508071.627,3881302.145,0.002,-1.310266,route_tangent,53,13.157,,,,,,,0.000000,0.0000,STOP_ROUTE_ERROR
736.915466,129.088534833333,35.074443000000,508071.627,3881302.145,0.002,-1.310266,route_tangent,53,13.157,,,,,,,0.000000,0.0000,STOP_ROUTE_ERROR
736.965467,129.088534833333,35.074443000000,508071.627,3881302.145,0.002,-1.310266,route_tangent,53,13.157,,,,,,,0.000000,0.0000,STOP_ROUTE_ERROR
737.015473,129.088534833333,35.074443000000,508071.627,3881302.145,0.002,-1.310266,route_tangent,53,13.157,,,,,,,0.000000,0.0000,STOP_ROUTE_ERROR
737.065509,129.088534833333,35.074443000000,508071.627,3881302.145,0.001,-1.310266,route_tangent,53,13.157,,,,,,,0.000000,0.0000,STOP_ROUTE_ERROR
737.115507,129.088534833333,35.074443000000,508071.627,3881302.145,0.001,-1.310266,route_tangent,53,13.157,,,,,,,0.000000,0.0000,STOP_ROUTE_ERROR
737.165509,129.088534833333,35.074443000000,508071.627,3881302.145,0.001,-1.310266,route_tangent,53,13.157,,,,,,,0.000000,0.0000,STOP_ROUTE_ERROR
737.215492,129.088534833333,35.074443000000,508071.627,3881302.145,0.001,-1.310266,route_tangent,53,13.157,,,,,,,0.000000,0.0000,STOP_ROUTE_ERROR
737.265455,129.088534833333,35.074443000000,508071.627,3881302.145,0.001,-1.310266,route_tangent,53,13.157,,,,,,,0.000000,0.0000,STOP_ROUTE_ERROR
737.315522,129.088534833333,35.074443000000,508071.627,3881302.145,0.001,-1.310266,route_tangent,53,13.157,,,,,,,0.000000,0.0000,STOP_ROUTE_ERROR
737.365504,129.088534833333,35.074443000000,508071.627,3881302.145,0.001,-1.310266,route_tangent,53,13.157,,,,,,,0.000000,0.0000,STOP_ROUTE_ERROR
737.415486,129.088534833333,35.074443000000,508071.627,3881302.145,0.001,-1.310266,route_tangent,53,13.157,,,,,,,0.000000,0.0000,STOP_ROUTE_ERROR
737.465485,129.088534833333,35.074443000000,508071.627,3881302.145,0.001,-1.310266,route_tangent,53,13.157,,,,,,,0.000000,0.0000,STOP_ROUTE_ERROR
737.515547,129.088534833333,35.074443000000,508071.627,3881302.145,0.001,-1.310266,route_tangent,53,13.157,,,,,,,0.000000,0.0000,STOP_ROUTE_ERROR
737.565490,129.088534833333,35.074443000000,508071.627,3881302.145,0.004,-1.310266,route_tangent,53,13.157,,,,,,,0.000000,0.0000,STOP_ROUTE_ERROR
737.615487,129.088534833333,35.074443000000,508071.627,3881302.145,0.004,-1.310266,route_tangent,53,13.157,,,,,,,0.000000,0.0000,STOP_ROUTE_ERROR
737.665509,129.088534833333,35.074443000000,508071.627,3881302.145,0.004,-1.310266,route_tangent,53,13.157,,,,,,,0.000000,0.0000,STOP_ROUTE_ERROR
737.715508,129.088534833333,35.074443000000,508071.627,3881302.145,0.004,-1.310266,route_tangent,53,13.157,,,,,,,0.000000,0.0000,STOP_ROUTE_ERROR
737.765474,129.088534833333,35.074443000000,508071.627,3881302.145,0.004,-1.310266,route_tangent,53,13.157,,,,,,,0.000000,0.0000,STOP_ROUTE_ERROR
737.815469,129.088534666667,35.074442833333,508071.612,3881302.126,0.009,-1.310266,route_tangent,53,13.173,,,,,,,0.000000,0.0000,STOP_ROUTE_ERROR
737.865518,129.088534666667,35.074442833333,508071.612,3881302.126,0.009,-1.310266,route_tangent,53,13.173,,,,,,,0.000000,0.0000,STOP_ROUTE_ERROR
737.915473,129.088534666667,35.074442833333,508071.612,3881302.126,0.009,-1.310266,route_tangent,53,13.173,,,,,,,0.000000,0.0000,STOP_ROUTE_ERROR
737.965475,129.088534666667,35.074442833333,508071.612,3881302.126,0.009,-1.310266,route_tangent,53,13.173,,,,,,,0.000000,0.0000,STOP_ROUTE_ERROR
738.015520,129.088534666667,35.074442833333,508071.612,3881302.126,0.009,-1.310266,route_tangent,53,13.173,,,,,,,0.000000,0.0000,STOP_ROUTE_ERROR
738.065544,129.088534666667,35.074442833333,508071.612,3881302.126,0.009,-1.310266,route_tangent,53,13.173,,,,,,,0.000000,0.0000,STOP_ROUTE_ERROR
738.115485,129.088534500000,35.074442833333,508071.597,3881302.126,0.023,-1.310266,route_tangent,53,13.189,,,,,,,0.000000,0.0000,STOP_ROUTE_ERROR
738.165439,129.088534500000,35.074442833333,508071.597,3881302.126,0.023,-1.310266,route_tangent,53,13.189,,,,,,,0.000000,0.0000,STOP_ROUTE_ERROR
738.215488,129.088534500000,35.074442833333,508071.597,3881302.126,0.023,-1.310266,route_tangent,53,13.189,,,,,,,0.000000,0.0000,STOP_ROUTE_ERROR
738.265482,129.088534500000,35.074442833333,508071.597,3881302.126,0.023,-1.310266,route_tangent,53,13.189,,,,,,,0.000000,0.0000,STOP_ROUTE_ERROR
738.315442,129.088534500000,35.074442833333,508071.597,3881302.126,0.023,-1.310266,route_tangent,53,13.189,,,,,,,0.000000,0.0000,STOP_ROUTE_ERROR
738.365515,129.088534166667,35.074442666667,508071.567,3881302.108,0.023,-1.310266,route_tangent,53,13.220,,,,,,,0.000000,0.0000,STOP_ROUTE_ERROR
738.415498,129.088534166667,35.074442666667,508071.567,3881302.108,0.023,-1.310266,route_tangent,53,13.220,,,,,,,0.000000,0.0000,STOP_ROUTE_ERROR
738.465493,129.088534166667,35.074442666667,508071.567,3881302.108,0.023,-1.310266,route_tangent,53,13.220,,,,,,,0.000000,0.0000,STOP_ROUTE_ERROR
738.515509,129.088534166667,35.074442666667,508071.567,3881302.108,0.023,-1.310266,route_tangent,53,13.220,,,,,,,0.000000,0.0000,STOP_ROUTE_ERROR
738.565435,129.088533666667,35.074442500000,508071.521,3881302.089,0.097,-1.310266,route_tangent,53,13.267,,,,,,,0.000000,0.0000,STOP_ROUTE_ERROR
738.615467,129.088533666667,35.074442500000,508071.521,3881302.089,0.097,-1.310266,route_tangent,53,13.267,,,,,,,0.000000,0.0000,STOP_ROUTE_ERROR
738.665461,129.088533666667,35.074442500000,508071.521,3881302.089,0.097,-1.310266,route_tangent,53,13.267,,,,,,,0.000000,0.0000,STOP_ROUTE_ERROR
738.715453,129.088533666667,35.074442500000,508071.521,3881302.089,0.097,-1.310266,route_tangent,53,13.267,,,,,,,0.000000,0.0000,STOP_ROUTE_ERROR
738.765471,129.088533666667,35.074442500000,508071.521,3881302.089,0.097,-1.310266,route_tangent,53,13.267,,,,,,,0.000000,0.0000,STOP_ROUTE_ERROR
738.815542,129.088533000000,35.074442166667,508071.460,3881302.052,0.140,-2.680477,gps_course,53,13.330,,,,,,,0.000000,0.0000,STOP_ROUTE_ERROR
738.865447,129.088533000000,35.074442166667,508071.460,3881302.052,0.140,-2.680477,gps_course,53,13.330,,,,,,,0.000000,0.0000,STOP_ROUTE_ERROR
738.915487,129.088533000000,35.074442166667,508071.460,3881302.052,0.140,-2.680477,gps_course,53,13.330,,,,,,,0.000000,0.0000,STOP_ROUTE_ERROR
738.965488,129.088533000000,35.074442166667,508071.460,3881302.052,0.140,-2.680477,gps_course,53,13.330,,,,,,,0.000000,0.0000,STOP_ROUTE_ERROR
739.015496,129.088533000000,35.074442166667,508071.460,3881302.052,0.140,-2.680477,gps_course,53,13.330,,,,,,,0.000000,0.0000,STOP_ROUTE_ERROR
739.065438,129.088532500000,35.074442000000,508071.415,3881302.033,0.181,-2.691123,gps_course,53,13.377,,,,,,,0.000000,0.0000,STOP_ROUTE_ERROR
739.115449,129.088532500000,35.074442000000,508071.415,3881302.033,0.181,-2.691123,gps_course,53,13.377,,,,,,,0.000000,0.0000,STOP_ROUTE_ERROR
739.165486,129.088532500000,35.074442000000,508071.415,3881302.033,0.181,-2.691123,gps_course,53,13.377,,,,,,,0.000000,0.0000,STOP_ROUTE_ERROR
739.215460,129.088532500000,35.074442000000,508071.415,3881302.033,0.181,-2.691123,gps_course,53,13.377,,,,,,,0.000000,0.0000,STOP_ROUTE_ERROR
739.265458,129.088532500000,35.074442000000,508071.415,3881302.033,0.181,-2.691123,gps_course,53,13.377,,,,,,,0.000000,0.0000,STOP_ROUTE_ERROR
739.315517,129.088532500000,35.074442000000,508071.415,3881302.033,0.181,-2.691123,gps_course,53,13.377,,,,,,,0.000000,0.0000,STOP_ROUTE_ERROR
739.365493,129.088531666667,35.074441666667,508071.339,3881301.996,0.215,-2.695486,gps_course,53,13.455,,,,,,,0.000000,0.0000,STOP_ROUTE_ERROR
739.415599,129.088531666667,35.074441666667,508071.339,3881301.996,0.215,-2.695486,gps_course,53,13.455,,,,,,,0.000000,0.0000,STOP_ROUTE_ERROR
739.465505,129.088531666667,35.074441666667,508071.339,3881301.996,0.215,-2.695486,gps_course,53,13.455,,,,,,,0.000000,0.0000,STOP_ROUTE_ERROR
739.515510,129.088531666667,35.074441666667,508071.339,3881301.996,0.215,-2.695486,gps_course,53,13.455,,,,,,,0.000000,0.0000,STOP_ROUTE_ERROR
739.565462,129.088530833333,35.074441333333,508071.263,3881301.959,0.215,-2.695486,gps_course,53,13.534,,,,,,,0.000000,0.0000,STOP_ROUTE_ERROR
739.615496,129.088530833333,35.074441333333,508071.263,3881301.959,0.215,-2.695486,gps_course,53,13.534,,,,,,,0.000000,0.0000,STOP_ROUTE_ERROR
739.665488,129.088530833333,35.074441333333,508071.263,3881301.959,0.215,-2.695486,gps_course,53,13.534,,,,,,,0.000000,0.0000,STOP_ROUTE_ERROR
739.715522,129.088530833333,35.074441333333,508071.263,3881301.959,0.215,-2.695486,gps_course,53,13.534,,,,,,,0.000000,0.0000,STOP_ROUTE_ERROR
739.765495,129.088530833333,35.074441333333,508071.263,3881301.959,0.215,-2.695486,gps_course,53,13.534,,,,,,,0.000000,0.0000,STOP_ROUTE_ERROR
739.815506,129.088530000000,35.074441000000,508071.187,3881301.922,0.280,-2.711369,gps_course,53,13.613,,,,,,,0.000000,0.0000,STOP_ROUTE_ERROR
739.865471,129.088530000000,35.074441000000,508071.187,3881301.922,0.280,-2.711369,gps_course,53,13.613,,,,,,,0.000000,0.0000,STOP_ROUTE_ERROR
739.915475,129.088530000000,35.074441000000,508071.187,3881301.922,0.280,-2.711369,gps_course,53,13.613,,,,,,,0.000000,0.0000,STOP_ROUTE_ERROR
739.965503,129.088530000000,35.074441000000,508071.187,3881301.922,0.280,-2.711369,gps_course,53,13.613,,,,,,,0.000000,0.0000,STOP_ROUTE_ERROR
740.015525,129.088530000000,35.074441000000,508071.187,3881301.922,0.280,-2.711369,gps_course,53,13.613,,,,,,,0.000000,0.0000,STOP_ROUTE_ERROR
740.065487,129.088530000000,35.074441000000,508071.187,3881301.922,0.280,-2.711369,gps_course,53,13.613,,,,,,,0.000000,0.0000,STOP_ROUTE_ERROR
740.115466,129.088529000000,35.074440666667,508071.096,3881301.885,0.314,-2.698977,gps_course,53,13.707,,,,,,,0.000000,0.0000,STOP_ROUTE_ERROR
740.165453,129.088529000000,35.074440666667,508071.096,3881301.885,0.314,-2.698977,gps_course,53,13.707,,,,,,,0.000000,0.0000,STOP_ROUTE_ERROR
740.215495,129.088529000000,35.074440666667,508071.096,3881301.885,0.314,-2.698977,gps_course,53,13.707,,,,,,,0.000000,0.0000,STOP_ROUTE_ERROR
740.265506,129.088529000000,35.074440666667,508071.096,3881301.885,0.314,-2.698977,gps_course,53,13.707,,,,,,,0.000000,0.0000,STOP_ROUTE_ERROR
740.315583,129.088529000000,35.074440666667,508071.096,3881301.885,0.314,-2.698977,gps_course,53,13.707,,,,,,,0.000000,0.0000,STOP_ROUTE_ERROR
740.365518,129.088528000000,35.074440166667,508071.005,3881301.830,0.354,-2.692519,gps_course,53,13.802,,,,,,,0.000000,0.0000,STOP_ROUTE_ERROR
740.415546,129.088528000000,35.074440166667,508071.005,3881301.830,0.354,-2.692519,gps_course,53,13.802,,,,,,,0.000000,0.0000,STOP_ROUTE_ERROR
740.465507,129.088528000000,35.074440166667,508071.005,3881301.830,0.354,-2.692519,gps_course,53,13.802,,,,,,,0.000000,0.0000,STOP_ROUTE_ERROR
740.515550,129.088528000000,35.074440166667,508071.005,3881301.830,0.354,-2.692519,gps_course,53,13.802,,,,,,,0.000000,0.0000,STOP_ROUTE_ERROR
740.565539,129.088526833333,35.074439666667,508070.898,3881301.774,0.395,-2.675241,gps_course,53,13.913,,,,,,,0.000000,0.0000,STOP_ROUTE_ERROR
740.615486,129.088526833333,35.074439666667,508070.898,3881301.774,0.395,-2.675241,gps_course,53,13.913,,,,,,,0.000000,0.0000,STOP_ROUTE_ERROR
740.665505,129.088526833333,35.074439666667,508070.898,3881301.774,0.395,-2.675241,gps_course,53,13.913,,,,,,,0.000000,0.0000,STOP_ROUTE_ERROR
740.715514,129.088526833333,35.074439666667,508070.898,3881301.774,0.395,-2.675241,gps_course,53,13.913,,,,,,,0.000000,0.0000,STOP_ROUTE_ERROR
740.765446,129.088526833333,35.074439666667,508070.898,3881301.774,0.395,-2.675241,gps_course,53,13.913,,,,,,,0.000000,0.0000,STOP_ROUTE_ERROR
740.815480,129.088525500000,35.074439166667,508070.777,3881301.719,0.428,-2.676637,gps_course,53,14.039,,,,,,,0.000000,0.0000,STOP_ROUTE_ERROR
740.865473,129.088525500000,35.074439166667,508070.777,3881301.719,0.428,-2.676637,gps_course,53,14.039,,,,,,,0.000000,0.0000,STOP_ROUTE_ERROR
740.915489,129.088525500000,35.074439166667,508070.777,3881301.719,0.428,-2.676637,gps_course,53,14.039,,,,,,,0.000000,0.0000,STOP_ROUTE_ERROR
740.965492,129.088525500000,35.074439166667,508070.777,3881301.719,0.428,-2.676637,gps_course,53,14.039,,,,,,,0.000000,0.0000,STOP_ROUTE_ERROR
741.015657,129.088525500000,35.074439166667,508070.777,3881301.719,0.428,-2.676637,gps_course,53,14.039,,,,,,,0.000000,0.0000,STOP_ROUTE_ERROR
741.065439,129.088524166667,35.074438666667,508070.655,3881301.663,0.466,-2.690949,gps_course,53,14.165,,,,,,,0.000000,0.0000,STOP_ROUTE_ERROR
741.115549,129.088524166667,35.074438666667,508070.655,3881301.663,0.466,-2.690949,gps_course,53,14.165,,,,,,,0.000000,0.0000,STOP_ROUTE_ERROR
741.165491,129.088524166667,35.074438666667,508070.655,3881301.663,0.466,-2.690949,gps_course,53,14.165,,,,,,,0.000000,0.0000,STOP_ROUTE_ERROR
741.215507,129.088524166667,35.074438666667,508070.655,3881301.663,0.466,-2.690949,gps_course,53,14.165,,,,,,,0.000000,0.0000,STOP_ROUTE_ERROR
741.265489,129.088524166667,35.074438666667,508070.655,3881301.663,0.466,-2.690949,gps_course,53,14.165,,,,,,,0.000000,0.0000,STOP_ROUTE_ERROR
741.315502,129.088524166667,35.074438666667,508070.655,3881301.663,0.466,-2.690949,gps_course,53,14.165,,,,,,,0.000000,0.0000,STOP_ROUTE_ERROR
741.365507,129.088522666667,35.074438166667,508070.519,3881301.608,0.500,-2.695137,gps_course,53,14.307,,,,,,,0.000000,0.0000,STOP_ROUTE_ERROR
741.415524,129.088522666667,35.074438166667,508070.519,3881301.608,0.500,-2.695137,gps_course,53,14.307,,,,,,,0.000000,0.0000,STOP_ROUTE_ERROR
741.465492,129.088522666667,35.074438166667,508070.519,3881301.608,0.500,-2.695137,gps_course,53,14.307,,,,,,,0.000000,0.0000,STOP_ROUTE_ERROR
741.515502,129.088522666667,35.074438166667,508070.519,3881301.608,0.500,-2.695137,gps_course,53,14.307,,,,,,,0.000000,0.0000,STOP_ROUTE_ERROR
741.565485,129.088521166667,35.074437500000,508070.382,3881301.534,0.534,-2.699152,gps_course,53,14.450,,,,,,,0.000000,0.0000,STOP_ROUTE_ERROR
741.615552,129.088521166667,35.074437500000,508070.382,3881301.534,0.534,-2.699152,gps_course,53,14.450,,,,,,,0.000000,0.0000,STOP_ROUTE_ERROR
741.665503,129.088521166667,35.074437500000,508070.382,3881301.534,0.534,-2.699152,gps_course,53,14.450,,,,,,,0.000000,0.0000,STOP_ROUTE_ERROR
741.715470,129.088521166667,35.074437500000,508070.382,3881301.534,0.534,-2.699152,gps_course,53,14.450,,,,,,,0.000000,0.0000,STOP_ROUTE_ERROR
741.765451,129.088521166667,35.074437500000,508070.382,3881301.534,0.534,-2.699152,gps_course,53,14.450,,,,,,,0.000000,0.0000,STOP_ROUTE_ERROR
741.815529,129.088519666667,35.074436833333,508070.245,3881301.459,0.572,-2.687633,gps_course,53,14.594,,,,,,,0.000000,0.0000,STOP_ROUTE_ERROR
741.865462,129.088519666667,35.074436833333,508070.245,3881301.459,0.572,-2.687633,gps_course,53,14.594,,,,,,,0.000000,0.0000,STOP_ROUTE_ERROR
741.915448,129.088519666667,35.074436833333,508070.245,3881301.459,0.572,-2.687633,gps_course,53,14.594,,,,,,,0.000000,0.0000,STOP_ROUTE_ERROR
741.965499,129.088519666667,35.074436833333,508070.245,3881301.459,0.572,-2.687633,gps_course,53,14.594,,,,,,,0.000000,0.0000,STOP_ROUTE_ERROR
742.015620,129.088519666667,35.074436833333,508070.245,3881301.459,0.572,-2.687633,gps_course,53,14.594,,,,,,,0.000000,0.0000,STOP_ROUTE_ERROR
742.065514,129.088519666667,35.074436833333,508070.245,3881301.459,0.572,-2.687633,gps_course,53,14.594,,,,,,,0.000000,0.0000,STOP_ROUTE_ERROR
742.115524,129.088518000000,35.074436166667,508070.093,3881301.385,0.602,-2.679604,gps_course,53,14.753,,,,,,,0.000000,0.0000,STOP_ROUTE_ERROR
742.165508,129.088518000000,35.074436166667,508070.093,3881301.385,0.602,-2.679604,gps_course,53,14.753,,,,,,,0.000000,0.0000,STOP_ROUTE_ERROR
742.215504,129.088518000000,35.074436166667,508070.093,3881301.385,0.602,-2.679604,gps_course,53,14.753,,,,,,,0.000000,0.0000,STOP_ROUTE_ERROR
742.265526,129.088518000000,35.074436166667,508070.093,3881301.385,0.602,-2.679604,gps_course,53,14.753,,,,,,,0.000000,0.0000,STOP_ROUTE_ERROR
742.315482,129.088518000000,35.074436166667,508070.093,3881301.385,0.602,-2.679604,gps_course,53,14.753,,,,,,,0.000000,0.0000,STOP_ROUTE_ERROR
742.365487,129.088516333333,35.074435333333,508069.942,3881301.293,0.632,-2.670354,gps_course,53,14.914,,,,,,,0.000000,0.0000,STOP_ROUTE_ERROR
742.415551,129.088516333333,35.074435333333,508069.942,3881301.293,0.632,-2.670354,gps_course,53,14.914,,,,,,,0.000000,0.0000,STOP_ROUTE_ERROR
742.465460,129.088516333333,35.074435333333,508069.942,3881301.293,0.632,-2.670354,gps_course,53,14.914,,,,,,,0.000000,0.0000,STOP_ROUTE_ERROR
742.515571,129.088516333333,35.074435333333,508069.942,3881301.293,0.632,-2.670354,gps_course,53,14.914,,,,,,,0.000000,0.0000,STOP_ROUTE_ERROR
742.565435,129.088516333333,35.074435333333,508069.942,3881301.293,0.632,-2.670354,gps_course,53,14.914,,,,,,,0.000000,0.0000,STOP_ROUTE_ERROR
742.615472,129.088514666667,35.074434500000,508069.790,3881301.200,0.665,-2.658136,gps_course,53,15.076,,,,,,,0.000000,0.0000,STOP_ROUTE_ERROR
742.665514,129.088514666667,35.074434500000,508069.790,3881301.200,0.665,-2.658136,gps_course,53,15.076,,,,,,,0.000000,0.0000,STOP_ROUTE_ERROR
742.715492,129.088514666667,35.074434500000,508069.790,3881301.200,0.665,-2.658136,gps_course,53,15.076,,,,,,,0.000000,0.0000,STOP_ROUTE_ERROR
742.765477,129.088514666667,35.074434500000,508069.790,3881301.200,0.665,-2.658136,gps_course,53,15.076,,,,,,,0.000000,0.0000,STOP_ROUTE_ERROR
742.815485,129.088513000000,35.074433833333,508069.638,3881301.126,0.680,-2.642778,gps_course,53,15.236,,,,,,,0.000000,0.0000,STOP_ROUTE_ERROR
742.865488,129.088513000000,35.074433833333,508069.638,3881301.126,0.680,-2.642778,gps_course,53,15.236,,,,,,,0.000000,0.0000,STOP_ROUTE_ERROR
742.915509,129.088513000000,35.074433833333,508069.638,3881301.126,0.680,-2.642778,gps_course,53,15.236,,,,,,,0.000000,0.0000,STOP_ROUTE_ERROR
742.965492,129.088513000000,35.074433833333,508069.638,3881301.126,0.680,-2.642778,gps_course,53,15.236,,,,,,,0.000000,0.0000,STOP_ROUTE_ERROR
743.015523,129.088513000000,35.074433833333,508069.638,3881301.126,0.680,-2.642778,gps_course,53,15.236,,,,,,,0.000000,0.0000,STOP_ROUTE_ERROR
743.065459,129.088511666667,35.074433166667,508069.516,3881301.052,0.664,-2.643301,gps_course,53,15.366,,,,,,,0.000000,0.0000,STOP_ROUTE_ERROR
743.115458,129.088511666667,35.074433166667,508069.516,3881301.052,0.664,-2.643301,gps_course,53,15.366,,,,,,,0.000000,0.0000,STOP_ROUTE_ERROR
743.165870,129.088511666667,35.074433166667,508069.516,3881301.052,0.664,-2.643301,gps_course,53,15.366,,,,,,,0.000000,0.0000,STOP_ROUTE_ERROR
743.215481,129.088511666667,35.074433166667,508069.516,3881301.052,0.664,-2.643301,gps_course,53,15.366,,,,,,,0.000000,0.0000,STOP_ROUTE_ERROR
743.265591,129.088511666667,35.074433166667,508069.516,3881301.052,0.664,-2.643301,gps_course,53,15.366,,,,,,,0.000000,0.0000,STOP_ROUTE_ERROR
743.315463,129.088510500000,35.074432666667,508069.410,3881300.997,0.624,-2.648188,gps_course,53,15.478,,,,,,,0.000000,0.0000,STOP_ROUTE_ERROR
743.365524,129.088510500000,35.074432666667,508069.410,3881300.997,0.624,-2.648188,gps_course,53,15.478,,,,,,,0.000000,0.0000,STOP_ROUTE_ERROR
743.415474,129.088510500000,35.074432666667,508069.410,3881300.997,0.624,-2.648188,gps_course,53,15.478,,,,,,,0.000000,0.0000,STOP_ROUTE_ERROR
743.465483,129.088510500000,35.074432666667,508069.410,3881300.997,0.624,-2.648188,gps_course,53,15.478,,,,,,,0.000000,0.0000,STOP_ROUTE_ERROR
743.515468,129.088510500000,35.074432666667,508069.410,3881300.997,0.624,-2.648188,gps_course,53,15.478,,,,,,,0.000000,0.0000,STOP_ROUTE_ERROR
743.565608,129.088509333333,35.074432166667,508069.304,3881300.941,0.624,-2.648188,gps_course,53,15.591,,,,,,,0.000000,0.0000,STOP_ROUTE_ERROR
743.615501,129.088509333333,35.074432166667,508069.304,3881300.941,0.624,-2.648188,gps_course,53,15.591,,,,,,,0.000000,0.0000,STOP_ROUTE_ERROR
743.665447,129.088509333333,35.074432166667,508069.304,3881300.941,0.624,-2.648188,gps_course,53,15.591,,,,,,,0.000000,0.0000,STOP_ROUTE_ERROR
743.715496,129.088509333333,35.074432166667,508069.304,3881300.941,0.624,-2.648188,gps_course,53,15.591,,,,,,,0.000000,0.0000,STOP_ROUTE_ERROR
743.765844,129.088509333333,35.074432166667,508069.304,3881300.941,0.624,-2.648188,gps_course,53,15.591,,,,,,,0.000000,0.0000,STOP_ROUTE_ERROR
743.815453,129.088508333333,35.074431833333,508069.213,3881300.904,0.517,-2.651504,gps_course,53,15.686,,,,,,,0.000000,0.0000,STOP_ROUTE_ERROR
743.865483,129.088508333333,35.074431833333,508069.213,3881300.904,0.517,-2.651504,gps_course,53,15.686,,,,,,,0.000000,0.0000,STOP_ROUTE_ERROR
743.915526,129.088508333333,35.074431833333,508069.213,3881300.904,0.517,-2.651504,gps_course,53,15.686,,,,,,,0.000000,0.0000,STOP_ROUTE_ERROR
743.965514,129.088508333333,35.074431833333,508069.213,3881300.904,0.517,-2.651504,gps_course,53,15.686,,,,,,,0.000000,0.0000,STOP_ROUTE_ERROR
744.015508,129.088508333333,35.074431833333,508069.213,3881300.904,0.517,-2.651504,gps_course,53,15.686,,,,,,,0.000000,0.0000,STOP_ROUTE_ERROR
744.065493,129.088507500000,35.074431333333,508069.137,3881300.849,0.468,-2.659184,gps_course,53,15.769,,,,,,,0.000000,0.0000,STOP_ROUTE_ERROR
744.115501,129.088507500000,35.074431333333,508069.137,3881300.849,0.468,-2.659184,gps_course,53,15.769,,,,,,,0.000000,0.0000,STOP_ROUTE_ERROR
744.165550,129.088507500000,35.074431333333,508069.137,3881300.849,0.468,-2.659184,gps_course,53,15.769,,,,,,,0.000000,0.0000,STOP_ROUTE_ERROR
744.215506,129.088507500000,35.074431333333,508069.137,3881300.849,0.468,-2.659184,gps_course,53,15.769,,,,,,,0.000000,0.0000,STOP_ROUTE_ERROR
744.265523,129.088507500000,35.074431333333,508069.137,3881300.849,0.468,-2.659184,gps_course,53,15.769,,,,,,,0.000000,0.0000,STOP_ROUTE_ERROR
744.315480,129.088507500000,35.074431333333,508069.137,3881300.849,0.468,-2.659184,gps_course,53,15.769,,,,,,,0.000000,0.0000,STOP_ROUTE_ERROR
744.365498,129.088506666667,35.074431000000,508069.061,3881300.811,0.428,-2.651504,gps_course,53,15.850,,,,,,,0.000000,0.0000,STOP_ROUTE_ERROR
744.415530,129.088506666667,35.074431000000,508069.061,3881300.811,0.428,-2.651504,gps_course,53,15.850,,,,,,,0.000000,0.0000,STOP_ROUTE_ERROR
744.465526,129.088506666667,35.074431000000,508069.061,3881300.811,0.428,-2.651504,gps_course,53,15.850,,,,,,,0.000000,0.0000,STOP_ROUTE_ERROR
744.515523,129.088506666667,35.074431000000,508069.061,3881300.811,0.428,-2.651504,gps_course,53,15.850,,,,,,,0.000000,0.0000,STOP_ROUTE_ERROR
744.565655,129.088506166667,35.074430666667,508069.015,3881300.774,0.380,-2.632480,gps_course,53,15.900,,,,,,,0.000000,0.0000,STOP_ROUTE_ERROR
744.615496,129.088506166667,35.074430666667,508069.015,3881300.774,0.380,-2.632480,gps_course,53,15.900,,,,,,,0.000000,0.0000,STOP_ROUTE_ERROR
744.665470,129.088506166667,35.074430666667,508069.015,3881300.774,0.380,-2.632480,gps_course,53,15.900,,,,,,,0.000000,0.0000,STOP_ROUTE_ERROR
744.715510,129.088506166667,35.074430666667,508069.015,3881300.774,0.380,-2.632480,gps_course,53,15.900,,,,,,,0.000000,0.0000,STOP_ROUTE_ERROR
744.765493,129.088506166667,35.074430666667,508069.015,3881300.774,0.380,-2.632480,gps_course,53,15.900,,,,,,,0.000000,0.0000,STOP_ROUTE_ERROR
744.815469,129.088505500000,35.074430333333,508068.954,3881300.737,0.380,-2.632480,gps_course,53,15.965,,,,,,,0.000000,0.0000,STOP_ROUTE_ERROR
744.865485,129.088505500000,35.074430333333,508068.954,3881300.737,0.380,-2.632480,gps_course,53,15.965,,,,,,,0.000000,0.0000,STOP_ROUTE_ERROR
744.915454,129.088505500000,35.074430333333,508068.954,3881300.737,0.380,-2.632480,gps_course,53,15.965,,,,,,,0.000000,0.0000,STOP_ROUTE_ERROR
744.965473,129.088505500000,35.074430333333,508068.954,3881300.737,0.380,-2.632480,gps_course,53,15.965,,,,,,,0.000000,0.0000,STOP_ROUTE_ERROR
745.015501,129.088505500000,35.074430333333,508068.954,3881300.737,0.380,-2.632480,gps_course,53,15.965,,,,,,,0.000000,0.0000,STOP_ROUTE_ERROR
745.065441,129.088505000000,35.074430000000,508068.909,3881300.700,0.380,-2.632480,gps_course,53,16.016,,,,,,,0.000000,0.0000,STOP_ROUTE_ERROR
745.115489,129.088505000000,35.074430000000,508068.909,3881300.700,0.380,-2.632480,gps_course,53,16.016,,,,,,,0.000000,0.0000,STOP_ROUTE_ERROR
745.165620,129.088505000000,35.074430000000,508068.909,3881300.700,0.380,-2.632480,gps_course,53,16.016,,,,,,,0.000000,0.0000,STOP_ROUTE_ERROR
745.215477,129.088505000000,35.074430000000,508068.909,3881300.700,0.380,-2.632480,gps_course,53,16.016,,,,,,,0.000000,0.0000,STOP_ROUTE_ERROR
745.265500,129.088505000000,35.074430000000,508068.909,3881300.700,0.380,-2.632480,gps_course,53,16.016,,,,,,,0.000000,0.0000,STOP_ROUTE_ERROR
745.315511,129.088505000000,35.074430000000,508068.909,3881300.700,0.380,-2.632480,gps_course,53,16.016,,,,,,,0.000000,0.0000,STOP_ROUTE_ERROR
745.365491,129.088504500000,35.074429833333,508068.863,3881300.682,0.380,-2.632480,gps_course,53,16.064,,,,,,,0.000000,0.0000,STOP_ROUTE_ERROR
745.415489,129.088504500000,35.074429833333,508068.863,3881300.682,0.380,-2.632480,gps_course,53,16.064,,,,,,,0.000000,0.0000,STOP_ROUTE_ERROR
745.465465,129.088504500000,35.074429833333,508068.863,3881300.682,0.380,-2.632480,gps_course,53,16.064,,,,,,,0.000000,0.0000,STOP_ROUTE_ERROR
745.515514,129.088504500000,35.074429833333,508068.863,3881300.682,0.380,-2.632480,gps_course,53,16.064,,,,,,,0.000000,0.0000,STOP_ROUTE_ERROR
745.565477,129.088504500000,35.074429833333,508068.863,3881300.682,0.380,-2.632480,gps_course,53,16.064,,,,,,,0.000000,0.0000,STOP_ROUTE_ERROR
745.615528,129.088503666667,35.074429500000,508068.787,3881300.645,0.380,-2.632480,gps_course,53,16.144,,,,,,,0.000000,0.0000,STOP_ROUTE_ERROR
745.665563,129.088503666667,35.074429500000,508068.787,3881300.645,0.380,-2.632480,gps_course,53,16.144,,,,,,,0.000000,0.0000,STOP_ROUTE_ERROR
745.715587,129.088503666667,35.074429500000,508068.787,3881300.645,0.380,-2.632480,gps_course,53,16.144,,,,,,,0.000000,0.0000,STOP_ROUTE_ERROR
745.765453,129.088503666667,35.074429500000,508068.787,3881300.645,0.380,-2.632480,gps_course,53,16.144,,,,,,,0.000000,0.0000,STOP_ROUTE_ERROR
745.815495,129.088503666667,35.074429500000,508068.787,3881300.645,0.380,-2.632480,gps_course,53,16.144,,,,,,,0.000000,0.0000,STOP_ROUTE_ERROR
745.865476,129.088502833333,35.074429166667,508068.711,3881300.608,0.380,-2.632480,gps_course,53,16.225,,,,,,,0.000000,0.0000,STOP_ROUTE_ERROR
745.915507,129.088502833333,35.074429166667,508068.711,3881300.608,0.380,-2.632480,gps_course,53,16.225,,,,,,,0.000000,0.0000,STOP_ROUTE_ERROR
745.965493,129.088502833333,35.074429166667,508068.711,3881300.608,0.380,-2.632480,gps_course,53,16.225,,,,,,,0.000000,0.0000,STOP_ROUTE_ERROR
746.015468,129.088502833333,35.074429166667,508068.711,3881300.608,0.380,-2.632480,gps_course,53,16.225,,,,,,,0.000000,0.0000,STOP_ROUTE_ERROR
746.065576,129.088502833333,35.074429166667,508068.711,3881300.608,0.380,-2.632480,gps_course,53,16.225,,,,,,,0.000000,0.0000,STOP_ROUTE_ERROR
746.115498,129.088502000000,35.074428833333,508068.635,3881300.571,0.380,-2.632480,gps_course,53,16.305,,,,,,,0.000000,0.0000,STOP_ROUTE_ERROR
746.165454,129.088502000000,35.074428833333,508068.635,3881300.571,0.380,-2.632480,gps_course,53,16.305,,,,,,,0.000000,0.0000,STOP_ROUTE_ERROR
746.215503,129.088502000000,35.074428833333,508068.635,3881300.571,0.380,-2.632480,gps_course,53,16.305,,,,,,,0.000000,0.0000,STOP_ROUTE_ERROR
746.265505,129.088502000000,35.074428833333,508068.635,3881300.571,0.380,-2.632480,gps_course,53,16.305,,,,,,,0.000000,0.0000,STOP_ROUTE_ERROR
746.315480,129.088502000000,35.074428833333,508068.635,3881300.571,0.380,-2.632480,gps_course,53,16.305,,,,,,,0.000000,0.0000,STOP_ROUTE_ERROR
746.365509,129.088501000000,35.074428333333,508068.544,3881300.515,0.333,-2.645745,gps_course,53,16.404,,,,,,,0.000000,0.0000,STOP_ROUTE_ERROR
746.415504,129.088501000000,35.074428333333,508068.544,3881300.515,0.333,-2.645745,gps_course,53,16.404,,,,,,,0.000000,0.0000,STOP_ROUTE_ERROR
746.465469,129.088501000000,35.074428333333,508068.544,3881300.515,0.333,-2.645745,gps_course,53,16.404,,,,,,,0.000000,0.0000,STOP_ROUTE_ERROR
746.515477,129.088501000000,35.074428333333,508068.544,3881300.515,0.333,-2.645745,gps_course,53,16.404,,,,,,,0.000000,0.0000,STOP_ROUTE_ERROR
746.565431,129.088501000000,35.074428333333,508068.544,3881300.515,0.340,-2.639636,gps_course,53,16.404,,,,,,,0.000000,0.0000,STOP_ROUTE_ERROR
746.615540,129.088501000000,35.074428333333,508068.544,3881300.515,0.340,-2.639636,gps_course,53,16.404,,,,,,,0.000000,0.0000,STOP_ROUTE_ERROR
746.665494,129.088501000000,35.074428333333,508068.544,3881300.515,0.340,-2.639636,gps_course,53,16.404,,,,,,,0.000000,0.0000,STOP_ROUTE_ERROR
746.715518,129.088501000000,35.074428333333,508068.544,3881300.515,0.340,-2.639636,gps_course,53,16.404,,,,,,,0.000000,0.0000,STOP_ROUTE_ERROR
746.765492,129.088501000000,35.074428333333,508068.544,3881300.515,0.340,-2.639636,gps_course,53,16.404,,,,,,,0.000000,0.0000,STOP_ROUTE_ERROR
746.815444,129.088501000000,35.074428500000,508068.544,3881300.534,0.210,-2.666165,gps_course,53,16.401,,,,,,,0.000000,0.0000,STOP_ROUTE_ERROR
746.865502,129.088501000000,35.074428500000,508068.544,3881300.534,0.210,-2.666165,gps_course,53,16.401,,,,,,,0.000000,0.0000,STOP_ROUTE_ERROR
746.915496,129.088501000000,35.074428500000,508068.544,3881300.534,0.210,-2.666165,gps_course,53,16.401,,,,,,,0.000000,0.0000,STOP_ROUTE_ERROR
746.965529,129.088501000000,35.074428500000,508068.544,3881300.534,0.210,-2.666165,gps_course,53,16.401,,,,,,,0.000000,0.0000,STOP_ROUTE_ERROR
747.015524,129.088501000000,35.074428500000,508068.544,3881300.534,0.210,-2.666165,gps_course,53,16.401,,,,,,,0.000000,0.0000,STOP_ROUTE_ERROR
747.065441,129.088501166667,35.074428500000,508068.560,3881300.534,0.106,-2.763205,gps_course,53,16.386,,,,,,,0.000000,0.0000,STOP_ROUTE_ERROR
747.115510,129.088501166667,35.074428500000,508068.560,3881300.534,0.106,-2.763205,gps_course,53,16.386,,,,,,,0.000000,0.0000,STOP_ROUTE_ERROR
747.165532,129.088501166667,35.074428500000,508068.560,3881300.534,0.106,-2.763205,gps_course,53,16.386,,,,,,,0.000000,0.0000,STOP_ROUTE_ERROR
747.215546,129.088501166667,35.074428500000,508068.560,3881300.534,0.106,-2.763205,gps_course,53,16.386,,,,,,,0.000000,0.0000,STOP_ROUTE_ERROR
747.265516,129.088501166667,35.074428500000,508068.560,3881300.534,0.106,-2.763205,gps_course,53,16.386,,,,,,,0.000000,0.0000,STOP_ROUTE_ERROR
747.315510,129.088501166667,35.074428500000,508068.560,3881300.534,0.106,-2.763205,gps_course,53,16.386,,,,,,,0.000000,0.0000,STOP_ROUTE_ERROR
747.365484,129.088501166667,35.074428500000,508068.560,3881300.534,0.106,-2.763205,gps_course,53,16.386,,,,,,,0.000000,0.0000,STOP_ROUTE_ERROR
747.415473,129.088501166667,35.074428500000,508068.560,3881300.534,0.106,-2.763205,gps_course,53,16.386,,,,,,,0.000000,0.0000,STOP_ROUTE_ERROR
747.465504,129.088501166667,35.074428500000,508068.560,3881300.534,0.106,-2.763205,gps_course,53,16.386,,,,,,,0.000000,0.0000,STOP_ROUTE_ERROR
747.515511,129.088501166667,35.074428500000,508068.560,3881300.534,0.106,-2.763205,gps_course,53,16.386,,,,,,,0.000000,0.0000,STOP_ROUTE_ERROR
747.565489,129.088501166667,35.074428500000,508068.560,3881300.534,0.106,-2.763205,gps_course,53,16.386,,,,,,,0.000000,0.0000,STOP_ROUTE_ERROR
747.615518,129.088501166667,35.074428500000,508068.560,3881300.534,0.024,-2.763205,gps_course,53,16.386,,,,,,,0.000000,0.0000,STOP_ROUTE_ERROR
747.665472,129.088501166667,35.074428500000,508068.560,3881300.534,0.024,-2.763205,gps_course,53,16.386,,,,,,,0.000000,0.0000,STOP_ROUTE_ERROR
747.715520,129.088501166667,35.074428500000,508068.560,3881300.534,0.024,-2.763205,gps_course,53,16.386,,,,,,,0.000000,0.0000,STOP_ROUTE_ERROR
747.765495,129.088501166667,35.074428500000,508068.560,3881300.534,0.024,-2.763205,gps_course,53,16.386,,,,,,,0.000000,0.0000,STOP_ROUTE_ERROR
747.815472,129.088501166667,35.074428500000,508068.560,3881300.534,0.016,-2.763205,gps_course,53,16.386,,,,,,,0.000000,0.0000,STOP_ROUTE_ERROR
747.865436,129.088501166667,35.074428500000,508068.560,3881300.534,0.016,-2.763205,gps_course,53,16.386,,,,,,,0.000000,0.0000,STOP_ROUTE_ERROR
747.915454,129.088501166667,35.074428500000,508068.560,3881300.534,0.016,-2.763205,gps_course,53,16.386,,,,,,,0.000000,0.0000,STOP_ROUTE_ERROR
747.965497,129.088501166667,35.074428500000,508068.560,3881300.534,0.016,-2.763205,gps_course,53,16.386,,,,,,,0.000000,0.0000,STOP_ROUTE_ERROR
748.015460,129.088501166667,35.074428500000,508068.560,3881300.534,0.016,-2.763205,gps_course,53,16.386,,,,,,,0.000000,0.0000,STOP_ROUTE_ERROR
748.065469,129.088501166667,35.074428500000,508068.560,3881300.534,0.016,-2.763205,gps_course,53,16.386,,,,,,,0.000000,0.0000,STOP_ROUTE_ERROR
748.115515,129.088501166667,35.074428500000,508068.560,3881300.534,0.016,-2.763205,gps_course,53,16.386,,,,,,,0.000000,0.0000,STOP_ROUTE_ERROR
748.165445,129.088501166667,35.074428500000,508068.560,3881300.534,0.016,-2.763205,gps_course,53,16.386,,,,,,,0.000000,0.0000,STOP_ROUTE_ERROR
748.215466,129.088501166667,35.074428500000,508068.560,3881300.534,0.016,-2.763205,gps_course,53,16.386,,,,,,,0.000000,0.0000,STOP_ROUTE_ERROR
748.265459,129.088501166667,35.074428500000,508068.560,3881300.534,0.016,-2.763205,gps_course,53,16.386,,,,,,,0.000000,0.0000,STOP_ROUTE_ERROR
748.315454,129.088501166667,35.074428500000,508068.560,3881300.534,0.016,-2.763205,gps_course,53,16.386,,,,,,,0.000000,0.0000,STOP_ROUTE_ERROR
748.365476,129.088501166667,35.074428500000,508068.560,3881300.534,0.007,-2.763205,gps_course,53,16.386,,,,,,,0.000000,0.0000,STOP_ROUTE_ERROR
748.415508,129.088501166667,35.074428500000,508068.560,3881300.534,0.007,-2.763205,gps_course,53,16.386,,,,,,,0.000000,0.0000,STOP_ROUTE_ERROR
748.465491,129.088501166667,35.074428500000,508068.560,3881300.534,0.007,-2.763205,gps_course,53,16.386,,,,,,,0.000000,0.0000,STOP_ROUTE_ERROR
748.515487,129.088501166667,35.074428500000,508068.560,3881300.534,0.007,-2.763205,gps_course,53,16.386,,,,,,,0.000000,0.0000,STOP_ROUTE_ERROR
748.565495,129.088501166667,35.074428500000,508068.560,3881300.534,0.007,-2.763205,gps_course,53,16.386,,,,,,,0.000000,0.0000,STOP_ROUTE_ERROR
748.615487,129.088501166667,35.074428500000,508068.560,3881300.534,0.004,-2.763205,gps_course,53,16.386,,,,,,,0.000000,0.0000,STOP_ROUTE_ERROR
748.665446,129.088501166667,35.074428500000,508068.560,3881300.534,0.004,-2.763205,gps_course,53,16.386,,,,,,,0.000000,0.0000,STOP_ROUTE_ERROR
748.715509,129.088501166667,35.074428500000,508068.560,3881300.534,0.004,-2.763205,gps_course,53,16.386,,,,,,,0.000000,0.0000,STOP_ROUTE_ERROR
748.765493,129.088501166667,35.074428500000,508068.560,3881300.534,0.004,-2.763205,gps_course,53,16.386,,,,,,,0.000000,0.0000,STOP_ROUTE_ERROR
748.815513,129.088501166667,35.074428500000,508068.560,3881300.534,0.004,-2.763205,gps_course,53,16.386,,,,,,,0.000000,0.0000,STOP_ROUTE_ERROR
748.865465,129.088501166667,35.074428500000,508068.560,3881300.534,0.003,-2.763205,gps_course,53,16.386,,,,,,,0.000000,0.0000,STOP_ROUTE_ERROR
748.915530,129.088501166667,35.074428500000,508068.560,3881300.534,0.003,-2.763205,gps_course,53,16.386,,,,,,,0.000000,0.0000,STOP_ROUTE_ERROR
748.965526,129.088501166667,35.074428500000,508068.560,3881300.534,0.003,-2.763205,gps_course,53,16.386,,,,,,,0.000000,0.0000,STOP_ROUTE_ERROR
749.015709,129.088501166667,35.074428500000,508068.560,3881300.534,0.003,-2.763205,gps_course,53,16.386,,,,,,,0.000000,0.0000,STOP_ROUTE_ERROR
749.065541,129.088501166667,35.074428500000,508068.560,3881300.534,0.003,-2.763205,gps_course,53,16.386,,,,,,,0.000000,0.0000,STOP_ROUTE_ERROR
749.115486,129.088501166667,35.074428500000,508068.560,3881300.534,0.003,-2.763205,gps_course,53,16.386,,,,,,,0.000000,0.0000,STOP_ROUTE_ERROR
749.165503,129.088501166667,35.074428500000,508068.560,3881300.534,0.003,-2.763205,gps_course,53,16.386,,,,,,,0.000000,0.0000,STOP_ROUTE_ERROR
749.215512,129.088501166667,35.074428500000,508068.560,3881300.534,0.003,-2.763205,gps_course,53,16.386,,,,,,,0.000000,0.0000,STOP_ROUTE_ERROR
749.265484,129.088501166667,35.074428500000,508068.560,3881300.534,0.003,-2.763205,gps_course,53,16.386,,,,,,,0.000000,0.0000,STOP_ROUTE_ERROR
749.315499,129.088501166667,35.074428500000,508068.560,3881300.534,0.003,-2.763205,gps_course,53,16.386,,,,,,,0.000000,0.0000,STOP_ROUTE_ERROR
749.365516,129.088501333333,35.074428500000,508068.575,3881300.534,0.005,-2.763205,gps_course,53,16.371,,,,,,,0.000000,0.0000,STOP_ROUTE_ERROR
749.415487,129.088501333333,35.074428500000,508068.575,3881300.534,0.005,-2.763205,gps_course,53,16.371,,,,,,,0.000000,0.0000,STOP_ROUTE_ERROR
749.465491,129.088501333333,35.074428500000,508068.575,3881300.534,0.005,-2.763205,gps_course,53,16.371,,,,,,,0.000000,0.0000,STOP_ROUTE_ERROR
749.515551,129.088501333333,35.074428500000,508068.575,3881300.534,0.005,-2.763205,gps_course,53,16.371,,,,,,,0.000000,0.0000,STOP_ROUTE_ERROR
749.565475,129.088501333333,35.074428500000,508068.575,3881300.534,0.005,-2.763205,gps_course,53,16.371,,,,,,,0.000000,0.0000,STOP_ROUTE_ERROR
749.615456,129.088501333333,35.074428500000,508068.575,3881300.534,0.006,-2.763205,gps_course,53,16.371,,,,,,,0.000000,0.0000,STOP_ROUTE_ERROR
749.665491,129.088501333333,35.074428500000,508068.575,3881300.534,0.006,-2.763205,gps_course,53,16.371,,,,,,,0.000000,0.0000,STOP_ROUTE_ERROR
749.715522,129.088501333333,35.074428500000,508068.575,3881300.534,0.006,-2.763205,gps_course,53,16.371,,,,,,,0.000000,0.0000,STOP_ROUTE_ERROR
749.765560,129.088501333333,35.074428500000,508068.575,3881300.534,0.006,-2.763205,gps_course,53,16.371,,,,,,,0.000000,0.0000,STOP_ROUTE_ERROR
749.815530,129.088501333333,35.074428500000,508068.575,3881300.534,0.006,-2.763205,gps_course,53,16.371,,,,,,,0.000000,0.0000,STOP_ROUTE_ERROR
749.865489,129.088501333333,35.074428500000,508068.575,3881300.534,0.007,-2.763205,gps_course,53,16.371,,,,,,,0.000000,0.0000,STOP_ROUTE_ERROR
749.915512,129.088501333333,35.074428500000,508068.575,3881300.534,0.007,-2.763205,gps_course,53,16.371,,,,,,,0.000000,0.0000,STOP_ROUTE_ERROR
749.965474,129.088501333333,35.074428500000,508068.575,3881300.534,0.007,-2.763205,gps_course,53,16.371,,,,,,,0.000000,0.0000,STOP_ROUTE_ERROR
750.015443,129.088501333333,35.074428500000,508068.575,3881300.534,0.007,-2.763205,gps_course,53,16.371,,,,,,,0.000000,0.0000,STOP_ROUTE_ERROR
750.065455,129.088501333333,35.074428500000,508068.575,3881300.534,0.007,-1.310266,route_tangent,53,16.371,,,,,,,0.000000,0.0000,STOP_ROUTE_ERROR
750.115519,129.088501166667,35.074428500000,508068.560,3881300.534,0.006,-1.310266,route_tangent,53,16.386,,,,,,,0.000000,0.0000,STOP_ROUTE_ERROR
750.165455,129.088501166667,35.074428500000,508068.560,3881300.534,0.006,-1.310266,route_tangent,53,16.386,,,,,,,0.000000,0.0000,STOP_ROUTE_ERROR
750.215485,129.088501166667,35.074428500000,508068.560,3881300.534,0.006,-1.310266,route_tangent,53,16.386,,,,,,,0.000000,0.0000,STOP_ROUTE_ERROR
750.265467,129.088501166667,35.074428500000,508068.560,3881300.534,0.006,-1.310266,route_tangent,53,16.386,,,,,,,0.000000,0.0000,STOP_ROUTE_ERROR
750.315480,129.088501166667,35.074428500000,508068.560,3881300.534,0.006,-1.310266,route_tangent,53,16.386,,,,,,,0.000000,0.0000,STOP_ROUTE_ERROR
750.365525,129.088501166667,35.074428500000,508068.560,3881300.534,0.004,-1.310266,route_tangent,53,16.386,,,,,,,0.000000,0.0000,STOP_ROUTE_ERROR
750.415478,129.088501166667,35.074428500000,508068.560,3881300.534,0.004,-1.310266,route_tangent,53,16.386,,,,,,,0.000000,0.0000,STOP_ROUTE_ERROR
750.465583,129.088501166667,35.074428500000,508068.560,3881300.534,0.004,-1.310266,route_tangent,53,16.386,,,,,,,0.000000,0.0000,STOP_ROUTE_ERROR
750.515496,129.088501166667,35.074428500000,508068.560,3881300.534,0.004,-1.310266,route_tangent,53,16.386,,,,,,,0.000000,0.0000,STOP_ROUTE_ERROR
750.565443,129.088501166667,35.074428500000,508068.560,3881300.534,0.004,-1.310266,route_tangent,53,16.386,,,,,,,0.000000,0.0000,STOP_ROUTE_ERROR
750.615569,129.088501166667,35.074428500000,508068.560,3881300.534,0.004,-1.310266,route_tangent,53,16.386,,,,,,,0.000000,0.0000,STOP_ROUTE_ERROR
750.665481,129.088501166667,35.074428500000,508068.560,3881300.534,0.004,-1.310266,route_tangent,53,16.386,,,,,,,0.000000,0.0000,STOP_ROUTE_ERROR
750.715469,129.088501166667,35.074428500000,508068.560,3881300.534,0.004,-1.310266,route_tangent,53,16.386,,,,,,,0.000000,0.0000,STOP_ROUTE_ERROR
750.765512,129.088501166667,35.074428500000,508068.560,3881300.534,0.004,-1.310266,route_tangent,53,16.386,,,,,,,0.000000,0.0000,STOP_ROUTE_ERROR
750.815555,129.088501166667,35.074428500000,508068.560,3881300.534,0.009,-1.310266,route_tangent,53,16.386,,,,,,,0.000000,0.0000,STOP_ROUTE_ERROR
750.865475,129.088501166667,35.074428500000,508068.560,3881300.534,0.009,-1.310266,route_tangent,53,16.386,,,,,,,0.000000,0.0000,STOP_ROUTE_ERROR
750.915501,129.088501166667,35.074428500000,508068.560,3881300.534,0.009,-1.310266,route_tangent,53,16.386,,,,,,,0.000000,0.0000,STOP_ROUTE_ERROR
750.965518,129.088501166667,35.074428500000,508068.560,3881300.534,0.009,-1.310266,route_tangent,53,16.386,,,,,,,0.000000,0.0000,STOP_ROUTE_ERROR
751.015490,129.088501166667,35.074428500000,508068.560,3881300.534,0.009,-1.310266,route_tangent,53,16.386,,,,,,,0.000000,0.0000,STOP_ROUTE_ERROR
751.065486,129.088501166667,35.074428500000,508068.560,3881300.534,0.009,-1.310266,route_tangent,53,16.386,,,,,,,0.000000,0.0000,STOP_ROUTE_ERROR
751.116930,129.088501166667,35.074428500000,508068.560,3881300.534,0.008,-1.310266,route_tangent,53,16.386,,,,,,,0.000000,0.0000,STOP_ROUTE_ERROR
751.165478,129.088501166667,35.074428500000,508068.560,3881300.534,0.008,-1.310266,route_tangent,53,16.386,,,,,,,0.000000,0.0000,STOP_ROUTE_ERROR
751.215480,129.088501166667,35.074428500000,508068.560,3881300.534,0.008,-1.310266,route_tangent,53,16.386,,,,,,,0.000000,0.0000,STOP_ROUTE_ERROR
751.265520,129.088501166667,35.074428500000,508068.560,3881300.534,0.008,-1.310266,route_tangent,53,16.386,,,,,,,0.000000,0.0000,STOP_ROUTE_ERROR
751.315460,129.088501166667,35.074428500000,508068.560,3881300.534,0.008,-1.310266,route_tangent,53,16.386,,,,,,,0.000000,0.0000,STOP_ROUTE_ERROR
751.365480,129.088501166667,35.074428500000,508068.560,3881300.534,0.010,-1.310266,route_tangent,53,16.386,,,,,,,0.000000,0.0000,STOP_ROUTE_ERROR
751.415517,129.088501166667,35.074428500000,508068.560,3881300.534,0.010,-1.310266,route_tangent,53,16.386,,,,,,,0.000000,0.0000,STOP_ROUTE_ERROR
751.465551,129.088501166667,35.074428500000,508068.560,3881300.534,0.010,-1.310266,route_tangent,53,16.386,,,,,,,0.000000,0.0000,STOP_ROUTE_ERROR
751.515551,129.088501166667,35.074428500000,508068.560,3881300.534,0.010,-1.310266,route_tangent,53,16.386,,,,,,,0.000000,0.0000,STOP_ROUTE_ERROR
751.565635,129.088501166667,35.074428500000,508068.560,3881300.534,0.007,-1.310266,route_tangent,53,16.386,,,,,,,0.000000,0.0000,STOP_ROUTE_ERROR
751.615513,129.088501166667,35.074428500000,508068.560,3881300.534,0.007,-1.310266,route_tangent,53,16.386,,,,,,,0.000000,0.0000,STOP_ROUTE_ERROR
751.665528,129.088501166667,35.074428500000,508068.560,3881300.534,0.007,-1.310266,route_tangent,53,16.386,,,,,,,0.000000,0.0000,STOP_ROUTE_ERROR
751.715474,129.088501166667,35.074428500000,508068.560,3881300.534,0.007,-1.310266,route_tangent,53,16.386,,,,,,,0.000000,0.0000,STOP_ROUTE_ERROR
751.765502,129.088501166667,35.074428500000,508068.560,3881300.534,0.007,-1.310266,route_tangent,53,16.386,,,,,,,0.000000,0.0000,STOP_ROUTE_ERROR
751.815448,129.088501166667,35.074428500000,508068.560,3881300.534,0.004,-1.310266,route_tangent,53,16.386,,,,,,,0.000000,0.0000,STOP_ROUTE_ERROR
751.865495,129.088501166667,35.074428500000,508068.560,3881300.534,0.004,-1.310266,route_tangent,53,16.386,,,,,,,0.000000,0.0000,STOP_ROUTE_ERROR
751.915557,129.088501166667,35.074428500000,508068.560,3881300.534,0.004,-1.310266,route_tangent,53,16.386,,,,,,,0.000000,0.0000,STOP_ROUTE_ERROR
751.965588,129.088501166667,35.074428500000,508068.560,3881300.534,0.004,-1.310266,route_tangent,53,16.386,,,,,,,0.000000,0.0000,STOP_ROUTE_ERROR
752.015484,129.088501166667,35.074428500000,508068.560,3881300.534,0.004,-1.310266,route_tangent,53,16.386,,,,,,,0.000000,0.0000,STOP_ROUTE_ERROR
752.065462,129.088501166667,35.074428500000,508068.560,3881300.534,0.004,-1.310266,route_tangent,53,16.386,,,,,,,0.000000,0.0000,STOP_ROUTE_ERROR
752.115486,129.088501166667,35.074428500000,508068.560,3881300.534,0.004,-1.310266,route_tangent,53,16.386,,,,,,,0.000000,0.0000,STOP_ROUTE_ERROR
752.165587,129.088501166667,35.074428500000,508068.560,3881300.534,0.004,-1.310266,route_tangent,53,16.386,,,,,,,0.000000,0.0000,STOP_ROUTE_ERROR
752.215531,129.088501166667,35.074428500000,508068.560,3881300.534,0.004,-1.310266,route_tangent,53,16.386,,,,,,,0.000000,0.0000,STOP_ROUTE_ERROR
752.265508,129.088501166667,35.074428500000,508068.560,3881300.534,0.004,-1.310266,route_tangent,53,16.386,,,,,,,0.000000,0.0000,STOP_ROUTE_ERROR
752.315461,129.088501166667,35.074428666667,508068.559,3881300.552,0.002,-1.310266,route_tangent,53,16.383,,,,,,,0.000000,0.0000,STOP_ROUTE_ERROR
752.365513,129.088501166667,35.074428666667,508068.559,3881300.552,0.002,-1.310266,route_tangent,53,16.383,,,,,,,0.000000,0.0000,STOP_ROUTE_ERROR
752.415516,129.088501166667,35.074428666667,508068.559,3881300.552,0.002,-1.310266,route_tangent,53,16.383,,,,,,,0.000000,0.0000,STOP_ROUTE_ERROR
752.465475,129.088501166667,35.074428666667,508068.559,3881300.552,0.002,-1.310266,route_tangent,53,16.383,,,,,,,0.000000,0.0000,STOP_ROUTE_ERROR
752.515536,129.088501166667,35.074428666667,508068.559,3881300.552,0.002,-1.310266,route_tangent,53,16.383,,,,,,,0.000000,0.0000,STOP_ROUTE_ERROR
752.565591,129.088501000000,35.074428666667,508068.544,3881300.552,0.011,-1.310266,route_tangent,53,16.398,,,,,,,0.000000,0.0000,STOP_ROUTE_ERROR
752.615466,129.088501000000,35.074428666667,508068.544,3881300.552,0.011,-1.310266,route_tangent,53,16.398,,,,,,,0.000000,0.0000,STOP_ROUTE_ERROR
752.665551,129.088501000000,35.074428666667,508068.544,3881300.552,0.011,-1.310266,route_tangent,53,16.398,,,,,,,0.000000,0.0000,STOP_ROUTE_ERROR
752.715496,129.088501000000,35.074428666667,508068.544,3881300.552,0.011,-1.310266,route_tangent,53,16.398,,,,,,,0.000000,0.0000,STOP_ROUTE_ERROR
752.765493,129.088501000000,35.074428666667,508068.544,3881300.552,0.011,-1.310266,route_tangent,53,16.398,,,,,,,0.000000,0.0000,STOP_ROUTE_ERROR
752.815520,129.088501000000,35.074428666667,508068.544,3881300.552,0.011,-1.310266,route_tangent,53,16.398,,,,,,,0.000000,0.0000,STOP_ROUTE_ERROR
752.865588,129.088501000000,35.074428666667,508068.544,3881300.552,0.017,-1.310266,route_tangent,53,16.398,,,,,,,0.000000,0.0000,STOP_ROUTE_ERROR
752.915523,129.088501000000,35.074428666667,508068.544,3881300.552,0.017,-1.310266,route_tangent,53,16.398,,,,,,,0.000000,0.0000,STOP_ROUTE_ERROR
752.965524,129.088501000000,35.074428666667,508068.544,3881300.552,0.017,-1.310266,route_tangent,53,16.398,,,,,,,0.000000,0.0000,STOP_ROUTE_ERROR
753.015566,129.088501000000,35.074428666667,508068.544,3881300.552,0.017,-1.310266,route_tangent,53,16.398,,,,,,,0.000000,0.0000,STOP_ROUTE_ERROR
753.065438,129.088501000000,35.074428666667,508068.544,3881300.552,0.012,-1.310266,route_tangent,53,16.398,,,,,,,0.000000,0.0000,STOP_ROUTE_ERROR
753.115528,129.088501000000,35.074428666667,508068.544,3881300.552,0.012,-1.310266,route_tangent,53,16.398,,,,,,,0.000000,0.0000,STOP_ROUTE_ERROR
753.165566,129.088501000000,35.074428666667,508068.544,3881300.552,0.012,-1.310266,route_tangent,53,16.398,,,,,,,0.000000,0.0000,STOP_ROUTE_ERROR
753.215534,129.088501000000,35.074428666667,508068.544,3881300.552,0.012,-1.310266,route_tangent,53,16.398,,,,,,,0.000000,0.0000,STOP_ROUTE_ERROR
753.265462,129.088501000000,35.074428666667,508068.544,3881300.552,0.012,-1.310266,route_tangent,53,16.398,,,,,,,0.000000,0.0000,STOP_ROUTE_ERROR
753.315471,129.088501000000,35.074428666667,508068.544,3881300.552,0.012,-1.310266,route_tangent,53,16.398,,,,,,,0.000000,0.0000,STOP_ROUTE_ERROR
753.365542,129.088501000000,35.074428666667,508068.544,3881300.552,0.010,-1.310266,route_tangent,53,16.398,,,,,,,0.000000,0.0000,STOP_ROUTE_ERROR
753.415553,129.088501000000,35.074428666667,508068.544,3881300.552,0.010,-1.310266,route_tangent,53,16.398,,,,,,,0.000000,0.0000,STOP_ROUTE_ERROR
753.465508,129.088501000000,35.074428666667,508068.544,3881300.552,0.010,-1.310266,route_tangent,53,16.398,,,,,,,0.000000,0.0000,STOP_ROUTE_ERROR
753.515515,129.088501000000,35.074428666667,508068.544,3881300.552,0.010,-1.310266,route_tangent,53,16.398,,,,,,,0.000000,0.0000,STOP_ROUTE_ERROR
753.565509,129.088501000000,35.074428666667,508068.544,3881300.552,0.010,-1.310266,route_tangent,53,16.398,,,,,,,0.000000,0.0000,STOP_ROUTE_ERROR
753.615480,129.088501000000,35.074428666667,508068.544,3881300.552,0.008,-1.310266,route_tangent,53,16.398,,,,,,,0.000000,0.0000,STOP_ROUTE_ERROR
753.665550,129.088501000000,35.074428666667,508068.544,3881300.552,0.008,-1.310266,route_tangent,53,16.398,,,,,,,0.000000,0.0000,STOP_ROUTE_ERROR
753.715460,129.088501000000,35.074428666667,508068.544,3881300.552,0.008,-1.310266,route_tangent,53,16.398,,,,,,,0.000000,0.0000,STOP_ROUTE_ERROR
753.765500,129.088501000000,35.074428666667,508068.544,3881300.552,0.008,-1.310266,route_tangent,53,16.398,,,,,,,0.000000,0.0000,STOP_ROUTE_ERROR
753.815481,129.088501000000,35.074428666667,508068.544,3881300.552,0.008,-1.310266,route_tangent,53,16.398,,,,,,,0.000000,0.0000,STOP_ROUTE_ERROR
753.865558,129.088501000000,35.074428666667,508068.544,3881300.552,0.008,-1.310266,route_tangent,53,16.398,,,,,,,0.000000,0.0000,STOP_ROUTE_ERROR
753.915538,129.088501000000,35.074428666667,508068.544,3881300.552,0.008,-1.310266,route_tangent,53,16.398,,,,,,,0.000000,0.0000,STOP_ROUTE_ERROR
753.965576,129.088501000000,35.074428666667,508068.544,3881300.552,0.008,-1.310266,route_tangent,53,16.398,,,,,,,0.000000,0.0000,STOP_ROUTE_ERROR
754.015486,129.088501000000,35.074428666667,508068.544,3881300.552,0.008,-1.310266,route_tangent,53,16.398,,,,,,,0.000000,0.0000,STOP_ROUTE_ERROR
754.065498,129.088501000000,35.074428666667,508068.544,3881300.552,0.008,-1.310266,route_tangent,53,16.398,,,,,,,0.000000,0.0000,STOP_ROUTE_ERROR
754.115538,129.088501000000,35.074428666667,508068.544,3881300.552,0.003,-1.310266,route_tangent,53,16.398,,,,,,,0.000000,0.0000,STOP_ROUTE_ERROR
754.165504,129.088501000000,35.074428666667,508068.544,3881300.552,0.003,-1.310266,route_tangent,53,16.398,,,,,,,0.000000,0.0000,STOP_ROUTE_ERROR
754.215515,129.088501000000,35.074428666667,508068.544,3881300.552,0.003,-1.310266,route_tangent,53,16.398,,,,,,,0.000000,0.0000,STOP_ROUTE_ERROR
754.265584,129.088501000000,35.074428666667,508068.544,3881300.552,0.003,-1.310266,route_tangent,53,16.398,,,,,,,0.000000,0.0000,STOP_ROUTE_ERROR
754.315837,129.088501000000,35.074428666667,508068.544,3881300.552,0.003,-1.310266,route_tangent,53,16.398,,,,,,,0.000000,0.0000,STOP_ROUTE_ERROR
754.365470,129.088501000000,35.074428666667,508068.544,3881300.552,0.003,-1.310266,route_tangent,53,16.398,,,,,,,0.000000,0.0000,STOP_ROUTE_ERROR
754.415475,129.088501000000,35.074428666667,508068.544,3881300.552,0.003,-1.310266,route_tangent,53,16.398,,,,,,,0.000000,0.0000,STOP_ROUTE_ERROR
754.465560,129.088501000000,35.074428666667,508068.544,3881300.552,0.003,-1.310266,route_tangent,53,16.398,,,,,,,0.000000,0.0000,STOP_ROUTE_ERROR
754.515862,129.088501000000,35.074428666667,508068.544,3881300.552,0.003,-1.310266,route_tangent,53,16.398,,,,,,,0.000000,0.0000,STOP_ROUTE_ERROR
754.565454,129.088501000000,35.074428666667,508068.544,3881300.552,0.003,-1.310266,route_tangent,53,16.398,,,,,,,0.000000,0.0000,STOP_ROUTE_ERROR
754.615509,129.088501000000,35.074428666667,508068.544,3881300.552,0.005,-1.310266,route_tangent,53,16.398,,,,,,,0.000000,0.0000,STOP_ROUTE_ERROR
754.665604,129.088501000000,35.074428666667,508068.544,3881300.552,0.005,-1.310266,route_tangent,53,16.398,,,,,,,0.000000,0.0000,STOP_ROUTE_ERROR
754.715567,129.088501000000,35.074428666667,508068.544,3881300.552,0.005,-1.310266,route_tangent,53,16.398,,,,,,,0.000000,0.0000,STOP_ROUTE_ERROR
754.765472,129.088501000000,35.074428666667,508068.544,3881300.552,0.005,-1.310266,route_tangent,53,16.398,,,,,,,0.000000,0.0000,STOP_ROUTE_ERROR
754.815531,129.088501000000,35.074428666667,508068.544,3881300.552,0.005,-1.310266,route_tangent,53,16.398,,,,,,,0.000000,0.0000,STOP_ROUTE_ERROR
754.865487,129.088501000000,35.074428666667,508068.544,3881300.552,0.006,-1.310266,route_tangent,53,16.398,,,,,,,0.000000,0.0000,STOP_ROUTE_ERROR
754.915506,129.088501000000,35.074428666667,508068.544,3881300.552,0.006,-1.310266,route_tangent,53,16.398,,,,,,,0.000000,0.0000,STOP_ROUTE_ERROR
754.965507,129.088501000000,35.074428666667,508068.544,3881300.552,0.006,-1.310266,route_tangent,53,16.398,,,,,,,0.000000,0.0000,STOP_ROUTE_ERROR
755.015562,129.088501000000,35.074428666667,508068.544,3881300.552,0.006,-1.310266,route_tangent,53,16.398,,,,,,,0.000000,0.0000,STOP_ROUTE_ERROR
755.065481,129.088501000000,35.074428666667,508068.544,3881300.552,0.005,-1.310266,route_tangent,53,16.398,,,,,,,0.000000,0.0000,STOP_ROUTE_ERROR
755.115647,129.088501000000,35.074428666667,508068.544,3881300.552,0.005,-1.310266,route_tangent,53,16.398,,,,,,,0.000000,0.0000,STOP_ROUTE_ERROR
755.165501,129.088501000000,35.074428666667,508068.544,3881300.552,0.005,-1.310266,route_tangent,53,16.398,,,,,,,0.000000,0.0000,STOP_ROUTE_ERROR
755.215703,129.088501000000,35.074428666667,508068.544,3881300.552,0.005,-1.310266,route_tangent,53,16.398,,,,,,,0.000000,0.0000,STOP_ROUTE_ERROR
755.265695,129.088501000000,35.074428666667,508068.544,3881300.552,0.005,-1.310266,route_tangent,53,16.398,,,,,,,0.000000,0.0000,STOP_ROUTE_ERROR
755.315475,129.088501000000,35.074428666667,508068.544,3881300.552,0.005,-1.310266,route_tangent,53,16.398,,,,,,,0.000000,0.0000,STOP_ROUTE_ERROR
755.365525,129.088501000000,35.074428666667,508068.544,3881300.552,0.003,-1.310266,route_tangent,53,16.398,,,,,,,0.000000,0.0000,STOP_ROUTE_ERROR
755.415490,129.088501000000,35.074428666667,508068.544,3881300.552,0.003,-1.310266,route_tangent,53,16.398,,,,,,,0.000000,0.0000,STOP_ROUTE_ERROR
755.465607,129.088501000000,35.074428666667,508068.544,3881300.552,0.003,-1.310266,route_tangent,53,16.398,,,,,,,0.000000,0.0000,STOP_ROUTE_ERROR
755.515480,129.088501000000,35.074428666667,508068.544,3881300.552,0.003,-1.310266,route_tangent,53,16.398,,,,,,,0.000000,0.0000,STOP_ROUTE_ERROR
755.565424,129.088501000000,35.074428666667,508068.544,3881300.552,0.002,-1.310266,route_tangent,53,16.398,,,,,,,0.000000,0.0000,STOP_ROUTE_ERROR
755.615527,129.088501000000,35.074428666667,508068.544,3881300.552,0.002,-1.310266,route_tangent,53,16.398,,,,,,,0.000000,0.0000,STOP_ROUTE_ERROR
755.665503,129.088501000000,35.074428666667,508068.544,3881300.552,0.002,-1.310266,route_tangent,53,16.398,,,,,,,0.000000,0.0000,STOP_ROUTE_ERROR
755.715480,129.088501000000,35.074428666667,508068.544,3881300.552,0.002,-1.310266,route_tangent,53,16.398,,,,,,,0.000000,0.0000,STOP_ROUTE_ERROR
755.765509,129.088501000000,35.074428666667,508068.544,3881300.552,0.002,-1.310266,route_tangent,53,16.398,,,,,,,0.000000,0.0000,STOP_ROUTE_ERROR
755.815597,129.088501000000,35.074428666667,508068.544,3881300.552,0.002,-1.310266,route_tangent,53,16.398,,,,,,,0.000000,0.0000,STOP_ROUTE_ERROR
755.865476,129.088501000000,35.074428666667,508068.544,3881300.552,0.004,-1.310266,route_tangent,53,16.398,,,,,,,0.000000,0.0000,STOP_ROUTE_ERROR
755.915487,129.088501000000,35.074428666667,508068.544,3881300.552,0.004,-1.310266,route_tangent,53,16.398,,,,,,,0.000000,0.0000,STOP_ROUTE_ERROR
755.965500,129.088501000000,35.074428666667,508068.544,3881300.552,0.004,-1.310266,route_tangent,53,16.398,,,,,,,0.000000,0.0000,STOP_ROUTE_ERROR
756.015491,129.088501000000,35.074428666667,508068.544,3881300.552,0.004,-1.310266,route_tangent,53,16.398,,,,,,,0.000000,0.0000,STOP_ROUTE_ERROR
756.065492,129.088501000000,35.074428666667,508068.544,3881300.552,0.005,-1.310266,route_tangent,53,16.398,,,,,,,0.000000,0.0000,STOP_ROUTE_ERROR
756.115515,129.088501000000,35.074428666667,508068.544,3881300.552,0.005,-1.310266,route_tangent,53,16.398,,,,,,,0.000000,0.0000,STOP_ROUTE_ERROR
756.165450,129.088501000000,35.074428666667,508068.544,3881300.552,0.005,-1.310266,route_tangent,53,16.398,,,,,,,0.000000,0.0000,STOP_ROUTE_ERROR
756.215480,129.088501000000,35.074428666667,508068.544,3881300.552,0.005,-1.310266,route_tangent,53,16.398,,,,,,,0.000000,0.0000,STOP_ROUTE_ERROR
756.265600,129.088501000000,35.074428666667,508068.544,3881300.552,0.005,-1.310266,route_tangent,53,16.398,,,,,,,0.000000,0.0000,STOP_ROUTE_ERROR
756.315531,129.088501000000,35.074428666667,508068.544,3881300.552,0.005,-1.310266,route_tangent,53,16.398,,,,,,,0.000000,0.0000,STOP_ROUTE_ERROR
756.365522,129.088501000000,35.074428500000,508068.544,3881300.534,0.004,-1.310266,route_tangent,53,16.401,,,,,,,0.000000,0.0000,STOP_ROUTE_ERROR
756.415781,129.088501000000,35.074428500000,508068.544,3881300.534,0.004,-1.310266,route_tangent,53,16.401,,,,,,,0.000000,0.0000,STOP_ROUTE_ERROR
756.465605,129.088501000000,35.074428500000,508068.544,3881300.534,0.004,-1.310266,route_tangent,53,16.401,,,,,,,0.000000,0.0000,STOP_ROUTE_ERROR
756.515550,129.088501000000,35.074428500000,508068.544,3881300.534,0.004,-1.310266,route_tangent,53,16.401,,,,,,,0.000000,0.0000,STOP_ROUTE_ERROR
756.565502,129.088501000000,35.074428500000,508068.544,3881300.534,0.003,-1.310266,route_tangent,53,16.401,,,,,,,0.000000,0.0000,STOP_ROUTE_ERROR
756.615685,129.088501000000,35.074428500000,508068.544,3881300.534,0.003,-1.310266,route_tangent,53,16.401,,,,,,,0.000000,0.0000,STOP_ROUTE_ERROR
756.665482,129.088501000000,35.074428500000,508068.544,3881300.534,0.003,-1.310266,route_tangent,53,16.401,,,,,,,0.000000,0.0000,STOP_ROUTE_ERROR
756.715519,129.088501000000,35.074428500000,508068.544,3881300.534,0.003,-1.310266,route_tangent,53,16.401,,,,,,,0.000000,0.0000,STOP_ROUTE_ERROR
756.765520,129.088501000000,35.074428500000,508068.544,3881300.534,0.003,-1.310266,route_tangent,53,16.401,,,,,,,0.000000,0.0000,STOP_ROUTE_ERROR
756.815661,129.088501000000,35.074428500000,508068.544,3881300.534,0.003,-1.310266,route_tangent,53,16.401,,,,,,,0.000000,0.0000,STOP_ROUTE_ERROR
756.865585,129.088501000000,35.074428500000,508068.544,3881300.534,0.003,-1.310266,route_tangent,53,16.401,,,,,,,0.000000,0.0000,STOP_ROUTE_ERROR
756.915548,129.088501000000,35.074428500000,508068.544,3881300.534,0.003,-1.310266,route_tangent,53,16.401,,,,,,,0.000000,0.0000,STOP_ROUTE_ERROR
756.965497,129.088501000000,35.074428500000,508068.544,3881300.534,0.003,-1.310266,route_tangent,53,16.401,,,,,,,0.000000,0.0000,STOP_ROUTE_ERROR
757.015618,129.088501000000,35.074428500000,508068.544,3881300.534,0.003,-1.310266,route_tangent,53,16.401,,,,,,,0.000000,0.0000,STOP_ROUTE_ERROR
757.065562,129.088501000000,35.074428500000,508068.544,3881300.534,0.003,-1.310266,route_tangent,53,16.401,,,,,,,0.000000,0.0000,STOP_ROUTE_ERROR
757.115503,129.088501000000,35.074428500000,508068.544,3881300.534,0.005,-1.310266,route_tangent,53,16.401,,,,,,,0.000000,0.0000,STOP_ROUTE_ERROR
757.165560,129.088501000000,35.074428500000,508068.544,3881300.534,0.005,-1.310266,route_tangent,53,16.401,,,,,,,0.000000,0.0000,STOP_ROUTE_ERROR
757.215646,129.088501000000,35.074428500000,508068.544,3881300.534,0.005,-1.310266,route_tangent,53,16.401,,,,,,,0.000000,0.0000,STOP_ROUTE_ERROR
757.265490,129.088501000000,35.074428500000,508068.544,3881300.534,0.005,-1.310266,route_tangent,53,16.401,,,,,,,0.000000,0.0000,STOP_ROUTE_ERROR
757.315512,129.088501000000,35.074428500000,508068.544,3881300.534,0.005,-1.310266,route_tangent,53,16.401,,,,,,,0.000000,0.0000,STOP_ROUTE_ERROR
757.365515,129.088501000000,35.074428500000,508068.544,3881300.534,0.005,-1.310266,route_tangent,53,16.401,,,,,,,0.000000,0.0000,STOP_ROUTE_ERROR
757.415527,129.088501000000,35.074428500000,508068.544,3881300.534,0.005,-1.310266,route_tangent,53,16.401,,,,,,,0.000000,0.0000,STOP_ROUTE_ERROR
757.465512,129.088501000000,35.074428500000,508068.544,3881300.534,0.005,-1.310266,route_tangent,53,16.401,,,,,,,0.000000,0.0000,STOP_ROUTE_ERROR
757.515488,129.088501000000,35.074428500000,508068.544,3881300.534,0.005,-1.310266,route_tangent,53,16.401,,,,,,,0.000000,0.0000,STOP_ROUTE_ERROR
757.565472,129.088501000000,35.074428500000,508068.544,3881300.534,0.005,-1.310266,route_tangent,53,16.401,,,,,,,0.000000,0.0000,STOP_ROUTE_ERROR
757.615796,129.088501000000,35.074428500000,508068.544,3881300.534,0.004,-1.310266,route_tangent,53,16.401,,,,,,,0.000000,0.0000,STOP_ROUTE_ERROR
757.665502,129.088501000000,35.074428500000,508068.544,3881300.534,0.004,-1.310266,route_tangent,53,16.401,,,,,,,0.000000,0.0000,STOP_ROUTE_ERROR
757.715567,129.088501000000,35.074428500000,508068.544,3881300.534,0.004,-1.310266,route_tangent,53,16.401,,,,,,,0.000000,0.0000,STOP_ROUTE_ERROR
757.765509,129.088501000000,35.074428500000,508068.544,3881300.534,0.004,-1.310266,route_tangent,53,16.401,,,,,,,0.000000,0.0000,STOP_ROUTE_ERROR
757.815546,129.088501000000,35.074428500000,508068.544,3881300.534,0.004,-1.310266,route_tangent,53,16.401,,,,,,,0.000000,0.0000,STOP_ROUTE_ERROR
757.865638,129.088500833333,35.074428500000,508068.529,3881300.534,0.004,-1.310266,route_tangent,53,16.416,,,,,,,0.000000,0.0000,STOP_ROUTE_ERROR
757.915548,129.088500833333,35.074428500000,508068.529,3881300.534,0.004,-1.310266,route_tangent,53,16.416,,,,,,,0.000000,0.0000,STOP_ROUTE_ERROR
757.965537,129.088500833333,35.074428500000,508068.529,3881300.534,0.004,-1.310266,route_tangent,53,16.416,,,,,,,0.000000,0.0000,STOP_ROUTE_ERROR
758.015529,129.088500833333,35.074428500000,508068.529,3881300.534,0.004,-1.310266,route_tangent,53,16.416,,,,,,,0.000000,0.0000,STOP_ROUTE_ERROR
758.065510,129.088500833333,35.074428500000,508068.529,3881300.534,0.004,-1.310266,route_tangent,53,16.416,,,,,,,0.000000,0.0000,STOP_ROUTE_ERROR
758.115490,129.088500833333,35.074428500000,508068.529,3881300.534,0.005,-1.310266,route_tangent,53,16.416,,,,,,,0.000000,0.0000,STOP_ROUTE_ERROR
758.165588,129.088500833333,35.074428500000,508068.529,3881300.534,0.005,-1.310266,route_tangent,53,16.416,,,,,,,0.000000,0.0000,STOP_ROUTE_ERROR
758.215535,129.088500833333,35.074428500000,508068.529,3881300.534,0.005,-1.310266,route_tangent,53,16.416,,,,,,,0.000000,0.0000,STOP_ROUTE_ERROR
758.265467,129.088500833333,35.074428500000,508068.529,3881300.534,0.005,-1.310266,route_tangent,53,16.416,,,,,,,0.000000,0.0000,STOP_ROUTE_ERROR
758.315761,129.088500833333,35.074428500000,508068.529,3881300.534,0.005,-1.310266,route_tangent,53,16.416,,,,,,,0.000000,0.0000,STOP_ROUTE_ERROR
758.365454,129.088500833333,35.074428500000,508068.529,3881300.534,0.005,-1.310266,route_tangent,53,16.416,,,,,,,0.000000,0.0000,STOP_ROUTE_ERROR
758.415537,129.088500833333,35.074428500000,508068.529,3881300.534,0.005,-1.310266,route_tangent,53,16.416,,,,,,,0.000000,0.0000,STOP_ROUTE_ERROR
758.465521,129.088500833333,35.074428500000,508068.529,3881300.534,0.005,-1.310266,route_tangent,53,16.416,,,,,,,0.000000,0.0000,STOP_ROUTE_ERROR
758.515554,129.088500833333,35.074428500000,508068.529,3881300.534,0.005,-1.310266,route_tangent,53,16.416,,,,,,,0.000000,0.0000,STOP_ROUTE_ERROR
758.565485,129.088500833333,35.074428500000,508068.529,3881300.534,0.005,-1.310266,route_tangent,53,16.416,,,,,,,0.000000,0.0000,STOP_ROUTE_ERROR
758.615477,129.088500833333,35.074428500000,508068.529,3881300.534,0.005,-1.310266,route_tangent,53,16.416,,,,,,,0.000000,0.0000,STOP_ROUTE_ERROR
758.665469,129.088500833333,35.074428500000,508068.529,3881300.534,0.005,-1.310266,route_tangent,53,16.416,,,,,,,0.000000,0.0000,STOP_ROUTE_ERROR
758.715479,129.088500833333,35.074428500000,508068.529,3881300.534,0.005,-1.310266,route_tangent,53,16.416,,,,,,,0.000000,0.0000,STOP_ROUTE_ERROR
758.765467,129.088500833333,35.074428500000,508068.529,3881300.534,0.005,-1.310266,route_tangent,53,16.416,,,,,,,0.000000,0.0000,STOP_ROUTE_ERROR
758.815485,129.088500833333,35.074428500000,508068.529,3881300.534,0.005,-1.310266,route_tangent,53,16.416,,,,,,,0.000000,0.0000,STOP_ROUTE_ERROR
758.865487,129.088500833333,35.074428500000,508068.529,3881300.534,0.004,-1.310266,route_tangent,53,16.416,,,,,,,0.000000,0.0000,STOP_ROUTE_ERROR
758.915475,129.088500833333,35.074428500000,508068.529,3881300.534,0.004,-1.310266,route_tangent,53,16.416,,,,,,,0.000000,0.0000,STOP_ROUTE_ERROR
758.965507,129.088500833333,35.074428500000,508068.529,3881300.534,0.004,-1.310266,route_tangent,53,16.416,,,,,,,0.000000,0.0000,STOP_ROUTE_ERROR
759.015700,129.088500833333,35.074428500000,508068.529,3881300.534,0.004,-1.310266,route_tangent,53,16.416,,,,,,,0.000000,0.0000,STOP_ROUTE_ERROR
759.065613,129.088500833333,35.074428500000,508068.529,3881300.534,0.004,-1.310266,route_tangent,53,16.416,,,,,,,0.000000,0.0000,STOP_ROUTE_ERROR
759.115456,129.088500833333,35.074428500000,508068.529,3881300.534,0.003,-1.310266,route_tangent,53,16.416,,,,,,,0.000000,0.0000,STOP_ROUTE_ERROR
759.165496,129.088500833333,35.074428500000,508068.529,3881300.534,0.003,-1.310266,route_tangent,53,16.416,,,,,,,0.000000,0.0000,STOP_ROUTE_ERROR
759.215488,129.088500833333,35.074428500000,508068.529,3881300.534,0.003,-1.310266,route_tangent,53,16.416,,,,,,,0.000000,0.0000,STOP_ROUTE_ERROR
759.265526,129.088500833333,35.074428500000,508068.529,3881300.534,0.003,-1.310266,route_tangent,53,16.416,,,,,,,0.000000,0.0000,STOP_ROUTE_ERROR
759.315539,129.088500833333,35.074428500000,508068.529,3881300.534,0.003,-1.310266,route_tangent,53,16.416,,,,,,,0.000000,0.0000,STOP_ROUTE_ERROR
759.365505,129.088500833333,35.074428500000,508068.529,3881300.534,0.005,-1.310266,route_tangent,53,16.416,,,,,,,0.000000,0.0000,STOP_ROUTE_ERROR
759.415582,129.088500833333,35.074428500000,508068.529,3881300.534,0.005,-1.310266,route_tangent,53,16.416,,,,,,,0.000000,0.0000,STOP_ROUTE_ERROR
759.466050,129.088500833333,35.074428500000,508068.529,3881300.534,0.005,-1.310266,route_tangent,53,16.416,,,,,,,0.000000,0.0000,STOP_ROUTE_ERROR
759.515529,129.088500833333,35.074428500000,508068.529,3881300.534,0.005,-1.310266,route_tangent,53,16.416,,,,,,,0.000000,0.0000,STOP_ROUTE_ERROR
759.565481,129.088500833333,35.074428500000,508068.529,3881300.534,0.005,-1.310266,route_tangent,53,16.416,,,,,,,0.000000,0.0000,STOP_ROUTE_ERROR
759.615461,129.088500833333,35.074428500000,508068.529,3881300.534,0.005,-1.310266,route_tangent,53,16.416,,,,,,,0.000000,0.0000,STOP_ROUTE_ERROR
759.665544,129.088500833333,35.074428500000,508068.529,3881300.534,0.005,-1.310266,route_tangent,53,16.416,,,,,,,0.000000,0.0000,STOP_ROUTE_ERROR
759.715456,129.088500833333,35.074428500000,508068.529,3881300.534,0.005,-1.310266,route_tangent,53,16.416,,,,,,,0.000000,0.0000,STOP_ROUTE_ERROR
759.765492,129.088500833333,35.074428500000,508068.529,3881300.534,0.005,-1.310266,route_tangent,53,16.416,,,,,,,0.000000,0.0000,STOP_ROUTE_ERROR
759.815497,129.088500833333,35.074428500000,508068.529,3881300.534,0.005,-1.310266,route_tangent,53,16.416,,,,,,,0.000000,0.0000,STOP_ROUTE_ERROR
759.865447,129.088500833333,35.074428500000,508068.529,3881300.534,0.005,-1.310266,route_tangent,53,16.416,,,,,,,0.000000,0.0000,STOP_ROUTE_ERROR
759.915450,129.088500833333,35.074428500000,508068.529,3881300.534,0.005,-1.310266,route_tangent,53,16.416,,,,,,,0.000000,0.0000,STOP_ROUTE_ERROR
759.965473,129.088500833333,35.074428500000,508068.529,3881300.534,0.005,-1.310266,route_tangent,53,16.416,,,,,,,0.000000,0.0000,STOP_ROUTE_ERROR
760.015481,129.088500833333,35.074428500000,508068.529,3881300.534,0.005,-1.310266,route_tangent,53,16.416,,,,,,,0.000000,0.0000,STOP_ROUTE_ERROR
760.065461,129.088500833333,35.074428500000,508068.529,3881300.534,0.005,-1.310266,route_tangent,53,16.416,,,,,,,0.000000,0.0000,STOP_ROUTE_ERROR
760.115468,129.088500833333,35.074428500000,508068.529,3881300.534,0.004,-1.310266,route_tangent,53,16.416,,,,,,,0.000000,0.0000,STOP_ROUTE_ERROR
760.165545,129.088500833333,35.074428500000,508068.529,3881300.534,0.004,-1.310266,route_tangent,53,16.416,,,,,,,0.000000,0.0000,STOP_ROUTE_ERROR
760.215497,129.088500833333,35.074428500000,508068.529,3881300.534,0.004,-1.310266,route_tangent,53,16.416,,,,,,,0.000000,0.0000,STOP_ROUTE_ERROR
760.265493,129.088500833333,35.074428500000,508068.529,3881300.534,0.004,-1.310266,route_tangent,53,16.416,,,,,,,0.000000,0.0000,STOP_ROUTE_ERROR
760.315463,129.088500833333,35.074428500000,508068.529,3881300.534,0.004,-1.310266,route_tangent,53,16.416,,,,,,,0.000000,0.0000,STOP_ROUTE_ERROR
760.365511,129.088500833333,35.074428500000,508068.529,3881300.534,0.004,-1.310266,route_tangent,53,16.416,,,,,,,0.000000,0.0000,STOP_ROUTE_ERROR
760.415524,129.088500833333,35.074428500000,508068.529,3881300.534,0.004,-1.310266,route_tangent,53,16.416,,,,,,,0.000000,0.0000,STOP_ROUTE_ERROR
760.465444,129.088500833333,35.074428500000,508068.529,3881300.534,0.004,-1.310266,route_tangent,53,16.416,,,,,,,0.000000,0.0000,STOP_ROUTE_ERROR
760.515974,129.088500833333,35.074428500000,508068.529,3881300.534,0.004,-1.310266,route_tangent,53,16.416,,,,,,,0.000000,0.0000,STOP_ROUTE_ERROR
760.565455,129.088500833333,35.074428500000,508068.529,3881300.534,0.004,-1.310266,route_tangent,53,16.416,,,,,,,0.000000,0.0000,STOP_ROUTE_ERROR
760.615485,129.088500833333,35.074428500000,508068.529,3881300.534,0.006,-1.310266,route_tangent,53,16.416,,,,,,,0.000000,0.0000,STOP_ROUTE_ERROR
760.665462,129.088500833333,35.074428500000,508068.529,3881300.534,0.006,-1.310266,route_tangent,53,16.416,,,,,,,0.000000,0.0000,STOP_ROUTE_ERROR
760.715460,129.088500833333,35.074428500000,508068.529,3881300.534,0.006,-1.310266,route_tangent,53,16.416,,,,,,,0.000000,0.0000,STOP_ROUTE_ERROR
760.765476,129.088500833333,35.074428500000,508068.529,3881300.534,0.006,-1.310266,route_tangent,53,16.416,,,,,,,0.000000,0.0000,STOP_ROUTE_ERROR
760.815648,129.088500833333,35.074428500000,508068.529,3881300.534,0.006,-1.310266,route_tangent,53,16.416,,,,,,,0.000000,0.0000,STOP_ROUTE_ERROR
760.865455,129.088500833333,35.074428500000,508068.529,3881300.534,0.006,-1.310266,route_tangent,53,16.416,,,,,,,0.000000,0.0000,STOP_ROUTE_ERROR
760.915508,129.088500833333,35.074428500000,508068.529,3881300.534,0.006,-1.310266,route_tangent,53,16.416,,,,,,,0.000000,0.0000,STOP_ROUTE_ERROR
760.965466,129.088500833333,35.074428500000,508068.529,3881300.534,0.006,-1.310266,route_tangent,53,16.416,,,,,,,0.000000,0.0000,STOP_ROUTE_ERROR
761.015455,129.088500833333,35.074428500000,508068.529,3881300.534,0.006,-1.310266,route_tangent,53,16.416,,,,,,,0.000000,0.0000,STOP_ROUTE_ERROR
