elapsed_sec,longitude,latitude,utm_easting_m,utm_northing_m,speed_mps,heading_rad,heading_source,waypoint_index,route_error_m,lookahead_m,target_index,target_easting_m,target_northing_m,alpha_rad,raw_steering_rad,filtered_steering_rad,command_speed_mps,wheel_speed_mps,speed_error_mps,state
0.206909,129.088812166667,35.074424333333,508096.913,3881300.097,0.015,-2.675482,route_tangent,0,0.371,2.000,2,508094.848,3881299.430,-0.153703,0.000000,0.000000,0.5600,,,TRACKING|w0 d0 L0
0.257469,129.088812166667,35.074424333333,508096.913,3881300.097,0.015,-2.675482,route_tangent,0,0.371,2.000,2,508094.848,3881299.430,-0.153703,0.000000,0.000000,0.5600,,,TRACKING|w0 d0 L0
0.308753,129.088812166667,35.074424333333,508096.913,3881300.097,0.015,-2.675482,route_tangent,0,0.371,2.000,2,508094.848,3881299.430,-0.153703,0.000000,0.000000,0.5600,,,TRACKING|w0 d0 L0
0.356793,129.088812166667,35.074424333333,508096.913,3881300.097,0.015,-2.675482,route_tangent,0,0.371,2.000,2,508094.848,3881299.430,-0.153703,0.000000,0.000000,0.5600,,,TRACKING|w0 d0 L0
0.408268,129.088812166667,35.074424333333,508096.913,3881300.097,0.015,-2.675482,route_tangent,0,0.371,2.000,2,508094.848,3881299.430,-0.153703,0.000000,0.000000,0.5600,,,TRACKING|w0 d0 L0
0.456692,129.088812000000,35.074424166667,508096.898,3881300.078,0.006,-2.675482,route_tangent,0,0.379,2.000,2,508094.848,3881299.430,-0.159717,0.000000,0.000000,0.5600,,,TRACKING|w0 d0 L0
0.506792,129.088812000000,35.074424166667,508096.898,3881300.078,0.006,-2.675482,route_tangent,0,0.379,2.000,2,508094.848,3881299.430,-0.159717,0.000000,0.000000,0.5600,,,TRACKING|w0 d0 L0
0.556682,129.088812000000,35.074424166667,508096.898,3881300.078,0.006,-2.675482,route_tangent,0,0.379,2.000,2,508094.848,3881299.430,-0.159717,0.000000,0.000000,0.5600,,,TRACKING|w0 d0 L0
0.606878,129.088812000000,35.074424166667,508096.898,3881300.078,0.006,-2.675482,route_tangent,0,0.379,2.000,2,508094.848,3881299.430,-0.159717,0.000000,0.000000,0.5600,,,TRACKING|w0 d0 L0
0.657867,129.088812000000,35.074424166667,508096.898,3881300.078,0.006,-2.675482,route_tangent,0,0.379,2.000,2,508094.848,3881299.430,-0.159717,0.000000,0.000000,0.5600,,,TRACKING|w0 d0 L0
0.706938,129.088812000000,35.074424166667,508096.898,3881300.078,0.008,-2.675482,route_tangent,0,0.379,2.000,2,508094.848,3881299.430,-0.159717,0.000000,0.000000,0.5600,0.019,-0.011,TRACKING|w0 d0 L0
0.756787,129.088812000000,35.074424166667,508096.898,3881300.078,0.008,-2.675482,route_tangent,0,0.379,2.000,2,508094.848,3881299.430,-0.159717,0.000000,0.000000,0.5600,0.019,-0.011,TRACKING|w0 d0 L0
0.806779,129.088812000000,35.074424166667,508096.898,3881300.078,0.008,-2.675482,route_tangent,0,0.379,2.000,2,508094.848,3881299.430,-0.159717,0.000000,0.000000,0.5600,0.019,-0.011,TRACKING|w0 d0 L0
0.856722,129.088812000000,35.074424166667,508096.898,3881300.078,0.008,-2.675482,route_tangent,0,0.379,2.000,2,508094.848,3881299.430,-0.159717,0.000000,0.000000,0.5600,0.019,-0.011,TRACKING|w0 d0 L0
0.906718,129.088812000000,35.074424166667,508096.898,3881300.078,0.008,-2.675482,route_tangent,0,0.379,2.000,2,508094.848,3881299.430,-0.159717,0.000000,0.000000,0.5600,0.000,0.008,TRACKING|w0 d0 L0
0.957363,129.088812000000,35.074424333333,508096.898,3881300.097,0.008,-2.675482,route_tangent,0,0.363,2.000,2,508094.848,3881299.430,-0.151543,0.000000,0.000000,0.5600,0.000,0.008,TRACKING|w0 d0 L0
1.006822,129.088812000000,35.074424333333,508096.898,3881300.097,0.008,-2.675482,route_tangent,0,0.363,2.000,2,508094.848,3881299.430,-0.151543,0.000000,0.000000,0.5600,0.000,0.008,TRACKING|w0 d0 L0
1.056779,129.088812000000,35.074424333333,508096.898,3881300.097,0.008,-2.675482,route_tangent,0,0.363,2.000,2,508094.848,3881299.430,-0.151543,0.000000,0.000000,0.5600,0.000,0.008,TRACKING|w0 d0 L0
1.106737,129.088812000000,35.074424333333,508096.898,3881300.097,0.008,-2.675482,route_tangent,0,0.363,2.000,2,508094.848,3881299.430,-0.151543,0.000000,0.000000,0.5600,0.000,0.008,TRACKING|w0 d0 L0
1.156671,129.088812000000,35.074424333333,508096.898,3881300.097,0.008,-2.675482,route_tangent,0,0.363,2.000,2,508094.848,3881299.430,-0.151543,0.000000,0.000000,0.5600,0.000,0.008,TRACKING|w0 d0 L0
1.206788,129.088812000000,35.074424333333,508096.898,3881300.097,0.008,-2.675482,route_tangent,0,0.363,2.000,2,508094.848,3881299.430,-0.151543,0.000000,0.000000,0.5600,0.000,0.008,TRACKING|w0 d0 L0
1.256673,129.088812000000,35.074424333333,508096.898,3881300.097,0.008,-2.675482,route_tangent,0,0.363,2.000,2,508094.848,3881299.430,-0.151543,0.000000,0.000000,0.5600,0.000,0.008,TRACKING|w0 d0 L0
1.306744,129.088812000000,35.074424333333,508096.898,3881300.097,0.008,-2.675482,route_tangent,0,0.363,2.000,2,508094.848,3881299.430,-0.151543,0.000000,0.000000,0.5600,0.000,0.008,TRACKING|w0 d0 L0
1.356697,129.088812000000,35.074424333333,508096.898,3881300.097,0.008,-2.675482,route_tangent,0,0.363,2.000,2,508094.848,3881299.430,-0.151543,0.000000,0.000000,0.5600,0.000,0.008,TRACKING|w0 d0 L0
1.406883,129.088812000000,35.074424333333,508096.898,3881300.097,0.008,-2.675482,route_tangent,0,0.363,2.000,2,508094.848,3881299.430,-0.151543,0.000000,0.000000,0.5600,0.000,0.008,TRACKING|w0 d0 L0
1.457113,129.088812000000,35.074424333333,508096.898,3881300.097,0.008,-2.675482,route_tangent,0,0.363,2.000,2,508094.848,3881299.430,-0.151543,0.000000,0.000000,0.5600,0.000,0.008,TRACKING|w0 d0 L0
1.506741,129.088812000000,35.074424333333,508096.898,3881300.097,0.008,-2.675482,route_tangent,0,0.363,2.000,2,508094.848,3881299.430,-0.151543,0.000000,0.000000,0.5600,0.000,0.008,TRACKING|w0 d0 L0
1.556738,129.088812000000,35.074424333333,508096.898,3881300.097,0.008,-2.675482,route_tangent,0,0.363,2.000,2,508094.848,3881299.430,-0.151543,0.000000,0.000000,0.5600,0.000,0.008,TRACKING|w0 d0 L0
1.606757,129.088812000000,35.074424333333,508096.898,3881300.097,0.008,-2.675482,route_tangent,0,0.363,2.000,2,508094.848,3881299.430,-0.151543,0.000000,0.000000,0.5600,0.000,0.008,TRACKING|w0 d0 L0
1.656885,129.088812000000,35.074424333333,508096.898,3881300.097,0.008,-2.675482,route_tangent,0,0.363,2.000,2,508094.848,3881299.430,-0.151543,0.000000,0.000000,0.5600,0.000,0.008,TRACKING|w0 d0 L0
1.706868,129.088812000000,35.074424166667,508096.898,3881300.078,0.008,-2.675482,route_tangent,0,0.379,2.000,2,508094.848,3881299.430,-0.159717,0.000000,0.000000,0.5600,0.000,0.008,TRACKING|w0 d0 L0
1.756772,129.088812000000,35.074424166667,508096.898,3881300.078,0.008,-2.675482,route_tangent,0,0.379,2.000,2,508094.848,3881299.430,-0.159717,0.000000,0.000000,0.5600,0.000,0.008,TRACKING|w0 d0 L0
1.806800,129.088812000000,35.074424166667,508096.898,3881300.078,0.008,-2.675482,route_tangent,0,0.379,2.000,2,508094.848,3881299.430,-0.159717,0.000000,0.000000,0.5600,0.000,0.008,TRACKING|w0 d0 L0
1.856738,129.088812000000,35.074424166667,508096.898,3881300.078,0.008,-2.675482,route_tangent,0,0.379,2.000,2,508094.848,3881299.430,-0.159717,0.000000,0.000000,0.5600,0.000,0.008,TRACKING|w0 d0 L0
1.906765,129.088812000000,35.074424166667,508096.898,3881300.078,0.008,-2.675482,route_tangent,0,0.379,2.000,2,508094.848,3881299.430,-0.159717,0.000000,0.000000,0.5600,0.000,0.008,TRACKING|w0 d0 L0
1.957001,129.088812166667,35.074424333333,508096.913,3881300.097,0.008,-2.675482,route_tangent,0,0.371,2.000,2,508094.848,3881299.430,-0.153703,0.000000,0.000000,0.5600,0.000,0.008,TRACKING|w0 d0 L0
2.006686,129.088812166667,35.074424333333,508096.913,3881300.097,0.008,-2.675482,route_tangent,0,0.371,2.000,2,508094.848,3881299.430,-0.153703,0.000000,0.000000,0.5600,0.000,0.008,TRACKING|w0 d0 L0
2.056724,129.088812166667,35.074424333333,508096.913,3881300.097,0.008,-2.675482,route_tangent,0,0.371,2.000,2,508094.848,3881299.430,-0.153703,0.000000,0.000000,0.5600,0.000,0.008,TRACKING|w0 d0 L0
2.106728,129.088812166667,35.074424333333,508096.913,3881300.097,0.008,-2.675482,route_tangent,0,0.371,2.000,2,508094.848,3881299.430,-0.153703,0.000000,0.000000,0.5600,0.000,0.008,TRACKING|w0 d0 L0
2.156726,129.088812166667,35.074424333333,508096.913,3881300.097,0.008,-2.675482,route_tangent,0,0.371,2.000,2,508094.848,3881299.430,-0.153703,0.000000,0.000000,0.5600,0.000,0.008,TRACKING|w0 d0 L0
2.206767,129.088812166667,35.074424333333,508096.913,3881300.097,0.008,-2.675482,route_tangent,0,0.371,2.000,2,508094.848,3881299.430,-0.153703,0.000000,0.000000,0.5600,0.000,0.008,TRACKING|w0 d0 L0
2.258763,129.088812166667,35.074424333333,508096.913,3881300.097,0.008,-2.675482,route_tangent,0,0.371,2.000,2,508094.848,3881299.430,-0.153703,0.000000,0.000000,0.5600,0.000,0.008,TRACKING|w0 d0 L0
2.307008,129.088812166667,35.074424333333,508096.913,3881300.097,0.008,-2.675482,route_tangent,0,0.371,2.000,2,508094.848,3881299.430,-0.153703,0.000000,0.000000,0.5600,0.000,0.008,TRACKING|w0 d0 L0
2.356995,129.088812166667,35.074424166667,508096.913,3881300.078,0.013,-2.675482,route_tangent,0,0.387,2.000,2,508094.848,3881299.430,-0.161828,0.000000,0.000000,0.5600,0.000,0.013,TRACKING|w0 d0 L0
2.406768,129.088812166667,35.074424166667,508096.913,3881300.078,0.013,-2.675482,route_tangent,0,0.387,2.000,2,508094.848,3881299.430,-0.161828,0.000000,0.000000,0.5600,0.000,0.013,TRACKING|w0 d0 L0
2.456954,129.088812000000,35.074424166667,508096.898,3881300.078,0.019,-2.675482,route_tangent,0,0.379,2.000,2,508094.848,3881299.430,-0.159717,0.000000,0.000000,0.5600,0.000,0.019,TRACKING|w0 d0 L0
2.507007,129.088812000000,35.074424166667,508096.898,3881300.078,0.019,-2.675482,route_tangent,0,0.379,2.000,2,508094.848,3881299.430,-0.159717,0.000000,0.000000,0.5600,0.000,0.019,TRACKING|w0 d0 L0
2.556947,129.088812000000,35.074424166667,508096.898,3881300.078,0.019,-2.675482,route_tangent,0,0.379,2.000,2,508094.848,3881299.430,-0.159717,0.000000,0.000000,0.5600,0.000,0.019,TRACKING|w0 d0 L0
2.606719,129.088812000000,35.074424166667,508096.898,3881300.078,0.019,-2.675482,route_tangent,0,0.379,2.000,2,508094.848,3881299.430,-0.159717,0.000000,0.000000,0.5600,0.000,0.019,TRACKING|w0 d0 L0
2.656806,129.088812000000,35.074424166667,508096.898,3881300.078,0.019,-2.675482,route_tangent,0,0.379,2.000,2,508094.848,3881299.430,-0.159717,0.000000,0.000000,0.5600,0.000,0.019,TRACKING|w0 d0 L0
2.706871,129.088812166667,35.074424166667,508096.913,3881300.078,0.012,-2.675482,route_tangent,0,0.387,2.000,2,508094.848,3881299.430,-0.161828,0.000000,0.000000,0.5600,0.000,0.012,TRACKING|w0 d0 L0
2.756764,129.088812166667,35.074424166667,508096.913,3881300.078,0.012,-2.675482,route_tangent,0,0.387,2.000,2,508094.848,3881299.430,-0.161828,0.000000,0.000000,0.5600,0.000,0.012,TRACKING|w0 d0 L0
2.806675,129.088812166667,35.074424166667,508096.913,3881300.078,0.012,-2.675482,route_tangent,0,0.387,2.000,2,508094.848,3881299.430,-0.161828,0.000000,0.000000,0.5600,0.000,0.012,TRACKING|w0 d0 L0
2.856818,129.088812166667,35.074424166667,508096.913,3881300.078,0.012,-2.675482,route_tangent,0,0.387,2.000,2,508094.848,3881299.430,-0.161828,0.000000,0.000000,0.5600,0.000,0.012,TRACKING|w0 d0 L0
2.906826,129.088812166667,35.074424166667,508096.913,3881300.078,0.012,-2.675482,route_tangent,0,0.387,2.000,2,508094.848,3881299.430,-0.161828,0.000000,0.000000,0.5600,0.000,0.012,TRACKING|w0 d0 L0
2.956856,129.088812166667,35.074424166667,508096.913,3881300.078,0.012,-2.675482,route_tangent,0,0.387,2.000,2,508094.848,3881299.430,-0.161828,0.000000,0.000000,0.5600,0.000,0.012,TRACKING|w0 d0 L0
3.006775,129.088812166667,35.074424166667,508096.913,3881300.078,0.012,-2.675482,route_tangent,0,0.387,2.000,2,508094.848,3881299.430,-0.161828,0.000000,0.000000,0.5600,0.000,0.012,TRACKING|w0 d0 L0
3.056839,129.088812166667,35.074424166667,508096.913,3881300.078,0.012,-2.675482,route_tangent,0,0.387,2.000,2,508094.848,3881299.430,-0.161828,0.000000,0.000000,0.5600,0.000,0.012,TRACKING|w0 d0 L0
3.106735,129.088812166667,35.074424166667,508096.913,3881300.078,0.012,-2.675482,route_tangent,0,0.387,2.000,2,508094.848,3881299.430,-0.161828,0.000000,0.000000,0.5600,0.000,0.012,TRACKING|w0 d0 L0
3.156814,129.088812166667,35.074424166667,508096.913,3881300.078,0.012,-2.675482,route_tangent,0,0.387,2.000,2,508094.848,3881299.430,-0.161828,0.000000,0.000000,0.5600,0.000,0.012,TRACKING|w0 d0 L0
3.206714,129.088812166667,35.074424166667,508096.913,3881300.078,0.008,-2.675482,route_tangent,0,0.387,2.000,2,508094.848,3881299.430,-0.161828,0.000000,0.000000,0.5600,0.000,0.008,TRACKING|w0 d0 L0
3.256680,129.088812166667,35.074424166667,508096.913,3881300.078,0.008,-2.675482,route_tangent,0,0.387,2.000,2,508094.848,3881299.430,-0.161828,0.000000,0.000000,0.5600,0.000,0.008,TRACKING|w0 d0 L0
3.306761,129.088812166667,35.074424166667,508096.913,3881300.078,0.008,-2.675482,route_tangent,0,0.387,2.000,2,508094.848,3881299.430,-0.161828,0.000000,0.000000,0.5600,0.000,0.008,TRACKING|w0 d0 L0
3.356889,129.088812166667,35.074424166667,508096.913,3881300.078,0.008,-2.675482,route_tangent,0,0.387,2.000,2,508094.848,3881299.430,-0.161828,0.000000,0.000000,0.5600,0.000,0.008,TRACKING|w0 d0 L0
3.406773,129.088812166667,35.074424166667,508096.913,3881300.078,0.008,-2.675482,route_tangent,0,0.387,2.000,2,508094.848,3881299.430,-0.161828,0.000000,0.000000,0.5600,0.000,0.008,TRACKING|w0 d0 L0
3.457721,129.088812166667,35.074424166667,508096.913,3881300.078,0.008,-2.675482,route_tangent,0,0.387,2.000,2,508094.848,3881299.430,-0.161828,0.000000,0.000000,0.5600,0.000,0.008,TRACKING|w0 d0 L0
3.506721,129.088812166667,35.074424166667,508096.913,3881300.078,0.027,-2.675482,route_tangent,0,0.387,2.000,2,508094.848,3881299.430,-0.161828,0.000000,0.000000,0.5600,0.000,0.027,TRACKING|w0 d0 L0
3.556761,129.088812166667,35.074424166667,508096.913,3881300.078,0.027,-2.675482,route_tangent,0,0.387,2.000,2,508094.848,3881299.430,-0.161828,0.000000,0.000000,0.5600,0.000,0.027,TRACKING|w0 d0 L0
3.606823,129.088812166667,35.074424166667,508096.913,3881300.078,0.027,-2.675482,route_tangent,0,0.387,2.000,2,508094.848,3881299.430,-0.161828,0.000000,0.000000,0.5600,0.000,0.027,TRACKING|w0 d0 L0
3.656842,129.088812166667,35.074424166667,508096.913,3881300.078,0.027,-2.675482,route_tangent,0,0.387,2.000,2,508094.848,3881299.430,-0.161828,0.000000,0.000000,0.5600,0.000,0.027,TRACKING|w0 d0 L0
3.706947,129.088812166667,35.074424166667,508096.913,3881300.078,0.013,-2.675482,route_tangent,0,0.387,2.000,2,508094.848,3881299.430,-0.161828,0.000000,0.000000,0.5600,0.000,0.013,TRACKING|w0 d0 L0
3.756741,129.088812166667,35.074424166667,508096.913,3881300.078,0.013,-2.675482,route_tangent,0,0.387,2.000,2,508094.848,3881299.430,-0.161828,0.000000,0.000000,0.5600,0.000,0.013,TRACKING|w0 d0 L0
3.806962,129.088812166667,35.074424166667,508096.913,3881300.078,0.013,-2.675482,route_tangent,0,0.387,2.000,2,508094.848,3881299.430,-0.161828,0.000000,0.000000,0.5600,0.000,0.013,TRACKING|w0 d0 L0
3.857142,129.088812166667,35.074424166667,508096.913,3881300.078,0.013,-2.675482,route_tangent,0,0.387,2.000,2,508094.848,3881299.430,-0.161828,0.000000,0.000000,0.5600,0.000,0.013,TRACKING|w0 d0 L0
3.908022,129.088812166667,35.074424166667,508096.913,3881300.078,0.013,-2.675482,route_tangent,0,0.387,2.000,2,508094.848,3881299.430,-0.161828,0.000000,0.000000,0.5600,0.000,0.013,TRACKING|w0 d0 L0
3.957237,129.088812166667,35.074424333333,508096.913,3881300.097,0.013,-2.675482,route_tangent,0,0.371,2.000,2,508094.848,3881299.430,-0.153703,0.000000,0.000000,0.5600,0.000,0.013,TRACKING|w0 d0 L0
4.006880,129.088812166667,35.074424333333,508096.913,3881300.097,0.013,-2.675482,route_tangent,0,0.371,2.000,2,508094.848,3881299.430,-0.153703,0.000000,0.000000,0.5600,0.000,0.013,TRACKING|w0 d0 L0
4.056705,129.088812166667,35.074424333333,508096.913,3881300.097,0.013,-2.675482,route_tangent,0,0.371,2.000,2,508094.848,3881299.430,-0.153703,0.000000,0.000000,0.5600,0.000,0.013,TRACKING|w0 d0 L0
4.106724,129.088812166667,35.074424333333,508096.913,3881300.097,0.013,-2.675482,route_tangent,0,0.371,2.000,2,508094.848,3881299.430,-0.153703,0.000000,0.000000,0.5600,0.000,0.013,TRACKING|w0 d0 L0
4.156916,129.088812166667,35.074424333333,508096.913,3881300.097,0.013,-2.675482,route_tangent,0,0.371,2.000,2,508094.848,3881299.430,-0.153703,0.000000,0.000000,0.5600,0.000,0.013,TRACKING|w0 d0 L0
4.206786,129.088812166667,35.074424166667,508096.913,3881300.078,0.007,-2.675482,route_tangent,0,0.387,2.000,2,508094.848,3881299.430,-0.161828,0.000000,0.000000,0.5600,0.000,0.007,TRACKING|w0 d0 L0
4.256786,129.088812166667,35.074424166667,508096.913,3881300.078,0.007,-2.675482,route_tangent,0,0.387,2.000,2,508094.848,3881299.430,-0.161828,0.000000,0.000000,0.5600,0.000,0.007,TRACKING|w0 d0 L0
4.307977,129.088812166667,35.074424166667,508096.913,3881300.078,0.007,-2.675482,route_tangent,0,0.387,2.000,2,508094.848,3881299.430,-0.161828,0.000000,0.000000,0.5600,0.000,0.007,TRACKING|w0 d0 L0
4.356731,129.088812166667,35.074424166667,508096.913,3881300.078,0.007,-2.675482,route_tangent,0,0.387,2.000,2,508094.848,3881299.430,-0.161828,0.000000,0.000000,0.5600,0.000,0.007,TRACKING|w0 d0 L0
4.406857,129.088812166667,35.074424166667,508096.913,3881300.078,0.007,-2.675482,route_tangent,0,0.387,2.000,2,508094.848,3881299.430,-0.161828,0.000000,0.000000,0.5600,0.000,0.007,TRACKING|w0 d0 L0
4.456660,129.088812166667,35.074424166667,508096.913,3881300.078,0.007,-2.675482,route_tangent,0,0.387,2.000,2,508094.848,3881299.430,-0.161828,0.000000,0.000000,0.5600,0.000,0.007,TRACKING|w0 d0 L0
4.506735,129.088812166667,35.074424166667,508096.913,3881300.078,0.007,-2.675482,route_tangent,0,0.387,2.000,2,508094.848,3881299.430,-0.161828,0.000000,0.000000,0.5600,0.000,0.007,TRACKING|w0 d0 L0
4.556880,129.088812166667,35.074424166667,508096.913,3881300.078,0.007,-2.675482,route_tangent,0,0.387,2.000,2,508094.848,3881299.430,-0.161828,0.000000,0.000000,0.5600,0.000,0.007,TRACKING|w0 d0 L0
4.606829,129.088812166667,35.074424166667,508096.913,3881300.078,0.007,-2.675482,route_tangent,0,0.387,2.000,2,508094.848,3881299.430,-0.161828,0.000000,0.000000,0.5600,0.000,0.007,TRACKING|w0 d0 L0
4.657119,129.088812166667,35.074424166667,508096.913,3881300.078,0.007,-2.675482,route_tangent,0,0.387,2.000,2,508094.848,3881299.430,-0.161828,0.000000,0.000000,0.5600,0.000,0.007,TRACKING|w0 d0 L0
4.706733,129.088812166667,35.074424166667,508096.913,3881300.078,0.023,-2.675482,route_tangent,0,0.387,2.000,2,508094.848,3881299.430,-0.161828,0.000000,0.000000,0.5600,0.000,0.023,TRACKING|w0 d0 L0
4.756768,129.088812166667,35.074424166667,508096.913,3881300.078,0.023,-2.675482,route_tangent,0,0.387,2.000,2,508094.848,3881299.430,-0.161828,0.000000,0.000000,0.5600,0.000,0.023,TRACKING|w0 d0 L0
4.806781,129.088812166667,35.074424166667,508096.913,3881300.078,0.023,-2.675482,route_tangent,0,0.387,2.000,2,508094.848,3881299.430,-0.161828,0.000000,0.000000,0.5600,0.000,0.023,TRACKING|w0 d0 L0
4.856706,129.088812166667,35.074424166667,508096.913,3881300.078,0.023,-2.675482,route_tangent,0,0.387,2.000,2,508094.848,3881299.430,-0.161828,0.000000,0.000000,0.5600,0.000,0.023,TRACKING|w0 d0 L0
4.906825,129.088812166667,35.074424166667,508096.913,3881300.078,0.023,-2.675482,route_tangent,0,0.387,2.000,2,508094.848,3881299.430,-0.161828,0.000000,0.000000,0.5600,0.000,0.023,TRACKING|w0 d0 L0
4.959996,129.088812166667,35.074424166667,508096.913,3881300.078,0.013,-2.675482,route_tangent,0,0.387,2.000,2,508094.848,3881299.430,-0.161828,0.000000,0.000000,0.5600,0.000,0.013,TRACKING|w0 d0 L0
5.006943,129.088812166667,35.074424166667,508096.913,3881300.078,0.013,-2.675482,route_tangent,0,0.387,2.000,2,508094.848,3881299.430,-0.161828,0.000000,0.000000,0.5600,0.000,0.013,TRACKING|w0 d0 L0
5.058509,129.088812166667,35.074424166667,508096.913,3881300.078,0.013,-2.675482,route_tangent,0,0.387,2.000,2,508094.848,3881299.430,-0.161828,0.000000,0.000000,0.5600,0.000,0.013,TRACKING|w0 d0 L0
5.106949,129.088812166667,35.074424166667,508096.913,3881300.078,0.013,-2.675482,route_tangent,0,0.387,2.000,2,508094.848,3881299.430,-0.161828,0.000000,0.000000,0.5600,0.000,0.013,TRACKING|w0 d0 L0
5.156718,129.088812166667,35.074424166667,508096.913,3881300.078,0.013,-2.675482,route_tangent,0,0.387,2.000,2,508094.848,3881299.430,-0.161828,0.000000,0.000000,0.5600,0.000,0.013,TRACKING|w0 d0 L0
5.206865,129.088812166667,35.074424166667,508096.913,3881300.078,0.016,-2.675482,route_tangent,0,0.387,2.000,2,508094.848,3881299.430,-0.161828,0.000000,0.000000,0.5600,0.000,0.016,TRACKING|w0 d0 L0
5.256750,129.088812166667,35.074424166667,508096.913,3881300.078,0.016,-2.675482,route_tangent,0,0.387,2.000,2,508094.848,3881299.430,-0.161828,0.000000,0.000000,0.5600,0.000,0.016,TRACKING|w0 d0 L0
5.306902,129.088812166667,35.074424166667,508096.913,3881300.078,0.016,-2.675482,route_tangent,0,0.387,2.000,2,508094.848,3881299.430,-0.161828,0.000000,0.000000,0.5600,0.000,0.016,TRACKING|w0 d0 L0
5.356744,129.088812166667,35.074424166667,508096.913,3881300.078,0.016,-2.675482,route_tangent,0,0.387,2.000,2,508094.848,3881299.430,-0.161828,0.000000,0.000000,0.5600,0.000,0.016,TRACKING|w0 d0 L0
5.406860,129.088812166667,35.074424166667,508096.913,3881300.078,0.016,-2.675482,route_tangent,0,0.387,2.000,2,508094.848,3881299.430,-0.161828,0.000000,0.000000,0.5600,0.000,0.016,TRACKING|w0 d0 L0
5.456860,129.088812166667,35.074424166667,508096.913,3881300.078,0.011,-2.675482,route_tangent,0,0.387,2.000,2,508094.848,3881299.430,-0.161828,0.000000,0.000000,0.5600,0.000,0.011,TRACKING|w0 d0 L0
5.506790,129.088812166667,35.074424166667,508096.913,3881300.078,0.011,-2.675482,route_tangent,0,0.387,2.000,2,508094.848,3881299.430,-0.161828,0.000000,0.000000,0.5600,0.000,0.011,TRACKING|w0 d0 L0
5.557415,129.088812166667,35.074424166667,508096.913,3881300.078,0.011,-2.675482,route_tangent,0,0.387,2.000,2,508094.848,3881299.430,-0.161828,0.000000,0.000000,0.5600,0.000,0.011,TRACKING|w0 d0 L0
5.606816,129.088812166667,35.074424166667,508096.913,3881300.078,0.011,-2.675482,route_tangent,0,0.387,2.000,2,508094.848,3881299.430,-0.161828,0.000000,0.000000,0.5600,0.000,0.011,TRACKING|w0 d0 L0
5.656762,129.088812166667,35.074424166667,508096.913,3881300.078,0.011,-2.675482,route_tangent,0,0.387,2.000,2,508094.848,3881299.430,-0.161828,0.000000,0.000000,0.5600,0.000,0.011,TRACKING|w0 d0 L0
5.706705,129.088812166667,35.074424166667,508096.913,3881300.078,0.011,-2.675482,route_tangent,0,0.387,2.000,2,508094.848,3881299.430,-0.161828,0.000000,0.000000,0.5600,0.000,0.011,TRACKING|w0 d0 L0
5.757756,129.088812166667,35.074424166667,508096.913,3881300.078,0.011,-2.675482,route_tangent,0,0.387,2.000,2,508094.848,3881299.430,-0.161828,0.000000,0.000000,0.5600,0.000,0.011,TRACKING|w0 d0 L0
5.806704,129.088812166667,35.074424166667,508096.913,3881300.078,0.011,-2.675482,route_tangent,0,0.387,2.000,2,508094.848,3881299.430,-0.161828,0.000000,0.000000,0.5600,0.000,0.011,TRACKING|w0 d0 L0
5.856718,129.088812166667,35.074424166667,508096.913,3881300.078,0.011,-2.675482,route_tangent,0,0.387,2.000,2,508094.848,3881299.430,-0.161828,0.000000,0.000000,0.5600,0.000,0.011,TRACKING|w0 d0 L0
5.909343,129.088812166667,35.074424166667,508096.913,3881300.078,0.011,-2.675482,route_tangent,0,0.387,2.000,2,508094.848,3881299.430,-0.161828,0.000000,0.000000,0.5600,0.000,0.011,TRACKING|w0 d0 L0
5.956728,129.088812166667,35.074424166667,508096.913,3881300.078,0.016,-2.675482,route_tangent,0,0.387,2.000,2,508094.848,3881299.430,-0.161828,0.000000,0.000000,0.5600,0.000,0.016,TRACKING|w0 d0 L0
6.006878,129.088812166667,35.074424166667,508096.913,3881300.078,0.016,-2.675482,route_tangent,0,0.387,2.000,2,508094.848,3881299.430,-0.161828,0.000000,0.000000,0.5600,0.000,0.016,TRACKING|w0 d0 L0
6.056680,129.088812166667,35.074424166667,508096.913,3881300.078,0.016,-2.675482,route_tangent,0,0.387,2.000,2,508094.848,3881299.430,-0.161828,0.000000,0.000000,0.5600,0.000,0.016,TRACKING|w0 d0 L0
6.106834,129.088812166667,35.074424166667,508096.913,3881300.078,0.016,-2.675482,route_tangent,0,0.387,2.000,2,508094.848,3881299.430,-0.161828,0.000000,0.000000,0.5600,0.000,0.016,TRACKING|w0 d0 L0
6.156745,129.088812166667,35.074424166667,508096.913,3881300.078,0.016,-2.675482,route_tangent,0,0.387,2.000,2,508094.848,3881299.430,-0.161828,0.000000,0.000000,0.5600,0.000,0.016,TRACKING|w0 d0 L0
6.206923,129.088812166667,35.074424166667,508096.913,3881300.078,0.010,-2.675482,route_tangent,0,0.387,2.000,2,508094.848,3881299.430,-0.161828,0.000000,0.000000,0.5600,0.000,0.010,TRACKING|w0 d0 L0
6.256939,129.088812166667,35.074424166667,508096.913,3881300.078,0.010,-2.675482,route_tangent,0,0.387,2.000,2,508094.848,3881299.430,-0.161828,0.000000,0.000000,0.5600,0.000,0.010,TRACKING|w0 d0 L0
6.306777,129.088812166667,35.074424166667,508096.913,3881300.078,0.010,-2.675482,route_tangent,0,0.387,2.000,2,508094.848,3881299.430,-0.161828,0.000000,0.000000,0.5600,0.000,0.010,TRACKING|w0 d0 L0
6.356785,129.088812166667,35.074424166667,508096.913,3881300.078,0.010,-2.675482,route_tangent,0,0.387,2.000,2,508094.848,3881299.430,-0.161828,0.000000,0.000000,0.5600,0.000,0.010,TRACKING|w0 d0 L0
6.406876,129.088812166667,35.074424166667,508096.913,3881300.078,0.010,-2.675482,route_tangent,0,0.387,2.000,2,508094.848,3881299.430,-0.161828,0.000000,0.000000,0.5600,0.000,0.010,TRACKING|w0 d0 L0
6.456804,129.088812166667,35.074424166667,508096.913,3881300.078,0.003,-2.675482,route_tangent,0,0.387,2.000,2,508094.848,3881299.430,-0.161828,0.000000,0.000000,0.5600,0.000,0.003,TRACKING|w0 d0 L0
6.506803,129.088812166667,35.074424166667,508096.913,3881300.078,0.003,-2.675482,route_tangent,0,0.387,2.000,2,508094.848,3881299.430,-0.161828,0.000000,0.000000,0.5600,0.000,0.003,TRACKING|w0 d0 L0
6.558583,129.088812166667,35.074424166667,508096.913,3881300.078,0.003,-2.675482,route_tangent,0,0.387,2.000,2,508094.848,3881299.430,-0.161828,0.000000,0.000000,0.5600,0.000,0.003,TRACKING|w0 d0 L0
6.606885,129.088812166667,35.074424166667,508096.913,3881300.078,0.003,-2.675482,route_tangent,0,0.387,2.000,2,508094.848,3881299.430,-0.161828,0.000000,0.000000,0.5600,0.000,0.003,TRACKING|w0 d0 L0
6.656857,129.088812166667,35.074424166667,508096.913,3881300.078,0.003,-2.675482,route_tangent,0,0.387,2.000,2,508094.848,3881299.430,-0.161828,0.000000,0.000000,0.5600,0.000,0.003,TRACKING|w0 d0 L0
6.706717,129.088812000000,35.074424166667,508096.898,3881300.078,0.003,-2.675482,route_tangent,0,0.379,2.000,2,508094.848,3881299.430,-0.159717,0.000000,0.000000,0.5600,0.000,0.003,TRACKING|w0 d0 L0
6.756677,129.088812000000,35.074424166667,508096.898,3881300.078,0.003,-2.675482,route_tangent,0,0.379,2.000,2,508094.848,3881299.430,-0.159717,0.000000,0.000000,0.5600,0.000,0.003,TRACKING|w0 d0 L0
6.806810,129.088812000000,35.074424166667,508096.898,3881300.078,0.003,-2.675482,route_tangent,0,0.379,2.000,2,508094.848,3881299.430,-0.159717,0.000000,0.000000,0.5600,0.000,0.003,TRACKING|w0 d0 L0
6.856714,129.088812000000,35.074424166667,508096.898,3881300.078,0.003,-2.675482,route_tangent,0,0.379,2.000,2,508094.848,3881299.430,-0.159717,0.000000,0.000000,0.5600,0.000,0.003,TRACKING|w0 d0 L0
6.906784,129.088812000000,35.074424166667,508096.898,3881300.078,0.003,-2.675482,route_tangent,0,0.379,2.000,2,508094.848,3881299.430,-0.159717,0.000000,0.000000,0.5600,0.000,0.003,TRACKING|w0 d0 L0
6.956745,129.088812166667,35.074424166667,508096.913,3881300.078,0.009,-2.675482,route_tangent,0,0.387,2.000,2,508094.848,3881299.430,-0.161828,0.000000,0.000000,0.5600,0.000,0.009,TRACKING|w0 d0 L0
7.007230,129.088812166667,35.074424166667,508096.913,3881300.078,0.009,-2.675482,route_tangent,0,0.387,2.000,2,508094.848,3881299.430,-0.161828,0.000000,0.000000,0.5600,0.000,0.009,TRACKING|w0 d0 L0
7.057665,129.088812166667,35.074424166667,508096.913,3881300.078,0.009,-2.675482,route_tangent,0,0.387,2.000,2,508094.848,3881299.430,-0.161828,0.000000,0.000000,0.5600,0.000,0.009,TRACKING|w0 d0 L0
7.106761,129.088812166667,35.074424166667,508096.913,3881300.078,0.009,-2.675482,route_tangent,0,0.387,2.000,2,508094.848,3881299.430,-0.161828,0.000000,0.000000,0.5600,0.000,0.009,TRACKING|w0 d0 L0
7.156765,129.088812166667,35.074424166667,508096.913,3881300.078,0.009,-2.675482,route_tangent,0,0.387,2.000,2,508094.848,3881299.430,-0.161828,0.000000,0.000000,0.5600,0.000,0.009,TRACKING|w0 d0 L0
7.206753,129.088812000000,35.074424166667,508096.898,3881300.078,0.017,-2.675482,route_tangent,0,0.379,2.000,2,508094.848,3881299.430,-0.159717,0.000000,0.000000,0.5600,0.000,0.017,TRACKING|w0 d0 L0
7.256739,129.088812000000,35.074424166667,508096.898,3881300.078,0.017,-2.675482,route_tangent,0,0.379,2.000,2,508094.848,3881299.430,-0.159717,0.000000,0.000000,0.5600,0.000,0.017,TRACKING|w0 d0 L0
7.306826,129.088812000000,35.074424166667,508096.898,3881300.078,0.017,-2.675482,route_tangent,0,0.379,2.000,2,508094.848,3881299.430,-0.159717,0.000000,0.000000,0.5600,0.000,0.017,TRACKING|w0 d0 L0
7.356793,129.088812000000,35.074424166667,508096.898,3881300.078,0.017,-2.675482,route_tangent,0,0.379,2.000,2,508094.848,3881299.430,-0.159717,0.000000,0.000000,0.5600,0.000,0.017,TRACKING|w0 d0 L0
7.406731,129.088812000000,35.074424166667,508096.898,3881300.078,0.017,-2.675482,route_tangent,0,0.379,2.000,2,508094.848,3881299.430,-0.159717,0.000000,0.000000,0.5600,0.000,0.017,TRACKING|w0 d0 L0
7.456669,129.088812000000,35.074424166667,508096.898,3881300.078,0.017,-2.675482,route_tangent,0,0.379,2.000,2,508094.848,3881299.430,-0.159717,0.000000,0.000000,0.5600,0.000,0.017,TRACKING|w0 d0 L0
7.508277,129.088812000000,35.074424166667,508096.898,3881300.078,0.017,-2.675482,route_tangent,0,0.379,2.000,2,508094.848,3881299.430,-0.159717,0.000000,0.000000,0.5600,0.000,0.017,TRACKING|w0 d0 L0
7.556740,129.088812000000,35.074424166667,508096.898,3881300.078,0.017,-2.675482,route_tangent,0,0.379,2.000,2,508094.848,3881299.430,-0.159717,0.000000,0.000000,0.5600,0.000,0.017,TRACKING|w0 d0 L0
7.606725,129.088812000000,35.074424166667,508096.898,3881300.078,0.017,-2.675482,route_tangent,0,0.379,2.000,2,508094.848,3881299.430,-0.159717,0.000000,0.000000,0.5600,0.000,0.017,TRACKING|w0 d0 L0
7.656893,129.088812000000,35.074424166667,508096.898,3881300.078,0.017,-2.675482,route_tangent,0,0.379,2.000,2,508094.848,3881299.430,-0.159717,0.000000,0.000000,0.5600,0.000,0.017,TRACKING|w0 d0 L0
7.706739,129.088812166667,35.074424166667,508096.913,3881300.078,0.017,-2.675482,route_tangent,0,0.387,2.000,2,508094.848,3881299.430,-0.161828,0.000000,0.000000,0.5600,0.000,0.017,TRACKING|w0 d0 L0
7.756724,129.088812166667,35.074424166667,508096.913,3881300.078,0.017,-2.675482,route_tangent,0,0.387,2.000,2,508094.848,3881299.430,-0.161828,0.000000,0.000000,0.5600,0.000,0.017,TRACKING|w0 d0 L0
7.806814,129.088812166667,35.074424166667,508096.913,3881300.078,0.017,-2.675482,route_tangent,0,0.387,2.000,2,508094.848,3881299.430,-0.161828,0.000000,0.000000,0.5600,0.000,0.017,TRACKING|w0 d0 L0
7.856785,129.088812166667,35.074424166667,508096.913,3881300.078,0.017,-2.675482,route_tangent,0,0.387,2.000,2,508094.848,3881299.430,-0.161828,0.000000,0.000000,0.5600,0.000,0.017,TRACKING|w0 d0 L0
7.906767,129.088812166667,35.074424166667,508096.913,3881300.078,0.017,-2.675482,route_tangent,0,0.387,2.000,2,508094.848,3881299.430,-0.161828,0.000000,0.000000,0.5600,0.000,0.017,TRACKING|w0 d0 L0
7.957285,129.088812000000,35.074424166667,508096.898,3881300.078,0.007,-2.675482,route_tangent,0,0.379,2.000,2,508094.848,3881299.430,-0.159717,0.000000,0.000000,0.5600,0.000,0.007,TRACKING|w0 d0 L0
8.007205,129.088812000000,35.074424166667,508096.898,3881300.078,0.007,-2.675482,route_tangent,0,0.379,2.000,2,508094.848,3881299.430,-0.159717,0.000000,0.000000,0.5600,0.000,0.007,TRACKING|w0 d0 L0
8.056804,129.088812000000,35.074424166667,508096.898,3881300.078,0.007,-2.675482,route_tangent,0,0.379,2.000,2,508094.848,3881299.430,-0.159717,0.000000,0.000000,0.5600,0.000,0.007,TRACKING|w0 d0 L0
8.106808,129.088812000000,35.074424166667,508096.898,3881300.078,0.007,-2.675482,route_tangent,0,0.379,2.000,2,508094.848,3881299.430,-0.159717,0.000000,0.000000,0.5600,0.000,0.007,TRACKING|w0 d0 L0
8.157694,129.088812000000,35.074424166667,508096.898,3881300.078,0.007,-2.675482,route_tangent,0,0.379,2.000,2,508094.848,3881299.430,-0.159717,0.000000,0.000000,0.5600,0.000,0.007,TRACKING|w0 d0 L0
8.207162,129.088812166667,35.074424166667,508096.913,3881300.078,0.005,-2.675482,route_tangent,0,0.387,2.000,2,508094.848,3881299.430,-0.161828,0.000000,0.000000,0.5600,0.000,0.005,TRACKING|w0 d0 L0
8.257980,129.088812166667,35.074424166667,508096.913,3881300.078,0.005,-2.675482,route_tangent,0,0.387,2.000,2,508094.848,3881299.430,-0.161828,0.000000,0.000000,0.5600,0.000,0.005,TRACKING|w0 d0 L0
8.306766,129.088812166667,35.074424166667,508096.913,3881300.078,0.005,-2.675482,route_tangent,0,0.387,2.000,2,508094.848,3881299.430,-0.161828,0.000000,0.000000,0.5600,0.000,0.005,TRACKING|w0 d0 L0
8.357154,129.088812166667,35.074424166667,508096.913,3881300.078,0.005,-2.675482,route_tangent,0,0.387,2.000,2,508094.848,3881299.430,-0.161828,0.000000,0.000000,0.5600,0.000,0.005,TRACKING|w0 d0 L0
8.406781,129.088812166667,35.074424166667,508096.913,3881300.078,0.005,-2.675482,route_tangent,0,0.387,2.000,2,508094.848,3881299.430,-0.161828,0.000000,0.000000,0.5600,0.000,0.005,TRACKING|w0 d0 L0
8.456713,129.088812166667,35.074424166667,508096.913,3881300.078,0.008,-2.675482,route_tangent,0,0.387,2.000,2,508094.848,3881299.430,-0.161828,0.000000,0.000000,0.5600,0.000,0.008,TRACKING|w0 d0 L0
8.506729,129.088812166667,35.074424166667,508096.913,3881300.078,0.008,-2.675482,route_tangent,0,0.387,2.000,2,508094.848,3881299.430,-0.161828,0.000000,0.000000,0.5600,0.000,0.008,TRACKING|w0 d0 L0
8.556711,129.088812166667,35.074424166667,508096.913,3881300.078,0.008,-2.675482,route_tangent,0,0.387,2.000,2,508094.848,3881299.430,-0.161828,0.000000,0.000000,0.5600,0.000,0.008,TRACKING|w0 d0 L0
8.606954,129.088812166667,35.074424166667,508096.913,3881300.078,0.008,-2.675482,route_tangent,0,0.387,2.000,2,508094.848,3881299.430,-0.161828,0.000000,0.000000,0.5600,0.000,0.008,TRACKING|w0 d0 L0
8.658444,129.088812166667,35.074424166667,508096.913,3881300.078,0.008,-2.675482,route_tangent,0,0.387,2.000,2,508094.848,3881299.430,-0.161828,0.000000,0.000000,0.5600,0.000,0.008,TRACKING|w0 d0 L0
8.706689,129.088812166667,35.074424166667,508096.913,3881300.078,0.008,-2.675482,route_tangent,0,0.387,2.000,2,508094.848,3881299.430,-0.161828,0.000000,0.000000,0.5600,0.000,0.008,TRACKING|w0 d0 L0
8.756804,129.088812166667,35.074424166667,508096.913,3881300.078,0.008,-2.675482,route_tangent,0,0.387,2.000,2,508094.848,3881299.430,-0.161828,0.000000,0.000000,0.5600,0.000,0.008,TRACKING|w0 d0 L0
8.806833,129.088812166667,35.074424166667,508096.913,3881300.078,0.008,-2.675482,route_tangent,0,0.387,2.000,2,508094.848,3881299.430,-0.161828,0.000000,0.000000,0.5600,0.000,0.008,TRACKING|w0 d0 L0
8.856751,129.088812166667,35.074424166667,508096.913,3881300.078,0.008,-2.675482,route_tangent,0,0.387,2.000,2,508094.848,3881299.430,-0.161828,0.000000,0.000000,0.5600,0.000,0.008,TRACKING|w0 d0 L0
8.906743,129.088812166667,35.074424166667,508096.913,3881300.078,0.008,-2.675482,route_tangent,0,0.387,2.000,2,508094.848,3881299.430,-0.161828,0.000000,0.000000,0.5600,0.000,0.008,TRACKING|w0 d0 L0
8.956759,129.088812000000,35.074424166667,508096.898,3881300.078,0.009,-2.675482,route_tangent,0,0.379,2.000,2,508094.848,3881299.430,-0.159717,0.000000,0.000000,0.5600,0.000,0.009,TRACKING|w0 d0 L0
9.006929,129.088812000000,35.074424166667,508096.898,3881300.078,0.009,-2.675482,route_tangent,0,0.379,2.000,2,508094.848,3881299.430,-0.159717,0.000000,0.000000,0.5600,0.000,0.009,TRACKING|w0 d0 L0
9.056821,129.088812000000,35.074424166667,508096.898,3881300.078,0.009,-2.675482,route_tangent,0,0.379,2.000,2,508094.848,3881299.430,-0.159717,0.000000,0.000000,0.5600,0.000,0.009,TRACKING|w0 d0 L0
9.107578,129.088812000000,35.074424166667,508096.898,3881300.078,0.009,-2.675482,route_tangent,0,0.379,2.000,2,508094.848,3881299.430,-0.159717,0.000000,0.000000,0.5600,0.000,0.009,TRACKING|w0 d0 L0
9.156756,129.088812000000,35.074424166667,508096.898,3881300.078,0.009,-2.675482,route_tangent,0,0.379,2.000,2,508094.848,3881299.430,-0.159717,0.000000,0.000000,0.5600,0.000,0.009,TRACKING|w0 d0 L0
9.206863,129.088812166667,35.074424166667,508096.913,3881300.078,0.009,-2.675482,route_tangent,0,0.387,2.000,2,508094.848,3881299.430,-0.161828,0.000000,0.000000,0.5600,0.000,0.009,TRACKING|w0 d0 L0
9.256743,129.088812166667,35.074424166667,508096.913,3881300.078,0.009,-2.675482,route_tangent,0,0.387,2.000,2,508094.848,3881299.430,-0.161828,0.000000,0.000000,0.5600,0.000,0.009,TRACKING|w0 d0 L0
9.306816,129.088812166667,35.074424166667,508096.913,3881300.078,0.009,-2.675482,route_tangent,0,0.387,2.000,2,508094.848,3881299.430,-0.161828,0.000000,0.000000,0.5600,0.000,0.009,TRACKING|w0 d0 L0
9.356742,129.088812166667,35.074424166667,508096.913,3881300.078,0.009,-2.675482,route_tangent,0,0.387,2.000,2,508094.848,3881299.430,-0.161828,0.000000,0.000000,0.5600,0.000,0.009,TRACKING|w0 d0 L0
9.406809,129.088812166667,35.074424166667,508096.913,3881300.078,0.009,-2.675482,route_tangent,0,0.387,2.000,2,508094.848,3881299.430,-0.161828,0.000000,0.000000,0.5600,0.000,0.009,TRACKING|w0 d0 L0
9.459294,129.088812166667,35.074424166667,508096.913,3881300.078,0.009,-2.675482,route_tangent,0,0.387,2.000,2,508094.848,3881299.430,-0.161828,0.000000,0.000000,0.5600,0.000,0.009,TRACKING|w0 d0 L0
9.506788,129.088812166667,35.074424166667,508096.913,3881300.078,0.010,-2.675482,route_tangent,0,0.387,2.000,2,508094.848,3881299.430,-0.161828,0.000000,0.000000,0.5600,0.000,0.010,TRACKING|w0 d0 L0
9.557140,129.088812166667,35.074424166667,508096.913,3881300.078,0.010,-2.675482,route_tangent,0,0.387,2.000,2,508094.848,3881299.430,-0.161828,0.000000,0.000000,0.5600,0.000,0.010,TRACKING|w0 d0 L0
9.606734,129.088812166667,35.074424166667,508096.913,3881300.078,0.010,-2.675482,route_tangent,0,0.387,2.000,2,508094.848,3881299.430,-0.161828,0.000000,0.000000,0.5600,0.000,0.010,TRACKING|w0 d0 L0
9.656685,129.088812166667,35.074424166667,508096.913,3881300.078,0.010,-2.675482,route_tangent,0,0.387,2.000,2,508094.848,3881299.430,-0.161828,0.000000,0.000000,0.5600,0.000,0.010,TRACKING|w0 d0 L0
9.706740,129.088812166667,35.074424166667,508096.913,3881300.078,0.010,-2.675482,route_tangent,0,0.387,2.000,2,508094.848,3881299.430,-0.161828,0.000000,0.000000,0.5600,0.000,0.010,TRACKING|w0 d0 L0
9.756796,129.088812166667,35.074424166667,508096.913,3881300.078,0.010,-2.675482,route_tangent,0,0.387,2.000,2,508094.848,3881299.430,-0.161828,0.000000,0.000000,0.5600,0.000,0.010,TRACKING|w0 d0 L0
9.806743,129.088812166667,35.074424166667,508096.913,3881300.078,0.010,-2.675482,route_tangent,0,0.387,2.000,2,508094.848,3881299.430,-0.161828,0.000000,0.000000,0.5600,0.000,0.010,TRACKING|w0 d0 L0
9.856698,129.088812166667,35.074424166667,508096.913,3881300.078,0.010,-2.675482,route_tangent,0,0.387,2.000,2,508094.848,3881299.430,-0.161828,0.000000,0.000000,0.5600,0.000,0.010,TRACKING|w0 d0 L0
9.908171,129.088812166667,35.074424166667,508096.913,3881300.078,0.010,-2.675482,route_tangent,0,0.387,2.000,2,508094.848,3881299.430,-0.161828,0.000000,0.000000,0.5600,0.000,0.010,TRACKING|w0 d0 L0
9.956751,129.088812000000,35.074424166667,508096.898,3881300.078,0.027,-2.675482,route_tangent,0,0.379,2.000,2,508094.848,3881299.430,-0.159717,0.000000,0.000000,0.5600,0.000,0.027,TRACKING|w0 d0 L0
10.007407,129.088812000000,35.074424166667,508096.898,3881300.078,0.027,-2.675482,route_tangent,0,0.379,2.000,2,508094.848,3881299.430,-0.159717,0.000000,0.000000,0.5600,0.000,0.027,TRACKING|w0 d0 L0
10.056740,129.088812000000,35.074424166667,508096.898,3881300.078,0.027,-2.675482,route_tangent,0,0.379,2.000,2,508094.848,3881299.430,-0.159717,0.000000,0.000000,0.5600,0.000,0.027,TRACKING|w0 d0 L0
10.106747,129.088812000000,35.074424166667,508096.898,3881300.078,0.027,-2.675482,route_tangent,0,0.379,2.000,2,508094.848,3881299.430,-0.159717,0.000000,0.000000,0.5600,0.000,0.027,TRACKING|w0 d0 L0
10.156876,129.088812000000,35.074424166667,508096.898,3881300.078,0.027,-2.675482,route_tangent,0,0.379,2.000,2,508094.848,3881299.430,-0.159717,0.000000,0.000000,0.5600,0.000,0.027,TRACKING|w0 d0 L0
10.207620,129.088812000000,35.074424166667,508096.898,3881300.078,0.017,-2.675482,route_tangent,0,0.379,2.000,2,508094.848,3881299.430,-0.159717,0.000000,0.000000,0.5600,0.000,0.017,TRACKING|w0 d0 L0
10.257062,129.088812000000,35.074424166667,508096.898,3881300.078,0.017,-2.675482,route_tangent,0,0.379,2.000,2,508094.848,3881299.430,-0.159717,0.000000,0.000000,0.5600,0.000,0.017,TRACKING|w0 d0 L0
10.306749,129.088812000000,35.074424166667,508096.898,3881300.078,0.017,-2.675482,route_tangent,0,0.379,2.000,2,508094.848,3881299.430,-0.159717,0.000000,0.000000,0.5600,0.000,0.017,TRACKING|w0 d0 L0
10.356841,129.088812000000,35.074424166667,508096.898,3881300.078,0.017,-2.675482,route_tangent,0,0.379,2.000,2,508094.848,3881299.430,-0.159717,0.000000,0.000000,0.5600,0.000,0.017,TRACKING|w0 d0 L0
10.407106,129.088812000000,35.074424166667,508096.898,3881300.078,0.017,-2.675482,route_tangent,0,0.379,2.000,2,508094.848,3881299.430,-0.159717,0.000000,0.000000,0.5600,0.000,0.017,TRACKING|w0 d0 L0
10.456785,129.088812000000,35.074424166667,508096.898,3881300.078,0.017,-2.675482,route_tangent,0,0.379,2.000,2,508094.848,3881299.430,-0.159717,0.000000,0.000000,0.5600,0.000,0.017,TRACKING|w0 d0 L0
10.506707,129.088812166667,35.074424166667,508096.913,3881300.078,0.017,-2.675482,route_tangent,0,0.387,2.000,2,508094.848,3881299.430,-0.161828,0.000000,0.000000,0.5600,0.000,0.017,TRACKING|w0 d0 L0
10.556931,129.088812166667,35.074424166667,508096.913,3881300.078,0.017,-2.675482,route_tangent,0,0.387,2.000,2,508094.848,3881299.430,-0.161828,0.000000,0.000000,0.5600,0.000,0.017,TRACKING|w0 d0 L0
10.606812,129.088812166667,35.074424166667,508096.913,3881300.078,0.017,-2.675482,route_tangent,0,0.387,2.000,2,508094.848,3881299.430,-0.161828,0.000000,0.000000,0.5600,0.000,0.017,TRACKING|w0 d0 L0
10.656868,129.088812166667,35.074424166667,508096.913,3881300.078,0.017,-2.675482,route_tangent,0,0.387,2.000,2,508094.848,3881299.430,-0.161828,0.000000,0.000000,0.5600,0.000,0.017,TRACKING|w0 d0 L0
10.706777,129.088812166667,35.074424166667,508096.913,3881300.078,0.009,-2.675482,route_tangent,0,0.387,2.000,2,508094.848,3881299.430,-0.161828,0.000000,0.000000,0.5600,0.000,0.009,TRACKING|w0 d0 L0
10.756681,129.088812166667,35.074424166667,508096.913,3881300.078,0.009,-2.675482,route_tangent,0,0.387,2.000,2,508094.848,3881299.430,-0.161828,0.000000,0.000000,0.5600,0.000,0.009,TRACKING|w0 d0 L0
10.806786,129.088812166667,35.074424166667,508096.913,3881300.078,0.009,-2.675482,route_tangent,0,0.387,2.000,2,508094.848,3881299.430,-0.161828,0.000000,0.000000,0.5600,0.000,0.009,TRACKING|w0 d0 L0
10.856810,129.088812166667,35.074424166667,508096.913,3881300.078,0.009,-2.675482,route_tangent,0,0.387,2.000,2,508094.848,3881299.430,-0.161828,0.000000,0.000000,0.5600,0.000,0.009,TRACKING|w0 d0 L0
10.906762,129.088812166667,35.074424166667,508096.913,3881300.078,0.009,-2.675482,route_tangent,0,0.387,2.000,2,508094.848,3881299.430,-0.161828,0.000000,0.000000,0.5600,0.000,0.009,TRACKING|w0 d0 L0
10.956777,129.088812000000,35.074424166667,508096.898,3881300.078,0.014,-2.675482,route_tangent,0,0.379,2.000,2,508094.848,3881299.430,-0.159717,0.000000,0.000000,0.5600,0.000,0.014,TRACKING|w0 d0 L0
11.006773,129.088812000000,35.074424166667,508096.898,3881300.078,0.014,-2.675482,route_tangent,0,0.379,2.000,2,508094.848,3881299.430,-0.159717,0.000000,0.000000,0.5600,0.000,0.014,TRACKING|w0 d0 L0
11.057336,129.088812000000,35.074424166667,508096.898,3881300.078,0.014,-2.675482,route_tangent,0,0.379,2.000,2,508094.848,3881299.430,-0.159717,0.000000,0.000000,0.5600,0.000,0.014,TRACKING|w0 d0 L0
11.106788,129.088812000000,35.074424166667,508096.898,3881300.078,0.014,-2.675482,route_tangent,0,0.379,2.000,2,508094.848,3881299.430,-0.159717,0.000000,0.000000,0.5600,0.000,0.014,TRACKING|w0 d0 L0
11.156727,129.088812000000,35.074424166667,508096.898,3881300.078,0.014,-2.675482,route_tangent,0,0.379,2.000,2,508094.848,3881299.430,-0.159717,0.000000,0.000000,0.5600,0.000,0.014,TRACKING|w0 d0 L0
11.206746,129.088812166667,35.074424166667,508096.913,3881300.078,0.008,-2.675482,route_tangent,0,0.387,2.000,2,508094.848,3881299.430,-0.161828,0.000000,0.000000,0.5600,0.000,0.008,TRACKING|w0 d0 L0
11.256751,129.088812166667,35.074424166667,508096.913,3881300.078,0.008,-2.675482,route_tangent,0,0.387,2.000,2,508094.848,3881299.430,-0.161828,0.000000,0.000000,0.5600,0.000,0.008,TRACKING|w0 d0 L0
11.306842,129.088812166667,35.074424166667,508096.913,3881300.078,0.008,-2.675482,route_tangent,0,0.387,2.000,2,508094.848,3881299.430,-0.161828,0.000000,0.000000,0.5600,0.000,0.008,TRACKING|w0 d0 L0
11.357066,129.088812166667,35.074424166667,508096.913,3881300.078,0.008,-2.675482,route_tangent,0,0.387,2.000,2,508094.848,3881299.430,-0.161828,0.000000,0.000000,0.5600,0.000,0.008,TRACKING|w0 d0 L0
11.406767,129.088812166667,35.074424166667,508096.913,3881300.078,0.008,-2.675482,route_tangent,0,0.387,2.000,2,508094.848,3881299.430,-0.161828,0.000000,0.000000,0.5600,0.000,0.008,TRACKING|w0 d0 L0
11.456733,129.088812166667,35.074424166667,508096.913,3881300.078,0.009,-2.675482,route_tangent,0,0.387,2.000,2,508094.848,3881299.430,-0.161828,0.000000,0.000000,0.5600,0.000,0.009,TRACKING|w0 d0 L0
11.506753,129.088812166667,35.074424166667,508096.913,3881300.078,0.009,-2.675482,route_tangent,0,0.387,2.000,2,508094.848,3881299.430,-0.161828,0.000000,0.000000,0.5600,0.000,0.009,TRACKING|w0 d0 L0
11.556765,129.088812166667,35.074424166667,508096.913,3881300.078,0.009,-2.675482,route_tangent,0,0.387,2.000,2,508094.848,3881299.430,-0.161828,0.000000,0.000000,0.5600,0.000,0.009,TRACKING|w0 d0 L0
11.606805,129.088812166667,35.074424166667,508096.913,3881300.078,0.009,-2.675482,route_tangent,0,0.387,2.000,2,508094.848,3881299.430,-0.161828,0.000000,0.000000,0.5600,0.019,-0.010,TRACKING|w0 d0 L0
11.656721,129.088812166667,35.074424166667,508096.913,3881300.078,0.009,-2.675482,route_tangent,0,0.387,2.000,2,508094.848,3881299.430,-0.161828,0.000000,0.000000,0.5600,0.019,-0.010,TRACKING|w0 d0 L0
11.706725,129.088812166667,35.074424166667,508096.913,3881300.078,0.009,-2.675482,route_tangent,0,0.387,2.000,2,508094.848,3881299.430,-0.161828,0.000000,0.000000,0.5600,0.019,-0.010,TRACKING|w0 d0 L0
11.757123,129.088812166667,35.074424166667,508096.913,3881300.078,0.009,-2.675482,route_tangent,0,0.387,2.000,2,508094.848,3881299.430,-0.161828,0.000000,0.000000,0.5600,0.019,-0.010,TRACKING|w0 d0 L0
11.806838,129.088812166667,35.074424166667,508096.913,3881300.078,0.009,-2.675482,route_tangent,0,0.387,2.000,2,508094.848,3881299.430,-0.161828,0.000000,0.000000,0.5600,0.019,-0.010,TRACKING|w0 d0 L0
11.858409,129.088812166667,35.074424166667,508096.913,3881300.078,0.009,-2.675482,route_tangent,0,0.387,2.000,2,508094.848,3881299.430,-0.161828,0.000000,0.000000,0.5600,0.019,-0.010,TRACKING|w0 d0 L0
11.906787,129.088812166667,35.074424166667,508096.913,3881300.078,0.009,-2.675482,route_tangent,0,0.387,2.000,2,508094.848,3881299.430,-0.161828,0.000000,0.000000,0.5600,0.019,-0.010,TRACKING|w0 d0 L0
11.957794,129.088812000000,35.074424166667,508096.898,3881300.078,0.001,-2.675482,route_tangent,0,0.379,2.000,2,508094.848,3881299.430,-0.159717,0.000000,0.000000,0.5600,0.019,-0.019,TRACKING|w0 d0 L0
12.006745,129.088812000000,35.074424166667,508096.898,3881300.078,0.001,-2.675482,route_tangent,0,0.379,2.000,2,508094.848,3881299.430,-0.159717,0.000000,0.000000,0.5600,0.019,-0.019,TRACKING|w0 d0 L0
12.056777,129.088812000000,35.074424166667,508096.898,3881300.078,0.001,-2.675482,route_tangent,0,0.379,2.000,2,508094.848,3881299.430,-0.159717,0.000000,0.000000,0.5600,0.019,-0.019,TRACKING|w0 d0 L0
12.106768,129.088812000000,35.074424166667,508096.898,3881300.078,0.001,-2.675482,route_tangent,0,0.379,2.000,2,508094.848,3881299.430,-0.159717,0.000000,0.000000,0.5600,0.019,-0.019,TRACKING|w0 d0 L0
12.158780,129.088812000000,35.074424166667,508096.898,3881300.078,0.001,-2.675482,route_tangent,0,0.379,2.000,2,508094.848,3881299.430,-0.159717,0.000000,0.000000,0.5600,0.019,-0.019,TRACKING|w0 d0 L0
12.206854,129.088812000000,35.074424166667,508096.898,3881300.078,0.049,-2.675482,route_tangent,0,0.379,2.000,2,508094.848,3881299.430,-0.159717,0.000000,0.000000,0.5600,0.039,0.010,TRACKING|w0 d0 L0
12.256801,129.088812000000,35.074424166667,508096.898,3881300.078,0.049,-2.675482,route_tangent,0,0.379,2.000,2,508094.848,3881299.430,-0.159717,0.000000,0.000000,0.5600,0.039,0.010,TRACKING|w0 d0 L0
12.306834,129.088812000000,35.074424166667,508096.898,3881300.078,0.049,-2.675482,route_tangent,0,0.379,2.000,2,508094.848,3881299.430,-0.159717,0.000000,0.000000,0.5600,0.039,0.010,TRACKING|w0 d0 L0
12.357025,129.088812000000,35.074424166667,508096.898,3881300.078,0.049,-2.675482,route_tangent,0,0.379,2.000,2,508094.848,3881299.430,-0.159717,0.000000,0.000000,0.5600,0.039,0.010,TRACKING|w0 d0 L0
12.408346,129.088812000000,35.074424166667,508096.898,3881300.078,0.049,-2.675482,route_tangent,0,0.379,2.000,2,508094.848,3881299.430,-0.159717,0.000000,0.000000,0.5600,0.056,-0.006,TRACKING|w0 d0 L0
12.456757,129.088811833333,35.074424000000,508096.883,3881300.060,0.049,-2.675482,route_tangent,0,0.389,2.000,2,508094.848,3881299.430,-0.165845,0.000000,0.000000,0.5600,0.056,-0.006,TRACKING|w0 d0 L0
12.506748,129.088811833333,35.074424000000,508096.883,3881300.060,0.049,-2.675482,route_tangent,0,0.389,2.000,2,508094.848,3881299.430,-0.165845,0.000000,0.000000,0.5600,0.056,-0.006,TRACKING|w0 d0 L0
12.556749,129.088811833333,35.074424000000,508096.883,3881300.060,0.049,-2.675482,route_tangent,0,0.389,2.000,2,508094.848,3881299.430,-0.165845,0.000000,0.000000,0.5600,0.056,-0.006,TRACKING|w0 d0 L0
12.607054,129.088811833333,35.074424000000,508096.883,3881300.060,0.049,-2.675482,route_tangent,0,0.389,2.000,2,508094.848,3881299.430,-0.165845,0.000000,0.000000,0.5600,0.094,-0.045,TRACKING|w0 d0 L0
12.656762,129.088811833333,35.074424000000,508096.883,3881300.060,0.049,-2.675482,route_tangent,0,0.389,2.000,2,508094.848,3881299.430,-0.165845,0.000000,0.000000,0.5600,0.094,-0.045,TRACKING|w0 d0 L0
12.707038,129.088811500000,35.074423833333,508096.853,3881300.041,0.121,1.570796,gps_course,0,0.394,2.000,2,508094.848,3881299.430,1.866913,-0.260000,-0.030165,0.5600,0.094,0.027,TRACKING|w0 d0 L0
12.756883,129.088811500000,35.074423833333,508096.853,3881300.041,0.121,1.570796,gps_course,0,0.394,2.000,2,508094.848,3881299.430,1.866913,-0.260000,-0.060072,0.5600,0.094,0.027,TRACKING|w0 d0 L0
12.806750,129.088811500000,35.074423833333,508096.853,3881300.041,0.121,1.570796,gps_course,0,0.394,2.000,2,508094.848,3881299.430,1.866913,-0.260000,-0.089993,0.5600,0.114,0.008,TRACKING|w0 d0 L0
12.856679,129.088811500000,35.074423833333,508096.853,3881300.041,0.121,1.570796,gps_course,0,0.394,2.000,2,508094.848,3881299.430,1.866913,-0.260000,-0.119950,0.5600,0.114,0.008,TRACKING|w0 d0 L0
12.906909,129.088811500000,35.074423833333,508096.853,3881300.041,0.121,1.570796,gps_course,0,0.394,2.000,2,508094.848,3881299.430,1.866913,-0.260000,-0.150088,0.5600,0.114,0.008,TRACKING|w0 d0 L0
12.958495,129.088811166667,35.074423666667,508096.822,3881300.023,0.185,1.820058,gps_course,0,0.402,2.000,2,508094.848,3881299.430,1.613364,-0.260000,-0.181040,0.5600,0.114,0.071,TRACKING|w0 d0 L0
13.006735,129.088811166667,35.074423666667,508096.822,3881300.023,0.185,1.820058,gps_course,0,0.402,2.000,2,508094.848,3881299.430,1.613364,-0.260000,-0.209984,0.5600,0.169,0.016,TRACKING|w0 d0 L0
13.056811,129.088811166667,35.074423666667,508096.822,3881300.023,0.185,1.820058,gps_course,0,0.402,2.000,2,508094.848,3881299.430,1.613364,-0.260000,-0.229990,0.5600,0.169,0.016,TRACKING|w0 d0 L0
13.107254,129.088811166667,35.074423666667,508096.822,3881300.023,0.185,1.820058,gps_course,0,0.402,2.000,2,508094.848,3881299.430,1.613364,-0.260000,-0.241994,0.5600,0.169,0.016,TRACKING|w0 d0 L0
13.156762,129.088811166667,35.074423666667,508096.822,3881300.023,0.185,1.820058,gps_course,0,0.402,2.000,2,508094.848,3881299.430,1.613364,-0.260000,-0.249196,0.5600,0.169,0.016,TRACKING|w0 d0 L0
13.206760,129.088810500000,35.074423500000,508096.762,3881300.004,0.234,2.070647,gps_course,0,0.409,2.000,3,508093.952,3881298.948,1.430404,-0.260000,-0.253518,0.5600,0.189,0.045,TRACKING|w0 d0 L0
13.256718,129.088810500000,35.074423500000,508096.762,3881300.004,0.234,2.070647,gps_course,0,0.409,2.000,3,508093.952,3881298.948,1.430404,-0.260000,-0.256111,0.5600,0.189,0.045,TRACKING|w0 d0 L0
13.306747,129.088810500000,35.074423500000,508096.762,3881300.004,0.234,2.070647,gps_course,0,0.409,2.000,3,508093.952,3881298.948,1.430404,-0.260000,-0.257666,0.5600,0.189,0.045,TRACKING|w0 d0 L0
13.356932,129.088810500000,35.074423500000,508096.762,3881300.004,0.234,2.070647,gps_course,0,0.409,2.000,3,508093.952,3881298.948,1.430404,-0.260000,-0.258600,0.5600,0.189,0.045,TRACKING|w0 d0 L0
13.407600,129.088810500000,35.074423500000,508096.762,3881300.004,0.234,2.070647,gps_course,0,0.409,2.000,3,508093.952,3881298.948,1.430404,-0.260000,-0.259160,0.5600,0.228,0.006,TRACKING|w0 d0 L0
13.456870,129.088810500000,35.074423500000,508096.762,3881300.004,0.234,2.070647,gps_course,0,0.409,2.000,3,508093.952,3881298.948,1.430404,-0.260000,-0.259496,0.5600,0.228,0.006,TRACKING|w0 d0 L0
13.506786,129.088810000000,35.074423166667,508096.716,3881299.967,0.225,2.342251,gps_course,0,0.444,2.000,3,508093.952,3881298.948,1.152481,-0.260000,-0.259698,0.5600,0.228,-0.003,TRACKING|w0 d0 L0
13.556873,129.088810000000,35.074423166667,508096.716,3881299.967,0.225,2.342251,gps_course,0,0.444,2.000,3,508093.952,3881298.948,1.152481,-0.260000,-0.259819,0.5600,0.228,-0.003,TRACKING|w0 d0 L0
13.606852,129.088810000000,35.074423166667,508096.716,3881299.967,0.225,2.342251,gps_course,0,0.444,2.000,3,508093.952,3881298.948,1.152481,-0.260000,-0.259891,0.5600,0.228,-0.003,TRACKING|w0 d0 L0
13.656724,129.088810000000,35.074423166667,508096.716,3881299.967,0.225,2.342251,gps_course,0,0.444,2.000,3,508093.952,3881298.948,1.152481,-0.260000,-0.259935,0.5600,0.228,-0.003,TRACKING|w0 d0 L0
13.706762,129.088809166667,35.074422833333,508096.640,3881299.930,0.279,2.575827,gps_course,0,0.487,2.000,3,508093.952,3881298.948,0.915941,-0.260000,-0.259961,0.5600,0.228,0.051,TRACKING|w0 d0 L0
13.758518,129.088809166667,35.074422833333,508096.640,3881299.930,0.279,2.575827,gps_course,0,0.487,2.000,3,508093.952,3881298.948,0.915941,-0.260000,-0.259976,0.5600,0.228,0.051,TRACKING|w0 d0 L0
13.807128,129.088809166667,35.074422833333,508096.640,3881299.930,0.279,2.575827,gps_course,0,0.487,2.000,3,508093.952,3881298.948,0.915941,-0.260000,-0.259986,0.5600,0.283,-0.004,TRACKING|w0 d0 L0
13.856823,129.088809166667,35.074422833333,508096.640,3881299.930,0.279,2.575827,gps_course,0,0.487,2.000,3,508093.952,3881298.948,0.915941,-0.260000,-0.259992,0.5600,0.283,-0.004,TRACKING|w0 d0 L0
13.906757,129.088809166667,35.074422833333,508096.640,3881299.930,0.279,2.575827,gps_course,0,0.487,2.000,3,508093.952,3881298.948,0.915941,-0.260000,-0.259995,0.5600,0.283,-0.004,TRACKING|w0 d0 L0
13.957472,129.088808500000,35.074422500000,508096.579,3881299.893,0.304,2.822966,gps_course,0,0.535,2.000,3,508093.952,3881298.948,0.663813,-0.260000,-0.259997,0.5600,0.283,0.021,TRACKING|w0 d0 L0
14.006769,129.088808500000,35.074422500000,508096.579,3881299.893,0.304,2.822966,gps_course,0,0.535,2.000,3,508093.952,3881298.948,0.663813,-0.260000,-0.259998,0.5600,0.303,0.001,TRACKING|w0 d0 L0
14.056718,129.088808500000,35.074422500000,508096.579,3881299.893,0.304,2.822966,gps_course,0,0.535,2.000,3,508093.952,3881298.948,0.663813,-0.260000,-0.259999,0.5600,0.303,0.001,TRACKING|w0 d0 L0
14.108158,129.088808500000,35.074422500000,508096.579,3881299.893,0.304,2.822966,gps_course,0,0.535,2.000,3,508093.952,3881298.948,0.663813,-0.260000,-0.259999,0.5600,0.303,0.001,TRACKING|w0 d0 L0
14.156913,129.088808500000,35.074422500000,508096.579,3881299.893,0.304,2.822966,gps_course,0,0.535,2.000,3,508093.952,3881298.948,0.663813,-0.260000,-0.260000,0.5600,0.303,0.001,TRACKING|w0 d0 L0
14.206734,129.088807666667,35.074422166667,508096.503,3881299.856,0.323,3.082833,gps_course,0,0.594,2.000,3,508093.952,3881298.948,0.400566,-0.205790,-0.238316,0.5600,0.322,0.000,TRACKING|w0 d0 L0
14.258151,129.088807666667,35.074422166667,508096.503,3881299.856,0.323,3.082833,gps_course,0,0.594,2.000,3,508093.952,3881298.948,0.400566,-0.205790,-0.225305,0.5600,0.322,0.000,TRACKING|w0 d0 L0
14.306859,129.088807666667,35.074422166667,508096.503,3881299.856,0.323,3.082833,gps_course,0,0.594,2.000,3,508093.952,3881298.948,0.400566,-0.205790,-0.217499,0.5600,0.322,0.000,TRACKING|w0 d0 L0
14.356778,129.088807666667,35.074422166667,508096.503,3881299.856,0.323,3.082833,gps_course,0,0.594,2.000,3,508093.952,3881298.948,0.400566,-0.205790,-0.212815,0.5600,0.322,0.000,TRACKING|w0 d0 L0
14.407007,129.088807666667,35.074422166667,508096.503,3881299.856,0.323,3.082833,gps_course,0,0.594,2.000,3,508093.952,3881298.948,0.400566,-0.205790,-0.210005,0.5600,0.339,-0.016,TRACKING|w0 d0 L0
14.456652,129.088807000000,35.074421666667,508096.443,3881299.801,0.346,-2.949218,gps_course,0,0.668,2.000,3,508093.952,3881298.948,0.137303,-0.075233,-0.180218,0.5600,0.339,0.007,TRACKING|w0 d0 L0
14.506743,129.088807000000,35.074421666667,508096.443,3881299.801,0.346,-2.949218,gps_course,0,0.668,2.000,3,508093.952,3881298.948,0.137303,-0.075233,-0.150164,0.5600,0.339,0.007,TRACKING|w0 d0 L0
14.556787,129.088807000000,35.074421666667,508096.443,3881299.801,0.346,-2.949218,gps_course,0,0.668,2.000,3,508093.952,3881298.948,0.137303,-0.075233,-0.120192,0.5600,0.339,0.007,TRACKING|w0 d0 L0
14.606730,129.088807000000,35.074421666667,508096.443,3881299.801,0.346,-2.949218,gps_course,0,0.668,2.000,3,508093.952,3881298.948,0.137303,-0.075233,-0.102208,0.5600,0.378,-0.032,TRACKING|w0 d0 L0
14.656734,129.088807000000,35.074421666667,508096.443,3881299.801,0.346,-2.949218,gps_course,0,0.668,2.000,3,508093.952,3881298.948,0.137303,-0.075233,-0.091418,0.5600,0.378,-0.032,TRACKING|w0 d0 L0
14.706828,129.088806166667,35.074421166667,508096.367,3881299.745,0.386,-2.721900,gps_course,1,0.635,2.000,3,508093.952,3881298.948,-0.101003,0.057422,-0.061362,0.5600,0.378,0.008,TRACKING|w0 d0 L1
14.756740,129.088806166667,35.074421166667,508096.367,3881299.745,0.386,-2.721900,gps_course,1,0.635,2.000,3,508093.952,3881298.948,-0.101003,0.057422,-0.031415,0.5600,0.378,0.008,TRACKING|w0 d0 L1
14.806753,129.088806166667,35.074421166667,508096.367,3881299.745,0.386,-2.721900,gps_course,1,0.635,2.000,3,508093.952,3881298.948,-0.101003,0.057422,-0.001406,0.5600,0.414,-0.028,TRACKING|w0 d0 L1
14.856719,129.088806166667,35.074421166667,508096.367,3881299.745,0.386,-2.721900,gps_course,1,0.635,2.000,3,508093.952,3881298.948,-0.101003,0.057422,0.022125,0.5600,0.414,-0.028,TRACKING|w0 d0 L1
14.906869,129.088806166667,35.074421166667,508096.367,3881299.745,0.386,-2.721900,gps_course,1,0.635,2.000,3,508093.952,3881298.948,-0.101003,0.057422,0.036244,0.5600,0.414,-0.028,TRACKING|w0 d0 L1
14.956743,129.088805166667,35.074420666667,508096.276,3881299.690,0.414,-2.460392,gps_course,1,0.570,2.000,3,508093.952,3881298.948,-0.372425,0.212998,0.066169,0.5600,0.414,-0.000,TRACKING|w0 d0 L1
15.006920,129.088805166667,35.074420666667,508096.276,3881299.690,0.414,-2.460392,gps_course,1,0.570,2.000,3,508093.952,3881298.948,-0.372425,0.212998,0.096275,0.5600,0.433,-0.019,TRACKING|w0 d0 L1
15.057101,129.088805166667,35.074420666667,508096.276,3881299.690,0.414,-2.460392,gps_course,1,0.570,2.000,3,508093.952,3881298.948,-0.372425,0.212998,0.126384,0.5600,0.433,-0.019,TRACKING|w0 d0 L1
15.107053,129.088805166667,35.074420666667,508096.276,3881299.690,0.414,-2.460392,gps_course,1,0.570,2.000,3,508093.952,3881298.948,-0.372425,0.212998,0.156355,0.5600,0.433,-0.019,TRACKING|w0 d0 L1
15.156768,129.088805166667,35.074420666667,508096.276,3881299.690,0.414,-2.460392,gps_course,1,0.570,2.000,3,508093.952,3881298.948,-0.372425,0.212998,0.179012,0.5600,0.433,-0.019,TRACKING|w0 d0 L1
15.207006,129.088804333333,35.074419833333,508096.200,3881299.597,0.458,-2.361430,gps_course,1,0.552,2.000,3,508093.952,3881298.948,-0.499187,0.260000,0.209155,0.5600,0.433,0.025,TRACKING|w0 d0 L1
15.256859,129.088804333333,35.074419833333,508096.200,3881299.597,0.458,-2.361430,gps_course,1,0.552,2.000,3,508093.952,3881298.948,-0.499187,0.260000,0.229493,0.5600,0.433,0.025,TRACKING|w0 d0 L1
15.306795,129.088804333333,35.074419833333,508096.200,3881299.597,0.458,-2.361430,gps_course,1,0.552,2.000,3,508093.952,3881298.948,-0.499187,0.260000,0.241696,0.5600,0.433,0.025,TRACKING|w0 d0 L1
15.358475,129.088804333333,35.074419833333,508096.200,3881299.597,0.458,-2.361430,gps_course,1,0.552,2.000,3,508093.952,3881298.948,-0.499187,0.260000,0.249017,0.5600,0.433,0.025,TRACKING|w0 d0 L1
15.407086,129.088804333333,35.074419833333,508096.200,3881299.597,0.458,-2.361430,gps_course,1,0.552,2.000,3,508093.952,3881298.948,-0.499187,0.260000,0.253410,0.5600,0.453,0.006,TRACKING|w0 d0 L1
15.457945,129.088803333333,35.074419000000,508096.109,3881299.505,0.535,-2.393719,gps_course,1,0.550,2.000,3,508093.952,3881298.948,-0.495456,0.260000,0.256046,0.5600,0.453,0.082,TRACKING|w0 d0 L1
15.508055,129.088803333333,35.074419000000,508096.109,3881299.505,0.535,-2.393719,gps_course,1,0.550,2.000,3,508093.952,3881298.948,-0.495456,0.260000,0.257628,0.5600,0.453,0.082,TRACKING|w0 d0 L1
15.556746,129.088803333333,35.074419000000,508096.109,3881299.505,0.535,-2.393719,gps_course,1,0.550,2.000,3,508093.952,3881298.948,-0.495456,0.260000,0.258577,0.5600,0.453,0.082,TRACKING|w0 d0 L1
15.606907,129.088803333333,35.074419000000,508096.109,3881299.505,0.535,-2.393719,gps_course,1,0.550,2.000,3,508093.952,3881298.948,-0.495456,0.260000,0.259146,0.5600,0.453,0.082,TRACKING|w0 d0 L1
15.656722,129.088803333333,35.074419000000,508096.109,3881299.505,0.535,-2.393719,gps_course,1,0.550,2.000,3,508093.952,3881298.948,-0.495456,0.260000,0.259488,0.5600,0.453,0.082,TRACKING|w0 d0 L1
15.706859,129.088802166667,35.074418166667,508096.002,3881299.412,0.566,-2.311340,gps_course,1,0.572,2.000,3,508093.952,3881298.948,-0.607818,0.260000,0.259693,0.5600,0.453,0.113,TRACKING|w0 d0 L1
15.756724,129.088802166667,35.074418166667,508096.002,3881299.412,0.566,-2.311340,gps_course,1,0.572,2.000,3,508093.952,3881298.948,-0.607818,0.260000,0.259816,0.5600,0.453,0.113,TRACKING|w0 d0 L1
15.806838,129.088802166667,35.074418166667,508096.002,3881299.412,0.566,-2.311340,gps_course,1,0.572,2.000,3,508093.952,3881298.948,-0.607818,0.260000,0.259889,0.5600,0.528,0.038,TRACKING|w0 d0 L1
15.859388,129.088802166667,35.074418166667,508096.002,3881299.412,0.566,-2.311340,gps_course,1,0.572,2.000,3,508093.952,3881298.948,-0.607818,0.260000,0.259934,0.5600,0.528,0.038,TRACKING|w0 d0 L1
15.906708,129.088802166667,35.074418166667,508096.002,3881299.412,0.566,-2.311340,gps_course,1,0.572,2.000,3,508093.952,3881298.948,-0.607818,0.260000,0.259960,0.5600,0.528,0.038,TRACKING|w0 d0 L1
15.956747,129.088801166667,35.074417166667,508095.911,3881299.301,0.570,-2.376091,gps_course,1,0.647,2.000,4,508092.964,3881298.411,-0.472277,0.211082,0.240409,0.5600,0.528,0.042,TRACKING|w0 d0 L1
16.006759,129.088801166667,35.074417166667,508095.911,3881299.301,0.570,-2.376091,gps_course,1,0.647,2.000,4,508092.964,3881298.411,-0.472277,0.211082,0.228678,0.5600,0.586,-0.016,TRACKING|w0 d0 L1
16.056727,129.088801166667,35.074417166667,508095.911,3881299.301,0.570,-2.376091,gps_course,1,0.647,2.000,4,508092.964,3881298.411,-0.472277,0.211082,0.221640,0.5600,0.586,-0.016,TRACKING|w0 d0 L1
16.106764,129.088801166667,35.074417166667,508095.911,3881299.301,0.570,-2.376091,gps_course,1,0.647,2.000,4,508092.964,3881298.411,-0.472277,0.211082,0.217417,0.5600,0.586,-0.016,TRACKING|w0 d0 L1
16.156739,129.088801166667,35.074417166667,508095.911,3881299.301,0.570,-2.376091,gps_course,1,0.647,2.000,4,508092.964,3881298.411,-0.472277,0.211082,0.214883,0.5600,0.586,-0.016,TRACKING|w0 d0 L1
16.207362,129.088800000000,35.074416500000,508095.805,3881299.227,0.503,-2.527237,gps_course,1,0.704,2.000,4,508092.964,3881298.411,-0.334714,0.159789,0.192845,0.5600,0.567,-0.064,TRACKING|w0 d0 L1
16.257390,129.088800000000,35.074416500000,508095.805,3881299.227,0.503,-2.527237,gps_course,1,0.704,2.000,4,508092.964,3881298.411,-0.334714,0.159789,0.179623,0.5600,0.567,-0.064,TRACKING|w0 d0 L1
16.306808,129.088800000000,35.074416500000,508095.805,3881299.227,0.503,-2.527237,gps_course,1,0.704,2.000,4,508092.964,3881298.411,-0.334714,0.159789,0.171689,0.5600,0.567,-0.064,TRACKING|w0 d0 L1
16.356739,129.088800000000,35.074416500000,508095.805,3881299.227,0.503,-2.527237,gps_course,1,0.704,2.000,4,508092.964,3881298.411,-0.334714,0.159789,0.166929,0.5600,0.567,-0.064,TRACKING|w0 d0 L1
16.407139,129.088800000000,35.074416500000,508095.805,3881299.227,0.503,-2.527237,gps_course,1,0.704,2.000,4,508092.964,3881298.411,-0.334714,0.159789,0.164073,0.5600,0.547,-0.044,TRACKING|w0 d0 L1
16.456739,129.088799000000,35.074415833333,508095.714,3881299.153,0.488,-2.366841,gps_course,1,0.778,2.000,4,508092.964,3881298.411,-0.511260,0.244143,0.193834,0.5600,0.547,-0.059,TRACKING|w0 d0 L1
16.506743,129.088799000000,35.074415833333,508095.714,3881299.153,0.488,-2.366841,gps_course,1,0.778,2.000,4,508092.964,3881298.411,-0.511260,0.244143,0.213957,0.5600,0.547,-0.059,TRACKING|w0 d0 L1
16.556744,129.088799000000,35.074415833333,508095.714,3881299.153,0.488,-2.366841,gps_course,1,0.778,2.000,4,508092.964,3881298.411,-0.511260,0.244143,0.226031,0.5600,0.547,-0.059,TRACKING|w0 d0 L1
16.606830,129.088799000000,35.074415833333,508095.714,3881299.153,0.488,-2.366841,gps_course,1,0.778,2.000,4,508092.964,3881298.411,-0.511260,0.244143,0.233276,0.5600,0.508,-0.020,TRACKING|w0 d0 L1
16.656844,129.088799000000,35.074415833333,508095.714,3881299.153,0.488,-2.366841,gps_course,1,0.778,2.000,4,508092.964,3881298.411,-0.511260,0.244143,0.237623,0.5600,0.508,-0.020,TRACKING|w0 d0 L1
16.706736,129.088797833333,35.074415166667,508095.608,3881299.079,0.504,-2.553591,gps_course,2,0.837,2.000,4,508092.964,3881298.411,-0.340571,0.175815,0.212900,0.5600,0.508,-0.005,TRACKING|w0 d0 L2
16.757085,129.088797833333,35.074415166667,508095.608,3881299.079,0.504,-2.553591,gps_course,2,0.837,2.000,4,508092.964,3881298.411,-0.340571,0.175815,0.198066,0.5600,0.508,-0.005,TRACKING|w0 d0 L2
16.807080,129.088797833333,35.074415166667,508095.608,3881299.079,0.504,-2.553591,gps_course,2,0.837,2.000,4,508092.964,3881298.411,-0.340571,0.175815,0.189166,0.5600,0.528,-0.024,TRACKING|w0 d0 L2
16.856705,129.088797833333,35.074415166667,508095.608,3881299.079,0.504,-2.553591,gps_course,2,0.837,2.000,4,508092.964,3881298.411,-0.340571,0.175815,0.183825,0.5600,0.528,-0.024,TRACKING|w0 d0 L2
16.907120,129.088797833333,35.074415166667,508095.608,3881299.079,0.504,-2.553591,gps_course,2,0.837,2.000,4,508092.964,3881298.411,-0.340571,0.175815,0.180621,0.5600,0.528,-0.024,TRACKING|w0 d0 L2
16.956800,129.088796500000,35.074414500000,508095.486,3881299.005,0.528,-2.619216,gps_course,2,0.767,2.000,4,508092.964,3881298.411,-0.291170,0.159307,0.172096,0.5600,0.528,0.001,TRACKING|w0 d0 L2
17.006787,129.088796500000,35.074414500000,508095.486,3881299.005,0.528,-2.619216,gps_course,2,0.767,2.000,4,508092.964,3881298.411,-0.291170,0.159307,0.166980,0.5600,0.528,0.001,TRACKING|w0 d0 L2
17.056680,129.088796500000,35.074414500000,508095.486,3881299.005,0.528,-2.619216,gps_course,2,0.767,2.000,4,508092.964,3881298.411,-0.291170,0.159307,0.163911,0.5600,0.528,0.001,TRACKING|w0 d0 L2
17.108925,129.088796500000,35.074414500000,508095.486,3881299.005,0.528,-2.619216,gps_course,2,0.767,2.000,4,508092.964,3881298.411,-0.291170,0.159307,0.162069,0.5600,0.528,0.001,TRACKING|w0 d0 L2
17.156725,129.088796500000,35.074414500000,508095.486,3881299.005,0.528,-2.619216,gps_course,2,0.767,2.000,4,508092.964,3881298.411,-0.291170,0.159307,0.160964,0.5600,0.528,0.001,TRACKING|w0 d0 L2
17.206802,129.088795166667,35.074414000000,508095.365,3881298.950,0.543,-2.674019,gps_course,2,0.706,2.000,4,508092.964,3881298.411,-0.247032,0.143151,0.153839,0.5600,0.547,-0.004,TRACKING|w0 d0 L2
17.256777,129.088795166667,35.074414000000,508095.365,3881298.950,0.543,-2.674019,gps_course,2,0.706,2.000,4,508092.964,3881298.411,-0.247032,0.143151,0.149564,0.5600,0.547,-0.004,TRACKING|w0 d0 L2
17.306736,129.088795166667,35.074414000000,508095.365,3881298.950,0.543,-2.674019,gps_course,2,0.706,2.000,4,508092.964,3881298.411,-0.247032,0.143151,0.146999,0.5600,0.547,-0.004,TRACKING|w0 d0 L2
17.357137,129.088795166667,35.074414000000,508095.365,3881298.950,0.543,-2.674019,gps_course,2,0.706,2.000,4,508092.964,3881298.411,-0.247032,0.143151,0.145460,0.5600,0.547,-0.004,TRACKING|w0 d0 L2
17.407325,129.088795166667,35.074414000000,508095.365,3881298.950,0.543,-2.674019,gps_course,2,0.706,2.000,4,508092.964,3881298.411,-0.247032,0.143151,0.144536,0.5600,0.528,0.015,TRACKING|w0 d0 L2
17.456717,129.088794000000,35.074413500000,508095.258,3881298.894,0.519,-2.660405,gps_course,2,0.675,2.000,4,508092.964,3881298.411,-0.273845,0.165741,0.153018,0.5600,0.528,-0.008,TRACKING|w0 d0 L2
17.506879,129.088794000000,35.074413500000,508095.258,3881298.894,0.519,-2.660405,gps_course,2,0.675,2.000,4,508092.964,3881298.411,-0.273845,0.165741,0.158107,0.5600,0.528,-0.008,TRACKING|w0 d0 L2
17.556786,129.088794000000,35.074413500000,508095.258,3881298.894,0.519,-2.660405,gps_course,2,0.675,2.000,4,508092.964,3881298.411,-0.273845,0.165741,0.161160,0.5600,0.528,-0.008,TRACKING|w0 d0 L2
17.606726,129.088794000000,35.074413500000,508095.258,3881298.894,0.519,-2.660405,gps_course,2,0.675,2.000,4,508092.964,3881298.411,-0.273845,0.165741,0.162992,0.5600,0.508,0.011,TRACKING|w0 d0 L2
17.656696,129.088794000000,35.074413500000,508095.258,3881298.894,0.519,-2.660405,gps_course,2,0.675,2.000,4,508092.964,3881298.411,-0.273845,0.165741,0.164092,0.5600,0.508,0.011,TRACKING|w0 d0 L2
17.706721,129.088792500000,35.074413000000,508095.122,3881298.839,0.543,-2.801952,gps_course,2,0.652,2.000,4,508092.964,3881298.411,-0.144230,0.094485,0.136249,0.5600,0.508,0.035,TRACKING|w0 d0 L2
17.756740,129.088792500000,35.074413000000,508095.122,3881298.839,0.543,-2.801952,gps_course,2,0.652,2.000,4,508092.964,3881298.411,-0.144230,0.094485,0.119543,0.5600,0.508,0.035,TRACKING|w0 d0 L2
17.806709,129.088792500000,35.074413000000,508095.122,3881298.839,0.543,-2.801952,gps_course,2,0.652,2.000,4,508092.964,3881298.411,-0.144230,0.094485,0.109520,0.5600,0.528,0.015,TRACKING|w0 d0 L2
17.856731,129.088792500000,35.074413000000,508095.122,3881298.839,0.543,-2.801952,gps_course,2,0.652,2.000,4,508092.964,3881298.411,-0.144230,0.094485,0.103506,0.5600,0.528,0.015,TRACKING|w0 d0 L2
17.906819,129.088792500000,35.074413000000,508095.122,3881298.839,0.543,-2.801952,gps_course,2,0.652,2.000,4,508092.964,3881298.411,-0.144230,0.094485,0.099898,0.5600,0.528,0.015,TRACKING|w0 d0 L2
17.956780,129.088791000000,35.074412666667,508094.985,3881298.801,0.568,-2.871939,gps_course,2,0.643,2.000,4,508092.964,3881298.411,-0.079021,0.055564,0.082164,0.5600,0.528,0.041,TRACKING|w0 d0 L2
18.006851,129.088791000000,35.074412666667,508094.985,3881298.801,0.568,-2.871939,gps_course,2,0.643,2.000,4,508092.964,3881298.411,-0.079021,0.055564,0.071524,0.5600,0.567,0.002,TRACKING|w0 d0 L2
18.056887,129.088791000000,35.074412666667,508094.985,3881298.801,0.568,-2.871939,gps_course,2,0.643,2.000,4,508092.964,3881298.411,-0.079021,0.055564,0.065140,0.5600,0.567,0.002,TRACKING|w0 d0 L2
18.106754,129.088791000000,35.074412666667,508094.985,3881298.801,0.568,-2.871939,gps_course,2,0.643,2.000,4,508092.964,3881298.411,-0.079021,0.055564,0.061310,0.5600,0.567,0.002,TRACKING|w0 d0 L2
18.156722,129.088791000000,35.074412666667,508094.985,3881298.801,0.568,-2.871939,gps_course,2,0.643,2.000,4,508092.964,3881298.411,-0.079021,0.055564,0.059011,0.5600,0.567,0.002,TRACKING|w0 d0 L2
18.206835,129.088789500000,35.074412166667,508094.848,3881298.746,0.547,-2.803348,gps_course,2,0.684,2.000,5,508091.992,3881297.838,-0.030321,0.014668,0.041274,0.5600,0.586,-0.039,TRACKING|w0 d0 L2
18.257295,129.088789500000,35.074412166667,508094.848,3881298.746,0.547,-2.803348,gps_course,2,0.684,2.000,5,508091.992,3881297.838,-0.030321,0.014668,0.030632,0.5600,0.586,-0.039,TRACKING|w0 d0 L2
18.306738,129.088789500000,35.074412166667,508094.848,3881298.746,0.547,-2.803348,gps_course,2,0.684,2.000,5,508091.992,3881297.838,-0.030321,0.014668,0.024246,0.5600,0.586,-0.039,TRACKING|w0 d0 L2
18.356885,129.088789500000,35.074412166667,508094.848,3881298.746,0.547,-2.803348,gps_course,2,0.684,2.000,5,508091.992,3881297.838,-0.030321,0.014668,0.020415,0.5600,0.586,-0.039,TRACKING|w0 d0 L2
18.406705,129.088789500000,35.074412166667,508094.848,3881298.746,0.547,-2.803348,gps_course,2,0.684,2.000,5,508091.992,3881297.838,-0.030321,0.014668,0.018116,0.5600,0.547,0.000,TRACKING|w0 d0 L2
18.456596,129.088788166667,35.074412000000,508094.727,3881298.727,0.544,-2.900563,gps_course,2,0.713,2.000,5,508091.992,3881297.838,0.073544,-0.037037,-0.003945,0.5600,0.547,-0.004,TRACKING|w0 d0 L2
18.506910,129.088788166667,35.074412000000,508094.727,3881298.727,0.544,-2.900563,gps_course,2,0.713,2.000,5,508091.992,3881297.838,0.073544,-0.037037,-0.017182,0.5600,0.547,-0.004,TRACKING|w0 d0 L2
18.557303,129.088788166667,35.074412000000,508094.727,3881298.727,0.544,-2.900563,gps_course,2,0.713,2.000,5,508091.992,3881297.838,0.073544,-0.037037,-0.025124,0.5600,0.547,-0.004,TRACKING|w0 d0 L2
18.606770,129.088788166667,35.074412000000,508094.727,3881298.727,0.544,-2.900563,gps_course,2,0.713,2.000,5,508091.992,3881297.838,0.073544,-0.037037,-0.029889,0.5600,0.547,-0.004,TRACKING|w0 d0 L2
18.656792,129.088788166667,35.074412000000,508094.727,3881298.727,0.544,-2.900563,gps_course,2,0.713,2.000,5,508091.992,3881297.838,0.073544,-0.037037,-0.032748,0.5600,0.547,-0.004,TRACKING|w0 d0 L2
18.708700,129.088786666667,35.074411666667,508094.590,3881298.690,0.572,-2.917667,gps_course,3,0.689,2.000,5,508091.992,3881297.838,0.093221,-0.049331,-0.039381,0.5600,0.547,0.025,TRACKING|w0 d0 L3
18.756750,129.088786666667,35.074411666667,508094.590,3881298.690,0.572,-2.917667,gps_course,3,0.689,2.000,5,508091.992,3881297.838,0.093221,-0.049331,-0.043361,0.5600,0.547,0.025,TRACKING|w0 d0 L3
18.806775,129.088786666667,35.074411666667,508094.590,3881298.690,0.572,-2.917667,gps_course,3,0.689,2.000,5,508091.992,3881297.838,0.093221,-0.049331,-0.045749,0.5600,0.528,0.045,TRACKING|w0 d0 L3
18.856742,129.088786666667,35.074411666667,508094.590,3881298.690,0.572,-2.917667,gps_course,3,0.689,2.000,5,508091.992,3881297.838,0.093221,-0.049331,-0.047182,0.5600,0.528,0.045,TRACKING|w0 d0 L3
18.906780,129.088786666667,35.074411666667,508094.590,3881298.690,0.572,-2.917667,gps_course,3,0.689,2.000,5,508091.992,3881297.838,0.093221,-0.049331,-0.048042,0.5600,0.528,0.045,TRACKING|w0 d0 L3
18.956727,129.088785000000,35.074411333333,508094.438,3881298.653,0.583,-2.956064,gps_course,3,0.569,2.000,5,508091.992,3881297.838,0.136322,-0.076289,-0.059341,0.5600,0.528,0.056,TRACKING|w0 d0 L3
19.006910,129.088785000000,35.074411333333,508094.438,3881298.653,0.583,-2.956064,gps_course,3,0.569,2.000,5,508091.992,3881297.838,0.136322,-0.076289,-0.066120,0.5600,0.547,0.036,TRACKING|w0 d0 L3
19.056786,129.088785000000,35.074411333333,508094.438,3881298.653,0.583,-2.956064,gps_course,3,0.569,2.000,5,508091.992,3881297.838,0.136322,-0.076289,-0.070188,0.5600,0.547,0.036,TRACKING|w0 d0 L3
19.106744,129.088785000000,35.074411333333,508094.438,3881298.653,0.583,-2.956064,gps_course,3,0.569,2.000,5,508091.992,3881297.838,0.136322,-0.076289,-0.072628,0.5600,0.547,0.036,TRACKING|w0 d0 L3
19.156774,129.088785000000,35.074411333333,508094.438,3881298.653,0.583,-2.956064,gps_course,3,0.569,2.000,5,508091.992,3881297.838,0.136322,-0.076289,-0.074093,0.5600,0.547,0.036,TRACKING|w0 d0 L3
19.206847,129.088783500000,35.074411166667,508094.301,3881298.634,0.593,-2.975437,gps_course,3,0.470,2.000,5,508091.992,3881297.838,0.166178,-0.097884,-0.083609,0.5600,0.586,0.007,TRACKING|w0 d0 L3
19.256720,129.088783500000,35.074411166667,508094.301,3881298.634,0.593,-2.975437,gps_course,3,0.470,2.000,5,508091.992,3881297.838,0.166178,-0.097884,-0.089319,0.5600,0.586,0.007,TRACKING|w0 d0 L3
19.306763,129.088783500000,35.074411166667,508094.301,3881298.634,0.593,-2.975437,gps_course,3,0.470,2.000,5,508091.992,3881297.838,0.166178,-0.097884,-0.092745,0.5600,0.586,0.007,TRACKING|w0 d0 L3
19.357890,129.088783500000,35.074411166667,508094.301,3881298.634,0.593,-2.975437,gps_course,3,0.470,2.000,5,508091.992,3881297.838,0.166178,-0.097884,-0.094801,0.5600,0.586,0.007,TRACKING|w0 d0 L3
19.406954,129.088783500000,35.074411166667,508094.301,3881298.634,0.593,-2.975437,gps_course,3,0.470,2.000,5,508091.992,3881297.838,0.166178,-0.097884,-0.096034,0.5600,0.586,0.007,TRACKING|w0 d0 L3
19.457070,129.088783500000,35.074411166667,508094.301,3881298.634,0.593,-2.975437,gps_course,3,0.470,2.000,5,508091.992,3881297.838,0.166178,-0.097884,-0.096774,0.5600,0.586,0.007,TRACKING|w0 d0 L3
19.506763,129.088781833333,35.074410833333,508094.149,3881298.597,0.597,-2.920809,gps_course,3,0.403,2.000,5,508091.992,3881297.838,0.117886,-0.074436,-0.087839,0.5600,0.586,0.011,TRACKING|w0 d0 L3
19.556701,129.088781833333,35.074410833333,508094.149,3881298.597,0.597,-2.920809,gps_course,3,0.403,2.000,5,508091.992,3881297.838,0.117886,-0.074436,-0.082477,0.5600,0.586,0.011,TRACKING|w0 d0 L3
19.606777,129.088781833333,35.074410833333,508094.149,3881298.597,0.597,-2.920809,gps_course,3,0.403,2.000,5,508091.992,3881297.838,0.117886,-0.074436,-0.079261,0.5600,0.567,0.031,TRACKING|w0 d0 L3
19.656772,129.088781833333,35.074410833333,508094.149,3881298.597,0.597,-2.920809,gps_course,3,0.403,2.000,5,508091.992,3881297.838,0.117886,-0.074436,-0.077331,0.5600,0.567,0.031,TRACKING|w0 d0 L3
19.706877,129.088780166667,35.074410666667,508093.997,3881298.579,0.595,-2.929361,gps_course,3,0.372,2.000,5,508091.992,3881297.838,0.141837,-0.095597,-0.084637,0.5600,0.567,0.028,TRACKING|w0 d0 L3
19.756742,129.088780166667,35.074410666667,508093.997,3881298.579,0.595,-2.929361,gps_course,3,0.372,2.000,5,508091.992,3881297.838,0.141837,-0.095597,-0.089021,0.5600,0.567,0.028,TRACKING|w0 d0 L3
19.808209,129.088780166667,35.074410666667,508093.997,3881298.579,0.595,-2.929361,gps_course,3,0.372,2.000,5,508091.992,3881297.838,0.141837,-0.095597,-0.091651,0.5600,0.586,0.009,TRACKING|w0 d0 L3
19.859415,129.088780166667,35.074410666667,508093.997,3881298.579,0.595,-2.929361,gps_course,3,0.372,2.000,5,508091.992,3881297.838,0.141837,-0.095597,-0.093229,0.5600,0.586,0.009,TRACKING|w0 d0 L3
19.906754,129.088780166667,35.074410666667,508093.997,3881298.579,0.595,-2.929361,gps_course,3,0.372,2.000,5,508091.992,3881297.838,0.141837,-0.095597,-0.094176,0.5600,0.586,0.009,TRACKING|w0 d0 L3
19.956867,129.088778833333,35.074410333333,508093.876,3881298.542,0.547,-2.897072,gps_course,3,0.414,2.000,5,508091.992,3881297.838,0.113209,-0.081282,-0.089019,0.5600,0.586,-0.039,TRACKING|w0 d0 L3
20.006860,129.088778833333,35.074410333333,508093.876,3881298.542,0.547,-2.897072,gps_course,3,0.414,2.000,5,508091.992,3881297.838,0.113209,-0.081282,-0.085924,0.5600,0.567,-0.019,TRACKING|w0 d0 L3
20.056784,129.088778833333,35.074410333333,508093.876,3881298.542,0.547,-2.897072,gps_course,3,0.414,2.000,5,508091.992,3881297.838,0.113209,-0.081282,-0.084067,0.5600,0.567,-0.019,TRACKING|w0 d0 L3
20.106939,129.088778833333,35.074410333333,508093.876,3881298.542,0.547,-2.897072,gps_course,3,0.414,2.000,5,508091.992,3881297.838,0.113209,-0.081282,-0.082953,0.5600,0.567,-0.019,TRACKING|w0 d0 L3
20.156728,129.088778833333,35.074410333333,508093.876,3881298.542,0.547,-2.897072,gps_course,3,0.414,2.000,5,508091.992,3881297.838,0.113209,-0.081282,-0.082285,0.5600,0.567,-0.019,TRACKING|w0 d0 L3
20.206733,129.088777166667,35.074410000000,508093.724,3881298.505,0.570,-2.883982,gps_course,3,0.499,2.000,6,508091.051,3881297.375,0.142272,-0.070723,-0.077660,0.5600,0.567,0.003,TRACKING|w0 d0 L3
20.256950,129.088777166667,35.074410000000,508093.724,3881298.505,0.570,-2.883982,gps_course,3,0.499,2.000,6,508091.051,3881297.375,0.142272,-0.070723,-0.074885,0.5600,0.567,0.003,TRACKING|w0 d0 L3
20.307087,129.088777166667,35.074410000000,508093.724,3881298.505,0.570,-2.883982,gps_course,3,0.499,2.000,6,508091.051,3881297.375,0.142272,-0.070723,-0.073220,0.5600,0.567,0.003,TRACKING|w0 d0 L3
20.356720,129.088777166667,35.074410000000,508093.724,3881298.505,0.570,-2.883982,gps_course,3,0.499,2.000,6,508091.051,3881297.375,0.142272,-0.070723,-0.072221,0.5600,0.567,0.003,TRACKING|w0 d0 L3
20.407115,129.088777166667,35.074410000000,508093.724,3881298.505,0.570,-2.883982,gps_course,3,0.499,2.000,6,508091.051,3881297.375,0.142272,-0.070723,-0.071622,0.5600,0.547,0.023,TRACKING|w0 d0 L3
20.456705,129.088777166667,35.074410000000,508093.724,3881298.505,0.570,-2.883982,gps_course,3,0.499,2.000,6,508091.051,3881297.375,0.142272,-0.070723,-0.071262,0.5600,0.547,0.023,TRACKING|w0 d0 L3
20.506762,129.088775666667,35.074409666667,508093.587,3881298.467,0.580,-2.900912,gps_course,3,0.603,2.000,6,508091.051,3881297.375,0.166104,-0.086586,-0.077392,0.5600,0.547,0.033,TRACKING|w0 d0 L3
20.556811,129.088775666667,35.074409666667,508093.587,3881298.467,0.580,-2.900912,gps_course,3,0.603,2.000,6,508091.051,3881297.375,0.166104,-0.086586,-0.081069,0.5600,0.547,0.033,TRACKING|w0 d0 L3
20.606812,129.088775666667,35.074409666667,508093.587,3881298.467,0.580,-2.900912,gps_course,3,0.603,2.000,6,508091.051,3881297.375,0.166104,-0.086586,-0.083276,0.5600,0.586,-0.006,TRACKING|w0 d0 L3
20.657305,129.088775666667,35.074409666667,508093.587,3881298.467,0.580,-2.900912,gps_course,3,0.603,2.000,6,508091.051,3881297.375,0.166104,-0.086586,-0.084600,0.5600,0.586,-0.006,TRACKING|w0 d0 L3
20.706861,129.088774166667,35.074409333333,508093.451,3881298.430,0.592,-2.864260,gps_course,4,0.487,2.000,6,508091.051,3881297.375,0.137093,-0.075440,-0.080936,0.5600,0.586,0.006,TRACKING|w0 d0 L4
20.756780,129.088774166667,35.074409333333,508093.451,3881298.430,0.592,-2.864260,gps_course,4,0.487,2.000,6,508091.051,3881297.375,0.137093,-0.075440,-0.078738,0.5600,0.586,0.006,TRACKING|w0 d0 L4
20.806760,129.088774166667,35.074409333333,508093.451,3881298.430,0.592,-2.864260,gps_course,4,0.487,2.000,6,508091.051,3881297.375,0.137093,-0.075440,-0.077419,0.5600,0.586,0.006,TRACKING|w0 d0 L4
20.857228,129.088774166667,35.074409333333,508093.451,3881298.430,0.592,-2.864260,gps_course,4,0.487,2.000,6,508091.051,3881297.375,0.137093,-0.075440,-0.076627,0.5600,0.586,0.006,TRACKING|w0 d0 L4
20.906722,129.088774166667,35.074409333333,508093.451,3881298.430,0.592,-2.864260,gps_course,4,0.487,2.000,6,508091.051,3881297.375,0.137093,-0.075440,-0.076152,0.5600,0.586,0.006,TRACKING|w0 d0 L4
20.956863,129.088772666667,35.074409000000,508093.314,3881298.393,0.562,-2.919761,gps_course,4,0.350,2.000,6,508091.051,3881297.375,0.201099,-0.116177,-0.092162,0.5600,0.586,-0.024,TRACKING|w0 d0 L4
21.006715,129.088772666667,35.074409000000,508093.314,3881298.393,0.562,-2.919761,gps_course,4,0.350,2.000,6,508091.051,3881297.375,0.201099,-0.116177,-0.101768,0.5600,0.567,-0.005,TRACKING|w0 d0 L4
21.056778,129.088772666667,35.074409000000,508093.314,3881298.393,0.562,-2.919761,gps_course,4,0.350,2.000,6,508091.051,3881297.375,0.201099,-0.116177,-0.107532,0.5600,0.567,-0.005,TRACKING|w0 d0 L4
21.108804,129.088772666667,35.074409000000,508093.314,3881298.393,0.562,-2.919761,gps_course,4,0.350,2.000,6,508091.051,3881297.375,0.201099,-0.116177,-0.110990,0.5600,0.567,-0.005,TRACKING|w0 d0 L4
21.156711,129.088772666667,35.074409000000,508093.314,3881298.393,0.562,-2.919761,gps_course,4,0.350,2.000,6,508091.051,3881297.375,0.201099,-0.116177,-0.113065,0.5600,0.567,-0.005,TRACKING|w0 d0 L4
21.206811,129.088771166667,35.074408666667,508093.177,3881298.356,0.591,-2.836509,gps_course,4,0.220,2.000,6,508091.051,3881297.375,0.127366,-0.078482,-0.099231,0.5600,0.567,0.024,TRACKING|w0 d0 L4
21.256727,129.088771166667,35.074408666667,508093.177,3881298.356,0.591,-2.836509,gps_course,4,0.220,2.000,6,508091.051,3881297.375,0.127366,-0.078482,-0.090931,0.5600,0.567,0.024,TRACKING|w0 d0 L4
21.306808,129.088771166667,35.074408666667,508093.177,3881298.356,0.591,-2.836509,gps_course,4,0.220,2.000,6,508091.051,3881297.375,0.127366,-0.078482,-0.085951,0.5600,0.567,0.024,TRACKING|w0 d0 L4
21.356740,129.088771166667,35.074408666667,508093.177,3881298.356,0.591,-2.836509,gps_course,4,0.220,2.000,6,508091.051,3881297.375,0.127366,-0.078482,-0.082964,0.5600,0.567,0.024,TRACKING|w0 d0 L4
21.408557,129.088771166667,35.074408666667,508093.177,3881298.356,0.591,-2.836509,gps_course,4,0.220,2.000,6,508091.051,3881297.375,0.127366,-0.078482,-0.081171,0.5600,0.567,0.024,TRACKING|w0 d0 L4
21.456871,129.088771166667,35.074408666667,508093.177,3881298.356,0.591,-2.836509,gps_course,4,0.220,2.000,6,508091.051,3881297.375,0.127366,-0.078482,-0.080095,0.5600,0.567,0.024,TRACKING|w0 d0 L4
21.506728,129.088769666667,35.074408333333,508093.040,3881298.319,0.573,-2.870368,gps_course,4,0.120,2.000,6,508091.051,3881297.375,0.171953,-0.112176,-0.092928,0.5600,0.567,0.007,TRACKING|w0 d0 L4
21.557800,129.088769666667,35.074408333333,508093.040,3881298.319,0.573,-2.870368,gps_course,4,0.120,2.000,6,508091.051,3881297.375,0.171953,-0.112176,-0.100627,0.5600,0.567,0.007,TRACKING|w0 d0 L4
21.606803,129.088769666667,35.074408333333,508093.040,3881298.319,0.573,-2.870368,gps_course,4,0.120,2.000,6,508091.051,3881297.375,0.171953,-0.112176,-0.105247,0.5600,0.567,0.007,TRACKING|w0 d0 L4
21.656764,129.088769666667,35.074408333333,508093.040,3881298.319,0.573,-2.870368,gps_course,4,0.120,2.000,6,508091.051,3881297.375,0.171953,-0.112176,-0.108019,0.5600,0.567,0.007,TRACKING|w0 d0 L4
21.706751,129.088768166667,35.074407833333,508092.904,3881298.264,0.588,-2.843839,gps_course,4,0.160,2.000,6,508091.051,3881297.375,0.149520,-0.104716,-0.106698,0.5600,0.567,0.021,TRACKING|w0 d0 L4
21.758236,129.088768166667,35.074407833333,508092.904,3881298.264,0.588,-2.843839,gps_course,4,0.160,2.000,6,508091.051,3881297.375,0.149520,-0.104716,-0.105905,0.5600,0.567,0.021,TRACKING|w0 d0 L4
21.806953,129.088768166667,35.074407833333,508092.904,3881298.264,0.588,-2.843839,gps_course,4,0.160,2.000,6,508091.051,3881297.375,0.149520,-0.104716,-0.105430,0.5600,0.567,0.021,TRACKING|w0 d0 L4
21.857225,129.088768166667,35.074407833333,508092.904,3881298.264,0.588,-2.843839,gps_course,4,0.160,2.000,6,508091.051,3881297.375,0.149520,-0.104716,-0.105144,0.5600,0.567,0.021,TRACKING|w0 d0 L4
21.906981,129.088768166667,35.074407833333,508092.904,3881298.264,0.588,-2.843839,gps_course,4,0.160,2.000,6,508091.051,3881297.375,0.149520,-0.104716,-0.104973,0.5600,0.567,0.021,TRACKING|w0 d0 L4
21.956730,129.088766666667,35.074407333333,508092.767,3881298.208,0.582,-2.696010,gps_course,4,0.283,2.000,7,508090.002,3881297.244,-0.110199,0.054414,-0.075124,0.5600,0.567,0.015,TRACKING|w0 d0 L4
22.006765,129.088766666667,35.074407333333,508092.767,3881298.208,0.582,-2.696010,gps_course,4,0.283,2.000,7,508090.002,3881297.244,-0.110199,0.054414,-0.045103,0.5600,0.586,-0.004,TRACKING|w0 d0 L4
22.056726,129.088766666667,35.074407333333,508092.767,3881298.208,0.582,-2.696010,gps_course,4,0.283,2.000,7,508090.002,3881297.244,-0.110199,0.054414,-0.015127,0.5600,0.586,-0.004,TRACKING|w0 d0 L4
22.106772,129.088766666667,35.074407333333,508092.767,3881298.208,0.582,-2.696010,gps_course,4,0.283,2.000,7,508090.002,3881297.244,-0.110199,0.054414,0.012690,0.5600,0.586,-0.004,TRACKING|w0 d0 L4
22.156707,129.088766666667,35.074407333333,508092.767,3881298.208,0.582,-2.696010,gps_course,4,0.283,2.000,7,508090.002,3881297.244,-0.110199,0.054414,0.029379,0.5600,0.586,-0.004,TRACKING|w0 d0 L4
22.207669,129.088765166667,35.074406833333,508092.630,3881298.152,0.591,-2.753082,gps_course,4,0.423,2.000,7,508090.002,3881297.244,-0.055817,0.029087,0.029262,0.5600,0.567,0.025,TRACKING|w0 d0 L4
22.256871,129.088765166667,35.074406833333,508092.630,3881298.152,0.591,-2.753082,gps_course,4,0.423,2.000,7,508090.002,3881297.244,-0.055817,0.029087,0.029192,0.5600,0.567,0.025,TRACKING|w0 d0 L4
22.306882,129.088765166667,35.074406833333,508092.630,3881298.152,0.591,-2.753082,gps_course,4,0.423,2.000,7,508090.002,3881297.244,-0.055817,0.029087,0.029150,0.5600,0.567,0.025,TRACKING|w0 d0 L4
22.356821,129.088765166667,35.074406833333,508092.630,3881298.152,0.591,-2.753082,gps_course,4,0.423,2.000,7,508090.002,3881297.244,-0.055817,0.029087,0.029125,0.5600,0.567,0.025,TRACKING|w0 d0 L4
22.406934,129.088765166667,35.074406833333,508092.630,3881298.152,0.591,-2.753082,gps_course,4,0.423,2.000,7,508090.002,3881297.244,-0.055817,0.029087,0.029109,0.5600,0.586,0.005,TRACKING|w0 d0 L4
22.456710,129.088763666667,35.074406333333,508092.494,3881298.097,0.581,-2.718176,gps_course,5,0.564,2.000,7,508090.002,3881297.244,-0.093716,0.051489,0.038061,0.5600,0.586,-0.005,TRACKING|w0 d0 L5
22.506761,129.088763666667,35.074406333333,508092.494,3881298.097,0.581,-2.718176,gps_course,5,0.564,2.000,7,508090.002,3881297.244,-0.093716,0.051489,0.043432,0.5600,0.586,-0.005,TRACKING|w0 d0 L5
22.558032,129.088763666667,35.074406333333,508092.494,3881298.097,0.581,-2.718176,gps_course,5,0.564,2.000,7,508090.002,3881297.244,-0.093716,0.051489,0.046655,0.5600,0.586,-0.005,TRACKING|w0 d0 L5
22.607004,129.088763666667,35.074406333333,508092.494,3881298.097,0.581,-2.718176,gps_course,5,0.564,2.000,7,508090.002,3881297.244,-0.093716,0.051489,0.048588,0.5600,0.586,-0.005,TRACKING|w0 d0 L5
22.656958,129.088763666667,35.074406333333,508092.494,3881298.097,0.581,-2.718176,gps_course,5,0.564,2.000,7,508090.002,3881297.244,-0.093716,0.051489,0.049749,0.5600,0.586,-0.005,TRACKING|w0 d0 L5
22.709373,129.088762333333,35.074405833333,508092.372,3881298.041,0.555,-2.691472,gps_course,5,0.431,2.000,7,508090.002,3881297.244,-0.125709,0.072590,0.058885,0.5600,0.586,-0.031,TRACKING|w0 d0 L5
22.756734,129.088762333333,35.074405833333,508092.372,3881298.041,0.555,-2.691472,gps_course,5,0.431,2.000,7,508090.002,3881297.244,-0.125709,0.072590,0.064367,0.5600,0.586,-0.031,TRACKING|w0 d0 L5
22.806822,129.088762333333,35.074405833333,508092.372,3881298.041,0.555,-2.691472,gps_course,5,0.431,2.000,7,508090.002,3881297.244,-0.125709,0.072590,0.067656,0.5600,0.567,-0.011,TRACKING|w0 d0 L5
22.856731,129.088762333333,35.074405833333,508092.372,3881298.041,0.555,-2.691472,gps_course,5,0.431,2.000,7,508090.002,3881297.244,-0.125709,0.072590,0.069630,0.5600,0.567,-0.011,TRACKING|w0 d0 L5
22.906774,129.088762333333,35.074405833333,508092.372,3881298.041,0.555,-2.691472,gps_course,5,0.431,2.000,7,508090.002,3881297.244,-0.125709,0.072590,0.070814,0.5600,0.567,-0.011,TRACKING|w0 d0 L5
22.957089,129.088760833333,35.074405166667,508092.235,3881297.967,0.594,-2.746974,gps_course,5,0.275,2.000,7,508090.002,3881297.244,-0.081550,0.050283,0.062601,0.5600,0.567,0.028,TRACKING|w0 d0 L5
23.006762,129.088760833333,35.074405166667,508092.235,3881297.967,0.594,-2.746974,gps_course,5,0.275,2.000,7,508090.002,3881297.244,-0.081550,0.050283,0.057674,0.5600,0.547,0.047,TRACKING|w0 d0 L5
23.056828,129.088760833333,35.074405166667,508092.235,3881297.967,0.594,-2.746974,gps_course,5,0.275,2.000,7,508090.002,3881297.244,-0.081550,0.050283,0.054718,0.5600,0.547,0.047,TRACKING|w0 d0 L5
23.106751,129.088760833333,35.074405166667,508092.235,3881297.967,0.594,-2.746974,gps_course,5,0.275,2.000,7,508090.002,3881297.244,-0.081550,0.050283,0.052944,0.5600,0.547,0.047,TRACKING|w0 d0 L5
23.157247,129.088760833333,35.074405166667,508092.235,3881297.967,0.594,-2.746974,gps_course,5,0.275,2.000,7,508090.002,3881297.244,-0.081550,0.050283,0.051880,0.5600,0.547,0.047,TRACKING|w0 d0 L5
23.206801,129.088759333333,35.074404666667,508092.099,3881297.912,0.561,-2.769314,gps_course,5,0.130,2.000,7,508090.002,3881297.244,-0.064104,0.042199,0.048007,0.5600,0.547,0.014,TRACKING|w0 d0 L5
23.256726,129.088759333333,35.074404666667,508092.099,3881297.912,0.561,-2.769314,gps_course,5,0.130,2.000,7,508090.002,3881297.244,-0.064104,0.042199,0.045684,0.5600,0.547,0.014,TRACKING|w0 d0 L5
23.306743,129.088759333333,35.074404666667,508092.099,3881297.912,0.561,-2.769314,gps_course,5,0.130,2.000,7,508090.002,3881297.244,-0.064104,0.042199,0.044290,0.5600,0.547,0.014,TRACKING|w0 d0 L5
23.356811,129.088759333333,35.074404666667,508092.099,3881297.912,0.561,-2.769314,gps_course,5,0.130,2.000,7,508090.002,3881297.244,-0.064104,0.042199,0.043453,0.5600,0.547,0.014,TRACKING|w0 d0 L5
23.406725,129.088759333333,35.074404666667,508092.099,3881297.912,0.561,-2.769314,gps_course,5,0.130,2.000,7,508090.002,3881297.244,-0.064104,0.042199,0.042951,0.5600,0.586,-0.025,TRACKING|w0 d0 L5
23.456593,129.088757833333,35.074404166667,508091.962,3881297.856,0.567,-2.720445,gps_course,5,0.036,2.000,7,508090.002,3881297.244,-0.118570,0.083362,0.059115,0.5600,0.586,-0.019,TRACKING|w0 d0 L5
23.506775,129.088757833333,35.074404166667,508091.962,3881297.856,0.567,-2.720445,gps_course,5,0.036,2.000,7,508090.002,3881297.244,-0.118570,0.083362,0.068814,0.5600,0.586,-0.019,TRACKING|w0 d0 L5
23.556728,129.088757833333,35.074404166667,508091.962,3881297.856,0.567,-2.720445,gps_course,5,0.036,2.000,7,508090.002,3881297.244,-0.118570,0.083362,0.074633,0.5600,0.586,-0.019,TRACKING|w0 d0 L5
23.606906,129.088757833333,35.074404166667,508091.962,3881297.856,0.567,-2.720445,gps_course,5,0.036,2.000,7,508090.002,3881297.244,-0.118570,0.083362,0.078124,0.5600,0.586,-0.019,TRACKING|w0 d0 L5
23.656688,129.088757833333,35.074404166667,508091.962,3881297.856,0.567,-2.720445,gps_course,5,0.036,2.000,7,508090.002,3881297.244,-0.118570,0.083362,0.080219,0.5600,0.586,-0.019,TRACKING|w0 d0 L5
23.706856,129.088756333333,35.074403833333,508091.825,3881297.819,0.591,-2.819579,gps_course,5,0.168,2.000,8,508088.923,3881297.428,-0.188174,0.092374,0.085081,0.5600,0.586,0.005,TRACKING|w0 d0 L5
23.756853,129.088756333333,35.074403833333,508091.825,3881297.819,0.591,-2.819579,gps_course,5,0.168,2.000,8,508088.923,3881297.428,-0.188174,0.092374,0.087998,0.5600,0.586,0.005,TRACKING|w0 d0 L5
23.807945,129.088756333333,35.074403833333,508091.825,3881297.819,0.591,-2.819579,gps_course,5,0.168,2.000,8,508088.923,3881297.428,-0.188174,0.092374,0.089749,0.5600,0.567,0.024,TRACKING|w0 d0 L5
23.856849,129.088756333333,35.074403833333,508091.825,3881297.819,0.591,-2.819579,gps_course,5,0.168,2.000,8,508088.923,3881297.428,-0.188174,0.092374,0.090799,0.5600,0.567,0.024,TRACKING|w0 d0 L5
23.906803,129.088756333333,35.074403833333,508091.825,3881297.819,0.591,-2.819579,gps_course,5,0.168,2.000,8,508088.923,3881297.428,-0.188174,0.092374,0.091429,0.5600,0.567,0.024,TRACKING|w0 d0 L5
23.956800,129.088755000000,35.074403333333,508091.704,3881297.763,0.576,-2.748195,gps_course,5,0.298,2.000,8,508088.923,3881297.428,-0.273430,0.138916,0.110424,0.5600,0.567,0.009,TRACKING|w0 d0 L5
24.006738,129.088755000000,35.074403333333,508091.704,3881297.763,0.576,-2.748195,gps_course,5,0.298,2.000,8,508088.923,3881297.428,-0.273430,0.138916,0.121821,0.5600,0.567,0.009,TRACKING|w0 d0 L5
24.056774,129.088755000000,35.074403333333,508091.704,3881297.763,0.576,-2.748195,gps_course,5,0.298,2.000,8,508088.923,3881297.428,-0.273430,0.138916,0.128659,0.5600,0.567,0.009,TRACKING|w0 d0 L5
24.106750,129.088755000000,35.074403333333,508091.704,3881297.763,0.576,-2.748195,gps_course,5,0.298,2.000,8,508088.923,3881297.428,-0.273430,0.138916,0.132762,0.5600,0.567,0.009,TRACKING|w0 d0 L5
24.156798,129.088755000000,35.074403333333,508091.704,3881297.763,0.576,-2.748195,gps_course,5,0.298,2.000,8,508088.923,3881297.428,-0.273430,0.138916,0.135224,0.5600,0.567,0.009,TRACKING|w0 d0 L5
24.206672,129.088753500000,35.074402833333,508091.567,3881297.708,0.581,-2.747672,gps_course,5,0.445,2.000,8,508088.923,3881297.428,-0.288553,0.153987,0.142729,0.5600,0.586,-0.006,TRACKING|w0 d0 L5
24.256702,129.088753500000,35.074402833333,508091.567,3881297.708,0.581,-2.747672,gps_course,5,0.445,2.000,8,508088.923,3881297.428,-0.288553,0.153987,0.147232,0.5600,0.586,-0.006,TRACKING|w0 d0 L5
24.307988,129.088753500000,35.074402833333,508091.567,3881297.708,0.581,-2.747672,gps_course,5,0.445,2.000,8,508088.923,3881297.428,-0.288553,0.153987,0.149934,0.5600,0.586,-0.006,TRACKING|w0 d0 L5
24.356724,129.088753500000,35.074402833333,508091.567,3881297.708,0.581,-2.747672,gps_course,5,0.445,2.000,8,508088.923,3881297.428,-0.288553,0.153987,0.151555,0.5600,0.586,-0.006,TRACKING|w0 d0 L5
24.406992,129.088753500000,35.074402833333,508091.567,3881297.708,0.581,-2.747672,gps_course,5,0.445,2.000,8,508088.923,3881297.428,-0.288553,0.153987,0.152528,0.5600,0.528,0.053,TRACKING|w0 d0 L5
24.456676,129.088752166667,35.074402333333,508091.446,3881297.652,0.534,-2.732662,gps_course,6,0.483,2.000,8,508088.923,3881297.428,-0.320337,0.178405,0.162879,0.5600,0.528,0.007,TRACKING|w0 d0 L6
24.507139,129.088752166667,35.074402333333,508091.446,3881297.652,0.534,-2.732662,gps_course,6,0.483,2.000,8,508088.923,3881297.428,-0.320337,0.178405,0.169089,0.5600,0.528,0.007,TRACKING|w0 d0 L6
24.557069,129.088752166667,35.074402333333,508091.446,3881297.652,0.534,-2.732662,gps_course,6,0.483,2.000,8,508088.923,3881297.428,-0.320337,0.178405,0.172816,0.5600,0.528,0.007,TRACKING|w0 d0 L6
24.606793,129.088752166667,35.074402333333,508091.446,3881297.652,0.534,-2.732662,gps_course,6,0.483,2.000,8,508088.923,3881297.428,-0.320337,0.178405,0.175052,0.5600,0.528,0.007,TRACKING|w0 d0 L6
24.658339,129.088752166667,35.074402333333,508091.446,3881297.652,0.534,-2.732662,gps_course,6,0.483,2.000,8,508088.923,3881297.428,-0.320337,0.178405,0.176393,0.5600,0.528,0.007,TRACKING|w0 d0 L6
24.706740,129.088750666667,35.074401833333,508091.309,3881297.597,0.602,-2.812074,gps_course,6,0.340,2.000,8,508088.923,3881297.428,-0.259014,0.154073,0.167465,0.5600,0.528,0.074,TRACKING|w0 d0 L6
24.756796,129.088750666667,35.074401833333,508091.309,3881297.597,0.602,-2.812074,gps_course,6,0.340,2.000,8,508088.923,3881297.428,-0.259014,0.154073,0.162108,0.5600,0.528,0.074,TRACKING|w0 d0 L6
24.806803,129.088750666667,35.074401833333,508091.309,3881297.597,0.602,-2.812074,gps_course,6,0.340,2.000,8,508088.923,3881297.428,-0.259014,0.154073,0.158894,0.5600,0.528,0.074,TRACKING|w0 d0 L6
24.856704,129.088750666667,35.074401833333,508091.309,3881297.597,0.602,-2.812074,gps_course,6,0.340,2.000,8,508088.923,3881297.428,-0.259014,0.154073,0.156965,0.5600,0.528,0.074,TRACKING|w0 d0 L6
24.906744,129.088750666667,35.074401833333,508091.309,3881297.597,0.602,-2.812074,gps_course,6,0.340,2.000,8,508088.923,3881297.428,-0.259014,0.154073,0.155808,0.5600,0.528,0.074,TRACKING|w0 d0 L6
24.956779,129.088749166667,35.074401500000,508091.172,3881297.560,0.524,-2.791305,gps_course,6,0.221,2.000,8,508088.923,3881297.428,-0.291932,0.183188,0.166760,0.5600,0.528,-0.003,TRACKING|w0 d0 L6
25.007134,129.088749166667,35.074401500000,508091.172,3881297.560,0.524,-2.791305,gps_course,6,0.221,2.000,8,508088.923,3881297.428,-0.291932,0.183188,0.173332,0.5600,0.547,-0.023,TRACKING|w0 d0 L6
25.056750,129.088749166667,35.074401500000,508091.172,3881297.560,0.524,-2.791305,gps_course,6,0.221,2.000,8,508088.923,3881297.428,-0.291932,0.183188,0.177274,0.5600,0.547,-0.023,TRACKING|w0 d0 L6
25.106802,129.088749166667,35.074401500000,508091.172,3881297.560,0.524,-2.791305,gps_course,6,0.221,2.000,8,508088.923,3881297.428,-0.291932,0.183188,0.179640,0.5600,0.547,-0.023,TRACKING|w0 d0 L6
25.156731,129.088749166667,35.074401500000,508091.172,3881297.560,0.524,-2.791305,gps_course,6,0.221,2.000,8,508088.923,3881297.428,-0.291932,0.183188,0.181059,0.5600,0.547,-0.023,TRACKING|w0 d0 L6
25.206887,129.088747666667,35.074401000000,508091.035,3881297.504,0.580,-2.805268,gps_course,6,0.130,2.000,8,508088.923,3881297.428,-0.300449,0.200332,0.188768,0.5600,0.547,0.033,TRACKING|w0 d0 L6
25.256724,129.088747666667,35.074401000000,508091.035,3881297.504,0.580,-2.805268,gps_course,6,0.130,2.000,8,508088.923,3881297.428,-0.300449,0.200332,0.193394,0.5600,0.547,0.033,TRACKING|w0 d0 L6
25.306763,129.088747666667,35.074401000000,508091.035,3881297.504,0.580,-2.805268,gps_course,6,0.130,2.000,8,508088.923,3881297.428,-0.300449,0.200332,0.196169,0.5600,0.547,0.033,TRACKING|w0 d0 L6
25.356843,129.088747666667,35.074401000000,508091.035,3881297.504,0.580,-2.805268,gps_course,6,0.130,2.000,8,508088.923,3881297.428,-0.300449,0.200332,0.197834,0.5600,0.547,0.033,TRACKING|w0 d0 L6
25.406857,129.088747666667,35.074401000000,508091.035,3881297.504,0.580,-2.805268,gps_course,6,0.130,2.000,8,508088.923,3881297.428,-0.300449,0.200332,0.198833,0.5600,0.567,0.013,TRACKING|w0 d0 L6
25.458779,129.088746166667,35.074400500000,508090.899,3881297.449,0.583,-2.821499,gps_course,6,0.169,2.000,9,508087.950,3881297.963,-0.492983,0.225387,0.209455,0.5600,0.567,0.016,TRACKING|w0 d0 L6
25.506789,129.088746166667,35.074400500000,508090.899,3881297.449,0.583,-2.821499,gps_course,6,0.169,2.000,9,508087.950,3881297.963,-0.492983,0.225387,0.215828,0.5600,0.567,0.016,TRACKING|w0 d0 L6
25.556860,129.088746166667,35.074400500000,508090.899,3881297.449,0.583,-2.821499,gps_course,6,0.169,2.000,9,508087.950,3881297.963,-0.492983,0.225387,0.219652,0.5600,0.567,0.016,TRACKING|w0 d0 L6
25.606963,129.088746166667,35.074400500000,508090.899,3881297.449,0.583,-2.821499,gps_course,6,0.169,2.000,9,508087.950,3881297.963,-0.492983,0.225387,0.221946,0.5600,0.567,0.016,TRACKING|w0 d0 L6
25.656734,129.088746166667,35.074400500000,508090.899,3881297.449,0.583,-2.821499,gps_course,6,0.169,2.000,9,508087.950,3881297.963,-0.492983,0.225387,0.223322,0.5600,0.567,0.016,TRACKING|w0 d0 L6
25.706759,129.088744666667,35.074400333333,508090.762,3881297.430,0.551,-2.870019,gps_course,6,0.294,2.000,9,508087.950,3881297.963,-0.459088,0.220867,0.222340,0.5600,0.567,-0.016,TRACKING|w0 d0 L6
25.758556,129.088744666667,35.074400333333,508090.762,3881297.430,0.551,-2.870019,gps_course,6,0.294,2.000,9,508087.950,3881297.963,-0.459088,0.220867,0.221751,0.5600,0.567,-0.016,TRACKING|w0 d0 L6
25.807108,129.088744666667,35.074400333333,508090.762,3881297.430,0.551,-2.870019,gps_course,6,0.294,2.000,9,508087.950,3881297.963,-0.459088,0.220867,0.221397,0.5600,0.586,-0.035,TRACKING|w0 d0 L6
25.856722,129.088744666667,35.074400333333,508090.762,3881297.430,0.551,-2.870019,gps_course,6,0.294,2.000,9,508087.950,3881297.963,-0.459088,0.220867,0.221185,0.5600,0.586,-0.035,TRACKING|w0 d0 L6
25.909261,129.088744666667,35.074400333333,508090.762,3881297.430,0.551,-2.870019,gps_course,6,0.294,2.000,9,508087.950,3881297.963,-0.459088,0.220867,0.221058,0.5600,0.586,-0.035,TRACKING|w0 d0 L6
25.956736,129.088743166667,35.074400166667,508090.625,3881297.411,0.538,-2.980150,gps_course,6,0.427,2.000,9,508087.950,3881297.963,-0.364984,0.187277,0.207546,0.5600,0.586,-0.048,TRACKING|w0 d0 L6
26.006840,129.088743166667,35.074400166667,508090.625,3881297.411,0.538,-2.980150,gps_course,6,0.427,2.000,9,508087.950,3881297.963,-0.364984,0.187277,0.199438,0.5600,0.528,0.011,TRACKING|w0 d0 L6
26.056715,129.088743166667,35.074400166667,508090.625,3881297.411,0.538,-2.980150,gps_course,6,0.427,2.000,9,508087.950,3881297.963,-0.364984,0.187277,0.194574,0.5600,0.528,0.011,TRACKING|w0 d0 L6
26.106707,129.088743166667,35.074400166667,508090.625,3881297.411,0.538,-2.980150,gps_course,6,0.427,2.000,9,508087.950,3881297.963,-0.364984,0.187277,0.191655,0.5600,0.528,0.011,TRACKING|w0 d0 L6
26.156809,129.088743166667,35.074400166667,508090.625,3881297.411,0.538,-2.980150,gps_course,6,0.427,2.000,9,508087.950,3881297.963,-0.364984,0.187277,0.189904,0.5600,0.528,0.011,TRACKING|w0 d0 L6
26.206816,129.088741833333,35.074400000000,508090.504,3881297.393,0.531,-2.995509,gps_course,7,0.523,2.000,9,508087.950,3881297.963,-0.365976,0.195795,0.192260,0.5600,0.547,-0.016,TRACKING|w0 d0 L7
26.256820,129.088741833333,35.074400000000,508090.504,3881297.393,0.531,-2.995509,gps_course,7,0.523,2.000,9,508087.950,3881297.963,-0.365976,0.195795,0.193674,0.5600,0.547,-0.016,TRACKING|w0 d0 L7
26.306832,129.088741833333,35.074400000000,508090.504,3881297.393,0.531,-2.995509,gps_course,7,0.523,2.000,9,508087.950,3881297.963,-0.365976,0.195795,0.194522,0.5600,0.547,-0.016,TRACKING|w0 d0 L7
26.356829,129.088741833333,35.074400000000,508090.504,3881297.393,0.531,-2.995509,gps_course,7,0.523,2.000,9,508087.950,3881297.963,-0.365976,0.195795,0.195031,0.5600,0.547,-0.016,TRACKING|w0 d0 L7
26.406771,129.088741833333,35.074400000000,508090.504,3881297.393,0.531,-2.995509,gps_course,7,0.523,2.000,9,508087.950,3881297.963,-0.365976,0.195795,0.195337,0.5600,0.567,-0.036,TRACKING|w0 d0 L7
26.456913,129.088740333333,35.074400000000,508090.367,3881297.393,0.527,-3.131819,gps_course,7,0.393,2.000,9,508087.950,3881297.963,-0.241727,0.138890,0.172758,0.5600,0.567,-0.039,TRACKING|w0 d0 L7
26.506852,129.088740333333,35.074400000000,508090.367,3881297.393,0.527,-3.131819,gps_course,7,0.393,2.000,9,508087.950,3881297.963,-0.241727,0.138890,0.159211,0.5600,0.567,-0.039,TRACKING|w0 d0 L7
26.558288,129.088740333333,35.074400000000,508090.367,3881297.393,0.527,-3.131819,gps_course,7,0.393,2.000,9,508087.950,3881297.963,-0.241727,0.138890,0.151083,0.5600,0.567,-0.039,TRACKING|w0 d0 L7
26.606793,129.088740333333,35.074400000000,508090.367,3881297.393,0.527,-3.131819,gps_course,7,0.393,2.000,9,508087.950,3881297.963,-0.241727,0.138890,0.146206,0.5600,0.547,-0.020,TRACKING|w0 d0 L7
26.659480,129.088740333333,35.074400000000,508090.367,3881297.393,0.527,-3.131819,gps_course,7,0.393,2.000,9,508087.950,3881297.963,-0.241727,0.138890,0.143280,0.5600,0.547,-0.020,TRACKING|w0 d0 L7
26.706769,129.088738833333,35.074399833333,508090.230,3881297.374,0.537,-3.077190,gps_course,7,0.262,2.000,9,508087.950,3881297.963,-0.317395,0.189866,0.161914,0.5600,0.547,-0.011,TRACKING|w0 d0 L7
26.756735,129.088738833333,35.074399833333,508090.230,3881297.374,0.537,-3.077190,gps_course,7,0.262,2.000,9,508087.950,3881297.963,-0.317395,0.189866,0.173095,0.5600,0.547,-0.011,TRACKING|w0 d0 L7
26.807265,129.088738833333,35.074399833333,508090.230,3881297.374,0.537,-3.077190,gps_course,7,0.262,2.000,9,508087.950,3881297.963,-0.317395,0.189866,0.179804,0.5600,0.547,-0.011,TRACKING|w0 d0 L7
26.856812,129.088738833333,35.074399833333,508090.230,3881297.374,0.537,-3.077190,gps_course,7,0.262,2.000,9,508087.950,3881297.963,-0.317395,0.189866,0.183829,0.5600,0.547,-0.011,TRACKING|w0 d0 L7
26.906728,129.088738833333,35.074399833333,508090.230,3881297.374,0.537,-3.077190,gps_course,7,0.262,2.000,9,508087.950,3881297.963,-0.317395,0.189866,0.186244,0.5600,0.547,-0.011,TRACKING|w0 d0 L7
26.957086,129.088737333333,35.074400000000,508090.093,3881297.392,0.557,-3.123267,gps_course,7,0.174,2.000,9,508087.950,3881297.963,-0.278739,0.177987,0.182941,0.5600,0.547,0.010,TRACKING|w0 d0 L7
27.008184,129.088737333333,35.074400000000,508090.093,3881297.392,0.557,-3.123267,gps_course,7,0.174,2.000,9,508087.950,3881297.963,-0.278739,0.177987,0.180960,0.5600,0.567,-0.009,TRACKING|w0 d0 L7
27.056734,129.088737333333,35.074400000000,508090.093,3881297.392,0.557,-3.123267,gps_course,7,0.174,2.000,9,508087.950,3881297.963,-0.278739,0.177987,0.179771,0.5600,0.567,-0.009,TRACKING|w0 d0 L7
27.106709,129.088737333333,35.074400000000,508090.093,3881297.392,0.557,-3.123267,gps_course,7,0.174,2.000,9,508087.950,3881297.963,-0.278739,0.177987,0.179057,0.5600,0.567,-0.009,TRACKING|w0 d0 L7
27.156954,129.088737333333,35.074400000000,508090.093,3881297.392,0.557,-3.123267,gps_course,7,0.174,2.000,9,508087.950,3881297.963,-0.278739,0.177987,0.178629,0.5600,0.567,-0.009,TRACKING|w0 d0 L7
27.206955,129.088735833333,35.074400000000,508089.957,3881297.392,0.566,3.023783,gps_course,7,0.155,2.000,9,508087.950,3881297.963,-0.159541,0.109985,0.151172,0.5600,0.567,-0.001,TRACKING|w0 d0 L7
27.256970,129.088735833333,35.074400000000,508089.957,3881297.392,0.566,3.023783,gps_course,7,0.155,2.000,9,508087.950,3881297.963,-0.159541,0.109985,0.134697,0.5600,0.567,-0.001,TRACKING|w0 d0 L7
27.306756,129.088735833333,35.074400000000,508089.957,3881297.392,0.566,3.023783,gps_course,7,0.155,2.000,9,508087.950,3881297.963,-0.159541,0.109985,0.124812,0.5600,0.567,-0.001,TRACKING|w0 d0 L7
27.356812,129.088735833333,35.074400000000,508089.957,3881297.392,0.566,3.023783,gps_course,7,0.155,2.000,9,508087.950,3881297.963,-0.159541,0.109985,0.118881,0.5600,0.567,-0.001,TRACKING|w0 d0 L7
27.406827,129.088735833333,35.074400000000,508089.957,3881297.392,0.566,3.023783,gps_course,7,0.155,2.000,9,508087.950,3881297.963,-0.159541,0.109985,0.115323,0.5600,0.547,0.018,TRACKING|w0 d0 L7
27.457324,129.088735833333,35.074400000000,508089.957,3881297.392,0.566,3.023783,gps_course,7,0.155,2.000,9,508087.950,3881297.963,-0.159541,0.109985,0.113187,0.5600,0.547,0.018,TRACKING|w0 d0 L7
27.506926,129.088734333333,35.074400166667,508089.820,3881297.411,0.548,3.003712,gps_course,7,0.247,2.000,10,508087.068,3881298.757,-0.317315,0.146626,0.126563,0.5600,0.547,0.001,TRACKING|w0 d0 L7
27.557068,129.088734333333,35.074400166667,508089.820,3881297.411,0.548,3.003712,gps_course,7,0.247,2.000,10,508087.068,3881298.757,-0.317315,0.146626,0.134588,0.5600,0.547,0.001,TRACKING|w0 d0 L7
27.607853,129.088734333333,35.074400166667,508089.820,3881297.411,0.548,3.003712,gps_course,7,0.247,2.000,10,508087.068,3881298.757,-0.317315,0.146626,0.139404,0.5600,0.547,0.001,TRACKING|w0 d0 L7
27.657077,129.088734333333,35.074400166667,508089.820,3881297.411,0.548,3.003712,gps_course,7,0.247,2.000,10,508087.068,3881298.757,-0.317315,0.146626,0.142293,0.5600,0.547,0.001,TRACKING|w0 d0 L7
27.706670,129.088732833333,35.074400500000,508089.683,3881297.447,0.549,2.919761,gps_course,7,0.378,2.000,10,508087.068,3881298.757,-0.242612,0.118555,0.132798,0.5600,0.547,0.002,TRACKING|w0 d0 L7
27.757140,129.088732833333,35.074400500000,508089.683,3881297.447,0.549,2.919761,gps_course,7,0.378,2.000,10,508087.068,3881298.757,-0.242612,0.118555,0.127101,0.5600,0.547,0.002,TRACKING|w0 d0 L7
27.807840,129.088732833333,35.074400500000,508089.683,3881297.447,0.549,2.919761,gps_course,7,0.378,2.000,10,508087.068,3881298.757,-0.242612,0.118555,0.123683,0.5600,0.567,-0.017,TRACKING|w0 d0 L7
27.856879,129.088732833333,35.074400500000,508089.683,3881297.447,0.549,2.919761,gps_course,7,0.378,2.000,10,508087.068,3881298.757,-0.242612,0.118555,0.121632,0.5600,0.567,-0.017,TRACKING|w0 d0 L7
27.906727,129.088732833333,35.074400500000,508089.683,3881297.447,0.549,2.919761,gps_course,7,0.378,2.000,10,508087.068,3881298.757,-0.242612,0.118555,0.120401,0.5600,0.567,-0.017,TRACKING|w0 d0 L7
27.956811,129.088731500000,35.074400666667,508089.562,3881297.466,0.512,2.921681,gps_course,7,0.493,2.000,10,508087.068,3881298.757,-0.258076,0.131045,0.124659,0.5600,0.567,-0.054,TRACKING|w0 d0 L7
28.006818,129.088731500000,35.074400666667,508089.562,3881297.466,0.512,2.921681,gps_course,7,0.493,2.000,10,508087.068,3881298.757,-0.258076,0.131045,0.127213,0.5600,0.547,-0.035,TRACKING|w0 d0 L7
28.056837,129.088731500000,35.074400666667,508089.562,3881297.466,0.512,2.921681,gps_course,7,0.493,2.000,10,508087.068,3881298.757,-0.258076,0.131045,0.128746,0.5600,0.547,-0.035,TRACKING|w0 d0 L7
28.106997,129.088731500000,35.074400666667,508089.562,3881297.466,0.512,2.921681,gps_course,7,0.493,2.000,10,508087.068,3881298.757,-0.258076,0.131045,0.129666,0.5600,0.547,-0.035,TRACKING|w0 d0 L7
28.157681,129.088731500000,35.074400666667,508089.562,3881297.466,0.512,2.921681,gps_course,7,0.493,2.000,10,508087.068,3881298.757,-0.258076,0.131045,0.130217,0.5600,0.547,-0.035,TRACKING|w0 d0 L7
28.206857,129.088730000000,35.074401000000,508089.425,3881297.503,0.547,2.861467,gps_course,8,0.507,2.000,10,508087.068,3881298.757,-0.209178,0.112315,0.123056,0.5600,0.508,0.038,TRACKING|w0 d0 L8
28.257116,129.088730000000,35.074401000000,508089.425,3881297.503,0.547,2.861467,gps_course,8,0.507,2.000,10,508087.068,3881298.757,-0.209178,0.112315,0.013376,0.5600,0.508,0.038,TRACKING|w0 d0 L8
28.306797,129.088730000000,35.074401000000,508089.425,3881297.503,0.547,2.861467,gps_course,8,0.507,2.000,10,508087.068,3881298.757,-0.209178,0.112315,0.043184,0.5600,0.508,0.038,TRACKING|w0 d0 L8
28.356751,129.088730000000,35.074401000000,508089.425,3881297.503,0.547,2.861467,gps_course,8,0.507,2.000,10,508087.068,3881298.757,-0.209178,0.112315,0.070837,0.5600,0.508,0.038,TRACKING|w0 d0 L8
28.407233,129.088730000000,35.074401000000,508089.425,3881297.503,0.547,2.861467,gps_course,8,0.507,2.000,10,508087.068,3881298.757,-0.209178,0.112315,0.087428,0.5600,0.528,0.019,TRACKING|w0 d0 L8
28.456757,129.088730000000,35.074401000000,508089.425,3881297.503,0.547,2.861467,gps_course,8,0.507,2.000,10,508087.068,3881298.757,-0.209178,0.112315,0.097383,0.5600,0.528,0.019,TRACKING|w0 d0 L8
28.506691,129.088728500000,35.074401333333,508089.288,3881297.540,0.577,2.936691,gps_course,8,0.381,2.000,10,508087.068,3881298.757,-0.296951,0.166042,0.124846,0.5600,0.528,0.049,TRACKING|w0 d0 L8
28.556767,129.088728500000,35.074401333333,508089.288,3881297.540,0.577,2.936691,gps_course,8,0.381,2.000,10,508087.068,3881298.757,-0.296951,0.166042,0.141324,0.5600,0.528,0.049,TRACKING|w0 d0 L8
28.607093,129.088728500000,35.074401333333,508089.288,3881297.540,0.577,2.936691,gps_course,8,0.381,2.000,10,508087.068,3881298.757,-0.296951,0.166042,0.151211,0.5600,0.567,0.010,TRACKING|w0 d0 L8
28.656982,129.088728500000,35.074401333333,508089.288,3881297.540,0.577,2.936691,gps_course,8,0.381,2.000,10,508087.068,3881298.757,-0.296951,0.166042,0.157143,0.5600,0.567,0.010,TRACKING|w0 d0 L8
28.706872,129.088727000000,35.074401833333,508089.151,3881297.595,0.605,2.808584,gps_course,8,0.282,2.000,10,508087.068,3881298.757,-0.176098,0.106099,0.136726,0.5600,0.567,0.038,TRACKING|w0 d0 L8
28.756822,129.088727000000,35.074401833333,508089.151,3881297.595,0.605,2.808584,gps_course,8,0.282,2.000,10,508087.068,3881298.757,-0.176098,0.106099,0.124475,0.5600,0.567,0.038,TRACKING|w0 d0 L8
28.806817,129.088727000000,35.074401833333,508089.151,3881297.595,0.605,2.808584,gps_course,8,0.282,2.000,10,508087.068,3881298.757,-0.176098,0.106099,0.117124,0.5600,0.567,0.038,TRACKING|w0 d0 L8
28.856714,129.088727000000,35.074401833333,508089.151,3881297.595,0.605,2.808584,gps_course,8,0.282,2.000,10,508087.068,3881298.757,-0.176098,0.106099,0.112714,0.5600,0.567,0.038,TRACKING|w0 d0 L8
28.906807,129.088727000000,35.074401833333,508089.151,3881297.595,0.605,2.808584,gps_course,8,0.282,2.000,10,508087.068,3881298.757,-0.176098,0.106099,0.110068,0.5600,0.567,0.038,TRACKING|w0 d0 L8
28.956801,129.088725500000,35.074402166667,508089.014,3881297.632,0.577,2.813122,gps_course,8,0.223,2.000,10,508087.068,3881298.757,-0.195982,0.124944,0.116018,0.5600,0.567,0.011,TRACKING|w0 d0 L8
29.006954,129.088725500000,35.074402166667,508089.014,3881297.632,0.577,2.813122,gps_course,8,0.223,2.000,10,508087.068,3881298.757,-0.195982,0.124944,0.119589,0.5600,0.567,0.011,TRACKING|w0 d0 L8
29.057281,129.088725500000,35.074402166667,508089.014,3881297.632,0.577,2.813122,gps_course,8,0.223,2.000,10,508087.068,3881298.757,-0.195982,0.124944,0.121731,0.5600,0.567,0.011,TRACKING|w0 d0 L8
29.107876,129.088725500000,35.074402166667,508089.014,3881297.632,0.577,2.813122,gps_course,8,0.223,2.000,10,508087.068,3881298.757,-0.195982,0.124944,0.123016,0.5600,0.567,0.011,TRACKING|w0 d0 L8
29.156773,129.088725500000,35.074402166667,508089.014,3881297.632,0.577,2.813122,gps_course,8,0.223,2.000,10,508087.068,3881298.757,-0.195982,0.124944,0.123787,0.5600,0.567,0.011,TRACKING|w0 d0 L8
29.206819,129.088724000000,35.074402666667,508088.878,3881297.687,0.547,2.804570,gps_course,8,0.263,2.000,10,508087.068,3881298.757,-0.197235,0.134356,0.128015,0.5600,0.567,-0.020,TRACKING|w0 d0 L8
29.256733,129.088724000000,35.074402666667,508088.878,3881297.687,0.547,2.804570,gps_course,8,0.263,2.000,10,508087.068,3881298.757,-0.197235,0.134356,0.130551,0.5600,0.567,-0.020,TRACKING|w0 d0 L8
29.306769,129.088724000000,35.074402666667,508088.878,3881297.687,0.547,2.804570,gps_course,8,0.263,2.000,10,508087.068,3881298.757,-0.197235,0.134356,0.132073,0.5600,0.567,-0.020,TRACKING|w0 d0 L8
29.356735,129.088724000000,35.074402666667,508088.878,3881297.687,0.547,2.804570,gps_course,8,0.263,2.000,10,508087.068,3881298.757,-0.197235,0.134356,0.132986,0.5600,0.567,-0.020,TRACKING|w0 d0 L8
29.406951,129.088724000000,35.074402666667,508088.878,3881297.687,0.547,2.804570,gps_course,8,0.263,2.000,10,508087.068,3881298.757,-0.197235,0.134356,0.133534,0.5600,0.547,-0.001,TRACKING|w0 d0 L8
29.457029,129.088724000000,35.074402666667,508088.878,3881297.687,0.547,2.804570,gps_course,8,0.263,2.000,10,508087.068,3881298.757,-0.197235,0.134356,0.133863,0.5600,0.547,-0.001,TRACKING|w0 d0 L8
29.506915,129.088722666667,35.074403000000,508088.756,3881297.724,0.556,2.746276,gps_course,8,0.340,2.000,11,508086.353,3881299.681,-0.288239,0.132239,0.133214,0.5600,0.547,0.009,TRACKING|w0 d0 L8
29.556754,129.088722666667,35.074403000000,508088.756,3881297.724,0.556,2.746276,gps_course,8,0.340,2.000,11,508086.353,3881299.681,-0.288239,0.132239,0.132824,0.5600,0.547,0.009,TRACKING|w0 d0 L8
29.606803,129.088722666667,35.074403000000,508088.756,3881297.724,0.556,2.746276,gps_course,8,0.340,2.000,11,508086.353,3881299.681,-0.288239,0.132239,0.132590,0.5600,0.567,-0.011,TRACKING|w0 d0 L8
29.656682,129.088722666667,35.074403000000,508088.756,3881297.724,0.556,2.746276,gps_course,8,0.340,2.000,11,508086.353,3881299.681,-0.288239,0.132239,0.132450,0.5600,0.567,-0.011,TRACKING|w0 d0 L8
29.706724,129.088721166667,35.074403500000,508088.619,3881297.779,0.529,2.780659,gps_course,8,0.464,2.000,11,508086.353,3881299.681,-0.337329,0.160834,0.143804,0.5600,0.567,-0.038,TRACKING|w0 d0 L8
29.756897,129.088721166667,35.074403500000,508088.619,3881297.779,0.529,2.780659,gps_course,8,0.464,2.000,11,508086.353,3881299.681,-0.337329,0.160834,0.150616,0.5600,0.567,-0.038,TRACKING|w0 d0 L8
29.807019,129.088721166667,35.074403500000,508088.619,3881297.779,0.529,2.780659,gps_course,8,0.464,2.000,11,508086.353,3881299.681,-0.337329,0.160834,0.154703,0.5600,0.567,-0.038,TRACKING|w0 d0 L8
29.856802,129.088721166667,35.074403500000,508088.619,3881297.779,0.529,2.780659,gps_course,8,0.464,2.000,11,508086.353,3881299.681,-0.337329,0.160834,0.157155,0.5600,0.567,-0.038,TRACKING|w0 d0 L8
29.906928,129.088721166667,35.074403500000,508088.619,3881297.779,0.529,2.780659,gps_course,8,0.464,2.000,11,508086.353,3881299.681,-0.337329,0.160834,0.158627,0.5600,0.567,-0.038,TRACKING|w0 d0 L8
29.956736,129.088720000000,35.074404000000,508088.513,3881297.835,0.529,2.677510,gps_course,9,0.577,2.000,11,508086.353,3881299.681,-0.243336,0.122354,0.144118,0.5600,0.567,-0.038,TRACKING|w0 d0 L9
30.006850,129.088720000000,35.074404000000,508088.513,3881297.835,0.529,2.677510,gps_course,9,0.577,2.000,11,508086.353,3881299.681,-0.243336,0.122354,0.135413,0.5600,0.547,-0.019,TRACKING|w0 d0 L9
30.056731,129.088720000000,35.074404000000,508088.513,3881297.835,0.529,2.677510,gps_course,9,0.577,2.000,11,508086.353,3881299.681,-0.243336,0.122354,0.130189,0.5600,0.547,-0.019,TRACKING|w0 d0 L9
30.106785,129.088720000000,35.074404000000,508088.513,3881297.835,0.529,2.677510,gps_course,9,0.577,2.000,11,508086.353,3881299.681,-0.243336,0.122354,0.127055,0.5600,0.547,-0.019,TRACKING|w0 d0 L9
30.156854,129.088720000000,35.074404000000,508088.513,3881297.835,0.529,2.677510,gps_course,9,0.577,2.000,11,508086.353,3881299.681,-0.243336,0.122354,0.125175,0.5600,0.547,-0.019,TRACKING|w0 d0 L9
30.206917,129.088718666667,35.074404500000,508088.391,3881297.890,0.534,2.700722,gps_course,9,0.447,2.000,11,508086.353,3881299.681,-0.280176,0.146733,0.133798,0.5600,0.528,0.006,TRACKING|w0 d0 L9
30.256870,129.088718666667,35.074404500000,508088.391,3881297.890,0.534,2.700722,gps_course,9,0.447,2.000,11,508086.353,3881299.681,-0.280176,0.146733,0.138972,0.5600,0.528,0.006,TRACKING|w0 d0 L9
30.306732,129.088718666667,35.074404500000,508088.391,3881297.890,0.534,2.700722,gps_course,9,0.447,2.000,11,508086.353,3881299.681,-0.280176,0.146733,0.142076,0.5600,0.528,0.006,TRACKING|w0 d0 L9
30.357229,129.088718666667,35.074404500000,508088.391,3881297.890,0.534,2.700722,gps_course,9,0.447,2.000,11,508086.353,3881299.681,-0.280176,0.146733,0.143939,0.5600,0.528,0.006,TRACKING|w0 d0 L9
30.406894,129.088718666667,35.074404500000,508088.391,3881297.890,0.534,2.700722,gps_course,9,0.447,2.000,11,508086.353,3881299.681,-0.280176,0.146733,0.145056,0.5600,0.528,0.006,TRACKING|w0 d0 L9
30.456705,129.088718666667,35.074404500000,508088.391,3881297.890,0.534,2.700722,gps_course,9,0.447,2.000,11,508086.353,3881299.681,-0.280176,0.146733,0.145727,0.5600,0.528,0.006,TRACKING|w0 d0 L9
30.506832,129.088717333333,35.074405166667,508088.270,3881297.964,0.540,2.673844,gps_course,9,0.319,2.000,11,508086.353,3881299.681,-0.262953,0.145451,0.145616,0.5600,0.528,0.012,TRACKING|w0 d0 L9
30.556797,129.088717333333,35.074405166667,508088.270,3881297.964,0.540,2.673844,gps_course,9,0.319,2.000,11,508086.353,3881299.681,-0.262953,0.145451,0.145550,0.5600,0.528,0.012,TRACKING|w0 d0 L9
30.606756,129.088717333333,35.074405166667,508088.270,3881297.964,0.540,2.673844,gps_course,9,0.319,2.000,11,508086.353,3881299.681,-0.262953,0.145451,0.145510,0.5600,0.547,-0.007,TRACKING|w0 d0 L9
30.658517,129.088717333333,35.074405166667,508088.270,3881297.964,0.540,2.673844,gps_course,9,0.319,2.000,11,508086.353,3881299.681,-0.262953,0.145451,0.145486,0.5600,0.547,-0.007,TRACKING|w0 d0 L9
30.708724,129.088716000000,35.074405833333,508088.148,3881298.038,0.527,2.563540,gps_course,9,0.211,2.000,11,508086.353,3881299.681,-0.163413,0.096644,0.125949,0.5600,0.547,-0.020,TRACKING|w0 d0 L9
30.756698,129.088716000000,35.074405833333,508088.148,3881298.038,0.527,2.563540,gps_course,9,0.211,2.000,11,508086.353,3881299.681,-0.163413,0.096644,0.114227,0.5600,0.547,-0.020,TRACKING|w0 d0 L9
30.807271,129.088716000000,35.074405833333,508088.148,3881298.038,0.527,2.563540,gps_course,9,0.211,2.000,11,508086.353,3881299.681,-0.163413,0.096644,0.107194,0.5600,0.547,-0.020,TRACKING|w0 d0 L9
30.856840,129.088716000000,35.074405833333,508088.148,3881298.038,0.527,2.563540,gps_course,9,0.211,2.000,11,508086.353,3881299.681,-0.163413,0.096644,0.102974,0.5600,0.547,-0.020,TRACKING|w0 d0 L9
30.906799,129.088716000000,35.074405833333,508088.148,3881298.038,0.527,2.563540,gps_course,9,0.211,2.000,11,508086.353,3881299.681,-0.163413,0.096644,0.100442,0.5600,0.547,-0.020,TRACKING|w0 d0 L9
30.956766,129.088714833333,35.074406500000,508088.041,3881298.111,0.561,2.586054,gps_course,9,0.174,2.000,11,508086.353,3881299.681,-0.193488,0.120375,0.108415,0.5600,0.547,0.014,TRACKING|w0 d0 L9
31.006887,129.088714833333,35.074406500000,508088.041,3881298.111,0.561,2.586054,gps_course,9,0.174,2.000,11,508086.353,3881299.681,-0.193488,0.120375,0.113199,0.5600,0.528,0.033,TRACKING|w0 d0 L9
31.056935,129.088714833333,35.074406500000,508088.041,3881298.111,0.561,2.586054,gps_course,9,0.174,2.000,11,508086.353,3881299.681,-0.193488,0.120375,0.116070,0.5600,0.528,0.033,TRACKING|w0 d0 L9
31.107597,129.088714833333,35.074406500000,508088.041,3881298.111,0.561,2.586054,gps_course,9,0.174,2.000,11,508086.353,3881299.681,-0.193488,0.120375,0.117792,0.5600,0.528,0.033,TRACKING|w0 d0 L9
31.156783,129.088714833333,35.074406500000,508088.041,3881298.111,0.561,2.586054,gps_course,9,0.174,2.000,11,508086.353,3881299.681,-0.193488,0.120375,0.118825,0.5600,0.528,0.033,TRACKING|w0 d0 L9
31.206996,129.088713500000,35.074407166667,508087.920,3881298.185,0.524,2.538930,gps_course,9,0.224,2.000,11,508086.353,3881299.681,-0.159640,0.106025,0.113705,0.5600,0.547,-0.023,TRACKING|w0 d0 L9
31.256689,129.088713500000,35.074407166667,508087.920,3881298.185,0.524,2.538930,gps_course,9,0.224,2.000,11,508086.353,3881299.681,-0.159640,0.106025,0.110633,0.5600,0.547,-0.023,TRACKING|w0 d0 L9
31.306880,129.088713500000,35.074407166667,508087.920,3881298.185,0.524,2.538930,gps_course,9,0.224,2.000,11,508086.353,3881299.681,-0.159640,0.106025,0.108790,0.5600,0.547,-0.023,TRACKING|w0 d0 L9
31.356730,129.088713500000,35.074407166667,508087.920,3881298.185,0.524,2.538930,gps_course,9,0.224,2.000,11,508086.353,3881299.681,-0.159640,0.106025,0.107684,0.5600,0.547,-0.023,TRACKING|w0 d0 L9
31.406777,129.088713500000,35.074407166667,508087.920,3881298.185,0.524,2.538930,gps_course,9,0.224,2.000,11,508086.353,3881299.681,-0.159640,0.106025,0.107020,0.5600,0.547,-0.023,TRACKING|w0 d0 L9
31.456768,129.088713500000,35.074407166667,508087.920,3881298.185,0.524,2.538930,gps_course,9,0.224,2.000,11,508086.353,3881299.681,-0.159640,0.106025,0.106622,0.5600,0.547,-0.023,TRACKING|w0 d0 L9
31.507366,129.088712333333,35.074407833333,508087.813,3881298.259,0.534,2.551148,gps_course,9,0.326,2.000,11,508086.353,3881299.681,-0.181719,0.127880,0.115125,0.5600,0.547,-0.013,TRACKING|w0 d0 L9
31.556709,129.088712333333,35.074407833333,508087.813,3881298.259,0.534,2.551148,gps_course,9,0.326,2.000,11,508086.353,3881299.681,-0.181719,0.127880,0.120227,0.5600,0.547,-0.013,TRACKING|w0 d0 L9
31.607600,129.088712333333,35.074407833333,508087.813,3881298.259,0.534,2.551148,gps_course,9,0.326,2.000,11,508086.353,3881299.681,-0.181719,0.127880,0.123288,0.5600,0.547,-0.013,TRACKING|w0 d0 L9
31.656836,129.088712333333,35.074407833333,508087.813,3881298.259,0.534,2.551148,gps_course,9,0.326,2.000,11,508086.353,3881299.681,-0.181719,0.127880,0.125125,0.5600,0.547,-0.013,TRACKING|w0 d0 L9
31.706823,129.088711166667,35.074408500000,508087.707,3881298.333,0.538,2.467023,gps_course,9,0.442,2.000,12,508085.836,3881300.549,-0.195122,0.096626,0.113725,0.5600,0.547,-0.009,TRACKING|w0 d0 L9
31.756703,129.088711166667,35.074408500000,508087.707,3881298.333,0.538,2.467023,gps_course,9,0.442,2.000,12,508085.836,3881300.549,-0.195122,0.096626,0.106885,0.5600,0.547,-0.009,TRACKING|w0 d0 L9
31.807309,129.088711166667,35.074408500000,508087.707,3881298.333,0.538,2.467023,gps_course,9,0.442,2.000,12,508085.836,3881300.549,-0.195122,0.096626,0.102782,0.5600,0.547,-0.009,TRACKING|w0 d0 L9
31.857051,129.088711166667,35.074408500000,508087.707,3881298.333,0.538,2.467023,gps_course,9,0.442,2.000,12,508085.836,3881300.549,-0.195122,0.096626,0.100319,0.5600,0.547,-0.009,TRACKING|w0 d0 L9
31.906793,129.088711166667,35.074408500000,508087.707,3881298.333,0.538,2.467023,gps_course,9,0.442,2.000,12,508085.836,3881300.549,-0.195122,0.096626,0.098842,0.5600,0.547,-0.009,TRACKING|w0 d0 L9
31.956765,129.088710000000,35.074409333333,508087.601,3881298.425,0.536,2.530727,gps_course,9,0.579,2.000,12,508085.836,3881300.549,-0.266716,0.137527,0.114316,0.5600,0.547,-0.011,TRACKING|w0 d0 L9
32.006770,129.088710000000,35.074409333333,508087.601,3881298.425,0.536,2.530727,gps_course,9,0.579,2.000,12,508085.836,3881300.549,-0.266716,0.137527,0.123600,0.5600,0.547,-0.011,TRACKING|w0 d0 L9
32.056788,129.088710000000,35.074409333333,508087.601,3881298.425,0.536,2.530727,gps_course,9,0.579,2.000,12,508085.836,3881300.549,-0.266716,0.137527,0.129171,0.5600,0.547,-0.011,TRACKING|w0 d0 L9
32.106753,129.088710000000,35.074409333333,508087.601,3881298.425,0.536,2.530727,gps_course,9,0.579,2.000,12,508085.836,3881300.549,-0.266716,0.137527,0.132513,0.5600,0.547,-0.011,TRACKING|w0 d0 L9
32.156788,129.088710000000,35.074409333333,508087.601,3881298.425,0.536,2.530727,gps_course,9,0.579,2.000,12,508085.836,3881300.549,-0.266716,0.137527,0.134518,0.5600,0.547,-0.011,TRACKING|w0 d0 L9
32.206756,129.088708833333,35.074410000000,508087.494,3881298.499,0.544,2.428102,gps_course,10,0.498,2.000,12,508085.836,3881300.549,-0.177245,0.096658,0.119374,0.5600,0.528,0.016,TRACKING|w0 d0 L10
32.258237,129.088708833333,35.074410000000,508087.494,3881298.499,0.544,2.428102,gps_course,10,0.498,2.000,12,508085.836,3881300.549,-0.177245,0.096658,0.110288,0.5600,0.528,0.016,TRACKING|w0 d0 L10
32.307121,129.088708833333,35.074410000000,508087.494,3881298.499,0.544,2.428102,gps_course,10,0.498,2.000,12,508085.836,3881300.549,-0.177245,0.096658,0.104836,0.5600,0.528,0.016,TRACKING|w0 d0 L10
32.356740,129.088708833333,35.074410000000,508087.494,3881298.499,0.544,2.428102,gps_course,10,0.498,2.000,12,508085.836,3881300.549,-0.177245,0.096658,0.101565,0.5600,0.528,0.016,TRACKING|w0 d0 L10
32.406752,129.088708833333,35.074410000000,508087.494,3881298.499,0.544,2.428102,gps_course,10,0.498,2.000,12,508085.836,3881300.549,-0.177245,0.096658,0.099602,0.5600,0.528,0.016,TRACKING|w0 d0 L10
32.456764,129.088708833333,35.074410000000,508087.494,3881298.499,0.544,2.428102,gps_course,10,0.498,2.000,12,508085.836,3881300.549,-0.177245,0.096658,0.098425,0.5600,0.528,0.016,TRACKING|w0 d0 L10
32.506775,129.088707833333,35.074410833333,508087.403,3881298.591,0.504,2.449744,gps_course,10,0.373,2.000,12,508085.836,3881300.549,-0.204026,0.116627,0.105706,0.5600,0.528,-0.024,TRACKING|w0 d0 L10
32.556808,129.088707833333,35.074410833333,508087.403,3881298.591,0.504,2.449744,gps_course,10,0.373,2.000,12,508085.836,3881300.549,-0.204026,0.116627,0.110074,0.5600,0.528,-0.024,TRACKING|w0 d0 L10
32.606836,129.088707833333,35.074410833333,508087.403,3881298.591,0.504,2.449744,gps_course,10,0.373,2.000,12,508085.836,3881300.549,-0.204026,0.116627,0.112695,0.5600,0.528,-0.024,TRACKING|w0 d0 L10
32.657004,129.088707833333,35.074410833333,508087.403,3881298.591,0.504,2.449744,gps_course,10,0.373,2.000,12,508085.836,3881300.549,-0.204026,0.116627,0.114268,0.5600,0.528,-0.024,TRACKING|w0 d0 L10
32.706747,129.088706666667,35.074411666667,508087.296,3881298.684,0.554,2.374870,gps_course,10,0.240,2.000,12,508085.836,3881300.549,-0.139883,0.085127,0.102612,0.5600,0.528,0.026,TRACKING|w0 d0 L10
32.757125,129.088706666667,35.074411666667,508087.296,3881298.684,0.554,2.374870,gps_course,10,0.240,2.000,12,508085.836,3881300.549,-0.139883,0.085127,0.095618,0.5600,0.528,0.026,TRACKING|w0 d0 L10
32.806808,129.088706666667,35.074411666667,508087.296,3881298.684,0.554,2.374870,gps_course,10,0.240,2.000,12,508085.836,3881300.549,-0.139883,0.085127,0.091422,0.5600,0.528,0.026,TRACKING|w0 d0 L10
32.856772,129.088706666667,35.074411666667,508087.296,3881298.684,0.554,2.374870,gps_course,10,0.240,2.000,12,508085.836,3881300.549,-0.139883,0.085127,0.088904,0.5600,0.528,0.026,TRACKING|w0 d0 L10
32.906720,129.088706666667,35.074411666667,508087.296,3881298.684,0.554,2.374870,gps_course,10,0.240,2.000,12,508085.836,3881300.549,-0.139883,0.085127,0.087393,0.5600,0.528,0.026,TRACKING|w0 d0 L10
32.956774,129.088705666667,35.074412500000,508087.205,3881298.776,0.529,2.384818,gps_course,10,0.138,2.000,12,508085.836,3881300.549,-0.156498,0.100540,0.092652,0.5600,0.528,0.001,TRACKING|w0 d0 L10
33.007097,129.088705666667,35.074412500000,508087.205,3881298.776,0.529,2.384818,gps_course,10,0.138,2.000,12,508085.836,3881300.549,-0.156498,0.100540,0.095807,0.5600,0.528,0.001,TRACKING|w0 d0 L10
33.056746,129.088705666667,35.074412500000,508087.205,3881298.776,0.529,2.384818,gps_course,10,0.138,2.000,12,508085.836,3881300.549,-0.156498,0.100540,0.097700,0.5600,0.528,0.001,TRACKING|w0 d0 L10
33.107131,129.088705666667,35.074412500000,508087.205,3881298.776,0.529,2.384818,gps_course,10,0.138,2.000,12,508085.836,3881300.549,-0.156498,0.100540,0.098836,0.5600,0.528,0.001,TRACKING|w0 d0 L10
33.156728,129.088705666667,35.074412500000,508087.205,3881298.776,0.529,2.384818,gps_course,10,0.138,2.000,12,508085.836,3881300.549,-0.156498,0.100540,0.099518,0.5600,0.528,0.001,TRACKING|w0 d0 L10
33.206956,129.088704666667,35.074413333333,508087.114,3881298.868,0.514,2.354973,gps_course,10,0.120,2.000,12,508085.836,3881300.549,-0.134134,0.091581,0.096343,0.5600,0.547,-0.033,TRACKING|w0 d0 L10
33.256746,129.088704666667,35.074413333333,508087.114,3881298.868,0.514,2.354973,gps_course,10,0.120,2.000,12,508085.836,3881300.549,-0.134134,0.091581,0.094438,0.5600,0.547,-0.033,TRACKING|w0 d0 L10
33.306748,129.088704666667,35.074413333333,508087.114,3881298.868,0.514,2.354973,gps_course,10,0.120,2.000,12,508085.836,3881300.549,-0.134134,0.091581,0.093295,0.5600,0.547,-0.033,TRACKING|w0 d0 L10
33.356813,129.088704666667,35.074413333333,508087.114,3881298.868,0.514,2.354973,gps_course,10,0.120,2.000,12,508085.836,3881300.549,-0.134134,0.091581,0.092609,0.5600,0.547,-0.033,TRACKING|w0 d0 L10
33.406788,129.088704666667,35.074413333333,508087.114,3881298.868,0.514,2.354973,gps_course,10,0.120,2.000,12,508085.836,3881300.549,-0.134134,0.091581,0.092198,0.5600,0.528,-0.013,TRACKING|w0 d0 L10
33.457650,129.088703666667,35.074414333333,508087.023,3881298.979,0.546,2.246937,gps_course,10,0.226,2.000,13,508085.258,3881301.547,-0.073918,0.034356,0.069061,0.5600,0.528,0.018,TRACKING|w0 d0 L10
33.506789,129.088703666667,35.074414333333,508087.023,3881298.979,0.546,2.246937,gps_course,10,0.226,2.000,13,508085.258,3881301.547,-0.073918,0.034356,0.055179,0.5600,0.528,0.018,TRACKING|w0 d0 L10
33.557272,129.088703666667,35.074414333333,508087.023,3881298.979,0.546,2.246937,gps_course,10,0.226,2.000,13,508085.258,3881301.547,-0.073918,0.034356,0.046850,0.5600,0.528,0.018,TRACKING|w0 d0 L10
33.606718,129.088703666667,35.074414333333,508087.023,3881298.979,0.546,2.246937,gps_course,10,0.226,2.000,13,508085.258,3881301.547,-0.073918,0.034356,0.041852,0.5600,0.528,0.018,TRACKING|w0 d0 L10
33.656784,129.088703666667,35.074414333333,508087.023,3881298.979,0.546,2.246937,gps_course,10,0.226,2.000,13,508085.258,3881301.547,-0.073918,0.034356,0.038854,0.5600,0.528,0.018,TRACKING|w0 d0 L10
33.706747,129.088702666667,35.074415166667,508086.931,3881299.072,0.542,2.325302,gps_course,10,0.343,2.000,13,508085.258,3881301.547,-0.159945,0.077135,0.054166,0.5600,0.528,0.015,TRACKING|w0 d0 L10
33.758300,129.088702666667,35.074415166667,508086.931,3881299.072,0.542,2.325302,gps_course,10,0.343,2.000,13,508085.258,3881301.547,-0.159945,0.077135,0.063354,0.5600,0.528,0.015,TRACKING|w0 d0 L10
33.806877,129.088702666667,35.074415166667,508086.931,3881299.072,0.542,2.325302,gps_course,10,0.343,2.000,13,508085.258,3881301.547,-0.159945,0.077135,0.068866,0.5600,0.528,0.015,TRACKING|w0 d0 L10
33.856798,129.088702666667,35.074415166667,508086.931,3881299.072,0.542,2.325302,gps_course,10,0.343,2.000,13,508085.258,3881301.547,-0.159945,0.077135,0.072174,0.5600,0.528,0.015,TRACKING|w0 d0 L10
33.909053,129.088702666667,35.074415166667,508086.931,3881299.072,0.542,2.325302,gps_course,10,0.343,2.000,13,508085.258,3881301.547,-0.159945,0.077135,0.074158,0.5600,0.528,0.015,TRACKING|w0 d0 L10
33.956725,129.088701666667,35.074416000000,508086.840,3881299.164,0.555,2.292315,gps_course,10,0.466,2.000,13,508085.258,3881301.547,-0.135304,0.068272,0.071804,0.5600,0.528,0.027,TRACKING|w0 d0 L10
34.006875,129.088701666667,35.074416000000,508086.840,3881299.164,0.555,2.292315,gps_course,10,0.466,2.000,13,508085.258,3881301.547,-0.135304,0.068272,0.070391,0.5600,0.547,0.008,TRACKING|w0 d0 L10
34.056720,129.088701666667,35.074416000000,508086.840,3881299.164,0.555,2.292315,gps_course,10,0.466,2.000,13,508085.258,3881301.547,-0.135304,0.068272,0.069544,0.5600,0.547,0.008,TRACKING|w0 d0 L10
34.106772,129.088701666667,35.074416000000,508086.840,3881299.164,0.555,2.292315,gps_course,10,0.466,2.000,13,508085.258,3881301.547,-0.135304,0.068272,0.069035,0.5600,0.547,0.008,TRACKING|w0 d0 L10
34.156729,129.088701666667,35.074416000000,508086.840,3881299.164,0.555,2.292315,gps_course,10,0.466,2.000,13,508085.258,3881301.547,-0.135304,0.068272,0.068730,0.5600,0.547,0.008,TRACKING|w0 d0 L10
34.206805,129.088700666667,35.074417000000,508086.749,3881299.275,0.550,2.266136,gps_course,11,0.567,2.000,13,508085.258,3881301.547,-0.114542,0.060904,0.065600,0.5600,0.547,0.003,TRACKING|w0 d0 L11
34.256850,129.088700666667,35.074417000000,508086.749,3881299.275,0.550,2.266136,gps_course,11,0.567,2.000,13,508085.258,3881301.547,-0.114542,0.060904,0.063722,0.5600,0.547,0.003,TRACKING|w0 d0 L11
34.306742,129.088700666667,35.074417000000,508086.749,3881299.275,0.550,2.266136,gps_course,11,0.567,2.000,13,508085.258,3881301.547,-0.114542,0.060904,0.062595,0.5600,0.547,0.003,TRACKING|w0 d0 L11
34.356856,129.088700666667,35.074417000000,508086.749,3881299.275,0.550,2.266136,gps_course,11,0.567,2.000,13,508085.258,3881301.547,-0.114542,0.060904,0.061919,0.5600,0.547,0.003,TRACKING|w0 d0 L11
34.406760,129.088700666667,35.074417000000,508086.749,3881299.275,0.550,2.266136,gps_course,11,0.567,2.000,13,508085.258,3881301.547,-0.114542,0.060904,0.061513,0.5600,0.528,0.022,TRACKING|w0 d0 L11
34.456722,129.088699666667,35.074418000000,508086.658,3881299.385,0.579,2.284461,gps_course,11,0.424,2.000,13,508085.258,3881301.547,-0.138887,0.077800,0.068028,0.5600,0.528,0.052,TRACKING|w0 d0 L11
34.506731,129.088699666667,35.074418000000,508086.658,3881299.385,0.579,2.284461,gps_course,11,0.424,2.000,13,508085.258,3881301.547,-0.138887,0.077800,0.071936,0.5600,0.528,0.052,TRACKING|w0 d0 L11
34.556775,129.088699666667,35.074418000000,508086.658,3881299.385,0.579,2.284461,gps_course,11,0.424,2.000,13,508085.258,3881301.547,-0.138887,0.077800,0.074282,0.5600,0.528,0.052,TRACKING|w0 d0 L11
34.606734,129.088699666667,35.074418000000,508086.658,3881299.385,0.579,2.284461,gps_course,11,0.424,2.000,13,508085.258,3881301.547,-0.138887,0.077800,0.075689,0.5600,0.528,0.052,TRACKING|w0 d0 L11
34.657045,129.088699666667,35.074418000000,508086.658,3881299.385,0.579,2.284461,gps_course,11,0.424,2.000,13,508085.258,3881301.547,-0.138887,0.077800,0.076533,0.5600,0.528,0.052,TRACKING|w0 d0 L11
34.708940,129.088698833333,35.074419000000,508086.582,3881299.496,0.557,2.215172,gps_course,11,0.293,2.000,13,508085.258,3881301.547,-0.071071,0.042164,0.062785,0.5600,0.528,0.030,TRACKING|w0 d0 L11
34.756738,129.088698833333,35.074419000000,508086.582,3881299.496,0.557,2.215172,gps_course,11,0.293,2.000,13,508085.258,3881301.547,-0.071071,0.042164,0.054537,0.5600,0.528,0.030,TRACKING|w0 d0 L11
34.806761,129.088698833333,35.074419000000,508086.582,3881299.496,0.557,2.215172,gps_course,11,0.293,2.000,13,508085.258,3881301.547,-0.071071,0.042164,0.049587,0.5600,0.528,0.030,TRACKING|w0 d0 L11
34.856825,129.088698833333,35.074419000000,508086.582,3881299.496,0.557,2.215172,gps_course,11,0.293,2.000,13,508085.258,3881301.547,-0.071071,0.042164,0.046618,0.5600,0.528,0.030,TRACKING|w0 d0 L11
34.906710,129.088698833333,35.074419000000,508086.582,3881299.496,0.557,2.215172,gps_course,11,0.293,2.000,13,508085.258,3881301.547,-0.071071,0.042164,0.044836,0.5600,0.528,0.030,TRACKING|w0 d0 L11
34.956762,129.088697833333,35.074420000000,508086.490,3881299.607,0.560,2.253569,gps_course,11,0.155,2.000,13,508085.258,3881301.547,-0.116678,0.073320,0.056230,0.5600,0.528,0.032,TRACKING|w0 d0 L11
35.006812,129.088697833333,35.074420000000,508086.490,3881299.607,0.560,2.253569,gps_course,11,0.155,2.000,13,508085.258,3881301.547,-0.116678,0.073320,0.063066,0.5600,0.528,0.032,TRACKING|w0 d0 L11
35.056980,129.088697833333,35.074420000000,508086.490,3881299.607,0.560,2.253569,gps_course,11,0.155,2.000,13,508085.258,3881301.547,-0.116678,0.073320,0.067168,0.5600,0.528,0.032,TRACKING|w0 d0 L11
35.106744,129.088697833333,35.074420000000,508086.490,3881299.607,0.560,2.253569,gps_course,11,0.155,2.000,13,508085.258,3881301.547,-0.116678,0.073320,0.069629,0.5600,0.528,0.032,TRACKING|w0 d0 L11
35.156692,129.088697833333,35.074420000000,508086.490,3881299.607,0.560,2.253569,gps_course,11,0.155,2.000,13,508085.258,3881301.547,-0.116678,0.073320,0.071105,0.5600,0.528,0.032,TRACKING|w0 d0 L11
35.207072,129.088697000000,35.074421000000,508086.414,3881299.718,0.537,2.171190,gps_course,11,0.071,2.000,13,508085.258,3881301.547,-0.036499,0.024449,0.052443,0.5600,0.528,0.009,TRACKING|w0 d0 L11
35.256735,129.088697000000,35.074421000000,508086.414,3881299.718,0.537,2.171190,gps_course,11,0.071,2.000,13,508085.258,3881301.547,-0.036499,0.024449,0.041245,0.5600,0.528,0.009,TRACKING|w0 d0 L11
35.306734,129.088697000000,35.074421000000,508086.414,3881299.718,0.537,2.171190,gps_course,11,0.071,2.000,13,508085.258,3881301.547,-0.036499,0.024449,0.034527,0.5600,0.528,0.009,TRACKING|w0 d0 L11
35.356751,129.088697000000,35.074421000000,508086.414,3881299.718,0.537,2.171190,gps_course,11,0.071,2.000,13,508085.258,3881301.547,-0.036499,0.024449,0.030496,0.5600,0.528,0.009,TRACKING|w0 d0 L11
35.406760,129.088697000000,35.074421000000,508086.414,3881299.718,0.537,2.171190,gps_course,11,0.071,2.000,13,508085.258,3881301.547,-0.036499,0.024449,0.028077,0.5600,0.528,0.009,TRACKING|w0 d0 L11
35.456738,129.088696000000,35.074422000000,508086.323,3881299.829,0.593,2.232625,gps_course,11,0.151,2.000,13,508085.258,3881301.547,-0.106794,0.076313,0.047371,0.5600,0.528,0.065,TRACKING|w0 d0 L11
35.508165,129.088696000000,35.074422000000,508086.323,3881299.829,0.593,2.232625,gps_course,11,0.151,2.000,13,508085.258,3881301.547,-0.106794,0.076313,0.058948,0.5600,0.528,0.065,TRACKING|w0 d0 L11
35.556773,129.088696000000,35.074422000000,508086.323,3881299.829,0.593,2.232625,gps_course,11,0.151,2.000,13,508085.258,3881301.547,-0.106794,0.076313,0.065894,0.5600,0.528,0.065,TRACKING|w0 d0 L11
35.606828,129.088696000000,35.074422000000,508086.323,3881299.829,0.593,2.232625,gps_course,11,0.151,2.000,13,508085.258,3881301.547,-0.106794,0.076313,0.070061,0.5600,0.547,0.046,TRACKING|w0 d0 L11
35.656724,129.088696000000,35.074422000000,508086.323,3881299.829,0.593,2.232625,gps_course,11,0.151,2.000,13,508085.258,3881301.547,-0.106794,0.076313,0.072562,0.5600,0.547,0.046,TRACKING|w0 d0 L11
35.706713,129.088695000000,35.074423166667,508086.232,3881299.958,0.581,2.161416,gps_course,11,0.303,2.000,14,508084.695,3881302.544,-0.054422,0.026211,0.054022,0.5600,0.547,0.034,TRACKING|w0 d0 L11
35.756903,129.088695000000,35.074423166667,508086.232,3881299.958,0.581,2.161416,gps_course,11,0.303,2.000,14,508084.695,3881302.544,-0.054422,0.026211,0.042897,0.5600,0.547,0.034,TRACKING|w0 d0 L11
35.807031,129.088695000000,35.074423166667,508086.232,3881299.958,0.581,2.161416,gps_course,11,0.303,2.000,14,508084.695,3881302.544,-0.054422,0.026211,0.036223,0.5600,0.586,-0.005,TRACKING|w0 d0 L11
35.856980,129.088695000000,35.074423166667,508086.232,3881299.958,0.581,2.161416,gps_course,11,0.303,2.000,14,508084.695,3881302.544,-0.054422,0.026211,0.032218,0.5600,0.586,-0.005,TRACKING|w0 d0 L11
35.906733,129.088695000000,35.074423166667,508086.232,3881299.958,0.581,2.161416,gps_course,11,0.303,2.000,14,508084.695,3881302.544,-0.054422,0.026211,0.029815,0.5600,0.586,-0.005,TRACKING|w0 d0 L11
35.956742,129.088694166667,35.074424166667,508086.156,3881300.069,0.577,2.188643,gps_course,11,0.436,2.000,14,508084.695,3881302.544,-0.084703,0.042653,0.034950,0.5600,0.586,-0.009,TRACKING|w0 d0 L11
36.006821,129.088694166667,35.074424166667,508086.156,3881300.069,0.577,2.188643,gps_course,11,0.436,2.000,14,508084.695,3881302.544,-0.084703,0.042653,0.038031,0.5600,0.567,0.010,TRACKING|w0 d0 L11
36.056803,129.088694166667,35.074424166667,508086.156,3881300.069,0.577,2.188643,gps_course,11,0.436,2.000,14,508084.695,3881302.544,-0.084703,0.042653,0.039880,0.5600,0.567,0.010,TRACKING|w0 d0 L11
36.106770,129.088694166667,35.074424166667,508086.156,3881300.069,0.577,2.188643,gps_course,11,0.436,2.000,14,508084.695,3881302.544,-0.084703,0.042653,0.040989,0.5600,0.567,0.010,TRACKING|w0 d0 L11
36.157459,129.088694166667,35.074424166667,508086.156,3881300.069,0.577,2.188643,gps_course,11,0.436,2.000,14,508084.695,3881302.544,-0.084703,0.042653,0.041654,0.5600,0.567,0.010,TRACKING|w0 d0 L11
36.206842,129.088693333333,35.074425166667,508086.079,3881300.180,0.557,2.191086,gps_course,12,0.442,2.000,14,508084.695,3881302.544,-0.090499,0.047786,0.044107,0.5600,0.547,0.010,TRACKING|w0 d0 L12
36.256809,129.088693333333,35.074425166667,508086.079,3881300.180,0.557,2.191086,gps_course,12,0.442,2.000,14,508084.695,3881302.544,-0.090499,0.047786,0.045579,0.5600,0.547,0.010,TRACKING|w0 d0 L12
36.306905,129.088693333333,35.074425166667,508086.079,3881300.180,0.557,2.191086,gps_course,12,0.442,2.000,14,508084.695,3881302.544,-0.090499,0.047786,0.046461,0.5600,0.547,0.010,TRACKING|w0 d0 L12
36.356712,129.088693333333,35.074425166667,508086.079,3881300.180,0.557,2.191086,gps_course,12,0.442,2.000,14,508084.695,3881302.544,-0.090499,0.047786,0.046991,0.5600,0.547,0.010,TRACKING|w0 d0 L12
36.406800,129.088693333333,35.074425166667,508086.079,3881300.180,0.557,2.191086,gps_course,12,0.442,2.000,14,508084.695,3881302.544,-0.090499,0.047786,0.047309,0.5600,0.567,-0.010,TRACKING|w0 d0 L12
36.456651,129.088692333333,35.074426333333,508085.988,3881300.309,0.591,2.153736,gps_course,12,0.284,2.000,14,508084.695,3881302.544,-0.058348,0.032730,0.041477,0.5600,0.567,0.024,TRACKING|w0 d0 L12
36.506766,129.088692333333,35.074426333333,508085.988,3881300.309,0.591,2.153736,gps_course,12,0.284,2.000,14,508084.695,3881302.544,-0.058348,0.032730,0.037978,0.5600,0.567,0.024,TRACKING|w0 d0 L12
36.556717,129.088692333333,35.074426333333,508085.988,3881300.309,0.591,2.153736,gps_course,12,0.284,2.000,14,508084.695,3881302.544,-0.058348,0.032730,0.035879,0.5600,0.567,0.024,TRACKING|w0 d0 L12
36.607303,129.088692333333,35.074426333333,508085.988,3881300.309,0.591,2.153736,gps_course,12,0.284,2.000,14,508084.695,3881302.544,-0.058348,0.032730,0.034619,0.5600,0.547,0.044,TRACKING|w0 d0 L12
36.657334,129.088692333333,35.074426333333,508085.988,3881300.309,0.591,2.153736,gps_course,12,0.284,2.000,14,508084.695,3881302.544,-0.058348,0.032730,0.033863,0.5600,0.547,0.044,TRACKING|w0 d0 L12
36.706899,129.088691333333,35.074427333333,508085.897,3881300.420,0.567,2.228785,gps_course,12,0.143,2.000,14,508084.695,3881302.544,-0.143021,0.084465,0.054104,0.5600,0.547,0.020,TRACKING|w0 d0 L12
36.756902,129.088691333333,35.074427333333,508085.897,3881300.420,0.567,2.228785,gps_course,12,0.143,2.000,14,508084.695,3881302.544,-0.143021,0.084465,0.066248,0.5600,0.547,0.020,TRACKING|w0 d0 L12
36.806782,129.088691333333,35.074427333333,508085.897,3881300.420,0.567,2.228785,gps_course,12,0.143,2.000,14,508084.695,3881302.544,-0.143021,0.084465,0.073535,0.5600,0.547,0.020,TRACKING|w0 d0 L12
36.856785,129.088691333333,35.074427333333,508085.897,3881300.420,0.567,2.228785,gps_course,12,0.143,2.000,14,508084.695,3881302.544,-0.143021,0.084465,0.077907,0.5600,0.547,0.020,TRACKING|w0 d0 L12
36.906717,129.088691333333,35.074427333333,508085.897,3881300.420,0.567,2.228785,gps_course,12,0.143,2.000,14,508084.695,3881302.544,-0.143021,0.084465,0.080530,0.5600,0.547,0.020,TRACKING|w0 d0 L12
36.956747,129.088690666667,35.074428500000,508085.836,3881300.549,0.579,2.115688,gps_course,12,0.000,2.000,14,508084.695,3881302.544,-0.025270,0.015938,0.054693,0.5600,0.547,0.032,TRACKING|w0 d0 L12
37.006873,129.088690666667,35.074428500000,508085.836,3881300.549,0.579,2.115688,gps_course,12,0.000,2.000,14,508084.695,3881302.544,-0.025270,0.015938,0.039191,0.5600,0.567,0.013,TRACKING|w0 d0 L12
37.058649,129.088690666667,35.074428500000,508085.836,3881300.549,0.579,2.115688,gps_course,12,0.000,2.000,14,508084.695,3881302.544,-0.025270,0.015938,0.029890,0.5600,0.567,0.013,TRACKING|w0 d0 L12
37.108108,129.088690666667,35.074428500000,508085.836,3881300.549,0.579,2.115688,gps_course,12,0.000,2.000,14,508084.695,3881302.544,-0.025270,0.015938,0.024309,0.5600,0.567,0.013,TRACKING|w0 d0 L12
37.156734,129.088690666667,35.074428500000,508085.836,3881300.549,0.579,2.115688,gps_course,12,0.000,2.000,14,508084.695,3881302.544,-0.025270,0.015938,0.020961,0.5600,0.567,0.013,TRACKING|w0 d0 L12
37.206848,129.088689666667,35.074429500000,508085.745,3881300.660,0.580,2.132443,gps_course,12,0.144,2.000,14,508084.695,3881302.544,-0.053241,0.035756,0.026879,0.5600,0.567,0.013,TRACKING|w0 d0 L12
37.256721,129.088689666667,35.074429500000,508085.745,3881300.660,0.580,2.132443,gps_course,12,0.144,2.000,14,508084.695,3881302.544,-0.053241,0.035756,0.030429,0.5600,0.567,0.013,TRACKING|w0 d0 L12
37.306703,129.088689666667,35.074429500000,508085.745,3881300.660,0.580,2.132443,gps_course,12,0.144,2.000,14,508084.695,3881302.544,-0.053241,0.035756,0.032560,0.5600,0.567,0.013,TRACKING|w0 d0 L12
37.356741,129.088689666667,35.074429500000,508085.745,3881300.660,0.580,2.132443,gps_course,12,0.144,2.000,14,508084.695,3881302.544,-0.053241,0.035756,0.033838,0.5600,0.567,0.013,TRACKING|w0 d0 L12
37.407005,129.088689666667,35.074429500000,508085.745,3881300.660,0.580,2.132443,gps_course,12,0.144,2.000,14,508084.695,3881302.544,-0.053241,0.035756,0.034605,0.5600,0.586,-0.006,TRACKING|w0 d0 L12
37.456872,129.088689666667,35.074429500000,508085.745,3881300.660,0.580,2.132443,gps_course,12,0.144,2.000,14,508084.695,3881302.544,-0.053241,0.035756,0.035065,0.5600,0.586,-0.006,TRACKING|w0 d0 L12
37.506760,129.088688833333,35.074430500000,508085.669,3881300.771,0.551,2.163510,gps_course,12,0.278,2.000,14,508084.695,3881302.544,-0.090486,0.064667,0.046906,0.5600,0.586,-0.035,TRACKING|w0 d0 L12
37.557147,129.088688833333,35.074430500000,508085.669,3881300.771,0.551,2.163510,gps_course,12,0.278,2.000,14,508084.695,3881302.544,-0.090486,0.064667,0.054010,0.5600,0.586,-0.035,TRACKING|w0 d0 L12
37.606758,129.088688833333,35.074430500000,508085.669,3881300.771,0.551,2.163510,gps_course,12,0.278,2.000,14,508084.695,3881302.544,-0.090486,0.064667,0.058273,0.5600,0.567,-0.016,TRACKING|w0 d0 L12
37.656731,129.088688833333,35.074430500000,508085.669,3881300.771,0.551,2.163510,gps_course,12,0.278,2.000,14,508084.695,3881302.544,-0.090486,0.064667,0.060830,0.5600,0.567,-0.016,TRACKING|w0 d0 L12
37.707180,129.088688166667,35.074431666667,508085.608,3881300.900,0.552,2.097013,gps_course,12,0.419,2.000,15,508084.132,3881303.505,-0.010618,0.000000,0.036498,0.5600,0.567,-0.014,TRACKING|w0 d0 L12
37.756745,129.088688166667,35.074431666667,508085.608,3881300.900,0.552,2.097013,gps_course,12,0.419,2.000,15,508084.132,3881303.505,-0.010618,0.000000,0.021899,0.5600,0.567,-0.014,TRACKING|w0 d0 L12
37.807369,129.088688166667,35.074431666667,508085.608,3881300.900,0.552,2.097013,gps_course,12,0.419,2.000,15,508084.132,3881303.505,-0.010618,0.000000,0.013139,0.5600,0.528,0.025,TRACKING|w0 d0 L12
37.857142,129.088688166667,35.074431666667,508085.608,3881300.900,0.552,2.097013,gps_course,12,0.419,2.000,15,508084.132,3881303.505,-0.010618,0.000000,0.007884,0.5600,0.528,0.025,TRACKING|w0 d0 L12
37.907166,129.088688166667,35.074431666667,508085.608,3881300.900,0.552,2.097013,gps_course,12,0.419,2.000,15,508084.132,3881303.505,-0.010618,0.000000,0.004730,0.5600,0.528,0.025,TRACKING|w0 d0 L12
37.956715,129.088687166667,35.074432666667,508085.517,3881301.011,0.584,2.198068,gps_course,12,0.561,2.000,15,508084.132,3881303.505,-0.120354,0.060952,0.027219,0.5600,0.528,0.057,TRACKING|w0 d0 L12
38.006735,129.088687166667,35.074432666667,508085.517,3881301.011,0.584,2.198068,gps_course,12,0.561,2.000,15,508084.132,3881303.505,-0.120354,0.060952,0.040712,0.5600,0.547,0.037,TRACKING|w0 d0 L12
38.056719,129.088687166667,35.074432666667,508085.517,3881301.011,0.584,2.198068,gps_course,12,0.561,2.000,15,508084.132,3881303.505,-0.120354,0.060952,0.048808,0.5600,0.547,0.037,TRACKING|w0 d0 L12
38.106746,129.088687166667,35.074432666667,508085.517,3881301.011,0.584,2.198068,gps_course,12,0.561,2.000,15,508084.132,3881303.505,-0.120354,0.060952,0.053665,0.5600,0.547,0.037,TRACKING|w0 d0 L12
38.156753,129.088687166667,35.074432666667,508085.517,3881301.011,0.584,2.198068,gps_course,12,0.561,2.000,15,508084.132,3881303.505,-0.120354,0.060952,0.056580,0.5600,0.547,0.037,TRACKING|w0 d0 L12
38.206809,129.088686500000,35.074433833333,508085.456,3881301.140,0.576,2.085319,gps_course,13,0.452,2.000,15,508084.132,3881303.505,-0.004082,0.000000,0.033948,0.5600,0.567,0.009,TRACKING|w0 d0 L13
38.257261,129.088686500000,35.074433833333,508085.456,3881301.140,0.576,2.085319,gps_course,13,0.452,2.000,15,508084.132,3881303.505,-0.004082,0.000000,0.020369,0.5600,0.567,0.009,TRACKING|w0 d0 L13
38.306735,129.088686500000,35.074433833333,508085.456,3881301.140,0.576,2.085319,gps_course,13,0.452,2.000,15,508084.132,3881303.505,-0.004082,0.000000,0.012221,0.5600,0.567,0.009,TRACKING|w0 d0 L13
38.356727,129.088686500000,35.074433833333,508085.456,3881301.140,0.576,2.085319,gps_course,13,0.452,2.000,15,508084.132,3881303.505,-0.004082,0.000000,0.007333,0.5600,0.567,0.009,TRACKING|w0 d0 L13
38.408306,129.088686500000,35.074433833333,508085.456,3881301.140,0.576,2.085319,gps_course,13,0.452,2.000,15,508084.132,3881303.505,-0.004082,0.000000,0.004400,0.5600,0.547,0.028,TRACKING|w0 d0 L13
38.456835,129.088685666667,35.074434833333,508085.380,3881301.251,0.558,2.095093,gps_course,13,0.320,2.000,15,508084.132,3881303.505,-0.018602,0.010469,0.006827,0.5600,0.547,0.011,TRACKING|w0 d0 L13
38.506742,129.088685666667,35.074434833333,508085.380,3881301.251,0.558,2.095093,gps_course,13,0.320,2.000,15,508084.132,3881303.505,-0.018602,0.010469,0.008284,0.5600,0.547,0.011,TRACKING|w0 d0 L13
38.557809,129.088685666667,35.074434833333,508085.380,3881301.251,0.558,2.095093,gps_course,13,0.320,2.000,15,508084.132,3881303.505,-0.018602,0.010469,0.009158,0.5600,0.547,0.011,TRACKING|w0 d0 L13
38.606763,129.088685666667,35.074434833333,508085.380,3881301.251,0.558,2.095093,gps_course,13,0.320,2.000,15,508084.132,3881303.505,-0.018602,0.010469,0.009682,0.5600,0.528,0.031,TRACKING|w0 d0 L13
38.656893,129.088685666667,35.074434833333,508085.380,3881301.251,0.558,2.095093,gps_course,13,0.320,2.000,15,508084.132,3881303.505,-0.018602,0.010469,0.009997,0.5600,0.528,0.031,TRACKING|w0 d0 L13
38.708194,129.088684833333,35.074436000000,508085.303,3881301.380,0.577,2.171713,gps_course,13,0.172,2.000,15,508084.132,3881303.505,-0.096840,0.057720,0.029086,0.5600,0.528,0.049,TRACKING|w0 d0 L13
38.756720,129.088684833333,35.074436000000,508085.303,3881301.380,0.577,2.171713,gps_course,13,0.172,2.000,15,508084.132,3881303.505,-0.096840,0.057720,0.040539,0.5600,0.528,0.049,TRACKING|w0 d0 L13
38.806764,129.088684833333,35.074436000000,508085.303,3881301.380,0.577,2.171713,gps_course,13,0.172,2.000,15,508084.132,3881303.505,-0.096840,0.057720,0.047412,0.5600,0.547,0.029,TRACKING|w0 d0 L13
38.856728,129.088684833333,35.074436000000,508085.303,3881301.380,0.577,2.171713,gps_course,13,0.172,2.000,15,508084.132,3881303.505,-0.096840,0.057720,0.051535,0.5600,0.547,0.029,TRACKING|w0 d0 L13
38.906828,129.088684833333,35.074436000000,508085.303,3881301.380,0.577,2.171713,gps_course,13,0.172,2.000,15,508084.132,3881303.505,-0.096840,0.057720,0.054009,0.5600,0.547,0.029,TRACKING|w0 d0 L13
38.956725,129.088684000000,35.074437000000,508085.227,3881301.491,0.553,2.022837,gps_course,13,0.063,2.000,15,508084.132,3881303.505,0.046331,-0.029285,0.024071,0.5600,0.547,0.006,TRACKING|w0 d0 L13
39.006889,129.088684000000,35.074437000000,508085.227,3881301.491,0.553,2.022837,gps_course,13,0.063,2.000,15,508084.132,3881303.505,0.046331,-0.029285,0.002728,0.5600,0.567,-0.014,TRACKING|w0 d0 L13
39.057029,129.088684000000,35.074437000000,508085.227,3881301.491,0.553,2.022837,gps_course,13,0.063,2.000,15,508084.132,3881303.505,0.046331,-0.029285,-0.010077,0.5600,0.567,-0.014,TRACKING|w0 d0 L13
39.107876,129.088684000000,35.074437000000,508085.227,3881301.491,0.553,2.022837,gps_course,13,0.063,2.000,15,508084.132,3881303.505,0.046331,-0.029285,-0.017761,0.5600,0.567,-0.014,TRACKING|w0 d0 L13
39.156778,129.088684000000,35.074437000000,508085.227,3881301.491,0.553,2.022837,gps_course,13,0.063,2.000,15,508084.132,3881303.505,0.046331,-0.029285,-0.022371,0.5600,0.567,-0.014,TRACKING|w0 d0 L13
39.206761,129.088683166667,35.074438166667,508085.151,3881301.621,0.567,2.146755,gps_course,13,0.130,2.000,15,508084.132,3881303.505,-0.079931,0.053984,0.007619,0.5600,0.547,0.020,TRACKING|w0 d0 L13
39.256768,129.088683166667,35.074438166667,508085.151,3881301.621,0.567,2.146755,gps_course,13,0.130,2.000,15,508084.132,3881303.505,-0.079931,0.053984,0.026165,0.5600,0.547,0.020,TRACKING|w0 d0 L13
39.306755,129.088683166667,35.074438166667,508085.151,3881301.621,0.567,2.146755,gps_course,13,0.130,2.000,15,508084.132,3881303.505,-0.079931,0.053984,0.037293,0.5600,0.547,0.020,TRACKING|w0 d0 L13
39.356778,129.088683166667,35.074438166667,508085.151,3881301.621,0.567,2.146755,gps_course,13,0.130,2.000,15,508084.132,3881303.505,-0.079931,0.053984,0.043970,0.5600,0.547,0.020,TRACKING|w0 d0 L13
39.406724,129.088683166667,35.074438166667,508085.151,3881301.621,0.567,2.146755,gps_course,13,0.130,2.000,15,508084.132,3881303.505,-0.079931,0.053984,0.047976,0.5600,0.567,0.000,TRACKING|w0 d0 L13
39.456712,129.088682333333,35.074439166667,508085.075,3881301.731,0.571,2.108532,gps_course,13,0.260,2.000,15,508084.132,3881303.505,-0.048756,0.035162,0.042850,0.5600,0.567,0.004,TRACKING|w0 d0 L13
39.508424,129.088682333333,35.074439166667,508085.075,3881301.731,0.571,2.108532,gps_course,13,0.260,2.000,15,508084.132,3881303.505,-0.048756,0.035162,0.039775,0.5600,0.567,0.004,TRACKING|w0 d0 L13
39.556751,129.088682333333,35.074439166667,508085.075,3881301.731,0.571,2.108532,gps_course,13,0.260,2.000,15,508084.132,3881303.505,-0.048756,0.035162,0.037930,0.5600,0.567,0.004,TRACKING|w0 d0 L13
39.606762,129.088682333333,35.074439166667,508085.075,3881301.731,0.571,2.108532,gps_course,13,0.260,2.000,15,508084.132,3881303.505,-0.048756,0.035162,0.036823,0.5600,0.567,0.004,TRACKING|w0 d0 L13
39.656732,129.088682333333,35.074439166667,508085.075,3881301.731,0.571,2.108532,gps_course,13,0.260,2.000,15,508084.132,3881303.505,-0.048756,0.035162,0.036159,0.5600,0.567,0.004,TRACKING|w0 d0 L13
39.706756,129.088681666667,35.074440333333,508085.014,3881301.861,0.564,2.086716,gps_course,13,0.397,2.000,16,508083.614,3881304.410,-0.013681,0.000000,0.021695,0.5600,0.567,-0.002,TRACKING|w0 d0 L13
39.756883,129.088681666667,35.074440333333,508085.014,3881301.861,0.564,2.086716,gps_course,13,0.397,2.000,16,508083.614,3881304.410,-0.013681,0.000000,0.013017,0.5600,0.567,-0.002,TRACKING|w0 d0 L13
39.806928,129.088681666667,35.074440333333,508085.014,3881301.861,0.564,2.086716,gps_course,13,0.397,2.000,16,508083.614,3881304.410,-0.013681,0.000000,0.007810,0.5600,0.528,0.036,TRACKING|w0 d0 L13
39.857125,129.088681666667,35.074440333333,508085.014,3881301.861,0.564,2.086716,gps_course,13,0.397,2.000,16,508083.614,3881304.410,-0.013681,0.000000,0.004686,0.5600,0.528,0.036,TRACKING|w0 d0 L13
39.907186,129.088681666667,35.074440333333,508085.014,3881301.861,0.564,2.086716,gps_course,13,0.397,2.000,16,508083.614,3881304.410,-0.013681,0.000000,0.002812,0.5600,0.528,0.036,TRACKING|w0 d0 L13
39.956753,129.088681000000,35.074441333333,508084.953,3881301.972,0.555,2.050762,gps_course,13,0.523,2.000,16,508083.614,3881304.410,0.022272,-0.011607,-0.002956,0.5600,0.528,0.027,TRACKING|w0 d0 L13
40.006755,129.088681000000,35.074441333333,508084.953,3881301.972,0.555,2.050762,gps_course,13,0.523,2.000,16,508083.614,3881304.410,0.022272,-0.011607,-0.006416,0.5600,0.528,0.027,TRACKING|w0 d0 L13
40.056747,129.088681000000,35.074441333333,508084.953,3881301.972,0.555,2.050762,gps_course,13,0.523,2.000,16,508083.614,3881304.410,0.022272,-0.011607,-0.008492,0.5600,0.528,0.027,TRACKING|w0 d0 L13
40.106738,129.088681000000,35.074441333333,508084.953,3881301.972,0.555,2.050762,gps_course,13,0.523,2.000,16,508083.614,3881304.410,0.022272,-0.011607,-0.009738,0.5600,0.528,0.027,TRACKING|w0 d0 L13
40.156872,129.088681000000,35.074441333333,508084.953,3881301.972,0.555,2.050762,gps_course,13,0.523,2.000,16,508083.614,3881304.410,0.022272,-0.011607,-0.010485,0.5600,0.528,0.027,TRACKING|w0 d0 L13
40.206732,129.088680166667,35.074442500000,508084.877,3881302.101,0.549,2.174157,gps_course,14,0.480,2.000,16,508083.614,3881304.410,-0.102810,0.056477,0.016299,0.5600,0.547,0.001,TRACKING|w0 d0 L14
40.256783,129.088680166667,35.074442500000,508084.877,3881302.101,0.549,2.174157,gps_course,14,0.480,2.000,16,508083.614,3881304.410,-0.102810,0.056477,0.032370,0.5600,0.547,0.001,TRACKING|w0 d0 L14
40.308544,129.088680166667,35.074442500000,508084.877,3881302.101,0.549,2.174157,gps_course,14,0.480,2.000,16,508083.614,3881304.410,-0.102810,0.056477,0.042013,0.5600,0.547,0.001,TRACKING|w0 d0 L14
40.356736,129.088680166667,35.074442500000,508084.877,3881302.101,0.549,2.174157,gps_course,14,0.480,2.000,16,508083.614,3881304.410,-0.102810,0.056477,0.047798,0.5600,0.547,0.001,TRACKING|w0 d0 L14
40.406795,129.088680166667,35.074442500000,508084.877,3881302.101,0.549,2.174157,gps_course,14,0.480,2.000,16,508083.614,3881304.410,-0.102810,0.056477,0.051270,0.5600,0.567,-0.018,TRACKING|w0 d0 L14
40.456660,129.088679333333,35.074443666667,508084.801,3881302.230,0.602,2.065946,gps_course,14,0.332,2.000,16,508083.614,3881304.410,0.003508,0.000000,0.030762,0.5600,0.567,0.036,TRACKING|w0 d0 L14
40.506806,129.088679333333,35.074443666667,508084.801,3881302.230,0.602,2.065946,gps_course,14,0.332,2.000,16,508083.614,3881304.410,0.003508,0.000000,0.018457,0.5600,0.567,0.036,TRACKING|w0 d0 L14
40.556714,129.088679333333,35.074443666667,508084.801,3881302.230,0.602,2.065946,gps_course,14,0.332,2.000,16,508083.614,3881304.410,0.003508,0.000000,0.011074,0.5600,0.567,0.036,TRACKING|w0 d0 L14
40.606814,129.088679333333,35.074443666667,508084.801,3881302.230,0.602,2.065946,gps_course,14,0.332,2.000,16,508083.614,3881304.410,0.003508,0.000000,0.006645,0.5600,0.528,0.074,TRACKING|w0 d0 L14
40.657007,129.088679333333,35.074443666667,508084.801,3881302.230,0.602,2.065946,gps_course,14,0.332,2.000,16,508083.614,3881304.410,0.003508,0.000000,0.003987,0.5600,0.528,0.074,TRACKING|w0 d0 L14
40.706815,129.088678666667,35.074444666667,508084.740,3881302.341,0.514,2.078862,gps_course,14,0.208,2.000,16,508083.614,3881304.410,-0.009600,0.000000,0.002392,0.5600,0.528,-0.014,TRACKING|w0 d0 L14
40.757129,129.088678666667,35.074444666667,508084.740,3881302.341,0.514,2.078862,gps_course,14,0.208,2.000,16,508083.614,3881304.410,-0.009600,0.000000,0.001435,0.5600,0.528,-0.014,TRACKING|w0 d0 L14
40.806783,129.088678666667,35.074444666667,508084.740,3881302.341,0.514,2.078862,gps_course,14,0.208,2.000,16,508083.614,3881304.410,-0.009600,0.000000,0.000861,0.5600,0.508,0.006,TRACKING|w0 d0 L14
40.856761,129.088678666667,35.074444666667,508084.740,3881302.341,0.514,2.078862,gps_course,14,0.208,2.000,16,508083.614,3881304.410,-0.009600,0.000000,0.000517,0.5600,0.508,0.006,TRACKING|w0 d0 L14
40.906764,129.088678666667,35.074444666667,508084.740,3881302.341,0.514,2.078862,gps_course,14,0.208,2.000,16,508083.614,3881304.410,-0.009600,0.000000,0.000310,0.5600,0.508,0.006,TRACKING|w0 d0 L14
40.957691,129.088677833333,35.074445833333,508084.664,3881302.470,0.577,2.093173,gps_course,14,0.080,2.000,16,508083.614,3881304.410,-0.026182,0.017208,0.007069,0.5600,0.508,0.068,TRACKING|w0 d0 L14
41.006783,129.088677833333,35.074445833333,508084.664,3881302.470,0.577,2.093173,gps_course,14,0.080,2.000,16,508083.614,3881304.410,-0.026182,0.017208,0.011125,0.5600,0.547,0.029,TRACKING|w0 d0 L14
41.056808,129.088677833333,35.074445833333,508084.664,3881302.470,0.577,2.093173,gps_course,14,0.080,2.000,16,508083.614,3881304.410,-0.026182,0.017208,0.013558,0.5600,0.547,0.029,TRACKING|w0 d0 L14
41.106994,129.088677833333,35.074445833333,508084.664,3881302.470,0.577,2.093173,gps_course,14,0.080,2.000,16,508083.614,3881304.410,-0.026182,0.017208,0.015018,0.5600,0.547,0.029,TRACKING|w0 d0 L14
41.156711,129.088677833333,35.074445833333,508084.664,3881302.470,0.577,2.093173,gps_course,14,0.080,2.000,16,508083.614,3881304.410,-0.026182,0.017208,0.015894,0.5600,0.547,0.029,TRACKING|w0 d0 L14
41.206940,129.088677166667,35.074447000000,508084.603,3881302.600,0.580,2.094395,gps_course,14,0.107,2.000,16,508083.614,3881304.410,-0.023517,0.016526,0.016147,0.5600,0.567,0.013,TRACKING|w0 d0 L14
41.256720,129.088677166667,35.074447000000,508084.603,3881302.600,0.580,2.094395,gps_course,14,0.107,2.000,16,508083.614,3881304.410,-0.023517,0.016526,0.016298,0.5600,0.567,0.013,TRACKING|w0 d0 L14
41.306752,129.088677166667,35.074447000000,508084.603,3881302.600,0.580,2.094395,gps_course,14,0.107,2.000,16,508083.614,3881304.410,-0.023517,0.016526,0.016389,0.5600,0.567,0.013,TRACKING|w0 d0 L14
41.356742,129.088677166667,35.074447000000,508084.603,3881302.600,0.580,2.094395,gps_course,14,0.107,2.000,16,508083.614,3881304.410,-0.023517,0.016526,0.016444,0.5600,0.567,0.013,TRACKING|w0 d0 L14
41.407358,129.088677166667,35.074447000000,508084.603,3881302.600,0.580,2.094395,gps_course,14,0.107,2.000,16,508083.614,3881304.410,-0.023517,0.016526,0.016476,0.5600,0.547,0.033,TRACKING|w0 d0 L14
41.459703,129.088676333333,35.074448166667,508084.527,3881302.729,0.583,2.049889,gps_course,14,0.249,2.000,17,508083.112,3881305.278,0.027707,-0.013775,0.004376,0.5600,0.547,0.036,TRACKING|w0 d0 L14
41.506745,129.088676333333,35.074448166667,508084.527,3881302.729,0.583,2.049889,gps_course,14,0.249,2.000,17,508083.112,3881305.278,0.027707,-0.013775,-0.002884,0.5600,0.547,0.036,TRACKING|w0 d0 L14
41.556814,129.088676333333,35.074448166667,508084.527,3881302.729,0.583,2.049889,gps_course,14,0.249,2.000,17,508083.112,3881305.278,0.027707,-0.013775,-0.007241,0.5600,0.547,0.036,TRACKING|w0 d0 L14
41.606829,129.088676333333,35.074448166667,508084.527,3881302.729,0.583,2.049889,gps_course,14,0.249,2.000,17,508083.112,3881305.278,0.027707,-0.013775,-0.009854,0.5600,0.547,0.036,TRACKING|w0 d0 L14
41.656837,129.088676333333,35.074448166667,508084.527,3881302.729,0.583,2.049889,gps_course,14,0.249,2.000,17,508083.112,3881305.278,0.027707,-0.013775,-0.011423,0.5600,0.547,0.036,TRACKING|w0 d0 L14
41.706738,129.088675666667,35.074449333333,508084.466,3881302.858,0.585,1.988105,gps_course,14,0.388,2.000,17,508083.112,3881305.278,0.092929,-0.048479,-0.026245,0.5600,0.547,0.038,TRACKING|w0 d0 L14
41.756740,129.088675666667,35.074449333333,508084.466,3881302.858,0.585,1.988105,gps_course,14,0.388,2.000,17,508083.112,3881305.278,0.092929,-0.048479,-0.035138,0.5600,0.547,0.038,TRACKING|w0 d0 L14
41.806955,129.088675666667,35.074449333333,508084.466,3881302.858,0.585,1.988105,gps_course,14,0.388,2.000,17,508083.112,3881305.278,0.092929,-0.048479,-0.040475,0.5600,0.567,0.018,TRACKING|w0 d0 L14
41.857053,129.088675666667,35.074449333333,508084.466,3881302.858,0.585,1.988105,gps_course,14,0.388,2.000,17,508083.112,3881305.278,0.092929,-0.048479,-0.043676,0.5600,0.567,0.018,TRACKING|w0 d0 L14
41.906908,129.088675666667,35.074449333333,508084.466,3881302.858,0.585,1.988105,gps_course,14,0.388,2.000,17,508083.112,3881305.278,0.092929,-0.048479,-0.045597,0.5600,0.567,0.018,TRACKING|w0 d0 L14
41.956751,129.088675000000,35.074450333333,508084.406,3881302.969,0.530,2.023884,gps_course,14,0.514,2.000,17,508083.112,3881305.278,0.057531,-0.031489,-0.039954,0.5600,0.567,-0.036,TRACKING|w0 d0 L14
42.006860,129.088675000000,35.074450333333,508084.406,3881302.969,0.530,2.023884,gps_course,14,0.514,2.000,17,508083.112,3881305.278,0.057531,-0.031489,-0.036568,0.5600,0.586,-0.056,TRACKING|w0 d0 L14
42.056788,129.088675000000,35.074450333333,508084.406,3881302.969,0.530,2.023884,gps_course,14,0.514,2.000,17,508083.112,3881305.278,0.057531,-0.031489,-0.034536,0.5600,0.586,-0.056,TRACKING|w0 d0 L14
42.107173,129.088675000000,35.074450333333,508084.406,3881302.969,0.530,2.023884,gps_course,14,0.514,2.000,17,508083.112,3881305.278,0.057531,-0.031489,-0.033317,0.5600,0.586,-0.056,TRACKING|w0 d0 L14
42.156740,129.088675000000,35.074450333333,508084.406,3881302.969,0.530,2.023884,gps_course,14,0.514,2.000,17,508083.112,3881305.278,0.057531,-0.031489,-0.032586,0.5600,0.586,-0.056,TRACKING|w0 d0 L14
42.206792,129.088674166667,35.074451500000,508084.329,3881303.098,0.566,2.119702,gps_course,15,0.452,2.000,17,508083.112,3881305.278,-0.039564,0.022966,-0.010365,0.5600,0.547,0.019,TRACKING|w0 d0 L15
42.258320,129.088674166667,35.074451500000,508084.329,3881303.098,0.566,2.119702,gps_course,15,0.452,2.000,17,508083.112,3881305.278,-0.039564,0.022966,0.002967,0.5600,0.547,0.019,TRACKING|w0 d0 L15
42.306768,129.088674166667,35.074451500000,508084.329,3881303.098,0.566,2.119702,gps_course,15,0.452,2.000,17,508083.112,3881305.278,-0.039564,0.022966,0.010966,0.5600,0.547,0.019,TRACKING|w0 d0 L15
42.357505,129.088674166667,35.074451500000,508084.329,3881303.098,0.566,2.119702,gps_course,15,0.452,2.000,17,508083.112,3881305.278,-0.039564,0.022966,0.015766,0.5600,0.547,0.019,TRACKING|w0 d0 L15
42.406894,129.088674166667,35.074451500000,508084.329,3881303.098,0.566,2.119702,gps_course,15,0.452,2.000,17,508083.112,3881305.278,-0.039564,0.022966,0.018646,0.5600,0.547,0.019,TRACKING|w0 d0 L15
42.456626,129.088673500000,35.074452666667,508084.269,3881303.228,0.555,2.066993,gps_course,15,0.309,2.000,17,508083.112,3881305.278,0.017349,-0.010684,0.006914,0.5600,0.547,0.008,TRACKING|w0 d0 L15
42.506889,129.088673500000,35.074452666667,508084.269,3881303.228,0.555,2.066993,gps_course,15,0.309,2.000,17,508083.112,3881305.278,0.017349,-0.010684,-0.000125,0.5600,0.547,0.008,TRACKING|w0 d0 L15
42.557758,129.088673500000,35.074452666667,508084.269,3881303.228,0.555,2.066993,gps_course,15,0.309,2.000,17,508083.112,3881305.278,0.017349,-0.010684,-0.004349,0.5600,0.547,0.008,TRACKING|w0 d0 L15
42.606772,129.088673500000,35.074452666667,508084.269,3881303.228,0.555,2.066993,gps_course,15,0.309,2.000,17,508083.112,3881305.278,0.017349,-0.010684,-0.006883,0.5600,0.547,0.008,TRACKING|w0 d0 L15
42.657542,129.088673500000,35.074452666667,508084.269,3881303.228,0.555,2.066993,gps_course,15,0.309,2.000,17,508083.112,3881305.278,0.017349,-0.010684,-0.008403,0.5600,0.547,0.008,TRACKING|w0 d0 L15
42.707738,129.088672666667,35.074453666667,508084.193,3881303.339,0.588,2.096839,gps_course,15,0.177,2.000,17,508083.112,3881305.278,-0.017817,0.011634,-0.000388,0.5600,0.547,0.041,TRACKING|w0 d0 L15
42.756759,129.088672666667,35.074453666667,508084.193,3881303.339,0.588,2.096839,gps_course,15,0.177,2.000,17,508083.112,3881305.278,-0.017817,0.011634,0.004420,0.5600,0.547,0.041,TRACKING|w0 d0 L15
42.807047,129.088672666667,35.074453666667,508084.193,3881303.339,0.588,2.096839,gps_course,15,0.177,2.000,17,508083.112,3881305.278,-0.017817,0.011634,0.007306,0.5600,0.567,0.021,TRACKING|w0 d0 L15
42.856855,129.088672666667,35.074453666667,508084.193,3881303.339,0.588,2.096839,gps_course,15,0.177,2.000,17,508083.112,3881305.278,-0.017817,0.011634,0.009037,0.5600,0.567,0.021,TRACKING|w0 d0 L15
42.906814,129.088672666667,35.074453666667,508084.193,3881303.339,0.588,2.096839,gps_course,15,0.177,2.000,17,508083.112,3881305.278,-0.017817,0.011634,0.010076,0.5600,0.567,0.021,TRACKING|w0 d0 L15
42.956869,129.088671833333,35.074454833333,508084.116,3881303.468,0.576,2.140646,gps_course,15,0.040,2.000,17,508083.112,3881305.278,-0.063337,0.044299,0.023765,0.5600,0.567,0.009,TRACKING|w0 d0 L15
43.006771,129.088671833333,35.074454833333,508084.116,3881303.468,0.576,2.140646,gps_course,15,0.040,2.000,17,508083.112,3881305.278,-0.063337,0.044299,0.031978,0.5600,0.567,0.009,TRACKING|w0 d0 L15
43.057815,129.088671833333,35.074454833333,508084.116,3881303.468,0.576,2.140646,gps_course,15,0.040,2.000,17,508083.112,3881305.278,-0.063337,0.044299,0.036906,0.5600,0.567,0.009,TRACKING|w0 d0 L15
43.106734,129.088671833333,35.074454833333,508084.116,3881303.468,0.576,2.140646,gps_course,15,0.040,2.000,17,508083.112,3881305.278,-0.063337,0.044299,0.039863,0.5600,0.567,0.009,TRACKING|w0 d0 L15
43.156882,129.088671833333,35.074454833333,508084.116,3881303.468,0.576,2.140646,gps_course,15,0.040,2.000,17,508083.112,3881305.278,-0.063337,0.044299,0.041637,0.5600,0.567,0.009,TRACKING|w0 d0 L15
43.206815,129.088671000000,35.074456166667,508084.040,3881303.616,0.604,2.031563,gps_course,15,0.144,2.000,18,508082.610,3881306.184,0.047530,-0.023432,0.015609,0.5600,0.567,0.038,TRACKING|w0 d0 L15
43.256782,129.088671000000,35.074456166667,508084.040,3881303.616,0.604,2.031563,gps_course,15,0.144,2.000,18,508082.610,3881306.184,0.047530,-0.023432,-0.000007,0.5600,0.567,0.038,TRACKING|w0 d0 L15
43.306944,129.088671000000,35.074456166667,508084.040,3881303.616,0.604,2.031563,gps_course,15,0.144,2.000,18,508082.610,3881306.184,0.047530,-0.023432,-0.009377,0.5600,0.567,0.038,TRACKING|w0 d0 L15
43.356815,129.088671000000,35.074456166667,508084.040,3881303.616,0.604,2.031563,gps_course,15,0.144,2.000,18,508082.610,3881306.184,0.047530,-0.023432,-0.014999,0.5600,0.567,0.038,TRACKING|w0 d0 L15
43.407044,129.088671000000,35.074456166667,508084.040,3881303.616,0.604,2.031563,gps_course,15,0.144,2.000,18,508082.610,3881306.184,0.047530,-0.023432,-0.018373,0.5600,0.586,0.018,TRACKING|w0 d0 L15
43.456678,129.088671000000,35.074456166667,508084.040,3881303.616,0.642,2.046748,gps_course,15,0.144,2.000,18,508082.610,3881306.184,0.032345,-0.015951,-0.017404,0.5600,0.586,0.056,TRACKING|w0 d0 L15
43.506797,129.088670166667,35.074457333333,508083.964,3881303.745,0.642,2.046748,gps_course,15,0.293,2.000,18,508082.610,3881306.184,0.031078,-0.016151,-0.016903,0.5600,0.586,0.056,TRACKING|w0 d0 L15
43.556687,129.088670166667,35.074457333333,508083.964,3881303.745,0.642,2.046748,gps_course,15,0.293,2.000,18,508082.610,3881306.184,0.031078,-0.016151,-0.016602,0.5600,0.586,0.056,TRACKING|w0 d0 L15
43.607664,129.088670166667,35.074457333333,508083.964,3881303.745,0.642,2.046748,gps_course,15,0.293,2.000,18,508082.610,3881306.184,0.031078,-0.016151,-0.016421,0.5600,0.586,0.056,TRACKING|w0 d0 L15
43.656762,129.088670166667,35.074457333333,508083.964,3881303.745,0.642,2.046748,gps_course,15,0.293,2.000,18,508082.610,3881306.184,0.031078,-0.016151,-0.016313,0.5600,0.586,0.056,TRACKING|w0 d0 L15
43.706833,129.088669500000,35.074458500000,508083.903,3881303.874,0.616,2.076418,gps_course,15,0.434,2.000,18,508082.610,3881306.184,0.005021,0.000000,-0.009788,0.5600,0.586,0.030,TRACKING|w0 d0 L15
43.756750,129.088669500000,35.074458500000,508083.903,3881303.874,0.616,2.076418,gps_course,15,0.434,2.000,18,508082.610,3881306.184,0.005021,0.000000,-0.005873,0.5600,0.586,0.030,TRACKING|w0 d0 L15
43.806748,129.088669500000,35.074458500000,508083.903,3881303.874,0.616,2.076418,gps_course,15,0.434,2.000,18,508082.610,3881306.184,0.005021,0.000000,-0.003524,0.5600,0.586,0.030,TRACKING|w0 d0 L15
43.856879,129.088669500000,35.074458500000,508083.903,3881303.874,0.616,2.076418,gps_course,15,0.434,2.000,18,508082.610,3881306.184,0.005021,0.000000,-0.002114,0.5600,0.586,0.030,TRACKING|w0 d0 L15
43.906783,129.088669500000,35.074458500000,508083.903,3881303.874,0.616,2.076418,gps_course,15,0.434,2.000,18,508082.610,3881306.184,0.005021,0.000000,-0.001269,0.5600,0.586,0.030,TRACKING|w0 d0 L15
43.957991,129.088668500000,35.074459833333,508083.812,3881304.022,0.615,2.057569,gps_course,16,0.435,2.000,18,508082.610,3881306.184,0.020868,-0.012233,-0.005654,0.5600,0.586,0.029,TRACKING|w0 d0 L16
44.006782,129.088668500000,35.074459833333,508083.812,3881304.022,0.615,2.057569,gps_course,16,0.435,2.000,18,508082.610,3881306.184,0.020868,-0.012233,-0.008286,0.5600,0.603,0.012,TRACKING|w0 d0 L16
44.057072,129.088668500000,35.074459833333,508083.812,3881304.022,0.615,2.057569,gps_course,16,0.435,2.000,18,508082.610,3881306.184,0.020868,-0.012233,-0.009864,0.5600,0.603,0.012,TRACKING|w0 d0 L16
44.106785,129.088668500000,35.074459833333,508083.812,3881304.022,0.615,2.057569,gps_course,16,0.435,2.000,18,508082.610,3881306.184,0.020868,-0.012233,-0.010812,0.5600,0.603,0.012,TRACKING|w0 d0 L16
44.156936,129.088668500000,35.074459833333,508083.812,3881304.022,0.615,2.057569,gps_course,16,0.435,2.000,18,508082.610,3881306.184,0.020868,-0.012233,-0.011380,0.5600,0.603,0.012,TRACKING|w0 d0 L16
44.206859,129.088667833333,35.074461000000,508083.751,3881304.151,0.606,2.028247,gps_course,16,0.293,2.000,18,508082.610,3881306.184,0.054331,-0.033771,-0.020336,0.5600,0.622,-0.017,TRACKING|w0 d0 L16
44.256751,129.088667833333,35.074461000000,508083.751,3881304.151,0.606,2.028247,gps_course,16,0.293,2.000,18,508082.610,3881306.184,0.054331,-0.033771,-0.025710,0.5600,0.622,-0.017,TRACKING|w0 d0 L16
44.307681,129.088667833333,35.074461000000,508083.751,3881304.151,0.606,2.028247,gps_course,16,0.293,2.000,18,508082.610,3881306.184,0.054331,-0.033771,-0.028935,0.5600,0.622,-0.017,TRACKING|w0 d0 L16
44.356681,129.088667833333,35.074461000000,508083.751,3881304.151,0.606,2.028247,gps_course,16,0.293,2.000,18,508082.610,3881306.184,0.054331,-0.033771,-0.030869,0.5600,0.622,-0.017,TRACKING|w0 d0 L16
44.406770,129.088667833333,35.074461000000,508083.751,3881304.151,0.606,2.028247,gps_course,16,0.293,2.000,18,508082.610,3881306.184,0.054331,-0.033771,-0.032030,0.5600,0.586,0.019,TRACKING|w0 d0 L16
44.456732,129.088667833333,35.074461000000,508083.751,3881304.151,0.606,2.028247,gps_course,16,0.293,2.000,18,508082.610,3881306.184,0.054331,-0.033771,-0.032726,0.5600,0.586,0.019,TRACKING|w0 d0 L16
44.506770,129.088667166667,35.074462166667,508083.690,3881304.281,0.585,2.027724,gps_course,16,0.150,2.000,18,508082.610,3881306.184,0.059536,-0.039408,-0.035399,0.5600,0.586,-0.001,TRACKING|w0 d0 L16
44.556831,129.088667166667,35.074462166667,508083.690,3881304.281,0.585,2.027724,gps_course,16,0.150,2.000,18,508082.610,3881306.184,0.059536,-0.039408,-0.037002,0.5600,0.586,-0.001,TRACKING|w0 d0 L16
44.606810,129.088667166667,35.074462166667,508083.690,3881304.281,0.585,2.027724,gps_course,16,0.150,2.000,18,508082.610,3881306.184,0.059536,-0.039408,-0.037965,0.5600,0.586,-0.001,TRACKING|w0 d0 L16
44.656808,129.088667166667,35.074462166667,508083.690,3881304.281,0.585,2.027724,gps_course,16,0.150,2.000,18,508082.610,3881306.184,0.059536,-0.039408,-0.038542,0.5600,0.586,-0.001,TRACKING|w0 d0 L16
44.706737,129.088666333333,35.074463333333,508083.614,3881304.410,0.597,2.089857,gps_course,16,0.000,2.000,18,508082.610,3881306.184,-0.003731,0.000000,-0.023125,0.5600,0.586,0.011,TRACKING|w0 d0 L16
44.756857,129.088666333333,35.074463333333,508083.614,3881304.410,0.597,2.089857,gps_course,16,0.000,2.000,18,508082.610,3881306.184,-0.003731,0.000000,-0.013875,0.5600,0.586,0.011,TRACKING|w0 d0 L16
44.806727,129.088666333333,35.074463333333,508083.614,3881304.410,0.597,2.089857,gps_course,16,0.000,2.000,18,508082.610,3881306.184,-0.003731,0.000000,-0.008325,0.5600,0.586,0.011,TRACKING|w0 d0 L16
44.856800,129.088666333333,35.074463333333,508083.614,3881304.410,0.597,2.089857,gps_course,16,0.000,2.000,18,508082.610,3881306.184,-0.003731,0.000000,-0.004995,0.5600,0.586,0.011,TRACKING|w0 d0 L16
44.906766,129.088666333333,35.074463333333,508083.614,3881304.410,0.597,2.089857,gps_course,16,0.000,2.000,18,508082.610,3881306.184,-0.003731,0.000000,-0.002997,0.5600,0.586,0.011,TRACKING|w0 d0 L16
44.956746,129.088665500000,35.074464500000,508083.538,3881304.539,0.618,2.068913,gps_course,16,0.150,2.000,19,508082.062,3881307.200,0.008506,0.000000,-0.001798,0.5600,0.586,0.032,TRACKING|w0 d0 L16
45.006788,129.088665500000,35.074464500000,508083.538,3881304.539,0.618,2.068913,gps_course,16,0.150,2.000,19,508082.062,3881307.200,0.008506,0.000000,-0.001079,0.5600,0.586,0.032,TRACKING|w0 d0 L16
45.056858,129.088665500000,35.074464500000,508083.538,3881304.539,0.618,2.068913,gps_course,16,0.150,2.000,19,508082.062,3881307.200,0.008506,0.000000,-0.000647,0.5600,0.586,0.032,TRACKING|w0 d0 L16
45.107392,129.088665500000,35.074464500000,508083.538,3881304.539,0.618,2.068913,gps_course,16,0.150,2.000,19,508082.062,3881307.200,0.008506,0.000000,-0.000388,0.5600,0.586,0.032,TRACKING|w0 d0 L16
45.156739,129.088665500000,35.074464500000,508083.538,3881304.539,0.618,2.068913,gps_course,16,0.150,2.000,19,508082.062,3881307.200,0.008506,0.000000,-0.000233,0.5600,0.586,0.032,TRACKING|w0 d0 L16
45.207206,129.088664833333,35.074465833333,508083.477,3881304.687,0.583,2.024756,gps_course,16,0.309,2.000,19,508082.062,3881307.200,0.059065,-0.029673,-0.012009,0.5600,0.586,-0.003,TRACKING|w0 d0 L16
45.256696,129.088664833333,35.074465833333,508083.477,3881304.687,0.583,2.024756,gps_course,16,0.309,2.000,19,508082.062,3881307.200,0.059065,-0.029673,-0.019075,0.5600,0.586,-0.003,TRACKING|w0 d0 L16
45.306776,129.088664833333,35.074465833333,508083.477,3881304.687,0.583,2.024756,gps_course,16,0.309,2.000,19,508082.062,3881307.200,0.059065,-0.029673,-0.023314,0.5600,0.586,-0.003,TRACKING|w0 d0 L16
45.356796,129.088664833333,35.074465833333,508083.477,3881304.687,0.583,2.024756,gps_course,16,0.309,2.000,19,508082.062,3881307.200,0.059065,-0.029673,-0.025858,0.5600,0.586,-0.003,TRACKING|w0 d0 L16
45.406902,129.088664833333,35.074465833333,508083.477,3881304.687,0.583,2.024756,gps_course,16,0.309,2.000,19,508082.062,3881307.200,0.059065,-0.029673,-0.027384,0.5600,0.586,-0.003,TRACKING|w0 d0 L16
45.458593,129.088664000000,35.074467000000,508083.401,3881304.817,0.610,2.112372,gps_course,16,0.459,2.000,19,508082.062,3881307.200,-0.029584,0.015688,-0.010155,0.5600,0.586,0.024,TRACKING|w0 d0 L16
45.506761,129.088664000000,35.074467000000,508083.401,3881304.817,0.610,2.112372,gps_course,16,0.459,2.000,19,508082.062,3881307.200,-0.029584,0.015688,0.000182,0.5600,0.586,0.024,TRACKING|w0 d0 L16
45.556941,129.088664000000,35.074467000000,508083.401,3881304.817,0.610,2.112372,gps_course,16,0.459,2.000,19,508082.062,3881307.200,-0.029584,0.015688,0.006385,0.5600,0.586,0.024,TRACKING|w0 d0 L16
45.606699,129.088664000000,35.074467000000,508083.401,3881304.817,0.610,2.112372,gps_course,16,0.459,2.000,19,508082.062,3881307.200,-0.029584,0.015688,0.010106,0.5600,0.622,-0.012,TRACKING|w0 d0 L16
45.657079,129.088664000000,35.074467000000,508083.401,3881304.817,0.610,2.112372,gps_course,16,0.459,2.000,19,508082.062,3881307.200,-0.029584,0.015688,0.012339,0.5600,0.622,-0.012,TRACKING|w0 d0 L16
45.706761,129.088663333333,35.074468166667,508083.340,3881304.946,0.577,2.009572,gps_course,17,0.403,2.000,19,508082.062,3881307.200,0.077180,-0.043121,-0.009845,0.5600,0.622,-0.045,TRACKING|w0 d0 L17
45.758000,129.088663333333,35.074468166667,508083.340,3881304.946,0.577,2.009572,gps_course,17,0.403,2.000,19,508082.062,3881307.200,0.077180,-0.043121,-0.023155,0.5600,0.622,-0.045,TRACKING|w0 d0 L17
45.806847,129.088663333333,35.074468166667,508083.340,3881304.946,0.577,2.009572,gps_course,17,0.403,2.000,19,508082.062,3881307.200,0.077180,-0.043121,-0.031141,0.5600,0.603,-0.026,TRACKING|w0 d0 L17
45.856768,129.088663333333,35.074468166667,508083.340,3881304.946,0.577,2.009572,gps_course,17,0.403,2.000,19,508082.062,3881307.200,0.077180,-0.043121,-0.035933,0.5600,0.603,-0.026,TRACKING|w0 d0 L17
45.907279,129.088663333333,35.074468166667,508083.340,3881304.946,0.577,2.009572,gps_course,17,0.403,2.000,19,508082.062,3881307.200,0.077180,-0.043121,-0.038808,0.5600,0.603,-0.026,TRACKING|w0 d0 L17
45.956741,129.088662500000,35.074469333333,508083.264,3881305.075,0.609,2.078862,gps_course,17,0.254,2.000,19,508082.062,3881307.200,0.006914,0.000000,-0.023285,0.5600,0.603,0.006,TRACKING|w0 d0 L17
46.006769,129.088662500000,35.074469333333,508083.264,3881305.075,0.609,2.078862,gps_course,17,0.254,2.000,19,508082.062,3881307.200,0.006914,0.000000,-0.013971,0.5600,0.586,0.023,TRACKING|w0 d0 L17
46.056727,129.088662500000,35.074469333333,508083.264,3881305.075,0.609,2.078862,gps_course,17,0.254,2.000,19,508082.062,3881307.200,0.006914,0.000000,-0.008383,0.5600,0.586,0.023,TRACKING|w0 d0 L17
46.106770,129.088662500000,35.074469333333,508083.264,3881305.075,0.609,2.078862,gps_course,17,0.254,2.000,19,508082.062,3881307.200,0.006914,0.000000,-0.005030,0.5600,0.586,0.023,TRACKING|w0 d0 L17
46.156756,129.088662500000,35.074469333333,508083.264,3881305.075,0.609,2.078862,gps_course,17,0.254,2.000,19,508082.062,3881307.200,0.006914,0.000000,-0.003018,0.5600,0.586,0.023,TRACKING|w0 d0 L17
46.206890,129.088661833333,35.074470500000,508083.203,3881305.205,0.605,2.046922,gps_course,17,0.117,2.000,19,508082.062,3881307.200,0.043508,-0.027430,-0.012783,0.5600,0.586,0.019,TRACKING|w0 d0 L17
46.256952,129.088661833333,35.074470500000,508083.203,3881305.205,0.605,2.046922,gps_course,17,0.117,2.000,19,508082.062,3881307.200,0.043508,-0.027430,-0.018642,0.5600,0.586,0.019,TRACKING|w0 d0 L17
46.306786,129.088661833333,35.074470500000,508083.203,3881305.205,0.605,2.046922,gps_course,17,0.117,2.000,19,508082.062,3881307.200,0.043508,-0.027430,-0.022157,0.5600,0.586,0.019,TRACKING|w0 d0 L17
46.356802,129.088661833333,35.074470500000,508083.203,3881305.205,0.605,2.046922,gps_course,17,0.117,2.000,19,508082.062,3881307.200,0.043508,-0.027430,-0.024266,0.5600,0.586,0.019,TRACKING|w0 d0 L17
46.406737,129.088661833333,35.074470500000,508083.203,3881305.205,0.605,2.046922,gps_course,17,0.117,2.000,19,508082.062,3881307.200,0.043508,-0.027430,-0.025532,0.5600,0.603,0.002,TRACKING|w0 d0 L17
46.456882,129.088661000000,35.074471666667,508083.127,3881305.334,0.588,2.027374,gps_course,17,0.057,2.000,19,508082.062,3881307.200,0.062202,-0.041927,-0.032090,0.5600,0.603,-0.015,TRACKING|w0 d0 L17
46.506828,129.088661000000,35.074471666667,508083.127,3881305.334,0.588,2.027374,gps_course,17,0.057,2.000,19,508082.062,3881307.200,0.062202,-0.041927,-0.036025,0.5600,0.603,-0.015,TRACKING|w0 d0 L17
46.556769,129.088661000000,35.074471666667,508083.127,3881305.334,0.588,2.027374,gps_course,17,0.057,2.000,19,508082.062,3881307.200,0.062202,-0.041927,-0.038385,0.5600,0.603,-0.015,TRACKING|w0 d0 L17
46.606698,129.088661000000,35.074471666667,508083.127,3881305.334,0.588,2.027374,gps_course,17,0.057,2.000,19,508082.062,3881307.200,0.062202,-0.041927,-0.039802,0.5600,0.586,0.002,TRACKING|w0 d0 L17
46.656922,129.088661000000,35.074471666667,508083.127,3881305.334,0.588,2.027374,gps_course,17,0.057,2.000,19,508082.062,3881307.200,0.062202,-0.041927,-0.040652,0.5600,0.586,0.002,TRACKING|w0 d0 L17
46.706828,129.088660333333,35.074472833333,508083.066,3881305.463,0.578,2.031738,gps_course,17,0.190,2.000,19,508082.062,3881307.200,0.063442,-0.045793,-0.042708,0.5600,0.586,-0.009,TRACKING|w0 d0 L17
46.756737,129.088660333333,35.074472833333,508083.066,3881305.463,0.578,2.031738,gps_course,17,0.190,2.000,19,508082.062,3881307.200,0.063442,-0.045793,-0.043942,0.5600,0.586,-0.009,TRACKING|w0 d0 L17
46.806733,129.088660333333,35.074472833333,508083.066,3881305.463,0.578,2.031738,gps_course,17,0.190,2.000,19,508082.062,3881307.200,0.063442,-0.045793,-0.044683,0.5600,0.586,-0.009,TRACKING|w0 d0 L17
46.856741,129.088660333333,35.074472833333,508083.066,3881305.463,0.578,2.031738,gps_course,17,0.190,2.000,19,508082.062,3881307.200,0.063442,-0.045793,-0.045127,0.5600,0.586,-0.009,TRACKING|w0 d0 L17
46.906745,129.088660333333,35.074472833333,508083.066,3881305.463,0.578,2.031738,gps_course,17,0.190,2.000,19,508082.062,3881307.200,0.063442,-0.045793,-0.045393,0.5600,0.586,-0.009,TRACKING|w0 d0 L17
46.956739,129.088659500000,35.074474000000,508082.990,3881305.592,0.619,2.053031,gps_course,17,0.337,2.000,20,508081.529,3881308.160,0.035058,-0.017201,-0.034116,0.5600,0.586,0.033,TRACKING|w0 d0 L17
47.007851,129.088659500000,35.074474000000,508082.990,3881305.592,0.619,2.053031,gps_course,17,0.337,2.000,20,508081.529,3881308.160,0.035058,-0.017201,-0.027350,0.5600,0.586,0.033,TRACKING|w0 d0 L17
47.057091,129.088659500000,35.074474000000,508082.990,3881305.592,0.619,2.053031,gps_course,17,0.337,2.000,20,508081.529,3881308.160,0.035058,-0.017201,-0.023291,0.5600,0.586,0.033,TRACKING|w0 d0 L17
47.106772,129.088659500000,35.074474000000,508082.990,3881305.592,0.619,2.053031,gps_course,17,0.337,2.000,20,508081.529,3881308.160,0.035058,-0.017201,-0.020855,0.5600,0.586,0.033,TRACKING|w0 d0 L17
47.156812,129.088659500000,35.074474000000,508082.990,3881305.592,0.619,2.053031,gps_course,17,0.337,2.000,20,508081.529,3881308.160,0.035058,-0.017201,-0.019393,0.5600,0.586,0.033,TRACKING|w0 d0 L17
47.206815,129.088658666667,35.074475166667,508082.914,3881305.722,0.569,2.056696,gps_course,17,0.486,2.000,20,508081.529,3881308.160,0.030613,-0.015825,-0.017966,0.5600,0.586,-0.018,TRACKING|w0 d0 L17
47.256721,129.088658666667,35.074475166667,508082.914,3881305.722,0.569,2.056696,gps_course,17,0.486,2.000,20,508081.529,3881308.160,0.030613,-0.015825,-0.017109,0.5600,0.586,-0.018,TRACKING|w0 d0 L17
47.306839,129.088658666667,35.074475166667,508082.914,3881305.722,0.569,2.056696,gps_course,17,0.486,2.000,20,508081.529,3881308.160,0.030613,-0.015825,-0.016596,0.5600,0.586,-0.018,TRACKING|w0 d0 L17
47.358504,129.088658666667,35.074475166667,508082.914,3881305.722,0.569,2.056696,gps_course,17,0.486,2.000,20,508081.529,3881308.160,0.030613,-0.015825,-0.016287,0.5600,0.586,-0.018,TRACKING|w0 d0 L17
47.406865,129.088658666667,35.074475166667,508082.914,3881305.722,0.569,2.056696,gps_course,17,0.486,2.000,20,508081.529,3881308.160,0.030613,-0.015825,-0.016102,0.5600,0.586,-0.018,TRACKING|w0 d0 L17
47.456714,129.088658666667,35.074475166667,508082.914,3881305.722,0.569,2.056696,gps_course,17,0.486,2.000,20,508081.529,3881308.160,0.030613,-0.015825,-0.015991,0.5600,0.586,-0.018,TRACKING|w0 d0 L17
47.508386,129.088658000000,35.074476333333,508082.853,3881305.851,0.600,2.084621,gps_course,18,0.412,2.000,20,508081.529,3881308.160,0.006789,0.000000,-0.009595,0.5600,0.586,0.014,TRACKING|w0 d0 L18
47.556748,129.088658000000,35.074476333333,508082.853,3881305.851,0.600,2.084621,gps_course,18,0.412,2.000,20,508081.529,3881308.160,0.006789,0.000000,-0.005757,0.5600,0.586,0.014,TRACKING|w0 d0 L18
47.606694,129.088658000000,35.074476333333,508082.853,3881305.851,0.600,2.084621,gps_course,18,0.412,2.000,20,508081.529,3881308.160,0.006789,0.000000,-0.003454,0.5600,0.586,0.014,TRACKING|w0 d0 L18
47.656755,129.088658000000,35.074476333333,508082.853,3881305.851,0.600,2.084621,gps_course,18,0.412,2.000,20,508081.529,3881308.160,0.006789,0.000000,-0.002072,0.5600,0.586,0.014,TRACKING|w0 d0 L18
47.706754,129.088657166667,35.074477500000,508082.777,3881305.980,0.603,2.047446,gps_course,18,0.263,2.000,20,508081.529,3881308.160,0.043294,-0.024979,-0.011235,0.5600,0.586,0.017,TRACKING|w0 d0 L18
47.756770,129.088657166667,35.074477500000,508082.777,3881305.980,0.603,2.047446,gps_course,18,0.263,2.000,20,508081.529,3881308.160,0.043294,-0.024979,-0.016733,0.5600,0.586,0.017,TRACKING|w0 d0 L18
47.806932,129.088657166667,35.074477500000,508082.777,3881305.980,0.603,2.047446,gps_course,18,0.263,2.000,20,508081.529,3881308.160,0.043294,-0.024979,-0.020031,0.5600,0.586,0.017,TRACKING|w0 d0 L18
47.856939,129.088657166667,35.074477500000,508082.777,3881305.980,0.603,2.047446,gps_course,18,0.263,2.000,20,508081.529,3881308.160,0.043294,-0.024979,-0.022010,0.5600,0.586,0.017,TRACKING|w0 d0 L18
47.906760,129.088657166667,35.074477500000,508082.777,3881305.980,0.603,2.047446,gps_course,18,0.263,2.000,20,508081.529,3881308.160,0.043294,-0.024979,-0.023198,0.5600,0.586,0.017,TRACKING|w0 d0 L18
47.957551,129.088656500000,35.074478666667,508082.716,3881306.110,0.593,2.071357,gps_course,18,0.130,2.000,20,508081.529,3881308.160,0.024197,-0.014805,-0.019841,0.5600,0.586,0.006,TRACKING|w0 d0 L18
48.006737,129.088656500000,35.074478666667,508082.716,3881306.110,0.593,2.071357,gps_course,18,0.130,2.000,20,508081.529,3881308.160,0.024197,-0.014805,-0.017827,0.5600,0.586,0.006,TRACKING|w0 d0 L18
48.056881,129.088656500000,35.074478666667,508082.716,3881306.110,0.593,2.071357,gps_course,18,0.130,2.000,20,508081.529,3881308.160,0.024197,-0.014805,-0.016618,0.5600,0.586,0.006,TRACKING|w0 d0 L18
48.106782,129.088656500000,35.074478666667,508082.716,3881306.110,0.593,2.071357,gps_course,18,0.130,2.000,20,508081.529,3881308.160,0.024197,-0.014805,-0.015893,0.5600,0.586,0.006,TRACKING|w0 d0 L18
48.156839,129.088656500000,35.074478666667,508082.716,3881306.110,0.593,2.071357,gps_course,18,0.130,2.000,20,508081.529,3881308.160,0.024197,-0.014805,-0.015458,0.5600,0.586,0.006,TRACKING|w0 d0 L18
48.206767,129.088655666667,35.074479833333,508082.640,3881306.239,0.601,2.080083,gps_course,18,0.063,2.000,20,508081.529,3881308.160,0.014990,0.000000,-0.009275,0.5600,0.528,0.073,TRACKING|w0 d0 L18
48.256792,129.088655666667,35.074479833333,508082.640,3881306.239,0.601,2.080083,gps_course,18,0.063,2.000,20,508081.529,3881308.160,0.014990,0.000000,-0.005565,0.5600,0.528,0.073,TRACKING|w0 d0 L18
48.307908,129.088655666667,35.074479833333,508082.640,3881306.239,0.601,2.080083,gps_course,18,0.063,2.000,20,508081.529,3881308.160,0.014990,0.000000,-0.003339,0.5600,0.528,0.073,TRACKING|w0 d0 L18
48.356714,129.088655666667,35.074479833333,508082.640,3881306.239,0.601,2.080083,gps_course,18,0.063,2.000,20,508081.529,3881308.160,0.014990,0.000000,-0.002003,0.5600,0.528,0.073,TRACKING|w0 d0 L18
48.406784,129.088655666667,35.074479833333,508082.640,3881306.239,0.601,2.080083,gps_course,18,0.063,2.000,20,508081.529,3881308.160,0.014990,0.000000,-0.001202,0.5600,0.586,0.015,TRACKING|w0 d0 L18
48.456707,129.088655000000,35.074481000000,508082.579,3881306.368,0.588,2.012365,gps_course,18,0.187,2.000,20,508081.529,3881308.160,0.088498,-0.061627,-0.025372,0.5600,0.586,0.001,TRACKING|w0 d0 L18
48.506778,129.088655000000,35.074481000000,508082.579,3881306.368,0.588,2.012365,gps_course,18,0.187,2.000,20,508081.529,3881308.160,0.088498,-0.061627,-0.039874,0.5600,0.586,0.001,TRACKING|w0 d0 L18
48.556742,129.088655000000,35.074481000000,508082.579,3881306.368,0.588,2.012365,gps_course,18,0.187,2.000,20,508081.529,3881308.160,0.088498,-0.061627,-0.048575,0.5600,0.586,0.001,TRACKING|w0 d0 L18
48.607281,129.088655000000,35.074481000000,508082.579,3881306.368,0.588,2.012365,gps_course,18,0.187,2.000,20,508081.529,3881308.160,0.088498,-0.061627,-0.053796,0.5600,0.567,0.021,TRACKING|w0 d0 L18
48.656960,129.088655000000,35.074481000000,508082.579,3881306.368,0.588,2.012365,gps_course,18,0.187,2.000,20,508081.529,3881308.160,0.088498,-0.061627,-0.056928,0.5600,0.567,0.021,TRACKING|w0 d0 L18
48.707091,129.088654166667,35.074482166667,508082.503,3881306.498,0.582,1.998402,gps_course,18,0.332,2.000,21,508081.012,3881309.103,0.092387,-0.044538,-0.051972,0.5600,0.567,0.015,TRACKING|w0 d0 L18
48.756903,129.088654166667,35.074482166667,508082.503,3881306.498,0.582,1.998402,gps_course,18,0.332,2.000,21,508081.012,3881309.103,0.092387,-0.044538,-0.048998,0.5600,0.567,0.015,TRACKING|w0 d0 L18
48.806777,129.088654166667,35.074482166667,508082.503,3881306.498,0.582,1.998402,gps_course,18,0.332,2.000,21,508081.012,3881309.103,0.092387,-0.044538,-0.047214,0.5600,0.586,-0.004,TRACKING|w0 d0 L18
48.856792,129.088654166667,35.074482166667,508082.503,3881306.498,0.582,1.998402,gps_course,18,0.332,2.000,21,508081.012,3881309.103,0.092387,-0.044538,-0.046144,0.5600,0.586,-0.004,TRACKING|w0 d0 L18
48.906755,129.088654166667,35.074482166667,508082.503,3881306.498,0.582,1.998402,gps_course,18,0.332,2.000,21,508081.012,3881309.103,0.092387,-0.044538,-0.045502,0.5600,0.586,-0.004,TRACKING|w0 d0 L18
48.956946,129.088653333333,35.074483333333,508082.427,3881306.627,0.597,2.112896,gps_course,18,0.480,2.000,21,508081.012,3881309.103,-0.022731,0.011557,-0.022678,0.5600,0.586,0.011,TRACKING|w0 d0 L18
49.006920,129.088653333333,35.074483333333,508082.427,3881306.627,0.597,2.112896,gps_course,18,0.480,2.000,21,508081.012,3881309.103,-0.022731,0.011557,-0.008984,0.5600,0.567,0.031,TRACKING|w0 d0 L18
49.057361,129.088653333333,35.074483333333,508082.427,3881306.627,0.597,2.112896,gps_course,18,0.480,2.000,21,508081.012,3881309.103,-0.022731,0.011557,-0.000768,0.5600,0.567,0.031,TRACKING|w0 d0 L18
49.107438,129.088653333333,35.074483333333,508082.427,3881306.627,0.597,2.112896,gps_course,18,0.480,2.000,21,508081.012,3881309.103,-0.022731,0.011557,0.004162,0.5600,0.567,0.031,TRACKING|w0 d0 L18
49.156754,129.088653333333,35.074483333333,508082.427,3881306.627,0.597,2.112896,gps_course,18,0.480,2.000,21,508081.012,3881309.103,-0.022731,0.011557,0.007120,0.5600,0.567,0.031,TRACKING|w0 d0 L18
49.206758,129.088652666667,35.074484500000,508082.366,3881306.756,0.578,2.096140,gps_course,19,0.538,2.000,21,508081.012,3881309.103,-0.001795,0.000000,0.004272,0.5600,0.586,-0.008,TRACKING|w0 d0 L19
49.256759,129.088652666667,35.074484500000,508082.366,3881306.756,0.578,2.096140,gps_course,19,0.538,2.000,21,508081.012,3881309.103,-0.001795,0.000000,0.002563,0.5600,0.586,-0.008,TRACKING|w0 d0 L19
49.306735,129.088652666667,35.074484500000,508082.366,3881306.756,0.578,2.096140,gps_course,19,0.538,2.000,21,508081.012,3881309.103,-0.001795,0.000000,0.001538,0.5600,0.586,-0.008,TRACKING|w0 d0 L19
49.356753,129.088652666667,35.074484500000,508082.366,3881306.756,0.578,2.096140,gps_course,19,0.538,2.000,21,508081.012,3881309.103,-0.001795,0.000000,0.000923,0.5600,0.586,-0.008,TRACKING|w0 d0 L19
49.406749,129.088652666667,35.074484500000,508082.366,3881306.756,0.578,2.096140,gps_course,19,0.538,2.000,21,508081.012,3881309.103,-0.001795,0.000000,0.000554,0.5600,0.603,-0.024,TRACKING|w0 d0 L19
49.456932,129.088652666667,35.074484500000,508082.366,3881306.756,0.578,2.096140,gps_course,19,0.538,2.000,21,508081.012,3881309.103,-0.001795,0.000000,0.000332,0.5600,0.603,-0.024,TRACKING|w0 d0 L19
49.506741,129.088651833333,35.074485666667,508082.290,3881306.886,0.579,2.071531,gps_course,19,0.388,2.000,21,508081.012,3881309.103,0.022327,-0.012649,-0.004860,0.5600,0.603,-0.024,TRACKING|w0 d0 L19
49.556923,129.088651833333,35.074485666667,508082.290,3881306.886,0.579,2.071531,gps_course,19,0.388,2.000,21,508081.012,3881309.103,0.022327,-0.012649,-0.007976,0.5600,0.603,-0.024,TRACKING|w0 d0 L19
49.606688,129.088651833333,35.074485666667,508082.290,3881306.886,0.579,2.071531,gps_course,19,0.388,2.000,21,508081.012,3881309.103,0.022327,-0.012649,-0.009845,0.5600,0.567,0.013,TRACKING|w0 d0 L19
49.656736,129.088651833333,35.074485666667,508082.290,3881306.886,0.579,2.071531,gps_course,19,0.388,2.000,21,508081.012,3881309.103,0.022327,-0.012649,-0.010967,0.5600,0.567,0.013,TRACKING|w0 d0 L19
49.706784,129.088651166667,35.074486833333,508082.229,3881307.015,0.589,2.063677,gps_course,19,0.249,2.000,21,508081.012,3881309.103,0.035085,-0.021044,-0.014998,0.5600,0.567,0.022,TRACKING|w0 d0 L19
49.756825,129.088651166667,35.074486833333,508082.229,3881307.015,0.589,2.063677,gps_course,19,0.249,2.000,21,508081.012,3881309.103,0.035085,-0.021044,-0.017416,0.5600,0.567,0.022,TRACKING|w0 d0 L19
49.806740,129.088651166667,35.074486833333,508082.229,3881307.015,0.589,2.063677,gps_course,19,0.249,2.000,21,508081.012,3881309.103,0.035085,-0.021044,-0.018868,0.5600,0.567,0.022,TRACKING|w0 d0 L19
49.856727,129.088651166667,35.074486833333,508082.229,3881307.015,0.589,2.063677,gps_course,19,0.249,2.000,21,508081.012,3881309.103,0.035085,-0.021044,-0.019738,0.5600,0.567,0.022,TRACKING|w0 d0 L19
49.908493,129.088651166667,35.074486833333,508082.229,3881307.015,0.589,2.063677,gps_course,19,0.249,2.000,21,508081.012,3881309.103,0.035085,-0.021044,-0.020261,0.5600,0.567,0.022,TRACKING|w0 d0 L19
49.956748,129.088650333333,35.074488000000,508082.153,3881307.144,0.579,2.072404,gps_course,19,0.107,2.000,21,508081.012,3881309.103,0.026101,-0.016694,-0.018834,0.5600,0.567,0.012,TRACKING|w0 d0 L19
50.007538,129.088650333333,35.074488000000,508082.153,3881307.144,0.579,2.072404,gps_course,19,0.107,2.000,21,508081.012,3881309.103,0.026101,-0.016694,-0.017978,0.5600,0.567,0.012,TRACKING|w0 d0 L19
50.056832,129.088650333333,35.074488000000,508082.153,3881307.144,0.579,2.072404,gps_course,19,0.107,2.000,21,508081.012,3881309.103,0.026101,-0.016694,-0.017465,0.5600,0.567,0.012,TRACKING|w0 d0 L19
50.106716,129.088650333333,35.074488000000,508082.153,3881307.144,0.579,2.072404,gps_course,19,0.107,2.000,21,508081.012,3881309.103,0.026101,-0.016694,-0.017157,0.5600,0.567,0.012,TRACKING|w0 d0 L19
50.156732,129.088650333333,35.074488000000,508082.153,3881307.144,0.579,2.072404,gps_course,19,0.107,2.000,21,508081.012,3881309.103,0.026101,-0.016694,-0.016972,0.5600,0.567,0.012,TRACKING|w0 d0 L19
50.206776,129.088649666667,35.074489166667,508082.092,3881307.274,0.598,2.018997,gps_course,19,0.080,2.000,21,508081.012,3881309.103,0.085398,-0.058158,-0.033446,0.5600,0.586,0.012,TRACKING|w0 d0 L19
50.257045,129.088649666667,35.074489166667,508082.092,3881307.274,0.598,2.018997,gps_course,19,0.080,2.000,21,508081.012,3881309.103,0.085398,-0.058158,-0.043331,0.5600,0.586,0.012,TRACKING|w0 d0 L19
50.307034,129.088649666667,35.074489166667,508082.092,3881307.274,0.598,2.018997,gps_course,19,0.080,2.000,21,508081.012,3881309.103,0.085398,-0.058158,-0.049262,0.5600,0.586,0.012,TRACKING|w0 d0 L19
50.356843,129.088649666667,35.074489166667,508082.092,3881307.274,0.598,2.018997,gps_course,19,0.080,2.000,21,508081.012,3881309.103,0.085398,-0.058158,-0.052820,0.5600,0.586,0.012,TRACKING|w0 d0 L19
50.406818,129.088649666667,35.074489166667,508082.092,3881307.274,0.598,2.018997,gps_course,19,0.080,2.000,21,508081.012,3881309.103,0.085398,-0.058158,-0.054955,0.5600,0.586,0.012,TRACKING|w0 d0 L19
50.456536,129.088648833333,35.074490333333,508082.016,3881307.403,0.588,2.093348,gps_course,19,0.208,2.000,22,508080.509,3881310.008,0.001847,0.000000,-0.032973,0.5600,0.586,0.002,TRACKING|w0 d0 L19
50.506750,129.088648833333,35.074490333333,508082.016,3881307.403,0.588,2.093348,gps_course,19,0.208,2.000,22,508080.509,3881310.008,0.001847,0.000000,-0.019784,0.5600,0.586,0.002,TRACKING|w0 d0 L19
50.557635,129.088648833333,35.074490333333,508082.016,3881307.403,0.588,2.093348,gps_course,19,0.208,2.000,22,508080.509,3881310.008,0.001847,0.000000,-0.011870,0.5600,0.586,0.002,TRACKING|w0 d0 L19
50.606720,129.088648833333,35.074490333333,508082.016,3881307.403,0.588,2.093348,gps_course,19,0.208,2.000,22,508080.509,3881310.008,0.001847,0.000000,-0.007122,0.5600,0.567,0.021,TRACKING|w0 d0 L19
50.657109,129.088648833333,35.074490333333,508082.016,3881307.403,0.588,2.093348,gps_course,19,0.208,2.000,22,508080.509,3881310.008,0.001847,0.000000,-0.004273,0.5600,0.567,0.021,TRACKING|w0 d0 L19
50.707961,129.088648000000,35.074491500000,508081.940,3881307.532,0.589,2.055474,gps_course,19,0.354,2.000,22,508080.509,3881310.008,0.039330,-0.019939,-0.010539,0.5600,0.567,0.022,TRACKING|w0 d0 L19
50.756735,129.088648000000,35.074491500000,508081.940,3881307.532,0.589,2.055474,gps_course,19,0.354,2.000,22,508080.509,3881310.008,0.039330,-0.019939,-0.014299,0.5600,0.567,0.022,TRACKING|w0 d0 L19
50.806782,129.088648000000,35.074491500000,508081.940,3881307.532,0.589,2.055474,gps_course,19,0.354,2.000,22,508080.509,3881310.008,0.039330,-0.019939,-0.016555,0.5600,0.567,0.022,TRACKING|w0 d0 L19
50.856723,129.088648000000,35.074491500000,508081.940,3881307.532,0.589,2.055474,gps_course,19,0.354,2.000,22,508080.509,3881310.008,0.039330,-0.019939,-0.017908,0.5600,0.567,0.022,TRACKING|w0 d0 L19
50.906752,129.088648000000,35.074491500000,508081.940,3881307.532,0.589,2.055474,gps_course,19,0.354,2.000,22,508080.509,3881310.008,0.039330,-0.019939,-0.018720,0.5600,0.567,0.022,TRACKING|w0 d0 L19
50.956918,129.088647166667,35.074492666667,508081.864,3881307.662,0.572,2.070135,gps_course,19,0.502,2.000,22,508080.509,3881310.008,0.024234,-0.012969,-0.016420,0.5600,0.567,0.006,TRACKING|w0 d0 L19
51.006826,129.088647166667,35.074492666667,508081.864,3881307.662,0.572,2.070135,gps_course,19,0.502,2.000,22,508080.509,3881310.008,0.024234,-0.012969,-0.015040,0.5600,0.567,0.006,TRACKING|w0 d0 L19
51.056853,129.088647166667,35.074492666667,508081.864,3881307.662,0.572,2.070135,gps_course,19,0.502,2.000,22,508080.509,3881310.008,0.024234,-0.012969,-0.014212,0.5600,0.567,0.006,TRACKING|w0 d0 L19
51.106788,129.088647166667,35.074492666667,508081.864,3881307.662,0.572,2.070135,gps_course,19,0.502,2.000,22,508080.509,3881310.008,0.024234,-0.012969,-0.013715,0.5600,0.567,0.006,TRACKING|w0 d0 L19
51.156887,129.088647166667,35.074492666667,508081.864,3881307.662,0.572,2.070135,gps_course,19,0.502,2.000,22,508080.509,3881310.008,0.024234,-0.012969,-0.013417,0.5600,0.567,0.006,TRACKING|w0 d0 L19
51.206763,129.088646333333,35.074493666667,508081.788,3881307.772,0.556,2.124415,gps_course,21,1.540,2.000,22,508080.509,3881310.008,-0.034111,0.019202,-0.000369,0.5600,0.567,-0.011,TRACKING|w0 d0 L21
51.256777,129.088646333333,35.074493666667,508081.788,3881307.772,0.556,2.124415,gps_course,23,1.500,2.000,27,508081.790,3881304.871,2.588874,0.256558,0.029639,-0.5600,0.567,-0.011,REVERSE|w1 d1 L23
51.306733,129.088646333333,35.074493666667,508081.788,3881307.772,0.556,-1.119450,route_tangent,24,0.464,2.000,27,508081.790,3881304.871,-0.450446,0.000000,0.017783,-0.5600,0.567,-0.011,REVERSE|w1 d1 L24
51.356775,129.088646333333,35.074493666667,508081.788,3881307.772,0.556,-1.285291,route_tangent,24,0.464,2.000,27,508081.790,3881304.871,-0.284605,0.000000,0.010670,-0.5600,0.567,-0.011,REVERSE|w1 d1 L24
51.406867,129.088646333333,35.074493666667,508081.788,3881307.772,0.556,-1.285291,route_tangent,24,0.464,2.000,27,508081.790,3881304.871,-0.284605,0.000000,0.006402,-0.5600,0.586,-0.030,REVERSE|w1 d1 L24
51.456736,129.088645666667,35.074494833333,508081.727,3881307.902,0.597,-1.285291,route_tangent,24,0.329,2.000,27,508081.790,3881304.871,-0.264557,0.000000,0.003841,-0.5600,0.586,0.011,REVERSE|w1 d1 L24
51.507400,129.088645666667,35.074494833333,508081.727,3881307.902,0.597,-1.285291,route_tangent,24,0.329,2.000,27,508081.790,3881304.871,-0.264557,0.000000,0.002305,-0.5600,0.586,0.011,REVERSE|w1 d1 L24
51.556743,129.088645666667,35.074494833333,508081.727,3881307.902,0.597,-1.285291,route_tangent,24,0.329,2.000,27,508081.790,3881304.871,-0.264557,0.000000,0.001383,-0.5600,0.586,0.011,REVERSE|w1 d1 L24
51.606852,129.088645666667,35.074494833333,508081.727,3881307.902,0.597,-1.285291,route_tangent,24,0.329,2.000,27,508081.790,3881304.871,-0.264557,0.000000,0.000830,-0.5600,0.586,0.011,REVERSE|w1 d1 L24
51.656780,129.088645666667,35.074494833333,508081.727,3881307.902,0.597,-1.285291,route_tangent,24,0.329,2.000,27,508081.790,3881304.871,-0.264557,0.000000,0.000498,-0.5600,0.586,0.011,REVERSE|w1 d1 L24
51.706785,129.088644833333,35.074496166667,508081.651,3881308.050,0.599,-1.285291,route_tangent,24,0.183,2.000,26,508081.881,3881305.980,-0.174934,0.000000,0.000299,-0.5600,0.586,0.013,REVERSE|w1 d1 L24
51.756831,129.088644833333,35.074496166667,508081.651,3881308.050,0.599,-1.285291,route_tangent,24,0.183,2.000,26,508081.881,3881305.980,-0.174934,0.000000,0.000179,-0.5600,0.586,0.013,REVERSE|w1 d1 L24
51.806856,129.088644833333,35.074496166667,508081.651,3881308.050,0.599,-1.285291,route_tangent,24,0.183,2.000,26,508081.881,3881305.980,-0.174934,0.000000,0.000108,-0.5600,0.228,0.371,REVERSE|w1 d1 L24
51.857094,129.088644833333,35.074496166667,508081.651,3881308.050,0.599,-1.285291,route_tangent,24,0.183,2.000,26,508081.881,3881305.980,-0.174934,0.000000,0.000065,-0.5600,0.228,0.371,REVERSE|w1 d1 L24
51.906787,129.088644833333,35.074496166667,508081.651,3881308.050,0.599,-1.285291,route_tangent,24,0.183,2.000,26,508081.881,3881305.980,-0.174934,0.000000,0.000039,-0.5600,0.228,0.371,REVERSE|w1 d1 L24
51.957748,129.088645166667,35.074495833333,508081.681,3881308.013,0.599,-1.285291,route_tangent,24,0.227,2.000,26,508081.881,3881305.980,-0.187741,0.000000,0.000023,-0.5600,0.228,0.371,REVERSE|w1 d1 L24
52.007006,129.088645166667,35.074495833333,508081.681,3881308.013,0.599,-1.285291,route_tangent,24,0.227,2.000,26,508081.881,3881305.980,-0.187741,0.000000,0.000014,-0.5600,0.019,0.579,REVERSE|w1 d1 L24
52.056846,129.088645166667,35.074495833333,508081.681,3881308.013,0.599,-1.285291,route_tangent,24,0.227,2.000,26,508081.881,3881305.980,-0.187741,0.000000,0.000008,-0.5600,0.019,0.579,REVERSE|w1 d1 L24
52.106836,129.088645166667,35.074495833333,508081.681,3881308.013,0.599,-1.285291,route_tangent,24,0.227,2.000,26,508081.881,3881305.980,-0.187741,0.000000,0.000005,-0.5600,0.019,0.579,REVERSE|w1 d1 L24
52.156797,129.088645166667,35.074495833333,508081.681,3881308.013,0.599,-1.285291,route_tangent,24,0.227,2.000,26,508081.881,3881305.980,-0.187741,0.000000,0.000003,-0.5600,0.019,0.579,REVERSE|w1 d1 L24
52.206708,129.088645333333,35.074495166667,508081.696,3881307.939,0.247,-1.285291,route_tangent,24,0.282,2.000,27,508081.790,3881304.871,-0.254900,0.000000,0.000002,-0.5600,-0.133,0.380,REVERSE|w1 d1 L24
52.256786,129.088645333333,35.074495166667,508081.696,3881307.939,0.247,-1.285291,route_tangent,24,0.282,2.000,27,508081.790,3881304.871,-0.254900,0.000000,0.000001,-0.5600,-0.133,0.380,REVERSE|w1 d1 L24
52.309249,129.088645333333,35.074495166667,508081.696,3881307.939,0.247,-1.285291,route_tangent,24,0.282,2.000,27,508081.790,3881304.871,-0.254900,0.000000,0.000001,-0.5600,-0.133,0.380,REVERSE|w1 d1 L24
52.356743,129.088645333333,35.074495166667,508081.696,3881307.939,0.247,-1.285291,route_tangent,24,0.282,2.000,27,508081.790,3881304.871,-0.254900,0.000000,0.000000,-0.5600,-0.133,0.380,REVERSE|w1 d1 L24
52.406750,129.088645333333,35.074495166667,508081.696,3881307.939,0.247,-1.285291,route_tangent,24,0.282,2.000,27,508081.790,3881304.871,-0.254900,0.000000,0.000000,-0.5600,-0.114,0.361,REVERSE|w1 d1 L24
52.456735,129.088645333333,35.074495000000,508081.696,3881307.920,0.247,-1.285291,route_tangent,24,0.294,2.000,27,508081.790,3881304.871,-0.254720,0.000000,0.000000,-0.5600,-0.114,0.361,REVERSE|w1 d1 L24
52.506706,129.088645333333,35.074495000000,508081.696,3881307.920,0.247,-1.285291,route_tangent,24,0.294,2.000,27,508081.790,3881304.871,-0.254720,-0.119183,-0.029983,-0.5600,-0.114,0.361,REVERSE|w1 d1 L24
52.556868,129.088645333333,35.074495000000,508081.696,3881307.920,0.247,-1.285291,route_tangent,24,0.294,2.000,27,508081.790,3881304.871,-0.254720,-0.119183,-0.060080,-0.5600,-0.114,0.361,REVERSE|w1 d1 L24
52.606759,129.088645333333,35.074495000000,508081.696,3881307.920,0.247,-1.285291,route_tangent,24,0.294,2.000,27,508081.790,3881304.871,-0.254720,-0.119183,-0.083721,-0.5600,-0.114,0.361,REVERSE|w1 d1 L24
52.657008,129.088645333333,35.074495000000,508081.696,3881307.920,0.247,-1.285291,route_tangent,24,0.294,2.000,27,508081.790,3881304.871,-0.254720,-0.119183,-0.097906,-0.5600,-0.114,0.361,REVERSE|w1 d1 L24
52.706836,129.088645333333,35.074495000000,508081.696,3881307.920,0.247,-1.285291,route_tangent,24,0.294,2.000,27,508081.790,3881304.871,-0.254720,-0.119183,-0.106417,-0.5600,-0.114,0.361,REVERSE|w1 d1 L24
52.758075,129.088645333333,35.074495000000,508081.696,3881307.920,0.247,-1.285291,route_tangent,24,0.294,2.000,27,508081.790,3881304.871,-0.254720,-0.119183,-0.111524,-0.5600,-0.114,0.361,REVERSE|w1 d1 L24
52.807906,129.088645333333,35.074495000000,508081.696,3881307.920,0.247,-1.285291,route_tangent,24,0.294,2.000,27,508081.790,3881304.871,-0.254720,-0.119183,-0.114587,-0.5600,-0.094,0.341,REVERSE|w1 d1 L24
52.856772,129.088645333333,35.074495000000,508081.696,3881307.920,0.247,-1.285291,route_tangent,24,0.294,2.000,27,508081.790,3881304.871,-0.254720,-0.119183,-0.116426,-0.5600,-0.094,0.341,REVERSE|w1 d1 L24
52.906756,129.088645333333,35.074495000000,508081.696,3881307.920,0.247,-1.285291,route_tangent,24,0.294,2.000,27,508081.790,3881304.871,-0.254720,-0.119183,-0.117529,-0.5600,-0.094,0.341,REVERSE|w1 d1 L24
52.957051,129.088645500000,35.074495000000,508081.712,3881307.920,0.010,-1.285291,route_tangent,24,0.305,2.000,27,508081.790,3881304.871,-0.259699,-0.121455,-0.119099,-0.5600,-0.094,0.105,REVERSE|w1 d1 L24
53.007208,129.088645500000,35.074495000000,508081.712,3881307.920,0.010,-1.285291,route_tangent,24,0.305,2.000,27,508081.790,3881304.871,-0.259699,-0.121455,-0.120042,-0.5600,-0.019,0.030,REVERSE|w1 d1 L24
53.056802,129.088645500000,35.074495000000,508081.712,3881307.920,0.010,-1.285291,route_tangent,24,0.305,2.000,27,508081.790,3881304.871,-0.259699,-0.121455,-0.120607,-0.5600,-0.019,0.030,REVERSE|w1 d1 L24
53.106891,129.088645500000,35.074495000000,508081.712,3881307.920,0.010,-1.285291,route_tangent,24,0.305,2.000,27,508081.790,3881304.871,-0.259699,-0.121455,-0.120946,-0.5600,-0.019,0.030,REVERSE|w1 d1 L24
53.156709,129.088645500000,35.074495000000,508081.712,3881307.920,0.010,-1.285291,route_tangent,24,0.305,2.000,27,508081.790,3881304.871,-0.259699,-0.121455,-0.121150,-0.5600,-0.019,0.030,REVERSE|w1 d1 L24
53.206897,129.088645500000,35.074494833333,508081.712,3881307.902,0.010,-1.285291,route_tangent,24,0.318,2.000,27,508081.790,3881304.871,-0.259547,-0.122119,-0.121537,-0.5600,-0.094,0.105,REVERSE|w1 d1 L24
53.256895,129.088645500000,35.074494833333,508081.712,3881307.902,0.010,-1.285291,route_tangent,24,0.318,2.000,27,508081.790,3881304.871,-0.259547,-0.122119,-0.121770,-0.5600,-0.094,0.105,REVERSE|w1 d1 L24
53.307010,129.088645500000,35.074494833333,508081.712,3881307.902,0.010,-1.285291,route_tangent,24,0.318,2.000,27,508081.790,3881304.871,-0.259547,-0.122119,-0.121909,-0.5600,-0.094,0.105,REVERSE|w1 d1 L24
53.356732,129.088645500000,35.074494833333,508081.712,3881307.902,0.010,-1.285291,route_tangent,24,0.318,2.000,27,508081.790,3881304.871,-0.259547,-0.122119,-0.121993,-0.5600,-0.094,0.105,REVERSE|w1 d1 L24
53.407997,129.088645500000,35.074494833333,508081.712,3881307.902,0.010,-1.285291,route_tangent,24,0.318,2.000,27,508081.790,3881304.871,-0.259547,-0.122119,-0.122043,-0.5600,-0.133,0.144,REVERSE|w1 d1 L24
53.457360,129.088645666667,35.074494500000,508081.727,3881307.865,0.010,-1.285291,route_tangent,24,0.355,2.000,27,508081.790,3881304.871,-0.264309,-0.125817,-0.123553,-0.5600,-0.133,0.144,REVERSE|w1 d1 L24
53.506981,129.088645666667,35.074494500000,508081.727,3881307.865,0.010,-1.285291,route_tangent,24,0.355,2.000,27,508081.790,3881304.871,-0.264309,-0.125817,-0.124459,-0.5600,-0.133,0.144,REVERSE|w1 d1 L24
53.556800,129.088645666667,35.074494500000,508081.727,3881307.865,0.010,-1.285291,route_tangent,24,0.355,2.000,27,508081.790,3881304.871,-0.264309,-0.125817,-0.125002,-0.5600,-0.133,0.144,REVERSE|w1 d1 L24
53.606688,129.088645666667,35.074494500000,508081.727,3881307.865,0.010,-1.285291,route_tangent,24,0.355,2.000,27,508081.790,3881304.871,-0.264309,-0.125817,-0.125328,-0.5600,-0.150,0.160,REVERSE|w1 d1 L24
53.656757,129.088645666667,35.074494500000,508081.727,3881307.865,0.010,-1.285291,route_tangent,24,0.355,2.000,27,508081.790,3881304.871,-0.264309,-0.125817,-0.125524,-0.5600,-0.150,0.160,REVERSE|w1 d1 L24
53.706895,129.088645833333,35.074494166667,508081.742,3881307.828,0.180,-1.285291,route_tangent,24,0.393,2.000,27,508081.790,3881304.871,-0.269192,-0.129655,-0.127176,-0.5600,-0.150,0.330,REVERSE|w1 d1 L24
53.756762,129.088645833333,35.074494166667,508081.742,3881307.828,0.180,-1.285291,route_tangent,24,0.393,2.000,27,508081.790,3881304.871,-0.269192,-0.129655,-0.128168,-0.5600,-0.150,0.330,REVERSE|w1 d1 L24
53.806955,129.088645833333,35.074494166667,508081.742,3881307.828,0.180,-1.285291,route_tangent,24,0.393,2.000,27,508081.790,3881304.871,-0.269192,-0.129655,-0.128763,-0.5600,-0.189,0.369,REVERSE|w1 d1 L24
53.856761,129.088645833333,35.074494166667,508081.742,3881307.828,0.180,-1.285291,route_tangent,24,0.393,2.000,27,508081.790,3881304.871,-0.269192,-0.129655,-0.129120,-0.5600,-0.189,0.369,REVERSE|w1 d1 L24
53.908939,129.088645833333,35.074494166667,508081.742,3881307.828,0.180,-1.285291,route_tangent,24,0.393,2.000,27,508081.790,3881304.871,-0.269192,-0.129655,-0.129334,-0.5600,-0.189,0.369,REVERSE|w1 d1 L24
53.956750,129.088646166667,35.074493833333,508081.773,3881307.791,0.180,-1.285291,route_tangent,24,0.440,2.000,27,508081.790,3881304.871,-0.279402,-0.136085,-0.132034,-0.5600,-0.189,0.369,REVERSE|w1 d1 L24
54.006947,129.088646166667,35.074493833333,508081.773,3881307.791,0.180,-1.285291,route_tangent,24,0.440,2.000,27,508081.790,3881304.871,-0.279402,-0.136085,-0.133655,-0.5600,-0.208,0.388,REVERSE|w1 d1 L24
54.056743,129.088646166667,35.074493833333,508081.773,3881307.791,0.180,-1.285291,route_tangent,24,0.440,2.000,27,508081.790,3881304.871,-0.279402,-0.136085,-0.134627,-0.5600,-0.208,0.388,REVERSE|w1 d1 L24
54.106731,129.088646166667,35.074493833333,508081.773,3881307.791,0.180,-1.285291,route_tangent,24,0.440,2.000,27,508081.790,3881304.871,-0.279402,-0.136085,-0.135210,-0.5600,-0.208,0.388,REVERSE|w1 d1 L24
54.156867,129.088646166667,35.074493833333,508081.773,3881307.791,0.180,-1.285291,route_tangent,24,0.440,2.000,27,508081.790,3881304.871,-0.279402,-0.136085,-0.135560,-0.5600,-0.208,0.388,REVERSE|w1 d1 L24
54.206753,129.088646500000,35.074493333333,508081.803,3881307.735,0.239,-1.285291,route_tangent,24,0.502,2.000,27,508081.790,3881304.871,-0.289909,-0.143688,-0.138811,-0.5600,-0.244,0.484,REVERSE|w1 d1 L24
54.256751,129.088646500000,35.074493333333,508081.803,3881307.735,0.239,-1.285291,route_tangent,24,0.502,2.000,27,508081.790,3881304.871,-0.289909,-0.143688,-0.140762,-0.5600,-0.244,0.484,REVERSE|w1 d1 L24
54.306711,129.088646500000,35.074493333333,508081.803,3881307.735,0.239,-1.285291,route_tangent,24,0.502,2.000,27,508081.790,3881304.871,-0.289909,-0.143688,-0.141932,-0.5600,-0.244,0.484,REVERSE|w1 d1 L24
54.357379,129.088646500000,35.074493333333,508081.803,3881307.735,0.239,-1.285291,route_tangent,24,0.502,2.000,27,508081.790,3881304.871,-0.289909,-0.143688,-0.142635,-0.5600,-0.244,0.484,REVERSE|w1 d1 L24
54.406775,129.088646500000,35.074493333333,508081.803,3881307.735,0.239,-1.285291,route_tangent,24,0.502,2.000,27,508081.790,3881304.871,-0.289909,-0.143688,-0.143056,-0.5600,-0.228,0.467,REVERSE|w1 d1 L24
54.456778,129.088646833333,35.074492833333,508081.833,3881307.680,0.279,-1.285291,route_tangent,24,0.565,2.000,27,508081.790,3881304.871,-0.300829,-0.151740,-0.146529,-0.5600,-0.228,0.506,REVERSE|w1 d1 L24
54.506778,129.088646833333,35.074492833333,508081.833,3881307.680,0.279,-1.285291,route_tangent,24,0.565,2.000,27,508081.790,3881304.871,-0.300829,-0.151740,-0.148613,-0.5600,-0.228,0.506,REVERSE|w1 d1 L24
54.556751,129.088646833333,35.074492833333,508081.833,3881307.680,0.279,-1.285291,route_tangent,24,0.565,2.000,27,508081.790,3881304.871,-0.300829,-0.151740,-0.149864,-0.5600,-0.228,0.506,REVERSE|w1 d1 L24
54.606926,129.088646833333,35.074492833333,508081.833,3881307.680,0.279,-1.285291,route_tangent,24,0.565,2.000,27,508081.790,3881304.871,-0.300829,-0.151740,-0.150614,-0.5600,-0.358,0.637,REVERSE|w1 d1 L24
54.657111,129.088646833333,35.074492833333,508081.833,3881307.680,0.279,-1.285291,route_tangent,24,0.565,2.000,27,508081.790,3881304.871,-0.300829,-0.151740,-0.151064,-0.5600,-0.358,0.637,REVERSE|w1 d1 L24
54.706778,129.088647166667,35.074492166667,508081.864,3881307.606,0.324,-1.285291,route_tangent,25,0.576,2.000,27,508081.790,3881304.871,-0.312371,-0.161422,-0.155207,-0.5600,-0.358,0.682,REVERSE|w1 d1 L25
54.756733,129.088647166667,35.074492166667,508081.864,3881307.606,0.324,-1.497836,route_tangent,25,0.576,2.000,27,508081.790,3881304.871,-0.099826,-0.052758,-0.125234,-0.5600,-0.358,0.682,REVERSE|w1 d1 L25
54.806819,129.088647166667,35.074492166667,508081.864,3881307.606,0.324,-1.497836,route_tangent,25,0.576,2.000,27,508081.790,3881304.871,-0.099826,-0.052758,-0.096244,-0.5600,-0.358,0.682,REVERSE|w1 d1 L25
54.856719,129.088647166667,35.074492166667,508081.864,3881307.606,0.324,-1.497836,route_tangent,25,0.576,2.000,27,508081.790,3881304.871,-0.099826,-0.052758,-0.078850,-0.5600,-0.358,0.682,REVERSE|w1 d1 L25
54.906740,129.088647166667,35.074492166667,508081.864,3881307.606,0.324,-1.497836,route_tangent,25,0.576,2.000,27,508081.790,3881304.871,-0.099826,-0.052758,-0.068413,-0.5600,-0.358,0.682,REVERSE|w1 d1 L25
54.956869,129.088647500000,35.074491500000,508081.894,3881307.532,0.309,-1.497836,route_tangent,25,0.507,2.000,27,508081.790,3881304.871,-0.112001,-0.060768,-0.065355,-0.5600,-0.358,0.667,REVERSE|w1 d1 L25
55.006827,129.088647500000,35.074491500000,508081.894,3881307.532,0.309,-1.497836,route_tangent,25,0.507,2.000,27,508081.790,3881304.871,-0.112001,-0.060768,-0.063520,-0.5600,-0.322,0.631,REVERSE|w1 d1 L25
55.056918,129.088647500000,35.074491500000,508081.894,3881307.532,0.309,-1.497836,route_tangent,25,0.507,2.000,27,508081.790,3881304.871,-0.112001,-0.060768,-0.062419,-0.5600,-0.322,0.631,REVERSE|w1 d1 L25
55.106775,129.088647500000,35.074491500000,508081.894,3881307.532,0.309,-1.497836,route_tangent,25,0.507,2.000,27,508081.790,3881304.871,-0.112001,-0.060768,-0.061759,-0.5600,-0.322,0.631,REVERSE|w1 d1 L25
55.156763,129.088647500000,35.074491500000,508081.894,3881307.532,0.309,-1.497836,route_tangent,25,0.507,2.000,27,508081.790,3881304.871,-0.112001,-0.060768,-0.061362,-0.5600,-0.322,0.631,REVERSE|w1 d1 L25
55.206755,129.088647666667,35.074490833333,508081.910,3881307.458,0.291,-1.497836,route_tangent,25,0.438,2.000,27,508081.790,3881304.871,-0.119002,-0.066357,-0.063360,-0.5600,-0.303,0.594,REVERSE|w1 d1 L25
55.256910,129.088647666667,35.074490833333,508081.910,3881307.458,0.291,-1.497836,route_tangent,25,0.438,2.000,27,508081.790,3881304.871,-0.119002,-0.066357,-0.064559,-0.5600,-0.303,0.594,REVERSE|w1 d1 L25
55.306781,129.088647666667,35.074490833333,508081.910,3881307.458,0.291,-1.497836,route_tangent,25,0.438,2.000,27,508081.790,3881304.871,-0.119002,-0.066357,-0.065278,-0.5600,-0.303,0.594,REVERSE|w1 d1 L25
55.356903,129.088647666667,35.074490833333,508081.910,3881307.458,0.291,-1.497836,route_tangent,25,0.438,2.000,27,508081.790,3881304.871,-0.119002,-0.066357,-0.065709,-0.5600,-0.303,0.594,REVERSE|w1 d1 L25
55.406846,129.088647666667,35.074490833333,508081.910,3881307.458,0.291,-1.497836,route_tangent,25,0.438,2.000,27,508081.790,3881304.871,-0.119002,-0.066357,-0.065968,-0.5600,-0.378,0.669,REVERSE|w1 d1 L25
55.456934,129.088647666667,35.074490833333,508081.910,3881307.458,0.291,-1.497836,route_tangent,25,0.438,2.000,27,508081.790,3881304.871,-0.119002,-0.066357,-0.066124,-0.5600,-0.378,0.669,REVERSE|w1 d1 L25
55.509304,129.088648166667,35.074489833333,508081.955,3881307.347,0.429,-1.497836,route_tangent,25,0.349,2.000,27,508081.790,3881304.871,-0.139443,-0.081011,-0.072079,-0.5600,-0.378,0.806,REVERSE|w1 d1 L25
55.556681,129.088648166667,35.074489833333,508081.955,3881307.347,0.429,-1.497836,route_tangent,25,0.349,2.000,27,508081.790,3881304.871,-0.139443,-0.081011,-0.075652,-0.5600,-0.378,0.806,REVERSE|w1 d1 L25
55.607152,129.088648166667,35.074489833333,508081.955,3881307.347,0.429,-1.497836,route_tangent,25,0.349,2.000,27,508081.790,3881304.871,-0.139443,-0.081011,-0.077796,-0.5600,-0.453,0.881,REVERSE|w1 d1 L25
55.656873,129.088648166667,35.074489833333,508081.955,3881307.347,0.429,-1.497836,route_tangent,25,0.349,2.000,27,508081.790,3881304.871,-0.139443,-0.081011,-0.079082,-0.5600,-0.453,0.881,REVERSE|w1 d1 L25
55.706767,129.088648666667,35.074488833333,508082.001,3881307.237,0.496,-1.497836,route_tangent,25,0.283,2.000,27,508081.790,3881304.871,-0.161735,-0.097985,-0.086643,-0.5600,-0.453,0.949,REVERSE|w1 d1 L25
55.756710,129.088648666667,35.074488833333,508082.001,3881307.237,0.496,-1.497836,route_tangent,25,0.283,2.000,27,508081.790,3881304.871,-0.161735,-0.097985,-0.091180,-0.5600,-0.453,0.949,REVERSE|w1 d1 L25
55.806740,129.088648666667,35.074488833333,508082.001,3881307.237,0.496,-1.497836,route_tangent,25,0.283,2.000,27,508081.790,3881304.871,-0.161735,-0.097985,-0.093902,-0.5600,-0.492,0.988,REVERSE|w1 d1 L25
55.857015,129.088648666667,35.074488833333,508082.001,3881307.237,0.496,-1.497836,route_tangent,25,0.283,2.000,27,508081.790,3881304.871,-0.161735,-0.097985,-0.095535,-0.5600,-0.492,0.988,REVERSE|w1 d1 L25
55.906900,129.088648666667,35.074488833333,508082.001,3881307.237,0.496,-1.497836,route_tangent,25,0.283,2.000,27,508081.790,3881304.871,-0.161735,-0.097985,-0.096515,-0.5600,-0.492,0.988,REVERSE|w1 d1 L25
55.958058,129.088649166667,35.074487833333,508082.047,3881307.126,0.507,-1.497836,route_tangent,25,0.260,2.000,27,508081.790,3881304.871,-0.186116,-0.117672,-0.104978,-0.5600,-0.492,0.998,REVERSE|w1 d1 L25
56.006746,129.088649166667,35.074487833333,508082.047,3881307.126,0.507,-1.497836,route_tangent,25,0.260,2.000,27,508081.790,3881304.871,-0.186116,-0.117672,-0.110056,-0.5600,-0.472,0.979,REVERSE|w1 d1 L25
56.056789,129.088649166667,35.074487833333,508082.047,3881307.126,0.507,-1.497836,route_tangent,25,0.260,2.000,27,508081.790,3881304.871,-0.186116,-0.117672,-0.113102,-0.5600,-0.472,0.979,REVERSE|w1 d1 L25
56.106782,129.088649166667,35.074487833333,508082.047,3881307.126,0.507,-1.497836,route_tangent,25,0.260,2.000,27,508081.790,3881304.871,-0.186116,-0.117672,-0.114930,-0.5600,-0.472,0.979,REVERSE|w1 d1 L25
56.156743,129.088649166667,35.074487833333,508082.047,3881307.126,0.507,-1.497836,route_tangent,25,0.260,2.000,27,508081.790,3881304.871,-0.186116,-0.117672,-0.116027,-0.5600,-0.472,0.979,REVERSE|w1 d1 L25
56.206715,129.088649500000,35.074486666667,508082.077,3881306.996,0.494,-1.497836,route_tangent,25,0.276,2.000,27,508081.790,3881304.871,-0.207057,-0.138085,-0.124850,-0.5600,-0.472,0.966,REVERSE|w1 d1 L25
56.256793,129.088649500000,35.074486666667,508082.077,3881306.996,0.494,-1.497836,route_tangent,25,0.276,2.000,27,508081.790,3881304.871,-0.207057,-0.138085,-0.130144,-0.5600,-0.472,0.966,REVERSE|w1 d1 L25
56.308615,129.088649500000,35.074486666667,508082.077,3881306.996,0.494,-1.497836,route_tangent,25,0.276,2.000,27,508081.790,3881304.871,-0.207057,-0.138085,-0.133320,-0.5600,-0.472,0.966,REVERSE|w1 d1 L25
56.356717,129.088649500000,35.074486666667,508082.077,3881306.996,0.494,-1.497836,route_tangent,25,0.276,2.000,27,508081.790,3881304.871,-0.207057,-0.138085,-0.135226,-0.5600,-0.472,0.966,REVERSE|w1 d1 L25
56.406763,129.088649500000,35.074486666667,508082.077,3881306.996,0.494,-1.497836,route_tangent,25,0.276,2.000,27,508081.790,3881304.871,-0.207057,-0.138085,-0.136369,-0.5600,-0.492,0.986,REVERSE|w1 d1 L25
56.456637,129.088650000000,35.074485666667,508082.123,3881306.886,0.534,-1.497836,route_tangent,25,0.352,2.000,27,508081.790,3881304.871,-0.236488,-0.164844,-0.147759,-0.5600,-0.492,1.026,REVERSE|w1 d1 L25
56.506749,129.088650000000,35.074485666667,508082.123,3881306.886,0.534,-1.497836,route_tangent,25,0.352,2.000,27,508081.790,3881304.871,-0.236488,-0.164844,-0.154593,-0.5600,-0.492,1.026,REVERSE|w1 d1 L25
56.556727,129.088650000000,35.074485666667,508082.123,3881306.886,0.534,-1.497836,route_tangent,25,0.352,2.000,27,508081.790,3881304.871,-0.236488,-0.164844,-0.158694,-0.5600,-0.492,1.026,REVERSE|w1 d1 L25
56.606861,129.088650000000,35.074485666667,508082.123,3881306.886,0.534,-1.497836,route_tangent,25,0.352,2.000,27,508081.790,3881304.871,-0.236488,-0.164844,-0.161154,-0.5600,-0.528,1.062,REVERSE|w1 d1 L25
56.656903,129.088650000000,35.074485666667,508082.123,3881306.886,0.534,-1.497836,route_tangent,25,0.352,2.000,27,508081.790,3881304.871,-0.236488,-0.164844,-0.162630,-0.5600,-0.528,1.062,REVERSE|w1 d1 L25
56.706729,129.088650333333,35.074484500000,508082.153,3881306.756,0.499,-1.497836,route_tangent,25,0.446,2.000,28,508081.442,3881303.817,-0.310466,-0.145436,-0.155752,-0.5600,-0.528,1.027,REVERSE|w1 d1 L25
56.757726,129.088650333333,35.074484500000,508082.153,3881306.756,0.499,-1.497836,route_tangent,25,0.446,2.000,28,508081.442,3881303.817,-0.310466,-0.145436,-0.151626,-0.5600,-0.528,1.027,REVERSE|w1 d1 L25
56.806752,129.088650333333,35.074484500000,508082.153,3881306.756,0.499,-1.497836,route_tangent,25,0.446,2.000,28,508081.442,3881303.817,-0.310466,-0.145436,-0.149150,-0.5600,-0.547,1.047,REVERSE|w1 d1 L25
56.856866,129.088650333333,35.074484500000,508082.153,3881306.756,0.499,-1.497836,route_tangent,25,0.446,2.000,28,508081.442,3881303.817,-0.310466,-0.145436,-0.147664,-0.5600,-0.547,1.047,REVERSE|w1 d1 L25
56.906757,129.088650333333,35.074484500000,508082.153,3881306.756,0.499,-1.497836,route_tangent,25,0.446,2.000,28,508081.442,3881303.817,-0.310466,-0.145436,-0.146773,-0.5600,-0.547,1.047,REVERSE|w1 d1 L25
56.956926,129.088650666667,35.074483500000,508082.184,3881306.645,0.495,-1.497836,route_tangent,25,0.543,2.000,28,508081.442,3881303.817,-0.329520,-0.159094,-0.151701,-0.5600,-0.547,1.042,REVERSE|w1 d1 L25
57.006839,129.088650666667,35.074483500000,508082.184,3881306.645,0.495,-1.497836,route_tangent,25,0.543,2.000,28,508081.442,3881303.817,-0.329520,-0.159094,-0.154658,-0.5600,-0.586,1.081,REVERSE|w1 d1 L25
57.056844,129.088650666667,35.074483500000,508082.184,3881306.645,0.495,-1.497836,route_tangent,25,0.543,2.000,28,508081.442,3881303.817,-0.329520,-0.159094,-0.156433,-0.5600,-0.586,1.081,REVERSE|w1 d1 L25
57.108102,129.088650666667,35.074483500000,508082.184,3881306.645,0.495,-1.497836,route_tangent,25,0.543,2.000,28,508081.442,3881303.817,-0.329520,-0.159094,-0.157497,-0.5600,-0.586,1.081,REVERSE|w1 d1 L25
57.156692,129.088650666667,35.074483500000,508082.184,3881306.645,0.495,-1.497836,route_tangent,25,0.543,2.000,28,508081.442,3881303.817,-0.329520,-0.159094,-0.158136,-0.5600,-0.586,1.081,REVERSE|w1 d1 L25
57.206817,129.088651000000,35.074482500000,508082.214,3881306.534,0.453,-1.497836,route_tangent,25,0.646,2.000,28,508081.442,3881303.817,-0.349917,-0.174154,-0.164543,-0.5600,-0.547,1.001,REVERSE|w1 d1 L25
57.256858,129.088651000000,35.074482500000,508082.214,3881306.534,0.453,-1.497836,route_tangent,25,0.646,2.000,28,508081.442,3881303.817,-0.349917,-0.174154,-0.168388,-0.5600,-0.547,1.001,REVERSE|w1 d1 L25
57.306800,129.088651000000,35.074482500000,508082.214,3881306.534,0.453,-1.497836,route_tangent,25,0.646,2.000,28,508081.442,3881303.817,-0.349917,-0.174154,-0.170694,-0.5600,-0.547,1.001,REVERSE|w1 d1 L25
57.356906,129.088651000000,35.074482500000,508082.214,3881306.534,0.453,-1.497836,route_tangent,25,0.646,2.000,28,508081.442,3881303.817,-0.349917,-0.174154,-0.172078,-0.5600,-0.547,1.001,REVERSE|w1 d1 L25
57.406837,129.088651000000,35.074482500000,508082.214,3881306.534,0.453,-1.497836,route_tangent,25,0.646,2.000,28,508081.442,3881303.817,-0.349917,-0.174154,-0.172909,-0.5600,-0.492,0.945,REVERSE|w1 d1 L25
57.456654,129.088651166667,35.074481333333,508082.230,3881306.405,0.481,-1.497836,route_tangent,26,0.550,2.000,28,508081.442,3881303.817,-0.368435,-0.190672,-0.180014,-0.5600,-0.492,0.972,REVERSE|w1 d1 L26
57.507171,129.088651166667,35.074481333333,508082.230,3881306.405,0.481,-1.651952,route_tangent,26,0.550,2.000,28,508081.442,3881303.817,-0.214319,-0.113492,-0.153405,-0.5600,-0.492,0.972,REVERSE|w1 d1 L26
57.556793,129.088651166667,35.074481333333,508082.230,3881306.405,0.481,-1.651952,route_tangent,26,0.550,2.000,28,508081.442,3881303.817,-0.214319,-0.113492,-0.137440,-0.5600,-0.492,0.972,REVERSE|w1 d1 L26
57.606704,129.088651166667,35.074481333333,508082.230,3881306.405,0.481,-1.651952,route_tangent,26,0.550,2.000,28,508081.442,3881303.817,-0.214319,-0.113492,-0.127861,-0.5600,-0.492,0.972,REVERSE|w1 d1 L26
57.656867,129.088651166667,35.074481333333,508082.230,3881306.405,0.481,-1.651952,route_tangent,26,0.550,2.000,28,508081.442,3881303.817,-0.214319,-0.113492,-0.122113,-0.5600,-0.492,0.972,REVERSE|w1 d1 L26
57.707113,129.088651333333,35.074480333333,508082.245,3881306.294,0.483,-1.651952,route_tangent,26,0.481,2.000,28,508081.442,3881303.817,-0.232335,-0.127497,-0.124267,-0.5600,-0.492,0.974,REVERSE|w1 d1 L26
57.757632,129.088651333333,35.074480333333,508082.245,3881306.294,0.483,-1.651952,route_tangent,26,0.481,2.000,28,508081.442,3881303.817,-0.232335,-0.127497,-0.125559,-0.5600,-0.492,0.974,REVERSE|w1 d1 L26
57.806780,129.088651333333,35.074480333333,508082.245,3881306.294,0.483,-1.651952,route_tangent,26,0.481,2.000,28,508081.442,3881303.817,-0.232335,-0.127497,-0.126334,-0.5600,-0.547,1.030,REVERSE|w1 d1 L26
57.856743,129.088651333333,35.074480333333,508082.245,3881306.294,0.483,-1.651952,route_tangent,26,0.481,2.000,28,508081.442,3881303.817,-0.232335,-0.127497,-0.126799,-0.5600,-0.547,1.030,REVERSE|w1 d1 L26
57.908013,129.088651333333,35.074480333333,508082.245,3881306.294,0.483,-1.651952,route_tangent,26,0.481,2.000,28,508081.442,3881303.817,-0.232335,-0.127497,-0.127078,-0.5600,-0.547,1.030,REVERSE|w1 d1 L26
57.956742,129.088651500000,35.074479000000,508082.260,3881306.146,0.542,-1.651952,route_tangent,26,0.415,2.000,28,508081.442,3881303.817,-0.256707,-0.148006,-0.135449,-0.5600,-0.547,1.089,REVERSE|w1 d1 L26
58.006791,129.088651500000,35.074479000000,508082.260,3881306.146,0.542,-1.651952,route_tangent,26,0.415,2.000,28,508081.442,3881303.817,-0.256707,-0.148006,-0.140472,-0.5600,-0.492,1.033,REVERSE|w1 d1 L26
58.056767,129.088651500000,35.074479000000,508082.260,3881306.146,0.542,-1.651952,route_tangent,26,0.415,2.000,28,508081.442,3881303.817,-0.256707,-0.148006,-0.143486,-0.5600,-0.492,1.033,REVERSE|w1 d1 L26
58.106777,129.088651500000,35.074479000000,508082.260,3881306.146,0.542,-1.651952,route_tangent,26,0.415,2.000,28,508081.442,3881303.817,-0.256707,-0.148006,-0.145294,-0.5600,-0.492,1.033,REVERSE|w1 d1 L26
58.156851,129.088651500000,35.074479000000,508082.260,3881306.146,0.542,-1.651952,route_tangent,26,0.415,2.000,28,508081.442,3881303.817,-0.256707,-0.148006,-0.146379,-0.5600,-0.492,1.033,REVERSE|w1 d1 L26
58.206771,129.088651666667,35.074478000000,508082.276,3881306.035,0.514,-1.651952,route_tangent,26,0.399,2.000,28,508081.442,3881303.817,-0.278304,-0.166509,-0.154431,-0.5600,-0.492,1.005,REVERSE|w1 d1 L26
58.257277,129.088651666667,35.074478000000,508082.276,3881306.035,0.514,-1.651952,route_tangent,26,0.399,2.000,28,508081.442,3881303.817,-0.278304,-0.166509,-0.159262,-0.5600,-0.492,1.005,REVERSE|w1 d1 L26
58.306777,129.088651666667,35.074478000000,508082.276,3881306.035,0.514,-1.651952,route_tangent,26,0.399,2.000,28,508081.442,3881303.817,-0.278304,-0.166509,-0.162161,-0.5600,-0.492,1.005,REVERSE|w1 d1 L26
58.356887,129.088651666667,35.074478000000,508082.276,3881306.035,0.514,-1.651952,route_tangent,26,0.399,2.000,28,508081.442,3881303.817,-0.278304,-0.166509,-0.163900,-0.5600,-0.492,1.005,REVERSE|w1 d1 L26
58.406765,129.088651666667,35.074478000000,508082.276,3881306.035,0.514,-1.651952,route_tangent,26,0.399,2.000,28,508081.442,3881303.817,-0.278304,-0.166509,-0.164944,-0.5600,-0.528,1.041,REVERSE|w1 d1 L26
58.456770,129.088651666667,35.074476833333,508082.276,3881305.906,0.524,-1.651952,route_tangent,26,0.402,2.000,28,508081.442,3881303.817,-0.298584,-0.187383,-0.173919,-0.5600,-0.528,1.052,REVERSE|w1 d1 L26
58.506750,129.088651666667,35.074476833333,508082.276,3881305.906,0.524,-1.651952,route_tangent,26,0.402,2.000,28,508081.442,3881303.817,-0.298584,-0.187383,-0.179305,-0.5600,-0.528,1.052,REVERSE|w1 d1 L26
58.558119,129.088651666667,35.074476833333,508082.276,3881305.906,0.524,-1.651952,route_tangent,26,0.402,2.000,28,508081.442,3881303.817,-0.298584,-0.187383,-0.182536,-0.5600,-0.528,1.052,REVERSE|w1 d1 L26
58.606742,129.088651666667,35.074476833333,508082.276,3881305.906,0.524,-1.651952,route_tangent,26,0.402,2.000,28,508081.442,3881303.817,-0.298584,-0.187383,-0.184475,-0.5600,-0.508,1.033,REVERSE|w1 d1 L26
58.656823,129.088651666667,35.074476833333,508082.276,3881305.906,0.524,-1.651952,route_tangent,26,0.402,2.000,28,508081.442,3881303.817,-0.298584,-0.187383,-0.185638,-0.5600,-0.508,1.033,REVERSE|w1 d1 L26
58.706950,129.088651666667,35.074475666667,508082.276,3881305.777,0.491,-1.651952,route_tangent,26,0.444,2.000,28,508081.442,3881303.817,-0.321151,-0.211664,-0.196048,-0.5600,-0.508,1.000,REVERSE|w1 d1 L26
58.756752,129.088651666667,35.074475666667,508082.276,3881305.777,0.491,-1.651952,route_tangent,26,0.444,2.000,28,508081.442,3881303.817,-0.321151,-0.211664,-0.202294,-0.5600,-0.508,1.000,REVERSE|w1 d1 L26
58.806767,129.088651666667,35.074475666667,508082.276,3881305.777,0.491,-1.651952,route_tangent,26,0.444,2.000,28,508081.442,3881303.817,-0.321151,-0.211664,-0.206042,-0.5600,-0.508,1.000,REVERSE|w1 d1 L26
58.856822,129.088651666667,35.074475666667,508082.276,3881305.777,0.491,-1.651952,route_tangent,26,0.444,2.000,28,508081.442,3881303.817,-0.321151,-0.211664,-0.208291,-0.5600,-0.508,1.000,REVERSE|w1 d1 L26
58.906851,129.088651666667,35.074475666667,508082.276,3881305.777,0.491,-1.651952,route_tangent,26,0.444,2.000,28,508081.442,3881303.817,-0.321151,-0.211664,-0.209640,-0.5600,-0.508,1.000,REVERSE|w1 d1 L26
58.956698,129.088651666667,35.074474500000,508082.276,3881305.647,0.494,-1.651952,route_tangent,26,0.516,2.000,28,508081.442,3881303.817,-0.346389,-0.239996,-0.221782,-0.5600,-0.508,1.003,REVERSE|w1 d1 L26
59.007191,129.088651666667,35.074474500000,508082.276,3881305.647,0.494,-1.651952,route_tangent,26,0.516,2.000,28,508081.442,3881303.817,-0.346389,-0.239996,-0.229068,-0.5600,-0.528,1.022,REVERSE|w1 d1 L26
59.057394,129.088651666667,35.074474500000,508082.276,3881305.647,0.494,-1.651952,route_tangent,26,0.516,2.000,28,508081.442,3881303.817,-0.346389,-0.239996,-0.233439,-0.5600,-0.528,1.022,REVERSE|w1 d1 L26
59.106694,129.088651666667,35.074474500000,508082.276,3881305.647,0.494,-1.651952,route_tangent,26,0.516,2.000,28,508081.442,3881303.817,-0.346389,-0.239996,-0.236062,-0.5600,-0.528,1.022,REVERSE|w1 d1 L26
59.156789,129.088651666667,35.074474500000,508082.276,3881305.647,0.494,-1.651952,route_tangent,26,0.516,2.000,28,508081.442,3881303.817,-0.346389,-0.239996,-0.237635,-0.5600,-0.528,1.022,REVERSE|w1 d1 L26
59.206763,129.088651666667,35.074473333333,508082.276,3881305.518,0.504,-1.651952,route_tangent,26,0.608,2.000,29,508080.804,3881302.929,-0.435731,-0.202691,-0.223658,-0.5600,-0.508,1.013,REVERSE|w1 d1 L26
59.256883,129.088651666667,35.074473333333,508082.276,3881305.518,0.504,-1.651952,route_tangent,26,0.608,2.000,29,508080.804,3881302.929,-0.435731,-0.202691,-0.215271,-0.5600,-0.508,1.013,REVERSE|w1 d1 L26
59.306762,129.088651666667,35.074473333333,508082.276,3881305.518,0.504,-1.651952,route_tangent,26,0.608,2.000,29,508080.804,3881302.929,-0.435731,-0.202691,-0.210239,-0.5600,-0.508,1.013,REVERSE|w1 d1 L26
59.357352,129.088651666667,35.074473333333,508082.276,3881305.518,0.504,-1.651952,route_tangent,26,0.608,2.000,29,508080.804,3881302.929,-0.435731,-0.202691,-0.207220,-0.5600,-0.508,1.013,REVERSE|w1 d1 L26
59.406787,129.088651666667,35.074473333333,508082.276,3881305.518,0.504,-1.651952,route_tangent,26,0.608,2.000,29,508080.804,3881302.929,-0.435731,-0.202691,-0.205408,-0.5600,-0.528,1.032,REVERSE|w1 d1 L26
59.456728,129.088651500000,35.074472000000,508082.261,3881305.370,0.533,-1.651952,route_tangent,27,0.686,2.000,29,508080.804,3881302.929,-0.456834,-0.221324,-0.211775,-0.5600,-0.528,1.061,REVERSE|w1 d1 L27
59.508283,129.088651500000,35.074472000000,508082.261,3881305.370,0.533,-1.890239,route_tangent,27,0.686,2.000,29,508080.804,3881302.929,-0.218547,-0.110148,-0.180842,-0.5600,-0.528,1.061,REVERSE|w1 d1 L27
59.556716,129.088651500000,35.074472000000,508082.261,3881305.370,0.533,-1.890239,route_tangent,27,0.686,2.000,29,508080.804,3881302.929,-0.218547,-0.110148,-0.152564,-0.5600,-0.528,1.061,REVERSE|w1 d1 L27
59.607222,129.088651500000,35.074472000000,508082.261,3881305.370,0.533,-1.890239,route_tangent,27,0.686,2.000,29,508080.804,3881302.929,-0.218547,-0.110148,-0.135598,-0.5600,-0.547,1.080,REVERSE|w1 d1 L27
59.656730,129.088651500000,35.074472000000,508082.261,3881305.370,0.533,-1.890239,route_tangent,27,0.686,2.000,29,508080.804,3881302.929,-0.218547,-0.110148,-0.125418,-0.5600,-0.547,1.080,REVERSE|w1 d1 L27
59.707293,129.088651166667,35.074471000000,508082.231,3881305.259,0.514,-1.890239,route_tangent,27,0.587,2.000,29,508080.804,3881302.929,-0.229831,-0.120328,-0.123382,-0.5600,-0.547,1.061,REVERSE|w1 d1 L27
59.756702,129.088651166667,35.074471000000,508082.231,3881305.259,0.514,-1.890239,route_tangent,27,0.587,2.000,29,508080.804,3881302.929,-0.229831,-0.120328,-0.122160,-0.5600,-0.547,1.061,REVERSE|w1 d1 L27
59.807083,129.088651166667,35.074471000000,508082.231,3881305.259,0.514,-1.890239,route_tangent,27,0.587,2.000,29,508080.804,3881302.929,-0.229831,-0.120328,-0.121427,-0.5600,-0.528,1.042,REVERSE|w1 d1 L27
59.857055,129.088651166667,35.074471000000,508082.231,3881305.259,0.514,-1.890239,route_tangent,27,0.587,2.000,29,508080.804,3881302.929,-0.229831,-0.120328,-0.120988,-0.5600,-0.528,1.042,REVERSE|w1 d1 L27
59.908402,129.088651166667,35.074471000000,508082.231,3881305.259,0.514,-1.890239,route_tangent,27,0.587,2.000,29,508080.804,3881302.929,-0.229831,-0.120328,-0.120724,-0.5600,-0.528,1.042,REVERSE|w1 d1 L27
59.956744,129.088650833333,35.074469833333,508082.200,3881305.130,0.492,-1.890239,route_tangent,27,0.485,2.000,29,508080.804,3881302.929,-0.245847,-0.134592,-0.126271,-0.5600,-0.528,1.019,REVERSE|w1 d1 L27
60.007072,129.088650833333,35.074469833333,508082.200,3881305.130,0.492,-1.890239,route_tangent,27,0.485,2.000,29,508080.804,3881302.929,-0.245847,-0.134592,-0.129600,-0.5600,-0.528,1.019,REVERSE|w1 d1 L27
60.056766,129.088650833333,35.074469833333,508082.200,3881305.130,0.492,-1.890239,route_tangent,27,0.485,2.000,29,508080.804,3881302.929,-0.245847,-0.134592,-0.131597,-0.5600,-0.528,1.019,REVERSE|w1 d1 L27
60.106801,129.088650833333,35.074469833333,508082.200,3881305.130,0.492,-1.890239,route_tangent,27,0.485,2.000,29,508080.804,3881302.929,-0.245847,-0.134592,-0.132795,-0.5600,-0.528,1.019,REVERSE|w1 d1 L27
60.156861,129.088650833333,35.074469833333,508082.200,3881305.130,0.492,-1.890239,route_tangent,27,0.485,2.000,29,508080.804,3881302.929,-0.245847,-0.134592,-0.133514,-0.5600,-0.528,1.019,REVERSE|w1 d1 L27
60.207287,129.088650500000,35.074468500000,508082.170,3881304.982,0.560,-1.890239,route_tangent,27,0.396,2.000,29,508080.804,3881302.929,-0.267615,-0.154274,-0.141818,-0.5600,-0.586,1.146,REVERSE|w1 d1 L27
60.257147,129.088650500000,35.074468500000,508082.170,3881304.982,0.560,-1.890239,route_tangent,27,0.396,2.000,29,508080.804,3881302.929,-0.267615,-0.154274,-0.146800,-0.5600,-0.586,1.146,REVERSE|w1 d1 L27
60.308125,129.088650500000,35.074468500000,508082.170,3881304.982,0.560,-1.890239,route_tangent,27,0.396,2.000,29,508080.804,3881302.929,-0.267615,-0.154274,-0.149789,-0.5600,-0.586,1.146,REVERSE|w1 d1 L27
60.356716,129.088650500000,35.074468500000,508082.170,3881304.982,0.560,-1.890239,route_tangent,27,0.396,2.000,29,508080.804,3881302.929,-0.267615,-0.154274,-0.151583,-0.5600,-0.586,1.146,REVERSE|w1 d1 L27
60.406782,129.088650500000,35.074468500000,508082.170,3881304.982,0.560,-1.890239,route_tangent,27,0.396,2.000,29,508080.804,3881302.929,-0.267615,-0.154274,-0.152659,-0.5600,-0.586,1.146,REVERSE|w1 d1 L27
60.456789,129.088650166667,35.074467333333,508082.140,3881304.852,0.552,-1.890239,route_tangent,27,0.350,2.000,29,508080.804,3881302.929,-0.287464,-0.173797,-0.161114,-0.5600,-0.586,1.139,REVERSE|w1 d1 L27
60.507013,129.088650166667,35.074467333333,508082.140,3881304.852,0.552,-1.890239,route_tangent,27,0.350,2.000,29,508080.804,3881302.929,-0.287464,-0.173797,-0.166188,-0.5600,-0.586,1.139,REVERSE|w1 d1 L27
60.556727,129.088650166667,35.074467333333,508082.140,3881304.852,0.552,-1.890239,route_tangent,27,0.350,2.000,29,508080.804,3881302.929,-0.287464,-0.173797,-0.169231,-0.5600,-0.586,1.139,REVERSE|w1 d1 L27
60.606755,129.088650166667,35.074467333333,508082.140,3881304.852,0.552,-1.890239,route_tangent,27,0.350,2.000,29,508080.804,3881302.929,-0.287464,-0.173797,-0.171058,-0.5600,-0.547,1.100,REVERSE|w1 d1 L27
60.656858,129.088650166667,35.074467333333,508082.140,3881304.852,0.552,-1.890239,route_tangent,27,0.350,2.000,29,508080.804,3881302.929,-0.287464,-0.173797,-0.172154,-0.5600,-0.547,1.100,REVERSE|w1 d1 L27
60.706874,129.088649666667,35.074466333333,508082.094,3881304.741,0.492,-1.890239,route_tangent,27,0.330,2.000,29,508080.804,3881302.929,-0.299110,-0.189752,-0.179193,-0.5600,-0.547,1.039,REVERSE|w1 d1 L27
60.756819,129.088649666667,35.074466333333,508082.094,3881304.741,0.492,-1.890239,route_tangent,27,0.330,2.000,29,508080.804,3881302.929,-0.299110,-0.189752,-0.183416,-0.5600,-0.547,1.039,REVERSE|w1 d1 L27
60.807286,129.088649666667,35.074466333333,508082.094,3881304.741,0.492,-1.890239,route_tangent,27,0.330,2.000,29,508080.804,3881302.929,-0.299110,-0.189752,-0.185950,-0.5600,-0.492,0.984,REVERSE|w1 d1 L27
60.856756,129.088649666667,35.074466333333,508082.094,3881304.741,0.492,-1.890239,route_tangent,27,0.330,2.000,29,508080.804,3881302.929,-0.299110,-0.189752,-0.187471,-0.5600,-0.492,0.984,REVERSE|w1 d1 L27
60.906983,129.088649666667,35.074466333333,508082.094,3881304.741,0.492,-1.890239,route_tangent,27,0.330,2.000,29,508080.804,3881302.929,-0.299110,-0.189752,-0.188383,-0.5600,-0.492,0.984,REVERSE|w1 d1 L27
60.956769,129.088649333333,35.074465000000,508082.064,3881304.594,0.548,-1.890239,route_tangent,27,0.389,2.000,29,508080.804,3881302.929,-0.328385,-0.220383,-0.201183,-0.5600,-0.492,1.040,REVERSE|w1 d1 L27
61.006737,129.088649333333,35.074465000000,508082.064,3881304.594,0.548,-1.890239,route_tangent,27,0.389,2.000,29,508080.804,3881302.929,-0.328385,-0.220383,-0.208863,-0.5600,-0.528,1.076,REVERSE|w1 d1 L27
61.057289,129.088649333333,35.074465000000,508082.064,3881304.594,0.548,-1.890239,route_tangent,27,0.389,2.000,29,508080.804,3881302.929,-0.328385,-0.220383,-0.213471,-0.5600,-0.528,1.076,REVERSE|w1 d1 L27
61.107003,129.088649333333,35.074465000000,508082.064,3881304.594,0.548,-1.890239,route_tangent,27,0.389,2.000,29,508080.804,3881302.929,-0.328385,-0.220383,-0.216236,-0.5600,-0.528,1.076,REVERSE|w1 d1 L27
61.156746,129.088649333333,35.074465000000,508082.064,3881304.594,0.548,-1.890239,route_tangent,27,0.389,2.000,29,508080.804,3881302.929,-0.328385,-0.220383,-0.217894,-0.5600,-0.528,1.076,REVERSE|w1 d1 L27
61.206768,129.088648666667,35.074463833333,508082.003,3881304.464,0.581,-1.890239,route_tangent,27,0.459,2.000,30,508079.985,3881302.318,-0.435499,-0.204707,-0.212620,-0.5600,-0.586,1.167,REVERSE|w1 d1 L27
61.256703,129.088648666667,35.074463833333,508082.003,3881304.464,0.581,-1.890239,route_tangent,27,0.459,2.000,30,508079.985,3881302.318,-0.435499,-0.204707,-0.209455,-0.5600,-0.586,1.167,REVERSE|w1 d1 L27
61.306739,129.088648666667,35.074463833333,508082.003,3881304.464,0.581,-1.890239,route_tangent,27,0.459,2.000,30,508079.985,3881302.318,-0.435499,-0.204707,-0.207556,-0.5600,-0.586,1.167,REVERSE|w1 d1 L27
61.356762,129.088648666667,35.074463833333,508082.003,3881304.464,0.581,-1.890239,route_tangent,27,0.459,2.000,30,508079.985,3881302.318,-0.435499,-0.204707,-0.206416,-0.5600,-0.586,1.167,REVERSE|w1 d1 L27
61.406858,129.088648666667,35.074463833333,508082.003,3881304.464,0.581,-1.890239,route_tangent,27,0.459,2.000,30,508079.985,3881302.318,-0.435499,-0.204707,-0.205733,-0.5600,-0.586,1.167,REVERSE|w1 d1 L27
61.457252,129.088648000000,35.074462666667,508081.943,3881304.335,0.539,-1.890239,route_tangent,27,0.557,2.000,30,508079.985,3881302.318,-0.451336,-0.221316,-0.211966,-0.5600,-0.586,1.125,REVERSE|w1 d1 L27
61.506848,129.088648000000,35.074462666667,508081.943,3881304.335,0.539,-1.890239,route_tangent,27,0.557,2.000,30,508079.985,3881302.318,-0.451336,-0.221316,-0.215706,-0.5600,-0.586,1.125,REVERSE|w1 d1 L27
61.557214,129.088648000000,35.074462666667,508081.943,3881304.335,0.539,-1.890239,route_tangent,27,0.557,2.000,30,508079.985,3881302.318,-0.451336,-0.221316,-0.217950,-0.5600,-0.586,1.125,REVERSE|w1 d1 L27
61.606682,129.088648000000,35.074462666667,508081.943,3881304.335,0.539,-1.890239,route_tangent,27,0.557,2.000,30,508079.985,3881302.318,-0.451336,-0.221316,-0.219297,-0.5600,-0.567,1.106,REVERSE|w1 d1 L27
61.656770,129.088648000000,35.074462666667,508081.943,3881304.335,0.539,-1.890239,route_tangent,27,0.557,2.000,30,508079.985,3881302.318,-0.451336,-0.221316,-0.220105,-0.5600,-0.567,1.106,REVERSE|w1 d1 L27
61.706783,129.088647333333,35.074461666667,508081.882,3881304.224,0.564,-1.890239,route_tangent,28,0.600,2.000,30,508079.985,3881302.318,-0.463894,-0.236732,-0.226755,-0.5600,-0.567,1.131,REVERSE|w1 d1 L28
61.758163,129.088647333333,35.074461666667,508081.882,3881304.224,0.564,-2.193524,route_tangent,28,0.600,2.000,30,508079.985,3881302.318,-0.160609,-0.086015,-0.195928,-0.5600,-0.567,1.131,REVERSE|w1 d1 L28
61.807053,129.088647333333,35.074461666667,508081.882,3881304.224,0.564,-2.193524,route_tangent,28,0.600,2.000,30,508079.985,3881302.318,-0.160609,-0.086015,-0.166593,-0.5600,-0.547,1.111,REVERSE|w1 d1 L28
61.856821,129.088647333333,35.074461666667,508081.882,3881304.224,0.564,-2.193524,route_tangent,28,0.600,2.000,30,508079.985,3881302.318,-0.160609,-0.086015,-0.136733,-0.5600,-0.547,1.111,REVERSE|w1 d1 L28
61.907839,129.088647333333,35.074461666667,508081.882,3881304.224,0.564,-2.193524,route_tangent,28,0.600,2.000,30,508079.985,3881302.318,-0.160609,-0.086015,-0.116446,-0.5600,-0.547,1.111,REVERSE|w1 d1 L28
61.956748,129.088646500000,35.074460666667,508081.806,3881304.113,0.535,-2.193524,route_tangent,28,0.470,2.000,30,508079.985,3881302.318,-0.170205,-0.095755,-0.108169,-0.5600,-0.547,1.082,REVERSE|w1 d1 L28
62.006760,129.088646500000,35.074460666667,508081.806,3881304.113,0.535,-2.193524,route_tangent,28,0.470,2.000,30,508079.985,3881302.318,-0.170205,-0.095755,-0.103203,-0.5600,-0.547,1.082,REVERSE|w1 d1 L28
62.056723,129.088646500000,35.074460666667,508081.806,3881304.113,0.535,-2.193524,route_tangent,28,0.470,2.000,30,508079.985,3881302.318,-0.170205,-0.095755,-0.100224,-0.5600,-0.547,1.082,REVERSE|w1 d1 L28
62.107036,129.088646500000,35.074460666667,508081.806,3881304.113,0.535,-2.193524,route_tangent,28,0.470,2.000,30,508079.985,3881302.318,-0.170205,-0.095755,-0.098436,-0.5600,-0.547,1.082,REVERSE|w1 d1 L28
62.156774,129.088646500000,35.074460666667,508081.806,3881304.113,0.535,-2.193524,route_tangent,28,0.470,2.000,30,508079.985,3881302.318,-0.170205,-0.095755,-0.097364,-0.5600,-0.547,1.082,REVERSE|w1 d1 L28
62.208928,129.088645666667,35.074459500000,508081.730,3881303.983,0.559,-2.193524,route_tangent,28,0.333,2.000,30,508079.985,3881302.318,-0.186366,-0.110906,-0.102780,-0.5600,-0.547,1.106,REVERSE|w1 d1 L28
62.257119,129.088645666667,35.074459500000,508081.730,3881303.983,0.559,-2.193524,route_tangent,28,0.333,2.000,30,508079.985,3881302.318,-0.186366,-0.110906,-0.106030,-0.5600,-0.547,1.106,REVERSE|w1 d1 L28
62.306815,129.088645666667,35.074459500000,508081.730,3881303.983,0.559,-2.193524,route_tangent,28,0.333,2.000,30,508079.985,3881302.318,-0.186366,-0.110906,-0.107980,-0.5600,-0.547,1.106,REVERSE|w1 d1 L28
62.357018,129.088645666667,35.074459500000,508081.730,3881303.983,0.559,-2.193524,route_tangent,28,0.333,2.000,30,508079.985,3881302.318,-0.186366,-0.110906,-0.109151,-0.5600,-0.547,1.106,REVERSE|w1 d1 L28
62.406894,129.088645666667,35.074459500000,508081.730,3881303.983,0.559,-2.193524,route_tangent,28,0.333,2.000,30,508079.985,3881302.318,-0.186366,-0.110906,-0.109853,-0.5600,-0.547,1.106,REVERSE|w1 d1 L28
62.456803,129.088645666667,35.074459500000,508081.730,3881303.983,0.559,-2.193524,route_tangent,28,0.333,2.000,30,508079.985,3881302.318,-0.186366,-0.110906,-0.110274,-0.5600,-0.547,1.106,REVERSE|w1 d1 L28
62.506811,129.088644666667,35.074458500000,508081.639,3881303.872,0.559,-2.193524,route_tangent,28,0.205,2.000,30,508079.985,3881302.318,-0.194056,-0.122556,-0.115187,-0.5600,-0.547,1.106,REVERSE|w1 d1 L28
62.556812,129.088644666667,35.074458500000,508081.639,3881303.872,0.559,-2.193524,route_tangent,28,0.205,2.000,30,508079.985,3881302.318,-0.194056,-0.122556,-0.118134,-0.5600,-0.547,1.106,REVERSE|w1 d1 L28
62.607023,129.088644666667,35.074458500000,508081.639,3881303.872,0.559,-2.193524,route_tangent,28,0.205,2.000,30,508079.985,3881302.318,-0.194056,-0.122556,-0.119903,-0.5600,-0.567,1.125,REVERSE|w1 d1 L28
62.657755,129.088644666667,35.074458500000,508081.639,3881303.872,0.559,-2.193524,route_tangent,28,0.205,2.000,30,508079.985,3881302.318,-0.194056,-0.122556,-0.120964,-0.5600,-0.567,1.125,REVERSE|w1 d1 L28
62.707205,129.088643833333,35.074457333333,508081.563,3881303.743,0.580,-2.193524,route_tangent,28,0.142,2.000,30,508079.985,3881302.318,-0.214009,-0.143806,-0.130101,-0.5600,-0.567,1.146,REVERSE|w1 d1 L28
62.756793,129.088643833333,35.074457333333,508081.563,3881303.743,0.580,-2.193524,route_tangent,28,0.142,2.000,30,508079.985,3881302.318,-0.214009,-0.143806,-0.135583,-0.5600,-0.567,1.146,REVERSE|w1 d1 L28
62.808709,129.088643833333,35.074457333333,508081.563,3881303.743,0.580,-2.193524,route_tangent,28,0.142,2.000,30,508079.985,3881302.318,-0.214009,-0.143806,-0.138872,-0.5600,-0.586,1.166,REVERSE|w1 d1 L28
62.856757,129.088643833333,35.074457333333,508081.563,3881303.743,0.580,-2.193524,route_tangent,28,0.142,2.000,30,508079.985,3881302.318,-0.214009,-0.143806,-0.140846,-0.5600,-0.586,1.166,REVERSE|w1 d1 L28
62.908281,129.088643833333,35.074457333333,508081.563,3881303.743,0.580,-2.193524,route_tangent,28,0.142,2.000,30,508079.985,3881302.318,-0.214009,-0.143806,-0.142030,-0.5600,-0.586,1.166,REVERSE|w1 d1 L28
62.956709,129.088643000000,35.074456333333,508081.488,3881303.632,0.571,-2.193524,route_tangent,28,0.190,2.000,31,508079.043,3881301.689,-0.276551,-0.126112,-0.135663,-0.5600,-0.586,1.157,REVERSE|w1 d1 L28
63.009529,129.088643000000,35.074456333333,508081.488,3881303.632,0.571,-2.193524,route_tangent,28,0.190,2.000,31,508079.043,3881301.689,-0.276551,-0.126112,-0.131842,-0.5600,-0.547,1.118,REVERSE|w1 d1 L28
63.057215,129.088643000000,35.074456333333,508081.488,3881303.632,0.571,-2.193524,route_tangent,28,0.190,2.000,31,508079.043,3881301.689,-0.276551,-0.126112,-0.129550,-0.5600,-0.547,1.118,REVERSE|w1 d1 L28
63.107378,129.088643000000,35.074456333333,508081.488,3881303.632,0.571,-2.193524,route_tangent,28,0.190,2.000,31,508079.043,3881301.689,-0.276551,-0.126112,-0.128175,-0.5600,-0.547,1.118,REVERSE|w1 d1 L28
63.157315,129.088643000000,35.074456333333,508081.488,3881303.632,0.571,-2.193524,route_tangent,28,0.190,2.000,31,508079.043,3881301.689,-0.276551,-0.126112,-0.127350,-0.5600,-0.547,1.118,REVERSE|w1 d1 L28
63.206802,129.088642000000,35.074455333333,508081.397,3881303.521,0.572,-2.193524,route_tangent,28,0.299,2.000,31,508079.043,3881301.689,-0.286684,-0.136620,-0.131058,-0.5600,-0.567,1.139,REVERSE|w1 d1 L28
63.256842,129.088642000000,35.074455333333,508081.397,3881303.521,0.572,-2.193524,route_tangent,28,0.299,2.000,31,508079.043,3881301.689,-0.286684,-0.136620,-0.133283,-0.5600,-0.567,1.139,REVERSE|w1 d1 L28
63.307123,129.088642000000,35.074455333333,508081.397,3881303.521,0.572,-2.193524,route_tangent,28,0.299,2.000,31,508079.043,3881301.689,-0.286684,-0.136620,-0.134618,-0.5600,-0.567,1.139,REVERSE|w1 d1 L28
63.356727,129.088642000000,35.074455333333,508081.397,3881303.521,0.572,-2.193524,route_tangent,28,0.299,2.000,31,508079.043,3881301.689,-0.286684,-0.136620,-0.135419,-0.5600,-0.567,1.139,REVERSE|w1 d1 L28
63.407068,129.088642000000,35.074455333333,508081.397,3881303.521,0.572,-2.193524,route_tangent,28,0.299,2.000,31,508079.043,3881301.689,-0.286684,-0.136620,-0.135899,-0.5600,-0.586,1.158,REVERSE|w1 d1 L28
63.456927,129.088642000000,35.074455333333,508081.397,3881303.521,0.572,-2.193524,route_tangent,28,0.299,2.000,31,508079.043,3881301.689,-0.286684,-0.136620,-0.136188,-0.5600,-0.586,1.158,REVERSE|w1 d1 L28
63.509344,129.088641000000,35.074454333333,508081.305,3881303.410,0.586,-2.193524,route_tangent,28,0.429,2.000,31,508079.043,3881301.689,-0.297815,-0.148575,-0.141142,-0.5600,-0.586,1.173,REVERSE|w1 d1 L28
63.556697,129.088641000000,35.074454333333,508081.305,3881303.410,0.586,-2.193524,route_tangent,28,0.429,2.000,31,508079.043,3881301.689,-0.297815,-0.148575,-0.144115,-0.5600,-0.586,1.173,REVERSE|w1 d1 L28
63.606703,129.088641000000,35.074454333333,508081.305,3881303.410,0.586,-2.193524,route_tangent,28,0.429,2.000,31,508079.043,3881301.689,-0.297815,-0.148575,-0.145899,-0.5600,-0.586,1.173,REVERSE|w1 d1 L28
63.656756,129.088641000000,35.074454333333,508081.305,3881303.410,0.586,-2.193524,route_tangent,28,0.429,2.000,31,508079.043,3881301.689,-0.297815,-0.148575,-0.146969,-0.5600,-0.586,1.173,REVERSE|w1 d1 L28
63.707024,129.088639833333,35.074453333333,508081.199,3881303.299,0.593,-2.193524,route_tangent,29,0.541,2.000,31,508079.043,3881301.689,-0.306738,-0.161290,-0.152698,-0.5600,-0.586,1.179,REVERSE|w1 d1 L29
63.756714,129.088639833333,35.074453333333,508081.199,3881303.299,0.593,-2.501398,route_tangent,29,0.541,2.000,31,508079.043,3881301.689,0.001135,0.000000,-0.122883,-0.5600,-0.586,1.179,REVERSE|w1 d1 L29
63.811754,129.088639833333,35.074453333333,508081.199,3881303.299,0.593,-2.675482,route_tangent,29,0.541,2.000,31,508079.043,3881301.689,0.175219,0.093658,0.003246,-0.5600,-0.567,1.160,REVERSE|w1 d1 L29
63.857260,129.088639833333,35.074453333333,508081.199,3881303.299,0.593,-2.501398,route_tangent,29,0.541,2.000,31,508079.043,3881301.689,0.001135,0.000000,0.001948,-0.5600,-0.567,1.160,REVERSE|w1 d1 L29
63.906996,129.088639833333,35.074453333333,508081.199,3881303.299,0.593,-2.501398,route_tangent,29,0.541,2.000,31,508079.043,3881301.689,0.001135,0.000000,0.001169,-0.5600,-0.567,1.160,REVERSE|w1 d1 L29
63.957176,129.088639833333,35.074453333333,508081.199,3881303.299,0.552,-2.501398,route_tangent,29,0.541,2.000,31,508079.043,3881301.689,0.001135,0.000000,0.000701,-0.5600,-0.567,1.119,REVERSE|w1 d1 L29
64.007134,129.088638833333,35.074452500000,508081.108,3881303.207,0.552,-2.501398,route_tangent,29,0.411,2.000,31,508079.043,3881301.689,-0.006522,0.000000,0.000421,-0.5600,-0.586,1.138,REVERSE|w1 d1 L29
64.056750,129.088638833333,35.074452500000,508081.108,3881303.207,0.552,-2.501398,route_tangent,29,0.411,2.000,31,508079.043,3881301.689,-0.006522,0.000000,0.000252,-0.5600,-0.586,1.138,REVERSE|w1 d1 L29
64.106873,129.088638833333,35.074452500000,508081.108,3881303.207,0.552,-2.501398,route_tangent,29,0.411,2.000,31,508079.043,3881301.689,-0.006522,0.000000,0.000151,-0.5600,-0.586,1.138,REVERSE|w1 d1 L29
64.156777,129.088638833333,35.074452500000,508081.108,3881303.207,0.552,-2.501398,route_tangent,29,0.411,2.000,31,508079.043,3881301.689,-0.006522,0.000000,0.000091,-0.5600,-0.586,1.138,REVERSE|w1 d1 L29
64.206726,129.088637500000,35.074451500000,508080.987,3881303.095,0.602,-2.393021,gps_course,29,0.247,2.000,31,508079.043,3881301.689,-0.122209,-0.073543,-0.029363,-0.5600,-0.547,1.149,REVERSE|w1 d1 L29
64.256985,129.088637500000,35.074451500000,508080.987,3881303.095,0.602,-2.393021,gps_course,29,0.247,2.000,31,508079.043,3881301.689,-0.122209,-0.073543,-0.047035,-0.5600,-0.547,1.149,REVERSE|w1 d1 L29
64.307754,129.088637500000,35.074451500000,508080.987,3881303.095,0.602,-2.393021,gps_course,29,0.247,2.000,31,508079.043,3881301.689,-0.122209,-0.073543,-0.057638,-0.5600,-0.547,1.149,REVERSE|w1 d1 L29
64.356765,129.088637500000,35.074451500000,508080.987,3881303.095,0.602,-2.393021,gps_course,29,0.247,2.000,31,508079.043,3881301.689,-0.122209,-0.073543,-0.064000,-0.5600,-0.547,1.149,REVERSE|w1 d1 L29
64.406797,129.088637500000,35.074451500000,508080.987,3881303.095,0.602,-2.393021,gps_course,29,0.247,2.000,31,508079.043,3881301.689,-0.122209,-0.073543,-0.067818,-0.5600,-0.567,1.169,REVERSE|w1 d1 L29
64.456820,129.088637500000,35.074451500000,508080.987,3881303.095,0.602,-2.393021,gps_course,29,0.247,2.000,31,508079.043,3881301.689,-0.122209,-0.073543,-0.070108,-0.5600,-0.567,1.169,REVERSE|w1 d1 L29
64.506722,129.088636333333,35.074450666667,508080.880,3881303.003,0.589,-2.501398,route_tangent,29,0.106,2.000,31,508079.043,3881301.689,-0.019430,-0.012471,-0.047053,-0.5600,-0.567,1.156,REVERSE|w1 d1 L29
64.556846,129.088636333333,35.074450666667,508080.880,3881303.003,0.589,-2.501398,route_tangent,29,0.106,2.000,31,508079.043,3881301.689,-0.019430,-0.012471,-0.033220,-0.5600,-0.567,1.156,REVERSE|w1 d1 L29
64.606741,129.088636333333,35.074450666667,508080.880,3881303.003,0.589,-2.501398,route_tangent,29,0.106,2.000,31,508079.043,3881301.689,-0.019430,-0.012471,-0.024921,-0.5600,-0.586,1.176,REVERSE|w1 d1 L29
64.657049,129.088636333333,35.074450666667,508080.880,3881303.003,0.589,-2.501398,route_tangent,29,0.106,2.000,31,508079.043,3881301.689,-0.019430,-0.012471,-0.019941,-0.5600,-0.586,1.176,REVERSE|w1 d1 L29
64.706730,129.088635166667,35.074449666667,508080.774,3881302.892,0.590,-2.501398,route_tangent,29,0.048,2.000,31,508079.043,3881301.689,-0.032938,-0.022648,-0.021024,-0.5600,-0.586,1.176,REVERSE|w1 d1 L29
64.756844,129.088635166667,35.074449666667,508080.774,3881302.892,0.590,-2.501398,route_tangent,29,0.048,2.000,31,508079.043,3881301.689,-0.032938,-0.022648,-0.021673,-0.5600,-0.586,1.176,REVERSE|w1 d1 L29
64.806759,129.088635166667,35.074449666667,508080.774,3881302.892,0.590,-2.501398,route_tangent,29,0.048,2.000,31,508079.043,3881301.689,-0.032938,-0.022648,-0.022063,-0.5600,-0.603,1.193,REVERSE|w1 d1 L29
64.856878,129.088635166667,35.074449666667,508080.774,3881302.892,0.590,-2.501398,route_tangent,29,0.048,2.000,31,508079.043,3881301.689,-0.032938,-0.022648,-0.022297,-0.5600,-0.603,1.193,REVERSE|w1 d1 L29
64.906692,129.088635166667,35.074449666667,508080.774,3881302.892,0.590,-2.501398,route_tangent,29,0.048,2.000,31,508079.043,3881301.689,-0.032938,-0.022648,-0.022437,-0.5600,-0.603,1.193,REVERSE|w1 d1 L29
64.958087,129.088634000000,35.074448833333,508080.668,3881302.799,0.613,-2.412394,gps_course,29,0.188,2.000,32,508078.147,3881301.171,-0.155559,-0.074712,-0.043347,-0.5600,-0.603,1.216,REVERSE|w1 d1 L29
65.006761,129.088634000000,35.074448833333,508080.668,3881302.799,0.613,-2.412394,gps_course,29,0.188,2.000,32,508078.147,3881301.171,-0.155559,-0.074712,-0.055893,-0.5600,-0.603,1.216,REVERSE|w1 d1 L29
65.056828,129.088634000000,35.074448833333,508080.668,3881302.799,0.613,-2.412394,gps_course,29,0.188,2.000,32,508078.147,3881301.171,-0.155559,-0.074712,-0.063421,-0.5600,-0.603,1.216,REVERSE|w1 d1 L29
65.109139,129.088634000000,35.074448833333,508080.668,3881302.799,0.613,-2.412394,gps_course,29,0.188,2.000,32,508078.147,3881301.171,-0.155559,-0.074712,-0.067937,-0.5600,-0.603,1.216,REVERSE|w1 d1 L29
65.156730,129.088634000000,35.074448833333,508080.668,3881302.799,0.613,-2.412394,gps_course,29,0.188,2.000,32,508078.147,3881301.171,-0.155559,-0.074712,-0.070647,-0.5600,-0.603,1.216,REVERSE|w1 d1 L29
65.209142,129.088632833333,35.074447833333,508080.562,3881302.688,0.620,-2.369459,gps_course,29,0.342,2.000,32,508078.147,3881301.171,-0.210962,-0.106061,-0.084813,-0.5600,-0.586,1.206,REVERSE|w1 d1 L29
65.256768,129.088632833333,35.074447833333,508080.562,3881302.688,0.620,-2.369459,gps_course,29,0.342,2.000,32,508078.147,3881301.171,-0.210962,-0.106061,-0.093312,-0.5600,-0.586,1.206,REVERSE|w1 d1 L29
65.306718,129.088632833333,35.074447833333,508080.562,3881302.688,0.620,-2.369459,gps_course,29,0.342,2.000,32,508078.147,3881301.171,-0.210962,-0.106061,-0.098412,-0.5600,-0.586,1.206,REVERSE|w1 d1 L29
65.356797,129.088632833333,35.074447833333,508080.562,3881302.688,0.620,-2.369459,gps_course,29,0.342,2.000,32,508078.147,3881301.171,-0.210962,-0.106061,-0.101472,-0.5600,-0.586,1.206,REVERSE|w1 d1 L29
65.406877,129.088632833333,35.074447833333,508080.562,3881302.688,0.620,-2.369459,gps_course,29,0.342,2.000,32,508078.147,3881301.171,-0.210962,-0.106061,-0.103308,-0.5600,-0.586,1.206,REVERSE|w1 d1 L29
65.457872,129.088632833333,35.074447833333,508080.562,3881302.688,0.620,-2.369459,gps_course,29,0.342,2.000,32,508078.147,3881301.171,-0.210962,-0.106061,-0.104409,-0.5600,-0.586,1.206,REVERSE|w1 d1 L29
65.506755,129.088631666667,35.074446833333,508080.455,3881302.578,0.579,-2.501398,route_tangent,29,0.495,2.000,32,508078.147,3881301.171,-0.092865,-0.049699,-0.082525,-0.5600,-0.586,1.165,REVERSE|w1 d1 L29
65.556988,129.088631666667,35.074446833333,508080.455,3881302.578,0.579,-2.501398,route_tangent,29,0.495,2.000,32,508078.147,3881301.171,-0.092865,-0.049699,-0.069395,-0.5600,-0.586,1.165,REVERSE|w1 d1 L29
65.606678,129.088631666667,35.074446833333,508080.455,3881302.578,0.579,-2.501398,route_tangent,29,0.495,2.000,32,508078.147,3881301.171,-0.092865,-0.049699,-0.061517,-0.5600,-0.586,1.165,REVERSE|w1 d1 L29
65.657209,129.088631666667,35.074446833333,508080.455,3881302.578,0.579,-2.501398,route_tangent,29,0.495,2.000,32,508078.147,3881301.171,-0.092865,-0.049699,-0.056790,-0.5600,-0.586,1.165,REVERSE|w1 d1 L29
65.706746,129.088630500000,35.074445833333,508080.349,3881302.467,0.614,-2.345897,gps_course,30,0.393,2.000,32,508078.147,3881301.171,-0.263817,-0.146919,-0.086512,-0.5600,-0.586,1.200,REVERSE|w1 d1 L30
65.756858,129.088630500000,35.074445833333,508080.349,3881302.467,0.614,-2.345897,gps_course,30,0.393,2.000,32,508078.147,3881301.171,-0.263817,-0.146919,-0.110675,-0.5600,-0.586,1.200,REVERSE|w1 d1 L30
65.806738,129.088630500000,35.074445833333,508080.349,3881302.467,0.614,-2.345897,gps_course,30,0.393,2.000,32,508078.147,3881301.171,-0.263817,-0.146919,-0.125173,-0.5600,-0.547,1.161,REVERSE|w1 d1 L30
65.856806,129.088630500000,35.074445833333,508080.349,3881302.467,0.614,-2.345897,gps_course,30,0.393,2.000,32,508078.147,3881301.171,-0.263817,-0.146919,-0.133871,-0.5600,-0.547,1.161,REVERSE|w1 d1 L30
65.906804,129.088630500000,35.074445833333,508080.349,3881302.467,0.614,-2.345897,gps_course,30,0.393,2.000,32,508078.147,3881301.171,-0.263817,-0.146919,-0.139090,-0.5600,-0.547,1.161,REVERSE|w1 d1 L30
65.956730,129.088629166667,35.074445000000,508080.228,3881302.374,0.606,-2.428975,gps_course,30,0.249,2.000,32,508078.147,3881301.171,-0.188284,-0.112442,-0.128431,-0.5600,-0.547,1.153,REVERSE|w1 d1 L30
66.006860,129.088629166667,35.074445000000,508080.228,3881302.374,0.606,-2.428975,gps_course,30,0.249,2.000,32,508078.147,3881301.171,-0.188284,-0.112442,-0.122036,-0.5600,-0.586,1.192,REVERSE|w1 d1 L30
66.056815,129.088629166667,35.074445000000,508080.228,3881302.374,0.606,-2.428975,gps_course,30,0.249,2.000,32,508078.147,3881301.171,-0.188284,-0.112442,-0.118198,-0.5600,-0.586,1.192,REVERSE|w1 d1 L30
66.106791,129.088629166667,35.074445000000,508080.228,3881302.374,0.606,-2.428975,gps_course,30,0.249,2.000,32,508078.147,3881301.171,-0.188284,-0.112442,-0.115896,-0.5600,-0.586,1.192,REVERSE|w1 d1 L30
66.156697,129.088629166667,35.074445000000,508080.228,3881302.374,0.606,-2.428975,gps_course,30,0.249,2.000,32,508078.147,3881301.171,-0.188284,-0.112442,-0.114515,-0.5600,-0.586,1.192,REVERSE|w1 d1 L30
66.207179,129.088627833333,35.074444000000,508080.106,3881302.263,0.609,-2.424088,gps_course,30,0.134,2.000,32,508078.147,3881301.171,-0.208902,-0.133267,-0.122015,-0.5600,-0.622,1.232,REVERSE|w1 d1 L30
66.257191,129.088627833333,35.074444000000,508080.106,3881302.263,0.609,-2.424088,gps_course,30,0.134,2.000,32,508078.147,3881301.171,-0.208902,-0.133267,-0.126516,-0.5600,-0.622,1.232,REVERSE|w1 d1 L30
66.307256,129.088627833333,35.074444000000,508080.106,3881302.263,0.609,-2.424088,gps_course,30,0.134,2.000,32,508078.147,3881301.171,-0.208902,-0.133267,-0.129216,-0.5600,-0.622,1.232,REVERSE|w1 d1 L30
66.357429,129.088627833333,35.074444000000,508080.106,3881302.263,0.609,-2.424088,gps_course,30,0.134,2.000,32,508078.147,3881301.171,-0.208902,-0.133267,-0.130837,-0.5600,-0.622,1.232,REVERSE|w1 d1 L30
66.406749,129.088627833333,35.074444000000,508080.106,3881302.263,0.609,-2.424088,gps_course,30,0.134,2.000,32,508078.147,3881301.171,-0.208902,-0.133267,-0.131809,-0.5600,-0.567,1.176,REVERSE|w1 d1 L30
66.456771,129.088627833333,35.074444000000,508080.106,3881302.263,0.609,-2.424088,gps_course,30,0.134,2.000,32,508078.147,3881301.171,-0.208902,-0.133267,-0.132392,-0.5600,-0.567,1.176,REVERSE|w1 d1 L30
66.506768,129.088626500000,35.074443166667,508079.985,3881302.170,0.593,-2.552512,route_tangent,32,2.092,2.000,32,508078.147,3881301.171,-0.090830,-0.062786,-0.104550,-0.5600,-0.567,1.160,REVERSE|w1 d1 L32
66.556856,129.088626500000,35.074443166667,508079.985,3881302.170,0.593,0.508907,route_tangent,32,0.049,2.000,32,508078.147,3881301.171,3.130936,0.000000,-0.074497,-0.5600,-0.567,1.160,REVERSE|w1 d1 L32
66.606710,129.088626500000,35.074443166667,508079.985,3881302.170,0.593,0.508907,route_tangent,32,0.049,2.000,32,508078.147,3881301.171,3.130936,0.000000,-0.044698,-0.5600,-0.603,1.196,REVERSE|w1 d1 L32
66.656945,129.088626500000,35.074443166667,508079.985,3881302.170,0.593,0.508907,route_tangent,32,0.049,2.000,32,508078.147,3881301.171,3.130936,0.000000,-0.026819,-0.5600,-0.603,1.196,REVERSE|w1 d1 L32
66.707327,129.088625166667,35.074442500000,508079.863,3881302.096,0.584,0.508907,route_tangent,32,0.176,2.000,32,508078.147,3881301.171,3.127357,0.010585,-0.011857,-0.5600,-0.603,1.187,REVERSE|w1 d1 L32
66.756799,129.088625166667,35.074442500000,508079.863,3881302.096,0.584,0.508907,route_tangent,32,0.176,2.000,32,508078.147,3881301.171,3.127357,0.010585,-0.002880,-0.5600,-0.603,1.187,REVERSE|w1 d1 L32
66.806730,129.088625166667,35.074442500000,508079.863,3881302.096,0.584,0.508907,route_tangent,32,0.176,2.000,32,508078.147,3881301.171,3.127357,0.010585,0.002506,-0.5600,-0.642,1.226,REVERSE|w1 d1 L32
66.856790,129.088625166667,35.074442500000,508079.863,3881302.096,0.584,0.508907,route_tangent,32,0.176,2.000,32,508078.147,3881301.171,3.127357,0.010585,0.005737,-0.5600,-0.642,1.226,REVERSE|w1 d1 L32
66.906795,129.088625166667,35.074442500000,508079.863,3881302.096,0.584,0.508907,route_tangent,32,0.176,2.000,32,508078.147,3881301.171,3.127357,0.010585,0.007676,-0.5600,-0.642,1.226,REVERSE|w1 d1 L32
66.956788,129.088623833333,35.074441833333,508079.742,3881302.022,0.586,0.508907,route_tangent,32,0.316,2.000,32,508078.147,3881301.171,3.123216,0.014737,0.010501,-0.5600,-0.642,1.227,REVERSE|w1 d1 L32
67.006833,129.088623833333,35.074441833333,508079.742,3881302.022,0.586,0.508907,route_tangent,32,0.316,2.000,32,508078.147,3881301.171,3.123216,0.014737,0.012195,-0.5600,-0.586,1.172,REVERSE|w1 d1 L32
67.057073,129.088623833333,35.074441833333,508079.742,3881302.022,0.586,0.508907,route_tangent,32,0.316,2.000,32,508078.147,3881301.171,3.123216,0.014737,0.013212,-0.5600,-0.586,1.172,REVERSE|w1 d1 L32
67.106715,129.088623833333,35.074441833333,508079.742,3881302.022,0.586,0.508907,route_tangent,32,0.316,2.000,32,508078.147,3881301.171,3.123216,0.014737,0.013822,-0.5600,-0.586,1.172,REVERSE|w1 d1 L32
67.157093,129.088623833333,35.074441833333,508079.742,3881302.022,0.586,0.508907,route_tangent,32,0.316,2.000,32,508078.147,3881301.171,3.123216,0.014737,0.014188,-0.5600,-0.586,1.172,REVERSE|w1 d1 L32
67.206803,129.088622666667,35.074441000000,508079.635,3881301.930,0.561,0.508907,route_tangent,32,0.453,2.000,32,508078.147,3881301.171,3.104343,0.032307,0.021436,-0.5600,-0.567,1.128,REVERSE|w1 d1 L32
67.256847,129.088622666667,35.074441000000,508079.635,3881301.930,0.561,0.508907,route_tangent,32,0.453,2.000,32,508078.147,3881301.171,3.104343,0.032307,0.025784,-0.5600,-0.567,1.128,REVERSE|w1 d1 L32
67.306748,129.088622666667,35.074441000000,508079.635,3881301.930,0.561,0.508907,route_tangent,32,0.453,2.000,32,508078.147,3881301.171,3.104343,0.032307,0.028394,-0.5600,-0.567,1.128,REVERSE|w1 d1 L32
67.357007,129.088622666667,35.074441000000,508079.635,3881301.930,0.561,0.508907,route_tangent,32,0.453,2.000,32,508078.147,3881301.171,3.104343,0.032307,0.029959,-0.5600,-0.567,1.128,REVERSE|w1 d1 L32
67.406732,129.088622666667,35.074441000000,508079.635,3881301.930,0.561,0.508907,route_tangent,32,0.453,2.000,32,508078.147,3881301.171,3.104343,0.032307,0.030898,-0.5600,-0.603,1.164,REVERSE|w1 d1 L32
67.456957,129.088622666667,35.074441000000,508079.635,3881301.930,0.561,0.508907,route_tangent,32,0.453,2.000,32,508078.147,3881301.171,3.104343,0.032307,0.031462,-0.5600,-0.603,1.164,REVERSE|w1 d1 L32
67.506870,129.088621166667,35.074440333333,508079.499,3881301.856,0.588,0.508907,route_tangent,32,1.515,2.000,32,508078.147,3881301.171,3.101795,0.038051,0.034098,-0.5600,-0.603,1.191,REVERSE|w1 d1 L32
67.556737,129.088621166667,35.074440333333,508079.499,3881301.856,0.588,0.508907,route_tangent,32,1.515,2.000,32,508078.147,3881301.171,3.101795,0.038051,0.035679,-0.5600,-0.603,1.191,REVERSE|w1 d1 L32
67.606794,129.088621166667,35.074440333333,508079.499,3881301.856,0.588,0.508907,route_tangent,32,1.515,2.000,32,508078.147,3881301.171,3.101795,0.038051,0.036628,-0.5600,-0.586,1.174,REVERSE|w1 d1 L32
67.656840,129.088621166667,35.074440333333,508079.499,3881301.856,0.588,0.508907,route_tangent,32,1.515,2.000,32,508078.147,3881301.171,3.101795,0.038051,0.037197,-0.5600,-0.586,1.174,REVERSE|w1 d1 L32
67.707092,129.088620000000,35.074439500000,508079.392,3881301.763,0.574,0.508907,route_tangent,32,1.379,2.000,32,508078.147,3881301.171,3.076803,0.067961,0.049503,-0.5600,-0.586,1.160,REVERSE|w1 d1 L32
67.756709,129.088620000000,35.074439500000,508079.392,3881301.763,0.574,0.508907,route_tangent,32,1.379,2.000,32,508078.147,3881301.171,3.076803,0.067961,0.056886,-0.5600,-0.586,1.160,REVERSE|w1 d1 L32
67.806786,129.088620000000,35.074439500000,508079.392,3881301.763,0.574,0.508907,route_tangent,32,1.379,2.000,32,508078.147,3881301.171,3.076803,0.067961,0.061316,-0.5600,-0.603,1.176,REVERSE|w1 d1 L32
67.857187,129.088620000000,35.074439500000,508079.392,3881301.763,0.574,0.508907,route_tangent,32,1.379,2.000,32,508078.147,3881301.171,3.076803,0.067961,0.063974,-0.5600,-0.603,1.176,REVERSE|w1 d1 L32
67.906792,129.088620000000,35.074439500000,508079.392,3881301.763,0.574,0.508907,route_tangent,32,1.379,2.000,32,508078.147,3881301.171,3.076803,0.067961,0.065569,-0.5600,-0.603,1.176,REVERSE|w1 d1 L32
67.956993,129.088618666667,35.074438833333,508079.271,3881301.689,0.584,0.508907,route_tangent,32,1.238,2.000,32,508078.147,3881301.171,3.064962,0.089440,0.075118,-0.5600,-0.603,1.186,REVERSE|w1 d1 L32
68.006784,129.088618666667,35.074438833333,508079.271,3881301.689,0.584,0.508907,route_tangent,32,1.238,2.000,32,508078.147,3881301.171,3.064962,0.089440,0.080847,-0.5600,-0.586,1.170,REVERSE|w1 d1 L32
68.056708,129.088618666667,35.074438833333,508079.271,3881301.689,0.584,0.508907,route_tangent,32,1.238,2.000,32,508078.147,3881301.171,3.064962,0.089440,0.084284,-0.5600,-0.586,1.170,REVERSE|w1 d1 L32
68.106804,129.088618666667,35.074438833333,508079.271,3881301.689,0.584,0.508907,route_tangent,32,1.238,2.000,32,508078.147,3881301.171,3.064962,0.089440,0.086346,-0.5600,-0.586,1.170,REVERSE|w1 d1 L32
68.156767,129.088618666667,35.074438833333,508079.271,3881301.689,0.584,0.508907,route_tangent,32,1.238,2.000,32,508078.147,3881301.171,3.064962,0.089440,0.087584,-0.5600,-0.586,1.170,REVERSE|w1 d1 L32
68.206817,129.088617166667,35.074438000000,508079.134,3881301.597,0.637,-2.528284,gps_course,32,0.117,2.000,32,508078.147,3881301.171,-0.205929,-0.260000,0.057554,-0.5600,-0.642,1.279,REVERSE|w1 d1 L32
68.256747,129.088617166667,35.074438000000,508079.134,3881301.597,0.637,-2.528284,gps_course,32,0.117,2.000,32,508078.147,3881301.171,-0.205929,-0.260000,0.027596,-0.5600,-0.642,1.279,REVERSE|w1 d1 L32
68.306833,129.088617166667,35.074438000000,508079.134,3881301.597,0.637,-2.528284,gps_course,32,0.117,2.000,32,508078.147,3881301.171,-0.205929,-0.260000,-0.002456,-0.5600,-0.642,1.279,REVERSE|w1 d1 L32
68.356713,129.088617166667,35.074438000000,508079.134,3881301.597,0.637,-2.528284,gps_course,32,0.117,2.000,32,508078.147,3881301.171,-0.205929,-0.260000,-0.032384,-0.5600,-0.642,1.279,REVERSE|w1 d1 L32
68.406814,129.088617166667,35.074438000000,508079.134,3881301.597,0.637,-2.528284,gps_course,32,0.117,2.000,32,508078.147,3881301.171,-0.205929,-0.260000,-0.062445,-0.5600,-0.603,1.240,REVERSE|w1 d1 L32
68.456741,129.088617166667,35.074438000000,508079.134,3881301.597,0.637,-2.528284,gps_course,32,0.117,2.000,32,508078.147,3881301.171,-0.205929,-0.260000,-0.092401,-0.5600,-0.603,1.240,REVERSE|w1 d1 L32
68.506757,129.088615833333,35.074437333333,508079.013,3881301.523,0.563,0.508907,route_tangent,32,0.151,2.000,32,508078.147,3881301.171,3.018831,0.187744,-0.062391,-0.5600,-0.603,1.166,REVERSE|w1 d1 L32
68.556821,129.088615833333,35.074437333333,508079.013,3881301.523,0.563,0.508907,route_tangent,32,0.151,2.000,32,508078.147,3881301.171,3.018831,0.187744,-0.032352,-0.5600,-0.603,1.166,REVERSE|w1 d1 L32
68.607750,129.088615833333,35.074437333333,508079.013,3881301.523,0.563,0.508907,route_tangent,32,0.151,2.000,32,508078.147,3881301.171,3.018831,0.187744,-0.001795,-0.5600,-0.586,1.149,REVERSE|w1 d1 L32
68.657640,129.088615833333,35.074437333333,508079.013,3881301.523,0.563,0.508907,route_tangent,32,0.151,2.000,32,508078.147,3881301.171,3.018831,0.187744,0.028139,-0.5600,-0.586,1.149,REVERSE|w1 d1 L32
68.706775,129.088614666667,35.074436500000,508078.906,3881301.430,0.595,0.508907,route_tangent,32,0.276,2.000,32,508078.147,3881301.171,2.961899,0.260000,0.057620,-0.5600,-0.586,1.181,REVERSE|w1 d1 L32
68.756801,129.088614666667,35.074436500000,508078.906,3881301.430,0.595,0.508907,route_tangent,32,0.276,2.000,32,508078.147,3881301.171,2.961899,0.260000,0.087635,-0.5600,-0.586,1.181,REVERSE|w1 d1 L32
68.806790,129.088614666667,35.074436500000,508078.906,3881301.430,0.595,0.508907,route_tangent,32,0.276,2.000,32,508078.147,3881301.171,2.961899,0.260000,0.117629,-0.5600,-0.586,1.181,REVERSE|w1 d1 L32
68.856735,129.088614666667,35.074436500000,508078.906,3881301.430,0.595,0.508907,route_tangent,32,0.276,2.000,32,508078.147,3881301.171,2.961899,0.260000,0.147596,-0.5600,-0.586,1.181,REVERSE|w1 d1 L32
68.906780,129.088614666667,35.074436500000,508078.906,3881301.430,0.595,0.508907,route_tangent,32,0.276,2.000,32,508078.147,3881301.171,2.961899,0.260000,0.177623,-0.5600,-0.586,1.181,REVERSE|w1 d1 L32
68.958133,129.088613333333,35.074435666667,508078.785,3881301.338,0.586,0.508907,route_tangent,32,0.421,2.000,32,508078.147,3881301.171,2.888626,0.260000,0.208435,-0.5600,-0.586,1.172,REVERSE|w1 d1 L32
69.006846,129.088613333333,35.074435666667,508078.785,3881301.338,0.586,0.508907,route_tangent,32,0.421,2.000,32,508078.147,3881301.171,2.888626,0.260000,0.229061,-0.5600,-0.547,1.133,REVERSE|w1 d1 L32
69.057064,129.088613333333,35.074435666667,508078.785,3881301.338,0.586,0.508907,route_tangent,32,0.421,2.000,32,508078.147,3881301.171,2.888626,0.260000,0.241436,-0.5600,-0.547,1.133,REVERSE|w1 d1 L32
69.107812,129.088613333333,35.074435666667,508078.785,3881301.338,0.586,0.508907,route_tangent,32,0.421,2.000,32,508078.147,3881301.171,2.888626,0.260000,0.248862,-0.5600,-0.547,1.133,REVERSE|w1 d1 L32
69.156794,129.088613333333,35.074435666667,508078.785,3881301.338,0.586,0.508907,route_tangent,32,0.421,2.000,32,508078.147,3881301.171,2.888626,0.260000,0.253317,-0.5600,-0.547,1.133,REVERSE|w1 d1 L32
69.206732,129.088612000000,35.074434833333,508078.663,3881301.245,0.556,0.508907,route_tangent,32,0.522,2.000,32,508078.147,3881301.171,2.775803,0.260000,0.255990,-0.5600,-0.547,1.103,REVERSE|w1 d1 L32
69.256743,129.088612000000,35.074434833333,508078.663,3881301.245,0.556,0.508907,route_tangent,32,0.522,2.000,32,508078.147,3881301.171,2.775803,0.260000,0.257594,-0.5600,-0.547,1.103,REVERSE|w1 d1 L32
69.306802,129.088612000000,35.074434833333,508078.663,3881301.245,0.556,0.508907,route_tangent,32,0.522,2.000,32,508078.147,3881301.171,2.775803,0.260000,0.258556,-0.5600,-0.547,1.103,REVERSE|w1 d1 L32
69.356691,129.088612000000,35.074434833333,508078.663,3881301.245,0.556,0.508907,route_tangent,32,0.522,2.000,32,508078.147,3881301.171,2.775803,0.260000,0.259134,-0.5600,-0.547,1.103,REVERSE|w1 d1 L32
69.406805,129.088612000000,35.074434833333,508078.663,3881301.245,0.556,0.508907,route_tangent,32,0.522,2.000,32,508078.147,3881301.171,2.775803,0.260000,0.259480,-0.5600,-0.567,1.123,REVERSE|w1 d1 L32
69.457175,129.088612000000,35.074434833333,508078.663,3881301.245,0.556,0.508907,route_tangent,32,0.522,2.000,32,508078.147,3881301.171,2.775803,0.260000,0.259688,-0.5600,-0.567,1.123,REVERSE|w1 d1 L32
69.506755,129.088610833333,35.074434000000,508078.557,3881301.153,0.607,-2.415536,gps_course,32,0.411,2.000,32,508078.147,3881301.171,-0.770078,0.000000,0.229940,0.5600,-0.567,1.174,PARK_BRAKE|w0 d0 L32
69.557281,129.088610833333,35.074434000000,508078.557,3881301.153,0.607,0.508907,route_tangent,32,0.411,2.000,35,508081.078,3881302.523,-0.011147,0.000000,0.199625,0.5600,-0.567,1.174,PARK_BRAKE|w0 d0 L32
69.606651,129.088610833333,35.074434000000,508078.557,3881301.153,0.607,0.508907,route_tangent,32,0.411,2.000,35,508081.078,3881302.523,-0.011147,0.000000,0.170003,0.5600,-0.681,1.288,PARK_BRAKE|w0 d0 L32
69.656875,129.088610833333,35.074434000000,508078.557,3881301.153,0.607,0.508907,route_tangent,32,0.411,2.000,35,508081.078,3881302.523,-0.011147,0.000000,0.139868,0.5600,-0.681,1.288,PARK_BRAKE|w0 d0 L32
69.706731,129.088609666667,35.074433000000,508078.451,3881301.042,0.593,-2.389530,gps_course,32,0.330,2.000,35,508081.078,3881302.523,2.902803,0.000000,0.109955,0.5600,-0.681,1.273,PARK_BRAKE|w0 d0 L32
69.756919,129.088609666667,35.074433000000,508078.451,3881301.042,0.593,-2.389530,gps_course,32,0.330,2.000,35,508081.078,3881302.523,2.902803,0.000000,0.079842,0.5600,-0.681,1.273,PARK_BRAKE|w0 d0 L32
69.806880,129.088609666667,35.074433000000,508078.451,3881301.042,0.593,-2.389530,gps_course,32,0.330,2.000,35,508081.078,3881302.523,2.902803,0.000000,0.049865,0.5600,-0.661,1.254,PARK_BRAKE|w0 d0 L32
69.856781,129.088609666667,35.074433000000,508078.451,3881301.042,0.593,-2.389530,gps_course,32,0.330,2.000,35,508081.078,3881302.523,2.902803,0.000000,0.029919,0.5600,-0.661,1.254,PARK_BRAKE|w0 d0 L32
69.908695,129.088609666667,35.074433000000,508078.451,3881301.042,0.593,-2.389530,gps_course,32,0.330,2.000,35,508081.078,3881302.523,2.902803,0.000000,0.017952,0.5600,-0.661,1.254,PARK_BRAKE|w0 d0 L32
69.956709,129.088608500000,35.074432000000,508078.345,3881300.931,0.620,-2.328269,gps_course,32,0.311,2.000,34,508080.030,3881302.152,2.955316,0.000000,0.010771,0.5600,-0.661,1.281,PARK_BRAKE|w0 d0 L32
70.007149,129.088608500000,35.074432000000,508078.345,3881300.931,0.620,-2.328269,gps_course,32,0.311,2.000,34,508080.030,3881302.152,2.955316,0.000000,0.006463,0.0000,-0.133,0.753,PARKED|w0 d0 L32
70.056809,129.088608500000,35.074432000000,508078.345,3881300.931,0.620,-2.328269,gps_course,32,0.311,2.000,34,508080.030,3881302.152,2.955316,0.000000,0.003878,0.0000,-0.133,0.753,PARKED|w0 d0 L32
70.106770,129.088608500000,35.074432000000,508078.345,3881300.931,0.620,-2.328269,gps_course,32,0.311,2.000,34,508080.030,3881302.152,2.955316,0.000000,0.002327,0.0000,-0.133,0.753,PARKED|w0 d0 L32
70.156702,129.088608500000,35.074432000000,508078.345,3881300.931,0.620,-2.328269,gps_course,32,0.311,2.000,34,508080.030,3881302.152,2.955316,0.000000,0.001396,0.0000,-0.133,0.753,PARKED|w0 d0 L32
70.206742,129.088608500000,35.074432000000,508078.345,3881300.931,0.620,-2.328269,gps_course,32,0.311,2.000,34,508080.030,3881302.152,2.955316,0.000000,0.000838,0.0000,0.056,0.564,PARKED|w0 d0 L32
70.257018,129.088609000000,35.074432500000,508078.390,3881300.986,0.229,-2.065401,gps_course,32,0.305,2.000,34,508080.030,3881302.152,2.683395,0.000000,0.000503,0.0000,0.056,0.173,PARKED|w0 d0 L32
70.307232,129.088609000000,35.074432500000,508078.390,3881300.986,0.229,-2.065401,gps_course,32,0.305,2.000,34,508080.030,3881302.152,2.683395,0.000000,0.000302,0.0000,0.056,0.173,PARKED|w0 d0 L32
70.358866,129.088609000000,35.074432500000,508078.390,3881300.986,0.229,-2.065401,gps_course,32,0.305,2.000,34,508080.030,3881302.152,2.683395,0.000000,0.000181,0.0000,0.056,0.173,PARKED|w0 d0 L32
70.406752,129.088609000000,35.074432500000,508078.390,3881300.986,0.229,-2.065401,gps_course,32,0.305,2.000,34,508080.030,3881302.152,2.683395,0.000000,0.000109,0.0000,0.019,0.209,PARKED|w0 d0 L32
70.456669,129.088609500000,35.074432833333,508078.436,3881301.023,0.231,-1.822008,gps_course,32,0.324,2.000,35,508081.078,3881302.523,2.338131,0.000000,0.000065,0.0000,0.019,0.212,PARKED|w0 d0 L32
70.506703,129.088609500000,35.074432833333,508078.436,3881301.023,0.231,-1.822008,gps_course,32,0.324,2.000,35,508081.078,3881302.523,2.338131,0.000000,0.000039,0.0000,0.019,0.212,PARKED|w0 d0 L32
70.558342,129.088609500000,35.074432833333,508078.436,3881301.023,0.231,-1.822008,gps_course,32,0.324,2.000,35,508081.078,3881302.523,2.338131,0.000000,0.000023,0.0000,0.019,0.212,PARKED|w0 d0 L32
70.606654,129.088609500000,35.074432833333,508078.436,3881301.023,0.231,-1.822008,gps_course,32,0.324,2.000,35,508081.078,3881302.523,2.338131,0.000000,0.000014,0.0000,0.075,0.156,PARKED|w0 d0 L32
70.657234,129.088609500000,35.074432833333,508078.436,3881301.023,0.231,-1.822008,gps_course,32,0.324,2.000,35,508081.078,3881302.523,2.338131,0.000000,0.000008,0.0000,0.075,0.156,PARKED|w0 d0 L32
70.706822,129.088609333333,35.074432666667,508078.421,3881301.005,0.231,-1.822008,gps_course,32,0.320,2.000,35,508081.078,3881302.523,2.340940,0.000000,0.000005,0.0000,0.075,0.156,PARKED|w0 d0 L32
70.756730,129.088609333333,35.074432666667,508078.421,3881301.005,0.231,-1.822008,gps_course,32,0.320,2.000,35,508081.078,3881302.523,2.340940,0.000000,0.000003,0.0000,0.075,0.156,PARKED|w0 d0 L32
70.807004,129.088609333333,35.074432666667,508078.421,3881301.005,0.231,-1.822008,gps_course,32,0.320,2.000,35,508081.078,3881302.523,2.340940,0.000000,0.000002,0.0000,0.000,0.231,PARKED|w0 d0 L32
70.856739,129.088609333333,35.074432666667,508078.421,3881301.005,0.231,-1.822008,gps_course,32,0.320,2.000,35,508081.078,3881302.523,2.340940,0.000000,0.000001,0.0000,0.000,0.231,PARKED|w0 d0 L32
70.906823,129.088609333333,35.074432666667,508078.421,3881301.005,0.231,-1.822008,gps_course,32,0.320,2.000,35,508081.078,3881302.523,2.340940,0.000000,0.000001,0.0000,0.000,0.231,PARKED|w0 d0 L32
70.956730,129.088609333333,35.074432666667,508078.421,3881301.005,0.231,-1.822008,gps_course,32,0.320,2.000,35,508081.078,3881302.523,2.340940,0.000000,0.000000,0.0000,0.000,0.231,PARKED|w0 d0 L32
71.006783,129.088609333333,35.074432666667,508078.421,3881301.005,0.231,-1.822008,gps_course,32,0.320,2.000,35,508081.078,3881302.523,2.340940,0.000000,0.000000,0.0000,0.000,0.231,PARKED|w0 d0 L32
71.056863,129.088609333333,35.074432666667,508078.421,3881301.005,0.231,-1.822008,gps_course,33,0.320,2.000,35,508081.078,3881302.523,2.340940,0.000000,0.000000,0.5600,0.000,0.231,TRACKING|w0 d0 L32
71.107254,129.088609333333,35.074432666667,508078.421,3881301.005,0.231,-1.822008,gps_course,33,0.911,2.000,35,508081.078,3881302.523,2.340940,0.000000,0.000000,0.5600,0.000,0.231,TRACKING|w0 d0 L33
71.156736,129.088609333333,35.074432666667,508078.421,3881301.005,0.231,-1.822008,gps_course,33,0.911,2.000,35,508081.078,3881302.523,2.340940,0.000000,0.000000,0.5600,0.000,0.231,TRACKING|w0 d0 L33
71.206766,129.088609166667,35.074432500000,508078.405,3881300.986,0.231,-1.822008,gps_course,33,0.935,2.000,35,508081.078,3881302.523,2.343708,0.000000,0.000000,0.5600,-0.019,0.251,TRACKING|w0 d0 L33
71.256807,129.088609166667,35.074432500000,508078.405,3881300.986,0.231,-1.822008,gps_course,33,0.935,2.000,35,508081.078,3881302.523,2.343708,0.000000,0.000000,0.5600,-0.019,0.251,TRACKING|w0 d0 L33
71.306805,129.088609166667,35.074432500000,508078.405,3881300.986,0.231,-1.822008,gps_course,33,0.935,2.000,35,508081.078,3881302.523,2.343708,0.000000,0.000000,0.5600,-0.019,0.251,TRACKING|w0 d0 L33
71.358481,129.088609166667,35.074432500000,508078.405,3881300.986,0.231,-1.822008,gps_course,33,0.935,2.000,35,508081.078,3881302.523,2.343708,0.000000,0.000000,0.5600,-0.019,0.251,TRACKING|w0 d0 L33
71.406750,129.088609166667,35.074432500000,508078.405,3881300.986,0.231,-1.822008,gps_course,33,0.935,2.000,35,508081.078,3881302.523,2.343708,0.000000,0.000000,0.5600,-0.019,0.251,TRACKING|w0 d0 L33
71.456812,129.088609166667,35.074432500000,508078.405,3881300.986,0.231,-1.822008,gps_course,33,0.935,2.000,35,508081.078,3881302.523,2.343708,0.000000,0.000000,0.5600,-0.019,0.251,TRACKING|w0 d0 L33
71.506848,129.088609166667,35.074432500000,508078.405,3881300.986,0.231,-1.822008,gps_course,33,0.935,2.000,35,508081.078,3881302.523,2.343708,0.000000,0.000000,0.5600,-0.019,0.251,TRACKING|w0 d0 L33
71.556740,129.088609166667,35.074432500000,508078.405,3881300.986,0.231,-1.822008,gps_course,33,0.935,2.000,35,508081.078,3881302.523,2.343708,0.000000,0.000000,0.5600,-0.019,0.251,TRACKING|w0 d0 L33
71.606753,129.088609166667,35.074432500000,508078.405,3881300.986,0.231,-1.822008,gps_course,33,0.935,2.000,35,508081.078,3881302.523,2.343708,0.000000,0.000000,0.5600,0.000,0.231,TRACKING|w0 d0 L33
71.656952,129.088609166667,35.074432500000,508078.405,3881300.986,0.231,-1.822008,gps_course,33,0.935,2.000,35,508081.078,3881302.523,2.343708,0.000000,0.000000,0.5600,0.000,0.231,TRACKING|w0 d0 L33
71.706740,129.088609166667,35.074432500000,508078.405,3881300.986,0.231,-1.822008,gps_course,33,0.935,2.000,35,508081.078,3881302.523,2.343708,0.000000,0.000000,0.5600,0.000,0.231,TRACKING|w0 d0 L33
71.756918,129.088609166667,35.074432500000,508078.405,3881300.986,0.231,-1.822008,gps_course,33,0.935,2.000,35,508081.078,3881302.523,2.343708,0.000000,0.000000,0.5600,0.000,0.231,TRACKING|w0 d0 L33
71.806955,129.088609166667,35.074432500000,508078.405,3881300.986,0.231,-1.822008,gps_course,33,0.935,2.000,35,508081.078,3881302.523,2.343708,0.000000,0.000000,0.5600,0.019,0.212,TRACKING|w0 d0 L33
71.857323,129.088609166667,35.074432500000,508078.405,3881300.986,0.231,-1.822008,gps_course,33,0.935,2.000,35,508081.078,3881302.523,2.343708,0.000000,0.000000,0.5600,0.019,0.212,TRACKING|w0 d0 L33
71.906845,129.088609166667,35.074432500000,508078.405,3881300.986,0.231,-1.822008,gps_course,33,0.935,2.000,35,508081.078,3881302.523,2.343708,0.000000,0.000000,0.5600,0.019,0.212,TRACKING|w0 d0 L33
71.957397,129.088609166667,35.074432666667,508078.405,3881301.005,0.231,-1.822008,gps_course,33,0.922,2.000,35,508081.078,3881302.523,2.338492,0.000000,0.000000,0.5600,0.019,0.212,TRACKING|w0 d0 L33
72.006765,129.088609166667,35.074432666667,508078.405,3881301.005,0.231,-1.822008,gps_course,33,0.922,2.000,35,508081.078,3881302.523,2.338492,0.000000,0.000000,0.5600,0.019,0.212,TRACKING|w0 d0 L33
72.056833,129.088609166667,35.074432666667,508078.405,3881301.005,0.231,-1.822008,gps_course,33,0.922,2.000,35,508081.078,3881302.523,2.338492,0.000000,0.000000,0.5600,0.019,0.212,TRACKING|w0 d0 L33
72.106746,129.088609166667,35.074432666667,508078.405,3881301.005,0.231,-1.822008,gps_course,33,0.922,2.000,35,508081.078,3881302.523,2.338492,0.000000,0.000000,0.5600,0.019,0.212,TRACKING|w0 d0 L33
72.158065,129.088609166667,35.074432666667,508078.405,3881301.005,0.231,-1.822008,gps_course,33,0.922,2.000,35,508081.078,3881302.523,2.338492,0.000000,0.000000,0.5600,0.019,0.212,TRACKING|w0 d0 L33
72.206656,129.088609333333,35.074432666667,508078.421,3881301.005,0.231,-1.822008,gps_course,33,0.911,2.000,35,508081.078,3881302.523,2.340940,0.000000,0.000000,0.5600,0.039,0.192,TRACKING|w0 d0 L33
72.257455,129.088609333333,35.074432666667,508078.421,3881301.005,0.231,-1.822008,gps_course,33,0.911,2.000,35,508081.078,3881302.523,2.340940,-0.260000,-0.030479,0.5600,0.039,0.192,TRACKING|w0 d0 L33
72.307609,129.088609333333,35.074432666667,508078.421,3881301.005,0.231,-1.822008,gps_course,33,0.911,2.000,35,508081.078,3881302.523,2.340940,-0.260000,-0.060572,0.5600,0.039,0.192,TRACKING|w0 d0 L33
72.356731,129.088609333333,35.074432666667,508078.421,3881301.005,0.231,-1.822008,gps_course,33,0.911,2.000,35,508081.078,3881302.523,2.340940,-0.260000,-0.090045,0.5600,0.039,0.192,TRACKING|w0 d0 L33
72.406829,129.088609333333,35.074432666667,508078.421,3881301.005,0.231,-1.822008,gps_course,33,0.911,2.000,35,508081.078,3881302.523,2.340940,-0.260000,-0.120104,0.5600,0.075,0.156,TRACKING|w0 d0 L33
72.456623,129.088609500000,35.074432833333,508078.436,3881301.023,0.085,-1.822008,gps_course,33,0.888,2.000,35,508081.078,3881302.523,2.338131,-0.260000,-0.149980,0.5600,0.075,0.010,TRACKING|w0 d0 L33
72.506805,129.088609500000,35.074432833333,508078.436,3881301.023,0.085,-1.822008,gps_course,33,0.888,2.000,35,508081.078,3881302.523,2.338131,-0.260000,-0.180090,0.5600,0.075,0.010,TRACKING|w0 d0 L33
72.556743,129.088609500000,35.074432833333,508078.436,3881301.023,0.085,-1.822008,gps_course,33,0.888,2.000,35,508081.078,3881302.523,2.338131,-0.260000,-0.210052,0.5600,0.075,0.010,TRACKING|w0 d0 L33
72.606818,129.088609500000,35.074432833333,508078.436,3881301.023,0.085,-1.822008,gps_course,33,0.888,2.000,35,508081.078,3881302.523,2.338131,-0.260000,-0.230031,0.5600,0.094,-0.010,TRACKING|w0 d0 L33
72.656869,129.088609500000,35.074432833333,508078.436,3881301.023,0.085,-1.822008,gps_course,33,0.888,2.000,35,508081.078,3881302.523,2.338131,-0.260000,-0.242019,0.5600,0.094,-0.010,TRACKING|w0 d0 L33
72.706781,129.088609666667,35.074433000000,508078.451,3881301.042,0.085,-1.822008,gps_course,33,0.864,2.000,35,508081.078,3881302.523,2.335281,-0.260000,-0.249211,0.5600,0.094,-0.010,TRACKING|w0 d0 L33
72.756763,129.088609666667,35.074433000000,508078.451,3881301.042,0.085,-1.822008,gps_course,33,0.864,2.000,35,508081.078,3881302.523,2.335281,-0.260000,-0.253527,0.5600,0.094,-0.010,TRACKING|w0 d0 L33
72.806756,129.088609666667,35.074433000000,508078.451,3881301.042,0.085,-1.822008,gps_course,33,0.864,2.000,35,508081.078,3881302.523,2.335281,-0.260000,-0.256116,0.5600,0.075,0.010,TRACKING|w0 d0 L33
72.856800,129.088609666667,35.074433000000,508078.451,3881301.042,0.085,-1.822008,gps_course,33,0.864,2.000,35,508081.078,3881302.523,2.335281,-0.260000,-0.257670,0.5600,0.075,0.010,TRACKING|w0 d0 L33
72.906720,129.088609666667,35.074433000000,508078.451,3881301.042,0.085,-1.822008,gps_course,33,0.864,2.000,35,508081.078,3881302.523,2.335281,-0.260000,-0.258602,0.5600,0.075,0.010,TRACKING|w0 d0 L33
72.956755,129.088610000000,35.074433166667,508078.481,3881301.060,0.085,-1.822008,gps_course,33,0.830,2.000,35,508081.078,3881302.523,2.334875,-0.260000,-0.259161,0.5600,0.075,0.010,TRACKING|w0 d0 L33
73.006783,129.088610000000,35.074433166667,508078.481,3881301.060,0.085,-1.822008,gps_course,33,0.830,2.000,35,508081.078,3881302.523,2.334875,-0.260000,-0.259497,0.5600,0.000,0.085,TRACKING|w0 d0 L33
73.056768,129.088610000000,35.074433166667,508078.481,3881301.060,0.085,-1.822008,gps_course,33,0.830,2.000,35,508081.078,3881302.523,2.334875,-0.260000,-0.259698,0.5600,0.000,0.085,TRACKING|w0 d0 L33
73.108365,129.088610000000,35.074433166667,508078.481,3881301.060,0.085,-1.822008,gps_course,33,0.830,2.000,35,508081.078,3881302.523,2.334875,-0.260000,-0.259819,0.5600,0.000,0.085,TRACKING|w0 d0 L33
73.156772,129.088610000000,35.074433166667,508078.481,3881301.060,0.085,-1.822008,gps_course,33,0.830,2.000,35,508081.078,3881302.523,2.334875,-0.260000,-0.259891,0.5600,0.000,0.085,TRACKING|w0 d0 L33
73.206796,129.088610000000,35.074433333333,508078.481,3881301.079,0.085,-1.822008,gps_course,33,0.816,2.000,35,508081.078,3881302.523,2.329452,-0.260000,-0.259935,0.5600,0.000,0.085,TRACKING|w0 d0 L33
73.256843,129.088610000000,35.074433333333,508078.481,3881301.079,0.085,-1.822008,gps_course,33,0.816,2.000,35,508081.078,3881302.523,2.329452,-0.260000,-0.259961,0.5600,0.000,0.085,TRACKING|w0 d0 L33
73.306785,129.088610000000,35.074433333333,508078.481,3881301.079,0.085,-1.822008,gps_course,33,0.816,2.000,35,508081.078,3881302.523,2.329452,-0.260000,-0.259977,0.5600,0.000,0.085,TRACKING|w0 d0 L33
73.356827,129.088610000000,35.074433333333,508078.481,3881301.079,0.085,-1.822008,gps_course,33,0.816,2.000,35,508081.078,3881302.523,2.329452,-0.260000,-0.259986,0.5600,0.000,0.085,TRACKING|w0 d0 L33
73.406786,129.088610000000,35.074433333333,508078.481,3881301.079,0.085,-1.822008,gps_course,33,0.816,2.000,35,508081.078,3881302.523,2.329452,-0.260000,-0.259992,0.5600,0.000,0.085,TRACKING|w0 d0 L33
73.456687,129.088609833333,35.074433166667,508078.466,3881301.060,0.085,0.453672,route_tangent,33,0.840,2.000,35,508081.078,3881302.523,0.056708,0.000000,-0.230051,0.5600,0.000,0.085,TRACKING|w0 d0 L33
73.506745,129.088609833333,35.074433166667,508078.466,3881301.060,0.085,0.453672,route_tangent,33,0.840,2.000,35,508081.078,3881302.523,0.056708,0.000000,-0.200016,0.5600,0.000,0.085,TRACKING|w0 d0 L33
73.556886,129.088609833333,35.074433166667,508078.466,3881301.060,0.085,0.453672,route_tangent,33,0.840,2.000,35,508081.078,3881302.523,0.056708,0.000000,-0.169931,0.5600,0.000,0.085,TRACKING|w0 d0 L33
73.606700,129.088609833333,35.074433166667,508078.466,3881301.060,0.085,0.453672,route_tangent,33,0.840,2.000,35,508081.078,3881302.523,0.056708,0.000000,-0.140043,0.5600,0.000,0.085,TRACKING|w0 d0 L33
73.656796,129.088609833333,35.074433166667,508078.466,3881301.060,0.085,0.453672,route_tangent,33,0.840,2.000,35,508081.078,3881302.523,0.056708,0.000000,-0.109985,0.5600,0.000,0.085,TRACKING|w0 d0 L33
73.706733,129.088609666667,35.074433000000,508078.451,3881301.042,0.085,0.453672,route_tangent,33,0.864,2.000,35,508081.078,3881302.523,0.059600,0.000000,-0.080023,0.5600,0.000,0.085,TRACKING|w0 d0 L33
73.756800,129.088609666667,35.074433000000,508078.451,3881301.042,0.085,0.453672,route_tangent,33,0.864,2.000,35,508081.078,3881302.523,0.059600,0.000000,-0.049983,0.5600,0.000,0.085,TRACKING|w0 d0 L33
73.806885,129.088609666667,35.074433000000,508078.451,3881301.042,0.085,0.453672,route_tangent,33,0.864,2.000,35,508081.078,3881302.523,0.059600,0.000000,-0.029990,0.5600,0.000,0.085,TRACKING|w0 d0 L33
73.856807,129.088609666667,35.074433000000,508078.451,3881301.042,0.085,0.453672,route_tangent,33,0.864,2.000,35,508081.078,3881302.523,0.059600,0.000000,-0.017994,0.5600,0.000,0.085,TRACKING|w0 d0 L33
73.907077,129.088609666667,35.074433000000,508078.451,3881301.042,0.085,0.453672,route_tangent,33,0.864,2.000,35,508081.078,3881302.523,0.059600,0.000000,-0.010796,0.5600,0.000,0.085,TRACKING|w0 d0 L33
73.956729,129.088609666667,35.074433000000,508078.451,3881301.042,0.085,0.453672,route_tangent,33,0.864,2.000,35,508081.078,3881302.523,0.059600,0.000000,-0.006478,0.5600,0.000,0.085,TRACKING|w0 d0 L33
74.006764,129.088609666667,35.074433000000,508078.451,3881301.042,0.085,0.453672,route_tangent,33,0.864,2.000,35,508081.078,3881302.523,0.059600,0.000000,-0.003887,0.5600,0.000,0.085,TRACKING|w0 d0 L33
74.056745,129.088609666667,35.074433000000,508078.451,3881301.042,0.085,0.453672,route_tangent,33,0.864,2.000,35,508081.078,3881302.523,0.059600,0.000000,-0.002332,0.5600,0.000,0.085,TRACKING|w0 d0 L33
74.106940,129.088609666667,35.074433000000,508078.451,3881301.042,0.085,0.453672,route_tangent,33,0.864,2.000,35,508081.078,3881302.523,0.059600,0.000000,-0.001399,0.5600,0.000,0.085,TRACKING|w0 d0 L33
74.156722,129.088609666667,35.074433000000,508078.451,3881301.042,0.085,0.453672,route_tangent,33,0.864,2.000,35,508081.078,3881302.523,0.059600,0.000000,-0.000840,0.5600,0.000,0.085,TRACKING|w0 d0 L33
74.206888,129.088609833333,35.074433166667,508078.466,3881301.060,0.085,0.453672,route_tangent,33,0.840,2.000,35,508081.078,3881302.523,0.056708,0.000000,-0.000504,0.5600,0.039,0.046,TRACKING|w0 d0 L33
74.256856,129.088609833333,35.074433166667,508078.466,3881301.060,0.085,0.453672,route_tangent,33,0.840,2.000,35,508081.078,3881302.523,0.056708,0.000000,-0.000302,0.5600,0.039,0.046,TRACKING|w0 d0 L33
74.306763,129.088609833333,35.074433166667,508078.466,3881301.060,0.085,0.453672,route_tangent,33,0.840,2.000,35,508081.078,3881302.523,0.056708,0.000000,-0.000181,0.5600,0.039,0.046,TRACKING|w0 d0 L33
74.356829,129.088609833333,35.074433166667,508078.466,3881301.060,0.085,0.453672,route_tangent,33,0.840,2.000,35,508081.078,3881302.523,0.056708,0.000000,-0.000109,0.5600,0.039,0.046,TRACKING|w0 d0 L33
74.406709,129.088609833333,35.074433166667,508078.466,3881301.060,0.085,0.453672,route_tangent,33,0.840,2.000,35,508081.078,3881302.523,0.056708,0.000000,-0.000065,0.5600,0.056,0.029,TRACKING|w0 d0 L33
74.456843,129.088609833333,35.074433166667,508078.466,3881301.060,0.050,0.453672,route_tangent,33,0.840,2.000,35,508081.078,3881302.523,0.056708,0.000000,-0.000039,0.5600,0.056,-0.005,TRACKING|w0 d0 L33
74.507122,129.088609833333,35.074433166667,508078.466,3881301.060,0.050,0.453672,route_tangent,33,0.840,2.000,35,508081.078,3881302.523,0.056708,0.000000,-0.000024,0.5600,0.056,-0.005,TRACKING|w0 d0 L33
74.556843,129.088609833333,35.074433166667,508078.466,3881301.060,0.050,0.453672,route_tangent,33,0.840,2.000,35,508081.078,3881302.523,0.056708,0.000000,-0.000014,0.5600,0.056,-0.005,TRACKING|w0 d0 L33
74.606720,129.088609833333,35.074433166667,508078.466,3881301.060,0.050,0.453672,route_tangent,33,0.840,2.000,35,508081.078,3881302.523,0.056708,0.000000,-0.000008,0.5600,0.056,-0.005,TRACKING|w0 d0 L33
74.657348,129.088609833333,35.074433166667,508078.466,3881301.060,0.050,0.453672,route_tangent,33,0.840,2.000,35,508081.078,3881302.523,0.056708,0.000000,-0.000005,0.5600,0.056,-0.005,TRACKING|w0 d0 L33
74.706899,129.088610000000,35.074433333333,508078.481,3881301.079,0.050,0.453672,route_tangent,33,0.816,2.000,35,508081.078,3881302.523,0.053772,0.000000,-0.000003,0.5600,0.056,-0.005,TRACKING|w0 d0 L33
74.756807,129.088610000000,35.074433333333,508078.481,3881301.079,0.050,0.453672,route_tangent,33,0.816,2.000,35,508081.078,3881302.523,0.053772,0.000000,-0.000002,0.5600,0.056,-0.005,TRACKING|w0 d0 L33
74.807102,129.088610000000,35.074433333333,508078.481,3881301.079,0.050,0.453672,route_tangent,33,0.816,2.000,35,508081.078,3881302.523,0.053772,0.000000,-0.000001,0.5600,0.075,-0.025,TRACKING|w0 d0 L33
74.856723,129.088610000000,35.074433333333,508078.481,3881301.079,0.050,0.453672,route_tangent,33,0.816,2.000,35,508081.078,3881302.523,0.053772,0.000000,-0.000001,0.5600,0.075,-0.025,TRACKING|w0 d0 L33
74.906938,129.088610000000,35.074433333333,508078.481,3881301.079,0.050,0.453672,route_tangent,33,0.816,2.000,35,508081.078,3881302.523,0.053772,0.000000,-0.000000,0.5600,0.075,-0.025,TRACKING|w0 d0 L33
74.956881,129.088610333333,35.074433500000,508078.512,3881301.097,0.050,0.453672,route_tangent,33,0.782,2.000,35,508081.078,3881302.523,0.053289,0.000000,-0.000000,0.5600,0.075,-0.025,TRACKING|w0 d0 L33
75.006767,129.088610333333,35.074433500000,508078.512,3881301.097,0.050,0.453672,route_tangent,33,0.782,2.000,35,508081.078,3881302.523,0.053289,0.000000,-0.000000,0.5600,0.133,-0.083,TRACKING|w0 d0 L33
75.056868,129.088610333333,35.074433500000,508078.512,3881301.097,0.050,0.453672,route_tangent,33,0.782,2.000,35,508081.078,3881302.523,0.053289,0.000000,-0.000000,0.5600,0.133,-0.083,TRACKING|w0 d0 L33
75.106744,129.088610333333,35.074433500000,508078.512,3881301.097,0.050,0.453672,route_tangent,33,0.782,2.000,35,508081.078,3881302.523,0.053289,0.000000,-0.000000,0.5600,0.133,-0.083,TRACKING|w0 d0 L33
75.157527,129.088610333333,35.074433500000,508078.512,3881301.097,0.050,0.453672,route_tangent,33,0.782,2.000,35,508081.078,3881302.523,0.053289,0.000000,-0.000000,0.5600,0.133,-0.083,TRACKING|w0 d0 L33
75.206783,129.088610666667,35.074433833333,508078.542,3881301.134,0.050,0.453672,route_tangent,33,0.734,2.000,35,508081.078,3881302.523,0.047201,0.000000,-0.000000,0.5600,0.133,-0.083,TRACKING|w0 d0 L33
75.256758,129.088610666667,35.074433833333,508078.542,3881301.134,0.050,0.453672,route_tangent,33,0.734,2.000,35,508081.078,3881302.523,0.047201,0.000000,-0.000000,0.5600,0.133,-0.083,TRACKING|w0 d0 L33
75.306771,129.088610666667,35.074433833333,508078.542,3881301.134,0.050,0.453672,route_tangent,33,0.734,2.000,35,508081.078,3881302.523,0.047201,0.000000,-0.000000,0.5600,0.133,-0.083,TRACKING|w0 d0 L33
75.356833,129.088610666667,35.074433833333,508078.542,3881301.134,0.050,0.453672,route_tangent,33,0.734,2.000,35,508081.078,3881302.523,0.047201,0.000000,-0.000000,0.5600,0.133,-0.083,TRACKING|w0 d0 L33
75.406853,129.088610666667,35.074433833333,508078.542,3881301.134,0.050,0.453672,route_tangent,33,0.734,2.000,35,508081.078,3881302.523,0.047201,0.000000,-0.000000,0.5600,0.169,-0.119,TRACKING|w0 d0 L33
75.458360,129.088611000000,35.074434166667,508078.572,3881301.171,0.194,-0.818602,gps_course,33,0.686,2.000,35,508081.078,3881302.523,1.313198,-0.260000,-0.030905,0.5600,0.169,0.024,TRACKING|w0 d0 L33
75.507921,129.088611000000,35.074434166667,508078.572,3881301.171,0.194,-0.818602,gps_course,33,0.686,2.000,35,508081.078,3881302.523,1.313198,-0.260000,-0.060641,0.5600,0.169,0.024,TRACKING|w0 d0 L33
75.556782,129.088611000000,35.074434166667,508078.572,3881301.171,0.194,-0.818602,gps_course,33,0.686,2.000,35,508081.078,3881302.523,1.313198,-0.260000,-0.089958,0.5600,0.169,0.024,TRACKING|w0 d0 L33
75.606703,129.088611000000,35.074434166667,508078.572,3881301.171,0.194,-0.818602,gps_course,33,0.686,2.000,35,508081.078,3881302.523,1.313198,-0.260000,-0.119911,0.5600,0.208,-0.015,TRACKING|w0 d0 L33
75.656735,129.088611000000,35.074434166667,508078.572,3881301.171,0.194,-0.818602,gps_course,33,0.686,2.000,35,508081.078,3881302.523,1.313198,-0.260000,-0.149930,0.5600,0.208,-0.015,TRACKING|w0 d0 L33
75.706894,129.088611333333,35.074434500000,508078.603,3881301.208,0.219,-0.575201,gps_course,33,0.638,2.000,35,508081.078,3881302.523,1.063322,-0.260000,-0.180025,0.5600,0.208,0.011,TRACKING|w0 d0 L33
75.756885,129.088611333333,35.074434500000,508078.603,3881301.208,0.219,-0.575201,gps_course,33,0.638,2.000,35,508081.078,3881302.523,1.063322,-0.260000,-0.210020,0.5600,0.208,0.011,TRACKING|w0 d0 L33
75.806793,129.088611333333,35.074434500000,508078.603,3881301.208,0.219,-0.575201,gps_course,33,0.638,2.000,35,508081.078,3881302.523,1.063322,-0.260000,-0.230012,0.5600,0.228,-0.009,TRACKING|w0 d0 L33
75.856888,129.088611333333,35.074434500000,508078.603,3881301.208,0.219,-0.575201,gps_course,33,0.638,2.000,35,508081.078,3881302.523,1.063322,-0.260000,-0.242007,0.5600,0.228,-0.009,TRACKING|w0 d0 L33
75.906800,129.088611333333,35.074434500000,508078.603,3881301.208,0.219,-0.575201,gps_course,33,0.638,2.000,35,508081.078,3881302.523,1.063322,-0.260000,-0.249204,0.5600,0.228,-0.009,TRACKING|w0 d0 L33
75.956741,129.088611833333,35.074435000000,508078.648,3881301.264,0.266,-0.335170,gps_course,33,0.567,2.000,35,508081.078,3881302.523,0.813186,-0.260000,-0.253523,0.5600,0.228,0.038,TRACKING|w0 d0 L33
76.006738,129.088611833333,35.074435000000,508078.648,3881301.264,0.266,-0.335170,gps_course,33,0.567,2.000,35,508081.078,3881302.523,0.813186,-0.260000,-0.256114,0.5600,0.264,0.002,TRACKING|w0 d0 L33
76.056845,129.088611833333,35.074435000000,508078.648,3881301.264,0.266,-0.335170,gps_course,33,0.567,2.000,35,508081.078,3881302.523,0.813186,-0.260000,-0.257668,0.5600,0.264,0.002,TRACKING|w0 d0 L33
76.106747,129.088611833333,35.074435000000,508078.648,3881301.264,0.266,-0.335170,gps_course,33,0.567,2.000,35,508081.078,3881302.523,0.813186,-0.260000,-0.258601,0.5600,0.264,0.002,TRACKING|w0 d0 L33
76.156744,129.088611833333,35.074435000000,508078.648,3881301.264,0.266,-0.335170,gps_course,33,0.567,2.000,35,508081.078,3881302.523,0.813186,-0.260000,-0.259161,0.5600,0.264,0.002,TRACKING|w0 d0 L33
76.206735,129.088612333333,35.074435333333,508078.694,3881301.301,0.270,-0.081310,gps_course,33,0.509,2.000,35,508081.078,3881302.523,0.554883,-0.260000,-0.259496,0.5600,0.283,-0.013,TRACKING|w0 d0 L33
76.256688,129.088612333333,35.074435333333,508078.694,3881301.301,0.270,-0.081310,gps_course,33,0.509,2.000,35,508081.078,3881302.523,0.554883,-0.260000,-0.259698,0.5600,0.283,-0.013,TRACKING|w0 d0 L33
76.307162,129.088612333333,35.074435333333,508078.694,3881301.301,0.270,-0.081310,gps_course,33,0.509,2.000,35,508081.078,3881302.523,0.554883,-0.260000,-0.259819,0.5600,0.283,-0.013,TRACKING|w0 d0 L33
76.356761,129.088612333333,35.074435333333,508078.694,3881301.301,0.270,-0.081310,gps_course,33,0.509,2.000,35,508081.078,3881302.523,0.554883,-0.260000,-0.259891,0.5600,0.283,-0.013,TRACKING|w0 d0 L33
76.406850,129.088612333333,35.074435333333,508078.694,3881301.301,0.270,-0.081310,gps_course,33,0.509,2.000,35,508081.078,3881302.523,0.554883,-0.260000,-0.259935,0.5600,0.303,-0.032,TRACKING|w0 d0 L33
76.456781,129.088613000000,35.074435833333,508078.755,3881301.356,0.320,0.175597,gps_course,33,0.427,2.000,35,508081.078,3881302.523,0.289632,-0.157943,-0.229976,0.5600,0.303,0.017,TRACKING|w0 d0 L33
76.506813,129.088613000000,35.074435833333,508078.755,3881301.356,0.320,0.175597,gps_course,33,0.427,2.000,35,508081.078,3881302.523,0.289632,-0.157943,-0.201163,0.5600,0.303,0.017,TRACKING|w0 d0 L33
76.556780,129.088613000000,35.074435833333,508078.755,3881301.356,0.320,0.175597,gps_course,33,0.427,2.000,35,508081.078,3881302.523,0.289632,-0.157943,-0.183875,0.5600,0.303,0.017,TRACKING|w0 d0 L33
76.608020,129.088613000000,35.074435833333,508078.755,3881301.356,0.320,0.175597,gps_course,33,0.427,2.000,35,508081.078,3881302.523,0.289632,-0.157943,-0.173502,0.5600,0.358,-0.039,TRACKING|w0 d0 L33
76.657720,129.088613000000,35.074435833333,508078.755,3881301.356,0.320,0.175597,gps_course,33,0.427,2.000,35,508081.078,3881302.523,0.289632,-0.157943,-0.167278,0.5600,0.358,-0.039,TRACKING|w0 d0 L33
76.706825,129.088613666667,35.074436500000,508078.815,3881301.430,0.378,0.423892,gps_course,33,0.331,2.000,35,508081.078,3881302.523,0.025863,-0.014920,-0.137815,0.5600,0.358,0.019,TRACKING|w0 d0 L33
76.757355,129.088613666667,35.074436500000,508078.815,3881301.430,0.378,0.423892,gps_course,33,0.331,2.000,35,508081.078,3881302.523,0.025863,-0.014920,-0.107497,0.5600,0.358,0.019,TRACKING|w0 d0 L33
76.806751,129.088613666667,35.074436500000,508078.815,3881301.430,0.378,0.423892,gps_course,33,0.331,2.000,35,508081.078,3881302.523,0.025863,-0.014920,-0.077860,0.5600,0.378,-0.000,TRACKING|w0 d0 L33
76.856747,129.088613666667,35.074436500000,508078.815,3881301.430,0.378,0.423892,gps_course,33,0.331,2.000,35,508081.078,3881302.523,0.025863,-0.014920,-0.052684,0.5600,0.378,-0.000,TRACKING|w0 d0 L33
76.906753,129.088613666667,35.074436500000,508078.815,3881301.430,0.378,0.423892,gps_course,33,0.331,2.000,35,508081.078,3881302.523,0.025863,-0.014920,-0.037578,0.5600,0.378,-0.000,TRACKING|w0 d0 L33
76.956861,129.088614333333,35.074437166667,508078.876,3881301.504,0.393,0.669883,gps_course,33,0.236,2.000,35,508081.078,3881302.523,-0.236710,0.139229,-0.007514,0.5600,0.378,0.015,TRACKING|w0 d0 L33
77.006716,129.088614333333,35.074437166667,508078.876,3881301.504,0.393,0.669883,gps_course,33,0.236,2.000,35,508081.078,3881302.523,-0.236710,0.139229,0.022399,0.5600,0.414,-0.021,TRACKING|w0 d0 L33
77.056839,129.088614333333,35.074437166667,508078.876,3881301.504,0.393,0.669883,gps_course,33,0.236,2.000,35,508081.078,3881302.523,-0.236710,0.139229,0.052473,0.5600,0.414,-0.021,TRACKING|w0 d0 L33
77.109325,129.088614333333,35.074437166667,508078.876,3881301.504,0.393,0.669883,gps_course,33,0.236,2.000,35,508081.078,3881302.523,-0.236710,0.139229,0.083965,0.5600,0.414,-0.021,TRACKING|w0 d0 L33
77.156731,129.088614333333,35.074437166667,508078.876,3881301.504,0.393,0.669883,gps_course,33,0.236,2.000,35,508081.078,3881302.523,-0.236710,0.139229,0.106070,0.5600,0.414,-0.021,TRACKING|w0 d0 L33
77.206738,129.088615166667,35.074437833333,508078.952,3881301.578,0.453,0.818908,gps_course,33,0.130,2.000,35,508081.078,3881302.523,-0.400908,0.238568,0.136075,0.5600,0.433,0.020,TRACKING|w0 d0 L33
77.256729,129.088615166667,35.074437833333,508078.952,3881301.578,0.453,0.818908,gps_course,33,0.130,2.000,35,508081.078,3881302.523,-0.400908,0.238568,0.166069,0.5600,0.433,0.020,TRACKING|w0 d0 L33
77.306883,129.088615166667,35.074437833333,508078.952,3881301.578,0.453,0.818908,gps_course,33,0.130,2.000,35,508081.078,3881302.523,-0.400908,0.238568,0.195069,0.5600,0.433,0.020,TRACKING|w0 d0 L33
77.356792,129.088615166667,35.074437833333,508078.952,3881301.578,0.453,0.818908,gps_course,33,0.130,2.000,35,508081.078,3881302.523,-0.400908,0.238568,0.212469,0.5600,0.433,0.020,TRACKING|w0 d0 L33
77.406817,129.088615166667,35.074437833333,508078.952,3881301.578,0.453,0.818908,gps_course,33,0.130,2.000,35,508081.078,3881302.523,-0.400908,0.238568,0.222908,0.5600,0.453,0.001,TRACKING|w0 d0 L33
77.456947,129.088615166667,35.074437833333,508078.952,3881301.578,0.474,0.833918,gps_course,33,0.130,2.000,35,508081.078,3881302.523,-0.415918,0.246657,0.232408,0.5600,0.453,0.022,TRACKING|w0 d0 L33
77.506738,129.088616166667,35.074438666667,508079.043,3881301.671,0.474,0.833918,gps_course,33,0.000,2.000,35,508081.078,3881302.523,-0.437473,0.260000,0.243445,0.5600,0.453,0.022,TRACKING|w0 d0 L33
77.557082,129.088616166667,35.074438666667,508079.043,3881301.671,0.474,0.833918,gps_course,33,0.000,2.000,35,508081.078,3881302.523,-0.437473,0.260000,0.250067,0.5600,0.453,0.022,TRACKING|w0 d0 L33
77.606685,129.088616166667,35.074438666667,508079.043,3881301.671,0.474,0.833918,gps_course,33,0.000,2.000,35,508081.078,3881302.523,-0.437473,0.260000,0.254040,0.5600,0.492,-0.017,TRACKING|w0 d0 L33
77.656719,129.088616166667,35.074438666667,508079.043,3881301.671,0.474,0.833918,gps_course,33,0.000,2.000,35,508081.078,3881302.523,-0.437473,0.260000,0.256424,0.5600,0.492,-0.017,TRACKING|w0 d0 L33
77.706734,129.088617000000,35.074439500000,508079.119,3881301.763,0.503,0.841423,gps_course,33,0.120,2.000,35,508081.078,3881302.523,-0.471630,0.260000,0.257854,0.5600,0.492,0.011,TRACKING|w0 d0 L33
77.758621,129.088617000000,35.074439500000,508079.119,3881301.763,0.503,0.841423,gps_course,33,0.120,2.000,35,508081.078,3881302.523,-0.471630,0.260000,0.258713,0.5600,0.492,0.011,TRACKING|w0 d0 L33
77.806870,129.088617000000,35.074439500000,508079.119,3881301.763,0.503,0.841423,gps_course,33,0.120,2.000,35,508081.078,3881302.523,-0.471630,0.260000,0.259228,0.5600,0.492,0.011,TRACKING|w0 d0 L33
77.856821,129.088617000000,35.074439500000,508079.119,3881301.763,0.503,0.841423,gps_course,33,0.120,2.000,35,508081.078,3881302.523,-0.471630,0.260000,0.259537,0.5600,0.492,0.011,TRACKING|w0 d0 L33
77.906863,129.088617000000,35.074439500000,508079.119,3881301.763,0.503,0.841423,gps_course,33,0.120,2.000,35,508081.078,3881302.523,-0.471630,0.260000,0.259722,0.5600,0.492,0.011,TRACKING|w0 d0 L33
77.956720,129.088618166667,35.074440333333,508079.225,3881301.856,0.548,0.732515,gps_course,33,0.260,2.000,36,508082.142,3881302.598,-0.483432,0.220307,0.243956,0.5600,0.492,0.056,TRACKING|w0 d0 L33
78.006781,129.088618166667,35.074440333333,508079.225,3881301.856,0.548,0.732515,gps_course,33,0.260,2.000,36,508082.142,3881302.598,-0.483432,0.220307,0.234497,0.5600,0.547,0.001,TRACKING|w0 d0 L33
78.056983,129.088618166667,35.074440333333,508079.225,3881301.856,0.548,0.732515,gps_course,33,0.260,2.000,36,508082.142,3881302.598,-0.483432,0.220307,0.228821,0.5600,0.547,0.001,TRACKING|w0 d0 L33
78.106765,129.088618166667,35.074440333333,508079.225,3881301.856,0.548,0.732515,gps_course,33,0.260,2.000,36,508082.142,3881302.598,-0.483432,0.220307,0.225415,0.5600,0.547,0.001,TRACKING|w0 d0 L33
78.156762,129.088618166667,35.074440333333,508079.225,3881301.856,0.548,0.732515,gps_course,33,0.260,2.000,36,508082.142,3881302.598,-0.483432,0.220307,0.223372,0.5600,0.547,0.001,TRACKING|w0 d0 L33
78.207019,129.088619333333,35.074441500000,508079.331,3881301.985,0.646,0.844390,gps_course,33,0.427,2.000,36,508082.142,3881302.598,-0.629831,0.260000,0.238023,0.5600,0.567,0.079,TRACKING|w0 d0 L33
78.256945,129.088619333333,35.074441500000,508079.331,3881301.985,0.646,0.844390,gps_course,33,0.427,2.000,36,508082.142,3881302.598,-0.629831,0.260000,0.246814,0.5600,0.567,0.079,TRACKING|w0 d0 L33
78.306772,129.088619333333,35.074441500000,508079.331,3881301.985,0.646,0.844390,gps_course,33,0.427,2.000,36,508082.142,3881302.598,-0.629831,0.260000,0.252088,0.5600,0.567,0.079,TRACKING|w0 d0 L33
78.356786,129.088619333333,35.074441500000,508079.331,3881301.985,0.646,0.844390,gps_course,33,0.427,2.000,36,508082.142,3881302.598,-0.629831,0.260000,0.255253,0.5600,0.567,0.079,TRACKING|w0 d0 L33
78.406711,129.088619333333,35.074441500000,508079.331,3881301.985,0.646,0.844390,gps_course,33,0.427,2.000,36,508082.142,3881302.598,-0.629831,0.260000,0.257152,0.5600,0.603,0.043,TRACKING|w0 d0 L33
78.456627,129.088620500000,35.074442333333,508079.438,3881302.078,0.605,0.816640,gps_course,33,0.567,2.000,36,508082.142,3881302.598,-0.626689,0.260000,0.258291,0.5600,0.603,0.002,TRACKING|w0 d0 L33
78.507008,129.088620500000,35.074442333333,508079.438,3881302.078,0.605,0.816640,gps_course,33,0.567,2.000,36,508082.142,3881302.598,-0.626689,0.260000,0.258975,0.5600,0.603,0.002,TRACKING|w0 d0 L33
78.556785,129.088620500000,35.074442333333,508079.438,3881302.078,0.605,0.816640,gps_course,33,0.567,2.000,36,508082.142,3881302.598,-0.626689,0.260000,0.259385,0.5600,0.603,0.002,TRACKING|w0 d0 L33
78.606868,129.088620500000,35.074442333333,508079.438,3881302.078,0.605,0.816640,gps_course,33,0.567,2.000,36,508082.142,3881302.598,-0.626689,0.260000,0.259631,0.5600,0.622,-0.017,TRACKING|w0 d0 L33
78.656751,129.088620500000,35.074442333333,508079.438,3881302.078,0.605,0.816640,gps_course,33,0.567,2.000,36,508082.142,3881302.598,-0.626689,0.260000,0.259779,0.5600,0.622,-0.017,TRACKING|w0 d0 L33
78.706784,129.088621500000,35.074443500000,508079.529,3881302.207,0.650,0.874410,gps_course,34,0.505,2.000,36,508082.142,3881302.598,-0.726081,0.260000,0.259867,0.5600,0.622,0.027,TRACKING|w0 d0 L34
78.756751,129.088621500000,35.074443500000,508079.529,3881302.207,0.650,0.874410,gps_course,34,0.505,2.000,36,508082.142,3881302.598,-0.726081,0.260000,0.259920,0.5600,0.622,0.027,TRACKING|w0 d0 L34
78.806796,129.088621500000,35.074443500000,508079.529,3881302.207,0.650,0.874410,gps_course,34,0.505,2.000,36,508082.142,3881302.598,-0.726081,0.260000,0.259952,0.5600,0.642,0.008,TRACKING|w0 d0 L34
78.856822,129.088621500000,35.074443500000,508079.529,3881302.207,0.650,0.874410,gps_course,34,0.505,2.000,36,508082.142,3881302.598,-0.726081,0.260000,0.259971,0.5600,0.642,0.008,TRACKING|w0 d0 L34
78.906728,129.088621500000,35.074443500000,508079.529,3881302.207,0.650,0.874410,gps_course,34,0.505,2.000,36,508082.142,3881302.598,-0.726081,0.260000,0.259983,0.5600,0.642,0.008,TRACKING|w0 d0 L34
78.956866,129.088622833333,35.074444666667,508079.650,3881302.337,0.648,0.793427,gps_course,34,0.422,2.000,36,508082.142,3881302.598,-0.689065,0.260000,0.259990,0.5600,0.642,0.006,TRACKING|w0 d0 L34
79.006866,129.088622833333,35.074444666667,508079.650,3881302.337,0.648,0.793427,gps_course,34,0.422,2.000,36,508082.142,3881302.598,-0.689065,0.260000,0.259994,0.5600,0.736,-0.088,TRACKING|w0 d0 L34
79.056880,129.088622833333,35.074444666667,508079.650,3881302.337,0.648,0.793427,gps_course,34,0.422,2.000,36,508082.142,3881302.598,-0.689065,0.260000,0.259996,0.5600,0.736,-0.088,TRACKING|w0 d0 L34
79.106759,129.088622833333,35.074444666667,508079.650,3881302.337,0.648,0.793427,gps_course,34,0.422,2.000,36,508082.142,3881302.598,-0.689065,0.260000,0.259998,0.5600,0.736,-0.088,TRACKING|w0 d0 L34
79.156805,129.088622833333,35.074444666667,508079.650,3881302.337,0.648,0.793427,gps_course,34,0.422,2.000,36,508082.142,3881302.598,-0.689065,0.260000,0.259999,0.5600,0.736,-0.088,TRACKING|w0 d0 L34
79.206793,129.088624166667,35.074445833333,508079.772,3881302.466,0.725,0.782257,gps_course,34,0.407,2.000,36,508082.142,3881302.598,-0.726834,0.260000,0.259999,0.5600,0.792,-0.067,TRACKING|w0 d0 L34
79.256751,129.088624166667,35.074445833333,508079.772,3881302.466,0.725,0.782257,gps_course,34,0.407,2.000,36,508082.142,3881302.598,-0.726834,0.260000,0.260000,0.5600,0.792,-0.067,TRACKING|w0 d0 L34
79.306755,129.088624166667,35.074445833333,508079.772,3881302.466,0.725,0.782257,gps_course,34,0.407,2.000,36,508082.142,3881302.598,-0.726834,0.260000,0.260000,0.5600,0.792,-0.067,TRACKING|w0 d0 L34
79.356827,129.088624166667,35.074445833333,508079.772,3881302.466,0.725,0.782257,gps_course,34,0.407,2.000,36,508082.142,3881302.598,-0.726834,0.260000,0.260000,0.5600,0.792,-0.067,TRACKING|w0 d0 L34
79.406736,129.088624166667,35.074445833333,508079.772,3881302.466,0.725,0.782257,gps_course,34,0.407,2.000,36,508082.142,3881302.598,-0.726834,0.260000,0.260000,0.5600,0.697,0.027,TRACKING|w0 d0 L34
79.457046,129.088624166667,35.074445833333,508079.772,3881302.466,0.697,0.776322,gps_course,34,0.407,2.000,36,508082.142,3881302.598,-0.720900,0.260000,0.260000,0.5600,0.697,-0.000,TRACKING|w0 d0 L34
79.507359,129.088625666667,35.074446833333,508079.908,3881302.577,0.697,0.776322,gps_course,34,0.442,2.000,36,508082.142,3881302.598,-0.767152,0.260000,0.260000,0.5600,0.697,-0.000,TRACKING|w0 d0 L34
79.556801,129.088625666667,35.074446833333,508079.908,3881302.577,0.697,0.776322,gps_course,34,0.442,2.000,36,508082.142,3881302.598,-0.767152,0.260000,0.260000,0.5600,0.697,-0.000,TRACKING|w0 d0 L34
79.606852,129.088625666667,35.074446833333,508079.908,3881302.577,0.697,0.776322,gps_course,34,0.442,2.000,36,508082.142,3881302.598,-0.767152,0.260000,0.260000,0.5600,0.697,-0.000,TRACKING|w0 d0 L34
79.656849,129.088625666667,35.074446833333,508079.908,3881302.577,0.697,0.776322,gps_course,34,0.442,2.000,36,508082.142,3881302.598,-0.767152,0.260000,0.260000,0.5600,0.697,-0.000,TRACKING|w0 d0 L34
79.706830,129.088627000000,35.074448000000,508080.030,3881302.707,0.741,0.776497,gps_course,34,0.555,2.000,36,508082.142,3881302.598,-0.828058,0.260000,0.260000,0.5600,0.697,0.043,TRACKING|w0 d0 L34
79.756835,129.088627000000,35.074448000000,508080.030,3881302.707,0.741,0.776497,gps_course,34,0.555,2.000,36,508082.142,3881302.598,-0.828058,0.260000,0.260000,0.5600,0.697,0.043,TRACKING|w0 d0 L34
79.806730,129.088627000000,35.074448000000,508080.030,3881302.707,0.741,0.776497,gps_course,34,0.555,2.000,36,508082.142,3881302.598,-0.828058,0.260000,0.260000,0.5600,0.736,0.004,TRACKING|w0 d0 L34
79.856949,129.088627000000,35.074448000000,508080.030,3881302.707,0.741,0.776497,gps_course,34,0.555,2.000,36,508082.142,3881302.598,-0.828058,0.260000,0.260000,0.5600,0.736,0.004,TRACKING|w0 d0 L34
79.906721,129.088627000000,35.074448000000,508080.030,3881302.707,0.741,0.776497,gps_course,34,0.555,2.000,36,508082.142,3881302.598,-0.828058,0.260000,0.260000,0.5600,0.736,0.004,TRACKING|w0 d0 L34
79.956925,129.088628666667,35.074449333333,508080.182,3881302.855,0.827,0.818908,gps_course,34,0.719,2.000,37,508083.358,3881302.358,-0.973881,0.260000,0.260000,0.5600,0.736,0.091,TRACKING|w0 d0 L34
80.006737,129.088628666667,35.074449333333,508080.182,3881302.855,0.827,0.818908,gps_course,34,0.719,2.000,37,508083.358,3881302.358,-0.973881,0.260000,0.260000,0.5600,0.811,0.016,TRACKING|w0 d0 L34
80.056724,129.088628666667,35.074449333333,508080.182,3881302.855,0.827,0.818908,gps_course,34,0.719,2.000,37,508083.358,3881302.358,-0.973881,0.260000,0.260000,0.5600,0.811,0.016,TRACKING|w0 d0 L34
80.106726,129.088628666667,35.074449333333,508080.182,3881302.855,0.827,0.818908,gps_course,34,0.719,2.000,37,508083.358,3881302.358,-0.973881,0.260000,0.260000,0.5600,0.811,0.016,TRACKING|w0 d0 L34
80.156747,129.088628666667,35.074449333333,508080.182,3881302.855,0.827,0.818908,gps_course,34,0.719,2.000,37,508083.358,3881302.358,-0.973881,0.260000,0.260000,0.5600,0.811,0.016,TRACKING|w0 d0 L34
80.206736,129.088630333333,35.074450666667,508080.333,3881303.003,0.852,0.713316,gps_course,35,0.886,2.000,37,508083.358,3881302.358,-0.923183,0.260000,0.260000,0.5600,0.831,0.022,TRACKING|w0 d0 L35
80.256802,129.088630333333,35.074450666667,508080.333,3881303.003,0.852,0.713316,gps_course,35,0.886,2.000,37,508083.358,3881302.358,-0.923183,0.260000,0.260000,0.5600,0.831,0.022,TRACKING|w0 d0 L35
80.307290,129.088630333333,35.074450666667,508080.333,3881303.003,0.852,0.713316,gps_course,35,0.886,2.000,37,508083.358,3881302.358,-0.923183,0.260000,0.260000,0.5600,0.831,0.022,TRACKING|w0 d0 L35
80.356721,129.088630333333,35.074450666667,508080.333,3881303.003,0.852,0.713316,gps_course,35,0.886,2.000,37,508083.358,3881302.358,-0.923183,0.260000,0.260000,0.5600,0.831,0.022,TRACKING|w0 d0 L35
80.406751,129.088630333333,35.074450666667,508080.333,3881303.003,0.852,0.713316,gps_course,35,0.886,2.000,37,508083.358,3881302.358,-0.923183,0.260000,0.260000,0.5600,0.869,-0.017,TRACKING|w0 d0 L35
80.456642,129.088632166667,35.074452000000,508080.500,3881303.151,0.892,0.811055,gps_course,35,0.853,2.000,37,508083.358,3881302.358,-1.081514,0.260000,0.260000,0.5600,0.869,0.023,TRACKING|w0 d0 L35
80.506781,129.088632166667,35.074452000000,508080.500,3881303.151,0.892,0.811055,gps_course,35,0.853,2.000,37,508083.358,3881302.358,-1.081514,0.260000,0.260000,0.5600,0.869,0.023,TRACKING|w0 d0 L35
80.556736,129.088632166667,35.074452000000,508080.500,3881303.151,0.892,0.811055,gps_course,35,0.853,2.000,37,508083.358,3881302.358,-1.081514,0.260000,0.260000,0.5600,0.869,0.023,TRACKING|w0 d0 L35
80.606824,129.088632166667,35.074452000000,508080.500,3881303.151,0.892,0.811055,gps_course,35,0.853,2.000,37,508083.358,3881302.358,-1.081514,0.260000,0.260000,0.5600,0.869,0.023,TRACKING|w0 d0 L35
80.656943,129.088632166667,35.074452000000,508080.500,3881303.151,0.892,0.811055,gps_course,35,0.853,2.000,37,508083.358,3881302.358,-1.081514,0.260000,0.260000,0.5600,0.869,0.023,TRACKING|w0 d0 L35
80.706913,129.088633833333,35.074453333333,508080.652,3881303.299,0.856,0.759742,gps_course,35,0.885,2.000,37,508083.358,3881302.358,-1.094199,0.260000,0.260000,0.5600,0.869,-0.013,TRACKING|w0 d0 L35
80.758010,129.088633833333,35.074453333333,508080.652,3881303.299,0.856,0.759742,gps_course,35,0.885,2.000,37,508083.358,3881302.358,-1.094199,0.260000,0.260000,0.5600,0.869,-0.013,TRACKING|w0 d0 L35
80.806780,129.088633833333,35.074453333333,508080.652,3881303.299,0.856,0.759742,gps_course,35,0.885,2.000,37,508083.358,3881302.358,-1.094199,0.260000,0.260000,0.5600,0.831,0.026,TRACKING|w0 d0 L35
80.856765,129.088633833333,35.074453333333,508080.652,3881303.299,0.856,0.759742,gps_course,35,0.885,2.000,37,508083.358,3881302.358,-1.094199,0.260000,0.260000,0.5600,0.831,0.026,TRACKING|w0 d0 L35
80.906753,129.088633833333,35.074453333333,508080.652,3881303.299,0.856,0.759742,gps_course,35,0.885,2.000,37,508083.358,3881302.358,-1.094199,0.260000,0.260000,0.5600,0.831,0.026,TRACKING|w0 d0 L35
80.956664,129.088635500000,35.074454666667,508080.804,3881303.447,0.849,0.751364,gps_course,35,0.964,2.000,37,508083.358,3881302.358,-1.154188,0.260000,0.260000,0.5600,0.831,0.018,TRACKING|w0 d0 L35
81.006761,129.088635500000,35.074454666667,508080.804,3881303.447,0.849,0.751364,gps_course,35,0.964,2.000,37,508083.358,3881302.358,-1.154188,0.260000,0.260000,0.5600,0.831,0.018,TRACKING|w0 d0 L35
81.056844,129.088635500000,35.074454666667,508080.804,3881303.447,0.849,0.751364,gps_course,35,0.964,2.000,37,508083.358,3881302.358,-1.154188,0.260000,0.260000,0.5600,0.831,0.018,TRACKING|w0 d0 L35
81.109262,129.088635500000,35.074454666667,508080.804,3881303.447,0.849,0.751364,gps_course,35,0.964,2.000,37,508083.358,3881302.358,-1.154188,0.260000,0.260000,0.5600,0.831,0.018,TRACKING|w0 d0 L35
81.156721,129.088635500000,35.074454666667,508080.804,3881303.447,0.849,0.751364,gps_course,35,0.964,2.000,37,508083.358,3881302.358,-1.154188,0.260000,0.260000,0.5600,0.831,0.018,TRACKING|w0 d0 L35
81.206801,129.088637166667,35.074456000000,508080.956,3881303.595,0.840,0.774926,gps_course,35,1.079,2.000,37,508083.358,3881302.358,-1.250246,0.260000,0.260000,0.5600,0.850,-0.010,TRACKING|w0 d0 L35
81.256711,129.088637166667,35.074456000000,508080.956,3881303.595,0.840,0.774926,gps_course,35,1.079,2.000,37,508083.358,3881302.358,-1.250246,0.260000,0.260000,0.5600,0.850,-0.010,TRACKING|w0 d0 L35
81.306748,129.088637166667,35.074456000000,508080.956,3881303.595,0.840,0.774926,gps_course,35,1.079,2.000,37,508083.358,3881302.358,-1.250246,0.260000,0.260000,0.5600,0.850,-0.010,TRACKING|w0 d0 L35
81.356848,129.088637166667,35.074456000000,508080.956,3881303.595,0.840,0.774926,gps_course,35,1.079,2.000,37,508083.358,3881302.358,-1.250246,0.260000,0.260000,0.5600,0.850,-0.010,TRACKING|w0 d0 L35
81.407047,129.088637166667,35.074456000000,508080.956,3881303.595,0.840,0.774926,gps_course,35,1.079,2.000,37,508083.358,3881302.358,-1.250246,0.260000,0.260000,0.5600,0.850,-0.010,TRACKING|w0 d0 L35
81.456842,129.088637166667,35.074456000000,508080.956,3881303.595,0.840,0.774926,gps_course,35,1.079,2.000,37,508083.358,3881302.358,-1.250246,0.260000,0.260000,0.5600,0.850,-0.010,TRACKING|w0 d0 L35
81.506767,129.088639000000,35.074457333333,508081.123,3881303.743,0.864,0.721345,gps_course,35,1.221,2.000,37,508083.358,3881302.358,-1.275882,0.260000,0.260000,0.5600,0.850,0.014,TRACKING|w0 d0 L35
81.556767,129.088639000000,35.074457333333,508081.123,3881303.743,0.864,0.721345,gps_course,35,1.221,2.000,37,508083.358,3881302.358,-1.275882,0.260000,0.260000,0.5600,0.850,0.014,TRACKING|w0 d0 L35
81.606636,129.088639000000,35.074457333333,508081.123,3881303.743,0.864,0.721345,gps_course,35,1.221,2.000,37,508083.358,3881302.358,-1.275882,0.260000,0.260000,0.5600,0.869,-0.005,TRACKING|w0 d0 L35
81.656722,129.088639000000,35.074457333333,508081.123,3881303.743,0.864,0.721345,gps_course,35,1.221,2.000,37,508083.358,3881302.358,-1.275882,0.260000,0.260000,0.5600,0.869,-0.005,TRACKING|w0 d0 L35
81.706745,129.088640666667,35.074458666667,508081.275,3881303.891,0.876,0.749444,gps_course,35,1.382,2.000,37,508083.358,3881302.358,-1.383635,0.260000,0.260000,0.5600,0.869,0.007,TRACKING|w0 d0 L35
81.759264,129.088640666667,35.074458666667,508081.275,3881303.891,0.876,0.749444,gps_course,35,1.382,2.000,37,508083.358,3881302.358,-1.383635,0.260000,0.260000,0.5600,0.869,0.007,TRACKING|w0 d0 L35
81.806889,129.088640666667,35.074458666667,508081.275,3881303.891,0.876,0.749444,gps_course,35,1.382,2.000,37,508083.358,3881302.358,-1.383635,0.260000,0.260000,0.5600,0.869,0.007,TRACKING|w0 d0 L35
81.857097,129.088640666667,35.074458666667,508081.275,3881303.891,0.876,0.749444,gps_course,35,1.382,2.000,37,508083.358,3881302.358,-1.383635,0.260000,0.260000,0.5600,0.869,0.007,TRACKING|w0 d0 L35
81.908622,129.088640666667,35.074458666667,508081.275,3881303.891,0.876,0.749444,gps_course,35,1.382,2.000,37,508083.358,3881302.358,-1.383635,0.260000,0.260000,0.5600,0.869,0.007,TRACKING|w0 d0 L35
81.956743,129.088642500000,35.074460000000,508081.442,3881304.039,0.919,0.758695,gps_course,35,1.559,2.000,37,508083.358,3881302.358,-1.478608,0.260000,0.260000,0.5600,0.869,0.049,TRACKING|w0 d0 L35
82.006782,129.088642500000,35.074460000000,508081.442,3881304.039,0.919,0.758695,gps_course,35,1.559,2.000,37,508083.358,3881302.358,-1.478608,0.260000,0.260000,0.5600,0.906,0.013,TRACKING|w0 d0 L35
82.056877,129.088642500000,35.074460000000,508081.442,3881304.039,0.919,0.758695,gps_course,35,1.559,2.000,37,508083.358,3881302.358,-1.478608,0.260000,0.260000,0.5600,0.906,0.013,TRACKING|w0 d0 L35
82.106863,129.088642500000,35.074460000000,508081.442,3881304.039,0.919,0.758695,gps_course,35,1.559,2.000,37,508083.358,3881302.358,-1.478608,0.260000,0.260000,0.5600,0.906,0.013,TRACKING|w0 d0 L35
82.156731,129.088642500000,35.074460000000,508081.442,3881304.039,0.919,0.758695,gps_course,35,1.559,2.000,37,508083.358,3881302.358,-1.478608,0.260000,0.260000,0.5600,0.906,0.013,TRACKING|w0 d0 L35
82.206780,129.088644500000,35.074461166667,508081.624,3881304.168,0.881,0.637743,gps_course,36,1.654,2.000,37,508083.358,3881302.358,-1.444564,0.260000,0.260000,0.5600,0.906,-0.024,TRACKING|w0 d0 L36
82.258589,129.088644500000,35.074461166667,508081.624,3881304.168,0.881,0.637743,gps_course,36,1.654,2.000,37,508083.358,3881302.358,-1.444564,0.260000,0.260000,0.5600,0.906,-0.024,TRACKING|w0 d0 L36
82.306753,129.088644500000,35.074461166667,508081.624,3881304.168,0.881,0.637743,gps_course,36,1.654,2.000,37,508083.358,3881302.358,-1.444564,0.260000,0.260000,0.5600,0.906,-0.024,TRACKING|w0 d0 L36
82.356773,129.088644500000,35.074461166667,508081.624,3881304.168,0.881,0.637743,gps_course,36,1.654,2.000,37,508083.358,3881302.358,-1.444564,0.260000,0.260000,0.5600,0.906,-0.024,TRACKING|w0 d0 L36
82.407198,129.088644500000,35.074461166667,508081.624,3881304.168,0.881,0.637743,gps_course,36,1.654,2.000,37,508083.358,3881302.358,-1.444564,0.260000,0.260000,0.5600,0.906,-0.024,TRACKING|w0 d0 L36
82.456690,129.088646500000,35.074462500000,508081.806,3881304.316,0.951,0.680155,gps_course,36,1.751,2.000,37,508083.358,3881302.358,-1.580773,0.260000,0.260000,0.5600,0.906,0.045,TRACKING|w0 d0 L36
82.506828,129.088646500000,35.074462500000,508081.806,3881304.316,0.951,0.680155,gps_course,36,1.751,2.000,37,508083.358,3881302.358,-1.580773,0.260000,0.260000,0.5600,0.906,0.045,TRACKING|w0 d0 L36
82.557264,129.088646500000,35.074462500000,508081.806,3881304.316,0.951,0.680155,gps_course,36,1.751,2.000,37,508083.358,3881302.358,-1.580773,0.260000,0.260000,0.5600,0.906,0.045,TRACKING|w0 d0 L36
82.606640,129.088646500000,35.074462500000,508081.806,3881304.316,0.951,0.680155,gps_course,36,1.751,2.000,37,508083.358,3881302.358,-1.580773,0.260000,0.260000,0.5600,0.925,0.026,TRACKING|w0 d0 L36
82.656736,129.088646500000,35.074462500000,508081.806,3881304.316,0.951,0.680155,gps_course,36,1.751,2.000,37,508083.358,3881302.358,-1.580773,0.260000,0.260000,0.5600,0.925,0.026,TRACKING|w0 d0 L36
82.707040,129.088648500000,35.074463833333,508081.988,3881304.464,0.944,0.682773,gps_course,36,1.873,2.000,37,508083.358,3881302.358,-1.676977,0.260000,0.260000,0.5600,0.925,0.019,TRACKING|w0 d0 L36
82.756740,129.088648500000,35.074463833333,508081.988,3881304.464,0.944,0.682773,gps_course,36,1.873,2.000,37,508083.358,3881302.358,-1.676977,0.260000,0.260000,0.5600,0.925,0.019,TRACKING|w0 d0 L36
82.807209,129.088648500000,35.074463833333,508081.988,3881304.464,0.944,0.682773,gps_course,36,1.873,2.000,37,508083.358,3881302.358,-1.676977,0.260000,0.260000,0.5600,0.964,-0.020,TRACKING|w0 d0 L36
82.856727,129.088648500000,35.074463833333,508081.988,3881304.464,0.944,0.682773,gps_course,36,1.873,2.000,37,508083.358,3881302.358,-1.676977,0.260000,0.260000,0.5600,0.964,-0.020,TRACKING|w0 d0 L36
82.906753,129.088648500000,35.074463833333,508081.988,3881304.464,0.944,0.682773,gps_course,36,1.873,2.000,37,508083.358,3881302.358,-1.676977,0.260000,0.260000,0.5600,0.964,-0.020,TRACKING|w0 d0 L36
82.956805,129.088650833333,35.074465166667,508082.201,3881304.612,1.036,0.610865,gps_course,36,2.016,2.000,36,508082.142,3881302.598,-2.210918,0.260000,0.260000,0.5600,0.964,0.072,TRACKING|w0 d0 L36
83.006827,129.088650833333,35.074465166667,508082.201,3881304.612,1.036,0.610865,gps_course,36,2.016,2.000,36,508082.142,3881302.598,-2.210918,0.260000,0.260000,0.5600,1.019,0.017,TRACKING|w0 d0 L36
83.056938,129.088650833333,35.074465166667,508082.201,3881304.612,1.036,0.610865,gps_course,36,2.016,2.000,36,508082.142,3881302.598,-2.210918,0.260000,0.260000,0.5600,1.019,0.017,TRACKING|w0 d0 L36
83.106743,129.088650833333,35.074465166667,508082.201,3881304.612,1.036,0.610865,gps_course,36,2.016,2.000,36,508082.142,3881302.598,-2.210918,0.260000,0.260000,0.5600,1.019,0.017,TRACKING|w0 d0 L36
83.157933,129.088650833333,35.074465166667,508082.201,3881304.612,1.036,0.610865,gps_course,36,2.016,2.000,36,508082.142,3881302.598,-2.210918,0.260000,0.260000,0.5600,1.019,0.017,TRACKING|w0 d0 L36
83.206757,129.088653333333,35.074466500000,508082.429,3881304.760,1.035,0.548732,gps_course,36,2.182,2.000,36,508082.142,3881302.598,-2.251345,0.260000,0.260000,0.5600,1.019,0.015,TRACKING|w0 d0 L36
83.256759,129.088653333333,35.074466500000,508082.429,3881304.760,1.035,0.548732,gps_course,36,2.182,2.000,36,508082.142,3881302.598,-2.251345,0.260000,0.260000,0.5600,1.019,0.015,TRACKING|w0 d0 L36
83.306813,129.088653333333,35.074466500000,508082.429,3881304.760,1.035,0.548732,gps_course,36,2.182,2.000,36,508082.142,3881302.598,-2.251345,0.260000,0.260000,0.5600,1.019,0.015,TRACKING|w0 d0 L36
83.356751,129.088653333333,35.074466500000,508082.429,3881304.760,1.035,0.548732,gps_course,36,2.182,2.000,36,508082.142,3881302.598,-2.251345,0.260000,0.260000,0.5600,1.019,0.015,TRACKING|w0 d0 L36
83.406870,129.088653333333,35.074466500000,508082.429,3881304.760,1.035,0.548732,gps_course,36,2.182,2.000,36,508082.142,3881302.598,-2.251345,0.260000,0.260000,0.5600,1.039,-0.004,TRACKING|w0 d0 L36
83.456770,129.088653333333,35.074466500000,508082.429,3881304.760,1.086,0.589747,gps_course,36,2.182,2.000,36,508082.142,3881302.598,-2.292360,0.260000,0.260000,0.5600,1.039,0.047,TRACKING|w0 d0 L36
83.507022,129.088655666667,35.074467833333,508082.641,3881304.908,1.086,0.589747,gps_course,36,2.364,2.000,36,508082.142,3881302.598,-2.373363,0.260000,0.260000,0.5600,1.039,0.047,TRACKING|w0 d0 L36
83.556767,129.088655666667,35.074467833333,508082.641,3881304.908,1.086,0.589747,gps_course,36,2.364,2.000,36,508082.142,3881302.598,-2.373363,0.260000,0.260000,0.5600,1.039,0.047,TRACKING|w0 d0 L36
83.606724,129.088655666667,35.074467833333,508082.641,3881304.908,1.086,0.589747,gps_course,36,2.364,2.000,36,508082.142,3881302.598,-2.373363,0.260000,0.260000,0.5600,1.094,-0.008,TRACKING|w0 d0 L36
83.656713,129.088655666667,35.074467833333,508082.641,3881304.908,1.086,0.589747,gps_course,36,2.364,2.000,36,508082.142,3881302.598,-2.373363,0.260000,0.260000,0.5600,1.094,-0.008,TRACKING|w0 d0 L36
83.706686,129.088658333333,35.074469166667,508082.884,3881305.056,1.128,0.580846,gps_course,36,2.568,2.500,36,508082.142,3881302.598,-2.444840,0.260000,0.260000,0.5600,1.094,0.034,TRACKING|w0 d0 L36
83.756811,129.088658333333,35.074469166667,508082.884,3881305.056,1.128,0.580846,gps_course,36,2.568,2.500,36,508082.142,3881302.598,-2.444840,0.260000,0.260000,0.5600,1.094,0.034,TRACKING|w0 d0 L36
83.807732,129.088658333333,35.074469166667,508082.884,3881305.056,1.128,0.580846,gps_course,36,2.568,2.500,36,508082.142,3881302.598,-2.444840,0.260000,0.260000,0.5600,1.114,0.014,TRACKING|w0 d0 L36
83.856936,129.088658333333,35.074469166667,508082.884,3881305.056,1.128,0.580846,gps_course,36,2.568,2.500,36,508082.142,3881302.598,-2.444840,0.260000,0.260000,0.5600,1.114,0.014,TRACKING|w0 d0 L36
83.906762,129.088658333333,35.074469166667,508082.884,3881305.056,1.128,0.580846,gps_course,36,2.568,2.500,36,508082.142,3881302.598,-2.444840,0.260000,0.260000,0.5600,1.114,0.014,TRACKING|w0 d0 L36
83.956931,129.088661000000,35.074470500000,508083.127,3881305.204,1.152,0.552746,gps_course,36,2.787,2.500,36,508082.142,3881302.598,-2.484903,0.260000,0.260000,0.5600,1.114,0.038,TRACKING|w0 d0 L36
84.006742,129.088661000000,35.074470500000,508083.127,3881305.204,1.152,0.552746,gps_course,36,2.787,2.500,36,508082.142,3881302.598,-2.484903,0.260000,0.260000,0.5600,1.169,-0.017,TRACKING|w0 d0 L36
84.056752,129.088661000000,35.074470500000,508083.127,3881305.204,1.152,0.552746,gps_course,36,2.787,2.500,36,508082.142,3881302.598,-2.484903,0.260000,0.260000,0.5600,1.169,-0.017,TRACKING|w0 d0 L36
84.106749,129.088661000000,35.074470500000,508083.127,3881305.204,1.152,0.552746,gps_course,36,2.787,2.500,36,508082.142,3881302.598,-2.484903,0.260000,0.260000,0.5600,1.169,-0.017,TRACKING|w0 d0 L36
84.156786,129.088661000000,35.074470500000,508083.127,3881305.204,1.152,0.552746,gps_course,36,2.787,2.500,36,508082.142,3881302.598,-2.484903,0.260000,0.260000,0.5600,1.169,-0.017,TRACKING|w0 d0 L36
84.206684,129.088663833333,35.074471666667,508083.385,3881305.334,1.161,0.459545,gps_course,37,2.976,2.500,37,508083.358,3881302.358,-2.039655,0.260000,0.260000,0.5600,1.169,-0.009,TRACKING|w0 d0 L37
84.256861,129.088663833333,35.074471666667,508083.385,3881305.334,1.161,0.459545,gps_course,37,2.976,2.500,37,508083.358,3881302.358,-2.039655,0.260000,0.260000,0.5600,1.169,-0.009,TRACKING|w0 d0 L37
84.306926,129.088663833333,35.074471666667,508083.385,3881305.334,1.161,0.459545,gps_course,37,2.976,2.500,37,508083.358,3881302.358,-2.039655,0.260000,0.260000,0.5600,1.169,-0.009,TRACKING|w0 d0 L37
84.356794,129.088663833333,35.074471666667,508083.385,3881305.334,1.161,0.459545,gps_course,37,2.976,2.500,37,508083.358,3881302.358,-2.039655,0.260000,0.260000,0.5600,1.169,-0.009,TRACKING|w0 d0 L37
84.406783,129.088663833333,35.074471666667,508083.385,3881305.334,1.161,0.459545,gps_course,37,2.976,2.500,37,508083.358,3881302.358,-2.039655,0.260000,0.260000,0.5600,1.169,-0.009,TRACKING|w0 d0 L37
84.456624,129.088666833333,35.074472833333,508083.659,3881305.464,1.172,0.429002,gps_course,37,3.120,2.500,37,508083.358,3881302.358,-2.096459,0.260000,0.260000,0.5600,1.169,0.003,TRACKING|w0 d0 L37
84.506722,129.088666833333,35.074472833333,508083.659,3881305.464,1.172,0.429002,gps_course,37,3.120,2.500,37,508083.358,3881302.358,-2.096459,0.260000,0.260000,0.5600,1.169,0.003,TRACKING|w0 d0 L37
84.556811,129.088666833333,35.074472833333,508083.659,3881305.464,1.172,0.429002,gps_course,37,3.120,2.500,37,508083.358,3881302.358,-2.096459,0.260000,0.260000,0.5600,1.169,0.003,TRACKING|w0 d0 L37
84.607589,129.088666833333,35.074472833333,508083.659,3881305.464,1.172,0.429002,gps_course,37,3.120,2.500,37,508083.358,3881302.358,-2.096459,0.260000,0.260000,0.5600,1.208,-0.036,TRACKING|w0 d0 L37
84.657665,129.088666833333,35.074472833333,508083.659,3881305.464,1.172,0.429002,gps_course,37,3.120,2.500,37,508083.358,3881302.358,-2.096459,0.260000,0.260000,0.5600,1.208,-0.036,TRACKING|w0 d0 L37
84.706724,129.088670166667,35.074474000000,508083.963,3881305.593,1.275,0.417657,gps_course,37,3.291,2.500,37,508083.358,3881302.358,-2.173299,0.260000,0.260000,0.5600,1.208,0.067,TRACKING|w0 d0 L37
84.756937,129.088670166667,35.074474000000,508083.963,3881305.593,1.275,0.417657,gps_course,37,3.291,2.500,37,508083.358,3881302.358,-2.173299,0.260000,0.260000,0.5600,1.208,0.067,TRACKING|w0 d0 L37
84.806744,129.088670166667,35.074474000000,508083.963,3881305.593,1.275,0.417657,gps_course,37,3.291,2.500,37,508083.358,3881302.358,-2.173299,0.260000,0.260000,0.5600,1.244,0.031,TRACKING|w0 d0 L37
84.856773,129.088670166667,35.074474000000,508083.963,3881305.593,1.275,0.417657,gps_course,37,3.291,2.500,37,508083.358,3881302.358,-2.173299,0.260000,0.260000,0.5600,1.244,0.031,TRACKING|w0 d0 L37
84.906736,129.088670166667,35.074474000000,508083.963,3881305.593,1.275,0.417657,gps_course,37,3.291,2.500,37,508083.358,3881302.358,-2.173299,0.260000,0.260000,0.5600,1.244,0.031,TRACKING|w0 d0 L37
84.956952,129.088673333333,35.074475000000,508084.251,3881305.704,1.302,0.376293,gps_course,37,3.463,2.500,37,508083.358,3881302.358,-2.208019,0.260000,0.260000,0.5600,1.244,0.058,TRACKING|w0 d0 L37
85.006861,129.088673333333,35.074475000000,508084.251,3881305.704,1.302,0.376293,gps_course,37,3.463,2.500,37,508083.358,3881302.358,-2.208019,0.260000,0.260000,0.5600,1.264,0.039,TRACKING|w0 d0 L37
85.057019,129.088673333333,35.074475000000,508084.251,3881305.704,1.302,0.376293,gps_course,37,3.463,2.500,37,508083.358,3881302.358,-2.208019,0.260000,0.260000,0.5600,1.264,0.039,TRACKING|w0 d0 L37
85.107327,129.088673333333,35.074475000000,508084.251,3881305.704,1.302,0.376293,gps_course,37,3.463,2.500,37,508083.358,3881302.358,-2.208019,0.260000,0.260000,0.5600,1.264,0.039,TRACKING|w0 d0 L37
85.156719,129.088673333333,35.074475000000,508084.251,3881305.704,1.302,0.376293,gps_course,37,3.463,2.500,37,508083.358,3881302.358,-2.208019,0.260000,0.260000,0.5600,1.264,0.039,TRACKING|w0 d0 L37
85.206688,129.088676666667,35.074476333333,508084.555,3881305.853,1.319,0.415737,gps_course,37,3.694,2.500,37,508083.358,3881302.358,-2.316626,0.260000,0.260000,0.5600,1.322,-0.003,TRACKING|w0 d0 L37
85.256711,129.088676666667,35.074476333333,508084.555,3881305.853,1.319,0.415737,gps_course,37,3.694,2.500,37,508083.358,3881302.358,-2.316626,0.260000,0.260000,0.5600,1.322,-0.003,TRACKING|w0 d0 L37
85.306834,129.088676666667,35.074476333333,508084.555,3881305.853,1.319,0.415737,gps_course,37,3.694,2.500,37,508083.358,3881302.358,-2.316626,0.260000,0.260000,0.5600,1.322,-0.003,TRACKING|w0 d0 L37
85.356746,129.088676666667,35.074476333333,508084.555,3881305.853,1.319,0.415737,gps_course,37,3.694,2.500,37,508083.358,3881302.358,-2.316626,0.260000,0.260000,0.5600,1.322,-0.003,TRACKING|w0 d0 L37
85.406796,129.088676666667,35.074476333333,508084.555,3881305.853,1.319,0.415737,gps_course,37,3.694,2.500,37,508083.358,3881302.358,-2.316626,0.260000,0.260000,0.5600,1.322,-0.003,TRACKING|w0 d0 L37
85.457152,129.088676666667,35.074476333333,508084.555,3881305.853,1.319,0.415737,gps_course,37,3.694,2.500,37,508083.358,3881302.358,-2.316626,0.260000,0.260000,0.5600,1.322,-0.003,TRACKING|w0 d0 L37
85.507003,129.088680000000,35.074477500000,508084.859,3881305.982,1.346,0.424813,gps_course,37,3.923,2.500,37,508083.358,3881302.358,-2.388293,0.247673,0.255069,0.5600,1.322,0.024,TRACKING|w0 d0 L37
85.556839,129.088680000000,35.074477500000,508084.859,3881305.982,1.346,0.424813,gps_course,37,3.923,2.500,37,508083.358,3881302.358,-2.388293,0.247673,0.252111,0.5600,1.322,0.024,TRACKING|w0 d0 L37
85.606675,129.088680000000,35.074477500000,508084.859,3881305.982,1.346,0.424813,gps_course,37,3.923,2.500,37,508083.358,3881302.358,-2.388293,0.247673,0.250335,0.5600,1.322,0.024,TRACKING|w0 d0 L37
85.656788,129.088680000000,35.074477500000,508084.859,3881305.982,1.346,0.424813,gps_course,37,3.923,2.500,37,508083.358,3881302.358,-2.388293,0.247673,0.249270,0.5600,1.322,0.024,TRACKING|w0 d0 L37
85.706744,129.088683500000,35.074478666667,508085.178,3881306.112,1.372,0.363552,gps_course,37,4.172,2.500,37,508083.358,3881302.358,-2.385815,0.234027,0.243173,0.5600,1.322,0.050,TRACKING|w0 d0 L37
85.756778,129.088683500000,35.074478666667,508085.178,3881306.112,1.372,0.363552,gps_course,37,4.172,2.500,37,508083.358,3881302.358,-2.385815,0.234027,0.239514,0.5600,1.322,0.050,TRACKING|w0 d0 L37
85.806896,129.088683500000,35.074478666667,508085.178,3881306.112,1.372,0.363552,gps_course,37,4.172,2.500,37,508083.358,3881302.358,-2.385815,0.234027,0.237319,0.5600,1.358,0.014,TRACKING|w0 d0 L37
85.856771,129.088683500000,35.074478666667,508085.178,3881306.112,1.372,0.363552,gps_course,37,4.172,2.500,37,508083.358,3881302.358,-2.385815,0.234027,0.236002,0.5600,1.358,0.014,TRACKING|w0 d0 L37
85.907841,129.088683500000,35.074478666667,508085.178,3881306.112,1.372,0.363552,gps_course,37,4.172,2.500,37,508083.358,3881302.358,-2.385815,0.234027,0.235212,0.5600,1.358,0.014,TRACKING|w0 d0 L37
85.956780,129.088687000000,35.074480000000,508085.497,3881306.260,1.417,0.423766,gps_course,37,4.450,2.500,37,508083.358,3881302.358,-2.496025,0.193605,0.218569,0.5600,1.358,0.058,TRACKING|w0 d0 L37
86.006857,129.088687000000,35.074480000000,508085.497,3881306.260,1.417,0.423766,gps_course,37,4.450,2.500,37,508083.358,3881302.358,-2.496025,0.193605,0.208583,0.5600,1.378,0.039,TRACKING|w0 d0 L37
86.056729,129.088687000000,35.074480000000,508085.497,3881306.260,1.417,0.423766,gps_course,37,4.450,2.500,37,508083.358,3881302.358,-2.496025,0.193605,0.202592,0.5600,1.378,0.039,TRACKING|w0 d0 L37
86.107059,129.088687000000,35.074480000000,508085.497,3881306.260,1.417,0.423766,gps_course,37,4.450,2.500,37,508083.358,3881302.358,-2.496025,0.193605,0.198997,0.5600,1.378,0.039,TRACKING|w0 d0 L37
86.156723,129.088687000000,35.074480000000,508085.497,3881306.260,1.417,0.423766,gps_course,37,4.450,2.500,37,508083.358,3881302.358,-2.496025,0.193605,0.196840,0.5600,1.378,0.039,TRACKING|w0 d0 L37
86.206795,129.088690666667,35.074481333333,508085.831,3881306.408,1.465,0.425337,gps_course,37,4.745,2.500,37,508083.358,3881302.358,-2.544351,0.170175,0.186174,0.5600,1.378,0.087,TRACKING|w0 d0 L37
86.256837,129.088690666667,35.074481333333,508085.831,3881306.408,1.465,0.425337,gps_course,37,4.745,2.500,37,508083.358,3881302.358,-2.544351,0.170175,0.179774,0.5600,1.378,0.087,TRACKING|w0 d0 L37
86.306841,129.088690666667,35.074481333333,508085.831,3881306.408,1.465,0.425337,gps_course,37,4.745,2.500,37,508083.358,3881302.358,-2.544351,0.170175,0.175934,0.5600,1.378,0.087,TRACKING|w0 d0 L37
86.357072,129.088690666667,35.074481333333,508085.831,3881306.408,1.465,0.425337,gps_course,37,4.745,2.500,37,508083.358,3881302.358,-2.544351,0.170175,0.173631,0.5600,1.378,0.087,TRACKING|w0 d0 L37
86.406712,129.088690666667,35.074481333333,508085.831,3881306.408,1.465,0.425337,gps_course,37,4.745,2.500,37,508083.358,3881302.358,-2.544351,0.170175,0.172248,0.5600,1.417,0.048,TRACKING|w0 d0 L37
86.456769,129.088690666667,35.074481333333,508085.831,3881306.408,1.465,0.425337,gps_course,37,4.745,2.500,37,508083.358,3881302.358,-2.544351,0.170175,0.171419,0.5600,1.417,0.048,TRACKING|w0 d0 L37
86.506792,129.088694666667,35.074482500000,508086.195,3881306.538,1.517,0.346273,gps_course,37,5.052,2.500,37,508083.358,3881302.358,-2.513513,0.167078,0.169682,0.5600,1.417,0.100,TRACKING|w0 d0 L37
86.556889,129.088694666667,35.074482500000,508086.195,3881306.538,1.517,0.346273,gps_course,37,5.052,2.500,37,508083.358,3881302.358,-2.513513,0.167078,0.168641,0.5600,1.417,0.100,TRACKING|w0 d0 L37
86.606628,129.088694666667,35.074482500000,508086.195,3881306.538,1.517,0.346273,gps_course,37,5.052,2.500,37,508083.358,3881302.358,-2.513513,0.167078,0.168015,0.5600,1.492,0.025,TRACKING|w0 d0 L37
86.657066,129.088694666667,35.074482500000,508086.195,3881306.538,1.517,0.346273,gps_course,37,5.052,2.500,37,508083.358,3881302.358,-2.513513,0.167078,0.167640,0.5600,1.492,0.025,TRACKING|w0 d0 L37
86.706805,129.088698500000,35.074483666667,508086.545,3881306.668,1.499,0.359363,gps_course,37,5.360,2.500,37,508083.358,3881302.358,-2.566950,0.145997,0.158983,0.5600,1.492,0.008,TRACKING|w0 d0 L37
86.756707,129.088698500000,35.074483666667,508086.545,3881306.668,1.499,0.359363,gps_course,37,5.360,2.500,37,508083.358,3881302.358,-2.566950,0.145997,0.153788,0.5600,1.492,0.008,TRACKING|w0 d0 L37
86.806901,129.088698500000,35.074483666667,508086.545,3881306.668,1.499,0.359363,gps_course,37,5.360,2.500,37,508083.358,3881302.358,-2.566950,0.145997,0.150672,0.5600,1.472,0.027,TRACKING|w0 d0 L37
86.856760,129.088698500000,35.074483666667,508086.545,3881306.668,1.499,0.359363,gps_course,37,5.360,2.500,37,508083.358,3881302.358,-2.566950,0.145997,0.148802,0.5600,1.472,0.027,TRACKING|w0 d0 L37
86.906865,129.088698500000,35.074483666667,508086.545,3881306.668,1.499,0.359363,gps_course,37,5.360,2.500,37,508083.358,3881302.358,-2.566950,0.145997,0.147680,0.5600,1.472,0.027,TRACKING|w0 d0 L37
86.956691,129.088702333333,35.074485000000,508086.894,3881306.816,1.516,0.418704,gps_course,38,5.658,2.500,38,508084.452,3881301.712,-2.435771,0.164743,0.154505,0.5600,1.472,0.044,TRACKING|w0 d0 L38
87.006752,129.088702333333,35.074485000000,508086.894,3881306.816,1.516,0.418704,gps_course,38,5.658,2.500,38,508084.452,3881301.712,-2.435771,0.164743,0.158600,0.5600,1.528,-0.012,TRACKING|w0 d0 L38
87.056953,129.088702333333,35.074485000000,508086.894,3881306.816,1.516,0.418704,gps_course,38,5.658,2.500,38,508084.452,3881301.712,-2.435771,0.164743,0.161057,0.5600,1.528,-0.012,TRACKING|w0 d0 L38
87.106758,129.088702333333,35.074485000000,508086.894,3881306.816,1.516,0.418704,gps_course,38,5.658,2.500,38,508084.452,3881301.712,-2.435771,0.164743,0.162531,0.5600,1.528,-0.012,TRACKING|w0 d0 L38
87.156836,129.088702333333,35.074485000000,508086.894,3881306.816,1.516,0.418704,gps_course,38,5.658,2.500,38,508084.452,3881301.712,-2.435771,0.164743,0.163416,0.5600,1.528,-0.012,TRACKING|w0 d0 L38
87.206735,129.088706333333,35.074486166667,508087.259,3881306.946,1.574,0.319570,gps_course,38,5.938,2.500,38,508084.452,3881301.712,-2.382606,0.166489,0.164645,0.5600,1.511,0.063,TRACKING|w0 d0 L38
87.256753,129.088706333333,35.074486166667,508087.259,3881306.946,1.574,0.319570,gps_course,38,5.938,2.500,38,508084.452,3881301.712,-2.382606,0.166489,0.165383,0.5600,1.511,0.063,TRACKING|w0 d0 L38
87.306787,129.088706333333,35.074486166667,508087.259,3881306.946,1.574,0.319570,gps_course,38,5.938,2.500,38,508084.452,3881301.712,-2.382606,0.166489,0.165825,0.5600,1.511,0.063,TRACKING|w0 d0 L38
87.356731,129.088706333333,35.074486166667,508087.259,3881306.946,1.574,0.319570,gps_course,38,5.938,2.500,38,508084.452,3881301.712,-2.382606,0.166489,0.166091,0.5600,1.511,0.063,TRACKING|w0 d0 L38
87.406952,129.088706333333,35.074486166667,508087.259,3881306.946,1.574,0.319570,gps_course,38,5.938,2.500,38,508084.452,3881301.712,-2.382606,0.166489,0.166250,0.5600,1.511,0.063,TRACKING|w0 d0 L38
87.456823,129.088706333333,35.074486166667,508087.259,3881306.946,1.574,0.319570,gps_course,38,5.938,2.500,38,508084.452,3881301.712,-2.382606,0.166489,0.166346,0.5600,1.511,0.063,TRACKING|w0 d0 L38
87.507847,129.088710666667,35.074487166667,508087.654,3881307.057,1.610,0.289725,gps_course,38,6.230,2.500,38,508084.452,3881301.712,-2.400212,0.155903,0.162169,0.5600,1.511,0.099,TRACKING|w0 d0 L38
87.556746,129.088710666667,35.074487166667,508087.654,3881307.057,1.610,0.289725,gps_course,38,6.230,2.500,38,508084.452,3881301.712,-2.400212,0.155903,0.159662,0.5600,1.511,0.099,TRACKING|w0 d0 L38
87.606788,129.088710666667,35.074487166667,508087.654,3881307.057,1.610,0.289725,gps_course,38,6.230,2.500,38,508084.452,3881301.712,-2.400212,0.155903,0.158158,0.5600,1.547,0.063,TRACKING|w0 d0 L38
87.656768,129.088710666667,35.074487166667,508087.654,3881307.057,1.610,0.289725,gps_course,38,6.230,2.500,38,508084.452,3881301.712,-2.400212,0.155903,0.157256,0.5600,1.547,0.063,TRACKING|w0 d0 L38
87.706787,129.088710666667,35.074487166667,508087.654,3881307.057,1.610,0.289725,gps_course,38,6.230,2.500,38,508084.452,3881301.712,-2.400212,0.155903,0.156715,0.5600,1.547,0.063,TRACKING|w0 d0 L38
87.756859,129.088715000000,35.074488166667,508088.049,3881307.168,1.640,0.263894,gps_course,38,6.534,2.500,38,508084.452,3881301.712,-2.417499,0.145957,0.152412,0.5600,1.547,0.093,TRACKING|w0 d0 L38
87.806785,129.088715000000,35.074488166667,508088.049,3881307.168,1.640,0.263894,gps_course,38,6.534,2.500,38,508084.452,3881301.712,-2.417499,0.145957,0.149830,0.5600,1.586,0.054,TRACKING|w0 d0 L38
87.857042,129.088715000000,35.074488166667,508088.049,3881307.168,1.640,0.263894,gps_course,38,6.534,2.500,38,508084.452,3881301.712,-2.417499,0.145957,0.148281,0.5600,1.586,0.054,TRACKING|w0 d0 L38
87.906878,129.088715000000,35.074488166667,508088.049,3881307.168,1.640,0.263894,gps_course,38,6.534,2.500,38,508084.452,3881301.712,-2.417499,0.145957,0.147352,0.5600,1.586,0.054,TRACKING|w0 d0 L38
87.956904,129.088719500000,35.074488833333,508088.459,3881307.242,1.648,0.212058,gps_course,38,6.829,2.500,38,508084.452,3881301.712,-2.409842,0.140937,0.144786,0.5600,1.586,0.062,TRACKING|w0 d0 L38
88.006759,129.088719500000,35.074488833333,508088.459,3881307.242,1.648,0.212058,gps_course,38,6.829,2.500,38,508084.452,3881301.712,-2.409842,0.140937,0.143247,0.5600,1.622,0.026,TRACKING|w0 d0 L38
88.056819,129.088719500000,35.074488833333,508088.459,3881307.242,1.648,0.212058,gps_course,38,6.829,2.500,38,508084.452,3881301.712,-2.409842,0.140937,0.142323,0.5600,1.622,0.026,TRACKING|w0 d0 L38
88.106743,129.088719500000,35.074488833333,508088.459,3881307.242,1.648,0.212058,gps_course,38,6.829,2.500,38,508084.452,3881301.712,-2.409842,0.140937,0.141769,0.5600,1.622,0.026,TRACKING|w0 d0 L38
88.156813,129.088719500000,35.074488833333,508088.459,3881307.242,1.648,0.212058,gps_course,38,6.829,2.500,38,508084.452,3881301.712,-2.409842,0.140937,0.141436,0.5600,1.622,0.026,TRACKING|w0 d0 L38
88.206974,129.088723833333,35.074489666667,508088.854,3881307.335,1.618,0.186750,gps_course,38,7.141,2.500,38,508084.452,3881301.712,-2.421715,0.133088,0.138097,0.5600,1.586,0.031,TRACKING|w0 d0 L38
88.256807,129.088723833333,35.074489666667,508088.854,3881307.335,1.618,0.186750,gps_course,38,7.141,2.500,38,508084.452,3881301.712,-2.421715,0.133088,0.136093,0.5600,1.586,0.031,TRACKING|w0 d0 L38
88.308879,129.088723833333,35.074489666667,508088.854,3881307.335,1.618,0.186750,gps_course,38,7.141,2.500,38,508084.452,3881301.712,-2.421715,0.133088,0.134891,0.5600,1.586,0.031,TRACKING|w0 d0 L38
88.356712,129.088723833333,35.074489666667,508088.854,3881307.335,1.618,0.186750,gps_course,38,7.141,2.500,38,508084.452,3881301.712,-2.421715,0.133088,0.134170,0.5600,1.586,0.031,TRACKING|w0 d0 L38
88.406797,129.088723833333,35.074489666667,508088.854,3881307.335,1.618,0.186750,gps_course,38,7.141,2.500,38,508084.452,3881301.712,-2.421715,0.133088,0.133737,0.5600,1.567,0.051,TRACKING|w0 d0 L38
88.456682,129.088728166667,35.074490333333,508089.249,3881307.409,1.625,0.183085,gps_course,38,7.447,2.500,38,508084.452,3881301.712,-2.453674,0.122999,0.129442,0.5600,1.567,0.059,TRACKING|w0 d0 L38
88.506784,129.088728166667,35.074490333333,508089.249,3881307.409,1.625,0.183085,gps_course,38,7.447,2.500,38,508084.452,3881301.712,-2.453674,0.122999,0.126864,0.5600,1.567,0.059,TRACKING|w0 d0 L38
88.556867,129.088728166667,35.074490333333,508089.249,3881307.409,1.625,0.183085,gps_course,38,7.447,2.500,38,508084.452,3881301.712,-2.453674,0.122999,0.125318,0.5600,1.567,0.059,TRACKING|w0 d0 L38
88.607279,129.088728166667,35.074490333333,508089.249,3881307.409,1.625,0.183085,gps_course,38,7.447,2.500,38,508084.452,3881301.712,-2.453674,0.122999,0.124390,0.5600,1.567,0.059,TRACKING|w0 d0 L38
88.657458,129.088728166667,35.074490333333,508089.249,3881307.409,1.625,0.183085,gps_course,38,7.447,2.500,38,508084.452,3881301.712,-2.453674,0.122999,0.123834,0.5600,1.567,0.059,TRACKING|w0 d0 L38
88.706768,129.088732500000,35.074491166667,508089.644,3881307.502,1.653,0.224100,gps_course,38,7.776,2.500,38,508084.452,3881301.712,-2.525866,0.107278,0.117211,0.5600,1.567,0.087,TRACKING|w0 d0 L38
88.757801,129.088732500000,35.074491166667,508089.644,3881307.502,1.653,0.224100,gps_course,38,7.776,2.500,38,508084.452,3881301.712,-2.525866,0.107278,0.113238,0.5600,1.567,0.087,TRACKING|w0 d0 L38
88.807227,129.088732500000,35.074491166667,508089.644,3881307.502,1.653,0.224100,gps_course,38,7.776,2.500,38,508084.452,3881301.712,-2.525866,0.107278,0.110854,0.5600,1.567,0.087,TRACKING|w0 d0 L38
88.856749,129.088732500000,35.074491166667,508089.644,3881307.502,1.653,0.224100,gps_course,38,7.776,2.500,38,508084.452,3881301.712,-2.525866,0.107278,0.109423,0.5600,1.567,0.087,TRACKING|w0 d0 L38
88.906826,129.088732500000,35.074491166667,508089.644,3881307.502,1.653,0.224100,gps_course,38,7.776,2.500,38,508084.452,3881301.712,-2.525866,0.107278,0.108565,0.5600,1.567,0.087,TRACKING|w0 d0 L38
88.956746,129.088737166667,35.074492000000,508090.069,3881307.595,1.685,0.244521,gps_course,38,8.133,7.000,38,508084.452,3881301.712,-2.577613,0.095011,0.103144,0.5600,1.567,0.118,TRACKING|w0 d0 L38
89.006890,129.088737166667,35.074492000000,508090.069,3881307.595,1.685,0.244521,gps_course,38,8.133,7.000,38,508084.452,3881301.712,-2.577613,0.095011,0.099891,0.5600,1.586,0.099,TRACKING|w0 d0 L38
89.056809,129.088737166667,35.074492000000,508090.069,3881307.595,1.685,0.244521,gps_course,38,8.133,7.000,38,508084.452,3881301.712,-2.577613,0.095011,0.097939,0.5600,1.586,0.099,TRACKING|w0 d0 L38
89.107325,129.088737166667,35.074492000000,508090.069,3881307.595,1.685,0.244521,gps_course,38,8.133,7.000,38,508084.452,3881301.712,-2.577613,0.095011,0.096768,0.5600,1.586,0.099,TRACKING|w0 d0 L38
89.156721,129.088737166667,35.074492000000,508090.069,3881307.595,1.685,0.244521,gps_course,38,8.133,7.000,38,508084.452,3881301.712,-2.577613,0.095011,0.096065,0.5600,1.586,0.099,TRACKING|w0 d0 L38
89.206835,129.088741666667,35.074493000000,508090.479,3881307.706,1.762,0.297928,gps_course,38,8.500,7.000,38,508084.452,3881301.712,-2.656884,0.079319,0.089367,0.5600,1.661,0.101,TRACKING|w0 d0 L38
89.256732,129.088741666667,35.074493000000,508090.479,3881307.706,1.762,0.297928,gps_course,38,8.500,7.000,38,508084.452,3881301.712,-2.656884,0.079319,0.085348,0.5600,1.661,0.101,TRACKING|w0 d0 L38
89.306910,129.088741666667,35.074493000000,508090.479,3881307.706,1.762,0.297928,gps_course,38,8.500,7.000,38,508084.452,3881301.712,-2.656884,0.079319,0.082936,0.5600,1.661,0.101,TRACKING|w0 d0 L38
89.356708,129.088741666667,35.074493000000,508090.479,3881307.706,1.762,0.297928,gps_course,38,8.500,7.000,38,508084.452,3881301.712,-2.656884,0.079319,0.081489,0.5600,1.661,0.101,TRACKING|w0 d0 L38
89.407881,129.088741666667,35.074493000000,508090.479,3881307.706,1.762,0.297928,gps_course,38,8.500,7.000,38,508084.452,3881301.712,-2.656884,0.079319,0.080621,0.5600,1.661,0.101,TRACKING|w0 d0 L38
89.458413,129.088741666667,35.074493000000,508090.479,3881307.706,1.848,0.268432,gps_course,38,8.500,7.000,38,508084.452,3881301.712,-2.627388,0.083706,0.081855,0.5600,1.661,0.187,TRACKING|w0 d0 L38
89.506788,129.088746500000,35.074494166667,508090.920,3881307.836,1.848,0.268432,gps_course,38,8.907,7.000,38,508084.452,3881301.712,-2.651937,0.076420,0.079681,0.5600,1.661,0.187,TRACKING|w0 d0 L38
89.558198,129.088746500000,35.074494166667,508090.920,3881307.836,1.848,0.268432,gps_course,38,8.907,7.000,38,508084.452,3881301.712,-2.651937,0.076420,0.078377,0.5600,1.661,0.187,TRACKING|w0 d0 L38
89.606631,129.088746500000,35.074494166667,508090.920,3881307.836,1.848,0.268432,gps_course,38,8.907,7.000,38,508084.452,3881301.712,-2.651937,0.076420,0.077594,0.5600,1.717,0.131,TRACKING|w0 d0 L38
89.656821,129.088746500000,35.074494166667,508090.920,3881307.836,1.848,0.268432,gps_course,38,8.907,7.000,38,508084.452,3881301.712,-2.651937,0.076420,0.077124,0.5600,1.717,0.131,TRACKING|w0 d0 L38
89.706813,129.088751333333,35.074495500000,508091.360,3881307.984,1.849,0.317301,gps_course,38,9.330,7.000,38,508084.452,3881301.712,-2.721730,0.063264,0.071580,0.5600,1.717,0.132,TRACKING|w0 d0 L38
89.756772,129.088751333333,35.074495500000,508091.360,3881307.984,1.849,0.317301,gps_course,38,9.330,7.000,38,508084.452,3881301.712,-2.721730,0.063264,0.068254,0.5600,1.717,0.132,TRACKING|w0 d0 L38
89.806753,129.088751333333,35.074495500000,508091.360,3881307.984,1.849,0.317301,gps_course,38,9.330,7.000,38,508084.452,3881301.712,-2.721730,0.063264,0.066258,0.5600,1.775,0.074,TRACKING|w0 d0 L38
89.856748,129.088751333333,35.074495500000,508091.360,3881307.984,1.849,0.317301,gps_course,38,9.330,7.000,38,508084.452,3881301.712,-2.721730,0.063264,0.065060,0.5600,1.775,0.074,TRACKING|w0 d0 L38
89.907646,129.088751333333,35.074495500000,508091.360,3881307.984,1.849,0.317301,gps_course,38,9.330,7.000,38,508084.452,3881301.712,-2.721730,0.063264,0.064342,0.5600,1.775,0.074,TRACKING|w0 d0 L38
89.956715,129.088756333333,35.074497166667,508091.816,3881308.169,1.945,0.386590,gps_course,38,9.794,7.000,38,508084.452,3881301.712,-2.808293,0.048400,0.057965,0.5600,1.775,0.170,TRACKING|w0 d0 L38
90.006926,129.088756333333,35.074497166667,508091.816,3881308.169,1.945,0.386590,gps_course,38,9.794,7.000,38,508084.452,3881301.712,-2.808293,0.048400,0.054139,0.5600,1.831,0.114,TRACKING|w0 d0 L38
90.056721,129.088756333333,35.074497166667,508091.816,3881308.169,1.945,0.386590,gps_course,38,9.794,7.000,38,508084.452,3881301.712,-2.808293,0.048400,0.051843,0.5600,1.831,0.114,TRACKING|w0 d0 L38
90.106708,129.088756333333,35.074497166667,508091.816,3881308.169,1.945,0.386590,gps_course,38,9.794,7.000,38,508084.452,3881301.712,-2.808293,0.048400,0.050466,0.5600,1.831,0.114,TRACKING|w0 d0 L38
90.156722,129.088756333333,35.074497166667,508091.816,3881308.169,1.945,0.386590,gps_course,38,9.794,7.000,38,508084.452,3881301.712,-2.808293,0.048400,0.049639,0.5600,1.831,0.114,TRACKING|w0 d0 L38
90.207258,129.088761333333,35.074498666667,508092.272,3881308.336,1.909,0.355524,gps_course,39,10.248,,,,,,,0.049639,0.0000,1.831,0.079,STOP_ROUTE_ERROR
90.257012,129.088761333333,35.074498666667,508092.272,3881308.336,1.909,0.355524,gps_course,39,10.248,,,,,,,0.000000,0.0000,1.831,0.079,STOP_ROUTE_ERROR
90.306767,129.088761333333,35.074498666667,508092.272,3881308.336,1.909,0.355524,gps_course,39,10.248,,,,,,,0.000000,0.0000,1.831,0.079,STOP_ROUTE_ERROR
90.356784,129.088761333333,35.074498666667,508092.272,3881308.336,1.909,0.355524,gps_course,39,10.248,,,,,,,0.000000,0.0000,1.831,0.079,STOP_ROUTE_ERROR
90.406751,129.088761333333,35.074498666667,508092.272,3881308.336,1.909,0.355524,gps_course,39,10.248,,,,,,,0.000000,0.0000,1.869,0.040,STOP_ROUTE_ERROR
90.456745,129.088761333333,35.074498666667,508092.272,3881308.336,1.909,0.355524,gps_course,39,10.248,,,,,,,0.000000,0.0000,1.869,0.040,STOP_ROUTE_ERROR
90.506753,129.088766166667,35.074500666667,508092.712,3881308.558,1.991,0.459196,gps_course,39,10.714,,,,,,,0.000000,0.0000,1.869,0.121,STOP_ROUTE_ERROR
90.556730,129.088766166667,35.074500666667,508092.712,3881308.558,1.991,0.459196,gps_course,39,10.714,,,,,,,0.000000,0.0000,1.869,0.121,STOP_ROUTE_ERROR
90.606643,129.088766166667,35.074500666667,508092.712,3881308.558,1.991,0.459196,gps_course,39,10.714,,,,,,,0.000000,0.0000,1.925,0.066,STOP_ROUTE_ERROR
90.657086,129.088766166667,35.074500666667,508092.712,3881308.558,1.991,0.459196,gps_course,39,10.714,,,,,,,0.000000,0.0000,1.925,0.066,STOP_ROUTE_ERROR
90.708411,129.088770666667,35.074502833333,508093.122,3881308.799,1.927,0.520632,gps_course,39,11.174,,,,,,,0.000000,0.0000,1.925,0.003,STOP_ROUTE_ERROR
90.756810,129.088770666667,35.074502833333,508093.122,3881308.799,1.927,0.520632,gps_course,39,11.174,,,,,,,0.000000,0.0000,1.925,0.003,STOP_ROUTE_ERROR
90.806787,129.088770666667,35.074502833333,508093.122,3881308.799,1.927,0.520632,gps_course,39,11.174,,,,,,,0.000000,0.0000,1.886,0.041,STOP_ROUTE_ERROR
90.856753,129.088770666667,35.074502833333,508093.122,3881308.799,1.927,0.520632,gps_course,39,11.174,,,,,,,0.000000,0.0000,1.886,0.041,STOP_ROUTE_ERROR
90.906750,129.088770666667,35.074502833333,508093.122,3881308.799,1.927,0.520632,gps_course,39,11.174,,,,,,,0.000000,0.0000,1.886,0.041,STOP_ROUTE_ERROR
90.956705,129.088775166667,35.074504833333,508093.532,3881309.021,1.865,0.509113,gps_course,39,11.622,,,,,,,0.000000,0.0000,1.886,-0.021,STOP_ROUTE_ERROR
91.006814,129.088775166667,35.074504833333,508093.532,3881309.021,1.865,0.509113,gps_course,39,11.622,,,,,,,0.000000,0.0000,1.886,-0.021,STOP_ROUTE_ERROR
91.058358,129.088775166667,35.074504833333,508093.532,3881309.021,1.865,0.509113,gps_course,39,11.622,,,,,,,0.000000,0.0000,1.886,-0.021,STOP_ROUTE_ERROR
91.106770,129.088775166667,35.074504833333,508093.532,3881309.021,1.865,0.509113,gps_course,39,11.622,,,,,,,0.000000,0.0000,1.886,-0.021,STOP_ROUTE_ERROR
91.156817,129.088775166667,35.074504833333,508093.532,3881309.021,1.865,0.509113,gps_course,39,11.622,,,,,,,0.000000,0.0000,1.886,-0.021,STOP_ROUTE_ERROR
91.206762,129.088779666667,35.074507000000,508093.942,3881309.262,1.879,0.539481,gps_course,39,12.085,,,,,,,0.000000,0.0000,1.794,0.085,STOP_ROUTE_ERROR
91.256692,129.088779666667,35.074507000000,508093.942,3881309.262,1.879,0.539481,gps_course,39,12.085,,,,,,,0.000000,0.0000,1.794,0.085,STOP_ROUTE_ERROR
91.306735,129.088779666667,35.074507000000,508093.942,3881309.262,1.879,0.539481,gps_course,39,12.085,,,,,,,0.000000,0.0000,1.794,0.085,STOP_ROUTE_ERROR
91.356777,129.088779666667,35.074507000000,508093.942,3881309.262,1.879,0.539481,gps_course,39,12.085,,,,,,,0.000000,0.0000,1.794,0.085,STOP_ROUTE_ERROR
91.406740,129.088779666667,35.074507000000,508093.942,3881309.262,1.879,0.539481,gps_course,39,12.085,,,,,,,0.000000,0.0000,1.831,0.049,STOP_ROUTE_ERROR
91.456740,129.088779666667,35.074507000000,508093.942,3881309.262,1.879,0.539481,gps_course,39,12.085,,,,,,,0.000000,0.0000,1.831,0.049,STOP_ROUTE_ERROR
91.506940,129.088783833333,35.074509333333,508094.322,3881309.521,1.866,0.596728,gps_course,39,12.539,,,,,,,0.000000,0.0000,1.831,0.036,STOP_ROUTE_ERROR
91.556806,129.088783833333,35.074509333333,508094.322,3881309.521,1.866,0.596728,gps_course,39,12.539,,,,,,,0.000000,0.0000,1.831,0.036,STOP_ROUTE_ERROR
91.606667,129.088783833333,35.074509333333,508094.322,3881309.521,1.866,0.596728,gps_course,39,12.539,,,,,,,0.000000,0.0000,1.831,0.036,STOP_ROUTE_ERROR
91.656735,129.088783833333,35.074509333333,508094.322,3881309.521,1.866,0.596728,gps_course,39,12.539,,,,,,,0.000000,0.0000,1.831,0.036,STOP_ROUTE_ERROR
91.706710,129.088788000000,35.074512000000,508094.702,3881309.817,1.946,0.635998,gps_course,39,13.018,,,,,,,0.000000,0.0000,1.831,0.116,STOP_ROUTE_ERROR
91.756769,129.088788000000,35.074512000000,508094.702,3881309.817,1.946,0.635998,gps_course,39,13.018,,,,,,,0.000000,0.0000,1.831,0.116,STOP_ROUTE_ERROR
91.806739,129.088788000000,35.074512000000,508094.702,3881309.817,1.946,0.635998,gps_course,39,13.018,,,,,,,0.000000,0.0000,1.869,0.077,STOP_ROUTE_ERROR
91.856755,129.088788000000,35.074512000000,508094.702,3881309.817,1.946,0.635998,gps_course,39,13.018,,,,,,,0.000000,0.0000,1.869,0.077,STOP_ROUTE_ERROR
91.906765,129.088788000000,35.074512000000,508094.702,3881309.817,1.946,0.635998,gps_course,39,13.018,,,,,,,0.000000,0.0000,1.869,0.077,STOP_ROUTE_ERROR
91.957208,129.088792166667,35.074514833333,508095.081,3881310.132,1.954,0.681900,gps_course,39,13.510,,,,,,,0.000000,0.0000,1.869,0.084,STOP_ROUTE_ERROR
92.006787,129.088792166667,35.074514833333,508095.081,3881310.132,1.954,0.681900,gps_course,39,13.510,,,,,,,0.000000,0.0000,1.906,0.048,STOP_ROUTE_ERROR
92.056809,129.088792166667,35.074514833333,508095.081,3881310.132,1.954,0.681900,gps_course,39,13.510,,,,,,,0.000000,0.0000,1.906,0.048,STOP_ROUTE_ERROR
92.106809,129.088792166667,35.074514833333,508095.081,3881310.132,1.954,0.681900,gps_course,39,13.510,,,,,,,0.000000,0.0000,1.906,0.048,STOP_ROUTE_ERROR
92.156821,129.088792166667,35.074514833333,508095.081,3881310.132,1.954,0.681900,gps_course,39,13.510,,,,,,,0.000000,0.0000,1.906,0.048,STOP_ROUTE_ERROR
92.206880,129.088796500000,35.074517666667,508095.476,3881310.446,2.001,0.699179,gps_course,39,14.014,,,,,,,0.000000,0.0000,1.925,0.076,STOP_ROUTE_ERROR
92.256792,129.088796500000,35.074517666667,508095.476,3881310.446,2.001,0.699179,gps_course,39,14.014,,,,,,,0.000000,0.0000,1.925,0.076,STOP_ROUTE_ERROR
92.306802,129.088796500000,35.074517666667,508095.476,3881310.446,2.001,0.699179,gps_course,39,14.014,,,,,,,0.000000,0.0000,1.925,0.076,STOP_ROUTE_ERROR
92.356691,129.088796500000,35.074517666667,508095.476,3881310.446,2.001,0.699179,gps_course,39,14.014,,,,,,,0.000000,0.0000,1.925,0.076,STOP_ROUTE_ERROR
92.406810,129.088796500000,35.074517666667,508095.476,3881310.446,2.001,0.699179,gps_course,39,14.014,,,,,,,0.000000,0.0000,1.964,0.037,STOP_ROUTE_ERROR
92.456723,129.088796500000,35.074517666667,508095.476,3881310.446,2.001,0.699179,gps_course,39,14.014,,,,,,,0.000000,0.0000,1.964,0.037,STOP_ROUTE_ERROR
92.506780,129.088800666667,35.074520500000,508095.856,3881310.761,1.954,0.662178,gps_course,39,14.506,,,,,,,0.000000,0.0000,1.964,-0.010,STOP_ROUTE_ERROR
92.556711,129.088800666667,35.074520500000,508095.856,3881310.761,1.954,0.662178,gps_course,39,14.506,,,,,,,0.000000,0.0000,1.964,-0.010,STOP_ROUTE_ERROR
92.607392,129.088800666667,35.074520500000,508095.856,3881310.761,1.954,0.662178,gps_course,39,14.506,,,,,,,0.000000,0.0000,1.869,0.085,STOP_ROUTE_ERROR
92.656730,129.088800666667,35.074520500000,508095.856,3881310.761,1.954,0.662178,gps_course,39,14.506,,,,,,,0.000000,0.0000,1.869,0.085,STOP_ROUTE_ERROR
92.706803,129.088804666667,35.074523166667,508096.220,3881311.057,1.927,0.685740,gps_course,39,14.975,,,,,,,0.000000,0.0000,1.869,0.057,STOP_ROUTE_ERROR
92.757818,129.088804666667,35.074523166667,508096.220,3881311.057,1.927,0.685740,gps_course,39,14.975,,,,,,,0.000000,0.0000,1.869,0.057,STOP_ROUTE_ERROR
92.807137,129.088804666667,35.074523166667,508096.220,3881311.057,1.927,0.685740,gps_course,39,14.975,,,,,,,0.000000,0.0000,1.869,0.057,STOP_ROUTE_ERROR
92.856804,129.088804666667,35.074523166667,508096.220,3881311.057,1.927,0.685740,gps_course,39,14.975,,,,,,,0.000000,0.0000,1.869,0.057,STOP_ROUTE_ERROR
92.906743,129.088804666667,35.074523166667,508096.220,3881311.057,1.927,0.685740,gps_course,39,14.975,,,,,,,0.000000,0.0000,1.869,0.057,STOP_ROUTE_ERROR
92.957346,129.088808833333,35.074525833333,508096.600,3881311.353,1.917,0.674395,gps_course,39,15.455,,,,,,,0.000000,0.0000,1.869,0.048,STOP_ROUTE_ERROR
93.006764,129.088808833333,35.074525833333,508096.600,3881311.353,1.917,0.674395,gps_course,39,15.455,,,,,,,0.000000,0.0000,1.850,0.067,STOP_ROUTE_ERROR
93.056882,129.088808833333,35.074525833333,508096.600,3881311.353,1.917,0.674395,gps_course,39,15.455,,,,,,,0.000000,0.0000,1.850,0.067,STOP_ROUTE_ERROR
93.107040,129.088808833333,35.074525833333,508096.600,3881311.353,1.917,0.674395,gps_course,39,15.455,,,,,,,0.000000,0.0000,1.850,0.067,STOP_ROUTE_ERROR
93.156713,129.088808833333,35.074525833333,508096.600,3881311.353,1.917,0.674395,gps_course,39,15.455,,,,,,,0.000000,0.0000,1.850,0.067,STOP_ROUTE_ERROR
93.206757,129.088812833333,35.074528666667,508096.964,3881311.667,1.917,0.704764,gps_course,39,15.936,,,,,,,0.000000,0.0000,1.850,0.067,STOP_ROUTE_ERROR
93.256777,129.088812833333,35.074528666667,508096.964,3881311.667,1.917,0.704764,gps_course,39,15.936,,,,,,,0.000000,0.0000,1.850,0.067,STOP_ROUTE_ERROR
93.306741,129.088812833333,35.074528666667,508096.964,3881311.667,1.917,0.704764,gps_course,39,15.936,,,,,,,0.000000,0.0000,1.850,0.067,STOP_ROUTE_ERROR
93.356804,129.088812833333,35.074528666667,508096.964,3881311.667,1.917,0.704764,gps_course,39,15.936,,,,,,,0.000000,0.0000,1.850,0.067,STOP_ROUTE_ERROR
93.406838,129.088812833333,35.074528666667,508096.964,3881311.667,1.917,0.704764,gps_course,39,15.936,,,,,,,0.000000,0.0000,1.811,0.106,STOP_ROUTE_ERROR
93.456959,129.088812833333,35.074528666667,508096.964,3881311.667,1.917,0.704764,gps_course,39,15.936,,,,,,,0.000000,0.0000,1.811,0.106,STOP_ROUTE_ERROR
93.506741,129.088817166667,35.074531333333,508097.359,3881311.963,1.977,0.651182,gps_course,39,16.427,,,,,,,0.000000,0.0000,1.811,0.166,STOP_ROUTE_ERROR
93.556895,129.088817166667,35.074531333333,508097.359,3881311.963,1.977,0.651182,gps_course,39,16.427,,,,,,,0.000000,0.0000,1.811,0.166,STOP_ROUTE_ERROR
93.606689,129.088817166667,35.074531333333,508097.359,3881311.963,1.977,0.651182,gps_course,39,16.427,,,,,,,0.000000,0.0000,1.906,0.072,STOP_ROUTE_ERROR
93.656788,129.088817166667,35.074531333333,508097.359,3881311.963,1.977,0.651182,gps_course,39,16.427,,,,,,,0.000000,0.0000,1.906,0.072,STOP_ROUTE_ERROR
93.706730,129.088821166667,35.074534000000,508097.723,3881312.259,1.922,0.681726,gps_course,39,16.896,,,,,,,0.000000,0.0000,1.906,0.016,STOP_ROUTE_ERROR
93.756689,129.088821166667,35.074534000000,508097.723,3881312.259,1.922,0.681726,gps_course,39,16.896,,,,,,,0.000000,0.0000,1.906,0.016,STOP_ROUTE_ERROR
93.806873,129.088821166667,35.074534000000,508097.723,3881312.259,1.922,0.681726,gps_course,39,16.896,,,,,,,0.000000,0.0000,1.906,0.016,STOP_ROUTE_ERROR
93.856816,129.088821166667,35.074534000000,508097.723,3881312.259,1.922,0.681726,gps_course,39,16.896,,,,,,,0.000000,0.0000,1.906,0.016,STOP_ROUTE_ERROR
93.908582,129.088821166667,35.074534000000,508097.723,3881312.259,1.922,0.681726,gps_course,39,16.896,,,,,,,0.000000,0.0000,1.906,0.016,STOP_ROUTE_ERROR
93.956742,129.088825333333,35.074536666667,508098.103,3881312.556,1.881,0.652579,gps_course,39,17.376,,,,,,,0.000000,0.0000,1.906,-0.024,STOP_ROUTE_ERROR
94.006903,129.088825333333,35.074536666667,508098.103,3881312.556,1.881,0.652579,gps_course,39,17.376,,,,,,,0.000000,0.0000,1.794,0.087,STOP_ROUTE_ERROR
94.056744,129.088825333333,35.074536666667,508098.103,3881312.556,1.881,0.652579,gps_course,39,17.376,,,,,,,0.000000,0.0000,1.794,0.087,STOP_ROUTE_ERROR
94.107305,129.088825333333,35.074536666667,508098.103,3881312.556,1.881,0.652579,gps_course,39,17.376,,,,,,,0.000000,0.0000,1.794,0.087,STOP_ROUTE_ERROR
94.156749,129.088825333333,35.074536666667,508098.103,3881312.556,1.881,0.652579,gps_course,39,17.376,,,,,,,0.000000,0.0000,1.794,0.087,STOP_ROUTE_ERROR
94.206778,129.088829166667,35.074539333333,508098.452,3881312.852,1.836,0.707033,gps_course,39,17.834,,,,,,,0.000000,0.0000,1.794,0.041,STOP_ROUTE_ERROR
94.257117,129.088829166667,35.074539333333,508098.452,3881312.852,1.836,0.707033,gps_course,39,17.834,,,,,,,0.000000,0.0000,1.794,0.041,STOP_ROUTE_ERROR
94.306909,129.088829166667,35.074539333333,508098.452,3881312.852,1.836,0.707033,gps_course,39,17.834,,,,,,,0.000000,0.0000,1.794,0.041,STOP_ROUTE_ERROR
94.357113,129.088829166667,35.074539333333,508098.452,3881312.852,1.836,0.707033,gps_course,39,17.834,,,,,,,0.000000,0.0000,1.794,0.041,STOP_ROUTE_ERROR
94.406767,129.088829166667,35.074539333333,508098.452,3881312.852,1.836,0.707033,gps_course,39,17.834,,,,,,,0.000000,0.0000,1.756,0.080,STOP_ROUTE_ERROR
94.456558,129.088833000000,35.074541833333,508098.801,3881313.129,1.774,0.668810,gps_course,39,18.279,,,,,,,0.000000,0.0000,1.756,0.019,STOP_ROUTE_ERROR
94.506744,129.088833000000,35.074541833333,508098.801,3881313.129,1.774,0.668810,gps_course,39,18.279,,,,,,,0.000000,0.0000,1.756,0.019,STOP_ROUTE_ERROR
94.556804,129.088833000000,35.074541833333,508098.801,3881313.129,1.774,0.668810,gps_course,39,18.279,,,,,,,0.000000,0.0000,1.756,0.019,STOP_ROUTE_ERROR
94.606641,129.088833000000,35.074541833333,508098.801,3881313.129,1.774,0.668810,gps_course,39,18.279,,,,,,,0.000000,0.0000,1.681,0.094,STOP_ROUTE_ERROR
94.656763,129.088833000000,35.074541833333,508098.801,3881313.129,1.774,0.668810,gps_course,39,18.279,,,,,,,0.000000,0.0000,1.681,0.094,STOP_ROUTE_ERROR
94.707107,129.088836833333,35.074544000000,508099.150,3881313.370,1.725,0.647168,gps_course,39,18.700,,,,,,,0.000000,0.0000,1.681,0.045,STOP_ROUTE_ERROR
94.756718,129.088836833333,35.074544000000,508099.150,3881313.370,1.725,0.647168,gps_course,39,18.700,,,,,,,0.000000,0.0000,1.681,0.045,STOP_ROUTE_ERROR
94.806815,129.088836833333,35.074544000000,508099.150,3881313.370,1.725,0.647168,gps_course,39,18.700,,,,,,,0.000000,0.0000,1.642,0.084,STOP_ROUTE_ERROR
94.856735,129.088836833333,35.074544000000,508099.150,3881313.370,1.725,0.647168,gps_course,39,18.700,,,,,,,0.000000,0.0000,1.642,0.084,STOP_ROUTE_ERROR
94.906773,129.088836833333,35.074544000000,508099.150,3881313.370,1.725,0.647168,gps_course,39,18.700,,,,,,,0.000000,0.0000,1.642,0.084,STOP_ROUTE_ERROR
94.956886,129.088840500000,35.074546333333,508099.485,3881313.629,1.646,0.618196,gps_course,39,19.122,,,,,,,0.000000,0.0000,1.642,0.004,STOP_ROUTE_ERROR
95.006845,129.088840500000,35.074546333333,508099.485,3881313.629,1.646,0.618196,gps_course,39,19.122,,,,,,,0.000000,0.0000,1.622,0.024,STOP_ROUTE_ERROR
95.057059,129.088840500000,35.074546333333,508099.485,3881313.629,1.646,0.618196,gps_course,39,19.122,,,,,,,0.000000,0.0000,1.622,0.024,STOP_ROUTE_ERROR
95.107018,129.088840500000,35.074546333333,508099.485,3881313.629,1.646,0.618196,gps_course,39,19.122,,,,,,,0.000000,0.0000,1.622,0.024,STOP_ROUTE_ERROR
95.156928,129.088840500000,35.074546333333,508099.485,3881313.629,1.646,0.618196,gps_course,39,19.122,,,,,,,0.000000,0.0000,1.622,0.024,STOP_ROUTE_ERROR
95.206732,129.088843833333,35.074548500000,508099.788,3881313.869,1.613,0.678759,gps_course,39,19.509,,,,,,,0.000000,0.0000,1.528,0.085,STOP_ROUTE_ERROR
95.256752,129.088843833333,35.074548500000,508099.788,3881313.869,1.613,0.678759,gps_course,39,19.509,,,,,,,0.000000,0.0000,1.528,0.085,STOP_ROUTE_ERROR
95.306796,129.088843833333,35.074548500000,508099.788,3881313.869,1.613,0.678759,gps_course,39,19.509,,,,,,,0.000000,0.0000,1.528,0.085,STOP_ROUTE_ERROR
95.356849,129.088843833333,35.074548500000,508099.788,3881313.869,1.613,0.678759,gps_course,39,19.509,,,,,,,0.000000,0.0000,1.528,0.085,STOP_ROUTE_ERROR
95.406928,129.088843833333,35.074548500000,508099.788,3881313.869,1.613,0.678759,gps_course,39,19.509,,,,,,,0.000000,0.0000,1.511,0.102,STOP_ROUTE_ERROR
95.456813,129.088843833333,35.074548500000,508099.788,3881313.869,1.613,0.678759,gps_course,39,19.509,,,,,,,0.000000,0.0000,1.511,0.102,STOP_ROUTE_ERROR
95.507490,129.088847333333,35.074550500000,508100.107,3881314.091,1.572,0.624130,gps_course,39,19.895,,,,,,,0.000000,0.0000,1.511,0.061,STOP_ROUTE_ERROR
95.556724,129.088847333333,35.074550500000,508100.107,3881314.091,1.572,0.624130,gps_course,39,19.895,,,,,,,0.000000,0.0000,1.511,0.061,STOP_ROUTE_ERROR
95.606665,129.088847333333,35.074550500000,508100.107,3881314.091,1.572,0.624130,gps_course,39,19.895,,,,,,,0.000000,0.0000,1.511,0.061,STOP_ROUTE_ERROR
95.656731,129.088847333333,35.074550500000,508100.107,3881314.091,1.572,0.624130,gps_course,39,19.895,,,,,,,0.000000,0.0000,1.511,0.061,STOP_ROUTE_ERROR
95.706759,129.088850666667,35.074552500000,508100.411,3881314.313,1.511,0.633031,gps_course,39,20.269,,,,,,,0.000000,0.0000,1.511,-0.001,STOP_ROUTE_ERROR
95.756713,129.088850666667,35.074552500000,508100.411,3881314.313,1.511,0.633031,gps_course,39,20.269,,,,,,,0.000000,0.0000,1.511,-0.001,STOP_ROUTE_ERROR
95.806722,129.088850666667,35.074552500000,508100.411,3881314.313,1.511,0.633031,gps_course,39,20.269,,,,,,,0.000000,0.0000,1.433,0.077,STOP_ROUTE_ERROR
95.856834,129.088850666667,35.074552500000,508100.411,3881314.313,1.511,0.633031,gps_course,39,20.269,,,,,,,0.000000,0.0000,1.433,0.077,STOP_ROUTE_ERROR
95.906891,129.088850666667,35.074552500000,508100.411,3881314.313,1.511,0.633031,gps_course,39,20.269,,,,,,,0.000000,0.0000,1.433,0.077,STOP_ROUTE_ERROR
95.956978,129.088853833333,35.074554500000,508100.699,3881314.536,1.490,0.647168,gps_course,39,20.633,,,,,,,0.000000,0.0000,1.433,0.057,STOP_ROUTE_ERROR
96.006700,129.088853833333,35.074554500000,508100.699,3881314.536,1.490,0.647168,gps_course,39,20.633,,,,,,,0.000000,0.0000,1.433,0.057,STOP_ROUTE_ERROR
96.056823,129.088853833333,35.074554500000,508100.699,3881314.536,1.490,0.647168,gps_course,39,20.633,,,,,,,0.000000,0.0000,1.433,0.057,STOP_ROUTE_ERROR
96.106753,129.088853833333,35.074554500000,508100.699,3881314.536,1.490,0.647168,gps_course,39,20.633,,,,,,,0.000000,0.0000,1.433,0.057,STOP_ROUTE_ERROR
96.156780,129.088853833333,35.074554500000,508100.699,3881314.536,1.490,0.647168,gps_course,39,20.633,,,,,,,0.000000,0.0000,1.433,0.057,STOP_ROUTE_ERROR
96.206701,129.088856666667,35.074556833333,508100.957,3881314.794,1.408,0.776846,gps_course,39,20.997,,,,,,,0.000000,0.0000,1.378,0.030,STOP_ROUTE_ERROR
96.256947,129.088856666667,35.074556833333,508100.957,3881314.794,1.408,0.776846,gps_course,39,20.997,,,,,,,0.000000,0.0000,1.378,0.030,STOP_ROUTE_ERROR
96.306855,129.088856666667,35.074556833333,508100.957,3881314.794,1.408,0.776846,gps_course,39,20.997,,,,,,,0.000000,0.0000,1.378,0.030,STOP_ROUTE_ERROR
96.356719,129.088856666667,35.074556833333,508100.957,3881314.794,1.408,0.776846,gps_course,39,20.997,,,,,,,0.000000,0.0000,1.378,0.030,STOP_ROUTE_ERROR
96.406799,129.088856666667,35.074556833333,508100.957,3881314.794,1.408,0.776846,gps_course,39,20.997,,,,,,,0.000000,0.0000,1.417,-0.009,STOP_ROUTE_ERROR
96.456774,129.088856666667,35.074556833333,508100.957,3881314.794,1.408,0.776846,gps_course,39,20.997,,,,,,,0.000000,0.0000,1.417,-0.009,STOP_ROUTE_ERROR
96.506837,129.088859000000,35.074559000000,508101.170,3881315.035,1.352,0.840202,gps_course,39,21.316,,,,,,,0.000000,0.0000,1.417,-0.065,STOP_ROUTE_ERROR
96.557077,129.088859000000,35.074559000000,508101.170,3881315.035,1.352,0.840202,gps_course,39,21.316,,,,,,,0.000000,0.0000,1.417,-0.065,STOP_ROUTE_ERROR
96.606850,129.088859000000,35.074559000000,508101.170,3881315.035,1.352,0.840202,gps_course,39,21.316,,,,,,,0.000000,0.0000,1.358,-0.006,STOP_ROUTE_ERROR
96.658874,129.088859000000,35.074559000000,508101.170,3881315.035,1.352,0.840202,gps_course,39,21.316,,,,,,,0.000000,0.0000,1.358,-0.006,STOP_ROUTE_ERROR
96.706745,129.088861000000,35.074561666667,508101.352,3881315.331,1.323,1.000248,gps_course,39,21.648,,,,,,,0.000000,0.0000,1.358,-0.036,STOP_ROUTE_ERROR
96.756953,129.088861000000,35.074561666667,508101.352,3881315.331,1.323,1.000248,gps_course,39,21.648,,,,,,,0.000000,0.0000,1.358,-0.036,STOP_ROUTE_ERROR
96.806752,129.088861000000,35.074561666667,508101.352,3881315.331,1.323,1.000248,gps_course,39,21.648,,,,,,,0.000000,0.0000,1.303,0.020,STOP_ROUTE_ERROR
96.856735,129.088861000000,35.074561666667,508101.352,3881315.331,1.323,1.000248,gps_course,39,21.648,,,,,,,0.000000,0.0000,1.303,0.020,STOP_ROUTE_ERROR
96.906756,129.088861000000,35.074561666667,508101.352,3881315.331,1.323,1.000248,gps_course,39,21.648,,,,,,,0.000000,0.0000,1.303,0.020,STOP_ROUTE_ERROR
96.957603,129.088862500000,35.074564333333,508101.488,3881315.627,1.333,1.142842,gps_course,39,21.947,,,,,,,0.000000,0.0000,1.303,0.031,STOP_ROUTE_ERROR
97.006925,129.088862500000,35.074564333333,508101.488,3881315.627,1.333,1.142842,gps_course,39,21.947,,,,,,,0.000000,0.0000,1.264,0.069,STOP_ROUTE_ERROR
97.056786,129.088862500000,35.074564333333,508101.488,3881315.627,1.333,1.142842,gps_course,39,21.947,,,,,,,0.000000,0.0000,1.264,0.069,STOP_ROUTE_ERROR
97.109014,129.088862500000,35.074564333333,508101.488,3881315.627,1.333,1.142842,gps_course,39,21.947,,,,,,,0.000000,0.0000,1.264,0.069,STOP_ROUTE_ERROR
97.156732,129.088862500000,35.074564333333,508101.488,3881315.627,1.333,1.142842,gps_course,39,21.947,,,,,,,0.000000,0.0000,1.264,0.069,STOP_ROUTE_ERROR
97.206754,129.088863833333,35.074566833333,508101.610,3881315.904,1.197,1.189616,gps_course,39,22.224,,,,,,,0.000000,0.0000,1.244,-0.048,STOP_ROUTE_ERROR
97.256714,129.088863833333,35.074566833333,508101.610,3881315.904,1.197,1.189616,gps_course,39,22.224,,,,,,,0.000000,0.0000,1.244,-0.048,STOP_ROUTE_ERROR
97.306770,129.088863833333,35.074566833333,508101.610,3881315.904,1.197,1.189616,gps_course,39,22.224,,,,,,,0.000000,0.0000,1.244,-0.048,STOP_ROUTE_ERROR
97.356751,129.088863833333,35.074566833333,508101.610,3881315.904,1.197,1.189616,gps_course,39,22.224,,,,,,,0.000000,0.0000,1.244,-0.048,STOP_ROUTE_ERROR
97.407381,129.088863833333,35.074566833333,508101.610,3881315.904,1.197,1.189616,gps_course,39,22.224,,,,,,,0.000000,0.0000,1.283,-0.087,STOP_ROUTE_ERROR
97.457301,129.088863833333,35.074566833333,508101.610,3881315.904,1.262,1.133766,gps_course,39,22.224,,,,,,,0.000000,0.0000,1.283,-0.022,STOP_ROUTE_ERROR
97.506954,129.088865166667,35.074569333333,508101.731,3881316.181,1.262,1.133766,gps_course,39,22.500,,,,,,,0.000000,0.0000,1.283,-0.022,STOP_ROUTE_ERROR
97.556733,129.088865166667,35.074569333333,508101.731,3881316.181,1.262,1.133766,gps_course,39,22.500,,,,,,,0.000000,0.0000,1.283,-0.022,STOP_ROUTE_ERROR
97.606635,129.088865166667,35.074569333333,508101.731,3881316.181,1.262,1.133766,gps_course,39,22.500,,,,,,,0.000000,0.0000,1.303,-0.041,STOP_ROUTE_ERROR
97.656753,129.088865166667,35.074569333333,508101.731,3881316.181,1.262,1.133766,gps_course,39,22.500,,,,,,,0.000000,0.0000,1.303,-0.041,STOP_ROUTE_ERROR
97.706762,129.088867000000,35.074571833333,508101.898,3881316.459,1.265,1.012465,gps_course,39,22.811,,,,,,,0.000000,0.0000,1.303,-0.037,STOP_ROUTE_ERROR
97.756842,129.088867000000,35.074571833333,508101.898,3881316.459,1.265,1.012465,gps_course,39,22.811,,,,,,,0.000000,0.0000,1.303,-0.037,STOP_ROUTE_ERROR
97.806767,129.088867000000,35.074571833333,508101.898,3881316.459,1.265,1.012465,gps_course,39,22.811,,,,,,,0.000000,0.0000,1.322,-0.057,STOP_ROUTE_ERROR
97.857516,129.088867000000,35.074571833333,508101.898,3881316.459,1.265,1.012465,gps_course,39,22.811,,,,,,,0.000000,0.0000,1.322,-0.057,STOP_ROUTE_ERROR
97.908443,129.088867000000,35.074571833333,508101.898,3881316.459,1.265,1.012465,gps_course,39,22.811,,,,,,,0.000000,0.0000,1.322,-0.057,STOP_ROUTE_ERROR
97.956794,129.088869333333,35.074574000000,508102.111,3881316.699,1.275,0.893085,gps_course,39,23.131,,,,,,,0.000000,0.0000,1.322,-0.047,STOP_ROUTE_ERROR
98.006757,129.088869333333,35.074574000000,508102.111,3881316.699,1.275,0.893085,gps_course,39,23.131,,,,,,,0.000000,0.0000,1.322,-0.047,STOP_ROUTE_ERROR
98.056767,129.088869333333,35.074574000000,508102.111,3881316.699,1.275,0.893085,gps_course,39,23.131,,,,,,,0.000000,0.0000,1.322,-0.047,STOP_ROUTE_ERROR
98.106922,129.088869333333,35.074574000000,508102.111,3881316.699,1.275,0.893085,gps_course,39,23.131,,,,,,,0.000000,0.0000,1.322,-0.047,STOP_ROUTE_ERROR
98.156720,129.088869333333,35.074574000000,508102.111,3881316.699,1.275,0.893085,gps_course,39,23.131,,,,,,,0.000000,0.0000,1.322,-0.047,STOP_ROUTE_ERROR
98.207351,129.088871833333,35.074576166667,508102.338,3881316.940,1.301,0.788191,gps_course,39,23.461,,,,,,,0.000000,0.0000,1.322,-0.021,STOP_ROUTE_ERROR
98.257608,129.088871833333,35.074576166667,508102.338,3881316.940,1.301,0.788191,gps_course,39,23.461,,,,,,,0.000000,0.0000,1.322,-0.021,STOP_ROUTE_ERROR
98.306722,129.088871833333,35.074576166667,508102.338,3881316.940,1.301,0.788191,gps_course,39,23.461,,,,,,,0.000000,0.0000,1.322,-0.021,STOP_ROUTE_ERROR
98.356797,129.088871833333,35.074576166667,508102.338,3881316.940,1.301,0.788191,gps_course,39,23.461,,,,,,,0.000000,0.0000,1.322,-0.021,STOP_ROUTE_ERROR
98.406762,129.088871833333,35.074576166667,508102.338,3881316.940,1.301,0.788191,gps_course,39,23.461,,,,,,,0.000000,0.0000,1.339,-0.038,STOP_ROUTE_ERROR
98.456740,129.088871833333,35.074576166667,508102.338,3881316.940,1.301,0.788191,gps_course,39,23.461,,,,,,,0.000000,0.0000,1.339,-0.038,STOP_ROUTE_ERROR
98.506911,129.088874833333,35.074577833333,508102.612,3881317.125,1.330,0.632682,gps_course,39,23.787,,,,,,,0.000000,0.0000,1.339,-0.009,STOP_ROUTE_ERROR
98.557981,129.088874833333,35.074577833333,508102.612,3881317.125,1.330,0.632682,gps_course,39,23.787,,,,,,,0.000000,0.0000,1.339,-0.009,STOP_ROUTE_ERROR
98.606670,129.088874833333,35.074577833333,508102.612,3881317.125,1.330,0.632682,gps_course,39,23.787,,,,,,,0.000000,0.0000,1.417,-0.087,STOP_ROUTE_ERROR
98.656830,129.088874833333,35.074577833333,508102.612,3881317.125,1.330,0.632682,gps_course,39,23.787,,,,,,,0.000000,0.0000,1.417,-0.087,STOP_ROUTE_ERROR
98.706772,129.088878166667,35.074579500000,508102.915,3881317.310,1.416,0.571770,gps_course,39,24.136,,,,,,,0.000000,0.0000,1.417,-0.001,STOP_ROUTE_ERROR
98.756682,129.088878166667,35.074579500000,508102.915,3881317.310,1.416,0.571770,gps_course,39,24.136,,,,,,,0.000000,0.0000,1.417,-0.001,STOP_ROUTE_ERROR
98.806862,129.088878166667,35.074579500000,508102.915,3881317.310,1.416,0.571770,gps_course,39,24.136,,,,,,,0.000000,0.0000,1.417,-0.001,STOP_ROUTE_ERROR
98.856783,129.088878166667,35.074579500000,508102.915,3881317.310,1.416,0.571770,gps_course,39,24.136,,,,,,,0.000000,0.0000,1.417,-0.001,STOP_ROUTE_ERROR
98.906730,129.088878166667,35.074579500000,508102.915,3881317.310,1.416,0.571770,gps_course,39,24.136,,,,,,,0.000000,0.0000,1.417,-0.001,STOP_ROUTE_ERROR
98.956726,129.088881666667,35.074580500000,508103.234,3881317.421,1.332,0.366519,gps_course,39,24.446,,,,,,,0.000000,0.0000,1.417,-0.085,STOP_ROUTE_ERROR
99.007338,129.088881666667,35.074580500000,508103.234,3881317.421,1.332,0.366519,gps_course,39,24.446,,,,,,,0.000000,0.0000,1.453,-0.121,STOP_ROUTE_ERROR
99.057192,129.088881666667,35.074580500000,508103.234,3881317.421,1.332,0.366519,gps_course,39,24.446,,,,,,,0.000000,0.0000,1.453,-0.121,STOP_ROUTE_ERROR
99.106784,129.088881666667,35.074580500000,508103.234,3881317.421,1.332,0.366519,gps_course,39,24.446,,,,,,,0.000000,0.0000,1.453,-0.121,STOP_ROUTE_ERROR
99.157064,129.088881666667,35.074580500000,508103.234,3881317.421,1.332,0.366519,gps_course,39,24.446,,,,,,,0.000000,0.0000,1.453,-0.121,STOP_ROUTE_ERROR
99.206783,129.088885500000,35.074581166667,508103.584,3881317.495,1.421,0.211883,gps_course,39,24.755,,,,,,,0.000000,0.0000,1.417,0.005,STOP_ROUTE_ERROR
99.256762,129.088885500000,35.074581166667,508103.584,3881317.495,1.421,0.211883,gps_course,39,24.755,,,,,,,0.000000,0.0000,1.417,0.005,STOP_ROUTE_ERROR
99.306895,129.088885500000,35.074581166667,508103.584,3881317.495,1.421,0.211883,gps_course,39,24.755,,,,,,,0.000000,0.0000,1.417,0.005,STOP_ROUTE_ERROR
99.357589,129.088885500000,35.074581166667,508103.584,3881317.495,1.421,0.211883,gps_course,39,24.755,,,,,,,0.000000,0.0000,1.417,0.005,STOP_ROUTE_ERROR
99.406887,129.088885500000,35.074581166667,508103.584,3881317.495,1.421,0.211883,gps_course,39,24.755,,,,,,,0.000000,0.0000,1.492,-0.070,STOP_ROUTE_ERROR
99.456809,129.088885500000,35.074581166667,508103.584,3881317.495,1.421,0.211883,gps_course,39,24.755,,,,,,,0.000000,0.0000,1.492,-0.070,STOP_ROUTE_ERROR
99.508072,129.088889500000,35.074581500000,508103.948,3881317.533,1.480,0.094597,gps_course,39,25.052,,,,,,,0.000000,0.0000,1.492,-0.012,STOP_ROUTE_ERROR
99.556750,129.088889500000,35.074581500000,508103.948,3881317.533,1.480,0.094597,gps_course,39,25.052,,,,,,,0.000000,0.0000,1.492,-0.012,STOP_ROUTE_ERROR
99.606747,129.088889500000,35.074581500000,508103.948,3881317.533,1.480,0.094597,gps_course,39,25.052,,,,,,,0.000000,0.0000,1.511,-0.031,STOP_ROUTE_ERROR
99.656756,129.088889500000,35.074581500000,508103.948,3881317.533,1.480,0.094597,gps_course,39,25.052,,,,,,,0.000000,0.0000,1.511,-0.031,STOP_ROUTE_ERROR
99.706883,129.088893500000,35.074581166667,508104.313,3881317.496,1.487,-0.102974,gps_course,39,25.302,,,,,,,0.000000,0.0000,1.511,-0.024,STOP_ROUTE_ERROR
99.756721,129.088893500000,35.074581166667,508104.313,3881317.496,1.487,-0.102974,gps_course,39,25.302,,,,,,,0.000000,0.0000,1.511,-0.024,STOP_ROUTE_ERROR
99.806891,129.088893500000,35.074581166667,508104.313,3881317.496,1.487,-0.102974,gps_course,39,25.302,,,,,,,0.000000,0.0000,1.528,-0.041,STOP_ROUTE_ERROR
99.857074,129.088893500000,35.074581166667,508104.313,3881317.496,1.487,-0.102974,gps_course,39,25.302,,,,,,,0.000000,0.0000,1.528,-0.041,STOP_ROUTE_ERROR
99.907130,129.088893500000,35.074581166667,508104.313,3881317.496,1.487,-0.102974,gps_course,39,25.302,,,,,,,0.000000,0.0000,1.528,-0.041,STOP_ROUTE_ERROR
99.958362,129.088897500000,35.074580500000,508104.678,3881317.422,1.535,-0.199840,gps_course,39,25.531,,,,,,,0.000000,0.0000,1.528,0.007,STOP_ROUTE_ERROR
100.006709,129.088897500000,35.074580500000,508104.678,3881317.422,1.535,-0.199840,gps_course,39,25.531,,,,,,,0.000000,0.0000,1.547,-0.013,STOP_ROUTE_ERROR
100.056797,129.088897500000,35.074580500000,508104.678,3881317.422,1.535,-0.199840,gps_course,39,25.531,,,,,,,0.000000,0.0000,1.547,-0.013,STOP_ROUTE_ERROR
100.107324,129.088897500000,35.074580500000,508104.678,3881317.422,1.535,-0.199840,gps_course,39,25.531,,,,,,,0.000000,0.0000,1.547,-0.013,STOP_ROUTE_ERROR
100.156785,129.088897500000,35.074580500000,508104.678,3881317.422,1.535,-0.199840,gps_course,39,25.531,,,,,,,0.000000,0.0000,1.547,-0.013,STOP_ROUTE_ERROR
100.206798,129.088901500000,35.074579166667,508105.043,3881317.275,1.512,-0.375246,gps_course,39,25.717,,,,,,,0.000000,0.0000,1.606,-0.094,STOP_ROUTE_ERROR
100.256729,129.088901500000,35.074579166667,508105.043,3881317.275,1.512,-0.375246,gps_course,39,25.717,,,,,,,0.000000,0.0000,1.606,-0.094,STOP_ROUTE_ERROR
100.306984,129.088901500000,35.074579166667,508105.043,3881317.275,1.512,-0.375246,gps_course,39,25.717,,,,,,,0.000000,0.0000,1.606,-0.094,STOP_ROUTE_ERROR
100.356738,129.088901500000,35.074579166667,508105.043,3881317.275,1.512,-0.375246,gps_course,39,25.717,,,,,,,0.000000,0.0000,1.606,-0.094,STOP_ROUTE_ERROR
100.406749,129.088901500000,35.074579166667,508105.043,3881317.275,1.512,-0.375246,gps_course,39,25.717,,,,,,,0.000000,0.0000,1.586,-0.074,STOP_ROUTE_ERROR
100.456673,129.088905166667,35.074577333333,508105.377,3881317.072,1.541,-0.538260,gps_course,39,25.849,,,,,,,0.000000,0.0000,1.586,-0.046,STOP_ROUTE_ERROR
100.506794,129.088905166667,35.074577333333,508105.377,3881317.072,1.541,-0.538260,gps_course,39,25.849,,,,,,,0.000000,0.0000,1.586,-0.046,STOP_ROUTE_ERROR
100.556743,129.088905166667,35.074577333333,508105.377,3881317.072,1.541,-0.538260,gps_course,39,25.849,,,,,,,0.000000,0.0000,1.586,-0.046,STOP_ROUTE_ERROR
100.606721,129.088905166667,35.074577333333,508105.377,3881317.072,1.541,-0.538260,gps_course,39,25.849,,,,,,,0.000000,0.0000,1.642,-0.101,STOP_ROUTE_ERROR
100.657295,129.088905166667,35.074577333333,508105.377,3881317.072,1.541,-0.538260,gps_course,39,25.849,,,,,,,0.000000,0.0000,1.642,-0.101,STOP_ROUTE_ERROR
100.706768,129.088908500000,35.074575166667,508105.681,3881316.832,1.588,-0.682947,gps_course,39,25.940,,,,,,,0.000000,0.0000,1.642,-0.054,STOP_ROUTE_ERROR
100.757306,129.088908500000,35.074575166667,508105.681,3881316.832,1.588,-0.682947,gps_course,39,25.940,,,,,,,0.000000,0.0000,1.642,-0.054,STOP_ROUTE_ERROR
100.806714,129.088908500000,35.074575166667,508105.681,3881316.832,1.588,-0.682947,gps_course,39,25.940,,,,,,,0.000000,0.0000,1.661,-0.073,STOP_ROUTE_ERROR
100.856978,129.088908500000,35.074575166667,508105.681,3881316.832,1.588,-0.682947,gps_course,39,25.940,,,,,,,0.000000,0.0000,1.661,-0.073,STOP_ROUTE_ERROR
100.907117,129.088908500000,35.074575166667,508105.681,3881316.832,1.588,-0.682947,gps_course,39,25.940,,,,,,,0.000000,0.0000,1.661,-0.073,STOP_ROUTE_ERROR
100.956847,129.088911333333,35.074572500000,508105.940,3881316.536,1.567,-0.809135,gps_course,39,25.966,,,,,,,0.000000,0.0000,1.661,-0.094,STOP_ROUTE_ERROR
101.006810,129.088911333333,35.074572500000,508105.940,3881316.536,1.567,-0.809135,gps_course,39,25.966,,,,,,,0.000000,0.0000,1.681,-0.114,STOP_ROUTE_ERROR
101.056775,129.088911333333,35.074572500000,508105.940,3881316.536,1.567,-0.809135,gps_course,39,25.966,,,,,,,0.000000,0.0000,1.681,-0.114,STOP_ROUTE_ERROR
101.108046,129.088911333333,35.074572500000,508105.940,3881316.536,1.567,-0.809135,gps_course,39,25.966,,,,,,,0.000000,0.0000,1.681,-0.114,STOP_ROUTE_ERROR
101.156724,129.088911333333,35.074572500000,508105.940,3881316.536,1.567,-0.809135,gps_course,39,25.966,,,,,,,0.000000,0.0000,1.681,-0.114,STOP_ROUTE_ERROR
101.206786,129.088913833333,35.074569333333,508106.168,3881316.185,1.677,-1.013338,gps_course,39,25.941,,,,,,,0.000000,0.0000,1.622,0.055,STOP_ROUTE_ERROR
101.256734,129.088913833333,35.074569333333,508106.168,3881316.185,1.677,-1.013338,gps_course,39,25.941,,,,,,,0.000000,0.0000,1.622,0.055,STOP_ROUTE_ERROR
101.306762,129.088913833333,35.074569333333,508106.168,3881316.185,1.677,-1.013338,gps_course,39,25.941,,,,,,,0.000000,0.0000,1.622,0.055,STOP_ROUTE_ERROR
101.356809,129.088913833333,35.074569333333,508106.168,3881316.185,1.677,-1.013338,gps_course,39,25.941,,,,,,,0.000000,0.0000,1.622,0.055,STOP_ROUTE_ERROR
101.406829,129.088913833333,35.074569333333,508106.168,3881316.185,1.677,-1.013338,gps_course,39,25.941,,,,,,,0.000000,0.0000,1.661,0.016,STOP_ROUTE_ERROR
101.456832,129.088915833333,35.074565666667,508106.351,3881315.779,1.739,-1.143540,gps_course,39,25.853,,,,,,,0.000000,0.0000,1.661,0.077,STOP_ROUTE_ERROR
101.506754,129.088915833333,35.074565666667,508106.351,3881315.779,1.739,-1.143540,gps_course,39,25.853,,,,,,,0.000000,0.0000,1.661,0.077,STOP_ROUTE_ERROR
101.556765,129.088915833333,35.074565666667,508106.351,3881315.779,1.739,-1.143540,gps_course,39,25.853,,,,,,,0.000000,0.0000,1.661,0.077,STOP_ROUTE_ERROR
101.606636,129.088915833333,35.074565666667,508106.351,3881315.779,1.739,-1.143540,gps_course,39,25.853,,,,,,,0.000000,0.0000,1.642,0.097,STOP_ROUTE_ERROR
101.656741,129.088915833333,35.074565666667,508106.351,3881315.779,1.739,-1.143540,gps_course,39,25.853,,,,,,,0.000000,0.0000,1.642,0.097,STOP_ROUTE_ERROR
101.706839,129.088917500000,35.074561833333,508106.503,3881315.354,1.813,-1.201136,gps_course,39,25.738,,,,,,,0.000000,0.0000,1.642,0.171,STOP_ROUTE_ERROR
101.757582,129.088917500000,35.074561833333,508106.503,3881315.354,1.813,-1.201136,gps_course,39,25.738,,,,,,,0.000000,0.0000,1.642,0.171,STOP_ROUTE_ERROR
101.806884,129.088917500000,35.074561833333,508106.503,3881315.354,1.813,-1.201136,gps_course,39,25.738,,,,,,,0.000000,0.0000,1.794,0.018,STOP_ROUTE_ERROR
101.856801,129.088917500000,35.074561833333,508106.503,3881315.354,1.813,-1.201136,gps_course,39,25.738,,,,,,,0.000000,0.0000,1.794,0.018,STOP_ROUTE_ERROR
101.908444,129.088917500000,35.074561833333,508106.503,3881315.354,1.813,-1.201136,gps_course,39,25.738,,,,,,,0.000000,0.0000,1.794,0.018,STOP_ROUTE_ERROR
101.956740,129.088919333333,35.074557833333,508106.671,3881314.910,1.916,-1.227141,gps_course,39,25.632,,,,,,,0.000000,0.0000,1.794,0.122,STOP_ROUTE_ERROR
102.006761,129.088919333333,35.074557833333,508106.671,3881314.910,1.916,-1.227141,gps_course,39,25.632,,,,,,,0.000000,0.0000,1.831,0.086,STOP_ROUTE_ERROR
102.056753,129.088919333333,35.074557833333,508106.671,3881314.910,1.916,-1.227141,gps_course,39,25.632,,,,,,,0.000000,0.0000,1.831,0.086,STOP_ROUTE_ERROR
102.106870,129.088919333333,35.074557833333,508106.671,3881314.910,1.916,-1.227141,gps_course,39,25.632,,,,,,,0.000000,0.0000,1.831,0.086,STOP_ROUTE_ERROR
102.156746,129.088919333333,35.074557833333,508106.671,3881314.910,1.916,-1.227141,gps_course,39,25.632,,,,,,,0.000000,0.0000,1.831,0.086,STOP_ROUTE_ERROR
102.206783,129.088921166667,35.074553833333,508106.838,3881314.467,1.883,-1.232726,gps_course,39,25.535,,,,,,,0.000000,0.0000,1.869,0.014,STOP_ROUTE_ERROR
102.257099,129.088921166667,35.074553833333,508106.838,3881314.467,1.883,-1.232726,gps_course,39,25.535,,,,,,,0.000000,0.0000,1.869,0.014,STOP_ROUTE_ERROR
102.307016,129.088921166667,35.074553833333,508106.838,3881314.467,1.883,-1.232726,gps_course,39,25.535,,,,,,,0.000000,0.0000,1.869,0.014,STOP_ROUTE_ERROR
102.356737,129.088921166667,35.074553833333,508106.838,3881314.467,1.883,-1.232726,gps_course,39,25.535,,,,,,,0.000000,0.0000,1.869,0.014,STOP_ROUTE_ERROR
102.406699,129.088921166667,35.074553833333,508106.838,3881314.467,1.883,-1.232726,gps_course,39,25.535,,,,,,,0.000000,0.0000,1.850,0.033,STOP_ROUTE_ERROR
102.456837,129.088921166667,35.074553833333,508106.838,3881314.467,1.883,-1.232726,gps_course,39,25.535,,,,,,,0.000000,0.0000,1.850,0.033,STOP_ROUTE_ERROR
102.506789,129.088922833333,35.074550000000,508106.990,3881314.042,1.826,-1.206895,gps_course,40,25.432,,,,,,,0.000000,0.0000,1.850,-0.024,STOP_ROUTE_ERROR
102.556746,129.088922833333,35.074550000000,508106.990,3881314.042,1.826,-1.206895,gps_course,40,25.432,,,,,,,0.000000,0.0000,1.850,-0.024,STOP_ROUTE_ERROR
102.606749,129.088922833333,35.074550000000,508106.990,3881314.042,1.826,-1.206895,gps_course,40,25.432,,,,,,,0.000000,0.0000,1.700,0.126,STOP_ROUTE_ERROR
102.656818,129.088922833333,35.074550000000,508106.990,3881314.042,1.826,-1.206895,gps_course,40,25.432,,,,,,,0.000000,0.0000,1.700,0.126,STOP_ROUTE_ERROR
102.706907,129.088925000000,35.074546333333,508107.188,3881313.636,1.783,-1.118756,gps_course,40,25.374,,,,,,,0.000000,0.0000,1.700,0.083,STOP_ROUTE_ERROR
102.756693,129.088925000000,35.074546333333,508107.188,3881313.636,1.783,-1.118756,gps_course,40,25.374,,,,,,,0.000000,0.0000,1.700,0.083,STOP_ROUTE_ERROR
102.806934,129.088925000000,35.074546333333,508107.188,3881313.636,1.783,-1.118756,gps_course,40,25.374,,,,,,,0.000000,0.0000,1.756,0.028,STOP_ROUTE_ERROR
102.856740,129.088925000000,35.074546333333,508107.188,3881313.636,1.783,-1.118756,gps_course,40,25.374,,,,,,,0.000000,0.0000,1.756,0.028,STOP_ROUTE_ERROR
102.906791,129.088925000000,35.074546333333,508107.188,3881313.636,1.783,-1.118756,gps_course,40,25.374,,,,,,,0.000000,0.0000,1.756,0.028,STOP_ROUTE_ERROR
102.956744,129.088927833333,35.074543333333,508107.447,3881313.303,1.686,-0.928864,gps_course,40,25.415,,,,,,,0.000000,0.0000,1.756,-0.069,STOP_ROUTE_ERROR
103.006987,129.088927833333,35.074543333333,508107.447,3881313.303,1.686,-0.928864,gps_course,40,25.415,,,,,,,0.000000,0.0000,1.700,-0.014,STOP_ROUTE_ERROR
103.056872,129.088927833333,35.074543333333,508107.447,3881313.303,1.686,-0.928864,gps_course,40,25.415,,,,,,,0.000000,0.0000,1.700,-0.014,STOP_ROUTE_ERROR
103.106745,129.088927833333,35.074543333333,508107.447,3881313.303,1.686,-0.928864,gps_course,40,25.415,,,,,,,0.000000,0.0000,1.700,-0.014,STOP_ROUTE_ERROR
103.156913,129.088927833333,35.074543333333,508107.447,3881313.303,1.686,-0.928864,gps_course,40,25.415,,,,,,,0.000000,0.0000,1.700,-0.014,STOP_ROUTE_ERROR
103.206779,129.088931166667,35.074540500000,508107.751,3881312.989,1.748,-0.812625,gps_course,40,25.512,,,,,,,0.000000,0.0000,1.717,0.032,STOP_ROUTE_ERROR
103.256737,129.088931166667,35.074540500000,508107.751,3881312.989,1.748,-0.812625,gps_course,40,25.512,,,,,,,0.000000,0.0000,1.717,0.032,STOP_ROUTE_ERROR
103.306858,129.088931166667,35.074540500000,508107.751,3881312.989,1.748,-0.812625,gps_course,40,25.512,,,,,,,0.000000,0.0000,1.717,0.032,STOP_ROUTE_ERROR
103.356818,129.088931166667,35.074540500000,508107.751,3881312.989,1.748,-0.812625,gps_course,40,25.512,,,,,,,0.000000,0.0000,1.717,0.032,STOP_ROUTE_ERROR
103.406867,129.088931166667,35.074540500000,508107.751,3881312.989,1.748,-0.812625,gps_course,40,25.512,,,,,,,0.000000,0.0000,1.642,0.107,STOP_ROUTE_ERROR
103.457228,129.088931166667,35.074540500000,508107.751,3881312.989,1.748,-0.812625,gps_course,40,25.512,,,,,,,0.000000,0.0000,1.642,0.107,STOP_ROUTE_ERROR
103.507592,129.088934500000,35.074537833333,508108.055,3881312.694,1.678,-0.752411,gps_course,40,25.625,,,,,,,0.000000,0.0000,1.642,0.037,STOP_ROUTE_ERROR
103.556741,129.088934500000,35.074537833333,508108.055,3881312.694,1.678,-0.752411,gps_course,40,25.625,,,,,,,0.000000,0.0000,1.642,0.037,STOP_ROUTE_ERROR
103.606622,129.088934500000,35.074537833333,508108.055,3881312.694,1.678,-0.752411,gps_course,40,25.625,,,,,,,0.000000,0.0000,1.700,-0.022,STOP_ROUTE_ERROR
103.656740,129.088934500000,35.074537833333,508108.055,3881312.694,1.678,-0.752411,gps_course,40,25.625,,,,,,,0.000000,0.0000,1.700,-0.022,STOP_ROUTE_ERROR
103.706839,129.088937333333,35.074535000000,508108.314,3881312.380,1.696,-0.906524,gps_course,40,25.695,,,,,,,0.000000,0.0000,1.700,-0.004,STOP_ROUTE_ERROR
103.756719,129.088937333333,35.074535000000,508108.314,3881312.380,1.696,-0.906524,gps_course,40,25.695,,,,,,,0.000000,0.0000,1.700,-0.004,STOP_ROUTE_ERROR
103.806762,129.088937333333,35.074535000000,508108.314,3881312.380,1.696,-0.906524,gps_course,40,25.695,,,,,,,0.000000,0.0000,1.717,-0.020,STOP_ROUTE_ERROR
103.856893,129.088937333333,35.074535000000,508108.314,3881312.380,1.696,-0.906524,gps_course,40,25.695,,,,,,,0.000000,0.0000,1.717,-0.020,STOP_ROUTE_ERROR
103.906879,129.088937333333,35.074535000000,508108.314,3881312.380,1.696,-0.906524,gps_course,40,25.695,,,,,,,0.000000,0.0000,1.717,-0.020,STOP_ROUTE_ERROR
103.956742,129.088939833333,35.074531833333,508108.542,3881312.029,1.642,-0.991172,gps_course,40,25.727,,,,,,,0.000000,0.0000,1.717,-0.075,STOP_ROUTE_ERROR
104.006750,129.088939833333,35.074531833333,508108.542,3881312.029,1.642,-0.991172,gps_course,40,25.727,,,,,,,0.000000,0.0000,1.717,-0.075,STOP_ROUTE_ERROR
104.057271,129.088939833333,35.074531833333,508108.542,3881312.029,1.642,-0.991172,gps_course,40,25.727,,,,,,,0.000000,0.0000,1.717,-0.075,STOP_ROUTE_ERROR
104.107126,129.088939833333,35.074531833333,508108.542,3881312.029,1.642,-0.991172,gps_course,40,25.727,,,,,,,0.000000,0.0000,1.717,-0.075,STOP_ROUTE_ERROR
104.158858,129.088939833333,35.074531833333,508108.542,3881312.029,1.642,-0.991172,gps_course,40,25.727,,,,,,,0.000000,0.0000,1.717,-0.075,STOP_ROUTE_ERROR
104.206735,129.088941333333,35.074528166667,508108.679,3881311.622,1.698,-1.224698,gps_course,40,25.660,,,,,,,0.000000,0.0000,1.700,-0.002,STOP_ROUTE_ERROR
104.256739,129.088941333333,35.074528166667,508108.679,3881311.622,1.698,-1.224698,gps_course,40,25.660,,,,,,,0.000000,0.0000,1.700,-0.002,STOP_ROUTE_ERROR
104.308820,129.088941333333,35.074528166667,508108.679,3881311.622,1.698,-1.224698,gps_course,40,25.660,,,,,,,0.000000,0.0000,1.700,-0.002,STOP_ROUTE_ERROR
104.356760,129.088941333333,35.074528166667,508108.679,3881311.622,1.698,-1.224698,gps_course,40,25.660,,,,,,,0.000000,0.0000,1.700,-0.002,STOP_ROUTE_ERROR
104.406754,129.088941333333,35.074528166667,508108.679,3881311.622,1.698,-1.224698,gps_course,40,25.660,,,,,,,0.000000,0.0000,1.756,-0.057,STOP_ROUTE_ERROR
104.456763,129.088942333333,35.074524333333,508108.771,3881311.197,1.731,-1.362229,gps_course,41,25.539,,,,,,,0.000000,0.0000,1.756,-0.025,STOP_ROUTE_ERROR
104.507246,129.088942333333,35.074524333333,508108.771,3881311.197,1.731,-1.362229,gps_course,41,25.539,,,,,,,0.000000,0.0000,1.756,-0.025,STOP_ROUTE_ERROR
104.556701,129.088942333333,35.074524333333,508108.771,3881311.197,1.731,-1.362229,gps_course,41,25.539,,,,,,,0.000000,0.0000,1.756,-0.025,STOP_ROUTE_ERROR
104.607320,129.088942333333,35.074524333333,508108.771,3881311.197,1.731,-1.362229,gps_course,41,25.539,,,,,,,0.000000,0.0000,1.775,-0.044,STOP_ROUTE_ERROR
104.657005,129.088942333333,35.074524333333,508108.771,3881311.197,1.731,-1.362229,gps_course,41,25.539,,,,,,,0.000000,0.0000,1.775,-0.044,STOP_ROUTE_ERROR
104.706869,129.088942833333,35.074520166667,508108.817,3881310.735,1.803,-1.479341,gps_course,41,25.360,,,,,,,0.000000,0.0000,1.775,0.028,STOP_ROUTE_ERROR
104.756814,129.088942833333,35.074520166667,508108.817,3881310.735,1.803,-1.479341,gps_course,41,25.360,,,,,,,0.000000,0.0000,1.775,0.028,STOP_ROUTE_ERROR
104.806726,129.088942833333,35.074520166667,508108.817,3881310.735,1.803,-1.479341,gps_course,41,25.360,,,,,,,0.000000,0.0000,1.811,-0.008,STOP_ROUTE_ERROR
104.856792,129.088942833333,35.074520166667,508108.817,3881310.735,1.803,-1.479341,gps_course,41,25.360,,,,,,,0.000000,0.0000,1.811,-0.008,STOP_ROUTE_ERROR
104.906772,129.088942833333,35.074520166667,508108.817,3881310.735,1.803,-1.479341,gps_course,41,25.360,,,,,,,0.000000,0.0000,1.811,-0.008,STOP_ROUTE_ERROR
104.956779,129.088942500000,35.074516000000,508108.787,3881310.273,1.860,-1.607797,gps_course,42,25.116,,,,,,,0.000000,0.0000,1.811,0.049,STOP_ROUTE_ERROR
105.006758,129.088942500000,35.074516000000,508108.787,3881310.273,1.860,-1.607797,gps_course,42,25.116,,,,,,,0.000000,0.0000,1.811,0.049,STOP_ROUTE_ERROR
105.056699,129.088942500000,35.074516000000,508108.787,3881310.273,1.860,-1.607797,gps_course,42,25.116,,,,,,,0.000000,0.0000,1.811,0.049,STOP_ROUTE_ERROR
105.107437,129.088942500000,35.074516000000,508108.787,3881310.273,1.860,-1.607797,gps_course,42,25.116,,,,,,,0.000000,0.0000,1.811,0.049,STOP_ROUTE_ERROR
105.156748,129.088942500000,35.074516000000,508108.787,3881310.273,1.860,-1.607797,gps_course,42,25.116,,,,,,,0.000000,0.0000,1.811,0.049,STOP_ROUTE_ERROR
105.206767,129.088942000000,35.074511833333,508108.742,3881309.811,1.931,-1.691224,gps_course,42,24.851,,,,,,,0.000000,0.0000,1.886,0.044,STOP_ROUTE_ERROR
105.256769,129.088942000000,35.074511833333,508108.742,3881309.811,1.931,-1.691224,gps_course,42,24.851,,,,,,,0.000000,0.0000,1.886,0.044,STOP_ROUTE_ERROR
105.306839,129.088942000000,35.074511833333,508108.742,3881309.811,1.931,-1.691224,gps_course,42,24.851,,,,,,,0.000000,0.0000,1.886,0.044,STOP_ROUTE_ERROR
105.356806,129.088942000000,35.074511833333,508108.742,3881309.811,1.931,-1.691224,gps_course,42,24.851,,,,,,,0.000000,0.0000,1.886,0.044,STOP_ROUTE_ERROR
105.406833,129.088942000000,35.074511833333,508108.742,3881309.811,1.931,-1.691224,gps_course,42,24.851,,,,,,,0.000000,0.0000,1.925,0.006,STOP_ROUTE_ERROR
105.456719,129.088941500000,35.074507333333,508108.696,3881309.312,1.955,-1.635897,gps_course,42,24.574,,,,,,,0.000000,0.0000,1.925,0.030,STOP_ROUTE_ERROR
105.506845,129.088941500000,35.074507333333,508108.696,3881309.312,1.955,-1.635897,gps_course,42,24.574,,,,,,,0.000000,0.0000,1.925,0.030,STOP_ROUTE_ERROR
105.556830,129.088941500000,35.074507333333,508108.696,3881309.312,1.955,-1.635897,gps_course,42,24.574,,,,,,,0.000000,0.0000,1.925,0.030,STOP_ROUTE_ERROR
105.606672,129.088941500000,35.074507333333,508108.696,3881309.312,1.955,-1.635897,gps_course,42,24.574,,,,,,,0.000000,0.0000,2.000,-0.045,STOP_ROUTE_ERROR
105.656731,129.088941500000,35.074507333333,508108.696,3881309.312,1.955,-1.635897,gps_course,42,24.574,,,,,,,0.000000,0.0000,2.000,-0.045,STOP_ROUTE_ERROR
105.707409,129.088940666667,35.074503166667,508108.621,3881308.850,1.932,-1.716182,gps_course,42,24.294,,,,,,,0.000000,0.0000,2.000,-0.068,STOP_ROUTE_ERROR
105.759013,129.088940666667,35.074503166667,508108.621,3881308.850,1.932,-1.716182,gps_course,42,24.294,,,,,,,0.000000,0.0000,2.000,-0.068,STOP_ROUTE_ERROR
105.806871,129.088940666667,35.074503166667,508108.621,3881308.850,1.932,-1.716182,gps_course,42,24.294,,,,,,,0.000000,0.0000,1.944,-0.013,STOP_ROUTE_ERROR
105.856880,129.088940666667,35.074503166667,508108.621,3881308.850,1.932,-1.716182,gps_course,42,24.294,,,,,,,0.000000,0.0000,1.944,-0.013,STOP_ROUTE_ERROR
105.908613,129.088940666667,35.074503166667,508108.621,3881308.850,1.932,-1.716182,gps_course,42,24.294,,,,,,,0.000000,0.0000,1.944,-0.013,STOP_ROUTE_ERROR
105.956812,129.088939166667,35.074499000000,508108.485,3881308.388,1.901,-1.876229,gps_course,43,23.950,,,,,,,0.000000,0.0000,1.944,-0.043,STOP_ROUTE_ERROR
106.006753,129.088939166667,35.074499000000,508108.485,3881308.388,1.901,-1.876229,gps_course,45,24.112,,,,,,,0.000000,0.0000,1.944,-0.043,STOP_ROUTE_ERROR
106.056717,129.088939166667,35.074499000000,508108.485,3881308.388,1.901,-1.876229,gps_course,47,24.121,,,,,,,0.000000,0.0000,1.944,-0.043,STOP_ROUTE_ERROR
106.106847,129.088939166667,35.074499000000,508108.485,3881308.388,1.901,-1.876229,gps_course,49,23.254,,,,,,,0.000000,0.0000,1.944,-0.043,STOP_ROUTE_ERROR
106.156730,129.088939166667,35.074499000000,508108.485,3881308.388,1.901,-1.876229,gps_course,51,21.687,,,,,,,0.000000,0.0000,1.944,-0.043,STOP_ROUTE_ERROR
106.206916,129.088936666667,35.074495000000,508108.257,3881307.944,1.992,-2.036450,gps_course,53,19.332,,,,,,,0.000000,0.0000,1.981,0.012,STOP_ROUTE_ERROR
106.256741,129.088936666667,35.074495000000,508108.257,3881307.944,1.992,-2.036450,gps_course,55,17.599,,,,,,,0.000000,0.0000,1.981,0.012,STOP_ROUTE_ERROR
106.306906,129.088936666667,35.074495000000,508108.257,3881307.944,1.992,-2.036450,gps_course,57,16.354,,,,,,,0.000000,0.0000,1.981,0.012,STOP_ROUTE_ERROR
106.357301,129.088936666667,35.074495000000,508108.257,3881307.944,1.992,-2.036450,gps_course,59,14.931,,,,,,,0.000000,0.0000,1.981,0.012,STOP_ROUTE_ERROR
106.406718,129.088936666667,35.074495000000,508108.257,3881307.944,1.992,-2.036450,gps_course,61,13.216,,,,,,,0.000000,0.0000,2.075,-0.083,STOP_ROUTE_ERROR
106.456842,129.088933166667,35.074491500000,508107.938,3881307.555,2.034,-2.246239,gps_course,61,12.748,,,,,,,0.000000,0.0000,2.075,-0.041,STOP_ROUTE_ERROR
106.506797,129.088933166667,35.074491500000,508107.938,3881307.555,2.034,-2.246239,gps_course,61,12.748,,,,,,,0.000000,0.0000,2.075,-0.041,STOP_ROUTE_ERROR
106.557280,129.088933166667,35.074491500000,508107.938,3881307.555,2.034,-2.246239,gps_course,61,12.748,,,,,,,0.000000,0.0000,2.075,-0.041,STOP_ROUTE_ERROR
106.606677,129.088933166667,35.074491500000,508107.938,3881307.555,2.034,-2.246239,gps_course,61,12.748,,,,,,,0.000000,0.0000,2.094,-0.060,STOP_ROUTE_ERROR
106.656935,129.088933166667,35.074491500000,508107.938,3881307.555,2.034,-2.246239,gps_course,61,12.748,,,,,,,0.000000,0.0000,2.094,-0.060,STOP_ROUTE_ERROR
106.707559,129.088929333333,35.074487833333,508107.589,3881307.148,2.062,-2.279749,gps_course,61,12.255,,,,,,,0.000000,0.0000,2.094,-0.033,STOP_ROUTE_ERROR
106.756729,129.088929333333,35.074487833333,508107.589,3881307.148,2.062,-2.279749,gps_course,61,12.255,,,,,,,0.000000,0.0000,2.094,-0.033,STOP_ROUTE_ERROR
106.806748,129.088929333333,35.074487833333,508107.589,3881307.148,2.062,-2.279749,gps_course,61,12.255,,,,,,,0.000000,0.0000,2.075,-0.013,STOP_ROUTE_ERROR
106.856726,129.088929333333,35.074487833333,508107.589,3881307.148,2.062,-2.279749,gps_course,61,12.255,,,,,,,0.000000,0.0000,2.075,-0.013,STOP_ROUTE_ERROR
106.906737,129.088929333333,35.074487833333,508107.589,3881307.148,2.062,-2.279749,gps_course,61,12.255,,,,,,,0.000000,0.0000,2.075,-0.013,STOP_ROUTE_ERROR
106.956725,129.088925500000,35.074484333333,508107.240,3881306.760,2.114,-2.302613,gps_course,61,11.783,,,,,,,0.000000,0.0000,2.075,0.039,STOP_ROUTE_ERROR
107.006929,129.088925500000,35.074484333333,508107.240,3881306.760,2.114,-2.302613,gps_course,61,11.783,,,,,,,0.000000,0.0000,2.094,0.019,STOP_ROUTE_ERROR
107.056853,129.088925500000,35.074484333333,508107.240,3881306.760,2.114,-2.302613,gps_course,61,11.783,,,,,,,0.000000,0.0000,2.094,0.019,STOP_ROUTE_ERROR
107.106815,129.088925500000,35.074484333333,508107.240,3881306.760,2.114,-2.302613,gps_course,61,11.783,,,,,,,0.000000,0.0000,2.094,0.019,STOP_ROUTE_ERROR
107.156891,129.088925500000,35.074484333333,508107.240,3881306.760,2.114,-2.302613,gps_course,61,11.783,,,,,,,0.000000,0.0000,2.094,0.019,STOP_ROUTE_ERROR
107.206785,129.088921666667,35.074480833333,508106.891,3881306.372,2.089,-2.320764,gps_course,61,11.316,,,,,,,0.000000,0.0000,2.153,-0.064,STOP_ROUTE_ERROR
107.256759,129.088921666667,35.074480833333,508106.891,3881306.372,2.089,-2.320764,gps_course,61,11.316,,,,,,,0.000000,0.0000,2.153,-0.064,STOP_ROUTE_ERROR
107.307021,129.088921666667,35.074480833333,508106.891,3881306.372,2.089,-2.320764,gps_course,61,11.316,,,,,,,0.000000,0.0000,2.153,-0.064,STOP_ROUTE_ERROR
107.356853,129.088921666667,35.074480833333,508106.891,3881306.372,2.089,-2.320764,gps_course,61,11.316,,,,,,,0.000000,0.0000,2.153,-0.064,STOP_ROUTE_ERROR
107.406861,129.088921666667,35.074480833333,508106.891,3881306.372,2.089,-2.320764,gps_course,61,11.316,,,,,,,0.000000,0.0000,2.208,-0.119,STOP_ROUTE_ERROR
107.456714,129.088921666667,35.074480833333,508106.891,3881306.372,2.118,-2.351831,gps_course,61,11.316,,,,,,,0.000000,0.0000,2.208,-0.091,STOP_ROUTE_ERROR
107.508173,129.088917666667,35.074477500000,508106.527,3881306.002,2.118,-2.351831,gps_course,61,10.869,,,,,,,0.000000,0.0000,2.208,-0.091,STOP_ROUTE_ERROR
107.556743,129.088917666667,35.074477500000,508106.527,3881306.002,2.118,-2.351831,gps_course,61,10.869,,,,,,,0.000000,0.0000,2.208,-0.091,STOP_ROUTE_ERROR
107.606703,129.088917666667,35.074477500000,508106.527,3881306.002,2.118,-2.351831,gps_course,61,10.869,,,,,,,0.000000,0.0000,2.000,0.118,STOP_ROUTE_ERROR
107.656733,129.088917666667,35.074477500000,508106.527,3881306.002,2.118,-2.351831,gps_course,61,10.869,,,,,,,0.000000,0.0000,2.000,0.118,STOP_ROUTE_ERROR
107.706781,129.088913500000,35.074474166667,508106.147,3881305.632,2.089,-2.356544,gps_course,61,10.425,,,,,,,0.000000,0.0000,2.000,0.089,STOP_ROUTE_ERROR
107.756725,129.088913500000,35.074474166667,508106.147,3881305.632,2.089,-2.356544,gps_course,61,10.425,,,,,,,0.000000,0.0000,2.000,0.089,STOP_ROUTE_ERROR
107.807426,129.088913500000,35.074474166667,508106.147,3881305.632,2.089,-2.356544,gps_course,61,10.425,,,,,,,0.000000,0.0000,1.964,0.125,STOP_ROUTE_ERROR
107.856930,129.088913500000,35.074474166667,508106.147,3881305.632,2.089,-2.356544,gps_course,61,10.425,,,,,,,0.000000,0.0000,1.964,0.125,STOP_ROUTE_ERROR
107.906905,129.088913500000,35.074474166667,508106.147,3881305.632,2.089,-2.356544,gps_course,61,10.425,,,,,,,0.000000,0.0000,1.964,0.125,STOP_ROUTE_ERROR
107.956782,129.088909000000,35.074471166667,508105.737,3881305.299,2.130,-2.461438,gps_course,61,10.021,,,,,,,0.000000,0.0000,1.964,0.166,STOP_ROUTE_ERROR
108.006783,129.088909000000,35.074471166667,508105.737,3881305.299,2.130,-2.461438,gps_course,61,10.021,,,,,,,0.000000,0.0000,2.247,-0.117,STOP_ROUTE_ERROR
108.056844,129.088909000000,35.074471166667,508105.737,3881305.299,2.130,-2.461438,gps_course,61,10.021,,,,,,,0.000000,0.0000,2.247,-0.117,STOP_ROUTE_ERROR
108.106873,129.088909000000,35.074471166667,508105.737,3881305.299,2.130,-2.461438,gps_course,61,10.021,,,,,,,0.000000,0.0000,2.247,-0.117,STOP_ROUTE_ERROR
108.156926,129.088909000000,35.074471166667,508105.737,3881305.299,2.130,-2.461438,gps_course,61,10.021,,,,,,,0.000000,0.0000,2.247,-0.117,STOP_ROUTE_ERROR
108.207013,129.088904333333,35.074468000000,508105.312,3881304.947,2.178,-2.450791,gps_course,61,9.608,7.000,61,508104.014,3881295.427,0.744453,-0.101902,-0.029752,0.5600,2.153,0.025,TRACKING|w0 d0 L61
108.256811,129.088904333333,35.074468000000,508105.312,3881304.947,2.178,-2.450791,gps_course,61,9.608,7.000,61,508104.014,3881295.427,0.744453,-0.101902,-0.058612,0.5600,2.153,0.025,TRACKING|w0 d0 L61
108.308634,129.088904333333,35.074468000000,508105.312,3881304.947,2.178,-2.450791,gps_course,61,9.608,7.000,61,508104.014,3881295.427,0.744453,-0.101902,-0.075928,0.5600,2.153,0.025,TRACKING|w0 d0 L61
108.356760,129.088904333333,35.074468000000,508105.312,3881304.947,2.178,-2.450791,gps_course,61,9.608,7.000,61,508104.014,3881295.427,0.744453,-0.101902,-0.086318,0.5600,2.153,0.025,TRACKING|w0 d0 L61
108.406846,129.088904333333,35.074468000000,508105.312,3881304.947,2.178,-2.450791,gps_course,61,9.608,7.000,61,508104.014,3881295.427,0.744453,-0.101902,-0.092551,0.5600,2.114,0.064,TRACKING|w0 d0 L61
108.456608,129.088900000000,35.074465000000,508104.917,3881304.614,2.100,-2.431244,gps_course,61,9.231,7.000,61,508104.014,3881295.427,0.762411,-0.108065,-0.098757,0.5600,2.114,-0.014,TRACKING|w0 d0 L61
108.506956,129.088900000000,35.074465000000,508104.917,3881304.614,2.100,-2.431244,gps_course,61,9.231,7.000,61,508104.014,3881295.427,0.762411,-0.108065,-0.102480,0.5600,2.114,-0.014,TRACKING|w0 d0 L61
108.557259,129.088900000000,35.074465000000,508104.917,3881304.614,2.100,-2.431244,gps_course,61,9.231,7.000,61,508104.014,3881295.427,0.762411,-0.108065,-0.104714,0.5600,2.114,-0.014,TRACKING|w0 d0 L61
108.606990,129.088900000000,35.074465000000,508104.917,3881304.614,2.100,-2.431244,gps_course,61,9.231,7.000,61,508104.014,3881295.427,0.762411,-0.108065,-0.106055,0.5600,2.133,-0.034,TRACKING|w0 d0 L61
108.658631,129.088900000000,35.074465000000,508104.917,3881304.614,2.100,-2.431244,gps_course,61,9.231,7.000,61,508104.014,3881295.427,0.762411,-0.108065,-0.106859,0.5600,2.133,-0.034,TRACKING|w0 d0 L61
108.707133,129.088895333333,35.074462166667,508104.492,3881304.299,2.070,-2.510656,gps_course,61,8.885,7.000,61,508104.014,3881295.427,0.885995,-0.125734,-0.114409,0.5600,2.133,-0.063,TRACKING|w0 d0 L61
108.756898,129.088895333333,35.074462166667,508104.492,3881304.299,2.070,-2.510656,gps_course,61,8.885,7.000,61,508104.014,3881295.427,0.885995,-0.125734,-0.118939,0.5600,2.133,-0.063,TRACKING|w0 d0 L61
108.806758,129.088895333333,35.074462166667,508104.492,3881304.299,2.070,-2.510656,gps_course,61,8.885,7.000,61,508104.014,3881295.427,0.885995,-0.125734,-0.121657,0.5600,2.075,-0.005,TRACKING|w0 d0 L61
108.856741,129.088895333333,35.074462166667,508104.492,3881304.299,2.070,-2.510656,gps_course,61,8.885,7.000,61,508104.014,3881295.427,0.885995,-0.125734,-0.123288,0.5600,2.075,-0.005,TRACKING|w0 d0 L61
108.906894,129.088895333333,35.074462166667,508104.492,3881304.299,2.070,-2.510656,gps_course,61,8.885,7.000,61,508104.014,3881295.427,0.885995,-0.125734,-0.124267,0.5600,2.075,-0.005,TRACKING|w0 d0 L61
108.958426,129.088890666667,35.074459500000,508104.067,3881304.003,2.105,-2.537011,gps_course,61,8.576,7.000,61,508104.014,3881295.427,0.960014,-0.137627,-0.129611,0.5600,2.075,0.030,TRACKING|w0 d0 L61
109.006741,129.088890666667,35.074459500000,508104.067,3881304.003,2.105,-2.537011,gps_course,61,8.576,7.000,61,508104.014,3881295.427,0.960014,-0.137627,-0.132817,0.5600,2.075,0.030,TRACKING|w0 d0 L61
109.056748,129.088890666667,35.074459500000,508104.067,3881304.003,2.105,-2.537011,gps_course,61,8.576,7.000,61,508104.014,3881295.427,0.960014,-0.137627,-0.134741,0.5600,2.075,0.030,TRACKING|w0 d0 L61
109.109214,129.088890666667,35.074459500000,508104.067,3881304.003,2.105,-2.537011,gps_course,61,8.576,7.000,61,508104.014,3881295.427,0.960014,-0.137627,-0.135896,0.5600,2.075,0.030,TRACKING|w0 d0 L61
109.156718,129.088890666667,35.074459500000,508104.067,3881304.003,2.105,-2.537011,gps_course,61,8.576,7.000,61,508104.014,3881295.427,0.960014,-0.137627,-0.136588,0.5600,2.075,0.030,TRACKING|w0 d0 L61
109.206778,129.088885666667,35.074457000000,508103.611,3881303.726,2.121,-2.608220,gps_course,61,8.308,7.000,61,508104.014,3881295.427,1.085880,-0.153196,-0.143231,0.5600,2.058,0.063,TRACKING|w0 d0 L61
109.256674,129.088885666667,35.074457000000,508103.611,3881303.726,2.121,-2.608220,gps_course,61,8.308,7.000,61,508104.014,3881295.427,1.085880,-0.153196,-0.147217,0.5600,2.058,0.063,TRACKING|w0 d0 L61
109.306790,129.088885666667,35.074457000000,508103.611,3881303.726,2.121,-2.608220,gps_course,61,8.308,7.000,61,508104.014,3881295.427,1.085880,-0.153196,-0.149608,0.5600,2.058,0.063,TRACKING|w0 d0 L61
109.356729,129.088885666667,35.074457000000,508103.611,3881303.726,2.121,-2.608220,gps_course,61,8.308,7.000,61,508104.014,3881295.427,1.085880,-0.153196,-0.151043,0.5600,2.058,0.063,TRACKING|w0 d0 L61
109.406880,129.088885666667,35.074457000000,508103.611,3881303.726,2.121,-2.608220,gps_course,61,8.308,7.000,61,508104.014,3881295.427,1.085880,-0.153196,-0.151904,0.5600,2.019,0.102,TRACKING|w0 d0 L61
109.456829,129.088885666667,35.074457000000,508103.611,3881303.726,2.121,-2.608220,gps_course,61,8.308,7.000,61,508104.014,3881295.427,1.085880,-0.153196,-0.152421,0.5600,2.019,0.102,TRACKING|w0 d0 L61
109.506916,129.088880666667,35.074454833333,508103.156,3881303.485,2.064,-2.623055,gps_course,61,8.103,7.000,61,508104.014,3881295.427,1.158347,-0.162488,-0.156448,0.5600,2.019,0.044,TRACKING|w0 d0 L61
109.557233,129.088880666667,35.074454833333,508103.156,3881303.485,2.064,-2.623055,gps_course,61,8.103,7.000,61,508104.014,3881295.427,1.158347,-0.162488,-0.158864,0.5600,2.019,0.044,TRACKING|w0 d0 L61
109.606680,129.088880666667,35.074454833333,508103.156,3881303.485,2.064,-2.623055,gps_course,61,8.103,7.000,61,508104.014,3881295.427,1.158347,-0.162488,-0.160313,0.5600,2.019,0.044,TRACKING|w0 d0 L61
109.656826,129.088880666667,35.074454833333,508103.156,3881303.485,2.064,-2.623055,gps_course,61,8.103,7.000,61,508104.014,3881295.427,1.158347,-0.162488,-0.161183,0.5600,2.019,0.044,TRACKING|w0 d0 L61
109.706643,129.088875833333,35.074452666667,508102.715,3881303.244,2.042,-2.649933,gps_course,61,7.924,7.000,61,508104.014,3881295.427,1.243743,-0.171580,-0.165342,0.5600,2.019,0.022,TRACKING|w0 d0 L61
109.756961,129.088875833333,35.074452666667,508102.715,3881303.244,2.042,-2.649933,gps_course,61,7.924,7.000,61,508104.014,3881295.427,1.243743,-0.171580,-0.167837,0.5600,2.019,0.022,TRACKING|w0 d0 L61
109.806882,129.088875833333,35.074452666667,508102.715,3881303.244,2.042,-2.649933,gps_course,61,7.924,7.000,61,508104.014,3881295.427,1.243743,-0.171580,-0.169334,0.5600,2.039,0.003,TRACKING|w0 d0 L61
109.856768,129.088875833333,35.074452666667,508102.715,3881303.244,2.042,-2.649933,gps_course,61,7.924,7.000,61,508104.014,3881295.427,1.243743,-0.171580,-0.170232,0.5600,2.039,0.003,TRACKING|w0 d0 L61
109.907476,129.088875833333,35.074452666667,508102.715,3881303.244,2.042,-2.649933,gps_course,61,7.924,7.000,61,508104.014,3881295.427,1.243743,-0.171580,-0.170771,0.5600,2.039,0.003,TRACKING|w0 d0 L61
109.956703,129.088871000000,35.074450500000,508102.275,3881303.004,2.021,-2.655693,gps_course,61,7.773,7.000,61,508104.014,3881295.427,1.310507,-0.178334,-0.173797,0.5600,2.039,-0.018,TRACKING|w0 d0 L61
110.006839,129.088871000000,35.074450500000,508102.275,3881303.004,2.021,-2.655693,gps_course,61,7.773,7.000,61,508104.014,3881295.427,1.310507,-0.178334,-0.175612,0.5600,1.981,0.040,TRACKING|w0 d0 L61
110.056745,129.088871000000,35.074450500000,508102.275,3881303.004,2.021,-2.655693,gps_course,61,7.773,7.000,61,508104.014,3881295.427,1.310507,-0.178334,-0.176701,0.5600,1.981,0.040,TRACKING|w0 d0 L61
110.106712,129.088871000000,35.074450500000,508102.275,3881303.004,2.021,-2.655693,gps_course,61,7.773,7.000,61,508104.014,3881295.427,1.310507,-0.178334,-0.177354,0.5600,1.981,0.040,TRACKING|w0 d0 L61
110.156909,129.088871000000,35.074450500000,508102.275,3881303.004,2.021,-2.655693,gps_course,61,7.773,7.000,61,508104.014,3881295.427,1.310507,-0.178334,-0.177746,0.5600,1.981,0.040,TRACKING|w0 d0 L61
110.206763,129.088866333333,35.074448000000,508101.849,3881302.726,1.963,-2.585705,gps_course,61,7.613,7.000,61,508104.014,3881295.427,1.303156,-0.181660,-0.179312,0.5600,1.964,-0.001,TRACKING|w0 d0 L61
110.257333,129.088866333333,35.074448000000,508101.849,3881302.726,1.963,-2.585705,gps_course,61,7.613,7.000,61,508104.014,3881295.427,1.303156,-0.181660,-0.180251,0.5600,1.964,-0.001,TRACKING|w0 d0 L61
110.306790,129.088866333333,35.074448000000,508101.849,3881302.726,1.963,-2.585705,gps_course,61,7.613,7.000,61,508104.014,3881295.427,1.303156,-0.181660,-0.180815,0.5600,1.964,-0.001,TRACKING|w0 d0 L61
110.356815,129.088866333333,35.074448000000,508101.849,3881302.726,1.963,-2.585705,gps_course,61,7.613,7.000,61,508104.014,3881295.427,1.303156,-0.181660,-0.181153,0.5600,1.964,-0.001,TRACKING|w0 d0 L61
110.406751,129.088866333333,35.074448000000,508101.849,3881302.726,1.963,-2.585705,gps_course,61,7.613,7.000,61,508104.014,3881295.427,1.303156,-0.181660,-0.181356,0.5600,1.925,0.038,TRACKING|w0 d0 L61
110.456717,129.088866333333,35.074448000000,508101.849,3881302.726,1.963,-2.585705,gps_course,61,7.613,7.000,61,508104.014,3881295.427,1.303156,-0.181660,-0.181477,0.5600,1.925,0.038,TRACKING|w0 d0 L61
110.506872,129.088862000000,35.074445833333,508101.455,3881302.485,1.898,-2.564936,gps_course,61,7.508,7.000,61,508104.014,3881295.427,1.341956,-0.185926,-0.183257,0.5600,1.925,-0.027,TRACKING|w0 d0 L61
110.556743,129.088862000000,35.074445833333,508101.455,3881302.485,1.898,-2.564936,gps_course,61,7.508,7.000,61,508104.014,3881295.427,1.341956,-0.185926,-0.184324,0.5600,1.925,-0.027,TRACKING|w0 d0 L61
110.606610,129.088862000000,35.074445833333,508101.455,3881302.485,1.898,-2.564936,gps_course,61,7.508,7.000,61,508104.014,3881295.427,1.341956,-0.185926,-0.184965,0.5600,1.850,0.048,TRACKING|w0 d0 L61
110.656783,129.088862000000,35.074445833333,508101.455,3881302.485,1.898,-2.564936,gps_course,61,7.508,7.000,61,508104.014,3881295.427,1.341956,-0.185926,-0.185349,0.5600,1.850,0.048,TRACKING|w0 d0 L61
110.707777,129.088857833333,35.074443500000,508101.075,3881302.226,1.849,-2.559351,gps_course,61,7.407,7.000,61,508104.014,3881295.427,1.396515,-0.190459,-0.187393,0.5600,1.850,-0.001,TRACKING|w0 d0 L61
110.756763,129.088857833333,35.074443500000,508101.075,3881302.226,1.849,-2.559351,gps_course,61,7.407,7.000,61,508104.014,3881295.427,1.396515,-0.190459,-0.188620,0.5600,1.850,-0.001,TRACKING|w0 d0 L61
110.806790,129.088857833333,35.074443500000,508101.075,3881302.226,1.849,-2.559351,gps_course,61,7.407,7.000,61,508104.014,3881295.427,1.396515,-0.190459,-0.189355,0.5600,1.831,0.019,TRACKING|w0 d0 L61
110.856738,129.088857833333,35.074443500000,508101.075,3881302.226,1.849,-2.559351,gps_course,61,7.407,7.000,61,508104.014,3881295.427,1.396515,-0.190459,-0.189797,0.5600,1.831,0.019,TRACKING|w0 d0 L61
110.907004,129.088857833333,35.074443500000,508101.075,3881302.226,1.849,-2.559351,gps_course,61,7.407,7.000,61,508104.014,3881295.427,1.396515,-0.190459,-0.190062,0.5600,1.831,0.019,TRACKING|w0 d0 L61
110.956936,129.088853500000,35.074441333333,508100.680,3881301.986,1.826,-2.590243,gps_course,61,7.357,7.000,61,508104.014,3881295.427,1.489689,-0.193973,-0.191626,0.5600,1.831,-0.004,TRACKING|w0 d0 L61
111.007026,129.088853500000,35.074441333333,508100.680,3881301.986,1.826,-2.590243,gps_course,61,7.357,7.000,61,508104.014,3881295.427,1.489689,-0.193973,-0.192565,0.5600,1.794,0.032,TRACKING|w0 d0 L61
111.057269,129.088853500000,35.074441333333,508100.680,3881301.986,1.826,-2.590243,gps_course,61,7.357,7.000,61,508104.014,3881295.427,1.489689,-0.193973,-0.193128,0.5600,1.794,0.032,TRACKING|w0 d0 L61
111.106738,129.088853500000,35.074441333333,508100.680,3881301.986,1.826,-2.590243,gps_course,61,7.357,7.000,61,508104.014,3881295.427,1.489689,-0.193973,-0.193466,0.5600,1.794,0.032,TRACKING|w0 d0 L61
111.157393,129.088853500000,35.074441333333,508100.680,3881301.986,1.826,-2.590243,gps_course,61,7.357,7.000,61,508104.014,3881295.427,1.489689,-0.193973,-0.193669,0.5600,1.794,0.032,TRACKING|w0 d0 L61
111.206726,129.088849166667,35.074439500000,508100.285,3881301.782,1.795,-2.642778,gps_course,61,7.368,7.000,61,508104.014,3881295.427,1.602564,-0.194224,-0.193891,0.5600,1.775,0.020,TRACKING|w0 d0 L61
111.256806,129.088849166667,35.074439500000,508100.285,3881301.782,1.795,-2.642778,gps_course,61,7.368,7.000,61,508104.014,3881295.427,1.602564,-0.194224,-0.194024,0.5600,1.775,0.020,TRACKING|w0 d0 L61
111.307711,129.088849166667,35.074439500000,508100.285,3881301.782,1.795,-2.642778,gps_course,61,7.368,7.000,61,508104.014,3881295.427,1.602564,-0.194224,-0.194104,0.5600,1.775,0.020,TRACKING|w0 d0 L61
111.357044,129.088849166667,35.074439500000,508100.285,3881301.782,1.795,-2.642778,gps_course,61,7.368,7.000,61,508104.014,3881295.427,1.602564,-0.194224,-0.194152,0.5600,1.775,0.020,TRACKING|w0 d0 L61
111.406882,129.088849166667,35.074439500000,508100.285,3881301.782,1.795,-2.642778,gps_course,61,7.368,7.000,61,508104.014,3881295.427,1.602564,-0.194224,-0.194181,0.5600,1.756,0.040,TRACKING|w0 d0 L61
111.456831,129.088849166667,35.074439500000,508100.285,3881301.782,1.795,-2.642778,gps_course,61,7.368,7.000,61,508104.014,3881295.427,1.602564,-0.194224,-0.194198,0.5600,1.756,0.040,TRACKING|w0 d0 L61
111.507157,129.088845000000,35.074437666667,508099.906,3881301.578,1.714,-2.678906,gps_course,61,7.397,7.000,61,508104.014,3881295.427,1.696932,-0.192076,-0.193349,0.5600,1.756,-0.042,TRACKING|w0 d0 L61
111.556710,129.088845000000,35.074437666667,508099.906,3881301.578,1.714,-2.678906,gps_course,61,7.397,7.000,61,508104.014,3881295.427,1.696932,-0.192076,-0.192840,0.5600,1.756,-0.042,TRACKING|w0 d0 L61
111.606602,129.088845000000,35.074437666667,508099.906,3881301.578,1.714,-2.678906,gps_course,61,7.397,7.000,61,508104.014,3881295.427,1.696932,-0.192076,-0.192534,0.5600,1.700,0.014,TRACKING|w0 d0 L61
111.656725,129.088845000000,35.074437666667,508099.906,3881301.578,1.714,-2.678906,gps_course,61,7.397,7.000,61,508104.014,3881295.427,1.696932,-0.192076,-0.192351,0.5600,1.700,0.014,TRACKING|w0 d0 L61
111.706876,129.088841000000,35.074435833333,508099.541,3881301.375,1.703,-2.630386,gps_course,61,7.442,7.000,61,508104.014,3881295.427,1.704371,-0.190768,-0.191718,0.5600,1.700,0.003,TRACKING|w0 d0 L61
111.756879,129.088841000000,35.074435833333,508099.541,3881301.375,1.703,-2.630386,gps_course,61,7.442,7.000,61,508104.014,3881295.427,1.704371,-0.190768,-0.191338,0.5600,1.700,0.003,TRACKING|w0 d0 L61
111.806884,129.088841000000,35.074435833333,508099.541,3881301.375,1.703,-2.630386,gps_course,61,7.442,7.000,61,508104.014,3881295.427,1.704371,-0.190768,-0.191110,0.5600,1.717,-0.014,TRACKING|w0 d0 L61
111.856849,129.088841000000,35.074435833333,508099.541,3881301.375,1.703,-2.630386,gps_course,61,7.442,7.000,61,508104.014,3881295.427,1.704371,-0.190768,-0.190973,0.5600,1.717,-0.014,TRACKING|w0 d0 L61
111.906822,129.088841000000,35.074435833333,508099.541,3881301.375,1.703,-2.630386,gps_course,61,7.442,7.000,61,508104.014,3881295.427,1.704371,-0.190768,-0.190891,0.5600,1.717,-0.014,TRACKING|w0 d0 L61
111.956750,129.088837000000,35.074434166667,508099.177,3881301.189,1.636,-2.661104,gps_course,61,7.523,2.500,61,508104.014,3881295.427,1.788629,-0.186002,-0.188935,0.5600,1.717,-0.081,TRACKING|w0 d0 L61
112.006801,129.088837000000,35.074434166667,508099.177,3881301.189,1.636,-2.661104,gps_course,61,7.523,2.500,61,508104.014,3881295.427,1.788629,-0.186002,-0.187762,0.5600,1.567,0.069,TRACKING|w0 d0 L61
112.056765,129.088837000000,35.074434166667,508099.177,3881301.189,1.636,-2.661104,gps_course,61,7.523,2.500,61,508104.014,3881295.427,1.788629,-0.186002,-0.187058,0.5600,1.567,0.069,TRACKING|w0 d0 L61
112.106835,129.088837000000,35.074434166667,508099.177,3881301.189,1.636,-2.661104,gps_course,61,7.523,2.500,61,508104.014,3881295.427,1.788629,-0.186002,-0.186635,0.5600,1.567,0.069,TRACKING|w0 d0 L61
112.156852,129.088837000000,35.074434166667,508099.177,3881301.189,1.636,-2.661104,gps_course,61,7.523,2.500,61,508104.014,3881295.427,1.788629,-0.186002,-0.186382,0.5600,1.567,0.069,TRACKING|w0 d0 L61
112.206895,129.088833166667,35.074432500000,508098.827,3881301.004,1.571,-2.654995,gps_course,61,7.616,2.500,61,508104.014,3881295.427,1.833301,-0.181835,-0.184563,0.5600,1.472,0.099,TRACKING|w0 d0 L61
112.256825,129.088833166667,35.074432500000,508098.827,3881301.004,1.571,-2.654995,gps_course,61,7.616,2.500,61,508104.014,3881295.427,1.833301,-0.181835,-0.183472,0.5600,1.472,0.099,TRACKING|w0 d0 L61
112.306818,129.088833166667,35.074432500000,508098.827,3881301.004,1.571,-2.654995,gps_course,61,7.616,2.500,61,508104.014,3881295.427,1.833301,-0.181835,-0.182817,0.5600,1.472,0.099,TRACKING|w0 d0 L61
112.356764,129.088833166667,35.074432500000,508098.827,3881301.004,1.571,-2.654995,gps_course,61,7.616,2.500,61,508104.014,3881295.427,1.833301,-0.181835,-0.182424,0.5600,1.472,0.099,TRACKING|w0 d0 L61
112.406960,129.088833166667,35.074432500000,508098.827,3881301.004,1.571,-2.654995,gps_course,61,7.616,2.500,61,508104.014,3881295.427,1.833301,-0.181835,-0.182189,0.5600,1.472,0.099,TRACKING|w0 d0 L61
112.456610,129.088829333333,35.074430666667,508098.478,3881300.801,1.586,-2.636145,gps_course,61,7.715,2.500,61,508104.014,3881295.427,1.865603,-0.177938,-0.180488,0.5600,1.472,0.113,TRACKING|w0 d0 L61
112.506788,129.088829333333,35.074430666667,508098.478,3881300.801,1.586,-2.636145,gps_course,61,7.715,2.500,61,508104.014,3881295.427,1.865603,-0.177938,-0.179468,0.5600,1.472,0.113,TRACKING|w0 d0 L61
112.556878,129.088829333333,35.074430666667,508098.478,3881300.801,1.586,-2.636145,gps_course,61,7.715,2.500,61,508104.014,3881295.427,1.865603,-0.177938,-0.178856,0.5600,1.472,0.113,TRACKING|w0 d0 L61
112.606882,129.088829333333,35.074430666667,508098.478,3881300.801,1.586,-2.636145,gps_course,61,7.715,2.500,61,508104.014,3881295.427,1.865603,-0.177938,-0.178489,0.5600,1.528,0.058,TRACKING|w0 d0 L61
112.656831,129.088829333333,35.074430666667,508098.478,3881300.801,1.586,-2.636145,gps_course,61,7.715,2.500,61,508104.014,3881295.427,1.865603,-0.177938,-0.178269,0.5600,1.528,0.058,TRACKING|w0 d0 L61
112.706783,129.088825500000,35.074429000000,508098.129,3881300.616,1.565,-2.644523,gps_course,61,7.846,2.500,61,508104.014,3881295.427,1.921944,-0.171828,-0.175693,0.5600,1.528,0.037,TRACKING|w0 d0 L61
112.756986,129.088825500000,35.074429000000,508098.129,3881300.616,1.565,-2.644523,gps_course,61,7.846,2.500,61,508104.014,3881295.427,1.921944,-0.171828,-0.174147,0.5600,1.528,0.037,TRACKING|w0 d0 L61
112.806778,129.088825500000,35.074429000000,508098.129,3881300.616,1.565,-2.644523,gps_course,61,7.846,2.500,61,508104.014,3881295.427,1.921944,-0.171828,-0.173219,0.5600,1.378,0.187,TRACKING|w0 d0 L61
112.856726,129.088825500000,35.074429000000,508098.129,3881300.616,1.565,-2.644523,gps_course,61,7.846,2.500,61,508104.014,3881295.427,1.921944,-0.171828,-0.172663,0.5600,1.378,0.187,TRACKING|w0 d0 L61
112.906898,129.088825500000,35.074429000000,508098.129,3881300.616,1.565,-2.644523,gps_course,61,7.846,2.500,61,508104.014,3881295.427,1.921944,-0.171828,-0.172329,0.5600,1.378,0.187,TRACKING|w0 d0 L61
112.956894,129.088822000000,35.074427333333,508097.810,3881300.430,1.508,-2.639810,gps_course,61,7.970,2.500,61,508104.014,3881295.427,1.961130,-0.166685,-0.170071,0.5600,1.378,0.130,TRACKING|w0 d0 L61
113.006750,129.088822000000,35.074427333333,508097.810,3881300.430,1.508,-2.639810,gps_course,61,7.970,2.500,61,508104.014,3881295.427,1.961130,-0.166685,-0.168717,0.5600,1.358,0.150,TRACKING|w0 d0 L61
113.056897,129.088822000000,35.074427333333,508097.810,3881300.430,1.508,-2.639810,gps_course,61,7.970,2.500,61,508104.014,3881295.427,1.961130,-0.166685,-0.167904,0.5600,1.358,0.150,TRACKING|w0 d0 L61
113.107830,129.088822000000,35.074427333333,508097.810,3881300.430,1.508,-2.639810,gps_course,61,7.970,2.500,61,508104.014,3881295.427,1.961130,-0.166685,-0.167417,0.5600,1.358,0.150,TRACKING|w0 d0 L61
113.156685,129.088822000000,35.074427333333,508097.810,3881300.430,1.508,-2.639810,gps_course,61,7.970,2.500,61,508104.014,3881295.427,1.961130,-0.166685,-0.167124,0.5600,1.358,0.150,TRACKING|w0 d0 L61
113.206797,129.088818500000,35.074425666667,508097.491,3881300.245,1.473,-2.608744,gps_course,61,8.109,2.500,61,508104.014,3881295.427,1.972534,-0.163106,-0.165517,0.5600,0.472,1.001,TRACKING|w0 d0 L61
113.256758,129.088818500000,35.074425666667,508097.491,3881300.245,1.473,-2.608744,gps_course,61,8.109,2.500,61,508104.014,3881295.427,1.972534,-0.163106,-0.164553,0.5600,0.472,1.001,TRACKING|w0 d0 L61
113.306835,129.088818500000,35.074425666667,508097.491,3881300.245,1.473,-2.608744,gps_course,61,8.109,2.500,61,508104.014,3881295.427,1.972534,-0.163106,-0.163974,0.5600,0.472,1.001,TRACKING|w0 d0 L61
113.356835,129.088818500000,35.074425666667,508097.491,3881300.245,1.473,-2.608744,gps_course,61,8.109,2.500,61,508104.014,3881295.427,1.972534,-0.163106,-0.163627,0.5600,0.472,1.001,TRACKING|w0 d0 L61
113.407305,129.088818500000,35.074425666667,508097.491,3881300.245,1.473,-2.608744,gps_course,61,8.109,2.500,61,508104.014,3881295.427,1.972534,-0.163106,-0.163419,0.5600,-0.869,2.343,TRACKING|w0 d0 L61
113.456893,129.088818500000,35.074425666667,508097.491,3881300.245,1.473,-2.608744,gps_course,61,8.109,2.500,61,508104.014,3881295.427,1.972534,-0.163106,-0.163294,0.5600,-0.869,2.343,TRACKING|w0 d0 L61
113.506737,129.088817000000,35.074425000000,508097.354,3881300.171,0.680,-2.622706,gps_course,61,8.177,2.000,61,508104.014,3881295.427,2.003714,-0.159606,-0.161819,0.5600,-0.869,1.550,TRACKING|w0 d0 L61
113.556827,129.088817000000,35.074425000000,508097.354,3881300.171,0.680,-2.622706,gps_course,61,8.177,2.000,61,508104.014,3881295.427,2.003714,-0.159606,-0.160934,0.5600,-0.869,1.550,TRACKING|w0 d0 L61
113.606811,129.088817000000,35.074425000000,508097.354,3881300.171,0.680,-2.622706,gps_course,61,8.177,2.000,61,508104.014,3881295.427,2.003714,-0.159606,-0.160403,0.5600,0.322,0.358,TRACKING|w0 d0 L61
113.656818,129.088817000000,35.074425000000,508097.354,3881300.171,0.680,-2.622706,gps_course,61,8.177,2.000,61,508104.014,3881295.427,2.003714,-0.159606,-0.160084,0.5600,0.322,0.358,TRACKING|w0 d0 L61
113.706731,129.088816833333,35.074424833333,508097.339,3881300.153,0.078,-2.622706,gps_course,61,8.178,2.000,61,508104.014,3881295.427,2.006633,-0.159362,-0.159795,0.5600,0.322,-0.244,TRACKING|w0 d0 L61
113.756759,129.088816833333,35.074424833333,508097.339,3881300.153,0.078,-2.622706,gps_course,61,8.178,2.000,61,508104.014,3881295.427,2.006633,-0.159362,-0.159622,0.5600,0.322,-0.244,TRACKING|w0 d0 L61
113.806882,129.088816833333,35.074424833333,508097.339,3881300.153,0.078,-2.622706,gps_course,61,8.178,2.000,61,508104.014,3881295.427,2.006633,-0.159362,-0.159518,0.5600,0.056,0.023,TRACKING|w0 d0 L61
113.857516,129.088816833333,35.074424833333,508097.339,3881300.153,0.078,-2.622706,gps_course,61,8.178,2.000,61,508104.014,3881295.427,2.006633,-0.159362,-0.159456,0.5600,0.056,0.023,TRACKING|w0 d0 L61
113.906911,129.088816833333,35.074424833333,508097.339,3881300.153,0.078,-2.622706,gps_course,61,8.178,2.000,61,508104.014,3881295.427,2.006633,-0.159362,-0.159418,0.5600,0.056,0.023,TRACKING|w0 d0 L61
113.956690,129.088817000000,35.074424833333,508097.354,3881300.153,0.010,-2.622706,gps_course,61,8.166,2.000,61,508104.014,3881295.427,2.005557,-0.159678,-0.159522,0.5600,0.056,-0.045,TRACKING|w0 d0 L61
114.007635,129.088817000000,35.074424833333,508097.354,3881300.153,0.010,-2.622706,gps_course,61,8.166,2.000,61,508104.014,3881295.427,2.005557,-0.159678,-0.159585,0.5600,0.039,-0.029,TRACKING|w0 d0 L61
114.056768,129.088817000000,35.074424833333,508097.354,3881300.153,0.010,-2.622706,gps_course,61,8.166,2.000,61,508104.014,3881295.427,2.005557,-0.159678,-0.159622,0.5600,0.039,-0.029,TRACKING|w0 d0 L61
114.106841,129.088817000000,35.074424833333,508097.354,3881300.153,0.010,-2.622706,gps_course,61,8.166,2.000,61,508104.014,3881295.427,2.005557,-0.159678,-0.159645,0.5600,0.039,-0.029,TRACKING|w0 d0 L61
114.157337,129.088817000000,35.074424833333,508097.354,3881300.153,0.010,-2.622706,gps_course,61,8.166,2.000,61,508104.014,3881295.427,2.005557,-0.159678,-0.159658,0.5600,0.039,-0.029,TRACKING|w0 d0 L61
114.208459,129.088817000000,35.074424833333,508097.354,3881300.153,0.022,-2.622706,gps_course,61,8.166,2.000,61,508104.014,3881295.427,2.005557,-0.159678,-0.159666,0.5600,0.056,-0.034,TRACKING|w0 d0 L61
114.256902,129.088817000000,35.074424833333,508097.354,3881300.153,0.022,-2.622706,gps_course,61,8.166,2.000,61,508104.014,3881295.427,2.005557,-0.159678,-0.159671,0.5600,0.056,-0.034,TRACKING|w0 d0 L61
114.306775,129.088817000000,35.074424833333,508097.354,3881300.153,0.022,-2.622706,gps_course,61,8.166,2.000,61,508104.014,3881295.427,2.005557,-0.159678,-0.159674,0.5600,0.056,-0.034,TRACKING|w0 d0 L61
114.357336,129.088817000000,35.074424833333,508097.354,3881300.153,0.022,-2.622706,gps_course,61,8.166,2.000,61,508104.014,3881295.427,2.005557,-0.159678,-0.159676,0.5600,0.056,-0.034,TRACKING|w0 d0 L61
114.406772,129.088817000000,35.074424833333,508097.354,3881300.153,0.022,-2.622706,gps_course,61,8.166,2.000,61,508104.014,3881295.427,2.005557,-0.159678,-0.159677,0.5600,0.056,-0.034,TRACKING|w0 d0 L61
114.456622,129.088816833333,35.074424833333,508097.339,3881300.153,0.043,-2.622706,gps_course,61,8.178,2.000,61,508104.014,3881295.427,2.006633,-0.159362,-0.159551,0.5600,0.056,-0.012,TRACKING|w0 d0 L61
114.506859,129.088816833333,35.074424833333,508097.339,3881300.153,0.043,-2.622706,gps_course,61,8.178,2.000,61,508104.014,3881295.427,2.006633,-0.159362,-0.159475,0.5600,0.056,-0.012,TRACKING|w0 d0 L61
114.556838,129.088816833333,35.074424833333,508097.339,3881300.153,0.043,-2.622706,gps_course,61,8.178,2.000,61,508104.014,3881295.427,2.006633,-0.159362,-0.159430,0.5600,0.056,-0.012,TRACKING|w0 d0 L61
114.607949,129.088816833333,35.074424833333,508097.339,3881300.153,0.043,-2.622706,gps_course,61,8.178,2.000,61,508104.014,3881295.427,2.006633,-0.159362,-0.159403,0.5600,0.056,-0.012,TRACKING|w0 d0 L61
114.656781,129.088816833333,35.074424833333,508097.339,3881300.153,0.043,-2.622706,gps_course,61,8.178,2.000,61,508104.014,3881295.427,2.006633,-0.159362,-0.159387,0.5600,0.056,-0.012,TRACKING|w0 d0 L61
114.707723,129.088816666667,35.074424833333,508097.324,3881300.153,0.074,-2.622706,gps_course,61,8.191,2.000,61,508104.014,3881295.427,2.007707,-0.159047,-0.159251,0.5600,0.056,0.018,TRACKING|w0 d0 L61
114.756774,129.088816666667,35.074424833333,508097.324,3881300.153,0.074,-2.622706,gps_course,61,8.191,2.000,61,508104.014,3881295.427,2.007707,-0.159047,-0.159169,0.5600,0.056,0.018,TRACKING|w0 d0 L61
114.806880,129.088816666667,35.074424833333,508097.324,3881300.153,0.074,-2.622706,gps_course,61,8.191,2.000,61,508104.014,3881295.427,2.007707,-0.159047,-0.159120,0.5600,0.094,-0.021,TRACKING|w0 d0 L61
114.856734,129.088816666667,35.074424833333,508097.324,3881300.153,0.074,-2.622706,gps_course,61,8.191,2.000,61,508104.014,3881295.427,2.007707,-0.159047,-0.159091,0.5600,0.094,-0.021,TRACKING|w0 d0 L61
114.906769,129.088816666667,35.074424833333,508097.324,3881300.153,0.074,-2.622706,gps_course,61,8.191,2.000,61,508104.014,3881295.427,2.007707,-0.159047,-0.159073,0.5600,0.094,-0.021,TRACKING|w0 d0 L61
114.957066,129.088816333333,35.074424666667,508097.293,3881300.134,0.122,-2.874032,gps_course,61,8.205,2.000,61,508104.014,3881295.427,2.263010,-0.135219,-0.149531,0.5600,0.094,0.027,TRACKING|w0 d0 L61
115.006806,129.088816333333,35.074424666667,508097.293,3881300.134,0.122,-2.874032,gps_course,61,8.205,2.000,61,508104.014,3881295.427,2.263010,-0.135219,-0.143806,0.5600,0.114,0.008,TRACKING|w0 d0 L61
115.057300,129.088816333333,35.074424666667,508097.293,3881300.134,0.122,-2.874032,gps_course,61,8.205,2.000,61,508104.014,3881295.427,2.263010,-0.135219,-0.140371,0.5600,0.114,0.008,TRACKING|w0 d0 L61
115.107214,129.088816333333,35.074424666667,508097.293,3881300.134,0.122,-2.874032,gps_course,61,8.205,2.000,61,508104.014,3881295.427,2.263010,-0.135219,-0.138310,0.5600,0.114,0.008,TRACKING|w0 d0 L61
115.157247,129.088816333333,35.074424666667,508097.293,3881300.134,0.122,-2.874032,gps_course,61,8.205,2.000,61,508104.014,3881295.427,2.263010,-0.135219,-0.137074,0.5600,0.114,0.008,TRACKING|w0 d0 L61
115.206751,129.088816000000,35.074424500000,508097.263,3881300.116,0.172,-2.777342,gps_course,61,8.219,2.000,61,508104.014,3881295.427,2.170286,-0.144637,-0.140099,0.5600,0.189,-0.017,TRACKING|w0 d0 L61
115.256761,129.088816000000,35.074424500000,508097.263,3881300.116,0.172,-2.777342,gps_course,61,8.219,2.000,61,508104.014,3881295.427,2.170286,-0.144637,-0.141914,0.5600,0.189,-0.017,TRACKING|w0 d0 L61
115.306895,129.088816000000,35.074424500000,508097.263,3881300.116,0.172,-2.777342,gps_course,61,8.219,2.000,61,508104.014,3881295.427,2.170286,-0.144637,-0.143003,0.5600,0.189,-0.017,TRACKING|w0 d0 L61
115.356810,129.088816000000,35.074424500000,508097.263,3881300.116,0.172,-2.777342,gps_course,61,8.219,2.000,61,508104.014,3881295.427,2.170286,-0.144637,-0.143657,0.5600,0.189,-0.017,TRACKING|w0 d0 L61
115.406763,129.088816000000,35.074424500000,508097.263,3881300.116,0.172,-2.777342,gps_course,61,8.219,2.000,61,508104.014,3881295.427,2.170286,-0.144637,-0.144049,0.5600,0.169,0.003,TRACKING|w0 d0 L61
115.456614,129.088815500000,35.074424166667,508097.217,3881300.079,0.209,-2.569648,gps_course,61,8.236,2.000,61,508104.014,3881295.427,1.969438,-0.160856,-0.150772,0.5600,0.169,0.039,TRACKING|w0 d0 L61
115.507071,129.088815500000,35.074424166667,508097.217,3881300.079,0.209,-2.569648,gps_course,61,8.236,2.000,61,508104.014,3881295.427,1.969438,-0.160856,-0.154806,0.5600,0.169,0.039,TRACKING|w0 d0 L61
115.556717,129.088815500000,35.074424166667,508097.217,3881300.079,0.209,-2.569648,gps_course,61,8.236,2.000,61,508104.014,3881295.427,1.969438,-0.160856,-0.157226,0.5600,0.169,0.039,TRACKING|w0 d0 L61
115.607279,129.088815500000,35.074424166667,508097.217,3881300.079,0.209,-2.569648,gps_course,61,8.236,2.000,61,508104.014,3881295.427,1.969438,-0.160856,-0.158678,0.5600,0.244,-0.036,TRACKING|w0 d0 L61
115.656776,129.088815500000,35.074424166667,508097.217,3881300.079,0.209,-2.569648,gps_course,61,8.236,2.000,61,508104.014,3881295.427,1.969438,-0.160856,-0.159549,0.5600,0.244,-0.036,TRACKING|w0 d0 L61
115.706713,129.088814833333,35.074424000000,508097.157,3881300.060,0.250,-2.606649,gps_course,61,8.275,2.000,61,508104.014,3881295.427,2.012434,-0.157100,-0.158569,0.5600,0.244,0.006,TRACKING|w0 d0 L61
115.756722,129.088814833333,35.074424000000,508097.157,3881300.060,0.250,-2.606649,gps_course,61,8.275,2.000,61,508104.014,3881295.427,2.012434,-0.157100,-0.157982,0.5600,0.244,0.006,TRACKING|w0 d0 L61
115.806947,129.088814833333,35.074424000000,508097.157,3881300.060,0.250,-2.606649,gps_course,61,8.275,2.000,61,508104.014,3881295.427,2.012434,-0.157100,-0.157629,0.5600,0.228,0.022,TRACKING|w0 d0 L61
115.856856,129.088814833333,35.074424000000,508097.157,3881300.060,0.250,-2.606649,gps_course,61,8.275,2.000,61,508104.014,3881295.427,2.012434,-0.157100,-0.157417,0.5600,0.228,0.022,TRACKING|w0 d0 L61
115.906758,129.088814833333,35.074424000000,508097.157,3881300.060,0.250,-2.606649,gps_course,61,8.275,2.000,61,508104.014,3881295.427,2.012434,-0.157100,-0.157290,0.5600,0.228,0.022,TRACKING|w0 d0 L61
115.958190,129.088814333333,35.074423666667,508097.111,3881300.023,0.247,-2.622881,gps_course,61,8.293,2.000,61,508104.014,3881295.427,2.035439,-0.155060,-0.156398,0.5600,0.228,0.019,TRACKING|w0 d0 L61
116.007095,129.088814333333,35.074423666667,508097.111,3881300.023,0.247,-2.622881,gps_course,61,8.293,2.000,61,508104.014,3881295.427,2.035439,-0.155060,-0.155863,0.5600,0.228,0.019,TRACKING|w0 d0 L61
116.056726,129.088814333333,35.074423666667,508097.111,3881300.023,0.247,-2.622881,gps_course,61,8.293,2.000,61,508104.014,3881295.427,2.035439,-0.155060,-0.155542,0.5600,0.228,0.019,TRACKING|w0 d0 L61
116.106729,129.088814333333,35.074423666667,508097.111,3881300.023,0.247,-2.622881,gps_course,61,8.293,2.000,61,508104.014,3881295.427,2.035439,-0.155060,-0.155349,0.5600,0.228,0.019,TRACKING|w0 d0 L61
116.157008,129.088814333333,35.074423666667,508097.111,3881300.023,0.247,-2.622881,gps_course,61,8.293,2.000,61,508104.014,3881295.427,2.035439,-0.155060,-0.155234,0.5600,0.228,0.019,TRACKING|w0 d0 L61
116.206901,129.088813666667,35.074423500000,508097.050,3881300.005,0.236,-2.658136,gps_course,61,8.333,2.000,61,508104.014,3881295.427,2.076587,-0.151058,-0.153563,0.5600,0.208,0.027,TRACKING|w0 d0 L61
116.256827,129.088813666667,35.074423500000,508097.050,3881300.005,0.236,-2.658136,gps_course,61,8.333,2.000,61,508104.014,3881295.427,2.076587,-0.151058,-0.152561,0.5600,0.208,0.027,TRACKING|w0 d0 L61
116.306715,129.088813666667,35.074423500000,508097.050,3881300.005,0.236,-2.658136,gps_course,61,8.333,2.000,61,508104.014,3881295.427,2.076587,-0.151058,-0.151960,0.5600,0.208,0.027,TRACKING|w0 d0 L61
116.357117,129.088813666667,35.074423500000,508097.050,3881300.005,0.236,-2.658136,gps_course,61,8.333,2.000,61,508104.014,3881295.427,2.076587,-0.151058,-0.151599,0.5600,0.208,0.027,TRACKING|w0 d0 L61
116.406915,129.088813666667,35.074423500000,508097.050,3881300.005,0.236,-2.658136,gps_course,61,8.333,2.000,61,508104.014,3881295.427,2.076587,-0.151058,-0.151382,0.5600,-0.150,0.386,TRACKING|w0 d0 L61
116.456618,129.088813500000,35.074423333333,508097.035,3881299.986,0.130,-2.917137,gps_course,61,8.336,2.000,61,508104.014,3881295.427,2.338442,-0.124518,-0.140637,0.5600,-0.150,0.280,TRACKING|w0 d0 L61
116.506756,129.088813500000,35.074423333333,508097.035,3881299.986,0.130,-2.917137,gps_course,61,8.336,2.000,61,508104.014,3881295.427,2.338442,-0.124518,-0.134189,0.5600,-0.150,0.280,TRACKING|w0 d0 L61
116.556783,129.088813500000,35.074423333333,508097.035,3881299.986,0.130,-2.917137,gps_course,61,8.336,2.000,61,508104.014,3881295.427,2.338442,-0.124518,-0.130321,0.5600,-0.150,0.280,TRACKING|w0 d0 L61
116.606878,129.088813500000,35.074423333333,508097.035,3881299.986,0.130,-2.917137,gps_course,61,8.336,2.000,61,508104.014,3881295.427,2.338442,-0.124518,-0.128000,0.5600,0.094,0.036,TRACKING|w0 d0 L61
116.656878,129.088813500000,35.074423333333,508097.035,3881299.986,0.130,-2.917137,gps_course,61,8.336,2.000,61,508104.014,3881295.427,2.338442,-0.124518,-0.126607,0.5600,0.094,0.036,TRACKING|w0 d0 L61
116.706738,129.088813666667,35.074423333333,508097.050,3881299.986,0.061,-2.917137,gps_course,61,8.323,2.000,61,508104.014,3881295.427,2.337443,-0.124825,-0.125894,0.5600,0.094,-0.033,TRACKING|w0 d0 L61
116.757741,129.088813666667,35.074423333333,508097.050,3881299.986,0.061,-2.917137,gps_course,61,8.323,2.000,61,508104.014,3881295.427,2.337443,-0.124825,-0.125467,0.5600,0.094,-0.033,TRACKING|w0 d0 L61
116.806753,129.088813666667,35.074423333333,508097.050,3881299.986,0.061,-2.917137,gps_course,61,8.323,2.000,61,508104.014,3881295.427,2.337443,-0.124825,-0.125210,0.5600,0.056,0.006,TRACKING|w0 d0 L61
116.856791,129.088813666667,35.074423333333,508097.050,3881299.986,0.061,-2.917137,gps_course,61,8.323,2.000,61,508104.014,3881295.427,2.337443,-0.124825,-0.125056,0.5600,0.056,0.006,TRACKING|w0 d0 L61
116.906901,129.088813666667,35.074423333333,508097.050,3881299.986,0.061,-2.917137,gps_course,61,8.323,2.000,61,508104.014,3881295.427,2.337443,-0.124825,-0.124964,0.5600,0.056,0.006,TRACKING|w0 d0 L61
116.956733,129.088813500000,35.074423333333,508097.035,3881299.986,0.024,-2.917137,gps_course,61,8.336,2.000,61,508104.014,3881295.427,2.338442,-0.124518,-0.124786,0.5600,0.056,-0.031,TRACKING|w0 d0 L61
117.006721,129.088813500000,35.074423333333,508097.035,3881299.986,0.024,-2.917137,gps_course,61,8.336,2.000,61,508104.014,3881295.427,2.338442,-0.124518,-0.124679,0.5600,0.019,0.005,TRACKING|w0 d0 L61
117.057102,129.088813500000,35.074423333333,508097.035,3881299.986,0.024,-2.917137,gps_course,61,8.336,2.000,61,508104.014,3881295.427,2.338442,-0.124518,-0.124614,0.5600,0.019,0.005,TRACKING|w0 d0 L61
117.108297,129.088813500000,35.074423333333,508097.035,3881299.986,0.024,-2.917137,gps_course,61,8.336,2.000,61,508104.014,3881295.427,2.338442,-0.124518,-0.124576,0.5600,0.019,0.005,TRACKING|w0 d0 L61
117.156739,129.088813500000,35.074423333333,508097.035,3881299.986,0.024,-2.917137,gps_course,61,8.336,2.000,61,508104.014,3881295.427,2.338442,-0.124518,-0.124553,0.5600,0.019,0.005,TRACKING|w0 d0 L61
117.206767,129.088813500000,35.074423333333,508097.035,3881299.986,0.022,-2.917137,gps_course,61,8.336,2.000,61,508104.014,3881295.427,2.338442,-0.124518,-0.124539,0.5600,0.000,0.022,TRACKING|w0 d0 L61
117.256752,129.088813500000,35.074423333333,508097.035,3881299.986,0.022,-2.917137,gps_course,61,8.336,2.000,61,508104.014,3881295.427,2.338442,-0.124518,-0.124531,0.5600,0.000,0.022,TRACKING|w0 d0 L61
117.306762,129.088813500000,35.074423333333,508097.035,3881299.986,0.022,-2.917137,gps_course,61,8.336,2.000,61,508104.014,3881295.427,2.338442,-0.124518,-0.124526,0.5600,0.000,0.022,TRACKING|w0 d0 L61
117.356878,129.088813500000,35.074423333333,508097.035,3881299.986,0.022,-2.917137,gps_course,61,8.336,2.000,61,508104.014,3881295.427,2.338442,-0.124518,-0.124523,0.5600,0.000,0.022,TRACKING|w0 d0 L61
117.407100,129.088813500000,35.074423333333,508097.035,3881299.986,0.022,-2.917137,gps_course,61,8.336,2.000,61,508104.014,3881295.427,2.338442,-0.124518,-0.124521,0.5600,0.000,0.022,TRACKING|w0 d0 L61
117.456932,129.088813500000,35.074423333333,508097.035,3881299.986,0.022,-2.917137,gps_course,61,8.336,2.000,61,508104.014,3881295.427,2.338442,-0.124518,-0.124520,0.5600,0.000,0.022,TRACKING|w0 d0 L61
117.506720,129.088813500000,35.074423333333,508097.035,3881299.986,0.025,-2.917137,gps_course,61,8.336,2.000,61,508104.014,3881295.427,2.338442,-0.124518,-0.124519,0.5600,0.000,0.025,TRACKING|w0 d0 L61
117.556809,129.088813500000,35.074423333333,508097.035,3881299.986,0.025,-2.917137,gps_course,61,8.336,2.000,61,508104.014,3881295.427,2.338442,-0.124518,-0.124519,0.5600,0.000,0.025,TRACKING|w0 d0 L61
117.607319,129.088813500000,35.074423333333,508097.035,3881299.986,0.025,-2.917137,gps_course,61,8.336,2.000,61,508104.014,3881295.427,2.338442,-0.124518,-0.124518,0.5600,0.000,0.025,TRACKING|w0 d0 L61
117.656751,129.088813500000,35.074423333333,508097.035,3881299.986,0.025,-2.917137,gps_course,61,8.336,2.000,61,508104.014,3881295.427,2.338442,-0.124518,-0.124518,0.5600,0.000,0.025,TRACKING|w0 d0 L61
117.706755,129.088813500000,35.074423333333,508097.035,3881299.986,0.021,-2.917137,gps_course,61,8.336,2.000,61,508104.014,3881295.427,2.338442,-0.124518,-0.124518,0.5600,0.000,0.021,TRACKING|w0 d0 L61
117.756834,129.088813500000,35.074423333333,508097.035,3881299.986,0.021,-2.917137,gps_course,61,8.336,2.000,61,508104.014,3881295.427,2.338442,-0.124518,-0.124518,0.5600,0.000,0.021,TRACKING|w0 d0 L61
117.806865,129.088813500000,35.074423333333,508097.035,3881299.986,0.021,-2.917137,gps_course,61,8.336,2.000,61,508104.014,3881295.427,2.338442,-0.124518,-0.124518,0.5600,0.000,0.021,TRACKING|w0 d0 L61
117.856756,129.088813500000,35.074423333333,508097.035,3881299.986,0.021,-2.917137,gps_course,61,8.336,2.000,61,508104.014,3881295.427,2.338442,-0.124518,-0.124518,0.5600,0.000,0.021,TRACKING|w0 d0 L61
117.906755,129.088813500000,35.074423333333,508097.035,3881299.986,0.021,-2.917137,gps_course,61,8.336,2.000,61,508104.014,3881295.427,2.338442,-0.124518,-0.124518,0.5600,0.000,0.021,TRACKING|w0 d0 L61
117.956691,129.088813500000,35.074423333333,508097.035,3881299.986,0.004,-2.917137,gps_course,61,8.336,2.000,61,508104.014,3881295.427,2.338442,-0.124518,-0.124518,0.5600,0.000,0.004,TRACKING|w0 d0 L61
118.006829,129.088813500000,35.074423333333,508097.035,3881299.986,0.004,-2.917137,gps_course,61,8.336,2.000,61,508104.014,3881295.427,2.338442,-0.124518,-0.124518,0.5600,0.000,0.004,TRACKING|w0 d0 L61
118.056752,129.088813500000,35.074423333333,508097.035,3881299.986,0.004,-2.917137,gps_course,61,8.336,2.000,61,508104.014,3881295.427,2.338442,-0.124518,-0.124518,0.5600,0.000,0.004,TRACKING|w0 d0 L61
118.106696,129.088813500000,35.074423333333,508097.035,3881299.986,0.004,-2.917137,gps_course,61,8.336,2.000,61,508104.014,3881295.427,2.338442,-0.124518,-0.124518,0.5600,0.000,0.004,TRACKING|w0 d0 L61
118.156862,129.088813500000,35.074423333333,508097.035,3881299.986,0.004,-2.917137,gps_course,61,8.336,2.000,61,508104.014,3881295.427,2.338442,-0.124518,-0.124518,0.5600,0.000,0.004,TRACKING|w0 d0 L61
118.207229,129.088813500000,35.074423333333,508097.035,3881299.986,0.003,-2.917137,gps_course,61,8.336,2.000,61,508104.014,3881295.427,2.338442,-0.124518,-0.124518,0.5600,0.000,0.003,TRACKING|w0 d0 L61
118.258096,129.088813500000,35.074423333333,508097.035,3881299.986,0.003,-2.917137,gps_course,61,8.336,2.000,61,508104.014,3881295.427,2.338442,-0.124518,-0.124518,0.5600,0.000,0.003,TRACKING|w0 d0 L61
118.306853,129.088813500000,35.074423333333,508097.035,3881299.986,0.003,-2.917137,gps_course,61,8.336,2.000,61,508104.014,3881295.427,2.338442,-0.124518,-0.124518,0.5600,0.000,0.003,TRACKING|w0 d0 L61
118.356763,129.088813500000,35.074423333333,508097.035,3881299.986,0.003,-2.917137,gps_course,61,8.336,2.000,61,508104.014,3881295.427,2.338442,-0.124518,-0.124518,0.5600,0.000,0.003,TRACKING|w0 d0 L61
118.406754,129.088813500000,35.074423333333,508097.035,3881299.986,0.003,-2.917137,gps_course,61,8.336,2.000,61,508104.014,3881295.427,2.338442,-0.124518,-0.124518,0.5600,0.000,0.003,TRACKING|w0 d0 L61
118.456674,129.088813500000,35.074423333333,508097.035,3881299.986,0.009,-2.917137,gps_course,61,8.336,2.000,61,508104.014,3881295.427,2.338442,-0.124518,-0.124518,0.5600,0.000,0.009,TRACKING|w0 d0 L61
118.506752,129.088813500000,35.074423333333,508097.035,3881299.986,0.009,-2.917137,gps_course,61,8.336,2.000,61,508104.014,3881295.427,2.338442,-0.124518,-0.124518,0.5600,0.000,0.009,TRACKING|w0 d0 L61
118.556764,129.088813500000,35.074423333333,508097.035,3881299.986,0.009,-2.917137,gps_course,61,8.336,2.000,61,508104.014,3881295.427,2.338442,-0.124518,-0.124518,0.5600,0.000,0.009,TRACKING|w0 d0 L61
118.606614,129.088813500000,35.074423333333,508097.035,3881299.986,0.009,-2.917137,gps_course,61,8.336,2.000,61,508104.014,3881295.427,2.338442,-0.124518,-0.124518,0.5600,0.000,0.009,TRACKING|w0 d0 L61
118.656765,129.088813500000,35.074423333333,508097.035,3881299.986,0.009,-2.917137,gps_course,61,8.336,2.000,61,508104.014,3881295.427,2.338442,-0.124518,-0.124518,0.5600,0.000,0.009,TRACKING|w0 d0 L61
118.707544,129.088813500000,35.074423333333,508097.035,3881299.986,0.013,-2.917137,gps_course,61,8.336,2.000,61,508104.014,3881295.427,2.338442,-0.124518,-0.124518,0.5600,0.000,0.013,TRACKING|w0 d0 L61
118.756740,129.088813500000,35.074423333333,508097.035,3881299.986,0.013,-2.917137,gps_course,61,8.336,2.000,61,508104.014,3881295.427,2.338442,-0.124518,-0.124518,0.5600,0.000,0.013,TRACKING|w0 d0 L61
118.806743,129.088813500000,35.074423333333,508097.035,3881299.986,0.013,-2.917137,gps_course,61,8.336,2.000,61,508104.014,3881295.427,2.338442,-0.124518,-0.124518,0.5600,0.000,0.013,TRACKING|w0 d0 L61
118.856761,129.088813500000,35.074423333333,508097.035,3881299.986,0.013,-2.917137,gps_course,61,8.336,2.000,61,508104.014,3881295.427,2.338442,-0.124518,-0.124518,0.5600,0.000,0.013,TRACKING|w0 d0 L61
118.906768,129.088813500000,35.074423333333,508097.035,3881299.986,0.013,-2.917137,gps_course,61,8.336,2.000,61,508104.014,3881295.427,2.338442,-0.124518,-0.124518,0.5600,0.000,0.013,TRACKING|w0 d0 L61
118.956746,129.088813500000,35.074423333333,508097.035,3881299.986,0.016,-2.917137,gps_course,61,8.336,2.000,61,508104.014,3881295.427,2.338442,-0.124518,-0.124518,0.5600,0.000,0.016,TRACKING|w0 d0 L61
119.006889,129.088813500000,35.074423333333,508097.035,3881299.986,0.016,-2.917137,gps_course,61,8.336,2.000,61,508104.014,3881295.427,2.338442,-0.124518,-0.124518,0.5600,0.000,0.016,TRACKING|w0 d0 L61
119.058093,129.088813500000,35.074423333333,508097.035,3881299.986,0.016,-2.917137,gps_course,61,8.336,2.000,61,508104.014,3881295.427,2.338442,-0.124518,-0.124518,0.5600,0.000,0.016,TRACKING|w0 d0 L61
119.106772,129.088813500000,35.074423333333,508097.035,3881299.986,0.016,-2.917137,gps_course,61,8.336,2.000,61,508104.014,3881295.427,2.338442,-0.124518,-0.124518,0.5600,0.000,0.016,TRACKING|w0 d0 L61
119.156872,129.088813500000,35.074423333333,508097.035,3881299.986,0.016,-2.917137,gps_course,61,8.336,2.000,61,508104.014,3881295.427,2.338442,-0.124518,-0.124518,0.5600,0.000,0.016,TRACKING|w0 d0 L61
119.206809,129.088813500000,35.074423333333,508097.035,3881299.986,0.013,-2.917137,gps_course,61,8.336,2.000,61,508104.014,3881295.427,2.338442,-0.124518,-0.124518,0.5600,0.000,0.013,TRACKING|w0 d0 L61
119.256804,129.088813500000,35.074423333333,508097.035,3881299.986,0.013,-2.917137,gps_course,61,8.336,2.000,61,508104.014,3881295.427,2.338442,-0.124518,-0.124518,0.5600,0.000,0.013,TRACKING|w0 d0 L61
119.306780,129.088813500000,35.074423333333,508097.035,3881299.986,0.013,-2.917137,gps_course,61,8.336,2.000,61,508104.014,3881295.427,2.338442,-0.124518,-0.124518,0.5600,0.000,0.013,TRACKING|w0 d0 L61
119.356935,129.088813500000,35.074423333333,508097.035,3881299.986,0.013,-2.917137,gps_course,61,8.336,2.000,61,508104.014,3881295.427,2.338442,-0.124518,-0.124518,0.5600,0.000,0.013,TRACKING|w0 d0 L61
119.406950,129.088813500000,35.074423333333,508097.035,3881299.986,0.013,-2.917137,gps_course,61,8.336,2.000,61,508104.014,3881295.427,2.338442,-0.124518,-0.124518,0.5600,0.000,0.013,TRACKING|w0 d0 L61
119.456779,129.088813500000,35.074423333333,508097.035,3881299.986,0.013,-2.236267,route_tangent,61,8.336,2.000,61,508104.014,3881295.427,1.657572,0.000000,-0.094621,0.5600,0.000,0.013,TRACKING|w0 d0 L61
119.507195,129.088813500000,35.074423333333,508097.035,3881299.986,0.002,-2.236267,route_tangent,61,8.336,2.000,61,508104.014,3881295.427,1.657572,0.000000,-0.064371,0.5600,0.000,0.002,TRACKING|w0 d0 L61
119.556807,129.088813500000,35.074423333333,508097.035,3881299.986,0.002,-2.236267,route_tangent,61,8.336,2.000,61,508104.014,3881295.427,1.657572,0.000000,-0.038623,0.5600,0.000,0.002,TRACKING|w0 d0 L61
119.606827,129.088813500000,35.074423333333,508097.035,3881299.986,0.002,-2.236267,route_tangent,61,8.336,2.000,61,508104.014,3881295.427,1.657572,0.000000,-0.023174,0.5600,0.000,0.002,TRACKING|w0 d0 L61
119.656695,129.088813500000,35.074423333333,508097.035,3881299.986,0.002,-2.236267,route_tangent,61,8.336,2.000,61,508104.014,3881295.427,1.657572,0.000000,-0.013904,0.5600,0.000,0.002,TRACKING|w0 d0 L61
119.706839,129.088813500000,35.074423333333,508097.035,3881299.986,0.015,-2.236267,route_tangent,61,8.336,2.000,61,508104.014,3881295.427,1.657572,0.000000,-0.008342,0.5600,0.000,0.015,TRACKING|w0 d0 L61
119.756744,129.088813500000,35.074423333333,508097.035,3881299.986,0.015,-2.236267,route_tangent,61,8.336,2.000,61,508104.014,3881295.427,1.657572,0.000000,-0.005005,0.5600,0.000,0.015,TRACKING|w0 d0 L61
119.806774,129.088813500000,35.074423333333,508097.035,3881299.986,0.015,-2.236267,route_tangent,61,8.336,2.000,61,508104.014,3881295.427,1.657572,0.000000,-0.003003,0.5600,0.000,0.015,TRACKING|w0 d0 L61
119.856851,129.088813500000,35.074423333333,508097.035,3881299.986,0.015,-2.236267,route_tangent,61,8.336,2.000,61,508104.014,3881295.427,1.657572,0.000000,-0.001802,0.5600,0.000,0.015,TRACKING|w0 d0 L61
119.906928,129.088813500000,35.074423333333,508097.035,3881299.986,0.015,-2.236267,route_tangent,61,8.336,2.000,61,508104.014,3881295.427,1.657572,0.000000,-0.001081,0.5600,0.000,0.015,TRACKING|w0 d0 L61
119.956922,129.088813666667,35.074423333333,508097.050,3881299.986,0.011,-2.236267,route_tangent,61,8.323,2.000,61,508104.014,3881295.427,1.656572,0.000000,-0.000649,0.5600,0.000,0.011,TRACKING|w0 d0 L61
120.006790,129.088813666667,35.074423333333,508097.050,3881299.986,0.011,-2.236267,route_tangent,61,8.323,2.000,61,508104.014,3881295.427,1.656572,0.000000,-0.000389,0.5600,0.000,0.011,TRACKING|w0 d0 L61
120.056770,129.088813666667,35.074423333333,508097.050,3881299.986,0.011,-2.236267,route_tangent,61,8.323,2.000,61,508104.014,3881295.427,1.656572,0.000000,-0.000234,0.5600,0.000,0.011,TRACKING|w0 d0 L61
120.107410,129.088813666667,35.074423333333,508097.050,3881299.986,0.011,-2.236267,route_tangent,61,8.323,2.000,61,508104.014,3881295.427,1.656572,0.000000,-0.000140,0.5600,0.000,0.011,TRACKING|w0 d0 L61
120.156729,129.088813666667,35.074423333333,508097.050,3881299.986,0.011,-2.236267,route_tangent,61,8.323,2.000,61,508104.014,3881295.427,1.656572,0.000000,-0.000084,0.5600,0.000,0.011,TRACKING|w0 d0 L61
120.207014,129.088813500000,35.074423333333,508097.035,3881299.986,0.027,-2.236267,route_tangent,61,8.336,2.000,61,508104.014,3881295.427,1.657572,0.000000,-0.000050,0.5600,0.000,0.027,TRACKING|w0 d0 L61
120.256804,129.088813500000,35.074423333333,508097.035,3881299.986,0.027,-2.236267,route_tangent,61,8.336,2.000,61,508104.014,3881295.427,1.657572,0.000000,-0.000030,0.5600,0.000,0.027,TRACKING|w0 d0 L61
120.306763,129.088813500000,35.074423333333,508097.035,3881299.986,0.027,-2.236267,route_tangent,61,8.336,2.000,61,508104.014,3881295.427,1.657572,0.000000,-0.000018,0.5600,0.000,0.027,TRACKING|w0 d0 L61
120.356720,129.088813500000,35.074423333333,508097.035,3881299.986,0.027,-2.236267,route_tangent,61,8.336,2.000,61,508104.014,3881295.427,1.657572,0.000000,-0.000011,0.5600,0.000,0.027,TRACKING|w0 d0 L61
120.406789,129.088813500000,35.074423333333,508097.035,3881299.986,0.027,-2.236267,route_tangent,61,8.336,2.000,61,508104.014,3881295.427,1.657572,0.000000,-0.000007,0.5600,0.000,0.027,TRACKING|w0 d0 L61
120.456625,129.088813500000,35.074423500000,508097.035,3881300.005,0.041,-2.236267,route_tangent,61,8.346,2.000,61,508104.014,3881295.427,1.655719,0.000000,-0.000004,0.5600,0.000,0.041,TRACKING|w0 d0 L61
120.506810,129.088813500000,35.074423500000,508097.035,3881300.005,0.041,-2.236267,route_tangent,61,8.346,2.000,61,508104.014,3881295.427,1.655719,0.000000,-0.000002,0.5600,0.000,0.041,TRACKING|w0 d0 L61
120.557392,129.088813500000,35.074423500000,508097.035,3881300.005,0.041,-2.236267,route_tangent,61,8.346,2.000,61,508104.014,3881295.427,1.655719,0.000000,-0.000001,0.5600,0.000,0.041,TRACKING|w0 d0 L61
120.606756,129.088813500000,35.074423500000,508097.035,3881300.005,0.041,-2.236267,route_tangent,61,8.346,2.000,61,508104.014,3881295.427,1.655719,0.000000,-0.000001,0.5600,0.000,0.041,TRACKING|w0 d0 L61
120.656870,129.088813500000,35.074423500000,508097.035,3881300.005,0.041,-2.236267,route_tangent,61,8.346,2.000,61,508104.014,3881295.427,1.655719,0.000000,-0.000001,0.5600,0.000,0.041,TRACKING|w0 d0 L61
120.706774,129.088813500000,35.074423333333,508097.035,3881299.986,0.025,-2.236267,route_tangent,61,8.336,2.000,61,508104.014,3881295.427,1.657572,0.000000,-0.000000,0.5600,0.000,0.025,TRACKING|w0 d0 L61
120.757860,129.088813500000,35.074423333333,508097.035,3881299.986,0.025,-2.236267,route_tangent,61,8.336,2.000,61,508104.014,3881295.427,1.657572,0.000000,-0.000000,0.5600,0.000,0.025,TRACKING|w0 d0 L61
120.806771,129.088813500000,35.074423333333,508097.035,3881299.986,0.025,-2.236267,route_tangent,61,8.336,2.000,61,508104.014,3881295.427,1.657572,0.000000,-0.000000,0.5600,0.000,0.025,TRACKING|w0 d0 L61
120.856755,129.088813500000,35.074423333333,508097.035,3881299.986,0.025,-2.236267,route_tangent,61,8.336,2.000,61,508104.014,3881295.427,1.657572,0.000000,-0.000000,0.5600,0.000,0.025,TRACKING|w0 d0 L61
120.907013,129.088813500000,35.074423333333,508097.035,3881299.986,0.025,-2.236267,route_tangent,61,8.336,2.000,61,508104.014,3881295.427,1.657572,0.000000,-0.000000,0.5600,0.000,0.025,TRACKING|w0 d0 L61
120.956755,129.088813666667,35.074423500000,508097.050,3881300.005,0.025,-2.236267,route_tangent,61,8.333,2.000,61,508104.014,3881295.427,1.654718,0.000000,-0.000000,0.5600,0.000,0.025,TRACKING|w0 d0 L61
121.006917,129.088813666667,35.074423500000,508097.050,3881300.005,0.025,-2.236267,route_tangent,61,8.333,2.000,61,508104.014,3881295.427,1.654718,0.000000,-0.000000,0.5600,0.000,0.025,TRACKING|w0 d0 L61
121.057398,129.088813666667,35.074423500000,508097.050,3881300.005,0.025,-2.236267,route_tangent,61,8.333,2.000,61,508104.014,3881295.427,1.654718,0.000000,-0.000000,0.5600,0.000,0.025,TRACKING|w0 d0 L61
121.106773,129.088813666667,35.074423500000,508097.050,3881300.005,0.025,-2.236267,route_tangent,61,8.333,2.000,61,508104.014,3881295.427,1.654718,0.000000,-0.000000,0.5600,0.000,0.025,TRACKING|w0 d0 L61
121.156680,129.088813666667,35.074423500000,508097.050,3881300.005,0.025,-2.236267,route_tangent,61,8.333,2.000,61,508104.014,3881295.427,1.654718,0.000000,-0.000000,0.5600,0.000,0.025,TRACKING|w0 d0 L61
121.207166,129.088813666667,35.074423500000,508097.050,3881300.005,0.016,-2.236267,route_tangent,61,8.333,2.000,61,508104.014,3881295.427,1.654718,0.000000,-0.000000,0.5600,0.000,0.016,TRACKING|w0 d0 L61
121.256706,129.088813666667,35.074423500000,508097.050,3881300.005,0.016,-2.236267,route_tangent,61,8.333,2.000,61,508104.014,3881295.427,1.654718,0.000000,-0.000000,0.5600,0.000,0.016,TRACKING|w0 d0 L61
121.306830,129.088813666667,35.074423500000,508097.050,3881300.005,0.016,-2.236267,route_tangent,61,8.333,2.000,61,508104.014,3881295.427,1.654718,0.000000,-0.000000,0.5600,0.000,0.016,TRACKING|w0 d0 L61
121.356952,129.088813666667,35.074423500000,508097.050,3881300.005,0.016,-2.236267,route_tangent,61,8.333,2.000,61,508104.014,3881295.427,1.654718,0.000000,-0.000000,0.5600,0.000,0.016,TRACKING|w0 d0 L61
121.406955,129.088813666667,35.074423500000,508097.050,3881300.005,0.016,-2.236267,route_tangent,61,8.333,2.000,61,508104.014,3881295.427,1.654718,0.000000,-0.000000,0.5600,0.000,0.016,TRACKING|w0 d0 L61
121.457480,129.088813666667,35.074423500000,508097.050,3881300.005,0.015,-2.236267,route_tangent,61,8.333,2.000,61,508104.014,3881295.427,1.654718,0.000000,-0.000000,0.5600,0.000,0.015,TRACKING|w0 d0 L61
121.506793,129.088813500000,35.074423500000,508097.035,3881300.005,0.015,-2.236267,route_tangent,61,8.346,2.000,61,508104.014,3881295.427,1.655719,0.000000,-0.000000,0.5600,0.000,0.015,TRACKING|w0 d0 L61
121.556934,129.088813500000,35.074423500000,508097.035,3881300.005,0.015,-2.236267,route_tangent,61,8.346,2.000,61,508104.014,3881295.427,1.655719,0.000000,-0.000000,0.5600,0.000,0.015,TRACKING|w0 d0 L61
121.606751,129.088813500000,35.074423500000,508097.035,3881300.005,0.015,-2.236267,route_tangent,61,8.346,2.000,61,508104.014,3881295.427,1.655719,0.000000,-0.000000,0.5600,0.000,0.015,TRACKING|w0 d0 L61
121.656784,129.088813500000,35.074423500000,508097.035,3881300.005,0.015,-2.236267,route_tangent,61,8.346,2.000,61,508104.014,3881295.427,1.655719,0.000000,-0.000000,0.5600,0.000,0.015,TRACKING|w0 d0 L61
121.707286,129.088813666667,35.074423500000,508097.050,3881300.005,0.023,-2.236267,route_tangent,61,8.333,2.000,61,508104.014,3881295.427,1.654718,0.000000,-0.000000,0.5600,0.000,0.023,TRACKING|w0 d0 L61
121.758473,129.088813666667,35.074423500000,508097.050,3881300.005,0.023,-2.236267,route_tangent,61,8.333,2.000,61,508104.014,3881295.427,1.654718,0.000000,-0.000000,0.5600,0.000,0.023,TRACKING|w0 d0 L61
121.806776,129.088813666667,35.074423500000,508097.050,3881300.005,0.023,-2.236267,route_tangent,61,8.333,2.000,61,508104.014,3881295.427,1.654718,0.000000,-0.000000,0.5600,0.000,0.023,TRACKING|w0 d0 L61
121.856745,129.088813666667,35.074423500000,508097.050,3881300.005,0.023,-2.236267,route_tangent,61,8.333,2.000,61,508104.014,3881295.427,1.654718,0.000000,-0.000000,0.5600,0.000,0.023,TRACKING|w0 d0 L61
121.909276,129.088813666667,35.074423500000,508097.050,3881300.005,0.023,-2.236267,route_tangent,61,8.333,2.000,61,508104.014,3881295.427,1.654718,0.000000,-0.000000,0.5600,0.000,0.023,TRACKING|w0 d0 L61
121.956931,129.088813666667,35.074423500000,508097.050,3881300.005,0.020,-2.236267,route_tangent,61,8.333,2.000,61,508104.014,3881295.427,1.654718,0.000000,-0.000000,0.5600,0.000,0.020,TRACKING|w0 d0 L61
122.006761,129.088813666667,35.074423500000,508097.050,3881300.005,0.020,-2.236267,route_tangent,61,8.333,2.000,61,508104.014,3881295.427,1.654718,0.000000,-0.000000,0.5600,0.000,0.020,TRACKING|w0 d0 L61
122.056791,129.088813666667,35.074423500000,508097.050,3881300.005,0.020,-2.236267,route_tangent,61,8.333,2.000,61,508104.014,3881295.427,1.654718,0.000000,-0.000000,0.5600,0.000,0.020,TRACKING|w0 d0 L61
122.106768,129.088813666667,35.074423500000,508097.050,3881300.005,0.020,-2.236267,route_tangent,61,8.333,2.000,61,508104.014,3881295.427,1.654718,0.000000,-0.000000,0.5600,0.000,0.020,TRACKING|w0 d0 L61
122.156779,129.088813666667,35.074423500000,508097.050,3881300.005,0.020,-2.236267,route_tangent,61,8.333,2.000,61,508104.014,3881295.427,1.654718,0.000000,-0.000000,0.5600,0.000,0.020,TRACKING|w0 d0 L61
122.207799,129.088813666667,35.074423500000,508097.050,3881300.005,0.020,-2.236267,route_tangent,61,8.333,2.000,61,508104.014,3881295.427,1.654718,0.000000,-0.000000,0.5600,0.000,0.020,TRACKING|w0 d0 L61
122.256940,129.088813666667,35.074423500000,508097.050,3881300.005,0.020,-2.236267,route_tangent,61,8.333,2.000,61,508104.014,3881295.427,1.654718,0.000000,-0.000000,0.5600,0.000,0.020,TRACKING|w0 d0 L61
122.306796,129.088813666667,35.074423500000,508097.050,3881300.005,0.020,-2.236267,route_tangent,61,8.333,2.000,61,508104.014,3881295.427,1.654718,0.000000,-0.000000,0.5600,0.000,0.020,TRACKING|w0 d0 L61
122.357027,129.088813666667,35.074423500000,508097.050,3881300.005,0.020,-2.236267,route_tangent,61,8.333,2.000,61,508104.014,3881295.427,1.654718,0.000000,-0.000000,0.5600,0.000,0.020,TRACKING|w0 d0 L61
122.406725,129.088813666667,35.074423500000,508097.050,3881300.005,0.020,-2.236267,route_tangent,61,8.333,2.000,61,508104.014,3881295.427,1.654718,0.000000,-0.000000,0.5600,0.000,0.020,TRACKING|w0 d0 L61
122.456921,129.088813666667,35.074423500000,508097.050,3881300.005,0.020,-2.236267,route_tangent,61,8.333,2.000,61,508104.014,3881295.427,1.654718,0.000000,-0.000000,0.5600,0.000,0.020,TRACKING|w0 d0 L61
122.506704,129.088813666667,35.074423333333,508097.050,3881299.986,0.014,-2.236267,route_tangent,61,8.323,2.000,61,508104.014,3881295.427,1.656572,0.000000,-0.000000,0.5600,0.000,0.014,TRACKING|w0 d0 L61
122.556749,129.088813666667,35.074423333333,508097.050,3881299.986,0.014,-2.236267,route_tangent,61,8.323,2.000,61,508104.014,3881295.427,1.656572,0.000000,-0.000000,0.5600,0.000,0.014,TRACKING|w0 d0 L61
122.607842,129.088813666667,35.074423333333,508097.050,3881299.986,0.014,-2.236267,route_tangent,61,8.323,2.000,61,508104.014,3881295.427,1.656572,0.000000,-0.000000,0.5600,0.000,0.014,TRACKING|w0 d0 L61
122.656903,129.088813666667,35.074423333333,508097.050,3881299.986,0.014,-2.236267,route_tangent,61,8.323,2.000,61,508104.014,3881295.427,1.656572,0.000000,-0.000000,0.5600,0.000,0.014,TRACKING|w0 d0 L61
122.706806,129.088813666667,35.074423500000,508097.050,3881300.005,0.027,-2.236267,route_tangent,61,8.333,2.000,61,508104.014,3881295.427,1.654718,0.000000,-0.000000,0.5600,0.000,0.027,TRACKING|w0 d0 L61
122.756810,129.088813666667,35.074423500000,508097.050,3881300.005,0.027,-2.236267,route_tangent,61,8.333,2.000,61,508104.014,3881295.427,1.654718,0.000000,-0.000000,0.5600,0.000,0.027,TRACKING|w0 d0 L61
122.806775,129.088813666667,35.074423500000,508097.050,3881300.005,0.027,-2.236267,route_tangent,61,8.333,2.000,61,508104.014,3881295.427,1.654718,0.000000,-0.000000,0.5600,0.000,0.027,TRACKING|w0 d0 L61
122.856747,129.088813666667,35.074423500000,508097.050,3881300.005,0.027,-2.236267,route_tangent,61,8.333,2.000,61,508104.014,3881295.427,1.654718,0.000000,-0.000000,0.5600,0.000,0.027,TRACKING|w0 d0 L61
122.906748,129.088813666667,35.074423500000,508097.050,3881300.005,0.027,-2.236267,route_tangent,61,8.333,2.000,61,508104.014,3881295.427,1.654718,0.000000,-0.000000,0.5600,0.000,0.027,TRACKING|w0 d0 L61
122.957412,129.088813666667,35.074423500000,508097.050,3881300.005,0.013,-2.236267,route_tangent,61,8.333,2.000,61,508104.014,3881295.427,1.654718,0.000000,-0.000000,0.5600,0.000,0.013,TRACKING|w0 d0 L61
123.007052,129.088813666667,35.074423500000,508097.050,3881300.005,0.013,-2.236267,route_tangent,61,8.333,2.000,61,508104.014,3881295.427,1.654718,0.000000,-0.000000,0.5600,0.000,0.013,TRACKING|w0 d0 L61
123.056857,129.088813666667,35.074423500000,508097.050,3881300.005,0.013,-2.236267,route_tangent,61,8.333,2.000,61,508104.014,3881295.427,1.654718,0.000000,-0.000000,0.5600,0.000,0.013,TRACKING|w0 d0 L61
123.106818,129.088813666667,35.074423500000,508097.050,3881300.005,0.013,-2.236267,route_tangent,61,8.333,2.000,61,508104.014,3881295.427,1.654718,0.000000,-0.000000,0.5600,0.000,0.013,TRACKING|w0 d0 L61
123.158600,129.088813666667,35.074423500000,508097.050,3881300.005,0.013,-2.236267,route_tangent,61,8.333,2.000,61,508104.014,3881295.427,1.654718,0.000000,-0.000000,0.5600,0.000,0.013,TRACKING|w0 d0 L61
123.206737,129.088813666667,35.074423333333,508097.050,3881299.986,0.011,-2.236267,route_tangent,61,8.323,2.000,61,508104.014,3881295.427,1.656572,0.000000,-0.000000,0.5600,0.000,0.011,TRACKING|w0 d0 L61
123.256793,129.088813666667,35.074423333333,508097.050,3881299.986,0.011,-2.236267,route_tangent,61,8.323,2.000,61,508104.014,3881295.427,1.656572,0.000000,-0.000000,0.5600,0.000,0.011,TRACKING|w0 d0 L61
123.306771,129.088813666667,35.074423333333,508097.050,3881299.986,0.011,-2.236267,route_tangent,61,8.323,2.000,61,508104.014,3881295.427,1.656572,0.000000,-0.000000,0.5600,0.000,0.011,TRACKING|w0 d0 L61
123.356913,129.088813666667,35.074423333333,508097.050,3881299.986,0.011,-2.236267,route_tangent,61,8.323,2.000,61,508104.014,3881295.427,1.656572,0.000000,-0.000000,0.5600,0.000,0.011,TRACKING|w0 d0 L61
123.406883,129.088813666667,35.074423333333,508097.050,3881299.986,0.011,-2.236267,route_tangent,61,8.323,2.000,61,508104.014,3881295.427,1.656572,0.000000,-0.000000,0.5600,0.000,0.011,TRACKING|w0 d0 L61
123.456785,129.088813666667,35.074423333333,508097.050,3881299.986,0.011,-2.236267,route_tangent,61,8.323,2.000,61,508104.014,3881295.427,1.656572,0.000000,-0.000000,0.5600,0.000,0.011,TRACKING|w0 d0 L61
123.507275,129.088813500000,35.074423333333,508097.035,3881299.986,0.017,-2.236267,route_tangent,61,8.336,2.000,61,508104.014,3881295.427,1.657572,0.000000,-0.000000,0.5600,0.000,0.017,TRACKING|w0 d0 L61
123.556767,129.088813500000,35.074423333333,508097.035,3881299.986,0.017,-2.236267,route_tangent,61,8.336,2.000,61,508104.014,3881295.427,1.657572,0.000000,-0.000000,0.5600,0.000,0.017,TRACKING|w0 d0 L61
123.607528,129.088813500000,35.074423333333,508097.035,3881299.986,0.017,-2.236267,route_tangent,61,8.336,2.000,61,508104.014,3881295.427,1.657572,0.000000,-0.000000,0.5600,0.000,0.017,TRACKING|w0 d0 L61
123.656753,129.088813500000,35.074423333333,508097.035,3881299.986,0.017,-2.236267,route_tangent,61,8.336,2.000,61,508104.014,3881295.427,1.657572,0.000000,-0.000000,0.5600,0.000,0.017,TRACKING|w0 d0 L61
123.706788,129.088813500000,35.074423500000,508097.035,3881300.005,0.014,-2.236267,route_tangent,61,8.346,2.000,61,508104.014,3881295.427,1.655719,0.000000,-0.000000,0.5600,0.000,0.014,TRACKING|w0 d0 L61
123.756716,129.088813500000,35.074423500000,508097.035,3881300.005,0.014,-2.236267,route_tangent,61,8.346,2.000,61,508104.014,3881295.427,1.655719,0.000000,-0.000000,0.5600,0.000,0.014,TRACKING|w0 d0 L61
123.806776,129.088813500000,35.074423500000,508097.035,3881300.005,0.014,-2.236267,route_tangent,61,8.346,2.000,61,508104.014,3881295.427,1.655719,0.000000,-0.000000,0.5600,0.000,0.014,TRACKING|w0 d0 L61
123.856763,129.088813500000,35.074423500000,508097.035,3881300.005,0.014,-2.236267,route_tangent,61,8.346,2.000,61,508104.014,3881295.427,1.655719,0.000000,-0.000000,0.5600,0.000,0.014,TRACKING|w0 d0 L61
123.906855,129.088813500000,35.074423500000,508097.035,3881300.005,0.014,-2.236267,route_tangent,61,8.346,2.000,61,508104.014,3881295.427,1.655719,0.000000,-0.000000,0.5600,0.000,0.014,TRACKING|w0 d0 L61
123.956636,129.088813500000,35.074423333333,508097.035,3881299.986,0.010,-2.236267,route_tangent,61,8.336,2.000,61,508104.014,3881295.427,1.657572,0.000000,-0.000000,0.5600,0.000,0.010,TRACKING|w0 d0 L61
124.006732,129.088813500000,35.074423333333,508097.035,3881299.986,0.010,-2.236267,route_tangent,61,8.336,2.000,61,508104.014,3881295.427,1.657572,0.000000,-0.000000,0.5600,0.000,0.010,TRACKING|w0 d0 L61
124.056812,129.088813500000,35.074423333333,508097.035,3881299.986,0.010,-2.236267,route_tangent,61,8.336,2.000,61,508104.014,3881295.427,1.657572,0.000000,-0.000000,0.5600,0.000,0.010,TRACKING|w0 d0 L61
124.106817,129.088813500000,35.074423333333,508097.035,3881299.986,0.010,-2.236267,route_tangent,61,8.336,2.000,61,508104.014,3881295.427,1.657572,0.000000,-0.000000,0.5600,0.000,0.010,TRACKING|w0 d0 L61
124.156767,129.088813500000,35.074423333333,508097.035,3881299.986,0.010,-2.236267,route_tangent,61,8.336,2.000,61,508104.014,3881295.427,1.657572,0.000000,-0.000000,0.5600,0.000,0.010,TRACKING|w0 d0 L61
124.206725,129.088813500000,35.074423333333,508097.035,3881299.986,0.006,-2.236267,route_tangent,61,8.336,2.000,61,508104.014,3881295.427,1.657572,0.000000,-0.000000,0.5600,0.000,0.006,TRACKING|w0 d0 L61
124.257235,129.088813500000,35.074423333333,508097.035,3881299.986,0.006,-2.236267,route_tangent,61,8.336,2.000,61,508104.014,3881295.427,1.657572,0.000000,-0.000000,0.5600,0.000,0.006,TRACKING|w0 d0 L61
124.308604,129.088813500000,35.074423333333,508097.035,3881299.986,0.006,-2.236267,route_tangent,61,8.336,2.000,61,508104.014,3881295.427,1.657572,0.000000,-0.000000,0.5600,0.000,0.006,TRACKING|w0 d0 L61
124.356727,129.088813500000,35.074423333333,508097.035,3881299.986,0.006,-2.236267,route_tangent,61,8.336,2.000,61,508104.014,3881295.427,1.657572,0.000000,-0.000000,0.5600,0.000,0.006,TRACKING|w0 d0 L61
124.406934,129.088813500000,35.074423333333,508097.035,3881299.986,0.006,-2.236267,route_tangent,61,8.336,2.000,61,508104.014,3881295.427,1.657572,0.000000,-0.000000,0.5600,0.000,0.006,TRACKING|w0 d0 L61
124.456644,129.088813500000,35.074423333333,508097.035,3881299.986,0.007,-2.236267,route_tangent,61,8.336,2.000,61,508104.014,3881295.427,1.657572,0.000000,-0.000000,0.5600,0.000,0.007,TRACKING|w0 d0 L61
124.506751,129.088813500000,35.074423333333,508097.035,3881299.986,0.007,-2.236267,route_tangent,61,8.336,2.000,61,508104.014,3881295.427,1.657572,0.000000,-0.000000,0.5600,0.000,0.007,TRACKING|w0 d0 L61
124.556924,129.088813500000,35.074423333333,508097.035,3881299.986,0.007,-2.236267,route_tangent,61,8.336,2.000,61,508104.014,3881295.427,1.657572,0.000000,-0.000000,0.5600,0.000,0.007,TRACKING|w0 d0 L61
124.607424,129.088813500000,35.074423333333,508097.035,3881299.986,0.007,-2.236267,route_tangent,61,8.336,2.000,61,508104.014,3881295.427,1.657572,0.000000,-0.000000,0.5600,0.000,0.007,TRACKING|w0 d0 L61
124.656992,129.088813500000,35.074423333333,508097.035,3881299.986,0.007,-2.236267,route_tangent,61,8.336,2.000,61,508104.014,3881295.427,1.657572,0.000000,-0.000000,0.5600,0.000,0.007,TRACKING|w0 d0 L61
124.706740,129.088813500000,35.074423333333,508097.035,3881299.986,0.011,-2.236267,route_tangent,61,8.336,2.000,61,508104.014,3881295.427,1.657572,0.000000,-0.000000,0.5600,0.000,0.011,TRACKING|w0 d0 L61
124.756893,129.088813500000,35.074423333333,508097.035,3881299.986,0.011,-2.236267,route_tangent,61,8.336,2.000,61,508104.014,3881295.427,1.657572,0.000000,-0.000000,0.5600,0.000,0.011,TRACKING|w0 d0 L61
124.806740,129.088813500000,35.074423333333,508097.035,3881299.986,0.011,-2.236267,route_tangent,61,8.336,2.000,61,508104.014,3881295.427,1.657572,0.000000,-0.000000,0.5600,0.000,0.011,TRACKING|w0 d0 L61
124.856730,129.088813500000,35.074423333333,508097.035,3881299.986,0.011,-2.236267,route_tangent,61,8.336,2.000,61,508104.014,3881295.427,1.657572,0.000000,-0.000000,0.5600,0.000,0.011,TRACKING|w0 d0 L61
124.907170,129.088813500000,35.074423333333,508097.035,3881299.986,0.011,-2.236267,route_tangent,61,8.336,2.000,61,508104.014,3881295.427,1.657572,0.000000,-0.000000,0.5600,0.000,0.011,TRACKING|w0 d0 L61
124.956867,129.088813500000,35.074423500000,508097.035,3881300.005,0.024,-2.236267,route_tangent,61,8.346,2.000,61,508104.014,3881295.427,1.655719,0.000000,-0.000000,0.5600,0.000,0.024,TRACKING|w0 d0 L61
125.006772,129.088813500000,35.074423500000,508097.035,3881300.005,0.024,-2.236267,route_tangent,61,8.346,2.000,61,508104.014,3881295.427,1.655719,0.000000,-0.000000,0.5600,0.000,0.024,TRACKING|w0 d0 L61
125.056744,129.088813500000,35.074423500000,508097.035,3881300.005,0.024,-2.236267,route_tangent,61,8.346,2.000,61,508104.014,3881295.427,1.655719,0.000000,-0.000000,0.5600,0.000,0.024,TRACKING|w0 d0 L61
125.108009,129.088813500000,35.074423500000,508097.035,3881300.005,0.024,-2.236267,route_tangent,61,8.346,2.000,61,508104.014,3881295.427,1.655719,0.000000,-0.000000,0.5600,0.000,0.024,TRACKING|w0 d0 L61
125.156742,129.088813500000,35.074423500000,508097.035,3881300.005,0.024,-2.236267,route_tangent,61,8.346,2.000,61,508104.014,3881295.427,1.655719,0.000000,-0.000000,0.5600,0.000,0.024,TRACKING|w0 d0 L61
125.206705,129.088813500000,35.074423500000,508097.035,3881300.005,0.012,-2.236267,route_tangent,61,8.346,2.000,61,508104.014,3881295.427,1.655719,0.000000,-0.000000,0.5600,0.000,0.012,TRACKING|w0 d0 L61
125.256778,129.088813500000,35.074423500000,508097.035,3881300.005,0.012,-2.236267,route_tangent,61,8.346,2.000,61,508104.014,3881295.427,1.655719,0.000000,-0.000000,0.5600,0.000,0.012,TRACKING|w0 d0 L61
125.307427,129.088813500000,35.074423500000,508097.035,3881300.005,0.012,-2.236267,route_tangent,61,8.346,2.000,61,508104.014,3881295.427,1.655719,0.000000,-0.000000,0.5600,0.000,0.012,TRACKING|w0 d0 L61
125.356753,129.088813500000,35.074423500000,508097.035,3881300.005,0.012,-2.236267,route_tangent,61,8.346,2.000,61,508104.014,3881295.427,1.655719,0.000000,-0.000000,0.5600,0.000,0.012,TRACKING|w0 d0 L61
125.406770,129.088813500000,35.074423500000,508097.035,3881300.005,0.012,-2.236267,route_tangent,61,8.346,2.000,61,508104.014,3881295.427,1.655719,0.000000,-0.000000,0.5600,0.000,0.012,TRACKING|w0 d0 L61
125.456927,129.088813500000,35.074423500000,508097.035,3881300.005,0.012,-2.236267,route_tangent,61,8.346,2.000,61,508104.014,3881295.427,1.655719,0.000000,-0.000000,0.5600,0.000,0.012,TRACKING|w0 d0 L61
125.506781,129.088813500000,35.074423500000,508097.035,3881300.005,0.003,-2.236267,route_tangent,61,8.346,2.000,61,508104.014,3881295.427,1.655719,0.000000,-0.000000,0.5600,0.000,0.003,TRACKING|w0 d0 L61
125.556839,129.088813500000,35.074423500000,508097.035,3881300.005,0.003,-2.236267,route_tangent,61,8.346,2.000,61,508104.014,3881295.427,1.655719,0.000000,-0.000000,0.5600,0.000,0.003,TRACKING|w0 d0 L61
125.607135,129.088813500000,35.074423500000,508097.035,3881300.005,0.003,-2.236267,route_tangent,61,8.346,2.000,61,508104.014,3881295.427,1.655719,0.000000,-0.000000,0.5600,0.000,0.003,TRACKING|w0 d0 L61
125.656756,129.088813500000,35.074423500000,508097.035,3881300.005,0.003,-2.236267,route_tangent,61,8.346,2.000,61,508104.014,3881295.427,1.655719,0.000000,-0.000000,0.5600,0.000,0.003,TRACKING|w0 d0 L61
125.706735,129.088813500000,35.074423500000,508097.035,3881300.005,0.005,-2.236267,route_tangent,61,8.346,2.000,61,508104.014,3881295.427,1.655719,0.000000,-0.000000,0.5600,0.000,0.005,TRACKING|w0 d0 L61
125.756843,129.088813500000,35.074423500000,508097.035,3881300.005,0.005,-2.236267,route_tangent,61,8.346,2.000,61,508104.014,3881295.427,1.655719,0.000000,-0.000000,0.5600,0.000,0.005,TRACKING|w0 d0 L61
125.806782,129.088813500000,35.074423500000,508097.035,3881300.005,0.005,-2.236267,route_tangent,61,8.346,2.000,61,508104.014,3881295.427,1.655719,0.000000,-0.000000,0.5600,0.000,0.005,TRACKING|w0 d0 L61
125.856814,129.088813500000,35.074423500000,508097.035,3881300.005,0.005,-2.236267,route_tangent,61,8.346,2.000,61,508104.014,3881295.427,1.655719,0.000000,-0.000000,0.5600,0.000,0.005,TRACKING|w0 d0 L61
125.909499,129.088813500000,35.074423500000,508097.035,3881300.005,0.005,-2.236267,route_tangent,61,8.346,2.000,61,508104.014,3881295.427,1.655719,0.000000,-0.000000,0.5600,0.000,0.005,TRACKING|w0 d0 L61
125.956825,129.088813500000,35.074423333333,508097.035,3881299.986,0.011,-2.236267,route_tangent,61,8.336,2.000,61,508104.014,3881295.427,1.657572,0.000000,-0.000000,0.5600,0.000,0.011,TRACKING|w0 d0 L61
126.006786,129.088813500000,35.074423333333,508097.035,3881299.986,0.011,-2.236267,route_tangent,61,8.336,2.000,61,508104.014,3881295.427,1.657572,0.000000,-0.000000,0.5600,0.000,0.011,TRACKING|w0 d0 L61
126.056704,129.088813500000,35.074423333333,508097.035,3881299.986,0.011,-2.236267,route_tangent,61,8.336,2.000,61,508104.014,3881295.427,1.657572,0.000000,-0.000000,0.5600,0.000,0.011,TRACKING|w0 d0 L61
126.107320,129.088813500000,35.074423333333,508097.035,3881299.986,0.011,-2.236267,route_tangent,61,8.336,2.000,61,508104.014,3881295.427,1.657572,0.000000,-0.000000,0.5600,0.000,0.011,TRACKING|w0 d0 L61
126.156747,129.088813500000,35.074423333333,508097.035,3881299.986,0.011,-2.236267,route_tangent,61,8.336,2.000,61,508104.014,3881295.427,1.657572,0.000000,-0.000000,0.5600,0.000,0.011,TRACKING|w0 d0 L61
126.206915,129.088813500000,35.074423500000,508097.035,3881300.005,0.016,-2.236267,route_tangent,61,8.346,2.000,61,508104.014,3881295.427,1.655719,0.000000,-0.000000,0.5600,0.000,0.016,TRACKING|w0 d0 L61
126.258048,129.088813500000,35.074423500000,508097.035,3881300.005,0.016,-2.236267,route_tangent,61,8.346,2.000,61,508104.014,3881295.427,1.655719,0.000000,-0.000000,0.5600,0.000,0.016,TRACKING|w0 d0 L61
126.306892,129.088813500000,35.074423500000,508097.035,3881300.005,0.016,-2.236267,route_tangent,61,8.346,2.000,61,508104.014,3881295.427,1.655719,0.000000,-0.000000,0.5600,0.000,0.016,TRACKING|w0 d0 L61
126.356899,129.088813500000,35.074423500000,508097.035,3881300.005,0.016,-2.236267,route_tangent,61,8.346,2.000,61,508104.014,3881295.427,1.655719,0.000000,-0.000000,0.5600,0.000,0.016,TRACKING|w0 d0 L61
126.406777,129.088813500000,35.074423500000,508097.035,3881300.005,0.016,-2.236267,route_tangent,61,8.346,2.000,61,508104.014,3881295.427,1.655719,0.000000,-0.000000,0.5600,0.000,0.016,TRACKING|w0 d0 L61
126.456860,129.088813500000,35.074423500000,508097.035,3881300.005,0.016,-2.236267,route_tangent,61,8.346,2.000,61,508104.014,3881295.427,1.655719,0.000000,-0.000000,0.5600,0.000,0.016,TRACKING|w0 d0 L61
126.506996,129.088813500000,35.074423500000,508097.035,3881300.005,0.003,-2.236267,route_tangent,61,8.346,2.000,61,508104.014,3881295.427,1.655719,0.000000,-0.000000,0.5600,0.000,0.003,TRACKING|w0 d0 L61
126.556946,129.088813500000,35.074423500000,508097.035,3881300.005,0.003,-2.236267,route_tangent,61,8.346,2.000,61,508104.014,3881295.427,1.655719,0.000000,-0.000000,0.5600,0.000,0.003,TRACKING|w0 d0 L61
126.606796,129.088813500000,35.074423500000,508097.035,3881300.005,0.003,-2.236267,route_tangent,61,8.346,2.000,61,508104.014,3881295.427,1.655719,0.000000,-0.000000,0.5600,0.000,0.003,TRACKING|w0 d0 L61
126.657505,129.088813500000,35.074423500000,508097.035,3881300.005,0.003,-2.236267,route_tangent,61,8.346,2.000,61,508104.014,3881295.427,1.655719,0.000000,-0.000000,0.5600,0.000,0.003,TRACKING|w0 d0 L61
126.706861,129.088813500000,35.074423500000,508097.035,3881300.005,0.016,-2.236267,route_tangent,61,8.346,2.000,61,508104.014,3881295.427,1.655719,0.000000,-0.000000,0.5600,0.000,0.016,TRACKING|w0 d0 L61
126.756727,129.088813500000,35.074423500000,508097.035,3881300.005,0.016,-2.236267,route_tangent,61,8.346,2.000,61,508104.014,3881295.427,1.655719,0.000000,-0.000000,0.5600,0.000,0.016,TRACKING|w0 d0 L61
126.806859,129.088813500000,35.074423500000,508097.035,3881300.005,0.016,-2.236267,route_tangent,61,8.346,2.000,61,508104.014,3881295.427,1.655719,0.000000,-0.000000,0.5600,0.000,0.016,TRACKING|w0 d0 L61
126.856718,129.088813500000,35.074423500000,508097.035,3881300.005,0.016,-2.236267,route_tangent,61,8.346,2.000,61,508104.014,3881295.427,1.655719,0.000000,-0.000000,0.5600,0.000,0.016,TRACKING|w0 d0 L61
126.906747,129.088813500000,35.074423500000,508097.035,3881300.005,0.016,-2.236267,route_tangent,61,8.346,2.000,61,508104.014,3881295.427,1.655719,0.000000,-0.000000,0.5600,0.000,0.016,TRACKING|w0 d0 L61
126.956729,129.088813500000,35.074423500000,508097.035,3881300.005,0.016,-2.236267,route_tangent,61,8.346,2.000,61,508104.014,3881295.427,1.655719,0.000000,-0.000000,0.5600,0.000,0.016,TRACKING|w0 d0 L61
127.006863,129.088813500000,35.074423500000,508097.035,3881300.005,0.016,-2.236267,route_tangent,61,8.346,2.000,61,508104.014,3881295.427,1.655719,0.000000,-0.000000,0.5600,0.000,0.016,TRACKING|w0 d0 L61
127.058102,129.088813500000,35.074423500000,508097.035,3881300.005,0.016,-2.236267,route_tangent,61,8.346,2.000,61,508104.014,3881295.427,1.655719,0.000000,-0.000000,0.5600,0.000,0.016,TRACKING|w0 d0 L61
127.106746,129.088813500000,35.074423500000,508097.035,3881300.005,0.016,-2.236267,route_tangent,61,8.346,2.000,61,508104.014,3881295.427,1.655719,0.000000,-0.000000,0.5600,0.000,0.016,TRACKING|w0 d0 L61
127.157079,129.088813500000,35.074423500000,508097.035,3881300.005,0.016,-2.236267,route_tangent,61,8.346,2.000,61,508104.014,3881295.427,1.655719,0.000000,-0.000000,0.5600,0.000,0.016,TRACKING|w0 d0 L61
127.206752,129.088813500000,35.074423333333,508097.035,3881299.986,0.021,-2.236267,route_tangent,61,8.336,2.000,61,508104.014,3881295.427,1.657572,0.000000,-0.000000,0.5600,0.000,0.021,TRACKING|w0 d0 L61
127.256729,129.088813500000,35.074423333333,508097.035,3881299.986,0.021,-2.236267,route_tangent,61,8.336,2.000,61,508104.014,3881295.427,1.657572,0.000000,-0.000000,0.5600,0.000,0.021,TRACKING|w0 d0 L61
127.307700,129.088813500000,35.074423333333,508097.035,3881299.986,0.021,-2.236267,route_tangent,61,8.336,2.000,61,508104.014,3881295.427,1.657572,0.000000,-0.000000,0.5600,0.000,0.021,TRACKING|w0 d0 L61
127.356862,129.088813500000,35.074423333333,508097.035,3881299.986,0.021,-2.236267,route_tangent,61,8.336,2.000,61,508104.014,3881295.427,1.657572,0.000000,-0.000000,0.5600,0.000,0.021,TRACKING|w0 d0 L61
127.406859,129.088813500000,35.074423333333,508097.035,3881299.986,0.021,-2.236267,route_tangent,61,8.336,2.000,61,508104.014,3881295.427,1.657572,0.000000,-0.000000,0.5600,0.000,0.021,TRACKING|w0 d0 L61
127.457013,129.088813500000,35.074423333333,508097.035,3881299.986,0.021,-2.236267,route_tangent,61,8.336,2.000,61,508104.014,3881295.427,1.657572,0.000000,-0.000000,0.5600,0.000,0.021,TRACKING|w0 d0 L61
127.506857,129.088813500000,35.074423500000,508097.035,3881300.005,0.007,-2.236267,route_tangent,61,8.346,2.000,61,508104.014,3881295.427,1.655719,0.000000,-0.000000,0.5600,0.000,0.007,TRACKING|w0 d0 L61
127.556716,129.088813500000,35.074423500000,508097.035,3881300.005,0.007,-2.236267,route_tangent,61,8.346,2.000,61,508104.014,3881295.427,1.655719,0.000000,-0.000000,0.5600,0.000,0.007,TRACKING|w0 d0 L61
127.606606,129.088813500000,35.074423500000,508097.035,3881300.005,0.007,-2.236267,route_tangent,61,8.346,2.000,61,508104.014,3881295.427,1.655719,0.000000,-0.000000,0.5600,0.000,0.007,TRACKING|w0 d0 L61
127.656725,129.088813500000,35.074423500000,508097.035,3881300.005,0.007,-2.236267,route_tangent,61,8.346,2.000,61,508104.014,3881295.427,1.655719,0.000000,-0.000000,0.5600,0.000,0.007,TRACKING|w0 d0 L61
127.706807,129.088813666667,35.074423500000,508097.050,3881300.005,0.011,-2.236267,route_tangent,61,8.333,2.000,61,508104.014,3881295.427,1.654718,0.000000,-0.000000,0.5600,0.000,0.011,TRACKING|w0 d0 L61
127.756749,129.088813666667,35.074423500000,508097.050,3881300.005,0.011,-2.236267,route_tangent,61,8.333,2.000,61,508104.014,3881295.427,1.654718,0.000000,-0.000000,0.5600,0.000,0.011,TRACKING|w0 d0 L61
127.806773,129.088813666667,35.074423500000,508097.050,3881300.005,0.011,-2.236267,route_tangent,61,8.333,2.000,61,508104.014,3881295.427,1.654718,0.000000,-0.000000,0.5600,0.000,0.011,TRACKING|w0 d0 L61
127.856915,129.088813666667,35.074423500000,508097.050,3881300.005,0.011,-2.236267,route_tangent,61,8.333,2.000,61,508104.014,3881295.427,1.654718,0.000000,-0.000000,0.5600,0.000,0.011,TRACKING|w0 d0 L61
127.906739,129.088813666667,35.074423500000,508097.050,3881300.005,0.011,-2.236267,route_tangent,61,8.333,2.000,61,508104.014,3881295.427,1.654718,0.000000,-0.000000,0.5600,0.000,0.011,TRACKING|w0 d0 L61
127.957868,129.088813500000,35.074423500000,508097.035,3881300.005,0.005,-2.236267,route_tangent,61,8.346,2.000,61,508104.014,3881295.427,1.655719,0.000000,-0.000000,0.5600,0.000,0.005,TRACKING|w0 d0 L61
128.006757,129.088813500000,35.074423500000,508097.035,3881300.005,0.005,-2.236267,route_tangent,61,8.346,2.000,61,508104.014,3881295.427,1.655719,0.000000,-0.000000,0.5600,0.000,0.005,TRACKING|w0 d0 L61
128.056734,129.088813500000,35.074423500000,508097.035,3881300.005,0.005,-2.236267,route_tangent,61,8.346,2.000,61,508104.014,3881295.427,1.655719,0.000000,-0.000000,0.5600,0.000,0.005,TRACKING|w0 d0 L61
128.106766,129.088813500000,35.074423500000,508097.035,3881300.005,0.005,-2.236267,route_tangent,61,8.346,2.000,61,508104.014,3881295.427,1.655719,0.000000,-0.000000,0.5600,0.000,0.005,TRACKING|w0 d0 L61
128.157308,129.088813500000,35.074423500000,508097.035,3881300.005,0.005,-2.236267,route_tangent,61,8.346,2.000,61,508104.014,3881295.427,1.655719,0.000000,-0.000000,0.5600,0.000,0.005,TRACKING|w0 d0 L61
128.206818,129.088813500000,35.074423500000,508097.035,3881300.005,0.005,-2.236267,route_tangent,61,8.346,2.000,61,508104.014,3881295.427,1.655719,0.000000,-0.000000,0.5600,0.000,0.005,TRACKING|w0 d0 L61
128.257246,129.088813500000,35.074423500000,508097.035,3881300.005,0.005,-2.236267,route_tangent,61,8.346,2.000,61,508104.014,3881295.427,1.655719,0.000000,-0.000000,0.5600,0.000,0.005,TRACKING|w0 d0 L61
128.306729,129.088813500000,35.074423500000,508097.035,3881300.005,0.005,-2.236267,route_tangent,61,8.346,2.000,61,508104.014,3881295.427,1.655719,0.000000,-0.000000,0.5600,0.000,0.005,TRACKING|w0 d0 L61
128.356789,129.088813500000,35.074423500000,508097.035,3881300.005,0.005,-2.236267,route_tangent,61,8.346,2.000,61,508104.014,3881295.427,1.655719,0.000000,-0.000000,0.5600,0.000,0.005,TRACKING|w0 d0 L61
128.406803,129.088813500000,35.074423500000,508097.035,3881300.005,0.005,-2.236267,route_tangent,61,8.346,2.000,61,508104.014,3881295.427,1.655719,0.000000,-0.000000,0.5600,0.000,0.005,TRACKING|w0 d0 L61
128.456596,129.088813500000,35.074423333333,508097.035,3881299.986,0.005,-2.236267,route_tangent,61,8.336,2.000,61,508104.014,3881295.427,1.657572,0.000000,-0.000000,0.5600,0.000,0.005,TRACKING|w0 d0 L61
128.506940,129.088813500000,35.074423333333,508097.035,3881299.986,0.005,-2.236267,route_tangent,61,8.336,2.000,61,508104.014,3881295.427,1.657572,0.000000,-0.000000,0.5600,0.000,0.005,TRACKING|w0 d0 L61
128.556755,129.088813500000,35.074423333333,508097.035,3881299.986,0.005,-2.236267,route_tangent,61,8.336,2.000,61,508104.014,3881295.427,1.657572,0.000000,-0.000000,0.5600,0.000,0.005,TRACKING|w0 d0 L61
128.606564,129.088813500000,35.074423333333,508097.035,3881299.986,0.005,-2.236267,route_tangent,61,8.336,2.000,61,508104.014,3881295.427,1.657572,0.000000,-0.000000,0.5600,0.000,0.005,TRACKING|w0 d0 L61
128.657221,129.088813500000,35.074423333333,508097.035,3881299.986,0.005,-2.236267,route_tangent,61,8.336,2.000,61,508104.014,3881295.427,1.657572,0.000000,-0.000000,0.5600,0.000,0.005,TRACKING|w0 d0 L61
128.706769,129.088813500000,35.074423500000,508097.035,3881300.005,0.005,-2.236267,route_tangent,61,8.346,2.000,61,508104.014,3881295.427,1.655719,0.000000,-0.000000,0.5600,0.000,0.005,TRACKING|w0 d0 L61
128.757025,129.088813500000,35.074423500000,508097.035,3881300.005,0.005,-2.236267,route_tangent,61,8.346,2.000,61,508104.014,3881295.427,1.655719,0.000000,-0.000000,0.5600,0.000,0.005,TRACKING|w0 d0 L61
128.806722,129.088813500000,35.074423500000,508097.035,3881300.005,0.005,-2.236267,route_tangent,61,8.346,2.000,61,508104.014,3881295.427,1.655719,0.000000,-0.000000,0.5600,0.000,0.005,TRACKING|w0 d0 L61
128.856790,129.088813500000,35.074423500000,508097.035,3881300.005,0.005,-2.236267,route_tangent,61,8.346,2.000,61,508104.014,3881295.427,1.655719,0.000000,-0.000000,0.5600,0.000,0.005,TRACKING|w0 d0 L61
128.906762,129.088813500000,35.074423500000,508097.035,3881300.005,0.005,-2.236267,route_tangent,61,8.346,2.000,61,508104.014,3881295.427,1.655719,0.000000,-0.000000,0.5600,0.000,0.005,TRACKING|w0 d0 L61
128.957849,129.088813500000,35.074423500000,508097.035,3881300.005,0.005,-2.236267,route_tangent,61,8.346,2.000,61,508104.014,3881295.427,1.655719,0.000000,-0.000000,0.5600,0.000,0.005,TRACKING|w0 d0 L61
129.006907,129.088813500000,35.074423500000,508097.035,3881300.005,0.005,-2.236267,route_tangent,61,8.346,2.000,61,508104.014,3881295.427,1.655719,0.000000,-0.000000,0.5600,0.000,0.005,TRACKING|w0 d0 L61
129.056843,129.088813500000,35.074423500000,508097.035,3881300.005,0.005,-2.236267,route_tangent,61,8.346,2.000,61,508104.014,3881295.427,1.655719,0.000000,-0.000000,0.5600,0.000,0.005,TRACKING|w0 d0 L61
129.106847,129.088813500000,35.074423500000,508097.035,3881300.005,0.005,-2.236267,route_tangent,61,8.346,2.000,61,508104.014,3881295.427,1.655719,0.000000,-0.000000,0.5600,0.000,0.005,TRACKING|w0 d0 L61
129.156765,129.088813500000,35.074423500000,508097.035,3881300.005,0.005,-2.236267,route_tangent,61,8.346,2.000,61,508104.014,3881295.427,1.655719,0.000000,-0.000000,0.5600,0.000,0.005,TRACKING|w0 d0 L61
129.207320,129.088813500000,35.074423333333,508097.035,3881299.986,0.010,-2.236267,route_tangent,61,8.336,2.000,61,508104.014,3881295.427,1.657572,0.000000,-0.000000,0.5600,0.000,0.010,TRACKING|w0 d0 L61
129.256695,129.088813500000,35.074423333333,508097.035,3881299.986,0.010,-2.236267,route_tangent,61,8.336,2.000,61,508104.014,3881295.427,1.657572,0.000000,-0.000000,0.5600,0.000,0.010,TRACKING|w0 d0 L61
129.306701,129.088813500000,35.074423333333,508097.035,3881299.986,0.010,-2.236267,route_tangent,61,8.336,2.000,61,508104.014,3881295.427,1.657572,0.000000,-0.000000,0.5600,0.000,0.010,TRACKING|w0 d0 L61
129.357043,129.088813500000,35.074423333333,508097.035,3881299.986,0.010,-2.236267,route_tangent,61,8.336,2.000,61,508104.014,3881295.427,1.657572,0.000000,-0.000000,0.5600,0.000,0.010,TRACKING|w0 d0 L61
129.406835,129.088813500000,35.074423333333,508097.035,3881299.986,0.010,-2.236267,route_tangent,61,8.336,2.000,61,508104.014,3881295.427,1.657572,0.000000,-0.000000,0.5600,0.000,0.010,TRACKING|w0 d0 L61
129.457041,129.088813500000,35.074423333333,508097.035,3881299.986,0.010,-2.236267,route_tangent,61,8.336,2.000,61,508104.014,3881295.427,1.657572,0.000000,-0.000000,0.5600,0.000,0.010,TRACKING|w0 d0 L61
129.506816,129.088813500000,35.074423500000,508097.035,3881300.005,0.010,-2.236267,route_tangent,61,8.346,2.000,61,508104.014,3881295.427,1.655719,0.000000,-0.000000,0.5600,0.000,0.010,TRACKING|w0 d0 L61
129.557037,129.088813500000,35.074423500000,508097.035,3881300.005,0.010,-2.236267,route_tangent,61,8.346,2.000,61,508104.014,3881295.427,1.655719,0.000000,-0.000000,0.5600,0.000,0.010,TRACKING|w0 d0 L61
129.606601,129.088813500000,35.074423500000,508097.035,3881300.005,0.010,-2.236267,route_tangent,61,8.346,2.000,61,508104.014,3881295.427,1.655719,0.000000,-0.000000,0.5600,0.000,0.010,TRACKING|w0 d0 L61
129.656730,129.088813500000,35.074423500000,508097.035,3881300.005,0.010,-2.236267,route_tangent,61,8.346,2.000,61,508104.014,3881295.427,1.655719,0.000000,-0.000000,0.5600,0.000,0.010,TRACKING|w0 d0 L61
129.706737,129.088813500000,35.074423333333,508097.035,3881299.986,0.010,-2.236267,route_tangent,61,8.336,2.000,61,508104.014,3881295.427,1.657572,0.000000,-0.000000,0.5600,0.000,0.010,TRACKING|w0 d0 L61
129.758366,129.088813500000,35.074423333333,508097.035,3881299.986,0.010,-2.236267,route_tangent,61,8.336,2.000,61,508104.014,3881295.427,1.657572,0.000000,-0.000000,0.5600,0.000,0.010,TRACKING|w0 d0 L61
129.806897,129.088813500000,35.074423333333,508097.035,3881299.986,0.010,-2.236267,route_tangent,61,8.336,2.000,61,508104.014,3881295.427,1.657572,0.000000,-0.000000,0.5600,0.000,0.010,TRACKING|w0 d0 L61
129.856762,129.088813500000,35.074423333333,508097.035,3881299.986,0.010,-2.236267,route_tangent,61,8.336,2.000,61,508104.014,3881295.427,1.657572,0.000000,-0.000000,0.5600,0.000,0.010,TRACKING|w0 d0 L61
129.907114,129.088813500000,35.074423333333,508097.035,3881299.986,0.010,-2.236267,route_tangent,61,8.336,2.000,61,508104.014,3881295.427,1.657572,0.000000,-0.000000,0.5600,0.000,0.010,TRACKING|w0 d0 L61
129.956804,129.088813500000,35.074423500000,508097.035,3881300.005,0.010,-2.236267,route_tangent,61,8.346,2.000,61,508104.014,3881295.427,1.655719,0.000000,-0.000000,0.5600,0.000,0.010,TRACKING|w0 d0 L61
130.007041,129.088813500000,35.074423500000,508097.035,3881300.005,0.010,-2.236267,route_tangent,61,8.346,2.000,61,508104.014,3881295.427,1.655719,0.000000,-0.000000,0.5600,0.000,0.010,TRACKING|w0 d0 L61
130.056748,129.088813500000,35.074423500000,508097.035,3881300.005,0.010,-2.236267,route_tangent,61,8.346,2.000,61,508104.014,3881295.427,1.655719,0.000000,-0.000000,0.5600,0.000,0.010,TRACKING|w0 d0 L61
130.106785,129.088813500000,35.074423500000,508097.035,3881300.005,0.010,-2.236267,route_tangent,61,8.346,2.000,61,508104.014,3881295.427,1.655719,0.000000,-0.000000,0.5600,0.000,0.010,TRACKING|w0 d0 L61
130.156739,129.088813500000,35.074423500000,508097.035,3881300.005,0.010,-2.236267,route_tangent,61,8.346,2.000,61,508104.014,3881295.427,1.655719,0.000000,-0.000000,0.5600,0.000,0.010,TRACKING|w0 d0 L61
130.206818,129.088813500000,35.074423500000,508097.035,3881300.005,0.003,-2.236267,route_tangent,61,8.346,2.000,61,508104.014,3881295.427,1.655719,0.000000,-0.000000,0.5600,0.000,0.003,TRACKING|w0 d0 L61
130.258183,129.088813500000,35.074423500000,508097.035,3881300.005,0.003,-2.236267,route_tangent,61,8.346,2.000,61,508104.014,3881295.427,1.655719,0.000000,-0.000000,0.5600,0.000,0.003,TRACKING|w0 d0 L61
130.306815,129.088813500000,35.074423500000,508097.035,3881300.005,0.003,-2.236267,route_tangent,61,8.346,2.000,61,508104.014,3881295.427,1.655719,0.000000,-0.000000,0.5600,0.000,0.003,TRACKING|w0 d0 L61
130.356988,129.088813500000,35.074423500000,508097.035,3881300.005,0.003,-2.236267,route_tangent,61,8.346,2.000,61,508104.014,3881295.427,1.655719,0.000000,-0.000000,0.5600,0.000,0.003,TRACKING|w0 d0 L61
130.406752,129.088813500000,35.074423500000,508097.035,3881300.005,0.003,-2.236267,route_tangent,61,8.346,2.000,61,508104.014,3881295.427,1.655719,0.000000,-0.000000,0.5600,0.000,0.003,TRACKING|w0 d0 L61
130.456740,129.088813500000,35.074423500000,508097.035,3881300.005,0.005,-2.236267,route_tangent,61,8.346,2.000,61,508104.014,3881295.427,1.655719,0.000000,-0.000000,0.5600,0.000,0.005,TRACKING|w0 d0 L61
130.506898,129.088813500000,35.074423500000,508097.035,3881300.005,0.005,-2.236267,route_tangent,61,8.346,2.000,61,508104.014,3881295.427,1.655719,0.000000,-0.000000,0.5600,0.000,0.005,TRACKING|w0 d0 L61
130.557011,129.088813500000,35.074423500000,508097.035,3881300.005,0.005,-2.236267,route_tangent,61,8.346,2.000,61,508104.014,3881295.427,1.655719,0.000000,-0.000000,0.5600,0.000,0.005,TRACKING|w0 d0 L61
130.606617,129.088813500000,35.074423500000,508097.035,3881300.005,0.005,-2.236267,route_tangent,61,8.346,2.000,61,508104.014,3881295.427,1.655719,0.000000,-0.000000,0.5600,0.000,0.005,TRACKING|w0 d0 L61
130.656829,129.088813500000,35.074423500000,508097.035,3881300.005,0.005,-2.236267,route_tangent,61,8.346,2.000,61,508104.014,3881295.427,1.655719,0.000000,-0.000000,0.5600,0.000,0.005,TRACKING|w0 d0 L61
130.706866,129.088813500000,35.074423500000,508097.035,3881300.005,0.012,-2.236267,route_tangent,61,8.346,2.000,61,508104.014,3881295.427,1.655719,0.000000,-0.000000,0.5600,0.000,0.012,TRACKING|w0 d0 L61
130.756689,129.088813500000,35.074423500000,508097.035,3881300.005,0.012,-2.236267,route_tangent,61,8.346,2.000,61,508104.014,3881295.427,1.655719,0.000000,-0.000000,0.5600,0.000,0.012,TRACKING|w0 d0 L61
130.806814,129.088813500000,35.074423500000,508097.035,3881300.005,0.012,-2.236267,route_tangent,61,8.346,2.000,61,508104.014,3881295.427,1.655719,0.000000,-0.000000,0.5600,0.000,0.012,TRACKING|w0 d0 L61
130.857024,129.088813500000,35.074423500000,508097.035,3881300.005,0.012,-2.236267,route_tangent,61,8.346,2.000,61,508104.014,3881295.427,1.655719,0.000000,-0.000000,0.5600,0.000,0.012,TRACKING|w0 d0 L61
130.906962,129.088813500000,35.074423500000,508097.035,3881300.005,0.012,-2.236267,route_tangent,61,8.346,2.000,61,508104.014,3881295.427,1.655719,0.000000,-0.000000,0.5600,0.000,0.012,TRACKING|w0 d0 L61
130.956697,129.088813500000,35.074423500000,508097.035,3881300.005,0.007,-2.236267,route_tangent,61,8.346,2.000,61,508104.014,3881295.427,1.655719,0.000000,-0.000000,0.5600,0.000,0.007,TRACKING|w0 d0 L61
131.006922,129.088813500000,35.074423500000,508097.035,3881300.005,0.007,-2.236267,route_tangent,61,8.346,2.000,61,508104.014,3881295.427,1.655719,0.000000,-0.000000,0.5600,0.000,0.007,TRACKING|w0 d0 L61
131.056764,129.088813500000,35.074423500000,508097.035,3881300.005,0.007,-2.236267,route_tangent,61,8.346,2.000,61,508104.014,3881295.427,1.655719,0.000000,-0.000000,0.5600,0.000,0.007,TRACKING|w0 d0 L61
131.106688,129.088813500000,35.074423500000,508097.035,3881300.005,0.007,-2.236267,route_tangent,61,8.346,2.000,61,508104.014,3881295.427,1.655719,0.000000,-0.000000,0.5600,0.000,0.007,TRACKING|w0 d0 L61
131.156924,129.088813500000,35.074423500000,508097.035,3881300.005,0.007,-2.236267,route_tangent,61,8.346,2.000,61,508104.014,3881295.427,1.655719,0.000000,-0.000000,0.5600,0.000,0.007,TRACKING|w0 d0 L61
131.206744,129.088813500000,35.074423333333,508097.035,3881299.986,0.013,-2.236267,route_tangent,61,8.336,2.000,61,508104.014,3881295.427,1.657572,0.000000,-0.000000,0.5600,0.000,0.013,TRACKING|w0 d0 L61
131.256736,129.088813500000,35.074423333333,508097.035,3881299.986,0.013,-2.236267,route_tangent,61,8.336,2.000,61,508104.014,3881295.427,1.657572,0.000000,-0.000000,0.5600,0.000,0.013,TRACKING|w0 d0 L61
131.307020,129.088813500000,35.074423333333,508097.035,3881299.986,0.013,-2.236267,route_tangent,61,8.336,2.000,61,508104.014,3881295.427,1.657572,0.000000,-0.000000,0.5600,0.000,0.013,TRACKING|w0 d0 L61
131.356785,129.088813500000,35.074423333333,508097.035,3881299.986,0.013,-2.236267,route_tangent,61,8.336,2.000,61,508104.014,3881295.427,1.657572,0.000000,-0.000000,0.5600,0.000,0.013,TRACKING|w0 d0 L61
131.406764,129.088813500000,35.074423333333,508097.035,3881299.986,0.013,-2.236267,route_tangent,61,8.336,2.000,61,508104.014,3881295.427,1.657572,0.000000,-0.000000,0.5600,0.000,0.013,TRACKING|w0 d0 L61
131.456695,129.088813500000,35.074423333333,508097.035,3881299.986,0.013,-2.236267,route_tangent,61,8.336,2.000,61,508104.014,3881295.427,1.657572,0.000000,-0.000000,0.5600,0.000,0.013,TRACKING|w0 d0 L61
131.507184,129.088813500000,35.074423333333,508097.035,3881299.986,0.011,-2.236267,route_tangent,61,8.336,2.000,61,508104.014,3881295.427,1.657572,0.000000,-0.000000,0.5600,0.000,0.011,TRACKING|w0 d0 L61
131.556752,129.088813500000,35.074423333333,508097.035,3881299.986,0.011,-2.236267,route_tangent,61,8.336,2.000,61,508104.014,3881295.427,1.657572,0.000000,-0.000000,0.5600,0.000,0.011,TRACKING|w0 d0 L61
131.609282,129.088813500000,35.074423333333,508097.035,3881299.986,0.011,-2.236267,route_tangent,61,8.336,2.000,61,508104.014,3881295.427,1.657572,0.000000,-0.000000,0.5600,0.000,0.011,TRACKING|w0 d0 L61
131.656767,129.088813500000,35.074423333333,508097.035,3881299.986,0.011,-2.236267,route_tangent,61,8.336,2.000,61,508104.014,3881295.427,1.657572,0.000000,-0.000000,0.5600,0.000,0.011,TRACKING|w0 d0 L61
131.706717,129.088813500000,35.074423500000,508097.035,3881300.005,0.019,-2.236267,route_tangent,61,8.346,2.000,61,508104.014,3881295.427,1.655719,0.000000,-0.000000,0.5600,0.000,0.019,TRACKING|w0 d0 L61
131.756753,129.088813500000,35.074423500000,508097.035,3881300.005,0.019,-2.236267,route_tangent,61,8.346,2.000,61,508104.014,3881295.427,1.655719,0.000000,-0.000000,0.5600,0.000,0.019,TRACKING|w0 d0 L61
131.806806,129.088813500000,35.074423500000,508097.035,3881300.005,0.019,-2.236267,route_tangent,61,8.346,2.000,61,508104.014,3881295.427,1.655719,0.000000,-0.000000,0.5600,0.000,0.019,TRACKING|w0 d0 L61
131.857849,129.088813500000,35.074423500000,508097.035,3881300.005,0.019,-2.236267,route_tangent,61,8.346,2.000,61,508104.014,3881295.427,1.655719,0.000000,-0.000000,0.5600,0.000,0.019,TRACKING|w0 d0 L61
131.906790,129.088813500000,35.074423500000,508097.035,3881300.005,0.019,-2.236267,route_tangent,61,8.346,2.000,61,508104.014,3881295.427,1.655719,0.000000,-0.000000,0.5600,0.000,0.019,TRACKING|w0 d0 L61
131.956851,129.088813500000,35.074423500000,508097.035,3881300.005,0.019,-2.236267,route_tangent,61,8.346,2.000,61,508104.014,3881295.427,1.655719,0.000000,-0.000000,0.5600,0.000,0.019,TRACKING|w0 d0 L61
132.006741,129.088813500000,35.074423500000,508097.035,3881300.005,0.019,-2.236267,route_tangent,61,8.346,2.000,61,508104.014,3881295.427,1.655719,0.000000,-0.000000,0.5600,0.000,0.019,TRACKING|w0 d0 L61
132.056726,129.088813500000,35.074423500000,508097.035,3881300.005,0.019,-2.236267,route_tangent,61,8.346,2.000,61,508104.014,3881295.427,1.655719,0.000000,-0.000000,0.5600,0.000,0.019,TRACKING|w0 d0 L61
132.107122,129.088813500000,35.074423500000,508097.035,3881300.005,0.019,-2.236267,route_tangent,61,8.346,2.000,61,508104.014,3881295.427,1.655719,0.000000,-0.000000,0.5600,0.000,0.019,TRACKING|w0 d0 L61
132.156757,129.088813500000,35.074423500000,508097.035,3881300.005,0.019,-2.236267,route_tangent,61,8.346,2.000,61,508104.014,3881295.427,1.655719,0.000000,-0.000000,0.5600,0.000,0.019,TRACKING|w0 d0 L61
132.206745,129.088813500000,35.074423333333,508097.035,3881299.986,0.028,-2.236267,route_tangent,61,8.336,2.000,61,508104.014,3881295.427,1.657572,0.000000,-0.000000,0.5600,0.000,0.028,TRACKING|w0 d0 L61
132.256812,129.088813500000,35.074423333333,508097.035,3881299.986,0.028,-2.236267,route_tangent,61,8.336,2.000,61,508104.014,3881295.427,1.657572,0.000000,-0.000000,0.5600,0.000,0.028,TRACKING|w0 d0 L61
132.308668,129.088813500000,35.074423333333,508097.035,3881299.986,0.028,-2.236267,route_tangent,61,8.336,2.000,61,508104.014,3881295.427,1.657572,0.000000,-0.000000,0.5600,0.000,0.028,TRACKING|w0 d0 L61
132.356765,129.088813500000,35.074423333333,508097.035,3881299.986,0.028,-2.236267,route_tangent,61,8.336,2.000,61,508104.014,3881295.427,1.657572,0.000000,-0.000000,0.5600,0.000,0.028,TRACKING|w0 d0 L61
132.406709,129.088813500000,35.074423333333,508097.035,3881299.986,0.028,-2.236267,route_tangent,61,8.336,2.000,61,508104.014,3881295.427,1.657572,0.000000,-0.000000,0.5600,0.000,0.028,TRACKING|w0 d0 L61
132.456723,129.088813500000,35.074423333333,508097.035,3881299.986,0.017,-2.236267,route_tangent,61,8.336,2.000,61,508104.014,3881295.427,1.657572,0.000000,-0.000000,0.5600,0.000,0.017,TRACKING|w0 d0 L61
132.506805,129.088813500000,35.074423333333,508097.035,3881299.986,0.017,-2.236267,route_tangent,61,8.336,2.000,61,508104.014,3881295.427,1.657572,0.000000,-0.000000,0.5600,0.000,0.017,TRACKING|w0 d0 L61
132.556785,129.088813500000,35.074423333333,508097.035,3881299.986,0.017,-2.236267,route_tangent,61,8.336,2.000,61,508104.014,3881295.427,1.657572,0.000000,-0.000000,0.5600,0.000,0.017,TRACKING|w0 d0 L61
132.606844,129.088813500000,35.074423333333,508097.035,3881299.986,0.017,-2.236267,route_tangent,61,8.336,2.000,61,508104.014,3881295.427,1.657572,0.000000,-0.000000,0.5600,0.000,0.017,TRACKING|w0 d0 L61
132.658550,129.088813500000,35.074423333333,508097.035,3881299.986,0.017,-2.236267,route_tangent,61,8.336,2.000,61,508104.014,3881295.427,1.657572,0.000000,-0.000000,0.5600,0.000,0.017,TRACKING|w0 d0 L61
132.706707,129.088813500000,35.074423333333,508097.035,3881299.986,0.008,-2.236267,route_tangent,61,8.336,2.000,61,508104.014,3881295.427,1.657572,0.000000,-0.000000,0.5600,0.000,0.008,TRACKING|w0 d0 L61
132.757081,129.088813500000,35.074423333333,508097.035,3881299.986,0.008,-2.236267,route_tangent,61,8.336,2.000,61,508104.014,3881295.427,1.657572,0.000000,-0.000000,0.5600,0.000,0.008,TRACKING|w0 d0 L61
132.806766,129.088813500000,35.074423333333,508097.035,3881299.986,0.008,-2.236267,route_tangent,61,8.336,2.000,61,508104.014,3881295.427,1.657572,0.000000,-0.000000,0.5600,0.000,0.008,TRACKING|w0 d0 L61
132.856760,129.088813500000,35.074423333333,508097.035,3881299.986,0.008,-2.236267,route_tangent,61,8.336,2.000,61,508104.014,3881295.427,1.657572,0.000000,-0.000000,0.5600,0.000,0.008,TRACKING|w0 d0 L61
132.906734,129.088813500000,35.074423333333,508097.035,3881299.986,0.008,-2.236267,route_tangent,61,8.336,2.000,61,508104.014,3881295.427,1.657572,0.000000,-0.000000,0.5600,0.000,0.008,TRACKING|w0 d0 L61
132.956838,129.088813500000,35.074423500000,508097.035,3881300.005,0.010,-2.236267,route_tangent,61,8.346,2.000,61,508104.014,3881295.427,1.655719,0.000000,-0.000000,0.5600,0.000,0.010,TRACKING|w0 d0 L61
133.008158,129.088813500000,35.074423500000,508097.035,3881300.005,0.010,-2.236267,route_tangent,61,8.346,2.000,61,508104.014,3881295.427,1.655719,0.000000,-0.000000,0.5600,0.000,0.010,TRACKING|w0 d0 L61
133.056735,129.088813500000,35.074423500000,508097.035,3881300.005,0.010,-2.236267,route_tangent,61,8.346,2.000,61,508104.014,3881295.427,1.655719,0.000000,-0.000000,0.5600,0.000,0.010,TRACKING|w0 d0 L61
133.108281,129.088813500000,35.074423500000,508097.035,3881300.005,0.010,-2.236267,route_tangent,61,8.346,2.000,61,508104.014,3881295.427,1.655719,0.000000,-0.000000,0.5600,0.000,0.010,TRACKING|w0 d0 L61
133.156755,129.088813500000,35.074423500000,508097.035,3881300.005,0.010,-2.236267,route_tangent,61,8.346,2.000,61,508104.014,3881295.427,1.655719,0.000000,-0.000000,0.5600,0.000,0.010,TRACKING|w0 d0 L61
133.206778,129.088813500000,35.074423333333,508097.035,3881299.986,0.006,-2.236267,route_tangent,61,8.336,2.000,61,508104.014,3881295.427,1.657572,0.000000,-0.000000,0.5600,0.000,0.006,TRACKING|w0 d0 L61
133.256772,129.088813500000,35.074423333333,508097.035,3881299.986,0.006,-2.236267,route_tangent,61,8.336,2.000,61,508104.014,3881295.427,1.657572,0.000000,-0.000000,0.5600,0.000,0.006,TRACKING|w0 d0 L61
133.306791,129.088813500000,35.074423333333,508097.035,3881299.986,0.006,-2.236267,route_tangent,61,8.336,2.000,61,508104.014,3881295.427,1.657572,0.000000,-0.000000,0.5600,0.000,0.006,TRACKING|w0 d0 L61
133.356728,129.088813500000,35.074423333333,508097.035,3881299.986,0.006,-2.236267,route_tangent,61,8.336,2.000,61,508104.014,3881295.427,1.657572,0.000000,-0.000000,0.5600,0.000,0.006,TRACKING|w0 d0 L61
133.406809,129.088813500000,35.074423333333,508097.035,3881299.986,0.006,-2.236267,route_tangent,61,8.336,2.000,61,508104.014,3881295.427,1.657572,0.000000,-0.000000,0.5600,0.000,0.006,TRACKING|w0 d0 L61
133.456739,129.088813500000,35.074423500000,508097.035,3881300.005,0.011,-2.236267,route_tangent,61,8.346,2.000,61,508104.014,3881295.427,1.655719,0.000000,-0.000000,0.5600,0.000,0.011,TRACKING|w0 d0 L61
133.506707,129.088813500000,35.074423500000,508097.035,3881300.005,0.011,-2.236267,route_tangent,61,8.346,2.000,61,508104.014,3881295.427,1.655719,0.000000,-0.000000,0.5600,0.000,0.011,TRACKING|w0 d0 L61
133.556791,129.088813500000,35.074423500000,508097.035,3881300.005,0.011,-2.236267,route_tangent,61,8.346,2.000,61,508104.014,3881295.427,1.655719,0.000000,-0.000000,0.5600,0.000,0.011,TRACKING|w0 d0 L61
133.606715,129.088813500000,35.074423500000,508097.035,3881300.005,0.011,-2.236267,route_tangent,61,8.346,2.000,61,508104.014,3881295.427,1.655719,0.000000,-0.000000,0.5600,0.000,0.011,TRACKING|w0 d0 L61
133.656818,129.088813500000,35.074423500000,508097.035,3881300.005,0.011,-2.236267,route_tangent,61,8.346,2.000,61,508104.014,3881295.427,1.655719,0.000000,-0.000000,0.5600,0.000,0.011,TRACKING|w0 d0 L61
133.706751,129.088813500000,35.074423500000,508097.035,3881300.005,0.020,-2.236267,route_tangent,61,8.346,2.000,61,508104.014,3881295.427,1.655719,0.000000,-0.000000,0.5600,0.000,0.020,TRACKING|w0 d0 L61
133.756721,129.088813500000,35.074423500000,508097.035,3881300.005,0.020,-2.236267,route_tangent,61,8.346,2.000,61,508104.014,3881295.427,1.655719,0.000000,-0.000000,0.5600,0.000,0.020,TRACKING|w0 d0 L61
133.806837,129.088813500000,35.074423500000,508097.035,3881300.005,0.020,-2.236267,route_tangent,61,8.346,2.000,61,508104.014,3881295.427,1.655719,0.000000,-0.000000,0.5600,0.000,0.020,TRACKING|w0 d0 L61
133.857672,129.088813500000,35.074423500000,508097.035,3881300.005,0.020,-2.236267,route_tangent,61,8.346,2.000,61,508104.014,3881295.427,1.655719,0.000000,-0.000000,0.5600,0.000,0.020,TRACKING|w0 d0 L61
133.906842,129.088813500000,35.074423500000,508097.035,3881300.005,0.020,-2.236267,route_tangent,61,8.346,2.000,61,508104.014,3881295.427,1.655719,0.000000,-0.000000,0.5600,0.000,0.020,TRACKING|w0 d0 L61
133.956690,129.088813500000,35.074423500000,508097.035,3881300.005,0.009,-2.236267,route_tangent,61,8.346,2.000,61,508104.014,3881295.427,1.655719,0.000000,-0.000000,0.5600,0.000,0.009,TRACKING|w0 d0 L61
134.006778,129.088813500000,35.074423500000,508097.035,3881300.005,0.009,-2.236267,route_tangent,61,8.346,2.000,61,508104.014,3881295.427,1.655719,0.000000,-0.000000,0.5600,0.000,0.009,TRACKING|w0 d0 L61
134.056821,129.088813500000,35.074423500000,508097.035,3881300.005,0.009,-2.236267,route_tangent,61,8.346,2.000,61,508104.014,3881295.427,1.655719,0.000000,-0.000000,0.5600,0.000,0.009,TRACKING|w0 d0 L61
134.106799,129.088813500000,35.074423500000,508097.035,3881300.005,0.009,-2.236267,route_tangent,61,8.346,2.000,61,508104.014,3881295.427,1.655719,0.000000,-0.000000,0.5600,0.000,0.009,TRACKING|w0 d0 L61
134.156716,129.088813500000,35.074423500000,508097.035,3881300.005,0.009,-2.236267,route_tangent,61,8.346,2.000,61,508104.014,3881295.427,1.655719,0.000000,-0.000000,0.5600,0.000,0.009,TRACKING|w0 d0 L61
134.206820,129.088813500000,35.074423500000,508097.035,3881300.005,0.010,-2.236267,route_tangent,61,8.346,2.000,61,508104.014,3881295.427,1.655719,0.000000,-0.000000,0.5600,0.000,0.010,TRACKING|w0 d0 L61
134.256986,129.088813500000,35.074423500000,508097.035,3881300.005,0.010,-2.236267,route_tangent,61,8.346,2.000,61,508104.014,3881295.427,1.655719,0.000000,-0.000000,0.5600,0.000,0.010,TRACKING|w0 d0 L61
134.306721,129.088813500000,35.074423500000,508097.035,3881300.005,0.010,-2.236267,route_tangent,61,8.346,2.000,61,508104.014,3881295.427,1.655719,0.000000,-0.000000,0.5600,0.000,0.010,TRACKING|w0 d0 L61
134.356791,129.088813500000,35.074423500000,508097.035,3881300.005,0.010,-2.236267,route_tangent,61,8.346,2.000,61,508104.014,3881295.427,1.655719,0.000000,-0.000000,0.5600,0.000,0.010,TRACKING|w0 d0 L61
134.406731,129.088813500000,35.074423500000,508097.035,3881300.005,0.010,-2.236267,route_tangent,61,8.346,2.000,61,508104.014,3881295.427,1.655719,0.000000,-0.000000,0.5600,0.000,0.010,TRACKING|w0 d0 L61
134.456744,129.088813500000,35.074423500000,508097.035,3881300.005,0.003,-2.236267,route_tangent,61,8.346,2.000,61,508104.014,3881295.427,1.655719,0.000000,-0.000000,0.5600,0.000,0.003,TRACKING|w0 d0 L61
134.506770,129.088813500000,35.074423500000,508097.035,3881300.005,0.003,-2.236267,route_tangent,61,8.346,2.000,61,508104.014,3881295.427,1.655719,0.000000,-0.000000,0.5600,0.000,0.003,TRACKING|w0 d0 L61
134.557250,129.088813500000,35.074423500000,508097.035,3881300.005,0.003,-2.236267,route_tangent,61,8.346,2.000,61,508104.014,3881295.427,1.655719,0.000000,-0.000000,0.5600,0.000,0.003,TRACKING|w0 d0 L61
134.606628,129.088813500000,35.074423500000,508097.035,3881300.005,0.003,-2.236267,route_tangent,61,8.346,2.000,61,508104.014,3881295.427,1.655719,0.000000,-0.000000,0.5600,0.000,0.003,TRACKING|w0 d0 L61
134.657593,129.088813500000,35.074423500000,508097.035,3881300.005,0.003,-2.236267,route_tangent,61,8.346,2.000,61,508104.014,3881295.427,1.655719,0.000000,-0.000000,0.5600,0.000,0.003,TRACKING|w0 d0 L61
134.707110,129.088813500000,35.074423333333,508097.035,3881299.986,0.003,-2.236267,route_tangent,61,8.336,2.000,61,508104.014,3881295.427,1.657572,0.000000,-0.000000,0.5600,0.000,0.003,TRACKING|w0 d0 L61
134.756702,129.088813500000,35.074423333333,508097.035,3881299.986,0.003,-2.236267,route_tangent,61,8.336,2.000,61,508104.014,3881295.427,1.657572,0.000000,-0.000000,0.5600,0.000,0.003,TRACKING|w0 d0 L61
134.806829,129.088813500000,35.074423333333,508097.035,3881299.986,0.003,-2.236267,route_tangent,61,8.336,2.000,61,508104.014,3881295.427,1.657572,0.000000,-0.000000,0.5600,0.000,0.003,TRACKING|w0 d0 L61
134.856792,129.088813500000,35.074423333333,508097.035,3881299.986,0.003,-2.236267,route_tangent,61,8.336,2.000,61,508104.014,3881295.427,1.657572,0.000000,-0.000000,0.5600,0.000,0.003,TRACKING|w0 d0 L61
134.906752,129.088813500000,35.074423333333,508097.035,3881299.986,0.003,-2.236267,route_tangent,61,8.336,2.000,61,508104.014,3881295.427,1.657572,0.000000,-0.000000,0.5600,0.000,0.003,TRACKING|w0 d0 L61
134.956829,129.088813666667,35.074423333333,508097.050,3881299.986,0.008,-2.236267,route_tangent,61,8.323,2.000,61,508104.014,3881295.427,1.656572,0.000000,-0.000000,0.5600,0.000,0.008,TRACKING|w0 d0 L61
135.007640,129.088813666667,35.074423333333,508097.050,3881299.986,0.008,-2.236267,route_tangent,61,8.323,2.000,61,508104.014,3881295.427,1.656572,0.000000,-0.000000,0.5600,0.000,0.008,TRACKING|w0 d0 L61
135.056874,129.088813666667,35.074423333333,508097.050,3881299.986,0.008,-2.236267,route_tangent,61,8.323,2.000,61,508104.014,3881295.427,1.656572,0.000000,-0.000000,0.5600,0.000,0.008,TRACKING|w0 d0 L61
135.106921,129.088813666667,35.074423333333,508097.050,3881299.986,0.008,-2.236267,route_tangent,61,8.323,2.000,61,508104.014,3881295.427,1.656572,0.000000,-0.000000,0.5600,0.000,0.008,TRACKING|w0 d0 L61
135.156739,129.088813666667,35.074423333333,508097.050,3881299.986,0.008,-2.236267,route_tangent,61,8.323,2.000,61,508104.014,3881295.427,1.656572,0.000000,-0.000000,0.5600,0.000,0.008,TRACKING|w0 d0 L61
135.206749,129.088813666667,35.074423500000,508097.050,3881300.005,0.015,-2.236267,route_tangent,61,8.333,2.000,61,508104.014,3881295.427,1.654718,0.000000,-0.000000,0.5600,0.000,0.015,TRACKING|w0 d0 L61
135.256862,129.088813666667,35.074423500000,508097.050,3881300.005,0.015,-2.236267,route_tangent,61,8.333,2.000,61,508104.014,3881295.427,1.654718,0.000000,-0.000000,0.5600,0.000,0.015,TRACKING|w0 d0 L61
135.306723,129.088813666667,35.074423500000,508097.050,3881300.005,0.015,-2.236267,route_tangent,61,8.333,2.000,61,508104.014,3881295.427,1.654718,0.000000,-0.000000,0.5600,0.000,0.015,TRACKING|w0 d0 L61
135.358277,129.088813666667,35.074423500000,508097.050,3881300.005,0.015,-2.236267,route_tangent,61,8.333,2.000,61,508104.014,3881295.427,1.654718,0.000000,-0.000000,0.5600,0.000,0.015,TRACKING|w0 d0 L61
135.406764,129.088813666667,35.074423500000,508097.050,3881300.005,0.015,-2.236267,route_tangent,61,8.333,2.000,61,508104.014,3881295.427,1.654718,0.000000,-0.000000,0.5600,0.000,0.015,TRACKING|w0 d0 L61
135.456839,129.088813666667,35.074423500000,508097.050,3881300.005,0.015,-2.236267,route_tangent,61,8.333,2.000,61,508104.014,3881295.427,1.654718,0.000000,-0.000000,0.5600,0.000,0.015,TRACKING|w0 d0 L61
135.507234,129.088813666667,35.074423500000,508097.050,3881300.005,0.015,-2.236267,route_tangent,61,8.333,2.000,61,508104.014,3881295.427,1.654718,0.000000,-0.000000,0.5600,0.000,0.015,TRACKING|w0 d0 L61
135.556717,129.088813666667,35.074423500000,508097.050,3881300.005,0.015,-2.236267,route_tangent,61,8.333,2.000,61,508104.014,3881295.427,1.654718,0.000000,-0.000000,0.5600,0.000,0.015,TRACKING|w0 d0 L61
135.606701,129.088813666667,35.074423500000,508097.050,3881300.005,0.015,-2.236267,route_tangent,61,8.333,2.000,61,508104.014,3881295.427,1.654718,0.000000,-0.000000,0.5600,0.000,0.015,TRACKING|w0 d0 L61
135.656719,129.088813666667,35.074423500000,508097.050,3881300.005,0.015,-2.236267,route_tangent,61,8.333,2.000,61,508104.014,3881295.427,1.654718,0.000000,-0.000000,0.5600,0.000,0.015,TRACKING|w0 d0 L61
135.706768,129.088813666667,35.074423500000,508097.050,3881300.005,0.015,-2.236267,route_tangent,61,8.333,2.000,61,508104.014,3881295.427,1.654718,0.000000,-0.000000,0.5600,0.000,0.015,TRACKING|w0 d0 L61
135.756698,129.088813666667,35.074423500000,508097.050,3881300.005,0.015,-2.236267,route_tangent,61,8.333,2.000,61,508104.014,3881295.427,1.654718,0.000000,-0.000000,0.5600,0.000,0.015,TRACKING|w0 d0 L61
135.806870,129.088813666667,35.074423500000,508097.050,3881300.005,0.015,-2.236267,route_tangent,61,8.333,2.000,61,508104.014,3881295.427,1.654718,0.000000,-0.000000,0.5600,0.000,0.015,TRACKING|w0 d0 L61
135.857098,129.088813666667,35.074423500000,508097.050,3881300.005,0.015,-2.236267,route_tangent,61,8.333,2.000,61,508104.014,3881295.427,1.654718,0.000000,-0.000000,0.5600,0.000,0.015,TRACKING|w0 d0 L61
135.906785,129.088813666667,35.074423500000,508097.050,3881300.005,0.015,-2.236267,route_tangent,61,8.333,2.000,61,508104.014,3881295.427,1.654718,0.000000,-0.000000,0.5600,0.000,0.015,TRACKING|w0 d0 L61
135.956782,129.088813666667,35.074423333333,508097.050,3881299.986,0.015,-2.236267,route_tangent,61,8.323,2.000,61,508104.014,3881295.427,1.656572,0.000000,-0.000000,0.5600,0.000,0.015,TRACKING|w0 d0 L61
136.006804,129.088813666667,35.074423333333,508097.050,3881299.986,0.015,-2.236267,route_tangent,61,8.323,2.000,61,508104.014,3881295.427,1.656572,0.000000,-0.000000,0.5600,0.000,0.015,TRACKING|w0 d0 L61
136.056771,129.088813666667,35.074423333333,508097.050,3881299.986,0.015,-2.236267,route_tangent,61,8.323,2.000,61,508104.014,3881295.427,1.656572,0.000000,-0.000000,0.5600,0.000,0.015,TRACKING|w0 d0 L61
136.106744,129.088813666667,35.074423333333,508097.050,3881299.986,0.015,-2.236267,route_tangent,61,8.323,2.000,61,508104.014,3881295.427,1.656572,0.000000,-0.000000,0.5600,0.000,0.015,TRACKING|w0 d0 L61
136.157220,129.088813666667,35.074423333333,508097.050,3881299.986,0.015,-2.236267,route_tangent,61,8.323,2.000,61,508104.014,3881295.427,1.656572,0.000000,-0.000000,0.5600,0.000,0.015,TRACKING|w0 d0 L61
136.206848,129.088813666667,35.074423333333,508097.050,3881299.986,0.015,-2.236267,route_tangent,61,8.323,2.000,61,508104.014,3881295.427,1.656572,0.000000,-0.000000,0.5600,0.000,0.015,TRACKING|w0 d0 L61
136.256935,129.088813666667,35.074423333333,508097.050,3881299.986,0.015,-2.236267,route_tangent,61,8.323,2.000,61,508104.014,3881295.427,1.656572,0.000000,-0.000000,0.5600,0.000,0.015,TRACKING|w0 d0 L61
136.309805,129.088813666667,35.074423333333,508097.050,3881299.986,0.015,-2.236267,route_tangent,61,8.323,2.000,61,508104.014,3881295.427,1.656572,0.000000,-0.000000,0.5600,0.000,0.015,TRACKING|w0 d0 L61
136.356838,129.088813666667,35.074423333333,508097.050,3881299.986,0.015,-2.236267,route_tangent,61,8.323,2.000,61,508104.014,3881295.427,1.656572,0.000000,-0.000000,0.5600,0.000,0.015,TRACKING|w0 d0 L61
136.406850,129.088813666667,35.074423333333,508097.050,3881299.986,0.015,-2.236267,route_tangent,61,8.323,2.000,61,508104.014,3881295.427,1.656572,0.000000,-0.000000,0.5600,0.000,0.015,TRACKING|w0 d0 L61
136.456683,129.088813666667,35.074423333333,508097.050,3881299.986,0.005,-2.236267,route_tangent,61,8.323,2.000,61,508104.014,3881295.427,1.656572,0.000000,-0.000000,0.5600,0.000,0.005,TRACKING|w0 d0 L61
136.506789,129.088813666667,35.074423333333,508097.050,3881299.986,0.005,-2.236267,route_tangent,61,8.323,2.000,61,508104.014,3881295.427,1.656572,0.000000,-0.000000,0.5600,0.000,0.005,TRACKING|w0 d0 L61
136.556785,129.088813666667,35.074423333333,508097.050,3881299.986,0.005,-2.236267,route_tangent,61,8.323,2.000,61,508104.014,3881295.427,1.656572,0.000000,-0.000000,0.5600,0.000,0.005,TRACKING|w0 d0 L61
136.606802,129.088813666667,35.074423333333,508097.050,3881299.986,0.005,-2.236267,route_tangent,61,8.323,2.000,61,508104.014,3881295.427,1.656572,0.000000,-0.000000,0.5600,0.000,0.005,TRACKING|w0 d0 L61
136.656818,129.088813666667,35.074423333333,508097.050,3881299.986,0.005,-2.236267,route_tangent,61,8.323,2.000,61,508104.014,3881295.427,1.656572,0.000000,-0.000000,0.5600,0.000,0.005,TRACKING|w0 d0 L61
136.706716,129.088813666667,35.074423333333,508097.050,3881299.986,0.014,-2.236267,route_tangent,61,8.323,2.000,61,508104.014,3881295.427,1.656572,0.000000,-0.000000,0.5600,0.000,0.014,TRACKING|w0 d0 L61
136.756827,129.088813666667,35.074423333333,508097.050,3881299.986,0.014,-2.236267,route_tangent,61,8.323,2.000,61,508104.014,3881295.427,1.656572,0.000000,-0.000000,0.5600,0.000,0.014,TRACKING|w0 d0 L61
136.806928,129.088813666667,35.074423333333,508097.050,3881299.986,0.014,-2.236267,route_tangent,61,8.323,2.000,61,508104.014,3881295.427,1.656572,0.000000,-0.000000,0.5600,0.000,0.014,TRACKING|w0 d0 L61
136.856702,129.088813666667,35.074423333333,508097.050,3881299.986,0.014,-2.236267,route_tangent,61,8.323,2.000,61,508104.014,3881295.427,1.656572,0.000000,-0.000000,0.5600,0.000,0.014,TRACKING|w0 d0 L61
136.906895,129.088813666667,35.074423333333,508097.050,3881299.986,0.014,-2.236267,route_tangent,61,8.323,2.000,61,508104.014,3881295.427,1.656572,0.000000,-0.000000,0.5600,0.000,0.014,TRACKING|w0 d0 L61
136.958381,129.088813666667,35.074423333333,508097.050,3881299.986,0.015,-2.236267,route_tangent,61,8.323,2.000,61,508104.014,3881295.427,1.656572,0.000000,-0.000000,0.5600,0.000,0.015,TRACKING|w0 d0 L61
137.007105,129.088813666667,35.074423333333,508097.050,3881299.986,0.015,-2.236267,route_tangent,61,8.323,2.000,61,508104.014,3881295.427,1.656572,0.000000,-0.000000,0.5600,0.000,0.015,TRACKING|w0 d0 L61
137.056946,129.088813666667,35.074423333333,508097.050,3881299.986,0.015,-2.236267,route_tangent,61,8.323,2.000,61,508104.014,3881295.427,1.656572,0.000000,-0.000000,0.5600,0.000,0.015,TRACKING|w0 d0 L61
137.106836,129.088813666667,35.074423333333,508097.050,3881299.986,0.015,-2.236267,route_tangent,61,8.323,2.000,61,508104.014,3881295.427,1.656572,0.000000,-0.000000,0.5600,0.000,0.015,TRACKING|w0 d0 L61
137.156705,129.088813666667,35.074423333333,508097.050,3881299.986,0.015,-2.236267,route_tangent,61,8.323,2.000,61,508104.014,3881295.427,1.656572,0.000000,-0.000000,0.5600,0.000,0.015,TRACKING|w0 d0 L61
137.206760,129.088813666667,35.074423333333,508097.050,3881299.986,0.015,-2.236267,route_tangent,61,8.323,2.000,61,508104.014,3881295.427,1.656572,0.000000,-0.000000,0.5600,0.000,0.015,TRACKING|w0 d0 L61
137.256724,129.088813666667,35.074423333333,508097.050,3881299.986,0.015,-2.236267,route_tangent,61,8.323,2.000,61,508104.014,3881295.427,1.656572,0.000000,-0.000000,0.5600,0.000,0.015,TRACKING|w0 d0 L61
137.306765,129.088813666667,35.074423333333,508097.050,3881299.986,0.015,-2.236267,route_tangent,61,8.323,2.000,61,508104.014,3881295.427,1.656572,0.000000,-0.000000,0.5600,0.000,0.015,TRACKING|w0 d0 L61
137.356746,129.088813666667,35.074423333333,508097.050,3881299.986,0.015,-2.236267,route_tangent,61,8.323,2.000,61,508104.014,3881295.427,1.656572,0.000000,-0.000000,0.5600,0.000,0.015,TRACKING|w0 d0 L61
137.406814,129.088813666667,35.074423333333,508097.050,3881299.986,0.015,-2.236267,route_tangent,61,8.323,2.000,61,508104.014,3881295.427,1.656572,0.000000,-0.000000,0.5600,0.000,0.015,TRACKING|w0 d0 L61
137.457028,129.088813666667,35.074423333333,508097.050,3881299.986,0.010,-2.236267,route_tangent,61,8.323,2.000,61,508104.014,3881295.427,1.656572,0.000000,-0.000000,0.5600,0.000,0.010,TRACKING|w0 d0 L61
137.506702,129.088813666667,35.074423333333,508097.050,3881299.986,0.010,-2.236267,route_tangent,61,8.323,2.000,61,508104.014,3881295.427,1.656572,0.000000,-0.000000,0.5600,0.000,0.010,TRACKING|w0 d0 L61
137.556794,129.088813666667,35.074423333333,508097.050,3881299.986,0.010,-2.236267,route_tangent,61,8.323,2.000,61,508104.014,3881295.427,1.656572,0.000000,-0.000000,0.5600,0.000,0.010,TRACKING|w0 d0 L61
137.606658,129.088813666667,35.074423333333,508097.050,3881299.986,0.010,-2.236267,route_tangent,61,8.323,2.000,61,508104.014,3881295.427,1.656572,0.000000,-0.000000,0.5600,0.000,0.010,TRACKING|w0 d0 L61
137.656786,129.088813666667,35.074423333333,508097.050,3881299.986,0.010,-2.236267,route_tangent,61,8.323,2.000,61,508104.014,3881295.427,1.656572,0.000000,-0.000000,0.5600,0.000,0.010,TRACKING|w0 d0 L61
137.706723,129.088813666667,35.074423333333,508097.050,3881299.986,0.006,-2.236267,route_tangent,61,8.323,2.000,61,508104.014,3881295.427,1.656572,0.000000,-0.000000,0.5600,0.000,0.006,TRACKING|w0 d0 L61
137.756856,129.088813666667,35.074423333333,508097.050,3881299.986,0.006,-2.236267,route_tangent,61,8.323,2.000,61,508104.014,3881295.427,1.656572,0.000000,-0.000000,0.5600,0.000,0.006,TRACKING|w0 d0 L61
137.806754,129.088813666667,35.074423333333,508097.050,3881299.986,0.006,-2.236267,route_tangent,61,8.323,2.000,61,508104.014,3881295.427,1.656572,0.000000,-0.000000,0.5600,0.000,0.006,TRACKING|w0 d0 L61
137.856796,129.088813666667,35.074423333333,508097.050,3881299.986,0.006,-2.236267,route_tangent,61,8.323,2.000,61,508104.014,3881295.427,1.656572,0.000000,-0.000000,0.5600,0.000,0.006,TRACKING|w0 d0 L61
137.906882,129.088813666667,35.074423333333,508097.050,3881299.986,0.006,-2.236267,route_tangent,61,8.323,2.000,61,508104.014,3881295.427,1.656572,0.000000,-0.000000,0.5600,0.000,0.006,TRACKING|w0 d0 L61
137.956798,129.088813666667,35.074423333333,508097.050,3881299.986,0.005,-2.236267,route_tangent,61,8.323,2.000,61,508104.014,3881295.427,1.656572,0.000000,-0.000000,0.5600,0.000,0.005,TRACKING|w0 d0 L61
138.006718,129.088813666667,35.074423333333,508097.050,3881299.986,0.005,-2.236267,route_tangent,61,8.323,2.000,61,508104.014,3881295.427,1.656572,0.000000,-0.000000,0.5600,0.000,0.005,TRACKING|w0 d0 L61
138.056745,129.088813666667,35.074423333333,508097.050,3881299.986,0.005,-2.236267,route_tangent,61,8.323,2.000,61,508104.014,3881295.427,1.656572,0.000000,-0.000000,0.5600,0.000,0.005,TRACKING|w0 d0 L61
138.106770,129.088813666667,35.074423333333,508097.050,3881299.986,0.005,-2.236267,route_tangent,61,8.323,2.000,61,508104.014,3881295.427,1.656572,0.000000,-0.000000,0.5600,0.000,0.005,TRACKING|w0 d0 L61
138.156673,129.088813666667,35.074423333333,508097.050,3881299.986,0.005,-2.236267,route_tangent,61,8.323,2.000,61,508104.014,3881295.427,1.656572,0.000000,-0.000000,0.5600,0.000,0.005,TRACKING|w0 d0 L61
138.206944,129.088813500000,35.074423333333,508097.035,3881299.986,0.020,-2.236267,route_tangent,61,8.336,2.000,61,508104.014,3881295.427,1.657572,0.000000,-0.000000,0.5600,0.000,0.020,TRACKING|w0 d0 L61
138.256886,129.088813500000,35.074423333333,508097.035,3881299.986,0.020,-2.236267,route_tangent,61,8.336,2.000,61,508104.014,3881295.427,1.657572,0.000000,-0.000000,0.5600,0.000,0.020,TRACKING|w0 d0 L61
138.306714,129.088813500000,35.074423333333,508097.035,3881299.986,0.020,-2.236267,route_tangent,61,8.336,2.000,61,508104.014,3881295.427,1.657572,0.000000,-0.000000,0.5600,0.000,0.020,TRACKING|w0 d0 L61
138.357839,129.088813500000,35.074423333333,508097.035,3881299.986,0.020,-2.236267,route_tangent,61,8.336,2.000,61,508104.014,3881295.427,1.657572,0.000000,-0.000000,0.5600,0.000,0.020,TRACKING|w0 d0 L61
138.406755,129.088813500000,35.074423333333,508097.035,3881299.986,0.020,-2.236267,route_tangent,61,8.336,2.000,61,508104.014,3881295.427,1.657572,0.000000,-0.000000,0.5600,0.000,0.020,TRACKING|w0 d0 L61
138.456777,129.088813666667,35.074423500000,508097.050,3881300.005,0.003,-2.236267,route_tangent,61,8.333,2.000,61,508104.014,3881295.427,1.654718,0.000000,-0.000000,0.5600,0.000,0.003,TRACKING|w0 d0 L61
138.506781,129.088813666667,35.074423500000,508097.050,3881300.005,0.003,-2.236267,route_tangent,61,8.333,2.000,61,508104.014,3881295.427,1.654718,0.000000,-0.000000,0.5600,0.000,0.003,TRACKING|w0 d0 L61
138.558191,129.088813666667,35.074423500000,508097.050,3881300.005,0.003,-2.236267,route_tangent,61,8.333,2.000,61,508104.014,3881295.427,1.654718,0.000000,-0.000000,0.5600,0.000,0.003,TRACKING|w0 d0 L61
138.606669,129.088813666667,35.074423500000,508097.050,3881300.005,0.003,-2.236267,route_tangent,61,8.333,2.000,61,508104.014,3881295.427,1.654718,0.000000,-0.000000,0.5600,0.000,0.003,TRACKING|w0 d0 L61
138.656885,129.088813666667,35.074423500000,508097.050,3881300.005,0.003,-2.236267,route_tangent,61,8.333,2.000,61,508104.014,3881295.427,1.654718,0.000000,-0.000000,0.5600,0.000,0.003,TRACKING|w0 d0 L61
138.706801,129.088813666667,35.074423500000,508097.050,3881300.005,0.004,-2.236267,route_tangent,61,8.333,2.000,61,508104.014,3881295.427,1.654718,0.000000,-0.000000,0.5600,0.000,0.004,TRACKING|w0 d0 L61
138.756717,129.088813666667,35.074423500000,508097.050,3881300.005,0.004,-2.236267,route_tangent,61,8.333,2.000,61,508104.014,3881295.427,1.654718,0.000000,-0.000000,0.5600,0.000,0.004,TRACKING|w0 d0 L61
138.806858,129.088813666667,35.074423500000,508097.050,3881300.005,0.004,-2.236267,route_tangent,61,8.333,2.000,61,508104.014,3881295.427,1.654718,0.000000,-0.000000,0.5600,0.000,0.004,TRACKING|w0 d0 L61
138.856733,129.088813666667,35.074423500000,508097.050,3881300.005,0.004,-2.236267,route_tangent,61,8.333,2.000,61,508104.014,3881295.427,1.654718,0.000000,-0.000000,0.5600,0.000,0.004,TRACKING|w0 d0 L61
138.906758,129.088813666667,35.074423500000,508097.050,3881300.005,0.004,-2.236267,route_tangent,61,8.333,2.000,61,508104.014,3881295.427,1.654718,0.000000,-0.000000,0.5600,0.000,0.004,TRACKING|w0 d0 L61
138.956775,129.088813666667,35.074423333333,508097.050,3881299.986,0.008,-2.236267,route_tangent,61,8.323,2.000,61,508104.014,3881295.427,1.656572,0.000000,-0.000000,0.5600,0.000,0.008,TRACKING|w0 d0 L61
139.006806,129.088813666667,35.074423333333,508097.050,3881299.986,0.008,-2.236267,route_tangent,61,8.323,2.000,61,508104.014,3881295.427,1.656572,0.000000,-0.000000,0.5600,0.000,0.008,TRACKING|w0 d0 L61
139.056797,129.088813666667,35.074423333333,508097.050,3881299.986,0.008,-2.236267,route_tangent,61,8.323,2.000,61,508104.014,3881295.427,1.656572,0.000000,-0.000000,0.5600,0.000,0.008,TRACKING|w0 d0 L61
139.106704,129.088813666667,35.074423333333,508097.050,3881299.986,0.008,-2.236267,route_tangent,61,8.323,2.000,61,508104.014,3881295.427,1.656572,0.000000,-0.000000,0.5600,0.000,0.008,TRACKING|w0 d0 L61
139.156801,129.088813666667,35.074423333333,508097.050,3881299.986,0.008,-2.236267,route_tangent,61,8.323,2.000,61,508104.014,3881295.427,1.656572,0.000000,-0.000000,0.5600,0.000,0.008,TRACKING|w0 d0 L61
139.206800,129.088813666667,35.074423500000,508097.050,3881300.005,0.016,-2.236267,route_tangent,61,8.333,2.000,61,508104.014,3881295.427,1.654718,0.000000,-0.000000,0.5600,0.000,0.016,TRACKING|w0 d0 L61
139.256838,129.088813666667,35.074423500000,508097.050,3881300.005,0.016,-2.236267,route_tangent,61,8.333,2.000,61,508104.014,3881295.427,1.654718,0.000000,-0.000000,0.5600,0.000,0.016,TRACKING|w0 d0 L61
139.306747,129.088813666667,35.074423500000,508097.050,3881300.005,0.016,-2.236267,route_tangent,61,8.333,2.000,61,508104.014,3881295.427,1.654718,0.000000,-0.000000,0.5600,0.000,0.016,TRACKING|w0 d0 L61
139.356834,129.088813666667,35.074423500000,508097.050,3881300.005,0.016,-2.236267,route_tangent,61,8.333,2.000,61,508104.014,3881295.427,1.654718,0.000000,-0.000000,0.5600,0.000,0.016,TRACKING|w0 d0 L61
139.406786,129.088813666667,35.074423500000,508097.050,3881300.005,0.016,-2.236267,route_tangent,61,8.333,2.000,61,508104.014,3881295.427,1.654718,0.000000,-0.000000,0.5600,0.000,0.016,TRACKING|w0 d0 L61
139.456892,129.088813666667,35.074423500000,508097.050,3881300.005,0.005,-2.236267,route_tangent,61,8.333,2.000,61,508104.014,3881295.427,1.654718,0.000000,-0.000000,0.5600,0.000,0.005,TRACKING|w0 d0 L61
139.508608,129.088813666667,35.074423500000,508097.050,3881300.005,0.005,-2.236267,route_tangent,61,8.333,2.000,61,508104.014,3881295.427,1.654718,0.000000,-0.000000,0.5600,0.000,0.005,TRACKING|w0 d0 L61
139.556798,129.088813666667,35.074423500000,508097.050,3881300.005,0.005,-2.236267,route_tangent,61,8.333,2.000,61,508104.014,3881295.427,1.654718,0.000000,-0.000000,0.5600,0.000,0.005,TRACKING|w0 d0 L61
139.607159,129.088813666667,35.074423500000,508097.050,3881300.005,0.005,-2.236267,route_tangent,61,8.333,2.000,61,508104.014,3881295.427,1.654718,0.000000,-0.000000,0.5600,0.000,0.005,TRACKING|w0 d0 L61
139.656692,129.088813666667,35.074423500000,508097.050,3881300.005,0.005,-2.236267,route_tangent,61,8.333,2.000,61,508104.014,3881295.427,1.654718,0.000000,-0.000000,0.5600,0.000,0.005,TRACKING|w0 d0 L61
139.706784,129.088813666667,35.074423500000,508097.050,3881300.005,0.010,-2.236267,route_tangent,61,8.333,2.000,61,508104.014,3881295.427,1.654718,0.000000,-0.000000,0.5600,0.000,0.010,TRACKING|w0 d0 L61
139.756795,129.088813666667,35.074423500000,508097.050,3881300.005,0.010,-2.236267,route_tangent,61,8.333,2.000,61,508104.014,3881295.427,1.654718,0.000000,-0.000000,0.5600,0.000,0.010,TRACKING|w0 d0 L61
139.807351,129.088813666667,35.074423500000,508097.050,3881300.005,0.010,-2.236267,route_tangent,61,8.333,2.000,61,508104.014,3881295.427,1.654718,0.000000,-0.000000,0.5600,0.000,0.010,TRACKING|w0 d0 L61
139.856811,129.088813666667,35.074423500000,508097.050,3881300.005,0.010,-2.236267,route_tangent,61,8.333,2.000,61,508104.014,3881295.427,1.654718,0.000000,-0.000000,0.5600,0.000,0.010,TRACKING|w0 d0 L61
139.906704,129.088813666667,35.074423500000,508097.050,3881300.005,0.010,-2.236267,route_tangent,61,8.333,2.000,61,508104.014,3881295.427,1.654718,0.000000,-0.000000,0.5600,0.000,0.010,TRACKING|w0 d0 L61
139.957194,129.088813666667,35.074423500000,508097.050,3881300.005,0.008,-2.236267,route_tangent,61,8.333,2.000,61,508104.014,3881295.427,1.654718,0.000000,-0.000000,0.5600,0.000,0.008,TRACKING|w0 d0 L61
140.006755,129.088813666667,35.074423500000,508097.050,3881300.005,0.008,-2.236267,route_tangent,61,8.333,2.000,61,508104.014,3881295.427,1.654718,0.000000,-0.000000,0.5600,0.000,0.008,TRACKING|w0 d0 L61
140.056779,129.088813666667,35.074423500000,508097.050,3881300.005,0.008,-2.236267,route_tangent,61,8.333,2.000,61,508104.014,3881295.427,1.654718,0.000000,-0.000000,0.5600,0.000,0.008,TRACKING|w0 d0 L61
140.106735,129.088813666667,35.074423500000,508097.050,3881300.005,0.008,-2.236267,route_tangent,61,8.333,2.000,61,508104.014,3881295.427,1.654718,0.000000,-0.000000,0.5600,0.000,0.008,TRACKING|w0 d0 L61
140.156762,129.088813666667,35.074423500000,508097.050,3881300.005,0.008,-2.236267,route_tangent,61,8.333,2.000,61,508104.014,3881295.427,1.654718,0.000000,-0.000000,0.5600,0.000,0.008,TRACKING|w0 d0 L61
140.206763,129.088813666667,35.074423500000,508097.050,3881300.005,0.016,-2.236267,route_tangent,61,8.333,2.000,61,508104.014,3881295.427,1.654718,0.000000,-0.000000,0.5600,0.000,0.016,TRACKING|w0 d0 L61
140.256835,129.088813666667,35.074423500000,508097.050,3881300.005,0.016,-2.236267,route_tangent,61,8.333,2.000,61,508104.014,3881295.427,1.654718,0.000000,-0.000000,0.5600,0.000,0.016,TRACKING|w0 d0 L61
140.310001,129.088813666667,35.074423500000,508097.050,3881300.005,0.016,-2.236267,route_tangent,61,8.333,2.000,61,508104.014,3881295.427,1.654718,0.000000,-0.000000,0.5600,0.000,0.016,TRACKING|w0 d0 L61
140.356726,129.088813666667,35.074423500000,508097.050,3881300.005,0.016,-2.236267,route_tangent,61,8.333,2.000,61,508104.014,3881295.427,1.654718,0.000000,-0.000000,0.5600,0.000,0.016,TRACKING|w0 d0 L61
140.406832,129.088813666667,35.074423500000,508097.050,3881300.005,0.016,-2.236267,route_tangent,61,8.333,2.000,61,508104.014,3881295.427,1.654718,0.000000,-0.000000,0.5600,0.000,0.016,TRACKING|w0 d0 L61
140.456602,129.088813666667,35.074423500000,508097.050,3881300.005,0.020,-2.236267,route_tangent,61,8.333,2.000,61,508104.014,3881295.427,1.654718,0.000000,-0.000000,0.5600,0.000,0.020,TRACKING|w0 d0 L61
140.506771,129.088813666667,35.074423500000,508097.050,3881300.005,0.020,-2.236267,route_tangent,61,8.333,2.000,61,508104.014,3881295.427,1.654718,0.000000,-0.000000,0.5600,0.000,0.020,TRACKING|w0 d0 L61
140.556686,129.088813666667,35.074423500000,508097.050,3881300.005,0.020,-2.236267,route_tangent,61,8.333,2.000,61,508104.014,3881295.427,1.654718,0.000000,-0.000000,0.5600,0.000,0.020,TRACKING|w0 d0 L61
140.606904,129.088813666667,35.074423500000,508097.050,3881300.005,0.020,-2.236267,route_tangent,61,8.333,2.000,61,508104.014,3881295.427,1.654718,0.000000,-0.000000,0.5600,0.000,0.020,TRACKING|w0 d0 L61
140.657949,129.088813666667,35.074423500000,508097.050,3881300.005,0.020,-2.236267,route_tangent,61,8.333,2.000,61,508104.014,3881295.427,1.654718,0.000000,-0.000000,0.5600,0.000,0.020,TRACKING|w0 d0 L61
140.706792,129.088813666667,35.074423500000,508097.050,3881300.005,0.009,-2.236267,route_tangent,61,8.333,2.000,61,508104.014,3881295.427,1.654718,0.000000,-0.000000,0.5600,0.000,0.009,TRACKING|w0 d0 L61
140.756766,129.088813666667,35.074423500000,508097.050,3881300.005,0.009,-2.236267,route_tangent,61,8.333,2.000,61,508104.014,3881295.427,1.654718,0.000000,-0.000000,0.5600,0.000,0.009,TRACKING|w0 d0 L61
140.807176,129.088813666667,35.074423500000,508097.050,3881300.005,0.009,-2.236267,route_tangent,61,8.333,2.000,61,508104.014,3881295.427,1.654718,0.000000,-0.000000,0.5600,0.000,0.009,TRACKING|w0 d0 L61
140.856782,129.088813666667,35.074423500000,508097.050,3881300.005,0.009,-2.236267,route_tangent,61,8.333,2.000,61,508104.014,3881295.427,1.654718,0.000000,-0.000000,0.5600,0.000,0.009,TRACKING|w0 d0 L61
140.906700,129.088813666667,35.074423500000,508097.050,3881300.005,0.009,-2.236267,route_tangent,61,8.333,2.000,61,508104.014,3881295.427,1.654718,0.000000,-0.000000,0.5600,0.000,0.009,TRACKING|w0 d0 L61
140.956737,129.088813666667,35.074423500000,508097.050,3881300.005,0.004,-2.236267,route_tangent,61,8.333,2.000,61,508104.014,3881295.427,1.654718,0.000000,-0.000000,0.5600,0.000,0.004,TRACKING|w0 d0 L61
141.006807,129.088813666667,35.074423500000,508097.050,3881300.005,0.004,-2.236267,route_tangent,61,8.333,2.000,61,508104.014,3881295.427,1.654718,0.000000,-0.000000,0.5600,0.000,0.004,TRACKING|w0 d0 L61
141.056761,129.088813666667,35.074423500000,508097.050,3881300.005,0.004,-2.236267,route_tangent,61,8.333,2.000,61,508104.014,3881295.427,1.654718,0.000000,-0.000000,0.5600,0.000,0.004,TRACKING|w0 d0 L61
141.107749,129.088813666667,35.074423500000,508097.050,3881300.005,0.004,-2.236267,route_tangent,61,8.333,2.000,61,508104.014,3881295.427,1.654718,0.000000,-0.000000,0.5600,0.000,0.004,TRACKING|w0 d0 L61
141.156756,129.088813666667,35.074423500000,508097.050,3881300.005,0.004,-2.236267,route_tangent,61,8.333,2.000,61,508104.014,3881295.427,1.654718,0.000000,-0.000000,0.5600,0.000,0.004,TRACKING|w0 d0 L61
141.207363,129.088813666667,35.074423500000,508097.050,3881300.005,0.005,-2.236267,route_tangent,61,8.333,2.000,61,508104.014,3881295.427,1.654718,0.000000,-0.000000,0.5600,0.000,0.005,TRACKING|w0 d0 L61
141.256700,129.088813666667,35.074423500000,508097.050,3881300.005,0.005,-2.236267,route_tangent,61,8.333,2.000,61,508104.014,3881295.427,1.654718,0.000000,-0.000000,0.5600,0.000,0.005,TRACKING|w0 d0 L61
141.306700,129.088813666667,35.074423500000,508097.050,3881300.005,0.005,-2.236267,route_tangent,61,8.333,2.000,61,508104.014,3881295.427,1.654718,0.000000,-0.000000,0.5600,0.000,0.005,TRACKING|w0 d0 L61
141.356839,129.088813666667,35.074423500000,508097.050,3881300.005,0.005,-2.236267,route_tangent,61,8.333,2.000,61,508104.014,3881295.427,1.654718,0.000000,-0.000000,0.5600,0.000,0.005,TRACKING|w0 d0 L61
141.406804,129.088813666667,35.074423500000,508097.050,3881300.005,0.005,-2.236267,route_tangent,61,8.333,2.000,61,508104.014,3881295.427,1.654718,0.000000,-0.000000,0.5600,0.000,0.005,TRACKING|w0 d0 L61
141.456863,129.088813666667,35.074423500000,508097.050,3881300.005,0.005,-2.236267,route_tangent,61,8.333,2.000,61,508104.014,3881295.427,1.654718,0.000000,-0.000000,0.5600,0.000,0.005,TRACKING|w0 d0 L61
141.506746,129.088813666667,35.074423333333,508097.050,3881299.986,0.002,-2.236267,route_tangent,61,8.323,2.000,61,508104.014,3881295.427,1.656572,0.000000,-0.000000,0.5600,0.000,0.002,TRACKING|w0 d0 L61
141.556764,129.088813666667,35.074423333333,508097.050,3881299.986,0.002,-2.236267,route_tangent,61,8.323,2.000,61,508104.014,3881295.427,1.656572,0.000000,-0.000000,0.5600,0.000,0.002,TRACKING|w0 d0 L61
141.607033,129.088813666667,35.074423333333,508097.050,3881299.986,0.002,-2.236267,route_tangent,61,8.323,2.000,61,508104.014,3881295.427,1.656572,0.000000,-0.000000,0.5600,0.000,0.002,TRACKING|w0 d0 L61
141.656751,129.088813666667,35.074423333333,508097.050,3881299.986,0.002,-2.236267,route_tangent,61,8.323,2.000,61,508104.014,3881295.427,1.656572,0.000000,-0.000000,0.5600,0.000,0.002,TRACKING|w0 d0 L61
141.706721,129.088813666667,35.074423500000,508097.050,3881300.005,0.010,-2.236267,route_tangent,61,8.333,2.000,61,508104.014,3881295.427,1.654718,0.000000,-0.000000,0.5600,0.000,0.010,TRACKING|w0 d0 L61
141.758434,129.088813666667,35.074423500000,508097.050,3881300.005,0.010,-2.236267,route_tangent,61,8.333,2.000,61,508104.014,3881295.427,1.654718,0.000000,-0.000000,0.5600,0.000,0.010,TRACKING|w0 d0 L61
141.807013,129.088813666667,35.074423500000,508097.050,3881300.005,0.010,-2.236267,route_tangent,61,8.333,2.000,61,508104.014,3881295.427,1.654718,0.000000,-0.000000,0.5600,0.000,0.010,TRACKING|w0 d0 L61
141.857059,129.088813666667,35.074423500000,508097.050,3881300.005,0.010,-2.236267,route_tangent,61,8.333,2.000,61,508104.014,3881295.427,1.654718,0.000000,-0.000000,0.5600,0.000,0.010,TRACKING|w0 d0 L61
141.906732,129.088813666667,35.074423500000,508097.050,3881300.005,0.010,-2.236267,route_tangent,61,8.333,2.000,61,508104.014,3881295.427,1.654718,0.000000,-0.000000,0.5600,0.000,0.010,TRACKING|w0 d0 L61
141.956714,129.088813666667,35.074423500000,508097.050,3881300.005,0.012,-2.236267,route_tangent,61,8.333,2.000,61,508104.014,3881295.427,1.654718,0.000000,-0.000000,0.5600,0.000,0.012,TRACKING|w0 d0 L61
142.006878,129.088813666667,35.074423500000,508097.050,3881300.005,0.012,-2.236267,route_tangent,61,8.333,2.000,61,508104.014,3881295.427,1.654718,0.000000,-0.000000,0.5600,0.000,0.012,TRACKING|w0 d0 L61
142.056741,129.088813666667,35.074423500000,508097.050,3881300.005,0.012,-2.236267,route_tangent,61,8.333,2.000,61,508104.014,3881295.427,1.654718,0.000000,-0.000000,0.5600,0.000,0.012,TRACKING|w0 d0 L61
142.106774,129.088813666667,35.074423500000,508097.050,3881300.005,0.012,-2.236267,route_tangent,61,8.333,2.000,61,508104.014,3881295.427,1.654718,0.000000,-0.000000,0.5600,0.000,0.012,TRACKING|w0 d0 L61
142.156738,129.088813666667,35.074423500000,508097.050,3881300.005,0.012,-2.236267,route_tangent,61,8.333,2.000,61,508104.014,3881295.427,1.654718,0.000000,-0.000000,0.5600,0.000,0.012,TRACKING|w0 d0 L61
142.206781,129.088813666667,35.074423333333,508097.050,3881299.986,0.012,-2.236267,route_tangent,61,8.323,2.000,61,508104.014,3881295.427,1.656572,0.000000,-0.000000,0.5600,0.000,0.012,TRACKING|w0 d0 L61
142.257312,129.088813666667,35.074423333333,508097.050,3881299.986,0.012,-2.236267,route_tangent,61,8.323,2.000,61,508104.014,3881295.427,1.656572,0.000000,-0.000000,0.5600,0.000,0.012,TRACKING|w0 d0 L61
142.306770,129.088813666667,35.074423333333,508097.050,3881299.986,0.012,-2.236267,route_tangent,61,8.323,2.000,61,508104.014,3881295.427,1.656572,0.000000,-0.000000,0.5600,0.000,0.012,TRACKING|w0 d0 L61
142.357222,129.088813666667,35.074423333333,508097.050,3881299.986,0.012,-2.236267,route_tangent,61,8.323,2.000,61,508104.014,3881295.427,1.656572,0.000000,-0.000000,0.5600,0.000,0.012,TRACKING|w0 d0 L61
142.406850,129.088813666667,35.074423333333,508097.050,3881299.986,0.012,-2.236267,route_tangent,61,8.323,2.000,61,508104.014,3881295.427,1.656572,0.000000,-0.000000,0.5600,0.000,0.012,TRACKING|w0 d0 L61
142.456691,129.088813666667,35.074423500000,508097.050,3881300.005,0.006,-2.236267,route_tangent,61,8.333,2.000,61,508104.014,3881295.427,1.654718,0.000000,-0.000000,0.5600,0.000,0.006,TRACKING|w0 d0 L61
142.506751,129.088813666667,35.074423500000,508097.050,3881300.005,0.006,-2.236267,route_tangent,61,8.333,2.000,61,508104.014,3881295.427,1.654718,0.000000,-0.000000,0.5600,0.000,0.006,TRACKING|w0 d0 L61
142.556782,129.088813666667,35.074423500000,508097.050,3881300.005,0.006,-2.236267,route_tangent,61,8.333,2.000,61,508104.014,3881295.427,1.654718,0.000000,-0.000000,0.5600,0.000,0.006,TRACKING|w0 d0 L61
142.606710,129.088813666667,35.074423500000,508097.050,3881300.005,0.006,-2.236267,route_tangent,61,8.333,2.000,61,508104.014,3881295.427,1.654718,0.000000,-0.000000,0.5600,0.000,0.006,TRACKING|w0 d0 L61
142.656830,129.088813666667,35.074423500000,508097.050,3881300.005,0.006,-2.236267,route_tangent,61,8.333,2.000,61,508104.014,3881295.427,1.654718,0.000000,-0.000000,0.5600,0.000,0.006,TRACKING|w0 d0 L61
142.708594,129.088813666667,35.074423500000,508097.050,3881300.005,0.003,-2.236267,route_tangent,61,8.333,2.000,61,508104.014,3881295.427,1.654718,0.000000,-0.000000,0.5600,0.000,0.003,TRACKING|w0 d0 L61
142.756733,129.088813666667,35.074423500000,508097.050,3881300.005,0.003,-2.236267,route_tangent,61,8.333,2.000,61,508104.014,3881295.427,1.654718,0.000000,-0.000000,0.5600,0.000,0.003,TRACKING|w0 d0 L61
142.806850,129.088813666667,35.074423500000,508097.050,3881300.005,0.003,-2.236267,route_tangent,61,8.333,2.000,61,508104.014,3881295.427,1.654718,0.000000,-0.000000,0.5600,0.000,0.003,TRACKING|w0 d0 L61
142.856909,129.088813666667,35.074423500000,508097.050,3881300.005,0.003,-2.236267,route_tangent,61,8.333,2.000,61,508104.014,3881295.427,1.654718,0.000000,-0.000000,0.5600,0.000,0.003,TRACKING|w0 d0 L61
142.906732,129.088813666667,35.074423500000,508097.050,3881300.005,0.003,-2.236267,route_tangent,61,8.333,2.000,61,508104.014,3881295.427,1.654718,0.000000,-0.000000,0.5600,0.000,0.003,TRACKING|w0 d0 L61
142.956723,129.088813666667,35.074423333333,508097.050,3881299.986,0.013,-2.236267,route_tangent,61,8.323,2.000,61,508104.014,3881295.427,1.656572,0.000000,-0.000000,0.5600,0.000,0.013,TRACKING|w0 d0 L61
143.006823,129.088813666667,35.074423333333,508097.050,3881299.986,0.013,-2.236267,route_tangent,61,8.323,2.000,61,508104.014,3881295.427,1.656572,0.000000,-0.000000,0.5600,0.000,0.013,TRACKING|w0 d0 L61
143.056900,129.088813666667,35.074423333333,508097.050,3881299.986,0.013,-2.236267,route_tangent,61,8.323,2.000,61,508104.014,3881295.427,1.656572,0.000000,-0.000000,0.5600,0.000,0.013,TRACKING|w0 d0 L61
143.106759,129.088813666667,35.074423333333,508097.050,3881299.986,0.013,-2.236267,route_tangent,61,8.323,2.000,61,508104.014,3881295.427,1.656572,0.000000,-0.000000,0.5600,0.000,0.013,TRACKING|w0 d0 L61
143.156800,129.088813666667,35.074423333333,508097.050,3881299.986,0.013,-2.236267,route_tangent,61,8.323,2.000,61,508104.014,3881295.427,1.656572,0.000000,-0.000000,0.5600,0.000,0.013,TRACKING|w0 d0 L61
143.206794,129.088813666667,35.074423500000,508097.050,3881300.005,0.013,-2.236267,route_tangent,61,8.333,2.000,61,508104.014,3881295.427,1.654718,0.000000,-0.000000,0.5600,0.000,0.013,TRACKING|w0 d0 L61
143.256738,129.088813666667,35.074423500000,508097.050,3881300.005,0.013,-2.236267,route_tangent,61,8.333,2.000,61,508104.014,3881295.427,1.654718,0.000000,-0.000000,0.5600,0.000,0.013,TRACKING|w0 d0 L61
143.306773,129.088813666667,35.074423500000,508097.050,3881300.005,0.013,-2.236267,route_tangent,61,8.333,2.000,61,508104.014,3881295.427,1.654718,0.000000,-0.000000,0.5600,0.000,0.013,TRACKING|w0 d0 L61
143.356756,129.088813666667,35.074423500000,508097.050,3881300.005,0.013,-2.236267,route_tangent,61,8.333,2.000,61,508104.014,3881295.427,1.654718,0.000000,-0.000000,0.5600,0.000,0.013,TRACKING|w0 d0 L61
143.407146,129.088813666667,35.074423500000,508097.050,3881300.005,0.013,-2.236267,route_tangent,61,8.333,2.000,61,508104.014,3881295.427,1.654718,0.000000,-0.000000,0.5600,0.000,0.013,TRACKING|w0 d0 L61
143.458300,129.088813666667,35.074423500000,508097.050,3881300.005,0.013,-2.236267,route_tangent,61,8.333,2.000,61,508104.014,3881295.427,1.654718,0.000000,-0.000000,0.5600,0.000,0.013,TRACKING|w0 d0 L61
143.506780,129.088813666667,35.074423500000,508097.050,3881300.005,0.013,-2.236267,route_tangent,61,8.333,2.000,61,508104.014,3881295.427,1.654718,0.000000,-0.000000,0.5600,0.000,0.013,TRACKING|w0 d0 L61
143.556718,129.088813666667,35.074423500000,508097.050,3881300.005,0.013,-2.236267,route_tangent,61,8.333,2.000,61,508104.014,3881295.427,1.654718,0.000000,-0.000000,0.5600,0.000,0.013,TRACKING|w0 d0 L61
143.606660,129.088813666667,35.074423500000,508097.050,3881300.005,0.013,-2.236267,route_tangent,61,8.333,2.000,61,508104.014,3881295.427,1.654718,0.000000,-0.000000,0.5600,0.000,0.013,TRACKING|w0 d0 L61
143.656771,129.088813666667,35.074423500000,508097.050,3881300.005,0.013,-2.236267,route_tangent,61,8.333,2.000,61,508104.014,3881295.427,1.654718,0.000000,-0.000000,0.5600,0.000,0.013,TRACKING|w0 d0 L61
143.706772,129.088813666667,35.074423500000,508097.050,3881300.005,0.008,-2.236267,route_tangent,61,8.333,2.000,61,508104.014,3881295.427,1.654718,0.000000,-0.000000,0.5600,0.000,0.008,TRACKING|w0 d0 L61
143.757080,129.088813666667,35.074423500000,508097.050,3881300.005,0.008,-2.236267,route_tangent,61,8.333,2.000,61,508104.014,3881295.427,1.654718,0.000000,-0.000000,0.5600,0.000,0.008,TRACKING|w0 d0 L61
143.807059,129.088813666667,35.074423500000,508097.050,3881300.005,0.008,-2.236267,route_tangent,61,8.333,2.000,61,508104.014,3881295.427,1.654718,0.000000,-0.000000,0.5600,0.000,0.008,TRACKING|w0 d0 L61
143.858325,129.088813666667,35.074423500000,508097.050,3881300.005,0.008,-2.236267,route_tangent,61,8.333,2.000,61,508104.014,3881295.427,1.654718,0.000000,-0.000000,0.5600,0.000,0.008,TRACKING|w0 d0 L61
143.906739,129.088813666667,35.074423500000,508097.050,3881300.005,0.008,-2.236267,route_tangent,61,8.333,2.000,61,508104.014,3881295.427,1.654718,0.000000,-0.000000,0.5600,0.000,0.008,TRACKING|w0 d0 L61
143.958099,129.088813666667,35.074423500000,508097.050,3881300.005,0.004,-2.236267,route_tangent,61,8.333,2.000,61,508104.014,3881295.427,1.654718,0.000000,-0.000000,0.5600,0.000,0.004,TRACKING|w0 d0 L61
144.007035,129.088813666667,35.074423500000,508097.050,3881300.005,0.004,-2.236267,route_tangent,61,8.333,2.000,61,508104.014,3881295.427,1.654718,0.000000,-0.000000,0.5600,0.000,0.004,TRACKING|w0 d0 L61
144.056695,129.088813666667,35.074423500000,508097.050,3881300.005,0.004,-2.236267,route_tangent,61,8.333,2.000,61,508104.014,3881295.427,1.654718,0.000000,-0.000000,0.5600,0.000,0.004,TRACKING|w0 d0 L61
144.106716,129.088813666667,35.074423500000,508097.050,3881300.005,0.004,-2.236267,route_tangent,61,8.333,2.000,61,508104.014,3881295.427,1.654718,0.000000,-0.000000,0.5600,0.000,0.004,TRACKING|w0 d0 L61
144.157318,129.088813666667,35.074423500000,508097.050,3881300.005,0.004,-2.236267,route_tangent,61,8.333,2.000,61,508104.014,3881295.427,1.654718,0.000000,-0.000000,0.5600,0.000,0.004,TRACKING|w0 d0 L61
144.206884,129.088813666667,35.074423333333,508097.050,3881299.986,0.013,-2.236267,route_tangent,61,8.323,2.000,61,508104.014,3881295.427,1.656572,0.000000,-0.000000,0.5600,0.000,0.013,TRACKING|w0 d0 L61
144.256806,129.088813666667,35.074423333333,508097.050,3881299.986,0.013,-2.236267,route_tangent,61,8.323,2.000,61,508104.014,3881295.427,1.656572,0.000000,-0.000000,0.5600,0.000,0.013,TRACKING|w0 d0 L61
144.306797,129.088813666667,35.074423333333,508097.050,3881299.986,0.013,-2.236267,route_tangent,61,8.323,2.000,61,508104.014,3881295.427,1.656572,0.000000,-0.000000,0.5600,0.000,0.013,TRACKING|w0 d0 L61
144.356719,129.088813666667,35.074423333333,508097.050,3881299.986,0.013,-2.236267,route_tangent,61,8.323,2.000,61,508104.014,3881295.427,1.656572,0.000000,-0.000000,0.5600,0.000,0.013,TRACKING|w0 d0 L61
144.406780,129.088813666667,35.074423333333,508097.050,3881299.986,0.013,-2.236267,route_tangent,61,8.323,2.000,61,508104.014,3881295.427,1.656572,0.000000,-0.000000,0.5600,0.000,0.013,TRACKING|w0 d0 L61
144.456684,129.088813666667,35.074423500000,508097.050,3881300.005,0.021,-2.236267,route_tangent,61,8.333,2.000,61,508104.014,3881295.427,1.654718,0.000000,-0.000000,0.5600,0.000,0.021,TRACKING|w0 d0 L61
144.506771,129.088813666667,35.074423500000,508097.050,3881300.005,0.021,-2.236267,route_tangent,61,8.333,2.000,61,508104.014,3881295.427,1.654718,0.000000,-0.000000,0.5600,0.000,0.021,TRACKING|w0 d0 L61
144.556709,129.088813666667,35.074423500000,508097.050,3881300.005,0.021,-2.236267,route_tangent,61,8.333,2.000,61,508104.014,3881295.427,1.654718,0.000000,-0.000000,0.5600,0.000,0.021,TRACKING|w0 d0 L61
144.606851,129.088813666667,35.074423500000,508097.050,3881300.005,0.021,-2.236267,route_tangent,61,8.333,2.000,61,508104.014,3881295.427,1.654718,0.000000,-0.000000,0.5600,0.000,0.021,TRACKING|w0 d0 L61
144.656774,129.088813666667,35.074423500000,508097.050,3881300.005,0.021,-2.236267,route_tangent,61,8.333,2.000,61,508104.014,3881295.427,1.654718,0.000000,-0.000000,0.5600,0.000,0.021,TRACKING|w0 d0 L61
144.706768,129.088813666667,35.074423500000,508097.050,3881300.005,0.010,-2.236267,route_tangent,61,8.333,2.000,61,508104.014,3881295.427,1.654718,0.000000,-0.000000,0.5600,0.000,0.010,TRACKING|w0 d0 L61
144.756782,129.088813666667,35.074423500000,508097.050,3881300.005,0.010,-2.236267,route_tangent,61,8.333,2.000,61,508104.014,3881295.427,1.654718,0.000000,-0.000000,0.5600,0.000,0.010,TRACKING|w0 d0 L61
144.806734,129.088813666667,35.074423500000,508097.050,3881300.005,0.010,-2.236267,route_tangent,61,8.333,2.000,61,508104.014,3881295.427,1.654718,0.000000,-0.000000,0.5600,0.000,0.010,TRACKING|w0 d0 L61
144.856687,129.088813666667,35.074423500000,508097.050,3881300.005,0.010,-2.236267,route_tangent,61,8.333,2.000,61,508104.014,3881295.427,1.654718,0.000000,-0.000000,0.5600,0.000,0.010,TRACKING|w0 d0 L61
144.906816,129.088813666667,35.074423500000,508097.050,3881300.005,0.010,-2.236267,route_tangent,61,8.333,2.000,61,508104.014,3881295.427,1.654718,0.000000,-0.000000,0.5600,0.000,0.010,TRACKING|w0 d0 L61
144.956757,129.088813666667,35.074423500000,508097.050,3881300.005,0.008,-2.236267,route_tangent,61,8.333,2.000,61,508104.014,3881295.427,1.654718,0.000000,-0.000000,0.5600,0.000,0.008,TRACKING|w0 d0 L61
145.006768,129.088813666667,35.074423500000,508097.050,3881300.005,0.008,-2.236267,route_tangent,61,8.333,2.000,61,508104.014,3881295.427,1.654718,0.000000,-0.000000,0.5600,0.000,0.008,TRACKING|w0 d0 L61
145.056841,129.088813666667,35.074423500000,508097.050,3881300.005,0.008,-2.236267,route_tangent,61,8.333,2.000,61,508104.014,3881295.427,1.654718,0.000000,-0.000000,0.5600,0.000,0.008,TRACKING|w0 d0 L61
145.106772,129.088813666667,35.074423500000,508097.050,3881300.005,0.008,-2.236267,route_tangent,61,8.333,2.000,61,508104.014,3881295.427,1.654718,0.000000,-0.000000,0.5600,0.000,0.008,TRACKING|w0 d0 L61
145.156766,129.088813666667,35.074423500000,508097.050,3881300.005,0.008,-2.236267,route_tangent,61,8.333,2.000,61,508104.014,3881295.427,1.654718,0.000000,-0.000000,0.5600,0.000,0.008,TRACKING|w0 d0 L61
145.206782,129.088813666667,35.074423500000,508097.050,3881300.005,0.011,-2.236267,route_tangent,61,8.333,2.000,61,508104.014,3881295.427,1.654718,0.000000,-0.000000,0.5600,0.000,0.011,TRACKING|w0 d0 L61
145.256718,129.088813666667,35.074423500000,508097.050,3881300.005,0.011,-2.236267,route_tangent,61,8.333,2.000,61,508104.014,3881295.427,1.654718,0.000000,-0.000000,0.5600,0.000,0.011,TRACKING|w0 d0 L61
145.306750,129.088813666667,35.074423500000,508097.050,3881300.005,0.011,-2.236267,route_tangent,61,8.333,2.000,61,508104.014,3881295.427,1.654718,0.000000,-0.000000,0.5600,0.000,0.011,TRACKING|w0 d0 L61
145.356717,129.088813666667,35.074423500000,508097.050,3881300.005,0.011,-2.236267,route_tangent,61,8.333,2.000,61,508104.014,3881295.427,1.654718,0.000000,-0.000000,0.5600,0.000,0.011,TRACKING|w0 d0 L61
145.406869,129.088813666667,35.074423500000,508097.050,3881300.005,0.011,-2.236267,route_tangent,61,8.333,2.000,61,508104.014,3881295.427,1.654718,0.000000,-0.000000,0.5600,0.000,0.011,TRACKING|w0 d0 L61
145.456689,129.088813666667,35.074423500000,508097.050,3881300.005,0.007,-2.236267,route_tangent,61,8.333,2.000,61,508104.014,3881295.427,1.654718,0.000000,-0.000000,0.5600,0.000,0.007,TRACKING|w0 d0 L61
145.506767,129.088813666667,35.074423500000,508097.050,3881300.005,0.007,-2.236267,route_tangent,61,8.333,2.000,61,508104.014,3881295.427,1.654718,0.000000,-0.000000,0.5600,0.000,0.007,TRACKING|w0 d0 L61
145.556874,129.088813666667,35.074423500000,508097.050,3881300.005,0.007,-2.236267,route_tangent,61,8.333,2.000,61,508104.014,3881295.427,1.654718,0.000000,-0.000000,0.5600,0.000,0.007,TRACKING|w0 d0 L61
145.606861,129.088813666667,35.074423500000,508097.050,3881300.005,0.007,-2.236267,route_tangent,61,8.333,2.000,61,508104.014,3881295.427,1.654718,0.000000,-0.000000,0.5600,0.000,0.007,TRACKING|w0 d0 L61
145.656800,129.088813666667,35.074423500000,508097.050,3881300.005,0.007,-2.236267,route_tangent,61,8.333,2.000,61,508104.014,3881295.427,1.654718,0.000000,-0.000000,0.5600,0.000,0.007,TRACKING|w0 d0 L61
145.706814,129.088813666667,35.074423500000,508097.050,3881300.005,0.004,-2.236267,route_tangent,61,8.333,2.000,61,508104.014,3881295.427,1.654718,0.000000,-0.000000,0.5600,0.000,0.004,TRACKING|w0 d0 L61
145.759984,129.088813666667,35.074423500000,508097.050,3881300.005,0.004,-2.236267,route_tangent,61,8.333,2.000,61,508104.014,3881295.427,1.654718,0.000000,-0.000000,0.5600,0.000,0.004,TRACKING|w0 d0 L61
145.807020,129.088813666667,35.074423500000,508097.050,3881300.005,0.004,-2.236267,route_tangent,61,8.333,2.000,61,508104.014,3881295.427,1.654718,0.000000,-0.000000,0.5600,0.000,0.004,TRACKING|w0 d0 L61
145.856822,129.088813666667,35.074423500000,508097.050,3881300.005,0.004,-2.236267,route_tangent,61,8.333,2.000,61,508104.014,3881295.427,1.654718,0.000000,-0.000000,0.5600,0.000,0.004,TRACKING|w0 d0 L61
145.907129,129.088813666667,35.074423500000,508097.050,3881300.005,0.004,-2.236267,route_tangent,61,8.333,2.000,61,508104.014,3881295.427,1.654718,0.000000,-0.000000,0.5600,0.000,0.004,TRACKING|w0 d0 L61
145.956730,129.088813666667,35.074423500000,508097.050,3881300.005,0.012,-2.236267,route_tangent,61,8.333,2.000,61,508104.014,3881295.427,1.654718,0.000000,-0.000000,0.5600,0.000,0.012,TRACKING|w0 d0 L61
146.006815,129.088813666667,35.074423500000,508097.050,3881300.005,0.012,-2.236267,route_tangent,61,8.333,2.000,61,508104.014,3881295.427,1.654718,0.000000,-0.000000,0.5600,0.000,0.012,TRACKING|w0 d0 L61
146.056759,129.088813666667,35.074423500000,508097.050,3881300.005,0.012,-2.236267,route_tangent,61,8.333,2.000,61,508104.014,3881295.427,1.654718,0.000000,-0.000000,0.5600,0.000,0.012,TRACKING|w0 d0 L61
146.106763,129.088813666667,35.074423500000,508097.050,3881300.005,0.012,-2.236267,route_tangent,61,8.333,2.000,61,508104.014,3881295.427,1.654718,0.000000,-0.000000,0.5600,0.000,0.012,TRACKING|w0 d0 L61
146.156731,129.088813666667,35.074423500000,508097.050,3881300.005,0.012,-2.236267,route_tangent,61,8.333,2.000,61,508104.014,3881295.427,1.654718,0.000000,-0.000000,0.5600,0.000,0.012,TRACKING|w0 d0 L61
146.207228,129.088813666667,35.074423500000,508097.050,3881300.005,0.009,-2.236267,route_tangent,61,8.333,2.000,61,508104.014,3881295.427,1.654718,0.000000,-0.000000,0.5600,0.000,0.009,TRACKING|w0 d0 L61
146.256875,129.088813666667,35.074423500000,508097.050,3881300.005,0.009,-2.236267,route_tangent,61,8.333,2.000,61,508104.014,3881295.427,1.654718,0.000000,-0.000000,0.5600,0.000,0.009,TRACKING|w0 d0 L61
146.306767,129.088813666667,35.074423500000,508097.050,3881300.005,0.009,-2.236267,route_tangent,61,8.333,2.000,61,508104.014,3881295.427,1.654718,0.000000,-0.000000,0.5600,0.000,0.009,TRACKING|w0 d0 L61
146.357170,129.088813666667,35.074423500000,508097.050,3881300.005,0.009,-2.236267,route_tangent,61,8.333,2.000,61,508104.014,3881295.427,1.654718,0.000000,-0.000000,0.5600,0.000,0.009,TRACKING|w0 d0 L61
146.406743,129.088813666667,35.074423500000,508097.050,3881300.005,0.009,-2.236267,route_tangent,61,8.333,2.000,61,508104.014,3881295.427,1.654718,0.000000,-0.000000,0.5600,0.000,0.009,TRACKING|w0 d0 L61
146.456731,129.088813666667,35.074423500000,508097.050,3881300.005,0.011,-2.236267,route_tangent,61,8.333,2.000,61,508104.014,3881295.427,1.654718,0.000000,-0.000000,0.5600,0.000,0.011,TRACKING|w0 d0 L61
146.506737,129.088813666667,35.074423500000,508097.050,3881300.005,0.011,-2.236267,route_tangent,61,8.333,2.000,61,508104.014,3881295.427,1.654718,0.000000,-0.000000,0.5600,0.000,0.011,TRACKING|w0 d0 L61
146.556980,129.088813666667,35.074423500000,508097.050,3881300.005,0.011,-2.236267,route_tangent,61,8.333,2.000,61,508104.014,3881295.427,1.654718,0.000000,-0.000000,0.5600,0.000,0.011,TRACKING|w0 d0 L61
146.606797,129.088813666667,35.074423500000,508097.050,3881300.005,0.011,-2.236267,route_tangent,61,8.333,2.000,61,508104.014,3881295.427,1.654718,0.000000,-0.000000,0.5600,0.000,0.011,TRACKING|w0 d0 L61
146.656799,129.088813666667,35.074423500000,508097.050,3881300.005,0.011,-2.236267,route_tangent,61,8.333,2.000,61,508104.014,3881295.427,1.654718,0.000000,-0.000000,0.5600,0.000,0.011,TRACKING|w0 d0 L61
146.706851,129.088813666667,35.074423333333,508097.050,3881299.986,0.012,-2.236267,route_tangent,61,8.323,2.000,61,508104.014,3881295.427,1.656572,0.000000,-0.000000,0.5600,0.000,0.012,TRACKING|w0 d0 L61
146.756845,129.088813666667,35.074423333333,508097.050,3881299.986,0.012,-2.236267,route_tangent,61,8.323,2.000,61,508104.014,3881295.427,1.656572,0.000000,-0.000000,0.5600,0.000,0.012,TRACKING|w0 d0 L61
146.806768,129.088813666667,35.074423333333,508097.050,3881299.986,0.012,-2.236267,route_tangent,61,8.323,2.000,61,508104.014,3881295.427,1.656572,0.000000,-0.000000,0.5600,0.000,0.012,TRACKING|w0 d0 L61
146.856742,129.088813666667,35.074423333333,508097.050,3881299.986,0.012,-2.236267,route_tangent,61,8.323,2.000,61,508104.014,3881295.427,1.656572,0.000000,-0.000000,0.5600,0.000,0.012,TRACKING|w0 d0 L61
146.906779,129.088813666667,35.074423333333,508097.050,3881299.986,0.012,-2.236267,route_tangent,61,8.323,2.000,61,508104.014,3881295.427,1.656572,0.000000,-0.000000,0.5600,0.000,0.012,TRACKING|w0 d0 L61
146.956875,129.088813666667,35.074423500000,508097.050,3881300.005,0.017,-2.236267,route_tangent,61,8.333,2.000,61,508104.014,3881295.427,1.654718,0.000000,-0.000000,0.5600,0.000,0.017,TRACKING|w0 d0 L61
147.006908,129.088813666667,35.074423500000,508097.050,3881300.005,0.017,-2.236267,route_tangent,61,8.333,2.000,61,508104.014,3881295.427,1.654718,0.000000,-0.000000,0.5600,0.000,0.017,TRACKING|w0 d0 L61
147.057089,129.088813666667,35.074423500000,508097.050,3881300.005,0.017,-2.236267,route_tangent,61,8.333,2.000,61,508104.014,3881295.427,1.654718,0.000000,-0.000000,0.5600,0.000,0.017,TRACKING|w0 d0 L61
147.106751,129.088813666667,35.074423500000,508097.050,3881300.005,0.017,-2.236267,route_tangent,61,8.333,2.000,61,508104.014,3881295.427,1.654718,0.000000,-0.000000,0.5600,0.000,0.017,TRACKING|w0 d0 L61
147.158077,129.088813666667,35.074423500000,508097.050,3881300.005,0.017,-2.236267,route_tangent,61,8.333,2.000,61,508104.014,3881295.427,1.654718,0.000000,-0.000000,0.5600,0.000,0.017,TRACKING|w0 d0 L61
147.207100,129.088813666667,35.074423500000,508097.050,3881300.005,0.008,-2.236267,route_tangent,61,8.333,2.000,61,508104.014,3881295.427,1.654718,0.000000,-0.000000,0.5600,0.000,0.008,TRACKING|w0 d0 L61
147.256722,129.088813666667,35.074423500000,508097.050,3881300.005,0.008,-2.236267,route_tangent,61,8.333,2.000,61,508104.014,3881295.427,1.654718,0.000000,-0.000000,0.5600,0.000,0.008,TRACKING|w0 d0 L61
147.306774,129.088813666667,35.074423500000,508097.050,3881300.005,0.008,-2.236267,route_tangent,61,8.333,2.000,61,508104.014,3881295.427,1.654718,0.000000,-0.000000,0.5600,0.000,0.008,TRACKING|w0 d0 L61
147.356878,129.088813666667,35.074423500000,508097.050,3881300.005,0.008,-2.236267,route_tangent,61,8.333,2.000,61,508104.014,3881295.427,1.654718,0.000000,-0.000000,0.5600,0.000,0.008,TRACKING|w0 d0 L61
147.407223,129.088813666667,35.074423500000,508097.050,3881300.005,0.008,-2.236267,route_tangent,61,8.333,2.000,61,508104.014,3881295.427,1.654718,0.000000,-0.000000,0.5600,0.000,0.008,TRACKING|w0 d0 L61
147.456815,129.088813666667,35.074423333333,508097.050,3881299.986,0.004,-2.236267,route_tangent,61,8.323,2.000,61,508104.014,3881295.427,1.656572,0.000000,-0.000000,0.5600,0.000,0.004,TRACKING|w0 d0 L61
147.507394,129.088813666667,35.074423333333,508097.050,3881299.986,0.004,-2.236267,route_tangent,61,8.323,2.000,61,508104.014,3881295.427,1.656572,0.000000,-0.000000,0.5600,0.000,0.004,TRACKING|w0 d0 L61
147.556737,129.088813666667,35.074423333333,508097.050,3881299.986,0.004,-2.236267,route_tangent,61,8.323,2.000,61,508104.014,3881295.427,1.656572,0.000000,-0.000000,0.5600,0.000,0.004,TRACKING|w0 d0 L61
147.606774,129.088813666667,35.074423333333,508097.050,3881299.986,0.004,-2.236267,route_tangent,61,8.323,2.000,61,508104.014,3881295.427,1.656572,0.000000,-0.000000,0.5600,0.000,0.004,TRACKING|w0 d0 L61
147.656697,129.088813666667,35.074423333333,508097.050,3881299.986,0.004,-2.236267,route_tangent,61,8.323,2.000,61,508104.014,3881295.427,1.656572,0.000000,-0.000000,0.5600,0.000,0.004,TRACKING|w0 d0 L61
147.706744,129.088813666667,35.074423500000,508097.050,3881300.005,0.013,-2.236267,route_tangent,61,8.333,2.000,61,508104.014,3881295.427,1.654718,0.000000,-0.000000,0.5600,0.000,0.013,TRACKING|w0 d0 L61
147.756843,129.088813666667,35.074423500000,508097.050,3881300.005,0.013,-2.236267,route_tangent,61,8.333,2.000,61,508104.014,3881295.427,1.654718,0.000000,-0.000000,0.5600,0.000,0.013,TRACKING|w0 d0 L61
147.806800,129.088813666667,35.074423500000,508097.050,3881300.005,0.013,-2.236267,route_tangent,61,8.333,2.000,61,508104.014,3881295.427,1.654718,0.000000,-0.000000,0.5600,0.000,0.013,TRACKING|w0 d0 L61
147.857009,129.088813666667,35.074423500000,508097.050,3881300.005,0.013,-2.236267,route_tangent,61,8.333,2.000,61,508104.014,3881295.427,1.654718,0.000000,-0.000000,0.5600,0.000,0.013,TRACKING|w0 d0 L61
147.906729,129.088813666667,35.074423500000,508097.050,3881300.005,0.013,-2.236267,route_tangent,61,8.333,2.000,61,508104.014,3881295.427,1.654718,0.000000,-0.000000,0.5600,0.000,0.013,TRACKING|w0 d0 L61
147.956795,129.088813666667,35.074423500000,508097.050,3881300.005,0.003,-2.236267,route_tangent,61,8.333,2.000,61,508104.014,3881295.427,1.654718,0.000000,-0.000000,0.5600,0.000,0.003,TRACKING|w0 d0 L61
148.006972,129.088813666667,35.074423500000,508097.050,3881300.005,0.003,-2.236267,route_tangent,61,8.333,2.000,61,508104.014,3881295.427,1.654718,0.000000,-0.000000,0.5600,0.000,0.003,TRACKING|w0 d0 L61
148.056754,129.088813666667,35.074423500000,508097.050,3881300.005,0.003,-2.236267,route_tangent,61,8.333,2.000,61,508104.014,3881295.427,1.654718,0.000000,-0.000000,0.5600,0.000,0.003,TRACKING|w0 d0 L61
148.106730,129.088813666667,35.074423500000,508097.050,3881300.005,0.003,-2.236267,route_tangent,61,8.333,2.000,61,508104.014,3881295.427,1.654718,0.000000,-0.000000,0.5600,0.000,0.003,TRACKING|w0 d0 L61
148.156751,129.088813666667,35.074423500000,508097.050,3881300.005,0.003,-2.236267,route_tangent,61,8.333,2.000,61,508104.014,3881295.427,1.654718,0.000000,-0.000000,0.5600,0.000,0.003,TRACKING|w0 d0 L61
148.206913,129.088813666667,35.074423500000,508097.050,3881300.005,0.003,-2.236267,route_tangent,61,8.333,2.000,61,508104.014,3881295.427,1.654718,0.000000,-0.000000,0.5600,0.000,0.003,TRACKING|w0 d0 L61
148.256701,129.088813666667,35.074423500000,508097.050,3881300.005,0.003,-2.236267,route_tangent,61,8.333,2.000,61,508104.014,3881295.427,1.654718,0.000000,-0.000000,0.5600,0.000,0.003,TRACKING|w0 d0 L61
148.306826,129.088813666667,35.074423500000,508097.050,3881300.005,0.003,-2.236267,route_tangent,61,8.333,2.000,61,508104.014,3881295.427,1.654718,0.000000,-0.000000,0.5600,0.000,0.003,TRACKING|w0 d0 L61
148.356751,129.088813666667,35.074423500000,508097.050,3881300.005,0.003,-2.236267,route_tangent,61,8.333,2.000,61,508104.014,3881295.427,1.654718,0.000000,-0.000000,0.5600,0.000,0.003,TRACKING|w0 d0 L61
148.406793,129.088813666667,35.074423500000,508097.050,3881300.005,0.003,-2.236267,route_tangent,61,8.333,2.000,61,508104.014,3881295.427,1.654718,0.000000,-0.000000,0.5600,0.000,0.003,TRACKING|w0 d0 L61
148.456703,129.088813666667,35.074423333333,508097.050,3881299.986,0.015,-2.236267,route_tangent,61,8.323,2.000,61,508104.014,3881295.427,1.656572,0.000000,-0.000000,0.5600,0.000,0.015,TRACKING|w0 d0 L61
148.506735,129.088813666667,35.074423333333,508097.050,3881299.986,0.015,-2.236267,route_tangent,61,8.323,2.000,61,508104.014,3881295.427,1.656572,0.000000,-0.000000,0.5600,0.000,0.015,TRACKING|w0 d0 L61
148.556851,129.088813666667,35.074423333333,508097.050,3881299.986,0.015,-2.236267,route_tangent,61,8.323,2.000,61,508104.014,3881295.427,1.656572,0.000000,-0.000000,0.5600,0.000,0.015,TRACKING|w0 d0 L61
148.607130,129.088813666667,35.074423333333,508097.050,3881299.986,0.015,-2.236267,route_tangent,61,8.323,2.000,61,508104.014,3881295.427,1.656572,0.000000,-0.000000,0.5600,0.000,0.015,TRACKING|w0 d0 L61
148.656892,129.088813666667,35.074423333333,508097.050,3881299.986,0.015,-2.236267,route_tangent,61,8.323,2.000,61,508104.014,3881295.427,1.656572,0.000000,-0.000000,0.5600,0.000,0.015,TRACKING|w0 d0 L61
148.706776,129.088813666667,35.074423500000,508097.050,3881300.005,0.004,-2.236267,route_tangent,61,8.333,2.000,61,508104.014,3881295.427,1.654718,0.000000,-0.000000,0.5600,0.000,0.004,TRACKING|w0 d0 L61
148.756893,129.088813666667,35.074423500000,508097.050,3881300.005,0.004,-2.236267,route_tangent,61,8.333,2.000,61,508104.014,3881295.427,1.654718,0.000000,-0.000000,0.5600,0.000,0.004,TRACKING|w0 d0 L61
148.806764,129.088813666667,35.074423500000,508097.050,3881300.005,0.004,-2.236267,route_tangent,61,8.333,2.000,61,508104.014,3881295.427,1.654718,0.000000,-0.000000,0.5600,0.000,0.004,TRACKING|w0 d0 L61
148.856735,129.088813666667,35.074423500000,508097.050,3881300.005,0.004,-2.236267,route_tangent,61,8.333,2.000,61,508104.014,3881295.427,1.654718,0.000000,-0.000000,0.5600,0.000,0.004,TRACKING|w0 d0 L61
148.906747,129.088813666667,35.074423500000,508097.050,3881300.005,0.004,-2.236267,route_tangent,61,8.333,2.000,61,508104.014,3881295.427,1.654718,0.000000,-0.000000,0.5600,0.000,0.004,TRACKING|w0 d0 L61
148.956909,129.088813666667,35.074423333333,508097.050,3881299.986,0.004,-2.236267,route_tangent,61,8.323,2.000,61,508104.014,3881295.427,1.656572,0.000000,-0.000000,0.5600,0.000,0.004,TRACKING|w0 d0 L61
149.006730,129.088813666667,35.074423333333,508097.050,3881299.986,0.004,-2.236267,route_tangent,61,8.323,2.000,61,508104.014,3881295.427,1.656572,0.000000,-0.000000,0.5600,0.000,0.004,TRACKING|w0 d0 L61
149.056928,129.088813666667,35.074423333333,508097.050,3881299.986,0.004,-2.236267,route_tangent,61,8.323,2.000,61,508104.014,3881295.427,1.656572,0.000000,-0.000000,0.5600,0.000,0.004,TRACKING|w0 d0 L61
149.107717,129.088813666667,35.074423333333,508097.050,3881299.986,0.004,-2.236267,route_tangent,61,8.323,2.000,61,508104.014,3881295.427,1.656572,0.000000,-0.000000,0.5600,0.000,0.004,TRACKING|w0 d0 L61
149.156743,129.088813666667,35.074423333333,508097.050,3881299.986,0.004,-2.236267,route_tangent,61,8.323,2.000,61,508104.014,3881295.427,1.656572,0.000000,-0.000000,0.5600,0.000,0.004,TRACKING|w0 d0 L61
149.206768,129.088813666667,35.074423500000,508097.050,3881300.005,0.013,-2.236267,route_tangent,61,8.333,2.000,61,508104.014,3881295.427,1.654718,0.000000,-0.000000,0.5600,0.000,0.013,TRACKING|w0 d0 L61
149.256800,129.088813666667,35.074423500000,508097.050,3881300.005,0.013,-2.236267,route_tangent,61,8.333,2.000,61,508104.014,3881295.427,1.654718,0.000000,-0.000000,0.5600,0.000,0.013,TRACKING|w0 d0 L61
149.306765,129.088813666667,35.074423500000,508097.050,3881300.005,0.013,-2.236267,route_tangent,61,8.333,2.000,61,508104.014,3881295.427,1.654718,0.000000,-0.000000,0.5600,0.000,0.013,TRACKING|w0 d0 L61
149.356906,129.088813666667,35.074423500000,508097.050,3881300.005,0.013,-2.236267,route_tangent,61,8.333,2.000,61,508104.014,3881295.427,1.654718,0.000000,-0.000000,0.5600,0.000,0.013,TRACKING|w0 d0 L61
149.407908,129.088813666667,35.074423500000,508097.050,3881300.005,0.013,-2.236267,route_tangent,61,8.333,2.000,61,508104.014,3881295.427,1.654718,0.000000,-0.000000,0.5600,0.000,0.013,TRACKING|w0 d0 L61
149.456657,129.088813666667,35.074423500000,508097.050,3881300.005,0.015,-2.236267,route_tangent,61,8.333,2.000,61,508104.014,3881295.427,1.654718,0.000000,-0.000000,0.5600,0.000,0.015,TRACKING|w0 d0 L61
149.506696,129.088813666667,35.074423333333,508097.050,3881299.986,0.015,-2.236267,route_tangent,61,8.323,2.000,61,508104.014,3881295.427,1.656572,0.000000,-0.000000,0.5600,0.000,0.015,TRACKING|w0 d0 L61
149.558235,129.088813666667,35.074423333333,508097.050,3881299.986,0.015,-2.236267,route_tangent,61,8.323,2.000,61,508104.014,3881295.427,1.656572,0.000000,-0.000000,0.5600,0.000,0.015,TRACKING|w0 d0 L61
149.606706,129.088813666667,35.074423333333,508097.050,3881299.986,0.015,-2.236267,route_tangent,61,8.323,2.000,61,508104.014,3881295.427,1.656572,0.000000,-0.000000,0.5600,0.000,0.015,TRACKING|w0 d0 L61
149.656699,129.088813666667,35.074423333333,508097.050,3881299.986,0.015,-2.236267,route_tangent,61,8.323,2.000,61,508104.014,3881295.427,1.656572,0.000000,-0.000000,0.5600,0.000,0.015,TRACKING|w0 d0 L61
149.706739,129.088813666667,35.074423500000,508097.050,3881300.005,0.015,-2.236267,route_tangent,61,8.333,2.000,61,508104.014,3881295.427,1.654718,0.000000,-0.000000,0.5600,0.000,0.015,TRACKING|w0 d0 L61
149.756792,129.088813666667,35.074423500000,508097.050,3881300.005,0.015,-2.236267,route_tangent,61,8.333,2.000,61,508104.014,3881295.427,1.654718,0.000000,-0.000000,0.5600,0.000,0.015,TRACKING|w0 d0 L61
149.806805,129.088813666667,35.074423500000,508097.050,3881300.005,0.015,-2.236267,route_tangent,61,8.333,2.000,61,508104.014,3881295.427,1.654718,0.000000,-0.000000,0.5600,0.000,0.015,TRACKING|w0 d0 L61
149.857244,129.088813666667,35.074423500000,508097.050,3881300.005,0.015,-2.236267,route_tangent,61,8.333,2.000,61,508104.014,3881295.427,1.654718,0.000000,-0.000000,0.5600,0.000,0.015,TRACKING|w0 d0 L61
149.907210,129.088813666667,35.074423500000,508097.050,3881300.005,0.015,-2.236267,route_tangent,61,8.333,2.000,61,508104.014,3881295.427,1.654718,0.000000,-0.000000,0.5600,0.000,0.015,TRACKING|w0 d0 L61
149.956738,129.088813666667,35.074423333333,508097.050,3881299.986,0.010,-2.236267,route_tangent,61,8.323,2.000,61,508104.014,3881295.427,1.656572,0.000000,-0.000000,0.5600,0.000,0.010,TRACKING|w0 d0 L61
150.006823,129.088813666667,35.074423333333,508097.050,3881299.986,0.010,-2.236267,route_tangent,61,8.323,2.000,61,508104.014,3881295.427,1.656572,0.000000,-0.000000,0.5600,0.000,0.010,TRACKING|w0 d0 L61
150.056712,129.088813666667,35.074423333333,508097.050,3881299.986,0.010,-2.236267,route_tangent,61,8.323,2.000,61,508104.014,3881295.427,1.656572,0.000000,-0.000000,0.5600,0.000,0.010,TRACKING|w0 d0 L61
150.106739,129.088813666667,35.074423333333,508097.050,3881299.986,0.010,-2.236267,route_tangent,61,8.323,2.000,61,508104.014,3881295.427,1.656572,0.000000,-0.000000,0.5600,0.000,0.010,TRACKING|w0 d0 L61
150.156798,129.088813666667,35.074423333333,508097.050,3881299.986,0.010,-2.236267,route_tangent,61,8.323,2.000,61,508104.014,3881295.427,1.656572,0.000000,-0.000000,0.5600,0.000,0.010,TRACKING|w0 d0 L61
150.206748,129.088813666667,35.074423500000,508097.050,3881300.005,0.010,-2.236267,route_tangent,61,8.333,2.000,61,508104.014,3881295.427,1.654718,0.000000,-0.000000,0.5600,0.000,0.010,TRACKING|w0 d0 L61
150.257019,129.088813666667,35.074423500000,508097.050,3881300.005,0.010,-2.236267,route_tangent,61,8.333,2.000,61,508104.014,3881295.427,1.654718,0.000000,-0.000000,0.5600,0.000,0.010,TRACKING|w0 d0 L61
150.307853,129.088813666667,35.074423500000,508097.050,3881300.005,0.010,-2.236267,route_tangent,61,8.333,2.000,61,508104.014,3881295.427,1.654718,0.000000,-0.000000,0.5600,0.000,0.010,TRACKING|w0 d0 L61
150.358508,129.088813666667,35.074423500000,508097.050,3881300.005,0.010,-2.236267,route_tangent,61,8.333,2.000,61,508104.014,3881295.427,1.654718,0.000000,-0.000000,0.5600,0.000,0.010,TRACKING|w0 d0 L61
150.407125,129.088813666667,35.074423500000,508097.050,3881300.005,0.010,-2.236267,route_tangent,61,8.333,2.000,61,508104.014,3881295.427,1.654718,0.000000,-0.000000,0.5600,0.000,0.010,TRACKING|w0 d0 L61
150.456728,129.088813666667,35.074423500000,508097.050,3881300.005,0.010,-2.236267,route_tangent,61,8.333,2.000,61,508104.014,3881295.427,1.654718,0.000000,-0.000000,0.5600,0.000,0.010,TRACKING|w0 d0 L61
150.506691,129.088813666667,35.074423500000,508097.050,3881300.005,0.010,-2.236267,route_tangent,61,8.333,2.000,61,508104.014,3881295.427,1.654718,0.000000,-0.000000,0.5600,0.000,0.010,TRACKING|w0 d0 L61
150.557659,129.088813666667,35.074423500000,508097.050,3881300.005,0.010,-2.236267,route_tangent,61,8.333,2.000,61,508104.014,3881295.427,1.654718,0.000000,-0.000000,0.5600,0.000,0.010,TRACKING|w0 d0 L61
150.606766,129.088813666667,35.074423500000,508097.050,3881300.005,0.010,-2.236267,route_tangent,61,8.333,2.000,61,508104.014,3881295.427,1.654718,0.000000,-0.000000,0.5600,0.000,0.010,TRACKING|w0 d0 L61
150.657957,129.088813666667,35.074423500000,508097.050,3881300.005,0.010,-2.236267,route_tangent,61,8.333,2.000,61,508104.014,3881295.427,1.654718,0.000000,-0.000000,0.5600,0.000,0.010,TRACKING|w0 d0 L61
150.707139,129.088813666667,35.074423500000,508097.050,3881300.005,0.010,-2.236267,route_tangent,61,8.333,2.000,61,508104.014,3881295.427,1.654718,0.000000,-0.000000,0.5600,0.000,0.010,TRACKING|w0 d0 L61
150.756733,129.088813666667,35.074423500000,508097.050,3881300.005,0.010,-2.236267,route_tangent,61,8.333,2.000,61,508104.014,3881295.427,1.654718,0.000000,-0.000000,0.5600,0.000,0.010,TRACKING|w0 d0 L61
150.806775,129.088813666667,35.074423500000,508097.050,3881300.005,0.010,-2.236267,route_tangent,61,8.333,2.000,61,508104.014,3881295.427,1.654718,0.000000,-0.000000,0.5600,0.000,0.010,TRACKING|w0 d0 L61
150.856813,129.088813666667,35.074423500000,508097.050,3881300.005,0.010,-2.236267,route_tangent,61,8.333,2.000,61,508104.014,3881295.427,1.654718,0.000000,-0.000000,0.5600,0.000,0.010,TRACKING|w0 d0 L61
150.906748,129.088813666667,35.074423500000,508097.050,3881300.005,0.010,-2.236267,route_tangent,61,8.333,2.000,61,508104.014,3881295.427,1.654718,0.000000,-0.000000,0.5600,0.000,0.010,TRACKING|w0 d0 L61
150.956718,129.088813666667,35.074423500000,508097.050,3881300.005,0.006,-2.236267,route_tangent,61,8.333,2.000,61,508104.014,3881295.427,1.654718,0.000000,-0.000000,0.5600,0.000,0.006,TRACKING|w0 d0 L61
151.008160,129.088813666667,35.074423500000,508097.050,3881300.005,0.006,-2.236267,route_tangent,61,8.333,2.000,61,508104.014,3881295.427,1.654718,0.000000,-0.000000,0.5600,0.000,0.006,TRACKING|w0 d0 L61
151.056906,129.088813666667,35.074423500000,508097.050,3881300.005,0.006,-2.236267,route_tangent,61,8.333,2.000,61,508104.014,3881295.427,1.654718,0.000000,-0.000000,0.5600,0.000,0.006,TRACKING|w0 d0 L61
151.106760,129.088813666667,35.074423500000,508097.050,3881300.005,0.006,-2.236267,route_tangent,61,8.333,2.000,61,508104.014,3881295.427,1.654718,0.000000,-0.000000,0.5600,0.000,0.006,TRACKING|w0 d0 L61
151.156837,129.088813666667,35.074423500000,508097.050,3881300.005,0.006,-2.236267,route_tangent,61,8.333,2.000,61,508104.014,3881295.427,1.654718,0.000000,-0.000000,0.5600,0.000,0.006,TRACKING|w0 d0 L61
151.206747,129.088813666667,35.074423500000,508097.050,3881300.005,0.011,-2.236267,route_tangent,61,8.333,2.000,61,508104.014,3881295.427,1.654718,0.000000,-0.000000,0.5600,0.000,0.011,TRACKING|w0 d0 L61
151.256769,129.088813666667,35.074423500000,508097.050,3881300.005,0.011,-2.236267,route_tangent,61,8.333,2.000,61,508104.014,3881295.427,1.654718,0.000000,-0.000000,0.5600,0.000,0.011,TRACKING|w0 d0 L61
151.306697,129.088813666667,35.074423500000,508097.050,3881300.005,0.011,-2.236267,route_tangent,61,8.333,2.000,61,508104.014,3881295.427,1.654718,0.000000,-0.000000,0.5600,0.000,0.011,TRACKING|w0 d0 L61
151.356877,129.088813666667,35.074423500000,508097.050,3881300.005,0.011,-2.236267,route_tangent,61,8.333,2.000,61,508104.014,3881295.427,1.654718,0.000000,-0.000000,0.5600,0.000,0.011,TRACKING|w0 d0 L61
151.407128,129.088813666667,35.074423500000,508097.050,3881300.005,0.011,-2.236267,route_tangent,61,8.333,2.000,61,508104.014,3881295.427,1.654718,0.000000,-0.000000,0.5600,0.000,0.011,TRACKING|w0 d0 L61
151.456690,129.088813666667,35.074423500000,508097.050,3881300.005,0.011,-2.236267,route_tangent,61,8.333,2.000,61,508104.014,3881295.427,1.654718,0.000000,-0.000000,0.5600,0.000,0.011,TRACKING|w0 d0 L61
151.508088,129.088813666667,35.074423500000,508097.050,3881300.005,0.011,-2.236267,route_tangent,61,8.333,2.000,61,508104.014,3881295.427,1.654718,0.000000,-0.000000,0.5600,0.000,0.011,TRACKING|w0 d0 L61
151.556762,129.088813666667,35.074423500000,508097.050,3881300.005,0.011,-2.236267,route_tangent,61,8.333,2.000,61,508104.014,3881295.427,1.654718,0.000000,-0.000000,0.5600,0.000,0.011,TRACKING|w0 d0 L61
151.607202,129.088813666667,35.074423500000,508097.050,3881300.005,0.011,-2.236267,route_tangent,61,8.333,2.000,61,508104.014,3881295.427,1.654718,0.000000,-0.000000,0.5600,0.000,0.011,TRACKING|w0 d0 L61
151.656729,129.088813666667,35.074423500000,508097.050,3881300.005,0.011,-2.236267,route_tangent,61,8.333,2.000,61,508104.014,3881295.427,1.654718,0.000000,-0.000000,0.5600,0.000,0.011,TRACKING|w0 d0 L61
151.706751,129.088813666667,35.074423500000,508097.050,3881300.005,0.016,-2.236267,route_tangent,61,8.333,2.000,61,508104.014,3881295.427,1.654718,0.000000,-0.000000,0.5600,0.000,0.016,TRACKING|w0 d0 L61
151.756818,129.088813666667,35.074423500000,508097.050,3881300.005,0.016,-2.236267,route_tangent,61,8.333,2.000,61,508104.014,3881295.427,1.654718,0.000000,-0.000000,0.5600,0.000,0.016,TRACKING|w0 d0 L61
151.807253,129.088813666667,35.074423500000,508097.050,3881300.005,0.016,-2.236267,route_tangent,61,8.333,2.000,61,508104.014,3881295.427,1.654718,0.000000,-0.000000,0.5600,0.000,0.016,TRACKING|w0 d0 L61
151.859024,129.088813666667,35.074423500000,508097.050,3881300.005,0.016,-2.236267,route_tangent,61,8.333,2.000,61,508104.014,3881295.427,1.654718,0.000000,-0.000000,0.5600,0.000,0.016,TRACKING|w0 d0 L61
151.906744,129.088813666667,35.074423500000,508097.050,3881300.005,0.016,-2.236267,route_tangent,61,8.333,2.000,61,508104.014,3881295.427,1.654718,0.000000,-0.000000,0.5600,0.000,0.016,TRACKING|w0 d0 L61
151.956778,129.088813666667,35.074423500000,508097.050,3881300.005,0.002,-2.236267,route_tangent,61,8.333,2.000,61,508104.014,3881295.427,1.654718,0.000000,-0.000000,0.5600,0.000,0.002,TRACKING|w0 d0 L61
152.006729,129.088813666667,35.074423500000,508097.050,3881300.005,0.002,-2.236267,route_tangent,61,8.333,2.000,61,508104.014,3881295.427,1.654718,0.000000,-0.000000,0.5600,0.000,0.002,TRACKING|w0 d0 L61
152.056751,129.088813666667,35.074423500000,508097.050,3881300.005,0.002,-2.236267,route_tangent,61,8.333,2.000,61,508104.014,3881295.427,1.654718,0.000000,-0.000000,0.5600,0.000,0.002,TRACKING|w0 d0 L61
152.106750,129.088813666667,35.074423500000,508097.050,3881300.005,0.002,-2.236267,route_tangent,61,8.333,2.000,61,508104.014,3881295.427,1.654718,0.000000,-0.000000,0.5600,0.000,0.002,TRACKING|w0 d0 L61
152.156767,129.088813666667,35.074423500000,508097.050,3881300.005,0.002,-2.236267,route_tangent,61,8.333,2.000,61,508104.014,3881295.427,1.654718,0.000000,-0.000000,0.5600,0.000,0.002,TRACKING|w0 d0 L61
152.206732,129.088813666667,35.074423500000,508097.050,3881300.005,0.010,-2.236267,route_tangent,61,8.333,2.000,61,508104.014,3881295.427,1.654718,0.000000,-0.000000,0.5600,0.000,0.010,TRACKING|w0 d0 L61
152.256829,129.088813666667,35.074423500000,508097.050,3881300.005,0.010,-2.236267,route_tangent,61,8.333,2.000,61,508104.014,3881295.427,1.654718,0.000000,-0.000000,0.5600,0.000,0.010,TRACKING|w0 d0 L61
152.308157,129.088813666667,35.074423500000,508097.050,3881300.005,0.010,-2.236267,route_tangent,61,8.333,2.000,61,508104.014,3881295.427,1.654718,0.000000,-0.000000,0.5600,0.000,0.010,TRACKING|w0 d0 L61
152.356748,129.088813666667,35.074423500000,508097.050,3881300.005,0.010,-2.236267,route_tangent,61,8.333,2.000,61,508104.014,3881295.427,1.654718,0.000000,-0.000000,0.5600,0.000,0.010,TRACKING|w0 d0 L61
152.406833,129.088813666667,35.074423500000,508097.050,3881300.005,0.010,-2.236267,route_tangent,61,8.333,2.000,61,508104.014,3881295.427,1.654718,0.000000,-0.000000,0.5600,0.000,0.010,TRACKING|w0 d0 L61
152.456800,129.088813666667,35.074423500000,508097.050,3881300.005,0.016,-2.236267,route_tangent,61,8.333,2.000,61,508104.014,3881295.427,1.654718,0.000000,-0.000000,0.5600,0.000,0.016,TRACKING|w0 d0 L61
152.506750,129.088813666667,35.074423500000,508097.050,3881300.005,0.016,-2.236267,route_tangent,61,8.333,2.000,61,508104.014,3881295.427,1.654718,0.000000,-0.000000,0.5600,0.000,0.016,TRACKING|w0 d0 L61
152.556905,129.088813666667,35.074423500000,508097.050,3881300.005,0.016,-2.236267,route_tangent,61,8.333,2.000,61,508104.014,3881295.427,1.654718,0.000000,-0.000000,0.5600,0.000,0.016,TRACKING|w0 d0 L61
152.606862,129.088813666667,35.074423500000,508097.050,3881300.005,0.016,-2.236267,route_tangent,61,8.333,2.000,61,508104.014,3881295.427,1.654718,0.000000,-0.000000,0.5600,0.000,0.016,TRACKING|w0 d0 L61
152.659767,129.088813666667,35.074423500000,508097.050,3881300.005,0.016,-2.236267,route_tangent,61,8.333,2.000,61,508104.014,3881295.427,1.654718,0.000000,-0.000000,0.5600,0.000,0.016,TRACKING|w0 d0 L61
152.706806,129.088813666667,35.074423500000,508097.050,3881300.005,0.001,-2.236267,route_tangent,61,8.333,2.000,61,508104.014,3881295.427,1.654718,0.000000,-0.000000,0.5600,0.000,0.001,TRACKING|w0 d0 L61
152.756973,129.088813666667,35.074423500000,508097.050,3881300.005,0.001,-2.236267,route_tangent,61,8.333,2.000,61,508104.014,3881295.427,1.654718,0.000000,-0.000000,0.5600,0.000,0.001,TRACKING|w0 d0 L61
152.806763,129.088813666667,35.074423500000,508097.050,3881300.005,0.001,-2.236267,route_tangent,61,8.333,2.000,61,508104.014,3881295.427,1.654718,0.000000,-0.000000,0.5600,0.000,0.001,TRACKING|w0 d0 L61
152.856767,129.088813666667,35.074423500000,508097.050,3881300.005,0.001,-2.236267,route_tangent,61,8.333,2.000,61,508104.014,3881295.427,1.654718,0.000000,-0.000000,0.5600,0.000,0.001,TRACKING|w0 d0 L61
152.906879,129.088813666667,35.074423500000,508097.050,3881300.005,0.001,-2.236267,route_tangent,61,8.333,2.000,61,508104.014,3881295.427,1.654718,0.000000,-0.000000,0.5600,0.000,0.001,TRACKING|w0 d0 L61
152.959277,129.088813666667,35.074423500000,508097.050,3881300.005,0.002,-2.236267,route_tangent,61,8.333,2.000,61,508104.014,3881295.427,1.654718,0.000000,-0.000000,0.5600,0.000,0.002,TRACKING|w0 d0 L61
153.006880,129.088813666667,35.074423500000,508097.050,3881300.005,0.002,-2.236267,route_tangent,61,8.333,2.000,61,508104.014,3881295.427,1.654718,0.000000,-0.000000,0.5600,0.000,0.002,TRACKING|w0 d0 L61
153.056734,129.088813666667,35.074423500000,508097.050,3881300.005,0.002,-2.236267,route_tangent,61,8.333,2.000,61,508104.014,3881295.427,1.654718,0.000000,-0.000000,0.5600,0.000,0.002,TRACKING|w0 d0 L61
153.109354,129.088813666667,35.074423500000,508097.050,3881300.005,0.002,-2.236267,route_tangent,61,8.333,2.000,61,508104.014,3881295.427,1.654718,0.000000,-0.000000,0.5600,0.000,0.002,TRACKING|w0 d0 L61
153.156763,129.088813666667,35.074423500000,508097.050,3881300.005,0.002,-2.236267,route_tangent,61,8.333,2.000,61,508104.014,3881295.427,1.654718,0.000000,-0.000000,0.5600,0.000,0.002,TRACKING|w0 d0 L61
153.206741,129.088813666667,35.074423500000,508097.050,3881300.005,0.001,-2.236267,route_tangent,61,8.333,2.000,61,508104.014,3881295.427,1.654718,0.000000,-0.000000,0.5600,0.000,0.001,TRACKING|w0 d0 L61
153.256755,129.088813666667,35.074423500000,508097.050,3881300.005,0.001,-2.236267,route_tangent,61,8.333,2.000,61,508104.014,3881295.427,1.654718,0.000000,-0.000000,0.5600,0.000,0.001,TRACKING|w0 d0 L61
153.306763,129.088813666667,35.074423500000,508097.050,3881300.005,0.001,-2.236267,route_tangent,61,8.333,2.000,61,508104.014,3881295.427,1.654718,0.000000,-0.000000,0.5600,0.000,0.001,TRACKING|w0 d0 L61
153.356767,129.088813666667,35.074423500000,508097.050,3881300.005,0.001,-2.236267,route_tangent,61,8.333,2.000,61,508104.014,3881295.427,1.654718,0.000000,-0.000000,0.5600,0.000,0.001,TRACKING|w0 d0 L61
153.406914,129.088813666667,35.074423500000,508097.050,3881300.005,0.001,-2.236267,route_tangent,61,8.333,2.000,61,508104.014,3881295.427,1.654718,0.000000,-0.000000,0.5600,0.000,0.001,TRACKING|w0 d0 L61
153.456951,129.088813666667,35.074423333333,508097.050,3881299.986,0.004,-2.236267,route_tangent,61,8.323,2.000,61,508104.014,3881295.427,1.656572,0.000000,-0.000000,0.5600,0.000,0.004,TRACKING|w0 d0 L61
153.506774,129.088813666667,35.074423333333,508097.050,3881299.986,0.004,-2.236267,route_tangent,61,8.323,2.000,61,508104.014,3881295.427,1.656572,0.000000,-0.000000,0.5600,0.000,0.004,TRACKING|w0 d0 L61
153.556735,129.088813666667,35.074423333333,508097.050,3881299.986,0.004,-2.236267,route_tangent,61,8.323,2.000,61,508104.014,3881295.427,1.656572,0.000000,-0.000000,0.5600,0.000,0.004,TRACKING|w0 d0 L61
153.606742,129.088813666667,35.074423333333,508097.050,3881299.986,0.004,-2.236267,route_tangent,61,8.323,2.000,61,508104.014,3881295.427,1.656572,0.000000,-0.000000,0.5600,0.000,0.004,TRACKING|w0 d0 L61
153.656742,129.088813666667,35.074423333333,508097.050,3881299.986,0.004,-2.236267,route_tangent,61,8.323,2.000,61,508104.014,3881295.427,1.656572,0.000000,-0.000000,0.5600,0.000,0.004,TRACKING|w0 d0 L61
153.706743,129.088813666667,35.074423500000,508097.050,3881300.005,0.006,-2.236267,route_tangent,61,8.333,2.000,61,508104.014,3881295.427,1.654718,0.000000,-0.000000,0.5600,0.000,0.006,TRACKING|w0 d0 L61
153.758428,129.088813666667,35.074423500000,508097.050,3881300.005,0.006,-2.236267,route_tangent,61,8.333,2.000,61,508104.014,3881295.427,1.654718,0.000000,-0.000000,0.5600,0.000,0.006,TRACKING|w0 d0 L61
153.806804,129.088813666667,35.074423500000,508097.050,3881300.005,0.006,-2.236267,route_tangent,61,8.333,2.000,61,508104.014,3881295.427,1.654718,0.000000,-0.000000,0.5600,0.000,0.006,TRACKING|w0 d0 L61
153.857057,129.088813666667,35.074423500000,508097.050,3881300.005,0.006,-2.236267,route_tangent,61,8.333,2.000,61,508104.014,3881295.427,1.654718,0.000000,-0.000000,0.5600,0.000,0.006,TRACKING|w0 d0 L61
153.906747,129.088813666667,35.074423500000,508097.050,3881300.005,0.006,-2.236267,route_tangent,61,8.333,2.000,61,508104.014,3881295.427,1.654718,0.000000,-0.000000,0.5600,0.000,0.006,TRACKING|w0 d0 L61
153.956690,129.088813666667,35.074423500000,508097.050,3881300.005,0.018,-2.236267,route_tangent,61,8.333,2.000,61,508104.014,3881295.427,1.654718,0.000000,-0.000000,0.5600,0.000,0.018,TRACKING|w0 d0 L61
154.006869,129.088813666667,35.074423500000,508097.050,3881300.005,0.018,-2.236267,route_tangent,61,8.333,2.000,61,508104.014,3881295.427,1.654718,0.000000,-0.000000,0.5600,0.000,0.018,TRACKING|w0 d0 L61
154.056745,129.088813666667,35.074423500000,508097.050,3881300.005,0.018,-2.236267,route_tangent,61,8.333,2.000,61,508104.014,3881295.427,1.654718,0.000000,-0.000000,0.5600,0.000,0.018,TRACKING|w0 d0 L61
154.106718,129.088813666667,35.074423500000,508097.050,3881300.005,0.018,-2.236267,route_tangent,61,8.333,2.000,61,508104.014,3881295.427,1.654718,0.000000,-0.000000,0.5600,0.000,0.018,TRACKING|w0 d0 L61
154.156892,129.088813666667,35.074423500000,508097.050,3881300.005,0.018,-2.236267,route_tangent,61,8.333,2.000,61,508104.014,3881295.427,1.654718,0.000000,-0.000000,0.5600,0.000,0.018,TRACKING|w0 d0 L61
154.206895,129.088813666667,35.074423333333,508097.050,3881299.986,0.014,-2.236267,route_tangent,61,8.323,2.000,61,508104.014,3881295.427,1.656572,0.000000,-0.000000,0.5600,0.000,0.014,TRACKING|w0 d0 L61
154.256744,129.088813666667,35.074423333333,508097.050,3881299.986,0.014,-2.236267,route_tangent,61,8.323,2.000,61,508104.014,3881295.427,1.656572,0.000000,-0.000000,0.5600,0.000,0.014,TRACKING|w0 d0 L61
154.306701,129.088813666667,35.074423333333,508097.050,3881299.986,0.014,-2.236267,route_tangent,61,8.323,2.000,61,508104.014,3881295.427,1.656572,0.000000,-0.000000,0.5600,0.000,0.014,TRACKING|w0 d0 L61
154.356767,129.088813666667,35.074423333333,508097.050,3881299.986,0.014,-2.236267,route_tangent,61,8.323,2.000,61,508104.014,3881295.427,1.656572,0.000000,-0.000000,0.5600,0.000,0.014,TRACKING|w0 d0 L61
154.406761,129.088813666667,35.074423333333,508097.050,3881299.986,0.014,-2.236267,route_tangent,61,8.323,2.000,61,508104.014,3881295.427,1.656572,0.000000,-0.000000,0.5600,0.000,0.014,TRACKING|w0 d0 L61
154.456745,129.088813666667,35.074423333333,508097.050,3881299.986,0.009,-2.236267,route_tangent,61,8.323,2.000,61,508104.014,3881295.427,1.656572,0.000000,-0.000000,0.5600,0.000,0.009,TRACKING|w0 d0 L61
154.506752,129.088813666667,35.074423333333,508097.050,3881299.986,0.009,-2.236267,route_tangent,61,8.323,2.000,61,508104.014,3881295.427,1.656572,0.000000,-0.000000,0.5600,0.000,0.009,TRACKING|w0 d0 L61
154.557257,129.088813666667,35.074423333333,508097.050,3881299.986,0.009,-2.236267,route_tangent,61,8.323,2.000,61,508104.014,3881295.427,1.656572,0.000000,-0.000000,0.5600,0.000,0.009,TRACKING|w0 d0 L61
154.606716,129.088813666667,35.074423333333,508097.050,3881299.986,0.009,-2.236267,route_tangent,61,8.323,2.000,61,508104.014,3881295.427,1.656572,0.000000,-0.000000,0.5600,0.000,0.009,TRACKING|w0 d0 L61
154.656796,129.088813666667,35.074423333333,508097.050,3881299.986,0.009,-2.236267,route_tangent,61,8.323,2.000,61,508104.014,3881295.427,1.656572,0.000000,-0.000000,0.5600,0.000,0.009,TRACKING|w0 d0 L61
154.707226,129.088813666667,35.074423500000,508097.050,3881300.005,0.014,-2.236267,route_tangent,61,8.333,2.000,61,508104.014,3881295.427,1.654718,0.000000,-0.000000,0.5600,0.000,0.014,TRACKING|w0 d0 L61
154.756727,129.088813666667,35.074423500000,508097.050,3881300.005,0.014,-2.236267,route_tangent,61,8.333,2.000,61,508104.014,3881295.427,1.654718,0.000000,-0.000000,0.5600,0.000,0.014,TRACKING|w0 d0 L61
154.806847,129.088813666667,35.074423500000,508097.050,3881300.005,0.014,-2.236267,route_tangent,61,8.333,2.000,61,508104.014,3881295.427,1.654718,0.000000,-0.000000,0.5600,0.000,0.014,TRACKING|w0 d0 L61
154.856733,129.088813666667,35.074423500000,508097.050,3881300.005,0.014,-2.236267,route_tangent,61,8.333,2.000,61,508104.014,3881295.427,1.654718,0.000000,-0.000000,0.5600,0.000,0.014,TRACKING|w0 d0 L61
154.906901,129.088813666667,35.074423500000,508097.050,3881300.005,0.014,-2.236267,route_tangent,61,8.333,2.000,61,508104.014,3881295.427,1.654718,0.000000,-0.000000,0.5600,0.000,0.014,TRACKING|w0 d0 L61
154.957129,129.088813666667,35.074423500000,508097.050,3881300.005,0.008,-2.236267,route_tangent,61,8.333,2.000,61,508104.014,3881295.427,1.654718,0.000000,-0.000000,0.5600,0.000,0.008,TRACKING|w0 d0 L61
155.006838,129.088813666667,35.074423500000,508097.050,3881300.005,0.008,-2.236267,route_tangent,61,8.333,2.000,61,508104.014,3881295.427,1.654718,0.000000,-0.000000,0.5600,0.000,0.008,TRACKING|w0 d0 L61
155.056744,129.088813666667,35.074423500000,508097.050,3881300.005,0.008,-2.236267,route_tangent,61,8.333,2.000,61,508104.014,3881295.427,1.654718,0.000000,-0.000000,0.5600,0.000,0.008,TRACKING|w0 d0 L61
155.106823,129.088813666667,35.074423500000,508097.050,3881300.005,0.008,-2.236267,route_tangent,61,8.333,2.000,61,508104.014,3881295.427,1.654718,0.000000,-0.000000,0.5600,0.000,0.008,TRACKING|w0 d0 L61
155.157150,129.088813666667,35.074423500000,508097.050,3881300.005,0.008,-2.236267,route_tangent,61,8.333,2.000,61,508104.014,3881295.427,1.654718,0.000000,-0.000000,0.5600,0.000,0.008,TRACKING|w0 d0 L61
155.206755,129.088813666667,35.074423500000,508097.050,3881300.005,0.004,-2.236267,route_tangent,61,8.333,2.000,61,508104.014,3881295.427,1.654718,0.000000,-0.000000,0.5600,0.000,0.004,TRACKING|w0 d0 L61
155.256938,129.088813666667,35.074423500000,508097.050,3881300.005,0.004,-2.236267,route_tangent,61,8.333,2.000,61,508104.014,3881295.427,1.654718,0.000000,-0.000000,0.5600,0.000,0.004,TRACKING|w0 d0 L61
155.306876,129.088813666667,35.074423500000,508097.050,3881300.005,0.004,-2.236267,route_tangent,61,8.333,2.000,61,508104.014,3881295.427,1.654718,0.000000,-0.000000,0.5600,0.000,0.004,TRACKING|w0 d0 L61
155.358517,129.088813666667,35.074423500000,508097.050,3881300.005,0.004,-2.236267,route_tangent,61,8.333,2.000,61,508104.014,3881295.427,1.654718,0.000000,-0.000000,0.5600,0.000,0.004,TRACKING|w0 d0 L61
155.406769,129.088813666667,35.074423500000,508097.050,3881300.005,0.004,-2.236267,route_tangent,61,8.333,2.000,61,508104.014,3881295.427,1.654718,0.000000,-0.000000,0.5600,0.000,0.004,TRACKING|w0 d0 L61
155.456709,129.088813666667,35.074423500000,508097.050,3881300.005,0.012,-2.236267,route_tangent,61,8.333,2.000,61,508104.014,3881295.427,1.654718,0.000000,-0.000000,0.5600,0.000,0.012,TRACKING|w0 d0 L61
155.508779,129.088813666667,35.074423500000,508097.050,3881300.005,0.012,-2.236267,route_tangent,61,8.333,2.000,61,508104.014,3881295.427,1.654718,0.000000,-0.000000,0.5600,0.000,0.012,TRACKING|w0 d0 L61
155.556730,129.088813666667,35.074423500000,508097.050,3881300.005,0.012,-2.236267,route_tangent,61,8.333,2.000,61,508104.014,3881295.427,1.654718,0.000000,-0.000000,0.5600,0.000,0.012,TRACKING|w0 d0 L61
155.606724,129.088813666667,35.074423500000,508097.050,3881300.005,0.012,-2.236267,route_tangent,61,8.333,2.000,61,508104.014,3881295.427,1.654718,0.000000,-0.000000,0.5600,0.000,0.012,TRACKING|w0 d0 L61
155.656810,129.088813666667,35.074423500000,508097.050,3881300.005,0.012,-2.236267,route_tangent,61,8.333,2.000,61,508104.014,3881295.427,1.654718,0.000000,-0.000000,0.5600,0.000,0.012,TRACKING|w0 d0 L61
155.706789,129.088813666667,35.074423500000,508097.050,3881300.005,0.007,-2.236267,route_tangent,61,8.333,2.000,61,508104.014,3881295.427,1.654718,0.000000,-0.000000,0.5600,0.000,0.007,TRACKING|w0 d0 L61
155.756689,129.088813666667,35.074423500000,508097.050,3881300.005,0.007,-2.236267,route_tangent,61,8.333,2.000,61,508104.014,3881295.427,1.654718,0.000000,-0.000000,0.5600,0.000,0.007,TRACKING|w0 d0 L61
155.806732,129.088813666667,35.074423500000,508097.050,3881300.005,0.007,-2.236267,route_tangent,61,8.333,2.000,61,508104.014,3881295.427,1.654718,0.000000,-0.000000,0.5600,0.000,0.007,TRACKING|w0 d0 L61
155.856932,129.088813666667,35.074423500000,508097.050,3881300.005,0.007,-2.236267,route_tangent,61,8.333,2.000,61,508104.014,3881295.427,1.654718,0.000000,-0.000000,0.5600,0.000,0.007,TRACKING|w0 d0 L61
155.906750,129.088813666667,35.074423500000,508097.050,3881300.005,0.007,-2.236267,route_tangent,61,8.333,2.000,61,508104.014,3881295.427,1.654718,0.000000,-0.000000,0.5600,0.000,0.007,TRACKING|w0 d0 L61
155.956845,129.088813666667,35.074423500000,508097.050,3881300.005,0.007,-2.236267,route_tangent,61,8.333,2.000,61,508104.014,3881295.427,1.654718,0.000000,-0.000000,0.5600,0.000,0.007,TRACKING|w0 d0 L61
156.006833,129.088813666667,35.074423500000,508097.050,3881300.005,0.007,-2.236267,route_tangent,61,8.333,2.000,61,508104.014,3881295.427,1.654718,0.000000,-0.000000,0.5600,0.000,0.007,TRACKING|w0 d0 L61
156.056717,129.088813666667,35.074423500000,508097.050,3881300.005,0.007,-2.236267,route_tangent,61,8.333,2.000,61,508104.014,3881295.427,1.654718,0.000000,-0.000000,0.5600,0.000,0.007,TRACKING|w0 d0 L61
156.106879,129.088813666667,35.074423500000,508097.050,3881300.005,0.007,-2.236267,route_tangent,61,8.333,2.000,61,508104.014,3881295.427,1.654718,0.000000,-0.000000,0.5600,0.000,0.007,TRACKING|w0 d0 L61
156.156740,129.088813666667,35.074423500000,508097.050,3881300.005,0.007,-2.236267,route_tangent,61,8.333,2.000,61,508104.014,3881295.427,1.654718,0.000000,-0.000000,0.5600,0.000,0.007,TRACKING|w0 d0 L61
156.206807,129.088813666667,35.074423500000,508097.050,3881300.005,0.007,-2.236267,route_tangent,61,8.333,2.000,61,508104.014,3881295.427,1.654718,0.000000,-0.000000,0.5600,0.000,0.007,TRACKING|w0 d0 L61
156.256738,129.088813666667,35.074423500000,508097.050,3881300.005,0.007,-2.236267,route_tangent,61,8.333,2.000,61,508104.014,3881295.427,1.654718,0.000000,-0.000000,0.5600,0.000,0.007,TRACKING|w0 d0 L61
156.308298,129.088813666667,35.074423500000,508097.050,3881300.005,0.007,-2.236267,route_tangent,61,8.333,2.000,61,508104.014,3881295.427,1.654718,0.000000,-0.000000,0.5600,0.000,0.007,TRACKING|w0 d0 L61
156.356744,129.088813666667,35.074423500000,508097.050,3881300.005,0.007,-2.236267,route_tangent,61,8.333,2.000,61,508104.014,3881295.427,1.654718,0.000000,-0.000000,0.5600,0.000,0.007,TRACKING|w0 d0 L61
156.406802,129.088813666667,35.074423500000,508097.050,3881300.005,0.007,-2.236267,route_tangent,61,8.333,2.000,61,508104.014,3881295.427,1.654718,0.000000,-0.000000,0.5600,0.000,0.007,TRACKING|w0 d0 L61
156.456706,129.088813666667,35.074423500000,508097.050,3881300.005,0.010,-2.236267,route_tangent,61,8.333,2.000,61,508104.014,3881295.427,1.654718,0.000000,-0.000000,0.5600,0.000,0.010,TRACKING|w0 d0 L61
156.506920,129.088813666667,35.074423500000,508097.050,3881300.005,0.010,-2.236267,route_tangent,61,8.333,2.000,61,508104.014,3881295.427,1.654718,0.000000,-0.000000,0.5600,0.000,0.010,TRACKING|w0 d0 L61
156.556790,129.088813666667,35.074423500000,508097.050,3881300.005,0.010,-2.236267,route_tangent,61,8.333,2.000,61,508104.014,3881295.427,1.654718,0.000000,-0.000000,0.5600,0.000,0.010,TRACKING|w0 d0 L61
156.606744,129.088813666667,35.074423500000,508097.050,3881300.005,0.010,-2.236267,route_tangent,61,8.333,2.000,61,508104.014,3881295.427,1.654718,0.000000,-0.000000,0.5600,0.000,0.010,TRACKING|w0 d0 L61
156.658445,129.088813666667,35.074423500000,508097.050,3881300.005,0.010,-2.236267,route_tangent,61,8.333,2.000,61,508104.014,3881295.427,1.654718,0.000000,-0.000000,0.5600,0.000,0.010,TRACKING|w0 d0 L61
156.706796,129.088813666667,35.074423500000,508097.050,3881300.005,0.007,-2.236267,route_tangent,61,8.333,2.000,61,508104.014,3881295.427,1.654718,0.000000,-0.000000,0.5600,0.000,0.007,TRACKING|w0 d0 L61
156.757280,129.088813666667,35.074423500000,508097.050,3881300.005,0.007,-2.236267,route_tangent,61,8.333,2.000,61,508104.014,3881295.427,1.654718,0.000000,-0.000000,0.5600,0.000,0.007,TRACKING|w0 d0 L61
156.806735,129.088813666667,35.074423500000,508097.050,3881300.005,0.007,-2.236267,route_tangent,61,8.333,2.000,61,508104.014,3881295.427,1.654718,0.000000,-0.000000,0.5600,0.000,0.007,TRACKING|w0 d0 L61
156.856838,129.088813666667,35.074423500000,508097.050,3881300.005,0.007,-2.236267,route_tangent,61,8.333,2.000,61,508104.014,3881295.427,1.654718,0.000000,-0.000000,0.5600,0.000,0.007,TRACKING|w0 d0 L61
156.907162,129.088813666667,35.074423500000,508097.050,3881300.005,0.007,-2.236267,route_tangent,61,8.333,2.000,61,508104.014,3881295.427,1.654718,0.000000,-0.000000,0.5600,0.000,0.007,TRACKING|w0 d0 L61
156.958224,129.088813666667,35.074423500000,508097.050,3881300.005,0.003,-2.236267,route_tangent,61,8.333,2.000,61,508104.014,3881295.427,1.654718,0.000000,-0.000000,0.5600,0.000,0.003,TRACKING|w0 d0 L61
157.006733,129.088813666667,35.074423500000,508097.050,3881300.005,0.003,-2.236267,route_tangent,61,8.333,2.000,61,508104.014,3881295.427,1.654718,0.000000,-0.000000,0.5600,0.000,0.003,TRACKING|w0 d0 L61
157.056796,129.088813666667,35.074423500000,508097.050,3881300.005,0.003,-2.236267,route_tangent,61,8.333,2.000,61,508104.014,3881295.427,1.654718,0.000000,-0.000000,0.5600,0.000,0.003,TRACKING|w0 d0 L61
157.107670,129.088813666667,35.074423500000,508097.050,3881300.005,0.003,-2.236267,route_tangent,61,8.333,2.000,61,508104.014,3881295.427,1.654718,0.000000,-0.000000,0.5600,0.000,0.003,TRACKING|w0 d0 L61
157.156752,129.088813666667,35.074423500000,508097.050,3881300.005,0.003,-2.236267,route_tangent,61,8.333,2.000,61,508104.014,3881295.427,1.654718,0.000000,-0.000000,0.5600,0.000,0.003,TRACKING|w0 d0 L61
157.206960,129.088813666667,35.074423500000,508097.050,3881300.005,0.003,-2.236267,route_tangent,61,8.333,2.000,61,508104.014,3881295.427,1.654718,0.000000,-0.000000,0.5600,0.000,0.003,TRACKING|w0 d0 L61
157.256708,129.088813666667,35.074423500000,508097.050,3881300.005,0.003,-2.236267,route_tangent,61,8.333,2.000,61,508104.014,3881295.427,1.654718,0.000000,-0.000000,0.5600,0.000,0.003,TRACKING|w0 d0 L61
157.306892,129.088813666667,35.074423500000,508097.050,3881300.005,0.003,-2.236267,route_tangent,61,8.333,2.000,61,508104.014,3881295.427,1.654718,0.000000,-0.000000,0.5600,0.000,0.003,TRACKING|w0 d0 L61
157.356794,129.088813666667,35.074423500000,508097.050,3881300.005,0.003,-2.236267,route_tangent,61,8.333,2.000,61,508104.014,3881295.427,1.654718,0.000000,-0.000000,0.5600,0.000,0.003,TRACKING|w0 d0 L61
157.407098,129.088813666667,35.074423500000,508097.050,3881300.005,0.003,-2.236267,route_tangent,61,8.333,2.000,61,508104.014,3881295.427,1.654718,0.000000,-0.000000,0.5600,0.000,0.003,TRACKING|w0 d0 L61
157.456892,129.088813666667,35.074423500000,508097.050,3881300.005,0.010,-2.236267,route_tangent,61,8.333,2.000,61,508104.014,3881295.427,1.654718,0.000000,-0.000000,0.5600,0.000,0.010,TRACKING|w0 d0 L61
157.506731,129.088813666667,35.074423500000,508097.050,3881300.005,0.010,-2.236267,route_tangent,61,8.333,2.000,61,508104.014,3881295.427,1.654718,0.000000,-0.000000,0.5600,0.000,0.010,TRACKING|w0 d0 L61
157.557333,129.088813666667,35.074423500000,508097.050,3881300.005,0.010,-2.236267,route_tangent,61,8.333,2.000,61,508104.014,3881295.427,1.654718,0.000000,-0.000000,0.5600,0.000,0.010,TRACKING|w0 d0 L61
157.606829,129.088813666667,35.074423500000,508097.050,3881300.005,0.010,-2.236267,route_tangent,61,8.333,2.000,61,508104.014,3881295.427,1.654718,0.000000,-0.000000,0.5600,0.000,0.010,TRACKING|w0 d0 L61
157.656718,129.088813666667,35.074423500000,508097.050,3881300.005,0.010,-2.236267,route_tangent,61,8.333,2.000,61,508104.014,3881295.427,1.654718,0.000000,-0.000000,0.5600,0.000,0.010,TRACKING|w0 d0 L61
157.706737,129.088813666667,35.074423500000,508097.050,3881300.005,0.011,-2.236267,route_tangent,61,8.333,2.000,61,508104.014,3881295.427,1.654718,0.000000,-0.000000,0.5600,0.000,0.011,TRACKING|w0 d0 L61
157.756900,129.088813666667,35.074423500000,508097.050,3881300.005,0.011,-2.236267,route_tangent,61,8.333,2.000,61,508104.014,3881295.427,1.654718,0.000000,-0.000000,0.5600,0.000,0.011,TRACKING|w0 d0 L61
157.806872,129.088813666667,35.074423500000,508097.050,3881300.005,0.011,-2.236267,route_tangent,61,8.333,2.000,61,508104.014,3881295.427,1.654718,0.000000,-0.000000,0.5600,0.000,0.011,TRACKING|w0 d0 L61
157.857118,129.088813666667,35.074423500000,508097.050,3881300.005,0.011,-2.236267,route_tangent,61,8.333,2.000,61,508104.014,3881295.427,1.654718,0.000000,-0.000000,0.5600,0.000,0.011,TRACKING|w0 d0 L61
157.906938,129.088813666667,35.074423500000,508097.050,3881300.005,0.011,-2.236267,route_tangent,61,8.333,2.000,61,508104.014,3881295.427,1.654718,0.000000,-0.000000,0.5600,0.000,0.011,TRACKING|w0 d0 L61
157.956730,129.088813666667,35.074423500000,508097.050,3881300.005,0.005,-2.236267,route_tangent,61,8.333,2.000,61,508104.014,3881295.427,1.654718,0.000000,-0.000000,0.5600,0.000,0.005,TRACKING|w0 d0 L61
158.006823,129.088813666667,35.074423500000,508097.050,3881300.005,0.005,-2.236267,route_tangent,61,8.333,2.000,61,508104.014,3881295.427,1.654718,0.000000,-0.000000,0.5600,0.000,0.005,TRACKING|w0 d0 L61
158.056738,129.088813666667,35.074423500000,508097.050,3881300.005,0.005,-2.236267,route_tangent,61,8.333,2.000,61,508104.014,3881295.427,1.654718,0.000000,-0.000000,0.5600,0.000,0.005,TRACKING|w0 d0 L61
158.106815,129.088813666667,35.074423500000,508097.050,3881300.005,0.005,-2.236267,route_tangent,61,8.333,2.000,61,508104.014,3881295.427,1.654718,0.000000,-0.000000,0.5600,0.000,0.005,TRACKING|w0 d0 L61
158.156747,129.088813666667,35.074423500000,508097.050,3881300.005,0.005,-2.236267,route_tangent,61,8.333,2.000,61,508104.014,3881295.427,1.654718,0.000000,-0.000000,0.5600,0.000,0.005,TRACKING|w0 d0 L61
158.206885,129.088813666667,35.074423500000,508097.050,3881300.005,0.012,-2.236267,route_tangent,61,8.333,2.000,61,508104.014,3881295.427,1.654718,0.000000,-0.000000,0.5600,0.000,0.012,TRACKING|w0 d0 L61
158.256889,129.088813666667,35.074423500000,508097.050,3881300.005,0.012,-2.236267,route_tangent,61,8.333,2.000,61,508104.014,3881295.427,1.654718,0.000000,-0.000000,0.5600,0.000,0.012,TRACKING|w0 d0 L61
158.306822,129.088813666667,35.074423500000,508097.050,3881300.005,0.012,-2.236267,route_tangent,61,8.333,2.000,61,508104.014,3881295.427,1.654718,0.000000,-0.000000,0.5600,0.000,0.012,TRACKING|w0 d0 L61
158.357043,129.088813666667,35.074423500000,508097.050,3881300.005,0.012,-2.236267,route_tangent,61,8.333,2.000,61,508104.014,3881295.427,1.654718,0.000000,-0.000000,0.5600,0.000,0.012,TRACKING|w0 d0 L61
158.406775,129.088813666667,35.074423500000,508097.050,3881300.005,0.012,-2.236267,route_tangent,61,8.333,2.000,61,508104.014,3881295.427,1.654718,0.000000,-0.000000,0.5600,0.000,0.012,TRACKING|w0 d0 L61
158.456746,129.088813666667,35.074423500000,508097.050,3881300.005,0.012,-2.236267,route_tangent,61,8.333,2.000,61,508104.014,3881295.427,1.654718,0.000000,-0.000000,0.5600,0.000,0.012,TRACKING|w0 d0 L61
158.506776,129.088813666667,35.074423500000,508097.050,3881300.005,0.012,-2.236267,route_tangent,61,8.333,2.000,61,508104.014,3881295.427,1.654718,0.000000,-0.000000,0.5600,0.000,0.012,TRACKING|w0 d0 L61
158.556748,129.088813666667,35.074423500000,508097.050,3881300.005,0.012,-2.236267,route_tangent,61,8.333,2.000,61,508104.014,3881295.427,1.654718,0.000000,-0.000000,0.5600,0.000,0.012,TRACKING|w0 d0 L61
158.606760,129.088813666667,35.074423500000,508097.050,3881300.005,0.012,-2.236267,route_tangent,61,8.333,2.000,61,508104.014,3881295.427,1.654718,0.000000,-0.000000,0.5600,0.000,0.012,TRACKING|w0 d0 L61
158.656742,129.088813666667,35.074423500000,508097.050,3881300.005,0.012,-2.236267,route_tangent,61,8.333,2.000,61,508104.014,3881295.427,1.654718,0.000000,-0.000000,0.5600,0.000,0.012,TRACKING|w0 d0 L61
158.707753,129.088813666667,35.074423500000,508097.050,3881300.005,0.012,-2.236267,route_tangent,61,8.333,2.000,61,508104.014,3881295.427,1.654718,0.000000,-0.000000,0.5600,0.000,0.012,TRACKING|w0 d0 L61
158.756783,129.088813666667,35.074423500000,508097.050,3881300.005,0.012,-2.236267,route_tangent,61,8.333,2.000,61,508104.014,3881295.427,1.654718,0.000000,-0.000000,0.5600,0.000,0.012,TRACKING|w0 d0 L61
158.806716,129.088813666667,35.074423500000,508097.050,3881300.005,0.012,-2.236267,route_tangent,61,8.333,2.000,61,508104.014,3881295.427,1.654718,0.000000,-0.000000,0.5600,0.000,0.012,TRACKING|w0 d0 L61
158.856708,129.088813666667,35.074423500000,508097.050,3881300.005,0.012,-2.236267,route_tangent,61,8.333,2.000,61,508104.014,3881295.427,1.654718,0.000000,-0.000000,0.5600,0.000,0.012,TRACKING|w0 d0 L61
158.906857,129.088813666667,35.074423500000,508097.050,3881300.005,0.012,-2.236267,route_tangent,61,8.333,2.000,61,508104.014,3881295.427,1.654718,0.000000,-0.000000,0.5600,0.000,0.012,TRACKING|w0 d0 L61
158.956759,129.088813666667,35.074423500000,508097.050,3881300.005,0.012,-2.236267,route_tangent,61,8.333,2.000,61,508104.014,3881295.427,1.654718,0.000000,-0.000000,0.5600,0.000,0.012,TRACKING|w0 d0 L61
159.007374,129.088813666667,35.074423500000,508097.050,3881300.005,0.012,-2.236267,route_tangent,61,8.333,2.000,61,508104.014,3881295.427,1.654718,0.000000,-0.000000,0.5600,0.000,0.012,TRACKING|w0 d0 L61
159.057039,129.088813666667,35.074423500000,508097.050,3881300.005,0.012,-2.236267,route_tangent,61,8.333,2.000,61,508104.014,3881295.427,1.654718,0.000000,-0.000000,0.5600,0.000,0.012,TRACKING|w0 d0 L61
159.106779,129.088813666667,35.074423500000,508097.050,3881300.005,0.012,-2.236267,route_tangent,61,8.333,2.000,61,508104.014,3881295.427,1.654718,0.000000,-0.000000,0.5600,0.000,0.012,TRACKING|w0 d0 L61
159.156775,129.088813666667,35.074423500000,508097.050,3881300.005,0.012,-2.236267,route_tangent,61,8.333,2.000,61,508104.014,3881295.427,1.654718,0.000000,-0.000000,0.5600,0.000,0.012,TRACKING|w0 d0 L61
159.206767,129.088813666667,35.074423500000,508097.050,3881300.005,0.016,-2.236267,route_tangent,61,8.333,2.000,61,508104.014,3881295.427,1.654718,0.000000,-0.000000,0.5600,0.000,0.016,TRACKING|w0 d0 L61
159.256723,129.088813666667,35.074423500000,508097.050,3881300.005,0.016,-2.236267,route_tangent,61,8.333,2.000,61,508104.014,3881295.427,1.654718,0.000000,-0.000000,0.5600,0.000,0.016,TRACKING|w0 d0 L61
159.306728,129.088813666667,35.074423500000,508097.050,3881300.005,0.016,-2.236267,route_tangent,61,8.333,2.000,61,508104.014,3881295.427,1.654718,0.000000,-0.000000,0.5600,0.000,0.016,TRACKING|w0 d0 L61
159.356864,129.088813666667,35.074423500000,508097.050,3881300.005,0.016,-2.236267,route_tangent,61,8.333,2.000,61,508104.014,3881295.427,1.654718,0.000000,-0.000000,0.5600,0.000,0.016,TRACKING|w0 d0 L61
159.406910,129.088813666667,35.074423500000,508097.050,3881300.005,0.016,-2.236267,route_tangent,61,8.333,2.000,61,508104.014,3881295.427,1.654718,0.000000,-0.000000,0.5600,0.000,0.016,TRACKING|w0 d0 L61
159.456748,129.088813666667,35.074423500000,508097.050,3881300.005,0.001,-2.236267,route_tangent,61,8.333,2.000,61,508104.014,3881295.427,1.654718,0.000000,-0.000000,0.5600,0.000,0.001,TRACKING|w0 d0 L61
159.507124,129.088813666667,35.074423500000,508097.050,3881300.005,0.001,-2.236267,route_tangent,61,8.333,2.000,61,508104.014,3881295.427,1.654718,0.000000,-0.000000,0.5600,0.000,0.001,TRACKING|w0 d0 L61
159.556739,129.088813666667,35.074423500000,508097.050,3881300.005,0.001,-2.236267,route_tangent,61,8.333,2.000,61,508104.014,3881295.427,1.654718,0.000000,-0.000000,0.5600,0.000,0.001,TRACKING|w0 d0 L61
159.606822,129.088813666667,35.074423500000,508097.050,3881300.005,0.001,-2.236267,route_tangent,61,8.333,2.000,61,508104.014,3881295.427,1.654718,0.000000,-0.000000,0.5600,0.000,0.001,TRACKING|w0 d0 L61
159.656808,129.088813666667,35.074423500000,508097.050,3881300.005,0.001,-2.236267,route_tangent,61,8.333,2.000,61,508104.014,3881295.427,1.654718,0.000000,-0.000000,0.5600,0.000,0.001,TRACKING|w0 d0 L61
159.706769,129.088813666667,35.074423500000,508097.050,3881300.005,0.013,-2.236267,route_tangent,61,8.333,2.000,61,508104.014,3881295.427,1.654718,0.000000,-0.000000,0.5600,0.000,0.013,TRACKING|w0 d0 L61
159.756874,129.088813666667,35.074423500000,508097.050,3881300.005,0.013,-2.236267,route_tangent,61,8.333,2.000,61,508104.014,3881295.427,1.654718,0.000000,-0.000000,0.5600,0.000,0.013,TRACKING|w0 d0 L61
159.806872,129.088813666667,35.074423500000,508097.050,3881300.005,0.013,-2.236267,route_tangent,61,8.333,2.000,61,508104.014,3881295.427,1.654718,0.000000,-0.000000,0.5600,0.000,0.013,TRACKING|w0 d0 L61
159.856977,129.088813666667,35.074423500000,508097.050,3881300.005,0.013,-2.236267,route_tangent,61,8.333,2.000,61,508104.014,3881295.427,1.654718,0.000000,-0.000000,0.5600,0.000,0.013,TRACKING|w0 d0 L61
159.906737,129.088813666667,35.074423500000,508097.050,3881300.005,0.013,-2.236267,route_tangent,61,8.333,2.000,61,508104.014,3881295.427,1.654718,0.000000,-0.000000,0.5600,0.000,0.013,TRACKING|w0 d0 L61
159.957697,129.088813666667,35.074423500000,508097.050,3881300.005,0.016,-2.236267,route_tangent,61,8.333,2.000,61,508104.014,3881295.427,1.654718,0.000000,-0.000000,0.5600,0.000,0.016,TRACKING|w0 d0 L61
160.006823,129.088813666667,35.074423500000,508097.050,3881300.005,0.016,-2.236267,route_tangent,61,8.333,2.000,61,508104.014,3881295.427,1.654718,0.000000,-0.000000,0.5600,0.000,0.016,TRACKING|w0 d0 L61
160.056758,129.088813666667,35.074423500000,508097.050,3881300.005,0.016,-2.236267,route_tangent,61,8.333,2.000,61,508104.014,3881295.427,1.654718,0.000000,-0.000000,0.5600,0.000,0.016,TRACKING|w0 d0 L61
160.106819,129.088813666667,35.074423500000,508097.050,3881300.005,0.016,-2.236267,route_tangent,61,8.333,2.000,61,508104.014,3881295.427,1.654718,0.000000,-0.000000,0.5600,0.000,0.016,TRACKING|w0 d0 L61
160.156767,129.088813666667,35.074423500000,508097.050,3881300.005,0.016,-2.236267,route_tangent,61,8.333,2.000,61,508104.014,3881295.427,1.654718,0.000000,-0.000000,0.5600,0.000,0.016,TRACKING|w0 d0 L61
160.206838,129.088813666667,35.074423333333,508097.050,3881299.986,0.019,-2.236267,route_tangent,61,8.323,2.000,61,508104.014,3881295.427,1.656572,0.000000,-0.000000,0.5600,0.000,0.019,TRACKING|w0 d0 L61
160.256844,129.088813666667,35.074423333333,508097.050,3881299.986,0.019,-2.236267,route_tangent,61,8.323,2.000,61,508104.014,3881295.427,1.656572,0.000000,-0.000000,0.5600,0.000,0.019,TRACKING|w0 d0 L61
160.306812,129.088813666667,35.074423333333,508097.050,3881299.986,0.019,-2.236267,route_tangent,61,8.323,2.000,61,508104.014,3881295.427,1.656572,0.000000,-0.000000,0.5600,0.000,0.019,TRACKING|w0 d0 L61
160.356687,129.088813666667,35.074423333333,508097.050,3881299.986,0.019,-2.236267,route_tangent,61,8.323,2.000,61,508104.014,3881295.427,1.656572,0.000000,-0.000000,0.5600,0.000,0.019,TRACKING|w0 d0 L61
160.406791,129.088813666667,35.074423333333,508097.050,3881299.986,0.019,-2.236267,route_tangent,61,8.323,2.000,61,508104.014,3881295.427,1.656572,0.000000,-0.000000,0.5600,0.000,0.019,TRACKING|w0 d0 L61
160.456752,129.088813666667,35.074423333333,508097.050,3881299.986,0.019,-2.236267,route_tangent,61,8.323,2.000,61,508104.014,3881295.427,1.656572,0.000000,-0.000000,0.5600,0.000,0.019,TRACKING|w0 d0 L61
160.506755,129.088813666667,35.074423333333,508097.050,3881299.986,0.019,-2.236267,route_tangent,61,8.323,2.000,61,508104.014,3881295.427,1.656572,0.000000,-0.000000,0.5600,0.000,0.019,TRACKING|w0 d0 L61
160.556733,129.088813666667,35.074423333333,508097.050,3881299.986,0.019,-2.236267,route_tangent,61,8.323,2.000,61,508104.014,3881295.427,1.656572,0.000000,-0.000000,0.5600,0.000,0.019,TRACKING|w0 d0 L61
160.607766,129.088813666667,35.074423333333,508097.050,3881299.986,0.019,-2.236267,route_tangent,61,8.323,2.000,61,508104.014,3881295.427,1.656572,0.000000,-0.000000,0.5600,0.000,0.019,TRACKING|w0 d0 L61
160.656863,129.088813666667,35.074423333333,508097.050,3881299.986,0.019,-2.236267,route_tangent,61,8.323,2.000,61,508104.014,3881295.427,1.656572,0.000000,-0.000000,0.5600,0.000,0.019,TRACKING|w0 d0 L61
160.706740,129.088813666667,35.074423333333,508097.050,3881299.986,0.019,-2.236267,route_tangent,61,8.323,2.000,61,508104.014,3881295.427,1.656572,0.000000,-0.000000,0.5600,0.000,0.019,TRACKING|w0 d0 L61
160.756821,129.088813666667,35.074423333333,508097.050,3881299.986,0.019,-2.236267,route_tangent,61,8.323,2.000,61,508104.014,3881295.427,1.656572,0.000000,-0.000000,0.5600,0.000,0.019,TRACKING|w0 d0 L61
160.806756,129.088813666667,35.074423333333,508097.050,3881299.986,0.019,-2.236267,route_tangent,61,8.323,2.000,61,508104.014,3881295.427,1.656572,0.000000,-0.000000,0.5600,0.000,0.019,TRACKING|w0 d0 L61
160.856737,129.088813666667,35.074423333333,508097.050,3881299.986,0.019,-2.236267,route_tangent,61,8.323,2.000,61,508104.014,3881295.427,1.656572,0.000000,-0.000000,0.5600,0.000,0.019,TRACKING|w0 d0 L61
160.906949,129.088813666667,35.074423333333,508097.050,3881299.986,0.019,-2.236267,route_tangent,61,8.323,2.000,61,508104.014,3881295.427,1.656572,0.000000,-0.000000,0.5600,0.000,0.019,TRACKING|w0 d0 L61
160.957690,129.088813666667,35.074423333333,508097.050,3881299.986,0.004,-2.236267,route_tangent,61,8.323,2.000,61,508104.014,3881295.427,1.656572,0.000000,-0.000000,0.5600,0.000,0.004,TRACKING|w0 d0 L61
161.006868,129.088813666667,35.074423333333,508097.050,3881299.986,0.004,-2.236267,route_tangent,61,8.323,2.000,61,508104.014,3881295.427,1.656572,0.000000,-0.000000,0.5600,0.000,0.004,TRACKING|w0 d0 L61
161.056873,129.088813666667,35.074423333333,508097.050,3881299.986,0.004,-2.236267,route_tangent,61,8.323,2.000,61,508104.014,3881295.427,1.656572,0.000000,-0.000000,0.5600,0.000,0.004,TRACKING|w0 d0 L61
161.106758,129.088813666667,35.074423333333,508097.050,3881299.986,0.004,-2.236267,route_tangent,61,8.323,2.000,61,508104.014,3881295.427,1.656572,0.000000,-0.000000,0.5600,0.000,0.004,TRACKING|w0 d0 L61
161.156721,129.088813666667,35.074423333333,508097.050,3881299.986,0.004,-2.236267,route_tangent,61,8.323,2.000,61,508104.014,3881295.427,1.656572,0.000000,-0.000000,0.5600,0.000,0.004,TRACKING|w0 d0 L61
238.207377,129.088813500000,35.074423333333,508097.035,3881299.986,0.012,-2.236267,route_tangent,61,8.336,2.000,61,508104.014,3881295.427,1.657572,0.000000,0.000000,0.5600,0.000,0.012,TRACKING|w0 d0 L61
238.257059,129.088813500000,35.074423333333,508097.035,3881299.986,0.012,-2.236267,route_tangent,61,8.336,2.000,61,508104.014,3881295.427,1.657572,0.000000,0.000000,0.5600,0.000,0.012,TRACKING|w0 d0 L61
238.306910,129.088813500000,35.074423333333,508097.035,3881299.986,0.012,-2.236267,route_tangent,61,8.336,2.000,61,508104.014,3881295.427,1.657572,0.000000,0.000000,0.5600,0.000,0.012,TRACKING|w0 d0 L61
238.357604,129.088813500000,35.074423333333,508097.035,3881299.986,0.012,-2.236267,route_tangent,61,8.336,2.000,61,508104.014,3881295.427,1.657572,0.000000,0.000000,0.5600,0.000,0.012,TRACKING|w0 d0 L61
238.406739,129.088813500000,35.074423333333,508097.035,3881299.986,0.012,-2.236267,route_tangent,61,8.336,2.000,61,508104.014,3881295.427,1.657572,0.000000,0.000000,0.5600,0.000,0.012,TRACKING|w0 d0 L61
238.456734,129.088813500000,35.074423333333,508097.035,3881299.986,0.010,-2.236267,route_tangent,61,8.336,2.000,61,508104.014,3881295.427,1.657572,0.000000,0.000000,0.5600,0.000,0.010,TRACKING|w0 d0 L61
238.506793,129.088813500000,35.074423333333,508097.035,3881299.986,0.010,-2.236267,route_tangent,61,8.336,2.000,61,508104.014,3881295.427,1.657572,0.000000,0.000000,0.5600,0.000,0.010,TRACKING|w0 d0 L61
238.557775,129.088813500000,35.074423333333,508097.035,3881299.986,0.010,-2.236267,route_tangent,61,8.336,2.000,61,508104.014,3881295.427,1.657572,0.000000,0.000000,0.5600,0.000,0.010,TRACKING|w0 d0 L61
238.606756,129.088813500000,35.074423333333,508097.035,3881299.986,0.010,-2.236267,route_tangent,61,8.336,2.000,61,508104.014,3881295.427,1.657572,0.000000,0.000000,0.5600,0.000,0.010,TRACKING|w0 d0 L61
238.656918,129.088813500000,35.074423333333,508097.035,3881299.986,0.010,-2.236267,route_tangent,61,8.336,2.000,61,508104.014,3881295.427,1.657572,0.000000,0.000000,0.5600,0.000,0.010,TRACKING|w0 d0 L61
238.707306,129.088813500000,35.074423333333,508097.035,3881299.986,0.018,-2.236267,route_tangent,61,8.336,2.000,61,508104.014,3881295.427,1.657572,0.000000,0.000000,0.5600,0.000,0.018,TRACKING|w0 d0 L61
238.756762,129.088813500000,35.074423333333,508097.035,3881299.986,0.018,-2.236267,route_tangent,61,8.336,2.000,61,508104.014,3881295.427,1.657572,0.000000,0.000000,0.5600,0.000,0.018,TRACKING|w0 d0 L61
238.807086,129.088813500000,35.074423333333,508097.035,3881299.986,0.018,-2.236267,route_tangent,61,8.336,2.000,61,508104.014,3881295.427,1.657572,0.000000,0.000000,0.5600,0.000,0.018,TRACKING|w0 d0 L61
238.856758,129.088813500000,35.074423333333,508097.035,3881299.986,0.018,-2.236267,route_tangent,61,8.336,2.000,61,508104.014,3881295.427,1.657572,0.000000,0.000000,0.5600,0.000,0.018,TRACKING|w0 d0 L61
238.906905,129.088813500000,35.074423333333,508097.035,3881299.986,0.018,-2.236267,route_tangent,61,8.336,2.000,61,508104.014,3881295.427,1.657572,0.000000,0.000000,0.5600,0.000,0.018,TRACKING|w0 d0 L61
238.956731,129.088813500000,35.074423333333,508097.035,3881299.986,0.011,-2.236267,route_tangent,61,8.336,2.000,61,508104.014,3881295.427,1.657572,0.000000,0.000000,0.5600,0.000,0.011,TRACKING|w0 d0 L61
239.007623,129.088813500000,35.074423333333,508097.035,3881299.986,0.011,-2.236267,route_tangent,61,8.336,2.000,61,508104.014,3881295.427,1.657572,0.000000,0.000000,0.5600,0.000,0.011,TRACKING|w0 d0 L61
239.058048,129.088813500000,35.074423333333,508097.035,3881299.986,0.011,-2.236267,route_tangent,61,8.336,2.000,61,508104.014,3881295.427,1.657572,0.000000,0.000000,0.5600,0.000,0.011,TRACKING|w0 d0 L61
239.106753,129.088813500000,35.074423333333,508097.035,3881299.986,0.011,-2.236267,route_tangent,61,8.336,2.000,61,508104.014,3881295.427,1.657572,0.000000,0.000000,0.5600,0.000,0.011,TRACKING|w0 d0 L61
239.157032,129.088813500000,35.074423333333,508097.035,3881299.986,0.011,-2.236267,route_tangent,61,8.336,2.000,61,508104.014,3881295.427,1.657572,0.000000,0.000000,0.5600,0.000,0.011,TRACKING|w0 d0 L61
239.206715,129.088813500000,35.074423333333,508097.035,3881299.986,0.009,-2.236267,route_tangent,61,8.336,2.000,61,508104.014,3881295.427,1.657572,0.000000,0.000000,0.5600,0.000,0.009,TRACKING|w0 d0 L61
239.256753,129.088813500000,35.074423333333,508097.035,3881299.986,0.009,-2.236267,route_tangent,61,8.336,2.000,61,508104.014,3881295.427,1.657572,0.000000,0.000000,0.5600,0.000,0.009,TRACKING|w0 d0 L61
239.307084,129.088813500000,35.074423333333,508097.035,3881299.986,0.009,-2.236267,route_tangent,61,8.336,2.000,61,508104.014,3881295.427,1.657572,0.000000,0.000000,0.5600,0.000,0.009,TRACKING|w0 d0 L61
239.356783,129.088813500000,35.074423333333,508097.035,3881299.986,0.009,-2.236267,route_tangent,61,8.336,2.000,61,508104.014,3881295.427,1.657572,0.000000,0.000000,0.5600,0.000,0.009,TRACKING|w0 d0 L61
239.406753,129.088813500000,35.074423333333,508097.035,3881299.986,0.009,-2.236267,route_tangent,61,8.336,2.000,61,508104.014,3881295.427,1.657572,0.000000,0.000000,0.5600,0.000,0.009,TRACKING|w0 d0 L61
239.456693,129.088813500000,35.074423333333,508097.035,3881299.986,0.010,-2.236267,route_tangent,61,8.336,2.000,61,508104.014,3881295.427,1.657572,0.000000,0.000000,0.5600,0.000,0.010,TRACKING|w0 d0 L61
239.508503,129.088813500000,35.074423333333,508097.035,3881299.986,0.010,-2.236267,route_tangent,61,8.336,2.000,61,508104.014,3881295.427,1.657572,0.000000,0.000000,0.5600,0.000,0.010,TRACKING|w0 d0 L61
239.556759,129.088813500000,35.074423333333,508097.035,3881299.986,0.010,-2.236267,route_tangent,61,8.336,2.000,61,508104.014,3881295.427,1.657572,0.000000,0.000000,0.5600,0.000,0.010,TRACKING|w0 d0 L61
239.606752,129.088813500000,35.074423333333,508097.035,3881299.986,0.010,-2.236267,route_tangent,61,8.336,2.000,61,508104.014,3881295.427,1.657572,0.000000,0.000000,0.5600,0.000,0.010,TRACKING|w0 d0 L61
239.656740,129.088813500000,35.074423333333,508097.035,3881299.986,0.010,-2.236267,route_tangent,61,8.336,2.000,61,508104.014,3881295.427,1.657572,0.000000,0.000000,0.5600,0.000,0.010,TRACKING|w0 d0 L61
239.706786,129.088813500000,35.074423333333,508097.035,3881299.986,0.009,-2.236267,route_tangent,61,8.336,2.000,61,508104.014,3881295.427,1.657572,0.000000,0.000000,0.5600,0.000,0.009,TRACKING|w0 d0 L61
239.756888,129.088813500000,35.074423333333,508097.035,3881299.986,0.009,-2.236267,route_tangent,61,8.336,2.000,61,508104.014,3881295.427,1.657572,0.000000,0.000000,0.5600,0.000,0.009,TRACKING|w0 d0 L61
239.807303,129.088813500000,35.074423333333,508097.035,3881299.986,0.009,-2.236267,route_tangent,61,8.336,2.000,61,508104.014,3881295.427,1.657572,0.000000,0.000000,0.5600,0.000,0.009,TRACKING|w0 d0 L61
239.856813,129.088813500000,35.074423333333,508097.035,3881299.986,0.009,-2.236267,route_tangent,61,8.336,2.000,61,508104.014,3881295.427,1.657572,0.000000,0.000000,0.5600,0.000,0.009,TRACKING|w0 d0 L61
239.906741,129.088813500000,35.074423333333,508097.035,3881299.986,0.009,-2.236267,route_tangent,61,8.336,2.000,61,508104.014,3881295.427,1.657572,0.000000,0.000000,0.5600,0.000,0.009,TRACKING|w0 d0 L61
239.958370,129.088813500000,35.074423333333,508097.035,3881299.986,0.019,-2.236267,route_tangent,61,8.336,2.000,61,508104.014,3881295.427,1.657572,0.000000,0.000000,0.5600,0.000,0.019,TRACKING|w0 d0 L61
240.006736,129.088813500000,35.074423333333,508097.035,3881299.986,0.019,-2.236267,route_tangent,61,8.336,2.000,61,508104.014,3881295.427,1.657572,0.000000,0.000000,0.5600,0.000,0.019,TRACKING|w0 d0 L61
240.056762,129.088813500000,35.074423333333,508097.035,3881299.986,0.019,-2.236267,route_tangent,61,8.336,2.000,61,508104.014,3881295.427,1.657572,0.000000,0.000000,0.5600,0.000,0.019,TRACKING|w0 d0 L61
240.106862,129.088813500000,35.074423333333,508097.035,3881299.986,0.019,-2.236267,route_tangent,61,8.336,2.000,61,508104.014,3881295.427,1.657572,0.000000,0.000000,0.5600,0.000,0.019,TRACKING|w0 d0 L61
240.157338,129.088813500000,35.074423333333,508097.035,3881299.986,0.019,-2.236267,route_tangent,61,8.336,2.000,61,508104.014,3881295.427,1.657572,0.000000,0.000000,0.5600,0.000,0.019,TRACKING|w0 d0 L61
240.206836,129.088813500000,35.074423333333,508097.035,3881299.986,0.007,-2.236267,route_tangent,61,8.336,2.000,61,508104.014,3881295.427,1.657572,0.000000,0.000000,0.5600,0.000,0.007,TRACKING|w0 d0 L61
240.257564,129.088813500000,35.074423333333,508097.035,3881299.986,0.007,-2.236267,route_tangent,61,8.336,2.000,61,508104.014,3881295.427,1.657572,0.000000,0.000000,0.5600,0.000,0.007,TRACKING|w0 d0 L61
240.310117,129.088813500000,35.074423333333,508097.035,3881299.986,0.007,-2.236267,route_tangent,61,8.336,2.000,61,508104.014,3881295.427,1.657572,0.000000,0.000000,0.5600,0.000,0.007,TRACKING|w0 d0 L61
240.356855,129.088813500000,35.074423333333,508097.035,3881299.986,0.007,-2.236267,route_tangent,61,8.336,2.000,61,508104.014,3881295.427,1.657572,0.000000,0.000000,0.5600,0.000,0.007,TRACKING|w0 d0 L61
240.406875,129.088813500000,35.074423333333,508097.035,3881299.986,0.007,-2.236267,route_tangent,61,8.336,2.000,61,508104.014,3881295.427,1.657572,0.000000,0.000000,0.5600,0.000,0.007,TRACKING|w0 d0 L61
240.456712,129.088813333333,35.074423333333,508097.020,3881299.986,0.003,-2.236267,route_tangent,61,8.348,2.000,61,508104.014,3881295.427,1.658569,0.000000,0.000000,0.5600,0.000,0.003,TRACKING|w0 d0 L61
240.506804,129.088813333333,35.074423333333,508097.020,3881299.986,0.003,-2.236267,route_tangent,61,8.348,2.000,61,508104.014,3881295.427,1.658569,0.000000,0.000000,0.5600,0.000,0.003,TRACKING|w0 d0 L61
240.556738,129.088813333333,35.074423333333,508097.020,3881299.986,0.003,-2.236267,route_tangent,61,8.348,2.000,61,508104.014,3881295.427,1.658569,0.000000,0.000000,0.5600,0.000,0.003,TRACKING|w0 d0 L61
240.607857,129.088813333333,35.074423333333,508097.020,3881299.986,0.003,-2.236267,route_tangent,61,8.348,2.000,61,508104.014,3881295.427,1.658569,0.000000,0.000000,0.5600,0.000,0.003,TRACKING|w0 d0 L61
240.656897,129.088813333333,35.074423333333,508097.020,3881299.986,0.003,-2.236267,route_tangent,61,8.348,2.000,61,508104.014,3881295.427,1.658569,0.000000,0.000000,0.5600,0.000,0.003,TRACKING|w0 d0 L61
240.706927,129.088813500000,35.074423333333,508097.035,3881299.986,0.007,-2.236267,route_tangent,61,8.336,2.000,61,508104.014,3881295.427,1.657572,0.000000,0.000000,0.5600,0.000,0.007,TRACKING|w0 d0 L61
240.756897,129.088813500000,35.074423333333,508097.035,3881299.986,0.007,-2.236267,route_tangent,61,8.336,2.000,61,508104.014,3881295.427,1.657572,0.000000,0.000000,0.5600,0.000,0.007,TRACKING|w0 d0 L61
240.806827,129.088813500000,35.074423333333,508097.035,3881299.986,0.007,-2.236267,route_tangent,61,8.336,2.000,61,508104.014,3881295.427,1.657572,0.000000,0.000000,0.5600,0.000,0.007,TRACKING|w0 d0 L61
240.856758,129.088813500000,35.074423333333,508097.035,3881299.986,0.007,-2.236267,route_tangent,61,8.336,2.000,61,508104.014,3881295.427,1.657572,0.000000,0.000000,0.5600,0.000,0.007,TRACKING|w0 d0 L61
240.906990,129.088813500000,35.074423333333,508097.035,3881299.986,0.007,-2.236267,route_tangent,61,8.336,2.000,61,508104.014,3881295.427,1.657572,0.000000,0.000000,0.5600,0.000,0.007,TRACKING|w0 d0 L61
240.956754,129.088813333333,35.074423500000,508097.020,3881300.005,0.007,-2.236267,route_tangent,61,8.359,2.000,61,508104.014,3881295.427,1.656718,0.000000,0.000000,0.5600,0.000,0.007,TRACKING|w0 d0 L61
241.006956,129.088813333333,35.074423500000,508097.020,3881300.005,0.007,-2.236267,route_tangent,61,8.359,2.000,61,508104.014,3881295.427,1.656718,0.000000,0.000000,0.5600,0.000,0.007,TRACKING|w0 d0 L61
241.056855,129.088813333333,35.074423500000,508097.020,3881300.005,0.007,-2.236267,route_tangent,61,8.359,2.000,61,508104.014,3881295.427,1.656718,0.000000,0.000000,0.5600,0.000,0.007,TRACKING|w0 d0 L61
241.107035,129.088813333333,35.074423500000,508097.020,3881300.005,0.007,-2.236267,route_tangent,61,8.359,2.000,61,508104.014,3881295.427,1.656718,0.000000,0.000000,0.5600,0.000,0.007,TRACKING|w0 d0 L61
241.156735,129.088813333333,35.074423500000,508097.020,3881300.005,0.007,-2.236267,route_tangent,61,8.359,2.000,61,508104.014,3881295.427,1.656718,0.000000,0.000000,0.5600,0.000,0.007,TRACKING|w0 d0 L61
241.206808,129.088813500000,35.074423333333,508097.035,3881299.986,0.011,-2.236267,route_tangent,61,8.336,2.000,61,508104.014,3881295.427,1.657572,0.000000,0.000000,0.5600,0.000,0.011,TRACKING|w0 d0 L61
241.256749,129.088813500000,35.074423333333,508097.035,3881299.986,0.011,-2.236267,route_tangent,61,8.336,2.000,61,508104.014,3881295.427,1.657572,0.000000,0.000000,0.5600,0.000,0.011,TRACKING|w0 d0 L61
241.307006,129.088813500000,35.074423333333,508097.035,3881299.986,0.011,-2.236267,route_tangent,61,8.336,2.000,61,508104.014,3881295.427,1.657572,0.000000,0.000000,0.5600,0.000,0.011,TRACKING|w0 d0 L61
241.356834,129.088813500000,35.074423333333,508097.035,3881299.986,0.011,-2.236267,route_tangent,61,8.336,2.000,61,508104.014,3881295.427,1.657572,0.000000,0.000000,0.5600,0.000,0.011,TRACKING|w0 d0 L61
241.406899,129.088813500000,35.074423333333,508097.035,3881299.986,0.011,-2.236267,route_tangent,61,8.336,2.000,61,508104.014,3881295.427,1.657572,0.000000,0.000000,0.5600,0.000,0.011,TRACKING|w0 d0 L61
241.458239,129.088813500000,35.074423333333,508097.035,3881299.986,0.021,-2.236267,route_tangent,61,8.336,2.000,61,508104.014,3881295.427,1.657572,0.000000,0.000000,0.5600,0.000,0.021,TRACKING|w0 d0 L61
241.506952,129.088813500000,35.074423333333,508097.035,3881299.986,0.021,-2.236267,route_tangent,61,8.336,2.000,61,508104.014,3881295.427,1.657572,0.000000,0.000000,0.5600,0.000,0.021,TRACKING|w0 d0 L61
241.556796,129.088813500000,35.074423333333,508097.035,3881299.986,0.021,-2.236267,route_tangent,61,8.336,2.000,61,508104.014,3881295.427,1.657572,0.000000,0.000000,0.5600,0.000,0.021,TRACKING|w0 d0 L61
241.606773,129.088813500000,35.074423333333,508097.035,3881299.986,0.021,-2.236267,route_tangent,61,8.336,2.000,61,508104.014,3881295.427,1.657572,0.000000,0.000000,0.5600,0.000,0.021,TRACKING|w0 d0 L61
241.656726,129.088813500000,35.074423333333,508097.035,3881299.986,0.021,-2.236267,route_tangent,61,8.336,2.000,61,508104.014,3881295.427,1.657572,0.000000,0.000000,0.5600,0.000,0.021,TRACKING|w0 d0 L61
241.706799,129.088813500000,35.074423333333,508097.035,3881299.986,0.023,-2.236267,route_tangent,61,8.336,2.000,61,508104.014,3881295.427,1.657572,0.000000,0.000000,0.5600,0.000,0.023,TRACKING|w0 d0 L61
241.756809,129.088813500000,35.074423333333,508097.035,3881299.986,0.023,-2.236267,route_tangent,61,8.336,2.000,61,508104.014,3881295.427,1.657572,0.000000,0.000000,0.5600,0.000,0.023,TRACKING|w0 d0 L61
241.806730,129.088813500000,35.074423333333,508097.035,3881299.986,0.023,-2.236267,route_tangent,61,8.336,2.000,61,508104.014,3881295.427,1.657572,0.000000,0.000000,0.5600,0.000,0.023,TRACKING|w0 d0 L61
241.856700,129.088813500000,35.074423333333,508097.035,3881299.986,0.023,-2.236267,route_tangent,61,8.336,2.000,61,508104.014,3881295.427,1.657572,0.000000,0.000000,0.5600,0.000,0.023,TRACKING|w0 d0 L61
241.908147,129.088813500000,35.074423333333,508097.035,3881299.986,0.023,-2.236267,route_tangent,61,8.336,2.000,61,508104.014,3881295.427,1.657572,0.000000,0.000000,0.5600,0.000,0.023,TRACKING|w0 d0 L61
241.956694,129.088813333333,35.074423333333,508097.020,3881299.986,0.014,-2.236267,route_tangent,61,8.348,2.000,61,508104.014,3881295.427,1.658569,0.000000,0.000000,0.5600,0.000,0.014,TRACKING|w0 d0 L61
242.006811,129.088813333333,35.074423333333,508097.020,3881299.986,0.014,-2.236267,route_tangent,61,8.348,2.000,61,508104.014,3881295.427,1.658569,0.000000,0.000000,0.5600,0.000,0.014,TRACKING|w0 d0 L61
242.056787,129.088813333333,35.074423333333,508097.020,3881299.986,0.014,-2.236267,route_tangent,61,8.348,2.000,61,508104.014,3881295.427,1.658569,0.000000,0.000000,0.5600,0.000,0.014,TRACKING|w0 d0 L61
242.107040,129.088813333333,35.074423333333,508097.020,3881299.986,0.014,-2.236267,route_tangent,61,8.348,2.000,61,508104.014,3881295.427,1.658569,0.000000,0.000000,0.5600,0.000,0.014,TRACKING|w0 d0 L61
242.156779,129.088813333333,35.074423333333,508097.020,3881299.986,0.014,-2.236267,route_tangent,61,8.348,2.000,61,508104.014,3881295.427,1.658569,0.000000,0.000000,0.5600,0.000,0.014,TRACKING|w0 d0 L61
242.206817,129.088813500000,35.074423333333,508097.035,3881299.986,0.019,-2.236267,route_tangent,61,8.336,2.000,61,508104.014,3881295.427,1.657572,0.000000,0.000000,0.5600,0.000,0.019,TRACKING|w0 d0 L61
242.256838,129.088813500000,35.074423333333,508097.035,3881299.986,0.019,-2.236267,route_tangent,61,8.336,2.000,61,508104.014,3881295.427,1.657572,0.000000,0.000000,0.5600,0.000,0.019,TRACKING|w0 d0 L61
242.306853,129.088813500000,35.074423333333,508097.035,3881299.986,0.019,-2.236267,route_tangent,61,8.336,2.000,61,508104.014,3881295.427,1.657572,0.000000,0.000000,0.5600,0.000,0.019,TRACKING|w0 d0 L61
242.356817,129.088813500000,35.074423333333,508097.035,3881299.986,0.019,-2.236267,route_tangent,61,8.336,2.000,61,508104.014,3881295.427,1.657572,0.000000,0.000000,0.5600,0.000,0.019,TRACKING|w0 d0 L61
242.406740,129.088813500000,35.074423333333,508097.035,3881299.986,0.019,-2.236267,route_tangent,61,8.336,2.000,61,508104.014,3881295.427,1.657572,0.000000,0.000000,0.5600,0.000,0.019,TRACKING|w0 d0 L61
242.456712,129.088813500000,35.074423333333,508097.035,3881299.986,0.006,-2.236267,route_tangent,61,8.336,2.000,61,508104.014,3881295.427,1.657572,0.000000,0.000000,0.5600,0.000,0.006,TRACKING|w0 d0 L61
242.507017,129.088813500000,35.074423333333,508097.035,3881299.986,0.006,-2.236267,route_tangent,61,8.336,2.000,61,508104.014,3881295.427,1.657572,0.000000,0.000000,0.5600,0.000,0.006,TRACKING|w0 d0 L61
242.557707,129.088813500000,35.074423333333,508097.035,3881299.986,0.006,-2.236267,route_tangent,61,8.336,2.000,61,508104.014,3881295.427,1.657572,0.000000,0.000000,0.5600,0.000,0.006,TRACKING|w0 d0 L61
242.606876,129.088813500000,35.074423333333,508097.035,3881299.986,0.006,-2.236267,route_tangent,61,8.336,2.000,61,508104.014,3881295.427,1.657572,0.000000,0.000000,0.5600,0.000,0.006,TRACKING|w0 d0 L61
242.656778,129.088813500000,35.074423333333,508097.035,3881299.986,0.006,-2.236267,route_tangent,61,8.336,2.000,61,508104.014,3881295.427,1.657572,0.000000,0.000000,0.5600,0.000,0.006,TRACKING|w0 d0 L61
242.707473,129.088813500000,35.074423500000,508097.035,3881300.005,0.012,-2.236267,route_tangent,61,8.346,2.000,61,508104.014,3881295.427,1.655719,0.000000,0.000000,0.5600,0.000,0.012,TRACKING|w0 d0 L61
242.756697,129.088813500000,35.074423500000,508097.035,3881300.005,0.012,-2.236267,route_tangent,61,8.346,2.000,61,508104.014,3881295.427,1.655719,0.000000,0.000000,0.5600,0.000,0.012,TRACKING|w0 d0 L61
242.806897,129.088813500000,35.074423500000,508097.035,3881300.005,0.012,-2.236267,route_tangent,61,8.346,2.000,61,508104.014,3881295.427,1.655719,0.000000,0.000000,0.5600,0.000,0.012,TRACKING|w0 d0 L61
242.856700,129.088813500000,35.074423500000,508097.035,3881300.005,0.012,-2.236267,route_tangent,61,8.346,2.000,61,508104.014,3881295.427,1.655719,0.000000,0.000000,0.5600,0.000,0.012,TRACKING|w0 d0 L61
242.906788,129.088813500000,35.074423500000,508097.035,3881300.005,0.012,-2.236267,route_tangent,61,8.346,2.000,61,508104.014,3881295.427,1.655719,0.000000,0.000000,0.5600,0.000,0.012,TRACKING|w0 d0 L61
242.956711,129.088813500000,35.074423500000,508097.035,3881300.005,0.012,-2.236267,route_tangent,61,8.346,2.000,61,508104.014,3881295.427,1.655719,0.000000,0.000000,0.5600,0.000,0.012,TRACKING|w0 d0 L61
243.007648,129.088813500000,35.074423500000,508097.035,3881300.005,0.012,-2.236267,route_tangent,61,8.346,2.000,61,508104.014,3881295.427,1.655719,0.000000,0.000000,0.5600,0.000,0.012,TRACKING|w0 d0 L61
243.058747,129.088813500000,35.074423500000,508097.035,3881300.005,0.012,-2.236267,route_tangent,61,8.346,2.000,61,508104.014,3881295.427,1.655719,0.000000,0.000000,0.5600,0.000,0.012,TRACKING|w0 d0 L61
243.106780,129.088813500000,35.074423500000,508097.035,3881300.005,0.012,-2.236267,route_tangent,61,8.346,2.000,61,508104.014,3881295.427,1.655719,0.000000,0.000000,0.5600,0.000,0.012,TRACKING|w0 d0 L61
243.156848,129.088813500000,35.074423500000,508097.035,3881300.005,0.012,-2.236267,route_tangent,61,8.346,2.000,61,508104.014,3881295.427,1.655719,0.000000,0.000000,0.5600,0.000,0.012,TRACKING|w0 d0 L61
243.206771,129.088813333333,35.074423500000,508097.020,3881300.005,0.012,-2.236267,route_tangent,61,8.359,2.000,61,508104.014,3881295.427,1.656718,0.000000,0.000000,0.5600,0.000,0.012,TRACKING|w0 d0 L61
243.256767,129.088813333333,35.074423500000,508097.020,3881300.005,0.012,-2.236267,route_tangent,61,8.359,2.000,61,508104.014,3881295.427,1.656718,0.000000,0.000000,0.5600,0.000,0.012,TRACKING|w0 d0 L61
243.306951,129.088813333333,35.074423500000,508097.020,3881300.005,0.012,-2.236267,route_tangent,61,8.359,2.000,61,508104.014,3881295.427,1.656718,0.000000,0.000000,0.5600,0.000,0.012,TRACKING|w0 d0 L61
243.356887,129.088813333333,35.074423500000,508097.020,3881300.005,0.012,-2.236267,route_tangent,61,8.359,2.000,61,508104.014,3881295.427,1.656718,0.000000,0.000000,0.5600,0.000,0.012,TRACKING|w0 d0 L61
243.407331,129.088813333333,35.074423500000,508097.020,3881300.005,0.012,-2.236267,route_tangent,61,8.359,2.000,61,508104.014,3881295.427,1.656718,0.000000,0.000000,0.5600,0.000,0.012,TRACKING|w0 d0 L61
243.456713,129.088813500000,35.074423333333,508097.035,3881299.986,0.008,-2.236267,route_tangent,61,8.336,2.000,61,508104.014,3881295.427,1.657572,0.000000,0.000000,0.5600,0.000,0.008,TRACKING|w0 d0 L61
243.507756,129.088813500000,35.074423333333,508097.035,3881299.986,0.008,-2.236267,route_tangent,61,8.336,2.000,61,508104.014,3881295.427,1.657572,0.000000,0.000000,0.5600,0.000,0.008,TRACKING|w0 d0 L61
243.556735,129.088813500000,35.074423333333,508097.035,3881299.986,0.008,-2.236267,route_tangent,61,8.336,2.000,61,508104.014,3881295.427,1.657572,0.000000,0.000000,0.5600,0.000,0.008,TRACKING|w0 d0 L61
243.606798,129.088813500000,35.074423333333,508097.035,3881299.986,0.008,-2.236267,route_tangent,61,8.336,2.000,61,508104.014,3881295.427,1.657572,0.000000,0.000000,0.5600,0.000,0.008,TRACKING|w0 d0 L61
243.656727,129.088813500000,35.074423333333,508097.035,3881299.986,0.008,-2.236267,route_tangent,61,8.336,2.000,61,508104.014,3881295.427,1.657572,0.000000,0.000000,0.5600,0.000,0.008,TRACKING|w0 d0 L61
243.706758,129.088813500000,35.074423333333,508097.035,3881299.986,0.007,-2.236267,route_tangent,61,8.336,2.000,61,508104.014,3881295.427,1.657572,0.000000,0.000000,0.5600,0.000,0.007,TRACKING|w0 d0 L61
243.756721,129.088813500000,35.074423333333,508097.035,3881299.986,0.007,-2.236267,route_tangent,61,8.336,2.000,61,508104.014,3881295.427,1.657572,0.000000,0.000000,0.5600,0.000,0.007,TRACKING|w0 d0 L61
243.806818,129.088813500000,35.074423333333,508097.035,3881299.986,0.007,-2.236267,route_tangent,61,8.336,2.000,61,508104.014,3881295.427,1.657572,0.000000,0.000000,0.5600,0.000,0.007,TRACKING|w0 d0 L61
243.856834,129.088813500000,35.074423333333,508097.035,3881299.986,0.007,-2.236267,route_tangent,61,8.336,2.000,61,508104.014,3881295.427,1.657572,0.000000,0.000000,0.5600,0.000,0.007,TRACKING|w0 d0 L61
243.906772,129.088813500000,35.074423333333,508097.035,3881299.986,0.007,-2.236267,route_tangent,61,8.336,2.000,61,508104.014,3881295.427,1.657572,0.000000,0.000000,0.5600,0.000,0.007,TRACKING|w0 d0 L61
243.957046,129.088813333333,35.074423333333,508097.020,3881299.986,0.012,-2.236267,route_tangent,61,8.348,2.000,61,508104.014,3881295.427,1.658569,0.000000,0.000000,0.5600,0.000,0.012,TRACKING|w0 d0 L61
244.006775,129.088813333333,35.074423333333,508097.020,3881299.986,0.012,-2.236267,route_tangent,61,8.348,2.000,61,508104.014,3881295.427,1.658569,0.000000,0.000000,0.5600,0.000,0.012,TRACKING|w0 d0 L61
244.056717,129.088813333333,35.074423333333,508097.020,3881299.986,0.012,-2.236267,route_tangent,61,8.348,2.000,61,508104.014,3881295.427,1.658569,0.000000,0.000000,0.5600,0.000,0.012,TRACKING|w0 d0 L61
244.106765,129.088813333333,35.074423333333,508097.020,3881299.986,0.012,-2.236267,route_tangent,61,8.348,2.000,61,508104.014,3881295.427,1.658569,0.000000,0.000000,0.5600,0.000,0.012,TRACKING|w0 d0 L61
244.156769,129.088813333333,35.074423333333,508097.020,3881299.986,0.012,-2.236267,route_tangent,61,8.348,2.000,61,508104.014,3881295.427,1.658569,0.000000,0.000000,0.5600,0.000,0.012,TRACKING|w0 d0 L61
244.206754,129.088813333333,35.074423500000,508097.020,3881300.005,0.017,-2.236267,route_tangent,61,8.359,2.000,61,508104.014,3881295.427,1.656718,0.000000,0.000000,0.5600,0.000,0.017,TRACKING|w0 d0 L61
244.256747,129.088813333333,35.074423500000,508097.020,3881300.005,0.017,-2.236267,route_tangent,61,8.359,2.000,61,508104.014,3881295.427,1.656718,0.000000,0.000000,0.5600,0.000,0.017,TRACKING|w0 d0 L61
244.306963,129.088813333333,35.074423500000,508097.020,3881300.005,0.017,-2.236267,route_tangent,61,8.359,2.000,61,508104.014,3881295.427,1.656718,0.000000,0.000000,0.5600,0.000,0.017,TRACKING|w0 d0 L61
244.356745,129.088813333333,35.074423500000,508097.020,3881300.005,0.017,-2.236267,route_tangent,61,8.359,2.000,61,508104.014,3881295.427,1.656718,0.000000,0.000000,0.5600,0.000,0.017,TRACKING|w0 d0 L61
244.406710,129.088813333333,35.074423500000,508097.020,3881300.005,0.017,-2.236267,route_tangent,61,8.359,2.000,61,508104.014,3881295.427,1.656718,0.000000,0.000000,0.5600,0.000,0.017,TRACKING|w0 d0 L61
244.456706,129.088813333333,35.074423333333,508097.020,3881299.986,0.005,-2.236267,route_tangent,61,8.348,2.000,61,508104.014,3881295.427,1.658569,0.000000,0.000000,0.5600,0.000,0.005,TRACKING|w0 d0 L61
244.506809,129.088813333333,35.074423333333,508097.020,3881299.986,0.005,-2.236267,route_tangent,61,8.348,2.000,61,508104.014,3881295.427,1.658569,0.000000,0.000000,0.5600,0.000,0.005,TRACKING|w0 d0 L61
244.556734,129.088813333333,35.074423333333,508097.020,3881299.986,0.005,-2.236267,route_tangent,61,8.348,2.000,61,508104.014,3881295.427,1.658569,0.000000,0.000000,0.5600,0.000,0.005,TRACKING|w0 d0 L61
244.606799,129.088813333333,35.074423333333,508097.020,3881299.986,0.005,-2.236267,route_tangent,61,8.348,2.000,61,508104.014,3881295.427,1.658569,0.000000,0.000000,0.5600,0.000,0.005,TRACKING|w0 d0 L61
244.658904,129.088813333333,35.074423333333,508097.020,3881299.986,0.005,-2.236267,route_tangent,61,8.348,2.000,61,508104.014,3881295.427,1.658569,0.000000,0.000000,0.5600,0.000,0.005,TRACKING|w0 d0 L61
244.706800,129.088813333333,35.074423333333,508097.020,3881299.986,0.008,-2.236267,route_tangent,61,8.348,2.000,61,508104.014,3881295.427,1.658569,0.000000,0.000000,0.5600,0.000,0.008,TRACKING|w0 d0 L61
244.756960,129.088813333333,35.074423333333,508097.020,3881299.986,0.008,-2.236267,route_tangent,61,8.348,2.000,61,508104.014,3881295.427,1.658569,0.000000,0.000000,0.5600,0.000,0.008,TRACKING|w0 d0 L61
244.806931,129.088813333333,35.074423333333,508097.020,3881299.986,0.008,-2.236267,route_tangent,61,8.348,2.000,61,508104.014,3881295.427,1.658569,0.000000,0.000000,0.5600,0.000,0.008,TRACKING|w0 d0 L61
244.856721,129.088813333333,35.074423333333,508097.020,3881299.986,0.008,-2.236267,route_tangent,61,8.348,2.000,61,508104.014,3881295.427,1.658569,0.000000,0.000000,0.5600,0.000,0.008,TRACKING|w0 d0 L61
244.906978,129.088813333333,35.074423333333,508097.020,3881299.986,0.008,-2.236267,route_tangent,61,8.348,2.000,61,508104.014,3881295.427,1.658569,0.000000,0.000000,0.5600,0.000,0.008,TRACKING|w0 d0 L61
244.956759,129.088813333333,35.074423333333,508097.020,3881299.986,0.013,-2.236267,route_tangent,61,8.348,2.000,61,508104.014,3881295.427,1.658569,0.000000,0.000000,0.5600,0.000,0.013,TRACKING|w0 d0 L61
245.006747,129.088813333333,35.074423333333,508097.020,3881299.986,0.013,-2.236267,route_tangent,61,8.348,2.000,61,508104.014,3881295.427,1.658569,0.000000,0.000000,0.5600,0.000,0.013,TRACKING|w0 d0 L61
245.056695,129.088813333333,35.074423333333,508097.020,3881299.986,0.013,-2.236267,route_tangent,61,8.348,2.000,61,508104.014,3881295.427,1.658569,0.000000,0.000000,0.5600,0.000,0.013,TRACKING|w0 d0 L61
245.107374,129.088813333333,35.074423333333,508097.020,3881299.986,0.013,-2.236267,route_tangent,61,8.348,2.000,61,508104.014,3881295.427,1.658569,0.000000,0.000000,0.5600,0.000,0.013,TRACKING|w0 d0 L61
245.156737,129.088813333333,35.074423333333,508097.020,3881299.986,0.013,-2.236267,route_tangent,61,8.348,2.000,61,508104.014,3881295.427,1.658569,0.000000,0.000000,0.5600,0.000,0.013,TRACKING|w0 d0 L61
245.206795,129.088813333333,35.074423333333,508097.020,3881299.986,0.011,-2.236267,route_tangent,61,8.348,2.000,61,508104.014,3881295.427,1.658569,0.000000,0.000000,0.5600,0.000,0.011,TRACKING|w0 d0 L61
245.256787,129.088813333333,35.074423333333,508097.020,3881299.986,0.011,-2.236267,route_tangent,61,8.348,2.000,61,508104.014,3881295.427,1.658569,0.000000,0.000000,0.5600,0.000,0.011,TRACKING|w0 d0 L61
245.307036,129.088813333333,35.074423333333,508097.020,3881299.986,0.011,-2.236267,route_tangent,61,8.348,2.000,61,508104.014,3881295.427,1.658569,0.000000,0.000000,0.5600,0.000,0.011,TRACKING|w0 d0 L61
245.357013,129.088813333333,35.074423333333,508097.020,3881299.986,0.011,-2.236267,route_tangent,61,8.348,2.000,61,508104.014,3881295.427,1.658569,0.000000,0.000000,0.5600,0.000,0.011,TRACKING|w0 d0 L61
245.406834,129.088813333333,35.074423333333,508097.020,3881299.986,0.011,-2.236267,route_tangent,61,8.348,2.000,61,508104.014,3881295.427,1.658569,0.000000,0.000000,0.5600,0.000,0.011,TRACKING|w0 d0 L61
245.456851,129.088813333333,35.074423333333,508097.020,3881299.986,0.015,-2.236267,route_tangent,61,8.348,2.000,61,508104.014,3881295.427,1.658569,0.000000,0.000000,0.5600,0.000,0.015,TRACKING|w0 d0 L61
245.507077,129.088813333333,35.074423333333,508097.020,3881299.986,0.015,-2.236267,route_tangent,61,8.348,2.000,61,508104.014,3881295.427,1.658569,0.000000,0.000000,0.5600,0.000,0.015,TRACKING|w0 d0 L61
245.557157,129.088813333333,35.074423333333,508097.020,3881299.986,0.015,-2.236267,route_tangent,61,8.348,2.000,61,508104.014,3881295.427,1.658569,0.000000,0.000000,0.5600,0.000,0.015,TRACKING|w0 d0 L61
245.606737,129.088813333333,35.074423333333,508097.020,3881299.986,0.015,-2.236267,route_tangent,61,8.348,2.000,61,508104.014,3881295.427,1.658569,0.000000,0.000000,0.5600,0.000,0.015,TRACKING|w0 d0 L61
245.656803,129.088813333333,35.074423333333,508097.020,3881299.986,0.015,-2.236267,route_tangent,61,8.348,2.000,61,508104.014,3881295.427,1.658569,0.000000,0.000000,0.5600,0.000,0.015,TRACKING|w0 d0 L61
245.707031,129.088813333333,35.074423333333,508097.020,3881299.986,0.005,-2.236267,route_tangent,61,8.348,2.000,61,508104.014,3881295.427,1.658569,0.000000,0.000000,0.5600,0.000,0.005,TRACKING|w0 d0 L61
245.756960,129.088813333333,35.074423333333,508097.020,3881299.986,0.005,-2.236267,route_tangent,61,8.348,2.000,61,508104.014,3881295.427,1.658569,0.000000,0.000000,0.5600,0.000,0.005,TRACKING|w0 d0 L61
245.806933,129.088813333333,35.074423333333,508097.020,3881299.986,0.005,-2.236267,route_tangent,61,8.348,2.000,61,508104.014,3881295.427,1.658569,0.000000,0.000000,0.5600,0.000,0.005,TRACKING|w0 d0 L61
245.856817,129.088813333333,35.074423333333,508097.020,3881299.986,0.005,-2.236267,route_tangent,61,8.348,2.000,61,508104.014,3881295.427,1.658569,0.000000,0.000000,0.5600,0.000,0.005,TRACKING|w0 d0 L61
245.907779,129.088813333333,35.074423333333,508097.020,3881299.986,0.005,-2.236267,route_tangent,61,8.348,2.000,61,508104.014,3881295.427,1.658569,0.000000,0.000000,0.5600,0.000,0.005,TRACKING|w0 d0 L61
245.956810,129.088813333333,35.074423333333,508097.020,3881299.986,0.005,-2.236267,route_tangent,61,8.348,2.000,61,508104.014,3881295.427,1.658569,0.000000,0.000000,0.5600,0.000,0.005,TRACKING|w0 d0 L61
246.006768,129.088813333333,35.074423333333,508097.020,3881299.986,0.005,-2.236267,route_tangent,61,8.348,2.000,61,508104.014,3881295.427,1.658569,0.000000,0.000000,0.5600,0.000,0.005,TRACKING|w0 d0 L61
246.056732,129.088813333333,35.074423333333,508097.020,3881299.986,0.005,-2.236267,route_tangent,61,8.348,2.000,61,508104.014,3881295.427,1.658569,0.000000,0.000000,0.5600,0.000,0.005,TRACKING|w0 d0 L61
246.107104,129.088813333333,35.074423333333,508097.020,3881299.986,0.005,-2.236267,route_tangent,61,8.348,2.000,61,508104.014,3881295.427,1.658569,0.000000,0.000000,0.5600,0.000,0.005,TRACKING|w0 d0 L61
246.156770,129.088813333333,35.074423333333,508097.020,3881299.986,0.005,-2.236267,route_tangent,61,8.348,2.000,61,508104.014,3881295.427,1.658569,0.000000,0.000000,0.5600,0.000,0.005,TRACKING|w0 d0 L61
246.206752,129.088813500000,35.074423333333,508097.035,3881299.986,0.003,-2.236267,route_tangent,61,8.336,2.000,61,508104.014,3881295.427,1.657572,0.000000,0.000000,0.5600,0.000,0.003,TRACKING|w0 d0 L61
246.256917,129.088813500000,35.074423333333,508097.035,3881299.986,0.003,-2.236267,route_tangent,61,8.336,2.000,61,508104.014,3881295.427,1.657572,0.000000,0.000000,0.5600,0.000,0.003,TRACKING|w0 d0 L61
246.306790,129.088813500000,35.074423333333,508097.035,3881299.986,0.003,-2.236267,route_tangent,61,8.336,2.000,61,508104.014,3881295.427,1.657572,0.000000,0.000000,0.5600,0.000,0.003,TRACKING|w0 d0 L61
246.357047,129.088813500000,35.074423333333,508097.035,3881299.986,0.003,-2.236267,route_tangent,61,8.336,2.000,61,508104.014,3881295.427,1.657572,0.000000,0.000000,0.5600,0.000,0.003,TRACKING|w0 d0 L61
246.408381,129.088813500000,35.074423333333,508097.035,3881299.986,0.003,-2.236267,route_tangent,61,8.336,2.000,61,508104.014,3881295.427,1.657572,0.000000,0.000000,0.5600,0.000,0.003,TRACKING|w0 d0 L61
246.456737,129.088813500000,35.074423333333,508097.035,3881299.986,0.005,-2.236267,route_tangent,61,8.336,2.000,61,508104.014,3881295.427,1.657572,0.000000,0.000000,0.5600,0.000,0.005,TRACKING|w0 d0 L61
246.506855,129.088813500000,35.074423333333,508097.035,3881299.986,0.005,-2.236267,route_tangent,61,8.336,2.000,61,508104.014,3881295.427,1.657572,0.000000,0.000000,0.5600,0.000,0.005,TRACKING|w0 d0 L61
246.558334,129.088813500000,35.074423333333,508097.035,3881299.986,0.005,-2.236267,route_tangent,61,8.336,2.000,61,508104.014,3881295.427,1.657572,0.000000,0.000000,0.5600,0.000,0.005,TRACKING|w0 d0 L61
246.606752,129.088813500000,35.074423333333,508097.035,3881299.986,0.005,-2.236267,route_tangent,61,8.336,2.000,61,508104.014,3881295.427,1.657572,0.000000,0.000000,0.5600,0.000,0.005,TRACKING|w0 d0 L61
246.656982,129.088813500000,35.074423333333,508097.035,3881299.986,0.005,-2.236267,route_tangent,61,8.336,2.000,61,508104.014,3881295.427,1.657572,0.000000,0.000000,0.5600,0.000,0.005,TRACKING|w0 d0 L61
246.707029,129.088813333333,35.074423333333,508097.020,3881299.986,0.006,-2.236267,route_tangent,61,8.348,2.000,61,508104.014,3881295.427,1.658569,0.000000,0.000000,0.5600,0.000,0.006,TRACKING|w0 d0 L61
246.756696,129.088813333333,35.074423333333,508097.020,3881299.986,0.006,-2.236267,route_tangent,61,8.348,2.000,61,508104.014,3881295.427,1.658569,0.000000,0.000000,0.5600,0.000,0.006,TRACKING|w0 d0 L61
246.806814,129.088813333333,35.074423333333,508097.020,3881299.986,0.006,-2.236267,route_tangent,61,8.348,2.000,61,508104.014,3881295.427,1.658569,0.000000,0.000000,0.5600,0.000,0.006,TRACKING|w0 d0 L61
246.856687,129.088813333333,35.074423333333,508097.020,3881299.986,0.006,-2.236267,route_tangent,61,8.348,2.000,61,508104.014,3881295.427,1.658569,0.000000,0.000000,0.5600,0.000,0.006,TRACKING|w0 d0 L61
246.906932,129.088813333333,35.074423333333,508097.020,3881299.986,0.006,-2.236267,route_tangent,61,8.348,2.000,61,508104.014,3881295.427,1.658569,0.000000,0.000000,0.5600,0.000,0.006,TRACKING|w0 d0 L61
246.956747,129.088813500000,35.074423333333,508097.035,3881299.986,0.004,-2.236267,route_tangent,61,8.336,2.000,61,508104.014,3881295.427,1.657572,0.000000,0.000000,0.5600,0.000,0.004,TRACKING|w0 d0 L61
247.007544,129.088813500000,35.074423333333,508097.035,3881299.986,0.004,-2.236267,route_tangent,61,8.336,2.000,61,508104.014,3881295.427,1.657572,0.000000,0.000000,0.5600,0.000,0.004,TRACKING|w0 d0 L61
247.057086,129.088813500000,35.074423333333,508097.035,3881299.986,0.004,-2.236267,route_tangent,61,8.336,2.000,61,508104.014,3881295.427,1.657572,0.000000,0.000000,0.5600,0.000,0.004,TRACKING|w0 d0 L61
247.106878,129.088813500000,35.074423333333,508097.035,3881299.986,0.004,-2.236267,route_tangent,61,8.336,2.000,61,508104.014,3881295.427,1.657572,0.000000,0.000000,0.5600,0.000,0.004,TRACKING|w0 d0 L61
247.156903,129.088813500000,35.074423333333,508097.035,3881299.986,0.004,-2.236267,route_tangent,61,8.336,2.000,61,508104.014,3881295.427,1.657572,0.000000,0.000000,0.5600,0.000,0.004,TRACKING|w0 d0 L61
247.206746,129.088813500000,35.074423333333,508097.035,3881299.986,0.008,-2.236267,route_tangent,61,8.336,2.000,61,508104.014,3881295.427,1.657572,0.000000,0.000000,0.5600,0.000,0.008,TRACKING|w0 d0 L61
247.256732,129.088813500000,35.074423333333,508097.035,3881299.986,0.008,-2.236267,route_tangent,61,8.336,2.000,61,508104.014,3881295.427,1.657572,0.000000,0.000000,0.5600,0.000,0.008,TRACKING|w0 d0 L61
247.306877,129.088813500000,35.074423333333,508097.035,3881299.986,0.008,-2.236267,route_tangent,61,8.336,2.000,61,508104.014,3881295.427,1.657572,0.000000,0.000000,0.5600,0.000,0.008,TRACKING|w0 d0 L61
247.356757,129.088813500000,35.074423333333,508097.035,3881299.986,0.008,-2.236267,route_tangent,61,8.336,2.000,61,508104.014,3881295.427,1.657572,0.000000,0.000000,0.5600,0.000,0.008,TRACKING|w0 d0 L61
247.406748,129.088813500000,35.074423333333,508097.035,3881299.986,0.008,-2.236267,route_tangent,61,8.336,2.000,61,508104.014,3881295.427,1.657572,0.000000,0.000000,0.5600,0.000,0.008,TRACKING|w0 d0 L61
247.457158,129.088813500000,35.074423333333,508097.035,3881299.986,0.014,-2.236267,route_tangent,61,8.336,2.000,61,508104.014,3881295.427,1.657572,0.000000,0.000000,0.5600,0.000,0.014,TRACKING|w0 d0 L61
247.508423,129.088813500000,35.074423333333,508097.035,3881299.986,0.014,-2.236267,route_tangent,61,8.336,2.000,61,508104.014,3881295.427,1.657572,0.000000,0.000000,0.5600,0.000,0.014,TRACKING|w0 d0 L61
247.556727,129.088813500000,35.074423333333,508097.035,3881299.986,0.014,-2.236267,route_tangent,61,8.336,2.000,61,508104.014,3881295.427,1.657572,0.000000,0.000000,0.5600,0.000,0.014,TRACKING|w0 d0 L61
247.606797,129.088813500000,35.074423333333,508097.035,3881299.986,0.014,-2.236267,route_tangent,61,8.336,2.000,61,508104.014,3881295.427,1.657572,0.000000,0.000000,0.5600,0.000,0.014,TRACKING|w0 d0 L61
247.656736,129.088813500000,35.074423333333,508097.035,3881299.986,0.014,-2.236267,route_tangent,61,8.336,2.000,61,508104.014,3881295.427,1.657572,0.000000,0.000000,0.5600,0.000,0.014,TRACKING|w0 d0 L61
247.706829,129.088813333333,35.074423333333,508097.020,3881299.986,0.014,-2.236267,route_tangent,61,8.348,2.000,61,508104.014,3881295.427,1.658569,0.000000,0.000000,0.5600,0.000,0.014,TRACKING|w0 d0 L61
247.756781,129.088813333333,35.074423333333,508097.020,3881299.986,0.014,-2.236267,route_tangent,61,8.348,2.000,61,508104.014,3881295.427,1.658569,0.000000,0.000000,0.5600,0.000,0.014,TRACKING|w0 d0 L61
247.806860,129.088813333333,35.074423333333,508097.020,3881299.986,0.014,-2.236267,route_tangent,61,8.348,2.000,61,508104.014,3881295.427,1.658569,0.000000,0.000000,0.5600,0.000,0.014,TRACKING|w0 d0 L61
247.856927,129.088813333333,35.074423333333,508097.020,3881299.986,0.014,-2.236267,route_tangent,61,8.348,2.000,61,508104.014,3881295.427,1.658569,0.000000,0.000000,0.5600,0.000,0.014,TRACKING|w0 d0 L61
247.906786,129.088813333333,35.074423333333,508097.020,3881299.986,0.014,-2.236267,route_tangent,61,8.348,2.000,61,508104.014,3881295.427,1.658569,0.000000,0.000000,0.5600,0.000,0.014,TRACKING|w0 d0 L61
247.956837,129.088813500000,35.074423333333,508097.035,3881299.986,0.010,-2.236267,route_tangent,61,8.336,2.000,61,508104.014,3881295.427,1.657572,0.000000,0.000000,0.5600,0.000,0.010,TRACKING|w0 d0 L61
248.006864,129.088813500000,35.074423333333,508097.035,3881299.986,0.010,-2.236267,route_tangent,61,8.336,2.000,61,508104.014,3881295.427,1.657572,0.000000,0.000000,0.5600,0.000,0.010,TRACKING|w0 d0 L61
248.056757,129.088813500000,35.074423333333,508097.035,3881299.986,0.010,-2.236267,route_tangent,61,8.336,2.000,61,508104.014,3881295.427,1.657572,0.000000,0.000000,0.5600,0.000,0.010,TRACKING|w0 d0 L61
248.106874,129.088813500000,35.074423333333,508097.035,3881299.986,0.010,-2.236267,route_tangent,61,8.336,2.000,61,508104.014,3881295.427,1.657572,0.000000,0.000000,0.5600,0.000,0.010,TRACKING|w0 d0 L61
248.156868,129.088813500000,35.074423333333,508097.035,3881299.986,0.010,-2.236267,route_tangent,61,8.336,2.000,61,508104.014,3881295.427,1.657572,0.000000,0.000000,0.5600,0.000,0.010,TRACKING|w0 d0 L61
248.206883,129.088813500000,35.074423333333,508097.035,3881299.986,0.005,-2.236267,route_tangent,61,8.336,2.000,61,508104.014,3881295.427,1.657572,0.000000,0.000000,0.5600,0.000,0.005,TRACKING|w0 d0 L61
248.257207,129.088813500000,35.074423333333,508097.035,3881299.986,0.005,-2.236267,route_tangent,61,8.336,2.000,61,508104.014,3881295.427,1.657572,0.000000,0.000000,0.5600,0.000,0.005,TRACKING|w0 d0 L61
248.306987,129.088813500000,35.074423333333,508097.035,3881299.986,0.005,-2.236267,route_tangent,61,8.336,2.000,61,508104.014,3881295.427,1.657572,0.000000,0.000000,0.5600,0.000,0.005,TRACKING|w0 d0 L61
248.356709,129.088813500000,35.074423333333,508097.035,3881299.986,0.005,-2.236267,route_tangent,61,8.336,2.000,61,508104.014,3881295.427,1.657572,0.000000,0.000000,0.5600,0.000,0.005,TRACKING|w0 d0 L61
248.406760,129.088813500000,35.074423333333,508097.035,3881299.986,0.005,-2.236267,route_tangent,61,8.336,2.000,61,508104.014,3881295.427,1.657572,0.000000,0.000000,0.5600,0.000,0.005,TRACKING|w0 d0 L61
248.456708,129.088813333333,35.074423333333,508097.020,3881299.986,0.017,-2.236267,route_tangent,61,8.348,2.000,61,508104.014,3881295.427,1.658569,0.000000,0.000000,0.5600,0.000,0.017,TRACKING|w0 d0 L61
248.506743,129.088813333333,35.074423333333,508097.020,3881299.986,0.017,-2.236267,route_tangent,61,8.348,2.000,61,508104.014,3881295.427,1.658569,0.000000,0.000000,0.5600,0.000,0.017,TRACKING|w0 d0 L61
248.556757,129.088813333333,35.074423333333,508097.020,3881299.986,0.017,-2.236267,route_tangent,61,8.348,2.000,61,508104.014,3881295.427,1.658569,0.000000,0.000000,0.5600,0.000,0.017,TRACKING|w0 d0 L61
248.606849,129.088813333333,35.074423333333,508097.020,3881299.986,0.017,-2.236267,route_tangent,61,8.348,2.000,61,508104.014,3881295.427,1.658569,0.000000,0.000000,0.5600,0.000,0.017,TRACKING|w0 d0 L61
248.657339,129.088813333333,35.074423333333,508097.020,3881299.986,0.017,-2.236267,route_tangent,61,8.348,2.000,61,508104.014,3881295.427,1.658569,0.000000,0.000000,0.5600,0.000,0.017,TRACKING|w0 d0 L61
248.706872,129.088813333333,35.074423333333,508097.020,3881299.986,0.009,-2.236267,route_tangent,61,8.348,2.000,61,508104.014,3881295.427,1.658569,0.000000,0.000000,0.5600,0.000,0.009,TRACKING|w0 d0 L61
248.757700,129.088813333333,35.074423333333,508097.020,3881299.986,0.009,-2.236267,route_tangent,61,8.348,2.000,61,508104.014,3881295.427,1.658569,0.000000,0.000000,0.5600,0.000,0.009,TRACKING|w0 d0 L61
248.806726,129.088813333333,35.074423333333,508097.020,3881299.986,0.009,-2.236267,route_tangent,61,8.348,2.000,61,508104.014,3881295.427,1.658569,0.000000,0.000000,0.5600,0.000,0.009,TRACKING|w0 d0 L61
248.856882,129.088813333333,35.074423333333,508097.020,3881299.986,0.009,-2.236267,route_tangent,61,8.348,2.000,61,508104.014,3881295.427,1.658569,0.000000,0.000000,0.5600,0.000,0.009,TRACKING|w0 d0 L61
248.906919,129.088813333333,35.074423333333,508097.020,3881299.986,0.009,-2.236267,route_tangent,61,8.348,2.000,61,508104.014,3881295.427,1.658569,0.000000,0.000000,0.5600,0.000,0.009,TRACKING|w0 d0 L61
248.956718,129.088813333333,35.074423333333,508097.020,3881299.986,0.005,-2.236267,route_tangent,61,8.348,2.000,61,508104.014,3881295.427,1.658569,0.000000,0.000000,0.5600,0.000,0.005,TRACKING|w0 d0 L61
249.006794,129.088813333333,35.074423333333,508097.020,3881299.986,0.005,-2.236267,route_tangent,61,8.348,2.000,61,508104.014,3881295.427,1.658569,0.000000,0.000000,0.5600,0.000,0.005,TRACKING|w0 d0 L61
249.056805,129.088813333333,35.074423333333,508097.020,3881299.986,0.005,-2.236267,route_tangent,61,8.348,2.000,61,508104.014,3881295.427,1.658569,0.000000,0.000000,0.5600,0.000,0.005,TRACKING|w0 d0 L61
249.107820,129.088813333333,35.074423333333,508097.020,3881299.986,0.005,-2.236267,route_tangent,61,8.348,2.000,61,508104.014,3881295.427,1.658569,0.000000,0.000000,0.5600,0.000,0.005,TRACKING|w0 d0 L61
249.156746,129.088813333333,35.074423333333,508097.020,3881299.986,0.005,-2.236267,route_tangent,61,8.348,2.000,61,508104.014,3881295.427,1.658569,0.000000,0.000000,0.5600,0.000,0.005,TRACKING|w0 d0 L61
249.206870,129.088813333333,35.074423333333,508097.020,3881299.986,0.015,-2.236267,route_tangent,61,8.348,2.000,61,508104.014,3881295.427,1.658569,0.000000,0.000000,0.5600,0.000,0.015,TRACKING|w0 d0 L61
249.256762,129.088813333333,35.074423333333,508097.020,3881299.986,0.015,-2.236267,route_tangent,61,8.348,2.000,61,508104.014,3881295.427,1.658569,0.000000,0.000000,0.5600,0.000,0.015,TRACKING|w0 d0 L61
249.306751,129.088813333333,35.074423333333,508097.020,3881299.986,0.015,-2.236267,route_tangent,61,8.348,2.000,61,508104.014,3881295.427,1.658569,0.000000,0.000000,0.5600,0.000,0.015,TRACKING|w0 d0 L61
249.356941,129.088813333333,35.074423333333,508097.020,3881299.986,0.015,-2.236267,route_tangent,61,8.348,2.000,61,508104.014,3881295.427,1.658569,0.000000,0.000000,0.5600,0.000,0.015,TRACKING|w0 d0 L61
249.406839,129.088813333333,35.074423333333,508097.020,3881299.986,0.015,-2.236267,route_tangent,61,8.348,2.000,61,508104.014,3881295.427,1.658569,0.000000,0.000000,0.5600,0.000,0.015,TRACKING|w0 d0 L61
249.458575,129.088813333333,35.074423333333,508097.020,3881299.986,0.003,-2.236267,route_tangent,61,8.348,2.000,61,508104.014,3881295.427,1.658569,0.000000,0.000000,0.5600,0.000,0.003,TRACKING|w0 d0 L61
249.506846,129.088813333333,35.074423333333,508097.020,3881299.986,0.003,-2.236267,route_tangent,61,8.348,2.000,61,508104.014,3881295.427,1.658569,0.000000,0.000000,0.5600,0.000,0.003,TRACKING|w0 d0 L61
249.556761,129.088813333333,35.074423333333,508097.020,3881299.986,0.003,-2.236267,route_tangent,61,8.348,2.000,61,508104.014,3881295.427,1.658569,0.000000,0.000000,0.5600,0.000,0.003,TRACKING|w0 d0 L61
249.606793,129.088813333333,35.074423333333,508097.020,3881299.986,0.003,-2.236267,route_tangent,61,8.348,2.000,61,508104.014,3881295.427,1.658569,0.000000,0.000000,0.5600,0.000,0.003,TRACKING|w0 d0 L61
249.656764,129.088813333333,35.074423333333,508097.020,3881299.986,0.003,-2.236267,route_tangent,61,8.348,2.000,61,508104.014,3881295.427,1.658569,0.000000,0.000000,0.5600,0.000,0.003,TRACKING|w0 d0 L61
249.706744,129.088813333333,35.074423333333,508097.020,3881299.986,0.007,-2.236267,route_tangent,61,8.348,2.000,61,508104.014,3881295.427,1.658569,0.000000,0.000000,0.5600,0.000,0.007,TRACKING|w0 d0 L61
249.758349,129.088813333333,35.074423333333,508097.020,3881299.986,0.007,-2.236267,route_tangent,61,8.348,2.000,61,508104.014,3881295.427,1.658569,0.000000,0.000000,0.5600,0.000,0.007,TRACKING|w0 d0 L61
249.806759,129.088813333333,35.074423333333,508097.020,3881299.986,0.007,-2.236267,route_tangent,61,8.348,2.000,61,508104.014,3881295.427,1.658569,0.000000,0.000000,0.5600,0.000,0.007,TRACKING|w0 d0 L61
249.856762,129.088813333333,35.074423333333,508097.020,3881299.986,0.007,-2.236267,route_tangent,61,8.348,2.000,61,508104.014,3881295.427,1.658569,0.000000,0.000000,0.5600,0.000,0.007,TRACKING|w0 d0 L61
249.909253,129.088813333333,35.074423333333,508097.020,3881299.986,0.007,-2.236267,route_tangent,61,8.348,2.000,61,508104.014,3881295.427,1.658569,0.000000,0.000000,0.5600,0.000,0.007,TRACKING|w0 d0 L61
249.956759,129.088813333333,35.074423333333,508097.020,3881299.986,0.012,-2.236267,route_tangent,61,8.348,2.000,61,508104.014,3881295.427,1.658569,0.000000,0.000000,0.5600,0.000,0.012,TRACKING|w0 d0 L61
250.006861,129.088813333333,35.074423333333,508097.020,3881299.986,0.012,-2.236267,route_tangent,61,8.348,2.000,61,508104.014,3881295.427,1.658569,0.000000,0.000000,0.5600,0.000,0.012,TRACKING|w0 d0 L61
250.057111,129.088813333333,35.074423333333,508097.020,3881299.986,0.012,-2.236267,route_tangent,61,8.348,2.000,61,508104.014,3881295.427,1.658569,0.000000,0.000000,0.5600,0.000,0.012,TRACKING|w0 d0 L61
250.106929,129.088813333333,35.074423333333,508097.020,3881299.986,0.012,-2.236267,route_tangent,61,8.348,2.000,61,508104.014,3881295.427,1.658569,0.000000,0.000000,0.5600,0.000,0.012,TRACKING|w0 d0 L61
250.156971,129.088813333333,35.074423333333,508097.020,3881299.986,0.012,-2.236267,route_tangent,61,8.348,2.000,61,508104.014,3881295.427,1.658569,0.000000,0.000000,0.5600,0.000,0.012,TRACKING|w0 d0 L61
250.207103,129.088813333333,35.074423333333,508097.020,3881299.986,0.019,-2.236267,route_tangent,61,8.348,2.000,61,508104.014,3881295.427,1.658569,0.000000,0.000000,0.5600,0.000,0.019,TRACKING|w0 d0 L61
250.257398,129.088813333333,35.074423333333,508097.020,3881299.986,0.019,-2.236267,route_tangent,61,8.348,2.000,61,508104.014,3881295.427,1.658569,0.000000,0.000000,0.5600,0.000,0.019,TRACKING|w0 d0 L61
250.306816,129.088813333333,35.074423333333,508097.020,3881299.986,0.019,-2.236267,route_tangent,61,8.348,2.000,61,508104.014,3881295.427,1.658569,0.000000,0.000000,0.5600,0.000,0.019,TRACKING|w0 d0 L61
250.356909,129.088813333333,35.074423333333,508097.020,3881299.986,0.019,-2.236267,route_tangent,61,8.348,2.000,61,508104.014,3881295.427,1.658569,0.000000,0.000000,0.5600,0.000,0.019,TRACKING|w0 d0 L61
250.406757,129.088813333333,35.074423333333,508097.020,3881299.986,0.019,-2.236267,route_tangent,61,8.348,2.000,61,508104.014,3881295.427,1.658569,0.000000,0.000000,0.5600,0.000,0.019,TRACKING|w0 d0 L61
250.456785,129.088813500000,35.074423333333,508097.035,3881299.986,0.014,-2.236267,route_tangent,61,8.336,2.000,61,508104.014,3881295.427,1.657572,0.000000,0.000000,0.5600,0.000,0.014,TRACKING|w0 d0 L61
250.506754,129.088813500000,35.074423333333,508097.035,3881299.986,0.014,-2.236267,route_tangent,61,8.336,2.000,61,508104.014,3881295.427,1.657572,0.000000,0.000000,0.5600,0.000,0.014,TRACKING|w0 d0 L61
250.558216,129.088813500000,35.074423333333,508097.035,3881299.986,0.014,-2.236267,route_tangent,61,8.336,2.000,61,508104.014,3881295.427,1.657572,0.000000,0.000000,0.5600,0.000,0.014,TRACKING|w0 d0 L61
250.606814,129.088813500000,35.074423333333,508097.035,3881299.986,0.014,-2.236267,route_tangent,61,8.336,2.000,61,508104.014,3881295.427,1.657572,0.000000,0.000000,0.5600,0.000,0.014,TRACKING|w0 d0 L61
250.658104,129.088813500000,35.074423333333,508097.035,3881299.986,0.014,-2.236267,route_tangent,61,8.336,2.000,61,508104.014,3881295.427,1.657572,0.000000,0.000000,0.5600,0.000,0.014,TRACKING|w0 d0 L61
250.706869,129.088813500000,35.074423333333,508097.035,3881299.986,0.012,-2.236267,route_tangent,61,8.336,2.000,61,508104.014,3881295.427,1.657572,0.000000,0.000000,0.5600,0.000,0.012,TRACKING|w0 d0 L61
250.756729,129.088813500000,35.074423333333,508097.035,3881299.986,0.012,-2.236267,route_tangent,61,8.336,2.000,61,508104.014,3881295.427,1.657572,0.000000,0.000000,0.5600,0.000,0.012,TRACKING|w0 d0 L61
250.806722,129.088813500000,35.074423333333,508097.035,3881299.986,0.012,-2.236267,route_tangent,61,8.336,2.000,61,508104.014,3881295.427,1.657572,0.000000,0.000000,0.5600,0.000,0.012,TRACKING|w0 d0 L61
250.856742,129.088813500000,35.074423333333,508097.035,3881299.986,0.012,-2.236267,route_tangent,61,8.336,2.000,61,508104.014,3881295.427,1.657572,0.000000,0.000000,0.5600,0.000,0.012,TRACKING|w0 d0 L61
250.907048,129.088813500000,35.074423333333,508097.035,3881299.986,0.012,-2.236267,route_tangent,61,8.336,2.000,61,508104.014,3881295.427,1.657572,0.000000,0.000000,0.5600,0.000,0.012,TRACKING|w0 d0 L61
250.956729,129.088813500000,35.074423333333,508097.035,3881299.986,0.011,-2.236267,route_tangent,61,8.336,2.000,61,508104.014,3881295.427,1.657572,0.000000,0.000000,0.5600,0.000,0.011,TRACKING|w0 d0 L61
251.006786,129.088813500000,35.074423333333,508097.035,3881299.986,0.011,-2.236267,route_tangent,61,8.336,2.000,61,508104.014,3881295.427,1.657572,0.000000,0.000000,0.5600,0.000,0.011,TRACKING|w0 d0 L61
251.056873,129.088813500000,35.074423333333,508097.035,3881299.986,0.011,-2.236267,route_tangent,61,8.336,2.000,61,508104.014,3881295.427,1.657572,0.000000,0.000000,0.5600,0.000,0.011,TRACKING|w0 d0 L61
251.106713,129.088813500000,35.074423333333,508097.035,3881299.986,0.011,-2.236267,route_tangent,61,8.336,2.000,61,508104.014,3881295.427,1.657572,0.000000,0.000000,0.5600,0.000,0.011,TRACKING|w0 d0 L61
251.157135,129.088813500000,35.074423333333,508097.035,3881299.986,0.011,-2.236267,route_tangent,61,8.336,2.000,61,508104.014,3881295.427,1.657572,0.000000,0.000000,0.5600,0.000,0.011,TRACKING|w0 d0 L61
251.206758,129.088813333333,35.074423333333,508097.020,3881299.986,0.004,-2.236267,route_tangent,61,8.348,2.000,61,508104.014,3881295.427,1.658569,0.000000,0.000000,0.5600,0.000,0.004,TRACKING|w0 d0 L61
251.256715,129.088813333333,35.074423333333,508097.020,3881299.986,0.004,-2.236267,route_tangent,61,8.348,2.000,61,508104.014,3881295.427,1.658569,0.000000,0.000000,0.5600,0.000,0.004,TRACKING|w0 d0 L61
251.307204,129.088813333333,35.074423333333,508097.020,3881299.986,0.004,-2.236267,route_tangent,61,8.348,2.000,61,508104.014,3881295.427,1.658569,0.000000,0.000000,0.5600,0.000,0.004,TRACKING|w0 d0 L61
251.357893,129.088813333333,35.074423333333,508097.020,3881299.986,0.004,-2.236267,route_tangent,61,8.348,2.000,61,508104.014,3881295.427,1.658569,0.000000,0.000000,0.5600,0.000,0.004,TRACKING|w0 d0 L61
251.406897,129.088813333333,35.074423333333,508097.020,3881299.986,0.004,-2.236267,route_tangent,61,8.348,2.000,61,508104.014,3881295.427,1.658569,0.000000,0.000000,0.5600,0.000,0.004,TRACKING|w0 d0 L61
251.456763,129.088813500000,35.074423333333,508097.035,3881299.986,0.013,-2.236267,route_tangent,61,8.336,2.000,61,508104.014,3881295.427,1.657572,0.000000,0.000000,0.5600,0.000,0.013,TRACKING|w0 d0 L61
251.508513,129.088813500000,35.074423333333,508097.035,3881299.986,0.013,-2.236267,route_tangent,61,8.336,2.000,61,508104.014,3881295.427,1.657572,0.000000,0.000000,0.5600,0.000,0.013,TRACKING|w0 d0 L61
251.556790,129.088813500000,35.074423333333,508097.035,3881299.986,0.013,-2.236267,route_tangent,61,8.336,2.000,61,508104.014,3881295.427,1.657572,0.000000,0.000000,0.5600,0.000,0.013,TRACKING|w0 d0 L61
251.606853,129.088813500000,35.074423333333,508097.035,3881299.986,0.013,-2.236267,route_tangent,61,8.336,2.000,61,508104.014,3881295.427,1.657572,0.000000,0.000000,0.5600,0.000,0.013,TRACKING|w0 d0 L61
251.656727,129.088813500000,35.074423333333,508097.035,3881299.986,0.013,-2.236267,route_tangent,61,8.336,2.000,61,508104.014,3881295.427,1.657572,0.000000,0.000000,0.5600,0.000,0.013,TRACKING|w0 d0 L61
251.706902,129.088813333333,35.074423333333,508097.020,3881299.986,0.004,-2.236267,route_tangent,61,8.348,2.000,61,508104.014,3881295.427,1.658569,0.000000,0.000000,0.5600,0.000,0.004,TRACKING|w0 d0 L61
251.756710,129.088813333333,35.074423333333,508097.020,3881299.986,0.004,-2.236267,route_tangent,61,8.348,2.000,61,508104.014,3881295.427,1.658569,0.000000,0.000000,0.5600,0.000,0.004,TRACKING|w0 d0 L61
251.806808,129.088813333333,35.074423333333,508097.020,3881299.986,0.004,-2.236267,route_tangent,61,8.348,2.000,61,508104.014,3881295.427,1.658569,0.000000,0.000000,0.5600,0.000,0.004,TRACKING|w0 d0 L61
251.857092,129.088813333333,35.074423333333,508097.020,3881299.986,0.004,-2.236267,route_tangent,61,8.348,2.000,61,508104.014,3881295.427,1.658569,0.000000,0.000000,0.5600,0.000,0.004,TRACKING|w0 d0 L61
251.906785,129.088813333333,35.074423333333,508097.020,3881299.986,0.004,-2.236267,route_tangent,61,8.348,2.000,61,508104.014,3881295.427,1.658569,0.000000,0.000000,0.5600,0.000,0.004,TRACKING|w0 d0 L61
251.958270,129.088813500000,35.074423333333,508097.035,3881299.986,0.012,-2.236267,route_tangent,61,8.336,2.000,61,508104.014,3881295.427,1.657572,0.000000,0.000000,0.5600,0.000,0.012,TRACKING|w0 d0 L61
252.006741,129.088813500000,35.074423333333,508097.035,3881299.986,0.012,-2.236267,route_tangent,61,8.336,2.000,61,508104.014,3881295.427,1.657572,0.000000,0.000000,0.5600,0.000,0.012,TRACKING|w0 d0 L61
252.056765,129.088813500000,35.074423333333,508097.035,3881299.986,0.012,-2.236267,route_tangent,61,8.336,2.000,61,508104.014,3881295.427,1.657572,0.000000,0.000000,0.5600,0.000,0.012,TRACKING|w0 d0 L61
252.107130,129.088813500000,35.074423333333,508097.035,3881299.986,0.012,-2.236267,route_tangent,61,8.336,2.000,61,508104.014,3881295.427,1.657572,0.000000,0.000000,0.5600,0.000,0.012,TRACKING|w0 d0 L61
252.156753,129.088813500000,35.074423333333,508097.035,3881299.986,0.012,-2.236267,route_tangent,61,8.336,2.000,61,508104.014,3881295.427,1.657572,0.000000,0.000000,0.5600,0.000,0.012,TRACKING|w0 d0 L61
252.206846,129.088813500000,35.074423333333,508097.035,3881299.986,0.012,-2.236267,route_tangent,61,8.336,2.000,61,508104.014,3881295.427,1.657572,0.000000,0.000000,0.5600,0.000,0.012,TRACKING|w0 d0 L61
252.257190,129.088813500000,35.074423333333,508097.035,3881299.986,0.012,-2.236267,route_tangent,61,8.336,2.000,61,508104.014,3881295.427,1.657572,0.000000,0.000000,0.5600,0.000,0.012,TRACKING|w0 d0 L61
252.306853,129.088813500000,35.074423333333,508097.035,3881299.986,0.012,-2.236267,route_tangent,61,8.336,2.000,61,508104.014,3881295.427,1.657572,0.000000,0.000000,0.5600,0.000,0.012,TRACKING|w0 d0 L61
252.356684,129.088813500000,35.074423333333,508097.035,3881299.986,0.012,-2.236267,route_tangent,61,8.336,2.000,61,508104.014,3881295.427,1.657572,0.000000,0.000000,0.5600,0.000,0.012,TRACKING|w0 d0 L61
252.406730,129.088813500000,35.074423333333,508097.035,3881299.986,0.012,-2.236267,route_tangent,61,8.336,2.000,61,508104.014,3881295.427,1.657572,0.000000,0.000000,0.5600,0.000,0.012,TRACKING|w0 d0 L61
252.456751,129.088813500000,35.074423333333,508097.035,3881299.986,0.002,-2.236267,route_tangent,61,8.336,2.000,61,508104.014,3881295.427,1.657572,0.000000,0.000000,0.5600,0.000,0.002,TRACKING|w0 d0 L61
252.506740,129.088813500000,35.074423333333,508097.035,3881299.986,0.002,-2.236267,route_tangent,61,8.336,2.000,61,508104.014,3881295.427,1.657572,0.000000,0.000000,0.5600,0.000,0.002,TRACKING|w0 d0 L61
252.556751,129.088813500000,35.074423333333,508097.035,3881299.986,0.002,-2.236267,route_tangent,61,8.336,2.000,61,508104.014,3881295.427,1.657572,0.000000,0.000000,0.5600,0.000,0.002,TRACKING|w0 d0 L61
252.606846,129.088813500000,35.074423333333,508097.035,3881299.986,0.002,-2.236267,route_tangent,61,8.336,2.000,61,508104.014,3881295.427,1.657572,0.000000,0.000000,0.5600,0.000,0.002,TRACKING|w0 d0 L61
252.656803,129.088813500000,35.074423333333,508097.035,3881299.986,0.002,-2.236267,route_tangent,61,8.336,2.000,61,508104.014,3881295.427,1.657572,0.000000,0.000000,0.5600,0.000,0.002,TRACKING|w0 d0 L61
252.706759,129.088813500000,35.074423333333,508097.035,3881299.986,0.003,-2.236267,route_tangent,61,8.336,2.000,61,508104.014,3881295.427,1.657572,0.000000,0.000000,0.5600,0.000,0.003,TRACKING|w0 d0 L61
252.756847,129.088813500000,35.074423333333,508097.035,3881299.986,0.003,-2.236267,route_tangent,61,8.336,2.000,61,508104.014,3881295.427,1.657572,0.000000,0.000000,0.5600,0.000,0.003,TRACKING|w0 d0 L61
252.806957,129.088813500000,35.074423333333,508097.035,3881299.986,0.003,-2.236267,route_tangent,61,8.336,2.000,61,508104.014,3881295.427,1.657572,0.000000,0.000000,0.5600,0.000,0.003,TRACKING|w0 d0 L61
252.856770,129.088813500000,35.074423333333,508097.035,3881299.986,0.003,-2.236267,route_tangent,61,8.336,2.000,61,508104.014,3881295.427,1.657572,0.000000,0.000000,0.5600,0.000,0.003,TRACKING|w0 d0 L61
252.906932,129.088813500000,35.074423333333,508097.035,3881299.986,0.003,-2.236267,route_tangent,61,8.336,2.000,61,508104.014,3881295.427,1.657572,0.000000,0.000000,0.5600,0.000,0.003,TRACKING|w0 d0 L61
252.956758,129.088813500000,35.074423333333,508097.035,3881299.986,0.005,-2.236267,route_tangent,61,8.336,2.000,61,508104.014,3881295.427,1.657572,0.000000,0.000000,0.5600,0.000,0.005,TRACKING|w0 d0 L61
253.006732,129.088813500000,35.074423333333,508097.035,3881299.986,0.005,-2.236267,route_tangent,61,8.336,2.000,61,508104.014,3881295.427,1.657572,0.000000,0.000000,0.5600,0.000,0.005,TRACKING|w0 d0 L61
253.057210,129.088813500000,35.074423333333,508097.035,3881299.986,0.005,-2.236267,route_tangent,61,8.336,2.000,61,508104.014,3881295.427,1.657572,0.000000,0.000000,0.5600,0.000,0.005,TRACKING|w0 d0 L61
253.108049,129.088813500000,35.074423333333,508097.035,3881299.986,0.005,-2.236267,route_tangent,61,8.336,2.000,61,508104.014,3881295.427,1.657572,0.000000,0.000000,0.5600,0.000,0.005,TRACKING|w0 d0 L61
253.156765,129.088813500000,35.074423333333,508097.035,3881299.986,0.005,-2.236267,route_tangent,61,8.336,2.000,61,508104.014,3881295.427,1.657572,0.000000,0.000000,0.5600,0.000,0.005,TRACKING|w0 d0 L61
253.206860,129.088813500000,35.074423333333,508097.035,3881299.986,0.007,-2.236267,route_tangent,61,8.336,2.000,61,508104.014,3881295.427,1.657572,0.000000,0.000000,0.5600,0.000,0.007,TRACKING|w0 d0 L61
253.256770,129.088813500000,35.074423333333,508097.035,3881299.986,0.007,-2.236267,route_tangent,61,8.336,2.000,61,508104.014,3881295.427,1.657572,0.000000,0.000000,0.5600,0.000,0.007,TRACKING|w0 d0 L61
253.306789,129.088813500000,35.074423333333,508097.035,3881299.986,0.007,-2.236267,route_tangent,61,8.336,2.000,61,508104.014,3881295.427,1.657572,0.000000,0.000000,0.5600,0.000,0.007,TRACKING|w0 d0 L61
253.356837,129.088813500000,35.074423333333,508097.035,3881299.986,0.007,-2.236267,route_tangent,61,8.336,2.000,61,508104.014,3881295.427,1.657572,0.000000,0.000000,0.5600,0.000,0.007,TRACKING|w0 d0 L61
253.407075,129.088813500000,35.074423333333,508097.035,3881299.986,0.007,-2.236267,route_tangent,61,8.336,2.000,61,508104.014,3881295.427,1.657572,0.000000,0.000000,0.5600,0.000,0.007,TRACKING|w0 d0 L61
253.457095,129.088813500000,35.074423333333,508097.035,3881299.986,0.007,-2.236267,route_tangent,61,8.336,2.000,61,508104.014,3881295.427,1.657572,0.000000,0.000000,0.5600,0.000,0.007,TRACKING|w0 d0 L61
253.506744,129.088813500000,35.074423333333,508097.035,3881299.986,0.007,-2.236267,route_tangent,61,8.336,2.000,61,508104.014,3881295.427,1.657572,0.000000,0.000000,0.5600,0.000,0.007,TRACKING|w0 d0 L61
253.556768,129.088813500000,35.074423333333,508097.035,3881299.986,0.007,-2.236267,route_tangent,61,8.336,2.000,61,508104.014,3881295.427,1.657572,0.000000,0.000000,0.5600,0.000,0.007,TRACKING|w0 d0 L61
253.606747,129.088813500000,35.074423333333,508097.035,3881299.986,0.007,-2.236267,route_tangent,61,8.336,2.000,61,508104.014,3881295.427,1.657572,0.000000,0.000000,0.5600,0.000,0.007,TRACKING|w0 d0 L61
253.656835,129.088813500000,35.074423333333,508097.035,3881299.986,0.007,-2.236267,route_tangent,61,8.336,2.000,61,508104.014,3881295.427,1.657572,0.000000,0.000000,0.5600,0.000,0.007,TRACKING|w0 d0 L61
253.706730,129.088813500000,35.074423333333,508097.035,3881299.986,0.014,-2.236267,route_tangent,61,8.336,2.000,61,508104.014,3881295.427,1.657572,0.000000,0.000000,0.5600,0.000,0.014,TRACKING|w0 d0 L61
253.756744,129.088813500000,35.074423333333,508097.035,3881299.986,0.014,-2.236267,route_tangent,61,8.336,2.000,61,508104.014,3881295.427,1.657572,0.000000,0.000000,0.5600,0.000,0.014,TRACKING|w0 d0 L61
253.806752,129.088813500000,35.074423333333,508097.035,3881299.986,0.014,-2.236267,route_tangent,61,8.336,2.000,61,508104.014,3881295.427,1.657572,0.000000,0.000000,0.5600,0.000,0.014,TRACKING|w0 d0 L61
253.856789,129.088813500000,35.074423333333,508097.035,3881299.986,0.014,-2.236267,route_tangent,61,8.336,2.000,61,508104.014,3881295.427,1.657572,0.000000,0.000000,0.5600,0.000,0.014,TRACKING|w0 d0 L61
253.908868,129.088813500000,35.074423333333,508097.035,3881299.986,0.014,-2.236267,route_tangent,61,8.336,2.000,61,508104.014,3881295.427,1.657572,0.000000,0.000000,0.5600,0.000,0.014,TRACKING|w0 d0 L61
253.956762,129.088813333333,35.074423333333,508097.020,3881299.986,0.011,-2.236267,route_tangent,61,8.348,2.000,61,508104.014,3881295.427,1.658569,0.000000,0.000000,0.5600,0.000,0.011,TRACKING|w0 d0 L61
254.006787,129.088813333333,35.074423333333,508097.020,3881299.986,0.011,-2.236267,route_tangent,61,8.348,2.000,61,508104.014,3881295.427,1.658569,0.000000,0.000000,0.5600,0.000,0.011,TRACKING|w0 d0 L61
254.056754,129.088813333333,35.074423333333,508097.020,3881299.986,0.011,-2.236267,route_tangent,61,8.348,2.000,61,508104.014,3881295.427,1.658569,0.000000,0.000000,0.5600,0.000,0.011,TRACKING|w0 d0 L61
254.106728,129.088813333333,35.074423333333,508097.020,3881299.986,0.011,-2.236267,route_tangent,61,8.348,2.000,61,508104.014,3881295.427,1.658569,0.000000,0.000000,0.5600,0.000,0.011,TRACKING|w0 d0 L61
254.156733,129.088813333333,35.074423333333,508097.020,3881299.986,0.011,-2.236267,route_tangent,61,8.348,2.000,61,508104.014,3881295.427,1.658569,0.000000,0.000000,0.5600,0.000,0.011,TRACKING|w0 d0 L61
254.206979,129.088813500000,35.074423333333,508097.035,3881299.986,0.012,-2.236267,route_tangent,61,8.336,2.000,61,508104.014,3881295.427,1.657572,0.000000,0.000000,0.5600,0.000,0.012,TRACKING|w0 d0 L61
254.259531,129.088813500000,35.074423333333,508097.035,3881299.986,0.012,-2.236267,route_tangent,61,8.336,2.000,61,508104.014,3881295.427,1.657572,0.000000,0.000000,0.5600,0.000,0.012,TRACKING|w0 d0 L61
254.306742,129.088813500000,35.074423333333,508097.035,3881299.986,0.012,-2.236267,route_tangent,61,8.336,2.000,61,508104.014,3881295.427,1.657572,0.000000,0.000000,0.5600,0.000,0.012,TRACKING|w0 d0 L61
254.357246,129.088813500000,35.074423333333,508097.035,3881299.986,0.012,-2.236267,route_tangent,61,8.336,2.000,61,508104.014,3881295.427,1.657572,0.000000,0.000000,0.5600,0.000,0.012,TRACKING|w0 d0 L61
254.406702,129.088813500000,35.074423333333,508097.035,3881299.986,0.012,-2.236267,route_tangent,61,8.336,2.000,61,508104.014,3881295.427,1.657572,0.000000,0.000000,0.5600,0.000,0.012,TRACKING|w0 d0 L61
254.456786,129.088813500000,35.074423333333,508097.035,3881299.986,0.016,-2.236267,route_tangent,61,8.336,2.000,61,508104.014,3881295.427,1.657572,0.000000,0.000000,0.5600,0.000,0.016,TRACKING|w0 d0 L61
254.506823,129.088813500000,35.074423333333,508097.035,3881299.986,0.016,-2.236267,route_tangent,61,8.336,2.000,61,508104.014,3881295.427,1.657572,0.000000,0.000000,0.5600,0.000,0.016,TRACKING|w0 d0 L61
254.558601,129.088813500000,35.074423333333,508097.035,3881299.986,0.016,-2.236267,route_tangent,61,8.336,2.000,61,508104.014,3881295.427,1.657572,0.000000,0.000000,0.5600,0.000,0.016,TRACKING|w0 d0 L61
254.606884,129.088813500000,35.074423333333,508097.035,3881299.986,0.016,-2.236267,route_tangent,61,8.336,2.000,61,508104.014,3881295.427,1.657572,0.000000,0.000000,0.5600,0.000,0.016,TRACKING|w0 d0 L61
254.657468,129.088813500000,35.074423333333,508097.035,3881299.986,0.016,-2.236267,route_tangent,61,8.336,2.000,61,508104.014,3881295.427,1.657572,0.000000,0.000000,0.5600,0.000,0.016,TRACKING|w0 d0 L61
254.708060,129.088813500000,35.074423333333,508097.035,3881299.986,0.014,-2.236267,route_tangent,61,8.336,2.000,61,508104.014,3881295.427,1.657572,0.000000,0.000000,0.5600,0.000,0.014,TRACKING|w0 d0 L61
254.756735,129.088813500000,35.074423333333,508097.035,3881299.986,0.014,-2.236267,route_tangent,61,8.336,2.000,61,508104.014,3881295.427,1.657572,0.000000,0.000000,0.5600,0.000,0.014,TRACKING|w0 d0 L61
254.806805,129.088813500000,35.074423333333,508097.035,3881299.986,0.014,-2.236267,route_tangent,61,8.336,2.000,61,508104.014,3881295.427,1.657572,0.000000,0.000000,0.5600,0.000,0.014,TRACKING|w0 d0 L61
254.856741,129.088813500000,35.074423333333,508097.035,3881299.986,0.014,-2.236267,route_tangent,61,8.336,2.000,61,508104.014,3881295.427,1.657572,0.000000,0.000000,0.5600,0.000,0.014,TRACKING|w0 d0 L61
254.906784,129.088813500000,35.074423333333,508097.035,3881299.986,0.014,-2.236267,route_tangent,61,8.336,2.000,61,508104.014,3881295.427,1.657572,0.000000,0.000000,0.5600,0.000,0.014,TRACKING|w0 d0 L61
254.956863,129.088813500000,35.074423333333,508097.035,3881299.986,0.007,-2.236267,route_tangent,61,8.336,2.000,61,508104.014,3881295.427,1.657572,0.000000,0.000000,0.5600,0.000,0.007,TRACKING|w0 d0 L61
255.006808,129.088813500000,35.074423333333,508097.035,3881299.986,0.007,-2.236267,route_tangent,61,8.336,2.000,61,508104.014,3881295.427,1.657572,0.000000,0.000000,0.5600,0.000,0.007,TRACKING|w0 d0 L61
255.056739,129.088813500000,35.074423333333,508097.035,3881299.986,0.007,-2.236267,route_tangent,61,8.336,2.000,61,508104.014,3881295.427,1.657572,0.000000,0.000000,0.5600,0.000,0.007,TRACKING|w0 d0 L61
255.106740,129.088813500000,35.074423333333,508097.035,3881299.986,0.007,-2.236267,route_tangent,61,8.336,2.000,61,508104.014,3881295.427,1.657572,0.000000,0.000000,0.5600,0.000,0.007,TRACKING|w0 d0 L61
255.157862,129.088813500000,35.074423333333,508097.035,3881299.986,0.007,-2.236267,route_tangent,61,8.336,2.000,61,508104.014,3881295.427,1.657572,0.000000,0.000000,0.5600,0.000,0.007,TRACKING|w0 d0 L61
255.206904,129.088813500000,35.074423333333,508097.035,3881299.986,0.006,-2.236267,route_tangent,61,8.336,2.000,61,508104.014,3881295.427,1.657572,0.000000,0.000000,0.5600,0.000,0.006,TRACKING|w0 d0 L61
255.256762,129.088813500000,35.074423333333,508097.035,3881299.986,0.006,-2.236267,route_tangent,61,8.336,2.000,61,508104.014,3881295.427,1.657572,0.000000,0.000000,0.5600,0.000,0.006,TRACKING|w0 d0 L61
255.306845,129.088813500000,35.074423333333,508097.035,3881299.986,0.006,-2.236267,route_tangent,61,8.336,2.000,61,508104.014,3881295.427,1.657572,0.000000,0.000000,0.5600,0.000,0.006,TRACKING|w0 d0 L61
255.356931,129.088813500000,35.074423333333,508097.035,3881299.986,0.006,-2.236267,route_tangent,61,8.336,2.000,61,508104.014,3881295.427,1.657572,0.000000,0.000000,0.5600,0.000,0.006,TRACKING|w0 d0 L61
255.407004,129.088813500000,35.074423333333,508097.035,3881299.986,0.006,-2.236267,route_tangent,61,8.336,2.000,61,508104.014,3881295.427,1.657572,0.000000,0.000000,0.5600,0.000,0.006,TRACKING|w0 d0 L61
255.457061,129.088813500000,35.074423333333,508097.035,3881299.986,0.013,-2.236267,route_tangent,61,8.336,2.000,61,508104.014,3881295.427,1.657572,0.000000,0.000000,0.5600,0.000,0.013,TRACKING|w0 d0 L61
255.507262,129.088813500000,35.074423333333,508097.035,3881299.986,0.013,-2.236267,route_tangent,61,8.336,2.000,61,508104.014,3881295.427,1.657572,0.000000,0.000000,0.5600,0.000,0.013,TRACKING|w0 d0 L61
255.556826,129.088813500000,35.074423333333,508097.035,3881299.986,0.013,-2.236267,route_tangent,61,8.336,2.000,61,508104.014,3881295.427,1.657572,0.000000,0.000000,0.5600,0.000,0.013,TRACKING|w0 d0 L61
255.606784,129.088813500000,35.074423333333,508097.035,3881299.986,0.013,-2.236267,route_tangent,61,8.336,2.000,61,508104.014,3881295.427,1.657572,0.000000,0.000000,0.5600,0.000,0.013,TRACKING|w0 d0 L61
255.656753,129.088813500000,35.074423333333,508097.035,3881299.986,0.013,-2.236267,route_tangent,61,8.336,2.000,61,508104.014,3881295.427,1.657572,0.000000,0.000000,0.5600,0.000,0.013,TRACKING|w0 d0 L61
255.706760,129.088813500000,35.074423333333,508097.035,3881299.986,0.004,-2.236267,route_tangent,61,8.336,2.000,61,508104.014,3881295.427,1.657572,0.000000,0.000000,0.5600,0.000,0.004,TRACKING|w0 d0 L61
255.756775,129.088813500000,35.074423333333,508097.035,3881299.986,0.004,-2.236267,route_tangent,61,8.336,2.000,61,508104.014,3881295.427,1.657572,0.000000,0.000000,0.5600,0.000,0.004,TRACKING|w0 d0 L61
255.807004,129.088813500000,35.074423333333,508097.035,3881299.986,0.004,-2.236267,route_tangent,61,8.336,2.000,61,508104.014,3881295.427,1.657572,0.000000,0.000000,0.5600,0.000,0.004,TRACKING|w0 d0 L61
255.856942,129.088813500000,35.074423333333,508097.035,3881299.986,0.004,-2.236267,route_tangent,61,8.336,2.000,61,508104.014,3881295.427,1.657572,0.000000,0.000000,0.5600,0.000,0.004,TRACKING|w0 d0 L61
255.906764,129.088813500000,35.074423333333,508097.035,3881299.986,0.004,-2.236267,route_tangent,61,8.336,2.000,61,508104.014,3881295.427,1.657572,0.000000,0.000000,0.5600,0.000,0.004,TRACKING|w0 d0 L61
255.957248,129.088813500000,35.074423333333,508097.035,3881299.986,0.002,-2.236267,route_tangent,61,8.336,2.000,61,508104.014,3881295.427,1.657572,0.000000,0.000000,0.5600,0.000,0.002,TRACKING|w0 d0 L61
256.006883,129.088813500000,35.074423333333,508097.035,3881299.986,0.002,-2.236267,route_tangent,61,8.336,2.000,61,508104.014,3881295.427,1.657572,0.000000,0.000000,0.5600,0.000,0.002,TRACKING|w0 d0 L61
256.057029,129.088813500000,35.074423333333,508097.035,3881299.986,0.002,-2.236267,route_tangent,61,8.336,2.000,61,508104.014,3881295.427,1.657572,0.000000,0.000000,0.5600,0.000,0.002,TRACKING|w0 d0 L61
256.106727,129.088813500000,35.074423333333,508097.035,3881299.986,0.002,-2.236267,route_tangent,61,8.336,2.000,61,508104.014,3881295.427,1.657572,0.000000,0.000000,0.5600,0.000,0.002,TRACKING|w0 d0 L61
256.156818,129.088813500000,35.074423333333,508097.035,3881299.986,0.002,-2.236267,route_tangent,61,8.336,2.000,61,508104.014,3881295.427,1.657572,0.000000,0.000000,0.5600,0.000,0.002,TRACKING|w0 d0 L61
256.207226,129.088813500000,35.074423333333,508097.035,3881299.986,0.013,-2.236267,route_tangent,61,8.336,2.000,61,508104.014,3881295.427,1.657572,0.000000,0.000000,0.5600,0.000,0.013,TRACKING|w0 d0 L61
256.257060,129.088813500000,35.074423333333,508097.035,3881299.986,0.013,-2.236267,route_tangent,61,8.336,2.000,61,508104.014,3881295.427,1.657572,0.000000,0.000000,0.5600,0.000,0.013,TRACKING|w0 d0 L61
256.308485,129.088813500000,35.074423333333,508097.035,3881299.986,0.013,-2.236267,route_tangent,61,8.336,2.000,61,508104.014,3881295.427,1.657572,0.000000,0.000000,0.5600,0.000,0.013,TRACKING|w0 d0 L61
256.356767,129.088813500000,35.074423333333,508097.035,3881299.986,0.013,-2.236267,route_tangent,61,8.336,2.000,61,508104.014,3881295.427,1.657572,0.000000,0.000000,0.5600,0.000,0.013,TRACKING|w0 d0 L61
256.406747,129.088813500000,35.074423333333,508097.035,3881299.986,0.013,-2.236267,route_tangent,61,8.336,2.000,61,508104.014,3881295.427,1.657572,0.000000,0.000000,0.5600,0.000,0.013,TRACKING|w0 d0 L61
256.456879,129.088813500000,35.074423333333,508097.035,3881299.986,0.013,-2.236267,route_tangent,61,8.336,2.000,61,508104.014,3881295.427,1.657572,0.000000,0.000000,0.5600,0.000,0.013,TRACKING|w0 d0 L61
256.506755,129.088813500000,35.074423333333,508097.035,3881299.986,0.013,-2.236267,route_tangent,61,8.336,2.000,61,508104.014,3881295.427,1.657572,0.000000,0.000000,0.5600,0.000,0.013,TRACKING|w0 d0 L61
256.556734,129.088813500000,35.074423333333,508097.035,3881299.986,0.013,-2.236267,route_tangent,61,8.336,2.000,61,508104.014,3881295.427,1.657572,0.000000,0.000000,0.5600,0.000,0.013,TRACKING|w0 d0 L61
256.606770,129.088813500000,35.074423333333,508097.035,3881299.986,0.013,-2.236267,route_tangent,61,8.336,2.000,61,508104.014,3881295.427,1.657572,0.000000,0.000000,0.5600,0.000,0.013,TRACKING|w0 d0 L61
256.657240,129.088813500000,35.074423333333,508097.035,3881299.986,0.013,-2.236267,route_tangent,61,8.336,2.000,61,508104.014,3881295.427,1.657572,0.000000,0.000000,0.5600,0.000,0.013,TRACKING|w0 d0 L61
256.706801,129.088813500000,35.074423333333,508097.035,3881299.986,0.010,-2.236267,route_tangent,61,8.336,2.000,61,508104.014,3881295.427,1.657572,0.000000,0.000000,0.5600,0.000,0.010,TRACKING|w0 d0 L61
256.756743,129.088813500000,35.074423333333,508097.035,3881299.986,0.010,-2.236267,route_tangent,61,8.336,2.000,61,508104.014,3881295.427,1.657572,0.000000,0.000000,0.5600,0.000,0.010,TRACKING|w0 d0 L61
256.806759,129.088813500000,35.074423333333,508097.035,3881299.986,0.010,-2.236267,route_tangent,61,8.336,2.000,61,508104.014,3881295.427,1.657572,0.000000,0.000000,0.5600,0.000,0.010,TRACKING|w0 d0 L61
256.856814,129.088813500000,35.074423333333,508097.035,3881299.986,0.010,-2.236267,route_tangent,61,8.336,2.000,61,508104.014,3881295.427,1.657572,0.000000,0.000000,0.5600,0.000,0.010,TRACKING|w0 d0 L61
256.906731,129.088813500000,35.074423333333,508097.035,3881299.986,0.010,-2.236267,route_tangent,61,8.336,2.000,61,508104.014,3881295.427,1.657572,0.000000,0.000000,0.5600,0.000,0.010,TRACKING|w0 d0 L61
256.956770,129.088813500000,35.074423333333,508097.035,3881299.986,0.010,-2.236267,route_tangent,61,8.336,2.000,61,508104.014,3881295.427,1.657572,0.000000,0.000000,0.5600,0.000,0.010,TRACKING|w0 d0 L61
257.006859,129.088813500000,35.074423333333,508097.035,3881299.986,0.010,-2.236267,route_tangent,61,8.336,2.000,61,508104.014,3881295.427,1.657572,0.000000,0.000000,0.5600,0.000,0.010,TRACKING|w0 d0 L61
257.056878,129.088813500000,35.074423333333,508097.035,3881299.986,0.010,-2.236267,route_tangent,61,8.336,2.000,61,508104.014,3881295.427,1.657572,0.000000,0.000000,0.5600,0.000,0.010,TRACKING|w0 d0 L61
257.107446,129.088813500000,35.074423333333,508097.035,3881299.986,0.010,-2.236267,route_tangent,61,8.336,2.000,61,508104.014,3881295.427,1.657572,0.000000,0.000000,0.5600,0.000,0.010,TRACKING|w0 d0 L61
257.156754,129.088813500000,35.074423333333,508097.035,3881299.986,0.010,-2.236267,route_tangent,61,8.336,2.000,61,508104.014,3881295.427,1.657572,0.000000,0.000000,0.5600,0.000,0.010,TRACKING|w0 d0 L61
257.206841,129.088813500000,35.074423333333,508097.035,3881299.986,0.007,-2.236267,route_tangent,61,8.336,2.000,61,508104.014,3881295.427,1.657572,0.000000,0.000000,0.5600,0.000,0.007,TRACKING|w0 d0 L61
257.256957,129.088813500000,35.074423333333,508097.035,3881299.986,0.007,-2.236267,route_tangent,61,8.336,2.000,61,508104.014,3881295.427,1.657572,0.000000,0.000000,0.5600,0.000,0.007,TRACKING|w0 d0 L61
257.306763,129.088813500000,35.074423333333,508097.035,3881299.986,0.007,-2.236267,route_tangent,61,8.336,2.000,61,508104.014,3881295.427,1.657572,0.000000,0.000000,0.5600,0.000,0.007,TRACKING|w0 d0 L61
257.356782,129.088813500000,35.074423333333,508097.035,3881299.986,0.007,-2.236267,route_tangent,61,8.336,2.000,61,508104.014,3881295.427,1.657572,0.000000,0.000000,0.5600,0.000,0.007,TRACKING|w0 d0 L61
257.406798,129.088813500000,35.074423333333,508097.035,3881299.986,0.007,-2.236267,route_tangent,61,8.336,2.000,61,508104.014,3881295.427,1.657572,0.000000,0.000000,0.5600,0.000,0.007,TRACKING|w0 d0 L61
257.457116,129.088813500000,35.074423333333,508097.035,3881299.986,0.007,-2.236267,route_tangent,61,8.336,2.000,61,508104.014,3881295.427,1.657572,0.000000,0.000000,0.5600,0.000,0.007,TRACKING|w0 d0 L61
257.506990,129.088813500000,35.074423333333,508097.035,3881299.986,0.007,-2.236267,route_tangent,61,8.336,2.000,61,508104.014,3881295.427,1.657572,0.000000,0.000000,0.5600,0.000,0.007,TRACKING|w0 d0 L61
257.556823,129.088813500000,35.074423333333,508097.035,3881299.986,0.007,-2.236267,route_tangent,61,8.336,2.000,61,508104.014,3881295.427,1.657572,0.000000,0.000000,0.5600,0.000,0.007,TRACKING|w0 d0 L61
257.606853,129.088813500000,35.074423333333,508097.035,3881299.986,0.007,-2.236267,route_tangent,61,8.336,2.000,61,508104.014,3881295.427,1.657572,0.000000,0.000000,0.5600,0.000,0.007,TRACKING|w0 d0 L61
257.656742,129.088813500000,35.074423333333,508097.035,3881299.986,0.007,-2.236267,route_tangent,61,8.336,2.000,61,508104.014,3881295.427,1.657572,0.000000,0.000000,0.5600,0.000,0.007,TRACKING|w0 d0 L61
257.706745,129.088813500000,35.074423333333,508097.035,3881299.986,0.005,-2.236267,route_tangent,61,8.336,2.000,61,508104.014,3881295.427,1.657572,0.000000,0.000000,0.5600,0.000,0.005,TRACKING|w0 d0 L61
257.758156,129.088813500000,35.074423333333,508097.035,3881299.986,0.005,-2.236267,route_tangent,61,8.336,2.000,61,508104.014,3881295.427,1.657572,0.000000,0.000000,0.5600,0.000,0.005,TRACKING|w0 d0 L61
257.806767,129.088813500000,35.074423333333,508097.035,3881299.986,0.005,-2.236267,route_tangent,61,8.336,2.000,61,508104.014,3881295.427,1.657572,0.000000,0.000000,0.5600,0.000,0.005,TRACKING|w0 d0 L61
257.856927,129.088813500000,35.074423333333,508097.035,3881299.986,0.005,-2.236267,route_tangent,61,8.336,2.000,61,508104.014,3881295.427,1.657572,0.000000,0.000000,0.5600,0.000,0.005,TRACKING|w0 d0 L61
257.907611,129.088813500000,35.074423333333,508097.035,3881299.986,0.005,-2.236267,route_tangent,61,8.336,2.000,61,508104.014,3881295.427,1.657572,0.000000,0.000000,0.5600,0.000,0.005,TRACKING|w0 d0 L61
257.956685,129.088813500000,35.074423333333,508097.035,3881299.986,0.005,-2.236267,route_tangent,61,8.336,2.000,61,508104.014,3881295.427,1.657572,0.000000,0.000000,0.5600,0.000,0.005,TRACKING|w0 d0 L61
258.006834,129.088813500000,35.074423333333,508097.035,3881299.986,0.005,-2.236267,route_tangent,61,8.336,2.000,61,508104.014,3881295.427,1.657572,0.000000,0.000000,0.5600,0.000,0.005,TRACKING|w0 d0 L61
258.056894,129.088813500000,35.074423333333,508097.035,3881299.986,0.005,-2.236267,route_tangent,61,8.336,2.000,61,508104.014,3881295.427,1.657572,0.000000,0.000000,0.5600,0.000,0.005,TRACKING|w0 d0 L61
258.106738,129.088813500000,35.074423333333,508097.035,3881299.986,0.005,-2.236267,route_tangent,61,8.336,2.000,61,508104.014,3881295.427,1.657572,0.000000,0.000000,0.5600,0.000,0.005,TRACKING|w0 d0 L61
258.156753,129.088813500000,35.074423333333,508097.035,3881299.986,0.005,-2.236267,route_tangent,61,8.336,2.000,61,508104.014,3881295.427,1.657572,0.000000,0.000000,0.5600,0.000,0.005,TRACKING|w0 d0 L61
258.206736,129.088813500000,35.074423333333,508097.035,3881299.986,0.005,-2.236267,route_tangent,61,8.336,2.000,61,508104.014,3881295.427,1.657572,0.000000,0.000000,0.5600,0.000,0.005,TRACKING|w0 d0 L61
258.258592,129.088813500000,35.074423333333,508097.035,3881299.986,0.005,-2.236267,route_tangent,61,8.336,2.000,61,508104.014,3881295.427,1.657572,0.000000,0.000000,0.5600,0.000,0.005,TRACKING|w0 d0 L61
258.306746,129.088813500000,35.074423333333,508097.035,3881299.986,0.005,-2.236267,route_tangent,61,8.336,2.000,61,508104.014,3881295.427,1.657572,0.000000,0.000000,0.5600,0.000,0.005,TRACKING|w0 d0 L61
258.357238,129.088813500000,35.074423333333,508097.035,3881299.986,0.005,-2.236267,route_tangent,61,8.336,2.000,61,508104.014,3881295.427,1.657572,0.000000,0.000000,0.5600,0.000,0.005,TRACKING|w0 d0 L61
258.406719,129.088813500000,35.074423333333,508097.035,3881299.986,0.005,-2.236267,route_tangent,61,8.336,2.000,61,508104.014,3881295.427,1.657572,0.000000,0.000000,0.5600,0.000,0.005,TRACKING|w0 d0 L61
258.456790,129.088813500000,35.074423333333,508097.035,3881299.986,0.006,-2.236267,route_tangent,61,8.336,2.000,61,508104.014,3881295.427,1.657572,0.000000,0.000000,0.5600,0.000,0.006,TRACKING|w0 d0 L61
258.506734,129.088813500000,35.074423333333,508097.035,3881299.986,0.006,-2.236267,route_tangent,61,8.336,2.000,61,508104.014,3881295.427,1.657572,0.000000,0.000000,0.5600,0.000,0.006,TRACKING|w0 d0 L61
258.556758,129.088813500000,35.074423333333,508097.035,3881299.986,0.006,-2.236267,route_tangent,61,8.336,2.000,61,508104.014,3881295.427,1.657572,0.000000,0.000000,0.5600,0.000,0.006,TRACKING|w0 d0 L61
258.606812,129.088813500000,35.074423333333,508097.035,3881299.986,0.006,-2.236267,route_tangent,61,8.336,2.000,61,508104.014,3881295.427,1.657572,0.000000,0.000000,0.5600,0.000,0.006,TRACKING|w0 d0 L61
258.656927,129.088813500000,35.074423333333,508097.035,3881299.986,0.006,-2.236267,route_tangent,61,8.336,2.000,61,508104.014,3881295.427,1.657572,0.000000,0.000000,0.5600,0.000,0.006,TRACKING|w0 d0 L61
258.708583,129.088813500000,35.074423333333,508097.035,3881299.986,0.006,-2.236267,route_tangent,61,8.336,2.000,61,508104.014,3881295.427,1.657572,0.000000,0.000000,0.5600,0.000,0.006,TRACKING|w0 d0 L61
258.756959,129.088813500000,35.074423333333,508097.035,3881299.986,0.006,-2.236267,route_tangent,61,8.336,2.000,61,508104.014,3881295.427,1.657572,0.000000,0.000000,0.5600,0.000,0.006,TRACKING|w0 d0 L61
258.806842,129.088813500000,35.074423333333,508097.035,3881299.986,0.006,-2.236267,route_tangent,61,8.336,2.000,61,508104.014,3881295.427,1.657572,0.000000,0.000000,0.5600,0.000,0.006,TRACKING|w0 d0 L61
258.856914,129.088813500000,35.074423333333,508097.035,3881299.986,0.006,-2.236267,route_tangent,61,8.336,2.000,61,508104.014,3881295.427,1.657572,0.000000,0.000000,0.5600,0.000,0.006,TRACKING|w0 d0 L61
258.906871,129.088813500000,35.074423333333,508097.035,3881299.986,0.006,-2.236267,route_tangent,61,8.336,2.000,61,508104.014,3881295.427,1.657572,0.000000,0.000000,0.5600,0.000,0.006,TRACKING|w0 d0 L61
258.956736,129.088813500000,35.074423333333,508097.035,3881299.986,0.006,-2.236267,route_tangent,61,8.336,2.000,61,508104.014,3881295.427,1.657572,0.000000,0.000000,0.5600,0.000,0.006,TRACKING|w0 d0 L61
259.006875,129.088813500000,35.074423333333,508097.035,3881299.986,0.006,-2.236267,route_tangent,61,8.336,2.000,61,508104.014,3881295.427,1.657572,0.000000,0.000000,0.5600,0.000,0.006,TRACKING|w0 d0 L61
259.056815,129.088813500000,35.074423333333,508097.035,3881299.986,0.006,-2.236267,route_tangent,61,8.336,2.000,61,508104.014,3881295.427,1.657572,0.000000,0.000000,0.5600,0.000,0.006,TRACKING|w0 d0 L61
259.106842,129.088813500000,35.074423333333,508097.035,3881299.986,0.006,-2.236267,route_tangent,61,8.336,2.000,61,508104.014,3881295.427,1.657572,0.000000,0.000000,0.5600,0.000,0.006,TRACKING|w0 d0 L61
259.157090,129.088813500000,35.074423333333,508097.035,3881299.986,0.006,-2.236267,route_tangent,61,8.336,2.000,61,508104.014,3881295.427,1.657572,0.000000,0.000000,0.5600,0.000,0.006,TRACKING|w0 d0 L61
259.206798,129.088813500000,35.074423333333,508097.035,3881299.986,0.006,-2.236267,route_tangent,61,8.336,2.000,61,508104.014,3881295.427,1.657572,0.000000,0.000000,0.5600,0.000,0.006,TRACKING|w0 d0 L61
259.256738,129.088813500000,35.074423333333,508097.035,3881299.986,0.006,-2.236267,route_tangent,61,8.336,2.000,61,508104.014,3881295.427,1.657572,0.000000,0.000000,0.5600,0.000,0.006,TRACKING|w0 d0 L61
259.306782,129.088813500000,35.074423333333,508097.035,3881299.986,0.006,-2.236267,route_tangent,61,8.336,2.000,61,508104.014,3881295.427,1.657572,0.000000,0.000000,0.5600,0.000,0.006,TRACKING|w0 d0 L61
259.356744,129.088813500000,35.074423333333,508097.035,3881299.986,0.006,-2.236267,route_tangent,61,8.336,2.000,61,508104.014,3881295.427,1.657572,0.000000,0.000000,0.5600,0.000,0.006,TRACKING|w0 d0 L61
259.407305,129.088813500000,35.074423333333,508097.035,3881299.986,0.006,-2.236267,route_tangent,61,8.336,2.000,61,508104.014,3881295.427,1.657572,0.000000,0.000000,0.5600,0.000,0.006,TRACKING|w0 d0 L61
259.456912,129.088813500000,35.074423333333,508097.035,3881299.986,0.010,-2.236267,route_tangent,61,8.336,2.000,61,508104.014,3881295.427,1.657572,0.000000,0.000000,0.5600,0.000,0.010,TRACKING|w0 d0 L61
259.506996,129.088813500000,35.074423333333,508097.035,3881299.986,0.010,-2.236267,route_tangent,61,8.336,2.000,61,508104.014,3881295.427,1.657572,0.000000,0.000000,0.5600,0.000,0.010,TRACKING|w0 d0 L61
259.556824,129.088813500000,35.074423333333,508097.035,3881299.986,0.010,-2.236267,route_tangent,61,8.336,2.000,61,508104.014,3881295.427,1.657572,0.000000,0.000000,0.5600,0.000,0.010,TRACKING|w0 d0 L61
259.607134,129.088813500000,35.074423333333,508097.035,3881299.986,0.010,-2.236267,route_tangent,61,8.336,2.000,61,508104.014,3881295.427,1.657572,0.000000,0.000000,0.5600,0.000,0.010,TRACKING|w0 d0 L61
259.657104,129.088813500000,35.074423333333,508097.035,3881299.986,0.010,-2.236267,route_tangent,61,8.336,2.000,61,508104.014,3881295.427,1.657572,0.000000,0.000000,0.5600,0.000,0.010,TRACKING|w0 d0 L61
259.706868,129.088813500000,35.074423333333,508097.035,3881299.986,0.005,-2.236267,route_tangent,61,8.336,2.000,61,508104.014,3881295.427,1.657572,0.000000,0.000000,0.5600,0.000,0.005,TRACKING|w0 d0 L61
259.756792,129.088813500000,35.074423333333,508097.035,3881299.986,0.005,-2.236267,route_tangent,61,8.336,2.000,61,508104.014,3881295.427,1.657572,0.000000,0.000000,0.5600,0.000,0.005,TRACKING|w0 d0 L61
259.806848,129.088813500000,35.074423333333,508097.035,3881299.986,0.005,-2.236267,route_tangent,61,8.336,2.000,61,508104.014,3881295.427,1.657572,0.000000,0.000000,0.5600,0.000,0.005,TRACKING|w0 d0 L61
259.856746,129.088813500000,35.074423333333,508097.035,3881299.986,0.005,-2.236267,route_tangent,61,8.336,2.000,61,508104.014,3881295.427,1.657572,0.000000,0.000000,0.5600,0.000,0.005,TRACKING|w0 d0 L61
259.907135,129.088813500000,35.074423333333,508097.035,3881299.986,0.005,-2.236267,route_tangent,61,8.336,2.000,61,508104.014,3881295.427,1.657572,0.000000,0.000000,0.5600,0.000,0.005,TRACKING|w0 d0 L61
259.956781,129.088813500000,35.074423333333,508097.035,3881299.986,0.001,-2.236267,route_tangent,61,8.336,2.000,61,508104.014,3881295.427,1.657572,0.000000,0.000000,0.5600,0.000,0.001,TRACKING|w0 d0 L61
260.006731,129.088813500000,35.074423333333,508097.035,3881299.986,0.001,-2.236267,route_tangent,61,8.336,2.000,61,508104.014,3881295.427,1.657572,0.000000,0.000000,0.5600,0.000,0.001,TRACKING|w0 d0 L61
260.056862,129.088813500000,35.074423333333,508097.035,3881299.986,0.001,-2.236267,route_tangent,61,8.336,2.000,61,508104.014,3881295.427,1.657572,0.000000,0.000000,0.5600,0.000,0.001,TRACKING|w0 d0 L61
260.107034,129.088813500000,35.074423333333,508097.035,3881299.986,0.001,-2.236267,route_tangent,61,8.336,2.000,61,508104.014,3881295.427,1.657572,0.000000,0.000000,0.5600,0.000,0.001,TRACKING|w0 d0 L61
260.156935,129.088813500000,35.074423333333,508097.035,3881299.986,0.001,-2.236267,route_tangent,61,8.336,2.000,61,508104.014,3881295.427,1.657572,0.000000,0.000000,0.5600,0.000,0.001,TRACKING|w0 d0 L61
260.206885,129.088813500000,35.074423333333,508097.035,3881299.986,0.009,-2.236267,route_tangent,61,8.336,2.000,61,508104.014,3881295.427,1.657572,0.000000,0.000000,0.5600,0.000,0.009,TRACKING|w0 d0 L61
260.256855,129.088813500000,35.074423333333,508097.035,3881299.986,0.009,-2.236267,route_tangent,61,8.336,2.000,61,508104.014,3881295.427,1.657572,0.000000,0.000000,0.5600,0.000,0.009,TRACKING|w0 d0 L61
260.306932,129.088813500000,35.074423333333,508097.035,3881299.986,0.009,-2.236267,route_tangent,61,8.336,2.000,61,508104.014,3881295.427,1.657572,0.000000,0.000000,0.5600,0.000,0.009,TRACKING|w0 d0 L61
260.356747,129.088813500000,35.074423333333,508097.035,3881299.986,0.009,-2.236267,route_tangent,61,8.336,2.000,61,508104.014,3881295.427,1.657572,0.000000,0.000000,0.5600,0.000,0.009,TRACKING|w0 d0 L61
260.406919,129.088813500000,35.074423333333,508097.035,3881299.986,0.009,-2.236267,route_tangent,61,8.336,2.000,61,508104.014,3881295.427,1.657572,0.000000,0.000000,0.5600,0.000,0.009,TRACKING|w0 d0 L61
260.456775,129.088813500000,35.074423333333,508097.035,3881299.986,0.009,-2.236267,route_tangent,61,8.336,2.000,61,508104.014,3881295.427,1.657572,0.000000,0.000000,0.5600,0.000,0.009,TRACKING|w0 d0 L61
260.506711,129.088813500000,35.074423333333,508097.035,3881299.986,0.009,-2.236267,route_tangent,61,8.336,2.000,61,508104.014,3881295.427,1.657572,0.000000,0.000000,0.5600,0.000,0.009,TRACKING|w0 d0 L61
260.556861,129.088813500000,35.074423333333,508097.035,3881299.986,0.009,-2.236267,route_tangent,61,8.336,2.000,61,508104.014,3881295.427,1.657572,0.000000,0.000000,0.5600,0.000,0.009,TRACKING|w0 d0 L61
260.607171,129.088813500000,35.074423333333,508097.035,3881299.986,0.009,-2.236267,route_tangent,61,8.336,2.000,61,508104.014,3881295.427,1.657572,0.000000,0.000000,0.5600,0.000,0.009,TRACKING|w0 d0 L61
260.656773,129.088813500000,35.074423333333,508097.035,3881299.986,0.009,-2.236267,route_tangent,61,8.336,2.000,61,508104.014,3881295.427,1.657572,0.000000,0.000000,0.5600,0.000,0.009,TRACKING|w0 d0 L61
260.706846,129.088813500000,35.074423333333,508097.035,3881299.986,0.014,-2.236267,route_tangent,61,8.336,2.000,61,508104.014,3881295.427,1.657572,0.000000,0.000000,0.5600,0.000,0.014,TRACKING|w0 d0 L61
260.756946,129.088813500000,35.074423333333,508097.035,3881299.986,0.014,-2.236267,route_tangent,61,8.336,2.000,61,508104.014,3881295.427,1.657572,0.000000,0.000000,0.5600,0.000,0.014,TRACKING|w0 d0 L61
260.806801,129.088813500000,35.074423333333,508097.035,3881299.986,0.014,-2.236267,route_tangent,61,8.336,2.000,61,508104.014,3881295.427,1.657572,0.000000,0.000000,0.5600,0.000,0.014,TRACKING|w0 d0 L61
260.856838,129.088813500000,35.074423333333,508097.035,3881299.986,0.014,-2.236267,route_tangent,61,8.336,2.000,61,508104.014,3881295.427,1.657572,0.000000,0.000000,0.5600,0.000,0.014,TRACKING|w0 d0 L61
260.906729,129.088813500000,35.074423333333,508097.035,3881299.986,0.014,-2.236267,route_tangent,61,8.336,2.000,61,508104.014,3881295.427,1.657572,0.000000,0.000000,0.5600,0.000,0.014,TRACKING|w0 d0 L61
260.956747,129.088813500000,35.074423333333,508097.035,3881299.986,0.009,-2.236267,route_tangent,61,8.336,2.000,61,508104.014,3881295.427,1.657572,0.000000,0.000000,0.5600,0.000,0.009,TRACKING|w0 d0 L61
261.006754,129.088813500000,35.074423333333,508097.035,3881299.986,0.009,-2.236267,route_tangent,61,8.336,2.000,61,508104.014,3881295.427,1.657572,0.000000,0.000000,0.5600,0.000,0.009,TRACKING|w0 d0 L61
261.056772,129.088813500000,35.074423333333,508097.035,3881299.986,0.009,-2.236267,route_tangent,61,8.336,2.000,61,508104.014,3881295.427,1.657572,0.000000,0.000000,0.5600,0.000,0.009,TRACKING|w0 d0 L61
261.109577,129.088813500000,35.074423333333,508097.035,3881299.986,0.009,-2.236267,route_tangent,61,8.336,2.000,61,508104.014,3881295.427,1.657572,0.000000,0.000000,0.5600,0.000,0.009,TRACKING|w0 d0 L61
261.156764,129.088813500000,35.074423333333,508097.035,3881299.986,0.009,-2.236267,route_tangent,61,8.336,2.000,61,508104.014,3881295.427,1.657572,0.000000,0.000000,0.5600,0.000,0.009,TRACKING|w0 d0 L61
261.206820,129.088813500000,35.074423333333,508097.035,3881299.986,0.005,-2.236267,route_tangent,61,8.336,2.000,61,508104.014,3881295.427,1.657572,0.000000,0.000000,0.5600,0.000,0.005,TRACKING|w0 d0 L61
261.257170,129.088813500000,35.074423333333,508097.035,3881299.986,0.005,-2.236267,route_tangent,61,8.336,2.000,61,508104.014,3881295.427,1.657572,0.000000,0.000000,0.5600,0.000,0.005,TRACKING|w0 d0 L61
261.306734,129.088813500000,35.074423333333,508097.035,3881299.986,0.005,-2.236267,route_tangent,61,8.336,2.000,61,508104.014,3881295.427,1.657572,0.000000,0.000000,0.5600,0.000,0.005,TRACKING|w0 d0 L61
261.356743,129.088813500000,35.074423333333,508097.035,3881299.986,0.005,-2.236267,route_tangent,61,8.336,2.000,61,508104.014,3881295.427,1.657572,0.000000,0.000000,0.5600,0.000,0.005,TRACKING|w0 d0 L61
261.407687,129.088813500000,35.074423333333,508097.035,3881299.986,0.005,-2.236267,route_tangent,61,8.336,2.000,61,508104.014,3881295.427,1.657572,0.000000,0.000000,0.5600,0.000,0.005,TRACKING|w0 d0 L61
261.456864,129.088813500000,35.074423333333,508097.035,3881299.986,0.008,-2.236267,route_tangent,61,8.336,2.000,61,508104.014,3881295.427,1.657572,0.000000,0.000000,0.5600,0.000,0.008,TRACKING|w0 d0 L61
261.506807,129.088813500000,35.074423333333,508097.035,3881299.986,0.008,-2.236267,route_tangent,61,8.336,2.000,61,508104.014,3881295.427,1.657572,0.000000,0.000000,0.5600,0.000,0.008,TRACKING|w0 d0 L61
261.556769,129.088813500000,35.074423333333,508097.035,3881299.986,0.008,-2.236267,route_tangent,61,8.336,2.000,61,508104.014,3881295.427,1.657572,0.000000,0.000000,0.5600,0.000,0.008,TRACKING|w0 d0 L61
261.606697,129.088813500000,35.074423333333,508097.035,3881299.986,0.008,-2.236267,route_tangent,61,8.336,2.000,61,508104.014,3881295.427,1.657572,0.000000,0.000000,0.5600,0.000,0.008,TRACKING|w0 d0 L61
261.656834,129.088813500000,35.074423333333,508097.035,3881299.986,0.008,-2.236267,route_tangent,61,8.336,2.000,61,508104.014,3881295.427,1.657572,0.000000,0.000000,0.5600,0.000,0.008,TRACKING|w0 d0 L61
261.706740,129.088813500000,35.074423333333,508097.035,3881299.986,0.029,-2.236267,route_tangent,61,8.336,2.000,61,508104.014,3881295.427,1.657572,0.000000,0.000000,0.5600,0.000,0.029,TRACKING|w0 d0 L61
261.756903,129.088813500000,35.074423333333,508097.035,3881299.986,0.029,-2.236267,route_tangent,61,8.336,2.000,61,508104.014,3881295.427,1.657572,0.000000,0.000000,0.5600,0.000,0.029,TRACKING|w0 d0 L61
261.808176,129.088813500000,35.074423333333,508097.035,3881299.986,0.029,-2.236267,route_tangent,61,8.336,2.000,61,508104.014,3881295.427,1.657572,0.000000,0.000000,0.5600,0.000,0.029,TRACKING|w0 d0 L61
261.856744,129.088813500000,35.074423333333,508097.035,3881299.986,0.029,-2.236267,route_tangent,61,8.336,2.000,61,508104.014,3881295.427,1.657572,0.000000,0.000000,0.5600,0.000,0.029,TRACKING|w0 d0 L61
261.907638,129.088813500000,35.074423333333,508097.035,3881299.986,0.029,-2.236267,route_tangent,61,8.336,2.000,61,508104.014,3881295.427,1.657572,0.000000,0.000000,0.5600,0.000,0.029,TRACKING|w0 d0 L61
261.956842,129.088813500000,35.074423333333,508097.035,3881299.986,0.014,-2.236267,route_tangent,61,8.336,2.000,61,508104.014,3881295.427,1.657572,0.000000,0.000000,0.5600,0.000,0.014,TRACKING|w0 d0 L61
262.006801,129.088813500000,35.074423333333,508097.035,3881299.986,0.014,-2.236267,route_tangent,61,8.336,2.000,61,508104.014,3881295.427,1.657572,0.000000,0.000000,0.5600,0.000,0.014,TRACKING|w0 d0 L61
262.056766,129.088813500000,35.074423333333,508097.035,3881299.986,0.014,-2.236267,route_tangent,61,8.336,2.000,61,508104.014,3881295.427,1.657572,0.000000,0.000000,0.5600,0.000,0.014,TRACKING|w0 d0 L61
262.106799,129.088813500000,35.074423333333,508097.035,3881299.986,0.014,-2.236267,route_tangent,61,8.336,2.000,61,508104.014,3881295.427,1.657572,0.000000,0.000000,0.5600,0.000,0.014,TRACKING|w0 d0 L61
262.156716,129.088813500000,35.074423333333,508097.035,3881299.986,0.014,-2.236267,route_tangent,61,8.336,2.000,61,508104.014,3881295.427,1.657572,0.000000,0.000000,0.5600,0.000,0.014,TRACKING|w0 d0 L61
262.206753,129.088813500000,35.074423333333,508097.035,3881299.986,0.011,-2.236267,route_tangent,61,8.336,2.000,61,508104.014,3881295.427,1.657572,0.000000,0.000000,0.5600,0.000,0.011,TRACKING|w0 d0 L61
262.256906,129.088813500000,35.074423333333,508097.035,3881299.986,0.011,-2.236267,route_tangent,61,8.336,2.000,61,508104.014,3881295.427,1.657572,0.000000,0.000000,0.5600,0.000,0.011,TRACKING|w0 d0 L61
262.306697,129.088813500000,35.074423333333,508097.035,3881299.986,0.011,-2.236267,route_tangent,61,8.336,2.000,61,508104.014,3881295.427,1.657572,0.000000,0.000000,0.5600,0.000,0.011,TRACKING|w0 d0 L61
262.356780,129.088813500000,35.074423333333,508097.035,3881299.986,0.011,-2.236267,route_tangent,61,8.336,2.000,61,508104.014,3881295.427,1.657572,0.000000,0.000000,0.5600,0.000,0.011,TRACKING|w0 d0 L61
262.406705,129.088813500000,35.074423333333,508097.035,3881299.986,0.011,-2.236267,route_tangent,61,8.336,2.000,61,508104.014,3881295.427,1.657572,0.000000,0.000000,0.5600,0.000,0.011,TRACKING|w0 d0 L61
262.456795,129.088813500000,35.074423333333,508097.035,3881299.986,0.005,-2.236267,route_tangent,61,8.336,2.000,61,508104.014,3881295.427,1.657572,0.000000,0.000000,0.5600,0.000,0.005,TRACKING|w0 d0 L61
262.506720,129.088813500000,35.074423333333,508097.035,3881299.986,0.005,-2.236267,route_tangent,61,8.336,2.000,61,508104.014,3881295.427,1.657572,0.000000,0.000000,0.5600,0.000,0.005,TRACKING|w0 d0 L61
262.558102,129.088813500000,35.074423333333,508097.035,3881299.986,0.005,-2.236267,route_tangent,61,8.336,2.000,61,508104.014,3881295.427,1.657572,0.000000,0.000000,0.5600,0.000,0.005,TRACKING|w0 d0 L61
262.606787,129.088813500000,35.074423333333,508097.035,3881299.986,0.005,-2.236267,route_tangent,61,8.336,2.000,61,508104.014,3881295.427,1.657572,0.000000,0.000000,0.5600,0.000,0.005,TRACKING|w0 d0 L61
262.656729,129.088813500000,35.074423333333,508097.035,3881299.986,0.005,-2.236267,route_tangent,61,8.336,2.000,61,508104.014,3881295.427,1.657572,0.000000,0.000000,0.5600,0.000,0.005,TRACKING|w0 d0 L61
262.708612,129.088813333333,35.074423500000,508097.020,3881300.005,0.009,-2.236267,route_tangent,61,8.359,2.000,61,508104.014,3881295.427,1.656718,0.000000,0.000000,0.5600,0.000,0.009,TRACKING|w0 d0 L61
262.756746,129.088813333333,35.074423500000,508097.020,3881300.005,0.009,-2.236267,route_tangent,61,8.359,2.000,61,508104.014,3881295.427,1.656718,0.000000,0.000000,0.5600,0.000,0.009,TRACKING|w0 d0 L61
262.806742,129.088813333333,35.074423500000,508097.020,3881300.005,0.009,-2.236267,route_tangent,61,8.359,2.000,61,508104.014,3881295.427,1.656718,0.000000,0.000000,0.5600,0.000,0.009,TRACKING|w0 d0 L61
262.856681,129.088813333333,35.074423500000,508097.020,3881300.005,0.009,-2.236267,route_tangent,61,8.359,2.000,61,508104.014,3881295.427,1.656718,0.000000,0.000000,0.5600,0.000,0.009,TRACKING|w0 d0 L61
262.906744,129.088813333333,35.074423500000,508097.020,3881300.005,0.009,-2.236267,route_tangent,61,8.359,2.000,61,508104.014,3881295.427,1.656718,0.000000,0.000000,0.5600,0.000,0.009,TRACKING|w0 d0 L61
262.956879,129.088813500000,35.074423333333,508097.035,3881299.986,0.012,-2.236267,route_tangent,61,8.336,2.000,61,508104.014,3881295.427,1.657572,0.000000,0.000000,0.5600,0.000,0.012,TRACKING|w0 d0 L61
263.006839,129.088813500000,35.074423333333,508097.035,3881299.986,0.012,-2.236267,route_tangent,61,8.336,2.000,61,508104.014,3881295.427,1.657572,0.000000,0.000000,0.5600,0.000,0.012,TRACKING|w0 d0 L61
263.057009,129.088813500000,35.074423333333,508097.035,3881299.986,0.012,-2.236267,route_tangent,61,8.336,2.000,61,508104.014,3881295.427,1.657572,0.000000,0.000000,0.5600,0.000,0.012,TRACKING|w0 d0 L61
263.106724,129.088813500000,35.074423333333,508097.035,3881299.986,0.012,-2.236267,route_tangent,61,8.336,2.000,61,508104.014,3881295.427,1.657572,0.000000,0.000000,0.5600,0.000,0.012,TRACKING|w0 d0 L61
263.156790,129.088813500000,35.074423333333,508097.035,3881299.986,0.012,-2.236267,route_tangent,61,8.336,2.000,61,508104.014,3881295.427,1.657572,0.000000,0.000000,0.5600,0.000,0.012,TRACKING|w0 d0 L61
263.206713,129.088813500000,35.074423500000,508097.035,3881300.005,0.016,-2.236267,route_tangent,61,8.346,2.000,61,508104.014,3881295.427,1.655719,0.000000,0.000000,0.5600,0.000,0.016,TRACKING|w0 d0 L61
263.256817,129.088813500000,35.074423500000,508097.035,3881300.005,0.016,-2.236267,route_tangent,61,8.346,2.000,61,508104.014,3881295.427,1.655719,0.000000,0.000000,0.5600,0.000,0.016,TRACKING|w0 d0 L61
263.306734,129.088813500000,35.074423500000,508097.035,3881300.005,0.016,-2.236267,route_tangent,61,8.346,2.000,61,508104.014,3881295.427,1.655719,0.000000,0.000000,0.5600,0.000,0.016,TRACKING|w0 d0 L61
263.356871,129.088813500000,35.074423500000,508097.035,3881300.005,0.016,-2.236267,route_tangent,61,8.346,2.000,61,508104.014,3881295.427,1.655719,0.000000,0.000000,0.5600,0.000,0.016,TRACKING|w0 d0 L61
263.406763,129.088813500000,35.074423500000,508097.035,3881300.005,0.016,-2.236267,route_tangent,61,8.346,2.000,61,508104.014,3881295.427,1.655719,0.000000,0.000000,0.5600,0.000,0.016,TRACKING|w0 d0 L61
263.456833,129.088813500000,35.074423333333,508097.035,3881299.986,0.008,-2.236267,route_tangent,61,8.336,2.000,61,508104.014,3881295.427,1.657572,0.000000,0.000000,0.5600,0.000,0.008,TRACKING|w0 d0 L61
263.507910,129.088813500000,35.074423333333,508097.035,3881299.986,0.008,-2.236267,route_tangent,61,8.336,2.000,61,508104.014,3881295.427,1.657572,0.000000,0.000000,0.5600,0.000,0.008,TRACKING|w0 d0 L61
263.556746,129.088813500000,35.074423333333,508097.035,3881299.986,0.008,-2.236267,route_tangent,61,8.336,2.000,61,508104.014,3881295.427,1.657572,0.000000,0.000000,0.5600,0.000,0.008,TRACKING|w0 d0 L61
263.606895,129.088813500000,35.074423333333,508097.035,3881299.986,0.008,-2.236267,route_tangent,61,8.336,2.000,61,508104.014,3881295.427,1.657572,0.000000,0.000000,0.5600,0.000,0.008,TRACKING|w0 d0 L61
263.656744,129.088813500000,35.074423333333,508097.035,3881299.986,0.008,-2.236267,route_tangent,61,8.336,2.000,61,508104.014,3881295.427,1.657572,0.000000,0.000000,0.5600,0.000,0.008,TRACKING|w0 d0 L61
263.706860,129.088813333333,35.074423333333,508097.020,3881299.986,0.003,-2.236267,route_tangent,61,8.348,2.000,61,508104.014,3881295.427,1.658569,0.000000,0.000000,0.5600,0.000,0.003,TRACKING|w0 d0 L61
263.756745,129.088813333333,35.074423333333,508097.020,3881299.986,0.003,-2.236267,route_tangent,61,8.348,2.000,61,508104.014,3881295.427,1.658569,0.000000,0.000000,0.5600,0.000,0.003,TRACKING|w0 d0 L61
263.806817,129.088813333333,35.074423333333,508097.020,3881299.986,0.003,-2.236267,route_tangent,61,8.348,2.000,61,508104.014,3881295.427,1.658569,0.000000,0.000000,0.5600,0.000,0.003,TRACKING|w0 d0 L61
263.856963,129.088813333333,35.074423333333,508097.020,3881299.986,0.003,-2.236267,route_tangent,61,8.348,2.000,61,508104.014,3881295.427,1.658569,0.000000,0.000000,0.5600,0.000,0.003,TRACKING|w0 d0 L61
263.906767,129.088813333333,35.074423333333,508097.020,3881299.986,0.003,-2.236267,route_tangent,61,8.348,2.000,61,508104.014,3881295.427,1.658569,0.000000,0.000000,0.5600,0.000,0.003,TRACKING|w0 d0 L61
263.958887,129.088813333333,35.074423333333,508097.020,3881299.986,0.003,-2.236267,route_tangent,61,8.348,2.000,61,508104.014,3881295.427,1.658569,0.000000,0.000000,0.5600,0.000,0.003,TRACKING|w0 d0 L61
264.007464,129.088813333333,35.074423333333,508097.020,3881299.986,0.003,-2.236267,route_tangent,61,8.348,2.000,61,508104.014,3881295.427,1.658569,0.000000,0.000000,0.5600,0.000,0.003,TRACKING|w0 d0 L61
264.056751,129.088813333333,35.074423333333,508097.020,3881299.986,0.003,-2.236267,route_tangent,61,8.348,2.000,61,508104.014,3881295.427,1.658569,0.000000,0.000000,0.5600,0.000,0.003,TRACKING|w0 d0 L61
264.106715,129.088813333333,35.074423333333,508097.020,3881299.986,0.003,-2.236267,route_tangent,61,8.348,2.000,61,508104.014,3881295.427,1.658569,0.000000,0.000000,0.5600,0.000,0.003,TRACKING|w0 d0 L61
264.157031,129.088813333333,35.074423333333,508097.020,3881299.986,0.003,-2.236267,route_tangent,61,8.348,2.000,61,508104.014,3881295.427,1.658569,0.000000,0.000000,0.5600,0.000,0.003,TRACKING|w0 d0 L61
264.207557,129.088813333333,35.074423333333,508097.020,3881299.986,0.015,-2.236267,route_tangent,61,8.348,2.000,61,508104.014,3881295.427,1.658569,0.000000,0.000000,0.5600,0.000,0.015,TRACKING|w0 d0 L61
264.256914,129.088813333333,35.074423333333,508097.020,3881299.986,0.015,-2.236267,route_tangent,61,8.348,2.000,61,508104.014,3881295.427,1.658569,0.000000,0.000000,0.5600,0.000,0.015,TRACKING|w0 d0 L61
264.306733,129.088813333333,35.074423333333,508097.020,3881299.986,0.015,-2.236267,route_tangent,61,8.348,2.000,61,508104.014,3881295.427,1.658569,0.000000,0.000000,0.5600,0.000,0.015,TRACKING|w0 d0 L61
264.356696,129.088813333333,35.074423333333,508097.020,3881299.986,0.015,-2.236267,route_tangent,61,8.348,2.000,61,508104.014,3881295.427,1.658569,0.000000,0.000000,0.5600,0.000,0.015,TRACKING|w0 d0 L61
264.406892,129.088813333333,35.074423333333,508097.020,3881299.986,0.015,-2.236267,route_tangent,61,8.348,2.000,61,508104.014,3881295.427,1.658569,0.000000,0.000000,0.5600,0.000,0.015,TRACKING|w0 d0 L61
264.456717,129.088813500000,35.074423333333,508097.035,3881299.986,0.007,-2.236267,route_tangent,61,8.336,2.000,61,508104.014,3881295.427,1.657572,0.000000,0.000000,0.5600,0.000,0.007,TRACKING|w0 d0 L61
264.506757,129.088813500000,35.074423333333,508097.035,3881299.986,0.007,-2.236267,route_tangent,61,8.336,2.000,61,508104.014,3881295.427,1.657572,0.000000,0.000000,0.5600,0.000,0.007,TRACKING|w0 d0 L61
264.556914,129.088813500000,35.074423333333,508097.035,3881299.986,0.007,-2.236267,route_tangent,61,8.336,2.000,61,508104.014,3881295.427,1.657572,0.000000,0.000000,0.5600,0.000,0.007,TRACKING|w0 d0 L61
264.607331,129.088813500000,35.074423333333,508097.035,3881299.986,0.007,-2.236267,route_tangent,61,8.336,2.000,61,508104.014,3881295.427,1.657572,0.000000,0.000000,0.5600,0.000,0.007,TRACKING|w0 d0 L61
264.656785,129.088813500000,35.074423333333,508097.035,3881299.986,0.007,-2.236267,route_tangent,61,8.336,2.000,61,508104.014,3881295.427,1.657572,0.000000,0.000000,0.5600,0.000,0.007,TRACKING|w0 d0 L61
264.706808,129.088813500000,35.074423333333,508097.035,3881299.986,0.009,-2.236267,route_tangent,61,8.336,2.000,61,508104.014,3881295.427,1.657572,0.000000,0.000000,0.5600,0.000,0.009,TRACKING|w0 d0 L61
264.758046,129.088813500000,35.074423333333,508097.035,3881299.986,0.009,-2.236267,route_tangent,61,8.336,2.000,61,508104.014,3881295.427,1.657572,0.000000,0.000000,0.5600,0.000,0.009,TRACKING|w0 d0 L61
264.806744,129.088813500000,35.074423333333,508097.035,3881299.986,0.009,-2.236267,route_tangent,61,8.336,2.000,61,508104.014,3881295.427,1.657572,0.000000,0.000000,0.5600,0.000,0.009,TRACKING|w0 d0 L61
264.856722,129.088813500000,35.074423333333,508097.035,3881299.986,0.009,-2.236267,route_tangent,61,8.336,2.000,61,508104.014,3881295.427,1.657572,0.000000,0.000000,0.5600,0.000,0.009,TRACKING|w0 d0 L61
264.906760,129.088813500000,35.074423333333,508097.035,3881299.986,0.009,-2.236267,route_tangent,61,8.336,2.000,61,508104.014,3881295.427,1.657572,0.000000,0.000000,0.5600,0.000,0.009,TRACKING|w0 d0 L61
264.956871,129.088813333333,35.074423333333,508097.020,3881299.986,0.008,-2.236267,route_tangent,61,8.348,2.000,61,508104.014,3881295.427,1.658569,0.000000,0.000000,0.5600,0.000,0.008,TRACKING|w0 d0 L61
265.006771,129.088813333333,35.074423333333,508097.020,3881299.986,0.008,-2.236267,route_tangent,61,8.348,2.000,61,508104.014,3881295.427,1.658569,0.000000,0.000000,0.5600,0.000,0.008,TRACKING|w0 d0 L61
265.056810,129.088813333333,35.074423333333,508097.020,3881299.986,0.008,-2.236267,route_tangent,61,8.348,2.000,61,508104.014,3881295.427,1.658569,0.000000,0.000000,0.5600,0.000,0.008,TRACKING|w0 d0 L61
265.106876,129.088813333333,35.074423333333,508097.020,3881299.986,0.008,-2.236267,route_tangent,61,8.348,2.000,61,508104.014,3881295.427,1.658569,0.000000,0.000000,0.5600,0.000,0.008,TRACKING|w0 d0 L61
265.156719,129.088813333333,35.074423333333,508097.020,3881299.986,0.008,-2.236267,route_tangent,61,8.348,2.000,61,508104.014,3881295.427,1.658569,0.000000,0.000000,0.5600,0.000,0.008,TRACKING|w0 d0 L61
265.206813,129.088813333333,35.074423333333,508097.020,3881299.986,0.008,-2.236267,route_tangent,61,8.348,2.000,61,508104.014,3881295.427,1.658569,0.000000,0.000000,0.5600,0.000,0.008,TRACKING|w0 d0 L61
265.256786,129.088813333333,35.074423333333,508097.020,3881299.986,0.008,-2.236267,route_tangent,61,8.348,2.000,61,508104.014,3881295.427,1.658569,0.000000,0.000000,0.5600,0.000,0.008,TRACKING|w0 d0 L61
265.306756,129.088813333333,35.074423333333,508097.020,3881299.986,0.008,-2.236267,route_tangent,61,8.348,2.000,61,508104.014,3881295.427,1.658569,0.000000,0.000000,0.5600,0.000,0.008,TRACKING|w0 d0 L61
265.356720,129.088813333333,35.074423333333,508097.020,3881299.986,0.008,-2.236267,route_tangent,61,8.348,2.000,61,508104.014,3881295.427,1.658569,0.000000,0.000000,0.5600,0.000,0.008,TRACKING|w0 d0 L61
265.406775,129.088813333333,35.074423333333,508097.020,3881299.986,0.008,-2.236267,route_tangent,61,8.348,2.000,61,508104.014,3881295.427,1.658569,0.000000,0.000000,0.5600,0.000,0.008,TRACKING|w0 d0 L61
265.456869,129.088813333333,35.074423333333,508097.020,3881299.986,0.008,-2.236267,route_tangent,61,8.348,2.000,61,508104.014,3881295.427,1.658569,0.000000,0.000000,0.5600,0.000,0.008,TRACKING|w0 d0 L61
265.506746,129.088813333333,35.074423333333,508097.020,3881299.986,0.008,-2.236267,route_tangent,61,8.348,2.000,61,508104.014,3881295.427,1.658569,0.000000,0.000000,0.5600,0.000,0.008,TRACKING|w0 d0 L61
265.556906,129.088813333333,35.074423333333,508097.020,3881299.986,0.008,-2.236267,route_tangent,61,8.348,2.000,61,508104.014,3881295.427,1.658569,0.000000,0.000000,0.5600,0.000,0.008,TRACKING|w0 d0 L61
265.607276,129.088813333333,35.074423333333,508097.020,3881299.986,0.008,-2.236267,route_tangent,61,8.348,2.000,61,508104.014,3881295.427,1.658569,0.000000,0.000000,0.5600,0.000,0.008,TRACKING|w0 d0 L61
265.658299,129.088813333333,35.074423333333,508097.020,3881299.986,0.008,-2.236267,route_tangent,61,8.348,2.000,61,508104.014,3881295.427,1.658569,0.000000,0.000000,0.5600,0.000,0.008,TRACKING|w0 d0 L61
265.706801,129.088813500000,35.074423333333,508097.035,3881299.986,0.012,-2.236267,route_tangent,61,8.336,2.000,61,508104.014,3881295.427,1.657572,0.000000,0.000000,0.5600,0.000,0.012,TRACKING|w0 d0 L61
265.757131,129.088813500000,35.074423333333,508097.035,3881299.986,0.012,-2.236267,route_tangent,61,8.336,2.000,61,508104.014,3881295.427,1.657572,0.000000,0.000000,0.5600,0.000,0.012,TRACKING|w0 d0 L61
265.807094,129.088813500000,35.074423333333,508097.035,3881299.986,0.012,-2.236267,route_tangent,61,8.336,2.000,61,508104.014,3881295.427,1.657572,0.000000,0.000000,0.5600,0.000,0.012,TRACKING|w0 d0 L61
265.857425,129.088813500000,35.074423333333,508097.035,3881299.986,0.012,-2.236267,route_tangent,61,8.336,2.000,61,508104.014,3881295.427,1.657572,0.000000,0.000000,0.5600,0.000,0.012,TRACKING|w0 d0 L61
265.908422,129.088813500000,35.074423333333,508097.035,3881299.986,0.012,-2.236267,route_tangent,61,8.336,2.000,61,508104.014,3881295.427,1.657572,0.000000,0.000000,0.5600,0.000,0.012,TRACKING|w0 d0 L61
265.956733,129.088813333333,35.074423333333,508097.020,3881299.986,0.014,-2.236267,route_tangent,61,8.348,2.000,61,508104.014,3881295.427,1.658569,0.000000,0.000000,0.5600,0.000,0.014,TRACKING|w0 d0 L61
266.006809,129.088813333333,35.074423333333,508097.020,3881299.986,0.014,-2.236267,route_tangent,61,8.348,2.000,61,508104.014,3881295.427,1.658569,0.000000,0.000000,0.5600,0.000,0.014,TRACKING|w0 d0 L61
266.056725,129.088813333333,35.074423333333,508097.020,3881299.986,0.014,-2.236267,route_tangent,61,8.348,2.000,61,508104.014,3881295.427,1.658569,0.000000,0.000000,0.5600,0.000,0.014,TRACKING|w0 d0 L61
266.106788,129.088813333333,35.074423333333,508097.020,3881299.986,0.014,-2.236267,route_tangent,61,8.348,2.000,61,508104.014,3881295.427,1.658569,0.000000,0.000000,0.5600,0.000,0.014,TRACKING|w0 d0 L61
266.156768,129.088813333333,35.074423333333,508097.020,3881299.986,0.014,-2.236267,route_tangent,61,8.348,2.000,61,508104.014,3881295.427,1.658569,0.000000,0.000000,0.5600,0.000,0.014,TRACKING|w0 d0 L61
266.206877,129.088813500000,35.074423333333,508097.035,3881299.986,0.009,-2.236267,route_tangent,61,8.336,2.000,61,508104.014,3881295.427,1.657572,0.000000,0.000000,0.5600,0.000,0.009,TRACKING|w0 d0 L61
266.256898,129.088813500000,35.074423333333,508097.035,3881299.986,0.009,-2.236267,route_tangent,61,8.336,2.000,61,508104.014,3881295.427,1.657572,0.000000,0.000000,0.5600,0.000,0.009,TRACKING|w0 d0 L61
266.306743,129.088813500000,35.074423333333,508097.035,3881299.986,0.009,-2.236267,route_tangent,61,8.336,2.000,61,508104.014,3881295.427,1.657572,0.000000,0.000000,0.5600,0.000,0.009,TRACKING|w0 d0 L61
266.357858,129.088813500000,35.074423333333,508097.035,3881299.986,0.009,-2.236267,route_tangent,61,8.336,2.000,61,508104.014,3881295.427,1.657572,0.000000,0.000000,0.5600,0.000,0.009,TRACKING|w0 d0 L61
266.406812,129.088813500000,35.074423333333,508097.035,3881299.986,0.009,-2.236267,route_tangent,61,8.336,2.000,61,508104.014,3881295.427,1.657572,0.000000,0.000000,0.5600,0.000,0.009,TRACKING|w0 d0 L61
266.456777,129.088813500000,35.074423333333,508097.035,3881299.986,0.014,-2.236267,route_tangent,61,8.336,2.000,61,508104.014,3881295.427,1.657572,0.000000,0.000000,0.5600,0.000,0.014,TRACKING|w0 d0 L61
266.506731,129.088813500000,35.074423333333,508097.035,3881299.986,0.014,-2.236267,route_tangent,61,8.336,2.000,61,508104.014,3881295.427,1.657572,0.000000,0.000000,0.5600,0.000,0.014,TRACKING|w0 d0 L61
266.556725,129.088813500000,35.074423333333,508097.035,3881299.986,0.014,-2.236267,route_tangent,61,8.336,2.000,61,508104.014,3881295.427,1.657572,0.000000,0.000000,0.5600,0.000,0.014,TRACKING|w0 d0 L61
266.607038,129.088813500000,35.074423333333,508097.035,3881299.986,0.014,-2.236267,route_tangent,61,8.336,2.000,61,508104.014,3881295.427,1.657572,0.000000,0.000000,0.5600,0.000,0.014,TRACKING|w0 d0 L61
266.656860,129.088813500000,35.074423333333,508097.035,3881299.986,0.014,-2.236267,route_tangent,61,8.336,2.000,61,508104.014,3881295.427,1.657572,0.000000,0.000000,0.5600,0.000,0.014,TRACKING|w0 d0 L61
266.708985,129.088813500000,35.074423333333,508097.035,3881299.986,0.012,-2.236267,route_tangent,61,8.336,2.000,61,508104.014,3881295.427,1.657572,0.000000,0.000000,0.5600,0.000,0.012,TRACKING|w0 d0 L61
266.756727,129.088813500000,35.074423333333,508097.035,3881299.986,0.012,-2.236267,route_tangent,61,8.336,2.000,61,508104.014,3881295.427,1.657572,0.000000,0.000000,0.5600,0.000,0.012,TRACKING|w0 d0 L61
266.806963,129.088813500000,35.074423333333,508097.035,3881299.986,0.012,-2.236267,route_tangent,61,8.336,2.000,61,508104.014,3881295.427,1.657572,0.000000,0.000000,0.5600,0.000,0.012,TRACKING|w0 d0 L61
266.856740,129.088813500000,35.074423333333,508097.035,3881299.986,0.012,-2.236267,route_tangent,61,8.336,2.000,61,508104.014,3881295.427,1.657572,0.000000,0.000000,0.5600,0.000,0.012,TRACKING|w0 d0 L61
266.907195,129.088813500000,35.074423333333,508097.035,3881299.986,0.012,-2.236267,route_tangent,61,8.336,2.000,61,508104.014,3881295.427,1.657572,0.000000,0.000000,0.5600,0.000,0.012,TRACKING|w0 d0 L61
266.956771,129.088813333333,35.074423333333,508097.020,3881299.986,0.015,-2.236267,route_tangent,61,8.348,2.000,61,508104.014,3881295.427,1.658569,0.000000,0.000000,0.5600,0.000,0.015,TRACKING|w0 d0 L61
267.006911,129.088813333333,35.074423333333,508097.020,3881299.986,0.015,-2.236267,route_tangent,61,8.348,2.000,61,508104.014,3881295.427,1.658569,0.000000,0.000000,0.5600,0.000,0.015,TRACKING|w0 d0 L61
267.056806,129.088813333333,35.074423333333,508097.020,3881299.986,0.015,-2.236267,route_tangent,61,8.348,2.000,61,508104.014,3881295.427,1.658569,0.000000,0.000000,0.5600,0.000,0.015,TRACKING|w0 d0 L61
267.106852,129.088813333333,35.074423333333,508097.020,3881299.986,0.015,-2.236267,route_tangent,61,8.348,2.000,61,508104.014,3881295.427,1.658569,0.000000,0.000000,0.5600,0.000,0.015,TRACKING|w0 d0 L61
267.157775,129.088813333333,35.074423333333,508097.020,3881299.986,0.015,-2.236267,route_tangent,61,8.348,2.000,61,508104.014,3881295.427,1.658569,0.000000,0.000000,0.5600,0.000,0.015,TRACKING|w0 d0 L61
267.206830,129.088813500000,35.074423333333,508097.035,3881299.986,0.011,-2.236267,route_tangent,61,8.336,2.000,61,508104.014,3881295.427,1.657572,0.000000,0.000000,0.5600,0.000,0.011,TRACKING|w0 d0 L61
267.256703,129.088813500000,35.074423333333,508097.035,3881299.986,0.011,-2.236267,route_tangent,61,8.336,2.000,61,508104.014,3881295.427,1.657572,0.000000,0.000000,0.5600,0.000,0.011,TRACKING|w0 d0 L61
267.306889,129.088813500000,35.074423333333,508097.035,3881299.986,0.011,-2.236267,route_tangent,61,8.336,2.000,61,508104.014,3881295.427,1.657572,0.000000,0.000000,0.5600,0.000,0.011,TRACKING|w0 d0 L61
267.358554,129.088813500000,35.074423333333,508097.035,3881299.986,0.011,-2.236267,route_tangent,61,8.336,2.000,61,508104.014,3881295.427,1.657572,0.000000,0.000000,0.5600,0.000,0.011,TRACKING|w0 d0 L61
267.406882,129.088813500000,35.074423333333,508097.035,3881299.986,0.011,-2.236267,route_tangent,61,8.336,2.000,61,508104.014,3881295.427,1.657572,0.000000,0.000000,0.5600,0.000,0.011,TRACKING|w0 d0 L61
267.456708,129.088813500000,35.074423333333,508097.035,3881299.986,0.024,-2.236267,route_tangent,61,8.336,2.000,61,508104.014,3881295.427,1.657572,0.000000,0.000000,0.5600,0.000,0.024,TRACKING|w0 d0 L61
267.507318,129.088813500000,35.074423333333,508097.035,3881299.986,0.024,-2.236267,route_tangent,61,8.336,2.000,61,508104.014,3881295.427,1.657572,0.000000,0.000000,0.5600,0.000,0.024,TRACKING|w0 d0 L61
267.556733,129.088813500000,35.074423333333,508097.035,3881299.986,0.024,-2.236267,route_tangent,61,8.336,2.000,61,508104.014,3881295.427,1.657572,0.000000,0.000000,0.5600,0.000,0.024,TRACKING|w0 d0 L61
267.606866,129.088813500000,35.074423333333,508097.035,3881299.986,0.024,-2.236267,route_tangent,61,8.336,2.000,61,508104.014,3881295.427,1.657572,0.000000,0.000000,0.5600,0.000,0.024,TRACKING|w0 d0 L61
267.656739,129.088813500000,35.074423333333,508097.035,3881299.986,0.024,-2.236267,route_tangent,61,8.336,2.000,61,508104.014,3881295.427,1.657572,0.000000,0.000000,0.5600,0.000,0.024,TRACKING|w0 d0 L61
267.706752,129.088813500000,35.074423333333,508097.035,3881299.986,0.006,-2.236267,route_tangent,61,8.336,2.000,61,508104.014,3881295.427,1.657572,0.000000,0.000000,0.5600,0.000,0.006,TRACKING|w0 d0 L61
267.756748,129.088813500000,35.074423333333,508097.035,3881299.986,0.006,-2.236267,route_tangent,61,8.336,2.000,61,508104.014,3881295.427,1.657572,0.000000,0.000000,0.5600,0.000,0.006,TRACKING|w0 d0 L61
267.807013,129.088813500000,35.074423333333,508097.035,3881299.986,0.006,-2.236267,route_tangent,61,8.336,2.000,61,508104.014,3881295.427,1.657572,0.000000,0.000000,0.5600,0.000,0.006,TRACKING|w0 d0 L61
267.856871,129.088813500000,35.074423333333,508097.035,3881299.986,0.006,-2.236267,route_tangent,61,8.336,2.000,61,508104.014,3881295.427,1.657572,0.000000,0.000000,0.5600,0.000,0.006,TRACKING|w0 d0 L61
267.906772,129.088813500000,35.074423333333,508097.035,3881299.986,0.006,-2.236267,route_tangent,61,8.336,2.000,61,508104.014,3881295.427,1.657572,0.000000,0.000000,0.5600,0.000,0.006,TRACKING|w0 d0 L61
267.956831,129.088813500000,35.074423333333,508097.035,3881299.986,0.021,-2.236267,route_tangent,61,8.336,2.000,61,508104.014,3881295.427,1.657572,0.000000,0.000000,0.5600,0.000,0.021,TRACKING|w0 d0 L61
268.006831,129.088813500000,35.074423333333,508097.035,3881299.986,0.021,-2.236267,route_tangent,61,8.336,2.000,61,508104.014,3881295.427,1.657572,0.000000,0.000000,0.5600,0.000,0.021,TRACKING|w0 d0 L61
268.056795,129.088813500000,35.074423333333,508097.035,3881299.986,0.021,-2.236267,route_tangent,61,8.336,2.000,61,508104.014,3881295.427,1.657572,0.000000,0.000000,0.5600,0.000,0.021,TRACKING|w0 d0 L61
268.106698,129.088813500000,35.074423333333,508097.035,3881299.986,0.021,-2.236267,route_tangent,61,8.336,2.000,61,508104.014,3881295.427,1.657572,0.000000,0.000000,0.5600,0.000,0.021,TRACKING|w0 d0 L61
268.158117,129.088813500000,35.074423333333,508097.035,3881299.986,0.021,-2.236267,route_tangent,61,8.336,2.000,61,508104.014,3881295.427,1.657572,0.000000,0.000000,0.5600,0.000,0.021,TRACKING|w0 d0 L61
268.207087,129.088813333333,35.074423333333,508097.020,3881299.986,0.021,-2.236267,route_tangent,61,8.348,2.000,61,508104.014,3881295.427,1.658569,0.000000,0.000000,0.5600,0.000,0.021,TRACKING|w0 d0 L61
268.256791,129.088813333333,35.074423333333,508097.020,3881299.986,0.021,-2.236267,route_tangent,61,8.348,2.000,61,508104.014,3881295.427,1.658569,0.000000,0.000000,0.5600,0.000,0.021,TRACKING|w0 d0 L61
268.306893,129.088813333333,35.074423333333,508097.020,3881299.986,0.021,-2.236267,route_tangent,61,8.348,2.000,61,508104.014,3881295.427,1.658569,0.000000,0.000000,0.5600,0.000,0.021,TRACKING|w0 d0 L61
268.356782,129.088813333333,35.074423333333,508097.020,3881299.986,0.021,-2.236267,route_tangent,61,8.348,2.000,61,508104.014,3881295.427,1.658569,0.000000,0.000000,0.5600,0.000,0.021,TRACKING|w0 d0 L61
268.406784,129.088813333333,35.074423333333,508097.020,3881299.986,0.021,-2.236267,route_tangent,61,8.348,2.000,61,508104.014,3881295.427,1.658569,0.000000,0.000000,0.5600,0.000,0.021,TRACKING|w0 d0 L61
268.456728,129.088813500000,35.074423333333,508097.035,3881299.986,0.010,-2.236267,route_tangent,61,8.336,2.000,61,508104.014,3881295.427,1.657572,0.000000,0.000000,0.5600,0.000,0.010,TRACKING|w0 d0 L61
268.506877,129.088813500000,35.074423333333,508097.035,3881299.986,0.010,-2.236267,route_tangent,61,8.336,2.000,61,508104.014,3881295.427,1.657572,0.000000,0.000000,0.5600,0.000,0.010,TRACKING|w0 d0 L61
268.556745,129.088813500000,35.074423333333,508097.035,3881299.986,0.010,-2.236267,route_tangent,61,8.336,2.000,61,508104.014,3881295.427,1.657572,0.000000,0.000000,0.5600,0.000,0.010,TRACKING|w0 d0 L61
268.607006,129.088813500000,35.074423333333,508097.035,3881299.986,0.010,-2.236267,route_tangent,61,8.336,2.000,61,508104.014,3881295.427,1.657572,0.000000,0.000000,0.5600,0.000,0.010,TRACKING|w0 d0 L61
268.656893,129.088813500000,35.074423333333,508097.035,3881299.986,0.010,-2.236267,route_tangent,61,8.336,2.000,61,508104.014,3881295.427,1.657572,0.000000,0.000000,0.5600,0.000,0.010,TRACKING|w0 d0 L61
268.706780,129.088813500000,35.074423333333,508097.035,3881299.986,0.008,-2.236267,route_tangent,61,8.336,2.000,61,508104.014,3881295.427,1.657572,0.000000,0.000000,0.5600,0.019,-0.011,TRACKING|w0 d0 L61
268.756948,129.088813500000,35.074423333333,508097.035,3881299.986,0.008,-2.236267,route_tangent,61,8.336,2.000,61,508104.014,3881295.427,1.657572,0.000000,0.000000,0.5600,0.019,-0.011,TRACKING|w0 d0 L61
268.806775,129.088813500000,35.074423333333,508097.035,3881299.986,0.008,-2.236267,route_tangent,61,8.336,2.000,61,508104.014,3881295.427,1.657572,0.000000,0.000000,0.5600,0.019,-0.011,TRACKING|w0 d0 L61
268.856961,129.088813500000,35.074423333333,508097.035,3881299.986,0.008,-2.236267,route_tangent,61,8.336,2.000,61,508104.014,3881295.427,1.657572,0.000000,0.000000,0.5600,0.019,-0.011,TRACKING|w0 d0 L61
